// Font data for Gelasio.h - see header for provenance and regeneration notes.
#include "Gelasio.h"

const uint8_t Gelasio_Regular9pt8bBitmaps[] PROGMEM = {
  0x00, 0xFF, 0xFA, 0x83, 0xC0, 0xCF, 0x3C, 0xE2, 0x8A, 0x20, 0x19, 0x08,
  0x84, 0x5F, 0xF3, 0x21, 0x10, 0x89, 0xFF, 0xFF, 0xB2, 0x19, 0x08, 0x80,
  0x08, 0x1C, 0x23, 0x61, 0x61, 0x70, 0x38, 0x1E, 0x07, 0x83, 0xC1, 0x43,
  0xBE, 0x08, 0x08, 0x78, 0x48, 0xC8, 0x8D, 0x88, 0xD0, 0xCB, 0x07, 0x20,
  0x04, 0xE0, 0x51, 0x09, 0x10, 0x91, 0x11, 0x13, 0x0F, 0x3E, 0x0C, 0xC1,
  0x98, 0x32, 0x03, 0x9E, 0x61, 0x96, 0x26, 0x64, 0x87, 0x18, 0x63, 0x0E,
  0x3E, 0x70, 0xFE, 0xA0, 0x19, 0x10, 0x8C, 0x63, 0x18, 0xC6, 0x31, 0x84,
  0x30, 0x83, 0xC1, 0x0C, 0x21, 0x0C, 0x63, 0x18, 0xC6, 0x23, 0x11, 0x90,
  0x30, 0x63, 0x7F, 0xE3, 0x8D, 0x92, 0x00, 0x08, 0x04, 0x02, 0x1F, 0xFF,
  0xF8, 0x40, 0x20, 0x10, 0xDD, 0x28, 0xF8, 0xF8, 0x04, 0x20, 0x82, 0x08,
  0x61, 0x04, 0x10, 0xC2, 0x08, 0x21, 0x84, 0x10, 0x43, 0x00, 0x3E, 0x31,
  0x90, 0x58, 0x2C, 0x1E, 0x0F, 0x04, 0x82, 0x63, 0x1F, 0x00, 0x33, 0xC3,
  0x0C, 0x30, 0xC3, 0x0C, 0x33, 0xF0, 0x7C, 0xC6, 0xC6, 0x06, 0x06, 0x0C,
  0x08, 0x10, 0x60, 0xFF, 0x7E, 0xC6, 0xC2, 0x02, 0x06, 0x0C, 0x1C, 0x06,
  0x03, 0xC3, 0xC3, 0x82, 0x7E, 0x06, 0x03, 0x00, 0xC0, 0x60, 0x18, 0x0C,
  0xC2, 0x31, 0x8C, 0x43, 0x3F, 0xF0, 0x30, 0x0C, 0x03, 0x00, 0x7E, 0x40,
  0xC0, 0xC0, 0xC0, 0xFC, 0x86, 0x03, 0x03, 0x03, 0xC6, 0x86, 0xFC, 0x06,
  0x18, 0x30, 0x60, 0x40, 0xDE, 0xE3, 0xC3, 0xC3, 0xC3, 0xC3, 0x42, 0x3E,
  0xFF, 0x82, 0x82, 0x84, 0x04, 0x0C, 0x08, 0x18, 0x10, 0x30, 0x30, 0x20,
  0x60, 0x3E, 0x63, 0x63, 0x63, 0x72, 0x3C, 0x6E, 0xC3, 0xC3, 0xC1, 0x43,
  0x3E, 0x7C, 0xC2, 0xC3, 0xC3, 0xC3, 0xC3, 0xE7, 0x3B, 0x02, 0x06, 0x0C,
  0x18, 0x60, 0xF8, 0x00, 0x3E, 0xF8, 0x00, 0x37, 0x4A, 0x00, 0x01, 0x06,
  0x18, 0x60, 0xC0, 0x30, 0x0C, 0x03, 0x01, 0xFF, 0xFF, 0x00, 0x00, 0x00,
  0xFF, 0xC0, 0x60, 0x18, 0x06, 0x03, 0x0C, 0x30, 0xC0, 0x80, 0x7D, 0x0A,
  0x1C, 0x30, 0x41, 0x86, 0x08, 0x20, 0x40, 0x01, 0x83, 0x00, 0x07, 0xE0,
  0x20, 0x63, 0x00, 0xC8, 0x41, 0x46, 0xE5, 0x31, 0x18, 0xCC, 0x62, 0x31,
  0x88, 0x8A, 0x26, 0x6C, 0xEE, 0x10, 0x00, 0x60, 0x10, 0xC0, 0x80, 0xFC,
  0x00, 0x06, 0x00, 0x60, 0x0B, 0x00, 0xB0, 0x09, 0x01, 0x18, 0x11, 0x83,
  0xF8, 0x20, 0xC2, 0x0C, 0x60, 0x6F, 0x1F, 0xFF, 0x86, 0x18, 0xC3, 0x18,
  0x63, 0x18, 0x7F, 0x0C, 0x31, 0x83, 0x30, 0x66, 0x0C, 0xC3, 0x3F, 0xC0,
  0x3F, 0xB0, 0x70, 0x38, 0x0C, 0x06, 0x03, 0x01, 0x80, 0xC0, 0xE0, 0x58,
  0x27, 0xF0, 0xFF, 0x86, 0x0C, 0x60, 0x66, 0x06, 0x60, 0x66, 0x07, 0x60,
  0x66, 0x06, 0x60, 0x66, 0x04, 0x60, 0xCF, 0xF0, 0xFF, 0x98, 0x66, 0x09,
  0x80, 0x62, 0x1F, 0x86, 0x21, 0x88, 0x60, 0x58, 0x16, 0x0F, 0xFE, 0xFF,
  0x90, 0x48, 0x24, 0x02, 0x21, 0xF0, 0x88, 0x44, 0x20, 0x10, 0x08, 0x1F,
  0x80, 0x3F, 0xCC, 0x19, 0x81, 0x60, 0x0C, 0x01, 0x80, 0x30, 0xFE, 0x06,
  0xC0, 0xCC, 0x19, 0xC3, 0x0F, 0xC0, 0xF8, 0xFB, 0x03, 0x18, 0x18, 0xC0,
  0xC6, 0x06, 0x3F, 0xF1, 0x81, 0x8C, 0x0C, 0x60, 0x63, 0x03, 0x18, 0x19,
  0xF1, 0xF0, 0xF9, 0x08, 0x42, 0x10, 0x84, 0x21, 0x09, 0xF0, 0x0F, 0x83,
  0x01, 0x80, 0xC0, 0x60, 0x30, 0x18, 0x0C, 0x46, 0x63, 0x11, 0x8F, 0x80,
  0xFB, 0xEC, 0x31, 0x8C, 0x31, 0x06, 0x40, 0xD8, 0x1B, 0x83, 0x38, 0x63,
  0x0C, 0x31, 0x87, 0x7C, 0x70, 0xF8, 0x30, 0x18, 0x0C, 0x06, 0x03, 0x01,
  0x80, 0xC0, 0x60, 0xB0, 0x58, 0x7F, 0xF0, 0xF8, 0x3E, 0xB0, 0x71, 0x61,
  0x62, 0x62, 0xC4, 0xC5, 0x89, 0x93, 0x11, 0xA6, 0x23, 0x4C, 0x43, 0x18,
  0x86, 0x31, 0x0C, 0x67, 0x89, 0xF0, 0xF0, 0x79, 0xC1, 0x0F, 0x08, 0x58,
  0x42, 0x62, 0x11, 0x90, 0x8C, 0x84, 0x34, 0x20, 0xE1, 0x03, 0x08, 0x18,
  0xF0, 0x40, 0x3F, 0x8C, 0x19, 0x01, 0xE0, 0x3C, 0x07, 0x80, 0xF0, 0x1E,
  0x03, 0xC0, 0x68, 0x09, 0x83, 0x0F, 0x80, 0xFF, 0x30, 0xD8, 0x6C, 0x36,
  0x1B, 0x09, 0xF8, 0xC0, 0x60, 0x30, 0x18, 0x1F, 0x00, 0x3F, 0x8C, 0x19,
  0x01, 0xE0, 0x3C, 0x07, 0x80, 0xF0, 0x1E, 0x03, 0xC0, 0x68, 0x09, 0x83,
  0x0F, 0x80, 0x60, 0x0C, 0x00, 0xE0, 0x07, 0xFF, 0x0C, 0x31, 0x86, 0x30,
  0xC6, 0x18, 0xC6, 0x1F, 0x83, 0x18, 0x61, 0x8C, 0x31, 0x87, 0x7C, 0x70,
  0x7E, 0x43, 0xC1, 0xE0, 0x70, 0x3C, 0x1E, 0x07, 0x83, 0x83, 0xC3, 0xBE,
  0x7F, 0xD0, 0x8A, 0x10, 0xC2, 0x10, 0x40, 0x08, 0x01, 0x00, 0x20, 0x04,
  0x00, 0x80, 0x10, 0x0F, 0x80, 0xF9, 0xF6, 0x04, 0x60, 0x46, 0x04, 0x60,
  0x46, 0x04, 0x60, 0x46, 0x04, 0x60, 0x46, 0x04, 0x30, 0x81, 0xF0, 0xF8,
  0xF7, 0x06, 0x30, 0x43, 0x04, 0x18, 0x81, 0x88, 0x18, 0x80, 0xD0, 0x0D,
  0x00, 0x50, 0x06, 0x00, 0x60, 0xF8, 0xC7, 0xCC, 0x30, 0x43, 0x0C, 0x30,
  0xC5, 0x88, 0x11, 0x62, 0x06, 0x58, 0x81, 0x93, 0x40, 0x68, 0xD0, 0x0A,
  0x34, 0x03, 0x86, 0x00, 0xC1, 0x80, 0x10, 0x60, 0xF9, 0xF3, 0x08, 0x18,
  0x80, 0xD0, 0x0E, 0x00, 0x60, 0x06, 0x00, 0xB0, 0x09, 0x81, 0x18, 0x20,
  0xCF, 0x3F, 0xF9, 0xEC, 0x10, 0xC2, 0x18, 0x81, 0x90, 0x14, 0x03, 0x80,
  0x20, 0x04, 0x00, 0x80, 0x10, 0x0F, 0x80, 0xFF, 0xC1, 0xA1, 0xD0, 0xC0,
  0xC0, 0xE0, 0x60, 0x60, 0x30, 0xB0, 0x70, 0x7F, 0xF0, 0xFC, 0xCC, 0xCC,
  0xCC, 0xCC, 0xCC, 0xCC, 0xCF, 0xC1, 0x04, 0x10, 0x60, 0x82, 0x08, 0x30,
  0x41, 0x04, 0x10, 0x20, 0x82, 0x08, 0x30, 0xF1, 0x11, 0x11, 0x11, 0x11,
  0x11, 0x11, 0x1F, 0x0C, 0x0A, 0x05, 0x02, 0x42, 0x21, 0x19, 0x84, 0x82,
  0xC0, 0x80, 0xFF, 0xF0, 0xC6, 0x21, 0x38, 0xCC, 0xC4, 0x04, 0x3C, 0xC4,
  0xC4, 0xC4, 0xFF, 0xE0, 0x30, 0x18, 0x0C, 0x06, 0xE3, 0x99, 0x86, 0xC3,
  0x61, 0xB0, 0xD8, 0x6C, 0x27, 0xF0, 0x38, 0xCB, 0x1E, 0x08, 0x10, 0x30,
  0x62, 0x7C, 0x0F, 0x01, 0x80, 0xC0, 0x63, 0xB3, 0x3B, 0x0D, 0x86, 0xC3,
  0x61, 0xB0, 0xD8, 0x67, 0xF8, 0x38, 0x9B, 0x1C, 0x3F, 0xF0, 0x30, 0x61,
  0x7C, 0x08, 0x52, 0x48, 0x23, 0xE2, 0x08, 0x20, 0x82, 0x08, 0x21, 0xE0,
  0x1D, 0x93, 0x58, 0x8C, 0x46, 0x61, 0xE1, 0x00, 0xC0, 0x3F, 0x20, 0xB0,
  0x48, 0x23, 0xE0, 0xE0, 0x08, 0x02, 0x00, 0x80, 0x27, 0x0E, 0x42, 0x18,
  0x86, 0x21, 0x88, 0x62, 0x18, 0x86, 0xFB, 0xC0, 0x31, 0x81, 0xC2, 0x10,
  0x84, 0x21, 0x08, 0xF0, 0x33, 0x0F, 0x33, 0x33, 0x33, 0x33, 0x32, 0xAC,
  0xE0, 0x10, 0x08, 0x04, 0x02, 0x79, 0x18, 0x88, 0x48, 0x2C, 0x1B, 0x09,
  0x84, 0x6F, 0x18, 0xE1, 0x08, 0x42, 0x10, 0x84, 0x21, 0x08, 0x4F, 0x80,
  0xE7, 0x38, 0x53, 0x98, 0xC6, 0x31, 0x8C, 0x63, 0x18, 0xC6, 0x31, 0x8C,
  0x63, 0x18, 0xC6, 0x7B, 0xDE, 0xE7, 0x0E, 0x62, 0x18, 0x86, 0x21, 0x88,
  0x62, 0x18, 0x86, 0x7B, 0xC0, 0x38, 0x46, 0xC2, 0xC3, 0xC3, 0xC3, 0xC3,
  0xC2, 0x7C, 0xEE, 0x39, 0x88, 0x64, 0x32, 0x19, 0x0C, 0x86, 0x43, 0x3F,
  0x10, 0x08, 0x04, 0x0F, 0x80, 0x39, 0x33, 0xB0, 0xD8, 0x6C, 0x36, 0x1B,
  0x0D, 0x86, 0x7F, 0x01, 0x80, 0xC0, 0x60, 0xF8, 0xCD, 0xF6, 0x18, 0x61,
  0x86, 0x18, 0xF0, 0x37, 0x28, 0x78, 0x70, 0xF8, 0xE3, 0xF8, 0x20, 0x8F,
  0xD8, 0x61, 0x86, 0x18, 0x61, 0x83, 0xC0, 0xE7, 0x08, 0x42, 0x10, 0x84,
  0x21, 0x08, 0x43, 0x30, 0xF7, 0xF3, 0xB0, 0x98, 0x86, 0x43, 0x20, 0xA0,
  0x70, 0x30, 0x08, 0x00, 0xF0, 0x3A, 0x10, 0x98, 0xC4, 0x4A, 0x43, 0x5A,
  0x1A, 0xD0, 0x63, 0x03, 0x18, 0x10, 0x80, 0xF7, 0xB1, 0x0C, 0x82, 0x81,
  0x80, 0xE0, 0x98, 0x4C, 0xE7, 0x80, 0xF7, 0xB0, 0x98, 0x84, 0x43, 0x20,
  0xA0, 0x70, 0x38, 0x08, 0x04, 0x02, 0x0A, 0x06, 0x00, 0x7E, 0x8E, 0x34,
  0x61, 0x86, 0x0C, 0xB1, 0xFE, 0x1C, 0xC3, 0x0C, 0x30, 0xC3, 0x30, 0x60,
  0xC3, 0x0C, 0x30, 0xC3, 0x07, 0xFF, 0xFF, 0xE0, 0x82, 0x08, 0x20, 0x83,
  0x07, 0x10, 0xC2, 0x08, 0x20, 0x82, 0x30, 0x71, 0x9E, 0x00, 0xFF, 0xFE,
  0x00, 0x19, 0x04, 0x66, 0x19, 0x8C, 0xC6, 0x1E, 0x18, 0x30, 0x61, 0xE1,
  0x8C, 0xC6, 0x61, 0x98, 0x00, 0x60, 0x01, 0xFF, 0xFC, 0xFF, 0xFE, 0x00,
  0x19, 0x04, 0x66, 0x19, 0x8C, 0xC6, 0x1E, 0x18, 0x30, 0x61, 0xE1, 0x8C,
  0xC6, 0x61, 0x98, 0x00, 0x60, 0x01, 0xFF, 0xFC, 0xFF, 0xFE, 0x00, 0x19,
  0x04, 0x66, 0x19, 0x8C, 0xC6, 0x1E, 0x18, 0x30, 0x61, 0xE1, 0x8C, 0xC6,
  0x61, 0x98, 0x00, 0x60, 0x01, 0xFF, 0xFC, 0xFF, 0xFE, 0x00, 0x19, 0x04,
  0x66, 0x19, 0x8C, 0xC6, 0x1E, 0x18, 0x30, 0x61, 0xE1, 0x8C, 0xC6, 0x61,
  0x98, 0x00, 0x60, 0x01, 0xFF, 0xFC, 0xFF, 0xFE, 0x00, 0x19, 0x04, 0x66,
  0x19, 0x8C, 0xC6, 0x1E, 0x18, 0x30, 0x61, 0xE1, 0x8C, 0xC6, 0x61, 0x98,
  0x00, 0x60, 0x01, 0xFF, 0xFC, 0xFF, 0xFE, 0x00, 0x19, 0x04, 0x66, 0x19,
  0x8C, 0xC6, 0x1E, 0x18, 0x30, 0x61, 0xE1, 0x8C, 0xC6, 0x61, 0x98, 0x00,
  0x60, 0x01, 0xFF, 0xFC, 0xFF, 0xFE, 0x00, 0x19, 0x04, 0x66, 0x19, 0x8C,
  0xC6, 0x1E, 0x18, 0x30, 0x61, 0xE1, 0x8C, 0xC6, 0x61, 0x98, 0x00, 0x60,
  0x01, 0xFF, 0xFC, 0xFF, 0xFE, 0x00, 0x19, 0x04, 0x66, 0x19, 0x8C, 0xC6,
  0x1E, 0x18, 0x30, 0x61, 0xE1, 0x8C, 0xC6, 0x61, 0x98, 0x00, 0x60, 0x01,
  0xFF, 0xFC, 0xFF, 0xFE, 0x00, 0x19, 0x04, 0x66, 0x19, 0x8C, 0xC6, 0x1E,
  0x18, 0x30, 0x61, 0xE1, 0x8C, 0xC6, 0x61, 0x98, 0x00, 0x60, 0x01, 0xFF,
  0xFC, 0xFF, 0xFE, 0x00, 0x19, 0x04, 0x66, 0x19, 0x8C, 0xC6, 0x1E, 0x18,
  0x30, 0x61, 0xE1, 0x8C, 0xC6, 0x61, 0x98, 0x00, 0x60, 0x01, 0xFF, 0xFC,
  0xFF, 0xFE, 0x00, 0x19, 0x04, 0x66, 0x19, 0x8C, 0xC6, 0x1E, 0x18, 0x30,
  0x61, 0xE1, 0x8C, 0xC6, 0x61, 0x98, 0x00, 0x60, 0x01, 0xFF, 0xFC, 0xFF,
  0xFE, 0x00, 0x19, 0x04, 0x66, 0x19, 0x8C, 0xC6, 0x1E, 0x18, 0x30, 0x61,
  0xE1, 0x8C, 0xC6, 0x61, 0x98, 0x00, 0x60, 0x01, 0xFF, 0xFC, 0xFF, 0xFE,
  0x00, 0x19, 0x04, 0x66, 0x19, 0x8C, 0xC6, 0x1E, 0x18, 0x30, 0x61, 0xE1,
  0x8C, 0xC6, 0x61, 0x98, 0x00, 0x60, 0x01, 0xFF, 0xFC, 0xFF, 0xFE, 0x00,
  0x19, 0x04, 0x66, 0x19, 0x8C, 0xC6, 0x1E, 0x18, 0x30, 0x61, 0xE1, 0x8C,
  0xC6, 0x61, 0x98, 0x00, 0x60, 0x01, 0xFF, 0xFC, 0xFF, 0xFE, 0x00, 0x19,
  0x04, 0x66, 0x19, 0x8C, 0xC6, 0x1E, 0x18, 0x30, 0x61, 0xE1, 0x8C, 0xC6,
  0x61, 0x98, 0x00, 0x60, 0x01, 0xFF, 0xFC, 0xFF, 0xFE, 0x00, 0x19, 0x04,
  0x66, 0x19, 0x8C, 0xC6, 0x1E, 0x18, 0x30, 0x61, 0xE1, 0x8C, 0xC6, 0x61,
  0x98, 0x00, 0x60, 0x01, 0xFF, 0xFC, 0xFF, 0xFE, 0x00, 0x19, 0x04, 0x66,
  0x19, 0x8C, 0xC6, 0x1E, 0x18, 0x30, 0x61, 0xE1, 0x8C, 0xC6, 0x61, 0x98,
  0x00, 0x60, 0x01, 0xFF, 0xFC, 0xFF, 0xFE, 0x00, 0x19, 0x04, 0x66, 0x19,
  0x8C, 0xC6, 0x1E, 0x18, 0x30, 0x61, 0xE1, 0x8C, 0xC6, 0x61, 0x98, 0x00,
  0x60, 0x01, 0xFF, 0xFC, 0xFF, 0xFE, 0x00, 0x19, 0x04, 0x66, 0x19, 0x8C,
  0xC6, 0x1E, 0x18, 0x30, 0x61, 0xE1, 0x8C, 0xC6, 0x61, 0x98, 0x00, 0x60,
  0x01, 0xFF, 0xFC, 0xFF, 0xFE, 0x00, 0x19, 0x04, 0x66, 0x19, 0x8C, 0xC6,
  0x1E, 0x18, 0x30, 0x61, 0xE1, 0x8C, 0xC6, 0x61, 0x98, 0x00, 0x60, 0x01,
  0xFF, 0xFC, 0xFF, 0xFE, 0x00, 0x19, 0x04, 0x66, 0x19, 0x8C, 0xC6, 0x1E,
  0x18, 0x30, 0x61, 0xE1, 0x8C, 0xC6, 0x61, 0x98, 0x00, 0x60, 0x01, 0xFF,
  0xFC, 0xFF, 0xFE, 0x00, 0x19, 0x04, 0x66, 0x19, 0x8C, 0xC6, 0x1E, 0x18,
  0x30, 0x61, 0xE1, 0x8C, 0xC6, 0x61, 0x98, 0x00, 0x60, 0x01, 0xFF, 0xFC,
  0xFF, 0xFE, 0x00, 0x19, 0x04, 0x66, 0x19, 0x8C, 0xC6, 0x1E, 0x18, 0x30,
  0x61, 0xE1, 0x8C, 0xC6, 0x61, 0x98, 0x00, 0x60, 0x01, 0xFF, 0xFC, 0xFF,
  0xFE, 0x00, 0x19, 0x04, 0x66, 0x19, 0x8C, 0xC6, 0x1E, 0x18, 0x30, 0x61,
  0xE1, 0x8C, 0xC6, 0x61, 0x98, 0x00, 0x60, 0x01, 0xFF, 0xFC, 0xFF, 0xFE,
  0x00, 0x19, 0x04, 0x66, 0x19, 0x8C, 0xC6, 0x1E, 0x18, 0x30, 0x61, 0xE1,
  0x8C, 0xC6, 0x61, 0x98, 0x00, 0x60, 0x01, 0xFF, 0xFC, 0xFF, 0xFE, 0x00,
  0x19, 0x04, 0x66, 0x19, 0x8C, 0xC6, 0x1E, 0x18, 0x30, 0x61, 0xE1, 0x8C,
  0xC6, 0x61, 0x98, 0x00, 0x60, 0x01, 0xFF, 0xFC, 0xFF, 0xFE, 0x00, 0x19,
  0x04, 0x66, 0x19, 0x8C, 0xC6, 0x1E, 0x18, 0x30, 0x61, 0xE1, 0x8C, 0xC6,
  0x61, 0x98, 0x00, 0x60, 0x01, 0xFF, 0xFC, 0xFF, 0xFE, 0x00, 0x19, 0x04,
  0x66, 0x19, 0x8C, 0xC6, 0x1E, 0x18, 0x30, 0x61, 0xE1, 0x8C, 0xC6, 0x61,
  0x98, 0x00, 0x60, 0x01, 0xFF, 0xFC, 0xFF, 0xFE, 0x00, 0x19, 0x04, 0x66,
  0x19, 0x8C, 0xC6, 0x1E, 0x18, 0x30, 0x61, 0xE1, 0x8C, 0xC6, 0x61, 0x98,
  0x00, 0x60, 0x01, 0xFF, 0xFC, 0xFF, 0xFE, 0x00, 0x19, 0x04, 0x66, 0x19,
  0x8C, 0xC6, 0x1E, 0x18, 0x30, 0x61, 0xE1, 0x8C, 0xC6, 0x61, 0x98, 0x00,
  0x60, 0x01, 0xFF, 0xFC, 0xFF, 0xFE, 0x00, 0x19, 0x04, 0x66, 0x19, 0x8C,
  0xC6, 0x1E, 0x18, 0x30, 0x61, 0xE1, 0x8C, 0xC6, 0x61, 0x98, 0x00, 0x60,
  0x01, 0xFF, 0xFC, 0xFF, 0xFE, 0x00, 0x19, 0x04, 0x66, 0x19, 0x8C, 0xC6,
  0x1E, 0x18, 0x30, 0x61, 0xE1, 0x8C, 0xC6, 0x61, 0x98, 0x00, 0x60, 0x01,
  0xFF, 0xFC, 0x00, 0xF2, 0xAA, 0xFF, 0xC0, 0x10, 0x20, 0x73, 0x34, 0x38,
  0x30, 0x60, 0xC0, 0xC4, 0xF0, 0x81, 0x00, 0x0F, 0x86, 0x31, 0x88, 0x60,
  0x18, 0x1F, 0x81, 0x80, 0x40, 0x10, 0xC4, 0x17, 0x0F, 0x3E, 0x81, 0xFF,
  0x66, 0x42, 0x42, 0x66, 0x7F, 0xC3, 0xF1, 0xE4, 0x10, 0xC2, 0x0C, 0x80,
  0xA0, 0x0C, 0x1F, 0xF0, 0x20, 0x7F, 0xC0, 0x80, 0x10, 0x0F, 0x80, 0xFC,
  0x3F, 0x3C, 0x89, 0x03, 0x07, 0x1B, 0x33, 0x63, 0xE6, 0xEC, 0xF0, 0xE0,
  0xC8, 0x9B, 0x1C, 0x9C, 0xC0, 0x0F, 0xC0, 0x20, 0x60, 0x80, 0x22, 0x08,
  0x28, 0x6C, 0x51, 0x8C, 0x62, 0x00, 0xC4, 0x01, 0x88, 0x03, 0x10, 0x46,
  0x31, 0x8A, 0x3E, 0x24, 0x00, 0x86, 0x02, 0x03, 0xF8, 0x00, 0x7C, 0x98,
  0x73, 0x6C, 0xC9, 0x8D, 0x80, 0x11, 0x31, 0x62, 0xCE, 0xCC, 0x66, 0x23,
  0x11, 0xFF, 0x03, 0x03, 0x03, 0xFF, 0xFE, 0x00, 0x19, 0x04, 0x66, 0x19,
  0x8C, 0xC6, 0x1E, 0x18, 0x30, 0x61, 0xE1, 0x8C, 0xC6, 0x61, 0x98, 0x00,
  0x60, 0x01, 0xFF, 0xFC, 0x0F, 0xC0, 0x20, 0x60, 0x80, 0x22, 0x58, 0x28,
  0x4C, 0x50, 0x88, 0x61, 0x10, 0xC3, 0xC1, 0x84, 0x83, 0x08, 0x86, 0x11,
  0x0A, 0x73, 0xA4, 0x00, 0x86, 0x02, 0x03, 0xF8, 0x00, 0xF8, 0xFA, 0x38,
  0xE2, 0x78, 0x10, 0x10, 0x10, 0x10, 0xFF, 0x10, 0x10, 0x10, 0xFE, 0x7D,
  0x88, 0x10, 0x60, 0x82, 0x08, 0xFE, 0x7D, 0x98, 0x31, 0xC0, 0xC8, 0xF1,
  0x3E, 0x13, 0x6C, 0xC2, 0x61, 0x30, 0x98, 0x4C, 0x26, 0x13, 0x19, 0xF7,
  0xC0, 0x60, 0x30, 0x18, 0x00, 0x3F, 0x39, 0x3C, 0x9E, 0x4F, 0x23, 0x90,
  0xC8, 0x24, 0x12, 0x09, 0x04, 0x82, 0x41, 0x23, 0x9C, 0xF8, 0x27, 0x1F,
  0x31, 0xA0, 0x40, 0x81, 0x02, 0x04, 0x3F, 0x7D, 0x8B, 0x1E, 0x3C, 0x68,
  0x8E, 0x00, 0x88, 0xC4, 0x66, 0x33, 0x33, 0x63, 0x46, 0x88, 0x30, 0x20,
  0xD0, 0x40, 0x10, 0x40, 0x10, 0xC0, 0x10, 0x98, 0x11, 0x98, 0x11, 0x30,
  0x7F, 0x26, 0x02, 0x66, 0x02, 0x7F, 0x04, 0x06, 0x0C, 0x06, 0x30, 0x20,
  0x68, 0x20, 0x04, 0x10, 0x02, 0x19, 0x81, 0x09, 0x30, 0x8D, 0x88, 0x44,
  0x04, 0xFE, 0x06, 0x02, 0x02, 0x01, 0x02, 0x01, 0x02, 0x21, 0x87, 0xE0,
  0x7C, 0x10, 0x66, 0x10, 0x03, 0x08, 0x07, 0x0C, 0x00, 0xC4, 0xC2, 0x36,
  0x63, 0x12, 0x60, 0xFB, 0x26, 0x01, 0x33, 0x00, 0x9F, 0xC0, 0x80, 0xC0,
  0xC0, 0x60, 0x38, 0x20, 0x00, 0x81, 0x06, 0x18, 0x20, 0xC1, 0x0F, 0x1E,
  0x27, 0x80, 0x18, 0x00, 0xC0, 0x02, 0x00, 0x20, 0x00, 0x00, 0x60, 0x06,
  0x00, 0xB0, 0x0B, 0x00, 0x90, 0x11, 0x81, 0x18, 0x3F, 0x82, 0x0C, 0x20,
  0xC6, 0x06, 0xF1, 0xF0, 0x01, 0x80, 0x30, 0x04, 0x00, 0x40, 0x00, 0x00,
  0x60, 0x06, 0x00, 0xB0, 0x0B, 0x00, 0x90, 0x11, 0x81, 0x18, 0x3F, 0x82,
  0x0C, 0x20, 0xC6, 0x06, 0xF1, 0xF0, 0x06, 0x00, 0xF0, 0x09, 0x01, 0x08,
  0x00, 0x00, 0x60, 0x06, 0x00, 0xB0, 0x0B, 0x00, 0x90, 0x11, 0x81, 0x18,
  0x3F, 0x82, 0x0C, 0x20, 0xC6, 0x06, 0xF1, 0xF0, 0x0C, 0x81, 0x78, 0x00,
  0x00, 0x00, 0x06, 0x00, 0x60, 0x0B, 0x00, 0xB0, 0x09, 0x01, 0x18, 0x11,
  0x83, 0xF8, 0x20, 0xC2, 0x0C, 0x60, 0x6F, 0x1F, 0x19, 0x81, 0x98, 0x00,
  0x00, 0x00, 0x06, 0x00, 0x60, 0x0B, 0x00, 0xB0, 0x09, 0x01, 0x18, 0x11,
  0x83, 0xF8, 0x20, 0xC2, 0x0C, 0x60, 0x6F, 0x1F, 0x0F, 0x00, 0x90, 0x09,
  0x00, 0xF0, 0x06, 0x00, 0x60, 0x0B, 0x00, 0xB0, 0x09, 0x01, 0x18, 0x11,
  0x83, 0xF8, 0x20, 0xC2, 0x0C, 0x60, 0x6F, 0x1F, 0x07, 0xFF, 0x01, 0x60,
  0x80, 0xB0, 0x40, 0x98, 0x00, 0x4C, 0x40, 0x7F, 0xE0, 0x23, 0x10, 0x31,
  0x88, 0x10, 0xC0, 0x98, 0x60, 0x48, 0x30, 0x7F, 0x3F, 0xF0, 0x3F, 0xB0,
  0x70, 0x38, 0x0C, 0x06, 0x03, 0x01, 0x80, 0xC0, 0xE0, 0x58, 0x27, 0xF0,
  0x40, 0x70, 0x08, 0x3C, 0x30, 0x06, 0x00, 0x40, 0x10, 0x00, 0x3F, 0xE6,
  0x19, 0x82, 0x60, 0x18, 0x87, 0xE1, 0x88, 0x62, 0x18, 0x16, 0x05, 0x83,
  0xFF, 0x80, 0x03, 0x01, 0x80, 0x80, 0x20, 0x00, 0x3F, 0xE6, 0x19, 0x82,
  0x60, 0x18, 0x87, 0xE1, 0x88, 0x62, 0x18, 0x16, 0x05, 0x83, 0xFF, 0x80,
  0x0C, 0x07, 0x81, 0x20, 0x84, 0x00, 0x3F, 0xE6, 0x19, 0x82, 0x60, 0x18,
  0x87, 0xE1, 0x88, 0x62, 0x18, 0x16, 0x05, 0x83, 0xFF, 0x80, 0x33, 0x0C,
  0xC0, 0x00, 0x00, 0xFF, 0x98, 0x66, 0x09, 0x80, 0x62, 0x1F, 0x86, 0x21,
  0x88, 0x60, 0x58, 0x16, 0x0F, 0xFE, 0xC3, 0x04, 0x20, 0x7C, 0x84, 0x21,
  0x08, 0x42, 0x10, 0x84, 0xF8, 0x19, 0x90, 0x80, 0x7C, 0x84, 0x21, 0x08,
  0x42, 0x10, 0x84, 0xF8, 0x31, 0xE4, 0xA1, 0x01, 0xF1, 0x04, 0x10, 0x41,
  0x04, 0x10, 0x41, 0x04, 0x7C, 0xCF, 0x30, 0x00, 0x7C, 0x41, 0x04, 0x10,
  0x41, 0x04, 0x10, 0x41, 0x1F, 0xFF, 0x86, 0x0C, 0x60, 0x66, 0x06, 0x60,
  0x6F, 0xC7, 0x60, 0x66, 0x06, 0x60, 0x66, 0x04, 0x60, 0xCF, 0xF0, 0x06,
  0x40, 0x5E, 0x00, 0x00, 0x00, 0x0F, 0x07, 0x9C, 0x10, 0xF0, 0x85, 0x84,
  0x26, 0x21, 0x19, 0x08, 0xC8, 0x43, 0x42, 0x0E, 0x10, 0x30, 0x81, 0x8F,
  0x04, 0x18, 0x01, 0x80, 0x08, 0x01, 0x00, 0x40, 0x77, 0x18, 0x32, 0x03,
  0xC0, 0x78, 0x0F, 0x01, 0xE0, 0x3C, 0x07, 0x80, 0xD0, 0x13, 0x06, 0x1F,
  0x00, 0x03, 0x00, 0xC0, 0x20, 0x04, 0x00, 0x40, 0x77, 0x18, 0x32, 0x03,
  0xC0, 0x78, 0x0F, 0x01, 0xE0, 0x3C, 0x07, 0x80, 0xD0, 0x13, 0x06, 0x1F,
  0x00, 0x0C, 0x03, 0xC0, 0x48, 0x10, 0x80, 0x40, 0x77, 0x18, 0x32, 0x03,
  0xC0, 0x78, 0x0F, 0x01, 0xE0, 0x3C, 0x07, 0x80, 0xD0, 0x13, 0x06, 0x1F,
  0x00, 0x19, 0x05, 0xE0, 0x00, 0x02, 0x03, 0xB8, 0xC1, 0x90, 0x1E, 0x03,
  0xC0, 0x78, 0x0F, 0x01, 0xE0, 0x3C, 0x06, 0x80, 0x98, 0x30, 0xF8, 0x33,
  0x06, 0x60, 0x00, 0x02, 0x03, 0xB8, 0xC1, 0x90, 0x1E, 0x03, 0xC0, 0x78,
  0x0F, 0x01, 0xE0, 0x3C, 0x06, 0x80, 0x98, 0x30, 0xF8, 0x83, 0xC6, 0x6C,
  0x38, 0x38, 0x6C, 0xC6, 0x83, 0x00, 0x40, 0x90, 0xEE, 0x30, 0xE4, 0x17,
  0x84, 0xF0, 0x9E, 0x23, 0xC4, 0x79, 0x0F, 0x21, 0xA8, 0x27, 0x0C, 0x7E,
  0x08, 0x00, 0x18, 0x00, 0xC0, 0x02, 0x00, 0x20, 0x00, 0x0F, 0x9F, 0x60,
  0x46, 0x04, 0x60, 0x46, 0x04, 0x60, 0x46, 0x04, 0x60, 0x46, 0x04, 0x60,
  0x43, 0x08, 0x1F, 0x00, 0x01, 0x80, 0x30, 0x04, 0x00, 0x40, 0x00, 0x0F,
  0x9F, 0x60, 0x46, 0x04, 0x60, 0x46, 0x04, 0x60, 0x46, 0x04, 0x60, 0x46,
  0x04, 0x60, 0x43, 0x08, 0x1F, 0x00, 0x06, 0x00, 0xF0, 0x09, 0x01, 0x08,
  0x00, 0x0F, 0x9F, 0x60, 0x46, 0x04, 0x60, 0x46, 0x04, 0x60, 0x46, 0x04,
  0x60, 0x46, 0x04, 0x60, 0x43, 0x08, 0x1F, 0x00, 0x19, 0x81, 0x98, 0x00,
  0x00, 0x00, 0xF9, 0xF6, 0x04, 0x60, 0x46, 0x04, 0x60, 0x46, 0x04, 0x60,
  0x46, 0x04, 0x60, 0x46, 0x04, 0x30, 0x81, 0xF0, 0x01, 0x80, 0x60, 0x10,
  0x02, 0x00, 0x01, 0xF3, 0xD8, 0x21, 0x84, 0x31, 0x03, 0x20, 0x28, 0x07,
  0x00, 0x40, 0x08, 0x01, 0x00, 0x20, 0x1F, 0x00, 0xF8, 0x30, 0x1F, 0xCC,
  0x36, 0x1B, 0x0D, 0x86, 0xC3, 0x7F, 0x30, 0x18, 0x1F, 0x00, 0x1F, 0x11,
  0x98, 0xCC, 0x46, 0x43, 0x61, 0x98, 0xC6, 0x61, 0xB0, 0xD8, 0x6D, 0x3E,
  0xF0, 0x60, 0x60, 0x10, 0x08, 0x38, 0xCC, 0xC4, 0x04, 0x3C, 0xC4, 0xC4,
  0xC4, 0xFF, 0x04, 0x0C, 0x18, 0x30, 0x00, 0x38, 0xCC, 0xC4, 0x04, 0x3C,
  0xC4, 0xC4, 0xC4, 0xFF, 0x38, 0x28, 0x44, 0x00, 0x38, 0xCC, 0xC4, 0x04,
  0x3C, 0xC4, 0xC4, 0xC4, 0xFF, 0x64, 0xB8, 0x00, 0x38, 0xCC, 0xC4, 0x04,
  0x3C, 0xC4, 0xC4, 0xC4, 0xFF, 0xCC, 0xCC, 0x00, 0x38, 0xCC, 0xC4, 0x04,
  0x3C, 0xC4, 0xC4, 0xC4, 0xFF, 0x78, 0x48, 0x48, 0x78, 0x00, 0x38, 0xCC,
  0xC4, 0x04, 0x3C, 0xC4, 0xC4, 0xC4, 0xFF, 0x39, 0x99, 0xCE, 0x31, 0x86,
  0x33, 0xFF, 0x98, 0x33, 0x06, 0x71, 0xFB, 0xC0, 0x38, 0xCB, 0x1E, 0x08,
  0x10, 0x30, 0x62, 0x7C, 0x20, 0xE0, 0x47, 0x80, 0x60, 0xC0, 0x40, 0x43,
  0x89, 0xB1, 0xC3, 0xFF, 0x03, 0x06, 0x17, 0xC0, 0x04, 0x18, 0x61, 0x80,
  0x07, 0x13, 0x63, 0x87, 0xFE, 0x06, 0x0C, 0x2F, 0x80, 0x38, 0x51, 0x10,
  0x03, 0x89, 0xB1, 0xC3, 0xFF, 0x03, 0x06, 0x17, 0xC0, 0xCD, 0x98, 0x01,
  0xC4, 0xD8, 0xE1, 0xFF, 0x81, 0x83, 0x0B, 0xE0, 0xC6, 0x08, 0x2E, 0x10,
  0x84, 0x21, 0x08, 0x47, 0x80, 0x08, 0xCC, 0xC0, 0x70, 0x84, 0x21, 0x08,
  0x42, 0x3C, 0x72, 0xA2, 0x0E, 0x10, 0x84, 0x21, 0x08, 0x47, 0x80, 0xCF,
  0x30, 0x38, 0x20, 0x82, 0x08, 0x20, 0x82, 0x1E, 0x44, 0x38, 0x38, 0x4C,
  0x06, 0x06, 0x7E, 0xC3, 0xC3, 0x83, 0x82, 0xC2, 0xC6, 0x7C, 0x19, 0x0B,
  0x80, 0x03, 0x9C, 0x39, 0x88, 0x62, 0x18, 0x86, 0x21, 0x88, 0x62, 0x19,
  0xEF, 0x60, 0x60, 0x10, 0x08, 0x38, 0x46, 0xC2, 0xC3, 0xC3, 0xC3, 0xC3,
  0xC2, 0x7C, 0x04, 0x0C, 0x18, 0x30, 0x00, 0x38, 0x46, 0xC2, 0xC3, 0xC3,
  0xC3, 0xC3, 0xC2, 0x7C, 0x38, 0x28, 0x44, 0x00, 0x38, 0x46, 0xC2, 0xC3,
  0xC3, 0xC3, 0xC3, 0xC2, 0x7C, 0x32, 0x5C, 0x00, 0x38, 0x46, 0xC2, 0xC3,
  0xC3, 0xC3, 0xC3, 0xC2, 0x7C, 0x66, 0x66, 0x00, 0x38, 0x46, 0xC2, 0xC3,
  0xC3, 0xC3, 0xC3, 0xC2, 0x7C, 0x18, 0x18, 0x00, 0x00, 0xFF, 0x00, 0x08,
  0x18, 0x18, 0x02, 0x3C, 0x46, 0xCA, 0xCB, 0xD3, 0xD3, 0xE3, 0xE2, 0x7C,
  0x40, 0x18, 0x06, 0x00, 0x40, 0x08, 0xC6, 0x08, 0x42, 0x10, 0x84, 0x21,
  0x08, 0x42, 0x10, 0xCC, 0x3D, 0xC0, 0x02, 0x01, 0x80, 0xC0, 0x60, 0x00,
  0x31, 0x82, 0x10, 0x84, 0x21, 0x08, 0x42, 0x10, 0x84, 0x33, 0x0F, 0x70,
  0x1C, 0x05, 0x02, 0x20, 0x00, 0xC6, 0x08, 0x42, 0x10, 0x84, 0x21, 0x08,
  0x42, 0x10, 0xCC, 0x3D, 0xC0, 0x33, 0x0C, 0xC0, 0x03, 0x18, 0x21, 0x08,
  0x42, 0x10, 0x84, 0x21, 0x08, 0x43, 0x30, 0xF7, 0x02, 0x03, 0x03, 0x03,
  0x00, 0x07, 0xBD, 0x84, 0xC4, 0x22, 0x19, 0x05, 0x03, 0x81, 0xC0, 0x40,
  0x20, 0x10, 0x50, 0x30, 0x00, 0xE0, 0x30, 0x18, 0x0C, 0x06, 0xE3, 0x99,
  0x86, 0xC3, 0x61, 0xB0, 0xD8, 0x6C, 0x27, 0xF3, 0x01, 0x80, 0xC0, 0xF8,
  0x00, 0x66, 0x33, 0x00, 0x1E, 0xF6, 0x13, 0x10, 0x88, 0x64, 0x14, 0x0E,
  0x07, 0x01, 0x00, 0x80, 0x41, 0x40, 0xC0 };

const GFXglyph Gelasio_Regular9pt8bGlyphs[] PROGMEM = {
  {     0,   1,   1,   4,    0,    0 },   // 0x20 ' '
  {     1,   2,  13,   6,    2,  -12 },   // 0x21 '!'
  {     5,   6,   6,   7,    1,  -13 },   // 0x22 '"'
  {    10,   9,  12,  11,    1,  -11 },   // 0x23 '#'
  {    24,   8,  15,  11,    1,  -12 },   // 0x24 '$'
  {    39,  12,  12,  14,    1,  -11 },   // 0x25 '%'
  {    57,  11,  12,  13,    1,  -11 },   // 0x26 '&'
  {    74,   2,   6,   4,    1,  -13 },   // 0x27 '''
  {    76,   5,  16,   7,    1,  -12 },   // 0x28 '('
  {    86,   5,  16,   7,    1,  -12 },   // 0x29 ')'
  {    96,   7,   7,   8,    1,  -12 },   // 0x2A '*'
  {   103,   9,   8,  11,    1,   -8 },   // 0x2B '+'
  {   112,   3,   5,   5,    1,   -1 },   // 0x2C ','
  {   114,   5,   1,   7,    1,   -4 },   // 0x2D '-'
  {   115,   3,   2,   5,    1,   -1 },   // 0x2E '.'
  {   116,   6,  18,   8,    1,  -13 },   // 0x2F '/'
  {   130,   9,  10,  11,    1,   -9 },   // 0x30 '0'
  {   142,   6,  10,   8,    1,   -9 },   // 0x31 '1'
  {   150,   8,  10,  10,    1,   -9 },   // 0x32 '2'
  {   160,   8,  13,  10,    1,   -9 },   // 0x33 '3'
  {   173,  10,  13,  10,    0,   -9 },   // 0x34 '4'
  {   190,   8,  13,   9,    1,   -9 },   // 0x35 '5'
  {   203,   8,  13,  10,    1,  -12 },   // 0x36 '6'
  {   216,   8,  13,   9,    1,   -9 },   // 0x37 '7'
  {   229,   8,  12,  11,    1,  -11 },   // 0x38 '8'
  {   241,   8,  13,  10,    1,   -9 },   // 0x39 '9'
  {   254,   3,   8,   6,    2,   -7 },   // 0x3A ':'
  {   257,   3,  11,   6,    1,   -7 },   // 0x3B ';'
  {   262,   8,   9,  11,    1,   -8 },   // 0x3C '<'
  {   271,   8,   6,  11,    2,   -7 },   // 0x3D '='
  {   277,   8,   9,  11,    2,   -8 },   // 0x3E '>'
  {   286,   7,  13,   8,    1,  -12 },   // 0x3F '?'
  {   298,  14,  15,  16,    1,  -11 },   // 0x40 '@'
  {   325,  12,  12,  12,    0,  -11 },   // 0x41 'A'
  {   343,  11,  12,  12,    0,  -11 },   // 0x42 'B'
  {   360,   9,  12,  11,    1,  -11 },   // 0x43 'C'
  {   374,  12,  12,  13,    1,  -11 },   // 0x44 'D'
  {   392,  10,  12,  12,    1,  -11 },   // 0x45 'E'
  {   407,   9,  12,  11,    1,  -11 },   // 0x46 'F'
  {   421,  11,  12,  13,    1,  -11 },   // 0x47 'G'
  {   438,  13,  12,  14,    1,  -11 },   // 0x48 'H'
  {   458,   5,  12,   7,    1,  -11 },   // 0x49 'I'
  {   466,   9,  12,   9,    0,  -11 },   // 0x4A 'J'
  {   480,  11,  12,  12,    1,  -11 },   // 0x4B 'K'
  {   497,   9,  12,  11,    1,  -11 },   // 0x4C 'L'
  {   511,  15,  12,  16,    1,  -11 },   // 0x4D 'M'
  {   534,  13,  12,  14,    0,  -11 },   // 0x4E 'N'
  {   554,  11,  12,  13,    1,  -11 },   // 0x4F 'O'
  {   571,   9,  12,  11,    1,  -11 },   // 0x50 'P'
  {   585,  11,  16,  13,    1,  -11 },   // 0x51 'Q'
  {   607,  11,  12,  12,    1,  -11 },   // 0x52 'R'
  {   624,   8,  12,  10,    1,  -11 },   // 0x53 'S'
  {   636,  11,  12,  11,    0,  -11 },   // 0x54 'T'
  {   653,  12,  12,  13,    1,  -11 },   // 0x55 'U'
  {   671,  12,  12,  12,    0,  -11 },   // 0x56 'V'
  {   689,  18,  12,  17,    0,  -11 },   // 0x57 'W'
  {   716,  12,  12,  13,    0,  -11 },   // 0x58 'X'
  {   734,  11,  12,  11,    0,  -11 },   // 0x59 'Y'
  {   751,   9,  12,  11,    1,  -11 },   // 0x5A 'Z'
  {   765,   4,  16,   7,    1,  -12 },   // 0x5B '['
  {   773,   6,  18,   8,    0,  -12 },   // 0x5C '\'
  {   787,   4,  16,   7,    1,  -12 },   // 0x5D ']'
  {   795,   9,   9,  11,    1,  -11 },   // 0x5E '^'
  {   806,  12,   1,  11,    0,    3 },   // 0x5F '_'
  {   808,   4,   4,   9,    3,  -12 },   // 0x60 '`'
  {   810,   8,   9,   9,    1,   -8 },   // 0x61 'a'
  {   819,   9,  13,  10,    0,  -12 },   // 0x62 'b'
  {   834,   7,   9,   8,    1,   -8 },   // 0x63 'c'
  {   842,   9,  13,  10,    1,  -12 },   // 0x64 'd'
  {   857,   7,   9,   9,    1,   -8 },   // 0x65 'e'
  {   865,   6,  14,   6,    0,  -13 },   // 0x66 'f'
  {   876,   9,  13,   9,    0,   -8 },   // 0x67 'g'
  {   891,  10,  13,  10,    0,  -12 },   // 0x68 'h'
  {   908,   5,  12,   5,    0,  -11 },   // 0x69 'i'
  {   916,   4,  16,   5,    0,  -11 },   // 0x6A 'j'
  {   924,   9,  13,   9,    0,  -12 },   // 0x6B 'k'
  {   939,   5,  13,   5,    0,  -12 },   // 0x6C 'l'
  {   948,  15,   9,  16,    0,   -8 },   // 0x6D 'm'
  {   965,  10,   9,  10,    0,   -8 },   // 0x6E 'n'
  {   977,   8,   9,  10,    1,   -8 },   // 0x6F 'o'
  {   986,   9,  13,  10,    0,   -8 },   // 0x70 'p'
  {  1001,   9,  13,  10,    1,   -8 },   // 0x71 'q'
  {  1016,   6,   9,   7,    1,   -8 },   // 0x72 'r'
  {  1023,   6,   9,   8,    1,   -8 },   // 0x73 's'
  {  1030,   6,  11,   6,    0,  -10 },   // 0x74 't'
  {  1039,  10,   8,  10,    0,   -7 },   // 0x75 'u'
  {  1049,   9,   9,   9,    0,   -8 },   // 0x76 'v'
  {  1060,  13,   9,  13,    0,   -8 },   // 0x77 'w'
  {  1075,   9,   9,   9,    0,   -8 },   // 0x78 'x'
  {  1086,   9,  13,   9,    0,   -8 },   // 0x79 'y'
  {  1101,   7,   9,   8,    0,   -8 },   // 0x7A 'z'
  {  1109,   6,  16,   8,    1,  -12 },   // 0x7B '{'
  {  1121,   1,  16,   7,    3,  -12 },   // 0x7C '|'
  {  1123,   6,  16,   8,    1,  -12 },   // 0x7D '}'
  {  1135,   8,   2,  11,    2,   -5 },   // 0x7E '~'
  {  1137,   1,   1,   0,    0,    0 },   // 0x7F
  {  1138,  14,  13,  18,    2,  -12 },   // 0x80
  {  1161,  14,  13,  18,    2,  -12 },   // 0x81
  {  1184,  14,  13,  18,    2,  -12 },   // 0x82
  {  1207,  14,  13,  18,    2,  -12 },   // 0x83
  {  1230,  14,  13,  18,    2,  -12 },   // 0x84
  {  1253,  14,  13,  18,    2,  -12 },   // 0x85
  {  1276,  14,  13,  18,    2,  -12 },   // 0x86
  {  1299,  14,  13,  18,    2,  -12 },   // 0x87
  {  1322,  14,  13,  18,    2,  -12 },   // 0x88
  {  1345,  14,  13,  18,    2,  -12 },   // 0x89
  {  1368,  14,  13,  18,    2,  -12 },   // 0x8A
  {  1391,  14,  13,  18,    2,  -12 },   // 0x8B
  {  1414,  14,  13,  18,    2,  -12 },   // 0x8C
  {  1437,  14,  13,  18,    2,  -12 },   // 0x8D
  {  1460,  14,  13,  18,    2,  -12 },   // 0x8E
  {  1483,  14,  13,  18,    2,  -12 },   // 0x8F
  {  1506,  14,  13,  18,    2,  -12 },   // 0x90
  {  1529,  14,  13,  18,    2,  -12 },   // 0x91
  {  1552,  14,  13,  18,    2,  -12 },   // 0x92
  {  1575,  14,  13,  18,    2,  -12 },   // 0x93
  {  1598,  14,  13,  18,    2,  -12 },   // 0x94
  {  1621,  14,  13,  18,    2,  -12 },   // 0x95
  {  1644,  14,  13,  18,    2,  -12 },   // 0x96
  {  1667,  14,  13,  18,    2,  -12 },   // 0x97
  {  1690,  14,  13,  18,    2,  -12 },   // 0x98
  {  1713,  14,  13,  18,    2,  -12 },   // 0x99
  {  1736,  14,  13,  18,    2,  -12 },   // 0x9A
  {  1759,  14,  13,  18,    2,  -12 },   // 0x9B
  {  1782,  14,  13,  18,    2,  -12 },   // 0x9C
  {  1805,  14,  13,  18,    2,  -12 },   // 0x9D
  {  1828,  14,  13,  18,    2,  -12 },   // 0x9E
  {  1851,  14,  13,  18,    2,  -12 },   // 0x9F
  {  1874,   1,   1,   4,    0,    0 },   // 0xA0
  {  1875,   2,  13,   6,    2,  -11 },   // 0xA1
  {  1879,   7,  13,  10,    1,  -10 },   // 0xA2
  {  1891,  10,  12,  11,    0,  -11 },   // 0xA3
  {  1906,   8,   8,  10,    1,   -8 },   // 0xA4
  {  1914,  11,  12,  11,    0,  -11 },   // 0xA5
  {  1931,   1,  16,   7,    3,  -12 },   // 0xA6
  {  1933,   7,  16,   9,    1,  -11 },   // 0xA7
  {  1947,   5,   2,   9,    2,  -12 },   // 0xA8
  {  1949,  15,  15,  17,    1,  -12 },   // 0xA9
  {  1978,   7,   7,   9,    1,  -11 },   // 0xAA
  {  1985,   8,   8,  10,    1,   -8 },   // 0xAB
  {  1993,   8,   4,  11,    2,   -4 },   // 0xAC
  {  1997,  14,  13,  18,    2,  -12 },   // 0xAD
  {  2020,  15,  15,  17,    1,  -12 },   // 0xAE
  {  2049,   5,   1,  11,    0,  -11 },   // 0xAF
  {  2050,   6,   5,   7,    1,  -11 },   // 0xB0
  {  2054,   8,   9,  11,    2,   -8 },   // 0xB1
  {  2063,   7,   8,   9,    1,  -14 },   // 0xB2
  {  2070,   7,   8,   9,    1,  -14 },   // 0xB3
  {  2077,   4,   4,   9,    2,  -13 },   // 0xB4
  {  2079,   9,  12,  10,    1,   -7 },   // 0xB5
  {  2093,   9,  14,   9,    0,  -11 },   // 0xB6
  {  2109,   3,   2,   5,    1,   -6 },   // 0xB7
  {  2110,   4,   4,   4,    0,    1 },   // 0xB8
  {  2112,   7,   8,   9,    1,  -14 },   // 0xB9
  {  2119,   7,   7,   9,    1,  -11 },   // 0xBA
  {  2126,   8,   8,  10,    1,   -8 },   // 0xBB
  {  2134,  16,  12,  19,    1,  -11 },   // 0xBC
  {  2158,  17,  12,  19,    1,  -11 },   // 0xBD
  {  2184,  17,  12,  19,    1,  -11 },   // 0xBE
  {  2210,   7,  13,   8,    1,  -11 },   // 0xBF
  {  2222,  12,  17,  12,    0,  -16 },   // 0xC0
  {  2248,  12,  17,  12,    0,  -16 },   // 0xC1
  {  2274,  12,  17,  12,    0,  -16 },   // 0xC2
  {  2300,  12,  16,  12,    0,  -15 },   // 0xC3
  {  2324,  12,  16,  12,    0,  -15 },   // 0xC4
  {  2348,  12,  16,  12,    0,  -15 },   // 0xC5
  {  2372,  17,  12,  17,   -1,  -11 },   // 0xC6
  {  2398,   9,  16,  11,    1,  -11 },   // 0xC7
  {  2416,  10,  17,  12,    1,  -16 },   // 0xC8
  {  2438,  10,  17,  12,    1,  -16 },   // 0xC9
  {  2460,  10,  17,  12,    1,  -16 },   // 0xCA
  {  2482,  10,  16,  12,    1,  -15 },   // 0xCB
  {  2502,   5,  17,   7,    1,  -16 },   // 0xCC
  {  2513,   5,  17,   7,    1,  -16 },   // 0xCD
  {  2524,   6,  17,   7,    0,  -16 },   // 0xCE
  {  2537,   6,  16,   7,    0,  -15 },   // 0xCF
  {  2549,  12,  12,  13,    1,  -11 },   // 0xD0
  {  2567,  13,  16,  14,    0,  -15 },   // 0xD1
  {  2593,  11,  17,  13,    1,  -16 },   // 0xD2
  {  2617,  11,  17,  13,    1,  -16 },   // 0xD3
  {  2641,  11,  17,  13,    1,  -16 },   // 0xD4
  {  2665,  11,  16,  13,    1,  -15 },   // 0xD5
  {  2687,  11,  16,  13,    1,  -15 },   // 0xD6
  {  2709,   8,   8,  11,    2,   -8 },   // 0xD7
  {  2717,  11,  15,  13,    1,  -13 },   // 0xD8
  {  2738,  12,  17,  13,    1,  -16 },   // 0xD9
  {  2764,  12,  17,  13,    1,  -16 },   // 0xDA
  {  2790,  12,  17,  13,    1,  -16 },   // 0xDB
  {  2816,  12,  16,  13,    1,  -15 },   // 0xDC
  {  2840,  11,  17,  11,    0,  -16 },   // 0xDD
  {  2864,   9,  12,  11,    1,  -11 },   // 0xDE
  {  2878,   9,  13,  10,    0,  -12 },   // 0xDF
  {  2893,   8,  13,   9,    1,  -12 },   // 0xE0
  {  2906,   8,  14,   9,    1,  -13 },   // 0xE1
  {  2920,   8,  13,   9,    1,  -12 },   // 0xE2
  {  2933,   8,  12,   9,    1,  -11 },   // 0xE3
  {  2945,   8,  12,   9,    1,  -11 },   // 0xE4
  {  2957,   8,  14,   9,    1,  -13 },   // 0xE5
  {  2971,  11,   9,  13,    1,   -8 },   // 0xE6
  {  2984,   7,  13,   8,    1,   -8 },   // 0xE7
  {  2996,   7,  13,   9,    1,  -12 },   // 0xE8
  {  3008,   7,  14,   9,    1,  -13 },   // 0xE9
  {  3021,   7,  13,   9,    1,  -12 },   // 0xEA
  {  3033,   7,  12,   9,    1,  -11 },   // 0xEB
  {  3044,   5,  13,   5,    0,  -12 },   // 0xEC
  {  3053,   5,  14,   5,    0,  -13 },   // 0xED
  {  3062,   5,  13,   5,    0,  -12 },   // 0xEE
  {  3071,   6,  12,   5,    0,  -11 },   // 0xEF
  {  3080,   8,  14,   9,    1,  -13 },   // 0xF0
  {  3094,  10,  12,  10,    0,  -11 },   // 0xF1
  {  3109,   8,  13,  10,    1,  -12 },   // 0xF2
  {  3122,   8,  14,  10,    1,  -13 },   // 0xF3
  {  3136,   8,  13,  10,    1,  -12 },   // 0xF4
  {  3149,   8,  12,  10,    1,  -11 },   // 0xF5
  {  3161,   8,  12,  10,    1,  -11 },   // 0xF6
  {  3173,   8,   9,  11,    2,   -8 },   // 0xF7
  {  3182,   8,  11,  10,    1,   -9 },   // 0xF8
  {  3193,  10,  13,  10,    0,  -12 },   // 0xF9
  {  3210,  10,  14,  10,    0,  -13 },   // 0xFA
  {  3228,  10,  13,  10,    0,  -12 },   // 0xFB
  {  3245,  10,  12,  10,    0,  -11 },   // 0xFC
  {  3260,   9,  18,   9,    0,  -13 },   // 0xFD
  {  3281,   9,  17,  10,    0,  -12 },   // 0xFE
  {  3301,   9,  16,   9,    0,  -11 } }; // 0xFF

const GFXfont Gelasio_Regular9pt8b PROGMEM = {
  (uint8_t  *)Gelasio_Regular9pt8bBitmaps,
  (GFXglyph *)Gelasio_Regular9pt8bGlyphs,
  0x20, 0xFF, 22 };

// Approx. 4894 bytes

const uint8_t Gelasio_Regular10pt8bBitmaps[] PROGMEM = {
  0x00, 0x5F, 0x6D, 0xB2, 0x49, 0x01, 0xF0, 0x67, 0x9B, 0x36, 0x6C, 0xD1,
  0x22, 0x00, 0x08, 0x81, 0x10, 0x62, 0x0C, 0xCF, 0xFE, 0x22, 0x04, 0x41,
  0x88, 0x33, 0x1F, 0xF8, 0x88, 0x11, 0x02, 0x20, 0xCC, 0x00, 0x04, 0x02,
  0x07, 0xA4, 0x36, 0x0B, 0x05, 0xC0, 0x70, 0x1E, 0x03, 0xE0, 0xE8, 0x34,
  0x1B, 0x0D, 0xFC, 0x08, 0x04, 0x00, 0x38, 0x21, 0x31, 0x8C, 0x44, 0x31,
  0x30, 0xC4, 0x83, 0x16, 0x07, 0x90, 0x00, 0x9C, 0x02, 0xC8, 0x12, 0x30,
  0xC8, 0xC2, 0x23, 0x18, 0x8C, 0xC1, 0xE0, 0x1C, 0x02, 0x30, 0x63, 0x06,
  0x30, 0x62, 0x03, 0x4F, 0x18, 0x67, 0xC4, 0xCE, 0x4C, 0x64, 0xC3, 0x8C,
  0x18, 0xC1, 0xC7, 0xE7, 0x7B, 0x6D, 0x20, 0x08, 0x88, 0xC4, 0x63, 0x18,
  0xC6, 0x31, 0x8C, 0x61, 0x8C, 0x30, 0xC0, 0x83, 0x0C, 0x21, 0x8C, 0x63,
  0x18, 0xC6, 0x31, 0x8C, 0x66, 0x26, 0x00, 0x10, 0x18, 0x10, 0xD7, 0x7E,
  0x28, 0x6C, 0x64, 0x18, 0x0C, 0x06, 0x03, 0x0F, 0xF8, 0xC0, 0x60, 0x30,
  0x18, 0x00, 0xFD, 0xAC, 0xF8, 0xFC, 0x0C, 0x20, 0x86, 0x10, 0x41, 0x0C,
  0x20, 0x82, 0x18, 0x61, 0x04, 0x10, 0xC2, 0x08, 0x00, 0x0C, 0x0C, 0xC6,
  0x19, 0x86, 0x61, 0xB0, 0x3C, 0x0F, 0x03, 0x61, 0x98, 0x66, 0x18, 0xFC,
  0x31, 0xA0, 0x40, 0x81, 0x02, 0x04, 0x08, 0x10, 0x21, 0xF8, 0x18, 0x33,
  0x30, 0xD8, 0x64, 0x30, 0x18, 0x18, 0x08, 0x08, 0x08, 0x1F, 0xFF, 0xF0,
  0x08, 0x3B, 0x10, 0xD8, 0x64, 0x30, 0x18, 0x18, 0x38, 0x07, 0x01, 0xC0,
  0x78, 0x3C, 0x1E, 0x09, 0x0C, 0x78, 0x04, 0x03, 0x80, 0xC0, 0x60, 0x18,
  0x0C, 0x03, 0x01, 0x88, 0x42, 0x30, 0x8F, 0xFF, 0xFF, 0x02, 0x00, 0x80,
  0x20, 0x7F, 0x20, 0x10, 0x08, 0x04, 0x03, 0xF3, 0x1C, 0x06, 0x03, 0x81,
  0xE0, 0xD8, 0x6C, 0x36, 0x30, 0xE0, 0x01, 0x03, 0x06, 0x06, 0x06, 0x03,
  0x01, 0x79, 0xC6, 0xC1, 0xE0, 0xF0, 0x78, 0x3C, 0x1B, 0x18, 0xF8, 0xFF,
  0x81, 0x83, 0x82, 0x06, 0x06, 0x04, 0x0C, 0x08, 0x18, 0x18, 0x30, 0x30,
  0x70, 0x1E, 0x19, 0x98, 0x6C, 0x36, 0x19, 0x88, 0xF8, 0x7E, 0x63, 0xE0,
  0xF0, 0x78, 0x36, 0x19, 0xF8, 0x08, 0x3B, 0x10, 0x58, 0x3C, 0x1E, 0x0F,
  0x07, 0x83, 0x77, 0x8C, 0x80, 0xC0, 0x40, 0x60, 0x61, 0xC0, 0xFC, 0x00,
  0x07, 0xE0, 0xFC, 0x00, 0x07, 0xED, 0x60, 0x01, 0x06, 0x18, 0x60, 0x80,
  0xE0, 0x38, 0x0E, 0x03, 0x01, 0xFF, 0x80, 0x00, 0x00, 0x0F, 0xFF, 0xFC,
  0xC0, 0x38, 0x07, 0x00, 0xE0, 0x18, 0x18, 0x30, 0x60, 0xE0, 0x40, 0x00,
  0x38, 0x46, 0xC2, 0x83, 0x83, 0x02, 0x06, 0x0C, 0x18, 0x10, 0x10, 0x00,
  0x00, 0x38, 0x38, 0x03, 0xF8, 0x0C, 0x0C, 0x10, 0x02, 0x20, 0x83, 0x63,
  0xF1, 0x46, 0x31, 0x46, 0x21, 0xCC, 0x63, 0x8C, 0x62, 0x8C, 0xC6, 0xCC,
  0xCC, 0x47, 0x78, 0x40, 0x00, 0x20, 0x0C, 0x18, 0x18, 0x0F, 0xE0, 0x03,
  0x00, 0x1C, 0x00, 0x70, 0x01, 0x60, 0x0D, 0x80, 0x26, 0x00, 0x8C, 0x06,
  0x30, 0x1F, 0xC0, 0x41, 0x82, 0x06, 0x08, 0x18, 0x20, 0x33, 0xC3, 0xF0,
  0xFE, 0x0E, 0x30, 0xC3, 0x18, 0x63, 0x0C, 0x63, 0x0F, 0xC1, 0x86, 0x30,
  0x66, 0x0C, 0xC1, 0x98, 0x33, 0x0D, 0xFF, 0x00, 0x0F, 0x86, 0x19, 0x81,
  0x70, 0x1C, 0x01, 0x80, 0x30, 0x06, 0x00, 0xC0, 0x18, 0x03, 0x80, 0xB0,
  0x27, 0x04, 0x3F, 0x80, 0xFE, 0x03, 0x8E, 0x0C, 0x18, 0x60, 0x63, 0x03,
  0x98, 0x1C, 0xC0, 0x66, 0x03, 0x30, 0x39, 0x81, 0xCC, 0x0C, 0x60, 0x63,
  0x0E, 0x7F, 0xC0, 0xFF, 0xCE, 0x18, 0xC3, 0x18, 0x23, 0x00, 0x62, 0x0C,
  0xC1, 0xF8, 0x31, 0x06, 0x20, 0xC0, 0x98, 0x33, 0x07, 0xFF, 0xC0, 0xFF,
  0xCC, 0x33, 0x04, 0xC1, 0x30, 0x0C, 0x43, 0x10, 0xFC, 0x31, 0x0C, 0x43,
  0x00, 0xC0, 0x30, 0x3F, 0x00, 0x0F, 0xC1, 0xC7, 0x18, 0x08, 0xC0, 0x4E,
  0x00, 0x60, 0x03, 0x00, 0x18, 0x00, 0xC1, 0xFE, 0x03, 0x38, 0x18, 0xC0,
  0xC3, 0x06, 0x0F, 0xE0, 0xF8, 0x7D, 0xC0, 0xE3, 0x03, 0x0C, 0x0C, 0x30,
  0x30, 0xC0, 0xC3, 0xFF, 0x0C, 0x0C, 0x30, 0x30, 0xC0, 0xC3, 0x03, 0x0C,
  0x0C, 0x30, 0x33, 0xE1, 0xF0, 0xFD, 0xC3, 0x0C, 0x30, 0xC3, 0x0C, 0x30,
  0xC3, 0x0C, 0x33, 0xF0, 0x0F, 0x81, 0x80, 0xC0, 0x60, 0x30, 0x18, 0x0C,
  0x06, 0x03, 0x21, 0x98, 0xD8, 0x64, 0x61, 0xE0, 0xF9, 0xF3, 0x83, 0x0C,
  0x20, 0x63, 0x03, 0x30, 0x19, 0x00, 0xD0, 0x07, 0xC0, 0x33, 0x01, 0x9C,
  0x0C, 0x70, 0x61, 0x83, 0x0E, 0x7C, 0x3C, 0xF8, 0x1C, 0x03, 0x00, 0xC0,
  0x30, 0x0C, 0x03, 0x00, 0xC0, 0x30, 0x0C, 0x13, 0x04, 0xC1, 0x30, 0xFF,
  0xF0, 0xF8, 0x0F, 0x78, 0x1E, 0x3C, 0x16, 0x2C, 0x16, 0x2C, 0x26, 0x26,
  0x26, 0x26, 0x26, 0x26, 0x46, 0x23, 0x46, 0x23, 0x46, 0x23, 0x86, 0x21,
  0x86, 0x21, 0x86, 0xF9, 0x1F, 0xF0, 0x3E, 0x70, 0x30, 0xF0, 0x21, 0x60,
  0x42, 0x60, 0x84, 0xE1, 0x08, 0xC2, 0x10, 0xC4, 0x21, 0xC8, 0x41, 0x90,
  0x81, 0xA1, 0x01, 0xC2, 0x03, 0x8F, 0x03, 0x00, 0x0F, 0x81, 0x86, 0x18,
  0x18, 0xC0, 0x6C, 0x03, 0x60, 0x1F, 0x00, 0xF8, 0x07, 0xC0, 0x3E, 0x01,
  0x98, 0x0C, 0xC0, 0x43, 0x06, 0x0F, 0xC0, 0xFE, 0x1C, 0x63, 0x0C, 0xC3,
  0x30, 0xCC, 0x33, 0x0C, 0xCE, 0x3E, 0x0C, 0x03, 0x00, 0xC0, 0x30, 0x3F,
  0x00, 0x0F, 0x81, 0x86, 0x18, 0x18, 0xC0, 0x6C, 0x03, 0x60, 0x1F, 0x00,
  0xF8, 0x07, 0xC0, 0x3E, 0x01, 0x98, 0x0C, 0xC0, 0x43, 0x06, 0x0F, 0xC0,
  0x1C, 0x00, 0x60, 0x03, 0x80, 0x07, 0x80, 0xFE, 0x03, 0x8C, 0x0C, 0x30,
  0x61, 0x83, 0x0C, 0x18, 0x60, 0xC6, 0x07, 0xE0, 0x33, 0x81, 0x8E, 0x0C,
  0x30, 0x61, 0x83, 0x0E, 0x7E, 0x3C, 0x1F, 0x31, 0x90, 0x48, 0x16, 0x03,
  0x80, 0xF0, 0x3C, 0x07, 0x41, 0xE0, 0x78, 0x3E, 0x1D, 0xF8, 0x7F, 0xE4,
  0x63, 0xC6, 0x18, 0x61, 0x86, 0x10, 0x60, 0x06, 0x00, 0x60, 0x06, 0x00,
  0x60, 0x06, 0x00, 0x60, 0x06, 0x01, 0xF8, 0xF8, 0xFB, 0x81, 0x98, 0x08,
  0xC0, 0x46, 0x02, 0x30, 0x11, 0x80, 0x8C, 0x04, 0x60, 0x23, 0x01, 0x0C,
  0x08, 0x60, 0x43, 0x04, 0x0F, 0xC0, 0xF8, 0x7D, 0xC0, 0xC3, 0x03, 0x0C,
  0x08, 0x38, 0x20, 0x61, 0x81, 0x84, 0x03, 0x10, 0x0C, 0x80, 0x32, 0x00,
  0x68, 0x01, 0xC0, 0x03, 0x00, 0x0C, 0x00, 0xFC, 0x01, 0xEE, 0x0C, 0x08,
  0xC1, 0x83, 0x18, 0x38, 0x43, 0x0B, 0x08, 0x31, 0x61, 0x06, 0x2C, 0x40,
  0xC8, 0xC8, 0x0D, 0x19, 0x01, 0xA3, 0x40, 0x34, 0x38, 0x03, 0x07, 0x00,
  0x60, 0xE0, 0x0C, 0x08, 0x00, 0xFC, 0xF9, 0x83, 0x06, 0x10, 0x31, 0x80,
  0xC8, 0x07, 0x80, 0x18, 0x00, 0x60, 0x07, 0x80, 0x4C, 0x02, 0x30, 0x21,
  0x83, 0x06, 0x7C, 0xFC, 0xF8, 0xF6, 0x02, 0x30, 0x43, 0x04, 0x18, 0x81,
  0x88, 0x0D, 0x00, 0xD0, 0x06, 0x00, 0x60, 0x06, 0x00, 0x60, 0x06, 0x01,
  0xF8, 0x7F, 0xF0, 0x7C, 0x1A, 0x0E, 0x87, 0x01, 0x80, 0xE0, 0x30, 0x18,
  0x0E, 0x03, 0x05, 0x81, 0xE0, 0xFF, 0xF0, 0xF8, 0x88, 0x88, 0x88, 0x88,
  0x88, 0x88, 0x88, 0x8F, 0xC1, 0x04, 0x18, 0x20, 0x82, 0x0C, 0x10, 0x41,
  0x06, 0x18, 0x20, 0x82, 0x0C, 0x10, 0x40, 0xF8, 0xC6, 0x31, 0x8C, 0x63,
  0x18, 0xC6, 0x31, 0x8C, 0x63, 0x1F, 0xC0, 0x04, 0x03, 0x00, 0xA0, 0x68,
  0x13, 0x04, 0x42, 0x10, 0x82, 0x60, 0x90, 0x3C, 0x04, 0xFF, 0xF8, 0xC7,
  0x0C, 0x30, 0x38, 0x73, 0x31, 0x88, 0xC0, 0xE3, 0xB3, 0x19, 0x8C, 0xC6,
  0x3D, 0xC0, 0xE0, 0x18, 0x06, 0x01, 0x80, 0x60, 0x19, 0x87, 0x99, 0x83,
  0x60, 0xD8, 0x36, 0x0D, 0x83, 0x60, 0xD8, 0x67, 0xF0, 0x1C, 0xCF, 0x0E,
  0x1C, 0x18, 0x30, 0x60, 0xE2, 0xF8, 0x07, 0x80, 0x60, 0x18, 0x06, 0x01,
  0x87, 0x66, 0x39, 0x06, 0xC1, 0xB0, 0x6C, 0x1B, 0x06, 0xC1, 0x98, 0xE3,
  0xDC, 0x18, 0x66, 0xC6, 0xC3, 0xFF, 0xC0, 0xC0, 0xC0, 0xE2, 0x7C, 0x1C,
  0xB6, 0x18, 0x63, 0xE6, 0x18, 0x61, 0x86, 0x18, 0x61, 0x8F, 0x80, 0x39,
  0xB3, 0x71, 0xB8, 0xCC, 0x63, 0x21, 0xE1, 0x00, 0xF8, 0x3F, 0xA0, 0xD0,
  0x2C, 0x17, 0x30, 0x60, 0xF0, 0x06, 0x00, 0xC0, 0x18, 0x03, 0x00, 0x66,
  0x0F, 0x61, 0x84, 0x30, 0x86, 0x10, 0xC2, 0x18, 0x43, 0x08, 0x61, 0x3E,
  0xF8, 0x31, 0x8C, 0x0B, 0x38, 0xC6, 0x31, 0x8C, 0x63, 0x3C, 0x33, 0x30,
  0x3F, 0x33, 0x33, 0x33, 0x33, 0x33, 0xBE, 0xE0, 0x08, 0x02, 0x00, 0x80,
  0x20, 0x08, 0xF2, 0x18, 0x8C, 0x26, 0x0B, 0x83, 0xE0, 0xCC, 0x23, 0x08,
  0x6F, 0x9C, 0xF1, 0x8C, 0x63, 0x18, 0xC6, 0x31, 0x8C, 0x63, 0x1B, 0xE0,
  0xB3, 0x0C, 0x3E, 0xDB, 0x0C, 0x30, 0x86, 0x18, 0x43, 0x0C, 0x21, 0x86,
  0x10, 0xC3, 0x08, 0x61, 0x84, 0x30, 0xC2, 0x3C, 0xF7, 0xC0, 0xB3, 0x8F,
  0xB8, 0xC3, 0x18, 0x63, 0x0C, 0x61, 0x8C, 0x31, 0x86, 0x30, 0xCF, 0x3C,
  0x1C, 0x33, 0x30, 0xD8, 0x3C, 0x1E, 0x0F, 0x07, 0x82, 0x43, 0x1F, 0x00,
  0xA7, 0x1E, 0x63, 0x0C, 0xC3, 0x30, 0xCC, 0x33, 0x0C, 0xC3, 0x30, 0x8F,
  0xE3, 0x00, 0xC0, 0x30, 0x3F, 0x00, 0x1C, 0x98, 0xE4, 0x1B, 0x06, 0xC1,
  0xB0, 0x6C, 0x1B, 0x06, 0x63, 0x8F, 0x60, 0x18, 0x06, 0x01, 0x81, 0xF0,
  0x65, 0xFD, 0x93, 0x06, 0x0C, 0x18, 0x30, 0x61, 0xF0, 0x3D, 0x8B, 0x16,
  0x07, 0x07, 0x83, 0xC3, 0x87, 0xF8, 0x20, 0x43, 0xF1, 0x02, 0x04, 0x08,
  0x10, 0x20, 0x40, 0xC1, 0xF0, 0xF3, 0x86, 0x10, 0xC2, 0x18, 0x43, 0x08,
  0x61, 0x0C, 0x21, 0x8C, 0x1E, 0xE0, 0xF3, 0xD8, 0x26, 0x10, 0xC4, 0x31,
  0x06, 0x81, 0xA0, 0x70, 0x0C, 0x02, 0x00, 0xF0, 0x1D, 0x84, 0x26, 0x38,
  0x88, 0xE2, 0x33, 0x90, 0xD3, 0x41, 0x4D, 0x07, 0x18, 0x18, 0x60, 0x21,
  0x00, 0xFB, 0x9C, 0x43, 0x20, 0x68, 0x1C, 0x03, 0x01, 0x60, 0x4C, 0x23,
  0x3D, 0xF0, 0xF3, 0xD8, 0x66, 0x10, 0xC4, 0x31, 0x04, 0x81, 0xA0, 0x68,
  0x0C, 0x03, 0x00, 0x80, 0x20, 0x58, 0x1C, 0x00, 0x7F, 0x43, 0x46, 0x8C,
  0x0C, 0x18, 0x31, 0x31, 0x61, 0xFF, 0x0E, 0x30, 0x41, 0x83, 0x06, 0x0C,
  0x18, 0x61, 0x80, 0xC1, 0x83, 0x06, 0x0C, 0x18, 0x18, 0x1C, 0xFF, 0xFF,
  0xE0, 0xC0, 0x40, 0xC1, 0x83, 0x06, 0x0C, 0x18, 0x18, 0x1C, 0x41, 0x83,
  0x06, 0x0C, 0x18, 0x31, 0xC0, 0x30, 0xFE, 0xA1, 0x80, 0x00, 0xFF, 0xFF,
  0x00, 0x06, 0x00, 0x0C, 0x40, 0x98, 0xC3, 0x30, 0xCC, 0x60, 0xF0, 0xC0,
  0xC1, 0x83, 0xC3, 0x0C, 0xC6, 0x30, 0xCC, 0x40, 0x98, 0x00, 0x30, 0x00,
  0x7F, 0xFF, 0x80, 0xFF, 0xFF, 0x00, 0x06, 0x00, 0x0C, 0x40, 0x98, 0xC3,
  0x30, 0xCC, 0x60, 0xF0, 0xC0, 0xC1, 0x83, 0xC3, 0x0C, 0xC6, 0x30, 0xCC,
  0x40, 0x98, 0x00, 0x30, 0x00, 0x7F, 0xFF, 0x80, 0xFF, 0xFF, 0x00, 0x06,
  0x00, 0x0C, 0x40, 0x98, 0xC3, 0x30, 0xCC, 0x60, 0xF0, 0xC0, 0xC1, 0x83,
  0xC3, 0x0C, 0xC6, 0x30, 0xCC, 0x40, 0x98, 0x00, 0x30, 0x00, 0x7F, 0xFF,
  0x80, 0xFF, 0xFF, 0x00, 0x06, 0x00, 0x0C, 0x40, 0x98, 0xC3, 0x30, 0xCC,
  0x60, 0xF0, 0xC0, 0xC1, 0x83, 0xC3, 0x0C, 0xC6, 0x30, 0xCC, 0x40, 0x98,
  0x00, 0x30, 0x00, 0x7F, 0xFF, 0x80, 0xFF, 0xFF, 0x00, 0x06, 0x00, 0x0C,
  0x40, 0x98, 0xC3, 0x30, 0xCC, 0x60, 0xF0, 0xC0, 0xC1, 0x83, 0xC3, 0x0C,
  0xC6, 0x30, 0xCC, 0x40, 0x98, 0x00, 0x30, 0x00, 0x7F, 0xFF, 0x80, 0xFF,
  0xFF, 0x00, 0x06, 0x00, 0x0C, 0x40, 0x98, 0xC3, 0x30, 0xCC, 0x60, 0xF0,
  0xC0, 0xC1, 0x83, 0xC3, 0x0C, 0xC6, 0x30, 0xCC, 0x40, 0x98, 0x00, 0x30,
  0x00, 0x7F, 0xFF, 0x80, 0xFF, 0xFF, 0x00, 0x06, 0x00, 0x0C, 0x40, 0x98,
  0xC3, 0x30, 0xCC, 0x60, 0xF0, 0xC0, 0xC1, 0x83, 0xC3, 0x0C, 0xC6, 0x30,
  0xCC, 0x40, 0x98, 0x00, 0x30, 0x00, 0x7F, 0xFF, 0x80, 0xFF, 0xFF, 0x00,
  0x06, 0x00, 0x0C, 0x40, 0x98, 0xC3, 0x30, 0xCC, 0x60, 0xF0, 0xC0, 0xC1,
  0x83, 0xC3, 0x0C, 0xC6, 0x30, 0xCC, 0x40, 0x98, 0x00, 0x30, 0x00, 0x7F,
  0xFF, 0x80, 0xFF, 0xFF, 0x00, 0x06, 0x00, 0x0C, 0x40, 0x98, 0xC3, 0x30,
  0xCC, 0x60, 0xF0, 0xC0, 0xC1, 0x83, 0xC3, 0x0C, 0xC6, 0x30, 0xCC, 0x40,
  0x98, 0x00, 0x30, 0x00, 0x7F, 0xFF, 0x80, 0xFF, 0xFF, 0x00, 0x06, 0x00,
  0x0C, 0x40, 0x98, 0xC3, 0x30, 0xCC, 0x60, 0xF0, 0xC0, 0xC1, 0x83, 0xC3,
  0x0C, 0xC6, 0x30, 0xCC, 0x40, 0x98, 0x00, 0x30, 0x00, 0x7F, 0xFF, 0x80,
  0xFF, 0xFF, 0x00, 0x06, 0x00, 0x0C, 0x40, 0x98, 0xC3, 0x30, 0xCC, 0x60,
  0xF0, 0xC0, 0xC1, 0x83, 0xC3, 0x0C, 0xC6, 0x30, 0xCC, 0x40, 0x98, 0x00,
  0x30, 0x00, 0x7F, 0xFF, 0x80, 0xFF, 0xFF, 0x00, 0x06, 0x00, 0x0C, 0x40,
  0x98, 0xC3, 0x30, 0xCC, 0x60, 0xF0, 0xC0, 0xC1, 0x83, 0xC3, 0x0C, 0xC6,
  0x30, 0xCC, 0x40, 0x98, 0x00, 0x30, 0x00, 0x7F, 0xFF, 0x80, 0xFF, 0xFF,
  0x00, 0x06, 0x00, 0x0C, 0x40, 0x98, 0xC3, 0x30, 0xCC, 0x60, 0xF0, 0xC0,
  0xC1, 0x83, 0xC3, 0x0C, 0xC6, 0x30, 0xCC, 0x40, 0x98, 0x00, 0x30, 0x00,
  0x7F, 0xFF, 0x80, 0xFF, 0xFF, 0x00, 0x06, 0x00, 0x0C, 0x40, 0x98, 0xC3,
  0x30, 0xCC, 0x60, 0xF0, 0xC0, 0xC1, 0x83, 0xC3, 0x0C, 0xC6, 0x30, 0xCC,
  0x40, 0x98, 0x00, 0x30, 0x00, 0x7F, 0xFF, 0x80, 0xFF, 0xFF, 0x00, 0x06,
  0x00, 0x0C, 0x40, 0x98, 0xC3, 0x30, 0xCC, 0x60, 0xF0, 0xC0, 0xC1, 0x83,
  0xC3, 0x0C, 0xC6, 0x30, 0xCC, 0x40, 0x98, 0x00, 0x30, 0x00, 0x7F, 0xFF,
  0x80, 0xFF, 0xFF, 0x00, 0x06, 0x00, 0x0C, 0x40, 0x98, 0xC3, 0x30, 0xCC,
  0x60, 0xF0, 0xC0, 0xC1, 0x83, 0xC3, 0x0C, 0xC6, 0x30, 0xCC, 0x40, 0x98,
  0x00, 0x30, 0x00, 0x7F, 0xFF, 0x80, 0xFF, 0xFF, 0x00, 0x06, 0x00, 0x0C,
  0x40, 0x98, 0xC3, 0x30, 0xCC, 0x60, 0xF0, 0xC0, 0xC1, 0x83, 0xC3, 0x0C,
  0xC6, 0x30, 0xCC, 0x40, 0x98, 0x00, 0x30, 0x00, 0x7F, 0xFF, 0x80, 0xFF,
  0xFF, 0x00, 0x06, 0x00, 0x0C, 0x40, 0x98, 0xC3, 0x30, 0xCC, 0x60, 0xF0,
  0xC0, 0xC1, 0x83, 0xC3, 0x0C, 0xC6, 0x30, 0xCC, 0x40, 0x98, 0x00, 0x30,
  0x00, 0x7F, 0xFF, 0x80, 0xFF, 0xFF, 0x00, 0x06, 0x00, 0x0C, 0x40, 0x98,
  0xC3, 0x30, 0xCC, 0x60, 0xF0, 0xC0, 0xC1, 0x83, 0xC3, 0x0C, 0xC6, 0x30,
  0xCC, 0x40, 0x98, 0x00, 0x30, 0x00, 0x7F, 0xFF, 0x80, 0xFF, 0xFF, 0x00,
  0x06, 0x00, 0x0C, 0x40, 0x98, 0xC3, 0x30, 0xCC, 0x60, 0xF0, 0xC0, 0xC1,
  0x83, 0xC3, 0x0C, 0xC6, 0x30, 0xCC, 0x40, 0x98, 0x00, 0x30, 0x00, 0x7F,
  0xFF, 0x80, 0xFF, 0xFF, 0x00, 0x06, 0x00, 0x0C, 0x40, 0x98, 0xC3, 0x30,
  0xCC, 0x60, 0xF0, 0xC0, 0xC1, 0x83, 0xC3, 0x0C, 0xC6, 0x30, 0xCC, 0x40,
  0x98, 0x00, 0x30, 0x00, 0x7F, 0xFF, 0x80, 0xFF, 0xFF, 0x00, 0x06, 0x00,
  0x0C, 0x40, 0x98, 0xC3, 0x30, 0xCC, 0x60, 0xF0, 0xC0, 0xC1, 0x83, 0xC3,
  0x0C, 0xC6, 0x30, 0xCC, 0x40, 0x98, 0x00, 0x30, 0x00, 0x7F, 0xFF, 0x80,
  0xFF, 0xFF, 0x00, 0x06, 0x00, 0x0C, 0x40, 0x98, 0xC3, 0x30, 0xCC, 0x60,
  0xF0, 0xC0, 0xC1, 0x83, 0xC3, 0x0C, 0xC6, 0x30, 0xCC, 0x40, 0x98, 0x00,
  0x30, 0x00, 0x7F, 0xFF, 0x80, 0xFF, 0xFF, 0x00, 0x06, 0x00, 0x0C, 0x40,
  0x98, 0xC3, 0x30, 0xCC, 0x60, 0xF0, 0xC0, 0xC1, 0x83, 0xC3, 0x0C, 0xC6,
  0x30, 0xCC, 0x40, 0x98, 0x00, 0x30, 0x00, 0x7F, 0xFF, 0x80, 0xFF, 0xFF,
  0x00, 0x06, 0x00, 0x0C, 0x40, 0x98, 0xC3, 0x30, 0xCC, 0x60, 0xF0, 0xC0,
  0xC1, 0x83, 0xC3, 0x0C, 0xC6, 0x30, 0xCC, 0x40, 0x98, 0x00, 0x30, 0x00,
  0x7F, 0xFF, 0x80, 0xFF, 0xFF, 0x00, 0x06, 0x00, 0x0C, 0x40, 0x98, 0xC3,
  0x30, 0xCC, 0x60, 0xF0, 0xC0, 0xC1, 0x83, 0xC3, 0x0C, 0xC6, 0x30, 0xCC,
  0x40, 0x98, 0x00, 0x30, 0x00, 0x7F, 0xFF, 0x80, 0xFF, 0xFF, 0x00, 0x06,
  0x00, 0x0C, 0x40, 0x98, 0xC3, 0x30, 0xCC, 0x60, 0xF0, 0xC0, 0xC1, 0x83,
  0xC3, 0x0C, 0xC6, 0x30, 0xCC, 0x40, 0x98, 0x00, 0x30, 0x00, 0x7F, 0xFF,
  0x80, 0xFF, 0xFF, 0x00, 0x06, 0x00, 0x0C, 0x40, 0x98, 0xC3, 0x30, 0xCC,
  0x60, 0xF0, 0xC0, 0xC1, 0x83, 0xC3, 0x0C, 0xC6, 0x30, 0xCC, 0x40, 0x98,
  0x00, 0x30, 0x00, 0x7F, 0xFF, 0x80, 0xFF, 0xFF, 0x00, 0x06, 0x00, 0x0C,
  0x40, 0x98, 0xC3, 0x30, 0xCC, 0x60, 0xF0, 0xC0, 0xC1, 0x83, 0xC3, 0x0C,
  0xC6, 0x30, 0xCC, 0x40, 0x98, 0x00, 0x30, 0x00, 0x7F, 0xFF, 0x80, 0xFF,
  0xFF, 0x00, 0x06, 0x00, 0x0C, 0x40, 0x98, 0xC3, 0x30, 0xCC, 0x60, 0xF0,
  0xC0, 0xC1, 0x83, 0xC3, 0x0C, 0xC6, 0x30, 0xCC, 0x40, 0x98, 0x00, 0x30,
  0x00, 0x7F, 0xFF, 0x80, 0xFF, 0xFF, 0x00, 0x06, 0x00, 0x0C, 0x40, 0x98,
  0xC3, 0x30, 0xCC, 0x60, 0xF0, 0xC0, 0xC1, 0x83, 0xC3, 0x0C, 0xC6, 0x30,
  0xCC, 0x40, 0x98, 0x00, 0x30, 0x00, 0x7F, 0xFF, 0x80, 0xFF, 0xFF, 0x00,
  0x06, 0x00, 0x0C, 0x40, 0x98, 0xC3, 0x30, 0xCC, 0x60, 0xF0, 0xC0, 0xC1,
  0x83, 0xC3, 0x0C, 0xC6, 0x30, 0xCC, 0x40, 0x98, 0x00, 0x30, 0x00, 0x7F,
  0xFF, 0x80, 0x00, 0xDF, 0x04, 0x92, 0xDB, 0x6D, 0xB0, 0x08, 0x08, 0x1C,
  0x33, 0x63, 0x61, 0xC0, 0xC0, 0xC0, 0x60, 0x61, 0x3E, 0x08, 0x08, 0x03,
  0x80, 0xCE, 0x08, 0x61, 0x84, 0x18, 0x01, 0x80, 0x18, 0x07, 0xF0, 0x18,
  0x01, 0x82, 0x18, 0x61, 0x03, 0x78, 0x6C, 0x7C, 0x41, 0xFF, 0xDD, 0xCC,
  0x66, 0x33, 0x19, 0xDD, 0xFF, 0x41, 0x80, 0xF8, 0xF6, 0x02, 0x30, 0x41,
  0x8C, 0x18, 0x80, 0xD0, 0x07, 0x07, 0xFE, 0x06, 0x00, 0x60, 0x7F, 0xE0,
  0x60, 0x06, 0x01, 0xF8, 0xFF, 0x1F, 0xE0, 0x1C, 0x26, 0x66, 0x60, 0x60,
  0x78, 0x5C, 0xCE, 0xC6, 0xE3, 0x73, 0x7A, 0x1E, 0x0C, 0x06, 0x26, 0x64,
  0x3C, 0x8B, 0x3C, 0xC0, 0x0F, 0xF0, 0x08, 0x06, 0x08, 0x01, 0x88, 0x10,
  0x48, 0x36, 0x14, 0x21, 0x8A, 0x30, 0x43, 0x18, 0x01, 0x8C, 0x00, 0xC6,
  0x00, 0x61, 0x04, 0x50, 0xC6, 0x24, 0x1C, 0x11, 0x00, 0x10, 0x40, 0x10,
  0x18, 0x70, 0x03, 0xC0, 0x00, 0x79, 0x12, 0x31, 0xEC, 0xD1, 0xA3, 0x7F,
  0x08, 0x88, 0x4C, 0x4C, 0xEC, 0x67, 0x31, 0x8C, 0x23, 0x08, 0x80, 0xFF,
  0x80, 0xC0, 0x60, 0x30, 0x18, 0xFF, 0xFF, 0x00, 0x06, 0x00, 0x0C, 0x40,
  0x98, 0xC3, 0x30, 0xCC, 0x60, 0xF0, 0xC0, 0xC1, 0x83, 0xC3, 0x0C, 0xC6,
  0x30, 0xCC, 0x40, 0x98, 0x00, 0x30, 0x00, 0x7F, 0xFF, 0x80, 0x0F, 0xF0,
  0x08, 0x06, 0x08, 0x01, 0x89, 0x30, 0x48, 0x66, 0x14, 0x31, 0x8A, 0x18,
  0xC3, 0x0C, 0xC1, 0x87, 0xC0, 0xC3, 0x30, 0x61, 0x88, 0x50, 0xC6, 0x24,
  0xF1, 0x91, 0x00, 0x10, 0x40, 0x10, 0x18, 0x70, 0x03, 0xC0, 0x00, 0xFC,
  0x3B, 0x38, 0x61, 0x85, 0xB3, 0x00, 0x08, 0x04, 0x02, 0x01, 0x0F, 0xF8,
  0x40, 0x20, 0x10, 0x08, 0x7F, 0xC0, 0x7F, 0x8D, 0x18, 0x30, 0x41, 0x86,
  0x10, 0xFE, 0x7C, 0x8D, 0x18, 0x61, 0xC0, 0xD1, 0xE3, 0x7C, 0x19, 0xC9,
  0x80, 0x43, 0x10, 0xC4, 0x31, 0x0C, 0x43, 0x10, 0xC4, 0x31, 0x9C, 0xFF,
  0xF0, 0x0C, 0x03, 0x00, 0xC0, 0x00, 0x0F, 0x9F, 0xC7, 0x93, 0xE4, 0xF9,
  0x3E, 0x47, 0x90, 0xE4, 0x19, 0x06, 0x41, 0x90, 0x64, 0x19, 0x06, 0x41,
  0x90, 0x64, 0x39, 0xC0, 0xFC, 0x27, 0x1B, 0x60, 0x19, 0xF0, 0x60, 0xC1,
  0x83, 0x06, 0x0C, 0x7E, 0x3C, 0x66, 0xC2, 0xC3, 0xC3, 0xC2, 0x46, 0x3C,
  0x84, 0x63, 0x18, 0xC6, 0x31, 0x99, 0xCD, 0x8C, 0x8C, 0x84, 0x00, 0x18,
  0x0C, 0x1F, 0x01, 0x00, 0x60, 0x20, 0x0C, 0x08, 0x01, 0x81, 0x00, 0x30,
  0x46, 0x06, 0x09, 0x80, 0xC2, 0x30, 0x7E, 0x4C, 0x80, 0x19, 0x10, 0x02,
  0x62, 0x00, 0xCF, 0xF0, 0x10, 0x08, 0x06, 0x01, 0x00, 0x18, 0x0C, 0x1F,
  0x01, 0x00, 0x60, 0x20, 0x0C, 0x08, 0x01, 0x81, 0x10, 0x30, 0x4D, 0xC6,
  0x0B, 0x18, 0xC2, 0x23, 0x7E, 0x40, 0x60, 0x18, 0x08, 0x02, 0x03, 0x00,
  0xC0, 0xC0, 0x10, 0x20, 0x06, 0x1F, 0xC0, 0x7C, 0x0C, 0x08, 0xC1, 0x01,
  0x18, 0x20, 0x06, 0x08, 0x01, 0xC1, 0x00, 0x0C, 0x46, 0x11, 0x89, 0x86,
  0x32, 0x30, 0x7C, 0x4C, 0x80, 0x19, 0x10, 0x02, 0x62, 0x00, 0xCF, 0xF0,
  0x10, 0x08, 0x06, 0x01, 0x00, 0x18, 0x18, 0x18, 0x00, 0x08, 0x08, 0x10,
  0x30, 0x60, 0xC0, 0xC0, 0xC3, 0xC3, 0xC2, 0x3C, 0x0C, 0x00, 0x30, 0x00,
  0x60, 0x00, 0x40, 0x00, 0x00, 0x0C, 0x00, 0x70, 0x01, 0xC0, 0x05, 0x80,
  0x36, 0x00, 0x98, 0x02, 0x30, 0x18, 0xC0, 0x7F, 0x01, 0x06, 0x08, 0x18,
  0x20, 0x60, 0x80, 0xCF, 0x0F, 0xC0, 0x00, 0xC0, 0x07, 0x00, 0x18, 0x00,
  0x80, 0x00, 0x00, 0x0C, 0x00, 0x70, 0x01, 0xC0, 0x05, 0x80, 0x36, 0x00,
  0x98, 0x02, 0x30, 0x18, 0xC0, 0x7F, 0x01, 0x06, 0x08, 0x18, 0x20, 0x60,
  0x80, 0xCF, 0x0F, 0xC0, 0x02, 0x00, 0x0C, 0x00, 0x78, 0x03, 0x30, 0x00,
  0x00, 0x0C, 0x00, 0x70, 0x01, 0xC0, 0x05, 0x80, 0x36, 0x00, 0x98, 0x02,
  0x30, 0x18, 0xC0, 0x7F, 0x01, 0x06, 0x08, 0x18, 0x20, 0x60, 0x80, 0xCF,
  0x0F, 0xC0, 0x0F, 0x40, 0x27, 0x00, 0x00, 0x00, 0xC0, 0x07, 0x00, 0x1C,
  0x00, 0x58, 0x03, 0x60, 0x09, 0x80, 0x23, 0x01, 0x8C, 0x07, 0xF0, 0x10,
  0x60, 0x81, 0x82, 0x06, 0x08, 0x0C, 0xF0, 0xFC, 0x0C, 0xC0, 0x33, 0x00,
  0xCC, 0x00, 0x00, 0x03, 0x00, 0x1C, 0x00, 0x70, 0x01, 0x60, 0x0D, 0x80,
  0x26, 0x00, 0x8C, 0x06, 0x30, 0x1F, 0xC0, 0x41, 0x82, 0x06, 0x08, 0x18,
  0x20, 0x33, 0xC3, 0xF0, 0x03, 0x00, 0x12, 0x00, 0xC4, 0x03, 0x30, 0x07,
  0x80, 0x0C, 0x00, 0x70, 0x01, 0xC0, 0x05, 0x80, 0x36, 0x00, 0x98, 0x02,
  0x30, 0x18, 0xC0, 0x7F, 0x01, 0x06, 0x08, 0x18, 0x20, 0x60, 0x80, 0xCF,
  0x0F, 0xC0, 0x07, 0xFF, 0xC0, 0x1C, 0x18, 0x05, 0x83, 0x01, 0xB0, 0x20,
  0x26, 0x00, 0x0C, 0xC2, 0x01, 0x18, 0xC0, 0x7F, 0xF8, 0x08, 0x63, 0x03,
  0x0C, 0x20, 0x41, 0x80, 0x98, 0x30, 0x32, 0x06, 0x05, 0xF1, 0xFF, 0x80,
  0x0F, 0x86, 0x19, 0x81, 0x70, 0x1C, 0x01, 0x80, 0x30, 0x06, 0x00, 0xC0,
  0x18, 0x03, 0x80, 0xB0, 0x27, 0x04, 0x3F, 0x80, 0x80, 0x38, 0x01, 0x01,
  0x60, 0x18, 0x00, 0x18, 0x03, 0x00, 0x30, 0x01, 0x00, 0x01, 0xFF, 0x9C,
  0x31, 0x86, 0x30, 0x46, 0x00, 0xC4, 0x19, 0x83, 0xF0, 0x62, 0x0C, 0x41,
  0x81, 0x30, 0x66, 0x0F, 0xFF, 0x80, 0x03, 0x00, 0xE0, 0x18, 0x04, 0x00,
  0x01, 0xFF, 0x9C, 0x31, 0x86, 0x30, 0x46, 0x00, 0xC4, 0x19, 0x83, 0xF0,
  0x62, 0x0C, 0x41, 0x81, 0x30, 0x66, 0x0F, 0xFF, 0x80, 0x08, 0x01, 0x80,
  0x78, 0x19, 0x80, 0x01, 0xFF, 0x9C, 0x31, 0x86, 0x30, 0x46, 0x00, 0xC4,
  0x19, 0x83, 0xF0, 0x62, 0x0C, 0x41, 0x81, 0x30, 0x66, 0x0F, 0xFF, 0x80,
  0x33, 0x06, 0x60, 0xCC, 0x00, 0x0F, 0xFC, 0xE1, 0x8C, 0x31, 0x82, 0x30,
  0x06, 0x20, 0xCC, 0x1F, 0x83, 0x10, 0x62, 0x0C, 0x09, 0x83, 0x30, 0x7F,
  0xFC, 0xC3, 0x06, 0x04, 0x03, 0xF7, 0x0C, 0x30, 0xC3, 0x0C, 0x30, 0xC3,
  0x0C, 0x30, 0xCF, 0xC0, 0x0C, 0x71, 0x88, 0x03, 0xF7, 0x0C, 0x30, 0xC3,
  0x0C, 0x30, 0xC3, 0x0C, 0x30, 0xCF, 0xC0, 0x20, 0xC7, 0xB3, 0x03, 0xF7,
  0x0C, 0x30, 0xC3, 0x0C, 0x30, 0xC3, 0x0C, 0x30, 0xCF, 0xC0, 0xCF, 0x3C,
  0xC0, 0xFD, 0xC3, 0x0C, 0x30, 0xC3, 0x0C, 0x30, 0xC3, 0x0C, 0x33, 0xF0,
  0xFE, 0x03, 0x8E, 0x0C, 0x18, 0x60, 0x63, 0x03, 0x98, 0x1F, 0xF8, 0x66,
  0x03, 0x30, 0x39, 0x81, 0xCC, 0x0C, 0x60, 0x63, 0x0E, 0x7F, 0xC0, 0x07,
  0xA0, 0x09, 0xC0, 0x00, 0x07, 0x81, 0xF3, 0x81, 0x87, 0x81, 0x0B, 0x02,
  0x13, 0x04, 0x27, 0x08, 0x46, 0x10, 0x86, 0x21, 0x0E, 0x42, 0x0C, 0x84,
  0x0D, 0x08, 0x0E, 0x10, 0x1C, 0x78, 0x18, 0x18, 0x00, 0xC0, 0x03, 0x00,
  0x04, 0x00, 0x00, 0x07, 0xC0, 0xC3, 0x0C, 0x0C, 0x60, 0x36, 0x01, 0xB0,
  0x0F, 0x80, 0x7C, 0x03, 0xE0, 0x1F, 0x00, 0xCC, 0x06, 0x60, 0x21, 0x83,
  0x07, 0xE0, 0x01, 0x80, 0x1C, 0x00, 0xC0, 0x08, 0x00, 0x00, 0x07, 0xC0,
  0xC3, 0x0C, 0x0C, 0x60, 0x36, 0x01, 0xB0, 0x0F, 0x80, 0x7C, 0x03, 0xE0,
  0x1F, 0x00, 0xCC, 0x06, 0x60, 0x21, 0x83, 0x07, 0xE0, 0x04, 0x00, 0x30,
  0x03, 0xC0, 0x33, 0x00, 0x00, 0x07, 0xC0, 0xC3, 0x0C, 0x0C, 0x60, 0x36,
  0x01, 0xB0, 0x0F, 0x80, 0x7C, 0x03, 0xE0, 0x1F, 0x00, 0xCC, 0x06, 0x60,
  0x21, 0x83, 0x07, 0xE0, 0x1E, 0x80, 0x9C, 0x00, 0x00, 0x1F, 0x03, 0x0C,
  0x30, 0x31, 0x80, 0xD8, 0x06, 0xC0, 0x3E, 0x01, 0xF0, 0x0F, 0x80, 0x7C,
  0x03, 0x30, 0x19, 0x80, 0x86, 0x0C, 0x1F, 0x80, 0x19, 0x80, 0xCC, 0x06,
  0x60, 0x00, 0x00, 0xF8, 0x18, 0x61, 0x81, 0x8C, 0x06, 0xC0, 0x36, 0x01,
  0xF0, 0x0F, 0x80, 0x7C, 0x03, 0xE0, 0x19, 0x80, 0xCC, 0x04, 0x30, 0x60,
  0xFC, 0x00, 0x81, 0x61, 0xD9, 0x87, 0x81, 0x81, 0xE1, 0x99, 0x86, 0x81,
  0x80, 0x00, 0x20, 0x7E, 0x0C, 0x30, 0xC1, 0xC6, 0x0B, 0x60, 0x9B, 0x04,
  0xF8, 0x47, 0xC2, 0x3E, 0x21, 0xF1, 0x0C, 0xD0, 0x66, 0x82, 0x18, 0x30,
  0x7E, 0x04, 0x00, 0x20, 0x00, 0x0C, 0x00, 0x60, 0x01, 0x80, 0x02, 0x00,
  0x00, 0x7C, 0x7D, 0xC0, 0xCC, 0x04, 0x60, 0x23, 0x01, 0x18, 0x08, 0xC0,
  0x46, 0x02, 0x30, 0x11, 0x80, 0x86, 0x04, 0x30, 0x21, 0x82, 0x07, 0xE0,
  0x00, 0xC0, 0x0E, 0x00, 0x60, 0x04, 0x00, 0x00, 0x7C, 0x7D, 0xC0, 0xCC,
  0x04, 0x60, 0x23, 0x01, 0x18, 0x08, 0xC0, 0x46, 0x02, 0x30, 0x11, 0x80,
  0x86, 0x04, 0x30, 0x21, 0x82, 0x07, 0xE0, 0x02, 0x00, 0x18, 0x01, 0xE0,
  0x19, 0x80, 0x00, 0x7C, 0x7D, 0xC0, 0xCC, 0x04, 0x60, 0x23, 0x01, 0x18,
  0x08, 0xC0, 0x46, 0x02, 0x30, 0x11, 0x80, 0x86, 0x04, 0x30, 0x21, 0x82,
  0x07, 0xE0, 0x0C, 0xC0, 0x66, 0x03, 0x30, 0x00, 0x0F, 0x8F, 0xB8, 0x19,
  0x80, 0x8C, 0x04, 0x60, 0x23, 0x01, 0x18, 0x08, 0xC0, 0x46, 0x02, 0x30,
  0x10, 0xC0, 0x86, 0x04, 0x30, 0x40, 0xFC, 0x00, 0x01, 0x80, 0x38, 0x03,
  0x00, 0x40, 0x00, 0x0F, 0x8F, 0x60, 0x23, 0x04, 0x30, 0x41, 0x88, 0x18,
  0x80, 0xD0, 0x0D, 0x00, 0x60, 0x06, 0x00, 0x60, 0x06, 0x00, 0x60, 0x1F,
  0x80, 0xF8, 0x1C, 0x03, 0x00, 0xFE, 0x31, 0xCC, 0x33, 0x0C, 0xC3, 0x30,
  0xCC, 0x63, 0xF0, 0xC0, 0x30, 0x3F, 0x00, 0x0F, 0x04, 0x62, 0x18, 0x86,
  0x63, 0x19, 0x86, 0x61, 0x9C, 0x63, 0x98, 0x66, 0x0D, 0x83, 0x64, 0xDB,
  0x3E, 0x78, 0x60, 0x30, 0x0C, 0x01, 0x00, 0x81, 0xC3, 0x99, 0x8C, 0x46,
  0x07, 0x1D, 0x98, 0xCC, 0x66, 0x31, 0xEE, 0x06, 0x07, 0x02, 0x06, 0x00,
  0x01, 0xC3, 0x99, 0x8C, 0x46, 0x07, 0x1D, 0x98, 0xCC, 0x66, 0x31, 0xEE,
  0x18, 0x0C, 0x0D, 0x0C, 0xC0, 0x01, 0xC3, 0x99, 0x8C, 0x46, 0x07, 0x1D,
  0x98, 0xCC, 0x66, 0x31, 0xEE, 0x7A, 0x2F, 0x00, 0x07, 0x0E, 0x66, 0x31,
  0x18, 0x1C, 0x76, 0x63, 0x31, 0x98, 0xC7, 0xB8, 0x66, 0x33, 0x19, 0x80,
  0x03, 0x87, 0x33, 0x18, 0x8C, 0x0E, 0x3B, 0x31, 0x98, 0xCC, 0x63, 0xDC,
  0x18, 0x12, 0x18, 0x8C, 0xC3, 0xC0, 0x00, 0xE1, 0xCC, 0xC6, 0x23, 0x03,
  0x8E, 0xCC, 0x66, 0x33, 0x18, 0xF7, 0x38, 0xC6, 0x39, 0xB1, 0x8D, 0x0C,
  0x31, 0xFF, 0xB3, 0x03, 0x18, 0x18, 0xC0, 0xC7, 0x13, 0xDF, 0x00, 0x1C,
  0xCF, 0x0E, 0x1C, 0x18, 0x30, 0x60, 0xE2, 0xF8, 0x20, 0xE0, 0x45, 0x86,
  0x00, 0x60, 0x60, 0x30, 0x08, 0x08, 0x18, 0x66, 0xC6, 0xC3, 0xFF, 0xC0,
  0xC0, 0xC0, 0xE2, 0x7C, 0x06, 0x0E, 0x08, 0x30, 0x00, 0x18, 0x66, 0xC6,
  0xC3, 0xFF, 0xC0, 0xC0, 0xC0, 0xE2, 0x7C, 0x18, 0x18, 0x34, 0x66, 0x00,
  0x18, 0x66, 0xC6, 0xC3, 0xFF, 0xC0, 0xC0, 0xC0, 0xE2, 0x7C, 0x66, 0x66,
  0x66, 0x00, 0x18, 0x66, 0xC6, 0xC3, 0xFF, 0xC0, 0xC0, 0xC0, 0xE2, 0x7C,
  0xC6, 0x18, 0x21, 0x59, 0xC6, 0x31, 0x8C, 0x63, 0x19, 0xE0, 0x0C, 0x71,
  0x18, 0x02, 0xC7, 0x0C, 0x30, 0xC3, 0x0C, 0x30, 0xC7, 0x80, 0x30, 0xC6,
  0xB3, 0x02, 0xC7, 0x0C, 0x30, 0xC3, 0x0C, 0x30, 0xC7, 0x80, 0xCF, 0x3C,
  0xC0, 0xB1, 0xC3, 0x0C, 0x30, 0xC3, 0x0C, 0x31, 0xE0, 0x02, 0x3A, 0x06,
  0x05, 0x84, 0x60, 0x10, 0x0C, 0xFE, 0x43, 0x61, 0xF0, 0xF8, 0x6C, 0x36,
  0x19, 0x08, 0x78, 0x1E, 0x82, 0xF0, 0x00, 0x59, 0xC7, 0xDC, 0x61, 0x8C,
  0x31, 0x86, 0x30, 0xC6, 0x18, 0xC3, 0x18, 0x67, 0x9E, 0x60, 0x30, 0x0C,
  0x01, 0x00, 0x80, 0xE1, 0x99, 0x86, 0xC1, 0xE0, 0xF0, 0x78, 0x3C, 0x12,
  0x18, 0xF8, 0x06, 0x07, 0x02, 0x06, 0x00, 0x00, 0xE1, 0x99, 0x86, 0xC1,
  0xE0, 0xF0, 0x78, 0x3C, 0x12, 0x18, 0xF8, 0x18, 0x0C, 0x0D, 0x0C, 0xC0,
  0x00, 0xE1, 0x99, 0x86, 0xC1, 0xE0, 0xF0, 0x78, 0x3C, 0x12, 0x18, 0xF8,
  0x7A, 0x2F, 0x00, 0x03, 0x86, 0x66, 0x1B, 0x07, 0x83, 0xC1, 0xE0, 0xF0,
  0x48, 0x63, 0xE0, 0x66, 0x33, 0x19, 0x80, 0x01, 0xC3, 0x33, 0x0D, 0x83,
  0xC1, 0xE0, 0xF0, 0x78, 0x24, 0x31, 0xF0, 0x0C, 0x06, 0x00, 0x00, 0x0F,
  0xF8, 0x00, 0x00, 0x18, 0x0C, 0x06, 0x00, 0x01, 0x0F, 0x19, 0x98, 0xEC,
  0x5E, 0x4F, 0x27, 0xA3, 0xF1, 0x31, 0x9F, 0x88, 0x00, 0x18, 0x03, 0x00,
  0x30, 0x01, 0x00, 0x20, 0x04, 0x3C, 0x61, 0x84, 0x30, 0x86, 0x10, 0xC2,
  0x18, 0x43, 0x08, 0x63, 0x07, 0xB8, 0x01, 0x80, 0x70, 0x08, 0x06, 0x00,
  0x00, 0x04, 0x3C, 0x61, 0x84, 0x30, 0x86, 0x10, 0xC2, 0x18, 0x43, 0x08,
  0x63, 0x07, 0xB8, 0x06, 0x00, 0xC0, 0x34, 0x0C, 0xC0, 0x00, 0x04, 0x3C,
  0x61, 0x84, 0x30, 0x86, 0x10, 0xC2, 0x18, 0x43, 0x08, 0x63, 0x07, 0xB8,
  0x19, 0x83, 0x30, 0x66, 0x00, 0x00, 0x21, 0xE3, 0x0C, 0x21, 0x84, 0x30,
  0x86, 0x10, 0xC2, 0x18, 0x43, 0x18, 0x3D, 0xC0, 0x03, 0x01, 0xC0, 0x40,
  0x60, 0x00, 0x3C, 0xF6, 0x19, 0x84, 0x31, 0x0C, 0x41, 0x20, 0x68, 0x1A,
  0x03, 0x00, 0xC0, 0x20, 0x08, 0x16, 0x07, 0x00, 0xE0, 0x18, 0x06, 0x01,
  0x80, 0x60, 0x19, 0x87, 0x99, 0x83, 0x60, 0xD8, 0x36, 0x0D, 0x83, 0x60,
  0xD8, 0x67, 0xF1, 0x80, 0x60, 0x18, 0x0F, 0x80, 0x33, 0x0C, 0xC3, 0x30,
  0x00, 0xF3, 0xD8, 0x66, 0x10, 0xC4, 0x31, 0x04, 0x81, 0xA0, 0x68, 0x0C,
  0x03, 0x00, 0x80, 0x20, 0x58, 0x1C, 0x00 };

const GFXglyph Gelasio_Regular10pt8bGlyphs[] PROGMEM = {
  {     0,   1,   1,   5,    0,    0 },   // 0x20 ' '
  {     1,   3,  15,   6,    2,  -14 },   // 0x21 '!'
  {     7,   7,   7,   8,    1,  -15 },   // 0x22 '"'
  {    14,  11,  14,  13,    1,  -13 },   // 0x23 '#'
  {    34,   9,  17,  12,    1,  -14 },   // 0x24 '$'
  {    54,  14,  14,  16,    1,  -13 },   // 0x25 '%'
  {    79,  12,  14,  14,    1,  -13 },   // 0x26 '&'
  {   100,   3,   7,   4,    1,  -15 },   // 0x27 '''
  {   103,   5,  18,   7,    1,  -14 },   // 0x28 '('
  {   115,   5,  18,   7,    1,  -14 },   // 0x29 ')'
  {   127,   8,   8,   9,    1,  -14 },   // 0x2A '*'
  {   135,   9,   9,  13,    2,   -9 },   // 0x2B '+'
  {   146,   3,   5,   5,    1,   -1 },   // 0x2C ','
  {   148,   5,   1,   7,    1,   -5 },   // 0x2D '-'
  {   149,   3,   2,   5,    1,   -1 },   // 0x2E '.'
  {   150,   6,  19,   9,    2,  -14 },   // 0x2F '/'
  {   165,  10,  12,  12,    1,  -11 },   // 0x30 '0'
  {   180,   7,  11,   8,    1,  -10 },   // 0x31 '1'
  {   190,   9,  12,  11,    1,  -11 },   // 0x32 '2'
  {   204,   9,  16,  11,    1,  -11 },   // 0x33 '3'
  {   222,  10,  15,  11,    1,  -11 },   // 0x34 '4'
  {   241,   9,  15,  10,    1,  -10 },   // 0x35 '5'
  {   258,   9,  15,  11,    1,  -14 },   // 0x36 '6'
  {   275,   8,  14,  10,    1,  -10 },   // 0x37 '7'
  {   289,   9,  14,  12,    1,  -13 },   // 0x38 '8'
  {   305,   9,  15,  11,    1,  -11 },   // 0x39 '9'
  {   322,   3,   9,   6,    2,   -8 },   // 0x3A ':'
  {   326,   3,  12,   6,    1,   -8 },   // 0x3B ';'
  {   331,   8,  10,  13,    2,   -9 },   // 0x3C '<'
  {   341,   9,   6,  13,    2,   -7 },   // 0x3D '='
  {   348,   9,  10,  13,    2,   -9 },   // 0x3E '>'
  {   360,   8,  15,   9,    1,  -14 },   // 0x3F '?'
  {   375,  16,  16,  18,    1,  -12 },   // 0x40 '@'
  {   407,  14,  14,  13,    0,  -13 },   // 0x41 'A'
  {   432,  11,  14,  13,    1,  -13 },   // 0x42 'B'
  {   452,  11,  14,  13,    1,  -13 },   // 0x43 'C'
  {   472,  13,  14,  15,    1,  -13 },   // 0x44 'D'
  {   495,  11,  14,  13,    1,  -13 },   // 0x45 'E'
  {   515,  10,  14,  12,    1,  -13 },   // 0x46 'F'
  {   533,  13,  14,  14,    1,  -13 },   // 0x47 'G'
  {   556,  14,  14,  16,    1,  -13 },   // 0x48 'H'
  {   581,   6,  14,   8,    1,  -13 },   // 0x49 'I'
  {   592,   9,  14,  10,    0,  -13 },   // 0x4A 'J'
  {   608,  13,  14,  14,    1,  -13 },   // 0x4B 'K'
  {   631,  10,  14,  12,    1,  -13 },   // 0x4C 'L'
  {   649,  16,  14,  18,    1,  -13 },   // 0x4D 'M'
  {   677,  15,  14,  15,    0,  -13 },   // 0x4E 'N'
  {   704,  13,  14,  15,    1,  -13 },   // 0x4F 'O'
  {   727,  10,  14,  12,    1,  -13 },   // 0x50 'P'
  {   745,  13,  18,  15,    1,  -13 },   // 0x51 'Q'
  {   775,  13,  14,  14,    1,  -13 },   // 0x52 'R'
  {   798,   9,  14,  11,    1,  -13 },   // 0x53 'S'
  {   814,  12,  14,  12,    0,  -13 },   // 0x54 'T'
  {   835,  13,  14,  15,    1,  -13 },   // 0x55 'U'
  {   858,  14,  14,  13,    0,  -13 },   // 0x56 'V'
  {   883,  19,  14,  19,    0,  -13 },   // 0x57 'W'
  {   917,  13,  14,  14,    0,  -13 },   // 0x58 'X'
  {   940,  12,  14,  12,    0,  -13 },   // 0x59 'Y'
  {   961,  10,  14,  12,    1,  -13 },   // 0x5A 'Z'
  {   979,   4,  18,   7,    2,  -14 },   // 0x5B '['
  {   988,   6,  19,   9,    0,  -13 },   // 0x5C '\'
  {  1003,   5,  18,   7,    1,  -14 },   // 0x5D ']'
  {  1015,  10,  11,  13,    1,  -13 },   // 0x5E '^'
  {  1029,  13,   1,  13,    0,    3 },   // 0x5F '_'
  {  1031,   5,   4,  10,    3,  -14 },   // 0x60 '`'
  {  1034,   9,  10,  10,    1,   -9 },   // 0x61 'a'
  {  1046,  10,  15,  11,    0,  -14 },   // 0x62 'b'
  {  1065,   7,  10,   9,    1,   -9 },   // 0x63 'c'
  {  1074,  10,  15,  11,    1,  -14 },   // 0x64 'd'
  {  1093,   8,  10,   9,    1,   -9 },   // 0x65 'e'
  {  1103,   6,  15,   6,    1,  -14 },   // 0x66 'f'
  {  1115,   9,  15,  10,    1,   -9 },   // 0x67 'g'
  {  1132,  11,  15,  11,    0,  -14 },   // 0x68 'h'
  {  1153,   5,  14,   6,    0,  -13 },   // 0x69 'i'
  {  1162,   4,  18,   6,    0,  -13 },   // 0x6A 'j'
  {  1171,  10,  15,  10,    0,  -14 },   // 0x6B 'k'
  {  1190,   5,  15,   6,    0,  -14 },   // 0x6C 'l'
  {  1200,  17,  10,  17,    0,   -9 },   // 0x6D 'm'
  {  1222,  11,  10,  12,    0,   -9 },   // 0x6E 'n'
  {  1236,   9,  10,  11,    1,   -9 },   // 0x6F 'o'
  {  1248,  10,  14,  11,    0,   -9 },   // 0x70 'p'
  {  1266,  10,  14,  11,    1,   -9 },   // 0x71 'q'
  {  1284,   7,  10,   8,    1,   -9 },   // 0x72 'r'
  {  1293,   7,  10,   8,    1,   -9 },   // 0x73 's'
  {  1302,   7,  12,   7,    0,  -11 },   // 0x74 't'
  {  1313,  11,   9,  11,    0,   -8 },   // 0x75 'u'
  {  1326,  10,  10,  10,    0,   -9 },   // 0x76 'v'
  {  1339,  14,  10,  14,    0,   -9 },   // 0x77 'w'
  {  1357,  10,  10,  10,    0,   -9 },   // 0x78 'x'
  {  1370,  10,  14,  10,    0,   -9 },   // 0x79 'y'
  {  1388,   8,  10,   9,    0,   -9 },   // 0x7A 'z'
  {  1398,   7,  18,   8,    1,  -14 },   // 0x7B '{'
  {  1414,   1,  19,   7,    3,  -14 },   // 0x7C '|'
  {  1417,   7,  18,   8,    1,  -14 },   // 0x7D '}'
  {  1433,   9,   3,  13,    2,   -6 },   // 0x7E '~'
  {  1437,   1,   1,   0,    0,    0 },   // 0x7F
  {  1438,  15,  15,  20,    2,  -14 },   // 0x80
  {  1467,  15,  15,  20,    2,  -14 },   // 0x81
  {  1496,  15,  15,  20,    2,  -14 },   // 0x82
  {  1525,  15,  15,  20,    2,  -14 },   // 0x83
  {  1554,  15,  15,  20,    2,  -14 },   // 0x84
  {  1583,  15,  15,  20,    2,  -14 },   // 0x85
  {  1612,  15,  15,  20,    2,  -14 },   // 0x86
  {  1641,  15,  15,  20,    2,  -14 },   // 0x87
  {  1670,  15,  15,  20,    2,  -14 },   // 0x88
  {  1699,  15,  15,  20,    2,  -14 },   // 0x89
  {  1728,  15,  15,  20,    2,  -14 },   // 0x8A
  {  1757,  15,  15,  20,    2,  -14 },   // 0x8B
  {  1786,  15,  15,  20,    2,  -14 },   // 0x8C
  {  1815,  15,  15,  20,    2,  -14 },   // 0x8D
  {  1844,  15,  15,  20,    2,  -14 },   // 0x8E
  {  1873,  15,  15,  20,    2,  -14 },   // 0x8F
  {  1902,  15,  15,  20,    2,  -14 },   // 0x90
  {  1931,  15,  15,  20,    2,  -14 },   // 0x91
  {  1960,  15,  15,  20,    2,  -14 },   // 0x92
  {  1989,  15,  15,  20,    2,  -14 },   // 0x93
  {  2018,  15,  15,  20,    2,  -14 },   // 0x94
  {  2047,  15,  15,  20,    2,  -14 },   // 0x95
  {  2076,  15,  15,  20,    2,  -14 },   // 0x96
  {  2105,  15,  15,  20,    2,  -14 },   // 0x97
  {  2134,  15,  15,  20,    2,  -14 },   // 0x98
  {  2163,  15,  15,  20,    2,  -14 },   // 0x99
  {  2192,  15,  15,  20,    2,  -14 },   // 0x9A
  {  2221,  15,  15,  20,    2,  -14 },   // 0x9B
  {  2250,  15,  15,  20,    2,  -14 },   // 0x9C
  {  2279,  15,  15,  20,    2,  -14 },   // 0x9D
  {  2308,  15,  15,  20,    2,  -14 },   // 0x9E
  {  2337,  15,  15,  20,    2,  -14 },   // 0x9F
  {  2366,   1,   1,   5,    0,    0 },   // 0xA0
  {  2367,   3,  15,   6,    2,  -13 },   // 0xA1
  {  2373,   8,  14,  11,    1,  -11 },   // 0xA2
  {  2387,  12,  14,  12,    0,  -13 },   // 0xA3
  {  2408,   9,   9,  11,    1,   -9 },   // 0xA4
  {  2419,  12,  14,  12,    0,  -13 },   // 0xA5
  {  2440,   1,  19,   7,    3,  -14 },   // 0xA6
  {  2443,   8,  18,  10,    1,  -13 },   // 0xA7
  {  2461,   6,   3,  10,    2,  -14 },   // 0xA8
  {  2464,  17,  17,  18,    1,  -13 },   // 0xA9
  {  2501,   7,   8,  10,    2,  -13 },   // 0xAA
  {  2508,   9,   9,  11,    1,   -9 },   // 0xAB
  {  2519,   9,   5,  13,    2,   -5 },   // 0xAC
  {  2525,  15,  15,  20,    2,  -14 },   // 0xAD
  {  2554,  17,  17,  18,    1,  -13 },   // 0xAE
  {  2591,   6,   1,  13,    0,  -12 },   // 0xAF
  {  2592,   6,   7,   8,    1,  -13 },   // 0xB0
  {  2598,   9,  10,  13,    2,   -9 },   // 0xB1
  {  2610,   7,   9,  10,    1,  -15 },   // 0xB2
  {  2618,   7,   9,  10,    1,  -15 },   // 0xB3
  {  2626,   5,   4,  10,    2,  -14 },   // 0xB4
  {  2629,  10,  13,  11,    1,   -8 },   // 0xB5
  {  2646,  10,  17,  10,    0,  -13 },   // 0xB6
  {  2668,   3,   2,   5,    1,   -7 },   // 0xB7
  {  2669,   4,   5,   5,    0,    1 },   // 0xB8
  {  2672,   7,   9,  10,    1,  -15 },   // 0xB9
  {  2680,   8,   8,  10,    1,  -13 },   // 0xBA
  {  2688,   9,   9,  11,    1,   -9 },   // 0xBB
  {  2699,  19,  14,  21,    0,  -13 },   // 0xBC
  {  2733,  19,  14,  21,    0,  -13 },   // 0xBD
  {  2767,  19,  14,  21,    1,  -13 },   // 0xBE
  {  2801,   8,  15,   9,    1,  -13 },   // 0xBF
  {  2816,  14,  19,  13,    0,  -18 },   // 0xC0
  {  2850,  14,  19,  13,    0,  -18 },   // 0xC1
  {  2884,  14,  19,  13,    0,  -18 },   // 0xC2
  {  2918,  14,  17,  13,    0,  -16 },   // 0xC3
  {  2948,  14,  18,  13,    0,  -17 },   // 0xC4
  {  2980,  14,  19,  13,    0,  -18 },   // 0xC5
  {  3014,  19,  14,  19,   -1,  -13 },   // 0xC6
  {  3048,  11,  19,  13,    1,  -13 },   // 0xC7
  {  3075,  11,  19,  13,    1,  -18 },   // 0xC8
  {  3102,  11,  19,  13,    1,  -18 },   // 0xC9
  {  3129,  11,  19,  13,    1,  -18 },   // 0xCA
  {  3156,  11,  18,  13,    1,  -17 },   // 0xCB
  {  3181,   6,  19,   8,    1,  -18 },   // 0xCC
  {  3196,   6,  19,   8,    1,  -18 },   // 0xCD
  {  3211,   6,  19,   8,    1,  -18 },   // 0xCE
  {  3226,   6,  18,   8,    1,  -17 },   // 0xCF
  {  3240,  13,  14,  15,    1,  -13 },   // 0xD0
  {  3263,  15,  17,  15,    0,  -16 },   // 0xD1
  {  3295,  13,  19,  15,    1,  -18 },   // 0xD2
  {  3326,  13,  19,  15,    1,  -18 },   // 0xD3
  {  3357,  13,  19,  15,    1,  -18 },   // 0xD4
  {  3388,  13,  17,  15,    1,  -16 },   // 0xD5
  {  3416,  13,  18,  15,    1,  -17 },   // 0xD6
  {  3446,   9,   9,  13,    2,   -9 },   // 0xD7
  {  3457,  13,  17,  15,    1,  -14 },   // 0xD8
  {  3485,  13,  19,  15,    1,  -18 },   // 0xD9
  {  3516,  13,  19,  15,    1,  -18 },   // 0xDA
  {  3547,  13,  19,  15,    1,  -18 },   // 0xDB
  {  3578,  13,  18,  15,    1,  -17 },   // 0xDC
  {  3608,  12,  19,  12,    0,  -18 },   // 0xDD
  {  3637,  10,  14,  12,    1,  -13 },   // 0xDE
  {  3655,  10,  15,  11,    0,  -14 },   // 0xDF
  {  3674,   9,  15,  10,    1,  -14 },   // 0xE0
  {  3691,   9,  15,  10,    1,  -14 },   // 0xE1
  {  3708,   9,  15,  10,    1,  -14 },   // 0xE2
  {  3725,   9,  13,  10,    1,  -12 },   // 0xE3
  {  3740,   9,  14,  10,    1,  -13 },   // 0xE4
  {  3756,   9,  16,  10,    1,  -15 },   // 0xE5
  {  3774,  13,  10,  14,    1,   -9 },   // 0xE6
  {  3791,   7,  15,   9,    1,   -9 },   // 0xE7
  {  3805,   8,  15,   9,    1,  -14 },   // 0xE8
  {  3820,   8,  15,   9,    1,  -14 },   // 0xE9
  {  3835,   8,  15,   9,    1,  -14 },   // 0xEA
  {  3850,   8,  14,   9,    1,  -13 },   // 0xEB
  {  3864,   5,  15,   6,    0,  -14 },   // 0xEC
  {  3874,   6,  15,   6,    0,  -14 },   // 0xED
  {  3886,   6,  15,   6,    0,  -14 },   // 0xEE
  {  3898,   6,  14,   6,    0,  -13 },   // 0xEF
  {  3909,   9,  16,  10,    1,  -15 },   // 0xF0
  {  3927,  11,  13,  12,    0,  -12 },   // 0xF1
  {  3945,   9,  15,  11,    1,  -14 },   // 0xF2
  {  3962,   9,  15,  11,    1,  -14 },   // 0xF3
  {  3979,   9,  15,  11,    1,  -14 },   // 0xF4
  {  3996,   9,  13,  11,    1,  -12 },   // 0xF5
  {  4011,   9,  14,  11,    1,  -13 },   // 0xF6
  {  4027,   9,  10,  13,    2,   -9 },   // 0xF7
  {  4039,   9,  12,  11,    1,  -10 },   // 0xF8
  {  4053,  11,  15,  11,    0,  -14 },   // 0xF9
  {  4074,  11,  15,  11,    0,  -14 },   // 0xFA
  {  4095,  11,  15,  11,    0,  -14 },   // 0xFB
  {  4116,  11,  14,  11,    0,  -13 },   // 0xFC
  {  4136,  10,  19,  10,    0,  -14 },   // 0xFD
  {  4160,  10,  19,  11,    0,  -14 },   // 0xFE
  {  4184,  10,  18,  10,    0,  -13 } }; // 0xFF

const GFXfont Gelasio_Regular10pt8b PROGMEM = {
  (uint8_t  *)Gelasio_Regular10pt8bBitmaps,
  (GFXglyph *)Gelasio_Regular10pt8bGlyphs,
  0x20, 0xFF, 25 };

// Approx. 5782 bytes

const uint8_t Gelasio_Regular11pt8bBitmaps[] PROGMEM = {
  0x00, 0xFF, 0xF6, 0x92, 0x49, 0x00, 0xBF, 0x63, 0x63, 0xE7, 0xC6, 0xC6,
  0xC6, 0x84, 0x84, 0x0C, 0x40, 0xC4, 0x08, 0xC0, 0x8C, 0x7F, 0xF7, 0xFF,
  0x18, 0x81, 0x18, 0x11, 0x8F, 0xFE, 0xFF, 0xE3, 0x10, 0x21, 0x02, 0x30,
  0x63, 0x00, 0x08, 0x04, 0x0F, 0xEC, 0x3C, 0x0E, 0x07, 0x80, 0xF0, 0x3E,
  0x0F, 0x81, 0xF0, 0x38, 0x1E, 0x0F, 0x07, 0x7E, 0x08, 0x04, 0x02, 0x00,
  0x7C, 0x18, 0x8C, 0x63, 0x18, 0x86, 0x33, 0x0C, 0x64, 0x18, 0xD8, 0x1B,
  0x20, 0x08, 0xC8, 0x03, 0x6C, 0x04, 0x8C, 0x1B, 0x08, 0x26, 0x10, 0xC4,
  0x21, 0x08, 0xC6, 0x0F, 0x00, 0x1F, 0x00, 0xC6, 0x06, 0x18, 0x18, 0x60,
  0x31, 0x00, 0xC8, 0x11, 0xC7, 0x8F, 0x0C, 0x6E, 0x23, 0x1C, 0x8C, 0x3C,
  0x30, 0x70, 0xC0, 0xC1, 0x87, 0x83, 0xF3, 0xC0, 0x6F, 0xED, 0xA4, 0x0C,
  0x43, 0x18, 0x63, 0x0C, 0x30, 0xC3, 0x0C, 0x30, 0xC3, 0x06, 0x18, 0x20,
  0xC1, 0x81, 0xC0, 0x81, 0x06, 0x18, 0x30, 0xC3, 0x0C, 0x30, 0xC3, 0x0C,
  0x31, 0x86, 0x18, 0xC6, 0x20, 0x18, 0x18, 0x99, 0xEF, 0x7E, 0x3C, 0x76,
  0x66, 0x0C, 0x03, 0x00, 0xC0, 0x30, 0xFF, 0xFF, 0xF0, 0xC0, 0x30, 0x0C,
  0x03, 0x00, 0x5F, 0x96, 0xA0, 0xFF, 0xF0, 0x7D, 0x80, 0x04, 0x10, 0xC2,
  0x08, 0x21, 0x86, 0x10, 0x43, 0x0C, 0x20, 0x86, 0x18, 0x41, 0x04, 0x30,
  0xC2, 0x00, 0x1C, 0x1C, 0xC4, 0x1B, 0x06, 0xC1, 0xB0, 0x7C, 0x1F, 0x07,
  0xC1, 0xF0, 0x6C, 0x19, 0x84, 0x3E, 0x00, 0x11, 0xCF, 0x0C, 0x30, 0xC3,
  0x0C, 0x30, 0xC3, 0x0C, 0xFC, 0x1C, 0x19, 0xC4, 0x1B, 0x06, 0x41, 0x80,
  0x60, 0x30, 0x0C, 0x06, 0x03, 0x01, 0x01, 0xFF, 0xFF, 0xC0, 0x0C, 0x0C,
  0xC6, 0x1B, 0x86, 0x41, 0x80, 0x60, 0x30, 0x18, 0x1E, 0x00, 0xE0, 0x1C,
  0x03, 0xC0, 0xF0, 0x3C, 0x19, 0x06, 0x3E, 0x00, 0x02, 0x00, 0xC0, 0x38,
  0x06, 0x01, 0xC0, 0x30, 0x0C, 0x01, 0x88, 0x61, 0x0C, 0x23, 0x04, 0x7F,
  0xFF, 0xFE, 0x02, 0x00, 0x40, 0x08, 0x7F, 0x9F, 0xE4, 0x01, 0x00, 0x40,
  0x10, 0x04, 0xC1, 0xFC, 0x43, 0x80, 0x60, 0x18, 0x07, 0x41, 0xB0, 0x6C,
  0x1B, 0x0C, 0x7E, 0x00, 0x01, 0x81, 0x81, 0x80, 0xC0, 0x30, 0x18, 0x06,
  0xF3, 0xEE, 0xE1, 0xF0, 0x3C, 0x0F, 0x03, 0xC0, 0xD8, 0x36, 0x18, 0xFC,
  0xFF, 0xFF, 0xF0, 0x30, 0x38, 0x10, 0x18, 0x08, 0x0C, 0x06, 0x02, 0x03,
  0x01, 0x81, 0x80, 0xC0, 0xC0, 0x60, 0x70, 0x00, 0x1F, 0x0C, 0x66, 0x0D,
  0x83, 0x70, 0xCE, 0x61, 0xD0, 0x7C, 0x63, 0x98, 0x74, 0x0F, 0x03, 0x60,
  0xD8, 0x33, 0xF8, 0x0C, 0x0C, 0xC6, 0x1B, 0x03, 0xC0, 0xF0, 0x3C, 0x0F,
  0x83, 0x61, 0xCF, 0xB0, 0x18, 0x06, 0x03, 0x01, 0x80, 0xC0, 0xE0, 0x40,
  0x00, 0x7D, 0x80, 0x00, 0x7D, 0x80, 0x7D, 0x80, 0x00, 0x5F, 0x96, 0xA0,
  0x00, 0x81, 0xC3, 0x87, 0x0E, 0x06, 0x01, 0xC0, 0x38, 0x07, 0x00, 0xC0,
  0x20, 0xFF, 0xC0, 0x00, 0x00, 0x00, 0x00, 0x3F, 0xFF, 0xFC, 0xC0, 0x1C,
  0x01, 0xC0, 0x1C, 0x01, 0xC0, 0x30, 0x38, 0x38, 0x38, 0x38, 0x08, 0x00,
  0x3E, 0x21, 0xB0, 0xD8, 0x78, 0x38, 0x18, 0x0C, 0x0C, 0x0C, 0x0C, 0x04,
  0x02, 0x00, 0x00, 0xC0, 0xE0, 0x30, 0x00, 0xF0, 0x00, 0xE7, 0x80, 0xC0,
  0x30, 0x60, 0x06, 0x30, 0x40, 0x88, 0x7B, 0x26, 0x31, 0x8D, 0x1C, 0x63,
  0x46, 0x30, 0xB1, 0x8C, 0x2C, 0x63, 0x1B, 0x19, 0x8C, 0x46, 0xF6, 0x10,
  0xEF, 0x06, 0x00, 0x00, 0xC0, 0x08, 0x18, 0x06, 0x03, 0xFE, 0x00, 0x0C,
  0x00, 0x03, 0x00, 0x07, 0x00, 0x0E, 0x00, 0x3C, 0x00, 0x4C, 0x01, 0x98,
  0x02, 0x38, 0x04, 0x30, 0x18, 0x60, 0x3F, 0xE0, 0x40, 0xC1, 0x81, 0x82,
  0x03, 0x84, 0x03, 0x3E, 0x1F, 0x80, 0xFF, 0x83, 0x0E, 0x30, 0x63, 0x06,
  0x30, 0x63, 0x0E, 0x3F, 0x83, 0x1E, 0x30, 0x73, 0x03, 0x30, 0x33, 0x03,
  0x30, 0x73, 0x0E, 0xFF, 0x80, 0x0F, 0xE3, 0x07, 0x60, 0x36, 0x01, 0xE0,
  0x0C, 0x00, 0xC0, 0x0C, 0x00, 0xC0, 0x0C, 0x00, 0xE0, 0x0E, 0x01, 0x60,
  0x33, 0x06, 0x1F, 0xE0, 0xFF, 0xC0, 0xC1, 0xC3, 0x03, 0x8C, 0x06, 0x30,
  0x1C, 0xC0, 0x33, 0x00, 0xCC, 0x03, 0x30, 0x0C, 0xC0, 0x33, 0x01, 0xCC,
  0x06, 0x30, 0x38, 0xC1, 0xCF, 0xFC, 0x00, 0xFF, 0xE3, 0x06, 0x30, 0x63,
  0x02, 0x30, 0x03, 0x08, 0x31, 0x83, 0xF8, 0x31, 0x83, 0x08, 0x30, 0x03,
  0x01, 0x30, 0x33, 0x03, 0xFF, 0xF0, 0xFF, 0xE3, 0x06, 0x30, 0x23, 0x01,
  0x30, 0x03, 0x08, 0x30, 0x83, 0xF8, 0x30, 0x83, 0x08, 0x30, 0x03, 0x00,
  0x30, 0x03, 0x80, 0xFE, 0x00, 0x0F, 0xF0, 0xE0, 0xC7, 0x01, 0x18, 0x04,
  0xE0, 0x03, 0x80, 0x0E, 0x00, 0x38, 0x00, 0xE0, 0xFF, 0x80, 0xEE, 0x03,
  0x18, 0x0C, 0x70, 0x30, 0xE0, 0xC0, 0xFE, 0x00, 0xFC, 0x3F, 0x30, 0x1C,
  0x30, 0x0C, 0x30, 0x0C, 0x30, 0x0C, 0x30, 0x0C, 0x30, 0x0C, 0x3F, 0xFC,
  0x30, 0x0C, 0x30, 0x0C, 0x30, 0x0C, 0x30, 0x0C, 0x30, 0x0C, 0x30, 0x0C,
  0xFC, 0x3F, 0xFC, 0xC3, 0x0C, 0x30, 0xC3, 0x0C, 0x30, 0xC3, 0x0C, 0x30,
  0xCF, 0xC0, 0x07, 0xC0, 0xE0, 0x18, 0x06, 0x01, 0x80, 0x60, 0x18, 0x06,
  0x01, 0x80, 0x66, 0x19, 0x86, 0xE3, 0x10, 0xC3, 0xE0, 0xFC, 0xF8, 0xC0,
  0x83, 0x04, 0x0C, 0x30, 0x31, 0x80, 0xCC, 0x03, 0x20, 0x0D, 0xC0, 0x33,
  0x80, 0xC6, 0x03, 0x1C, 0x0C, 0x38, 0x30, 0x70, 0xC1, 0xCF, 0xC3, 0xC0,
  0xFC, 0x06, 0x00, 0xC0, 0x18, 0x03, 0x00, 0x60, 0x0C, 0x01, 0x80, 0x30,
  0x06, 0x00, 0xC0, 0x98, 0x13, 0x02, 0x60, 0xFF, 0xF8, 0xFC, 0x07, 0xCF,
  0x01, 0xC2, 0xC0, 0xB0, 0xB8, 0x2C, 0x26, 0x0B, 0x09, 0x84, 0xC2, 0x71,
  0x30, 0x8C, 0x4C, 0x23, 0x23, 0x08, 0x68, 0xC2, 0x1A, 0x30, 0x87, 0x0C,
  0x20, 0xC3, 0x08, 0x30, 0xCF, 0xC8, 0xFC, 0xF0, 0x7E, 0xE0, 0x10, 0xE0,
  0x21, 0xE0, 0x42, 0xE0, 0x84, 0xC1, 0x09, 0xC2, 0x11, 0xC4, 0x21, 0x88,
  0x41, 0x90, 0x83, 0xA1, 0x03, 0x42, 0x03, 0x84, 0x03, 0x3E, 0x06, 0x00,
  0x0F, 0xC0, 0xC0, 0xC6, 0x03, 0x98, 0x06, 0xE0, 0x1F, 0x80, 0x7E, 0x01,
  0xF8, 0x07, 0xE0, 0x1F, 0x80, 0x7E, 0x01, 0xD8, 0x06, 0x70, 0x18, 0xC0,
  0xC0, 0xFC, 0x00, 0xFF, 0x86, 0x18, 0xC1, 0x98, 0x33, 0x06, 0x60, 0xCC,
  0x19, 0x86, 0x3F, 0x86, 0x00, 0xC0, 0x18, 0x03, 0x00, 0x60, 0x3F, 0x80,
  0x0F, 0xC0, 0xC0, 0xC6, 0x03, 0x98, 0x06, 0xE0, 0x1F, 0x80, 0x7E, 0x01,
  0xF8, 0x07, 0xE0, 0x1F, 0x80, 0x7E, 0x01, 0xD8, 0x06, 0x70, 0x18, 0xC0,
  0xC0, 0xFC, 0x00, 0xE0, 0x03, 0x80, 0x07, 0x00, 0x0F, 0x80, 0xFF, 0x80,
  0xC3, 0x83, 0x06, 0x0C, 0x18, 0x30, 0x60, 0xC1, 0x83, 0x0E, 0x0F, 0xE0,
  0x33, 0x80, 0xC3, 0x03, 0x0E, 0x0C, 0x18, 0x30, 0x70, 0xC1, 0xCF, 0xC3,
  0xC0, 0x3F, 0x98, 0x66, 0x09, 0x83, 0x60, 0x1E, 0x03, 0xC0, 0x7C, 0x07,
  0x80, 0x78, 0x0F, 0x03, 0xC0, 0xF8, 0x39, 0xF8, 0x7F, 0xFA, 0x18, 0xD0,
  0xC3, 0x06, 0x18, 0x30, 0x81, 0x80, 0x0C, 0x00, 0x60, 0x03, 0x00, 0x18,
  0x00, 0xC0, 0x06, 0x00, 0x30, 0x03, 0x80, 0x7F, 0x00, 0xFC, 0x7E, 0x60,
  0x30, 0xC0, 0x61, 0x80, 0xC3, 0x01, 0x86, 0x03, 0x0C, 0x06, 0x18, 0x0C,
  0x30, 0x18, 0x60, 0x30, 0xC0, 0x61, 0x80, 0x83, 0x01, 0x03, 0x04, 0x03,
  0xF0, 0x00, 0xFC, 0x3E, 0x60, 0x10, 0xC0, 0x61, 0xC0, 0x81, 0x81, 0x03,
  0x06, 0x07, 0x08, 0x06, 0x10, 0x0C, 0x60, 0x0C, 0x80, 0x19, 0x00, 0x3C,
  0x00, 0x38, 0x00, 0x70, 0x00, 0x40, 0x00, 0xFC, 0x30, 0xF9, 0x81, 0x81,
  0x8C, 0x0C, 0x08, 0x70, 0x70, 0x41, 0x85, 0x86, 0x0C, 0x2C, 0x20, 0x61,
  0x71, 0x01, 0x91, 0x88, 0x0C, 0x8C, 0xC0, 0x64, 0x74, 0x03, 0xE1, 0xA0,
  0x0E, 0x0D, 0x00, 0x70, 0x70, 0x03, 0x81, 0x80, 0x08, 0x0C, 0x00, 0xFE,
  0x7C, 0xE0, 0xC1, 0x82, 0x03, 0x18, 0x0E, 0x40, 0x1A, 0x00, 0x70, 0x00,
  0xC0, 0x03, 0x80, 0x17, 0x00, 0xCC, 0x02, 0x18, 0x18, 0x70, 0xC0, 0xCF,
  0x8F, 0xC0, 0xFC, 0x7D, 0xC0, 0x43, 0x02, 0x0E, 0x18, 0x18, 0x40, 0x33,
  0x00, 0xC8, 0x01, 0xE0, 0x07, 0x00, 0x0C, 0x00, 0x30, 0x00, 0xC0, 0x03,
  0x00, 0x0C, 0x01, 0xFC, 0x00, 0x7F, 0xE8, 0x1F, 0x07, 0x40, 0xC8, 0x38,
  0x0E, 0x01, 0xC0, 0x70, 0x0C, 0x03, 0x80, 0xE0, 0x98, 0x17, 0x07, 0xC0,
  0xFF, 0xF8, 0xFC, 0xCC, 0xCC, 0xCC, 0xCC, 0xCC, 0xCC, 0xCC, 0xCC, 0xF0,
  0x82, 0x08, 0x30, 0x41, 0x04, 0x18, 0x60, 0x82, 0x0C, 0x30, 0x41, 0x06,
  0x18, 0x20, 0x82, 0x0C, 0x30, 0xF3, 0x33, 0x33, 0x33, 0x33, 0x33, 0x33,
  0x33, 0x33, 0xF0, 0x06, 0x00, 0x60, 0x0F, 0x00, 0x90, 0x19, 0x01, 0x18,
  0x10, 0x83, 0x0C, 0x20, 0x46, 0x06, 0x40, 0x6C, 0x03, 0xFF, 0xFC, 0xE3,
  0x8C, 0x10, 0x1C, 0x19, 0xCC, 0x33, 0x0C, 0x03, 0x0F, 0xC6, 0x33, 0x0C,
  0xC3, 0x38, 0xC7, 0xFC, 0xF0, 0x06, 0x00, 0xC0, 0x18, 0x03, 0x00, 0x6E,
  0x0A, 0x71, 0x86, 0x30, 0x66, 0x0C, 0xC1, 0x98, 0x33, 0x06, 0x61, 0xCC,
  0x31, 0x7C, 0x1C, 0x73, 0x63, 0xC1, 0xC0, 0xC0, 0xC0, 0xC0, 0xC0, 0x61,
  0x3E, 0x07, 0x80, 0x30, 0x02, 0x00, 0x40, 0x08, 0x39, 0x0C, 0xE3, 0x04,
  0xC0, 0x98, 0x13, 0x02, 0x60, 0x4C, 0x09, 0xC1, 0x18, 0x71, 0xF7, 0x1C,
  0x33, 0x90, 0xD8, 0x6C, 0x3F, 0xFF, 0x01, 0x80, 0xC0, 0x30, 0x8F, 0x80,
  0x08, 0x7C, 0x9B, 0x06, 0x0C, 0x19, 0x7C, 0x60, 0xC1, 0x83, 0x06, 0x0C,
  0x18, 0x30, 0xF8, 0x18, 0x99, 0xF4, 0x37, 0x0C, 0xC3, 0x18, 0xC7, 0xE1,
  0x00, 0xC0, 0x3F, 0x87, 0xFB, 0x06, 0xC0, 0xB0, 0x6E, 0x10, 0xF8, 0xF0,
  0x03, 0x00, 0x30, 0x03, 0x00, 0x30, 0x03, 0x18, 0x37, 0xC3, 0x8C, 0x30,
  0xC3, 0x0C, 0x30, 0xC3, 0x0C, 0x30, 0xC3, 0x0C, 0x30, 0xCF, 0xDF, 0x30,
  0xC3, 0x00, 0x03, 0xC3, 0x0C, 0x30, 0xC3, 0x0C, 0x30, 0xC7, 0xC0, 0x18,
  0xC6, 0x00, 0x1C, 0x63, 0x18, 0xC6, 0x31, 0x8C, 0x63, 0x1A, 0xFE, 0xC0,
  0xF0, 0x06, 0x00, 0xC0, 0x18, 0x03, 0x00, 0x60, 0x0C, 0xF9, 0x8C, 0x33,
  0x06, 0xC0, 0xF8, 0x1D, 0x83, 0x38, 0x63, 0x0C, 0x77, 0xC7, 0xF0, 0xC3,
  0x0C, 0x30, 0xC3, 0x0C, 0x30, 0xC3, 0x0C, 0x30, 0xC3, 0x3F, 0x01, 0x87,
  0x1E, 0xFB, 0xF0, 0xE1, 0x86, 0x18, 0x30, 0xC3, 0x06, 0x18, 0x60, 0xC3,
  0x0C, 0x18, 0x61, 0x83, 0x0C, 0x30, 0x61, 0x86, 0x0C, 0x31, 0xF7, 0xCF,
  0x80, 0x01, 0x87, 0xBE, 0x0E, 0x18, 0x60, 0xC3, 0x06, 0x18, 0x30, 0xC1,
  0x86, 0x0C, 0x30, 0x61, 0x83, 0x1F, 0x7E, 0x1C, 0x0C, 0xC6, 0x1B, 0x06,
  0xC1, 0xF0, 0x3C, 0x0F, 0x07, 0xC1, 0x98, 0x63, 0xF0, 0x03, 0x1F, 0xB8,
  0xC3, 0x98, 0x33, 0x06, 0x60, 0xCC, 0x19, 0x83, 0x30, 0x66, 0x18, 0xFE,
  0x18, 0x03, 0x00, 0x60, 0x3F, 0x00, 0x1C, 0x06, 0x71, 0x86, 0x60, 0xCC,
  0x19, 0x83, 0x30, 0x66, 0x0C, 0xE1, 0x8C, 0x30, 0xFA, 0x00, 0xC0, 0x18,
  0x03, 0x00, 0x70, 0x3F, 0x26, 0xEF, 0x72, 0x60, 0x60, 0x60, 0x60, 0x60,
  0x60, 0x60, 0xFC, 0x3A, 0x66, 0xC2, 0xC2, 0xF0, 0x7C, 0x1E, 0x87, 0x83,
  0x82, 0xFC, 0x10, 0x20, 0xC3, 0x8B, 0xE6, 0x0C, 0x18, 0x30, 0x60, 0xC1,
  0x83, 0x27, 0xC0, 0xE7, 0x8C, 0x31, 0x86, 0x30, 0xC6, 0x18, 0xC3, 0x18,
  0x63, 0x0C, 0x73, 0x87, 0x9C, 0xF9, 0xEE, 0x10, 0xC2, 0x18, 0x81, 0x90,
  0x32, 0x07, 0x80, 0x70, 0x0C, 0x00, 0x80, 0xF8, 0xC7, 0x98, 0x61, 0x06,
  0x38, 0x83, 0x2C, 0x41, 0x96, 0x40, 0x69, 0xA0, 0x38, 0xD0, 0x1C, 0x30,
  0x06, 0x18, 0x02, 0x08, 0x00, 0xFB, 0xC6, 0x20, 0x64, 0x07, 0x00, 0xC0,
  0x1C, 0x06, 0xC0, 0x98, 0x21, 0x9E, 0x7C, 0xF9, 0xE6, 0x10, 0xC2, 0x18,
  0xC1, 0x90, 0x32, 0x02, 0xC0, 0x70, 0x0E, 0x00, 0x80, 0x10, 0x02, 0x04,
  0x80, 0xF0, 0x0C, 0x00, 0x7F, 0xA1, 0x91, 0x81, 0xC0, 0xC0, 0xC0, 0xE2,
  0x61, 0x61, 0xFF, 0xC0, 0x0F, 0x18, 0x18, 0x18, 0x18, 0x18, 0x18, 0x18,
  0x30, 0xC0, 0x30, 0x18, 0x18, 0x18, 0x18, 0x18, 0x18, 0x18, 0x0F, 0xFF,
  0xFF, 0xFF, 0xFF, 0xFF, 0xE0, 0x30, 0x30, 0x30, 0x30, 0x30, 0x30, 0x38,
  0x18, 0x07, 0x0C, 0x18, 0x30, 0x30, 0x30, 0x30, 0x30, 0x30, 0xF0, 0x7C,
  0xF3, 0xE8, 0x20, 0x00, 0xFF, 0xFF, 0x80, 0x01, 0x80, 0x01, 0x88, 0x11,
  0x98, 0x39, 0x84, 0x61, 0x82, 0xC1, 0x81, 0x81, 0x83, 0x81, 0x86, 0x41,
  0x8C, 0x61, 0x98, 0x39, 0x88, 0x11, 0x80, 0x01, 0x80, 0x01, 0xFF, 0xFF,
  0xFF, 0xFF, 0x80, 0x01, 0x80, 0x01, 0x88, 0x11, 0x98, 0x39, 0x84, 0x61,
  0x82, 0xC1, 0x81, 0x81, 0x83, 0x81, 0x86, 0x41, 0x8C, 0x61, 0x98, 0x39,
  0x88, 0x11, 0x80, 0x01, 0x80, 0x01, 0xFF, 0xFF, 0xFF, 0xFF, 0x80, 0x01,
  0x80, 0x01, 0x88, 0x11, 0x98, 0x39, 0x84, 0x61, 0x82, 0xC1, 0x81, 0x81,
  0x83, 0x81, 0x86, 0x41, 0x8C, 0x61, 0x98, 0x39, 0x88, 0x11, 0x80, 0x01,
  0x80, 0x01, 0xFF, 0xFF, 0xFF, 0xFF, 0x80, 0x01, 0x80, 0x01, 0x88, 0x11,
  0x98, 0x39, 0x84, 0x61, 0x82, 0xC1, 0x81, 0x81, 0x83, 0x81, 0x86, 0x41,
  0x8C, 0x61, 0x98, 0x39, 0x88, 0x11, 0x80, 0x01, 0x80, 0x01, 0xFF, 0xFF,
  0xFF, 0xFF, 0x80, 0x01, 0x80, 0x01, 0x88, 0x11, 0x98, 0x39, 0x84, 0x61,
  0x82, 0xC1, 0x81, 0x81, 0x83, 0x81, 0x86, 0x41, 0x8C, 0x61, 0x98, 0x39,
  0x88, 0x11, 0x80, 0x01, 0x80, 0x01, 0xFF, 0xFF, 0xFF, 0xFF, 0x80, 0x01,
  0x80, 0x01, 0x88, 0x11, 0x98, 0x39, 0x84, 0x61, 0x82, 0xC1, 0x81, 0x81,
  0x83, 0x81, 0x86, 0x41, 0x8C, 0x61, 0x98, 0x39, 0x88, 0x11, 0x80, 0x01,
  0x80, 0x01, 0xFF, 0xFF, 0xFF, 0xFF, 0x80, 0x01, 0x80, 0x01, 0x88, 0x11,
  0x98, 0x39, 0x84, 0x61, 0x82, 0xC1, 0x81, 0x81, 0x83, 0x81, 0x86, 0x41,
  0x8C, 0x61, 0x98, 0x39, 0x88, 0x11, 0x80, 0x01, 0x80, 0x01, 0xFF, 0xFF,
  0xFF, 0xFF, 0x80, 0x01, 0x80, 0x01, 0x88, 0x11, 0x98, 0x39, 0x84, 0x61,
  0x82, 0xC1, 0x81, 0x81, 0x83, 0x81, 0x86, 0x41, 0x8C, 0x61, 0x98, 0x39,
  0x88, 0x11, 0x80, 0x01, 0x80, 0x01, 0xFF, 0xFF, 0xFF, 0xFF, 0x80, 0x01,
  0x80, 0x01, 0x88, 0x11, 0x98, 0x39, 0x84, 0x61, 0x82, 0xC1, 0x81, 0x81,
  0x83, 0x81, 0x86, 0x41, 0x8C, 0x61, 0x98, 0x39, 0x88, 0x11, 0x80, 0x01,
  0x80, 0x01, 0xFF, 0xFF, 0xFF, 0xFF, 0x80, 0x01, 0x80, 0x01, 0x88, 0x11,
  0x98, 0x39, 0x84, 0x61, 0x82, 0xC1, 0x81, 0x81, 0x83, 0x81, 0x86, 0x41,
  0x8C, 0x61, 0x98, 0x39, 0x88, 0x11, 0x80, 0x01, 0x80, 0x01, 0xFF, 0xFF,
  0xFF, 0xFF, 0x80, 0x01, 0x80, 0x01, 0x88, 0x11, 0x98, 0x39, 0x84, 0x61,
  0x82, 0xC1, 0x81, 0x81, 0x83, 0x81, 0x86, 0x41, 0x8C, 0x61, 0x98, 0x39,
  0x88, 0x11, 0x80, 0x01, 0x80, 0x01, 0xFF, 0xFF, 0xFF, 0xFF, 0x80, 0x01,
  0x80, 0x01, 0x88, 0x11, 0x98, 0x39, 0x84, 0x61, 0x82, 0xC1, 0x81, 0x81,
  0x83, 0x81, 0x86, 0x41, 0x8C, 0x61, 0x98, 0x39, 0x88, 0x11, 0x80, 0x01,
  0x80, 0x01, 0xFF, 0xFF, 0xFF, 0xFF, 0x80, 0x01, 0x80, 0x01, 0x88, 0x11,
  0x98, 0x39, 0x84, 0x61, 0x82, 0xC1, 0x81, 0x81, 0x83, 0x81, 0x86, 0x41,
  0x8C, 0x61, 0x98, 0x39, 0x88, 0x11, 0x80, 0x01, 0x80, 0x01, 0xFF, 0xFF,
  0xFF, 0xFF, 0x80, 0x01, 0x80, 0x01, 0x88, 0x11, 0x98, 0x39, 0x84, 0x61,
  0x82, 0xC1, 0x81, 0x81, 0x83, 0x81, 0x86, 0x41, 0x8C, 0x61, 0x98, 0x39,
  0x88, 0x11, 0x80, 0x01, 0x80, 0x01, 0xFF, 0xFF, 0xFF, 0xFF, 0x80, 0x01,
  0x80, 0x01, 0x88, 0x11, 0x98, 0x39, 0x84, 0x61, 0x82, 0xC1, 0x81, 0x81,
  0x83, 0x81, 0x86, 0x41, 0x8C, 0x61, 0x98, 0x39, 0x88, 0x11, 0x80, 0x01,
  0x80, 0x01, 0xFF, 0xFF, 0xFF, 0xFF, 0x80, 0x01, 0x80, 0x01, 0x88, 0x11,
  0x98, 0x39, 0x84, 0x61, 0x82, 0xC1, 0x81, 0x81, 0x83, 0x81, 0x86, 0x41,
  0x8C, 0x61, 0x98, 0x39, 0x88, 0x11, 0x80, 0x01, 0x80, 0x01, 0xFF, 0xFF,
  0xFF, 0xFF, 0x80, 0x01, 0x80, 0x01, 0x88, 0x11, 0x98, 0x39, 0x84, 0x61,
  0x82, 0xC1, 0x81, 0x81, 0x83, 0x81, 0x86, 0x41, 0x8C, 0x61, 0x98, 0x39,
  0x88, 0x11, 0x80, 0x01, 0x80, 0x01, 0xFF, 0xFF, 0xFF, 0xFF, 0x80, 0x01,
  0x80, 0x01, 0x88, 0x11, 0x98, 0x39, 0x84, 0x61, 0x82, 0xC1, 0x81, 0x81,
  0x83, 0x81, 0x86, 0x41, 0x8C, 0x61, 0x98, 0x39, 0x88, 0x11, 0x80, 0x01,
  0x80, 0x01, 0xFF, 0xFF, 0xFF, 0xFF, 0x80, 0x01, 0x80, 0x01, 0x88, 0x11,
  0x98, 0x39, 0x84, 0x61, 0x82, 0xC1, 0x81, 0x81, 0x83, 0x81, 0x86, 0x41,
  0x8C, 0x61, 0x98, 0x39, 0x88, 0x11, 0x80, 0x01, 0x80, 0x01, 0xFF, 0xFF,
  0xFF, 0xFF, 0x80, 0x01, 0x80, 0x01, 0x88, 0x11, 0x98, 0x39, 0x84, 0x61,
  0x82, 0xC1, 0x81, 0x81, 0x83, 0x81, 0x86, 0x41, 0x8C, 0x61, 0x98, 0x39,
  0x88, 0x11, 0x80, 0x01, 0x80, 0x01, 0xFF, 0xFF, 0xFF, 0xFF, 0x80, 0x01,
  0x80, 0x01, 0x88, 0x11, 0x98, 0x39, 0x84, 0x61, 0x82, 0xC1, 0x81, 0x81,
  0x83, 0x81, 0x86, 0x41, 0x8C, 0x61, 0x98, 0x39, 0x88, 0x11, 0x80, 0x01,
  0x80, 0x01, 0xFF, 0xFF, 0xFF, 0xFF, 0x80, 0x01, 0x80, 0x01, 0x88, 0x11,
  0x98, 0x39, 0x84, 0x61, 0x82, 0xC1, 0x81, 0x81, 0x83, 0x81, 0x86, 0x41,
  0x8C, 0x61, 0x98, 0x39, 0x88, 0x11, 0x80, 0x01, 0x80, 0x01, 0xFF, 0xFF,
  0xFF, 0xFF, 0x80, 0x01, 0x80, 0x01, 0x88, 0x11, 0x98, 0x39, 0x84, 0x61,
  0x82, 0xC1, 0x81, 0x81, 0x83, 0x81, 0x86, 0x41, 0x8C, 0x61, 0x98, 0x39,
  0x88, 0x11, 0x80, 0x01, 0x80, 0x01, 0xFF, 0xFF, 0xFF, 0xFF, 0x80, 0x01,
  0x80, 0x01, 0x88, 0x11, 0x98, 0x39, 0x84, 0x61, 0x82, 0xC1, 0x81, 0x81,
  0x83, 0x81, 0x86, 0x41, 0x8C, 0x61, 0x98, 0x39, 0x88, 0x11, 0x80, 0x01,
  0x80, 0x01, 0xFF, 0xFF, 0xFF, 0xFF, 0x80, 0x01, 0x80, 0x01, 0x88, 0x11,
  0x98, 0x39, 0x84, 0x61, 0x82, 0xC1, 0x81, 0x81, 0x83, 0x81, 0x86, 0x41,
  0x8C, 0x61, 0x98, 0x39, 0x88, 0x11, 0x80, 0x01, 0x80, 0x01, 0xFF, 0xFF,
  0xFF, 0xFF, 0x80, 0x01, 0x80, 0x01, 0x88, 0x11, 0x98, 0x39, 0x84, 0x61,
  0x82, 0xC1, 0x81, 0x81, 0x83, 0x81, 0x86, 0x41, 0x8C, 0x61, 0x98, 0x39,
  0x88, 0x11, 0x80, 0x01, 0x80, 0x01, 0xFF, 0xFF, 0xFF, 0xFF, 0x80, 0x01,
  0x80, 0x01, 0x88, 0x11, 0x98, 0x39, 0x84, 0x61, 0x82, 0xC1, 0x81, 0x81,
  0x83, 0x81, 0x86, 0x41, 0x8C, 0x61, 0x98, 0x39, 0x88, 0x11, 0x80, 0x01,
  0x80, 0x01, 0xFF, 0xFF, 0xFF, 0xFF, 0x80, 0x01, 0x80, 0x01, 0x88, 0x11,
  0x98, 0x39, 0x84, 0x61, 0x82, 0xC1, 0x81, 0x81, 0x83, 0x81, 0x86, 0x41,
  0x8C, 0x61, 0x98, 0x39, 0x88, 0x11, 0x80, 0x01, 0x80, 0x01, 0xFF, 0xFF,
  0xFF, 0xFF, 0x80, 0x01, 0x80, 0x01, 0x88, 0x11, 0x98, 0x39, 0x84, 0x61,
  0x82, 0xC1, 0x81, 0x81, 0x83, 0x81, 0x86, 0x41, 0x8C, 0x61, 0x98, 0x39,
  0x88, 0x11, 0x80, 0x01, 0x80, 0x01, 0xFF, 0xFF, 0xFF, 0xFF, 0x80, 0x01,
  0x80, 0x01, 0x88, 0x11, 0x98, 0x39, 0x84, 0x61, 0x82, 0xC1, 0x81, 0x81,
  0x83, 0x81, 0x86, 0x41, 0x8C, 0x61, 0x98, 0x39, 0x88, 0x11, 0x80, 0x01,
  0x80, 0x01, 0xFF, 0xFF, 0xFF, 0xFF, 0x80, 0x01, 0x80, 0x01, 0x88, 0x11,
  0x98, 0x39, 0x84, 0x61, 0x82, 0xC1, 0x81, 0x81, 0x83, 0x81, 0x86, 0x41,
  0x8C, 0x61, 0x98, 0x39, 0x88, 0x11, 0x80, 0x01, 0x80, 0x01, 0xFF, 0xFF,
  0xFF, 0xFF, 0x80, 0x01, 0x80, 0x01, 0x88, 0x11, 0x98, 0x39, 0x84, 0x61,
  0x82, 0xC1, 0x81, 0x81, 0x83, 0x81, 0x86, 0x41, 0x8C, 0x61, 0x98, 0x39,
  0x88, 0x11, 0x80, 0x01, 0x80, 0x01, 0xFF, 0xFF, 0x00, 0xFD, 0x00, 0x92,
  0x49, 0x6F, 0xFF, 0x0C, 0x06, 0x03, 0x87, 0x66, 0x1B, 0x0D, 0x81, 0xC0,
  0x60, 0x30, 0x18, 0x0E, 0x33, 0xF0, 0x60, 0x30, 0x07, 0xC1, 0x8E, 0x18,
  0x61, 0x84, 0x38, 0x03, 0x80, 0x38, 0x0F, 0xF0, 0x38, 0x03, 0x00, 0x30,
  0x63, 0x07, 0x30, 0x3F, 0x86, 0xCF, 0xC0, 0x40, 0xFF, 0xF7, 0xF9, 0xC6,
  0x61, 0x98, 0x67, 0x19, 0xFE, 0xEF, 0xD0, 0x20, 0xF8, 0x7D, 0xC0, 0xC3,
  0x02, 0x06, 0x18, 0x0C, 0x40, 0x32, 0x00, 0x70, 0x1F, 0xFC, 0x03, 0x00,
  0x0C, 0x00, 0x30, 0x1F, 0xFC, 0x03, 0x00, 0x0C, 0x00, 0xFC, 0x00, 0xFF,
  0xFF, 0x00, 0xFF, 0xFF, 0x1E, 0x11, 0x98, 0x8C, 0x07, 0x01, 0xC1, 0x71,
  0x9C, 0xC7, 0x71, 0xF8, 0xEE, 0x23, 0x90, 0xF0, 0x38, 0x04, 0x23, 0x31,
  0x0D, 0x83, 0x00, 0xC5, 0x9F, 0x10, 0x03, 0xF0, 0x01, 0x81, 0x80, 0x40,
  0x08, 0x10, 0x00, 0x84, 0x0E, 0x08, 0x87, 0x60, 0xA1, 0x86, 0x14, 0x30,
  0x42, 0x86, 0x00, 0x30, 0xC0, 0x06, 0x18, 0x00, 0xC3, 0x04, 0x28, 0x60,
  0x84, 0x86, 0x30, 0x90, 0x38, 0x21, 0x00, 0x08, 0x10, 0x02, 0x01, 0x81,
  0x80, 0x0F, 0xC0, 0x00, 0x7C, 0xC4, 0x84, 0x3C, 0x44, 0xC4, 0xC4, 0xFF,
  0x24, 0x08, 0x46, 0x13, 0x0D, 0xC6, 0xE7, 0x39, 0xC6, 0x38, 0xC6, 0x18,
  0xC2, 0x10, 0xFF, 0xFF, 0xF0, 0x0C, 0x03, 0x00, 0xC0, 0x30, 0xFF, 0xFF,
  0x80, 0x01, 0x80, 0x01, 0x88, 0x11, 0x98, 0x39, 0x84, 0x61, 0x82, 0xC1,
  0x81, 0x81, 0x83, 0x81, 0x86, 0x41, 0x8C, 0x61, 0x98, 0x39, 0x88, 0x11,
  0x80, 0x01, 0x80, 0x01, 0xFF, 0xFF, 0x03, 0xF0, 0x01, 0x81, 0x80, 0x40,
  0x08, 0x10, 0x00, 0x84, 0x4C, 0x08, 0x86, 0x60, 0xA0, 0xC6, 0x14, 0x18,
  0xC2, 0x83, 0x10, 0x30, 0x7C, 0x06, 0x0C, 0xC0, 0xC1, 0x88, 0x28, 0x31,
  0x84, 0x86, 0x30, 0x91, 0xE3, 0x21, 0x00, 0x08, 0x10, 0x02, 0x01, 0x81,
  0x80, 0x0F, 0xC0, 0x00, 0xFF, 0xF0, 0x7D, 0x8F, 0x0C, 0x1C, 0x6D, 0x8E,
  0x00, 0x0C, 0x03, 0x00, 0xC0, 0x30, 0xFF, 0xFF, 0xF0, 0xC0, 0x30, 0x0C,
  0x03, 0x0F, 0xFC, 0xFD, 0x8E, 0x18, 0x30, 0xC1, 0x86, 0x18, 0x7F, 0xFC,
  0x3E, 0x63, 0x43, 0x06, 0x1C, 0x07, 0x03, 0xC3, 0x43, 0x7E, 0x11, 0xDC,
  0x88, 0x00, 0x61, 0x8C, 0x31, 0x86, 0x30, 0xC6, 0x18, 0xC3, 0x18, 0x63,
  0x0C, 0x73, 0x8B, 0xBD, 0x00, 0x70, 0x0E, 0x01, 0xC0, 0x10, 0x00, 0x1F,
  0xCF, 0x31, 0xE6, 0x7C, 0xCF, 0x98, 0xF3, 0x1E, 0x63, 0xCC, 0x19, 0x81,
  0x30, 0x26, 0x04, 0xC0, 0x98, 0x13, 0x02, 0x60, 0x4C, 0x09, 0x87, 0x3C,
  0x7D, 0x80, 0x63, 0x06, 0x3F, 0x00, 0x1C, 0xEC, 0x0C, 0x0C, 0x0C, 0x0C,
  0x0C, 0x0C, 0x0C, 0x7F, 0x3E, 0x63, 0x43, 0xC1, 0xC1, 0xC3, 0x63, 0x36,
  0x08, 0x84, 0x18, 0x41, 0x8C, 0x18, 0xC1, 0x8C, 0x31, 0xCE, 0x73, 0x0C,
  0x43, 0x10, 0x40, 0x1C, 0x02, 0x07, 0x60, 0x30, 0x03, 0x01, 0x00, 0x18,
  0x18, 0x00, 0xC0, 0x80, 0x06, 0x0C, 0xE0, 0x30, 0x46, 0x01, 0x86, 0x60,
  0x0C, 0x23, 0x03, 0xFB, 0x33, 0x00, 0x11, 0x18, 0x01, 0x98, 0xC0, 0x08,
  0xFF, 0x80, 0x40, 0x30, 0x04, 0x01, 0x80, 0x1C, 0x02, 0x07, 0x60, 0x30,
  0x03, 0x01, 0x00, 0x18, 0x18, 0x00, 0xC0, 0x80, 0x06, 0x0D, 0xF8, 0x30,
  0x4C, 0x61, 0x86, 0x43, 0x0C, 0x20, 0x1B, 0xFB, 0x01, 0x80, 0x10, 0x0C,
  0x01, 0x80, 0xC0, 0x08, 0x0C, 0x00, 0x40, 0xFC, 0x04, 0x0F, 0xE0, 0x3E,
  0x02, 0x01, 0x8C, 0x18, 0x04, 0x30, 0x40, 0x01, 0x83, 0x00, 0x1C, 0x08,
  0x00, 0x1C, 0x63, 0x80, 0x31, 0x0C, 0x30, 0xCC, 0x60, 0x43, 0x21, 0x81,
  0xF9, 0x8C, 0xC0, 0x04, 0x23, 0x00, 0x31, 0x8C, 0x00, 0x87, 0xFC, 0x02,
  0x00, 0xC0, 0x10, 0x03, 0x00, 0x1C, 0x0E, 0x02, 0x00, 0x00, 0x80, 0x40,
  0x20, 0x20, 0x30, 0x30, 0x30, 0x18, 0x2C, 0x1E, 0x09, 0x8C, 0x7C, 0x0E,
  0x00, 0x0E, 0x00, 0x04, 0x00, 0x06, 0x00, 0x00, 0x00, 0x60, 0x00, 0xE0,
  0x01, 0xC0, 0x07, 0x80, 0x09, 0x80, 0x33, 0x00, 0x47, 0x00, 0x86, 0x03,
  0x0C, 0x07, 0xFC, 0x08, 0x18, 0x30, 0x30, 0x40, 0x70, 0x80, 0x67, 0xC3,
  0xF0, 0x00, 0xC0, 0x03, 0x80, 0x0C, 0x00, 0x30, 0x00, 0x00, 0x00, 0x60,
  0x00, 0xE0, 0x01, 0xC0, 0x07, 0x80, 0x09, 0x80, 0x33, 0x00, 0x47, 0x00,
  0x86, 0x03, 0x0C, 0x07, 0xFC, 0x08, 0x18, 0x30, 0x30, 0x40, 0x70, 0x80,
  0x67, 0xC3, 0xF0, 0x03, 0x00, 0x0F, 0x00, 0x12, 0x00, 0x42, 0x01, 0x02,
  0x00, 0x60, 0x00, 0xE0, 0x01, 0xC0, 0x07, 0x80, 0x09, 0x80, 0x33, 0x00,
  0x47, 0x00, 0x86, 0x03, 0x0C, 0x07, 0xFC, 0x08, 0x18, 0x30, 0x30, 0x40,
  0x70, 0x80, 0x67, 0xC3, 0xF0, 0x04, 0x00, 0x1E, 0xC0, 0x47, 0x00, 0x00,
  0x00, 0x30, 0x00, 0x70, 0x00, 0xE0, 0x03, 0xC0, 0x04, 0xC0, 0x19, 0x80,
  0x23, 0x80, 0x43, 0x01, 0x86, 0x03, 0xFE, 0x04, 0x0C, 0x18, 0x18, 0x20,
  0x38, 0x40, 0x33, 0xE1, 0xF8, 0x0C, 0xC0, 0x19, 0x80, 0x21, 0x00, 0x00,
  0x00, 0x30, 0x00, 0x70, 0x00, 0xE0, 0x03, 0xC0, 0x04, 0xC0, 0x19, 0x80,
  0x23, 0x80, 0x43, 0x01, 0x86, 0x03, 0xFE, 0x04, 0x0C, 0x18, 0x18, 0x20,
  0x38, 0x40, 0x33, 0xE1, 0xF8, 0x07, 0x80, 0x18, 0x80, 0x21, 0x00, 0x66,
  0x00, 0x78, 0x00, 0x60, 0x00, 0xE0, 0x01, 0xC0, 0x07, 0x80, 0x09, 0x80,
  0x33, 0x00, 0x47, 0x00, 0x86, 0x03, 0x0C, 0x07, 0xFC, 0x08, 0x18, 0x30,
  0x30, 0x40, 0x70, 0x80, 0x67, 0xC3, 0xF0, 0x07, 0xFF, 0xE0, 0x05, 0x83,
  0x00, 0x2C, 0x08, 0x02, 0x60, 0x20, 0x13, 0x00, 0x01, 0x18, 0x40, 0x18,
  0xC2, 0x00, 0xFF, 0xF0, 0x0C, 0x30, 0x80, 0x41, 0x84, 0x06, 0x0C, 0x02,
  0x20, 0x60, 0x23, 0x03, 0x01, 0x10, 0x18, 0x1B, 0xE3, 0xFF, 0xC0, 0x0F,
  0xE3, 0x07, 0x60, 0x36, 0x01, 0xE0, 0x0C, 0x00, 0xC0, 0x0C, 0x00, 0xC0,
  0x0C, 0x00, 0xE0, 0x0E, 0x01, 0x60, 0x33, 0x06, 0x1F, 0xE0, 0x30, 0x03,
  0x00, 0x0C, 0x00, 0xC0, 0x78, 0x38, 0x01, 0xC0, 0x04, 0x00, 0x30, 0x00,
  0x0F, 0xFE, 0x30, 0x63, 0x06, 0x30, 0x23, 0x00, 0x30, 0x83, 0x18, 0x3F,
  0x83, 0x18, 0x30, 0x83, 0x00, 0x30, 0x13, 0x03, 0x30, 0x3F, 0xFF, 0x01,
  0x80, 0x38, 0x06, 0x00, 0xC0, 0x00, 0x0F, 0xFE, 0x30, 0x63, 0x06, 0x30,
  0x23, 0x00, 0x30, 0x83, 0x18, 0x3F, 0x83, 0x18, 0x30, 0x83, 0x00, 0x30,
  0x13, 0x03, 0x30, 0x3F, 0xFF, 0x06, 0x00, 0xF0, 0x09, 0x01, 0x08, 0x20,
  0x4F, 0xFE, 0x30, 0x63, 0x06, 0x30, 0x23, 0x00, 0x30, 0x83, 0x18, 0x3F,
  0x83, 0x18, 0x30, 0x83, 0x00, 0x30, 0x13, 0x03, 0x30, 0x3F, 0xFF, 0x19,
  0x81, 0x98, 0x10, 0x80, 0x00, 0xFF, 0xE3, 0x06, 0x30, 0x63, 0x02, 0x30,
  0x03, 0x08, 0x31, 0x83, 0xF8, 0x31, 0x83, 0x08, 0x30, 0x03, 0x01, 0x30,
  0x33, 0x03, 0xFF, 0xF0, 0xE0, 0xE0, 0x40, 0x60, 0x0F, 0xC6, 0x0C, 0x18,
  0x30, 0x60, 0xC1, 0x83, 0x06, 0x0C, 0x18, 0x30, 0x63, 0xF0, 0x0C, 0x73,
  0x18, 0x03, 0xF3, 0x0C, 0x30, 0xC3, 0x0C, 0x30, 0xC3, 0x0C, 0x30, 0xC3,
  0x3F, 0x18, 0x3C, 0x24, 0x42, 0x81, 0x7E, 0x18, 0x18, 0x18, 0x18, 0x18,
  0x18, 0x18, 0x18, 0x18, 0x18, 0x18, 0x18, 0x18, 0x7E, 0xCF, 0x38, 0x40,
  0xFC, 0xC3, 0x0C, 0x30, 0xC3, 0x0C, 0x30, 0xC3, 0x0C, 0x30, 0xCF, 0xC0,
  0xFF, 0xC0, 0xC1, 0xC3, 0x03, 0x8C, 0x06, 0x30, 0x1C, 0xC0, 0x33, 0x00,
  0xFF, 0xC3, 0x30, 0x0C, 0xC0, 0x33, 0x01, 0xCC, 0x06, 0x30, 0x38, 0xC1,
  0xCF, 0xFC, 0x00, 0x04, 0x00, 0x1E, 0xC0, 0x47, 0x00, 0x00, 0x0F, 0x07,
  0xEE, 0x01, 0x0E, 0x02, 0x1E, 0x04, 0x2E, 0x08, 0x4C, 0x10, 0x9C, 0x21,
  0x1C, 0x42, 0x18, 0x84, 0x19, 0x08, 0x3A, 0x10, 0x34, 0x20, 0x38, 0x40,
  0x33, 0xE0, 0x60, 0x1C, 0x00, 0x38, 0x00, 0x20, 0x00, 0x60, 0x00, 0x00,
  0x3F, 0x03, 0x03, 0x18, 0x0E, 0x60, 0x1B, 0x80, 0x7E, 0x01, 0xF8, 0x07,
  0xE0, 0x1F, 0x80, 0x7E, 0x01, 0xF8, 0x07, 0x60, 0x19, 0xC0, 0x63, 0x03,
  0x03, 0xF0, 0x00, 0xC0, 0x07, 0x00, 0x30, 0x01, 0x80, 0x00, 0x00, 0x3F,
  0x03, 0x03, 0x18, 0x0E, 0x60, 0x1B, 0x80, 0x7E, 0x01, 0xF8, 0x07, 0xE0,
  0x1F, 0x80, 0x7E, 0x01, 0xF8, 0x07, 0x60, 0x19, 0xC0, 0x63, 0x03, 0x03,
  0xF0, 0x03, 0x00, 0x1E, 0x00, 0x48, 0x02, 0x10, 0x10, 0x20, 0x3F, 0x03,
  0x03, 0x18, 0x0E, 0x60, 0x1B, 0x80, 0x7E, 0x01, 0xF8, 0x07, 0xE0, 0x1F,
  0x80, 0x7E, 0x01, 0xF8, 0x07, 0x60, 0x19, 0xC0, 0x63, 0x03, 0x03, 0xF0,
  0x04, 0x00, 0x3D, 0x81, 0x1C, 0x00, 0x00, 0x0F, 0xC0, 0xC0, 0xC6, 0x03,
  0x98, 0x06, 0xE0, 0x1F, 0x80, 0x7E, 0x01, 0xF8, 0x07, 0xE0, 0x1F, 0x80,
  0x7E, 0x01, 0xD8, 0x06, 0x70, 0x18, 0xC0, 0xC0, 0xFC, 0x00, 0x0C, 0xC0,
  0x33, 0x00, 0x84, 0x00, 0x00, 0x0F, 0xC0, 0xC0, 0xC6, 0x03, 0x98, 0x06,
  0xE0, 0x1F, 0x80, 0x7E, 0x01, 0xF8, 0x07, 0xE0, 0x1F, 0x80, 0x7E, 0x01,
  0xD8, 0x06, 0x70, 0x18, 0xC0, 0xC0, 0xFC, 0x00, 0x40, 0xB8, 0x77, 0x30,
  0xF8, 0x1C, 0x07, 0x83, 0xF1, 0xCE, 0xE1, 0xD0, 0x20, 0x00, 0x10, 0x00,
  0x40, 0xFE, 0x0C, 0x0C, 0x60, 0x79, 0x81, 0x6E, 0x09, 0xF8, 0x27, 0xE1,
  0x1F, 0x84, 0x7E, 0x21, 0xF8, 0x87, 0xE4, 0x1D, 0x90, 0x67, 0x81, 0x8E,
  0x0C, 0x1F, 0xC0, 0x40, 0x02, 0x00, 0x00, 0x0E, 0x00, 0x0E, 0x00, 0x04,
  0x00, 0x06, 0x00, 0x00, 0x1F, 0x8F, 0xCC, 0x06, 0x18, 0x0C, 0x30, 0x18,
  0x60, 0x30, 0xC0, 0x61, 0x80, 0xC3, 0x01, 0x86, 0x03, 0x0C, 0x06, 0x18,
  0x0C, 0x30, 0x10, 0x60, 0x20, 0x60, 0x80, 0x7E, 0x00, 0x00, 0xC0, 0x03,
  0x80, 0x0C, 0x00, 0x30, 0x00, 0x00, 0x1F, 0x8F, 0xCC, 0x06, 0x18, 0x0C,
  0x30, 0x18, 0x60, 0x30, 0xC0, 0x61, 0x80, 0xC3, 0x01, 0x86, 0x03, 0x0C,
  0x06, 0x18, 0x0C, 0x30, 0x10, 0x60, 0x20, 0x60, 0x80, 0x7E, 0x00, 0x03,
  0x00, 0x0F, 0x00, 0x12, 0x00, 0x42, 0x01, 0x02, 0x1F, 0x8F, 0xCC, 0x06,
  0x18, 0x0C, 0x30, 0x18, 0x60, 0x30, 0xC0, 0x61, 0x80, 0xC3, 0x01, 0x86,
  0x03, 0x0C, 0x06, 0x18, 0x0C, 0x30, 0x10, 0x60, 0x20, 0x60, 0x80, 0x7E,
  0x00, 0x0C, 0xC0, 0x19, 0x80, 0x21, 0x00, 0x00, 0x0F, 0xC7, 0xE6, 0x03,
  0x0C, 0x06, 0x18, 0x0C, 0x30, 0x18, 0x60, 0x30, 0xC0, 0x61, 0x80, 0xC3,
  0x01, 0x86, 0x03, 0x0C, 0x06, 0x18, 0x08, 0x30, 0x10, 0x30, 0x40, 0x3F,
  0x00, 0x00, 0xC0, 0x07, 0x00, 0x30, 0x01, 0x80, 0x00, 0x03, 0xF1, 0xF7,
  0x01, 0x0C, 0x08, 0x38, 0x60, 0x61, 0x00, 0xCC, 0x03, 0x20, 0x07, 0x80,
  0x1C, 0x00, 0x30, 0x00, 0xC0, 0x03, 0x00, 0x0C, 0x00, 0x30, 0x07, 0xF0,
  0xFC, 0x03, 0x00, 0x30, 0x03, 0xFC, 0x30, 0xE3, 0x06, 0x30, 0x73, 0x07,
  0x30, 0x63, 0x06, 0x31, 0xC3, 0xF0, 0x30, 0x03, 0x00, 0xFE, 0x00, 0x0F,
  0x82, 0x18, 0xC3, 0x18, 0x63, 0x18, 0x64, 0x0D, 0x81, 0x98, 0x33, 0x86,
  0x38, 0xC3, 0x98, 0x33, 0x06, 0x68, 0xCD, 0x9F, 0xBE, 0x70, 0x0C, 0x01,
  0x80, 0x30, 0x00, 0x07, 0x06, 0x73, 0x0C, 0xC3, 0x00, 0xC3, 0xF1, 0x8C,
  0xC3, 0x30, 0xCE, 0x31, 0xFF, 0x02, 0x01, 0xC0, 0xE0, 0x20, 0x10, 0x00,
  0x01, 0xC1, 0x9C, 0xC3, 0x30, 0xC0, 0x30, 0xFC, 0x63, 0x30, 0xCC, 0x33,
  0x8C, 0x7F, 0xC0, 0x1C, 0x07, 0x03, 0x61, 0x8C, 0x00, 0x07, 0x06, 0x73,
  0x0C, 0xC3, 0x00, 0xC3, 0xF1, 0x8C, 0xC3, 0x30, 0xCE, 0x31, 0xFF, 0x30,
  0x1E, 0x84, 0xE0, 0x00, 0x1C, 0x19, 0xCC, 0x33, 0x0C, 0x03, 0x0F, 0xC6,
  0x33, 0x0C, 0xC3, 0x38, 0xC7, 0xFC, 0x66, 0x19, 0x84, 0x20, 0x00, 0x1C,
  0x19, 0xCC, 0x33, 0x0C, 0x03, 0x0F, 0xC6, 0x33, 0x0C, 0xC3, 0x38, 0xC7,
  0xFC, 0x3C, 0x19, 0x84, 0x21, 0x98, 0x3C, 0x00, 0x01, 0xC1, 0x9C, 0xC3,
  0x30, 0xC0, 0x30, 0xFC, 0x63, 0x30, 0xCC, 0x33, 0x8C, 0x7F, 0xC0, 0x1C,
  0x71, 0x9E, 0x6C, 0x30, 0xF0, 0xC3, 0x03, 0x0C, 0xFF, 0xF6, 0x30, 0x30,
  0xC0, 0xC3, 0x03, 0x8E, 0x37, 0xDF, 0x80, 0x1C, 0x73, 0x63, 0xC1, 0xC0,
  0xC0, 0xC0, 0xC0, 0xC0, 0x61, 0x3E, 0x18, 0x18, 0x06, 0x06, 0x3C, 0x70,
  0x18, 0x06, 0x01, 0x80, 0x00, 0xE1, 0x9C, 0x86, 0xC3, 0x61, 0xFF, 0xF8,
  0x0C, 0x06, 0x01, 0x84, 0x7C, 0x02, 0x03, 0x83, 0x81, 0x01, 0x00, 0x00,
  0x70, 0xCE, 0x43, 0x61, 0xB0, 0xFF, 0xFC, 0x06, 0x03, 0x00, 0xC2, 0x3E,
  0x00, 0x1C, 0x0E, 0x0D, 0x8C, 0x60, 0x00, 0xE1, 0x9C, 0x86, 0xC3, 0x61,
  0xFF, 0xF8, 0x0C, 0x06, 0x01, 0x84, 0x7C, 0x66, 0x33, 0x10, 0x80, 0x01,
  0xC3, 0x39, 0x0D, 0x86, 0xC3, 0xFF, 0xF0, 0x18, 0x0C, 0x03, 0x08, 0xF8,
  0xE1, 0x83, 0x06, 0x00, 0x0F, 0x0C, 0x30, 0xC3, 0x0C, 0x30, 0xC3, 0x1F,
  0x04, 0x1C, 0x70, 0x82, 0x00, 0x00, 0x78, 0x30, 0x60, 0xC1, 0x83, 0x06,
  0x0C, 0x18, 0x7C, 0x38, 0x71, 0xB6, 0x30, 0x00, 0x3C, 0x18, 0x30, 0x60,
  0xC1, 0x83, 0x06, 0x0C, 0x3E, 0xCF, 0x38, 0x40, 0x03, 0xC3, 0x0C, 0x30,
  0xC3, 0x0C, 0x30, 0xC7, 0xC0, 0x62, 0x0F, 0x01, 0xC0, 0xD8, 0x23, 0x00,
  0xC0, 0x18, 0xFE, 0x61, 0xB0, 0x6C, 0x1F, 0x06, 0xC1, 0xB0, 0x6C, 0x19,
  0x8C, 0x3E, 0x00, 0x06, 0x00, 0x7A, 0x02, 0x70, 0x00, 0x00, 0x18, 0x7B,
  0xE0, 0xE1, 0x86, 0x0C, 0x30, 0x61, 0x83, 0x0C, 0x18, 0x60, 0xC3, 0x06,
  0x18, 0x31, 0xF7, 0xE0, 0x70, 0x0C, 0x01, 0x80, 0x30, 0x00, 0x07, 0x03,
  0x31, 0x86, 0xC1, 0xB0, 0x7C, 0x0F, 0x03, 0xC1, 0xF0, 0x66, 0x18, 0xFC,
  0x02, 0x01, 0xC0, 0xE0, 0x20, 0x10, 0x00, 0x01, 0xC0, 0xCC, 0x61, 0xB0,
  0x6C, 0x1F, 0x03, 0xC0, 0xF0, 0x7C, 0x19, 0x86, 0x3F, 0x00, 0x1C, 0x07,
  0x03, 0x61, 0x8C, 0x00, 0x07, 0x03, 0x31, 0x86, 0xC1, 0xB0, 0x7C, 0x0F,
  0x03, 0xC1, 0xF0, 0x66, 0x18, 0xFC, 0x18, 0x0F, 0x42, 0x70, 0x00, 0x1C,
  0x0C, 0xC6, 0x1B, 0x06, 0xC1, 0xF0, 0x3C, 0x0F, 0x07, 0xC1, 0x98, 0x63,
  0xF0, 0x33, 0x0C, 0xC2, 0x10, 0x00, 0x1C, 0x0C, 0xC6, 0x1B, 0x06, 0xC1,
  0xF0, 0x3C, 0x0F, 0x07, 0xC1, 0x98, 0x63, 0xF0, 0x08, 0x07, 0x01, 0xC0,
  0x00, 0x00, 0x3F, 0xFF, 0xFC, 0x00, 0x00, 0x07, 0x01, 0xC0, 0x20, 0x01,
  0x07, 0x43, 0x31, 0x8E, 0xC5, 0xB1, 0x7C, 0x8F, 0x23, 0xD1, 0xF4, 0x66,
  0x18, 0xFC, 0x40, 0x00, 0x38, 0x03, 0x00, 0x30, 0x03, 0x00, 0x00, 0x00,
  0x39, 0xE3, 0x0C, 0x61, 0x8C, 0x31, 0x86, 0x30, 0xC6, 0x18, 0xC3, 0x1C,
  0xE1, 0xE7, 0x01, 0x00, 0x70, 0x1C, 0x02, 0x00, 0x80, 0x00, 0x00, 0x07,
  0x3C, 0x61, 0x8C, 0x31, 0x86, 0x30, 0xC6, 0x18, 0xC3, 0x18, 0x63, 0x9C,
  0x3C, 0xE0, 0x0E, 0x01, 0xC0, 0x6C, 0x18, 0xC0, 0x00, 0x00, 0x39, 0xE3,
  0x0C, 0x61, 0x8C, 0x31, 0x86, 0x30, 0xC6, 0x18, 0xC3, 0x1C, 0xE1, 0xE7,
  0x33, 0x06, 0x60, 0x84, 0x00, 0x00, 0x01, 0xCF, 0x18, 0x63, 0x0C, 0x61,
  0x8C, 0x31, 0x86, 0x30, 0xC6, 0x18, 0xE7, 0x0F, 0x38, 0x01, 0x00, 0x70,
  0x1C, 0x02, 0x00, 0x80, 0x00, 0x22, 0x4B, 0x86, 0x30, 0x86, 0x10, 0xC6,
  0x0C, 0x81, 0x90, 0x16, 0x03, 0x80, 0x70, 0x04, 0x00, 0x80, 0x10, 0x24,
  0x07, 0x80, 0x60, 0x00, 0xF0, 0x06, 0x00, 0xC0, 0x18, 0x03, 0x00, 0x6E,
  0x0A, 0x71, 0x86, 0x30, 0x66, 0x0C, 0xC1, 0x98, 0x33, 0x06, 0x61, 0xCC,
  0x31, 0xFC, 0x30, 0x06, 0x00, 0xC0, 0x38, 0x0F, 0xC0, 0x33, 0x06, 0x60,
  0x84, 0x00, 0x08, 0x92, 0xE1, 0x8C, 0x21, 0x84, 0x31, 0x83, 0x20, 0x64,
  0x05, 0x80, 0xE0, 0x1C, 0x01, 0x00, 0x20, 0x04, 0x09, 0x01, 0xE0, 0x18,
  0x00 };

const GFXglyph Gelasio_Regular11pt8bGlyphs[] PROGMEM = {
  {     0,   1,   1,   5,    0,    0 },   // 0x20 ' '
  {     1,   3,  16,   7,    2,  -15 },   // 0x21 '!'
  {     7,   8,   8,   9,    1,  -17 },   // 0x22 '"'
  {    15,  12,  15,  14,    1,  -14 },   // 0x23 '#'
  {    38,   9,  19,  13,    2,  -15 },   // 0x24 '$'
  {    60,  15,  15,  18,    1,  -14 },   // 0x25 '%'
  {    89,  14,  15,  15,    1,  -14 },   // 0x26 '&'
  {   116,   3,   8,   5,    1,  -17 },   // 0x27 '''
  {   119,   6,  20,   8,    1,  -15 },   // 0x28 '('
  {   134,   6,  20,   8,    1,  -15 },   // 0x29 ')'
  {   149,   8,   8,  10,    1,  -15 },   // 0x2A '*'
  {   157,  10,  10,  14,    2,  -10 },   // 0x2B '+'
  {   170,   3,   7,   6,    1,   -2 },   // 0x2C ','
  {   173,   6,   2,   8,    1,   -6 },   // 0x2D '-'
  {   175,   3,   3,   6,    1,   -2 },   // 0x2E '.'
  {   177,   6,  22,  10,    2,  -16 },   // 0x2F '/'
  {   194,  10,  13,  13,    2,  -12 },   // 0x30 '0'
  {   211,   6,  13,   9,    2,  -12 },   // 0x31 '1'
  {   221,  10,  13,  12,    1,  -12 },   // 0x32 '2'
  {   238,  10,  17,  12,    1,  -12 },   // 0x33 '3'
  {   260,  11,  16,  12,    1,  -12 },   // 0x34 '4'
  {   282,  10,  17,  11,    1,  -12 },   // 0x35 '5'
  {   304,  10,  16,  12,    1,  -15 },   // 0x36 '6'
  {   324,   9,  17,  11,    1,  -12 },   // 0x37 '7'
  {   344,  10,  15,  13,    1,  -14 },   // 0x38 '8'
  {   363,  10,  17,  12,    1,  -12 },   // 0x39 '9'
  {   385,   3,  11,   7,    2,  -10 },   // 0x3A ':'
  {   390,   3,  15,   7,    1,  -10 },   // 0x3B ';'
  {   396,   9,  11,  14,    2,  -10 },   // 0x3C '<'
  {   409,  10,   7,  14,    2,   -8 },   // 0x3D '='
  {   418,  10,  11,  14,    2,  -10 },   // 0x3E '>'
  {   432,   9,  16,  10,    1,  -15 },   // 0x3F '?'
  {   450,  18,  19,  20,    1,  -14 },   // 0x40 '@'
  {   493,  15,  15,  14,    0,  -14 },   // 0x41 'A'
  {   522,  12,  15,  14,    1,  -14 },   // 0x42 'B'
  {   545,  12,  15,  14,    1,  -14 },   // 0x43 'C'
  {   568,  14,  15,  16,    1,  -14 },   // 0x44 'D'
  {   595,  12,  15,  14,    1,  -14 },   // 0x45 'E'
  {   618,  12,  15,  13,    1,  -14 },   // 0x46 'F'
  {   641,  14,  15,  16,    1,  -14 },   // 0x47 'G'
  {   668,  16,  15,  18,    1,  -14 },   // 0x48 'H'
  {   698,   6,  15,   8,    1,  -14 },   // 0x49 'I'
  {   710,  10,  15,  11,    0,  -14 },   // 0x4A 'J'
  {   729,  14,  15,  15,    1,  -14 },   // 0x4B 'K'
  {   756,  11,  15,  13,    1,  -14 },   // 0x4C 'L'
  {   777,  18,  15,  20,    1,  -14 },   // 0x4D 'M'
  {   811,  15,  15,  17,    1,  -14 },   // 0x4E 'N'
  {   840,  14,  15,  16,    1,  -14 },   // 0x4F 'O'
  {   867,  11,  15,  13,    1,  -14 },   // 0x50 'P'
  {   888,  14,  19,  16,    1,  -14 },   // 0x51 'Q'
  {   922,  14,  15,  15,    1,  -14 },   // 0x52 'R'
  {   949,  10,  15,  12,    1,  -14 },   // 0x53 'S'
  {   968,  13,  15,  13,    0,  -14 },   // 0x54 'T'
  {   993,  15,  15,  16,    1,  -14 },   // 0x55 'U'
  {  1022,  15,  15,  14,    0,  -14 },   // 0x56 'V'
  {  1051,  21,  15,  21,    0,  -14 },   // 0x57 'W'
  {  1091,  14,  15,  15,    0,  -14 },   // 0x58 'X'
  {  1118,  14,  15,  13,    0,  -14 },   // 0x59 'Y'
  {  1145,  11,  15,  13,    1,  -14 },   // 0x5A 'Z'
  {  1166,   4,  19,   8,    2,  -15 },   // 0x5B '['
  {  1176,   6,  22,  10,    1,  -15 },   // 0x5C '\'
  {  1193,   4,  19,   8,    2,  -15 },   // 0x5D ']'
  {  1203,  12,  12,  14,    1,  -14 },   // 0x5E '^'
  {  1221,  14,   1,  14,    0,    3 },   // 0x5F '_'
  {  1223,   5,   4,  11,    3,  -15 },   // 0x60 '`'
  {  1226,  10,  11,  11,    1,  -10 },   // 0x61 'a'
  {  1240,  11,  16,  12,    0,  -15 },   // 0x62 'b'
  {  1262,   8,  11,  10,    1,  -10 },   // 0x63 'c'
  {  1273,  11,  16,  12,    1,  -15 },   // 0x64 'd'
  {  1295,   9,  11,  10,    1,  -10 },   // 0x65 'e'
  {  1308,   7,  17,   7,    1,  -16 },   // 0x66 'f'
  {  1323,  10,  16,  11,    1,  -10 },   // 0x67 'g'
  {  1343,  12,  16,  13,    0,  -15 },   // 0x68 'h'
  {  1367,   6,  15,   6,    0,  -14 },   // 0x69 'i'
  {  1379,   5,  20,   6,   -1,  -14 },   // 0x6A 'j'
  {  1392,  11,  16,  12,    0,  -15 },   // 0x6B 'k'
  {  1414,   6,  16,   6,    0,  -15 },   // 0x6C 'l'
  {  1426,  19,  11,  19,    0,  -10 },   // 0x6D 'm'
  {  1453,  13,  11,  13,    0,  -10 },   // 0x6E 'n'
  {  1471,  10,  11,  12,    1,  -10 },   // 0x6F 'o'
  {  1485,  11,  15,  12,    0,  -10 },   // 0x70 'p'
  {  1506,  11,  16,  12,    1,  -10 },   // 0x71 'q'
  {  1528,   8,  11,   9,    1,  -10 },   // 0x72 'r'
  {  1539,   8,  11,   9,    1,  -10 },   // 0x73 's'
  {  1550,   7,  14,   7,    0,  -13 },   // 0x74 't'
  {  1563,  11,  10,  12,    1,   -9 },   // 0x75 'u'
  {  1577,  11,  10,  11,    0,   -9 },   // 0x76 'v'
  {  1591,  17,  10,  16,   -1,   -9 },   // 0x77 'w'
  {  1613,  11,  10,  11,    0,   -9 },   // 0x78 'x'
  {  1627,  11,  15,  11,    0,   -9 },   // 0x79 'y'
  {  1648,   9,  10,  10,    0,   -9 },   // 0x7A 'z'
  {  1660,   8,  19,   9,    1,  -15 },   // 0x7B '{'
  {  1679,   2,  20,   8,    3,  -15 },   // 0x7C '|'
  {  1684,   8,  19,   9,    1,  -15 },   // 0x7D '}'
  {  1703,  10,   3,  14,    2,   -6 },   // 0x7E '~'
  {  1707,   1,   1,   0,    0,    0 },   // 0x7F
  {  1708,  16,  16,  22,    3,  -15 },   // 0x80
  {  1740,  16,  16,  22,    3,  -15 },   // 0x81
  {  1772,  16,  16,  22,    3,  -15 },   // 0x82
  {  1804,  16,  16,  22,    3,  -15 },   // 0x83
  {  1836,  16,  16,  22,    3,  -15 },   // 0x84
  {  1868,  16,  16,  22,    3,  -15 },   // 0x85
  {  1900,  16,  16,  22,    3,  -15 },   // 0x86
  {  1932,  16,  16,  22,    3,  -15 },   // 0x87
  {  1964,  16,  16,  22,    3,  -15 },   // 0x88
  {  1996,  16,  16,  22,    3,  -15 },   // 0x89
  {  2028,  16,  16,  22,    3,  -15 },   // 0x8A
  {  2060,  16,  16,  22,    3,  -15 },   // 0x8B
  {  2092,  16,  16,  22,    3,  -15 },   // 0x8C
  {  2124,  16,  16,  22,    3,  -15 },   // 0x8D
  {  2156,  16,  16,  22,    3,  -15 },   // 0x8E
  {  2188,  16,  16,  22,    3,  -15 },   // 0x8F
  {  2220,  16,  16,  22,    3,  -15 },   // 0x90
  {  2252,  16,  16,  22,    3,  -15 },   // 0x91
  {  2284,  16,  16,  22,    3,  -15 },   // 0x92
  {  2316,  16,  16,  22,    3,  -15 },   // 0x93
  {  2348,  16,  16,  22,    3,  -15 },   // 0x94
  {  2380,  16,  16,  22,    3,  -15 },   // 0x95
  {  2412,  16,  16,  22,    3,  -15 },   // 0x96
  {  2444,  16,  16,  22,    3,  -15 },   // 0x97
  {  2476,  16,  16,  22,    3,  -15 },   // 0x98
  {  2508,  16,  16,  22,    3,  -15 },   // 0x99
  {  2540,  16,  16,  22,    3,  -15 },   // 0x9A
  {  2572,  16,  16,  22,    3,  -15 },   // 0x9B
  {  2604,  16,  16,  22,    3,  -15 },   // 0x9C
  {  2636,  16,  16,  22,    3,  -15 },   // 0x9D
  {  2668,  16,  16,  22,    3,  -15 },   // 0x9E
  {  2700,  16,  16,  22,    3,  -15 },   // 0x9F
  {  2732,   1,   1,   5,    0,    0 },   // 0xA0
  {  2733,   3,  16,   7,    2,  -14 },   // 0xA1
  {  2739,   9,  15,  12,    1,  -12 },   // 0xA2
  {  2756,  12,  15,  13,    1,  -14 },   // 0xA3
  {  2779,  10,  10,  12,    1,  -10 },   // 0xA4
  {  2792,  14,  15,  13,    0,  -14 },   // 0xA5
  {  2819,   2,  20,   8,    3,  -15 },   // 0xA6
  {  2824,   9,  20,  11,    1,  -14 },   // 0xA7
  {  2847,   7,   3,  11,    2,  -15 },   // 0xA8
  {  2850,  19,  19,  20,    1,  -15 },   // 0xA9
  {  2896,   8,   9,  11,    2,  -14 },   // 0xAA
  {  2905,  10,  10,  13,    1,  -10 },   // 0xAB
  {  2918,  10,   6,  14,    2,   -6 },   // 0xAC
  {  2926,  16,  16,  22,    3,  -15 },   // 0xAD
  {  2958,  19,  19,  20,    1,  -15 },   // 0xAE
  {  3004,   6,   2,  14,    0,  -14 },   // 0xAF
  {  3006,   7,   7,   9,    1,  -14 },   // 0xB0
  {  3013,  10,  11,  14,    2,  -10 },   // 0xB1
  {  3027,   7,  10,  11,    2,  -17 },   // 0xB2
  {  3036,   8,  10,  11,    1,  -17 },   // 0xB3
  {  3046,   5,   5,  11,    3,  -16 },   // 0xB4
  {  3050,  11,  15,  12,    1,   -9 },   // 0xB5
  {  3071,  11,  18,  11,    0,  -14 },   // 0xB6
  {  3096,   3,   3,   6,    1,   -8 },   // 0xB7
  {  3098,   5,   5,   5,    0,    1 },   // 0xB8
  {  3102,   8,  10,  11,    1,  -17 },   // 0xB9
  {  3112,   8,   9,  11,    1,  -14 },   // 0xBA
  {  3121,  11,  10,  13,    1,  -10 },   // 0xBB
  {  3135,  21,  15,  23,    0,  -14 },   // 0xBC
  {  3175,  21,  15,  23,    0,  -14 },   // 0xBD
  {  3215,  22,  15,  23,    1,  -14 },   // 0xBE
  {  3257,   9,  16,  10,    1,  -14 },   // 0xBF
  {  3275,  15,  20,  14,    0,  -19 },   // 0xC0
  {  3313,  15,  20,  14,    0,  -19 },   // 0xC1
  {  3351,  15,  20,  14,    0,  -19 },   // 0xC2
  {  3389,  15,  19,  14,    0,  -18 },   // 0xC3
  {  3425,  15,  19,  14,    0,  -18 },   // 0xC4
  {  3461,  15,  20,  14,    0,  -19 },   // 0xC5
  {  3499,  21,  15,  21,   -1,  -14 },   // 0xC6
  {  3539,  12,  20,  14,    1,  -14 },   // 0xC7
  {  3569,  12,  20,  14,    1,  -19 },   // 0xC8
  {  3599,  12,  20,  14,    1,  -19 },   // 0xC9
  {  3629,  12,  20,  14,    1,  -19 },   // 0xCA
  {  3659,  12,  19,  14,    1,  -18 },   // 0xCB
  {  3688,   7,  20,   8,    0,  -19 },   // 0xCC
  {  3706,   6,  20,   8,    1,  -19 },   // 0xCD
  {  3721,   8,  20,   8,    0,  -19 },   // 0xCE
  {  3741,   6,  19,   8,    1,  -18 },   // 0xCF
  {  3756,  14,  15,  16,    1,  -14 },   // 0xD0
  {  3783,  15,  19,  17,    1,  -18 },   // 0xD1
  {  3819,  14,  20,  16,    1,  -19 },   // 0xD2
  {  3854,  14,  20,  16,    1,  -19 },   // 0xD3
  {  3889,  14,  20,  16,    1,  -19 },   // 0xD4
  {  3924,  14,  19,  16,    1,  -18 },   // 0xD5
  {  3958,  14,  19,  16,    1,  -18 },   // 0xD6
  {  3992,  10,  10,  14,    2,  -10 },   // 0xD7
  {  4005,  14,  19,  16,    1,  -16 },   // 0xD8
  {  4039,  15,  20,  16,    1,  -19 },   // 0xD9
  {  4077,  15,  20,  16,    1,  -19 },   // 0xDA
  {  4115,  15,  20,  16,    1,  -19 },   // 0xDB
  {  4153,  15,  19,  16,    1,  -18 },   // 0xDC
  {  4189,  14,  20,  13,    0,  -19 },   // 0xDD
  {  4224,  12,  15,  13,    1,  -14 },   // 0xDE
  {  4247,  11,  16,  12,    0,  -15 },   // 0xDF
  {  4269,  10,  16,  11,    1,  -15 },   // 0xE0
  {  4289,  10,  17,  11,    1,  -16 },   // 0xE1
  {  4311,  10,  16,  11,    1,  -15 },   // 0xE2
  {  4331,  10,  15,  11,    1,  -14 },   // 0xE3
  {  4350,  10,  15,  11,    1,  -14 },   // 0xE4
  {  4369,  10,  17,  11,    1,  -16 },   // 0xE5
  {  4391,  14,  11,  16,    1,  -10 },   // 0xE6
  {  4411,   8,  16,  10,    1,  -10 },   // 0xE7
  {  4427,   9,  16,  10,    1,  -15 },   // 0xE8
  {  4445,   9,  17,  10,    1,  -16 },   // 0xE9
  {  4465,   9,  16,  10,    1,  -15 },   // 0xEA
  {  4483,   9,  15,  10,    1,  -14 },   // 0xEB
  {  4500,   6,  16,   6,    0,  -15 },   // 0xEC
  {  4512,   7,  17,   6,    0,  -16 },   // 0xED
  {  4527,   7,  16,   6,    0,  -15 },   // 0xEE
  {  4541,   6,  15,   6,    0,  -14 },   // 0xEF
  {  4553,  10,  17,  11,    1,  -16 },   // 0xF0
  {  4575,  13,  15,  13,    0,  -14 },   // 0xF1
  {  4600,  10,  16,  12,    1,  -15 },   // 0xF2
  {  4620,  10,  17,  12,    1,  -16 },   // 0xF3
  {  4642,  10,  16,  12,    1,  -15 },   // 0xF4
  {  4662,  10,  15,  12,    1,  -14 },   // 0xF5
  {  4681,  10,  15,  12,    1,  -14 },   // 0xF6
  {  4700,  10,  12,  14,    3,  -11 },   // 0xF7
  {  4715,  10,  13,  12,    1,  -11 },   // 0xF8
  {  4732,  11,  16,  12,    1,  -15 },   // 0xF9
  {  4754,  11,  17,  12,    1,  -16 },   // 0xFA
  {  4778,  11,  16,  12,    1,  -15 },   // 0xFB
  {  4800,  11,  15,  12,    1,  -14 },   // 0xFC
  {  4821,  11,  22,  11,    0,  -16 },   // 0xFD
  {  4852,  11,  21,  12,    0,  -15 },   // 0xFE
  {  4881,  11,  20,  11,    0,  -14 } }; // 0xFF

const GFXfont Gelasio_Regular11pt8b PROGMEM = {
  (uint8_t  *)Gelasio_Regular11pt8bBitmaps,
  (GFXglyph *)Gelasio_Regular11pt8bGlyphs,
  0x20, 0xFF, 27 };

// Approx. 6484 bytes

const uint8_t Gelasio_Regular12pt8bBitmaps[] PROGMEM = {
  0x00, 0x4E, 0xEE, 0x66, 0x66, 0x66, 0x44, 0x40, 0x06, 0xF6, 0xC7, 0x8F,
  0x1E, 0x38, 0x50, 0xA1, 0x44, 0x04, 0x20, 0x63, 0x03, 0x18, 0x18, 0xC7,
  0xFF, 0xBF, 0xFC, 0x63, 0x03, 0x18, 0x18, 0xC0, 0xC6, 0x3F, 0xFC, 0x61,
  0x03, 0x18, 0x18, 0xC0, 0xC6, 0x04, 0x20, 0x04, 0x00, 0x80, 0x10, 0x1D,
  0xE6, 0x0C, 0xC0, 0xB8, 0x13, 0x00, 0x78, 0x07, 0xC0, 0x7C, 0x03, 0xE8,
  0x1D, 0x01, 0xA0, 0x3E, 0x06, 0xE1, 0xD7, 0xF0, 0x10, 0x02, 0x00, 0x40,
  0x18, 0x00, 0x33, 0x06, 0x10, 0xC6, 0x18, 0x62, 0x0C, 0x33, 0x06, 0x19,
  0x01, 0x0D, 0x80, 0xCD, 0x80, 0x3C, 0xC0, 0x00, 0xCF, 0x00, 0x4C, 0xC0,
  0x6C, 0x30, 0x26, 0x18, 0x33, 0x0C, 0x11, 0x86, 0x18, 0x42, 0x18, 0x1F,
  0x00, 0x06, 0x00, 0x33, 0x00, 0xC6, 0x01, 0x86, 0x03, 0x08, 0x06, 0x30,
  0x0E, 0xC0, 0x0F, 0x1F, 0x1C, 0x08, 0xCC, 0x33, 0x9C, 0x46, 0x1D, 0x8C,
  0x1E, 0x18, 0x1C, 0x38, 0x1C, 0x30, 0x5C, 0x3F, 0x1E, 0xFF, 0xAA, 0x02,
  0x18, 0x61, 0x86, 0x0C, 0x18, 0x70, 0xE1, 0x83, 0x06, 0x0C, 0x1C, 0x38,
  0x30, 0x60, 0xC0, 0xC1, 0x81, 0x80, 0xC0, 0x80, 0xC0, 0xC0, 0xC1, 0x81,
  0x83, 0x06, 0x0E, 0x1C, 0x38, 0x70, 0xE1, 0xC3, 0x06, 0x0C, 0x18, 0x61,
  0x86, 0x18, 0x00, 0x08, 0x0E, 0x03, 0x19, 0x3F, 0xF9, 0xE0, 0x50, 0x6C,
  0x77, 0x11, 0x00, 0x06, 0x00, 0xC0, 0x18, 0x03, 0x00, 0x61, 0xFF, 0xC1,
  0x80, 0x30, 0x06, 0x00, 0xC0, 0x18, 0x00, 0x6F, 0x73, 0x26, 0x40, 0xFE,
  0xDF, 0x80, 0x06, 0x0C, 0x10, 0x20, 0xC1, 0x82, 0x04, 0x18, 0x30, 0x40,
  0x83, 0x06, 0x0C, 0x10, 0x20, 0xC1, 0x82, 0x04, 0x18, 0x30, 0x00, 0x1E,
  0x06, 0x71, 0x87, 0x60, 0x6C, 0x0D, 0x81, 0xF0, 0x3E, 0x07, 0xC0, 0xF8,
  0x1F, 0x03, 0x70, 0x66, 0x18, 0x7E, 0x00, 0x18, 0xF3, 0xE1, 0xC3, 0x87,
  0x0E, 0x1C, 0x38, 0x70, 0xE1, 0xC3, 0x9F, 0xC0, 0x0E, 0x06, 0x71, 0x87,
  0x70, 0x6C, 0x0C, 0x03, 0x80, 0x60, 0x0C, 0x03, 0x00, 0xC0, 0x30, 0x08,
  0x07, 0xFF, 0xFF, 0xC0, 0x0F, 0x06, 0x71, 0x87, 0x30, 0x66, 0x0C, 0x01,
  0x80, 0x70, 0x1C, 0x0E, 0x01, 0xF0, 0x07, 0x00, 0x70, 0x07, 0xC0, 0xF0,
  0x1E, 0x07, 0x40, 0xC7, 0xF0, 0x30, 0x00, 0x03, 0x00, 0x70, 0x07, 0x00,
  0xE0, 0x0C, 0x01, 0xC0, 0x18, 0x03, 0x80, 0x31, 0x86, 0x18, 0x61, 0x8C,
  0x18, 0xFF, 0xFF, 0xFF, 0x01, 0x80, 0x18, 0x01, 0x80, 0x18, 0x7F, 0xDF,
  0xF6, 0x01, 0x80, 0x60, 0x18, 0x04, 0x01, 0x7C, 0x63, 0x90, 0x70, 0x0C,
  0x03, 0x00, 0xD0, 0x3E, 0x0F, 0x07, 0xC1, 0x9F, 0xC0, 0x80, 0x00, 0x40,
  0x78, 0x18, 0x0E, 0x01, 0x80, 0x60, 0x1C, 0x03, 0x38, 0x7F, 0xDE, 0x1F,
  0x83, 0xF0, 0x3E, 0x07, 0xC0, 0xD8, 0x1B, 0x07, 0x30, 0xC3, 0xF0, 0xFF,
  0xFF, 0xFC, 0x0E, 0x03, 0x80, 0x80, 0x60, 0x10, 0x0C, 0x03, 0x01, 0x80,
  0x60, 0x38, 0x0C, 0x07, 0x01, 0x80, 0x60, 0x38, 0x1C, 0x00, 0x0E, 0x0F,
  0xE6, 0x1B, 0x83, 0xE0, 0xD8, 0x37, 0x18, 0xF4, 0x1E, 0x1B, 0xEC, 0x3F,
  0x07, 0xC0, 0xF0, 0x3C, 0x0F, 0x87, 0x3F, 0x80, 0x0E, 0x06, 0x31, 0x83,
  0x30, 0x7E, 0x07, 0xC0, 0xF8, 0x1F, 0x03, 0x60, 0xEE, 0x3C, 0xFB, 0x80,
  0x60, 0x1C, 0x03, 0x00, 0xC0, 0x30, 0x1C, 0x06, 0x00, 0xDF, 0x80, 0x00,
  0xDF, 0x80, 0x67, 0x70, 0x00, 0x00, 0x6F, 0x73, 0x26, 0x40, 0x00, 0x40,
  0x10, 0x1C, 0x1C, 0x1C, 0x1C, 0x0C, 0x03, 0x80, 0x38, 0x03, 0x80, 0x38,
  0x03, 0x00, 0x40, 0xFF, 0xFF, 0xFC, 0x00, 0x00, 0x00, 0x00, 0x00, 0x3F,
  0xF8, 0x80, 0x18, 0x01, 0xC0, 0x0E, 0x00, 0x70, 0x03, 0x80, 0x18, 0x07,
  0x03, 0x81, 0xC0, 0xE0, 0x70, 0x08, 0x00, 0x0C, 0x3B, 0xB0, 0x78, 0x3C,
  0x1A, 0x0C, 0x06, 0x06, 0x06, 0x02, 0x03, 0x01, 0x00, 0x80, 0x40, 0x00,
  0x30, 0x1C, 0x0E, 0x00, 0x01, 0xFC, 0x01, 0xC3, 0xC1, 0xC0, 0x18, 0xC0,
  0x02, 0x20, 0x40, 0xD8, 0x7B, 0x1C, 0x33, 0xC7, 0x18, 0x61, 0x86, 0x18,
  0x63, 0x8C, 0x38, 0xC3, 0x0E, 0x31, 0xC6, 0x8E, 0x63, 0x21, 0xFF, 0x8C,
  0x33, 0xC3, 0x00, 0x00, 0x60, 0x02, 0x0C, 0x01, 0xC1, 0xE3, 0xC0, 0x0F,
  0x80, 0x01, 0x80, 0x01, 0x80, 0x03, 0xC0, 0x03, 0xC0, 0x02, 0xC0, 0x06,
  0xE0, 0x04, 0x60, 0x04, 0x60, 0x0C, 0x70, 0x08, 0x30, 0x1F, 0xF0, 0x18,
  0x38, 0x10, 0x18, 0x30, 0x1C, 0x30, 0x1C, 0x20, 0x0C, 0xF8, 0x3F, 0xFF,
  0xE1, 0x83, 0x8C, 0x0C, 0x60, 0x63, 0x03, 0x18, 0x38, 0xC7, 0x87, 0xFC,
  0x30, 0x31, 0x80, 0xCC, 0x06, 0x60, 0x33, 0x01, 0x98, 0x1C, 0xE1, 0xDF,
  0xF8, 0x01, 0xC0, 0xF7, 0xCC, 0x0E, 0xE0, 0x36, 0x00, 0xF0, 0x03, 0x80,
  0x1C, 0x00, 0xE0, 0x07, 0x00, 0x38, 0x01, 0xC0, 0x0E, 0x00, 0xB0, 0x05,
  0xC0, 0x67, 0x07, 0x0F, 0xE0, 0xFF, 0xF0, 0x38, 0x38, 0x38, 0x1C, 0x38,
  0x0E, 0x38, 0x0E, 0x38, 0x06, 0x38, 0x07, 0x38, 0x07, 0x38, 0x07, 0x38,
  0x07, 0x38, 0x06, 0x38, 0x0E, 0x38, 0x0C, 0x38, 0x1C, 0x38, 0x78, 0xFF,
  0xE0, 0xFF, 0xF1, 0xC1, 0x8E, 0x0C, 0x70, 0x23, 0x80, 0x1C, 0x60, 0xE3,
  0x07, 0xF8, 0x38, 0xC1, 0xC6, 0x0E, 0x10, 0x70, 0x13, 0x80, 0x9C, 0x0C,
  0xE0, 0xFF, 0xFF, 0xFF, 0xF0, 0xC1, 0x86, 0x06, 0x30, 0x11, 0x80, 0x0C,
  0x20, 0x61, 0x03, 0xF8, 0x18, 0xC0, 0xC2, 0x06, 0x10, 0x30, 0x01, 0x80,
  0x0C, 0x00, 0xE0, 0x1F, 0xE0, 0x01, 0x80, 0x0F, 0xF8, 0x38, 0x18, 0x30,
  0x08, 0x70, 0x0C, 0xE0, 0x00, 0xE0, 0x00, 0xE0, 0x00, 0xE0, 0x00, 0xE0,
  0x00, 0xE0, 0x7F, 0xE0, 0x1C, 0x60, 0x1C, 0x70, 0x1C, 0x38, 0x1C, 0x1C,
  0x1C, 0x0F, 0xF0, 0xFE, 0x1F, 0x98, 0x03, 0x0C, 0x01, 0x86, 0x00, 0xC3,
  0x00, 0x61, 0x80, 0x30, 0xC0, 0x18, 0x7F, 0xFC, 0x30, 0x06, 0x18, 0x03,
  0x0C, 0x01, 0x86, 0x00, 0xC3, 0x00, 0x61, 0x80, 0x30, 0xE0, 0x19, 0xFC,
  0x3F, 0xFE, 0x70, 0xE1, 0xC3, 0x87, 0x0E, 0x1C, 0x38, 0x70, 0xE1, 0xC3,
  0x87, 0x0E, 0x7F, 0x07, 0xE0, 0x38, 0x07, 0x00, 0xE0, 0x1C, 0x03, 0x80,
  0x70, 0x0E, 0x01, 0xC0, 0x38, 0x07, 0x30, 0xEE, 0x18, 0xC3, 0x18, 0xE1,
  0xF8, 0xFE, 0x7E, 0x70, 0x60, 0xE1, 0x81, 0xC2, 0x03, 0x8C, 0x07, 0x30,
  0x0E, 0xC0, 0x1F, 0x80, 0x3B, 0x80, 0x73, 0x80, 0xE3, 0x81, 0xC7, 0x03,
  0x87, 0x07, 0x07, 0x0E, 0x0F, 0x7F, 0x0F, 0xFE, 0x01, 0xC0, 0x0C, 0x00,
  0x60, 0x03, 0x00, 0x18, 0x00, 0xC0, 0x06, 0x00, 0x30, 0x01, 0x80, 0x0C,
  0x00, 0x60, 0x33, 0x01, 0x18, 0x18, 0xE0, 0xDF, 0xFE, 0xFC, 0x03, 0xF3,
  0xE0, 0x3C, 0x3E, 0x07, 0xC3, 0x60, 0x5C, 0x37, 0x05, 0xC3, 0x30, 0xDC,
  0x33, 0x09, 0xC3, 0x38, 0x9C, 0x31, 0x99, 0xC3, 0x19, 0x1C, 0x31, 0xD1,
  0xC3, 0x0F, 0x1C, 0x30, 0xE1, 0xC3, 0x0E, 0x1C, 0x30, 0x61, 0xCF, 0xC4,
  0x7F, 0xF0, 0x3F, 0x38, 0x04, 0x3C, 0x04, 0x2E, 0x04, 0x2E, 0x04, 0x27,
  0x04, 0x23, 0x84, 0x21, 0x84, 0x21, 0xC4, 0x20, 0xE4, 0x20, 0x64, 0x20,
  0x74, 0x20, 0x3C, 0x20, 0x1C, 0x20, 0x0C, 0xF8, 0x0C, 0x01, 0x80, 0x1D,
  0xE0, 0xE0, 0x61, 0x80, 0x66, 0x00, 0xEC, 0x01, 0xF8, 0x03, 0xF0, 0x07,
  0xE0, 0x07, 0xC0, 0x0F, 0x80, 0x3F, 0x00, 0x76, 0x00, 0xEE, 0x01, 0x8C,
  0x07, 0x0C, 0x1C, 0x0F, 0xE0, 0xFF, 0xE1, 0xC3, 0x8E, 0x0C, 0x70, 0x63,
  0x83, 0x9C, 0x18, 0xE0, 0xC7, 0x0E, 0x39, 0xC1, 0xF8, 0x0E, 0x00, 0x70,
  0x03, 0x80, 0x1C, 0x00, 0xE0, 0x1F, 0xC0, 0x01, 0x80, 0x1D, 0xE0, 0xE0,
  0x61, 0x80, 0x66, 0x00, 0xEC, 0x01, 0xF8, 0x03, 0xF0, 0x07, 0xE0, 0x07,
  0xC0, 0x0F, 0x80, 0x3F, 0x00, 0x76, 0x00, 0xEE, 0x01, 0x8C, 0x07, 0x0C,
  0x1C, 0x0F, 0xE0, 0x03, 0x80, 0x07, 0x00, 0x0F, 0x00, 0x0F, 0x80, 0x07,
  0xC0, 0xFF, 0xE0, 0x70, 0xE0, 0xE0, 0xC1, 0xC1, 0xC3, 0x83, 0x07, 0x06,
  0x0E, 0x1C, 0x1C, 0x70, 0x3F, 0x80, 0x61, 0xC0, 0xC1, 0xC1, 0x83, 0x83,
  0x03, 0x06, 0x07, 0x0E, 0x0F, 0x7F, 0x0F, 0x06, 0x07, 0x39, 0x83, 0x30,
  0x26, 0x06, 0xE0, 0x1E, 0x01, 0xE0, 0x1F, 0x00, 0xF0, 0x0F, 0x40, 0x7C,
  0x07, 0x80, 0xF8, 0x1B, 0x86, 0xDF, 0x80, 0x7F, 0xFD, 0x0C, 0x34, 0x30,
  0x70, 0xC1, 0x83, 0x04, 0x0C, 0x00, 0x30, 0x00, 0xC0, 0x03, 0x00, 0x0C,
  0x00, 0x30, 0x00, 0xC0, 0x03, 0x00, 0x0C, 0x00, 0x38, 0x07, 0xF8, 0xFE,
  0x3F, 0x30, 0x04, 0x30, 0x04, 0x30, 0x04, 0x30, 0x04, 0x30, 0x04, 0x30,
  0x04, 0x30, 0x04, 0x30, 0x04, 0x30, 0x04, 0x30, 0x04, 0x30, 0x0C, 0x38,
  0x0C, 0x18, 0x08, 0x1C, 0x18, 0x0F, 0xE0, 0xFC, 0x3F, 0x38, 0x04, 0x38,
  0x0C, 0x18, 0x08, 0x1C, 0x08, 0x1C, 0x18, 0x0C, 0x10, 0x0E, 0x10, 0x0E,
  0x30, 0x06, 0x20, 0x07, 0x20, 0x03, 0x60, 0x03, 0x40, 0x03, 0xC0, 0x01,
  0x80, 0x01, 0x80, 0xFE, 0x18, 0x7E, 0x70, 0x30, 0x10, 0xE0, 0x70, 0x20,
  0xC1, 0xE0, 0xC1, 0x82, 0xC1, 0x03, 0x85, 0x82, 0x03, 0x1B, 0x8C, 0x06,
  0x23, 0x18, 0x0C, 0x46, 0x20, 0x1C, 0x8E, 0x40, 0x1B, 0x0D, 0x80, 0x34,
  0x1A, 0x00, 0x78, 0x3C, 0x00, 0x70, 0x38, 0x00, 0xC0, 0x60, 0x01, 0x80,
  0xC0, 0xFE, 0x7E, 0x18, 0x18, 0x1C, 0x10, 0x0E, 0x20, 0x06, 0x60, 0x07,
  0x40, 0x03, 0x80, 0x03, 0x80, 0x01, 0xC0, 0x02, 0xC0, 0x06, 0xE0, 0x04,
  0x70, 0x08, 0x30, 0x18, 0x38, 0x30, 0x1C, 0xFC, 0x7F, 0xFE, 0x3F, 0x18,
  0x0C, 0x1C, 0x08, 0x0C, 0x18, 0x0E, 0x10, 0x06, 0x30, 0x07, 0x20, 0x03,
  0x60, 0x03, 0xC0, 0x01, 0xC0, 0x01, 0xC0, 0x01, 0xC0, 0x01, 0xC0, 0x01,
  0xC0, 0x01, 0xC0, 0x07, 0xF0, 0x7F, 0xF6, 0x07, 0x40, 0xE8, 0x1C, 0x81,
  0xC0, 0x38, 0x03, 0x00, 0x70, 0x0E, 0x00, 0xC0, 0x1C, 0x03, 0x81, 0x38,
  0x17, 0x03, 0xE0, 0x7F, 0xFF, 0xFE, 0x31, 0x8C, 0x63, 0x18, 0xC6, 0x31,
  0x8C, 0x63, 0x18, 0xC6, 0x31, 0x8C, 0x7C, 0x81, 0x83, 0x06, 0x04, 0x08,
  0x18, 0x30, 0x20, 0x40, 0xC1, 0x81, 0x02, 0x06, 0x0C, 0x18, 0x10, 0x20,
  0x60, 0xC0, 0x81, 0x80, 0xF8, 0xC6, 0x31, 0x8C, 0x63, 0x18, 0xC6, 0x31,
  0x8C, 0x63, 0x18, 0xC6, 0x31, 0xFC, 0x07, 0x00, 0x38, 0x01, 0x40, 0x1B,
  0x00, 0x88, 0x0C, 0x60, 0x61, 0x02, 0x0C, 0x30, 0x61, 0x01, 0x18, 0x0C,
  0xC0, 0x2C, 0x01, 0x80, 0xFF, 0xFE, 0xC7, 0x18, 0x60, 0x80, 0x1C, 0x1D,
  0xCE, 0x1B, 0x06, 0x01, 0x83, 0xE3, 0x19, 0x86, 0xE1, 0xB8, 0x6E, 0x39,
  0xF7, 0xF0, 0x07, 0x00, 0x30, 0x03, 0x00, 0x30, 0x03, 0x00, 0x33, 0x03,
  0xDC, 0x30, 0x63, 0x07, 0x30, 0x73, 0x03, 0x30, 0x33, 0x03, 0x30, 0x73,
  0x06, 0x30, 0xE2, 0xFC, 0x0E, 0x1D, 0x98, 0x7C, 0x3C, 0x06, 0x03, 0x01,
  0x80, 0xE0, 0x70, 0x5C, 0x67, 0xE0, 0x03, 0xC0, 0x1C, 0x00, 0xC0, 0x0C,
  0x00, 0xC0, 0x0C, 0x0E, 0xC3, 0xBC, 0x60, 0xC6, 0x0C, 0xE0, 0xCE, 0x0C,
  0xE0, 0xCE, 0x0C, 0xE0, 0xC6, 0x0C, 0x70, 0xC3, 0xFF, 0x0C, 0x0F, 0xC6,
  0x3B, 0x06, 0xC1, 0xBF, 0xFC, 0x03, 0x00, 0xE0, 0x38, 0x27, 0x18, 0xFC,
  0x1E, 0x37, 0x32, 0x70, 0x60, 0x60, 0x60, 0xFC, 0x60, 0x60, 0x60, 0x60,
  0x60, 0x60, 0x60, 0x60, 0x70, 0xFC, 0x18, 0x46, 0xFD, 0x8C, 0xB0, 0xCE,
  0x18, 0xC7, 0x18, 0xC1, 0xF0, 0x40, 0x18, 0x03, 0xFC, 0x3F, 0xCC, 0x0D,
  0x81, 0xB0, 0x36, 0x04, 0x7F, 0x01, 0x00, 0xF0, 0x01, 0x80, 0x0C, 0x00,
  0x60, 0x03, 0x00, 0x18, 0x00, 0xC2, 0x06, 0xFC, 0x38, 0x61, 0x83, 0x0C,
  0x18, 0x60, 0xC3, 0x06, 0x18, 0x30, 0xC1, 0x86, 0x0C, 0x30, 0x67, 0xE7,
  0xC0, 0x21, 0x8C, 0x20, 0x03, 0xCE, 0x73, 0x9C, 0xE7, 0x39, 0xCE, 0xF8,
  0x10, 0x61, 0x82, 0x00, 0x03, 0xC3, 0x0C, 0x30, 0xC3, 0x0C, 0x30, 0xC3,
  0x0C, 0x30, 0xD2, 0xD9, 0xC0, 0xF0, 0x07, 0x00, 0x30, 0x03, 0x00, 0x30,
  0x03, 0x00, 0x30, 0x03, 0x1F, 0x30, 0xC3, 0x18, 0x33, 0x03, 0x70, 0x3F,
  0x03, 0xB8, 0x31, 0xC3, 0x0C, 0x30, 0xEF, 0xC7, 0xF1, 0xC3, 0x0C, 0x30,
  0xC3, 0x0C, 0x30, 0xC3, 0x0C, 0x30, 0xC3, 0x0C, 0x33, 0xF0, 0x01, 0x83,
  0x1E, 0xFB, 0xF1, 0xE3, 0xC6, 0x18, 0x70, 0xE3, 0x0E, 0x1C, 0x61, 0xC3,
  0x8C, 0x38, 0x71, 0x87, 0x0E, 0x30, 0xE1, 0xC6, 0x1C, 0x39, 0xC3, 0x87,
  0x7C, 0xF9, 0xF0, 0x01, 0x87, 0xBE, 0x1E, 0x38, 0xE0, 0xC7, 0x06, 0x38,
  0x31, 0xC1, 0x8E, 0x0C, 0x70, 0x63, 0x83, 0x1C, 0x39, 0xF3, 0xF0, 0x0C,
  0x07, 0xF1, 0x87, 0x70, 0x6C, 0x0F, 0x81, 0xF0, 0x3E, 0x07, 0xE0, 0xCC,
  0x19, 0x86, 0x1F, 0x80, 0x01, 0x8F, 0xFE, 0x30, 0x63, 0x03, 0x30, 0x33,
  0x03, 0x30, 0x33, 0x03, 0x30, 0x33, 0x07, 0x38, 0x63, 0xFC, 0x30, 0x03,
  0x00, 0x30, 0x03, 0x00, 0xFE, 0x00, 0x0C, 0x03, 0xBC, 0x60, 0xC6, 0x0C,
  0xE0, 0xCE, 0x0C, 0xE0, 0xCE, 0x0C, 0xE0, 0xC6, 0x0C, 0x70, 0xC3, 0xFC,
  0x00, 0xC0, 0x0C, 0x00, 0xC0, 0x0C, 0x03, 0xF0, 0x13, 0xFF, 0x3B, 0x30,
  0x30, 0x30, 0x30, 0x30, 0x30, 0x30, 0x30, 0xFC, 0x19, 0x67, 0xC3, 0xC1,
  0xF0, 0x78, 0x3E, 0x0F, 0x83, 0x83, 0xC3, 0xFE, 0x10, 0x10, 0x10, 0x70,
  0xFF, 0x30, 0x30, 0x30, 0x30, 0x30, 0x30, 0x30, 0x30, 0x31, 0x3E, 0xE3,
  0xC6, 0x0C, 0x60, 0xC6, 0x0C, 0x60, 0xC6, 0x0C, 0x60, 0xC6, 0x0C, 0x70,
  0xC3, 0x3C, 0x3E, 0xF0, 0xF9, 0xF7, 0x04, 0x30, 0x43, 0x88, 0x18, 0x81,
  0x88, 0x0D, 0x00, 0xD0, 0x0E, 0x00, 0x60, 0x06, 0x00, 0xFC, 0x63, 0xCC,
  0x18, 0x21, 0x8E, 0x10, 0x62, 0xC4, 0x18, 0xB1, 0x03, 0x6E, 0x80, 0xD1,
  0xA0, 0x3C, 0x78, 0x06, 0x1C, 0x01, 0x83, 0x00, 0x20, 0xC0, 0xFD, 0xE3,
  0x88, 0x19, 0x80, 0xD0, 0x0E, 0x00, 0x60, 0x0B, 0x01, 0xB8, 0x11, 0x82,
  0x0C, 0xF9, 0xF0, 0xF9, 0xF3, 0x04, 0x30, 0x43, 0x8C, 0x18, 0x81, 0x88,
  0x0D, 0x00, 0xD0, 0x0D, 0x00, 0x60, 0x06, 0x00, 0x60, 0x04, 0x04, 0xC0,
  0x68, 0x07, 0x00, 0x7F, 0xD0, 0xE4, 0x31, 0x1C, 0x0E, 0x03, 0x01, 0xC0,
  0xE1, 0x30, 0xD8, 0x3F, 0xFC, 0x03, 0x0E, 0x1C, 0x18, 0x18, 0x18, 0x18,
  0x18, 0x18, 0x18, 0xF0, 0xE0, 0x38, 0x18, 0x18, 0x18, 0x18, 0x18, 0x18,
  0x1C, 0x0C, 0x07, 0xFF, 0xFF, 0xFC, 0xC0, 0x70, 0x18, 0x18, 0x18, 0x18,
  0x18, 0x18, 0x18, 0x18, 0x0F, 0x07, 0x1C, 0x18, 0x18, 0x18, 0x18, 0x18,
  0x18, 0x18, 0x30, 0xE0, 0x38, 0x2F, 0xFA, 0x0E, 0x00, 0x00, 0xFF, 0xFF,
  0xE0, 0x00, 0x18, 0x00, 0x06, 0x00, 0x01, 0x88, 0x0C, 0x63, 0x07, 0x18,
  0x63, 0x86, 0x0C, 0xC1, 0x81, 0xE0, 0x60, 0x30, 0x18, 0x1E, 0x06, 0x0C,
  0xC1, 0x86, 0x18, 0x63, 0x03, 0x18, 0x00, 0x06, 0x00, 0x01, 0x80, 0x00,
  0x7F, 0xFF, 0xF0, 0xFF, 0xFF, 0xE0, 0x00, 0x18, 0x00, 0x06, 0x00, 0x01,
  0x88, 0x0C, 0x63, 0x07, 0x18, 0x63, 0x86, 0x0C, 0xC1, 0x81, 0xE0, 0x60,
  0x30, 0x18, 0x1E, 0x06, 0x0C, 0xC1, 0x86, 0x18, 0x63, 0x03, 0x18, 0x00,
  0x06, 0x00, 0x01, 0x80, 0x00, 0x7F, 0xFF, 0xF0, 0xFF, 0xFF, 0xE0, 0x00,
  0x18, 0x00, 0x06, 0x00, 0x01, 0x88, 0x0C, 0x63, 0x07, 0x18, 0x63, 0x86,
  0x0C, 0xC1, 0x81, 0xE0, 0x60, 0x30, 0x18, 0x1E, 0x06, 0x0C, 0xC1, 0x86,
  0x18, 0x63, 0x03, 0x18, 0x00, 0x06, 0x00, 0x01, 0x80, 0x00, 0x7F, 0xFF,
  0xF0, 0xFF, 0xFF, 0xE0, 0x00, 0x18, 0x00, 0x06, 0x00, 0x01, 0x88, 0x0C,
  0x63, 0x07, 0x18, 0x63, 0x86, 0x0C, 0xC1, 0x81, 0xE0, 0x60, 0x30, 0x18,
  0x1E, 0x06, 0x0C, 0xC1, 0x86, 0x18, 0x63, 0x03, 0x18, 0x00, 0x06, 0x00,
  0x01, 0x80, 0x00, 0x7F, 0xFF, 0xF0, 0xFF, 0xFF, 0xE0, 0x00, 0x18, 0x00,
  0x06, 0x00, 0x01, 0x88, 0x0C, 0x63, 0x07, 0x18, 0x63, 0x86, 0x0C, 0xC1,
  0x81, 0xE0, 0x60, 0x30, 0x18, 0x1E, 0x06, 0x0C, 0xC1, 0x86, 0x18, 0x63,
  0x03, 0x18, 0x00, 0x06, 0x00, 0x01, 0x80, 0x00, 0x7F, 0xFF, 0xF0, 0xFF,
  0xFF, 0xE0, 0x00, 0x18, 0x00, 0x06, 0x00, 0x01, 0x88, 0x0C, 0x63, 0x07,
  0x18, 0x63, 0x86, 0x0C, 0xC1, 0x81, 0xE0, 0x60, 0x30, 0x18, 0x1E, 0x06,
  0x0C, 0xC1, 0x86, 0x18, 0x63, 0x03, 0x18, 0x00, 0x06, 0x00, 0x01, 0x80,
  0x00, 0x7F, 0xFF, 0xF0, 0xFF, 0xFF, 0xE0, 0x00, 0x18, 0x00, 0x06, 0x00,
  0x01, 0x88, 0x0C, 0x63, 0x07, 0x18, 0x63, 0x86, 0x0C, 0xC1, 0x81, 0xE0,
  0x60, 0x30, 0x18, 0x1E, 0x06, 0x0C, 0xC1, 0x86, 0x18, 0x63, 0x03, 0x18,
  0x00, 0x06, 0x00, 0x01, 0x80, 0x00, 0x7F, 0xFF, 0xF0, 0xFF, 0xFF, 0xE0,
  0x00, 0x18, 0x00, 0x06, 0x00, 0x01, 0x88, 0x0C, 0x63, 0x07, 0x18, 0x63,
  0x86, 0x0C, 0xC1, 0x81, 0xE0, 0x60, 0x30, 0x18, 0x1E, 0x06, 0x0C, 0xC1,
  0x86, 0x18, 0x63, 0x03, 0x18, 0x00, 0x06, 0x00, 0x01, 0x80, 0x00, 0x7F,
  0xFF, 0xF0, 0xFF, 0xFF, 0xE0, 0x00, 0x18, 0x00, 0x06, 0x00, 0x01, 0x88,
  0x0C, 0x63, 0x07, 0x18, 0x63, 0x86, 0x0C, 0xC1, 0x81, 0xE0, 0x60, 0x30,
  0x18, 0x1E, 0x06, 0x0C, 0xC1, 0x86, 0x18, 0x63, 0x03, 0x18, 0x00, 0x06,
  0x00, 0x01, 0x80, 0x00, 0x7F, 0xFF, 0xF0, 0xFF, 0xFF, 0xE0, 0x00, 0x18,
  0x00, 0x06, 0x00, 0x01, 0x88, 0x0C, 0x63, 0x07, 0x18, 0x63, 0x86, 0x0C,
  0xC1, 0x81, 0xE0, 0x60, 0x30, 0x18, 0x1E, 0x06, 0x0C, 0xC1, 0x86, 0x18,
  0x63, 0x03, 0x18, 0x00, 0x06, 0x00, 0x01, 0x80, 0x00, 0x7F, 0xFF, 0xF0,
  0xFF, 0xFF, 0xE0, 0x00, 0x18, 0x00, 0x06, 0x00, 0x01, 0x88, 0x0C, 0x63,
  0x07, 0x18, 0x63, 0x86, 0x0C, 0xC1, 0x81, 0xE0, 0x60, 0x30, 0x18, 0x1E,
  0x06, 0x0C, 0xC1, 0x86, 0x18, 0x63, 0x03, 0x18, 0x00, 0x06, 0x00, 0x01,
  0x80, 0x00, 0x7F, 0xFF, 0xF0, 0xFF, 0xFF, 0xE0, 0x00, 0x18, 0x00, 0x06,
  0x00, 0x01, 0x88, 0x0C, 0x63, 0x07, 0x18, 0x63, 0x86, 0x0C, 0xC1, 0x81,
  0xE0, 0x60, 0x30, 0x18, 0x1E, 0x06, 0x0C, 0xC1, 0x86, 0x18, 0x63, 0x03,
  0x18, 0x00, 0x06, 0x00, 0x01, 0x80, 0x00, 0x7F, 0xFF, 0xF0, 0xFF, 0xFF,
  0xE0, 0x00, 0x18, 0x00, 0x06, 0x00, 0x01, 0x88, 0x0C, 0x63, 0x07, 0x18,
  0x63, 0x86, 0x0C, 0xC1, 0x81, 0xE0, 0x60, 0x30, 0x18, 0x1E, 0x06, 0x0C,
  0xC1, 0x86, 0x18, 0x63, 0x03, 0x18, 0x00, 0x06, 0x00, 0x01, 0x80, 0x00,
  0x7F, 0xFF, 0xF0, 0xFF, 0xFF, 0xE0, 0x00, 0x18, 0x00, 0x06, 0x00, 0x01,
  0x88, 0x0C, 0x63, 0x07, 0x18, 0x63, 0x86, 0x0C, 0xC1, 0x81, 0xE0, 0x60,
  0x30, 0x18, 0x1E, 0x06, 0x0C, 0xC1, 0x86, 0x18, 0x63, 0x03, 0x18, 0x00,
  0x06, 0x00, 0x01, 0x80, 0x00, 0x7F, 0xFF, 0xF0, 0xFF, 0xFF, 0xE0, 0x00,
  0x18, 0x00, 0x06, 0x00, 0x01, 0x88, 0x0C, 0x63, 0x07, 0x18, 0x63, 0x86,
  0x0C, 0xC1, 0x81, 0xE0, 0x60, 0x30, 0x18, 0x1E, 0x06, 0x0C, 0xC1, 0x86,
  0x18, 0x63, 0x03, 0x18, 0x00, 0x06, 0x00, 0x01, 0x80, 0x00, 0x7F, 0xFF,
  0xF0, 0xFF, 0xFF, 0xE0, 0x00, 0x18, 0x00, 0x06, 0x00, 0x01, 0x88, 0x0C,
  0x63, 0x07, 0x18, 0x63, 0x86, 0x0C, 0xC1, 0x81, 0xE0, 0x60, 0x30, 0x18,
  0x1E, 0x06, 0x0C, 0xC1, 0x86, 0x18, 0x63, 0x03, 0x18, 0x00, 0x06, 0x00,
  0x01, 0x80, 0x00, 0x7F, 0xFF, 0xF0, 0xFF, 0xFF, 0xE0, 0x00, 0x18, 0x00,
  0x06, 0x00, 0x01, 0x88, 0x0C, 0x63, 0x07, 0x18, 0x63, 0x86, 0x0C, 0xC1,
  0x81, 0xE0, 0x60, 0x30, 0x18, 0x1E, 0x06, 0x0C, 0xC1, 0x86, 0x18, 0x63,
  0x03, 0x18, 0x00, 0x06, 0x00, 0x01, 0x80, 0x00, 0x7F, 0xFF, 0xF0, 0xFF,
  0xFF, 0xE0, 0x00, 0x18, 0x00, 0x06, 0x00, 0x01, 0x88, 0x0C, 0x63, 0x07,
  0x18, 0x63, 0x86, 0x0C, 0xC1, 0x81, 0xE0, 0x60, 0x30, 0x18, 0x1E, 0x06,
  0x0C, 0xC1, 0x86, 0x18, 0x63, 0x03, 0x18, 0x00, 0x06, 0x00, 0x01, 0x80,
  0x00, 0x7F, 0xFF, 0xF0, 0xFF, 0xFF, 0xE0, 0x00, 0x18, 0x00, 0x06, 0x00,
  0x01, 0x88, 0x0C, 0x63, 0x07, 0x18, 0x63, 0x86, 0x0C, 0xC1, 0x81, 0xE0,
  0x60, 0x30, 0x18, 0x1E, 0x06, 0x0C, 0xC1, 0x86, 0x18, 0x63, 0x03, 0x18,
  0x00, 0x06, 0x00, 0x01, 0x80, 0x00, 0x7F, 0xFF, 0xF0, 0xFF, 0xFF, 0xE0,
  0x00, 0x18, 0x00, 0x06, 0x00, 0x01, 0x88, 0x0C, 0x63, 0x07, 0x18, 0x63,
  0x86, 0x0C, 0xC1, 0x81, 0xE0, 0x60, 0x30, 0x18, 0x1E, 0x06, 0x0C, 0xC1,
  0x86, 0x18, 0x63, 0x03, 0x18, 0x00, 0x06, 0x00, 0x01, 0x80, 0x00, 0x7F,
  0xFF, 0xF0, 0xFF, 0xFF, 0xE0, 0x00, 0x18, 0x00, 0x06, 0x00, 0x01, 0x88,
  0x0C, 0x63, 0x07, 0x18, 0x63, 0x86, 0x0C, 0xC1, 0x81, 0xE0, 0x60, 0x30,
  0x18, 0x1E, 0x06, 0x0C, 0xC1, 0x86, 0x18, 0x63, 0x03, 0x18, 0x00, 0x06,
  0x00, 0x01, 0x80, 0x00, 0x7F, 0xFF, 0xF0, 0xFF, 0xFF, 0xE0, 0x00, 0x18,
  0x00, 0x06, 0x00, 0x01, 0x88, 0x0C, 0x63, 0x07, 0x18, 0x63, 0x86, 0x0C,
  0xC1, 0x81, 0xE0, 0x60, 0x30, 0x18, 0x1E, 0x06, 0x0C, 0xC1, 0x86, 0x18,
  0x63, 0x03, 0x18, 0x00, 0x06, 0x00, 0x01, 0x80, 0x00, 0x7F, 0xFF, 0xF0,
  0xFF, 0xFF, 0xE0, 0x00, 0x18, 0x00, 0x06, 0x00, 0x01, 0x88, 0x0C, 0x63,
  0x07, 0x18, 0x63, 0x86, 0x0C, 0xC1, 0x81, 0xE0, 0x60, 0x30, 0x18, 0x1E,
  0x06, 0x0C, 0xC1, 0x86, 0x18, 0x63, 0x03, 0x18, 0x00, 0x06, 0x00, 0x01,
  0x80, 0x00, 0x7F, 0xFF, 0xF0, 0xFF, 0xFF, 0xE0, 0x00, 0x18, 0x00, 0x06,
  0x00, 0x01, 0x88, 0x0C, 0x63, 0x07, 0x18, 0x63, 0x86, 0x0C, 0xC1, 0x81,
  0xE0, 0x60, 0x30, 0x18, 0x1E, 0x06, 0x0C, 0xC1, 0x86, 0x18, 0x63, 0x03,
  0x18, 0x00, 0x06, 0x00, 0x01, 0x80, 0x00, 0x7F, 0xFF, 0xF0, 0xFF, 0xFF,
  0xE0, 0x00, 0x18, 0x00, 0x06, 0x00, 0x01, 0x88, 0x0C, 0x63, 0x07, 0x18,
  0x63, 0x86, 0x0C, 0xC1, 0x81, 0xE0, 0x60, 0x30, 0x18, 0x1E, 0x06, 0x0C,
  0xC1, 0x86, 0x18, 0x63, 0x03, 0x18, 0x00, 0x06, 0x00, 0x01, 0x80, 0x00,
  0x7F, 0xFF, 0xF0, 0xFF, 0xFF, 0xE0, 0x00, 0x18, 0x00, 0x06, 0x00, 0x01,
  0x88, 0x0C, 0x63, 0x07, 0x18, 0x63, 0x86, 0x0C, 0xC1, 0x81, 0xE0, 0x60,
  0x30, 0x18, 0x1E, 0x06, 0x0C, 0xC1, 0x86, 0x18, 0x63, 0x03, 0x18, 0x00,
  0x06, 0x00, 0x01, 0x80, 0x00, 0x7F, 0xFF, 0xF0, 0xFF, 0xFF, 0xE0, 0x00,
  0x18, 0x00, 0x06, 0x00, 0x01, 0x88, 0x0C, 0x63, 0x07, 0x18, 0x63, 0x86,
  0x0C, 0xC1, 0x81, 0xE0, 0x60, 0x30, 0x18, 0x1E, 0x06, 0x0C, 0xC1, 0x86,
  0x18, 0x63, 0x03, 0x18, 0x00, 0x06, 0x00, 0x01, 0x80, 0x00, 0x7F, 0xFF,
  0xF0, 0xFF, 0xFF, 0xE0, 0x00, 0x18, 0x00, 0x06, 0x00, 0x01, 0x88, 0x0C,
  0x63, 0x07, 0x18, 0x63, 0x86, 0x0C, 0xC1, 0x81, 0xE0, 0x60, 0x30, 0x18,
  0x1E, 0x06, 0x0C, 0xC1, 0x86, 0x18, 0x63, 0x03, 0x18, 0x00, 0x06, 0x00,
  0x01, 0x80, 0x00, 0x7F, 0xFF, 0xF0, 0xFF, 0xFF, 0xE0, 0x00, 0x18, 0x00,
  0x06, 0x00, 0x01, 0x88, 0x0C, 0x63, 0x07, 0x18, 0x63, 0x86, 0x0C, 0xC1,
  0x81, 0xE0, 0x60, 0x30, 0x18, 0x1E, 0x06, 0x0C, 0xC1, 0x86, 0x18, 0x63,
  0x03, 0x18, 0x00, 0x06, 0x00, 0x01, 0x80, 0x00, 0x7F, 0xFF, 0xF0, 0xFF,
  0xFF, 0xE0, 0x00, 0x18, 0x00, 0x06, 0x00, 0x01, 0x88, 0x0C, 0x63, 0x07,
  0x18, 0x63, 0x86, 0x0C, 0xC1, 0x81, 0xE0, 0x60, 0x30, 0x18, 0x1E, 0x06,
  0x0C, 0xC1, 0x86, 0x18, 0x63, 0x03, 0x18, 0x00, 0x06, 0x00, 0x01, 0x80,
  0x00, 0x7F, 0xFF, 0xF0, 0xFF, 0xFF, 0xE0, 0x00, 0x18, 0x00, 0x06, 0x00,
  0x01, 0x88, 0x0C, 0x63, 0x07, 0x18, 0x63, 0x86, 0x0C, 0xC1, 0x81, 0xE0,
  0x60, 0x30, 0x18, 0x1E, 0x06, 0x0C, 0xC1, 0x86, 0x18, 0x63, 0x03, 0x18,
  0x00, 0x06, 0x00, 0x01, 0x80, 0x00, 0x7F, 0xFF, 0xF0, 0xFF, 0xFF, 0xE0,
  0x00, 0x18, 0x00, 0x06, 0x00, 0x01, 0x88, 0x0C, 0x63, 0x07, 0x18, 0x63,
  0x86, 0x0C, 0xC1, 0x81, 0xE0, 0x60, 0x30, 0x18, 0x1E, 0x06, 0x0C, 0xC1,
  0x86, 0x18, 0x63, 0x03, 0x18, 0x00, 0x06, 0x00, 0x01, 0x80, 0x00, 0x7F,
  0xFF, 0xF0, 0x00, 0x5F, 0xA0, 0x12, 0x4D, 0xB6, 0xFF, 0xEC, 0x08, 0x04,
  0x03, 0x07, 0xE6, 0x1E, 0x0F, 0x01, 0x80, 0xC0, 0x60, 0x30, 0x1C, 0x36,
  0x11, 0xF0, 0x20, 0x10, 0x08, 0x00, 0x01, 0x80, 0x37, 0x03, 0x1C, 0x30,
  0x61, 0x82, 0x0C, 0x00, 0x60, 0x03, 0x00, 0xFF, 0x80, 0xC0, 0x06, 0x00,
  0x30, 0x21, 0x83, 0x98, 0x1C, 0xC0, 0xFF, 0x06, 0xC7, 0xE0, 0x40, 0x5D,
  0xDD, 0xFF, 0x18, 0xE7, 0x0C, 0xE1, 0x9C, 0x31, 0xCE, 0x7F, 0xDC, 0x9D,
  0x01, 0x00, 0xFE, 0x1F, 0x18, 0x0C, 0x1C, 0x08, 0x0E, 0x10, 0x06, 0x30,
  0x03, 0x20, 0x03, 0xC0, 0x1F, 0xFC, 0x1F, 0xFC, 0x01, 0x80, 0x01, 0x80,
  0x1F, 0xFC, 0x1F, 0xFC, 0x01, 0x80, 0x01, 0x80, 0x07, 0xF0, 0xFF, 0x87,
  0xFC, 0x04, 0x06, 0xC3, 0x39, 0x84, 0x60, 0x0C, 0x03, 0x81, 0xF8, 0x4F,
  0x31, 0xEE, 0x3B, 0x87, 0x71, 0x9E, 0x63, 0xD8, 0x3C, 0x07, 0x00, 0xC0,
  0x30, 0x8C, 0x33, 0x0F, 0x80, 0xE7, 0xCD, 0x08, 0x03, 0xFC, 0x00, 0xC0,
  0x30, 0x18, 0x00, 0x82, 0x00, 0x04, 0x60, 0x70, 0x24, 0x1D, 0xC2, 0xC3,
  0x0C, 0x18, 0x30, 0x41, 0x86, 0x00, 0x18, 0x60, 0x01, 0x86, 0x00, 0x18,
  0x60, 0x01, 0x83, 0x06, 0x1C, 0x30, 0x41, 0x41, 0xDC, 0x26, 0x02, 0x06,
  0x20, 0x00, 0x41, 0x80, 0x18, 0x0C, 0x03, 0x00, 0x3F, 0xC0, 0x18, 0x6E,
  0xC6, 0x06, 0x1E, 0x66, 0xC6, 0xC6, 0xC6, 0x7B, 0x04, 0x21, 0x84, 0x61,
  0x98, 0x67, 0x39, 0xC6, 0x18, 0xE1, 0x8E, 0x18, 0xE1, 0x8C, 0x10, 0x80,
  0xFF, 0xE0, 0x0C, 0x01, 0x80, 0x30, 0x06, 0x00, 0xC0, 0xFF, 0xFF, 0xE0,
  0x00, 0x18, 0x00, 0x06, 0x00, 0x01, 0x88, 0x0C, 0x63, 0x07, 0x18, 0x63,
  0x86, 0x0C, 0xC1, 0x81, 0xE0, 0x60, 0x30, 0x18, 0x1E, 0x06, 0x0C, 0xC1,
  0x86, 0x18, 0x63, 0x03, 0x18, 0x00, 0x06, 0x00, 0x01, 0x80, 0x00, 0x7F,
  0xFF, 0xF0, 0x03, 0xFC, 0x00, 0xC0, 0x30, 0x18, 0x00, 0x82, 0x00, 0x04,
  0x67, 0xE0, 0x24, 0x19, 0x82, 0xC1, 0x8C, 0x18, 0x18, 0xC1, 0x81, 0x8C,
  0x18, 0x19, 0x81, 0x81, 0xF8, 0x18, 0x19, 0x81, 0x81, 0x8C, 0x1C, 0x18,
  0xC1, 0x43, 0x8E, 0x26, 0x44, 0x16, 0x20, 0x00, 0x41, 0x80, 0x18, 0x0C,
  0x03, 0x00, 0x3F, 0xC0, 0xFF, 0xFC, 0x18, 0x7E, 0xC2, 0xC3, 0xC3, 0xC3,
  0x66, 0x3C, 0x04, 0x00, 0x80, 0x10, 0x02, 0x00, 0x41, 0xFF, 0xC1, 0x00,
  0x20, 0x04, 0x00, 0x80, 0x10, 0x7F, 0xF0, 0x7E, 0xC7, 0xC7, 0x07, 0x06,
  0x06, 0x0C, 0x18, 0x30, 0x7F, 0xFF, 0x7E, 0xC6, 0xC7, 0x06, 0x0C, 0x3C,
  0x07, 0x83, 0xC3, 0x87, 0x7E, 0x19, 0xCC, 0xC8, 0x00, 0xC1, 0x98, 0x33,
  0x06, 0x60, 0xCC, 0x19, 0x83, 0x30, 0x66, 0x0C, 0xC3, 0x9C, 0xF3, 0xF7,
  0xE0, 0x0C, 0x01, 0x80, 0x30, 0x06, 0x00, 0x3F, 0xEF, 0x91, 0xF2, 0x7E,
  0x4F, 0xC8, 0xF9, 0x1F, 0x23, 0xE4, 0x3C, 0x81, 0x90, 0x32, 0x06, 0x40,
  0xC8, 0x19, 0x03, 0x20, 0x64, 0x0C, 0x81, 0x90, 0xF3, 0x80, 0xDF, 0x80,
  0x63, 0x06, 0x3F, 0x20, 0x18, 0xF8, 0x98, 0x18, 0x18, 0x18, 0x18, 0x18,
  0x18, 0x18, 0xFF, 0x0C, 0x1B, 0x98, 0x6C, 0x3E, 0x1E, 0x0D, 0x86, 0xC3,
  0x23, 0x0F, 0x00, 0x84, 0x10, 0xC3, 0x0C, 0x30, 0xC3, 0x1C, 0x71, 0xCE,
  0x33, 0x8C, 0xE3, 0x10, 0xC2, 0x10, 0x00, 0x18, 0x01, 0x03, 0xE0, 0x08,
  0x09, 0x80, 0x60, 0x06, 0x01, 0x00, 0x18, 0x0C, 0x00, 0x60, 0x20, 0x01,
  0x81, 0x9C, 0x06, 0x06, 0x70, 0x18, 0x33, 0x80, 0x60, 0xCC, 0x0F, 0xF2,
  0x73, 0x00, 0x19, 0x8C, 0x00, 0x4C, 0x30, 0x03, 0x3F, 0xF0, 0x08, 0xFF,
  0xC0, 0x60, 0x0C, 0x03, 0x00, 0x30, 0x18, 0x01, 0x03, 0xE0, 0x08, 0x09,
  0x80, 0x60, 0x06, 0x01, 0x00, 0x18, 0x0C, 0x00, 0x60, 0x20, 0x01, 0x81,
  0x9F, 0x86, 0x06, 0xC7, 0x18, 0x33, 0x1C, 0x60, 0xC0, 0x7F, 0xF2, 0x01,
  0x80, 0x18, 0x06, 0x00, 0x40, 0x30, 0x03, 0x01, 0x80, 0x08, 0x0C, 0x00,
  0x60, 0x7F, 0x03, 0x03, 0xFC, 0x7E, 0x01, 0x01, 0x8C, 0x04, 0x03, 0x1C,
  0x18, 0x00, 0x30, 0x20, 0x00, 0xC0, 0xC0, 0x07, 0x81, 0x00, 0x01, 0xC6,
  0x38, 0x41, 0x8C, 0x70, 0xC3, 0x31, 0xC1, 0x0E, 0x63, 0x01, 0xF8, 0x8E,
  0x60, 0x03, 0x18, 0xC0, 0x04, 0x61, 0x80, 0x18, 0xFF, 0xC0, 0x21, 0xFF,
  0x80, 0xC0, 0x0C, 0x03, 0x00, 0x18, 0x0C, 0x07, 0x80, 0xE0, 0x10, 0x00,
  0x01, 0x00, 0xC0, 0x30, 0x18, 0x04, 0x03, 0x01, 0x80, 0xC0, 0x30, 0x2C,
  0x1F, 0x86, 0x61, 0x8F, 0x80, 0x0C, 0x00, 0x0E, 0x00, 0x07, 0x00, 0x01,
  0x80, 0x00, 0xC0, 0x00, 0x00, 0x01, 0x80, 0x01, 0x80, 0x03, 0xC0, 0x03,
  0xC0, 0x02, 0xC0, 0x06, 0xE0, 0x04, 0x60, 0x04, 0x60, 0x0C, 0x70, 0x08,
  0x30, 0x1F, 0xF0, 0x18, 0x38, 0x10, 0x18, 0x30, 0x1C, 0x30, 0x1C, 0x20,
  0x0C, 0xF8, 0x3F, 0x00, 0x20, 0x00, 0x70, 0x00, 0xE0, 0x01, 0x80, 0x03,
  0x00, 0x00, 0x00, 0x01, 0x80, 0x01, 0x80, 0x03, 0xC0, 0x03, 0xC0, 0x02,
  0xC0, 0x06, 0xE0, 0x04, 0x60, 0x04, 0x60, 0x0C, 0x70, 0x08, 0x30, 0x1F,
  0xF0, 0x18, 0x38, 0x10, 0x18, 0x30, 0x1C, 0x30, 0x1C, 0x20, 0x0C, 0xF8,
  0x3F, 0x01, 0x80, 0x03, 0xC0, 0x06, 0x60, 0x0C, 0x30, 0x00, 0x00, 0x01,
  0x80, 0x01, 0x80, 0x03, 0xC0, 0x03, 0xC0, 0x02, 0xC0, 0x06, 0xE0, 0x04,
  0x60, 0x04, 0x60, 0x0C, 0x70, 0x08, 0x30, 0x1F, 0xF0, 0x18, 0x38, 0x10,
  0x18, 0x30, 0x1C, 0x30, 0x1C, 0x20, 0x0C, 0xF8, 0x3F, 0x07, 0x10, 0x0F,
  0xF0, 0x08, 0xE0, 0x00, 0x00, 0x01, 0x80, 0x01, 0x80, 0x03, 0xC0, 0x03,
  0xC0, 0x02, 0xC0, 0x06, 0xE0, 0x04, 0x60, 0x04, 0x60, 0x0C, 0x70, 0x08,
  0x30, 0x1F, 0xF0, 0x18, 0x38, 0x10, 0x18, 0x30, 0x1C, 0x30, 0x1C, 0x20,
  0x0C, 0xF8, 0x3F, 0x04, 0x20, 0x0E, 0x70, 0x0E, 0x70, 0x00, 0x00, 0x00,
  0x00, 0x01, 0x80, 0x01, 0x80, 0x03, 0xC0, 0x03, 0xC0, 0x02, 0xC0, 0x06,
  0xE0, 0x04, 0x60, 0x04, 0x60, 0x0C, 0x70, 0x08, 0x30, 0x1F, 0xF0, 0x18,
  0x38, 0x10, 0x18, 0x30, 0x1C, 0x30, 0x1C, 0x20, 0x0C, 0xF8, 0x3F, 0x03,
  0xC0, 0x06, 0x60, 0x04, 0x20, 0x04, 0x20, 0x06, 0x60, 0x03, 0xC0, 0x01,
  0x80, 0x03, 0xC0, 0x03, 0xC0, 0x02, 0xC0, 0x06, 0xE0, 0x04, 0x60, 0x04,
  0x60, 0x0C, 0x70, 0x08, 0x30, 0x1F, 0xF0, 0x18, 0x38, 0x10, 0x18, 0x30,
  0x1C, 0x30, 0x1C, 0x20, 0x0C, 0xF8, 0x3F, 0x03, 0xFF, 0xF8, 0x01, 0x60,
  0x60, 0x09, 0x80, 0x80, 0x26, 0x02, 0x01, 0x18, 0x00, 0x04, 0x61, 0x80,
  0x21, 0x86, 0x01, 0xFF, 0xF8, 0x04, 0x18, 0xE0, 0x30, 0x61, 0x80, 0xC1,
  0x86, 0x06, 0x06, 0x01, 0x18, 0x18, 0x04, 0xC0, 0x60, 0x33, 0x01, 0xC1,
  0xFF, 0x1F, 0xFF, 0x01, 0xC0, 0xF7, 0xCC, 0x0E, 0xE0, 0x36, 0x00, 0xF0,
  0x03, 0x80, 0x1C, 0x00, 0xE0, 0x07, 0x00, 0x38, 0x01, 0xC0, 0x0E, 0x00,
  0xB0, 0x05, 0xC0, 0x67, 0x07, 0x0F, 0xE0, 0x18, 0x00, 0xC0, 0x01, 0x80,
  0x0C, 0x03, 0xC0, 0x08, 0x00, 0x18, 0x00, 0xE0, 0x03, 0x80, 0x06, 0x00,
  0x18, 0x00, 0x00, 0x00, 0x1F, 0xFE, 0x38, 0x31, 0xC1, 0x8E, 0x04, 0x70,
  0x03, 0x8C, 0x1C, 0x60, 0xFF, 0x07, 0x18, 0x38, 0xC1, 0xC2, 0x0E, 0x02,
  0x70, 0x13, 0x81, 0x9C, 0x1F, 0xFF, 0xE0, 0x00, 0x40, 0x07, 0x00, 0x70,
  0x06, 0x00, 0x60, 0x00, 0x00, 0x00, 0x1F, 0xFE, 0x38, 0x31, 0xC1, 0x8E,
  0x04, 0x70, 0x03, 0x8C, 0x1C, 0x60, 0xFF, 0x07, 0x18, 0x38, 0xC1, 0xC2,
  0x0E, 0x02, 0x70, 0x13, 0x81, 0x9C, 0x1F, 0xFF, 0xE0, 0x03, 0x00, 0x3C,
  0x03, 0x30, 0x30, 0xC0, 0x00, 0x00, 0x03, 0xFF, 0xC7, 0x06, 0x38, 0x31,
  0xC0, 0x8E, 0x00, 0x71, 0x83, 0x8C, 0x1F, 0xE0, 0xE3, 0x07, 0x18, 0x38,
  0x41, 0xC0, 0x4E, 0x02, 0x70, 0x33, 0x83, 0xFF, 0xFC, 0x08, 0x40, 0xE7,
  0x07, 0x38, 0x00, 0x00, 0x00, 0x00, 0x03, 0xFF, 0xC7, 0x06, 0x38, 0x31,
  0xC0, 0x8E, 0x00, 0x71, 0x83, 0x8C, 0x1F, 0xE0, 0xE3, 0x07, 0x18, 0x38,
  0x41, 0xC0, 0x4E, 0x02, 0x70, 0x33, 0x83, 0xFF, 0xFC, 0xC1, 0xC1, 0xC0,
  0xC0, 0xC0, 0x00, 0x7F, 0x38, 0x70, 0xE1, 0xC3, 0x87, 0x0E, 0x1C, 0x38,
  0x70, 0xE1, 0xC3, 0x87, 0x3F, 0x80, 0x02, 0x07, 0x0E, 0x18, 0x30, 0x00,
  0x00, 0xFE, 0x38, 0x38, 0x38, 0x38, 0x38, 0x38, 0x38, 0x38, 0x38, 0x38,
  0x38, 0x38, 0x38, 0x38, 0xFE, 0x18, 0x3C, 0x66, 0xC3, 0x00, 0x00, 0xFE,
  0x38, 0x38, 0x38, 0x38, 0x38, 0x38, 0x38, 0x38, 0x38, 0x38, 0x38, 0x38,
  0x38, 0x38, 0xFE, 0x42, 0xE7, 0xE7, 0x00, 0x00, 0x00, 0xFE, 0x38, 0x38,
  0x38, 0x38, 0x38, 0x38, 0x38, 0x38, 0x38, 0x38, 0x38, 0x38, 0x38, 0x38,
  0xFE, 0xFF, 0xF0, 0x38, 0x38, 0x38, 0x1C, 0x38, 0x0E, 0x38, 0x0E, 0x38,
  0x06, 0x38, 0x07, 0xFF, 0x07, 0x38, 0x07, 0x38, 0x07, 0x38, 0x06, 0x38,
  0x0E, 0x38, 0x0C, 0x38, 0x1C, 0x38, 0x70, 0xFF, 0xE0, 0x07, 0x10, 0x0F,
  0xF0, 0x08, 0xE0, 0x00, 0x00, 0x00, 0x00, 0xF0, 0x3F, 0x38, 0x04, 0x3C,
  0x04, 0x2E, 0x04, 0x2E, 0x04, 0x27, 0x04, 0x23, 0x84, 0x21, 0x84, 0x21,
  0xC4, 0x20, 0xE4, 0x20, 0x64, 0x20, 0x74, 0x20, 0x3C, 0x20, 0x1C, 0x20,
  0x0C, 0xF8, 0x0C, 0x0C, 0x00, 0x1C, 0x00, 0x1C, 0x00, 0x0C, 0x00, 0x0C,
  0x00, 0x00, 0x00, 0x60, 0x07, 0x78, 0x38, 0x18, 0x60, 0x19, 0x80, 0x3B,
  0x00, 0x7E, 0x00, 0xFC, 0x01, 0xF8, 0x01, 0xF0, 0x03, 0xE0, 0x0F, 0xC0,
  0x1D, 0x80, 0x3B, 0x80, 0x63, 0x01, 0xC3, 0x07, 0x03, 0xF8, 0x00, 0x00,
  0x20, 0x00, 0xE0, 0x03, 0x80, 0x0C, 0x00, 0x30, 0x00, 0x00, 0x00, 0x60,
  0x07, 0x78, 0x38, 0x18, 0x60, 0x19, 0x80, 0x3B, 0x00, 0x7E, 0x00, 0xFC,
  0x01, 0xF8, 0x01, 0xF0, 0x03, 0xE0, 0x0F, 0xC0, 0x1D, 0x80, 0x3B, 0x80,
  0x63, 0x01, 0xC3, 0x07, 0x03, 0xF8, 0x00, 0x01, 0x80, 0x07, 0x80, 0x19,
  0x80, 0x61, 0x80, 0x00, 0x00, 0x30, 0x03, 0xBC, 0x1C, 0x0C, 0x30, 0x0C,
  0xC0, 0x1D, 0x80, 0x3F, 0x00, 0x7E, 0x00, 0xFC, 0x00, 0xF8, 0x01, 0xF0,
  0x07, 0xE0, 0x0E, 0xC0, 0x1D, 0xC0, 0x31, 0x80, 0xE1, 0x83, 0x81, 0xFC,
  0x00, 0x07, 0x10, 0x1F, 0xE0, 0x23, 0x80, 0x00, 0x00, 0x18, 0x01, 0xDE,
  0x0E, 0x06, 0x18, 0x06, 0x60, 0x0E, 0xC0, 0x1F, 0x80, 0x3F, 0x00, 0x7E,
  0x00, 0x7C, 0x00, 0xF8, 0x03, 0xF0, 0x07, 0x60, 0x0E, 0xE0, 0x18, 0xC0,
  0x70, 0xC1, 0xC0, 0xFE, 0x00, 0x04, 0x20, 0x1C, 0xE0, 0x39, 0xC0, 0x00,
  0x00, 0x00, 0x00, 0x30, 0x03, 0xBC, 0x1C, 0x0C, 0x30, 0x0C, 0xC0, 0x1D,
  0x80, 0x3F, 0x00, 0x7E, 0x00, 0xFC, 0x00, 0xF8, 0x01, 0xF0, 0x07, 0xE0,
  0x0E, 0xC0, 0x1D, 0xC0, 0x31, 0x80, 0xE1, 0x83, 0x81, 0xFC, 0x00, 0x40,
  0x5C, 0x1D, 0xC7, 0x1D, 0xC1, 0xF0, 0x1C, 0x07, 0xC1, 0xDC, 0x71, 0xDC,
  0x1D, 0x01, 0x00, 0x00, 0x08, 0x03, 0x30, 0x3B, 0xC1, 0xC1, 0xC3, 0x02,
  0xCC, 0x0D, 0xD8, 0x13, 0xF0, 0x67, 0xE0, 0x8F, 0xC3, 0x0F, 0x84, 0x1F,
  0x18, 0x7E, 0x20, 0xEC, 0xC1, 0xDD, 0x03, 0x1E, 0x0E, 0x18, 0x38, 0x3F,
  0xC0, 0x40, 0x00, 0x80, 0x00, 0x06, 0x00, 0x07, 0x00, 0x03, 0x80, 0x00,
  0xC0, 0x00, 0x60, 0x00, 0x00, 0x00, 0x00, 0xFE, 0x3F, 0x30, 0x04, 0x30,
  0x04, 0x30, 0x04, 0x30, 0x04, 0x30, 0x04, 0x30, 0x04, 0x30, 0x04, 0x30,
  0x04, 0x30, 0x04, 0x30, 0x04, 0x30, 0x0C, 0x38, 0x0C, 0x18, 0x08, 0x1C,
  0x18, 0x0F, 0xE0, 0x00, 0x20, 0x00, 0x70, 0x00, 0xE0, 0x01, 0x80, 0x03,
  0x00, 0x00, 0x00, 0x00, 0x00, 0xFE, 0x3F, 0x30, 0x04, 0x30, 0x04, 0x30,
  0x04, 0x30, 0x04, 0x30, 0x04, 0x30, 0x04, 0x30, 0x04, 0x30, 0x04, 0x30,
  0x04, 0x30, 0x04, 0x30, 0x0C, 0x38, 0x0C, 0x18, 0x08, 0x1C, 0x18, 0x0F,
  0xE0, 0x01, 0x80, 0x03, 0xC0, 0x06, 0x60, 0x0C, 0x30, 0x00, 0x00, 0x00,
  0x00, 0xFE, 0x3F, 0x30, 0x04, 0x30, 0x04, 0x30, 0x04, 0x30, 0x04, 0x30,
  0x04, 0x30, 0x04, 0x30, 0x04, 0x30, 0x04, 0x30, 0x04, 0x30, 0x04, 0x30,
  0x0C, 0x38, 0x0C, 0x18, 0x08, 0x1C, 0x18, 0x0F, 0xE0, 0x04, 0x20, 0x0E,
  0x70, 0x0E, 0x70, 0x00, 0x00, 0x00, 0x00, 0x00, 0x00, 0xFE, 0x3F, 0x30,
  0x04, 0x30, 0x04, 0x30, 0x04, 0x30, 0x04, 0x30, 0x04, 0x30, 0x04, 0x30,
  0x04, 0x30, 0x04, 0x30, 0x04, 0x30, 0x04, 0x30, 0x0C, 0x38, 0x0C, 0x18,
  0x08, 0x1C, 0x18, 0x0F, 0xE0, 0x00, 0x20, 0x00, 0x70, 0x00, 0xE0, 0x01,
  0x80, 0x03, 0x00, 0x00, 0x00, 0x00, 0x00, 0xFE, 0x3F, 0x18, 0x0C, 0x1C,
  0x08, 0x0C, 0x18, 0x0E, 0x10, 0x06, 0x30, 0x07, 0x20, 0x03, 0x60, 0x03,
  0xC0, 0x01, 0xC0, 0x01, 0xC0, 0x01, 0xC0, 0x01, 0xC0, 0x01, 0xC0, 0x01,
  0xC0, 0x07, 0xF0, 0xFE, 0x01, 0xC0, 0x0E, 0x00, 0x7F, 0xC3, 0x87, 0x1C,
  0x18, 0xE0, 0xE7, 0x07, 0x38, 0x39, 0xC1, 0x8E, 0x1C, 0x7F, 0xC3, 0x80,
  0x1C, 0x00, 0xE0, 0x1F, 0xC0, 0x07, 0x81, 0x8C, 0x10, 0xE3, 0x0E, 0x30,
  0xC3, 0x18, 0x33, 0x03, 0x30, 0x33, 0x83, 0x3C, 0x31, 0xE3, 0x0E, 0x30,
  0x73, 0x03, 0x30, 0x33, 0x63, 0x36, 0x6F, 0x3E, 0x30, 0x1C, 0x03, 0x80,
  0x30, 0x06, 0x00, 0x01, 0xC1, 0xDC, 0xE1, 0xB0, 0x60, 0x18, 0x3E, 0x31,
  0x98, 0x6E, 0x1B, 0x86, 0xE3, 0x9F, 0x70, 0x03, 0x01, 0xC0, 0x60, 0x30,
  0x10, 0x00, 0x01, 0xC1, 0xDC, 0xE1, 0xB0, 0x60, 0x18, 0x3E, 0x31, 0x98,
  0x6E, 0x1B, 0x86, 0xE3, 0x9F, 0x70, 0x0C, 0x03, 0x81, 0xE0, 0xCC, 0x61,
  0x80, 0x01, 0xC1, 0xDC, 0xE1, 0xB0, 0x60, 0x18, 0x3E, 0x31, 0x98, 0x6E,
  0x1B, 0x86, 0xE3, 0x9F, 0x70, 0x38, 0x8F, 0xE4, 0x70, 0x00, 0x1C, 0x1D,
  0xCE, 0x1B, 0x06, 0x01, 0x83, 0xE3, 0x19, 0x86, 0xE1, 0xB8, 0x6E, 0x39,
  0xF7, 0x21, 0x1C, 0xE7, 0x38, 0x84, 0x00, 0x07, 0x07, 0x73, 0x86, 0xC1,
  0x80, 0x60, 0xF8, 0xC6, 0x61, 0xB8, 0x6E, 0x1B, 0x8E, 0x7D, 0xC0, 0x0C,
  0x0C, 0xC2, 0x10, 0x84, 0x33, 0x07, 0x80, 0x00, 0x70, 0x77, 0x38, 0x6C,
  0x18, 0x06, 0x0F, 0x8C, 0x66, 0x1B, 0x86, 0xE1, 0xB8, 0xE7, 0xDC, 0x0C,
  0x38, 0x77, 0xFC, 0xC3, 0x86, 0xC3, 0x86, 0x03, 0x06, 0x0F, 0xFF, 0x33,
  0x00, 0x63, 0x00, 0xE3, 0x80, 0xE3, 0x82, 0xE3, 0xC6, 0x7C, 0xFC, 0x0E,
  0x1D, 0x98, 0x7C, 0x3C, 0x06, 0x03, 0x01, 0x80, 0xE0, 0x70, 0x5C, 0x67,
  0xE1, 0x80, 0xC0, 0x18, 0x0C, 0x3C, 0x08, 0x00, 0x30, 0x1C, 0x03, 0x80,
  0x30, 0x06, 0x00, 0x00, 0xC0, 0xFC, 0x63, 0xB0, 0x6C, 0x1B, 0xFF, 0xC0,
  0x30, 0x0E, 0x03, 0x82, 0x71, 0x8F, 0xC0, 0x03, 0x01, 0xC0, 0x60, 0x30,
  0x10, 0x00, 0x00, 0xC0, 0xFC, 0x63, 0xB0, 0x6C, 0x1B, 0xFF, 0xC0, 0x30,
  0x0E, 0x03, 0x82, 0x71, 0x8F, 0xC0, 0x0C, 0x03, 0x81, 0xE0, 0xCC, 0x61,
  0x80, 0x00, 0xC0, 0xFC, 0x63, 0xB0, 0x6C, 0x1B, 0xFF, 0xC0, 0x30, 0x0E,
  0x03, 0x82, 0x71, 0x8F, 0xC0, 0x21, 0x1C, 0xE7, 0x38, 0x84, 0x00, 0x03,
  0x03, 0xF1, 0x8E, 0xC1, 0xB0, 0x6F, 0xFF, 0x00, 0xC0, 0x38, 0x0E, 0x09,
  0xC6, 0x3F, 0x00, 0x61, 0xC1, 0xC0, 0xC0, 0xC0, 0x00, 0x1E, 0x1C, 0x38,
  0x70, 0xE1, 0xC3, 0x87, 0x0E, 0x1C, 0x7C, 0x0C, 0x71, 0x8C, 0x40, 0x00,
  0x3C, 0x71, 0xC7, 0x1C, 0x71, 0xC7, 0x1C, 0x73, 0xE0, 0x18, 0x1C, 0x3C,
  0x66, 0xC3, 0x00, 0x00, 0x78, 0x38, 0x38, 0x38, 0x38, 0x38, 0x38, 0x38,
  0x38, 0x38, 0x7C, 0x42, 0xE7, 0xE7, 0x42, 0x00, 0x00, 0x78, 0x38, 0x38,
  0x38, 0x38, 0x38, 0x38, 0x38, 0x38, 0x38, 0x7C, 0x01, 0x1E, 0xC1, 0xC0,
  0x78, 0x33, 0x00, 0xE0, 0x18, 0x07, 0x3F, 0xDC, 0x76, 0x0F, 0x83, 0xC0,
  0xF0, 0x3C, 0x0F, 0x03, 0xE1, 0xD8, 0x63, 0xF0, 0x1C, 0x40, 0xFE, 0x08,
  0xE0, 0x00, 0x00, 0x18, 0x7B, 0xE1, 0xE3, 0x8E, 0x0C, 0x70, 0x63, 0x83,
  0x1C, 0x18, 0xE0, 0xC7, 0x06, 0x38, 0x31, 0xC3, 0x9F, 0x3F, 0x30, 0x0E,
  0x00, 0xE0, 0x06, 0x00, 0x60, 0x00, 0x03, 0x01, 0xFC, 0x61, 0xDC, 0x1B,
  0x03, 0xE0, 0x7C, 0x0F, 0x81, 0xF8, 0x33, 0x06, 0x61, 0x87, 0xE0, 0x01,
  0x80, 0x70, 0x0C, 0x03, 0x00, 0x80, 0x00, 0x03, 0x01, 0xFC, 0x61, 0xDC,
  0x1B, 0x03, 0xE0, 0x7C, 0x0F, 0x81, 0xF8, 0x33, 0x06, 0x61, 0x87, 0xE0,
  0x0C, 0x01, 0xC0, 0x78, 0x19, 0x86, 0x18, 0x00, 0x03, 0x01, 0xFC, 0x61,
  0xDC, 0x1B, 0x03, 0xE0, 0x7C, 0x0F, 0x81, 0xF8, 0x33, 0x06, 0x61, 0x87,
  0xE0, 0x38, 0x87, 0xF1, 0x1C, 0x00, 0x00, 0xC0, 0x7F, 0x18, 0x77, 0x06,
  0xC0, 0xF8, 0x1F, 0x03, 0xE0, 0x7E, 0x0C, 0xC1, 0x98, 0x61, 0xF8, 0x21,
  0x0E, 0x71, 0xCE, 0x10, 0x80, 0x00, 0x18, 0x0F, 0xE3, 0x0E, 0xE0, 0xD8,
  0x1F, 0x03, 0xE0, 0x7C, 0x0F, 0xC1, 0x98, 0x33, 0x0C, 0x3F, 0x00, 0x04,
  0x01, 0xC0, 0x38, 0x02, 0x00, 0x00, 0x00, 0x3F, 0xF8, 0x00, 0x00, 0x00,
  0x00, 0x38, 0x07, 0x00, 0x40, 0x00, 0x81, 0x90, 0xFE, 0x30, 0xEE, 0x2D,
  0x85, 0xF1, 0x3E, 0x67, 0xC8, 0xFF, 0x19, 0xC3, 0x38, 0xC3, 0xF0, 0xC0,
  0x00, 0x18, 0x03, 0x80, 0x1C, 0x00, 0x60, 0x03, 0x00, 0x00, 0x00, 0x0E,
  0x3C, 0x60, 0xC6, 0x0C, 0x60, 0xC6, 0x0C, 0x60, 0xC6, 0x0C, 0x60, 0xC7,
  0x0C, 0x33, 0xC3, 0xEF, 0x01, 0x80, 0x38, 0x03, 0x00, 0x60, 0x08, 0x00,
  0x00, 0x00, 0x0E, 0x3C, 0x60, 0xC6, 0x0C, 0x60, 0xC6, 0x0C, 0x60, 0xC6,
  0x0C, 0x60, 0xC7, 0x0C, 0x33, 0xC3, 0xEF, 0x06, 0x00, 0x70, 0x0F, 0x01,
  0x98, 0x30, 0xC0, 0x00, 0x00, 0x0E, 0x3C, 0x60, 0xC6, 0x0C, 0x60, 0xC6,
  0x0C, 0x60, 0xC6, 0x0C, 0x60, 0xC7, 0x0C, 0x33, 0xC3, 0xEF, 0x10, 0x83,
  0x9C, 0x39, 0xC1, 0x08, 0x00, 0x00, 0x00, 0xE3, 0xC6, 0x0C, 0x60, 0xC6,
  0x0C, 0x60, 0xC6, 0x0C, 0x60, 0xC6, 0x0C, 0x70, 0xC3, 0x3C, 0x3E, 0xF0,
  0x01, 0x80, 0x38, 0x03, 0x00, 0x60, 0x08, 0x00, 0x00, 0x00, 0x0F, 0x9F,
  0x30, 0x43, 0x04, 0x38, 0xC1, 0x88, 0x18, 0x80, 0xD0, 0x0D, 0x00, 0xD0,
  0x06, 0x00, 0x60, 0x06, 0x00, 0x40, 0x4C, 0x06, 0x80, 0x70, 0x00, 0xF0,
  0x07, 0x00, 0x30, 0x03, 0x00, 0x30, 0x03, 0x00, 0x31, 0x03, 0xDC, 0x30,
  0x63, 0x07, 0x30, 0x73, 0x03, 0x30, 0x33, 0x03, 0x30, 0x73, 0x06, 0x30,
  0xE3, 0xFC, 0x30, 0x03, 0x00, 0x30, 0x03, 0x00, 0xFC, 0x00, 0x10, 0x83,
  0x9C, 0x39, 0xC1, 0x08, 0x00, 0x00, 0x00, 0xF9, 0xF3, 0x04, 0x30, 0x43,
  0x8C, 0x18, 0x81, 0x88, 0x0D, 0x00, 0xD0, 0x0D, 0x00, 0x60, 0x06, 0x00,
  0x60, 0x04, 0x04, 0xC0, 0x68, 0x07, 0x00 };

const GFXglyph Gelasio_Regular12pt8bGlyphs[] PROGMEM = {
  {     0,   1,   1,   6,    0,    0 },   // 0x20 ' '
  {     1,   4,  18,   8,    2,  -17 },   // 0x21 '!'
  {    10,   7,   8,  10,    2,  -18 },   // 0x22 '"'
  {    17,  13,  16,  15,    1,  -15 },   // 0x23 '#'
  {    43,  11,  21,  14,    2,  -17 },   // 0x24 '$'
  {    72,  17,  17,  19,    1,  -16 },   // 0x25 '%'
  {   109,  15,  17,  17,    1,  -16 },   // 0x26 '&'
  {   141,   2,   8,   5,    2,  -18 },   // 0x27 '''
  {   143,   7,  22,   9,    1,  -17 },   // 0x28 '('
  {   163,   7,  22,   9,    1,  -17 },   // 0x29 ')'
  {   183,   9,  10,  11,    1,  -17 },   // 0x2A '*'
  {   195,  11,  11,  15,    2,  -11 },   // 0x2B '+'
  {   211,   4,   7,   6,    1,   -2 },   // 0x2C ','
  {   215,   7,   1,   9,    1,   -6 },   // 0x2D '-'
  {   216,   3,   3,   6,    2,   -2 },   // 0x2E '.'
  {   218,   7,  23,  11,    2,  -17 },   // 0x2F '/'
  {   239,  11,  14,  14,    2,  -13 },   // 0x30 '0'
  {   259,   7,  14,  10,    2,  -13 },   // 0x31 '1'
  {   272,  11,  14,  13,    1,  -13 },   // 0x32 '2'
  {   292,  11,  19,  13,    1,  -13 },   // 0x33 '3'
  {   319,  12,  18,  13,    1,  -13 },   // 0x34 '4'
  {   346,  10,  19,  12,    1,  -13 },   // 0x35 '5'
  {   370,  11,  18,  13,    1,  -17 },   // 0x36 '6'
  {   395,  10,  18,  12,    1,  -13 },   // 0x37 '7'
  {   418,  10,  17,  14,    2,  -16 },   // 0x38 '8'
  {   440,  11,  18,  13,    1,  -13 },   // 0x39 '9'
  {   465,   3,  11,   7,    3,  -10 },   // 0x3A ':'
  {   470,   4,  15,   7,    1,  -10 },   // 0x3B ';'
  {   478,  10,  13,  15,    2,  -12 },   // 0x3C '<'
  {   495,  11,   7,  15,    2,   -9 },   // 0x3D '='
  {   505,  11,  13,  15,    2,  -12 },   // 0x3E '>'
  {   523,   9,  18,  11,    1,  -17 },   // 0x3F '?'
  {   544,  18,  20,  22,    2,  -15 },   // 0x40 '@'
  {   589,  16,  17,  16,    0,  -16 },   // 0x41 'A'
  {   623,  13,  16,  15,    1,  -15 },   // 0x42 'B'
  {   649,  13,  17,  15,    1,  -16 },   // 0x43 'C'
  {   677,  16,  16,  18,    1,  -15 },   // 0x44 'D'
  {   709,  13,  16,  15,    1,  -15 },   // 0x45 'E'
  {   735,  13,  16,  14,    1,  -15 },   // 0x46 'F'
  {   761,  16,  17,  17,    1,  -16 },   // 0x47 'G'
  {   795,  17,  16,  19,    1,  -15 },   // 0x48 'H'
  {   829,   7,  16,   9,    1,  -15 },   // 0x49 'I'
  {   843,  11,  16,  12,    0,  -15 },   // 0x4A 'J'
  {   865,  15,  16,  16,    1,  -15 },   // 0x4B 'K'
  {   895,  13,  16,  14,    1,  -15 },   // 0x4C 'L'
  {   921,  20,  16,  22,    1,  -15 },   // 0x4D 'M'
  {   961,  16,  16,  18,    1,  -15 },   // 0x4E 'N'
  {   993,  15,  17,  17,    1,  -16 },   // 0x4F 'O'
  {  1025,  13,  16,  14,    1,  -15 },   // 0x50 'P'
  {  1051,  15,  22,  17,    1,  -16 },   // 0x51 'Q'
  {  1093,  15,  16,  16,    1,  -15 },   // 0x52 'R'
  {  1123,  11,  17,  13,    1,  -16 },   // 0x53 'S'
  {  1147,  14,  16,  15,    0,  -15 },   // 0x54 'T'
  {  1175,  16,  16,  18,    1,  -15 },   // 0x55 'U'
  {  1207,  16,  16,  16,    0,  -15 },   // 0x56 'V'
  {  1239,  23,  16,  23,    0,  -15 },   // 0x57 'W'
  {  1285,  16,  16,  17,    0,  -15 },   // 0x58 'X'
  {  1317,  16,  16,  14,   -1,  -15 },   // 0x59 'Y'
  {  1349,  12,  16,  14,    1,  -15 },   // 0x5A 'Z'
  {  1373,   5,  22,   9,    2,  -17 },   // 0x5B '['
  {  1387,   7,  23,  11,    1,  -16 },   // 0x5C '\'
  {  1408,   5,  22,   9,    2,  -17 },   // 0x5D ']'
  {  1422,  13,  13,  15,    1,  -15 },   // 0x5E '^'
  {  1444,  15,   1,  15,    0,    3 },   // 0x5F '_'
  {  1446,   5,   5,  12,    4,  -17 },   // 0x60 '`'
  {  1450,  10,  12,  12,    1,  -11 },   // 0x61 'a'
  {  1465,  12,  18,  13,    0,  -17 },   // 0x62 'b'
  {  1492,   9,  12,  11,    1,  -11 },   // 0x63 'c'
  {  1506,  12,  18,  14,    1,  -17 },   // 0x64 'd'
  {  1533,  10,  12,  11,    1,  -11 },   // 0x65 'e'
  {  1548,   8,  18,   8,    1,  -17 },   // 0x66 'f'
  {  1566,  11,  18,  12,    1,  -11 },   // 0x67 'g'
  {  1591,  13,  18,  14,    0,  -17 },   // 0x68 'h'
  {  1621,   5,  17,   7,    1,  -16 },   // 0x69 'i'
  {  1632,   6,  22,   7,   -1,  -16 },   // 0x6A 'j'
  {  1649,  12,  18,  13,    0,  -17 },   // 0x6B 'k'
  {  1676,   6,  18,   7,    0,  -17 },   // 0x6C 'l'
  {  1690,  19,  12,  21,    1,  -11 },   // 0x6D 'm'
  {  1719,  13,  12,  14,    1,  -11 },   // 0x6E 'n'
  {  1739,  11,  12,  13,    1,  -11 },   // 0x6F 'o'
  {  1756,  12,  17,  13,    0,  -11 },   // 0x70 'p'
  {  1782,  12,  17,  13,    1,  -11 },   // 0x71 'q'
  {  1808,   8,  12,  10,    1,  -11 },   // 0x72 'r'
  {  1820,   8,  12,  10,    1,  -11 },   // 0x73 's'
  {  1832,   8,  15,   8,    0,  -14 },   // 0x74 't'
  {  1847,  12,  11,  14,    1,  -10 },   // 0x75 'u'
  {  1864,  12,  11,  12,    0,  -10 },   // 0x76 'v'
  {  1881,  18,  11,  17,   -1,  -10 },   // 0x77 'w'
  {  1906,  12,  11,  12,    0,  -10 },   // 0x78 'x'
  {  1923,  12,  16,  12,    0,  -10 },   // 0x79 'y'
  {  1947,  10,  11,  10,    0,  -10 },   // 0x7A 'z'
  {  1961,   8,  22,  10,    1,  -17 },   // 0x7B '{'
  {  1983,   1,  22,   9,    4,  -17 },   // 0x7C '|'
  {  1986,   8,  22,  10,    1,  -17 },   // 0x7D '}'
  {  2008,  11,   3,  15,    2,   -7 },   // 0x7E '~'
  {  2013,   1,   1,   0,    0,    0 },   // 0x7F
  {  2014,  18,  18,  24,    3,  -17 },   // 0x80
  {  2055,  18,  18,  24,    3,  -17 },   // 0x81
  {  2096,  18,  18,  24,    3,  -17 },   // 0x82
  {  2137,  18,  18,  24,    3,  -17 },   // 0x83
  {  2178,  18,  18,  24,    3,  -17 },   // 0x84
  {  2219,  18,  18,  24,    3,  -17 },   // 0x85
  {  2260,  18,  18,  24,    3,  -17 },   // 0x86
  {  2301,  18,  18,  24,    3,  -17 },   // 0x87
  {  2342,  18,  18,  24,    3,  -17 },   // 0x88
  {  2383,  18,  18,  24,    3,  -17 },   // 0x89
  {  2424,  18,  18,  24,    3,  -17 },   // 0x8A
  {  2465,  18,  18,  24,    3,  -17 },   // 0x8B
  {  2506,  18,  18,  24,    3,  -17 },   // 0x8C
  {  2547,  18,  18,  24,    3,  -17 },   // 0x8D
  {  2588,  18,  18,  24,    3,  -17 },   // 0x8E
  {  2629,  18,  18,  24,    3,  -17 },   // 0x8F
  {  2670,  18,  18,  24,    3,  -17 },   // 0x90
  {  2711,  18,  18,  24,    3,  -17 },   // 0x91
  {  2752,  18,  18,  24,    3,  -17 },   // 0x92
  {  2793,  18,  18,  24,    3,  -17 },   // 0x93
  {  2834,  18,  18,  24,    3,  -17 },   // 0x94
  {  2875,  18,  18,  24,    3,  -17 },   // 0x95
  {  2916,  18,  18,  24,    3,  -17 },   // 0x96
  {  2957,  18,  18,  24,    3,  -17 },   // 0x97
  {  2998,  18,  18,  24,    3,  -17 },   // 0x98
  {  3039,  18,  18,  24,    3,  -17 },   // 0x99
  {  3080,  18,  18,  24,    3,  -17 },   // 0x9A
  {  3121,  18,  18,  24,    3,  -17 },   // 0x9B
  {  3162,  18,  18,  24,    3,  -17 },   // 0x9C
  {  3203,  18,  18,  24,    3,  -17 },   // 0x9D
  {  3244,  18,  18,  24,    3,  -17 },   // 0x9E
  {  3285,  18,  18,  24,    3,  -17 },   // 0x9F
  {  3326,   1,   1,   6,    0,    0 },   // 0xA0
  {  3327,   3,  18,   8,    2,  -16 },   // 0xA1
  {  3334,   9,  17,  13,    2,  -13 },   // 0xA2
  {  3354,  13,  17,  15,    1,  -16 },   // 0xA3
  {  3382,  11,  11,  13,    1,  -11 },   // 0xA4
  {  3398,  16,  16,  14,   -1,  -15 },   // 0xA5
  {  3430,   1,  22,   9,    4,  -17 },   // 0xA6
  {  3433,  10,  22,  12,    1,  -16 },   // 0xA7
  {  3461,   7,   3,  12,    2,  -16 },   // 0xA8
  {  3464,  20,  20,  22,    1,  -16 },   // 0xA9
  {  3514,   8,  10,  12,    2,  -16 },   // 0xAA
  {  3524,  11,  11,  14,    1,  -11 },   // 0xAB
  {  3540,  11,   6,  15,    2,   -6 },   // 0xAC
  {  3549,  18,  18,  24,    3,  -17 },   // 0xAD
  {  3590,  20,  20,  22,    1,  -16 },   // 0xAE
  {  3640,   7,   2,  15,    0,  -15 },   // 0xAF
  {  3642,   8,   8,  10,    1,  -16 },   // 0xB0
  {  3650,  11,  12,  15,    2,  -11 },   // 0xB1
  {  3667,   8,  11,  12,    2,  -19 },   // 0xB2
  {  3678,   8,  11,  12,    2,  -19 },   // 0xB3
  {  3689,   5,   5,  12,    3,  -17 },   // 0xB4
  {  3693,  11,  16,  14,    2,  -10 },   // 0xB5
  {  3715,  11,  19,  12,    0,  -15 },   // 0xB6
  {  3742,   3,   3,   7,    2,   -9 },   // 0xB7
  {  3744,   5,   6,   6,    1,    1 },   // 0xB8
  {  3748,   8,  11,  12,    2,  -19 },   // 0xB9
  {  3759,   9,  10,  12,    1,  -16 },   // 0xBA
  {  3771,  11,  11,  14,    2,  -11 },   // 0xBB
  {  3787,  22,  17,  25,    1,  -16 },   // 0xBC
  {  3834,  22,  17,  25,    1,  -16 },   // 0xBD
  {  3881,  23,  17,  25,    2,  -16 },   // 0xBE
  {  3930,  10,  18,  11,    1,  -16 },   // 0xBF
  {  3953,  16,  23,  16,    0,  -22 },   // 0xC0
  {  3999,  16,  23,  16,    0,  -22 },   // 0xC1
  {  4045,  16,  22,  16,    0,  -21 },   // 0xC2
  {  4089,  16,  21,  16,    0,  -20 },   // 0xC3
  {  4131,  16,  22,  16,    0,  -21 },   // 0xC4
  {  4175,  16,  22,  16,    0,  -21 },   // 0xC5
  {  4219,  22,  16,  23,   -1,  -15 },   // 0xC6
  {  4263,  13,  23,  15,    1,  -16 },   // 0xC7
  {  4301,  13,  23,  15,    1,  -22 },   // 0xC8
  {  4339,  13,  23,  15,    1,  -22 },   // 0xC9
  {  4377,  13,  22,  15,    1,  -21 },   // 0xCA
  {  4413,  13,  22,  15,    1,  -21 },   // 0xCB
  {  4449,   7,  23,   9,    1,  -22 },   // 0xCC
  {  4470,   8,  23,   9,    1,  -22 },   // 0xCD
  {  4493,   8,  22,   9,    1,  -21 },   // 0xCE
  {  4515,   8,  22,   9,    1,  -21 },   // 0xCF
  {  4537,  16,  16,  18,    1,  -15 },   // 0xD0
  {  4569,  16,  21,  18,    1,  -20 },   // 0xD1
  {  4611,  15,  23,  17,    1,  -22 },   // 0xD2
  {  4655,  15,  23,  17,    1,  -22 },   // 0xD3
  {  4699,  15,  22,  17,    1,  -21 },   // 0xD4
  {  4741,  15,  21,  17,    1,  -20 },   // 0xD5
  {  4781,  15,  22,  17,    1,  -21 },   // 0xD6
  {  4823,  11,  11,  15,    2,  -11 },   // 0xD7
  {  4839,  15,  20,  17,    1,  -17 },   // 0xD8
  {  4877,  16,  23,  18,    1,  -22 },   // 0xD9
  {  4923,  16,  23,  18,    1,  -22 },   // 0xDA
  {  4969,  16,  22,  18,    1,  -21 },   // 0xDB
  {  5013,  16,  22,  18,    1,  -21 },   // 0xDC
  {  5057,  16,  23,  14,   -1,  -22 },   // 0xDD
  {  5103,  13,  16,  14,    1,  -15 },   // 0xDE
  {  5129,  12,  18,  13,    0,  -17 },   // 0xDF
  {  5156,  10,  18,  12,    1,  -17 },   // 0xE0
  {  5179,  10,  18,  12,    1,  -17 },   // 0xE1
  {  5202,  10,  18,  12,    1,  -17 },   // 0xE2
  {  5225,  10,  16,  12,    1,  -15 },   // 0xE3
  {  5245,  10,  17,  12,    1,  -16 },   // 0xE4
  {  5267,  10,  19,  12,    1,  -18 },   // 0xE5
  {  5291,  16,  12,  17,    1,  -11 },   // 0xE6
  {  5315,   9,  18,  11,    1,  -11 },   // 0xE7
  {  5336,  10,  18,  11,    1,  -17 },   // 0xE8
  {  5359,  10,  18,  11,    1,  -17 },   // 0xE9
  {  5382,  10,  18,  11,    1,  -17 },   // 0xEA
  {  5405,  10,  17,  11,    1,  -16 },   // 0xEB
  {  5427,   7,  18,   7,   -1,  -17 },   // 0xEC
  {  5443,   6,  18,   7,    1,  -17 },   // 0xED
  {  5457,   8,  18,   7,    0,  -17 },   // 0xEE
  {  5475,   8,  17,   7,    0,  -16 },   // 0xEF
  {  5492,  10,  19,  13,    1,  -18 },   // 0xF0
  {  5516,  13,  16,  14,    1,  -15 },   // 0xF1
  {  5542,  11,  18,  13,    1,  -17 },   // 0xF2
  {  5567,  11,  18,  13,    1,  -17 },   // 0xF3
  {  5592,  11,  18,  13,    1,  -17 },   // 0xF4
  {  5617,  11,  16,  13,    1,  -15 },   // 0xF5
  {  5639,  11,  17,  13,    1,  -16 },   // 0xF6
  {  5663,  11,  13,  15,    3,  -12 },   // 0xF7
  {  5681,  11,  14,  13,    1,  -12 },   // 0xF8
  {  5701,  12,  18,  14,    1,  -17 },   // 0xF9
  {  5728,  12,  18,  14,    1,  -17 },   // 0xFA
  {  5755,  12,  18,  14,    1,  -17 },   // 0xFB
  {  5782,  12,  17,  14,    1,  -16 },   // 0xFC
  {  5808,  12,  23,  12,    0,  -17 },   // 0xFD
  {  5843,  12,  23,  13,    0,  -17 },   // 0xFE
  {  5878,  12,  22,  12,    0,  -16 } }; // 0xFF

const GFXfont Gelasio_Regular12pt8b PROGMEM = {
  (uint8_t  *)Gelasio_Regular12pt8bBitmaps,
  (GFXglyph *)Gelasio_Regular12pt8bGlyphs,
  0x20, 0xFF, 30 };

// Approx. 7486 bytes

const uint8_t Gelasio_Regular13pt8bBitmaps[] PROGMEM = {
  0x00, 0x67, 0x77, 0x76, 0x66, 0x66, 0x62, 0x22, 0x00, 0x7F, 0x70, 0xC6,
  0xE7, 0xC6, 0xC6, 0xC6, 0x84, 0x84, 0x84, 0x84, 0x06, 0x10, 0x18, 0xC0,
  0x63, 0x01, 0x0C, 0x0C, 0x31, 0xFF, 0xF7, 0xFF, 0xC3, 0x18, 0x0C, 0x60,
  0x61, 0x81, 0x86, 0x3F, 0xFE, 0xFF, 0xF8, 0x63, 0x01, 0x0C, 0x0C, 0x30,
  0x30, 0x80, 0xC6, 0x00, 0x06, 0x00, 0x60, 0x0F, 0x43, 0x9E, 0x60, 0x66,
  0x06, 0x60, 0x27, 0x00, 0x78, 0x03, 0xE0, 0x1F, 0x80, 0x7C, 0x01, 0xE8,
  0x0E, 0x80, 0x7C, 0x07, 0xC0, 0x6F, 0x0E, 0x9F, 0xC0, 0x60, 0x06, 0x00,
  0x60, 0x3E, 0x06, 0x18, 0xC1, 0x86, 0x30, 0xC3, 0x0E, 0x20, 0xC1, 0x98,
  0x30, 0x6C, 0x06, 0x33, 0x01, 0x8D, 0x80, 0x3E, 0x60, 0x00, 0x31, 0xC0,
  0x09, 0x98, 0x06, 0x43, 0x01, 0x30, 0xC0, 0xCC, 0x30, 0x63, 0x0C, 0x18,
  0xC3, 0x0C, 0x18, 0xC7, 0x03, 0xE0, 0x0F, 0x80, 0x18, 0xC0, 0x30, 0xC0,
  0x30, 0xC0, 0x30, 0xC0, 0x38, 0xC0, 0x39, 0x80, 0x1F, 0x1F, 0x0E, 0x04,
  0x37, 0x0C, 0x63, 0x88, 0xE3, 0x88, 0xE1, 0xD0, 0xE0, 0xF0, 0xE0, 0x70,
  0xE0, 0x78, 0x70, 0xDC, 0x3F, 0x8F, 0xDF, 0x6D, 0x24, 0x80, 0x06, 0x18,
  0x61, 0x83, 0x0C, 0x18, 0x30, 0xE1, 0xC3, 0x87, 0x0E, 0x1C, 0x38, 0x30,
  0x60, 0xC1, 0xC1, 0x81, 0x83, 0x81, 0x80, 0xC0, 0x60, 0x60, 0xC0, 0xC1,
  0x83, 0x83, 0x06, 0x0C, 0x18, 0x30, 0x60, 0xC1, 0x83, 0x0E, 0x1C, 0x30,
  0xE1, 0x86, 0x38, 0x00, 0x0C, 0x03, 0x00, 0xC3, 0xB7, 0xF7, 0xC3, 0x01,
  0xE0, 0xCC, 0x73, 0x8C, 0xC0, 0x06, 0x00, 0x60, 0x06, 0x00, 0x60, 0x06,
  0x0F, 0xFF, 0xFF, 0xF0, 0x60, 0x06, 0x00, 0x60, 0x06, 0x00, 0x60, 0x7F,
  0x73, 0x32, 0x40, 0xFF, 0xFC, 0xFF, 0x80, 0x03, 0x02, 0x06, 0x06, 0x06,
  0x06, 0x04, 0x0C, 0x0C, 0x0C, 0x08, 0x18, 0x18, 0x18, 0x10, 0x30, 0x30,
  0x30, 0x20, 0x20, 0x60, 0x60, 0x60, 0x40, 0xC0, 0x1F, 0x03, 0x1C, 0x60,
  0xE6, 0x06, 0xE0, 0x6E, 0x07, 0xC0, 0x7C, 0x07, 0xC0, 0x7E, 0x07, 0xE0,
  0x7E, 0x06, 0x60, 0xE7, 0x0C, 0x1F, 0x80, 0x18, 0x78, 0xD8, 0x18, 0x18,
  0x18, 0x18, 0x18, 0x18, 0x18, 0x18, 0x18, 0x18, 0x38, 0xFF, 0x1F, 0x03,
  0x1C, 0x60, 0xEE, 0x0E, 0xE0, 0xE0, 0x0E, 0x00, 0xC0, 0x1C, 0x01, 0x80,
  0x30, 0x06, 0x00, 0xC0, 0x18, 0x07, 0xFF, 0x7F, 0xF0, 0x0F, 0x83, 0x1C,
  0x60, 0xE6, 0x0E, 0x60, 0x60, 0x06, 0x00, 0xE0, 0x0C, 0x03, 0x80, 0xF0,
  0x01, 0xC0, 0x0E, 0x00, 0x70, 0x07, 0x60, 0x3E, 0x07, 0xC0, 0x76, 0x0E,
  0x71, 0xC1, 0xF0, 0x01, 0x00, 0x1C, 0x01, 0xC0, 0x0E, 0x00, 0xE0, 0x07,
  0x00, 0x70, 0x03, 0x00, 0x38, 0xC1, 0x86, 0x1C, 0x30, 0xC1, 0x8C, 0x0C,
  0x7F, 0xFF, 0xFF, 0xE0, 0x18, 0x00, 0xC0, 0x06, 0x00, 0x30, 0x7F, 0xEF,
  0xFD, 0x80, 0x30, 0x06, 0x00, 0xC0, 0x18, 0x03, 0x78, 0x7F, 0xC8, 0x1C,
  0x03, 0x80, 0x30, 0x06, 0x00, 0xD0, 0x1F, 0x07, 0xE0, 0xF8, 0x39, 0xCE,
  0x0F, 0x00, 0x00, 0xE0, 0x38, 0x06, 0x00, 0xC0, 0x18, 0x03, 0x00, 0x30,
  0x07, 0x30, 0x6F, 0xC7, 0x0E, 0xE0, 0x7E, 0x07, 0xE0, 0x7E, 0x07, 0xE0,
  0x76, 0x07, 0x60, 0x63, 0x0E, 0x1F, 0xC0, 0xFF, 0xFF, 0xFF, 0x81, 0xE0,
  0x28, 0x0D, 0x01, 0x80, 0x60, 0x0C, 0x01, 0x80, 0x60, 0x0C, 0x03, 0x00,
  0x60, 0x1C, 0x03, 0x00, 0xE0, 0x1C, 0x03, 0x00, 0xE0, 0x00, 0x1F, 0x06,
  0x39, 0x83, 0x30, 0x76, 0x0E, 0xC1, 0xDC, 0x31, 0xEC, 0x1F, 0x07, 0xF1,
  0x8F, 0x60, 0x7C, 0x07, 0x80, 0xF0, 0x1F, 0x03, 0x60, 0xC7, 0xF0, 0x0F,
  0x03, 0x8C, 0x70, 0x66, 0x06, 0xE0, 0x7E, 0x03, 0xE0, 0x3E, 0x03, 0xE0,
  0x77, 0x07, 0x3F, 0xF1, 0xF6, 0x00, 0x60, 0x0C, 0x00, 0xC0, 0x18, 0x03,
  0x00, 0xE0, 0x38, 0x00, 0xFF, 0x80, 0x00, 0x1F, 0xF0, 0x77, 0x70, 0x00,
  0x00, 0x07, 0xF7, 0x33, 0x24, 0x00, 0x10, 0x07, 0x00, 0xE0, 0x38, 0x0E,
  0x03, 0x80, 0xE0, 0x0E, 0x00, 0x78, 0x01, 0xE0, 0x07, 0x80, 0x1E, 0x00,
  0x70, 0x01, 0xFF, 0xFF, 0xFF, 0x00, 0x00, 0x00, 0x00, 0x00, 0x00, 0xFF,
  0xFF, 0xFF, 0x80, 0x18, 0x03, 0xC0, 0x1E, 0x00, 0xE0, 0x07, 0x00, 0x38,
  0x07, 0x03, 0xC1, 0xE0, 0xF0, 0x38, 0x0C, 0x01, 0x00, 0x00, 0x1F, 0x18,
  0xEC, 0x1F, 0x03, 0xC0, 0xD0, 0x30, 0x0C, 0x06, 0x03, 0x01, 0x80, 0x40,
  0x30, 0x08, 0x02, 0x00, 0x00, 0x00, 0x1C, 0x07, 0x01, 0xC0, 0x01, 0xFF,
  0x00, 0x70, 0x38, 0x0C, 0x00, 0xC1, 0x80, 0x06, 0x30, 0x00, 0x36, 0x1F,
  0x63, 0x43, 0xDE, 0x3C, 0x30, 0xE3, 0xC7, 0x0C, 0x38, 0x71, 0xC3, 0x86,
  0x18, 0x28, 0x61, 0x86, 0x86, 0x38, 0xC8, 0x67, 0x9C, 0x87, 0xDF, 0x0C,
  0x18, 0xE0, 0x40, 0x00, 0x06, 0x00, 0x08, 0x38, 0x01, 0x80, 0xE0, 0x60,
  0x03, 0xFC, 0x00, 0x00, 0xC0, 0x00, 0x70, 0x00, 0x1E, 0x00, 0x0F, 0x80,
  0x03, 0x60, 0x00, 0x9C, 0x00, 0x67, 0x00, 0x18, 0xC0, 0x04, 0x38, 0x03,
  0x0E, 0x00, 0xC1, 0x80, 0x3F, 0xF0, 0x18, 0x1C, 0x06, 0x03, 0x01, 0x00,
  0xE0, 0xC0, 0x38, 0x30, 0x07, 0x3F, 0x0F, 0xF0, 0xFF, 0x81, 0xF1, 0xE0,
  0xE0, 0xE1, 0xC0, 0xC3, 0x81, 0xC7, 0x03, 0x0E, 0x0E, 0x1C, 0x38, 0x3F,
  0xE0, 0x70, 0x70, 0xE0, 0x71, 0xC0, 0x63, 0x80, 0xE7, 0x01, 0xCE, 0x03,
  0x1C, 0x0E, 0x38, 0x79, 0xFF, 0xC0, 0x07, 0xF0, 0x70, 0xF3, 0x81, 0xDC,
  0x03, 0x70, 0x07, 0x80, 0x0E, 0x00, 0x38, 0x00, 0xE0, 0x03, 0x80, 0x0E,
  0x00, 0x38, 0x00, 0xE0, 0x01, 0xC0, 0x17, 0x00, 0xCE, 0x03, 0x1C, 0x1C,
  0x3F, 0xE0, 0xFF, 0xC0, 0x3F, 0xFC, 0x0E, 0x07, 0x83, 0x01, 0xC1, 0x80,
  0x70, 0xC0, 0x1C, 0x60, 0x0E, 0x30, 0x07, 0x18, 0x03, 0x8C, 0x01, 0xC6,
  0x00, 0xE3, 0x00, 0x71, 0x80, 0x38, 0xC0, 0x38, 0x60, 0x18, 0x30, 0x1C,
  0x3C, 0x38, 0x7F, 0xF8, 0x00, 0xFF, 0xF8, 0xFF, 0xF0, 0xE0, 0x60, 0xC0,
  0xC1, 0x80, 0x83, 0x00, 0x06, 0x10, 0x0C, 0x20, 0x1F, 0xC0, 0x3F, 0x80,
  0x61, 0x00, 0xC2, 0x01, 0x80, 0x03, 0x00, 0xC6, 0x01, 0x0C, 0x06, 0x3C,
  0x1D, 0xFF, 0xF8, 0xFF, 0xF9, 0xFF, 0xE1, 0x80, 0xC6, 0x03, 0x18, 0x04,
  0x60, 0x01, 0x82, 0x06, 0x08, 0x18, 0x60, 0x7F, 0x81, 0x86, 0x06, 0x08,
  0x18, 0x20, 0x60, 0x01, 0x80, 0x06, 0x00, 0x1C, 0x03, 0xFE, 0x00, 0x03,
  0xF8, 0x07, 0x1E, 0x06, 0x03, 0x87, 0x00, 0xC7, 0x00, 0x63, 0x80, 0x03,
  0x80, 0x01, 0xC0, 0x00, 0xE0, 0x00, 0x70, 0x00, 0x38, 0x0F, 0xFC, 0x01,
  0xCF, 0x00, 0xE3, 0x80, 0x71, 0xC0, 0x38, 0x70, 0x1C, 0x1E, 0x0E, 0x03,
  0xFC, 0x00, 0xFE, 0x0F, 0xEF, 0xC3, 0xF8, 0xE0, 0x0C, 0x1C, 0x01, 0x83,
  0x80, 0x30, 0x70, 0x06, 0x0E, 0x00, 0xC1, 0xC0, 0x18, 0x3F, 0xFF, 0x07,
  0x00, 0x60, 0xE0, 0x0C, 0x1C, 0x01, 0x83, 0x80, 0x30, 0x70, 0x06, 0x0E,
  0x00, 0xC1, 0xC0, 0x18, 0x38, 0x03, 0x9F, 0xC1, 0xFC, 0xFE, 0x7E, 0x18,
  0x18, 0x18, 0x18, 0x18, 0x18, 0x18, 0x18, 0x18, 0x18, 0x18, 0x18, 0x18,
  0x18, 0x3C, 0xFF, 0x07, 0xE0, 0xFC, 0x06, 0x00, 0xC0, 0x18, 0x03, 0x00,
  0x60, 0x0C, 0x01, 0x80, 0x30, 0x06, 0x00, 0xCC, 0x19, 0x83, 0x30, 0x66,
  0x1C, 0xC3, 0x0F, 0xC0, 0xFE, 0x3F, 0x3F, 0x1F, 0x8E, 0x06, 0x03, 0x06,
  0x01, 0x86, 0x00, 0xC3, 0x00, 0x63, 0x00, 0x33, 0x00, 0x1B, 0x80, 0x0D,
  0xE0, 0x06, 0x78, 0x03, 0x1C, 0x01, 0x87, 0x00, 0xC3, 0xC0, 0x60, 0xE0,
  0x30, 0x38, 0x38, 0x1E, 0x7F, 0x07, 0xC0, 0xFE, 0x01, 0xF8, 0x03, 0x80,
  0x0E, 0x00, 0x38, 0x00, 0xE0, 0x03, 0x80, 0x0E, 0x00, 0x38, 0x00, 0xE0,
  0x03, 0x80, 0x0E, 0x00, 0x38, 0x04, 0xE0, 0x33, 0x80, 0xCE, 0x06, 0x38,
  0x3B, 0xFF, 0xE0, 0xFE, 0x01, 0xF9, 0xF8, 0x07, 0xE1, 0x60, 0x16, 0x05,
  0xC0, 0x58, 0x17, 0x02, 0x60, 0x4C, 0x09, 0x81, 0x38, 0x66, 0x04, 0xE1,
  0x18, 0x11, 0x84, 0x60, 0x47, 0x31, 0x81, 0x1C, 0x86, 0x04, 0x32, 0x18,
  0x10, 0xF8, 0x60, 0x41, 0xC1, 0x81, 0x07, 0x06, 0x04, 0x1C, 0x18, 0x30,
  0x20, 0xF3, 0xF8, 0x8F, 0xF0, 0xF0, 0x1F, 0xFE, 0x03, 0xE3, 0xC0, 0x20,
  0xF0, 0x08, 0x2E, 0x02, 0x09, 0xC0, 0x82, 0x38, 0x20, 0x8E, 0x08, 0x21,
  0xC2, 0x08, 0x38, 0x82, 0x0E, 0x20, 0x81, 0xC8, 0x20, 0x3A, 0x08, 0x07,
  0x82, 0x01, 0xE0, 0x80, 0x38, 0x30, 0x06, 0x3F, 0x00, 0x80, 0x07, 0xF0,
  0x06, 0x0C, 0x06, 0x03, 0x86, 0x00, 0xC7, 0x00, 0x73, 0x80, 0x3B, 0x80,
  0x1D, 0xC0, 0x07, 0xE0, 0x03, 0xF0, 0x01, 0xF8, 0x00, 0xFE, 0x00, 0x77,
  0x00, 0x73, 0x80, 0x38, 0xC0, 0x18, 0x70, 0x1C, 0x1C, 0x1C, 0x03, 0xF8,
  0x00, 0xFF, 0xC1, 0xE3, 0xC3, 0x83, 0x86, 0x0E, 0x18, 0x1C, 0x60, 0x71,
  0x81, 0xC6, 0x06, 0x18, 0x38, 0x61, 0xC1, 0xFC, 0x06, 0x00, 0x18, 0x00,
  0x60, 0x01, 0x80, 0x06, 0x00, 0x3C, 0x03, 0xFC, 0x00, 0x07, 0xF0, 0x06,
  0x0C, 0x06, 0x03, 0x86, 0x00, 0xC7, 0x00, 0x73, 0x80, 0x3B, 0x80, 0x1D,
  0xC0, 0x07, 0xE0, 0x03, 0xF0, 0x01, 0xF8, 0x00, 0xFE, 0x00, 0x77, 0x00,
  0x73, 0x80, 0x38, 0xC0, 0x18, 0x70, 0x1C, 0x1C, 0x1C, 0x03, 0xF8, 0x00,
  0x70, 0x00, 0x1C, 0x00, 0x0E, 0x00, 0x03, 0xC0, 0x00, 0xFC, 0xFF, 0x80,
  0x3C, 0xF8, 0x0E, 0x0E, 0x07, 0x03, 0x03, 0x81, 0xC1, 0xC0, 0xE0, 0xE0,
  0x60, 0x70, 0x70, 0x38, 0x30, 0x1F, 0xF0, 0x0E, 0x3C, 0x07, 0x0E, 0x03,
  0x83, 0x81, 0xC1, 0xC0, 0xE0, 0x70, 0x70, 0x38, 0x38, 0x1E, 0x7F, 0x87,
  0xC0, 0x0F, 0xA3, 0x0E, 0x70, 0x66, 0x02, 0x60, 0x27, 0x00, 0x78, 0x03,
  0xE0, 0x1F, 0x00, 0xFC, 0x03, 0xE0, 0x0F, 0xC0, 0x7C, 0x03, 0x60, 0x36,
  0x07, 0x70, 0x64, 0xFC, 0x7F, 0xFE, 0xFF, 0xFD, 0x06, 0x1A, 0x0C, 0x14,
  0x18, 0x38, 0x30, 0x40, 0x60, 0x00, 0xC0, 0x01, 0x80, 0x03, 0x00, 0x06,
  0x00, 0x0C, 0x00, 0x18, 0x00, 0x30, 0x00, 0x60, 0x00, 0xC0, 0x03, 0xC0,
  0x1F, 0xE0, 0xFE, 0x1F, 0xDF, 0x83, 0xE3, 0x80, 0x20, 0xE0, 0x08, 0x38,
  0x02, 0x0E, 0x00, 0x83, 0x80, 0x20, 0xE0, 0x08, 0x38, 0x02, 0x0E, 0x00,
  0x83, 0x80, 0x20, 0xE0, 0x08, 0x38, 0x02, 0x0E, 0x00, 0x81, 0x80, 0x60,
  0x70, 0x10, 0x0C, 0x0C, 0x01, 0xFC, 0x00, 0xFE, 0x1F, 0xFF, 0x03, 0xE3,
  0x80, 0x20, 0xE0, 0x18, 0x1C, 0x06, 0x07, 0x01, 0x00, 0xC0, 0xC0, 0x38,
  0x20, 0x0E, 0x08, 0x01, 0x86, 0x00, 0x71, 0x00, 0x1C, 0x40, 0x03, 0x30,
  0x00, 0xE8, 0x00, 0x1A, 0x00, 0x07, 0x80, 0x01, 0xC0, 0x00, 0x30, 0x00,
  0xFE, 0x00, 0x1F, 0xBE, 0x06, 0x07, 0x8E, 0x03, 0x01, 0x83, 0x01, 0xC0,
  0xC1, 0xC1, 0xE0, 0x40, 0xE0, 0xB0, 0x20, 0x70, 0x5C, 0x30, 0x18, 0x6E,
  0x18, 0x0E, 0x23, 0x08, 0x07, 0x11, 0xC4, 0x01, 0x98, 0xE6, 0x00, 0xC8,
  0x32, 0x00, 0x74, 0x1D, 0x00, 0x3A, 0x0F, 0x80, 0x0F, 0x03, 0x80, 0x07,
  0x01, 0xC0, 0x03, 0x80, 0xE0, 0x00, 0xC0, 0x30, 0x00, 0x7F, 0x3F, 0xFF,
  0x0F, 0x87, 0x03, 0x01, 0xC3, 0x00, 0xE1, 0x00, 0x39, 0x80, 0x0C, 0x80,
  0x07, 0x80, 0x01, 0xC0, 0x00, 0xE0, 0x00, 0x78, 0x00, 0x4E, 0x00, 0x67,
  0x00, 0x21, 0xC0, 0x30, 0x60, 0x30, 0x38, 0x38, 0x0E, 0x7E, 0x3F, 0xC0,
  0xFF, 0x1F, 0x9E, 0x03, 0x87, 0x01, 0x83, 0x80, 0x80, 0xE0, 0xC0, 0x70,
  0x40, 0x1C, 0x60, 0x06, 0x20, 0x03, 0xB0, 0x00, 0xD0, 0x00, 0x70, 0x00,
  0x18, 0x00, 0x0C, 0x00, 0x06, 0x00, 0x03, 0x00, 0x01, 0x80, 0x00, 0xC0,
  0x03, 0xFC, 0x00, 0x7F, 0xF9, 0xC0, 0xE6, 0x07, 0x90, 0x1C, 0x40, 0xE2,
  0x07, 0x80, 0x1C, 0x00, 0xE0, 0x03, 0x80, 0x1C, 0x00, 0xE0, 0x03, 0x80,
  0x1C, 0x04, 0xE0, 0x23, 0x80, 0x9C, 0x06, 0xE0, 0x3B, 0xFF, 0xE0, 0xFF,
  0x0C, 0x30, 0xC3, 0x0C, 0x30, 0xC3, 0x0C, 0x30, 0xC3, 0x0C, 0x30, 0xC3,
  0x0C, 0x30, 0xC3, 0x0F, 0xC0, 0x81, 0x83, 0x06, 0x04, 0x0C, 0x18, 0x30,
  0x20, 0x40, 0xC1, 0x83, 0x02, 0x06, 0x0C, 0x18, 0x10, 0x30, 0x60, 0xC0,
  0x81, 0x03, 0x06, 0x0C, 0xF8, 0xC6, 0x31, 0x8C, 0x63, 0x18, 0xC6, 0x31,
  0x8C, 0x63, 0x18, 0xC6, 0x31, 0x8F, 0xE0, 0x06, 0x00, 0x30, 0x03, 0xC0,
  0x1A, 0x00, 0x98, 0x0C, 0xC0, 0x63, 0x06, 0x18, 0x30, 0x41, 0x03, 0x18,
  0x08, 0xC0, 0x6C, 0x03, 0x60, 0x0C, 0xFF, 0xFF, 0xFF, 0xFF, 0xC0, 0xE3,
  0xC3, 0x06, 0x0C, 0x0C, 0x0F, 0xF1, 0x86, 0x70, 0xE4, 0x1C, 0x03, 0x87,
  0xF3, 0x8E, 0xE1, 0xDC, 0x3B, 0x87, 0x39, 0xE7, 0xEE, 0xF0, 0x01, 0x80,
  0x0C, 0x00, 0x60, 0x03, 0x00, 0x18, 0x00, 0xC6, 0x06, 0xFC, 0x38, 0x71,
  0x81, 0x8C, 0x0E, 0x60, 0x73, 0x03, 0x98, 0x1C, 0xC0, 0xE6, 0x07, 0x30,
  0x31, 0xC3, 0x8F, 0xF8, 0x04, 0x0F, 0xE7, 0x1D, 0x83, 0xE0, 0xF8, 0x0E,
  0x03, 0x80, 0xE0, 0x38, 0x06, 0x05, 0xC2, 0x3F, 0x00, 0x03, 0xE0, 0x03,
  0x00, 0x18, 0x00, 0xC0, 0x06, 0x00, 0x30, 0x19, 0x87, 0xFC, 0x70, 0x63,
  0x03, 0x38, 0x19, 0xC0, 0xCE, 0x06, 0x70, 0x33, 0x81, 0x9C, 0x0C, 0x60,
  0x63, 0x87, 0x8F, 0xDE, 0x06, 0x0F, 0xE6, 0x1D, 0x87, 0xE0, 0xF8, 0x3F,
  0xFF, 0x80, 0xE0, 0x38, 0x06, 0x05, 0xC2, 0x3F, 0x00, 0x04, 0x1F, 0x33,
  0x31, 0x30, 0x30, 0x30, 0x30, 0xFE, 0x30, 0x30, 0x30, 0x30, 0x30, 0x30,
  0x30, 0x30, 0x30, 0x70, 0xFC, 0x0C, 0x63, 0xFF, 0x61, 0xB6, 0x18, 0x61,
  0xC6, 0x18, 0x61, 0x83, 0xF0, 0x7E, 0x04, 0x00, 0xE0, 0x07, 0xF8, 0x3F,
  0xCC, 0x0E, 0xC0, 0x6C, 0x06, 0xC0, 0x47, 0x18, 0x1F, 0x00, 0xF8, 0x00,
  0xE0, 0x03, 0x80, 0x0E, 0x00, 0x38, 0x00, 0xE0, 0x03, 0x84, 0x0E, 0xFC,
  0x3C, 0x30, 0xE0, 0xC3, 0x83, 0x0E, 0x0C, 0x38, 0x30, 0xE0, 0xC3, 0x83,
  0x0E, 0x0C, 0x38, 0x30, 0xE0, 0xCF, 0xEF, 0xC0, 0x31, 0xE3, 0x00, 0x00,
  0x0F, 0x0C, 0x30, 0xC3, 0x0C, 0x30, 0xC3, 0x0C, 0x33, 0xF0, 0x0C, 0x3C,
  0x30, 0x00, 0x00, 0x0F, 0x06, 0x0C, 0x18, 0x30, 0x60, 0xC1, 0x83, 0x06,
  0x0C, 0x18, 0x30, 0x64, 0xD9, 0xBE, 0x10, 0xF8, 0x00, 0xE0, 0x03, 0x80,
  0x0E, 0x00, 0x38, 0x00, 0xE0, 0x03, 0x80, 0x0E, 0x7E, 0x38, 0x60, 0xE3,
  0x03, 0x98, 0x0E, 0xC0, 0x3F, 0x80, 0xF6, 0x03, 0x9C, 0x0E, 0x38, 0x38,
  0xE0, 0xE1, 0xCF, 0xC3, 0xC0, 0xF8, 0x70, 0xE1, 0xC3, 0x87, 0x0E, 0x1C,
  0x38, 0x70, 0xE1, 0xC3, 0x87, 0x0E, 0x1C, 0x38, 0x73, 0xF8, 0x00, 0x81,
  0x87, 0xBF, 0x3F, 0x0E, 0x1E, 0x18, 0x60, 0xE0, 0xC3, 0x07, 0x06, 0x18,
  0x38, 0x30, 0xC1, 0xC1, 0x86, 0x0E, 0x0C, 0x30, 0x70, 0x61, 0x83, 0x83,
  0x0C, 0x1C, 0x18, 0x60, 0xE1, 0xCF, 0xCF, 0xDF, 0x80, 0x00, 0x83, 0xDF,
  0x87, 0x87, 0x0C, 0x1C, 0x30, 0x70, 0xC1, 0xC3, 0x07, 0x0C, 0x1C, 0x30,
  0x70, 0xC1, 0xC3, 0x07, 0x0C, 0x1C, 0xFC, 0xFC, 0x06, 0x03, 0xF8, 0x70,
  0xC6, 0x06, 0xE0, 0x6E, 0x07, 0xE0, 0x7E, 0x07, 0xE0, 0x7E, 0x06, 0x60,
  0x63, 0x0C, 0x1F, 0x80, 0x00, 0x87, 0xFF, 0x0E, 0x0C, 0x70, 0x73, 0x83,
  0x9C, 0x0C, 0xE0, 0x67, 0x03, 0x38, 0x19, 0xC1, 0xCE, 0x0E, 0x70, 0xE3,
  0xFE, 0x1C, 0x00, 0xE0, 0x07, 0x00, 0x38, 0x07, 0xF0, 0x00, 0x06, 0x01,
  0xFF, 0x1C, 0x18, 0xC0, 0xCE, 0x06, 0x70, 0x33, 0x81, 0x9C, 0x0C, 0xE0,
  0x67, 0x03, 0x18, 0x18, 0xE1, 0xC3, 0xF6, 0x00, 0x30, 0x01, 0x80, 0x0C,
  0x00, 0x60, 0x0F, 0xC0, 0x7E, 0x01, 0x7B, 0xCE, 0x67, 0x23, 0x01, 0x80,
  0xC0, 0x60, 0x30, 0x18, 0x0C, 0x06, 0x0F, 0xE0, 0x09, 0x3B, 0x98, 0x58,
  0x2E, 0x03, 0xC0, 0xF8, 0x3E, 0x07, 0xC1, 0xE0, 0x78, 0x7F, 0xF0, 0x10,
  0x08, 0x04, 0x06, 0x0F, 0xF1, 0x80, 0xC0, 0x60, 0x30, 0x18, 0x0C, 0x06,
  0x03, 0x01, 0x80, 0xE2, 0x3E, 0xF1, 0xE3, 0x83, 0x0C, 0x18, 0x60, 0xC3,
  0x06, 0x18, 0x30, 0xC1, 0x86, 0x0C, 0x30, 0x61, 0x83, 0x0E, 0xF8, 0x7E,
  0xF0, 0xFC, 0xFB, 0x81, 0x0C, 0x08, 0x70, 0x81, 0x84, 0x0E, 0x60, 0x32,
  0x01, 0x90, 0x0F, 0x00, 0x38, 0x01, 0x80, 0x04, 0x00, 0xFC, 0x21, 0xF3,
  0x83, 0x04, 0x18, 0x70, 0xC1, 0x87, 0x88, 0x1C, 0x58, 0x80, 0xC9, 0x98,
  0x0C, 0x9D, 0x00, 0xE8, 0xD0, 0x07, 0x0F, 0x00, 0x70, 0xE0, 0x03, 0x06,
  0x00, 0x20, 0x60, 0xFD, 0xF1, 0xC2, 0x07, 0x30, 0x1B, 0x00, 0xF0, 0x03,
  0x80, 0x1C, 0x01, 0xF0, 0x19, 0xC0, 0x86, 0x0C, 0x39, 0xF3, 0xF0, 0xFC,
  0xF9, 0x81, 0x0C, 0x18, 0x70, 0x81, 0x84, 0x0E, 0x60, 0x32, 0x01, 0x90,
  0x0F, 0x80, 0x38, 0x01, 0xC0, 0x06, 0x00, 0x20, 0x03, 0x00, 0x10, 0x0D,
  0x80, 0x78, 0x00, 0x80, 0x00, 0x7F, 0xEC, 0x39, 0x0E, 0x21, 0x80, 0x70,
  0x1C, 0x03, 0x00, 0xE1, 0x38, 0x66, 0x09, 0xC3, 0x7F, 0xE0, 0x07, 0x87,
  0x03, 0x03, 0x81, 0xC0, 0xE0, 0x70, 0x38, 0x1C, 0x0E, 0x0E, 0x18, 0x03,
  0x80, 0xE0, 0x70, 0x38, 0x1C, 0x0E, 0x07, 0x03, 0x80, 0xC0, 0x70, 0x1E,
  0xFF, 0xFF, 0xFF, 0xFF, 0xFF, 0xFF, 0xF0, 0x1C, 0x06, 0x03, 0x01, 0x80,
  0xC0, 0x60, 0x30, 0x18, 0x0E, 0x03, 0x80, 0x30, 0xE0, 0xE0, 0x60, 0x30,
  0x18, 0x0C, 0x06, 0x03, 0x01, 0x81, 0xC3, 0xC0, 0x18, 0x17, 0xE3, 0x47,
  0xE8, 0x08, 0x00, 0xFF, 0xFF, 0xFC, 0x00, 0x03, 0xC0, 0x00, 0x3C, 0x00,
  0x03, 0xCC, 0x02, 0x3C, 0x60, 0x63, 0xC3, 0x0C, 0x3C, 0x19, 0x83, 0xC0,
  0xF0, 0x3C, 0x06, 0x03, 0xC0, 0xF0, 0x3C, 0x19, 0x83, 0xC3, 0x0C, 0x3C,
  0x60, 0x63, 0xCC, 0x02, 0x3C, 0x00, 0x03, 0xC0, 0x00, 0x3C, 0x00, 0x03,
  0xFF, 0xFF, 0xF0, 0xFF, 0xFF, 0xFC, 0x00, 0x03, 0xC0, 0x00, 0x3C, 0x00,
  0x03, 0xCC, 0x02, 0x3C, 0x60, 0x63, 0xC3, 0x0C, 0x3C, 0x19, 0x83, 0xC0,
  0xF0, 0x3C, 0x06, 0x03, 0xC0, 0xF0, 0x3C, 0x19, 0x83, 0xC3, 0x0C, 0x3C,
  0x60, 0x63, 0xCC, 0x02, 0x3C, 0x00, 0x03, 0xC0, 0x00, 0x3C, 0x00, 0x03,
  0xFF, 0xFF, 0xF0, 0xFF, 0xFF, 0xFC, 0x00, 0x03, 0xC0, 0x00, 0x3C, 0x00,
  0x03, 0xCC, 0x02, 0x3C, 0x60, 0x63, 0xC3, 0x0C, 0x3C, 0x19, 0x83, 0xC0,
  0xF0, 0x3C, 0x06, 0x03, 0xC0, 0xF0, 0x3C, 0x19, 0x83, 0xC3, 0x0C, 0x3C,
  0x60, 0x63, 0xCC, 0x02, 0x3C, 0x00, 0x03, 0xC0, 0x00, 0x3C, 0x00, 0x03,
  0xFF, 0xFF, 0xF0, 0xFF, 0xFF, 0xFC, 0x00, 0x03, 0xC0, 0x00, 0x3C, 0x00,
  0x03, 0xCC, 0x02, 0x3C, 0x60, 0x63, 0xC3, 0x0C, 0x3C, 0x19, 0x83, 0xC0,
  0xF0, 0x3C, 0x06, 0x03, 0xC0, 0xF0, 0x3C, 0x19, 0x83, 0xC3, 0x0C, 0x3C,
  0x60, 0x63, 0xCC, 0x02, 0x3C, 0x00, 0x03, 0xC0, 0x00, 0x3C, 0x00, 0x03,
  0xFF, 0xFF, 0xF0, 0xFF, 0xFF, 0xFC, 0x00, 0x03, 0xC0, 0x00, 0x3C, 0x00,
  0x03, 0xCC, 0x02, 0x3C, 0x60, 0x63, 0xC3, 0x0C, 0x3C, 0x19, 0x83, 0xC0,
  0xF0, 0x3C, 0x06, 0x03, 0xC0, 0xF0, 0x3C, 0x19, 0x83, 0xC3, 0x0C, 0x3C,
  0x60, 0x63, 0xCC, 0x02, 0x3C, 0x00, 0x03, 0xC0, 0x00, 0x3C, 0x00, 0x03,
  0xFF, 0xFF, 0xF0, 0xFF, 0xFF, 0xFC, 0x00, 0x03, 0xC0, 0x00, 0x3C, 0x00,
  0x03, 0xCC, 0x02, 0x3C, 0x60, 0x63, 0xC3, 0x0C, 0x3C, 0x19, 0x83, 0xC0,
  0xF0, 0x3C, 0x06, 0x03, 0xC0, 0xF0, 0x3C, 0x19, 0x83, 0xC3, 0x0C, 0x3C,
  0x60, 0x63, 0xCC, 0x02, 0x3C, 0x00, 0x03, 0xC0, 0x00, 0x3C, 0x00, 0x03,
  0xFF, 0xFF, 0xF0, 0xFF, 0xFF, 0xFC, 0x00, 0x03, 0xC0, 0x00, 0x3C, 0x00,
  0x03, 0xCC, 0x02, 0x3C, 0x60, 0x63, 0xC3, 0x0C, 0x3C, 0x19, 0x83, 0xC0,
  0xF0, 0x3C, 0x06, 0x03, 0xC0, 0xF0, 0x3C, 0x19, 0x83, 0xC3, 0x0C, 0x3C,
  0x60, 0x63, 0xCC, 0x02, 0x3C, 0x00, 0x03, 0xC0, 0x00, 0x3C, 0x00, 0x03,
  0xFF, 0xFF, 0xF0, 0xFF, 0xFF, 0xFC, 0x00, 0x03, 0xC0, 0x00, 0x3C, 0x00,
  0x03, 0xCC, 0x02, 0x3C, 0x60, 0x63, 0xC3, 0x0C, 0x3C, 0x19, 0x83, 0xC0,
  0xF0, 0x3C, 0x06, 0x03, 0xC0, 0xF0, 0x3C, 0x19, 0x83, 0xC3, 0x0C, 0x3C,
  0x60, 0x63, 0xCC, 0x02, 0x3C, 0x00, 0x03, 0xC0, 0x00, 0x3C, 0x00, 0x03,
  0xFF, 0xFF, 0xF0, 0xFF, 0xFF, 0xFC, 0x00, 0x03, 0xC0, 0x00, 0x3C, 0x00,
  0x03, 0xCC, 0x02, 0x3C, 0x60, 0x63, 0xC3, 0x0C, 0x3C, 0x19, 0x83, 0xC0,
  0xF0, 0x3C, 0x06, 0x03, 0xC0, 0xF0, 0x3C, 0x19, 0x83, 0xC3, 0x0C, 0x3C,
  0x60, 0x63, 0xCC, 0x02, 0x3C, 0x00, 0x03, 0xC0, 0x00, 0x3C, 0x00, 0x03,
  0xFF, 0xFF, 0xF0, 0xFF, 0xFF, 0xFC, 0x00, 0x03, 0xC0, 0x00, 0x3C, 0x00,
  0x03, 0xCC, 0x02, 0x3C, 0x60, 0x63, 0xC3, 0x0C, 0x3C, 0x19, 0x83, 0xC0,
  0xF0, 0x3C, 0x06, 0x03, 0xC0, 0xF0, 0x3C, 0x19, 0x83, 0xC3, 0x0C, 0x3C,
  0x60, 0x63, 0xCC, 0x02, 0x3C, 0x00, 0x03, 0xC0, 0x00, 0x3C, 0x00, 0x03,
  0xFF, 0xFF, 0xF0, 0xFF, 0xFF, 0xFC, 0x00, 0x03, 0xC0, 0x00, 0x3C, 0x00,
  0x03, 0xCC, 0x02, 0x3C, 0x60, 0x63, 0xC3, 0x0C, 0x3C, 0x19, 0x83, 0xC0,
  0xF0, 0x3C, 0x06, 0x03, 0xC0, 0xF0, 0x3C, 0x19, 0x83, 0xC3, 0x0C, 0x3C,
  0x60, 0x63, 0xCC, 0x02, 0x3C, 0x00, 0x03, 0xC0, 0x00, 0x3C, 0x00, 0x03,
  0xFF, 0xFF, 0xF0, 0xFF, 0xFF, 0xFC, 0x00, 0x03, 0xC0, 0x00, 0x3C, 0x00,
  0x03, 0xCC, 0x02, 0x3C, 0x60, 0x63, 0xC3, 0x0C, 0x3C, 0x19, 0x83, 0xC0,
  0xF0, 0x3C, 0x06, 0x03, 0xC0, 0xF0, 0x3C, 0x19, 0x83, 0xC3, 0x0C, 0x3C,
  0x60, 0x63, 0xCC, 0x02, 0x3C, 0x00, 0x03, 0xC0, 0x00, 0x3C, 0x00, 0x03,
  0xFF, 0xFF, 0xF0, 0xFF, 0xFF, 0xFC, 0x00, 0x03, 0xC0, 0x00, 0x3C, 0x00,
  0x03, 0xCC, 0x02, 0x3C, 0x60, 0x63, 0xC3, 0x0C, 0x3C, 0x19, 0x83, 0xC0,
  0xF0, 0x3C, 0x06, 0x03, 0xC0, 0xF0, 0x3C, 0x19, 0x83, 0xC3, 0x0C, 0x3C,
  0x60, 0x63, 0xCC, 0x02, 0x3C, 0x00, 0x03, 0xC0, 0x00, 0x3C, 0x00, 0x03,
  0xFF, 0xFF, 0xF0, 0xFF, 0xFF, 0xFC, 0x00, 0x03, 0xC0, 0x00, 0x3C, 0x00,
  0x03, 0xCC, 0x02, 0x3C, 0x60, 0x63, 0xC3, 0x0C, 0x3C, 0x19, 0x83, 0xC0,
  0xF0, 0x3C, 0x06, 0x03, 0xC0, 0xF0, 0x3C, 0x19, 0x83, 0xC3, 0x0C, 0x3C,
  0x60, 0x63, 0xCC, 0x02, 0x3C, 0x00, 0x03, 0xC0, 0x00, 0x3C, 0x00, 0x03,
  0xFF, 0xFF, 0xF0, 0xFF, 0xFF, 0xFC, 0x00, 0x03, 0xC0, 0x00, 0x3C, 0x00,
  0x03, 0xCC, 0x02, 0x3C, 0x60, 0x63, 0xC3, 0x0C, 0x3C, 0x19, 0x83, 0xC0,
  0xF0, 0x3C, 0x06, 0x03, 0xC0, 0xF0, 0x3C, 0x19, 0x83, 0xC3, 0x0C, 0x3C,
  0x60, 0x63, 0xCC, 0x02, 0x3C, 0x00, 0x03, 0xC0, 0x00, 0x3C, 0x00, 0x03,
  0xFF, 0xFF, 0xF0, 0xFF, 0xFF, 0xFC, 0x00, 0x03, 0xC0, 0x00, 0x3C, 0x00,
  0x03, 0xCC, 0x02, 0x3C, 0x60, 0x63, 0xC3, 0x0C, 0x3C, 0x19, 0x83, 0xC0,
  0xF0, 0x3C, 0x06, 0x03, 0xC0, 0xF0, 0x3C, 0x19, 0x83, 0xC3, 0x0C, 0x3C,
  0x60, 0x63, 0xCC, 0x02, 0x3C, 0x00, 0x03, 0xC0, 0x00, 0x3C, 0x00, 0x03,
  0xFF, 0xFF, 0xF0, 0xFF, 0xFF, 0xFC, 0x00, 0x03, 0xC0, 0x00, 0x3C, 0x00,
  0x03, 0xCC, 0x02, 0x3C, 0x60, 0x63, 0xC3, 0x0C, 0x3C, 0x19, 0x83, 0xC0,
  0xF0, 0x3C, 0x06, 0x03, 0xC0, 0xF0, 0x3C, 0x19, 0x83, 0xC3, 0x0C, 0x3C,
  0x60, 0x63, 0xCC, 0x02, 0x3C, 0x00, 0x03, 0xC0, 0x00, 0x3C, 0x00, 0x03,
  0xFF, 0xFF, 0xF0, 0xFF, 0xFF, 0xFC, 0x00, 0x03, 0xC0, 0x00, 0x3C, 0x00,
  0x03, 0xCC, 0x02, 0x3C, 0x60, 0x63, 0xC3, 0x0C, 0x3C, 0x19, 0x83, 0xC0,
  0xF0, 0x3C, 0x06, 0x03, 0xC0, 0xF0, 0x3C, 0x19, 0x83, 0xC3, 0x0C, 0x3C,
  0x60, 0x63, 0xCC, 0x02, 0x3C, 0x00, 0x03, 0xC0, 0x00, 0x3C, 0x00, 0x03,
  0xFF, 0xFF, 0xF0, 0xFF, 0xFF, 0xFC, 0x00, 0x03, 0xC0, 0x00, 0x3C, 0x00,
  0x03, 0xCC, 0x02, 0x3C, 0x60, 0x63, 0xC3, 0x0C, 0x3C, 0x19, 0x83, 0xC0,
  0xF0, 0x3C, 0x06, 0x03, 0xC0, 0xF0, 0x3C, 0x19, 0x83, 0xC3, 0x0C, 0x3C,
  0x60, 0x63, 0xCC, 0x02, 0x3C, 0x00, 0x03, 0xC0, 0x00, 0x3C, 0x00, 0x03,
  0xFF, 0xFF, 0xF0, 0xFF, 0xFF, 0xFC, 0x00, 0x03, 0xC0, 0x00, 0x3C, 0x00,
  0x03, 0xCC, 0x02, 0x3C, 0x60, 0x63, 0xC3, 0x0C, 0x3C, 0x19, 0x83, 0xC0,
  0xF0, 0x3C, 0x06, 0x03, 0xC0, 0xF0, 0x3C, 0x19, 0x83, 0xC3, 0x0C, 0x3C,
  0x60, 0x63, 0xCC, 0x02, 0x3C, 0x00, 0x03, 0xC0, 0x00, 0x3C, 0x00, 0x03,
  0xFF, 0xFF, 0xF0, 0xFF, 0xFF, 0xFC, 0x00, 0x03, 0xC0, 0x00, 0x3C, 0x00,
  0x03, 0xCC, 0x02, 0x3C, 0x60, 0x63, 0xC3, 0x0C, 0x3C, 0x19, 0x83, 0xC0,
  0xF0, 0x3C, 0x06, 0x03, 0xC0, 0xF0, 0x3C, 0x19, 0x83, 0xC3, 0x0C, 0x3C,
  0x60, 0x63, 0xCC, 0x02, 0x3C, 0x00, 0x03, 0xC0, 0x00, 0x3C, 0x00, 0x03,
  0xFF, 0xFF, 0xF0, 0xFF, 0xFF, 0xFC, 0x00, 0x03, 0xC0, 0x00, 0x3C, 0x00,
  0x03, 0xCC, 0x02, 0x3C, 0x60, 0x63, 0xC3, 0x0C, 0x3C, 0x19, 0x83, 0xC0,
  0xF0, 0x3C, 0x06, 0x03, 0xC0, 0xF0, 0x3C, 0x19, 0x83, 0xC3, 0x0C, 0x3C,
  0x60, 0x63, 0xCC, 0x02, 0x3C, 0x00, 0x03, 0xC0, 0x00, 0x3C, 0x00, 0x03,
  0xFF, 0xFF, 0xF0, 0xFF, 0xFF, 0xFC, 0x00, 0x03, 0xC0, 0x00, 0x3C, 0x00,
  0x03, 0xCC, 0x02, 0x3C, 0x60, 0x63, 0xC3, 0x0C, 0x3C, 0x19, 0x83, 0xC0,
  0xF0, 0x3C, 0x06, 0x03, 0xC0, 0xF0, 0x3C, 0x19, 0x83, 0xC3, 0x0C, 0x3C,
  0x60, 0x63, 0xCC, 0x02, 0x3C, 0x00, 0x03, 0xC0, 0x00, 0x3C, 0x00, 0x03,
  0xFF, 0xFF, 0xF0, 0xFF, 0xFF, 0xFC, 0x00, 0x03, 0xC0, 0x00, 0x3C, 0x00,
  0x03, 0xCC, 0x02, 0x3C, 0x60, 0x63, 0xC3, 0x0C, 0x3C, 0x19, 0x83, 0xC0,
  0xF0, 0x3C, 0x06, 0x03, 0xC0, 0xF0, 0x3C, 0x19, 0x83, 0xC3, 0x0C, 0x3C,
  0x60, 0x63, 0xCC, 0x02, 0x3C, 0x00, 0x03, 0xC0, 0x00, 0x3C, 0x00, 0x03,
  0xFF, 0xFF, 0xF0, 0xFF, 0xFF, 0xFC, 0x00, 0x03, 0xC0, 0x00, 0x3C, 0x00,
  0x03, 0xCC, 0x02, 0x3C, 0x60, 0x63, 0xC3, 0x0C, 0x3C, 0x19, 0x83, 0xC0,
  0xF0, 0x3C, 0x06, 0x03, 0xC0, 0xF0, 0x3C, 0x19, 0x83, 0xC3, 0x0C, 0x3C,
  0x60, 0x63, 0xCC, 0x02, 0x3C, 0x00, 0x03, 0xC0, 0x00, 0x3C, 0x00, 0x03,
  0xFF, 0xFF, 0xF0, 0xFF, 0xFF, 0xFC, 0x00, 0x03, 0xC0, 0x00, 0x3C, 0x00,
  0x03, 0xCC, 0x02, 0x3C, 0x60, 0x63, 0xC3, 0x0C, 0x3C, 0x19, 0x83, 0xC0,
  0xF0, 0x3C, 0x06, 0x03, 0xC0, 0xF0, 0x3C, 0x19, 0x83, 0xC3, 0x0C, 0x3C,
  0x60, 0x63, 0xCC, 0x02, 0x3C, 0x00, 0x03, 0xC0, 0x00, 0x3C, 0x00, 0x03,
  0xFF, 0xFF, 0xF0, 0xFF, 0xFF, 0xFC, 0x00, 0x03, 0xC0, 0x00, 0x3C, 0x00,
  0x03, 0xCC, 0x02, 0x3C, 0x60, 0x63, 0xC3, 0x0C, 0x3C, 0x19, 0x83, 0xC0,
  0xF0, 0x3C, 0x06, 0x03, 0xC0, 0xF0, 0x3C, 0x19, 0x83, 0xC3, 0x0C, 0x3C,
  0x60, 0x63, 0xCC, 0x02, 0x3C, 0x00, 0x03, 0xC0, 0x00, 0x3C, 0x00, 0x03,
  0xFF, 0xFF, 0xF0, 0xFF, 0xFF, 0xFC, 0x00, 0x03, 0xC0, 0x00, 0x3C, 0x00,
  0x03, 0xCC, 0x02, 0x3C, 0x60, 0x63, 0xC3, 0x0C, 0x3C, 0x19, 0x83, 0xC0,
  0xF0, 0x3C, 0x06, 0x03, 0xC0, 0xF0, 0x3C, 0x19, 0x83, 0xC3, 0x0C, 0x3C,
  0x60, 0x63, 0xCC, 0x02, 0x3C, 0x00, 0x03, 0xC0, 0x00, 0x3C, 0x00, 0x03,
  0xFF, 0xFF, 0xF0, 0xFF, 0xFF, 0xFC, 0x00, 0x03, 0xC0, 0x00, 0x3C, 0x00,
  0x03, 0xCC, 0x02, 0x3C, 0x60, 0x63, 0xC3, 0x0C, 0x3C, 0x19, 0x83, 0xC0,
  0xF0, 0x3C, 0x06, 0x03, 0xC0, 0xF0, 0x3C, 0x19, 0x83, 0xC3, 0x0C, 0x3C,
  0x60, 0x63, 0xCC, 0x02, 0x3C, 0x00, 0x03, 0xC0, 0x00, 0x3C, 0x00, 0x03,
  0xFF, 0xFF, 0xF0, 0xFF, 0xFF, 0xFC, 0x00, 0x03, 0xC0, 0x00, 0x3C, 0x00,
  0x03, 0xCC, 0x02, 0x3C, 0x60, 0x63, 0xC3, 0x0C, 0x3C, 0x19, 0x83, 0xC0,
  0xF0, 0x3C, 0x06, 0x03, 0xC0, 0xF0, 0x3C, 0x19, 0x83, 0xC3, 0x0C, 0x3C,
  0x60, 0x63, 0xCC, 0x02, 0x3C, 0x00, 0x03, 0xC0, 0x00, 0x3C, 0x00, 0x03,
  0xFF, 0xFF, 0xF0, 0xFF, 0xFF, 0xFC, 0x00, 0x03, 0xC0, 0x00, 0x3C, 0x00,
  0x03, 0xCC, 0x02, 0x3C, 0x60, 0x63, 0xC3, 0x0C, 0x3C, 0x19, 0x83, 0xC0,
  0xF0, 0x3C, 0x06, 0x03, 0xC0, 0xF0, 0x3C, 0x19, 0x83, 0xC3, 0x0C, 0x3C,
  0x60, 0x63, 0xCC, 0x02, 0x3C, 0x00, 0x03, 0xC0, 0x00, 0x3C, 0x00, 0x03,
  0xFF, 0xFF, 0xF0, 0xFF, 0xFF, 0xFC, 0x00, 0x03, 0xC0, 0x00, 0x3C, 0x00,
  0x03, 0xCC, 0x02, 0x3C, 0x60, 0x63, 0xC3, 0x0C, 0x3C, 0x19, 0x83, 0xC0,
  0xF0, 0x3C, 0x06, 0x03, 0xC0, 0xF0, 0x3C, 0x19, 0x83, 0xC3, 0x0C, 0x3C,
  0x60, 0x63, 0xCC, 0x02, 0x3C, 0x00, 0x03, 0xC0, 0x00, 0x3C, 0x00, 0x03,
  0xFF, 0xFF, 0xF0, 0x00, 0x6F, 0x70, 0x00, 0x26, 0x66, 0x66, 0x66, 0x66,
  0x7F, 0x60, 0x0C, 0x03, 0x00, 0xC0, 0xFE, 0x71, 0xF8, 0x3E, 0x0B, 0x00,
  0xC0, 0x30, 0x0E, 0x03, 0x80, 0xE0, 0x9C, 0x63, 0xF0, 0x30, 0x0C, 0x03,
  0x00, 0x03, 0xE0, 0x19, 0xE0, 0xC3, 0x83, 0x06, 0x1C, 0x00, 0x70, 0x01,
  0xC0, 0x07, 0x00, 0xFF, 0x83, 0xFE, 0x01, 0xC0, 0x07, 0x00, 0x18, 0x18,
  0x60, 0x71, 0x81, 0xDC, 0x07, 0xFC, 0x3B, 0x1F, 0xC0, 0x40, 0x2E, 0x77,
  0x7F, 0xE3, 0x9C, 0x30, 0xE7, 0x06, 0x30, 0x63, 0x0E, 0x3F, 0xC7, 0xFE,
  0xE0, 0x74, 0x02, 0xFE, 0x1F, 0x9E, 0x03, 0x87, 0x01, 0x81, 0x81, 0x80,
  0xE0, 0x80, 0x38, 0xC0, 0x0C, 0xC0, 0x03, 0x40, 0x01, 0xE0, 0x0F, 0xFF,
  0x00, 0x30, 0x00, 0x18, 0x00, 0x0C, 0x00, 0xFF, 0xF0, 0x03, 0x00, 0x01,
  0x80, 0x00, 0xC0, 0x03, 0xFC, 0x00, 0xFF, 0xFF, 0xF0, 0x0F, 0xFF, 0xFF,
  0x0F, 0x06, 0x63, 0x18, 0xC2, 0x30, 0x0C, 0x03, 0xC0, 0xF8, 0x6F, 0x19,
  0xEE, 0x3F, 0x87, 0x70, 0xDE, 0x33, 0xCC, 0x7A, 0x0F, 0x80, 0xE0, 0x18,
  0x06, 0x31, 0x8C, 0x63, 0xF0, 0x30, 0x63, 0xE7, 0xE3, 0x00, 0x78, 0x00,
  0x0E, 0x1C, 0x00, 0xC0, 0x0C, 0x06, 0x00, 0x18, 0x30, 0x00, 0x30, 0x80,
  0xE0, 0x44, 0x0E, 0xE0, 0x90, 0x61, 0x82, 0x83, 0x03, 0x06, 0x0C, 0x08,
  0x18, 0x30, 0x00, 0x60, 0xC0, 0x01, 0x83, 0x00, 0x06, 0x0C, 0x00, 0x18,
  0x38, 0x10, 0xD0, 0x60, 0xC2, 0x40, 0xFE, 0x08, 0x80, 0x00, 0x43, 0x00,
  0x03, 0x06, 0x00, 0x18, 0x06, 0x01, 0x80, 0x0F, 0xFC, 0x00, 0x03, 0x00,
  0x00, 0x3E, 0x71, 0xB0, 0xC0, 0x61, 0xF3, 0x1B, 0x0D, 0x86, 0xC3, 0x3F,
  0xC0, 0x04, 0x10, 0x41, 0x1C, 0x33, 0x86, 0x71, 0xCE, 0x3C, 0xE3, 0x87,
  0x1C, 0x38, 0xE1, 0x87, 0x0C, 0x10, 0x41, 0xFF, 0xFF, 0xFF, 0x00, 0x30,
  0x03, 0x00, 0x30, 0x03, 0xFF, 0xFF, 0xFC, 0x00, 0x03, 0xC0, 0x00, 0x3C,
  0x00, 0x03, 0xCC, 0x02, 0x3C, 0x60, 0x63, 0xC3, 0x0C, 0x3C, 0x19, 0x83,
  0xC0, 0xF0, 0x3C, 0x06, 0x03, 0xC0, 0xF0, 0x3C, 0x19, 0x83, 0xC3, 0x0C,
  0x3C, 0x60, 0x63, 0xCC, 0x02, 0x3C, 0x00, 0x03, 0xC0, 0x00, 0x3C, 0x00,
  0x03, 0xFF, 0xFF, 0xF0, 0x00, 0x78, 0x00, 0x0E, 0x1C, 0x00, 0xC0, 0x0C,
  0x06, 0x00, 0x18, 0x30, 0x00, 0x30, 0x8F, 0x80, 0x44, 0x19, 0xE0, 0x90,
  0x61, 0x82, 0x81, 0x86, 0x06, 0x06, 0x18, 0x18, 0x18, 0x40, 0x60, 0x7E,
  0x01, 0x81, 0x8C, 0x06, 0x06, 0x18, 0x18, 0x18, 0x60, 0xD0, 0x61, 0xC2,
  0x43, 0xE3, 0x88, 0x80, 0x00, 0x43, 0x00, 0x03, 0x06, 0x00, 0x18, 0x06,
  0x01, 0x80, 0x0F, 0xFC, 0x00, 0x03, 0x00, 0x00, 0xFF, 0xFC, 0x3E, 0x33,
  0xB0, 0xD8, 0x3C, 0x1E, 0x09, 0x8C, 0x7C, 0x06, 0x00, 0x60, 0x06, 0x00,
  0x60, 0x06, 0x0F, 0xFF, 0xFF, 0xF0, 0x60, 0x06, 0x00, 0x60, 0x06, 0x07,
  0xFF, 0x7F, 0xF0, 0x7E, 0x61, 0xB0, 0xF0, 0x70, 0x30, 0x18, 0x18, 0x1C,
  0x18, 0x18, 0x1F, 0xFF, 0xF0, 0x7E, 0x61, 0xB0, 0xC8, 0x60, 0x70, 0xE0,
  0x1C, 0x07, 0xC3, 0xE1, 0xF0, 0xCF, 0xC0, 0x08, 0x73, 0xCC, 0x63, 0x00,
  0xC0, 0xCC, 0x0C, 0xC0, 0xCC, 0x0C, 0xC0, 0xCC, 0x0C, 0xC0, 0xCC, 0x0C,
  0xC0, 0xCE, 0x1C, 0xF6, 0xCD, 0xEF, 0xC0, 0x0C, 0x00, 0xC0, 0x0C, 0x00,
  0xC0, 0x04, 0x00, 0x0F, 0xF3, 0xFF, 0x7C, 0xC7, 0xCC, 0x7C, 0xCF, 0xCC,
  0x7C, 0xC7, 0xCC, 0x7C, 0xC3, 0xCC, 0x0C, 0xC0, 0xCC, 0x0C, 0xC0, 0xCC,
  0x0C, 0xC0, 0xCC, 0x0C, 0xC0, 0xCC, 0x0C, 0xC0, 0xCC, 0x3C, 0xF3, 0xCF,
  0xFF, 0x80, 0x30, 0xC1, 0xC3, 0x5F, 0xE0, 0x0C, 0x7E, 0x37, 0x03, 0x81,
  0xC0, 0xE0, 0x70, 0x38, 0x1C, 0x0E, 0x07, 0x1F, 0xF0, 0x3E, 0x31, 0xB0,
  0xF8, 0x3C, 0x1E, 0x0F, 0x07, 0x83, 0xE3, 0x3F, 0x00, 0x82, 0x08, 0x20,
  0xC3, 0x86, 0x1C, 0x38, 0xE3, 0xC7, 0x1C, 0x73, 0x8E, 0x71, 0xCE, 0x18,
  0x83, 0x08, 0x20, 0x0C, 0x01, 0x80, 0xFC, 0x01, 0x80, 0xDC, 0x01, 0x00,
  0x1C, 0x03, 0x00, 0x1C, 0x02, 0x00, 0x1C, 0x06, 0x00, 0x1C, 0x04, 0x60,
  0x1C, 0x0C, 0xF0, 0x1C, 0x08, 0xE0, 0x1C, 0x19, 0xC0, 0x1C, 0x11, 0x80,
  0xFF, 0xB3, 0x9C, 0x00, 0x33, 0x1C, 0x00, 0x66, 0x1C, 0x00, 0x67, 0xFF,
  0x00, 0xC0, 0x1C, 0x00, 0xC0, 0x1C, 0x01, 0x80, 0x1C, 0x0C, 0x01, 0x80,
  0xFC, 0x01, 0x80, 0xDC, 0x01, 0x00, 0x1C, 0x03, 0x00, 0x1C, 0x02, 0x00,
  0x1C, 0x06, 0x00, 0x1C, 0x04, 0xFC, 0x1C, 0x0D, 0x86, 0x1C, 0x09, 0x87,
  0x1C, 0x19, 0x07, 0x1C, 0x10, 0x06, 0xFF, 0xB0, 0x06, 0x00, 0x30, 0x0C,
  0x00, 0x60, 0x1C, 0x00, 0x60, 0x30, 0x00, 0xC0, 0x60, 0x00, 0xC0, 0xFF,
  0x01, 0x81, 0xFF, 0x7E, 0x01, 0x80, 0x61, 0x80, 0xC0, 0x30, 0xC0, 0x40,
  0x08, 0x60, 0x60, 0x00, 0x70, 0x20, 0x00, 0xE0, 0x30, 0x00, 0x1C, 0x10,
  0xC0, 0x07, 0x18, 0xF0, 0xC3, 0x88, 0x70, 0x61, 0xCC, 0x70, 0x30, 0xC4,
  0x30, 0x0F, 0xC6, 0x39, 0xC0, 0x03, 0x18, 0xE0, 0x03, 0x18, 0x70, 0x01,
  0x8F, 0xFE, 0x01, 0x80, 0x1C, 0x00, 0xC0, 0x0E, 0x00, 0xC0, 0x07, 0x00,
  0x0E, 0x03, 0x80, 0xE0, 0x00, 0x00, 0x01, 0x00, 0x40, 0x10, 0x0C, 0x06,
  0x03, 0x01, 0x80, 0x60, 0x38, 0x0C, 0x0F, 0x83, 0xE0, 0xDC, 0x63, 0xF0,
  0x07, 0x00, 0x01, 0xC0, 0x00, 0x38, 0x00, 0x03, 0x00, 0x00, 0x60, 0x00,
  0x00, 0x00, 0x0C, 0x00, 0x07, 0x00, 0x01, 0xE0, 0x00, 0xF8, 0x00, 0x36,
  0x00, 0x09, 0xC0, 0x06, 0x70, 0x01, 0x8C, 0x00, 0x43, 0x80, 0x30, 0xE0,
  0x0C, 0x18, 0x03, 0xFF, 0x01, 0x81, 0xC0, 0x60, 0x30, 0x10, 0x0E, 0x0C,
  0x03, 0x83, 0x00, 0x73, 0xF0, 0xFF, 0x00, 0x38, 0x00, 0x0E, 0x00, 0x07,
  0x00, 0x03, 0x00, 0x01, 0x80, 0x00, 0x00, 0x00, 0x0C, 0x00, 0x07, 0x00,
  0x01, 0xE0, 0x00, 0xF8, 0x00, 0x36, 0x00, 0x09, 0xC0, 0x06, 0x70, 0x01,
  0x8C, 0x00, 0x43, 0x80, 0x30, 0xE0, 0x0C, 0x18, 0x03, 0xFF, 0x01, 0x81,
  0xC0, 0x60, 0x30, 0x10, 0x0E, 0x0C, 0x03, 0x83, 0x00, 0x73, 0xF0, 0xFF,
  0x00, 0xC0, 0x00, 0x78, 0x00, 0x1E, 0x00, 0x0C, 0xC0, 0x06, 0x18, 0x00,
  0x00, 0x00, 0x0C, 0x00, 0x07, 0x00, 0x01, 0xE0, 0x00, 0xF8, 0x00, 0x36,
  0x00, 0x09, 0xC0, 0x06, 0x70, 0x01, 0x8C, 0x00, 0x43, 0x80, 0x30, 0xE0,
  0x0C, 0x18, 0x03, 0xFF, 0x01, 0x81, 0xC0, 0x60, 0x30, 0x10, 0x0E, 0x0C,
  0x03, 0x83, 0x00, 0x73, 0xF0, 0xFF, 0x03, 0x88, 0x01, 0xFE, 0x00, 0x47,
  0x00, 0x00, 0x00, 0x00, 0xC0, 0x00, 0x70, 0x00, 0x1E, 0x00, 0x0F, 0x80,
  0x03, 0x60, 0x00, 0x9C, 0x00, 0x67, 0x00, 0x18, 0xC0, 0x04, 0x38, 0x03,
  0x0E, 0x00, 0xC1, 0x80, 0x3F, 0xF0, 0x18, 0x1C, 0x06, 0x03, 0x01, 0x00,
  0xE0, 0xC0, 0x38, 0x30, 0x07, 0x3F, 0x0F, 0xF0, 0x06, 0x18, 0x01, 0xCE,
  0x00, 0x73, 0x80, 0x00, 0x00, 0x00, 0x00, 0x00, 0x30, 0x00, 0x1C, 0x00,
  0x07, 0x80, 0x03, 0xE0, 0x00, 0xD8, 0x00, 0x27, 0x00, 0x19, 0xC0, 0x06,
  0x30, 0x01, 0x0E, 0x00, 0xC3, 0x80, 0x30, 0x60, 0x0F, 0xFC, 0x06, 0x07,
  0x01, 0x80, 0xC0, 0x40, 0x38, 0x30, 0x0E, 0x0C, 0x01, 0xCF, 0xC3, 0xFC,
  0x00, 0x80, 0x01, 0xF8, 0x00, 0x42, 0x00, 0x10, 0xC0, 0x04, 0x20, 0x01,
  0xF8, 0x00, 0x1C, 0x00, 0x07, 0x00, 0x01, 0xE0, 0x00, 0xF8, 0x00, 0x36,
  0x00, 0x09, 0xC0, 0x06, 0x70, 0x01, 0x8C, 0x00, 0x43, 0x80, 0x30, 0xE0,
  0x0C, 0x18, 0x03, 0xFF, 0x01, 0x81, 0xC0, 0x60, 0x30, 0x10, 0x0E, 0x0C,
  0x03, 0x83, 0x00, 0x73, 0xF0, 0xFF, 0x03, 0xFF, 0xFE, 0x01, 0xFF, 0xFE,
  0x00, 0x4C, 0x06, 0x00, 0x4C, 0x06, 0x00, 0xCC, 0x02, 0x00, 0x8C, 0x00,
  0x01, 0x8C, 0x10, 0x01, 0x0C, 0x10, 0x03, 0x0C, 0x30, 0x03, 0xFF, 0xF0,
  0x06, 0x0C, 0x30, 0x04, 0x0C, 0x10, 0x0C, 0x0C, 0x11, 0x18, 0x0C, 0x01,
  0x18, 0x0C, 0x03, 0x30, 0x0C, 0x03, 0x30, 0x0E, 0x07, 0xFC, 0x7F, 0xFF,
  0x07, 0xF0, 0x70, 0xF3, 0x81, 0xDC, 0x03, 0x70, 0x07, 0x80, 0x0E, 0x00,
  0x38, 0x00, 0xE0, 0x03, 0x80, 0x0E, 0x00, 0x38, 0x00, 0xE0, 0x01, 0xC0,
  0x17, 0x00, 0xCE, 0x03, 0x1C, 0x1C, 0x3F, 0xE0, 0x18, 0x00, 0x60, 0x00,
  0xE0, 0x01, 0x80, 0x2E, 0x01, 0xF0, 0x0E, 0x00, 0x1C, 0x00, 0x1C, 0x00,
  0x0C, 0x00, 0x0C, 0x00, 0x00, 0x3F, 0xFE, 0x3F, 0xFC, 0x38, 0x18, 0x30,
  0x30, 0x60, 0x20, 0xC0, 0x01, 0x84, 0x03, 0x08, 0x07, 0xF0, 0x0F, 0xE0,
  0x18, 0x40, 0x30, 0x80, 0x60, 0x00, 0xC0, 0x31, 0x80, 0x43, 0x01, 0x8F,
  0x07, 0x7F, 0xFE, 0x00, 0xE0, 0x01, 0xC0, 0x07, 0x00, 0x18, 0x00, 0x60,
  0x00, 0x00, 0x3F, 0xFE, 0x3F, 0xFC, 0x38, 0x18, 0x30, 0x30, 0x60, 0x20,
  0xC0, 0x01, 0x84, 0x03, 0x08, 0x07, 0xF0, 0x0F, 0xE0, 0x18, 0x40, 0x30,
  0x80, 0x60, 0x00, 0xC0, 0x31, 0x80, 0x43, 0x01, 0x8F, 0x07, 0x7F, 0xFE,
  0x03, 0x00, 0x0F, 0x00, 0x1E, 0x00, 0x66, 0x01, 0x86, 0x00, 0x00, 0x3F,
  0xFE, 0x3F, 0xFC, 0x38, 0x18, 0x30, 0x30, 0x60, 0x20, 0xC0, 0x01, 0x84,
  0x03, 0x08, 0x07, 0xF0, 0x0F, 0xE0, 0x18, 0x40, 0x30, 0x80, 0x60, 0x00,
  0xC0, 0x31, 0x80, 0x43, 0x01, 0x8F, 0x07, 0x7F, 0xFE, 0x18, 0x60, 0x39,
  0xC0, 0x73, 0x80, 0x00, 0x00, 0x00, 0x1F, 0xFF, 0x1F, 0xFE, 0x1C, 0x0C,
  0x18, 0x18, 0x30, 0x10, 0x60, 0x00, 0xC2, 0x01, 0x84, 0x03, 0xF8, 0x07,
  0xF0, 0x0C, 0x20, 0x18, 0x40, 0x30, 0x00, 0x60, 0x18, 0xC0, 0x21, 0x80,
  0xC7, 0x83, 0xBF, 0xFF, 0x00, 0xE0, 0xE0, 0x70, 0x18, 0x0C, 0x00, 0xFE,
  0x7E, 0x18, 0x18, 0x18, 0x18, 0x18, 0x18, 0x18, 0x18, 0x18, 0x18, 0x18,
  0x18, 0x18, 0x18, 0x3C, 0xFF, 0x07, 0x07, 0x0E, 0x18, 0x30, 0x00, 0xFE,
  0x7E, 0x18, 0x18, 0x18, 0x18, 0x18, 0x18, 0x18, 0x18, 0x18, 0x18, 0x18,
  0x18, 0x18, 0x18, 0x3C, 0xFF, 0x18, 0x3C, 0x3C, 0x66, 0xC3, 0x00, 0xFE,
  0x7E, 0x18, 0x18, 0x18, 0x18, 0x18, 0x18, 0x18, 0x18, 0x18, 0x18, 0x18,
  0x18, 0x18, 0x18, 0x3C, 0xFF, 0xC3, 0xE7, 0xE7, 0x00, 0x00, 0xFE, 0x7E,
  0x18, 0x18, 0x18, 0x18, 0x18, 0x18, 0x18, 0x18, 0x18, 0x18, 0x18, 0x18,
  0x18, 0x18, 0x3C, 0xFF, 0xFF, 0xC0, 0x3F, 0xFC, 0x0E, 0x07, 0x83, 0x01,
  0xC1, 0x80, 0x70, 0xC0, 0x1C, 0x60, 0x0E, 0x30, 0x07, 0x7F, 0x83, 0x8C,
  0x01, 0xC6, 0x00, 0xE3, 0x00, 0x71, 0x80, 0x30, 0xC0, 0x38, 0x60, 0x18,
  0x30, 0x1C, 0x3C, 0x38, 0x7F, 0xF0, 0x00, 0x03, 0x88, 0x01, 0xFE, 0x00,
  0x47, 0x00, 0x00, 0x00, 0xF0, 0x1F, 0xFE, 0x03, 0xE3, 0xC0, 0x20, 0xF0,
  0x08, 0x2E, 0x02, 0x09, 0xC0, 0x82, 0x38, 0x20, 0x8E, 0x08, 0x21, 0xC2,
  0x08, 0x38, 0x82, 0x0E, 0x20, 0x81, 0xC8, 0x20, 0x3A, 0x08, 0x07, 0x82,
  0x01, 0xE0, 0x80, 0x38, 0x30, 0x06, 0x3F, 0x00, 0x80, 0x07, 0x00, 0x03,
  0x80, 0x00, 0xE0, 0x00, 0x18, 0x00, 0x06, 0x00, 0x00, 0x00, 0x1F, 0xC0,
  0x18, 0x30, 0x18, 0x0E, 0x18, 0x03, 0x1C, 0x01, 0xCE, 0x00, 0xEE, 0x00,
  0x77, 0x00, 0x1F, 0x80, 0x0F, 0xC0, 0x07, 0xE0, 0x03, 0xF8, 0x01, 0xDC,
  0x01, 0xCE, 0x00, 0xE3, 0x00, 0x61, 0xC0, 0x70, 0x70, 0x70, 0x0F, 0xE0,
  0x00, 0x70, 0x00, 0x38, 0x00, 0x38, 0x00, 0x30, 0x00, 0x30, 0x00, 0x00,
  0x00, 0x1F, 0xC0, 0x18, 0x30, 0x18, 0x0E, 0x18, 0x03, 0x1C, 0x01, 0xCE,
  0x00, 0xEE, 0x00, 0x77, 0x00, 0x1F, 0x80, 0x0F, 0xC0, 0x07, 0xE0, 0x03,
  0xF8, 0x01, 0xDC, 0x01, 0xCE, 0x00, 0xE3, 0x00, 0x61, 0xC0, 0x70, 0x70,
  0x70, 0x0F, 0xE0, 0x01, 0x80, 0x01, 0xE0, 0x00, 0xF0, 0x00, 0xCC, 0x00,
  0xC3, 0x00, 0x00, 0x00, 0x1F, 0xC0, 0x18, 0x30, 0x18, 0x0E, 0x18, 0x03,
  0x1C, 0x01, 0xCE, 0x00, 0xEE, 0x00, 0x77, 0x00, 0x1F, 0x80, 0x0F, 0xC0,
  0x07, 0xE0, 0x03, 0xF8, 0x01, 0xDC, 0x01, 0xCE, 0x00, 0xE3, 0x00, 0x61,
  0xC0, 0x70, 0x70, 0x70, 0x0F, 0xE0, 0x07, 0x10, 0x07, 0xF8, 0x02, 0x38,
  0x00, 0x00, 0x00, 0x7F, 0x00, 0x60, 0xC0, 0x60, 0x38, 0x60, 0x0C, 0x70,
  0x07, 0x38, 0x03, 0xB8, 0x01, 0xDC, 0x00, 0x7E, 0x00, 0x3F, 0x00, 0x1F,
  0x80, 0x0F, 0xE0, 0x07, 0x70, 0x07, 0x38, 0x03, 0x8C, 0x01, 0x87, 0x01,
  0xC1, 0xC1, 0xC0, 0x3F, 0x80, 0x0C, 0x30, 0x07, 0x38, 0x03, 0x9C, 0x00,
  0x00, 0x00, 0x00, 0x00, 0x3F, 0x80, 0x30, 0x60, 0x30, 0x1C, 0x30, 0x06,
  0x38, 0x03, 0x9C, 0x01, 0xDC, 0x00, 0xEE, 0x00, 0x3F, 0x00, 0x1F, 0x80,
  0x0F, 0xC0, 0x07, 0xF0, 0x03, 0xB8, 0x03, 0x9C, 0x01, 0xC6, 0x00, 0xC3,
  0x80, 0xE0, 0xE0, 0xE0, 0x1F, 0xC0, 0x40, 0x2E, 0x07, 0x30, 0xE1, 0x9C,
  0x0F, 0x80, 0x70, 0x0F, 0x01, 0xF8, 0x39, 0xC7, 0x0E, 0xE0, 0x74, 0x02,
  0x00, 0x04, 0x00, 0x02, 0x01, 0xFF, 0x01, 0x83, 0x01, 0x81, 0xE1, 0x80,
  0xB1, 0xC0, 0xDC, 0xE0, 0x4E, 0xE0, 0x67, 0x70, 0x21, 0xF8, 0x30, 0xFC,
  0x10, 0x7E, 0x18, 0x3F, 0x88, 0x1D, 0xCC, 0x1C, 0xE4, 0x0E, 0x36, 0x06,
  0x1E, 0x07, 0x07, 0x07, 0x01, 0xFE, 0x01, 0x80, 0x00, 0x80, 0x00, 0x07,
  0x00, 0x01, 0xC0, 0x00, 0x38, 0x00, 0x03, 0x00, 0x00, 0x60, 0x00, 0x00,
  0x0F, 0xE1, 0xFD, 0xF8, 0x3E, 0x38, 0x02, 0x0E, 0x00, 0x83, 0x80, 0x20,
  0xE0, 0x08, 0x38, 0x02, 0x0E, 0x00, 0x83, 0x80, 0x20, 0xE0, 0x08, 0x38,
  0x02, 0x0E, 0x00, 0x83, 0x80, 0x20, 0xE0, 0x08, 0x18, 0x06, 0x07, 0x01,
  0x00, 0xC0, 0xC0, 0x1F, 0xC0, 0x00, 0x38, 0x00, 0x0E, 0x00, 0x07, 0x00,
  0x03, 0x00, 0x01, 0x80, 0x00, 0x00, 0x0F, 0xE1, 0xFD, 0xF8, 0x3E, 0x38,
  0x02, 0x0E, 0x00, 0x83, 0x80, 0x20, 0xE0, 0x08, 0x38, 0x02, 0x0E, 0x00,
  0x83, 0x80, 0x20, 0xE0, 0x08, 0x38, 0x02, 0x0E, 0x00, 0x83, 0x80, 0x20,
  0xE0, 0x08, 0x18, 0x06, 0x07, 0x01, 0x00, 0xC0, 0xC0, 0x1F, 0xC0, 0x00,
  0xC0, 0x00, 0x78, 0x00, 0x1E, 0x00, 0x0C, 0xC0, 0x06, 0x18, 0x00, 0x00,
  0x0F, 0xE1, 0xFD, 0xF8, 0x3E, 0x38, 0x02, 0x0E, 0x00, 0x83, 0x80, 0x20,
  0xE0, 0x08, 0x38, 0x02, 0x0E, 0x00, 0x83, 0x80, 0x20, 0xE0, 0x08, 0x38,
  0x02, 0x0E, 0x00, 0x83, 0x80, 0x20, 0xE0, 0x08, 0x18, 0x06, 0x07, 0x01,
  0x00, 0xC0, 0xC0, 0x1F, 0xC0, 0x06, 0x18, 0x01, 0xCE, 0x00, 0x73, 0x80,
  0x00, 0x00, 0x00, 0x00, 0x3F, 0x87, 0xF7, 0xE0, 0xF8, 0xE0, 0x08, 0x38,
  0x02, 0x0E, 0x00, 0x83, 0x80, 0x20, 0xE0, 0x08, 0x38, 0x02, 0x0E, 0x00,
  0x83, 0x80, 0x20, 0xE0, 0x08, 0x38, 0x02, 0x0E, 0x00, 0x83, 0x80, 0x20,
  0x60, 0x18, 0x1C, 0x04, 0x03, 0x03, 0x00, 0x7F, 0x00, 0x00, 0x38, 0x00,
  0x1C, 0x00, 0x1C, 0x00, 0x18, 0x00, 0x18, 0x00, 0x00, 0x03, 0xFC, 0x7E,
  0x78, 0x0E, 0x1C, 0x06, 0x0E, 0x02, 0x03, 0x83, 0x01, 0xC1, 0x00, 0x71,
  0x80, 0x18, 0x80, 0x0E, 0xC0, 0x03, 0x40, 0x01, 0xC0, 0x00, 0x60, 0x00,
  0x30, 0x00, 0x18, 0x00, 0x0C, 0x00, 0x06, 0x00, 0x03, 0x00, 0x0F, 0xF0,
  0xFE, 0x01, 0xF8, 0x03, 0x80, 0x06, 0x00, 0x1F, 0xF0, 0x60, 0xE1, 0x81,
  0x86, 0x07, 0x18, 0x1C, 0x60, 0x71, 0x81, 0xC6, 0x0E, 0x18, 0x70, 0x7F,
  0x81, 0x80, 0x06, 0x00, 0x3C, 0x03, 0xFC, 0x00, 0x0F, 0xC0, 0xC3, 0x06,
  0x1C, 0x60, 0xE3, 0x06, 0x18, 0x60, 0xC6, 0x06, 0x30, 0x33, 0x81, 0x8E,
  0x0C, 0x78, 0x61, 0xE3, 0x07, 0x98, 0x1C, 0xC0, 0x66, 0x03, 0x32, 0x19,
  0x99, 0xBC, 0xF8, 0x60, 0x0E, 0x00, 0xE0, 0x06, 0x00, 0x60, 0x00, 0x03,
  0x03, 0xFC, 0x61, 0x9C, 0x39, 0x07, 0x00, 0xE1, 0xFC, 0xE3, 0xB8, 0x77,
  0x0E, 0xE1, 0xCE, 0x79, 0xFB, 0x80, 0x01, 0x00, 0x70, 0x1E, 0x03, 0x00,
  0xC0, 0x30, 0x00, 0x00, 0x60, 0x7F, 0x8C, 0x33, 0x87, 0x20, 0xE0, 0x1C,
  0x3F, 0x9C, 0x77, 0x0E, 0xE1, 0xDC, 0x39, 0xCF, 0x3F, 0x70, 0x0E, 0x01,
  0xC0, 0x6C, 0x18, 0xC2, 0x0C, 0x80, 0x03, 0x03, 0xFC, 0x61, 0x9C, 0x39,
  0x07, 0x00, 0xE1, 0xFC, 0xE3, 0xB8, 0x77, 0x0E, 0xE1, 0xCE, 0x79, 0xFB,
  0x80, 0x38, 0x8F, 0xF1, 0x1C, 0x00, 0x00, 0xC0, 0xFF, 0x18, 0x67, 0x0E,
  0x41, 0xC0, 0x38, 0x7F, 0x38, 0xEE, 0x1D, 0xC3, 0xB8, 0x73, 0x9E, 0x7E,
  0xE0, 0x61, 0x0E, 0x71, 0xCE, 0x00, 0x00, 0x00, 0x18, 0x1F, 0xE3, 0x0C,
  0xE1, 0xC8, 0x38, 0x07, 0x0F, 0xE7, 0x1D, 0xC3, 0xB8, 0x77, 0x0E, 0x73,
  0xCF, 0xDC, 0x1E, 0x06, 0x20, 0x86, 0x10, 0x83, 0x30, 0x3C, 0x00, 0x00,
  0x60, 0x7F, 0x8C, 0x33, 0x87, 0x20, 0xE0, 0x1C, 0x3F, 0x9C, 0x77, 0x0E,
  0xE1, 0xDC, 0x39, 0xCF, 0x3F, 0x70, 0x06, 0x18, 0x3F, 0xBF, 0x38, 0x70,
  0xD8, 0x38, 0x74, 0x18, 0x38, 0x0C, 0x1C, 0x7F, 0xFE, 0xE3, 0x00, 0x61,
  0x80, 0x70, 0xE0, 0x38, 0x70, 0x4E, 0x7C, 0x67, 0xE7, 0xE0, 0x04, 0x0F,
  0xE7, 0x1D, 0x83, 0xE0, 0xF8, 0x0E, 0x03, 0x80, 0xE0, 0x38, 0x06, 0x05,
  0xC2, 0x3F, 0x03, 0x00, 0xC0, 0x1C, 0x03, 0x05, 0xC3, 0xE0, 0x30, 0x0E,
  0x01, 0xC0, 0x18, 0x03, 0x00, 0x00, 0x60, 0xFE, 0x61, 0xD8, 0x7E, 0x0F,
  0x83, 0xFF, 0xF8, 0x0E, 0x03, 0x80, 0x60, 0x5C, 0x23, 0xF0, 0x01, 0x00,
  0xE0, 0x78, 0x18, 0x0C, 0x06, 0x00, 0x00, 0x18, 0x3F, 0x98, 0x76, 0x1F,
  0x83, 0xE0, 0xFF, 0xFE, 0x03, 0x80, 0xE0, 0x18, 0x17, 0x08, 0xFC, 0x0E,
  0x03, 0x81, 0xB0, 0xC6, 0x20, 0xD0, 0x00, 0x60, 0xFE, 0x61, 0xD8, 0x7E,
  0x0F, 0x83, 0xFF, 0xF8, 0x0E, 0x03, 0x80, 0x60, 0x5C, 0x23, 0xF0, 0x61,
  0x1C, 0xE7, 0x38, 0x00, 0x00, 0x01, 0x83, 0xF9, 0x87, 0x61, 0xF8, 0x3E,
  0x0F, 0xFF, 0xE0, 0x38, 0x0E, 0x01, 0x81, 0x70, 0x8F, 0xC0, 0xC1, 0xC1,
  0xC0, 0xC0, 0xC0, 0x00, 0x3C, 0x18, 0x30, 0x60, 0xC1, 0x83, 0x06, 0x0C,
  0x18, 0x31, 0xF8, 0x04, 0x1C, 0x78, 0xC3, 0x0C, 0x00, 0x00, 0xF0, 0x60,
  0xC1, 0x83, 0x06, 0x0C, 0x18, 0x30, 0x60, 0xC7, 0xE0, 0x1C, 0x0E, 0x0D,
  0x8C, 0x64, 0x1C, 0x00, 0x00, 0x78, 0x0C, 0x06, 0x03, 0x01, 0x80, 0xC0,
  0x60, 0x30, 0x18, 0x0C, 0x06, 0x0F, 0xC0, 0xC2, 0xE7, 0xE7, 0x00, 0x00,
  0x00, 0x78, 0x18, 0x18, 0x18, 0x18, 0x18, 0x18, 0x18, 0x18, 0x18, 0x18,
  0x7E, 0x71, 0x87, 0xE0, 0x38, 0x0D, 0x83, 0x38, 0x03, 0x80, 0x30, 0x06,
  0x1F, 0xE6, 0x1D, 0x83, 0xF0, 0x3E, 0x07, 0xC0, 0xF8, 0x1F, 0x03, 0xE0,
  0xEC, 0x19, 0xC7, 0x0F, 0x80, 0x0E, 0x20, 0x7F, 0x81, 0x1C, 0x00, 0x00,
  0x00, 0x83, 0xDF, 0x87, 0x87, 0x0C, 0x1C, 0x30, 0x70, 0xC1, 0xC3, 0x07,
  0x0C, 0x1C, 0x30, 0x70, 0xC1, 0xC3, 0x07, 0x0C, 0x1C, 0xFC, 0xFC, 0x30,
  0x03, 0x80, 0x1C, 0x00, 0x60, 0x03, 0x00, 0x00, 0x06, 0x03, 0xF8, 0x70,
  0xC6, 0x06, 0xE0, 0x6E, 0x07, 0xE0, 0x7E, 0x07, 0xE0, 0x7E, 0x06, 0x60,
  0x63, 0x0C, 0x1F, 0x80, 0x00, 0x80, 0x1C, 0x03, 0xC0, 0x30, 0x06, 0x00,
  0xC0, 0x00, 0x00, 0x60, 0x3F, 0x87, 0x0C, 0x60, 0x6E, 0x06, 0xE0, 0x7E,
  0x07, 0xE0, 0x7E, 0x07, 0xE0, 0x66, 0x06, 0x30, 0xC1, 0xF8, 0x0E, 0x00,
  0xE0, 0x1B, 0x03, 0x18, 0x20, 0xC4, 0x00, 0x06, 0x03, 0xF8, 0x70, 0xC6,
  0x06, 0xE0, 0x6E, 0x07, 0xE0, 0x7E, 0x07, 0xE0, 0x7E, 0x06, 0x60, 0x63,
  0x0C, 0x1F, 0x80, 0x1C, 0x43, 0xFC, 0x23, 0x80, 0x00, 0x06, 0x03, 0xF8,
  0x70, 0xC6, 0x06, 0xE0, 0x6E, 0x07, 0xE0, 0x7E, 0x07, 0xE0, 0x7E, 0x06,
  0x60, 0x63, 0x0C, 0x1F, 0x80, 0x30, 0x83, 0x9C, 0x39, 0xC0, 0x00, 0x00,
  0x00, 0x60, 0x3F, 0x87, 0x0C, 0x60, 0x6E, 0x06, 0xE0, 0x7E, 0x07, 0xE0,
  0x7E, 0x07, 0xE0, 0x66, 0x06, 0x30, 0xC1, 0xF8, 0x04, 0x00, 0xF0, 0x0F,
  0x00, 0x60, 0x00, 0x00, 0x00, 0xFF, 0xFF, 0xFF, 0x00, 0x00, 0x00, 0x06,
  0x00, 0xF0, 0x0F, 0x00, 0x60, 0x00, 0x40, 0x6C, 0x3F, 0x87, 0x1C, 0x61,
  0x6E, 0x36, 0xE2, 0x7E, 0x67, 0xE4, 0x7E, 0xC7, 0xE8, 0x67, 0x06, 0x30,
  0xC3, 0xF8, 0x60, 0x02, 0x00, 0x30, 0x01, 0xC0, 0x07, 0x00, 0x0C, 0x00,
  0x30, 0x00, 0x00, 0x00, 0x1E, 0x3C, 0x70, 0x61, 0x83, 0x0C, 0x18, 0x60,
  0xC3, 0x06, 0x18, 0x30, 0xC1, 0x86, 0x0C, 0x30, 0x61, 0xDF, 0x0F, 0xDE,
  0x00, 0x80, 0x0E, 0x00, 0xF0, 0x06, 0x00, 0x60, 0x06, 0x00, 0x00, 0x00,
  0x00, 0xF1, 0xE3, 0x83, 0x0C, 0x18, 0x60, 0xC3, 0x06, 0x18, 0x30, 0xC1,
  0x86, 0x0C, 0x30, 0x61, 0x83, 0x0E, 0xF8, 0x7E, 0xF0, 0x07, 0x00, 0x38,
  0x03, 0x60, 0x31, 0x81, 0x06, 0x10, 0x00, 0x00, 0x1E, 0x3C, 0x70, 0x61,
  0x83, 0x0C, 0x18, 0x60, 0xC3, 0x06, 0x18, 0x30, 0xC1, 0x86, 0x0C, 0x30,
  0x61, 0xDF, 0x0F, 0xDE, 0x30, 0x81, 0xCE, 0x0E, 0x70, 0x00, 0x00, 0x00,
  0x00, 0x03, 0xC7, 0x8E, 0x0C, 0x30, 0x61, 0x83, 0x0C, 0x18, 0x60, 0xC3,
  0x06, 0x18, 0x30, 0xC1, 0x86, 0x0C, 0x3B, 0xE1, 0xFB, 0xC0, 0x00, 0x80,
  0x0E, 0x00, 0xF0, 0x06, 0x00, 0x60, 0x06, 0x00, 0x00, 0x00, 0x00, 0xFC,
  0xF9, 0x81, 0x0C, 0x18, 0x70, 0x81, 0x84, 0x0E, 0x60, 0x32, 0x01, 0x90,
  0x0F, 0x80, 0x38, 0x01, 0xC0, 0x06, 0x00, 0x20, 0x03, 0x00, 0x10, 0x0D,
  0x80, 0x78, 0x00, 0x80, 0x00, 0xF0, 0x01, 0x80, 0x0C, 0x00, 0x60, 0x03,
  0x00, 0x18, 0x00, 0xC6, 0x06, 0xFC, 0x38, 0x71, 0x81, 0x8C, 0x0E, 0x60,
  0x73, 0x03, 0x98, 0x1C, 0xC0, 0xE6, 0x07, 0x30, 0x31, 0xC3, 0x8F, 0xF8,
  0x60, 0x03, 0x00, 0x18, 0x00, 0xC0, 0x0F, 0x80, 0xFE, 0x00, 0x30, 0x81,
  0xCE, 0x0E, 0x70, 0x00, 0x00, 0x00, 0x00, 0x03, 0xF3, 0xE6, 0x04, 0x30,
  0x61, 0xC2, 0x06, 0x10, 0x39, 0x80, 0xC8, 0x06, 0x40, 0x3E, 0x00, 0xE0,
  0x07, 0x00, 0x18, 0x00, 0x80, 0x0C, 0x00, 0x40, 0x36, 0x01, 0xE0, 0x02,
  0x00 };

const GFXglyph Gelasio_Regular13pt8bGlyphs[] PROGMEM = {
  {     0,   1,   1,   6,    0,    0 },   // 0x20 ' '
  {     1,   4,  19,   8,    2,  -18 },   // 0x21 '!'
  {    11,   8,   9,  10,    2,  -20 },   // 0x22 '"'
  {    20,  14,  18,  16,    1,  -17 },   // 0x23 '#'
  {    52,  12,  22,  16,    2,  -18 },   // 0x24 '$'
  {    85,  18,  18,  21,    1,  -17 },   // 0x25 '%'
  {   126,  16,  18,  18,    1,  -17 },   // 0x26 '&'
  {   162,   3,   9,   5,    2,  -20 },   // 0x27 '''
  {   166,   7,  23,  10,    1,  -18 },   // 0x28 '('
  {   187,   7,  23,  10,    1,  -18 },   // 0x29 ')'
  {   208,  10,  10,  12,    1,  -18 },   // 0x2A '*'
  {   221,  12,  12,  16,    2,  -12 },   // 0x2B '+'
  {   239,   4,   7,   7,    1,   -2 },   // 0x2C ','
  {   243,   7,   2,  10,    1,   -7 },   // 0x2D '-'
  {   245,   3,   3,   7,    2,   -2 },   // 0x2E '.'
  {   247,   8,  25,  12,    2,  -19 },   // 0x2F '/'
  {   272,  12,  15,  16,    2,  -14 },   // 0x30 '0'
  {   295,   8,  15,  11,    2,  -14 },   // 0x31 '1'
  {   310,  12,  15,  14,    1,  -14 },   // 0x32 '2'
  {   333,  12,  20,  14,    1,  -14 },   // 0x33 '3'
  {   363,  13,  19,  14,    1,  -14 },   // 0x34 '4'
  {   394,  11,  20,  13,    1,  -14 },   // 0x35 '5'
  {   422,  12,  19,  14,    1,  -18 },   // 0x36 '6'
  {   451,  11,  19,  13,    1,  -14 },   // 0x37 '7'
  {   478,  11,  18,  15,    2,  -17 },   // 0x38 '8'
  {   503,  12,  19,  14,    1,  -14 },   // 0x39 '9'
  {   532,   3,  12,   8,    3,  -11 },   // 0x3A ':'
  {   537,   4,  16,   8,    2,  -11 },   // 0x3B ';'
  {   545,  12,  14,  16,    2,  -13 },   // 0x3C '<'
  {   566,  12,   8,  16,    2,  -10 },   // 0x3D '='
  {   578,  11,  14,  16,    3,  -13 },   // 0x3E '>'
  {   598,  10,  19,  12,    1,  -18 },   // 0x3F '?'
  {   622,  20,  21,  24,    2,  -16 },   // 0x40 '@'
  {   675,  18,  18,  17,    0,  -17 },   // 0x41 'A'
  {   716,  15,  18,  17,    1,  -17 },   // 0x42 'B'
  {   750,  14,  18,  16,    1,  -17 },   // 0x43 'C'
  {   782,  17,  18,  19,    1,  -17 },   // 0x44 'D'
  {   821,  15,  18,  17,    1,  -17 },   // 0x45 'E'
  {   855,  14,  18,  15,    1,  -17 },   // 0x46 'F'
  {   887,  17,  18,  18,    1,  -17 },   // 0x47 'G'
  {   926,  19,  18,  21,    1,  -17 },   // 0x48 'H'
  {   969,   8,  18,  10,    1,  -17 },   // 0x49 'I'
  {   987,  11,  18,  13,    1,  -17 },   // 0x4A 'J'
  {  1012,  17,  18,  18,    1,  -17 },   // 0x4B 'K'
  {  1051,  14,  18,  15,    1,  -17 },   // 0x4C 'L'
  {  1083,  22,  18,  24,    1,  -17 },   // 0x4D 'M'
  {  1133,  18,  18,  20,    1,  -17 },   // 0x4E 'N'
  {  1174,  17,  18,  19,    1,  -17 },   // 0x4F 'O'
  {  1213,  14,  18,  16,    1,  -17 },   // 0x50 'P'
  {  1245,  17,  23,  19,    1,  -17 },   // 0x51 'Q'
  {  1294,  17,  18,  18,    1,  -17 },   // 0x52 'R'
  {  1333,  12,  18,  14,    1,  -17 },   // 0x53 'S'
  {  1360,  15,  18,  16,    0,  -17 },   // 0x54 'T'
  {  1394,  18,  18,  19,    1,  -17 },   // 0x55 'U'
  {  1435,  18,  18,  17,    0,  -17 },   // 0x56 'V'
  {  1476,  25,  18,  25,    0,  -17 },   // 0x57 'W'
  {  1533,  17,  18,  18,    0,  -17 },   // 0x58 'X'
  {  1572,  17,  18,  16,   -1,  -17 },   // 0x59 'Y'
  {  1611,  14,  18,  15,    1,  -17 },   // 0x5A 'Z'
  {  1643,   6,  23,  10,    2,  -18 },   // 0x5B '['
  {  1661,   7,  26,  12,    1,  -18 },   // 0x5C '\'
  {  1684,   5,  23,  10,    2,  -18 },   // 0x5D ']'
  {  1699,  13,  14,  16,    2,  -17 },   // 0x5E '^'
  {  1722,  17,   2,  16,    0,    3 },   // 0x5F '_'
  {  1727,   6,   5,  13,    4,  -18 },   // 0x60 '`'
  {  1731,  11,  13,  13,    1,  -12 },   // 0x61 'a'
  {  1749,  13,  19,  14,    0,  -18 },   // 0x62 'b'
  {  1780,  10,  13,  12,    1,  -12 },   // 0x63 'c'
  {  1797,  13,  19,  15,    1,  -18 },   // 0x64 'd'
  {  1828,  10,  13,  12,    1,  -12 },   // 0x65 'e'
  {  1845,   8,  20,   8,    1,  -19 },   // 0x66 'f'
  {  1865,  12,  19,  13,    1,  -12 },   // 0x67 'g'
  {  1894,  14,  19,  15,    0,  -18 },   // 0x68 'h'
  {  1928,   6,  18,   7,    1,  -17 },   // 0x69 'i'
  {  1942,   7,  24,   7,   -1,  -17 },   // 0x6A 'j'
  {  1963,  14,  19,  14,    0,  -18 },   // 0x6B 'k'
  {  1997,   7,  19,   7,    0,  -18 },   // 0x6C 'l'
  {  2014,  21,  13,  22,    1,  -12 },   // 0x6D 'm'
  {  2049,  14,  13,  15,    1,  -12 },   // 0x6E 'n'
  {  2072,  12,  13,  14,    1,  -12 },   // 0x6F 'o'
  {  2092,  13,  18,  15,    0,  -12 },   // 0x70 'p'
  {  2122,  13,  19,  14,    1,  -12 },   // 0x71 'q'
  {  2153,   9,  13,  10,    1,  -12 },   // 0x72 'r'
  {  2168,   9,  13,  11,    1,  -12 },   // 0x73 's'
  {  2183,   9,  16,   9,    0,  -15 },   // 0x74 't'
  {  2201,  13,  12,  15,    1,  -11 },   // 0x75 'u'
  {  2221,  13,  12,  13,    0,  -11 },   // 0x76 'v'
  {  2241,  20,  12,  19,   -1,  -11 },   // 0x77 'w'
  {  2271,  13,  12,  13,    0,  -11 },   // 0x78 'x'
  {  2291,  13,  18,  13,    0,  -11 },   // 0x79 'y'
  {  2321,  11,  12,  11,    0,  -11 },   // 0x7A 'z'
  {  2338,   9,  23,  11,    1,  -18 },   // 0x7B '{'
  {  2364,   2,  24,  10,    4,  -18 },   // 0x7C '|'
  {  2370,   9,  23,  11,    1,  -18 },   // 0x7D '}'
  {  2396,  12,   4,  16,    2,   -8 },   // 0x7E '~'
  {  2402,   1,   1,   0,    0,    0 },   // 0x7F
  {  2403,  20,  19,  25,    3,  -18 },   // 0x80
  {  2451,  20,  19,  25,    3,  -18 },   // 0x81
  {  2499,  20,  19,  25,    3,  -18 },   // 0x82
  {  2547,  20,  19,  25,    3,  -18 },   // 0x83
  {  2595,  20,  19,  25,    3,  -18 },   // 0x84
  {  2643,  20,  19,  25,    3,  -18 },   // 0x85
  {  2691,  20,  19,  25,    3,  -18 },   // 0x86
  {  2739,  20,  19,  25,    3,  -18 },   // 0x87
  {  2787,  20,  19,  25,    3,  -18 },   // 0x88
  {  2835,  20,  19,  25,    3,  -18 },   // 0x89
  {  2883,  20,  19,  25,    3,  -18 },   // 0x8A
  {  2931,  20,  19,  25,    3,  -18 },   // 0x8B
  {  2979,  20,  19,  25,    3,  -18 },   // 0x8C
  {  3027,  20,  19,  25,    3,  -18 },   // 0x8D
  {  3075,  20,  19,  25,    3,  -18 },   // 0x8E
  {  3123,  20,  19,  25,    3,  -18 },   // 0x8F
  {  3171,  20,  19,  25,    3,  -18 },   // 0x90
  {  3219,  20,  19,  25,    3,  -18 },   // 0x91
  {  3267,  20,  19,  25,    3,  -18 },   // 0x92
  {  3315,  20,  19,  25,    3,  -18 },   // 0x93
  {  3363,  20,  19,  25,    3,  -18 },   // 0x94
  {  3411,  20,  19,  25,    3,  -18 },   // 0x95
  {  3459,  20,  19,  25,    3,  -18 },   // 0x96
  {  3507,  20,  19,  25,    3,  -18 },   // 0x97
  {  3555,  20,  19,  25,    3,  -18 },   // 0x98
  {  3603,  20,  19,  25,    3,  -18 },   // 0x99
  {  3651,  20,  19,  25,    3,  -18 },   // 0x9A
  {  3699,  20,  19,  25,    3,  -18 },   // 0x9B
  {  3747,  20,  19,  25,    3,  -18 },   // 0x9C
  {  3795,  20,  19,  25,    3,  -18 },   // 0x9D
  {  3843,  20,  19,  25,    3,  -18 },   // 0x9E
  {  3891,  20,  19,  25,    3,  -18 },   // 0x9F
  {  3939,   1,   1,   6,    0,    0 },   // 0xA0
  {  3940,   4,  19,   8,    2,  -17 },   // 0xA1
  {  3950,  10,  18,  14,    2,  -14 },   // 0xA2
  {  3973,  14,  18,  16,    1,  -17 },   // 0xA3
  {  4005,  12,  12,  15,    1,  -12 },   // 0xA4
  {  4023,  17,  18,  16,   -1,  -17 },   // 0xA5
  {  4062,   2,  24,  10,    4,  -18 },   // 0xA6
  {  4068,  10,  24,  13,    1,  -17 },   // 0xA7
  {  4098,   8,   3,  13,    2,  -18 },   // 0xA8
  {  4101,  22,  23,  24,    1,  -18 },   // 0xA9
  {  4165,   9,  10,  13,    2,  -17 },   // 0xAA
  {  4177,  12,  12,  15,    1,  -12 },   // 0xAB
  {  4195,  12,   6,  16,    2,   -7 },   // 0xAC
  {  4204,  20,  19,  25,    3,  -18 },   // 0xAD
  {  4252,  22,  23,  24,    1,  -18 },   // 0xAE
  {  4316,   7,   2,  16,    0,  -16 },   // 0xAF
  {  4318,   9,   8,  11,    1,  -17 },   // 0xB0
  {  4327,  12,  13,  16,    2,  -12 },   // 0xB1
  {  4347,   9,  12,  13,    2,  -20 },   // 0xB2
  {  4361,   9,  12,  13,    2,  -20 },   // 0xB3
  {  4375,   6,   6,  13,    3,  -19 },   // 0xB4
  {  4380,  12,  18,  15,    2,  -11 },   // 0xB5
  {  4407,  12,  22,  13,    0,  -17 },   // 0xB6
  {  4440,   3,   3,   7,    2,  -10 },   // 0xB7
  {  4442,   6,   6,   6,    0,    1 },   // 0xB8
  {  4447,   9,  12,  13,    2,  -20 },   // 0xB9
  {  4461,   9,  10,  13,    2,  -17 },   // 0xBA
  {  4473,  12,  12,  15,    2,  -12 },   // 0xBB
  {  4491,  24,  18,  27,    1,  -17 },   // 0xBC
  {  4545,  24,  18,  27,    1,  -17 },   // 0xBD
  {  4599,  25,  18,  27,    2,  -17 },   // 0xBE
  {  4656,  10,  19,  12,    1,  -17 },   // 0xBF
  {  4680,  18,  24,  17,    0,  -23 },   // 0xC0
  {  4734,  18,  24,  17,    0,  -23 },   // 0xC1
  {  4788,  18,  24,  17,    0,  -23 },   // 0xC2
  {  4842,  18,  22,  17,    0,  -21 },   // 0xC3
  {  4892,  18,  23,  17,    0,  -22 },   // 0xC4
  {  4944,  18,  24,  17,    0,  -23 },   // 0xC5
  {  4998,  24,  18,  25,   -1,  -17 },   // 0xC6
  {  5052,  14,  24,  16,    1,  -17 },   // 0xC7
  {  5094,  15,  24,  17,    1,  -23 },   // 0xC8
  {  5139,  15,  24,  17,    1,  -23 },   // 0xC9
  {  5184,  15,  24,  17,    1,  -23 },   // 0xCA
  {  5229,  15,  23,  17,    1,  -22 },   // 0xCB
  {  5273,   8,  24,  10,    1,  -23 },   // 0xCC
  {  5297,   8,  24,  10,    1,  -23 },   // 0xCD
  {  5321,   8,  24,  10,    1,  -23 },   // 0xCE
  {  5345,   8,  23,  10,    1,  -22 },   // 0xCF
  {  5368,  17,  18,  19,    1,  -17 },   // 0xD0
  {  5407,  18,  22,  20,    1,  -21 },   // 0xD1
  {  5457,  17,  24,  19,    1,  -23 },   // 0xD2
  {  5508,  17,  24,  19,    1,  -23 },   // 0xD3
  {  5559,  17,  24,  19,    1,  -23 },   // 0xD4
  {  5610,  17,  22,  19,    1,  -21 },   // 0xD5
  {  5657,  17,  23,  19,    1,  -22 },   // 0xD6
  {  5706,  12,  12,  16,    2,  -12 },   // 0xD7
  {  5724,  17,  22,  19,    1,  -19 },   // 0xD8
  {  5771,  18,  24,  19,    1,  -23 },   // 0xD9
  {  5825,  18,  24,  19,    1,  -23 },   // 0xDA
  {  5879,  18,  24,  19,    1,  -23 },   // 0xDB
  {  5933,  18,  23,  19,    1,  -22 },   // 0xDC
  {  5985,  17,  24,  16,   -1,  -23 },   // 0xDD
  {  6036,  14,  18,  16,    1,  -17 },   // 0xDE
  {  6068,  13,  19,  14,    0,  -18 },   // 0xDF
  {  6099,  11,  19,  13,    1,  -18 },   // 0xE0
  {  6126,  11,  20,  13,    1,  -19 },   // 0xE1
  {  6154,  11,  19,  13,    1,  -18 },   // 0xE2
  {  6181,  11,  17,  13,    1,  -16 },   // 0xE3
  {  6205,  11,  18,  13,    1,  -17 },   // 0xE4
  {  6230,  11,  20,  13,    1,  -19 },   // 0xE5
  {  6258,  17,  13,  19,    1,  -12 },   // 0xE6
  {  6286,  10,  19,  12,    1,  -12 },   // 0xE7
  {  6310,  10,  19,  12,    1,  -18 },   // 0xE8
  {  6334,  10,  20,  12,    1,  -19 },   // 0xE9
  {  6359,  10,  19,  12,    1,  -18 },   // 0xEA
  {  6383,  10,  18,  12,    1,  -17 },   // 0xEB
  {  6406,   7,  19,   7,    0,  -18 },   // 0xEC
  {  6423,   7,  20,   7,    1,  -19 },   // 0xED
  {  6441,   9,  19,   7,   -1,  -18 },   // 0xEE
  {  6463,   8,  18,   7,    0,  -17 },   // 0xEF
  {  6481,  11,  20,  14,    1,  -19 },   // 0xF0
  {  6509,  14,  17,  15,    1,  -16 },   // 0xF1
  {  6539,  12,  19,  14,    1,  -18 },   // 0xF2
  {  6568,  12,  20,  14,    1,  -19 },   // 0xF3
  {  6598,  12,  19,  14,    1,  -18 },   // 0xF4
  {  6627,  12,  17,  14,    1,  -16 },   // 0xF5
  {  6653,  12,  18,  14,    1,  -17 },   // 0xF6
  {  6680,  12,  14,  16,    3,  -13 },   // 0xF7
  {  6701,  12,  16,  14,    1,  -13 },   // 0xF8
  {  6725,  13,  19,  15,    1,  -18 },   // 0xF9
  {  6756,  13,  20,  15,    1,  -19 },   // 0xFA
  {  6789,  13,  19,  15,    1,  -18 },   // 0xFB
  {  6820,  13,  18,  15,    1,  -17 },   // 0xFC
  {  6850,  13,  26,  13,    0,  -19 },   // 0xFD
  {  6893,  13,  25,  14,    0,  -18 },   // 0xFE
  {  6934,  13,  24,  13,    0,  -17 } }; // 0xFF

const GFXfont Gelasio_Regular13pt8b PROGMEM = {
  (uint8_t  *)Gelasio_Regular13pt8bBitmaps,
  (GFXglyph *)Gelasio_Regular13pt8bGlyphs,
  0x20, 0xFF, 32 };

// Approx. 8548 bytes

const uint8_t Gelasio_Regular14pt8bBitmaps[] PROGMEM = {
  0x00, 0xFF, 0xFF, 0xFF, 0x49, 0x24, 0x80, 0x1F, 0xF0, 0x41, 0x71, 0xF8,
  0xFC, 0x7C, 0x36, 0x1B, 0x0D, 0x04, 0x82, 0x41, 0x00, 0x03, 0x1C, 0x0C,
  0x30, 0x18, 0x60, 0x30, 0xC0, 0x61, 0x8F, 0xFF, 0xDF, 0xFF, 0x86, 0x18,
  0x0C, 0x30, 0x18, 0x60, 0x30, 0xC0, 0x43, 0x0F, 0xFF, 0xDF, 0xFF, 0x86,
  0x18, 0x0C, 0x30, 0x18, 0xC0, 0x61, 0x80, 0xC3, 0x00, 0x02, 0x00, 0x10,
  0x00, 0x80, 0x1F, 0x43, 0x87, 0x38, 0x19, 0x80, 0xCE, 0x02, 0x70, 0x03,
  0xC0, 0x0F, 0x80, 0x3F, 0x00, 0xFC, 0x01, 0xFA, 0x03, 0xD8, 0x0F, 0xC0,
  0x3E, 0x01, 0xF8, 0x0D, 0xE0, 0xE9, 0xFE, 0x01, 0x00, 0x08, 0x00, 0x40,
  0x3F, 0x03, 0x06, 0x18, 0x30, 0x61, 0x86, 0x06, 0x18, 0xC0, 0xE1, 0x8C,
  0x0E, 0x19, 0x80, 0x61, 0x98, 0x06, 0x1B, 0x00, 0x3F, 0x30, 0x00, 0x06,
  0x10, 0x00, 0x67, 0xC0, 0x0C, 0xC6, 0x01, 0x98, 0x70, 0x19, 0x83, 0x03,
  0x18, 0x30, 0x31, 0x83, 0x06, 0x18, 0x70, 0x60, 0xC6, 0x0C, 0x07, 0xC0,
  0x0F, 0xC0, 0x06, 0x18, 0x03, 0x86, 0x00, 0xE1, 0x80, 0x38, 0x60, 0x0E,
  0x18, 0x01, 0x8C, 0x00, 0x74, 0x3F, 0x0E, 0x07, 0x07, 0xC1, 0x87, 0x38,
  0x61, 0x87, 0x10, 0xE1, 0xEC, 0x38, 0x3E, 0x0E, 0x07, 0x83, 0x80, 0xE0,
  0x60, 0x3C, 0x1C, 0x1B, 0xC1, 0xFC, 0x78, 0x5F, 0xFD, 0xB4, 0x90, 0x01,
  0x07, 0x0C, 0x18, 0x30, 0x30, 0x70, 0x60, 0x60, 0xE0, 0xE0, 0xE0, 0xE0,
  0xE0, 0xE0, 0xE0, 0xE0, 0x60, 0x60, 0x70, 0x30, 0x30, 0x18, 0x0C, 0x07,
  0x01, 0x80, 0xE0, 0x38, 0x18, 0x0C, 0x0E, 0x06, 0x06, 0x07, 0x07, 0x07,
  0x07, 0x07, 0x07, 0x07, 0x07, 0x07, 0x07, 0x06, 0x06, 0x0E, 0x0C, 0x18,
  0x38, 0xE0, 0x80, 0x04, 0x01, 0xC0, 0x38, 0x02, 0x0E, 0x4F, 0xFF, 0xC1,
  0x00, 0x50, 0x3B, 0x87, 0x70, 0xC6, 0x00, 0x03, 0x00, 0x18, 0x00, 0xC0,
  0x06, 0x00, 0x30, 0x7F, 0xFF, 0xFF, 0xE0, 0x60, 0x03, 0x00, 0x18, 0x00,
  0xC0, 0x06, 0x00, 0x30, 0x00, 0xEE, 0xF6, 0x66, 0xC8, 0xFF, 0xEF, 0xE0,
  0x03, 0x81, 0x80, 0xC0, 0x60, 0x20, 0x30, 0x18, 0x0C, 0x04, 0x06, 0x03,
  0x01, 0x80, 0xC0, 0xC0, 0x60, 0x30, 0x18, 0x08, 0x0C, 0x06, 0x03, 0x01,
  0x01, 0x80, 0xC0, 0x60, 0x20, 0x30, 0x00, 0x0F, 0x81, 0xC7, 0x1C, 0x1C,
  0xC0, 0xEE, 0x03, 0x70, 0x1F, 0x80, 0xFC, 0x07, 0xE0, 0x3F, 0x01, 0xF8,
  0x0F, 0xC0, 0x76, 0x03, 0x38, 0x38, 0xC3, 0x83, 0xF8, 0x0C, 0x3E, 0x3F,
  0x03, 0x81, 0xC0, 0xE0, 0x70, 0x38, 0x1C, 0x0E, 0x07, 0x03, 0x81, 0xC0,
  0xE0, 0x71, 0xFF, 0x3F, 0x06, 0x3C, 0xC0, 0xCC, 0x0E, 0xC0, 0xE8, 0x0E,
  0x00, 0xE0, 0x1C, 0x01, 0x80, 0x30, 0x06, 0x00, 0xC0, 0x18, 0x03, 0x00,
  0xFF, 0xFF, 0xFF, 0x0F, 0xC1, 0xC7, 0x1C, 0x1C, 0xE0, 0xE6, 0x07, 0x10,
  0x38, 0x01, 0xC0, 0x0C, 0x00, 0xC0, 0x3C, 0x01, 0xF0, 0x01, 0xE0, 0x07,
  0x00, 0x1C, 0x00, 0xEC, 0x07, 0xE0, 0x3F, 0x01, 0xD8, 0x1C, 0xE1, 0xC1,
  0xFC, 0x00, 0x01, 0x80, 0x07, 0x00, 0x38, 0x00, 0xC0, 0x07, 0x00, 0x38,
  0x00, 0xE0, 0x07, 0x00, 0x18, 0x00, 0xE1, 0x83, 0x06, 0x1C, 0x18, 0x60,
  0x63, 0x01, 0x8F, 0xFF, 0xFF, 0xFF, 0x00, 0x60, 0x01, 0x80, 0x06, 0x00,
  0x18, 0x7F, 0xF7, 0xFF, 0x60, 0x06, 0x00, 0x60, 0x06, 0x00, 0x60, 0x06,
  0x00, 0x7F, 0xC7, 0x0E, 0x40, 0x70, 0x07, 0x00, 0x70, 0x07, 0x00, 0x76,
  0x07, 0xE0, 0x7E, 0x07, 0xE0, 0xE6, 0x1C, 0x3F, 0x80, 0x00, 0xF0, 0x1C,
  0x01, 0xC0, 0x18, 0x01, 0xC0, 0x1C, 0x00, 0xC0, 0x0E, 0x20, 0x7F, 0xE3,
  0xC3, 0xBC, 0x0F, 0xC0, 0x7E, 0x03, 0xF0, 0x1F, 0x80, 0xEC, 0x07, 0x60,
  0x39, 0x81, 0x8E, 0x1C, 0x1F, 0x80, 0xFF, 0xFF, 0xFF, 0xE0, 0x3C, 0x02,
  0x80, 0x68, 0x06, 0x00, 0xC0, 0x0C, 0x01, 0x80, 0x18, 0x03, 0x80, 0x30,
  0x03, 0x00, 0x70, 0x06, 0x00, 0xE0, 0x0C, 0x01, 0xC0, 0x1C, 0x03, 0x80,
  0x38, 0x00, 0x1F, 0xC1, 0x87, 0x1C, 0x18, 0xC0, 0xE6, 0x07, 0x38, 0x39,
  0xE1, 0x87, 0x98, 0x1F, 0x80, 0xFE, 0x1C, 0xF8, 0xC1, 0xEE, 0x07, 0x60,
  0x1B, 0x00, 0xFC, 0x06, 0xE0, 0x73, 0x83, 0x0F, 0xF0, 0x0F, 0xC1, 0xC7,
  0x1C, 0x0C, 0xE0, 0x66, 0x03, 0xF0, 0x1F, 0x80, 0xFC, 0x07, 0xE0, 0x3B,
  0x81, 0xDC, 0x1E, 0x7F, 0x70, 0xF3, 0x00, 0x38, 0x01, 0x80, 0x1C, 0x01,
  0xC0, 0x1C, 0x01, 0xC0, 0x78, 0x02, 0x00, 0x00, 0xEF, 0xE0, 0x00, 0x00,
  0x00, 0xEF, 0xE0, 0xEF, 0xE0, 0x00, 0x00, 0x00, 0xEE, 0xF6, 0x66, 0xC8,
  0x00, 0x08, 0x01, 0xC0, 0x3C, 0x03, 0x80, 0x70, 0x0E, 0x01, 0xC0, 0x18,
  0x00, 0xF0, 0x01, 0xE0, 0x03, 0xC0, 0x07, 0x80, 0x0F, 0x00, 0x1C, 0x00,
  0x20, 0xFF, 0xFF, 0xFF, 0x00, 0x00, 0x00, 0x00, 0x00, 0x00, 0x00, 0x0F,
  0xFF, 0xFF, 0xF0, 0x80, 0x0C, 0x00, 0xF0, 0x03, 0xC0, 0x0F, 0x00, 0x3C,
  0x00, 0xF0, 0x03, 0x00, 0xF0, 0x3C, 0x0F, 0x03, 0xC0, 0xF0, 0x0C, 0x00,
  0x80, 0x00, 0x3F, 0x8C, 0x3B, 0x83, 0xF0, 0x7C, 0x06, 0x81, 0xC0, 0x38,
  0x06, 0x01, 0x80, 0x60, 0x18, 0x03, 0x00, 0xC0, 0x18, 0x03, 0x00, 0x00,
  0x00, 0x03, 0xC0, 0x78, 0x07, 0x00, 0x00, 0x3C, 0x00, 0x07, 0xFF, 0x00,
  0x70, 0x0E, 0x03, 0x80, 0x0C, 0x18, 0x00, 0x18, 0xC0, 0x00, 0x62, 0x0F,
  0xB8, 0x98, 0x7B, 0xC3, 0x41, 0x87, 0x0F, 0x0E, 0x1C, 0x3C, 0x30, 0x60,
  0xB1, 0xC3, 0x82, 0x87, 0x0C, 0x1A, 0x1C, 0x30, 0xC8, 0x71, 0xC3, 0x30,
  0xCF, 0x38, 0xC3, 0xEF, 0xC3, 0x02, 0x1C, 0x06, 0x00, 0x00, 0x0C, 0x00,
  0x10, 0x38, 0x00, 0xC0, 0x38, 0x0E, 0x00, 0x7F, 0xE0, 0x00, 0x0C, 0x00,
  0x00, 0xE0, 0x00, 0x1C, 0x00, 0x07, 0x80, 0x00, 0xF8, 0x00, 0x17, 0x00,
  0x06, 0x60, 0x00, 0xCE, 0x00, 0x31, 0xC0, 0x06, 0x1C, 0x00, 0xC3, 0x80,
  0x30, 0x70, 0x07, 0xFF, 0x00, 0x80, 0xE0, 0x30, 0x1C, 0x06, 0x01, 0xC0,
  0x80, 0x38, 0x30, 0x07, 0x06, 0x00, 0xF3, 0xF0, 0x7F, 0x80, 0xFF, 0xF0,
  0x38, 0x3C, 0x18, 0x1C, 0x18, 0x0E, 0x18, 0x0E, 0x18, 0x0E, 0x18, 0x1C,
  0x18, 0x38, 0x1F, 0xE0, 0x18, 0x7C, 0x18, 0x0E, 0x18, 0x06, 0x18, 0x07,
  0x18, 0x07, 0x18, 0x07, 0x18, 0x0E, 0x18, 0x0E, 0x3C, 0x7C, 0xFF, 0xF0,
  0x07, 0xFC, 0x38, 0x3C, 0xE0, 0x19, 0x80, 0x37, 0x00, 0x3E, 0x00, 0x78,
  0x00, 0x70, 0x00, 0xE0, 0x01, 0xC0, 0x03, 0x80, 0x07, 0x00, 0x0F, 0x00,
  0x1E, 0x00, 0x5C, 0x00, 0xBC, 0x03, 0x38, 0x06, 0x3C, 0x1C, 0x1F, 0xE0,
  0xFF, 0xF8, 0x07, 0x87, 0xC0, 0x70, 0x1C, 0x0E, 0x01, 0xC1, 0xC0, 0x38,
  0x38, 0x03, 0x87, 0x00, 0x70, 0xE0, 0x0E, 0x1C, 0x01, 0xC3, 0x80, 0x3C,
  0x70, 0x07, 0x0E, 0x00, 0xE1, 0xC0, 0x1C, 0x38, 0x03, 0x87, 0x00, 0xE0,
  0xE0, 0x1C, 0x1C, 0x07, 0x07, 0xC7, 0x83, 0xFF, 0xC0, 0x00, 0xFF, 0xFC,
  0x3C, 0x1C, 0x1C, 0x0C, 0x1C, 0x04, 0x1C, 0x04, 0x1C, 0x00, 0x1C, 0x20,
  0x1C, 0x20, 0x1C, 0x60, 0x1F, 0xE0, 0x1C, 0x60, 0x1C, 0x20, 0x1C, 0x20,
  0x1C, 0x00, 0x1C, 0x03, 0x1C, 0x03, 0x1C, 0x06, 0x3C, 0x1E, 0xFF, 0xFE,
  0xFF, 0xFE, 0x78, 0x3C, 0x70, 0x18, 0xE0, 0x31, 0xC0, 0x23, 0x80, 0x07,
  0x04, 0x0E, 0x08, 0x1C, 0x30, 0x3F, 0xE0, 0x70, 0xC0, 0xE1, 0x81, 0xC1,
  0x03, 0x80, 0x07, 0x00, 0x0E, 0x00, 0x1C, 0x00, 0x3C, 0x03, 0xFE, 0x00,
  0x07, 0xFE, 0x03, 0x83, 0xC1, 0xC0, 0x70, 0xE0, 0x0C, 0x70, 0x01, 0x1C,
  0x00, 0x0F, 0x00, 0x03, 0xC0, 0x00, 0xE0, 0x00, 0x38, 0x00, 0x0E, 0x01,
  0xFF, 0xC0, 0xFF, 0xF0, 0x07, 0x1C, 0x01, 0xC7, 0x00, 0x70, 0xE0, 0x1C,
  0x3C, 0x07, 0x03, 0x81, 0xC0, 0x7F, 0xC0, 0xFF, 0x0F, 0xF3, 0xC0, 0x3C,
  0x18, 0x01, 0xC1, 0x80, 0x1C, 0x18, 0x01, 0xC1, 0x80, 0x1C, 0x18, 0x01,
  0xC1, 0x80, 0x1C, 0x1F, 0xFF, 0xC1, 0xFF, 0xFC, 0x18, 0x01, 0xC1, 0x80,
  0x1C, 0x18, 0x01, 0xC1, 0x80, 0x1C, 0x18, 0x01, 0xC1, 0x80, 0x1C, 0x18,
  0x01, 0xC3, 0xC0, 0x3C, 0xFF, 0x07, 0xF0, 0xFF, 0x3C, 0x1C, 0x1C, 0x1C,
  0x1C, 0x1C, 0x1C, 0x1C, 0x1C, 0x1C, 0x1C, 0x1C, 0x1C, 0x1C, 0x1C, 0x1C,
  0x3C, 0x7F, 0x07, 0xF0, 0x1E, 0x01, 0xC0, 0x1C, 0x01, 0xC0, 0x1C, 0x01,
  0xC0, 0x1C, 0x01, 0xC0, 0x1C, 0x01, 0xC0, 0x1C, 0x01, 0xCE, 0x1C, 0xE1,
  0xCC, 0x1C, 0xC1, 0x8C, 0x38, 0x7F, 0x00, 0xFF, 0x3F, 0x8F, 0x03, 0x81,
  0xC0, 0xC0, 0x70, 0x60, 0x1C, 0x30, 0x07, 0x18, 0x01, 0xC6, 0x00, 0x73,
  0x00, 0x1D, 0x80, 0x07, 0xF0, 0x01, 0xCE, 0x00, 0x73, 0xC0, 0x1C, 0x78,
  0x07, 0x0E, 0x01, 0xC3, 0xC0, 0x70, 0x78, 0x1C, 0x0E, 0x0F, 0x03, 0xEF,
  0xF0, 0x7C, 0xFF, 0x00, 0x78, 0x00, 0x60, 0x00, 0xC0, 0x01, 0x80, 0x03,
  0x00, 0x06, 0x00, 0x0C, 0x00, 0x18, 0x00, 0x30, 0x00, 0x60, 0x00, 0xC0,
  0x01, 0x80, 0x03, 0x00, 0x46, 0x01, 0x8C, 0x03, 0x18, 0x0C, 0x78, 0x3B,
  0xFF, 0xF0, 0xFE, 0x00, 0x7E, 0x7E, 0x01, 0xF0, 0x5C, 0x02, 0xE0, 0xB8,
  0x05, 0xC1, 0x38, 0x1B, 0x82, 0x70, 0x27, 0x04, 0x60, 0x4E, 0x08, 0xE1,
  0x9C, 0x11, 0xC2, 0x38, 0x21, 0x84, 0x70, 0x43, 0x98, 0xE0, 0x87, 0x21,
  0xC1, 0x06, 0x43, 0x82, 0x0F, 0x87, 0x04, 0x1E, 0x0E, 0x08, 0x1C, 0x1C,
  0x10, 0x38, 0x38, 0x70, 0x20, 0x7B, 0xF8, 0x43, 0xF8, 0xF8, 0x0F, 0xE7,
  0x80, 0x70, 0xF0, 0x06, 0x1F, 0x00, 0xC3, 0x70, 0x18, 0x6F, 0x03, 0x0C,
  0xE0, 0x61, 0x8E, 0x0C, 0x31, 0xE1, 0x86, 0x1C, 0x30, 0xC1, 0xC6, 0x18,
  0x1C, 0xC3, 0x03, 0x98, 0x60, 0x3B, 0x0C, 0x03, 0xE1, 0x80, 0x3C, 0x30,
  0x07, 0x86, 0x00, 0x73, 0xF0, 0x06, 0x00, 0x07, 0xF8, 0x03, 0x03, 0x81,
  0x80, 0x70, 0xC0, 0x0E, 0x70, 0x03, 0x9C, 0x00, 0xF7, 0x00, 0x1F, 0xC0,
  0x07, 0xF0, 0x01, 0xFC, 0x00, 0x7F, 0x00, 0x1F, 0xC0, 0x07, 0x70, 0x01,
  0xDC, 0x00, 0xE7, 0x00, 0x38, 0xE0, 0x0C, 0x18, 0x07, 0x03, 0x03, 0x80,
  0x7F, 0x80, 0xFF, 0xF0, 0x78, 0x70, 0x70, 0x70, 0xE0, 0xF1, 0xC0, 0xE3,
  0x81, 0xC7, 0x03, 0x8E, 0x0E, 0x1C, 0x1C, 0x38, 0x70, 0x7F, 0xC0, 0xF8,
  0x01, 0xC0, 0x03, 0x80, 0x07, 0x00, 0x0E, 0x00, 0x1C, 0x00, 0x78, 0x03,
  0xFE, 0x00, 0x07, 0xF8, 0x03, 0x03, 0x81, 0x80, 0x70, 0xC0, 0x0E, 0x70,
  0x03, 0x9C, 0x00, 0xF7, 0x00, 0x1F, 0xC0, 0x07, 0xF0, 0x01, 0xFC, 0x00,
  0x7F, 0x00, 0x1F, 0xC0, 0x07, 0x70, 0x01, 0xDC, 0x00, 0xE7, 0x00, 0x38,
  0xE0, 0x0C, 0x18, 0x07, 0x03, 0x03, 0x80, 0x7F, 0x80, 0x03, 0x80, 0x00,
  0xF0, 0x00, 0x1C, 0x00, 0x07, 0x80, 0x00, 0xFE, 0x00, 0x07, 0x00, 0xFF,
  0xF0, 0x0E, 0x1E, 0x01, 0x81, 0xC0, 0x60, 0x38, 0x18, 0x0E, 0x06, 0x03,
  0x81, 0x80, 0xE0, 0x60, 0x70, 0x18, 0x18, 0x07, 0xFC, 0x01, 0xFF, 0x00,
  0x60, 0xE0, 0x18, 0x3C, 0x06, 0x07, 0x01, 0x81, 0xE0, 0x60, 0x38, 0x18,
  0x0F, 0x0F, 0x03, 0xEF, 0xF0, 0x7C, 0x1F, 0xF1, 0x83, 0x9C, 0x0C, 0xE0,
  0x27, 0x01, 0x38, 0x01, 0xE0, 0x07, 0xC0, 0x1F, 0x80, 0x7E, 0x00, 0xFC,
  0x01, 0xEC, 0x07, 0xA0, 0x1D, 0x00, 0xEC, 0x07, 0x70, 0x3B, 0xC1, 0x93,
  0xF8, 0xFF, 0xFF, 0x87, 0x0E, 0x0E, 0x0C, 0x1C, 0x18, 0x38, 0x30, 0x70,
  0x40, 0xE0, 0x01, 0xC0, 0x03, 0x80, 0x07, 0x00, 0x0E, 0x00, 0x1C, 0x00,
  0x38, 0x00, 0x70, 0x00, 0xE0, 0x01, 0xC0, 0x03, 0x80, 0x0F, 0x80, 0x7F,
  0xC0, 0xFF, 0x0F, 0xE7, 0x80, 0x70, 0xE0, 0x04, 0x1C, 0x00, 0x83, 0x80,
  0x10, 0x70, 0x02, 0x0E, 0x00, 0x41, 0xC0, 0x08, 0x38, 0x01, 0x07, 0x00,
  0x20, 0xE0, 0x04, 0x1C, 0x00, 0x83, 0x80, 0x10, 0x70, 0x02, 0x06, 0x00,
  0x40, 0xE0, 0x18, 0x1C, 0x02, 0x01, 0xC1, 0xC0, 0x1F, 0xE0, 0x00, 0xFF,
  0x07, 0xF1, 0xC0, 0x1C, 0x1C, 0x00, 0x80, 0xE0, 0x18, 0x0E, 0x01, 0x80,
  0xE0, 0x10, 0x07, 0x03, 0x00, 0x70, 0x30, 0x03, 0x02, 0x00, 0x38, 0x60,
  0x03, 0x84, 0x00, 0x1C, 0x40, 0x01, 0xCC, 0x00, 0x1C, 0x80, 0x00, 0xF8,
  0x00, 0x0F, 0x80, 0x00, 0x70, 0x00, 0x07, 0x00, 0x00, 0x70, 0x00, 0xFF,
  0x06, 0x0F, 0xE7, 0x00, 0xC0, 0x30, 0x60, 0x1C, 0x06, 0x0E, 0x07, 0x80,
  0x81, 0xC0, 0xF0, 0x30, 0x38, 0x17, 0x06, 0x03, 0x82, 0xE0, 0xC0, 0x70,
  0xDC, 0x10, 0x0E, 0x11, 0x86, 0x00, 0xC2, 0x38, 0xC0, 0x1C, 0xC7, 0x10,
  0x03, 0x90, 0x62, 0x00, 0x72, 0x0E, 0xC0, 0x06, 0xC1, 0xD0, 0x00, 0xF0,
  0x1A, 0x00, 0x1E, 0x03, 0xC0, 0x01, 0xC0, 0x78, 0x00, 0x38, 0x06, 0x00,
  0x06, 0x00, 0xC0, 0x00, 0xFF, 0x1F, 0xCF, 0x01, 0xC1, 0xE0, 0x60, 0x38,
  0x30, 0x07, 0x08, 0x01, 0xC6, 0x00, 0x3B, 0x00, 0x07, 0x80, 0x01, 0xE0,
  0x00, 0x38, 0x00, 0x0E, 0x00, 0x05, 0xC0, 0x03, 0x38, 0x00, 0x8E, 0x00,
  0x61, 0xC0, 0x30, 0x78, 0x08, 0x0E, 0x0E, 0x03, 0xCF, 0xE3, 0xFC, 0xFF,
  0x0F, 0xCF, 0x00, 0xC1, 0xC0, 0x30, 0x38, 0x08, 0x0E, 0x06, 0x01, 0xC3,
  0x00, 0x70, 0xC0, 0x0E, 0x60, 0x03, 0x98, 0x00, 0x7C, 0x00, 0x1E, 0x00,
  0x03, 0x80, 0x00, 0xE0, 0x00, 0x38, 0x00, 0x0E, 0x00, 0x03, 0x80, 0x00,
  0xE0, 0x00, 0x38, 0x00, 0x7F, 0xC0, 0x7F, 0xFE, 0xE0, 0x39, 0x80, 0xF2,
  0x03, 0xC4, 0x07, 0x08, 0x1E, 0x00, 0x38, 0x00, 0xE0, 0x03, 0xC0, 0x07,
  0x00, 0x1C, 0x00, 0x78, 0x00, 0xE0, 0x03, 0x80, 0x4F, 0x01, 0x9C, 0x02,
  0x70, 0x0D, 0xE0, 0x3B, 0xFF, 0xF0, 0xFF, 0xFE, 0x38, 0xE3, 0x8E, 0x38,
  0xE3, 0x8E, 0x38, 0xE3, 0x8E, 0x38, 0xE3, 0x8E, 0x38, 0xE3, 0x8E, 0x38,
  0xFC, 0xC0, 0xC0, 0xC0, 0xC0, 0x60, 0x60, 0x60, 0x60, 0x20, 0x30, 0x30,
  0x30, 0x10, 0x18, 0x18, 0x18, 0x08, 0x0C, 0x0C, 0x0C, 0x0C, 0x06, 0x06,
  0x06, 0x06, 0x02, 0x03, 0xFF, 0xF1, 0xC7, 0x1C, 0x71, 0xC7, 0x1C, 0x71,
  0xC7, 0x1C, 0x71, 0xC7, 0x1C, 0x71, 0xC7, 0x1C, 0x71, 0xC7, 0xFC, 0x03,
  0x00, 0x1C, 0x00, 0x78, 0x03, 0x60, 0x0C, 0xC0, 0x23, 0x01, 0x84, 0x06,
  0x18, 0x30, 0x60, 0xC0, 0xC2, 0x03, 0x18, 0x06, 0x60, 0x1B, 0x00, 0x6C,
  0x00, 0xC0, 0xFF, 0xFF, 0xC0, 0x61, 0xE1, 0xC1, 0xC0, 0xC0, 0xC0, 0x04,
  0x03, 0xFC, 0x70, 0xCE, 0x0E, 0x60, 0xE0, 0x0E, 0x07, 0xE3, 0x8E, 0x70,
  0xEE, 0x0E, 0xE0, 0xEE, 0x0E, 0x73, 0xE3, 0xEF, 0xF8, 0x03, 0xE0, 0x03,
  0x80, 0x0E, 0x00, 0x38, 0x00, 0xE0, 0x03, 0x80, 0x0E, 0x20, 0x37, 0xF0,
  0xE0, 0xE3, 0x81, 0x8E, 0x07, 0x38, 0x1C, 0xE0, 0x73, 0x81, 0xCE, 0x07,
  0x38, 0x1C, 0xE0, 0x73, 0x83, 0x8E, 0x0C, 0x37, 0xE0, 0x02, 0x03, 0xF9,
  0xC3, 0x30, 0x7E, 0x07, 0xC0, 0x38, 0x07, 0x00, 0xE0, 0x1C, 0x03, 0x80,
  0x38, 0x37, 0x8C, 0x3F, 0x00, 0x01, 0xF0, 0x03, 0xC0, 0x03, 0x00, 0x0C,
  0x00, 0x30, 0x00, 0xC0, 0x03, 0x00, 0xCC, 0x1F, 0xF0, 0xC1, 0xC7, 0x03,
  0x18, 0x0C, 0xE0, 0x33, 0x80, 0xCE, 0x03, 0x38, 0x0C, 0xE0, 0x31, 0x80,
  0xC7, 0x03, 0x0E, 0x1E, 0x1F, 0xBC, 0x06, 0x03, 0xF1, 0xC7, 0x30, 0x7E,
  0x0F, 0xC1, 0xFF, 0xFF, 0x00, 0xE0, 0x1C, 0x03, 0x80, 0x38, 0x37, 0x8C,
  0x3F, 0x00, 0x0F, 0x0D, 0xCE, 0x66, 0x03, 0x01, 0x80, 0xC0, 0x60, 0xFE,
  0x18, 0x0C, 0x06, 0x03, 0x01, 0x80, 0xC0, 0x60, 0x30, 0x18, 0x0C, 0x07,
  0x0F, 0xE0, 0x06, 0x11, 0xFF, 0xDC, 0x76, 0xC1, 0x96, 0x0C, 0x30, 0x61,
  0x83, 0x0E, 0x38, 0x3F, 0x83, 0x00, 0x10, 0x00, 0xC0, 0x07, 0xFC, 0x1F,
  0xF3, 0x81, 0xD8, 0x06, 0xC0, 0x37, 0x01, 0x1C, 0x18, 0x7F, 0x00, 0xF8,
  0x00, 0x78, 0x00, 0x38, 0x00, 0x18, 0x00, 0x18, 0x00, 0x18, 0x00, 0x18,
  0x00, 0x18, 0x20, 0x1B, 0xF8, 0x1E, 0x38, 0x18, 0x18, 0x18, 0x18, 0x18,
  0x18, 0x18, 0x18, 0x18, 0x18, 0x18, 0x18, 0x18, 0x18, 0x18, 0x18, 0x18,
  0x18, 0x38, 0x1C, 0x7E, 0x7F, 0x30, 0xF0, 0xC0, 0x00, 0x00, 0x3C, 0x18,
  0x30, 0x60, 0xC1, 0x83, 0x06, 0x0C, 0x18, 0x30, 0x73, 0xF8, 0x0C, 0x3C,
  0x30, 0x00, 0x00, 0x0F, 0x87, 0x0E, 0x1C, 0x38, 0x70, 0xE1, 0xC3, 0x87,
  0x0E, 0x1C, 0x38, 0x70, 0xC1, 0xB3, 0x7E, 0x78, 0xF8, 0x00, 0xF0, 0x00,
  0xE0, 0x01, 0xC0, 0x03, 0x80, 0x07, 0x00, 0x0E, 0x00, 0x1C, 0x00, 0x38,
  0xFC, 0x70, 0x60, 0xE1, 0x81, 0xC6, 0x03, 0x98, 0x07, 0x70, 0x0F, 0xF0,
  0x1E, 0xE0, 0x38, 0xE0, 0x70, 0xE0, 0xE1, 0xC1, 0xC1, 0xCF, 0xE3, 0xE0,
  0xF8, 0xF0, 0xE1, 0xC3, 0x87, 0x0E, 0x1C, 0x38, 0x70, 0xE1, 0xC3, 0x87,
  0x0E, 0x1C, 0x38, 0x70, 0xE1, 0xCF, 0xE0, 0x00, 0x40, 0xC1, 0xE7, 0xE7,
  0xE0, 0xF0, 0xD0, 0xC1, 0xC1, 0xC1, 0xC3, 0x03, 0x83, 0x86, 0x07, 0x07,
  0x0C, 0x0E, 0x0E, 0x18, 0x1C, 0x1C, 0x30, 0x38, 0x38, 0x60, 0x70, 0x70,
  0xC0, 0xE0, 0xE1, 0x81, 0xC1, 0xC3, 0x83, 0x83, 0x9F, 0x9F, 0xDF, 0xC0,
  0x00, 0xC1, 0xE7, 0xE0, 0xF0, 0xE1, 0xC1, 0xC3, 0x03, 0x86, 0x07, 0x0C,
  0x0E, 0x18, 0x1C, 0x30, 0x38, 0x60, 0x70, 0xC0, 0xE1, 0x81, 0xC3, 0x83,
  0x9F, 0x9F, 0xC0, 0x03, 0x00, 0xFE, 0x0C, 0x18, 0xE0, 0xE6, 0x03, 0x70,
  0x1F, 0x80, 0xFC, 0x07, 0xE0, 0x3F, 0x01, 0x98, 0x1C, 0xE0, 0xE3, 0x0E,
  0x0F, 0xE0, 0x00, 0x83, 0xEF, 0xC3, 0xC3, 0x8E, 0x07, 0x38, 0x1C, 0xE0,
  0x73, 0x80, 0xCE, 0x03, 0x38, 0x1C, 0xE0, 0x73, 0x81, 0xCE, 0x06, 0x3C,
  0x38, 0xFF, 0xC3, 0x80, 0x0E, 0x00, 0x38, 0x00, 0xE0, 0x03, 0xC0, 0x3F,
  0xC0, 0x03, 0x00, 0x7F, 0xC3, 0x87, 0x1C, 0x0C, 0x60, 0x33, 0x80, 0xCE,
  0x03, 0x38, 0x0C, 0xE0, 0x33, 0x80, 0xC6, 0x03, 0x1C, 0x0C, 0x38, 0x70,
  0x7E, 0xC0, 0x03, 0x00, 0x0C, 0x00, 0x30, 0x00, 0xC0, 0x07, 0x80, 0x7F,
  0x01, 0x3C, 0xF3, 0x5C, 0xE2, 0x38, 0x0E, 0x03, 0x80, 0xE0, 0x38, 0x0E,
  0x03, 0x80, 0xE0, 0x38, 0x3F, 0x80, 0x08, 0x8F, 0xE6, 0x1B, 0x82, 0xE0,
  0x9E, 0x07, 0xE0, 0xFC, 0x0F, 0xA0, 0xF8, 0x1F, 0x07, 0xC1, 0xBF, 0xC0,
  0x08, 0x0C, 0x06, 0x07, 0x0F, 0xF9, 0xC0, 0xE0, 0x70, 0x38, 0x1C, 0x0E,
  0x07, 0x03, 0x81, 0xC0, 0xE0, 0x71, 0x1F, 0x00, 0xF1, 0xF0, 0xC1, 0xC3,
  0x03, 0x0C, 0x0C, 0x30, 0x30, 0xC0, 0xC3, 0x03, 0x0C, 0x0C, 0x30, 0x30,
  0xC0, 0xC3, 0x07, 0x0F, 0xEC, 0x1F, 0x3C, 0xFC, 0x7D, 0xC0, 0x43, 0x83,
  0x0E, 0x08, 0x1C, 0x20, 0x71, 0x00, 0xC4, 0x03, 0xB0, 0x0E, 0x80, 0x1E,
  0x00, 0x70, 0x00, 0xC0, 0x03, 0x00, 0xFE, 0x10, 0xF9, 0xC1, 0xC1, 0x86,
  0x0E, 0x08, 0x38, 0x70, 0xC1, 0xC5, 0xC4, 0x06, 0x26, 0x20, 0x39, 0x33,
  0x01, 0xD1, 0xD0, 0x06, 0x86, 0x80, 0x3C, 0x3C, 0x00, 0xC1, 0xC0, 0x06,
  0x06, 0x00, 0x30, 0x30, 0x00, 0xFC, 0xF8, 0xE0, 0x81, 0xC4, 0x03, 0x30,
  0x0E, 0x80, 0x1C, 0x00, 0x38, 0x01, 0xE0, 0x0D, 0xC0, 0x23, 0x81, 0x0E,
  0x0C, 0x1C, 0xF8, 0xFC, 0xFC, 0x7C, 0xC0, 0x43, 0x83, 0x0E, 0x08, 0x18,
  0x20, 0x71, 0x80, 0xC4, 0x03, 0x90, 0x0E, 0xC0, 0x1A, 0x00, 0x78, 0x00,
  0xC0, 0x03, 0x00, 0x0C, 0x00, 0x20, 0x01, 0x80, 0x64, 0x01, 0xF0, 0x03,
  0x80, 0x00, 0x7F, 0xEC, 0x1D, 0x07, 0x21, 0xC4, 0x38, 0x0E, 0x03, 0x80,
  0x70, 0x1C, 0x27, 0x04, 0xE0, 0xB8, 0x3F, 0xFE, 0x01, 0xC1, 0xF0, 0xE0,
  0x38, 0x0E, 0x03, 0x80, 0xE0, 0x38, 0x0E, 0x03, 0x80, 0xC0, 0x60, 0xF0,
  0x3C, 0x01, 0xC0, 0x30, 0x0E, 0x03, 0x80, 0xE0, 0x38, 0x0E, 0x03, 0x80,
  0xE0, 0x38, 0x07, 0xC0, 0xFF, 0xFF, 0xFF, 0xFF, 0xFF, 0xFF, 0xF0, 0xC0,
  0x3E, 0x01, 0xC0, 0x70, 0x1C, 0x07, 0x01, 0xC0, 0x70, 0x1C, 0x07, 0x00,
  0xC0, 0x38, 0x03, 0xC0, 0xF0, 0xE0, 0x70, 0x1C, 0x07, 0x01, 0xC0, 0x70,
  0x1C, 0x07, 0x01, 0xC0, 0x60, 0xF8, 0x00, 0x7C, 0x3F, 0xFE, 0x83, 0xC0,
  0x00, 0xFF, 0xFF, 0xFE, 0x00, 0x00, 0x70, 0x00, 0x03, 0x80, 0x00, 0x1C,
  0x00, 0x00, 0xE3, 0x00, 0xC7, 0x1C, 0x0C, 0x38, 0x70, 0xC1, 0xC1, 0xCC,
  0x0E, 0x07, 0xC0, 0x70, 0x1C, 0x03, 0x80, 0xF0, 0x1C, 0x0D, 0xC0, 0xE0,
  0xC7, 0x07, 0x0C, 0x1C, 0x38, 0xC0, 0x71, 0xC2, 0x01, 0x0E, 0x00, 0x00,
  0x70, 0x00, 0x03, 0x80, 0x00, 0x1F, 0xFF, 0xFF, 0x80, 0xFF, 0xFF, 0xFE,
  0x00, 0x00, 0x70, 0x00, 0x03, 0x80, 0x00, 0x1C, 0x00, 0x00, 0xE3, 0x00,
  0xC7, 0x1C, 0x0C, 0x38, 0x70, 0xC1, 0xC1, 0xCC, 0x0E, 0x07, 0xC0, 0x70,
  0x1C, 0x03, 0x80, 0xF0, 0x1C, 0x0D, 0xC0, 0xE0, 0xC7, 0x07, 0x0C, 0x1C,
  0x38, 0xC0, 0x71, 0xC2, 0x01, 0x0E, 0x00, 0x00, 0x70, 0x00, 0x03, 0x80,
  0x00, 0x1F, 0xFF, 0xFF, 0x80, 0xFF, 0xFF, 0xFE, 0x00, 0x00, 0x70, 0x00,
  0x03, 0x80, 0x00, 0x1C, 0x00, 0x00, 0xE3, 0x00, 0xC7, 0x1C, 0x0C, 0x38,
  0x70, 0xC1, 0xC1, 0xCC, 0x0E, 0x07, 0xC0, 0x70, 0x1C, 0x03, 0x80, 0xF0,
  0x1C, 0x0D, 0xC0, 0xE0, 0xC7, 0x07, 0x0C, 0x1C, 0x38, 0xC0, 0x71, 0xC2,
  0x01, 0x0E, 0x00, 0x00, 0x70, 0x00, 0x03, 0x80, 0x00, 0x1F, 0xFF, 0xFF,
  0x80, 0xFF, 0xFF, 0xFE, 0x00, 0x00, 0x70, 0x00, 0x03, 0x80, 0x00, 0x1C,
  0x00, 0x00, 0xE3, 0x00, 0xC7, 0x1C, 0x0C, 0x38, 0x70, 0xC1, 0xC1, 0xCC,
  0x0E, 0x07, 0xC0, 0x70, 0x1C, 0x03, 0x80, 0xF0, 0x1C, 0x0D, 0xC0, 0xE0,
  0xC7, 0x07, 0x0C, 0x1C, 0x38, 0xC0, 0x71, 0xC2, 0x01, 0x0E, 0x00, 0x00,
  0x70, 0x00, 0x03, 0x80, 0x00, 0x1F, 0xFF, 0xFF, 0x80, 0xFF, 0xFF, 0xFE,
  0x00, 0x00, 0x70, 0x00, 0x03, 0x80, 0x00, 0x1C, 0x00, 0x00, 0xE3, 0x00,
  0xC7, 0x1C, 0x0C, 0x38, 0x70, 0xC1, 0xC1, 0xCC, 0x0E, 0x07, 0xC0, 0x70,
  0x1C, 0x03, 0x80, 0xF0, 0x1C, 0x0D, 0xC0, 0xE0, 0xC7, 0x07, 0x0C, 0x1C,
  0x38, 0xC0, 0x71, 0xC2, 0x01, 0x0E, 0x00, 0x00, 0x70, 0x00, 0x03, 0x80,
  0x00, 0x1F, 0xFF, 0xFF, 0x80, 0xFF, 0xFF, 0xFE, 0x00, 0x00, 0x70, 0x00,
  0x03, 0x80, 0x00, 0x1C, 0x00, 0x00, 0xE3, 0x00, 0xC7, 0x1C, 0x0C, 0x38,
  0x70, 0xC1, 0xC1, 0xCC, 0x0E, 0x07, 0xC0, 0x70, 0x1C, 0x03, 0x80, 0xF0,
  0x1C, 0x0D, 0xC0, 0xE0, 0xC7, 0x07, 0x0C, 0x1C, 0x38, 0xC0, 0x71, 0xC2,
  0x01, 0x0E, 0x00, 0x00, 0x70, 0x00, 0x03, 0x80, 0x00, 0x1F, 0xFF, 0xFF,
  0x80, 0xFF, 0xFF, 0xFE, 0x00, 0x00, 0x70, 0x00, 0x03, 0x80, 0x00, 0x1C,
  0x00, 0x00, 0xE3, 0x00, 0xC7, 0x1C, 0x0C, 0x38, 0x70, 0xC1, 0xC1, 0xCC,
  0x0E, 0x07, 0xC0, 0x70, 0x1C, 0x03, 0x80, 0xF0, 0x1C, 0x0D, 0xC0, 0xE0,
  0xC7, 0x07, 0x0C, 0x1C, 0x38, 0xC0, 0x71, 0xC2, 0x01, 0x0E, 0x00, 0x00,
  0x70, 0x00, 0x03, 0x80, 0x00, 0x1F, 0xFF, 0xFF, 0x80, 0xFF, 0xFF, 0xFE,
  0x00, 0x00, 0x70, 0x00, 0x03, 0x80, 0x00, 0x1C, 0x00, 0x00, 0xE3, 0x00,
  0xC7, 0x1C, 0x0C, 0x38, 0x70, 0xC1, 0xC1, 0xCC, 0x0E, 0x07, 0xC0, 0x70,
  0x1C, 0x03, 0x80, 0xF0, 0x1C, 0x0D, 0xC0, 0xE0, 0xC7, 0x07, 0x0C, 0x1C,
  0x38, 0xC0, 0x71, 0xC2, 0x01, 0x0E, 0x00, 0x00, 0x70, 0x00, 0x03, 0x80,
  0x00, 0x1F, 0xFF, 0xFF, 0x80, 0xFF, 0xFF, 0xFE, 0x00, 0x00, 0x70, 0x00,
  0x03, 0x80, 0x00, 0x1C, 0x00, 0x00, 0xE3, 0x00, 0xC7, 0x1C, 0x0C, 0x38,
  0x70, 0xC1, 0xC1, 0xCC, 0x0E, 0x07, 0xC0, 0x70, 0x1C, 0x03, 0x80, 0xF0,
  0x1C, 0x0D, 0xC0, 0xE0, 0xC7, 0x07, 0x0C, 0x1C, 0x38, 0xC0, 0x71, 0xC2,
  0x01, 0x0E, 0x00, 0x00, 0x70, 0x00, 0x03, 0x80, 0x00, 0x1F, 0xFF, 0xFF,
  0x80, 0xFF, 0xFF, 0xFE, 0x00, 0x00, 0x70, 0x00, 0x03, 0x80, 0x00, 0x1C,
  0x00, 0x00, 0xE3, 0x00, 0xC7, 0x1C, 0x0C, 0x38, 0x70, 0xC1, 0xC1, 0xCC,
  0x0E, 0x07, 0xC0, 0x70, 0x1C, 0x03, 0x80, 0xF0, 0x1C, 0x0D, 0xC0, 0xE0,
  0xC7, 0x07, 0x0C, 0x1C, 0x38, 0xC0, 0x71, 0xC2, 0x01, 0x0E, 0x00, 0x00,
  0x70, 0x00, 0x03, 0x80, 0x00, 0x1F, 0xFF, 0xFF, 0x80, 0xFF, 0xFF, 0xFE,
  0x00, 0x00, 0x70, 0x00, 0x03, 0x80, 0x00, 0x1C, 0x00, 0x00, 0xE3, 0x00,
  0xC7, 0x1C, 0x0C, 0x38, 0x70, 0xC1, 0xC1, 0xCC, 0x0E, 0x07, 0xC0, 0x70,
  0x1C, 0x03, 0x80, 0xF0, 0x1C, 0x0D, 0xC0, 0xE0, 0xC7, 0x07, 0x0C, 0x1C,
  0x38, 0xC0, 0x71, 0xC2, 0x01, 0x0E, 0x00, 0x00, 0x70, 0x00, 0x03, 0x80,
  0x00, 0x1F, 0xFF, 0xFF, 0x80, 0xFF, 0xFF, 0xFE, 0x00, 0x00, 0x70, 0x00,
  0x03, 0x80, 0x00, 0x1C, 0x00, 0x00, 0xE3, 0x00, 0xC7, 0x1C, 0x0C, 0x38,
  0x70, 0xC1, 0xC1, 0xCC, 0x0E, 0x07, 0xC0, 0x70, 0x1C, 0x03, 0x80, 0xF0,
  0x1C, 0x0D, 0xC0, 0xE0, 0xC7, 0x07, 0x0C, 0x1C, 0x38, 0xC0, 0x71, 0xC2,
  0x01, 0x0E, 0x00, 0x00, 0x70, 0x00, 0x03, 0x80, 0x00, 0x1F, 0xFF, 0xFF,
  0x80, 0xFF, 0xFF, 0xFE, 0x00, 0x00, 0x70, 0x00, 0x03, 0x80, 0x00, 0x1C,
  0x00, 0x00, 0xE3, 0x00, 0xC7, 0x1C, 0x0C, 0x38, 0x70, 0xC1, 0xC1, 0xCC,
  0x0E, 0x07, 0xC0, 0x70, 0x1C, 0x03, 0x80, 0xF0, 0x1C, 0x0D, 0xC0, 0xE0,
  0xC7, 0x07, 0x0C, 0x1C, 0x38, 0xC0, 0x71, 0xC2, 0x01, 0x0E, 0x00, 0x00,
  0x70, 0x00, 0x03, 0x80, 0x00, 0x1F, 0xFF, 0xFF, 0x80, 0xFF, 0xFF, 0xFE,
  0x00, 0x00, 0x70, 0x00, 0x03, 0x80, 0x00, 0x1C, 0x00, 0x00, 0xE3, 0x00,
  0xC7, 0x1C, 0x0C, 0x38, 0x70, 0xC1, 0xC1, 0xCC, 0x0E, 0x07, 0xC0, 0x70,
  0x1C, 0x03, 0x80, 0xF0, 0x1C, 0x0D, 0xC0, 0xE0, 0xC7, 0x07, 0x0C, 0x1C,
  0x38, 0xC0, 0x71, 0xC2, 0x01, 0x0E, 0x00, 0x00, 0x70, 0x00, 0x03, 0x80,
  0x00, 0x1F, 0xFF, 0xFF, 0x80, 0xFF, 0xFF, 0xFE, 0x00, 0x00, 0x70, 0x00,
  0x03, 0x80, 0x00, 0x1C, 0x00, 0x00, 0xE3, 0x00, 0xC7, 0x1C, 0x0C, 0x38,
  0x70, 0xC1, 0xC1, 0xCC, 0x0E, 0x07, 0xC0, 0x70, 0x1C, 0x03, 0x80, 0xF0,
  0x1C, 0x0D, 0xC0, 0xE0, 0xC7, 0x07, 0x0C, 0x1C, 0x38, 0xC0, 0x71, 0xC2,
  0x01, 0x0E, 0x00, 0x00, 0x70, 0x00, 0x03, 0x80, 0x00, 0x1F, 0xFF, 0xFF,
  0x80, 0xFF, 0xFF, 0xFE, 0x00, 0x00, 0x70, 0x00, 0x03, 0x80, 0x00, 0x1C,
  0x00, 0x00, 0xE3, 0x00, 0xC7, 0x1C, 0x0C, 0x38, 0x70, 0xC1, 0xC1, 0xCC,
  0x0E, 0x07, 0xC0, 0x70, 0x1C, 0x03, 0x80, 0xF0, 0x1C, 0x0D, 0xC0, 0xE0,
  0xC7, 0x07, 0x0C, 0x1C, 0x38, 0xC0, 0x71, 0xC2, 0x01, 0x0E, 0x00, 0x00,
  0x70, 0x00, 0x03, 0x80, 0x00, 0x1F, 0xFF, 0xFF, 0x80, 0xFF, 0xFF, 0xFE,
  0x00, 0x00, 0x70, 0x00, 0x03, 0x80, 0x00, 0x1C, 0x00, 0x00, 0xE3, 0x00,
  0xC7, 0x1C, 0x0C, 0x38, 0x70, 0xC1, 0xC1, 0xCC, 0x0E, 0x07, 0xC0, 0x70,
  0x1C, 0x03, 0x80, 0xF0, 0x1C, 0x0D, 0xC0, 0xE0, 0xC7, 0x07, 0x0C, 0x1C,
  0x38, 0xC0, 0x71, 0xC2, 0x01, 0x0E, 0x00, 0x00, 0x70, 0x00, 0x03, 0x80,
  0x00, 0x1F, 0xFF, 0xFF, 0x80, 0xFF, 0xFF, 0xFE, 0x00, 0x00, 0x70, 0x00,
  0x03, 0x80, 0x00, 0x1C, 0x00, 0x00, 0xE3, 0x00, 0xC7, 0x1C, 0x0C, 0x38,
  0x70, 0xC1, 0xC1, 0xCC, 0x0E, 0x07, 0xC0, 0x70, 0x1C, 0x03, 0x80, 0xF0,
  0x1C, 0x0D, 0xC0, 0xE0, 0xC7, 0x07, 0x0C, 0x1C, 0x38, 0xC0, 0x71, 0xC2,
  0x01, 0x0E, 0x00, 0x00, 0x70, 0x00, 0x03, 0x80, 0x00, 0x1F, 0xFF, 0xFF,
  0x80, 0xFF, 0xFF, 0xFE, 0x00, 0x00, 0x70, 0x00, 0x03, 0x80, 0x00, 0x1C,
  0x00, 0x00, 0xE3, 0x00, 0xC7, 0x1C, 0x0C, 0x38, 0x70, 0xC1, 0xC1, 0xCC,
  0x0E, 0x07, 0xC0, 0x70, 0x1C, 0x03, 0x80, 0xF0, 0x1C, 0x0D, 0xC0, 0xE0,
  0xC7, 0x07, 0x0C, 0x1C, 0x38, 0xC0, 0x71, 0xC2, 0x01, 0x0E, 0x00, 0x00,
  0x70, 0x00, 0x03, 0x80, 0x00, 0x1F, 0xFF, 0xFF, 0x80, 0xFF, 0xFF, 0xFE,
  0x00, 0x00, 0x70, 0x00, 0x03, 0x80, 0x00, 0x1C, 0x00, 0x00, 0xE3, 0x00,
  0xC7, 0x1C, 0x0C, 0x38, 0x70, 0xC1, 0xC1, 0xCC, 0x0E, 0x07, 0xC0, 0x70,
  0x1C, 0x03, 0x80, 0xF0, 0x1C, 0x0D, 0xC0, 0xE0, 0xC7, 0x07, 0x0C, 0x1C,
  0x38, 0xC0, 0x71, 0xC2, 0x01, 0x0E, 0x00, 0x00, 0x70, 0x00, 0x03, 0x80,
  0x00, 0x1F, 0xFF, 0xFF, 0x80, 0xFF, 0xFF, 0xFE, 0x00, 0x00, 0x70, 0x00,
  0x03, 0x80, 0x00, 0x1C, 0x00, 0x00, 0xE3, 0x00, 0xC7, 0x1C, 0x0C, 0x38,
  0x70, 0xC1, 0xC1, 0xCC, 0x0E, 0x07, 0xC0, 0x70, 0x1C, 0x03, 0x80, 0xF0,
  0x1C, 0x0D, 0xC0, 0xE0, 0xC7, 0x07, 0x0C, 0x1C, 0x38, 0xC0, 0x71, 0xC2,
  0x01, 0x0E, 0x00, 0x00, 0x70, 0x00, 0x03, 0x80, 0x00, 0x1F, 0xFF, 0xFF,
  0x80, 0xFF, 0xFF, 0xFE, 0x00, 0x00, 0x70, 0x00, 0x03, 0x80, 0x00, 0x1C,
  0x00, 0x00, 0xE3, 0x00, 0xC7, 0x1C, 0x0C, 0x38, 0x70, 0xC1, 0xC1, 0xCC,
  0x0E, 0x07, 0xC0, 0x70, 0x1C, 0x03, 0x80, 0xF0, 0x1C, 0x0D, 0xC0, 0xE0,
  0xC7, 0x07, 0x0C, 0x1C, 0x38, 0xC0, 0x71, 0xC2, 0x01, 0x0E, 0x00, 0x00,
  0x70, 0x00, 0x03, 0x80, 0x00, 0x1F, 0xFF, 0xFF, 0x80, 0xFF, 0xFF, 0xFE,
  0x00, 0x00, 0x70, 0x00, 0x03, 0x80, 0x00, 0x1C, 0x00, 0x00, 0xE3, 0x00,
  0xC7, 0x1C, 0x0C, 0x38, 0x70, 0xC1, 0xC1, 0xCC, 0x0E, 0x07, 0xC0, 0x70,
  0x1C, 0x03, 0x80, 0xF0, 0x1C, 0x0D, 0xC0, 0xE0, 0xC7, 0x07, 0x0C, 0x1C,
  0x38, 0xC0, 0x71, 0xC2, 0x01, 0x0E, 0x00, 0x00, 0x70, 0x00, 0x03, 0x80,
  0x00, 0x1F, 0xFF, 0xFF, 0x80, 0xFF, 0xFF, 0xFE, 0x00, 0x00, 0x70, 0x00,
  0x03, 0x80, 0x00, 0x1C, 0x00, 0x00, 0xE3, 0x00, 0xC7, 0x1C, 0x0C, 0x38,
  0x70, 0xC1, 0xC1, 0xCC, 0x0E, 0x07, 0xC0, 0x70, 0x1C, 0x03, 0x80, 0xF0,
  0x1C, 0x0D, 0xC0, 0xE0, 0xC7, 0x07, 0x0C, 0x1C, 0x38, 0xC0, 0x71, 0xC2,
  0x01, 0x0E, 0x00, 0x00, 0x70, 0x00, 0x03, 0x80, 0x00, 0x1F, 0xFF, 0xFF,
  0x80, 0xFF, 0xFF, 0xFE, 0x00, 0x00, 0x70, 0x00, 0x03, 0x80, 0x00, 0x1C,
  0x00, 0x00, 0xE3, 0x00, 0xC7, 0x1C, 0x0C, 0x38, 0x70, 0xC1, 0xC1, 0xCC,
  0x0E, 0x07, 0xC0, 0x70, 0x1C, 0x03, 0x80, 0xF0, 0x1C, 0x0D, 0xC0, 0xE0,
  0xC7, 0x07, 0x0C, 0x1C, 0x38, 0xC0, 0x71, 0xC2, 0x01, 0x0E, 0x00, 0x00,
  0x70, 0x00, 0x03, 0x80, 0x00, 0x1F, 0xFF, 0xFF, 0x80, 0xFF, 0xFF, 0xFE,
  0x00, 0x00, 0x70, 0x00, 0x03, 0x80, 0x00, 0x1C, 0x00, 0x00, 0xE3, 0x00,
  0xC7, 0x1C, 0x0C, 0x38, 0x70, 0xC1, 0xC1, 0xCC, 0x0E, 0x07, 0xC0, 0x70,
  0x1C, 0x03, 0x80, 0xF0, 0x1C, 0x0D, 0xC0, 0xE0, 0xC7, 0x07, 0x0C, 0x1C,
  0x38, 0xC0, 0x71, 0xC2, 0x01, 0x0E, 0x00, 0x00, 0x70, 0x00, 0x03, 0x80,
  0x00, 0x1F, 0xFF, 0xFF, 0x80, 0xFF, 0xFF, 0xFE, 0x00, 0x00, 0x70, 0x00,
  0x03, 0x80, 0x00, 0x1C, 0x00, 0x00, 0xE3, 0x00, 0xC7, 0x1C, 0x0C, 0x38,
  0x70, 0xC1, 0xC1, 0xCC, 0x0E, 0x07, 0xC0, 0x70, 0x1C, 0x03, 0x80, 0xF0,
  0x1C, 0x0D, 0xC0, 0xE0, 0xC7, 0x07, 0x0C, 0x1C, 0x38, 0xC0, 0x71, 0xC2,
  0x01, 0x0E, 0x00, 0x00, 0x70, 0x00, 0x03, 0x80, 0x00, 0x1F, 0xFF, 0xFF,
  0x80, 0xFF, 0xFF, 0xFE, 0x00, 0x00, 0x70, 0x00, 0x03, 0x80, 0x00, 0x1C,
  0x00, 0x00, 0xE3, 0x00, 0xC7, 0x1C, 0x0C, 0x38, 0x70, 0xC1, 0xC1, 0xCC,
  0x0E, 0x07, 0xC0, 0x70, 0x1C, 0x03, 0x80, 0xF0, 0x1C, 0x0D, 0xC0, 0xE0,
  0xC7, 0x07, 0x0C, 0x1C, 0x38, 0xC0, 0x71, 0xC2, 0x01, 0x0E, 0x00, 0x00,
  0x70, 0x00, 0x03, 0x80, 0x00, 0x1F, 0xFF, 0xFF, 0x80, 0xFF, 0xFF, 0xFE,
  0x00, 0x00, 0x70, 0x00, 0x03, 0x80, 0x00, 0x1C, 0x00, 0x00, 0xE3, 0x00,
  0xC7, 0x1C, 0x0C, 0x38, 0x70, 0xC1, 0xC1, 0xCC, 0x0E, 0x07, 0xC0, 0x70,
  0x1C, 0x03, 0x80, 0xF0, 0x1C, 0x0D, 0xC0, 0xE0, 0xC7, 0x07, 0x0C, 0x1C,
  0x38, 0xC0, 0x71, 0xC2, 0x01, 0x0E, 0x00, 0x00, 0x70, 0x00, 0x03, 0x80,
  0x00, 0x1F, 0xFF, 0xFF, 0x80, 0xFF, 0xFF, 0xFE, 0x00, 0x00, 0x70, 0x00,
  0x03, 0x80, 0x00, 0x1C, 0x00, 0x00, 0xE3, 0x00, 0xC7, 0x1C, 0x0C, 0x38,
  0x70, 0xC1, 0xC1, 0xCC, 0x0E, 0x07, 0xC0, 0x70, 0x1C, 0x03, 0x80, 0xF0,
  0x1C, 0x0D, 0xC0, 0xE0, 0xC7, 0x07, 0x0C, 0x1C, 0x38, 0xC0, 0x71, 0xC2,
  0x01, 0x0E, 0x00, 0x00, 0x70, 0x00, 0x03, 0x80, 0x00, 0x1F, 0xFF, 0xFF,
  0x80, 0xFF, 0xFF, 0xFE, 0x00, 0x00, 0x70, 0x00, 0x03, 0x80, 0x00, 0x1C,
  0x00, 0x00, 0xE3, 0x00, 0xC7, 0x1C, 0x0C, 0x38, 0x70, 0xC1, 0xC1, 0xCC,
  0x0E, 0x07, 0xC0, 0x70, 0x1C, 0x03, 0x80, 0xF0, 0x1C, 0x0D, 0xC0, 0xE0,
  0xC7, 0x07, 0x0C, 0x1C, 0x38, 0xC0, 0x71, 0xC2, 0x01, 0x0E, 0x00, 0x00,
  0x70, 0x00, 0x03, 0x80, 0x00, 0x1F, 0xFF, 0xFF, 0x80, 0xFF, 0xFF, 0xFE,
  0x00, 0x00, 0x70, 0x00, 0x03, 0x80, 0x00, 0x1C, 0x00, 0x00, 0xE3, 0x00,
  0xC7, 0x1C, 0x0C, 0x38, 0x70, 0xC1, 0xC1, 0xCC, 0x0E, 0x07, 0xC0, 0x70,
  0x1C, 0x03, 0x80, 0xF0, 0x1C, 0x0D, 0xC0, 0xE0, 0xC7, 0x07, 0x0C, 0x1C,
  0x38, 0xC0, 0x71, 0xC2, 0x01, 0x0E, 0x00, 0x00, 0x70, 0x00, 0x03, 0x80,
  0x00, 0x1F, 0xFF, 0xFF, 0x80, 0x00, 0xFF, 0x80, 0x12, 0x4B, 0x6D, 0xFF,
  0xFF, 0xF0, 0x04, 0x00, 0x80, 0x18, 0x0F, 0xE7, 0x0C, 0xC1, 0xF8, 0x1F,
  0x00, 0xE0, 0x1C, 0x03, 0x80, 0x70, 0x0E, 0x00, 0xE0, 0x9E, 0x31, 0xFC,
  0x04, 0x00, 0x80, 0x10, 0x00, 0x03, 0xF8, 0x0C, 0x78, 0x38, 0x70, 0x60,
  0x60, 0xC0, 0x03, 0x80, 0x07, 0x00, 0x0E, 0x00, 0x1C, 0x01, 0xFF, 0x80,
  0x70, 0x00, 0xE0, 0x01, 0xC0, 0x03, 0x81, 0xC6, 0x03, 0x8C, 0x07, 0x78,
  0x0F, 0xDC, 0x3B, 0x0F, 0xE0, 0x60, 0x17, 0x91, 0xDF, 0xFC, 0x7F, 0xC3,
  0x87, 0x18, 0x38, 0xC1, 0xC6, 0x0E, 0x38, 0x61, 0xFF, 0x9F, 0xFF, 0xC0,
  0x72, 0x01, 0x00, 0xFF, 0x0F, 0xC7, 0x00, 0xC1, 0xC0, 0x30, 0x38, 0x18,
  0x07, 0x04, 0x00, 0xC3, 0x00, 0x39, 0x80, 0x07, 0x40, 0x00, 0xF0, 0x07,
  0xFF, 0xC1, 0xFF, 0xF0, 0x03, 0x80, 0x00, 0xE0, 0x00, 0x38, 0x01, 0xFF,
  0xF0, 0x03, 0x80, 0x00, 0xE0, 0x00, 0x38, 0x00, 0x3F, 0x80, 0xFF, 0xFF,
  0xFC, 0x00, 0xFF, 0xFF, 0xF0, 0x0F, 0x83, 0x38, 0xC3, 0x18, 0x43, 0x00,
  0x70, 0x07, 0x01, 0xF0, 0x6F, 0x8C, 0xF9, 0x8F, 0x70, 0xF7, 0x0E, 0xF0,
  0xDF, 0x19, 0xF3, 0x0F, 0xC0, 0xF0, 0x0E, 0x00, 0xE0, 0x0C, 0x61, 0x8C,
  0x61, 0xCC, 0x1F, 0x00, 0x63, 0xF1, 0xD8, 0xE0, 0x00, 0xFF, 0x00, 0x03,
  0x01, 0xC0, 0x0C, 0x00, 0x60, 0x18, 0x00, 0x18, 0x30, 0x00, 0x08, 0x20,
  0x3C, 0x04, 0x60, 0xF7, 0x06, 0x41, 0xC3, 0x82, 0xC1, 0x81, 0x82, 0x83,
  0x81, 0x83, 0x83, 0x80, 0x01, 0x83, 0x80, 0x01, 0x83, 0x80, 0x01, 0x83,
  0x80, 0x01, 0x81, 0x80, 0x83, 0xC1, 0xC0, 0x82, 0x40, 0xC1, 0x82, 0x60,
  0x7F, 0x04, 0x20, 0x00, 0x0C, 0x10, 0x00, 0x18, 0x08, 0x00, 0x30, 0x06,
  0x00, 0x60, 0x03, 0xC3, 0x80, 0x00, 0x7C, 0x00, 0x7F, 0x38, 0xCC, 0x38,
  0x0E, 0x1F, 0x9C, 0xEE, 0x3B, 0x8E, 0xE3, 0x9F, 0xE3, 0x9C, 0x04, 0x10,
  0xC1, 0x18, 0x33, 0x86, 0x71, 0xCE, 0x3C, 0xC3, 0x8E, 0x3C, 0x71, 0xC3,
  0x0E, 0x18, 0x30, 0xC1, 0x04, 0x10, 0xFF, 0xF0, 0x03, 0x00, 0x30, 0x03,
  0x00, 0x30, 0x03, 0xFF, 0xFF, 0xFE, 0x00, 0x00, 0x70, 0x00, 0x03, 0x80,
  0x00, 0x1C, 0x00, 0x00, 0xE3, 0x00, 0xC7, 0x1C, 0x0C, 0x38, 0x70, 0xC1,
  0xC1, 0xCC, 0x0E, 0x07, 0xC0, 0x70, 0x1C, 0x03, 0x80, 0xF0, 0x1C, 0x0D,
  0xC0, 0xE0, 0xC7, 0x07, 0x0C, 0x1C, 0x38, 0xC0, 0x71, 0xC2, 0x01, 0x0E,
  0x00, 0x00, 0x70, 0x00, 0x03, 0x80, 0x00, 0x1F, 0xFF, 0xFF, 0x80, 0x00,
  0xFF, 0x00, 0x03, 0x01, 0xC0, 0x0C, 0x00, 0x60, 0x18, 0x00, 0x18, 0x30,
  0x00, 0x08, 0x23, 0xF8, 0x04, 0x60, 0xCF, 0x06, 0x40, 0xC3, 0x02, 0xC0,
  0xC1, 0x82, 0x80, 0xC3, 0x83, 0x80, 0xC3, 0x01, 0x80, 0xFC, 0x01, 0x80,
  0xCE, 0x01, 0x80, 0xC7, 0x01, 0x80, 0xC3, 0x03, 0xC0, 0xC3, 0x02, 0x40,
  0xC3, 0x82, 0x61, 0xF1, 0xE4, 0x20, 0x00, 0x0C, 0x10, 0x00, 0x18, 0x08,
  0x00, 0x30, 0x06, 0x00, 0x60, 0x03, 0xC3, 0x80, 0x00, 0x7C, 0x00, 0xFF,
  0xFF, 0x3F, 0x31, 0xF0, 0x78, 0x3C, 0x1E, 0x0D, 0x86, 0x7E, 0x0C, 0x00,
  0x06, 0x00, 0x60, 0x06, 0x00, 0x60, 0x06, 0x00, 0x60, 0xFF, 0xF0, 0x60,
  0x06, 0x00, 0x60, 0x06, 0x00, 0x60, 0xFF, 0xFF, 0xFF, 0x3F, 0x38, 0xEC,
  0x1B, 0x06, 0x01, 0x80, 0xE0, 0x38, 0x1C, 0x06, 0x03, 0x01, 0x01, 0xFF,
  0xFF, 0xC0, 0x3F, 0x18, 0xEC, 0x39, 0x0E, 0x03, 0x81, 0xC1, 0xE0, 0x0E,
  0x01, 0xF0, 0x7C, 0x1F, 0x0E, 0x7F, 0x00, 0x0E, 0x3C, 0x71, 0x86, 0x18,
  0x00, 0xE0, 0xE7, 0x07, 0x38, 0x39, 0xC1, 0xCE, 0x0E, 0x70, 0x73, 0x83,
  0x9C, 0x1C, 0xE0, 0xE7, 0x07, 0x38, 0x79, 0xFF, 0xCD, 0xEF, 0xE0, 0x03,
  0x80, 0x1C, 0x00, 0xE0, 0x07, 0x00, 0x30, 0x00, 0x1F, 0xF7, 0xFC, 0xFC,
  0xCF, 0xCC, 0xFC, 0xCF, 0xCC, 0xFC, 0xCF, 0xCC, 0xFC, 0xC7, 0xCC, 0x3C,
  0xC0, 0xCC, 0x0C, 0xC0, 0xCC, 0x0C, 0xC0, 0xCC, 0x0C, 0xC0, 0xCC, 0x0C,
  0xC0, 0xCC, 0x0C, 0xC1, 0xCE, 0x7C, 0xF0, 0xEF, 0xE0, 0x30, 0xC3, 0xC3,
  0x0F, 0xF2, 0x00, 0x0C, 0x1F, 0x0E, 0xC0, 0x30, 0x0C, 0x03, 0x00, 0xC0,
  0x30, 0x0C, 0x03, 0x00, 0xC0, 0x38, 0xFF, 0xC0, 0x3F, 0x18, 0x6C, 0x1F,
  0x07, 0xC0, 0xF0, 0x3C, 0x0F, 0x07, 0xE1, 0x9C, 0xC1, 0xE0, 0x82, 0x04,
  0x08, 0x38, 0x60, 0xE1, 0x83, 0x8E, 0x1E, 0x38, 0x70, 0xE3, 0x8E, 0x38,
  0xE3, 0x86, 0x38, 0x61, 0x82, 0x08, 0x20, 0x00, 0x0C, 0x00, 0x00, 0x1F,
  0x00, 0x18, 0x0E, 0xC0, 0x0C, 0x00, 0x30, 0x03, 0x00, 0x0C, 0x01, 0x80,
  0x03, 0x00, 0x60, 0x00, 0xC0, 0x30, 0x00, 0x30, 0x0C, 0xE0, 0x0C, 0x06,
  0x38, 0x03, 0x01, 0x9E, 0x00, 0xC0, 0xC7, 0x00, 0x38, 0x33, 0x80, 0xFF,
  0xD8, 0xC6, 0x00, 0x06, 0x71, 0x80, 0x03, 0x18, 0x60, 0x00, 0xCC, 0x18,
  0x00, 0x23, 0xFF, 0xC0, 0x18, 0x01, 0x80, 0x04, 0x00, 0x60, 0x03, 0x00,
  0x18, 0x0C, 0x00, 0x00, 0x1F, 0x00, 0x18, 0x0E, 0xC0, 0x0C, 0x00, 0x30,
  0x03, 0x00, 0x0C, 0x01, 0x80, 0x03, 0x00, 0x60, 0x00, 0xC0, 0x30, 0x00,
  0x30, 0x0C, 0xFC, 0x0C, 0x06, 0xE3, 0x83, 0x01, 0xB0, 0x60, 0xC0, 0xCC,
  0x18, 0x38, 0x30, 0x06, 0xFF, 0xD8, 0x03, 0x80, 0x06, 0x00, 0xE0, 0x03,
  0x00, 0x70, 0x00, 0xC0, 0x18, 0x00, 0x20, 0x0C, 0x00, 0x18, 0x04, 0x00,
  0x04, 0x07, 0xFC, 0x03, 0x03, 0xFF, 0x3F, 0x00, 0x00, 0x18, 0xE0, 0x30,
  0x0C, 0x38, 0x18, 0x01, 0x0E, 0x06, 0x00, 0x03, 0x83, 0x00, 0x01, 0xC0,
  0xC0, 0x01, 0xE0, 0x60, 0x00, 0x0E, 0x18, 0xE0, 0x01, 0xCC, 0x38, 0x30,
  0x73, 0x1E, 0x0C, 0x1D, 0x87, 0x03, 0x0E, 0x63, 0x80, 0x7F, 0x30, 0xC6,
  0x00, 0x0C, 0x71, 0x80, 0x06, 0x18, 0x60, 0x01, 0x8C, 0x18, 0x00, 0x43,
  0xFF, 0xC0, 0x30, 0x01, 0x80, 0x08, 0x00, 0x60, 0x06, 0x00, 0x18, 0x0F,
  0x01, 0xE0, 0x1C, 0x00, 0x00, 0x00, 0x0C, 0x01, 0x80, 0x30, 0x06, 0x01,
  0x80, 0x60, 0x18, 0x06, 0x01, 0xC0, 0x38, 0x17, 0x03, 0xE0, 0x6C, 0x0D,
  0xC3, 0x1F, 0xC0, 0x03, 0x00, 0x00, 0x70, 0x00, 0x0F, 0x00, 0x00, 0x60,
  0x00, 0x06, 0x00, 0x00, 0x60, 0x00, 0x00, 0x00, 0x00, 0x00, 0x00, 0xE0,
  0x00, 0x1C, 0x00, 0x07, 0x80, 0x00, 0xF8, 0x00, 0x17, 0x00, 0x06, 0x60,
  0x00, 0xCE, 0x00, 0x31, 0xC0, 0x06, 0x1C, 0x00, 0xC3, 0x80, 0x30, 0x70,
  0x07, 0xFF, 0x00, 0x80, 0xE0, 0x30, 0x1C, 0x06, 0x01, 0xC0, 0x80, 0x38,
  0x30, 0x07, 0x06, 0x00, 0xF3, 0xF0, 0x7F, 0x80, 0x00, 0x0C, 0x00, 0x03,
  0x80, 0x00, 0xF0, 0x00, 0x18, 0x00, 0x06, 0x00, 0x01, 0x80, 0x00, 0x00,
  0x00, 0x00, 0x00, 0x00, 0xE0, 0x00, 0x1C, 0x00, 0x07, 0x80, 0x00, 0xF8,
  0x00, 0x17, 0x00, 0x06, 0x60, 0x00, 0xCE, 0x00, 0x31, 0xC0, 0x06, 0x1C,
  0x00, 0xC3, 0x80, 0x30, 0x70, 0x07, 0xFF, 0x00, 0x80, 0xE0, 0x30, 0x1C,
  0x06, 0x01, 0xC0, 0x80, 0x38, 0x30, 0x07, 0x06, 0x00, 0xF3, 0xF0, 0x7F,
  0x80, 0x00, 0x60, 0x00, 0x1E, 0x00, 0x07, 0xE0, 0x00, 0xCC, 0x00, 0x70,
  0x60, 0x00, 0x00, 0x00, 0x00, 0x00, 0x07, 0x00, 0x00, 0xE0, 0x00, 0x3C,
  0x00, 0x07, 0xC0, 0x00, 0xB8, 0x00, 0x33, 0x00, 0x06, 0x70, 0x01, 0x8E,
  0x00, 0x30, 0xE0, 0x06, 0x1C, 0x01, 0x83, 0x80, 0x3F, 0xF8, 0x04, 0x07,
  0x01, 0x80, 0xE0, 0x30, 0x0E, 0x04, 0x01, 0xC1, 0x80, 0x38, 0x30, 0x07,
  0x9F, 0x83, 0xFC, 0x00, 0x80, 0x00, 0x7C, 0x80, 0x09, 0xF0, 0x00, 0x1C,
  0x00, 0x00, 0x00, 0x00, 0x00, 0x00, 0x38, 0x00, 0x07, 0x00, 0x01, 0xE0,
  0x00, 0x3E, 0x00, 0x05, 0xC0, 0x01, 0x98, 0x00, 0x33, 0x80, 0x0C, 0x70,
  0x01, 0x87, 0x00, 0x30, 0xE0, 0x0C, 0x1C, 0x01, 0xFF, 0xC0, 0x20, 0x38,
  0x0C, 0x07, 0x01, 0x80, 0x70, 0x20, 0x0E, 0x0C, 0x01, 0xC1, 0x80, 0x3C,
  0xFC, 0x1F, 0xE0, 0x03, 0x0C, 0x00, 0x73, 0x80, 0x0C, 0x30, 0x00, 0x00,
  0x00, 0x00, 0x00, 0x00, 0x00, 0x00, 0x38, 0x00, 0x07, 0x00, 0x01, 0xE0,
  0x00, 0x3E, 0x00, 0x05, 0xC0, 0x01, 0x98, 0x00, 0x33, 0x80, 0x0C, 0x70,
  0x01, 0x87, 0x00, 0x30, 0xE0, 0x0C, 0x1C, 0x01, 0xFF, 0xC0, 0x20, 0x38,
  0x0C, 0x07, 0x01, 0x80, 0x70, 0x20, 0x0E, 0x0C, 0x01, 0xC1, 0x80, 0x3C,
  0xFC, 0x1F, 0xE0, 0x01, 0xE0, 0x00, 0x66, 0x00, 0x18, 0x60, 0x03, 0x0C,
  0x00, 0x61, 0x80, 0x07, 0xE0, 0x00, 0x30, 0x00, 0x07, 0x00, 0x00, 0xE0,
  0x00, 0x3C, 0x00, 0x07, 0xC0, 0x00, 0xB8, 0x00, 0x33, 0x00, 0x06, 0x70,
  0x01, 0x8E, 0x00, 0x30, 0xE0, 0x06, 0x1C, 0x01, 0x83, 0x80, 0x3F, 0xF8,
  0x04, 0x07, 0x01, 0x80, 0xE0, 0x30, 0x0E, 0x04, 0x01, 0xC1, 0x80, 0x38,
  0x30, 0x07, 0x9F, 0x83, 0xFC, 0x01, 0xFF, 0xFF, 0x00, 0x0D, 0x81, 0xC0,
  0x02, 0x60, 0x30, 0x01, 0x98, 0x06, 0x00, 0x46, 0x01, 0x80, 0x31, 0x80,
  0x00, 0x08, 0x60, 0x80, 0x06, 0x18, 0x30, 0x01, 0x06, 0x0C, 0x00, 0xFF,
  0xFF, 0x00, 0x20, 0x61, 0xC0, 0x18, 0x18, 0x30, 0x04, 0x06, 0x0C, 0x03,
  0x01, 0x80, 0x10, 0x80, 0x60, 0x0C, 0x60, 0x18, 0x03, 0x30, 0x06, 0x01,
  0xCC, 0x03, 0xC0, 0xEF, 0xE3, 0xFF, 0xF8, 0x07, 0xFC, 0x38, 0x3C, 0xE0,
  0x19, 0x80, 0x37, 0x00, 0x3E, 0x00, 0x78, 0x00, 0x70, 0x00, 0xE0, 0x01,
  0xC0, 0x03, 0x80, 0x07, 0x00, 0x0F, 0x00, 0x1E, 0x00, 0x5C, 0x00, 0xBC,
  0x03, 0x38, 0x06, 0x3C, 0x1C, 0x1F, 0xE0, 0x06, 0x00, 0x0C, 0x00, 0x1E,
  0x00, 0x0C, 0x00, 0x18, 0x03, 0xF0, 0x01, 0x00, 0x0C, 0x00, 0x0E, 0x00,
  0x0F, 0x00, 0x03, 0x00, 0x01, 0x80, 0x00, 0xC0, 0x00, 0x00, 0x00, 0x00,
  0xFF, 0xFC, 0x3C, 0x1C, 0x1C, 0x0C, 0x1C, 0x04, 0x1C, 0x04, 0x1C, 0x00,
  0x1C, 0x20, 0x1C, 0x20, 0x1C, 0x60, 0x1F, 0xE0, 0x1C, 0x60, 0x1C, 0x20,
  0x1C, 0x20, 0x1C, 0x00, 0x1C, 0x03, 0x1C, 0x03, 0x1C, 0x06, 0x3C, 0x1E,
  0xFF, 0xFE, 0x00, 0x30, 0x00, 0x70, 0x00, 0xF0, 0x00, 0xC0, 0x01, 0x80,
  0x03, 0x00, 0x00, 0x00, 0x00, 0x00, 0xFF, 0xFC, 0x3C, 0x1C, 0x1C, 0x0C,
  0x1C, 0x04, 0x1C, 0x04, 0x1C, 0x00, 0x1C, 0x20, 0x1C, 0x20, 0x1C, 0x60,
  0x1F, 0xE0, 0x1C, 0x60, 0x1C, 0x20, 0x1C, 0x20, 0x1C, 0x00, 0x1C, 0x03,
  0x1C, 0x03, 0x1C, 0x06, 0x3C, 0x1E, 0xFF, 0xFE, 0x01, 0x80, 0x03, 0xC0,
  0x07, 0xE0, 0x06, 0x60, 0x1C, 0x18, 0x00, 0x00, 0x00, 0x00, 0xFF, 0xFC,
  0x3C, 0x1C, 0x1C, 0x0C, 0x1C, 0x04, 0x1C, 0x04, 0x1C, 0x00, 0x1C, 0x20,
  0x1C, 0x20, 0x1C, 0x60, 0x1F, 0xE0, 0x1C, 0x60, 0x1C, 0x20, 0x1C, 0x20,
  0x1C, 0x00, 0x1C, 0x03, 0x1C, 0x03, 0x1C, 0x06, 0x3C, 0x1E, 0xFF, 0xFE,
  0x0C, 0x30, 0x0E, 0x70, 0x0C, 0x30, 0x00, 0x00, 0x00, 0x00, 0x00, 0x00,
  0xFF, 0xFC, 0x3C, 0x1C, 0x1C, 0x0C, 0x1C, 0x04, 0x1C, 0x04, 0x1C, 0x00,
  0x1C, 0x20, 0x1C, 0x20, 0x1C, 0x60, 0x1F, 0xE0, 0x1C, 0x60, 0x1C, 0x20,
  0x1C, 0x20, 0x1C, 0x00, 0x1C, 0x03, 0x1C, 0x03, 0x1C, 0x06, 0x3C, 0x1E,
  0xFF, 0xFE, 0x60, 0x70, 0x78, 0x18, 0x0C, 0x06, 0x00, 0x00, 0xFF, 0x3C,
  0x1C, 0x1C, 0x1C, 0x1C, 0x1C, 0x1C, 0x1C, 0x1C, 0x1C, 0x1C, 0x1C, 0x1C,
  0x1C, 0x1C, 0x1C, 0x3C, 0x7F, 0x03, 0x07, 0x0F, 0x0C, 0x18, 0x30, 0x00,
  0x00, 0xFF, 0x3C, 0x1C, 0x1C, 0x1C, 0x1C, 0x1C, 0x1C, 0x1C, 0x1C, 0x1C,
  0x1C, 0x1C, 0x1C, 0x1C, 0x1C, 0x1C, 0x3C, 0x7F, 0x0C, 0x07, 0x83, 0xF0,
  0xCC, 0xE0, 0xC0, 0x00, 0x01, 0xFE, 0x1E, 0x03, 0x80, 0xE0, 0x38, 0x0E,
  0x03, 0x80, 0xE0, 0x38, 0x0E, 0x03, 0x80, 0xE0, 0x38, 0x0E, 0x03, 0x80,
  0xE0, 0x38, 0x1E, 0x0F, 0xE0, 0xC3, 0xE7, 0xC3, 0x00, 0x00, 0x00, 0xFF,
  0x3C, 0x1C, 0x1C, 0x1C, 0x1C, 0x1C, 0x1C, 0x1C, 0x1C, 0x1C, 0x1C, 0x1C,
  0x1C, 0x1C, 0x1C, 0x1C, 0x3C, 0x7F, 0xFF, 0xF8, 0x0F, 0x0F, 0x81, 0xC0,
  0x70, 0x70, 0x0E, 0x1C, 0x03, 0x87, 0x00, 0x71, 0xC0, 0x1C, 0x70, 0x07,
  0x1C, 0x01, 0xDF, 0xF0, 0x71, 0xC0, 0x1C, 0x70, 0x07, 0x1C, 0x01, 0xC7,
  0x00, 0x71, 0xC0, 0x38, 0x70, 0x0E, 0x1C, 0x07, 0x0F, 0x8F, 0x0F, 0xFF,
  0x00, 0x00, 0x80, 0x00, 0x7C, 0x80, 0x09, 0xF0, 0x00, 0x1C, 0x00, 0x00,
  0x00, 0x00, 0x00, 0x3E, 0x03, 0xF9, 0xE0, 0x1C, 0x3C, 0x01, 0x87, 0xC0,
  0x30, 0xDC, 0x06, 0x1B, 0xC0, 0xC3, 0x38, 0x18, 0x63, 0x83, 0x0C, 0x78,
  0x61, 0x87, 0x0C, 0x30, 0x71, 0x86, 0x07, 0x30, 0xC0, 0xE6, 0x18, 0x0E,
  0xC3, 0x00, 0xF8, 0x60, 0x0F, 0x0C, 0x01, 0xE1, 0x80, 0x1C, 0xFC, 0x01,
  0x80, 0x06, 0x00, 0x01, 0xC0, 0x00, 0x78, 0x00, 0x06, 0x00, 0x00, 0xC0,
  0x00, 0x18, 0x00, 0x00, 0x00, 0x00, 0x00, 0x07, 0xF8, 0x03, 0x03, 0x81,
  0x80, 0x70, 0xC0, 0x0E, 0x70, 0x03, 0x9C, 0x00, 0xF7, 0x00, 0x1F, 0xC0,
  0x07, 0xF0, 0x01, 0xFC, 0x00, 0x7F, 0x00, 0x1F, 0xC0, 0x07, 0x70, 0x01,
  0xDC, 0x00, 0xE7, 0x00, 0x38, 0xE0, 0x0C, 0x18, 0x07, 0x03, 0x03, 0x80,
  0x7F, 0x80, 0x00, 0x18, 0x00, 0x0E, 0x00, 0x07, 0x80, 0x01, 0x80, 0x00,
  0xC0, 0x00, 0x60, 0x00, 0x00, 0x00, 0x00, 0x00, 0x07, 0xF8, 0x03, 0x03,
  0x81, 0x80, 0x70, 0xC0, 0x0E, 0x70, 0x03, 0x9C, 0x00, 0xF7, 0x00, 0x1F,
  0xC0, 0x07, 0xF0, 0x01, 0xFC, 0x00, 0x7F, 0x00, 0x1F, 0xC0, 0x07, 0x70,
  0x01, 0xDC, 0x00, 0xE7, 0x00, 0x38, 0xE0, 0x0C, 0x18, 0x07, 0x03, 0x03,
  0x80, 0x7F, 0x80, 0x00, 0xC0, 0x00, 0x78, 0x00, 0x3F, 0x00, 0x0C, 0xC0,
  0x0E, 0x0C, 0x00, 0x00, 0x00, 0x00, 0x00, 0x1F, 0xE0, 0x0C, 0x0E, 0x06,
  0x01, 0xC3, 0x00, 0x39, 0xC0, 0x0E, 0x70, 0x03, 0xDC, 0x00, 0x7F, 0x00,
  0x1F, 0xC0, 0x07, 0xF0, 0x01, 0xFC, 0x00, 0x7F, 0x00, 0x1D, 0xC0, 0x07,
  0x70, 0x03, 0x9C, 0x00, 0xE3, 0x80, 0x30, 0x60, 0x1C, 0x0C, 0x0E, 0x01,
  0xFE, 0x00, 0x01, 0x00, 0x01, 0xF2, 0x00, 0x4F, 0x80, 0x01, 0xC0, 0x00,
  0x00, 0x00, 0x00, 0x00, 0x7F, 0x80, 0x30, 0x38, 0x18, 0x07, 0x0C, 0x00,
  0xE7, 0x00, 0x39, 0xC0, 0x0F, 0x70, 0x01, 0xFC, 0x00, 0x7F, 0x00, 0x1F,
  0xC0, 0x07, 0xF0, 0x01, 0xFC, 0x00, 0x77, 0x00, 0x1D, 0xC0, 0x0E, 0x70,
  0x03, 0x8E, 0x00, 0xC1, 0x80, 0x70, 0x30, 0x38, 0x07, 0xF8, 0x00, 0x06,
  0x18, 0x01, 0xCE, 0x00, 0x61, 0x80, 0x00, 0x00, 0x00, 0x00, 0x00, 0x00,
  0x00, 0x7F, 0x80, 0x30, 0x38, 0x18, 0x07, 0x0C, 0x00, 0xE7, 0x00, 0x39,
  0xC0, 0x0F, 0x70, 0x01, 0xFC, 0x00, 0x7F, 0x00, 0x1F, 0xC0, 0x07, 0xF0,
  0x01, 0xFC, 0x00, 0x77, 0x00, 0x1D, 0xC0, 0x0E, 0x70, 0x03, 0x8E, 0x00,
  0xC1, 0x80, 0x70, 0x30, 0x38, 0x07, 0xF8, 0x00, 0x80, 0x2C, 0x07, 0x60,
  0xE3, 0x1C, 0x1B, 0x80, 0xF0, 0x0E, 0x01, 0xF0, 0x39, 0x87, 0x0C, 0xE0,
  0x6C, 0x03, 0x80, 0x20, 0x00, 0x03, 0x00, 0x00, 0x80, 0x7F, 0xE0, 0x30,
  0x38, 0x18, 0x0F, 0x0C, 0x02, 0xE7, 0x01, 0xB9, 0xC0, 0x4F, 0x70, 0x31,
  0xFC, 0x08, 0x7F, 0x06, 0x1F, 0xC1, 0x07, 0xF0, 0xC1, 0xFC, 0x20, 0x77,
  0x18, 0x1D, 0xC4, 0x0E, 0x73, 0x03, 0x8E, 0x80, 0xC1, 0xE0, 0x70, 0x30,
  0x38, 0x0F, 0xF8, 0x02, 0x00, 0x01, 0x00, 0x00, 0x03, 0x00, 0x00, 0x70,
  0x00, 0x0F, 0x00, 0x00, 0x60, 0x00, 0x06, 0x00, 0x00, 0x60, 0x00, 0x00,
  0x00, 0x00, 0x00, 0xFF, 0x0F, 0xE7, 0x80, 0x70, 0xE0, 0x04, 0x1C, 0x00,
  0x83, 0x80, 0x10, 0x70, 0x02, 0x0E, 0x00, 0x41, 0xC0, 0x08, 0x38, 0x01,
  0x07, 0x00, 0x20, 0xE0, 0x04, 0x1C, 0x00, 0x83, 0x80, 0x10, 0x70, 0x02,
  0x06, 0x00, 0x40, 0xE0, 0x18, 0x1C, 0x02, 0x01, 0xC1, 0xC0, 0x1F, 0xE0,
  0x00, 0x00, 0x0C, 0x00, 0x03, 0x80, 0x00, 0xF0, 0x00, 0x18, 0x00, 0x06,
  0x00, 0x01, 0x80, 0x00, 0x00, 0x00, 0x00, 0x00, 0xFF, 0x0F, 0xE7, 0x80,
  0x70, 0xE0, 0x04, 0x1C, 0x00, 0x83, 0x80, 0x10, 0x70, 0x02, 0x0E, 0x00,
  0x41, 0xC0, 0x08, 0x38, 0x01, 0x07, 0x00, 0x20, 0xE0, 0x04, 0x1C, 0x00,
  0x83, 0x80, 0x10, 0x70, 0x02, 0x06, 0x00, 0x40, 0xE0, 0x18, 0x1C, 0x02,
  0x01, 0xC1, 0xC0, 0x1F, 0xE0, 0x00, 0x00, 0x60, 0x00, 0x1E, 0x00, 0x07,
  0xE0, 0x00, 0xCC, 0x00, 0x70, 0x60, 0x00, 0x00, 0x00, 0x00, 0x07, 0xF8,
  0x7F, 0x3C, 0x03, 0x87, 0x00, 0x20, 0xE0, 0x04, 0x1C, 0x00, 0x83, 0x80,
  0x10, 0x70, 0x02, 0x0E, 0x00, 0x41, 0xC0, 0x08, 0x38, 0x01, 0x07, 0x00,
  0x20, 0xE0, 0x04, 0x1C, 0x00, 0x83, 0x80, 0x10, 0x30, 0x02, 0x07, 0x00,
  0xC0, 0xE0, 0x10, 0x0E, 0x0E, 0x00, 0xFF, 0x00, 0x03, 0x0C, 0x00, 0x73,
  0x80, 0x0C, 0x30, 0x00, 0x00, 0x00, 0x00, 0x00, 0x00, 0x00, 0x3F, 0xC3,
  0xF9, 0xE0, 0x1C, 0x38, 0x01, 0x07, 0x00, 0x20, 0xE0, 0x04, 0x1C, 0x00,
  0x83, 0x80, 0x10, 0x70, 0x02, 0x0E, 0x00, 0x41, 0xC0, 0x08, 0x38, 0x01,
  0x07, 0x00, 0x20, 0xE0, 0x04, 0x1C, 0x00, 0x81, 0x80, 0x10, 0x38, 0x06,
  0x07, 0x00, 0x80, 0x70, 0x70, 0x07, 0xF8, 0x00, 0x00, 0x0C, 0x00, 0x07,
  0x00, 0x03, 0xC0, 0x00, 0xC0, 0x00, 0x60, 0x00, 0x30, 0x00, 0x00, 0x00,
  0x00, 0x00, 0xFF, 0x0F, 0xCF, 0x00, 0xC1, 0xC0, 0x30, 0x38, 0x08, 0x0E,
  0x06, 0x01, 0xC3, 0x00, 0x70, 0xC0, 0x0E, 0x60, 0x03, 0x98, 0x00, 0x7C,
  0x00, 0x1E, 0x00, 0x03, 0x80, 0x00, 0xE0, 0x00, 0x38, 0x00, 0x0E, 0x00,
  0x03, 0x80, 0x00, 0xE0, 0x00, 0x38, 0x00, 0x7F, 0xC0, 0xFF, 0x00, 0x78,
  0x00, 0x70, 0x00, 0xE0, 0x01, 0xFF, 0x83, 0x83, 0x87, 0x07, 0x8E, 0x07,
  0x1C, 0x0E, 0x38, 0x1C, 0x70, 0x38, 0xE0, 0xE1, 0xC1, 0xC3, 0x8F, 0x07,
  0xF8, 0x0E, 0x00, 0x1C, 0x00, 0x7C, 0x03, 0xFE, 0x00, 0x03, 0xC0, 0x31,
  0xC1, 0x83, 0x06, 0x0E, 0x38, 0x30, 0xC1, 0xC3, 0x06, 0x0C, 0x30, 0x31,
  0x80, 0xC7, 0x03, 0x1E, 0x0C, 0x3C, 0x30, 0x78, 0xC0, 0xE3, 0x01, 0xCC,
  0x07, 0x30, 0x1C, 0xC4, 0x73, 0x31, 0xCC, 0xC6, 0xF1, 0xF0, 0x60, 0x07,
  0x00, 0x38, 0x01, 0xC0, 0x0C, 0x00, 0x20, 0x00, 0x00, 0x40, 0x3F, 0xC7,
  0x0C, 0xE0, 0xE6, 0x0E, 0x00, 0xE0, 0x7E, 0x38, 0xE7, 0x0E, 0xE0, 0xEE,
  0x0E, 0xE0, 0xE7, 0x3E, 0x3E, 0xF0, 0x01, 0xC0, 0x3C, 0x03, 0x80, 0x60,
  0x0C, 0x01, 0x80, 0x00, 0x00, 0x40, 0x3F, 0xC7, 0x0C, 0xE0, 0xE6, 0x0E,
  0x00, 0xE0, 0x7E, 0x38, 0xE7, 0x0E, 0xE0, 0xEE, 0x0E, 0xE0, 0xE7, 0x3E,
  0x3E, 0xF0, 0x06, 0x00, 0xF0, 0x0F, 0x01, 0x98, 0x10, 0xC3, 0x04, 0x40,
  0x20, 0x40, 0x3F, 0xC7, 0x0C, 0xE0, 0xE6, 0x0E, 0x00, 0xE0, 0x7E, 0x38,
  0xE7, 0x0E, 0xE0, 0xEE, 0x0E, 0xE0, 0xE7, 0x3E, 0x3E, 0xF0, 0x1C, 0x03,
  0xE4, 0x37, 0xC2, 0x38, 0x00, 0x00, 0x40, 0x3F, 0xC7, 0x0C, 0xE0, 0xE6,
  0x0E, 0x00, 0xE0, 0x7E, 0x38, 0xE7, 0x0E, 0xE0, 0xEE, 0x0E, 0xE0, 0xE7,
  0x3E, 0x3E, 0xF0, 0x30, 0xC3, 0x9C, 0x30, 0xC0, 0x00, 0x00, 0x00, 0x40,
  0x3F, 0xC7, 0x0C, 0xE0, 0xE6, 0x0E, 0x00, 0xE0, 0x7E, 0x38, 0xE7, 0x0E,
  0xE0, 0xEE, 0x0E, 0xE0, 0xE7, 0x3E, 0x3E, 0xF0, 0x0F, 0x01, 0xF8, 0x30,
  0xC3, 0x0C, 0x30, 0xC1, 0xD8, 0x0F, 0x00, 0x00, 0x04, 0x03, 0xFC, 0x70,
  0xCE, 0x0E, 0x60, 0xE0, 0x0E, 0x07, 0xE3, 0x8E, 0x70, 0xEE, 0x0E, 0xE0,
  0xEE, 0x0E, 0x73, 0xE3, 0xEF, 0x04, 0x04, 0x0F, 0xEF, 0xE6, 0x1E, 0x1B,
  0x87, 0x07, 0x40, 0xC1, 0xC0, 0x30, 0x70, 0x7F, 0xFC, 0xE3, 0x00, 0x70,
  0xC0, 0x18, 0x30, 0x0E, 0x0C, 0x03, 0x83, 0x83, 0x71, 0x71, 0x8F, 0x8F,
  0xC0, 0x02, 0x03, 0xF9, 0xC3, 0x30, 0x7E, 0x07, 0xC0, 0x38, 0x07, 0x00,
  0xE0, 0x1C, 0x03, 0x80, 0x38, 0x37, 0x8C, 0x3F, 0x03, 0x00, 0x60, 0x0F,
  0x00, 0x60, 0x0C, 0x1F, 0x80, 0x80, 0x30, 0x07, 0x00, 0x70, 0x07, 0x00,
  0x60, 0x02, 0x00, 0x00, 0x30, 0x1F, 0x8E, 0x39, 0x83, 0xF0, 0x7E, 0x0F,
  0xFF, 0xF8, 0x07, 0x00, 0xE0, 0x1C, 0x01, 0xC1, 0xBC, 0x61, 0xF8, 0x01,
  0xC0, 0x78, 0x0E, 0x03, 0x00, 0xC0, 0x30, 0x00, 0x00, 0x30, 0x1F, 0x8E,
  0x39, 0x83, 0xF0, 0x7E, 0x0F, 0xFF, 0xF8, 0x07, 0x00, 0xE0, 0x1C, 0x01,
  0xC1, 0xBC, 0x61, 0xF8, 0x06, 0x01, 0xE0, 0x3C, 0x0C, 0xC1, 0x0C, 0x60,
  0x90, 0x08, 0x30, 0x1F, 0x8E, 0x39, 0x83, 0xF0, 0x7E, 0x0F, 0xFF, 0xF8,
  0x07, 0x00, 0xE0, 0x1C, 0x01, 0xC1, 0xBC, 0x61, 0xF8, 0x30, 0xC7, 0x38,
  0xC3, 0x00, 0x00, 0x00, 0x0C, 0x07, 0xE3, 0x8E, 0x60, 0xFC, 0x1F, 0x83,
  0xFF, 0xFE, 0x01, 0xC0, 0x38, 0x07, 0x00, 0x70, 0x6F, 0x18, 0x7E, 0x00,
  0xC0, 0xE0, 0x70, 0x38, 0x18, 0x04, 0x00, 0x00, 0x78, 0x18, 0x18, 0x18,
  0x18, 0x18, 0x18, 0x18, 0x18, 0x18, 0x18, 0x1C, 0x7F, 0x07, 0x0F, 0x0E,
  0x18, 0x30, 0x60, 0x00, 0x00, 0xF0, 0x30, 0x30, 0x30, 0x30, 0x30, 0x30,
  0x30, 0x30, 0x30, 0x30, 0x38, 0xFE, 0x0C, 0x07, 0x81, 0xE0, 0xCC, 0x21,
  0x98, 0x28, 0x04, 0x00, 0x3C, 0x03, 0x00, 0xC0, 0x30, 0x0C, 0x03, 0x00,
  0xC0, 0x30, 0x0C, 0x03, 0x00, 0xC0, 0x38, 0x3F, 0x80, 0xC3, 0xE7, 0xC3,
  0x00, 0x00, 0x00, 0x78, 0x18, 0x18, 0x18, 0x18, 0x18, 0x18, 0x18, 0x18,
  0x18, 0x18, 0x1C, 0x7F, 0x00, 0x83, 0x9C, 0x1F, 0x00, 0x70, 0x1B, 0x81,
  0x1C, 0x00, 0xC0, 0x0E, 0x00, 0x61, 0xFF, 0x38, 0xF7, 0x07, 0x60, 0x7E,
  0x07, 0xE0, 0x7E, 0x07, 0xE0, 0x7E, 0x07, 0xE0, 0x77, 0x06, 0x38, 0xC1,
  0xF8, 0x0E, 0x00, 0x3E, 0x40, 0x6F, 0x80, 0x8E, 0x00, 0x00, 0x00, 0x18,
  0x3C, 0xFC, 0x1E, 0x1C, 0x38, 0x38, 0x60, 0x70, 0xC0, 0xE1, 0x81, 0xC3,
  0x03, 0x86, 0x07, 0x0C, 0x0E, 0x18, 0x1C, 0x30, 0x38, 0x70, 0x73, 0xF3,
  0xF8, 0x30, 0x01, 0xC0, 0x07, 0x00, 0x1C, 0x00, 0x60, 0x00, 0x80, 0x00,
  0x00, 0x60, 0x1F, 0xC1, 0x83, 0x1C, 0x1C, 0xC0, 0x6E, 0x03, 0xF0, 0x1F,
  0x80, 0xFC, 0x07, 0xE0, 0x33, 0x03, 0x9C, 0x1C, 0x61, 0xC1, 0xFC, 0x00,
  0x00, 0xE0, 0x0F, 0x00, 0x70, 0x06, 0x00, 0x60, 0x06, 0x00, 0x00, 0x00,
  0x60, 0x1F, 0xC1, 0x83, 0x1C, 0x1C, 0xC0, 0x6E, 0x03, 0xF0, 0x1F, 0x80,
  0xFC, 0x07, 0xE0, 0x33, 0x03, 0x9C, 0x1C, 0x61, 0xC1, 0xFC, 0x00, 0x06,
  0x00, 0x78, 0x03, 0xC0, 0x33, 0x01, 0x0C, 0x18, 0x21, 0x00, 0x80, 0x60,
  0x1F, 0xC1, 0x83, 0x1C, 0x1C, 0xC0, 0x6E, 0x03, 0xF0, 0x1F, 0x80, 0xFC,
  0x07, 0xE0, 0x33, 0x03, 0x9C, 0x1C, 0x61, 0xC1, 0xFC, 0x00, 0x1C, 0x01,
  0xF2, 0x0D, 0xF0, 0x47, 0x00, 0x00, 0x01, 0x80, 0x7F, 0x06, 0x0C, 0x70,
  0x73, 0x01, 0xB8, 0x0F, 0xC0, 0x7E, 0x03, 0xF0, 0x1F, 0x80, 0xCC, 0x0E,
  0x70, 0x71, 0x87, 0x07, 0xF0, 0x30, 0xC1, 0xCE, 0x0C, 0x30, 0x00, 0x00,
  0x00, 0x01, 0x80, 0x7F, 0x06, 0x0C, 0x70, 0x73, 0x01, 0xB8, 0x0F, 0xC0,
  0x7E, 0x03, 0xF0, 0x1F, 0x80, 0xCC, 0x0E, 0x70, 0x71, 0x87, 0x07, 0xF0,
  0x02, 0x00, 0x38, 0x01, 0xE0, 0x0E, 0x00, 0x00, 0x00, 0x00, 0x00, 0x1F,
  0xFF, 0x00, 0x00, 0x00, 0x00, 0x00, 0x0E, 0x00, 0x78, 0x03, 0x80, 0x08,
  0x00, 0x00, 0x20, 0x1B, 0x07, 0xF0, 0x61, 0xC7, 0x0F, 0x30, 0xDB, 0x8C,
  0xFC, 0x47, 0xE6, 0x3F, 0x21, 0xFB, 0x0C, 0xD0, 0xE7, 0x87, 0x18, 0x70,
  0xFF, 0x04, 0x00, 0x60, 0x00, 0x30, 0x00, 0xE0, 0x01, 0xC0, 0x03, 0x80,
  0x06, 0x00, 0x04, 0x00, 0x00, 0x00, 0x00, 0xF1, 0xF0, 0xC1, 0xC3, 0x03,
  0x0C, 0x0C, 0x30, 0x30, 0xC0, 0xC3, 0x03, 0x0C, 0x0C, 0x30, 0x30, 0xC0,
  0xC3, 0x07, 0x0F, 0xEC, 0x1F, 0x3C, 0x00, 0xE0, 0x07, 0x80, 0x1C, 0x00,
  0xC0, 0x06, 0x00, 0x30, 0x00, 0x00, 0x00, 0x00, 0xF1, 0xF0, 0xC1, 0xC3,
  0x03, 0x0C, 0x0C, 0x30, 0x30, 0xC0, 0xC3, 0x03, 0x0C, 0x0C, 0x30, 0x30,
  0xC0, 0xC3, 0x07, 0x0F, 0xEC, 0x1F, 0x3C, 0x03, 0x00, 0x1E, 0x00, 0x78,
  0x03, 0x30, 0x08, 0x60, 0x60, 0x82, 0x01, 0x00, 0x00, 0xF1, 0xF0, 0xC1,
  0xC3, 0x03, 0x0C, 0x0C, 0x30, 0x30, 0xC0, 0xC3, 0x03, 0x0C, 0x0C, 0x30,
  0x30, 0xC0, 0xC3, 0x07, 0x0F, 0xEC, 0x1F, 0x3C, 0x18, 0x60, 0x73, 0x81,
  0x86, 0x00, 0x00, 0x00, 0x00, 0x00, 0x0F, 0x1F, 0x0C, 0x1C, 0x30, 0x30,
  0xC0, 0xC3, 0x03, 0x0C, 0x0C, 0x30, 0x30, 0xC0, 0xC3, 0x03, 0x0C, 0x0C,
  0x30, 0x70, 0xFE, 0xC1, 0xF3, 0xC0, 0x00, 0xE0, 0x07, 0x80, 0x1C, 0x00,
  0xC0, 0x06, 0x00, 0x30, 0x00, 0x00, 0x00, 0x00, 0xFC, 0x7C, 0xC0, 0x43,
  0x83, 0x0E, 0x08, 0x18, 0x20, 0x71, 0x80, 0xC4, 0x03, 0x90, 0x0E, 0xC0,
  0x1A, 0x00, 0x78, 0x00, 0xC0, 0x03, 0x00, 0x0C, 0x00, 0x20, 0x01, 0x80,
  0x64, 0x01, 0xF0, 0x03, 0x80, 0x00, 0xF8, 0x03, 0xE0, 0x03, 0x80, 0x0E,
  0x00, 0x38, 0x00, 0xE0, 0x03, 0x80, 0x0E, 0x20, 0x37, 0xF0, 0xE0, 0xE3,
  0x81, 0x8E, 0x07, 0x38, 0x1C, 0xE0, 0x73, 0x81, 0xCE, 0x07, 0x38, 0x1C,
  0xE0, 0x73, 0x83, 0x8E, 0x0C, 0x3F, 0xE0, 0xE0, 0x03, 0x80, 0x0E, 0x00,
  0x38, 0x00, 0xE0, 0x0F, 0xE0, 0x00, 0x18, 0x60, 0x73, 0x81, 0x86, 0x00,
  0x00, 0x00, 0x00, 0x00, 0x0F, 0xC7, 0xCC, 0x04, 0x38, 0x30, 0xE0, 0x81,
  0x82, 0x07, 0x18, 0x0C, 0x40, 0x39, 0x00, 0xEC, 0x01, 0xA0, 0x07, 0x80,
  0x0C, 0x00, 0x30, 0x00, 0xC0, 0x02, 0x00, 0x18, 0x06, 0x40, 0x1F, 0x00,
  0x38, 0x00 };

const GFXglyph Gelasio_Regular14pt8bGlyphs[] PROGMEM = {
  {     0,   1,   1,   7,    0,    0 },   // 0x20 ' '
  {     1,   3,  20,   9,    3,  -19 },   // 0x21 '!'
  {     9,   9,  10,  11,    2,  -22 },   // 0x22 '"'
  {    21,  15,  19,  18,    1,  -18 },   // 0x23 '#'
  {    57,  13,  24,  17,    2,  -20 },   // 0x24 '$'
  {    96,  20,  19,  22,    1,  -18 },   // 0x25 '%'
  {   144,  18,  19,  19,    1,  -18 },   // 0x26 '&'
  {   187,   3,  10,   6,    2,  -22 },   // 0x27 '''
  {   191,   8,  26,  10,    1,  -20 },   // 0x28 '('
  {   217,   8,  26,  10,    1,  -20 },   // 0x29 ')'
  {   243,  11,  11,  13,    1,  -20 },   // 0x2A '*'
  {   259,  13,  13,  18,    2,  -13 },   // 0x2B '+'
  {   281,   4,   8,   7,    2,   -2 },   // 0x2C ','
  {   285,   8,   1,  10,    1,   -7 },   // 0x2D '-'
  {   286,   4,   3,   7,    2,   -2 },   // 0x2E '.'
  {   288,   9,  27,  13,    2,  -20 },   // 0x2F '/'
  {   319,  13,  16,  17,    2,  -15 },   // 0x30 '0'
  {   345,   9,  16,  12,    2,  -15 },   // 0x31 '1'
  {   363,  12,  16,  15,    2,  -15 },   // 0x32 '2'
  {   387,  13,  21,  15,    1,  -15 },   // 0x33 '3'
  {   422,  14,  20,  15,    1,  -15 },   // 0x34 '4'
  {   457,  12,  21,  14,    1,  -15 },   // 0x35 '5'
  {   489,  13,  20,  16,    1,  -19 },   // 0x36 '6'
  {   522,  12,  21,  14,    1,  -15 },   // 0x37 '7'
  {   554,  13,  19,  16,    2,  -18 },   // 0x38 '8'
  {   585,  13,  21,  16,    1,  -15 },   // 0x39 '9'
  {   620,   4,  13,   9,    3,  -12 },   // 0x3A ':'
  {   627,   4,  18,   9,    3,  -12 },   // 0x3B ';'
  {   636,  13,  15,  18,    2,  -14 },   // 0x3C '<'
  {   661,  12,   9,  18,    3,  -11 },   // 0x3D '='
  {   675,  12,  15,  18,    3,  -14 },   // 0x3E '>'
  {   698,  11,  20,  13,    1,  -19 },   // 0x3F '?'
  {   726,  22,  24,  25,    2,  -18 },   // 0x40 '@'
  {   792,  19,  19,  18,    0,  -18 },   // 0x41 'A'
  {   838,  16,  19,  18,    1,  -18 },   // 0x42 'B'
  {   876,  15,  19,  18,    1,  -18 },   // 0x43 'C'
  {   912,  19,  19,  21,    1,  -18 },   // 0x44 'D'
  {   958,  16,  19,  18,    1,  -18 },   // 0x45 'E'
  {   996,  15,  19,  16,    1,  -18 },   // 0x46 'F'
  {  1032,  18,  19,  20,    1,  -18 },   // 0x47 'G'
  {  1075,  20,  19,  22,    1,  -18 },   // 0x48 'H'
  {  1123,   8,  19,  11,    1,  -18 },   // 0x49 'I'
  {  1142,  12,  19,  14,    1,  -18 },   // 0x4A 'J'
  {  1171,  18,  19,  19,    1,  -18 },   // 0x4B 'K'
  {  1214,  15,  19,  17,    1,  -18 },   // 0x4C 'L'
  {  1250,  23,  19,  25,    1,  -18 },   // 0x4D 'M'
  {  1305,  19,  19,  21,    1,  -18 },   // 0x4E 'N'
  {  1351,  18,  19,  20,    1,  -18 },   // 0x4F 'O'
  {  1394,  15,  19,  17,    1,  -18 },   // 0x50 'P'
  {  1430,  18,  25,  20,    1,  -18 },   // 0x51 'Q'
  {  1487,  18,  19,  19,    1,  -18 },   // 0x52 'R'
  {  1530,  13,  19,  15,    1,  -18 },   // 0x53 'S'
  {  1561,  15,  19,  17,    1,  -18 },   // 0x54 'T'
  {  1597,  19,  19,  21,    1,  -18 },   // 0x55 'U'
  {  1643,  20,  19,  18,   -1,  -18 },   // 0x56 'V'
  {  1691,  27,  19,  27,    0,  -18 },   // 0x57 'W'
  {  1756,  18,  19,  19,    0,  -18 },   // 0x58 'X'
  {  1799,  18,  19,  17,   -1,  -18 },   // 0x59 'Y'
  {  1842,  15,  19,  17,    1,  -18 },   // 0x5A 'Z'
  {  1878,   6,  25,  10,    2,  -20 },   // 0x5B '['
  {  1897,   8,  27,  13,    1,  -19 },   // 0x5C '\'
  {  1924,   6,  25,  10,    2,  -20 },   // 0x5D ']'
  {  1943,  14,  15,  18,    2,  -18 },   // 0x5E '^'
  {  1970,  18,   1,  18,    0,    4 },   // 0x5F '_'
  {  1973,   7,   6,  14,    4,  -20 },   // 0x60 '`'
  {  1979,  12,  14,  14,    1,  -13 },   // 0x61 'a'
  {  2000,  14,  21,  15,    0,  -20 },   // 0x62 'b'
  {  2037,  11,  14,  12,    1,  -13 },   // 0x63 'c'
  {  2057,  14,  21,  16,    1,  -20 },   // 0x64 'd'
  {  2094,  11,  14,  13,    1,  -13 },   // 0x65 'e'
  {  2114,   9,  21,   9,    1,  -20 },   // 0x66 'f'
  {  2138,  13,  20,  14,    1,  -13 },   // 0x67 'g'
  {  2171,  16,  21,  16,    0,  -20 },   // 0x68 'h'
  {  2213,   7,  19,   8,    1,  -18 },   // 0x69 'i'
  {  2230,   7,  25,   8,   -1,  -18 },   // 0x6A 'j'
  {  2252,  15,  21,  15,    0,  -20 },   // 0x6B 'k'
  {  2292,   7,  21,   8,    0,  -20 },   // 0x6C 'l'
  {  2311,  23,  14,  24,    1,  -13 },   // 0x6D 'm'
  {  2352,  15,  14,  16,    1,  -13 },   // 0x6E 'n'
  {  2379,  13,  14,  15,    1,  -13 },   // 0x6F 'o'
  {  2402,  14,  20,  16,    0,  -13 },   // 0x70 'p'
  {  2437,  14,  20,  15,    1,  -13 },   // 0x71 'q'
  {  2472,  10,  14,  11,    1,  -13 },   // 0x72 'r'
  {  2490,  10,  14,  12,    1,  -13 },   // 0x73 's'
  {  2508,   9,  17,   9,    0,  -16 },   // 0x74 't'
  {  2528,  14,  13,  16,    1,  -12 },   // 0x75 'u'
  {  2551,  14,  13,  14,    0,  -12 },   // 0x76 'v'
  {  2574,  21,  13,  20,   -1,  -12 },   // 0x77 'w'
  {  2609,  14,  13,  14,    0,  -12 },   // 0x78 'x'
  {  2632,  14,  19,  14,    0,  -12 },   // 0x79 'y'
  {  2666,  11,  13,  12,    0,  -12 },   // 0x7A 'z'
  {  2684,  10,  25,  12,    1,  -20 },   // 0x7B '{'
  {  2716,   2,  26,  10,    4,  -20 },   // 0x7C '|'
  {  2723,  10,  25,  12,    1,  -20 },   // 0x7D '}'
  {  2755,  12,   3,  18,    3,   -8 },   // 0x7E '~'
  {  2760,   1,   1,   0,    0,    0 },   // 0x7F
  {  2761,  21,  21,  27,    3,  -20 },   // 0x80
  {  2817,  21,  21,  27,    3,  -20 },   // 0x81
  {  2873,  21,  21,  27,    3,  -20 },   // 0x82
  {  2929,  21,  21,  27,    3,  -20 },   // 0x83
  {  2985,  21,  21,  27,    3,  -20 },   // 0x84
  {  3041,  21,  21,  27,    3,  -20 },   // 0x85
  {  3097,  21,  21,  27,    3,  -20 },   // 0x86
  {  3153,  21,  21,  27,    3,  -20 },   // 0x87
  {  3209,  21,  21,  27,    3,  -20 },   // 0x88
  {  3265,  21,  21,  27,    3,  -20 },   // 0x89
  {  3321,  21,  21,  27,    3,  -20 },   // 0x8A
  {  3377,  21,  21,  27,    3,  -20 },   // 0x8B
  {  3433,  21,  21,  27,    3,  -20 },   // 0x8C
  {  3489,  21,  21,  27,    3,  -20 },   // 0x8D
  {  3545,  21,  21,  27,    3,  -20 },   // 0x8E
  {  3601,  21,  21,  27,    3,  -20 },   // 0x8F
  {  3657,  21,  21,  27,    3,  -20 },   // 0x90
  {  3713,  21,  21,  27,    3,  -20 },   // 0x91
  {  3769,  21,  21,  27,    3,  -20 },   // 0x92
  {  3825,  21,  21,  27,    3,  -20 },   // 0x93
  {  3881,  21,  21,  27,    3,  -20 },   // 0x94
  {  3937,  21,  21,  27,    3,  -20 },   // 0x95
  {  3993,  21,  21,  27,    3,  -20 },   // 0x96
  {  4049,  21,  21,  27,    3,  -20 },   // 0x97
  {  4105,  21,  21,  27,    3,  -20 },   // 0x98
  {  4161,  21,  21,  27,    3,  -20 },   // 0x99
  {  4217,  21,  21,  27,    3,  -20 },   // 0x9A
  {  4273,  21,  21,  27,    3,  -20 },   // 0x9B
  {  4329,  21,  21,  27,    3,  -20 },   // 0x9C
  {  4385,  21,  21,  27,    3,  -20 },   // 0x9D
  {  4441,  21,  21,  27,    3,  -20 },   // 0x9E
  {  4497,  21,  21,  27,    3,  -20 },   // 0x9F
  {  4553,   1,   1,   7,    0,    0 },   // 0xA0
  {  4554,   3,  20,   9,    3,  -18 },   // 0xA1
  {  4562,  11,  19,  15,    2,  -15 },   // 0xA2
  {  4589,  15,  19,  17,    1,  -18 },   // 0xA3
  {  4625,  13,  13,  16,    1,  -13 },   // 0xA4
  {  4647,  18,  19,  17,   -1,  -18 },   // 0xA5
  {  4690,   2,  26,  10,    4,  -20 },   // 0xA6
  {  4697,  11,  25,  14,    1,  -18 },   // 0xA7
  {  4732,   9,   3,  14,    2,  -19 },   // 0xA8
  {  4736,  24,  24,  26,    1,  -19 },   // 0xA9
  {  4808,  10,  11,  14,    2,  -18 },   // 0xAA
  {  4822,  12,  13,  16,    2,  -13 },   // 0xAB
  {  4842,  12,   6,  18,    3,   -7 },   // 0xAC
  {  4851,  21,  21,  27,    3,  -20 },   // 0xAD
  {  4907,  24,  24,  26,    1,  -19 },   // 0xAE
  {  4979,   8,   2,  18,    0,  -18 },   // 0xAF
  {  4981,   9,   9,  12,    1,  -18 },   // 0xB0
  {  4992,  12,  14,  18,    3,  -13 },   // 0xB1
  {  5013,  10,  13,  14,    2,  -22 },   // 0xB2
  {  5030,  10,  13,  14,    2,  -22 },   // 0xB3
  {  5047,   7,   6,  14,    3,  -20 },   // 0xB4
  {  5053,  13,  19,  16,    2,  -12 },   // 0xB5
  {  5084,  12,  23,  14,    1,  -18 },   // 0xB6
  {  5119,   4,   3,   8,    2,  -10 },   // 0xB7
  {  5121,   6,   7,   7,    0,    1 },   // 0xB8
  {  5127,  10,  13,  14,    2,  -22 },   // 0xB9
  {  5144,  10,  11,  14,    2,  -18 },   // 0xBA
  {  5158,  13,  13,  16,    2,  -13 },   // 0xBB
  {  5180,  26,  20,  29,    1,  -19 },   // 0xBC
  {  5245,  26,  20,  29,    1,  -19 },   // 0xBD
  {  5310,  26,  20,  29,    3,  -19 },   // 0xBE
  {  5375,  11,  20,  13,    1,  -18 },   // 0xBF
  {  5403,  19,  27,  18,    0,  -26 },   // 0xC0
  {  5468,  19,  27,  18,    0,  -26 },   // 0xC1
  {  5533,  19,  26,  18,    0,  -25 },   // 0xC2
  {  5595,  19,  25,  18,    0,  -24 },   // 0xC3
  {  5655,  19,  25,  18,    0,  -24 },   // 0xC4
  {  5715,  19,  26,  18,    0,  -25 },   // 0xC5
  {  5777,  26,  19,  27,   -1,  -18 },   // 0xC6
  {  5839,  15,  26,  18,    1,  -18 },   // 0xC7
  {  5888,  16,  27,  18,    1,  -26 },   // 0xC8
  {  5942,  16,  27,  18,    1,  -26 },   // 0xC9
  {  5996,  16,  26,  18,    1,  -25 },   // 0xCA
  {  6048,  16,  25,  18,    1,  -24 },   // 0xCB
  {  6098,   8,  27,  11,    1,  -26 },   // 0xCC
  {  6125,   8,  27,  11,    1,  -26 },   // 0xCD
  {  6152,  10,  26,  11,    0,  -25 },   // 0xCE
  {  6185,   8,  25,  11,    1,  -24 },   // 0xCF
  {  6210,  18,  19,  21,    1,  -18 },   // 0xD0
  {  6253,  19,  25,  21,    1,  -24 },   // 0xD1
  {  6313,  18,  27,  20,    1,  -26 },   // 0xD2
  {  6374,  18,  27,  20,    1,  -26 },   // 0xD3
  {  6435,  18,  26,  20,    1,  -25 },   // 0xD4
  {  6494,  18,  25,  20,    1,  -24 },   // 0xD5
  {  6551,  18,  25,  20,    1,  -24 },   // 0xD6
  {  6608,  12,  13,  18,    3,  -13 },   // 0xD7
  {  6628,  18,  23,  20,    1,  -20 },   // 0xD8
  {  6680,  19,  27,  21,    1,  -26 },   // 0xD9
  {  6745,  19,  27,  21,    1,  -26 },   // 0xDA
  {  6810,  19,  26,  21,    1,  -25 },   // 0xDB
  {  6872,  19,  25,  21,    1,  -24 },   // 0xDC
  {  6932,  18,  27,  17,   -1,  -26 },   // 0xDD
  {  6993,  15,  19,  17,    1,  -18 },   // 0xDE
  {  7029,  14,  21,  15,    0,  -20 },   // 0xDF
  {  7066,  12,  21,  14,    1,  -20 },   // 0xE0
  {  7098,  12,  21,  14,    1,  -20 },   // 0xE1
  {  7130,  12,  21,  14,    1,  -20 },   // 0xE2
  {  7162,  12,  19,  14,    1,  -18 },   // 0xE3
  {  7191,  12,  19,  14,    1,  -18 },   // 0xE4
  {  7220,  12,  22,  14,    1,  -21 },   // 0xE5
  {  7253,  18,  14,  20,    1,  -13 },   // 0xE6
  {  7285,  11,  21,  12,    1,  -13 },   // 0xE7
  {  7314,  11,  21,  13,    1,  -20 },   // 0xE8
  {  7343,  11,  21,  13,    1,  -20 },   // 0xE9
  {  7372,  11,  21,  13,    1,  -20 },   // 0xEA
  {  7401,  11,  19,  13,    1,  -18 },   // 0xEB
  {  7428,   8,  21,   8,    0,  -20 },   // 0xEC
  {  7449,   8,  21,   8,    1,  -20 },   // 0xED
  {  7470,  10,  21,   8,   -1,  -20 },   // 0xEE
  {  7497,   8,  19,   8,    0,  -18 },   // 0xEF
  {  7516,  12,  22,  15,    1,  -21 },   // 0xF0
  {  7549,  15,  19,  16,    1,  -18 },   // 0xF1
  {  7585,  13,  21,  15,    1,  -20 },   // 0xF2
  {  7620,  13,  21,  15,    1,  -20 },   // 0xF3
  {  7655,  13,  21,  15,    1,  -20 },   // 0xF4
  {  7690,  13,  19,  15,    1,  -18 },   // 0xF5
  {  7721,  13,  19,  15,    1,  -18 },   // 0xF6
  {  7752,  13,  15,  18,    3,  -14 },   // 0xF7
  {  7777,  13,  17,  15,    1,  -14 },   // 0xF8
  {  7805,  14,  21,  16,    1,  -20 },   // 0xF9
  {  7842,  14,  21,  16,    1,  -20 },   // 0xFA
  {  7879,  14,  21,  16,    1,  -20 },   // 0xFB
  {  7916,  14,  19,  16,    1,  -18 },   // 0xFC
  {  7950,  14,  27,  14,    0,  -20 },   // 0xFD
  {  7998,  14,  27,  15,    0,  -20 },   // 0xFE
  {  8046,  14,  25,  14,    0,  -18 } }; // 0xFF

const GFXfont Gelasio_Regular14pt8b PROGMEM = {
  (uint8_t  *)Gelasio_Regular14pt8bBitmaps,
  (GFXglyph *)Gelasio_Regular14pt8bGlyphs,
  0x20, 0xFF, 35 };

// Approx. 9665 bytes

const uint8_t Gelasio_Regular16pt8bBitmaps[] PROGMEM = {
  0x00, 0x7F, 0xFF, 0xF7, 0x76, 0x66, 0x66, 0x66, 0x66, 0x00, 0x07, 0xFF,
  0x70, 0x60, 0xDE, 0x3F, 0xC7, 0xF0, 0xEE, 0x1D, 0xC3, 0xB0, 0x66, 0x0C,
  0xC1, 0x90, 0x22, 0x04, 0x00, 0x03, 0x0E, 0x03, 0x86, 0x01, 0xC3, 0x00,
  0xC1, 0x80, 0x60, 0xC0, 0x30, 0xE3, 0xFF, 0xFF, 0xFF, 0xFF, 0x0C, 0x18,
  0x06, 0x0C, 0x03, 0x0E, 0x01, 0x86, 0x01, 0xC3, 0x00, 0xC1, 0x83, 0xFF,
  0xFD, 0xFF, 0xFE, 0x18, 0x70, 0x1C, 0x30, 0x0C, 0x18, 0x06, 0x0C, 0x03,
  0x06, 0x01, 0x87, 0x00, 0x01, 0x80, 0x03, 0x00, 0x06, 0x00, 0x1C, 0x00,
  0xFF, 0x87, 0x03, 0x8C, 0x03, 0x38, 0x06, 0x70, 0x0C, 0xF0, 0x08, 0xF0,
  0x01, 0xF0, 0x01, 0xF8, 0x01, 0xFC, 0x00, 0xFC, 0x00, 0x7C, 0x40, 0x3D,
  0x80, 0x3D, 0x00, 0x7B, 0x00, 0x76, 0x01, 0xCE, 0x03, 0x9F, 0x0E, 0x27,
  0xF8, 0x01, 0x80, 0x03, 0x00, 0x06, 0x00, 0x0C, 0x00, 0x3E, 0x00, 0xC1,
  0x8E, 0x06, 0x0E, 0x18, 0x38, 0x30, 0x70, 0xC0, 0xC1, 0xC7, 0x03, 0x07,
  0x18, 0x0C, 0x1C, 0xC0, 0x30, 0x73, 0x00, 0xE1, 0x98, 0x01, 0x8E, 0xE0,
  0x03, 0xE3, 0x00, 0x00, 0x1C, 0x78, 0x00, 0x67, 0x70, 0x03, 0xB8, 0x60,
  0x0C, 0xC1, 0xC0, 0x63, 0x07, 0x01, 0x8C, 0x1C, 0x0C, 0x30, 0x70, 0x70,
  0xC1, 0xC1, 0x83, 0x86, 0x0E, 0x06, 0x18, 0x30, 0x0F, 0xC0, 0x07, 0xE0,
  0x00, 0x63, 0x80, 0x07, 0x0E, 0x00, 0x30, 0x70, 0x03, 0x83, 0x80, 0x1C,
  0x1C, 0x00, 0x70, 0xC0, 0x03, 0x8E, 0x00, 0x0E, 0xC7, 0xF8, 0x7C, 0x1F,
  0x81, 0xE0, 0x30, 0x37, 0x83, 0x03, 0x1E, 0x18, 0x38, 0x70, 0x83, 0xC1,
  0xCC, 0x1C, 0x0F, 0x40, 0xE0, 0x3E, 0x07, 0x00, 0xF0, 0x3C, 0x03, 0xC0,
  0xE0, 0x3F, 0x03, 0x83, 0x3E, 0x0F, 0xF0, 0xF8, 0x6F, 0xFE, 0xEE, 0xCC,
  0xC8, 0x80, 0x03, 0x83, 0x03, 0x03, 0x83, 0x81, 0xC0, 0xC0, 0xE0, 0x70,
  0x38, 0x1C, 0x0E, 0x0F, 0x07, 0x83, 0xC1, 0xE0, 0x70, 0x38, 0x1C, 0x0E,
  0x07, 0x01, 0x80, 0xE0, 0x30, 0x1C, 0x06, 0x01, 0xC0, 0x30, 0xF0, 0x1C,
  0x07, 0x01, 0xC0, 0x60, 0x38, 0x1C, 0x07, 0x03, 0x81, 0xC0, 0xE0, 0x70,
  0x38, 0x1C, 0x0E, 0x07, 0x03, 0x81, 0xC0, 0xE0, 0x70, 0x30, 0x38, 0x1C,
  0x0C, 0x0E, 0x0E, 0x0E, 0x1C, 0x00, 0x02, 0x00, 0x38, 0x01, 0xC0, 0x0E,
  0x06, 0x63, 0x79, 0x7F, 0xFF, 0xC0, 0xC0, 0x0D, 0x80, 0xEE, 0x0E, 0x78,
  0x71, 0xC3, 0x8C, 0x00, 0x03, 0x00, 0x06, 0x00, 0x0C, 0x00, 0x18, 0x00,
  0x30, 0x00, 0x60, 0x3F, 0xFF, 0xFF, 0xFF, 0x03, 0x00, 0x06, 0x00, 0x0C,
  0x00, 0x18, 0x00, 0x30, 0x00, 0x60, 0x00, 0xC0, 0x00, 0x6F, 0xFF, 0x33,
  0x66, 0xC8, 0xFF, 0xFF, 0x6F, 0xF7, 0x01, 0x81, 0xC0, 0xC0, 0x60, 0x30,
  0x18, 0x18, 0x0C, 0x06, 0x03, 0x03, 0x01, 0x80, 0xC0, 0x60, 0x70, 0x30,
  0x18, 0x0C, 0x0E, 0x06, 0x03, 0x01, 0x80, 0xC0, 0xC0, 0x60, 0x30, 0x18,
  0x1C, 0x0C, 0x06, 0x03, 0x00, 0x0F, 0xE0, 0x38, 0x70, 0xE0, 0x63, 0x80,
  0xE7, 0x01, 0xCE, 0x03, 0xFC, 0x03, 0xF8, 0x07, 0xE0, 0x0F, 0xC0, 0x1F,
  0xC0, 0x3F, 0x80, 0x77, 0x01, 0xEE, 0x03, 0x9C, 0x07, 0x1C, 0x0C, 0x1C,
  0x38, 0x1F, 0xC0, 0x0E, 0x1F, 0x8F, 0xE0, 0x38, 0x0E, 0x03, 0x80, 0xE0,
  0x38, 0x0E, 0x03, 0x80, 0xE0, 0x38, 0x0E, 0x03, 0x80, 0xE0, 0x38, 0x1F,
  0x3F, 0xF0, 0x1F, 0xC1, 0xC3, 0xCE, 0x07, 0x38, 0x1E, 0xE0, 0x3B, 0x00,
  0xE0, 0x07, 0x80, 0x1C, 0x00, 0x70, 0x03, 0x80, 0x1C, 0x00, 0xE0, 0x07,
  0x00, 0x38, 0x01, 0xC0, 0x0F, 0xFF, 0xFF, 0xFF, 0xFF, 0xF0, 0x0F, 0xF0,
  0x30, 0xF0, 0xE0, 0xE3, 0x80, 0xE7, 0x01, 0xCE, 0x03, 0x80, 0x07, 0x00,
  0x1C, 0x00, 0x38, 0x00, 0xE0, 0x1F, 0x00, 0x3F, 0x00, 0x07, 0x80, 0x07,
  0x80, 0x07, 0x80, 0x07, 0x00, 0x0E, 0xE0, 0x1F, 0xC0, 0x3F, 0x00, 0x76,
  0x01, 0xCE, 0x07, 0x0F, 0x7C, 0x07, 0xE0, 0x00, 0xE0, 0x00, 0xE0, 0x01,
  0xE0, 0x01, 0xC0, 0x03, 0x80, 0x03, 0x80, 0x07, 0x00, 0x0F, 0x00, 0x0E,
  0x00, 0x1C, 0x08, 0x1C, 0x30, 0x38, 0x30, 0x30, 0x30, 0x70, 0x30, 0x60,
  0x30, 0xFF, 0xFF, 0xFF, 0xFF, 0xFF, 0xFF, 0x00, 0x30, 0x00, 0x30, 0x00,
  0x30, 0x00, 0x30, 0x00, 0x30, 0x3F, 0xFC, 0xFF, 0xE3, 0x00, 0x0C, 0x00,
  0x30, 0x00, 0xC0, 0x03, 0x00, 0x1C, 0x00, 0x73, 0x01, 0xBF, 0xC7, 0x87,
  0x98, 0x0E, 0x00, 0x3C, 0x00, 0x70, 0x01, 0xC0, 0x07, 0x00, 0x1D, 0x80,
  0x7F, 0x01, 0xFC, 0x0E, 0xE0, 0x39, 0x81, 0xC3, 0xDE, 0x03, 0xE0, 0x00,
  0x38, 0x01, 0xE0, 0x0F, 0x00, 0x38, 0x00, 0xE0, 0x03, 0x80, 0x07, 0x00,
  0x1C, 0x00, 0x38, 0x00, 0xE7, 0xE1, 0xFF, 0xE3, 0xC0, 0xE7, 0x01, 0xEE,
  0x01, 0xFC, 0x03, 0xF8, 0x07, 0x70, 0x0E, 0xE0, 0x1D, 0xC0, 0x39, 0x80,
  0xE3, 0x81, 0xC3, 0x87, 0x03, 0xFC, 0x00, 0xFF, 0xFF, 0xFF, 0xFF, 0x00,
  0xF0, 0x06, 0xC0, 0x1A, 0x00, 0xC8, 0x03, 0x00, 0x1C, 0x00, 0x60, 0x01,
  0x80, 0x0E, 0x00, 0x30, 0x01, 0xC0, 0x06, 0x00, 0x38, 0x00, 0xE0, 0x07,
  0x00, 0x1C, 0x00, 0xF0, 0x03, 0x80, 0x0E, 0x00, 0x70, 0x03, 0xC0, 0x00,
  0x0F, 0xE0, 0x38, 0xE0, 0xE0, 0xE1, 0x80, 0xC7, 0x01, 0xCE, 0x03, 0x9E,
  0x07, 0x1C, 0x0C, 0x3E, 0x38, 0x3F, 0xE0, 0x3F, 0x00, 0xFF, 0x83, 0x1F,
  0x8E, 0x0F, 0xB8, 0x0F, 0x70, 0x0E, 0xE0, 0x1F, 0xC0, 0x19, 0x80, 0x73,
  0x80, 0xE3, 0x83, 0x83, 0xFE, 0x00, 0x0F, 0xE0, 0x38, 0x70, 0xE0, 0x73,
  0x80, 0xE7, 0x00, 0xEE, 0x01, 0xFC, 0x03, 0xF8, 0x07, 0x70, 0x0E, 0xE0,
  0x1D, 0xC0, 0x3B, 0xC1, 0xF3, 0xFE, 0xE1, 0xFB, 0x80, 0x07, 0x00, 0x0C,
  0x00, 0x38, 0x00, 0xE0, 0x01, 0xC0, 0x07, 0x00, 0x38, 0x01, 0xE0, 0x0F,
  0x00, 0x00, 0x6F, 0xF7, 0x00, 0x00, 0x00, 0x06, 0xFF, 0x70, 0x6F, 0xF7,
  0x00, 0x00, 0x00, 0x06, 0xFF, 0xF3, 0x36, 0x6C, 0x80, 0x00, 0x04, 0x00,
  0x70, 0x07, 0xC0, 0x7C, 0x03, 0xC0, 0x3C, 0x03, 0xC0, 0x3C, 0x00, 0xC0,
  0x03, 0xC0, 0x03, 0xC0, 0x03, 0xC0, 0x03, 0xC0, 0x07, 0xC0, 0x07, 0xC0,
  0x07, 0x00, 0x04, 0xFF, 0xFF, 0xFF, 0xFF, 0xFF, 0xC0, 0x00, 0x00, 0x00,
  0x00, 0x00, 0x00, 0x00, 0x00, 0xFF, 0xFF, 0xFF, 0xFF, 0xFF, 0xC0, 0x80,
  0x03, 0x80, 0x0F, 0x00, 0x0F, 0x00, 0x0F, 0x00, 0x0F, 0x00, 0x0F, 0x00,
  0x0F, 0x00, 0x0C, 0x00, 0xF0, 0x0F, 0x00, 0xF0, 0x0F, 0x00, 0xF0, 0x0F,
  0x00, 0x38, 0x00, 0x80, 0x00, 0x1F, 0xC1, 0x87, 0x98, 0x1D, 0xC0, 0x7E,
  0x03, 0xF0, 0x1D, 0x00, 0xE0, 0x07, 0x00, 0x70, 0x07, 0x00, 0x70, 0x03,
  0x00, 0x30, 0x03, 0x00, 0x18, 0x00, 0xC0, 0x06, 0x00, 0x00, 0x00, 0x00,
  0x0C, 0x00, 0xF0, 0x07, 0x80, 0x3C, 0x00, 0x00, 0x3F, 0xE0, 0x00, 0xF8,
  0x7C, 0x00, 0xE0, 0x07, 0x80, 0xC0, 0x00, 0xC0, 0xC0, 0x00, 0x30, 0xC0,
  0x00, 0x18, 0xC0, 0xFB, 0x86, 0x60, 0xFF, 0xC3, 0x60, 0xE1, 0xE1, 0xB0,
  0xF0, 0xE0, 0xD8, 0x70, 0x70, 0x78, 0x38, 0x38, 0x3C, 0x38, 0x38, 0x1E,
  0x1C, 0x1C, 0x1B, 0x0E, 0x0C, 0x0D, 0x87, 0x0E, 0x0C, 0xC1, 0x8F, 0x0C,
  0x60, 0xFD, 0xDC, 0x10, 0x3E, 0xFC, 0x0C, 0x00, 0x10, 0x07, 0x00, 0x00,
  0x01, 0x80, 0x00, 0x40, 0x70, 0x00, 0x60, 0x1C, 0x00, 0x60, 0x07, 0xE7,
  0xE0, 0x00, 0x7F, 0xC0, 0x00, 0x00, 0x70, 0x00, 0x01, 0xC0, 0x00, 0x07,
  0x80, 0x00, 0x3E, 0x00, 0x00, 0xFC, 0x00, 0x06, 0x70, 0x00, 0x19, 0xC0,
  0x00, 0x67, 0x80, 0x03, 0x0E, 0x00, 0x0C, 0x38, 0x00, 0x30, 0xF0, 0x01,
  0x81, 0xC0, 0x06, 0x07, 0x00, 0x1F, 0xFE, 0x00, 0xC0, 0x38, 0x03, 0x00,
  0xE0, 0x0C, 0x03, 0xC0, 0x60, 0x07, 0x01, 0x80, 0x1C, 0x0E, 0x00, 0x78,
  0x78, 0x01, 0xF3, 0xF8, 0x1F, 0xF0, 0xFF, 0xE0, 0x3F, 0xFF, 0x81, 0xC0,
  0xF0, 0x70, 0x1E, 0x1C, 0x03, 0x87, 0x00, 0xE1, 0xC0, 0x78, 0x70, 0x1C,
  0x1C, 0x0F, 0x07, 0x1F, 0x01, 0xFF, 0xC0, 0x70, 0x3C, 0x1C, 0x03, 0x87,
  0x00, 0xF1, 0xC0, 0x1C, 0x70, 0x07, 0x1C, 0x01, 0xC7, 0x00, 0x71, 0xC0,
  0x3C, 0x70, 0x1E, 0x3F, 0xFF, 0x3F, 0xFE, 0x00, 0x01, 0xFE, 0x01, 0xE3,
  0xE1, 0xC0, 0x38, 0xF0, 0x06, 0x38, 0x01, 0x9E, 0x00, 0x37, 0x00, 0x0B,
  0xC0, 0x00, 0xF0, 0x00, 0x3C, 0x00, 0x0F, 0x00, 0x03, 0xC0, 0x00, 0xF0,
  0x00, 0x3C, 0x00, 0x0F, 0x00, 0x01, 0xC0, 0x00, 0x78, 0x00, 0xDE, 0x00,
  0x23, 0xC0, 0x18, 0x78, 0x0E, 0x0F, 0x07, 0x80, 0xFF, 0x80, 0x7F, 0xF8,
  0x07, 0xFF, 0xF8, 0x07, 0x81, 0xF0, 0x3C, 0x03, 0xC1, 0xE0, 0x0F, 0x0F,
  0x00, 0x78, 0x78, 0x01, 0xE3, 0xC0, 0x0F, 0x1E, 0x00, 0x78, 0xF0, 0x03,
  0xC7, 0x80, 0x0E, 0x3C, 0x00, 0xF1, 0xE0, 0x07, 0x8F, 0x00, 0x3C, 0x78,
  0x01, 0xE3, 0xC0, 0x0E, 0x1E, 0x00, 0x70, 0xF0, 0x07, 0x07, 0x80, 0x78,
  0x3C, 0x07, 0x83, 0xFF, 0xF0, 0x3F, 0xFE, 0x00, 0x7F, 0xFF, 0x3F, 0xFF,
  0xC1, 0xE0, 0x70, 0x78, 0x0C, 0x1E, 0x01, 0x07, 0x80, 0x61, 0xE0, 0x00,
  0x78, 0x20, 0x1E, 0x18, 0x07, 0x86, 0x01, 0xFF, 0x80, 0x7F, 0xE0, 0x1E,
  0x18, 0x07, 0x86, 0x01, 0xE0, 0x80, 0x78, 0x00, 0x1E, 0x00, 0xC7, 0x80,
  0x31, 0xE0, 0x1C, 0x78, 0x07, 0x3F, 0xFF, 0xDF, 0xFF, 0xE0, 0x7F, 0xFF,
  0xFF, 0xFF, 0xC3, 0x80, 0xE1, 0xC0, 0x30, 0xE0, 0x18, 0x70, 0x04, 0x38,
  0x00, 0x1C, 0x08, 0x0E, 0x0C, 0x07, 0x06, 0x03, 0x87, 0x01, 0xFF, 0x80,
  0xE0, 0xC0, 0x70, 0x60, 0x38, 0x30, 0x1C, 0x00, 0x0E, 0x00, 0x07, 0x00,
  0x03, 0x80, 0x01, 0xC0, 0x03, 0xF8, 0x03, 0xFF, 0x00, 0x01, 0xFF, 0x00,
  0x3E, 0x3E, 0x03, 0x80, 0x70, 0x38, 0x01, 0x83, 0xC0, 0x0C, 0x3C, 0x00,
  0x21, 0xE0, 0x01, 0x0E, 0x00, 0x00, 0xF0, 0x00, 0x07, 0x80, 0x00, 0x3C,
  0x00, 0x01, 0xE0, 0x00, 0x0F, 0x00, 0xFF, 0xF8, 0x07, 0xFD, 0xC0, 0x07,
  0x8F, 0x00, 0x3C, 0x78, 0x01, 0xE1, 0xE0, 0x0F, 0x0F, 0x00, 0x78, 0x3C,
  0x03, 0xC0, 0xF8, 0x3C, 0x01, 0xFF, 0x80, 0x7F, 0x81, 0xFF, 0xFF, 0x07,
  0xFC, 0x70, 0x01, 0xC0, 0xE0, 0x03, 0x81, 0xC0, 0x07, 0x03, 0x80, 0x0E,
  0x07, 0x00, 0x1C, 0x0E, 0x00, 0x38, 0x1C, 0x00, 0x70, 0x38, 0x00, 0xE0,
  0x7F, 0xFF, 0xC0, 0xE0, 0x03, 0x81, 0xC0, 0x07, 0x03, 0x80, 0x0E, 0x07,
  0x00, 0x1C, 0x0E, 0x00, 0x38, 0x1C, 0x00, 0x70, 0x38, 0x00, 0xE0, 0x70,
  0x01, 0xC0, 0xE0, 0x03, 0xC3, 0xF0, 0x0F, 0xCF, 0xF0, 0x3F, 0xC0, 0xFF,
  0x7F, 0x8F, 0x03, 0x81, 0xC0, 0xE0, 0x70, 0x38, 0x1C, 0x0E, 0x07, 0x03,
  0x81, 0xC0, 0xE0, 0x70, 0x38, 0x1C, 0x0E, 0x07, 0x03, 0x87, 0xE7, 0xFC,
  0x03, 0xFC, 0x0F, 0xF0, 0x0F, 0x00, 0x1C, 0x00, 0x70, 0x01, 0xC0, 0x07,
  0x00, 0x1C, 0x00, 0x70, 0x01, 0xC0, 0x07, 0x00, 0x1C, 0x00, 0x70, 0x01,
  0xC0, 0x07, 0x38, 0x1C, 0xE0, 0x73, 0x83, 0xCE, 0x0E, 0x38, 0x38, 0x61,
  0xC0, 0xFE, 0x00, 0x7F, 0x8F, 0xF7, 0xFC, 0x7F, 0x87, 0x80, 0xE0, 0x3C,
  0x0E, 0x01, 0xE0, 0x60, 0x0F, 0x06, 0x00, 0x78, 0x60, 0x03, 0xC6, 0x00,
  0x1E, 0x70, 0x00, 0xF3, 0x00, 0x07, 0xB8, 0x00, 0x3F, 0xE0, 0x01, 0xE7,
  0x80, 0x0F, 0x1E, 0x00, 0x78, 0xF0, 0x03, 0xC3, 0xC0, 0x1E, 0x0F, 0x00,
  0xF0, 0x7C, 0x07, 0x81, 0xE0, 0x3C, 0x07, 0x83, 0xF0, 0x3F, 0x3F, 0xC0,
  0xFC, 0x7F, 0x80, 0x7F, 0xC0, 0x07, 0x00, 0x03, 0x80, 0x01, 0xC0, 0x00,
  0xE0, 0x00, 0x70, 0x00, 0x38, 0x00, 0x1C, 0x00, 0x0E, 0x00, 0x07, 0x00,
  0x03, 0x80, 0x01, 0xC0, 0x00, 0xE0, 0x00, 0x70, 0x00, 0x38, 0x01, 0x1C,
  0x01, 0x8E, 0x00, 0xC7, 0x00, 0xE3, 0x80, 0x73, 0xFF, 0xFB, 0xFF, 0xF8,
  0xFF, 0x00, 0x1F, 0xDF, 0xF0, 0x03, 0xFC, 0x6E, 0x00, 0x5C, 0x05, 0xC0,
  0x1B, 0x80, 0xBC, 0x03, 0x70, 0x13, 0x80, 0x4E, 0x02, 0x70, 0x19, 0xC0,
  0x4F, 0x03, 0x38, 0x08, 0xE0, 0x47, 0x01, 0x1C, 0x18, 0xE0, 0x21, 0xC3,
  0x1C, 0x04, 0x38, 0x43, 0x80, 0x87, 0x98, 0x70, 0x10, 0x73, 0x0E, 0x02,
  0x0E, 0x41, 0xC0, 0x41, 0xF8, 0x38, 0x08, 0x1F, 0x07, 0x01, 0x03, 0xC0,
  0xE0, 0x20, 0x38, 0x1C, 0x04, 0x07, 0x03, 0x83, 0xE0, 0xC0, 0xF9, 0xFF,
  0x08, 0x7F, 0xC0, 0xFC, 0x01, 0xFF, 0xF0, 0x0F, 0xF1, 0xE0, 0x06, 0x07,
  0xC0, 0x08, 0x17, 0x00, 0x20, 0x5E, 0x00, 0x81, 0x3C, 0x02, 0x04, 0x78,
  0x08, 0x10, 0xE0, 0x20, 0x43, 0xC0, 0x81, 0x07, 0x82, 0x04, 0x0E, 0x08,
  0x10, 0x3C, 0x20, 0x40, 0x78, 0x81, 0x00, 0xE2, 0x04, 0x01, 0xC8, 0x10,
  0x07, 0xA0, 0x40, 0x0F, 0x81, 0x00, 0x1E, 0x06, 0x00, 0x38, 0x7C, 0x00,
  0xE3, 0xF8, 0x01, 0x80, 0x01, 0xFE, 0x00, 0x3C, 0x78, 0x03, 0x80, 0x70,
  0x38, 0x03, 0xC3, 0x80, 0x0E, 0x1C, 0x00, 0x79, 0xE0, 0x01, 0xCE, 0x00,
  0x0E, 0x70, 0x00, 0x7F, 0x80, 0x03, 0xFC, 0x00, 0x1F, 0xE0, 0x00, 0xFF,
  0x00, 0x07, 0xB8, 0x00, 0x3D, 0xC0, 0x01, 0xCF, 0x00, 0x0E, 0x78, 0x00,
  0xF1, 0xC0, 0x07, 0x07, 0x00, 0x38, 0x38, 0x03, 0x80, 0x70, 0x78, 0x01,
  0xFF, 0x00, 0x7F, 0xF0, 0x7F, 0x3F, 0x07, 0x83, 0xC3, 0xC0, 0xE1, 0xE0,
  0x78, 0xF0, 0x3C, 0x78, 0x0E, 0x3C, 0x0F, 0x1E, 0x07, 0x8F, 0x03, 0x87,
  0x83, 0xC3, 0xC3, 0xC1, 0xFF, 0x80, 0xFC, 0x00, 0x78, 0x00, 0x3C, 0x00,
  0x1E, 0x00, 0x0F, 0x00, 0x07, 0x80, 0x03, 0xC0, 0x03, 0xF0, 0x03, 0xFE,
  0x00, 0x01, 0xFE, 0x00, 0x3C, 0x78, 0x03, 0x80, 0x70, 0x38, 0x03, 0xC3,
  0x80, 0x0E, 0x1C, 0x00, 0x79, 0xE0, 0x01, 0xCE, 0x00, 0x0E, 0x70, 0x00,
  0x7F, 0x80, 0x03, 0xFC, 0x00, 0x1F, 0xE0, 0x00, 0xF7, 0x00, 0x07, 0xB8,
  0x00, 0x3D, 0xC0, 0x01, 0xCF, 0x00, 0x0E, 0x38, 0x00, 0xF1, 0xC0, 0x07,
  0x07, 0x00, 0x38, 0x38, 0x03, 0x80, 0x70, 0x78, 0x01, 0xFF, 0x00, 0x01,
  0xE0, 0x00, 0x0F, 0x00, 0x00, 0x3C, 0x00, 0x01, 0xF0, 0x00, 0x07, 0xE0,
  0x00, 0x1F, 0xE0, 0x00, 0x0C, 0x00, 0x7F, 0xF0, 0x07, 0xFF, 0xF0, 0x07,
  0x03, 0xC0, 0x38, 0x0F, 0x01, 0xC0, 0x78, 0x0E, 0x01, 0xC0, 0x70, 0x0E,
  0x03, 0x80, 0x70, 0x1C, 0x07, 0x80, 0xE0, 0x38, 0x07, 0x03, 0x80, 0x3F,
  0xF0, 0x01, 0xC7, 0xC0, 0x0E, 0x0F, 0x00, 0x70, 0x3C, 0x03, 0x80, 0xE0,
  0x1C, 0x07, 0x80, 0xE0, 0x3C, 0x07, 0x00, 0xF0, 0x38, 0x07, 0x83, 0xF0,
  0x3F, 0x7F, 0xC0, 0xFC, 0x0F, 0xD8, 0xE1, 0xE7, 0x03, 0x98, 0x06, 0xE0,
  0x1B, 0x80, 0x2F, 0x00, 0x1E, 0x00, 0x7E, 0x00, 0xFC, 0x01, 0xFC, 0x01,
  0xF8, 0x03, 0xF8, 0x03, 0xE8, 0x03, 0xE0, 0x0F, 0xC0, 0x1F, 0x00, 0x7E,
  0x01, 0xFC, 0x07, 0xF8, 0x3A, 0x3F, 0x80, 0xFF, 0xFF, 0xBF, 0xFF, 0xEC,
  0x1C, 0x1F, 0x07, 0x03, 0x81, 0xC0, 0xE0, 0x70, 0x38, 0x1C, 0x0C, 0x07,
  0x00, 0x01, 0xC0, 0x00, 0x70, 0x00, 0x1C, 0x00, 0x07, 0x00, 0x01, 0xC0,
  0x00, 0x70, 0x00, 0x1C, 0x00, 0x07, 0x00, 0x01, 0xC0, 0x00, 0x70, 0x00,
  0x1C, 0x00, 0x07, 0x00, 0x07, 0xF0, 0x07, 0xFF, 0x00, 0xFF, 0x83, 0xFF,
  0xFE, 0x0F, 0xF1, 0xC0, 0x06, 0x07, 0x00, 0x18, 0x1C, 0x00, 0x60, 0x70,
  0x01, 0x81, 0xC0, 0x06, 0x07, 0x00, 0x18, 0x1C, 0x00, 0x60, 0x70, 0x01,
  0x81, 0xC0, 0x06, 0x07, 0x00, 0x18, 0x1C, 0x00, 0x60, 0x70, 0x01, 0x81,
  0xC0, 0x06, 0x07, 0x00, 0x18, 0x1C, 0x00, 0x60, 0x78, 0x01, 0x00, 0xE0,
  0x0C, 0x03, 0x80, 0x60, 0x07, 0x83, 0x80, 0x07, 0xF8, 0x00, 0x7F, 0x81,
  0xFF, 0xFF, 0x03, 0xFC, 0x78, 0x00, 0xC0, 0x70, 0x01, 0x80, 0xF0, 0x06,
  0x01, 0xE0, 0x0C, 0x01, 0xC0, 0x18, 0x03, 0xC0, 0x60, 0x03, 0x80, 0xC0,
  0x07, 0x03, 0x00, 0x0F, 0x06, 0x00, 0x0E, 0x0C, 0x00, 0x1C, 0x30, 0x00,
  0x3C, 0x60, 0x00, 0x38, 0xC0, 0x00, 0x73, 0x00, 0x00, 0x76, 0x00, 0x00,
  0xE8, 0x00, 0x01, 0xF0, 0x00, 0x01, 0xE0, 0x00, 0x03, 0x80, 0x00, 0x03,
  0x00, 0x00, 0xFF, 0x80, 0x00, 0xFF, 0xFF, 0x03, 0x03, 0xFC, 0x70, 0x07,
  0x00, 0xC0, 0xE0, 0x1E, 0x01, 0x81, 0xE0, 0x3C, 0x03, 0x01, 0xC0, 0x7C,
  0x06, 0x03, 0x80, 0xF8, 0x18, 0x07, 0x03, 0x70, 0x30, 0x0F, 0x06, 0xE0,
  0x60, 0x0E, 0x09, 0xE0, 0x80, 0x1C, 0x31, 0xC3, 0x00, 0x38, 0x63, 0x86,
  0x00, 0x38, 0x87, 0x88, 0x00, 0x73, 0x07, 0x30, 0x00, 0xE6, 0x0E, 0x60,
  0x01, 0xE8, 0x1E, 0xC0, 0x01, 0xF0, 0x1D, 0x00, 0x03, 0xE0, 0x3E, 0x00,
  0x07, 0x80, 0x7C, 0x00, 0x07, 0x00, 0x70, 0x00, 0x0E, 0x00, 0xE0, 0x00,
  0x1C, 0x01, 0xC0, 0x00, 0x7F, 0x87, 0xF7, 0xFE, 0x3F, 0xC7, 0x80, 0x60,
  0x1E, 0x07, 0x00, 0x70, 0x30, 0x03, 0xC3, 0x00, 0x0F, 0x10, 0x00, 0x39,
  0x80, 0x01, 0xF8, 0x00, 0x07, 0x80, 0x00, 0x1C, 0x00, 0x00, 0xF0, 0x00,
  0x0F, 0x80, 0x00, 0x7E, 0x00, 0x06, 0x70, 0x00, 0x61, 0xC0, 0x03, 0x0F,
  0x00, 0x30, 0x38, 0x03, 0x81, 0xE0, 0x18, 0x07, 0x83, 0xE0, 0x3E, 0x7F,
  0x8F, 0xFC, 0xFF, 0x83, 0xFB, 0xFC, 0x1F, 0x87, 0x80, 0x30, 0x1C, 0x01,
  0x80, 0xF0, 0x18, 0x03, 0x80, 0xC0, 0x1E, 0x0C, 0x00, 0x70, 0x60, 0x03,
  0xC6, 0x00, 0x0E, 0x20, 0x00, 0x7B, 0x00, 0x01, 0xD0, 0x00, 0x0F, 0x80,
  0x00, 0x38, 0x00, 0x01, 0xC0, 0x00, 0x0E, 0x00, 0x00, 0x70, 0x00, 0x03,
  0x80, 0x00, 0x1C, 0x00, 0x00, 0xE0, 0x00, 0x0F, 0x80, 0x01, 0xFF, 0x80,
  0x3F, 0xFF, 0xBF, 0xFF, 0xDC, 0x03, 0xCC, 0x03, 0xC6, 0x01, 0xE2, 0x01,
  0xE1, 0x00, 0xE0, 0x00, 0xF0, 0x00, 0xF0, 0x00, 0x70, 0x00, 0x78, 0x00,
  0x78, 0x00, 0x3C, 0x00, 0x3C, 0x00, 0x3C, 0x00, 0x1E, 0x01, 0x1E, 0x01,
  0x9E, 0x00, 0xCF, 0x00, 0xEF, 0x00, 0xEF, 0x00, 0xF7, 0xFF, 0xF8, 0x07,
  0xFC, 0x30, 0xC3, 0x0C, 0x30, 0xC3, 0x0C, 0x30, 0xC3, 0x0C, 0x30, 0xC3,
  0x0C, 0x30, 0xC3, 0x0C, 0x30, 0xC3, 0x0C, 0x30, 0xFC, 0xC0, 0x60, 0x30,
  0x0C, 0x06, 0x03, 0x01, 0x80, 0xE0, 0x30, 0x18, 0x0C, 0x07, 0x01, 0x80,
  0xC0, 0x60, 0x30, 0x0C, 0x06, 0x03, 0x01, 0x80, 0x60, 0x30, 0x18, 0x0C,
  0x07, 0x01, 0x80, 0xC0, 0x60, 0x30, 0x0C, 0x06, 0xFF, 0xFC, 0x38, 0x70,
  0xE1, 0xC3, 0x87, 0x0E, 0x1C, 0x38, 0x70, 0xE1, 0xC3, 0x87, 0x0E, 0x1C,
  0x38, 0x70, 0xE1, 0xC3, 0x87, 0x0E, 0x1C, 0x38, 0x7F, 0xE0, 0x01, 0x80,
  0x01, 0xC0, 0x03, 0xC0, 0x03, 0xC0, 0x06, 0x60, 0x06, 0x60, 0x0E, 0x30,
  0x0C, 0x30, 0x0C, 0x30, 0x18, 0x18, 0x18, 0x18, 0x38, 0x0C, 0x30, 0x0C,
  0x70, 0x0E, 0x60, 0x06, 0x60, 0x06, 0xE0, 0x03, 0xFF, 0xFF, 0xFF, 0xFF,
  0xFF, 0xC0, 0xE1, 0xE3, 0xC1, 0xC1, 0xC1, 0xC0, 0x80, 0x03, 0x00, 0x7F,
  0x87, 0x8F, 0x1C, 0x1C, 0x70, 0x70, 0x81, 0xC0, 0x07, 0x00, 0xFC, 0x1E,
  0x70, 0xE1, 0xC7, 0x07, 0x1C, 0x1C, 0xF0, 0x71, 0xC1, 0xC7, 0xBB, 0xCF,
  0xCF, 0xF8, 0x00, 0xF8, 0x00, 0x38, 0x00, 0x38, 0x00, 0x38, 0x00, 0x38,
  0x00, 0x38, 0x00, 0x38, 0x00, 0x38, 0x40, 0x3B, 0xF8, 0x3E, 0x1C, 0x38,
  0x0E, 0x38, 0x0E, 0x38, 0x07, 0x38, 0x07, 0x38, 0x07, 0x38, 0x07, 0x38,
  0x07, 0x38, 0x07, 0x38, 0x07, 0x38, 0x0E, 0x38, 0x0E, 0x3C, 0x1C, 0x37,
  0xF8, 0x01, 0x01, 0xFE, 0x3C, 0x77, 0x07, 0x70, 0x3F, 0x03, 0xE0, 0x0E,
  0x00, 0xE0, 0x0E, 0x00, 0xE0, 0x0F, 0x00, 0x70, 0x07, 0x81, 0x3C, 0x61,
  0xFC, 0x00, 0xFC, 0x00, 0xFC, 0x00, 0x1C, 0x00, 0x1C, 0x00, 0x1C, 0x00,
  0x1C, 0x00, 0x1C, 0x00, 0x1C, 0x01, 0x1C, 0x0F, 0xEC, 0x3C, 0x3C, 0x38,
  0x1C, 0x70, 0x1C, 0x70, 0x1C, 0x70, 0x1C, 0xF0, 0x1C, 0xF0, 0x1C, 0xF0,
  0x1C, 0x70, 0x1C, 0x70, 0x1C, 0x70, 0x1C, 0x38, 0x1C, 0x3C, 0x3E, 0x1F,
  0xDF, 0x03, 0x00, 0xFF, 0x0E, 0x3C, 0xE0, 0xE7, 0x07, 0xF0, 0x1F, 0x80,
  0xFF, 0xFF, 0xE0, 0x07, 0x00, 0x3C, 0x01, 0xE0, 0x07, 0x00, 0x3C, 0x08,
  0xF1, 0xC3, 0xF8, 0x07, 0xC3, 0xF1, 0x8C, 0x63, 0x38, 0x0E, 0x03, 0x80,
  0xE0, 0x38, 0x3F, 0xE3, 0x80, 0xE0, 0x38, 0x0E, 0x03, 0x80, 0xE0, 0x38,
  0x0E, 0x03, 0x80, 0xE0, 0x38, 0x0E, 0x03, 0xC3, 0xFC, 0x02, 0x0C, 0x3F,
  0xBC, 0xE3, 0x9B, 0x83, 0xB7, 0x07, 0x0E, 0x0E, 0x1C, 0x1C, 0x38, 0x38,
  0x38, 0xE0, 0x3F, 0x80, 0xFC, 0x03, 0x00, 0x06, 0x00, 0x0F, 0x00, 0x1F,
  0xFC, 0x1F, 0xFC, 0x60, 0x39, 0xC0, 0x3B, 0x80, 0x37, 0x00, 0xCE, 0x01,
  0x8F, 0x0E, 0x07, 0xF8, 0x00, 0xFC, 0x00, 0x3F, 0x00, 0x01, 0xC0, 0x00,
  0x70, 0x00, 0x1C, 0x00, 0x07, 0x00, 0x01, 0xC0, 0x00, 0x70, 0x00, 0x1C,
  0x10, 0x07, 0x3F, 0x01, 0xF9, 0xE0, 0x78, 0x38, 0x1C, 0x0E, 0x07, 0x03,
  0x81, 0xC0, 0xE0, 0x70, 0x38, 0x1C, 0x0E, 0x07, 0x03, 0x81, 0xC0, 0xE0,
  0x70, 0x38, 0x1C, 0x0E, 0x07, 0x03, 0x83, 0xC0, 0xF1, 0xFC, 0xFF, 0x18,
  0x3C, 0x3C, 0x18, 0x00, 0x00, 0x00, 0xF8, 0x78, 0x38, 0x38, 0x38, 0x38,
  0x38, 0x38, 0x38, 0x38, 0x38, 0x38, 0x38, 0x3C, 0xFF, 0x06, 0x0F, 0x0F,
  0x06, 0x00, 0x00, 0x00, 0x3E, 0x1E, 0x0E, 0x06, 0x06, 0x06, 0x06, 0x06,
  0x06, 0x06, 0x06, 0x06, 0x06, 0x06, 0x06, 0x06, 0x06, 0x0E, 0x4E, 0xEE,
  0xFC, 0x78, 0xF8, 0x00, 0x7E, 0x00, 0x07, 0x00, 0x03, 0x80, 0x01, 0xC0,
  0x00, 0xE0, 0x00, 0x70, 0x00, 0x38, 0x00, 0x1C, 0x00, 0x0E, 0x3F, 0x87,
  0x07, 0x03, 0x83, 0x01, 0xC3, 0x00, 0xE3, 0x00, 0x73, 0x00, 0x3B, 0xC0,
  0x1F, 0xE0, 0x0F, 0x78, 0x07, 0x1C, 0x03, 0x8F, 0x01, 0xC3, 0xC0, 0xE0,
  0xE0, 0xF0, 0x79, 0xFE, 0x1F, 0xFC, 0xFC, 0x3C, 0x1C, 0x1C, 0x1C, 0x1C,
  0x1C, 0x1C, 0x1C, 0x1C, 0x1C, 0x1C, 0x1C, 0x1C, 0x1C, 0x1C, 0x1C, 0x1C,
  0x1C, 0x1C, 0x1C, 0x3C, 0x7F, 0x00, 0x20, 0x10, 0x3E, 0x7F, 0x3F, 0x87,
  0xB1, 0xD8, 0xE0, 0xF0, 0x38, 0x1C, 0x38, 0x0C, 0x07, 0x0E, 0x03, 0x01,
  0xC3, 0x80, 0xC0, 0x70, 0xE0, 0x30, 0x1C, 0x38, 0x0C, 0x07, 0x0E, 0x03,
  0x01, 0xC3, 0x80, 0xC0, 0x70, 0xE0, 0x30, 0x1C, 0x38, 0x0C, 0x07, 0x0E,
  0x03, 0x01, 0xC3, 0xC1, 0xE0, 0xF3, 0xF9, 0xFE, 0x7F, 0x00, 0x20, 0x7C,
  0xFE, 0x1E, 0xE7, 0x07, 0x81, 0xC3, 0x80, 0xE1, 0xC0, 0x70, 0xE0, 0x38,
  0x70, 0x1C, 0x38, 0x0E, 0x1C, 0x07, 0x0E, 0x03, 0x87, 0x01, 0xC3, 0x80,
  0xE1, 0xC0, 0x70, 0xF0, 0x79, 0xFC, 0x7F, 0x01, 0x00, 0x1F, 0xC0, 0xE1,
  0xE1, 0x81, 0xC7, 0x01, 0xCE, 0x03, 0xBC, 0x07, 0xF0, 0x0F, 0xE0, 0x1F,
  0xC0, 0x3F, 0xC0, 0x7B, 0x80, 0xE7, 0x01, 0xC6, 0x07, 0x0E, 0x1C, 0x07,
  0xF0, 0x00, 0x40, 0xFD, 0xFC, 0x3E, 0x1E, 0x1C, 0x0E, 0x1C, 0x07, 0x1C,
  0x07, 0x1C, 0x07, 0x1C, 0x07, 0x1C, 0x07, 0x1C, 0x07, 0x1C, 0x07, 0x1C,
  0x07, 0x1C, 0x07, 0x1C, 0x0E, 0x1E, 0x1C, 0x1F, 0xF8, 0x1C, 0x00, 0x1C,
  0x00, 0x1C, 0x00, 0x1C, 0x00, 0x1C, 0x00, 0xFF, 0x80, 0x7F, 0x00, 0x01,
  0x00, 0x07, 0xF6, 0x0F, 0x0F, 0x07, 0x03, 0x87, 0x01, 0xC3, 0x80, 0xE1,
  0xC0, 0x71, 0xE0, 0x38, 0xF0, 0x1C, 0x78, 0x0E, 0x1C, 0x07, 0x0E, 0x03,
  0x87, 0x01, 0xC1, 0xC0, 0xE0, 0xF0, 0xF0, 0x3F, 0xB8, 0x00, 0x1C, 0x00,
  0x0E, 0x00, 0x07, 0x00, 0x03, 0x80, 0x01, 0xC0, 0x01, 0xF0, 0x03, 0xFE,
  0x00, 0x5F, 0x3C, 0xEF, 0x8E, 0x31, 0xC0, 0x30, 0x06, 0x00, 0xC0, 0x18,
  0x03, 0x00, 0x60, 0x0C, 0x01, 0x80, 0x30, 0x0F, 0x07, 0xFC, 0x04, 0x47,
  0xF9, 0xC3, 0x30, 0x26, 0x06, 0xE0, 0x1F, 0x01, 0xF8, 0x1F, 0xC0, 0xFC,
  0x07, 0xC0, 0x7C, 0x07, 0x80, 0xF8, 0x3F, 0xFC, 0x08, 0x01, 0x00, 0x20,
  0x0C, 0x03, 0x81, 0xFF, 0x86, 0x00, 0xC0, 0x18, 0x03, 0x00, 0x60, 0x0C,
  0x01, 0x80, 0x30, 0x06, 0x00, 0xC0, 0x18, 0x03, 0x80, 0x7B, 0x8F, 0xE0,
  0xF8, 0xFC, 0x38, 0x3C, 0x38, 0x1C, 0x38, 0x1C, 0x38, 0x1C, 0x38, 0x1C,
  0x38, 0x1C, 0x38, 0x1C, 0x38, 0x1C, 0x38, 0x1C, 0x38, 0x1C, 0x38, 0x1C,
  0x38, 0x3C, 0x1F, 0xFC, 0x1F, 0xCF, 0xFF, 0x1F, 0x9E, 0x03, 0x07, 0x01,
  0x83, 0xC0, 0x80, 0xE0, 0xC0, 0x70, 0x40, 0x1C, 0x60, 0x0E, 0x30, 0x07,
  0x90, 0x01, 0xD8, 0x00, 0xE8, 0x00, 0x3C, 0x00, 0x1C, 0x00, 0x06, 0x00,
  0x03, 0x00, 0xFE, 0x0C, 0x3F, 0x38, 0x0C, 0x0E, 0x1C, 0x1E, 0x0C, 0x1C,
  0x1E, 0x0C, 0x1C, 0x1E, 0x08, 0x0E, 0x37, 0x18, 0x0E, 0x27, 0x10, 0x06,
  0x27, 0x10, 0x07, 0x63, 0xB0, 0x07, 0x43, 0xA0, 0x03, 0xC1, 0xA0, 0x03,
  0xC1, 0xE0, 0x03, 0x81, 0xC0, 0x01, 0x80, 0xC0, 0x01, 0x80, 0xC0, 0xFE,
  0x7E, 0x78, 0x30, 0x70, 0x40, 0x71, 0x80, 0xF6, 0x00, 0xE8, 0x00, 0xF0,
  0x01, 0xE0, 0x03, 0xC0, 0x0D, 0xC0, 0x33, 0xC0, 0x43, 0x81, 0x83, 0x87,
  0x07, 0xBF, 0x1F, 0x80, 0xFE, 0x3F, 0x78, 0x0C, 0x38, 0x0C, 0x1C, 0x18,
  0x1C, 0x18, 0x1C, 0x18, 0x0E, 0x30, 0x0E, 0x30, 0x06, 0x20, 0x07, 0x60,
  0x07, 0x60, 0x03, 0x40, 0x03, 0xC0, 0x01, 0xC0, 0x01, 0x80, 0x01, 0x80,
  0x01, 0x00, 0x03, 0x00, 0x23, 0x00, 0x76, 0x00, 0x7C, 0x00, 0x38, 0x00,
  0xFF, 0xFE, 0x0E, 0xC1, 0xE8, 0x1C, 0x83, 0x80, 0x78, 0x07, 0x00, 0xE0,
  0x1E, 0x01, 0xC1, 0x38, 0x17, 0x83, 0x70, 0x3E, 0x07, 0xFF, 0xF0, 0x00,
  0x30, 0x3F, 0x07, 0x00, 0x70, 0x07, 0x00, 0x70, 0x07, 0x00, 0x70, 0x07,
  0x00, 0x70, 0x07, 0x00, 0xE0, 0x0E, 0x01, 0xC0, 0xF0, 0x0F, 0x80, 0x0C,
  0x00, 0xE0, 0x07, 0x00, 0x70, 0x07, 0x00, 0x70, 0x07, 0x00, 0x70, 0x07,
  0x00, 0x70, 0x07, 0x00, 0x38, 0x01, 0xF0, 0xFF, 0xFF, 0xFF, 0xFF, 0xFF,
  0xFF, 0xFF, 0xC0, 0xC0, 0x1F, 0x00, 0x70, 0x07, 0x00, 0xE0, 0x1C, 0x03,
  0x80, 0x70, 0x0E, 0x01, 0xC0, 0x38, 0x07, 0x00, 0xE0, 0x0F, 0x00, 0x38,
  0x1F, 0x07, 0x01, 0xC0, 0x38, 0x07, 0x00, 0xE0, 0x1C, 0x03, 0x80, 0x70,
  0x0E, 0x01, 0xC0, 0x38, 0x1E, 0x0F, 0x00, 0x1C, 0x05, 0xFC, 0x37, 0xFF,
  0xB0, 0x7C, 0x00, 0x20, 0x00, 0xFF, 0xFF, 0xFF, 0xFF, 0xFF, 0xFF, 0xC0,
  0x00, 0x03, 0xC0, 0x00, 0x03, 0xC0, 0x00, 0x03, 0xC2, 0x00, 0x43, 0xC7,
  0x00, 0xE3, 0xC3, 0x01, 0xC3, 0xC1, 0x83, 0x83, 0xC0, 0xC7, 0x03, 0xC0,
  0x6E, 0x03, 0xC0, 0x3C, 0x03, 0xC0, 0x38, 0x03, 0xC0, 0x7C, 0x03, 0xC0,
  0xE6, 0x03, 0xC1, 0xC3, 0x03, 0xC3, 0x81, 0x83, 0xC7, 0x00, 0xE3, 0xC2,
  0x00, 0x43, 0xC0, 0x00, 0x03, 0xC0, 0x00, 0x03, 0xC0, 0x00, 0x03, 0xC0,
  0x00, 0x03, 0xFF, 0xFF, 0xFF, 0xFF, 0xFF, 0xFF, 0xFF, 0xFF, 0xFF, 0xC0,
  0x00, 0x03, 0xC0, 0x00, 0x03, 0xC0, 0x00, 0x03, 0xC2, 0x00, 0x43, 0xC7,
  0x00, 0xE3, 0xC3, 0x01, 0xC3, 0xC1, 0x83, 0x83, 0xC0, 0xC7, 0x03, 0xC0,
  0x6E, 0x03, 0xC0, 0x3C, 0x03, 0xC0, 0x38, 0x03, 0xC0, 0x7C, 0x03, 0xC0,
  0xE6, 0x03, 0xC1, 0xC3, 0x03, 0xC3, 0x81, 0x83, 0xC7, 0x00, 0xE3, 0xC2,
  0x00, 0x43, 0xC0, 0x00, 0x03, 0xC0, 0x00, 0x03, 0xC0, 0x00, 0x03, 0xC0,
  0x00, 0x03, 0xFF, 0xFF, 0xFF, 0xFF, 0xFF, 0xFF, 0xFF, 0xFF, 0xFF, 0xC0,
  0x00, 0x03, 0xC0, 0x00, 0x03, 0xC0, 0x00, 0x03, 0xC2, 0x00, 0x43, 0xC7,
  0x00, 0xE3, 0xC3, 0x01, 0xC3, 0xC1, 0x83, 0x83, 0xC0, 0xC7, 0x03, 0xC0,
  0x6E, 0x03, 0xC0, 0x3C, 0x03, 0xC0, 0x38, 0x03, 0xC0, 0x7C, 0x03, 0xC0,
  0xE6, 0x03, 0xC1, 0xC3, 0x03, 0xC3, 0x81, 0x83, 0xC7, 0x00, 0xE3, 0xC2,
  0x00, 0x43, 0xC0, 0x00, 0x03, 0xC0, 0x00, 0x03, 0xC0, 0x00, 0x03, 0xC0,
  0x00, 0x03, 0xFF, 0xFF, 0xFF, 0xFF, 0xFF, 0xFF, 0xFF, 0xFF, 0xFF, 0xC0,
  0x00, 0x03, 0xC0, 0x00, 0x03, 0xC0, 0x00, 0x03, 0xC2, 0x00, 0x43, 0xC7,
  0x00, 0xE3, 0xC3, 0x01, 0xC3, 0xC1, 0x83, 0x83, 0xC0, 0xC7, 0x03, 0xC0,
  0x6E, 0x03, 0xC0, 0x3C, 0x03, 0xC0, 0x38, 0x03, 0xC0, 0x7C, 0x03, 0xC0,
  0xE6, 0x03, 0xC1, 0xC3, 0x03, 0xC3, 0x81, 0x83, 0xC7, 0x00, 0xE3, 0xC2,
  0x00, 0x43, 0xC0, 0x00, 0x03, 0xC0, 0x00, 0x03, 0xC0, 0x00, 0x03, 0xC0,
  0x00, 0x03, 0xFF, 0xFF, 0xFF, 0xFF, 0xFF, 0xFF, 0xFF, 0xFF, 0xFF, 0xC0,
  0x00, 0x03, 0xC0, 0x00, 0x03, 0xC0, 0x00, 0x03, 0xC2, 0x00, 0x43, 0xC7,
  0x00, 0xE3, 0xC3, 0x01, 0xC3, 0xC1, 0x83, 0x83, 0xC0, 0xC7, 0x03, 0xC0,
  0x6E, 0x03, 0xC0, 0x3C, 0x03, 0xC0, 0x38, 0x03, 0xC0, 0x7C, 0x03, 0xC0,
  0xE6, 0x03, 0xC1, 0xC3, 0x03, 0xC3, 0x81, 0x83, 0xC7, 0x00, 0xE3, 0xC2,
  0x00, 0x43, 0xC0, 0x00, 0x03, 0xC0, 0x00, 0x03, 0xC0, 0x00, 0x03, 0xC0,
  0x00, 0x03, 0xFF, 0xFF, 0xFF, 0xFF, 0xFF, 0xFF, 0xFF, 0xFF, 0xFF, 0xC0,
  0x00, 0x03, 0xC0, 0x00, 0x03, 0xC0, 0x00, 0x03, 0xC2, 0x00, 0x43, 0xC7,
  0x00, 0xE3, 0xC3, 0x01, 0xC3, 0xC1, 0x83, 0x83, 0xC0, 0xC7, 0x03, 0xC0,
  0x6E, 0x03, 0xC0, 0x3C, 0x03, 0xC0, 0x38, 0x03, 0xC0, 0x7C, 0x03, 0xC0,
  0xE6, 0x03, 0xC1, 0xC3, 0x03, 0xC3, 0x81, 0x83, 0xC7, 0x00, 0xE3, 0xC2,
  0x00, 0x43, 0xC0, 0x00, 0x03, 0xC0, 0x00, 0x03, 0xC0, 0x00, 0x03, 0xC0,
  0x00, 0x03, 0xFF, 0xFF, 0xFF, 0xFF, 0xFF, 0xFF, 0xFF, 0xFF, 0xFF, 0xC0,
  0x00, 0x03, 0xC0, 0x00, 0x03, 0xC0, 0x00, 0x03, 0xC2, 0x00, 0x43, 0xC7,
  0x00, 0xE3, 0xC3, 0x01, 0xC3, 0xC1, 0x83, 0x83, 0xC0, 0xC7, 0x03, 0xC0,
  0x6E, 0x03, 0xC0, 0x3C, 0x03, 0xC0, 0x38, 0x03, 0xC0, 0x7C, 0x03, 0xC0,
  0xE6, 0x03, 0xC1, 0xC3, 0x03, 0xC3, 0x81, 0x83, 0xC7, 0x00, 0xE3, 0xC2,
  0x00, 0x43, 0xC0, 0x00, 0x03, 0xC0, 0x00, 0x03, 0xC0, 0x00, 0x03, 0xC0,
  0x00, 0x03, 0xFF, 0xFF, 0xFF, 0xFF, 0xFF, 0xFF, 0xFF, 0xFF, 0xFF, 0xC0,
  0x00, 0x03, 0xC0, 0x00, 0x03, 0xC0, 0x00, 0x03, 0xC2, 0x00, 0x43, 0xC7,
  0x00, 0xE3, 0xC3, 0x01, 0xC3, 0xC1, 0x83, 0x83, 0xC0, 0xC7, 0x03, 0xC0,
  0x6E, 0x03, 0xC0, 0x3C, 0x03, 0xC0, 0x38, 0x03, 0xC0, 0x7C, 0x03, 0xC0,
  0xE6, 0x03, 0xC1, 0xC3, 0x03, 0xC3, 0x81, 0x83, 0xC7, 0x00, 0xE3, 0xC2,
  0x00, 0x43, 0xC0, 0x00, 0x03, 0xC0, 0x00, 0x03, 0xC0, 0x00, 0x03, 0xC0,
  0x00, 0x03, 0xFF, 0xFF, 0xFF, 0xFF, 0xFF, 0xFF, 0xFF, 0xFF, 0xFF, 0xC0,
  0x00, 0x03, 0xC0, 0x00, 0x03, 0xC0, 0x00, 0x03, 0xC2, 0x00, 0x43, 0xC7,
  0x00, 0xE3, 0xC3, 0x01, 0xC3, 0xC1, 0x83, 0x83, 0xC0, 0xC7, 0x03, 0xC0,
  0x6E, 0x03, 0xC0, 0x3C, 0x03, 0xC0, 0x38, 0x03, 0xC0, 0x7C, 0x03, 0xC0,
  0xE6, 0x03, 0xC1, 0xC3, 0x03, 0xC3, 0x81, 0x83, 0xC7, 0x00, 0xE3, 0xC2,
  0x00, 0x43, 0xC0, 0x00, 0x03, 0xC0, 0x00, 0x03, 0xC0, 0x00, 0x03, 0xC0,
  0x00, 0x03, 0xFF, 0xFF, 0xFF, 0xFF, 0xFF, 0xFF, 0xFF, 0xFF, 0xFF, 0xC0,
  0x00, 0x03, 0xC0, 0x00, 0x03, 0xC0, 0x00, 0x03, 0xC2, 0x00, 0x43, 0xC7,
  0x00, 0xE3, 0xC3, 0x01, 0xC3, 0xC1, 0x83, 0x83, 0xC0, 0xC7, 0x03, 0xC0,
  0x6E, 0x03, 0xC0, 0x3C, 0x03, 0xC0, 0x38, 0x03, 0xC0, 0x7C, 0x03, 0xC0,
  0xE6, 0x03, 0xC1, 0xC3, 0x03, 0xC3, 0x81, 0x83, 0xC7, 0x00, 0xE3, 0xC2,
  0x00, 0x43, 0xC0, 0x00, 0x03, 0xC0, 0x00, 0x03, 0xC0, 0x00, 0x03, 0xC0,
  0x00, 0x03, 0xFF, 0xFF, 0xFF, 0xFF, 0xFF, 0xFF, 0xFF, 0xFF, 0xFF, 0xC0,
  0x00, 0x03, 0xC0, 0x00, 0x03, 0xC0, 0x00, 0x03, 0xC2, 0x00, 0x43, 0xC7,
  0x00, 0xE3, 0xC3, 0x01, 0xC3, 0xC1, 0x83, 0x83, 0xC0, 0xC7, 0x03, 0xC0,
  0x6E, 0x03, 0xC0, 0x3C, 0x03, 0xC0, 0x38, 0x03, 0xC0, 0x7C, 0x03, 0xC0,
  0xE6, 0x03, 0xC1, 0xC3, 0x03, 0xC3, 0x81, 0x83, 0xC7, 0x00, 0xE3, 0xC2,
  0x00, 0x43, 0xC0, 0x00, 0x03, 0xC0, 0x00, 0x03, 0xC0, 0x00, 0x03, 0xC0,
  0x00, 0x03, 0xFF, 0xFF, 0xFF, 0xFF, 0xFF, 0xFF, 0xFF, 0xFF, 0xFF, 0xC0,
  0x00, 0x03, 0xC0, 0x00, 0x03, 0xC0, 0x00, 0x03, 0xC2, 0x00, 0x43, 0xC7,
  0x00, 0xE3, 0xC3, 0x01, 0xC3, 0xC1, 0x83, 0x83, 0xC0, 0xC7, 0x03, 0xC0,
  0x6E, 0x03, 0xC0, 0x3C, 0x03, 0xC0, 0x38, 0x03, 0xC0, 0x7C, 0x03, 0xC0,
  0xE6, 0x03, 0xC1, 0xC3, 0x03, 0xC3, 0x81, 0x83, 0xC7, 0x00, 0xE3, 0xC2,
  0x00, 0x43, 0xC0, 0x00, 0x03, 0xC0, 0x00, 0x03, 0xC0, 0x00, 0x03, 0xC0,
  0x00, 0x03, 0xFF, 0xFF, 0xFF, 0xFF, 0xFF, 0xFF, 0xFF, 0xFF, 0xFF, 0xC0,
  0x00, 0x03, 0xC0, 0x00, 0x03, 0xC0, 0x00, 0x03, 0xC2, 0x00, 0x43, 0xC7,
  0x00, 0xE3, 0xC3, 0x01, 0xC3, 0xC1, 0x83, 0x83, 0xC0, 0xC7, 0x03, 0xC0,
  0x6E, 0x03, 0xC0, 0x3C, 0x03, 0xC0, 0x38, 0x03, 0xC0, 0x7C, 0x03, 0xC0,
  0xE6, 0x03, 0xC1, 0xC3, 0x03, 0xC3, 0x81, 0x83, 0xC7, 0x00, 0xE3, 0xC2,
  0x00, 0x43, 0xC0, 0x00, 0x03, 0xC0, 0x00, 0x03, 0xC0, 0x00, 0x03, 0xC0,
  0x00, 0x03, 0xFF, 0xFF, 0xFF, 0xFF, 0xFF, 0xFF, 0xFF, 0xFF, 0xFF, 0xC0,
  0x00, 0x03, 0xC0, 0x00, 0x03, 0xC0, 0x00, 0x03, 0xC2, 0x00, 0x43, 0xC7,
  0x00, 0xE3, 0xC3, 0x01, 0xC3, 0xC1, 0x83, 0x83, 0xC0, 0xC7, 0x03, 0xC0,
  0x6E, 0x03, 0xC0, 0x3C, 0x03, 0xC0, 0x38, 0x03, 0xC0, 0x7C, 0x03, 0xC0,
  0xE6, 0x03, 0xC1, 0xC3, 0x03, 0xC3, 0x81, 0x83, 0xC7, 0x00, 0xE3, 0xC2,
  0x00, 0x43, 0xC0, 0x00, 0x03, 0xC0, 0x00, 0x03, 0xC0, 0x00, 0x03, 0xC0,
  0x00, 0x03, 0xFF, 0xFF, 0xFF, 0xFF, 0xFF, 0xFF, 0xFF, 0xFF, 0xFF, 0xC0,
  0x00, 0x03, 0xC0, 0x00, 0x03, 0xC0, 0x00, 0x03, 0xC2, 0x00, 0x43, 0xC7,
  0x00, 0xE3, 0xC3, 0x01, 0xC3, 0xC1, 0x83, 0x83, 0xC0, 0xC7, 0x03, 0xC0,
  0x6E, 0x03, 0xC0, 0x3C, 0x03, 0xC0, 0x38, 0x03, 0xC0, 0x7C, 0x03, 0xC0,
  0xE6, 0x03, 0xC1, 0xC3, 0x03, 0xC3, 0x81, 0x83, 0xC7, 0x00, 0xE3, 0xC2,
  0x00, 0x43, 0xC0, 0x00, 0x03, 0xC0, 0x00, 0x03, 0xC0, 0x00, 0x03, 0xC0,
  0x00, 0x03, 0xFF, 0xFF, 0xFF, 0xFF, 0xFF, 0xFF, 0xFF, 0xFF, 0xFF, 0xC0,
  0x00, 0x03, 0xC0, 0x00, 0x03, 0xC0, 0x00, 0x03, 0xC2, 0x00, 0x43, 0xC7,
  0x00, 0xE3, 0xC3, 0x01, 0xC3, 0xC1, 0x83, 0x83, 0xC0, 0xC7, 0x03, 0xC0,
  0x6E, 0x03, 0xC0, 0x3C, 0x03, 0xC0, 0x38, 0x03, 0xC0, 0x7C, 0x03, 0xC0,
  0xE6, 0x03, 0xC1, 0xC3, 0x03, 0xC3, 0x81, 0x83, 0xC7, 0x00, 0xE3, 0xC2,
  0x00, 0x43, 0xC0, 0x00, 0x03, 0xC0, 0x00, 0x03, 0xC0, 0x00, 0x03, 0xC0,
  0x00, 0x03, 0xFF, 0xFF, 0xFF, 0xFF, 0xFF, 0xFF, 0xFF, 0xFF, 0xFF, 0xC0,
  0x00, 0x03, 0xC0, 0x00, 0x03, 0xC0, 0x00, 0x03, 0xC2, 0x00, 0x43, 0xC7,
  0x00, 0xE3, 0xC3, 0x01, 0xC3, 0xC1, 0x83, 0x83, 0xC0, 0xC7, 0x03, 0xC0,
  0x6E, 0x03, 0xC0, 0x3C, 0x03, 0xC0, 0x38, 0x03, 0xC0, 0x7C, 0x03, 0xC0,
  0xE6, 0x03, 0xC1, 0xC3, 0x03, 0xC3, 0x81, 0x83, 0xC7, 0x00, 0xE3, 0xC2,
  0x00, 0x43, 0xC0, 0x00, 0x03, 0xC0, 0x00, 0x03, 0xC0, 0x00, 0x03, 0xC0,
  0x00, 0x03, 0xFF, 0xFF, 0xFF, 0xFF, 0xFF, 0xFF, 0xFF, 0xFF, 0xFF, 0xC0,
  0x00, 0x03, 0xC0, 0x00, 0x03, 0xC0, 0x00, 0x03, 0xC2, 0x00, 0x43, 0xC7,
  0x00, 0xE3, 0xC3, 0x01, 0xC3, 0xC1, 0x83, 0x83, 0xC0, 0xC7, 0x03, 0xC0,
  0x6E, 0x03, 0xC0, 0x3C, 0x03, 0xC0, 0x38, 0x03, 0xC0, 0x7C, 0x03, 0xC0,
  0xE6, 0x03, 0xC1, 0xC3, 0x03, 0xC3, 0x81, 0x83, 0xC7, 0x00, 0xE3, 0xC2,
  0x00, 0x43, 0xC0, 0x00, 0x03, 0xC0, 0x00, 0x03, 0xC0, 0x00, 0x03, 0xC0,
  0x00, 0x03, 0xFF, 0xFF, 0xFF, 0xFF, 0xFF, 0xFF, 0xFF, 0xFF, 0xFF, 0xC0,
  0x00, 0x03, 0xC0, 0x00, 0x03, 0xC0, 0x00, 0x03, 0xC2, 0x00, 0x43, 0xC7,
  0x00, 0xE3, 0xC3, 0x01, 0xC3, 0xC1, 0x83, 0x83, 0xC0, 0xC7, 0x03, 0xC0,
  0x6E, 0x03, 0xC0, 0x3C, 0x03, 0xC0, 0x38, 0x03, 0xC0, 0x7C, 0x03, 0xC0,
  0xE6, 0x03, 0xC1, 0xC3, 0x03, 0xC3, 0x81, 0x83, 0xC7, 0x00, 0xE3, 0xC2,
  0x00, 0x43, 0xC0, 0x00, 0x03, 0xC0, 0x00, 0x03, 0xC0, 0x00, 0x03, 0xC0,
  0x00, 0x03, 0xFF, 0xFF, 0xFF, 0xFF, 0xFF, 0xFF, 0xFF, 0xFF, 0xFF, 0xC0,
  0x00, 0x03, 0xC0, 0x00, 0x03, 0xC0, 0x00, 0x03, 0xC2, 0x00, 0x43, 0xC7,
  0x00, 0xE3, 0xC3, 0x01, 0xC3, 0xC1, 0x83, 0x83, 0xC0, 0xC7, 0x03, 0xC0,
  0x6E, 0x03, 0xC0, 0x3C, 0x03, 0xC0, 0x38, 0x03, 0xC0, 0x7C, 0x03, 0xC0,
  0xE6, 0x03, 0xC1, 0xC3, 0x03, 0xC3, 0x81, 0x83, 0xC7, 0x00, 0xE3, 0xC2,
  0x00, 0x43, 0xC0, 0x00, 0x03, 0xC0, 0x00, 0x03, 0xC0, 0x00, 0x03, 0xC0,
  0x00, 0x03, 0xFF, 0xFF, 0xFF, 0xFF, 0xFF, 0xFF, 0xFF, 0xFF, 0xFF, 0xC0,
  0x00, 0x03, 0xC0, 0x00, 0x03, 0xC0, 0x00, 0x03, 0xC2, 0x00, 0x43, 0xC7,
  0x00, 0xE3, 0xC3, 0x01, 0xC3, 0xC1, 0x83, 0x83, 0xC0, 0xC7, 0x03, 0xC0,
  0x6E, 0x03, 0xC0, 0x3C, 0x03, 0xC0, 0x38, 0x03, 0xC0, 0x7C, 0x03, 0xC0,
  0xE6, 0x03, 0xC1, 0xC3, 0x03, 0xC3, 0x81, 0x83, 0xC7, 0x00, 0xE3, 0xC2,
  0x00, 0x43, 0xC0, 0x00, 0x03, 0xC0, 0x00, 0x03, 0xC0, 0x00, 0x03, 0xC0,
  0x00, 0x03, 0xFF, 0xFF, 0xFF, 0xFF, 0xFF, 0xFF, 0xFF, 0xFF, 0xFF, 0xC0,
  0x00, 0x03, 0xC0, 0x00, 0x03, 0xC0, 0x00, 0x03, 0xC2, 0x00, 0x43, 0xC7,
  0x00, 0xE3, 0xC3, 0x01, 0xC3, 0xC1, 0x83, 0x83, 0xC0, 0xC7, 0x03, 0xC0,
  0x6E, 0x03, 0xC0, 0x3C, 0x03, 0xC0, 0x38, 0x03, 0xC0, 0x7C, 0x03, 0xC0,
  0xE6, 0x03, 0xC1, 0xC3, 0x03, 0xC3, 0x81, 0x83, 0xC7, 0x00, 0xE3, 0xC2,
  0x00, 0x43, 0xC0, 0x00, 0x03, 0xC0, 0x00, 0x03, 0xC0, 0x00, 0x03, 0xC0,
  0x00, 0x03, 0xFF, 0xFF, 0xFF, 0xFF, 0xFF, 0xFF, 0xFF, 0xFF, 0xFF, 0xC0,
  0x00, 0x03, 0xC0, 0x00, 0x03, 0xC0, 0x00, 0x03, 0xC2, 0x00, 0x43, 0xC7,
  0x00, 0xE3, 0xC3, 0x01, 0xC3, 0xC1, 0x83, 0x83, 0xC0, 0xC7, 0x03, 0xC0,
  0x6E, 0x03, 0xC0, 0x3C, 0x03, 0xC0, 0x38, 0x03, 0xC0, 0x7C, 0x03, 0xC0,
  0xE6, 0x03, 0xC1, 0xC3, 0x03, 0xC3, 0x81, 0x83, 0xC7, 0x00, 0xE3, 0xC2,
  0x00, 0x43, 0xC0, 0x00, 0x03, 0xC0, 0x00, 0x03, 0xC0, 0x00, 0x03, 0xC0,
  0x00, 0x03, 0xFF, 0xFF, 0xFF, 0xFF, 0xFF, 0xFF, 0xFF, 0xFF, 0xFF, 0xC0,
  0x00, 0x03, 0xC0, 0x00, 0x03, 0xC0, 0x00, 0x03, 0xC2, 0x00, 0x43, 0xC7,
  0x00, 0xE3, 0xC3, 0x01, 0xC3, 0xC1, 0x83, 0x83, 0xC0, 0xC7, 0x03, 0xC0,
  0x6E, 0x03, 0xC0, 0x3C, 0x03, 0xC0, 0x38, 0x03, 0xC0, 0x7C, 0x03, 0xC0,
  0xE6, 0x03, 0xC1, 0xC3, 0x03, 0xC3, 0x81, 0x83, 0xC7, 0x00, 0xE3, 0xC2,
  0x00, 0x43, 0xC0, 0x00, 0x03, 0xC0, 0x00, 0x03, 0xC0, 0x00, 0x03, 0xC0,
  0x00, 0x03, 0xFF, 0xFF, 0xFF, 0xFF, 0xFF, 0xFF, 0xFF, 0xFF, 0xFF, 0xC0,
  0x00, 0x03, 0xC0, 0x00, 0x03, 0xC0, 0x00, 0x03, 0xC2, 0x00, 0x43, 0xC7,
  0x00, 0xE3, 0xC3, 0x01, 0xC3, 0xC1, 0x83, 0x83, 0xC0, 0xC7, 0x03, 0xC0,
  0x6E, 0x03, 0xC0, 0x3C, 0x03, 0xC0, 0x38, 0x03, 0xC0, 0x7C, 0x03, 0xC0,
  0xE6, 0x03, 0xC1, 0xC3, 0x03, 0xC3, 0x81, 0x83, 0xC7, 0x00, 0xE3, 0xC2,
  0x00, 0x43, 0xC0, 0x00, 0x03, 0xC0, 0x00, 0x03, 0xC0, 0x00, 0x03, 0xC0,
  0x00, 0x03, 0xFF, 0xFF, 0xFF, 0xFF, 0xFF, 0xFF, 0xFF, 0xFF, 0xFF, 0xC0,
  0x00, 0x03, 0xC0, 0x00, 0x03, 0xC0, 0x00, 0x03, 0xC2, 0x00, 0x43, 0xC7,
  0x00, 0xE3, 0xC3, 0x01, 0xC3, 0xC1, 0x83, 0x83, 0xC0, 0xC7, 0x03, 0xC0,
  0x6E, 0x03, 0xC0, 0x3C, 0x03, 0xC0, 0x38, 0x03, 0xC0, 0x7C, 0x03, 0xC0,
  0xE6, 0x03, 0xC1, 0xC3, 0x03, 0xC3, 0x81, 0x83, 0xC7, 0x00, 0xE3, 0xC2,
  0x00, 0x43, 0xC0, 0x00, 0x03, 0xC0, 0x00, 0x03, 0xC0, 0x00, 0x03, 0xC0,
  0x00, 0x03, 0xFF, 0xFF, 0xFF, 0xFF, 0xFF, 0xFF, 0xFF, 0xFF, 0xFF, 0xC0,
  0x00, 0x03, 0xC0, 0x00, 0x03, 0xC0, 0x00, 0x03, 0xC2, 0x00, 0x43, 0xC7,
  0x00, 0xE3, 0xC3, 0x01, 0xC3, 0xC1, 0x83, 0x83, 0xC0, 0xC7, 0x03, 0xC0,
  0x6E, 0x03, 0xC0, 0x3C, 0x03, 0xC0, 0x38, 0x03, 0xC0, 0x7C, 0x03, 0xC0,
  0xE6, 0x03, 0xC1, 0xC3, 0x03, 0xC3, 0x81, 0x83, 0xC7, 0x00, 0xE3, 0xC2,
  0x00, 0x43, 0xC0, 0x00, 0x03, 0xC0, 0x00, 0x03, 0xC0, 0x00, 0x03, 0xC0,
  0x00, 0x03, 0xFF, 0xFF, 0xFF, 0xFF, 0xFF, 0xFF, 0xFF, 0xFF, 0xFF, 0xC0,
  0x00, 0x03, 0xC0, 0x00, 0x03, 0xC0, 0x00, 0x03, 0xC2, 0x00, 0x43, 0xC7,
  0x00, 0xE3, 0xC3, 0x01, 0xC3, 0xC1, 0x83, 0x83, 0xC0, 0xC7, 0x03, 0xC0,
  0x6E, 0x03, 0xC0, 0x3C, 0x03, 0xC0, 0x38, 0x03, 0xC0, 0x7C, 0x03, 0xC0,
  0xE6, 0x03, 0xC1, 0xC3, 0x03, 0xC3, 0x81, 0x83, 0xC7, 0x00, 0xE3, 0xC2,
  0x00, 0x43, 0xC0, 0x00, 0x03, 0xC0, 0x00, 0x03, 0xC0, 0x00, 0x03, 0xC0,
  0x00, 0x03, 0xFF, 0xFF, 0xFF, 0xFF, 0xFF, 0xFF, 0xFF, 0xFF, 0xFF, 0xC0,
  0x00, 0x03, 0xC0, 0x00, 0x03, 0xC0, 0x00, 0x03, 0xC2, 0x00, 0x43, 0xC7,
  0x00, 0xE3, 0xC3, 0x01, 0xC3, 0xC1, 0x83, 0x83, 0xC0, 0xC7, 0x03, 0xC0,
  0x6E, 0x03, 0xC0, 0x3C, 0x03, 0xC0, 0x38, 0x03, 0xC0, 0x7C, 0x03, 0xC0,
  0xE6, 0x03, 0xC1, 0xC3, 0x03, 0xC3, 0x81, 0x83, 0xC7, 0x00, 0xE3, 0xC2,
  0x00, 0x43, 0xC0, 0x00, 0x03, 0xC0, 0x00, 0x03, 0xC0, 0x00, 0x03, 0xC0,
  0x00, 0x03, 0xFF, 0xFF, 0xFF, 0xFF, 0xFF, 0xFF, 0xFF, 0xFF, 0xFF, 0xC0,
  0x00, 0x03, 0xC0, 0x00, 0x03, 0xC0, 0x00, 0x03, 0xC2, 0x00, 0x43, 0xC7,
  0x00, 0xE3, 0xC3, 0x01, 0xC3, 0xC1, 0x83, 0x83, 0xC0, 0xC7, 0x03, 0xC0,
  0x6E, 0x03, 0xC0, 0x3C, 0x03, 0xC0, 0x38, 0x03, 0xC0, 0x7C, 0x03, 0xC0,
  0xE6, 0x03, 0xC1, 0xC3, 0x03, 0xC3, 0x81, 0x83, 0xC7, 0x00, 0xE3, 0xC2,
  0x00, 0x43, 0xC0, 0x00, 0x03, 0xC0, 0x00, 0x03, 0xC0, 0x00, 0x03, 0xC0,
  0x00, 0x03, 0xFF, 0xFF, 0xFF, 0xFF, 0xFF, 0xFF, 0xFF, 0xFF, 0xFF, 0xC0,
  0x00, 0x03, 0xC0, 0x00, 0x03, 0xC0, 0x00, 0x03, 0xC2, 0x00, 0x43, 0xC7,
  0x00, 0xE3, 0xC3, 0x01, 0xC3, 0xC1, 0x83, 0x83, 0xC0, 0xC7, 0x03, 0xC0,
  0x6E, 0x03, 0xC0, 0x3C, 0x03, 0xC0, 0x38, 0x03, 0xC0, 0x7C, 0x03, 0xC0,
  0xE6, 0x03, 0xC1, 0xC3, 0x03, 0xC3, 0x81, 0x83, 0xC7, 0x00, 0xE3, 0xC2,
  0x00, 0x43, 0xC0, 0x00, 0x03, 0xC0, 0x00, 0x03, 0xC0, 0x00, 0x03, 0xC0,
  0x00, 0x03, 0xFF, 0xFF, 0xFF, 0xFF, 0xFF, 0xFF, 0xFF, 0xFF, 0xFF, 0xC0,
  0x00, 0x03, 0xC0, 0x00, 0x03, 0xC0, 0x00, 0x03, 0xC2, 0x00, 0x43, 0xC7,
  0x00, 0xE3, 0xC3, 0x01, 0xC3, 0xC1, 0x83, 0x83, 0xC0, 0xC7, 0x03, 0xC0,
  0x6E, 0x03, 0xC0, 0x3C, 0x03, 0xC0, 0x38, 0x03, 0xC0, 0x7C, 0x03, 0xC0,
  0xE6, 0x03, 0xC1, 0xC3, 0x03, 0xC3, 0x81, 0x83, 0xC7, 0x00, 0xE3, 0xC2,
  0x00, 0x43, 0xC0, 0x00, 0x03, 0xC0, 0x00, 0x03, 0xC0, 0x00, 0x03, 0xC0,
  0x00, 0x03, 0xFF, 0xFF, 0xFF, 0x00, 0x7F, 0xF7, 0x00, 0x06, 0x66, 0x66,
  0x66, 0x66, 0x6F, 0xFF, 0xFF, 0xF2, 0x03, 0x00, 0x18, 0x00, 0xC0, 0x06,
  0x00, 0xFE, 0x1E, 0x39, 0xE1, 0xCE, 0x07, 0x70, 0x37, 0x80, 0x38, 0x01,
  0xC0, 0x0E, 0x00, 0x78, 0x01, 0xC0, 0x0E, 0x00, 0x78, 0x31, 0xE3, 0x07,
  0xF0, 0x06, 0x00, 0x30, 0x01, 0x80, 0x00, 0xFC, 0x01, 0xE7, 0x01, 0xC3,
  0xC0, 0xE0, 0xE0, 0xE0, 0x70, 0x70, 0x00, 0x38, 0x00, 0x1C, 0x00, 0x0E,
  0x00, 0x07, 0x00, 0x1F, 0xFC, 0x1F, 0xFC, 0x00, 0xE0, 0x00, 0x70, 0x00,
  0x38, 0x00, 0x1C, 0x07, 0x0E, 0x03, 0x86, 0x01, 0xC7, 0x00, 0xFF, 0x80,
  0x7F, 0x78, 0xF7, 0x0F, 0xF0, 0x40, 0x0B, 0x80, 0x7F, 0xFF, 0xDF, 0xFE,
  0x38, 0x71, 0xC0, 0xE7, 0x03, 0x9C, 0x0E, 0x70, 0x38, 0xE1, 0xC3, 0xFF,
  0x1F, 0xFE, 0xE7, 0xBF, 0x00, 0x74, 0x00, 0x80, 0xFF, 0x83, 0xF9, 0xF0,
  0x07, 0x87, 0x80, 0x30, 0x1C, 0x01, 0x80, 0x70, 0x18, 0x03, 0xC1, 0x80,
  0x0E, 0x08, 0x00, 0x38, 0xC0, 0x00, 0xCC, 0x00, 0x07, 0x40, 0x00, 0x1E,
  0x00, 0x3F, 0xFF, 0x80, 0x07, 0x00, 0x00, 0x38, 0x00, 0x01, 0xC0, 0x00,
  0x0E, 0x00, 0x1F, 0xFF, 0xC0, 0x03, 0x80, 0x00, 0x1C, 0x00, 0x00, 0xE0,
  0x00, 0x07, 0x80, 0x01, 0xFF, 0x00, 0xFF, 0xFF, 0xFC, 0x00, 0x3F, 0xFF,
  0xFF, 0xC0, 0x0F, 0x81, 0x9C, 0x30, 0xE7, 0x0C, 0x70, 0x07, 0x00, 0x38,
  0x03, 0xC0, 0x3E, 0x06, 0xF0, 0xE7, 0x8C, 0x3C, 0xE1, 0xEE, 0x1F, 0xF0,
  0xFF, 0x07, 0x78, 0x77, 0xC7, 0x3E, 0x60, 0xF6, 0x07, 0xC0, 0x3C, 0x01,
  0xC0, 0x0C, 0x20, 0xC3, 0x0C, 0x79, 0xC3, 0xB8, 0x1E, 0x00, 0xE1, 0xB8,
  0xFE, 0x3F, 0x06, 0x00, 0x3F, 0xC0, 0x00, 0x3C, 0x0E, 0x00, 0x0C, 0x00,
  0x70, 0x03, 0x00, 0x03, 0x00, 0x80, 0x00, 0x30, 0x20, 0x00, 0x03, 0x0C,
  0x03, 0xE0, 0x21, 0x01, 0xFE, 0x06, 0x60, 0x70, 0xE0, 0x48, 0x1C, 0x0C,
  0x0F, 0x03, 0x01, 0xC0, 0xE0, 0xE0, 0x00, 0x1C, 0x1C, 0x00, 0x03, 0x03,
  0x80, 0x00, 0x60, 0x70, 0x00, 0x0E, 0x0E, 0x00, 0x01, 0xC0, 0xC0, 0x30,
  0x28, 0x1C, 0x06, 0x0D, 0x03, 0xC0, 0xC1, 0xB0, 0x3C, 0x70, 0x23, 0x01,
  0xF8, 0x0C, 0x20, 0x00, 0x03, 0x06, 0x00, 0x00, 0xC0, 0x60, 0x00, 0x30,
  0x07, 0x00, 0x0C, 0x00, 0x38, 0x0F, 0x00, 0x01, 0xFF, 0x00, 0x00, 0x3F,
  0x1C, 0x73, 0x06, 0x60, 0xC0, 0x18, 0x3F, 0x1C, 0x67, 0x0C, 0xC1, 0x98,
  0x33, 0x8E, 0x7E, 0xF1, 0x18, 0x02, 0x04, 0x18, 0x10, 0xE0, 0xC7, 0x07,
  0x38, 0x39, 0xC3, 0xCF, 0x1E, 0x38, 0x70, 0xF1, 0xE1, 0xC3, 0xC3, 0x83,
  0x87, 0x07, 0x0E, 0x0C, 0x18, 0x10, 0x20, 0x40, 0xFF, 0xFF, 0xFF, 0xF0,
  0x00, 0xC0, 0x03, 0x00, 0x0C, 0x00, 0x30, 0x00, 0xC0, 0x03, 0xFF, 0xFF,
  0xFF, 0xFF, 0xFF, 0xFF, 0xC0, 0x00, 0x03, 0xC0, 0x00, 0x03, 0xC0, 0x00,
  0x03, 0xC2, 0x00, 0x43, 0xC7, 0x00, 0xE3, 0xC3, 0x01, 0xC3, 0xC1, 0x83,
  0x83, 0xC0, 0xC7, 0x03, 0xC0, 0x6E, 0x03, 0xC0, 0x3C, 0x03, 0xC0, 0x38,
  0x03, 0xC0, 0x7C, 0x03, 0xC0, 0xE6, 0x03, 0xC1, 0xC3, 0x03, 0xC3, 0x81,
  0x83, 0xC7, 0x00, 0xE3, 0xC2, 0x00, 0x43, 0xC0, 0x00, 0x03, 0xC0, 0x00,
  0x03, 0xC0, 0x00, 0x03, 0xC0, 0x00, 0x03, 0xFF, 0xFF, 0xFF, 0x00, 0x3F,
  0xC0, 0x00, 0x3C, 0x0E, 0x00, 0x0C, 0x00, 0x70, 0x03, 0x00, 0x03, 0x00,
  0x80, 0x00, 0x30, 0x20, 0x00, 0x03, 0x0C, 0x3F, 0x80, 0x21, 0x03, 0xFE,
  0x06, 0x60, 0x70, 0xE0, 0x48, 0x0E, 0x0C, 0x0F, 0x01, 0xC1, 0x80, 0xE0,
  0x38, 0x30, 0x1C, 0x07, 0x0C, 0x03, 0x00, 0xFE, 0x00, 0x60, 0x1C, 0xE0,
  0x0E, 0x03, 0x8E, 0x01, 0xC0, 0x70, 0xC0, 0x28, 0x0E, 0x1C, 0x0D, 0x01,
  0xC3, 0x81, 0xB0, 0x38, 0x38, 0x23, 0x0F, 0xC7, 0x8C, 0x20, 0x00, 0x03,
  0x06, 0x00, 0x00, 0xC0, 0x60, 0x00, 0x30, 0x07, 0x00, 0x0C, 0x00, 0x38,
  0x0F, 0x00, 0x01, 0xFF, 0x00, 0x00, 0xFF, 0xFF, 0xC0, 0x1F, 0x07, 0xF9,
  0x83, 0x30, 0x7E, 0x07, 0xC0, 0xD8, 0x3B, 0x06, 0x3F, 0xC3, 0xE0, 0x03,
  0x00, 0x0C, 0x00, 0x30, 0x00, 0xC0, 0x03, 0x00, 0x0C, 0x0F, 0xFF, 0xFF,
  0xFF, 0x03, 0x00, 0x0C, 0x00, 0x30, 0x00, 0xC0, 0x03, 0x00, 0x0C, 0x0F,
  0xFF, 0xFF, 0xFF, 0x1F, 0x8E, 0x3B, 0x83, 0xF0, 0x74, 0x0E, 0x01, 0xC0,
  0x38, 0x0E, 0x03, 0x80, 0x70, 0x18, 0x06, 0x01, 0x80, 0xFF, 0xFF, 0xF8,
  0x1F, 0x87, 0x1C, 0x61, 0xE6, 0x0E, 0x40, 0xE0, 0x1C, 0x03, 0x80, 0xF0,
  0x01, 0xE0, 0x0E, 0x60, 0xFE, 0x0E, 0xE0, 0xE6, 0x1C, 0x3F, 0x80, 0x0E,
  0x3C, 0x79, 0xC7, 0x1C, 0x20, 0x00, 0x60, 0x38, 0xC0, 0x71, 0x80, 0xE3,
  0x01, 0xC6, 0x03, 0x8C, 0x07, 0x18, 0x0E, 0x30, 0x1C, 0x60, 0x38, 0xC0,
  0x71, 0x80, 0xE3, 0x83, 0xCF, 0x0F, 0x9F, 0xF7, 0xBB, 0xCF, 0xF0, 0x00,
  0xE0, 0x01, 0xC0, 0x03, 0x80, 0x07, 0x00, 0x0E, 0x00, 0x0C, 0x00, 0x00,
  0x0F, 0xFC, 0xFF, 0xF7, 0xE7, 0x3F, 0x9C, 0xFE, 0x73, 0xF9, 0xCF, 0xE7,
  0x3F, 0x9C, 0xFE, 0x73, 0xF9, 0xC7, 0xE7, 0x1F, 0x9C, 0x1E, 0x70, 0x19,
  0xC0, 0x67, 0x01, 0x9C, 0x06, 0x70, 0x19, 0xC0, 0x67, 0x01, 0x9C, 0x06,
  0x70, 0x19, 0xC0, 0x67, 0x01, 0x9C, 0x0E, 0x70, 0xF9, 0xF0, 0x6F, 0xF7,
  0x30, 0x60, 0xF0, 0x70, 0xF3, 0xFF, 0x00, 0x07, 0x03, 0xE3, 0xDC, 0x73,
  0x80, 0x70, 0x0E, 0x01, 0xC0, 0x38, 0x07, 0x00, 0xE0, 0x1C, 0x03, 0x80,
  0x70, 0x1E, 0x1F, 0xF8, 0x1F, 0x83, 0x1C, 0x60, 0xEE, 0x06, 0xE0, 0x7E,
  0x07, 0xE0, 0x7E, 0x07, 0xE0, 0x66, 0x0E, 0x70, 0xC3, 0xF8, 0x06, 0x00,
  0x80, 0x81, 0x81, 0x03, 0x83, 0x03, 0x83, 0x03, 0x87, 0x83, 0x87, 0x87,
  0x87, 0x87, 0x0F, 0x1E, 0x1E, 0x38, 0x78, 0xE1, 0xE3, 0x83, 0x0E, 0x0C,
  0x18, 0x10, 0x20, 0x20, 0x00, 0x07, 0x00, 0x00, 0x00, 0x3E, 0x00, 0x38,
  0x03, 0xDC, 0x00, 0x60, 0x07, 0x38, 0x00, 0xC0, 0x00, 0x70, 0x03, 0x00,
  0x00, 0xE0, 0x06, 0x00, 0x01, 0xC0, 0x18, 0x00, 0x03, 0x80, 0x30, 0x00,
  0x07, 0x00, 0xC3, 0x80, 0x0E, 0x01, 0x87, 0x80, 0x1C, 0x06, 0x1E, 0x00,
  0x38, 0x0C, 0x38, 0x00, 0x70, 0x30, 0xF0, 0x01, 0xE0, 0x61, 0xC0, 0x1F,
  0xF9, 0x87, 0x1C, 0x00, 0x03, 0x0C, 0x38, 0x00, 0x0C, 0x38, 0x70, 0x00,
  0x18, 0x60, 0xE0, 0x00, 0x71, 0xFF, 0xF8, 0x00, 0xC3, 0xFF, 0xF0, 0x03,
  0x80, 0x07, 0x00, 0x06, 0x00, 0x0E, 0x00, 0x1C, 0x00, 0x1C, 0x00, 0x07,
  0x00, 0x00, 0x00, 0xF8, 0x00, 0xE0, 0x3D, 0xC0, 0x06, 0x01, 0xCE, 0x00,
  0x30, 0x00, 0x70, 0x03, 0x00, 0x03, 0x80, 0x18, 0x00, 0x1C, 0x01, 0x80,
  0x00, 0xE0, 0x0C, 0x00, 0x07, 0x00, 0xC7, 0xE0, 0x38, 0x06, 0xE3, 0x81,
  0xC0, 0x6E, 0x0E, 0x0E, 0x03, 0x70, 0x70, 0x70, 0x31, 0x03, 0x87, 0x81,
  0x80, 0x1D, 0xFF, 0x98, 0x00, 0xE0, 0x00, 0xC0, 0x0E, 0x00, 0x0C, 0x00,
  0xE0, 0x00, 0x60, 0x07, 0x00, 0x07, 0x00, 0x60, 0x00, 0x30, 0x06, 0x00,
  0x03, 0x80, 0x60, 0x00, 0x18, 0x0F, 0xFC, 0x01, 0xC0, 0xFF, 0xE0, 0x1F,
  0x80, 0x00, 0x01, 0xC7, 0x00, 0xE0, 0x06, 0x1E, 0x03, 0x00, 0x18, 0x38,
  0x0C, 0x00, 0x40, 0xE0, 0x60, 0x00, 0x07, 0x01, 0x80, 0x00, 0x38, 0x0C,
  0x00, 0x03, 0xC0, 0x30, 0x00, 0x01, 0xE1, 0x87, 0x00, 0x03, 0x86, 0x1E,
  0x06, 0x0F, 0x30, 0xF0, 0x38, 0x38, 0xC3, 0x80, 0xE0, 0xE6, 0x1E, 0x01,
  0x87, 0x18, 0x70, 0x03, 0xF8, 0xC3, 0x8E, 0x00, 0x03, 0x0C, 0x38, 0x00,
  0x18, 0x70, 0xE0, 0x00, 0x61, 0x83, 0x80, 0x03, 0x8F, 0xFF, 0xC0, 0x0C,
  0x3F, 0xFF, 0x00, 0x70, 0x00, 0xE0, 0x01, 0x80, 0x03, 0x80, 0x0E, 0x00,
  0x0E, 0x00, 0x03, 0x80, 0x3C, 0x01, 0xE0, 0x07, 0x00, 0x00, 0x00, 0x00,
  0x0C, 0x00, 0x60, 0x03, 0x00, 0x18, 0x01, 0x80, 0x1C, 0x01, 0xC0, 0x1C,
  0x01, 0xC0, 0x0E, 0x00, 0xE0, 0x07, 0x01, 0xF8, 0x0F, 0xE0, 0x77, 0x03,
  0x1C, 0x38, 0x7F, 0x00, 0x40, 0x03, 0x80, 0x00, 0x0E, 0x00, 0x00, 0x3C,
  0x00, 0x00, 0x78, 0x00, 0x00, 0x70, 0x00, 0x00, 0xE0, 0x00, 0x00, 0x80,
  0x00, 0x00, 0x00, 0x00, 0x00, 0x00, 0x01, 0xC0, 0x00, 0x07, 0x00, 0x00,
  0x1E, 0x00, 0x00, 0xF8, 0x00, 0x03, 0xF0, 0x00, 0x19, 0xC0, 0x00, 0x67,
  0x00, 0x01, 0x9E, 0x00, 0x0C, 0x38, 0x00, 0x30, 0xE0, 0x00, 0xC3, 0xC0,
  0x06, 0x07, 0x00, 0x18, 0x1C, 0x00, 0x7F, 0xF8, 0x03, 0x00, 0xE0, 0x0C,
  0x03, 0x80, 0x30, 0x0F, 0x01, 0x80, 0x1C, 0x06, 0x00, 0x70, 0x38, 0x01,
  0xE1, 0xE0, 0x07, 0xCF, 0xE0, 0x7F, 0xC0, 0x00, 0x06, 0x00, 0x00, 0x3C,
  0x00, 0x00, 0xF0, 0x00, 0x07, 0x00, 0x00, 0x38, 0x00, 0x01, 0x80, 0x00,
  0x04, 0x00, 0x00, 0x00, 0x00, 0x00, 0x00, 0x00, 0x01, 0xC0, 0x00, 0x07,
  0x00, 0x00, 0x1E, 0x00, 0x00, 0xF8, 0x00, 0x03, 0xF0, 0x00, 0x19, 0xC0,
  0x00, 0x67, 0x00, 0x01, 0x9E, 0x00, 0x0C, 0x38, 0x00, 0x30, 0xE0, 0x00,
  0xC3, 0xC0, 0x06, 0x07, 0x00, 0x18, 0x1C, 0x00, 0x7F, 0xF8, 0x03, 0x00,
  0xE0, 0x0C, 0x03, 0x80, 0x30, 0x0F, 0x01, 0x80, 0x1C, 0x06, 0x00, 0x70,
  0x38, 0x01, 0xE1, 0xE0, 0x07, 0xCF, 0xE0, 0x7F, 0xC0, 0x00, 0x30, 0x00,
  0x01, 0xE0, 0x00, 0x0F, 0xC0, 0x00, 0x73, 0x00, 0x01, 0x86, 0x00, 0x0C,
  0x0C, 0x00, 0x00, 0x00, 0x00, 0x00, 0x00, 0x00, 0x70, 0x00, 0x01, 0xC0,
  0x00, 0x07, 0x80, 0x00, 0x3E, 0x00, 0x00, 0xFC, 0x00, 0x06, 0x70, 0x00,
  0x19, 0xC0, 0x00, 0x67, 0x80, 0x03, 0x0E, 0x00, 0x0C, 0x38, 0x00, 0x30,
  0xF0, 0x01, 0x81, 0xC0, 0x06, 0x07, 0x00, 0x1F, 0xFE, 0x00, 0xC0, 0x38,
  0x03, 0x00, 0xE0, 0x0C, 0x03, 0xC0, 0x60, 0x07, 0x01, 0x80, 0x1C, 0x0E,
  0x00, 0x78, 0x78, 0x01, 0xF3, 0xF8, 0x1F, 0xF0, 0x01, 0xE1, 0x00, 0x0F,
  0xEC, 0x00, 0x23, 0xE0, 0x00, 0x03, 0x00, 0x00, 0x00, 0x00, 0x00, 0x00,
  0x00, 0x07, 0x00, 0x00, 0x1C, 0x00, 0x00, 0x78, 0x00, 0x03, 0xE0, 0x00,
  0x0F, 0xC0, 0x00, 0x67, 0x00, 0x01, 0x9C, 0x00, 0x06, 0x78, 0x00, 0x30,
  0xE0, 0x00, 0xC3, 0x80, 0x03, 0x0F, 0x00, 0x18, 0x1C, 0x00, 0x60, 0x70,
  0x01, 0xFF, 0xE0, 0x0C, 0x03, 0x80, 0x30, 0x0E, 0x00, 0xC0, 0x3C, 0x06,
  0x00, 0x70, 0x18, 0x01, 0xC0, 0xE0, 0x07, 0x87, 0x80, 0x1F, 0x3F, 0x81,
  0xFF, 0x03, 0x87, 0x00, 0x0E, 0x1C, 0x00, 0x38, 0x70, 0x00, 0x61, 0x80,
  0x00, 0x00, 0x00, 0x00, 0x00, 0x00, 0x00, 0x00, 0x00, 0x1C, 0x00, 0x00,
  0x70, 0x00, 0x01, 0xE0, 0x00, 0x0F, 0x80, 0x00, 0x3F, 0x00, 0x01, 0x9C,
  0x00, 0x06, 0x70, 0x00, 0x19, 0xE0, 0x00, 0xC3, 0x80, 0x03, 0x0E, 0x00,
  0x0C, 0x3C, 0x00, 0x60, 0x70, 0x01, 0x81, 0xC0, 0x07, 0xFF, 0x80, 0x30,
  0x0E, 0x00, 0xC0, 0x38, 0x03, 0x00, 0xF0, 0x18, 0x01, 0xC0, 0x60, 0x07,
  0x03, 0x80, 0x1E, 0x1E, 0x00, 0x7C, 0xFE, 0x07, 0xFC, 0x01, 0xF8, 0x00,
  0x0E, 0x70, 0x00, 0x30, 0xC0, 0x00, 0xC3, 0x00, 0x03, 0x0C, 0x00, 0x0C,
  0x30, 0x00, 0x1F, 0x80, 0x00, 0x1C, 0x00, 0x00, 0x70, 0x00, 0x01, 0xE0,
  0x00, 0x0F, 0x80, 0x00, 0x3F, 0x00, 0x01, 0x9C, 0x00, 0x06, 0x70, 0x00,
  0x19, 0xE0, 0x00, 0xC3, 0x80, 0x03, 0x0E, 0x00, 0x0C, 0x3C, 0x00, 0x60,
  0x70, 0x01, 0x81, 0xC0, 0x07, 0xFF, 0x80, 0x30, 0x0E, 0x00, 0xC0, 0x38,
  0x03, 0x00, 0xF0, 0x18, 0x01, 0xC0, 0x60, 0x07, 0x03, 0x80, 0x1E, 0x1E,
  0x00, 0x7C, 0xFE, 0x07, 0xFC, 0x00, 0xFF, 0xFF, 0xF0, 0x0F, 0xFF, 0xFF,
  0x80, 0x06, 0xF0, 0x1C, 0x00, 0x27, 0x80, 0x60, 0x03, 0x3C, 0x03, 0x00,
  0x11, 0xE0, 0x08, 0x01, 0x8F, 0x00, 0x00, 0x08, 0x78, 0x20, 0x00, 0xC3,
  0xC1, 0x00, 0x06, 0x1E, 0x18, 0x00, 0x60, 0xF0, 0xC0, 0x03, 0xFF, 0xFE,
  0x00, 0x30, 0x38, 0x30, 0x01, 0x81, 0xC0, 0x80, 0x18, 0x0E, 0x04, 0x00,
  0xC0, 0x70, 0x01, 0x0C, 0x03, 0x80, 0x08, 0x60, 0x1C, 0x00, 0xC6, 0x00,
  0xE0, 0x06, 0x70, 0x07, 0x80, 0x77, 0x80, 0x7F, 0xFF, 0xFF, 0x8F, 0xFF,
  0xFC, 0x01, 0xFE, 0x01, 0xE3, 0xE1, 0xC0, 0x38, 0xF0, 0x06, 0x38, 0x01,
  0x9E, 0x00, 0x37, 0x00, 0x0B, 0xC0, 0x00, 0xF0, 0x00, 0x3C, 0x00, 0x0F,
  0x00, 0x03, 0xC0, 0x00, 0xF0, 0x00, 0x3C, 0x00, 0x0F, 0x00, 0x01, 0xC0,
  0x00, 0x78, 0x00, 0xDE, 0x00, 0x23, 0xC0, 0x18, 0x78, 0x0E, 0x0F, 0x07,
  0x80, 0xFF, 0x80, 0x06, 0x00, 0x01, 0x80, 0x00, 0x78, 0x00, 0x07, 0x00,
  0x01, 0xC0, 0x04, 0xF0, 0x01, 0xF8, 0x00, 0x07, 0x00, 0x01, 0xC0, 0x00,
  0x78, 0x00, 0x0F, 0x00, 0x00, 0xE0, 0x00, 0x1C, 0x00, 0x01, 0x00, 0x00,
  0x00, 0x00, 0x00, 0x1F, 0xFF, 0xCF, 0xFF, 0xF0, 0x78, 0x1C, 0x1E, 0x03,
  0x07, 0x80, 0x41, 0xE0, 0x18, 0x78, 0x00, 0x1E, 0x08, 0x07, 0x86, 0x01,
  0xE1, 0x80, 0x7F, 0xE0, 0x1F, 0xF8, 0x07, 0x86, 0x01, 0xE1, 0x80, 0x78,
  0x20, 0x1E, 0x00, 0x07, 0x80, 0x31, 0xE0, 0x0C, 0x78, 0x07, 0x1E, 0x01,
  0xCF, 0xFF, 0xF7, 0xFF, 0xF8, 0x00, 0x18, 0x00, 0x0F, 0x00, 0x03, 0xC0,
  0x01, 0xC0, 0x00, 0xE0, 0x00, 0x60, 0x00, 0x10, 0x00, 0x00, 0x00, 0x00,
  0x00, 0x1F, 0xFF, 0xCF, 0xFF, 0xF0, 0x78, 0x1C, 0x1E, 0x03, 0x07, 0x80,
  0x41, 0xE0, 0x18, 0x78, 0x00, 0x1E, 0x08, 0x07, 0x86, 0x01, 0xE1, 0x80,
  0x7F, 0xE0, 0x1F, 0xF8, 0x07, 0x86, 0x01, 0xE1, 0x80, 0x78, 0x20, 0x1E,
  0x00, 0x07, 0x80, 0x31, 0xE0, 0x0C, 0x78, 0x07, 0x1E, 0x01, 0xCF, 0xFF,
  0xF7, 0xFF, 0xF8, 0x00, 0xC0, 0x00, 0x78, 0x00, 0x3F, 0x00, 0x1C, 0xC0,
  0x06, 0x18, 0x03, 0x03, 0x00, 0x00, 0x00, 0x00, 0x00, 0x7F, 0xFF, 0x3F,
  0xFF, 0xC1, 0xE0, 0x70, 0x78, 0x0C, 0x1E, 0x01, 0x07, 0x80, 0x61, 0xE0,
  0x00, 0x78, 0x20, 0x1E, 0x18, 0x07, 0x86, 0x01, 0xFF, 0x80, 0x7F, 0xE0,
  0x1E, 0x18, 0x07, 0x86, 0x01, 0xE0, 0x80, 0x78, 0x00, 0x1E, 0x00, 0xC7,
  0x80, 0x31, 0xE0, 0x1C, 0x78, 0x07, 0x3F, 0xFF, 0xDF, 0xFF, 0xE0, 0x0E,
  0x1C, 0x03, 0x87, 0x00, 0xE1, 0xC0, 0x18, 0x60, 0x00, 0x00, 0x00, 0x00,
  0x00, 0x00, 0x01, 0xFF, 0xFC, 0xFF, 0xFF, 0x07, 0x81, 0xC1, 0xE0, 0x30,
  0x78, 0x04, 0x1E, 0x01, 0x87, 0x80, 0x01, 0xE0, 0x80, 0x78, 0x60, 0x1E,
  0x18, 0x07, 0xFE, 0x01, 0xFF, 0x80, 0x78, 0x60, 0x1E, 0x18, 0x07, 0x82,
  0x01, 0xE0, 0x00, 0x78, 0x03, 0x1E, 0x00, 0xC7, 0x80, 0x71, 0xE0, 0x1C,
  0xFF, 0xFF, 0x7F, 0xFF, 0x80, 0xE0, 0x38, 0x0F, 0x01, 0xE0, 0x1C, 0x03,
  0x80, 0x20, 0x00, 0x00, 0x1F, 0xE7, 0xF8, 0x78, 0x0E, 0x03, 0x80, 0xE0,
  0x38, 0x0E, 0x03, 0x80, 0xE0, 0x38, 0x0E, 0x03, 0x80, 0xE0, 0x38, 0x0E,
  0x03, 0x80, 0xE0, 0x38, 0x0E, 0x0F, 0xC7, 0xFC, 0x03, 0x03, 0xC1, 0xE1,
  0xC1, 0xC1, 0x80, 0x80, 0x00, 0x00, 0x7F, 0xBF, 0xC7, 0x81, 0xC0, 0xE0,
  0x70, 0x38, 0x1C, 0x0E, 0x07, 0x03, 0x81, 0xC0, 0xE0, 0x70, 0x38, 0x1C,
  0x0E, 0x07, 0x03, 0x81, 0xC3, 0xF3, 0xFE, 0x0C, 0x07, 0x83, 0xF1, 0xCC,
  0x61, 0xB0, 0x30, 0x00, 0x00, 0x7F, 0x9F, 0xE1, 0xE0, 0x38, 0x0E, 0x03,
  0x80, 0xE0, 0x38, 0x0E, 0x03, 0x80, 0xE0, 0x38, 0x0E, 0x03, 0x80, 0xE0,
  0x38, 0x0E, 0x03, 0x80, 0xE0, 0x38, 0x3F, 0x1F, 0xF0, 0xE1, 0xF8, 0x7E,
  0x1D, 0x86, 0x00, 0x00, 0x00, 0x01, 0xFE, 0x7F, 0x87, 0x80, 0xE0, 0x38,
  0x0E, 0x03, 0x80, 0xE0, 0x38, 0x0E, 0x03, 0x80, 0xE0, 0x38, 0x0E, 0x03,
  0x80, 0xE0, 0x38, 0x0E, 0x03, 0x80, 0xE0, 0xFC, 0x7F, 0xC0, 0x7F, 0xF8,
  0x07, 0xFF, 0xF8, 0x07, 0x81, 0xF0, 0x3C, 0x03, 0xC1, 0xE0, 0x0F, 0x0F,
  0x00, 0x78, 0x78, 0x01, 0xE3, 0xC0, 0x0F, 0x1E, 0x00, 0x78, 0xF0, 0x03,
  0xDF, 0xF8, 0x1E, 0x3C, 0x00, 0xF1, 0xE0, 0x07, 0x8F, 0x00, 0x3C, 0x78,
  0x01, 0xE3, 0xC0, 0x0E, 0x1E, 0x00, 0x70, 0xF0, 0x07, 0x07, 0x80, 0x78,
  0x3C, 0x07, 0x83, 0xFF, 0xF0, 0x3F, 0xFE, 0x00, 0x01, 0xE1, 0x00, 0x0F,
  0xEC, 0x00, 0x23, 0xE0, 0x00, 0x03, 0x00, 0x00, 0x00, 0x00, 0x00, 0x00,
  0x0F, 0xC0, 0x1F, 0xFF, 0x00, 0xFF, 0x1E, 0x00, 0x60, 0x7C, 0x00, 0x81,
  0x70, 0x02, 0x05, 0xE0, 0x08, 0x13, 0xC0, 0x20, 0x47, 0x80, 0x81, 0x0E,
  0x02, 0x04, 0x3C, 0x08, 0x10, 0x78, 0x20, 0x40, 0xE0, 0x81, 0x03, 0xC2,
  0x04, 0x07, 0x88, 0x10, 0x0E, 0x20, 0x40, 0x1C, 0x81, 0x00, 0x7A, 0x04,
  0x00, 0xF8, 0x10, 0x01, 0xE0, 0x60, 0x03, 0x87, 0xC0, 0x0E, 0x3F, 0x80,
  0x18, 0x03, 0x80, 0x00, 0x1C, 0x00, 0x00, 0xF0, 0x00, 0x03, 0xC0, 0x00,
  0x07, 0x00, 0x00, 0x1C, 0x00, 0x00, 0x20, 0x00, 0x00, 0x00, 0x00, 0x00,
  0x00, 0x0F, 0xF0, 0x01, 0xE3, 0xC0, 0x1C, 0x03, 0x81, 0xC0, 0x1E, 0x1C,
  0x00, 0x70, 0xE0, 0x03, 0xCF, 0x00, 0x0E, 0x70, 0x00, 0x73, 0x80, 0x03,
  0xFC, 0x00, 0x1F, 0xE0, 0x00, 0xFF, 0x00, 0x07, 0xF8, 0x00, 0x3D, 0xC0,
  0x01, 0xEE, 0x00, 0x0E, 0x78, 0x00, 0x73, 0xC0, 0x07, 0x8E, 0x00, 0x38,
  0x38, 0x01, 0xC1, 0xC0, 0x1C, 0x03, 0x83, 0xC0, 0x0F, 0xF8, 0x00, 0x00,
  0x0C, 0x00, 0x00, 0xF0, 0x00, 0x07, 0x80, 0x00, 0x70, 0x00, 0x07, 0x00,
  0x00, 0x60, 0x00, 0x02, 0x00, 0x00, 0x00, 0x00, 0x00, 0x00, 0x00, 0x0F,
  0xF0, 0x01, 0xE3, 0xC0, 0x1C, 0x03, 0x81, 0xC0, 0x1E, 0x1C, 0x00, 0x70,
  0xE0, 0x03, 0xCF, 0x00, 0x0E, 0x70, 0x00, 0x73, 0x80, 0x03, 0xFC, 0x00,
  0x1F, 0xE0, 0x00, 0xFF, 0x00, 0x07, 0xF8, 0x00, 0x3D, 0xC0, 0x01, 0xEE,
  0x00, 0x0E, 0x78, 0x00, 0x73, 0xC0, 0x07, 0x8E, 0x00, 0x38, 0x38, 0x01,
  0xC1, 0xC0, 0x1C, 0x03, 0x83, 0xC0, 0x0F, 0xF8, 0x00, 0x00, 0x60, 0x00,
  0x07, 0x80, 0x00, 0x7E, 0x00, 0x07, 0x30, 0x00, 0x30, 0xC0, 0x03, 0x03,
  0x00, 0x00, 0x00, 0x00, 0x00, 0x00, 0x01, 0xFE, 0x00, 0x3C, 0x78, 0x03,
  0x80, 0x70, 0x38, 0x03, 0xC3, 0x80, 0x0E, 0x1C, 0x00, 0x79, 0xE0, 0x01,
  0xCE, 0x00, 0x0E, 0x70, 0x00, 0x7F, 0x80, 0x03, 0xFC, 0x00, 0x1F, 0xE0,
  0x00, 0xFF, 0x00, 0x07, 0xB8, 0x00, 0x3D, 0xC0, 0x01, 0xCF, 0x00, 0x0E,
  0x78, 0x00, 0xF1, 0xC0, 0x07, 0x07, 0x00, 0x38, 0x38, 0x03, 0x80, 0x70,
  0x78, 0x01, 0xFF, 0x00, 0x03, 0xC2, 0x00, 0x3F, 0xB0, 0x01, 0x1F, 0x00,
  0x00, 0x30, 0x00, 0x00, 0x00, 0x00, 0x00, 0x00, 0x07, 0xF8, 0x00, 0xF1,
  0xE0, 0x0E, 0x01, 0xC0, 0xE0, 0x0F, 0x0E, 0x00, 0x38, 0x70, 0x01, 0xE7,
  0x80, 0x07, 0x38, 0x00, 0x39, 0xC0, 0x01, 0xFE, 0x00, 0x0F, 0xF0, 0x00,
  0x7F, 0x80, 0x03, 0xFC, 0x00, 0x1E, 0xE0, 0x00, 0xF7, 0x00, 0x07, 0x3C,
  0x00, 0x39, 0xE0, 0x03, 0xC7, 0x00, 0x1C, 0x1C, 0x00, 0xE0, 0xE0, 0x0E,
  0x01, 0xC1, 0xE0, 0x07, 0xFC, 0x00, 0x07, 0x0E, 0x00, 0x38, 0x70, 0x01,
  0xC3, 0x80, 0x06, 0x18, 0x00, 0x00, 0x00, 0x00, 0x00, 0x00, 0x00, 0x00,
  0x00, 0x3F, 0xC0, 0x07, 0x8F, 0x00, 0x70, 0x0E, 0x07, 0x00, 0x78, 0x70,
  0x01, 0xC3, 0x80, 0x0F, 0x3C, 0x00, 0x39, 0xC0, 0x01, 0xCE, 0x00, 0x0F,
  0xF0, 0x00, 0x7F, 0x80, 0x03, 0xFC, 0x00, 0x1F, 0xE0, 0x00, 0xF7, 0x00,
  0x07, 0xB8, 0x00, 0x39, 0xE0, 0x01, 0xCF, 0x00, 0x1E, 0x38, 0x00, 0xE0,
  0xE0, 0x07, 0x07, 0x00, 0x70, 0x0E, 0x0F, 0x00, 0x3F, 0xE0, 0x00, 0x40,
  0x0B, 0x80, 0x77, 0x03, 0x8E, 0x1C, 0x1C, 0xE0, 0x3F, 0x00, 0x78, 0x01,
  0xE0, 0x0F, 0xC0, 0x73, 0x83, 0x87, 0x1C, 0x0E, 0xE0, 0x1D, 0x00, 0x30,
  0x00, 0x00, 0xC0, 0x00, 0x06, 0x00, 0x7F, 0xE0, 0x0F, 0x1F, 0x00, 0xE0,
  0x3C, 0x0E, 0x01, 0xF0, 0xE0, 0x1B, 0x87, 0x00, 0x9E, 0x78, 0x0C, 0x73,
  0x80, 0x43, 0x9C, 0x06, 0x1F, 0xE0, 0x20, 0xFF, 0x03, 0x07, 0xF8, 0x10,
  0x3F, 0xC1, 0x81, 0xEE, 0x08, 0x0F, 0x70, 0xC0, 0x73, 0xC4, 0x03, 0x9E,
  0x60, 0x3C, 0x72, 0x01, 0xC1, 0xF0, 0x0E, 0x0F, 0x00, 0xE0, 0x1C, 0x1E,
  0x00, 0xFF, 0xC0, 0x0C, 0x00, 0x00, 0x40, 0x00, 0x02, 0x00, 0x00, 0x01,
  0xC0, 0x00, 0x07, 0x00, 0x00, 0x1E, 0x00, 0x00, 0x3C, 0x00, 0x00, 0x38,
  0x00, 0x00, 0x70, 0x00, 0x00, 0x40, 0x00, 0x00, 0x00, 0x00, 0x00, 0x03,
  0xFE, 0x0F, 0xFF, 0xF8, 0x3F, 0xC7, 0x00, 0x18, 0x1C, 0x00, 0x60, 0x70,
  0x01, 0x81, 0xC0, 0x06, 0x07, 0x00, 0x18, 0x1C, 0x00, 0x60, 0x70, 0x01,
  0x81, 0xC0, 0x06, 0x07, 0x00, 0x18, 0x1C, 0x00, 0x60, 0x70, 0x01, 0x81,
  0xC0, 0x06, 0x07, 0x00, 0x18, 0x1C, 0x00, 0x60, 0x70, 0x01, 0x81, 0xE0,
  0x04, 0x03, 0x80, 0x30, 0x0E, 0x01, 0x80, 0x1E, 0x0E, 0x00, 0x1F, 0xE0,
  0x00, 0x00, 0x06, 0x00, 0x00, 0x3C, 0x00, 0x00, 0xF0, 0x00, 0x07, 0x00,
  0x00, 0x38, 0x00, 0x01, 0x80, 0x00, 0x04, 0x00, 0x00, 0x00, 0x00, 0x00,
  0x00, 0x03, 0xFE, 0x0F, 0xFF, 0xF8, 0x3F, 0xC7, 0x00, 0x18, 0x1C, 0x00,
  0x60, 0x70, 0x01, 0x81, 0xC0, 0x06, 0x07, 0x00, 0x18, 0x1C, 0x00, 0x60,
  0x70, 0x01, 0x81, 0xC0, 0x06, 0x07, 0x00, 0x18, 0x1C, 0x00, 0x60, 0x70,
  0x01, 0x81, 0xC0, 0x06, 0x07, 0x00, 0x18, 0x1C, 0x00, 0x60, 0x70, 0x01,
  0x81, 0xE0, 0x04, 0x03, 0x80, 0x30, 0x0E, 0x01, 0x80, 0x1E, 0x0E, 0x00,
  0x1F, 0xE0, 0x00, 0x00, 0x30, 0x00, 0x01, 0xE0, 0x00, 0x0F, 0xC0, 0x00,
  0x73, 0x00, 0x01, 0x86, 0x00, 0x0C, 0x0C, 0x00, 0x00, 0x00, 0x00, 0x00,
  0x00, 0xFF, 0x83, 0xFF, 0xFE, 0x0F, 0xF1, 0xC0, 0x06, 0x07, 0x00, 0x18,
  0x1C, 0x00, 0x60, 0x70, 0x01, 0x81, 0xC0, 0x06, 0x07, 0x00, 0x18, 0x1C,
  0x00, 0x60, 0x70, 0x01, 0x81, 0xC0, 0x06, 0x07, 0x00, 0x18, 0x1C, 0x00,
  0x60, 0x70, 0x01, 0x81, 0xC0, 0x06, 0x07, 0x00, 0x18, 0x1C, 0x00, 0x60,
  0x78, 0x01, 0x00, 0xE0, 0x0C, 0x03, 0x80, 0x60, 0x07, 0x83, 0x80, 0x07,
  0xF8, 0x00, 0x03, 0x87, 0x00, 0x0E, 0x1C, 0x00, 0x38, 0x70, 0x00, 0x61,
  0x80, 0x00, 0x00, 0x00, 0x00, 0x00, 0x00, 0x00, 0x00, 0x3F, 0xE0, 0xFF,
  0xFF, 0x83, 0xFC, 0x70, 0x01, 0x81, 0xC0, 0x06, 0x07, 0x00, 0x18, 0x1C,
  0x00, 0x60, 0x70, 0x01, 0x81, 0xC0, 0x06, 0x07, 0x00, 0x18, 0x1C, 0x00,
  0x60, 0x70, 0x01, 0x81, 0xC0, 0x06, 0x07, 0x00, 0x18, 0x1C, 0x00, 0x60,
  0x70, 0x01, 0x81, 0xC0, 0x06, 0x07, 0x00, 0x18, 0x1E, 0x00, 0x40, 0x38,
  0x03, 0x00, 0xE0, 0x18, 0x01, 0xE0, 0xE0, 0x01, 0xFE, 0x00, 0x00, 0x06,
  0x00, 0x00, 0x78, 0x00, 0x03, 0xC0, 0x00, 0x38, 0x00, 0x03, 0x80, 0x00,
  0x30, 0x00, 0x01, 0x00, 0x00, 0x00, 0x00, 0x00, 0x00, 0x07, 0xFC, 0x1F,
  0xDF, 0xE0, 0xFC, 0x3C, 0x01, 0x80, 0xE0, 0x0C, 0x07, 0x80, 0xC0, 0x1C,
  0x06, 0x00, 0xF0, 0x60, 0x03, 0x83, 0x00, 0x1E, 0x30, 0x00, 0x71, 0x00,
  0x03, 0xD8, 0x00, 0x0E, 0x80, 0x00, 0x7C, 0x00, 0x01, 0xC0, 0x00, 0x0E,
  0x00, 0x00, 0x70, 0x00, 0x03, 0x80, 0x00, 0x1C, 0x00, 0x00, 0xE0, 0x00,
  0x07, 0x00, 0x00, 0x7C, 0x00, 0x0F, 0xFC, 0x00, 0x7F, 0x80, 0x7F, 0xC0,
  0x07, 0x80, 0x03, 0xC0, 0x01, 0xFF, 0x00, 0xFF, 0xF0, 0x78, 0x3C, 0x3C,
  0x0F, 0x1E, 0x03, 0x8F, 0x01, 0xC7, 0x80, 0xE3, 0xC0, 0x71, 0xE0, 0x38,
  0xF0, 0x3C, 0x78, 0x1C, 0x3C, 0x3C, 0x1F, 0xF8, 0x0F, 0x00, 0x07, 0x80,
  0x03, 0xC0, 0x03, 0xF0, 0x03, 0xFE, 0x00, 0x01, 0xE0, 0x07, 0x78, 0x0C,
  0x1C, 0x1C, 0x1C, 0x18, 0x1C, 0x18, 0x1C, 0x38, 0x1C, 0x38, 0x30, 0x38,
  0x60, 0x38, 0xC0, 0x38, 0xE0, 0x38, 0xF0, 0x38, 0xF8, 0x38, 0x7C, 0x38,
  0x3C, 0x38, 0x1E, 0x38, 0x0F, 0x38, 0x07, 0x38, 0x07, 0x38, 0x07, 0x39,
  0x87, 0x39, 0x86, 0x79, 0xCE, 0xF8, 0xFC, 0x30, 0x00, 0xE0, 0x03, 0xC0,
  0x07, 0x80, 0x06, 0x00, 0x0C, 0x00, 0x18, 0x00, 0x00, 0x03, 0x00, 0x7F,
  0x87, 0x8F, 0x1C, 0x1C, 0x70, 0x70, 0x81, 0xC0, 0x07, 0x00, 0xFC, 0x1E,
  0x70, 0xE1, 0xC7, 0x07, 0x1C, 0x1C, 0xF0, 0x71, 0xC1, 0xC7, 0xBB, 0xCF,
  0xCF, 0x00, 0xE0, 0x07, 0x80, 0x1E, 0x00, 0xE0, 0x07, 0x00, 0x38, 0x00,
  0x80, 0x00, 0x00, 0x03, 0x00, 0x7F, 0x87, 0x8F, 0x1C, 0x1C, 0x70, 0x70,
  0x81, 0xC0, 0x07, 0x00, 0xFC, 0x1E, 0x70, 0xE1, 0xC7, 0x07, 0x1C, 0x1C,
  0xF0, 0x71, 0xC1, 0xC7, 0xBB, 0xCF, 0xCF, 0x03, 0x00, 0x1E, 0x00, 0x78,
  0x03, 0xF0, 0x1C, 0xE0, 0x61, 0x83, 0x03, 0x00, 0x00, 0x03, 0x00, 0x7F,
  0x87, 0x8F, 0x1C, 0x1C, 0x70, 0x70, 0x81, 0xC0, 0x07, 0x00, 0xFC, 0x1E,
  0x70, 0xE1, 0xC7, 0x07, 0x1C, 0x1C, 0xF0, 0x71, 0xC1, 0xC7, 0xBB, 0xCF,
  0xCF, 0x04, 0x00, 0x78, 0x43, 0xFF, 0x0C, 0xF8, 0x01, 0xC0, 0x00, 0x00,
  0x30, 0x07, 0xF8, 0x78, 0xF1, 0xC1, 0xC7, 0x07, 0x08, 0x1C, 0x00, 0x70,
  0x0F, 0xC1, 0xE7, 0x0E, 0x1C, 0x70, 0x71, 0xC1, 0xCF, 0x07, 0x1C, 0x1C,
  0x7B, 0xBC, 0xFC, 0xF0, 0x18, 0x60, 0xE1, 0xC3, 0x87, 0x0E, 0x18, 0x00,
  0x00, 0x00, 0x00, 0x30, 0x07, 0xF8, 0x78, 0xF1, 0xC1, 0xC7, 0x07, 0x08,
  0x1C, 0x00, 0x70, 0x0F, 0xC1, 0xE7, 0x0E, 0x1C, 0x70, 0x71, 0xC1, 0xCF,
  0x07, 0x1C, 0x1C, 0x7B, 0xBC, 0xFC, 0xF0, 0x07, 0x80, 0x3F, 0x81, 0x86,
  0x06, 0x18, 0x18, 0x60, 0x61, 0x80, 0xFC, 0x01, 0xE0, 0x00, 0x00, 0x0C,
  0x01, 0xFE, 0x1E, 0x3C, 0x70, 0x71, 0xC1, 0xC2, 0x07, 0x00, 0x1C, 0x03,
  0xF0, 0x79, 0xC3, 0x87, 0x1C, 0x1C, 0x70, 0x73, 0xC1, 0xC7, 0x07, 0x1E,
  0xEF, 0x3F, 0x3C, 0x02, 0x01, 0x00, 0xFE, 0x7F, 0x1C, 0x3E, 0x3C, 0xE0,
  0xE0, 0xEE, 0x07, 0x07, 0xB0, 0x38, 0x1C, 0x01, 0xC0, 0xE0, 0xFF, 0xFF,
  0x1E, 0x70, 0x01, 0xC3, 0x80, 0x1C, 0x1C, 0x00, 0xE0, 0xE0, 0x07, 0x07,
  0x00, 0x38, 0x3C, 0x09, 0xE6, 0xF1, 0x87, 0xE3, 0xF8, 0x01, 0x01, 0xFE,
  0x3C, 0x77, 0x07, 0x70, 0x3F, 0x03, 0xE0, 0x0E, 0x00, 0xE0, 0x0E, 0x00,
  0xE0, 0x0F, 0x00, 0x70, 0x07, 0x81, 0x3C, 0x61, 0xFC, 0x06, 0x00, 0x60,
  0x07, 0x80, 0x1C, 0x01, 0xC1, 0x3C, 0x1F, 0x80, 0x30, 0x01, 0xC0, 0x0F,
  0x00, 0x3C, 0x00, 0x60, 0x01, 0x80, 0x06, 0x00, 0x00, 0x03, 0x00, 0xFF,
  0x0E, 0x3C, 0xE0, 0xE7, 0x07, 0xF0, 0x1F, 0x80, 0xFF, 0xFF, 0xE0, 0x07,
  0x00, 0x3C, 0x01, 0xE0, 0x07, 0x00, 0x3C, 0x08, 0xF1, 0xC3, 0xF8, 0x00,
  0x70, 0x07, 0x80, 0x3C, 0x03, 0x80, 0x38, 0x03, 0x80, 0x10, 0x00, 0x00,
  0x03, 0x00, 0xFF, 0x0E, 0x3C, 0xE0, 0xE7, 0x07, 0xF0, 0x1F, 0x80, 0xFF,
  0xFF, 0xE0, 0x07, 0x00, 0x3C, 0x01, 0xE0, 0x07, 0x00, 0x3C, 0x08, 0xF1,
  0xC3, 0xF8, 0x03, 0x00, 0x3C, 0x01, 0xE0, 0x1F, 0x81, 0xCE, 0x0C, 0x30,
  0xC0, 0xC0, 0x00, 0x03, 0x00, 0xFF, 0x0E, 0x3C, 0xE0, 0xE7, 0x07, 0xF0,
  0x1F, 0x80, 0xFF, 0xFF, 0xE0, 0x07, 0x00, 0x3C, 0x01, 0xE0, 0x07, 0x00,
  0x3C, 0x08, 0xF1, 0xC3, 0xF8, 0x18, 0x61, 0xC3, 0x8E, 0x1C, 0x70, 0xC0,
  0x00, 0x00, 0x00, 0x0C, 0x03, 0xFC, 0x38, 0xF3, 0x83, 0x9C, 0x1F, 0xC0,
  0x7E, 0x03, 0xFF, 0xFF, 0x80, 0x1C, 0x00, 0xF0, 0x07, 0x80, 0x1C, 0x00,
  0xF0, 0x23, 0xC7, 0x0F, 0xE0, 0xC0, 0x70, 0x3C, 0x0F, 0x01, 0x80, 0x60,
  0x18, 0x00, 0x00, 0x3E, 0x0F, 0x03, 0x81, 0xC0, 0xE0, 0x70, 0x38, 0x1C,
  0x0E, 0x07, 0x03, 0x81, 0xC0, 0xE0, 0x78, 0xFF, 0x07, 0x0F, 0x0F, 0x1C,
  0x38, 0x70, 0x40, 0x00, 0x00, 0xF8, 0x78, 0x38, 0x38, 0x38, 0x38, 0x38,
  0x38, 0x38, 0x38, 0x38, 0x38, 0x38, 0x3C, 0xFF, 0x0C, 0x07, 0x81, 0xE0,
  0xFC, 0x73, 0x98, 0x6C, 0x0C, 0x00, 0x00, 0x1F, 0x03, 0xC0, 0x70, 0x1C,
  0x07, 0x01, 0xC0, 0x70, 0x1C, 0x07, 0x01, 0xC0, 0x70, 0x1C, 0x07, 0x01,
  0xE1, 0xFE, 0x61, 0xB8, 0x7E, 0x1F, 0x86, 0x00, 0x00, 0x00, 0x01, 0xF0,
  0x3C, 0x07, 0x01, 0xC0, 0x70, 0x1C, 0x07, 0x01, 0xC0, 0x70, 0x1C, 0x07,
  0x01, 0xC0, 0x70, 0x1E, 0x1F, 0xE0, 0x20, 0x20, 0xF3, 0x81, 0xF8, 0x00,
  0xE0, 0x07, 0xC0, 0x63, 0x81, 0x07, 0x00, 0x1C, 0x00, 0x38, 0x00, 0xE0,
  0xF9, 0x87, 0xFF, 0x38, 0x3D, 0xC0, 0x77, 0x01, 0xFC, 0x07, 0xE0, 0x1F,
  0x80, 0x7E, 0x01, 0xF8, 0x07, 0xF0, 0x1D, 0xC0, 0xE7, 0x03, 0x8F, 0x1C,
  0x0F, 0xE0, 0x01, 0x00, 0x03, 0xC2, 0x03, 0xFF, 0x01, 0x9F, 0x00, 0x07,
  0x00, 0x00, 0x00, 0x00, 0x81, 0xF3, 0xF8, 0x7B, 0x9C, 0x1E, 0x07, 0x0E,
  0x03, 0x87, 0x01, 0xC3, 0x80, 0xE1, 0xC0, 0x70, 0xE0, 0x38, 0x70, 0x1C,
  0x38, 0x0E, 0x1C, 0x07, 0x0E, 0x03, 0x87, 0x01, 0xC3, 0xC1, 0xE7, 0xF1,
  0xFC, 0x18, 0x00, 0x38, 0x00, 0x78, 0x00, 0x78, 0x00, 0x30, 0x00, 0x30,
  0x00, 0x30, 0x00, 0x00, 0x01, 0x00, 0x1F, 0xC0, 0xE1, 0xE1, 0x81, 0xC7,
  0x01, 0xCE, 0x03, 0xBC, 0x07, 0xF0, 0x0F, 0xE0, 0x1F, 0xC0, 0x3F, 0xC0,
  0x7B, 0x80, 0xE7, 0x01, 0xC6, 0x07, 0x0E, 0x1C, 0x07, 0xF0, 0x00, 0x70,
  0x01, 0xE0, 0x03, 0xC0, 0x0E, 0x00, 0x38, 0x00, 0xE0, 0x01, 0x00, 0x00,
  0x00, 0x01, 0x00, 0x1F, 0xC0, 0xE1, 0xE1, 0x81, 0xC7, 0x01, 0xCE, 0x03,
  0xBC, 0x07, 0xF0, 0x0F, 0xE0, 0x1F, 0xC0, 0x3F, 0xC0, 0x7B, 0x80, 0xE7,
  0x01, 0xC6, 0x07, 0x0E, 0x1C, 0x07, 0xF0, 0x03, 0x00, 0x0F, 0x00, 0x1E,
  0x00, 0x7E, 0x01, 0xCE, 0x03, 0x0C, 0x0C, 0x0C, 0x00, 0x00, 0x01, 0x00,
  0x1F, 0xC0, 0xE1, 0xE1, 0x81, 0xC7, 0x01, 0xCE, 0x03, 0xBC, 0x07, 0xF0,
  0x0F, 0xE0, 0x1F, 0xC0, 0x3F, 0xC0, 0x7B, 0x80, 0xE7, 0x01, 0xC6, 0x07,
  0x0E, 0x1C, 0x07, 0xF0, 0x04, 0x00, 0x3C, 0x20, 0xFF, 0xC1, 0x9F, 0x00,
  0x1C, 0x00, 0x00, 0x00, 0x40, 0x07, 0xF0, 0x38, 0x78, 0x60, 0x71, 0xC0,
  0x73, 0x80, 0xEF, 0x01, 0xFC, 0x03, 0xF8, 0x07, 0xF0, 0x0F, 0xF0, 0x1E,
  0xE0, 0x39, 0xC0, 0x71, 0x81, 0xC3, 0x87, 0x01, 0xFC, 0x00, 0x18, 0x60,
  0x70, 0xE0, 0xE1, 0xC1, 0xC3, 0x00, 0x00, 0x00, 0x00, 0x00, 0x40, 0x07,
  0xF0, 0x38, 0x78, 0x60, 0x71, 0xC0, 0x73, 0x80, 0xEF, 0x01, 0xFC, 0x03,
  0xF8, 0x07, 0xF0, 0x0F, 0xF0, 0x1E, 0xE0, 0x39, 0xC0, 0x71, 0x81, 0xC3,
  0x87, 0x01, 0xFC, 0x00, 0x03, 0x00, 0x1E, 0x00, 0x78, 0x01, 0xE0, 0x01,
  0x00, 0x00, 0x00, 0x00, 0x3F, 0xFF, 0xFF, 0xFC, 0x00, 0x00, 0x00, 0x00,
  0x00, 0x03, 0x00, 0x1E, 0x00, 0x78, 0x01, 0xE0, 0x03, 0x00, 0x00, 0x18,
  0x02, 0x20, 0x3F, 0xC1, 0xC3, 0xC3, 0x07, 0x8E, 0x0B, 0x9C, 0x37, 0x78,
  0xCF, 0xE1, 0x9F, 0xC6, 0x3F, 0x8C, 0x7F, 0xB0, 0xF7, 0x41, 0xCF, 0x83,
  0x8E, 0x0E, 0x1C, 0x38, 0x1F, 0xE0, 0x60, 0x00, 0x80, 0x00, 0x18, 0x00,
  0x1C, 0x00, 0x1E, 0x00, 0x0F, 0x00, 0x03, 0x00, 0x01, 0x80, 0x00, 0xC0,
  0x00, 0x00, 0x00, 0x00, 0xF8, 0xFC, 0x38, 0x3C, 0x38, 0x1C, 0x38, 0x1C,
  0x38, 0x1C, 0x38, 0x1C, 0x38, 0x1C, 0x38, 0x1C, 0x38, 0x1C, 0x38, 0x1C,
  0x38, 0x1C, 0x38, 0x1C, 0x38, 0x3C, 0x1F, 0xFC, 0x1F, 0xCF, 0x00, 0x38,
  0x00, 0x78, 0x00, 0x78, 0x00, 0xE0, 0x01, 0xC0, 0x03, 0x80, 0x02, 0x00,
  0x00, 0x00, 0x00, 0x00, 0xF8, 0xFC, 0x38, 0x3C, 0x38, 0x1C, 0x38, 0x1C,
  0x38, 0x1C, 0x38, 0x1C, 0x38, 0x1C, 0x38, 0x1C, 0x38, 0x1C, 0x38, 0x1C,
  0x38, 0x1C, 0x38, 0x1C, 0x38, 0x3C, 0x1F, 0xFC, 0x1F, 0xCF, 0x01, 0x80,
  0x03, 0xC0, 0x03, 0xC0, 0x07, 0xE0, 0x0E, 0x70, 0x0C, 0x30, 0x18, 0x18,
  0x00, 0x00, 0x00, 0x00, 0xF8, 0xFC, 0x38, 0x3C, 0x38, 0x1C, 0x38, 0x1C,
  0x38, 0x1C, 0x38, 0x1C, 0x38, 0x1C, 0x38, 0x1C, 0x38, 0x1C, 0x38, 0x1C,
  0x38, 0x1C, 0x38, 0x1C, 0x38, 0x3C, 0x1F, 0xFC, 0x1F, 0xCF, 0x0C, 0x30,
  0x1C, 0x38, 0x1C, 0x38, 0x1C, 0x30, 0x00, 0x00, 0x00, 0x00, 0x00, 0x00,
  0xF8, 0xFC, 0x38, 0x3C, 0x38, 0x1C, 0x38, 0x1C, 0x38, 0x1C, 0x38, 0x1C,
  0x38, 0x1C, 0x38, 0x1C, 0x38, 0x1C, 0x38, 0x1C, 0x38, 0x1C, 0x38, 0x1C,
  0x38, 0x3C, 0x1F, 0xFC, 0x1F, 0xCF, 0x00, 0x70, 0x00, 0xF0, 0x00, 0xF0,
  0x01, 0xC0, 0x03, 0x80, 0x07, 0x00, 0x04, 0x00, 0x00, 0x00, 0x00, 0x00,
  0xFE, 0x3F, 0x78, 0x0C, 0x38, 0x0C, 0x1C, 0x18, 0x1C, 0x18, 0x1C, 0x18,
  0x0E, 0x30, 0x0E, 0x30, 0x06, 0x20, 0x07, 0x60, 0x07, 0x60, 0x03, 0x40,
  0x03, 0xC0, 0x01, 0xC0, 0x01, 0x80, 0x01, 0x80, 0x01, 0x00, 0x03, 0x00,
  0x23, 0x00, 0x76, 0x00, 0x7C, 0x00, 0x38, 0x00, 0xF8, 0x00, 0xF8, 0x00,
  0x38, 0x00, 0x38, 0x00, 0x38, 0x00, 0x38, 0x00, 0x38, 0x00, 0x38, 0x00,
  0x38, 0x40, 0x3B, 0xF8, 0x3E, 0x1C, 0x38, 0x0E, 0x38, 0x0E, 0x38, 0x07,
  0x38, 0x07, 0x38, 0x07, 0x38, 0x07, 0x38, 0x07, 0x38, 0x07, 0x38, 0x07,
  0x38, 0x0E, 0x38, 0x0E, 0x3C, 0x1C, 0x3F, 0xF8, 0x38, 0x00, 0x38, 0x00,
  0x38, 0x00, 0x38, 0x00, 0x38, 0x00, 0x7E, 0x00, 0xFF, 0x00, 0x0C, 0x30,
  0x1C, 0x38, 0x1C, 0x38, 0x1C, 0x30, 0x00, 0x00, 0x00, 0x00, 0x00, 0x00,
  0xFE, 0x3F, 0x78, 0x0C, 0x38, 0x0C, 0x1C, 0x18, 0x1C, 0x18, 0x1C, 0x18,
  0x0E, 0x30, 0x0E, 0x30, 0x06, 0x20, 0x07, 0x60, 0x07, 0x60, 0x03, 0x40,
  0x03, 0xC0, 0x01, 0xC0, 0x01, 0x80, 0x01, 0x80, 0x01, 0x00, 0x03, 0x00,
  0x23, 0x00, 0x76, 0x00, 0x7C, 0x00, 0x38, 0x00 };

const GFXglyph Gelasio_Regular16pt8bGlyphs[] PROGMEM = {
  {     0,   1,   1,   8,    0,    0 },   // 0x20 ' '
  {     1,   4,  23,  10,    3,  -22 },   // 0x21 '!'
  {    13,  11,  11,  13,    2,  -25 },   // 0x22 '"'
  {    29,  17,  22,  20,    2,  -21 },   // 0x23 '#'
  {    76,  15,  28,  19,    2,  -23 },   // 0x24 '$'
  {   129,  22,  22,  26,    2,  -21 },   // 0x25 '%'
  {   190,  21,  22,  22,    1,  -21 },   // 0x26 '&'
  {   248,   4,  11,   7,    2,  -25 },   // 0x27 '''
  {   254,   9,  28,  12,    1,  -22 },   // 0x28 '('
  {   286,   9,  28,  12,    1,  -22 },   // 0x29 ')'
  {   318,  13,  13,  15,    1,  -23 },   // 0x2A '*'
  {   340,  15,  15,  20,    3,  -15 },   // 0x2B '+'
  {   369,   4,  10,   8,    2,   -3 },   // 0x2C ','
  {   374,   8,   2,  12,    2,   -9 },   // 0x2D '-'
  {   376,   4,   4,   8,    2,   -3 },   // 0x2E '.'
  {   378,   9,  31,  15,    3,  -23 },   // 0x2F '/'
  {   413,  15,  18,  19,    2,  -17 },   // 0x30 '0'
  {   447,  10,  18,  13,    2,  -17 },   // 0x31 '1'
  {   470,  14,  18,  18,    2,  -17 },   // 0x32 '2'
  {   502,  15,  24,  17,    1,  -17 },   // 0x33 '3'
  {   547,  16,  23,  18,    1,  -17 },   // 0x34 '4'
  {   593,  14,  24,  17,    1,  -17 },   // 0x35 '5'
  {   635,  15,  23,  18,    1,  -22 },   // 0x36 '6'
  {   679,  14,  23,  16,    1,  -17 },   // 0x37 '7'
  {   720,  15,  22,  19,    2,  -21 },   // 0x38 '8'
  {   762,  15,  23,  18,    1,  -17 },   // 0x39 '9'
  {   806,   4,  15,  10,    3,  -14 },   // 0x3A ':'
  {   814,   4,  21,  10,    3,  -14 },   // 0x3B ';'
  {   825,  14,  17,  20,    3,  -16 },   // 0x3C '<'
  {   855,  14,  11,  20,    3,  -13 },   // 0x3D '='
  {   875,  14,  17,  20,    3,  -16 },   // 0x3E '>'
  {   905,  13,  23,  15,    1,  -22 },   // 0x3F '?'
  {   943,  25,  26,  29,    2,  -20 },   // 0x40 '@'
  {  1025,  22,  22,  21,    0,  -21 },   // 0x41 'A'
  {  1086,  18,  22,  20,    1,  -21 },   // 0x42 'B'
  {  1136,  18,  22,  20,    1,  -21 },   // 0x43 'C'
  {  1186,  21,  22,  23,    1,  -21 },   // 0x44 'D'
  {  1244,  18,  22,  20,    1,  -21 },   // 0x45 'E'
  {  1294,  17,  22,  19,    1,  -21 },   // 0x46 'F'
  {  1341,  21,  22,  23,    1,  -21 },   // 0x47 'G'
  {  1399,  23,  22,  26,    1,  -21 },   // 0x48 'H'
  {  1463,   9,  22,  12,    2,  -21 },   // 0x49 'I'
  {  1488,  14,  22,  16,    1,  -21 },   // 0x4A 'J'
  {  1527,  21,  22,  22,    1,  -21 },   // 0x4B 'K'
  {  1585,  17,  22,  19,    1,  -21 },   // 0x4C 'L'
  {  1632,  27,  22,  29,    1,  -21 },   // 0x4D 'M'
  {  1707,  22,  22,  24,    1,  -21 },   // 0x4E 'N'
  {  1768,  21,  22,  23,    1,  -21 },   // 0x4F 'O'
  {  1826,  17,  22,  19,    1,  -21 },   // 0x50 'P'
  {  1873,  21,  29,  23,    1,  -21 },   // 0x51 'Q'
  {  1950,  21,  22,  22,    1,  -21 },   // 0x52 'R'
  {  2008,  14,  22,  18,    2,  -21 },   // 0x53 'S'
  {  2047,  18,  22,  19,    1,  -21 },   // 0x54 'T'
  {  2097,  22,  22,  24,    1,  -21 },   // 0x55 'U'
  {  2158,  23,  22,  21,   -1,  -21 },   // 0x56 'V'
  {  2222,  31,  22,  31,    0,  -21 },   // 0x57 'W'
  {  2308,  21,  22,  22,    0,  -21 },   // 0x58 'X'
  {  2366,  21,  22,  19,   -1,  -21 },   // 0x59 'Y'
  {  2424,  17,  22,  19,    1,  -21 },   // 0x5A 'Z'
  {  2471,   6,  29,  12,    3,  -23 },   // 0x5B '['
  {  2493,   9,  31,  15,    1,  -22 },   // 0x5C '\'
  {  2528,   7,  29,  12,    2,  -23 },   // 0x5D ']'
  {  2554,  16,  17,  20,    2,  -21 },   // 0x5E '^'
  {  2588,  21,   2,  20,    0,    4 },   // 0x5F '_'
  {  2594,   7,   7,  16,    5,  -23 },   // 0x60 '`'
  {  2601,  14,  16,  16,    1,  -15 },   // 0x61 'a'
  {  2629,  16,  24,  18,    0,  -23 },   // 0x62 'b'
  {  2677,  12,  16,  14,    1,  -15 },   // 0x63 'c'
  {  2701,  16,  24,  18,    1,  -23 },   // 0x64 'd'
  {  2749,  13,  16,  15,    1,  -15 },   // 0x65 'e'
  {  2775,  10,  24,  10,    1,  -23 },   // 0x66 'f'
  {  2805,  15,  23,  16,    1,  -15 },   // 0x67 'g'
  {  2849,  18,  24,  18,    0,  -23 },   // 0x68 'h'
  {  2903,   8,  22,   9,    1,  -21 },   // 0x69 'i'
  {  2925,   8,  29,   9,   -1,  -21 },   // 0x6A 'j'
  {  2954,  17,  24,  17,    0,  -23 },   // 0x6B 'k'
  {  3005,   8,  24,   9,    0,  -23 },   // 0x6C 'l'
  {  3029,  26,  16,  28,    1,  -15 },   // 0x6D 'm'
  {  3081,  17,  16,  19,    1,  -15 },   // 0x6E 'n'
  {  3115,  15,  16,  17,    1,  -15 },   // 0x6F 'o'
  {  3145,  16,  23,  18,    0,  -15 },   // 0x70 'p'
  {  3191,  17,  23,  18,    1,  -15 },   // 0x71 'q'
  {  3240,  11,  16,  13,    1,  -15 },   // 0x72 'r'
  {  3262,  11,  16,  14,    1,  -15 },   // 0x73 's'
  {  3284,  11,  20,  11,    0,  -19 },   // 0x74 't'
  {  3312,  16,  15,  18,    1,  -14 },   // 0x75 'u'
  {  3342,  17,  15,  16,   -1,  -14 },   // 0x76 'v'
  {  3374,  24,  15,  23,   -1,  -14 },   // 0x77 'w'
  {  3419,  15,  15,  16,    0,  -14 },   // 0x78 'x'
  {  3448,  16,  22,  15,    0,  -14 },   // 0x79 'y'
  {  3492,  12,  15,  14,    1,  -14 },   // 0x7A 'z'
  {  3515,  12,  29,  13,    1,  -23 },   // 0x7B '{'
  {  3559,   2,  29,  12,    5,  -22 },   // 0x7C '|'
  {  3567,  11,  29,  13,    1,  -23 },   // 0x7D '}'
  {  3607,  14,   5,  20,    3,  -10 },   // 0x7E '~'
  {  3616,   1,   1,   0,    0,    0 },   // 0x7F
  {  3617,  24,  24,  31,    4,  -23 },   // 0x80
  {  3689,  24,  24,  31,    4,  -23 },   // 0x81
  {  3761,  24,  24,  31,    4,  -23 },   // 0x82
  {  3833,  24,  24,  31,    4,  -23 },   // 0x83
  {  3905,  24,  24,  31,    4,  -23 },   // 0x84
  {  3977,  24,  24,  31,    4,  -23 },   // 0x85
  {  4049,  24,  24,  31,    4,  -23 },   // 0x86
  {  4121,  24,  24,  31,    4,  -23 },   // 0x87
  {  4193,  24,  24,  31,    4,  -23 },   // 0x88
  {  4265,  24,  24,  31,    4,  -23 },   // 0x89
  {  4337,  24,  24,  31,    4,  -23 },   // 0x8A
  {  4409,  24,  24,  31,    4,  -23 },   // 0x8B
  {  4481,  24,  24,  31,    4,  -23 },   // 0x8C
  {  4553,  24,  24,  31,    4,  -23 },   // 0x8D
  {  4625,  24,  24,  31,    4,  -23 },   // 0x8E
  {  4697,  24,  24,  31,    4,  -23 },   // 0x8F
  {  4769,  24,  24,  31,    4,  -23 },   // 0x90
  {  4841,  24,  24,  31,    4,  -23 },   // 0x91
  {  4913,  24,  24,  31,    4,  -23 },   // 0x92
  {  4985,  24,  24,  31,    4,  -23 },   // 0x93
  {  5057,  24,  24,  31,    4,  -23 },   // 0x94
  {  5129,  24,  24,  31,    4,  -23 },   // 0x95
  {  5201,  24,  24,  31,    4,  -23 },   // 0x96
  {  5273,  24,  24,  31,    4,  -23 },   // 0x97
  {  5345,  24,  24,  31,    4,  -23 },   // 0x98
  {  5417,  24,  24,  31,    4,  -23 },   // 0x99
  {  5489,  24,  24,  31,    4,  -23 },   // 0x9A
  {  5561,  24,  24,  31,    4,  -23 },   // 0x9B
  {  5633,  24,  24,  31,    4,  -23 },   // 0x9C
  {  5705,  24,  24,  31,    4,  -23 },   // 0x9D
  {  5777,  24,  24,  31,    4,  -23 },   // 0x9E
  {  5849,  24,  24,  31,    4,  -23 },   // 0x9F
  {  5921,   1,   1,   8,    0,    0 },   // 0xA0
  {  5922,   4,  24,  10,    3,  -21 },   // 0xA1
  {  5934,  13,  22,  17,    2,  -18 },   // 0xA2
  {  5970,  17,  22,  19,    1,  -21 },   // 0xA3
  {  6017,  14,  15,  18,    2,  -15 },   // 0xA4
  {  6044,  21,  22,  19,   -1,  -21 },   // 0xA5
  {  6102,   2,  29,  12,    5,  -22 },   // 0xA6
  {  6110,  12,  29,  16,    2,  -21 },   // 0xA7
  {  6154,  10,   4,  16,    3,  -22 },   // 0xA8
  {  6159,  27,  27,  30,    1,  -22 },   // 0xA9
  {  6251,  11,  13,  16,    3,  -21 },   // 0xAA
  {  6269,  14,  15,  18,    2,  -15 },   // 0xAB
  {  6296,  14,   8,  20,    3,   -9 },   // 0xAC
  {  6310,  24,  24,  31,    4,  -23 },   // 0xAD
  {  6382,  27,  27,  30,    1,  -22 },   // 0xAE
  {  6474,   9,   2,  20,    0,  -20 },   // 0xAF
  {  6477,  11,  10,  13,    1,  -21 },   // 0xB0
  {  6491,  14,  16,  20,    3,  -15 },   // 0xB1
  {  6519,  11,  15,  16,    2,  -26 },   // 0xB2
  {  6540,  12,  15,  16,    2,  -26 },   // 0xB3
  {  6563,   7,   7,  16,    4,  -23 },   // 0xB4
  {  6570,  15,  22,  18,    2,  -14 },   // 0xB5
  {  6612,  14,  26,  16,    1,  -21 },   // 0xB6
  {  6658,   4,   4,   9,    2,  -12 },   // 0xB7
  {  6660,   7,   7,   8,    1,    1 },   // 0xB8
  {  6667,  11,  15,  16,    2,  -26 },   // 0xB9
  {  6688,  12,  13,  16,    2,  -21 },   // 0xBA
  {  6708,  15,  15,  18,    2,  -15 },   // 0xBB
  {  6737,  31,  23,  33,    1,  -22 },   // 0xBC
  {  6827,  29,  23,  33,    1,  -22 },   // 0xBD
  {  6911,  30,  23,  33,    3,  -22 },   // 0xBE
  {  6998,  13,  24,  15,    1,  -21 },   // 0xBF
  {  7037,  22,  31,  21,    0,  -30 },   // 0xC0
  {  7123,  22,  31,  21,    0,  -30 },   // 0xC1
  {  7209,  22,  30,  21,    0,  -29 },   // 0xC2
  {  7292,  22,  28,  21,    0,  -27 },   // 0xC3
  {  7369,  22,  29,  21,    0,  -28 },   // 0xC4
  {  7449,  22,  29,  21,    0,  -28 },   // 0xC5
  {  7529,  29,  22,  30,   -1,  -21 },   // 0xC6
  {  7609,  18,  29,  20,    1,  -21 },   // 0xC7
  {  7675,  18,  31,  20,    1,  -30 },   // 0xC8
  {  7745,  18,  31,  20,    1,  -30 },   // 0xC9
  {  7815,  18,  30,  20,    1,  -29 },   // 0xCA
  {  7883,  18,  29,  20,    1,  -28 },   // 0xCB
  {  7949,  10,  31,  12,    1,  -30 },   // 0xCC
  {  7988,   9,  31,  12,    2,  -30 },   // 0xCD
  {  8023,  10,  30,  12,    1,  -29 },   // 0xCE
  {  8061,  10,  29,  12,    1,  -28 },   // 0xCF
  {  8098,  21,  22,  23,    1,  -21 },   // 0xD0
  {  8156,  22,  28,  24,    1,  -27 },   // 0xD1
  {  8233,  21,  31,  23,    1,  -30 },   // 0xD2
  {  8315,  21,  31,  23,    1,  -30 },   // 0xD3
  {  8397,  21,  30,  23,    1,  -29 },   // 0xD4
  {  8476,  21,  28,  23,    1,  -27 },   // 0xD5
  {  8550,  21,  29,  23,    1,  -28 },   // 0xD6
  {  8627,  14,  14,  20,    3,  -15 },   // 0xD7
  {  8652,  21,  27,  23,    1,  -23 },   // 0xD8
  {  8723,  22,  31,  24,    1,  -30 },   // 0xD9
  {  8809,  22,  31,  24,    1,  -30 },   // 0xDA
  {  8895,  22,  30,  24,    1,  -29 },   // 0xDB
  {  8978,  22,  29,  24,    1,  -28 },   // 0xDC
  {  9058,  21,  31,  19,   -1,  -30 },   // 0xDD
  {  9140,  17,  22,  19,    1,  -21 },   // 0xDE
  {  9187,  16,  24,  17,    0,  -23 },   // 0xDF
  {  9235,  14,  24,  16,    1,  -23 },   // 0xE0
  {  9277,  14,  24,  16,    1,  -23 },   // 0xE1
  {  9319,  14,  24,  16,    1,  -23 },   // 0xE2
  {  9361,  14,  22,  16,    1,  -21 },   // 0xE3
  {  9400,  14,  22,  16,    1,  -21 },   // 0xE4
  {  9439,  14,  25,  16,    1,  -24 },   // 0xE5
  {  9483,  21,  16,  23,    1,  -15 },   // 0xE6
  {  9525,  12,  23,  14,    1,  -15 },   // 0xE7
  {  9560,  13,  24,  15,    1,  -23 },   // 0xE8
  {  9599,  13,  24,  15,    1,  -23 },   // 0xE9
  {  9638,  13,  24,  15,    1,  -23 },   // 0xEA
  {  9677,  13,  22,  15,    1,  -21 },   // 0xEB
  {  9713,   9,  24,   9,    0,  -23 },   // 0xEC
  {  9740,   8,  24,   9,    1,  -23 },   // 0xED
  {  9764,  10,  24,   9,    0,  -23 },   // 0xEE
  {  9794,  10,  22,   9,    0,  -21 },   // 0xEF
  {  9822,  14,  25,  17,    1,  -24 },   // 0xF0
  {  9866,  17,  22,  19,    1,  -21 },   // 0xF1
  {  9913,  15,  24,  17,    1,  -23 },   // 0xF2
  {  9958,  15,  24,  17,    1,  -23 },   // 0xF3
  { 10003,  15,  24,  17,    1,  -23 },   // 0xF4
  { 10048,  15,  22,  17,    1,  -21 },   // 0xF5
  { 10090,  15,  22,  17,    1,  -21 },   // 0xF6
  { 10132,  14,  17,  20,    4,  -16 },   // 0xF7
  { 10162,  15,  19,  17,    1,  -16 },   // 0xF8
  { 10198,  16,  24,  18,    1,  -23 },   // 0xF9
  { 10246,  16,  24,  18,    1,  -23 },   // 0xFA
  { 10294,  16,  24,  18,    1,  -23 },   // 0xFB
  { 10342,  16,  22,  18,    1,  -21 },   // 0xFC
  { 10386,  16,  31,  15,    0,  -23 },   // 0xFD
  { 10448,  16,  31,  18,    0,  -23 },   // 0xFE
  { 10510,  16,  29,  15,    0,  -21 } }; // 0xFF

const GFXfont Gelasio_Regular16pt8b PROGMEM = {
  (uint8_t  *)Gelasio_Regular16pt8bBitmaps,
  (GFXglyph *)Gelasio_Regular16pt8bGlyphs,
  0x20, 0xFF, 40 };

// Approx. 12143 bytes

const uint8_t Gelasio_Bold9pt8bBitmaps[] PROGMEM = {
  0x00, 0x7F, 0xF7, 0x66, 0x22, 0x00, 0x77, 0x70, 0x67, 0xDD, 0x12, 0x24,
  0x51, 0x00, 0x08, 0x86, 0x61, 0x91, 0xFF, 0x11, 0x04, 0x43, 0x33, 0xFF,
  0xFF, 0xC8, 0x82, 0x21, 0x98, 0x08, 0x07, 0x26, 0x39, 0x82, 0xE0, 0x9E,
  0x07, 0xE0, 0xFC, 0x0F, 0xA0, 0xFC, 0x1B, 0x06, 0xF7, 0x02, 0x00, 0x80,
  0x7C, 0x63, 0x31, 0x0C, 0xC8, 0x33, 0x20, 0xCD, 0x01, 0xEC, 0x00, 0x2F,
  0x01, 0x66, 0x0D, 0x8C, 0x26, 0x31, 0x19, 0x8C, 0x3E, 0x06, 0x00, 0x66,
  0x03, 0x98, 0x0E, 0x60, 0x39, 0x80, 0x79, 0xF1, 0xE1, 0x0F, 0xC4, 0x67,
  0xA3, 0x8F, 0x8F, 0x1E, 0x1C, 0x7C, 0x3F, 0x7C, 0x7D, 0x25, 0x00, 0x1C,
  0xC7, 0x18, 0xE3, 0x8E, 0x38, 0xE3, 0x8E, 0x38, 0x61, 0xC3, 0x83, 0xC0,
  0xC3, 0x86, 0x18, 0x71, 0xC7, 0x1C, 0x71, 0xC6, 0x38, 0xC6, 0x30, 0x18,
  0x18, 0xCB, 0xFF, 0x18, 0x34, 0x76, 0x22, 0x18, 0x18, 0x18, 0xFF, 0xFF,
  0x18, 0x18, 0x18, 0x6F, 0x72, 0x24, 0xF8, 0x6F, 0x60, 0x04, 0x10, 0xC2,
  0x08, 0x61, 0x84, 0x10, 0xC2, 0x08, 0x61, 0x84, 0x10, 0xC2, 0x00, 0x3F,
  0x18, 0x6E, 0x1F, 0x87, 0xE1, 0xF8, 0x7E, 0x1F, 0x87, 0x61, 0x8F, 0xC0,
  0x39, 0xF0, 0xE1, 0xC3, 0x87, 0x0E, 0x1C, 0x39, 0xFC, 0x7F, 0x71, 0xF0,
  0xF8, 0x70, 0x70, 0x30, 0x30, 0x60, 0x7F, 0xFF, 0xC0, 0x7E, 0x63, 0xB0,
  0xE8, 0x70, 0x70, 0x70, 0xFC, 0x07, 0x03, 0xE1, 0xF0, 0xF8, 0x77, 0xE0,
  0x0E, 0x07, 0x81, 0xC0, 0xE0, 0x38, 0x1C, 0x06, 0x33, 0x1C, 0xC7, 0x3F,
  0xF0, 0x70, 0x1C, 0x07, 0x00, 0x7F, 0x3F, 0x90, 0x08, 0x04, 0x03, 0xF3,
  0x1C, 0x07, 0x03, 0xE1, 0xF0, 0xF8, 0xE7, 0xE0, 0x0E, 0x06, 0x03, 0x01,
  0xC0, 0x60, 0x3F, 0xCE, 0x3B, 0x8E, 0xE1, 0xF8, 0x7E, 0x39, 0x8E, 0x3E,
  0x00, 0xFF, 0xFF, 0xA0, 0xD0, 0x40, 0x60, 0x30, 0x10, 0x18, 0x08, 0x0C,
  0x06, 0x06, 0x03, 0x00, 0x3F, 0x18, 0x66, 0x19, 0xC6, 0x7B, 0x0F, 0xC6,
  0xFB, 0x8F, 0xE1, 0xF8, 0x7E, 0x19, 0xFC, 0x3F, 0x18, 0xEE, 0x3B, 0x86,
  0xE1, 0xF8, 0x7E, 0x39, 0xFE, 0x03, 0x80, 0xC0, 0x70, 0x38, 0x38, 0x00,
  0x6F, 0x60, 0x06, 0xF6, 0x6F, 0x60, 0x06, 0xF7, 0x22, 0x40, 0x01, 0x03,
  0x0E, 0x38, 0xE0, 0xC0, 0x30, 0x1C, 0x07, 0x01, 0xFF, 0x00, 0x00, 0xFF,
  0xFF, 0x80, 0x70, 0x0E, 0x01, 0xC0, 0x38, 0x1C, 0x38, 0x70, 0xE0, 0x40,
  0x00, 0x7C, 0xC6, 0xC7, 0xC7, 0x06, 0x0E, 0x18, 0x10, 0x10, 0x00, 0x38,
  0x38, 0x38, 0x03, 0xE0, 0x18, 0x30, 0x40, 0x31, 0x00, 0x26, 0x3A, 0x48,
  0xCC, 0xD3, 0x19, 0x26, 0x62, 0xCC, 0xC4, 0x99, 0x91, 0x1F, 0xC2, 0x00,
  0x02, 0x01, 0x03, 0x06, 0x01, 0xF0, 0x00, 0x07, 0x00, 0x38, 0x01, 0xE0,
  0x17, 0x00, 0x9C, 0x0C, 0xE0, 0x47, 0x03, 0xFC, 0x20, 0xE1, 0x07, 0x08,
  0x1D, 0xE1, 0xF0, 0xFF, 0xC3, 0x8E, 0x38, 0xE3, 0x8E, 0x39, 0xC3, 0xF8,
  0x38, 0xE3, 0x8F, 0x38, 0x73, 0x8F, 0x38, 0xEF, 0xFC, 0x1F, 0xEE, 0x0D,
  0x81, 0xF0, 0x0E, 0x01, 0xC0, 0x38, 0x07, 0x00, 0xE0, 0x2E, 0x0D, 0xC1,
  0x8F, 0xE0, 0xFF, 0xC3, 0x83, 0x1C, 0x1C, 0xE0, 0x77, 0x03, 0xB8, 0x1D,
  0xC0, 0xEE, 0x07, 0x70, 0x3B, 0x83, 0x9C, 0x19, 0xFF, 0x00, 0xFF, 0xCE,
  0x09, 0xC1, 0x38, 0x07, 0x10, 0xFE, 0x1C, 0x43, 0x88, 0x70, 0x2E, 0x05,
  0xC1, 0xFF, 0xF0, 0xFF, 0xDC, 0x17, 0x05, 0xC0, 0x71, 0x1F, 0xC7, 0x11,
  0xC4, 0x70, 0x1C, 0x07, 0x03, 0xF8, 0x1F, 0xE3, 0x83, 0x1C, 0x09, 0xC0,
  0x0E, 0x00, 0x70, 0x03, 0x87, 0xFC, 0x1E, 0xE0, 0x63, 0x83, 0x0E, 0x1C,
  0x3F, 0xC0, 0xFC, 0xFD, 0xC0, 0xE7, 0x03, 0x9C, 0x0E, 0x70, 0x39, 0xFF,
  0xE7, 0x03, 0x9C, 0x0E, 0x70, 0x39, 0xC0, 0xE7, 0x03, 0xBF, 0x3F, 0xFD,
  0xC7, 0x1C, 0x71, 0xC7, 0x1C, 0x71, 0xC7, 0x3F, 0x1F, 0xC0, 0xC0, 0x30,
  0x0C, 0x03, 0x00, 0xC0, 0x31, 0x8C, 0xE3, 0x38, 0xC6, 0x70, 0xF8, 0xFC,
  0xFB, 0x82, 0x1C, 0x20, 0xE2, 0x07, 0x20, 0x3B, 0x81, 0xCE, 0x0E, 0x78,
  0x71, 0xC3, 0x8F, 0x1C, 0x3D, 0xF8, 0xF0, 0xFC, 0x0E, 0x01, 0xC0, 0x38,
  0x07, 0x00, 0xE0, 0x1C, 0x03, 0x80, 0x70, 0x2E, 0x0D, 0xC3, 0x7F, 0xE0,
  0xFC, 0x1F, 0x5C, 0x1E, 0x5C, 0x2E, 0x4E, 0x2E, 0x4E, 0x4E, 0x4E, 0x4E,
  0x47, 0x4E, 0x47, 0x8E, 0x43, 0x8E, 0x43, 0x8E, 0x43, 0x0E, 0xF1, 0x3F,
  0xF8, 0x3E, 0x78, 0x10, 0xF8, 0x21, 0x78, 0x42, 0x78, 0x84, 0x79, 0x08,
  0x7A, 0x10, 0x74, 0x20, 0x78, 0x40, 0xF0, 0x80, 0xE7, 0xC0, 0xC0, 0x1F,
  0xC3, 0x87, 0x1C, 0x1D, 0xC0, 0xEE, 0x07, 0xF0, 0x3F, 0x81, 0xFC, 0x0E,
  0xE0, 0x73, 0x83, 0x8C, 0x38, 0x3F, 0x00, 0xFF, 0xCE, 0x39, 0xC3, 0xB8,
  0x77, 0x0E, 0xE3, 0x9F, 0xE3, 0x80, 0x70, 0x0E, 0x01, 0xC0, 0x7F, 0x00,
  0x1F, 0xC3, 0x87, 0x1C, 0x1D, 0xC0, 0xEE, 0x07, 0xF0, 0x3F, 0x81, 0xFC,
  0x0E, 0xE0, 0x73, 0x83, 0x8C, 0x38, 0x3F, 0x00, 0x70, 0x03, 0xC0, 0x0F,
  0x00, 0x1C, 0xFF, 0xC7, 0x1C, 0x70, 0xE7, 0x0E, 0x70, 0xC7, 0x1C, 0x7F,
  0x07, 0x1C, 0x71, 0xC7, 0x1E, 0x70, 0xEF, 0xCF, 0x3F, 0x98, 0x6E, 0x0B,
  0xC0, 0x78, 0x0F, 0x81, 0xF8, 0x1E, 0x81, 0xF0, 0x7E, 0x1A, 0xFC, 0xFF,
  0xFC, 0x73, 0x87, 0x18, 0x71, 0x07, 0x00, 0x70, 0x07, 0x00, 0x70, 0x07,
  0x00, 0x70, 0x07, 0x01, 0xFC, 0xFC, 0x7B, 0x81, 0x1C, 0x08, 0xE0, 0x47,
  0x02, 0x38, 0x11, 0xC0, 0x8E, 0x04, 0x70, 0x23, 0x81, 0x0E, 0x18, 0x3F,
  0x80, 0xFC, 0x7D, 0xE0, 0x43, 0x83, 0x0E, 0x08, 0x1C, 0x20, 0x71, 0x00,
  0xE4, 0x03, 0xA0, 0x07, 0x80, 0x1E, 0x00, 0x30, 0x00, 0xC0, 0xFC, 0x31,
  0xF7, 0x07, 0x04, 0x38, 0x70, 0x43, 0x87, 0x8C, 0x1C, 0xB8, 0x81, 0xCB,
  0xC8, 0x1C, 0x9D, 0x00, 0xF1, 0xD0, 0x0F, 0x0F, 0x00, 0x70, 0xE0, 0x06,
  0x06, 0x00, 0x60, 0x60, 0xFE, 0x78, 0xF0, 0x81, 0xC6, 0x03, 0xB0, 0x0F,
  0x80, 0x1C, 0x00, 0x38, 0x01, 0x70, 0x09, 0xE0, 0x43, 0x83, 0x07, 0x3E,
  0x7F, 0xFC, 0x79, 0xC1, 0x0E, 0x08, 0x38, 0x81, 0xE4, 0x07, 0x40, 0x1E,
  0x00, 0xE0, 0x07, 0x00, 0x38, 0x01, 0xC0, 0x3F, 0x80, 0x7F, 0xD0, 0xF8,
  0x3A, 0x1C, 0x0F, 0x03, 0x81, 0xC0, 0xF0, 0x38, 0x5C, 0x1F, 0x0F, 0xFF,
  0xFC, 0xCC, 0xCC, 0xCC, 0xCC, 0xCC, 0xCC, 0xCF, 0xC0, 0x81, 0x03, 0x06,
  0x04, 0x08, 0x18, 0x10, 0x20, 0x60, 0xC0, 0x81, 0x03, 0x02, 0x04, 0x0C,
  0xF8, 0xC6, 0x31, 0x8C, 0x63, 0x18, 0xC6, 0x31, 0x8C, 0x7F, 0x18, 0x0C,
  0x07, 0x06, 0x82, 0x63, 0x31, 0x8D, 0x86, 0xC1, 0x80, 0xFF, 0xF8, 0x8C,
  0x63, 0x3C, 0x33, 0xB1, 0xC8, 0xE3, 0xF7, 0x3B, 0x9D, 0xCE, 0x7F, 0x80,
  0xF0, 0x0E, 0x01, 0xC0, 0x38, 0x07, 0x70, 0xFF, 0x9C, 0x73, 0x86, 0x70,
  0xEE, 0x1D, 0xC3, 0x38, 0xE7, 0xF8, 0x1C, 0x67, 0xE3, 0xE3, 0xE0, 0xE0,
  0xE0, 0xE1, 0x7E, 0x0F, 0x80, 0xE0, 0x38, 0x0E, 0x1F, 0x9C, 0xEE, 0x3B,
  0x8E, 0xE3, 0xB8, 0xEE, 0x3B, 0xCE, 0x7D, 0xC0, 0x1C, 0x33, 0xB8, 0xDC,
  0x6F, 0xFF, 0x03, 0x81, 0xE2, 0x7E, 0x00, 0x1F, 0x3A, 0x38, 0x38, 0x7E,
  0xB8, 0x38, 0x38, 0x38, 0x38, 0x38, 0x38, 0x7C, 0x1C, 0xDC, 0xD6, 0x35,
  0x8C, 0x73, 0x0F, 0x86, 0x01, 0xFC, 0x7F, 0x98, 0x7E, 0x1F, 0x86, 0x3F,
  0x00, 0xF0, 0x03, 0x00, 0x30, 0x03, 0x00, 0x31, 0x83, 0x7C, 0x38, 0xC3,
  0x0C, 0x30, 0xC3, 0x0C, 0x30, 0xC3, 0x0C, 0xFD, 0xF0, 0x31, 0xE3, 0x00,
  0xF8, 0xE3, 0x8E, 0x38, 0xE3, 0x8E, 0x7C, 0x18, 0xF1, 0x80, 0x7C, 0x71,
  0xC7, 0x1C, 0x71, 0xC7, 0x1C, 0x79, 0xB6, 0xF0, 0xF0, 0x06, 0x00, 0xC0,
  0x18, 0x03, 0x3E, 0x63, 0x0C, 0x41, 0x90, 0x37, 0x07, 0x60, 0xCE, 0x19,
  0xEF, 0x9E, 0xF0, 0xC3, 0x0C, 0x30, 0xC3, 0x0C, 0x30, 0xC3, 0x0C, 0xFC,
  0xB1, 0x86, 0x1F, 0xFF, 0xC3, 0x8C, 0x30, 0xE3, 0x8C, 0x38, 0xE3, 0x0E,
  0x38, 0xC3, 0x8E, 0x30, 0xE3, 0x8C, 0x7D, 0xF7, 0xC0, 0xF1, 0x87, 0x7C,
  0x38, 0xE3, 0x8E, 0x38, 0xE3, 0x8E, 0x38, 0xE3, 0x8E, 0x7D, 0xF0, 0x1C,
  0x18, 0xCE, 0x3B, 0x8E, 0xE1, 0xF8, 0x7E, 0x3B, 0x8E, 0x3F, 0x00, 0xF3,
  0x8F, 0xF8, 0xC3, 0x18, 0x73, 0x0E, 0x61, 0xCC, 0x39, 0x8E, 0x3F, 0x86,
  0x00, 0xC0, 0x18, 0x0F, 0xC0, 0x1C, 0x8E, 0x73, 0x8E, 0x71, 0xCE, 0x39,
  0xC7, 0x38, 0xE3, 0x9C, 0x7D, 0x80, 0x70, 0x0E, 0x01, 0xC0, 0x7E, 0xF3,
  0x1B, 0xCE, 0x67, 0x03, 0x81, 0xC0, 0xE0, 0x70, 0x7C, 0x00, 0x3A, 0x66,
  0xE2, 0xF0, 0x7C, 0x3E, 0x8F, 0x86, 0xFE, 0x10, 0x61, 0xF5, 0x83, 0x06,
  0x0C, 0x18, 0x30, 0x60, 0xF8, 0xF3, 0xC6, 0x38, 0xC3, 0x18, 0x63, 0x0C,
  0x61, 0x8C, 0x31, 0xCE, 0x3E, 0xE0, 0xF9, 0xEE, 0x11, 0xC2, 0x1C, 0xC3,
  0x90, 0x32, 0x07, 0x80, 0x70, 0x0C, 0x00, 0xF8, 0x0E, 0xE3, 0x89, 0xC7,
  0x11, 0xD6, 0x63, 0xAE, 0x87, 0x5D, 0x07, 0x9C, 0x0E, 0x38, 0x0C, 0x30,
  0xF9, 0xDE, 0x23, 0x90, 0x7C, 0x1E, 0x07, 0x81, 0x70, 0x8E, 0xF7, 0xC0,
  0xF9, 0xDC, 0x27, 0x18, 0xE4, 0x39, 0x07, 0x81, 0xE0, 0x38, 0x0C, 0x01,
  0x04, 0x81, 0xE0, 0x70, 0x00, 0x7F, 0xB3, 0xD1, 0xC9, 0xC1, 0xC1, 0xE0,
  0xE2, 0xE3, 0xFF, 0x80, 0x1E, 0x70, 0xE1, 0xC3, 0x87, 0x1C, 0x70, 0x60,
  0x60, 0xE1, 0xC3, 0x87, 0x0E, 0x0F, 0xFF, 0xFF, 0xF0, 0x70, 0xE1, 0xC3,
  0x87, 0x06, 0x07, 0x1C, 0x70, 0xE1, 0xC3, 0x87, 0x0E, 0x70, 0x79, 0x8E,
  0x00, 0xFF, 0xFE, 0x00, 0x19, 0x04, 0x66, 0x19, 0x8C, 0xC6, 0x1E, 0x18,
  0x30, 0x61, 0xE1, 0x8C, 0xC6, 0x61, 0x98, 0x00, 0x60, 0x01, 0xFF, 0xFC,
  0xFF, 0xFE, 0x00, 0x19, 0x04, 0x66, 0x19, 0x8C, 0xC6, 0x1E, 0x18, 0x30,
  0x61, 0xE1, 0x8C, 0xC6, 0x61, 0x98, 0x00, 0x60, 0x01, 0xFF, 0xFC, 0xFF,
  0xFE, 0x00, 0x19, 0x04, 0x66, 0x19, 0x8C, 0xC6, 0x1E, 0x18, 0x30, 0x61,
  0xE1, 0x8C, 0xC6, 0x61, 0x98, 0x00, 0x60, 0x01, 0xFF, 0xFC, 0xFF, 0xFE,
  0x00, 0x19, 0x04, 0x66, 0x19, 0x8C, 0xC6, 0x1E, 0x18, 0x30, 0x61, 0xE1,
  0x8C, 0xC6, 0x61, 0x98, 0x00, 0x60, 0x01, 0xFF, 0xFC, 0xFF, 0xFE, 0x00,
  0x19, 0x04, 0x66, 0x19, 0x8C, 0xC6, 0x1E, 0x18, 0x30, 0x61, 0xE1, 0x8C,
  0xC6, 0x61, 0x98, 0x00, 0x60, 0x01, 0xFF, 0xFC, 0xFF, 0xFE, 0x00, 0x19,
  0x04, 0x66, 0x19, 0x8C, 0xC6, 0x1E, 0x18, 0x30, 0x61, 0xE1, 0x8C, 0xC6,
  0x61, 0x98, 0x00, 0x60, 0x01, 0xFF, 0xFC, 0xFF, 0xFE, 0x00, 0x19, 0x04,
  0x66, 0x19, 0x8C, 0xC6, 0x1E, 0x18, 0x30, 0x61, 0xE1, 0x8C, 0xC6, 0x61,
  0x98, 0x00, 0x60, 0x01, 0xFF, 0xFC, 0xFF, 0xFE, 0x00, 0x19, 0x04, 0x66,
  0x19, 0x8C, 0xC6, 0x1E, 0x18, 0x30, 0x61, 0xE1, 0x8C, 0xC6, 0x61, 0x98,
  0x00, 0x60, 0x01, 0xFF, 0xFC, 0xFF, 0xFE, 0x00, 0x19, 0x04, 0x66, 0x19,
  0x8C, 0xC6, 0x1E, 0x18, 0x30, 0x61, 0xE1, 0x8C, 0xC6, 0x61, 0x98, 0x00,
  0x60, 0x01, 0xFF, 0xFC, 0xFF, 0xFE, 0x00, 0x19, 0x04, 0x66, 0x19, 0x8C,
  0xC6, 0x1E, 0x18, 0x30, 0x61, 0xE1, 0x8C, 0xC6, 0x61, 0x98, 0x00, 0x60,
  0x01, 0xFF, 0xFC, 0xFF, 0xFE, 0x00, 0x19, 0x04, 0x66, 0x19, 0x8C, 0xC6,
  0x1E, 0x18, 0x30, 0x61, 0xE1, 0x8C, 0xC6, 0x61, 0x98, 0x00, 0x60, 0x01,
  0xFF, 0xFC, 0xFF, 0xFE, 0x00, 0x19, 0x04, 0x66, 0x19, 0x8C, 0xC6, 0x1E,
  0x18, 0x30, 0x61, 0xE1, 0x8C, 0xC6, 0x61, 0x98, 0x00, 0x60, 0x01, 0xFF,
  0xFC, 0xFF, 0xFE, 0x00, 0x19, 0x04, 0x66, 0x19, 0x8C, 0xC6, 0x1E, 0x18,
  0x30, 0x61, 0xE1, 0x8C, 0xC6, 0x61, 0x98, 0x00, 0x60, 0x01, 0xFF, 0xFC,
  0xFF, 0xFE, 0x00, 0x19, 0x04, 0x66, 0x19, 0x8C, 0xC6, 0x1E, 0x18, 0x30,
  0x61, 0xE1, 0x8C, 0xC6, 0x61, 0x98, 0x00, 0x60, 0x01, 0xFF, 0xFC, 0xFF,
  0xFE, 0x00, 0x19, 0x04, 0x66, 0x19, 0x8C, 0xC6, 0x1E, 0x18, 0x30, 0x61,
  0xE1, 0x8C, 0xC6, 0x61, 0x98, 0x00, 0x60, 0x01, 0xFF, 0xFC, 0xFF, 0xFE,
  0x00, 0x19, 0x04, 0x66, 0x19, 0x8C, 0xC6, 0x1E, 0x18, 0x30, 0x61, 0xE1,
  0x8C, 0xC6, 0x61, 0x98, 0x00, 0x60, 0x01, 0xFF, 0xFC, 0xFF, 0xFE, 0x00,
  0x19, 0x04, 0x66, 0x19, 0x8C, 0xC6, 0x1E, 0x18, 0x30, 0x61, 0xE1, 0x8C,
  0xC6, 0x61, 0x98, 0x00, 0x60, 0x01, 0xFF, 0xFC, 0xFF, 0xFE, 0x00, 0x19,
  0x04, 0x66, 0x19, 0x8C, 0xC6, 0x1E, 0x18, 0x30, 0x61, 0xE1, 0x8C, 0xC6,
  0x61, 0x98, 0x00, 0x60, 0x01, 0xFF, 0xFC, 0xFF, 0xFE, 0x00, 0x19, 0x04,
  0x66, 0x19, 0x8C, 0xC6, 0x1E, 0x18, 0x30, 0x61, 0xE1, 0x8C, 0xC6, 0x61,
  0x98, 0x00, 0x60, 0x01, 0xFF, 0xFC, 0xFF, 0xFE, 0x00, 0x19, 0x04, 0x66,
  0x19, 0x8C, 0xC6, 0x1E, 0x18, 0x30, 0x61, 0xE1, 0x8C, 0xC6, 0x61, 0x98,
  0x00, 0x60, 0x01, 0xFF, 0xFC, 0xFF, 0xFE, 0x00, 0x19, 0x04, 0x66, 0x19,
  0x8C, 0xC6, 0x1E, 0x18, 0x30, 0x61, 0xE1, 0x8C, 0xC6, 0x61, 0x98, 0x00,
  0x60, 0x01, 0xFF, 0xFC, 0xFF, 0xFE, 0x00, 0x19, 0x04, 0x66, 0x19, 0x8C,
  0xC6, 0x1E, 0x18, 0x30, 0x61, 0xE1, 0x8C, 0xC6, 0x61, 0x98, 0x00, 0x60,
  0x01, 0xFF, 0xFC, 0xFF, 0xFE, 0x00, 0x19, 0x04, 0x66, 0x19, 0x8C, 0xC6,
  0x1E, 0x18, 0x30, 0x61, 0xE1, 0x8C, 0xC6, 0x61, 0x98, 0x00, 0x60, 0x01,
  0xFF, 0xFC, 0xFF, 0xFE, 0x00, 0x19, 0x04, 0x66, 0x19, 0x8C, 0xC6, 0x1E,
  0x18, 0x30, 0x61, 0xE1, 0x8C, 0xC6, 0x61, 0x98, 0x00, 0x60, 0x01, 0xFF,
  0xFC, 0xFF, 0xFE, 0x00, 0x19, 0x04, 0x66, 0x19, 0x8C, 0xC6, 0x1E, 0x18,
  0x30, 0x61, 0xE1, 0x8C, 0xC6, 0x61, 0x98, 0x00, 0x60, 0x01, 0xFF, 0xFC,
  0xFF, 0xFE, 0x00, 0x19, 0x04, 0x66, 0x19, 0x8C, 0xC6, 0x1E, 0x18, 0x30,
  0x61, 0xE1, 0x8C, 0xC6, 0x61, 0x98, 0x00, 0x60, 0x01, 0xFF, 0xFC, 0xFF,
  0xFE, 0x00, 0x19, 0x04, 0x66, 0x19, 0x8C, 0xC6, 0x1E, 0x18, 0x30, 0x61,
  0xE1, 0x8C, 0xC6, 0x61, 0x98, 0x00, 0x60, 0x01, 0xFF, 0xFC, 0xFF, 0xFE,
  0x00, 0x19, 0x04, 0x66, 0x19, 0x8C, 0xC6, 0x1E, 0x18, 0x30, 0x61, 0xE1,
  0x8C, 0xC6, 0x61, 0x98, 0x00, 0x60, 0x01, 0xFF, 0xFC, 0xFF, 0xFE, 0x00,
  0x19, 0x04, 0x66, 0x19, 0x8C, 0xC6, 0x1E, 0x18, 0x30, 0x61, 0xE1, 0x8C,
  0xC6, 0x61, 0x98, 0x00, 0x60, 0x01, 0xFF, 0xFC, 0xFF, 0xFE, 0x00, 0x19,
  0x04, 0x66, 0x19, 0x8C, 0xC6, 0x1E, 0x18, 0x30, 0x61, 0xE1, 0x8C, 0xC6,
  0x61, 0x98, 0x00, 0x60, 0x01, 0xFF, 0xFC, 0xFF, 0xFE, 0x00, 0x19, 0x04,
  0x66, 0x19, 0x8C, 0xC6, 0x1E, 0x18, 0x30, 0x61, 0xE1, 0x8C, 0xC6, 0x61,
  0x98, 0x00, 0x60, 0x01, 0xFF, 0xFC, 0xFF, 0xFE, 0x00, 0x19, 0x04, 0x66,
  0x19, 0x8C, 0xC6, 0x1E, 0x18, 0x30, 0x61, 0xE1, 0x8C, 0xC6, 0x61, 0x98,
  0x00, 0x60, 0x01, 0xFF, 0xFC, 0x00, 0x7F, 0x60, 0x26, 0x66, 0x6F, 0xFF,
  0x60, 0x08, 0x04, 0x07, 0x86, 0x66, 0x3F, 0x0B, 0x81, 0xC0, 0xE0, 0x38,
  0x8F, 0x81, 0x00, 0x80, 0x0F, 0xC3, 0x9C, 0x63, 0x0C, 0x01, 0x80, 0xFE,
  0x06, 0x00, 0xC0, 0x18, 0x67, 0x0D, 0xE1, 0xF7, 0xE0, 0x83, 0xFE, 0x66,
  0x46, 0x46, 0x66, 0xFE, 0x83, 0xFC, 0x79, 0xC1, 0x0F, 0x18, 0x38, 0x80,
  0xE8, 0x03, 0x80, 0xFF, 0xC0, 0xE0, 0x3F, 0xF0, 0x38, 0x01, 0xC0, 0x3F,
  0x80, 0xFC, 0x3F, 0x7E, 0x66, 0x62, 0x70, 0x38, 0x7C, 0xCE, 0xE7, 0xE3,
  0x7E, 0x3C, 0x1E, 0x06, 0x66, 0x66, 0x38, 0xCD, 0xDF, 0x30, 0x0F, 0xC0,
  0x20, 0x60, 0x80, 0x22, 0x08, 0x28, 0x6C, 0x51, 0x8C, 0x62, 0x00, 0xC4,
  0x01, 0x88, 0x03, 0x10, 0x46, 0x31, 0x8A, 0x3E, 0x24, 0x00, 0x86, 0x02,
  0x03, 0xF8, 0x00, 0x7E, 0x46, 0x1E, 0x66, 0xE6, 0xEE, 0x77, 0x10, 0x88,
  0xDC, 0xDD, 0xCC, 0xE3, 0x30, 0xCC, 0x21, 0xFF, 0xFF, 0x01, 0x01, 0x01,
  0xFF, 0xFE, 0x00, 0x19, 0x04, 0x66, 0x19, 0x8C, 0xC6, 0x1E, 0x18, 0x30,
  0x61, 0xE1, 0x8C, 0xC6, 0x61, 0x98, 0x00, 0x60, 0x01, 0xFF, 0xFC, 0x0F,
  0xC0, 0x20, 0x60, 0x80, 0x22, 0x58, 0x28, 0x4C, 0x50, 0x88, 0x61, 0x10,
  0xC3, 0xC1, 0x84, 0x83, 0x08, 0x86, 0x11, 0x0A, 0x73, 0xA4, 0x00, 0x86,
  0x02, 0x03, 0xF8, 0x00, 0xF8, 0x23, 0xE8, 0xE3, 0x8F, 0xE0, 0x18, 0x18,
  0x18, 0xFF, 0xFF, 0x18, 0x18, 0x18, 0xFF, 0x7F, 0x9D, 0x38, 0x61, 0x86,
  0x1F, 0xFF, 0x7F, 0x8C, 0x39, 0xC0, 0x78, 0xF1, 0xBE, 0x33, 0x68, 0xE3,
  0x9C, 0x73, 0x8E, 0x71, 0xCE, 0x39, 0xC7, 0x38, 0xE7, 0x9C, 0xDF, 0xF8,
  0x03, 0x00, 0x70, 0x04, 0x00, 0x3F, 0xBD, 0xBE, 0xDF, 0x67, 0xB3, 0xD8,
  0xEC, 0x36, 0x1B, 0x0D, 0x86, 0xC3, 0x61, 0xB3, 0xDC, 0x6F, 0x60, 0x67,
  0x1F, 0x39, 0xB0, 0x60, 0xC1, 0x83, 0x06, 0x3F, 0x7E, 0xC7, 0xC7, 0xC7,
  0xC7, 0x66, 0x38, 0x88, 0x62, 0x19, 0x86, 0x73, 0xBB, 0x99, 0x99, 0x08,
  0x38, 0x18, 0x36, 0x0C, 0x01, 0x82, 0x00, 0x61, 0x90, 0x18, 0x4E, 0x06,
  0x33, 0x01, 0x89, 0xC1, 0xFE, 0x66, 0x01, 0x31, 0x80, 0xCF, 0xF0, 0x20,
  0x18, 0x18, 0x06, 0x38, 0x0C, 0x36, 0x06, 0x01, 0x81, 0x00, 0x60, 0xC8,
  0x18, 0x2D, 0xC6, 0x1E, 0x71, 0x84, 0x9D, 0xFB, 0x06, 0x00, 0x83, 0x00,
  0x61, 0x80, 0x10, 0xFC, 0x0C, 0x7F, 0x7E, 0x0C, 0x18, 0xC3, 0x00, 0x38,
  0x40, 0x1C, 0x19, 0x00, 0x62, 0x71, 0x8C, 0xCC, 0x31, 0x93, 0x83, 0xE6,
  0x66, 0x00, 0x98, 0xC0, 0x33, 0xFC, 0x04, 0x03, 0x01, 0x80, 0x60, 0x18,
  0x3C, 0x18, 0x00, 0x18, 0x18, 0x30, 0x60, 0xE0, 0xC3, 0xC3, 0xE3, 0x7C,
  0x08, 0x00, 0x60, 0x03, 0x80, 0x06, 0x00, 0x00, 0x00, 0x00, 0x1C, 0x00,
  0xE0, 0x07, 0x80, 0x5C, 0x02, 0x70, 0x33, 0x81, 0x1C, 0x0F, 0xF0, 0x83,
  0x84, 0x1C, 0x20, 0x77, 0x87, 0xC0, 0x01, 0x00, 0x1C, 0x00, 0xC0, 0x08,
  0x00, 0x00, 0x00, 0x00, 0x1C, 0x00, 0xE0, 0x07, 0x80, 0x5C, 0x02, 0x70,
  0x33, 0x81, 0x1C, 0x0F, 0xF0, 0x83, 0x84, 0x1C, 0x20, 0x77, 0x87, 0xC0,
  0x03, 0x00, 0x3C, 0x03, 0x30, 0x00, 0x00, 0x00, 0x03, 0x80, 0x1C, 0x00,
  0xF0, 0x0B, 0x80, 0x4E, 0x06, 0x70, 0x23, 0x81, 0xFE, 0x10, 0x70, 0x83,
  0x84, 0x0E, 0xF0, 0xF8, 0x04, 0x00, 0x7A, 0x02, 0x70, 0x00, 0x00, 0x00,
  0x03, 0x80, 0x1C, 0x00, 0xF0, 0x0B, 0x80, 0x4E, 0x06, 0x70, 0x23, 0x81,
  0xFE, 0x10, 0x70, 0x83, 0x84, 0x0E, 0xF0, 0xF8, 0x0C, 0xC0, 0xE7, 0x03,
  0x30, 0x00, 0x00, 0x00, 0x03, 0x80, 0x1C, 0x00, 0xF0, 0x0B, 0x80, 0x4E,
  0x06, 0x70, 0x23, 0x81, 0xFE, 0x10, 0x70, 0x83, 0x84, 0x0E, 0xF0, 0xF8,
  0x07, 0x80, 0x66, 0x03, 0x30, 0x0F, 0x00, 0x70, 0x03, 0x80, 0x1E, 0x01,
  0x70, 0x09, 0xC0, 0xCE, 0x04, 0x70, 0x3F, 0xC2, 0x0E, 0x10, 0x70, 0x81,
  0xDE, 0x1F, 0x07, 0xFF, 0xC0, 0x27, 0x08, 0x04, 0xE0, 0x81, 0x1C, 0x00,
  0x23, 0x88, 0x08, 0x7F, 0x03, 0xFE, 0x60, 0x41, 0xC4, 0x18, 0x38, 0x22,
  0x07, 0x04, 0xC0, 0xE0, 0xFC, 0x7F, 0xF0, 0x1F, 0xEE, 0x0D, 0x81, 0xF0,
  0x0E, 0x01, 0xC0, 0x38, 0x07, 0x00, 0xE0, 0x2E, 0x0D, 0xC1, 0x8F, 0xE0,
  0x60, 0x0E, 0x00, 0x40, 0x78, 0x10, 0x03, 0x00, 0x70, 0x03, 0x00, 0x00,
  0x00, 0x3F, 0xF3, 0x82, 0x70, 0x4E, 0x01, 0xC4, 0x3F, 0x87, 0x10, 0xE2,
  0x1C, 0x0B, 0x81, 0x70, 0x7F, 0xFC, 0x02, 0x00, 0xE0, 0x18, 0x04, 0x00,
  0x00, 0x00, 0x3F, 0xF3, 0x82, 0x70, 0x4E, 0x01, 0xC4, 0x3F, 0x87, 0x10,
  0xE2, 0x1C, 0x0B, 0x81, 0x70, 0x7F, 0xFC, 0x06, 0x01, 0xE0, 0x66, 0x00,
  0x00, 0x01, 0xFF, 0x9C, 0x13, 0x82, 0x70, 0x0E, 0x21, 0xFC, 0x38, 0x87,
  0x10, 0xE0, 0x5C, 0x0B, 0x83, 0xFF, 0xE0, 0x19, 0x87, 0x38, 0x66, 0x00,
  0x00, 0x01, 0xFF, 0x9C, 0x13, 0x82, 0x70, 0x0E, 0x21, 0xFC, 0x38, 0x87,
  0x10, 0xE0, 0x5C, 0x0B, 0x83, 0xFF, 0xE0, 0x41, 0x87, 0x06, 0x00, 0x0F,
  0xDC, 0x71, 0xC7, 0x1C, 0x71, 0xC7, 0x1C, 0x73, 0xF0, 0x10, 0xE3, 0x10,
  0x00, 0x0F, 0xDC, 0x71, 0xC7, 0x1C, 0x71, 0xC7, 0x1C, 0x73, 0xF0, 0x31,
  0xEC, 0xC0, 0x03, 0xF7, 0x1C, 0x71, 0xC7, 0x1C, 0x71, 0xC7, 0x1C, 0xFC,
  0x66, 0xE7, 0x66, 0x00, 0x00, 0x7E, 0x38, 0x38, 0x38, 0x38, 0x38, 0x38,
  0x38, 0x38, 0x38, 0x38, 0x7E, 0xFF, 0x83, 0x87, 0x1C, 0x1C, 0xE0, 0xE7,
  0x07, 0xFF, 0x1D, 0xC0, 0xEE, 0x0F, 0x70, 0x73, 0x83, 0x9C, 0x39, 0xFF,
  0x00, 0x02, 0x00, 0x0F, 0x40, 0x13, 0x80, 0x00, 0x00, 0x00, 0x1F, 0x07,
  0xCF, 0x02, 0x1F, 0x04, 0x2F, 0x08, 0x4F, 0x10, 0x8F, 0x21, 0x0F, 0x42,
  0x0E, 0x84, 0x0F, 0x08, 0x1E, 0x10, 0x1C, 0xF8, 0x18, 0x08, 0x00, 0x60,
  0x03, 0x80, 0x06, 0x00, 0x00, 0x03, 0x00, 0x67, 0x0E, 0x1C, 0x70, 0x77,
  0x03, 0xB8, 0x1F, 0xC0, 0xFE, 0x07, 0xF0, 0x3B, 0x81, 0xCE, 0x0E, 0x30,
  0xE0, 0xFC, 0x00, 0x01, 0x00, 0x1C, 0x00, 0xC0, 0x08, 0x00, 0x00, 0x03,
  0x00, 0x67, 0x0E, 0x1C, 0x70, 0x77, 0x03, 0xB8, 0x1F, 0xC0, 0xFE, 0x07,
  0xF0, 0x3B, 0x81, 0xCE, 0x0E, 0x30, 0xE0, 0xFC, 0x00, 0x06, 0x00, 0x78,
  0x06, 0x60, 0x00, 0x00, 0x60, 0x0C, 0xE1, 0xC3, 0x8E, 0x0E, 0xE0, 0x77,
  0x03, 0xF8, 0x1F, 0xC0, 0xFE, 0x07, 0x70, 0x39, 0xC1, 0xC6, 0x1C, 0x1F,
  0x80, 0x08, 0x00, 0xF4, 0x04, 0xE0, 0x00, 0x00, 0x60, 0x0C, 0xE1, 0xC3,
  0x8E, 0x0E, 0xE0, 0x77, 0x03, 0xF8, 0x1F, 0xC0, 0xFE, 0x07, 0x70, 0x39,
  0xC1, 0xC6, 0x1C, 0x1F, 0x80, 0x19, 0x81, 0xCE, 0x06, 0x60, 0x00, 0x00,
  0x60, 0x0C, 0xE1, 0xC3, 0x8E, 0x0E, 0xE0, 0x77, 0x03, 0xF8, 0x1F, 0xC0,
  0xFE, 0x07, 0x70, 0x39, 0xC1, 0xC6, 0x1C, 0x1F, 0x80, 0xC1, 0x63, 0x36,
  0x1C, 0x1C, 0x36, 0x62, 0xC1, 0x00, 0x20, 0x31, 0x06, 0x70, 0xE1, 0xC7,
  0x0F, 0x70, 0xBB, 0x85, 0xFC, 0x4F, 0xE4, 0x7F, 0x23, 0xBA, 0x1C, 0xF0,
  0xE3, 0x0E, 0x0F, 0xC0, 0x80, 0x00, 0x08, 0x00, 0x60, 0x03, 0x80, 0x06,
  0x00, 0x00, 0x00, 0x03, 0xF1, 0xEE, 0x04, 0x70, 0x23, 0x81, 0x1C, 0x08,
  0xE0, 0x47, 0x02, 0x38, 0x11, 0xC0, 0x8E, 0x04, 0x38, 0x60, 0xFE, 0x00,
  0x01, 0x00, 0x1C, 0x00, 0xC0, 0x08, 0x00, 0x00, 0x00, 0x03, 0xF1, 0xEE,
  0x04, 0x70, 0x23, 0x81, 0x1C, 0x08, 0xE0, 0x47, 0x02, 0x38, 0x11, 0xC0,
  0x8E, 0x04, 0x38, 0x60, 0xFE, 0x00, 0x03, 0x00, 0x3C, 0x03, 0x30, 0x00,
  0x00, 0x00, 0x7E, 0x3D, 0xC0, 0x8E, 0x04, 0x70, 0x23, 0x81, 0x1C, 0x08,
  0xE0, 0x47, 0x02, 0x38, 0x11, 0xC0, 0x87, 0x0C, 0x1F, 0xC0, 0x0C, 0xC0,
  0xE7, 0x03, 0x30, 0x00, 0x00, 0x00, 0x7E, 0x3D, 0xC0, 0x8E, 0x04, 0x70,
  0x23, 0x81, 0x1C, 0x08, 0xE0, 0x47, 0x02, 0x38, 0x11, 0xC0, 0x87, 0x0C,
  0x1F, 0xC0, 0x00, 0x80, 0x0E, 0x00, 0x60, 0x04, 0x00, 0x00, 0x00, 0x03,
  0xF1, 0xE7, 0x04, 0x38, 0x20, 0xE2, 0x07, 0x90, 0x1D, 0x00, 0x78, 0x03,
  0x80, 0x1C, 0x00, 0xE0, 0x07, 0x00, 0xFE, 0x00, 0xFC, 0x0E, 0x01, 0xFE,
  0x38, 0xE7, 0x0E, 0xE1, 0xDC, 0x3B, 0x8E, 0x7F, 0x8E, 0x01, 0xC0, 0x7E,
  0x00, 0x1F, 0x86, 0x39, 0xC7, 0x38, 0xC7, 0x20, 0xE4, 0x1C, 0xE3, 0x8E,
  0x70, 0xEE, 0x1D, 0xD3, 0xBA, 0x7F, 0x7C, 0x20, 0x30, 0x0C, 0x03, 0x00,
  0x01, 0xE1, 0x9D, 0x8E, 0x47, 0x1F, 0xB9, 0xDC, 0xEE, 0x73, 0xFC, 0x06,
  0x03, 0x03, 0x02, 0x00, 0x01, 0xE1, 0x9D, 0x8E, 0x47, 0x1F, 0xB9, 0xDC,
  0xEE, 0x73, 0xFC, 0x1C, 0x1E, 0x18, 0x80, 0x03, 0xC3, 0x3B, 0x1C, 0x8E,
  0x3F, 0x73, 0xB9, 0xDC, 0xE7, 0xF8, 0x72, 0x27, 0x00, 0x07, 0x86, 0x76,
  0x39, 0x1C, 0x7E, 0xE7, 0x73, 0xB9, 0xCF, 0xF0, 0x66, 0x73, 0x99, 0x80,
  0x03, 0xC3, 0x3B, 0x1C, 0x8E, 0x3F, 0x73, 0xB9, 0xDC, 0xE7, 0xF8, 0x3C,
  0x33, 0x19, 0x87, 0x80, 0x01, 0xE1, 0x9D, 0x8E, 0x47, 0x1F, 0xB9, 0xDC,
  0xEE, 0x73, 0xFC, 0x1C, 0xE1, 0x9C, 0xEC, 0x71, 0x81, 0xC6, 0x3F, 0xFF,
  0x9C, 0x0E, 0x70, 0x39, 0xE2, 0x7B, 0xF0, 0x1C, 0x67, 0xE3, 0xE3, 0xE0,
  0xE0, 0xE0, 0xE1, 0x7E, 0x18, 0x1C, 0x04, 0x3C, 0x20, 0x30, 0x0C, 0x03,
  0x00, 0x00, 0xE1, 0x9D, 0xC6, 0xE3, 0x7F, 0xF8, 0x1C, 0x0F, 0x13, 0xF0,
  0x06, 0x03, 0x03, 0x02, 0x00, 0x00, 0xE1, 0x9D, 0xC6, 0xE3, 0x7F, 0xF8,
  0x1C, 0x0F, 0x13, 0xF0, 0x1C, 0x1E, 0x18, 0x80, 0x01, 0xC3, 0x3B, 0x8D,
  0xC6, 0xFF, 0xF0, 0x38, 0x1E, 0x27, 0xE0, 0x66, 0x73, 0x99, 0x80, 0x01,
  0xC3, 0x3B, 0x8D, 0xC6, 0xFF, 0xF0, 0x38, 0x1E, 0x27, 0xE0, 0x43, 0x06,
  0x0C, 0x03, 0xE3, 0x8E, 0x38, 0xE3, 0x8E, 0x39, 0xF0, 0x0C, 0x31, 0x88,
  0x03, 0xE3, 0x8E, 0x38, 0xE3, 0x8E, 0x39, 0xF0, 0x39, 0xEC, 0x40, 0xF8,
  0xE3, 0x8E, 0x38, 0xE3, 0x8E, 0x7C, 0x66, 0xE7, 0x66, 0x00, 0x7C, 0x1C,
  0x1C, 0x1C, 0x1C, 0x1C, 0x1C, 0x1C, 0x3E, 0x66, 0x07, 0x01, 0xE0, 0x9C,
  0x03, 0x00, 0xE7, 0xFB, 0x8E, 0xE1, 0xF8, 0x7E, 0x3B, 0x8E, 0xE3, 0x0F,
  0x80, 0x1C, 0x81, 0x38, 0x00, 0x0F, 0x18, 0x77, 0xC3, 0x8E, 0x38, 0xE3,
  0x8E, 0x38, 0xE3, 0x8E, 0x38, 0xE7, 0xDF, 0x10, 0x0C, 0x01, 0x80, 0x30,
  0x00, 0x07, 0x06, 0x33, 0x8E, 0xE3, 0xB8, 0x7E, 0x1F, 0x8E, 0xE3, 0x8F,
  0xC0, 0x06, 0x01, 0x80, 0xC0, 0x40, 0x00, 0x07, 0x06, 0x33, 0x8E, 0xE3,
  0xB8, 0x7E, 0x1F, 0x8E, 0xE3, 0x8F, 0xC0, 0x1C, 0x0F, 0x06, 0x20, 0x00,
  0x1C, 0x18, 0xCE, 0x3B, 0x8E, 0xE1, 0xF8, 0x7E, 0x3B, 0x8E, 0x3F, 0x00,
  0x39, 0x09, 0xC0, 0x00, 0x70, 0x63, 0x38, 0xEE, 0x3B, 0x87, 0xE1, 0xF8,
  0xEE, 0x38, 0xFC, 0x33, 0x1C, 0xE3, 0x30, 0x00, 0x1C, 0x18, 0xCE, 0x3B,
  0x8E, 0xE1, 0xF8, 0x7E, 0x3B, 0x8E, 0x3F, 0x00, 0x18, 0x1C, 0x1C, 0x00,
  0xFF, 0xFF, 0x00, 0x1C, 0x1C, 0x18, 0x01, 0x07, 0x86, 0x33, 0x9E, 0xE7,
  0xBA, 0x7E, 0x9F, 0xCE, 0xF3, 0x8F, 0xC2, 0x01, 0x80, 0x08, 0x03, 0x00,
  0x30, 0x03, 0x00, 0x01, 0xE7, 0x8C, 0x71, 0x86, 0x30, 0xC6, 0x18, 0xC3,
  0x18, 0x63, 0x9C, 0x7D, 0xC0, 0x01, 0x80, 0x30, 0x0C, 0x02, 0x00, 0x01,
  0xE7, 0x8C, 0x71, 0x86, 0x30, 0xC6, 0x18, 0xC3, 0x18, 0x63, 0x9C, 0x7D,
  0xC0, 0x07, 0x01, 0xE0, 0x62, 0x00, 0x0F, 0x3C, 0x63, 0x8C, 0x31, 0x86,
  0x30, 0xC6, 0x18, 0xC3, 0x1C, 0xE3, 0xEE, 0x19, 0x87, 0x38, 0x66, 0x00,
  0x0F, 0x3C, 0x63, 0x8C, 0x31, 0x86, 0x30, 0xC6, 0x18, 0xC3, 0x1C, 0xE3,
  0xEE, 0x03, 0x00, 0xC0, 0x60, 0x20, 0x00, 0x3E, 0x77, 0x09, 0xC6, 0x39,
  0x0E, 0x41, 0xE0, 0x78, 0x0E, 0x03, 0x00, 0x41, 0x20, 0x78, 0x1C, 0x00,
  0xF0, 0x0E, 0x01, 0xC0, 0x38, 0x07, 0x70, 0xFF, 0x9C, 0x73, 0x86, 0x70,
  0xEE, 0x19, 0xC7, 0x38, 0xE7, 0xF8, 0xE0, 0x1C, 0x03, 0x80, 0xF8, 0x00,
  0x33, 0x1C, 0xE3, 0x30, 0x00, 0xF9, 0xDC, 0x27, 0x18, 0xE4, 0x39, 0x07,
  0x81, 0xE0, 0x38, 0x0C, 0x01, 0x04, 0x81, 0xE0, 0x70, 0x00 };

const GFXglyph Gelasio_Bold9pt8bGlyphs[] PROGMEM = {
  {     0,   1,   1,   4,    0,    0 },   // 0x20 ' '
  {     1,   4,  13,   7,    1,  -12 },   // 0x21 '!'
  {     8,   7,   6,   9,    1,  -13 },   // 0x22 '"'
  {    14,  10,  12,  12,    1,  -11 },   // 0x23 '#'
  {    29,  10,  15,  11,    1,  -12 },   // 0x24 '$'
  {    48,  14,  12,  16,    1,  -11 },   // 0x25 '%'
  {    69,  14,  13,  14,    0,  -12 },   // 0x26 '&'
  {    92,   3,   6,   5,    1,  -13 },   // 0x27 '''
  {    95,   6,  16,   8,    1,  -12 },   // 0x28 '('
  {   107,   6,  16,   8,    1,  -12 },   // 0x29 ')'
  {   119,   8,   8,   9,    0,  -12 },   // 0x2A '*'
  {   127,   8,   8,  12,    2,   -8 },   // 0x2B '+'
  {   135,   4,   6,   6,    1,   -2 },   // 0x2C ','
  {   138,   5,   1,   7,    1,   -4 },   // 0x2D '-'
  {   139,   4,   3,   6,    1,   -2 },   // 0x2E '.'
  {   141,   6,  18,   8,    1,  -13 },   // 0x2F '/'
  {   155,  10,  10,  12,    1,   -9 },   // 0x30 '0'
  {   168,   7,  10,   9,    1,   -9 },   // 0x31 '1'
  {   177,   9,  10,  11,    1,   -9 },   // 0x32 '2'
  {   189,   9,  13,  11,    1,   -9 },   // 0x33 '3'
  {   204,  10,  13,  11,    1,   -9 },   // 0x34 '4'
  {   221,   9,  13,  11,    1,   -9 },   // 0x35 '5'
  {   236,  10,  13,  11,    1,  -12 },   // 0x36 '6'
  {   253,   9,  13,  10,    1,   -9 },   // 0x37 '7'
  {   268,  10,  12,  12,    1,  -11 },   // 0x38 '8'
  {   283,  10,  13,  11,    1,   -9 },   // 0x39 '9'
  {   300,   4,   8,   6,    1,   -7 },   // 0x3A ':'
  {   304,   4,  11,   6,    1,   -7 },   // 0x3B ';'
  {   310,   8,  10,  12,    2,   -9 },   // 0x3C '<'
  {   320,   8,   5,  12,    2,   -6 },   // 0x3D '='
  {   325,   9,  10,  12,    2,   -9 },   // 0x3E '>'
  {   337,   8,  13,  10,    1,  -12 },   // 0x3F '?'
  {   350,  15,  15,  17,    1,  -11 },   // 0x40 '@'
  {   379,  13,  12,  13,    0,  -11 },   // 0x41 'A'
  {   399,  12,  12,  13,    1,  -11 },   // 0x42 'B'
  {   417,  11,  12,  13,    1,  -11 },   // 0x43 'C'
  {   434,  13,  12,  15,    1,  -11 },   // 0x44 'D'
  {   454,  11,  12,  13,    1,  -11 },   // 0x45 'E'
  {   471,  10,  12,  12,    1,  -11 },   // 0x46 'F'
  {   486,  13,  12,  14,    1,  -11 },   // 0x47 'G'
  {   506,  14,  12,  16,    1,  -11 },   // 0x48 'H'
  {   527,   6,  12,   8,    1,  -11 },   // 0x49 'I'
  {   536,  10,  12,  10,    0,  -11 },   // 0x4A 'J'
  {   551,  13,  12,  14,    1,  -11 },   // 0x4B 'K'
  {   571,  11,  12,  12,    1,  -11 },   // 0x4C 'L'
  {   588,  16,  12,  18,    1,  -11 },   // 0x4D 'M'
  {   612,  15,  12,  15,    0,  -11 },   // 0x4E 'N'
  {   635,  13,  12,  14,    1,  -11 },   // 0x4F 'O'
  {   655,  11,  12,  12,    1,  -11 },   // 0x50 'P'
  {   672,  13,  16,  14,    1,  -11 },   // 0x51 'Q'
  {   698,  12,  12,  14,    1,  -11 },   // 0x52 'R'
  {   716,  10,  12,  11,    1,  -11 },   // 0x53 'S'
  {   731,  12,  12,  12,    0,  -11 },   // 0x54 'T'
  {   749,  13,  12,  15,    1,  -11 },   // 0x55 'U'
  {   769,  14,  12,  13,    0,  -11 },   // 0x56 'V'
  {   790,  20,  12,  20,    0,  -11 },   // 0x57 'W'
  {   820,  14,  12,  14,    0,  -11 },   // 0x58 'X'
  {   841,  13,  12,  13,    0,  -11 },   // 0x59 'Y'
  {   861,  10,  12,  12,    1,  -11 },   // 0x5A 'Z'
  {   876,   4,  16,   8,    2,  -12 },   // 0x5B '['
  {   884,   7,  18,   8,    0,  -12 },   // 0x5C '\'
  {   900,   5,  16,   8,    1,  -12 },   // 0x5D ']'
  {   910,   9,   9,  12,    2,  -11 },   // 0x5E '^'
  {   921,  13,   1,  12,    0,    3 },   // 0x5F '_'
  {   923,   4,   4,   9,    2,  -13 },   // 0x60 '`'
  {   925,   9,   9,  11,    1,   -8 },   // 0x61 'a'
  {   936,  11,  13,  11,    0,  -12 },   // 0x62 'b'
  {   954,   8,   9,   9,    1,   -8 },   // 0x63 'c'
  {   963,  10,  13,  12,    1,  -12 },   // 0x64 'd'
  {   980,   9,   9,  10,    1,   -8 },   // 0x65 'e'
  {   991,   8,  13,   7,    0,  -12 },   // 0x66 'f'
  {  1004,  10,  13,  10,    0,   -8 },   // 0x67 'g'
  {  1021,  12,  13,  12,    0,  -12 },   // 0x68 'h'
  {  1041,   6,  13,   6,    0,  -12 },   // 0x69 'i'
  {  1051,   6,  17,   6,   -1,  -12 },   // 0x6A 'j'
  {  1064,  11,  13,  11,    0,  -12 },   // 0x6B 'k'
  {  1082,   6,  13,   6,    0,  -12 },   // 0x6C 'l'
  {  1092,  18,   9,  18,    0,   -8 },   // 0x6D 'm'
  {  1113,  12,   9,  12,    0,   -8 },   // 0x6E 'n'
  {  1127,  10,   9,  11,    1,   -8 },   // 0x6F 'o'
  {  1139,  11,  13,  12,    0,   -8 },   // 0x70 'p'
  {  1157,  11,  13,  11,    1,   -8 },   // 0x71 'q'
  {  1175,   9,   9,   9,    0,   -8 },   // 0x72 'r'
  {  1186,   8,   9,   9,    1,   -8 },   // 0x73 's'
  {  1195,   7,  11,   7,    0,  -10 },   // 0x74 't'
  {  1205,  11,   9,  12,    0,   -8 },   // 0x75 'u'
  {  1218,  11,   9,  10,    0,   -8 },   // 0x76 'v'
  {  1231,  15,   9,  15,    0,   -8 },   // 0x77 'w'
  {  1248,  10,   9,  10,    0,   -8 },   // 0x78 'x'
  {  1260,  10,  13,  10,    0,   -8 },   // 0x79 'y'
  {  1277,   9,   9,   9,    0,   -8 },   // 0x7A 'z'
  {  1288,   7,  16,   9,    1,  -12 },   // 0x7B '{'
  {  1302,   1,  16,   7,    3,  -12 },   // 0x7C '|'
  {  1304,   7,  16,   9,    1,  -12 },   // 0x7D '}'
  {  1318,   8,   2,  12,    2,   -5 },   // 0x7E '~'
  {  1320,   1,   1,   9,    0,    0 },   // 0x7F
  {  1321,  14,  13,  18,    2,  -12 },   // 0x80
  {  1344,  14,  13,  18,    2,  -12 },   // 0x81
  {  1367,  14,  13,  18,    2,  -12 },   // 0x82
  {  1390,  14,  13,  18,    2,  -12 },   // 0x83
  {  1413,  14,  13,  18,    2,  -12 },   // 0x84
  {  1436,  14,  13,  18,    2,  -12 },   // 0x85
  {  1459,  14,  13,  18,    2,  -12 },   // 0x86
  {  1482,  14,  13,  18,    2,  -12 },   // 0x87
  {  1505,  14,  13,  18,    2,  -12 },   // 0x88
  {  1528,  14,  13,  18,    2,  -12 },   // 0x89
  {  1551,  14,  13,  18,    2,  -12 },   // 0x8A
  {  1574,  14,  13,  18,    2,  -12 },   // 0x8B
  {  1597,  14,  13,  18,    2,  -12 },   // 0x8C
  {  1620,  14,  13,  18,    2,  -12 },   // 0x8D
  {  1643,  14,  13,  18,    2,  -12 },   // 0x8E
  {  1666,  14,  13,  18,    2,  -12 },   // 0x8F
  {  1689,  14,  13,  18,    2,  -12 },   // 0x90
  {  1712,  14,  13,  18,    2,  -12 },   // 0x91
  {  1735,  14,  13,  18,    2,  -12 },   // 0x92
  {  1758,  14,  13,  18,    2,  -12 },   // 0x93
  {  1781,  14,  13,  18,    2,  -12 },   // 0x94
  {  1804,  14,  13,  18,    2,  -12 },   // 0x95
  {  1827,  14,  13,  18,    2,  -12 },   // 0x96
  {  1850,  14,  13,  18,    2,  -12 },   // 0x97
  {  1873,  14,  13,  18,    2,  -12 },   // 0x98
  {  1896,  14,  13,  18,    2,  -12 },   // 0x99
  {  1919,  14,  13,  18,    2,  -12 },   // 0x9A
  {  1942,  14,  13,  18,    2,  -12 },   // 0x9B
  {  1965,  14,  13,  18,    2,  -12 },   // 0x9C
  {  1988,  14,  13,  18,    2,  -12 },   // 0x9D
  {  2011,  14,  13,  18,    2,  -12 },   // 0x9E
  {  2034,  14,  13,  18,    2,  -12 },   // 0x9F
  {  2057,   1,   1,   4,    0,    0 },   // 0xA0
  {  2058,   4,  13,   7,    1,  -11 },   // 0xA1
  {  2065,   9,  13,  11,    1,  -10 },   // 0xA2
  {  2080,  11,  12,  12,    0,  -11 },   // 0xA3
  {  2097,   8,   8,  12,    2,   -8 },   // 0xA4
  {  2105,  13,  12,  13,    0,  -11 },   // 0xA5
  {  2125,   1,  16,   7,    3,  -12 },   // 0xA6
  {  2127,   8,  16,  10,    1,  -11 },   // 0xA7
  {  2143,   7,   3,   9,    1,  -12 },   // 0xA8
  {  2146,  15,  15,  17,    1,  -12 },   // 0xA9
  {  2175,   8,   7,  10,    1,  -11 },   // 0xAA
  {  2182,   9,   8,  11,    1,   -8 },   // 0xAB
  {  2191,   8,   5,  12,    2,   -5 },   // 0xAC
  {  2196,  14,  13,  18,    2,  -12 },   // 0xAD
  {  2219,  15,  15,  17,    1,  -12 },   // 0xAE
  {  2248,   5,   1,  12,    0,  -11 },   // 0xAF
  {  2249,   6,   6,   7,    1,  -12 },   // 0xB0
  {  2254,   8,   9,  12,    2,   -8 },   // 0xB1
  {  2263,   7,   8,  10,    1,  -13 },   // 0xB2
  {  2270,   7,   8,  10,    1,  -13 },   // 0xB3
  {  2277,   4,   4,   9,    2,  -13 },   // 0xB4
  {  2279,  11,  13,  12,    1,   -8 },   // 0xB5
  {  2297,   9,  14,  10,    0,  -11 },   // 0xB6
  {  2313,   4,   3,   6,    1,   -7 },   // 0xB7
  {  2315,   4,   4,   5,    0,    1 },   // 0xB8
  {  2317,   7,   8,  10,    1,  -13 },   // 0xB9
  {  2324,   8,   7,  10,    1,  -11 },   // 0xBA
  {  2331,   9,   8,  11,    1,   -8 },   // 0xBB
  {  2340,  18,  12,  19,    1,  -11 },   // 0xBC
  {  2367,  18,  12,  19,    0,  -11 },   // 0xBD
  {  2394,  19,  12,  19,    0,  -11 },   // 0xBE
  {  2423,   8,  13,  10,    1,  -12 },   // 0xBF
  {  2436,  13,  18,  13,    0,  -17 },   // 0xC0
  {  2466,  13,  18,  13,    0,  -17 },   // 0xC1
  {  2496,  13,  17,  13,    0,  -16 },   // 0xC2
  {  2524,  13,  17,  13,    0,  -16 },   // 0xC3
  {  2552,  13,  17,  13,    0,  -16 },   // 0xC4
  {  2580,  13,  16,  13,    0,  -15 },   // 0xC5
  {  2606,  19,  12,  19,   -1,  -11 },   // 0xC6
  {  2635,  11,  16,  13,    1,  -11 },   // 0xC7
  {  2657,  11,  18,  13,    1,  -17 },   // 0xC8
  {  2682,  11,  18,  13,    1,  -17 },   // 0xC9
  {  2707,  11,  17,  13,    1,  -16 },   // 0xCA
  {  2731,  11,  17,  13,    1,  -16 },   // 0xCB
  {  2755,   6,  18,   8,    1,  -17 },   // 0xCC
  {  2769,   6,  18,   8,    1,  -17 },   // 0xCD
  {  2783,   6,  17,   8,    1,  -16 },   // 0xCE
  {  2796,   8,  17,   8,    0,  -16 },   // 0xCF
  {  2813,  13,  12,  15,    1,  -11 },   // 0xD0
  {  2833,  15,  17,  15,    0,  -16 },   // 0xD1
  {  2865,  13,  18,  14,    1,  -17 },   // 0xD2
  {  2895,  13,  18,  14,    1,  -17 },   // 0xD3
  {  2925,  13,  17,  14,    1,  -16 },   // 0xD4
  {  2953,  13,  17,  14,    1,  -16 },   // 0xD5
  {  2981,  13,  17,  14,    1,  -16 },   // 0xD6
  {  3009,   8,   8,  12,    2,   -8 },   // 0xD7
  {  3017,  13,  15,  14,    1,  -13 },   // 0xD8
  {  3042,  13,  18,  15,    1,  -17 },   // 0xD9
  {  3072,  13,  18,  15,    1,  -17 },   // 0xDA
  {  3102,  13,  17,  15,    1,  -16 },   // 0xDB
  {  3130,  13,  17,  15,    1,  -16 },   // 0xDC
  {  3158,  13,  18,  13,    0,  -17 },   // 0xDD
  {  3188,  11,  12,  12,    1,  -11 },   // 0xDE
  {  3205,  11,  13,  12,    0,  -12 },   // 0xDF
  {  3223,   9,  14,  11,    1,  -13 },   // 0xE0
  {  3239,   9,  14,  11,    1,  -13 },   // 0xE1
  {  3255,   9,  13,  11,    1,  -12 },   // 0xE2
  {  3270,   9,  12,  11,    1,  -11 },   // 0xE3
  {  3284,   9,  13,  11,    1,  -12 },   // 0xE4
  {  3299,   9,  14,  11,    1,  -13 },   // 0xE5
  {  3315,  14,   9,  15,    1,   -8 },   // 0xE6
  {  3331,   8,  13,   9,    1,   -8 },   // 0xE7
  {  3344,   9,  14,  10,    1,  -13 },   // 0xE8
  {  3360,   9,  14,  10,    1,  -13 },   // 0xE9
  {  3376,   9,  13,  10,    1,  -12 },   // 0xEA
  {  3391,   9,  13,  10,    1,  -12 },   // 0xEB
  {  3406,   6,  14,   6,    0,  -13 },   // 0xEC
  {  3417,   6,  14,   6,    0,  -13 },   // 0xED
  {  3428,   6,  13,   6,    0,  -12 },   // 0xEE
  {  3438,   8,  13,   6,   -1,  -12 },   // 0xEF
  {  3451,  10,  14,  11,    1,  -13 },   // 0xF0
  {  3469,  12,  12,  12,    0,  -11 },   // 0xF1
  {  3487,  10,  14,  11,    1,  -13 },   // 0xF2
  {  3505,  10,  14,  11,    1,  -13 },   // 0xF3
  {  3523,  10,  13,  11,    1,  -12 },   // 0xF4
  {  3540,  10,  12,  11,    1,  -11 },   // 0xF5
  {  3555,  10,  13,  11,    1,  -12 },   // 0xF6
  {  3572,   8,  10,  12,    2,   -9 },   // 0xF7
  {  3582,  10,  12,  11,    1,   -9 },   // 0xF8
  {  3597,  11,  14,  12,    0,  -13 },   // 0xF9
  {  3617,  11,  14,  12,    0,  -13 },   // 0xFA
  {  3637,  11,  13,  12,    0,  -12 },   // 0xFB
  {  3655,  11,  13,  12,    0,  -12 },   // 0xFC
  {  3673,  10,  18,  10,    0,  -13 },   // 0xFD
  {  3696,  11,  17,  11,    0,  -12 },   // 0xFE
  {  3720,  10,  17,  10,    0,  -12 } }; // 0xFF

const GFXfont Gelasio_Bold9pt8b PROGMEM = {
  (uint8_t  *)Gelasio_Bold9pt8bBitmaps,
  (GFXglyph *)Gelasio_Bold9pt8bGlyphs,
  0x20, 0xFF, 22 };

// Approx. 5317 bytes

const uint8_t Gelasio_Bold10pt8bBitmaps[] PROGMEM = {
  0x00, 0x4F, 0xFF, 0xEE, 0x64, 0x44, 0x00, 0xEF, 0xE0, 0xC7, 0x8F, 0x1E,
  0x38, 0x50, 0xA1, 0x00, 0x0C, 0x41, 0x18, 0x23, 0x04, 0x47, 0xFE, 0x31,
  0x06, 0x60, 0x8C, 0x11, 0x9F, 0xFC, 0xC4, 0x18, 0x82, 0x30, 0x46, 0x00,
  0x04, 0x00, 0x80, 0x7D, 0x38, 0x66, 0x04, 0xE0, 0x9E, 0x03, 0xF0, 0x3F,
  0x81, 0xFA, 0x0F, 0xE0, 0xFC, 0x0F, 0xC1, 0xBF, 0xE0, 0x20, 0x04, 0x00,
  0x38, 0x10, 0xCC, 0x63, 0x18, 0x86, 0x33, 0x0C, 0x64, 0x18, 0xD0, 0x1F,
  0x60, 0x00, 0x9C, 0x02, 0x66, 0x0D, 0xCC, 0x13, 0x18, 0x66, 0x30, 0x8E,
  0x62, 0x0F, 0x80, 0x0F, 0x80, 0x31, 0x80, 0xE3, 0x01, 0xC6, 0x03, 0xCC,
  0x03, 0xE7, 0xC3, 0xC7, 0x1F, 0x84, 0x77, 0x88, 0xE7, 0xA3, 0xC7, 0xC7,
  0x87, 0x87, 0x8F, 0x87, 0xE7, 0xC0, 0xFF, 0xA8, 0x02, 0x38, 0xE3, 0x87,
  0x1C, 0x38, 0x70, 0xE1, 0xC3, 0x87, 0x0E, 0x0E, 0x1C, 0x18, 0x18, 0x1C,
  0x80, 0xC0, 0xC0, 0xC1, 0xC3, 0x87, 0x0F, 0x0E, 0x1C, 0x78, 0xF1, 0xC3,
  0x87, 0x1C, 0x31, 0xC0, 0x0C, 0x06, 0x03, 0x1D, 0x3F, 0xF8, 0x60, 0x58,
  0x6E, 0x33, 0x00, 0x0C, 0x03, 0x00, 0xC0, 0x30, 0xFF, 0xC3, 0x00, 0xC0,
  0x30, 0x0C, 0x00, 0x7F, 0x73, 0x32, 0x40, 0xFC, 0x7F, 0x70, 0x06, 0x0C,
  0x10, 0x20, 0xC1, 0x02, 0x0C, 0x18, 0x20, 0x41, 0x82, 0x04, 0x18, 0x30,
  0x40, 0x83, 0x00, 0x06, 0x03, 0x9C, 0x70, 0xE7, 0x0E, 0xE0, 0xFE, 0x0F,
  0xE0, 0xFE, 0x0F, 0xE0, 0xE7, 0x0E, 0x70, 0xC1, 0xF8, 0x3C, 0xFC, 0x3C,
  0x3C, 0x3C, 0x3C, 0x3C, 0x3C, 0x3C, 0x3C, 0xFF, 0x08, 0x1D, 0xEE, 0x3F,
  0x87, 0xC1, 0xC0, 0xE0, 0x38, 0x1C, 0x0C, 0x04, 0x07, 0xFF, 0xFF, 0x08,
  0x1D, 0xCE, 0x3B, 0x0F, 0xC3, 0xC0, 0xE0, 0x38, 0x78, 0x07, 0x80, 0x70,
  0x1F, 0x07, 0xC1, 0xF0, 0x7E, 0x38, 0xF8, 0x04, 0x00, 0xE0, 0x3C, 0x07,
  0x01, 0xC0, 0x38, 0x0E, 0x01, 0x9C, 0x63, 0x9C, 0x73, 0xFF, 0xFF, 0xF0,
  0x38, 0x07, 0x00, 0xE0, 0x7F, 0xDF, 0xE4, 0x01, 0x00, 0x40, 0x17, 0x86,
  0x79, 0x0F, 0x01, 0xC0, 0x7C, 0x1F, 0x07, 0xC3, 0xB9, 0xC3, 0xC0, 0x03,
  0x01, 0xC0, 0x60, 0x1C, 0x07, 0x00, 0xE0, 0x3B, 0xE7, 0x8E, 0xE1, 0xFC,
  0x3F, 0x87, 0xF0, 0xFF, 0x1C, 0xE3, 0x8F, 0xC0, 0xFF, 0xFF, 0xEC, 0x1A,
  0x04, 0x03, 0x00, 0xC0, 0x60, 0x18, 0x04, 0x03, 0x00, 0xC0, 0x60, 0x18,
  0x0E, 0x00, 0x1F, 0x06, 0x39, 0x83, 0x30, 0x67, 0x0C, 0xFB, 0x0F, 0xC1,
  0xFE, 0x63, 0xFC, 0x1F, 0x83, 0xF0, 0x77, 0x0C, 0x7F, 0x00, 0x04, 0x07,
  0x71, 0xC7, 0x70, 0xEE, 0x1F, 0xC3, 0xF8, 0x7F, 0x8F, 0x71, 0xE7, 0xF8,
  0x07, 0x00, 0xC0, 0x38, 0x0E, 0x07, 0x01, 0x00, 0x7F, 0x70, 0x00, 0x7F,
  0x70, 0x7F, 0x70, 0x00, 0x7F, 0x73, 0x32, 0x40, 0x00, 0xC0, 0x70, 0x70,
  0x70, 0x70, 0x30, 0x07, 0x00, 0x70, 0x07, 0x00, 0xF0, 0x0C, 0xFF, 0x80,
  0x00, 0x00, 0x0F, 0xF8, 0x80, 0x38, 0x03, 0x80, 0x38, 0x03, 0x80, 0x30,
  0x38, 0x38, 0x38, 0x38, 0x08, 0x00, 0x1C, 0x33, 0xB0, 0xF8, 0x7C, 0x38,
  0x18, 0x1C, 0x18, 0x08, 0x0C, 0x00, 0x00, 0x03, 0xC1, 0xE0, 0x60, 0x07,
  0xF0, 0x30, 0x18, 0xC0, 0x1B, 0x00, 0x14, 0x7B, 0x38, 0xCC, 0x63, 0x18,
  0xC6, 0x31, 0x8C, 0xC7, 0x11, 0x8A, 0x37, 0x24, 0x7F, 0x8C, 0x00, 0x0C,
  0x01, 0x0C, 0x04, 0x07, 0xF0, 0x03, 0x80, 0x07, 0x00, 0x1E, 0x00, 0x2E,
  0x00, 0x5C, 0x01, 0xB8, 0x02, 0x38, 0x04, 0x70, 0x10, 0xF0, 0x3E, 0xE0,
  0xC1, 0xC1, 0x03, 0xC2, 0x03, 0x9F, 0x1F, 0xC0, 0xFF, 0x01, 0xCF, 0x0E,
  0x1C, 0x70, 0xE3, 0x87, 0x1C, 0x70, 0xFF, 0x07, 0x1E, 0x38, 0x79, 0xC1,
  0xCE, 0x0E, 0x70, 0xF3, 0x87, 0x7F, 0xF0, 0x07, 0xC1, 0x87, 0x70, 0x37,
  0x03, 0xF0, 0x0F, 0x00, 0xE0, 0x0E, 0x00, 0xF0, 0x0F, 0x00, 0xF0, 0x17,
  0x03, 0x38, 0x31, 0xFE, 0xFF, 0x00, 0xF1, 0xC0, 0xE0, 0xE1, 0xC1, 0xE3,
  0x81, 0xC7, 0x03, 0xCE, 0x07, 0x9C, 0x0F, 0x38, 0x1E, 0x70, 0x38, 0xE0,
  0x71, 0xC1, 0xC3, 0x87, 0x1F, 0xF8, 0x00, 0xFF, 0xE7, 0x86, 0x38, 0x33,
  0x81, 0x38, 0x03, 0x88, 0x38, 0x83, 0xF8, 0x38, 0x83, 0x88, 0x38, 0x13,
  0x81, 0x38, 0x3F, 0xFF, 0xFF, 0xEF, 0x0C, 0xE0, 0x9C, 0x13, 0x80, 0x71,
  0x0E, 0x21, 0xFC, 0x38, 0x87, 0x10, 0xE0, 0x1C, 0x03, 0x81, 0xFE, 0x00,
  0x07, 0xE0, 0x70, 0xC3, 0x81, 0x9C, 0x06, 0xF0, 0x03, 0x80, 0x0E, 0x00,
  0x38, 0x00, 0xE0, 0xFF, 0xC0, 0xEF, 0x03, 0x9C, 0x0E, 0x38, 0x38, 0x3F,
  0xC0, 0xFE, 0x7F, 0x78, 0x1E, 0x38, 0x1C, 0x38, 0x1C, 0x38, 0x1C, 0x38,
  0x1C, 0x3F, 0xFC, 0x38, 0x1C, 0x38, 0x1C, 0x38, 0x1C, 0x38, 0x1C, 0x38,
  0x1C, 0x38, 0x1C, 0xFE, 0x7F, 0xFE, 0xF0, 0xE1, 0xC3, 0x87, 0x0E, 0x1C,
  0x38, 0x70, 0xE1, 0xC3, 0x9F, 0xC0, 0x0F, 0xE0, 0x78, 0x0E, 0x01, 0xC0,
  0x38, 0x07, 0x00, 0xE0, 0x1C, 0x03, 0x8E, 0x73, 0x8E, 0x71, 0xC6, 0x38,
  0x7E, 0x00, 0xFE, 0x7C, 0xF0, 0x70, 0xE0, 0xC1, 0xC3, 0x03, 0x8C, 0x07,
  0x30, 0x0E, 0xE0, 0x1F, 0xE0, 0x39, 0xE0, 0x73, 0xC0, 0xE3, 0xC1, 0xC3,
  0x83, 0x87, 0x9F, 0xC7, 0xC0, 0xFE, 0x07, 0x80, 0x38, 0x03, 0x80, 0x38,
  0x03, 0x80, 0x38, 0x03, 0x80, 0x38, 0x03, 0x81, 0x38, 0x13, 0x83, 0x38,
  0x7F, 0xFF, 0xFC, 0x0F, 0xDF, 0x03, 0xE3, 0xE0, 0xF8, 0xB8, 0x5E, 0x2F,
  0x17, 0x89, 0xC5, 0xE2, 0x72, 0x78, 0x9E, 0x9E, 0x23, 0xA7, 0x88, 0xF1,
  0xE2, 0x1C, 0x78, 0x86, 0x1E, 0x21, 0x87, 0xBE, 0x23, 0xF0, 0xF8, 0x1F,
  0x7C, 0x06, 0x1E, 0x04, 0x1F, 0x04, 0x17, 0x84, 0x13, 0xC4, 0x13, 0xE4,
  0x11, 0xE4, 0x10, 0xF4, 0x10, 0x7C, 0x10, 0x3C, 0x10, 0x1C, 0x10, 0x0C,
  0xFC, 0x0C, 0x07, 0xC0, 0x61, 0x83, 0x03, 0x9C, 0x0E, 0xF0, 0x3F, 0xC0,
  0xFF, 0x03, 0xFC, 0x0F, 0xF0, 0x3F, 0xC0, 0xF7, 0x03, 0x9C, 0x0E, 0x38,
  0x70, 0x3F, 0x00, 0xFF, 0x87, 0x9E, 0x38, 0xF3, 0x87, 0x38, 0x73, 0x87,
  0x38, 0xF3, 0x9E, 0x3F, 0x83, 0x80, 0x38, 0x03, 0x80, 0x38, 0x0F, 0xE0,
  0x07, 0xC0, 0x61, 0x83, 0x03, 0x9C, 0x0E, 0xF0, 0x3F, 0xC0, 0xFF, 0x03,
  0xFC, 0x0F, 0xF0, 0x3F, 0xC0, 0xF7, 0x03, 0x9C, 0x0E, 0x38, 0x70, 0x3F,
  0x00, 0x78, 0x00, 0xE0, 0x03, 0xE0, 0x03, 0xE0, 0xFF, 0x81, 0xE7, 0x83,
  0x87, 0x0E, 0x1C, 0x38, 0x70, 0xE1, 0xC3, 0x8E, 0x0F, 0xE0, 0x39, 0xC0,
  0xE3, 0x83, 0x8F, 0x0E, 0x3C, 0x38, 0x7B, 0xF9, 0xF0, 0x1F, 0x46, 0x39,
  0x83, 0x30, 0x27, 0x00, 0xF8, 0x0F, 0xC0, 0xFC, 0x07, 0xD0, 0x3F, 0x03,
  0xE0, 0x7E, 0x0D, 0xFF, 0x00, 0x7F, 0xFE, 0x38, 0xF1, 0xC3, 0x0E, 0x18,
  0x70, 0x83, 0x80, 0x1C, 0x00, 0xE0, 0x07, 0x00, 0x38, 0x01, 0xC0, 0x0E,
  0x00, 0x70, 0x0F, 0xF0, 0xFC, 0x3E, 0xF0, 0x31, 0xE0, 0x23, 0xC0, 0x47,
  0x80, 0x8F, 0x01, 0x1E, 0x02, 0x3C, 0x04, 0x78, 0x08, 0xF0, 0x11, 0xE0,
  0x61, 0xC0, 0x83, 0x83, 0x01, 0xFC, 0x00, 0xFE, 0x3E, 0xF0, 0x18, 0xE0,
  0x21, 0xE0, 0x41, 0xC1, 0x03, 0x82, 0x03, 0x8C, 0x07, 0x10, 0x07, 0x20,
  0x0E, 0x80, 0x1F, 0x00, 0x1C, 0x00, 0x38, 0x00, 0x30, 0x00, 0xFE, 0x00,
  0x7D, 0xE0, 0x60, 0x63, 0x83, 0x81, 0x0E, 0x0F, 0x04, 0x3C, 0x3C, 0x20,
  0x71, 0x78, 0x81, 0xE4, 0xE2, 0x03, 0x93, 0x90, 0x0E, 0x8F, 0x40, 0x3E,
  0x1F, 0x00, 0x78, 0x78, 0x01, 0xC0, 0xE0, 0x03, 0x03, 0x00, 0x0C, 0x0C,
  0x00, 0xFE, 0x3E, 0x3C, 0x18, 0x1C, 0x10, 0x1E, 0x30, 0x0F, 0x60, 0x07,
  0x40, 0x03, 0x80, 0x03, 0xC0, 0x03, 0xE0, 0x04, 0xE0, 0x08, 0x70, 0x18,
  0x78, 0x30, 0x3C, 0xFC, 0xFF, 0xFE, 0x3E, 0xF0, 0x10, 0xF0, 0x61, 0xE0,
  0x81, 0xE2, 0x01, 0xC4, 0x03, 0xD0, 0x03, 0xA0, 0x07, 0x80, 0x07, 0x00,
  0x0E, 0x00, 0x1C, 0x00, 0x38, 0x01, 0xFC, 0x00, 0x7F, 0xF6, 0x0E, 0x41,
  0xE4, 0x3C, 0x43, 0x80, 0x78, 0x0F, 0x00, 0xE0, 0x1E, 0x03, 0xC0, 0x38,
  0x37, 0x83, 0xF0, 0x6F, 0xFE, 0xFF, 0x39, 0xCE, 0x73, 0x9C, 0xE7, 0x39,
  0xCE, 0x73, 0x9C, 0xE7, 0xC0, 0xC0, 0x81, 0x83, 0x02, 0x04, 0x0C, 0x18,
  0x10, 0x30, 0x60, 0x40, 0x81, 0x83, 0x02, 0x06, 0x0C, 0x08, 0xF9, 0xCE,
  0x73, 0x9C, 0xE7, 0x39, 0xCE, 0x73, 0x9C, 0xE7, 0x3F, 0xC0, 0x0C, 0x03,
  0x01, 0xC0, 0x78, 0x16, 0x0C, 0xC3, 0x31, 0x84, 0x61, 0xB0, 0x6C, 0x0C,
  0xFF, 0xFC, 0xC7, 0x0C, 0x30, 0x1E, 0x0C, 0x73, 0x8E, 0x21, 0xC0, 0xF8,
  0xE7, 0x38, 0xE7, 0x1C, 0xF7, 0x8F, 0x7C, 0xF0, 0x07, 0x00, 0x70, 0x07,
  0x00, 0x70, 0x07, 0x38, 0x7F, 0xE7, 0x0E, 0x70, 0xF7, 0x0F, 0x70, 0x77,
  0x0F, 0x70, 0xE7, 0x0E, 0x7F, 0xC0, 0x1E, 0x39, 0xB8, 0xFC, 0x3E, 0x07,
  0x03, 0x81, 0xC0, 0x71, 0x9F, 0x80, 0x07, 0xC0, 0x1C, 0x01, 0xC0, 0x1C,
  0x01, 0xC1, 0xDC, 0x7B, 0xC7, 0x1C, 0xE1, 0xCE, 0x1C, 0xE1, 0xCE, 0x1C,
  0xE1, 0xC7, 0x1C, 0x3F, 0xF0, 0x1E, 0x1C, 0xEE, 0x3B, 0x8E, 0xFF, 0xF8,
  0x0E, 0x03, 0x80, 0x70, 0x8F, 0xC0, 0x1E, 0x6C, 0xCB, 0x87, 0x0F, 0xFF,
  0x38, 0x70, 0xE1, 0xC3, 0x87, 0x0E, 0x3F, 0x00, 0x1E, 0x66, 0x7D, 0xCE,
  0xB9, 0xC7, 0x38, 0x66, 0x0B, 0x03, 0x00, 0x7F, 0x8F, 0xF9, 0x87, 0xF0,
  0x7E, 0x0C, 0xF3, 0x03, 0x80, 0xF8, 0x01, 0xC0, 0x0E, 0x00, 0x70, 0x03,
  0x80, 0x1C, 0xE0, 0xFF, 0x87, 0x8E, 0x38, 0x71, 0xC3, 0x8E, 0x1C, 0x70,
  0xE3, 0x87, 0x1C, 0x3B, 0xF7, 0xE0, 0x10, 0x78, 0xF0, 0xC0, 0x03, 0x3E,
  0x1C, 0x38, 0x70, 0xE1, 0xC3, 0x87, 0x1F, 0x80, 0x08, 0x3C, 0x78, 0x60,
  0x00, 0xCF, 0x87, 0x0E, 0x1C, 0x38, 0x70, 0xE1, 0xC3, 0x87, 0x4F, 0xDD,
  0xF0, 0xF8, 0x07, 0x80, 0x38, 0x03, 0x80, 0x38, 0x03, 0x9F, 0x38, 0xE3,
  0x88, 0x39, 0x03, 0xB0, 0x3F, 0x83, 0xBC, 0x39, 0xC3, 0x9E, 0xFC, 0xF0,
  0xF8, 0xE3, 0x8E, 0x38, 0xE3, 0x8E, 0x38, 0xE3, 0x8E, 0x38, 0xEF, 0xC0,
  0x08, 0xC3, 0x8F, 0xBE, 0xFC, 0x3C, 0x71, 0xC3, 0x87, 0x1C, 0x38, 0x71,
  0xC3, 0x87, 0x1C, 0x38, 0x71, 0xC3, 0x87, 0x1C, 0x38, 0x71, 0xC7, 0xDF,
  0xBF, 0x19, 0xC7, 0xFF, 0x0F, 0x1C, 0x70, 0xE3, 0x87, 0x1C, 0x38, 0xE1,
  0xC7, 0x0E, 0x38, 0x73, 0xE7, 0xC0, 0x1E, 0x0E, 0x73, 0x87, 0x70, 0xEE,
  0x1F, 0xC3, 0xF8, 0x7F, 0x0E, 0x71, 0xC7, 0xF0, 0x11, 0x8F, 0xFE, 0x38,
  0xF3, 0x87, 0x38, 0x73, 0x87, 0x38, 0x73, 0x87, 0x38, 0xE3, 0xFC, 0x38,
  0x03, 0x80, 0x38, 0x0F, 0xE0, 0x1E, 0x43, 0xBC, 0x71, 0xCE, 0x1C, 0xE1,
  0xCE, 0x1C, 0xE1, 0xCF, 0x1C, 0x71, 0xC3, 0xFC, 0x01, 0xC0, 0x1C, 0x01,
  0xC0, 0x7F, 0xB9, 0x9E, 0xF3, 0xCC, 0xE2, 0x38, 0x0E, 0x03, 0x80, 0xE0,
  0x38, 0x1F, 0x80, 0x1D, 0x31, 0xB8, 0xDE, 0x2F, 0xC3, 0xFA, 0x7D, 0x0F,
  0xC3, 0x7F, 0x00, 0x08, 0x18, 0x18, 0x7E, 0xFE, 0x38, 0x38, 0x38, 0x38,
  0x38, 0x38, 0x38, 0x3F, 0xF9, 0xE1, 0xC7, 0x0E, 0x38, 0x71, 0xC3, 0x8E,
  0x1C, 0x70, 0xE3, 0x87, 0x1C, 0x39, 0xE1, 0xFB, 0xC0, 0xFC, 0xF7, 0x06,
  0x78, 0x43, 0x8C, 0x38, 0x81, 0xC8, 0x1D, 0x00, 0xF0, 0x0E, 0x00, 0x60,
  0xFC, 0x07, 0xB8, 0x70, 0x9E, 0x38, 0xC7, 0x3C, 0x43, 0x97, 0x21, 0xEB,
  0xA0, 0x79, 0xF0, 0x3C, 0x78, 0x0E, 0x38, 0x07, 0x0C, 0x00, 0xFD, 0xEF,
  0x08, 0xF2, 0x0E, 0xC1, 0xF0, 0x1E, 0x07, 0xE0, 0x9C, 0x23, 0xDE, 0x7C,
  0xFD, 0xEF, 0x09, 0xE3, 0x1C, 0x43, 0xC8, 0x3A, 0x07, 0x40, 0x78, 0x0E,
  0x00, 0xC0, 0x10, 0x26, 0x06, 0x80, 0xF0, 0x00, 0x7F, 0x98, 0xF4, 0x79,
  0x1C, 0x0E, 0x07, 0x83, 0xC4, 0xE3, 0x70, 0xFF, 0xE0, 0x0F, 0x1C, 0x38,
  0x38, 0x38, 0x38, 0x38, 0x38, 0x70, 0xE0, 0x38, 0x38, 0x38, 0x38, 0x38,
  0x38, 0x38, 0x1F, 0xFF, 0xFF, 0xFF, 0xFF, 0xFC, 0xE0, 0x38, 0x1C, 0x1C,
  0x1C, 0x1C, 0x1C, 0x1C, 0x0E, 0x07, 0x1C, 0x1C, 0x1C, 0x1C, 0x1C, 0x1C,
  0x3C, 0xF0, 0x38, 0xBF, 0xE1, 0xC0, 0x00, 0xFF, 0xFF, 0x00, 0x06, 0x00,
  0x0C, 0x40, 0x98, 0xC3, 0x30, 0xCC, 0x60, 0xF0, 0xC0, 0xC1, 0x83, 0xC3,
  0x0C, 0xC6, 0x30, 0xCC, 0x40, 0x98, 0x00, 0x30, 0x00, 0x7F, 0xFF, 0x80,
  0xFF, 0xFF, 0x00, 0x06, 0x00, 0x0C, 0x40, 0x98, 0xC3, 0x30, 0xCC, 0x60,
  0xF0, 0xC0, 0xC1, 0x83, 0xC3, 0x0C, 0xC6, 0x30, 0xCC, 0x40, 0x98, 0x00,
  0x30, 0x00, 0x7F, 0xFF, 0x80, 0xFF, 0xFF, 0x00, 0x06, 0x00, 0x0C, 0x40,
  0x98, 0xC3, 0x30, 0xCC, 0x60, 0xF0, 0xC0, 0xC1, 0x83, 0xC3, 0x0C, 0xC6,
  0x30, 0xCC, 0x40, 0x98, 0x00, 0x30, 0x00, 0x7F, 0xFF, 0x80, 0xFF, 0xFF,
  0x00, 0x06, 0x00, 0x0C, 0x40, 0x98, 0xC3, 0x30, 0xCC, 0x60, 0xF0, 0xC0,
  0xC1, 0x83, 0xC3, 0x0C, 0xC6, 0x30, 0xCC, 0x40, 0x98, 0x00, 0x30, 0x00,
  0x7F, 0xFF, 0x80, 0xFF, 0xFF, 0x00, 0x06, 0x00, 0x0C, 0x40, 0x98, 0xC3,
  0x30, 0xCC, 0x60, 0xF0, 0xC0, 0xC1, 0x83, 0xC3, 0x0C, 0xC6, 0x30, 0xCC,
  0x40, 0x98, 0x00, 0x30, 0x00, 0x7F, 0xFF, 0x80, 0xFF, 0xFF, 0x00, 0x06,
  0x00, 0x0C, 0x40, 0x98, 0xC3, 0x30, 0xCC, 0x60, 0xF0, 0xC0, 0xC1, 0x83,
  0xC3, 0x0C, 0xC6, 0x30, 0xCC, 0x40, 0x98, 0x00, 0x30, 0x00, 0x7F, 0xFF,
  0x80, 0xFF, 0xFF, 0x00, 0x06, 0x00, 0x0C, 0x40, 0x98, 0xC3, 0x30, 0xCC,
  0x60, 0xF0, 0xC0, 0xC1, 0x83, 0xC3, 0x0C, 0xC6, 0x30, 0xCC, 0x40, 0x98,
  0x00, 0x30, 0x00, 0x7F, 0xFF, 0x80, 0xFF, 0xFF, 0x00, 0x06, 0x00, 0x0C,
  0x40, 0x98, 0xC3, 0x30, 0xCC, 0x60, 0xF0, 0xC0, 0xC1, 0x83, 0xC3, 0x0C,
  0xC6, 0x30, 0xCC, 0x40, 0x98, 0x00, 0x30, 0x00, 0x7F, 0xFF, 0x80, 0xFF,
  0xFF, 0x00, 0x06, 0x00, 0x0C, 0x40, 0x98, 0xC3, 0x30, 0xCC, 0x60, 0xF0,
  0xC0, 0xC1, 0x83, 0xC3, 0x0C, 0xC6, 0x30, 0xCC, 0x40, 0x98, 0x00, 0x30,
  0x00, 0x7F, 0xFF, 0x80, 0xFF, 0xFF, 0x00, 0x06, 0x00, 0x0C, 0x40, 0x98,
  0xC3, 0x30, 0xCC, 0x60, 0xF0, 0xC0, 0xC1, 0x83, 0xC3, 0x0C, 0xC6, 0x30,
  0xCC, 0x40, 0x98, 0x00, 0x30, 0x00, 0x7F, 0xFF, 0x80, 0xFF, 0xFF, 0x00,
  0x06, 0x00, 0x0C, 0x40, 0x98, 0xC3, 0x30, 0xCC, 0x60, 0xF0, 0xC0, 0xC1,
  0x83, 0xC3, 0x0C, 0xC6, 0x30, 0xCC, 0x40, 0x98, 0x00, 0x30, 0x00, 0x7F,
  0xFF, 0x80, 0xFF, 0xFF, 0x00, 0x06, 0x00, 0x0C, 0x40, 0x98, 0xC3, 0x30,
  0xCC, 0x60, 0xF0, 0xC0, 0xC1, 0x83, 0xC3, 0x0C, 0xC6, 0x30, 0xCC, 0x40,
  0x98, 0x00, 0x30, 0x00, 0x7F, 0xFF, 0x80, 0xFF, 0xFF, 0x00, 0x06, 0x00,
  0x0C, 0x40, 0x98, 0xC3, 0x30, 0xCC, 0x60, 0xF0, 0xC0, 0xC1, 0x83, 0xC3,
  0x0C, 0xC6, 0x30, 0xCC, 0x40, 0x98, 0x00, 0x30, 0x00, 0x7F, 0xFF, 0x80,
  0xFF, 0xFF, 0x00, 0x06, 0x00, 0x0C, 0x40, 0x98, 0xC3, 0x30, 0xCC, 0x60,
  0xF0, 0xC0, 0xC1, 0x83, 0xC3, 0x0C, 0xC6, 0x30, 0xCC, 0x40, 0x98, 0x00,
  0x30, 0x00, 0x7F, 0xFF, 0x80, 0xFF, 0xFF, 0x00, 0x06, 0x00, 0x0C, 0x40,
  0x98, 0xC3, 0x30, 0xCC, 0x60, 0xF0, 0xC0, 0xC1, 0x83, 0xC3, 0x0C, 0xC6,
  0x30, 0xCC, 0x40, 0x98, 0x00, 0x30, 0x00, 0x7F, 0xFF, 0x80, 0xFF, 0xFF,
  0x00, 0x06, 0x00, 0x0C, 0x40, 0x98, 0xC3, 0x30, 0xCC, 0x60, 0xF0, 0xC0,
  0xC1, 0x83, 0xC3, 0x0C, 0xC6, 0x30, 0xCC, 0x40, 0x98, 0x00, 0x30, 0x00,
  0x7F, 0xFF, 0x80, 0xFF, 0xFF, 0x00, 0x06, 0x00, 0x0C, 0x40, 0x98, 0xC3,
  0x30, 0xCC, 0x60, 0xF0, 0xC0, 0xC1, 0x83, 0xC3, 0x0C, 0xC6, 0x30, 0xCC,
  0x40, 0x98, 0x00, 0x30, 0x00, 0x7F, 0xFF, 0x80, 0xFF, 0xFF, 0x00, 0x06,
  0x00, 0x0C, 0x40, 0x98, 0xC3, 0x30, 0xCC, 0x60, 0xF0, 0xC0, 0xC1, 0x83,
  0xC3, 0x0C, 0xC6, 0x30, 0xCC, 0x40, 0x98, 0x00, 0x30, 0x00, 0x7F, 0xFF,
  0x80, 0xFF, 0xFF, 0x00, 0x06, 0x00, 0x0C, 0x40, 0x98, 0xC3, 0x30, 0xCC,
  0x60, 0xF0, 0xC0, 0xC1, 0x83, 0xC3, 0x0C, 0xC6, 0x30, 0xCC, 0x40, 0x98,
  0x00, 0x30, 0x00, 0x7F, 0xFF, 0x80, 0xFF, 0xFF, 0x00, 0x06, 0x00, 0x0C,
  0x40, 0x98, 0xC3, 0x30, 0xCC, 0x60, 0xF0, 0xC0, 0xC1, 0x83, 0xC3, 0x0C,
  0xC6, 0x30, 0xCC, 0x40, 0x98, 0x00, 0x30, 0x00, 0x7F, 0xFF, 0x80, 0xFF,
  0xFF, 0x00, 0x06, 0x00, 0x0C, 0x40, 0x98, 0xC3, 0x30, 0xCC, 0x60, 0xF0,
  0xC0, 0xC1, 0x83, 0xC3, 0x0C, 0xC6, 0x30, 0xCC, 0x40, 0x98, 0x00, 0x30,
  0x00, 0x7F, 0xFF, 0x80, 0xFF, 0xFF, 0x00, 0x06, 0x00, 0x0C, 0x40, 0x98,
  0xC3, 0x30, 0xCC, 0x60, 0xF0, 0xC0, 0xC1, 0x83, 0xC3, 0x0C, 0xC6, 0x30,
  0xCC, 0x40, 0x98, 0x00, 0x30, 0x00, 0x7F, 0xFF, 0x80, 0xFF, 0xFF, 0x00,
  0x06, 0x00, 0x0C, 0x40, 0x98, 0xC3, 0x30, 0xCC, 0x60, 0xF0, 0xC0, 0xC1,
  0x83, 0xC3, 0x0C, 0xC6, 0x30, 0xCC, 0x40, 0x98, 0x00, 0x30, 0x00, 0x7F,
  0xFF, 0x80, 0xFF, 0xFF, 0x00, 0x06, 0x00, 0x0C, 0x40, 0x98, 0xC3, 0x30,
  0xCC, 0x60, 0xF0, 0xC0, 0xC1, 0x83, 0xC3, 0x0C, 0xC6, 0x30, 0xCC, 0x40,
  0x98, 0x00, 0x30, 0x00, 0x7F, 0xFF, 0x80, 0xFF, 0xFF, 0x00, 0x06, 0x00,
  0x0C, 0x40, 0x98, 0xC3, 0x30, 0xCC, 0x60, 0xF0, 0xC0, 0xC1, 0x83, 0xC3,
  0x0C, 0xC6, 0x30, 0xCC, 0x40, 0x98, 0x00, 0x30, 0x00, 0x7F, 0xFF, 0x80,
  0xFF, 0xFF, 0x00, 0x06, 0x00, 0x0C, 0x40, 0x98, 0xC3, 0x30, 0xCC, 0x60,
  0xF0, 0xC0, 0xC1, 0x83, 0xC3, 0x0C, 0xC6, 0x30, 0xCC, 0x40, 0x98, 0x00,
  0x30, 0x00, 0x7F, 0xFF, 0x80, 0xFF, 0xFF, 0x00, 0x06, 0x00, 0x0C, 0x40,
  0x98, 0xC3, 0x30, 0xCC, 0x60, 0xF0, 0xC0, 0xC1, 0x83, 0xC3, 0x0C, 0xC6,
  0x30, 0xCC, 0x40, 0x98, 0x00, 0x30, 0x00, 0x7F, 0xFF, 0x80, 0xFF, 0xFF,
  0x00, 0x06, 0x00, 0x0C, 0x40, 0x98, 0xC3, 0x30, 0xCC, 0x60, 0xF0, 0xC0,
  0xC1, 0x83, 0xC3, 0x0C, 0xC6, 0x30, 0xCC, 0x40, 0x98, 0x00, 0x30, 0x00,
  0x7F, 0xFF, 0x80, 0xFF, 0xFF, 0x00, 0x06, 0x00, 0x0C, 0x40, 0x98, 0xC3,
  0x30, 0xCC, 0x60, 0xF0, 0xC0, 0xC1, 0x83, 0xC3, 0x0C, 0xC6, 0x30, 0xCC,
  0x40, 0x98, 0x00, 0x30, 0x00, 0x7F, 0xFF, 0x80, 0xFF, 0xFF, 0x00, 0x06,
  0x00, 0x0C, 0x40, 0x98, 0xC3, 0x30, 0xCC, 0x60, 0xF0, 0xC0, 0xC1, 0x83,
  0xC3, 0x0C, 0xC6, 0x30, 0xCC, 0x40, 0x98, 0x00, 0x30, 0x00, 0x7F, 0xFF,
  0x80, 0xFF, 0xFF, 0x00, 0x06, 0x00, 0x0C, 0x40, 0x98, 0xC3, 0x30, 0xCC,
  0x60, 0xF0, 0xC0, 0xC1, 0x83, 0xC3, 0x0C, 0xC6, 0x30, 0xCC, 0x40, 0x98,
  0x00, 0x30, 0x00, 0x7F, 0xFF, 0x80, 0xFF, 0xFF, 0x00, 0x06, 0x00, 0x0C,
  0x40, 0x98, 0xC3, 0x30, 0xCC, 0x60, 0xF0, 0xC0, 0xC1, 0x83, 0xC3, 0x0C,
  0xC6, 0x30, 0xCC, 0x40, 0x98, 0x00, 0x30, 0x00, 0x7F, 0xFF, 0x80, 0x00,
  0x63, 0x9C, 0xC0, 0x00, 0x84, 0x63, 0x9C, 0xEF, 0xF9, 0xC0, 0x04, 0x01,
  0x00, 0xF0, 0xEE, 0x71, 0xDC, 0x6F, 0x03, 0xC0, 0xF0, 0x1C, 0x07, 0x88,
  0xFC, 0x04, 0x01, 0x00, 0x07, 0x81, 0xDC, 0x38, 0xE3, 0x8E, 0x38, 0x03,
  0x80, 0xFF, 0x03, 0x80, 0x38, 0x03, 0x86, 0x38, 0x73, 0x07, 0xF8, 0x6C,
  0xFC, 0xC1, 0xFF, 0xDD, 0xCC, 0x66, 0x33, 0x19, 0xDD, 0xFF, 0xC1, 0x80,
  0xFE, 0x3E, 0xF0, 0x10, 0xF0, 0x40, 0xE1, 0x81, 0xE2, 0x01, 0xE8, 0x01,
  0xE0, 0x1F, 0xFC, 0x03, 0x80, 0x07, 0x00, 0xFF, 0xE0, 0x1C, 0x00, 0x38,
  0x01, 0xFC, 0x00, 0xFF, 0xFF, 0x03, 0xFF, 0xFC, 0x1C, 0x3B, 0x98, 0xCE,
  0x47, 0x81, 0xE1, 0xF8, 0xDE, 0xE3, 0x71, 0xDC, 0xE7, 0xE1, 0xE0, 0x78,
  0x1C, 0xC6, 0x73, 0x1F, 0x00, 0xE7, 0xCD, 0x18, 0x0F, 0xF0, 0x08, 0x06,
  0x08, 0x01, 0x88, 0x10, 0x48, 0x36, 0x14, 0x21, 0x8A, 0x30, 0x43, 0x18,
  0x01, 0x8C, 0x00, 0xC6, 0x00, 0x61, 0x04, 0x50, 0xC6, 0x24, 0x1C, 0x11,
  0x00, 0x10, 0x40, 0x10, 0x18, 0x70, 0x03, 0xC0, 0x00, 0x3C, 0x33, 0x91,
  0xC3, 0xE6, 0x77, 0x3B, 0x9C, 0xF7, 0x08, 0x46, 0x33, 0x19, 0x8C, 0xE6,
  0x39, 0xC3, 0x38, 0x66, 0x08, 0x40, 0xFF, 0xC0, 0x30, 0x0C, 0x03, 0x00,
  0xC0, 0xFF, 0xFF, 0x00, 0x06, 0x00, 0x0C, 0x40, 0x98, 0xC3, 0x30, 0xCC,
  0x60, 0xF0, 0xC0, 0xC1, 0x83, 0xC3, 0x0C, 0xC6, 0x30, 0xCC, 0x40, 0x98,
  0x00, 0x30, 0x00, 0x7F, 0xFF, 0x80, 0x0F, 0xF0, 0x08, 0x06, 0x08, 0x01,
  0x89, 0x30, 0x48, 0x66, 0x14, 0x31, 0x8A, 0x18, 0xC3, 0x0C, 0xC1, 0x87,
  0xC0, 0xC3, 0x30, 0x61, 0x88, 0x50, 0xC6, 0x24, 0xF1, 0x91, 0x00, 0x10,
  0x40, 0x10, 0x18, 0x70, 0x03, 0xC0, 0x00, 0xFF, 0xF0, 0x7B, 0x38, 0x61,
  0xC7, 0xF3, 0x00, 0x0C, 0x03, 0x00, 0xC0, 0x30, 0xFF, 0xC3, 0x00, 0xC0,
  0x30, 0x0C, 0x1F, 0xE0, 0x7E, 0xC7, 0xC7, 0x06, 0x0E, 0x1C, 0x30, 0x7F,
  0xFF, 0x7E, 0x67, 0x47, 0x06, 0x1E, 0x07, 0xC7, 0xC7, 0x7E, 0x39, 0xD9,
  0x80, 0x61, 0xC6, 0x1C, 0x61, 0xC6, 0x1C, 0x61, 0xC6, 0x1C, 0x61, 0xC7,
  0x1C, 0x73, 0xCF, 0xFF, 0xE0, 0x0E, 0x00, 0xE0, 0x0E, 0x00, 0x0F, 0xCF,
  0xE7, 0x99, 0xE6, 0xF9, 0x9E, 0x67, 0x98, 0xE6, 0x19, 0x86, 0x61, 0x98,
  0x66, 0x19, 0x86, 0x61, 0x98, 0x66, 0x79, 0xC0, 0x7F, 0x70, 0x23, 0x87,
  0x77, 0x00, 0x1C, 0xFC, 0x1C, 0x1C, 0x1C, 0x1C, 0x1C, 0x1C, 0x7F, 0x3C,
  0x31, 0xB8, 0xFC, 0x7E, 0x3F, 0x1D, 0x8C, 0x7C, 0x84, 0x31, 0x86, 0x30,
  0xE6, 0x19, 0xCE, 0x77, 0x39, 0x98, 0x84, 0x00, 0x1C, 0x04, 0x0F, 0xC0,
  0x80, 0x1C, 0x08, 0x01, 0xC1, 0x00, 0x1C, 0x12, 0x01, 0xC2, 0x30, 0x1C,
  0x27, 0x01, 0xC4, 0x60, 0x7F, 0x4E, 0x40, 0x08, 0xCC, 0x00, 0x98, 0xC0,
  0x11, 0xFF, 0x01, 0x00, 0xC0, 0x20, 0x0C, 0x1C, 0x02, 0x0F, 0xC0, 0x40,
  0x1C, 0x04, 0x01, 0xC0, 0x80, 0x1C, 0x09, 0x81, 0xC1, 0x66, 0x1C, 0x1C,
  0x71, 0xC2, 0xC7, 0x7F, 0x20, 0x60, 0x04, 0x0E, 0x00, 0x41, 0xC0, 0x08,
  0x30, 0x00, 0x87, 0xF0, 0x10, 0xFF, 0x7E, 0x02, 0x03, 0x38, 0x20, 0x11,
  0xC1, 0x00, 0x0C, 0x10, 0x01, 0xE0, 0x90, 0x03, 0x88, 0xC3, 0x1C, 0x4E,
  0x18, 0xE4, 0x60, 0x7E, 0x27, 0x20, 0x02, 0x33, 0x00, 0x13, 0x18, 0x01,
  0x1F, 0xF0, 0x08, 0x06, 0x00, 0x80, 0x30, 0x08, 0x0E, 0x07, 0x83, 0x80,
  0x00, 0x40, 0x20, 0x30, 0x30, 0x30, 0x38, 0x1C, 0x3E, 0x1F, 0x09, 0xF8,
  0x0C, 0x00, 0x1C, 0x00, 0x0C, 0x00, 0x0C, 0x00, 0x00, 0x00, 0x70, 0x00,
  0xE0, 0x03, 0xC0, 0x05, 0xC0, 0x0B, 0x80, 0x37, 0x00, 0x47, 0x00, 0x8E,
  0x02, 0x1E, 0x07, 0xDC, 0x18, 0x38, 0x20, 0x78, 0x40, 0x73, 0xE3, 0xF8,
  0x00, 0xC0, 0x03, 0x80, 0x06, 0x00, 0x10, 0x00, 0x00, 0x00, 0x70, 0x00,
  0xE0, 0x03, 0xC0, 0x05, 0xC0, 0x0B, 0x80, 0x37, 0x00, 0x47, 0x00, 0x8E,
  0x02, 0x1E, 0x07, 0xDC, 0x18, 0x38, 0x20, 0x78, 0x40, 0x73, 0xE3, 0xF8,
  0x03, 0x00, 0x0F, 0x00, 0x1E, 0x00, 0x66, 0x01, 0x02, 0x00, 0x70, 0x00,
  0xE0, 0x03, 0xC0, 0x05, 0xC0, 0x0B, 0x80, 0x37, 0x00, 0x47, 0x00, 0x8E,
  0x02, 0x1E, 0x07, 0xDC, 0x18, 0x38, 0x20, 0x78, 0x40, 0x73, 0xE3, 0xF8,
  0x0E, 0x20, 0x3F, 0xC0, 0x47, 0x00, 0x00, 0x00, 0x38, 0x00, 0x70, 0x01,
  0xE0, 0x02, 0xE0, 0x05, 0xC0, 0x1B, 0x80, 0x23, 0x80, 0x47, 0x01, 0x0F,
  0x03, 0xEE, 0x0C, 0x1C, 0x10, 0x3C, 0x20, 0x39, 0xF1, 0xFC, 0x0C, 0xC0,
  0x39, 0xC0, 0x73, 0x80, 0x66, 0x00, 0x00, 0x00, 0x70, 0x00, 0xE0, 0x03,
  0xC0, 0x05, 0xC0, 0x0B, 0x80, 0x37, 0x00, 0x47, 0x00, 0x8E, 0x02, 0x1E,
  0x07, 0xDC, 0x18, 0x38, 0x20, 0x78, 0x40, 0x73, 0xE3, 0xF8, 0x07, 0x80,
  0x19, 0x80, 0x33, 0x00, 0x66, 0x00, 0x78, 0x00, 0x70, 0x00, 0xE0, 0x03,
  0xC0, 0x05, 0xC0, 0x0B, 0x80, 0x37, 0x00, 0x47, 0x00, 0x8E, 0x02, 0x1E,
  0x07, 0xDC, 0x18, 0x38, 0x20, 0x78, 0x40, 0x73, 0xE3, 0xF8, 0x03, 0xFF,
  0xF0, 0x07, 0xE1, 0x80, 0x27, 0x04, 0x02, 0x38, 0x10, 0x11, 0xC0, 0x01,
  0x0E, 0x20, 0x08, 0x71, 0x00, 0x83, 0xF8, 0x07, 0xFC, 0x40, 0x40, 0xE2,
  0x06, 0x07, 0x02, 0x20, 0x38, 0x13, 0x01, 0xC1, 0xFE, 0x3F, 0xFC, 0x07,
  0xC1, 0x87, 0x70, 0x37, 0x03, 0xF0, 0x0F, 0x00, 0xE0, 0x0E, 0x00, 0xF0,
  0x0F, 0x00, 0xF0, 0x17, 0x03, 0x38, 0x31, 0xFE, 0x01, 0x00, 0x38, 0x00,
  0xC0, 0x5C, 0x03, 0x80, 0x18, 0x01, 0xC0, 0x06, 0x00, 0x30, 0x00, 0x0F,
  0xFE, 0x78, 0x63, 0x83, 0x38, 0x13, 0x80, 0x38, 0x83, 0x88, 0x3F, 0x83,
  0x88, 0x38, 0x83, 0x81, 0x38, 0x13, 0x83, 0xFF, 0xF0, 0x01, 0x80, 0x38,
  0x03, 0x00, 0x40, 0x00, 0x0F, 0xFE, 0x78, 0x63, 0x83, 0x38, 0x13, 0x80,
  0x38, 0x83, 0x88, 0x3F, 0x83, 0x88, 0x38, 0x83, 0x81, 0x38, 0x13, 0x83,
  0xFF, 0xF0, 0x03, 0x00, 0x78, 0x07, 0x80, 0xCC, 0x10, 0x2F, 0xFE, 0x78,
  0x63, 0x83, 0x38, 0x13, 0x80, 0x38, 0x83, 0x88, 0x3F, 0x83, 0x88, 0x38,
  0x83, 0x81, 0x38, 0x13, 0x83, 0xFF, 0xF0, 0x0C, 0xC1, 0xCE, 0x1C, 0xE0,
  0xCC, 0x00, 0x0F, 0xFE, 0x78, 0x63, 0x83, 0x38, 0x13, 0x80, 0x38, 0x83,
  0x88, 0x3F, 0x83, 0x88, 0x38, 0x83, 0x81, 0x38, 0x13, 0x83, 0xFF, 0xF0,
  0xC1, 0xC0, 0xC0, 0xC0, 0x1F, 0xDE, 0x1C, 0x38, 0x70, 0xE1, 0xC3, 0x87,
  0x0E, 0x1C, 0x38, 0x73, 0xF8, 0x0C, 0x38, 0x61, 0x00, 0x1F, 0xDE, 0x1C,
  0x38, 0x70, 0xE1, 0xC3, 0x87, 0x0E, 0x1C, 0x38, 0x73, 0xF8, 0x18, 0x3C,
  0x3C, 0x66, 0x81, 0x7F, 0x3C, 0x1C, 0x1C, 0x1C, 0x1C, 0x1C, 0x1C, 0x1C,
  0x1C, 0x1C, 0x1C, 0x1C, 0x7F, 0x66, 0xE7, 0xE7, 0x66, 0x00, 0x7F, 0x3C,
  0x1C, 0x1C, 0x1C, 0x1C, 0x1C, 0x1C, 0x1C, 0x1C, 0x1C, 0x1C, 0x1C, 0x7F,
  0xFF, 0x01, 0xE3, 0x87, 0x83, 0x9E, 0x0E, 0x78, 0x3D, 0xE0, 0x7F, 0xF1,
  0xDE, 0x07, 0x78, 0x1D, 0xE0, 0x77, 0x83, 0xDE, 0x0E, 0x78, 0x73, 0xFF,
  0x00, 0x07, 0x10, 0x0F, 0xF0, 0x08, 0xE0, 0x00, 0x00, 0xF8, 0x1F, 0x7C,
  0x06, 0x1E, 0x04, 0x1F, 0x04, 0x17, 0x84, 0x13, 0xC4, 0x13, 0xE4, 0x11,
  0xE4, 0x10, 0xF4, 0x10, 0x7C, 0x10, 0x3C, 0x10, 0x1C, 0x10, 0x0C, 0xFC,
  0x0C, 0x0C, 0x00, 0x38, 0x00, 0x30, 0x00, 0x60, 0x00, 0x00, 0x1F, 0x01,
  0x86, 0x0C, 0x0E, 0x70, 0x3B, 0xC0, 0xFF, 0x03, 0xFC, 0x0F, 0xF0, 0x3F,
  0xC0, 0xFF, 0x03, 0xDC, 0x0E, 0x70, 0x38, 0xE1, 0xC0, 0xFC, 0x00, 0x01,
  0x80, 0x0E, 0x00, 0x30, 0x01, 0x00, 0x00, 0x00, 0x1F, 0x01, 0x86, 0x0C,
  0x0E, 0x70, 0x3B, 0xC0, 0xFF, 0x03, 0xFC, 0x0F, 0xF0, 0x3F, 0xC0, 0xFF,
  0x03, 0xDC, 0x0E, 0x70, 0x38, 0xE1, 0xC0, 0xFC, 0x00, 0x03, 0x00, 0x1E,
  0x00, 0x78, 0x03, 0x30, 0x10, 0x20, 0x1F, 0x01, 0x86, 0x0C, 0x0E, 0x70,
  0x3B, 0xC0, 0xFF, 0x03, 0xFC, 0x0F, 0xF0, 0x3F, 0xC0, 0xFF, 0x03, 0xDC,
  0x0E, 0x70, 0x38, 0xE1, 0xC0, 0xFC, 0x00, 0x0E, 0x20, 0x7F, 0x81, 0x1C,
  0x00, 0x00, 0x07, 0xC0, 0x61, 0x83, 0x03, 0x9C, 0x0E, 0xF0, 0x3F, 0xC0,
  0xFF, 0x03, 0xFC, 0x0F, 0xF0, 0x3F, 0xC0, 0xF7, 0x03, 0x9C, 0x0E, 0x38,
  0x70, 0x3F, 0x00, 0x0C, 0xC0, 0x73, 0x81, 0xCE, 0x03, 0x30, 0x00, 0x00,
  0x1F, 0x01, 0x86, 0x0C, 0x0E, 0x70, 0x3B, 0xC0, 0xFF, 0x03, 0xFC, 0x0F,
  0xF0, 0x3F, 0xC0, 0xFF, 0x03, 0xDC, 0x0E, 0x70, 0x38, 0xE1, 0xC0, 0xFC,
  0x00, 0x40, 0xF0, 0xCC, 0xC3, 0xC0, 0xC0, 0xF0, 0xCC, 0xC3, 0xC0, 0x80,
  0x00, 0x10, 0x1F, 0xC1, 0x86, 0x0C, 0x1E, 0x70, 0x7B, 0xC2, 0xFF, 0x0B,
  0xFC, 0x4F, 0xF3, 0x3F, 0xC8, 0xFF, 0x43, 0xDD, 0x0E, 0x78, 0x38, 0xE1,
  0xC1, 0xFC, 0x08, 0x00, 0x20, 0x00, 0x0C, 0x00, 0x1C, 0x00, 0x0C, 0x00,
  0x0C, 0x00, 0x00, 0x1F, 0x87, 0xDE, 0x06, 0x3C, 0x04, 0x78, 0x08, 0xF0,
  0x11, 0xE0, 0x23, 0xC0, 0x47, 0x80, 0x8F, 0x01, 0x1E, 0x02, 0x3C, 0x0C,
  0x38, 0x10, 0x70, 0x60, 0x3F, 0x80, 0x00, 0xC0, 0x03, 0x80, 0x06, 0x00,
  0x10, 0x00, 0x00, 0x1F, 0x87, 0xDE, 0x06, 0x3C, 0x04, 0x78, 0x08, 0xF0,
  0x11, 0xE0, 0x23, 0xC0, 0x47, 0x80, 0x8F, 0x01, 0x1E, 0x02, 0x3C, 0x0C,
  0x38, 0x10, 0x70, 0x60, 0x3F, 0x80, 0x01, 0x80, 0x07, 0x80, 0x0F, 0x00,
  0x33, 0x00, 0x81, 0x1F, 0x87, 0xDE, 0x06, 0x3C, 0x04, 0x78, 0x08, 0xF0,
  0x11, 0xE0, 0x23, 0xC0, 0x47, 0x80, 0x8F, 0x01, 0x1E, 0x02, 0x3C, 0x0C,
  0x38, 0x10, 0x70, 0x60, 0x3F, 0x80, 0x06, 0x60, 0x1C, 0xE0, 0x39, 0xC0,
  0x33, 0x00, 0x00, 0x1F, 0x87, 0xDE, 0x06, 0x3C, 0x04, 0x78, 0x08, 0xF0,
  0x11, 0xE0, 0x23, 0xC0, 0x47, 0x80, 0x8F, 0x01, 0x1E, 0x02, 0x3C, 0x0C,
  0x38, 0x10, 0x70, 0x60, 0x3F, 0x80, 0x00, 0xC0, 0x03, 0x80, 0x06, 0x00,
  0x10, 0x00, 0x00, 0x1F, 0xC7, 0xDE, 0x02, 0x1E, 0x0C, 0x3C, 0x10, 0x3C,
  0x40, 0x38, 0x80, 0x7A, 0x00, 0x74, 0x00, 0xF0, 0x00, 0xE0, 0x01, 0xC0,
  0x03, 0x80, 0x07, 0x00, 0x3F, 0x80, 0xFE, 0x07, 0x80, 0x38, 0x03, 0xFC,
  0x38, 0xF3, 0x87, 0x38, 0x73, 0x87, 0x38, 0x73, 0x8E, 0x3F, 0xC3, 0x80,
  0x38, 0x0F, 0xE0, 0x0F, 0x80, 0xC7, 0x0E, 0x38, 0x61, 0xC7, 0x1C, 0x38,
  0x81, 0xCC, 0x0E, 0x78, 0x71, 0xE3, 0x87, 0x9C, 0x1C, 0xE0, 0xF7, 0x67,
  0x3B, 0x3B, 0xCF, 0x00, 0x70, 0x0E, 0x00, 0x60, 0x06, 0x00, 0x00, 0x3C,
  0x18, 0xE7, 0x1C, 0x43, 0x81, 0xF1, 0xCE, 0x71, 0xCE, 0x39, 0xEF, 0x1E,
  0xF8, 0x07, 0x00, 0xE0, 0x30, 0x0C, 0x00, 0x00, 0x3C, 0x18, 0xE7, 0x1C,
  0x43, 0x81, 0xF1, 0xCE, 0x71, 0xCE, 0x39, 0xEF, 0x1E, 0xF8, 0x0C, 0x03,
  0xC0, 0xD8, 0x31, 0x80, 0x00, 0x3C, 0x18, 0xE7, 0x1C, 0x43, 0x81, 0xF1,
  0xCE, 0x71, 0xCE, 0x39, 0xEF, 0x1E, 0xF8, 0x18, 0x07, 0xA0, 0x9C, 0x00,
  0x01, 0xE0, 0xC7, 0x38, 0xE2, 0x1C, 0x0F, 0x8E, 0x73, 0x8E, 0x71, 0xCF,
  0x78, 0xF7, 0xC0, 0x21, 0x0E, 0x71, 0xCE, 0x19, 0x80, 0x00, 0x3C, 0x18,
  0xE7, 0x1C, 0x43, 0x81, 0xF1, 0xCE, 0x71, 0xCE, 0x39, 0xEF, 0x1E, 0xF8,
  0x1E, 0x06, 0x60, 0xCC, 0x19, 0x81, 0xE0, 0x00, 0x07, 0x83, 0x1C, 0xE3,
  0x88, 0x70, 0x3E, 0x39, 0xCE, 0x39, 0xC7, 0x3D, 0xE3, 0xDF, 0x1C, 0x70,
  0xC7, 0xBB, 0x8E, 0x3A, 0x1C, 0x70, 0xFF, 0xEE, 0x70, 0x38, 0xE0, 0x71,
  0xC0, 0xF3, 0xC6, 0xFB, 0xF8, 0x1E, 0x39, 0xB8, 0xFC, 0x3E, 0x07, 0x03,
  0x81, 0xC0, 0x71, 0x9F, 0x82, 0x03, 0x80, 0x61, 0x70, 0x70, 0x70, 0x1C,
  0x01, 0x80, 0x30, 0x00, 0x07, 0x87, 0x3B, 0x8E, 0xE3, 0xBF, 0xFE, 0x03,
  0x80, 0xE0, 0x1C, 0x23, 0xF0, 0x07, 0x01, 0xC0, 0xC0, 0x60, 0x00, 0x07,
  0x87, 0x3B, 0x8E, 0xE3, 0xBF, 0xFE, 0x03, 0x80, 0xE0, 0x1C, 0x23, 0xF0,
  0x0C, 0x07, 0x83, 0x61, 0x8C, 0x00, 0x07, 0x87, 0x3B, 0x8E, 0xE3, 0xBF,
  0xFE, 0x03, 0x80, 0xE0, 0x1C, 0x23, 0xF0, 0x21, 0x1C, 0xE7, 0x38, 0xCC,
  0x00, 0x07, 0x87, 0x3B, 0x8E, 0xE3, 0xBF, 0xFE, 0x03, 0x80, 0xE0, 0x1C,
  0x23, 0xF0, 0xE1, 0xC0, 0xC0, 0xC0, 0x03, 0x3E, 0x1C, 0x38, 0x70, 0xE1,
  0xC3, 0x87, 0x1F, 0x80, 0x0E, 0x1C, 0x61, 0x80, 0x03, 0x3E, 0x1C, 0x38,
  0x70, 0xE1, 0xC3, 0x87, 0x1F, 0x80, 0x18, 0x79, 0xB6, 0x30, 0x03, 0x3E,
  0x1C, 0x38, 0x70, 0xE1, 0xC3, 0x87, 0x1F, 0x80, 0x42, 0xE7, 0xE7, 0x66,
  0x00, 0x18, 0xF8, 0x38, 0x38, 0x38, 0x38, 0x38, 0x38, 0x38, 0x7E, 0x01,
  0x07, 0x40, 0x38, 0x0B, 0x82, 0x38, 0x03, 0x00, 0x71, 0xFE, 0x71, 0xFC,
  0x3F, 0x87, 0xF0, 0xFE, 0x1D, 0xC3, 0x9C, 0x61, 0xF8, 0x06, 0x00, 0x7A,
  0x02, 0x70, 0x00, 0x01, 0x9C, 0x7F, 0xF0, 0xF1, 0xC7, 0x0E, 0x38, 0x71,
  0xC3, 0x8E, 0x1C, 0x70, 0xE3, 0x87, 0x3E, 0x7C, 0x38, 0x07, 0x00, 0x30,
  0x03, 0x00, 0x00, 0x3C, 0x1C, 0xE7, 0x0E, 0xE1, 0xDC, 0x3F, 0x87, 0xF0,
  0xFE, 0x1C, 0xE3, 0x8F, 0xE0, 0x03, 0x80, 0x70, 0x18, 0x06, 0x00, 0x00,
  0x3C, 0x1C, 0xE7, 0x0E, 0xE1, 0xDC, 0x3F, 0x87, 0xF0, 0xFE, 0x1C, 0xE3,
  0x8F, 0xE0, 0x0C, 0x03, 0xC0, 0xD8, 0x31, 0x80, 0x00, 0x3C, 0x1C, 0xE7,
  0x0E, 0xE1, 0xDC, 0x3F, 0x87, 0xF0, 0xFE, 0x1C, 0xE3, 0x8F, 0xE0, 0x18,
  0x07, 0xA0, 0x9C, 0x00, 0x01, 0xE0, 0xE7, 0x38, 0x77, 0x0E, 0xE1, 0xFC,
  0x3F, 0x87, 0xF0, 0xE7, 0x1C, 0x7F, 0x00, 0x21, 0x0E, 0x71, 0xCE, 0x19,
  0x80, 0x00, 0x3C, 0x1C, 0xE7, 0x0E, 0xE1, 0xDC, 0x3F, 0x87, 0xF0, 0xFE,
  0x1C, 0xE3, 0x8F, 0xE0, 0x0C, 0x07, 0x81, 0xE0, 0x30, 0x00, 0x3F, 0xF0,
  0x00, 0x30, 0x1E, 0x07, 0x80, 0xC0, 0x00, 0x83, 0xE1, 0xCE, 0x71, 0xEE,
  0x3D, 0xCB, 0xF9, 0x7F, 0x4F, 0xE9, 0xCE, 0x38, 0xFE, 0x10, 0x02, 0x00,
  0x1C, 0x00, 0xE0, 0x01, 0x80, 0x06, 0x00, 0x00, 0x7C, 0xF0, 0xE3, 0x87,
  0x1C, 0x38, 0xE1, 0xC7, 0x0E, 0x38, 0x71, 0xC3, 0x8E, 0x1C, 0xF0, 0xFD,
  0xE0, 0x01, 0xC0, 0x0E, 0x00, 0xC0, 0x0C, 0x00, 0x00, 0x7C, 0xF0, 0xE3,
  0x87, 0x1C, 0x38, 0xE1, 0xC7, 0x0E, 0x38, 0x71, 0xC3, 0x8E, 0x1C, 0xF0,
  0xFD, 0xE0, 0x03, 0x00, 0x3C, 0x03, 0x60, 0x31, 0x80, 0x00, 0x7C, 0xF0,
  0xE3, 0x87, 0x1C, 0x38, 0xE1, 0xC7, 0x0E, 0x38, 0x71, 0xC3, 0x8E, 0x1C,
  0xF0, 0xFD, 0xE0, 0x08, 0x40, 0xE7, 0x07, 0x38, 0x19, 0x80, 0x00, 0x7C,
  0xF0, 0xE3, 0x87, 0x1C, 0x38, 0xE1, 0xC7, 0x0E, 0x38, 0x71, 0xC3, 0x8E,
  0x1C, 0xF0, 0xFD, 0xE0, 0x03, 0x80, 0x70, 0x18, 0x06, 0x00, 0x01, 0xFB,
  0xDE, 0x13, 0xC6, 0x38, 0x87, 0x90, 0x74, 0x0E, 0x80, 0xF0, 0x1C, 0x01,
  0x80, 0x20, 0x4C, 0x0D, 0x01, 0xE0, 0x00, 0xF0, 0x07, 0x00, 0x70, 0x07,
  0x00, 0x70, 0x07, 0x38, 0x7F, 0xC7, 0x0E, 0x70, 0xE7, 0x0F, 0x70, 0xF7,
  0x0F, 0x70, 0xE7, 0x0E, 0x7F, 0xC7, 0x00, 0x70, 0x07, 0x00, 0xFC, 0x00,
  0x10, 0x87, 0x38, 0xE7, 0x0C, 0xC0, 0x01, 0xFB, 0xDE, 0x13, 0xC6, 0x38,
  0x87, 0x90, 0x74, 0x0E, 0x80, 0xF0, 0x1C, 0x01, 0x80, 0x20, 0x4C, 0x0D,
  0x01, 0xE0, 0x00 };

const GFXglyph Gelasio_Bold10pt8bGlyphs[] PROGMEM = {
  {     0,   1,   1,   5,    0,    0 },   // 0x20 ' '
  {     1,   4,  15,   7,    2,  -14 },   // 0x21 '!'
  {     9,   7,   7,  10,    2,  -15 },   // 0x22 '"'
  {    16,  11,  14,  14,    1,  -13 },   // 0x23 '#'
  {    36,  11,  17,  13,    1,  -14 },   // 0x24 '$'
  {    60,  15,  14,  17,    1,  -13 },   // 0x25 '%'
  {    87,  15,  14,  16,    0,  -13 },   // 0x26 '&'
  {   114,   2,   7,   5,    2,  -15 },   // 0x27 '''
  {   116,   7,  18,   9,    1,  -14 },   // 0x28 '('
  {   132,   7,  18,   9,    1,  -14 },   // 0x29 ')'
  {   148,   9,   9,   9,    0,  -14 },   // 0x2A '*'
  {   159,  10,   9,  14,    2,   -9 },   // 0x2B '+'
  {   171,   4,   7,   6,    1,   -2 },   // 0x2C ','
  {   175,   6,   1,   7,    1,   -5 },   // 0x2D '-'
  {   176,   4,   3,   6,    1,   -2 },   // 0x2E '.'
  {   178,   7,  19,   9,    1,  -14 },   // 0x2F '/'
  {   195,  12,  12,  14,    1,  -11 },   // 0x30 '0'
  {   213,   8,  11,  10,    1,  -10 },   // 0x31 '1'
  {   224,  10,  12,  12,    1,  -11 },   // 0x32 '2'
  {   239,  10,  16,  12,    1,  -11 },   // 0x33 '3'
  {   259,  11,  15,  13,    1,  -11 },   // 0x34 '4'
  {   280,  10,  15,  12,    1,  -10 },   // 0x35 '5'
  {   299,  11,  15,  13,    1,  -14 },   // 0x36 '6'
  {   320,  10,  14,  11,    1,  -10 },   // 0x37 '7'
  {   338,  11,  14,  13,    1,  -13 },   // 0x38 '8'
  {   358,  11,  16,  13,    1,  -11 },   // 0x39 '9'
  {   380,   4,   9,   7,    1,   -8 },   // 0x3A ':'
  {   385,   4,  13,   7,    1,   -8 },   // 0x3B ';'
  {   392,  10,  11,  14,    2,  -10 },   // 0x3C '<'
  {   406,   9,   5,  14,    2,   -7 },   // 0x3D '='
  {   412,  10,  11,  14,    2,  -10 },   // 0x3E '>'
  {   426,   9,  15,  11,    1,  -14 },   // 0x3F '?'
  {   443,  15,  16,  19,    2,  -12 },   // 0x40 '@'
  {   473,  15,  14,  15,    0,  -13 },   // 0x41 'A'
  {   500,  13,  14,  15,    1,  -13 },   // 0x42 'B'
  {   523,  12,  14,  14,    1,  -13 },   // 0x43 'C'
  {   544,  15,  14,  16,    1,  -13 },   // 0x44 'D'
  {   571,  12,  14,  14,    1,  -13 },   // 0x45 'E'
  {   592,  11,  14,  13,    1,  -13 },   // 0x46 'F'
  {   612,  14,  14,  16,    1,  -13 },   // 0x47 'G'
  {   637,  16,  14,  18,    1,  -13 },   // 0x48 'H'
  {   665,   7,  14,   9,    1,  -13 },   // 0x49 'I'
  {   678,  11,  14,  12,    0,  -13 },   // 0x4A 'J'
  {   698,  15,  14,  16,    1,  -13 },   // 0x4B 'K'
  {   725,  12,  14,  13,    1,  -13 },   // 0x4C 'L'
  {   746,  18,  14,  20,    1,  -13 },   // 0x4D 'M'
  {   778,  16,  14,  16,    0,  -13 },   // 0x4E 'N'
  {   806,  14,  14,  16,    1,  -13 },   // 0x4F 'O'
  {   831,  12,  14,  14,    1,  -13 },   // 0x50 'P'
  {   852,  14,  18,  16,    1,  -13 },   // 0x51 'Q'
  {   884,  14,  14,  16,    1,  -13 },   // 0x52 'R'
  {   909,  11,  14,  13,    1,  -13 },   // 0x53 'S'
  {   929,  13,  14,  13,    0,  -13 },   // 0x54 'T'
  {   952,  15,  14,  16,    1,  -13 },   // 0x55 'U'
  {   979,  15,  14,  15,    0,  -13 },   // 0x56 'V'
  {  1006,  22,  14,  22,    0,  -13 },   // 0x57 'W'
  {  1045,  16,  14,  16,    0,  -13 },   // 0x58 'X'
  {  1073,  15,  14,  14,    0,  -13 },   // 0x59 'Y'
  {  1100,  12,  14,  14,    1,  -13 },   // 0x5A 'Z'
  {  1121,   5,  18,   9,    2,  -14 },   // 0x5B '['
  {  1133,   7,  19,   9,    0,  -13 },   // 0x5C '\'
  {  1150,   5,  18,   9,    2,  -14 },   // 0x5D ']'
  {  1162,  10,  11,  14,    2,  -13 },   // 0x5E '^'
  {  1176,  14,   1,  14,    0,    3 },   // 0x5F '_'
  {  1178,   5,   4,  10,    2,  -14 },   // 0x60 '`'
  {  1181,  11,  10,  12,    1,   -9 },   // 0x61 'a'
  {  1195,  12,  15,  13,    0,  -14 },   // 0x62 'b'
  {  1218,   9,  10,  10,    1,   -9 },   // 0x63 'c'
  {  1230,  12,  15,  13,    1,  -14 },   // 0x64 'd'
  {  1253,  10,  10,  11,    1,   -9 },   // 0x65 'e'
  {  1266,   7,  15,   8,    1,  -14 },   // 0x66 'f'
  {  1280,  11,  15,  11,    0,   -9 },   // 0x67 'g'
  {  1301,  13,  15,  13,    0,  -14 },   // 0x68 'h'
  {  1326,   7,  15,   7,    0,  -14 },   // 0x69 'i'
  {  1340,   7,  19,   7,   -2,  -14 },   // 0x6A 'j'
  {  1357,  12,  15,  12,    0,  -14 },   // 0x6B 'k'
  {  1380,   6,  15,   7,    0,  -14 },   // 0x6C 'l'
  {  1392,  20,  10,  20,    0,   -9 },   // 0x6D 'm'
  {  1417,  13,  10,  14,    0,   -9 },   // 0x6E 'n'
  {  1434,  11,  10,  12,    1,   -9 },   // 0x6F 'o'
  {  1448,  12,  14,  13,    0,   -9 },   // 0x70 'p'
  {  1469,  12,  14,  13,    1,   -9 },   // 0x71 'q'
  {  1490,  10,  10,  10,    0,   -9 },   // 0x72 'r'
  {  1503,   9,  10,  10,    1,   -9 },   // 0x73 's'
  {  1515,   8,  13,   8,    0,  -12 },   // 0x74 't'
  {  1528,  13,  10,  13,    0,   -9 },   // 0x75 'u'
  {  1545,  12,  10,  11,    0,   -9 },   // 0x76 'v'
  {  1560,  17,  10,  17,    0,   -9 },   // 0x77 'w'
  {  1582,  11,  10,  12,    0,   -9 },   // 0x78 'x'
  {  1596,  11,  14,  11,    0,   -9 },   // 0x79 'y'
  {  1616,  10,  10,  10,    0,   -9 },   // 0x7A 'z'
  {  1629,   8,  18,  10,    1,  -14 },   // 0x7B '{'
  {  1647,   2,  19,   8,    3,  -14 },   // 0x7C '|'
  {  1652,   8,  18,  10,    1,  -14 },   // 0x7D '}'
  {  1670,   9,   3,  14,    2,   -6 },   // 0x7E '~'
  {  1674,   1,   1,  10,    0,    0 },   // 0x7F
  {  1675,  15,  15,  20,    2,  -14 },   // 0x80
  {  1704,  15,  15,  20,    2,  -14 },   // 0x81
  {  1733,  15,  15,  20,    2,  -14 },   // 0x82
  {  1762,  15,  15,  20,    2,  -14 },   // 0x83
  {  1791,  15,  15,  20,    2,  -14 },   // 0x84
  {  1820,  15,  15,  20,    2,  -14 },   // 0x85
  {  1849,  15,  15,  20,    2,  -14 },   // 0x86
  {  1878,  15,  15,  20,    2,  -14 },   // 0x87
  {  1907,  15,  15,  20,    2,  -14 },   // 0x88
  {  1936,  15,  15,  20,    2,  -14 },   // 0x89
  {  1965,  15,  15,  20,    2,  -14 },   // 0x8A
  {  1994,  15,  15,  20,    2,  -14 },   // 0x8B
  {  2023,  15,  15,  20,    2,  -14 },   // 0x8C
  {  2052,  15,  15,  20,    2,  -14 },   // 0x8D
  {  2081,  15,  15,  20,    2,  -14 },   // 0x8E
  {  2110,  15,  15,  20,    2,  -14 },   // 0x8F
  {  2139,  15,  15,  20,    2,  -14 },   // 0x90
  {  2168,  15,  15,  20,    2,  -14 },   // 0x91
  {  2197,  15,  15,  20,    2,  -14 },   // 0x92
  {  2226,  15,  15,  20,    2,  -14 },   // 0x93
  {  2255,  15,  15,  20,    2,  -14 },   // 0x94
  {  2284,  15,  15,  20,    2,  -14 },   // 0x95
  {  2313,  15,  15,  20,    2,  -14 },   // 0x96
  {  2342,  15,  15,  20,    2,  -14 },   // 0x97
  {  2371,  15,  15,  20,    2,  -14 },   // 0x98
  {  2400,  15,  15,  20,    2,  -14 },   // 0x99
  {  2429,  15,  15,  20,    2,  -14 },   // 0x9A
  {  2458,  15,  15,  20,    2,  -14 },   // 0x9B
  {  2487,  15,  15,  20,    2,  -14 },   // 0x9C
  {  2516,  15,  15,  20,    2,  -14 },   // 0x9D
  {  2545,  15,  15,  20,    2,  -14 },   // 0x9E
  {  2574,  15,  15,  20,    2,  -14 },   // 0x9F
  {  2603,   1,   1,   5,    0,    0 },   // 0xA0
  {  2604,   5,  15,   7,    1,  -13 },   // 0xA1
  {  2614,  10,  14,  12,    1,  -11 },   // 0xA2
  {  2632,  12,  14,  14,    1,  -13 },   // 0xA3
  {  2653,   9,   9,  14,    2,   -9 },   // 0xA4
  {  2664,  15,  14,  14,    0,  -13 },   // 0xA5
  {  2691,   2,  19,   8,    3,  -14 },   // 0xA6
  {  2696,   9,  18,  11,    1,  -13 },   // 0xA7
  {  2717,   7,   3,  10,    1,  -13 },   // 0xA8
  {  2720,  17,  17,  18,    1,  -13 },   // 0xA9
  {  2757,   9,   8,  11,    1,  -13 },   // 0xAA
  {  2766,  10,   9,  12,    1,   -9 },   // 0xAB
  {  2778,  10,   5,  14,    2,   -5 },   // 0xAC
  {  2785,  15,  15,  20,    2,  -14 },   // 0xAD
  {  2814,  17,  17,  18,    1,  -13 },   // 0xAE
  {  2851,   6,   2,  14,    0,  -13 },   // 0xAF
  {  2853,   6,   7,   8,    1,  -13 },   // 0xB0
  {  2859,  10,  10,  14,    2,   -9 },   // 0xB1
  {  2872,   8,   9,  11,    1,  -15 },   // 0xB2
  {  2881,   8,   9,  11,    1,  -15 },   // 0xB3
  {  2890,   5,   4,  10,    2,  -14 },   // 0xB4
  {  2893,  12,  14,  13,    1,   -9 },   // 0xB5
  {  2914,  10,  17,  11,    0,  -13 },   // 0xB6
  {  2936,   4,   3,   7,    1,   -7 },   // 0xB7
  {  2938,   5,   5,   5,    0,    1 },   // 0xB8
  {  2942,   8,   9,  11,    1,  -15 },   // 0xB9
  {  2951,   9,   8,  11,    1,  -13 },   // 0xBA
  {  2960,  10,   9,  12,    1,   -9 },   // 0xBB
  {  2972,  20,  14,  21,    1,  -13 },   // 0xBC
  {  3007,  20,  14,  21,    0,  -13 },   // 0xBD
  {  3042,  21,  14,  21,    0,  -13 },   // 0xBE
  {  3079,   9,  15,  11,    1,  -14 },   // 0xBF
  {  3096,  15,  19,  15,    0,  -18 },   // 0xC0
  {  3132,  15,  19,  15,    0,  -18 },   // 0xC1
  {  3168,  15,  19,  15,    0,  -18 },   // 0xC2
  {  3204,  15,  18,  15,    0,  -17 },   // 0xC3
  {  3238,  15,  19,  15,    0,  -18 },   // 0xC4
  {  3274,  15,  19,  15,    0,  -18 },   // 0xC5
  {  3310,  21,  14,  21,   -1,  -13 },   // 0xC6
  {  3347,  12,  19,  14,    1,  -13 },   // 0xC7
  {  3376,  12,  19,  14,    1,  -18 },   // 0xC8
  {  3405,  12,  19,  14,    1,  -18 },   // 0xC9
  {  3434,  12,  19,  14,    1,  -18 },   // 0xCA
  {  3463,  12,  19,  14,    1,  -18 },   // 0xCB
  {  3492,   7,  19,   9,    1,  -18 },   // 0xCC
  {  3509,   7,  19,   9,    1,  -18 },   // 0xCD
  {  3526,   8,  19,   9,    0,  -18 },   // 0xCE
  {  3545,   8,  19,   9,    0,  -18 },   // 0xCF
  {  3564,  14,  14,  16,    1,  -13 },   // 0xD0
  {  3589,  16,  18,  16,    0,  -17 },   // 0xD1
  {  3625,  14,  19,  16,    1,  -18 },   // 0xD2
  {  3659,  14,  19,  16,    1,  -18 },   // 0xD3
  {  3693,  14,  19,  16,    1,  -18 },   // 0xD4
  {  3727,  14,  18,  16,    1,  -17 },   // 0xD5
  {  3759,  14,  19,  16,    1,  -18 },   // 0xD6
  {  3793,   9,   9,  14,    2,   -9 },   // 0xD7
  {  3804,  14,  17,  16,    1,  -14 },   // 0xD8
  {  3834,  15,  19,  16,    1,  -18 },   // 0xD9
  {  3870,  15,  19,  16,    1,  -18 },   // 0xDA
  {  3906,  15,  19,  16,    1,  -18 },   // 0xDB
  {  3942,  15,  19,  16,    1,  -18 },   // 0xDC
  {  3978,  15,  19,  14,    0,  -18 },   // 0xDD
  {  4014,  12,  14,  14,    1,  -13 },   // 0xDE
  {  4035,  13,  15,  13,    0,  -14 },   // 0xDF
  {  4060,  11,  15,  12,    1,  -14 },   // 0xE0
  {  4081,  11,  15,  12,    1,  -14 },   // 0xE1
  {  4102,  11,  15,  12,    1,  -14 },   // 0xE2
  {  4123,  11,  14,  12,    1,  -13 },   // 0xE3
  {  4143,  11,  15,  12,    1,  -14 },   // 0xE4
  {  4164,  11,  16,  12,    1,  -15 },   // 0xE5
  {  4186,  15,  10,  17,    1,   -9 },   // 0xE6
  {  4205,   9,  15,  10,    1,   -9 },   // 0xE7
  {  4222,  10,  15,  11,    1,  -14 },   // 0xE8
  {  4241,  10,  15,  11,    1,  -14 },   // 0xE9
  {  4260,  10,  15,  11,    1,  -14 },   // 0xEA
  {  4279,  10,  15,  11,    1,  -14 },   // 0xEB
  {  4298,   7,  15,   7,    0,  -14 },   // 0xEC
  {  4312,   7,  15,   7,    0,  -14 },   // 0xED
  {  4326,   7,  15,   7,    0,  -14 },   // 0xEE
  {  4340,   8,  15,   7,    0,  -14 },   // 0xEF
  {  4355,  11,  16,  12,    1,  -15 },   // 0xF0
  {  4377,  13,  14,  14,    0,  -13 },   // 0xF1
  {  4400,  11,  15,  12,    1,  -14 },   // 0xF2
  {  4421,  11,  15,  12,    1,  -14 },   // 0xF3
  {  4442,  11,  15,  12,    1,  -14 },   // 0xF4
  {  4463,  11,  14,  12,    1,  -13 },   // 0xF5
  {  4483,  11,  15,  12,    1,  -14 },   // 0xF6
  {  4504,  10,  11,  14,    2,  -10 },   // 0xF7
  {  4518,  11,  13,  12,    1,  -10 },   // 0xF8
  {  4536,  13,  15,  13,    0,  -14 },   // 0xF9
  {  4561,  13,  15,  13,    0,  -14 },   // 0xFA
  {  4586,  13,  15,  13,    0,  -14 },   // 0xFB
  {  4611,  13,  15,  13,    0,  -14 },   // 0xFC
  {  4636,  11,  19,  11,    0,  -14 },   // 0xFD
  {  4663,  12,  19,  13,    0,  -14 },   // 0xFE
  {  4692,  11,  19,  11,    0,  -14 } }; // 0xFF

const GFXfont Gelasio_Bold10pt8b PROGMEM = {
  (uint8_t  *)Gelasio_Bold10pt8bBitmaps,
  (GFXglyph *)Gelasio_Bold10pt8bGlyphs,
  0x20, 0xFF, 25 };

// Approx. 6294 bytes

const uint8_t Gelasio_Bold11pt8bBitmaps[] PROGMEM = {
  0x00, 0x7F, 0xFF, 0xF6, 0x66, 0x66, 0x00, 0x6F, 0xF7, 0x42, 0xE7, 0xE7,
  0xC6, 0xC6, 0xC6, 0x84, 0x84, 0x08, 0x40, 0x8C, 0x18, 0xC1, 0x8C, 0xFF,
  0xFF, 0xFF, 0x11, 0x83, 0x18, 0x31, 0x8F, 0xFE, 0xFF, 0xE2, 0x30, 0x63,
  0x06, 0x30, 0x62, 0x00, 0x02, 0x00, 0x20, 0x1F, 0xE7, 0x06, 0x70, 0x27,
  0x02, 0x78, 0x07, 0xE0, 0x3F, 0x81, 0xFE, 0x07, 0xFC, 0x1F, 0xC0, 0xF6,
  0x07, 0x70, 0xE5, 0xFC, 0x04, 0x00, 0x40, 0x04, 0x00, 0x7E, 0x0C, 0x33,
  0x8C, 0x39, 0xC4, 0x1C, 0xE6, 0x0E, 0x72, 0x07, 0x3A, 0x01, 0x9B, 0x00,
  0x31, 0x00, 0x01, 0xBF, 0x01, 0xB9, 0xC0, 0x9C, 0xE0, 0xCE, 0x70, 0x47,
  0x38, 0x63, 0x9C, 0x60, 0xFC, 0x0F, 0xC0, 0x0E, 0x30, 0x0F, 0x18, 0x07,
  0x8C, 0x01, 0xC6, 0x00, 0xFC, 0x80, 0x3C, 0x3E, 0x3F, 0x0C, 0x3B, 0xC4,
  0x38, 0xF2, 0x3C, 0x7E, 0x1E, 0x1F, 0x07, 0x87, 0xC3, 0xF7, 0xF0, 0xFE,
  0x7E, 0x5F, 0xED, 0xA4, 0x07, 0x1C, 0x38, 0x30, 0x70, 0x70, 0xF0, 0xF0,
  0xF0, 0xF0, 0xF0, 0xF0, 0xF0, 0xF0, 0x70, 0x70, 0x38, 0x18, 0x0F, 0x01,
  0xE0, 0x30, 0x18, 0x1C, 0x1E, 0x0E, 0x0E, 0x0E, 0x0E, 0x0F, 0x0E, 0x0E,
  0x0E, 0x0E, 0x0E, 0x1C, 0x1C, 0x38, 0xE0, 0x80, 0x0C, 0x03, 0x00, 0xC3,
  0x97, 0x7F, 0xC3, 0x01, 0xA0, 0xEC, 0x33, 0x88, 0x40, 0x04, 0x00, 0x80,
  0x10, 0x02, 0x0F, 0xFF, 0xFF, 0xC1, 0x00, 0x20, 0x04, 0x00, 0x80, 0x4E,
  0xFF, 0x26, 0x6C, 0xFF, 0xF0, 0x73, 0xBE, 0xE0, 0x03, 0x03, 0x02, 0x06,
  0x06, 0x04, 0x04, 0x0C, 0x0C, 0x08, 0x18, 0x18, 0x10, 0x10, 0x30, 0x30,
  0x20, 0x60, 0x60, 0x40, 0x40, 0xC0, 0x07, 0x00, 0xC7, 0x1C, 0x1C, 0xE0,
  0xEF, 0x07, 0xF8, 0x3F, 0xC1, 0xFE, 0x0F, 0xF0, 0x7F, 0x83, 0xDC, 0x1C,
  0x71, 0xC1, 0xFC, 0x00, 0x0C, 0x1C, 0xFC, 0x5C, 0x1C, 0x1C, 0x1C, 0x1C,
  0x1C, 0x1C, 0x1C, 0x1C, 0xFF, 0x0F, 0x06, 0x79, 0xC7, 0xF0, 0xFE, 0x1E,
  0x03, 0xC0, 0x70, 0x1C, 0x07, 0x01, 0x80, 0x7F, 0xBF, 0xFF, 0xFE, 0x0E,
  0x07, 0x38, 0xE1, 0xCE, 0x1E, 0xC1, 0xE0, 0x1E, 0x01, 0xC0, 0x78, 0x1F,
  0x80, 0x1E, 0x01, 0xE0, 0x0F, 0xE0, 0xFE, 0x0E, 0xC1, 0xEE, 0x1C, 0x3F,
  0x00, 0x02, 0x00, 0x78, 0x07, 0x80, 0xF0, 0x0E, 0x01, 0xC0, 0x1C, 0x03,
  0x80, 0x31, 0xC6, 0x1C, 0x61, 0xCF, 0xFF, 0xFF, 0xF0, 0x1C, 0x01, 0xC0,
  0x1C, 0x7F, 0xEF, 0xFD, 0xFF, 0x30, 0x06, 0x00, 0x80, 0x10, 0x02, 0xFC,
  0x63, 0xC0, 0x3C, 0x07, 0x80, 0xFE, 0x1F, 0x83, 0xF0, 0x76, 0x1C, 0x3F,
  0x00, 0x03, 0x80, 0xE0, 0x1C, 0x03, 0x80, 0x78, 0x07, 0x00, 0x7F, 0xCF,
  0x1E, 0xF0, 0xFF, 0x0F, 0xF0, 0xFF, 0x0F, 0xF0, 0xF7, 0x0E, 0x71, 0xC1,
  0xF8, 0xFF, 0xDF, 0xFF, 0xFF, 0x60, 0x68, 0x09, 0x03, 0x00, 0x60, 0x18,
  0x03, 0x00, 0xC0, 0x18, 0x03, 0x00, 0xC0, 0x18, 0x07, 0x00, 0xC0, 0x38,
  0x00, 0x1F, 0xC3, 0x0E, 0x70, 0x67, 0x07, 0x78, 0x67, 0xCC, 0x3F, 0x81,
  0xFC, 0x73, 0xEE, 0x0F, 0xE0, 0x7E, 0x07, 0xF0, 0x77, 0x06, 0x3F, 0xC0,
  0x0F, 0x03, 0x9C, 0x70, 0xE7, 0x0E, 0xF0, 0xFF, 0x0F, 0xF0, 0xFF, 0x0F,
  0x70, 0xF7, 0xFF, 0x1E, 0xE0, 0x0E, 0x01, 0xC0, 0x1C, 0x03, 0x80, 0xE0,
  0x18, 0x00, 0x73, 0xBE, 0xE0, 0x00, 0x0E, 0x77, 0xDC, 0x73, 0xBE, 0xE0,
  0x00, 0x04, 0x73, 0xDE, 0x23, 0x19, 0x80, 0x00, 0x60, 0x3C, 0x0E, 0x07,
  0x03, 0x81, 0xC0, 0x38, 0x01, 0xC0, 0x0E, 0x00, 0x70, 0x03, 0x80, 0x10,
  0xFF, 0xFF, 0xF0, 0x00, 0x00, 0x00, 0x3F, 0xF0, 0xC0, 0x1E, 0x00, 0xF0,
  0x07, 0x00, 0x38, 0x01, 0xC0, 0x38, 0x1C, 0x0E, 0x07, 0x03, 0xC0, 0x60,
  0x00, 0x3F, 0x18, 0xEE, 0x3F, 0x07, 0xC1, 0xC0, 0xE0, 0x38, 0x1C, 0x0C,
  0x03, 0x00, 0x80, 0x00, 0x1C, 0x07, 0x01, 0xE0, 0x70, 0x00, 0xF0, 0x03,
  0xFE, 0x03, 0x01, 0xC6, 0x00, 0x22, 0x00, 0x1B, 0x1E, 0xC5, 0x1C, 0xE3,
  0x8C, 0x61, 0xCE, 0x30, 0xC6, 0x18, 0xE3, 0x18, 0x51, 0x8C, 0x4C, 0xEE,
  0x66, 0x39, 0xC1, 0x00, 0x00, 0xC0, 0x00, 0x38, 0x0C, 0x07, 0xFC, 0x00,
  0x60, 0x00, 0x01, 0xC0, 0x03, 0xC0, 0x03, 0xC0, 0x02, 0xE0, 0x04, 0xE0,
  0x04, 0xE0, 0x0C, 0xF0, 0x08, 0x70, 0x08, 0x78, 0x1F, 0xF8, 0x10, 0x38,
  0x10, 0x3C, 0x30, 0x3C, 0x20, 0x1C, 0xF8, 0x7F, 0xFF, 0xE0, 0x78, 0xF0,
  0xF0, 0xE1, 0xE1, 0xE3, 0xC3, 0x87, 0x87, 0x0F, 0x3C, 0x1F, 0xF8, 0x3C,
  0x3C, 0x78, 0x38, 0xF0, 0x79, 0xE0, 0xE3, 0xC3, 0xC7, 0x8F, 0x3F, 0xFC,
  0x00, 0x0F, 0xF0, 0xE1, 0xCE, 0x06, 0xE0, 0x3F, 0x00, 0x78, 0x03, 0xC0,
  0x1E, 0x00, 0xF0, 0x07, 0x80, 0x3C, 0x02, 0xF0, 0x17, 0x81, 0x9E, 0x0C,
  0x3F, 0xC0, 0xFF, 0xE0, 0x3C, 0x38, 0x3C, 0x1C, 0x3C, 0x0E, 0x3C, 0x0F,
  0x3C, 0x0F, 0x3C, 0x0F, 0x3C, 0x0F, 0x3C, 0x0F, 0x3C, 0x0F, 0x3C, 0x0F,
  0x3C, 0x0E, 0x3C, 0x1C, 0x3C, 0x38, 0xFF, 0xE0, 0xFF, 0xF8, 0xF0, 0x63,
  0xC1, 0x8F, 0x02, 0x3C, 0x00, 0xF1, 0x03, 0xC4, 0x0F, 0xF0, 0x3C, 0x40,
  0xF1, 0x03, 0xC0, 0x0F, 0x03, 0x3C, 0x0C, 0xF0, 0x7F, 0xFF, 0x80, 0xFF,
  0xF1, 0xC1, 0x8E, 0x06, 0x70, 0x33, 0x80, 0x1C, 0x20, 0xE1, 0x07, 0xF8,
  0x38, 0x41, 0xC2, 0x0E, 0x00, 0x70, 0x03, 0x80, 0x1E, 0x03, 0xFE, 0x00,
  0x07, 0xF8, 0x1C, 0x1C, 0x38, 0x0C, 0x78, 0x0C, 0xF0, 0x00, 0xF0, 0x00,
  0xF0, 0x00, 0xF0, 0x00, 0xF0, 0xFF, 0xF0, 0x3C, 0xF0, 0x1C, 0x78, 0x1C,
  0x38, 0x1C, 0x1C, 0x1C, 0x0F, 0xF8, 0xFE, 0x3F, 0xCF, 0x03, 0xC3, 0x80,
  0xF0, 0xE0, 0x3C, 0x38, 0x0F, 0x0E, 0x03, 0xC3, 0xFF, 0xF0, 0xFF, 0xFC,
  0x38, 0x0F, 0x0E, 0x03, 0xC3, 0x80, 0xF0, 0xE0, 0x3C, 0x38, 0x0F, 0x0F,
  0x03, 0xCF, 0xE3, 0xFC, 0xFE, 0x3C, 0x3C, 0x3C, 0x3C, 0x3C, 0x3C, 0x3C,
  0x3C, 0x3C, 0x3C, 0x3C, 0x3C, 0x3C, 0xFF, 0x0F, 0xF0, 0x1C, 0x01, 0xC0,
  0x1C, 0x01, 0xC0, 0x1C, 0x01, 0xC0, 0x1C, 0x01, 0xC2, 0x1C, 0x71, 0xCF,
  0x1C, 0x71, 0xC6, 0x38, 0x3F, 0x00, 0xFE, 0x3F, 0x3C, 0x1C, 0x3C, 0x18,
  0x3C, 0x30, 0x3C, 0x60, 0x3C, 0xC0, 0x3D, 0xC0, 0x3F, 0xE0, 0x3D, 0xE0,
  0x3C, 0xF0, 0x3C, 0x78, 0x3C, 0x78, 0x3C, 0x3C, 0x3C, 0x3E, 0xFE, 0x1F,
  0xFF, 0x01, 0xE0, 0x0F, 0x00, 0x78, 0x03, 0xC0, 0x1E, 0x00, 0xF0, 0x07,
  0x80, 0x3C, 0x01, 0xE0, 0x0F, 0x02, 0x78, 0x13, 0xC1, 0x9E, 0x1F, 0xFF,
  0xE0, 0xFE, 0x03, 0xF3, 0xE0, 0x7C, 0x2F, 0x05, 0xC2, 0xF0, 0x5C, 0x27,
  0x09, 0xC2, 0x78, 0x9C, 0x27, 0x89, 0xC2, 0x39, 0x1C, 0x23, 0xD1, 0xC2,
  0x1F, 0x1C, 0x21, 0xE1, 0xC2, 0x1E, 0x1C, 0x20, 0xC1, 0xC2, 0x0C, 0x1C,
  0xF8, 0x47, 0xF0, 0xFC, 0x0F, 0xCF, 0x80, 0xC1, 0xF0, 0x10, 0x7E, 0x04,
  0x17, 0xC1, 0x04, 0xF8, 0x41, 0x1E, 0x10, 0x43, 0xC4, 0x10, 0x79, 0x04,
  0x1F, 0x41, 0x03, 0xF0, 0x40, 0x7C, 0x10, 0x0F, 0x04, 0x01, 0xC7, 0xE0,
  0x30, 0x0F, 0xE0, 0x1C, 0x38, 0x38, 0x1C, 0x78, 0x1E, 0x70, 0x1E, 0xF0,
  0x0E, 0xF0, 0x0F, 0xF0, 0x0F, 0xF0, 0x0F, 0xF0, 0x0E, 0x70, 0x1E, 0x78,
  0x1E, 0x38, 0x1C, 0x1C, 0x38, 0x0F, 0xF0, 0xFF, 0xE0, 0xE1, 0xE3, 0x87,
  0x8E, 0x0E, 0x38, 0x3C, 0xE0, 0xE3, 0x87, 0x8E, 0x1C, 0x3F, 0xE0, 0xE0,
  0x03, 0x80, 0x0E, 0x00, 0x38, 0x00, 0xF0, 0x0F, 0xF0, 0x00, 0x0F, 0xE0,
  0x1C, 0x38, 0x38, 0x1C, 0x78, 0x1E, 0x70, 0x1E, 0xF0, 0x0E, 0xF0, 0x0F,
  0xF0, 0x0F, 0xF0, 0x0F, 0xF0, 0x0E, 0x70, 0x1E, 0x78, 0x1E, 0x38, 0x1C,
  0x1C, 0x38, 0x0F, 0xF0, 0x03, 0xC0, 0x03, 0xC0, 0x01, 0xE0, 0x00, 0xFC,
  0xFF, 0xE0, 0x70, 0xF0, 0xE0, 0xE1, 0xC1, 0xC3, 0x83, 0x87, 0x07, 0x0E,
  0x1E, 0x1F, 0xF0, 0x39, 0xE0, 0x71, 0xE0, 0xE1, 0xC1, 0xC3, 0xC3, 0x83,
  0x87, 0x87, 0xBF, 0xCF, 0x80, 0x1F, 0xE3, 0x06, 0x70, 0x67, 0x02, 0x78,
  0x07, 0xC0, 0x3F, 0x01, 0xFC, 0x07, 0xE0, 0x1F, 0xC0, 0xFC, 0x07, 0x60,
  0x77, 0x06, 0x5F, 0xC0, 0xFF, 0xFF, 0x0E, 0x3C, 0x38, 0x70, 0xE1, 0x83,
  0x84, 0x0E, 0x00, 0x38, 0x00, 0xE0, 0x03, 0x80, 0x0E, 0x00, 0x38, 0x00,
  0xE0, 0x03, 0x80, 0x0E, 0x01, 0xFF, 0x00, 0xFE, 0x1F, 0x78, 0x04, 0x38,
  0x04, 0x38, 0x04, 0x38, 0x04, 0x38, 0x04, 0x38, 0x04, 0x38, 0x04, 0x38,
  0x04, 0x38, 0x04, 0x38, 0x04, 0x38, 0x04, 0x3C, 0x0C, 0x1C, 0x18, 0x0F,
  0xF0, 0xFE, 0x1F, 0xBC, 0x03, 0x0F, 0x01, 0x07, 0x80, 0x81, 0xE0, 0xC0,
  0xF0, 0x40, 0x3C, 0x60, 0x1E, 0x20, 0x07, 0x10, 0x03, 0xD8, 0x00, 0xE8,
  0x00, 0x7C, 0x00, 0x1C, 0x00, 0x0E, 0x00, 0x03, 0x00, 0xFE, 0x0C, 0x1F,
  0xBC, 0x06, 0x03, 0x0F, 0x07, 0x81, 0x07, 0x83, 0xC0, 0x81, 0xC1, 0xF0,
  0x80, 0xF1, 0xF8, 0x40, 0x78, 0x9C, 0x60, 0x1C, 0x4F, 0x20, 0x0F, 0x67,
  0x90, 0x03, 0xA1, 0xF8, 0x01, 0xF0, 0xF8, 0x00, 0xF0, 0x3C, 0x00, 0x38,
  0x1C, 0x00, 0x1C, 0x0E, 0x00, 0x04, 0x03, 0x00, 0xFF, 0x1F, 0x1E, 0x02,
  0x07, 0x83, 0x01, 0xE3, 0x00, 0xF3, 0x00, 0x3D, 0x00, 0x0F, 0x00, 0x03,
  0xC0, 0x01, 0xE0, 0x01, 0x78, 0x01, 0x1E, 0x01, 0x87, 0x81, 0x83, 0xC1,
  0x80, 0xF3, 0xF1, 0xFE, 0xFF, 0x1F, 0x7C, 0x04, 0x3C, 0x0C, 0x1E, 0x08,
  0x1E, 0x18, 0x0F, 0x10, 0x07, 0x30, 0x07, 0xA0, 0x03, 0xC0, 0x03, 0xC0,
  0x03, 0xC0, 0x03, 0xC0, 0x03, 0xC0, 0x03, 0xC0, 0x0F, 0xF0, 0x7F, 0xFB,
  0x07, 0x90, 0x3C, 0x83, 0xC4, 0x3C, 0x01, 0xE0, 0x1E, 0x01, 0xE0, 0x0F,
  0x00, 0xF0, 0x0F, 0x02, 0x78, 0x17, 0x81, 0xF8, 0x1F, 0xFF, 0xC0, 0xFF,
  0x8E, 0x38, 0xE3, 0x8E, 0x38, 0xE3, 0x8E, 0x38, 0xE3, 0x8E, 0x38, 0xE3,
  0x8F, 0xC0, 0xC0, 0x40, 0x60, 0x60, 0x60, 0x20, 0x30, 0x30, 0x10, 0x18,
  0x18, 0x18, 0x08, 0x0C, 0x0C, 0x04, 0x06, 0x06, 0x06, 0x02, 0x03, 0x03,
  0xFC, 0xF3, 0xCF, 0x3C, 0xF3, 0xCF, 0x3C, 0xF3, 0xCF, 0x3C, 0xF3, 0xCF,
  0x3C, 0xFF, 0xC0, 0x04, 0x01, 0xC0, 0x38, 0x0D, 0x81, 0xB0, 0x33, 0x0C,
  0x61, 0x8C, 0x60, 0xCC, 0x19, 0x81, 0xE0, 0x30, 0xFF, 0xFE, 0x47, 0x1C,
  0x70, 0x80, 0x0E, 0x07, 0x38, 0x61, 0xC6, 0x1C, 0x01, 0xC1, 0xFC, 0x71,
  0xCF, 0x1C, 0xF1, 0xCF, 0x3C, 0x7D, 0xF0, 0xF8, 0x01, 0xC0, 0x0E, 0x00,
  0x70, 0x03, 0x80, 0x1C, 0xE0, 0xFF, 0x87, 0x1E, 0x38, 0x79, 0xC3, 0xCE,
  0x1E, 0x70, 0xF3, 0x87, 0x9C, 0x38, 0xE3, 0xC7, 0xFC, 0x0E, 0x0E, 0xE7,
  0x1F, 0xC7, 0xE0, 0xB8, 0x0E, 0x03, 0xC0, 0xF0, 0x1E, 0x33, 0xF0, 0x03,
  0xE0, 0x07, 0x00, 0x38, 0x01, 0xC0, 0x0E, 0x07, 0x70, 0xF7, 0x8E, 0x1C,
  0xF0, 0xE7, 0x87, 0x3C, 0x39, 0xE1, 0xCF, 0x0E, 0x78, 0x71, 0xE7, 0x87,
  0xFF, 0x0E, 0x07, 0x71, 0xC7, 0x78, 0xEE, 0x1F, 0xFF, 0xF8, 0x07, 0x80,
  0xF0, 0x0F, 0x18, 0xFE, 0x00, 0x1F, 0x3B, 0x39, 0x78, 0x78, 0x78, 0xFE,
  0x78, 0x78, 0x78, 0x78, 0x78, 0x78, 0x78, 0x78, 0xFE, 0x0F, 0x31, 0xDF,
  0xDC, 0x76, 0xE3, 0x87, 0x1C, 0x38, 0xE0, 0xFE, 0x04, 0x00, 0x60, 0x03,
  0xFE, 0x0F, 0xF8, 0xC1, 0xE6, 0x07, 0x70, 0x31, 0xC3, 0x87, 0xF0, 0xF8,
  0x00, 0x70, 0x00, 0xE0, 0x01, 0xC0, 0x03, 0x80, 0x07, 0x1C, 0x0E, 0xFC,
  0x1F, 0x3C, 0x38, 0x38, 0x70, 0x70, 0xE0, 0xE1, 0xC1, 0xC3, 0x83, 0x87,
  0x07, 0x0E, 0x0E, 0x7F, 0x7F, 0x18, 0x78, 0xF0, 0xC0, 0x00, 0x3F, 0x1E,
  0x3C, 0x78, 0xF1, 0xE3, 0xC7, 0x8F, 0x3F, 0x06, 0x0F, 0x0F, 0x06, 0x00,
  0x00, 0x1F, 0x0F, 0x0F, 0x0F, 0x0F, 0x0F, 0x0F, 0x0F, 0x0F, 0x0F, 0x0F,
  0x4F, 0xEE, 0xEE, 0x38, 0xF8, 0x00, 0xE0, 0x03, 0x80, 0x0E, 0x00, 0x38,
  0x00, 0xE0, 0x03, 0x8F, 0x8E, 0x10, 0x38, 0x80, 0xE6, 0x03, 0xBC, 0x0F,
  0x70, 0x39, 0xE0, 0xE3, 0x83, 0x8F, 0x1F, 0x9F, 0xF8, 0x70, 0xE1, 0xC3,
  0x87, 0x0E, 0x1C, 0x38, 0x70, 0xE1, 0xC3, 0x87, 0x0E, 0x7F, 0x00, 0xE0,
  0xC3, 0xFF, 0xDF, 0xC3, 0xC7, 0xC7, 0x0F, 0x0E, 0x1C, 0x3C, 0x38, 0x70,
  0xF0, 0xE1, 0xC3, 0xC3, 0x87, 0x0F, 0x0E, 0x1C, 0x3C, 0x38, 0x70, 0xF0,
  0xE1, 0xC7, 0xEF, 0xDF, 0xC0, 0x00, 0xE1, 0xF7, 0xF0, 0xF1, 0xE1, 0xE1,
  0xC3, 0xC3, 0x87, 0x87, 0x0F, 0x0E, 0x1E, 0x1C, 0x3C, 0x38, 0x78, 0x71,
  0xFB, 0xF8, 0x0F, 0x03, 0x9C, 0x70, 0xEF, 0x0F, 0xF0, 0xFF, 0x0F, 0xF0,
  0xFF, 0x0F, 0xF0, 0xE7, 0x0E, 0x3F, 0x80, 0x01, 0xC7, 0xFF, 0x8E, 0x1E,
  0x70, 0xF3, 0x83, 0x9C, 0x1C, 0xE0, 0xE7, 0x07, 0x38, 0x79, 0xC3, 0x8F,
  0xF8, 0x70, 0x03, 0x80, 0x1C, 0x03, 0xF8, 0x00, 0x0E, 0x21, 0xEF, 0x1C,
  0x39, 0xE1, 0xCF, 0x0E, 0x78, 0x73, 0xC3, 0x9E, 0x1C, 0x70, 0xE3, 0xCF,
  0x0F, 0xF8, 0x01, 0xC0, 0x0E, 0x00, 0x70, 0x03, 0xC0, 0x7F, 0x00, 0xDF,
  0x3C, 0xEB, 0x9E, 0x33, 0xC0, 0x78, 0x0F, 0x01, 0xE0, 0x3C, 0x07, 0x81,
  0xFC, 0x00, 0x1C, 0xB9, 0xF8, 0x7E, 0x1F, 0xC3, 0xF8, 0xFF, 0x0F, 0x83,
  0xE1, 0xFF, 0xC0, 0x08, 0x18, 0x18, 0x38, 0xFF, 0x38, 0x38, 0x38, 0x38,
  0x38, 0x38, 0x38, 0x39, 0x1F, 0xF9, 0xF8, 0xE1, 0xE3, 0x87, 0x8E, 0x1E,
  0x38, 0x78, 0xE1, 0xE3, 0x87, 0x8E, 0x1E, 0x3C, 0xF8, 0x7C, 0xF0, 0xFE,
  0x7C, 0xF0, 0x41, 0xC3, 0x07, 0x88, 0x0E, 0x20, 0x3D, 0x00, 0x74, 0x01,
  0xF0, 0x03, 0x80, 0x0E, 0x00, 0xFC, 0x73, 0xEF, 0x1E, 0x10, 0xE3, 0xC6,
  0x1E, 0x7C, 0x83, 0xCB, 0x90, 0x3A, 0x7E, 0x07, 0xC7, 0x80, 0x78, 0xF0,
  0x0E, 0x1E, 0x01, 0xC1, 0x80, 0xFE, 0xF1, 0xE2, 0x07, 0xB0, 0x3D, 0x00,
  0xF0, 0x07, 0xC0, 0x2F, 0x02, 0x7C, 0x21, 0xE7, 0xDF, 0xC0, 0xFC, 0xF7,
  0x86, 0x3C, 0x43, 0xC4, 0x1C, 0xC1, 0xE8, 0x0E, 0x80, 0xF0, 0x07, 0x00,
  0x60, 0x02, 0x00, 0x60, 0x6C, 0x07, 0x80, 0x30, 0x00, 0x7F, 0xEC, 0x79,
  0x1E, 0x07, 0x80, 0xF0, 0x3C, 0x0F, 0x1B, 0xE3, 0x78, 0xDF, 0xF8, 0x0F,
  0x1C, 0x3C, 0x3C, 0x3C, 0x3C, 0x3C, 0x3C, 0x38, 0xC0, 0x78, 0x38, 0x3C,
  0x3C, 0x3C, 0x3C, 0x3C, 0x1C, 0x1F, 0xFF, 0xFF, 0xFF, 0xFF, 0xFF, 0xF8,
  0x0E, 0x07, 0x03, 0xC1, 0xE0, 0xF0, 0x78, 0x3C, 0x0E, 0x00, 0xC3, 0xC3,
  0xC1, 0xE0, 0xF0, 0x78, 0x3C, 0x1C, 0x0E, 0x3E, 0x00, 0x70, 0xFE, 0x63,
  0xC0, 0x40, 0x00, 0xFF, 0xFF, 0x80, 0x01, 0x80, 0x01, 0x88, 0x11, 0x98,
  0x39, 0x84, 0x61, 0x82, 0xC1, 0x81, 0x81, 0x83, 0x81, 0x86, 0x41, 0x8C,
  0x61, 0x98, 0x39, 0x88, 0x11, 0x80, 0x01, 0x80, 0x01, 0xFF, 0xFF, 0xFF,
  0xFF, 0x80, 0x01, 0x80, 0x01, 0x88, 0x11, 0x98, 0x39, 0x84, 0x61, 0x82,
  0xC1, 0x81, 0x81, 0x83, 0x81, 0x86, 0x41, 0x8C, 0x61, 0x98, 0x39, 0x88,
  0x11, 0x80, 0x01, 0x80, 0x01, 0xFF, 0xFF, 0xFF, 0xFF, 0x80, 0x01, 0x80,
  0x01, 0x88, 0x11, 0x98, 0x39, 0x84, 0x61, 0x82, 0xC1, 0x81, 0x81, 0x83,
  0x81, 0x86, 0x41, 0x8C, 0x61, 0x98, 0x39, 0x88, 0x11, 0x80, 0x01, 0x80,
  0x01, 0xFF, 0xFF, 0xFF, 0xFF, 0x80, 0x01, 0x80, 0x01, 0x88, 0x11, 0x98,
  0x39, 0x84, 0x61, 0x82, 0xC1, 0x81, 0x81, 0x83, 0x81, 0x86, 0x41, 0x8C,
  0x61, 0x98, 0x39, 0x88, 0x11, 0x80, 0x01, 0x80, 0x01, 0xFF, 0xFF, 0xFF,
  0xFF, 0x80, 0x01, 0x80, 0x01, 0x88, 0x11, 0x98, 0x39, 0x84, 0x61, 0x82,
  0xC1, 0x81, 0x81, 0x83, 0x81, 0x86, 0x41, 0x8C, 0x61, 0x98, 0x39, 0x88,
  0x11, 0x80, 0x01, 0x80, 0x01, 0xFF, 0xFF, 0xFF, 0xFF, 0x80, 0x01, 0x80,
  0x01, 0x88, 0x11, 0x98, 0x39, 0x84, 0x61, 0x82, 0xC1, 0x81, 0x81, 0x83,
  0x81, 0x86, 0x41, 0x8C, 0x61, 0x98, 0x39, 0x88, 0x11, 0x80, 0x01, 0x80,
  0x01, 0xFF, 0xFF, 0xFF, 0xFF, 0x80, 0x01, 0x80, 0x01, 0x88, 0x11, 0x98,
  0x39, 0x84, 0x61, 0x82, 0xC1, 0x81, 0x81, 0x83, 0x81, 0x86, 0x41, 0x8C,
  0x61, 0x98, 0x39, 0x88, 0x11, 0x80, 0x01, 0x80, 0x01, 0xFF, 0xFF, 0xFF,
  0xFF, 0x80, 0x01, 0x80, 0x01, 0x88, 0x11, 0x98, 0x39, 0x84, 0x61, 0x82,
  0xC1, 0x81, 0x81, 0x83, 0x81, 0x86, 0x41, 0x8C, 0x61, 0x98, 0x39, 0x88,
  0x11, 0x80, 0x01, 0x80, 0x01, 0xFF, 0xFF, 0xFF, 0xFF, 0x80, 0x01, 0x80,
  0x01, 0x88, 0x11, 0x98, 0x39, 0x84, 0x61, 0x82, 0xC1, 0x81, 0x81, 0x83,
  0x81, 0x86, 0x41, 0x8C, 0x61, 0x98, 0x39, 0x88, 0x11, 0x80, 0x01, 0x80,
  0x01, 0xFF, 0xFF, 0xFF, 0xFF, 0x80, 0x01, 0x80, 0x01, 0x88, 0x11, 0x98,
  0x39, 0x84, 0x61, 0x82, 0xC1, 0x81, 0x81, 0x83, 0x81, 0x86, 0x41, 0x8C,
  0x61, 0x98, 0x39, 0x88, 0x11, 0x80, 0x01, 0x80, 0x01, 0xFF, 0xFF, 0xFF,
  0xFF, 0x80, 0x01, 0x80, 0x01, 0x88, 0x11, 0x98, 0x39, 0x84, 0x61, 0x82,
  0xC1, 0x81, 0x81, 0x83, 0x81, 0x86, 0x41, 0x8C, 0x61, 0x98, 0x39, 0x88,
  0x11, 0x80, 0x01, 0x80, 0x01, 0xFF, 0xFF, 0xFF, 0xFF, 0x80, 0x01, 0x80,
  0x01, 0x88, 0x11, 0x98, 0x39, 0x84, 0x61, 0x82, 0xC1, 0x81, 0x81, 0x83,
  0x81, 0x86, 0x41, 0x8C, 0x61, 0x98, 0x39, 0x88, 0x11, 0x80, 0x01, 0x80,
  0x01, 0xFF, 0xFF, 0xFF, 0xFF, 0x80, 0x01, 0x80, 0x01, 0x88, 0x11, 0x98,
  0x39, 0x84, 0x61, 0x82, 0xC1, 0x81, 0x81, 0x83, 0x81, 0x86, 0x41, 0x8C,
  0x61, 0x98, 0x39, 0x88, 0x11, 0x80, 0x01, 0x80, 0x01, 0xFF, 0xFF, 0xFF,
  0xFF, 0x80, 0x01, 0x80, 0x01, 0x88, 0x11, 0x98, 0x39, 0x84, 0x61, 0x82,
  0xC1, 0x81, 0x81, 0x83, 0x81, 0x86, 0x41, 0x8C, 0x61, 0x98, 0x39, 0x88,
  0x11, 0x80, 0x01, 0x80, 0x01, 0xFF, 0xFF, 0xFF, 0xFF, 0x80, 0x01, 0x80,
  0x01, 0x88, 0x11, 0x98, 0x39, 0x84, 0x61, 0x82, 0xC1, 0x81, 0x81, 0x83,
  0x81, 0x86, 0x41, 0x8C, 0x61, 0x98, 0x39, 0x88, 0x11, 0x80, 0x01, 0x80,
  0x01, 0xFF, 0xFF, 0xFF, 0xFF, 0x80, 0x01, 0x80, 0x01, 0x88, 0x11, 0x98,
  0x39, 0x84, 0x61, 0x82, 0xC1, 0x81, 0x81, 0x83, 0x81, 0x86, 0x41, 0x8C,
  0x61, 0x98, 0x39, 0x88, 0x11, 0x80, 0x01, 0x80, 0x01, 0xFF, 0xFF, 0xFF,
  0xFF, 0x80, 0x01, 0x80, 0x01, 0x88, 0x11, 0x98, 0x39, 0x84, 0x61, 0x82,
  0xC1, 0x81, 0x81, 0x83, 0x81, 0x86, 0x41, 0x8C, 0x61, 0x98, 0x39, 0x88,
  0x11, 0x80, 0x01, 0x80, 0x01, 0xFF, 0xFF, 0xFF, 0xFF, 0x80, 0x01, 0x80,
  0x01, 0x88, 0x11, 0x98, 0x39, 0x84, 0x61, 0x82, 0xC1, 0x81, 0x81, 0x83,
  0x81, 0x86, 0x41, 0x8C, 0x61, 0x98, 0x39, 0x88, 0x11, 0x80, 0x01, 0x80,
  0x01, 0xFF, 0xFF, 0xFF, 0xFF, 0x80, 0x01, 0x80, 0x01, 0x88, 0x11, 0x98,
  0x39, 0x84, 0x61, 0x82, 0xC1, 0x81, 0x81, 0x83, 0x81, 0x86, 0x41, 0x8C,
  0x61, 0x98, 0x39, 0x88, 0x11, 0x80, 0x01, 0x80, 0x01, 0xFF, 0xFF, 0xFF,
  0xFF, 0x80, 0x01, 0x80, 0x01, 0x88, 0x11, 0x98, 0x39, 0x84, 0x61, 0x82,
  0xC1, 0x81, 0x81, 0x83, 0x81, 0x86, 0x41, 0x8C, 0x61, 0x98, 0x39, 0x88,
  0x11, 0x80, 0x01, 0x80, 0x01, 0xFF, 0xFF, 0xFF, 0xFF, 0x80, 0x01, 0x80,
  0x01, 0x88, 0x11, 0x98, 0x39, 0x84, 0x61, 0x82, 0xC1, 0x81, 0x81, 0x83,
  0x81, 0x86, 0x41, 0x8C, 0x61, 0x98, 0x39, 0x88, 0x11, 0x80, 0x01, 0x80,
  0x01, 0xFF, 0xFF, 0xFF, 0xFF, 0x80, 0x01, 0x80, 0x01, 0x88, 0x11, 0x98,
  0x39, 0x84, 0x61, 0x82, 0xC1, 0x81, 0x81, 0x83, 0x81, 0x86, 0x41, 0x8C,
  0x61, 0x98, 0x39, 0x88, 0x11, 0x80, 0x01, 0x80, 0x01, 0xFF, 0xFF, 0xFF,
  0xFF, 0x80, 0x01, 0x80, 0x01, 0x88, 0x11, 0x98, 0x39, 0x84, 0x61, 0x82,
  0xC1, 0x81, 0x81, 0x83, 0x81, 0x86, 0x41, 0x8C, 0x61, 0x98, 0x39, 0x88,
  0x11, 0x80, 0x01, 0x80, 0x01, 0xFF, 0xFF, 0xFF, 0xFF, 0x80, 0x01, 0x80,
  0x01, 0x88, 0x11, 0x98, 0x39, 0x84, 0x61, 0x82, 0xC1, 0x81, 0x81, 0x83,
  0x81, 0x86, 0x41, 0x8C, 0x61, 0x98, 0x39, 0x88, 0x11, 0x80, 0x01, 0x80,
  0x01, 0xFF, 0xFF, 0xFF, 0xFF, 0x80, 0x01, 0x80, 0x01, 0x88, 0x11, 0x98,
  0x39, 0x84, 0x61, 0x82, 0xC1, 0x81, 0x81, 0x83, 0x81, 0x86, 0x41, 0x8C,
  0x61, 0x98, 0x39, 0x88, 0x11, 0x80, 0x01, 0x80, 0x01, 0xFF, 0xFF, 0xFF,
  0xFF, 0x80, 0x01, 0x80, 0x01, 0x88, 0x11, 0x98, 0x39, 0x84, 0x61, 0x82,
  0xC1, 0x81, 0x81, 0x83, 0x81, 0x86, 0x41, 0x8C, 0x61, 0x98, 0x39, 0x88,
  0x11, 0x80, 0x01, 0x80, 0x01, 0xFF, 0xFF, 0xFF, 0xFF, 0x80, 0x01, 0x80,
  0x01, 0x88, 0x11, 0x98, 0x39, 0x84, 0x61, 0x82, 0xC1, 0x81, 0x81, 0x83,
  0x81, 0x86, 0x41, 0x8C, 0x61, 0x98, 0x39, 0x88, 0x11, 0x80, 0x01, 0x80,
  0x01, 0xFF, 0xFF, 0xFF, 0xFF, 0x80, 0x01, 0x80, 0x01, 0x88, 0x11, 0x98,
  0x39, 0x84, 0x61, 0x82, 0xC1, 0x81, 0x81, 0x83, 0x81, 0x86, 0x41, 0x8C,
  0x61, 0x98, 0x39, 0x88, 0x11, 0x80, 0x01, 0x80, 0x01, 0xFF, 0xFF, 0xFF,
  0xFF, 0x80, 0x01, 0x80, 0x01, 0x88, 0x11, 0x98, 0x39, 0x84, 0x61, 0x82,
  0xC1, 0x81, 0x81, 0x83, 0x81, 0x86, 0x41, 0x8C, 0x61, 0x98, 0x39, 0x88,
  0x11, 0x80, 0x01, 0x80, 0x01, 0xFF, 0xFF, 0xFF, 0xFF, 0x80, 0x01, 0x80,
  0x01, 0x88, 0x11, 0x98, 0x39, 0x84, 0x61, 0x82, 0xC1, 0x81, 0x81, 0x83,
  0x81, 0x86, 0x41, 0x8C, 0x61, 0x98, 0x39, 0x88, 0x11, 0x80, 0x01, 0x80,
  0x01, 0xFF, 0xFF, 0xFF, 0xFF, 0x80, 0x01, 0x80, 0x01, 0x88, 0x11, 0x98,
  0x39, 0x84, 0x61, 0x82, 0xC1, 0x81, 0x81, 0x83, 0x81, 0x86, 0x41, 0x8C,
  0x61, 0x98, 0x39, 0x88, 0x11, 0x80, 0x01, 0x80, 0x01, 0xFF, 0xFF, 0xFF,
  0xFF, 0x80, 0x01, 0x80, 0x01, 0x88, 0x11, 0x98, 0x39, 0x84, 0x61, 0x82,
  0xC1, 0x81, 0x81, 0x83, 0x81, 0x86, 0x41, 0x8C, 0x61, 0x98, 0x39, 0x88,
  0x11, 0x80, 0x01, 0x80, 0x01, 0xFF, 0xFF, 0x00, 0x73, 0xDE, 0x60, 0x00,
  0x84, 0x31, 0x9C, 0xE7, 0xFD, 0xEE, 0x02, 0x00, 0x40, 0x1C, 0x0C, 0xE7,
  0x9E, 0xE1, 0xFC, 0x17, 0x80, 0xF0, 0x0E, 0x01, 0xE0, 0x1E, 0x31, 0xF8,
  0x04, 0x00, 0x80, 0x0F, 0xE0, 0xE7, 0x87, 0x1C, 0x78, 0xE3, 0x80, 0x1C,
  0x00, 0xE0, 0x1F, 0xF0, 0x38, 0x01, 0xC0, 0x0E, 0x1E, 0x70, 0x77, 0x83,
  0xFE, 0x3B, 0x1F, 0x80, 0x40, 0xFF, 0xF7, 0xF9, 0xC6, 0x61, 0x98, 0x67,
  0x19, 0xFE, 0xEF, 0xD0, 0x20, 0xFF, 0x1F, 0x7C, 0x04, 0x3C, 0x0C, 0x1E,
  0x18, 0x0F, 0x10, 0x07, 0x20, 0x07, 0xC0, 0x3F, 0xFC, 0x01, 0xC0, 0x01,
  0xC0, 0x01, 0xC0, 0x3F, 0xFC, 0x01, 0xC0, 0x01, 0xC0, 0x0F, 0xF0, 0xFF,
  0xFF, 0x00, 0xFF, 0xFF, 0x1F, 0x0C, 0xE7, 0x19, 0xC4, 0x78, 0x0F, 0x03,
  0xF1, 0xBE, 0xE3, 0xB8, 0x77, 0x1D, 0xE6, 0x3F, 0x87, 0xC0, 0x78, 0x0E,
  0x63, 0x9C, 0xE3, 0xB0, 0x30, 0x63, 0xE7, 0xE7, 0x42, 0x03, 0xF0, 0x01,
  0x81, 0x80, 0x40, 0x08, 0x10, 0x00, 0x84, 0x0E, 0x08, 0x87, 0x60, 0xA1,
  0x86, 0x14, 0x30, 0x42, 0x86, 0x00, 0x30, 0xC0, 0x06, 0x18, 0x00, 0xC3,
  0x04, 0x28, 0x60, 0x84, 0x86, 0x30, 0x90, 0x38, 0x21, 0x00, 0x08, 0x10,
  0x02, 0x01, 0x81, 0x80, 0x0F, 0xC0, 0x00, 0x3F, 0x18, 0xE4, 0x38, 0x7E,
  0x73, 0x98, 0xEE, 0x39, 0xFF, 0x11, 0x00, 0x04, 0x21, 0x0C, 0x63, 0x38,
  0xCE, 0x79, 0xCE, 0x1C, 0xE1, 0xCE, 0x18, 0x61, 0x04, 0xFF, 0xFF, 0xFC,
  0x01, 0x80, 0x30, 0x06, 0x00, 0xC0, 0xFF, 0xFF, 0x80, 0x01, 0x80, 0x01,
  0x88, 0x11, 0x98, 0x39, 0x84, 0x61, 0x82, 0xC1, 0x81, 0x81, 0x83, 0x81,
  0x86, 0x41, 0x8C, 0x61, 0x98, 0x39, 0x88, 0x11, 0x80, 0x01, 0x80, 0x01,
  0xFF, 0xFF, 0x03, 0xF0, 0x01, 0x81, 0x80, 0x40, 0x08, 0x10, 0x00, 0x84,
  0x4C, 0x08, 0x86, 0x60, 0xA0, 0xC6, 0x14, 0x18, 0xC2, 0x83, 0x10, 0x30,
  0x7C, 0x06, 0x0C, 0xC0, 0xC1, 0x88, 0x28, 0x31, 0x84, 0x86, 0x30, 0x91,
  0xE3, 0x21, 0x00, 0x08, 0x10, 0x02, 0x01, 0x81, 0x80, 0x0F, 0xC0, 0x00,
  0xFF, 0xF0, 0x7D, 0x8F, 0x1E, 0x3C, 0x6D, 0xCE, 0x00, 0x04, 0x00, 0x80,
  0x10, 0x02, 0x0F, 0xFF, 0xFF, 0xC1, 0x00, 0x20, 0x04, 0x0F, 0xF9, 0xFF,
  0x00, 0x7F, 0x71, 0xF0, 0xE0, 0xE0, 0x70, 0x70, 0x30, 0x20, 0x7F, 0xFF,
  0xC0, 0x7F, 0x31, 0xD8, 0xE0, 0x61, 0xE0, 0x1D, 0x0F, 0xC7, 0xC3, 0xBF,
  0x80, 0x18, 0xCE, 0xCC, 0x00, 0x70, 0xE3, 0x87, 0x1C, 0x38, 0xE1, 0xC7,
  0x0E, 0x38, 0x71, 0xC3, 0x8E, 0x1C, 0x79, 0xE3, 0xFF, 0xD8, 0x00, 0xC0,
  0x0E, 0x00, 0x70, 0x01, 0x80, 0x00, 0x1F, 0xE7, 0xCC, 0x7C, 0xC7, 0xCC,
  0xFC, 0xC7, 0xCC, 0x7C, 0xC3, 0xCC, 0x1C, 0xC0, 0xCC, 0x0C, 0xC0, 0xCC,
  0x0C, 0xC0, 0xCC, 0x0C, 0xC0, 0xCC, 0x0C, 0xC3, 0xCF, 0x73, 0xBE, 0xE0,
  0x23, 0xC6, 0x3F, 0x80, 0x1E, 0x7F, 0x23, 0x81, 0xC0, 0xE0, 0x70, 0x38,
  0x1C, 0x0E, 0x3F, 0xC0, 0x3F, 0x18, 0xEE, 0x1F, 0x87, 0xE1, 0xF8, 0x76,
  0x18, 0xCC, 0x0C, 0x00, 0x84, 0x21, 0x8E, 0x71, 0xCE, 0x39, 0xCE, 0x77,
  0x3B, 0x8C, 0xC6, 0x21, 0x00, 0x1E, 0x03, 0x03, 0xF8, 0x18, 0x08, 0xE0,
  0x40, 0x03, 0x83, 0x00, 0x0E, 0x08, 0x00, 0x38, 0x67, 0x00, 0xE1, 0x1C,
  0x03, 0x8C, 0xE0, 0x0E, 0x23, 0x01, 0xFF, 0x9C, 0xC0, 0x04, 0x63, 0x00,
  0x33, 0x0C, 0x00, 0x8F, 0xFC, 0x06, 0x00, 0xC0, 0x30, 0x03, 0x00, 0x1E,
  0x01, 0x83, 0xF8, 0x0C, 0x08, 0xE0, 0x20, 0x03, 0x81, 0x80, 0x0E, 0x04,
  0x40, 0x38, 0x3E, 0xE0, 0xE0, 0xF1, 0xC3, 0x87, 0x87, 0x0E, 0x10, 0x39,
  0xFE, 0xC0, 0xE0, 0x02, 0x07, 0x00, 0x18, 0x18, 0x00, 0x40, 0x80, 0x03,
  0x0F, 0xF0, 0x18, 0x7F, 0xC0, 0x7F, 0x01, 0x80, 0xC7, 0x06, 0x01, 0x8E,
  0x08, 0x00, 0x18, 0x30, 0x01, 0xE0, 0x40, 0x00, 0x71, 0x9C, 0x10, 0xE2,
  0x38, 0x71, 0xCC, 0xE0, 0xC3, 0x91, 0x80, 0xFE, 0x67, 0x30, 0x00, 0x8C,
  0x60, 0x03, 0x30, 0xC0, 0x04, 0x7F, 0xE0, 0x18, 0x03, 0x00, 0x60, 0x06,
  0x00, 0x0E, 0x07, 0x81, 0xE0, 0x38, 0x00, 0x03, 0x00, 0xC0, 0x30, 0x18,
  0x1C, 0x0E, 0x03, 0x82, 0xE1, 0xF8, 0x77, 0x18, 0xFC, 0x06, 0x00, 0x07,
  0x00, 0x07, 0x00, 0x01, 0x80, 0x00, 0xC0, 0x00, 0x00, 0x01, 0xC0, 0x03,
  0xC0, 0x03, 0xC0, 0x02, 0xE0, 0x04, 0xE0, 0x04, 0xE0, 0x0C, 0xF0, 0x08,
  0x70, 0x08, 0x78, 0x1F, 0xF8, 0x10, 0x38, 0x10, 0x3C, 0x30, 0x3C, 0x20,
  0x1C, 0xF8, 0x7F, 0x00, 0x40, 0x00, 0xE0, 0x01, 0xC0, 0x03, 0x80, 0x06,
  0x00, 0x00, 0x00, 0x01, 0xC0, 0x03, 0xC0, 0x03, 0xC0, 0x02, 0xE0, 0x04,
  0xE0, 0x04, 0xE0, 0x0C, 0xF0, 0x08, 0x70, 0x08, 0x78, 0x1F, 0xF8, 0x10,
  0x38, 0x10, 0x3C, 0x30, 0x3C, 0x20, 0x1C, 0xF8, 0x7F, 0x01, 0x80, 0x03,
  0xC0, 0x06, 0x60, 0x0C, 0x30, 0x00, 0x00, 0x01, 0xC0, 0x03, 0xC0, 0x03,
  0xC0, 0x02, 0xE0, 0x04, 0xE0, 0x04, 0xE0, 0x0C, 0xF0, 0x08, 0x70, 0x08,
  0x78, 0x1F, 0xF8, 0x10, 0x38, 0x10, 0x3C, 0x30, 0x3C, 0x20, 0x1C, 0xF8,
  0x7F, 0x07, 0x10, 0x0F, 0xF0, 0x08, 0xE0, 0x00, 0x00, 0x00, 0x00, 0x01,
  0xC0, 0x03, 0xC0, 0x03, 0xC0, 0x02, 0xE0, 0x04, 0xE0, 0x04, 0xE0, 0x0C,
  0xF0, 0x08, 0x70, 0x08, 0x78, 0x1F, 0xF8, 0x10, 0x38, 0x10, 0x3C, 0x30,
  0x3C, 0x20, 0x1C, 0xF8, 0x7F, 0x0E, 0x70, 0x0E, 0x70, 0x0E, 0x70, 0x04,
  0x20, 0x00, 0x00, 0x01, 0xC0, 0x03, 0xC0, 0x03, 0xC0, 0x02, 0xE0, 0x04,
  0xE0, 0x04, 0xE0, 0x0C, 0xF0, 0x08, 0x70, 0x08, 0x78, 0x1F, 0xF8, 0x10,
  0x38, 0x10, 0x3C, 0x30, 0x3C, 0x20, 0x1C, 0xF8, 0x7F, 0x01, 0x80, 0x07,
  0xE0, 0x06, 0x60, 0x06, 0x20, 0x06, 0x60, 0x03, 0xC0, 0x01, 0xC0, 0x03,
  0xC0, 0x03, 0xC0, 0x02, 0xE0, 0x04, 0xE0, 0x04, 0xE0, 0x0C, 0xF0, 0x08,
  0x70, 0x08, 0x78, 0x1F, 0xF8, 0x10, 0x38, 0x10, 0x3C, 0x30, 0x3C, 0x20,
  0x1C, 0xF8, 0x7F, 0x03, 0xFF, 0xFC, 0x00, 0x9C, 0x18, 0x03, 0x38, 0x10,
  0x04, 0x70, 0x30, 0x18, 0xE0, 0x00, 0x21, 0xC2, 0x00, 0xC3, 0x8C, 0x01,
  0x07, 0xF8, 0x07, 0xFE, 0x10, 0x08, 0x1C, 0x20, 0x30, 0x38, 0x00, 0x40,
  0x70, 0x11, 0x80, 0xE0, 0x26, 0x01, 0xC0, 0xFF, 0x0F, 0xFF, 0x80, 0x0F,
  0xF0, 0xE1, 0xCE, 0x06, 0xE0, 0x3F, 0x00, 0x78, 0x03, 0xC0, 0x1E, 0x00,
  0xF0, 0x07, 0x80, 0x3C, 0x02, 0xF0, 0x17, 0x81, 0x9E, 0x0C, 0x3F, 0xC0,
  0x20, 0x03, 0xC0, 0x06, 0x00, 0x30, 0x0F, 0x80, 0x0C, 0x00, 0x38, 0x00,
  0xE0, 0x00, 0xC0, 0x01, 0x80, 0x00, 0x0F, 0xFF, 0x8F, 0x06, 0x3C, 0x18,
  0xF0, 0x23, 0xC0, 0x0F, 0x10, 0x3C, 0x40, 0xFF, 0x03, 0xC4, 0x0F, 0x10,
  0x3C, 0x00, 0xF0, 0x33, 0xC0, 0xCF, 0x07, 0xFF, 0xF8, 0x00, 0x40, 0x03,
  0x80, 0x1C, 0x00, 0xE0, 0x06, 0x00, 0x00, 0x0F, 0xFF, 0x8F, 0x06, 0x3C,
  0x18, 0xF0, 0x23, 0xC0, 0x0F, 0x10, 0x3C, 0x40, 0xFF, 0x03, 0xC4, 0x0F,
  0x10, 0x3C, 0x00, 0xF0, 0x33, 0xC0, 0xCF, 0x07, 0xFF, 0xF8, 0x03, 0x00,
  0x1E, 0x00, 0xCC, 0x06, 0x18, 0x00, 0x03, 0xFF, 0xE3, 0xC1, 0x8F, 0x06,
  0x3C, 0x08, 0xF0, 0x03, 0xC4, 0x0F, 0x10, 0x3F, 0xC0, 0xF1, 0x03, 0xC4,
  0x0F, 0x00, 0x3C, 0x0C, 0xF0, 0x33, 0xC1, 0xFF, 0xFE, 0x1C, 0xE0, 0x73,
  0x81, 0xCE, 0x02, 0x10, 0x00, 0x03, 0xFF, 0xE3, 0xC1, 0x8F, 0x06, 0x3C,
  0x08, 0xF0, 0x03, 0xC4, 0x0F, 0x10, 0x3F, 0xC0, 0xF1, 0x03, 0xC4, 0x0F,
  0x00, 0x3C, 0x0C, 0xF0, 0x33, 0xC1, 0xFF, 0xFE, 0x60, 0x70, 0x70, 0x18,
  0x0C, 0x00, 0xFE, 0x3C, 0x3C, 0x3C, 0x3C, 0x3C, 0x3C, 0x3C, 0x3C, 0x3C,
  0x3C, 0x3C, 0x3C, 0x3C, 0xFF, 0x04, 0x0E, 0x1C, 0x38, 0x60, 0x00, 0xFE,
  0x3C, 0x3C, 0x3C, 0x3C, 0x3C, 0x3C, 0x3C, 0x3C, 0x3C, 0x3C, 0x3C, 0x3C,
  0x3C, 0xFF, 0x18, 0x3C, 0x66, 0xC3, 0x00, 0xFE, 0x3C, 0x3C, 0x3C, 0x3C,
  0x3C, 0x3C, 0x3C, 0x3C, 0x3C, 0x3C, 0x3C, 0x3C, 0x3C, 0xFF, 0xE7, 0xE7,
  0xE7, 0x42, 0x00, 0xFE, 0x3C, 0x3C, 0x3C, 0x3C, 0x3C, 0x3C, 0x3C, 0x3C,
  0x3C, 0x3C, 0x3C, 0x3C, 0x3C, 0xFF, 0xFF, 0xE0, 0x38, 0x38, 0x38, 0x1C,
  0x38, 0x1E, 0x38, 0x0E, 0x38, 0x0F, 0x38, 0x0F, 0xFF, 0x8F, 0x38, 0x0F,
  0x38, 0x0F, 0x38, 0x0E, 0x38, 0x1E, 0x38, 0x1C, 0x38, 0x38, 0xFF, 0xE0,
  0x03, 0x88, 0x01, 0xFE, 0x00, 0x47, 0x00, 0x00, 0x00, 0x00, 0x00, 0x3F,
  0x03, 0xF3, 0xE0, 0x30, 0x7C, 0x04, 0x1F, 0x81, 0x05, 0xF0, 0x41, 0x3E,
  0x10, 0x47, 0x84, 0x10, 0xF1, 0x04, 0x1E, 0x41, 0x07, 0xD0, 0x40, 0xFC,
  0x10, 0x1F, 0x04, 0x03, 0xC1, 0x00, 0x71, 0xF8, 0x0C, 0x06, 0x00, 0x07,
  0x00, 0x07, 0x00, 0x01, 0x80, 0x00, 0xC0, 0x00, 0x00, 0x0F, 0xE0, 0x1C,
  0x38, 0x38, 0x1C, 0x78, 0x1E, 0x70, 0x1E, 0xF0, 0x0E, 0xF0, 0x0F, 0xF0,
  0x0F, 0xF0, 0x0F, 0xF0, 0x0E, 0x70, 0x1E, 0x78, 0x1E, 0x38, 0x1C, 0x1C,
  0x38, 0x0F, 0xF0, 0x00, 0x40, 0x00, 0xE0, 0x01, 0xC0, 0x03, 0x80, 0x06,
  0x00, 0x00, 0x00, 0x0F, 0xE0, 0x1C, 0x38, 0x38, 0x1C, 0x78, 0x1E, 0x70,
  0x1E, 0xF0, 0x0E, 0xF0, 0x0F, 0xF0, 0x0F, 0xF0, 0x0F, 0xF0, 0x0E, 0x70,
  0x1E, 0x78, 0x1E, 0x38, 0x1C, 0x1C, 0x38, 0x0F, 0xF0, 0x01, 0x80, 0x03,
  0xC0, 0x06, 0x60, 0x0C, 0x30, 0x00, 0x00, 0x0F, 0xE0, 0x1C, 0x38, 0x38,
  0x1C, 0x78, 0x1E, 0x70, 0x1E, 0xF0, 0x0E, 0xF0, 0x0F, 0xF0, 0x0F, 0xF0,
  0x0F, 0xF0, 0x0E, 0x70, 0x1E, 0x78, 0x1E, 0x38, 0x1C, 0x1C, 0x38, 0x0F,
  0xF0, 0x07, 0x10, 0x0F, 0xF0, 0x08, 0xE0, 0x00, 0x00, 0x00, 0x00, 0x0F,
  0xE0, 0x1C, 0x38, 0x38, 0x1C, 0x78, 0x1E, 0x70, 0x1E, 0xF0, 0x0E, 0xF0,
  0x0F, 0xF0, 0x0F, 0xF0, 0x0F, 0xF0, 0x0E, 0x70, 0x1E, 0x78, 0x1E, 0x38,
  0x1C, 0x1C, 0x38, 0x0F, 0xF0, 0x0E, 0x70, 0x0E, 0x70, 0x0E, 0x70, 0x04,
  0x20, 0x00, 0x00, 0x0F, 0xE0, 0x1C, 0x38, 0x38, 0x1C, 0x78, 0x1E, 0x70,
  0x1E, 0xF0, 0x0E, 0xF0, 0x0F, 0xF0, 0x0F, 0xF0, 0x0F, 0xF0, 0x0E, 0x70,
  0x1E, 0x78, 0x1E, 0x38, 0x1C, 0x1C, 0x38, 0x0F, 0xF0, 0x80, 0xE0, 0xD8,
  0xC6, 0xC1, 0xC0, 0xE0, 0xD8, 0xC6, 0xC1, 0xC0, 0x40, 0x00, 0x0C, 0x00,
  0x08, 0x0F, 0xF8, 0x1C, 0x38, 0x38, 0x3C, 0x78, 0x3E, 0x70, 0x5E, 0xF0,
  0x4E, 0xF0, 0x8F, 0xF1, 0x8F, 0xF1, 0x0F, 0xF2, 0x0E, 0x72, 0x1E, 0x7C,
  0x1E, 0x3C, 0x1C, 0x1C, 0x38, 0x1F, 0xF0, 0x10, 0x00, 0x20, 0x00, 0x06,
  0x00, 0x07, 0x00, 0x07, 0x00, 0x01, 0x80, 0x00, 0xC0, 0x00, 0x00, 0xFE,
  0x1F, 0x78, 0x04, 0x38, 0x04, 0x38, 0x04, 0x38, 0x04, 0x38, 0x04, 0x38,
  0x04, 0x38, 0x04, 0x38, 0x04, 0x38, 0x04, 0x38, 0x04, 0x38, 0x04, 0x3C,
  0x0C, 0x1C, 0x18, 0x0F, 0xF0, 0x00, 0x20, 0x00, 0x70, 0x00, 0xE0, 0x01,
  0xC0, 0x03, 0x00, 0x00, 0x00, 0xFE, 0x1F, 0x78, 0x04, 0x38, 0x04, 0x38,
  0x04, 0x38, 0x04, 0x38, 0x04, 0x38, 0x04, 0x38, 0x04, 0x38, 0x04, 0x38,
  0x04, 0x38, 0x04, 0x38, 0x04, 0x3C, 0x0C, 0x1C, 0x18, 0x0F, 0xF0, 0x00,
  0xC0, 0x01, 0xE0, 0x03, 0x30, 0x06, 0x18, 0x00, 0x00, 0xFE, 0x1F, 0x78,
  0x04, 0x38, 0x04, 0x38, 0x04, 0x38, 0x04, 0x38, 0x04, 0x38, 0x04, 0x38,
  0x04, 0x38, 0x04, 0x38, 0x04, 0x38, 0x04, 0x38, 0x04, 0x3C, 0x0C, 0x1C,
  0x18, 0x0F, 0xF0, 0x07, 0x38, 0x07, 0x38, 0x07, 0x38, 0x02, 0x10, 0x00,
  0x00, 0xFE, 0x1F, 0x78, 0x04, 0x38, 0x04, 0x38, 0x04, 0x38, 0x04, 0x38,
  0x04, 0x38, 0x04, 0x38, 0x04, 0x38, 0x04, 0x38, 0x04, 0x38, 0x04, 0x38,
  0x04, 0x3C, 0x0C, 0x1C, 0x18, 0x0F, 0xF0, 0x00, 0x20, 0x00, 0x70, 0x00,
  0xE0, 0x01, 0xC0, 0x03, 0x00, 0x00, 0x00, 0xFF, 0x1F, 0x7C, 0x04, 0x3C,
  0x0C, 0x1E, 0x08, 0x1E, 0x18, 0x0F, 0x10, 0x07, 0x30, 0x07, 0xA0, 0x03,
  0xC0, 0x03, 0xC0, 0x03, 0xC0, 0x03, 0xC0, 0x03, 0xC0, 0x03, 0xC0, 0x0F,
  0xF0, 0xFE, 0x00, 0xF0, 0x03, 0x80, 0x0F, 0xF8, 0x38, 0x78, 0xE1, 0xE3,
  0x83, 0xCE, 0x0F, 0x38, 0x38, 0xE1, 0xE3, 0x8F, 0x0F, 0xF0, 0x38, 0x00,
  0xF0, 0x0F, 0xE0, 0x00, 0x0F, 0xE0, 0x61, 0xC3, 0x87, 0x0E, 0x1C, 0x78,
  0xC1, 0xE6, 0x07, 0x98, 0x1E, 0x70, 0x79, 0xF1, 0xE3, 0xE7, 0x87, 0xDE,
  0x0F, 0x78, 0x3D, 0xEC, 0xE7, 0xB3, 0xBE, 0xF8, 0x20, 0x03, 0x00, 0x38,
  0x01, 0xC0, 0x06, 0x00, 0x00, 0x0E, 0x07, 0x38, 0x61, 0xC6, 0x1C, 0x01,
  0xC1, 0xFC, 0x71, 0xCF, 0x1C, 0xF1, 0xCF, 0x3C, 0x7D, 0xF0, 0x03, 0x00,
  0x30, 0x07, 0x00, 0xC0, 0x18, 0x00, 0x00, 0x0E, 0x07, 0x38, 0x61, 0xC6,
  0x1C, 0x01, 0xC1, 0xFC, 0x71, 0xCF, 0x1C, 0xF1, 0xCF, 0x3C, 0x7D, 0xF0,
  0x0E, 0x01, 0xE0, 0x3B, 0x06, 0x18, 0x00, 0x00, 0xE0, 0x73, 0x86, 0x1C,
  0x61, 0xC0, 0x1C, 0x1F, 0xC7, 0x1C, 0xF1, 0xCF, 0x1C, 0xF3, 0xC7, 0xDF,
  0x39, 0x03, 0xF8, 0x47, 0x00, 0x00, 0x0E, 0x07, 0x38, 0x61, 0xC6, 0x1C,
  0x01, 0xC1, 0xFC, 0x71, 0xCF, 0x1C, 0xF1, 0xCF, 0x3C, 0x7D, 0xF0, 0x73,
  0x87, 0x38, 0x73, 0x87, 0x38, 0x00, 0x00, 0xE0, 0x73, 0x86, 0x1C, 0x61,
  0xC0, 0x1C, 0x1F, 0xC7, 0x1C, 0xF1, 0xCF, 0x1C, 0xF3, 0xC7, 0xDF, 0x0C,
  0x03, 0xF0, 0x33, 0x03, 0x10, 0x33, 0x01, 0xE0, 0x00, 0x00, 0xE0, 0x73,
  0x86, 0x1C, 0x61, 0xC0, 0x1C, 0x1F, 0xC7, 0x1C, 0xF1, 0xCF, 0x1C, 0xF3,
  0xC7, 0xDF, 0x0E, 0x38, 0x39, 0xF7, 0x18, 0x71, 0xCC, 0x38, 0xF0, 0x1C,
  0x78, 0xFF, 0xFD, 0xC7, 0x01, 0xE3, 0x80, 0xF1, 0xC0, 0x79, 0xF0, 0x9F,
  0x3F, 0x80, 0x0E, 0x0E, 0xE7, 0x1F, 0xC7, 0xE0, 0xB8, 0x0E, 0x03, 0xC0,
  0xF0, 0x1E, 0x33, 0xF0, 0x20, 0x1E, 0x01, 0x80, 0x60, 0xF8, 0x20, 0x06,
  0x00, 0xE0, 0x0E, 0x00, 0x60, 0x00, 0x03, 0x81, 0xDC, 0x71, 0xDE, 0x3B,
  0x87, 0xFF, 0xFE, 0x01, 0xE0, 0x3C, 0x03, 0xC6, 0x3F, 0x80, 0x01, 0x80,
  0x30, 0x0E, 0x03, 0x00, 0xC0, 0x00, 0x03, 0x81, 0xDC, 0x71, 0xDE, 0x3B,
  0x87, 0xFF, 0xFE, 0x01, 0xE0, 0x3C, 0x03, 0xC6, 0x3F, 0x80, 0x0E, 0x03,
  0xC0, 0xEC, 0x30, 0xC0, 0x00, 0x1C, 0x0E, 0xE3, 0x8E, 0xF1, 0xDC, 0x3F,
  0xFF, 0xF0, 0x0F, 0x01, 0xE0, 0x1E, 0x31, 0xFC, 0x39, 0xC7, 0x38, 0xE7,
  0x1C, 0xE0, 0x00, 0x1C, 0x0E, 0xE3, 0x8E, 0xF1, 0xDC, 0x3F, 0xFF, 0xF0,
  0x0F, 0x01, 0xE0, 0x1E, 0x31, 0xFC, 0x40, 0xC1, 0xC1, 0xC0, 0xC0, 0x00,
  0x7E, 0x3C, 0x78, 0xF1, 0xE3, 0xC7, 0x8F, 0x1E, 0x7E, 0x06, 0x0C, 0x38,
  0xC3, 0x00, 0x00, 0x7E, 0x3C, 0x78, 0xF1, 0xE3, 0xC7, 0x8F, 0x1E, 0x7E,
  0x1C, 0x3C, 0x76, 0xC3, 0x00, 0x00, 0xFC, 0x3C, 0x3C, 0x3C, 0x3C, 0x3C,
  0x3C, 0x3C, 0x3C, 0x7E, 0xE7, 0xE7, 0xE7, 0xE7, 0x00, 0x00, 0xFC, 0x3C,
  0x3C, 0x3C, 0x3C, 0x3C, 0x3C, 0x3C, 0x3C, 0x7E, 0x31, 0x81, 0xE0, 0x0F,
  0x01, 0xB8, 0x11, 0xC0, 0x1E, 0x00, 0xE3, 0xFE, 0x78, 0xFF, 0x0F, 0xF0,
  0xFF, 0x0F, 0xE0, 0xFF, 0x0E, 0xF0, 0xE7, 0x1C, 0x3F, 0x80, 0x07, 0x20,
  0x0F, 0xE0, 0x23, 0x80, 0x00, 0x00, 0x0E, 0x1F, 0x7F, 0x0F, 0x1E, 0x1E,
  0x1C, 0x3C, 0x38, 0x78, 0x70, 0xF0, 0xE1, 0xE1, 0xC3, 0xC3, 0x87, 0x87,
  0x1F, 0xBF, 0x80, 0x10, 0x01, 0x80, 0x1C, 0x00, 0xE0, 0x03, 0x00, 0x00,
  0x0F, 0x03, 0x9C, 0x70, 0xEF, 0x0F, 0xF0, 0xFF, 0x0F, 0xF0, 0xFF, 0x0F,
  0xF0, 0xE7, 0x0E, 0x3F, 0x80, 0x01, 0x80, 0x18, 0x03, 0x80, 0x60, 0x0C,
  0x00, 0x00, 0x0F, 0x03, 0x9C, 0x70, 0xEF, 0x0F, 0xF0, 0xFF, 0x0F, 0xF0,
  0xFF, 0x0F, 0xF0, 0xE7, 0x0E, 0x3F, 0x80, 0x07, 0x00, 0xF0, 0x1D, 0x83,
  0x0C, 0x00, 0x00, 0xF0, 0x39, 0xC7, 0x0E, 0xF0, 0xFF, 0x0F, 0xF0, 0xFF,
  0x0F, 0xF0, 0xFF, 0x0E, 0x70, 0xE3, 0xF8, 0x1C, 0x81, 0xFC, 0x23, 0x80,
  0x00, 0x0F, 0x03, 0x9C, 0x70, 0xEF, 0x0F, 0xF0, 0xFF, 0x0F, 0xF0, 0xFF,
  0x0F, 0xF0, 0xE7, 0x0E, 0x3F, 0x80, 0x39, 0xC3, 0x9C, 0x39, 0xC3, 0x9C,
  0x00, 0x00, 0xF0, 0x39, 0xC7, 0x0E, 0xF0, 0xFF, 0x0F, 0xF0, 0xFF, 0x0F,
  0xF0, 0xFF, 0x0E, 0x70, 0xE3, 0xF8, 0x0E, 0x01, 0xE0, 0x3C, 0x07, 0x00,
  0x01, 0xFF, 0xFF, 0xF8, 0x00, 0x0E, 0x01, 0xE0, 0x3C, 0x07, 0x00, 0x00,
  0xC0, 0xF8, 0x39, 0xC7, 0x1E, 0xF3, 0xFF, 0x2F, 0xF6, 0xFF, 0x4F, 0xFC,
  0xFF, 0x8E, 0x78, 0xE3, 0xF8, 0x30, 0x02, 0x00, 0x08, 0x00, 0x30, 0x00,
  0xE0, 0x01, 0xC0, 0x01, 0x80, 0x00, 0x00, 0x10, 0x3E, 0x3E, 0x38, 0x78,
  0xE1, 0xE3, 0x87, 0x8E, 0x1E, 0x38, 0x78, 0xE1, 0xE3, 0x87, 0x8F, 0x3E,
  0x1F, 0x3C, 0x00, 0xC0, 0x03, 0x00, 0x1C, 0x00, 0xC0, 0x06, 0x00, 0x00,
  0x00, 0x10, 0x3E, 0x3E, 0x38, 0x78, 0xE1, 0xE3, 0x87, 0x8E, 0x1E, 0x38,
  0x78, 0xE1, 0xE3, 0x87, 0x8F, 0x3E, 0x1F, 0x3C, 0x03, 0x80, 0x1E, 0x00,
  0xEC, 0x06, 0x18, 0x00, 0x00, 0x04, 0x0F, 0x8F, 0x8E, 0x1E, 0x38, 0x78,
  0xE1, 0xE3, 0x87, 0x8E, 0x1E, 0x38, 0x78, 0xE1, 0xE3, 0xCF, 0x87, 0xCF,
  0x1C, 0xE0, 0x73, 0x81, 0xCE, 0x07, 0x38, 0x00, 0x00, 0x04, 0x0F, 0x8F,
  0x8E, 0x1E, 0x38, 0x78, 0xE1, 0xE3, 0x87, 0x8E, 0x1E, 0x38, 0x78, 0xE1,
  0xE3, 0xCF, 0x87, 0xCF, 0x00, 0xC0, 0x0C, 0x01, 0xC0, 0x30, 0x06, 0x00,
  0x00, 0x00, 0x8F, 0xC7, 0x78, 0x63, 0xC4, 0x3C, 0x41, 0xCC, 0x1E, 0x80,
  0xE8, 0x0F, 0x00, 0x70, 0x06, 0x00, 0x20, 0x06, 0x06, 0xC0, 0x78, 0x03,
  0x00, 0xF8, 0x03, 0xC0, 0x1E, 0x00, 0xF0, 0x07, 0x80, 0x3C, 0xE1, 0xFF,
  0x8F, 0x1E, 0x78, 0x7B, 0xC3, 0xDE, 0x1E, 0xF0, 0xF7, 0x87, 0xBC, 0x39,
  0xE3, 0xCF, 0xFC, 0x78, 0x03, 0xC0, 0x1E, 0x00, 0xF0, 0x0F, 0xE0, 0x00,
  0x1C, 0xE1, 0xCE, 0x1C, 0xE1, 0xCE, 0x00, 0x00, 0x08, 0xFC, 0x77, 0x86,
  0x3C, 0x43, 0xC4, 0x1C, 0xC1, 0xE8, 0x0E, 0x80, 0xF0, 0x07, 0x00, 0x60,
  0x02, 0x00, 0x60, 0x6C, 0x07, 0x80, 0x30, 0x00 };

const GFXglyph Gelasio_Bold11pt8bGlyphs[] PROGMEM = {
  {     0,   1,   1,   5,    0,    0 },   // 0x20 ' '
  {     1,   4,  16,   8,    2,  -15 },   // 0x21 '!'
  {     9,   8,   8,  11,    2,  -17 },   // 0x22 '"'
  {    17,  12,  15,  15,    2,  -14 },   // 0x23 '#'
  {    40,  12,  19,  14,    1,  -15 },   // 0x24 '$'
  {    69,  17,  15,  19,    1,  -14 },   // 0x25 '%'
  {   101,  17,  15,  17,    0,  -14 },   // 0x26 '&'
  {   133,   3,   8,   6,    2,  -17 },   // 0x27 '''
  {   136,   8,  20,  10,    1,  -15 },   // 0x28 '('
  {   156,   8,  20,  10,    1,  -15 },   // 0x29 ')'
  {   176,  10,  10,  10,    0,  -15 },   // 0x2A '*'
  {   189,  11,  10,  15,    2,  -10 },   // 0x2B '+'
  {   203,   4,   8,   7,    2,   -3 },   // 0x2C ','
  {   207,   6,   2,   8,    1,   -6 },   // 0x2D '-'
  {   209,   5,   4,   7,    1,   -3 },   // 0x2E '.'
  {   212,   8,  22,  10,    1,  -16 },   // 0x2F '/'
  {   234,  13,  13,  15,    1,  -12 },   // 0x30 '0'
  {   256,   8,  13,  11,    1,  -12 },   // 0x31 '1'
  {   269,  11,  13,  14,    1,  -12 },   // 0x32 '2'
  {   287,  12,  17,  13,    1,  -12 },   // 0x33 '3'
  {   313,  12,  16,  14,    1,  -12 },   // 0x34 '4'
  {   337,  11,  17,  13,    1,  -12 },   // 0x35 '5'
  {   361,  12,  16,  14,    1,  -15 },   // 0x36 '6'
  {   385,  11,  17,  12,    1,  -12 },   // 0x37 '7'
  {   409,  12,  15,  15,    1,  -14 },   // 0x38 '8'
  {   432,  12,  17,  14,    1,  -12 },   // 0x39 '9'
  {   458,   5,  11,   8,    1,  -10 },   // 0x3A ':'
  {   465,   5,  15,   8,    1,  -10 },   // 0x3B ';'
  {   475,  11,  12,  15,    2,  -11 },   // 0x3C '<'
  {   492,  10,   6,  15,    3,   -8 },   // 0x3D '='
  {   500,  11,  12,  15,    2,  -11 },   // 0x3E '>'
  {   517,  10,  16,  12,    1,  -15 },   // 0x3F '?'
  {   537,  17,  19,  21,    2,  -14 },   // 0x40 '@'
  {   578,  16,  15,  16,    0,  -14 },   // 0x41 'A'
  {   608,  15,  15,  16,    1,  -14 },   // 0x42 'B'
  {   637,  13,  15,  15,    1,  -14 },   // 0x43 'C'
  {   662,  16,  15,  18,    1,  -14 },   // 0x44 'D'
  {   692,  14,  15,  16,    1,  -14 },   // 0x45 'E'
  {   719,  13,  15,  14,    1,  -14 },   // 0x46 'F'
  {   744,  16,  15,  17,    1,  -14 },   // 0x47 'G'
  {   774,  18,  15,  20,    1,  -14 },   // 0x48 'H'
  {   808,   8,  15,  10,    1,  -14 },   // 0x49 'I'
  {   823,  12,  15,  13,    0,  -14 },   // 0x4A 'J'
  {   846,  16,  15,  18,    1,  -14 },   // 0x4B 'K'
  {   876,  13,  15,  15,    1,  -14 },   // 0x4C 'L'
  {   901,  20,  15,  22,    1,  -14 },   // 0x4D 'M'
  {   939,  18,  15,  18,    0,  -14 },   // 0x4E 'N'
  {   973,  16,  15,  18,    1,  -14 },   // 0x4F 'O'
  {  1003,  14,  15,  15,    1,  -14 },   // 0x50 'P'
  {  1030,  16,  19,  18,    1,  -14 },   // 0x51 'Q'
  {  1068,  15,  15,  17,    1,  -14 },   // 0x52 'R'
  {  1097,  12,  15,  14,    1,  -14 },   // 0x53 'S'
  {  1120,  14,  15,  15,    0,  -14 },   // 0x54 'T'
  {  1147,  16,  15,  18,    1,  -14 },   // 0x55 'U'
  {  1177,  17,  15,  16,    0,  -14 },   // 0x56 'V'
  {  1209,  25,  15,  24,    0,  -14 },   // 0x57 'W'
  {  1256,  17,  15,  17,    0,  -14 },   // 0x58 'X'
  {  1288,  16,  15,  16,    0,  -14 },   // 0x59 'Y'
  {  1318,  13,  15,  15,    1,  -14 },   // 0x5A 'Z'
  {  1343,   6,  19,  10,    2,  -15 },   // 0x5B '['
  {  1358,   8,  22,  10,    0,  -15 },   // 0x5C '\'
  {  1380,   6,  19,  10,    2,  -15 },   // 0x5D ']'
  {  1395,  11,  12,  15,    2,  -14 },   // 0x5E '^'
  {  1412,  15,   1,  15,    0,    3 },   // 0x5F '_'
  {  1414,   5,   5,  11,    2,  -16 },   // 0x60 '`'
  {  1418,  12,  11,  13,    1,  -10 },   // 0x61 'a'
  {  1435,  13,  16,  14,    0,  -15 },   // 0x62 'b'
  {  1461,  10,  11,  11,    1,  -10 },   // 0x63 'c'
  {  1475,  13,  16,  14,    1,  -15 },   // 0x64 'd'
  {  1501,  11,  11,  12,    1,  -10 },   // 0x65 'e'
  {  1517,   8,  16,   8,    1,  -15 },   // 0x66 'f'
  {  1533,  13,  16,  12,    0,  -10 },   // 0x67 'g'
  {  1559,  15,  16,  15,    0,  -15 },   // 0x68 'h'
  {  1589,   7,  16,   8,    0,  -15 },   // 0x69 'i'
  {  1603,   8,  21,   7,   -2,  -15 },   // 0x6A 'j'
  {  1624,  14,  16,  14,    0,  -15 },   // 0x6B 'k'
  {  1652,   7,  16,   7,    0,  -15 },   // 0x6C 'l'
  {  1666,  22,  11,  22,    0,  -10 },   // 0x6D 'm'
  {  1697,  15,  11,  15,    0,  -10 },   // 0x6E 'n'
  {  1718,  12,  11,  14,    1,  -10 },   // 0x6F 'o'
  {  1735,  13,  15,  14,    0,  -10 },   // 0x70 'p'
  {  1760,  13,  16,  14,    1,  -10 },   // 0x71 'q'
  {  1786,  11,  11,  11,    0,  -10 },   // 0x72 'r'
  {  1802,   9,  11,  11,    1,  -10 },   // 0x73 's'
  {  1815,   8,  14,   9,    0,  -13 },   // 0x74 't'
  {  1829,  14,  10,  15,    0,   -9 },   // 0x75 'u'
  {  1847,  14,  10,  12,   -1,   -9 },   // 0x76 'v'
  {  1865,  19,  10,  19,    0,   -9 },   // 0x77 'w'
  {  1889,  13,  10,  13,    0,   -9 },   // 0x78 'x'
  {  1906,  12,  15,  12,    0,   -9 },   // 0x79 'y'
  {  1929,  11,  10,  11,    0,   -9 },   // 0x7A 'z'
  {  1943,   8,  19,  11,    1,  -15 },   // 0x7B '{'
  {  1962,   2,  20,   8,    3,  -15 },   // 0x7C '|'
  {  1967,   9,  19,  11,    1,  -15 },   // 0x7D '}'
  {  1989,   9,   4,  15,    3,   -7 },   // 0x7E '~'
  {  1994,   1,   1,  11,    0,    0 },   // 0x7F
  {  1995,  16,  16,  22,    3,  -15 },   // 0x80
  {  2027,  16,  16,  22,    3,  -15 },   // 0x81
  {  2059,  16,  16,  22,    3,  -15 },   // 0x82
  {  2091,  16,  16,  22,    3,  -15 },   // 0x83
  {  2123,  16,  16,  22,    3,  -15 },   // 0x84
  {  2155,  16,  16,  22,    3,  -15 },   // 0x85
  {  2187,  16,  16,  22,    3,  -15 },   // 0x86
  {  2219,  16,  16,  22,    3,  -15 },   // 0x87
  {  2251,  16,  16,  22,    3,  -15 },   // 0x88
  {  2283,  16,  16,  22,    3,  -15 },   // 0x89
  {  2315,  16,  16,  22,    3,  -15 },   // 0x8A
  {  2347,  16,  16,  22,    3,  -15 },   // 0x8B
  {  2379,  16,  16,  22,    3,  -15 },   // 0x8C
  {  2411,  16,  16,  22,    3,  -15 },   // 0x8D
  {  2443,  16,  16,  22,    3,  -15 },   // 0x8E
  {  2475,  16,  16,  22,    3,  -15 },   // 0x8F
  {  2507,  16,  16,  22,    3,  -15 },   // 0x90
  {  2539,  16,  16,  22,    3,  -15 },   // 0x91
  {  2571,  16,  16,  22,    3,  -15 },   // 0x92
  {  2603,  16,  16,  22,    3,  -15 },   // 0x93
  {  2635,  16,  16,  22,    3,  -15 },   // 0x94
  {  2667,  16,  16,  22,    3,  -15 },   // 0x95
  {  2699,  16,  16,  22,    3,  -15 },   // 0x96
  {  2731,  16,  16,  22,    3,  -15 },   // 0x97
  {  2763,  16,  16,  22,    3,  -15 },   // 0x98
  {  2795,  16,  16,  22,    3,  -15 },   // 0x99
  {  2827,  16,  16,  22,    3,  -15 },   // 0x9A
  {  2859,  16,  16,  22,    3,  -15 },   // 0x9B
  {  2891,  16,  16,  22,    3,  -15 },   // 0x9C
  {  2923,  16,  16,  22,    3,  -15 },   // 0x9D
  {  2955,  16,  16,  22,    3,  -15 },   // 0x9E
  {  2987,  16,  16,  22,    3,  -15 },   // 0x9F
  {  3019,   1,   1,   5,    0,    0 },   // 0xA0
  {  3020,   5,  16,   8,    1,  -14 },   // 0xA1
  {  3030,  11,  15,  13,    1,  -12 },   // 0xA2
  {  3051,  13,  15,  15,    1,  -14 },   // 0xA3
  {  3076,  10,  10,  15,    2,  -10 },   // 0xA4
  {  3089,  16,  15,  16,    0,  -14 },   // 0xA5
  {  3119,   2,  20,   8,    3,  -15 },   // 0xA6
  {  3124,  10,  20,  12,    1,  -14 },   // 0xA7
  {  3149,   8,   4,  11,    1,  -15 },   // 0xA8
  {  3153,  19,  19,  20,    1,  -15 },   // 0xA9
  {  3199,  10,   9,  12,    1,  -14 },   // 0xAA
  {  3211,  11,  10,  13,    1,  -10 },   // 0xAB
  {  3225,  11,   6,  15,    2,   -6 },   // 0xAC
  {  3234,  16,  16,  22,    3,  -15 },   // 0xAD
  {  3266,  19,  19,  20,    1,  -15 },   // 0xAE
  {  3312,   6,   2,  15,    0,  -14 },   // 0xAF
  {  3314,   7,   7,   9,    1,  -14 },   // 0xB0
  {  3321,  11,  11,  15,    2,  -10 },   // 0xB1
  {  3337,   9,  10,  12,    1,  -17 },   // 0xB2
  {  3349,   9,  10,  12,    1,  -17 },   // 0xB3
  {  3361,   5,   5,  11,    2,  -16 },   // 0xB4
  {  3365,  13,  15,  14,    1,   -9 },   // 0xB5
  {  3390,  12,  18,  12,    0,  -14 },   // 0xB6
  {  3417,   5,   4,   7,    1,   -9 },   // 0xB7
  {  3420,   5,   5,   6,    0,    1 },   // 0xB8
  {  3424,   9,  10,  12,    1,  -17 },   // 0xB9
  {  3436,  10,   9,  12,    1,  -14 },   // 0xBA
  {  3448,  10,  10,  13,    2,  -10 },   // 0xBB
  {  3461,  22,  15,  23,    1,  -14 },   // 0xBC
  {  3503,  22,  15,  23,    0,  -14 },   // 0xBD
  {  3545,  23,  15,  23,    0,  -14 },   // 0xBE
  {  3589,  10,  16,  12,    1,  -15 },   // 0xBF
  {  3609,  16,  21,  16,    0,  -20 },   // 0xC0
  {  3651,  16,  21,  16,    0,  -20 },   // 0xC1
  {  3693,  16,  20,  16,    0,  -19 },   // 0xC2
  {  3733,  16,  20,  16,    0,  -19 },   // 0xC3
  {  3773,  16,  20,  16,    0,  -19 },   // 0xC4
  {  3813,  16,  21,  16,    0,  -20 },   // 0xC5
  {  3855,  23,  15,  23,   -1,  -14 },   // 0xC6
  {  3899,  13,  20,  15,    1,  -14 },   // 0xC7
  {  3932,  14,  21,  16,    1,  -20 },   // 0xC8
  {  3969,  14,  21,  16,    1,  -20 },   // 0xC9
  {  4006,  14,  20,  16,    1,  -19 },   // 0xCA
  {  4041,  14,  20,  16,    1,  -19 },   // 0xCB
  {  4076,   8,  21,  10,    1,  -20 },   // 0xCC
  {  4097,   8,  21,  10,    1,  -20 },   // 0xCD
  {  4118,   8,  20,  10,    1,  -19 },   // 0xCE
  {  4138,   8,  20,  10,    1,  -19 },   // 0xCF
  {  4158,  16,  15,  18,    1,  -14 },   // 0xD0
  {  4188,  18,  20,  18,    0,  -19 },   // 0xD1
  {  4233,  16,  21,  18,    1,  -20 },   // 0xD2
  {  4275,  16,  21,  18,    1,  -20 },   // 0xD3
  {  4317,  16,  20,  18,    1,  -19 },   // 0xD4
  {  4357,  16,  20,  18,    1,  -19 },   // 0xD5
  {  4397,  16,  20,  18,    1,  -19 },   // 0xD6
  {  4437,   9,  10,  15,    3,  -10 },   // 0xD7
  {  4449,  16,  19,  18,    1,  -16 },   // 0xD8
  {  4487,  16,  21,  18,    1,  -20 },   // 0xD9
  {  4529,  16,  21,  18,    1,  -20 },   // 0xDA
  {  4571,  16,  20,  18,    1,  -19 },   // 0xDB
  {  4611,  16,  20,  18,    1,  -19 },   // 0xDC
  {  4651,  16,  21,  16,    0,  -20 },   // 0xDD
  {  4693,  14,  15,  15,    1,  -14 },   // 0xDE
  {  4720,  14,  16,  14,    0,  -15 },   // 0xDF
  {  4748,  12,  17,  13,    1,  -16 },   // 0xE0
  {  4774,  12,  17,  13,    1,  -16 },   // 0xE1
  {  4800,  12,  16,  13,    1,  -15 },   // 0xE2
  {  4824,  12,  15,  13,    1,  -14 },   // 0xE3
  {  4847,  12,  16,  13,    1,  -15 },   // 0xE4
  {  4871,  12,  18,  13,    1,  -17 },   // 0xE5
  {  4898,  17,  11,  18,    1,  -10 },   // 0xE6
  {  4922,  10,  16,  11,    1,  -10 },   // 0xE7
  {  4942,  11,  17,  12,    1,  -16 },   // 0xE8
  {  4966,  11,  17,  12,    1,  -16 },   // 0xE9
  {  4990,  11,  16,  12,    1,  -15 },   // 0xEA
  {  5012,  11,  16,  12,    1,  -15 },   // 0xEB
  {  5034,   7,  17,   8,    0,  -16 },   // 0xEC
  {  5049,   7,  17,   8,    0,  -16 },   // 0xED
  {  5064,   8,  16,   8,    0,  -15 },   // 0xEE
  {  5080,   8,  16,   8,    0,  -15 },   // 0xEF
  {  5096,  12,  17,  14,    1,  -16 },   // 0xF0
  {  5122,  15,  15,  15,    0,  -14 },   // 0xF1
  {  5151,  12,  17,  14,    1,  -16 },   // 0xF2
  {  5177,  12,  17,  14,    1,  -16 },   // 0xF3
  {  5203,  12,  16,  14,    1,  -15 },   // 0xF4
  {  5227,  12,  15,  14,    1,  -14 },   // 0xF5
  {  5250,  12,  16,  14,    1,  -15 },   // 0xF6
  {  5274,  11,  12,  15,    2,  -11 },   // 0xF7
  {  5291,  12,  14,  14,    1,  -11 },   // 0xF8
  {  5312,  14,  17,  15,    0,  -16 },   // 0xF9
  {  5342,  14,  17,  15,    0,  -16 },   // 0xFA
  {  5372,  14,  16,  15,    0,  -15 },   // 0xFB
  {  5400,  14,  16,  15,    0,  -15 },   // 0xFC
  {  5428,  12,  22,  12,    0,  -16 },   // 0xFD
  {  5461,  13,  21,  14,    0,  -15 },   // 0xFE
  {  5496,  12,  21,  12,    0,  -15 } }; // 0xFF

const GFXfont Gelasio_Bold11pt8b PROGMEM = {
  (uint8_t  *)Gelasio_Bold11pt8bBitmaps,
  (GFXglyph *)Gelasio_Bold11pt8bGlyphs,
  0x20, 0xFF, 27 };

// Approx. 7103 bytes

const uint8_t Gelasio_Bold12pt8bBitmaps[] PROGMEM = {
  0x00, 0x27, 0xBF, 0xFF, 0xF9, 0xCE, 0x63, 0x08, 0x40, 0x01, 0xDF, 0xFB,
  0x80, 0xE3, 0xF1, 0xF8, 0xF8, 0x6C, 0x36, 0x1A, 0x09, 0x04, 0x0C, 0x60,
  0x63, 0x03, 0x18, 0x10, 0xCF, 0xFF, 0xFF, 0xFC, 0x63, 0x03, 0x18, 0x10,
  0xC1, 0x84, 0x3F, 0xFC, 0x63, 0x03, 0x18, 0x10, 0xC0, 0x84, 0x0C, 0x20,
  0x02, 0x00, 0x10, 0x00, 0x80, 0x3B, 0xE3, 0x83, 0x38, 0x19, 0xE0, 0x4F,
  0x80, 0x7F, 0x01, 0xFE, 0x07, 0xF8, 0x0F, 0xE4, 0x1F, 0xE0, 0x3D, 0x01,
  0xEC, 0x07, 0x70, 0x72, 0xFF, 0x00, 0x80, 0x04, 0x00, 0x20, 0x00, 0x08,
  0x00, 0x0E, 0xE0, 0xC3, 0x8C, 0x30, 0x71, 0xC4, 0x0E, 0x39, 0x81, 0xC7,
  0x20, 0x38, 0xEC, 0x03, 0x3B, 0x00, 0x3C, 0x40, 0x00, 0x19, 0xF0, 0x06,
  0x67, 0x00, 0xDC, 0x60, 0x33, 0x8E, 0x04, 0x71, 0xC1, 0x8E, 0x30, 0x61,
  0xCE, 0x18, 0x1F, 0x80, 0x03, 0xC0, 0x03, 0x9C, 0x01, 0xC3, 0x00, 0x70,
  0xC0, 0x1C, 0x30, 0x07, 0x9C, 0x01, 0xFE, 0x00, 0x3E, 0x3F, 0x0F, 0xC3,
  0x0F, 0xF0, 0xC7, 0x9E, 0x31, 0xC3, 0xD8, 0xF0, 0x7C, 0x3E, 0x1F, 0x07,
  0x83, 0xE1, 0xFF, 0xFC, 0x1F, 0xCF, 0xC0, 0xFF, 0xED, 0xA4, 0x01, 0x07,
  0x1C, 0x38, 0x38, 0x78, 0x70, 0xF0, 0xF0, 0xF0, 0xF0, 0xF0, 0xF0, 0xF0,
  0xF0, 0x70, 0x70, 0x78, 0x38, 0x1C, 0x0E, 0x03, 0x80, 0xF0, 0x38, 0x1C,
  0x1E, 0x0E, 0x0F, 0x0F, 0x0F, 0x0F, 0x0F, 0x0F, 0x0F, 0x0F, 0x0F, 0x0F,
  0x0E, 0x0E, 0x1C, 0x38, 0x70, 0xC0, 0x04, 0x01, 0xC0, 0x38, 0x23, 0x2F,
  0x4E, 0xFF, 0xC1, 0x80, 0x58, 0x3B, 0x87, 0x30, 0xC6, 0x00, 0x0C, 0x01,
  0x80, 0x30, 0x06, 0x00, 0xC1, 0xFF, 0xC3, 0x00, 0x60, 0x0C, 0x01, 0x80,
  0x30, 0x00, 0x6F, 0xFF, 0x33, 0x64, 0xFF, 0xFC, 0xEF, 0xFE, 0x01, 0x81,
  0x80, 0xC0, 0x60, 0x20, 0x30, 0x18, 0x0C, 0x0C, 0x06, 0x03, 0x01, 0x01,
  0x80, 0xC0, 0x60, 0x60, 0x30, 0x18, 0x08, 0x0C, 0x06, 0x03, 0x03, 0x00,
  0x07, 0x80, 0x73, 0xC3, 0x87, 0x9E, 0x0E, 0x70, 0x3F, 0xC0, 0xFF, 0x03,
  0xFC, 0x0F, 0xF0, 0x3F, 0xC0, 0xF7, 0x03, 0xDE, 0x0E, 0x38, 0x70, 0x7F,
  0x80, 0x0E, 0x0F, 0x3F, 0x8B, 0xC1, 0xE0, 0xF0, 0x78, 0x3C, 0x1E, 0x0F,
  0x07, 0x83, 0xC1, 0xE7, 0xFC, 0x0F, 0x81, 0xCF, 0x1C, 0x3D, 0xE1, 0xEE,
  0x0F, 0x20, 0x78, 0x03, 0x80, 0x3C, 0x03, 0x80, 0x38, 0x03, 0x00, 0x7F,
  0xF7, 0xFF, 0x7F, 0xF8, 0x0F, 0x83, 0xDE, 0x3C, 0x79, 0xC1, 0xEE, 0x0F,
  0x00, 0x78, 0x03, 0x80, 0x38, 0x0F, 0x80, 0x3F, 0x00, 0x3C, 0x01, 0xE0,
  0x0F, 0xF0, 0x3F, 0x83, 0xFC, 0x1E, 0xE1, 0xE3, 0xFE, 0x01, 0x00, 0x03,
  0x00, 0x0F, 0x00, 0x7C, 0x01, 0xE0, 0x0F, 0x00, 0x38, 0x01, 0xE0, 0x07,
  0x00, 0x38, 0xE0, 0xC3, 0x87, 0x0E, 0x18, 0x38, 0xFF, 0xFF, 0xFF, 0xE0,
  0x0E, 0x00, 0x38, 0x00, 0xE0, 0x03, 0x80, 0x3F, 0xF3, 0xFF, 0x3F, 0xE7,
  0xFE, 0x60, 0x06, 0x00, 0x60, 0x06, 0xF8, 0x7B, 0xE4, 0x1F, 0x00, 0xF0,
  0x0F, 0x00, 0xFE, 0x0F, 0xE0, 0xFC, 0x0E, 0xE1, 0xE7, 0xF8, 0x04, 0x00,
  0x00, 0xC0, 0x1C, 0x03, 0x80, 0x38, 0x03, 0xC0, 0x1C, 0x01, 0xE0, 0x0E,
  0xFC, 0xFD, 0xF7, 0x87, 0xFC, 0x1F, 0xE0, 0xFF, 0x07, 0xF8, 0x3D, 0xC1,
  0xEF, 0x0E, 0x38, 0xE0, 0xFE, 0x00, 0xFF, 0xFF, 0xFE, 0xFF, 0xEF, 0xFE,
  0xC0, 0x48, 0x0C, 0x00, 0xC0, 0x18, 0x01, 0x80, 0x38, 0x03, 0x00, 0x70,
  0x06, 0x00, 0x60, 0x0E, 0x00, 0xC0, 0x1C, 0x01, 0xC0, 0x03, 0x80, 0x7F,
  0x83, 0x87, 0x1C, 0x1E, 0x70, 0x79, 0xE1, 0xC3, 0xE7, 0x0F, 0xF0, 0x0F,
  0xE0, 0xFF, 0xC7, 0x1F, 0xBC, 0x1E, 0xF0, 0x3F, 0xC0, 0xF7, 0x03, 0x9E,
  0x1C, 0x1F, 0xE0, 0x0F, 0x81, 0xE7, 0x1E, 0x3C, 0xE0, 0xEF, 0x07, 0xF8,
  0x3F, 0xC1, 0xFE, 0x0F, 0xF8, 0x7B, 0xC3, 0xCF, 0xFE, 0x08, 0xE0, 0x0F,
  0x00, 0x70, 0x07, 0x80, 0x38, 0x07, 0x00, 0xE0, 0x00, 0xEF, 0xFE, 0x00,
  0x0E, 0xFF, 0xE0, 0x73, 0xDE, 0xE0, 0x00, 0x0C, 0xF7, 0xBC, 0x63, 0x31,
  0x00, 0x00, 0x30, 0x0F, 0x03, 0xC0, 0x70, 0x1C, 0x07, 0x80, 0xE0, 0x07,
  0x80, 0x1E, 0x00, 0x78, 0x01, 0xE0, 0x07, 0x00, 0x10, 0xFF, 0xFF, 0xFC,
  0x00, 0x00, 0x00, 0x01, 0xFF, 0xFF, 0xF8, 0x80, 0x1C, 0x01, 0xE0, 0x0F,
  0x00, 0x78, 0x03, 0xC0, 0x18, 0x0E, 0x07, 0x03, 0xC1, 0xE0, 0x70, 0x08,
  0x00, 0x04, 0x07, 0xF1, 0x87, 0x70, 0xFE, 0x1F, 0xC3, 0xC0, 0x70, 0x0E,
  0x03, 0x80, 0xC0, 0x30, 0x06, 0x00, 0xC0, 0x00, 0x07, 0x80, 0xF0, 0x1E,
  0x03, 0xC0, 0x00, 0xFC, 0x00, 0xF1, 0xE0, 0x30, 0x06, 0x0C, 0x00, 0x63,
  0x00, 0x04, 0xC3, 0xDC, 0xD8, 0xE7, 0x1A, 0x18, 0xE3, 0xC7, 0x18, 0x78,
  0xC3, 0x0B, 0x18, 0xE1, 0x63, 0x18, 0x4C, 0x67, 0x19, 0x8F, 0xEE, 0x30,
  0xE7, 0x03, 0x00, 0x00, 0x30, 0x00, 0x07, 0x00, 0x60, 0x3C, 0xF0, 0x01,
  0xF8, 0x00, 0x00, 0xC0, 0x00, 0x78, 0x00, 0x1E, 0x00, 0x0F, 0x80, 0x02,
  0xF0, 0x00, 0x9C, 0x00, 0x67, 0x00, 0x11, 0xE0, 0x04, 0x78, 0x03, 0x0F,
  0x00, 0x83, 0xC0, 0x7F, 0xF0, 0x18, 0x1E, 0x04, 0x07, 0x83, 0x01, 0xE0,
  0x80, 0x3C, 0xFC, 0x3F, 0xC0, 0xFF, 0xF8, 0x1E, 0x3C, 0x1E, 0x1E, 0x1E,
  0x1E, 0x1E, 0x1E, 0x1E, 0x1C, 0x1E, 0x78, 0x1F, 0xF8, 0x1E, 0x1E, 0x1E,
  0x1F, 0x1E, 0x0F, 0x1E, 0x0F, 0x1E, 0x0F, 0x1E, 0x1E, 0x3E, 0x3E, 0xFF,
  0xF8, 0x01, 0xC0, 0x1F, 0xF8, 0x70, 0x31, 0xC0, 0x67, 0x80, 0x7F, 0x00,
  0xBC, 0x00, 0x78, 0x00, 0xF0, 0x01, 0xE0, 0x03, 0xC0, 0x07, 0xC0, 0x0F,
  0x80, 0x6F, 0x00, 0x8F, 0x03, 0x0F, 0x0E, 0x0F, 0xF8, 0xFF, 0xF8, 0x0F,
  0x07, 0x83, 0xC0, 0xF0, 0xF0, 0x1E, 0x3C, 0x07, 0x8F, 0x01, 0xF3, 0xC0,
  0x7C, 0xF0, 0x1F, 0x3C, 0x07, 0xCF, 0x01, 0xF3, 0xC0, 0x78, 0xF0, 0x1E,
  0x3C, 0x07, 0x0F, 0x03, 0x83, 0xE1, 0xC3, 0xFF, 0xC0, 0xFF, 0xFC, 0x78,
  0x18, 0xF0, 0x31, 0xE0, 0x23, 0xC0, 0x07, 0x86, 0x0F, 0x0C, 0x1F, 0xF8,
  0x3C, 0x30, 0x78, 0x60, 0xF0, 0x81, 0xE0, 0x13, 0xC0, 0x67, 0x80, 0xCF,
  0x03, 0xFF, 0xFF, 0xFF, 0xFC, 0xF0, 0x73, 0xC0, 0xCF, 0x01, 0x3C, 0x00,
  0xF0, 0x83, 0xC2, 0x0F, 0xF8, 0x3F, 0xE0, 0xF0, 0x83, 0xC2, 0x0F, 0x00,
  0x3C, 0x00, 0xF0, 0x03, 0xE0, 0x3F, 0xE0, 0x00, 0xE0, 0x07, 0xDF, 0x07,
  0x03, 0x87, 0x80, 0xC7, 0x80, 0x27, 0xC0, 0x03, 0xC0, 0x01, 0xE0, 0x00,
  0xF0, 0x00, 0x78, 0x00, 0x3C, 0x1F, 0xFE, 0x01, 0xE7, 0x80, 0xF3, 0xC0,
  0x78, 0xF0, 0x3C, 0x3C, 0x1E, 0x07, 0xFC, 0x00, 0xFF, 0x1F, 0xE7, 0x80,
  0xF0, 0xF0, 0x1E, 0x1E, 0x03, 0xC3, 0xC0, 0x78, 0x78, 0x0F, 0x0F, 0x01,
  0xE1, 0xFF, 0xFC, 0x3C, 0x07, 0x87, 0x80, 0xF0, 0xF0, 0x1E, 0x1E, 0x03,
  0xC3, 0xC0, 0x78, 0x78, 0x0F, 0x0F, 0x01, 0xF7, 0xF8, 0xFF, 0xFF, 0x3C,
  0x3C, 0x3C, 0x3C, 0x3C, 0x3C, 0x3C, 0x3C, 0x3C, 0x3C, 0x3C, 0x3C, 0x3C,
  0x3C, 0xFF, 0x07, 0xFC, 0x07, 0x80, 0x1E, 0x00, 0x78, 0x01, 0xE0, 0x07,
  0x80, 0x1E, 0x00, 0x78, 0x01, 0xE0, 0x07, 0x87, 0x1E, 0x1C, 0x78, 0xF1,
  0xE1, 0xC7, 0x87, 0x1C, 0x0F, 0xE0, 0xFF, 0x1F, 0x8F, 0x03, 0x83, 0xC1,
  0xC0, 0xF0, 0x60, 0x3C, 0x30, 0x0F, 0x18, 0x03, 0xCE, 0x00, 0xFF, 0xC0,
  0x3C, 0xF0, 0x0F, 0x3E, 0x03, 0xC7, 0xC0, 0xF0, 0xF0, 0x3C, 0x3E, 0x0F,
  0x07, 0xC3, 0xC1, 0xFB, 0xFC, 0x3F, 0xFF, 0x80, 0x78, 0x00, 0xF0, 0x01,
  0xE0, 0x03, 0xC0, 0x07, 0x80, 0x0F, 0x00, 0x1E, 0x00, 0x3C, 0x00, 0x78,
  0x00, 0xF0, 0x01, 0xE0, 0x33, 0xC0, 0x67, 0x81, 0x8F, 0x07, 0x7F, 0xFE,
  0xFF, 0x01, 0xFC, 0xBC, 0x07, 0xC2, 0xF0, 0x3F, 0x09, 0xE0, 0xBC, 0x27,
  0x82, 0xF0, 0x8F, 0x13, 0xC2, 0x3C, 0x4F, 0x08, 0xF3, 0x3C, 0x21, 0xE8,
  0xF0, 0x87, 0xA3, 0xC2, 0x0F, 0x8F, 0x08, 0x3C, 0x3C, 0x20, 0xF0, 0xF0,
  0x81, 0x83, 0xC3, 0x06, 0x0F, 0x3F, 0x08, 0xFF, 0xFE, 0x07, 0xF1, 0xF0,
  0x08, 0x1F, 0x80, 0x81, 0xFC, 0x08, 0x1B, 0xE0, 0x81, 0xBE, 0x08, 0x19,
  0xF0, 0x81, 0x8F, 0x88, 0x18, 0x7C, 0x81, 0x83, 0xE8, 0x18, 0x1F, 0x81,
  0x81, 0xF8, 0x18, 0x0F, 0x81, 0x80, 0x78, 0x18, 0x03, 0x87, 0xE0, 0x18,
  0x00, 0xC0, 0x07, 0xBC, 0x07, 0x07, 0x87, 0x01, 0xC7, 0x80, 0xF3, 0xC0,
  0x7F, 0xE0, 0x1F, 0xF0, 0x0F, 0xF0, 0x07, 0xF8, 0x03, 0xFE, 0x01, 0xFF,
  0x00, 0xF7, 0x80, 0xF3, 0xC0, 0x78, 0xF0, 0x38, 0x38, 0x38, 0x07, 0xF8,
  0x00, 0xFF, 0xF8, 0x78, 0x78, 0xF0, 0xF9, 0xE0, 0xF3, 0xC1, 0xE7, 0x83,
  0xCF, 0x0F, 0x1E, 0x1E, 0x3C, 0xF8, 0x7F, 0x80, 0xF0, 0x01, 0xE0, 0x03,
  0xC0, 0x07, 0x80, 0x0F, 0x00, 0x7F, 0xC0, 0x00, 0xC0, 0x07, 0xBC, 0x07,
  0x07, 0x87, 0x01, 0xC7, 0x80, 0xF3, 0xC0, 0x7F, 0xE0, 0x1F, 0xF0, 0x0F,
  0xF0, 0x07, 0xF8, 0x03, 0xFE, 0x01, 0xFF, 0x00, 0xF7, 0x80, 0xF3, 0xC0,
  0x78, 0xF0, 0x38, 0x38, 0x38, 0x07, 0xF8, 0x00, 0xF0, 0x00, 0x78, 0x00,
  0x1E, 0x00, 0x0F, 0xF0, 0x01, 0xF8, 0xFF, 0xF8, 0x1E, 0x1E, 0x0F, 0x07,
  0x07, 0x83, 0xC3, 0xC1, 0xE1, 0xE0, 0xF0, 0xF0, 0xF0, 0x78, 0xF0, 0x3F,
  0xE0, 0x1E, 0x3C, 0x0F, 0x1E, 0x07, 0x87, 0x83, 0xC3, 0xC1, 0xE0, 0xF0,
  0xF0, 0x7D, 0xFE, 0x1F, 0x03, 0x00, 0xEF, 0x8C, 0x0C, 0xE0, 0x67, 0x01,
  0x3C, 0x01, 0xF8, 0x07, 0xF0, 0x1F, 0xC0, 0x7F, 0x80, 0xFF, 0x81, 0xF4,
  0x07, 0xB0, 0x1D, 0x80, 0xEE, 0x0E, 0x5F, 0xE0, 0xFF, 0xFF, 0xC3, 0xC3,
  0xC3, 0xC3, 0xC3, 0xC3, 0xC3, 0xC1, 0x03, 0xC0, 0x03, 0xC0, 0x03, 0xC0,
  0x03, 0xC0, 0x03, 0xC0, 0x03, 0xC0, 0x03, 0xC0, 0x03, 0xC0, 0x03, 0xC0,
  0x03, 0xC0, 0x1F, 0xF8, 0xFF, 0x0F, 0xCF, 0x00, 0xC3, 0xC0, 0x30, 0xF0,
  0x0C, 0x3C, 0x03, 0x0F, 0x00, 0xC3, 0xC0, 0x30, 0xF0, 0x0C, 0x3C, 0x03,
  0x0F, 0x00, 0xC3, 0xC0, 0x30, 0xF0, 0x08, 0x3C, 0x02, 0x07, 0x01, 0x81,
  0xE0, 0xC0, 0x1F, 0xE0, 0xFF, 0x87, 0xE3, 0xC0, 0x10, 0x78, 0x06, 0x07,
  0x80, 0x80, 0xF0, 0x30, 0x0F, 0x06, 0x01, 0xE0, 0x80, 0x1E, 0x30, 0x03,
  0xC4, 0x00, 0x79, 0x80, 0x07, 0xA0, 0x00, 0xF4, 0x00, 0x0F, 0x80, 0x01,
  0xE0, 0x00, 0x1C, 0x00, 0x03, 0x00, 0xFF, 0x06, 0x07, 0xEF, 0x80, 0xE0,
  0x30, 0xF0, 0x3C, 0x04, 0x1E, 0x07, 0xC1, 0x81, 0xE0, 0xF8, 0x20, 0x3C,
  0x3F, 0x04, 0x03, 0xC4, 0xF1, 0x80, 0x78, 0x9E, 0x20, 0x0F, 0x33, 0xEC,
  0x00, 0xF4, 0x3D, 0x80, 0x1E, 0x87, 0xA0, 0x01, 0xF0, 0x7C, 0x00, 0x3C,
  0x0F, 0x00, 0x07, 0x81, 0xE0, 0x00, 0x70, 0x1C, 0x00, 0x0C, 0x03, 0x00,
  0xFF, 0x8F, 0xC3, 0xC0, 0x60, 0x7C, 0x18, 0x07, 0x86, 0x00, 0x79, 0x80,
  0x07, 0xA0, 0x00, 0xF8, 0x00, 0x0F, 0x00, 0x00, 0xF0, 0x00, 0x3F, 0x00,
  0x09, 0xF0, 0x03, 0x1E, 0x00, 0xC1, 0xE0, 0x30, 0x3E, 0x0E, 0x03, 0xE7,
  0xF1, 0xFF, 0xFF, 0x0F, 0xCF, 0x00, 0xC3, 0xE0, 0x60, 0x78, 0x10, 0x0F,
  0x0C, 0x03, 0xC2, 0x00, 0x79, 0x80, 0x1F, 0x40, 0x03, 0xF0, 0x00, 0x78,
  0x00, 0x1E, 0x00, 0x07, 0x80, 0x01, 0xE0, 0x00, 0x78, 0x00, 0x1E, 0x00,
  0x1F, 0xE0, 0x7F, 0xFD, 0x81, 0xF6, 0x0F, 0x90, 0x3C, 0x41, 0xF0, 0x0F,
  0x80, 0x3C, 0x01, 0xF0, 0x0F, 0x80, 0x3C, 0x01, 0xF0, 0x0F, 0x81, 0x3C,
  0x0D, 0xF0, 0x3F, 0x81, 0xFF, 0xFF, 0xFF, 0xFF, 0xC7, 0x8F, 0x1E, 0x3C,
  0x78, 0xF1, 0xE3, 0xC7, 0x8F, 0x1E, 0x3C, 0x78, 0xF1, 0xE3, 0xC7, 0x8F,
  0xFF, 0xC0, 0xC0, 0x30, 0x18, 0x0C, 0x02, 0x01, 0x80, 0xC0, 0x60, 0x18,
  0x0C, 0x06, 0x01, 0x00, 0xC0, 0x60, 0x30, 0x0C, 0x06, 0x03, 0x00, 0x80,
  0x60, 0x30, 0x18, 0x06, 0xFF, 0xF1, 0xC7, 0x1C, 0x71, 0xC7, 0x1C, 0x71,
  0xC7, 0x1C, 0x71, 0xC7, 0x1C, 0x71, 0xC7, 0xFF, 0xF0, 0x06, 0x00, 0x70,
  0x0F, 0x00, 0xF8, 0x0D, 0x81, 0x98, 0x18, 0xC3, 0x0C, 0x30, 0xE7, 0x06,
  0x60, 0x76, 0x03, 0xE0, 0x30, 0xFF, 0xFF, 0x80, 0x63, 0xC7, 0x86, 0x0C,
  0x06, 0x01, 0xDE, 0x1C, 0x78, 0xC3, 0xC2, 0x1E, 0x03, 0xF0, 0xF7, 0x8E,
  0x3C, 0xF1, 0xE7, 0x8F, 0x3E, 0xF8, 0xFD, 0xF0, 0xF8, 0x01, 0xE0, 0x03,
  0x80, 0x0E, 0x00, 0x38, 0x00, 0xE0, 0x03, 0x8C, 0x0E, 0xFC, 0x3C, 0x78,
  0xE0, 0xF3, 0x83, 0xCE, 0x0F, 0x38, 0x3C, 0xE0, 0xF3, 0x83, 0xCE, 0x0E,
  0x3C, 0x78, 0xFF, 0xC0, 0x07, 0x07, 0xB9, 0xE7, 0xF8, 0x7F, 0x0F, 0xE0,
  0x3C, 0x07, 0x80, 0xF0, 0x1F, 0x0D, 0xF3, 0x1F, 0xC0, 0x03, 0xF0, 0x03,
  0xE0, 0x07, 0x80, 0x1E, 0x00, 0x78, 0x01, 0xE0, 0xF7, 0x8F, 0xFE, 0x78,
  0x79, 0xC1, 0xEF, 0x07, 0xBC, 0x1E, 0xF0, 0x7B, 0xC1, 0xEF, 0x07, 0x9E,
  0x1E, 0x7C, 0xF8, 0xFD, 0xF0, 0x06, 0x03, 0xDC, 0x70, 0xEF, 0x0E, 0xF0,
  0xFF, 0xFF, 0xF0, 0x0F, 0x00, 0xF0, 0x0F, 0x82, 0x7C, 0x63, 0xFC, 0x0F,
  0x0F, 0xCE, 0x67, 0x03, 0x81, 0xC0, 0xE1, 0xFE, 0x38, 0x1C, 0x0E, 0x07,
  0x03, 0x81, 0xC0, 0xE0, 0x70, 0x38, 0x7F, 0x80, 0x06, 0x10, 0xF7, 0xF7,
  0x8E, 0xDE, 0x3A, 0x78, 0xE1, 0xE3, 0x83, 0x9C, 0x07, 0xE0, 0x30, 0x01,
  0xE0, 0x07, 0xFF, 0x0F, 0xFC, 0x37, 0xF9, 0x80, 0xEF, 0x03, 0x9C, 0x1C,
  0x3F, 0xE0, 0xFC, 0x00, 0x7C, 0x00, 0x3C, 0x00, 0x3C, 0x00, 0x3C, 0x00,
  0x3C, 0x00, 0x3C, 0x20, 0x3D, 0xF8, 0x3F, 0x3C, 0x3C, 0x3C, 0x3C, 0x3C,
  0x3C, 0x3C, 0x3C, 0x3C, 0x3C, 0x3C, 0x3C, 0x3C, 0x3C, 0x3C, 0x3C, 0x3C,
  0xFF, 0x7F, 0x78, 0xF1, 0xE1, 0x80, 0x00, 0x3E, 0x3C, 0x38, 0x70, 0xE1,
  0xC3, 0x87, 0x0E, 0x1C, 0xFE, 0x0F, 0x0F, 0x0F, 0x06, 0x00, 0x00, 0x1F,
  0x07, 0x07, 0x07, 0x07, 0x07, 0x07, 0x07, 0x07, 0x07, 0x07, 0x07, 0x47,
  0xE7, 0xEE, 0x7C, 0xFC, 0x00, 0xF8, 0x00, 0xF0, 0x01, 0xE0, 0x03, 0xC0,
  0x07, 0x80, 0x0F, 0x00, 0x1E, 0x7E, 0x3C, 0x30, 0x78, 0xC0, 0xF3, 0x01,
  0xEE, 0x03, 0xFE, 0x07, 0xBC, 0x0F, 0x3C, 0x1E, 0x7C, 0x3C, 0x78, 0xFC,
  0xFC, 0xFC, 0x7C, 0x3C, 0x3C, 0x3C, 0x3C, 0x3C, 0x3C, 0x3C, 0x3C, 0x3C,
  0x3C, 0x3C, 0x3C, 0x3C, 0x3C, 0x3C, 0x7F, 0x00, 0x30, 0x30, 0xFD, 0xF9,
  0xF8, 0x3E, 0x3E, 0x3C, 0x3C, 0x3C, 0x3C, 0x3C, 0x3C, 0x3C, 0x3C, 0x3C,
  0x3C, 0x3C, 0x3C, 0x3C, 0x3C, 0x3C, 0x3C, 0x3C, 0x3C, 0x3C, 0x3C, 0x3C,
  0x3C, 0x3C, 0x3C, 0x3C, 0x7F, 0x7F, 0x7F, 0x00, 0x20, 0xFD, 0xFC, 0x3F,
  0x3C, 0x3C, 0x3C, 0x3C, 0x3C, 0x3C, 0x3C, 0x3C, 0x3C, 0x3C, 0x3C, 0x3C,
  0x3C, 0x3C, 0x3C, 0x3C, 0x3C, 0x7F, 0x7F, 0x07, 0x01, 0xEF, 0x1E, 0x3D,
  0xE0, 0xEF, 0x07, 0xF8, 0x3F, 0xC1, 0xFE, 0x0F, 0xF0, 0x7B, 0x83, 0x9E,
  0x3C, 0x3F, 0x80, 0x00, 0x61, 0xFF, 0xF0, 0xF1, 0xF1, 0xE1, 0xE3, 0xC3,
  0xC7, 0x83, 0x8F, 0x07, 0x9E, 0x0E, 0x3C, 0x3C, 0x78, 0x78, 0xF1, 0xE1,
  0xFF, 0x83, 0xC0, 0x07, 0x80, 0x0F, 0x00, 0x1E, 0x00, 0xFF, 0x00, 0x06,
  0x18, 0xFF, 0xE7, 0x87, 0x9C, 0x1E, 0xF0, 0x7B, 0xC1, 0xEF, 0x07, 0xBC,
  0x1E, 0xF0, 0x79, 0xE1, 0xE7, 0xCF, 0x8F, 0xDE, 0x00, 0x78, 0x01, 0xE0,
  0x07, 0x80, 0x1E, 0x03, 0xFC, 0x00, 0x2F, 0xDF, 0x3F, 0xF3, 0xE7, 0x3C,
  0x23, 0xC0, 0x3C, 0x03, 0xC0, 0x3C, 0x03, 0xC0, 0x3C, 0x07, 0xF8, 0x0C,
  0xCC, 0xE7, 0x0B, 0xC3, 0xF8, 0x1F, 0xC3, 0xF8, 0x7F, 0x83, 0xF0, 0x7E,
  0x1F, 0xFE, 0x18, 0x18, 0x38, 0x78, 0xFF, 0x78, 0x78, 0x78, 0x78, 0x78,
  0x78, 0x78, 0x78, 0x79, 0x3E, 0xF9, 0xF9, 0xE1, 0xE7, 0x87, 0x9E, 0x1E,
  0x78, 0x79, 0xE1, 0xE7, 0x87, 0x9E, 0x1E, 0x78, 0x79, 0xFF, 0xE3, 0xF7,
  0xC0, 0xFF, 0x3E, 0x78, 0x10, 0x78, 0x60, 0xF0, 0x80, 0xF1, 0x01, 0xE6,
  0x01, 0xC8, 0x03, 0xF0, 0x03, 0xC0, 0x07, 0x80, 0x06, 0x00, 0xFE, 0x38,
  0xFB, 0xC3, 0xC3, 0x0F, 0x1E, 0x10, 0x78, 0xF8, 0x81, 0xCF, 0xCC, 0x0F,
  0x4F, 0x40, 0x7A, 0x7A, 0x01, 0xF1, 0xF0, 0x0F, 0x0F, 0x00, 0x78, 0x78,
  0x01, 0xC1, 0x80, 0xFE, 0x7C, 0xF0, 0xC1, 0xE6, 0x07, 0xF0, 0x0F, 0x80,
  0x1E, 0x00, 0xFC, 0x02, 0xF8, 0x11, 0xF0, 0xC3, 0xEF, 0x9F, 0xC0, 0xFE,
  0x7D, 0xF0, 0xC3, 0xC2, 0x0F, 0x18, 0x1E, 0x60, 0x79, 0x00, 0xEC, 0x03,
  0xE0, 0x07, 0x80, 0x1E, 0x00, 0x30, 0x00, 0xC0, 0x02, 0x01, 0x98, 0x07,
  0xC0, 0x1E, 0x00, 0x7F, 0xF6, 0x1E, 0x63, 0xC4, 0x7C, 0x0F, 0x80, 0xF0,
  0x1E, 0x03, 0xE3, 0x7C, 0x37, 0x86, 0xFF, 0xE0, 0x03, 0x87, 0xC7, 0x83,
  0x81, 0xC0, 0xE0, 0x70, 0x38, 0x1C, 0x1E, 0x3C, 0x1C, 0x03, 0xC0, 0xE0,
  0x70, 0x38, 0x1C, 0x0E, 0x07, 0x03, 0xC1, 0xF0, 0x3C, 0xFF, 0xFF, 0xFC,
  0xE0, 0x3F, 0x01, 0xE0, 0x78, 0x1E, 0x07, 0x81, 0xE0, 0x78, 0x1E, 0x03,
  0xC0, 0x7C, 0x0F, 0x0F, 0x07, 0x81, 0xE0, 0x78, 0x1E, 0x07, 0x81, 0xE0,
  0x78, 0x3C, 0x3C, 0x00, 0x10, 0x0F, 0x8F, 0xFF, 0x43, 0xC0, 0x00, 0xFF,
  0xFF, 0xE0, 0x00, 0x18, 0x00, 0x06, 0x00, 0x01, 0x88, 0x0C, 0x63, 0x07,
  0x18, 0x63, 0x86, 0x0C, 0xC1, 0x81, 0xE0, 0x60, 0x30, 0x18, 0x1E, 0x06,
  0x0C, 0xC1, 0x86, 0x18, 0x63, 0x03, 0x18, 0x00, 0x06, 0x00, 0x01, 0x80,
  0x00, 0x7F, 0xFF, 0xF0, 0xFF, 0xFF, 0xE0, 0x00, 0x18, 0x00, 0x06, 0x00,
  0x01, 0x88, 0x0C, 0x63, 0x07, 0x18, 0x63, 0x86, 0x0C, 0xC1, 0x81, 0xE0,
  0x60, 0x30, 0x18, 0x1E, 0x06, 0x0C, 0xC1, 0x86, 0x18, 0x63, 0x03, 0x18,
  0x00, 0x06, 0x00, 0x01, 0x80, 0x00, 0x7F, 0xFF, 0xF0, 0xFF, 0xFF, 0xE0,
  0x00, 0x18, 0x00, 0x06, 0x00, 0x01, 0x88, 0x0C, 0x63, 0x07, 0x18, 0x63,
  0x86, 0x0C, 0xC1, 0x81, 0xE0, 0x60, 0x30, 0x18, 0x1E, 0x06, 0x0C, 0xC1,
  0x86, 0x18, 0x63, 0x03, 0x18, 0x00, 0x06, 0x00, 0x01, 0x80, 0x00, 0x7F,
  0xFF, 0xF0, 0xFF, 0xFF, 0xE0, 0x00, 0x18, 0x00, 0x06, 0x00, 0x01, 0x88,
  0x0C, 0x63, 0x07, 0x18, 0x63, 0x86, 0x0C, 0xC1, 0x81, 0xE0, 0x60, 0x30,
  0x18, 0x1E, 0x06, 0x0C, 0xC1, 0x86, 0x18, 0x63, 0x03, 0x18, 0x00, 0x06,
  0x00, 0x01, 0x80, 0x00, 0x7F, 0xFF, 0xF0, 0xFF, 0xFF, 0xE0, 0x00, 0x18,
  0x00, 0x06, 0x00, 0x01, 0x88, 0x0C, 0x63, 0x07, 0x18, 0x63, 0x86, 0x0C,
  0xC1, 0x81, 0xE0, 0x60, 0x30, 0x18, 0x1E, 0x06, 0x0C, 0xC1, 0x86, 0x18,
  0x63, 0x03, 0x18, 0x00, 0x06, 0x00, 0x01, 0x80, 0x00, 0x7F, 0xFF, 0xF0,
  0xFF, 0xFF, 0xE0, 0x00, 0x18, 0x00, 0x06, 0x00, 0x01, 0x88, 0x0C, 0x63,
  0x07, 0x18, 0x63, 0x86, 0x0C, 0xC1, 0x81, 0xE0, 0x60, 0x30, 0x18, 0x1E,
  0x06, 0x0C, 0xC1, 0x86, 0x18, 0x63, 0x03, 0x18, 0x00, 0x06, 0x00, 0x01,
  0x80, 0x00, 0x7F, 0xFF, 0xF0, 0xFF, 0xFF, 0xE0, 0x00, 0x18, 0x00, 0x06,
  0x00, 0x01, 0x88, 0x0C, 0x63, 0x07, 0x18, 0x63, 0x86, 0x0C, 0xC1, 0x81,
  0xE0, 0x60, 0x30, 0x18, 0x1E, 0x06, 0x0C, 0xC1, 0x86, 0x18, 0x63, 0x03,
  0x18, 0x00, 0x06, 0x00, 0x01, 0x80, 0x00, 0x7F, 0xFF, 0xF0, 0xFF, 0xFF,
  0xE0, 0x00, 0x18, 0x00, 0x06, 0x00, 0x01, 0x88, 0x0C, 0x63, 0x07, 0x18,
  0x63, 0x86, 0x0C, 0xC1, 0x81, 0xE0, 0x60, 0x30, 0x18, 0x1E, 0x06, 0x0C,
  0xC1, 0x86, 0x18, 0x63, 0x03, 0x18, 0x00, 0x06, 0x00, 0x01, 0x80, 0x00,
  0x7F, 0xFF, 0xF0, 0xFF, 0xFF, 0xE0, 0x00, 0x18, 0x00, 0x06, 0x00, 0x01,
  0x88, 0x0C, 0x63, 0x07, 0x18, 0x63, 0x86, 0x0C, 0xC1, 0x81, 0xE0, 0x60,
  0x30, 0x18, 0x1E, 0x06, 0x0C, 0xC1, 0x86, 0x18, 0x63, 0x03, 0x18, 0x00,
  0x06, 0x00, 0x01, 0x80, 0x00, 0x7F, 0xFF, 0xF0, 0xFF, 0xFF, 0xE0, 0x00,
  0x18, 0x00, 0x06, 0x00, 0x01, 0x88, 0x0C, 0x63, 0x07, 0x18, 0x63, 0x86,
  0x0C, 0xC1, 0x81, 0xE0, 0x60, 0x30, 0x18, 0x1E, 0x06, 0x0C, 0xC1, 0x86,
  0x18, 0x63, 0x03, 0x18, 0x00, 0x06, 0x00, 0x01, 0x80, 0x00, 0x7F, 0xFF,
  0xF0, 0xFF, 0xFF, 0xE0, 0x00, 0x18, 0x00, 0x06, 0x00, 0x01, 0x88, 0x0C,
  0x63, 0x07, 0x18, 0x63, 0x86, 0x0C, 0xC1, 0x81, 0xE0, 0x60, 0x30, 0x18,
  0x1E, 0x06, 0x0C, 0xC1, 0x86, 0x18, 0x63, 0x03, 0x18, 0x00, 0x06, 0x00,
  0x01, 0x80, 0x00, 0x7F, 0xFF, 0xF0, 0xFF, 0xFF, 0xE0, 0x00, 0x18, 0x00,
  0x06, 0x00, 0x01, 0x88, 0x0C, 0x63, 0x07, 0x18, 0x63, 0x86, 0x0C, 0xC1,
  0x81, 0xE0, 0x60, 0x30, 0x18, 0x1E, 0x06, 0x0C, 0xC1, 0x86, 0x18, 0x63,
  0x03, 0x18, 0x00, 0x06, 0x00, 0x01, 0x80, 0x00, 0x7F, 0xFF, 0xF0, 0xFF,
  0xFF, 0xE0, 0x00, 0x18, 0x00, 0x06, 0x00, 0x01, 0x88, 0x0C, 0x63, 0x07,
  0x18, 0x63, 0x86, 0x0C, 0xC1, 0x81, 0xE0, 0x60, 0x30, 0x18, 0x1E, 0x06,
  0x0C, 0xC1, 0x86, 0x18, 0x63, 0x03, 0x18, 0x00, 0x06, 0x00, 0x01, 0x80,
  0x00, 0x7F, 0xFF, 0xF0, 0xFF, 0xFF, 0xE0, 0x00, 0x18, 0x00, 0x06, 0x00,
  0x01, 0x88, 0x0C, 0x63, 0x07, 0x18, 0x63, 0x86, 0x0C, 0xC1, 0x81, 0xE0,
  0x60, 0x30, 0x18, 0x1E, 0x06, 0x0C, 0xC1, 0x86, 0x18, 0x63, 0x03, 0x18,
  0x00, 0x06, 0x00, 0x01, 0x80, 0x00, 0x7F, 0xFF, 0xF0, 0xFF, 0xFF, 0xE0,
  0x00, 0x18, 0x00, 0x06, 0x00, 0x01, 0x88, 0x0C, 0x63, 0x07, 0x18, 0x63,
  0x86, 0x0C, 0xC1, 0x81, 0xE0, 0x60, 0x30, 0x18, 0x1E, 0x06, 0x0C, 0xC1,
  0x86, 0x18, 0x63, 0x03, 0x18, 0x00, 0x06, 0x00, 0x01, 0x80, 0x00, 0x7F,
  0xFF, 0xF0, 0xFF, 0xFF, 0xE0, 0x00, 0x18, 0x00, 0x06, 0x00, 0x01, 0x88,
  0x0C, 0x63, 0x07, 0x18, 0x63, 0x86, 0x0C, 0xC1, 0x81, 0xE0, 0x60, 0x30,
  0x18, 0x1E, 0x06, 0x0C, 0xC1, 0x86, 0x18, 0x63, 0x03, 0x18, 0x00, 0x06,
  0x00, 0x01, 0x80, 0x00, 0x7F, 0xFF, 0xF0, 0xFF, 0xFF, 0xE0, 0x00, 0x18,
  0x00, 0x06, 0x00, 0x01, 0x88, 0x0C, 0x63, 0x07, 0x18, 0x63, 0x86, 0x0C,
  0xC1, 0x81, 0xE0, 0x60, 0x30, 0x18, 0x1E, 0x06, 0x0C, 0xC1, 0x86, 0x18,
  0x63, 0x03, 0x18, 0x00, 0x06, 0x00, 0x01, 0x80, 0x00, 0x7F, 0xFF, 0xF0,
  0xFF, 0xFF, 0xE0, 0x00, 0x18, 0x00, 0x06, 0x00, 0x01, 0x88, 0x0C, 0x63,
  0x07, 0x18, 0x63, 0x86, 0x0C, 0xC1, 0x81, 0xE0, 0x60, 0x30, 0x18, 0x1E,
  0x06, 0x0C, 0xC1, 0x86, 0x18, 0x63, 0x03, 0x18, 0x00, 0x06, 0x00, 0x01,
  0x80, 0x00, 0x7F, 0xFF, 0xF0, 0xFF, 0xFF, 0xE0, 0x00, 0x18, 0x00, 0x06,
  0x00, 0x01, 0x88, 0x0C, 0x63, 0x07, 0x18, 0x63, 0x86, 0x0C, 0xC1, 0x81,
  0xE0, 0x60, 0x30, 0x18, 0x1E, 0x06, 0x0C, 0xC1, 0x86, 0x18, 0x63, 0x03,
  0x18, 0x00, 0x06, 0x00, 0x01, 0x80, 0x00, 0x7F, 0xFF, 0xF0, 0xFF, 0xFF,
  0xE0, 0x00, 0x18, 0x00, 0x06, 0x00, 0x01, 0x88, 0x0C, 0x63, 0x07, 0x18,
  0x63, 0x86, 0x0C, 0xC1, 0x81, 0xE0, 0x60, 0x30, 0x18, 0x1E, 0x06, 0x0C,
  0xC1, 0x86, 0x18, 0x63, 0x03, 0x18, 0x00, 0x06, 0x00, 0x01, 0x80, 0x00,
  0x7F, 0xFF, 0xF0, 0xFF, 0xFF, 0xE0, 0x00, 0x18, 0x00, 0x06, 0x00, 0x01,
  0x88, 0x0C, 0x63, 0x07, 0x18, 0x63, 0x86, 0x0C, 0xC1, 0x81, 0xE0, 0x60,
  0x30, 0x18, 0x1E, 0x06, 0x0C, 0xC1, 0x86, 0x18, 0x63, 0x03, 0x18, 0x00,
  0x06, 0x00, 0x01, 0x80, 0x00, 0x7F, 0xFF, 0xF0, 0xFF, 0xFF, 0xE0, 0x00,
  0x18, 0x00, 0x06, 0x00, 0x01, 0x88, 0x0C, 0x63, 0x07, 0x18, 0x63, 0x86,
  0x0C, 0xC1, 0x81, 0xE0, 0x60, 0x30, 0x18, 0x1E, 0x06, 0x0C, 0xC1, 0x86,
  0x18, 0x63, 0x03, 0x18, 0x00, 0x06, 0x00, 0x01, 0x80, 0x00, 0x7F, 0xFF,
  0xF0, 0xFF, 0xFF, 0xE0, 0x00, 0x18, 0x00, 0x06, 0x00, 0x01, 0x88, 0x0C,
  0x63, 0x07, 0x18, 0x63, 0x86, 0x0C, 0xC1, 0x81, 0xE0, 0x60, 0x30, 0x18,
  0x1E, 0x06, 0x0C, 0xC1, 0x86, 0x18, 0x63, 0x03, 0x18, 0x00, 0x06, 0x00,
  0x01, 0x80, 0x00, 0x7F, 0xFF, 0xF0, 0xFF, 0xFF, 0xE0, 0x00, 0x18, 0x00,
  0x06, 0x00, 0x01, 0x88, 0x0C, 0x63, 0x07, 0x18, 0x63, 0x86, 0x0C, 0xC1,
  0x81, 0xE0, 0x60, 0x30, 0x18, 0x1E, 0x06, 0x0C, 0xC1, 0x86, 0x18, 0x63,
  0x03, 0x18, 0x00, 0x06, 0x00, 0x01, 0x80, 0x00, 0x7F, 0xFF, 0xF0, 0xFF,
  0xFF, 0xE0, 0x00, 0x18, 0x00, 0x06, 0x00, 0x01, 0x88, 0x0C, 0x63, 0x07,
  0x18, 0x63, 0x86, 0x0C, 0xC1, 0x81, 0xE0, 0x60, 0x30, 0x18, 0x1E, 0x06,
  0x0C, 0xC1, 0x86, 0x18, 0x63, 0x03, 0x18, 0x00, 0x06, 0x00, 0x01, 0x80,
  0x00, 0x7F, 0xFF, 0xF0, 0xFF, 0xFF, 0xE0, 0x00, 0x18, 0x00, 0x06, 0x00,
  0x01, 0x88, 0x0C, 0x63, 0x07, 0x18, 0x63, 0x86, 0x0C, 0xC1, 0x81, 0xE0,
  0x60, 0x30, 0x18, 0x1E, 0x06, 0x0C, 0xC1, 0x86, 0x18, 0x63, 0x03, 0x18,
  0x00, 0x06, 0x00, 0x01, 0x80, 0x00, 0x7F, 0xFF, 0xF0, 0xFF, 0xFF, 0xE0,
  0x00, 0x18, 0x00, 0x06, 0x00, 0x01, 0x88, 0x0C, 0x63, 0x07, 0x18, 0x63,
  0x86, 0x0C, 0xC1, 0x81, 0xE0, 0x60, 0x30, 0x18, 0x1E, 0x06, 0x0C, 0xC1,
  0x86, 0x18, 0x63, 0x03, 0x18, 0x00, 0x06, 0x00, 0x01, 0x80, 0x00, 0x7F,
  0xFF, 0xF0, 0xFF, 0xFF, 0xE0, 0x00, 0x18, 0x00, 0x06, 0x00, 0x01, 0x88,
  0x0C, 0x63, 0x07, 0x18, 0x63, 0x86, 0x0C, 0xC1, 0x81, 0xE0, 0x60, 0x30,
  0x18, 0x1E, 0x06, 0x0C, 0xC1, 0x86, 0x18, 0x63, 0x03, 0x18, 0x00, 0x06,
  0x00, 0x01, 0x80, 0x00, 0x7F, 0xFF, 0xF0, 0xFF, 0xFF, 0xE0, 0x00, 0x18,
  0x00, 0x06, 0x00, 0x01, 0x88, 0x0C, 0x63, 0x07, 0x18, 0x63, 0x86, 0x0C,
  0xC1, 0x81, 0xE0, 0x60, 0x30, 0x18, 0x1E, 0x06, 0x0C, 0xC1, 0x86, 0x18,
  0x63, 0x03, 0x18, 0x00, 0x06, 0x00, 0x01, 0x80, 0x00, 0x7F, 0xFF, 0xF0,
  0xFF, 0xFF, 0xE0, 0x00, 0x18, 0x00, 0x06, 0x00, 0x01, 0x88, 0x0C, 0x63,
  0x07, 0x18, 0x63, 0x86, 0x0C, 0xC1, 0x81, 0xE0, 0x60, 0x30, 0x18, 0x1E,
  0x06, 0x0C, 0xC1, 0x86, 0x18, 0x63, 0x03, 0x18, 0x00, 0x06, 0x00, 0x01,
  0x80, 0x00, 0x7F, 0xFF, 0xF0, 0xFF, 0xFF, 0xE0, 0x00, 0x18, 0x00, 0x06,
  0x00, 0x01, 0x88, 0x0C, 0x63, 0x07, 0x18, 0x63, 0x86, 0x0C, 0xC1, 0x81,
  0xE0, 0x60, 0x30, 0x18, 0x1E, 0x06, 0x0C, 0xC1, 0x86, 0x18, 0x63, 0x03,
  0x18, 0x00, 0x06, 0x00, 0x01, 0x80, 0x00, 0x7F, 0xFF, 0xF0, 0xFF, 0xFF,
  0xE0, 0x00, 0x18, 0x00, 0x06, 0x00, 0x01, 0x88, 0x0C, 0x63, 0x07, 0x18,
  0x63, 0x86, 0x0C, 0xC1, 0x81, 0xE0, 0x60, 0x30, 0x18, 0x1E, 0x06, 0x0C,
  0xC1, 0x86, 0x18, 0x63, 0x03, 0x18, 0x00, 0x06, 0x00, 0x01, 0x80, 0x00,
  0x7F, 0xFF, 0xF0, 0x00, 0x27, 0xBD, 0xE6, 0x00, 0x0C, 0x63, 0x18, 0xCF,
  0x7B, 0xDF, 0xF7, 0x80, 0x03, 0x00, 0x30, 0x03, 0x81, 0xCE, 0x38, 0xE7,
  0x87, 0x78, 0x67, 0x00, 0xF0, 0x07, 0x80, 0x78, 0x07, 0x83, 0x3E, 0x61,
  0xFC, 0x03, 0x00, 0x30, 0x03, 0x00, 0x01, 0x80, 0x3D, 0xC1, 0xE7, 0x87,
  0x0E, 0x1C, 0x38, 0xF0, 0x03, 0xC0, 0x0F, 0x00, 0xFF, 0xC0, 0xF0, 0x03,
  0xC0, 0x0F, 0x06, 0x3C, 0x3C, 0xE0, 0x77, 0x81, 0xFF, 0x8E, 0xC7, 0xF0,
  0x40, 0x7D, 0xDD, 0xFF, 0x18, 0xE7, 0x0C, 0xE1, 0x9C, 0x31, 0xCE, 0x7F,
  0xDC, 0x8D, 0x01, 0x00, 0xFF, 0x0F, 0xCF, 0x00, 0xC3, 0xE0, 0x60, 0x7C,
  0x30, 0x0F, 0x08, 0x01, 0xE4, 0x00, 0x3B, 0x00, 0x0F, 0x80, 0x3F, 0xFF,
  0x00, 0x78, 0x00, 0x1E, 0x00, 0xFF, 0xFC, 0x01, 0xE0, 0x00, 0x78, 0x00,
  0x1E, 0x00, 0x1F, 0xE0, 0xFF, 0x87, 0xFC, 0x08, 0x1F, 0xC6, 0x3B, 0x8E,
  0xF1, 0x1E, 0x07, 0xC1, 0xF8, 0xFF, 0x31, 0xEE, 0x3B, 0x87, 0xF1, 0xDE,
  0x63, 0xF8, 0x7C, 0x0F, 0x01, 0xE6, 0x3B, 0x8E, 0x73, 0x0F, 0x80, 0xE3,
  0xF9, 0xF8, 0xE0, 0x03, 0xFC, 0x00, 0xC0, 0x30, 0x18, 0x00, 0x82, 0x00,
  0x04, 0x60, 0x70, 0x24, 0x1D, 0xC2, 0xC3, 0x0C, 0x18, 0x30, 0x41, 0x86,
  0x00, 0x18, 0x60, 0x01, 0x86, 0x00, 0x18, 0x60, 0x01, 0x83, 0x06, 0x1C,
  0x30, 0x41, 0x41, 0xDC, 0x26, 0x02, 0x06, 0x20, 0x00, 0x41, 0x80, 0x18,
  0x0C, 0x03, 0x00, 0x3F, 0xC0, 0x1C, 0x1B, 0xCC, 0x31, 0x0E, 0x3F, 0xB8,
  0xEE, 0x3B, 0x8E, 0xFF, 0xDC, 0xF0, 0x04, 0x10, 0xC3, 0x1C, 0x63, 0x8E,
  0x73, 0xCE, 0x38, 0x73, 0xC3, 0x9C, 0x18, 0x60, 0xC3, 0x04, 0x10, 0xFF,
  0xE0, 0x0C, 0x01, 0x80, 0x30, 0x06, 0x00, 0xC0, 0xFF, 0xFF, 0xE0, 0x00,
  0x18, 0x00, 0x06, 0x00, 0x01, 0x88, 0x0C, 0x63, 0x07, 0x18, 0x63, 0x86,
  0x0C, 0xC1, 0x81, 0xE0, 0x60, 0x30, 0x18, 0x1E, 0x06, 0x0C, 0xC1, 0x86,
  0x18, 0x63, 0x03, 0x18, 0x00, 0x06, 0x00, 0x01, 0x80, 0x00, 0x7F, 0xFF,
  0xF0, 0x03, 0xFC, 0x00, 0xC0, 0x30, 0x18, 0x00, 0x82, 0x00, 0x04, 0x67,
  0xE0, 0x24, 0x19, 0x82, 0xC1, 0x8C, 0x18, 0x18, 0xC1, 0x81, 0x8C, 0x18,
  0x19, 0x81, 0x81, 0xF8, 0x18, 0x19, 0x81, 0x81, 0x8C, 0x1C, 0x18, 0xC1,
  0x43, 0x8E, 0x26, 0x44, 0x16, 0x20, 0x00, 0x41, 0x80, 0x18, 0x0C, 0x03,
  0x00, 0x3F, 0xC0, 0xFE, 0x18, 0x7E, 0xC3, 0xC3, 0xC3, 0xC3, 0x66, 0x3C,
  0x0C, 0x01, 0x80, 0x30, 0x06, 0x00, 0xC1, 0xFF, 0xC3, 0x00, 0x60, 0x0C,
  0x01, 0x83, 0xFF, 0x7F, 0xE0, 0x3F, 0x18, 0xEE, 0x3D, 0x0E, 0x03, 0x81,
  0xC0, 0x60, 0x30, 0x18, 0x1F, 0xFF, 0xFC, 0x3F, 0x98, 0xE6, 0x1C, 0x0E,
  0x07, 0x07, 0xE0, 0x3D, 0x87, 0xE1, 0xD8, 0xF3, 0xF0, 0x39, 0xDD, 0x88,
  0x00, 0xE0, 0xE7, 0x07, 0x38, 0x39, 0xC1, 0xCE, 0x0E, 0x70, 0x73, 0x83,
  0x9C, 0x1C, 0xF0, 0xE7, 0xDF, 0xB7, 0xBF, 0x80, 0x0E, 0x00, 0x70, 0x03,
  0x80, 0x18, 0x00, 0x3F, 0xEF, 0x9C, 0xF9, 0xCF, 0x9C, 0xF9, 0xCF, 0x9C,
  0xF9, 0xC7, 0x9C, 0x39, 0xC1, 0x9C, 0x19, 0xC1, 0x9C, 0x19, 0xC1, 0x9C,
  0x19, 0xC1, 0x9C, 0x19, 0xC1, 0x9C, 0x79, 0xF0, 0xEF, 0xFE, 0x30, 0xE1,
  0xC7, 0xFD, 0xC0, 0x0E, 0x3F, 0x86, 0xE0, 0x38, 0x0E, 0x03, 0x80, 0xE0,
  0x38, 0x0E, 0x03, 0x87, 0xFC, 0x0E, 0x07, 0x71, 0xC7, 0x70, 0xFE, 0x0F,
  0xC1, 0xF8, 0x3B, 0x8E, 0x71, 0xC3, 0xE0, 0x84, 0x10, 0x43, 0x8C, 0x38,
  0xE3, 0x9E, 0x39, 0xCE, 0x3B, 0x8E, 0xE3, 0x98, 0x62, 0x10, 0x00, 0x0E,
  0x00, 0x00, 0xFE, 0x01, 0x80, 0x6E, 0x03, 0x00, 0x0E, 0x03, 0x00, 0x0E,
  0x06, 0x00, 0x0E, 0x06, 0x00, 0x0E, 0x0C, 0xE0, 0x0E, 0x0C, 0xF0, 0x0E,
  0x18, 0xE0, 0x0E, 0x19, 0xC0, 0x7F, 0xF1, 0xDC, 0x00, 0x33, 0x9C, 0x00,
  0x63, 0x1C, 0x00, 0x67, 0x1C, 0x00, 0xC7, 0xFF, 0x00, 0xC0, 0x1C, 0x01,
  0x80, 0x1C, 0x0E, 0x00, 0x00, 0xFE, 0x00, 0xC0, 0x6E, 0x01, 0x80, 0x0E,
  0x01, 0x80, 0x0E, 0x03, 0x00, 0x0E, 0x03, 0x00, 0x0E, 0x06, 0xFC, 0x0E,
  0x07, 0x8E, 0x0E, 0x0F, 0x8F, 0x0E, 0x0D, 0x0E, 0x7F, 0xD8, 0x0E, 0x00,
  0x18, 0x1C, 0x00, 0x30, 0x18, 0x00, 0x30, 0x30, 0x00, 0x60, 0x60, 0x00,
  0x61, 0xFF, 0x00, 0xC3, 0xFF, 0x3F, 0x80, 0x00, 0x31, 0xC0, 0x60, 0x18,
  0x70, 0x60, 0x00, 0x70, 0x30, 0x00, 0x70, 0x30, 0x00, 0xFC, 0x18, 0x00,
  0x0F, 0x19, 0xC0, 0xC3, 0x8C, 0xF0, 0xE1, 0xCC, 0x70, 0x31, 0xE6, 0x70,
  0x0F, 0xC6, 0x3B, 0x80, 0x03, 0x39, 0xC0, 0x03, 0x18, 0xE0, 0x01, 0x9C,
  0x70, 0x01, 0x8F, 0xFE, 0x00, 0xC0, 0x1C, 0x00, 0xC0, 0x0E, 0x00, 0x04,
  0x01, 0xE0, 0x3C, 0x07, 0x80, 0x60, 0x00, 0x01, 0x80, 0x30, 0x0C, 0x03,
  0x80, 0xE0, 0x38, 0x0F, 0x01, 0xE1, 0xFC, 0x3F, 0x87, 0x70, 0xC7, 0xF0,
  0x07, 0x00, 0x01, 0xE0, 0x00, 0x38, 0x00, 0x03, 0x00, 0x00, 0x60, 0x00,
  0x00, 0x00, 0x0C, 0x00, 0x07, 0x80, 0x01, 0xE0, 0x00, 0xF8, 0x00, 0x2F,
  0x00, 0x09, 0xC0, 0x06, 0x70, 0x01, 0x1E, 0x00, 0x47, 0x80, 0x30, 0xF0,
  0x08, 0x3C, 0x07, 0xFF, 0x01, 0x81, 0xE0, 0x40, 0x78, 0x30, 0x1E, 0x08,
  0x03, 0xCF, 0xC3, 0xFC, 0x00, 0x70, 0x00, 0x3C, 0x00, 0x0E, 0x00, 0x06,
  0x00, 0x03, 0x00, 0x00, 0x00, 0x00, 0x0C, 0x00, 0x07, 0x80, 0x01, 0xE0,
  0x00, 0xF8, 0x00, 0x2F, 0x00, 0x09, 0xC0, 0x06, 0x70, 0x01, 0x1E, 0x00,
  0x47, 0x80, 0x30, 0xF0, 0x08, 0x3C, 0x07, 0xFF, 0x01, 0x81, 0xE0, 0x40,
  0x78, 0x30, 0x1E, 0x08, 0x03, 0xCF, 0xC3, 0xFC, 0x00, 0xC0, 0x00, 0x78,
  0x00, 0x3F, 0x00, 0x0C, 0xC0, 0x06, 0x18, 0x00, 0x00, 0x00, 0x0C, 0x00,
  0x07, 0x80, 0x01, 0xE0, 0x00, 0xF8, 0x00, 0x2F, 0x00, 0x09, 0xC0, 0x06,
  0x70, 0x01, 0x1E, 0x00, 0x47, 0x80, 0x30, 0xF0, 0x08, 0x3C, 0x07, 0xFF,
  0x01, 0x81, 0xE0, 0x40, 0x78, 0x30, 0x1E, 0x08, 0x03, 0xCF, 0xC3, 0xFC,
  0x01, 0x00, 0x01, 0xF3, 0x00, 0xFF, 0x80, 0x11, 0xC0, 0x00, 0x00, 0x00,
  0x30, 0x00, 0x1E, 0x00, 0x07, 0x80, 0x03, 0xE0, 0x00, 0xBC, 0x00, 0x27,
  0x00, 0x19, 0xC0, 0x04, 0x78, 0x01, 0x1E, 0x00, 0xC3, 0xC0, 0x20, 0xF0,
  0x1F, 0xFC, 0x06, 0x07, 0x81, 0x01, 0xE0, 0xC0, 0x78, 0x20, 0x0F, 0x3F,
  0x0F, 0xF0, 0x06, 0x18, 0x03, 0xCF, 0x00, 0xF3, 0xC0, 0x1C, 0xE0, 0x00,
  0x00, 0x00, 0x00, 0x00, 0x0C, 0x00, 0x07, 0x80, 0x01, 0xE0, 0x00, 0xF8,
  0x00, 0x2F, 0x00, 0x09, 0xC0, 0x06, 0x70, 0x01, 0x1E, 0x00, 0x47, 0x80,
  0x30, 0xF0, 0x08, 0x3C, 0x07, 0xFF, 0x01, 0x81, 0xE0, 0x40, 0x78, 0x30,
  0x1E, 0x08, 0x03, 0xCF, 0xC3, 0xFC, 0x01, 0xE0, 0x00, 0xFC, 0x00, 0x61,
  0x80, 0x08, 0x60, 0x03, 0xF0, 0x00, 0x78, 0x00, 0x1E, 0x00, 0x07, 0x80,
  0x03, 0xE0, 0x00, 0xBC, 0x00, 0x27, 0x00, 0x19, 0xC0, 0x04, 0x78, 0x01,
  0x1E, 0x00, 0xC3, 0xC0, 0x20, 0xF0, 0x1F, 0xFC, 0x06, 0x07, 0x81, 0x01,
  0xE0, 0xC0, 0x78, 0x20, 0x0F, 0x3F, 0x0F, 0xF0, 0x01, 0xFF, 0xFF, 0x00,
  0x37, 0x81, 0x80, 0x13, 0xC0, 0x40, 0x19, 0xE0, 0x20, 0x08, 0xF0, 0x00,
  0x0C, 0x78, 0x20, 0x04, 0x3C, 0x30, 0x06, 0x1F, 0xF8, 0x02, 0x0F, 0x0C,
  0x03, 0xFF, 0x86, 0x01, 0x03, 0xC1, 0x01, 0x81, 0xE0, 0x10, 0x80, 0xF0,
  0x08, 0xC0, 0x78, 0x0C, 0xE0, 0x3E, 0x07, 0xFC, 0x7F, 0xFF, 0x01, 0xC0,
  0x1F, 0xF8, 0x70, 0x31, 0xC0, 0x67, 0x80, 0x7F, 0x00, 0xBC, 0x00, 0x78,
  0x00, 0xF0, 0x01, 0xE0, 0x03, 0xC0, 0x07, 0xC0, 0x0F, 0x80, 0x6F, 0x00,
  0x8F, 0x03, 0x0F, 0x0E, 0x0F, 0xF8, 0x01, 0x00, 0x03, 0x80, 0x03, 0x80,
  0x07, 0x00, 0x7E, 0x00, 0x70, 0x00, 0x0E, 0x00, 0x1E, 0x00, 0x1C, 0x00,
  0x0C, 0x00, 0x0C, 0x00, 0x00, 0x00, 0x00, 0x7F, 0xFE, 0x3C, 0x0C, 0x78,
  0x18, 0xF0, 0x11, 0xE0, 0x03, 0xC3, 0x07, 0x86, 0x0F, 0xFC, 0x1E, 0x18,
  0x3C, 0x30, 0x78, 0x40, 0xF0, 0x09, 0xE0, 0x33, 0xC0, 0x67, 0x81, 0xFF,
  0xFF, 0x80, 0x00, 0xE0, 0x03, 0xC0, 0x07, 0x00, 0x18, 0x00, 0x60, 0x00,
  0x00, 0x00, 0x00, 0x7F, 0xFE, 0x3C, 0x0C, 0x78, 0x18, 0xF0, 0x11, 0xE0,
  0x03, 0xC3, 0x07, 0x86, 0x0F, 0xFC, 0x1E, 0x18, 0x3C, 0x30, 0x78, 0x40,
  0xF0, 0x09, 0xE0, 0x33, 0xC0, 0x67, 0x81, 0xFF, 0xFF, 0x80, 0x01, 0x80,
  0x07, 0x80, 0x1F, 0x80, 0x33, 0x00, 0xC3, 0x00, 0x00, 0x00, 0x00, 0x7F,
  0xFE, 0x3C, 0x0C, 0x78, 0x18, 0xF0, 0x11, 0xE0, 0x03, 0xC3, 0x07, 0x86,
  0x0F, 0xFC, 0x1E, 0x18, 0x3C, 0x30, 0x78, 0x40, 0xF0, 0x09, 0xE0, 0x33,
  0xC0, 0x67, 0x81, 0xFF, 0xFF, 0x80, 0x0C, 0x30, 0x3C, 0xF0, 0x79, 0xE0,
  0x73, 0x80, 0x00, 0x00, 0x00, 0x00, 0x00, 0x7F, 0xFE, 0x3C, 0x0C, 0x78,
  0x18, 0xF0, 0x11, 0xE0, 0x03, 0xC3, 0x07, 0x86, 0x0F, 0xFC, 0x1E, 0x18,
  0x3C, 0x30, 0x78, 0x40, 0xF0, 0x09, 0xE0, 0x33, 0xC0, 0x67, 0x81, 0xFF,
  0xFF, 0x80, 0x60, 0xF0, 0x70, 0x18, 0x0C, 0x00, 0x00, 0xFF, 0x3C, 0x3C,
  0x3C, 0x3C, 0x3C, 0x3C, 0x3C, 0x3C, 0x3C, 0x3C, 0x3C, 0x3C, 0x3C, 0x3C,
  0xFF, 0x0E, 0x1E, 0x1C, 0x30, 0x60, 0x00, 0x00, 0xFF, 0x3C, 0x3C, 0x3C,
  0x3C, 0x3C, 0x3C, 0x3C, 0x3C, 0x3C, 0x3C, 0x3C, 0x3C, 0x3C, 0x3C, 0xFF,
  0x18, 0x3C, 0x7E, 0x66, 0xC3, 0x00, 0x00, 0xFF, 0x3C, 0x3C, 0x3C, 0x3C,
  0x3C, 0x3C, 0x3C, 0x3C, 0x3C, 0x3C, 0x3C, 0x3C, 0x3C, 0x3C, 0xFF, 0x61,
  0xBC, 0xFF, 0x3D, 0xCE, 0x00, 0x00, 0x00, 0x01, 0xFE, 0x1E, 0x07, 0x81,
  0xE0, 0x78, 0x1E, 0x07, 0x81, 0xE0, 0x78, 0x1E, 0x07, 0x81, 0xE0, 0x78,
  0x1E, 0x07, 0x87, 0xF8, 0xFF, 0xF8, 0x0F, 0x07, 0x03, 0xC0, 0xF0, 0xF0,
  0x3C, 0x3C, 0x07, 0x8F, 0x01, 0xE3, 0xC0, 0x7B, 0xFE, 0x1F, 0x3C, 0x07,
  0x8F, 0x01, 0xE3, 0xC0, 0x78, 0xF0, 0x1E, 0x3C, 0x0F, 0x0F, 0x03, 0x83,
  0xC3, 0xC3, 0xFF, 0xC0, 0x00, 0x80, 0x00, 0x3E, 0x60, 0x07, 0xFC, 0x00,
  0x23, 0x80, 0x00, 0x00, 0x00, 0x00, 0x00, 0xFE, 0x07, 0xF1, 0xF0, 0x08,
  0x1F, 0x80, 0x81, 0xFC, 0x08, 0x1B, 0xE0, 0x81, 0xBE, 0x08, 0x19, 0xF0,
  0x81, 0x8F, 0x88, 0x18, 0x7C, 0x81, 0x83, 0xE8, 0x18, 0x1F, 0x81, 0x81,
  0xF8, 0x18, 0x0F, 0x81, 0x80, 0x78, 0x18, 0x03, 0x87, 0xE0, 0x18, 0x0E,
  0x00, 0x07, 0x80, 0x01, 0xC0, 0x00, 0x30, 0x00, 0x0C, 0x00, 0x00, 0x00,
  0x03, 0x00, 0x1E, 0xF0, 0x1C, 0x1E, 0x1C, 0x07, 0x1E, 0x03, 0xCF, 0x01,
  0xFF, 0x80, 0x7F, 0xC0, 0x3F, 0xC0, 0x1F, 0xE0, 0x0F, 0xF8, 0x07, 0xFC,
  0x03, 0xDE, 0x03, 0xCF, 0x01, 0xE3, 0xC0, 0xE0, 0xE0, 0xE0, 0x1F, 0xE0,
  0x00, 0x70, 0x00, 0x78, 0x00, 0x38, 0x00, 0x30, 0x00, 0x30, 0x00, 0x00,
  0x00, 0x03, 0x00, 0x1E, 0xF0, 0x1C, 0x1E, 0x1C, 0x07, 0x1E, 0x03, 0xCF,
  0x01, 0xFF, 0x80, 0x7F, 0xC0, 0x3F, 0xC0, 0x1F, 0xE0, 0x0F, 0xF8, 0x07,
  0xFC, 0x03, 0xDE, 0x03, 0xCF, 0x01, 0xE3, 0xC0, 0xE0, 0xE0, 0xE0, 0x1F,
  0xE0, 0x00, 0xC0, 0x00, 0xF0, 0x00, 0xFC, 0x00, 0x66, 0x00, 0x61, 0x80,
  0x00, 0x00, 0x03, 0x00, 0x1E, 0xF0, 0x1C, 0x1E, 0x1C, 0x07, 0x1E, 0x03,
  0xCF, 0x01, 0xFF, 0x80, 0x7F, 0xC0, 0x3F, 0xC0, 0x1F, 0xE0, 0x0F, 0xF8,
  0x07, 0xFC, 0x03, 0xDE, 0x03, 0xCF, 0x01, 0xE3, 0xC0, 0xE0, 0xE0, 0xE0,
  0x1F, 0xE0, 0x01, 0x00, 0x03, 0xE6, 0x03, 0xFE, 0x00, 0x8E, 0x00, 0x00,
  0x00, 0x06, 0x00, 0x3D, 0xE0, 0x38, 0x3C, 0x38, 0x0E, 0x3C, 0x07, 0x9E,
  0x03, 0xFF, 0x00, 0xFF, 0x80, 0x7F, 0x80, 0x3F, 0xC0, 0x1F, 0xF0, 0x0F,
  0xF8, 0x07, 0xBC, 0x07, 0x9E, 0x03, 0xC7, 0x81, 0xC1, 0xC1, 0xC0, 0x3F,
  0xC0, 0x06, 0x18, 0x07, 0x9E, 0x03, 0xCF, 0x00, 0xE7, 0x00, 0x00, 0x00,
  0x00, 0x00, 0x03, 0x00, 0x1E, 0xF0, 0x1C, 0x1E, 0x1C, 0x07, 0x1E, 0x03,
  0xCF, 0x01, 0xFF, 0x80, 0x7F, 0xC0, 0x3F, 0xC0, 0x1F, 0xE0, 0x0F, 0xF8,
  0x07, 0xFC, 0x03, 0xDE, 0x03, 0xCF, 0x01, 0xE3, 0xC0, 0xE0, 0xE0, 0xE0,
  0x1F, 0xE0, 0x40, 0x5C, 0x1D, 0xC6, 0x1D, 0x81, 0xE0, 0x1C, 0x07, 0xC1,
  0x9C, 0x61, 0x98, 0x1D, 0x01, 0x00, 0x00, 0x02, 0x00, 0x62, 0x03, 0xDF,
  0x03, 0x83, 0xC3, 0x81, 0xE3, 0xC0, 0xF9, 0xE0, 0xBF, 0xF0, 0xCF, 0xF8,
  0x47, 0xF8, 0x63, 0xFC, 0x21, 0xFF, 0x20, 0xFF, 0x90, 0x7B, 0xD0, 0x79,
  0xF8, 0x3C, 0x78, 0x1C, 0x1C, 0x1C, 0x07, 0xFC, 0x04, 0x00, 0x02, 0x00,
  0x00, 0x07, 0x00, 0x01, 0xE0, 0x00, 0x38, 0x00, 0x03, 0x00, 0x00, 0x60,
  0x00, 0x00, 0x00, 0x00, 0x03, 0xFC, 0x3F, 0x3C, 0x03, 0x0F, 0x00, 0xC3,
  0xC0, 0x30, 0xF0, 0x0C, 0x3C, 0x03, 0x0F, 0x00, 0xC3, 0xC0, 0x30, 0xF0,
  0x0C, 0x3C, 0x03, 0x0F, 0x00, 0xC3, 0xC0, 0x20, 0xF0, 0x08, 0x1C, 0x06,
  0x07, 0x83, 0x00, 0x7F, 0x80, 0x00, 0x38, 0x00, 0x1E, 0x00, 0x07, 0x00,
  0x03, 0x00, 0x01, 0x80, 0x00, 0x00, 0x00, 0x00, 0x03, 0xFC, 0x3F, 0x3C,
  0x03, 0x0F, 0x00, 0xC3, 0xC0, 0x30, 0xF0, 0x0C, 0x3C, 0x03, 0x0F, 0x00,
  0xC3, 0xC0, 0x30, 0xF0, 0x0C, 0x3C, 0x03, 0x0F, 0x00, 0xC3, 0xC0, 0x20,
  0xF0, 0x08, 0x1C, 0x06, 0x07, 0x83, 0x00, 0x7F, 0x80, 0x00, 0xC0, 0x00,
  0x78, 0x00, 0x3F, 0x00, 0x0C, 0xC0, 0x06, 0x18, 0x00, 0x00, 0x00, 0x00,
  0x03, 0xFC, 0x3F, 0x3C, 0x03, 0x0F, 0x00, 0xC3, 0xC0, 0x30, 0xF0, 0x0C,
  0x3C, 0x03, 0x0F, 0x00, 0xC3, 0xC0, 0x30, 0xF0, 0x0C, 0x3C, 0x03, 0x0F,
  0x00, 0xC3, 0xC0, 0x20, 0xF0, 0x08, 0x1C, 0x06, 0x07, 0x83, 0x00, 0x7F,
  0x80, 0x06, 0x18, 0x03, 0xCF, 0x00, 0xF3, 0xC0, 0x1C, 0xE0, 0x00, 0x00,
  0x00, 0x00, 0x00, 0x00, 0x03, 0xFC, 0x3F, 0x3C, 0x03, 0x0F, 0x00, 0xC3,
  0xC0, 0x30, 0xF0, 0x0C, 0x3C, 0x03, 0x0F, 0x00, 0xC3, 0xC0, 0x30, 0xF0,
  0x0C, 0x3C, 0x03, 0x0F, 0x00, 0xC3, 0xC0, 0x20, 0xF0, 0x08, 0x1C, 0x06,
  0x07, 0x83, 0x00, 0x7F, 0x80, 0x00, 0x38, 0x00, 0x1E, 0x00, 0x07, 0x00,
  0x03, 0x00, 0x01, 0x80, 0x00, 0x00, 0x00, 0x00, 0x03, 0xFC, 0x3F, 0x3C,
  0x03, 0x0F, 0x81, 0x81, 0xE0, 0x40, 0x3C, 0x30, 0x0F, 0x08, 0x01, 0xE6,
  0x00, 0x7D, 0x00, 0x0F, 0xC0, 0x01, 0xE0, 0x00, 0x78, 0x00, 0x1E, 0x00,
  0x07, 0x80, 0x01, 0xE0, 0x00, 0x78, 0x00, 0x7F, 0x80, 0xFF, 0x00, 0x78,
  0x00, 0xF0, 0x01, 0xFF, 0x83, 0xC7, 0xC7, 0x87, 0xCF, 0x07, 0x9E, 0x0F,
  0x3C, 0x1E, 0x78, 0x7C, 0xF0, 0xF1, 0xFF, 0xC3, 0xC0, 0x07, 0x80, 0x0F,
  0x00, 0x7F, 0x80, 0x03, 0xE0, 0x18, 0xF0, 0x71, 0xE1, 0xC1, 0xC3, 0x87,
  0x87, 0x0C, 0x0E, 0x30, 0x1C, 0xE0, 0x38, 0xE0, 0x71, 0xF0, 0xE1, 0xF1,
  0xC1, 0xF3, 0x83, 0xE7, 0x03, 0xCE, 0x47, 0x9D, 0x8F, 0x3B, 0x9D, 0xF3,
  0xE0, 0x30, 0x01, 0xC0, 0x0F, 0x00, 0x18, 0x00, 0x20, 0x00, 0x00, 0x18,
  0x07, 0x78, 0x71, 0xE3, 0x0F, 0x08, 0x78, 0x0F, 0xC3, 0xDE, 0x38, 0xF3,
  0xC7, 0x9E, 0x3C, 0xFB, 0xE3, 0xF7, 0xC0, 0x01, 0xC0, 0x0E, 0x00, 0xE0,
  0x0C, 0x00, 0x40, 0x00, 0x00, 0x18, 0x07, 0x78, 0x71, 0xE3, 0x0F, 0x08,
  0x78, 0x0F, 0xC3, 0xDE, 0x38, 0xF3, 0xC7, 0x9E, 0x3C, 0xFB, 0xE3, 0xF7,
  0xC0, 0x06, 0x00, 0x78, 0x07, 0xC0, 0x73, 0x07, 0x0C, 0x00, 0x00, 0x18,
  0x07, 0x78, 0x71, 0xE3, 0x0F, 0x08, 0x78, 0x0F, 0xC3, 0xDE, 0x38, 0xF3,
  0xC7, 0x9E, 0x3C, 0xFB, 0xE3, 0xF7, 0xC0, 0x08, 0x00, 0xE2, 0x0F, 0xF0,
  0x47, 0x00, 0x00, 0x03, 0x00, 0xEF, 0x0E, 0x3C, 0x61, 0xE1, 0x0F, 0x01,
  0xF8, 0x7B, 0xC7, 0x1E, 0x78, 0xF3, 0xC7, 0x9F, 0x7C, 0x7E, 0xF8, 0x39,
  0xC3, 0xCF, 0x1E, 0x78, 0x61, 0x80, 0x00, 0x03, 0x00, 0xEF, 0x0E, 0x3C,
  0x61, 0xE1, 0x0F, 0x01, 0xF8, 0x7B, 0xC7, 0x1E, 0x78, 0xF3, 0xC7, 0x9F,
  0x7C, 0x7E, 0xF8, 0x0F, 0x00, 0xFC, 0x0C, 0x30, 0x21, 0x81, 0xF8, 0x07,
  0x80, 0x00, 0x00, 0xC0, 0x3B, 0xC3, 0x8F, 0x18, 0x78, 0x43, 0xC0, 0x7E,
  0x1E, 0xF1, 0xC7, 0x9E, 0x3C, 0xF1, 0xE7, 0xDF, 0x1F, 0xBE, 0x06, 0x1E,
  0x0E, 0xFD, 0xE7, 0x1E, 0x3D, 0x87, 0x8F, 0x21, 0xE1, 0xC1, 0xFF, 0xF3,
  0xDE, 0x01, 0xC7, 0x80, 0xF1, 0xE0, 0x3C, 0x78, 0x1F, 0xBF, 0x89, 0xF9,
  0xFC, 0x07, 0x07, 0xB9, 0xE7, 0xF8, 0x7F, 0x0F, 0xE0, 0x3C, 0x07, 0x80,
  0xF0, 0x1F, 0x0D, 0xF3, 0x1F, 0xC0, 0x40, 0x0E, 0x00, 0xE0, 0x1C, 0x1F,
  0x81, 0xC0, 0x18, 0x01, 0xC0, 0x1E, 0x00, 0x60, 0x01, 0x00, 0x00, 0x06,
  0x03, 0xDC, 0x70, 0xEF, 0x0E, 0xF0, 0xFF, 0xFF, 0xF0, 0x0F, 0x00, 0xF0,
  0x0F, 0x82, 0x7C, 0x63, 0xFC, 0x01, 0xC0, 0x1C, 0x03, 0x80, 0x60, 0x04,
  0x00, 0x00, 0x06, 0x03, 0xDC, 0x70, 0xEF, 0x0E, 0xF0, 0xFF, 0xFF, 0xF0,
  0x0F, 0x00, 0xF0, 0x0F, 0x82, 0x7C, 0x63, 0xFC, 0x03, 0x00, 0x78, 0x0F,
  0x81, 0xCC, 0x38, 0x60, 0x00, 0x06, 0x03, 0xDC, 0x70, 0xEF, 0x0E, 0xF0,
  0xFF, 0xFF, 0xF0, 0x0F, 0x00, 0xF0, 0x0F, 0x82, 0x7C, 0x63, 0xFC, 0x39,
  0xC7, 0x9E, 0x79, 0xE3, 0x0C, 0x00, 0x00, 0x60, 0x3D, 0xC7, 0x0E, 0xF0,
  0xEF, 0x0F, 0xFF, 0xFF, 0x00, 0xF0, 0x0F, 0x00, 0xF8, 0x27, 0xC6, 0x3F,
  0xC0, 0xC1, 0xC3, 0xC1, 0x80, 0x80, 0x00, 0x7C, 0x78, 0x70, 0xE1, 0xC3,
  0x87, 0x0E, 0x1C, 0x39, 0xFC, 0x0E, 0x1C, 0x71, 0x82, 0x00, 0x00, 0x7C,
  0x78, 0x70, 0xE1, 0xC3, 0x87, 0x0E, 0x1C, 0x39, 0xFC, 0x0C, 0x0F, 0x0F,
  0x8E, 0x6E, 0x18, 0x00, 0x00, 0xF8, 0x3C, 0x0E, 0x07, 0x03, 0x81, 0xC0,
  0xE0, 0x70, 0x38, 0x1C, 0x3F, 0x80, 0x73, 0xBC, 0xFF, 0x3D, 0x86, 0x00,
  0x00, 0x03, 0xE0, 0x78, 0x0E, 0x03, 0x80, 0xE0, 0x38, 0x0E, 0x03, 0x80,
  0xE0, 0x38, 0x3F, 0x80, 0x00, 0xC1, 0xEC, 0x03, 0xC0, 0x1F, 0x01, 0x9C,
  0x00, 0x70, 0x03, 0xC0, 0x0E, 0x1F, 0x71, 0xC7, 0xDE, 0x1F, 0xE0, 0xFF,
  0x07, 0xF8, 0x3F, 0xC1, 0xFE, 0x0E, 0x70, 0x73, 0xC7, 0x07, 0xF0, 0x02,
  0x00, 0x07, 0x10, 0x0F, 0xF0, 0x08, 0xE0, 0x00, 0x00, 0x00, 0x20, 0xFD,
  0xFC, 0x3F, 0x3C, 0x3C, 0x3C, 0x3C, 0x3C, 0x3C, 0x3C, 0x3C, 0x3C, 0x3C,
  0x3C, 0x3C, 0x3C, 0x3C, 0x3C, 0x3C, 0x3C, 0x7F, 0x7F, 0x18, 0x00, 0xE0,
  0x07, 0x80, 0x0C, 0x00, 0x10, 0x00, 0x00, 0x1C, 0x07, 0xBC, 0x78, 0xF7,
  0x83, 0xBC, 0x1F, 0xE0, 0xFF, 0x07, 0xF8, 0x3F, 0xC1, 0xEE, 0x0E, 0x78,
  0xF0, 0xFE, 0x00, 0x01, 0xC0, 0x0E, 0x00, 0xE0, 0x0C, 0x00, 0x40, 0x00,
  0x00, 0x1C, 0x07, 0xBC, 0x78, 0xF7, 0x83, 0xBC, 0x1F, 0xE0, 0xFF, 0x07,
  0xF8, 0x3F, 0xC1, 0xEE, 0x0E, 0x78, 0xF0, 0xFE, 0x00, 0x03, 0x00, 0x3C,
  0x03, 0xE0, 0x39, 0x83, 0x86, 0x00, 0x00, 0x1C, 0x07, 0xBC, 0x78, 0xF7,
  0x83, 0xBC, 0x1F, 0xE0, 0xFF, 0x07, 0xF8, 0x3F, 0xC1, 0xEE, 0x0E, 0x78,
  0xF0, 0xFE, 0x00, 0x08, 0x00, 0xE2, 0x0F, 0xF0, 0x47, 0x00, 0x00, 0x03,
  0x80, 0xF7, 0x8F, 0x1E, 0xF0, 0x77, 0x83, 0xFC, 0x1F, 0xE0, 0xFF, 0x07,
  0xF8, 0x3D, 0xC1, 0xCF, 0x1E, 0x1F, 0xC0, 0x39, 0xC3, 0xCF, 0x1E, 0x78,
  0x61, 0x80, 0x00, 0x03, 0x80, 0xF7, 0x8F, 0x1E, 0xF0, 0x77, 0x83, 0xFC,
  0x1F, 0xE0, 0xFF, 0x07, 0xF8, 0x3D, 0xC1, 0xCF, 0x1E, 0x1F, 0xC0, 0x0E,
  0x03, 0xE0, 0x7C, 0x07, 0x00, 0x00, 0x00, 0x3F, 0xF8, 0x00, 0x00, 0x01,
  0xC0, 0x7C, 0x0F, 0x00, 0xE0, 0x00, 0x40, 0x3A, 0x0F, 0x78, 0xF1, 0xEF,
  0x17, 0x78, 0xBF, 0xC9, 0xFE, 0x4F, 0xF4, 0x7F, 0xA3, 0xDE, 0x1C, 0xF1,
  0xE1, 0xFC, 0x08, 0x00, 0xC0, 0x00, 0x18, 0x00, 0x70, 0x01, 0xE0, 0x01,
  0x80, 0x01, 0x00, 0x00, 0x00, 0x00, 0x3E, 0x7E, 0x78, 0x79, 0xE1, 0xE7,
  0x87, 0x9E, 0x1E, 0x78, 0x79, 0xE1, 0xE7, 0x87, 0x9E, 0x1E, 0x7F, 0xF8,
  0xFD, 0xF0, 0x01, 0xC0, 0x07, 0x00, 0x38, 0x01, 0x80, 0x04, 0x00, 0x00,
  0x00, 0x00, 0x3E, 0x7E, 0x78, 0x79, 0xE1, 0xE7, 0x87, 0x9E, 0x1E, 0x78,
  0x79, 0xE1, 0xE7, 0x87, 0x9E, 0x1E, 0x7F, 0xF8, 0xFD, 0xF0, 0x03, 0x00,
  0x1E, 0x00, 0xF8, 0x07, 0x30, 0x38, 0x60, 0x00, 0x00, 0x00, 0x3E, 0x7E,
  0x78, 0x79, 0xE1, 0xE7, 0x87, 0x9E, 0x1E, 0x78, 0x79, 0xE1, 0xE7, 0x87,
  0x9E, 0x1E, 0x7F, 0xF8, 0xFD, 0xF0, 0x1C, 0xE0, 0xF3, 0xC3, 0xCF, 0x06,
  0x18, 0x00, 0x00, 0x00, 0x0F, 0x9F, 0x9E, 0x1E, 0x78, 0x79, 0xE1, 0xE7,
  0x87, 0x9E, 0x1E, 0x78, 0x79, 0xE1, 0xE7, 0x87, 0x9F, 0xFE, 0x3F, 0x7C,
  0x00, 0xE0, 0x03, 0x80, 0x1C, 0x00, 0xC0, 0x02, 0x00, 0x00, 0x00, 0x00,
  0x3F, 0x9F, 0x7C, 0x30, 0xF0, 0x83, 0xC6, 0x07, 0x98, 0x1E, 0x40, 0x3B,
  0x00, 0xF8, 0x01, 0xE0, 0x07, 0x80, 0x0C, 0x00, 0x30, 0x00, 0x80, 0x66,
  0x01, 0xF0, 0x07, 0x80, 0x00, 0xF8, 0x01, 0xE0, 0x03, 0x80, 0x0E, 0x00,
  0x38, 0x00, 0xE0, 0x03, 0x8C, 0x0E, 0xFC, 0x3C, 0x78, 0xE0, 0xF3, 0x83,
  0xCE, 0x0F, 0x38, 0x3C, 0xE0, 0xF3, 0x83, 0xCE, 0x0E, 0x3C, 0x78, 0xFF,
  0x83, 0x80, 0x0E, 0x00, 0x38, 0x00, 0xE0, 0x0F, 0xE0, 0x00, 0x1C, 0xE0,
  0xF3, 0xC3, 0xCF, 0x06, 0x18, 0x00, 0x00, 0x00, 0x0F, 0xE7, 0xDF, 0x0C,
  0x3C, 0x20, 0xF1, 0x81, 0xE6, 0x07, 0x90, 0x0E, 0xC0, 0x3E, 0x00, 0x78,
  0x01, 0xE0, 0x03, 0x00, 0x0C, 0x00, 0x20, 0x19, 0x80, 0x7C, 0x01, 0xE0,
  0x00 };

const GFXglyph Gelasio_Bold12pt8bGlyphs[] PROGMEM = {
  {     0,   1,   1,   6,    0,    0 },   // 0x20 ' '
  {     1,   5,  18,   9,    2,  -17 },   // 0x21 '!'
  {    13,   9,   8,  12,    2,  -18 },   // 0x22 '"'
  {    22,  13,  16,  17,    2,  -15 },   // 0x23 '#'
  {    48,  13,  21,  15,    1,  -17 },   // 0x24 '$'
  {    83,  19,  17,  21,    1,  -16 },   // 0x25 '%'
  {   124,  18,  17,  19,    0,  -16 },   // 0x26 '&'
  {   163,   3,   8,   6,    2,  -18 },   // 0x27 '''
  {   166,   8,  22,  11,    1,  -17 },   // 0x28 '('
  {   188,   8,  22,  11,    1,  -17 },   // 0x29 ')'
  {   210,  11,  11,  11,    0,  -17 },   // 0x2A '*'
  {   226,  11,  11,  17,    3,  -11 },   // 0x2B '+'
  {   242,   4,   8,   8,    2,   -3 },   // 0x2C ','
  {   246,   7,   2,   9,    1,   -6 },   // 0x2D '-'
  {   248,   4,   4,   8,    2,   -3 },   // 0x2E '.'
  {   250,   9,  23,  11,    1,  -17 },   // 0x2F '/'
  {   276,  14,  14,  16,    1,  -13 },   // 0x30 '0'
  {   301,   9,  14,  12,    1,  -13 },   // 0x31 '1'
  {   317,  13,  14,  15,    1,  -13 },   // 0x32 '2'
  {   340,  13,  19,  15,    1,  -13 },   // 0x33 '3'
  {   371,  14,  18,  15,    1,  -13 },   // 0x34 '4'
  {   403,  12,  19,  14,    1,  -13 },   // 0x35 '5'
  {   432,  13,  18,  15,    1,  -17 },   // 0x36 '6'
  {   462,  12,  18,  13,    1,  -13 },   // 0x37 '7'
  {   489,  14,  17,  16,    1,  -16 },   // 0x38 '8'
  {   519,  13,  18,  15,    1,  -13 },   // 0x39 '9'
  {   549,   4,  11,   9,    3,  -10 },   // 0x3A ':'
  {   555,   5,  15,   9,    2,  -10 },   // 0x3B ';'
  {   565,  12,  13,  17,    2,  -12 },   // 0x3C '<'
  {   585,  11,   7,  17,    3,   -9 },   // 0x3D '='
  {   595,  11,  13,  17,    3,  -12 },   // 0x3E '>'
  {   613,  11,  18,  13,    1,  -17 },   // 0x3F '?'
  {   638,  19,  20,  23,    2,  -15 },   // 0x40 '@'
  {   686,  18,  17,  18,    0,  -16 },   // 0x41 'A'
  {   725,  16,  16,  18,    1,  -15 },   // 0x42 'B'
  {   757,  15,  17,  17,    1,  -16 },   // 0x43 'C'
  {   789,  18,  16,  20,    1,  -15 },   // 0x44 'D'
  {   825,  15,  16,  17,    1,  -15 },   // 0x45 'E'
  {   855,  14,  16,  16,    1,  -15 },   // 0x46 'F'
  {   883,  17,  17,  19,    1,  -16 },   // 0x47 'G'
  {   920,  19,  16,  21,    1,  -15 },   // 0x48 'H'
  {   958,   8,  16,  10,    1,  -15 },   // 0x49 'I'
  {   974,  14,  16,  14,    0,  -15 },   // 0x4A 'J'
  {  1002,  18,  16,  19,    1,  -15 },   // 0x4B 'K'
  {  1038,  15,  16,  16,    1,  -15 },   // 0x4C 'L'
  {  1068,  22,  16,  24,    1,  -15 },   // 0x4D 'M'
  {  1112,  20,  16,  20,    0,  -15 },   // 0x4E 'N'
  {  1152,  17,  17,  19,    1,  -16 },   // 0x4F 'O'
  {  1189,  15,  16,  16,    1,  -15 },   // 0x50 'P'
  {  1219,  17,  22,  19,    1,  -16 },   // 0x51 'Q'
  {  1266,  17,  16,  19,    1,  -15 },   // 0x52 'R'
  {  1300,  13,  17,  15,    1,  -16 },   // 0x53 'S'
  {  1328,  16,  16,  16,    0,  -15 },   // 0x54 'T'
  {  1360,  18,  16,  20,    1,  -15 },   // 0x55 'U'
  {  1396,  19,  16,  18,   -1,  -15 },   // 0x56 'V'
  {  1434,  27,  16,  26,    0,  -15 },   // 0x57 'W'
  {  1488,  19,  16,  19,    0,  -15 },   // 0x58 'X'
  {  1526,  18,  16,  17,    0,  -15 },   // 0x59 'Y'
  {  1562,  14,  16,  16,    1,  -15 },   // 0x5A 'Z'
  {  1590,   7,  22,  11,    2,  -17 },   // 0x5B '['
  {  1610,   9,  23,  11,    0,  -16 },   // 0x5C '\'
  {  1636,   6,  22,  11,    2,  -17 },   // 0x5D ']'
  {  1653,  12,  13,  17,    2,  -15 },   // 0x5E '^'
  {  1673,  17,   1,  17,    0,    3 },   // 0x5F '_'
  {  1676,   6,   5,  12,    2,  -17 },   // 0x60 '`'
  {  1680,  13,  12,  14,    1,  -11 },   // 0x61 'a'
  {  1700,  14,  18,  15,    0,  -17 },   // 0x62 'b'
  {  1732,  11,  12,  12,    1,  -11 },   // 0x63 'c'
  {  1749,  14,  18,  16,    1,  -17 },   // 0x64 'd'
  {  1781,  12,  12,  13,    1,  -11 },   // 0x65 'e'
  {  1799,   9,  18,   9,    1,  -17 },   // 0x66 'f'
  {  1820,  14,  17,  14,    0,  -11 },   // 0x67 'g'
  {  1850,  16,  18,  16,    0,  -17 },   // 0x68 'h'
  {  1886,   7,  17,   8,    1,  -16 },   // 0x69 'i'
  {  1901,   8,  22,   8,   -2,  -16 },   // 0x6A 'j'
  {  1923,  15,  18,  15,    0,  -17 },   // 0x6B 'k'
  {  1957,   8,  18,   8,    0,  -17 },   // 0x6C 'l'
  {  1975,  24,  12,  24,    0,  -11 },   // 0x6D 'm'
  {  2011,  16,  12,  16,    0,  -11 },   // 0x6E 'n'
  {  2035,  13,  12,  15,    1,  -11 },   // 0x6F 'o'
  {  2055,  15,  17,  15,    0,  -11 },   // 0x70 'p'
  {  2087,  14,  17,  15,    1,  -11 },   // 0x71 'q'
  {  2117,  12,  12,  12,    0,  -11 },   // 0x72 'r'
  {  2135,  10,  12,  12,    1,  -11 },   // 0x73 's'
  {  2150,   8,  15,   9,    1,  -14 },   // 0x74 't'
  {  2165,  14,  11,  16,    1,  -10 },   // 0x75 'u'
  {  2185,  15,  11,  13,   -1,  -10 },   // 0x76 'v'
  {  2206,  21,  11,  20,    0,  -10 },   // 0x77 'w'
  {  2235,  14,  11,  14,    0,  -10 },   // 0x78 'x'
  {  2255,  14,  16,  13,    0,  -10 },   // 0x79 'y'
  {  2283,  12,  11,  12,    0,  -10 },   // 0x7A 'z'
  {  2300,   9,  22,  12,    1,  -17 },   // 0x7B '{'
  {  2325,   1,  22,   9,    4,  -17 },   // 0x7C '|'
  {  2328,  10,  22,  12,    1,  -17 },   // 0x7D '}'
  {  2356,  11,   4,  17,    3,   -8 },   // 0x7E '~'
  {  2362,   1,   1,  12,    0,    0 },   // 0x7F
  {  2363,  18,  18,  24,    3,  -17 },   // 0x80
  {  2404,  18,  18,  24,    3,  -17 },   // 0x81
  {  2445,  18,  18,  24,    3,  -17 },   // 0x82
  {  2486,  18,  18,  24,    3,  -17 },   // 0x83
  {  2527,  18,  18,  24,    3,  -17 },   // 0x84
  {  2568,  18,  18,  24,    3,  -17 },   // 0x85
  {  2609,  18,  18,  24,    3,  -17 },   // 0x86
  {  2650,  18,  18,  24,    3,  -17 },   // 0x87
  {  2691,  18,  18,  24,    3,  -17 },   // 0x88
  {  2732,  18,  18,  24,    3,  -17 },   // 0x89
  {  2773,  18,  18,  24,    3,  -17 },   // 0x8A
  {  2814,  18,  18,  24,    3,  -17 },   // 0x8B
  {  2855,  18,  18,  24,    3,  -17 },   // 0x8C
  {  2896,  18,  18,  24,    3,  -17 },   // 0x8D
  {  2937,  18,  18,  24,    3,  -17 },   // 0x8E
  {  2978,  18,  18,  24,    3,  -17 },   // 0x8F
  {  3019,  18,  18,  24,    3,  -17 },   // 0x90
  {  3060,  18,  18,  24,    3,  -17 },   // 0x91
  {  3101,  18,  18,  24,    3,  -17 },   // 0x92
  {  3142,  18,  18,  24,    3,  -17 },   // 0x93
  {  3183,  18,  18,  24,    3,  -17 },   // 0x94
  {  3224,  18,  18,  24,    3,  -17 },   // 0x95
  {  3265,  18,  18,  24,    3,  -17 },   // 0x96
  {  3306,  18,  18,  24,    3,  -17 },   // 0x97
  {  3347,  18,  18,  24,    3,  -17 },   // 0x98
  {  3388,  18,  18,  24,    3,  -17 },   // 0x99
  {  3429,  18,  18,  24,    3,  -17 },   // 0x9A
  {  3470,  18,  18,  24,    3,  -17 },   // 0x9B
  {  3511,  18,  18,  24,    3,  -17 },   // 0x9C
  {  3552,  18,  18,  24,    3,  -17 },   // 0x9D
  {  3593,  18,  18,  24,    3,  -17 },   // 0x9E
  {  3634,  18,  18,  24,    3,  -17 },   // 0x9F
  {  3675,   1,   1,   6,    0,    0 },   // 0xA0
  {  3676,   5,  18,   9,    2,  -16 },   // 0xA1
  {  3688,  12,  17,  14,    1,  -13 },   // 0xA2
  {  3714,  14,  17,  16,    1,  -16 },   // 0xA3
  {  3744,  11,  11,  17,    2,  -11 },   // 0xA4
  {  3760,  18,  16,  17,    0,  -15 },   // 0xA5
  {  3796,   1,  22,   9,    4,  -17 },   // 0xA6
  {  3799,  10,  22,  13,    2,  -16 },   // 0xA7
  {  3827,   9,   3,  12,    1,  -16 },   // 0xA8
  {  3831,  20,  20,  22,    1,  -16 },   // 0xA9
  {  3881,  10,  10,  13,    2,  -16 },   // 0xAA
  {  3894,  12,  11,  14,    1,  -11 },   // 0xAB
  {  3911,  11,   6,  17,    3,   -6 },   // 0xAC
  {  3920,  18,  18,  24,    3,  -17 },   // 0xAD
  {  3961,  20,  20,  22,    1,  -16 },   // 0xAE
  {  4011,   7,   1,  17,    0,  -15 },   // 0xAF
  {  4012,   8,   8,  10,    1,  -16 },   // 0xB0
  {  4020,  11,  12,  17,    3,  -11 },   // 0xB1
  {  4037,  10,  11,  13,    1,  -19 },   // 0xB2
  {  4051,  10,  11,  13,    1,  -19 },   // 0xB3
  {  4065,   5,   5,  12,    3,  -17 },   // 0xB4
  {  4069,  13,  16,  16,    2,  -10 },   // 0xB5
  {  4095,  12,  19,  13,    1,  -15 },   // 0xB6
  {  4124,   4,   4,   8,    2,   -9 },   // 0xB7
  {  4126,   6,   6,   6,    0,    1 },   // 0xB8
  {  4131,  10,  11,  13,    1,  -19 },   // 0xB9
  {  4145,  11,  10,  13,    1,  -16 },   // 0xBA
  {  4159,  11,  11,  14,    2,  -11 },   // 0xBB
  {  4175,  24,  17,  25,    1,  -16 },   // 0xBC
  {  4226,  24,  17,  25,    0,  -16 },   // 0xBD
  {  4277,  25,  17,  25,    0,  -16 },   // 0xBE
  {  4331,  11,  18,  13,    1,  -17 },   // 0xBF
  {  4356,  18,  23,  18,    0,  -22 },   // 0xC0
  {  4408,  18,  23,  18,    0,  -22 },   // 0xC1
  {  4460,  18,  23,  18,    0,  -22 },   // 0xC2
  {  4512,  18,  22,  18,    0,  -21 },   // 0xC3
  {  4562,  18,  23,  18,    0,  -22 },   // 0xC4
  {  4614,  18,  22,  18,    0,  -21 },   // 0xC5
  {  4664,  25,  16,  25,   -1,  -15 },   // 0xC6
  {  4714,  15,  23,  17,    1,  -16 },   // 0xC7
  {  4758,  15,  23,  17,    1,  -22 },   // 0xC8
  {  4802,  15,  23,  17,    1,  -22 },   // 0xC9
  {  4846,  15,  23,  17,    1,  -22 },   // 0xCA
  {  4890,  15,  23,  17,    1,  -22 },   // 0xCB
  {  4934,   8,  23,  10,    1,  -22 },   // 0xCC
  {  4957,   8,  23,  10,    1,  -22 },   // 0xCD
  {  4980,   8,  23,  10,    1,  -22 },   // 0xCE
  {  5003,  10,  23,  10,    0,  -22 },   // 0xCF
  {  5032,  18,  16,  20,    1,  -15 },   // 0xD0
  {  5068,  20,  22,  20,    0,  -21 },   // 0xD1
  {  5123,  17,  23,  19,    1,  -22 },   // 0xD2
  {  5172,  17,  23,  19,    1,  -22 },   // 0xD3
  {  5221,  17,  23,  19,    1,  -22 },   // 0xD4
  {  5270,  17,  22,  19,    1,  -21 },   // 0xD5
  {  5317,  17,  23,  19,    1,  -22 },   // 0xD6
  {  5366,  11,  11,  17,    3,  -11 },   // 0xD7
  {  5382,  17,  20,  19,    1,  -17 },   // 0xD8
  {  5425,  18,  23,  20,    1,  -22 },   // 0xD9
  {  5477,  18,  23,  20,    1,  -22 },   // 0xDA
  {  5529,  18,  23,  20,    1,  -22 },   // 0xDB
  {  5581,  18,  23,  20,    1,  -22 },   // 0xDC
  {  5633,  18,  23,  17,    0,  -22 },   // 0xDD
  {  5685,  15,  16,  17,    1,  -15 },   // 0xDE
  {  5715,  15,  18,  15,    0,  -17 },   // 0xDF
  {  5749,  13,  18,  14,    1,  -17 },   // 0xE0
  {  5779,  13,  18,  14,    1,  -17 },   // 0xE1
  {  5809,  13,  18,  14,    1,  -17 },   // 0xE2
  {  5839,  13,  17,  14,    1,  -16 },   // 0xE3
  {  5867,  13,  17,  14,    1,  -16 },   // 0xE4
  {  5895,  13,  19,  14,    1,  -18 },   // 0xE5
  {  5926,  18,  12,  20,    1,  -11 },   // 0xE6
  {  5953,  11,  18,  12,    1,  -11 },   // 0xE7
  {  5978,  12,  18,  13,    1,  -17 },   // 0xE8
  {  6005,  12,  18,  13,    1,  -17 },   // 0xE9
  {  6032,  12,  18,  13,    1,  -17 },   // 0xEA
  {  6059,  12,  17,  13,    1,  -16 },   // 0xEB
  {  6085,   7,  18,   8,    1,  -17 },   // 0xEC
  {  6101,   7,  18,   8,    1,  -17 },   // 0xED
  {  6117,   9,  18,   8,    0,  -17 },   // 0xEE
  {  6138,  10,  17,   8,   -1,  -16 },   // 0xEF
  {  6160,  13,  19,  15,    1,  -18 },   // 0xF0
  {  6191,  16,  17,  16,    0,  -16 },   // 0xF1
  {  6225,  13,  18,  15,    1,  -17 },   // 0xF2
  {  6255,  13,  18,  15,    1,  -17 },   // 0xF3
  {  6285,  13,  18,  15,    1,  -17 },   // 0xF4
  {  6315,  13,  17,  15,    1,  -16 },   // 0xF5
  {  6343,  13,  17,  15,    1,  -16 },   // 0xF6
  {  6371,  11,  13,  17,    3,  -12 },   // 0xF7
  {  6389,  13,  15,  15,    1,  -12 },   // 0xF8
  {  6414,  14,  18,  16,    1,  -17 },   // 0xF9
  {  6446,  14,  18,  16,    1,  -17 },   // 0xFA
  {  6478,  14,  18,  16,    1,  -17 },   // 0xFB
  {  6510,  14,  17,  16,    1,  -16 },   // 0xFC
  {  6540,  14,  23,  13,    0,  -17 },   // 0xFD
  {  6581,  14,  23,  15,    0,  -17 },   // 0xFE
  {  6622,  14,  22,  13,    0,  -16 } }; // 0xFF

const GFXfont Gelasio_Bold12pt8b PROGMEM = {
  (uint8_t  *)Gelasio_Bold12pt8bBitmaps,
  (GFXglyph *)Gelasio_Bold12pt8bGlyphs,
  0x20, 0xFF, 30 };

// Approx. 8236 bytes

const uint8_t Gelasio_Bold13pt8bBitmaps[] PROGMEM = {
  0x00, 0x73, 0xEF, 0xFF, 0xF9, 0xE7, 0x1C, 0x30, 0xC3, 0x0C, 0x00, 0x02,
  0x1E, 0xFB, 0xE7, 0x80, 0x61, 0xBC, 0xFE, 0x3B, 0x8E, 0xE3, 0xB0, 0xCC,
  0x33, 0x0C, 0xC3, 0x00, 0x06, 0x10, 0x10, 0xC0, 0xC3, 0x03, 0x0C, 0x0C,
  0x33, 0xFF, 0xFF, 0xFF, 0xC2, 0x18, 0x18, 0x60, 0x61, 0x81, 0x84, 0x3F,
  0xFE, 0xFF, 0xF8, 0xC3, 0x03, 0x0C, 0x0C, 0x30, 0x31, 0x80, 0x86, 0x00,
  0x02, 0x00, 0x10, 0x03, 0xE4, 0x71, 0xE7, 0x03, 0x78, 0x1B, 0xC0, 0x5F,
  0x00, 0xFE, 0x03, 0xFC, 0x0F, 0xF8, 0x3F, 0xE0, 0x3F, 0xC0, 0x7E, 0x01,
  0xF8, 0x0F, 0xE0, 0x7F, 0x83, 0xA7, 0xF8, 0x0C, 0x00, 0x60, 0x03, 0x00,
  0x3E, 0x01, 0x87, 0x38, 0x30, 0x63, 0x86, 0x0E, 0x3C, 0x60, 0xE1, 0xCC,
  0x0E, 0x3C, 0x80, 0xE3, 0x98, 0x07, 0x3B, 0x00, 0x3F, 0x20, 0x00, 0x06,
  0x38, 0x00, 0xCE, 0xE0, 0x0D, 0xC7, 0x01, 0x9C, 0x70, 0x11, 0xC7, 0x03,
  0x1C, 0x70, 0x61, 0xC7, 0x06, 0x1C, 0x70, 0xC0, 0xFE, 0x07, 0xF0, 0x00,
  0xE3, 0x80, 0x1E, 0x18, 0x01, 0xE1, 0x80, 0x1E, 0x18, 0x01, 0xE3, 0x80,
  0x1F, 0x70, 0x00, 0xFC, 0x7F, 0x07, 0xC1, 0xC1, 0xFE, 0x18, 0x39, 0xF1,
  0x87, 0x8F, 0x98, 0x78, 0x7F, 0x0F, 0x83, 0xE0, 0x78, 0x3F, 0x07, 0xC1,
  0xF8, 0x3F, 0xFF, 0xC1, 0xFC, 0x7F, 0x6F, 0xEE, 0xEC, 0xCC, 0xC0, 0x03,
  0x87, 0x87, 0x87, 0x83, 0x83, 0xC1, 0xE0, 0xF0, 0xF0, 0x78, 0x3C, 0x1E,
  0x0F, 0x07, 0x83, 0xC0, 0xF0, 0x78, 0x3C, 0x0E, 0x07, 0x81, 0xC0, 0x78,
  0x0E, 0xE0, 0x3C, 0x07, 0x03, 0xC0, 0xE0, 0x78, 0x3C, 0x0F, 0x07, 0x83,
  0xC1, 0xE0, 0xF0, 0x78, 0x3C, 0x1E, 0x0F, 0x0F, 0x07, 0x83, 0x83, 0xC1,
  0xC1, 0xC3, 0x80, 0x06, 0x00, 0x70, 0x06, 0x06, 0x62, 0xF2, 0xF7, 0xFF,
  0x06, 0x00, 0xF0, 0x19, 0x83, 0x9C, 0x38, 0xC0, 0x06, 0x00, 0x60, 0x06,
  0x00, 0x60, 0x06, 0x0F, 0xFF, 0xFF, 0xF0, 0x60, 0x06, 0x00, 0x60, 0x06,
  0x00, 0x60, 0xF7, 0xBE, 0xF3, 0x18, 0xCC, 0x40, 0xFF, 0xFC, 0x27, 0xBF,
  0xEF, 0x00, 0x01, 0xC0, 0x60, 0x18, 0x06, 0x03, 0x00, 0xC0, 0x30, 0x08,
  0x06, 0x01, 0x80, 0x60, 0x30, 0x0C, 0x03, 0x00, 0xC0, 0x60, 0x18, 0x06,
  0x03, 0x00, 0xC0, 0x30, 0x0C, 0x06, 0x01, 0x80, 0xE0, 0x00, 0x07, 0xE0,
  0x1E, 0x78, 0x38, 0x3C, 0x78, 0x1E, 0x78, 0x1E, 0xF8, 0x1E, 0xF8, 0x1E,
  0xF8, 0x1F, 0xF8, 0x1F, 0xF8, 0x1E, 0x78, 0x1E, 0x78, 0x1E, 0x38, 0x1C,
  0x3C, 0x38, 0x0F, 0xF0, 0x0E, 0x1F, 0x3F, 0x9F, 0xC3, 0xE1, 0xF0, 0xF8,
  0x7C, 0x3E, 0x1F, 0x0F, 0x87, 0xC3, 0xE1, 0xF3, 0xFE, 0x0F, 0xC0, 0xE7,
  0xC7, 0x0F, 0xBC, 0x1E, 0xF0, 0x79, 0x81, 0xE0, 0x0F, 0x80, 0x3C, 0x01,
  0xE0, 0x0F, 0x00, 0x70, 0x03, 0x00, 0x1F, 0xFD, 0xFF, 0xFF, 0xFF, 0xC0,
  0x1F, 0xC1, 0xE7, 0x87, 0x0F, 0x3C, 0x1E, 0xE0, 0x79, 0x01, 0xE0, 0x0F,
  0x00, 0x3C, 0x03, 0xE0, 0x3F, 0x00, 0x1F, 0x00, 0x1E, 0x00, 0x7C, 0x01,
  0xFE, 0x07, 0xF8, 0x1F, 0xE0, 0x7B, 0x83, 0xE7, 0x9E, 0x07, 0xE0, 0x01,
  0x80, 0x07, 0x80, 0x0F, 0x80, 0x3E, 0x00, 0x78, 0x01, 0xE0, 0x03, 0xC0,
  0x0F, 0x00, 0x1C, 0x00, 0x71, 0xE0, 0xE3, 0xC3, 0x87, 0x86, 0x0F, 0x1F,
  0xFF, 0xFF, 0xFF, 0x80, 0x78, 0x00, 0xF0, 0x01, 0xE0, 0x03, 0xC0, 0x3F,
  0xF9, 0xFF, 0xCF, 0xFE, 0x7F, 0xE2, 0x00, 0x30, 0x01, 0x80, 0x0C, 0x20,
  0x7F, 0xE3, 0x8F, 0x90, 0x3E, 0x00, 0xF0, 0x07, 0x80, 0x3F, 0x81, 0xFC,
  0x0F, 0xE0, 0x77, 0x07, 0x9C, 0x78, 0x3F, 0x00, 0x00, 0xE0, 0x0E, 0x00,
  0xF0, 0x07, 0x80, 0x3C, 0x00, 0xF0, 0x07, 0x80, 0x1E, 0xF8, 0x7F, 0xFB,
  0xE1, 0xFF, 0x83, 0xFE, 0x0F, 0xF8, 0x3F, 0xE0, 0xF7, 0x83, 0xDE, 0x0F,
  0x78, 0x78, 0xF1, 0xC1, 0xFE, 0x00, 0x7F, 0xFF, 0xFF, 0xBF, 0xFD, 0xFF,
  0xEC, 0x06, 0x60, 0x32, 0x01, 0x80, 0x18, 0x00, 0xC0, 0x0E, 0x00, 0x60,
  0x07, 0x00, 0x30, 0x03, 0x80, 0x1C, 0x00, 0xC0, 0x0E, 0x00, 0x70, 0x07,
  0x00, 0x0F, 0xE0, 0x38, 0xF0, 0xE0, 0xE3, 0xC1, 0xE7, 0x83, 0xCF, 0x87,
  0x8F, 0x8E, 0x1F, 0xF0, 0x0F, 0xE0, 0x3F, 0xF0, 0xE7, 0xF3, 0x83, 0xEF,
  0x03, 0xFE, 0x03, 0xFC, 0x07, 0xBC, 0x0E, 0x3C, 0x38, 0x3F, 0xE0, 0x07,
  0xC0, 0x73, 0xC3, 0x87, 0x9E, 0x1E, 0xF8, 0x3F, 0xE0, 0xFF, 0x83, 0xFE,
  0x0F, 0xF8, 0x3D, 0xE0, 0xF7, 0xC7, 0xC7, 0xEF, 0x00, 0x78, 0x01, 0xE0,
  0x07, 0x00, 0x3C, 0x01, 0xE0, 0x0E, 0x01, 0xF0, 0x04, 0x00, 0x27, 0xBF,
  0xEF, 0x00, 0x00, 0x27, 0xBF, 0xEF, 0x00, 0x11, 0xE7, 0xDE, 0x78, 0x00,
  0x00, 0x03, 0xCF, 0x3E, 0x78, 0xC3, 0x0C, 0x61, 0x00, 0x00, 0x30, 0x0F,
  0x03, 0xE0, 0x78, 0x1E, 0x07, 0x80, 0xE0, 0x0E, 0x00, 0x78, 0x01, 0xE0,
  0x07, 0x80, 0x1E, 0x00, 0x70, 0x01, 0xFF, 0xFF, 0xFF, 0x00, 0x00, 0x00,
  0x00, 0x00, 0x00, 0xFF, 0xFF, 0xFF, 0xC0, 0x0F, 0x00, 0x78, 0x01, 0xE0,
  0x07, 0x80, 0x1E, 0x00, 0x70, 0x07, 0x01, 0xE0, 0x78, 0x1E, 0x07, 0x80,
  0xE0, 0x08, 0x00, 0x1F, 0x83, 0x1E, 0x60, 0xEE, 0x0F, 0xE0, 0xF6, 0x0F,
  0x00, 0xE0, 0x1E, 0x03, 0xC0, 0x70, 0x06, 0x00, 0x60, 0x06, 0x00, 0x00,
  0x04, 0x00, 0xF0, 0x1F, 0x01, 0xF0, 0x0E, 0x00, 0x00, 0xFF, 0x00, 0x38,
  0x3C, 0x0E, 0x00, 0x61, 0x80, 0x03, 0x38, 0x00, 0x33, 0x0F, 0x71, 0x61,
  0xFF, 0x16, 0x38, 0xE1, 0x43, 0x8E, 0x1C, 0x70, 0xC1, 0xC7, 0x0C, 0x3C,
  0x71, 0xC2, 0xC7, 0x18, 0x6C, 0x73, 0x8C, 0xC3, 0xFF, 0x86, 0x1C, 0xF0,
  0x60, 0x00, 0x03, 0x00, 0x00, 0x18, 0x01, 0x80, 0xF0, 0x70, 0x03, 0xFC,
  0x00, 0x00, 0xE0, 0x00, 0x1E, 0x00, 0x07, 0xC0, 0x00, 0xB8, 0x00, 0x17,
  0x80, 0x06, 0xF0, 0x00, 0x8E, 0x00, 0x31, 0xE0, 0x06, 0x3C, 0x00, 0x87,
  0xC0, 0x30, 0x78, 0x07, 0xFF, 0x00, 0x81, 0xF0, 0x30, 0x1E, 0x04, 0x03,
  0xC1, 0x80, 0x7C, 0x30, 0x07, 0x9F, 0x83, 0xFC, 0xFF, 0xE0, 0x3F, 0xFF,
  0x07, 0x87, 0xC3, 0xC1, 0xE1, 0xE0, 0xF0, 0xF0, 0x78, 0x78, 0x3C, 0x3C,
  0x7C, 0x1F, 0xF0, 0x0F, 0x0F, 0x87, 0x83, 0xE3, 0xC0, 0xF1, 0xE0, 0x78,
  0xF0, 0x3C, 0x78, 0x1E, 0x3C, 0x1F, 0x1E, 0x1F, 0x7F, 0xFE, 0x00, 0x03,
  0xFC, 0x0F, 0x1F, 0x1E, 0x07, 0x3C, 0x07, 0x78, 0x03, 0x78, 0x02, 0xF8,
  0x00, 0xF8, 0x00, 0xF8, 0x00, 0xF8, 0x00, 0xF8, 0x00, 0xF8, 0x00, 0xF8,
  0x01, 0x78, 0x03, 0x7C, 0x03, 0x3C, 0x07, 0x1F, 0x0F, 0x07, 0xFC, 0xFF,
  0xE0, 0x0F, 0xFF, 0xC0, 0x78, 0x1C, 0x0F, 0x03, 0xC1, 0xE0, 0x3C, 0x3C,
  0x07, 0xC7, 0x80, 0xF8, 0xF0, 0x1F, 0x1E, 0x01, 0xE3, 0xC0, 0x3C, 0x78,
  0x0F, 0x8F, 0x01, 0xF1, 0xE0, 0x3E, 0x3C, 0x07, 0x87, 0x80, 0xF0, 0xF0,
  0x3C, 0x3E, 0x1E, 0x1F, 0xFF, 0x00, 0xFF, 0xFE, 0x3F, 0xFF, 0x07, 0x81,
  0x83, 0xC0, 0x41, 0xE0, 0x20, 0xF0, 0x00, 0x78, 0x60, 0x3C, 0x30, 0x1F,
  0xF8, 0x0F, 0xFC, 0x07, 0x86, 0x03, 0xC3, 0x01, 0xE0, 0x00, 0xF0, 0x0C,
  0x78, 0x0C, 0x3C, 0x06, 0x3E, 0x07, 0x7F, 0xFF, 0x80, 0xFF, 0xFE, 0xFF,
  0xFC, 0xF8, 0x19, 0xF0, 0x33, 0xE0, 0x27, 0xC0, 0x0F, 0x84, 0x1F, 0x08,
  0x3E, 0x30, 0x7F, 0xE0, 0xF8, 0x41, 0xF0, 0x83, 0xE1, 0x07, 0xC0, 0x0F,
  0x80, 0x1F, 0x00, 0x3F, 0x01, 0xFF, 0x80, 0x01, 0xFE, 0x01, 0xF1, 0xE0,
  0x78, 0x0E, 0x1E, 0x01, 0xC7, 0x80, 0x18, 0xF0, 0x00, 0x3E, 0x00, 0x07,
  0xC0, 0x00, 0xF8, 0x00, 0x1F, 0x00, 0x03, 0xE0, 0xFF, 0xFC, 0x07, 0xCF,
  0x80, 0x78, 0xF0, 0x0F, 0x0F, 0x01, 0xE1, 0xF0, 0x3C, 0x0F, 0x07, 0x80,
  0x7F, 0xC0, 0xFF, 0x8F, 0xFB, 0xF8, 0x3F, 0x8F, 0x80, 0x78, 0x7C, 0x03,
  0xC3, 0xE0, 0x1E, 0x1F, 0x00, 0xF0, 0xF8, 0x07, 0x87, 0xC0, 0x3C, 0x3F,
  0xFF, 0xE1, 0xF0, 0x0F, 0x0F, 0x80, 0x78, 0x7C, 0x03, 0xC3, 0xE0, 0x1E,
  0x1F, 0x00, 0xF0, 0xF8, 0x07, 0x87, 0xC0, 0x3C, 0x3E, 0x03, 0xE7, 0xFC,
  0x7F, 0xC0, 0xFF, 0xBF, 0x87, 0x83, 0xC1, 0xE0, 0xF0, 0x78, 0x3C, 0x1E,
  0x0F, 0x07, 0x83, 0xC1, 0xE0, 0xF0, 0x78, 0x3C, 0x3E, 0x7F, 0xC0, 0x07,
  0xFE, 0x07, 0xF8, 0x03, 0xC0, 0x07, 0x80, 0x0F, 0x00, 0x1E, 0x00, 0x3C,
  0x00, 0x78, 0x00, 0xF0, 0x01, 0xE0, 0x03, 0xC1, 0x87, 0x87, 0x8F, 0x1E,
  0x1E, 0x1C, 0x3C, 0x38, 0x78, 0x71, 0xE0, 0x3F, 0x80, 0xFF, 0x8F, 0xEF,
  0xE1, 0xF8, 0x78, 0x1C, 0x0F, 0x07, 0x01, 0xE1, 0xC0, 0x3C, 0x30, 0x07,
  0x8C, 0x00, 0xF3, 0x00, 0x1E, 0xF0, 0x03, 0xFF, 0x00, 0x79, 0xF0, 0x0F,
  0x1E, 0x01, 0xE3, 0xE0, 0x3C, 0x3E, 0x07, 0x87, 0xC0, 0xF0, 0x7C, 0x3E,
  0x0F, 0xDF, 0xF0, 0xFC, 0xFF, 0xC0, 0x7F, 0x80, 0x1E, 0x00, 0x1E, 0x00,
  0x1E, 0x00, 0x1E, 0x00, 0x1E, 0x00, 0x1E, 0x00, 0x1E, 0x00, 0x1E, 0x00,
  0x1E, 0x00, 0x1E, 0x00, 0x1E, 0x03, 0x1E, 0x03, 0x1E, 0x07, 0x1E, 0x07,
  0x3E, 0x0F, 0xFF, 0xFE, 0xFF, 0x00, 0xFF, 0x7F, 0x80, 0xFE, 0x3F, 0x80,
  0xBC, 0x37, 0x80, 0xBC, 0x37, 0xC1, 0x3C, 0x33, 0xC1, 0x3C, 0x33, 0xC3,
  0x3C, 0x33, 0xE2, 0x3C, 0x31, 0xE2, 0x3C, 0x31, 0xE6, 0x3C, 0x30, 0xF4,
  0x3C, 0x30, 0xF4, 0x3C, 0x30, 0xF8, 0x3C, 0x30, 0x78, 0x3C, 0x30, 0x78,
  0x3C, 0x30, 0x30, 0x3C, 0x30, 0x30, 0x7C, 0xFE, 0x31, 0xFF, 0x7E, 0x01,
  0xFF, 0xF8, 0x1F, 0xC7, 0xE0, 0x18, 0x3F, 0x80, 0xC1, 0xFE, 0x06, 0x0D,
  0xF0, 0x30, 0x67, 0xC1, 0x83, 0x1F, 0x0C, 0x18, 0x7C, 0x60, 0xC3, 0xF3,
  0x06, 0x0F, 0xD8, 0x30, 0x3E, 0xC1, 0x80, 0xFE, 0x0C, 0x03, 0xF0, 0x60,
  0x0F, 0x83, 0x00, 0x7C, 0x18, 0x01, 0xE3, 0xF8, 0x07, 0x00, 0x03, 0xF8,
  0x01, 0xE3, 0xC0, 0x78, 0x3C, 0x1E, 0x03, 0xC7, 0x80, 0x7C, 0xF0, 0x07,
  0xBE, 0x00, 0xF7, 0xC0, 0x1F, 0xF8, 0x03, 0xFF, 0x00, 0x7F, 0xE0, 0x0F,
  0xFC, 0x01, 0xE7, 0x80, 0x3C, 0xF0, 0x0F, 0x8F, 0x01, 0xE1, 0xE0, 0x38,
  0x0E, 0x0E, 0x00, 0xFF, 0x80, 0xFF, 0xF0, 0x7E, 0xFC, 0x3E, 0x1E, 0x3E,
  0x1F, 0x3E, 0x0F, 0x3E, 0x0F, 0x3E, 0x0F, 0x3E, 0x1F, 0x3E, 0x1E, 0x3E,
  0x3C, 0x3F, 0xF8, 0x3E, 0x00, 0x3E, 0x00, 0x3E, 0x00, 0x3E, 0x00, 0x3E,
  0x00, 0x3E, 0x00, 0xFF, 0xC0, 0x03, 0xF8, 0x01, 0xE3, 0xC0, 0x78, 0x3C,
  0x1E, 0x03, 0xC7, 0x80, 0x7C, 0xF0, 0x07, 0xBE, 0x00, 0xF7, 0xC0, 0x1F,
  0xF8, 0x03, 0xFF, 0x00, 0x7F, 0xE0, 0x0F, 0xFC, 0x01, 0xE7, 0x80, 0x3C,
  0xF0, 0x0F, 0x8F, 0x01, 0xE1, 0xE0, 0x38, 0x0E, 0x0E, 0x00, 0xFF, 0x80,
  0x07, 0xC0, 0x00, 0x78, 0x00, 0x0F, 0x80, 0x00, 0xFC, 0x00, 0x0F, 0xE0,
  0xFF, 0xF0, 0x1F, 0x9F, 0x03, 0xE1, 0xE0, 0xF8, 0x3C, 0x3E, 0x0F, 0x0F,
  0x83, 0xC3, 0xE0, 0xF0, 0xF8, 0x78, 0x3E, 0x1E, 0x0F, 0xFE, 0x03, 0xE7,
  0x80, 0xF8, 0xF0, 0x3E, 0x1E, 0x0F, 0x87, 0x83, 0xE1, 0xF0, 0xF8, 0x3C,
  0x3E, 0x0F, 0xBF, 0xE1, 0xF0, 0x1F, 0xB1, 0xC7, 0x9C, 0x0D, 0xE0, 0x6F,
  0x01, 0x7C, 0x03, 0xF0, 0x0F, 0xE0, 0x3F, 0xC0, 0xFF, 0x01, 0xFC, 0x03,
  0xF8, 0x0F, 0xE0, 0x3F, 0x00, 0xFC, 0x07, 0xF0, 0x74, 0xFF, 0x00, 0x7F,
  0xFF, 0xBF, 0xFF, 0xF0, 0x78, 0x78, 0x3C, 0x3C, 0x1E, 0x0E, 0x0F, 0x04,
  0x07, 0x80, 0x03, 0xC0, 0x01, 0xE0, 0x00, 0xF0, 0x00, 0x78, 0x00, 0x3C,
  0x00, 0x1E, 0x00, 0x0F, 0x00, 0x07, 0x80, 0x03, 0xC0, 0x03, 0xE0, 0x07,
  0xFE, 0x00, 0xFF, 0x87, 0xEF, 0xE0, 0xFC, 0xF0, 0x06, 0x1E, 0x00, 0xC3,
  0xC0, 0x18, 0x78, 0x03, 0x0F, 0x00, 0x61, 0xE0, 0x0C, 0x3C, 0x01, 0x87,
  0x80, 0x30, 0xF0, 0x06, 0x1E, 0x00, 0xC3, 0xC0, 0x18, 0x78, 0x03, 0x07,
  0x80, 0x40, 0xF0, 0x18, 0x0F, 0x06, 0x00, 0xFF, 0x80, 0x7F, 0x83, 0xFF,
  0xF8, 0x0F, 0x87, 0xC0, 0x10, 0x3E, 0x01, 0x80, 0xF0, 0x0C, 0x07, 0xC0,
  0x40, 0x1E, 0x06, 0x00, 0xF8, 0x20, 0x03, 0xC3, 0x00, 0x1F, 0x18, 0x00,
  0x78, 0x80, 0x03, 0xCC, 0x00, 0x0F, 0x40, 0x00, 0x7E, 0x00, 0x01, 0xE0,
  0x00, 0x0F, 0x00, 0x00, 0x38, 0x00, 0x01, 0x80, 0x00, 0xFF, 0x00, 0x03,
  0xFF, 0xFC, 0x1C, 0x0F, 0x8F, 0x00, 0xE0, 0x18, 0x7C, 0x0F, 0x80, 0x81,
  0xE0, 0x7C, 0x0C, 0x0F, 0x03, 0xE0, 0x40, 0x7C, 0x3F, 0x86, 0x01, 0xE1,
  0x3C, 0x30, 0x0F, 0x89, 0xF1, 0x00, 0x3C, 0xCF, 0x98, 0x01, 0xE4, 0x3C,
  0xC0, 0x0F, 0xA1, 0xF4, 0x00, 0x3F, 0x07, 0xE0, 0x01, 0xF0, 0x3E, 0x00,
  0x07, 0x80, 0xF0, 0x00, 0x3C, 0x07, 0x80, 0x00, 0xC0, 0x38, 0x00, 0x06,
  0x00, 0xC0, 0x00, 0xFF, 0xC7, 0xE7, 0xF8, 0x3E, 0x1F, 0x01, 0x80, 0xF8,
  0x30, 0x0F, 0x86, 0x00, 0x7C, 0xC0, 0x03, 0xE8, 0x00, 0x1F, 0x80, 0x01,
  0xF0, 0x00, 0x0F, 0x80, 0x00, 0xFC, 0x00, 0x1B, 0xC0, 0x03, 0x3E, 0x00,
  0x61, 0xF0, 0x0C, 0x0F, 0x80, 0x80, 0x78, 0x38, 0x07, 0xCF, 0xE1, 0xFF,
  0xFF, 0x87, 0xEF, 0xC0, 0x38, 0xF8, 0x06, 0x0F, 0x01, 0x81, 0xF0, 0x30,
  0x1F, 0x0C, 0x03, 0xE1, 0x00, 0x3E, 0x60, 0x03, 0xC8, 0x00, 0x7F, 0x00,
  0x07, 0xC0, 0x00, 0xF8, 0x00, 0x1F, 0x00, 0x03, 0xE0, 0x00, 0x7C, 0x00,
  0x0F, 0x80, 0x01, 0xF0, 0x00, 0xFF, 0x80, 0x3F, 0xFF, 0x78, 0x3E, 0x60,
  0x3E, 0x60, 0x7C, 0x40, 0xF8, 0x40, 0xF8, 0x01, 0xF0, 0x03, 0xE0, 0x03,
  0xE0, 0x07, 0xC0, 0x0F, 0x80, 0x0F, 0x80, 0x1F, 0x03, 0x3E, 0x02, 0x3E,
  0x06, 0x7C, 0x06, 0xF8, 0x0E, 0xFF, 0xFE, 0xFF, 0xE3, 0xC7, 0x8F, 0x1E,
  0x3C, 0x78, 0xF1, 0xE3, 0xC7, 0x8F, 0x1E, 0x3C, 0x78, 0xF1, 0xE3, 0xC7,
  0x8F, 0x1E, 0x3F, 0x80, 0xC0, 0x30, 0x18, 0x0C, 0x06, 0x01, 0x80, 0xC0,
  0x60, 0x18, 0x0C, 0x06, 0x03, 0x00, 0xC0, 0x60, 0x30, 0x0C, 0x06, 0x03,
  0x01, 0x80, 0x60, 0x30, 0x18, 0x06, 0x03, 0x01, 0x80, 0xC0, 0xFE, 0x3C,
  0x78, 0xF1, 0xE3, 0xC7, 0x8F, 0x1E, 0x3C, 0x78, 0xF1, 0xE3, 0xC7, 0x8F,
  0x1E, 0x3C, 0x78, 0xF1, 0xE3, 0xFF, 0x80, 0x03, 0x00, 0x0C, 0x00, 0x78,
  0x01, 0xE0, 0x0F, 0x80, 0x33, 0x00, 0xCC, 0x07, 0x38, 0x18, 0x60, 0xE1,
  0xC3, 0x03, 0x1C, 0x0C, 0x70, 0x3B, 0x80, 0x70, 0xFF, 0xFF, 0xFF, 0xFF,
  0xF0, 0x43, 0x8F, 0x1C, 0x18, 0x30, 0x03, 0x00, 0xFF, 0x87, 0x0F, 0x1C,
  0x3C, 0x60, 0xF0, 0x03, 0xC1, 0xFF, 0x1E, 0x3C, 0x78, 0xF3, 0xC3, 0xCF,
  0x8F, 0x1F, 0xFC, 0x7E, 0xFC, 0xFC, 0x00, 0x78, 0x00, 0xF0, 0x01, 0xE0,
  0x03, 0xC0, 0x07, 0x80, 0x0F, 0x18, 0x1F, 0xFC, 0x3E, 0x7C, 0x78, 0x7C,
  0xF0, 0x79, 0xE0, 0xF3, 0xC1, 0xE7, 0x83, 0xCF, 0x07, 0x9E, 0x0F, 0x3C,
  0x3C, 0x78, 0x78, 0xFF, 0xC0, 0x03, 0x81, 0xFE, 0x78, 0xF7, 0x8F, 0xF0,
  0x7F, 0x00, 0xF0, 0x0F, 0x00, 0xF0, 0x0F, 0x80, 0x78, 0x37, 0xCE, 0x1F,
  0xC0, 0x01, 0xFC, 0x00, 0xF8, 0x00, 0xF0, 0x01, 0xE0, 0x03, 0xC0, 0x07,
  0x80, 0xCF, 0x0F, 0xFE, 0x3C, 0x7C, 0xF0, 0x79, 0xE0, 0xF7, 0x81, 0xEF,
  0x03, 0xDE, 0x07, 0xBC, 0x0F, 0x3C, 0x1E, 0x78, 0x3C, 0x7D, 0xF8, 0x7E,
  0xF8, 0x07, 0x00, 0xFF, 0x1E, 0x3C, 0xF1, 0xEF, 0x07, 0xF8, 0x3F, 0xFF,
  0xFE, 0x00, 0xF0, 0x07, 0xC0, 0x1E, 0x04, 0xFC, 0xE1, 0xFE, 0x00, 0x0F,
  0xC7, 0x73, 0xCC, 0xF0, 0x3C, 0x0F, 0x03, 0xC3, 0xFE, 0x3C, 0x0F, 0x03,
  0xC0, 0xF0, 0x3C, 0x0F, 0x03, 0xC0, 0xF0, 0x3C, 0x0F, 0x0F, 0xF0, 0x0E,
  0x18, 0xFF, 0xF7, 0x1E, 0xFC, 0x7B, 0xF1, 0xE3, 0xC7, 0x87, 0x1E, 0x0F,
  0xF0, 0x2E, 0x01, 0x80, 0x0F, 0xF8, 0x3F, 0xFC, 0x7F, 0xF1, 0xBF, 0xEE,
  0x07, 0xB8, 0x0E, 0xE0, 0x73, 0xE3, 0x83, 0xF8, 0x00, 0xFC, 0x00, 0x1E,
  0x00, 0x0F, 0x00, 0x07, 0x80, 0x03, 0xC0, 0x01, 0xE0, 0x00, 0xF0, 0x40,
  0x79, 0xF8, 0x3F, 0xBE, 0x1F, 0x0F, 0x0F, 0x07, 0x87, 0x83, 0xC3, 0xC1,
  0xE1, 0xE0, 0xF0, 0xF0, 0x78, 0x78, 0x3C, 0x3C, 0x1E, 0x1E, 0x0F, 0x1F,
  0xCF, 0xE0, 0x18, 0x3C, 0x3C, 0x3C, 0x18, 0x00, 0x00, 0xFC, 0x3C, 0x3C,
  0x3C, 0x3C, 0x3C, 0x3C, 0x3C, 0x3C, 0x3C, 0x3C, 0xFF, 0x06, 0x07, 0x83,
  0xC1, 0xE0, 0x60, 0x00, 0x00, 0x3F, 0x07, 0x83, 0xC1, 0xE0, 0xF0, 0x78,
  0x3C, 0x1E, 0x0F, 0x07, 0x83, 0xC1, 0xE0, 0xF4, 0x7F, 0x3B, 0x9D, 0xFC,
  0x10, 0x00, 0xFC, 0x00, 0x3C, 0x00, 0x3C, 0x00, 0x3C, 0x00, 0x3C, 0x00,
  0x3C, 0x00, 0x3C, 0x00, 0x3C, 0x7E, 0x3C, 0x18, 0x3C, 0x30, 0x3C, 0x60,
  0x3C, 0xE0, 0x3D, 0xE0, 0x3E, 0xF0, 0x3C, 0xF0, 0x3C, 0x78, 0x3C, 0x7C,
  0x3C, 0x3E, 0x7F, 0x3F, 0xFC, 0x3C, 0x3C, 0x3C, 0x3C, 0x3C, 0x3C, 0x3C,
  0x3C, 0x3C, 0x3C, 0x3C, 0x3C, 0x3C, 0x3C, 0x3C, 0x3C, 0x3C, 0x7F, 0x00,
  0x70, 0x10, 0x7E, 0xFC, 0xFE, 0x1F, 0xDF, 0xCF, 0x07, 0x87, 0x83, 0xC3,
  0xC3, 0xC1, 0xE1, 0xE1, 0xE0, 0xF0, 0xF0, 0xF0, 0x78, 0x78, 0x78, 0x3C,
  0x3C, 0x3C, 0x1E, 0x1E, 0x1E, 0x0F, 0x0F, 0x0F, 0x07, 0x87, 0x87, 0x83,
  0xCF, 0xE7, 0xF7, 0xF8, 0x00, 0x18, 0x7E, 0x7F, 0x0F, 0xE7, 0x83, 0xC3,
  0xC1, 0xE1, 0xE0, 0xF0, 0xF0, 0x78, 0x78, 0x3C, 0x3C, 0x1E, 0x1E, 0x0F,
  0x0F, 0x07, 0x87, 0x83, 0xC3, 0xC7, 0xF3, 0xF8, 0x03, 0x00, 0x7F, 0xC7,
  0x87, 0x9E, 0x1E, 0xF0, 0x3F, 0xC0, 0xFF, 0x03, 0xFC, 0x0F, 0xF0, 0x3F,
  0xE0, 0xF7, 0x87, 0x8E, 0x1E, 0x1F, 0xE0, 0x00, 0x20, 0xFD, 0xFC, 0x3E,
  0x3E, 0x3C, 0x1E, 0x3C, 0x1E, 0x3C, 0x1F, 0x3C, 0x1F, 0x3C, 0x0F, 0x3C,
  0x1F, 0x3C, 0x1E, 0x3C, 0x1E, 0x3E, 0x3C, 0x3F, 0xF8, 0x3C, 0x00, 0x3C,
  0x00, 0x3C, 0x00, 0x3C, 0x00, 0xFF, 0x80, 0x02, 0x04, 0x1F, 0xFC, 0x3C,
  0x7C, 0x78, 0x3C, 0x78, 0x3C, 0xF8, 0x3C, 0xF0, 0x3C, 0xF0, 0x3C, 0xF8,
  0x3C, 0x78, 0x3C, 0x78, 0x3C, 0x3E, 0xFC, 0x1F, 0xBC, 0x00, 0x3C, 0x00,
  0x3C, 0x00, 0x3C, 0x00, 0x3C, 0x00, 0xFF, 0x01, 0xFE, 0x00, 0x4F, 0x9F,
  0x3B, 0xF3, 0xA7, 0x3C, 0x23, 0xC0, 0x3C, 0x03, 0xC0, 0x3C, 0x03, 0xC0,
  0x3C, 0x03, 0xC0, 0xFF, 0x00, 0x0C, 0x47, 0xF9, 0xC3, 0x78, 0x2F, 0x84,
  0xFE, 0x1F, 0xF1, 0xFF, 0x87, 0xF8, 0x3F, 0x07, 0xF0, 0xFF, 0xFC, 0x18,
  0x0C, 0x0E, 0x0F, 0x0F, 0xF3, 0xC1, 0xE0, 0xF0, 0x78, 0x3C, 0x1E, 0x0F,
  0x07, 0x83, 0xC1, 0xF6, 0x7E, 0xF8, 0xFC, 0xF0, 0x79, 0xE0, 0xF3, 0xC1,
  0xE7, 0x83, 0xCF, 0x07, 0x9E, 0x0F, 0x3C, 0x1E, 0x78, 0x3C, 0xF8, 0xF8,
  0xFF, 0xF9, 0xFD, 0xF0, 0xFF, 0x1F, 0x3E, 0x04, 0x1E, 0x0C, 0x1E, 0x0C,
  0x0F, 0x08, 0x0F, 0x18, 0x07, 0x90, 0x07, 0xB0, 0x03, 0xE0, 0x03, 0xE0,
  0x01, 0xC0, 0x01, 0xC0, 0xFF, 0x1E, 0x3E, 0x7C, 0x3C, 0x18, 0x78, 0x78,
  0x60, 0xF1, 0xF8, 0xC0, 0xF3, 0xF1, 0x01, 0xE4, 0xF6, 0x03, 0xE9, 0xEC,
  0x03, 0xF3, 0xD0, 0x07, 0xC3, 0xE0, 0x07, 0x87, 0xC0, 0x0F, 0x0F, 0x00,
  0x1C, 0x0E, 0x00, 0xFF, 0x3E, 0x7C, 0x30, 0x78, 0xC0, 0xFB, 0x00, 0xFE,
  0x00, 0xF8, 0x01, 0xF0, 0x07, 0xF0, 0x09, 0xF0, 0x31, 0xF0, 0xC1, 0xF7,
  0xE7, 0xF0, 0xFF, 0x7E, 0xF8, 0x30, 0xF0, 0x61, 0xF1, 0x81, 0xE3, 0x03,
  0xC4, 0x03, 0xD8, 0x07, 0xA0, 0x07, 0xC0, 0x0F, 0x80, 0x0E, 0x00, 0x1C,
  0x00, 0x10, 0x00, 0x60, 0x19, 0x80, 0x3F, 0x00, 0x7C, 0x00, 0x20, 0x00,
  0x7F, 0xFB, 0x8F, 0x98, 0x78, 0xC7, 0xC0, 0x7C, 0x07, 0xC0, 0x3C, 0x03,
  0xE2, 0x3E, 0x1B, 0xE1, 0x9E, 0x0D, 0xFF, 0xE0, 0x07, 0xC3, 0xC1, 0xE0,
  0x78, 0x1E, 0x07, 0x81, 0xE0, 0x78, 0x1E, 0x07, 0x87, 0x83, 0x80, 0x38,
  0x07, 0x81, 0xE0, 0x78, 0x1E, 0x07, 0x81, 0xE0, 0x78, 0x1E, 0x03, 0xC0,
  0x7C, 0xFF, 0xFF, 0xFF, 0xFF, 0xFF, 0xFF, 0xF8, 0x0F, 0x01, 0xE0, 0x78,
  0x1E, 0x07, 0x81, 0xE0, 0x78, 0x1E, 0x07, 0x80, 0xF0, 0x07, 0x0F, 0x07,
  0x81, 0xE0, 0x78, 0x1E, 0x07, 0x81, 0xE0, 0x78, 0x1E, 0x0F, 0x0F, 0x80,
  0x3C, 0x17, 0xF6, 0xC7, 0xE0, 0x18, 0x00, 0xFF, 0xFF, 0xFC, 0x00, 0x03,
  0xC0, 0x00, 0x3C, 0x00, 0x03, 0xCC, 0x02, 0x3C, 0x60, 0x63, 0xC3, 0x0C,
  0x3C, 0x19, 0x83, 0xC0, 0xF0, 0x3C, 0x06, 0x03, 0xC0, 0xF0, 0x3C, 0x19,
  0x83, 0xC3, 0x0C, 0x3C, 0x60, 0x63, 0xCC, 0x02, 0x3C, 0x00, 0x03, 0xC0,
  0x00, 0x3C, 0x00, 0x03, 0xFF, 0xFF, 0xF0, 0xFF, 0xFF, 0xFC, 0x00, 0x03,
  0xC0, 0x00, 0x3C, 0x00, 0x03, 0xCC, 0x02, 0x3C, 0x60, 0x63, 0xC3, 0x0C,
  0x3C, 0x19, 0x83, 0xC0, 0xF0, 0x3C, 0x06, 0x03, 0xC0, 0xF0, 0x3C, 0x19,
  0x83, 0xC3, 0x0C, 0x3C, 0x60, 0x63, 0xCC, 0x02, 0x3C, 0x00, 0x03, 0xC0,
  0x00, 0x3C, 0x00, 0x03, 0xFF, 0xFF, 0xF0, 0xFF, 0xFF, 0xFC, 0x00, 0x03,
  0xC0, 0x00, 0x3C, 0x00, 0x03, 0xCC, 0x02, 0x3C, 0x60, 0x63, 0xC3, 0x0C,
  0x3C, 0x19, 0x83, 0xC0, 0xF0, 0x3C, 0x06, 0x03, 0xC0, 0xF0, 0x3C, 0x19,
  0x83, 0xC3, 0x0C, 0x3C, 0x60, 0x63, 0xCC, 0x02, 0x3C, 0x00, 0x03, 0xC0,
  0x00, 0x3C, 0x00, 0x03, 0xFF, 0xFF, 0xF0, 0xFF, 0xFF, 0xFC, 0x00, 0x03,
  0xC0, 0x00, 0x3C, 0x00, 0x03, 0xCC, 0x02, 0x3C, 0x60, 0x63, 0xC3, 0x0C,
  0x3C, 0x19, 0x83, 0xC0, 0xF0, 0x3C, 0x06, 0x03, 0xC0, 0xF0, 0x3C, 0x19,
  0x83, 0xC3, 0x0C, 0x3C, 0x60, 0x63, 0xCC, 0x02, 0x3C, 0x00, 0x03, 0xC0,
  0x00, 0x3C, 0x00, 0x03, 0xFF, 0xFF, 0xF0, 0xFF, 0xFF, 0xFC, 0x00, 0x03,
  0xC0, 0x00, 0x3C, 0x00, 0x03, 0xCC, 0x02, 0x3C, 0x60, 0x63, 0xC3, 0x0C,
  0x3C, 0x19, 0x83, 0xC0, 0xF0, 0x3C, 0x06, 0x03, 0xC0, 0xF0, 0x3C, 0x19,
  0x83, 0xC3, 0x0C, 0x3C, 0x60, 0x63, 0xCC, 0x02, 0x3C, 0x00, 0x03, 0xC0,
  0x00, 0x3C, 0x00, 0x03, 0xFF, 0xFF, 0xF0, 0xFF, 0xFF, 0xFC, 0x00, 0x03,
  0xC0, 0x00, 0x3C, 0x00, 0x03, 0xCC, 0x02, 0x3C, 0x60, 0x63, 0xC3, 0x0C,
  0x3C, 0x19, 0x83, 0xC0, 0xF0, 0x3C, 0x06, 0x03, 0xC0, 0xF0, 0x3C, 0x19,
  0x83, 0xC3, 0x0C, 0x3C, 0x60, 0x63, 0xCC, 0x02, 0x3C, 0x00, 0x03, 0xC0,
  0x00, 0x3C, 0x00, 0x03, 0xFF, 0xFF, 0xF0, 0xFF, 0xFF, 0xFC, 0x00, 0x03,
  0xC0, 0x00, 0x3C, 0x00, 0x03, 0xCC, 0x02, 0x3C, 0x60, 0x63, 0xC3, 0x0C,
  0x3C, 0x19, 0x83, 0xC0, 0xF0, 0x3C, 0x06, 0x03, 0xC0, 0xF0, 0x3C, 0x19,
  0x83, 0xC3, 0x0C, 0x3C, 0x60, 0x63, 0xCC, 0x02, 0x3C, 0x00, 0x03, 0xC0,
  0x00, 0x3C, 0x00, 0x03, 0xFF, 0xFF, 0xF0, 0xFF, 0xFF, 0xFC, 0x00, 0x03,
  0xC0, 0x00, 0x3C, 0x00, 0x03, 0xCC, 0x02, 0x3C, 0x60, 0x63, 0xC3, 0x0C,
  0x3C, 0x19, 0x83, 0xC0, 0xF0, 0x3C, 0x06, 0x03, 0xC0, 0xF0, 0x3C, 0x19,
  0x83, 0xC3, 0x0C, 0x3C, 0x60, 0x63, 0xCC, 0x02, 0x3C, 0x00, 0x03, 0xC0,
  0x00, 0x3C, 0x00, 0x03, 0xFF, 0xFF, 0xF0, 0xFF, 0xFF, 0xFC, 0x00, 0x03,
  0xC0, 0x00, 0x3C, 0x00, 0x03, 0xCC, 0x02, 0x3C, 0x60, 0x63, 0xC3, 0x0C,
  0x3C, 0x19, 0x83, 0xC0, 0xF0, 0x3C, 0x06, 0x03, 0xC0, 0xF0, 0x3C, 0x19,
  0x83, 0xC3, 0x0C, 0x3C, 0x60, 0x63, 0xCC, 0x02, 0x3C, 0x00, 0x03, 0xC0,
  0x00, 0x3C, 0x00, 0x03, 0xFF, 0xFF, 0xF0, 0xFF, 0xFF, 0xFC, 0x00, 0x03,
  0xC0, 0x00, 0x3C, 0x00, 0x03, 0xCC, 0x02, 0x3C, 0x60, 0x63, 0xC3, 0x0C,
  0x3C, 0x19, 0x83, 0xC0, 0xF0, 0x3C, 0x06, 0x03, 0xC0, 0xF0, 0x3C, 0x19,
  0x83, 0xC3, 0x0C, 0x3C, 0x60, 0x63, 0xCC, 0x02, 0x3C, 0x00, 0x03, 0xC0,
  0x00, 0x3C, 0x00, 0x03, 0xFF, 0xFF, 0xF0, 0xFF, 0xFF, 0xFC, 0x00, 0x03,
  0xC0, 0x00, 0x3C, 0x00, 0x03, 0xCC, 0x02, 0x3C, 0x60, 0x63, 0xC3, 0x0C,
  0x3C, 0x19, 0x83, 0xC0, 0xF0, 0x3C, 0x06, 0x03, 0xC0, 0xF0, 0x3C, 0x19,
  0x83, 0xC3, 0x0C, 0x3C, 0x60, 0x63, 0xCC, 0x02, 0x3C, 0x00, 0x03, 0xC0,
  0x00, 0x3C, 0x00, 0x03, 0xFF, 0xFF, 0xF0, 0xFF, 0xFF, 0xFC, 0x00, 0x03,
  0xC0, 0x00, 0x3C, 0x00, 0x03, 0xCC, 0x02, 0x3C, 0x60, 0x63, 0xC3, 0x0C,
  0x3C, 0x19, 0x83, 0xC0, 0xF0, 0x3C, 0x06, 0x03, 0xC0, 0xF0, 0x3C, 0x19,
  0x83, 0xC3, 0x0C, 0x3C, 0x60, 0x63, 0xCC, 0x02, 0x3C, 0x00, 0x03, 0xC0,
  0x00, 0x3C, 0x00, 0x03, 0xFF, 0xFF, 0xF0, 0xFF, 0xFF, 0xFC, 0x00, 0x03,
  0xC0, 0x00, 0x3C, 0x00, 0x03, 0xCC, 0x02, 0x3C, 0x60, 0x63, 0xC3, 0x0C,
  0x3C, 0x19, 0x83, 0xC0, 0xF0, 0x3C, 0x06, 0x03, 0xC0, 0xF0, 0x3C, 0x19,
  0x83, 0xC3, 0x0C, 0x3C, 0x60, 0x63, 0xCC, 0x02, 0x3C, 0x00, 0x03, 0xC0,
  0x00, 0x3C, 0x00, 0x03, 0xFF, 0xFF, 0xF0, 0xFF, 0xFF, 0xFC, 0x00, 0x03,
  0xC0, 0x00, 0x3C, 0x00, 0x03, 0xCC, 0x02, 0x3C, 0x60, 0x63, 0xC3, 0x0C,
  0x3C, 0x19, 0x83, 0xC0, 0xF0, 0x3C, 0x06, 0x03, 0xC0, 0xF0, 0x3C, 0x19,
  0x83, 0xC3, 0x0C, 0x3C, 0x60, 0x63, 0xCC, 0x02, 0x3C, 0x00, 0x03, 0xC0,
  0x00, 0x3C, 0x00, 0x03, 0xFF, 0xFF, 0xF0, 0xFF, 0xFF, 0xFC, 0x00, 0x03,
  0xC0, 0x00, 0x3C, 0x00, 0x03, 0xCC, 0x02, 0x3C, 0x60, 0x63, 0xC3, 0x0C,
  0x3C, 0x19, 0x83, 0xC0, 0xF0, 0x3C, 0x06, 0x03, 0xC0, 0xF0, 0x3C, 0x19,
  0x83, 0xC3, 0x0C, 0x3C, 0x60, 0x63, 0xCC, 0x02, 0x3C, 0x00, 0x03, 0xC0,
  0x00, 0x3C, 0x00, 0x03, 0xFF, 0xFF, 0xF0, 0xFF, 0xFF, 0xFC, 0x00, 0x03,
  0xC0, 0x00, 0x3C, 0x00, 0x03, 0xCC, 0x02, 0x3C, 0x60, 0x63, 0xC3, 0x0C,
  0x3C, 0x19, 0x83, 0xC0, 0xF0, 0x3C, 0x06, 0x03, 0xC0, 0xF0, 0x3C, 0x19,
  0x83, 0xC3, 0x0C, 0x3C, 0x60, 0x63, 0xCC, 0x02, 0x3C, 0x00, 0x03, 0xC0,
  0x00, 0x3C, 0x00, 0x03, 0xFF, 0xFF, 0xF0, 0xFF, 0xFF, 0xFC, 0x00, 0x03,
  0xC0, 0x00, 0x3C, 0x00, 0x03, 0xCC, 0x02, 0x3C, 0x60, 0x63, 0xC3, 0x0C,
  0x3C, 0x19, 0x83, 0xC0, 0xF0, 0x3C, 0x06, 0x03, 0xC0, 0xF0, 0x3C, 0x19,
  0x83, 0xC3, 0x0C, 0x3C, 0x60, 0x63, 0xCC, 0x02, 0x3C, 0x00, 0x03, 0xC0,
  0x00, 0x3C, 0x00, 0x03, 0xFF, 0xFF, 0xF0, 0xFF, 0xFF, 0xFC, 0x00, 0x03,
  0xC0, 0x00, 0x3C, 0x00, 0x03, 0xCC, 0x02, 0x3C, 0x60, 0x63, 0xC3, 0x0C,
  0x3C, 0x19, 0x83, 0xC0, 0xF0, 0x3C, 0x06, 0x03, 0xC0, 0xF0, 0x3C, 0x19,
  0x83, 0xC3, 0x0C, 0x3C, 0x60, 0x63, 0xCC, 0x02, 0x3C, 0x00, 0x03, 0xC0,
  0x00, 0x3C, 0x00, 0x03, 0xFF, 0xFF, 0xF0, 0xFF, 0xFF, 0xFC, 0x00, 0x03,
  0xC0, 0x00, 0x3C, 0x00, 0x03, 0xCC, 0x02, 0x3C, 0x60, 0x63, 0xC3, 0x0C,
  0x3C, 0x19, 0x83, 0xC0, 0xF0, 0x3C, 0x06, 0x03, 0xC0, 0xF0, 0x3C, 0x19,
  0x83, 0xC3, 0x0C, 0x3C, 0x60, 0x63, 0xCC, 0x02, 0x3C, 0x00, 0x03, 0xC0,
  0x00, 0x3C, 0x00, 0x03, 0xFF, 0xFF, 0xF0, 0xFF, 0xFF, 0xFC, 0x00, 0x03,
  0xC0, 0x00, 0x3C, 0x00, 0x03, 0xCC, 0x02, 0x3C, 0x60, 0x63, 0xC3, 0x0C,
  0x3C, 0x19, 0x83, 0xC0, 0xF0, 0x3C, 0x06, 0x03, 0xC0, 0xF0, 0x3C, 0x19,
  0x83, 0xC3, 0x0C, 0x3C, 0x60, 0x63, 0xCC, 0x02, 0x3C, 0x00, 0x03, 0xC0,
  0x00, 0x3C, 0x00, 0x03, 0xFF, 0xFF, 0xF0, 0xFF, 0xFF, 0xFC, 0x00, 0x03,
  0xC0, 0x00, 0x3C, 0x00, 0x03, 0xCC, 0x02, 0x3C, 0x60, 0x63, 0xC3, 0x0C,
  0x3C, 0x19, 0x83, 0xC0, 0xF0, 0x3C, 0x06, 0x03, 0xC0, 0xF0, 0x3C, 0x19,
  0x83, 0xC3, 0x0C, 0x3C, 0x60, 0x63, 0xCC, 0x02, 0x3C, 0x00, 0x03, 0xC0,
  0x00, 0x3C, 0x00, 0x03, 0xFF, 0xFF, 0xF0, 0xFF, 0xFF, 0xFC, 0x00, 0x03,
  0xC0, 0x00, 0x3C, 0x00, 0x03, 0xCC, 0x02, 0x3C, 0x60, 0x63, 0xC3, 0x0C,
  0x3C, 0x19, 0x83, 0xC0, 0xF0, 0x3C, 0x06, 0x03, 0xC0, 0xF0, 0x3C, 0x19,
  0x83, 0xC3, 0x0C, 0x3C, 0x60, 0x63, 0xCC, 0x02, 0x3C, 0x00, 0x03, 0xC0,
  0x00, 0x3C, 0x00, 0x03, 0xFF, 0xFF, 0xF0, 0xFF, 0xFF, 0xFC, 0x00, 0x03,
  0xC0, 0x00, 0x3C, 0x00, 0x03, 0xCC, 0x02, 0x3C, 0x60, 0x63, 0xC3, 0x0C,
  0x3C, 0x19, 0x83, 0xC0, 0xF0, 0x3C, 0x06, 0x03, 0xC0, 0xF0, 0x3C, 0x19,
  0x83, 0xC3, 0x0C, 0x3C, 0x60, 0x63, 0xCC, 0x02, 0x3C, 0x00, 0x03, 0xC0,
  0x00, 0x3C, 0x00, 0x03, 0xFF, 0xFF, 0xF0, 0xFF, 0xFF, 0xFC, 0x00, 0x03,
  0xC0, 0x00, 0x3C, 0x00, 0x03, 0xCC, 0x02, 0x3C, 0x60, 0x63, 0xC3, 0x0C,
  0x3C, 0x19, 0x83, 0xC0, 0xF0, 0x3C, 0x06, 0x03, 0xC0, 0xF0, 0x3C, 0x19,
  0x83, 0xC3, 0x0C, 0x3C, 0x60, 0x63, 0xCC, 0x02, 0x3C, 0x00, 0x03, 0xC0,
  0x00, 0x3C, 0x00, 0x03, 0xFF, 0xFF, 0xF0, 0xFF, 0xFF, 0xFC, 0x00, 0x03,
  0xC0, 0x00, 0x3C, 0x00, 0x03, 0xCC, 0x02, 0x3C, 0x60, 0x63, 0xC3, 0x0C,
  0x3C, 0x19, 0x83, 0xC0, 0xF0, 0x3C, 0x06, 0x03, 0xC0, 0xF0, 0x3C, 0x19,
  0x83, 0xC3, 0x0C, 0x3C, 0x60, 0x63, 0xCC, 0x02, 0x3C, 0x00, 0x03, 0xC0,
  0x00, 0x3C, 0x00, 0x03, 0xFF, 0xFF, 0xF0, 0xFF, 0xFF, 0xFC, 0x00, 0x03,
  0xC0, 0x00, 0x3C, 0x00, 0x03, 0xCC, 0x02, 0x3C, 0x60, 0x63, 0xC3, 0x0C,
  0x3C, 0x19, 0x83, 0xC0, 0xF0, 0x3C, 0x06, 0x03, 0xC0, 0xF0, 0x3C, 0x19,
  0x83, 0xC3, 0x0C, 0x3C, 0x60, 0x63, 0xCC, 0x02, 0x3C, 0x00, 0x03, 0xC0,
  0x00, 0x3C, 0x00, 0x03, 0xFF, 0xFF, 0xF0, 0xFF, 0xFF, 0xFC, 0x00, 0x03,
  0xC0, 0x00, 0x3C, 0x00, 0x03, 0xCC, 0x02, 0x3C, 0x60, 0x63, 0xC3, 0x0C,
  0x3C, 0x19, 0x83, 0xC0, 0xF0, 0x3C, 0x06, 0x03, 0xC0, 0xF0, 0x3C, 0x19,
  0x83, 0xC3, 0x0C, 0x3C, 0x60, 0x63, 0xCC, 0x02, 0x3C, 0x00, 0x03, 0xC0,
  0x00, 0x3C, 0x00, 0x03, 0xFF, 0xFF, 0xF0, 0xFF, 0xFF, 0xFC, 0x00, 0x03,
  0xC0, 0x00, 0x3C, 0x00, 0x03, 0xCC, 0x02, 0x3C, 0x60, 0x63, 0xC3, 0x0C,
  0x3C, 0x19, 0x83, 0xC0, 0xF0, 0x3C, 0x06, 0x03, 0xC0, 0xF0, 0x3C, 0x19,
  0x83, 0xC3, 0x0C, 0x3C, 0x60, 0x63, 0xCC, 0x02, 0x3C, 0x00, 0x03, 0xC0,
  0x00, 0x3C, 0x00, 0x03, 0xFF, 0xFF, 0xF0, 0xFF, 0xFF, 0xFC, 0x00, 0x03,
  0xC0, 0x00, 0x3C, 0x00, 0x03, 0xCC, 0x02, 0x3C, 0x60, 0x63, 0xC3, 0x0C,
  0x3C, 0x19, 0x83, 0xC0, 0xF0, 0x3C, 0x06, 0x03, 0xC0, 0xF0, 0x3C, 0x19,
  0x83, 0xC3, 0x0C, 0x3C, 0x60, 0x63, 0xCC, 0x02, 0x3C, 0x00, 0x03, 0xC0,
  0x00, 0x3C, 0x00, 0x03, 0xFF, 0xFF, 0xF0, 0xFF, 0xFF, 0xFC, 0x00, 0x03,
  0xC0, 0x00, 0x3C, 0x00, 0x03, 0xCC, 0x02, 0x3C, 0x60, 0x63, 0xC3, 0x0C,
  0x3C, 0x19, 0x83, 0xC0, 0xF0, 0x3C, 0x06, 0x03, 0xC0, 0xF0, 0x3C, 0x19,
  0x83, 0xC3, 0x0C, 0x3C, 0x60, 0x63, 0xCC, 0x02, 0x3C, 0x00, 0x03, 0xC0,
  0x00, 0x3C, 0x00, 0x03, 0xFF, 0xFF, 0xF0, 0xFF, 0xFF, 0xFC, 0x00, 0x03,
  0xC0, 0x00, 0x3C, 0x00, 0x03, 0xCC, 0x02, 0x3C, 0x60, 0x63, 0xC3, 0x0C,
  0x3C, 0x19, 0x83, 0xC0, 0xF0, 0x3C, 0x06, 0x03, 0xC0, 0xF0, 0x3C, 0x19,
  0x83, 0xC3, 0x0C, 0x3C, 0x60, 0x63, 0xCC, 0x02, 0x3C, 0x00, 0x03, 0xC0,
  0x00, 0x3C, 0x00, 0x03, 0xFF, 0xFF, 0xF0, 0xFF, 0xFF, 0xFC, 0x00, 0x03,
  0xC0, 0x00, 0x3C, 0x00, 0x03, 0xCC, 0x02, 0x3C, 0x60, 0x63, 0xC3, 0x0C,
  0x3C, 0x19, 0x83, 0xC0, 0xF0, 0x3C, 0x06, 0x03, 0xC0, 0xF0, 0x3C, 0x19,
  0x83, 0xC3, 0x0C, 0x3C, 0x60, 0x63, 0xCC, 0x02, 0x3C, 0x00, 0x03, 0xC0,
  0x00, 0x3C, 0x00, 0x03, 0xFF, 0xFF, 0xF0, 0x00, 0x77, 0xFF, 0xF7, 0x00,
  0x04, 0x23, 0x1C, 0xE7, 0x7B, 0xFF, 0xFF, 0xDC, 0x02, 0x00, 0x20, 0x03,
  0x01, 0xDE, 0x78, 0xEF, 0x0F, 0xF0, 0x6F, 0x00, 0xF0, 0x0F, 0x00, 0xF0,
  0x0F, 0x00, 0xF8, 0x37, 0xCE, 0x1F, 0xC0, 0x20, 0x02, 0x00, 0x20, 0x03,
  0xF0, 0x0E, 0xF0, 0x38, 0xF0, 0xF0, 0xE1, 0xE1, 0xC3, 0xC0, 0x07, 0x80,
  0x0F, 0x00, 0x7F, 0xE0, 0x3C, 0x00, 0x78, 0x00, 0xF0, 0x01, 0xC1, 0xE3,
  0x81, 0xCF, 0x03, 0xBC, 0x07, 0xFF, 0x3D, 0xC7, 0xF0, 0x60, 0x3F, 0x77,
  0x3F, 0xE3, 0x9E, 0x30, 0x63, 0x06, 0x30, 0x63, 0x0E, 0x3F, 0xE7, 0xFF,
  0xE0, 0x34, 0x02, 0xFF, 0x87, 0xEF, 0xC0, 0x38, 0xF8, 0x06, 0x0F, 0x81,
  0x80, 0xF0, 0x60, 0x1F, 0x08, 0x01, 0xE3, 0x00, 0x1E, 0xC0, 0x01, 0xF0,
  0x03, 0xFF, 0xF0, 0x03, 0x80, 0x00, 0x70, 0x00, 0x0E, 0x00, 0x3F, 0xFF,
  0x00, 0x38, 0x00, 0x07, 0x00, 0x00, 0xF0, 0x00, 0xFF, 0xC0, 0xFF, 0xFF,
  0xF0, 0x0F, 0xFF, 0xFF, 0x1F, 0x0E, 0x71, 0xCF, 0x78, 0xE7, 0x10, 0xF0,
  0x1F, 0x01, 0xF8, 0x7F, 0x9C, 0xFB, 0x8F, 0x70, 0xFF, 0x1F, 0xF3, 0xDF,
  0x71, 0xFC, 0x1F, 0x80, 0xF0, 0x0F, 0x31, 0xE7, 0x1C, 0xE7, 0x0F, 0xC0,
  0x61, 0xBC, 0xFF, 0x3D, 0xC7, 0x00, 0x78, 0x00, 0x0E, 0x1C, 0x00, 0xC0,
  0x0C, 0x06, 0x00, 0x18, 0x30, 0x00, 0x30, 0x80, 0xE0, 0x44, 0x0E, 0xE0,
  0x90, 0x61, 0x82, 0x83, 0x03, 0x06, 0x0C, 0x08, 0x18, 0x30, 0x00, 0x60,
  0xC0, 0x01, 0x83, 0x00, 0x06, 0x0C, 0x00, 0x18, 0x38, 0x10, 0xD0, 0x60,
  0xC2, 0x40, 0xFE, 0x08, 0x80, 0x00, 0x43, 0x00, 0x03, 0x06, 0x00, 0x18,
  0x06, 0x01, 0x80, 0x0F, 0xFC, 0x00, 0x03, 0x00, 0x00, 0x3F, 0x0C, 0x73,
  0x8E, 0x21, 0xC1, 0xF8, 0xE7, 0x38, 0xE7, 0x1C, 0xF7, 0xCF, 0xFC, 0x02,
  0x08, 0x30, 0xC3, 0x0E, 0x38, 0xE7, 0x8E, 0x78, 0xE3, 0xC7, 0x0F, 0x3C,
  0x38, 0x70, 0x61, 0x81, 0x86, 0x04, 0x10, 0xFF, 0xFF, 0xFF, 0x00, 0x30,
  0x03, 0x00, 0x30, 0x03, 0xFF, 0xFF, 0xFC, 0x00, 0x03, 0xC0, 0x00, 0x3C,
  0x00, 0x03, 0xCC, 0x02, 0x3C, 0x60, 0x63, 0xC3, 0x0C, 0x3C, 0x19, 0x83,
  0xC0, 0xF0, 0x3C, 0x06, 0x03, 0xC0, 0xF0, 0x3C, 0x19, 0x83, 0xC3, 0x0C,
  0x3C, 0x60, 0x63, 0xCC, 0x02, 0x3C, 0x00, 0x03, 0xC0, 0x00, 0x3C, 0x00,
  0x03, 0xFF, 0xFF, 0xF0, 0x00, 0x78, 0x00, 0x0E, 0x1C, 0x00, 0xC0, 0x0C,
  0x06, 0x00, 0x18, 0x30, 0x00, 0x30, 0x8F, 0x80, 0x44, 0x19, 0xE0, 0x90,
  0x61, 0x82, 0x81, 0x86, 0x06, 0x06, 0x18, 0x18, 0x18, 0x40, 0x60, 0x7E,
  0x01, 0x81, 0x8C, 0x06, 0x06, 0x18, 0x18, 0x18, 0x60, 0xD0, 0x61, 0xC2,
  0x43, 0xE3, 0x88, 0x80, 0x00, 0x43, 0x00, 0x03, 0x06, 0x00, 0x18, 0x06,
  0x01, 0x80, 0x0F, 0xFC, 0x00, 0x03, 0x00, 0x00, 0xFF, 0xFC, 0x3E, 0x3F,
  0xB0, 0xD8, 0x3C, 0x1E, 0x19, 0x8C, 0xFC, 0x06, 0x00, 0x60, 0x06, 0x00,
  0x60, 0x06, 0x0F, 0xFF, 0xFF, 0xF0, 0x60, 0x06, 0x00, 0x60, 0x06, 0x0F,
  0xFF, 0xFF, 0xF0, 0x3F, 0x8E, 0x3B, 0x87, 0x30, 0xE0, 0x1C, 0x07, 0x80,
  0xE0, 0x38, 0x0C, 0x03, 0x01, 0xFF, 0xBF, 0xF0, 0x7F, 0x38, 0xEE, 0x3D,
  0x0E, 0x03, 0x87, 0x80, 0x38, 0x0F, 0xC3, 0xF0, 0xFC, 0x39, 0xFC, 0x18,
  0xF3, 0x9C, 0xC2, 0x00, 0xF0, 0x79, 0xE0, 0xF3, 0xC1, 0xE7, 0x83, 0xCF,
  0x07, 0x9E, 0x0F, 0x3C, 0x1E, 0x78, 0x3C, 0xF0, 0x79, 0xE1, 0xF3, 0xFF,
  0xE7, 0xFB, 0xFE, 0x00, 0x1C, 0x00, 0x38, 0x00, 0x70, 0x00, 0xE0, 0x00,
  0x80, 0x00, 0x0F, 0xF3, 0xFF, 0xBF, 0x39, 0xF9, 0xCF, 0xCE, 0x7E, 0x73,
  0xF3, 0x9F, 0x9C, 0xFC, 0xE3, 0xE7, 0x07, 0x38, 0x39, 0xC1, 0xCE, 0x0E,
  0x70, 0x73, 0x83, 0x9C, 0x1C, 0xE0, 0xE7, 0x07, 0x38, 0x39, 0xC7, 0xCF,
  0x3E, 0x7C, 0x27, 0xBF, 0xEF, 0x00, 0x30, 0xE1, 0xC3, 0x9F, 0xE0, 0x0E,
  0x3F, 0x8F, 0xE0, 0x78, 0x1E, 0x07, 0x81, 0xE0, 0x78, 0x1E, 0x07, 0x81,
  0xE3, 0xFF, 0x1F, 0x83, 0x9C, 0x70, 0xEF, 0x0F, 0xF0, 0xFF, 0x0F, 0xF0,
  0xF7, 0x0E, 0x70, 0xE1, 0xF8, 0x82, 0x0C, 0x30, 0xE3, 0x87, 0x1C, 0x38,
  0xE1, 0xC7, 0x1C, 0x73, 0x8F, 0x71, 0xCE, 0x18, 0xC3, 0x08, 0x20, 0x0E,
  0x00, 0x60, 0x7F, 0x00, 0x60, 0x3F, 0x80, 0x20, 0x03, 0xC0, 0x30, 0x01,
  0xE0, 0x10, 0x00, 0xF0, 0x18, 0x00, 0x78, 0x09, 0xC0, 0x3C, 0x0D, 0xE0,
  0x1E, 0x04, 0xF0, 0x0F, 0x06, 0x70, 0x07, 0x82, 0x70, 0x1F, 0xFB, 0x39,
  0xC0, 0x01, 0x38, 0xE0, 0x01, 0x98, 0x70, 0x00, 0x9F, 0xFE, 0x00, 0xCF,
  0xFF, 0x00, 0x40, 0x0E, 0x00, 0x60, 0x07, 0x00, 0x0E, 0x00, 0x60, 0x3F,
  0x80, 0x30, 0x0F, 0xE0, 0x08, 0x00, 0x78, 0x06, 0x00, 0x1E, 0x01, 0x00,
  0x07, 0x80, 0xC0, 0x01, 0xE0, 0x27, 0xF0, 0x78, 0x1B, 0x8E, 0x1E, 0x05,
  0xC3, 0x87, 0x83, 0x30, 0xE1, 0xE0, 0x80, 0x3B, 0xFF, 0x60, 0x1E, 0x00,
  0x10, 0x07, 0x00, 0x0C, 0x03, 0x80, 0x02, 0x01, 0x80, 0x01, 0x80, 0xC0,
  0x00, 0x40, 0xFF, 0xC0, 0x30, 0x3F, 0xF0, 0x7F, 0x00, 0x60, 0x38, 0xE0,
  0x30, 0x0E, 0x3C, 0x08, 0x01, 0x0E, 0x06, 0x00, 0x03, 0x81, 0x00, 0x07,
  0x80, 0xC0, 0x00, 0x38, 0x23, 0x80, 0x0F, 0x19, 0xE0, 0xC3, 0xC4, 0x78,
  0x30, 0xF3, 0x1C, 0x0C, 0x38, 0x8E, 0x01, 0xFC, 0x63, 0x9C, 0x00, 0x11,
  0xC7, 0x00, 0x0C, 0x61, 0xC0, 0x02, 0x3F, 0xFC, 0x01, 0x8F, 0xFF, 0x00,
  0x40, 0x07, 0x00, 0x30, 0x01, 0xC0, 0x07, 0x00, 0xF8, 0x0F, 0x80, 0xF8,
  0x07, 0x00, 0x00, 0x06, 0x00, 0x60, 0x06, 0x00, 0xE0, 0x1C, 0x03, 0x80,
  0x70, 0x0F, 0x06, 0xF0, 0x7F, 0x07, 0xF0, 0x77, 0x8E, 0x3F, 0x80, 0x01,
  0x00, 0x00, 0x70, 0x00, 0x0F, 0x00, 0x00, 0xF0, 0x00, 0x06, 0x00, 0x00,
  0x60, 0x00, 0x00, 0x00, 0x07, 0x00, 0x00, 0xF0, 0x00, 0x3E, 0x00, 0x05,
  0xC0, 0x00, 0xBC, 0x00, 0x37, 0x80, 0x04, 0x70, 0x01, 0x8F, 0x00, 0x31,
  0xE0, 0x04, 0x3E, 0x01, 0x83, 0xC0, 0x3F, 0xF8, 0x04, 0x0F, 0x81, 0x80,
  0xF0, 0x20, 0x1E, 0x0C, 0x03, 0xE1, 0x80, 0x3C, 0xFC, 0x1F, 0xE0, 0x00,
  0x18, 0x00, 0x07, 0x00, 0x01, 0xE0, 0x00, 0x38, 0x00, 0x0C, 0x00, 0x03,
  0x00, 0x00, 0x00, 0x00, 0x07, 0x00, 0x00, 0xF0, 0x00, 0x3E, 0x00, 0x05,
  0xC0, 0x00, 0xBC, 0x00, 0x37, 0x80, 0x04, 0x70, 0x01, 0x8F, 0x00, 0x31,
  0xE0, 0x04, 0x3E, 0x01, 0x83, 0xC0, 0x3F, 0xF8, 0x04, 0x0F, 0x81, 0x80,
  0xF0, 0x20, 0x1E, 0x0C, 0x03, 0xE1, 0x80, 0x3C, 0xFC, 0x1F, 0xE0, 0x00,
  0xE0, 0x00, 0x1E, 0x00, 0x07, 0xE0, 0x01, 0xCE, 0x00, 0x70, 0xE0, 0x00,
  0x00, 0x00, 0x38, 0x00, 0x07, 0x80, 0x01, 0xF0, 0x00, 0x2E, 0x00, 0x05,
  0xE0, 0x01, 0xBC, 0x00, 0x23, 0x80, 0x0C, 0x78, 0x01, 0x8F, 0x00, 0x21,
  0xF0, 0x0C, 0x1E, 0x01, 0xFF, 0xC0, 0x20, 0x7C, 0x0C, 0x07, 0x81, 0x00,
  0xF0, 0x60, 0x1F, 0x0C, 0x01, 0xE7, 0xE0, 0xFF, 0x01, 0x80, 0x00, 0x7C,
  0xC0, 0x1F, 0xF8, 0x02, 0x1E, 0x00, 0x00, 0x00, 0x00, 0x00, 0x00, 0x38,
  0x00, 0x07, 0x80, 0x01, 0xF0, 0x00, 0x2E, 0x00, 0x05, 0xE0, 0x01, 0xBC,
  0x00, 0x23, 0x80, 0x0C, 0x78, 0x01, 0x8F, 0x00, 0x21, 0xF0, 0x0C, 0x1E,
  0x01, 0xFF, 0xC0, 0x20, 0x7C, 0x0C, 0x07, 0x81, 0x00, 0xF0, 0x60, 0x1F,
  0x0C, 0x01, 0xE7, 0xE0, 0xFF, 0x07, 0x9E, 0x00, 0xF3, 0xC0, 0x1E, 0x78,
  0x03, 0xCF, 0x00, 0x00, 0x00, 0x00, 0x00, 0x00, 0x38, 0x00, 0x07, 0x80,
  0x01, 0xF0, 0x00, 0x2E, 0x00, 0x05, 0xE0, 0x01, 0xBC, 0x00, 0x23, 0x80,
  0x0C, 0x78, 0x01, 0x8F, 0x00, 0x21, 0xF0, 0x0C, 0x1E, 0x01, 0xFF, 0xC0,
  0x20, 0x7C, 0x0C, 0x07, 0x81, 0x00, 0xF0, 0x60, 0x1F, 0x0C, 0x01, 0xE7,
  0xE0, 0xFF, 0x01, 0xE0, 0x00, 0x7E, 0x00, 0x1C, 0xE0, 0x03, 0x0C, 0x00,
  0x61, 0x80, 0x07, 0xE0, 0x00, 0x78, 0x00, 0x07, 0x00, 0x00, 0xF0, 0x00,
  0x3E, 0x00, 0x05, 0xC0, 0x00, 0xBC, 0x00, 0x37, 0x80, 0x04, 0x70, 0x01,
  0x8F, 0x00, 0x31, 0xE0, 0x04, 0x3E, 0x01, 0x83, 0xC0, 0x3F, 0xF8, 0x04,
  0x0F, 0x81, 0x80, 0xF0, 0x20, 0x1E, 0x0C, 0x03, 0xE1, 0x80, 0x3C, 0xFC,
  0x1F, 0xE0, 0x01, 0xFF, 0xFF, 0xC0, 0x1F, 0xFF, 0xF8, 0x00, 0x9F, 0x03,
  0x00, 0x13, 0xE0, 0x20, 0x04, 0x7C, 0x04, 0x01, 0x8F, 0x80, 0x00, 0x21,
  0xF0, 0x80, 0x0C, 0x3E, 0x10, 0x01, 0x07, 0xFE, 0x00, 0x60, 0xFF, 0xC0,
  0x0F, 0xFF, 0x08, 0x03, 0x03, 0xE1, 0x00, 0x40, 0x7C, 0x00, 0x18, 0x0F,
  0x80, 0x42, 0x01, 0xF0, 0x08, 0xC0, 0x3E, 0x03, 0x38, 0x07, 0xC0, 0xFF,
  0xC3, 0xFF, 0xFC, 0x03, 0xFC, 0x0F, 0x1F, 0x1E, 0x07, 0x3C, 0x07, 0x78,
  0x03, 0x78, 0x02, 0xF8, 0x00, 0xF8, 0x00, 0xF8, 0x00, 0xF8, 0x00, 0xF8,
  0x00, 0xF8, 0x00, 0xF8, 0x01, 0x78, 0x03, 0x7C, 0x03, 0x3C, 0x07, 0x1F,
  0x0F, 0x07, 0xFC, 0x00, 0xC0, 0x00, 0xE0, 0x00, 0x70, 0x00, 0x30, 0x02,
  0x70, 0x03, 0xE0, 0x02, 0x00, 0x03, 0x80, 0x01, 0xE0, 0x00, 0x78, 0x00,
  0x0C, 0x00, 0x03, 0x00, 0x00, 0x01, 0xFF, 0xFC, 0x7F, 0xFE, 0x0F, 0x03,
  0x07, 0x80, 0x83, 0xC0, 0x41, 0xE0, 0x00, 0xF0, 0xC0, 0x78, 0x60, 0x3F,
  0xF0, 0x1F, 0xF8, 0x0F, 0x0C, 0x07, 0x86, 0x03, 0xC0, 0x01, 0xE0, 0x18,
  0xF0, 0x18, 0x78, 0x0C, 0x7C, 0x0E, 0xFF, 0xFF, 0x00, 0x00, 0x30, 0x00,
  0x38, 0x00, 0x3C, 0x00, 0x1C, 0x00, 0x18, 0x00, 0x18, 0x00, 0x00, 0x01,
  0xFF, 0xFC, 0x7F, 0xFE, 0x0F, 0x03, 0x07, 0x80, 0x83, 0xC0, 0x41, 0xE0,
  0x00, 0xF0, 0xC0, 0x78, 0x60, 0x3F, 0xF0, 0x1F, 0xF8, 0x0F, 0x0C, 0x07,
  0x86, 0x03, 0xC0, 0x01, 0xE0, 0x18, 0xF0, 0x18, 0x78, 0x0C, 0x7C, 0x0E,
  0xFF, 0xFF, 0x00, 0x01, 0xC0, 0x00, 0xF0, 0x00, 0xFC, 0x00, 0xE7, 0x00,
  0xE1, 0xC0, 0x00, 0x03, 0xFF, 0xF8, 0xFF, 0xFC, 0x1E, 0x06, 0x0F, 0x01,
  0x07, 0x80, 0x83, 0xC0, 0x01, 0xE1, 0x80, 0xF0, 0xC0, 0x7F, 0xE0, 0x3F,
  0xF0, 0x1E, 0x18, 0x0F, 0x0C, 0x07, 0x80, 0x03, 0xC0, 0x31, 0xE0, 0x30,
  0xF0, 0x18, 0xF8, 0x1D, 0xFF, 0xFE, 0x0F, 0x3C, 0x07, 0x9E, 0x03, 0xCF,
  0x01, 0xE7, 0x80, 0x00, 0x00, 0x00, 0x03, 0xFF, 0xF8, 0xFF, 0xFC, 0x1E,
  0x06, 0x0F, 0x01, 0x07, 0x80, 0x83, 0xC0, 0x01, 0xE1, 0x80, 0xF0, 0xC0,
  0x7F, 0xE0, 0x3F, 0xF0, 0x1E, 0x18, 0x0F, 0x0C, 0x07, 0x80, 0x03, 0xC0,
  0x31, 0xE0, 0x30, 0xF0, 0x18, 0xF8, 0x1D, 0xFF, 0xFE, 0x20, 0x38, 0x1E,
  0x07, 0x80, 0xC0, 0x30, 0x01, 0xFF, 0x7F, 0x0F, 0x07, 0x83, 0xC1, 0xE0,
  0xF0, 0x78, 0x3C, 0x1E, 0x0F, 0x07, 0x83, 0xC1, 0xE0, 0xF0, 0x78, 0x7C,
  0xFF, 0x80, 0x03, 0x03, 0x83, 0xC1, 0xC1, 0x81, 0x80, 0x01, 0xFF, 0x7F,
  0x0F, 0x07, 0x83, 0xC1, 0xE0, 0xF0, 0x78, 0x3C, 0x1E, 0x0F, 0x07, 0x83,
  0xC1, 0xE0, 0xF0, 0x78, 0x7C, 0xFF, 0x80, 0x1C, 0x07, 0x83, 0xF1, 0xCE,
  0xE1, 0xC0, 0x0F, 0xF9, 0xFC, 0x1E, 0x07, 0x81, 0xE0, 0x78, 0x1E, 0x07,
  0x81, 0xE0, 0x78, 0x1E, 0x07, 0x81, 0xE0, 0x78, 0x1E, 0x07, 0x83, 0xE3,
  0xFE, 0xF3, 0xFC, 0xFF, 0x3F, 0xCF, 0x00, 0x00, 0x0F, 0xF9, 0xFC, 0x1E,
  0x07, 0x81, 0xE0, 0x78, 0x1E, 0x07, 0x81, 0xE0, 0x78, 0x1E, 0x07, 0x81,
  0xE0, 0x78, 0x1E, 0x07, 0x83, 0xE3, 0xFE, 0xFF, 0xE0, 0x0F, 0xFF, 0x80,
  0xF0, 0x3C, 0x1E, 0x03, 0xC3, 0xC0, 0x3C, 0x78, 0x07, 0x8F, 0x00, 0xF9,
  0xE0, 0x1F, 0xFF, 0xC3, 0xE7, 0x80, 0x7C, 0xF0, 0x0F, 0x9E, 0x01, 0xF3,
  0xC0, 0x3C, 0x78, 0x07, 0x8F, 0x01, 0xE1, 0xE0, 0x38, 0x3E, 0x1E, 0x1F,
  0xFF, 0x00, 0x00, 0xC0, 0x00, 0x0F, 0x98, 0x00, 0xFF, 0xC0, 0x04, 0x3C,
  0x00, 0x00, 0x00, 0x00, 0x00, 0x01, 0xF8, 0x07, 0xFF, 0xE0, 0x7F, 0x1F,
  0x80, 0x60, 0xFE, 0x03, 0x07, 0xF8, 0x18, 0x37, 0xC0, 0xC1, 0x9F, 0x06,
  0x0C, 0x7C, 0x30, 0x61, 0xF1, 0x83, 0x0F, 0xCC, 0x18, 0x3F, 0x60, 0xC0,
  0xFB, 0x06, 0x03, 0xF8, 0x30, 0x0F, 0xC1, 0x80, 0x3E, 0x0C, 0x01, 0xF0,
  0x60, 0x07, 0x8F, 0xE0, 0x1C, 0x02, 0x00, 0x00, 0xE0, 0x00, 0x1E, 0x00,
  0x01, 0xE0, 0x00, 0x0C, 0x00, 0x00, 0xC0, 0x00, 0x00, 0x00, 0x1F, 0xC0,
  0x0F, 0x1E, 0x03, 0xC1, 0xE0, 0xF0, 0x1E, 0x3C, 0x03, 0xE7, 0x80, 0x3D,
  0xF0, 0x07, 0xBE, 0x00, 0xFF, 0xC0, 0x1F, 0xF8, 0x03, 0xFF, 0x00, 0x7F,
  0xE0, 0x0F, 0x3C, 0x01, 0xE7, 0x80, 0x7C, 0x78, 0x0F, 0x0F, 0x01, 0xC0,
  0x70, 0x70, 0x07, 0xFC, 0x00, 0x00, 0x18, 0x00, 0x07, 0x00, 0x01, 0xE0,
  0x00, 0x38, 0x00, 0x0C, 0x00, 0x03, 0x00, 0x00, 0x00, 0x00, 0x1F, 0xC0,
  0x0F, 0x1E, 0x03, 0xC1, 0xE0, 0xF0, 0x1E, 0x3C, 0x03, 0xE7, 0x80, 0x3D,
  0xF0, 0x07, 0xBE, 0x00, 0xFF, 0xC0, 0x1F, 0xF8, 0x03, 0xFF, 0x00, 0x7F,
  0xE0, 0x0F, 0x3C, 0x01, 0xE7, 0x80, 0x7C, 0x78, 0x0F, 0x0F, 0x01, 0xC0,
  0x70, 0x70, 0x07, 0xFC, 0x00, 0x01, 0xC0, 0x00, 0x3C, 0x00, 0x0F, 0xC0,
  0x03, 0x9C, 0x00, 0xE1, 0xC0, 0x00, 0x00, 0x00, 0xFE, 0x00, 0x78, 0xF0,
  0x1E, 0x0F, 0x07, 0x80, 0xF1, 0xE0, 0x1F, 0x3C, 0x01, 0xEF, 0x80, 0x3D,
  0xF0, 0x07, 0xFE, 0x00, 0xFF, 0xC0, 0x1F, 0xF8, 0x03, 0xFF, 0x00, 0x79,
  0xE0, 0x0F, 0x3C, 0x03, 0xE3, 0xC0, 0x78, 0x78, 0x0E, 0x03, 0x83, 0x80,
  0x3F, 0xE0, 0x03, 0x00, 0x00, 0xF9, 0x80, 0x3F, 0xF0, 0x04, 0x3C, 0x00,
  0x00, 0x00, 0x00, 0x00, 0x00, 0xFE, 0x00, 0x78, 0xF0, 0x1E, 0x0F, 0x07,
  0x80, 0xF1, 0xE0, 0x1F, 0x3C, 0x01, 0xEF, 0x80, 0x3D, 0xF0, 0x07, 0xFE,
  0x00, 0xFF, 0xC0, 0x1F, 0xF8, 0x03, 0xFF, 0x00, 0x79, 0xE0, 0x0F, 0x3C,
  0x03, 0xE3, 0xC0, 0x78, 0x78, 0x0E, 0x03, 0x83, 0x80, 0x3F, 0xE0, 0x0F,
  0x3C, 0x01, 0xE7, 0x80, 0x3C, 0xF0, 0x07, 0x9E, 0x00, 0x00, 0x00, 0x00,
  0x00, 0x00, 0xFE, 0x00, 0x78, 0xF0, 0x1E, 0x0F, 0x07, 0x80, 0xF1, 0xE0,
  0x1F, 0x3C, 0x01, 0xEF, 0x80, 0x3D, 0xF0, 0x07, 0xFE, 0x00, 0xFF, 0xC0,
  0x1F, 0xF8, 0x03, 0xFF, 0x00, 0x79, 0xE0, 0x0F, 0x3C, 0x03, 0xE3, 0xC0,
  0x78, 0x78, 0x0E, 0x03, 0x83, 0x80, 0x3F, 0xE0, 0x40, 0x2E, 0x07, 0x70,
  0xE3, 0x9C, 0x1F, 0x80, 0xF0, 0x0F, 0x01, 0xF8, 0x39, 0xC7, 0x0E, 0xE0,
  0x74, 0x02, 0x00, 0x01, 0x00, 0x00, 0x60, 0x0F, 0xE8, 0x07, 0x8F, 0x01,
  0xE0, 0xF0, 0x78, 0x1F, 0x1E, 0x03, 0xF3, 0xC0, 0x9E, 0xF8, 0x33, 0xDF,
  0x04, 0x7F, 0xE1, 0x8F, 0xFC, 0x21, 0xFF, 0x8C, 0x3F, 0xF1, 0x07, 0x9E,
  0x40, 0xF3, 0xD8, 0x3E, 0x3E, 0x07, 0x87, 0xC0, 0xE0, 0x38, 0x38, 0x07,
  0xFE, 0x00, 0x80, 0x00, 0x20, 0x00, 0x00, 0x01, 0x00, 0x00, 0x70, 0x00,
  0x0F, 0x00, 0x00, 0xF0, 0x00, 0x06, 0x00, 0x00, 0x60, 0x00, 0x00, 0x07,
  0xFC, 0x3F, 0x7F, 0x07, 0xE7, 0x80, 0x30, 0xF0, 0x06, 0x1E, 0x00, 0xC3,
  0xC0, 0x18, 0x78, 0x03, 0x0F, 0x00, 0x61, 0xE0, 0x0C, 0x3C, 0x01, 0x87,
  0x80, 0x30, 0xF0, 0x06, 0x1E, 0x00, 0xC3, 0xC0, 0x18, 0x3C, 0x02, 0x07,
  0x80, 0xC0, 0x78, 0x30, 0x07, 0xFC, 0x00, 0x00, 0x18, 0x00, 0x07, 0x00,
  0x01, 0xE0, 0x00, 0x38, 0x00, 0x0C, 0x00, 0x03, 0x00, 0x00, 0x00, 0x07,
  0xFC, 0x3F, 0x7F, 0x07, 0xE7, 0x80, 0x30, 0xF0, 0x06, 0x1E, 0x00, 0xC3,
  0xC0, 0x18, 0x78, 0x03, 0x0F, 0x00, 0x61, 0xE0, 0x0C, 0x3C, 0x01, 0x87,
  0x80, 0x30, 0xF0, 0x06, 0x1E, 0x00, 0xC3, 0xC0, 0x18, 0x3C, 0x02, 0x07,
  0x80, 0xC0, 0x78, 0x30, 0x07, 0xFC, 0x00, 0x00, 0xE0, 0x00, 0x1E, 0x00,
  0x07, 0xE0, 0x01, 0xCE, 0x00, 0x70, 0xE0, 0x00, 0x00, 0x3F, 0xE1, 0xFB,
  0xF8, 0x3F, 0x3C, 0x01, 0x87, 0x80, 0x30, 0xF0, 0x06, 0x1E, 0x00, 0xC3,
  0xC0, 0x18, 0x78, 0x03, 0x0F, 0x00, 0x61, 0xE0, 0x0C, 0x3C, 0x01, 0x87,
  0x80, 0x30, 0xF0, 0x06, 0x1E, 0x00, 0xC1, 0xE0, 0x10, 0x3C, 0x06, 0x03,
  0xC1, 0x80, 0x3F, 0xE0, 0x07, 0x9E, 0x00, 0xF3, 0xC0, 0x1E, 0x78, 0x03,
  0xCF, 0x00, 0x00, 0x00, 0x00, 0x00, 0x3F, 0xE1, 0xFB, 0xF8, 0x3F, 0x3C,
  0x01, 0x87, 0x80, 0x30, 0xF0, 0x06, 0x1E, 0x00, 0xC3, 0xC0, 0x18, 0x78,
  0x03, 0x0F, 0x00, 0x61, 0xE0, 0x0C, 0x3C, 0x01, 0x87, 0x80, 0x30, 0xF0,
  0x06, 0x1E, 0x00, 0xC1, 0xE0, 0x10, 0x3C, 0x06, 0x03, 0xC1, 0x80, 0x3F,
  0xE0, 0x00, 0x18, 0x00, 0x07, 0x00, 0x01, 0xE0, 0x00, 0x38, 0x00, 0x0C,
  0x00, 0x03, 0x00, 0x00, 0x00, 0x07, 0xFC, 0x3F, 0x7E, 0x01, 0xC7, 0xC0,
  0x30, 0x78, 0x0C, 0x0F, 0x81, 0x80, 0xF8, 0x60, 0x1F, 0x08, 0x01, 0xF3,
  0x00, 0x1E, 0x40, 0x03, 0xF8, 0x00, 0x3E, 0x00, 0x07, 0xC0, 0x00, 0xF8,
  0x00, 0x1F, 0x00, 0x03, 0xE0, 0x00, 0x7C, 0x00, 0x0F, 0x80, 0x07, 0xFC,
  0x00, 0xFF, 0x80, 0x7F, 0x00, 0x3E, 0x00, 0x3E, 0x00, 0x3F, 0xFC, 0x3E,
  0x3E, 0x3E, 0x1F, 0x3E, 0x0F, 0x3E, 0x0F, 0x3E, 0x0F, 0x3E, 0x0F, 0x3E,
  0x1F, 0x3E, 0x3E, 0x3F, 0xF8, 0x3E, 0x00, 0x3E, 0x00, 0x3E, 0x00, 0xFF,
  0x80, 0x07, 0xF8, 0x0E, 0x3C, 0x1C, 0x3C, 0x3C, 0x3C, 0x3C, 0x3C, 0x3C,
  0x30, 0x3C, 0x60, 0x3C, 0xC0, 0x3C, 0xE0, 0x3C, 0xF8, 0x3C, 0x7E, 0x3C,
  0x3E, 0x3C, 0x1F, 0x3C, 0x0F, 0x3C, 0x0F, 0x3D, 0x8F, 0x3D, 0x8F, 0x3D,
  0xCE, 0xFC, 0xF8, 0x10, 0x00, 0xE0, 0x03, 0xC0, 0x07, 0x80, 0x06, 0x00,
  0x0C, 0x00, 0x00, 0x00, 0xC0, 0x3F, 0xE1, 0xC3, 0xC7, 0x0F, 0x18, 0x3C,
  0x00, 0xF0, 0x7F, 0xC7, 0x8F, 0x1E, 0x3C, 0xF0, 0xF3, 0xE3, 0xC7, 0xFF,
  0x1F, 0xBF, 0x00, 0xC0, 0x07, 0x80, 0x1C, 0x00, 0xE0, 0x06, 0x00, 0x10,
  0x00, 0x00, 0x00, 0xC0, 0x3F, 0xE1, 0xC3, 0xC7, 0x0F, 0x18, 0x3C, 0x00,
  0xF0, 0x7F, 0xC7, 0x8F, 0x1E, 0x3C, 0xF0, 0xF3, 0xE3, 0xC7, 0xFF, 0x1F,
  0xBF, 0x07, 0x00, 0x3E, 0x01, 0xD8, 0x0E, 0x30, 0x30, 0x60, 0x00, 0x00,
  0x30, 0x0F, 0xF8, 0x70, 0xF1, 0xC3, 0xC6, 0x0F, 0x00, 0x3C, 0x1F, 0xF1,
  0xE3, 0xC7, 0x8F, 0x3C, 0x3C, 0xF8, 0xF1, 0xFF, 0xC7, 0xEF, 0xC0, 0x0E,
  0x00, 0x7C, 0x81, 0x3E, 0x00, 0x70, 0x00, 0x00, 0x0C, 0x03, 0xFE, 0x1C,
  0x3C, 0x70, 0xF1, 0x83, 0xC0, 0x0F, 0x07, 0xFC, 0x78, 0xF1, 0xE3, 0xCF,
  0x0F, 0x3E, 0x3C, 0x7F, 0xF1, 0xFB, 0xF0, 0x18, 0x60, 0xF3, 0xC3, 0xCF,
  0x0F, 0x3C, 0x18, 0x60, 0x00, 0x00, 0x30, 0x0F, 0xF8, 0x70, 0xF1, 0xC3,
  0xC6, 0x0F, 0x00, 0x3C, 0x1F, 0xF1, 0xE3, 0xC7, 0x8F, 0x3C, 0x3C, 0xF8,
  0xF1, 0xFF, 0xC7, 0xEF, 0xC0, 0x07, 0x80, 0x3F, 0x01, 0xCE, 0x06, 0x18,
  0x18, 0x60, 0x3F, 0x00, 0x78, 0x00, 0x00, 0x03, 0x00, 0xFF, 0x87, 0x0F,
  0x1C, 0x3C, 0x60, 0xF0, 0x03, 0xC1, 0xFF, 0x1E, 0x3C, 0x78, 0xF3, 0xC3,
  0xCF, 0x8F, 0x1F, 0xFC, 0x7E, 0xFC, 0x02, 0x07, 0x03, 0xFF, 0xFC, 0x70,
  0xF1, 0xE7, 0x0F, 0x0F, 0x60, 0xF0, 0xF0, 0x0F, 0x0F, 0x1F, 0xFF, 0xF7,
  0x8F, 0x00, 0x78, 0xF0, 0x0F, 0x0F, 0x00, 0xF8, 0xF8, 0x27, 0xFF, 0xCE,
  0x7F, 0x3F, 0xC0, 0x03, 0x81, 0xFE, 0x78, 0xF7, 0x8F, 0xF0, 0x7F, 0x00,
  0xF0, 0x0F, 0x00, 0xF0, 0x0F, 0x80, 0x78, 0x37, 0xCE, 0x1F, 0xC0, 0x60,
  0x07, 0x00, 0x38, 0x01, 0x81, 0x38, 0x1F, 0x00, 0x08, 0x00, 0xE0, 0x07,
  0x80, 0x1E, 0x00, 0x30, 0x00, 0xC0, 0x00, 0x00, 0xE0, 0x1F, 0xE3, 0xC7,
  0x9E, 0x3D, 0xE0, 0xFF, 0x07, 0xFF, 0xFF, 0xC0, 0x1E, 0x00, 0xF8, 0x03,
  0xC0, 0x9F, 0x9C, 0x3F, 0xC0, 0x00, 0xC0, 0x0F, 0x00, 0x70, 0x07, 0x00,
  0x60, 0x02, 0x00, 0x00, 0x00, 0xE0, 0x1F, 0xE3, 0xC7, 0x9E, 0x3D, 0xE0,
  0xFF, 0x07, 0xFF, 0xFF, 0xC0, 0x1E, 0x00, 0xF8, 0x03, 0xC0, 0x9F, 0x9C,
  0x3F, 0xC0, 0x03, 0x80, 0x3E, 0x03, 0xB0, 0x38, 0xC1, 0x83, 0x00, 0x00,
  0x1C, 0x03, 0xFC, 0x78, 0xF3, 0xC7, 0xBC, 0x1F, 0xE0, 0xFF, 0xFF, 0xF8,
  0x03, 0xC0, 0x1F, 0x00, 0x78, 0x13, 0xF3, 0x87, 0xF8, 0x18, 0x61, 0xE7,
  0x8F, 0x3C, 0x79, 0xE1, 0x86, 0x00, 0x00, 0x1C, 0x03, 0xFC, 0x78, 0xF3,
  0xC7, 0xBC, 0x1F, 0xE0, 0xFF, 0xFF, 0xF8, 0x03, 0xC0, 0x1F, 0x00, 0x78,
  0x13, 0xF3, 0x87, 0xF8, 0x40, 0x70, 0x3C, 0x0F, 0x01, 0x80, 0x60, 0x00,
  0x00, 0x7E, 0x0F, 0x07, 0x83, 0xC1, 0xE0, 0xF0, 0x78, 0x3C, 0x1E, 0x0F,
  0x07, 0x8F, 0xF0, 0x06, 0x0F, 0x0E, 0x1C, 0x30, 0x20, 0x00, 0x00, 0xFC,
  0x3C, 0x3C, 0x3C, 0x3C, 0x3C, 0x3C, 0x3C, 0x3C, 0x3C, 0x3C, 0xFF, 0x1C,
  0x1F, 0x1D, 0x9C, 0x6C, 0x18, 0x00, 0x00, 0xFC, 0x1E, 0x0F, 0x07, 0x83,
  0xC1, 0xE0, 0xF0, 0x78, 0x3C, 0x1E, 0x0F, 0x1F, 0xE0, 0x61, 0xBC, 0xFF,
  0x3F, 0xCF, 0x61, 0x80, 0x00, 0x01, 0xF8, 0x1E, 0x07, 0x81, 0xE0, 0x78,
  0x1E, 0x07, 0x81, 0xE0, 0x78, 0x1E, 0x07, 0x87, 0xF8, 0x00, 0x40, 0xE3,
  0x01, 0xF8, 0x00, 0xE0, 0x0D, 0xC0, 0x63, 0x80, 0x0F, 0x00, 0x1E, 0x00,
  0x78, 0x3E, 0xF3, 0xEF, 0xDE, 0x0F, 0x78, 0x3F, 0xC0, 0xFF, 0x03, 0xFC,
  0x0F, 0xF0, 0x3F, 0xC0, 0xF7, 0x87, 0x8E, 0x1C, 0x1F, 0xE0, 0x03, 0x80,
  0x03, 0xE4, 0x01, 0x3E, 0x00, 0x0E, 0x00, 0x00, 0x00, 0x00, 0xC3, 0xF3,
  0xF8, 0x7F, 0x3C, 0x1E, 0x1E, 0x0F, 0x0F, 0x07, 0x87, 0x83, 0xC3, 0xC1,
  0xE1, 0xE0, 0xF0, 0xF0, 0x78, 0x78, 0x3C, 0x3C, 0x1E, 0x1E, 0x3F, 0x9F,
  0xC0, 0x08, 0x00, 0x70, 0x01, 0xE0, 0x03, 0xC0, 0x03, 0x00, 0x06, 0x00,
  0x00, 0x00, 0xC0, 0x1F, 0xF1, 0xE1, 0xE7, 0x87, 0xBC, 0x0F, 0xF0, 0x3F,
  0xC0, 0xFF, 0x03, 0xFC, 0x0F, 0xF8, 0x3D, 0xE1, 0xE3, 0x87, 0x87, 0xF8,
  0x00, 0xC0, 0x07, 0x80, 0x1C, 0x00, 0xE0, 0x06, 0x00, 0x10, 0x00, 0x00,
  0x00, 0xC0, 0x1F, 0xF1, 0xE1, 0xE7, 0x87, 0xBC, 0x0F, 0xF0, 0x3F, 0xC0,
  0xFF, 0x03, 0xFC, 0x0F, 0xF8, 0x3D, 0xE1, 0xE3, 0x87, 0x87, 0xF8, 0x03,
  0x80, 0x1F, 0x00, 0xEC, 0x07, 0x18, 0x18, 0x30, 0x00, 0x00, 0x30, 0x07,
  0xFC, 0x78, 0x79, 0xE1, 0xEF, 0x03, 0xFC, 0x0F, 0xF0, 0x3F, 0xC0, 0xFF,
  0x03, 0xFE, 0x0F, 0x78, 0x78, 0xE1, 0xE1, 0xFE, 0x00, 0x0E, 0x00, 0x7C,
  0x81, 0x3E, 0x00, 0x70, 0x00, 0x00, 0x0C, 0x01, 0xFF, 0x1E, 0x1E, 0x78,
  0x7B, 0xC0, 0xFF, 0x03, 0xFC, 0x0F, 0xF0, 0x3F, 0xC0, 0xFF, 0x83, 0xDE,
  0x1E, 0x38, 0x78, 0x7F, 0x80, 0x18, 0x60, 0xF3, 0xC3, 0xCF, 0x0F, 0x3C,
  0x18, 0x60, 0x00, 0x00, 0x30, 0x07, 0xFC, 0x78, 0x79, 0xE1, 0xEF, 0x03,
  0xFC, 0x0F, 0xF0, 0x3F, 0xC0, 0xFF, 0x03, 0xFE, 0x0F, 0x78, 0x78, 0xE1,
  0xE1, 0xFE, 0x00, 0x0F, 0x00, 0xF0, 0x0F, 0x00, 0xF0, 0x00, 0x00, 0x00,
  0xFF, 0xFF, 0xFF, 0x00, 0x00, 0x60, 0x0F, 0x00, 0xF0, 0x0F, 0x00, 0x70,
  0x00, 0x20, 0x0D, 0x81, 0xFF, 0x1E, 0x3E, 0x78, 0xFB, 0xC2, 0xFF, 0x13,
  0xFC, 0x4F, 0xF2, 0x3F, 0xC8, 0xFF, 0xC3, 0xDF, 0x1E, 0x38, 0x78, 0x7F,
  0x81, 0x00, 0x04, 0x00, 0x08, 0x00, 0x38, 0x00, 0x78, 0x00, 0x78, 0x00,
  0x30, 0x00, 0x30, 0x00, 0x00, 0x00, 0x00, 0xF8, 0xFC, 0xF0, 0x79, 0xE0,
  0xF3, 0xC1, 0xE7, 0x83, 0xCF, 0x07, 0x9E, 0x0F, 0x3C, 0x1E, 0x78, 0x3C,
  0xF8, 0xF8, 0xFF, 0xF9, 0xFD, 0xF0, 0x00, 0x60, 0x01, 0xE0, 0x03, 0x80,
  0x0E, 0x00, 0x30, 0x00, 0x40, 0x00, 0x00, 0x00, 0x00, 0xF8, 0xFC, 0xF0,
  0x79, 0xE0, 0xF3, 0xC1, 0xE7, 0x83, 0xCF, 0x07, 0x9E, 0x0F, 0x3C, 0x1E,
  0x78, 0x3C, 0xF8, 0xF8, 0xFF, 0xF9, 0xFD, 0xF0, 0x03, 0x80, 0x0F, 0x80,
  0x3B, 0x00, 0xE3, 0x01, 0x83, 0x00, 0x00, 0x00, 0x00, 0x7C, 0x7E, 0x78,
  0x3C, 0xF0, 0x79, 0xE0, 0xF3, 0xC1, 0xE7, 0x83, 0xCF, 0x07, 0x9E, 0x0F,
  0x3C, 0x1E, 0x7C, 0x7C, 0x7F, 0xFC, 0xFE, 0xF8, 0x0C, 0x30, 0x3C, 0xF0,
  0x79, 0xE0, 0xF3, 0xC0, 0xC3, 0x00, 0x00, 0x00, 0x00, 0x7C, 0x7E, 0x78,
  0x3C, 0xF0, 0x79, 0xE0, 0xF3, 0xC1, 0xE7, 0x83, 0xCF, 0x07, 0x9E, 0x0F,
  0x3C, 0x1E, 0x7C, 0x7C, 0x7F, 0xFC, 0xFE, 0xF8, 0x00, 0x60, 0x01, 0xE0,
  0x03, 0x80, 0x0E, 0x00, 0x30, 0x00, 0x40, 0x00, 0x00, 0x00, 0x00, 0xFF,
  0x7E, 0xF8, 0x30, 0xF0, 0x61, 0xF1, 0x81, 0xE3, 0x03, 0xC4, 0x03, 0xD8,
  0x07, 0xA0, 0x07, 0xC0, 0x0F, 0x80, 0x0E, 0x00, 0x1C, 0x00, 0x10, 0x00,
  0x60, 0x19, 0x80, 0x3F, 0x00, 0x7C, 0x00, 0x20, 0x00, 0xFC, 0x00, 0xF8,
  0x00, 0xF0, 0x01, 0xE0, 0x03, 0xC0, 0x07, 0x80, 0x0F, 0x18, 0x1F, 0xFC,
  0x3E, 0x7C, 0x78, 0x7C, 0xF0, 0x79, 0xE0, 0xF3, 0xC1, 0xE7, 0x83, 0xCF,
  0x07, 0x9E, 0x0F, 0x3C, 0x3C, 0x78, 0x78, 0xFF, 0xC1, 0xE0, 0x03, 0xC0,
  0x07, 0x80, 0x0F, 0x00, 0x3F, 0x00, 0xFF, 0x00, 0x0C, 0x30, 0x3C, 0xF0,
  0x79, 0xE0, 0xF3, 0xC0, 0xC3, 0x00, 0x00, 0x00, 0x00, 0x7F, 0xBF, 0x7C,
  0x18, 0x78, 0x30, 0xF8, 0xC0, 0xF1, 0x81, 0xE2, 0x01, 0xEC, 0x03, 0xD0,
  0x03, 0xE0, 0x07, 0xC0, 0x07, 0x00, 0x0E, 0x00, 0x08, 0x00, 0x30, 0x0C,
  0xC0, 0x1F, 0x80, 0x3E, 0x00, 0x10, 0x00 };

const GFXglyph Gelasio_Bold13pt8bGlyphs[] PROGMEM = {
  {     0,   1,   1,   6,    0,    0 },   // 0x20 ' '
  {     1,   6,  19,  10,    2,  -18 },   // 0x21 '!'
  {    16,  10,   9,  13,    2,  -20 },   // 0x22 '"'
  {    28,  14,  18,  18,    2,  -17 },   // 0x23 '#'
  {    60,  13,  22,  16,    2,  -18 },   // 0x24 '$'
  {    96,  20,  18,  22,    1,  -17 },   // 0x25 '%'
  {   141,  20,  18,  20,    0,  -17 },   // 0x26 '&'
  {   186,   4,   9,   7,    2,  -20 },   // 0x27 '''
  {   191,   9,  23,  11,    1,  -18 },   // 0x28 '('
  {   217,   9,  23,  11,    1,  -18 },   // 0x29 ')'
  {   243,  12,  11,  12,    0,  -18 },   // 0x2A '*'
  {   260,  12,  12,  18,    3,  -12 },   // 0x2B '+'
  {   278,   5,   9,   8,    2,   -3 },   // 0x2C ','
  {   284,   7,   2,  10,    1,   -7 },   // 0x2D '-'
  {   286,   5,   5,   8,    2,   -4 },   // 0x2E '.'
  {   290,  10,  25,  12,    1,  -19 },   // 0x2F '/'
  {   322,  16,  15,  18,    1,  -14 },   // 0x30 '0'
  {   352,   9,  15,  12,    2,  -14 },   // 0x31 '1'
  {   369,  14,  15,  16,    1,  -14 },   // 0x32 '2'
  {   396,  14,  20,  16,    1,  -14 },   // 0x33 '3'
  {   431,  15,  19,  17,    1,  -14 },   // 0x34 '4'
  {   467,  13,  20,  15,    1,  -14 },   // 0x35 '5'
  {   500,  14,  19,  17,    1,  -18 },   // 0x36 '6'
  {   534,  13,  19,  14,    1,  -14 },   // 0x37 '7'
  {   565,  15,  18,  17,    1,  -17 },   // 0x38 '8'
  {   599,  14,  20,  17,    1,  -14 },   // 0x39 '9'
  {   634,   5,  13,   9,    3,  -12 },   // 0x3A ':'
  {   643,   6,  18,   9,    2,  -12 },   // 0x3B ';'
  {   657,  12,  14,  18,    3,  -13 },   // 0x3C '<'
  {   678,  12,   8,  18,    3,  -10 },   // 0x3D '='
  {   690,  12,  14,  18,    3,  -13 },   // 0x3E '>'
  {   711,  12,  19,  14,    1,  -18 },   // 0x3F '?'
  {   740,  20,  21,  25,    2,  -16 },   // 0x40 '@'
  {   793,  19,  18,  19,    0,  -17 },   // 0x41 'A'
  {   836,  17,  18,  19,    1,  -17 },   // 0x42 'B'
  {   875,  16,  18,  18,    1,  -17 },   // 0x43 'C'
  {   911,  19,  18,  21,    1,  -17 },   // 0x44 'D'
  {   954,  17,  18,  18,    1,  -17 },   // 0x45 'E'
  {   993,  15,  18,  17,    1,  -17 },   // 0x46 'F'
  {  1027,  19,  18,  21,    1,  -17 },   // 0x47 'G'
  {  1070,  21,  18,  23,    1,  -17 },   // 0x48 'H'
  {  1118,   9,  18,  11,    1,  -17 },   // 0x49 'I'
  {  1139,  15,  18,  15,    0,  -17 },   // 0x4A 'J'
  {  1173,  19,  18,  21,    1,  -17 },   // 0x4B 'K'
  {  1216,  16,  18,  17,    1,  -17 },   // 0x4C 'L'
  {  1252,  24,  18,  26,    1,  -17 },   // 0x4D 'M'
  {  1306,  21,  18,  21,    0,  -17 },   // 0x4E 'N'
  {  1354,  19,  18,  21,    1,  -17 },   // 0x4F 'O'
  {  1397,  16,  18,  18,    1,  -17 },   // 0x50 'P'
  {  1433,  19,  23,  21,    1,  -17 },   // 0x51 'Q'
  {  1488,  18,  18,  20,    1,  -17 },   // 0x52 'R'
  {  1529,  13,  18,  17,    2,  -17 },   // 0x53 'S'
  {  1559,  17,  18,  17,    0,  -17 },   // 0x54 'T'
  {  1598,  19,  18,  21,    1,  -17 },   // 0x55 'U'
  {  1641,  21,  18,  19,   -1,  -17 },   // 0x56 'V'
  {  1689,  29,  18,  29,    0,  -17 },   // 0x57 'W'
  {  1755,  20,  18,  21,    0,  -17 },   // 0x58 'X'
  {  1800,  19,  18,  19,    0,  -17 },   // 0x59 'Y'
  {  1843,  16,  18,  18,    1,  -17 },   // 0x5A 'Z'
  {  1879,   7,  23,  11,    2,  -18 },   // 0x5B '['
  {  1900,   9,  26,  12,    0,  -18 },   // 0x5C '\'
  {  1930,   7,  23,  11,    2,  -18 },   // 0x5D ']'
  {  1951,  14,  14,  18,    2,  -17 },   // 0x5E '^'
  {  1976,  18,   2,  18,    0,    3 },   // 0x5F '_'
  {  1981,   6,   6,  13,    3,  -19 },   // 0x60 '`'
  {  1986,  14,  13,  15,    1,  -12 },   // 0x61 'a'
  {  2009,  15,  19,  16,    0,  -18 },   // 0x62 'b'
  {  2045,  12,  13,  14,    1,  -12 },   // 0x63 'c'
  {  2065,  15,  19,  17,    1,  -18 },   // 0x64 'd'
  {  2101,  13,  13,  15,    1,  -12 },   // 0x65 'e'
  {  2123,  10,  19,  10,    1,  -18 },   // 0x66 'f'
  {  2147,  14,  19,  15,    1,  -12 },   // 0x67 'g'
  {  2181,  17,  19,  17,    0,  -18 },   // 0x68 'h'
  {  2222,   8,  19,   9,    1,  -18 },   // 0x69 'i'
  {  2241,   9,  25,   9,   -2,  -18 },   // 0x6A 'j'
  {  2270,  16,  19,  16,    0,  -18 },   // 0x6B 'k'
  {  2308,   8,  19,   9,    0,  -18 },   // 0x6C 'l'
  {  2327,  25,  13,  26,    1,  -12 },   // 0x6D 'm'
  {  2368,  17,  13,  18,    0,  -12 },   // 0x6E 'n'
  {  2396,  14,  13,  16,    1,  -12 },   // 0x6F 'o'
  {  2419,  16,  18,  17,    0,  -12 },   // 0x70 'p'
  {  2455,  16,  19,  17,    1,  -12 },   // 0x71 'q'
  {  2493,  12,  13,  13,    1,  -12 },   // 0x72 'r'
  {  2513,  11,  13,  13,    1,  -12 },   // 0x73 's'
  {  2531,   9,  16,  10,    1,  -15 },   // 0x74 't'
  {  2549,  15,  12,  17,    1,  -11 },   // 0x75 'u'
  {  2572,  16,  12,  14,   -1,  -11 },   // 0x76 'v'
  {  2596,  23,  12,  22,   -1,  -11 },   // 0x77 'w'
  {  2631,  15,  12,  15,    0,  -11 },   // 0x78 'x'
  {  2654,  15,  18,  14,    0,  -11 },   // 0x79 'y'
  {  2688,  13,  12,  13,    0,  -11 },   // 0x7A 'z'
  {  2708,  10,  23,  13,    1,  -18 },   // 0x7B '{'
  {  2737,   2,  24,  10,    4,  -18 },   // 0x7C '|'
  {  2743,  10,  23,  13,    2,  -18 },   // 0x7D '}'
  {  2772,  12,   4,  18,    3,   -8 },   // 0x7E '~'
  {  2778,   1,   1,  13,    0,    0 },   // 0x7F
  {  2779,  20,  19,  25,    3,  -18 },   // 0x80
  {  2827,  20,  19,  25,    3,  -18 },   // 0x81
  {  2875,  20,  19,  25,    3,  -18 },   // 0x82
  {  2923,  20,  19,  25,    3,  -18 },   // 0x83
  {  2971,  20,  19,  25,    3,  -18 },   // 0x84
  {  3019,  20,  19,  25,    3,  -18 },   // 0x85
  {  3067,  20,  19,  25,    3,  -18 },   // 0x86
  {  3115,  20,  19,  25,    3,  -18 },   // 0x87
  {  3163,  20,  19,  25,    3,  -18 },   // 0x88
  {  3211,  20,  19,  25,    3,  -18 },   // 0x89
  {  3259,  20,  19,  25,    3,  -18 },   // 0x8A
  {  3307,  20,  19,  25,    3,  -18 },   // 0x8B
  {  3355,  20,  19,  25,    3,  -18 },   // 0x8C
  {  3403,  20,  19,  25,    3,  -18 },   // 0x8D
  {  3451,  20,  19,  25,    3,  -18 },   // 0x8E
  {  3499,  20,  19,  25,    3,  -18 },   // 0x8F
  {  3547,  20,  19,  25,    3,  -18 },   // 0x90
  {  3595,  20,  19,  25,    3,  -18 },   // 0x91
  {  3643,  20,  19,  25,    3,  -18 },   // 0x92
  {  3691,  20,  19,  25,    3,  -18 },   // 0x93
  {  3739,  20,  19,  25,    3,  -18 },   // 0x94
  {  3787,  20,  19,  25,    3,  -18 },   // 0x95
  {  3835,  20,  19,  25,    3,  -18 },   // 0x96
  {  3883,  20,  19,  25,    3,  -18 },   // 0x97
  {  3931,  20,  19,  25,    3,  -18 },   // 0x98
  {  3979,  20,  19,  25,    3,  -18 },   // 0x99
  {  4027,  20,  19,  25,    3,  -18 },   // 0x9A
  {  4075,  20,  19,  25,    3,  -18 },   // 0x9B
  {  4123,  20,  19,  25,    3,  -18 },   // 0x9C
  {  4171,  20,  19,  25,    3,  -18 },   // 0x9D
  {  4219,  20,  19,  25,    3,  -18 },   // 0x9E
  {  4267,  20,  19,  25,    3,  -18 },   // 0x9F
  {  4315,   1,   1,   6,    0,    0 },   // 0xA0
  {  4316,   5,  19,  10,    2,  -17 },   // 0xA1
  {  4328,  12,  18,  15,    2,  -14 },   // 0xA2
  {  4355,  15,  18,  18,    1,  -17 },   // 0xA3
  {  4389,  12,  12,  18,    2,  -12 },   // 0xA4
  {  4407,  19,  18,  19,    0,  -17 },   // 0xA5
  {  4450,   2,  24,  10,    4,  -18 },   // 0xA6
  {  4456,  11,  23,  14,    2,  -17 },   // 0xA7
  {  4488,  10,   4,  13,    1,  -18 },   // 0xA8
  {  4493,  22,  23,  24,    1,  -18 },   // 0xA9
  {  4557,  11,  10,  14,    2,  -17 },   // 0xAA
  {  4571,  13,  12,  16,    1,  -12 },   // 0xAB
  {  4591,  12,   6,  18,    3,   -7 },   // 0xAC
  {  4600,  20,  19,  25,    3,  -18 },   // 0xAD
  {  4648,  22,  23,  24,    1,  -18 },   // 0xAE
  {  4712,   7,   2,  18,    0,  -17 },   // 0xAF
  {  4714,   9,   8,  11,    1,  -17 },   // 0xB0
  {  4723,  12,  13,  18,    3,  -12 },   // 0xB1
  {  4743,  11,  12,  14,    1,  -20 },   // 0xB2
  {  4760,  10,  12,  14,    2,  -20 },   // 0xB3
  {  4775,   6,   6,  13,    3,  -19 },   // 0xB4
  {  4780,  15,  18,  17,    2,  -11 },   // 0xB5
  {  4814,  13,  22,  14,    1,  -17 },   // 0xB6
  {  4850,   5,   5,   9,    2,  -11 },   // 0xB7
  {  4854,   6,   6,   7,    0,    1 },   // 0xB8
  {  4859,  10,  12,  14,    2,  -20 },   // 0xB9
  {  4874,  12,  10,  14,    1,  -17 },   // 0xBA
  {  4889,  12,  12,  16,    2,  -12 },   // 0xBB
  {  4907,  25,  18,  27,    2,  -17 },   // 0xBC
  {  4964,  26,  18,  27,    1,  -17 },   // 0xBD
  {  5023,  26,  18,  27,    1,  -17 },   // 0xBE
  {  5082,  12,  19,  14,    1,  -18 },   // 0xBF
  {  5111,  19,  25,  19,    0,  -24 },   // 0xC0
  {  5171,  19,  25,  19,    0,  -24 },   // 0xC1
  {  5231,  19,  24,  19,    0,  -23 },   // 0xC2
  {  5288,  19,  24,  19,    0,  -23 },   // 0xC3
  {  5345,  19,  24,  19,    0,  -23 },   // 0xC4
  {  5402,  19,  25,  19,    0,  -24 },   // 0xC5
  {  5462,  27,  18,  27,   -1,  -17 },   // 0xC6
  {  5523,  16,  24,  18,    1,  -17 },   // 0xC7
  {  5571,  17,  25,  18,    1,  -24 },   // 0xC8
  {  5625,  17,  25,  18,    1,  -24 },   // 0xC9
  {  5679,  17,  24,  18,    1,  -23 },   // 0xCA
  {  5730,  17,  24,  18,    1,  -23 },   // 0xCB
  {  5781,   9,  25,  11,    1,  -24 },   // 0xCC
  {  5810,   9,  25,  11,    1,  -24 },   // 0xCD
  {  5839,  10,  24,  11,    1,  -23 },   // 0xCE
  {  5869,  10,  24,  11,    1,  -23 },   // 0xCF
  {  5899,  19,  18,  21,    1,  -17 },   // 0xD0
  {  5942,  21,  24,  21,    0,  -23 },   // 0xD1
  {  6005,  19,  25,  21,    1,  -24 },   // 0xD2
  {  6065,  19,  25,  21,    1,  -24 },   // 0xD3
  {  6125,  19,  24,  21,    1,  -23 },   // 0xD4
  {  6182,  19,  24,  21,    1,  -23 },   // 0xD5
  {  6239,  19,  24,  21,    1,  -23 },   // 0xD6
  {  6296,  12,  12,  18,    3,  -12 },   // 0xD7
  {  6314,  19,  22,  21,    1,  -19 },   // 0xD8
  {  6367,  19,  25,  21,    1,  -24 },   // 0xD9
  {  6427,  19,  25,  21,    1,  -24 },   // 0xDA
  {  6487,  19,  24,  21,    1,  -23 },   // 0xDB
  {  6544,  19,  24,  21,    1,  -23 },   // 0xDC
  {  6601,  19,  25,  19,    0,  -24 },   // 0xDD
  {  6661,  16,  18,  18,    1,  -17 },   // 0xDE
  {  6697,  16,  19,  17,    0,  -18 },   // 0xDF
  {  6735,  14,  20,  15,    1,  -19 },   // 0xE0
  {  6770,  14,  20,  15,    1,  -19 },   // 0xE1
  {  6805,  14,  19,  15,    1,  -18 },   // 0xE2
  {  6839,  14,  18,  15,    1,  -17 },   // 0xE3
  {  6871,  14,  19,  15,    1,  -18 },   // 0xE4
  {  6905,  14,  21,  15,    1,  -20 },   // 0xE5
  {  6942,  20,  13,  22,    1,  -12 },   // 0xE6
  {  6975,  12,  19,  14,    1,  -12 },   // 0xE7
  {  7004,  13,  20,  15,    1,  -19 },   // 0xE8
  {  7037,  13,  20,  15,    1,  -19 },   // 0xE9
  {  7070,  13,  19,  15,    1,  -18 },   // 0xEA
  {  7101,  13,  19,  15,    1,  -18 },   // 0xEB
  {  7132,   9,  20,   9,    0,  -19 },   // 0xEC
  {  7155,   8,  20,   9,    1,  -19 },   // 0xED
  {  7175,   9,  19,   9,    0,  -18 },   // 0xEE
  {  7197,  10,  19,   9,    0,  -18 },   // 0xEF
  {  7221,  14,  21,  16,    1,  -20 },   // 0xF0
  {  7258,  17,  18,  18,    0,  -17 },   // 0xF1
  {  7297,  14,  20,  16,    1,  -19 },   // 0xF2
  {  7332,  14,  20,  16,    1,  -19 },   // 0xF3
  {  7367,  14,  19,  16,    1,  -18 },   // 0xF4
  {  7401,  14,  18,  16,    1,  -17 },   // 0xF5
  {  7433,  14,  19,  16,    1,  -18 },   // 0xF6
  {  7467,  12,  14,  18,    3,  -13 },   // 0xF7
  {  7488,  14,  16,  16,    1,  -13 },   // 0xF8
  {  7516,  15,  20,  17,    1,  -19 },   // 0xF9
  {  7554,  15,  20,  17,    1,  -19 },   // 0xFA
  {  7592,  15,  19,  17,    1,  -18 },   // 0xFB
  {  7628,  15,  19,  17,    1,  -18 },   // 0xFC
  {  7664,  15,  26,  14,    0,  -19 },   // 0xFD
  {  7713,  15,  25,  16,    0,  -18 },   // 0xFE
  {  7760,  15,  25,  14,    0,  -18 } }; // 0xFF

const GFXfont Gelasio_Bold13pt8b PROGMEM = {
  (uint8_t  *)Gelasio_Bold13pt8bBitmaps,
  (GFXglyph *)Gelasio_Bold13pt8bGlyphs,
  0x20, 0xFF, 32 };

// Approx. 9382 bytes

const uint8_t Gelasio_Bold14pt8bBitmaps[] PROGMEM = {
  0x00, 0x7B, 0xFF, 0xFF, 0x7D, 0xE7, 0x8E, 0x30, 0xC3, 0x0C, 0x30, 0x00,
  0x0C, 0x79, 0xF7, 0xDE, 0x70, 0xFE, 0x3F, 0xC7, 0xF0, 0xEE, 0x1D, 0xC3,
  0xB0, 0x66, 0x0C, 0xC1, 0x98, 0x30, 0x06, 0x18, 0x0C, 0x30, 0x18, 0x60,
  0x30, 0xC0, 0x61, 0x8F, 0xFF, 0xDF, 0xFF, 0x86, 0x18, 0x0C, 0x30, 0x18,
  0x60, 0x60, 0xC0, 0xC3, 0x0F, 0xFF, 0xDF, 0xFF, 0x86, 0x18, 0x18, 0x30,
  0x30, 0xC0, 0x61, 0x80, 0xC3, 0x00, 0x03, 0x00, 0x0C, 0x00, 0x30, 0x07,
  0xFE, 0x38, 0x79, 0xC0, 0x6F, 0x01, 0xBE, 0x02, 0xFC, 0x01, 0xF8, 0x07,
  0xF8, 0x0F, 0xF8, 0x1F, 0xF8, 0x1F, 0xF0, 0x1F, 0xE0, 0x1F, 0xC0, 0x3F,
  0x00, 0xFE, 0x03, 0xFC, 0x0E, 0xDF, 0xE0, 0x08, 0x00, 0x20, 0x00, 0x80,
  0x3F, 0x80, 0xC1, 0xC7, 0x06, 0x07, 0x1C, 0x30, 0x3C, 0x70, 0xC0, 0xF1,
  0xE6, 0x03, 0xC7, 0x30, 0x07, 0x1C, 0xC0, 0x1C, 0x76, 0x00, 0x3F, 0x98,
  0x00, 0x00, 0xC0, 0x00, 0x06, 0x3F, 0x00, 0x1B, 0x8E, 0x00, 0xCE, 0x3C,
  0x03, 0x38, 0xF0, 0x18, 0xE3, 0xC0, 0xC3, 0x8F, 0x03, 0x0E, 0x3C, 0x18,
  0x38, 0xE0, 0xC0, 0x7F, 0x00, 0x00, 0x80, 0x00, 0x7F, 0x80, 0x07, 0x0E,
  0x00, 0x78, 0x70, 0x03, 0xC3, 0x80, 0x1E, 0x1C, 0x00, 0xF8, 0xE0, 0x03,
  0xEE, 0x00, 0x1F, 0xC7, 0xF0, 0x7E, 0x0E, 0x07, 0xF8, 0x30, 0xF7, 0xC3,
  0x0F, 0x9F, 0x18, 0x78, 0x7C, 0xC3, 0xC1, 0xFC, 0x1E, 0x07, 0xC0, 0xF8,
  0x1F, 0x07, 0xE0, 0xFC, 0x1F, 0xFF, 0xF8, 0x7F, 0x8F, 0xF0, 0x7F, 0xFE,
  0xEE, 0xCC, 0xCC, 0x00, 0x40, 0xF0, 0xF0, 0x78, 0x1C, 0x0F, 0x07, 0x81,
  0xE0, 0x78, 0x1E, 0x0F, 0x83, 0xE0, 0xF8, 0x3E, 0x0F, 0x83, 0xE0, 0x78,
  0x1E, 0x07, 0x81, 0xE0, 0x3C, 0x07, 0x01, 0xE0, 0x3C, 0x03, 0xC0, 0x10,
  0x80, 0x3C, 0x03, 0xC0, 0x78, 0x0E, 0x03, 0xC0, 0x78, 0x1E, 0x07, 0x81,
  0xE0, 0x7C, 0x1F, 0x07, 0xC1, 0xF0, 0x7C, 0x1F, 0x07, 0xC1, 0xE0, 0x78,
  0x1E, 0x0F, 0x03, 0xC1, 0xE0, 0xF0, 0xF0, 0x20, 0x00, 0x02, 0x00, 0x38,
  0x01, 0xC0, 0x0E, 0x06, 0x33, 0x7D, 0x7D, 0xFF, 0xC0, 0x60, 0x0D, 0x80,
  0xEE, 0x0F, 0x38, 0x71, 0xC1, 0x04, 0x00, 0x03, 0x00, 0x18, 0x00, 0xC0,
  0x06, 0x00, 0x30, 0x7F, 0xFF, 0xFF, 0xE0, 0x60, 0x03, 0x00, 0x18, 0x00,
  0xC0, 0x06, 0x00, 0x30, 0x00, 0x27, 0xFF, 0xF7, 0x9C, 0xE6, 0x33, 0x00,
  0xFF, 0xFF, 0x77, 0xFF, 0xF7, 0x00, 0x01, 0x80, 0xC0, 0xE0, 0x60, 0x30,
  0x18, 0x18, 0x0C, 0x06, 0x07, 0x03, 0x01, 0x80, 0xC0, 0xC0, 0x60, 0x30,
  0x38, 0x18, 0x0C, 0x06, 0x06, 0x03, 0x01, 0x81, 0xC0, 0xC0, 0x60, 0x30,
  0x00, 0x07, 0xF0, 0x0F, 0x1E, 0x0F, 0x07, 0x87, 0x81, 0xE7, 0x80, 0xF3,
  0xC0, 0x7F, 0xE0, 0x3F, 0xF0, 0x1F, 0xF8, 0x0F, 0xFC, 0x07, 0xDE, 0x03,
  0xEF, 0x01, 0xE7, 0xC0, 0xF1, 0xE0, 0xF0, 0x78, 0x70, 0x1F, 0xF0, 0x0E,
  0x0F, 0x8F, 0xE3, 0x78, 0x1E, 0x07, 0x81, 0xE0, 0x78, 0x1E, 0x07, 0x81,
  0xE0, 0x78, 0x1E, 0x07, 0x83, 0xF3, 0xFF, 0x0F, 0xE0, 0x79, 0xF1, 0xE1,
  0xF3, 0x83, 0xEF, 0x03, 0xCE, 0x07, 0x80, 0x1F, 0x00, 0x3C, 0x00, 0xF0,
  0x03, 0xC0, 0x0F, 0x00, 0x38, 0x00, 0xC0, 0x03, 0xFF, 0xDF, 0xFF, 0xBF,
  0xFF, 0x1F, 0xE0, 0x71, 0xE1, 0xC1, 0xE7, 0x83, 0xEF, 0x07, 0xCC, 0x0F,
  0x80, 0x1F, 0x00, 0x3C, 0x00, 0xF0, 0x1F, 0xC0, 0x3F, 0xC0, 0x03, 0xE0,
  0x07, 0xC0, 0x07, 0xC8, 0x0F, 0xF8, 0x1F, 0xF0, 0x3F, 0xC0, 0x7B, 0x81,
  0xF3, 0x87, 0xC1, 0xFE, 0x00, 0x01, 0xC0, 0x01, 0xE0, 0x03, 0xF0, 0x03,
  0xE0, 0x07, 0xC0, 0x07, 0x80, 0x0F, 0x80, 0x0F, 0x00, 0x1E, 0x00, 0x1C,
  0x38, 0x38, 0x78, 0x38, 0x78, 0x70, 0x78, 0x60, 0x78, 0xFF, 0xFF, 0xFF,
  0xFF, 0x00, 0x78, 0x00, 0x78, 0x00, 0x78, 0x00, 0x78, 0x3F, 0xFC, 0xFF,
  0xF3, 0xFF, 0xCF, 0xFF, 0x30, 0x00, 0x80, 0x02, 0x00, 0x08, 0x00, 0x67,
  0xE1, 0xFF, 0xE6, 0x07, 0xC0, 0x1F, 0x00, 0x3C, 0x00, 0xF4, 0x03, 0xFC,
  0x0F, 0xE0, 0x3F, 0x81, 0xFE, 0x07, 0x9C, 0x3C, 0x1F, 0xC0, 0x00, 0x30,
  0x01, 0xF0, 0x03, 0x80, 0x0F, 0x00, 0x1E, 0x00, 0x1C, 0x00, 0x3C, 0x00,
  0x3C, 0x00, 0x79, 0xF0, 0x7F, 0xFC, 0x78, 0x3C, 0xF8, 0x3E, 0xF8, 0x1E,
  0xF8, 0x1E, 0xF8, 0x1F, 0xF8, 0x1E, 0x78, 0x1E, 0x78, 0x3E, 0x3C, 0x3C,
  0x3C, 0x78, 0x0F, 0xF0, 0x7F, 0xFD, 0xFF, 0xE7, 0xFF, 0xBF, 0xFE, 0xC0,
  0x33, 0x00, 0xCC, 0x07, 0x00, 0x18, 0x00, 0x60, 0x03, 0x80, 0x0C, 0x00,
  0x70, 0x01, 0x80, 0x0E, 0x00, 0x38, 0x01, 0xC0, 0x07, 0x00, 0x1C, 0x00,
  0xE0, 0x03, 0x80, 0x1E, 0x00, 0x0F, 0xF8, 0x1C, 0x3C, 0x38, 0x1E, 0x78,
  0x1E, 0x78, 0x1E, 0x7C, 0x1E, 0x3F, 0x1C, 0x1F, 0xB8, 0x0F, 0xF0, 0x0F,
  0xF8, 0x39, 0xFE, 0x78, 0x7E, 0x78, 0x1F, 0xF0, 0x0F, 0xF8, 0x0F, 0x78,
  0x0F, 0x78, 0x0E, 0x3C, 0x1C, 0x1F, 0xF8, 0x07, 0xE0, 0x1E, 0x78, 0x3C,
  0x3C, 0x78, 0x3E, 0x78, 0x1E, 0xF8, 0x1E, 0xF8, 0x1E, 0xF8, 0x1E, 0xF8,
  0x1F, 0x78, 0x1E, 0x7C, 0x1E, 0x3F, 0xFE, 0x1F, 0xBE, 0x00, 0x3C, 0x00,
  0x3C, 0x00, 0x78, 0x00, 0x78, 0x00, 0xF0, 0x01, 0xE0, 0x07, 0x80, 0x0E,
  0x00, 0x77, 0xFF, 0xF7, 0x00, 0x00, 0x77, 0xFF, 0xF7, 0x00, 0x39, 0xF7,
  0xDF, 0x38, 0x00, 0x00, 0x23, 0xEF, 0xBE, 0x78, 0xE3, 0x8C, 0x31, 0x80,
  0x00, 0x08, 0x00, 0xC0, 0x1E, 0x03, 0xE0, 0x3C, 0x07, 0x80, 0xF0, 0x1E,
  0x00, 0xE0, 0x07, 0xC0, 0x0F, 0x80, 0x1F, 0x00, 0x3E, 0x00, 0x7C, 0x00,
  0xE0, 0x01, 0xFF, 0xFF, 0xFF, 0xC0, 0x00, 0x00, 0x00, 0x00, 0x7F, 0xFF,
  0xFF, 0xE0, 0x80, 0x06, 0x00, 0x3C, 0x00, 0xF8, 0x01, 0xF0, 0x03, 0xE0,
  0x07, 0xC0, 0x0F, 0x00, 0x18, 0x03, 0xC0, 0x78, 0x0F, 0x01, 0xE0, 0x3C,
  0x03, 0x80, 0x10, 0x00, 0x1F, 0xE3, 0x87, 0x98, 0x3D, 0xC0, 0xFE, 0x07,
  0xB0, 0x3C, 0x03, 0xC0, 0x1E, 0x01, 0xE0, 0x1C, 0x01, 0xC0, 0x0E, 0x00,
  0x60, 0x03, 0x00, 0x00, 0x00, 0xC0, 0x0F, 0x00, 0xFC, 0x03, 0xE0, 0x1E,
  0x00, 0x00, 0x1E, 0x00, 0x03, 0xFF, 0x00, 0x38, 0x0F, 0x01, 0x80, 0x0E,
  0x0C, 0x00, 0x18, 0x60, 0x00, 0x33, 0x07, 0x98, 0xCC, 0x3F, 0xE3, 0x61,
  0xC7, 0x85, 0x87, 0x1C, 0x36, 0x38, 0x70, 0xF0, 0xE1, 0xC3, 0xC3, 0x8E,
  0x0B, 0x0C, 0x38, 0x6C, 0x30, 0xE3, 0x30, 0xE7, 0x18, 0x61, 0xFF, 0xC1,
  0x83, 0x9E, 0x07, 0x00, 0x00, 0x0C, 0x00, 0x00, 0x1C, 0x00, 0x60, 0x3C,
  0x07, 0x00, 0x3F, 0xF0, 0x00, 0x04, 0x00, 0x00, 0xF0, 0x00, 0x07, 0xC0,
  0x00, 0x3E, 0x00, 0x03, 0xF0, 0x00, 0x1B, 0xC0, 0x00, 0x9E, 0x00, 0x0C,
  0xF0, 0x00, 0x63, 0xC0, 0x06, 0x1E, 0x00, 0x30, 0xF8, 0x01, 0x07, 0xC0,
  0x1F, 0xFE, 0x00, 0xFF, 0xF8, 0x04, 0x07, 0xC0, 0x60, 0x1E, 0x03, 0x00,
  0xF8, 0x30, 0x03, 0xC1, 0x80, 0x1F, 0x3F, 0x03, 0xFE, 0xFF, 0xFC, 0x07,
  0xE3, 0xE0, 0x7C, 0x3E, 0x0F, 0x83, 0xC1, 0xF0, 0x78, 0x3E, 0x0F, 0x07,
  0xC1, 0xE0, 0xF8, 0x78, 0x1F, 0xFC, 0x03, 0xFF, 0xE0, 0x7C, 0x1F, 0x0F,
  0x81, 0xE1, 0xF0, 0x3E, 0x3E, 0x07, 0xC7, 0xC0, 0xF8, 0xF8, 0x1E, 0x1F,
  0x07, 0xC3, 0xE3, 0xF3, 0xFF, 0xF8, 0x00, 0x03, 0xFF, 0x07, 0x83, 0xC7,
  0x80, 0xE7, 0x80, 0x37, 0xC0, 0x1B, 0xE0, 0x0F, 0xE0, 0x01, 0xF0, 0x00,
  0xF8, 0x00, 0x7C, 0x00, 0x3E, 0x00, 0x1F, 0x00, 0x0F, 0x80, 0x03, 0xE0,
  0x05, 0xF0, 0x06, 0x78, 0x03, 0x1E, 0x03, 0x87, 0x83, 0xC0, 0xFF, 0x80,
  0xFF, 0xFC, 0x01, 0xF0, 0xF8, 0x07, 0x80, 0xF0, 0x3C, 0x03, 0xC1, 0xE0,
  0x1F, 0x0F, 0x00, 0xF8, 0x78, 0x03, 0xE3, 0xC0, 0x1F, 0x1E, 0x00, 0xF8,
  0xF0, 0x07, 0xC7, 0x80, 0x3E, 0x3C, 0x01, 0xF1, 0xE0, 0x0F, 0x0F, 0x00,
  0xF8, 0x78, 0x07, 0xC3, 0xC0, 0x3C, 0x1E, 0x03, 0xC1, 0xF8, 0xF8, 0x3F,
  0xFF, 0x00, 0xFF, 0xFF, 0x0F, 0x81, 0xC1, 0xE0, 0x38, 0x78, 0x06, 0x1E,
  0x01, 0x87, 0x80, 0x01, 0xE0, 0xC0, 0x78, 0x30, 0x1E, 0x1C, 0x07, 0xFF,
  0x01, 0xE0, 0xC0, 0x78, 0x30, 0x1E, 0x08, 0x07, 0x80, 0x01, 0xE0, 0x0C,
  0x78, 0x07, 0x1E, 0x01, 0xCF, 0xC1, 0xFF, 0xFF, 0xF8, 0xFF, 0xFF, 0x3E,
  0x07, 0x1E, 0x03, 0x1E, 0x03, 0x1E, 0x01, 0x1E, 0x00, 0x1E, 0x08, 0x1E,
  0x08, 0x1E, 0x18, 0x1F, 0xF8, 0x1E, 0x18, 0x1E, 0x08, 0x1E, 0x08, 0x1E,
  0x00, 0x1E, 0x00, 0x1E, 0x00, 0x1E, 0x00, 0x3F, 0x80, 0xFF, 0xE0, 0x03,
  0xFF, 0x80, 0xF8, 0x3C, 0x1E, 0x01, 0xC3, 0xC0, 0x0C, 0x7C, 0x00, 0xC7,
  0xC0, 0x00, 0xF8, 0x00, 0x0F, 0x80, 0x00, 0xF8, 0x00, 0x0F, 0x80, 0x00,
  0xF8, 0x1F, 0xFF, 0x81, 0xFF, 0xF8, 0x03, 0xC7, 0xC0, 0x3C, 0x7C, 0x03,
  0xC3, 0xE0, 0x3C, 0x1E, 0x03, 0xC0, 0xF8, 0x3C, 0x03, 0xFF, 0x00, 0xFF,
  0xC7, 0xFE, 0x7E, 0x03, 0xF0, 0x78, 0x03, 0xC0, 0xF0, 0x07, 0x81, 0xE0,
  0x0F, 0x03, 0xC0, 0x1E, 0x07, 0x80, 0x3C, 0x0F, 0x00, 0x78, 0x1F, 0xFF,
  0xF0, 0x3F, 0xFF, 0xE0, 0x78, 0x03, 0xC0, 0xF0, 0x07, 0x81, 0xE0, 0x0F,
  0x03, 0xC0, 0x1E, 0x07, 0x80, 0x3C, 0x0F, 0x00, 0x78, 0x1E, 0x00, 0xF0,
  0x7E, 0x03, 0xF3, 0xFF, 0x1F, 0xF8, 0xFF, 0xCF, 0xC1, 0xE0, 0x78, 0x1E,
  0x07, 0x81, 0xE0, 0x78, 0x1E, 0x07, 0x81, 0xE0, 0x78, 0x1E, 0x07, 0x81,
  0xE0, 0x78, 0x1E, 0x0F, 0xCF, 0xFC, 0x0F, 0xFE, 0x03, 0xF0, 0x03, 0xC0,
  0x07, 0x80, 0x0F, 0x00, 0x1E, 0x00, 0x3C, 0x00, 0x78, 0x00, 0xF0, 0x01,
  0xE0, 0x03, 0xC0, 0x07, 0x8F, 0x0F, 0x1E, 0x1E, 0x3C, 0x3C, 0x78, 0x78,
  0xE1, 0xE0, 0xC3, 0xC0, 0xFE, 0x00, 0xFF, 0xC7, 0xF1, 0xF8, 0x0E, 0x07,
  0x80, 0xE0, 0x3C, 0x0E, 0x01, 0xE0, 0xE0, 0x0F, 0x0E, 0x00, 0x78, 0xE0,
  0x03, 0xC6, 0x00, 0x1E, 0x78, 0x00, 0xF7, 0xE0, 0x07, 0x9F, 0x80, 0x3C,
  0x7C, 0x01, 0xE1, 0xF0, 0x0F, 0x0F, 0xC0, 0x78, 0x3E, 0x03, 0xC1, 0xF8,
  0x1E, 0x07, 0xE1, 0xF8, 0x1F, 0xBF, 0xF0, 0xFE, 0xFF, 0xC0, 0x1F, 0x80,
  0x07, 0x80, 0x03, 0xC0, 0x01, 0xE0, 0x00, 0xF0, 0x00, 0x78, 0x00, 0x3C,
  0x00, 0x1E, 0x00, 0x0F, 0x00, 0x07, 0x80, 0x03, 0xC0, 0x01, 0xE0, 0x00,
  0xF0, 0x0C, 0x78, 0x06, 0x3C, 0x07, 0x1E, 0x03, 0x9F, 0x83, 0xFF, 0xFF,
  0xE0, 0xFF, 0x80, 0x3F, 0xCF, 0xE0, 0x0F, 0xC1, 0x7C, 0x07, 0xF0, 0x5F,
  0x01, 0x7C, 0x13, 0xC0, 0xDF, 0x04, 0xF8, 0x27, 0xC1, 0x3E, 0x09, 0xF0,
  0x47, 0xC6, 0x7C, 0x11, 0xF1, 0x1F, 0x04, 0x3C, 0x47, 0xC1, 0x0F, 0xB1,
  0xF0, 0x41, 0xE8, 0x7C, 0x10, 0x7E, 0x1F, 0x04, 0x1F, 0x07, 0xC1, 0x03,
  0xC1, 0xF0, 0x40, 0xF0, 0x7C, 0x10, 0x18, 0x1F, 0x0E, 0x06, 0x07, 0xCF,
  0xE1, 0x87, 0xFC, 0xFE, 0x01, 0xFD, 0xFC, 0x01, 0xC3, 0xF8, 0x02, 0x07,
  0xF0, 0x08, 0x17, 0xC0, 0x20, 0x5F, 0x80, 0x81, 0x3F, 0x02, 0x04, 0x7E,
  0x08, 0x10, 0xFC, 0x20, 0x41, 0xF8, 0x81, 0x03, 0xE2, 0x04, 0x07, 0xC8,
  0x10, 0x1F, 0xA0, 0x40, 0x3F, 0x81, 0x00, 0x7E, 0x04, 0x00, 0xF8, 0x10,
  0x01, 0xE0, 0xE0, 0x03, 0x8F, 0xE0, 0x0E, 0x00, 0x03, 0xFE, 0x00, 0xF0,
  0xF0, 0x1E, 0x07, 0xC3, 0xC0, 0x3C, 0x7C, 0x03, 0xE7, 0xC0, 0x1E, 0x7C,
  0x01, 0xFF, 0x80, 0x1F, 0xF8, 0x01, 0xFF, 0x80, 0x1F, 0xF8, 0x01, 0xFF,
  0x80, 0x1F, 0x7C, 0x01, 0xF7, 0xC0, 0x1E, 0x7C, 0x03, 0xE3, 0xC0, 0x3C,
  0x1E, 0x03, 0xC0, 0xF0, 0xF0, 0x03, 0xFE, 0x00, 0xFF, 0xFC, 0x1F, 0x0F,
  0x87, 0x83, 0xE3, 0xC1, 0xF1, 0xE0, 0xF8, 0xF0, 0x3C, 0x78, 0x1E, 0x3C,
  0x1F, 0x1E, 0x0F, 0x8F, 0x0F, 0x87, 0xFF, 0x83, 0xF8, 0x01, 0xE0, 0x00,
  0xF0, 0x00, 0x78, 0x00, 0x3C, 0x00, 0x1E, 0x00, 0x1F, 0x80, 0x1F, 0xF8,
  0x00, 0x03, 0xFE, 0x00, 0xF0, 0xF0, 0x1E, 0x07, 0xC3, 0xC0, 0x3C, 0x7C,
  0x03, 0xE7, 0xC0, 0x1E, 0x7C, 0x01, 0xFF, 0x80, 0x1F, 0xF8, 0x01, 0xFF,
  0x80, 0x1F, 0xF8, 0x01, 0xFF, 0x80, 0x1F, 0x7C, 0x01, 0xF7, 0xC0, 0x1E,
  0x7C, 0x03, 0xE3, 0xC0, 0x3C, 0x1E, 0x03, 0xC0, 0xF0, 0xF0, 0x03, 0xFE,
  0x00, 0x0F, 0x80, 0x00, 0xF8, 0x00, 0x07, 0xC0, 0x00, 0x7E, 0x00, 0x01,
  0xFC, 0x00, 0x03, 0x80, 0xFF, 0xFC, 0x03, 0xE1, 0xF0, 0x1E, 0x0F, 0x81,
  0xE0, 0x78, 0x1E, 0x07, 0x81, 0xE0, 0x78, 0x1E, 0x07, 0x81, 0xE0, 0xF8,
  0x1E, 0x0F, 0x01, 0xFF, 0xE0, 0x1F, 0xFC, 0x01, 0xE1, 0xE0, 0x1E, 0x1F,
  0x01, 0xE0, 0xF0, 0x1E, 0x0F, 0x81, 0xE0, 0xF8, 0x1E, 0x07, 0xC3, 0xF0,
  0x7E, 0xFF, 0xC3, 0xF0, 0x1F, 0xF8, 0x70, 0x71, 0xC0, 0x67, 0x80, 0xCF,
  0x00, 0x9F, 0x00, 0x3F, 0x80, 0x3F, 0x80, 0x3F, 0xC0, 0x3F, 0xE0, 0x1F,
  0xE0, 0x0F, 0xE8, 0x0F, 0xD8, 0x07, 0xF0, 0x0F, 0xF0, 0x0E, 0xE0, 0x3D,
  0xF0, 0x73, 0x7F, 0x80, 0x7F, 0xFF, 0xD8, 0x7C, 0x7E, 0x1F, 0x0F, 0x07,
  0xC1, 0xC1, 0xF0, 0x70, 0x7C, 0x10, 0x1F, 0x00, 0x07, 0xC0, 0x01, 0xF0,
  0x00, 0x7C, 0x00, 0x1F, 0x00, 0x07, 0xC0, 0x01, 0xF0, 0x00, 0x7C, 0x00,
  0x1F, 0x00, 0x07, 0xC0, 0x01, 0xF0, 0x00, 0xFE, 0x00, 0xFF, 0xE0, 0xFF,
  0x83, 0xF9, 0xF0, 0x07, 0x0F, 0x80, 0x10, 0x7C, 0x00, 0x83, 0xE0, 0x04,
  0x1F, 0x00, 0x20, 0xF8, 0x01, 0x07, 0xC0, 0x08, 0x3E, 0x00, 0x41, 0xF0,
  0x02, 0x0F, 0x80, 0x10, 0x7C, 0x00, 0x83, 0xE0, 0x04, 0x1F, 0x00, 0x20,
  0x78, 0x03, 0x03, 0xC0, 0x18, 0x0F, 0x01, 0x80, 0x7C, 0x18, 0x00, 0xFF,
  0x80, 0xFF, 0xC1, 0xFC, 0x7C, 0x01, 0xC1, 0xF0, 0x03, 0x03, 0xE0, 0x18,
  0x0F, 0x80, 0x60, 0x1E, 0x01, 0x00, 0x7C, 0x0C, 0x00, 0xF0, 0x30, 0x03,
  0xE0, 0x80, 0x0F, 0x86, 0x00, 0x1F, 0x10, 0x00, 0x7C, 0xC0, 0x00, 0xF3,
  0x00, 0x03, 0xE8, 0x00, 0x07, 0xE0, 0x00, 0x1F, 0x00, 0x00, 0x3C, 0x00,
  0x00, 0xE0, 0x00, 0x01, 0x80, 0x00, 0xFF, 0x81, 0xC0, 0xFE, 0xFC, 0x03,
  0x80, 0x70, 0xF8, 0x07, 0x80, 0x61, 0xF0, 0x1F, 0x01, 0x81, 0xF0, 0x3E,
  0x03, 0x03, 0xE0, 0x7E, 0x04, 0x03, 0xC1, 0xFC, 0x18, 0x07, 0xC2, 0x7C,
  0x30, 0x0F, 0x84, 0xF8, 0x40, 0x0F, 0x98, 0xF1, 0x80, 0x1F, 0x21, 0xF2,
  0x00, 0x1E, 0x43, 0xEC, 0x00, 0x3F, 0x83, 0xF8, 0x00, 0x7E, 0x07, 0xE0,
  0x00, 0x7C, 0x07, 0xC0, 0x00, 0xF8, 0x0F, 0x80, 0x00, 0xE0, 0x1E, 0x00,
  0x01, 0xC0, 0x1C, 0x00, 0x01, 0x80, 0x30, 0x00, 0xFF, 0xC3, 0xF8, 0xFC,
  0x03, 0x81, 0xF8, 0x0C, 0x03, 0xE0, 0x60, 0x07, 0xC3, 0x00, 0x0F, 0x98,
  0x00, 0x3E, 0x40, 0x00, 0x7F, 0x00, 0x00, 0xF8, 0x00, 0x03, 0xF0, 0x00,
  0x07, 0xC0, 0x00, 0x3F, 0x80, 0x01, 0x9F, 0x00, 0x0C, 0x7E, 0x00, 0x60,
  0xF8, 0x03, 0x81, 0xF0, 0x0C, 0x03, 0xE0, 0xF0, 0x0F, 0xCF, 0xF0, 0xFF,
  0xC0, 0xFF, 0xC3, 0xFB, 0xF0, 0x07, 0x0F, 0xC0, 0x30, 0x3E, 0x01, 0x00,
  0xF8, 0x18, 0x07, 0xC1, 0x80, 0x1F, 0x0C, 0x00, 0xF8, 0xC0, 0x03, 0xE4,
  0x00, 0x0F, 0x60, 0x00, 0x7E, 0x00, 0x01, 0xF0, 0x00, 0x0F, 0x80, 0x00,
  0x7C, 0x00, 0x03, 0xE0, 0x00, 0x1F, 0x00, 0x00, 0xF8, 0x00, 0x07, 0xC0,
  0x01, 0xFF, 0xC0, 0x3F, 0xFF, 0xB8, 0x0F, 0x9C, 0x0F, 0xCC, 0x07, 0xC6,
  0x07, 0xC2, 0x07, 0xE0, 0x03, 0xE0, 0x03, 0xE0, 0x03, 0xF0, 0x01, 0xF0,
  0x01, 0xF0, 0x01, 0xF8, 0x00, 0xF8, 0x00, 0xF8, 0x0C, 0xFC, 0x06, 0x7C,
  0x07, 0x7C, 0x03, 0x7E, 0x03, 0xBF, 0xFF, 0xC0, 0xFF, 0xFF, 0xC7, 0x8F,
  0x1E, 0x3C, 0x78, 0xF1, 0xE3, 0xC7, 0x8F, 0x1E, 0x3C, 0x78, 0xF1, 0xE3,
  0xC7, 0x8F, 0x1E, 0x3C, 0x78, 0xFE, 0xE0, 0x18, 0x06, 0x01, 0x80, 0x30,
  0x0C, 0x03, 0x00, 0x60, 0x18, 0x06, 0x01, 0x80, 0x30, 0x0C, 0x03, 0x00,
  0x60, 0x18, 0x06, 0x01, 0x80, 0x30, 0x0C, 0x03, 0x00, 0xE0, 0x18, 0x06,
  0x01, 0x80, 0x30, 0x0C, 0xFF, 0xFF, 0x0F, 0x0F, 0x0F, 0x0F, 0x0F, 0x0F,
  0x0F, 0x0F, 0x0F, 0x0F, 0x0F, 0x0F, 0x0F, 0x0F, 0x0F, 0x0F, 0x0F, 0x0F,
  0x0F, 0x0F, 0x0F, 0x0F, 0xFF, 0x01, 0x80, 0x07, 0x00, 0x0F, 0x00, 0x3E,
  0x00, 0x6C, 0x01, 0xDC, 0x03, 0x98, 0x06, 0x38, 0x1C, 0x70, 0x30, 0x70,
  0xE0, 0xE1, 0xC0, 0xC3, 0x01, 0xCE, 0x03, 0xB8, 0x03, 0x80, 0xFF, 0xFF,
  0xF0, 0xE3, 0xCF, 0x0E, 0x0C, 0x10, 0x03, 0x00, 0x7F, 0xE1, 0xE1, 0xE3,
  0x83, 0xC7, 0x07, 0x82, 0x0F, 0x01, 0xFE, 0x1F, 0x3C, 0x78, 0x79, 0xF0,
  0xF3, 0xE1, 0xE7, 0xC3, 0xC7, 0xFF, 0xE7, 0xEF, 0xC0, 0xFC, 0x00, 0xFC,
  0x00, 0x3C, 0x00, 0x3C, 0x00, 0x3C, 0x00, 0x3C, 0x00, 0x3C, 0x00, 0x3C,
  0x20, 0x3D, 0xFC, 0x3F, 0x3E, 0x3C, 0x1F, 0x3C, 0x0F, 0x3C, 0x0F, 0x3C,
  0x0F, 0x3C, 0x0F, 0x3C, 0x0F, 0x3C, 0x0F, 0x3C, 0x0F, 0x3C, 0x1E, 0x3E,
  0x3E, 0x3F, 0xF8, 0x01, 0x80, 0xFF, 0x8F, 0x1E, 0xF0, 0xFF, 0x87, 0xFC,
  0x1B, 0xE0, 0x1F, 0x00, 0xF8, 0x07, 0xC0, 0x3E, 0x00, 0xF8, 0x33, 0xEF,
  0x0F, 0xF0, 0x00, 0xFE, 0x00, 0x7F, 0x00, 0x0F, 0x80, 0x03, 0xC0, 0x01,
  0xE0, 0x00, 0xF0, 0x00, 0x78, 0x06, 0x3C, 0x1F, 0xFE, 0x1E, 0x1F, 0x1F,
  0x07, 0x8F, 0x03, 0xCF, 0x81, 0xE7, 0xC0, 0xF3, 0xE0, 0x79, 0xF0, 0x3C,
  0xF8, 0x1E, 0x3C, 0x0F, 0x1F, 0x0F, 0x87, 0xFF, 0xC1, 0xFD, 0xF8, 0x01,
  0x80, 0x7F, 0xC3, 0xC7, 0x9E, 0x1E, 0xF8, 0x7F, 0xE1, 0xFF, 0xFF, 0xFC,
  0x00, 0xF8, 0x03, 0xE0, 0x0F, 0x80, 0x1F, 0x02, 0x3F, 0x78, 0x7F, 0x80,
  0x07, 0xC1, 0xFC, 0x7B, 0x8E, 0x23, 0xC0, 0x78, 0x0F, 0x01, 0xE0, 0xFF,
  0xC7, 0x80, 0xF0, 0x1E, 0x03, 0xC0, 0x78, 0x0F, 0x01, 0xE0, 0x3C, 0x07,
  0x80, 0xF0, 0x1F, 0x0F, 0xF8, 0x06, 0x08, 0x7F, 0xFD, 0xE3, 0xBF, 0x87,
  0xBF, 0x0F, 0x1E, 0x1E, 0x1C, 0x3C, 0x3C, 0xF0, 0x3F, 0xC0, 0xC0, 0x03,
  0x80, 0x07, 0xFF, 0x0F, 0xFF, 0x8F, 0xFF, 0x9B, 0xFF, 0x70, 0x1E, 0xE0,
  0x3D, 0xC0, 0x73, 0xC1, 0xC1, 0xFF, 0x00, 0xFE, 0x00, 0x1F, 0xC0, 0x00,
  0xF8, 0x00, 0x0F, 0x00, 0x01, 0xE0, 0x00, 0x3C, 0x00, 0x07, 0x80, 0x00,
  0xF0, 0x40, 0x1E, 0xFE, 0x03, 0xFF, 0xE0, 0x7C, 0x3C, 0x0F, 0x07, 0x81,
  0xE0, 0xF0, 0x3C, 0x1E, 0x07, 0x83, 0xC0, 0xF0, 0x78, 0x1E, 0x0F, 0x03,
  0xC1, 0xE0, 0x78, 0x3C, 0x1F, 0x07, 0x87, 0xFB, 0xFE, 0x3C, 0x3C, 0x7E,
  0x3C, 0x18, 0x00, 0x00, 0xFC, 0x3C, 0x3C, 0x3C, 0x3C, 0x3C, 0x3C, 0x3C,
  0x3C, 0x3C, 0x3C, 0x3C, 0xFF, 0x07, 0x81, 0xE0, 0xFC, 0x1E, 0x03, 0x00,
  0x00, 0x00, 0x7E, 0x07, 0x81, 0xE0, 0x78, 0x1E, 0x07, 0x81, 0xE0, 0x78,
  0x1E, 0x07, 0x81, 0xE0, 0x78, 0x1E, 0x07, 0x81, 0xEE, 0x7B, 0x9C, 0xFF,
  0x1F, 0x00, 0xFC, 0x00, 0x7F, 0x00, 0x0F, 0x80, 0x07, 0xC0, 0x03, 0xE0,
  0x01, 0xF0, 0x00, 0xF8, 0x00, 0x7C, 0x00, 0x3E, 0x3F, 0x9F, 0x06, 0x0F,
  0x86, 0x07, 0xC6, 0x03, 0xE6, 0x01, 0xF7, 0x80, 0xFF, 0xC0, 0x7E, 0xF0,
  0x3E, 0x7C, 0x1F, 0x3E, 0x0F, 0x8F, 0x87, 0xC7, 0xE7, 0xF1, 0xF8, 0xFE,
  0x7F, 0x07, 0x83, 0xC1, 0xE0, 0xF0, 0x78, 0x3C, 0x1E, 0x0F, 0x07, 0x83,
  0xC1, 0xE0, 0xF0, 0x78, 0x3C, 0x1E, 0x0F, 0x07, 0x87, 0xC7, 0xF8, 0x00,
  0x18, 0x08, 0x1F, 0x9F, 0xCF, 0xE0, 0xFE, 0xFF, 0x7C, 0x1F, 0x0F, 0x87,
  0x83, 0xC1, 0xE0, 0xF8, 0x78, 0x3C, 0x1F, 0x0F, 0x07, 0x83, 0xE1, 0xE0,
  0xF0, 0x7C, 0x3C, 0x1E, 0x0F, 0x87, 0x83, 0xC1, 0xF0, 0xF0, 0x78, 0x3E,
  0x1E, 0x0F, 0x07, 0xC3, 0xC1, 0xF0, 0xF9, 0xFE, 0xFF, 0x3F, 0xC0, 0x00,
  0x08, 0x1F, 0xCF, 0xE0, 0xFF, 0x7C, 0x0F, 0x87, 0x81, 0xE0, 0xF8, 0x3C,
  0x1F, 0x07, 0x83, 0xE0, 0xF0, 0x7C, 0x1E, 0x0F, 0x83, 0xC1, 0xF0, 0x78,
  0x3E, 0x0F, 0x07, 0xC1, 0xE0, 0xF8, 0xFF, 0x3F, 0xC0, 0x01, 0x80, 0x3F,
  0xE0, 0xF0, 0xF3, 0xC1, 0xEF, 0x83, 0xFF, 0x03, 0xFE, 0x07, 0xFC, 0x0F,
  0xF8, 0x1F, 0xF0, 0x3D, 0xE0, 0xFB, 0xC1, 0xE3, 0xC7, 0x83, 0xFE, 0x00,
  0x00, 0x10, 0x7F, 0xFF, 0x0F, 0xCF, 0xC7, 0xC3, 0xE3, 0xE0, 0xF9, 0xF0,
  0x7C, 0xF8, 0x3E, 0x7C, 0x1F, 0x3E, 0x0F, 0x9F, 0x07, 0xCF, 0x83, 0xC7,
  0xC1, 0xE3, 0xE1, 0xE1, 0xFF, 0xE0, 0xF8, 0x00, 0x7C, 0x00, 0x3E, 0x00,
  0x1F, 0x00, 0x0F, 0xC0, 0x1F, 0xF8, 0x00, 0x01, 0x82, 0x0F, 0xF7, 0x0F,
  0x0F, 0x8F, 0x83, 0xC7, 0x81, 0xE3, 0xC0, 0xF3, 0xE0, 0x79, 0xF0, 0x3C,
  0xF8, 0x1E, 0x3C, 0x0F, 0x1E, 0x07, 0x8F, 0x87, 0xC3, 0xFF, 0xE0, 0xFE,
  0xF0, 0x00, 0x78, 0x00, 0x3C, 0x00, 0x1E, 0x00, 0x0F, 0x00, 0x0F, 0x80,
  0x1F, 0xF0, 0x00, 0x37, 0xE7, 0xCF, 0x7E, 0x7E, 0x73, 0xE3, 0x1E, 0x00,
  0xF0, 0x07, 0x80, 0x3C, 0x01, 0xE0, 0x0F, 0x00, 0x78, 0x03, 0xE0, 0x7F,
  0xC0, 0x06, 0x23, 0xFE, 0x70, 0x67, 0x06, 0xF8, 0x27, 0xE0, 0x7F, 0xC3,
  0xFE, 0x0F, 0xFC, 0x3F, 0xC0, 0xFC, 0x0F, 0xE0, 0xFF, 0xFC, 0x08, 0x07,
  0x01, 0xC0, 0x70, 0x7C, 0x3F, 0xE7, 0xC1, 0xF0, 0x7C, 0x1F, 0x07, 0xC1,
  0xF0, 0x7C, 0x1F, 0x07, 0xC1, 0xF0, 0x3E, 0xCF, 0xE0, 0xFC, 0xFE, 0x3E,
  0x0F, 0x0F, 0x07, 0x87, 0x83, 0xC3, 0xC1, 0xE1, 0xE0, 0xF0, 0xF0, 0x78,
  0x78, 0x3C, 0x3C, 0x1E, 0x1E, 0x0F, 0x0F, 0x0F, 0x87, 0xFF, 0xF1, 0xF9,
  0xF8, 0xFF, 0x8F, 0xCF, 0x80, 0xC1, 0xE0, 0x60, 0x7C, 0x18, 0x0F, 0x04,
  0x03, 0xE3, 0x00, 0x78, 0x80, 0x1F, 0x60, 0x03, 0xD0, 0x00, 0xFC, 0x00,
  0x1F, 0x00, 0x07, 0x80, 0x01, 0xE0, 0x00, 0xFF, 0x8F, 0x1F, 0x9F, 0x07,
  0x83, 0x07, 0x83, 0xC1, 0x83, 0xE3, 0xF0, 0x80, 0xF1, 0xF8, 0xC0, 0x7C,
  0xBE, 0x60, 0x3E, 0xCF, 0x20, 0x0F, 0x67, 0xB0, 0x07, 0xE3, 0xF8, 0x01,
  0xF0, 0xF8, 0x00, 0xF8, 0x7C, 0x00, 0x78, 0x1C, 0x00, 0x1C, 0x0E, 0x00,
  0xFF, 0x3F, 0x3E, 0x0C, 0x1F, 0x18, 0x1F, 0x30, 0x0F, 0xB0, 0x07, 0xE0,
  0x03, 0xE0, 0x07, 0xF0, 0x0D, 0xF0, 0x0C, 0xF8, 0x18, 0x7C, 0x38, 0x7E,
  0xFC, 0xFF, 0xFF, 0x3F, 0x7C, 0x0C, 0x3E, 0x0C, 0x3E, 0x18, 0x1E, 0x18,
  0x1F, 0x10, 0x0F, 0x30, 0x0F, 0xB0, 0x07, 0xA0, 0x07, 0xE0, 0x03, 0xC0,
  0x03, 0xC0, 0x01, 0x80, 0x01, 0x80, 0x01, 0x80, 0x63, 0x00, 0x76, 0x00,
  0x7E, 0x00, 0x3C, 0x00, 0x7F, 0xFD, 0xC3, 0xE6, 0x1F, 0x18, 0x7C, 0x43,
  0xE0, 0x1F, 0x00, 0xFC, 0x03, 0xE0, 0x1F, 0x0C, 0xF8, 0x27, 0xE1, 0x9F,
  0x0E, 0xFF, 0xF8, 0x00, 0xE0, 0xFC, 0x3C, 0x0F, 0x81, 0xF0, 0x3E, 0x07,
  0xC0, 0xF8, 0x1F, 0x03, 0xE0, 0x78, 0x1E, 0x0F, 0x01, 0xF0, 0x0F, 0x80,
  0xF0, 0x1F, 0x03, 0xE0, 0x7C, 0x0F, 0x81, 0xF0, 0x3E, 0x07, 0xC0, 0x78,
  0x07, 0xE0, 0xFF, 0xFF, 0xFF, 0xFF, 0xFF, 0xFF, 0xF0, 0xE0, 0x1F, 0x80,
  0x78, 0x0F, 0x01, 0xF0, 0x3E, 0x07, 0xC0, 0xF8, 0x1F, 0x03, 0xE0, 0x7C,
  0x07, 0xC0, 0x3E, 0x07, 0xC3, 0xC0, 0xF8, 0x1F, 0x03, 0xE0, 0x7C, 0x0F,
  0x81, 0xF0, 0x3E, 0x07, 0x81, 0xF0, 0xFC, 0x00, 0x1C, 0x09, 0xF8, 0xD9,
  0xFD, 0x83, 0xC0, 0x00, 0xFF, 0xFF, 0xFE, 0x00, 0x00, 0x70, 0x00, 0x03,
  0x80, 0x00, 0x1C, 0x00, 0x00, 0xE3, 0x00, 0xC7, 0x1C, 0x0C, 0x38, 0x70,
  0xC1, 0xC1, 0xCC, 0x0E, 0x07, 0xC0, 0x70, 0x1C, 0x03, 0x80, 0xF0, 0x1C,
  0x0D, 0xC0, 0xE0, 0xC7, 0x07, 0x0C, 0x1C, 0x38, 0xC0, 0x71, 0xC2, 0x01,
  0x0E, 0x00, 0x00, 0x70, 0x00, 0x03, 0x80, 0x00, 0x1F, 0xFF, 0xFF, 0x80,
  0xFF, 0xFF, 0xFE, 0x00, 0x00, 0x70, 0x00, 0x03, 0x80, 0x00, 0x1C, 0x00,
  0x00, 0xE3, 0x00, 0xC7, 0x1C, 0x0C, 0x38, 0x70, 0xC1, 0xC1, 0xCC, 0x0E,
  0x07, 0xC0, 0x70, 0x1C, 0x03, 0x80, 0xF0, 0x1C, 0x0D, 0xC0, 0xE0, 0xC7,
  0x07, 0x0C, 0x1C, 0x38, 0xC0, 0x71, 0xC2, 0x01, 0x0E, 0x00, 0x00, 0x70,
  0x00, 0x03, 0x80, 0x00, 0x1F, 0xFF, 0xFF, 0x80, 0xFF, 0xFF, 0xFE, 0x00,
  0x00, 0x70, 0x00, 0x03, 0x80, 0x00, 0x1C, 0x00, 0x00, 0xE3, 0x00, 0xC7,
  0x1C, 0x0C, 0x38, 0x70, 0xC1, 0xC1, 0xCC, 0x0E, 0x07, 0xC0, 0x70, 0x1C,
  0x03, 0x80, 0xF0, 0x1C, 0x0D, 0xC0, 0xE0, 0xC7, 0x07, 0x0C, 0x1C, 0x38,
  0xC0, 0x71, 0xC2, 0x01, 0x0E, 0x00, 0x00, 0x70, 0x00, 0x03, 0x80, 0x00,
  0x1F, 0xFF, 0xFF, 0x80, 0xFF, 0xFF, 0xFE, 0x00, 0x00, 0x70, 0x00, 0x03,
  0x80, 0x00, 0x1C, 0x00, 0x00, 0xE3, 0x00, 0xC7, 0x1C, 0x0C, 0x38, 0x70,
  0xC1, 0xC1, 0xCC, 0x0E, 0x07, 0xC0, 0x70, 0x1C, 0x03, 0x80, 0xF0, 0x1C,
  0x0D, 0xC0, 0xE0, 0xC7, 0x07, 0x0C, 0x1C, 0x38, 0xC0, 0x71, 0xC2, 0x01,
  0x0E, 0x00, 0x00, 0x70, 0x00, 0x03, 0x80, 0x00, 0x1F, 0xFF, 0xFF, 0x80,
  0xFF, 0xFF, 0xFE, 0x00, 0x00, 0x70, 0x00, 0x03, 0x80, 0x00, 0x1C, 0x00,
  0x00, 0xE3, 0x00, 0xC7, 0x1C, 0x0C, 0x38, 0x70, 0xC1, 0xC1, 0xCC, 0x0E,
  0x07, 0xC0, 0x70, 0x1C, 0x03, 0x80, 0xF0, 0x1C, 0x0D, 0xC0, 0xE0, 0xC7,
  0x07, 0x0C, 0x1C, 0x38, 0xC0, 0x71, 0xC2, 0x01, 0x0E, 0x00, 0x00, 0x70,
  0x00, 0x03, 0x80, 0x00, 0x1F, 0xFF, 0xFF, 0x80, 0xFF, 0xFF, 0xFE, 0x00,
  0x00, 0x70, 0x00, 0x03, 0x80, 0x00, 0x1C, 0x00, 0x00, 0xE3, 0x00, 0xC7,
  0x1C, 0x0C, 0x38, 0x70, 0xC1, 0xC1, 0xCC, 0x0E, 0x07, 0xC0, 0x70, 0x1C,
  0x03, 0x80, 0xF0, 0x1C, 0x0D, 0xC0, 0xE0, 0xC7, 0x07, 0x0C, 0x1C, 0x38,
  0xC0, 0x71, 0xC2, 0x01, 0x0E, 0x00, 0x00, 0x70, 0x00, 0x03, 0x80, 0x00,
  0x1F, 0xFF, 0xFF, 0x80, 0xFF, 0xFF, 0xFE, 0x00, 0x00, 0x70, 0x00, 0x03,
  0x80, 0x00, 0x1C, 0x00, 0x00, 0xE3, 0x00, 0xC7, 0x1C, 0x0C, 0x38, 0x70,
  0xC1, 0xC1, 0xCC, 0x0E, 0x07, 0xC0, 0x70, 0x1C, 0x03, 0x80, 0xF0, 0x1C,
  0x0D, 0xC0, 0xE0, 0xC7, 0x07, 0x0C, 0x1C, 0x38, 0xC0, 0x71, 0xC2, 0x01,
  0x0E, 0x00, 0x00, 0x70, 0x00, 0x03, 0x80, 0x00, 0x1F, 0xFF, 0xFF, 0x80,
  0xFF, 0xFF, 0xFE, 0x00, 0x00, 0x70, 0x00, 0x03, 0x80, 0x00, 0x1C, 0x00,
  0x00, 0xE3, 0x00, 0xC7, 0x1C, 0x0C, 0x38, 0x70, 0xC1, 0xC1, 0xCC, 0x0E,
  0x07, 0xC0, 0x70, 0x1C, 0x03, 0x80, 0xF0, 0x1C, 0x0D, 0xC0, 0xE0, 0xC7,
  0x07, 0x0C, 0x1C, 0x38, 0xC0, 0x71, 0xC2, 0x01, 0x0E, 0x00, 0x00, 0x70,
  0x00, 0x03, 0x80, 0x00, 0x1F, 0xFF, 0xFF, 0x80, 0xFF, 0xFF, 0xFE, 0x00,
  0x00, 0x70, 0x00, 0x03, 0x80, 0x00, 0x1C, 0x00, 0x00, 0xE3, 0x00, 0xC7,
  0x1C, 0x0C, 0x38, 0x70, 0xC1, 0xC1, 0xCC, 0x0E, 0x07, 0xC0, 0x70, 0x1C,
  0x03, 0x80, 0xF0, 0x1C, 0x0D, 0xC0, 0xE0, 0xC7, 0x07, 0x0C, 0x1C, 0x38,
  0xC0, 0x71, 0xC2, 0x01, 0x0E, 0x00, 0x00, 0x70, 0x00, 0x03, 0x80, 0x00,
  0x1F, 0xFF, 0xFF, 0x80, 0xFF, 0xFF, 0xFE, 0x00, 0x00, 0x70, 0x00, 0x03,
  0x80, 0x00, 0x1C, 0x00, 0x00, 0xE3, 0x00, 0xC7, 0x1C, 0x0C, 0x38, 0x70,
  0xC1, 0xC1, 0xCC, 0x0E, 0x07, 0xC0, 0x70, 0x1C, 0x03, 0x80, 0xF0, 0x1C,
  0x0D, 0xC0, 0xE0, 0xC7, 0x07, 0x0C, 0x1C, 0x38, 0xC0, 0x71, 0xC2, 0x01,
  0x0E, 0x00, 0x00, 0x70, 0x00, 0x03, 0x80, 0x00, 0x1F, 0xFF, 0xFF, 0x80,
  0xFF, 0xFF, 0xFE, 0x00, 0x00, 0x70, 0x00, 0x03, 0x80, 0x00, 0x1C, 0x00,
  0x00, 0xE3, 0x00, 0xC7, 0x1C, 0x0C, 0x38, 0x70, 0xC1, 0xC1, 0xCC, 0x0E,
  0x07, 0xC0, 0x70, 0x1C, 0x03, 0x80, 0xF0, 0x1C, 0x0D, 0xC0, 0xE0, 0xC7,
  0x07, 0x0C, 0x1C, 0x38, 0xC0, 0x71, 0xC2, 0x01, 0x0E, 0x00, 0x00, 0x70,
  0x00, 0x03, 0x80, 0x00, 0x1F, 0xFF, 0xFF, 0x80, 0xFF, 0xFF, 0xFE, 0x00,
  0x00, 0x70, 0x00, 0x03, 0x80, 0x00, 0x1C, 0x00, 0x00, 0xE3, 0x00, 0xC7,
  0x1C, 0x0C, 0x38, 0x70, 0xC1, 0xC1, 0xCC, 0x0E, 0x07, 0xC0, 0x70, 0x1C,
  0x03, 0x80, 0xF0, 0x1C, 0x0D, 0xC0, 0xE0, 0xC7, 0x07, 0x0C, 0x1C, 0x38,
  0xC0, 0x71, 0xC2, 0x01, 0x0E, 0x00, 0x00, 0x70, 0x00, 0x03, 0x80, 0x00,
  0x1F, 0xFF, 0xFF, 0x80, 0xFF, 0xFF, 0xFE, 0x00, 0x00, 0x70, 0x00, 0x03,
  0x80, 0x00, 0x1C, 0x00, 0x00, 0xE3, 0x00, 0xC7, 0x1C, 0x0C, 0x38, 0x70,
  0xC1, 0xC1, 0xCC, 0x0E, 0x07, 0xC0, 0x70, 0x1C, 0x03, 0x80, 0xF0, 0x1C,
  0x0D, 0xC0, 0xE0, 0xC7, 0x07, 0x0C, 0x1C, 0x38, 0xC0, 0x71, 0xC2, 0x01,
  0x0E, 0x00, 0x00, 0x70, 0x00, 0x03, 0x80, 0x00, 0x1F, 0xFF, 0xFF, 0x80,
  0xFF, 0xFF, 0xFE, 0x00, 0x00, 0x70, 0x00, 0x03, 0x80, 0x00, 0x1C, 0x00,
  0x00, 0xE3, 0x00, 0xC7, 0x1C, 0x0C, 0x38, 0x70, 0xC1, 0xC1, 0xCC, 0x0E,
  0x07, 0xC0, 0x70, 0x1C, 0x03, 0x80, 0xF0, 0x1C, 0x0D, 0xC0, 0xE0, 0xC7,
  0x07, 0x0C, 0x1C, 0x38, 0xC0, 0x71, 0xC2, 0x01, 0x0E, 0x00, 0x00, 0x70,
  0x00, 0x03, 0x80, 0x00, 0x1F, 0xFF, 0xFF, 0x80, 0xFF, 0xFF, 0xFE, 0x00,
  0x00, 0x70, 0x00, 0x03, 0x80, 0x00, 0x1C, 0x00, 0x00, 0xE3, 0x00, 0xC7,
  0x1C, 0x0C, 0x38, 0x70, 0xC1, 0xC1, 0xCC, 0x0E, 0x07, 0xC0, 0x70, 0x1C,
  0x03, 0x80, 0xF0, 0x1C, 0x0D, 0xC0, 0xE0, 0xC7, 0x07, 0x0C, 0x1C, 0x38,
  0xC0, 0x71, 0xC2, 0x01, 0x0E, 0x00, 0x00, 0x70, 0x00, 0x03, 0x80, 0x00,
  0x1F, 0xFF, 0xFF, 0x80, 0xFF, 0xFF, 0xFE, 0x00, 0x00, 0x70, 0x00, 0x03,
  0x80, 0x00, 0x1C, 0x00, 0x00, 0xE3, 0x00, 0xC7, 0x1C, 0x0C, 0x38, 0x70,
  0xC1, 0xC1, 0xCC, 0x0E, 0x07, 0xC0, 0x70, 0x1C, 0x03, 0x80, 0xF0, 0x1C,
  0x0D, 0xC0, 0xE0, 0xC7, 0x07, 0x0C, 0x1C, 0x38, 0xC0, 0x71, 0xC2, 0x01,
  0x0E, 0x00, 0x00, 0x70, 0x00, 0x03, 0x80, 0x00, 0x1F, 0xFF, 0xFF, 0x80,
  0xFF, 0xFF, 0xFE, 0x00, 0x00, 0x70, 0x00, 0x03, 0x80, 0x00, 0x1C, 0x00,
  0x00, 0xE3, 0x00, 0xC7, 0x1C, 0x0C, 0x38, 0x70, 0xC1, 0xC1, 0xCC, 0x0E,
  0x07, 0xC0, 0x70, 0x1C, 0x03, 0x80, 0xF0, 0x1C, 0x0D, 0xC0, 0xE0, 0xC7,
  0x07, 0x0C, 0x1C, 0x38, 0xC0, 0x71, 0xC2, 0x01, 0x0E, 0x00, 0x00, 0x70,
  0x00, 0x03, 0x80, 0x00, 0x1F, 0xFF, 0xFF, 0x80, 0xFF, 0xFF, 0xFE, 0x00,
  0x00, 0x70, 0x00, 0x03, 0x80, 0x00, 0x1C, 0x00, 0x00, 0xE3, 0x00, 0xC7,
  0x1C, 0x0C, 0x38, 0x70, 0xC1, 0xC1, 0xCC, 0x0E, 0x07, 0xC0, 0x70, 0x1C,
  0x03, 0x80, 0xF0, 0x1C, 0x0D, 0xC0, 0xE0, 0xC7, 0x07, 0x0C, 0x1C, 0x38,
  0xC0, 0x71, 0xC2, 0x01, 0x0E, 0x00, 0x00, 0x70, 0x00, 0x03, 0x80, 0x00,
  0x1F, 0xFF, 0xFF, 0x80, 0xFF, 0xFF, 0xFE, 0x00, 0x00, 0x70, 0x00, 0x03,
  0x80, 0x00, 0x1C, 0x00, 0x00, 0xE3, 0x00, 0xC7, 0x1C, 0x0C, 0x38, 0x70,
  0xC1, 0xC1, 0xCC, 0x0E, 0x07, 0xC0, 0x70, 0x1C, 0x03, 0x80, 0xF0, 0x1C,
  0x0D, 0xC0, 0xE0, 0xC7, 0x07, 0x0C, 0x1C, 0x38, 0xC0, 0x71, 0xC2, 0x01,
  0x0E, 0x00, 0x00, 0x70, 0x00, 0x03, 0x80, 0x00, 0x1F, 0xFF, 0xFF, 0x80,
  0xFF, 0xFF, 0xFE, 0x00, 0x00, 0x70, 0x00, 0x03, 0x80, 0x00, 0x1C, 0x00,
  0x00, 0xE3, 0x00, 0xC7, 0x1C, 0x0C, 0x38, 0x70, 0xC1, 0xC1, 0xCC, 0x0E,
  0x07, 0xC0, 0x70, 0x1C, 0x03, 0x80, 0xF0, 0x1C, 0x0D, 0xC0, 0xE0, 0xC7,
  0x07, 0x0C, 0x1C, 0x38, 0xC0, 0x71, 0xC2, 0x01, 0x0E, 0x00, 0x00, 0x70,
  0x00, 0x03, 0x80, 0x00, 0x1F, 0xFF, 0xFF, 0x80, 0xFF, 0xFF, 0xFE, 0x00,
  0x00, 0x70, 0x00, 0x03, 0x80, 0x00, 0x1C, 0x00, 0x00, 0xE3, 0x00, 0xC7,
  0x1C, 0x0C, 0x38, 0x70, 0xC1, 0xC1, 0xCC, 0x0E, 0x07, 0xC0, 0x70, 0x1C,
  0x03, 0x80, 0xF0, 0x1C, 0x0D, 0xC0, 0xE0, 0xC7, 0x07, 0x0C, 0x1C, 0x38,
  0xC0, 0x71, 0xC2, 0x01, 0x0E, 0x00, 0x00, 0x70, 0x00, 0x03, 0x80, 0x00,
  0x1F, 0xFF, 0xFF, 0x80, 0xFF, 0xFF, 0xFE, 0x00, 0x00, 0x70, 0x00, 0x03,
  0x80, 0x00, 0x1C, 0x00, 0x00, 0xE3, 0x00, 0xC7, 0x1C, 0x0C, 0x38, 0x70,
  0xC1, 0xC1, 0xCC, 0x0E, 0x07, 0xC0, 0x70, 0x1C, 0x03, 0x80, 0xF0, 0x1C,
  0x0D, 0xC0, 0xE0, 0xC7, 0x07, 0x0C, 0x1C, 0x38, 0xC0, 0x71, 0xC2, 0x01,
  0x0E, 0x00, 0x00, 0x70, 0x00, 0x03, 0x80, 0x00, 0x1F, 0xFF, 0xFF, 0x80,
  0xFF, 0xFF, 0xFE, 0x00, 0x00, 0x70, 0x00, 0x03, 0x80, 0x00, 0x1C, 0x00,
  0x00, 0xE3, 0x00, 0xC7, 0x1C, 0x0C, 0x38, 0x70, 0xC1, 0xC1, 0xCC, 0x0E,
  0x07, 0xC0, 0x70, 0x1C, 0x03, 0x80, 0xF0, 0x1C, 0x0D, 0xC0, 0xE0, 0xC7,
  0x07, 0x0C, 0x1C, 0x38, 0xC0, 0x71, 0xC2, 0x01, 0x0E, 0x00, 0x00, 0x70,
  0x00, 0x03, 0x80, 0x00, 0x1F, 0xFF, 0xFF, 0x80, 0xFF, 0xFF, 0xFE, 0x00,
  0x00, 0x70, 0x00, 0x03, 0x80, 0x00, 0x1C, 0x00, 0x00, 0xE3, 0x00, 0xC7,
  0x1C, 0x0C, 0x38, 0x70, 0xC1, 0xC1, 0xCC, 0x0E, 0x07, 0xC0, 0x70, 0x1C,
  0x03, 0x80, 0xF0, 0x1C, 0x0D, 0xC0, 0xE0, 0xC7, 0x07, 0x0C, 0x1C, 0x38,
  0xC0, 0x71, 0xC2, 0x01, 0x0E, 0x00, 0x00, 0x70, 0x00, 0x03, 0x80, 0x00,
  0x1F, 0xFF, 0xFF, 0x80, 0xFF, 0xFF, 0xFE, 0x00, 0x00, 0x70, 0x00, 0x03,
  0x80, 0x00, 0x1C, 0x00, 0x00, 0xE3, 0x00, 0xC7, 0x1C, 0x0C, 0x38, 0x70,
  0xC1, 0xC1, 0xCC, 0x0E, 0x07, 0xC0, 0x70, 0x1C, 0x03, 0x80, 0xF0, 0x1C,
  0x0D, 0xC0, 0xE0, 0xC7, 0x07, 0x0C, 0x1C, 0x38, 0xC0, 0x71, 0xC2, 0x01,
  0x0E, 0x00, 0x00, 0x70, 0x00, 0x03, 0x80, 0x00, 0x1F, 0xFF, 0xFF, 0x80,
  0xFF, 0xFF, 0xFE, 0x00, 0x00, 0x70, 0x00, 0x03, 0x80, 0x00, 0x1C, 0x00,
  0x00, 0xE3, 0x00, 0xC7, 0x1C, 0x0C, 0x38, 0x70, 0xC1, 0xC1, 0xCC, 0x0E,
  0x07, 0xC0, 0x70, 0x1C, 0x03, 0x80, 0xF0, 0x1C, 0x0D, 0xC0, 0xE0, 0xC7,
  0x07, 0x0C, 0x1C, 0x38, 0xC0, 0x71, 0xC2, 0x01, 0x0E, 0x00, 0x00, 0x70,
  0x00, 0x03, 0x80, 0x00, 0x1F, 0xFF, 0xFF, 0x80, 0xFF, 0xFF, 0xFE, 0x00,
  0x00, 0x70, 0x00, 0x03, 0x80, 0x00, 0x1C, 0x00, 0x00, 0xE3, 0x00, 0xC7,
  0x1C, 0x0C, 0x38, 0x70, 0xC1, 0xC1, 0xCC, 0x0E, 0x07, 0xC0, 0x70, 0x1C,
  0x03, 0x80, 0xF0, 0x1C, 0x0D, 0xC0, 0xE0, 0xC7, 0x07, 0x0C, 0x1C, 0x38,
  0xC0, 0x71, 0xC2, 0x01, 0x0E, 0x00, 0x00, 0x70, 0x00, 0x03, 0x80, 0x00,
  0x1F, 0xFF, 0xFF, 0x80, 0xFF, 0xFF, 0xFE, 0x00, 0x00, 0x70, 0x00, 0x03,
  0x80, 0x00, 0x1C, 0x00, 0x00, 0xE3, 0x00, 0xC7, 0x1C, 0x0C, 0x38, 0x70,
  0xC1, 0xC1, 0xCC, 0x0E, 0x07, 0xC0, 0x70, 0x1C, 0x03, 0x80, 0xF0, 0x1C,
  0x0D, 0xC0, 0xE0, 0xC7, 0x07, 0x0C, 0x1C, 0x38, 0xC0, 0x71, 0xC2, 0x01,
  0x0E, 0x00, 0x00, 0x70, 0x00, 0x03, 0x80, 0x00, 0x1F, 0xFF, 0xFF, 0x80,
  0xFF, 0xFF, 0xFE, 0x00, 0x00, 0x70, 0x00, 0x03, 0x80, 0x00, 0x1C, 0x00,
  0x00, 0xE3, 0x00, 0xC7, 0x1C, 0x0C, 0x38, 0x70, 0xC1, 0xC1, 0xCC, 0x0E,
  0x07, 0xC0, 0x70, 0x1C, 0x03, 0x80, 0xF0, 0x1C, 0x0D, 0xC0, 0xE0, 0xC7,
  0x07, 0x0C, 0x1C, 0x38, 0xC0, 0x71, 0xC2, 0x01, 0x0E, 0x00, 0x00, 0x70,
  0x00, 0x03, 0x80, 0x00, 0x1F, 0xFF, 0xFF, 0x80, 0xFF, 0xFF, 0xFE, 0x00,
  0x00, 0x70, 0x00, 0x03, 0x80, 0x00, 0x1C, 0x00, 0x00, 0xE3, 0x00, 0xC7,
  0x1C, 0x0C, 0x38, 0x70, 0xC1, 0xC1, 0xCC, 0x0E, 0x07, 0xC0, 0x70, 0x1C,
  0x03, 0x80, 0xF0, 0x1C, 0x0D, 0xC0, 0xE0, 0xC7, 0x07, 0x0C, 0x1C, 0x38,
  0xC0, 0x71, 0xC2, 0x01, 0x0E, 0x00, 0x00, 0x70, 0x00, 0x03, 0x80, 0x00,
  0x1F, 0xFF, 0xFF, 0x80, 0xFF, 0xFF, 0xFE, 0x00, 0x00, 0x70, 0x00, 0x03,
  0x80, 0x00, 0x1C, 0x00, 0x00, 0xE3, 0x00, 0xC7, 0x1C, 0x0C, 0x38, 0x70,
  0xC1, 0xC1, 0xCC, 0x0E, 0x07, 0xC0, 0x70, 0x1C, 0x03, 0x80, 0xF0, 0x1C,
  0x0D, 0xC0, 0xE0, 0xC7, 0x07, 0x0C, 0x1C, 0x38, 0xC0, 0x71, 0xC2, 0x01,
  0x0E, 0x00, 0x00, 0x70, 0x00, 0x03, 0x80, 0x00, 0x1F, 0xFF, 0xFF, 0x80,
  0xFF, 0xFF, 0xFE, 0x00, 0x00, 0x70, 0x00, 0x03, 0x80, 0x00, 0x1C, 0x00,
  0x00, 0xE3, 0x00, 0xC7, 0x1C, 0x0C, 0x38, 0x70, 0xC1, 0xC1, 0xCC, 0x0E,
  0x07, 0xC0, 0x70, 0x1C, 0x03, 0x80, 0xF0, 0x1C, 0x0D, 0xC0, 0xE0, 0xC7,
  0x07, 0x0C, 0x1C, 0x38, 0xC0, 0x71, 0xC2, 0x01, 0x0E, 0x00, 0x00, 0x70,
  0x00, 0x03, 0x80, 0x00, 0x1F, 0xFF, 0xFF, 0x80, 0x00, 0x7B, 0xEF, 0x9E,
  0x30, 0x00, 0x0C, 0x30, 0xC3, 0x1C, 0x71, 0xE7, 0xBE, 0xFF, 0xFF, 0xDE,
  0x01, 0x00, 0x08, 0x00, 0xE0, 0x3F, 0xE3, 0x8F, 0x3C, 0x3F, 0xE1, 0xFE,
  0x06, 0xF0, 0x07, 0x80, 0x3C, 0x01, 0xF0, 0x0F, 0x80, 0x3E, 0x0C, 0xF9,
  0xC3, 0xFC, 0x01, 0x00, 0x08, 0x00, 0x40, 0x03, 0xFC, 0x03, 0x9F, 0x03,
  0xC7, 0x83, 0xC1, 0xC1, 0xE0, 0xE0, 0xF0, 0x00, 0x78, 0x00, 0x3C, 0x00,
  0x7F, 0xF0, 0x3F, 0xF8, 0x07, 0x80, 0x03, 0xC0, 0x01, 0xE0, 0x70, 0xF0,
  0x7C, 0x78, 0x1E, 0x38, 0x0F, 0xFC, 0x07, 0x7F, 0xDF, 0x38, 0xFF, 0x00,
  0x40, 0x37, 0x13, 0xDF, 0xFC, 0x7F, 0xC7, 0x0E, 0x38, 0x31, 0xC1, 0x8E,
  0x1C, 0x70, 0xE3, 0xFF, 0x3F, 0xFD, 0x80, 0x74, 0x02, 0x00, 0xFF, 0xC3,
  0xF9, 0xF0, 0x07, 0x0F, 0xC0, 0x30, 0x3E, 0x03, 0x00, 0xF8, 0x30, 0x03,
  0xE1, 0x00, 0x1F, 0x18, 0x00, 0x7D, 0x80, 0x01, 0xF8, 0x00, 0xFF, 0xFE,
  0x07, 0xFF, 0xF0, 0x01, 0xE0, 0x00, 0x0F, 0x00, 0x0F, 0xFF, 0xE0, 0x7F,
  0xFF, 0x00, 0x1E, 0x00, 0x00, 0xF0, 0x00, 0x07, 0xC0, 0x01, 0xFF, 0xC0,
  0xFF, 0xFF, 0xFC, 0x00, 0xFF, 0xFF, 0xF0, 0x1F, 0x87, 0xBC, 0x71, 0xE7,
  0x0C, 0x78, 0x07, 0xC0, 0x3E, 0x03, 0xF0, 0x7F, 0x8E, 0x7C, 0xE3, 0xEE,
  0x1E, 0xF0, 0xFF, 0x8F, 0x7C, 0xE3, 0xEE, 0x1F, 0xC0, 0xF8, 0x07, 0xC0,
  0x3E, 0x61, 0xE7, 0x1E, 0x79, 0xC3, 0xBC, 0x1F, 0x00, 0x71, 0xDE, 0x3F,
  0xC7, 0xB8, 0xE0, 0x00, 0xFF, 0x00, 0x03, 0x01, 0xC0, 0x0C, 0x00, 0x60,
  0x18, 0x00, 0x18, 0x30, 0x00, 0x08, 0x20, 0x3C, 0x04, 0x60, 0xF7, 0x06,
  0x41, 0xC3, 0x82, 0xC1, 0x81, 0x82, 0x83, 0x81, 0x83, 0x83, 0x80, 0x01,
  0x83, 0x80, 0x01, 0x83, 0x80, 0x01, 0x83, 0x80, 0x01, 0x81, 0x80, 0x83,
  0xC1, 0xC0, 0x82, 0x40, 0xC1, 0x82, 0x60, 0x7F, 0x04, 0x20, 0x00, 0x0C,
  0x10, 0x00, 0x18, 0x08, 0x00, 0x30, 0x06, 0x00, 0x60, 0x03, 0xC3, 0x80,
  0x00, 0x7C, 0x00, 0x3F, 0x87, 0x1C, 0xE1, 0xC0, 0x1C, 0x1F, 0xC7, 0x1C,
  0xF1, 0xCE, 0x1C, 0xF3, 0xCF, 0xFF, 0x38, 0xE0, 0x04, 0x08, 0x20, 0xC7,
  0x0E, 0x70, 0xE7, 0x8E, 0x79, 0xE3, 0x8F, 0x1E, 0x78, 0x71, 0xE1, 0xC3,
  0x87, 0x0E, 0x18, 0x30, 0x40, 0x80, 0xFF, 0xFF, 0xFF, 0xC0, 0x06, 0x00,
  0x30, 0x01, 0x80, 0x0C, 0x00, 0x60, 0xFF, 0xFF, 0xFE, 0x00, 0x00, 0x70,
  0x00, 0x03, 0x80, 0x00, 0x1C, 0x00, 0x00, 0xE3, 0x00, 0xC7, 0x1C, 0x0C,
  0x38, 0x70, 0xC1, 0xC1, 0xCC, 0x0E, 0x07, 0xC0, 0x70, 0x1C, 0x03, 0x80,
  0xF0, 0x1C, 0x0D, 0xC0, 0xE0, 0xC7, 0x07, 0x0C, 0x1C, 0x38, 0xC0, 0x71,
  0xC2, 0x01, 0x0E, 0x00, 0x00, 0x70, 0x00, 0x03, 0x80, 0x00, 0x1F, 0xFF,
  0xFF, 0x80, 0x00, 0xFF, 0x00, 0x03, 0x01, 0xC0, 0x0C, 0x00, 0x60, 0x18,
  0x00, 0x18, 0x30, 0x00, 0x08, 0x23, 0xF8, 0x04, 0x60, 0xCF, 0x06, 0x40,
  0xC3, 0x02, 0xC0, 0xC1, 0x82, 0x80, 0xC3, 0x83, 0x80, 0xC3, 0x01, 0x80,
  0xFC, 0x01, 0x80, 0xCE, 0x01, 0x80, 0xC7, 0x01, 0x80, 0xC3, 0x03, 0xC0,
  0xC3, 0x02, 0x40, 0xC3, 0x82, 0x61, 0xF1, 0xE4, 0x20, 0x00, 0x0C, 0x10,
  0x00, 0x18, 0x08, 0x00, 0x30, 0x06, 0x00, 0x60, 0x03, 0xC3, 0x80, 0x00,
  0x7C, 0x00, 0xFF, 0xFF, 0x08, 0x1F, 0x9C, 0xFC, 0x3C, 0x1E, 0x0F, 0x06,
  0xC7, 0x7F, 0x0E, 0x00, 0x03, 0x00, 0x18, 0x00, 0xC0, 0x06, 0x00, 0x30,
  0x7F, 0xFF, 0xFF, 0xE0, 0x60, 0x03, 0x00, 0x18, 0x00, 0xC0, 0x06, 0x07,
  0xFF, 0xBF, 0xFC, 0x3F, 0x9C, 0x7B, 0x8F, 0x61, 0xE0, 0x3C, 0x07, 0x81,
  0xE0, 0x38, 0x0E, 0x03, 0x80, 0xC0, 0x7F, 0xFF, 0xFE, 0x3F, 0x8C, 0x7B,
  0x87, 0x30, 0xE0, 0x3C, 0x0F, 0x07, 0xE0, 0x0F, 0x41, 0xFC, 0x3F, 0x07,
  0xE1, 0xE7, 0xF8, 0x1C, 0x73, 0xDC, 0xE2, 0x00, 0xF0, 0x3C, 0xF0, 0x3C,
  0xF0, 0x3C, 0xF0, 0x3C, 0xF0, 0x3C, 0xF0, 0x3C, 0xF0, 0x3C, 0xF0, 0x3C,
  0xF0, 0x3C, 0xF0, 0x3C, 0xF8, 0x7C, 0xFF, 0xBC, 0xEF, 0xBF, 0xE0, 0x00,
  0xE0, 0x00, 0xE0, 0x00, 0xE0, 0x00, 0xE0, 0x00, 0xE0, 0x00, 0x1F, 0xFD,
  0xFF, 0xCF, 0xC6, 0x3F, 0x18, 0xFC, 0x63, 0xF1, 0x8F, 0xC6, 0x3F, 0x18,
  0xFC, 0x61, 0xF1, 0x83, 0xC6, 0x03, 0x18, 0x0C, 0x60, 0x31, 0x80, 0xC6,
  0x03, 0x18, 0x0C, 0x60, 0x31, 0x80, 0xC6, 0x03, 0x18, 0x0C, 0x60, 0x71,
  0xC7, 0xC7, 0xC0, 0x77, 0xFF, 0xF7, 0x00, 0x30, 0x70, 0xF8, 0x70, 0xFF,
  0x8E, 0x00, 0x0F, 0x07, 0xE3, 0xBC, 0x07, 0x80, 0xF0, 0x1E, 0x03, 0xC0,
  0x78, 0x0F, 0x01, 0xE0, 0x3C, 0x0F, 0x8F, 0xFE, 0x1F, 0xC1, 0xC7, 0x1C,
  0x1D, 0xE0, 0xFF, 0x07, 0xF8, 0x3F, 0xC1, 0xEE, 0x0E, 0x78, 0xF1, 0xEF,
  0x03, 0xE0, 0x81, 0x06, 0x08, 0x38, 0x70, 0xE1, 0xC3, 0x8F, 0x0F, 0x3C,
  0x78, 0xE3, 0xCF, 0x3C, 0x73, 0x87, 0x38, 0x71, 0x83, 0x08, 0x10, 0x00,
  0x0F, 0x00, 0x00, 0x07, 0xE0, 0x06, 0x03, 0xBC, 0x01, 0x80, 0x07, 0x80,
  0x30, 0x00, 0xF0, 0x0C, 0x00, 0x1E, 0x01, 0x80, 0x03, 0xC0, 0x60, 0x00,
  0x78, 0x0D, 0xC0, 0x0F, 0x03, 0x3C, 0x01, 0xE0, 0x6F, 0x00, 0x3C, 0x19,
  0xE0, 0x0F, 0x83, 0x78, 0x0F, 0xFE, 0xCE, 0x38, 0x00, 0x19, 0xC7, 0x00,
  0x06, 0x70, 0xE0, 0x00, 0xCC, 0x1C, 0x00, 0x33, 0xFF, 0xE0, 0x06, 0x7F,
  0xFC, 0x01, 0x80, 0x0E, 0x00, 0x70, 0x01, 0xC0, 0x0F, 0x00, 0x00, 0x03,
  0xF0, 0x03, 0x00, 0xEF, 0x00, 0x60, 0x00, 0xF0, 0x06, 0x00, 0x0F, 0x00,
  0xC0, 0x00, 0xF0, 0x0C, 0x00, 0x0F, 0x01, 0x80, 0x00, 0xF0, 0x19, 0xFC,
  0x0F, 0x03, 0x71, 0xE0, 0xF0, 0x37, 0x1E, 0x0F, 0x06, 0x61, 0xE1, 0xF0,
  0x60, 0x1E, 0xFF, 0xEC, 0x01, 0xE0, 0x00, 0xC0, 0x3C, 0x00, 0x18, 0x03,
  0x80, 0x01, 0x80, 0x70, 0x00, 0x30, 0x0E, 0x00, 0x03, 0x01, 0x80, 0x00,
  0x60, 0x7F, 0xF0, 0x0E, 0x07, 0xFF, 0x3F, 0x80, 0x00, 0x06, 0x3C, 0x03,
  0x00, 0xE1, 0xC0, 0x60, 0x06, 0x1C, 0x06, 0x00, 0x03, 0xC0, 0xC0, 0x00,
  0x78, 0x0C, 0x00, 0x1F, 0x81, 0x80, 0x00, 0x1E, 0x19, 0xC0, 0x41, 0xE3,
  0x1E, 0x0E, 0x1E, 0x33, 0xC0, 0xC1, 0xE6, 0x3C, 0x0C, 0x3C, 0x67, 0x80,
  0x7F, 0x8C, 0x71, 0xC0, 0x00, 0xC7, 0x1C, 0x00, 0x18, 0xE1, 0xC0, 0x01,
  0x8C, 0x1C, 0x00, 0x31, 0xFF, 0xF0, 0x03, 0x1F, 0xFF, 0x00, 0x60, 0x01,
  0xC0, 0x0E, 0x00, 0x1C, 0x07, 0x80, 0x7E, 0x03, 0xF0, 0x0F, 0x00, 0x30,
  0x00, 0x00, 0x0C, 0x00, 0x60, 0x07, 0x00, 0x38, 0x07, 0x80, 0x78, 0x07,
  0x80, 0x38, 0x03, 0xC0, 0xDE, 0x07, 0xF0, 0x3B, 0xC1, 0x9E, 0x1C, 0x3F,
  0x80, 0x03, 0x80, 0x00, 0x1C, 0x00, 0x00, 0xF0, 0x00, 0x01, 0xC0, 0x00,
  0x06, 0x00, 0x00, 0x08, 0x00, 0x00, 0x00, 0x00, 0x00, 0x00, 0x00, 0xF0,
  0x00, 0x07, 0xC0, 0x00, 0x3E, 0x00, 0x03, 0xF0, 0x00, 0x1B, 0xC0, 0x00,
  0x9E, 0x00, 0x0C, 0xF0, 0x00, 0x63, 0xC0, 0x06, 0x1E, 0x00, 0x30, 0xF8,
  0x01, 0x07, 0xC0, 0x1F, 0xFE, 0x00, 0xFF, 0xF8, 0x04, 0x07, 0xC0, 0x60,
  0x1E, 0x03, 0x00, 0xF8, 0x30, 0x03, 0xC1, 0x80, 0x1F, 0x3F, 0x03, 0xFE,
  0x00, 0x38, 0x00, 0x01, 0xC0, 0x00, 0x1E, 0x00, 0x01, 0xE0, 0x00, 0x0C,
  0x00, 0x00, 0x80, 0x00, 0x00, 0x00, 0x00, 0x00, 0x00, 0x00, 0xF0, 0x00,
  0x07, 0xC0, 0x00, 0x3E, 0x00, 0x03, 0xF0, 0x00, 0x1B, 0xC0, 0x00, 0x9E,
  0x00, 0x0C, 0xF0, 0x00, 0x63, 0xC0, 0x06, 0x1E, 0x00, 0x30, 0xF8, 0x01,
  0x07, 0xC0, 0x1F, 0xFE, 0x00, 0xFF, 0xF8, 0x04, 0x07, 0xC0, 0x60, 0x1E,
  0x03, 0x00, 0xF8, 0x30, 0x03, 0xC1, 0x80, 0x1F, 0x3F, 0x03, 0xFE, 0x00,
  0x40, 0x00, 0x07, 0x80, 0x00, 0x7E, 0x00, 0x03, 0xF0, 0x00, 0x30, 0xC0,
  0x03, 0x03, 0x00, 0x00, 0x00, 0x00, 0x00, 0x00, 0x00, 0xF0, 0x00, 0x07,
  0xC0, 0x00, 0x3E, 0x00, 0x03, 0xF0, 0x00, 0x1B, 0xC0, 0x00, 0x9E, 0x00,
  0x0C, 0xF0, 0x00, 0x63, 0xC0, 0x06, 0x1E, 0x00, 0x30, 0xF8, 0x01, 0x07,
  0xC0, 0x1F, 0xFE, 0x00, 0xFF, 0xF8, 0x04, 0x07, 0xC0, 0x60, 0x1E, 0x03,
  0x00, 0xF8, 0x30, 0x03, 0xC1, 0x80, 0x1F, 0x3F, 0x03, 0xFE, 0x03, 0xC2,
  0x00, 0x3F, 0xB0, 0x01, 0xBF, 0x80, 0x08, 0x78, 0x00, 0x00, 0x00, 0x00,
  0x00, 0x00, 0x03, 0xC0, 0x00, 0x1F, 0x00, 0x00, 0xF8, 0x00, 0x0F, 0xC0,
  0x00, 0x6F, 0x00, 0x02, 0x78, 0x00, 0x33, 0xC0, 0x01, 0x8F, 0x00, 0x18,
  0x78, 0x00, 0xC3, 0xE0, 0x04, 0x1F, 0x00, 0x7F, 0xF8, 0x03, 0xFF, 0xE0,
  0x10, 0x1F, 0x01, 0x80, 0x78, 0x0C, 0x03, 0xE0, 0xC0, 0x0F, 0x06, 0x00,
  0x7C, 0xFC, 0x0F, 0xF8, 0x03, 0x0C, 0x00, 0x3C, 0xF0, 0x01, 0xE7, 0x80,
  0x0F, 0x3C, 0x00, 0x70, 0xE0, 0x00, 0x00, 0x00, 0x00, 0x00, 0x00, 0x00,
  0x00, 0x00, 0xF0, 0x00, 0x07, 0xC0, 0x00, 0x3E, 0x00, 0x03, 0xF0, 0x00,
  0x1B, 0xC0, 0x00, 0x9E, 0x00, 0x0C, 0xF0, 0x00, 0x63, 0xC0, 0x06, 0x1E,
  0x00, 0x30, 0xF8, 0x01, 0x07, 0xC0, 0x1F, 0xFE, 0x00, 0xFF, 0xF8, 0x04,
  0x07, 0xC0, 0x60, 0x1E, 0x03, 0x00, 0xF8, 0x30, 0x03, 0xC1, 0x80, 0x1F,
  0x3F, 0x03, 0xFE, 0x00, 0x60, 0x00, 0x0F, 0xC0, 0x00, 0xE7, 0x00, 0x06,
  0x18, 0x00, 0x30, 0xC0, 0x01, 0xC6, 0x00, 0x07, 0xE0, 0x00, 0x1E, 0x00,
  0x00, 0xF0, 0x00, 0x07, 0xC0, 0x00, 0x3E, 0x00, 0x03, 0xF0, 0x00, 0x1B,
  0xC0, 0x00, 0x9E, 0x00, 0x0C, 0xF0, 0x00, 0x63, 0xC0, 0x06, 0x1E, 0x00,
  0x30, 0xF8, 0x01, 0x07, 0xC0, 0x1F, 0xFE, 0x00, 0xFF, 0xF8, 0x04, 0x07,
  0xC0, 0x60, 0x1E, 0x03, 0x00, 0xF8, 0x30, 0x03, 0xC1, 0x80, 0x1F, 0x3F,
  0x03, 0xFE, 0x00, 0xFF, 0xFF, 0xF0, 0x00, 0xFF, 0x03, 0x80, 0x04, 0xF8,
  0x0C, 0x00, 0x67, 0xC0, 0x20, 0x02, 0x3E, 0x01, 0x00, 0x31, 0xF0, 0x00,
  0x01, 0x0F, 0x82, 0x00, 0x18, 0x7C, 0x10, 0x01, 0x83, 0xE1, 0x80, 0x0C,
  0x1F, 0xFC, 0x00, 0xFF, 0xF8, 0x60, 0x07, 0xFF, 0xC1, 0x00, 0x60, 0x3E,
  0x08, 0x03, 0x01, 0xF0, 0x00, 0x30, 0x0F, 0x80, 0x21, 0x80, 0x7C, 0x03,
  0x18, 0x03, 0xE0, 0x19, 0xC0, 0x1F, 0x81, 0xFF, 0xC3, 0xFF, 0xFE, 0x03,
  0xFF, 0x07, 0x83, 0xC7, 0x80, 0xE7, 0x80, 0x37, 0xC0, 0x1B, 0xE0, 0x0F,
  0xE0, 0x01, 0xF0, 0x00, 0xF8, 0x00, 0x7C, 0x00, 0x3E, 0x00, 0x1F, 0x00,
  0x0F, 0x80, 0x03, 0xE0, 0x05, 0xF0, 0x06, 0x78, 0x03, 0x1E, 0x03, 0x87,
  0x83, 0xC0, 0xFF, 0x80, 0x0C, 0x00, 0x07, 0x00, 0x03, 0xE0, 0x00, 0x70,
  0x00, 0x38, 0x01, 0xF8, 0x00, 0x38, 0x00, 0x03, 0x80, 0x00, 0xE0, 0x00,
  0x3C, 0x00, 0x03, 0x80, 0x00, 0x60, 0x00, 0x04, 0x00, 0x00, 0x00, 0x00,
  0x00, 0xFF, 0xFF, 0x0F, 0x81, 0xC1, 0xE0, 0x38, 0x78, 0x06, 0x1E, 0x01,
  0x87, 0x80, 0x01, 0xE0, 0xC0, 0x78, 0x30, 0x1E, 0x1C, 0x07, 0xFF, 0x01,
  0xE0, 0xC0, 0x78, 0x30, 0x1E, 0x08, 0x07, 0x80, 0x01, 0xE0, 0x0C, 0x78,
  0x07, 0x1E, 0x01, 0xCF, 0xC1, 0xFF, 0xFF, 0xF8, 0x00, 0x38, 0x00, 0x0E,
  0x00, 0x07, 0x80, 0x03, 0xC0, 0x00, 0xC0, 0x00, 0x40, 0x00, 0x00, 0x00,
  0x00, 0x00, 0xFF, 0xFF, 0x0F, 0x81, 0xC1, 0xE0, 0x38, 0x78, 0x06, 0x1E,
  0x01, 0x87, 0x80, 0x01, 0xE0, 0xC0, 0x78, 0x30, 0x1E, 0x1C, 0x07, 0xFF,
  0x01, 0xE0, 0xC0, 0x78, 0x30, 0x1E, 0x08, 0x07, 0x80, 0x01, 0xE0, 0x0C,
  0x78, 0x07, 0x1E, 0x01, 0xCF, 0xC1, 0xFF, 0xFF, 0xF8, 0x00, 0x40, 0x00,
  0x3C, 0x00, 0x1F, 0x80, 0x07, 0xE0, 0x03, 0x0C, 0x01, 0x81, 0x80, 0x00,
  0x00, 0x00, 0x00, 0xFF, 0xFF, 0x0F, 0x81, 0xC1, 0xE0, 0x38, 0x78, 0x06,
  0x1E, 0x01, 0x87, 0x80, 0x01, 0xE0, 0xC0, 0x78, 0x30, 0x1E, 0x1C, 0x07,
  0xFF, 0x01, 0xE0, 0xC0, 0x78, 0x30, 0x1E, 0x08, 0x07, 0x80, 0x01, 0xE0,
  0x0C, 0x78, 0x07, 0x1E, 0x01, 0xCF, 0xC1, 0xFF, 0xFF, 0xF8, 0x03, 0x0C,
  0x01, 0xE7, 0x80, 0x79, 0xE0, 0x1E, 0x78, 0x07, 0x0E, 0x00, 0x00, 0x00,
  0x00, 0x00, 0x00, 0x00, 0xFF, 0xFF, 0x0F, 0x81, 0xC1, 0xE0, 0x38, 0x78,
  0x06, 0x1E, 0x01, 0x87, 0x80, 0x01, 0xE0, 0xC0, 0x78, 0x30, 0x1E, 0x1C,
  0x07, 0xFF, 0x01, 0xE0, 0xC0, 0x78, 0x30, 0x1E, 0x08, 0x07, 0x80, 0x01,
  0xE0, 0x0C, 0x78, 0x07, 0x1E, 0x01, 0xCF, 0xC1, 0xFF, 0xFF, 0xF8, 0x70,
  0x1C, 0x07, 0x80, 0x70, 0x0C, 0x00, 0x80, 0x00, 0x00, 0xFF, 0xCF, 0xC1,
  0xE0, 0x78, 0x1E, 0x07, 0x81, 0xE0, 0x78, 0x1E, 0x07, 0x81, 0xE0, 0x78,
  0x1E, 0x07, 0x81, 0xE0, 0x78, 0x1E, 0x0F, 0xCF, 0xFC, 0x07, 0x01, 0xC0,
  0xF0, 0x78, 0x18, 0x08, 0x00, 0x00, 0x00, 0xFF, 0xCF, 0xC1, 0xE0, 0x78,
  0x1E, 0x07, 0x81, 0xE0, 0x78, 0x1E, 0x07, 0x81, 0xE0, 0x78, 0x1E, 0x07,
  0x81, 0xE0, 0x78, 0x1E, 0x0F, 0xCF, 0xFC, 0x08, 0x07, 0x83, 0xF0, 0xFC,
  0x61, 0xB0, 0x30, 0x00, 0x00, 0xFF, 0xCF, 0xC1, 0xE0, 0x78, 0x1E, 0x07,
  0x81, 0xE0, 0x78, 0x1E, 0x07, 0x81, 0xE0, 0x78, 0x1E, 0x07, 0x81, 0xE0,
  0x78, 0x1E, 0x0F, 0xCF, 0xFC, 0x61, 0xBC, 0xFF, 0x3F, 0xCF, 0xE1, 0xC0,
  0x00, 0x00, 0x00, 0xFF, 0xCF, 0xC1, 0xE0, 0x78, 0x1E, 0x07, 0x81, 0xE0,
  0x78, 0x1E, 0x07, 0x81, 0xE0, 0x78, 0x1E, 0x07, 0x81, 0xE0, 0x78, 0x1E,
  0x0F, 0xCF, 0xFC, 0xFF, 0xFC, 0x01, 0xF0, 0xF8, 0x0F, 0x81, 0xF0, 0x7C,
  0x07, 0xC3, 0xE0, 0x1E, 0x1F, 0x00, 0xF8, 0xF8, 0x07, 0xC7, 0xC0, 0x3E,
  0x7F, 0xE1, 0xFF, 0xFF, 0x0F, 0xCF, 0x80, 0x7E, 0x7C, 0x03, 0xE3, 0xE0,
  0x1F, 0x1F, 0x00, 0xF8, 0xF8, 0x07, 0x87, 0xC0, 0x78, 0x3E, 0x03, 0x81,
  0xF8, 0xF8, 0x3F, 0xFF, 0x00, 0x01, 0xE1, 0x00, 0x0F, 0xEC, 0x00, 0x37,
  0xF0, 0x00, 0x87, 0x80, 0x00, 0x00, 0x00, 0x00, 0x00, 0x0F, 0xE0, 0x1F,
  0xDF, 0xC0, 0x1C, 0x3F, 0x80, 0x20, 0x7F, 0x00, 0x81, 0x7C, 0x02, 0x05,
  0xF8, 0x08, 0x13, 0xF0, 0x20, 0x47, 0xE0, 0x81, 0x0F, 0xC2, 0x04, 0x1F,
  0x88, 0x10, 0x3E, 0x20, 0x40, 0x7C, 0x81, 0x01, 0xFA, 0x04, 0x03, 0xF8,
  0x10, 0x07, 0xE0, 0x40, 0x0F, 0x81, 0x00, 0x1E, 0x0E, 0x00, 0x38, 0xFE,
  0x00, 0xE0, 0x03, 0x80, 0x00, 0x38, 0x00, 0x03, 0xC0, 0x00, 0x0E, 0x00,
  0x00, 0x60, 0x00, 0x01, 0x00, 0x00, 0x00, 0x00, 0x00, 0x00, 0x03, 0xFE,
  0x00, 0xF0, 0xF0, 0x1E, 0x07, 0xC3, 0xC0, 0x3C, 0x7C, 0x03, 0xE7, 0xC0,
  0x1E, 0x7C, 0x01, 0xFF, 0x80, 0x1F, 0xF8, 0x01, 0xFF, 0x80, 0x1F, 0xF8,
  0x01, 0xFF, 0x80, 0x1F, 0x7C, 0x01, 0xF7, 0xC0, 0x1E, 0x7C, 0x03, 0xE3,
  0xC0, 0x3C, 0x1E, 0x03, 0xC0, 0xF0, 0xF0, 0x03, 0xFE, 0x00, 0x00, 0x38,
  0x00, 0x03, 0x80, 0x00, 0x78, 0x00, 0x0F, 0x00, 0x00, 0xC0, 0x00, 0x10,
  0x00, 0x00, 0x00, 0x00, 0x00, 0x00, 0x03, 0xFE, 0x00, 0xF0, 0xF0, 0x1E,
  0x07, 0xC3, 0xC0, 0x3C, 0x7C, 0x03, 0xE7, 0xC0, 0x1E, 0x7C, 0x01, 0xFF,
  0x80, 0x1F, 0xF8, 0x01, 0xFF, 0x80, 0x1F, 0xF8, 0x01, 0xFF, 0x80, 0x1F,
  0x7C, 0x01, 0xF7, 0xC0, 0x1E, 0x7C, 0x03, 0xE3, 0xC0, 0x3C, 0x1E, 0x03,
  0xC0, 0xF0, 0xF0, 0x03, 0xFE, 0x00, 0x00, 0x40, 0x00, 0x0F, 0x00, 0x01,
  0xF8, 0x00, 0x1F, 0x80, 0x03, 0x0C, 0x00, 0x60, 0x60, 0x00, 0x00, 0x00,
  0x00, 0x00, 0x03, 0xFE, 0x00, 0xF0, 0xF0, 0x1E, 0x07, 0xC3, 0xC0, 0x3C,
  0x7C, 0x03, 0xE7, 0xC0, 0x1E, 0x7C, 0x01, 0xFF, 0x80, 0x1F, 0xF8, 0x01,
  0xFF, 0x80, 0x1F, 0xF8, 0x01, 0xFF, 0x80, 0x1F, 0x7C, 0x01, 0xF7, 0xC0,
  0x1E, 0x7C, 0x03, 0xE3, 0xC0, 0x3C, 0x1E, 0x03, 0xC0, 0xF0, 0xF0, 0x03,
  0xFE, 0x00, 0x03, 0xC2, 0x00, 0x7F, 0x60, 0x06, 0xFE, 0x00, 0x43, 0xC0,
  0x00, 0x00, 0x00, 0x00, 0x00, 0x03, 0xFE, 0x00, 0xF0, 0xF0, 0x1E, 0x07,
  0xC3, 0xC0, 0x3C, 0x7C, 0x03, 0xE7, 0xC0, 0x1E, 0x7C, 0x01, 0xFF, 0x80,
  0x1F, 0xF8, 0x01, 0xFF, 0x80, 0x1F, 0xF8, 0x01, 0xFF, 0x80, 0x1F, 0x7C,
  0x01, 0xF7, 0xC0, 0x1E, 0x7C, 0x03, 0xE3, 0xC0, 0x3C, 0x1E, 0x03, 0xC0,
  0xF0, 0xF0, 0x03, 0xFE, 0x00, 0x03, 0x0C, 0x00, 0x79, 0xE0, 0x07, 0x9E,
  0x00, 0x79, 0xE0, 0x07, 0x0E, 0x00, 0x00, 0x00, 0x00, 0x00, 0x00, 0x00,
  0x00, 0x03, 0xFE, 0x00, 0xF0, 0xF0, 0x1E, 0x07, 0xC3, 0xC0, 0x3C, 0x7C,
  0x03, 0xE7, 0xC0, 0x1E, 0x7C, 0x01, 0xFF, 0x80, 0x1F, 0xF8, 0x01, 0xFF,
  0x80, 0x1F, 0xF8, 0x01, 0xFF, 0x80, 0x1F, 0x7C, 0x01, 0xF7, 0xC0, 0x1E,
  0x7C, 0x03, 0xE3, 0xC0, 0x3C, 0x1E, 0x03, 0xC0, 0xF0, 0xF0, 0x03, 0xFE,
  0x00, 0x40, 0x17, 0x01, 0xDC, 0x1C, 0x71, 0xC1, 0xDC, 0x07, 0xC0, 0x1C,
  0x01, 0xF0, 0x1D, 0xC1, 0xC7, 0x1C, 0x1D, 0xC0, 0x74, 0x01, 0x00, 0x00,
  0x00, 0x80, 0x00, 0x18, 0x03, 0xFF, 0x00, 0xF0, 0xF0, 0x1E, 0x07, 0xC3,
  0xC0, 0x7C, 0x7C, 0x07, 0xE7, 0xC0, 0x9E, 0x7C, 0x19, 0xFF, 0x81, 0x1F,
  0xF8, 0x31, 0xFF, 0x82, 0x1F, 0xF8, 0x61, 0xFF, 0x8C, 0x1F, 0x7C, 0x81,
  0xF7, 0xD8, 0x1E, 0x7D, 0x03, 0xE3, 0xF0, 0x3C, 0x1E, 0x03, 0xC0, 0xF0,
  0xF0, 0x0F, 0xFE, 0x00, 0x80, 0x00, 0x18, 0x00, 0x00, 0x01, 0xC0, 0x00,
  0x0E, 0x00, 0x00, 0x78, 0x00, 0x00, 0xE0, 0x00, 0x03, 0x00, 0x00, 0x04,
  0x00, 0x00, 0x00, 0x00, 0x00, 0x00, 0xFF, 0x83, 0xF9, 0xF0, 0x07, 0x0F,
  0x80, 0x10, 0x7C, 0x00, 0x83, 0xE0, 0x04, 0x1F, 0x00, 0x20, 0xF8, 0x01,
  0x07, 0xC0, 0x08, 0x3E, 0x00, 0x41, 0xF0, 0x02, 0x0F, 0x80, 0x10, 0x7C,
  0x00, 0x83, 0xE0, 0x04, 0x1F, 0x00, 0x20, 0x78, 0x03, 0x03, 0xC0, 0x18,
  0x0F, 0x01, 0x80, 0x7C, 0x18, 0x00, 0xFF, 0x80, 0x00, 0x1C, 0x00, 0x00,
  0xE0, 0x00, 0x0F, 0x00, 0x00, 0xF0, 0x00, 0x06, 0x00, 0x00, 0x40, 0x00,
  0x00, 0x00, 0x00, 0x00, 0x00, 0xFF, 0x83, 0xF9, 0xF0, 0x07, 0x0F, 0x80,
  0x10, 0x7C, 0x00, 0x83, 0xE0, 0x04, 0x1F, 0x00, 0x20, 0xF8, 0x01, 0x07,
  0xC0, 0x08, 0x3E, 0x00, 0x41, 0xF0, 0x02, 0x0F, 0x80, 0x10, 0x7C, 0x00,
  0x83, 0xE0, 0x04, 0x1F, 0x00, 0x20, 0x78, 0x03, 0x03, 0xC0, 0x18, 0x0F,
  0x01, 0x80, 0x7C, 0x18, 0x00, 0xFF, 0x80, 0x00, 0x20, 0x00, 0x03, 0xC0,
  0x00, 0x3F, 0x00, 0x01, 0xF8, 0x00, 0x18, 0x60, 0x01, 0x81, 0x80, 0x00,
  0x00, 0x00, 0x00, 0x00, 0xFF, 0x83, 0xF9, 0xF0, 0x07, 0x0F, 0x80, 0x10,
  0x7C, 0x00, 0x83, 0xE0, 0x04, 0x1F, 0x00, 0x20, 0xF8, 0x01, 0x07, 0xC0,
  0x08, 0x3E, 0x00, 0x41, 0xF0, 0x02, 0x0F, 0x80, 0x10, 0x7C, 0x00, 0x83,
  0xE0, 0x04, 0x1F, 0x00, 0x20, 0x78, 0x03, 0x03, 0xC0, 0x18, 0x0F, 0x01,
  0x80, 0x7C, 0x18, 0x00, 0xFF, 0x80, 0x01, 0x86, 0x00, 0x1E, 0x78, 0x00,
  0xF3, 0xC0, 0x07, 0x9E, 0x00, 0x38, 0x70, 0x00, 0x00, 0x00, 0x00, 0x00,
  0x00, 0x00, 0x00, 0xFF, 0x83, 0xF9, 0xF0, 0x07, 0x0F, 0x80, 0x10, 0x7C,
  0x00, 0x83, 0xE0, 0x04, 0x1F, 0x00, 0x20, 0xF8, 0x01, 0x07, 0xC0, 0x08,
  0x3E, 0x00, 0x41, 0xF0, 0x02, 0x0F, 0x80, 0x10, 0x7C, 0x00, 0x83, 0xE0,
  0x04, 0x1F, 0x00, 0x20, 0x78, 0x03, 0x03, 0xC0, 0x18, 0x0F, 0x01, 0x80,
  0x7C, 0x18, 0x00, 0xFF, 0x80, 0x00, 0x1C, 0x00, 0x00, 0xE0, 0x00, 0x0F,
  0x00, 0x00, 0xF0, 0x00, 0x06, 0x00, 0x00, 0x40, 0x00, 0x00, 0x00, 0x00,
  0x00, 0x00, 0xFF, 0xC3, 0xFB, 0xF0, 0x07, 0x0F, 0xC0, 0x30, 0x3E, 0x01,
  0x00, 0xF8, 0x18, 0x07, 0xC1, 0x80, 0x1F, 0x0C, 0x00, 0xF8, 0xC0, 0x03,
  0xE4, 0x00, 0x0F, 0x60, 0x00, 0x7E, 0x00, 0x01, 0xF0, 0x00, 0x0F, 0x80,
  0x00, 0x7C, 0x00, 0x03, 0xE0, 0x00, 0x1F, 0x00, 0x00, 0xF8, 0x00, 0x07,
  0xC0, 0x01, 0xFF, 0xC0, 0xFF, 0xC0, 0x0F, 0xC0, 0x01, 0xE0, 0x00, 0x78,
  0x00, 0x1F, 0xFE, 0x07, 0x87, 0xC1, 0xE0, 0xF8, 0x78, 0x1E, 0x1E, 0x07,
  0xC7, 0x81, 0xF1, 0xE0, 0x78, 0x78, 0x3E, 0x1E, 0x0F, 0x07, 0x8F, 0x81,
  0xFF, 0x80, 0x78, 0x00, 0x1E, 0x00, 0x0F, 0xC0, 0x0F, 0xFC, 0x00, 0x01,
  0xF8, 0x01, 0xCF, 0x81, 0xE1, 0xE0, 0x70, 0x78, 0x3C, 0x1E, 0x0F, 0x07,
  0x03, 0xC3, 0x80, 0xF1, 0xC0, 0x3C, 0x60, 0x0F, 0x1C, 0x03, 0xC7, 0xC0,
  0xF1, 0xF8, 0x3C, 0x3F, 0x0F, 0x07, 0xE3, 0xC0, 0xF8, 0xF0, 0x1F, 0x3C,
  0x07, 0xCF, 0x31, 0xE3, 0xDC, 0x78, 0xF7, 0x3C, 0xFC, 0xFC, 0x00, 0x18,
  0x00, 0x78, 0x00, 0x78, 0x00, 0x70, 0x00, 0x30, 0x00, 0x30, 0x00, 0x00,
  0x01, 0x80, 0x3F, 0xF0, 0xF0, 0xF1, 0xC1, 0xE3, 0x83, 0xC1, 0x07, 0x80,
  0xFF, 0x0F, 0x9E, 0x3C, 0x3C, 0xF8, 0x79, 0xF0, 0xF3, 0xE1, 0xE3, 0xFF,
  0xF3, 0xF7, 0xE0, 0x00, 0xE0, 0x01, 0xC0, 0x07, 0x80, 0x1C, 0x00, 0x70,
  0x00, 0x80, 0x00, 0x00, 0x01, 0x80, 0x3F, 0xF0, 0xF0, 0xF1, 0xC1, 0xE3,
  0x83, 0xC1, 0x07, 0x80, 0xFF, 0x0F, 0x9E, 0x3C, 0x3C, 0xF8, 0x79, 0xF0,
  0xF3, 0xE1, 0xE3, 0xFF, 0xF3, 0xF7, 0xE0, 0x07, 0x00, 0x0F, 0x00, 0x3E,
  0x00, 0xEE, 0x01, 0x8E, 0x06, 0x0C, 0x00, 0x00, 0x01, 0x80, 0x3F, 0xF0,
  0xF0, 0xF1, 0xC1, 0xE3, 0x83, 0xC1, 0x07, 0x80, 0xFF, 0x0F, 0x9E, 0x3C,
  0x3C, 0xF8, 0x79, 0xF0, 0xF3, 0xE1, 0xE3, 0xFF, 0xF3, 0xF7, 0xE0, 0x1E,
  0x20, 0x3F, 0xE0, 0xCF, 0x80, 0x0E, 0x00, 0x00, 0x00, 0x60, 0x0F, 0xFC,
  0x3C, 0x3C, 0x70, 0x78, 0xE0, 0xF0, 0x41, 0xE0, 0x3F, 0xC3, 0xE7, 0x8F,
  0x0F, 0x3E, 0x1E, 0x7C, 0x3C, 0xF8, 0x78, 0xFF, 0xFC, 0xFD, 0xF8, 0x38,
  0xF0, 0x79, 0xE0, 0xF3, 0xC1, 0xE7, 0x81, 0x82, 0x00, 0x00, 0x00, 0xC0,
  0x1F, 0xF8, 0x78, 0x78, 0xE0, 0xF1, 0xC1, 0xE0, 0x83, 0xC0, 0x7F, 0x87,
  0xCF, 0x1E, 0x1E, 0x7C, 0x3C, 0xF8, 0x79, 0xF0, 0xF1, 0xFF, 0xF9, 0xFB,
  0xF0, 0x03, 0x00, 0x1F, 0x80, 0x73, 0x80, 0xC3, 0x01, 0x86, 0x03, 0x8C,
  0x03, 0xF0, 0x03, 0xC0, 0x00, 0x00, 0x06, 0x00, 0xFF, 0xC3, 0xC3, 0xC7,
  0x07, 0x8E, 0x0F, 0x04, 0x1E, 0x03, 0xFC, 0x3E, 0x78, 0xF0, 0xF3, 0xE1,
  0xE7, 0xC3, 0xCF, 0x87, 0x8F, 0xFF, 0xCF, 0xDF, 0x80, 0x01, 0x81, 0x80,
  0x7F, 0xFF, 0x87, 0x8F, 0xC7, 0x1C, 0x1E, 0x1E, 0x70, 0x78, 0x78, 0x01,
  0xE1, 0xF0, 0x7F, 0xFF, 0xC7, 0x9E, 0x00, 0x78, 0x78, 0x03, 0xE1, 0xE0,
  0x0F, 0x87, 0x80, 0x3E, 0x1F, 0x02, 0x7F, 0xBF, 0x70, 0xFC, 0x7F, 0x80,
  0x01, 0x80, 0xFF, 0x8F, 0x1E, 0xF0, 0xFF, 0x87, 0xFC, 0x1B, 0xE0, 0x1F,
  0x00, 0xF8, 0x07, 0xC0, 0x3E, 0x00, 0xF8, 0x33, 0xEF, 0x0F, 0xF0, 0x18,
  0x00, 0xE0, 0x07, 0xC0, 0x0E, 0x00, 0x70, 0x3F, 0x00, 0x70, 0x00, 0x0C,
  0x00, 0x78, 0x00, 0xF0, 0x01, 0xC0, 0x01, 0x80, 0x03, 0x00, 0x00, 0x00,
  0x60, 0x1F, 0xF0, 0xF1, 0xE7, 0x87, 0xBE, 0x1F, 0xF8, 0x7F, 0xFF, 0xFF,
  0x00, 0x3E, 0x00, 0xF8, 0x03, 0xE0, 0x07, 0xC0, 0x8F, 0xDE, 0x1F, 0xE0,
  0x00, 0xE0, 0x03, 0x80, 0x1E, 0x00, 0xE0, 0x07, 0x00, 0x10, 0x00, 0x00,
  0x00, 0x60, 0x1F, 0xF0, 0xF1, 0xE7, 0x87, 0xBE, 0x1F, 0xF8, 0x7F, 0xFF,
  0xFF, 0x00, 0x3E, 0x00, 0xF8, 0x03, 0xE0, 0x07, 0xC0, 0x8F, 0xDE, 0x1F,
  0xE0, 0x03, 0x80, 0x0F, 0x00, 0x7C, 0x03, 0xB8, 0x0C, 0x70, 0x60, 0xC0,
  0x00, 0x00, 0x60, 0x1F, 0xF0, 0xF1, 0xE7, 0x87, 0xBE, 0x1F, 0xF8, 0x7F,
  0xFF, 0xFF, 0x00, 0x3E, 0x00, 0xF8, 0x03, 0xE0, 0x07, 0xC0, 0x8F, 0xDE,
  0x1F, 0xE0, 0x38, 0xF0, 0xF3, 0xC3, 0xCF, 0x0F, 0x3C, 0x18, 0x20, 0x00,
  0x00, 0x18, 0x07, 0xFC, 0x3C, 0x79, 0xE1, 0xEF, 0x87, 0xFE, 0x1F, 0xFF,
  0xFF, 0xC0, 0x0F, 0x80, 0x3E, 0x00, 0xF8, 0x01, 0xF0, 0x23, 0xF7, 0x87,
  0xF8, 0x60, 0x78, 0x1E, 0x07, 0x00, 0xC0, 0x30, 0x00, 0x00, 0x7E, 0x0F,
  0x07, 0x83, 0xC1, 0xE0, 0xF0, 0x78, 0x3C, 0x1E, 0x0F, 0x07, 0x83, 0xC7,
  0xF8, 0x07, 0x07, 0x0F, 0x1C, 0x38, 0x20, 0x00, 0x00, 0xFC, 0x3C, 0x3C,
  0x3C, 0x3C, 0x3C, 0x3C, 0x3C, 0x3C, 0x3C, 0x3C, 0x3C, 0xFF, 0x1C, 0x07,
  0x83, 0xE1, 0xDC, 0x63, 0xB0, 0x60, 0x00, 0x00, 0x7E, 0x07, 0x81, 0xE0,
  0x78, 0x1E, 0x07, 0x81, 0xE0, 0x78, 0x1E, 0x07, 0x81, 0xE0, 0x78, 0x7F,
  0x80, 0xE3, 0xFC, 0xFF, 0x3F, 0xCF, 0x60, 0x80, 0x00, 0x01, 0xF8, 0x1E,
  0x07, 0x81, 0xE0, 0x78, 0x1E, 0x07, 0x81, 0xE0, 0x78, 0x1E, 0x07, 0x81,
  0xE1, 0xFE, 0x10, 0x20, 0x3D, 0x80, 0x1E, 0x00, 0x1F, 0x00, 0x6F, 0x01,
  0x0F, 0x00, 0x1E, 0x00, 0x1E, 0x00, 0x3C, 0x1F, 0xFC, 0x7F, 0xF9, 0xE1,
  0xF7, 0x81, 0xFF, 0x03, 0xFE, 0x07, 0xFC, 0x0F, 0xF8, 0x1F, 0xF0, 0x3D,
  0xE0, 0xF3, 0xC1, 0xE3, 0xC7, 0x81, 0xFE, 0x00, 0x03, 0xC4, 0x00, 0x7F,
  0xC0, 0x19, 0xF0, 0x00, 0x1C, 0x00, 0x00, 0x00, 0x00, 0x10, 0x3F, 0x9F,
  0xC1, 0xFE, 0xF8, 0x1F, 0x0F, 0x03, 0xC1, 0xF0, 0x78, 0x3E, 0x0F, 0x07,
  0xC1, 0xE0, 0xF8, 0x3C, 0x1F, 0x07, 0x83, 0xE0, 0xF0, 0x7C, 0x1E, 0x0F,
  0x83, 0xC1, 0xF1, 0xFE, 0x7F, 0x80, 0x0C, 0x00, 0x3C, 0x00, 0x3C, 0x00,
  0x38, 0x00, 0x18, 0x00, 0x18, 0x00, 0x00, 0x00, 0xC0, 0x1F, 0xF0, 0x78,
  0x79, 0xE0, 0xF7, 0xC1, 0xFF, 0x81, 0xFF, 0x03, 0xFE, 0x07, 0xFC, 0x0F,
  0xF8, 0x1E, 0xF0, 0x7D, 0xE0, 0xF1, 0xE3, 0xC1, 0xFF, 0x00, 0x00, 0x70,
  0x00, 0xE0, 0x03, 0xC0, 0x0E, 0x00, 0x38, 0x00, 0x40, 0x00, 0x00, 0x00,
  0xC0, 0x1F, 0xF0, 0x78, 0x79, 0xE0, 0xF7, 0xC1, 0xFF, 0x81, 0xFF, 0x03,
  0xFE, 0x07, 0xFC, 0x0F, 0xF8, 0x1E, 0xF0, 0x7D, 0xE0, 0xF1, 0xE3, 0xC1,
  0xFF, 0x00, 0x03, 0x80, 0x07, 0x80, 0x1F, 0x00, 0x77, 0x00, 0xC7, 0x03,
  0x06, 0x00, 0x00, 0x00, 0xC0, 0x1F, 0xF0, 0x78, 0x79, 0xE0, 0xF7, 0xC1,
  0xFF, 0x81, 0xFF, 0x03, 0xFE, 0x07, 0xFC, 0x0F, 0xF8, 0x1E, 0xF0, 0x7D,
  0xE0, 0xF1, 0xE3, 0xC1, 0xFF, 0x00, 0x0F, 0x10, 0x1F, 0xF0, 0x67, 0xC0,
  0x07, 0x00, 0x00, 0x00, 0x30, 0x07, 0xFC, 0x1E, 0x1E, 0x78, 0x3D, 0xF0,
  0x7F, 0xE0, 0x7F, 0xC0, 0xFF, 0x81, 0xFF, 0x03, 0xFE, 0x07, 0xBC, 0x1F,
  0x78, 0x3C, 0x78, 0xF0, 0x7F, 0xC0, 0x1C, 0x78, 0x3C, 0xF0, 0x79, 0xE0,
  0xF3, 0xC0, 0xC1, 0x00, 0x00, 0x00, 0x60, 0x0F, 0xF8, 0x3C, 0x3C, 0xF0,
  0x7B, 0xE0, 0xFF, 0xC0, 0xFF, 0x81, 0xFF, 0x03, 0xFE, 0x07, 0xFC, 0x0F,
  0x78, 0x3E, 0xF0, 0x78, 0xF1, 0xE0, 0xFF, 0x80, 0x07, 0x80, 0x7C, 0x03,
  0xE0, 0x0F, 0x00, 0x30, 0x00, 0x03, 0xFF, 0xFF, 0xFF, 0x00, 0x00, 0x00,
  0x01, 0xC0, 0x1F, 0x00, 0xF8, 0x07, 0xC0, 0x1C, 0x00, 0x00, 0x10, 0x00,
  0x20, 0x06, 0xC0, 0xFF, 0x83, 0xC7, 0xCF, 0x0F, 0xBE, 0x3F, 0xFC, 0x4F,
  0xF9, 0x9F, 0xF2, 0x3F, 0xEC, 0x7F, 0xD0, 0xF7, 0xE3, 0xEF, 0x87, 0x8F,
  0x1E, 0x0F, 0xF8, 0x18, 0x00, 0x20, 0x00, 0x0C, 0x00, 0x0F, 0x00, 0x03,
  0xC0, 0x00, 0xE0, 0x00, 0x18, 0x00, 0x06, 0x00, 0x00, 0x00, 0x00, 0x00,
  0xFC, 0xFE, 0x3E, 0x0F, 0x0F, 0x07, 0x87, 0x83, 0xC3, 0xC1, 0xE1, 0xE0,
  0xF0, 0xF0, 0x78, 0x78, 0x3C, 0x3C, 0x1E, 0x1E, 0x0F, 0x0F, 0x0F, 0x87,
  0xFF, 0xF1, 0xF9, 0xF8, 0x00, 0x70, 0x00, 0x38, 0x00, 0x3C, 0x00, 0x38,
  0x00, 0x38, 0x00, 0x10, 0x00, 0x00, 0x00, 0x00, 0x00, 0xFC, 0xFE, 0x3E,
  0x0F, 0x0F, 0x07, 0x87, 0x83, 0xC3, 0xC1, 0xE1, 0xE0, 0xF0, 0xF0, 0x78,
  0x78, 0x3C, 0x3C, 0x1E, 0x1E, 0x0F, 0x0F, 0x0F, 0x87, 0xFF, 0xF1, 0xF9,
  0xF8, 0x03, 0x80, 0x01, 0xE0, 0x01, 0xF0, 0x01, 0xDC, 0x00, 0xC7, 0x00,
  0xC1, 0x80, 0x00, 0x00, 0x00, 0x00, 0xFC, 0xFE, 0x3E, 0x0F, 0x0F, 0x07,
  0x87, 0x83, 0xC3, 0xC1, 0xE1, 0xE0, 0xF0, 0xF0, 0x78, 0x78, 0x3C, 0x3C,
  0x1E, 0x1E, 0x0F, 0x0F, 0x0F, 0x87, 0xFF, 0xF1, 0xF9, 0xF8, 0x1C, 0x78,
  0x0F, 0x3C, 0x07, 0x9E, 0x03, 0xCF, 0x00, 0xC1, 0x00, 0x00, 0x00, 0x00,
  0x01, 0xF9, 0xFC, 0x7C, 0x1E, 0x1E, 0x0F, 0x0F, 0x07, 0x87, 0x83, 0xC3,
  0xC1, 0xE1, 0xE0, 0xF0, 0xF0, 0x78, 0x78, 0x3C, 0x3C, 0x1E, 0x1E, 0x1F,
  0x0F, 0xFF, 0xE3, 0xF3, 0xF0, 0x00, 0x70, 0x00, 0x70, 0x00, 0xF0, 0x01,
  0xC0, 0x03, 0x80, 0x02, 0x00, 0x00, 0x00, 0x00, 0x00, 0xFF, 0x3F, 0x7C,
  0x0C, 0x3E, 0x0C, 0x3E, 0x18, 0x1E, 0x18, 0x1F, 0x10, 0x0F, 0x30, 0x0F,
  0xB0, 0x07, 0xA0, 0x07, 0xE0, 0x03, 0xC0, 0x03, 0xC0, 0x01, 0x80, 0x01,
  0x80, 0x01, 0x80, 0x63, 0x00, 0x76, 0x00, 0x7E, 0x00, 0x3C, 0x00, 0xFC,
  0x00, 0xFC, 0x00, 0x3C, 0x00, 0x3C, 0x00, 0x3C, 0x00, 0x3C, 0x00, 0x3C,
  0x00, 0x3C, 0x60, 0x3D, 0xFC, 0x3F, 0x3E, 0x3C, 0x1F, 0x3C, 0x1F, 0x3C,
  0x0F, 0x3C, 0x0F, 0x3C, 0x0F, 0x3C, 0x0F, 0x3C, 0x0F, 0x3C, 0x0F, 0x3C,
  0x1E, 0x3E, 0x3E, 0x3F, 0xF8, 0x3C, 0x00, 0x3C, 0x00, 0x3C, 0x00, 0x3C,
  0x00, 0x3C, 0x00, 0xFF, 0x80, 0x1C, 0x78, 0x1E, 0x78, 0x1E, 0x78, 0x1E,
  0x78, 0x0C, 0x10, 0x00, 0x00, 0x00, 0x00, 0xFF, 0x3F, 0x7C, 0x0C, 0x3E,
  0x0C, 0x3E, 0x18, 0x1E, 0x18, 0x1F, 0x10, 0x0F, 0x30, 0x0F, 0xB0, 0x07,
  0xA0, 0x07, 0xE0, 0x03, 0xC0, 0x03, 0xC0, 0x01, 0x80, 0x01, 0x80, 0x01,
  0x80, 0x63, 0x00, 0x76, 0x00, 0x7E, 0x00, 0x3C, 0x00 };

const GFXglyph Gelasio_Bold14pt8bGlyphs[] PROGMEM = {
  {     0,   1,   1,   7,    0,    0 },   // 0x20 ' '
  {     1,   6,  20,  10,    2,  -19 },   // 0x21 '!'
  {    16,  11,  10,  14,    2,  -21 },   // 0x22 '"'
  {    30,  15,  19,  19,    2,  -18 },   // 0x23 '#'
  {    66,  14,  24,  18,    2,  -20 },   // 0x24 '$'
  {   108,  22,  19,  24,    1,  -18 },   // 0x25 '%'
  {   161,  21,  20,  22,    1,  -19 },   // 0x26 '&'
  {   214,   4,  10,   7,    2,  -21 },   // 0x27 '''
  {   219,  10,  26,  12,    1,  -20 },   // 0x28 '('
  {   252,  10,  26,  12,    1,  -20 },   // 0x29 ')'
  {   285,  13,  13,  13,    0,  -20 },   // 0x2A '*'
  {   307,  13,  13,  19,    3,  -13 },   // 0x2B '+'
  {   329,   5,  10,   9,    2,   -4 },   // 0x2C ','
  {   336,   8,   2,  10,    1,   -7 },   // 0x2D '-'
  {   338,   5,   5,   9,    2,   -4 },   // 0x2E '.'
  {   342,   9,  27,  13,    2,  -20 },   // 0x2F '/'
  {   373,  17,  16,  19,    1,  -15 },   // 0x30 '0'
  {   407,  10,  16,  13,    2,  -15 },   // 0x31 '1'
  {   427,  15,  16,  17,    1,  -15 },   // 0x32 '2'
  {   457,  15,  21,  17,    1,  -15 },   // 0x33 '3'
  {   497,  16,  20,  18,    1,  -15 },   // 0x34 '4'
  {   537,  14,  21,  16,    1,  -15 },   // 0x35 '5'
  {   574,  16,  21,  18,    1,  -20 },   // 0x36 '6'
  {   616,  14,  21,  15,    1,  -15 },   // 0x37 '7'
  {   653,  16,  19,  19,    1,  -18 },   // 0x38 '8'
  {   691,  16,  21,  18,    1,  -15 },   // 0x39 '9'
  {   733,   5,  13,  10,    3,  -12 },   // 0x3A ':'
  {   742,   6,  18,  10,    2,  -12 },   // 0x3B ';'
  {   756,  13,  16,  19,    3,  -15 },   // 0x3C '<'
  {   782,  13,   7,  19,    3,  -10 },   // 0x3D '='
  {   794,  13,  16,  19,    3,  -15 },   // 0x3E '>'
  {   820,  13,  20,  15,    1,  -19 },   // 0x3F '?'
  {   853,  22,  24,  27,    2,  -18 },   // 0x40 '@'
  {   919,  21,  19,  21,    0,  -18 },   // 0x41 'A'
  {   969,  19,  19,  21,    1,  -18 },   // 0x42 'B'
  {  1015,  17,  19,  20,    1,  -18 },   // 0x43 'C'
  {  1056,  21,  19,  23,    1,  -18 },   // 0x44 'D'
  {  1106,  18,  19,  20,    1,  -18 },   // 0x45 'E'
  {  1149,  16,  19,  18,    1,  -18 },   // 0x46 'F'
  {  1187,  20,  19,  22,    1,  -18 },   // 0x47 'G'
  {  1235,  23,  19,  25,    1,  -18 },   // 0x48 'H'
  {  1290,  10,  19,  12,    1,  -18 },   // 0x49 'I'
  {  1314,  15,  19,  16,    1,  -18 },   // 0x4A 'J'
  {  1350,  21,  19,  22,    1,  -18 },   // 0x4B 'K'
  {  1400,  17,  19,  19,    1,  -18 },   // 0x4C 'L'
  {  1441,  26,  19,  28,    1,  -18 },   // 0x4D 'M'
  {  1503,  22,  19,  23,    1,  -18 },   // 0x4E 'N'
  {  1556,  20,  19,  22,    1,  -18 },   // 0x4F 'O'
  {  1604,  17,  19,  19,    1,  -18 },   // 0x50 'P'
  {  1645,  20,  25,  22,    1,  -18 },   // 0x51 'Q'
  {  1708,  20,  19,  22,    1,  -18 },   // 0x52 'R'
  {  1756,  15,  19,  18,    2,  -18 },   // 0x53 'S'
  {  1792,  18,  19,  19,    0,  -18 },   // 0x54 'T'
  {  1835,  21,  19,  23,    1,  -18 },   // 0x55 'U'
  {  1885,  22,  19,  21,   -1,  -18 },   // 0x56 'V'
  {  1938,  31,  19,  31,    0,  -18 },   // 0x57 'W'
  {  2012,  22,  19,  22,    0,  -18 },   // 0x58 'X'
  {  2065,  21,  19,  20,    0,  -18 },   // 0x59 'Y'
  {  2115,  17,  19,  19,    1,  -18 },   // 0x5A 'Z'
  {  2156,   7,  25,  12,    3,  -20 },   // 0x5B '['
  {  2178,  10,  27,  13,    0,  -19 },   // 0x5C '\'
  {  2212,   8,  25,  12,    2,  -20 },   // 0x5D ']'
  {  2237,  15,  15,  19,    2,  -18 },   // 0x5E '^'
  {  2266,  20,   1,  19,    0,    4 },   // 0x5F '_'
  {  2269,   6,   6,  14,    3,  -20 },   // 0x60 '`'
  {  2274,  15,  14,  16,    1,  -13 },   // 0x61 'a'
  {  2301,  16,  21,  18,    0,  -20 },   // 0x62 'b'
  {  2343,  13,  14,  15,    1,  -13 },   // 0x63 'c'
  {  2366,  17,  21,  18,    1,  -20 },   // 0x64 'd'
  {  2411,  14,  14,  16,    1,  -13 },   // 0x65 'e'
  {  2436,  11,  21,  11,    1,  -20 },   // 0x66 'f'
  {  2465,  15,  20,  16,    1,  -13 },   // 0x67 'g'
  {  2503,  19,  21,  19,    0,  -20 },   // 0x68 'h'
  {  2553,   8,  20,  10,    1,  -19 },   // 0x69 'i'
  {  2573,  10,  26,  10,   -2,  -19 },   // 0x6A 'j'
  {  2606,  17,  21,  17,    0,  -20 },   // 0x6B 'k'
  {  2651,   9,  21,   9,    0,  -20 },   // 0x6C 'l'
  {  2675,  27,  14,  28,    1,  -13 },   // 0x6D 'm'
  {  2723,  19,  14,  19,    0,  -13 },   // 0x6E 'n'
  {  2757,  15,  14,  17,    1,  -13 },   // 0x6F 'o'
  {  2784,  17,  20,  18,    0,  -13 },   // 0x70 'p'
  {  2827,  17,  20,  18,    1,  -13 },   // 0x71 'q'
  {  2870,  13,  14,  14,    1,  -13 },   // 0x72 'r'
  {  2893,  12,  14,  14,    1,  -13 },   // 0x73 's'
  {  2914,  10,  18,  11,    1,  -17 },   // 0x74 't'
  {  2937,  17,  13,  19,    1,  -12 },   // 0x75 'u'
  {  2965,  18,  13,  16,   -1,  -12 },   // 0x76 'v'
  {  2995,  25,  13,  24,   -1,  -12 },   // 0x77 'w'
  {  3036,  16,  13,  16,    0,  -12 },   // 0x78 'x'
  {  3062,  16,  19,  15,    0,  -12 },   // 0x79 'y'
  {  3100,  14,  13,  14,    0,  -12 },   // 0x7A 'z'
  {  3123,  11,  25,  14,    1,  -20 },   // 0x7B '{'
  {  3158,   2,  26,  11,    4,  -20 },   // 0x7C '|'
  {  3165,  11,  25,  14,    2,  -20 },   // 0x7D '}'
  {  3200,  13,   4,  19,    3,   -9 },   // 0x7E '~'
  {  3207,   1,   1,  14,    0,    0 },   // 0x7F
  {  3208,  21,  21,  27,    3,  -20 },   // 0x80
  {  3264,  21,  21,  27,    3,  -20 },   // 0x81
  {  3320,  21,  21,  27,    3,  -20 },   // 0x82
  {  3376,  21,  21,  27,    3,  -20 },   // 0x83
  {  3432,  21,  21,  27,    3,  -20 },   // 0x84
  {  3488,  21,  21,  27,    3,  -20 },   // 0x85
  {  3544,  21,  21,  27,    3,  -20 },   // 0x86
  {  3600,  21,  21,  27,    3,  -20 },   // 0x87
  {  3656,  21,  21,  27,    3,  -20 },   // 0x88
  {  3712,  21,  21,  27,    3,  -20 },   // 0x89
  {  3768,  21,  21,  27,    3,  -20 },   // 0x8A
  {  3824,  21,  21,  27,    3,  -20 },   // 0x8B
  {  3880,  21,  21,  27,    3,  -20 },   // 0x8C
  {  3936,  21,  21,  27,    3,  -20 },   // 0x8D
  {  3992,  21,  21,  27,    3,  -20 },   // 0x8E
  {  4048,  21,  21,  27,    3,  -20 },   // 0x8F
  {  4104,  21,  21,  27,    3,  -20 },   // 0x90
  {  4160,  21,  21,  27,    3,  -20 },   // 0x91
  {  4216,  21,  21,  27,    3,  -20 },   // 0x92
  {  4272,  21,  21,  27,    3,  -20 },   // 0x93
  {  4328,  21,  21,  27,    3,  -20 },   // 0x94
  {  4384,  21,  21,  27,    3,  -20 },   // 0x95
  {  4440,  21,  21,  27,    3,  -20 },   // 0x96
  {  4496,  21,  21,  27,    3,  -20 },   // 0x97
  {  4552,  21,  21,  27,    3,  -20 },   // 0x98
  {  4608,  21,  21,  27,    3,  -20 },   // 0x99
  {  4664,  21,  21,  27,    3,  -20 },   // 0x9A
  {  4720,  21,  21,  27,    3,  -20 },   // 0x9B
  {  4776,  21,  21,  27,    3,  -20 },   // 0x9C
  {  4832,  21,  21,  27,    3,  -20 },   // 0x9D
  {  4888,  21,  21,  27,    3,  -20 },   // 0x9E
  {  4944,  21,  21,  27,    3,  -20 },   // 0x9F
  {  5000,   1,   1,   7,    0,    0 },   // 0xA0
  {  5001,   6,  20,  10,    2,  -18 },   // 0xA1
  {  5016,  13,  19,  17,    2,  -15 },   // 0xA2
  {  5047,  17,  19,  19,    1,  -18 },   // 0xA3
  {  5088,  13,  13,  19,    3,  -13 },   // 0xA4
  {  5110,  21,  19,  20,    0,  -18 },   // 0xA5
  {  5160,   2,  26,  11,    4,  -20 },   // 0xA6
  {  5167,  12,  25,  15,    2,  -18 },   // 0xA7
  {  5205,  11,   4,  14,    1,  -19 },   // 0xA8
  {  5211,  24,  24,  26,    1,  -19 },   // 0xA9
  {  5283,  12,  11,  15,    2,  -18 },   // 0xAA
  {  5300,  13,  13,  17,    2,  -13 },   // 0xAB
  {  5322,  13,   7,  19,    3,   -8 },   // 0xAC
  {  5334,  21,  21,  27,    3,  -20 },   // 0xAD
  {  5390,  24,  24,  26,    1,  -19 },   // 0xAE
  {  5462,   8,   2,  19,    0,  -18 },   // 0xAF
  {  5464,   9,  10,  12,    1,  -19 },   // 0xB0
  {  5476,  13,  14,  19,    3,  -13 },   // 0xB1
  {  5499,  11,  13,  15,    2,  -22 },   // 0xB2
  {  5517,  11,  13,  15,    2,  -22 },   // 0xB3
  {  5535,   6,   6,  14,    3,  -20 },   // 0xB4
  {  5540,  16,  19,  18,    2,  -12 },   // 0xB5
  {  5578,  14,  23,  15,    1,  -18 },   // 0xB6
  {  5619,   5,   5,   9,    2,  -12 },   // 0xB7
  {  5623,   7,   7,   8,    0,    1 },   // 0xB8
  {  5630,  11,  13,  15,    2,  -22 },   // 0xB9
  {  5648,  13,  11,  15,    1,  -18 },   // 0xBA
  {  5666,  13,  13,  17,    2,  -13 },   // 0xBB
  {  5688,  27,  20,  29,    2,  -19 },   // 0xBC
  {  5756,  28,  20,  29,    1,  -19 },   // 0xBD
  {  5826,  28,  20,  29,    1,  -19 },   // 0xBE
  {  5896,  13,  20,  15,    1,  -19 },   // 0xBF
  {  5929,  21,  27,  21,    0,  -26 },   // 0xC0
  {  6000,  21,  27,  21,    0,  -26 },   // 0xC1
  {  6071,  21,  27,  21,    0,  -26 },   // 0xC2
  {  6142,  21,  25,  21,    0,  -24 },   // 0xC3
  {  6208,  21,  27,  21,    0,  -26 },   // 0xC4
  {  6279,  21,  27,  21,    0,  -26 },   // 0xC5
  {  6350,  29,  19,  29,   -1,  -18 },   // 0xC6
  {  6419,  17,  26,  20,    1,  -18 },   // 0xC7
  {  6475,  18,  27,  20,    1,  -26 },   // 0xC8
  {  6536,  18,  27,  20,    1,  -26 },   // 0xC9
  {  6597,  18,  27,  20,    1,  -26 },   // 0xCA
  {  6658,  18,  27,  20,    1,  -26 },   // 0xCB
  {  6719,  10,  27,  12,    1,  -26 },   // 0xCC
  {  6753,  10,  27,  12,    1,  -26 },   // 0xCD
  {  6787,  10,  27,  12,    1,  -26 },   // 0xCE
  {  6821,  10,  27,  12,    1,  -26 },   // 0xCF
  {  6855,  21,  19,  23,    1,  -18 },   // 0xD0
  {  6905,  22,  25,  23,    1,  -24 },   // 0xD1
  {  6974,  20,  27,  22,    1,  -26 },   // 0xD2
  {  7042,  20,  27,  22,    1,  -26 },   // 0xD3
  {  7110,  20,  27,  22,    1,  -26 },   // 0xD4
  {  7178,  20,  25,  22,    1,  -24 },   // 0xD5
  {  7241,  20,  27,  22,    1,  -26 },   // 0xD6
  {  7309,  13,  13,  19,    3,  -13 },   // 0xD7
  {  7331,  20,  23,  22,    1,  -20 },   // 0xD8
  {  7389,  21,  27,  23,    1,  -26 },   // 0xD9
  {  7460,  21,  27,  23,    1,  -26 },   // 0xDA
  {  7531,  21,  27,  23,    1,  -26 },   // 0xDB
  {  7602,  21,  27,  23,    1,  -26 },   // 0xDC
  {  7673,  21,  27,  20,    0,  -26 },   // 0xDD
  {  7744,  18,  19,  19,    1,  -18 },   // 0xDE
  {  7787,  18,  21,  18,    0,  -20 },   // 0xDF
  {  7835,  15,  21,  16,    1,  -20 },   // 0xE0
  {  7875,  15,  21,  16,    1,  -20 },   // 0xE1
  {  7915,  15,  21,  16,    1,  -20 },   // 0xE2
  {  7955,  15,  19,  16,    1,  -18 },   // 0xE3
  {  7991,  15,  20,  16,    1,  -19 },   // 0xE4
  {  8029,  15,  23,  16,    1,  -22 },   // 0xE5
  {  8073,  22,  14,  24,    1,  -13 },   // 0xE6
  {  8112,  13,  21,  15,    1,  -13 },   // 0xE7
  {  8147,  14,  21,  16,    1,  -20 },   // 0xE8
  {  8184,  14,  21,  16,    1,  -20 },   // 0xE9
  {  8221,  14,  21,  16,    1,  -20 },   // 0xEA
  {  8258,  14,  20,  16,    1,  -19 },   // 0xEB
  {  8293,   9,  21,  10,    0,  -20 },   // 0xEC
  {  8317,   8,  21,  10,    1,  -20 },   // 0xED
  {  8338,  10,  21,  10,    0,  -20 },   // 0xEE
  {  8365,  10,  20,  10,    0,  -19 },   // 0xEF
  {  8390,  15,  22,  17,    1,  -21 },   // 0xF0
  {  8432,  19,  19,  19,    0,  -18 },   // 0xF1
  {  8478,  15,  21,  17,    1,  -20 },   // 0xF2
  {  8518,  15,  21,  17,    1,  -20 },   // 0xF3
  {  8558,  15,  21,  17,    1,  -20 },   // 0xF4
  {  8598,  15,  19,  17,    1,  -18 },   // 0xF5
  {  8634,  15,  20,  17,    1,  -19 },   // 0xF6
  {  8672,  13,  15,  19,    3,  -14 },   // 0xF7
  {  8697,  15,  18,  17,    1,  -15 },   // 0xF8
  {  8731,  17,  21,  19,    1,  -20 },   // 0xF9
  {  8776,  17,  21,  19,    1,  -20 },   // 0xFA
  {  8821,  17,  21,  19,    1,  -20 },   // 0xFB
  {  8866,  17,  20,  19,    1,  -19 },   // 0xFC
  {  8909,  16,  27,  15,    0,  -20 },   // 0xFD
  {  8963,  16,  27,  18,    0,  -20 },   // 0xFE
  {  9017,  16,  26,  15,    0,  -19 } }; // 0xFF

const GFXfont Gelasio_Bold14pt8b PROGMEM = {
  (uint8_t  *)Gelasio_Bold14pt8bBitmaps,
  (GFXglyph *)Gelasio_Bold14pt8bGlyphs,
  0x20, 0xFF, 35 };

// Approx. 10644 bytes

const uint8_t Gelasio_Bold16pt8bBitmaps[] PROGMEM = {
  0x00, 0x3C, 0xFD, 0xFF, 0xF7, 0xEF, 0xDF, 0x1E, 0x3C, 0x70, 0xE0, 0xC1,
  0x83, 0x06, 0x00, 0x00, 0x20, 0xF3, 0xF7, 0xEF, 0xCF, 0x00, 0x20, 0x2F,
  0x0F, 0xF0, 0xFF, 0x0F, 0xE0, 0xEE, 0x0E, 0xE0, 0xEC, 0x0C, 0xC0, 0xCC,
  0x0C, 0x80, 0x88, 0x08, 0x03, 0x87, 0x00, 0xC1, 0x80, 0x30, 0x60, 0x0C,
  0x18, 0x03, 0x06, 0x01, 0xC3, 0x87, 0xFF, 0xFD, 0xFF, 0xFF, 0x06, 0x0C,
  0x01, 0x83, 0x00, 0xE1, 0xC0, 0x38, 0x70, 0x0C, 0x18, 0x03, 0x06, 0x0F,
  0xFF, 0xFB, 0xFF, 0xFE, 0x1C, 0x38, 0x06, 0x0C, 0x01, 0x83, 0x00, 0x60,
  0xC0, 0x18, 0x30, 0x0E, 0x1C, 0x00, 0x01, 0x80, 0x00, 0xC0, 0x00, 0x60,
  0x00, 0x38, 0x01, 0xFF, 0xE1, 0xE0, 0x71, 0xE0, 0x18, 0xF0, 0x0E, 0x7C,
  0x03, 0x3E, 0x00, 0x1F, 0xC0, 0x0F, 0xF8, 0x03, 0xFF, 0x00, 0xFF, 0xE0,
  0x3F, 0xF8, 0x07, 0xFE, 0x00, 0xFF, 0xE0, 0x1F, 0xF0, 0x07, 0xFC, 0x01,
  0xFE, 0x00, 0xF7, 0x80, 0x7B, 0xF0, 0x79, 0x9F, 0xF0, 0x01, 0x80, 0x00,
  0xC0, 0x00, 0x60, 0x00, 0x30, 0x00, 0x1F, 0x80, 0x38, 0x1C, 0x70, 0x18,
  0x1E, 0x38, 0x18, 0x0E, 0x1E, 0x1C, 0x0F, 0x0F, 0x0C, 0x07, 0x87, 0x8C,
  0x03, 0xC3, 0xCE, 0x00, 0xE1, 0xE6, 0x00, 0x78, 0xE6, 0x00, 0x1C, 0xF3,
  0x00, 0x07, 0xE3, 0x00, 0x00, 0x03, 0x87, 0x00, 0x01, 0x9E, 0xE0, 0x01,
  0x9E, 0x38, 0x00, 0xCE, 0x1E, 0x00, 0xCF, 0x0F, 0x00, 0xE7, 0x87, 0x80,
  0x63, 0xC3, 0xC0, 0x60, 0xE1, 0xE0, 0x70, 0x70, 0xF0, 0x30, 0x3C, 0x70,
  0x30, 0x07, 0xF0, 0x00, 0x00, 0x40, 0x03, 0xF8, 0x00, 0x0F, 0x1E, 0x00,
  0x1E, 0x0E, 0x00, 0x1E, 0x0E, 0x00, 0x1E, 0x0E, 0x00, 0x1F, 0x0E, 0x00,
  0x1F, 0x0E, 0x00, 0x1F, 0x9C, 0x00, 0x0F, 0xF1, 0xFE, 0x0F, 0xE0, 0xFE,
  0x07, 0xF0, 0x38, 0x1F, 0xF0, 0x30, 0x7D, 0xF8, 0x30, 0x78, 0xFC, 0x70,
  0xF8, 0x7E, 0x60, 0xF8, 0x3F, 0x60, 0xF8, 0x1F, 0xC0, 0xF8, 0x0F, 0xC0,
  0xFC, 0x07, 0xE0, 0xFE, 0x0F, 0xF0, 0x7F, 0xFB, 0xFC, 0x1F, 0xF1, 0xFF,
  0x2F, 0xFF, 0xEE, 0xEC, 0xCC, 0x88, 0x01, 0xE0, 0x78, 0x1C, 0x07, 0x81,
  0xE0, 0x7C, 0x0F, 0x03, 0xE0, 0x7C, 0x0F, 0x81, 0xF0, 0x3E, 0x0F, 0xC1,
  0xF8, 0x3F, 0x07, 0xE0, 0x7C, 0x0F, 0x81, 0xF0, 0x3E, 0x07, 0xC0, 0x78,
  0x0F, 0x80, 0xF0, 0x0F, 0x00, 0xF0, 0x0F, 0x80, 0x70, 0xF0, 0x07, 0x80,
  0x78, 0x07, 0x80, 0x78, 0x0F, 0x81, 0xF0, 0x1E, 0x03, 0xE0, 0x7C, 0x0F,
  0x81, 0xF0, 0x3E, 0x07, 0xC0, 0xF8, 0x1F, 0x03, 0xE0, 0x7C, 0x0F, 0x81,
  0xF0, 0x3C, 0x0F, 0x81, 0xE0, 0x3C, 0x0F, 0x03, 0xC1, 0xF0, 0x78, 0x00,
  0x01, 0x00, 0x07, 0x00, 0x0E, 0x00, 0x1C, 0x00, 0x38, 0x0E, 0x33, 0xBF,
  0x5F, 0xBF, 0xFE, 0x03, 0x80, 0x0D, 0x80, 0x3B, 0x80, 0xF3, 0x81, 0xC7,
  0x83, 0x8F, 0x02, 0x04, 0x00, 0x03, 0x00, 0x0C, 0x00, 0x30, 0x00, 0xC0,
  0x03, 0x00, 0x0C, 0x0F, 0xFF, 0xFF, 0xFF, 0x03, 0x00, 0x0C, 0x00, 0x30,
  0x00, 0xC0, 0x03, 0x00, 0x0C, 0x00, 0x30, 0x00, 0x79, 0xFF, 0xDF, 0x7C,
  0x71, 0xC6, 0x18, 0xC6, 0x00, 0xFF, 0xFF, 0xFF, 0xE0, 0x11, 0xEF, 0xFF,
  0xFD, 0xE0, 0x00, 0xE0, 0x18, 0x03, 0x00, 0xE0, 0x1C, 0x03, 0x00, 0x60,
  0x1C, 0x03, 0x00, 0x60, 0x1C, 0x03, 0x80, 0x60, 0x0C, 0x03, 0x80, 0x60,
  0x0C, 0x03, 0x80, 0x70, 0x0C, 0x01, 0x80, 0x70, 0x0C, 0x01, 0x80, 0x30,
  0x0E, 0x01, 0x80, 0x30, 0x0E, 0x01, 0xC0, 0x30, 0x00, 0x0F, 0xFC, 0x07,
  0x87, 0x83, 0xC0, 0xF1, 0xF0, 0x3E, 0xF8, 0x07, 0xFE, 0x01, 0xFF, 0x80,
  0x7F, 0xE0, 0x1F, 0xF8, 0x07, 0xFE, 0x01, 0xFF, 0x80, 0x7F, 0xE0, 0x1F,
  0xF8, 0x07, 0xFE, 0x01, 0xF7, 0xC0, 0xF8, 0xF0, 0x3C, 0x1E, 0x1E, 0x03,
  0xFF, 0x00, 0x07, 0x01, 0xF0, 0xFF, 0x0F, 0xF0, 0x1F, 0x01, 0xF0, 0x1F,
  0x01, 0xF0, 0x1F, 0x01, 0xF0, 0x1F, 0x01, 0xF0, 0x1F, 0x01, 0xF0, 0x1F,
  0x01, 0xF8, 0x3F, 0xCF, 0xFF, 0x1F, 0xF8, 0x78, 0x7C, 0xF8, 0x7E, 0xF0,
  0x3E, 0xF0, 0x3E, 0xF0, 0x3E, 0x60, 0x3E, 0x00, 0x3E, 0x00, 0x7C, 0x00,
  0xF8, 0x00, 0xF0, 0x01, 0xE0, 0x03, 0x80, 0x0E, 0x00, 0x1F, 0xFF, 0x3F,
  0xFF, 0xFF, 0xFF, 0xFF, 0xFF, 0x0F, 0xF8, 0x1E, 0x3E, 0x1E, 0x0F, 0x8F,
  0x03, 0xEF, 0x81, 0xF3, 0x80, 0xF8, 0x00, 0x7C, 0x00, 0x3E, 0x00, 0x3E,
  0x00, 0x3E, 0x01, 0xFE, 0x00, 0xFF, 0x00, 0x07, 0xE0, 0x00, 0xF8, 0x00,
  0x7E, 0x00, 0x1F, 0x30, 0x0F, 0xF8, 0x07, 0xFC, 0x03, 0xFE, 0x03, 0xFF,
  0x01, 0xF3, 0x81, 0xF0, 0xFF, 0xF0, 0x1F, 0xC0, 0x00, 0xF0, 0x00, 0x3E,
  0x00, 0x1F, 0xC0, 0x07, 0xE0, 0x03, 0xF0, 0x00, 0xF8, 0x00, 0x7C, 0x00,
  0x1F, 0x00, 0x0F, 0x80, 0x03, 0xC0, 0x01, 0xE0, 0xE0, 0x78, 0x78, 0x3C,
  0x1E, 0x0E, 0x0F, 0x87, 0x03, 0xE1, 0xFF, 0xFF, 0xFF, 0xFF, 0xFF, 0xFF,
  0xF0, 0x03, 0xE0, 0x00, 0xF8, 0x00, 0x3E, 0x00, 0x0F, 0x80, 0x03, 0xE0,
  0x1F, 0xFF, 0x1F, 0xFF, 0x8F, 0xFF, 0xC7, 0xFF, 0xE3, 0x00, 0x01, 0x80,
  0x00, 0xC0, 0x00, 0x60, 0x00, 0x30, 0x00, 0x1B, 0xFC, 0x0F, 0xFF, 0x86,
  0x07, 0xE2, 0x01, 0xF0, 0x00, 0xF8, 0x00, 0x7E, 0x00, 0x3F, 0x70, 0x1F,
  0xF8, 0x0F, 0xBC, 0x07, 0xDE, 0x03, 0xEF, 0x01, 0xE3, 0x81, 0xE0, 0xFB,
  0xE0, 0x1F, 0xC0, 0x00, 0x0C, 0x00, 0x1F, 0x00, 0x1F, 0x00, 0x0F, 0x00,
  0x07, 0x80, 0x03, 0xC0, 0x01, 0xE0, 0x00, 0xF8, 0x00, 0x3E, 0x00, 0x0F,
  0x1E, 0x07, 0xFF, 0xE1, 0xF8, 0x7C, 0x7C, 0x1F, 0x9F, 0x03, 0xEF, 0xC0,
  0xFF, 0xF0, 0x3F, 0xFC, 0x0F, 0xDF, 0x03, 0xF7, 0xC0, 0xFD, 0xF0, 0x3E,
  0x3C, 0x0F, 0x8F, 0x83, 0xC1, 0xF1, 0xE0, 0x1F, 0xE0, 0x7F, 0xFF, 0x7F,
  0xFF, 0x7F, 0xFE, 0x7F, 0xFE, 0x60, 0x0C, 0x40, 0x0C, 0xC0, 0x1C, 0x40,
  0x18, 0x00, 0x38, 0x00, 0x38, 0x00, 0x70, 0x00, 0x70, 0x00, 0x70, 0x00,
  0xE0, 0x00, 0xE0, 0x01, 0xC0, 0x01, 0xC0, 0x03, 0xC0, 0x03, 0x80, 0x07,
  0x80, 0x07, 0x80, 0x07, 0x00, 0x0F, 0x00, 0x07, 0xF8, 0x0F, 0x1F, 0x0F,
  0x07, 0xCF, 0x01, 0xE7, 0x80, 0xF3, 0xC0, 0x79, 0xF0, 0x3C, 0xFC, 0x1C,
  0x3F, 0x9C, 0x0F, 0xFC, 0x03, 0xFE, 0x03, 0xFF, 0xC7, 0x9F, 0xF3, 0xC1,
  0xFF, 0xC0, 0x7F, 0xE0, 0x1F, 0xF0, 0x07, 0xF8, 0x03, 0xFE, 0x01, 0xEF,
  0x01, 0xE3, 0xE1, 0xE0, 0xFF, 0xE0, 0x07, 0xFC, 0x07, 0xC7, 0x83, 0xE1,
  0xF0, 0xF0, 0x3E, 0x7C, 0x0F, 0x9F, 0x03, 0xE7, 0xC0, 0xFF, 0xF0, 0x3F,
  0xFC, 0x0F, 0xDF, 0x03, 0xF7, 0xC0, 0xFD, 0xF8, 0x3F, 0x3F, 0x1F, 0x87,
  0xFF, 0xE0, 0x78, 0xF8, 0x00, 0x3C, 0x00, 0x1F, 0x00, 0x07, 0x80, 0x03,
  0xC0, 0x01, 0xF0, 0x00, 0xF8, 0x00, 0x78, 0x00, 0xF8, 0x00, 0x30, 0x00,
  0x11, 0xEF, 0xFF, 0xFD, 0xE0, 0x00, 0x00, 0x01, 0x1E, 0xFF, 0xFF, 0xDE,
  0x08, 0x79, 0xFB, 0xF7, 0xE7, 0x80, 0x00, 0x00, 0x00, 0x03, 0xC7, 0xDF,
  0x9F, 0x3E, 0x1C, 0x38, 0x60, 0xC3, 0x0C, 0x00, 0x00, 0x02, 0x00, 0x0C,
  0x00, 0x78, 0x03, 0xE0, 0x1F, 0x00, 0x7C, 0x03, 0xE0, 0x1F, 0x00, 0xF8,
  0x01, 0xE0, 0x01, 0xF0, 0x00, 0xF8, 0x00, 0x7C, 0x00, 0x3E, 0x00, 0x3F,
  0x00, 0x1F, 0x00, 0x0E, 0x00, 0x04, 0xFF, 0xFF, 0xFF, 0xF0, 0x00, 0x00,
  0x00, 0x00, 0x00, 0x00, 0x00, 0x00, 0x3F, 0xFF, 0xFF, 0xFC, 0x80, 0x01,
  0x80, 0x03, 0xC0, 0x03, 0xE0, 0x01, 0xF0, 0x01, 0xF8, 0x00, 0xF8, 0x00,
  0x7C, 0x00, 0x3E, 0x00, 0x3C, 0x01, 0xF0, 0x0F, 0x80, 0x7C, 0x03, 0xE0,
  0x0F, 0x80, 0x7C, 0x00, 0xE0, 0x01, 0x00, 0x00, 0x0F, 0xF0, 0x70, 0xF1,
  0xC0, 0xF3, 0x81, 0xFF, 0x03, 0xFE, 0x07, 0xDC, 0x0F, 0x80, 0x1E, 0x00,
  0x7C, 0x00, 0xF0, 0x03, 0xC0, 0x0E, 0x00, 0x38, 0x00, 0x70, 0x00, 0xC0,
  0x01, 0x80, 0x00, 0x00, 0x02, 0x00, 0x1E, 0x00, 0x7E, 0x00, 0xFC, 0x01,
  0xF8, 0x01, 0xE0, 0x00, 0x00, 0x7F, 0xE0, 0x00, 0xFC, 0xFC, 0x00, 0xE0,
  0x07, 0x01, 0xC0, 0x01, 0xC1, 0xC0, 0x00, 0x71, 0xC0, 0x00, 0x18, 0xC0,
  0xF3, 0x8C, 0xE0, 0xFD, 0xC3, 0x60, 0xF3, 0xC1, 0xF0, 0xF0, 0xE0, 0xF0,
  0x70, 0x70, 0x78, 0x78, 0x70, 0x6C, 0x38, 0x38, 0x36, 0x1C, 0x1C, 0x1B,
  0x0E, 0x1C, 0x19, 0x87, 0x0E, 0x0C, 0xC3, 0x8F, 0x0C, 0x61, 0xEF, 0x9C,
  0x30, 0x7C, 0xFC, 0x1C, 0x0C, 0x78, 0x06, 0x00, 0x00, 0x01, 0x80, 0x00,
  0x00, 0xE0, 0x00, 0x60, 0x1C, 0x00, 0xE0, 0x07, 0xFF, 0xC0, 0x00, 0x7F,
  0x80, 0x00, 0x00, 0x3C, 0x00, 0x00, 0x7C, 0x00, 0x00, 0x7E, 0x00, 0x00,
  0x7E, 0x00, 0x00, 0xDE, 0x00, 0x00, 0xDF, 0x00, 0x00, 0xDF, 0x00, 0x01,
  0x8F, 0x00, 0x01, 0x8F, 0x80, 0x03, 0x0F, 0x80, 0x03, 0x07, 0xC0, 0x03,
  0x07, 0xC0, 0x06, 0x07, 0xC0, 0x07, 0xFF, 0xE0, 0x07, 0xFF, 0xE0, 0x0C,
  0x03, 0xE0, 0x0C, 0x03, 0xF0, 0x1C, 0x01, 0xF0, 0x18, 0x01, 0xF8, 0x18,
  0x00, 0xF8, 0x38, 0x01, 0xFC, 0xFE, 0x07, 0xFF, 0xFF, 0xF8, 0x07, 0xFF,
  0xFC, 0x07, 0xC1, 0xF0, 0x3E, 0x07, 0xC1, 0xF0, 0x3E, 0x0F, 0x81, 0xF0,
  0x7C, 0x0F, 0x83, 0xE0, 0x7C, 0x1F, 0x07, 0xC0, 0xF8, 0xFC, 0x07, 0xFF,
  0x80, 0x3E, 0x1F, 0x81, 0xF0, 0x3E, 0x0F, 0x80, 0xF8, 0x7C, 0x07, 0xC3,
  0xE0, 0x3F, 0x1F, 0x01, 0xF8, 0xF8, 0x0F, 0x87, 0xC0, 0xFC, 0x3E, 0x07,
  0xC7, 0xFF, 0xFC, 0x7F, 0xFF, 0x80, 0x00, 0xFF, 0x80, 0x3E, 0x3F, 0x0F,
  0x80, 0xF1, 0xF0, 0x0F, 0x3E, 0x00, 0x73, 0xE0, 0x07, 0x7E, 0x00, 0x27,
  0xC0, 0x00, 0xFC, 0x00, 0x0F, 0xC0, 0x00, 0xFC, 0x00, 0x0F, 0xC0, 0x00,
  0xFC, 0x00, 0x0F, 0xC0, 0x00, 0xFC, 0x00, 0x07, 0xE0, 0x03, 0x7E, 0x00,
  0x33, 0xE0, 0x07, 0x3F, 0x00, 0x71, 0xF8, 0x0E, 0x07, 0xC1, 0xE0, 0x1F,
  0xF8, 0xFF, 0xFC, 0x01, 0xFF, 0xFF, 0x00, 0xFC, 0x0F, 0x81, 0xF8, 0x0F,
  0x83, 0xF0, 0x0F, 0x87, 0xE0, 0x1F, 0x8F, 0xC0, 0x1F, 0x1F, 0x80, 0x3F,
  0x3F, 0x00, 0x7E, 0x7E, 0x00, 0xFC, 0xFC, 0x01, 0xF9, 0xF8, 0x03, 0xF3,
  0xF0, 0x07, 0xE7, 0xE0, 0x0F, 0xCF, 0xC0, 0x1F, 0x9F, 0x80, 0x3E, 0x3F,
  0x00, 0x7C, 0x7E, 0x01, 0xF0, 0xFC, 0x03, 0xC1, 0xF8, 0x0F, 0x07, 0xFF,
  0xF8, 0x1F, 0xFF, 0xC0, 0x00, 0xFF, 0xFF, 0xCF, 0xFF, 0xFC, 0x3F, 0x01,
  0xC3, 0xF0, 0x0C, 0x3F, 0x00, 0xC3, 0xF0, 0x04, 0x3F, 0x00, 0x03, 0xF0,
  0x60, 0x3F, 0x06, 0x03, 0xF0, 0xE0, 0x3F, 0xFE, 0x03, 0xFF, 0xE0, 0x3F,
  0x0E, 0x03, 0xF0, 0x60, 0x3F, 0x06, 0x03, 0xF0, 0x00, 0x3F, 0x00, 0x73,
  0xF0, 0x06, 0x3F, 0x00, 0xE3, 0xF0, 0x0E, 0x7F, 0xFF, 0xEF, 0xFF, 0xFE,
  0xFF, 0xFF, 0xBF, 0xFF, 0xF3, 0xE0, 0x3C, 0xF8, 0x07, 0x3E, 0x00, 0xCF,
  0x80, 0x33, 0xE0, 0x00, 0xF8, 0x10, 0x3E, 0x04, 0x0F, 0x81, 0x03, 0xE0,
  0xC0, 0xFF, 0xF0, 0x3E, 0x0C, 0x0F, 0x81, 0x03, 0xE0, 0x40, 0xF8, 0x00,
  0x3E, 0x00, 0x0F, 0x80, 0x03, 0xE0, 0x00, 0xFC, 0x00, 0x7F, 0xC0, 0x3F,
  0xFC, 0x00, 0x00, 0xFF, 0xC0, 0x07, 0xC7, 0xF0, 0x3E, 0x03, 0xE0, 0xF8,
  0x03, 0xC3, 0xE0, 0x03, 0x87, 0xC0, 0x07, 0x1F, 0x80, 0x04, 0x3E, 0x00,
  0x00, 0xFC, 0x00, 0x01, 0xF8, 0x00, 0x03, 0xF0, 0x00, 0x07, 0xE0, 0x00,
  0x0F, 0xC0, 0x7F, 0xFF, 0x80, 0xFF, 0xDF, 0x00, 0x3E, 0x3F, 0x00, 0x7C,
  0x7E, 0x00, 0xF8, 0x7C, 0x01, 0xF0, 0x7C, 0x03, 0xE0, 0x7C, 0x07, 0xC0,
  0x7E, 0x1F, 0x80, 0x3F, 0xFC, 0x00, 0xFF, 0xC1, 0xFF, 0xFF, 0xE1, 0xFF,
  0xCF, 0x80, 0x1F, 0x07, 0xC0, 0x0F, 0x83, 0xE0, 0x07, 0xC1, 0xF0, 0x03,
  0xE0, 0xF8, 0x01, 0xF0, 0x7C, 0x00, 0xF8, 0x3E, 0x00, 0x7C, 0x1F, 0x00,
  0x3E, 0x0F, 0xFF, 0xFF, 0x07, 0xC0, 0x0F, 0x83, 0xE0, 0x07, 0xC1, 0xF0,
  0x03, 0xE0, 0xF8, 0x01, 0xF0, 0x7C, 0x00, 0xF8, 0x3E, 0x00, 0x7C, 0x1F,
  0x00, 0x3E, 0x0F, 0x80, 0x1F, 0x07, 0xC0, 0x0F, 0x87, 0xF8, 0x0F, 0xF7,
  0xFE, 0x1F, 0xFC, 0xFF, 0xFF, 0xF3, 0xF0, 0xFC, 0x3F, 0x0F, 0xC3, 0xF0,
  0xFC, 0x3F, 0x0F, 0xC3, 0xF0, 0xFC, 0x3F, 0x0F, 0xC3, 0xF0, 0xFC, 0x3F,
  0x0F, 0xC3, 0xF0, 0xFC, 0x7F, 0xBF, 0xF0, 0x07, 0xFF, 0x83, 0xFF, 0xC0,
  0x1F, 0x00, 0x0F, 0x80, 0x07, 0xC0, 0x03, 0xE0, 0x01, 0xF0, 0x00, 0xF8,
  0x00, 0x7C, 0x00, 0x3E, 0x00, 0x1F, 0x00, 0x0F, 0x80, 0x07, 0xC0, 0x03,
  0xE1, 0xE1, 0xF1, 0xF0, 0xF8, 0xF0, 0x7C, 0x78, 0x3E, 0x3C, 0x1E, 0x1E,
  0x1F, 0x07, 0x0F, 0x01, 0xFF, 0x00, 0xFF, 0xC3, 0xFD, 0xFF, 0x87, 0xF8,
  0xFC, 0x03, 0x81, 0xF8, 0x0E, 0x03, 0xF0, 0x38, 0x07, 0xE0, 0xE0, 0x0F,
  0xC3, 0x80, 0x1F, 0x8E, 0x00, 0x3F, 0x38, 0x00, 0x7E, 0xF8, 0x00, 0xFD,
  0xF8, 0x01, 0xFF, 0xF0, 0x03, 0xF3, 0xF0, 0x07, 0xE3, 0xF0, 0x0F, 0xC7,
  0xE0, 0x1F, 0x87, 0xE0, 0x3F, 0x07, 0xE0, 0x7E, 0x0F, 0xC0, 0xFC, 0x0F,
  0xC1, 0xF8, 0x1F, 0xC7, 0xF8, 0x1F, 0xDF, 0xF8, 0x1F, 0xC0, 0xFF, 0xE0,
  0x1F, 0xFC, 0x00, 0xFC, 0x00, 0x1F, 0x80, 0x03, 0xF0, 0x00, 0x7E, 0x00,
  0x0F, 0xC0, 0x01, 0xF8, 0x00, 0x3F, 0x00, 0x07, 0xE0, 0x00, 0xFC, 0x00,
  0x1F, 0x80, 0x03, 0xF0, 0x00, 0x7E, 0x00, 0x0F, 0xC0, 0x01, 0xF8, 0x03,
  0x3F, 0x00, 0xE7, 0xE0, 0x1C, 0xFC, 0x07, 0x9F, 0x80, 0xE7, 0xFF, 0xFD,
  0xFF, 0xFF, 0x80, 0xFF, 0xC0, 0x07, 0xFF, 0xFF, 0x80, 0x3F, 0xF1, 0xFE,
  0x00, 0xFE, 0x06, 0xF8, 0x02, 0xF8, 0x1B, 0xF0, 0x1B, 0xE0, 0x67, 0xC0,
  0x4F, 0x81, 0x9F, 0x83, 0x3E, 0x06, 0x7E, 0x0C, 0xF8, 0x18, 0xF8, 0x23,
  0xE0, 0x63, 0xF1, 0x8F, 0x81, 0x87, 0xC6, 0x3E, 0x06, 0x1F, 0x10, 0xF8,
  0x18, 0x7E, 0xC3, 0xE0, 0x60, 0xFA, 0x0F, 0x81, 0x83, 0xF8, 0x3E, 0x06,
  0x07, 0xE0, 0xF8, 0x18, 0x1F, 0x03, 0xE0, 0x60, 0x3C, 0x0F, 0x81, 0x80,
  0xF0, 0x3E, 0x06, 0x03, 0x80, 0xF8, 0x3C, 0x06, 0x07, 0xFB, 0xFC, 0x10,
  0x7F, 0xF0, 0xFF, 0x00, 0x7F, 0xFF, 0xC0, 0x3F, 0xCF, 0xE0, 0x03, 0x03,
  0xF8, 0x01, 0x81, 0xFE, 0x00, 0xC0, 0xFF, 0x80, 0x60, 0x6F, 0xE0, 0x30,
  0x33, 0xF8, 0x18, 0x18, 0xFE, 0x0C, 0x0C, 0x3F, 0x06, 0x06, 0x0F, 0xC3,
  0x03, 0x03, 0xF1, 0x81, 0x81, 0xFC, 0xC0, 0xC0, 0x7F, 0x60, 0x60, 0x1F,
  0xF0, 0x30, 0x07, 0xF8, 0x18, 0x01, 0xFC, 0x0C, 0x00, 0x7E, 0x06, 0x00,
  0x3F, 0x03, 0x00, 0x0F, 0x87, 0xE0, 0x03, 0xC7, 0xFC, 0x00, 0xE0, 0x00,
  0xFF, 0x00, 0x0F, 0x8F, 0x80, 0x3E, 0x07, 0xC0, 0xF8, 0x07, 0xC3, 0xE0,
  0x0F, 0x87, 0xC0, 0x0F, 0x9F, 0x80, 0x1F, 0x3F, 0x00, 0x3F, 0x7C, 0x00,
  0x7E, 0xF8, 0x00, 0xFF, 0xF0, 0x01, 0xFF, 0xE0, 0x03, 0xF7, 0xC0, 0x07,
  0xEF, 0x80, 0x0F, 0xDF, 0x80, 0x1F, 0xBF, 0x00, 0x3E, 0x3E, 0x00, 0x7C,
  0x7C, 0x01, 0xF0, 0x7C, 0x03, 0xE0, 0x78, 0x0F, 0x80, 0x7C, 0x3E, 0x00,
  0x3F, 0xF0, 0x00, 0xFF, 0xFC, 0x1F, 0xFF, 0xF0, 0xF8, 0x3F, 0x1F, 0x03,
  0xE3, 0xE0, 0x7E, 0x7C, 0x0F, 0xCF, 0x81, 0xF9, 0xF0, 0x3F, 0x3E, 0x07,
  0xE7, 0xC0, 0xFC, 0xF8, 0x1F, 0x1F, 0x0F, 0xC3, 0xFF, 0xF0, 0x7F, 0x80,
  0x0F, 0x80, 0x01, 0xF0, 0x00, 0x3E, 0x00, 0x07, 0xC0, 0x00, 0xF8, 0x00,
  0x1F, 0x00, 0x07, 0xFC, 0x01, 0xFF, 0xE0, 0x00, 0x00, 0xFF, 0x00, 0x0F,
  0x8F, 0x80, 0x3E, 0x07, 0xC0, 0xF8, 0x07, 0xC3, 0xE0, 0x0F, 0x87, 0xC0,
  0x0F, 0x9F, 0x80, 0x1F, 0x3F, 0x00, 0x3F, 0x7C, 0x00, 0x7E, 0xF8, 0x00,
  0xFF, 0xF0, 0x01, 0xFF, 0xE0, 0x03, 0xF7, 0xC0, 0x07, 0xEF, 0x80, 0x0F,
  0xDF, 0x80, 0x1F, 0xBF, 0x00, 0x3E, 0x3E, 0x00, 0x7C, 0x7C, 0x01, 0xF0,
  0x7C, 0x03, 0xE0, 0x78, 0x0F, 0x80, 0x7C, 0x3E, 0x00, 0x3F, 0xF0, 0x00,
  0x1F, 0x80, 0x00, 0x1F, 0x00, 0x00, 0x3F, 0x00, 0x00, 0x3F, 0x00, 0x00,
  0x7F, 0x80, 0x00, 0x3F, 0xC0, 0xFF, 0xFC, 0x03, 0xFF, 0xFE, 0x03, 0xE0,
  0xFC, 0x0F, 0x81, 0xF0, 0x3E, 0x07, 0xE0, 0xF8, 0x0F, 0x83, 0xE0, 0x3E,
  0x0F, 0x80, 0xF8, 0x3E, 0x07, 0xC0, 0xF8, 0x1F, 0x03, 0xE0, 0xF8, 0x0F,
  0xFF, 0x80, 0x3E, 0x7E, 0x00, 0xF8, 0x7C, 0x03, 0xE0, 0xF8, 0x0F, 0x83,
  0xF0, 0x3E, 0x07, 0xC0, 0xF8, 0x1F, 0x03, 0xE0, 0x7E, 0x0F, 0x80, 0xFC,
  0x7F, 0x83, 0xFB, 0xFF, 0x07, 0xF0, 0x0F, 0xF6, 0x0F, 0x1F, 0x0E, 0x03,
  0x8F, 0x00, 0xC7, 0x80, 0x77, 0xC0, 0x19, 0xF0, 0x00, 0xFC, 0x00, 0x7F,
  0x80, 0x1F, 0xF0, 0x07, 0xFE, 0x01, 0xFF, 0x80, 0x3F, 0xE0, 0x07, 0xFB,
  0x00, 0xFF, 0x80, 0x3F, 0xC0, 0x0F, 0xF0, 0x07, 0xFC, 0x03, 0xDF, 0x01,
  0xEF, 0xC1, 0xE6, 0x7F, 0xC0, 0x7F, 0xFF, 0xFB, 0xFF, 0xFF, 0xD8, 0x3E,
  0x0E, 0xC1, 0xF0, 0x3C, 0x0F, 0x81, 0xE0, 0x7C, 0x0F, 0x03, 0xE0, 0x60,
  0x1F, 0x00, 0x00, 0xF8, 0x00, 0x07, 0xC0, 0x00, 0x3E, 0x00, 0x01, 0xF0,
  0x00, 0x0F, 0x80, 0x00, 0x7C, 0x00, 0x03, 0xE0, 0x00, 0x1F, 0x00, 0x00,
  0xF8, 0x00, 0x07, 0xC0, 0x00, 0x3E, 0x00, 0x01, 0xF0, 0x00, 0x1F, 0xE0,
  0x03, 0xFF, 0xC0, 0xFF, 0xC0, 0xFF, 0xFF, 0xE0, 0xFF, 0x1F, 0x00, 0x18,
  0x1F, 0x00, 0x18, 0x1F, 0x00, 0x18, 0x1F, 0x00, 0x18, 0x1F, 0x00, 0x18,
  0x1F, 0x00, 0x18, 0x1F, 0x00, 0x18, 0x1F, 0x00, 0x18, 0x1F, 0x00, 0x18,
  0x1F, 0x00, 0x18, 0x1F, 0x00, 0x18, 0x1F, 0x00, 0x18, 0x1F, 0x00, 0x18,
  0x1F, 0x00, 0x18, 0x1F, 0x00, 0x18, 0x1F, 0x00, 0x18, 0x0F, 0x80, 0x30,
  0x0F, 0x80, 0x60, 0x07, 0xC0, 0xE0, 0x01, 0xFF, 0x80, 0x7F, 0xE0, 0x3F,
  0xBF, 0xF8, 0x1F, 0xF1, 0xF8, 0x00, 0xE0, 0x3E, 0x00, 0x30, 0x0F, 0xC0,
  0x0C, 0x01, 0xF0, 0x06, 0x00, 0x7E, 0x01, 0x80, 0x0F, 0x80, 0x60, 0x03,
  0xE0, 0x30, 0x00, 0x7C, 0x0C, 0x00, 0x1F, 0x06, 0x00, 0x07, 0xE1, 0x80,
  0x00, 0xF8, 0x40, 0x00, 0x3F, 0x30, 0x00, 0x07, 0xCC, 0x00, 0x01, 0xF6,
  0x00, 0x00, 0x3F, 0x80, 0x00, 0x0F, 0xC0, 0x00, 0x01, 0xF0, 0x00, 0x00,
  0x7C, 0x00, 0x00, 0x0E, 0x00, 0x00, 0x03, 0x80, 0x00, 0x7F, 0xE0, 0x00,
  0x07, 0xFF, 0xFF, 0x01, 0xE0, 0x7F, 0xC7, 0xE0, 0x0F, 0x00, 0x30, 0x3F,
  0x00, 0x78, 0x03, 0x00, 0xF8, 0x07, 0xE0, 0x18, 0x07, 0xE0, 0x3F, 0x00,
  0xC0, 0x1F, 0x01, 0xFC, 0x0C, 0x00, 0xF8, 0x1F, 0xE0, 0x60, 0x07, 0xE0,
  0xDF, 0x03, 0x00, 0x1F, 0x04, 0xFC, 0x30, 0x00, 0xFC, 0x63, 0xE1, 0x80,
  0x03, 0xE3, 0x1F, 0x98, 0x00, 0x1F, 0x10, 0xFC, 0xC0, 0x00, 0x7D, 0x83,
  0xE6, 0x00, 0x03, 0xEC, 0x1F, 0xE0, 0x00, 0x1F, 0xC0, 0x7F, 0x00, 0x00,
  0x7E, 0x03, 0xF8, 0x00, 0x03, 0xF0, 0x0F, 0x80, 0x00, 0x0F, 0x00, 0x7C,
  0x00, 0x00, 0x78, 0x03, 0xC0, 0x00, 0x03, 0xC0, 0x0E, 0x00, 0x00, 0x0C,
  0x00, 0x70, 0x00, 0xFF, 0xF0, 0xFF, 0x7F, 0xF8, 0x7F, 0x87, 0xE0, 0x0E,
  0x01, 0xF8, 0x06, 0x00, 0x7E, 0x06, 0x00, 0x1F, 0x06, 0x00, 0x0F, 0xC7,
  0x00, 0x03, 0xF3, 0x00, 0x00, 0xFF, 0x00, 0x00, 0x7F, 0x00, 0x00, 0x1F,
  0x80, 0x00, 0x07, 0xE0, 0x00, 0x03, 0xF8, 0x00, 0x03, 0xFC, 0x00, 0x03,
  0x3F, 0x00, 0x03, 0x0F, 0xC0, 0x03, 0x83, 0xF0, 0x01, 0x81, 0xF8, 0x01,
  0x80, 0x7E, 0x01, 0x80, 0x1F, 0x83, 0xE0, 0x0F, 0xE3, 0xFC, 0x3F, 0xFC,
  0xFF, 0xF0, 0x7F, 0x7F, 0xF0, 0x3F, 0x1F, 0x80, 0x0C, 0x0F, 0xC0, 0x18,
  0x0F, 0xC0, 0x18, 0x07, 0xE0, 0x30, 0x03, 0xE0, 0x30, 0x03, 0xF0, 0x60,
  0x01, 0xF8, 0xC0, 0x00, 0xF8, 0xC0, 0x00, 0xFD, 0x80, 0x00, 0x7D, 0x80,
  0x00, 0x7F, 0x00, 0x00, 0x3F, 0x00, 0x00, 0x3E, 0x00, 0x00, 0x3E, 0x00,
  0x00, 0x3E, 0x00, 0x00, 0x3E, 0x00, 0x00, 0x3E, 0x00, 0x00, 0x3E, 0x00,
  0x00, 0x7F, 0x00, 0x01, 0xFF, 0xE0, 0x3F, 0xFF, 0xE7, 0xFF, 0xFC, 0xE0,
  0x3F, 0x98, 0x07, 0xE3, 0x01, 0xF8, 0x40, 0x7F, 0x18, 0x0F, 0xC0, 0x03,
  0xF0, 0x00, 0xFE, 0x00, 0x1F, 0x80, 0x07, 0xE0, 0x01, 0xFC, 0x00, 0x3F,
  0x00, 0x0F, 0xC0, 0x03, 0xF8, 0x00, 0x7E, 0x01, 0x1F, 0x80, 0x67, 0xF0,
  0x0C, 0xFC, 0x03, 0xBF, 0x00, 0x7F, 0xC0, 0x3F, 0xFF, 0xFF, 0xC0, 0x00,
  0xFF, 0xFE, 0x1F, 0x0F, 0x87, 0xC3, 0xE1, 0xF0, 0xF8, 0x7C, 0x3E, 0x1F,
  0x0F, 0x87, 0xC3, 0xE1, 0xF0, 0xF8, 0x7C, 0x3E, 0x1F, 0x0F, 0x87, 0xC3,
  0xE1, 0xF0, 0xF8, 0x7C, 0x3E, 0x1F, 0xFF, 0xF8, 0xE0, 0x06, 0x00, 0x70,
  0x07, 0x00, 0x30, 0x03, 0x00, 0x38, 0x01, 0x80, 0x18, 0x01, 0x80, 0x1C,
  0x00, 0xC0, 0x0C, 0x00, 0xE0, 0x06, 0x00, 0x60, 0x06, 0x00, 0x70, 0x03,
  0x00, 0x30, 0x03, 0x80, 0x38, 0x01, 0x80, 0x18, 0x01, 0xC0, 0x0C, 0x00,
  0xC0, 0x0E, 0x00, 0xE0, 0x06, 0x00, 0x70, 0xFF, 0xFF, 0xC3, 0xE1, 0xF0,
  0xF8, 0x7C, 0x3E, 0x1F, 0x0F, 0x87, 0xC3, 0xE1, 0xF0, 0xF8, 0x7C, 0x3E,
  0x1F, 0x0F, 0x87, 0xC3, 0xE1, 0xF0, 0xF8, 0x7C, 0x3E, 0x1F, 0x0F, 0x87,
  0xC3, 0xFF, 0xFF, 0xF8, 0x01, 0x80, 0x01, 0x80, 0x03, 0xC0, 0x03, 0xC0,
  0x07, 0xE0, 0x07, 0xE0, 0x0E, 0x70, 0x0E, 0x70, 0x0E, 0x70, 0x1C, 0x38,
  0x1C, 0x38, 0x38, 0x1C, 0x38, 0x1C, 0x78, 0x1E, 0x70, 0x0E, 0x70, 0x0E,
  0xE0, 0x07, 0xFF, 0xFF, 0xFF, 0xFF, 0xFF, 0xF0, 0x70, 0xF0, 0x78, 0x3C,
  0x1E, 0x07, 0x02, 0x00, 0x80, 0x0F, 0xFC, 0x0F, 0x0F, 0x0F, 0x07, 0xC7,
  0x83, 0xE1, 0x81, 0xF0, 0x00, 0xF8, 0x07, 0xFC, 0x1F, 0x3E, 0x1F, 0x1F,
  0x1F, 0x0F, 0x8F, 0x87, 0xCF, 0xC3, 0xE3, 0xE1, 0xF1, 0xFF, 0xFE, 0x7F,
  0x3F, 0x7E, 0x00, 0x1F, 0xC0, 0x00, 0xF8, 0x00, 0x1F, 0x00, 0x03, 0xE0,
  0x00, 0x7C, 0x00, 0x0F, 0x80, 0x01, 0xF0, 0x00, 0x3E, 0x18, 0x07, 0xDF,
  0xE0, 0xFF, 0xFE, 0x1F, 0x87, 0xE3, 0xE0, 0x7C, 0x7C, 0x0F, 0x8F, 0x80,
  0xF9, 0xF0, 0x1F, 0x3E, 0x03, 0xE7, 0xC0, 0x7C, 0xF8, 0x0F, 0x9F, 0x03,
  0xE3, 0xE0, 0x7C, 0x7C, 0x0F, 0x0F, 0xC7, 0xC1, 0xFF, 0xF0, 0x00, 0xC0,
  0x1F, 0xF0, 0x78, 0xF1, 0xE1, 0xF7, 0xC1, 0xEF, 0x83, 0xFE, 0x03, 0x7C,
  0x00, 0xF8, 0x01, 0xF0, 0x03, 0xF0, 0x07, 0xE0, 0x07, 0xC0, 0x0F, 0xC1,
  0xCF, 0xFF, 0x07, 0xF8, 0x00, 0x7F, 0x80, 0x0F, 0xF0, 0x00, 0x3E, 0x00,
  0x07, 0xC0, 0x00, 0xF8, 0x00, 0x1F, 0x00, 0x03, 0xE0, 0x00, 0x7C, 0x00,
  0x8F, 0x81, 0xFF, 0xF0, 0x7C, 0x7E, 0x1F, 0x07, 0xC7, 0xC0, 0xF8, 0xF8,
  0x1F, 0x1F, 0x03, 0xE7, 0xE0, 0x7C, 0xFC, 0x0F, 0x9F, 0x81, 0xF1, 0xF0,
  0x3E, 0x3E, 0x07, 0xC7, 0xC0, 0xF8, 0x7C, 0x1F, 0x0F, 0xFF, 0xF0, 0x7F,
  0x7F, 0x00, 0x80, 0x0F, 0xF8, 0x1E, 0x3C, 0x3C, 0x3E, 0x7C, 0x1E, 0xF8,
  0x1F, 0xF8, 0x1F, 0xFF, 0xFF, 0xF8, 0x00, 0xF8, 0x00, 0xF8, 0x00, 0xFC,
  0x00, 0x7C, 0x00, 0x7E, 0x06, 0x3F, 0xFC, 0x0F, 0xF8, 0x01, 0xE0, 0x3F,
  0x83, 0xDE, 0x3E, 0x61, 0xE2, 0x0F, 0x00, 0xF8, 0x07, 0xC0, 0x3E, 0x07,
  0xFF, 0x0F, 0x80, 0x7C, 0x03, 0xE0, 0x1F, 0x00, 0xF8, 0x07, 0xC0, 0x3E,
  0x01, 0xF0, 0x0F, 0x80, 0x7C, 0x03, 0xE0, 0x1F, 0x00, 0xFC, 0x1F, 0xF8,
  0x01, 0x02, 0x0F, 0xFF, 0xDF, 0x1E, 0xEF, 0x0F, 0x37, 0x87, 0xCF, 0xC3,
  0xE1, 0xE1, 0xF0, 0xF0, 0xF0, 0x7C, 0x78, 0x0F, 0xF8, 0x0C, 0xE0, 0x0E,
  0x00, 0x07, 0x00, 0x07, 0xFF, 0xE1, 0xFF, 0xF8, 0x7F, 0xFE, 0x77, 0xFF,
  0x78, 0x07, 0xBC, 0x03, 0xDE, 0x01, 0xEF, 0x01, 0xE3, 0xE1, 0xE0, 0xFF,
  0xC0, 0x7F, 0x00, 0x07, 0xF8, 0x00, 0x07, 0xC0, 0x00, 0x3E, 0x00, 0x01,
  0xF0, 0x00, 0x0F, 0x80, 0x00, 0x7C, 0x00, 0x03, 0xE0, 0x00, 0x1F, 0x02,
  0x00, 0xF9, 0xFC, 0x07, 0xFF, 0xF0, 0x3F, 0x8F, 0x81, 0xF0, 0x3E, 0x0F,
  0x81, 0xF0, 0x7C, 0x0F, 0x83, 0xE0, 0x7C, 0x1F, 0x03, 0xE0, 0xF8, 0x1F,
  0x07, 0xC0, 0xF8, 0x3E, 0x07, 0xC1, 0xF0, 0x3E, 0x0F, 0x81, 0xF0, 0xFC,
  0x1F, 0x8F, 0xF9, 0xFF, 0x1E, 0x0F, 0xC3, 0xF0, 0xFC, 0x1E, 0x00, 0x00,
  0x00, 0x00, 0xFE, 0x1F, 0x83, 0xE0, 0xF8, 0x3E, 0x0F, 0x83, 0xE0, 0xF8,
  0x3E, 0x0F, 0x83, 0xE0, 0xF8, 0x3E, 0x0F, 0xCF, 0xFC, 0x03, 0xC0, 0xFC,
  0x1F, 0x83, 0xF0, 0x3C, 0x00, 0x00, 0x00, 0x00, 0x0F, 0xE0, 0xFC, 0x0F,
  0x80, 0xF0, 0x1E, 0x03, 0xC0, 0x78, 0x0F, 0x01, 0xE0, 0x3C, 0x07, 0x80,
  0xF0, 0x1E, 0x03, 0xC0, 0x78, 0x0F, 0x03, 0xEC, 0x7F, 0xCF, 0xFD, 0xE7,
  0xF8, 0x3C, 0x00, 0x7E, 0x00, 0x0F, 0xE0, 0x00, 0x3E, 0x00, 0x01, 0xE0,
  0x00, 0x1E, 0x00, 0x01, 0xE0, 0x00, 0x1E, 0x00, 0x01, 0xE0, 0x00, 0x1E,
  0x00, 0x01, 0xE1, 0xFE, 0x1E, 0x07, 0x81, 0xE0, 0x60, 0x1E, 0x0C, 0x01,
  0xE1, 0x80, 0x1E, 0x38, 0x01, 0xE7, 0xC0, 0x1E, 0xFC, 0x01, 0xFB, 0xE0,
  0x1F, 0x3E, 0x01, 0xE1, 0xF0, 0x1E, 0x1F, 0x81, 0xF1, 0xF8, 0x3F, 0x0F,
  0xC7, 0xFC, 0x7F, 0x7F, 0x3F, 0xC1, 0xF0, 0x7C, 0x1F, 0x07, 0xC1, 0xF0,
  0x7C, 0x1F, 0x07, 0xC1, 0xF0, 0x7C, 0x1F, 0x07, 0xC1, 0xF0, 0x7C, 0x1F,
  0x07, 0xC1, 0xF0, 0x7C, 0x1F, 0x07, 0xC1, 0xF1, 0xFF, 0x00, 0x04, 0x01,
  0x81, 0xFC, 0xFF, 0x1F, 0xC1, 0xFB, 0xFE, 0xFF, 0xC1, 0xFC, 0x3F, 0x0F,
  0x83, 0xE0, 0x7C, 0x1F, 0x07, 0xC0, 0xF8, 0x3E, 0x0F, 0x81, 0xF0, 0x7C,
  0x1F, 0x03, 0xE0, 0xF8, 0x3E, 0x07, 0xC1, 0xF0, 0x7C, 0x0F, 0x83, 0xE0,
  0xF8, 0x1F, 0x07, 0xC1, 0xF0, 0x3E, 0x0F, 0x83, 0xE0, 0x7C, 0x1F, 0x07,
  0xC0, 0xF8, 0x3E, 0x0F, 0xC3, 0xF0, 0x7E, 0x7F, 0xCF, 0xFB, 0xFF, 0x00,
  0x0C, 0x0F, 0xE7, 0xF8, 0x7E, 0xFF, 0x83, 0xF8, 0x7C, 0x3E, 0x07, 0xC3,
  0xE0, 0x7C, 0x3E, 0x07, 0xC3, 0xE0, 0x7C, 0x3E, 0x07, 0xC3, 0xE0, 0x7C,
  0x3E, 0x07, 0xC3, 0xE0, 0x7C, 0x3E, 0x07, 0xC3, 0xE0, 0x7C, 0x3F, 0x0F,
  0xEF, 0xF9, 0xFF, 0x00, 0xC0, 0x03, 0xFF, 0x01, 0xE1, 0xE0, 0xF0, 0x3C,
  0x7C, 0x0F, 0x9F, 0x03, 0xEF, 0xC0, 0xFF, 0xF0, 0x3F, 0xFC, 0x0F, 0xFF,
  0x03, 0xFF, 0xC0, 0xFD, 0xF0, 0x3E, 0x7C, 0x0F, 0x8F, 0x03, 0xC1, 0xE1,
  0xE0, 0x3F, 0xF0, 0x00, 0x08, 0x1F, 0xEF, 0xE0, 0xFF, 0xFE, 0x0F, 0x83,
  0xE1, 0xF0, 0x7E, 0x3E, 0x07, 0xC7, 0xC0, 0xF8, 0xF8, 0x1F, 0x1F, 0x03,
  0xE3, 0xE0, 0x7C, 0x7C, 0x0F, 0x8F, 0x81, 0xF1, 0xF0, 0x3C, 0x3E, 0x0F,
  0x87, 0xE3, 0xE0, 0xFF, 0xF8, 0x1F, 0x00, 0x03, 0xE0, 0x00, 0x7C, 0x00,
  0x0F, 0x80, 0x01, 0xF0, 0x01, 0xFF, 0xC0, 0x1F, 0xF0, 0x00, 0x01, 0x01,
  0x03, 0xFE, 0x60, 0xF8, 0xFC, 0x3E, 0x0F, 0x8F, 0x81, 0xF1, 0xF0, 0x3E,
  0x3E, 0x07, 0xC7, 0xC0, 0xF8, 0xF8, 0x1F, 0x1F, 0x03, 0xE3, 0xE0, 0x7C,
  0x7C, 0x0F, 0x8F, 0x81, 0xF0, 0xF8, 0x3E, 0x0F, 0xFF, 0xC0, 0xFE, 0xF8,
  0x00, 0x1F, 0x00, 0x03, 0xE0, 0x00, 0x7C, 0x00, 0x0F, 0x80, 0x01, 0xF0,
  0x00, 0xFF, 0x00, 0x3F, 0xF8, 0x00, 0x09, 0xFC, 0xFD, 0xFB, 0xF9, 0xFE,
  0xF3, 0xF1, 0xE7, 0xE1, 0x8F, 0x80, 0x1F, 0x00, 0x3E, 0x00, 0x7C, 0x00,
  0xF8, 0x01, 0xF0, 0x03, 0xE0, 0x07, 0xC0, 0x0F, 0xC0, 0x7F, 0xE0, 0x01,
  0x08, 0x7F, 0xE3, 0x83, 0x9E, 0x06, 0x78, 0x19, 0xF0, 0x27, 0xF8, 0x1F,
  0xF8, 0x3F, 0xF8, 0x3F, 0xF4, 0x3F, 0xF0, 0x3F, 0xE0, 0x7F, 0x81, 0xFF,
  0x07, 0xB7, 0xFC, 0x0E, 0x01, 0xC0, 0x38, 0x0F, 0x03, 0xE1, 0xFF, 0x8F,
  0x81, 0xF0, 0x3E, 0x07, 0xC0, 0xF8, 0x1F, 0x03, 0xE0, 0x7C, 0x0F, 0x81,
  0xF0, 0x3E, 0x07, 0xC0, 0xFF, 0x8F, 0xE0, 0xFE, 0x3F, 0x87, 0xC1, 0xF0,
  0xF8, 0x3E, 0x1F, 0x07, 0xC3, 0xE0, 0xF8, 0x7C, 0x1F, 0x0F, 0x83, 0xE1,
  0xF0, 0x7C, 0x3E, 0x0F, 0x87, 0xC1, 0xF0, 0xF8, 0x3E, 0x1F, 0x07, 0xC3,
  0xE1, 0xF8, 0x7F, 0xEF, 0xC7, 0xF9, 0xF8, 0xFF, 0xC7, 0xF3, 0xF0, 0x1C,
  0x1F, 0x01, 0x81, 0xF0, 0x18, 0x0F, 0x83, 0x00, 0xF8, 0x30, 0x07, 0xC3,
  0x00, 0x7C, 0x60, 0x03, 0xE6, 0x00, 0x3E, 0xC0, 0x03, 0xFC, 0x00, 0x1F,
  0x80, 0x01, 0xF8, 0x00, 0x0F, 0x00, 0x00, 0xF0, 0x00, 0xFF, 0xC3, 0xC3,
  0xF9, 0xF8, 0x1E, 0x07, 0x07, 0xC1, 0xF0, 0x30, 0x3F, 0x0F, 0xC1, 0x80,
  0xF8, 0x7E, 0x18, 0x07, 0xC6, 0xF8, 0xC0, 0x3F, 0x37, 0xC6, 0x00, 0xF9,
  0xBE, 0x60, 0x07, 0xD8, 0xFB, 0x00, 0x1F, 0xC7, 0xD0, 0x00, 0xFE, 0x1F,
  0x80, 0x07, 0xE0, 0xFC, 0x00, 0x1F, 0x07, 0xC0, 0x00, 0xF8, 0x1E, 0x00,
  0x03, 0x80, 0xF0, 0x00, 0xFF, 0x8F, 0xCF, 0xC0, 0xC1, 0xF8, 0x60, 0x7E,
  0x38, 0x0F, 0xCC, 0x01, 0xFE, 0x00, 0x3F, 0x00, 0x07, 0xC0, 0x03, 0xF8,
  0x01, 0xBF, 0x00, 0x67, 0xE0, 0x31, 0xFC, 0x18, 0x3F, 0x0E, 0x07, 0xEF,
  0xE7, 0xFC, 0xFF, 0x8F, 0xDF, 0x80, 0xC3, 0xE0, 0x70, 0x7C, 0x18, 0x1F,
  0x06, 0x07, 0xE3, 0x00, 0xF8, 0xC0, 0x3E, 0x30, 0x07, 0xD8, 0x01, 0xF6,
  0x00, 0x3F, 0x00, 0x0F, 0xC0, 0x01, 0xF0, 0x00, 0x78, 0x00, 0x0E, 0x00,
  0x03, 0x00, 0x00, 0xC0, 0x08, 0x60, 0x07, 0x38, 0x01, 0xFC, 0x00, 0x7E,
  0x00, 0x07, 0x00, 0x00, 0x7F, 0xFE, 0xE0, 0xFB, 0x83, 0xF6, 0x0F, 0xCC,
  0x3F, 0x10, 0x7C, 0x01, 0xF8, 0x07, 0xE0, 0x1F, 0x80, 0x3E, 0x08, 0xFC,
  0x33, 0xF0, 0x6F, 0xC1, 0xDF, 0x07, 0xBF, 0xFF, 0x00, 0x00, 0x38, 0x1F,
  0xC1, 0xF0, 0x1F, 0x00, 0xF8, 0x07, 0xC0, 0x3E, 0x01, 0xF0, 0x0F, 0x80,
  0x7C, 0x03, 0xE0, 0x1F, 0x01, 0xF0, 0x1F, 0x03, 0xC0, 0x1F, 0x80, 0x1F,
  0x00, 0xF8, 0x03, 0xE0, 0x1F, 0x00, 0xF8, 0x07, 0xC0, 0x3E, 0x01, 0xF0,
  0x0F, 0x80, 0x7C, 0x03, 0xE0, 0x0F, 0xF0, 0x1F, 0x80, 0xFF, 0xFF, 0xFF,
  0xFF, 0xFF, 0xFF, 0xFF, 0xC0, 0xE0, 0x07, 0xF0, 0x07, 0xC0, 0x1F, 0x00,
  0xF8, 0x07, 0xC0, 0x3E, 0x01, 0xF0, 0x0F, 0x80, 0x7C, 0x03, 0xE0, 0x1F,
  0x00, 0x78, 0x01, 0xF0, 0x03, 0xE0, 0x3F, 0x07, 0xC0, 0x7C, 0x03, 0xE0,
  0x1F, 0x00, 0xF8, 0x07, 0xC0, 0x3E, 0x01, 0xF0, 0x0F, 0x80, 0x7C, 0x07,
  0xC1, 0xFC, 0x0F, 0xC0, 0x00, 0x3E, 0x05, 0xFE, 0x3E, 0x7F, 0xA0, 0x7C,
  0x00, 0x20, 0x00, 0xFF, 0xFF, 0xFF, 0xFF, 0xFF, 0xFF, 0xC0, 0x00, 0x03,
  0xC0, 0x00, 0x03, 0xC0, 0x00, 0x03, 0xC2, 0x00, 0x43, 0xC7, 0x00, 0xE3,
  0xC3, 0x01, 0xC3, 0xC1, 0x83, 0x83, 0xC0, 0xC7, 0x03, 0xC0, 0x6E, 0x03,
  0xC0, 0x3C, 0x03, 0xC0, 0x38, 0x03, 0xC0, 0x7C, 0x03, 0xC0, 0xE6, 0x03,
  0xC1, 0xC3, 0x03, 0xC3, 0x81, 0x83, 0xC7, 0x00, 0xE3, 0xC2, 0x00, 0x43,
  0xC0, 0x00, 0x03, 0xC0, 0x00, 0x03, 0xC0, 0x00, 0x03, 0xC0, 0x00, 0x03,
  0xFF, 0xFF, 0xFF, 0xFF, 0xFF, 0xFF, 0xFF, 0xFF, 0xFF, 0xC0, 0x00, 0x03,
  0xC0, 0x00, 0x03, 0xC0, 0x00, 0x03, 0xC2, 0x00, 0x43, 0xC7, 0x00, 0xE3,
  0xC3, 0x01, 0xC3, 0xC1, 0x83, 0x83, 0xC0, 0xC7, 0x03, 0xC0, 0x6E, 0x03,
  0xC0, 0x3C, 0x03, 0xC0, 0x38, 0x03, 0xC0, 0x7C, 0x03, 0xC0, 0xE6, 0x03,
  0xC1, 0xC3, 0x03, 0xC3, 0x81, 0x83, 0xC7, 0x00, 0xE3, 0xC2, 0x00, 0x43,
  0xC0, 0x00, 0x03, 0xC0, 0x00, 0x03, 0xC0, 0x00, 0x03, 0xC0, 0x00, 0x03,
  0xFF, 0xFF, 0xFF, 0xFF, 0xFF, 0xFF, 0xFF, 0xFF, 0xFF, 0xC0, 0x00, 0x03,
  0xC0, 0x00, 0x03, 0xC0, 0x00, 0x03, 0xC2, 0x00, 0x43, 0xC7, 0x00, 0xE3,
  0xC3, 0x01, 0xC3, 0xC1, 0x83, 0x83, 0xC0, 0xC7, 0x03, 0xC0, 0x6E, 0x03,
  0xC0, 0x3C, 0x03, 0xC0, 0x38, 0x03, 0xC0, 0x7C, 0x03, 0xC0, 0xE6, 0x03,
  0xC1, 0xC3, 0x03, 0xC3, 0x81, 0x83, 0xC7, 0x00, 0xE3, 0xC2, 0x00, 0x43,
  0xC0, 0x00, 0x03, 0xC0, 0x00, 0x03, 0xC0, 0x00, 0x03, 0xC0, 0x00, 0x03,
  0xFF, 0xFF, 0xFF, 0xFF, 0xFF, 0xFF, 0xFF, 0xFF, 0xFF, 0xC0, 0x00, 0x03,
  0xC0, 0x00, 0x03, 0xC0, 0x00, 0x03, 0xC2, 0x00, 0x43, 0xC7, 0x00, 0xE3,
  0xC3, 0x01, 0xC3, 0xC1, 0x83, 0x83, 0xC0, 0xC7, 0x03, 0xC0, 0x6E, 0x03,
  0xC0, 0x3C, 0x03, 0xC0, 0x38, 0x03, 0xC0, 0x7C, 0x03, 0xC0, 0xE6, 0x03,
  0xC1, 0xC3, 0x03, 0xC3, 0x81, 0x83, 0xC7, 0x00, 0xE3, 0xC2, 0x00, 0x43,
  0xC0, 0x00, 0x03, 0xC0, 0x00, 0x03, 0xC0, 0x00, 0x03, 0xC0, 0x00, 0x03,
  0xFF, 0xFF, 0xFF, 0xFF, 0xFF, 0xFF, 0xFF, 0xFF, 0xFF, 0xC0, 0x00, 0x03,
  0xC0, 0x00, 0x03, 0xC0, 0x00, 0x03, 0xC2, 0x00, 0x43, 0xC7, 0x00, 0xE3,
  0xC3, 0x01, 0xC3, 0xC1, 0x83, 0x83, 0xC0, 0xC7, 0x03, 0xC0, 0x6E, 0x03,
  0xC0, 0x3C, 0x03, 0xC0, 0x38, 0x03, 0xC0, 0x7C, 0x03, 0xC0, 0xE6, 0x03,
  0xC1, 0xC3, 0x03, 0xC3, 0x81, 0x83, 0xC7, 0x00, 0xE3, 0xC2, 0x00, 0x43,
  0xC0, 0x00, 0x03, 0xC0, 0x00, 0x03, 0xC0, 0x00, 0x03, 0xC0, 0x00, 0x03,
  0xFF, 0xFF, 0xFF, 0xFF, 0xFF, 0xFF, 0xFF, 0xFF, 0xFF, 0xC0, 0x00, 0x03,
  0xC0, 0x00, 0x03, 0xC0, 0x00, 0x03, 0xC2, 0x00, 0x43, 0xC7, 0x00, 0xE3,
  0xC3, 0x01, 0xC3, 0xC1, 0x83, 0x83, 0xC0, 0xC7, 0x03, 0xC0, 0x6E, 0x03,
  0xC0, 0x3C, 0x03, 0xC0, 0x38, 0x03, 0xC0, 0x7C, 0x03, 0xC0, 0xE6, 0x03,
  0xC1, 0xC3, 0x03, 0xC3, 0x81, 0x83, 0xC7, 0x00, 0xE3, 0xC2, 0x00, 0x43,
  0xC0, 0x00, 0x03, 0xC0, 0x00, 0x03, 0xC0, 0x00, 0x03, 0xC0, 0x00, 0x03,
  0xFF, 0xFF, 0xFF, 0xFF, 0xFF, 0xFF, 0xFF, 0xFF, 0xFF, 0xC0, 0x00, 0x03,
  0xC0, 0x00, 0x03, 0xC0, 0x00, 0x03, 0xC2, 0x00, 0x43, 0xC7, 0x00, 0xE3,
  0xC3, 0x01, 0xC3, 0xC1, 0x83, 0x83, 0xC0, 0xC7, 0x03, 0xC0, 0x6E, 0x03,
  0xC0, 0x3C, 0x03, 0xC0, 0x38, 0x03, 0xC0, 0x7C, 0x03, 0xC0, 0xE6, 0x03,
  0xC1, 0xC3, 0x03, 0xC3, 0x81, 0x83, 0xC7, 0x00, 0xE3, 0xC2, 0x00, 0x43,
  0xC0, 0x00, 0x03, 0xC0, 0x00, 0x03, 0xC0, 0x00, 0x03, 0xC0, 0x00, 0x03,
  0xFF, 0xFF, 0xFF, 0xFF, 0xFF, 0xFF, 0xFF, 0xFF, 0xFF, 0xC0, 0x00, 0x03,
  0xC0, 0x00, 0x03, 0xC0, 0x00, 0x03, 0xC2, 0x00, 0x43, 0xC7, 0x00, 0xE3,
  0xC3, 0x01, 0xC3, 0xC1, 0x83, 0x83, 0xC0, 0xC7, 0x03, 0xC0, 0x6E, 0x03,
  0xC0, 0x3C, 0x03, 0xC0, 0x38, 0x03, 0xC0, 0x7C, 0x03, 0xC0, 0xE6, 0x03,
  0xC1, 0xC3, 0x03, 0xC3, 0x81, 0x83, 0xC7, 0x00, 0xE3, 0xC2, 0x00, 0x43,
  0xC0, 0x00, 0x03, 0xC0, 0x00, 0x03, 0xC0, 0x00, 0x03, 0xC0, 0x00, 0x03,
  0xFF, 0xFF, 0xFF, 0xFF, 0xFF, 0xFF, 0xFF, 0xFF, 0xFF, 0xC0, 0x00, 0x03,
  0xC0, 0x00, 0x03, 0xC0, 0x00, 0x03, 0xC2, 0x00, 0x43, 0xC7, 0x00, 0xE3,
  0xC3, 0x01, 0xC3, 0xC1, 0x83, 0x83, 0xC0, 0xC7, 0x03, 0xC0, 0x6E, 0x03,
  0xC0, 0x3C, 0x03, 0xC0, 0x38, 0x03, 0xC0, 0x7C, 0x03, 0xC0, 0xE6, 0x03,
  0xC1, 0xC3, 0x03, 0xC3, 0x81, 0x83, 0xC7, 0x00, 0xE3, 0xC2, 0x00, 0x43,
  0xC0, 0x00, 0x03, 0xC0, 0x00, 0x03, 0xC0, 0x00, 0x03, 0xC0, 0x00, 0x03,
  0xFF, 0xFF, 0xFF, 0xFF, 0xFF, 0xFF, 0xFF, 0xFF, 0xFF, 0xC0, 0x00, 0x03,
  0xC0, 0x00, 0x03, 0xC0, 0x00, 0x03, 0xC2, 0x00, 0x43, 0xC7, 0x00, 0xE3,
  0xC3, 0x01, 0xC3, 0xC1, 0x83, 0x83, 0xC0, 0xC7, 0x03, 0xC0, 0x6E, 0x03,
  0xC0, 0x3C, 0x03, 0xC0, 0x38, 0x03, 0xC0, 0x7C, 0x03, 0xC0, 0xE6, 0x03,
  0xC1, 0xC3, 0x03, 0xC3, 0x81, 0x83, 0xC7, 0x00, 0xE3, 0xC2, 0x00, 0x43,
  0xC0, 0x00, 0x03, 0xC0, 0x00, 0x03, 0xC0, 0x00, 0x03, 0xC0, 0x00, 0x03,
  0xFF, 0xFF, 0xFF, 0xFF, 0xFF, 0xFF, 0xFF, 0xFF, 0xFF, 0xC0, 0x00, 0x03,
  0xC0, 0x00, 0x03, 0xC0, 0x00, 0x03, 0xC2, 0x00, 0x43, 0xC7, 0x00, 0xE3,
  0xC3, 0x01, 0xC3, 0xC1, 0x83, 0x83, 0xC0, 0xC7, 0x03, 0xC0, 0x6E, 0x03,
  0xC0, 0x3C, 0x03, 0xC0, 0x38, 0x03, 0xC0, 0x7C, 0x03, 0xC0, 0xE6, 0x03,
  0xC1, 0xC3, 0x03, 0xC3, 0x81, 0x83, 0xC7, 0x00, 0xE3, 0xC2, 0x00, 0x43,
  0xC0, 0x00, 0x03, 0xC0, 0x00, 0x03, 0xC0, 0x00, 0x03, 0xC0, 0x00, 0x03,
  0xFF, 0xFF, 0xFF, 0xFF, 0xFF, 0xFF, 0xFF, 0xFF, 0xFF, 0xC0, 0x00, 0x03,
  0xC0, 0x00, 0x03, 0xC0, 0x00, 0x03, 0xC2, 0x00, 0x43, 0xC7, 0x00, 0xE3,
  0xC3, 0x01, 0xC3, 0xC1, 0x83, 0x83, 0xC0, 0xC7, 0x03, 0xC0, 0x6E, 0x03,
  0xC0, 0x3C, 0x03, 0xC0, 0x38, 0x03, 0xC0, 0x7C, 0x03, 0xC0, 0xE6, 0x03,
  0xC1, 0xC3, 0x03, 0xC3, 0x81, 0x83, 0xC7, 0x00, 0xE3, 0xC2, 0x00, 0x43,
  0xC0, 0x00, 0x03, 0xC0, 0x00, 0x03, 0xC0, 0x00, 0x03, 0xC0, 0x00, 0x03,
  0xFF, 0xFF, 0xFF, 0xFF, 0xFF, 0xFF, 0xFF, 0xFF, 0xFF, 0xC0, 0x00, 0x03,
  0xC0, 0x00, 0x03, 0xC0, 0x00, 0x03, 0xC2, 0x00, 0x43, 0xC7, 0x00, 0xE3,
  0xC3, 0x01, 0xC3, 0xC1, 0x83, 0x83, 0xC0, 0xC7, 0x03, 0xC0, 0x6E, 0x03,
  0xC0, 0x3C, 0x03, 0xC0, 0x38, 0x03, 0xC0, 0x7C, 0x03, 0xC0, 0xE6, 0x03,
  0xC1, 0xC3, 0x03, 0xC3, 0x81, 0x83, 0xC7, 0x00, 0xE3, 0xC2, 0x00, 0x43,
  0xC0, 0x00, 0x03, 0xC0, 0x00, 0x03, 0xC0, 0x00, 0x03, 0xC0, 0x00, 0x03,
  0xFF, 0xFF, 0xFF, 0xFF, 0xFF, 0xFF, 0xFF, 0xFF, 0xFF, 0xC0, 0x00, 0x03,
  0xC0, 0x00, 0x03, 0xC0, 0x00, 0x03, 0xC2, 0x00, 0x43, 0xC7, 0x00, 0xE3,
  0xC3, 0x01, 0xC3, 0xC1, 0x83, 0x83, 0xC0, 0xC7, 0x03, 0xC0, 0x6E, 0x03,
  0xC0, 0x3C, 0x03, 0xC0, 0x38, 0x03, 0xC0, 0x7C, 0x03, 0xC0, 0xE6, 0x03,
  0xC1, 0xC3, 0x03, 0xC3, 0x81, 0x83, 0xC7, 0x00, 0xE3, 0xC2, 0x00, 0x43,
  0xC0, 0x00, 0x03, 0xC0, 0x00, 0x03, 0xC0, 0x00, 0x03, 0xC0, 0x00, 0x03,
  0xFF, 0xFF, 0xFF, 0xFF, 0xFF, 0xFF, 0xFF, 0xFF, 0xFF, 0xC0, 0x00, 0x03,
  0xC0, 0x00, 0x03, 0xC0, 0x00, 0x03, 0xC2, 0x00, 0x43, 0xC7, 0x00, 0xE3,
  0xC3, 0x01, 0xC3, 0xC1, 0x83, 0x83, 0xC0, 0xC7, 0x03, 0xC0, 0x6E, 0x03,
  0xC0, 0x3C, 0x03, 0xC0, 0x38, 0x03, 0xC0, 0x7C, 0x03, 0xC0, 0xE6, 0x03,
  0xC1, 0xC3, 0x03, 0xC3, 0x81, 0x83, 0xC7, 0x00, 0xE3, 0xC2, 0x00, 0x43,
  0xC0, 0x00, 0x03, 0xC0, 0x00, 0x03, 0xC0, 0x00, 0x03, 0xC0, 0x00, 0x03,
  0xFF, 0xFF, 0xFF, 0xFF, 0xFF, 0xFF, 0xFF, 0xFF, 0xFF, 0xC0, 0x00, 0x03,
  0xC0, 0x00, 0x03, 0xC0, 0x00, 0x03, 0xC2, 0x00, 0x43, 0xC7, 0x00, 0xE3,
  0xC3, 0x01, 0xC3, 0xC1, 0x83, 0x83, 0xC0, 0xC7, 0x03, 0xC0, 0x6E, 0x03,
  0xC0, 0x3C, 0x03, 0xC0, 0x38, 0x03, 0xC0, 0x7C, 0x03, 0xC0, 0xE6, 0x03,
  0xC1, 0xC3, 0x03, 0xC3, 0x81, 0x83, 0xC7, 0x00, 0xE3, 0xC2, 0x00, 0x43,
  0xC0, 0x00, 0x03, 0xC0, 0x00, 0x03, 0xC0, 0x00, 0x03, 0xC0, 0x00, 0x03,
  0xFF, 0xFF, 0xFF, 0xFF, 0xFF, 0xFF, 0xFF, 0xFF, 0xFF, 0xC0, 0x00, 0x03,
  0xC0, 0x00, 0x03, 0xC0, 0x00, 0x03, 0xC2, 0x00, 0x43, 0xC7, 0x00, 0xE3,
  0xC3, 0x01, 0xC3, 0xC1, 0x83, 0x83, 0xC0, 0xC7, 0x03, 0xC0, 0x6E, 0x03,
  0xC0, 0x3C, 0x03, 0xC0, 0x38, 0x03, 0xC0, 0x7C, 0x03, 0xC0, 0xE6, 0x03,
  0xC1, 0xC3, 0x03, 0xC3, 0x81, 0x83, 0xC7, 0x00, 0xE3, 0xC2, 0x00, 0x43,
  0xC0, 0x00, 0x03, 0xC0, 0x00, 0x03, 0xC0, 0x00, 0x03, 0xC0, 0x00, 0x03,
  0xFF, 0xFF, 0xFF, 0xFF, 0xFF, 0xFF, 0xFF, 0xFF, 0xFF, 0xC0, 0x00, 0x03,
  0xC0, 0x00, 0x03, 0xC0, 0x00, 0x03, 0xC2, 0x00, 0x43, 0xC7, 0x00, 0xE3,
  0xC3, 0x01, 0xC3, 0xC1, 0x83, 0x83, 0xC0, 0xC7, 0x03, 0xC0, 0x6E, 0x03,
  0xC0, 0x3C, 0x03, 0xC0, 0x38, 0x03, 0xC0, 0x7C, 0x03, 0xC0, 0xE6, 0x03,
  0xC1, 0xC3, 0x03, 0xC3, 0x81, 0x83, 0xC7, 0x00, 0xE3, 0xC2, 0x00, 0x43,
  0xC0, 0x00, 0x03, 0xC0, 0x00, 0x03, 0xC0, 0x00, 0x03, 0xC0, 0x00, 0x03,
  0xFF, 0xFF, 0xFF, 0xFF, 0xFF, 0xFF, 0xFF, 0xFF, 0xFF, 0xC0, 0x00, 0x03,
  0xC0, 0x00, 0x03, 0xC0, 0x00, 0x03, 0xC2, 0x00, 0x43, 0xC7, 0x00, 0xE3,
  0xC3, 0x01, 0xC3, 0xC1, 0x83, 0x83, 0xC0, 0xC7, 0x03, 0xC0, 0x6E, 0x03,
  0xC0, 0x3C, 0x03, 0xC0, 0x38, 0x03, 0xC0, 0x7C, 0x03, 0xC0, 0xE6, 0x03,
  0xC1, 0xC3, 0x03, 0xC3, 0x81, 0x83, 0xC7, 0x00, 0xE3, 0xC2, 0x00, 0x43,
  0xC0, 0x00, 0x03, 0xC0, 0x00, 0x03, 0xC0, 0x00, 0x03, 0xC0, 0x00, 0x03,
  0xFF, 0xFF, 0xFF, 0xFF, 0xFF, 0xFF, 0xFF, 0xFF, 0xFF, 0xC0, 0x00, 0x03,
  0xC0, 0x00, 0x03, 0xC0, 0x00, 0x03, 0xC2, 0x00, 0x43, 0xC7, 0x00, 0xE3,
  0xC3, 0x01, 0xC3, 0xC1, 0x83, 0x83, 0xC0, 0xC7, 0x03, 0xC0, 0x6E, 0x03,
  0xC0, 0x3C, 0x03, 0xC0, 0x38, 0x03, 0xC0, 0x7C, 0x03, 0xC0, 0xE6, 0x03,
  0xC1, 0xC3, 0x03, 0xC3, 0x81, 0x83, 0xC7, 0x00, 0xE3, 0xC2, 0x00, 0x43,
  0xC0, 0x00, 0x03, 0xC0, 0x00, 0x03, 0xC0, 0x00, 0x03, 0xC0, 0x00, 0x03,
  0xFF, 0xFF, 0xFF, 0xFF, 0xFF, 0xFF, 0xFF, 0xFF, 0xFF, 0xC0, 0x00, 0x03,
  0xC0, 0x00, 0x03, 0xC0, 0x00, 0x03, 0xC2, 0x00, 0x43, 0xC7, 0x00, 0xE3,
  0xC3, 0x01, 0xC3, 0xC1, 0x83, 0x83, 0xC0, 0xC7, 0x03, 0xC0, 0x6E, 0x03,
  0xC0, 0x3C, 0x03, 0xC0, 0x38, 0x03, 0xC0, 0x7C, 0x03, 0xC0, 0xE6, 0x03,
  0xC1, 0xC3, 0x03, 0xC3, 0x81, 0x83, 0xC7, 0x00, 0xE3, 0xC2, 0x00, 0x43,
  0xC0, 0x00, 0x03, 0xC0, 0x00, 0x03, 0xC0, 0x00, 0x03, 0xC0, 0x00, 0x03,
  0xFF, 0xFF, 0xFF, 0xFF, 0xFF, 0xFF, 0xFF, 0xFF, 0xFF, 0xC0, 0x00, 0x03,
  0xC0, 0x00, 0x03, 0xC0, 0x00, 0x03, 0xC2, 0x00, 0x43, 0xC7, 0x00, 0xE3,
  0xC3, 0x01, 0xC3, 0xC1, 0x83, 0x83, 0xC0, 0xC7, 0x03, 0xC0, 0x6E, 0x03,
  0xC0, 0x3C, 0x03, 0xC0, 0x38, 0x03, 0xC0, 0x7C, 0x03, 0xC0, 0xE6, 0x03,
  0xC1, 0xC3, 0x03, 0xC3, 0x81, 0x83, 0xC7, 0x00, 0xE3, 0xC2, 0x00, 0x43,
  0xC0, 0x00, 0x03, 0xC0, 0x00, 0x03, 0xC0, 0x00, 0x03, 0xC0, 0x00, 0x03,
  0xFF, 0xFF, 0xFF, 0xFF, 0xFF, 0xFF, 0xFF, 0xFF, 0xFF, 0xC0, 0x00, 0x03,
  0xC0, 0x00, 0x03, 0xC0, 0x00, 0x03, 0xC2, 0x00, 0x43, 0xC7, 0x00, 0xE3,
  0xC3, 0x01, 0xC3, 0xC1, 0x83, 0x83, 0xC0, 0xC7, 0x03, 0xC0, 0x6E, 0x03,
  0xC0, 0x3C, 0x03, 0xC0, 0x38, 0x03, 0xC0, 0x7C, 0x03, 0xC0, 0xE6, 0x03,
  0xC1, 0xC3, 0x03, 0xC3, 0x81, 0x83, 0xC7, 0x00, 0xE3, 0xC2, 0x00, 0x43,
  0xC0, 0x00, 0x03, 0xC0, 0x00, 0x03, 0xC0, 0x00, 0x03, 0xC0, 0x00, 0x03,
  0xFF, 0xFF, 0xFF, 0xFF, 0xFF, 0xFF, 0xFF, 0xFF, 0xFF, 0xC0, 0x00, 0x03,
  0xC0, 0x00, 0x03, 0xC0, 0x00, 0x03, 0xC2, 0x00, 0x43, 0xC7, 0x00, 0xE3,
  0xC3, 0x01, 0xC3, 0xC1, 0x83, 0x83, 0xC0, 0xC7, 0x03, 0xC0, 0x6E, 0x03,
  0xC0, 0x3C, 0x03, 0xC0, 0x38, 0x03, 0xC0, 0x7C, 0x03, 0xC0, 0xE6, 0x03,
  0xC1, 0xC3, 0x03, 0xC3, 0x81, 0x83, 0xC7, 0x00, 0xE3, 0xC2, 0x00, 0x43,
  0xC0, 0x00, 0x03, 0xC0, 0x00, 0x03, 0xC0, 0x00, 0x03, 0xC0, 0x00, 0x03,
  0xFF, 0xFF, 0xFF, 0xFF, 0xFF, 0xFF, 0xFF, 0xFF, 0xFF, 0xC0, 0x00, 0x03,
  0xC0, 0x00, 0x03, 0xC0, 0x00, 0x03, 0xC2, 0x00, 0x43, 0xC7, 0x00, 0xE3,
  0xC3, 0x01, 0xC3, 0xC1, 0x83, 0x83, 0xC0, 0xC7, 0x03, 0xC0, 0x6E, 0x03,
  0xC0, 0x3C, 0x03, 0xC0, 0x38, 0x03, 0xC0, 0x7C, 0x03, 0xC0, 0xE6, 0x03,
  0xC1, 0xC3, 0x03, 0xC3, 0x81, 0x83, 0xC7, 0x00, 0xE3, 0xC2, 0x00, 0x43,
  0xC0, 0x00, 0x03, 0xC0, 0x00, 0x03, 0xC0, 0x00, 0x03, 0xC0, 0x00, 0x03,
  0xFF, 0xFF, 0xFF, 0xFF, 0xFF, 0xFF, 0xFF, 0xFF, 0xFF, 0xC0, 0x00, 0x03,
  0xC0, 0x00, 0x03, 0xC0, 0x00, 0x03, 0xC2, 0x00, 0x43, 0xC7, 0x00, 0xE3,
  0xC3, 0x01, 0xC3, 0xC1, 0x83, 0x83, 0xC0, 0xC7, 0x03, 0xC0, 0x6E, 0x03,
  0xC0, 0x3C, 0x03, 0xC0, 0x38, 0x03, 0xC0, 0x7C, 0x03, 0xC0, 0xE6, 0x03,
  0xC1, 0xC3, 0x03, 0xC3, 0x81, 0x83, 0xC7, 0x00, 0xE3, 0xC2, 0x00, 0x43,
  0xC0, 0x00, 0x03, 0xC0, 0x00, 0x03, 0xC0, 0x00, 0x03, 0xC0, 0x00, 0x03,
  0xFF, 0xFF, 0xFF, 0xFF, 0xFF, 0xFF, 0xFF, 0xFF, 0xFF, 0xC0, 0x00, 0x03,
  0xC0, 0x00, 0x03, 0xC0, 0x00, 0x03, 0xC2, 0x00, 0x43, 0xC7, 0x00, 0xE3,
  0xC3, 0x01, 0xC3, 0xC1, 0x83, 0x83, 0xC0, 0xC7, 0x03, 0xC0, 0x6E, 0x03,
  0xC0, 0x3C, 0x03, 0xC0, 0x38, 0x03, 0xC0, 0x7C, 0x03, 0xC0, 0xE6, 0x03,
  0xC1, 0xC3, 0x03, 0xC3, 0x81, 0x83, 0xC7, 0x00, 0xE3, 0xC2, 0x00, 0x43,
  0xC0, 0x00, 0x03, 0xC0, 0x00, 0x03, 0xC0, 0x00, 0x03, 0xC0, 0x00, 0x03,
  0xFF, 0xFF, 0xFF, 0xFF, 0xFF, 0xFF, 0xFF, 0xFF, 0xFF, 0xC0, 0x00, 0x03,
  0xC0, 0x00, 0x03, 0xC0, 0x00, 0x03, 0xC2, 0x00, 0x43, 0xC7, 0x00, 0xE3,
  0xC3, 0x01, 0xC3, 0xC1, 0x83, 0x83, 0xC0, 0xC7, 0x03, 0xC0, 0x6E, 0x03,
  0xC0, 0x3C, 0x03, 0xC0, 0x38, 0x03, 0xC0, 0x7C, 0x03, 0xC0, 0xE6, 0x03,
  0xC1, 0xC3, 0x03, 0xC3, 0x81, 0x83, 0xC7, 0x00, 0xE3, 0xC2, 0x00, 0x43,
  0xC0, 0x00, 0x03, 0xC0, 0x00, 0x03, 0xC0, 0x00, 0x03, 0xC0, 0x00, 0x03,
  0xFF, 0xFF, 0xFF, 0xFF, 0xFF, 0xFF, 0xFF, 0xFF, 0xFF, 0xC0, 0x00, 0x03,
  0xC0, 0x00, 0x03, 0xC0, 0x00, 0x03, 0xC2, 0x00, 0x43, 0xC7, 0x00, 0xE3,
  0xC3, 0x01, 0xC3, 0xC1, 0x83, 0x83, 0xC0, 0xC7, 0x03, 0xC0, 0x6E, 0x03,
  0xC0, 0x3C, 0x03, 0xC0, 0x38, 0x03, 0xC0, 0x7C, 0x03, 0xC0, 0xE6, 0x03,
  0xC1, 0xC3, 0x03, 0xC3, 0x81, 0x83, 0xC7, 0x00, 0xE3, 0xC2, 0x00, 0x43,
  0xC0, 0x00, 0x03, 0xC0, 0x00, 0x03, 0xC0, 0x00, 0x03, 0xC0, 0x00, 0x03,
  0xFF, 0xFF, 0xFF, 0xFF, 0xFF, 0xFF, 0xFF, 0xFF, 0xFF, 0xC0, 0x00, 0x03,
  0xC0, 0x00, 0x03, 0xC0, 0x00, 0x03, 0xC2, 0x00, 0x43, 0xC7, 0x00, 0xE3,
  0xC3, 0x01, 0xC3, 0xC1, 0x83, 0x83, 0xC0, 0xC7, 0x03, 0xC0, 0x6E, 0x03,
  0xC0, 0x3C, 0x03, 0xC0, 0x38, 0x03, 0xC0, 0x7C, 0x03, 0xC0, 0xE6, 0x03,
  0xC1, 0xC3, 0x03, 0xC3, 0x81, 0x83, 0xC7, 0x00, 0xE3, 0xC2, 0x00, 0x43,
  0xC0, 0x00, 0x03, 0xC0, 0x00, 0x03, 0xC0, 0x00, 0x03, 0xC0, 0x00, 0x03,
  0xFF, 0xFF, 0xFF, 0xFF, 0xFF, 0xFF, 0xFF, 0xFF, 0xFF, 0xC0, 0x00, 0x03,
  0xC0, 0x00, 0x03, 0xC0, 0x00, 0x03, 0xC2, 0x00, 0x43, 0xC7, 0x00, 0xE3,
  0xC3, 0x01, 0xC3, 0xC1, 0x83, 0x83, 0xC0, 0xC7, 0x03, 0xC0, 0x6E, 0x03,
  0xC0, 0x3C, 0x03, 0xC0, 0x38, 0x03, 0xC0, 0x7C, 0x03, 0xC0, 0xE6, 0x03,
  0xC1, 0xC3, 0x03, 0xC3, 0x81, 0x83, 0xC7, 0x00, 0xE3, 0xC2, 0x00, 0x43,
  0xC0, 0x00, 0x03, 0xC0, 0x00, 0x03, 0xC0, 0x00, 0x03, 0xC0, 0x00, 0x03,
  0xFF, 0xFF, 0xFF, 0xFF, 0xFF, 0xFF, 0xFF, 0xFF, 0xFF, 0xC0, 0x00, 0x03,
  0xC0, 0x00, 0x03, 0xC0, 0x00, 0x03, 0xC2, 0x00, 0x43, 0xC7, 0x00, 0xE3,
  0xC3, 0x01, 0xC3, 0xC1, 0x83, 0x83, 0xC0, 0xC7, 0x03, 0xC0, 0x6E, 0x03,
  0xC0, 0x3C, 0x03, 0xC0, 0x38, 0x03, 0xC0, 0x7C, 0x03, 0xC0, 0xE6, 0x03,
  0xC1, 0xC3, 0x03, 0xC3, 0x81, 0x83, 0xC7, 0x00, 0xE3, 0xC2, 0x00, 0x43,
  0xC0, 0x00, 0x03, 0xC0, 0x00, 0x03, 0xC0, 0x00, 0x03, 0xC0, 0x00, 0x03,
  0xFF, 0xFF, 0xFF, 0x00, 0x38, 0xFB, 0xF3, 0xE7, 0xC7, 0x00, 0x00, 0x10,
  0x60, 0xC1, 0xC3, 0x87, 0x0E, 0x3C, 0x7C, 0xFB, 0xFF, 0xFF, 0xFF, 0xDF,
  0x08, 0x00, 0xC0, 0x01, 0x80, 0x03, 0x00, 0x06, 0x00, 0xFF, 0x83, 0xC7,
  0x8F, 0x0F, 0xBE, 0x0F, 0xF8, 0x1F, 0xF0, 0x13, 0xE0, 0x07, 0xC0, 0x0F,
  0x80, 0x1F, 0x00, 0x3F, 0x00, 0x3E, 0x00, 0x7E, 0x06, 0x7F, 0xF8, 0x3F,
  0xC0, 0x06, 0x00, 0x0C, 0x00, 0x18, 0x00, 0x00, 0xFE, 0x00, 0x79, 0xE0,
  0x1E, 0x3E, 0x07, 0xC3, 0xE0, 0xF8, 0x3C, 0x1E, 0x07, 0x03, 0xC0, 0x00,
  0xF8, 0x00, 0x1F, 0x00, 0x03, 0xE0, 0x01, 0xFF, 0xF0, 0x0F, 0x80, 0x01,
  0xF0, 0x00, 0x3E, 0x00, 0x07, 0xC0, 0x70, 0xF8, 0x1F, 0x1F, 0x01, 0xE3,
  0xE0, 0x3C, 0xF8, 0x07, 0xFF, 0x80, 0xEF, 0x7F, 0xFD, 0xC1, 0xFE, 0x00,
  0x40, 0x0D, 0xC0, 0x3D, 0xFF, 0xF1, 0xFF, 0xC3, 0xC7, 0x87, 0x07, 0x0C,
  0x0E, 0x38, 0x1C, 0x38, 0x38, 0x70, 0x70, 0xFF, 0xE3, 0xFF, 0xEF, 0x39,
  0xEC, 0x01, 0x90, 0x02, 0x00, 0xFF, 0xF0, 0x7F, 0x7F, 0xE0, 0x3F, 0x1F,
  0x80, 0x0C, 0x0F, 0xC0, 0x18, 0x07, 0xE0, 0x30, 0x07, 0xE0, 0x70, 0x03,
  0xF0, 0x60, 0x01, 0xF0, 0xC0, 0x00, 0xF9, 0x80, 0x00, 0x7F, 0x00, 0x00,
  0x7F, 0x00, 0x0F, 0xFF, 0xFC, 0x00, 0x1E, 0x00, 0x00, 0x1E, 0x00, 0x00,
  0x1E, 0x00, 0x00, 0x1E, 0x00, 0x0F, 0xFF, 0xFC, 0x00, 0x1E, 0x00, 0x00,
  0x1E, 0x00, 0x00, 0x1E, 0x00, 0x00, 0x7F, 0x00, 0x01, 0xFF, 0xE0, 0xFF,
  0xFF, 0xFC, 0x00, 0x3F, 0xFF, 0xFF, 0xC0, 0x0F, 0xC0, 0xF7, 0xC3, 0x8F,
  0x1E, 0x1C, 0x78, 0x31, 0xF0, 0x07, 0xE0, 0x0F, 0xC0, 0x1F, 0x80, 0xFF,
  0x07, 0x7E, 0x3C, 0xFC, 0xF0, 0xFB, 0xC1, 0xEF, 0x87, 0x9E, 0x0F, 0x7E,
  0x38, 0xFD, 0xE1, 0xFF, 0x03, 0xF8, 0x07, 0xE0, 0x0F, 0xC0, 0x0F, 0x0C,
  0x3E, 0x70, 0x79, 0xE1, 0xC3, 0xCF, 0x0F, 0xF8, 0x07, 0x80, 0xE0, 0xEF,
  0x1E, 0xF1, 0xFF, 0x1E, 0x60, 0xE0, 0x00, 0x3F, 0xC0, 0x00, 0x3C, 0x0E,
  0x00, 0x0C, 0x00, 0x70, 0x03, 0x00, 0x03, 0x00, 0x80, 0x00, 0x30, 0x20,
  0x00, 0x03, 0x0C, 0x03, 0xE0, 0x21, 0x01, 0xFE, 0x06, 0x60, 0x70, 0xE0,
  0x48, 0x1C, 0x0C, 0x0F, 0x03, 0x01, 0xC0, 0xE0, 0xE0, 0x00, 0x1C, 0x1C,
  0x00, 0x03, 0x03, 0x80, 0x00, 0x60, 0x70, 0x00, 0x0E, 0x0E, 0x00, 0x01,
  0xC0, 0xC0, 0x30, 0x28, 0x1C, 0x06, 0x0D, 0x03, 0xC0, 0xC1, 0xB0, 0x3C,
  0x70, 0x23, 0x01, 0xF8, 0x0C, 0x20, 0x00, 0x03, 0x06, 0x00, 0x00, 0xC0,
  0x60, 0x00, 0x30, 0x07, 0x00, 0x0C, 0x00, 0x38, 0x0F, 0x00, 0x01, 0xFF,
  0x00, 0x00, 0x1F, 0xC1, 0xE7, 0x87, 0x0F, 0x18, 0x3C, 0x00, 0xF0, 0x7F,
  0xC7, 0x8F, 0x1C, 0x3C, 0xF0, 0xF3, 0xC3, 0xCF, 0xFF, 0x1F, 0xBF, 0x08,
  0x60, 0x01, 0x02, 0x04, 0x0C, 0x18, 0x38, 0xF0, 0xE3, 0xC3, 0xCF, 0x0F,
  0x3E, 0x7C, 0x78, 0xF0, 0xF1, 0xF0, 0xF0, 0xF0, 0xF0, 0xF0, 0xF0, 0xE0,
  0x60, 0xE0, 0x40, 0xC0, 0x40, 0x80, 0xFF, 0xFF, 0xFF, 0xF0, 0x00, 0xC0,
  0x03, 0x00, 0x0C, 0x00, 0x30, 0x00, 0xC0, 0x03, 0xFF, 0xFF, 0xFF, 0xFF,
  0xFF, 0xFF, 0xC0, 0x00, 0x03, 0xC0, 0x00, 0x03, 0xC0, 0x00, 0x03, 0xC2,
  0x00, 0x43, 0xC7, 0x00, 0xE3, 0xC3, 0x01, 0xC3, 0xC1, 0x83, 0x83, 0xC0,
  0xC7, 0x03, 0xC0, 0x6E, 0x03, 0xC0, 0x3C, 0x03, 0xC0, 0x38, 0x03, 0xC0,
  0x7C, 0x03, 0xC0, 0xE6, 0x03, 0xC1, 0xC3, 0x03, 0xC3, 0x81, 0x83, 0xC7,
  0x00, 0xE3, 0xC2, 0x00, 0x43, 0xC0, 0x00, 0x03, 0xC0, 0x00, 0x03, 0xC0,
  0x00, 0x03, 0xC0, 0x00, 0x03, 0xFF, 0xFF, 0xFF, 0x00, 0x3F, 0xC0, 0x00,
  0x3C, 0x0E, 0x00, 0x0C, 0x00, 0x70, 0x03, 0x00, 0x03, 0x00, 0x80, 0x00,
  0x30, 0x20, 0x00, 0x03, 0x0C, 0x3F, 0x80, 0x21, 0x03, 0xFE, 0x06, 0x60,
  0x70, 0xE0, 0x48, 0x0E, 0x0C, 0x0F, 0x01, 0xC1, 0x80, 0xE0, 0x38, 0x30,
  0x1C, 0x07, 0x0C, 0x03, 0x00, 0xFE, 0x00, 0x60, 0x1C, 0xE0, 0x0E, 0x03,
  0x8E, 0x01, 0xC0, 0x70, 0xC0, 0x28, 0x0E, 0x1C, 0x0D, 0x01, 0xC3, 0x81,
  0xB0, 0x38, 0x38, 0x23, 0x0F, 0xC7, 0x8C, 0x20, 0x00, 0x03, 0x06, 0x00,
  0x00, 0xC0, 0x60, 0x00, 0x30, 0x07, 0x00, 0x0C, 0x00, 0x38, 0x0F, 0x00,
  0x01, 0xFF, 0x00, 0x00, 0xFF, 0xFF, 0xC0, 0x1F, 0x8F, 0xF9, 0x83, 0x70,
  0x7E, 0x0F, 0xC1, 0xF8, 0x3B, 0x86, 0x7F, 0xC3, 0xE0, 0x03, 0x00, 0x0C,
  0x00, 0x30, 0x00, 0xC0, 0x03, 0x00, 0x0C, 0x0F, 0xFF, 0xFF, 0xFF, 0x03,
  0x00, 0x0C, 0x00, 0x30, 0x00, 0xC0, 0x03, 0x00, 0x0C, 0x0F, 0xFF, 0xFF,
  0xFF, 0x1F, 0xC3, 0x8F, 0x3C, 0x7D, 0xC1, 0xEE, 0x0F, 0x00, 0xF8, 0x07,
  0x80, 0x3C, 0x03, 0xC0, 0x3C, 0x03, 0x80, 0x38, 0x03, 0xFF, 0xFF, 0xFF,
  0xFF, 0xE0, 0x1F, 0xC3, 0x8F, 0x9C, 0x3D, 0xE1, 0xE2, 0x0F, 0x00, 0x70,
  0x0F, 0x01, 0xFC, 0x00, 0xF0, 0x07, 0xF8, 0x3F, 0xC1, 0xFE, 0x0F, 0x70,
  0xF8, 0xFF, 0x00, 0x0F, 0x0F, 0x1E, 0x3C, 0x70, 0xE0, 0x40, 0xF8, 0x1F,
  0x1F, 0x03, 0xE3, 0xE0, 0x7C, 0x7C, 0x0F, 0x8F, 0x81, 0xF1, 0xF0, 0x3E,
  0x3E, 0x07, 0xC7, 0xC0, 0xF8, 0xF8, 0x1F, 0x1F, 0x03, 0xE3, 0xE0, 0x7C,
  0x7C, 0x0F, 0x8F, 0xC3, 0xF1, 0xFF, 0xFF, 0x3D, 0xF7, 0xFF, 0x80, 0x00,
  0xF0, 0x00, 0x1E, 0x00, 0x03, 0xC0, 0x00, 0x78, 0x00, 0x0F, 0x00, 0x00,
  0xC0, 0x00, 0x00, 0x07, 0xFE, 0x3F, 0xFF, 0x7F, 0x38, 0xFF, 0x38, 0xFF,
  0x38, 0xFF, 0x38, 0xFF, 0x38, 0xFF, 0x38, 0xFF, 0x38, 0xFF, 0x38, 0x7F,
  0x38, 0x3F, 0x38, 0x1F, 0x38, 0x0F, 0x38, 0x0F, 0x38, 0x0F, 0x38, 0x0F,
  0x38, 0x0F, 0x38, 0x0F, 0x38, 0x0F, 0x38, 0x0F, 0x38, 0x0F, 0x38, 0x0F,
  0x38, 0x0F, 0x38, 0x0F, 0x38, 0x7F, 0x3F, 0x11, 0xEF, 0xFF, 0xFD, 0xE0,
  0x38, 0x30, 0x3E, 0x0F, 0x07, 0xCF, 0xFE, 0x18, 0x03, 0x80, 0xF8, 0xFF,
  0x8E, 0x78, 0x07, 0x80, 0x78, 0x07, 0x80, 0x78, 0x07, 0x80, 0x78, 0x07,
  0x80, 0x78, 0x07, 0x80, 0xFC, 0x7F, 0xF0, 0x0F, 0xE0, 0x38, 0xF0, 0xE0,
  0xF3, 0xC1, 0xE7, 0x83, 0xFF, 0x07, 0xFE, 0x0F, 0xBC, 0x1F, 0x78, 0x3C,
  0xF0, 0x78, 0xF1, 0xE0, 0xFF, 0x80, 0x38, 0x00, 0x80, 0x80, 0xC0, 0xC0,
  0xE0, 0xE0, 0x70, 0x70, 0x3C, 0x78, 0x1E, 0x3C, 0x1F, 0x1F, 0x0F, 0x0F,
  0x1F, 0x1F, 0x1E, 0x3C, 0x3C, 0x78, 0x70, 0x70, 0xE0, 0xE0, 0xC0, 0xC0,
  0x80, 0x80, 0x03, 0x80, 0x00, 0x00, 0x07, 0xC0, 0x01, 0x80, 0x3F, 0xE0,
  0x01, 0x80, 0x1C, 0xF0, 0x00, 0xC0, 0x00, 0x78, 0x00, 0xC0, 0x00, 0x3C,
  0x00, 0x60, 0x00, 0x1E, 0x00, 0x60, 0x00, 0x0F, 0x00, 0x30, 0x00, 0x07,
  0x80, 0x31, 0xC0, 0x03, 0xC0, 0x18, 0xF0, 0x01, 0xE0, 0x18, 0xF8, 0x00,
  0xF0, 0x0C, 0x78, 0x00, 0x78, 0x0C, 0x7C, 0x00, 0x7E, 0x06, 0x3C, 0x01,
  0xFF, 0xC6, 0x3C, 0x78, 0x00, 0x03, 0x1E, 0x3C, 0x00, 0x03, 0x1E, 0x1E,
  0x00, 0x01, 0x8E, 0x0F, 0x00, 0x01, 0x87, 0x07, 0x80, 0x00, 0xC7, 0xFF,
  0xF0, 0x00, 0xC0, 0x01, 0xE0, 0x00, 0x60, 0x00, 0xF0, 0x00, 0x60, 0x00,
  0x78, 0x03, 0x80, 0x00, 0x00, 0x0F, 0x80, 0x06, 0x00, 0xFF, 0x80, 0x0C,
  0x00, 0xE7, 0x80, 0x0C, 0x00, 0x07, 0x80, 0x18, 0x00, 0x07, 0x80, 0x18,
  0x00, 0x07, 0x80, 0x30, 0x00, 0x07, 0x80, 0x30, 0x00, 0x07, 0x80, 0x63,
  0xF8, 0x07, 0x80, 0x6E, 0x3C, 0x07, 0x80, 0xDE, 0x3E, 0x07, 0x80, 0xDC,
  0x1E, 0x07, 0x81, 0x9C, 0x1E, 0x0F, 0xC1, 0x80, 0x3E, 0x7F, 0xF3, 0x00,
  0x3C, 0x00, 0x03, 0x00, 0x3C, 0x00, 0x06, 0x00, 0x78, 0x00, 0x06, 0x00,
  0xF0, 0x00, 0x0C, 0x01, 0xC0, 0x00, 0x0C, 0x03, 0x80, 0x00, 0x18, 0x07,
  0xFF, 0x00, 0x18, 0x1F, 0xFF, 0x00, 0x30, 0x1F, 0xFF, 0x1F, 0xC0, 0x00,
  0x00, 0x71, 0xF0, 0x06, 0x00, 0x70, 0xF0, 0x0C, 0x00, 0xF0, 0xF0, 0x0C,
  0x00, 0x20, 0xF0, 0x18, 0x00, 0x00, 0xE0, 0x18, 0x00, 0x03, 0xC0, 0x30,
  0x00, 0x0F, 0xE0, 0x30, 0x00, 0x00, 0xF0, 0x63, 0x80, 0x00, 0xF8, 0x63,
  0xC0, 0xE0, 0xF8, 0xC7, 0xC0, 0xE0, 0xF8, 0xC7, 0x80, 0xE0, 0xF1, 0x8F,
  0x80, 0xE1, 0xF1, 0x8F, 0x00, 0x3F, 0xC3, 0x1E, 0x3C, 0x00, 0x03, 0x1E,
  0x3C, 0x00, 0x06, 0x3C, 0x3C, 0x00, 0x06, 0x38, 0x3C, 0x00, 0x0C, 0x38,
  0x3C, 0x00, 0x0C, 0x7F, 0xFF, 0x00, 0x18, 0x00, 0x3C, 0x00, 0x18, 0x00,
  0x3C, 0x00, 0x30, 0x00, 0x3C, 0x03, 0xC0, 0x0F, 0xC0, 0x1F, 0x80, 0x3F,
  0x00, 0x3C, 0x00, 0x00, 0x00, 0x00, 0x00, 0xC0, 0x01, 0x80, 0x07, 0x00,
  0x0E, 0x00, 0x38, 0x00, 0xF0, 0x07, 0xC0, 0x1F, 0x00, 0x3C, 0x00, 0x78,
  0x1D, 0xF0, 0x3F, 0xE0, 0x7B, 0xC0, 0xF7, 0xC1, 0xC7, 0x87, 0x03, 0xF8,
  0x00, 0x01, 0xC0, 0x00, 0x01, 0xE0, 0x00, 0x01, 0xF0, 0x00, 0x00, 0xF0,
  0x00, 0x00, 0x38, 0x00, 0x00, 0x1C, 0x00, 0x00, 0x04, 0x00, 0x00, 0x00,
  0x00, 0x00, 0x00, 0x00, 0x00, 0x3C, 0x00, 0x00, 0x7C, 0x00, 0x00, 0x7E,
  0x00, 0x00, 0x7E, 0x00, 0x00, 0xDE, 0x00, 0x00, 0xDF, 0x00, 0x00, 0xDF,
  0x00, 0x01, 0x8F, 0x00, 0x01, 0x8F, 0x80, 0x03, 0x0F, 0x80, 0x03, 0x07,
  0xC0, 0x03, 0x07, 0xC0, 0x06, 0x07, 0xC0, 0x07, 0xFF, 0xE0, 0x07, 0xFF,
  0xE0, 0x0C, 0x03, 0xE0, 0x0C, 0x03, 0xF0, 0x1C, 0x01, 0xF0, 0x18, 0x01,
  0xF8, 0x18, 0x00, 0xF8, 0x38, 0x01, 0xFC, 0xFE, 0x07, 0xFF, 0x00, 0x07,
  0x00, 0x00, 0x0F, 0x00, 0x00, 0x1F, 0x00, 0x00, 0x1E, 0x00, 0x00, 0x38,
  0x00, 0x00, 0x60, 0x00, 0x00, 0x40, 0x00, 0x00, 0x00, 0x00, 0x00, 0x00,
  0x00, 0x00, 0x3C, 0x00, 0x00, 0x7C, 0x00, 0x00, 0x7E, 0x00, 0x00, 0x7E,
  0x00, 0x00, 0xDE, 0x00, 0x00, 0xDF, 0x00, 0x00, 0xDF, 0x00, 0x01, 0x8F,
  0x00, 0x01, 0x8F, 0x80, 0x03, 0x0F, 0x80, 0x03, 0x07, 0xC0, 0x03, 0x07,
  0xC0, 0x06, 0x07, 0xC0, 0x07, 0xFF, 0xE0, 0x07, 0xFF, 0xE0, 0x0C, 0x03,
  0xE0, 0x0C, 0x03, 0xF0, 0x1C, 0x01, 0xF0, 0x18, 0x01, 0xF8, 0x18, 0x00,
  0xF8, 0x38, 0x01, 0xFC, 0xFE, 0x07, 0xFF, 0x00, 0x18, 0x00, 0x00, 0x3C,
  0x00, 0x00, 0x7E, 0x00, 0x00, 0x7E, 0x00, 0x00, 0xE7, 0x00, 0x01, 0xC3,
  0x80, 0x03, 0x81, 0xC0, 0x00, 0x00, 0x00, 0x00, 0x00, 0x00, 0x00, 0x3C,
  0x00, 0x00, 0x7C, 0x00, 0x00, 0x7E, 0x00, 0x00, 0x7E, 0x00, 0x00, 0xDE,
  0x00, 0x00, 0xDF, 0x00, 0x00, 0xDF, 0x00, 0x01, 0x8F, 0x00, 0x01, 0x8F,
  0x80, 0x03, 0x0F, 0x80, 0x03, 0x07, 0xC0, 0x03, 0x07, 0xC0, 0x06, 0x07,
  0xC0, 0x07, 0xFF, 0xE0, 0x07, 0xFF, 0xE0, 0x0C, 0x03, 0xE0, 0x0C, 0x03,
  0xF0, 0x1C, 0x01, 0xF0, 0x18, 0x01, 0xF8, 0x18, 0x00, 0xF8, 0x38, 0x01,
  0xFC, 0xFE, 0x07, 0xFF, 0x00, 0xE0, 0x00, 0x01, 0xF8, 0xC0, 0x03, 0xFF,
  0xC0, 0x03, 0x3F, 0x80, 0x02, 0x0F, 0x00, 0x00, 0x00, 0x00, 0x00, 0x00,
  0x00, 0x00, 0x00, 0x00, 0x00, 0x3C, 0x00, 0x00, 0x7C, 0x00, 0x00, 0x7E,
  0x00, 0x00, 0x7E, 0x00, 0x00, 0xDE, 0x00, 0x00, 0xDF, 0x00, 0x00, 0xDF,
  0x00, 0x01, 0x8F, 0x00, 0x01, 0x8F, 0x80, 0x03, 0x0F, 0x80, 0x03, 0x07,
  0xC0, 0x03, 0x07, 0xC0, 0x06, 0x07, 0xC0, 0x07, 0xFF, 0xE0, 0x07, 0xFF,
  0xE0, 0x0C, 0x03, 0xE0, 0x0C, 0x03, 0xF0, 0x1C, 0x01, 0xF0, 0x18, 0x01,
  0xF8, 0x18, 0x00, 0xF8, 0x38, 0x01, 0xFC, 0xFE, 0x07, 0xFF, 0x01, 0x81,
  0x80, 0x03, 0xC3, 0xC0, 0x03, 0xE7, 0xC0, 0x03, 0xE7, 0xC0, 0x03, 0xE7,
  0xC0, 0x01, 0xC3, 0x80, 0x00, 0x00, 0x00, 0x00, 0x00, 0x00, 0x00, 0x00,
  0x00, 0x00, 0x3C, 0x00, 0x00, 0x7C, 0x00, 0x00, 0x7E, 0x00, 0x00, 0x7E,
  0x00, 0x00, 0xDE, 0x00, 0x00, 0xDF, 0x00, 0x00, 0xDF, 0x00, 0x01, 0x8F,
  0x00, 0x01, 0x8F, 0x80, 0x03, 0x0F, 0x80, 0x03, 0x07, 0xC0, 0x03, 0x07,
  0xC0, 0x06, 0x07, 0xC0, 0x07, 0xFF, 0xE0, 0x07, 0xFF, 0xE0, 0x0C, 0x03,
  0xE0, 0x0C, 0x03, 0xF0, 0x1C, 0x01, 0xF0, 0x18, 0x01, 0xF8, 0x18, 0x00,
  0xF8, 0x38, 0x01, 0xFC, 0xFE, 0x07, 0xFF, 0x00, 0x3C, 0x00, 0x00, 0x7E,
  0x00, 0x00, 0xFF, 0x00, 0x01, 0xC3, 0x80, 0x01, 0xC3, 0x80, 0x01, 0xC3,
  0x80, 0x00, 0xE7, 0x00, 0x00, 0xFF, 0x00, 0x00, 0x3C, 0x00, 0x00, 0x7C,
  0x00, 0x00, 0x7E, 0x00, 0x00, 0x7E, 0x00, 0x00, 0xDE, 0x00, 0x00, 0xDF,
  0x00, 0x00, 0xDF, 0x00, 0x01, 0x8F, 0x00, 0x01, 0x8F, 0x80, 0x03, 0x0F,
  0x80, 0x03, 0x07, 0xC0, 0x03, 0x07, 0xC0, 0x06, 0x07, 0xC0, 0x07, 0xFF,
  0xE0, 0x07, 0xFF, 0xE0, 0x0C, 0x03, 0xE0, 0x0C, 0x03, 0xF0, 0x1C, 0x01,
  0xF0, 0x18, 0x01, 0xF8, 0x18, 0x00, 0xF8, 0x38, 0x01, 0xFC, 0xFE, 0x07,
  0xFF, 0x00, 0xFF, 0xFF, 0xFF, 0x00, 0x1F, 0xFF, 0xFF, 0xC0, 0x00, 0xCF,
  0x80, 0x70, 0x00, 0x33, 0xE0, 0x0C, 0x00, 0x18, 0xF8, 0x03, 0x00, 0x06,
  0x3E, 0x00, 0x40, 0x03, 0x0F, 0x80, 0x00, 0x00, 0xC3, 0xE0, 0x60, 0x00,
  0x60, 0xF8, 0x18, 0x00, 0x18, 0x3E, 0x0E, 0x00, 0x0C, 0x0F, 0xFF, 0x80,
  0x03, 0x03, 0xFF, 0xE0, 0x01, 0xFF, 0xF8, 0x18, 0x00, 0x7F, 0xFE, 0x06,
  0x00, 0x30, 0x0F, 0x81, 0x00, 0x1C, 0x03, 0xE0, 0x00, 0x06, 0x00, 0xF8,
  0x00, 0x83, 0x80, 0x3E, 0x00, 0x60, 0xC0, 0x0F, 0x80, 0x18, 0x70, 0x03,
  0xF0, 0x0E, 0x3C, 0x01, 0xFF, 0xFF, 0xBF, 0xE1, 0xFF, 0xFF, 0xE0, 0x00,
  0xFF, 0x80, 0x3E, 0x3F, 0x0F, 0x80, 0xF1, 0xF0, 0x0F, 0x3E, 0x00, 0x73,
  0xE0, 0x07, 0x7E, 0x00, 0x27, 0xC0, 0x00, 0xFC, 0x00, 0x0F, 0xC0, 0x00,
  0xFC, 0x00, 0x0F, 0xC0, 0x00, 0xFC, 0x00, 0x0F, 0xC0, 0x00, 0xFC, 0x00,
  0x07, 0xE0, 0x03, 0x7E, 0x00, 0x33, 0xE0, 0x07, 0x3F, 0x00, 0x71, 0xF8,
  0x0E, 0x07, 0xC1, 0xE0, 0x1F, 0xF8, 0x00, 0x38, 0x00, 0x03, 0x00, 0x00,
  0x3E, 0x00, 0x00, 0xF0, 0x00, 0x07, 0x00, 0x0C, 0xF0, 0x00, 0xFE, 0x00,
  0x01, 0x80, 0x07, 0x00, 0x00, 0x78, 0x00, 0x07, 0xC0, 0x00, 0x3C, 0x00,
  0x00, 0xE0, 0x00, 0x07, 0x00, 0x00, 0x10, 0x00, 0x00, 0x00, 0x00, 0x00,
  0x0F, 0xFF, 0xFC, 0xFF, 0xFF, 0xC3, 0xF0, 0x1C, 0x3F, 0x00, 0xC3, 0xF0,
  0x0C, 0x3F, 0x00, 0x43, 0xF0, 0x00, 0x3F, 0x06, 0x03, 0xF0, 0x60, 0x3F,
  0x0E, 0x03, 0xFF, 0xE0, 0x3F, 0xFE, 0x03, 0xF0, 0xE0, 0x3F, 0x06, 0x03,
  0xF0, 0x60, 0x3F, 0x00, 0x03, 0xF0, 0x07, 0x3F, 0x00, 0x63, 0xF0, 0x0E,
  0x3F, 0x00, 0xE7, 0xFF, 0xFE, 0xFF, 0xFF, 0xE0, 0x00, 0x1C, 0x00, 0x03,
  0xC0, 0x00, 0x7C, 0x00, 0x07, 0x80, 0x00, 0xE0, 0x00, 0x18, 0x00, 0x01,
  0x00, 0x00, 0x00, 0x00, 0x00, 0x00, 0x0F, 0xFF, 0xFC, 0xFF, 0xFF, 0xC3,
  0xF0, 0x1C, 0x3F, 0x00, 0xC3, 0xF0, 0x0C, 0x3F, 0x00, 0x43, 0xF0, 0x00,
  0x3F, 0x06, 0x03, 0xF0, 0x60, 0x3F, 0x0E, 0x03, 0xFF, 0xE0, 0x3F, 0xFE,
  0x03, 0xF0, 0xE0, 0x3F, 0x06, 0x03, 0xF0, 0x60, 0x3F, 0x00, 0x03, 0xF0,
  0x07, 0x3F, 0x00, 0x63, 0xF0, 0x0E, 0x3F, 0x00, 0xE7, 0xFF, 0xFE, 0xFF,
  0xFF, 0xE0, 0x00, 0x60, 0x00, 0x0F, 0x00, 0x01, 0xF8, 0x00, 0x1F, 0x80,
  0x03, 0x9C, 0x00, 0x70, 0xE0, 0x0E, 0x07, 0x00, 0x00, 0x00, 0x00, 0x00,
  0x0F, 0xFF, 0xFC, 0xFF, 0xFF, 0xC3, 0xF0, 0x1C, 0x3F, 0x00, 0xC3, 0xF0,
  0x0C, 0x3F, 0x00, 0x43, 0xF0, 0x00, 0x3F, 0x06, 0x03, 0xF0, 0x60, 0x3F,
  0x0E, 0x03, 0xFF, 0xE0, 0x3F, 0xFE, 0x03, 0xF0, 0xE0, 0x3F, 0x06, 0x03,
  0xF0, 0x60, 0x3F, 0x00, 0x03, 0xF0, 0x07, 0x3F, 0x00, 0x63, 0xF0, 0x0E,
  0x3F, 0x00, 0xE7, 0xFF, 0xFE, 0xFF, 0xFF, 0xE0, 0x06, 0x06, 0x00, 0xF0,
  0xF0, 0x0F, 0x9F, 0x00, 0xF9, 0xF0, 0x0F, 0x9F, 0x00, 0x70, 0xE0, 0x00,
  0x00, 0x00, 0x00, 0x00, 0x00, 0x00, 0x0F, 0xFF, 0xFC, 0xFF, 0xFF, 0xC3,
  0xF0, 0x1C, 0x3F, 0x00, 0xC3, 0xF0, 0x0C, 0x3F, 0x00, 0x43, 0xF0, 0x00,
  0x3F, 0x06, 0x03, 0xF0, 0x60, 0x3F, 0x0E, 0x03, 0xFF, 0xE0, 0x3F, 0xFE,
  0x03, 0xF0, 0xE0, 0x3F, 0x06, 0x03, 0xF0, 0x60, 0x3F, 0x00, 0x03, 0xF0,
  0x07, 0x3F, 0x00, 0x63, 0xF0, 0x0E, 0x3F, 0x00, 0xE7, 0xFF, 0xFE, 0xFF,
  0xFF, 0xE0, 0xE0, 0x3C, 0x0F, 0x81, 0xE0, 0x1C, 0x03, 0x80, 0x20, 0x00,
  0x00, 0x3F, 0xFF, 0xFC, 0xFC, 0x3F, 0x0F, 0xC3, 0xF0, 0xFC, 0x3F, 0x0F,
  0xC3, 0xF0, 0xFC, 0x3F, 0x0F, 0xC3, 0xF0, 0xFC, 0x3F, 0x0F, 0xC3, 0xF0,
  0xFC, 0x3F, 0x1F, 0xEF, 0xFC, 0x03, 0x81, 0xE0, 0xF8, 0x3C, 0x1C, 0x0C,
  0x02, 0x00, 0x00, 0x00, 0x3F, 0xFF, 0xFC, 0xFC, 0x3F, 0x0F, 0xC3, 0xF0,
  0xFC, 0x3F, 0x0F, 0xC3, 0xF0, 0xFC, 0x3F, 0x0F, 0xC3, 0xF0, 0xFC, 0x3F,
  0x0F, 0xC3, 0xF0, 0xFC, 0x3F, 0x1F, 0xEF, 0xFC, 0x06, 0x00, 0xF0, 0x1F,
  0x81, 0xF8, 0x39, 0xC7, 0x0E, 0xE0, 0x70, 0x00, 0x00, 0x07, 0xFE, 0x7F,
  0xE1, 0xF8, 0x1F, 0x81, 0xF8, 0x1F, 0x81, 0xF8, 0x1F, 0x81, 0xF8, 0x1F,
  0x81, 0xF8, 0x1F, 0x81, 0xF8, 0x1F, 0x81, 0xF8, 0x1F, 0x81, 0xF8, 0x1F,
  0x81, 0xF8, 0x1F, 0x83, 0xFC, 0x7F, 0xE0, 0x60, 0x6F, 0x0F, 0xF9, 0xFF,
  0x9F, 0xF9, 0xF7, 0x0E, 0x00, 0x00, 0x00, 0x00, 0x07, 0xFE, 0x7F, 0xE1,
  0xF8, 0x1F, 0x81, 0xF8, 0x1F, 0x81, 0xF8, 0x1F, 0x81, 0xF8, 0x1F, 0x81,
  0xF8, 0x1F, 0x81, 0xF8, 0x1F, 0x81, 0xF8, 0x1F, 0x81, 0xF8, 0x1F, 0x81,
  0xF8, 0x1F, 0x83, 0xFC, 0x7F, 0xE0, 0xFF, 0xFC, 0x00, 0xFF, 0xFF, 0x80,
  0x1F, 0x01, 0xE0, 0x1F, 0x00, 0xF8, 0x1F, 0x00, 0x78, 0x1F, 0x00, 0x7C,
  0x1F, 0x00, 0x7E, 0x1F, 0x00, 0x7E, 0x1F, 0x00, 0x3E, 0x1F, 0x00, 0x3F,
  0xFF, 0xF8, 0x3F, 0x1F, 0x00, 0x3F, 0x1F, 0x00, 0x3F, 0x1F, 0x00, 0x3E,
  0x1F, 0x00, 0x7E, 0x1F, 0x00, 0x7E, 0x1F, 0x00, 0x7C, 0x1F, 0x00, 0x7C,
  0x1F, 0x00, 0xF8, 0x1F, 0x01, 0xF0, 0x3F, 0xFF, 0xC0, 0xFF, 0xFF, 0x00,
  0x00, 0x70, 0x00, 0x00, 0x7E, 0x30, 0x00, 0x7F, 0xF8, 0x00, 0x33, 0xF8,
  0x00, 0x10, 0x78, 0x00, 0x00, 0x00, 0x00, 0x00, 0x00, 0x00, 0x00, 0x00,
  0x00, 0xFF, 0x00, 0x7F, 0xFF, 0xC0, 0x3F, 0xCF, 0xE0, 0x03, 0x03, 0xF8,
  0x01, 0x81, 0xFE, 0x00, 0xC0, 0xFF, 0x80, 0x60, 0x6F, 0xE0, 0x30, 0x33,
  0xF8, 0x18, 0x18, 0xFE, 0x0C, 0x0C, 0x3F, 0x06, 0x06, 0x0F, 0xC3, 0x03,
  0x03, 0xF1, 0x81, 0x81, 0xFC, 0xC0, 0xC0, 0x7F, 0x60, 0x60, 0x1F, 0xF0,
  0x30, 0x07, 0xF8, 0x18, 0x01, 0xFC, 0x0C, 0x00, 0x7E, 0x06, 0x00, 0x3F,
  0x03, 0x00, 0x0F, 0x87, 0xE0, 0x03, 0xC7, 0xFC, 0x00, 0xE0, 0x01, 0xC0,
  0x00, 0x03, 0xC0, 0x00, 0x07, 0xC0, 0x00, 0x07, 0x80, 0x00, 0x03, 0x80,
  0x00, 0x03, 0x80, 0x00, 0x01, 0x00, 0x00, 0x00, 0x00, 0x00, 0x00, 0x00,
  0x01, 0xFE, 0x00, 0x1F, 0x1F, 0x00, 0x7C, 0x0F, 0x81, 0xF0, 0x0F, 0x87,
  0xC0, 0x1F, 0x0F, 0x80, 0x1F, 0x3F, 0x00, 0x3E, 0x7E, 0x00, 0x7E, 0xF8,
  0x00, 0xFD, 0xF0, 0x01, 0xFF, 0xE0, 0x03, 0xFF, 0xC0, 0x07, 0xEF, 0x80,
  0x0F, 0xDF, 0x00, 0x1F, 0xBF, 0x00, 0x3F, 0x7E, 0x00, 0x7C, 0x7C, 0x00,
  0xF8, 0xF8, 0x03, 0xE0, 0xF8, 0x07, 0xC0, 0xF0, 0x1F, 0x00, 0xF8, 0x7C,
  0x00, 0x7F, 0xE0, 0x00, 0x00, 0x07, 0x00, 0x00, 0x1E, 0x00, 0x00, 0x7C,
  0x00, 0x00, 0xF0, 0x00, 0x03, 0x80, 0x00, 0x0C, 0x00, 0x00, 0x10, 0x00,
  0x00, 0x00, 0x00, 0x00, 0x00, 0x00, 0x01, 0xFE, 0x00, 0x1F, 0x1F, 0x00,
  0x7C, 0x0F, 0x81, 0xF0, 0x0F, 0x87, 0xC0, 0x1F, 0x0F, 0x80, 0x1F, 0x3F,
  0x00, 0x3E, 0x7E, 0x00, 0x7E, 0xF8, 0x00, 0xFD, 0xF0, 0x01, 0xFF, 0xE0,
  0x03, 0xFF, 0xC0, 0x07, 0xEF, 0x80, 0x0F, 0xDF, 0x00, 0x1F, 0xBF, 0x00,
  0x3F, 0x7E, 0x00, 0x7C, 0x7C, 0x00, 0xF8, 0xF8, 0x03, 0xE0, 0xF8, 0x07,
  0xC0, 0xF0, 0x1F, 0x00, 0xF8, 0x7C, 0x00, 0x7F, 0xE0, 0x00, 0x00, 0x18,
  0x00, 0x00, 0x78, 0x00, 0x01, 0xF8, 0x00, 0x03, 0xF0, 0x00, 0x0E, 0x70,
  0x00, 0x38, 0x70, 0x00, 0xE0, 0x70, 0x00, 0x00, 0x00, 0x00, 0x00, 0x00,
  0x01, 0xFE, 0x00, 0x1F, 0x1F, 0x00, 0x7C, 0x0F, 0x81, 0xF0, 0x0F, 0x87,
  0xC0, 0x1F, 0x0F, 0x80, 0x1F, 0x3F, 0x00, 0x3E, 0x7E, 0x00, 0x7E, 0xF8,
  0x00, 0xFD, 0xF0, 0x01, 0xFF, 0xE0, 0x03, 0xFF, 0xC0, 0x07, 0xEF, 0x80,
  0x0F, 0xDF, 0x00, 0x1F, 0xBF, 0x00, 0x3F, 0x7E, 0x00, 0x7C, 0x7C, 0x00,
  0xF8, 0xF8, 0x03, 0xE0, 0xF8, 0x07, 0xC0, 0xF0, 0x1F, 0x00, 0xF8, 0x7C,
  0x00, 0x7F, 0xE0, 0x00, 0x00, 0xE0, 0x00, 0x03, 0xF1, 0x80, 0x0F, 0xFF,
  0x00, 0x19, 0xFC, 0x00, 0x20, 0xF0, 0x00, 0x00, 0x00, 0x00, 0x00, 0x00,
  0x00, 0x00, 0x00, 0x00, 0xFF, 0x00, 0x0F, 0x8F, 0x80, 0x3E, 0x07, 0xC0,
  0xF8, 0x07, 0xC3, 0xE0, 0x0F, 0x87, 0xC0, 0x0F, 0x9F, 0x80, 0x1F, 0x3F,
  0x00, 0x3F, 0x7C, 0x00, 0x7E, 0xF8, 0x00, 0xFF, 0xF0, 0x01, 0xFF, 0xE0,
  0x03, 0xF7, 0xC0, 0x07, 0xEF, 0x80, 0x0F, 0xDF, 0x80, 0x1F, 0xBF, 0x00,
  0x3E, 0x3E, 0x00, 0x7C, 0x7C, 0x01, 0xF0, 0x7C, 0x03, 0xE0, 0x78, 0x0F,
  0x80, 0x7C, 0x3E, 0x00, 0x3F, 0xF0, 0x00, 0x01, 0x81, 0x80, 0x07, 0x87,
  0x80, 0x0F, 0x9F, 0x00, 0x1F, 0x3E, 0x00, 0x3E, 0x7C, 0x00, 0x38, 0x70,
  0x00, 0x00, 0x00, 0x00, 0x00, 0x00, 0x00, 0x00, 0x00, 0x01, 0xFE, 0x00,
  0x1F, 0x1F, 0x00, 0x7C, 0x0F, 0x81, 0xF0, 0x0F, 0x87, 0xC0, 0x1F, 0x0F,
  0x80, 0x1F, 0x3F, 0x00, 0x3E, 0x7E, 0x00, 0x7E, 0xF8, 0x00, 0xFD, 0xF0,
  0x01, 0xFF, 0xE0, 0x03, 0xFF, 0xC0, 0x07, 0xEF, 0x80, 0x0F, 0xDF, 0x00,
  0x1F, 0xBF, 0x00, 0x3F, 0x7E, 0x00, 0x7C, 0x7C, 0x00, 0xF8, 0xF8, 0x03,
  0xE0, 0xF8, 0x07, 0xC0, 0xF0, 0x1F, 0x00, 0xF8, 0x7C, 0x00, 0x7F, 0xE0,
  0x00, 0x40, 0x0B, 0x80, 0x77, 0x03, 0x8E, 0x1C, 0x1C, 0xE0, 0x3F, 0x00,
  0x78, 0x01, 0xE0, 0x0F, 0xC0, 0x73, 0x83, 0x87, 0x1C, 0x0E, 0xE0, 0x1D,
  0x00, 0x20, 0x00, 0x00, 0x30, 0x00, 0x00, 0x60, 0x03, 0xFD, 0x80, 0x3E,
  0x3E, 0x00, 0xF8, 0x1F, 0x03, 0xE0, 0x1F, 0x0F, 0x80, 0x7E, 0x1F, 0x01,
  0xBE, 0x7E, 0x03, 0x7C, 0xFC, 0x0C, 0xFD, 0xF0, 0x11, 0xFB, 0xE0, 0x63,
  0xFF, 0xC0, 0x87, 0xFF, 0x83, 0x0F, 0xDF, 0x0C, 0x1F, 0xBE, 0x18, 0x3F,
  0x7E, 0x60, 0x7E, 0xFC, 0x80, 0xF8, 0xFB, 0x01, 0xF1, 0xFC, 0x07, 0xC1,
  0xF8, 0x0F, 0x81, 0xE0, 0x3E, 0x01, 0xF0, 0xF8, 0x03, 0xFF, 0xC0, 0x04,
  0x00, 0x00, 0x18, 0x00, 0x00, 0x20, 0x00, 0x00, 0x00, 0xE0, 0x00, 0x00,
  0xF0, 0x00, 0x00, 0xF8, 0x00, 0x00, 0x78, 0x00, 0x00, 0x1C, 0x00, 0x00,
  0x0E, 0x00, 0x00, 0x02, 0x00, 0x00, 0x00, 0x00, 0x00, 0x00, 0x00, 0xFF,
  0xC0, 0xFF, 0xFF, 0xE0, 0xFF, 0x1F, 0x00, 0x18, 0x1F, 0x00, 0x18, 0x1F,
  0x00, 0x18, 0x1F, 0x00, 0x18, 0x1F, 0x00, 0x18, 0x1F, 0x00, 0x18, 0x1F,
  0x00, 0x18, 0x1F, 0x00, 0x18, 0x1F, 0x00, 0x18, 0x1F, 0x00, 0x18, 0x1F,
  0x00, 0x18, 0x1F, 0x00, 0x18, 0x1F, 0x00, 0x18, 0x1F, 0x00, 0x18, 0x1F,
  0x00, 0x18, 0x1F, 0x00, 0x18, 0x0F, 0x80, 0x30, 0x0F, 0x80, 0x60, 0x07,
  0xC0, 0xE0, 0x01, 0xFF, 0x80, 0x00, 0x03, 0x80, 0x00, 0x07, 0x80, 0x00,
  0x0F, 0x80, 0x00, 0x0F, 0x00, 0x00, 0x1C, 0x00, 0x00, 0x30, 0x00, 0x00,
  0x20, 0x00, 0x00, 0x00, 0x00, 0x00, 0x00, 0x00, 0xFF, 0xC0, 0xFF, 0xFF,
  0xE0, 0xFF, 0x1F, 0x00, 0x18, 0x1F, 0x00, 0x18, 0x1F, 0x00, 0x18, 0x1F,
  0x00, 0x18, 0x1F, 0x00, 0x18, 0x1F, 0x00, 0x18, 0x1F, 0x00, 0x18, 0x1F,
  0x00, 0x18, 0x1F, 0x00, 0x18, 0x1F, 0x00, 0x18, 0x1F, 0x00, 0x18, 0x1F,
  0x00, 0x18, 0x1F, 0x00, 0x18, 0x1F, 0x00, 0x18, 0x1F, 0x00, 0x18, 0x1F,
  0x00, 0x18, 0x0F, 0x80, 0x30, 0x0F, 0x80, 0x60, 0x07, 0xC0, 0xE0, 0x01,
  0xFF, 0x80, 0x00, 0x0C, 0x00, 0x00, 0x1E, 0x00, 0x00, 0x3F, 0x00, 0x00,
  0x3F, 0x00, 0x00, 0x73, 0x80, 0x00, 0xE1, 0xC0, 0x01, 0xC0, 0xE0, 0x00,
  0x00, 0x00, 0x00, 0x00, 0x00, 0xFF, 0xC0, 0xFF, 0xFF, 0xE0, 0xFF, 0x1F,
  0x00, 0x18, 0x1F, 0x00, 0x18, 0x1F, 0x00, 0x18, 0x1F, 0x00, 0x18, 0x1F,
  0x00, 0x18, 0x1F, 0x00, 0x18, 0x1F, 0x00, 0x18, 0x1F, 0x00, 0x18, 0x1F,
  0x00, 0x18, 0x1F, 0x00, 0x18, 0x1F, 0x00, 0x18, 0x1F, 0x00, 0x18, 0x1F,
  0x00, 0x18, 0x1F, 0x00, 0x18, 0x1F, 0x00, 0x18, 0x1F, 0x00, 0x18, 0x0F,
  0x80, 0x30, 0x0F, 0x80, 0x60, 0x07, 0xC0, 0xE0, 0x01, 0xFF, 0x80, 0x00,
  0xC0, 0xC0, 0x01, 0xE1, 0xE0, 0x01, 0xF3, 0xE0, 0x01, 0xF3, 0xE0, 0x01,
  0xF3, 0xE0, 0x00, 0xE1, 0xC0, 0x00, 0x00, 0x00, 0x00, 0x00, 0x00, 0x00,
  0x00, 0x00, 0xFF, 0xC0, 0xFF, 0xFF, 0xE0, 0xFF, 0x1F, 0x00, 0x18, 0x1F,
  0x00, 0x18, 0x1F, 0x00, 0x18, 0x1F, 0x00, 0x18, 0x1F, 0x00, 0x18, 0x1F,
  0x00, 0x18, 0x1F, 0x00, 0x18, 0x1F, 0x00, 0x18, 0x1F, 0x00, 0x18, 0x1F,
  0x00, 0x18, 0x1F, 0x00, 0x18, 0x1F, 0x00, 0x18, 0x1F, 0x00, 0x18, 0x1F,
  0x00, 0x18, 0x1F, 0x00, 0x18, 0x1F, 0x00, 0x18, 0x0F, 0x80, 0x30, 0x0F,
  0x80, 0x60, 0x07, 0xC0, 0xE0, 0x01, 0xFF, 0x80, 0x00, 0x01, 0xC0, 0x00,
  0x03, 0xC0, 0x00, 0x07, 0xC0, 0x00, 0x07, 0x80, 0x00, 0x0E, 0x00, 0x00,
  0x18, 0x00, 0x00, 0x10, 0x00, 0x00, 0x00, 0x00, 0x00, 0x00, 0x00, 0xFF,
  0xF0, 0x7F, 0x7F, 0xF0, 0x3F, 0x1F, 0x80, 0x0C, 0x0F, 0xC0, 0x18, 0x0F,
  0xC0, 0x18, 0x07, 0xE0, 0x30, 0x03, 0xE0, 0x30, 0x03, 0xF0, 0x60, 0x01,
  0xF8, 0xC0, 0x00, 0xF8, 0xC0, 0x00, 0xFD, 0x80, 0x00, 0x7D, 0x80, 0x00,
  0x7F, 0x00, 0x00, 0x3F, 0x00, 0x00, 0x3E, 0x00, 0x00, 0x3E, 0x00, 0x00,
  0x3E, 0x00, 0x00, 0x3E, 0x00, 0x00, 0x3E, 0x00, 0x00, 0x3E, 0x00, 0x00,
  0x7F, 0x00, 0x01, 0xFF, 0xE0, 0xFF, 0xC0, 0x1F, 0xF8, 0x00, 0xF8, 0x00,
  0x1F, 0x00, 0x03, 0xE0, 0x00, 0x7F, 0xFE, 0x0F, 0x83, 0xF1, 0xF0, 0x3F,
  0x3E, 0x07, 0xE7, 0xC0, 0x7C, 0xF8, 0x0F, 0x9F, 0x01, 0xF3, 0xE0, 0x7E,
  0x7C, 0x0F, 0xCF, 0x83, 0xF1, 0xF0, 0xFC, 0x3F, 0xFE, 0x07, 0xC0, 0x00,
  0xF8, 0x00, 0x1F, 0x00, 0x07, 0xF8, 0x01, 0xFF, 0x80, 0x00, 0x00, 0xFC,
  0x00, 0x3F, 0xF0, 0x0F, 0x0F, 0x81, 0xE0, 0x7C, 0x1E, 0x07, 0xC3, 0xE0,
  0x78, 0x3E, 0x0F, 0x03, 0xE0, 0xE0, 0x3E, 0x18, 0x03, 0xE3, 0x80, 0x3E,
  0x38, 0x03, 0xE3, 0xE0, 0x3E, 0x3F, 0x83, 0xE1, 0xFC, 0x3E, 0x0F, 0xE3,
  0xE0, 0x7E, 0x3E, 0x03, 0xF3, 0xE0, 0x3F, 0x3E, 0x01, 0xF3, 0xE6, 0x1F,
  0x3E, 0xE1, 0xE3, 0xEE, 0x1E, 0x3E, 0x73, 0xCF, 0xE7, 0xF0, 0x1C, 0x00,
  0x0F, 0x00, 0x07, 0x80, 0x01, 0xE0, 0x00, 0x38, 0x00, 0x0E, 0x00, 0x01,
  0x00, 0x00, 0x00, 0x00, 0x80, 0x0F, 0xFC, 0x0F, 0x0F, 0x0F, 0x07, 0xC7,
  0x83, 0xE1, 0x81, 0xF0, 0x00, 0xF8, 0x07, 0xFC, 0x1F, 0x3E, 0x1F, 0x1F,
  0x1F, 0x0F, 0x8F, 0x87, 0xCF, 0xC3, 0xE3, 0xE1, 0xF1, 0xFF, 0xFE, 0x7F,
  0x3F, 0x00, 0x78, 0x00, 0x3C, 0x00, 0x3C, 0x00, 0x3C, 0x00, 0x38, 0x00,
  0x38, 0x00, 0x08, 0x00, 0x00, 0x00, 0x00, 0x80, 0x0F, 0xFC, 0x0F, 0x0F,
  0x0F, 0x07, 0xC7, 0x83, 0xE1, 0x81, 0xF0, 0x00, 0xF8, 0x07, 0xFC, 0x1F,
  0x3E, 0x1F, 0x1F, 0x1F, 0x0F, 0x8F, 0x87, 0xCF, 0xC3, 0xE3, 0xE1, 0xF1,
  0xFF, 0xFE, 0x7F, 0x3F, 0x01, 0xC0, 0x01, 0xF0, 0x00, 0xFC, 0x00, 0xEE,
  0x00, 0xE3, 0x80, 0x60, 0xE0, 0x60, 0x30, 0x00, 0x00, 0x00, 0x80, 0x0F,
  0xFC, 0x0F, 0x0F, 0x0F, 0x07, 0xC7, 0x83, 0xE1, 0x81, 0xF0, 0x00, 0xF8,
  0x07, 0xFC, 0x1F, 0x3E, 0x1F, 0x1F, 0x1F, 0x0F, 0x8F, 0x87, 0xCF, 0xC3,
  0xE3, 0xE1, 0xF1, 0xFF, 0xFE, 0x7F, 0x3F, 0x0F, 0x00, 0x0F, 0xCC, 0x07,
  0xFE, 0x02, 0x3E, 0x00, 0x06, 0x00, 0x00, 0x00, 0x02, 0x00, 0x3F, 0xF0,
  0x3C, 0x3C, 0x3C, 0x1F, 0x1E, 0x0F, 0x86, 0x07, 0xC0, 0x03, 0xE0, 0x1F,
  0xF0, 0x7C, 0xF8, 0x7C, 0x7C, 0x7C, 0x3E, 0x3E, 0x1F, 0x3F, 0x0F, 0x8F,
  0x87, 0xC7, 0xFF, 0xF9, 0xFC, 0xFC, 0x1C, 0x38, 0x1F, 0x3E, 0x0F, 0x9F,
  0x07, 0xCF, 0x83, 0xC3, 0xC0, 0x00, 0x00, 0x00, 0x00, 0x01, 0x00, 0x1F,
  0xF8, 0x1E, 0x1E, 0x1E, 0x0F, 0x8F, 0x07, 0xC3, 0x03, 0xE0, 0x01, 0xF0,
  0x0F, 0xF8, 0x3E, 0x7C, 0x3E, 0x3E, 0x3E, 0x1F, 0x1F, 0x0F, 0x9F, 0x87,
  0xC7, 0xC3, 0xE3, 0xFF, 0xFC, 0xFE, 0x7E, 0x03, 0xC0, 0x03, 0xF0, 0x03,
  0xFC, 0x03, 0x87, 0x01, 0xC3, 0x80, 0xE1, 0xC0, 0x39, 0xC0, 0x1F, 0xE0,
  0x03, 0xC0, 0x00, 0x00, 0x00, 0x20, 0x03, 0xFF, 0x03, 0xC3, 0xC3, 0xC1,
  0xF1, 0xE0, 0xF8, 0x60, 0x7C, 0x00, 0x3E, 0x01, 0xFF, 0x07, 0xCF, 0x87,
  0xC7, 0xC7, 0xC3, 0xE3, 0xE1, 0xF3, 0xF0, 0xF8, 0xF8, 0x7C, 0x7F, 0xFF,
  0x9F, 0xCF, 0xC0, 0x00, 0x80, 0x40, 0x07, 0xFB, 0xFE, 0x0F, 0x0F, 0xC7,
  0x8F, 0x07, 0xC3, 0xE7, 0x83, 0xE0, 0xF1, 0x81, 0xF0, 0x7C, 0x00, 0xF8,
  0x3E, 0x07, 0xFF, 0xFF, 0x1F, 0x3E, 0x00, 0x1F, 0x1F, 0x00, 0x1F, 0x0F,
  0x80, 0x0F, 0x87, 0xC0, 0x0F, 0xC3, 0xE0, 0x03, 0xE1, 0xF8, 0x19, 0xFF,
  0xBF, 0xF8, 0x7F, 0x0F, 0xF8, 0x00, 0xC0, 0x1F, 0xF0, 0x78, 0xF1, 0xE1,
  0xF7, 0xC1, 0xEF, 0x83, 0xFE, 0x03, 0x7C, 0x00, 0xF8, 0x01, 0xF0, 0x03,
  0xF0, 0x07, 0xE0, 0x07, 0xC0, 0x0F, 0xC1, 0xCF, 0xFF, 0x07, 0xF8, 0x03,
  0x80, 0x06, 0x00, 0x0F, 0x80, 0x07, 0x80, 0x07, 0x01, 0x9E, 0x03, 0xF8,
  0x00, 0xC0, 0x0E, 0x00, 0x0F, 0x00, 0x0F, 0x00, 0x07, 0x80, 0x01, 0xC0,
  0x00, 0xE0, 0x00, 0x20, 0x00, 0x00, 0x00, 0x80, 0x0F, 0xF8, 0x1E, 0x3C,
  0x3C, 0x3E, 0x7C, 0x1E, 0xF8, 0x1F, 0xF8, 0x1F, 0xFF, 0xFF, 0xF8, 0x00,
  0xF8, 0x00, 0xF8, 0x00, 0xFC, 0x00, 0x7C, 0x00, 0x7E, 0x06, 0x3F, 0xFC,
  0x0F, 0xF8, 0x00, 0x3C, 0x00, 0x3C, 0x00, 0x78, 0x00, 0xF0, 0x01, 0xC0,
  0x03, 0x80, 0x01, 0x00, 0x00, 0x00, 0x00, 0x80, 0x0F, 0xF8, 0x1E, 0x3C,
  0x3C, 0x3E, 0x7C, 0x1E, 0xF8, 0x1F, 0xF8, 0x1F, 0xFF, 0xFF, 0xF8, 0x00,
  0xF8, 0x00, 0xF8, 0x00, 0xFC, 0x00, 0x7C, 0x00, 0x7E, 0x06, 0x3F, 0xFC,
  0x0F, 0xF8, 0x01, 0xC0, 0x03, 0xE0, 0x03, 0xF0, 0x07, 0x70, 0x0E, 0x38,
  0x0C, 0x1C, 0x18, 0x0C, 0x00, 0x00, 0x00, 0x80, 0x0F, 0xF8, 0x1E, 0x3C,
  0x3C, 0x3E, 0x7C, 0x1E, 0xF8, 0x1F, 0xF8, 0x1F, 0xFF, 0xFF, 0xF8, 0x00,
  0xF8, 0x00, 0xF8, 0x00, 0xFC, 0x00, 0x7C, 0x00, 0x7E, 0x06, 0x3F, 0xFC,
  0x0F, 0xF8, 0x0E, 0x1C, 0x1F, 0x3E, 0x1F, 0x3E, 0x1F, 0x3E, 0x1E, 0x1E,
  0x00, 0x00, 0x00, 0x00, 0x00, 0x80, 0x0F, 0xF8, 0x1E, 0x3C, 0x3C, 0x3E,
  0x7C, 0x1E, 0xF8, 0x1F, 0xF8, 0x1F, 0xFF, 0xFF, 0xF8, 0x00, 0xF8, 0x00,
  0xF8, 0x00, 0xFC, 0x00, 0x7C, 0x00, 0x7E, 0x06, 0x3F, 0xFC, 0x0F, 0xF8,
  0xE0, 0x3C, 0x0F, 0x01, 0xE0, 0x1C, 0x03, 0x80, 0x20, 0x00, 0x00, 0x3F,
  0x87, 0xE0, 0xF8, 0x3E, 0x0F, 0x83, 0xE0, 0xF8, 0x3E, 0x0F, 0x83, 0xE0,
  0xF8, 0x3E, 0x0F, 0x83, 0xF3, 0xFF, 0x03, 0xC0, 0xF0, 0x78, 0x3C, 0x1C,
  0x0E, 0x01, 0x00, 0x00, 0x00, 0x3F, 0x87, 0xE0, 0xF8, 0x3E, 0x0F, 0x83,
  0xE0, 0xF8, 0x3E, 0x0F, 0x83, 0xE0, 0xF8, 0x3E, 0x0F, 0x83, 0xF3, 0xFF,
  0x0E, 0x03, 0xE0, 0x7E, 0x1D, 0xC7, 0x1C, 0xC1, 0xF0, 0x18, 0x00, 0x00,
  0x0F, 0xE0, 0xFC, 0x0F, 0x81, 0xF0, 0x3E, 0x07, 0xC0, 0xF8, 0x1F, 0x03,
  0xE0, 0x7C, 0x0F, 0x81, 0xF0, 0x3E, 0x07, 0xE3, 0xFF, 0x70, 0xEF, 0x9F,
  0xF9, 0xFF, 0x9F, 0xF0, 0xF0, 0x00, 0x00, 0x00, 0x00, 0x7F, 0x03, 0xF0,
  0x1F, 0x01, 0xF0, 0x1F, 0x01, 0xF0, 0x1F, 0x01, 0xF0, 0x1F, 0x01, 0xF0,
  0x1F, 0x01, 0xF0, 0x1F, 0x01, 0xF8, 0x7F, 0xE0, 0x18, 0x18, 0x07, 0xCC,
  0x00, 0x7E, 0x00, 0x07, 0xC0, 0x03, 0x78, 0x03, 0x8F, 0x00, 0x43, 0xE0,
  0x00, 0x78, 0x00, 0x1F, 0x00, 0x03, 0xC0, 0x3E, 0xF8, 0x3F, 0xFE, 0x3E,
  0x1F, 0x9F, 0x83, 0xF7, 0xC0, 0xFD, 0xF0, 0x3F, 0xFC, 0x0F, 0xFF, 0x03,
  0xFF, 0xC0, 0xFF, 0xF0, 0x3E, 0x7C, 0x0F, 0x9F, 0x03, 0xC3, 0xC1, 0xF0,
  0x78, 0x78, 0x0F, 0xF8, 0x00, 0x03, 0xC0, 0x00, 0x7E, 0x60, 0x07, 0xFE,
  0x00, 0x47, 0xC0, 0x00, 0x18, 0x00, 0x00, 0x00, 0x00, 0x0C, 0x0F, 0xE7,
  0xF8, 0x7E, 0xFF, 0x83, 0xF8, 0x7C, 0x3E, 0x07, 0xC3, 0xE0, 0x7C, 0x3E,
  0x07, 0xC3, 0xE0, 0x7C, 0x3E, 0x07, 0xC3, 0xE0, 0x7C, 0x3E, 0x07, 0xC3,
  0xE0, 0x7C, 0x3E, 0x07, 0xC3, 0xE0, 0x7C, 0x3F, 0x0F, 0xEF, 0xF9, 0xFF,
  0x0E, 0x00, 0x03, 0xC0, 0x00, 0xF0, 0x00, 0x1E, 0x00, 0x01, 0xC0, 0x00,
  0x38, 0x00, 0x02, 0x00, 0x00, 0x00, 0x00, 0xC0, 0x03, 0xFF, 0x01, 0xE1,
  0xE0, 0xF0, 0x3C, 0x7C, 0x0F, 0x9F, 0x03, 0xEF, 0xC0, 0xFF, 0xF0, 0x3F,
  0xFC, 0x0F, 0xFF, 0x03, 0xFF, 0xC0, 0xFD, 0xF0, 0x3E, 0x7C, 0x0F, 0x8F,
  0x03, 0xC1, 0xE1, 0xE0, 0x3F, 0xF0, 0x00, 0x3C, 0x00, 0x0F, 0x00, 0x07,
  0x80, 0x03, 0xC0, 0x01, 0xC0, 0x00, 0xE0, 0x00, 0x10, 0x00, 0x00, 0x00,
  0x00, 0xC0, 0x03, 0xFF, 0x01, 0xE1, 0xE0, 0xF0, 0x3C, 0x7C, 0x0F, 0x9F,
  0x03, 0xEF, 0xC0, 0xFF, 0xF0, 0x3F, 0xFC, 0x0F, 0xFF, 0x03, 0xFF, 0xC0,
  0xFD, 0xF0, 0x3E, 0x7C, 0x0F, 0x8F, 0x03, 0xC1, 0xE1, 0xE0, 0x3F, 0xF0,
  0x01, 0xC0, 0x00, 0xF8, 0x00, 0x3F, 0x00, 0x1D, 0xC0, 0x0E, 0x38, 0x03,
  0x07, 0x01, 0x80, 0xC0, 0x00, 0x00, 0x00, 0xC0, 0x03, 0xFF, 0x01, 0xE1,
  0xE0, 0xF0, 0x3C, 0x7C, 0x0F, 0x9F, 0x03, 0xEF, 0xC0, 0xFF, 0xF0, 0x3F,
  0xFC, 0x0F, 0xFF, 0x03, 0xFF, 0xC0, 0xFD, 0xF0, 0x3E, 0x7C, 0x0F, 0x8F,
  0x03, 0xC1, 0xE1, 0xE0, 0x3F, 0xF0, 0x07, 0x80, 0x03, 0xF3, 0x00, 0xFF,
  0xC0, 0x23, 0xE0, 0x00, 0x30, 0x00, 0x00, 0x00, 0x0C, 0x00, 0x3F, 0xF0,
  0x1E, 0x1E, 0x0F, 0x03, 0xC7, 0xC0, 0xF9, 0xF0, 0x3E, 0xFC, 0x0F, 0xFF,
  0x03, 0xFF, 0xC0, 0xFF, 0xF0, 0x3F, 0xFC, 0x0F, 0xDF, 0x03, 0xE7, 0xC0,
  0xF8, 0xF0, 0x3C, 0x1E, 0x1E, 0x03, 0xFF, 0x00, 0x0E, 0x1C, 0x07, 0xCF,
  0x81, 0xF3, 0xE0, 0x7C, 0xF8, 0x1E, 0x1E, 0x00, 0x00, 0x00, 0x00, 0x00,
  0x03, 0x00, 0x0F, 0xFC, 0x07, 0x87, 0x83, 0xC0, 0xF1, 0xF0, 0x3E, 0x7C,
  0x0F, 0xBF, 0x03, 0xFF, 0xC0, 0xFF, 0xF0, 0x3F, 0xFC, 0x0F, 0xFF, 0x03,
  0xF7, 0xC0, 0xF9, 0xF0, 0x3E, 0x3C, 0x0F, 0x07, 0x87, 0x80, 0xFF, 0xC0,
  0x03, 0x00, 0x1E, 0x00, 0xFC, 0x03, 0xF0, 0x0F, 0xC0, 0x1E, 0x00, 0x00,
  0x00, 0x00, 0xFF, 0xFF, 0xFF, 0xF0, 0x00, 0x00, 0x00, 0x03, 0x80, 0x1F,
  0x00, 0xFC, 0x03, 0xF0, 0x07, 0xC0, 0x1E, 0x00, 0x00, 0x04, 0x00, 0x03,
  0x00, 0x0C, 0xC0, 0x3F, 0xF0, 0x1E, 0x1E, 0x0F, 0x0F, 0xC7, 0xC3, 0xF9,
  0xF0, 0xBE, 0xFC, 0x6F, 0xFF, 0x13, 0xFF, 0xCC, 0xFF, 0xF2, 0x3F, 0xFD,
  0x8F, 0xDF, 0x43, 0xE7, 0xF0, 0xF8, 0xF8, 0x3C, 0x1E, 0x1E, 0x03, 0xFF,
  0x00, 0xC0, 0x00, 0x60, 0x00, 0x08, 0x00, 0x00, 0x07, 0x00, 0x00, 0xF0,
  0x00, 0x1E, 0x00, 0x01, 0xE0, 0x00, 0x0E, 0x00, 0x00, 0xE0, 0x00, 0x04,
  0x00, 0x00, 0x00, 0x00, 0x00, 0x1F, 0xC7, 0xF0, 0xF8, 0x3E, 0x1F, 0x07,
  0xC3, 0xE0, 0xF8, 0x7C, 0x1F, 0x0F, 0x83, 0xE1, 0xF0, 0x7C, 0x3E, 0x0F,
  0x87, 0xC1, 0xF0, 0xF8, 0x3E, 0x1F, 0x07, 0xC3, 0xE0, 0xF8, 0x7C, 0x3F,
  0x0F, 0xFD, 0xF8, 0xFF, 0x3F, 0x00, 0x1E, 0x00, 0x03, 0xC0, 0x00, 0xF0,
  0x00, 0x3C, 0x00, 0x0E, 0x00, 0x03, 0x80, 0x00, 0x20, 0x00, 0x00, 0x00,
  0x00, 0x00, 0x1F, 0xC7, 0xF0, 0xF8, 0x3E, 0x1F, 0x07, 0xC3, 0xE0, 0xF8,
  0x7C, 0x1F, 0x0F, 0x83, 0xE1, 0xF0, 0x7C, 0x3E, 0x0F, 0x87, 0xC1, 0xF0,
  0xF8, 0x3E, 0x1F, 0x07, 0xC3, 0xE0, 0xF8, 0x7C, 0x3F, 0x0F, 0xFD, 0xF8,
  0xFF, 0x3F, 0x00, 0xE0, 0x00, 0x3E, 0x00, 0x07, 0xE0, 0x01, 0xDC, 0x00,
  0x71, 0xC0, 0x0C, 0x1C, 0x03, 0x01, 0x80, 0x00, 0x00, 0x00, 0x00, 0x1F,
  0xC7, 0xF0, 0xF8, 0x3E, 0x1F, 0x07, 0xC3, 0xE0, 0xF8, 0x7C, 0x1F, 0x0F,
  0x83, 0xE1, 0xF0, 0x7C, 0x3E, 0x0F, 0x87, 0xC1, 0xF0, 0xF8, 0x3E, 0x1F,
  0x07, 0xC3, 0xE0, 0xF8, 0x7C, 0x3F, 0x0F, 0xFD, 0xF8, 0xFF, 0x3F, 0x0E,
  0x1C, 0x03, 0xE7, 0xC0, 0x7C, 0xF8, 0x0F, 0x9F, 0x01, 0xE1, 0xE0, 0x00,
  0x00, 0x00, 0x00, 0x00, 0x00, 0x00, 0xFE, 0x3F, 0x87, 0xC1, 0xF0, 0xF8,
  0x3E, 0x1F, 0x07, 0xC3, 0xE0, 0xF8, 0x7C, 0x1F, 0x0F, 0x83, 0xE1, 0xF0,
  0x7C, 0x3E, 0x0F, 0x87, 0xC1, 0xF0, 0xF8, 0x3E, 0x1F, 0x07, 0xC3, 0xE1,
  0xF8, 0x7F, 0xEF, 0xC7, 0xF9, 0xF8, 0x00, 0x1E, 0x00, 0x07, 0x80, 0x03,
  0xC0, 0x01, 0xE0, 0x00, 0xE0, 0x00, 0x70, 0x00, 0x08, 0x00, 0x00, 0x00,
  0x00, 0x00, 0x3F, 0xE3, 0xF7, 0xE0, 0x30, 0xF8, 0x1C, 0x1F, 0x06, 0x07,
  0xC1, 0x81, 0xF8, 0xC0, 0x3E, 0x30, 0x0F, 0x8C, 0x01, 0xF6, 0x00, 0x7D,
  0x80, 0x0F, 0xC0, 0x03, 0xF0, 0x00, 0x7C, 0x00, 0x1E, 0x00, 0x03, 0x80,
  0x00, 0xC0, 0x00, 0x30, 0x02, 0x18, 0x01, 0xCE, 0x00, 0x7F, 0x00, 0x1F,
  0x80, 0x01, 0xC0, 0x00, 0xFE, 0x00, 0x1F, 0xC0, 0x00, 0xF8, 0x00, 0x1F,
  0x00, 0x03, 0xE0, 0x00, 0x7C, 0x00, 0x0F, 0x80, 0x01, 0xF0, 0x00, 0x3E,
  0x10, 0x07, 0xDF, 0xE0, 0xFF, 0xFE, 0x1F, 0x07, 0xE3, 0xE0, 0x7C, 0x7C,
  0x0F, 0x8F, 0x81, 0xF9, 0xF0, 0x1F, 0x3E, 0x03, 0xE7, 0xC0, 0x7C, 0xF8,
  0x1F, 0x9F, 0x03, 0xE3, 0xE0, 0x7C, 0x7C, 0x1F, 0x0F, 0xC7, 0xC1, 0xFF,
  0xF0, 0x3E, 0x00, 0x07, 0xC0, 0x00, 0xF8, 0x00, 0x1F, 0x00, 0x03, 0xE0,
  0x00, 0xFF, 0x00, 0x3F, 0xF0, 0x00, 0x07, 0x0E, 0x03, 0xE7, 0xC0, 0xF9,
  0xF0, 0x3E, 0x7C, 0x0F, 0x0F, 0x00, 0x00, 0x00, 0x00, 0x00, 0x00, 0x00,
  0xFF, 0x8F, 0xDF, 0x80, 0xC3, 0xE0, 0x70, 0x7C, 0x18, 0x1F, 0x06, 0x07,
  0xE3, 0x00, 0xF8, 0xC0, 0x3E, 0x30, 0x07, 0xD8, 0x01, 0xF6, 0x00, 0x3F,
  0x00, 0x0F, 0xC0, 0x01, 0xF0, 0x00, 0x78, 0x00, 0x0E, 0x00, 0x03, 0x00,
  0x00, 0xC0, 0x08, 0x60, 0x07, 0x38, 0x01, 0xFC, 0x00, 0x7E, 0x00, 0x07,
  0x00, 0x00 };

const GFXglyph Gelasio_Bold16pt8bGlyphs[] PROGMEM = {
  {     0,   1,   1,   8,    0,    0 },   // 0x20 ' '
  {     1,   7,  23,  12,    2,  -22 },   // 0x21 '!'
  {    22,  12,  12,  16,    3,  -25 },   // 0x22 '"'
  {    40,  18,  22,  22,    2,  -21 },   // 0x23 '#'
  {    90,  17,  28,  20,    2,  -23 },   // 0x24 '$'
  {   150,  25,  23,  28,    1,  -21 },   // 0x25 '%'
  {   222,  24,  22,  25,    1,  -21 },   // 0x26 '&'
  {   288,   4,  12,   8,    3,  -25 },   // 0x27 '''
  {   294,  11,  28,  14,    1,  -22 },   // 0x28 '('
  {   333,  11,  28,  14,    1,  -22 },   // 0x29 ')'
  {   372,  15,  15,  15,    0,  -23 },   // 0x2A '*'
  {   401,  14,  15,  22,    4,  -15 },   // 0x2B '+'
  {   428,   6,  11,  10,    2,   -4 },   // 0x2C ','
  {   437,   9,   3,  12,    1,   -9 },   // 0x2D '-'
  {   441,   6,   6,  10,    2,   -5 },   // 0x2E '.'
  {   446,  11,  31,  15,    2,  -23 },   // 0x2F '/'
  {   489,  18,  18,  22,    2,  -17 },   // 0x30 '0'
  {   530,  12,  18,  15,    2,  -17 },   // 0x31 '1'
  {   557,  16,  18,  20,    2,  -17 },   // 0x32 '2'
  {   593,  17,  24,  20,    1,  -17 },   // 0x33 '3'
  {   644,  18,  23,  20,    1,  -17 },   // 0x34 '4'
  {   696,  17,  24,  19,    1,  -17 },   // 0x35 '5'
  {   747,  18,  24,  20,    1,  -23 },   // 0x36 '6'
  {   801,  16,  23,  17,    1,  -17 },   // 0x37 '7'
  {   847,  17,  22,  21,    2,  -21 },   // 0x38 '8'
  {   894,  18,  24,  20,    1,  -17 },   // 0x39 '9'
  {   948,   6,  16,  12,    3,  -15 },   // 0x3A ':'
  {   960,   7,  22,  12,    2,  -15 },   // 0x3B ';'
  {   980,  15,  18,  22,    3,  -17 },   // 0x3C '<'
  {  1014,  14,   9,  22,    4,  -12 },   // 0x3D '='
  {  1030,  15,  18,  22,    4,  -17 },   // 0x3E '>'
  {  1064,  15,  23,  17,    1,  -22 },   // 0x3F '?'
  {  1108,  25,  26,  30,    3,  -20 },   // 0x40 '@'
  {  1190,  24,  22,  24,    0,  -21 },   // 0x41 'A'
  {  1256,  21,  22,  24,    2,  -21 },   // 0x42 'B'
  {  1314,  20,  22,  22,    1,  -21 },   // 0x43 'C'
  {  1369,  23,  22,  26,    2,  -21 },   // 0x44 'D'
  {  1433,  20,  22,  23,    2,  -21 },   // 0x45 'E'
  {  1488,  18,  22,  21,    2,  -21 },   // 0x46 'F'
  {  1538,  23,  22,  25,    1,  -21 },   // 0x47 'G'
  {  1602,  25,  22,  29,    2,  -21 },   // 0x48 'H'
  {  1671,  10,  22,  14,    2,  -21 },   // 0x49 'I'
  {  1699,  17,  22,  19,    1,  -21 },   // 0x4A 'J'
  {  1746,  23,  22,  26,    2,  -21 },   // 0x4B 'K'
  {  1810,  19,  22,  21,    2,  -21 },   // 0x4C 'L'
  {  1863,  30,  22,  32,    1,  -21 },   // 0x4D 'M'
  {  1946,  25,  22,  26,    1,  -21 },   // 0x4E 'N'
  {  2015,  23,  22,  26,    1,  -21 },   // 0x4F 'O'
  {  2079,  19,  22,  22,    2,  -21 },   // 0x50 'P'
  {  2132,  23,  28,  26,    1,  -21 },   // 0x51 'Q'
  {  2213,  22,  22,  25,    2,  -21 },   // 0x52 'R'
  {  2274,  17,  22,  20,    2,  -21 },   // 0x53 'S'
  {  2321,  21,  22,  21,    0,  -21 },   // 0x54 'T'
  {  2379,  24,  22,  26,    1,  -21 },   // 0x55 'U'
  {  2445,  26,  22,  24,   -1,  -21 },   // 0x56 'V'
  {  2517,  37,  22,  35,   -1,  -21 },   // 0x57 'W'
  {  2619,  25,  22,  25,    0,  -21 },   // 0x58 'X'
  {  2688,  24,  22,  23,   -1,  -21 },   // 0x59 'Y'
  {  2754,  19,  22,  22,    1,  -21 },   // 0x5A 'Z'
  {  2807,   9,  29,  14,    3,  -23 },   // 0x5B '['
  {  2840,  12,  31,  15,    0,  -22 },   // 0x5C '\'
  {  2887,   9,  29,  14,    2,  -23 },   // 0x5D ']'
  {  2920,  16,  17,  22,    3,  -21 },   // 0x5E '^'
  {  2954,  22,   2,  22,    0,    4 },   // 0x5F '_'
  {  2960,   8,   7,  16,    3,  -23 },   // 0x60 '`'
  {  2967,  17,  16,  19,    1,  -15 },   // 0x61 'a'
  {  3001,  19,  24,  20,    0,  -23 },   // 0x62 'b'
  {  3058,  15,  16,  17,    1,  -15 },   // 0x63 'c'
  {  3088,  19,  24,  21,    1,  -23 },   // 0x64 'd'
  {  3145,  16,  16,  18,    1,  -15 },   // 0x65 'e'
  {  3177,  13,  24,  12,    1,  -23 },   // 0x66 'f'
  {  3216,  17,  23,  18,    1,  -15 },   // 0x67 'g'
  {  3265,  21,  24,  21,    0,  -23 },   // 0x68 'h'
  {  3328,  10,  23,  11,    1,  -22 },   // 0x69 'i'
  {  3357,  11,  30,  11,   -3,  -22 },   // 0x6A 'j'
  {  3399,  20,  24,  20,    0,  -23 },   // 0x6B 'k'
  {  3459,  10,  24,  11,    0,  -23 },   // 0x6C 'l'
  {  3489,  31,  16,  32,    1,  -15 },   // 0x6D 'm'
  {  3551,  20,  16,  22,    1,  -15 },   // 0x6E 'n'
  {  3591,  18,  16,  20,    1,  -15 },   // 0x6F 'o'
  {  3627,  19,  23,  21,    0,  -15 },   // 0x70 'p'
  {  3682,  19,  23,  20,    2,  -15 },   // 0x71 'q'
  {  3737,  15,  16,  16,    1,  -15 },   // 0x72 'r'
  {  3767,  14,  16,  16,    1,  -15 },   // 0x73 's'
  {  3795,  11,  20,  12,    1,  -19 },   // 0x74 't'
  {  3823,  19,  15,  21,    1,  -14 },   // 0x75 'u'
  {  3859,  20,  15,  18,   -1,  -14 },   // 0x76 'v'
  {  3897,  29,  15,  27,   -1,  -14 },   // 0x77 'w'
  {  3952,  18,  15,  18,    0,  -14 },   // 0x78 'x'
  {  3986,  18,  22,  18,    0,  -14 },   // 0x79 'y'
  {  4036,  15,  15,  16,    1,  -14 },   // 0x7A 'z'
  {  4065,  13,  29,  16,    1,  -23 },   // 0x7B '{'
  {  4113,   2,  29,  12,    5,  -22 },   // 0x7C '|'
  {  4121,  13,  29,  16,    2,  -23 },   // 0x7D '}'
  {  4169,  14,   5,  22,    4,  -10 },   // 0x7E '~'
  {  4178,   1,   1,  16,    0,    0 },   // 0x7F
  {  4179,  24,  24,  31,    4,  -23 },   // 0x80
  {  4251,  24,  24,  31,    4,  -23 },   // 0x81
  {  4323,  24,  24,  31,    4,  -23 },   // 0x82
  {  4395,  24,  24,  31,    4,  -23 },   // 0x83
  {  4467,  24,  24,  31,    4,  -23 },   // 0x84
  {  4539,  24,  24,  31,    4,  -23 },   // 0x85
  {  4611,  24,  24,  31,    4,  -23 },   // 0x86
  {  4683,  24,  24,  31,    4,  -23 },   // 0x87
  {  4755,  24,  24,  31,    4,  -23 },   // 0x88
  {  4827,  24,  24,  31,    4,  -23 },   // 0x89
  {  4899,  24,  24,  31,    4,  -23 },   // 0x8A
  {  4971,  24,  24,  31,    4,  -23 },   // 0x8B
  {  5043,  24,  24,  31,    4,  -23 },   // 0x8C
  {  5115,  24,  24,  31,    4,  -23 },   // 0x8D
  {  5187,  24,  24,  31,    4,  -23 },   // 0x8E
  {  5259,  24,  24,  31,    4,  -23 },   // 0x8F
  {  5331,  24,  24,  31,    4,  -23 },   // 0x90
  {  5403,  24,  24,  31,    4,  -23 },   // 0x91
  {  5475,  24,  24,  31,    4,  -23 },   // 0x92
  {  5547,  24,  24,  31,    4,  -23 },   // 0x93
  {  5619,  24,  24,  31,    4,  -23 },   // 0x94
  {  5691,  24,  24,  31,    4,  -23 },   // 0x95
  {  5763,  24,  24,  31,    4,  -23 },   // 0x96
  {  5835,  24,  24,  31,    4,  -23 },   // 0x97
  {  5907,  24,  24,  31,    4,  -23 },   // 0x98
  {  5979,  24,  24,  31,    4,  -23 },   // 0x99
  {  6051,  24,  24,  31,    4,  -23 },   // 0x9A
  {  6123,  24,  24,  31,    4,  -23 },   // 0x9B
  {  6195,  24,  24,  31,    4,  -23 },   // 0x9C
  {  6267,  24,  24,  31,    4,  -23 },   // 0x9D
  {  6339,  24,  24,  31,    4,  -23 },   // 0x9E
  {  6411,  24,  24,  31,    4,  -23 },   // 0x9F
  {  6483,   1,   1,   8,    0,    0 },   // 0xA0
  {  6484,   7,  24,  12,    2,  -21 },   // 0xA1
  {  6505,  15,  22,  19,    2,  -18 },   // 0xA2
  {  6547,  19,  22,  22,    1,  -21 },   // 0xA3
  {  6600,  15,  15,  22,    3,  -15 },   // 0xA4
  {  6629,  24,  22,  23,   -1,  -21 },   // 0xA5
  {  6695,   2,  29,  12,    5,  -22 },   // 0xA6
  {  6703,  14,  29,  18,    2,  -21 },   // 0xA7
  {  6754,  12,   5,  16,    2,  -22 },   // 0xA8
  {  6762,  27,  27,  30,    1,  -22 },   // 0xA9
  {  6854,  14,  13,  17,    2,  -21 },   // 0xAA
  {  6877,  15,  15,  19,    2,  -15 },   // 0xAB
  {  6906,  14,   8,  22,    4,   -9 },   // 0xAC
  {  6920,  24,  24,  31,    4,  -23 },   // 0xAD
  {  6992,  27,  27,  30,    1,  -22 },   // 0xAE
  {  7084,   9,   2,  22,    0,  -21 },   // 0xAF
  {  7087,  11,  10,  13,    1,  -21 },   // 0xB0
  {  7101,  14,  16,  22,    4,  -15 },   // 0xB1
  {  7129,  13,  15,  17,    2,  -26 },   // 0xB2
  {  7154,  13,  15,  17,    2,  -26 },   // 0xB3
  {  7179,   8,   7,  16,    3,  -23 },   // 0xB4
  {  7186,  19,  22,  21,    2,  -14 },   // 0xB5
  {  7239,  16,  26,  17,    1,  -21 },   // 0xB6
  {  7291,   6,   6,  11,    2,  -14 },   // 0xB7
  {  7296,   8,   8,   9,    0,    1 },   // 0xB8
  {  7304,  12,  15,  17,    2,  -26 },   // 0xB9
  {  7327,  15,  13,  17,    1,  -21 },   // 0xBA
  {  7352,  16,  15,  19,    2,  -15 },   // 0xBB
  {  7382,  33,  23,  34,    1,  -22 },   // 0xBC
  {  7477,  32,  23,  34,    1,  -22 },   // 0xBD
  {  7569,  32,  23,  34,    1,  -22 },   // 0xBE
  {  7661,  15,  23,  17,    1,  -22 },   // 0xBF
  {  7705,  24,  31,  24,    0,  -30 },   // 0xC0
  {  7798,  24,  31,  24,    0,  -30 },   // 0xC1
  {  7891,  24,  31,  24,    0,  -30 },   // 0xC2
  {  7984,  24,  30,  24,    0,  -29 },   // 0xC3
  {  8074,  24,  31,  24,    0,  -30 },   // 0xC4
  {  8167,  24,  30,  24,    0,  -29 },   // 0xC5
  {  8257,  34,  22,  34,   -1,  -21 },   // 0xC6
  {  8351,  20,  30,  22,    1,  -21 },   // 0xC7
  {  8426,  20,  31,  23,    2,  -30 },   // 0xC8
  {  8504,  20,  31,  23,    2,  -30 },   // 0xC9
  {  8582,  20,  31,  23,    2,  -30 },   // 0xCA
  {  8660,  20,  31,  23,    2,  -30 },   // 0xCB
  {  8738,  10,  31,  14,    2,  -30 },   // 0xCC
  {  8777,  10,  31,  14,    2,  -30 },   // 0xCD
  {  8816,  12,  31,  14,    1,  -30 },   // 0xCE
  {  8863,  12,  31,  14,    1,  -30 },   // 0xCF
  {  8910,  24,  22,  26,    1,  -21 },   // 0xD0
  {  8976,  25,  30,  26,    1,  -29 },   // 0xD1
  {  9070,  23,  31,  26,    1,  -30 },   // 0xD2
  {  9160,  23,  31,  26,    1,  -30 },   // 0xD3
  {  9250,  23,  31,  26,    1,  -30 },   // 0xD4
  {  9340,  23,  30,  26,    1,  -29 },   // 0xD5
  {  9427,  23,  31,  26,    1,  -30 },   // 0xD6
  {  9517,  14,  14,  22,    4,  -15 },   // 0xD7
  {  9542,  23,  27,  26,    1,  -23 },   // 0xD8
  {  9620,  24,  31,  26,    1,  -30 },   // 0xD9
  {  9713,  24,  31,  26,    1,  -30 },   // 0xDA
  {  9806,  24,  31,  26,    1,  -30 },   // 0xDB
  {  9899,  24,  31,  26,    1,  -30 },   // 0xDC
  {  9992,  24,  31,  23,   -1,  -30 },   // 0xDD
  { 10085,  19,  22,  22,    2,  -21 },   // 0xDE
  { 10138,  20,  24,  21,    0,  -23 },   // 0xDF
  { 10198,  17,  24,  19,    1,  -23 },   // 0xE0
  { 10249,  17,  24,  19,    1,  -23 },   // 0xE1
  { 10300,  17,  24,  19,    1,  -23 },   // 0xE2
  { 10351,  17,  22,  19,    1,  -21 },   // 0xE3
  { 10398,  17,  23,  19,    1,  -22 },   // 0xE4
  { 10447,  17,  26,  19,    1,  -25 },   // 0xE5
  { 10503,  25,  16,  27,    1,  -15 },   // 0xE6
  { 10553,  15,  24,  17,    1,  -15 },   // 0xE7
  { 10598,  16,  24,  18,    1,  -23 },   // 0xE8
  { 10646,  16,  24,  18,    1,  -23 },   // 0xE9
  { 10694,  16,  24,  18,    1,  -23 },   // 0xEA
  { 10742,  16,  23,  18,    1,  -22 },   // 0xEB
  { 10788,  10,  24,  11,    1,  -23 },   // 0xEC
  { 10818,  10,  24,  11,    1,  -23 },   // 0xED
  { 10848,  11,  24,  11,    0,  -23 },   // 0xEE
  { 10881,  12,  23,  11,    0,  -22 },   // 0xEF
  { 10916,  18,  25,  20,    1,  -24 },   // 0xF0
  { 10973,  20,  22,  22,    1,  -21 },   // 0xF1
  { 11028,  18,  24,  20,    1,  -23 },   // 0xF2
  { 11082,  18,  24,  20,    1,  -23 },   // 0xF3
  { 11136,  18,  24,  20,    1,  -23 },   // 0xF4
  { 11190,  18,  22,  20,    1,  -21 },   // 0xF5
  { 11240,  18,  23,  20,    1,  -22 },   // 0xF6
  { 11292,  14,  18,  22,    4,  -17 },   // 0xF7
  { 11324,  18,  21,  20,    1,  -17 },   // 0xF8
  { 11372,  19,  24,  21,    1,  -23 },   // 0xF9
  { 11429,  19,  24,  21,    1,  -23 },   // 0xFA
  { 11486,  19,  24,  21,    1,  -23 },   // 0xFB
  { 11543,  19,  23,  21,    1,  -22 },   // 0xFC
  { 11598,  18,  31,  18,    0,  -23 },   // 0xFD
  { 11668,  19,  31,  20,    0,  -23 },   // 0xFE
  { 11742,  18,  30,  18,    0,  -22 } }; // 0xFF

const GFXfont Gelasio_Bold16pt8b PROGMEM = {
  (uint8_t  *)Gelasio_Bold16pt8bBitmaps,
  (GFXglyph *)Gelasio_Bold16pt8bGlyphs,
  0x20, 0xFF, 40 };

// Approx. 13385 bytes

const uint8_t Gelasio_Bold24pt8bBitmaps[] PROGMEM = {
  0x00, 0x3E, 0x1F, 0xEF, 0xFB, 0xFF, 0xFF, 0xFF, 0xFF, 0xFF, 0xFF, 0xFF,
  0x9F, 0xE7, 0xF0, 0xFC, 0x3F, 0x0F, 0x83, 0xE0, 0x78, 0x1E, 0x07, 0x81,
  0xC0, 0x70, 0x1C, 0x07, 0x00, 0xC0, 0x00, 0x00, 0x00, 0x00, 0x00, 0xF8,
  0x7F, 0x9F, 0xEF, 0xFB, 0xFE, 0x7F, 0x9F, 0xE3, 0xF0, 0x7C, 0x0F, 0xBE,
  0x07, 0xFF, 0x07, 0xFF, 0x83, 0xFF, 0xC1, 0xFF, 0xE0, 0xFF, 0xE0, 0x7D,
  0xF0, 0x3E, 0xF0, 0x1E, 0x78, 0x0F, 0x3C, 0x07, 0x9C, 0x03, 0x8E, 0x01,
  0xC7, 0x00, 0xE3, 0x80, 0x71, 0x80, 0x30, 0xC0, 0x18, 0x00, 0x00, 0x38,
  0x0F, 0x00, 0x0F, 0x01, 0xC0, 0x01, 0xE0, 0x38, 0x00, 0x38, 0x07, 0x00,
  0x07, 0x01, 0xE0, 0x00, 0xE0, 0x3C, 0x00, 0x1C, 0x07, 0x00, 0x07, 0x80,
  0xE0, 0x00, 0xF0, 0x1C, 0x07, 0xFF, 0xFF, 0xFC, 0xFF, 0xFF, 0xFF, 0x9F,
  0xFF, 0xFF, 0xF0, 0x1E, 0x03, 0x80, 0x03, 0xC0, 0x70, 0x00, 0x70, 0x1E,
  0x00, 0x0E, 0x03, 0xC0, 0x01, 0xC0, 0x78, 0x00, 0x78, 0x0E, 0x00, 0x0F,
  0x01, 0xC0, 0x01, 0xC0, 0x38, 0x00, 0x38, 0x0F, 0x01, 0xFF, 0xFF, 0xFF,
  0x3F, 0xFF, 0xFF, 0xE7, 0xFF, 0xFF, 0xFC, 0x07, 0x00, 0xE0, 0x00, 0xE0,
  0x3C, 0x00, 0x1C, 0x07, 0x80, 0x03, 0x80, 0xE0, 0x00, 0xF0, 0x1C, 0x00,
  0x1E, 0x03, 0x80, 0x03, 0x80, 0xF0, 0x00, 0x70, 0x1E, 0x00, 0x0E, 0x03,
  0x80, 0x00, 0x00, 0x1C, 0x00, 0x00, 0x0E, 0x00, 0x00, 0x07, 0x00, 0x00,
  0x03, 0x80, 0x00, 0x01, 0xC0, 0x00, 0x07, 0xFC, 0x20, 0x1F, 0xFF, 0xF8,
  0x1F, 0x01, 0xFC, 0x1F, 0x00, 0x3E, 0x1F, 0x80, 0x0F, 0x1F, 0xC0, 0x03,
  0x8F, 0xE0, 0x01, 0xC7, 0xF0, 0x00, 0x63, 0xFC, 0x00, 0x31, 0xFF, 0x00,
  0x00, 0xFF, 0xC0, 0x00, 0x7F, 0xF8, 0x00, 0x1F, 0xFF, 0x00, 0x07, 0xFF,
  0xE0, 0x01, 0xFF, 0xFC, 0x00, 0x7F, 0xFF, 0x80, 0x1F, 0xFF, 0xE0, 0x03,
  0xFF, 0xF8, 0x00, 0x7F, 0xFE, 0x00, 0x0F, 0xFF, 0xF0, 0x01, 0xFF, 0xF8,
  0x00, 0x3F, 0xFC, 0x00, 0x0F, 0xFF, 0x00, 0x03, 0xFF, 0x80, 0x01, 0xFF,
  0xE0, 0x00, 0xFF, 0xF8, 0x00, 0x7E, 0xFE, 0x00, 0x3E, 0x7F, 0x80, 0x3E,
  0x3F, 0xF8, 0xFE, 0x0C, 0x7F, 0xFC, 0x00, 0x03, 0xE0, 0x00, 0x00, 0xC0,
  0x00, 0x00, 0x60, 0x00, 0x00, 0x30, 0x00, 0x00, 0x18, 0x00, 0x00, 0x07,
  0xF8, 0x00, 0x1C, 0x00, 0xFF, 0xF0, 0x01, 0xE0, 0x0F, 0x87, 0xC0, 0x0E,
  0x00, 0xF8, 0x3F, 0x00, 0xE0, 0x07, 0xC0, 0xF8, 0x0F, 0x00, 0x7E, 0x07,
  0xC0, 0x70, 0x03, 0xF0, 0x3F, 0x07, 0x80, 0x1F, 0x81, 0xF8, 0x38, 0x00,
  0xFC, 0x0F, 0xC3, 0x80, 0x07, 0xE0, 0x7E, 0x3C, 0x00, 0x3F, 0x03, 0xF1,
  0xC0, 0x00, 0xF8, 0x1F, 0x1E, 0x00, 0x07, 0xC1, 0xF8, 0xE0, 0x00, 0x1F,
  0x0F, 0x8E, 0x00, 0x00, 0x78, 0xF8, 0xF0, 0x00, 0x01, 0xFF, 0x87, 0x00,
  0x00, 0x03, 0xE0, 0x70, 0x00, 0x00, 0x00, 0x07, 0x83, 0xF8, 0x00, 0x00,
  0x38, 0x7F, 0xF0, 0x00, 0x03, 0xC7, 0x87, 0xC0, 0x00, 0x1C, 0x7C, 0x1F,
  0x00, 0x01, 0xC7, 0xE0, 0xF8, 0x00, 0x1E, 0x3F, 0x07, 0xE0, 0x00, 0xE1,
  0xF0, 0x3F, 0x00, 0x0E, 0x0F, 0x81, 0xF8, 0x00, 0xF0, 0x7C, 0x0F, 0xC0,
  0x07, 0x03, 0xE0, 0x7E, 0x00, 0x78, 0x1F, 0x03, 0xF0, 0x03, 0x80, 0xFC,
  0x1F, 0x80, 0x38, 0x07, 0xE0, 0xF8, 0x03, 0xC0, 0x1F, 0x07, 0xC0, 0x1C,
  0x00, 0x7C, 0x7C, 0x01, 0xE0, 0x01, 0xFF, 0xC0, 0x00, 0x00, 0x01, 0xF0,
  0x00, 0x00, 0x7F, 0xF0, 0x00, 0x00, 0x1F, 0xFF, 0xC0, 0x00, 0x03, 0xF0,
  0x7E, 0x00, 0x00, 0x7F, 0x03, 0xE0, 0x00, 0x07, 0xE0, 0x3F, 0x00, 0x00,
  0xFE, 0x01, 0xF0, 0x00, 0x0F, 0xE0, 0x1F, 0x00, 0x00, 0xFF, 0x01, 0xF0,
  0x00, 0x0F, 0xF0, 0x3E, 0x00, 0x00, 0x7F, 0x03, 0xE0, 0x00, 0x07, 0xF8,
  0x7C, 0x00, 0x00, 0x7F, 0xCF, 0x80, 0x00, 0x03, 0xFF, 0xE0, 0xFF, 0xC0,
  0x1F, 0xFC, 0x1F, 0xFE, 0x01, 0xFF, 0x80, 0x7F, 0x80, 0x0F, 0xFC, 0x01,
  0xF0, 0x03, 0xFF, 0xE0, 0x1E, 0x00, 0xFF, 0xFE, 0x01, 0xE0, 0x1F, 0xDF,
  0xF0, 0x1E, 0x03, 0xF8, 0xFF, 0x81, 0xC0, 0x7F, 0x07, 0xFC, 0x1C, 0x07,
  0xF0, 0x3F, 0xE3, 0x80, 0xFF, 0x01, 0xFF, 0x38, 0x0F, 0xF0, 0x0F, 0xFF,
  0x00, 0xFF, 0x00, 0xFF, 0xE0, 0x0F, 0xF0, 0x07, 0xFE, 0x00, 0xFF, 0x80,
  0x3F, 0xF0, 0x0F, 0xF8, 0x01, 0xFF, 0x80, 0x7F, 0xC0, 0x0F, 0xFC, 0x07,
  0xFF, 0x07, 0xFF, 0xE0, 0x3F, 0xFF, 0xFB, 0xFF, 0x81, 0xFF, 0xFE, 0x1F,
  0xFF, 0x07, 0xFF, 0x80, 0xFF, 0xF0, 0x07, 0xC0, 0x00, 0x00, 0x7D, 0xFF,
  0xFF, 0xFF, 0xFF, 0xBE, 0xF3, 0xCF, 0x38, 0xE3, 0x8E, 0x30, 0xC0, 0x00,
  0x07, 0x80, 0x1F, 0xC0, 0x3F, 0x80, 0x3F, 0x00, 0x3F, 0x00, 0x3F, 0x00,
  0x3F, 0x80, 0x1F, 0x80, 0x1F, 0xC0, 0x0F, 0xC0, 0x0F, 0xE0, 0x07, 0xF0,
  0x07, 0xF8, 0x03, 0xF8, 0x01, 0xFC, 0x00, 0xFE, 0x00, 0xFF, 0x00, 0x7F,
  0x80, 0x3F, 0xC0, 0x1F, 0xE0, 0x0F, 0xF0, 0x07, 0xF8, 0x03, 0xFC, 0x01,
  0xFE, 0x00, 0xFF, 0x00, 0x7F, 0x80, 0x1F, 0xC0, 0x0F, 0xE0, 0x07, 0xF0,
  0x03, 0xF8, 0x01, 0xFE, 0x00, 0x7F, 0x00, 0x3F, 0x80, 0x0F, 0xC0, 0x07,
  0xF0, 0x01, 0xF8, 0x00, 0x7E, 0x00, 0x3F, 0x00, 0x0F, 0xC0, 0x01, 0xF0,
  0x00, 0x7F, 0x80, 0x0F, 0xC0, 0x00, 0xE0, 0xF0, 0x00, 0x7F, 0x00, 0x0F,
  0xC0, 0x01, 0xF8, 0x00, 0x7E, 0x00, 0x1F, 0x80, 0x0F, 0xC0, 0x03, 0xF0,
  0x01, 0xFC, 0x00, 0xFE, 0x00, 0x3F, 0x80, 0x1F, 0xC0, 0x0F, 0xE0, 0x07,
  0xF8, 0x03, 0xFC, 0x00, 0xFE, 0x00, 0x7F, 0x00, 0x3F, 0x80, 0x1F, 0xC0,
  0x0F, 0xE0, 0x07, 0xF8, 0x03, 0xFC, 0x01, 0xFE, 0x00, 0xFE, 0x00, 0x7F,
  0x00, 0x3F, 0x80, 0x1F, 0xC0, 0x0F, 0xE0, 0x0F, 0xF0, 0x07, 0xF8, 0x03,
  0xF8, 0x01, 0xFC, 0x00, 0xFC, 0x00, 0xFE, 0x00, 0x7E, 0x00, 0x3F, 0x00,
  0x3F, 0x00, 0x3F, 0x00, 0x3F, 0x00, 0x3F, 0x00, 0xFF, 0x00, 0x7E, 0x00,
  0x38, 0x00, 0x00, 0x00, 0x20, 0x00, 0x07, 0x80, 0x00, 0x3E, 0x00, 0x01,
  0xF0, 0x00, 0x0F, 0x80, 0x00, 0x7C, 0x00, 0x03, 0xC0, 0x0E, 0x0E, 0x0E,
  0xFC, 0x71, 0xFF, 0xF3, 0x3F, 0xFF, 0xFB, 0xFE, 0xFF, 0xFF, 0xE0, 0x07,
  0x00, 0x00, 0x7C, 0x00, 0x07, 0x70, 0x00, 0x73, 0xC0, 0x0F, 0x8F, 0x00,
  0xFC, 0x7C, 0x07, 0xC3, 0xF0, 0x3E, 0x0F, 0x81, 0xF0, 0x7C, 0x07, 0x01,
  0xC0, 0x00, 0x38, 0x00, 0x00, 0x70, 0x00, 0x00, 0xE0, 0x00, 0x01, 0xC0,
  0x00, 0x03, 0x80, 0x00, 0x07, 0x00, 0x00, 0x0E, 0x00, 0x00, 0x1C, 0x00,
  0x00, 0x38, 0x01, 0xFF, 0xFF, 0xFF, 0xFF, 0xFF, 0xFF, 0xFF, 0xFF, 0xFF,
  0xFF, 0xFF, 0xE0, 0x07, 0x00, 0x00, 0x0E, 0x00, 0x00, 0x1C, 0x00, 0x00,
  0x38, 0x00, 0x00, 0x70, 0x00, 0x00, 0xE0, 0x00, 0x01, 0xC0, 0x00, 0x03,
  0x80, 0x00, 0x07, 0x00, 0x00, 0x38, 0x7E, 0xFF, 0xFF, 0xFF, 0xFF, 0xFF,
  0x7F, 0x0F, 0x0F, 0x0F, 0x0E, 0x1E, 0x1C, 0x38, 0x70, 0x20, 0xFF, 0xFF,
  0xFF, 0xFF, 0xFF, 0xC0, 0x3E, 0x3F, 0x9F, 0xFF, 0xFF, 0xFB, 0xFD, 0xFC,
  0x7C, 0x00, 0x07, 0x80, 0x03, 0x80, 0x03, 0xC0, 0x01, 0xE0, 0x00, 0xE0,
  0x00, 0xF0, 0x00, 0x78, 0x00, 0x38, 0x00, 0x1C, 0x00, 0x1E, 0x00, 0x0F,
  0x00, 0x07, 0x00, 0x07, 0x80, 0x03, 0xC0, 0x01, 0xC0, 0x00, 0xE0, 0x00,
  0xF0, 0x00, 0x78, 0x00, 0x38, 0x00, 0x3C, 0x00, 0x1E, 0x00, 0x0E, 0x00,
  0x07, 0x00, 0x07, 0x80, 0x03, 0xC0, 0x01, 0xC0, 0x01, 0xE0, 0x00, 0xF0,
  0x00, 0x78, 0x00, 0x38, 0x00, 0x3C, 0x00, 0x1E, 0x00, 0x0E, 0x00, 0x0F,
  0x00, 0x07, 0x80, 0x03, 0xC0, 0x01, 0xC0, 0x01, 0xE0, 0x00, 0xF0, 0x00,
  0x70, 0x00, 0x38, 0x00, 0x3C, 0x00, 0x1E, 0x00, 0x0E, 0x00, 0x0F, 0x00,
  0x07, 0x80, 0x03, 0x80, 0x00, 0x00, 0x07, 0x80, 0x00, 0x07, 0xFF, 0xC0,
  0x00, 0xFF, 0xFF, 0x80, 0x0F, 0xC0, 0x7E, 0x00, 0xFC, 0x01, 0xF8, 0x0F,
  0xE0, 0x0F, 0xE0, 0xFE, 0x00, 0x3F, 0x87, 0xF0, 0x01, 0xFC, 0x7F, 0x80,
  0x0F, 0xF3, 0xFC, 0x00, 0x7F, 0x9F, 0xE0, 0x03, 0xFC, 0xFF, 0x00, 0x1F,
  0xEF, 0xF8, 0x00, 0xFF, 0x7F, 0xC0, 0x07, 0xFF, 0xFE, 0x00, 0x3F, 0xFF,
  0xF0, 0x01, 0xFF, 0xFF, 0x80, 0x0F, 0xFB, 0xFC, 0x00, 0x7F, 0x9F, 0xE0,
  0x03, 0xFC, 0xFF, 0x00, 0x1F, 0xE7, 0xF8, 0x00, 0xFF, 0x1F, 0xC0, 0x07,
  0xF0, 0xFE, 0x00, 0x3F, 0x83, 0xF8, 0x03, 0xF8, 0x0F, 0xC0, 0x1F, 0x80,
  0x3F, 0x01, 0xF8, 0x00, 0xFF, 0xFF, 0x80, 0x01, 0xFF, 0xF0, 0x00, 0x01,
  0x70, 0x00, 0x00, 0x01, 0xF8, 0x00, 0xFE, 0x01, 0xFF, 0x83, 0xFF, 0xE0,
  0xFF, 0xF8, 0x3D, 0xFE, 0x04, 0x7F, 0x80, 0x1F, 0xE0, 0x07, 0xF8, 0x01,
  0xFE, 0x00, 0x7F, 0x80, 0x1F, 0xE0, 0x07, 0xF8, 0x01, 0xFE, 0x00, 0x7F,
  0x80, 0x1F, 0xE0, 0x07, 0xF8, 0x01, 0xFE, 0x00, 0x7F, 0x80, 0x1F, 0xE0,
  0x07, 0xF8, 0x01, 0xFE, 0x00, 0x7F, 0x80, 0x1F, 0xE0, 0x0F, 0xFC, 0x3F,
  0xFF, 0xFF, 0xFF, 0xFC, 0x00, 0x3E, 0x00, 0x01, 0xFF, 0xF8, 0x03, 0xFF,
  0xFE, 0x03, 0xF0, 0x7F, 0x83, 0xF0, 0x1F, 0xE3, 0xF8, 0x07, 0xF9, 0xF8,
  0x03, 0xFC, 0xFC, 0x01, 0xFE, 0xFE, 0x00, 0xFF, 0x3E, 0x00, 0x7F, 0x8F,
  0x00, 0x3F, 0xC0, 0x00, 0x1F, 0xE0, 0x00, 0x1F, 0xE0, 0x00, 0x0F, 0xE0,
  0x00, 0x0F, 0xF0, 0x00, 0x07, 0xF0, 0x00, 0x07, 0xE0, 0x00, 0x07, 0xE0,
  0x00, 0x07, 0xE0, 0x00, 0x07, 0xC0, 0x00, 0x0F, 0x80, 0x00, 0x0F, 0x00,
  0x00, 0x0F, 0xFF, 0xFE, 0x1F, 0xFF, 0xFF, 0x1F, 0xFF, 0xFF, 0x9F, 0xFF,
  0xFF, 0xDF, 0xFF, 0xFF, 0xEF, 0xFF, 0xFF, 0xF0, 0x00, 0x1F, 0x00, 0x00,
  0xFF, 0xF8, 0x00, 0xFF, 0xFF, 0x80, 0x7E, 0x07, 0xF8, 0x3F, 0x00, 0xFE,
  0x0F, 0xC0, 0x3F, 0xC7, 0xF0, 0x07, 0xF1, 0xF8, 0x01, 0xFE, 0x7E, 0x00,
  0x7F, 0x8F, 0x80, 0x1F, 0xE0, 0x80, 0x07, 0xF0, 0x00, 0x01, 0xFC, 0x00,
  0x00, 0xFF, 0x00, 0x00, 0x3F, 0x80, 0x00, 0x1F, 0xC0, 0x00, 0x0F, 0xE0,
  0x00, 0x7F, 0xF0, 0x00, 0x3F, 0xE0, 0x00, 0x0F, 0xFF, 0x80, 0x00, 0x0F,
  0xF8, 0x00, 0x00, 0xFF, 0x00, 0x00, 0x1F, 0xE0, 0x00, 0x07, 0xFC, 0x00,
  0x00, 0xFF, 0x00, 0x00, 0x3F, 0xC7, 0x00, 0x0F, 0xF3, 0xE0, 0x03, 0xFD,
  0xF8, 0x00, 0xFF, 0x7E, 0x00, 0x3F, 0xFF, 0x80, 0x0F, 0xF7, 0xC0, 0x07,
  0xFD, 0xF0, 0x01, 0xFE, 0x7C, 0x00, 0xFF, 0x0F, 0x80, 0x7F, 0x81, 0xF8,
  0x3F, 0xC0, 0x1F, 0xFF, 0xC0, 0x01, 0xFF, 0x80, 0x00, 0x00, 0x06, 0x00,
  0x00, 0x01, 0xF0, 0x00, 0x00, 0x7F, 0x80, 0x00, 0x0F, 0xF8, 0x00, 0x03,
  0xFF, 0x00, 0x00, 0x7F, 0xC0, 0x00, 0x1F, 0xF0, 0x00, 0x03, 0xFE, 0x00,
  0x00, 0xFF, 0x80, 0x00, 0x1F, 0xE0, 0x00, 0x07, 0xF8, 0x00, 0x00, 0xFE,
  0x00, 0x00, 0x3F, 0xC0, 0x00, 0x07, 0xF0, 0x00, 0x01, 0xFC, 0x00, 0x00,
  0x3F, 0x00, 0x00, 0x0F, 0xE0, 0x08, 0x01, 0xF8, 0x3F, 0x00, 0x7E, 0x07,
  0xE0, 0x0F, 0x80, 0xFC, 0x03, 0xF0, 0x1F, 0x80, 0x7C, 0x03, 0xF0, 0x1F,
  0x00, 0x7E, 0x03, 0xC0, 0x0F, 0xC0, 0xFF, 0xFF, 0xFF, 0xFF, 0xFF, 0xFF,
  0xFF, 0xFF, 0xFF, 0xFF, 0xFF, 0xFF, 0xFF, 0xF0, 0x00, 0x1F, 0x80, 0x00,
  0x03, 0xF0, 0x00, 0x00, 0x7E, 0x00, 0x00, 0x0F, 0xC0, 0x00, 0x01, 0xF8,
  0x00, 0x00, 0x3F, 0x00, 0x00, 0x07, 0xE0, 0x00, 0x00, 0xFC, 0x00, 0x1F,
  0xFF, 0xFE, 0x0F, 0xFF, 0xFF, 0x07, 0xFF, 0xFF, 0x83, 0xFF, 0xFF, 0xC1,
  0xFF, 0xFF, 0xE0, 0xFF, 0xFF, 0xF0, 0x70, 0x00, 0x00, 0x38, 0x00, 0x00,
  0x1C, 0x00, 0x00, 0x0E, 0x00, 0x00, 0x07, 0x00, 0x00, 0x07, 0x00, 0x00,
  0x03, 0x80, 0x00, 0x01, 0xC1, 0xFC, 0x00, 0xE7, 0xFF, 0xC0, 0x7F, 0xFF,
  0xF0, 0x3E, 0x07, 0xFC, 0x1C, 0x01, 0xFF, 0x0C, 0x00, 0x7F, 0xC0, 0x00,
  0x1F, 0xE0, 0x00, 0x0F, 0xF0, 0x00, 0x07, 0xF8, 0x00, 0x03, 0xFC, 0x00,
  0x00, 0xFF, 0x30, 0x00, 0x7F, 0x3E, 0x00, 0x7F, 0xBF, 0x00, 0x3F, 0xDF,
  0x80, 0x1F, 0xEF, 0x80, 0x0F, 0xE7, 0xC0, 0x07, 0xF3, 0xE0, 0x07, 0xF1,
  0xF0, 0x03, 0xF8, 0x7C, 0x03, 0xF8, 0x1F, 0x87, 0xF0, 0x03, 0xFF, 0xF0,
  0x00, 0x3F, 0xC0, 0x00, 0x00, 0x00, 0x08, 0x00, 0x00, 0x7E, 0x00, 0x00,
  0xFF, 0x80, 0x00, 0x7E, 0x00, 0x00, 0x7E, 0x00, 0x00, 0x3F, 0x00, 0x00,
  0x1F, 0x80, 0x00, 0x0F, 0xC0, 0x00, 0x07, 0xE0, 0x00, 0x03, 0xF8, 0x00,
  0x00, 0xFC, 0x00, 0x00, 0x7F, 0x00, 0x00, 0x1F, 0xC0, 0x00, 0x0F, 0xE0,
  0x00, 0x03, 0xF8, 0xFF, 0x01, 0xFE, 0xFF, 0xF0, 0x7F, 0xFF, 0xFE, 0x1F,
  0xF0, 0x3F, 0xC7, 0xF0, 0x07, 0xFB, 0xFC, 0x01, 0xFE, 0xFF, 0x00, 0x7F,
  0xFF, 0xC0, 0x0F, 0xFF, 0xF0, 0x03, 0xFF, 0xFC, 0x00, 0xFF, 0xFF, 0x00,
  0x3F, 0xFF, 0xC0, 0x0F, 0xF7, 0xF0, 0x03, 0xFD, 0xFE, 0x00, 0xFF, 0x7F,
  0x80, 0x3F, 0xDF, 0xE0, 0x0F, 0xE3, 0xF8, 0x07, 0xF8, 0xFE, 0x01, 0xFC,
  0x1F, 0xC0, 0x7E, 0x03, 0xF8, 0x3F, 0x00, 0x7F, 0xFF, 0x80, 0x07, 0xFF,
  0x80, 0x00, 0x1E, 0x00, 0x00, 0x7F, 0xFF, 0xFE, 0xFF, 0xFF, 0xFD, 0xFF,
  0xFF, 0xFB, 0xFF, 0xFF, 0xE7, 0xFF, 0xFF, 0xDF, 0xFF, 0xFF, 0xBC, 0x00,
  0x0E, 0x78, 0x00, 0x3C, 0xE0, 0x00, 0x79, 0xC0, 0x01, 0xE3, 0x80, 0x03,
  0xC0, 0x00, 0x07, 0x00, 0x00, 0x1E, 0x00, 0x00, 0x3C, 0x00, 0x00, 0xF0,
  0x00, 0x01, 0xE0, 0x00, 0x07, 0xC0, 0x00, 0x0F, 0x00, 0x00, 0x1E, 0x00,
  0x00, 0x78, 0x00, 0x00, 0xF0, 0x00, 0x03, 0xE0, 0x00, 0x07, 0x80, 0x00,
  0x1F, 0x00, 0x00, 0x3E, 0x00, 0x00, 0xF8, 0x00, 0x01, 0xF0, 0x00, 0x03,
  0xE0, 0x00, 0x0F, 0x80, 0x00, 0x1F, 0x00, 0x00, 0x7C, 0x00, 0x00, 0xF8,
  0x00, 0x03, 0xF0, 0x00, 0x07, 0xC0, 0x00, 0x1F, 0x80, 0x00, 0x00, 0x7F,
  0xF0, 0x00, 0x7F, 0xFF, 0x80, 0x1F, 0x83, 0xF8, 0x07, 0xE0, 0x1F, 0x81,
  0xF8, 0x03, 0xF8, 0x3F, 0x00, 0x3F, 0x0F, 0xE0, 0x07, 0xE1, 0xFC, 0x00,
  0xFC, 0x3F, 0x80, 0x1F, 0x87, 0xF8, 0x03, 0xF0, 0xFF, 0x80, 0x7E, 0x0F,
  0xF8, 0x1F, 0x81, 0xFF, 0xC3, 0xE0, 0x1F, 0xFE, 0xF0, 0x01, 0xFF, 0xF8,
  0x00, 0x0F, 0xFF, 0x80, 0x00, 0xFF, 0xFC, 0x00, 0xFF, 0xFF, 0xE0, 0x3E,
  0x3F, 0xFE, 0x1F, 0x81, 0xFF, 0xE3, 0xF0, 0x0F, 0xFC, 0xFE, 0x00, 0x7F,
  0xDF, 0xC0, 0x07, 0xFF, 0xF0, 0x00, 0x7F, 0xFE, 0x00, 0x0F, 0xFF, 0xC0,
  0x01, 0xFD, 0xFC, 0x00, 0x3F, 0xBF, 0x80, 0x07, 0xF7, 0xF8, 0x00, 0xFC,
  0x7F, 0x00, 0x3F, 0x07, 0xF0, 0x0F, 0xC0, 0x7F, 0xFF, 0xF0, 0x03, 0xFF,
  0xF8, 0x00, 0x07, 0xE0, 0x00, 0x00, 0x0E, 0x00, 0x00, 0x3F, 0xF8, 0x00,
  0x3F, 0xFF, 0x80, 0x3F, 0x83, 0xF0, 0x1F, 0xC0, 0x7E, 0x0F, 0xE0, 0x1F,
  0xC3, 0xF8, 0x07, 0xF9, 0xFE, 0x00, 0xFE, 0x7F, 0x80, 0x3F, 0x9F, 0xC0,
  0x0F, 0xFF, 0xF0, 0x03, 0xFF, 0xFC, 0x00, 0xFF, 0xFF, 0x00, 0x3F, 0xFF,
  0xC0, 0x0F, 0xFF, 0xF8, 0x03, 0xFF, 0xFE, 0x00, 0xFF, 0x7F, 0x80, 0x3F,
  0xDF, 0xE0, 0x0F, 0xF3, 0xFC, 0x03, 0xFC, 0xFF, 0x81, 0xFF, 0x1F, 0xFF,
  0xFF, 0x83, 0xFF, 0xEF, 0xE0, 0x3F, 0xE7, 0xF8, 0x00, 0x01, 0xFC, 0x00,
  0x00, 0x7F, 0x00, 0x00, 0x1F, 0x80, 0x00, 0x0F, 0xE0, 0x00, 0x03, 0xF0,
  0x00, 0x01, 0xF8, 0x00, 0x00, 0xFE, 0x00, 0x00, 0x3F, 0x00, 0x00, 0x3F,
  0x80, 0x00, 0x1F, 0x80, 0x00, 0x1F, 0xC0, 0x00, 0x3F, 0xC0, 0x00, 0x0F,
  0xC0, 0x00, 0x02, 0x00, 0x00, 0x00, 0x3E, 0x3F, 0x9F, 0xFF, 0xFF, 0xFB,
  0xFD, 0xFC, 0x7C, 0x00, 0x00, 0x00, 0x00, 0x00, 0x00, 0x00, 0x00, 0x7C,
  0x7F, 0x3F, 0xFF, 0xFF, 0xF7, 0xFB, 0xF8, 0xF8, 0x3E, 0x3F, 0x9F, 0xFF,
  0xFF, 0xFB, 0xFD, 0xFC, 0x7C, 0x00, 0x00, 0x00, 0x00, 0x00, 0x00, 0x00,
  0x00, 0x38, 0x3F, 0x3F, 0xDF, 0xEF, 0xF7, 0xFB, 0xFC, 0xFE, 0x0F, 0x07,
  0x83, 0xC1, 0xC1, 0xE0, 0xE0, 0xE0, 0xE0, 0x20, 0x00, 0x00, 0x02, 0x00,
  0x00, 0x0C, 0x00, 0x00, 0x78, 0x00, 0x03, 0xF0, 0x00, 0x1F, 0xE0, 0x00,
  0xFF, 0x00, 0x07, 0xF8, 0x00, 0x3F, 0xC0, 0x01, 0xFE, 0x00, 0x0F, 0xF0,
  0x00, 0x3F, 0x80, 0x01, 0xFC, 0x00, 0x0F, 0xE0, 0x00, 0x1F, 0x00, 0x00,
  0x3F, 0x00, 0x00, 0x7F, 0x00, 0x00, 0x3F, 0x80, 0x00, 0x1F, 0xC0, 0x00,
  0x0F, 0xE0, 0x00, 0x07, 0xF0, 0x00, 0x03, 0xF8, 0x00, 0x01, 0xFC, 0x00,
  0x00, 0xFE, 0x00, 0x00, 0x7F, 0x00, 0x00, 0x7E, 0x00, 0x00, 0x3C, 0x00,
  0x00, 0x18, 0xFF, 0xFF, 0xFF, 0xFF, 0xFF, 0xFF, 0xFF, 0xFF, 0xC0, 0x00,
  0x00, 0x00, 0x00, 0x00, 0x00, 0x00, 0x00, 0x00, 0x00, 0x00, 0x00, 0x00,
  0x00, 0x00, 0x03, 0xFF, 0xFF, 0xFF, 0xFF, 0xFF, 0xFF, 0xFF, 0xFF, 0xFF,
  0xFF, 0xFC, 0x80, 0x00, 0x01, 0xC0, 0x00, 0x03, 0xC0, 0x00, 0x07, 0xE0,
  0x00, 0x0F, 0xF0, 0x00, 0x07, 0xF8, 0x00, 0x03, 0xFC, 0x00, 0x01, 0xFE,
  0x00, 0x00, 0xFF, 0x00, 0x00, 0x7F, 0x80, 0x00, 0x3F, 0xC0, 0x00, 0x1F,
  0xC0, 0x00, 0x0F, 0xE0, 0x00, 0x07, 0xC0, 0x00, 0x0F, 0x80, 0x00, 0x7F,
  0x00, 0x03, 0xF8, 0x00, 0x1F, 0xC0, 0x00, 0xFE, 0x00, 0x07, 0xF0, 0x00,
  0x3F, 0x80, 0x01, 0xFC, 0x00, 0x0F, 0xE0, 0x00, 0x7F, 0x00, 0x00, 0xFC,
  0x00, 0x01, 0xE0, 0x00, 0x03, 0x00, 0x00, 0x00, 0x01, 0xFE, 0x00, 0x3F,
  0xFF, 0x01, 0xE0, 0xFE, 0x0F, 0x01, 0xFC, 0x7C, 0x03, 0xFB, 0xF0, 0x0F,
  0xEF, 0xC0, 0x1F, 0xBF, 0x00, 0x7F, 0xF8, 0x01, 0xFF, 0xE0, 0x07, 0xF7,
  0x80, 0x1F, 0x80, 0x00, 0xFE, 0x00, 0x03, 0xF8, 0x00, 0x1F, 0xC0, 0x00,
  0x7E, 0x00, 0x03, 0xF0, 0x00, 0x1F, 0x80, 0x00, 0xF8, 0x00, 0x07, 0xC0,
  0x00, 0x1E, 0x00, 0x00, 0xF8, 0x00, 0x03, 0xC0, 0x00, 0x0F, 0x00, 0x00,
  0x3C, 0x00, 0x00, 0x00, 0x00, 0x00, 0x00, 0x00, 0x00, 0x00, 0x00, 0x7E,
  0x00, 0x03, 0xFC, 0x00, 0x0F, 0xF0, 0x00, 0x3F, 0xE0, 0x00, 0xFF, 0x80,
  0x03, 0xFC, 0x00, 0x0F, 0xF0, 0x00, 0x1F, 0x80, 0x00, 0x00, 0x00, 0x7F,
  0xE0, 0x00, 0x00, 0x1F, 0xFF, 0xE0, 0x00, 0x03, 0xFF, 0xFF, 0x80, 0x00,
  0x7E, 0x00, 0x3F, 0x00, 0x0F, 0xC0, 0x00, 0x7C, 0x00, 0xF8, 0x00, 0x00,
  0xF0, 0x0F, 0x00, 0x00, 0x03, 0x80, 0xF0, 0x00, 0x00, 0x0E, 0x0F, 0x00,
  0x00, 0x00, 0x78, 0x78, 0x00, 0x80, 0x01, 0xC7, 0x80, 0x7F, 0x1E, 0x0E,
  0x38, 0x07, 0xFD, 0xF0, 0x73, 0xC0, 0x7F, 0xFF, 0x03, 0x9C, 0x07, 0xE1,
  0xF8, 0x0D, 0xE0, 0x7E, 0x0F, 0xC0, 0x6E, 0x03, 0xE0, 0x3C, 0x03, 0x70,
  0x3E, 0x03, 0xE0, 0x3F, 0x81, 0xF0, 0x1F, 0x01, 0xFC, 0x0F, 0x80, 0xF0,
  0x0F, 0xE0, 0x78, 0x0F, 0x80, 0x7F, 0x07, 0xC0, 0x7C, 0x07, 0x70, 0x3E,
  0x03, 0xC0, 0x3B, 0x81, 0xF0, 0x3E, 0x03, 0x9C, 0x0F, 0x81, 0xF0, 0x1C,
  0xE0, 0x7C, 0x1F, 0x01, 0xC7, 0x81, 0xE0, 0xF8, 0x1C, 0x3C, 0x0F, 0x8F,
  0xC3, 0xC0, 0xE0, 0x3F, 0xEF, 0xFC, 0x07, 0x01, 0xFE, 0x7F, 0xC0, 0x3C,
  0x03, 0xC1, 0xF8, 0x00, 0xE0, 0x00, 0x00, 0x00, 0x07, 0x80, 0x00, 0x00,
  0x00, 0x1E, 0x00, 0x00, 0x00, 0x00, 0xF8, 0x00, 0x00, 0x10, 0x03, 0xE0,
  0x00, 0x01, 0xC0, 0x0F, 0xC0, 0x00, 0x38, 0x00, 0x1F, 0x80, 0x0F, 0x80,
  0x00, 0x3F, 0xFF, 0xF8, 0x00, 0x00, 0x7F, 0xFF, 0x00, 0x00, 0x00, 0x3F,
  0x80, 0x00, 0x00, 0x01, 0xF8, 0x00, 0x00, 0x00, 0x3F, 0x80, 0x00, 0x00,
  0x03, 0xF8, 0x00, 0x00, 0x00, 0x3F, 0xC0, 0x00, 0x00, 0x07, 0xFC, 0x00,
  0x00, 0x00, 0x7F, 0xE0, 0x00, 0x00, 0x07, 0xFE, 0x00, 0x00, 0x00, 0xEF,
  0xE0, 0x00, 0x00, 0x0E, 0x7F, 0x00, 0x00, 0x01, 0xC7, 0xF0, 0x00, 0x00,
  0x1C, 0x7F, 0x00, 0x00, 0x01, 0xC3, 0xF8, 0x00, 0x00, 0x38, 0x3F, 0x80,
  0x00, 0x03, 0x83, 0xFC, 0x00, 0x00, 0x38, 0x3F, 0xC0, 0x00, 0x07, 0x01,
  0xFC, 0x00, 0x00, 0x70, 0x1F, 0xE0, 0x00, 0x0E, 0x01, 0xFE, 0x00, 0x00,
  0xE0, 0x0F, 0xE0, 0x00, 0x0E, 0x00, 0xFF, 0x00, 0x01, 0xFF, 0xFF, 0xF0,
  0x00, 0x1F, 0xFF, 0xFF, 0x00, 0x01, 0xC0, 0x07, 0xF8, 0x00, 0x38, 0x00,
  0x7F, 0x80, 0x03, 0x80, 0x03, 0xFC, 0x00, 0x78, 0x00, 0x3F, 0xC0, 0x07,
  0x00, 0x03, 0xFC, 0x00, 0x70, 0x00, 0x1F, 0xE0, 0x0E, 0x00, 0x01, 0xFE,
  0x00, 0xE0, 0x00, 0x1F, 0xE0, 0x1E, 0x00, 0x00, 0xFF, 0x0F, 0xFE, 0x00,
  0xFF, 0xFF, 0xFF, 0xE0, 0x0F, 0xFF, 0xF0, 0x7F, 0xFF, 0xC0, 0x00, 0xFF,
  0xFF, 0xFF, 0x80, 0x7F, 0xFF, 0xFF, 0xE0, 0x07, 0xF8, 0x0F, 0xF0, 0x07,
  0xF8, 0x07, 0xF8, 0x07, 0xF8, 0x03, 0xF8, 0x07, 0xF8, 0x03, 0xFC, 0x07,
  0xF8, 0x03, 0xFC, 0x07, 0xF8, 0x03, 0xFC, 0x07, 0xF8, 0x03, 0xF8, 0x07,
  0xF8, 0x03, 0xF8, 0x07, 0xF8, 0x07, 0xF8, 0x07, 0xF8, 0x07, 0xF0, 0x07,
  0xF8, 0x1F, 0xE0, 0x07, 0xF8, 0xFF, 0xC0, 0x07, 0xFF, 0xFE, 0x00, 0x07,
  0xFF, 0xFF, 0xE0, 0x07, 0xF8, 0x0F, 0xF8, 0x07, 0xF8, 0x03, 0xFC, 0x07,
  0xF8, 0x01, 0xFE, 0x07, 0xF8, 0x01, 0xFE, 0x07, 0xF8, 0x01, 0xFF, 0x07,
  0xF8, 0x01, 0xFF, 0x07, 0xF8, 0x01, 0xFF, 0x07, 0xF8, 0x01, 0xFF, 0x07,
  0xF8, 0x01, 0xFF, 0x07, 0xF8, 0x01, 0xFE, 0x07, 0xF8, 0x01, 0xFE, 0x07,
  0xF8, 0x03, 0xFE, 0x07, 0xF8, 0x07, 0xFC, 0x0F, 0xFC, 0x3F, 0xF8, 0x7F,
  0xFF, 0xFF, 0xE0, 0x7F, 0xFF, 0xFF, 0x00, 0x00, 0x0F, 0xFF, 0x80, 0x01,
  0xFF, 0xFF, 0x80, 0x3F, 0x81, 0xFE, 0x07, 0xF0, 0x03, 0xF0, 0x7F, 0x00,
  0x0F, 0x87, 0xF0, 0x00, 0x7C, 0x7F, 0x00, 0x01, 0xE7, 0xF8, 0x00, 0x0F,
  0x3F, 0xC0, 0x00, 0x7B, 0xFC, 0x00, 0x01, 0xDF, 0xE0, 0x00, 0x01, 0xFF,
  0x00, 0x00, 0x0F, 0xF8, 0x00, 0x00, 0x7F, 0xC0, 0x00, 0x03, 0xFE, 0x00,
  0x00, 0x1F, 0xF0, 0x00, 0x00, 0xFF, 0x80, 0x00, 0x07, 0xFC, 0x00, 0x00,
  0x3F, 0xE0, 0x00, 0x01, 0xFF, 0x00, 0x00, 0x0F, 0xF8, 0x00, 0x00, 0x7F,
  0xC0, 0x00, 0x03, 0xFE, 0x00, 0x00, 0x0F, 0xF0, 0x00, 0x07, 0x7F, 0xC0,
  0x00, 0x39, 0xFE, 0x00, 0x01, 0xCF, 0xF8, 0x00, 0x1E, 0x3F, 0xC0, 0x00,
  0xF0, 0xFF, 0x00, 0x0F, 0x83, 0xFC, 0x00, 0xFC, 0x0F, 0xF0, 0x0F, 0xE0,
  0x1F, 0xFF, 0xFC, 0x00, 0x3F, 0xFF, 0x80, 0x00, 0x0F, 0xC0, 0x00, 0x7F,
  0xFF, 0xC0, 0x00, 0x0F, 0xFF, 0xFF, 0xF0, 0x00, 0x7F, 0xFF, 0xFF, 0xE0,
  0x00, 0xFF, 0x00, 0x7F, 0x80, 0x07, 0xF0, 0x01, 0xFC, 0x00, 0x7F, 0x00,
  0x0F, 0xE0, 0x07, 0xF0, 0x00, 0x7F, 0x00, 0x7F, 0x00, 0x07, 0xF8, 0x07,
  0xF0, 0x00, 0x3F, 0xC0, 0x7F, 0x00, 0x03, 0xFC, 0x07, 0xF0, 0x00, 0x3F,
  0xE0, 0x7F, 0x00, 0x03, 0xFE, 0x07, 0xF0, 0x00, 0x1F, 0xE0, 0x7F, 0x00,
  0x01, 0xFE, 0x07, 0xF0, 0x00, 0x1F, 0xF0, 0x7F, 0x00, 0x01, 0xFF, 0x07,
  0xF0, 0x00, 0x1F, 0xF0, 0x7F, 0x00, 0x01, 0xFF, 0x07, 0xF0, 0x00, 0x1F,
  0xF0, 0x7F, 0x00, 0x01, 0xFE, 0x07, 0xF0, 0x00, 0x1F, 0xE0, 0x7F, 0x00,
  0x03, 0xFE, 0x07, 0xF0, 0x00, 0x3F, 0xE0, 0x7F, 0x00, 0x03, 0xFC, 0x07,
  0xF0, 0x00, 0x3F, 0xC0, 0x7F, 0x00, 0x03, 0xF8, 0x07, 0xF0, 0x00, 0x7F,
  0x00, 0x7F, 0x00, 0x07, 0xE0, 0x07, 0xF0, 0x00, 0xFC, 0x00, 0x7F, 0x00,
  0x1F, 0x80, 0x0F, 0xFE, 0x1F, 0xF0, 0x07, 0xFF, 0xFF, 0xFC, 0x00, 0x7F,
  0xFF, 0xFE, 0x00, 0x00, 0x7F, 0xFF, 0xFF, 0xF3, 0xFF, 0xFF, 0xFF, 0xC7,
  0xFF, 0xFF, 0xFF, 0x03, 0xFC, 0x00, 0x7C, 0x07, 0xF0, 0x00, 0xF0, 0x1F,
  0xC0, 0x01, 0xC0, 0x7F, 0x00, 0x07, 0x01, 0xFC, 0x00, 0x0E, 0x07, 0xF0,
  0x00, 0x30, 0x1F, 0xC0, 0x00, 0x00, 0x7F, 0x00, 0x40, 0x01, 0xFC, 0x01,
  0x80, 0x07, 0xF0, 0x0E, 0x00, 0x1F, 0xC0, 0x38, 0x00, 0x7F, 0x01, 0xE0,
  0x01, 0xFF, 0xFF, 0x80, 0x07, 0xFF, 0xFE, 0x00, 0x1F, 0xC0, 0x78, 0x00,
  0x7F, 0x00, 0xE0, 0x01, 0xFC, 0x03, 0x80, 0x07, 0xF0, 0x0E, 0x00, 0x1F,
  0xC0, 0x18, 0x00, 0x7F, 0x00, 0x00, 0x01, 0xFC, 0x00, 0x00, 0x07, 0xF0,
  0x00, 0x1C, 0x1F, 0xC0, 0x00, 0x70, 0x7F, 0x00, 0x03, 0xC1, 0xFC, 0x00,
  0x0F, 0x07, 0xF0, 0x00, 0x7C, 0x1F, 0xC0, 0x03, 0xF0, 0xFF, 0xC0, 0x3F,
  0xDF, 0xFF, 0xFF, 0xFF, 0x7F, 0xFF, 0xFF, 0xF8, 0x7F, 0xFF, 0xFF, 0xEF,
  0xFF, 0xFF, 0xFE, 0x7F, 0xFF, 0xFF, 0xE0, 0xFF, 0x00, 0x1E, 0x0F, 0xF0,
  0x01, 0xF0, 0xFF, 0x00, 0x0F, 0x0F, 0xF0, 0x00, 0xF0, 0xFF, 0x00, 0x07,
  0x0F, 0xF0, 0x00, 0x70, 0xFF, 0x00, 0x00, 0x0F, 0xF0, 0x00, 0x00, 0xFF,
  0x00, 0x40, 0x0F, 0xF0, 0x0E, 0x00, 0xFF, 0x00, 0xE0, 0x0F, 0xF0, 0x0E,
  0x00, 0xFF, 0x01, 0xE0, 0x0F, 0xFF, 0xFE, 0x00, 0xFF, 0xFF, 0xE0, 0x0F,
  0xF0, 0x1E, 0x00, 0xFF, 0x00, 0xE0, 0x0F, 0xF0, 0x0E, 0x00, 0xFF, 0x00,
  0xE0, 0x0F, 0xF0, 0x06, 0x00, 0xFF, 0x00, 0x00, 0x0F, 0xF0, 0x00, 0x00,
  0xFF, 0x00, 0x00, 0x0F, 0xF0, 0x00, 0x00, 0xFF, 0x00, 0x00, 0x0F, 0xF0,
  0x00, 0x00, 0xFF, 0x80, 0x00, 0x0F, 0xFC, 0x00, 0x07, 0xFF, 0xFE, 0x00,
  0x7F, 0xFF, 0xE0, 0x00, 0x00, 0x07, 0xFF, 0xC0, 0x00, 0x07, 0xFF, 0xFF,
  0x80, 0x03, 0xFC, 0x0F, 0xF0, 0x01, 0xFE, 0x00, 0x7E, 0x00, 0x7F, 0x00,
  0x07, 0xC0, 0x1F, 0xC0, 0x00, 0x78, 0x07, 0xF8, 0x00, 0x0F, 0x81, 0xFE,
  0x00, 0x00, 0xF0, 0x3F, 0xC0, 0x00, 0x1E, 0x0F, 0xF0, 0x00, 0x01, 0x81,
  0xFE, 0x00, 0x00, 0x00, 0x7F, 0xC0, 0x00, 0x00, 0x0F, 0xF8, 0x00, 0x00,
  0x01, 0xFF, 0x00, 0x00, 0x00, 0x3F, 0xE0, 0x00, 0x00, 0x07, 0xF8, 0x00,
  0x00, 0x00, 0xFF, 0x00, 0x00, 0x00, 0x1F, 0xE0, 0x00, 0x00, 0x03, 0xFE,
  0x00, 0x7F, 0xFF, 0x7F, 0xC0, 0x0F, 0xFF, 0xFF, 0xF8, 0x00, 0x7F, 0xF9,
  0xFF, 0x00, 0x03, 0xFC, 0x1F, 0xE0, 0x00, 0x3F, 0x83, 0xFC, 0x00, 0x07,
  0xF0, 0x7F, 0xC0, 0x00, 0xFE, 0x07, 0xF8, 0x00, 0x1F, 0xC0, 0x7F, 0x80,
  0x03, 0xF8, 0x0F, 0xF0, 0x00, 0x7F, 0x00, 0xFF, 0x00, 0x0F, 0xE0, 0x07,
  0xF0, 0x01, 0xFC, 0x00, 0x7F, 0x80, 0x7F, 0x80, 0x03, 0xFF, 0xFF, 0xC0,
  0x00, 0x1F, 0xFF, 0xE0, 0x00, 0x00, 0x3F, 0x80, 0x00, 0x7F, 0xFF, 0x01,
  0xFF, 0xFD, 0xFF, 0xFE, 0x07, 0xFF, 0xFD, 0xFF, 0xF8, 0x03, 0xFF, 0xF0,
  0x7F, 0x80, 0x01, 0xFF, 0x00, 0xFF, 0x00, 0x01, 0xFE, 0x01, 0xFE, 0x00,
  0x03, 0xFC, 0x03, 0xFC, 0x00, 0x07, 0xF8, 0x07, 0xF8, 0x00, 0x0F, 0xF0,
  0x0F, 0xF0, 0x00, 0x1F, 0xE0, 0x1F, 0xE0, 0x00, 0x3F, 0xC0, 0x3F, 0xC0,
  0x00, 0x7F, 0x80, 0x7F, 0x80, 0x00, 0xFF, 0x00, 0xFF, 0x00, 0x01, 0xFE,
  0x01, 0xFE, 0x00, 0x03, 0xFC, 0x03, 0xFF, 0xFF, 0xFF, 0xF8, 0x07, 0xFF,
  0xFF, 0xFF, 0xF0, 0x0F, 0xFF, 0xFF, 0xFF, 0xE0, 0x1F, 0xE0, 0x00, 0x3F,
  0xC0, 0x3F, 0xC0, 0x00, 0x7F, 0x80, 0x7F, 0x80, 0x00, 0xFF, 0x00, 0xFF,
  0x00, 0x01, 0xFE, 0x01, 0xFE, 0x00, 0x03, 0xFC, 0x03, 0xFC, 0x00, 0x07,
  0xF8, 0x07, 0xF8, 0x00, 0x0F, 0xF0, 0x0F, 0xF0, 0x00, 0x1F, 0xE0, 0x1F,
  0xE0, 0x00, 0x3F, 0xC0, 0x3F, 0xC0, 0x00, 0x7F, 0x80, 0x7F, 0x80, 0x00,
  0xFF, 0x00, 0xFF, 0x00, 0x01, 0xFE, 0x01, 0xFE, 0x00, 0x03, 0xFC, 0x03,
  0xFE, 0x00, 0x0F, 0xFC, 0x3F, 0xFF, 0x80, 0xFF, 0xFF, 0x7F, 0xFF, 0x01,
  0xFF, 0xFE, 0x7F, 0xFF, 0x7F, 0xFF, 0x9F, 0xFF, 0x81, 0xFE, 0x00, 0x7F,
  0x00, 0x3F, 0x80, 0x1F, 0xC0, 0x0F, 0xE0, 0x07, 0xF0, 0x03, 0xF8, 0x01,
  0xFC, 0x00, 0xFE, 0x00, 0x7F, 0x00, 0x3F, 0x80, 0x1F, 0xC0, 0x0F, 0xE0,
  0x07, 0xF0, 0x03, 0xF8, 0x01, 0xFC, 0x00, 0xFE, 0x00, 0x7F, 0x00, 0x3F,
  0x80, 0x1F, 0xC0, 0x0F, 0xE0, 0x07, 0xF0, 0x03, 0xF8, 0x01, 0xFC, 0x00,
  0xFE, 0x00, 0x7F, 0x00, 0x3F, 0x80, 0x3F, 0xE0, 0xFF, 0xFF, 0x7F, 0xFF,
  0x00, 0x00, 0x7F, 0xFF, 0xC0, 0x3F, 0xFF, 0xF0, 0x07, 0xFF, 0xF8, 0x00,
  0x1F, 0xF0, 0x00, 0x03, 0xFC, 0x00, 0x00, 0xFF, 0x00, 0x00, 0x3F, 0xC0,
  0x00, 0x0F, 0xF0, 0x00, 0x03, 0xFC, 0x00, 0x00, 0xFF, 0x00, 0x00, 0x3F,
  0xC0, 0x00, 0x0F, 0xF0, 0x00, 0x03, 0xFC, 0x00, 0x00, 0xFF, 0x00, 0x00,
  0x3F, 0xC0, 0x00, 0x0F, 0xF0, 0x00, 0x03, 0xFC, 0x00, 0x00, 0xFF, 0x00,
  0x00, 0x3F, 0xC0, 0x00, 0x0F, 0xF0, 0x00, 0x03, 0xFC, 0x0F, 0x80, 0xFF,
  0x07, 0xE0, 0x3F, 0xC3, 0xF8, 0x0F, 0xF0, 0xFE, 0x03, 0xF8, 0x3F, 0x80,
  0xFE, 0x0F, 0xE0, 0x3F, 0x83, 0xF8, 0x0F, 0xE0, 0xFE, 0x07, 0xF0, 0x1F,
  0x01, 0xFC, 0x03, 0xC0, 0xFE, 0x00, 0x7C, 0xFF, 0x00, 0x07, 0xFF, 0x00,
  0x00, 0x78, 0x00, 0x00, 0x7F, 0xFF, 0x03, 0xFF, 0xCF, 0xFF, 0xF0, 0x3F,
  0xFE, 0x7F, 0xFE, 0x01, 0xFF, 0xC0, 0xFF, 0x00, 0x07, 0xC0, 0x07, 0xF0,
  0x00, 0xF8, 0x00, 0x7F, 0x00, 0x1F, 0x00, 0x07, 0xF0, 0x03, 0xE0, 0x00,
  0x7F, 0x00, 0x3C, 0x00, 0x07, 0xF0, 0x07, 0x80, 0x00, 0x7F, 0x00, 0xF0,
  0x00, 0x07, 0xF0, 0x1E, 0x00, 0x00, 0x7F, 0x03, 0xC0, 0x00, 0x07, 0xF0,
  0x78, 0x00, 0x00, 0x7F, 0x0F, 0x80, 0x00, 0x07, 0xF1, 0xFC, 0x00, 0x00,
  0x7F, 0x3F, 0xE0, 0x00, 0x07, 0xF7, 0xFE, 0x00, 0x00, 0x7F, 0x3F, 0xF0,
  0x00, 0x07, 0xF0, 0xFF, 0x80, 0x00, 0x7F, 0x07, 0xF8, 0x00, 0x07, 0xF0,
  0x7F, 0xC0, 0x00, 0x7F, 0x03, 0xFE, 0x00, 0x07, 0xF0, 0x1F, 0xE0, 0x00,
  0x7F, 0x01, 0xFF, 0x00, 0x07, 0xF0, 0x0F, 0xF8, 0x00, 0x7F, 0x00, 0xFF,
  0x80, 0x07, 0xF0, 0x07, 0xFC, 0x00, 0x7F, 0x00, 0x7F, 0xE0, 0x07, 0xF0,
  0x03, 0xFF, 0x00, 0x7F, 0x00, 0x3F, 0xF0, 0x1F, 0xF8, 0x01, 0xFF, 0xC7,
  0xFF, 0xF0, 0x0F, 0xFF, 0x7F, 0xFF, 0x00, 0x7F, 0xF0, 0x7F, 0xFF, 0x80,
  0x03, 0xFF, 0xFF, 0x00, 0x07, 0xFF, 0xF0, 0x00, 0x03, 0xFE, 0x00, 0x00,
  0x07, 0xF0, 0x00, 0x00, 0x1F, 0xC0, 0x00, 0x00, 0x7F, 0x00, 0x00, 0x01,
  0xFC, 0x00, 0x00, 0x07, 0xF0, 0x00, 0x00, 0x1F, 0xC0, 0x00, 0x00, 0x7F,
  0x00, 0x00, 0x01, 0xFC, 0x00, 0x00, 0x07, 0xF0, 0x00, 0x00, 0x1F, 0xC0,
  0x00, 0x00, 0x7F, 0x00, 0x00, 0x01, 0xFC, 0x00, 0x00, 0x07, 0xF0, 0x00,
  0x00, 0x1F, 0xC0, 0x00, 0x00, 0x7F, 0x00, 0x00, 0x01, 0xFC, 0x00, 0x00,
  0x07, 0xF0, 0x00, 0x00, 0x1F, 0xC0, 0x00, 0x00, 0x7F, 0x00, 0x01, 0x81,
  0xFC, 0x00, 0x0E, 0x07, 0xF0, 0x00, 0x38, 0x1F, 0xC0, 0x01, 0xE0, 0x7F,
  0x00, 0x07, 0x81, 0xFC, 0x00, 0x3E, 0x07, 0xF0, 0x00, 0xF8, 0x1F, 0xC0,
  0x07, 0xE1, 0xFF, 0xC0, 0x7F, 0x1F, 0xFF, 0xFF, 0xFC, 0x7F, 0xFF, 0xFF,
  0xF0, 0x7F, 0xFF, 0x00, 0x01, 0xFF, 0xFB, 0xFF, 0xFC, 0x00, 0x07, 0xFF,
  0xE3, 0xFF, 0xF8, 0x00, 0x1F, 0xFF, 0x01, 0xFF, 0xE0, 0x00, 0x7F, 0xE0,
  0x07, 0x7F, 0x80, 0x03, 0xBF, 0x80, 0x1D, 0xFF, 0x00, 0x0C, 0xFE, 0x00,
  0x73, 0xFC, 0x00, 0x73, 0xF8, 0x01, 0xCF, 0xF0, 0x01, 0x8F, 0xE0, 0x07,
  0x1F, 0xE0, 0x06, 0x3F, 0x80, 0x1C, 0x7F, 0x80, 0x38, 0xFE, 0x00, 0x71,
  0xFF, 0x00, 0xC3, 0xF8, 0x01, 0xC3, 0xFC, 0x03, 0x0F, 0xE0, 0x07, 0x0F,
  0xF0, 0x1C, 0x3F, 0x80, 0x1C, 0x1F, 0xE0, 0x60, 0xFE, 0x00, 0x70, 0x7F,
  0x83, 0x83, 0xF8, 0x01, 0xC1, 0xFE, 0x0C, 0x0F, 0xE0, 0x07, 0x03, 0xFC,
  0x30, 0x3F, 0x80, 0x1C, 0x0F, 0xF1, 0xC0, 0xFE, 0x00, 0x70, 0x1F, 0xC6,
  0x03, 0xF8, 0x01, 0xC0, 0x7F, 0x98, 0x0F, 0xE0, 0x07, 0x01, 0xFE, 0xE0,
  0x3F, 0x80, 0x1C, 0x03, 0xFB, 0x00, 0xFE, 0x00, 0x70, 0x0F, 0xFC, 0x03,
  0xF8, 0x01, 0xC0, 0x1F, 0xE0, 0x0F, 0xE0, 0x07, 0x00, 0x7F, 0x80, 0x3F,
  0x80, 0x1C, 0x00, 0xFE, 0x00, 0xFE, 0x00, 0x70, 0x03, 0xF0, 0x03, 0xF8,
  0x01, 0xC0, 0x0F, 0xC0, 0x0F, 0xE0, 0x07, 0x00, 0x1F, 0x00, 0x3F, 0x80,
  0x1C, 0x00, 0x78, 0x00, 0xFE, 0x00, 0xF8, 0x00, 0xE0, 0x0F, 0xFC, 0x1F,
  0xFE, 0x03, 0x01, 0xFF, 0xFF, 0x7F, 0xF8, 0x0C, 0x07, 0xFF, 0xF8, 0x7F,
  0xF0, 0x00, 0x3F, 0xFF, 0xFF, 0xE0, 0x00, 0xFF, 0xF7, 0xFF, 0xC0, 0x01,
  0xFF, 0x87, 0xFF, 0x80, 0x00, 0xF0, 0x07, 0xFE, 0x00, 0x01, 0x80, 0x1F,
  0xFC, 0x00, 0x06, 0x00, 0x7F, 0xF8, 0x00, 0x18, 0x01, 0xFF, 0xF0, 0x00,
  0x60, 0x07, 0x7F, 0xE0, 0x01, 0x80, 0x1C, 0xFF, 0xC0, 0x06, 0x00, 0x71,
  0xFF, 0x00, 0x18, 0x01, 0xC7, 0xFE, 0x00, 0x60, 0x07, 0x0F, 0xFC, 0x01,
  0x80, 0x1C, 0x1F, 0xF8, 0x06, 0x00, 0x70, 0x3F, 0xF0, 0x18, 0x01, 0xC0,
  0x7F, 0xE0, 0x60, 0x07, 0x00, 0xFF, 0xC1, 0x80, 0x1C, 0x01, 0xFF, 0x06,
  0x00, 0x70, 0x07, 0xFE, 0x18, 0x01, 0xC0, 0x0F, 0xFC, 0x60, 0x07, 0x00,
  0x1F, 0xF9, 0x80, 0x1C, 0x00, 0x3F, 0xF6, 0x00, 0x70, 0x00, 0x7F, 0xF8,
  0x01, 0xC0, 0x00, 0xFF, 0xE0, 0x07, 0x00, 0x03, 0xFF, 0x80, 0x1C, 0x00,
  0x07, 0xFE, 0x00, 0x70, 0x00, 0x0F, 0xF8, 0x01, 0xC0, 0x00, 0x1F, 0xE0,
  0x07, 0x00, 0x00, 0x3F, 0x80, 0x1C, 0x00, 0x00, 0x7E, 0x00, 0xFC, 0x00,
  0x00, 0xF8, 0x3F, 0xFF, 0x00, 0x03, 0xF0, 0xFF, 0xF8, 0x00, 0x07, 0xC0,
  0x00, 0x00, 0x00, 0x0C, 0x00, 0x00, 0x0F, 0xFE, 0x00, 0x00, 0x1F, 0xFF,
  0xE0, 0x00, 0x1F, 0xC0, 0xFE, 0x00, 0x0F, 0xE0, 0x0F, 0xE0, 0x07, 0xF0,
  0x01, 0xFC, 0x03, 0xF8, 0x00, 0x7F, 0x81, 0xFE, 0x00, 0x0F, 0xE0, 0x7F,
  0x00, 0x03, 0xFC, 0x3F, 0xC0, 0x00, 0x7F, 0x8F, 0xF0, 0x00, 0x1F, 0xE7,
  0xF8, 0x00, 0x07, 0xF9, 0xFE, 0x00, 0x01, 0xFF, 0x7F, 0x80, 0x00, 0x7F,
  0xFF, 0xE0, 0x00, 0x1F, 0xFF, 0xF8, 0x00, 0x07, 0xFF, 0xFE, 0x00, 0x00,
  0xFF, 0xFF, 0x80, 0x00, 0x3F, 0xFF, 0xE0, 0x00, 0x0F, 0xFF, 0xF8, 0x00,
  0x07, 0xFF, 0xFE, 0x00, 0x01, 0xFF, 0x7F, 0x80, 0x00, 0x7F, 0xDF, 0xE0,
  0x00, 0x1F, 0xF7, 0xF8, 0x00, 0x07, 0xF9, 0xFF, 0x00, 0x01, 0xFE, 0x3F,
  0xC0, 0x00, 0x7F, 0x8F, 0xF0, 0x00, 0x3F, 0xC1, 0xFC, 0x00, 0x0F, 0xF0,
  0x3F, 0x80, 0x03, 0xF8, 0x07, 0xF0, 0x01, 0xFC, 0x00, 0xFC, 0x00, 0xFE,
  0x00, 0x1F, 0xC0, 0x7F, 0x00, 0x03, 0xFF, 0xFF, 0x00, 0x00, 0x3F, 0xFF,
  0x00, 0x00, 0x00, 0x78, 0x00, 0x00, 0x7F, 0xFF, 0xF8, 0x03, 0xFF, 0xFF,
  0xFE, 0x07, 0xFF, 0x1F, 0xFC, 0x03, 0xFC, 0x07, 0xFC, 0x0F, 0xF0, 0x0F,
  0xF0, 0x3F, 0xC0, 0x1F, 0xE0, 0xFF, 0x00, 0x7F, 0x83, 0xFC, 0x01, 0xFE,
  0x0F, 0xF0, 0x07, 0xFC, 0x3F, 0xC0, 0x1F, 0xF0, 0xFF, 0x00, 0x7F, 0xC3,
  0xFC, 0x01, 0xFF, 0x0F, 0xF0, 0x07, 0xF8, 0x3F, 0xC0, 0x1F, 0xE0, 0xFF,
  0x00, 0x7F, 0x83, 0xFC, 0x03, 0xFC, 0x0F, 0xF0, 0x1F, 0xE0, 0x3F, 0xC0,
  0xFF, 0x00, 0xFF, 0xFF, 0xF8, 0x03, 0xFF, 0xFF, 0x00, 0x0F, 0xF0, 0x00,
  0x00, 0x3F, 0xC0, 0x00, 0x00, 0xFF, 0x00, 0x00, 0x03, 0xFC, 0x00, 0x00,
  0x0F, 0xF0, 0x00, 0x00, 0x3F, 0xC0, 0x00, 0x00, 0xFF, 0x00, 0x00, 0x03,
  0xFC, 0x00, 0x00, 0x0F, 0xF0, 0x00, 0x00, 0x3F, 0xC0, 0x00, 0x00, 0xFF,
  0xC0, 0x00, 0x1F, 0xFF, 0xF0, 0x00, 0x7F, 0xFF, 0xC0, 0x00, 0x00, 0x0F,
  0xFE, 0x00, 0x00, 0x1F, 0xFF, 0xE0, 0x00, 0x1F, 0xC0, 0xFE, 0x00, 0x0F,
  0xE0, 0x0F, 0xE0, 0x07, 0xF0, 0x01, 0xFC, 0x03, 0xF8, 0x00, 0x7F, 0x81,
  0xFE, 0x00, 0x0F, 0xE0, 0x7F, 0x00, 0x03, 0xFC, 0x3F, 0xC0, 0x00, 0x7F,
  0x8F, 0xF0, 0x00, 0x1F, 0xE7, 0xF8, 0x00, 0x07, 0xF9, 0xFE, 0x00, 0x01,
  0xFF, 0x7F, 0x80, 0x00, 0x7F, 0xFF, 0xE0, 0x00, 0x1F, 0xFF, 0xF8, 0x00,
  0x07, 0xFF, 0xFE, 0x00, 0x00, 0xFF, 0xFF, 0x80, 0x00, 0x3F, 0xFF, 0xE0,
  0x00, 0x0F, 0xFF, 0xF8, 0x00, 0x07, 0xFF, 0xFE, 0x00, 0x01, 0xFF, 0x7F,
  0x80, 0x00, 0x7F, 0xDF, 0xE0, 0x00, 0x1F, 0xF7, 0xF8, 0x00, 0x07, 0xF9,
  0xFF, 0x00, 0x01, 0xFE, 0x3F, 0xC0, 0x00, 0x7F, 0x8F, 0xF0, 0x00, 0x3F,
  0xC1, 0xFC, 0x00, 0x0F, 0xE0, 0x3F, 0x80, 0x03, 0xF8, 0x07, 0xF0, 0x01,
  0xFC, 0x00, 0xFC, 0x00, 0xFE, 0x00, 0x1F, 0xC0, 0x7F, 0x00, 0x03, 0xFF,
  0xFF, 0x00, 0x00, 0x3F, 0xFF, 0x00, 0x00, 0x01, 0xFF, 0x00, 0x00, 0x00,
  0x3F, 0xC0, 0x00, 0x00, 0x0F, 0xF8, 0x00, 0x00, 0x03, 0xFE, 0x00, 0x00,
  0x00, 0x7F, 0xC0, 0x00, 0x00, 0x1F, 0xF8, 0x00, 0x00, 0x03, 0xFF, 0x80,
  0x00, 0x00, 0x3F, 0xFE, 0x00, 0x00, 0x03, 0xFF, 0x80, 0x00, 0x00, 0x07,
  0x00, 0x7F, 0xFF, 0xF8, 0x00, 0x3F, 0xFF, 0xFF, 0xC0, 0x07, 0xFF, 0x0F,
  0xFC, 0x00, 0x3F, 0xC0, 0x7F, 0x80, 0x0F, 0xF0, 0x0F, 0xF0, 0x03, 0xFC,
  0x01, 0xFE, 0x00, 0xFF, 0x00, 0x7F, 0x80, 0x3F, 0xC0, 0x1F, 0xE0, 0x0F,
  0xF0, 0x03, 0xF8, 0x03, 0xFC, 0x00, 0xFE, 0x00, 0xFF, 0x00, 0x3F, 0x80,
  0x3F, 0xC0, 0x1F, 0xE0, 0x0F, 0xF0, 0x07, 0xF8, 0x03, 0xFC, 0x01, 0xFC,
  0x00, 0xFF, 0x00, 0xFF, 0x00, 0x3F, 0xC0, 0x7F, 0x80, 0x0F, 0xF0, 0x7F,
  0x80, 0x03, 0xFF, 0xFF, 0x80, 0x00, 0xFF, 0xFF, 0xE0, 0x00, 0x3F, 0xC1,
  0xFE, 0x00, 0x0F, 0xF0, 0x3F, 0xC0, 0x03, 0xFC, 0x07, 0xF8, 0x00, 0xFF,
  0x01, 0xFE, 0x00, 0x3F, 0xC0, 0x3F, 0xC0, 0x0F, 0xF0, 0x0F, 0xF0, 0x03,
  0xFC, 0x03, 0xFC, 0x00, 0xFF, 0x00, 0x7F, 0x80, 0x3F, 0xC0, 0x1F, 0xE0,
  0x0F, 0xF0, 0x07, 0xFC, 0x03, 0xFC, 0x00, 0xFF, 0x80, 0xFF, 0x80, 0x3F,
  0xF1, 0xFF, 0xFE, 0x07, 0xFF, 0x7F, 0xFF, 0x80, 0xFF, 0xC0, 0x01, 0xFF,
  0x8C, 0x03, 0xFF, 0xFF, 0x03, 0xE0, 0x3F, 0x83, 0xE0, 0x07, 0xC3, 0xE0,
  0x01, 0xE3, 0xF0, 0x00, 0xF1, 0xF8, 0x00, 0x38, 0xFC, 0x00, 0x1C, 0x7F,
  0x00, 0x06, 0x3F, 0xC0, 0x00, 0x1F, 0xF0, 0x00, 0x0F, 0xFC, 0x00, 0x03,
  0xFF, 0x80, 0x01, 0xFF, 0xF0, 0x00, 0x7F, 0xFE, 0x00, 0x1F, 0xFF, 0xC0,
  0x07, 0xFF, 0xF0, 0x00, 0xFF, 0xFE, 0x00, 0x1F, 0xFF, 0x80, 0x03, 0xFF,
  0xE0, 0x00, 0xFF, 0xF2, 0x00, 0x1F, 0xFF, 0x80, 0x03, 0xFF, 0xC0, 0x00,
  0xFF, 0xE0, 0x00, 0x3F, 0xF8, 0x00, 0x1F, 0xFC, 0x00, 0x0F, 0xFF, 0x00,
  0x07, 0xFF, 0xC0, 0x03, 0xF7, 0xF0, 0x01, 0xFB, 0xFE, 0x01, 0xF9, 0xFF,
  0xE7, 0xF0, 0x61, 0xFF, 0xE0, 0x00, 0x1F, 0x00, 0x00, 0xFF, 0xFF, 0xFF,
  0xFD, 0xFF, 0xFF, 0xFF, 0xFB, 0xFF, 0xFF, 0xFF, 0xF7, 0x80, 0xFF, 0x01,
  0xEE, 0x01, 0xFE, 0x01, 0xDC, 0x03, 0xFC, 0x03, 0xB8, 0x07, 0xF8, 0x07,
  0x60, 0x0F, 0xF0, 0x06, 0xC0, 0x1F, 0xE0, 0x0D, 0x80, 0x3F, 0xC0, 0x1F,
  0x00, 0x7F, 0x80, 0x30, 0x00, 0xFF, 0x00, 0x00, 0x01, 0xFE, 0x00, 0x00,
  0x03, 0xFC, 0x00, 0x00, 0x07, 0xF8, 0x00, 0x00, 0x0F, 0xF0, 0x00, 0x00,
  0x1F, 0xE0, 0x00, 0x00, 0x3F, 0xC0, 0x00, 0x00, 0x7F, 0x80, 0x00, 0x00,
  0xFF, 0x00, 0x00, 0x01, 0xFE, 0x00, 0x00, 0x03, 0xFC, 0x00, 0x00, 0x07,
  0xF8, 0x00, 0x00, 0x0F, 0xF0, 0x00, 0x00, 0x1F, 0xE0, 0x00, 0x00, 0x3F,
  0xC0, 0x00, 0x00, 0x7F, 0x80, 0x00, 0x00, 0xFF, 0x00, 0x00, 0x01, 0xFE,
  0x00, 0x00, 0x03, 0xFC, 0x00, 0x00, 0x0F, 0xFE, 0x00, 0x01, 0xFF, 0xFF,
  0xC0, 0x03, 0xFF, 0xFF, 0x00, 0x7F, 0xFF, 0x00, 0x7F, 0xF7, 0xFF, 0xFC,
  0x07, 0xFF, 0xCF, 0xFF, 0x80, 0x0F, 0xFC, 0x1F, 0xE0, 0x00, 0x0F, 0x00,
  0x7F, 0x00, 0x00, 0x70, 0x03, 0xF8, 0x00, 0x03, 0x80, 0x1F, 0xC0, 0x00,
  0x1C, 0x00, 0xFE, 0x00, 0x00, 0xE0, 0x07, 0xF0, 0x00, 0x07, 0x00, 0x3F,
  0x80, 0x00, 0x38, 0x01, 0xFC, 0x00, 0x01, 0xC0, 0x0F, 0xE0, 0x00, 0x0E,
  0x00, 0x7F, 0x00, 0x00, 0x70, 0x03, 0xF8, 0x00, 0x03, 0x80, 0x1F, 0xC0,
  0x00, 0x1C, 0x00, 0xFE, 0x00, 0x00, 0xE0, 0x07, 0xF0, 0x00, 0x07, 0x00,
  0x3F, 0x80, 0x00, 0x38, 0x01, 0xFC, 0x00, 0x01, 0xC0, 0x0F, 0xE0, 0x00,
  0x0E, 0x00, 0x7F, 0x00, 0x00, 0x70, 0x03, 0xF8, 0x00, 0x03, 0x80, 0x1F,
  0xC0, 0x00, 0x1C, 0x00, 0xFE, 0x00, 0x00, 0xE0, 0x07, 0xF0, 0x00, 0x07,
  0x00, 0x3F, 0xC0, 0x00, 0x38, 0x01, 0xFE, 0x00, 0x03, 0x80, 0x07, 0xF0,
  0x00, 0x1C, 0x00, 0x1F, 0xC0, 0x01, 0xC0, 0x00, 0xFE, 0x00, 0x1C, 0x00,
  0x03, 0xFC, 0x03, 0xE0, 0x00, 0x07, 0xFF, 0xFC, 0x00, 0x00, 0x0F, 0xFF,
  0xC0, 0x00, 0x00, 0x03, 0xC0, 0x00, 0x00, 0x7F, 0xFF, 0x00, 0x3F, 0xFB,
  0xFF, 0xFE, 0x00, 0xFF, 0xF3, 0xFF, 0xE0, 0x01, 0xFF, 0x83, 0xFE, 0x00,
  0x00, 0xF0, 0x07, 0xF8, 0x00, 0x03, 0x80, 0x1F, 0xF0, 0x00, 0x0E, 0x00,
  0x3F, 0xC0, 0x00, 0x70, 0x00, 0xFF, 0x00, 0x01, 0xC0, 0x01, 0xFE, 0x00,
  0x0E, 0x00, 0x07, 0xF8, 0x00, 0x38, 0x00, 0x1F, 0xF0, 0x00, 0xE0, 0x00,
  0x3F, 0xC0, 0x07, 0x00, 0x00, 0xFF, 0x80, 0x1C, 0x00, 0x01, 0xFE, 0x00,
  0xE0, 0x00, 0x07, 0xF8, 0x03, 0x80, 0x00, 0x0F, 0xF0, 0x0E, 0x00, 0x00,
  0x3F, 0xC0, 0x70, 0x00, 0x00, 0x7F, 0x81, 0xC0, 0x00, 0x01, 0xFE, 0x0E,
  0x00, 0x00, 0x03, 0xFC, 0x38, 0x00, 0x00, 0x0F, 0xF0, 0xC0, 0x00, 0x00,
  0x1F, 0xC7, 0x00, 0x00, 0x00, 0x7F, 0x9C, 0x00, 0x00, 0x00, 0xFE, 0x60,
  0x00, 0x00, 0x03, 0xFF, 0x80, 0x00, 0x00, 0x07, 0xFC, 0x00, 0x00, 0x00,
  0x1F, 0xF0, 0x00, 0x00, 0x00, 0x3F, 0xC0, 0x00, 0x00, 0x00, 0xFE, 0x00,
  0x00, 0x00, 0x03, 0xF8, 0x00, 0x00, 0x00, 0x07, 0xC0, 0x00, 0x00, 0x00,
  0x1F, 0x00, 0x00, 0x00, 0x00, 0x3C, 0x00, 0x00, 0x7F, 0xFF, 0x00, 0x00,
  0x00, 0x1F, 0xFD, 0xFF, 0xFF, 0x00, 0x3E, 0x00, 0x7F, 0xFD, 0xFF, 0xF8,
  0x00, 0x7C, 0x00, 0x7F, 0xF0, 0x7F, 0xC0, 0x00, 0xF8, 0x00, 0x0F, 0x00,
  0xFF, 0x80, 0x03, 0xF8, 0x00, 0x1C, 0x00, 0xFF, 0x00, 0x07, 0xF0, 0x00,
  0x38, 0x01, 0xFE, 0x00, 0x0F, 0xF0, 0x00, 0xE0, 0x01, 0xFE, 0x00, 0x3F,
  0xE0, 0x01, 0xC0, 0x03, 0xFC, 0x00, 0x7F, 0xC0, 0x07, 0x00, 0x07, 0xFC,
  0x00, 0xFF, 0xC0, 0x0E, 0x00, 0x07, 0xF8, 0x03, 0xFF, 0x80, 0x1C, 0x00,
  0x0F, 0xF0, 0x06, 0xFF, 0x80, 0x70, 0x00, 0x0F, 0xF0, 0x0C, 0xFF, 0x00,
  0xE0, 0x00, 0x1F, 0xE0, 0x39, 0xFE, 0x01, 0xC0, 0x00, 0x3F, 0xC0, 0x63,
  0xFE, 0x07, 0x00, 0x00, 0x3F, 0xC0, 0xC3, 0xFC, 0x0E, 0x00, 0x00, 0x7F,
  0x83, 0x87, 0xFC, 0x18, 0x00, 0x00, 0x7F, 0x86, 0x07, 0xF8, 0x70, 0x00,
  0x00, 0xFF, 0x0C, 0x0F, 0xF8, 0xE0, 0x00, 0x01, 0xFE, 0x38, 0x0F, 0xF3,
  0x80, 0x00, 0x01, 0xFE, 0x60, 0x1F, 0xE7, 0x00, 0x00, 0x03, 0xFC, 0xC0,
  0x3F, 0xEE, 0x00, 0x00, 0x03, 0xFF, 0x80, 0x3F, 0xF8, 0x00, 0x00, 0x07,
  0xFE, 0x00, 0x7F, 0xF0, 0x00, 0x00, 0x07, 0xFC, 0x00, 0x7F, 0xC0, 0x00,
  0x00, 0x0F, 0xF8, 0x00, 0xFF, 0x80, 0x00, 0x00, 0x1F, 0xE0, 0x01, 0xFF,
  0x00, 0x00, 0x00, 0x1F, 0xC0, 0x01, 0xFC, 0x00, 0x00, 0x00, 0x3F, 0x80,
  0x03, 0xF8, 0x00, 0x00, 0x00, 0x3E, 0x00, 0x03, 0xF0, 0x00, 0x00, 0x00,
  0x7C, 0x00, 0x07, 0xC0, 0x00, 0x00, 0x00, 0xF8, 0x00, 0x0F, 0x80, 0x00,
  0x00, 0x00, 0xE0, 0x00, 0x0E, 0x00, 0x00, 0x7F, 0xFF, 0x80, 0x7F, 0xE3,
  0xFF, 0xFF, 0x03, 0xFF, 0xC7, 0xFF, 0xF8, 0x07, 0xFE, 0x01, 0xFF, 0x00,
  0x07, 0xC0, 0x03, 0xFC, 0x00, 0x1E, 0x00, 0x0F, 0xF8, 0x00, 0xF0, 0x00,
  0x1F, 0xF0, 0x03, 0x80, 0x00, 0x3F, 0xE0, 0x1C, 0x00, 0x00, 0x7F, 0x80,
  0xE0, 0x00, 0x01, 0xFF, 0x07, 0x80, 0x00, 0x03, 0xFE, 0x3C, 0x00, 0x00,
  0x07, 0xF8, 0xE0, 0x00, 0x00, 0x1F, 0xF7, 0x00, 0x00, 0x00, 0x3F, 0xF8,
  0x00, 0x00, 0x00, 0x7F, 0xC0, 0x00, 0x00, 0x00, 0xFF, 0x00, 0x00, 0x00,
  0x03, 0xFE, 0x00, 0x00, 0x00, 0x07, 0xFC, 0x00, 0x00, 0x00, 0x1F, 0xF8,
  0x00, 0x00, 0x00, 0xFF, 0xE0, 0x00, 0x00, 0x07, 0x7F, 0xC0, 0x00, 0x00,
  0x38, 0xFF, 0x80, 0x00, 0x00, 0xE1, 0xFF, 0x00, 0x00, 0x07, 0x03, 0xFC,
  0x00, 0x00, 0x38, 0x0F, 0xF8, 0x00, 0x01, 0xC0, 0x1F, 0xF0, 0x00, 0x0F,
  0x00, 0x3F, 0xE0, 0x00, 0x78, 0x00, 0x7F, 0x80, 0x03, 0xC0, 0x01, 0xFF,
  0x00, 0x1E, 0x00, 0x03, 0xFE, 0x00, 0xFC, 0x00, 0x0F, 0xFC, 0x1F, 0xFE,
  0x03, 0xFF, 0xFF, 0x7F, 0xF8, 0x0F, 0xFF, 0xFC, 0x7F, 0xFF, 0x80, 0x3F,
  0xFF, 0xFF, 0xFC, 0x07, 0xFF, 0x3F, 0xFC, 0x00, 0x0F, 0xC0, 0xFF, 0x80,
  0x00, 0x70, 0x07, 0xFC, 0x00, 0x07, 0x00, 0x7F, 0xC0, 0x00, 0xE0, 0x03,
  0xFE, 0x00, 0x0E, 0x00, 0x1F, 0xE0, 0x01, 0xC0, 0x01, 0xFF, 0x00, 0x38,
  0x00, 0x0F, 0xF8, 0x03, 0x80, 0x00, 0xFF, 0x80, 0x70, 0x00, 0x07, 0xFC,
  0x07, 0x00, 0x00, 0x3F, 0xC0, 0xE0, 0x00, 0x03, 0xFE, 0x0E, 0x00, 0x00,
  0x1F, 0xE1, 0xC0, 0x00, 0x00, 0xFF, 0x1C, 0x00, 0x00, 0x0F, 0xF3, 0x80,
  0x00, 0x00, 0x7F, 0xF0, 0x00, 0x00, 0x07, 0xFF, 0x00, 0x00, 0x00, 0x3F,
  0xE0, 0x00, 0x00, 0x01, 0xFE, 0x00, 0x00, 0x00, 0x1F, 0xE0, 0x00, 0x00,
  0x01, 0xFE, 0x00, 0x00, 0x00, 0x1F, 0xE0, 0x00, 0x00, 0x01, 0xFE, 0x00,
  0x00, 0x00, 0x1F, 0xE0, 0x00, 0x00, 0x01, 0xFE, 0x00, 0x00, 0x00, 0x1F,
  0xE0, 0x00, 0x00, 0x01, 0xFE, 0x00, 0x00, 0x00, 0x1F, 0xE0, 0x00, 0x00,
  0x03, 0xFE, 0x00, 0x00, 0x03, 0xFF, 0xFF, 0x00, 0x00, 0x3F, 0xFF, 0xE0,
  0x00, 0x0F, 0xFF, 0xFF, 0xF8, 0x7F, 0xFF, 0xFF, 0xF1, 0xF8, 0x00, 0xFF,
  0x87, 0xC0, 0x07, 0xFC, 0x1E, 0x00, 0x1F, 0xF0, 0x70, 0x00, 0xFF, 0x81,
  0xC0, 0x07, 0xFC, 0x07, 0x00, 0x1F, 0xF0, 0x18, 0x00, 0xFF, 0x80, 0x60,
  0x07, 0xFC, 0x00, 0x00, 0x1F, 0xF0, 0x00, 0x00, 0xFF, 0x80, 0x00, 0x07,
  0xFC, 0x00, 0x00, 0x1F, 0xF0, 0x00, 0x00, 0xFF, 0x80, 0x00, 0x07, 0xFC,
  0x00, 0x00, 0x1F, 0xF0, 0x00, 0x00, 0xFF, 0x80, 0x00, 0x07, 0xFC, 0x00,
  0x00, 0x1F, 0xF0, 0x00, 0x00, 0xFF, 0x80, 0x00, 0x07, 0xFC, 0x00, 0x00,
  0x1F, 0xF0, 0x01, 0x00, 0xFF, 0x80, 0x07, 0x07, 0xFC, 0x00, 0x18, 0x1F,
  0xF0, 0x00, 0xE0, 0xFF, 0x80, 0x03, 0x87, 0xFC, 0x00, 0x1E, 0x1F, 0xF0,
  0x00, 0x78, 0xFF, 0x80, 0x03, 0xE7, 0xFC, 0x00, 0x1F, 0x9F, 0xFF, 0xFF,
  0xFC, 0xFF, 0xFF, 0xFF, 0xF0, 0xFF, 0xFF, 0xFF, 0xFF, 0xC1, 0xFE, 0x0F,
  0xF0, 0x7F, 0x83, 0xFC, 0x1F, 0xE0, 0xFF, 0x07, 0xF8, 0x3F, 0xC1, 0xFE,
  0x0F, 0xF0, 0x7F, 0x83, 0xFC, 0x1F, 0xE0, 0xFF, 0x07, 0xF8, 0x3F, 0xC1,
  0xFE, 0x0F, 0xF0, 0x7F, 0x83, 0xFC, 0x1F, 0xE0, 0xFF, 0x07, 0xF8, 0x3F,
  0xC1, 0xFE, 0x0F, 0xF0, 0x7F, 0x83, 0xFC, 0x1F, 0xE0, 0xFF, 0x07, 0xF8,
  0x3F, 0xC1, 0xFE, 0x0F, 0xF0, 0x7F, 0x83, 0xFC, 0x1F, 0xE0, 0xFF, 0xFF,
  0xFF, 0xFF, 0xFE, 0xE0, 0x00, 0xF0, 0x00, 0xF0, 0x00, 0x70, 0x00, 0x78,
  0x00, 0x78, 0x00, 0x38, 0x00, 0x38, 0x00, 0x3C, 0x00, 0x3C, 0x00, 0x1C,
  0x00, 0x1E, 0x00, 0x1E, 0x00, 0x0E, 0x00, 0x0E, 0x00, 0x0F, 0x00, 0x0F,
  0x00, 0x07, 0x00, 0x07, 0x80, 0x07, 0x80, 0x03, 0x80, 0x03, 0x80, 0x03,
  0xC0, 0x03, 0xC0, 0x01, 0xC0, 0x01, 0xE0, 0x01, 0xE0, 0x00, 0xE0, 0x00,
  0xE0, 0x00, 0xF0, 0x00, 0xF0, 0x00, 0x70, 0x00, 0x78, 0x00, 0x78, 0x00,
  0x38, 0x00, 0x38, 0x00, 0x3C, 0x00, 0x3C, 0x00, 0x1C, 0x00, 0x1E, 0x00,
  0x1E, 0x00, 0x0E, 0x00, 0x0E, 0x00, 0x0F, 0x00, 0x0F, 0x00, 0x07, 0xFF,
  0xFF, 0xFF, 0xC1, 0xFE, 0x0F, 0xF0, 0x7F, 0x83, 0xFC, 0x1F, 0xE0, 0xFF,
  0x07, 0xF8, 0x3F, 0xC1, 0xFE, 0x0F, 0xF0, 0x7F, 0x83, 0xFC, 0x1F, 0xE0,
  0xFF, 0x07, 0xF8, 0x3F, 0xC1, 0xFE, 0x0F, 0xF0, 0x7F, 0x83, 0xFC, 0x1F,
  0xE0, 0xFF, 0x07, 0xF8, 0x3F, 0xC1, 0xFE, 0x0F, 0xF0, 0x7F, 0x83, 0xFC,
  0x1F, 0xE0, 0xFF, 0x07, 0xF8, 0x3F, 0xC1, 0xFE, 0x0F, 0xF0, 0x7F, 0x83,
  0xFC, 0x1F, 0xE0, 0xFF, 0xFF, 0xFF, 0xFF, 0xFF, 0xFE, 0x00, 0x1C, 0x00,
  0x00, 0x0E, 0x00, 0x00, 0x0F, 0x80, 0x00, 0x07, 0xC0, 0x00, 0x07, 0xF0,
  0x00, 0x03, 0xF8, 0x00, 0x03, 0xFE, 0x00, 0x01, 0xEF, 0x00, 0x00, 0xF7,
  0x80, 0x00, 0xFB, 0xE0, 0x00, 0x78, 0xF0, 0x00, 0x7C, 0x7C, 0x00, 0x3C,
  0x1E, 0x00, 0x1E, 0x0F, 0x00, 0x1F, 0x07, 0xC0, 0x0F, 0x01, 0xE0, 0x0F,
  0x80, 0xF8, 0x07, 0x80, 0x3C, 0x07, 0xC0, 0x1F, 0x03, 0xE0, 0x0F, 0x81,
  0xE0, 0x03, 0xC1, 0xF0, 0x01, 0xF0, 0xF0, 0x00, 0x78, 0xF8, 0x00, 0x3E,
  0x7C, 0x00, 0x1F, 0x7C, 0x00, 0x07, 0xC0, 0xFF, 0xFF, 0xFF, 0xFF, 0xFF,
  0xFF, 0xFF, 0xFF, 0xFF, 0xFF, 0xFF, 0xFF, 0xFF, 0x80, 0x78, 0x1F, 0x83,
  0xF0, 0x7F, 0x07, 0xF0, 0x3E, 0x03, 0xE0, 0x1E, 0x01, 0xE0, 0x0C, 0x01,
  0xFF, 0xC0, 0x03, 0xFF, 0xFC, 0x01, 0xF8, 0x3F, 0x80, 0xFC, 0x0F, 0xF0,
  0x7F, 0x01, 0xFC, 0x1F, 0x80, 0x7F, 0x03, 0xC0, 0x1F, 0xC0, 0xF0, 0x07,
  0xF0, 0x00, 0x01, 0xFC, 0x00, 0x01, 0xFF, 0x00, 0x0F, 0xFF, 0xC0, 0x1F,
  0xE7, 0xF0, 0x1F, 0xC1, 0xFC, 0x0F, 0xE0, 0x7F, 0x07, 0xF0, 0x1F, 0xC3,
  0xFC, 0x07, 0xF0, 0xFF, 0x01, 0xFC, 0x3F, 0xC0, 0x7F, 0x0F, 0xF0, 0x1F,
  0xC1, 0xFE, 0x0F, 0xF0, 0x7F, 0xFF, 0xFE, 0x8F, 0xFF, 0x7F, 0xF1, 0xFF,
  0x1F, 0xF8, 0x04, 0x00, 0xE0, 0x00, 0xE0, 0x00, 0x07, 0xFF, 0x80, 0x00,
  0x1F, 0xFC, 0x00, 0x00, 0x1F, 0xE0, 0x00, 0x00, 0xFF, 0x00, 0x00, 0x07,
  0xF8, 0x00, 0x00, 0x3F, 0xC0, 0x00, 0x01, 0xFE, 0x00, 0x00, 0x0F, 0xF0,
  0x00, 0x00, 0x7F, 0x80, 0x00, 0x03, 0xFC, 0x00, 0x00, 0x1F, 0xE0, 0x00,
  0x00, 0xFF, 0x00, 0x00, 0x07, 0xF0, 0xFF, 0x00, 0x3F, 0x9F, 0xFE, 0x01,
  0xFD, 0xFF, 0xF8, 0x0F, 0xFC, 0x3F, 0xE0, 0x7F, 0x80, 0xFF, 0x83, 0xFC,
  0x03, 0xFC, 0x1F, 0xE0, 0x0F, 0xE0, 0xFF, 0x00, 0x7F, 0x87, 0xF8, 0x03,
  0xFC, 0x3F, 0xC0, 0x1F, 0xE1, 0xFE, 0x00, 0xFF, 0x0F, 0xF0, 0x07, 0xF8,
  0x7F, 0x80, 0x3F, 0xC3, 0xFC, 0x01, 0xFE, 0x1F, 0xE0, 0x0F, 0xF0, 0xFF,
  0x00, 0x7F, 0x87, 0xF8, 0x03, 0xF8, 0x3F, 0xC0, 0x1F, 0xC1, 0xFE, 0x01,
  0xFC, 0x0F, 0xF0, 0x0F, 0xE0, 0x7F, 0xC1, 0xFE, 0x03, 0xFF, 0xFF, 0xE0,
  0x1E, 0xFF, 0xFC, 0x00, 0x40, 0x3E, 0x00, 0x00, 0x00, 0xFF, 0xC0, 0x1F,
  0xFF, 0xC0, 0xFC, 0x3F, 0x87, 0xE0, 0x7E, 0x3F, 0x81, 0xFD, 0xFC, 0x07,
  0xF7, 0xF0, 0x0F, 0xFF, 0xC0, 0x3E, 0xFF, 0x00, 0x73, 0xFC, 0x00, 0x0F,
  0xF0, 0x00, 0x3F, 0xC0, 0x00, 0xFF, 0x00, 0x03, 0xFC, 0x00, 0x0F, 0xF0,
  0x00, 0x3F, 0xC0, 0x00, 0xFF, 0x00, 0x01, 0xFE, 0x00, 0x07, 0xF8, 0x01,
  0x8F, 0xF0, 0x0E, 0x1F, 0xF9, 0xF0, 0x3F, 0xFF, 0x80, 0x3F, 0xF8, 0x00,
  0x0F, 0x00, 0x00, 0x00, 0x1F, 0x00, 0x00, 0x7F, 0xF8, 0x00, 0x07, 0xFF,
  0x80, 0x00, 0x07, 0xF8, 0x00, 0x00, 0x3F, 0x80, 0x00, 0x03, 0xF8, 0x00,
  0x00, 0x3F, 0x80, 0x00, 0x03, 0xF8, 0x00, 0x00, 0x3F, 0x80, 0x00, 0x03,
  0xF8, 0x00, 0x00, 0x3F, 0x80, 0x00, 0x03, 0xF8, 0x00, 0x00, 0x3F, 0x80,
  0x1F, 0xFB, 0xF8, 0x07, 0xFF, 0xFF, 0x80, 0xFF, 0x0F, 0xF8, 0x1F, 0xC0,
  0x7F, 0x83, 0xF8, 0x03, 0xF8, 0x3F, 0x80, 0x3F, 0x87, 0xF8, 0x03, 0xF8,
  0x7F, 0x00, 0x3F, 0x87, 0xF0, 0x03, 0xF8, 0xFF, 0x00, 0x3F, 0x8F, 0xF0,
  0x03, 0xF8, 0xFF, 0x00, 0x3F, 0x8F, 0xF0, 0x03, 0xF8, 0xFF, 0x00, 0x3F,
  0x8F, 0xF0, 0x03, 0xF8, 0x7F, 0x00, 0x3F, 0x87, 0xF8, 0x03, 0xF8, 0x7F,
  0x80, 0x3F, 0x83, 0xFC, 0x03, 0xF8, 0x3F, 0xE0, 0x7F, 0x81, 0xFF, 0xFF,
  0xF8, 0x0F, 0xFF, 0xBF, 0xF0, 0x7F, 0xF3, 0xFF, 0x00, 0x70, 0x00, 0x00,
  0x00, 0xFF, 0xC0, 0x0F, 0xFF, 0xE0, 0x3F, 0x0F, 0xE0, 0xFC, 0x0F, 0xE3,
  0xF8, 0x1F, 0xCF, 0xE0, 0x3F, 0xDF, 0xC0, 0x3F, 0xFF, 0x80, 0x7F, 0xFF,
  0x00, 0xFF, 0xFF, 0xFF, 0xFF, 0xFF, 0xFF, 0xFF, 0xF0, 0x00, 0x0F, 0xE0,
  0x00, 0x1F, 0xC0, 0x00, 0x3F, 0xC0, 0x00, 0x7F, 0x80, 0x00, 0xFF, 0x00,
  0x00, 0xFF, 0x00, 0x01, 0xFF, 0x00, 0x31, 0xFF, 0x00, 0xE1, 0xFF, 0xCF,
  0x81, 0xFF, 0xFE, 0x00, 0xFF, 0xF0, 0x00, 0x1E, 0x00, 0x00, 0x1F, 0x80,
  0x0F, 0xF8, 0x07, 0xFF, 0x80, 0xF9, 0xF0, 0x3F, 0x1E, 0x0F, 0xE3, 0xC1,
  0xFC, 0x20, 0x3F, 0x00, 0x0F, 0xE0, 0x01, 0xFC, 0x00, 0x3F, 0x80, 0x07,
  0xF0, 0x00, 0xFE, 0x00, 0xFF, 0xFF, 0x3F, 0xFF, 0xE3, 0xFF, 0xFC, 0x0F,
  0xE0, 0x01, 0xFC, 0x00, 0x3F, 0x80, 0x07, 0xF0, 0x00, 0xFE, 0x00, 0x1F,
  0xC0, 0x03, 0xF8, 0x00, 0x7F, 0x00, 0x0F, 0xE0, 0x01, 0xFC, 0x00, 0x3F,
  0x80, 0x07, 0xF0, 0x00, 0xFE, 0x00, 0x1F, 0xC0, 0x03, 0xF8, 0x00, 0x7F,
  0x00, 0x0F, 0xE0, 0x01, 0xFE, 0x01, 0xFF, 0xFC, 0x3F, 0xFF, 0x80, 0x03,
  0xFF, 0x8F, 0x81, 0xFF, 0xFB, 0xF8, 0x7E, 0x1F, 0xEF, 0x1F, 0xC1, 0xF9,
  0xF3, 0xF0, 0x3F, 0x9C, 0xFE, 0x07, 0xF1, 0x9F, 0xC0, 0x7E, 0x23, 0xF8,
  0x0F, 0xC0, 0x7F, 0x03, 0xF8, 0x0F, 0xE0, 0x7F, 0x00, 0xFC, 0x0F, 0xE0,
  0x1F, 0xC1, 0xF8, 0x01, 0xFC, 0x7E, 0x00, 0x0F, 0xFF, 0x80, 0x01, 0xFF,
  0x80, 0x00, 0xE0, 0x00, 0x00, 0x3C, 0x00, 0x00, 0x0F, 0x80, 0x00, 0x01,
  0xFF, 0xFF, 0x80, 0x3F, 0xFF, 0xFE, 0x03, 0xFF, 0xFF, 0xE0, 0x7F, 0xFF,
  0xFE, 0x03, 0xFF, 0xFF, 0xC0, 0xEF, 0xFF, 0xF8, 0x7C, 0x00, 0x7F, 0x8F,
  0x80, 0x07, 0xF3, 0xF0, 0x00, 0x7E, 0x7E, 0x00, 0x0F, 0x8F, 0xC0, 0x03,
  0xF1, 0xFC, 0x00, 0x7C, 0x1F, 0xC0, 0x1F, 0x01, 0xFF, 0x1F, 0xC0, 0x1F,
  0xFF, 0xE0, 0x00, 0x3F, 0xE0, 0x00, 0x00, 0xE0, 0x00, 0x00, 0xFF, 0xF0,
  0x00, 0x00, 0x7F, 0xF0, 0x00, 0x00, 0x0F, 0xF0, 0x00, 0x00, 0x0F, 0xF0,
  0x00, 0x00, 0x0F, 0xF0, 0x00, 0x00, 0x0F, 0xF0, 0x00, 0x00, 0x0F, 0xF0,
  0x00, 0x00, 0x0F, 0xF0, 0x00, 0x00, 0x0F, 0xF0, 0x00, 0x00, 0x0F, 0xF0,
  0x00, 0x00, 0x0F, 0xF0, 0x00, 0x00, 0x0F, 0xF0, 0x00, 0x00, 0x0F, 0xE0,
  0x7F, 0x80, 0x0F, 0xE1, 0xFF, 0xC0, 0x0F, 0xE7, 0xFF, 0xE0, 0x0F, 0xFF,
  0xFF, 0xF0, 0x0F, 0xFC, 0x0F, 0xF0, 0x0F, 0xF0, 0x07, 0xF0, 0x0F, 0xF0,
  0x07, 0xF0, 0x0F, 0xF0, 0x07, 0xF0, 0x0F, 0xF0, 0x07, 0xF0, 0x0F, 0xF0,
  0x07, 0xF0, 0x0F, 0xF0, 0x07, 0xF0, 0x0F, 0xF0, 0x07, 0xF0, 0x0F, 0xF0,
  0x07, 0xF0, 0x0F, 0xF0, 0x07, 0xF0, 0x0F, 0xF0, 0x07, 0xF0, 0x0F, 0xF0,
  0x07, 0xF0, 0x0F, 0xF0, 0x07, 0xF0, 0x0F, 0xF0, 0x07, 0xF0, 0x0F, 0xF0,
  0x07, 0xF0, 0x0F, 0xF0, 0x07, 0xF0, 0x0F, 0xF0, 0x0F, 0xF0, 0x7F, 0xFE,
  0x3F, 0xFF, 0x7F, 0xFE, 0x3F, 0xFF, 0x03, 0xC0, 0x0F, 0xC0, 0x3F, 0xC0,
  0x7F, 0x80, 0xFF, 0x01, 0xFE, 0x03, 0xFC, 0x03, 0xF0, 0x01, 0x80, 0x00,
  0x00, 0x00, 0x00, 0x00, 0x07, 0xFE, 0x1F, 0xFC, 0x1F, 0xF8, 0x07, 0xF0,
  0x0F, 0xE0, 0x1F, 0xC0, 0x3F, 0x80, 0x7F, 0x00, 0xFE, 0x01, 0xFC, 0x03,
  0xF8, 0x07, 0xF0, 0x0F, 0xE0, 0x1F, 0xC0, 0x3F, 0x80, 0x7F, 0x00, 0xFE,
  0x01, 0xFC, 0x03, 0xF8, 0x07, 0xF0, 0x0F, 0xF0, 0xFF, 0xFD, 0xFF, 0xF8,
  0x00, 0x3C, 0x00, 0x3F, 0x00, 0x3F, 0xC0, 0x1F, 0xE0, 0x0F, 0xF0, 0x07,
  0xF8, 0x03, 0xFC, 0x00, 0xFC, 0x00, 0x18, 0x00, 0x00, 0x00, 0x00, 0x00,
  0x00, 0x00, 0x3F, 0xF0, 0x3F, 0xFC, 0x0F, 0xFE, 0x00, 0xFF, 0x00, 0x7F,
  0x80, 0x3F, 0xC0, 0x1F, 0xE0, 0x0F, 0xF0, 0x07, 0xF8, 0x03, 0xFC, 0x01,
  0xFE, 0x00, 0xFF, 0x00, 0x7F, 0x80, 0x3F, 0xC0, 0x1F, 0xE0, 0x0F, 0xF0,
  0x07, 0xF8, 0x03, 0xFC, 0x01, 0xFE, 0x00, 0xFF, 0x00, 0x7F, 0x80, 0x3F,
  0xC0, 0x1F, 0xE0, 0x0F, 0xE0, 0x07, 0xF0, 0x03, 0xF9, 0xE1, 0xFD, 0xF0,
  0xFE, 0xFC, 0x7E, 0x7E, 0x3F, 0x1F, 0xBF, 0x0F, 0xFF, 0x01, 0xFE, 0x00,
  0x00, 0xE0, 0x00, 0x07, 0xFF, 0x00, 0x00, 0x3F, 0xF8, 0x00, 0x00, 0x3F,
  0xC0, 0x00, 0x00, 0xFE, 0x00, 0x00, 0x07, 0xF0, 0x00, 0x00, 0x3F, 0x80,
  0x00, 0x01, 0xFC, 0x00, 0x00, 0x0F, 0xE0, 0x00, 0x00, 0x7F, 0x00, 0x00,
  0x03, 0xF8, 0x00, 0x00, 0x1F, 0xC0, 0x00, 0x00, 0xFE, 0x00, 0x00, 0x07,
  0xF0, 0x3F, 0xF8, 0x3F, 0x83, 0xFF, 0xE1, 0xFC, 0x03, 0xF8, 0x0F, 0xE0,
  0x0F, 0x00, 0x7F, 0x00, 0xF0, 0x03, 0xF8, 0x0F, 0x00, 0x1F, 0xC0, 0xE0,
  0x00, 0xFE, 0x0E, 0x00, 0x07, 0xF0, 0xF8, 0x00, 0x3F, 0x8F, 0xC0, 0x01,
  0xFC, 0xFF, 0x00, 0x0F, 0xEF, 0xF8, 0x00, 0x7F, 0xFF, 0xE0, 0x03, 0xFE,
  0x7F, 0x00, 0x1F, 0xE3, 0xFC, 0x00, 0xFE, 0x0F, 0xF0, 0x07, 0xF0, 0x7F,
  0x80, 0x3F, 0x83, 0xFE, 0x01, 0xFC, 0x0F, 0xF0, 0x0F, 0xE0, 0x7F, 0xC0,
  0x7F, 0x81, 0xFF, 0x1F, 0xFF, 0x0F, 0xFE, 0xFF, 0xF8, 0x3F, 0xF0, 0x00,
  0xE1, 0xFF, 0xE3, 0xFF, 0xC0, 0x7F, 0x80, 0xFF, 0x01, 0xFE, 0x03, 0xFC,
  0x07, 0xF8, 0x0F, 0xF0, 0x1F, 0xE0, 0x3F, 0xC0, 0x7F, 0x80, 0xFF, 0x01,
  0xFE, 0x03, 0xFC, 0x07, 0xF8, 0x0F, 0xF0, 0x1F, 0xE0, 0x3F, 0xC0, 0x7F,
  0x80, 0xFF, 0x01, 0xFE, 0x03, 0xFC, 0x07, 0xF8, 0x0F, 0xF0, 0x1F, 0xE0,
  0x3F, 0xC0, 0x7F, 0x80, 0xFF, 0x01, 0xFE, 0x03, 0xFC, 0x07, 0xF8, 0x0F,
  0xF0, 0x1F, 0xE1, 0xFF, 0xFB, 0xFF, 0xF0, 0xFF, 0xE0, 0xFF, 0x00, 0xFF,
  0x03, 0xFF, 0x8F, 0xFF, 0x1F, 0xFE, 0x07, 0xFE, 0xFF, 0xFC, 0xFF, 0xFC,
  0x03, 0xFF, 0xCF, 0xFF, 0x8F, 0xF0, 0x0F, 0xF8, 0x1F, 0xF8, 0x1F, 0xE0,
  0x3F, 0xC0, 0x3F, 0x80, 0x7F, 0x80, 0xFE, 0x00, 0xFE, 0x01, 0xFE, 0x03,
  0xF8, 0x03, 0xF8, 0x07, 0xF8, 0x0F, 0xE0, 0x0F, 0xE0, 0x1F, 0xE0, 0x3F,
  0x80, 0x3F, 0x80, 0x7F, 0x80, 0xFE, 0x00, 0xFE, 0x01, 0xFE, 0x03, 0xF8,
  0x03, 0xF8, 0x07, 0xF8, 0x0F, 0xE0, 0x0F, 0xE0, 0x1F, 0xE0, 0x3F, 0x80,
  0x3F, 0x80, 0x7F, 0x80, 0xFE, 0x00, 0xFE, 0x01, 0xFE, 0x03, 0xF8, 0x03,
  0xF8, 0x07, 0xF8, 0x0F, 0xE0, 0x0F, 0xE0, 0x1F, 0xE0, 0x3F, 0x80, 0x3F,
  0x80, 0x7F, 0x80, 0xFE, 0x00, 0xFE, 0x01, 0xFE, 0x03, 0xF8, 0x03, 0xF8,
  0x07, 0xF8, 0x0F, 0xF0, 0x0F, 0xE0, 0x1F, 0xE1, 0xFF, 0xF1, 0xFF, 0xF1,
  0xFF, 0xF7, 0xFF, 0xC7, 0xFF, 0xC7, 0xFF, 0xC0, 0xFF, 0xE0, 0xFF, 0x01,
  0xFF, 0xC7, 0xFF, 0x81, 0xFF, 0xBF, 0xFF, 0x00, 0xFF, 0xF8, 0xFF, 0x00,
  0xFF, 0x80, 0xFE, 0x01, 0xFE, 0x01, 0xFC, 0x03, 0xF8, 0x03, 0xF8, 0x07,
  0xF0, 0x07, 0xF0, 0x0F, 0xE0, 0x0F, 0xE0, 0x1F, 0xC0, 0x1F, 0xC0, 0x3F,
  0x80, 0x3F, 0x80, 0x7F, 0x00, 0x7F, 0x00, 0xFE, 0x00, 0xFE, 0x01, 0xFC,
  0x01, 0xFC, 0x03, 0xF8, 0x03, 0xF8, 0x07, 0xF0, 0x07, 0xF0, 0x0F, 0xE0,
  0x0F, 0xE0, 0x1F, 0xC0, 0x1F, 0xC0, 0x3F, 0x80, 0x3F, 0x80, 0x7F, 0x00,
  0x7F, 0x01, 0xFE, 0x00, 0xFF, 0x0F, 0xFF, 0x8F, 0xFF, 0xDF, 0xFF, 0x1F,
  0xFF, 0x80, 0x00, 0xFF, 0xE0, 0x01, 0xFF, 0xFE, 0x00, 0xFE, 0x1F, 0xC0,
  0x7E, 0x03, 0xF8, 0x3F, 0x80, 0x7F, 0x1F, 0xC0, 0x1F, 0xE7, 0xF0, 0x03,
  0xFB, 0xFC, 0x00, 0xFF, 0xFF, 0x00, 0x3F, 0xFF, 0xC0, 0x0F, 0xFF, 0xF0,
  0x03, 0xFF, 0xFC, 0x00, 0xFF, 0xFF, 0x00, 0x3F, 0xFF, 0xC0, 0x0F, 0xFF,
  0xF0, 0x03, 0xFF, 0xFC, 0x00, 0xFF, 0xFF, 0x00, 0x3F, 0x9F, 0xC0, 0x1F,
  0xE7, 0xF8, 0x07, 0xF0, 0xFE, 0x01, 0xFC, 0x1F, 0xC0, 0xFE, 0x03, 0xFF,
  0xFE, 0x00, 0x3F, 0xFF, 0x00, 0x00, 0x78, 0x00, 0x7F, 0xE1, 0xFE, 0x07,
  0xFF, 0x3F, 0xFC, 0x1F, 0xFB, 0xFF, 0xF0, 0x1F, 0xF0, 0x7F, 0xC0, 0xFF,
  0x01, 0xFE, 0x07, 0xF0, 0x07, 0xF8, 0x3F, 0x80, 0x1F, 0xC1, 0xFC, 0x00,
  0xFF, 0x0F, 0xE0, 0x07, 0xF8, 0x7F, 0x00, 0x3F, 0xC3, 0xF8, 0x01, 0xFE,
  0x1F, 0xC0, 0x0F, 0xF0, 0xFE, 0x00, 0x7F, 0x87, 0xF0, 0x03, 0xFC, 0x3F,
  0x80, 0x1F, 0xE1, 0xFC, 0x00, 0xFF, 0x0F, 0xE0, 0x07, 0xF0, 0x7F, 0x00,
  0x7F, 0x83, 0xF8, 0x03, 0xF8, 0x1F, 0xE0, 0x3F, 0xC0, 0xFF, 0x83, 0xFC,
  0x07, 0xFF, 0xFF, 0xC0, 0x3F, 0xFF, 0xF8, 0x01, 0xFC, 0x3C, 0x00, 0x0F,
  0xE0, 0x00, 0x00, 0x7F, 0x00, 0x00, 0x03, 0xF8, 0x00, 0x00, 0x1F, 0xC0,
  0x00, 0x00, 0xFE, 0x00, 0x00, 0x07, 0xF0, 0x00, 0x00, 0x7F, 0xE0, 0x00,
  0x0F, 0xFF, 0xE0, 0x00, 0x7F, 0xFF, 0x00, 0x00, 0x00, 0x00, 0x00, 0x80,
  0x0F, 0xFC, 0x1C, 0x01, 0xFF, 0xF9, 0xE0, 0x1F, 0xE1, 0xFF, 0x01, 0xFC,
  0x07, 0xF8, 0x1F, 0xE0, 0x1F, 0xC0, 0xFE, 0x00, 0xFE, 0x0F, 0xF0, 0x07,
  0xF0, 0x7F, 0x00, 0x3F, 0x83, 0xF8, 0x01, 0xFC, 0x3F, 0xC0, 0x0F, 0xE1,
  0xFE, 0x00, 0x7F, 0x0F, 0xF0, 0x03, 0xF8, 0x7F, 0x80, 0x1F, 0xC3, 0xFC,
  0x00, 0xFE, 0x0F, 0xE0, 0x07, 0xF0, 0x7F, 0x00, 0x3F, 0x83, 0xFC, 0x01,
  0xFC, 0x1F, 0xE0, 0x0F, 0xE0, 0x7F, 0x80, 0x7F, 0x03, 0xFE, 0x07, 0xF8,
  0x0F, 0xFF, 0xFF, 0xC0, 0x3F, 0xFE, 0xFE, 0x00, 0x7F, 0xE7, 0xF0, 0x00,
  0x78, 0x3F, 0x80, 0x00, 0x01, 0xFC, 0x00, 0x00, 0x0F, 0xE0, 0x00, 0x00,
  0x7F, 0x00, 0x00, 0x03, 0xF8, 0x00, 0x00, 0x1F, 0xC0, 0x00, 0x00, 0xFE,
  0x00, 0x00, 0x07, 0xF8, 0x00, 0x07, 0xFF, 0xF0, 0x00, 0x3F, 0xFF, 0xC0,
  0xFF, 0xE0, 0xFD, 0xFF, 0xC7, 0xF8, 0xFF, 0x9F, 0xF8, 0x7F, 0x7F, 0xF0,
  0xFE, 0xC7, 0xE1, 0xFF, 0x07, 0xC3, 0xFE, 0x0F, 0x07, 0xF8, 0x0C, 0x0F,
  0xE0, 0x00, 0x1F, 0xC0, 0x00, 0x3F, 0x80, 0x00, 0x7F, 0x00, 0x00, 0xFE,
  0x00, 0x01, 0xFC, 0x00, 0x03, 0xF8, 0x00, 0x07, 0xF0, 0x00, 0x0F, 0xE0,
  0x00, 0x1F, 0xC0, 0x00, 0x3F, 0x80, 0x00, 0x7F, 0x00, 0x00, 0xFF, 0x00,
  0x0F, 0xFF, 0xE0, 0x1F, 0xFF, 0xC0, 0x00, 0x03, 0xFC, 0xE0, 0x7F, 0xFF,
  0x0F, 0xC0, 0xF8, 0x7C, 0x03, 0xC7, 0xE0, 0x0E, 0x3F, 0x00, 0x71, 0xFC,
  0x01, 0x8F, 0xF8, 0x00, 0x7F, 0xF0, 0x03, 0xFF, 0xF0, 0x0F, 0xFF, 0xE0,
  0x3F, 0xFF, 0x80, 0xFF, 0xFE, 0x01, 0xFF, 0xF8, 0x03, 0xFF, 0xD8, 0x03,
  0xFF, 0xE0, 0x0F, 0xFF, 0x00, 0x3F, 0xFC, 0x00, 0xFF, 0xE0, 0x07, 0xEF,
  0xC0, 0x7F, 0x7F, 0x87, 0xE3, 0x9F, 0xFE, 0x00, 0x1E, 0x00, 0x01, 0xC0,
  0x00, 0xE0, 0x00, 0xF0, 0x00, 0x78, 0x00, 0x3C, 0x00, 0x3E, 0x00, 0x3F,
  0x00, 0xFF, 0xFE, 0xFF, 0xFF, 0x7F, 0xFF, 0x87, 0xF0, 0x03, 0xF8, 0x01,
  0xFC, 0x00, 0xFE, 0x00, 0x7F, 0x00, 0x3F, 0x80, 0x1F, 0xC0, 0x0F, 0xE0,
  0x07, 0xF0, 0x03, 0xF8, 0x01, 0xFC, 0x00, 0xFE, 0x00, 0x7F, 0x00, 0x3F,
  0x80, 0x1F, 0xC0, 0x0F, 0xF0, 0x07, 0xF8, 0x01, 0xFE, 0xF0, 0xFF, 0xF8,
  0x3F, 0xF0, 0x01, 0x80, 0xFF, 0xE1, 0xFF, 0xC7, 0xFF, 0x0F, 0xFE, 0x07,
  0xF8, 0x0F, 0xF0, 0x3F, 0xC0, 0x3F, 0x81, 0xFE, 0x01, 0xFC, 0x0F, 0xF0,
  0x0F, 0xE0, 0x7F, 0x80, 0x7F, 0x03, 0xFC, 0x03, 0xF8, 0x1F, 0xE0, 0x1F,
  0xC0, 0xFF, 0x00, 0xFE, 0x07, 0xF8, 0x07, 0xF0, 0x3F, 0xC0, 0x3F, 0x81,
  0xFE, 0x01, 0xFC, 0x0F, 0xF0, 0x0F, 0xE0, 0x7F, 0x80, 0x7F, 0x03, 0xFC,
  0x03, 0xF8, 0x1F, 0xE0, 0x1F, 0xC0, 0xFF, 0x00, 0xFE, 0x03, 0xF8, 0x0F,
  0xF0, 0x1F, 0xE1, 0xFF, 0x80, 0xFF, 0xFE, 0xFF, 0x83, 0xFF, 0xE7, 0xFC,
  0x0F, 0xFC, 0x3F, 0xE0, 0x0F, 0x00, 0x60, 0xFF, 0xFC, 0x0F, 0xFF, 0xFF,
  0xF0, 0xFF, 0xCF, 0xF8, 0x00, 0x78, 0x3F, 0xC0, 0x03, 0x80, 0xFF, 0x00,
  0x38, 0x07, 0xF8, 0x01, 0xC0, 0x1F, 0xE0, 0x0E, 0x00, 0xFF, 0x00, 0xE0,
  0x07, 0xF8, 0x07, 0x00, 0x1F, 0xE0, 0x70, 0x00, 0xFF, 0x03, 0x80, 0x03,
  0xFC, 0x38, 0x00, 0x1F, 0xE1, 0xC0, 0x00, 0x7F, 0x8C, 0x00, 0x03, 0xFC,
  0xE0, 0x00, 0x0F, 0xE6, 0x00, 0x00, 0x7F, 0xF0, 0x00, 0x01, 0xFF, 0x80,
  0x00, 0x0F, 0xF8, 0x00, 0x00, 0x3F, 0xC0, 0x00, 0x01, 0xFC, 0x00, 0x00,
  0x07, 0xE0, 0x00, 0x00, 0x3E, 0x00, 0x00, 0xFF, 0xFC, 0x0F, 0xC0, 0xFF,
  0xFF, 0xFF, 0x83, 0xF0, 0x3F, 0xF1, 0xFF, 0x00, 0xFE, 0x00, 0xF0, 0x7F,
  0xC0, 0x3F, 0x80, 0x38, 0x0F, 0xF0, 0x1F, 0xE0, 0x0E, 0x03, 0xFC, 0x07,
  0xFC, 0x07, 0x00, 0x7F, 0x81, 0xFF, 0x01, 0xC0, 0x1F, 0xE0, 0xFF, 0xC0,
  0xE0, 0x07, 0xF8, 0x3F, 0xF8, 0x38, 0x00, 0xFF, 0x0E, 0xFE, 0x0E, 0x00,
  0x3F, 0xC3, 0x3F, 0xC7, 0x00, 0x07, 0xF1, 0xCF, 0xF1, 0xC0, 0x01, 0xFE,
  0x71, 0xFC, 0x70, 0x00, 0x7F, 0x98, 0x7F, 0xB8, 0x00, 0x0F, 0xEE, 0x0F,
  0xEE, 0x00, 0x03, 0xFF, 0x83, 0xFF, 0x00, 0x00, 0x7F, 0xC0, 0xFF, 0xC0,
  0x00, 0x1F, 0xF0, 0x1F, 0xF0, 0x00, 0x07, 0xFC, 0x07, 0xF8, 0x00, 0x00,
  0xFE, 0x00, 0xFE, 0x00, 0x00, 0x3F, 0x80, 0x3F, 0x80, 0x00, 0x07, 0xE0,
  0x0F, 0xC0, 0x00, 0x01, 0xF0, 0x01, 0xF0, 0x00, 0x7F, 0xFC, 0x3F, 0xEF,
  0xFF, 0xC3, 0xFE, 0x3F, 0xF0, 0x0F, 0x81, 0xFF, 0x00, 0xF0, 0x0F, 0xF8,
  0x0E, 0x00, 0x7F, 0xC1, 0xC0, 0x03, 0xFC, 0x38, 0x00, 0x3F, 0xE7, 0x80,
  0x01, 0xFF, 0x70, 0x00, 0x0F, 0xFE, 0x00, 0x00, 0x7F, 0xE0, 0x00, 0x03,
  0xFC, 0x00, 0x00, 0x3F, 0xE0, 0x00, 0x07, 0xFF, 0x00, 0x00, 0xEF, 0xF8,
  0x00, 0x0E, 0x7F, 0x80, 0x01, 0xC7, 0xFC, 0x00, 0x38, 0x3F, 0xE0, 0x07,
  0x81, 0xFF, 0x00, 0xF0, 0x0F, 0xF8, 0x1F, 0x00, 0xFF, 0x87, 0xFE, 0x3F,
  0xFE, 0x7F, 0xC3, 0xFF, 0xF0, 0x7F, 0xFE, 0x1F, 0xFF, 0xFF, 0xE3, 0xFF,
  0x1F, 0xF0, 0x07, 0xC0, 0xFF, 0x00, 0x38, 0x0F, 0xF0, 0x07, 0x00, 0x7F,
  0x80, 0x70, 0x07, 0xF8, 0x0F, 0x00, 0x3F, 0x80, 0xE0, 0x03, 0xFC, 0x0E,
  0x00, 0x1F, 0xC1, 0xC0, 0x01, 0xFE, 0x1C, 0x00, 0x0F, 0xE1, 0xC0, 0x00,
  0xFE, 0x38, 0x00, 0x0F, 0xF3, 0x80, 0x00, 0x7F, 0x30, 0x00, 0x07, 0xFF,
  0x00, 0x00, 0x3F, 0xF0, 0x00, 0x03, 0xFE, 0x00, 0x00, 0x1F, 0xE0, 0x00,
  0x01, 0xFC, 0x00, 0x00, 0x0F, 0xC0, 0x00, 0x00, 0xF8, 0x00, 0x00, 0x07,
  0x80, 0x00, 0x00, 0x78, 0x00, 0x00, 0x07, 0x00, 0x00, 0x00, 0xF0, 0x00,
  0x00, 0x0E, 0x00, 0x01, 0xC1, 0xE0, 0x00, 0x1E, 0x3C, 0x00, 0x03, 0xFF,
  0x80, 0x00, 0x1F, 0xF8, 0x00, 0x01, 0xFF, 0x00, 0x00, 0x0F, 0xC0, 0x00,
  0x00, 0x3F, 0xFF, 0xFD, 0xFF, 0xFF, 0xF7, 0xE0, 0x3F, 0xDF, 0x01, 0xFE,
  0x78, 0x0F, 0xF9, 0xC0, 0x7F, 0xC7, 0x03, 0xFE, 0x1C, 0x0F, 0xF8, 0x60,
  0x7F, 0xC0, 0x03, 0xFE, 0x00, 0x1F, 0xF0, 0x00, 0x7F, 0xC0, 0x03, 0xFE,
  0x00, 0x1F, 0xF0, 0x00, 0xFF, 0x80, 0x43, 0xFE, 0x07, 0x1F, 0xF0, 0x1C,
  0xFF, 0x80, 0x77, 0xFC, 0x03, 0xDF, 0xF0, 0x1F, 0xFF, 0x80, 0xFF, 0xFF,
  0xFF, 0xFF, 0xFF, 0xFF, 0xC0, 0x00, 0x3F, 0xE0, 0x1F, 0xFC, 0x07, 0xF8,
  0x01, 0xFC, 0x00, 0x7F, 0x80, 0x0F, 0xF0, 0x01, 0xFE, 0x00, 0x3F, 0xC0,
  0x07, 0xF8, 0x00, 0xFF, 0x00, 0x1F, 0xE0, 0x03, 0xFC, 0x00, 0x7F, 0x80,
  0x0F, 0xF0, 0x01, 0xFE, 0x00, 0x3F, 0xC0, 0x07, 0xF0, 0x00, 0xFE, 0x00,
  0x3F, 0x80, 0x1F, 0xE0, 0x0F, 0xE0, 0x01, 0xF0, 0x00, 0x1F, 0xE0, 0x00,
  0xFF, 0x00, 0x0F, 0xF0, 0x00, 0xFE, 0x00, 0x1F, 0xE0, 0x03, 0xFC, 0x00,
  0x7F, 0x80, 0x0F, 0xF0, 0x01, 0xFE, 0x00, 0x3F, 0xC0, 0x07, 0xF8, 0x00,
  0xFF, 0x00, 0x1F, 0xE0, 0x03, 0xFC, 0x00, 0x7F, 0x80, 0x0F, 0xF0, 0x00,
  0xFE, 0x00, 0x1F, 0xE0, 0x00, 0xFF, 0xE0, 0x0F, 0xFC, 0x00, 0x1F, 0x80,
  0xFF, 0xFF, 0xFF, 0xFF, 0xFF, 0xFF, 0xFF, 0xFF, 0xFF, 0xFF, 0xFF, 0xFF,
  0xFF, 0xFF, 0xFF, 0xFF, 0xFF, 0xFF, 0xFF, 0xFF, 0xFF, 0xF0, 0xFF, 0x00,
  0x1F, 0xFC, 0x00, 0x3F, 0xC0, 0x03, 0xFC, 0x00, 0x3F, 0x80, 0x07, 0xF0,
  0x00, 0xFE, 0x00, 0x1F, 0xC0, 0x03, 0xF8, 0x00, 0x7F, 0x00, 0x0F, 0xE0,
  0x01, 0xFC, 0x00, 0x3F, 0x80, 0x07, 0xF0, 0x00, 0xFE, 0x00, 0x1F, 0xC0,
  0x03, 0xF8, 0x00, 0x3F, 0x80, 0x03, 0xF8, 0x00, 0x3F, 0x80, 0x00, 0xFE,
  0x00, 0x07, 0xC0, 0x0F, 0xE0, 0x07, 0xF0, 0x01, 0xFC, 0x00, 0x7F, 0x80,
  0x0F, 0xE0, 0x01, 0xFC, 0x00, 0x3F, 0x80, 0x07, 0xF0, 0x00, 0xFE, 0x00,
  0x1F, 0xC0, 0x03, 0xF8, 0x00, 0x7F, 0x00, 0x0F, 0xE0, 0x01, 0xFC, 0x00,
  0x3F, 0x80, 0x07, 0xF0, 0x01, 0xFE, 0x00, 0x7F, 0x80, 0xFF, 0xE0, 0x1F,
  0xF0, 0x03, 0xC0, 0x00, 0x00, 0x0F, 0x80, 0x08, 0xFF, 0x00, 0xCF, 0xFE,
  0x0E, 0xFF, 0xFF, 0xEE, 0x0F, 0xFE, 0x60, 0x1F, 0xF2, 0x00, 0x3E, 0x00,
  0x00, 0xFF, 0xFF, 0xFF, 0xFF, 0xFF, 0xFF, 0xFF, 0xFF, 0xFF, 0xFF, 0xFF,
  0xFF, 0xFF, 0xFC, 0x00, 0x00, 0x00, 0x07, 0xC0, 0x00, 0x00, 0x00, 0x7C,
  0x00, 0x00, 0x00, 0x07, 0xC0, 0x00, 0x00, 0x00, 0x7C, 0x00, 0x00, 0x00,
  0x07, 0xC0, 0x40, 0x00, 0x60, 0x7C, 0x1E, 0x00, 0x0F, 0x07, 0xC0, 0xF0,
  0x01, 0xF0, 0x7C, 0x07, 0x80, 0x3E, 0x07, 0xC0, 0x3C, 0x07, 0xC0, 0x7C,
  0x01, 0xE0, 0xF8, 0x07, 0xC0, 0x0F, 0x0F, 0x00, 0x7C, 0x00, 0x79, 0xE0,
  0x07, 0xC0, 0x03, 0xFC, 0x00, 0x7C, 0x00, 0x1F, 0x80, 0x07, 0xC0, 0x00,
  0xF0, 0x00, 0x7C, 0x00, 0x1F, 0x80, 0x07, 0xC0, 0x03, 0xFC, 0x00, 0x7C,
  0x00, 0x79, 0xE0, 0x07, 0xC0, 0x0F, 0x0F, 0x00, 0x7C, 0x01, 0xE0, 0x78,
  0x07, 0xC0, 0x3C, 0x03, 0xC0, 0x7C, 0x07, 0x80, 0x1E, 0x07, 0xC1, 0xF0,
  0x00, 0xF0, 0x7C, 0x0E, 0x00, 0x06, 0x07, 0xC0, 0x40, 0x00, 0x20, 0x7C,
  0x00, 0x00, 0x00, 0x07, 0xC0, 0x00, 0x00, 0x00, 0x7C, 0x00, 0x00, 0x00,
  0x07, 0xC0, 0x00, 0x00, 0x00, 0x7C, 0x00, 0x00, 0x00, 0x07, 0xFF, 0xFF,
  0xFF, 0xFF, 0xFF, 0xFF, 0xFF, 0xFF, 0xFF, 0xFF, 0xFF, 0xFF, 0xFF, 0xFF,
  0xFF, 0xFF, 0xFF, 0xFF, 0xFF, 0xFF, 0xFF, 0xFF, 0xFC, 0x00, 0x00, 0x00,
  0x07, 0xC0, 0x00, 0x00, 0x00, 0x7C, 0x00, 0x00, 0x00, 0x07, 0xC0, 0x00,
  0x00, 0x00, 0x7C, 0x00, 0x00, 0x00, 0x07, 0xC0, 0x40, 0x00, 0x60, 0x7C,
  0x1E, 0x00, 0x0F, 0x07, 0xC0, 0xF0, 0x01, 0xF0, 0x7C, 0x07, 0x80, 0x3E,
  0x07, 0xC0, 0x3C, 0x07, 0xC0, 0x7C, 0x01, 0xE0, 0xF8, 0x07, 0xC0, 0x0F,
  0x0F, 0x00, 0x7C, 0x00, 0x79, 0xE0, 0x07, 0xC0, 0x03, 0xFC, 0x00, 0x7C,
  0x00, 0x1F, 0x80, 0x07, 0xC0, 0x00, 0xF0, 0x00, 0x7C, 0x00, 0x1F, 0x80,
  0x07, 0xC0, 0x03, 0xFC, 0x00, 0x7C, 0x00, 0x79, 0xE0, 0x07, 0xC0, 0x0F,
  0x0F, 0x00, 0x7C, 0x01, 0xE0, 0x78, 0x07, 0xC0, 0x3C, 0x03, 0xC0, 0x7C,
  0x07, 0x80, 0x1E, 0x07, 0xC1, 0xF0, 0x00, 0xF0, 0x7C, 0x0E, 0x00, 0x06,
  0x07, 0xC0, 0x40, 0x00, 0x20, 0x7C, 0x00, 0x00, 0x00, 0x07, 0xC0, 0x00,
  0x00, 0x00, 0x7C, 0x00, 0x00, 0x00, 0x07, 0xC0, 0x00, 0x00, 0x00, 0x7C,
  0x00, 0x00, 0x00, 0x07, 0xFF, 0xFF, 0xFF, 0xFF, 0xFF, 0xFF, 0xFF, 0xFF,
  0xFF, 0xFF, 0xFF, 0xFF, 0xFF, 0xFF, 0xFF, 0xFF, 0xFF, 0xFF, 0xFF, 0xFF,
  0xFF, 0xFF, 0xFC, 0x00, 0x00, 0x00, 0x07, 0xC0, 0x00, 0x00, 0x00, 0x7C,
  0x00, 0x00, 0x00, 0x07, 0xC0, 0x00, 0x00, 0x00, 0x7C, 0x00, 0x00, 0x00,
  0x07, 0xC0, 0x40, 0x00, 0x60, 0x7C, 0x1E, 0x00, 0x0F, 0x07, 0xC0, 0xF0,
  0x01, 0xF0, 0x7C, 0x07, 0x80, 0x3E, 0x07, 0xC0, 0x3C, 0x07, 0xC0, 0x7C,
  0x01, 0xE0, 0xF8, 0x07, 0xC0, 0x0F, 0x0F, 0x00, 0x7C, 0x00, 0x79, 0xE0,
  0x07, 0xC0, 0x03, 0xFC, 0x00, 0x7C, 0x00, 0x1F, 0x80, 0x07, 0xC0, 0x00,
  0xF0, 0x00, 0x7C, 0x00, 0x1F, 0x80, 0x07, 0xC0, 0x03, 0xFC, 0x00, 0x7C,
  0x00, 0x79, 0xE0, 0x07, 0xC0, 0x0F, 0x0F, 0x00, 0x7C, 0x01, 0xE0, 0x78,
  0x07, 0xC0, 0x3C, 0x03, 0xC0, 0x7C, 0x07, 0x80, 0x1E, 0x07, 0xC1, 0xF0,
  0x00, 0xF0, 0x7C, 0x0E, 0x00, 0x06, 0x07, 0xC0, 0x40, 0x00, 0x20, 0x7C,
  0x00, 0x00, 0x00, 0x07, 0xC0, 0x00, 0x00, 0x00, 0x7C, 0x00, 0x00, 0x00,
  0x07, 0xC0, 0x00, 0x00, 0x00, 0x7C, 0x00, 0x00, 0x00, 0x07, 0xFF, 0xFF,
  0xFF, 0xFF, 0xFF, 0xFF, 0xFF, 0xFF, 0xFF, 0xFF, 0xFF, 0xFF, 0xFF, 0xFF,
  0xFF, 0xFF, 0xFF, 0xFF, 0xFF, 0xFF, 0xFF, 0xFF, 0xFC, 0x00, 0x00, 0x00,
  0x07, 0xC0, 0x00, 0x00, 0x00, 0x7C, 0x00, 0x00, 0x00, 0x07, 0xC0, 0x00,
  0x00, 0x00, 0x7C, 0x00, 0x00, 0x00, 0x07, 0xC0, 0x40, 0x00, 0x60, 0x7C,
  0x1E, 0x00, 0x0F, 0x07, 0xC0, 0xF0, 0x01, 0xF0, 0x7C, 0x07, 0x80, 0x3E,
  0x07, 0xC0, 0x3C, 0x07, 0xC0, 0x7C, 0x01, 0xE0, 0xF8, 0x07, 0xC0, 0x0F,
  0x0F, 0x00, 0x7C, 0x00, 0x79, 0xE0, 0x07, 0xC0, 0x03, 0xFC, 0x00, 0x7C,
  0x00, 0x1F, 0x80, 0x07, 0xC0, 0x00, 0xF0, 0x00, 0x7C, 0x00, 0x1F, 0x80,
  0x07, 0xC0, 0x03, 0xFC, 0x00, 0x7C, 0x00, 0x79, 0xE0, 0x07, 0xC0, 0x0F,
  0x0F, 0x00, 0x7C, 0x01, 0xE0, 0x78, 0x07, 0xC0, 0x3C, 0x03, 0xC0, 0x7C,
  0x07, 0x80, 0x1E, 0x07, 0xC1, 0xF0, 0x00, 0xF0, 0x7C, 0x0E, 0x00, 0x06,
  0x07, 0xC0, 0x40, 0x00, 0x20, 0x7C, 0x00, 0x00, 0x00, 0x07, 0xC0, 0x00,
  0x00, 0x00, 0x7C, 0x00, 0x00, 0x00, 0x07, 0xC0, 0x00, 0x00, 0x00, 0x7C,
  0x00, 0x00, 0x00, 0x07, 0xFF, 0xFF, 0xFF, 0xFF, 0xFF, 0xFF, 0xFF, 0xFF,
  0xFF, 0xFF, 0xFF, 0xFF, 0xFF, 0xFF, 0xFF, 0xFF, 0xFF, 0xFF, 0xFF, 0xFF,
  0xFF, 0xFF, 0xFC, 0x00, 0x00, 0x00, 0x07, 0xC0, 0x00, 0x00, 0x00, 0x7C,
  0x00, 0x00, 0x00, 0x07, 0xC0, 0x00, 0x00, 0x00, 0x7C, 0x00, 0x00, 0x00,
  0x07, 0xC0, 0x40, 0x00, 0x60, 0x7C, 0x1E, 0x00, 0x0F, 0x07, 0xC0, 0xF0,
  0x01, 0xF0, 0x7C, 0x07, 0x80, 0x3E, 0x07, 0xC0, 0x3C, 0x07, 0xC0, 0x7C,
  0x01, 0xE0, 0xF8, 0x07, 0xC0, 0x0F, 0x0F, 0x00, 0x7C, 0x00, 0x79, 0xE0,
  0x07, 0xC0, 0x03, 0xFC, 0x00, 0x7C, 0x00, 0x1F, 0x80, 0x07, 0xC0, 0x00,
  0xF0, 0x00, 0x7C, 0x00, 0x1F, 0x80, 0x07, 0xC0, 0x03, 0xFC, 0x00, 0x7C,
  0x00, 0x79, 0xE0, 0x07, 0xC0, 0x0F, 0x0F, 0x00, 0x7C, 0x01, 0xE0, 0x78,
  0x07, 0xC0, 0x3C, 0x03, 0xC0, 0x7C, 0x07, 0x80, 0x1E, 0x07, 0xC1, 0xF0,
  0x00, 0xF0, 0x7C, 0x0E, 0x00, 0x06, 0x07, 0xC0, 0x40, 0x00, 0x20, 0x7C,
  0x00, 0x00, 0x00, 0x07, 0xC0, 0x00, 0x00, 0x00, 0x7C, 0x00, 0x00, 0x00,
  0x07, 0xC0, 0x00, 0x00, 0x00, 0x7C, 0x00, 0x00, 0x00, 0x07, 0xFF, 0xFF,
  0xFF, 0xFF, 0xFF, 0xFF, 0xFF, 0xFF, 0xFF, 0xFF, 0xFF, 0xFF, 0xFF, 0xFF,
  0xFF, 0xFF, 0xFF, 0xFF, 0xFF, 0xFF, 0xFF, 0xFF, 0xFC, 0x00, 0x00, 0x00,
  0x07, 0xC0, 0x00, 0x00, 0x00, 0x7C, 0x00, 0x00, 0x00, 0x07, 0xC0, 0x00,
  0x00, 0x00, 0x7C, 0x00, 0x00, 0x00, 0x07, 0xC0, 0x40, 0x00, 0x60, 0x7C,
  0x1E, 0x00, 0x0F, 0x07, 0xC0, 0xF0, 0x01, 0xF0, 0x7C, 0x07, 0x80, 0x3E,
  0x07, 0xC0, 0x3C, 0x07, 0xC0, 0x7C, 0x01, 0xE0, 0xF8, 0x07, 0xC0, 0x0F,
  0x0F, 0x00, 0x7C, 0x00, 0x79, 0xE0, 0x07, 0xC0, 0x03, 0xFC, 0x00, 0x7C,
  0x00, 0x1F, 0x80, 0x07, 0xC0, 0x00, 0xF0, 0x00, 0x7C, 0x00, 0x1F, 0x80,
  0x07, 0xC0, 0x03, 0xFC, 0x00, 0x7C, 0x00, 0x79, 0xE0, 0x07, 0xC0, 0x0F,
  0x0F, 0x00, 0x7C, 0x01, 0xE0, 0x78, 0x07, 0xC0, 0x3C, 0x03, 0xC0, 0x7C,
  0x07, 0x80, 0x1E, 0x07, 0xC1, 0xF0, 0x00, 0xF0, 0x7C, 0x0E, 0x00, 0x06,
  0x07, 0xC0, 0x40, 0x00, 0x20, 0x7C, 0x00, 0x00, 0x00, 0x07, 0xC0, 0x00,
  0x00, 0x00, 0x7C, 0x00, 0x00, 0x00, 0x07, 0xC0, 0x00, 0x00, 0x00, 0x7C,
  0x00, 0x00, 0x00, 0x07, 0xFF, 0xFF, 0xFF, 0xFF, 0xFF, 0xFF, 0xFF, 0xFF,
  0xFF, 0xFF, 0xFF, 0xFF, 0xFF, 0xFF, 0xFF, 0xFF, 0xFF, 0xFF, 0xFF, 0xFF,
  0xFF, 0xFF, 0xFC, 0x00, 0x00, 0x00, 0x07, 0xC0, 0x00, 0x00, 0x00, 0x7C,
  0x00, 0x00, 0x00, 0x07, 0xC0, 0x00, 0x00, 0x00, 0x7C, 0x00, 0x00, 0x00,
  0x07, 0xC0, 0x40, 0x00, 0x60, 0x7C, 0x1E, 0x00, 0x0F, 0x07, 0xC0, 0xF0,
  0x01, 0xF0, 0x7C, 0x07, 0x80, 0x3E, 0x07, 0xC0, 0x3C, 0x07, 0xC0, 0x7C,
  0x01, 0xE0, 0xF8, 0x07, 0xC0, 0x0F, 0x0F, 0x00, 0x7C, 0x00, 0x79, 0xE0,
  0x07, 0xC0, 0x03, 0xFC, 0x00, 0x7C, 0x00, 0x1F, 0x80, 0x07, 0xC0, 0x00,
  0xF0, 0x00, 0x7C, 0x00, 0x1F, 0x80, 0x07, 0xC0, 0x03, 0xFC, 0x00, 0x7C,
  0x00, 0x79, 0xE0, 0x07, 0xC0, 0x0F, 0x0F, 0x00, 0x7C, 0x01, 0xE0, 0x78,
  0x07, 0xC0, 0x3C, 0x03, 0xC0, 0x7C, 0x07, 0x80, 0x1E, 0x07, 0xC1, 0xF0,
  0x00, 0xF0, 0x7C, 0x0E, 0x00, 0x06, 0x07, 0xC0, 0x40, 0x00, 0x20, 0x7C,
  0x00, 0x00, 0x00, 0x07, 0xC0, 0x00, 0x00, 0x00, 0x7C, 0x00, 0x00, 0x00,
  0x07, 0xC0, 0x00, 0x00, 0x00, 0x7C, 0x00, 0x00, 0x00, 0x07, 0xFF, 0xFF,
  0xFF, 0xFF, 0xFF, 0xFF, 0xFF, 0xFF, 0xFF, 0xFF, 0xFF, 0xFF, 0xFF, 0xFF,
  0xFF, 0xFF, 0xFF, 0xFF, 0xFF, 0xFF, 0xFF, 0xFF, 0xFC, 0x00, 0x00, 0x00,
  0x07, 0xC0, 0x00, 0x00, 0x00, 0x7C, 0x00, 0x00, 0x00, 0x07, 0xC0, 0x00,
  0x00, 0x00, 0x7C, 0x00, 0x00, 0x00, 0x07, 0xC0, 0x40, 0x00, 0x60, 0x7C,
  0x1E, 0x00, 0x0F, 0x07, 0xC0, 0xF0, 0x01, 0xF0, 0x7C, 0x07, 0x80, 0x3E,
  0x07, 0xC0, 0x3C, 0x07, 0xC0, 0x7C, 0x01, 0xE0, 0xF8, 0x07, 0xC0, 0x0F,
  0x0F, 0x00, 0x7C, 0x00, 0x79, 0xE0, 0x07, 0xC0, 0x03, 0xFC, 0x00, 0x7C,
  0x00, 0x1F, 0x80, 0x07, 0xC0, 0x00, 0xF0, 0x00, 0x7C, 0x00, 0x1F, 0x80,
  0x07, 0xC0, 0x03, 0xFC, 0x00, 0x7C, 0x00, 0x79, 0xE0, 0x07, 0xC0, 0x0F,
  0x0F, 0x00, 0x7C, 0x01, 0xE0, 0x78, 0x07, 0xC0, 0x3C, 0x03, 0xC0, 0x7C,
  0x07, 0x80, 0x1E, 0x07, 0xC1, 0xF0, 0x00, 0xF0, 0x7C, 0x0E, 0x00, 0x06,
  0x07, 0xC0, 0x40, 0x00, 0x20, 0x7C, 0x00, 0x00, 0x00, 0x07, 0xC0, 0x00,
  0x00, 0x00, 0x7C, 0x00, 0x00, 0x00, 0x07, 0xC0, 0x00, 0x00, 0x00, 0x7C,
  0x00, 0x00, 0x00, 0x07, 0xFF, 0xFF, 0xFF, 0xFF, 0xFF, 0xFF, 0xFF, 0xFF,
  0xFF, 0xFF, 0xFF, 0xFF, 0xFF, 0xFF, 0xFF, 0xFF, 0xFF, 0xFF, 0xFF, 0xFF,
  0xFF, 0xFF, 0xFC, 0x00, 0x00, 0x00, 0x07, 0xC0, 0x00, 0x00, 0x00, 0x7C,
  0x00, 0x00, 0x00, 0x07, 0xC0, 0x00, 0x00, 0x00, 0x7C, 0x00, 0x00, 0x00,
  0x07, 0xC0, 0x40, 0x00, 0x60, 0x7C, 0x1E, 0x00, 0x0F, 0x07, 0xC0, 0xF0,
  0x01, 0xF0, 0x7C, 0x07, 0x80, 0x3E, 0x07, 0xC0, 0x3C, 0x07, 0xC0, 0x7C,
  0x01, 0xE0, 0xF8, 0x07, 0xC0, 0x0F, 0x0F, 0x00, 0x7C, 0x00, 0x79, 0xE0,
  0x07, 0xC0, 0x03, 0xFC, 0x00, 0x7C, 0x00, 0x1F, 0x80, 0x07, 0xC0, 0x00,
  0xF0, 0x00, 0x7C, 0x00, 0x1F, 0x80, 0x07, 0xC0, 0x03, 0xFC, 0x00, 0x7C,
  0x00, 0x79, 0xE0, 0x07, 0xC0, 0x0F, 0x0F, 0x00, 0x7C, 0x01, 0xE0, 0x78,
  0x07, 0xC0, 0x3C, 0x03, 0xC0, 0x7C, 0x07, 0x80, 0x1E, 0x07, 0xC1, 0xF0,
  0x00, 0xF0, 0x7C, 0x0E, 0x00, 0x06, 0x07, 0xC0, 0x40, 0x00, 0x20, 0x7C,
  0x00, 0x00, 0x00, 0x07, 0xC0, 0x00, 0x00, 0x00, 0x7C, 0x00, 0x00, 0x00,
  0x07, 0xC0, 0x00, 0x00, 0x00, 0x7C, 0x00, 0x00, 0x00, 0x07, 0xFF, 0xFF,
  0xFF, 0xFF, 0xFF, 0xFF, 0xFF, 0xFF, 0xFF, 0xFF, 0xFF, 0xFF, 0xFF, 0xFF,
  0xFF, 0xFF, 0xFF, 0xFF, 0xFF, 0xFF, 0xFF, 0xFF, 0xFC, 0x00, 0x00, 0x00,
  0x07, 0xC0, 0x00, 0x00, 0x00, 0x7C, 0x00, 0x00, 0x00, 0x07, 0xC0, 0x00,
  0x00, 0x00, 0x7C, 0x00, 0x00, 0x00, 0x07, 0xC0, 0x40, 0x00, 0x60, 0x7C,
  0x1E, 0x00, 0x0F, 0x07, 0xC0, 0xF0, 0x01, 0xF0, 0x7C, 0x07, 0x80, 0x3E,
  0x07, 0xC0, 0x3C, 0x07, 0xC0, 0x7C, 0x01, 0xE0, 0xF8, 0x07, 0xC0, 0x0F,
  0x0F, 0x00, 0x7C, 0x00, 0x79, 0xE0, 0x07, 0xC0, 0x03, 0xFC, 0x00, 0x7C,
  0x00, 0x1F, 0x80, 0x07, 0xC0, 0x00, 0xF0, 0x00, 0x7C, 0x00, 0x1F, 0x80,
  0x07, 0xC0, 0x03, 0xFC, 0x00, 0x7C, 0x00, 0x79, 0xE0, 0x07, 0xC0, 0x0F,
  0x0F, 0x00, 0x7C, 0x01, 0xE0, 0x78, 0x07, 0xC0, 0x3C, 0x03, 0xC0, 0x7C,
  0x07, 0x80, 0x1E, 0x07, 0xC1, 0xF0, 0x00, 0xF0, 0x7C, 0x0E, 0x00, 0x06,
  0x07, 0xC0, 0x40, 0x00, 0x20, 0x7C, 0x00, 0x00, 0x00, 0x07, 0xC0, 0x00,
  0x00, 0x00, 0x7C, 0x00, 0x00, 0x00, 0x07, 0xC0, 0x00, 0x00, 0x00, 0x7C,
  0x00, 0x00, 0x00, 0x07, 0xFF, 0xFF, 0xFF, 0xFF, 0xFF, 0xFF, 0xFF, 0xFF,
  0xFF, 0xFF, 0xFF, 0xFF, 0xFF, 0xFF, 0xFF, 0xFF, 0xFF, 0xFF, 0xFF, 0xFF,
  0xFF, 0xFF, 0xFC, 0x00, 0x00, 0x00, 0x07, 0xC0, 0x00, 0x00, 0x00, 0x7C,
  0x00, 0x00, 0x00, 0x07, 0xC0, 0x00, 0x00, 0x00, 0x7C, 0x00, 0x00, 0x00,
  0x07, 0xC0, 0x40, 0x00, 0x60, 0x7C, 0x1E, 0x00, 0x0F, 0x07, 0xC0, 0xF0,
  0x01, 0xF0, 0x7C, 0x07, 0x80, 0x3E, 0x07, 0xC0, 0x3C, 0x07, 0xC0, 0x7C,
  0x01, 0xE0, 0xF8, 0x07, 0xC0, 0x0F, 0x0F, 0x00, 0x7C, 0x00, 0x79, 0xE0,
  0x07, 0xC0, 0x03, 0xFC, 0x00, 0x7C, 0x00, 0x1F, 0x80, 0x07, 0xC0, 0x00,
  0xF0, 0x00, 0x7C, 0x00, 0x1F, 0x80, 0x07, 0xC0, 0x03, 0xFC, 0x00, 0x7C,
  0x00, 0x79, 0xE0, 0x07, 0xC0, 0x0F, 0x0F, 0x00, 0x7C, 0x01, 0xE0, 0x78,
  0x07, 0xC0, 0x3C, 0x03, 0xC0, 0x7C, 0x07, 0x80, 0x1E, 0x07, 0xC1, 0xF0,
  0x00, 0xF0, 0x7C, 0x0E, 0x00, 0x06, 0x07, 0xC0, 0x40, 0x00, 0x20, 0x7C,
  0x00, 0x00, 0x00, 0x07, 0xC0, 0x00, 0x00, 0x00, 0x7C, 0x00, 0x00, 0x00,
  0x07, 0xC0, 0x00, 0x00, 0x00, 0x7C, 0x00, 0x00, 0x00, 0x07, 0xFF, 0xFF,
  0xFF, 0xFF, 0xFF, 0xFF, 0xFF, 0xFF, 0xFF, 0xFF, 0xFF, 0xFF, 0xFF, 0xFF,
  0xFF, 0xFF, 0xFF, 0xFF, 0xFF, 0xFF, 0xFF, 0xFF, 0xFC, 0x00, 0x00, 0x00,
  0x07, 0xC0, 0x00, 0x00, 0x00, 0x7C, 0x00, 0x00, 0x00, 0x07, 0xC0, 0x00,
  0x00, 0x00, 0x7C, 0x00, 0x00, 0x00, 0x07, 0xC0, 0x40, 0x00, 0x60, 0x7C,
  0x1E, 0x00, 0x0F, 0x07, 0xC0, 0xF0, 0x01, 0xF0, 0x7C, 0x07, 0x80, 0x3E,
  0x07, 0xC0, 0x3C, 0x07, 0xC0, 0x7C, 0x01, 0xE0, 0xF8, 0x07, 0xC0, 0x0F,
  0x0F, 0x00, 0x7C, 0x00, 0x79, 0xE0, 0x07, 0xC0, 0x03, 0xFC, 0x00, 0x7C,
  0x00, 0x1F, 0x80, 0x07, 0xC0, 0x00, 0xF0, 0x00, 0x7C, 0x00, 0x1F, 0x80,
  0x07, 0xC0, 0x03, 0xFC, 0x00, 0x7C, 0x00, 0x79, 0xE0, 0x07, 0xC0, 0x0F,
  0x0F, 0x00, 0x7C, 0x01, 0xE0, 0x78, 0x07, 0xC0, 0x3C, 0x03, 0xC0, 0x7C,
  0x07, 0x80, 0x1E, 0x07, 0xC1, 0xF0, 0x00, 0xF0, 0x7C, 0x0E, 0x00, 0x06,
  0x07, 0xC0, 0x40, 0x00, 0x20, 0x7C, 0x00, 0x00, 0x00, 0x07, 0xC0, 0x00,
  0x00, 0x00, 0x7C, 0x00, 0x00, 0x00, 0x07, 0xC0, 0x00, 0x00, 0x00, 0x7C,
  0x00, 0x00, 0x00, 0x07, 0xFF, 0xFF, 0xFF, 0xFF, 0xFF, 0xFF, 0xFF, 0xFF,
  0xFF, 0xFF, 0xFF, 0xFF, 0xFF, 0xFF, 0xFF, 0xFF, 0xFF, 0xFF, 0xFF, 0xFF,
  0xFF, 0xFF, 0xFC, 0x00, 0x00, 0x00, 0x07, 0xC0, 0x00, 0x00, 0x00, 0x7C,
  0x00, 0x00, 0x00, 0x07, 0xC0, 0x00, 0x00, 0x00, 0x7C, 0x00, 0x00, 0x00,
  0x07, 0xC0, 0x40, 0x00, 0x60, 0x7C, 0x1E, 0x00, 0x0F, 0x07, 0xC0, 0xF0,
  0x01, 0xF0, 0x7C, 0x07, 0x80, 0x3E, 0x07, 0xC0, 0x3C, 0x07, 0xC0, 0x7C,
  0x01, 0xE0, 0xF8, 0x07, 0xC0, 0x0F, 0x0F, 0x00, 0x7C, 0x00, 0x79, 0xE0,
  0x07, 0xC0, 0x03, 0xFC, 0x00, 0x7C, 0x00, 0x1F, 0x80, 0x07, 0xC0, 0x00,
  0xF0, 0x00, 0x7C, 0x00, 0x1F, 0x80, 0x07, 0xC0, 0x03, 0xFC, 0x00, 0x7C,
  0x00, 0x79, 0xE0, 0x07, 0xC0, 0x0F, 0x0F, 0x00, 0x7C, 0x01, 0xE0, 0x78,
  0x07, 0xC0, 0x3C, 0x03, 0xC0, 0x7C, 0x07, 0x80, 0x1E, 0x07, 0xC1, 0xF0,
  0x00, 0xF0, 0x7C, 0x0E, 0x00, 0x06, 0x07, 0xC0, 0x40, 0x00, 0x20, 0x7C,
  0x00, 0x00, 0x00, 0x07, 0xC0, 0x00, 0x00, 0x00, 0x7C, 0x00, 0x00, 0x00,
  0x07, 0xC0, 0x00, 0x00, 0x00, 0x7C, 0x00, 0x00, 0x00, 0x07, 0xFF, 0xFF,
  0xFF, 0xFF, 0xFF, 0xFF, 0xFF, 0xFF, 0xFF, 0xFF, 0xFF, 0xFF, 0xFF, 0xFF,
  0xFF, 0xFF, 0xFF, 0xFF, 0xFF, 0xFF, 0xFF, 0xFF, 0xFC, 0x00, 0x00, 0x00,
  0x07, 0xC0, 0x00, 0x00, 0x00, 0x7C, 0x00, 0x00, 0x00, 0x07, 0xC0, 0x00,
  0x00, 0x00, 0x7C, 0x00, 0x00, 0x00, 0x07, 0xC0, 0x40, 0x00, 0x60, 0x7C,
  0x1E, 0x00, 0x0F, 0x07, 0xC0, 0xF0, 0x01, 0xF0, 0x7C, 0x07, 0x80, 0x3E,
  0x07, 0xC0, 0x3C, 0x07, 0xC0, 0x7C, 0x01, 0xE0, 0xF8, 0x07, 0xC0, 0x0F,
  0x0F, 0x00, 0x7C, 0x00, 0x79, 0xE0, 0x07, 0xC0, 0x03, 0xFC, 0x00, 0x7C,
  0x00, 0x1F, 0x80, 0x07, 0xC0, 0x00, 0xF0, 0x00, 0x7C, 0x00, 0x1F, 0x80,
  0x07, 0xC0, 0x03, 0xFC, 0x00, 0x7C, 0x00, 0x79, 0xE0, 0x07, 0xC0, 0x0F,
  0x0F, 0x00, 0x7C, 0x01, 0xE0, 0x78, 0x07, 0xC0, 0x3C, 0x03, 0xC0, 0x7C,
  0x07, 0x80, 0x1E, 0x07, 0xC1, 0xF0, 0x00, 0xF0, 0x7C, 0x0E, 0x00, 0x06,
  0x07, 0xC0, 0x40, 0x00, 0x20, 0x7C, 0x00, 0x00, 0x00, 0x07, 0xC0, 0x00,
  0x00, 0x00, 0x7C, 0x00, 0x00, 0x00, 0x07, 0xC0, 0x00, 0x00, 0x00, 0x7C,
  0x00, 0x00, 0x00, 0x07, 0xFF, 0xFF, 0xFF, 0xFF, 0xFF, 0xFF, 0xFF, 0xFF,
  0xFF, 0xFF, 0xFF, 0xFF, 0xFF, 0xFF, 0xFF, 0xFF, 0xFF, 0xFF, 0xFF, 0xFF,
  0xFF, 0xFF, 0xFC, 0x00, 0x00, 0x00, 0x07, 0xC0, 0x00, 0x00, 0x00, 0x7C,
  0x00, 0x00, 0x00, 0x07, 0xC0, 0x00, 0x00, 0x00, 0x7C, 0x00, 0x00, 0x00,
  0x07, 0xC0, 0x40, 0x00, 0x60, 0x7C, 0x1E, 0x00, 0x0F, 0x07, 0xC0, 0xF0,
  0x01, 0xF0, 0x7C, 0x07, 0x80, 0x3E, 0x07, 0xC0, 0x3C, 0x07, 0xC0, 0x7C,
  0x01, 0xE0, 0xF8, 0x07, 0xC0, 0x0F, 0x0F, 0x00, 0x7C, 0x00, 0x79, 0xE0,
  0x07, 0xC0, 0x03, 0xFC, 0x00, 0x7C, 0x00, 0x1F, 0x80, 0x07, 0xC0, 0x00,
  0xF0, 0x00, 0x7C, 0x00, 0x1F, 0x80, 0x07, 0xC0, 0x03, 0xFC, 0x00, 0x7C,
  0x00, 0x79, 0xE0, 0x07, 0xC0, 0x0F, 0x0F, 0x00, 0x7C, 0x01, 0xE0, 0x78,
  0x07, 0xC0, 0x3C, 0x03, 0xC0, 0x7C, 0x07, 0x80, 0x1E, 0x07, 0xC1, 0xF0,
  0x00, 0xF0, 0x7C, 0x0E, 0x00, 0x06, 0x07, 0xC0, 0x40, 0x00, 0x20, 0x7C,
  0x00, 0x00, 0x00, 0x07, 0xC0, 0x00, 0x00, 0x00, 0x7C, 0x00, 0x00, 0x00,
  0x07, 0xC0, 0x00, 0x00, 0x00, 0x7C, 0x00, 0x00, 0x00, 0x07, 0xFF, 0xFF,
  0xFF, 0xFF, 0xFF, 0xFF, 0xFF, 0xFF, 0xFF, 0xFF, 0xFF, 0xFF, 0xFF, 0xFF,
  0xFF, 0xFF, 0xFF, 0xFF, 0xFF, 0xFF, 0xFF, 0xFF, 0xFC, 0x00, 0x00, 0x00,
  0x07, 0xC0, 0x00, 0x00, 0x00, 0x7C, 0x00, 0x00, 0x00, 0x07, 0xC0, 0x00,
  0x00, 0x00, 0x7C, 0x00, 0x00, 0x00, 0x07, 0xC0, 0x40, 0x00, 0x60, 0x7C,
  0x1E, 0x00, 0x0F, 0x07, 0xC0, 0xF0, 0x01, 0xF0, 0x7C, 0x07, 0x80, 0x3E,
  0x07, 0xC0, 0x3C, 0x07, 0xC0, 0x7C, 0x01, 0xE0, 0xF8, 0x07, 0xC0, 0x0F,
  0x0F, 0x00, 0x7C, 0x00, 0x79, 0xE0, 0x07, 0xC0, 0x03, 0xFC, 0x00, 0x7C,
  0x00, 0x1F, 0x80, 0x07, 0xC0, 0x00, 0xF0, 0x00, 0x7C, 0x00, 0x1F, 0x80,
  0x07, 0xC0, 0x03, 0xFC, 0x00, 0x7C, 0x00, 0x79, 0xE0, 0x07, 0xC0, 0x0F,
  0x0F, 0x00, 0x7C, 0x01, 0xE0, 0x78, 0x07, 0xC0, 0x3C, 0x03, 0xC0, 0x7C,
  0x07, 0x80, 0x1E, 0x07, 0xC1, 0xF0, 0x00, 0xF0, 0x7C, 0x0E, 0x00, 0x06,
  0x07, 0xC0, 0x40, 0x00, 0x20, 0x7C, 0x00, 0x00, 0x00, 0x07, 0xC0, 0x00,
  0x00, 0x00, 0x7C, 0x00, 0x00, 0x00, 0x07, 0xC0, 0x00, 0x00, 0x00, 0x7C,
  0x00, 0x00, 0x00, 0x07, 0xFF, 0xFF, 0xFF, 0xFF, 0xFF, 0xFF, 0xFF, 0xFF,
  0xFF, 0xFF, 0xFF, 0xFF, 0xFF, 0xFF, 0xFF, 0xFF, 0xFF, 0xFF, 0xFF, 0xFF,
  0xFF, 0xFF, 0xFC, 0x00, 0x00, 0x00, 0x07, 0xC0, 0x00, 0x00, 0x00, 0x7C,
  0x00, 0x00, 0x00, 0x07, 0xC0, 0x00, 0x00, 0x00, 0x7C, 0x00, 0x00, 0x00,
  0x07, 0xC0, 0x40, 0x00, 0x60, 0x7C, 0x1E, 0x00, 0x0F, 0x07, 0xC0, 0xF0,
  0x01, 0xF0, 0x7C, 0x07, 0x80, 0x3E, 0x07, 0xC0, 0x3C, 0x07, 0xC0, 0x7C,
  0x01, 0xE0, 0xF8, 0x07, 0xC0, 0x0F, 0x0F, 0x00, 0x7C, 0x00, 0x79, 0xE0,
  0x07, 0xC0, 0x03, 0xFC, 0x00, 0x7C, 0x00, 0x1F, 0x80, 0x07, 0xC0, 0x00,
  0xF0, 0x00, 0x7C, 0x00, 0x1F, 0x80, 0x07, 0xC0, 0x03, 0xFC, 0x00, 0x7C,
  0x00, 0x79, 0xE0, 0x07, 0xC0, 0x0F, 0x0F, 0x00, 0x7C, 0x01, 0xE0, 0x78,
  0x07, 0xC0, 0x3C, 0x03, 0xC0, 0x7C, 0x07, 0x80, 0x1E, 0x07, 0xC1, 0xF0,
  0x00, 0xF0, 0x7C, 0x0E, 0x00, 0x06, 0x07, 0xC0, 0x40, 0x00, 0x20, 0x7C,
  0x00, 0x00, 0x00, 0x07, 0xC0, 0x00, 0x00, 0x00, 0x7C, 0x00, 0x00, 0x00,
  0x07, 0xC0, 0x00, 0x00, 0x00, 0x7C, 0x00, 0x00, 0x00, 0x07, 0xFF, 0xFF,
  0xFF, 0xFF, 0xFF, 0xFF, 0xFF, 0xFF, 0xFF, 0xFF, 0xFF, 0xFF, 0xFF, 0xFF,
  0xFF, 0xFF, 0xFF, 0xFF, 0xFF, 0xFF, 0xFF, 0xFF, 0xFC, 0x00, 0x00, 0x00,
  0x07, 0xC0, 0x00, 0x00, 0x00, 0x7C, 0x00, 0x00, 0x00, 0x07, 0xC0, 0x00,
  0x00, 0x00, 0x7C, 0x00, 0x00, 0x00, 0x07, 0xC0, 0x40, 0x00, 0x60, 0x7C,
  0x1E, 0x00, 0x0F, 0x07, 0xC0, 0xF0, 0x01, 0xF0, 0x7C, 0x07, 0x80, 0x3E,
  0x07, 0xC0, 0x3C, 0x07, 0xC0, 0x7C, 0x01, 0xE0, 0xF8, 0x07, 0xC0, 0x0F,
  0x0F, 0x00, 0x7C, 0x00, 0x79, 0xE0, 0x07, 0xC0, 0x03, 0xFC, 0x00, 0x7C,
  0x00, 0x1F, 0x80, 0x07, 0xC0, 0x00, 0xF0, 0x00, 0x7C, 0x00, 0x1F, 0x80,
  0x07, 0xC0, 0x03, 0xFC, 0x00, 0x7C, 0x00, 0x79, 0xE0, 0x07, 0xC0, 0x0F,
  0x0F, 0x00, 0x7C, 0x01, 0xE0, 0x78, 0x07, 0xC0, 0x3C, 0x03, 0xC0, 0x7C,
  0x07, 0x80, 0x1E, 0x07, 0xC1, 0xF0, 0x00, 0xF0, 0x7C, 0x0E, 0x00, 0x06,
  0x07, 0xC0, 0x40, 0x00, 0x20, 0x7C, 0x00, 0x00, 0x00, 0x07, 0xC0, 0x00,
  0x00, 0x00, 0x7C, 0x00, 0x00, 0x00, 0x07, 0xC0, 0x00, 0x00, 0x00, 0x7C,
  0x00, 0x00, 0x00, 0x07, 0xFF, 0xFF, 0xFF, 0xFF, 0xFF, 0xFF, 0xFF, 0xFF,
  0xFF, 0xFF, 0xFF, 0xFF, 0xFF, 0xFF, 0xFF, 0xFF, 0xFF, 0xFF, 0xFF, 0xFF,
  0xFF, 0xFF, 0xFC, 0x00, 0x00, 0x00, 0x07, 0xC0, 0x00, 0x00, 0x00, 0x7C,
  0x00, 0x00, 0x00, 0x07, 0xC0, 0x00, 0x00, 0x00, 0x7C, 0x00, 0x00, 0x00,
  0x07, 0xC0, 0x40, 0x00, 0x60, 0x7C, 0x1E, 0x00, 0x0F, 0x07, 0xC0, 0xF0,
  0x01, 0xF0, 0x7C, 0x07, 0x80, 0x3E, 0x07, 0xC0, 0x3C, 0x07, 0xC0, 0x7C,
  0x01, 0xE0, 0xF8, 0x07, 0xC0, 0x0F, 0x0F, 0x00, 0x7C, 0x00, 0x79, 0xE0,
  0x07, 0xC0, 0x03, 0xFC, 0x00, 0x7C, 0x00, 0x1F, 0x80, 0x07, 0xC0, 0x00,
  0xF0, 0x00, 0x7C, 0x00, 0x1F, 0x80, 0x07, 0xC0, 0x03, 0xFC, 0x00, 0x7C,
  0x00, 0x79, 0xE0, 0x07, 0xC0, 0x0F, 0x0F, 0x00, 0x7C, 0x01, 0xE0, 0x78,
  0x07, 0xC0, 0x3C, 0x03, 0xC0, 0x7C, 0x07, 0x80, 0x1E, 0x07, 0xC1, 0xF0,
  0x00, 0xF0, 0x7C, 0x0E, 0x00, 0x06, 0x07, 0xC0, 0x40, 0x00, 0x20, 0x7C,
  0x00, 0x00, 0x00, 0x07, 0xC0, 0x00, 0x00, 0x00, 0x7C, 0x00, 0x00, 0x00,
  0x07, 0xC0, 0x00, 0x00, 0x00, 0x7C, 0x00, 0x00, 0x00, 0x07, 0xFF, 0xFF,
  0xFF, 0xFF, 0xFF, 0xFF, 0xFF, 0xFF, 0xFF, 0xFF, 0xFF, 0xFF, 0xFF, 0xFF,
  0xFF, 0xFF, 0xFF, 0xFF, 0xFF, 0xFF, 0xFF, 0xFF, 0xFC, 0x00, 0x00, 0x00,
  0x07, 0xC0, 0x00, 0x00, 0x00, 0x7C, 0x00, 0x00, 0x00, 0x07, 0xC0, 0x00,
  0x00, 0x00, 0x7C, 0x00, 0x00, 0x00, 0x07, 0xC0, 0x40, 0x00, 0x60, 0x7C,
  0x1E, 0x00, 0x0F, 0x07, 0xC0, 0xF0, 0x01, 0xF0, 0x7C, 0x07, 0x80, 0x3E,
  0x07, 0xC0, 0x3C, 0x07, 0xC0, 0x7C, 0x01, 0xE0, 0xF8, 0x07, 0xC0, 0x0F,
  0x0F, 0x00, 0x7C, 0x00, 0x79, 0xE0, 0x07, 0xC0, 0x03, 0xFC, 0x00, 0x7C,
  0x00, 0x1F, 0x80, 0x07, 0xC0, 0x00, 0xF0, 0x00, 0x7C, 0x00, 0x1F, 0x80,
  0x07, 0xC0, 0x03, 0xFC, 0x00, 0x7C, 0x00, 0x79, 0xE0, 0x07, 0xC0, 0x0F,
  0x0F, 0x00, 0x7C, 0x01, 0xE0, 0x78, 0x07, 0xC0, 0x3C, 0x03, 0xC0, 0x7C,
  0x07, 0x80, 0x1E, 0x07, 0xC1, 0xF0, 0x00, 0xF0, 0x7C, 0x0E, 0x00, 0x06,
  0x07, 0xC0, 0x40, 0x00, 0x20, 0x7C, 0x00, 0x00, 0x00, 0x07, 0xC0, 0x00,
  0x00, 0x00, 0x7C, 0x00, 0x00, 0x00, 0x07, 0xC0, 0x00, 0x00, 0x00, 0x7C,
  0x00, 0x00, 0x00, 0x07, 0xFF, 0xFF, 0xFF, 0xFF, 0xFF, 0xFF, 0xFF, 0xFF,
  0xFF, 0xFF, 0xFF, 0xFF, 0xFF, 0xFF, 0xFF, 0xFF, 0xFF, 0xFF, 0xFF, 0xFF,
  0xFF, 0xFF, 0xFC, 0x00, 0x00, 0x00, 0x07, 0xC0, 0x00, 0x00, 0x00, 0x7C,
  0x00, 0x00, 0x00, 0x07, 0xC0, 0x00, 0x00, 0x00, 0x7C, 0x00, 0x00, 0x00,
  0x07, 0xC0, 0x40, 0x00, 0x60, 0x7C, 0x1E, 0x00, 0x0F, 0x07, 0xC0, 0xF0,
  0x01, 0xF0, 0x7C, 0x07, 0x80, 0x3E, 0x07, 0xC0, 0x3C, 0x07, 0xC0, 0x7C,
  0x01, 0xE0, 0xF8, 0x07, 0xC0, 0x0F, 0x0F, 0x00, 0x7C, 0x00, 0x79, 0xE0,
  0x07, 0xC0, 0x03, 0xFC, 0x00, 0x7C, 0x00, 0x1F, 0x80, 0x07, 0xC0, 0x00,
  0xF0, 0x00, 0x7C, 0x00, 0x1F, 0x80, 0x07, 0xC0, 0x03, 0xFC, 0x00, 0x7C,
  0x00, 0x79, 0xE0, 0x07, 0xC0, 0x0F, 0x0F, 0x00, 0x7C, 0x01, 0xE0, 0x78,
  0x07, 0xC0, 0x3C, 0x03, 0xC0, 0x7C, 0x07, 0x80, 0x1E, 0x07, 0xC1, 0xF0,
  0x00, 0xF0, 0x7C, 0x0E, 0x00, 0x06, 0x07, 0xC0, 0x40, 0x00, 0x20, 0x7C,
  0x00, 0x00, 0x00, 0x07, 0xC0, 0x00, 0x00, 0x00, 0x7C, 0x00, 0x00, 0x00,
  0x07, 0xC0, 0x00, 0x00, 0x00, 0x7C, 0x00, 0x00, 0x00, 0x07, 0xFF, 0xFF,
  0xFF, 0xFF, 0xFF, 0xFF, 0xFF, 0xFF, 0xFF, 0xFF, 0xFF, 0xFF, 0xFF, 0xFF,
  0xFF, 0xFF, 0xFF, 0xFF, 0xFF, 0xFF, 0xFF, 0xFF, 0xFC, 0x00, 0x00, 0x00,
  0x07, 0xC0, 0x00, 0x00, 0x00, 0x7C, 0x00, 0x00, 0x00, 0x07, 0xC0, 0x00,
  0x00, 0x00, 0x7C, 0x00, 0x00, 0x00, 0x07, 0xC0, 0x40, 0x00, 0x60, 0x7C,
  0x1E, 0x00, 0x0F, 0x07, 0xC0, 0xF0, 0x01, 0xF0, 0x7C, 0x07, 0x80, 0x3E,
  0x07, 0xC0, 0x3C, 0x07, 0xC0, 0x7C, 0x01, 0xE0, 0xF8, 0x07, 0xC0, 0x0F,
  0x0F, 0x00, 0x7C, 0x00, 0x79, 0xE0, 0x07, 0xC0, 0x03, 0xFC, 0x00, 0x7C,
  0x00, 0x1F, 0x80, 0x07, 0xC0, 0x00, 0xF0, 0x00, 0x7C, 0x00, 0x1F, 0x80,
  0x07, 0xC0, 0x03, 0xFC, 0x00, 0x7C, 0x00, 0x79, 0xE0, 0x07, 0xC0, 0x0F,
  0x0F, 0x00, 0x7C, 0x01, 0xE0, 0x78, 0x07, 0xC0, 0x3C, 0x03, 0xC0, 0x7C,
  0x07, 0x80, 0x1E, 0x07, 0xC1, 0xF0, 0x00, 0xF0, 0x7C, 0x0E, 0x00, 0x06,
  0x07, 0xC0, 0x40, 0x00, 0x20, 0x7C, 0x00, 0x00, 0x00, 0x07, 0xC0, 0x00,
  0x00, 0x00, 0x7C, 0x00, 0x00, 0x00, 0x07, 0xC0, 0x00, 0x00, 0x00, 0x7C,
  0x00, 0x00, 0x00, 0x07, 0xFF, 0xFF, 0xFF, 0xFF, 0xFF, 0xFF, 0xFF, 0xFF,
  0xFF, 0xFF, 0xFF, 0xFF, 0xFF, 0xFF, 0xFF, 0xFF, 0xFF, 0xFF, 0xFF, 0xFF,
  0xFF, 0xFF, 0xFC, 0x00, 0x00, 0x00, 0x07, 0xC0, 0x00, 0x00, 0x00, 0x7C,
  0x00, 0x00, 0x00, 0x07, 0xC0, 0x00, 0x00, 0x00, 0x7C, 0x00, 0x00, 0x00,
  0x07, 0xC0, 0x40, 0x00, 0x60, 0x7C, 0x1E, 0x00, 0x0F, 0x07, 0xC0, 0xF0,
  0x01, 0xF0, 0x7C, 0x07, 0x80, 0x3E, 0x07, 0xC0, 0x3C, 0x07, 0xC0, 0x7C,
  0x01, 0xE0, 0xF8, 0x07, 0xC0, 0x0F, 0x0F, 0x00, 0x7C, 0x00, 0x79, 0xE0,
  0x07, 0xC0, 0x03, 0xFC, 0x00, 0x7C, 0x00, 0x1F, 0x80, 0x07, 0xC0, 0x00,
  0xF0, 0x00, 0x7C, 0x00, 0x1F, 0x80, 0x07, 0xC0, 0x03, 0xFC, 0x00, 0x7C,
  0x00, 0x79, 0xE0, 0x07, 0xC0, 0x0F, 0x0F, 0x00, 0x7C, 0x01, 0xE0, 0x78,
  0x07, 0xC0, 0x3C, 0x03, 0xC0, 0x7C, 0x07, 0x80, 0x1E, 0x07, 0xC1, 0xF0,
  0x00, 0xF0, 0x7C, 0x0E, 0x00, 0x06, 0x07, 0xC0, 0x40, 0x00, 0x20, 0x7C,
  0x00, 0x00, 0x00, 0x07, 0xC0, 0x00, 0x00, 0x00, 0x7C, 0x00, 0x00, 0x00,
  0x07, 0xC0, 0x00, 0x00, 0x00, 0x7C, 0x00, 0x00, 0x00, 0x07, 0xFF, 0xFF,
  0xFF, 0xFF, 0xFF, 0xFF, 0xFF, 0xFF, 0xFF, 0xFF, 0xFF, 0xFF, 0xFF, 0xFF,
  0xFF, 0xFF, 0xFF, 0xFF, 0xFF, 0xFF, 0xFF, 0xFF, 0xFC, 0x00, 0x00, 0x00,
  0x07, 0xC0, 0x00, 0x00, 0x00, 0x7C, 0x00, 0x00, 0x00, 0x07, 0xC0, 0x00,
  0x00, 0x00, 0x7C, 0x00, 0x00, 0x00, 0x07, 0xC0, 0x40, 0x00, 0x60, 0x7C,
  0x1E, 0x00, 0x0F, 0x07, 0xC0, 0xF0, 0x01, 0xF0, 0x7C, 0x07, 0x80, 0x3E,
  0x07, 0xC0, 0x3C, 0x07, 0xC0, 0x7C, 0x01, 0xE0, 0xF8, 0x07, 0xC0, 0x0F,
  0x0F, 0x00, 0x7C, 0x00, 0x79, 0xE0, 0x07, 0xC0, 0x03, 0xFC, 0x00, 0x7C,
  0x00, 0x1F, 0x80, 0x07, 0xC0, 0x00, 0xF0, 0x00, 0x7C, 0x00, 0x1F, 0x80,
  0x07, 0xC0, 0x03, 0xFC, 0x00, 0x7C, 0x00, 0x79, 0xE0, 0x07, 0xC0, 0x0F,
  0x0F, 0x00, 0x7C, 0x01, 0xE0, 0x78, 0x07, 0xC0, 0x3C, 0x03, 0xC0, 0x7C,
  0x07, 0x80, 0x1E, 0x07, 0xC1, 0xF0, 0x00, 0xF0, 0x7C, 0x0E, 0x00, 0x06,
  0x07, 0xC0, 0x40, 0x00, 0x20, 0x7C, 0x00, 0x00, 0x00, 0x07, 0xC0, 0x00,
  0x00, 0x00, 0x7C, 0x00, 0x00, 0x00, 0x07, 0xC0, 0x00, 0x00, 0x00, 0x7C,
  0x00, 0x00, 0x00, 0x07, 0xFF, 0xFF, 0xFF, 0xFF, 0xFF, 0xFF, 0xFF, 0xFF,
  0xFF, 0xFF, 0xFF, 0xFF, 0xFF, 0xFF, 0xFF, 0xFF, 0xFF, 0xFF, 0xFF, 0xFF,
  0xFF, 0xFF, 0xFC, 0x00, 0x00, 0x00, 0x07, 0xC0, 0x00, 0x00, 0x00, 0x7C,
  0x00, 0x00, 0x00, 0x07, 0xC0, 0x00, 0x00, 0x00, 0x7C, 0x00, 0x00, 0x00,
  0x07, 0xC0, 0x40, 0x00, 0x60, 0x7C, 0x1E, 0x00, 0x0F, 0x07, 0xC0, 0xF0,
  0x01, 0xF0, 0x7C, 0x07, 0x80, 0x3E, 0x07, 0xC0, 0x3C, 0x07, 0xC0, 0x7C,
  0x01, 0xE0, 0xF8, 0x07, 0xC0, 0x0F, 0x0F, 0x00, 0x7C, 0x00, 0x79, 0xE0,
  0x07, 0xC0, 0x03, 0xFC, 0x00, 0x7C, 0x00, 0x1F, 0x80, 0x07, 0xC0, 0x00,
  0xF0, 0x00, 0x7C, 0x00, 0x1F, 0x80, 0x07, 0xC0, 0x03, 0xFC, 0x00, 0x7C,
  0x00, 0x79, 0xE0, 0x07, 0xC0, 0x0F, 0x0F, 0x00, 0x7C, 0x01, 0xE0, 0x78,
  0x07, 0xC0, 0x3C, 0x03, 0xC0, 0x7C, 0x07, 0x80, 0x1E, 0x07, 0xC1, 0xF0,
  0x00, 0xF0, 0x7C, 0x0E, 0x00, 0x06, 0x07, 0xC0, 0x40, 0x00, 0x20, 0x7C,
  0x00, 0x00, 0x00, 0x07, 0xC0, 0x00, 0x00, 0x00, 0x7C, 0x00, 0x00, 0x00,
  0x07, 0xC0, 0x00, 0x00, 0x00, 0x7C, 0x00, 0x00, 0x00, 0x07, 0xFF, 0xFF,
  0xFF, 0xFF, 0xFF, 0xFF, 0xFF, 0xFF, 0xFF, 0xFF, 0xFF, 0xFF, 0xFF, 0xFF,
  0xFF, 0xFF, 0xFF, 0xFF, 0xFF, 0xFF, 0xFF, 0xFF, 0xFC, 0x00, 0x00, 0x00,
  0x07, 0xC0, 0x00, 0x00, 0x00, 0x7C, 0x00, 0x00, 0x00, 0x07, 0xC0, 0x00,
  0x00, 0x00, 0x7C, 0x00, 0x00, 0x00, 0x07, 0xC0, 0x40, 0x00, 0x60, 0x7C,
  0x1E, 0x00, 0x0F, 0x07, 0xC0, 0xF0, 0x01, 0xF0, 0x7C, 0x07, 0x80, 0x3E,
  0x07, 0xC0, 0x3C, 0x07, 0xC0, 0x7C, 0x01, 0xE0, 0xF8, 0x07, 0xC0, 0x0F,
  0x0F, 0x00, 0x7C, 0x00, 0x79, 0xE0, 0x07, 0xC0, 0x03, 0xFC, 0x00, 0x7C,
  0x00, 0x1F, 0x80, 0x07, 0xC0, 0x00, 0xF0, 0x00, 0x7C, 0x00, 0x1F, 0x80,
  0x07, 0xC0, 0x03, 0xFC, 0x00, 0x7C, 0x00, 0x79, 0xE0, 0x07, 0xC0, 0x0F,
  0x0F, 0x00, 0x7C, 0x01, 0xE0, 0x78, 0x07, 0xC0, 0x3C, 0x03, 0xC0, 0x7C,
  0x07, 0x80, 0x1E, 0x07, 0xC1, 0xF0, 0x00, 0xF0, 0x7C, 0x0E, 0x00, 0x06,
  0x07, 0xC0, 0x40, 0x00, 0x20, 0x7C, 0x00, 0x00, 0x00, 0x07, 0xC0, 0x00,
  0x00, 0x00, 0x7C, 0x00, 0x00, 0x00, 0x07, 0xC0, 0x00, 0x00, 0x00, 0x7C,
  0x00, 0x00, 0x00, 0x07, 0xFF, 0xFF, 0xFF, 0xFF, 0xFF, 0xFF, 0xFF, 0xFF,
  0xFF, 0xFF, 0xFF, 0xFF, 0xFF, 0xFF, 0xFF, 0xFF, 0xFF, 0xFF, 0xFF, 0xFF,
  0xFF, 0xFF, 0xFC, 0x00, 0x00, 0x00, 0x07, 0xC0, 0x00, 0x00, 0x00, 0x7C,
  0x00, 0x00, 0x00, 0x07, 0xC0, 0x00, 0x00, 0x00, 0x7C, 0x00, 0x00, 0x00,
  0x07, 0xC0, 0x40, 0x00, 0x60, 0x7C, 0x1E, 0x00, 0x0F, 0x07, 0xC0, 0xF0,
  0x01, 0xF0, 0x7C, 0x07, 0x80, 0x3E, 0x07, 0xC0, 0x3C, 0x07, 0xC0, 0x7C,
  0x01, 0xE0, 0xF8, 0x07, 0xC0, 0x0F, 0x0F, 0x00, 0x7C, 0x00, 0x79, 0xE0,
  0x07, 0xC0, 0x03, 0xFC, 0x00, 0x7C, 0x00, 0x1F, 0x80, 0x07, 0xC0, 0x00,
  0xF0, 0x00, 0x7C, 0x00, 0x1F, 0x80, 0x07, 0xC0, 0x03, 0xFC, 0x00, 0x7C,
  0x00, 0x79, 0xE0, 0x07, 0xC0, 0x0F, 0x0F, 0x00, 0x7C, 0x01, 0xE0, 0x78,
  0x07, 0xC0, 0x3C, 0x03, 0xC0, 0x7C, 0x07, 0x80, 0x1E, 0x07, 0xC1, 0xF0,
  0x00, 0xF0, 0x7C, 0x0E, 0x00, 0x06, 0x07, 0xC0, 0x40, 0x00, 0x20, 0x7C,
  0x00, 0x00, 0x00, 0x07, 0xC0, 0x00, 0x00, 0x00, 0x7C, 0x00, 0x00, 0x00,
  0x07, 0xC0, 0x00, 0x00, 0x00, 0x7C, 0x00, 0x00, 0x00, 0x07, 0xFF, 0xFF,
  0xFF, 0xFF, 0xFF, 0xFF, 0xFF, 0xFF, 0xFF, 0xFF, 0xFF, 0xFF, 0xFF, 0xFF,
  0xFF, 0xFF, 0xFF, 0xFF, 0xFF, 0xFF, 0xFF, 0xFF, 0xFC, 0x00, 0x00, 0x00,
  0x07, 0xC0, 0x00, 0x00, 0x00, 0x7C, 0x00, 0x00, 0x00, 0x07, 0xC0, 0x00,
  0x00, 0x00, 0x7C, 0x00, 0x00, 0x00, 0x07, 0xC0, 0x40, 0x00, 0x60, 0x7C,
  0x1E, 0x00, 0x0F, 0x07, 0xC0, 0xF0, 0x01, 0xF0, 0x7C, 0x07, 0x80, 0x3E,
  0x07, 0xC0, 0x3C, 0x07, 0xC0, 0x7C, 0x01, 0xE0, 0xF8, 0x07, 0xC0, 0x0F,
  0x0F, 0x00, 0x7C, 0x00, 0x79, 0xE0, 0x07, 0xC0, 0x03, 0xFC, 0x00, 0x7C,
  0x00, 0x1F, 0x80, 0x07, 0xC0, 0x00, 0xF0, 0x00, 0x7C, 0x00, 0x1F, 0x80,
  0x07, 0xC0, 0x03, 0xFC, 0x00, 0x7C, 0x00, 0x79, 0xE0, 0x07, 0xC0, 0x0F,
  0x0F, 0x00, 0x7C, 0x01, 0xE0, 0x78, 0x07, 0xC0, 0x3C, 0x03, 0xC0, 0x7C,
  0x07, 0x80, 0x1E, 0x07, 0xC1, 0xF0, 0x00, 0xF0, 0x7C, 0x0E, 0x00, 0x06,
  0x07, 0xC0, 0x40, 0x00, 0x20, 0x7C, 0x00, 0x00, 0x00, 0x07, 0xC0, 0x00,
  0x00, 0x00, 0x7C, 0x00, 0x00, 0x00, 0x07, 0xC0, 0x00, 0x00, 0x00, 0x7C,
  0x00, 0x00, 0x00, 0x07, 0xFF, 0xFF, 0xFF, 0xFF, 0xFF, 0xFF, 0xFF, 0xFF,
  0xFF, 0xFF, 0xFF, 0xFF, 0xFF, 0xFF, 0xFF, 0xFF, 0xFF, 0xFF, 0xFF, 0xFF,
  0xFF, 0xFF, 0xFC, 0x00, 0x00, 0x00, 0x07, 0xC0, 0x00, 0x00, 0x00, 0x7C,
  0x00, 0x00, 0x00, 0x07, 0xC0, 0x00, 0x00, 0x00, 0x7C, 0x00, 0x00, 0x00,
  0x07, 0xC0, 0x40, 0x00, 0x60, 0x7C, 0x1E, 0x00, 0x0F, 0x07, 0xC0, 0xF0,
  0x01, 0xF0, 0x7C, 0x07, 0x80, 0x3E, 0x07, 0xC0, 0x3C, 0x07, 0xC0, 0x7C,
  0x01, 0xE0, 0xF8, 0x07, 0xC0, 0x0F, 0x0F, 0x00, 0x7C, 0x00, 0x79, 0xE0,
  0x07, 0xC0, 0x03, 0xFC, 0x00, 0x7C, 0x00, 0x1F, 0x80, 0x07, 0xC0, 0x00,
  0xF0, 0x00, 0x7C, 0x00, 0x1F, 0x80, 0x07, 0xC0, 0x03, 0xFC, 0x00, 0x7C,
  0x00, 0x79, 0xE0, 0x07, 0xC0, 0x0F, 0x0F, 0x00, 0x7C, 0x01, 0xE0, 0x78,
  0x07, 0xC0, 0x3C, 0x03, 0xC0, 0x7C, 0x07, 0x80, 0x1E, 0x07, 0xC1, 0xF0,
  0x00, 0xF0, 0x7C, 0x0E, 0x00, 0x06, 0x07, 0xC0, 0x40, 0x00, 0x20, 0x7C,
  0x00, 0x00, 0x00, 0x07, 0xC0, 0x00, 0x00, 0x00, 0x7C, 0x00, 0x00, 0x00,
  0x07, 0xC0, 0x00, 0x00, 0x00, 0x7C, 0x00, 0x00, 0x00, 0x07, 0xFF, 0xFF,
  0xFF, 0xFF, 0xFF, 0xFF, 0xFF, 0xFF, 0xFF, 0xFF, 0xFF, 0xFF, 0xFF, 0xFF,
  0xFF, 0xFF, 0xFF, 0xFF, 0xFF, 0xFF, 0xFF, 0xFF, 0xFC, 0x00, 0x00, 0x00,
  0x07, 0xC0, 0x00, 0x00, 0x00, 0x7C, 0x00, 0x00, 0x00, 0x07, 0xC0, 0x00,
  0x00, 0x00, 0x7C, 0x00, 0x00, 0x00, 0x07, 0xC0, 0x40, 0x00, 0x60, 0x7C,
  0x1E, 0x00, 0x0F, 0x07, 0xC0, 0xF0, 0x01, 0xF0, 0x7C, 0x07, 0x80, 0x3E,
  0x07, 0xC0, 0x3C, 0x07, 0xC0, 0x7C, 0x01, 0xE0, 0xF8, 0x07, 0xC0, 0x0F,
  0x0F, 0x00, 0x7C, 0x00, 0x79, 0xE0, 0x07, 0xC0, 0x03, 0xFC, 0x00, 0x7C,
  0x00, 0x1F, 0x80, 0x07, 0xC0, 0x00, 0xF0, 0x00, 0x7C, 0x00, 0x1F, 0x80,
  0x07, 0xC0, 0x03, 0xFC, 0x00, 0x7C, 0x00, 0x79, 0xE0, 0x07, 0xC0, 0x0F,
  0x0F, 0x00, 0x7C, 0x01, 0xE0, 0x78, 0x07, 0xC0, 0x3C, 0x03, 0xC0, 0x7C,
  0x07, 0x80, 0x1E, 0x07, 0xC1, 0xF0, 0x00, 0xF0, 0x7C, 0x0E, 0x00, 0x06,
  0x07, 0xC0, 0x40, 0x00, 0x20, 0x7C, 0x00, 0x00, 0x00, 0x07, 0xC0, 0x00,
  0x00, 0x00, 0x7C, 0x00, 0x00, 0x00, 0x07, 0xC0, 0x00, 0x00, 0x00, 0x7C,
  0x00, 0x00, 0x00, 0x07, 0xFF, 0xFF, 0xFF, 0xFF, 0xFF, 0xFF, 0xFF, 0xFF,
  0xFF, 0xFF, 0xFF, 0xFF, 0xFF, 0xFF, 0xFF, 0xFF, 0xFF, 0xFF, 0xFF, 0xFF,
  0xFF, 0xFF, 0xFC, 0x00, 0x00, 0x00, 0x07, 0xC0, 0x00, 0x00, 0x00, 0x7C,
  0x00, 0x00, 0x00, 0x07, 0xC0, 0x00, 0x00, 0x00, 0x7C, 0x00, 0x00, 0x00,
  0x07, 0xC0, 0x40, 0x00, 0x60, 0x7C, 0x1E, 0x00, 0x0F, 0x07, 0xC0, 0xF0,
  0x01, 0xF0, 0x7C, 0x07, 0x80, 0x3E, 0x07, 0xC0, 0x3C, 0x07, 0xC0, 0x7C,
  0x01, 0xE0, 0xF8, 0x07, 0xC0, 0x0F, 0x0F, 0x00, 0x7C, 0x00, 0x79, 0xE0,
  0x07, 0xC0, 0x03, 0xFC, 0x00, 0x7C, 0x00, 0x1F, 0x80, 0x07, 0xC0, 0x00,
  0xF0, 0x00, 0x7C, 0x00, 0x1F, 0x80, 0x07, 0xC0, 0x03, 0xFC, 0x00, 0x7C,
  0x00, 0x79, 0xE0, 0x07, 0xC0, 0x0F, 0x0F, 0x00, 0x7C, 0x01, 0xE0, 0x78,
  0x07, 0xC0, 0x3C, 0x03, 0xC0, 0x7C, 0x07, 0x80, 0x1E, 0x07, 0xC1, 0xF0,
  0x00, 0xF0, 0x7C, 0x0E, 0x00, 0x06, 0x07, 0xC0, 0x40, 0x00, 0x20, 0x7C,
  0x00, 0x00, 0x00, 0x07, 0xC0, 0x00, 0x00, 0x00, 0x7C, 0x00, 0x00, 0x00,
  0x07, 0xC0, 0x00, 0x00, 0x00, 0x7C, 0x00, 0x00, 0x00, 0x07, 0xFF, 0xFF,
  0xFF, 0xFF, 0xFF, 0xFF, 0xFF, 0xFF, 0xFF, 0xFF, 0xFF, 0xFF, 0xFF, 0xFF,
  0xFF, 0xFF, 0xFF, 0xFF, 0xFF, 0xFF, 0xFF, 0xFF, 0xFC, 0x00, 0x00, 0x00,
  0x07, 0xC0, 0x00, 0x00, 0x00, 0x7C, 0x00, 0x00, 0x00, 0x07, 0xC0, 0x00,
  0x00, 0x00, 0x7C, 0x00, 0x00, 0x00, 0x07, 0xC0, 0x40, 0x00, 0x60, 0x7C,
  0x1E, 0x00, 0x0F, 0x07, 0xC0, 0xF0, 0x01, 0xF0, 0x7C, 0x07, 0x80, 0x3E,
  0x07, 0xC0, 0x3C, 0x07, 0xC0, 0x7C, 0x01, 0xE0, 0xF8, 0x07, 0xC0, 0x0F,
  0x0F, 0x00, 0x7C, 0x00, 0x79, 0xE0, 0x07, 0xC0, 0x03, 0xFC, 0x00, 0x7C,
  0x00, 0x1F, 0x80, 0x07, 0xC0, 0x00, 0xF0, 0x00, 0x7C, 0x00, 0x1F, 0x80,
  0x07, 0xC0, 0x03, 0xFC, 0x00, 0x7C, 0x00, 0x79, 0xE0, 0x07, 0xC0, 0x0F,
  0x0F, 0x00, 0x7C, 0x01, 0xE0, 0x78, 0x07, 0xC0, 0x3C, 0x03, 0xC0, 0x7C,
  0x07, 0x80, 0x1E, 0x07, 0xC1, 0xF0, 0x00, 0xF0, 0x7C, 0x0E, 0x00, 0x06,
  0x07, 0xC0, 0x40, 0x00, 0x20, 0x7C, 0x00, 0x00, 0x00, 0x07, 0xC0, 0x00,
  0x00, 0x00, 0x7C, 0x00, 0x00, 0x00, 0x07, 0xC0, 0x00, 0x00, 0x00, 0x7C,
  0x00, 0x00, 0x00, 0x07, 0xFF, 0xFF, 0xFF, 0xFF, 0xFF, 0xFF, 0xFF, 0xFF,
  0xFF, 0x00, 0x1F, 0x0F, 0xE7, 0xF9, 0xFF, 0x7F, 0xDF, 0xE7, 0xF8, 0xFC,
  0x04, 0x00, 0x00, 0x00, 0x00, 0x00, 0x03, 0x00, 0xE0, 0x38, 0x1E, 0x07,
  0x81, 0xE0, 0x78, 0x1E, 0x07, 0xC3, 0xF0, 0xFC, 0x3F, 0x9F, 0xE7, 0xFB,
  0xFF, 0xFF, 0xFF, 0xFF, 0xFF, 0xFF, 0x7F, 0xDF, 0xE3, 0xF0, 0x00, 0x0C,
  0x00, 0x00, 0x30, 0x00, 0x00, 0xC0, 0x00, 0x03, 0x00, 0x00, 0x0C, 0x00,
  0x03, 0xFF, 0x80, 0x3F, 0xFF, 0x03, 0xF0, 0xFE, 0x1F, 0xC1, 0xFC, 0xFE,
  0x07, 0xF3, 0xF8, 0x0F, 0xDF, 0xC0, 0x3F, 0x7F, 0x00, 0x7F, 0xFC, 0x00,
  0xEF, 0xF0, 0x00, 0x3F, 0xC0, 0x00, 0xFF, 0x00, 0x03, 0xFC, 0x00, 0x0F,
  0xF0, 0x00, 0x3F, 0xC0, 0x00, 0xFF, 0x00, 0x01, 0xFE, 0x00, 0x07, 0xF8,
  0x00, 0x0F, 0xF0, 0x03, 0x3F, 0xE0, 0x1C, 0x7F, 0xF7, 0xE0, 0x7F, 0xFF,
  0x00, 0xFF, 0xF0, 0x00, 0x3E, 0x00, 0x00, 0x30, 0x00, 0x00, 0xC0, 0x00,
  0x03, 0x00, 0x00, 0x0C, 0x00, 0x00, 0x07, 0xFC, 0x00, 0x00, 0xFF, 0xF8,
  0x00, 0x1F, 0x8F, 0xF0, 0x01, 0xFC, 0x3F, 0x80, 0x0F, 0xC1, 0xFE, 0x00,
  0xFE, 0x07, 0xF0, 0x07, 0xE0, 0x1F, 0x80, 0x7F, 0x00, 0xFC, 0x03, 0xF8,
  0x03, 0xC0, 0x1F, 0xC0, 0x00, 0x00, 0xFE, 0x00, 0x00, 0x07, 0xF0, 0x00,
  0x00, 0x3F, 0x80, 0x00, 0x01, 0xFC, 0x00, 0x00, 0x0F, 0xE0, 0x00, 0x07,
  0xFF, 0xFF, 0x00, 0x3F, 0xFF, 0xF8, 0x00, 0x1F, 0xC0, 0x00, 0x00, 0xFE,
  0x00, 0x00, 0x07, 0xF0, 0x00, 0x00, 0x3F, 0x80, 0x00, 0x01, 0xFC, 0x00,
  0x60, 0x0F, 0xE0, 0x0F, 0xC0, 0x7F, 0x00, 0x7F, 0x03, 0xF0, 0x03, 0xF8,
  0x1F, 0x80, 0x0F, 0xC1, 0xFC, 0x00, 0x7E, 0x1F, 0xC0, 0x03, 0xF3, 0xFE,
  0x00, 0x1F, 0xBF, 0xFC, 0x01, 0xFB, 0xFB, 0xFE, 0xFF, 0x9F, 0x87, 0xFF,
  0xF8, 0x78, 0x0F, 0xFF, 0x00, 0x10, 0x00, 0x18, 0xF0, 0x00, 0x7B, 0xF0,
  0x61, 0xFB, 0xFF, 0xFF, 0xE3, 0xFF, 0xFF, 0x83, 0xFF, 0xFE, 0x03, 0xE0,
  0xF8, 0x0F, 0x80, 0xF8, 0x1F, 0x00, 0xF0, 0x3C, 0x01, 0xE0, 0x78, 0x03,
  0xC0, 0xF0, 0x07, 0x81, 0xE0, 0x0F, 0x03, 0xE0, 0x3E, 0x03, 0xE0, 0x7C,
  0x07, 0xF7, 0xF0, 0x1F, 0xFF, 0xF0, 0x7F, 0xFF, 0xF1, 0xFB, 0xF9, 0xF7,
  0xE0, 0x01, 0xF3, 0x80, 0x01, 0x82, 0x00, 0x02, 0x00, 0x7F, 0xFF, 0x80,
  0x3F, 0xFF, 0xFF, 0xFC, 0x07, 0xFF, 0x1F, 0xFC, 0x00, 0x0F, 0xC0, 0xFF,
  0x80, 0x00, 0x70, 0x07, 0xFC, 0x00, 0x0F, 0x00, 0x3F, 0xE0, 0x00, 0xE0,
  0x03, 0xFE, 0x00, 0x1C, 0x00, 0x1F, 0xF0, 0x03, 0x80, 0x00, 0xFF, 0x00,
  0x78, 0x00, 0x07, 0xF8, 0x07, 0x00, 0x00, 0x7F, 0xC0, 0xE0, 0x00, 0x03,
  0xFC, 0x1C, 0x00, 0x00, 0x1F, 0xE3, 0x80, 0x00, 0x00, 0xFF, 0x38, 0x00,
  0x00, 0x07, 0xF7, 0x00, 0x00, 0x00, 0x7F, 0xE0, 0x00, 0x03, 0xFF, 0xFF,
  0xFF, 0x00, 0x3F, 0xFF, 0xFF, 0xF0, 0x03, 0xFF, 0xFF, 0xFF, 0x00, 0x00,
  0x1F, 0xC0, 0x00, 0x00, 0x01, 0xFC, 0x00, 0x00, 0x00, 0x1F, 0xC0, 0x00,
  0x00, 0x01, 0xFC, 0x00, 0x00, 0x3F, 0xFF, 0xFF, 0xF0, 0x03, 0xFF, 0xFF,
  0xFF, 0x00, 0x3F, 0xFF, 0xFF, 0xF0, 0x00, 0x01, 0xFC, 0x00, 0x00, 0x00,
  0x1F, 0xC0, 0x00, 0x00, 0x01, 0xFC, 0x00, 0x00, 0x00, 0x1F, 0xC0, 0x00,
  0x00, 0x01, 0xFE, 0x00, 0x00, 0x03, 0xFF, 0xFF, 0x00, 0x00, 0x3F, 0xFF,
  0xF0, 0x00, 0xFF, 0xFF, 0xFF, 0xFF, 0xFF, 0xFF, 0xFF, 0xFF, 0xF0, 0x00,
  0x00, 0x00, 0x00, 0xFF, 0xFF, 0xFF, 0xFF, 0xFF, 0xFF, 0xFF, 0xFF, 0xF0,
  0x03, 0xFE, 0x00, 0xFF, 0xF8, 0x1F, 0x9F, 0xC1, 0xF0, 0xFC, 0x3F, 0x07,
  0xE3, 0xE0, 0x7E, 0x3F, 0x03, 0xC3, 0xF0, 0x18, 0x3F, 0x80, 0x03, 0xFC,
  0x00, 0x3F, 0xE0, 0x01, 0xFF, 0x00, 0x0F, 0xF8, 0x00, 0xFF, 0xE0, 0x1F,
  0xFF, 0x03, 0xFF, 0xF8, 0x7C, 0xFF, 0xC7, 0xC3, 0xFE, 0xFC, 0x1F, 0xEF,
  0xC0, 0xFF, 0xFC, 0x07, 0xFF, 0xE0, 0x3F, 0x7E, 0x03, 0xF7, 0xF0, 0x1F,
  0x7F, 0xC1, 0xF3, 0xFE, 0x3F, 0x1F, 0xF3, 0xE0, 0xFF, 0xBC, 0x07, 0xFF,
  0x80, 0x3F, 0xF0, 0x01, 0xFF, 0x80, 0x07, 0xF8, 0x00, 0x3F, 0xC0, 0x01,
  0xFC, 0x00, 0x0F, 0xE1, 0xC0, 0x7E, 0x3C, 0x07, 0xE3, 0xE0, 0x7E, 0x3F,
  0x07, 0xC3, 0xF8, 0x7C, 0x1F, 0xCF, 0x80, 0xFF, 0xF0, 0x03, 0xFC, 0x00,
  0x18, 0x03, 0x1F, 0x03, 0xE7, 0xE0, 0xFF, 0xF8, 0x7F, 0xFE, 0x1F, 0xDF,
  0x83, 0xF7, 0xE0, 0xFC, 0xF0, 0x1C, 0x00, 0x00, 0x18, 0x00, 0x00, 0x00,
  0x03, 0xFF, 0xF0, 0x00, 0x00, 0x07, 0xE0, 0x7E, 0x00, 0x00, 0x0F, 0x80,
  0x03, 0xC0, 0x00, 0x0E, 0x00, 0x00, 0x70, 0x00, 0x0E, 0x00, 0x00, 0x1E,
  0x00, 0x0C, 0x00, 0x00, 0x03, 0x80, 0x0C, 0x00, 0x00, 0x00, 0xE0, 0x0C,
  0x00, 0x00, 0x00, 0x30, 0x0E, 0x00, 0x00, 0x00, 0x0C, 0x0E, 0x00, 0x3F,
  0xE0, 0x07, 0x06, 0x00, 0x3F, 0xFC, 0x01, 0x87, 0x00, 0x7C, 0x0F, 0x00,
  0x63, 0x00, 0x7C, 0x07, 0x80, 0x31, 0x80, 0x3C, 0x03, 0xE0, 0x1D, 0x80,
  0x3C, 0x00, 0xF0, 0x06, 0xC0, 0x1E, 0x00, 0x78, 0x03, 0x60, 0x0F, 0x00,
  0x00, 0x01, 0xB0, 0x0F, 0x80, 0x00, 0x00, 0xF8, 0x07, 0xC0, 0x00, 0x00,
  0x3C, 0x03, 0xE0, 0x00, 0x00, 0x1E, 0x01, 0xF0, 0x00, 0x00, 0x0F, 0x00,
  0xF8, 0x00, 0x00, 0x07, 0x80, 0x3C, 0x00, 0x00, 0x07, 0xC0, 0x1E, 0x00,
  0x00, 0x03, 0x60, 0x0F, 0x00, 0x0C, 0x01, 0xB8, 0x07, 0xC0, 0x06, 0x00,
  0xCC, 0x01, 0xE0, 0x07, 0x00, 0xE6, 0x00, 0xF8, 0x03, 0x80, 0x63, 0x80,
  0x3E, 0x07, 0x80, 0x70, 0xC0, 0x0F, 0xFF, 0x80, 0x30, 0x30, 0x01, 0xFF,
  0x00, 0x38, 0x1C, 0x00, 0x00, 0x00, 0x18, 0x07, 0x00, 0x00, 0x00, 0x18,
  0x01, 0xC0, 0x00, 0x00, 0x1C, 0x00, 0x70, 0x00, 0x00, 0x1C, 0x00, 0x1C,
  0x00, 0x00, 0x38, 0x00, 0x07, 0x80, 0x00, 0x38, 0x00, 0x01, 0xF0, 0x00,
  0xF8, 0x00, 0x00, 0x3F, 0xCF, 0xF0, 0x00, 0x00, 0x03, 0xFF, 0xC0, 0x00,
  0x00, 0x07, 0xFE, 0x00, 0xFF, 0xFC, 0x0F, 0x83, 0xE0, 0xF8, 0x1F, 0x87,
  0x80, 0xFC, 0x18, 0x07, 0xE0, 0x00, 0x3F, 0x00, 0x1F, 0xF8, 0x0F, 0xFF,
  0xC1, 0xF8, 0x7E, 0x1F, 0x83, 0xF0, 0xFC, 0x1F, 0x8F, 0xC0, 0xFC, 0x7E,
  0x07, 0xE3, 0xF8, 0x3F, 0x0F, 0xE7, 0xF8, 0x7F, 0xFF, 0xF9, 0xFF, 0x3F,
  0xC3, 0xE1, 0xF8, 0x00, 0x20, 0x02, 0x00, 0xC0, 0x0C, 0x03, 0x80, 0x38,
  0x0F, 0x00, 0xF0, 0x3E, 0x07, 0xC0, 0xF8, 0x1F, 0x03, 0xE0, 0x7E, 0x1F,
  0x81, 0xF8, 0x7F, 0x07, 0xE1, 0xFC, 0x3F, 0x83, 0xF0, 0x7E, 0x07, 0xE0,
  0xFC, 0x0F, 0xE1, 0xFC, 0x0F, 0xC1, 0xFC, 0x0F, 0xC1, 0xF8, 0x0F, 0xC1,
  0xF8, 0x0F, 0x80, 0xF8, 0x0F, 0x80, 0xF8, 0x07, 0x80, 0xF8, 0x07, 0x00,
  0xF0, 0x06, 0x00, 0xE0, 0x04, 0x00, 0x40, 0xFF, 0xFF, 0xFF, 0xFF, 0xFF,
  0xFF, 0xFF, 0xFF, 0xFF, 0xFF, 0xFF, 0xF0, 0x00, 0x01, 0xE0, 0x00, 0x03,
  0xC0, 0x00, 0x07, 0x80, 0x00, 0x0F, 0x00, 0x00, 0x1E, 0x00, 0x00, 0x3C,
  0x00, 0x00, 0x78, 0x00, 0x00, 0xF0, 0xFF, 0xFF, 0xFF, 0xFF, 0xFF, 0xFF,
  0xFF, 0xFF, 0xFF, 0xFF, 0xFF, 0xFF, 0xFF, 0xFC, 0x00, 0x00, 0x00, 0x07,
  0xC0, 0x00, 0x00, 0x00, 0x7C, 0x00, 0x00, 0x00, 0x07, 0xC0, 0x00, 0x00,
  0x00, 0x7C, 0x00, 0x00, 0x00, 0x07, 0xC0, 0x40, 0x00, 0x60, 0x7C, 0x1E,
  0x00, 0x0F, 0x07, 0xC0, 0xF0, 0x01, 0xF0, 0x7C, 0x07, 0x80, 0x3E, 0x07,
  0xC0, 0x3C, 0x07, 0xC0, 0x7C, 0x01, 0xE0, 0xF8, 0x07, 0xC0, 0x0F, 0x0F,
  0x00, 0x7C, 0x00, 0x79, 0xE0, 0x07, 0xC0, 0x03, 0xFC, 0x00, 0x7C, 0x00,
  0x1F, 0x80, 0x07, 0xC0, 0x00, 0xF0, 0x00, 0x7C, 0x00, 0x1F, 0x80, 0x07,
  0xC0, 0x03, 0xFC, 0x00, 0x7C, 0x00, 0x79, 0xE0, 0x07, 0xC0, 0x0F, 0x0F,
  0x00, 0x7C, 0x01, 0xE0, 0x78, 0x07, 0xC0, 0x3C, 0x03, 0xC0, 0x7C, 0x07,
  0x80, 0x1E, 0x07, 0xC1, 0xF0, 0x00, 0xF0, 0x7C, 0x0E, 0x00, 0x06, 0x07,
  0xC0, 0x40, 0x00, 0x20, 0x7C, 0x00, 0x00, 0x00, 0x07, 0xC0, 0x00, 0x00,
  0x00, 0x7C, 0x00, 0x00, 0x00, 0x07, 0xC0, 0x00, 0x00, 0x00, 0x7C, 0x00,
  0x00, 0x00, 0x07, 0xFF, 0xFF, 0xFF, 0xFF, 0xFF, 0xFF, 0xFF, 0xFF, 0xFF,
  0x00, 0x00, 0x18, 0x00, 0x00, 0x00, 0x03, 0xFF, 0xF0, 0x00, 0x00, 0x07,
  0xE0, 0x7E, 0x00, 0x00, 0x0F, 0x80, 0x03, 0xC0, 0x00, 0x0E, 0x00, 0x00,
  0x70, 0x00, 0x0E, 0x00, 0x00, 0x1E, 0x00, 0x0C, 0x00, 0x00, 0x03, 0x80,
  0x0C, 0x00, 0x00, 0x00, 0xE0, 0x0C, 0x00, 0x00, 0x00, 0x30, 0x0E, 0x00,
  0x00, 0x00, 0x0C, 0x0E, 0x07, 0xFF, 0xC0, 0x07, 0x06, 0x00, 0xFF, 0xF8,
  0x01, 0x87, 0x00, 0x78, 0x1E, 0x00, 0x63, 0x00, 0x3C, 0x07, 0x80, 0x31,
  0x80, 0x1E, 0x03, 0xC0, 0x1D, 0x80, 0x0F, 0x00, 0xE0, 0x06, 0xC0, 0x07,
  0x80, 0x70, 0x03, 0x60, 0x03, 0xC0, 0x78, 0x01, 0xB0, 0x01, 0xE0, 0x38,
  0x00, 0xF8, 0x00, 0xF0, 0x38, 0x00, 0x3C, 0x00, 0x7F, 0xF0, 0x00, 0x1E,
  0x00, 0x3F, 0xF8, 0x00, 0x0F, 0x00, 0x1E, 0x0F, 0x00, 0x07, 0x80, 0x0F,
  0x07, 0x80, 0x07, 0xC0, 0x07, 0x81, 0xE0, 0x03, 0x60, 0x03, 0xC0, 0xF0,
  0x01, 0xB8, 0x01, 0xE0, 0x38, 0x00, 0xCC, 0x00, 0xF0, 0x1E, 0x00, 0xE6,
  0x00, 0x78, 0x0F, 0x00, 0x63, 0x80, 0x3C, 0x03, 0xC0, 0x70, 0xC0, 0x7F,
  0xC1, 0xF8, 0x30, 0x30, 0x3F, 0xE0, 0x7C, 0x38, 0x1C, 0x00, 0x00, 0x00,
  0x18, 0x07, 0x00, 0x00, 0x00, 0x18, 0x01, 0xC0, 0x00, 0x00, 0x1C, 0x00,
  0x70, 0x00, 0x00, 0x1C, 0x00, 0x1C, 0x00, 0x00, 0x38, 0x00, 0x07, 0x80,
  0x00, 0x38, 0x00, 0x01, 0xF0, 0x00, 0xF8, 0x00, 0x00, 0x3F, 0xCF, 0xF0,
  0x00, 0x00, 0x03, 0xFF, 0xC0, 0x00, 0x00, 0xFF, 0xFF, 0xFF, 0xFF, 0xFF,
  0xFF, 0xF0, 0x0F, 0xF0, 0x3F, 0xF8, 0x7F, 0xFC, 0x78, 0x1E, 0xF0, 0x0E,
  0xF0, 0x0F, 0xF0, 0x0F, 0xF0, 0x0F, 0xF0, 0x0F, 0xF0, 0x0F, 0xF0, 0x0E,
  0x78, 0x1E, 0x7F, 0xFC, 0x3F, 0xF8, 0x0F, 0xF0, 0x00, 0x38, 0x00, 0x00,
  0x70, 0x00, 0x00, 0xE0, 0x00, 0x01, 0xC0, 0x00, 0x03, 0x80, 0x00, 0x07,
  0x00, 0x00, 0x0E, 0x00, 0x00, 0x1C, 0x00, 0x00, 0x38, 0x01, 0xFF, 0xFF,
  0xFF, 0xFF, 0xFF, 0xFF, 0xFF, 0xFF, 0xFF, 0xFF, 0xFF, 0xE0, 0x07, 0x00,
  0x00, 0x0E, 0x00, 0x00, 0x1C, 0x00, 0x00, 0x38, 0x00, 0x00, 0x70, 0x00,
  0x00, 0xE0, 0x00, 0x01, 0xC0, 0x00, 0x03, 0x80, 0x0F, 0xFF, 0xFF, 0x9F,
  0xFF, 0xFF, 0x3F, 0xFF, 0xFE, 0x00, 0xC0, 0x01, 0xFF, 0xC0, 0xF8, 0xFE,
  0x3E, 0x0F, 0xCF, 0x81, 0xFD, 0xF0, 0x3F, 0xBE, 0x07, 0xF7, 0x80, 0xFE,
  0x00, 0x1F, 0xC0, 0x03, 0xF0, 0x00, 0x7E, 0x00, 0x1F, 0x80, 0x07, 0xE0,
  0x00, 0xF8, 0x00, 0x3E, 0x00, 0x0F, 0x80, 0x03, 0xE0, 0x00, 0xF0, 0x00,
  0x38, 0x00, 0x1F, 0xFF, 0xF7, 0xFF, 0xFF, 0xFF, 0xFF, 0xFF, 0xFF, 0xF8,
  0x00, 0xE0, 0x01, 0xFF, 0xE0, 0xF8, 0x7E, 0x3E, 0x07, 0xE7, 0xC0, 0xFC,
  0xF0, 0x1F, 0x9E, 0x03, 0xF1, 0x80, 0x7E, 0x00, 0x0F, 0x80, 0x03, 0xF0,
  0x0F, 0xF8, 0x01, 0xFF, 0x00, 0x01, 0xFC, 0x00, 0x1F, 0xC0, 0x03, 0xF9,
  0x80, 0x7F, 0xF8, 0x0F, 0xFF, 0x01, 0xFF, 0xC0, 0x3F, 0xF8, 0x07, 0xFF,
  0x01, 0xFC, 0xF8, 0x7E, 0x07, 0xFF, 0x00, 0x00, 0xC0, 0x7C, 0x1F, 0x83,
  0xF0, 0xFE, 0x3F, 0x87, 0xC1, 0xE0, 0x78, 0x1C, 0x01, 0x00, 0x00, 0x7F,
  0x00, 0x7F, 0x07, 0xF0, 0x07, 0xF0, 0x7F, 0x00, 0x7F, 0x07, 0xF0, 0x07,
  0xF0, 0x7F, 0x00, 0x7F, 0x07, 0xF0, 0x07, 0xF0, 0x7F, 0x00, 0x7F, 0x07,
  0xF0, 0x07, 0xF0, 0x7F, 0x00, 0x7F, 0x07, 0xF0, 0x07, 0xF0, 0x7F, 0x00,
  0x7F, 0x07, 0xF0, 0x07, 0xF0, 0x7F, 0x00, 0x7F, 0x07, 0xF0, 0x07, 0xF0,
  0x7F, 0x00, 0x7F, 0x07, 0xF0, 0x07, 0xF0, 0x7F, 0x00, 0x7F, 0x07, 0xF0,
  0x0F, 0xF0, 0x7F, 0x80, 0xFF, 0x07, 0xFC, 0x3F, 0xF0, 0x7F, 0xFF, 0xFF,
  0x87, 0xFF, 0xF7, 0xFF, 0xFD, 0xFE, 0x7F, 0xFF, 0xC3, 0x00, 0x00, 0xFC,
  0x00, 0x00, 0x0F, 0xC0, 0x00, 0x00, 0xFC, 0x00, 0x00, 0x0F, 0xC0, 0x00,
  0x00, 0xFC, 0x00, 0x00, 0x0F, 0xC0, 0x00, 0x00, 0xFC, 0x00, 0x00, 0x0F,
  0xC0, 0x00, 0x00, 0x78, 0x00, 0x00, 0x00, 0x00, 0x7F, 0xFE, 0x07, 0xFF,
  0xFF, 0x1F, 0xFF, 0xFE, 0x3F, 0xF0, 0xF0, 0x7F, 0xF0, 0xF0, 0x7F, 0xF0,
  0xF0, 0xFF, 0xF0, 0xF0, 0xFF, 0xF0, 0xF0, 0xFF, 0xF0, 0xF0, 0xFF, 0xF0,
  0xF0, 0xFF, 0xF0, 0xF0, 0xFF, 0xF0, 0xF0, 0xFF, 0xF0, 0xF0, 0x7F, 0xF0,
  0xF0, 0x7F, 0xF0, 0xF0, 0x3F, 0xF0, 0xF0, 0x3F, 0xF0, 0xF0, 0x0F, 0xF0,
  0xF0, 0x07, 0xF0, 0xF0, 0x01, 0xF0, 0xF0, 0x01, 0xF0, 0xF0, 0x01, 0xF0,
  0xF0, 0x01, 0xF0, 0xF0, 0x01, 0xF0, 0xF0, 0x01, 0xF0, 0xF0, 0x01, 0xF0,
  0xF0, 0x01, 0xF0, 0xF0, 0x01, 0xF0, 0xF0, 0x01, 0xF0, 0xF0, 0x01, 0xF0,
  0xF0, 0x01, 0xF0, 0xF0, 0x01, 0xF0, 0xF0, 0x01, 0xF0, 0xF0, 0x01, 0xF0,
  0xF0, 0x01, 0xF0, 0xF0, 0x01, 0xF0, 0xF0, 0x01, 0xF0, 0xF0, 0x0F, 0xF0,
  0xFE, 0x3F, 0xF0, 0xFF, 0x1F, 0xF0, 0xFE, 0x3E, 0x3F, 0x9F, 0xFF, 0xFF,
  0xFB, 0xFD, 0xFC, 0x7C, 0x0E, 0x00, 0xE0, 0x1F, 0x01, 0xFC, 0x07, 0xE0,
  0x1F, 0x01, 0xF0, 0x1F, 0x77, 0xFF, 0xFE, 0x7F, 0xC0, 0x00, 0xF8, 0x00,
  0xFE, 0x03, 0xFF, 0x83, 0xFF, 0xE0, 0xF9, 0xF8, 0x18, 0x7E, 0x00, 0x1F,
  0x80, 0x07, 0xE0, 0x01, 0xF8, 0x00, 0x7E, 0x00, 0x1F, 0x80, 0x07, 0xE0,
  0x01, 0xF8, 0x00, 0x7E, 0x00, 0x1F, 0x80, 0x07, 0xE0, 0x01, 0xF8, 0x00,
  0x7E, 0x00, 0x1F, 0x80, 0x0F, 0xF0, 0x7F, 0xFF, 0xDF, 0xFF, 0xF0, 0x03,
  0xFF, 0x00, 0x3F, 0xFF, 0x01, 0xF8, 0x7E, 0x0F, 0xC0, 0xFC, 0x7E, 0x01,
  0xF1, 0xF8, 0x07, 0xE7, 0xE0, 0x1F, 0xBF, 0x80, 0x7F, 0xFE, 0x01, 0xFF,
  0xF8, 0x07, 0xFF, 0xE0, 0x1F, 0xFF, 0x80, 0x7F, 0x7E, 0x01, 0xF9, 0xF8,
  0x07, 0xE3, 0xE0, 0x3F, 0x0F, 0xC0, 0xFC, 0x1F, 0x87, 0xC0, 0x1F, 0xFE,
  0x00, 0x1F, 0xE0, 0x00, 0x80, 0x08, 0x01, 0x80, 0x18, 0x03, 0x80, 0x38,
  0x07, 0xC0, 0x78, 0x07, 0xC0, 0x78, 0x07, 0xC0, 0xF8, 0x0F, 0xC0, 0xFC,
  0x0F, 0xC0, 0xFC, 0x0F, 0xE1, 0xFC, 0x0F, 0xE1, 0xFC, 0x0F, 0xC1, 0xF8,
  0x1F, 0x83, 0xF0, 0x7F, 0x07, 0xE0, 0xFC, 0x1F, 0x83, 0xF0, 0x7E, 0x0F,
  0xC1, 0xF8, 0x3F, 0x03, 0xE0, 0xF8, 0x0F, 0x81, 0xE0, 0x3E, 0x07, 0x80,
  0x70, 0x0E, 0x00, 0xC0, 0x18, 0x01, 0x00, 0x00, 0x00, 0xF8, 0x00, 0x00,
  0x00, 0x00, 0x01, 0xFC, 0x00, 0x00, 0x70, 0x00, 0x0F, 0xFE, 0x00, 0x00,
  0x78, 0x00, 0x1F, 0xFF, 0x00, 0x00, 0x38, 0x00, 0x0F, 0x9F, 0x80, 0x00,
  0x38, 0x00, 0x03, 0x0F, 0xC0, 0x00, 0x1C, 0x00, 0x00, 0x07, 0xE0, 0x00,
  0x1C, 0x00, 0x00, 0x03, 0xF0, 0x00, 0x0E, 0x00, 0x00, 0x01, 0xF8, 0x00,
  0x0E, 0x00, 0x00, 0x00, 0xFC, 0x00, 0x07, 0x00, 0x00, 0x00, 0x7E, 0x00,
  0x07, 0x00, 0x00, 0x00, 0x3F, 0x00, 0x03, 0x87, 0x00, 0x00, 0x1F, 0x80,
  0x03, 0x87, 0xC0, 0x00, 0x0F, 0xC0, 0x01, 0xC3, 0xF0, 0x00, 0x07, 0xE0,
  0x01, 0xC3, 0xF8, 0x00, 0x03, 0xF0, 0x00, 0xE1, 0xFC, 0x00, 0x01, 0xF8,
  0x00, 0xE1, 0xFC, 0x00, 0x00, 0xFC, 0x00, 0x70, 0xFC, 0x00, 0x00, 0x7E,
  0x00, 0x70, 0xFE, 0x00, 0x00, 0x7F, 0x80, 0x38, 0x7E, 0x00, 0x07, 0xFF,
  0xFC, 0x38, 0x7E, 0x01, 0x03, 0xFF, 0xFE, 0x1C, 0x3F, 0x0F, 0x80, 0x00,
  0x00, 0x1C, 0x1F, 0x07, 0xC0, 0x00, 0x00, 0x1E, 0x1F, 0x03, 0xE0, 0x00,
  0x00, 0x0E, 0x0F, 0x81, 0xF0, 0x00, 0x00, 0x0F, 0x0F, 0x80, 0xF8, 0x00,
  0x00, 0x07, 0x07, 0x80, 0x7C, 0x00, 0x00, 0x07, 0x87, 0xFF, 0xFF, 0xF0,
  0x00, 0x03, 0x83, 0xFF, 0xFF, 0xF0, 0x00, 0x03, 0xC1, 0xFF, 0xFF, 0xF8,
  0x00, 0x01, 0xC0, 0x00, 0x07, 0xC0, 0x00, 0x01, 0xE0, 0x00, 0x03, 0xE0,
  0x00, 0x00, 0xE0, 0x00, 0x01, 0xF0, 0x00, 0x00, 0xF0, 0x00, 0x00, 0xF8,
  0x00, 0x00, 0xF8, 0x00, 0x00, 0x00, 0x00, 0x03, 0xF8, 0x00, 0x01, 0xC0,
  0x00, 0x3F, 0xF8, 0x00, 0x03, 0xC0, 0x00, 0xFF, 0xF8, 0x00, 0x03, 0x80,
  0x00, 0xF9, 0xF8, 0x00, 0x07, 0x00, 0x00, 0x61, 0xF8, 0x00, 0x07, 0x00,
  0x00, 0x01, 0xF8, 0x00, 0x0E, 0x00, 0x00, 0x01, 0xF8, 0x00, 0x0E, 0x00,
  0x00, 0x01, 0xF8, 0x00, 0x1C, 0x00, 0x00, 0x01, 0xF8, 0x00, 0x1C, 0x00,
  0x00, 0x01, 0xF8, 0x00, 0x38, 0x00, 0x00, 0x01, 0xF8, 0x00, 0x38, 0x06,
  0x00, 0x01, 0xF8, 0x00, 0x70, 0x7F, 0xF0, 0x01, 0xF8, 0x00, 0x71, 0xF1,
  0xFC, 0x01, 0xF8, 0x00, 0xE3, 0xE0, 0xFC, 0x01, 0xF8, 0x00, 0xE7, 0xC0,
  0xFE, 0x01, 0xF8, 0x01, 0xC7, 0xC0, 0xFE, 0x01, 0xF8, 0x01, 0xC7, 0xC0,
  0xFE, 0x01, 0xF8, 0x03, 0x87, 0x80, 0xFE, 0x03, 0xFC, 0x03, 0x80, 0x00,
  0xFE, 0x7F, 0xFF, 0xC7, 0x00, 0x00, 0xFC, 0x7F, 0xFF, 0xC7, 0x00, 0x00,
  0xFC, 0x00, 0x00, 0x0E, 0x00, 0x01, 0xF8, 0x00, 0x00, 0x1E, 0x00, 0x03,
  0xF0, 0x00, 0x00, 0x1C, 0x00, 0x03, 0xE0, 0x00, 0x00, 0x3C, 0x00, 0x07,
  0xC0, 0x00, 0x00, 0x38, 0x00, 0x0F, 0x80, 0x00, 0x00, 0x78, 0x00, 0x1F,
  0x00, 0x00, 0x00, 0x70, 0x00, 0x3C, 0x00, 0x00, 0x00, 0xF0, 0x00, 0x70,
  0x00, 0x00, 0x00, 0xE0, 0x01, 0xFF, 0xFF, 0x00, 0x01, 0xE0, 0x03, 0xFF,
  0xFF, 0x00, 0x01, 0xC0, 0x07, 0xFF, 0xFF, 0x00, 0x03, 0xC0, 0x07, 0xFF,
  0xFF, 0x00, 0xE0, 0x00, 0x00, 0x00, 0x00, 0x07, 0xFF, 0x80, 0x00, 0x00,
  0x00, 0x0F, 0x87, 0xE0, 0x00, 0x70, 0x00, 0x0F, 0x81, 0xF8, 0x00, 0x78,
  0x00, 0x07, 0xC0, 0xFC, 0x00, 0x38, 0x00, 0x03, 0xC0, 0x7E, 0x00, 0x38,
  0x00, 0x01, 0xE0, 0x3F, 0x00, 0x1C, 0x00, 0x00, 0x60, 0x1F, 0x80, 0x1C,
  0x00, 0x00, 0x00, 0x0F, 0x80, 0x0E, 0x00, 0x00, 0x00, 0x0F, 0xC0, 0x0E,
  0x00, 0x00, 0x00, 0xFF, 0x80, 0x07, 0x00, 0x00, 0x00, 0x7F, 0xC0, 0x07,
  0x00, 0x00, 0x00, 0x01, 0xFC, 0x03, 0x83, 0x80, 0x00, 0x00, 0x7F, 0x03,
  0x83, 0xE0, 0x00, 0x00, 0x3F, 0x81, 0xC1, 0xF8, 0x00, 0x60, 0x1F, 0xC1,
  0xC1, 0xFC, 0x00, 0xF8, 0x0F, 0xE0, 0xE0, 0xFE, 0x00, 0x7C, 0x07, 0xF0,
  0xE0, 0xFE, 0x00, 0x3C, 0x03, 0xF8, 0x70, 0x7E, 0x00, 0x1E, 0x01, 0xFC,
  0x70, 0x7F, 0x00, 0x0F, 0x01, 0xFC, 0x38, 0x3F, 0x00, 0x03, 0xE1, 0xF8,
  0x38, 0x3F, 0x00, 0x80, 0x7F, 0xF0, 0x1C, 0x1F, 0x87, 0xC0, 0x00, 0x00,
  0x1C, 0x0F, 0x83, 0xE0, 0x00, 0x00, 0x1E, 0x0F, 0x81, 0xF0, 0x00, 0x00,
  0x0E, 0x07, 0xC0, 0xF8, 0x00, 0x00, 0x0F, 0x07, 0xC0, 0x7C, 0x00, 0x00,
  0x07, 0x03, 0xC0, 0x3E, 0x00, 0x00, 0x07, 0x83, 0xFF, 0xFF, 0xF8, 0x00,
  0x03, 0x81, 0xFF, 0xFF, 0xF8, 0x00, 0x03, 0xC0, 0xFF, 0xFF, 0xFC, 0x00,
  0x01, 0xC0, 0x00, 0x03, 0xE0, 0x00, 0x01, 0xE0, 0x00, 0x01, 0xF0, 0x00,
  0x00, 0xE0, 0x00, 0x00, 0xF8, 0x00, 0x00, 0xF0, 0x00, 0x00, 0x7C, 0x00,
  0x00, 0x3C, 0x00, 0x03, 0xF8, 0x00, 0x0F, 0xF0, 0x00, 0x7F, 0xC0, 0x01,
  0xFF, 0x00, 0x07, 0xFC, 0x00, 0x0F, 0xF0, 0x00, 0x1F, 0x80, 0x00, 0x18,
  0x00, 0x00, 0x00, 0x00, 0x00, 0x00, 0x00, 0x0E, 0x00, 0x00, 0x38, 0x00,
  0x00, 0xE0, 0x00, 0x07, 0x80, 0x00, 0x1E, 0x00, 0x00, 0xF8, 0x00, 0x07,
  0xC0, 0x00, 0x3F, 0x00, 0x01, 0xF8, 0x00, 0x1F, 0xC0, 0x00, 0xFE, 0x00,
  0x03, 0xF0, 0x00, 0x1F, 0xC0, 0x00, 0xFE, 0x00, 0x33, 0xF8, 0x03, 0xEF,
  0xE0, 0x0F, 0xFF, 0x80, 0x3F, 0xFE, 0x00, 0xFF, 0xF8, 0x03, 0xF7, 0xF0,
  0x0F, 0x9F, 0xC0, 0x3C, 0x3F, 0x81, 0xE0, 0x7F, 0xFF, 0x00, 0x7F, 0xF0,
  0x00, 0x00, 0x3E, 0x00, 0x00, 0x00, 0x03, 0xE0, 0x00, 0x00, 0x00, 0x3F,
  0x00, 0x00, 0x00, 0x03, 0xF8, 0x00, 0x00, 0x00, 0x1F, 0x80, 0x00, 0x00,
  0x00, 0xFC, 0x00, 0x00, 0x00, 0x03, 0xE0, 0x00, 0x00, 0x00, 0x0F, 0x00,
  0x00, 0x00, 0x00, 0x78, 0x00, 0x00, 0x00, 0x03, 0x00, 0x00, 0x00, 0x00,
  0x00, 0x00, 0x00, 0x00, 0x00, 0x00, 0x00, 0x00, 0x00, 0x00, 0x00, 0x00,
  0x00, 0x1F, 0x80, 0x00, 0x00, 0x03, 0xF8, 0x00, 0x00, 0x00, 0x3F, 0x80,
  0x00, 0x00, 0x03, 0xFC, 0x00, 0x00, 0x00, 0x7F, 0xC0, 0x00, 0x00, 0x07,
  0xFE, 0x00, 0x00, 0x00, 0x7F, 0xE0, 0x00, 0x00, 0x0E, 0xFE, 0x00, 0x00,
  0x00, 0xE7, 0xF0, 0x00, 0x00, 0x1C, 0x7F, 0x00, 0x00, 0x01, 0xC7, 0xF0,
  0x00, 0x00, 0x1C, 0x3F, 0x80, 0x00, 0x03, 0x83, 0xF8, 0x00, 0x00, 0x38,
  0x3F, 0xC0, 0x00, 0x03, 0x83, 0xFC, 0x00, 0x00, 0x70, 0x1F, 0xC0, 0x00,
  0x07, 0x01, 0xFE, 0x00, 0x00, 0xE0, 0x1F, 0xE0, 0x00, 0x0E, 0x00, 0xFE,
  0x00, 0x00, 0xE0, 0x0F, 0xF0, 0x00, 0x1F, 0xFF, 0xFF, 0x00, 0x01, 0xFF,
  0xFF, 0xF0, 0x00, 0x1C, 0x00, 0x7F, 0x80, 0x03, 0x80, 0x07, 0xF8, 0x00,
  0x38, 0x00, 0x3F, 0xC0, 0x07, 0x80, 0x03, 0xFC, 0x00, 0x70, 0x00, 0x3F,
  0xC0, 0x07, 0x00, 0x01, 0xFE, 0x00, 0xE0, 0x00, 0x1F, 0xE0, 0x0E, 0x00,
  0x01, 0xFE, 0x01, 0xE0, 0x00, 0x0F, 0xF0, 0xFF, 0xE0, 0x0F, 0xFF, 0xFF,
  0xFE, 0x00, 0xFF, 0xFF, 0x00, 0x00, 0x1E, 0x00, 0x00, 0x00, 0x03, 0xF0,
  0x00, 0x00, 0x00, 0x7F, 0x00, 0x00, 0x00, 0x07, 0xE0, 0x00, 0x00, 0x00,
  0xFE, 0x00, 0x00, 0x00, 0x1F, 0x80, 0x00, 0x00, 0x03, 0xE0, 0x00, 0x00,
  0x00, 0x3C, 0x00, 0x00, 0x00, 0x07, 0x00, 0x00, 0x00, 0x00, 0x60, 0x00,
  0x00, 0x00, 0x00, 0x00, 0x00, 0x00, 0x00, 0x00, 0x00, 0x00, 0x00, 0x00,
  0x00, 0x00, 0x00, 0x00, 0x1F, 0x80, 0x00, 0x00, 0x03, 0xF8, 0x00, 0x00,
  0x00, 0x3F, 0x80, 0x00, 0x00, 0x03, 0xFC, 0x00, 0x00, 0x00, 0x7F, 0xC0,
  0x00, 0x00, 0x07, 0xFE, 0x00, 0x00, 0x00, 0x7F, 0xE0, 0x00, 0x00, 0x0E,
  0xFE, 0x00, 0x00, 0x00, 0xE7, 0xF0, 0x00, 0x00, 0x1C, 0x7F, 0x00, 0x00,
  0x01, 0xC7, 0xF0, 0x00, 0x00, 0x1C, 0x3F, 0x80, 0x00, 0x03, 0x83, 0xF8,
  0x00, 0x00, 0x38, 0x3F, 0xC0, 0x00, 0x03, 0x83, 0xFC, 0x00, 0x00, 0x70,
  0x1F, 0xC0, 0x00, 0x07, 0x01, 0xFE, 0x00, 0x00, 0xE0, 0x1F, 0xE0, 0x00,
  0x0E, 0x00, 0xFE, 0x00, 0x00, 0xE0, 0x0F, 0xF0, 0x00, 0x1F, 0xFF, 0xFF,
  0x00, 0x01, 0xFF, 0xFF, 0xF0, 0x00, 0x1C, 0x00, 0x7F, 0x80, 0x03, 0x80,
  0x07, 0xF8, 0x00, 0x38, 0x00, 0x3F, 0xC0, 0x07, 0x80, 0x03, 0xFC, 0x00,
  0x70, 0x00, 0x3F, 0xC0, 0x07, 0x00, 0x01, 0xFE, 0x00, 0xE0, 0x00, 0x1F,
  0xE0, 0x0E, 0x00, 0x01, 0xFE, 0x01, 0xE0, 0x00, 0x0F, 0xF0, 0xFF, 0xE0,
  0x0F, 0xFF, 0xFF, 0xFE, 0x00, 0xFF, 0xFF, 0x00, 0x01, 0xF0, 0x00, 0x00,
  0x00, 0x1F, 0x80, 0x00, 0x00, 0x03, 0xFC, 0x00, 0x00, 0x00, 0x7F, 0xE0,
  0x00, 0x00, 0x07, 0xFE, 0x00, 0x00, 0x00, 0xF9, 0xF0, 0x00, 0x00, 0x1F,
  0x07, 0x80, 0x00, 0x03, 0xC0, 0x3C, 0x00, 0x00, 0x38, 0x01, 0xC0, 0x00,
  0x00, 0x00, 0x00, 0x00, 0x00, 0x00, 0x00, 0x00, 0x00, 0x00, 0x00, 0x00,
  0x00, 0x00, 0x01, 0xF8, 0x00, 0x00, 0x00, 0x3F, 0x80, 0x00, 0x00, 0x03,
  0xF8, 0x00, 0x00, 0x00, 0x3F, 0xC0, 0x00, 0x00, 0x07, 0xFC, 0x00, 0x00,
  0x00, 0x7F, 0xE0, 0x00, 0x00, 0x07, 0xFE, 0x00, 0x00, 0x00, 0xEF, 0xE0,
  0x00, 0x00, 0x0E, 0x7F, 0x00, 0x00, 0x01, 0xC7, 0xF0, 0x00, 0x00, 0x1C,
  0x7F, 0x00, 0x00, 0x01, 0xC3, 0xF8, 0x00, 0x00, 0x38, 0x3F, 0x80, 0x00,
  0x03, 0x83, 0xFC, 0x00, 0x00, 0x38, 0x3F, 0xC0, 0x00, 0x07, 0x01, 0xFC,
  0x00, 0x00, 0x70, 0x1F, 0xE0, 0x00, 0x0E, 0x01, 0xFE, 0x00, 0x00, 0xE0,
  0x0F, 0xE0, 0x00, 0x0E, 0x00, 0xFF, 0x00, 0x01, 0xFF, 0xFF, 0xF0, 0x00,
  0x1F, 0xFF, 0xFF, 0x00, 0x01, 0xC0, 0x07, 0xF8, 0x00, 0x38, 0x00, 0x7F,
  0x80, 0x03, 0x80, 0x03, 0xFC, 0x00, 0x78, 0x00, 0x3F, 0xC0, 0x07, 0x00,
  0x03, 0xFC, 0x00, 0x70, 0x00, 0x1F, 0xE0, 0x0E, 0x00, 0x01, 0xFE, 0x00,
  0xE0, 0x00, 0x1F, 0xE0, 0x1E, 0x00, 0x00, 0xFF, 0x0F, 0xFE, 0x00, 0xFF,
  0xFF, 0xFF, 0xE0, 0x0F, 0xFF, 0xF0, 0x00, 0x0F, 0x80, 0x00, 0x00, 0x01,
  0xFC, 0x06, 0x00, 0x00, 0x3F, 0xF0, 0xE0, 0x00, 0x07, 0xFF, 0xFE, 0x00,
  0x00, 0x79, 0xFF, 0xC0, 0x00, 0x06, 0x07, 0xFC, 0x00, 0x00, 0x00, 0x1F,
  0x00, 0x00, 0x00, 0x00, 0x00, 0x00, 0x00, 0x00, 0x00, 0x00, 0x00, 0x00,
  0x00, 0x00, 0x00, 0x00, 0x00, 0x00, 0x00, 0x00, 0x00, 0x1F, 0x80, 0x00,
  0x00, 0x03, 0xF8, 0x00, 0x00, 0x00, 0x3F, 0x80, 0x00, 0x00, 0x03, 0xFC,
  0x00, 0x00, 0x00, 0x7F, 0xC0, 0x00, 0x00, 0x07, 0xFE, 0x00, 0x00, 0x00,
  0x7F, 0xE0, 0x00, 0x00, 0x0E, 0xFE, 0x00, 0x00, 0x00, 0xE7, 0xF0, 0x00,
  0x00, 0x1C, 0x7F, 0x00, 0x00, 0x01, 0xC7, 0xF0, 0x00, 0x00, 0x1C, 0x3F,
  0x80, 0x00, 0x03, 0x83, 0xF8, 0x00, 0x00, 0x38, 0x3F, 0xC0, 0x00, 0x03,
  0x83, 0xFC, 0x00, 0x00, 0x70, 0x1F, 0xC0, 0x00, 0x07, 0x01, 0xFE, 0x00,
  0x00, 0xE0, 0x1F, 0xE0, 0x00, 0x0E, 0x00, 0xFE, 0x00, 0x00, 0xE0, 0x0F,
  0xF0, 0x00, 0x1F, 0xFF, 0xFF, 0x00, 0x01, 0xFF, 0xFF, 0xF0, 0x00, 0x1C,
  0x00, 0x7F, 0x80, 0x03, 0x80, 0x07, 0xF8, 0x00, 0x38, 0x00, 0x3F, 0xC0,
  0x07, 0x80, 0x03, 0xFC, 0x00, 0x70, 0x00, 0x3F, 0xC0, 0x07, 0x00, 0x01,
  0xFE, 0x00, 0xE0, 0x00, 0x1F, 0xE0, 0x0E, 0x00, 0x01, 0xFE, 0x01, 0xE0,
  0x00, 0x0F, 0xF0, 0xFF, 0xE0, 0x0F, 0xFF, 0xFF, 0xFE, 0x00, 0xFF, 0xFF,
  0x00, 0x08, 0x01, 0x00, 0x00, 0x03, 0xE0, 0x7C, 0x00, 0x00, 0x7F, 0x0F,
  0xE0, 0x00, 0x07, 0xF0, 0xFE, 0x00, 0x00, 0x7F, 0x0F, 0xE0, 0x00, 0x07,
  0xF0, 0xFE, 0x00, 0x00, 0x7F, 0x0F, 0xE0, 0x00, 0x03, 0xE0, 0xFC, 0x00,
  0x00, 0x1C, 0x03, 0x80, 0x00, 0x00, 0x00, 0x00, 0x00, 0x00, 0x00, 0x00,
  0x00, 0x00, 0x00, 0x00, 0x00, 0x00, 0x00, 0x00, 0x00, 0x00, 0x00, 0x00,
  0x1F, 0x80, 0x00, 0x00, 0x03, 0xF8, 0x00, 0x00, 0x00, 0x3F, 0x80, 0x00,
  0x00, 0x03, 0xFC, 0x00, 0x00, 0x00, 0x7F, 0xC0, 0x00, 0x00, 0x07, 0xFE,
  0x00, 0x00, 0x00, 0x7F, 0xE0, 0x00, 0x00, 0x0E, 0xFE, 0x00, 0x00, 0x00,
  0xE7, 0xF0, 0x00, 0x00, 0x1C, 0x7F, 0x00, 0x00, 0x01, 0xC7, 0xF0, 0x00,
  0x00, 0x1C, 0x3F, 0x80, 0x00, 0x03, 0x83, 0xF8, 0x00, 0x00, 0x38, 0x3F,
  0xC0, 0x00, 0x03, 0x83, 0xFC, 0x00, 0x00, 0x70, 0x1F, 0xC0, 0x00, 0x07,
  0x01, 0xFE, 0x00, 0x00, 0xE0, 0x1F, 0xE0, 0x00, 0x0E, 0x00, 0xFE, 0x00,
  0x00, 0xE0, 0x0F, 0xF0, 0x00, 0x1F, 0xFF, 0xFF, 0x00, 0x01, 0xFF, 0xFF,
  0xF0, 0x00, 0x1C, 0x00, 0x7F, 0x80, 0x03, 0x80, 0x07, 0xF8, 0x00, 0x38,
  0x00, 0x3F, 0xC0, 0x07, 0x80, 0x03, 0xFC, 0x00, 0x70, 0x00, 0x3F, 0xC0,
  0x07, 0x00, 0x01, 0xFE, 0x00, 0xE0, 0x00, 0x1F, 0xE0, 0x0E, 0x00, 0x01,
  0xFE, 0x01, 0xE0, 0x00, 0x0F, 0xF0, 0xFF, 0xE0, 0x0F, 0xFF, 0xFF, 0xFE,
  0x00, 0xFF, 0xFF, 0x00, 0x00, 0xE0, 0x00, 0x00, 0x00, 0x7F, 0x80, 0x00,
  0x00, 0x0F, 0xFC, 0x00, 0x00, 0x01, 0xFF, 0xE0, 0x00, 0x00, 0x3E, 0x1F,
  0x00, 0x00, 0x03, 0xC0, 0xF0, 0x00, 0x00, 0x3C, 0x0F, 0x00, 0x00, 0x03,
  0xC0, 0xF0, 0x00, 0x00, 0x3C, 0x0F, 0x00, 0x00, 0x03, 0xE1, 0xF0, 0x00,
  0x00, 0x1F, 0xFE, 0x00, 0x00, 0x00, 0xFF, 0xC0, 0x00, 0x00, 0x07, 0xF8,
  0x00, 0x00, 0x00, 0x1F, 0x80, 0x00, 0x00, 0x03, 0xF8, 0x00, 0x00, 0x00,
  0x3F, 0x80, 0x00, 0x00, 0x03, 0xFC, 0x00, 0x00, 0x00, 0x7F, 0xC0, 0x00,
  0x00, 0x07, 0xFE, 0x00, 0x00, 0x00, 0x7F, 0xE0, 0x00, 0x00, 0x0E, 0xFE,
  0x00, 0x00, 0x00, 0xE7, 0xF0, 0x00, 0x00, 0x1C, 0x7F, 0x00, 0x00, 0x01,
  0xC7, 0xF0, 0x00, 0x00, 0x1C, 0x3F, 0x80, 0x00, 0x03, 0x83, 0xF8, 0x00,
  0x00, 0x38, 0x3F, 0xC0, 0x00, 0x03, 0x83, 0xFC, 0x00, 0x00, 0x70, 0x1F,
  0xC0, 0x00, 0x07, 0x01, 0xFE, 0x00, 0x00, 0xE0, 0x1F, 0xE0, 0x00, 0x0E,
  0x00, 0xFE, 0x00, 0x00, 0xE0, 0x0F, 0xF0, 0x00, 0x1F, 0xFF, 0xFF, 0x00,
  0x01, 0xFF, 0xFF, 0xF0, 0x00, 0x1C, 0x00, 0x7F, 0x80, 0x03, 0x80, 0x07,
  0xF8, 0x00, 0x38, 0x00, 0x3F, 0xC0, 0x07, 0x80, 0x03, 0xFC, 0x00, 0x70,
  0x00, 0x3F, 0xC0, 0x07, 0x00, 0x01, 0xFE, 0x00, 0xE0, 0x00, 0x1F, 0xE0,
  0x0E, 0x00, 0x01, 0xFE, 0x01, 0xE0, 0x00, 0x0F, 0xF0, 0xFF, 0xE0, 0x0F,
  0xFF, 0xFF, 0xFE, 0x00, 0xFF, 0xFF, 0x00, 0x03, 0xFF, 0xFF, 0xFF, 0xFF,
  0x00, 0x00, 0xFF, 0xFF, 0xFF, 0xFF, 0xE0, 0x00, 0x0F, 0xFF, 0xFF, 0xFF,
  0xFC, 0x00, 0x00, 0x0E, 0x7F, 0xC0, 0x07, 0x80, 0x00, 0x01, 0x87, 0xF8,
  0x00, 0x78, 0x00, 0x00, 0x70, 0xFF, 0x00, 0x0F, 0x00, 0x00, 0x0C, 0x1F,
  0xE0, 0x00, 0xE0, 0x00, 0x03, 0x83, 0xFC, 0x00, 0x1C, 0x00, 0x00, 0x60,
  0x7F, 0x80, 0x01, 0x80, 0x00, 0x1C, 0x0F, 0xF0, 0x00, 0x00, 0x00, 0x03,
  0x01, 0xFE, 0x00, 0x80, 0x00, 0x00, 0xE0, 0x3F, 0xC0, 0x30, 0x00, 0x00,
  0x38, 0x07, 0xF8, 0x06, 0x00, 0x00, 0x07, 0x00, 0xFF, 0x00, 0xC0, 0x00,
  0x01, 0xC0, 0x1F, 0xE0, 0x38, 0x00, 0x00, 0x38, 0x03, 0xFF, 0xFF, 0x00,
  0x00, 0x0E, 0x00, 0x7F, 0xFF, 0xE0, 0x00, 0x01, 0xC0, 0x0F, 0xF0, 0x3C,
  0x00, 0x00, 0x7F, 0xFF, 0xFE, 0x03, 0x80, 0x00, 0x0F, 0xFF, 0xFF, 0xC0,
  0x30, 0x00, 0x03, 0x80, 0x07, 0xF8, 0x06, 0x00, 0x00, 0x70, 0x00, 0xFF,
  0x00, 0xC0, 0x00, 0x1C, 0x00, 0x1F, 0xE0, 0x00, 0x00, 0x03, 0x80, 0x03,
  0xFC, 0x00, 0x00, 0x00, 0xE0, 0x00, 0x7F, 0x80, 0x00, 0xE0, 0x1C, 0x00,
  0x0F, 0xF0, 0x00, 0x1C, 0x07, 0x00, 0x01, 0xFE, 0x00, 0x07, 0x81, 0xE0,
  0x00, 0x3F, 0xC0, 0x00, 0xF0, 0x38, 0x00, 0x07, 0xF8, 0x00, 0x1E, 0x0F,
  0x00, 0x00, 0xFF, 0x00, 0x07, 0xC3, 0xE0, 0x00, 0x3F, 0xF0, 0x01, 0xFF,
  0xFF, 0xE0, 0x3F, 0xFF, 0xFF, 0xFF, 0x7F, 0xF8, 0x07, 0xFF, 0xFF, 0xFF,
  0xE0, 0x00, 0x0F, 0xFF, 0x80, 0x01, 0xFF, 0xFF, 0x80, 0x3F, 0x81, 0xFE,
  0x07, 0xF0, 0x03, 0xF0, 0x7F, 0x00, 0x0F, 0x87, 0xF0, 0x00, 0x7C, 0x7F,
  0x00, 0x01, 0xE7, 0xF8, 0x00, 0x0F, 0x3F, 0xC0, 0x00, 0x7B, 0xFC, 0x00,
  0x01, 0xDF, 0xE0, 0x00, 0x01, 0xFF, 0x00, 0x00, 0x0F, 0xF8, 0x00, 0x00,
  0x7F, 0xC0, 0x00, 0x03, 0xFE, 0x00, 0x00, 0x1F, 0xF0, 0x00, 0x00, 0xFF,
  0x80, 0x00, 0x07, 0xFC, 0x00, 0x00, 0x3F, 0xE0, 0x00, 0x01, 0xFF, 0x00,
  0x00, 0x0F, 0xF8, 0x00, 0x00, 0x7F, 0xC0, 0x00, 0x03, 0xFE, 0x00, 0x00,
  0x0F, 0xF0, 0x00, 0x07, 0x7F, 0xC0, 0x00, 0x39, 0xFE, 0x00, 0x01, 0xCF,
  0xF8, 0x00, 0x1E, 0x3F, 0xC0, 0x00, 0xF0, 0xFF, 0x00, 0x0F, 0x83, 0xFC,
  0x00, 0xFC, 0x0F, 0xF0, 0x0F, 0xE0, 0x1F, 0xFF, 0xFC, 0x00, 0x3F, 0xFF,
  0x80, 0x00, 0x0F, 0xC0, 0x00, 0x00, 0x70, 0x00, 0x00, 0x07, 0xC0, 0x00,
  0x00, 0x3F, 0x80, 0x00, 0x00, 0x7E, 0x00, 0x00, 0x00, 0xF8, 0x00, 0x00,
  0x07, 0xC0, 0x00, 0x00, 0x3E, 0x00, 0x00, 0x77, 0xF0, 0x00, 0x07, 0xFF,
  0x00, 0x00, 0x1F, 0xF0, 0x00, 0x00, 0x7C, 0x00, 0x00, 0x01, 0xF0, 0x00,
  0x00, 0x07, 0xE0, 0x00, 0x00, 0x1F, 0xC0, 0x00, 0x00, 0x3F, 0x00, 0x00,
  0x00, 0x7E, 0x00, 0x00, 0x00, 0x7C, 0x00, 0x00, 0x00, 0x78, 0x00, 0x00,
  0x00, 0xF0, 0x00, 0x00, 0x01, 0x80, 0x00, 0x00, 0x00, 0x00, 0x00, 0x00,
  0x00, 0x00, 0x00, 0x00, 0x00, 0x01, 0xFF, 0xFF, 0xFF, 0xCF, 0xFF, 0xFF,
  0xFF, 0x1F, 0xFF, 0xFF, 0xFC, 0x0F, 0xF0, 0x01, 0xF0, 0x1F, 0xC0, 0x03,
  0xC0, 0x7F, 0x00, 0x07, 0x01, 0xFC, 0x00, 0x1C, 0x07, 0xF0, 0x00, 0x38,
  0x1F, 0xC0, 0x00, 0xC0, 0x7F, 0x00, 0x00, 0x01, 0xFC, 0x01, 0x00, 0x07,
  0xF0, 0x06, 0x00, 0x1F, 0xC0, 0x38, 0x00, 0x7F, 0x00, 0xE0, 0x01, 0xFC,
  0x07, 0x80, 0x07, 0xFF, 0xFE, 0x00, 0x1F, 0xFF, 0xF8, 0x00, 0x7F, 0x01,
  0xE0, 0x01, 0xFC, 0x03, 0x80, 0x07, 0xF0, 0x0E, 0x00, 0x1F, 0xC0, 0x38,
  0x00, 0x7F, 0x00, 0x60, 0x01, 0xFC, 0x00, 0x00, 0x07, 0xF0, 0x00, 0x00,
  0x1F, 0xC0, 0x00, 0x70, 0x7F, 0x00, 0x01, 0xC1, 0xFC, 0x00, 0x0F, 0x07,
  0xF0, 0x00, 0x3C, 0x1F, 0xC0, 0x01, 0xF0, 0x7F, 0x00, 0x0F, 0xC3, 0xFF,
  0x00, 0xFF, 0x7F, 0xFF, 0xFF, 0xFD, 0xFF, 0xFF, 0xFF, 0xE0, 0x00, 0x00,
  0x78, 0x00, 0x00, 0x03, 0xF0, 0x00, 0x00, 0x1F, 0xC0, 0x00, 0x00, 0x7E,
  0x00, 0x00, 0x03, 0xF8, 0x00, 0x00, 0x1F, 0x80, 0x00, 0x00, 0xF8, 0x00,
  0x00, 0x03, 0xC0, 0x00, 0x00, 0x1C, 0x00, 0x00, 0x00, 0x60, 0x00, 0x00,
  0x00, 0x00, 0x00, 0x00, 0x00, 0x00, 0x00, 0x00, 0x00, 0x00, 0x01, 0xFF,
  0xFF, 0xFF, 0xCF, 0xFF, 0xFF, 0xFF, 0x1F, 0xFF, 0xFF, 0xFC, 0x0F, 0xF0,
  0x01, 0xF0, 0x1F, 0xC0, 0x03, 0xC0, 0x7F, 0x00, 0x07, 0x01, 0xFC, 0x00,
  0x1C, 0x07, 0xF0, 0x00, 0x38, 0x1F, 0xC0, 0x00, 0xC0, 0x7F, 0x00, 0x00,
  0x01, 0xFC, 0x01, 0x00, 0x07, 0xF0, 0x06, 0x00, 0x1F, 0xC0, 0x38, 0x00,
  0x7F, 0x00, 0xE0, 0x01, 0xFC, 0x07, 0x80, 0x07, 0xFF, 0xFE, 0x00, 0x1F,
  0xFF, 0xF8, 0x00, 0x7F, 0x01, 0xE0, 0x01, 0xFC, 0x03, 0x80, 0x07, 0xF0,
  0x0E, 0x00, 0x1F, 0xC0, 0x38, 0x00, 0x7F, 0x00, 0x60, 0x01, 0xFC, 0x00,
  0x00, 0x07, 0xF0, 0x00, 0x00, 0x1F, 0xC0, 0x00, 0x70, 0x7F, 0x00, 0x01,
  0xC1, 0xFC, 0x00, 0x0F, 0x07, 0xF0, 0x00, 0x3C, 0x1F, 0xC0, 0x01, 0xF0,
  0x7F, 0x00, 0x0F, 0xC3, 0xFF, 0x00, 0xFF, 0x7F, 0xFF, 0xFF, 0xFD, 0xFF,
  0xFF, 0xFF, 0xE0, 0x00, 0x07, 0xC0, 0x00, 0x00, 0x1F, 0x80, 0x00, 0x00,
  0xFF, 0x00, 0x00, 0x07, 0xFE, 0x00, 0x00, 0x1F, 0xF8, 0x00, 0x00, 0xF9,
  0xF0, 0x00, 0x07, 0xC1, 0xE0, 0x00, 0x3C, 0x03, 0xC0, 0x00, 0xE0, 0x07,
  0x00, 0x00, 0x00, 0x00, 0x00, 0x00, 0x00, 0x00, 0x00, 0x00, 0x00, 0x00,
  0x7F, 0xFF, 0xFF, 0xF3, 0xFF, 0xFF, 0xFF, 0xC7, 0xFF, 0xFF, 0xFF, 0x03,
  0xFC, 0x00, 0x7C, 0x07, 0xF0, 0x00, 0xF0, 0x1F, 0xC0, 0x01, 0xC0, 0x7F,
  0x00, 0x07, 0x01, 0xFC, 0x00, 0x0E, 0x07, 0xF0, 0x00, 0x30, 0x1F, 0xC0,
  0x00, 0x00, 0x7F, 0x00, 0x40, 0x01, 0xFC, 0x01, 0x80, 0x07, 0xF0, 0x0E,
  0x00, 0x1F, 0xC0, 0x38, 0x00, 0x7F, 0x01, 0xE0, 0x01, 0xFF, 0xFF, 0x80,
  0x07, 0xFF, 0xFE, 0x00, 0x1F, 0xC0, 0x78, 0x00, 0x7F, 0x00, 0xE0, 0x01,
  0xFC, 0x03, 0x80, 0x07, 0xF0, 0x0E, 0x00, 0x1F, 0xC0, 0x18, 0x00, 0x7F,
  0x00, 0x00, 0x01, 0xFC, 0x00, 0x00, 0x07, 0xF0, 0x00, 0x1C, 0x1F, 0xC0,
  0x00, 0x70, 0x7F, 0x00, 0x03, 0xC1, 0xFC, 0x00, 0x0F, 0x07, 0xF0, 0x00,
  0x7C, 0x1F, 0xC0, 0x03, 0xF0, 0xFF, 0xC0, 0x3F, 0xDF, 0xFF, 0xFF, 0xFF,
  0x7F, 0xFF, 0xFF, 0xF8, 0x00, 0x20, 0x04, 0x00, 0x03, 0xE0, 0x7C, 0x00,
  0x1F, 0xC3, 0xF8, 0x00, 0x7F, 0x0F, 0xE0, 0x01, 0xFC, 0x3F, 0x80, 0x07,
  0xF0, 0xFE, 0x00, 0x1F, 0xC3, 0xF8, 0x00, 0x3E, 0x0F, 0xC0, 0x00, 0x70,
  0x0E, 0x00, 0x00, 0x00, 0x00, 0x00, 0x00, 0x00, 0x00, 0x00, 0x00, 0x00,
  0x00, 0x00, 0x00, 0x00, 0x01, 0xFF, 0xFF, 0xFF, 0xCF, 0xFF, 0xFF, 0xFF,
  0x1F, 0xFF, 0xFF, 0xFC, 0x0F, 0xF0, 0x01, 0xF0, 0x1F, 0xC0, 0x03, 0xC0,
  0x7F, 0x00, 0x07, 0x01, 0xFC, 0x00, 0x1C, 0x07, 0xF0, 0x00, 0x38, 0x1F,
  0xC0, 0x00, 0xC0, 0x7F, 0x00, 0x00, 0x01, 0xFC, 0x01, 0x00, 0x07, 0xF0,
  0x06, 0x00, 0x1F, 0xC0, 0x38, 0x00, 0x7F, 0x00, 0xE0, 0x01, 0xFC, 0x07,
  0x80, 0x07, 0xFF, 0xFE, 0x00, 0x1F, 0xFF, 0xF8, 0x00, 0x7F, 0x01, 0xE0,
  0x01, 0xFC, 0x03, 0x80, 0x07, 0xF0, 0x0E, 0x00, 0x1F, 0xC0, 0x38, 0x00,
  0x7F, 0x00, 0x60, 0x01, 0xFC, 0x00, 0x00, 0x07, 0xF0, 0x00, 0x00, 0x1F,
  0xC0, 0x00, 0x70, 0x7F, 0x00, 0x01, 0xC1, 0xFC, 0x00, 0x0F, 0x07, 0xF0,
  0x00, 0x3C, 0x1F, 0xC0, 0x01, 0xF0, 0x7F, 0x00, 0x0F, 0xC3, 0xFF, 0x00,
  0xFF, 0x7F, 0xFF, 0xFF, 0xFD, 0xFF, 0xFF, 0xFF, 0xE0, 0x7C, 0x00, 0x3E,
  0x00, 0x1F, 0x80, 0x0F, 0xE0, 0x03, 0xF0, 0x00, 0xFC, 0x00, 0x1F, 0x00,
  0x03, 0xC0, 0x00, 0xF0, 0x00, 0x30, 0x00, 0x00, 0x00, 0x00, 0x00, 0x00,
  0x03, 0xFF, 0xFB, 0xFF, 0xFC, 0xFF, 0xFC, 0x0F, 0xF0, 0x03, 0xF8, 0x01,
  0xFC, 0x00, 0xFE, 0x00, 0x7F, 0x00, 0x3F, 0x80, 0x1F, 0xC0, 0x0F, 0xE0,
  0x07, 0xF0, 0x03, 0xF8, 0x01, 0xFC, 0x00, 0xFE, 0x00, 0x7F, 0x00, 0x3F,
  0x80, 0x1F, 0xC0, 0x0F, 0xE0, 0x07, 0xF0, 0x03, 0xF8, 0x01, 0xFC, 0x00,
  0xFE, 0x00, 0x7F, 0x00, 0x3F, 0x80, 0x1F, 0xC0, 0x0F, 0xE0, 0x07, 0xF0,
  0x03, 0xF8, 0x01, 0xFC, 0x01, 0xFF, 0x07, 0xFF, 0xFB, 0xFF, 0xF8, 0x00,
  0x3C, 0x00, 0x3F, 0x00, 0x3F, 0x80, 0x1F, 0x80, 0x1F, 0xC0, 0x1F, 0x80,
  0x1F, 0x00, 0x0F, 0x00, 0x0E, 0x00, 0x06, 0x00, 0x00, 0x00, 0x00, 0x00,
  0x00, 0x00, 0x03, 0xFF, 0xFB, 0xFF, 0xFC, 0xFF, 0xFC, 0x0F, 0xF0, 0x03,
  0xF8, 0x01, 0xFC, 0x00, 0xFE, 0x00, 0x7F, 0x00, 0x3F, 0x80, 0x1F, 0xC0,
  0x0F, 0xE0, 0x07, 0xF0, 0x03, 0xF8, 0x01, 0xFC, 0x00, 0xFE, 0x00, 0x7F,
  0x00, 0x3F, 0x80, 0x1F, 0xC0, 0x0F, 0xE0, 0x07, 0xF0, 0x03, 0xF8, 0x01,
  0xFC, 0x00, 0xFE, 0x00, 0x7F, 0x00, 0x3F, 0x80, 0x1F, 0xC0, 0x0F, 0xE0,
  0x07, 0xF0, 0x03, 0xF8, 0x01, 0xFC, 0x01, 0xFF, 0x07, 0xFF, 0xFB, 0xFF,
  0xF8, 0x07, 0xC0, 0x03, 0xF0, 0x03, 0xFC, 0x03, 0xFF, 0x01, 0xFF, 0x81,
  0xF3, 0xE1, 0xF0, 0x79, 0xE0, 0x1E, 0xE0, 0x07, 0x00, 0x00, 0x00, 0x00,
  0x00, 0x00, 0x07, 0xFF, 0xF7, 0xFF, 0xF9, 0xFF, 0xF8, 0x1F, 0xE0, 0x07,
  0xF0, 0x03, 0xF8, 0x01, 0xFC, 0x00, 0xFE, 0x00, 0x7F, 0x00, 0x3F, 0x80,
  0x1F, 0xC0, 0x0F, 0xE0, 0x07, 0xF0, 0x03, 0xF8, 0x01, 0xFC, 0x00, 0xFE,
  0x00, 0x7F, 0x00, 0x3F, 0x80, 0x1F, 0xC0, 0x0F, 0xE0, 0x07, 0xF0, 0x03,
  0xF8, 0x01, 0xFC, 0x00, 0xFE, 0x00, 0x7F, 0x00, 0x3F, 0x80, 0x1F, 0xC0,
  0x0F, 0xE0, 0x07, 0xF0, 0x03, 0xF8, 0x03, 0xFE, 0x0F, 0xFF, 0xF7, 0xFF,
  0xF0, 0x10, 0x02, 0x1F, 0x03, 0xEF, 0xE1, 0xFF, 0xF8, 0x7F, 0xFE, 0x1F,
  0xFF, 0x87, 0xFF, 0xE1, 0xFD, 0xF0, 0x7E, 0x38, 0x07, 0x00, 0x00, 0x00,
  0x00, 0x00, 0x00, 0x00, 0x00, 0x00, 0x0F, 0xFF, 0xE7, 0xFF, 0xF8, 0xFF,
  0xFC, 0x07, 0xF8, 0x00, 0xFE, 0x00, 0x3F, 0x80, 0x0F, 0xE0, 0x03, 0xF8,
  0x00, 0xFE, 0x00, 0x3F, 0x80, 0x0F, 0xE0, 0x03, 0xF8, 0x00, 0xFE, 0x00,
  0x3F, 0x80, 0x0F, 0xE0, 0x03, 0xF8, 0x00, 0xFE, 0x00, 0x3F, 0x80, 0x0F,
  0xE0, 0x03, 0xF8, 0x00, 0xFE, 0x00, 0x3F, 0x80, 0x0F, 0xE0, 0x03, 0xF8,
  0x00, 0xFE, 0x00, 0x3F, 0x80, 0x0F, 0xE0, 0x03, 0xF8, 0x00, 0xFE, 0x00,
  0x3F, 0x80, 0x1F, 0xF0, 0x3F, 0xFF, 0xCF, 0xFF, 0xE0, 0xFF, 0xFF, 0x80,
  0x00, 0x1F, 0xFF, 0xFF, 0xE0, 0x01, 0xFF, 0xFF, 0xFF, 0x00, 0x07, 0xF8,
  0x03, 0xF8, 0x00, 0xFF, 0x00, 0x3F, 0xC0, 0x1F, 0xE0, 0x03, 0xFC, 0x03,
  0xFC, 0x00, 0x3F, 0xC0, 0x7F, 0x80, 0x03, 0xF8, 0x0F, 0xF0, 0x00, 0x7F,
  0x81, 0xFE, 0x00, 0x0F, 0xF0, 0x3F, 0xC0, 0x00, 0xFF, 0x07, 0xF8, 0x00,
  0x1F, 0xE0, 0xFF, 0x00, 0x03, 0xFE, 0x1F, 0xE0, 0x00, 0x7F, 0xC3, 0xFC,
  0x00, 0x0F, 0xFF, 0xFF, 0xFF, 0x01, 0xFF, 0xFF, 0xFF, 0xE0, 0x3F, 0xE1,
  0xFE, 0x00, 0x07, 0xFC, 0x3F, 0xC0, 0x00, 0xFF, 0x87, 0xF8, 0x00, 0x1F,
  0xF0, 0xFF, 0x00, 0x03, 0xFE, 0x1F, 0xE0, 0x00, 0x7F, 0x83, 0xFC, 0x00,
  0x0F, 0xF0, 0x7F, 0x80, 0x03, 0xFC, 0x0F, 0xF0, 0x00, 0x7F, 0x81, 0xFE,
  0x00, 0x0F, 0xE0, 0x3F, 0xC0, 0x01, 0xFC, 0x07, 0xF8, 0x00, 0x7F, 0x00,
  0xFF, 0x00, 0x1F, 0xC0, 0x1F, 0xE0, 0x07, 0xE0, 0x07, 0xFF, 0x0F, 0xF8,
  0x07, 0xFF, 0xFF, 0xFC, 0x00, 0xFF, 0xFF, 0xFC, 0x00, 0x00, 0x00, 0x07,
  0xC0, 0x00, 0x00, 0x00, 0x3F, 0x80, 0xC0, 0x00, 0x01, 0xFF, 0x87, 0x00,
  0x00, 0x0F, 0xFF, 0xFC, 0x00, 0x00, 0x3C, 0xFF, 0xE0, 0x00, 0x00, 0xC0,
  0xFF, 0x80, 0x00, 0x00, 0x00, 0xF8, 0x00, 0x00, 0x00, 0x00, 0x00, 0x00,
  0x00, 0x00, 0x00, 0x00, 0x00, 0x00, 0x00, 0x00, 0x00, 0x00, 0x00, 0x00,
  0x00, 0x00, 0x1F, 0xFC, 0x00, 0x0F, 0xFF, 0xFF, 0xF8, 0x00, 0x3F, 0xFD,
  0xFF, 0xF0, 0x00, 0x7F, 0xE1, 0xFF, 0xE0, 0x00, 0x3C, 0x01, 0xFF, 0x80,
  0x00, 0x60, 0x07, 0xFF, 0x00, 0x01, 0x80, 0x1F, 0xFE, 0x00, 0x06, 0x00,
  0x7F, 0xFC, 0x00, 0x18, 0x01, 0xDF, 0xF8, 0x00, 0x60, 0x07, 0x3F, 0xF0,
  0x01, 0x80, 0x1C, 0x7F, 0xC0, 0x06, 0x00, 0x71, 0xFF, 0x80, 0x18, 0x01,
  0xC3, 0xFF, 0x00, 0x60, 0x07, 0x07, 0xFE, 0x01, 0x80, 0x1C, 0x0F, 0xFC,
  0x06, 0x00, 0x70, 0x1F, 0xF8, 0x18, 0x01, 0xC0, 0x3F, 0xF0, 0x60, 0x07,
  0x00, 0x7F, 0xC1, 0x80, 0x1C, 0x01, 0xFF, 0x86, 0x00, 0x70, 0x03, 0xFF,
  0x18, 0x01, 0xC0, 0x07, 0xFE, 0x60, 0x07, 0x00, 0x0F, 0xFD, 0x80, 0x1C,
  0x00, 0x1F, 0xFE, 0x00, 0x70, 0x00, 0x3F, 0xF8, 0x01, 0xC0, 0x00, 0xFF,
  0xE0, 0x07, 0x00, 0x01, 0xFF, 0x80, 0x1C, 0x00, 0x03, 0xFE, 0x00, 0x70,
  0x00, 0x07, 0xF8, 0x01, 0xC0, 0x00, 0x0F, 0xE0, 0x07, 0x00, 0x00, 0x1F,
  0x80, 0x3F, 0x00, 0x00, 0x3E, 0x0F, 0xFF, 0xC0, 0x00, 0xFC, 0x3F, 0xFE,
  0x00, 0x01, 0xF0, 0x00, 0x00, 0x00, 0x03, 0x00, 0x00, 0x3E, 0x00, 0x00,
  0x00, 0x0F, 0x80, 0x00, 0x00, 0x03, 0xF0, 0x00, 0x00, 0x00, 0xFE, 0x00,
  0x00, 0x00, 0x1F, 0x80, 0x00, 0x00, 0x03, 0xF0, 0x00, 0x00, 0x00, 0x3E,
  0x00, 0x00, 0x00, 0x03, 0xC0, 0x00, 0x00, 0x00, 0x78, 0x00, 0x00, 0x00,
  0x0C, 0x00, 0x00, 0x00, 0x00, 0x00, 0x00, 0x00, 0x00, 0x00, 0x00, 0x00,
  0x00, 0x00, 0x00, 0x00, 0x03, 0xFF, 0x80, 0x00, 0x07, 0xFF, 0xF8, 0x00,
  0x07, 0xF0, 0x3F, 0x80, 0x03, 0xF8, 0x03, 0xF8, 0x01, 0xFC, 0x00, 0x7F,
  0x00, 0xFE, 0x00, 0x1F, 0xE0, 0x7F, 0x80, 0x03, 0xF8, 0x1F, 0xC0, 0x00,
  0xFF, 0x0F, 0xF0, 0x00, 0x1F, 0xE3, 0xFC, 0x00, 0x07, 0xF9, 0xFE, 0x00,
  0x01, 0xFE, 0x7F, 0x80, 0x00, 0x7F, 0xDF, 0xE0, 0x00, 0x1F, 0xFF, 0xF8,
  0x00, 0x07, 0xFF, 0xFE, 0x00, 0x01, 0xFF, 0xFF, 0x80, 0x00, 0x3F, 0xFF,
  0xE0, 0x00, 0x0F, 0xFF, 0xF8, 0x00, 0x03, 0xFF, 0xFE, 0x00, 0x01, 0xFF,
  0xFF, 0x80, 0x00, 0x7F, 0xDF, 0xE0, 0x00, 0x1F, 0xF7, 0xF8, 0x00, 0x07,
  0xFD, 0xFE, 0x00, 0x01, 0xFE, 0x7F, 0xC0, 0x00, 0x7F, 0x8F, 0xF0, 0x00,
  0x1F, 0xE3, 0xFC, 0x00, 0x0F, 0xF0, 0x7F, 0x00, 0x03, 0xFC, 0x0F, 0xE0,
  0x00, 0xFE, 0x01, 0xFC, 0x00, 0x7F, 0x00, 0x3F, 0x00, 0x3F, 0x80, 0x07,
  0xF0, 0x1F, 0xC0, 0x00, 0xFF, 0xFF, 0xC0, 0x00, 0x0F, 0xFF, 0xC0, 0x00,
  0x00, 0x1E, 0x00, 0x00, 0x00, 0x00, 0x1E, 0x00, 0x00, 0x00, 0x0F, 0xC0,
  0x00, 0x00, 0x07, 0xF0, 0x00, 0x00, 0x01, 0xF8, 0x00, 0x00, 0x00, 0xFE,
  0x00, 0x00, 0x00, 0x7E, 0x00, 0x00, 0x00, 0x3E, 0x00, 0x00, 0x00, 0x0F,
  0x00, 0x00, 0x00, 0x07, 0x00, 0x00, 0x00, 0x01, 0x80, 0x00, 0x00, 0x00,
  0x00, 0x00, 0x00, 0x00, 0x00, 0x00, 0x00, 0x00, 0x00, 0x00, 0x00, 0x00,
  0x03, 0xFF, 0x80, 0x00, 0x07, 0xFF, 0xF8, 0x00, 0x07, 0xF0, 0x3F, 0x80,
  0x03, 0xF8, 0x03, 0xF8, 0x01, 0xFC, 0x00, 0x7F, 0x00, 0xFE, 0x00, 0x1F,
  0xE0, 0x7F, 0x80, 0x03, 0xF8, 0x1F, 0xC0, 0x00, 0xFF, 0x0F, 0xF0, 0x00,
  0x1F, 0xE3, 0xFC, 0x00, 0x07, 0xF9, 0xFE, 0x00, 0x01, 0xFE, 0x7F, 0x80,
  0x00, 0x7F, 0xDF, 0xE0, 0x00, 0x1F, 0xFF, 0xF8, 0x00, 0x07, 0xFF, 0xFE,
  0x00, 0x01, 0xFF, 0xFF, 0x80, 0x00, 0x3F, 0xFF, 0xE0, 0x00, 0x0F, 0xFF,
  0xF8, 0x00, 0x03, 0xFF, 0xFE, 0x00, 0x01, 0xFF, 0xFF, 0x80, 0x00, 0x7F,
  0xDF, 0xE0, 0x00, 0x1F, 0xF7, 0xF8, 0x00, 0x07, 0xFD, 0xFE, 0x00, 0x01,
  0xFE, 0x7F, 0xC0, 0x00, 0x7F, 0x8F, 0xF0, 0x00, 0x1F, 0xE3, 0xFC, 0x00,
  0x0F, 0xF0, 0x7F, 0x00, 0x03, 0xFC, 0x0F, 0xE0, 0x00, 0xFE, 0x01, 0xFC,
  0x00, 0x7F, 0x00, 0x3F, 0x00, 0x3F, 0x80, 0x07, 0xF0, 0x1F, 0xC0, 0x00,
  0xFF, 0xFF, 0xC0, 0x00, 0x0F, 0xFF, 0xC0, 0x00, 0x00, 0x1E, 0x00, 0x00,
  0x00, 0x03, 0xE0, 0x00, 0x00, 0x00, 0xFC, 0x00, 0x00, 0x00, 0x7F, 0x80,
  0x00, 0x00, 0x3F, 0xF0, 0x00, 0x00, 0x0F, 0xFC, 0x00, 0x00, 0x07, 0xCF,
  0x80, 0x00, 0x03, 0xE0, 0xF0, 0x00, 0x01, 0xE0, 0x1E, 0x00, 0x00, 0x70,
  0x03, 0x80, 0x00, 0x00, 0x00, 0x00, 0x00, 0x00, 0x00, 0x00, 0x00, 0x00,
  0x00, 0x00, 0x00, 0x00, 0x0F, 0xFE, 0x00, 0x00, 0x1F, 0xFF, 0xE0, 0x00,
  0x1F, 0xC0, 0xFE, 0x00, 0x0F, 0xE0, 0x0F, 0xE0, 0x07, 0xF0, 0x01, 0xFC,
  0x03, 0xF8, 0x00, 0x7F, 0x81, 0xFE, 0x00, 0x0F, 0xE0, 0x7F, 0x00, 0x03,
  0xFC, 0x3F, 0xC0, 0x00, 0x7F, 0x8F, 0xF0, 0x00, 0x1F, 0xE7, 0xF8, 0x00,
  0x07, 0xF9, 0xFE, 0x00, 0x01, 0xFF, 0x7F, 0x80, 0x00, 0x7F, 0xFF, 0xE0,
  0x00, 0x1F, 0xFF, 0xF8, 0x00, 0x07, 0xFF, 0xFE, 0x00, 0x00, 0xFF, 0xFF,
  0x80, 0x00, 0x3F, 0xFF, 0xE0, 0x00, 0x0F, 0xFF, 0xF8, 0x00, 0x07, 0xFF,
  0xFE, 0x00, 0x01, 0xFF, 0x7F, 0x80, 0x00, 0x7F, 0xDF, 0xE0, 0x00, 0x1F,
  0xF7, 0xF8, 0x00, 0x07, 0xF9, 0xFF, 0x00, 0x01, 0xFE, 0x3F, 0xC0, 0x00,
  0x7F, 0x8F, 0xF0, 0x00, 0x3F, 0xC1, 0xFC, 0x00, 0x0F, 0xF0, 0x3F, 0x80,
  0x03, 0xF8, 0x07, 0xF0, 0x01, 0xFC, 0x00, 0xFC, 0x00, 0xFE, 0x00, 0x1F,
  0xC0, 0x7F, 0x00, 0x03, 0xFF, 0xFF, 0x00, 0x00, 0x3F, 0xFF, 0x00, 0x00,
  0x00, 0x78, 0x00, 0x00, 0x00, 0x1F, 0x00, 0x00, 0x00, 0x0F, 0xE0, 0x30,
  0x00, 0x07, 0xFE, 0x1C, 0x00, 0x03, 0xFF, 0xFF, 0x00, 0x00, 0xF3, 0xFF,
  0x80, 0x00, 0x30, 0x3F, 0xE0, 0x00, 0x00, 0x03, 0xE0, 0x00, 0x00, 0x00,
  0x00, 0x00, 0x00, 0x00, 0x00, 0x00, 0x00, 0x00, 0x00, 0x00, 0x00, 0x00,
  0x00, 0x00, 0x00, 0x00, 0x3F, 0xF8, 0x00, 0x00, 0x7F, 0xFF, 0x80, 0x00,
  0x7F, 0x03, 0xF8, 0x00, 0x3F, 0x80, 0x3F, 0x80, 0x1F, 0xC0, 0x07, 0xF0,
  0x0F, 0xE0, 0x01, 0xFE, 0x07, 0xF8, 0x00, 0x3F, 0x81, 0xFC, 0x00, 0x0F,
  0xF0, 0xFF, 0x00, 0x01, 0xFE, 0x3F, 0xC0, 0x00, 0x7F, 0x9F, 0xE0, 0x00,
  0x1F, 0xE7, 0xF8, 0x00, 0x07, 0xFD, 0xFE, 0x00, 0x01, 0xFF, 0xFF, 0x80,
  0x00, 0x7F, 0xFF, 0xE0, 0x00, 0x1F, 0xFF, 0xF8, 0x00, 0x03, 0xFF, 0xFE,
  0x00, 0x00, 0xFF, 0xFF, 0x80, 0x00, 0x3F, 0xFF, 0xE0, 0x00, 0x1F, 0xFF,
  0xF8, 0x00, 0x07, 0xFD, 0xFE, 0x00, 0x01, 0xFF, 0x7F, 0x80, 0x00, 0x7F,
  0xDF, 0xE0, 0x00, 0x1F, 0xE7, 0xFC, 0x00, 0x07, 0xF8, 0xFF, 0x00, 0x01,
  0xFE, 0x3F, 0xC0, 0x00, 0xFF, 0x07, 0xF0, 0x00, 0x3F, 0xC0, 0xFE, 0x00,
  0x0F, 0xE0, 0x1F, 0xC0, 0x07, 0xF0, 0x03, 0xF0, 0x03, 0xF8, 0x00, 0x7F,
  0x01, 0xFC, 0x00, 0x0F, 0xFF, 0xFC, 0x00, 0x00, 0xFF, 0xFC, 0x00, 0x00,
  0x01, 0xE0, 0x00, 0x00, 0x00, 0x10, 0x02, 0x00, 0x00, 0x1F, 0x03, 0xE0,
  0x00, 0x0F, 0xE1, 0xFC, 0x00, 0x03, 0xF8, 0x7F, 0x00, 0x00, 0xFE, 0x1F,
  0xC0, 0x00, 0x3F, 0x87, 0xF0, 0x00, 0x0F, 0xE1, 0xFC, 0x00, 0x01, 0xF0,
  0x7E, 0x00, 0x00, 0x38, 0x07, 0x00, 0x00, 0x00, 0x00, 0x00, 0x00, 0x00,
  0x00, 0x00, 0x00, 0x00, 0x00, 0x00, 0x00, 0x00, 0x00, 0x00, 0x00, 0x00,
  0x03, 0xFF, 0x80, 0x00, 0x07, 0xFF, 0xF8, 0x00, 0x07, 0xF0, 0x3F, 0x80,
  0x03, 0xF8, 0x03, 0xF8, 0x01, 0xFC, 0x00, 0x7F, 0x00, 0xFE, 0x00, 0x1F,
  0xE0, 0x7F, 0x80, 0x03, 0xF8, 0x1F, 0xC0, 0x00, 0xFF, 0x0F, 0xF0, 0x00,
  0x1F, 0xE3, 0xFC, 0x00, 0x07, 0xF9, 0xFE, 0x00, 0x01, 0xFE, 0x7F, 0x80,
  0x00, 0x7F, 0xDF, 0xE0, 0x00, 0x1F, 0xFF, 0xF8, 0x00, 0x07, 0xFF, 0xFE,
  0x00, 0x01, 0xFF, 0xFF, 0x80, 0x00, 0x3F, 0xFF, 0xE0, 0x00, 0x0F, 0xFF,
  0xF8, 0x00, 0x03, 0xFF, 0xFE, 0x00, 0x01, 0xFF, 0xFF, 0x80, 0x00, 0x7F,
  0xDF, 0xE0, 0x00, 0x1F, 0xF7, 0xF8, 0x00, 0x07, 0xFD, 0xFE, 0x00, 0x01,
  0xFE, 0x7F, 0xC0, 0x00, 0x7F, 0x8F, 0xF0, 0x00, 0x1F, 0xE3, 0xFC, 0x00,
  0x0F, 0xF0, 0x7F, 0x00, 0x03, 0xFC, 0x0F, 0xE0, 0x00, 0xFE, 0x01, 0xFC,
  0x00, 0x7F, 0x00, 0x3F, 0x00, 0x3F, 0x80, 0x07, 0xF0, 0x1F, 0xC0, 0x00,
  0xFF, 0xFF, 0xC0, 0x00, 0x0F, 0xFF, 0xC0, 0x00, 0x00, 0x1E, 0x00, 0x00,
  0x20, 0x00, 0x23, 0x80, 0x03, 0xBE, 0x00, 0x3E, 0xF8, 0x03, 0xE3, 0xE0,
  0x3E, 0x0F, 0x83, 0xE0, 0x3E, 0x3E, 0x00, 0xFB, 0xE0, 0x03, 0xFE, 0x00,
  0x0F, 0xE0, 0x00, 0x3E, 0x00, 0x03, 0xF8, 0x00, 0x3F, 0xE0, 0x01, 0xEF,
  0x80, 0x1E, 0x3E, 0x01, 0xE0, 0xF0, 0x1E, 0x03, 0xC1, 0xE0, 0x0F, 0x1E,
  0x00, 0x3D, 0xE0, 0x00, 0xF6, 0x00, 0x03, 0x10, 0x00, 0x10, 0x00, 0x00,
  0x00, 0x1C, 0x00, 0x00, 0x00, 0x06, 0x00, 0x00, 0x00, 0x03, 0x80, 0x00,
  0x3F, 0xF8, 0xC0, 0x00, 0x7F, 0xFF, 0xF0, 0x00, 0x7F, 0x03, 0xF8, 0x00,
  0x3F, 0x80, 0x3F, 0x80, 0x1F, 0xC0, 0x07, 0xF0, 0x0F, 0xE0, 0x01, 0xFE,
  0x07, 0xF8, 0x00, 0xFF, 0x81, 0xFC, 0x00, 0x3F, 0xF0, 0xFF, 0x00, 0x1D,
  0xFE, 0x3F, 0xC0, 0x0E, 0x7F, 0x9F, 0xE0, 0x03, 0x1F, 0xE7, 0xF8, 0x01,
  0xC7, 0xFD, 0xFE, 0x00, 0x61, 0xFF, 0xFF, 0x80, 0x38, 0x7F, 0xFF, 0xE0,
  0x0C, 0x1F, 0xFF, 0xF8, 0x07, 0x03, 0xFF, 0xFE, 0x03, 0x80, 0xFF, 0xFF,
  0x80, 0xC0, 0x3F, 0xFF, 0xE0, 0x70, 0x1F, 0xFF, 0xF8, 0x18, 0x07, 0xFD,
  0xFE, 0x0E, 0x01, 0xFF, 0x7F, 0x87, 0x00, 0x7F, 0xDF, 0xE1, 0xC0, 0x1F,
  0xE7, 0xFC, 0xE0, 0x07, 0xF8, 0xFF, 0x30, 0x01, 0xFE, 0x3F, 0xDC, 0x00,
  0xFF, 0x07, 0xF6, 0x00, 0x3F, 0xC0, 0xFF, 0x80, 0x0F, 0xE0, 0x1F, 0xC0,
  0x07, 0xF0, 0x03, 0xF0, 0x03, 0xF8, 0x00, 0x7F, 0x01, 0xFC, 0x00, 0x0F,
  0xFF, 0xFC, 0x00, 0x07, 0xFF, 0xFC, 0x00, 0x01, 0x81, 0xE0, 0x00, 0x00,
  0xE0, 0x00, 0x00, 0x00, 0x70, 0x00, 0x00, 0x00, 0x08, 0x00, 0x00, 0x00,
  0x00, 0x0F, 0x80, 0x00, 0x00, 0x00, 0x7C, 0x00, 0x00, 0x00, 0x03, 0xF0,
  0x00, 0x00, 0x00, 0x1F, 0xC0, 0x00, 0x00, 0x00, 0x7E, 0x00, 0x00, 0x00,
  0x01, 0xF8, 0x00, 0x00, 0x00, 0x03, 0xE0, 0x00, 0x00, 0x00, 0x07, 0x80,
  0x00, 0x00, 0x00, 0x1E, 0x00, 0x00, 0x00, 0x00, 0x60, 0x00, 0x00, 0x00,
  0x00, 0x00, 0x00, 0x00, 0x00, 0x00, 0x00, 0x00, 0x00, 0x00, 0x00, 0x00,
  0x3F, 0xFF, 0x80, 0x3F, 0xFB, 0xFF, 0xFE, 0x03, 0xFF, 0xE7, 0xFF, 0xC0,
  0x07, 0xFE, 0x0F, 0xF0, 0x00, 0x07, 0x80, 0x3F, 0x80, 0x00, 0x38, 0x01,
  0xFC, 0x00, 0x01, 0xC0, 0x0F, 0xE0, 0x00, 0x0E, 0x00, 0x7F, 0x00, 0x00,
  0x70, 0x03, 0xF8, 0x00, 0x03, 0x80, 0x1F, 0xC0, 0x00, 0x1C, 0x00, 0xFE,
  0x00, 0x00, 0xE0, 0x07, 0xF0, 0x00, 0x07, 0x00, 0x3F, 0x80, 0x00, 0x38,
  0x01, 0xFC, 0x00, 0x01, 0xC0, 0x0F, 0xE0, 0x00, 0x0E, 0x00, 0x7F, 0x00,
  0x00, 0x70, 0x03, 0xF8, 0x00, 0x03, 0x80, 0x1F, 0xC0, 0x00, 0x1C, 0x00,
  0xFE, 0x00, 0x00, 0xE0, 0x07, 0xF0, 0x00, 0x07, 0x00, 0x3F, 0x80, 0x00,
  0x38, 0x01, 0xFC, 0x00, 0x01, 0xC0, 0x0F, 0xE0, 0x00, 0x0E, 0x00, 0x7F,
  0x00, 0x00, 0x70, 0x03, 0xF8, 0x00, 0x03, 0x80, 0x1F, 0xE0, 0x00, 0x1C,
  0x00, 0xFF, 0x00, 0x01, 0xC0, 0x03, 0xF8, 0x00, 0x0E, 0x00, 0x0F, 0xE0,
  0x00, 0xE0, 0x00, 0x7F, 0x00, 0x0E, 0x00, 0x01, 0xFE, 0x01, 0xF0, 0x00,
  0x03, 0xFF, 0xFE, 0x00, 0x00, 0x07, 0xFF, 0xE0, 0x00, 0x00, 0x01, 0xE0,
  0x00, 0x00, 0x00, 0x00, 0x07, 0x80, 0x00, 0x00, 0x00, 0x7E, 0x00, 0x00,
  0x00, 0x07, 0xF0, 0x00, 0x00, 0x00, 0x3F, 0x00, 0x00, 0x00, 0x03, 0xF8,
  0x00, 0x00, 0x00, 0x3F, 0x00, 0x00, 0x00, 0x03, 0xE0, 0x00, 0x00, 0x00,
  0x1E, 0x00, 0x00, 0x00, 0x01, 0xC0, 0x00, 0x00, 0x00, 0x0C, 0x00, 0x00,
  0x00, 0x00, 0x00, 0x00, 0x00, 0x00, 0x00, 0x00, 0x00, 0x00, 0x00, 0x00,
  0x00, 0x00, 0x3F, 0xFF, 0x80, 0x3F, 0xFB, 0xFF, 0xFE, 0x03, 0xFF, 0xE7,
  0xFF, 0xC0, 0x07, 0xFE, 0x0F, 0xF0, 0x00, 0x07, 0x80, 0x3F, 0x80, 0x00,
  0x38, 0x01, 0xFC, 0x00, 0x01, 0xC0, 0x0F, 0xE0, 0x00, 0x0E, 0x00, 0x7F,
  0x00, 0x00, 0x70, 0x03, 0xF8, 0x00, 0x03, 0x80, 0x1F, 0xC0, 0x00, 0x1C,
  0x00, 0xFE, 0x00, 0x00, 0xE0, 0x07, 0xF0, 0x00, 0x07, 0x00, 0x3F, 0x80,
  0x00, 0x38, 0x01, 0xFC, 0x00, 0x01, 0xC0, 0x0F, 0xE0, 0x00, 0x0E, 0x00,
  0x7F, 0x00, 0x00, 0x70, 0x03, 0xF8, 0x00, 0x03, 0x80, 0x1F, 0xC0, 0x00,
  0x1C, 0x00, 0xFE, 0x00, 0x00, 0xE0, 0x07, 0xF0, 0x00, 0x07, 0x00, 0x3F,
  0x80, 0x00, 0x38, 0x01, 0xFC, 0x00, 0x01, 0xC0, 0x0F, 0xE0, 0x00, 0x0E,
  0x00, 0x7F, 0x00, 0x00, 0x70, 0x03, 0xF8, 0x00, 0x03, 0x80, 0x1F, 0xE0,
  0x00, 0x1C, 0x00, 0xFF, 0x00, 0x01, 0xC0, 0x03, 0xF8, 0x00, 0x0E, 0x00,
  0x0F, 0xE0, 0x00, 0xE0, 0x00, 0x7F, 0x00, 0x0E, 0x00, 0x01, 0xFE, 0x01,
  0xF0, 0x00, 0x03, 0xFF, 0xFE, 0x00, 0x00, 0x07, 0xFF, 0xE0, 0x00, 0x00,
  0x01, 0xE0, 0x00, 0x00, 0x00, 0x00, 0x7C, 0x00, 0x00, 0x00, 0x03, 0xF0,
  0x00, 0x00, 0x00, 0x3F, 0xC0, 0x00, 0x00, 0x03, 0xFF, 0x00, 0x00, 0x00,
  0x1F, 0xF8, 0x00, 0x00, 0x01, 0xF3, 0xE0, 0x00, 0x00, 0x1F, 0x07, 0x80,
  0x00, 0x01, 0xE0, 0x1E, 0x00, 0x00, 0x0E, 0x00, 0x70, 0x00, 0x00, 0x00,
  0x00, 0x00, 0x00, 0x00, 0x00, 0x00, 0x00, 0x00, 0x00, 0x00, 0x00, 0x07,
  0xFF, 0xF0, 0x07, 0xFF, 0x7F, 0xFF, 0xC0, 0x7F, 0xFC, 0xFF, 0xF8, 0x00,
  0xFF, 0xC1, 0xFE, 0x00, 0x00, 0xF0, 0x07, 0xF0, 0x00, 0x07, 0x00, 0x3F,
  0x80, 0x00, 0x38, 0x01, 0xFC, 0x00, 0x01, 0xC0, 0x0F, 0xE0, 0x00, 0x0E,
  0x00, 0x7F, 0x00, 0x00, 0x70, 0x03, 0xF8, 0x00, 0x03, 0x80, 0x1F, 0xC0,
  0x00, 0x1C, 0x00, 0xFE, 0x00, 0x00, 0xE0, 0x07, 0xF0, 0x00, 0x07, 0x00,
  0x3F, 0x80, 0x00, 0x38, 0x01, 0xFC, 0x00, 0x01, 0xC0, 0x0F, 0xE0, 0x00,
  0x0E, 0x00, 0x7F, 0x00, 0x00, 0x70, 0x03, 0xF8, 0x00, 0x03, 0x80, 0x1F,
  0xC0, 0x00, 0x1C, 0x00, 0xFE, 0x00, 0x00, 0xE0, 0x07, 0xF0, 0x00, 0x07,
  0x00, 0x3F, 0x80, 0x00, 0x38, 0x01, 0xFC, 0x00, 0x01, 0xC0, 0x0F, 0xE0,
  0x00, 0x0E, 0x00, 0x7F, 0x00, 0x00, 0x70, 0x03, 0xFC, 0x00, 0x03, 0x80,
  0x1F, 0xE0, 0x00, 0x38, 0x00, 0x7F, 0x00, 0x01, 0xC0, 0x01, 0xFC, 0x00,
  0x1C, 0x00, 0x0F, 0xE0, 0x01, 0xC0, 0x00, 0x3F, 0xC0, 0x3E, 0x00, 0x00,
  0x7F, 0xFF, 0xC0, 0x00, 0x00, 0xFF, 0xFC, 0x00, 0x00, 0x00, 0x3C, 0x00,
  0x00, 0x00, 0x02, 0x00, 0x40, 0x00, 0x00, 0x7C, 0x0F, 0x80, 0x00, 0x07,
  0xF0, 0xFE, 0x00, 0x00, 0x3F, 0x87, 0xF0, 0x00, 0x01, 0xFC, 0x3F, 0x80,
  0x00, 0x0F, 0xE1, 0xFC, 0x00, 0x00, 0x7F, 0x0F, 0xE0, 0x00, 0x01, 0xF0,
  0x7E, 0x00, 0x00, 0x07, 0x00, 0xE0, 0x00, 0x00, 0x00, 0x00, 0x00, 0x00,
  0x00, 0x00, 0x00, 0x00, 0x00, 0x00, 0x00, 0x00, 0x00, 0x00, 0x00, 0x00,
  0x00, 0x3F, 0xFF, 0x80, 0x3F, 0xFB, 0xFF, 0xFE, 0x03, 0xFF, 0xE7, 0xFF,
  0xC0, 0x07, 0xFE, 0x0F, 0xF0, 0x00, 0x07, 0x80, 0x3F, 0x80, 0x00, 0x38,
  0x01, 0xFC, 0x00, 0x01, 0xC0, 0x0F, 0xE0, 0x00, 0x0E, 0x00, 0x7F, 0x00,
  0x00, 0x70, 0x03, 0xF8, 0x00, 0x03, 0x80, 0x1F, 0xC0, 0x00, 0x1C, 0x00,
  0xFE, 0x00, 0x00, 0xE0, 0x07, 0xF0, 0x00, 0x07, 0x00, 0x3F, 0x80, 0x00,
  0x38, 0x01, 0xFC, 0x00, 0x01, 0xC0, 0x0F, 0xE0, 0x00, 0x0E, 0x00, 0x7F,
  0x00, 0x00, 0x70, 0x03, 0xF8, 0x00, 0x03, 0x80, 0x1F, 0xC0, 0x00, 0x1C,
  0x00, 0xFE, 0x00, 0x00, 0xE0, 0x07, 0xF0, 0x00, 0x07, 0x00, 0x3F, 0x80,
  0x00, 0x38, 0x01, 0xFC, 0x00, 0x01, 0xC0, 0x0F, 0xE0, 0x00, 0x0E, 0x00,
  0x7F, 0x00, 0x00, 0x70, 0x03, 0xF8, 0x00, 0x03, 0x80, 0x1F, 0xE0, 0x00,
  0x1C, 0x00, 0xFF, 0x00, 0x01, 0xC0, 0x03, 0xF8, 0x00, 0x0E, 0x00, 0x0F,
  0xE0, 0x00, 0xE0, 0x00, 0x7F, 0x00, 0x0E, 0x00, 0x01, 0xFE, 0x01, 0xF0,
  0x00, 0x03, 0xFF, 0xFE, 0x00, 0x00, 0x07, 0xFF, 0xE0, 0x00, 0x00, 0x01,
  0xE0, 0x00, 0x00, 0x00, 0x00, 0x07, 0x80, 0x00, 0x00, 0x00, 0xFC, 0x00,
  0x00, 0x00, 0x1F, 0xC0, 0x00, 0x00, 0x01, 0xF8, 0x00, 0x00, 0x00, 0x3F,
  0x80, 0x00, 0x00, 0x07, 0xE0, 0x00, 0x00, 0x00, 0xF8, 0x00, 0x00, 0x00,
  0x0F, 0x00, 0x00, 0x00, 0x01, 0xC0, 0x00, 0x00, 0x00, 0x18, 0x00, 0x00,
  0x00, 0x00, 0x00, 0x00, 0x00, 0x00, 0x00, 0x00, 0x00, 0x00, 0x00, 0x00,
  0x00, 0x07, 0xFF, 0xF8, 0x03, 0xFF, 0xFF, 0xFF, 0xC0, 0x7F, 0xF3, 0xFF,
  0xC0, 0x00, 0xFC, 0x0F, 0xF8, 0x00, 0x07, 0x00, 0x7F, 0xC0, 0x00, 0x70,
  0x07, 0xFC, 0x00, 0x0E, 0x00, 0x3F, 0xE0, 0x00, 0xE0, 0x01, 0xFE, 0x00,
  0x1C, 0x00, 0x1F, 0xF0, 0x03, 0x80, 0x00, 0xFF, 0x80, 0x38, 0x00, 0x0F,
  0xF8, 0x07, 0x00, 0x00, 0x7F, 0xC0, 0x70, 0x00, 0x03, 0xFC, 0x0E, 0x00,
  0x00, 0x3F, 0xE0, 0xE0, 0x00, 0x01, 0xFE, 0x1C, 0x00, 0x00, 0x0F, 0xF1,
  0xC0, 0x00, 0x00, 0xFF, 0x38, 0x00, 0x00, 0x07, 0xFF, 0x00, 0x00, 0x00,
  0x7F, 0xF0, 0x00, 0x00, 0x03, 0xFE, 0x00, 0x00, 0x00, 0x1F, 0xE0, 0x00,
  0x00, 0x01, 0xFE, 0x00, 0x00, 0x00, 0x1F, 0xE0, 0x00, 0x00, 0x01, 0xFE,
  0x00, 0x00, 0x00, 0x1F, 0xE0, 0x00, 0x00, 0x01, 0xFE, 0x00, 0x00, 0x00,
  0x1F, 0xE0, 0x00, 0x00, 0x01, 0xFE, 0x00, 0x00, 0x00, 0x1F, 0xE0, 0x00,
  0x00, 0x01, 0xFE, 0x00, 0x00, 0x00, 0x3F, 0xE0, 0x00, 0x00, 0x3F, 0xFF,
  0xF0, 0x00, 0x03, 0xFF, 0xFE, 0x00, 0x7F, 0xFF, 0x00, 0x03, 0xFF, 0xFC,
  0x00, 0x07, 0xFF, 0xE0, 0x00, 0x03, 0xFC, 0x00, 0x00, 0x0F, 0xF0, 0x00,
  0x00, 0x3F, 0xC0, 0x00, 0x00, 0xFF, 0x00, 0x00, 0x03, 0xFF, 0xFF, 0x80,
  0x0F, 0xFF, 0xFF, 0xC0, 0x3F, 0xC0, 0xFF, 0x80, 0xFF, 0x00, 0xFF, 0x03,
  0xFC, 0x03, 0xFE, 0x0F, 0xF0, 0x07, 0xF8, 0x3F, 0xC0, 0x1F, 0xF0, 0xFF,
  0x00, 0x7F, 0xC3, 0xFC, 0x00, 0xFF, 0x0F, 0xF0, 0x03, 0xFC, 0x3F, 0xC0,
  0x1F, 0xF0, 0xFF, 0x00, 0x7F, 0xC3, 0xFC, 0x01, 0xFE, 0x0F, 0xF0, 0x07,
  0xF8, 0x3F, 0xC0, 0x3F, 0xC0, 0xFF, 0x01, 0xFE, 0x03, 0xFC, 0x3F, 0xF0,
  0x0F, 0xFF, 0xFF, 0x00, 0x3F, 0xFF, 0x80, 0x00, 0xFF, 0x00, 0x00, 0x03,
  0xFC, 0x00, 0x00, 0x0F, 0xF0, 0x00, 0x00, 0x3F, 0xC0, 0x00, 0x00, 0xFF,
  0x80, 0x00, 0x1F, 0xFF, 0xC0, 0x00, 0x7F, 0xFF, 0x00, 0x00, 0x00, 0x07,
  0xF0, 0x00, 0x00, 0xFF, 0xFC, 0x00, 0x0F, 0xCF, 0xF8, 0x00, 0x7C, 0x0F,
  0xF0, 0x03, 0xE0, 0x1F, 0xC0, 0x1F, 0x80, 0x7F, 0x80, 0xFE, 0x01, 0xFC,
  0x03, 0xF0, 0x07, 0xF0, 0x0F, 0xC0, 0x1F, 0xC0, 0x7F, 0x00, 0x7E, 0x01,
  0xFC, 0x03, 0xE0, 0x07, 0xF0, 0x1F, 0x00, 0x1F, 0xC0, 0xF0, 0x00, 0x7F,
  0x03, 0x80, 0x01, 0xFC, 0x1E, 0x00, 0x07, 0xF0, 0x78, 0x00, 0x1F, 0xC1,
  0xF8, 0x00, 0x7F, 0x07, 0xF8, 0x01, 0xFC, 0x0F, 0xF0, 0x07, 0xF0, 0x3F,
  0xF0, 0x1F, 0xC0, 0x7F, 0xE0, 0x7F, 0x00, 0xFF, 0xC1, 0xFC, 0x01, 0xFF,
  0x87, 0xF0, 0x03, 0xFE, 0x1F, 0xC0, 0x0F, 0xFC, 0x7F, 0x00, 0x1F, 0xF1,
  0xFC, 0x00, 0x3F, 0xC7, 0xF0, 0x00, 0xFF, 0x1F, 0xC0, 0x03, 0xFC, 0x7F,
  0x0C, 0x0F, 0xF1, 0xFC, 0x70, 0x3F, 0x87, 0xF3, 0xE0, 0xFE, 0x1F, 0xCF,
  0x83, 0xF0, 0x7F, 0x1F, 0x1F, 0x8F, 0xFC, 0x7F, 0xFC, 0x3F, 0xF0, 0xFF,
  0xC0, 0x07, 0x80, 0x00, 0x01, 0xF0, 0x00, 0x00, 0x7E, 0x00, 0x00, 0x1F,
  0x80, 0x00, 0x07, 0xF0, 0x00, 0x00, 0x7E, 0x00, 0x00, 0x0F, 0xC0, 0x00,
  0x00, 0xF0, 0x00, 0x00, 0x0E, 0x00, 0x00, 0x01, 0xC0, 0x00, 0x00, 0x20,
  0x00, 0x00, 0x00, 0x00, 0x00, 0x00, 0x00, 0x00, 0x7F, 0xF0, 0x00, 0xFF,
  0xFF, 0x00, 0x7E, 0x0F, 0xE0, 0x3F, 0x03, 0xFC, 0x1F, 0xC0, 0x7F, 0x07,
  0xE0, 0x1F, 0xC0, 0xF0, 0x07, 0xF0, 0x3C, 0x01, 0xFC, 0x00, 0x00, 0x7F,
  0x00, 0x00, 0x7F, 0xC0, 0x03, 0xFF, 0xF0, 0x07, 0xF9, 0xFC, 0x07, 0xF0,
  0x7F, 0x03, 0xF8, 0x1F, 0xC1, 0xFC, 0x07, 0xF0, 0xFF, 0x01, 0xFC, 0x3F,
  0xC0, 0x7F, 0x0F, 0xF0, 0x1F, 0xC3, 0xFC, 0x07, 0xF0, 0x7F, 0x83, 0xFC,
  0x1F, 0xFF, 0xFF, 0xA3, 0xFF, 0xDF, 0xFC, 0x7F, 0xC7, 0xFE, 0x01, 0x00,
  0x38, 0x00, 0x00, 0x00, 0xC0, 0x00, 0x00, 0xF8, 0x00, 0x00, 0x7E, 0x00,
  0x00, 0x1F, 0x80, 0x00, 0x0F, 0xE0, 0x00, 0x07, 0xF0, 0x00, 0x01, 0xF0,
  0x00, 0x00, 0xF0, 0x00, 0x00, 0x78, 0x00, 0x00, 0x38, 0x00, 0x00, 0x04,
  0x00, 0x00, 0x00, 0x00, 0x00, 0x00, 0x00, 0x00, 0x00, 0x00, 0x00, 0x00,
  0x1F, 0xFC, 0x00, 0x3F, 0xFF, 0xC0, 0x1F, 0x83, 0xF8, 0x0F, 0xC0, 0xFF,
  0x07, 0xF0, 0x1F, 0xC1, 0xF8, 0x07, 0xF0, 0x3C, 0x01, 0xFC, 0x0F, 0x00,
  0x7F, 0x00, 0x00, 0x1F, 0xC0, 0x00, 0x1F, 0xF0, 0x00, 0xFF, 0xFC, 0x01,
  0xFE, 0x7F, 0x01, 0xFC, 0x1F, 0xC0, 0xFE, 0x07, 0xF0, 0x7F, 0x01, 0xFC,
  0x3F, 0xC0, 0x7F, 0x0F, 0xF0, 0x1F, 0xC3, 0xFC, 0x07, 0xF0, 0xFF, 0x01,
  0xFC, 0x1F, 0xE0, 0xFF, 0x07, 0xFF, 0xFF, 0xE8, 0xFF, 0xF7, 0xFF, 0x1F,
  0xF1, 0xFF, 0x80, 0x40, 0x0E, 0x00, 0x00, 0x1C, 0x00, 0x00, 0x0F, 0x80,
  0x00, 0x07, 0xF0, 0x00, 0x03, 0xFE, 0x00, 0x00, 0xFF, 0x80, 0x00, 0x7D,
  0xF0, 0x00, 0x3E, 0x3E, 0x00, 0x0F, 0x07, 0x80, 0x07, 0x80, 0xF0, 0x03,
  0xC0, 0x1E, 0x00, 0x00, 0x00, 0x00, 0x00, 0x00, 0x00, 0x00, 0x00, 0x00,
  0x00, 0x7F, 0xF0, 0x00, 0xFF, 0xFF, 0x00, 0x7E, 0x0F, 0xE0, 0x3F, 0x03,
  0xFC, 0x1F, 0xC0, 0x7F, 0x07, 0xE0, 0x1F, 0xC0, 0xF0, 0x07, 0xF0, 0x3C,
  0x01, 0xFC, 0x00, 0x00, 0x7F, 0x00, 0x00, 0x7F, 0xC0, 0x03, 0xFF, 0xF0,
  0x07, 0xF9, 0xFC, 0x07, 0xF0, 0x7F, 0x03, 0xF8, 0x1F, 0xC1, 0xFC, 0x07,
  0xF0, 0xFF, 0x01, 0xFC, 0x3F, 0xC0, 0x7F, 0x0F, 0xF0, 0x1F, 0xC3, 0xFC,
  0x07, 0xF0, 0x7F, 0x83, 0xFC, 0x1F, 0xFF, 0xFF, 0xA3, 0xFF, 0xDF, 0xFC,
  0x7F, 0xC7, 0xFE, 0x01, 0x00, 0x38, 0x00, 0x01, 0xE0, 0x00, 0x00, 0xFC,
  0x08, 0x00, 0x7F, 0xC7, 0x00, 0x3F, 0xFF, 0xC0, 0x0E, 0x3F, 0xE0, 0x01,
  0x07, 0xF0, 0x00, 0x00, 0x78, 0x00, 0x00, 0x00, 0x00, 0x00, 0x00, 0x00,
  0x00, 0x00, 0x00, 0x00, 0x1F, 0xFC, 0x00, 0x3F, 0xFF, 0xC0, 0x1F, 0x83,
  0xF8, 0x0F, 0xC0, 0xFF, 0x07, 0xF0, 0x1F, 0xC1, 0xF8, 0x07, 0xF0, 0x3C,
  0x01, 0xFC, 0x0F, 0x00, 0x7F, 0x00, 0x00, 0x1F, 0xC0, 0x00, 0x1F, 0xF0,
  0x00, 0xFF, 0xFC, 0x01, 0xFE, 0x7F, 0x01, 0xFC, 0x1F, 0xC0, 0xFE, 0x07,
  0xF0, 0x7F, 0x01, 0xFC, 0x3F, 0xC0, 0x7F, 0x0F, 0xF0, 0x1F, 0xC3, 0xFC,
  0x07, 0xF0, 0xFF, 0x01, 0xFC, 0x1F, 0xE0, 0xFF, 0x07, 0xFF, 0xFF, 0xE8,
  0xFF, 0xF7, 0xFF, 0x1F, 0xF1, 0xFF, 0x80, 0x40, 0x0E, 0x00, 0x07, 0x00,
  0xE0, 0x03, 0xE0, 0x7C, 0x01, 0xFC, 0x3F, 0x80, 0x7F, 0x0F, 0xE0, 0x1F,
  0xC3, 0xF8, 0x07, 0xF0, 0xFE, 0x01, 0xFC, 0x3F, 0x80, 0x3E, 0x07, 0xC0,
  0x07, 0x00, 0x60, 0x00, 0x00, 0x00, 0x00, 0x00, 0x00, 0x00, 0x00, 0x00,
  0x00, 0x01, 0xFF, 0xC0, 0x03, 0xFF, 0xFC, 0x01, 0xF8, 0x3F, 0x80, 0xFC,
  0x0F, 0xF0, 0x7F, 0x01, 0xFC, 0x1F, 0x80, 0x7F, 0x03, 0xC0, 0x1F, 0xC0,
  0xF0, 0x07, 0xF0, 0x00, 0x01, 0xFC, 0x00, 0x01, 0xFF, 0x00, 0x0F, 0xFF,
  0xC0, 0x1F, 0xE7, 0xF0, 0x1F, 0xC1, 0xFC, 0x0F, 0xE0, 0x7F, 0x07, 0xF0,
  0x1F, 0xC3, 0xFC, 0x07, 0xF0, 0xFF, 0x01, 0xFC, 0x3F, 0xC0, 0x7F, 0x0F,
  0xF0, 0x1F, 0xC1, 0xFE, 0x0F, 0xF0, 0x7F, 0xFF, 0xFE, 0x8F, 0xFF, 0x7F,
  0xF1, 0xFF, 0x1F, 0xF8, 0x04, 0x00, 0xE0, 0x00, 0x1C, 0x00, 0x00, 0x3F,
  0xC0, 0x00, 0x1F, 0xF8, 0x00, 0x0F, 0xFF, 0x00, 0x07, 0xC3, 0xE0, 0x01,
  0xE0, 0x78, 0x00, 0x78, 0x1E, 0x00, 0x1E, 0x07, 0x80, 0x07, 0x81, 0xE0,
  0x01, 0xF0, 0xF8, 0x00, 0x3F, 0xFC, 0x00, 0x07, 0xFE, 0x00, 0x00, 0xFF,
  0x00, 0x00, 0x00, 0x00, 0x00, 0x00, 0x00, 0x00, 0x00, 0x00, 0x00, 0x01,
  0xFF, 0xC0, 0x03, 0xFF, 0xFC, 0x01, 0xF8, 0x3F, 0x80, 0xFC, 0x0F, 0xF0,
  0x7F, 0x01, 0xFC, 0x1F, 0x80, 0x7F, 0x03, 0xC0, 0x1F, 0xC0, 0xF0, 0x07,
  0xF0, 0x00, 0x01, 0xFC, 0x00, 0x01, 0xFF, 0x00, 0x0F, 0xFF, 0xC0, 0x1F,
  0xE7, 0xF0, 0x1F, 0xC1, 0xFC, 0x0F, 0xE0, 0x7F, 0x07, 0xF0, 0x1F, 0xC3,
  0xFC, 0x07, 0xF0, 0xFF, 0x01, 0xFC, 0x3F, 0xC0, 0x7F, 0x0F, 0xF0, 0x1F,
  0xC1, 0xFE, 0x0F, 0xF0, 0x7F, 0xFF, 0xFE, 0x8F, 0xFF, 0x7F, 0xF1, 0xFF,
  0x1F, 0xF8, 0x04, 0x00, 0xE0, 0x01, 0xFF, 0x07, 0xFE, 0x00, 0x7F, 0xFE,
  0xFF, 0xFC, 0x07, 0xE0, 0xFF, 0xC3, 0xF0, 0x7E, 0x07, 0xFC, 0x1F, 0xC7,
  0xE0, 0x1F, 0xC0, 0x7F, 0x3F, 0x00, 0xFE, 0x03, 0xF8, 0xF0, 0x07, 0xF0,
  0x1F, 0xC7, 0x00, 0x3F, 0x80, 0xFF, 0x00, 0x01, 0xF8, 0x07, 0xF8, 0x00,
  0x3F, 0xFF, 0xFF, 0xC0, 0x3F, 0xFF, 0xFF, 0xFE, 0x0F, 0xF3, 0xF0, 0x00,
  0x01, 0xFC, 0x1F, 0x80, 0x00, 0x1F, 0xC0, 0xFC, 0x00, 0x01, 0xFE, 0x07,
  0xF0, 0x00, 0x1F, 0xE0, 0x3F, 0x80, 0x00, 0xFF, 0x01, 0xFC, 0x00, 0x07,
  0xF8, 0x0F, 0xF0, 0x00, 0x3F, 0xC0, 0x7F, 0x80, 0x0C, 0xFF, 0x07, 0xFE,
  0x01, 0xC7, 0xFF, 0xF7, 0xFE, 0x7E, 0x1F, 0xFF, 0x1F, 0xFF, 0xC0, 0x7F,
  0xE0, 0x7F, 0xFC, 0x00, 0x30, 0x00, 0x3F, 0x00, 0x00, 0xFF, 0xC0, 0x1F,
  0xFF, 0xC0, 0xFC, 0x3F, 0x87, 0xE0, 0x7E, 0x3F, 0x81, 0xFD, 0xFC, 0x07,
  0xF7, 0xF0, 0x0F, 0xFF, 0xC0, 0x3E, 0xFF, 0x00, 0x73, 0xFC, 0x00, 0x0F,
  0xF0, 0x00, 0x3F, 0xC0, 0x00, 0xFF, 0x00, 0x03, 0xFC, 0x00, 0x0F, 0xF0,
  0x00, 0x3F, 0xC0, 0x00, 0xFF, 0x00, 0x01, 0xFE, 0x00, 0x07, 0xF8, 0x01,
  0x8F, 0xF0, 0x0E, 0x1F, 0xF9, 0xF0, 0x3F, 0xFF, 0x80, 0x3F, 0xF8, 0x00,
  0x1F, 0x00, 0x00, 0x70, 0x00, 0x03, 0xE0, 0x00, 0x0F, 0xE0, 0x00, 0x0F,
  0xC0, 0x00, 0x0F, 0x80, 0x00, 0x3E, 0x00, 0x00, 0xF8, 0x00, 0xEF, 0xE0,
  0x07, 0xFF, 0x00, 0x0F, 0xF8, 0x00, 0x07, 0x80, 0x00, 0x0F, 0x80, 0x00,
  0x1F, 0x80, 0x00, 0x3F, 0x00, 0x00, 0x7F, 0x00, 0x00, 0x3F, 0x00, 0x00,
  0x3F, 0x00, 0x00, 0x1E, 0x00, 0x00, 0x0E, 0x00, 0x00, 0x0E, 0x00, 0x00,
  0x08, 0x00, 0x00, 0x00, 0x00, 0x00, 0x00, 0x00, 0x1F, 0xF8, 0x01, 0xFF,
  0xFC, 0x07, 0xE1, 0xFC, 0x1F, 0x81, 0xFC, 0x7F, 0x03, 0xF9, 0xFC, 0x07,
  0xFB, 0xF8, 0x07, 0xFF, 0xF0, 0x0F, 0xFF, 0xE0, 0x1F, 0xFF, 0xFF, 0xFF,
  0xFF, 0xFF, 0xFF, 0xFE, 0x00, 0x01, 0xFC, 0x00, 0x03, 0xF8, 0x00, 0x07,
  0xF8, 0x00, 0x0F, 0xF0, 0x00, 0x1F, 0xE0, 0x00, 0x1F, 0xE0, 0x00, 0x3F,
  0xE0, 0x06, 0x3F, 0xE0, 0x1C, 0x3F, 0xF9, 0xF0, 0x3F, 0xFF, 0xC0, 0x1F,
  0xFE, 0x00, 0x03, 0xC0, 0x00, 0x00, 0x00, 0x60, 0x00, 0x03, 0xE0, 0x00,
  0x0F, 0xC0, 0x00, 0x1F, 0x80, 0x00, 0x7F, 0x00, 0x01, 0xFC, 0x00, 0x03,
  0xE0, 0x00, 0x0F, 0x00, 0x00, 0x3C, 0x00, 0x00, 0xE0, 0x00, 0x00, 0x80,
  0x00, 0x00, 0x00, 0x00, 0x00, 0x00, 0x00, 0x00, 0x00, 0x00, 0x3F, 0xF0,
  0x03, 0xFF, 0xF8, 0x0F, 0xC3, 0xF8, 0x3F, 0x03, 0xF8, 0xFE, 0x07, 0xF3,
  0xF8, 0x0F, 0xF7, 0xF0, 0x0F, 0xFF, 0xE0, 0x1F, 0xFF, 0xC0, 0x3F, 0xFF,
  0xFF, 0xFF, 0xFF, 0xFF, 0xFF, 0xFC, 0x00, 0x03, 0xF8, 0x00, 0x07, 0xF0,
  0x00, 0x0F, 0xF0, 0x00, 0x1F, 0xE0, 0x00, 0x3F, 0xC0, 0x00, 0x3F, 0xC0,
  0x00, 0x7F, 0xC0, 0x0C, 0x7F, 0xC0, 0x38, 0x7F, 0xF3, 0xE0, 0x7F, 0xFF,
  0x80, 0x3F, 0xFC, 0x00, 0x07, 0x80, 0x00, 0x00, 0x1C, 0x00, 0x00, 0x7C,
  0x00, 0x01, 0xFC, 0x00, 0x07, 0xFC, 0x00, 0x0F, 0xF8, 0x00, 0x3E, 0xF8,
  0x00, 0xF8, 0xF8, 0x01, 0xE0, 0xF0, 0x07, 0x80, 0xF0, 0x1E, 0x00, 0xF0,
  0x00, 0x00, 0x00, 0x00, 0x00, 0x00, 0x00, 0x00, 0x00, 0x1F, 0xF8, 0x01,
  0xFF, 0xFC, 0x07, 0xE1, 0xFC, 0x1F, 0x81, 0xFC, 0x7F, 0x03, 0xF9, 0xFC,
  0x07, 0xFB, 0xF8, 0x07, 0xFF, 0xF0, 0x0F, 0xFF, 0xE0, 0x1F, 0xFF, 0xFF,
  0xFF, 0xFF, 0xFF, 0xFF, 0xFE, 0x00, 0x01, 0xFC, 0x00, 0x03, 0xF8, 0x00,
  0x07, 0xF8, 0x00, 0x0F, 0xF0, 0x00, 0x1F, 0xE0, 0x00, 0x1F, 0xE0, 0x00,
  0x3F, 0xE0, 0x06, 0x3F, 0xE0, 0x1C, 0x3F, 0xF9, 0xF0, 0x3F, 0xFF, 0xC0,
  0x1F, 0xFE, 0x00, 0x03, 0xC0, 0x00, 0x03, 0x80, 0x70, 0x0F, 0x81, 0xF0,
  0x3F, 0x87, 0xF0, 0x7F, 0x0F, 0xE0, 0xFE, 0x1F, 0xC1, 0xFC, 0x3F, 0x83,
  0xF8, 0x7F, 0x03, 0xE0, 0x7C, 0x03, 0x80, 0x30, 0x00, 0x00, 0x00, 0x00,
  0x00, 0x00, 0x00, 0x00, 0x00, 0x0F, 0xFC, 0x00, 0xFF, 0xFE, 0x03, 0xF0,
  0xFE, 0x0F, 0xC0, 0xFE, 0x3F, 0x81, 0xFC, 0xFE, 0x03, 0xFD, 0xFC, 0x03,
  0xFF, 0xF8, 0x07, 0xFF, 0xF0, 0x0F, 0xFF, 0xFF, 0xFF, 0xFF, 0xFF, 0xFF,
  0xFF, 0x00, 0x00, 0xFE, 0x00, 0x01, 0xFC, 0x00, 0x03, 0xFC, 0x00, 0x07,
  0xF8, 0x00, 0x0F, 0xF0, 0x00, 0x0F, 0xF0, 0x00, 0x1F, 0xF0, 0x03, 0x1F,
  0xF0, 0x0E, 0x1F, 0xFC, 0xF8, 0x1F, 0xFF, 0xE0, 0x0F, 0xFF, 0x00, 0x01,
  0xE0, 0x00, 0xF0, 0x01, 0xF0, 0x03, 0xF0, 0x07, 0xE0, 0x0F, 0xE0, 0x07,
  0xE0, 0x07, 0xE0, 0x03, 0xC0, 0x01, 0xC0, 0x01, 0xC0, 0x01, 0x00, 0x00,
  0x00, 0x00, 0x0F, 0xFC, 0x3F, 0xF8, 0x3F, 0xF0, 0x0F, 0xE0, 0x1F, 0xC0,
  0x3F, 0x80, 0x7F, 0x00, 0xFE, 0x01, 0xFC, 0x03, 0xF8, 0x07, 0xF0, 0x0F,
  0xE0, 0x1F, 0xC0, 0x3F, 0x80, 0x7F, 0x00, 0xFE, 0x01, 0xFC, 0x03, 0xF8,
  0x07, 0xF0, 0x0F, 0xE0, 0x1F, 0xE1, 0xFF, 0xFB, 0xFF, 0xF0, 0x00, 0x0C,
  0x00, 0x7C, 0x01, 0xF8, 0x03, 0xF0, 0x0F, 0xE0, 0x3F, 0x80, 0x7C, 0x01,
  0xE0, 0x07, 0x80, 0x1C, 0x00, 0x10, 0x00, 0x00, 0x00, 0x00, 0x00, 0x00,
  0x1F, 0xF8, 0x7F, 0xF0, 0x7F, 0xE0, 0x1F, 0xC0, 0x3F, 0x80, 0x7F, 0x00,
  0xFE, 0x01, 0xFC, 0x03, 0xF8, 0x07, 0xF0, 0x0F, 0xE0, 0x1F, 0xC0, 0x3F,
  0x80, 0x7F, 0x00, 0xFE, 0x01, 0xFC, 0x03, 0xF8, 0x07, 0xF0, 0x0F, 0xE0,
  0x1F, 0xC0, 0x3F, 0xC3, 0xFF, 0xF7, 0xFF, 0xE0, 0x01, 0xC0, 0x01, 0xF0,
  0x01, 0xFC, 0x01, 0xFF, 0x00, 0xFF, 0x80, 0xFB, 0xE0, 0xF8, 0xF8, 0x78,
  0x3C, 0x78, 0x0F, 0x78, 0x03, 0xC0, 0x00, 0x00, 0x00, 0x00, 0x00, 0x01,
  0xFF, 0x81, 0xFF, 0xC0, 0x7F, 0xE0, 0x07, 0xF0, 0x03, 0xF8, 0x01, 0xFC,
  0x00, 0xFE, 0x00, 0x7F, 0x00, 0x3F, 0x80, 0x1F, 0xC0, 0x0F, 0xE0, 0x07,
  0xF0, 0x03, 0xF8, 0x01, 0xFC, 0x00, 0xFE, 0x00, 0x7F, 0x00, 0x3F, 0x80,
  0x1F, 0xC0, 0x0F, 0xE0, 0x07, 0xF0, 0x03, 0xFC, 0x0F, 0xFF, 0xC7, 0xFF,
  0xE0, 0x38, 0x07, 0x1F, 0x03, 0xEF, 0xE1, 0xFF, 0xF8, 0x7F, 0xFE, 0x1F,
  0xFF, 0x87, 0xFF, 0xE1, 0xFD, 0xF0, 0x3E, 0x38, 0x03, 0x00, 0x00, 0x00,
  0x00, 0x00, 0x00, 0x00, 0x3F, 0xF0, 0x1F, 0xFC, 0x03, 0xFF, 0x00, 0x1F,
  0xC0, 0x07, 0xF0, 0x01, 0xFC, 0x00, 0x7F, 0x00, 0x1F, 0xC0, 0x07, 0xF0,
  0x01, 0xFC, 0x00, 0x7F, 0x00, 0x1F, 0xC0, 0x07, 0xF0, 0x01, 0xFC, 0x00,
  0x7F, 0x00, 0x1F, 0xC0, 0x07, 0xF0, 0x01, 0xFC, 0x00, 0x7F, 0x00, 0x1F,
  0xC0, 0x07, 0xF8, 0x0F, 0xFF, 0xC3, 0xFF, 0xF0, 0x00, 0x00, 0x60, 0x01,
  0xC0, 0x38, 0x00, 0xFE, 0x1C, 0x00, 0x3F, 0xFE, 0x00, 0x00, 0xFF, 0x00,
  0x00, 0x0F, 0xE0, 0x00, 0x07, 0xFC, 0x00, 0x03, 0xDF, 0x80, 0x01, 0xC3,
  0xF0, 0x00, 0xE0, 0xFE, 0x00, 0x10, 0x1F, 0xC0, 0x00, 0x03, 0xF0, 0x00,
  0x00, 0xFE, 0x00, 0x00, 0x1F, 0xC0, 0x00, 0x07, 0xF0, 0x00, 0x01, 0xFC,
  0x01, 0xFF, 0x3F, 0x81, 0xFF, 0xFF, 0xE0, 0xFF, 0xBF, 0xF8, 0x7F, 0x01,
  0xFF, 0x3F, 0x80, 0x7F, 0xDF, 0xE0, 0x0F, 0xF7, 0xF8, 0x03, 0xFF, 0xFC,
  0x00, 0xFF, 0xFF, 0x00, 0x3F, 0xFF, 0xC0, 0x0F, 0xFF, 0xF0, 0x03, 0xFF,
  0xFC, 0x00, 0xFF, 0xFF, 0x00, 0x3F, 0xFF, 0xC0, 0x0F, 0xEF, 0xF0, 0x03,
  0xFB, 0xFC, 0x00, 0xFE, 0x7F, 0x00, 0x7F, 0x0F, 0xC0, 0x1F, 0xC3, 0xF8,
  0x07, 0xE0, 0x7F, 0x03, 0xF0, 0x07, 0xFF, 0xF8, 0x00, 0x7F, 0xF8, 0x00,
  0x01, 0xE0, 0x00, 0x00, 0x3C, 0x00, 0x00, 0x00, 0xFC, 0x08, 0x00, 0x03,
  0xFE, 0x38, 0x00, 0x0F, 0xFF, 0xF0, 0x00, 0x1C, 0x7F, 0xC0, 0x00, 0x10,
  0x7F, 0x00, 0x00, 0x00, 0x3C, 0x00, 0x00, 0x00, 0x00, 0x00, 0x00, 0x00,
  0x00, 0x00, 0x00, 0x00, 0x00, 0x03, 0xFF, 0x83, 0xFC, 0x07, 0xFF, 0x1F,
  0xFE, 0x07, 0xFE, 0xFF, 0xFC, 0x03, 0xFF, 0xE3, 0xFC, 0x03, 0xFE, 0x03,
  0xF8, 0x07, 0xF8, 0x07, 0xF0, 0x0F, 0xE0, 0x0F, 0xE0, 0x1F, 0xC0, 0x1F,
  0xC0, 0x3F, 0x80, 0x3F, 0x80, 0x7F, 0x00, 0x7F, 0x00, 0xFE, 0x00, 0xFE,
  0x01, 0xFC, 0x01, 0xFC, 0x03, 0xF8, 0x03, 0xF8, 0x07, 0xF0, 0x07, 0xF0,
  0x0F, 0xE0, 0x0F, 0xE0, 0x1F, 0xC0, 0x1F, 0xC0, 0x3F, 0x80, 0x3F, 0x80,
  0x7F, 0x00, 0x7F, 0x00, 0xFE, 0x00, 0xFE, 0x01, 0xFC, 0x01, 0xFC, 0x07,
  0xF8, 0x03, 0xFC, 0x3F, 0xFE, 0x3F, 0xFF, 0x7F, 0xFC, 0x7F, 0xFE, 0x07,
  0x80, 0x00, 0x01, 0xF0, 0x00, 0x00, 0x7E, 0x00, 0x00, 0x1F, 0x80, 0x00,
  0x07, 0xF0, 0x00, 0x00, 0x7E, 0x00, 0x00, 0x0F, 0xC0, 0x00, 0x00, 0xF0,
  0x00, 0x00, 0x0E, 0x00, 0x00, 0x01, 0xC0, 0x00, 0x00, 0x20, 0x00, 0x00,
  0x00, 0x00, 0x00, 0x00, 0x00, 0x00, 0x3F, 0xF8, 0x00, 0x7F, 0xFF, 0x80,
  0x3F, 0x87, 0xF0, 0x1F, 0x80, 0xFE, 0x0F, 0xE0, 0x1F, 0xC7, 0xF0, 0x07,
  0xF9, 0xFC, 0x00, 0xFE, 0xFF, 0x00, 0x3F, 0xFF, 0xC0, 0x0F, 0xFF, 0xF0,
  0x03, 0xFF, 0xFC, 0x00, 0xFF, 0xFF, 0x00, 0x3F, 0xFF, 0xC0, 0x0F, 0xFF,
  0xF0, 0x03, 0xFF, 0xFC, 0x00, 0xFF, 0xFF, 0x00, 0x3F, 0xFF, 0xC0, 0x0F,
  0xE7, 0xF0, 0x07, 0xF9, 0xFE, 0x01, 0xFC, 0x3F, 0x80, 0x7F, 0x07, 0xF0,
  0x3F, 0x80, 0xFF, 0xFF, 0x80, 0x0F, 0xFF, 0xC0, 0x00, 0x1E, 0x00, 0x00,
  0x00, 0x00, 0x60, 0x00, 0x00, 0x7C, 0x00, 0x00, 0x3F, 0x00, 0x00, 0x0F,
  0xC0, 0x00, 0x07, 0xF0, 0x00, 0x03, 0xF8, 0x00, 0x00, 0xF8, 0x00, 0x00,
  0x78, 0x00, 0x00, 0x3C, 0x00, 0x00, 0x1C, 0x00, 0x00, 0x02, 0x00, 0x00,
  0x00, 0x00, 0x00, 0x00, 0x00, 0x00, 0x00, 0x00, 0x00, 0x00, 0x0F, 0xFE,
  0x00, 0x1F, 0xFF, 0xE0, 0x0F, 0xE1, 0xFC, 0x07, 0xE0, 0x3F, 0x83, 0xF8,
  0x07, 0xF1, 0xFC, 0x01, 0xFE, 0x7F, 0x00, 0x3F, 0xBF, 0xC0, 0x0F, 0xFF,
  0xF0, 0x03, 0xFF, 0xFC, 0x00, 0xFF, 0xFF, 0x00, 0x3F, 0xFF, 0xC0, 0x0F,
  0xFF, 0xF0, 0x03, 0xFF, 0xFC, 0x00, 0xFF, 0xFF, 0x00, 0x3F, 0xFF, 0xC0,
  0x0F, 0xFF, 0xF0, 0x03, 0xF9, 0xFC, 0x01, 0xFE, 0x7F, 0x80, 0x7F, 0x0F,
  0xE0, 0x1F, 0xC1, 0xFC, 0x0F, 0xE0, 0x3F, 0xFF, 0xE0, 0x03, 0xFF, 0xF0,
  0x00, 0x07, 0x80, 0x00, 0x00, 0x1C, 0x00, 0x00, 0x0F, 0x80, 0x00, 0x07,
  0xF0, 0x00, 0x03, 0xFE, 0x00, 0x00, 0xFF, 0x80, 0x00, 0x7D, 0xF0, 0x00,
  0x3E, 0x3E, 0x00, 0x0F, 0x07, 0x80, 0x07, 0x80, 0xF0, 0x03, 0xC0, 0x1E,
  0x00, 0x00, 0x00, 0x00, 0x00, 0x00, 0x00, 0x00, 0x00, 0x00, 0x00, 0x3F,
  0xF8, 0x00, 0x7F, 0xFF, 0x80, 0x3F, 0x87, 0xF0, 0x1F, 0x80, 0xFE, 0x0F,
  0xE0, 0x1F, 0xC7, 0xF0, 0x07, 0xF9, 0xFC, 0x00, 0xFE, 0xFF, 0x00, 0x3F,
  0xFF, 0xC0, 0x0F, 0xFF, 0xF0, 0x03, 0xFF, 0xFC, 0x00, 0xFF, 0xFF, 0x00,
  0x3F, 0xFF, 0xC0, 0x0F, 0xFF, 0xF0, 0x03, 0xFF, 0xFC, 0x00, 0xFF, 0xFF,
  0x00, 0x3F, 0xFF, 0xC0, 0x0F, 0xE7, 0xF0, 0x07, 0xF9, 0xFE, 0x01, 0xFC,
  0x3F, 0x80, 0x7F, 0x07, 0xF0, 0x3F, 0x80, 0xFF, 0xFF, 0x80, 0x0F, 0xFF,
  0xC0, 0x00, 0x1E, 0x00, 0x00, 0x00, 0xF0, 0x00, 0x00, 0x7E, 0x04, 0x00,
  0x3F, 0xE3, 0x80, 0x1F, 0xFF, 0xE0, 0x07, 0x1F, 0xF0, 0x00, 0x83, 0xF8,
  0x00, 0x00, 0x3C, 0x00, 0x00, 0x00, 0x00, 0x00, 0x00, 0x00, 0x00, 0x00,
  0x00, 0x00, 0x0F, 0xFE, 0x00, 0x1F, 0xFF, 0xE0, 0x0F, 0xE1, 0xFC, 0x07,
  0xE0, 0x3F, 0x83, 0xF8, 0x07, 0xF1, 0xFC, 0x01, 0xFE, 0x7F, 0x00, 0x3F,
  0xBF, 0xC0, 0x0F, 0xFF, 0xF0, 0x03, 0xFF, 0xFC, 0x00, 0xFF, 0xFF, 0x00,
  0x3F, 0xFF, 0xC0, 0x0F, 0xFF, 0xF0, 0x03, 0xFF, 0xFC, 0x00, 0xFF, 0xFF,
  0x00, 0x3F, 0xFF, 0xC0, 0x0F, 0xFF, 0xF0, 0x03, 0xF9, 0xFC, 0x01, 0xFE,
  0x7F, 0x80, 0x7F, 0x0F, 0xE0, 0x1F, 0xC1, 0xFC, 0x0F, 0xE0, 0x3F, 0xFF,
  0xE0, 0x03, 0xFF, 0xF0, 0x00, 0x07, 0x80, 0x00, 0x03, 0x80, 0x70, 0x01,
  0xF0, 0x3E, 0x00, 0xFE, 0x1F, 0xC0, 0x3F, 0x87, 0xF0, 0x0F, 0xE1, 0xFC,
  0x03, 0xF8, 0x7F, 0x00, 0xFE, 0x1F, 0xC0, 0x1F, 0x03, 0xE0, 0x03, 0x80,
  0x30, 0x00, 0x00, 0x00, 0x00, 0x00, 0x00, 0x00, 0x00, 0x00, 0x00, 0x00,
  0xFF, 0xE0, 0x01, 0xFF, 0xFE, 0x00, 0xFE, 0x1F, 0xC0, 0x7E, 0x03, 0xF8,
  0x3F, 0x80, 0x7F, 0x1F, 0xC0, 0x1F, 0xE7, 0xF0, 0x03, 0xFB, 0xFC, 0x00,
  0xFF, 0xFF, 0x00, 0x3F, 0xFF, 0xC0, 0x0F, 0xFF, 0xF0, 0x03, 0xFF, 0xFC,
  0x00, 0xFF, 0xFF, 0x00, 0x3F, 0xFF, 0xC0, 0x0F, 0xFF, 0xF0, 0x03, 0xFF,
  0xFC, 0x00, 0xFF, 0xFF, 0x00, 0x3F, 0x9F, 0xC0, 0x1F, 0xE7, 0xF8, 0x07,
  0xF0, 0xFE, 0x01, 0xFC, 0x1F, 0xC0, 0xFE, 0x03, 0xFF, 0xFE, 0x00, 0x3F,
  0xFF, 0x00, 0x00, 0x78, 0x00, 0x00, 0x7C, 0x00, 0x01, 0xFC, 0x00, 0x07,
  0xFC, 0x00, 0x0F, 0xF8, 0x00, 0x1F, 0xF0, 0x00, 0x1F, 0xE0, 0x00, 0x3F,
  0x80, 0x00, 0x3E, 0x00, 0x00, 0x00, 0x00, 0x00, 0x00, 0x00, 0x00, 0x00,
  0x07, 0xFF, 0xFF, 0xFF, 0xFF, 0xFF, 0xFF, 0xFF, 0xFF, 0xFF, 0xFF, 0xFF,
  0x80, 0x00, 0x00, 0x00, 0x00, 0x00, 0x00, 0x70, 0x00, 0x01, 0xF8, 0x00,
  0x07, 0xF8, 0x00, 0x1F, 0xF0, 0x00, 0x3F, 0xE0, 0x00, 0x7F, 0xC0, 0x00,
  0x7F, 0x80, 0x00, 0xFE, 0x00, 0x00, 0x78, 0x00, 0x00, 0x00, 0x10, 0x00,
  0x00, 0x06, 0x00, 0x00, 0x03, 0x80, 0x00, 0x00, 0xC0, 0x00, 0xFF, 0xF0,
  0x01, 0xFF, 0xFE, 0x00, 0xFE, 0x1F, 0xC0, 0x7E, 0x03, 0xF8, 0x3F, 0x81,
  0xFF, 0x1F, 0xC0, 0x7F, 0xE7, 0xF0, 0x3B, 0xFB, 0xFC, 0x0C, 0xFF, 0xFF,
  0x07, 0x3F, 0xFF, 0xC1, 0x8F, 0xFF, 0xF0, 0xE3, 0xFF, 0xFC, 0x30, 0xFF,
  0xFF, 0x1C, 0x3F, 0xFF, 0xC6, 0x0F, 0xFF, 0xF3, 0x83, 0xFF, 0xFC, 0xC0,
  0xFF, 0xFF, 0x70, 0x3F, 0x9F, 0xD8, 0x1F, 0xE7, 0xFE, 0x07, 0xF0, 0xFF,
  0x01, 0xFC, 0x1F, 0xC0, 0xFE, 0x03, 0xFF, 0xFE, 0x00, 0x3F, 0xFF, 0x00,
  0x0C, 0x78, 0x00, 0x07, 0x00, 0x00, 0x01, 0x80, 0x00, 0x00, 0x60, 0x00,
  0x00, 0x01, 0xE0, 0x00, 0x00, 0x0F, 0x80, 0x00, 0x00, 0x7E, 0x00, 0x00,
  0x03, 0xF0, 0x00, 0x00, 0x1F, 0xC0, 0x00, 0x00, 0x3F, 0x00, 0x00, 0x00,
  0xFC, 0x00, 0x00, 0x01, 0xE0, 0x00, 0x00, 0x03, 0x80, 0x00, 0x00, 0x0E,
  0x00, 0x00, 0x00, 0x20, 0x00, 0x00, 0x00, 0x00, 0x00, 0x00, 0x00, 0x00,
  0x7F, 0xF0, 0xFF, 0xE3, 0xFF, 0x87, 0xFF, 0x03, 0xFC, 0x07, 0xF8, 0x1F,
  0xE0, 0x1F, 0xC0, 0xFF, 0x00, 0xFE, 0x07, 0xF8, 0x07, 0xF0, 0x3F, 0xC0,
  0x3F, 0x81, 0xFE, 0x01, 0xFC, 0x0F, 0xF0, 0x0F, 0xE0, 0x7F, 0x80, 0x7F,
  0x03, 0xFC, 0x03, 0xF8, 0x1F, 0xE0, 0x1F, 0xC0, 0xFF, 0x00, 0xFE, 0x07,
  0xF8, 0x07, 0xF0, 0x3F, 0xC0, 0x3F, 0x81, 0xFE, 0x01, 0xFC, 0x0F, 0xF0,
  0x0F, 0xE0, 0x7F, 0x80, 0x7F, 0x01, 0xFC, 0x07, 0xF8, 0x0F, 0xF0, 0xFF,
  0xC0, 0x7F, 0xFF, 0x7F, 0xC1, 0xFF, 0xF3, 0xFE, 0x07, 0xFE, 0x1F, 0xF0,
  0x07, 0x80, 0x30, 0x00, 0x00, 0x00, 0x18, 0x00, 0x00, 0x03, 0xE0, 0x00,
  0x00, 0x3F, 0x00, 0x00, 0x01, 0xF8, 0x00, 0x00, 0x1F, 0xC0, 0x00, 0x01,
  0xFC, 0x00, 0x00, 0x0F, 0x80, 0x00, 0x00, 0xF0, 0x00, 0x00, 0x0F, 0x00,
  0x00, 0x00, 0xE0, 0x00, 0x00, 0x02, 0x00, 0x00, 0x00, 0x00, 0x00, 0x00,
  0x00, 0x00, 0x00, 0x00, 0x00, 0x00, 0x03, 0xFF, 0x87, 0xFF, 0x1F, 0xFC,
  0x3F, 0xF8, 0x1F, 0xE0, 0x3F, 0xC0, 0xFF, 0x00, 0xFE, 0x07, 0xF8, 0x07,
  0xF0, 0x3F, 0xC0, 0x3F, 0x81, 0xFE, 0x01, 0xFC, 0x0F, 0xF0, 0x0F, 0xE0,
  0x7F, 0x80, 0x7F, 0x03, 0xFC, 0x03, 0xF8, 0x1F, 0xE0, 0x1F, 0xC0, 0xFF,
  0x00, 0xFE, 0x07, 0xF8, 0x07, 0xF0, 0x3F, 0xC0, 0x3F, 0x81, 0xFE, 0x01,
  0xFC, 0x0F, 0xF0, 0x0F, 0xE0, 0x7F, 0x80, 0x7F, 0x03, 0xFC, 0x03, 0xF8,
  0x0F, 0xE0, 0x3F, 0xC0, 0x7F, 0x87, 0xFE, 0x03, 0xFF, 0xFB, 0xFE, 0x0F,
  0xFF, 0x9F, 0xF0, 0x3F, 0xF0, 0xFF, 0x80, 0x3C, 0x01, 0x80, 0x00, 0x07,
  0x00, 0x00, 0x00, 0x7C, 0x00, 0x00, 0x07, 0xF0, 0x00, 0x00, 0x7F, 0xC0,
  0x00, 0x03, 0xFE, 0x00, 0x00, 0x3E, 0xF8, 0x00, 0x03, 0xE3, 0xE0, 0x00,
  0x1E, 0x0F, 0x00, 0x01, 0xE0, 0x3C, 0x00, 0x1E, 0x00, 0xF0, 0x00, 0x00,
  0x00, 0x00, 0x00, 0x00, 0x00, 0x00, 0x00, 0x00, 0x00, 0x7F, 0xF0, 0xFF,
  0xE3, 0xFF, 0x87, 0xFF, 0x03, 0xFC, 0x07, 0xF8, 0x1F, 0xE0, 0x1F, 0xC0,
  0xFF, 0x00, 0xFE, 0x07, 0xF8, 0x07, 0xF0, 0x3F, 0xC0, 0x3F, 0x81, 0xFE,
  0x01, 0xFC, 0x0F, 0xF0, 0x0F, 0xE0, 0x7F, 0x80, 0x7F, 0x03, 0xFC, 0x03,
  0xF8, 0x1F, 0xE0, 0x1F, 0xC0, 0xFF, 0x00, 0xFE, 0x07, 0xF8, 0x07, 0xF0,
  0x3F, 0xC0, 0x3F, 0x81, 0xFE, 0x01, 0xFC, 0x0F, 0xF0, 0x0F, 0xE0, 0x7F,
  0x80, 0x7F, 0x01, 0xFC, 0x07, 0xF8, 0x0F, 0xF0, 0xFF, 0xC0, 0x7F, 0xFF,
  0x7F, 0xC1, 0xFF, 0xF3, 0xFE, 0x07, 0xFE, 0x1F, 0xF0, 0x07, 0x80, 0x30,
  0x00, 0x00, 0xE0, 0x1C, 0x00, 0x0F, 0x81, 0xF0, 0x00, 0xFE, 0x1F, 0xC0,
  0x07, 0xF0, 0xFE, 0x00, 0x3F, 0x87, 0xF0, 0x01, 0xFC, 0x3F, 0x80, 0x0F,
  0xE1, 0xFC, 0x00, 0x3E, 0x07, 0xC0, 0x00, 0xE0, 0x0C, 0x00, 0x00, 0x00,
  0x00, 0x00, 0x00, 0x00, 0x00, 0x00, 0x00, 0x00, 0x0F, 0xFE, 0x1F, 0xFC,
  0x7F, 0xF0, 0xFF, 0xE0, 0x7F, 0x80, 0xFF, 0x03, 0xFC, 0x03, 0xF8, 0x1F,
  0xE0, 0x1F, 0xC0, 0xFF, 0x00, 0xFE, 0x07, 0xF8, 0x07, 0xF0, 0x3F, 0xC0,
  0x3F, 0x81, 0xFE, 0x01, 0xFC, 0x0F, 0xF0, 0x0F, 0xE0, 0x7F, 0x80, 0x7F,
  0x03, 0xFC, 0x03, 0xF8, 0x1F, 0xE0, 0x1F, 0xC0, 0xFF, 0x00, 0xFE, 0x07,
  0xF8, 0x07, 0xF0, 0x3F, 0xC0, 0x3F, 0x81, 0xFE, 0x01, 0xFC, 0x0F, 0xF0,
  0x0F, 0xE0, 0x3F, 0x80, 0xFF, 0x01, 0xFE, 0x1F, 0xF8, 0x0F, 0xFF, 0xEF,
  0xF8, 0x3F, 0xFE, 0x7F, 0xC0, 0xFF, 0xC3, 0xFE, 0x00, 0xF0, 0x06, 0x00,
  0x00, 0x00, 0x0C, 0x00, 0x00, 0x03, 0xE0, 0x00, 0x00, 0x7E, 0x00, 0x00,
  0x07, 0xE0, 0x00, 0x00, 0xFE, 0x00, 0x00, 0x1F, 0xC0, 0x00, 0x01, 0xF0,
  0x00, 0x00, 0x3C, 0x00, 0x00, 0x07, 0x80, 0x00, 0x00, 0xE0, 0x00, 0x00,
  0x04, 0x00, 0x00, 0x00, 0x00, 0x00, 0x00, 0x00, 0x00, 0x00, 0x00, 0x00,
  0x00, 0x7F, 0xFE, 0x1F, 0xFF, 0xFF, 0xE3, 0xFF, 0x1F, 0xF0, 0x07, 0xC0,
  0xFF, 0x00, 0x38, 0x0F, 0xF0, 0x07, 0x00, 0x7F, 0x80, 0x70, 0x07, 0xF8,
  0x0F, 0x00, 0x3F, 0x80, 0xE0, 0x03, 0xFC, 0x0E, 0x00, 0x1F, 0xC1, 0xC0,
  0x01, 0xFE, 0x1C, 0x00, 0x0F, 0xE1, 0xC0, 0x00, 0xFE, 0x38, 0x00, 0x0F,
  0xF3, 0x80, 0x00, 0x7F, 0x30, 0x00, 0x07, 0xFF, 0x00, 0x00, 0x3F, 0xF0,
  0x00, 0x03, 0xFE, 0x00, 0x00, 0x1F, 0xE0, 0x00, 0x01, 0xFC, 0x00, 0x00,
  0x0F, 0xC0, 0x00, 0x00, 0xF8, 0x00, 0x00, 0x07, 0x80, 0x00, 0x00, 0x78,
  0x00, 0x00, 0x07, 0x00, 0x00, 0x00, 0xF0, 0x00, 0x00, 0x0E, 0x00, 0x01,
  0xC1, 0xE0, 0x00, 0x1E, 0x3C, 0x00, 0x03, 0xFF, 0x80, 0x00, 0x1F, 0xF8,
  0x00, 0x01, 0xFF, 0x00, 0x00, 0x0F, 0xC0, 0x00, 0x00, 0x03, 0xE0, 0x00,
  0x07, 0xFF, 0x00, 0x00, 0x1F, 0xF8, 0x00, 0x00, 0x1F, 0xC0, 0x00, 0x00,
  0xFE, 0x00, 0x00, 0x07, 0xF0, 0x00, 0x00, 0x3F, 0x80, 0x00, 0x01, 0xFC,
  0x00, 0x00, 0x0F, 0xE0, 0x00, 0x00, 0x7F, 0x00, 0x00, 0x03, 0xF8, 0x00,
  0x00, 0x1F, 0xC0, 0x00, 0x00, 0xFE, 0x00, 0x00, 0x07, 0xF0, 0xFF, 0x00,
  0x3F, 0x9F, 0xFE, 0x01, 0xFD, 0xFF, 0xF8, 0x0F, 0xFC, 0x3F, 0xE0, 0x7F,
  0x80, 0xFF, 0x83, 0xF8, 0x03, 0xFC, 0x1F, 0xC0, 0x0F, 0xE0, 0xFE, 0x00,
  0x7F, 0x87, 0xF0, 0x03, 0xFC, 0x3F, 0x80, 0x1F, 0xE1, 0xFC, 0x00, 0xFF,
  0x0F, 0xE0, 0x07, 0xF8, 0x7F, 0x00, 0x3F, 0xC3, 0xF8, 0x01, 0xFE, 0x1F,
  0xC0, 0x0F, 0xF0, 0xFE, 0x00, 0x7F, 0x87, 0xF0, 0x03, 0xF8, 0x3F, 0x80,
  0x1F, 0xC1, 0xFC, 0x01, 0xFC, 0x0F, 0xF0, 0x1F, 0xE0, 0x7F, 0xC1, 0xFE,
  0x03, 0xFF, 0xFF, 0xE0, 0x1F, 0xFF, 0xFC, 0x00, 0xFE, 0x7E, 0x00, 0x07,
  0xF0, 0x00, 0x00, 0x3F, 0x80, 0x00, 0x01, 0xFC, 0x00, 0x00, 0x0F, 0xE0,
  0x00, 0x00, 0x7F, 0x00, 0x00, 0x03, 0xF8, 0x00, 0x00, 0x1F, 0xE0, 0x00,
  0x07, 0xFF, 0xE0, 0x00, 0x3F, 0xFF, 0x80, 0x00, 0x00, 0x70, 0x0E, 0x00,
  0x0F, 0x81, 0xF0, 0x01, 0xFC, 0x3F, 0x80, 0x1F, 0xC3, 0xF8, 0x01, 0xFC,
  0x3F, 0x80, 0x1F, 0xC3, 0xF8, 0x01, 0xFC, 0x3F, 0x80, 0x0F, 0x81, 0xF0,
  0x00, 0x70, 0x06, 0x00, 0x00, 0x00, 0x00, 0x00, 0x00, 0x00, 0x00, 0x00,
  0x00, 0x00, 0x7F, 0xFE, 0x1F, 0xFF, 0xFF, 0xE3, 0xFF, 0x1F, 0xF0, 0x07,
  0xC0, 0xFF, 0x00, 0x38, 0x0F, 0xF0, 0x07, 0x00, 0x7F, 0x80, 0x70, 0x07,
  0xF8, 0x0F, 0x00, 0x3F, 0x80, 0xE0, 0x03, 0xFC, 0x0E, 0x00, 0x1F, 0xC1,
  0xC0, 0x01, 0xFE, 0x1C, 0x00, 0x0F, 0xE1, 0xC0, 0x00, 0xFE, 0x38, 0x00,
  0x0F, 0xF3, 0x80, 0x00, 0x7F, 0x30, 0x00, 0x07, 0xFF, 0x00, 0x00, 0x3F,
  0xF0, 0x00, 0x03, 0xFE, 0x00, 0x00, 0x1F, 0xE0, 0x00, 0x01, 0xFC, 0x00,
  0x00, 0x0F, 0xC0, 0x00, 0x00, 0xF8, 0x00, 0x00, 0x07, 0x80, 0x00, 0x00,
  0x78, 0x00, 0x00, 0x07, 0x00, 0x00, 0x00, 0xF0, 0x00, 0x00, 0x0E, 0x00,
  0x01, 0xC1, 0xE0, 0x00, 0x1E, 0x3C, 0x00, 0x03, 0xFF, 0x80, 0x00, 0x1F,
  0xF8, 0x00, 0x01, 0xFF, 0x00, 0x00, 0x0F, 0xC0, 0x00, 0x00 };

const GFXglyph Gelasio_Bold24pt8bGlyphs[] PROGMEM = {
  {     0,   1,   1,  12,    0,    0 },   // 0x20 ' '
  {     1,  10,  35,  18,    4,  -34 },   // 0x21 '!'
  {    45,  17,  17,  24,    4,  -37 },   // 0x22 '"'
  {    82,  27,  33,  33,    3,  -32 },   // 0x23 '#'
  {   194,  25,  41,  30,    3,  -35 },   // 0x24 '$'
  {   323,  37,  34,  41,    2,  -32 },   // 0x25 '%'
  {   481,  36,  34,  38,    1,  -32 },   // 0x26 '&'
  {   634,   6,  17,  13,    4,  -37 },   // 0x27 '''
  {   647,  17,  43,  21,    2,  -34 },   // 0x28 '('
  {   739,  17,  43,  21,    2,  -34 },   // 0x29 ')'
  {   831,  21,  22,  23,    1,  -35 },   // 0x2A '*'
  {   889,  23,  22,  33,    5,  -23 },   // 0x2B '+'
  {   953,   8,  17,  15,    4,   -7 },   // 0x2C ','
  {   970,  14,   3,  18,    2,  -13 },   // 0x2D '-'
  {   976,   9,   8,  15,    3,   -7 },   // 0x2E '.'
  {   985,  17,  47,  22,    3,  -36 },   // 0x2F '/'
  {  1085,  29,  29,  33,    2,  -27 },   // 0x30 '0'
  {  1191,  18,  27,  23,    3,  -26 },   // 0x31 '1'
  {  1252,  25,  28,  29,    2,  -27 },   // 0x32 '2'
  {  1340,  26,  37,  29,    1,  -27 },   // 0x33 '3'
  {  1461,  27,  36,  31,    2,  -27 },   // 0x34 '4'
  {  1583,  25,  36,  28,    2,  -26 },   // 0x35 '5'
  {  1696,  26,  37,  30,    2,  -35 },   // 0x36 '6'
  {  1817,  23,  35,  26,    2,  -26 },   // 0x37 '7'
  {  1918,  27,  34,  32,    2,  -32 },   // 0x38 '8'
  {  2033,  26,  37,  30,    2,  -27 },   // 0x39 '9'
  {  2154,   9,  23,  17,    4,  -22 },   // 0x3A ':'
  {  2180,   9,  32,  17,    4,  -22 },   // 0x3B ';'
  {  2216,  23,  27,  33,    5,  -26 },   // 0x3C '<'
  {  2294,  22,  13,  33,    6,  -18 },   // 0x3D '='
  {  2330,  23,  27,  33,    5,  -26 },   // 0x3E '>'
  {  2408,  22,  35,  26,    2,  -34 },   // 0x3F '?'
  {  2505,  37,  40,  45,    4,  -31 },   // 0x40 '@'
  {  2690,  36,  33,  36,    0,  -32 },   // 0x41 'A'
  {  2839,  32,  33,  36,    2,  -32 },   // 0x42 'B'
  {  2971,  29,  34,  34,    2,  -32 },   // 0x43 'C'
  {  3095,  36,  33,  39,    2,  -32 },   // 0x44 'D'
  {  3244,  30,  33,  34,    2,  -32 },   // 0x45 'E'
  {  3368,  28,  33,  32,    2,  -32 },   // 0x46 'F'
  {  3484,  35,  34,  38,    2,  -32 },   // 0x47 'G'
  {  3633,  39,  33,  43,    2,  -32 },   // 0x48 'H'
  {  3794,  17,  33,  21,    2,  -32 },   // 0x49 'I'
  {  3865,  26,  34,  28,    1,  -32 },   // 0x4A 'J'
  {  3976,  36,  33,  38,    2,  -32 },   // 0x4B 'K'
  {  4125,  30,  33,  32,    2,  -32 },   // 0x4C 'L'
  {  4249,  46,  33,  48,    1,  -32 },   // 0x4D 'M'
  {  4439,  38,  34,  39,    1,  -32 },   // 0x4E 'N'
  {  4601,  34,  34,  39,    2,  -32 },   // 0x4F 'O'
  {  4746,  30,  33,  33,    2,  -32 },   // 0x50 'P'
  {  4870,  34,  43,  39,    2,  -32 },   // 0x51 'Q'
  {  5053,  34,  33,  37,    2,  -32 },   // 0x52 'R'
  {  5194,  25,  34,  31,    3,  -32 },   // 0x53 'S'
  {  5301,  31,  33,  32,    1,  -32 },   // 0x54 'T'
  {  5429,  37,  34,  39,    1,  -32 },   // 0x55 'U'
  {  5587,  38,  33,  36,   -1,  -32 },   // 0x56 'V'
  {  5744,  55,  33,  53,   -1,  -32 },   // 0x57 'W'
  {  5971,  38,  33,  38,    0,  -32 },   // 0x58 'X'
  {  6128,  36,  33,  34,   -1,  -32 },   // 0x59 'Y'
  {  6277,  30,  33,  32,    1,  -32 },   // 0x5A 'Z'
  {  6401,  13,  43,  21,    4,  -34 },   // 0x5B '['
  {  6471,  16,  46,  22,    1,  -33 },   // 0x5C '\'
  {  6563,  13,  43,  21,    4,  -34 },   // 0x5D ']'
  {  6633,  25,  26,  33,    4,  -32 },   // 0x5E '^'
  {  6715,  35,   3,  33,   -1,    5 },   // 0x5F '_'
  {  6729,  11,  10,  24,    5,  -35 },   // 0x60 '`'
  {  6743,  26,  24,  28,    2,  -22 },   // 0x61 'a'
  {  6821,  29,  37,  30,   -1,  -35 },   // 0x62 'b'
  {  6956,  22,  24,  25,    2,  -22 },   // 0x63 'c'
  {  7022,  28,  37,  31,    2,  -35 },   // 0x64 'd'
  {  7152,  23,  24,  27,    2,  -22 },   // 0x65 'e'
  {  7221,  19,  36,  18,    1,  -35 },   // 0x66 'f'
  {  7307,  27,  34,  27,    1,  -22 },   // 0x67 'g'
  {  7422,  32,  36,  32,    0,  -35 },   // 0x68 'h'
  {  7566,  15,  35,  17,    1,  -34 },   // 0x69 'i'
  {  7632,  17,  45,  16,   -4,  -34 },   // 0x6A 'j'
  {  7728,  29,  36,  30,    0,  -35 },   // 0x6B 'k'
  {  7859,  15,  36,  16,    0,  -35 },   // 0x6C 'l'
  {  7927,  46,  23,  48,    1,  -22 },   // 0x6D 'm'
  {  8060,  31,  23,  32,    1,  -22 },   // 0x6E 'n'
  {  8150,  26,  24,  30,    2,  -22 },   // 0x6F 'o'
  {  8228,  29,  33,  31,    0,  -22 },   // 0x70 'p'
  {  8348,  29,  34,  30,    2,  -23 },   // 0x71 'q'
  {  8472,  23,  23,  24,    1,  -22 },   // 0x72 'r'
  {  8539,  21,  24,  24,    2,  -22 },   // 0x73 's'
  {  8602,  17,  31,  19,    1,  -29 },   // 0x74 't'
  {  8668,  29,  24,  32,    1,  -22 },   // 0x75 'u'
  {  8755,  29,  23,  27,   -1,  -22 },   // 0x76 'v'
  {  8839,  42,  23,  41,   -1,  -22 },   // 0x77 'w'
  {  8960,  28,  23,  28,    0,  -22 },   // 0x78 'x'
  {  9041,  28,  33,  26,   -1,  -22 },   // 0x79 'y'
  {  9157,  22,  23,  25,    1,  -22 },   // 0x7A 'z'
  {  9221,  19,  43,  24,    2,  -34 },   // 0x7B '{'
  {  9324,   4,  43,  18,    7,  -34 },   // 0x7C '|'
  {  9346,  19,  43,  24,    3,  -34 },   // 0x7D '}'
  {  9449,  21,   7,  33,    6,  -16 },   // 0x7E '~'
  {  9468,   1,   1,  24,    0,    0 },   // 0x7F
  {  9469,  36,  36,  47,    6,  -35 },   // 0x80
  {  9631,  36,  36,  47,    6,  -35 },   // 0x81
  {  9793,  36,  36,  47,    6,  -35 },   // 0x82
  {  9955,  36,  36,  47,    6,  -35 },   // 0x83
  { 10117,  36,  36,  47,    6,  -35 },   // 0x84
  { 10279,  36,  36,  47,    6,  -35 },   // 0x85
  { 10441,  36,  36,  47,    6,  -35 },   // 0x86
  { 10603,  36,  36,  47,    6,  -35 },   // 0x87
  { 10765,  36,  36,  47,    6,  -35 },   // 0x88
  { 10927,  36,  36,  47,    6,  -35 },   // 0x89
  { 11089,  36,  36,  47,    6,  -35 },   // 0x8A
  { 11251,  36,  36,  47,    6,  -35 },   // 0x8B
  { 11413,  36,  36,  47,    6,  -35 },   // 0x8C
  { 11575,  36,  36,  47,    6,  -35 },   // 0x8D
  { 11737,  36,  36,  47,    6,  -35 },   // 0x8E
  { 11899,  36,  36,  47,    6,  -35 },   // 0x8F
  { 12061,  36,  36,  47,    6,  -35 },   // 0x90
  { 12223,  36,  36,  47,    6,  -35 },   // 0x91
  { 12385,  36,  36,  47,    6,  -35 },   // 0x92
  { 12547,  36,  36,  47,    6,  -35 },   // 0x93
  { 12709,  36,  36,  47,    6,  -35 },   // 0x94
  { 12871,  36,  36,  47,    6,  -35 },   // 0x95
  { 13033,  36,  36,  47,    6,  -35 },   // 0x96
  { 13195,  36,  36,  47,    6,  -35 },   // 0x97
  { 13357,  36,  36,  47,    6,  -35 },   // 0x98
  { 13519,  36,  36,  47,    6,  -35 },   // 0x99
  { 13681,  36,  36,  47,    6,  -35 },   // 0x9A
  { 13843,  36,  36,  47,    6,  -35 },   // 0x9B
  { 14005,  36,  36,  47,    6,  -35 },   // 0x9C
  { 14167,  36,  36,  47,    6,  -35 },   // 0x9D
  { 14329,  36,  36,  47,    6,  -35 },   // 0x9E
  { 14491,  36,  36,  47,    6,  -35 },   // 0x9F
  { 14653,   1,   1,  12,    0,    0 },   // 0xA0
  { 14654,  10,  35,  18,    3,  -32 },   // 0xA1
  { 14698,  22,  33,  28,    3,  -27 },   // 0xA2
  { 14789,  29,  33,  32,    1,  -32 },   // 0xA3
  { 14909,  23,  22,  33,    4,  -23 },   // 0xA4
  { 14973,  36,  33,  34,   -1,  -32 },   // 0xA5
  { 15122,   4,  43,  18,    7,  -34 },   // 0xA6
  { 15144,  20,  43,  26,    3,  -32 },   // 0xA7
  { 15252,  18,   8,  24,    2,  -34 },   // 0xA8
  { 15270,  41,  41,  44,    2,  -34 },   // 0xA9
  { 15481,  21,  19,  26,    3,  -32 },   // 0xAA
  { 15531,  23,  22,  29,    3,  -23 },   // 0xAB
  { 15595,  23,  12,  33,    5,  -14 },   // 0xAC
  { 15630,  36,  36,  47,    6,  -35 },   // 0xAD
  { 15792,  41,  41,  44,    2,  -34 },   // 0xAE
  { 16003,  13,   4,  33,    0,  -32 },   // 0xAF
  { 16010,  16,  15,  20,    2,  -32 },   // 0xB0
  { 16040,  23,  24,  33,    5,  -23 },   // 0xB1
  { 16109,  19,  23,  26,    3,  -39 },   // 0xB2
  { 16164,  19,  23,  26,    3,  -39 },   // 0xB3
  { 16219,  11,  11,  24,    5,  -35 },   // 0xB4
  { 16235,  28,  33,  31,    3,  -22 },   // 0xB5
  { 16351,  24,  40,  26,    1,  -32 },   // 0xB6
  { 16471,   9,   8,  16,    3,  -20 },   // 0xB7
  { 16480,  12,  11,  13,    0,    1 },   // 0xB8
  { 16497,  18,  22,  26,    3,  -38 },   // 0xB9
  { 16547,  22,  19,  26,    2,  -32 },   // 0xBA
  { 16600,  23,  22,  29,    3,  -23 },   // 0xBB
  { 16664,  49,  34,  50,    2,  -33 },   // 0xBC
  { 16873,  48,  34,  50,    1,  -33 },   // 0xBD
  { 17077,  49,  35,  50,    2,  -34 },   // 0xBE
  { 17292,  22,  35,  26,    2,  -34 },   // 0xBF
  { 17389,  36,  46,  36,    0,  -45 },   // 0xC0
  { 17596,  36,  46,  36,    0,  -45 },   // 0xC1
  { 17803,  36,  45,  36,    0,  -44 },   // 0xC2
  { 18006,  36,  44,  36,    0,  -43 },   // 0xC3
  { 18204,  36,  46,  36,    0,  -45 },   // 0xC4
  { 18411,  36,  46,  36,    0,  -45 },   // 0xC5
  { 18618,  51,  33,  50,   -2,  -32 },   // 0xC6
  { 18829,  29,  44,  34,    2,  -32 },   // 0xC7
  { 18989,  30,  46,  34,    2,  -45 },   // 0xC8
  { 19162,  30,  46,  34,    2,  -45 },   // 0xC9
  { 19335,  30,  45,  34,    2,  -44 },   // 0xCA
  { 19504,  30,  46,  34,    2,  -45 },   // 0xCB
  { 19677,  17,  46,  21,    2,  -45 },   // 0xCC
  { 19775,  17,  46,  21,    2,  -45 },   // 0xCD
  { 19873,  17,  45,  21,    2,  -44 },   // 0xCE
  { 19969,  18,  46,  21,    1,  -45 },   // 0xCF
  { 20073,  35,  33,  39,    2,  -32 },   // 0xD0
  { 20218,  38,  45,  39,    1,  -43 },   // 0xD1
  { 20432,  34,  47,  39,    2,  -45 },   // 0xD2
  { 20632,  34,  47,  39,    2,  -45 },   // 0xD3
  { 20832,  34,  46,  39,    2,  -44 },   // 0xD4
  { 21028,  34,  45,  39,    2,  -43 },   // 0xD5
  { 21220,  34,  47,  39,    2,  -45 },   // 0xD6
  { 21420,  21,  22,  33,    6,  -23 },   // 0xD7
  { 21478,  34,  40,  39,    2,  -35 },   // 0xD8
  { 21648,  37,  47,  39,    1,  -45 },   // 0xD9
  { 21866,  37,  47,  39,    1,  -45 },   // 0xDA
  { 22084,  37,  46,  39,    1,  -44 },   // 0xDB
  { 22297,  37,  47,  39,    1,  -45 },   // 0xDC
  { 22515,  36,  46,  34,   -1,  -45 },   // 0xDD
  { 22722,  30,  33,  33,    2,  -32 },   // 0xDE
  { 22846,  30,  36,  31,    0,  -35 },   // 0xDF
  { 22981,  26,  37,  28,    2,  -35 },   // 0xE0
  { 23102,  26,  38,  28,    2,  -36 },   // 0xE1
  { 23226,  26,  37,  28,    2,  -35 },   // 0xE2
  { 23347,  26,  34,  28,    2,  -32 },   // 0xE3
  { 23458,  26,  36,  28,    2,  -34 },   // 0xE4
  { 23575,  26,  40,  28,    2,  -38 },   // 0xE5
  { 23705,  37,  24,  40,    2,  -22 },   // 0xE6
  { 23816,  22,  34,  25,    2,  -22 },   // 0xE7
  { 23910,  23,  37,  27,    2,  -35 },   // 0xE8
  { 24017,  23,  38,  27,    2,  -36 },   // 0xE9
  { 24127,  23,  37,  27,    2,  -35 },   // 0xEA
  { 24234,  23,  36,  27,    2,  -34 },   // 0xEB
  { 24338,  15,  36,  17,    1,  -35 },   // 0xEC
  { 24406,  15,  37,  17,    1,  -36 },   // 0xED
  { 24476,  17,  36,  17,    0,  -35 },   // 0xEE
  { 24553,  18,  35,  17,    0,  -34 },   // 0xEF
  { 24632,  26,  39,  30,    2,  -37 },   // 0xF0
  { 24759,  31,  33,  32,    1,  -32 },   // 0xF1
  { 24887,  26,  37,  30,    2,  -35 },   // 0xF2
  { 25008,  26,  38,  30,    2,  -36 },   // 0xF3
  { 25132,  26,  37,  30,    2,  -35 },   // 0xF4
  { 25253,  26,  34,  30,    2,  -32 },   // 0xF5
  { 25364,  26,  36,  30,    2,  -34 },   // 0xF6
  { 25481,  23,  26,  33,    5,  -25 },   // 0xF7
  { 25556,  26,  31,  30,    2,  -26 },   // 0xF8
  { 25657,  29,  37,  32,    1,  -35 },   // 0xF9
  { 25792,  29,  38,  32,    1,  -36 },   // 0xFA
  { 25930,  29,  37,  32,    1,  -35 },   // 0xFB
  { 26065,  29,  36,  32,    1,  -34 },   // 0xFC
  { 26196,  28,  47,  26,   -1,  -36 },   // 0xFD
  { 26361,  29,  46,  30,   -1,  -35 },   // 0xFE
  { 26528,  28,  45,  26,   -1,  -34 } }; // 0xFF

const GFXfont Gelasio_Bold24pt8b PROGMEM = {
  (uint8_t  *)Gelasio_Bold24pt8bBitmaps,
  (GFXglyph *)Gelasio_Bold24pt8bGlyphs,
  0x20, 0xFF, 60 };

// Approx. 28261 bytes

