// Font data for Literata.h - see header for provenance and regeneration notes.
#include "Literata.h"

const uint8_t Literata_Regular9pt8bBitmaps[] PROGMEM = {
  0x00, 0xBF, 0xFA, 0xA3, 0xC0, 0xD6, 0xF4, 0xA0, 0x11, 0x04, 0x41, 0x13,
  0xFF, 0x21, 0x08, 0x82, 0x27, 0xFE, 0x22, 0x08, 0x80, 0x08, 0x19, 0x6F,
  0x4B, 0xC9, 0xC8, 0x78, 0x3C, 0x0F, 0x0B, 0x89, 0x89, 0xCB, 0xBE, 0x08,
  0x08, 0x20, 0x46, 0xC6, 0x22, 0x21, 0x13, 0x0C, 0x90, 0x39, 0x00, 0x1B,
  0xE0, 0x91, 0x0C, 0x88, 0x44, 0x44, 0x3C, 0x08, 0x01, 0xB0, 0x18, 0x80,
  0xC4, 0x06, 0x63, 0x1E, 0x38, 0xE2, 0x49, 0x90, 0xC6, 0x86, 0x18, 0x30,
  0x61, 0x87, 0xF7, 0xE7, 0x00, 0xFD, 0x13, 0x26, 0x44, 0xCC, 0xCC, 0xC4,
  0x46, 0x23, 0x11, 0x43, 0x08, 0x63, 0x08, 0x43, 0x18, 0xC4, 0x23, 0x18,
  0x8C, 0x46, 0x00, 0x32, 0xCE, 0xCC, 0xEE, 0xD2, 0x00, 0x18, 0x18, 0x18,
  0xFF, 0x18, 0x18, 0x18, 0x18, 0xF7, 0x80, 0xFF, 0xF0, 0x02, 0x0C, 0x10,
  0x20, 0xC1, 0x02, 0x08, 0x10, 0x20, 0x81, 0x02, 0x08, 0x10, 0x60, 0x18,
  0x3F, 0x10, 0xD8, 0x6C, 0x14, 0x0E, 0x07, 0x03, 0xC1, 0x60, 0xB0, 0xCC,
  0x43, 0xC0, 0x13, 0xC3, 0x0C, 0x30, 0xC3, 0x0C, 0x30, 0xC3, 0x0C, 0xFC,
  0x18, 0x7E, 0xC3, 0x63, 0x03, 0x03, 0x06, 0x0C, 0x08, 0x10, 0x21, 0x7F,
  0x7F, 0x0C, 0x1F, 0x18, 0xCC, 0x60, 0x30, 0x30, 0x30, 0x06, 0x01, 0x00,
  0xF0, 0x4C, 0x63, 0xE0, 0x01, 0x03, 0x01, 0x81, 0x41, 0x20, 0x90, 0x88,
  0xC4, 0x42, 0x7F, 0xC0, 0x80, 0x40, 0xF8, 0x3F, 0x20, 0x20, 0x60, 0x5C,
  0x77, 0x03, 0x03, 0x03, 0x43, 0xC7, 0x3E, 0x0C, 0x3F, 0x63, 0xC2, 0xC0,
  0xFC, 0xE6, 0xC3, 0x83, 0x83, 0xC3, 0xC6, 0x7C, 0xFF, 0xE0, 0xA0, 0x80,
  0xC0, 0x40, 0x60, 0x30, 0x10, 0x18, 0x0C, 0x06, 0x03, 0x00, 0x0C, 0x19,
  0x98, 0x4C, 0x36, 0x11, 0xD0, 0x78, 0x4E, 0x61, 0xA0, 0xF0, 0x6C, 0x33,
  0xE0, 0x08, 0x1B, 0x18, 0xC8, 0x2C, 0x1E, 0x0D, 0x8E, 0xFF, 0x19, 0x01,
  0x80, 0xD8, 0xC7, 0xE0, 0xF0, 0x03, 0xC0, 0x7C, 0x00, 0x03, 0x65, 0xA0,
  0x06, 0x18, 0xC6, 0x0C, 0x06, 0x03, 0x03, 0xFF, 0x00, 0x00, 0xFF, 0xC0,
  0xC0, 0x60, 0x30, 0x63, 0x18, 0x60, 0x18, 0xDB, 0x1E, 0x30, 0x61, 0x86,
  0x08, 0x10, 0x20, 0x01, 0x83, 0x80, 0x0F, 0xC1, 0x81, 0x18, 0x04, 0x8F,
  0x18, 0x88, 0xCC, 0x46, 0x66, 0x32, 0x31, 0x99, 0x96, 0x77, 0x90, 0x00,
  0x40, 0xC1, 0xF8, 0x00, 0x07, 0x00, 0x38, 0x01, 0x60, 0x13, 0x00, 0x98,
  0x04, 0x60, 0x43, 0x03, 0xF8, 0x30, 0x61, 0x03, 0x08, 0x19, 0xF1, 0xF0,
  0xFF, 0x08, 0x62, 0x18, 0x86, 0x23, 0x0F, 0x82, 0x18, 0x83, 0x20, 0xC8,
  0x32, 0x1B, 0xFC, 0x0C, 0x4F, 0xF6, 0x0D, 0x01, 0xC0, 0x70, 0x0C, 0x03,
  0x00, 0xC0, 0x30, 0x06, 0x04, 0xC3, 0x1F, 0x80, 0xFF, 0x82, 0x0C, 0x20,
  0x62, 0x06, 0x20, 0x32, 0x03, 0x20, 0x32, 0x02, 0x20, 0x62, 0x04, 0x21,
  0xCF, 0xF0, 0xFF, 0x10, 0xC8, 0x24, 0x02, 0x21, 0xF0, 0x88, 0x44, 0x20,
  0x10, 0x48, 0x3F, 0xF0, 0xFF, 0x90, 0xC8, 0x24, 0x02, 0x21, 0x10, 0xF8,
  0x44, 0x20, 0x10, 0x08, 0x1F, 0x00, 0x0C, 0x43, 0xFC, 0x60, 0xC4, 0x04,
  0xC0, 0x4C, 0x00, 0xC0, 0x0C, 0x1F, 0xC0, 0xCC, 0x04, 0x60, 0x47, 0x0C,
  0x1F, 0xC0, 0xF8, 0xF9, 0x03, 0x08, 0x18, 0x40, 0xC2, 0x06, 0x1F, 0xF0,
  0x81, 0x84, 0x0C, 0x20, 0x61, 0x03, 0x08, 0x19, 0xF1, 0xF0, 0xF9, 0x08,
  0x42, 0x10, 0x84, 0x21, 0x0D, 0xF0, 0x1F, 0x06, 0x06, 0x06, 0x06, 0x06,
  0x06, 0x06, 0x06, 0xC4, 0xCC, 0xF8, 0xF9, 0xE2, 0x08, 0x21, 0x02, 0x20,
  0x24, 0x02, 0xC0, 0x36, 0x02, 0x60, 0x23, 0x02, 0x18, 0x31, 0xCF, 0x8F,
  0xF8, 0x10, 0x08, 0x04, 0x02, 0x01, 0x00, 0x80, 0x40, 0x20, 0x90, 0x48,
  0x7F, 0xF0, 0x78, 0x1E, 0x28, 0x38, 0x2C, 0x2C, 0x2C, 0x2C, 0x24, 0x4C,
  0x26, 0x4C, 0x26, 0x4C, 0x22, 0x8C, 0x23, 0x8C, 0x23, 0x8C, 0x20, 0x0C,
  0xF8, 0x1F, 0xF0, 0xF9, 0xC1, 0x0B, 0x08, 0x58, 0x42, 0x62, 0x13, 0x10,
  0x8C, 0x84, 0x34, 0x21, 0xA1, 0x07, 0x08, 0x39, 0xE0, 0xC0, 0x06, 0x03,
  0xF8, 0x60, 0xC4, 0x06, 0xC0, 0x6C, 0x02, 0xC0, 0x3C, 0x02, 0xC0, 0x6C,
  0x06, 0x60, 0x67, 0x0C, 0x1F, 0x80, 0xFF, 0x10, 0xC8, 0x64, 0x32, 0x19,
  0x18, 0xF8, 0x40, 0x20, 0x10, 0x08, 0x1F, 0x00, 0x06, 0x00, 0xFE, 0x06,
  0x0C, 0x10, 0x18, 0xC0, 0x63, 0x00, 0x8C, 0x03, 0x30, 0x08, 0xC0, 0x63,
  0xF9, 0x86, 0x26, 0x1C, 0xF0, 0x1F, 0x80, 0x03, 0x00, 0x0E, 0x40, 0x1E,
  0xFF, 0x04, 0x30, 0x86, 0x10, 0xC2, 0x18, 0x7E, 0x09, 0x81, 0x18, 0x23,
  0x04, 0x30, 0x86, 0x7C, 0x70, 0x19, 0x33, 0x90, 0x58, 0x2E, 0x03, 0x80,
  0xF8, 0x1E, 0x03, 0x40, 0xF0, 0x5C, 0x6B, 0xE0, 0xFF, 0xF8, 0x8E, 0x10,
  0x82, 0x00, 0x40, 0x08, 0x01, 0x00, 0x20, 0x04, 0x00, 0x80, 0x10, 0x0F,
  0x80, 0xF8, 0xF6, 0x02, 0x60, 0x26, 0x02, 0x60, 0x26, 0x02, 0x60, 0x26,
  0x02, 0x20, 0x23, 0x06, 0x30, 0xC1, 0xF8, 0xF8, 0xF9, 0x81, 0x0C, 0x18,
  0x20, 0x81, 0x84, 0x0C, 0x60, 0x22, 0x01, 0x90, 0x0D, 0x80, 0x28, 0x01,
  0xC0, 0x0E, 0x00, 0xF8, 0xE1, 0xE6, 0x14, 0x10, 0xC2, 0x82, 0x18, 0x58,
  0x41, 0x1B, 0x10, 0x32, 0x22, 0x06, 0x46, 0x40, 0xC8, 0xC8, 0x0B, 0x0A,
  0x01, 0xC1, 0xC0, 0x38, 0x38, 0x07, 0x07, 0x00, 0xF8, 0xF3, 0x04, 0x18,
  0x81, 0x98, 0x0F, 0x00, 0x60, 0x07, 0x00, 0xB0, 0x19, 0x81, 0x0C, 0x20,
  0x6F, 0x1F, 0xF8, 0xF3, 0x04, 0x18, 0x41, 0x88, 0x0D, 0x80, 0x50, 0x06,
  0x00, 0x60, 0x06, 0x00, 0x60, 0x06, 0x00, 0xF8, 0xFF, 0xB0, 0x68, 0x30,
  0x18, 0x06, 0x03, 0x01, 0x80, 0x60, 0x30, 0x58, 0x2E, 0x1B, 0xFE, 0xF2,
  0x49, 0x24, 0x92, 0x49, 0x24, 0x9C, 0xC0, 0x81, 0x01, 0x02, 0x04, 0x04,
  0x08, 0x18, 0x10, 0x20, 0x60, 0x40, 0x80, 0x81, 0xE4, 0x92, 0x49, 0x24,
  0x92, 0x49, 0x3C, 0x08, 0x18, 0x34, 0x24, 0x42, 0xC1, 0x81, 0xFF, 0x80,
  0x4C, 0x61, 0x7C, 0xC4, 0xC6, 0x06, 0x3E, 0xC6, 0xC6, 0xCE, 0x77, 0x10,
  0x38, 0x02, 0x00, 0x80, 0x20, 0x0B, 0xE3, 0x18, 0xC3, 0x20, 0xC8, 0x32,
  0x0C, 0x83, 0x31, 0x8F, 0xC0, 0x3C, 0x8F, 0x1E, 0x0C, 0x18, 0x30, 0x31,
  0x7C, 0x01, 0x03, 0x80, 0xC0, 0x60, 0x31, 0xF9, 0x8D, 0x86, 0xC3, 0x61,
  0xB0, 0xD8, 0x6E, 0x73, 0xEC, 0x3C, 0x8F, 0x0E, 0x1F, 0xF8, 0x30, 0x31,
  0x3C, 0x1C, 0x4C, 0x9B, 0x06, 0x1F, 0x18, 0x30, 0x60, 0xC1, 0x83, 0x06,
  0x1F, 0x00, 0x01, 0xCF, 0xE6, 0x31, 0x8C, 0x63, 0x18, 0xC3, 0xE1, 0x80,
  0x60, 0x0F, 0xE4, 0x1B, 0x06, 0x41, 0x9F, 0x80, 0x20, 0x38, 0x06, 0x01,
  0x80, 0x60, 0x1B, 0xC7, 0x19, 0x86, 0x61, 0x98, 0x66, 0x19, 0x86, 0x61,
  0xBC, 0xF0, 0x66, 0x00, 0xE6, 0x66, 0x66, 0x66, 0xF0, 0x6C, 0x0E, 0xDB,
  0x6D, 0xB6, 0xD6, 0x80, 0x20, 0x38, 0x06, 0x01, 0x80, 0x60, 0x19, 0xE6,
  0x31, 0x90, 0x68, 0x1E, 0x06, 0xC1, 0x98, 0x63, 0x3C, 0x70, 0x2E, 0x66,
  0x66, 0x66, 0x66, 0x66, 0x6F, 0xEF, 0x78, 0x73, 0xCC, 0x61, 0x8C, 0x61,
  0x84, 0x61, 0x84, 0x61, 0x84, 0x61, 0x84, 0x61, 0x84, 0xF3, 0xDF, 0xEF,
  0x1C, 0x66, 0x19, 0x86, 0x61, 0x98, 0x66, 0x19, 0x86, 0xF3, 0xC0, 0x3E,
  0x21, 0xB0, 0xD8, 0x2C, 0x1E, 0x0B, 0x0C, 0xC6, 0x3E, 0x00, 0xEF, 0x8A,
  0x63, 0x0C, 0xC3, 0x30, 0xCC, 0x33, 0x0C, 0xC6, 0x3F, 0x0C, 0x03, 0x00,
  0xC0, 0x78, 0x00, 0x3F, 0x31, 0xB0, 0xD8, 0x6C, 0x36, 0x1B, 0x0D, 0xCE,
  0x7F, 0x01, 0x80, 0xC0, 0x60, 0x78, 0xEE, 0xED, 0x9B, 0x06, 0x0C, 0x18,
  0x30, 0xF8, 0x7F, 0x1C, 0x78, 0x7C, 0x38, 0x71, 0xF8, 0x21, 0x86, 0x3E,
  0x61, 0x86, 0x18, 0x61, 0x86, 0x4E, 0xE3, 0x84, 0x10, 0x82, 0x10, 0x42,
  0x08, 0x41, 0x0C, 0x61, 0x8C, 0x1E, 0xE0, 0xFB, 0xD8, 0x23, 0x18, 0xC4,
  0x11, 0x06, 0x81, 0xA0, 0x28, 0x0C, 0x00, 0xF1, 0x9E, 0xC3, 0x18, 0x8A,
  0x21, 0x96, 0x43, 0x2C, 0x82, 0xCB, 0x07, 0x1C, 0x0E, 0x38, 0x0C, 0x70,
  0xFB, 0xDC, 0x43, 0x20, 0x70, 0x0C, 0x07, 0x81, 0x30, 0x8C, 0xF7, 0xC0,
  0xFB, 0xD8, 0x23, 0x10, 0xC4, 0x13, 0x06, 0x80, 0xA0, 0x30, 0x0C, 0x02,
  0x04, 0x83, 0x40, 0xF0, 0x00, 0xFF, 0x0A, 0x30, 0xC3, 0x04, 0x18, 0xE3,
  0xFE, 0x3B, 0x18, 0xC2, 0x10, 0x8C, 0xC3, 0x08, 0x42, 0x31, 0x8C, 0x61,
  0xC0, 0xFF, 0xFF, 0xE1, 0x08, 0x46, 0x31, 0x84, 0x19, 0x18, 0xC6, 0x30,
  0x84, 0x27, 0x00, 0x7D, 0x86, 0xFF, 0x06, 0x0C, 0x18, 0x30, 0x60, 0xC1,
  0x83, 0x06, 0x0F, 0xF0, 0xFF, 0x06, 0x0C, 0x18, 0x30, 0x60, 0xC1, 0x83,
  0x06, 0x0F, 0xF0, 0xFF, 0x06, 0x0C, 0x18, 0x30, 0x60, 0xC1, 0x83, 0x06,
  0x0F, 0xF0, 0xFF, 0x06, 0x0C, 0x18, 0x30, 0x60, 0xC1, 0x83, 0x06, 0x0F,
  0xF0, 0xFF, 0x06, 0x0C, 0x18, 0x30, 0x60, 0xC1, 0x83, 0x06, 0x0F, 0xF0,
  0xFF, 0x06, 0x0C, 0x18, 0x30, 0x60, 0xC1, 0x83, 0x06, 0x0F, 0xF0, 0xFF,
  0x06, 0x0C, 0x18, 0x30, 0x60, 0xC1, 0x83, 0x06, 0x0F, 0xF0, 0xFF, 0x06,
  0x0C, 0x18, 0x30, 0x60, 0xC1, 0x83, 0x06, 0x0F, 0xF0, 0xFF, 0x06, 0x0C,
  0x18, 0x30, 0x60, 0xC1, 0x83, 0x06, 0x0F, 0xF0, 0xFF, 0x06, 0x0C, 0x18,
  0x30, 0x60, 0xC1, 0x83, 0x06, 0x0F, 0xF0, 0xFF, 0x06, 0x0C, 0x18, 0x30,
  0x60, 0xC1, 0x83, 0x06, 0x0F, 0xF0, 0xFF, 0x06, 0x0C, 0x18, 0x30, 0x60,
  0xC1, 0x83, 0x06, 0x0F, 0xF0, 0xFF, 0x06, 0x0C, 0x18, 0x30, 0x60, 0xC1,
  0x83, 0x06, 0x0F, 0xF0, 0xFF, 0x06, 0x0C, 0x18, 0x30, 0x60, 0xC1, 0x83,
  0x06, 0x0F, 0xF0, 0xFF, 0x06, 0x0C, 0x18, 0x30, 0x60, 0xC1, 0x83, 0x06,
  0x0F, 0xF0, 0xFF, 0x06, 0x0C, 0x18, 0x30, 0x60, 0xC1, 0x83, 0x06, 0x0F,
  0xF0, 0xFF, 0x06, 0x0C, 0x18, 0x30, 0x60, 0xC1, 0x83, 0x06, 0x0F, 0xF0,
  0xFF, 0x06, 0x0C, 0x18, 0x30, 0x60, 0xC1, 0x83, 0x06, 0x0F, 0xF0, 0xFF,
  0x06, 0x0C, 0x18, 0x30, 0x60, 0xC1, 0x83, 0x06, 0x0F, 0xF0, 0xFF, 0x06,
  0x0C, 0x18, 0x30, 0x60, 0xC1, 0x83, 0x06, 0x0F, 0xF0, 0xFF, 0x06, 0x0C,
  0x18, 0x30, 0x60, 0xC1, 0x83, 0x06, 0x0F, 0xF0, 0xFF, 0x06, 0x0C, 0x18,
  0x30, 0x60, 0xC1, 0x83, 0x06, 0x0F, 0xF0, 0xFF, 0x06, 0x0C, 0x18, 0x30,
  0x60, 0xC1, 0x83, 0x06, 0x0F, 0xF0, 0xFF, 0x06, 0x0C, 0x18, 0x30, 0x60,
  0xC1, 0x83, 0x06, 0x0F, 0xF0, 0xFF, 0x06, 0x0C, 0x18, 0x30, 0x60, 0xC1,
  0x83, 0x06, 0x0F, 0xF0, 0xFF, 0x06, 0x0C, 0x18, 0x30, 0x60, 0xC1, 0x83,
  0x06, 0x0F, 0xF0, 0xFF, 0x06, 0x0C, 0x18, 0x30, 0x60, 0xC1, 0x83, 0x06,
  0x0F, 0xF0, 0xFF, 0x06, 0x0C, 0x18, 0x30, 0x60, 0xC1, 0x83, 0x06, 0x0F,
  0xF0, 0xFF, 0x06, 0x0C, 0x18, 0x30, 0x60, 0xC1, 0x83, 0x06, 0x0F, 0xF0,
  0xFF, 0x06, 0x0C, 0x18, 0x30, 0x60, 0xC1, 0x83, 0x06, 0x0F, 0xF0, 0xFF,
  0x06, 0x0C, 0x18, 0x30, 0x60, 0xC1, 0x83, 0x06, 0x0F, 0xF0, 0xFF, 0x06,
  0x0C, 0x18, 0x30, 0x60, 0xC1, 0x83, 0x06, 0x0F, 0xF0, 0xFF, 0x06, 0x0C,
  0x18, 0x30, 0x60, 0xC1, 0x83, 0x06, 0x0F, 0xF0, 0x00, 0xF2, 0xAB, 0xFF,
  0x80, 0x08, 0x79, 0xDE, 0xBD, 0x1A, 0x34, 0x70, 0xE2, 0xF8, 0x80, 0x18,
  0x66, 0x47, 0xC6, 0xC0, 0x60, 0x60, 0xFE, 0x30, 0x30, 0x21, 0x43, 0xFF,
  0xDB, 0x64, 0x46, 0x42, 0x46, 0x64, 0xDB, 0xF9, 0xEC, 0x18, 0xC2, 0x08,
  0x81, 0x91, 0xFF, 0x83, 0x87, 0xFE, 0x04, 0x00, 0x80, 0x10, 0x0F, 0x80,
  0xFC, 0x7F, 0x0C, 0x1B, 0x09, 0x84, 0x07, 0x06, 0xE3, 0x39, 0x86, 0x61,
  0x9C, 0xC7, 0x40, 0xE0, 0x23, 0x11, 0x98, 0x70, 0xDE, 0xC0, 0x1F, 0xC6,
  0x06, 0x4F, 0x29, 0x89, 0x90, 0x19, 0x01, 0x90, 0x19, 0x89, 0x4F, 0x26,
  0x04, 0x1F, 0x80, 0xF2, 0x60, 0xBE, 0x8B, 0x66, 0xC0, 0x36, 0xDB, 0x66,
  0xC4, 0x84, 0x84, 0x80, 0xFF, 0x01, 0x01, 0x00, 0x7D, 0xAB, 0xBE, 0xED,
  0x47, 0x00, 0xF8, 0x69, 0x9F, 0x18, 0x18, 0xFF, 0xFF, 0x18, 0x18, 0x18,
  0x00, 0xFF, 0x3B, 0x34, 0x43, 0x08, 0x42, 0x5F, 0x39, 0x34, 0x43, 0x18,
  0x10, 0x7B, 0x30, 0x2D, 0x40, 0xC3, 0x30, 0xCC, 0x33, 0x0C, 0xC3, 0x30,
  0xCC, 0x33, 0x1C, 0xF9, 0xF0, 0x0C, 0x03, 0x00, 0x40, 0x00, 0x77, 0x76,
  0xF6, 0xF6, 0xF6, 0x76, 0x76, 0x36, 0x06, 0x06, 0x06, 0x06, 0x06, 0x06,
  0x1E, 0xF0, 0x27, 0x1F, 0x6E, 0x66, 0x66, 0x6F, 0x7A, 0x38, 0xE3, 0x8F,
  0x23, 0x00, 0x91, 0xB1, 0xB1, 0xB6, 0xDB, 0x24, 0x00, 0x60, 0x21, 0xC0,
  0x41, 0x81, 0x03, 0x06, 0x06, 0x08, 0x4C, 0x23, 0x98, 0x47, 0x79, 0x16,
  0x02, 0x4C, 0x08, 0x98, 0x33, 0xF8, 0x40, 0x61, 0x00, 0xC0, 0x60, 0x21,
  0xC0, 0x41, 0x81, 0x03, 0x06, 0x06, 0x09, 0xCC, 0x2C, 0xD8, 0x48, 0xF9,
  0x03, 0x02, 0x04, 0x08, 0x10, 0x30, 0x48, 0x41, 0xF1, 0x00, 0x00, 0x38,
  0x08, 0x26, 0x04, 0x11, 0x04, 0x01, 0x86, 0x01, 0x82, 0x10, 0x22, 0x38,
  0x11, 0x1D, 0xD9, 0x16, 0x30, 0x93, 0x00, 0x89, 0x80, 0xCF, 0xE0, 0x40,
  0x60, 0x40, 0x30, 0x18, 0x30, 0x00, 0x40, 0x83, 0x0C, 0x38, 0x61, 0x8D,
  0x1B, 0x31, 0x80, 0x0C, 0x00, 0x30, 0x00, 0x40, 0x00, 0x00, 0x70, 0x03,
  0x80, 0x16, 0x01, 0x30, 0x09, 0x80, 0x46, 0x04, 0x30, 0x3F, 0x83, 0x06,
  0x10, 0x30, 0x81, 0x9F, 0x1F, 0x01, 0x00, 0x18, 0x01, 0x00, 0x00, 0x00,
  0x70, 0x03, 0x80, 0x16, 0x01, 0x30, 0x09, 0x80, 0x46, 0x04, 0x30, 0x3F,
  0x83, 0x06, 0x10, 0x30, 0x81, 0x9F, 0x1F, 0x07, 0x00, 0x6C, 0x02, 0x20,
  0x00, 0x00, 0x70, 0x03, 0x80, 0x16, 0x01, 0x30, 0x09, 0x80, 0x46, 0x04,
  0x30, 0x3F, 0x83, 0x06, 0x10, 0x30, 0x81, 0x9F, 0x1F, 0x0E, 0x80, 0xFC,
  0x00, 0x00, 0x00, 0x00, 0x70, 0x03, 0x80, 0x16, 0x01, 0x30, 0x09, 0x80,
  0x46, 0x04, 0x30, 0x3F, 0x83, 0x06, 0x10, 0x30, 0x81, 0x9F, 0x1F, 0x0D,
  0x80, 0xEC, 0x00, 0x00, 0x00, 0x00, 0x70, 0x03, 0x80, 0x16, 0x01, 0x30,
  0x09, 0x80, 0x46, 0x04, 0x30, 0x3F, 0x83, 0x06, 0x10, 0x30, 0x81, 0x9F,
  0x1F, 0x07, 0x00, 0x28, 0x03, 0x40, 0x0E, 0x00, 0x00, 0x03, 0x80, 0x1C,
  0x00, 0xB0, 0x09, 0x80, 0x4C, 0x02, 0x30, 0x21, 0x81, 0xFC, 0x18, 0x30,
  0x81, 0x84, 0x0C, 0xF8, 0xF8, 0x07, 0xFF, 0x01, 0x30, 0x80, 0x98, 0x40,
  0x8C, 0x00, 0x46, 0x20, 0x7F, 0xF0, 0x21, 0x98, 0x30, 0xC4, 0x10, 0x60,
  0x18, 0x30, 0xC8, 0x18, 0x5F, 0x3F, 0xE0, 0x0C, 0x4F, 0xF6, 0x0D, 0x01,
  0xC0, 0x70, 0x0C, 0x03, 0x00, 0xC0, 0x30, 0x06, 0x04, 0xC3, 0x1F, 0x81,
  0x00, 0xE0, 0x08, 0x0E, 0x00, 0x30, 0x0C, 0x01, 0x00, 0x0F, 0xF1, 0x0C,
  0x82, 0x40, 0x22, 0x1F, 0x08, 0x84, 0x42, 0x01, 0x04, 0x83, 0xFF, 0x04,
  0x06, 0x04, 0x00, 0x0F, 0xF1, 0x0C, 0x82, 0x40, 0x22, 0x1F, 0x08, 0x84,
  0x42, 0x01, 0x04, 0x83, 0xFF, 0x1C, 0x1B, 0x08, 0x80, 0x0F, 0xF1, 0x0C,
  0x82, 0x40, 0x22, 0x1F, 0x08, 0x84, 0x42, 0x01, 0x04, 0x83, 0xFF, 0x36,
  0x3B, 0x00, 0x00, 0x0F, 0xF1, 0x0C, 0x82, 0x40, 0x22, 0x1F, 0x08, 0x84,
  0x42, 0x01, 0x04, 0x83, 0xFF, 0xC3, 0x04, 0x0F, 0x90, 0x84, 0x21, 0x08,
  0x42, 0x10, 0xDF, 0x11, 0x90, 0x0F, 0x90, 0x84, 0x21, 0x08, 0x42, 0x10,
  0xDF, 0x76, 0xE2, 0x0F, 0x90, 0x84, 0x21, 0x08, 0x42, 0x10, 0xDF, 0x6F,
  0xB0, 0x00, 0x7C, 0x41, 0x04, 0x10, 0x41, 0x04, 0x10, 0x41, 0x9F, 0x7F,
  0xC0, 0x83, 0x04, 0x0C, 0x20, 0x61, 0x01, 0xBF, 0x8E, 0x40, 0x62, 0x02,
  0x10, 0x30, 0x81, 0x04, 0x38, 0xFF, 0x00, 0x0E, 0x80, 0xFC, 0x00, 0x00,
  0x00, 0x0F, 0x0F, 0x9C, 0x10, 0xB0, 0x85, 0x84, 0x26, 0x21, 0x31, 0x08,
  0xC8, 0x43, 0x42, 0x1A, 0x10, 0x70, 0x83, 0x9E, 0x0C, 0x18, 0x00, 0xC0,
  0x02, 0x00, 0x60, 0x3F, 0x86, 0x0C, 0x40, 0x6C, 0x06, 0xC0, 0x2C, 0x03,
  0xC0, 0x2C, 0x06, 0xC0, 0x66, 0x06, 0x70, 0xC1, 0xF8, 0x02, 0x00, 0x60,
  0x08, 0x00, 0x60, 0x3F, 0x86, 0x0C, 0x40, 0x6C, 0x06, 0xC0, 0x2C, 0x03,
  0xC0, 0x2C, 0x06, 0xC0, 0x66, 0x06, 0x70, 0xC1, 0xF8, 0x0E, 0x01, 0xB0,
  0x11, 0x00, 0x60, 0x3F, 0x86, 0x0C, 0x40, 0x6C, 0x06, 0xC0, 0x2C, 0x03,
  0xC0, 0x2C, 0x06, 0xC0, 0x66, 0x06, 0x70, 0xC1, 0xF8, 0x1D, 0x03, 0xF0,
  0x00, 0x00, 0x60, 0x3F, 0x86, 0x0C, 0x40, 0x6C, 0x06, 0xC0, 0x2C, 0x03,
  0xC0, 0x2C, 0x06, 0xC0, 0x66, 0x06, 0x70, 0xC1, 0xF8, 0x1B, 0x03, 0xB0,
  0x00, 0x00, 0x60, 0x3F, 0x86, 0x0C, 0x40, 0x6C, 0x06, 0xC0, 0x2C, 0x03,
  0xC0, 0x2C, 0x06, 0xC0, 0x66, 0x06, 0x70, 0xC1, 0xF8, 0x87, 0x37, 0x8C,
  0x7B, 0x38, 0x40, 0x06, 0x33, 0xFE, 0x60, 0xC4, 0x0E, 0xC1, 0x6C, 0x22,
  0xC6, 0x3C, 0xC2, 0xC8, 0x6D, 0x06, 0x60, 0x67, 0x0C, 0xDF, 0x80, 0x0C,
  0x00, 0x60, 0x01, 0x00, 0x00, 0xF8, 0xF6, 0x02, 0x60, 0x26, 0x02, 0x60,
  0x26, 0x02, 0x60, 0x26, 0x02, 0x20, 0x23, 0x06, 0x30, 0xC1, 0xF8, 0x01,
  0x00, 0x30, 0x04, 0x00, 0x00, 0xF8, 0xF6, 0x02, 0x60, 0x26, 0x02, 0x60,
  0x26, 0x02, 0x60, 0x26, 0x02, 0x20, 0x23, 0x06, 0x30, 0xC1, 0xF8, 0x07,
  0x00, 0xD8, 0x08, 0x80, 0x00, 0xF8, 0xF6, 0x02, 0x60, 0x26, 0x02, 0x60,
  0x26, 0x02, 0x60, 0x26, 0x02, 0x20, 0x23, 0x06, 0x30, 0xC1, 0xF8, 0x0D,
  0x81, 0xD8, 0x00, 0x00, 0x00, 0xF8, 0xF6, 0x02, 0x60, 0x26, 0x02, 0x60,
  0x26, 0x02, 0x60, 0x26, 0x02, 0x20, 0x23, 0x06, 0x30, 0xC1, 0xF8, 0x01,
  0x00, 0x30, 0x04, 0x00, 0x00, 0xF8, 0xF3, 0x04, 0x18, 0x41, 0x88, 0x0D,
  0x80, 0x50, 0x06, 0x00, 0x60, 0x06, 0x00, 0x60, 0x06, 0x00, 0xF8, 0xF8,
  0x10, 0x0F, 0x84, 0x72, 0x19, 0x0C, 0x86, 0x43, 0x3F, 0x10, 0x08, 0x1F,
  0x00, 0x0E, 0x0C, 0x42, 0x19, 0x84, 0x63, 0x38, 0x86, 0x61, 0x98, 0x67,
  0x18, 0x76, 0x0D, 0xA1, 0x6C, 0x7B, 0xF0, 0x20, 0x60, 0x30, 0x08, 0x00,
  0x7C, 0xC4, 0xC6, 0x06, 0x3E, 0xC6, 0xC6, 0xCE, 0x77, 0x08, 0x18, 0x10,
  0x20, 0x00, 0x7C, 0xC4, 0xC6, 0x06, 0x3E, 0xC6, 0xC6, 0xCE, 0x77, 0x10,
  0x38, 0x68, 0x44, 0x00, 0x7C, 0xC4, 0xC6, 0x06, 0x3E, 0xC6, 0xC6, 0xCE,
  0x77, 0x74, 0x9C, 0x00, 0x00, 0x7C, 0xC4, 0xC6, 0x06, 0x3E, 0xC6, 0xC6,
  0xCE, 0x77, 0x6C, 0x6C, 0x00, 0x00, 0x7C, 0xC4, 0xC6, 0x06, 0x3E, 0xC6,
  0xC6, 0xCE, 0x77, 0x38, 0x68, 0x28, 0x30, 0x00, 0x7C, 0xC4, 0xC6, 0x06,
  0x3E, 0xC6, 0xC6, 0xCE, 0x77, 0x7D, 0xE6, 0x31, 0xB1, 0x84, 0x0C, 0x23,
  0xFF, 0x63, 0x03, 0x18, 0x19, 0xE3, 0xF9, 0xE0, 0x3C, 0x8F, 0x1E, 0x0C,
  0x18, 0x30, 0x31, 0x7C, 0x20, 0x60, 0x63, 0x80, 0x10, 0x60, 0x60, 0x20,
  0x07, 0x91, 0xE1, 0xC3, 0xFF, 0x06, 0x06, 0x27, 0x80, 0x04, 0x18, 0x20,
  0x80, 0x07, 0x91, 0xE1, 0xC3, 0xFF, 0x06, 0x06, 0x27, 0x80, 0x08, 0x38,
  0xD1, 0x10, 0x07, 0x91, 0xE1, 0xC3, 0xFF, 0x06, 0x06, 0x27, 0x80, 0x36,
  0x6C, 0x00, 0x03, 0xC8, 0xF0, 0xE1, 0xFF, 0x83, 0x03, 0x13, 0xC0, 0x46,
  0x18, 0x20, 0x38, 0xC6, 0x31, 0x8C, 0x63, 0x3C, 0x26, 0x48, 0x0E, 0x66,
  0x66, 0x66, 0x6F, 0x23, 0xB5, 0x10, 0x38, 0xC6, 0x31, 0x8C, 0x63, 0x3C,
  0xDE, 0xC0, 0x07, 0x18, 0xC6, 0x31, 0x8C, 0x67, 0x80, 0x23, 0x5E, 0x0E,
  0x12, 0x03, 0x3B, 0x65, 0xC3, 0xC3, 0xC1, 0xC3, 0xC3, 0xC2, 0x7C, 0x1D,
  0x09, 0xC0, 0x00, 0x00, 0xEF, 0x1C, 0x66, 0x19, 0x86, 0x61, 0x98, 0x66,
  0x19, 0x86, 0xF3, 0xC0, 0x10, 0x18, 0x06, 0x00, 0x80, 0x01, 0xF1, 0x0D,
  0x86, 0xC1, 0x60, 0xF0, 0x58, 0x66, 0x31, 0xF0, 0x04, 0x06, 0x02, 0x02,
  0x00, 0x01, 0xF1, 0x0D, 0x86, 0xC1, 0x60, 0xF0, 0x58, 0x66, 0x31, 0xF0,
  0x08, 0x0E, 0x0D, 0x04, 0x40, 0x01, 0xF1, 0x0D, 0x86, 0xC1, 0x60, 0xF0,
  0x58, 0x66, 0x31, 0xF0, 0x3A, 0x27, 0x00, 0x00, 0x03, 0xE2, 0x1B, 0x0D,
  0x82, 0xC1, 0xE0, 0xB0, 0xCC, 0x63, 0xE0, 0x36, 0x1B, 0x00, 0x00, 0x03,
  0xE2, 0x1B, 0x0D, 0x82, 0xC1, 0xE0, 0xB0, 0xCC, 0x63, 0xE0, 0x18, 0x18,
  0x00, 0xFF, 0x00, 0x18, 0x18, 0x1F, 0xC8, 0x66, 0x39, 0x92, 0x6C, 0xDE,
  0x27, 0x19, 0xC6, 0xDF, 0x00, 0x08, 0x03, 0x00, 0x30, 0x01, 0x00, 0x01,
  0xC7, 0x08, 0x21, 0x04, 0x20, 0x84, 0x10, 0x82, 0x18, 0xC3, 0x18, 0x3D,
  0xC0, 0x02, 0x00, 0xC0, 0x10, 0x04, 0x00, 0x01, 0xC7, 0x08, 0x21, 0x04,
  0x20, 0x84, 0x10, 0x82, 0x18, 0xC3, 0x18, 0x3D, 0xC0, 0x04, 0x01, 0xC0,
  0x68, 0x08, 0x80, 0x01, 0xC7, 0x08, 0x21, 0x04, 0x20, 0x84, 0x10, 0x82,
  0x18, 0xC3, 0x18, 0x3D, 0xC0, 0x1B, 0x03, 0x60, 0x00, 0x00, 0x0E, 0x38,
  0x41, 0x08, 0x21, 0x04, 0x20, 0x84, 0x10, 0xC6, 0x18, 0xC1, 0xEE, 0x02,
  0x01, 0x80, 0x40, 0x20, 0x00, 0x3E, 0xF6, 0x08, 0xC4, 0x31, 0x04, 0xC1,
  0xA0, 0x28, 0x0C, 0x03, 0x00, 0x81, 0x20, 0xD0, 0x3C, 0x00, 0x10, 0x38,
  0x02, 0x00, 0x80, 0x20, 0x0B, 0xC3, 0x18, 0xC3, 0x20, 0xC8, 0x32, 0x0C,
  0x82, 0x31, 0x8F, 0xC2, 0x00, 0x80, 0x20, 0x3E, 0x00, 0x1B, 0x06, 0xC0,
  0x00, 0x00, 0xFB, 0xD8, 0x23, 0x10, 0xC4, 0x13, 0x06, 0x80, 0xA0, 0x30,
  0x0C, 0x02, 0x04, 0x83, 0x40, 0xF0, 0x00 };

const GFXglyph Literata_Regular9pt8bGlyphs[] PROGMEM = {
  {     0,   1,   1,   4,    0,    0 },   // 0x20 ' '
  {     1,   2,  13,   6,    2,  -12 },   // 0x21 '!'
  {     5,   5,   4,   7,    1,  -13 },   // 0x22 '"'
  {     8,  10,  10,  12,    1,   -9 },   // 0x23 '#'
  {    21,   8,  16,  10,    1,  -13 },   // 0x24 '$'
  {    37,  13,  11,  15,    1,  -10 },   // 0x25 '%'
  {    55,  13,  13,  14,    1,  -12 },   // 0x26 '&'
  {    77,   2,   4,   4,    1,  -13 },   // 0x27 '''
  {    78,   4,  18,   6,    1,  -13 },   // 0x28 '('
  {    87,   5,  18,   6,    0,  -13 },   // 0x29 ')'
  {    99,   6,   7,   8,    1,  -13 },   // 0x2A '*'
  {   105,   8,   8,  10,    1,   -8 },   // 0x2B '+'
  {   113,   2,   5,   6,    2,   -1 },   // 0x2C ','
  {   115,   4,   2,   6,    1,   -5 },   // 0x2D '-'
  {   116,   2,   2,   6,    2,   -1 },   // 0x2E '.'
  {   117,   7,  16,   8,    0,  -13 },   // 0x2F '/'
  {   131,   9,  13,  10,    1,  -12 },   // 0x30 '0'
  {   146,   6,  13,   7,    1,  -12 },   // 0x31 '1'
  {   156,   8,  13,   9,    0,  -12 },   // 0x32 '2'
  {   169,   9,  13,  10,    0,  -12 },   // 0x33 '3'
  {   184,   9,  13,  10,    0,  -12 },   // 0x34 '4'
  {   199,   8,  12,   9,    0,  -11 },   // 0x35 '5'
  {   211,   8,  13,   9,    1,  -12 },   // 0x36 '6'
  {   224,   9,  12,   9,    0,  -11 },   // 0x37 '7'
  {   238,   9,  13,  10,    0,  -12 },   // 0x38 '8'
  {   253,   9,  13,   9,    0,  -12 },   // 0x39 '9'
  {   268,   2,   9,   6,    2,   -8 },   // 0x3A ':'
  {   271,   3,  12,   6,    1,   -8 },   // 0x3B ';'
  {   276,   7,   8,  10,    1,   -8 },   // 0x3C '<'
  {   283,   8,   4,  10,    1,   -6 },   // 0x3D '='
  {   287,   7,   8,  10,    2,   -8 },   // 0x3E '>'
  {   294,   7,  13,   9,    1,  -12 },   // 0x3F '?'
  {   306,  13,  13,  15,    1,   -9 },   // 0x40 '@'
  {   328,  13,  12,  13,    0,  -11 },   // 0x41 'A'
  {   348,  10,  12,  12,    1,  -11 },   // 0x42 'B'
  {   363,  10,  13,  12,    1,  -12 },   // 0x43 'C'
  {   380,  12,  12,  13,    1,  -11 },   // 0x44 'D'
  {   398,   9,  12,  11,    1,  -11 },   // 0x45 'E'
  {   412,   9,  12,  11,    1,  -11 },   // 0x46 'F'
  {   426,  12,  13,  13,    1,  -12 },   // 0x47 'G'
  {   446,  13,  12,  15,    1,  -11 },   // 0x48 'H'
  {   466,   5,  12,   7,    1,  -11 },   // 0x49 'I'
  {   474,   8,  12,  10,    1,  -11 },   // 0x4A 'J'
  {   486,  12,  12,  13,    1,  -11 },   // 0x4B 'K'
  {   504,   9,  12,  11,    1,  -11 },   // 0x4C 'L'
  {   518,  16,  12,  18,    1,  -11 },   // 0x4D 'M'
  {   542,  13,  12,  15,    1,  -11 },   // 0x4E 'N'
  {   562,  12,  13,  13,    1,  -12 },   // 0x4F 'O'
  {   582,   9,  12,  11,    1,  -11 },   // 0x50 'P'
  {   596,  14,  16,  13,    1,  -12 },   // 0x51 'Q'
  {   624,  11,  12,  13,    1,  -11 },   // 0x52 'R'
  {   641,   9,  13,  11,    1,  -12 },   // 0x53 'S'
  {   656,  11,  12,  13,    1,  -11 },   // 0x54 'T'
  {   673,  12,  12,  14,    1,  -11 },   // 0x55 'U'
  {   691,  13,  12,  13,    0,  -11 },   // 0x56 'V'
  {   711,  19,  12,  19,    0,  -11 },   // 0x57 'W'
  {   740,  12,  12,  12,    0,  -11 },   // 0x58 'X'
  {   758,  12,  12,  13,    0,  -11 },   // 0x59 'Y'
  {   776,  10,  12,  12,    1,  -11 },   // 0x5A 'Z'
  {   791,   3,  18,   6,    2,  -13 },   // 0x5B '['
  {   798,   7,  16,   8,    0,  -13 },   // 0x5C '\'
  {   812,   3,  18,   6,    1,  -13 },   // 0x5D ']'
  {   819,   8,   7,  10,    1,  -12 },   // 0x5E '^'
  {   826,   9,   1,   8,    0,    2 },   // 0x5F '_'
  {   828,   4,   4,   9,    2,  -13 },   // 0x60 '`'
  {   830,   8,   9,  10,    1,   -8 },   // 0x61 'a'
  {   839,  10,  14,  11,    0,  -13 },   // 0x62 'b'
  {   857,   7,   9,   9,    1,   -8 },   // 0x63 'c'
  {   865,   9,  14,  11,    1,  -13 },   // 0x64 'd'
  {   881,   7,   9,   9,    1,   -8 },   // 0x65 'e'
  {   889,   7,  14,   7,    1,  -13 },   // 0x66 'f'
  {   902,  10,  14,  10,    0,   -9 },   // 0x67 'g'
  {   920,  10,  14,  12,    1,  -13 },   // 0x68 'h'
  {   938,   4,  13,   6,    1,  -12 },   // 0x69 'i'
  {   945,   3,  17,   5,    1,  -12 },   // 0x6A 'j'
  {   952,  10,  14,  11,    1,  -13 },   // 0x6B 'k'
  {   970,   4,  14,   6,    1,  -13 },   // 0x6C 'l'
  {   977,  16,   9,  17,    1,   -8 },   // 0x6D 'm'
  {   995,  10,   9,  12,    1,   -8 },   // 0x6E 'n'
  {  1007,   9,   9,  10,    1,   -8 },   // 0x6F 'o'
  {  1018,  10,  13,  11,    0,   -8 },   // 0x70 'p'
  {  1035,   9,  13,  11,    1,   -8 },   // 0x71 'q'
  {  1050,   7,   9,   8,    1,   -8 },   // 0x72 'r'
  {  1058,   6,   9,   8,    1,   -8 },   // 0x73 's'
  {  1065,   6,  12,   7,    1,  -11 },   // 0x74 't'
  {  1074,  11,   9,  11,    0,   -8 },   // 0x75 'u'
  {  1087,  10,   9,  10,    0,   -8 },   // 0x76 'v'
  {  1099,  15,   9,  15,    0,   -8 },   // 0x77 'w'
  {  1116,  10,   9,  10,    0,   -8 },   // 0x78 'x'
  {  1128,  10,  13,  10,    0,   -8 },   // 0x79 'y'
  {  1145,   7,   9,   9,    1,   -8 },   // 0x7A 'z'
  {  1153,   5,  18,   7,    1,  -13 },   // 0x7B '{'
  {  1165,   1,  16,   7,    3,  -13 },   // 0x7C '|'
  {  1167,   5,  18,   7,    1,  -13 },   // 0x7D '}'
  {  1179,   8,   2,  10,    1,   -5 },   // 0x7E '~'
  {  1181,   7,  12,   9,    1,  -11 },   // 0x7F
  {  1192,   7,  12,   9,    1,  -11 },   // 0x80
  {  1203,   7,  12,   9,    1,  -11 },   // 0x81
  {  1214,   7,  12,   9,    1,  -11 },   // 0x82
  {  1225,   7,  12,   9,    1,  -11 },   // 0x83
  {  1236,   7,  12,   9,    1,  -11 },   // 0x84
  {  1247,   7,  12,   9,    1,  -11 },   // 0x85
  {  1258,   7,  12,   9,    1,  -11 },   // 0x86
  {  1269,   7,  12,   9,    1,  -11 },   // 0x87
  {  1280,   7,  12,   9,    1,  -11 },   // 0x88
  {  1291,   7,  12,   9,    1,  -11 },   // 0x89
  {  1302,   7,  12,   9,    1,  -11 },   // 0x8A
  {  1313,   7,  12,   9,    1,  -11 },   // 0x8B
  {  1324,   7,  12,   9,    1,  -11 },   // 0x8C
  {  1335,   7,  12,   9,    1,  -11 },   // 0x8D
  {  1346,   7,  12,   9,    1,  -11 },   // 0x8E
  {  1357,   7,  12,   9,    1,  -11 },   // 0x8F
  {  1368,   7,  12,   9,    1,  -11 },   // 0x90
  {  1379,   7,  12,   9,    1,  -11 },   // 0x91
  {  1390,   7,  12,   9,    1,  -11 },   // 0x92
  {  1401,   7,  12,   9,    1,  -11 },   // 0x93
  {  1412,   7,  12,   9,    1,  -11 },   // 0x94
  {  1423,   7,  12,   9,    1,  -11 },   // 0x95
  {  1434,   7,  12,   9,    1,  -11 },   // 0x96
  {  1445,   7,  12,   9,    1,  -11 },   // 0x97
  {  1456,   7,  12,   9,    1,  -11 },   // 0x98
  {  1467,   7,  12,   9,    1,  -11 },   // 0x99
  {  1478,   7,  12,   9,    1,  -11 },   // 0x9A
  {  1489,   7,  12,   9,    1,  -11 },   // 0x9B
  {  1500,   7,  12,   9,    1,  -11 },   // 0x9C
  {  1511,   7,  12,   9,    1,  -11 },   // 0x9D
  {  1522,   7,  12,   9,    1,  -11 },   // 0x9E
  {  1533,   7,  12,   9,    1,  -11 },   // 0x9F
  {  1544,   1,   1,   4,    0,    0 },   // 0xA0
  {  1545,   2,  13,   6,    2,   -8 },   // 0xA1
  {  1549,   7,  11,   9,    1,  -10 },   // 0xA2
  {  1559,   8,  13,  10,    1,  -12 },   // 0xA3
  {  1572,   8,   7,  10,    1,   -8 },   // 0xA4
  {  1579,  11,  12,  12,    1,  -11 },   // 0xA5
  {  1596,   1,  16,   7,    3,  -13 },   // 0xA6
  {  1598,   9,  16,  11,    1,  -12 },   // 0xA7
  {  1616,   5,   2,   9,    2,  -12 },   // 0xA8
  {  1618,  12,  11,  14,    1,  -10 },   // 0xA9
  {  1635,   6,   7,   7,    1,  -12 },   // 0xAA
  {  1641,   7,   7,   9,    1,   -7 },   // 0xAB
  {  1648,   8,   3,  10,    1,   -5 },   // 0xAC
  {  1651,   1,   1,   0,    0,    0 },   // 0xAD
  {  1652,   7,   6,   9,    1,  -12 },   // 0xAE
  {  1658,   5,   1,   9,    2,  -11 },   // 0xAF
  {  1659,   4,   4,   6,    1,  -13 },   // 0xB0
  {  1661,   8,   9,  10,    1,   -8 },   // 0xB1
  {  1670,   6,   8,   7,    0,  -14 },   // 0xB2
  {  1676,   6,   9,   7,    0,  -14 },   // 0xB3
  {  1683,   3,   4,   9,    3,  -13 },   // 0xB4
  {  1685,  10,  13,  11,    1,   -8 },   // 0xB5
  {  1702,   8,  15,  10,    1,  -11 },   // 0xB6
  {  1717,   2,   2,   6,    2,   -5 },   // 0xB7
  {  1718,   4,   4,   9,    2,    1 },   // 0xB8
  {  1720,   4,   8,   6,    1,  -14 },   // 0xB9
  {  1724,   6,   7,   8,    1,  -12 },   // 0xBA
  {  1730,   7,   7,   9,    1,   -7 },   // 0xBB
  {  1737,  15,  13,  16,    1,  -12 },   // 0xBC
  {  1762,  15,  13,  17,    1,  -12 },   // 0xBD
  {  1787,  17,  13,  17,    0,  -12 },   // 0xBE
  {  1815,   7,  13,   9,    1,   -8 },   // 0xBF
  {  1827,  13,  16,  13,    0,  -15 },   // 0xC0
  {  1853,  13,  16,  13,    0,  -15 },   // 0xC1
  {  1879,  13,  16,  13,    0,  -15 },   // 0xC2
  {  1905,  13,  16,  13,    0,  -15 },   // 0xC3
  {  1931,  13,  16,  13,    0,  -15 },   // 0xC4
  {  1957,  13,  17,  13,    0,  -16 },   // 0xC5
  {  1985,  17,  12,  18,    0,  -11 },   // 0xC6
  {  2011,  10,  17,  12,    1,  -12 },   // 0xC7
  {  2033,   9,  16,  11,    1,  -15 },   // 0xC8
  {  2051,   9,  16,  11,    1,  -15 },   // 0xC9
  {  2069,   9,  16,  11,    1,  -15 },   // 0xCA
  {  2087,   9,  16,  11,    1,  -15 },   // 0xCB
  {  2105,   5,  16,   7,    1,  -15 },   // 0xCC
  {  2115,   5,  16,   7,    1,  -15 },   // 0xCD
  {  2125,   5,  16,   7,    1,  -15 },   // 0xCE
  {  2135,   6,  16,   7,    0,  -15 },   // 0xCF
  {  2147,  13,  12,  13,    0,  -11 },   // 0xD0
  {  2167,  13,  16,  15,    1,  -15 },   // 0xD1
  {  2193,  12,  16,  13,    1,  -15 },   // 0xD2
  {  2217,  12,  16,  13,    1,  -15 },   // 0xD3
  {  2241,  12,  16,  13,    1,  -15 },   // 0xD4
  {  2265,  12,  16,  13,    1,  -15 },   // 0xD5
  {  2289,  12,  16,  13,    1,  -15 },   // 0xD6
  {  2313,   6,   7,  10,    2,   -8 },   // 0xD7
  {  2319,  12,  13,  13,    1,  -12 },   // 0xD8
  {  2339,  12,  16,  14,    1,  -15 },   // 0xD9
  {  2363,  12,  16,  14,    1,  -15 },   // 0xDA
  {  2387,  12,  16,  14,    1,  -15 },   // 0xDB
  {  2411,  12,  16,  14,    1,  -15 },   // 0xDC
  {  2435,  12,  16,  13,    0,  -15 },   // 0xDD
  {  2459,   9,  12,  11,    1,  -11 },   // 0xDE
  {  2473,  10,  14,  12,    1,  -13 },   // 0xDF
  {  2491,   8,  14,  10,    1,  -13 },   // 0xE0
  {  2505,   8,  14,  10,    1,  -13 },   // 0xE1
  {  2519,   8,  14,  10,    1,  -13 },   // 0xE2
  {  2533,   8,  13,  10,    1,  -12 },   // 0xE3
  {  2546,   8,  13,  10,    1,  -12 },   // 0xE4
  {  2559,   8,  14,  10,    1,  -13 },   // 0xE5
  {  2573,  13,   9,  14,    1,   -8 },   // 0xE6
  {  2588,   7,  13,   9,    1,   -8 },   // 0xE7
  {  2600,   7,  14,   9,    1,  -13 },   // 0xE8
  {  2613,   7,  14,   9,    1,  -13 },   // 0xE9
  {  2626,   7,  14,   9,    1,  -13 },   // 0xEA
  {  2639,   7,  13,   9,    1,  -12 },   // 0xEB
  {  2651,   5,  14,   6,    0,  -13 },   // 0xEC
  {  2660,   4,  14,   6,    1,  -13 },   // 0xED
  {  2667,   5,  14,   6,    0,  -13 },   // 0xEE
  {  2676,   5,  13,   6,    0,  -12 },   // 0xEF
  {  2685,   8,  14,  10,    1,  -13 },   // 0xF0
  {  2699,  10,  13,  12,    1,  -12 },   // 0xF1
  {  2716,   9,  14,  10,    1,  -13 },   // 0xF2
  {  2732,   9,  14,  10,    1,  -13 },   // 0xF3
  {  2748,   9,  14,  10,    1,  -13 },   // 0xF4
  {  2764,   9,  13,  10,    1,  -12 },   // 0xF5
  {  2779,   9,  13,  10,    1,  -12 },   // 0xF6
  {  2794,   8,   7,  10,    1,   -8 },   // 0xF7
  {  2801,  10,   9,  10,    0,   -8 },   // 0xF8
  {  2813,  11,  14,  11,    0,  -13 },   // 0xF9
  {  2833,  11,  14,  11,    0,  -13 },   // 0xFA
  {  2853,  11,  14,  11,    0,  -13 },   // 0xFB
  {  2873,  11,  13,  11,    0,  -12 },   // 0xFC
  {  2891,  10,  18,  10,    0,  -13 },   // 0xFD
  {  2914,  10,  18,  11,    0,  -13 },   // 0xFE
  {  2937,  10,  17,  10,    0,  -12 } }; // 0xFF

const GFXfont Literata_Regular9pt8b PROGMEM = {
  (uint8_t  *)Literata_Regular9pt8bBitmaps,
  (GFXglyph *)Literata_Regular9pt8bGlyphs,
  0x20, 0xFF, 26 };

// Approx. 4534 bytes

const uint8_t Literata_Regular10pt8bBitmaps[] PROGMEM = {
  0x00, 0xDB, 0x6D, 0xB2, 0x48, 0x0F, 0x80, 0xDE, 0xD2, 0x90, 0x08, 0x82,
  0x10, 0x42, 0x3F, 0xF1, 0x08, 0x22, 0x04, 0x47, 0xFF, 0x21, 0x04, 0x20,
  0x84, 0x00, 0x08, 0x04, 0x0F, 0xAD, 0x74, 0x9E, 0x47, 0xA0, 0xF0, 0x3E,
  0x0F, 0x82, 0xE1, 0x38, 0x8E, 0x4F, 0xA7, 0x7E, 0x08, 0x04, 0x00, 0x30,
  0x31, 0x98, 0xC3, 0x31, 0x04, 0x66, 0x0C, 0xC8, 0x1F, 0x20, 0x0C, 0xCF,
  0x01, 0x32, 0x06, 0x46, 0x08, 0x8C, 0x31, 0x90, 0xC1, 0xE0, 0x1E, 0x00,
  0xCC, 0x02, 0x10, 0x18, 0x40, 0x33, 0x08, 0xF8, 0xF1, 0xC2, 0xDB, 0x90,
  0x47, 0x43, 0x0F, 0x0C, 0x1C, 0x30, 0x39, 0x61, 0xFC, 0xF8, 0xE0, 0xF5,
  0x08, 0x8C, 0x62, 0x31, 0x88, 0x46, 0x30, 0x84, 0x31, 0x8C, 0x31, 0x84,
  0x10, 0x88, 0x46, 0x62, 0x33, 0x33, 0x33, 0x33, 0x26, 0x64, 0x88, 0x11,
  0xAD, 0xF1, 0x8D, 0xF2, 0x84, 0x00, 0x08, 0x04, 0x02, 0x1F, 0xFF, 0xF8,
  0x40, 0x20, 0x10, 0x5F, 0xB5, 0x00, 0xF8, 0x5F, 0x80, 0x01, 0x03, 0x02,
  0x02, 0x04, 0x04, 0x04, 0x08, 0x08, 0x18, 0x10, 0x10, 0x30, 0x20, 0x20,
  0x60, 0x40, 0xC0, 0x1E, 0x18, 0xC4, 0x1B, 0x06, 0xC1, 0xB0, 0x3C, 0x0F,
  0x03, 0xC0, 0xF0, 0x6C, 0x1B, 0x86, 0x63, 0x0F, 0x80, 0x73, 0xC3, 0x0C,
  0x30, 0xC3, 0x0C, 0x30, 0xC3, 0x0C, 0x33, 0xF0, 0x3E, 0x31, 0xB8, 0x6C,
  0x30, 0x18, 0x0C, 0x0C, 0x0C, 0x0E, 0x06, 0x06, 0x26, 0x17, 0xFB, 0xFC,
  0x1E, 0x0C, 0xC6, 0x19, 0x86, 0x01, 0x80, 0xC0, 0xE0, 0x3C, 0x01, 0x80,
  0x60, 0x1F, 0x06, 0x63, 0x8F, 0xC0, 0x03, 0x00, 0xC0, 0x70, 0x3C, 0x0B,
  0x04, 0xC3, 0x30, 0x8C, 0x43, 0x3F, 0xFF, 0xFC, 0x0C, 0x03, 0x03, 0xF0,
  0x3F, 0x9F, 0xC8, 0x04, 0x02, 0x03, 0x71, 0xFC, 0x83, 0x01, 0x80, 0xC0,
  0x78, 0x36, 0x31, 0xF0, 0x1F, 0x18, 0xD8, 0xE8, 0x2C, 0x06, 0xF3, 0xDD,
  0x86, 0xC1, 0xE0, 0xF0, 0x78, 0x26, 0x31, 0xF0, 0x7F, 0x9F, 0xFC, 0x0A,
  0x04, 0x03, 0x01, 0x80, 0x60, 0x30, 0x0C, 0x03, 0x00, 0xC0, 0x70, 0x18,
  0x06, 0x00, 0x3E, 0x31, 0xB0, 0x58, 0x3C, 0x33, 0x90, 0xF0, 0xDE, 0xC3,
  0xE0, 0xE0, 0x78, 0x3C, 0x33, 0xF0, 0x1E, 0x0C, 0xC6, 0x19, 0x02, 0xC0,
  0xF0, 0x36, 0x1D, 0xCF, 0x3F, 0x80, 0x60, 0x18, 0x06, 0xE3, 0x0F, 0x80,
  0xFF, 0x00, 0x02, 0xFC, 0xDF, 0x00, 0x02, 0xFD, 0xA8, 0x03, 0x06, 0x18,
  0x60, 0xC0, 0x70, 0x18, 0x06, 0x03, 0xFF, 0x80, 0x00, 0x1F, 0xF0, 0xC0,
  0x30, 0x18, 0x06, 0x03, 0x06, 0x18, 0x70, 0xC0, 0x3C, 0x46, 0xC3, 0xE3,
  0x07, 0x0E, 0x0C, 0x18, 0x10, 0x10, 0x00, 0x00, 0x38, 0x18, 0x0F, 0xE0,
  0x30, 0x30, 0x80, 0x32, 0x1D, 0x24, 0x46, 0x59, 0x8C, 0xE2, 0x19, 0xC4,
  0x72, 0x88, 0xC5, 0x92, 0x99, 0x3D, 0xE3, 0x00, 0x03, 0x01, 0x03, 0xFC,
  0x00, 0xC0, 0x00, 0x03, 0x00, 0x0E, 0x00, 0x78, 0x01, 0x20, 0x04, 0xC0,
  0x33, 0x00, 0x86, 0x02, 0x18, 0x1F, 0xE0, 0x40, 0xC1, 0x03, 0x0C, 0x0C,
  0x20, 0x1B, 0xE1, 0xF0, 0xFE, 0x06, 0x38, 0xC3, 0x18, 0x63, 0x0C, 0x61,
  0x0F, 0xC1, 0x8E, 0x30, 0xE6, 0x0C, 0xC1, 0x98, 0x33, 0x0D, 0xFF, 0x00,
  0x0F, 0x23, 0x8E, 0x60, 0x66, 0x02, 0xC0, 0x2C, 0x00, 0xC0, 0x0C, 0x00,
  0xC0, 0x0C, 0x00, 0x60, 0x07, 0x03, 0x38, 0x61, 0xF8, 0xFF, 0x01, 0x8F,
  0x0C, 0x1C, 0x60, 0x63, 0x01, 0x98, 0x0C, 0xC0, 0x66, 0x03, 0x30, 0x19,
  0x80, 0xCC, 0x0C, 0x60, 0xC3, 0x0C, 0x7F, 0xC0, 0xFF, 0x8C, 0x73, 0x0C,
  0xC1, 0x30, 0x0C, 0x43, 0xF0, 0xFC, 0x31, 0x0C, 0x03, 0x04, 0xC1, 0x30,
  0xFF, 0xF0, 0xFF, 0xCC, 0x73, 0x0C, 0xC1, 0x30, 0x0C, 0x43, 0x10, 0xFC,
  0x31, 0x0C, 0x43, 0x00, 0xC0, 0x30, 0x3F, 0x00, 0x0F, 0x21, 0xC7, 0x18,
  0x18, 0xC0, 0x4C, 0x03, 0x60, 0x03, 0x00, 0x18, 0x1F, 0xC0, 0xF6, 0x01,
  0x18, 0x08, 0xC0, 0x43, 0x06, 0x0F, 0xF0, 0xFC, 0x7C, 0xC0, 0xE3, 0x01,
  0x0C, 0x04, 0x30, 0x10, 0xC0, 0x43, 0xFF, 0x0F, 0xFC, 0x30, 0x10, 0xC0,
  0x43, 0x01, 0x0C, 0x04, 0x30, 0x3B, 0xF1, 0xF0, 0xFC, 0xC3, 0x0C, 0x30,
  0xC3, 0x0C, 0x30, 0xC3, 0x0C, 0x33, 0xF0, 0x1F, 0x83, 0x81, 0x80, 0xC0,
  0x60, 0x30, 0x18, 0x0C, 0x06, 0x03, 0x31, 0x98, 0xCC, 0x63, 0xE0, 0xFC,
  0xF1, 0x83, 0x0C, 0x10, 0x61, 0x03, 0x10, 0x19, 0x00, 0xD8, 0x07, 0xC0,
  0x33, 0x01, 0x9C, 0x0C, 0x60, 0x61, 0x83, 0x0E, 0x7E, 0x3C, 0xFC, 0x0C,
  0x03, 0x00, 0xC0, 0x30, 0x0C, 0x03, 0x00, 0xC0, 0x30, 0x0C, 0x03, 0x04,
  0xC1, 0x30, 0xFF, 0xF0, 0x78, 0x0F, 0x9E, 0x07, 0x07, 0x03, 0x82, 0xC2,
  0xC3, 0x61, 0x61, 0xB1, 0xB0, 0xCC, 0x98, 0x66, 0x4C, 0x33, 0x66, 0x18,
  0xE1, 0x08, 0x70, 0xC4, 0x38, 0x62, 0x00, 0x37, 0xC0, 0x7C, 0xF8, 0x7C,
  0xE0, 0x62, 0xC1, 0x0B, 0x04, 0x26, 0x10, 0x9C, 0x42, 0x31, 0x08, 0x64,
  0x21, 0x90, 0x83, 0x42, 0x0D, 0x08, 0x1C, 0x20, 0x73, 0xE0, 0xC0, 0x0F,
  0x81, 0xC7, 0x18, 0x1C, 0xC0, 0x6C, 0x03, 0xE0, 0x0F, 0x00, 0x78, 0x03,
  0xC0, 0x1E, 0x00, 0xD8, 0x0C, 0xC0, 0x63, 0x86, 0x0F, 0xE0, 0xFE, 0x0C,
  0xE3, 0x0C, 0xC3, 0x30, 0xCC, 0x33, 0x0C, 0xFE, 0x3C, 0x0C, 0x03, 0x00,
  0xC0, 0x30, 0x3F, 0x00, 0x0F, 0x80, 0x38, 0xE0, 0x60, 0x70, 0x60, 0x30,
  0xC0, 0x38, 0xC0, 0x18, 0xC0, 0x18, 0xC0, 0x18, 0xC0, 0x18, 0xDE, 0x18,
  0x73, 0x30, 0x61, 0xB0, 0x39, 0xE0, 0x1F, 0xC0, 0x00, 0xE0, 0x00, 0x71,
  0x00, 0x3E, 0x00, 0x1C, 0xFE, 0x01, 0x9C, 0x0C, 0x30, 0x61, 0x83, 0x0C,
  0x18, 0x60, 0xC6, 0x07, 0xC0, 0x33, 0x81, 0x8C, 0x0C, 0x70, 0x61, 0x83,
  0x0E, 0x7E, 0x3C, 0x1E, 0x98, 0xE6, 0x19, 0x02, 0x60, 0x1C, 0x03, 0xE0,
  0x3C, 0x03, 0x80, 0x7C, 0x0F, 0x02, 0xE1, 0xBF, 0xC0, 0x7F, 0xF7, 0x31,
  0xB1, 0x85, 0x0C, 0x30, 0x60, 0x03, 0x00, 0x18, 0x00, 0xC0, 0x06, 0x00,
  0x30, 0x01, 0x80, 0x0C, 0x00, 0x60, 0x0F, 0xC0, 0xF8, 0x7D, 0xC0, 0x63,
  0x01, 0x0C, 0x04, 0x30, 0x10, 0xC0, 0x43, 0x01, 0x0C, 0x04, 0x30, 0x10,
  0xC0, 0x43, 0x01, 0x0C, 0x0C, 0x18, 0x60, 0x3F, 0x00, 0xFC, 0x7D, 0xC0,
  0x63, 0x01, 0x0E, 0x0C, 0x18, 0x30, 0x60, 0x80, 0x86, 0x03, 0x10, 0x0C,
  0x40, 0x13, 0x00, 0x68, 0x01, 0xA0, 0x03, 0x80, 0x0C, 0x00, 0xFC, 0x30,
  0xFB, 0x83, 0x83, 0x8C, 0x14, 0x08, 0x60, 0xB0, 0xC1, 0x85, 0x86, 0x0C,
  0x6C, 0x20, 0x62, 0x31, 0x03, 0x11, 0x88, 0x0C, 0x8C, 0xC0, 0x6C, 0x34,
  0x03, 0x41, 0xA0, 0x1A, 0x0D, 0x00, 0x70, 0x38, 0x03, 0x81, 0x80, 0xF8,
  0x79, 0xC0, 0xC3, 0x86, 0x06, 0x10, 0x0C, 0x80, 0x3E, 0x00, 0x70, 0x00,
  0xC0, 0x05, 0x80, 0x37, 0x01, 0x8C, 0x04, 0x18, 0x30, 0x33, 0xE3, 0xF0,
  0xFC, 0x7D, 0xC0, 0xC3, 0x82, 0x06, 0x18, 0x0C, 0x40, 0x33, 0x00, 0x68,
  0x00, 0xC0, 0x03, 0x00, 0x0C, 0x00, 0x30, 0x00, 0xC0, 0x03, 0x00, 0x3F,
  0x00, 0x7F, 0xFC, 0x1B, 0x07, 0x60, 0xC0, 0x30, 0x0E, 0x01, 0x80, 0x60,
  0x1C, 0x03, 0x00, 0xC1, 0xB0, 0x36, 0x0D, 0xFF, 0x80, 0xFC, 0xCC, 0xCC,
  0xCC, 0xCC, 0xCC, 0xCC, 0xCC, 0xCC, 0xCF, 0xC0, 0x40, 0x40, 0x20, 0x20,
  0x20, 0x10, 0x10, 0x18, 0x08, 0x08, 0x0C, 0x04, 0x04, 0x06, 0x02, 0x02,
  0x01, 0xE4, 0x92, 0x49, 0x24, 0x92, 0x49, 0x24, 0xF0, 0x08, 0x0E, 0x05,
  0x84, 0x46, 0x12, 0x0E, 0x02, 0xFF, 0xC0, 0x99, 0x90, 0x7C, 0x63, 0x30,
  0x80, 0x40, 0x63, 0xD3, 0x09, 0x84, 0xC7, 0x3D, 0xC0, 0xF0, 0x06, 0x00,
  0xC0, 0x18, 0x03, 0x00, 0x6F, 0x0E, 0x31, 0x83, 0x30, 0x66, 0x0C, 0xC1,
  0x98, 0x33, 0x06, 0x61, 0x8B, 0xE0, 0x3E, 0x63, 0xC3, 0xC3, 0xC0, 0xC0,
  0xC0, 0xE0, 0x73, 0x3E, 0x07, 0x80, 0x30, 0x06, 0x00, 0xC0, 0x18, 0x7F,
  0x18, 0xE6, 0x0C, 0xC1, 0x98, 0x33, 0x06, 0x60, 0xCC, 0x18, 0xC7, 0x0F,
  0x78, 0x3E, 0x63, 0xC3, 0xC3, 0xFF, 0xC0, 0xC0, 0xE0, 0x71, 0x3E, 0x1E,
  0x33, 0x23, 0x20, 0x20, 0xFC, 0x20, 0x20, 0x20, 0x20, 0x20, 0x20, 0x20,
  0x60, 0xFC, 0x00, 0xE7, 0xE9, 0x86, 0x30, 0xC6, 0x18, 0xC3, 0x0C, 0xC1,
  0x60, 0x60, 0x0F, 0xE0, 0xFF, 0x30, 0x64, 0x0D, 0x81, 0x9F, 0xE0, 0x40,
  0xE0, 0x0C, 0x00, 0x80, 0x10, 0x02, 0x00, 0x5F, 0x0E, 0x71, 0x86, 0x20,
  0xC4, 0x18, 0x83, 0x10, 0x62, 0x0C, 0xC1, 0xBE, 0x78, 0x63, 0x18, 0x00,
  0x71, 0x8C, 0x63, 0x18, 0xC6, 0x33, 0xE0, 0x6D, 0x81, 0xDB, 0x6D, 0xB6,
  0xDB, 0x6B, 0x00, 0xE0, 0x0C, 0x00, 0x80, 0x10, 0x02, 0x00, 0x47, 0x88,
  0x61, 0x18, 0x24, 0x07, 0x80, 0xB0, 0x13, 0x02, 0x30, 0xC3, 0x3E, 0x38,
  0xE3, 0x08, 0x42, 0x10, 0x84, 0x21, 0x08, 0x42, 0x33, 0xE0, 0xEF, 0x9E,
  0x3C, 0xD3, 0x8C, 0x30, 0xC4, 0x18, 0x62, 0x0C, 0x31, 0x06, 0x18, 0x83,
  0x0C, 0x41, 0x86, 0x60, 0xC3, 0x7D, 0xF3, 0xC0, 0xEF, 0x8F, 0x38, 0xC3,
  0x10, 0x62, 0x0C, 0x41, 0x88, 0x31, 0x06, 0x60, 0xDF, 0x3C, 0x3F, 0x18,
  0xEC, 0x1B, 0x06, 0xC0, 0xF0, 0x3C, 0x1B, 0x06, 0x61, 0x0F, 0x80, 0xEF,
  0x9C, 0x66, 0x0D, 0x83, 0x60, 0xD8, 0x36, 0x0D, 0x83, 0x71, 0x9F, 0xC6,
  0x01, 0x80, 0x60, 0x3E, 0x00, 0x3E, 0x98, 0xEC, 0x1B, 0x06, 0xC1, 0xB0,
  0x6C, 0x1B, 0x06, 0x63, 0x8F, 0x60, 0x18, 0x06, 0x01, 0x81, 0xF0, 0xEF,
  0x7B, 0x33, 0x20, 0x20, 0x20, 0x20, 0x20, 0x60, 0xFC, 0x7F, 0x8F, 0x0F,
  0x07, 0x83, 0xC1, 0xC1, 0xC7, 0xF8, 0x20, 0x41, 0x87, 0xE6, 0x0C, 0x18,
  0x30, 0x60, 0xC1, 0x83, 0x13, 0xC0, 0xE3, 0x8C, 0x31, 0x86, 0x30, 0xC6,
  0x18, 0xC3, 0x18, 0x63, 0x0C, 0x63, 0x87, 0x9C, 0xF9, 0xEE, 0x18, 0xC3,
  0x18, 0x41, 0x88, 0x32, 0x06, 0x40, 0x78, 0x0E, 0x00, 0xC0, 0xF8, 0xCF,
  0xB8, 0xE1, 0x0C, 0x50, 0x86, 0x2C, 0xC3, 0x36, 0x40, 0xD3, 0x20, 0x68,
  0x90, 0x34, 0x70, 0x0E, 0x38, 0x06, 0x0C, 0x00, 0xFB, 0xE6, 0x10, 0xE4,
  0x0D, 0x00, 0xE0, 0x1C, 0x06, 0xC0, 0x9C, 0x21, 0x9F, 0x7C, 0xF9, 0xEE,
  0x18, 0xC2, 0x18, 0x41, 0x98, 0x32, 0x03, 0x40, 0x70, 0x0E, 0x00, 0x80,
  0x10, 0x06, 0x0E, 0x81, 0xE0, 0x08, 0x00, 0xFF, 0xC6, 0x86, 0x0C, 0x18,
  0x30, 0x31, 0x61, 0xC3, 0xFF, 0x38, 0x82, 0x08, 0x20, 0xC3, 0x0C, 0x33,
  0x8E, 0x0C, 0x30, 0xC3, 0x0C, 0x20, 0x82, 0x0F, 0xFF, 0xFF, 0xC0, 0xE1,
  0x8C, 0x63, 0x10, 0x84, 0x20, 0xC6, 0x42, 0x10, 0x86, 0x31, 0x8D, 0xC0,
  0x70, 0xEF, 0xC0, 0xFF, 0x81, 0x81, 0x81, 0x81, 0x81, 0x81, 0x81, 0x81,
  0x81, 0x81, 0x81, 0x81, 0xFF, 0xFF, 0x81, 0x81, 0x81, 0x81, 0x81, 0x81,
  0x81, 0x81, 0x81, 0x81, 0x81, 0x81, 0xFF, 0xFF, 0x81, 0x81, 0x81, 0x81,
  0x81, 0x81, 0x81, 0x81, 0x81, 0x81, 0x81, 0x81, 0xFF, 0xFF, 0x81, 0x81,
  0x81, 0x81, 0x81, 0x81, 0x81, 0x81, 0x81, 0x81, 0x81, 0x81, 0xFF, 0xFF,
  0x81, 0x81, 0x81, 0x81, 0x81, 0x81, 0x81, 0x81, 0x81, 0x81, 0x81, 0x81,
  0xFF, 0xFF, 0x81, 0x81, 0x81, 0x81, 0x81, 0x81, 0x81, 0x81, 0x81, 0x81,
  0x81, 0x81, 0xFF, 0xFF, 0x81, 0x81, 0x81, 0x81, 0x81, 0x81, 0x81, 0x81,
  0x81, 0x81, 0x81, 0x81, 0xFF, 0xFF, 0x81, 0x81, 0x81, 0x81, 0x81, 0x81,
  0x81, 0x81, 0x81, 0x81, 0x81, 0x81, 0xFF, 0xFF, 0x81, 0x81, 0x81, 0x81,
  0x81, 0x81, 0x81, 0x81, 0x81, 0x81, 0x81, 0x81, 0xFF, 0xFF, 0x81, 0x81,
  0x81, 0x81, 0x81, 0x81, 0x81, 0x81, 0x81, 0x81, 0x81, 0x81, 0xFF, 0xFF,
  0x81, 0x81, 0x81, 0x81, 0x81, 0x81, 0x81, 0x81, 0x81, 0x81, 0x81, 0x81,
  0xFF, 0xFF, 0x81, 0x81, 0x81, 0x81, 0x81, 0x81, 0x81, 0x81, 0x81, 0x81,
  0x81, 0x81, 0xFF, 0xFF, 0x81, 0x81, 0x81, 0x81, 0x81, 0x81, 0x81, 0x81,
  0x81, 0x81, 0x81, 0x81, 0xFF, 0xFF, 0x81, 0x81, 0x81, 0x81, 0x81, 0x81,
  0x81, 0x81, 0x81, 0x81, 0x81, 0x81, 0xFF, 0xFF, 0x81, 0x81, 0x81, 0x81,
  0x81, 0x81, 0x81, 0x81, 0x81, 0x81, 0x81, 0x81, 0xFF, 0xFF, 0x81, 0x81,
  0x81, 0x81, 0x81, 0x81, 0x81, 0x81, 0x81, 0x81, 0x81, 0x81, 0xFF, 0xFF,
  0x81, 0x81, 0x81, 0x81, 0x81, 0x81, 0x81, 0x81, 0x81, 0x81, 0x81, 0x81,
  0xFF, 0xFF, 0x81, 0x81, 0x81, 0x81, 0x81, 0x81, 0x81, 0x81, 0x81, 0x81,
  0x81, 0x81, 0xFF, 0xFF, 0x81, 0x81, 0x81, 0x81, 0x81, 0x81, 0x81, 0x81,
  0x81, 0x81, 0x81, 0x81, 0xFF, 0xFF, 0x81, 0x81, 0x81, 0x81, 0x81, 0x81,
  0x81, 0x81, 0x81, 0x81, 0x81, 0x81, 0xFF, 0xFF, 0x81, 0x81, 0x81, 0x81,
  0x81, 0x81, 0x81, 0x81, 0x81, 0x81, 0x81, 0x81, 0xFF, 0xFF, 0x81, 0x81,
  0x81, 0x81, 0x81, 0x81, 0x81, 0x81, 0x81, 0x81, 0x81, 0x81, 0xFF, 0xFF,
  0x81, 0x81, 0x81, 0x81, 0x81, 0x81, 0x81, 0x81, 0x81, 0x81, 0x81, 0x81,
  0xFF, 0xFF, 0x81, 0x81, 0x81, 0x81, 0x81, 0x81, 0x81, 0x81, 0x81, 0x81,
  0x81, 0x81, 0xFF, 0xFF, 0x81, 0x81, 0x81, 0x81, 0x81, 0x81, 0x81, 0x81,
  0x81, 0x81, 0x81, 0x81, 0xFF, 0xFF, 0x81, 0x81, 0x81, 0x81, 0x81, 0x81,
  0x81, 0x81, 0x81, 0x81, 0x81, 0x81, 0xFF, 0xFF, 0x81, 0x81, 0x81, 0x81,
  0x81, 0x81, 0x81, 0x81, 0x81, 0x81, 0x81, 0x81, 0xFF, 0xFF, 0x81, 0x81,
  0x81, 0x81, 0x81, 0x81, 0x81, 0x81, 0x81, 0x81, 0x81, 0x81, 0xFF, 0xFF,
  0x81, 0x81, 0x81, 0x81, 0x81, 0x81, 0x81, 0x81, 0x81, 0x81, 0x81, 0x81,
  0xFF, 0xFF, 0x81, 0x81, 0x81, 0x81, 0x81, 0x81, 0x81, 0x81, 0x81, 0x81,
  0x81, 0x81, 0xFF, 0xFF, 0x81, 0x81, 0x81, 0x81, 0x81, 0x81, 0x81, 0x81,
  0x81, 0x81, 0x81, 0x81, 0xFF, 0xFF, 0x81, 0x81, 0x81, 0x81, 0x81, 0x81,
  0x81, 0x81, 0x81, 0x81, 0x81, 0x81, 0xFF, 0xFF, 0x81, 0x81, 0x81, 0x81,
  0x81, 0x81, 0x81, 0x81, 0x81, 0x81, 0x81, 0x81, 0xFF, 0x00, 0xDD, 0x04,
  0x92, 0xDB, 0x6D, 0x80, 0x04, 0x08, 0x3E, 0x6B, 0xCB, 0xCB, 0xD0, 0xD0,
  0xD0, 0xF0, 0x73, 0x3E, 0x20, 0x20, 0x1E, 0x31, 0x98, 0xCC, 0x66, 0x03,
  0x01, 0x81, 0xFC, 0x30, 0x18, 0x0C, 0x04, 0x17, 0xFF, 0xFC, 0xDD, 0x76,
  0x63, 0x43, 0x43, 0x62, 0x7F, 0x81, 0xF8, 0xFB, 0x83, 0x8C, 0x18, 0x60,
  0x81, 0x8C, 0x06, 0x41, 0xF7, 0x80, 0xE0, 0x06, 0x03, 0xFF, 0x01, 0x80,
  0x0C, 0x00, 0x60, 0x0F, 0xC0, 0xFF, 0x3F, 0xC0, 0x1E, 0x0C, 0xC3, 0x30,
  0xC0, 0x38, 0x17, 0x0C, 0xF3, 0x0E, 0x61, 0x9C, 0x31, 0xCC, 0x3A, 0x07,
  0x00, 0xC3, 0x10, 0x8C, 0x3E, 0x00, 0x8B, 0x3C, 0xC0, 0x07, 0x80, 0xC7,
  0x08, 0x0C, 0x8F, 0x34, 0x8C, 0xEC, 0x26, 0x60, 0x33, 0x01, 0xD8, 0x0A,
  0x62, 0x59, 0xE4, 0x60, 0x41, 0xFC, 0x00, 0x21, 0xB3, 0x30, 0x6F, 0xD1,
  0xB3, 0x7F, 0x12, 0x6D, 0xB6, 0xCD, 0x8D, 0x8D, 0x89, 0xFF, 0x80, 0x40,
  0x20, 0x10, 0x00, 0x3C, 0x8F, 0x7E, 0x7D, 0x69, 0x4F, 0x00, 0xFF, 0xF0,
  0xF4, 0xE7, 0xE0, 0x08, 0x04, 0x02, 0x1F, 0xF0, 0x80, 0x40, 0x20, 0x00,
  0x00, 0x7F, 0xC0, 0x7D, 0x8D, 0x18, 0x20, 0xC3, 0x08, 0xBF, 0x7E, 0x7C,
  0xCC, 0x18, 0x61, 0xC0, 0xC1, 0xE3, 0x3C, 0x33, 0x68, 0xC1, 0x98, 0x33,
  0x06, 0x60, 0xCC, 0x18, 0x83, 0x10, 0x62, 0x0C, 0x63, 0x8F, 0xBD, 0x00,
  0x20, 0x04, 0x00, 0xC0, 0x00, 0x1B, 0xBD, 0x9E, 0xDF, 0x6F, 0xB7, 0xD9,
  0xEC, 0xF6, 0x3B, 0x01, 0x80, 0xC0, 0x60, 0x30, 0x18, 0x0C, 0x06, 0x0F,
  0x00, 0x5F, 0x80, 0x46, 0x3F, 0xE3, 0x18, 0xC6, 0x31, 0x8C, 0xF8, 0x10,
  0xDA, 0x14, 0x38, 0x70, 0xB3, 0x3C, 0x88, 0xCC, 0x66, 0x33, 0x33, 0x66,
  0xCC, 0x88, 0xE0, 0x18, 0x30, 0x08, 0x18, 0x0C, 0x0C, 0x04, 0x06, 0x04,
  0x03, 0x02, 0x31, 0x82, 0x38, 0xC3, 0x14, 0xF9, 0x12, 0x01, 0x91, 0x00,
  0x88, 0x80, 0x8F, 0xF0, 0x40, 0x20, 0x40, 0x10, 0xE0, 0x18, 0x30, 0x08,
  0x18, 0x0C, 0x0C, 0x04, 0x06, 0x04, 0x03, 0x02, 0xF9, 0x82, 0xC6, 0xC3,
  0x23, 0xF9, 0x01, 0x01, 0x81, 0x80, 0x81, 0x80, 0x81, 0x10, 0x41, 0xF8,
  0x40, 0xFC, 0x7C, 0x0C, 0x0C, 0xC1, 0x00, 0x18, 0x60, 0x06, 0x08, 0x01,
  0xC2, 0x00, 0x0C, 0x43, 0x01, 0x90, 0xE6, 0x36, 0x14, 0x3C, 0x84, 0x80,
  0x31, 0x10, 0x04, 0x22, 0x01, 0x0F, 0xF0, 0x20, 0x08, 0x08, 0x01, 0x00,
  0x18, 0x70, 0x00, 0x01, 0x02, 0x0C, 0x38, 0x61, 0x83, 0x1E, 0x3C, 0x6F,
  0x80, 0x04, 0x00, 0x18, 0x00, 0x18, 0x00, 0x00, 0x03, 0x00, 0x0E, 0x00,
  0x78, 0x01, 0x20, 0x04, 0xC0, 0x33, 0x00, 0x86, 0x02, 0x18, 0x1F, 0xE0,
  0x40, 0xC1, 0x03, 0x0C, 0x0C, 0x20, 0x1B, 0xE1, 0xF0, 0x01, 0x80, 0x0E,
  0x00, 0x60, 0x00, 0x00, 0x03, 0x00, 0x0E, 0x00, 0x78, 0x01, 0x20, 0x04,
  0xC0, 0x33, 0x00, 0x86, 0x02, 0x18, 0x1F, 0xE0, 0x40, 0xC1, 0x03, 0x0C,
  0x0C, 0x20, 0x1B, 0xE1, 0xF0, 0x03, 0x00, 0x1E, 0x00, 0xCC, 0x00, 0x00,
  0x03, 0x00, 0x0E, 0x00, 0x78, 0x01, 0x20, 0x04, 0xC0, 0x33, 0x00, 0x86,
  0x02, 0x18, 0x1F, 0xE0, 0x40, 0xC1, 0x03, 0x0C, 0x0C, 0x20, 0x1B, 0xE1,
  0xF0, 0x04, 0x00, 0x3F, 0x00, 0x98, 0x00, 0x00, 0x03, 0x00, 0x0E, 0x00,
  0x78, 0x01, 0x20, 0x04, 0xC0, 0x33, 0x00, 0x86, 0x02, 0x18, 0x1F, 0xE0,
  0x40, 0xC1, 0x03, 0x0C, 0x0C, 0x20, 0x1B, 0xE1, 0xF0, 0x0C, 0xC0, 0x33,
  0x00, 0xCC, 0x00, 0x00, 0x03, 0x00, 0x0E, 0x00, 0x78, 0x01, 0x20, 0x04,
  0xC0, 0x33, 0x00, 0x86, 0x02, 0x18, 0x1F, 0xE0, 0x40, 0xC1, 0x03, 0x0C,
  0x0C, 0x20, 0x1B, 0xE1, 0xF0, 0x03, 0x00, 0x12, 0x00, 0x48, 0x01, 0xE0,
  0x00, 0x00, 0x0C, 0x00, 0x38, 0x01, 0xE0, 0x04, 0x80, 0x13, 0x00, 0xCC,
  0x02, 0x18, 0x08, 0x60, 0x7F, 0x81, 0x03, 0x04, 0x0C, 0x30, 0x30, 0x80,
  0x6F, 0x87, 0xC0, 0x03, 0xFF, 0x80, 0x6C, 0x70, 0x13, 0x0C, 0x0C, 0xC1,
  0x02, 0x30, 0x01, 0x8C, 0x40, 0x43, 0x10, 0x3F, 0xFC, 0x08, 0x31, 0x06,
  0x0C, 0x41, 0x03, 0x04, 0xC0, 0xC1, 0x20, 0x30, 0xFE, 0x3F, 0xF0, 0x0F,
  0x23, 0x8E, 0x60, 0x66, 0x02, 0xC0, 0x2C, 0x00, 0xC0, 0x0C, 0x00, 0xC0,
  0x0C, 0x00, 0x60, 0x07, 0x03, 0x38, 0x61, 0xF8, 0x04, 0x00, 0x70, 0x01,
  0x00, 0xF0, 0x10, 0x06, 0x00, 0x60, 0x00, 0xFF, 0x8C, 0x73, 0x0C, 0xC1,
  0x30, 0x0C, 0x43, 0xF0, 0xFC, 0x31, 0x0C, 0x03, 0x04, 0xC1, 0x30, 0xFF,
  0xF0, 0x06, 0x03, 0x81, 0x80, 0x00, 0xFF, 0x8C, 0x73, 0x0C, 0xC1, 0x30,
  0x0C, 0x43, 0xF0, 0xFC, 0x31, 0x0C, 0x03, 0x04, 0xC1, 0x30, 0xFF, 0xF0,
  0x0C, 0x07, 0x83, 0x30, 0x00, 0xFF, 0x8C, 0x73, 0x0C, 0xC1, 0x30, 0x0C,
  0x43, 0xF0, 0xFC, 0x31, 0x0C, 0x03, 0x04, 0xC1, 0x30, 0xFF, 0xF0, 0x33,
  0x0C, 0xC3, 0x30, 0x00, 0xFF, 0x8C, 0x73, 0x0C, 0xC1, 0x30, 0x0C, 0x43,
  0xF0, 0xFC, 0x31, 0x0C, 0x03, 0x04, 0xC1, 0x30, 0xFF, 0xF0, 0x41, 0x81,
  0x80, 0xFC, 0xC3, 0x0C, 0x30, 0xC3, 0x0C, 0x30, 0xC3, 0x0C, 0x33, 0xF0,
  0x18, 0xE6, 0x00, 0xFC, 0xC3, 0x0C, 0x30, 0xC3, 0x0C, 0x30, 0xC3, 0x0C,
  0x33, 0xF0, 0x31, 0xEC, 0xC0, 0xFC, 0xC3, 0x0C, 0x30, 0xC3, 0x0C, 0x30,
  0xC3, 0x0C, 0x33, 0xF0, 0xCF, 0x3C, 0xC0, 0xFC, 0xC3, 0x0C, 0x30, 0xC3,
  0x0C, 0x30, 0xC3, 0x0C, 0x33, 0xF0, 0xFF, 0x01, 0x8F, 0x0C, 0x1C, 0x60,
  0x63, 0x01, 0x98, 0x0F, 0xF8, 0x7F, 0xC3, 0x30, 0x19, 0x80, 0xCC, 0x0C,
  0x60, 0xC3, 0x0C, 0x7F, 0xC0, 0x04, 0x00, 0x3F, 0x00, 0x98, 0x00, 0x00,
  0xF8, 0x7C, 0xE0, 0x62, 0xC1, 0x0B, 0x04, 0x26, 0x10, 0x9C, 0x42, 0x31,
  0x08, 0x64, 0x21, 0x90, 0x83, 0x42, 0x0D, 0x08, 0x1C, 0x20, 0x73, 0xE0,
  0xC0, 0x04, 0x00, 0x30, 0x00, 0x60, 0x00, 0x00, 0xF8, 0x1C, 0x71, 0x81,
  0xCC, 0x06, 0xC0, 0x3E, 0x00, 0xF0, 0x07, 0x80, 0x3C, 0x01, 0xE0, 0x0D,
  0x80, 0xCC, 0x06, 0x38, 0x60, 0xFE, 0x00, 0x01, 0x80, 0x1C, 0x01, 0x80,
  0x00, 0x00, 0xF8, 0x1C, 0x71, 0x81, 0xCC, 0x06, 0xC0, 0x3E, 0x00, 0xF0,
  0x07, 0x80, 0x3C, 0x01, 0xE0, 0x0D, 0x80, 0xCC, 0x06, 0x38, 0x60, 0xFE,
  0x00, 0x03, 0x00, 0x3C, 0x03, 0x30, 0x00, 0x00, 0xF8, 0x1C, 0x71, 0x81,
  0xCC, 0x06, 0xC0, 0x3E, 0x00, 0xF0, 0x07, 0x80, 0x3C, 0x01, 0xE0, 0x0D,
  0x80, 0xCC, 0x06, 0x38, 0x60, 0xFE, 0x00, 0x04, 0x00, 0x7E, 0x02, 0x60,
  0x00, 0x00, 0xF8, 0x1C, 0x71, 0x81, 0xCC, 0x06, 0xC0, 0x3E, 0x00, 0xF0,
  0x07, 0x80, 0x3C, 0x01, 0xE0, 0x0D, 0x80, 0xCC, 0x06, 0x38, 0x60, 0xFE,
  0x00, 0x0C, 0xC0, 0x66, 0x03, 0x30, 0x00, 0x00, 0xF8, 0x1C, 0x71, 0x81,
  0xCC, 0x06, 0xC0, 0x3E, 0x00, 0xF0, 0x07, 0x80, 0x3C, 0x01, 0xE0, 0x0D,
  0x80, 0xCC, 0x06, 0x38, 0x60, 0xFE, 0x00, 0x43, 0x8D, 0xB1, 0xC3, 0x8D,
  0xB1, 0xC1, 0x0F, 0x99, 0xC7, 0x98, 0x1C, 0xC0, 0xEC, 0x0B, 0xE0, 0xCF,
  0x0C, 0x78, 0xC3, 0xC4, 0x1E, 0x40, 0xDC, 0x0C, 0xE0, 0x67, 0x86, 0x6F,
  0xE0, 0x04, 0x00, 0x18, 0x00, 0x18, 0x00, 0x00, 0xF8, 0x7D, 0xC0, 0x63,
  0x01, 0x0C, 0x04, 0x30, 0x10, 0xC0, 0x43, 0x01, 0x0C, 0x04, 0x30, 0x10,
  0xC0, 0x43, 0x01, 0x0C, 0x0C, 0x18, 0x60, 0x3F, 0x00, 0x01, 0x80, 0x0E,
  0x00, 0x60, 0x00, 0x00, 0xF8, 0x7D, 0xC0, 0x63, 0x01, 0x0C, 0x04, 0x30,
  0x10, 0xC0, 0x43, 0x01, 0x0C, 0x04, 0x30, 0x10, 0xC0, 0x43, 0x01, 0x0C,
  0x0C, 0x18, 0x60, 0x3F, 0x00, 0x03, 0x00, 0x1E, 0x00, 0xCC, 0x00, 0x00,
  0xF8, 0x7D, 0xC0, 0x63, 0x01, 0x0C, 0x04, 0x30, 0x10, 0xC0, 0x43, 0x01,
  0x0C, 0x04, 0x30, 0x10, 0xC0, 0x43, 0x01, 0x0C, 0x0C, 0x18, 0x60, 0x3F,
  0x00, 0x0C, 0xC0, 0x33, 0x00, 0xCC, 0x00, 0x00, 0xF8, 0x7D, 0xC0, 0x63,
  0x01, 0x0C, 0x04, 0x30, 0x10, 0xC0, 0x43, 0x01, 0x0C, 0x04, 0x30, 0x10,
  0xC0, 0x43, 0x01, 0x0C, 0x0C, 0x18, 0x60, 0x3F, 0x00, 0x01, 0x80, 0x0E,
  0x00, 0x60, 0x00, 0x00, 0xFC, 0x7D, 0xC0, 0xC3, 0x82, 0x06, 0x18, 0x0C,
  0x40, 0x33, 0x00, 0x68, 0x00, 0xC0, 0x03, 0x00, 0x0C, 0x00, 0x30, 0x00,
  0xC0, 0x03, 0x00, 0x3F, 0x00, 0xFC, 0x0C, 0x03, 0x00, 0xFC, 0x31, 0xCC,
  0x33, 0x0C, 0xC3, 0x30, 0xCC, 0x63, 0xF0, 0xC0, 0x30, 0x3F, 0x00, 0x1F,
  0x83, 0x0C, 0x20, 0xC2, 0x08, 0x21, 0x8E, 0x30, 0x23, 0x02, 0x30, 0x23,
  0x82, 0x1C, 0x20, 0xE2, 0x03, 0x24, 0x36, 0x62, 0xE7, 0xE0, 0x20, 0x18,
  0x06, 0x01, 0x00, 0x03, 0xE3, 0x19, 0x84, 0x02, 0x03, 0x1E, 0x98, 0x4C,
  0x26, 0x39, 0xEE, 0x0C, 0x06, 0x06, 0x04, 0x00, 0x03, 0xE3, 0x19, 0x84,
  0x02, 0x03, 0x1E, 0x98, 0x4C, 0x26, 0x39, 0xEE, 0x18, 0x1E, 0x19, 0x08,
  0x40, 0x03, 0xE3, 0x19, 0x84, 0x02, 0x03, 0x1E, 0x98, 0x4C, 0x26, 0x39,
  0xEE, 0x20, 0x3F, 0x13, 0x00, 0x00, 0x03, 0xE3, 0x19, 0x84, 0x02, 0x03,
  0x1E, 0x98, 0x4C, 0x26, 0x39, 0xEE, 0x44, 0x33, 0x19, 0x80, 0x00, 0x03,
  0xE3, 0x19, 0x84, 0x02, 0x03, 0x1E, 0x98, 0x4C, 0x26, 0x39, 0xEE, 0x3C,
  0x12, 0x09, 0x03, 0x00, 0x03, 0xE3, 0x19, 0x84, 0x02, 0x03, 0x1E, 0x98,
  0x4C, 0x26, 0x39, 0xEE, 0x7C, 0xFB, 0x1C, 0x2C, 0x30, 0xC0, 0xC3, 0x07,
  0xFD, 0xE8, 0x0C, 0x30, 0x30, 0xC0, 0xC7, 0x8D, 0xE7, 0xE0, 0x3E, 0x63,
  0xC3, 0xC3, 0xC0, 0xC0, 0xC0, 0xE0, 0x73, 0x3E, 0x08, 0x1C, 0x04, 0x3C,
  0x10, 0x18, 0x0C, 0x04, 0x00, 0x3E, 0x63, 0xC3, 0xC3, 0xFF, 0xC0, 0xC0,
  0xE0, 0x71, 0x3E, 0x06, 0x06, 0x0C, 0x10, 0x00, 0x3E, 0x63, 0xC3, 0xC3,
  0xFF, 0xC0, 0xC0, 0xE0, 0x71, 0x3E, 0x0C, 0x1E, 0x32, 0x21, 0x00, 0x3E,
  0x63, 0xC3, 0xC3, 0xFF, 0xC0, 0xC0, 0xE0, 0x71, 0x3E, 0x22, 0x33, 0x33,
  0x00, 0x00, 0x3E, 0x63, 0xC3, 0xC3, 0xFF, 0xC0, 0xC0, 0xE0, 0x71, 0x3E,
  0x86, 0x18, 0x40, 0x71, 0x8C, 0x63, 0x18, 0xC6, 0x33, 0xE0, 0x31, 0x99,
  0x00, 0x71, 0x8C, 0x63, 0x18, 0xC6, 0x33, 0xE0, 0x31, 0xEC, 0xA1, 0x01,
  0xC3, 0x0C, 0x30, 0xC3, 0x0C, 0x30, 0xC7, 0xC0, 0x8B, 0x3C, 0xC0, 0x01,
  0xC3, 0x0C, 0x30, 0xC3, 0x0C, 0x30, 0xC7, 0xC0, 0x39, 0x07, 0x03, 0xC3,
  0x60, 0x18, 0xED, 0xFE, 0xC3, 0xC1, 0xE0, 0xF0, 0x78, 0x3C, 0x1B, 0x18,
  0xF8, 0x08, 0x03, 0xF0, 0x4C, 0x00, 0x00, 0x01, 0xDF, 0x1E, 0x71, 0x86,
  0x20, 0xC4, 0x18, 0x83, 0x10, 0x62, 0x0C, 0xC1, 0xBE, 0x78, 0x10, 0x06,
  0x00, 0xC0, 0x10, 0x00, 0x0F, 0xC6, 0x3B, 0x06, 0xC1, 0xB0, 0x3C, 0x0F,
  0x06, 0xC1, 0x98, 0x43, 0xE0, 0x06, 0x01, 0x80, 0xC0, 0x40, 0x00, 0x0F,
  0xC6, 0x3B, 0x06, 0xC1, 0xB0, 0x3C, 0x0F, 0x06, 0xC1, 0x98, 0x43, 0xE0,
  0x0C, 0x07, 0x83, 0x20, 0x84, 0x00, 0x0F, 0xC6, 0x3B, 0x06, 0xC1, 0xB0,
  0x3C, 0x0F, 0x06, 0xC1, 0x98, 0x43, 0xE0, 0x10, 0x0F, 0xC2, 0x60, 0x00,
  0x00, 0x0F, 0xC6, 0x3B, 0x06, 0xC1, 0xB0, 0x3C, 0x0F, 0x06, 0xC1, 0x98,
  0x43, 0xE0, 0x22, 0x0C, 0xC3, 0x30, 0x00, 0x00, 0x0F, 0xC6, 0x3B, 0x06,
  0xC1, 0xB0, 0x3C, 0x0F, 0x06, 0xC1, 0x98, 0x43, 0xE0, 0x0C, 0x0E, 0x00,
  0x1F, 0xFF, 0xF8, 0x00, 0x30, 0x38, 0x1F, 0xE6, 0x39, 0x87, 0x31, 0xE6,
  0x66, 0xD8, 0xDE, 0x33, 0x86, 0x70, 0x9B, 0xE0, 0x10, 0x03, 0x00, 0x30,
  0x02, 0x00, 0x01, 0xC7, 0x18, 0x63, 0x0C, 0x61, 0x8C, 0x31, 0x86, 0x30,
  0xC6, 0x18, 0xC7, 0x0F, 0x38, 0x06, 0x00, 0xC0, 0x30, 0x08, 0x00, 0x01,
  0xC7, 0x18, 0x63, 0x0C, 0x61, 0x8C, 0x31, 0x86, 0x30, 0xC6, 0x18, 0xC7,
  0x0F, 0x38, 0x0C, 0x03, 0xC0, 0xC8, 0x10, 0x80, 0x01, 0xC7, 0x18, 0x63,
  0x0C, 0x61, 0x8C, 0x31, 0x86, 0x30, 0xC6, 0x18, 0xC7, 0x0F, 0x38, 0x22,
  0x06, 0x60, 0xCC, 0x00, 0x00, 0x01, 0xC7, 0x18, 0x63, 0x0C, 0x61, 0x8C,
  0x31, 0x86, 0x30, 0xC6, 0x18, 0xC7, 0x0F, 0x38, 0x03, 0x00, 0x60, 0x18,
  0x04, 0x00, 0x01, 0xF3, 0xDC, 0x31, 0x84, 0x30, 0x83, 0x30, 0x64, 0x06,
  0x80, 0xE0, 0x1C, 0x01, 0x00, 0x20, 0x0C, 0x1D, 0x03, 0xC0, 0x10, 0x00,
  0xF0, 0x06, 0x00, 0xC0, 0x18, 0x03, 0x00, 0x6F, 0x0E, 0x31, 0x87, 0x30,
  0x66, 0x0C, 0xC1, 0x98, 0x33, 0x0C, 0x61, 0x8F, 0xE1, 0x80, 0x30, 0x06,
  0x03, 0xF0, 0x00, 0x11, 0x03, 0x30, 0x66, 0x00, 0x00, 0x01, 0xF3, 0xDC,
  0x31, 0x84, 0x30, 0x83, 0x30, 0x64, 0x06, 0x80, 0xE0, 0x1C, 0x01, 0x00,
  0x20, 0x0C, 0x1D, 0x03, 0xC0, 0x10, 0x00 };

const GFXglyph Literata_Regular10pt8bGlyphs[] PROGMEM = {
  {     0,   1,   1,   4,    0,    0 },   // 0x20 ' '
  {     1,   3,  14,   6,    2,  -13 },   // 0x21 '!'
  {     7,   5,   4,   8,    1,  -14 },   // 0x22 '"'
  {    10,  11,  11,  13,    1,  -10 },   // 0x23 '#'
  {    26,   9,  18,  11,    1,  -15 },   // 0x24 '$'
  {    47,  15,  12,  17,    1,  -11 },   // 0x25 '%'
  {    70,  14,  14,  16,    1,  -13 },   // 0x26 '&'
  {    95,   2,   4,   5,    1,  -14 },   // 0x27 '''
  {    96,   5,  20,   7,    1,  -15 },   // 0x28 '('
  {   109,   4,  20,   7,    1,  -15 },   // 0x29 ')'
  {   119,   7,   7,   9,    1,  -14 },   // 0x2A '*'
  {   126,   9,   8,  11,    1,   -9 },   // 0x2B '+'
  {   135,   3,   6,   6,    2,   -2 },   // 0x2C ','
  {   138,   5,   1,   7,    1,   -5 },   // 0x2D '-'
  {   139,   3,   3,   7,    2,   -2 },   // 0x2E '.'
  {   141,   8,  18,   8,    0,  -15 },   // 0x2F '/'
  {   159,  10,  14,  11,    1,  -13 },   // 0x30 '0'
  {   177,   6,  14,   8,    1,  -13 },   // 0x31 '1'
  {   188,   9,  14,  10,    0,  -13 },   // 0x32 '2'
  {   204,  10,  14,  11,    0,  -13 },   // 0x33 '3'
  {   222,  10,  14,  11,    0,  -13 },   // 0x34 '4'
  {   240,   9,  14,  10,    0,  -13 },   // 0x35 '5'
  {   256,   9,  14,  11,    1,  -13 },   // 0x36 '6'
  {   272,  10,  14,  10,    0,  -13 },   // 0x37 '7'
  {   290,   9,  14,  11,    1,  -13 },   // 0x38 '8'
  {   306,  10,  14,  10,    0,  -13 },   // 0x39 '9'
  {   324,   3,  10,   7,    2,   -9 },   // 0x3A ':'
  {   328,   3,  13,   6,    2,   -9 },   // 0x3B ';'
  {   333,   8,   9,  11,    1,   -9 },   // 0x3C '<'
  {   342,   9,   4,  11,    1,   -7 },   // 0x3D '='
  {   347,   8,   9,  11,    2,   -9 },   // 0x3E '>'
  {   356,   8,  14,  11,    1,  -13 },   // 0x3F '?'
  {   370,  15,  15,  17,    1,  -10 },   // 0x40 '@'
  {   399,  14,  14,  14,    0,  -13 },   // 0x41 'A'
  {   424,  11,  14,  13,    1,  -13 },   // 0x42 'B'
  {   444,  12,  14,  14,    1,  -13 },   // 0x43 'C'
  {   465,  13,  14,  15,    1,  -13 },   // 0x44 'D'
  {   488,  10,  14,  12,    1,  -13 },   // 0x45 'E'
  {   506,  10,  14,  12,    1,  -13 },   // 0x46 'F'
  {   524,  13,  14,  15,    1,  -13 },   // 0x47 'G'
  {   547,  14,  14,  16,    1,  -13 },   // 0x48 'H'
  {   572,   6,  14,   8,    1,  -13 },   // 0x49 'I'
  {   583,   9,  14,  11,    1,  -13 },   // 0x4A 'J'
  {   599,  13,  14,  15,    1,  -13 },   // 0x4B 'K'
  {   622,  10,  14,  12,    1,  -13 },   // 0x4C 'L'
  {   640,  17,  14,  20,    1,  -13 },   // 0x4D 'M'
  {   670,  14,  14,  16,    1,  -13 },   // 0x4E 'N'
  {   695,  13,  14,  15,    1,  -13 },   // 0x4F 'O'
  {   718,  10,  14,  12,    1,  -13 },   // 0x50 'P'
  {   736,  16,  18,  15,    1,  -13 },   // 0x51 'Q'
  {   772,  13,  14,  14,    1,  -13 },   // 0x52 'R'
  {   795,  10,  14,  12,    1,  -13 },   // 0x53 'S'
  {   813,  13,  14,  14,    1,  -13 },   // 0x54 'T'
  {   836,  14,  14,  16,    1,  -13 },   // 0x55 'U'
  {   861,  14,  14,  14,    0,  -13 },   // 0x56 'V'
  {   886,  21,  14,  21,    0,  -13 },   // 0x57 'W'
  {   923,  14,  14,  14,    0,  -13 },   // 0x58 'X'
  {   948,  14,  14,  14,    0,  -13 },   // 0x59 'Y'
  {   973,  11,  14,  13,    1,  -13 },   // 0x5A 'Z'
  {   993,   4,  20,   7,    2,  -15 },   // 0x5B '['
  {  1003,   8,  18,   8,    0,  -15 },   // 0x5C '\'
  {  1021,   3,  20,   7,    1,  -15 },   // 0x5D ']'
  {  1029,   9,   7,  11,    1,  -13 },   // 0x5E '^'
  {  1037,  10,   1,   9,    0,    2 },   // 0x5F '_'
  {  1039,   3,   4,  10,    3,  -14 },   // 0x60 '`'
  {  1041,   9,  10,  11,    1,   -9 },   // 0x61 'a'
  {  1053,  11,  15,  12,    0,  -14 },   // 0x62 'b'
  {  1074,   8,  10,  10,    1,   -9 },   // 0x63 'c'
  {  1084,  11,  15,  12,    1,  -14 },   // 0x64 'd'
  {  1105,   8,  10,  10,    1,   -9 },   // 0x65 'e'
  {  1115,   8,  15,   8,    1,  -14 },   // 0x66 'f'
  {  1130,  11,  16,  11,    0,  -10 },   // 0x67 'g'
  {  1152,  11,  15,  13,    1,  -14 },   // 0x68 'h'
  {  1173,   5,  15,   7,    1,  -14 },   // 0x69 'i'
  {  1183,   3,  19,   6,    1,  -14 },   // 0x6A 'j'
  {  1191,  11,  15,  12,    1,  -14 },   // 0x6B 'k'
  {  1212,   5,  15,   7,    1,  -14 },   // 0x6C 'l'
  {  1222,  17,  10,  19,    1,   -9 },   // 0x6D 'm'
  {  1244,  11,  10,  13,    1,   -9 },   // 0x6E 'n'
  {  1258,  10,  10,  11,    1,   -9 },   // 0x6F 'o'
  {  1271,  10,  14,  12,    1,   -9 },   // 0x70 'p'
  {  1289,  10,  14,  12,    1,   -9 },   // 0x71 'q'
  {  1307,   8,  10,   9,    1,   -9 },   // 0x72 'r'
  {  1317,   7,  10,   9,    1,   -9 },   // 0x73 's'
  {  1326,   7,  13,   8,    1,  -12 },   // 0x74 't'
  {  1338,  11,  10,  12,    1,   -9 },   // 0x75 'u'
  {  1352,  11,  10,  12,    0,   -9 },   // 0x76 'v'
  {  1366,  17,  10,  17,    0,   -9 },   // 0x77 'w'
  {  1388,  11,  10,  11,    0,   -9 },   // 0x78 'x'
  {  1402,  11,  15,  11,    0,   -9 },   // 0x79 'y'
  {  1423,   8,  10,  10,    1,   -9 },   // 0x7A 'z'
  {  1433,   6,  20,   7,    1,  -15 },   // 0x7B '{'
  {  1448,   1,  18,   8,    4,  -15 },   // 0x7C '|'
  {  1451,   5,  20,   7,    1,  -15 },   // 0x7D '}'
  {  1464,   9,   2,  11,    1,   -6 },   // 0x7E '~'
  {  1467,   8,  14,  10,    1,  -13 },   // 0x7F
  {  1481,   8,  14,  10,    1,  -13 },   // 0x80
  {  1495,   8,  14,  10,    1,  -13 },   // 0x81
  {  1509,   8,  14,  10,    1,  -13 },   // 0x82
  {  1523,   8,  14,  10,    1,  -13 },   // 0x83
  {  1537,   8,  14,  10,    1,  -13 },   // 0x84
  {  1551,   8,  14,  10,    1,  -13 },   // 0x85
  {  1565,   8,  14,  10,    1,  -13 },   // 0x86
  {  1579,   8,  14,  10,    1,  -13 },   // 0x87
  {  1593,   8,  14,  10,    1,  -13 },   // 0x88
  {  1607,   8,  14,  10,    1,  -13 },   // 0x89
  {  1621,   8,  14,  10,    1,  -13 },   // 0x8A
  {  1635,   8,  14,  10,    1,  -13 },   // 0x8B
  {  1649,   8,  14,  10,    1,  -13 },   // 0x8C
  {  1663,   8,  14,  10,    1,  -13 },   // 0x8D
  {  1677,   8,  14,  10,    1,  -13 },   // 0x8E
  {  1691,   8,  14,  10,    1,  -13 },   // 0x8F
  {  1705,   8,  14,  10,    1,  -13 },   // 0x90
  {  1719,   8,  14,  10,    1,  -13 },   // 0x91
  {  1733,   8,  14,  10,    1,  -13 },   // 0x92
  {  1747,   8,  14,  10,    1,  -13 },   // 0x93
  {  1761,   8,  14,  10,    1,  -13 },   // 0x94
  {  1775,   8,  14,  10,    1,  -13 },   // 0x95
  {  1789,   8,  14,  10,    1,  -13 },   // 0x96
  {  1803,   8,  14,  10,    1,  -13 },   // 0x97
  {  1817,   8,  14,  10,    1,  -13 },   // 0x98
  {  1831,   8,  14,  10,    1,  -13 },   // 0x99
  {  1845,   8,  14,  10,    1,  -13 },   // 0x9A
  {  1859,   8,  14,  10,    1,  -13 },   // 0x9B
  {  1873,   8,  14,  10,    1,  -13 },   // 0x9C
  {  1887,   8,  14,  10,    1,  -13 },   // 0x9D
  {  1901,   8,  14,  10,    1,  -13 },   // 0x9E
  {  1915,   8,  14,  10,    1,  -13 },   // 0x9F
  {  1929,   1,   1,   4,    0,    0 },   // 0xA0
  {  1930,   3,  14,   6,    2,   -9 },   // 0xA1
  {  1936,   8,  14,  10,    1,  -12 },   // 0xA2
  {  1950,   9,  14,  11,    1,  -13 },   // 0xA3
  {  1966,   8,   8,  11,    1,   -9 },   // 0xA4
  {  1974,  13,  14,  14,    1,  -13 },   // 0xA5
  {  1997,   1,  18,   8,    4,  -15 },   // 0xA6
  {  2000,  10,  17,  12,    1,  -13 },   // 0xA7
  {  2022,   6,   3,  10,    2,  -14 },   // 0xA8
  {  2025,  13,  13,  16,    1,  -12 },   // 0xA9
  {  2047,   7,   8,   8,    1,  -14 },   // 0xAA
  {  2054,   7,   8,  10,    1,   -8 },   // 0xAB
  {  2061,   9,   4,  11,    1,   -6 },   // 0xAC
  {  2066,   1,   1,   0,    0,    0 },   // 0xAD
  {  2067,   7,   7,  10,    1,  -14 },   // 0xAE
  {  2074,   6,   2,  10,    2,  -13 },   // 0xAF
  {  2076,   5,   4,   6,    1,  -14 },   // 0xB0
  {  2079,   9,  10,  11,    1,   -9 },   // 0xB1
  {  2091,   7,   9,   8,    0,  -15 },   // 0xB2
  {  2099,   7,   9,   8,    0,  -15 },   // 0xB3
  {  2107,   4,   4,  10,    3,  -14 },   // 0xB4
  {  2109,  11,  14,  12,    1,   -9 },   // 0xB5
  {  2129,   9,  17,  11,    1,  -13 },   // 0xB6
  {  2149,   3,   3,   7,    2,   -7 },   // 0xB7
  {  2151,   4,   4,  10,    3,    1 },   // 0xB8
  {  2153,   5,   9,   6,    1,  -15 },   // 0xB9
  {  2159,   7,   8,   8,    1,  -14 },   // 0xBA
  {  2166,   8,   8,  10,    1,   -8 },   // 0xBB
  {  2174,  17,  14,  18,    1,  -13 },   // 0xBC
  {  2204,  17,  14,  19,    1,  -13 },   // 0xBD
  {  2234,  19,  14,  19,    0,  -13 },   // 0xBE
  {  2268,   7,  14,  11,    2,   -9 },   // 0xBF
  {  2281,  14,  18,  14,    0,  -17 },   // 0xC0
  {  2313,  14,  18,  14,    0,  -17 },   // 0xC1
  {  2345,  14,  18,  14,    0,  -17 },   // 0xC2
  {  2377,  14,  18,  14,    0,  -17 },   // 0xC3
  {  2409,  14,  18,  14,    0,  -17 },   // 0xC4
  {  2441,  14,  19,  14,    0,  -18 },   // 0xC5
  {  2475,  18,  14,  20,    0,  -13 },   // 0xC6
  {  2507,  12,  18,  14,    1,  -13 },   // 0xC7
  {  2534,  10,  18,  12,    1,  -17 },   // 0xC8
  {  2557,  10,  18,  12,    1,  -17 },   // 0xC9
  {  2580,  10,  18,  12,    1,  -17 },   // 0xCA
  {  2603,  10,  18,  12,    1,  -17 },   // 0xCB
  {  2626,   6,  18,   8,    1,  -17 },   // 0xCC
  {  2640,   6,  18,   8,    1,  -17 },   // 0xCD
  {  2654,   6,  18,   8,    1,  -17 },   // 0xCE
  {  2668,   6,  18,   8,    1,  -17 },   // 0xCF
  {  2682,  13,  14,  15,    1,  -13 },   // 0xD0
  {  2705,  14,  18,  16,    1,  -17 },   // 0xD1
  {  2737,  13,  18,  15,    1,  -17 },   // 0xD2
  {  2767,  13,  18,  15,    1,  -17 },   // 0xD3
  {  2797,  13,  18,  15,    1,  -17 },   // 0xD4
  {  2827,  13,  18,  15,    1,  -17 },   // 0xD5
  {  2857,  13,  18,  15,    1,  -17 },   // 0xD6
  {  2887,   7,   8,  11,    2,   -9 },   // 0xD7
  {  2894,  13,  14,  15,    1,  -13 },   // 0xD8
  {  2917,  14,  18,  16,    1,  -17 },   // 0xD9
  {  2949,  14,  18,  16,    1,  -17 },   // 0xDA
  {  2981,  14,  18,  16,    1,  -17 },   // 0xDB
  {  3013,  14,  18,  16,    1,  -17 },   // 0xDC
  {  3045,  14,  18,  14,    0,  -17 },   // 0xDD
  {  3077,  10,  14,  12,    1,  -13 },   // 0xDE
  {  3095,  12,  15,  13,    1,  -14 },   // 0xDF
  {  3118,   9,  15,  11,    1,  -14 },   // 0xE0
  {  3135,   9,  15,  11,    1,  -14 },   // 0xE1
  {  3152,   9,  15,  11,    1,  -14 },   // 0xE2
  {  3169,   9,  15,  11,    1,  -14 },   // 0xE3
  {  3186,   9,  15,  11,    1,  -14 },   // 0xE4
  {  3203,   9,  15,  11,    1,  -14 },   // 0xE5
  {  3220,  14,  10,  16,    1,   -9 },   // 0xE6
  {  3238,   8,  14,  10,    1,   -9 },   // 0xE7
  {  3252,   8,  15,  10,    1,  -14 },   // 0xE8
  {  3267,   8,  15,  10,    1,  -14 },   // 0xE9
  {  3282,   8,  15,  10,    1,  -14 },   // 0xEA
  {  3297,   8,  15,  10,    1,  -14 },   // 0xEB
  {  3312,   5,  15,   7,    1,  -14 },   // 0xEC
  {  3322,   5,  15,   7,    1,  -14 },   // 0xED
  {  3332,   6,  15,   7,    0,  -14 },   // 0xEE
  {  3344,   6,  15,   7,    0,  -14 },   // 0xEF
  {  3356,   9,  15,  11,    1,  -14 },   // 0xF0
  {  3373,  11,  15,  13,    1,  -14 },   // 0xF1
  {  3394,  10,  15,  11,    1,  -14 },   // 0xF2
  {  3413,  10,  15,  11,    1,  -14 },   // 0xF3
  {  3432,  10,  15,  11,    1,  -14 },   // 0xF4
  {  3451,  10,  15,  11,    1,  -14 },   // 0xF5
  {  3470,  10,  15,  11,    1,  -14 },   // 0xF6
  {  3489,   9,   8,  11,    1,   -9 },   // 0xF7
  {  3498,  11,  10,  11,    0,   -9 },   // 0xF8
  {  3512,  11,  15,  12,    1,  -14 },   // 0xF9
  {  3533,  11,  15,  12,    1,  -14 },   // 0xFA
  {  3554,  11,  15,  12,    1,  -14 },   // 0xFB
  {  3575,  11,  15,  12,    1,  -14 },   // 0xFC
  {  3596,  11,  20,  11,    0,  -14 },   // 0xFD
  {  3624,  11,  19,  12,    0,  -14 },   // 0xFE
  {  3651,  11,  20,  11,    0,  -14 } }; // 0xFF

const GFXfont Literata_Regular10pt8b PROGMEM = {
  (uint8_t  *)Literata_Regular10pt8bBitmaps,
  (GFXglyph *)Literata_Regular10pt8bGlyphs,
  0x20, 0xFF, 29 };

// Approx. 5254 bytes

const uint8_t Literata_Regular11pt8bBitmaps[] PROGMEM = {
  0x00, 0xFF, 0xFC, 0x92, 0x49, 0x05, 0xF8, 0x9E, 0xE7, 0x29, 0x00, 0x08,
  0x40, 0x42, 0x02, 0x10, 0xFF, 0xF1, 0x0C, 0x08, 0x40, 0x42, 0x02, 0x10,
  0xFF, 0xF0, 0x84, 0x0C, 0x20, 0x43, 0x00, 0x04, 0x01, 0x03, 0xFD, 0x97,
  0x64, 0xD9, 0x16, 0x41, 0xD0, 0x3E, 0x07, 0xE0, 0x7C, 0x13, 0x84, 0xF1,
  0x3C, 0x4F, 0xD7, 0xDF, 0x01, 0x00, 0x40, 0x38, 0x18, 0x6C, 0x30, 0xC6,
  0x20, 0xC6, 0x60, 0xC6, 0x40, 0xCC, 0xC0, 0x79, 0x8C, 0x01, 0x3F, 0x03,
  0x23, 0x02, 0x21, 0x06, 0x21, 0x0C, 0x33, 0x18, 0x1E, 0x1F, 0x00, 0x31,
  0x80, 0x30, 0x80, 0x31, 0x80, 0x31, 0x84, 0x3B, 0x0E, 0x1C, 0x16, 0x3E,
  0x30, 0x67, 0x20, 0xE3, 0xA0, 0xC1, 0xE0, 0xC0, 0xE0, 0xE0, 0x71, 0x70,
  0xBE, 0x3F, 0x0C, 0xBA, 0x80, 0x18, 0x8C, 0x46, 0x33, 0x18, 0xC6, 0x31,
  0x8C, 0x63, 0x18, 0xC3, 0x18, 0x43, 0x0C, 0x84, 0x30, 0xC6, 0x18, 0xC6,
  0x31, 0x86, 0x31, 0x98, 0xC6, 0x31, 0x18, 0x8C, 0x40, 0x18, 0x18, 0xD7,
  0x7C, 0x38, 0xF6, 0x92, 0x18, 0x18, 0x0C, 0x06, 0x03, 0x0F, 0xF8, 0xC0,
  0x60, 0x30, 0x18, 0x00, 0x5F, 0x97, 0xA0, 0xFF, 0xF0, 0xFF, 0x80, 0x01,
  0x80, 0x80, 0xC0, 0x40, 0x20, 0x30, 0x10, 0x08, 0x0C, 0x04, 0x02, 0x03,
  0x01, 0x00, 0x80, 0xC0, 0x40, 0x60, 0x20, 0x30, 0x00, 0x3F, 0x0E, 0x31,
  0x83, 0x60, 0x6C, 0x0F, 0x81, 0xF0, 0x3E, 0x07, 0xC0, 0xF8, 0x1F, 0x03,
  0x70, 0x66, 0x0C, 0xE3, 0x0F, 0xC0, 0xF8, 0xF0, 0xE1, 0xC3, 0x87, 0x0E,
  0x1C, 0x38, 0x70, 0xE1, 0xC3, 0x87, 0x3F, 0x80, 0x7E, 0x61, 0xB0, 0xF8,
  0x30, 0x38, 0x1C, 0x0C, 0x0C, 0x0E, 0x0E, 0x06, 0x06, 0x16, 0x1F, 0xFF,
  0xFE, 0x7F, 0x38, 0xEE, 0x1B, 0x86, 0x01, 0x80, 0xC0, 0xE0, 0x78, 0x03,
  0x80, 0x60, 0x1C, 0x06, 0x81, 0xB9, 0xE7, 0xE0, 0x01, 0x80, 0x70, 0x1E,
  0x02, 0xC0, 0xD8, 0x33, 0x04, 0x61, 0x8C, 0x61, 0x88, 0x33, 0xFF, 0x80,
  0xC0, 0x18, 0x03, 0x03, 0xF8, 0x3F, 0xCF, 0xE2, 0x00, 0x80, 0x20, 0x09,
  0x87, 0xF8, 0x87, 0x00, 0xC0, 0x30, 0x0C, 0x03, 0xC1, 0xDC, 0xE3, 0xF0,
  0x1F, 0x8C, 0x36, 0x1D, 0x82, 0xC0, 0x33, 0x8F, 0xFB, 0x86, 0xC1, 0xF0,
  0x3C, 0x0F, 0x03, 0xC1, 0x98, 0x63, 0xF0, 0x7F, 0xEF, 0xFB, 0x03, 0x60,
  0xC0, 0x10, 0x06, 0x00, 0x80, 0x30, 0x06, 0x01, 0xC0, 0x30, 0x06, 0x00,
  0xC0, 0x18, 0x07, 0x00, 0x3F, 0x18, 0x6C, 0x1B, 0x06, 0xE1, 0x9C, 0x43,
  0xE0, 0xFC, 0x63, 0xB0, 0x7C, 0x0F, 0x03, 0xC0, 0xF8, 0x67, 0xF0, 0x1F,
  0x86, 0x31, 0x83, 0x30, 0x66, 0x0D, 0xC1, 0xD8, 0x3B, 0x8F, 0x3F, 0xC3,
  0x98, 0x03, 0x00, 0x64, 0x18, 0xC7, 0x0F, 0xC0, 0xFF, 0x80, 0x00, 0xFF,
  0x80, 0xFF, 0x80, 0x00, 0x5F, 0x97, 0xA0, 0x03, 0x0E, 0x18, 0x60, 0xC0,
  0xC0, 0x70, 0x1C, 0x06, 0x03, 0xFF, 0x80, 0x00, 0x00, 0x0F, 0xF8, 0xE0,
  0x18, 0x07, 0x00, 0xC0, 0x18, 0x1C, 0x18, 0x30, 0x70, 0x60, 0x00, 0x3F,
  0x21, 0xB8, 0x6C, 0x30, 0x30, 0x38, 0x38, 0x18, 0x08, 0x04, 0x02, 0x00,
  0x01, 0x80, 0xE0, 0x70, 0x07, 0xF0, 0x18, 0x0C, 0x30, 0x06, 0x60, 0x83,
  0x47, 0xF3, 0xC6, 0x31, 0xCC, 0x31, 0xCC, 0x71, 0xCC, 0x71, 0xCC, 0x73,
  0xCC, 0xB2, 0x47, 0xBC, 0x60, 0x00, 0x30, 0x08, 0x1C, 0x38, 0x07, 0xE0,
  0x01, 0x80, 0x03, 0xC0, 0x02, 0xC0, 0x02, 0xC0, 0x06, 0x60, 0x04, 0x60,
  0x04, 0x70, 0x0C, 0x30, 0x08, 0x30, 0x1F, 0xF8, 0x18, 0x18, 0x10, 0x18,
  0x30, 0x1C, 0x30, 0x0C, 0xFC, 0x3F, 0xFF, 0xC3, 0x0E, 0x30, 0x63, 0x06,
  0x30, 0x63, 0x0E, 0x31, 0x83, 0xFC, 0x30, 0x73, 0x03, 0x30, 0x33, 0x03,
  0x30, 0x73, 0x0E, 0xFF, 0x80, 0x0F, 0xD1, 0xC3, 0x9C, 0x0C, 0xC0, 0x2E,
  0x01, 0xF0, 0x03, 0x00, 0x18, 0x00, 0xC0, 0x07, 0x00, 0x18, 0x00, 0xC0,
  0x23, 0x01, 0x9E, 0x38, 0x3F, 0x00, 0xFF, 0xC0, 0xC1, 0xC3, 0x01, 0x8C,
  0x07, 0x30, 0x0C, 0xC0, 0x33, 0x00, 0xCC, 0x03, 0x30, 0x0C, 0xC0, 0x33,
  0x00, 0xCC, 0x06, 0x30, 0x38, 0xC3, 0x8F, 0xF8, 0x00, 0xFF, 0xC3, 0x06,
  0x30, 0x63, 0x02, 0x30, 0x03, 0x08, 0x30, 0x83, 0xF8, 0x30, 0x83, 0x08,
  0x30, 0x03, 0x03, 0x30, 0x23, 0x06, 0xFF, 0xE0, 0xFF, 0xE6, 0x0C, 0xC1,
  0x98, 0x13, 0x00, 0x61, 0x0C, 0x21, 0xFC, 0x31, 0x86, 0x10, 0xC2, 0x18,
  0x03, 0x00, 0x70, 0x3F, 0x80, 0x0F, 0xD0, 0xE1, 0xC7, 0x03, 0x18, 0x06,
  0x60, 0x0B, 0x80, 0x0C, 0x00, 0x30, 0x00, 0xC0, 0x7F, 0x80, 0x6E, 0x01,
  0x98, 0x06, 0x70, 0x18, 0xE1, 0xE0, 0xFD, 0x80, 0xFC, 0x3F, 0x30, 0x0C,
  0x30, 0x0C, 0x30, 0x0C, 0x30, 0x0C, 0x30, 0x0C, 0x30, 0x0C, 0x3F, 0xFC,
  0x30, 0x0C, 0x30, 0x0C, 0x30, 0x0C, 0x30, 0x0C, 0x30, 0x0C, 0x38, 0x0C,
  0xFC, 0x3F, 0xFC, 0xE3, 0x0C, 0x30, 0xC3, 0x0C, 0x30, 0xC3, 0x0C, 0x30,
  0xEF, 0xC0, 0x0F, 0xC0, 0xC0, 0x30, 0x0C, 0x03, 0x00, 0xC0, 0x30, 0x0C,
  0x03, 0x00, 0xC0, 0x33, 0x8C, 0xE3, 0x31, 0x87, 0xC0, 0xFC, 0xFC, 0x70,
  0x60, 0xC1, 0x81, 0x86, 0x03, 0x18, 0x06, 0x60, 0x0D, 0x80, 0x1F, 0x80,
  0x3B, 0x80, 0x63, 0x00, 0xC7, 0x01, 0x87, 0x03, 0x06, 0x07, 0x0E, 0x3F,
  0x0F, 0x80, 0xFE, 0x06, 0x00, 0xC0, 0x18, 0x03, 0x00, 0x60, 0x0C, 0x01,
  0x80, 0x30, 0x06, 0x00, 0xC0, 0x98, 0x13, 0x06, 0x61, 0xFF, 0xF8, 0x7C,
  0x07, 0xE3, 0xC0, 0xF0, 0x58, 0x16, 0x0B, 0x06, 0xC1, 0x70, 0x98, 0x26,
  0x13, 0x04, 0xC6, 0x60, 0x8C, 0x8C, 0x11, 0x91, 0x82, 0x36, 0x30, 0xC3,
  0x86, 0x18, 0x70, 0xC3, 0x0E, 0x18, 0x60, 0x03, 0x3F, 0x01, 0xF8, 0xF8,
  0x3F, 0x3C, 0x0C, 0x3E, 0x0C, 0x36, 0x0C, 0x37, 0x0C, 0x33, 0x0C, 0x33,
  0x8C, 0x31, 0xCC, 0x30, 0xCC, 0x30, 0xEC, 0x30, 0x6C, 0x30, 0x7C, 0x30,
  0x3C, 0x30, 0x1C, 0xFC, 0x1C, 0x0F, 0xE0, 0xE1, 0xC3, 0x03, 0x98, 0x07,
  0x60, 0x0F, 0x00, 0x3C, 0x00, 0xF0, 0x03, 0xC0, 0x0F, 0x80, 0x3E, 0x00,
  0xD8, 0x06, 0x70, 0x18, 0xF1, 0xC0, 0xFC, 0x00, 0xFF, 0x86, 0x1C, 0xC1,
  0x98, 0x33, 0x06, 0x60, 0xCC, 0x19, 0x8E, 0x3F, 0x86, 0x00, 0xC0, 0x18,
  0x03, 0x00, 0x70, 0x3F, 0x80, 0x0F, 0xE0, 0x0E, 0x1C, 0x03, 0x03, 0x81,
  0x80, 0x70, 0x60, 0x0C, 0x30, 0x03, 0x0C, 0x00, 0xC3, 0x00, 0x30, 0xC0,
  0x0C, 0x38, 0x03, 0x0F, 0xF0, 0xC1, 0xC6, 0x60, 0x70, 0xD8, 0x0F, 0x3C,
  0x00, 0xFE, 0x00, 0x01, 0xC0, 0x00, 0x38, 0x40, 0x07, 0xE0, 0x00, 0xF0,
  0xFF, 0x80, 0xC3, 0x83, 0x06, 0x0C, 0x1C, 0x30, 0x60, 0xC1, 0x83, 0x0C,
  0x0F, 0xE0, 0x31, 0x80, 0xC7, 0x03, 0x0C, 0x0C, 0x38, 0x30, 0x60, 0xE1,
  0xCF, 0xE3, 0xC0, 0x3F, 0x4C, 0x19, 0x83, 0x30, 0x26, 0x00, 0xE0, 0x0F,
  0x80, 0xFC, 0x03, 0xC0, 0x1A, 0x03, 0xE0, 0x3E, 0x0D, 0xE1, 0x97, 0xE0,
  0x7F, 0xFB, 0x8C, 0x6C, 0x30, 0xE0, 0xC3, 0x43, 0x08, 0x0C, 0x00, 0x30,
  0x00, 0xC0, 0x03, 0x00, 0x0C, 0x00, 0x30, 0x00, 0xC0, 0x03, 0x00, 0x0C,
  0x01, 0xFC, 0x00, 0xFC, 0x3E, 0x60, 0x18, 0xC0, 0x31, 0x80, 0x63, 0x00,
  0xC6, 0x01, 0x8C, 0x03, 0x18, 0x06, 0x30, 0x0C, 0x60, 0x18, 0xC0, 0x21,
  0x80, 0x41, 0x81, 0x83, 0x86, 0x03, 0xF8, 0x00, 0xFC, 0x3E, 0x60, 0x18,
  0xE0, 0x20, 0xC0, 0xC1, 0x81, 0x83, 0x82, 0x03, 0x0C, 0x06, 0x18, 0x0E,
  0x20, 0x0C, 0xC0, 0x19, 0x80, 0x1A, 0x00, 0x3C, 0x00, 0x78, 0x00, 0x60,
  0x00, 0xFC, 0x18, 0x3E, 0x70, 0x70, 0x10, 0xE0, 0xB0, 0x60, 0xC1, 0x60,
  0xC1, 0x86, 0xC1, 0x03, 0x0C, 0xC2, 0x07, 0x11, 0x84, 0x06, 0x23, 0x18,
  0x0C, 0xC7, 0x20, 0x19, 0x86, 0x40, 0x32, 0x0C, 0x80, 0x34, 0x1B, 0x00,
  0x78, 0x1C, 0x00, 0xF0, 0x38, 0x01, 0xC0, 0x70, 0x00, 0xFC, 0x7C, 0x70,
  0x30, 0x60, 0xC0, 0xE1, 0x00, 0xE4, 0x00, 0xD8, 0x00, 0xE0, 0x01, 0xC0,
  0x03, 0xC0, 0x0D, 0x80, 0x31, 0x80, 0xC3, 0x81, 0x03, 0x06, 0x03, 0x3E,
  0x1F, 0x80, 0xFC, 0x3E, 0x70, 0x30, 0x60, 0x60, 0xE1, 0x80, 0xC2, 0x00,
  0xCC, 0x01, 0xD0, 0x01, 0xC0, 0x03, 0x80, 0x03, 0x00, 0x06, 0x00, 0x0C,
  0x00, 0x18, 0x00, 0x70, 0x01, 0xF8, 0x00, 0x7F, 0xF6, 0x06, 0x40, 0xEC,
  0x1C, 0x01, 0x80, 0x38, 0x07, 0x00, 0x60, 0x0C, 0x01, 0xC0, 0x18, 0x03,
  0x03, 0x70, 0x36, 0x07, 0xFF, 0xF0, 0xFF, 0xCC, 0xCC, 0xCC, 0xCC, 0xCC,
  0xCC, 0xCC, 0xCC, 0xCC, 0xCF, 0xF0, 0xC0, 0x20, 0x18, 0x04, 0x02, 0x01,
  0x80, 0x40, 0x30, 0x08, 0x04, 0x03, 0x00, 0x80, 0x40, 0x30, 0x08, 0x04,
  0x03, 0x00, 0x80, 0x60, 0xFF, 0x33, 0x33, 0x33, 0x33, 0x33, 0x33, 0x33,
  0x33, 0x33, 0x3F, 0xF0, 0x0C, 0x01, 0xC0, 0x4C, 0x18, 0x82, 0x18, 0x81,
  0xB0, 0x1A, 0x02, 0xFF, 0xFF, 0xF0, 0x8C, 0x63, 0x10, 0x3E, 0x18, 0x63,
  0x8C, 0x21, 0x80, 0x30, 0x7E, 0x18, 0xC6, 0x18, 0xC3, 0x1C, 0xF1, 0xF7,
  0x80, 0x10, 0x0F, 0x00, 0x30, 0x03, 0x00, 0x30, 0x03, 0x00, 0x37, 0xC3,
  0xCE, 0x38, 0x73, 0x03, 0x30, 0x33, 0x03, 0x30, 0x33, 0x03, 0x30, 0x63,
  0x8E, 0x3F, 0xC0, 0x1F, 0x38, 0xD8, 0xF8, 0x3C, 0x06, 0x03, 0x01, 0xC0,
  0x60, 0x3C, 0xCF, 0xC0, 0x00, 0x40, 0x3C, 0x00, 0xC0, 0x0C, 0x00, 0xC0,
  0x0C, 0x3F, 0xC7, 0x1C, 0x60, 0xCC, 0x0C, 0xC0, 0xCC, 0x0C, 0xC0, 0xCC,
  0x0C, 0xE1, 0xC7, 0x3C, 0x3E, 0xF0, 0x1F, 0x30, 0xD8, 0x78, 0x3F, 0xFF,
  0xFF, 0x01, 0x80, 0x60, 0xB8, 0xCF, 0xC0, 0x0F, 0x0C, 0xCC, 0xE6, 0x23,
  0x01, 0x83, 0xF8, 0x60, 0x30, 0x18, 0x0C, 0x06, 0x03, 0x01, 0x80, 0xC0,
  0x60, 0xFC, 0x00, 0x00, 0x40, 0x1C, 0xFD, 0xB1, 0x8C, 0x19, 0x83, 0x30,
  0x63, 0x18, 0x3E, 0x08, 0x03, 0x00, 0x7F, 0x87, 0xFD, 0x81, 0xB0, 0x36,
  0x06, 0xE3, 0x8F, 0xE0, 0x10, 0x07, 0x80, 0x0C, 0x00, 0x60, 0x03, 0x00,
  0x18, 0x00, 0xDF, 0x07, 0x9C, 0x30, 0x61, 0x83, 0x0C, 0x18, 0x60, 0xC3,
  0x06, 0x18, 0x30, 0xC1, 0x86, 0x0C, 0xF9, 0xF8, 0x71, 0xC2, 0x00, 0x03,
  0xC7, 0x0C, 0x30, 0xC3, 0x0C, 0x30, 0xC3, 0x3F, 0x77, 0x20, 0x0F, 0x73,
  0x33, 0x33, 0x33, 0x33, 0x26, 0x6C, 0x80, 0x10, 0x0F, 0x00, 0x30, 0x03,
  0x00, 0x30, 0x03, 0x00, 0x33, 0xE3, 0x0C, 0x31, 0x83, 0x30, 0x34, 0x03,
  0xE0, 0x37, 0x03, 0x38, 0x31, 0x83, 0x0C, 0xF8, 0xF0, 0x13, 0xC3, 0x0C,
  0x30, 0xC3, 0x0C, 0x30, 0xC3, 0x0C, 0x30, 0xC3, 0x0C, 0xFC, 0xE7, 0xCF,
  0x07, 0x9A, 0x30, 0xC3, 0x86, 0x18, 0x30, 0x63, 0x06, 0x0C, 0x60, 0xC1,
  0x8C, 0x18, 0x31, 0x83, 0x06, 0x30, 0x60, 0xC6, 0x0C, 0x3B, 0xE7, 0xCF,
  0x80, 0xE7, 0xC1, 0xE7, 0x0C, 0x18, 0x60, 0xC3, 0x06, 0x18, 0x30, 0xC1,
  0x86, 0x0C, 0x30, 0x61, 0x83, 0x3E, 0x7E, 0x1F, 0x0E, 0x31, 0x83, 0x60,
  0x6C, 0x0F, 0x81, 0xF0, 0x3F, 0x06, 0x60, 0xCE, 0x30, 0xFC, 0x00, 0xE7,
  0x8D, 0x39, 0xC1, 0xB0, 0x36, 0x06, 0xC0, 0xD8, 0x1B, 0x03, 0x60, 0xEE,
  0x19, 0xFE, 0x30, 0x06, 0x00, 0xC0, 0x3E, 0x07, 0xC0, 0x1F, 0x47, 0x1C,
  0x60, 0xCC, 0x0C, 0xC0, 0xCC, 0x0C, 0xC0, 0xCC, 0x0C, 0xE1, 0xC7, 0x3C,
  0x3E, 0xC0, 0x0C, 0x00, 0xC0, 0x0C, 0x01, 0xE0, 0x3F, 0xE7, 0xB4, 0xCC,
  0xE6, 0x23, 0x01, 0x80, 0xC0, 0x60, 0x30, 0x18, 0x3F, 0x00, 0x3F, 0x43,
  0xC3, 0xE0, 0x78, 0x3E, 0x07, 0x03, 0xC3, 0xE3, 0xFE, 0x30, 0x30, 0x30,
  0x70, 0xFE, 0x70, 0x70, 0x70, 0x70, 0x70, 0x70, 0x70, 0x30, 0x33, 0x3E,
  0xE1, 0xC6, 0x0C, 0x60, 0xC6, 0x0C, 0x60, 0xC6, 0x0C, 0x60, 0xC6, 0x0C,
  0x60, 0xC3, 0x1C, 0x3E, 0x70, 0xFC, 0xFB, 0x83, 0x0C, 0x18, 0x70, 0x81,
  0x8C, 0x0C, 0x60, 0x32, 0x01, 0xB0, 0x0D, 0x00, 0x38, 0x01, 0xC0, 0xF8,
  0xE3, 0xDC, 0x38, 0x63, 0x0E, 0x18, 0xC2, 0xC4, 0x19, 0xB1, 0x06, 0x4C,
  0xC1, 0x91, 0x20, 0x6C, 0x68, 0x0F, 0x1E, 0x03, 0x87, 0x00, 0xE0, 0xC0,
  0xFD, 0xF7, 0x0C, 0x38, 0x81, 0xD8, 0x0F, 0x00, 0x60, 0x0F, 0x01, 0xB8,
  0x11, 0xC3, 0x0E, 0xFB, 0xF0, 0xFC, 0xF3, 0x06, 0x30, 0x63, 0x84, 0x18,
  0xC1, 0x88, 0x0D, 0x80, 0xD0, 0x07, 0x00, 0x70, 0x06, 0x00, 0x60, 0x04,
  0x0E, 0xC0, 0xE8, 0x07, 0x00, 0xFF, 0xE1, 0xA1, 0xD0, 0xC0, 0xC0, 0xC0,
  0xE0, 0x61, 0x61, 0xE1, 0xFF, 0xE0, 0x1C, 0xD3, 0x0C, 0x30, 0xC3, 0x0C,
  0x30, 0xC2, 0x30, 0x30, 0xC3, 0x0C, 0x30, 0xC3, 0x0C, 0x30, 0xC1, 0xC0,
  0xFF, 0xFF, 0xE0, 0xE2, 0xC3, 0x0C, 0x30, 0xC3, 0x0C, 0x30, 0xC1, 0x03,
  0x30, 0xC3, 0x0C, 0x30, 0xC3, 0x0C, 0x30, 0xCE, 0x00, 0x20, 0x5F, 0xFC,
  0x38, 0xFF, 0xC0, 0xE0, 0x70, 0x38, 0x1C, 0x0E, 0x07, 0x03, 0x81, 0xC0,
  0xE0, 0x70, 0x38, 0x1C, 0x0F, 0xFE, 0xFF, 0xC0, 0xE0, 0x70, 0x38, 0x1C,
  0x0E, 0x07, 0x03, 0x81, 0xC0, 0xE0, 0x70, 0x38, 0x1C, 0x0F, 0xFE, 0xFF,
  0xC0, 0xE0, 0x70, 0x38, 0x1C, 0x0E, 0x07, 0x03, 0x81, 0xC0, 0xE0, 0x70,
  0x38, 0x1C, 0x0F, 0xFE, 0xFF, 0xC0, 0xE0, 0x70, 0x38, 0x1C, 0x0E, 0x07,
  0x03, 0x81, 0xC0, 0xE0, 0x70, 0x38, 0x1C, 0x0F, 0xFE, 0xFF, 0xC0, 0xE0,
  0x70, 0x38, 0x1C, 0x0E, 0x07, 0x03, 0x81, 0xC0, 0xE0, 0x70, 0x38, 0x1C,
  0x0F, 0xFE, 0xFF, 0xC0, 0xE0, 0x70, 0x38, 0x1C, 0x0E, 0x07, 0x03, 0x81,
  0xC0, 0xE0, 0x70, 0x38, 0x1C, 0x0F, 0xFE, 0xFF, 0xC0, 0xE0, 0x70, 0x38,
  0x1C, 0x0E, 0x07, 0x03, 0x81, 0xC0, 0xE0, 0x70, 0x38, 0x1C, 0x0F, 0xFE,
  0xFF, 0xC0, 0xE0, 0x70, 0x38, 0x1C, 0x0E, 0x07, 0x03, 0x81, 0xC0, 0xE0,
  0x70, 0x38, 0x1C, 0x0F, 0xFE, 0xFF, 0xC0, 0xE0, 0x70, 0x38, 0x1C, 0x0E,
  0x07, 0x03, 0x81, 0xC0, 0xE0, 0x70, 0x38, 0x1C, 0x0F, 0xFE, 0xFF, 0xC0,
  0xE0, 0x70, 0x38, 0x1C, 0x0E, 0x07, 0x03, 0x81, 0xC0, 0xE0, 0x70, 0x38,
  0x1C, 0x0F, 0xFE, 0xFF, 0xC0, 0xE0, 0x70, 0x38, 0x1C, 0x0E, 0x07, 0x03,
  0x81, 0xC0, 0xE0, 0x70, 0x38, 0x1C, 0x0F, 0xFE, 0xFF, 0xC0, 0xE0, 0x70,
  0x38, 0x1C, 0x0E, 0x07, 0x03, 0x81, 0xC0, 0xE0, 0x70, 0x38, 0x1C, 0x0F,
  0xFE, 0xFF, 0xC0, 0xE0, 0x70, 0x38, 0x1C, 0x0E, 0x07, 0x03, 0x81, 0xC0,
  0xE0, 0x70, 0x38, 0x1C, 0x0F, 0xFE, 0xFF, 0xC0, 0xE0, 0x70, 0x38, 0x1C,
  0x0E, 0x07, 0x03, 0x81, 0xC0, 0xE0, 0x70, 0x38, 0x1C, 0x0F, 0xFE, 0xFF,
  0xC0, 0xE0, 0x70, 0x38, 0x1C, 0x0E, 0x07, 0x03, 0x81, 0xC0, 0xE0, 0x70,
  0x38, 0x1C, 0x0F, 0xFE, 0xFF, 0xC0, 0xE0, 0x70, 0x38, 0x1C, 0x0E, 0x07,
  0x03, 0x81, 0xC0, 0xE0, 0x70, 0x38, 0x1C, 0x0F, 0xFE, 0xFF, 0xC0, 0xE0,
  0x70, 0x38, 0x1C, 0x0E, 0x07, 0x03, 0x81, 0xC0, 0xE0, 0x70, 0x38, 0x1C,
  0x0F, 0xFE, 0xFF, 0xC0, 0xE0, 0x70, 0x38, 0x1C, 0x0E, 0x07, 0x03, 0x81,
  0xC0, 0xE0, 0x70, 0x38, 0x1C, 0x0F, 0xFE, 0xFF, 0xC0, 0xE0, 0x70, 0x38,
  0x1C, 0x0E, 0x07, 0x03, 0x81, 0xC0, 0xE0, 0x70, 0x38, 0x1C, 0x0F, 0xFE,
  0xFF, 0xC0, 0xE0, 0x70, 0x38, 0x1C, 0x0E, 0x07, 0x03, 0x81, 0xC0, 0xE0,
  0x70, 0x38, 0x1C, 0x0F, 0xFE, 0xFF, 0xC0, 0xE0, 0x70, 0x38, 0x1C, 0x0E,
  0x07, 0x03, 0x81, 0xC0, 0xE0, 0x70, 0x38, 0x1C, 0x0F, 0xFE, 0xFF, 0xC0,
  0xE0, 0x70, 0x38, 0x1C, 0x0E, 0x07, 0x03, 0x81, 0xC0, 0xE0, 0x70, 0x38,
  0x1C, 0x0F, 0xFE, 0xFF, 0xC0, 0xE0, 0x70, 0x38, 0x1C, 0x0E, 0x07, 0x03,
  0x81, 0xC0, 0xE0, 0x70, 0x38, 0x1C, 0x0F, 0xFE, 0xFF, 0xC0, 0xE0, 0x70,
  0x38, 0x1C, 0x0E, 0x07, 0x03, 0x81, 0xC0, 0xE0, 0x70, 0x38, 0x1C, 0x0F,
  0xFE, 0xFF, 0xC0, 0xE0, 0x70, 0x38, 0x1C, 0x0E, 0x07, 0x03, 0x81, 0xC0,
  0xE0, 0x70, 0x38, 0x1C, 0x0F, 0xFE, 0xFF, 0xC0, 0xE0, 0x70, 0x38, 0x1C,
  0x0E, 0x07, 0x03, 0x81, 0xC0, 0xE0, 0x70, 0x38, 0x1C, 0x0F, 0xFE, 0xFF,
  0xC0, 0xE0, 0x70, 0x38, 0x1C, 0x0E, 0x07, 0x03, 0x81, 0xC0, 0xE0, 0x70,
  0x38, 0x1C, 0x0F, 0xFE, 0xFF, 0xC0, 0xE0, 0x70, 0x38, 0x1C, 0x0E, 0x07,
  0x03, 0x81, 0xC0, 0xE0, 0x70, 0x38, 0x1C, 0x0F, 0xFE, 0xFF, 0xC0, 0xE0,
  0x70, 0x38, 0x1C, 0x0E, 0x07, 0x03, 0x81, 0xC0, 0xE0, 0x70, 0x38, 0x1C,
  0x0F, 0xFE, 0xFF, 0xC0, 0xE0, 0x70, 0x38, 0x1C, 0x0E, 0x07, 0x03, 0x81,
  0xC0, 0xE0, 0x70, 0x38, 0x1C, 0x0F, 0xFE, 0xFF, 0xC0, 0xE0, 0x70, 0x38,
  0x1C, 0x0E, 0x07, 0x03, 0x81, 0xC0, 0xE0, 0x70, 0x38, 0x1C, 0x0F, 0xFE,
  0xFF, 0xC0, 0xE0, 0x70, 0x38, 0x1C, 0x0E, 0x07, 0x03, 0x81, 0xC0, 0xE0,
  0x70, 0x38, 0x1C, 0x0F, 0xFE, 0xFF, 0xC0, 0xE0, 0x70, 0x38, 0x1C, 0x0E,
  0x07, 0x03, 0x81, 0xC0, 0xE0, 0x70, 0x38, 0x1C, 0x0F, 0xFE, 0x00, 0xFD,
  0x04, 0x92, 0x4B, 0x7F, 0xF8, 0x04, 0x02, 0x0F, 0xCE, 0xB6, 0xBE, 0x4F,
  0x21, 0x90, 0xC8, 0x78, 0x1C, 0x2F, 0x73, 0xF0, 0x80, 0x80, 0x3F, 0x9C,
  0x66, 0x19, 0x86, 0x60, 0x18, 0x07, 0x03, 0xFC, 0x30, 0x06, 0x01, 0x80,
  0x41, 0x30, 0xDF, 0xFF, 0xFC, 0xCC, 0xBF, 0x98, 0x4C, 0x36, 0x1B, 0x08,
  0x8C, 0xFF, 0x80, 0x80, 0xFC, 0x7D, 0xC0, 0x63, 0x03, 0x06, 0x08, 0x1C,
  0x60, 0x31, 0x00, 0x68, 0x1F, 0xFC, 0x03, 0x01, 0xFF, 0xC0, 0x30, 0x00,
  0xC0, 0x03, 0x00, 0x0C, 0x00, 0xFC, 0x00, 0xFF, 0x1F, 0xE0, 0x1F, 0x82,
  0x30, 0xC6, 0x18, 0x03, 0x80, 0xF8, 0x13, 0xC6, 0x1C, 0x61, 0xCE, 0x0C,
  0xF1, 0x8F, 0x30, 0x74, 0x07, 0x00, 0x61, 0x8C, 0x31, 0x87, 0xE0, 0xCF,
  0xDD, 0x10, 0x07, 0xC0, 0x30, 0x60, 0xC0, 0x23, 0x3E, 0x24, 0xC6, 0x59,
  0x84, 0xF2, 0x00, 0xE4, 0x01, 0xCC, 0x06, 0x98, 0x49, 0x19, 0x13, 0x1C,
  0x43, 0x81, 0x81, 0xFC, 0x00, 0x78, 0xCC, 0xC4, 0x04, 0x7C, 0xC4, 0xCC,
  0xF7, 0x19, 0x99, 0x99, 0x9D, 0xCC, 0xC3, 0x30, 0xCC, 0x33, 0x08, 0x80,
  0xFF, 0x80, 0xC0, 0x60, 0x30, 0x18, 0x00, 0x3E, 0x6B, 0xEB, 0xE7, 0xEB,
  0x6B, 0x3E, 0xFC, 0x76, 0xE3, 0x17, 0x00, 0x18, 0x0C, 0x06, 0x1F, 0xF1,
  0x80, 0xC0, 0x60, 0x30, 0x00, 0x00, 0x3F, 0xE0, 0x79, 0x1B, 0x18, 0x20,
  0xC3, 0x0C, 0x31, 0xFF, 0xFC, 0x79, 0x9B, 0x18, 0x63, 0x81, 0x81, 0x83,
  0x8E, 0xF8, 0x23, 0x6C, 0x80, 0xC1, 0x98, 0x33, 0x06, 0x60, 0xCC, 0x19,
  0x83, 0x30, 0x66, 0x0C, 0xC3, 0x98, 0xF3, 0xF7, 0xE0, 0x0C, 0x01, 0x80,
  0x30, 0x06, 0x00, 0x33, 0xF9, 0xBC, 0xDE, 0x6F, 0x37, 0x9B, 0xCD, 0xE6,
  0x73, 0x19, 0x80, 0xC0, 0x60, 0x30, 0x18, 0x0C, 0x06, 0x03, 0x0F, 0x80,
  0xFF, 0x80, 0x23, 0x87, 0x27, 0x00, 0xF3, 0x8C, 0x63, 0x18, 0xC6, 0x37,
  0xC0, 0x3C, 0x8F, 0x1C, 0x18, 0x38, 0x71, 0xBE, 0x88, 0x66, 0x19, 0x86,
  0x63, 0xB9, 0x99, 0x99, 0x98, 0x88, 0x00, 0xF0, 0x04, 0x0E, 0x01, 0x00,
  0xC0, 0x60, 0x18, 0x08, 0x03, 0x02, 0x00, 0x60, 0xC0, 0x0C, 0x10, 0x61,
  0x86, 0x1C, 0x30, 0x87, 0x9F, 0x30, 0xB0, 0x04, 0x26, 0x01, 0x0C, 0xC0,
  0x61, 0x18, 0x08, 0x7F, 0xC3, 0x00, 0x60, 0xC0, 0x0C, 0xF0, 0x04, 0x0E,
  0x01, 0x00, 0xC0, 0x60, 0x18, 0x08, 0x03, 0x02, 0x00, 0x60, 0xC0, 0x0C,
  0x11, 0xE1, 0x86, 0x46, 0x30, 0x8C, 0x7F, 0x30, 0x08, 0x04, 0x03, 0x01,
  0x00, 0xC0, 0x60, 0x30, 0x08, 0x0C, 0x43, 0x03, 0xF8, 0xC0, 0x7F, 0x78,
  0x06, 0x0C, 0xC0, 0xC0, 0xC6, 0x08, 0x00, 0xC1, 0x00, 0x38, 0x30, 0x00,
  0xC2, 0x0C, 0x06, 0x61, 0xC0, 0x64, 0x3C, 0x8E, 0xC2, 0xC7, 0xC8, 0x4C,
  0x01, 0x0C, 0xC0, 0x30, 0x8C, 0x02, 0x1F, 0xF0, 0x60, 0x0C, 0x0C, 0x00,
  0xC0, 0x1C, 0x1C, 0x18, 0x00, 0x08, 0x08, 0x18, 0x38, 0x30, 0x60, 0xC0,
  0xC3, 0xC3, 0xC3, 0x7E, 0x02, 0x00, 0x03, 0x80, 0x01, 0xC0, 0x00, 0x40,
  0x00, 0x00, 0x01, 0x80, 0x03, 0xC0, 0x02, 0xC0, 0x02, 0xC0, 0x06, 0x60,
  0x04, 0x60, 0x04, 0x70, 0x0C, 0x30, 0x08, 0x30, 0x1F, 0xF8, 0x18, 0x18,
  0x10, 0x18, 0x30, 0x1C, 0x30, 0x0C, 0xFC, 0x3F, 0x00, 0x60, 0x00, 0xE0,
  0x01, 0xC0, 0x02, 0x00, 0x00, 0x00, 0x01, 0x80, 0x03, 0xC0, 0x02, 0xC0,
  0x02, 0xC0, 0x06, 0x60, 0x04, 0x60, 0x04, 0x70, 0x0C, 0x30, 0x08, 0x30,
  0x1F, 0xF8, 0x18, 0x18, 0x10, 0x18, 0x30, 0x1C, 0x30, 0x0C, 0xFC, 0x3F,
  0x01, 0x80, 0x01, 0xC0, 0x03, 0x60, 0x04, 0x10, 0x00, 0x00, 0x01, 0x80,
  0x03, 0xC0, 0x02, 0xC0, 0x02, 0xC0, 0x06, 0x60, 0x04, 0x60, 0x04, 0x70,
  0x0C, 0x30, 0x08, 0x30, 0x1F, 0xF8, 0x18, 0x18, 0x10, 0x18, 0x30, 0x1C,
  0x30, 0x0C, 0xFC, 0x3F, 0x07, 0xD0, 0x05, 0xE0, 0x00, 0x00, 0x00, 0x00,
  0x01, 0x80, 0x03, 0xC0, 0x02, 0xC0, 0x02, 0xC0, 0x06, 0x60, 0x04, 0x60,
  0x04, 0x70, 0x0C, 0x30, 0x08, 0x30, 0x1F, 0xF8, 0x18, 0x18, 0x10, 0x18,
  0x30, 0x1C, 0x30, 0x0C, 0xFC, 0x3F, 0x02, 0x20, 0x07, 0x70, 0x06, 0x70,
  0x00, 0x00, 0x00, 0x00, 0x01, 0x80, 0x03, 0xC0, 0x02, 0xC0, 0x02, 0xC0,
  0x06, 0x60, 0x04, 0x60, 0x04, 0x70, 0x0C, 0x30, 0x08, 0x30, 0x1F, 0xF8,
  0x18, 0x18, 0x10, 0x18, 0x30, 0x1C, 0x30, 0x0C, 0xFC, 0x3F, 0x03, 0xC0,
  0x02, 0x60, 0x02, 0x60, 0x01, 0xC0, 0x00, 0x00, 0x01, 0x80, 0x03, 0xC0,
  0x02, 0xC0, 0x02, 0xC0, 0x06, 0x60, 0x04, 0x60, 0x04, 0x70, 0x0C, 0x30,
  0x08, 0x30, 0x1F, 0xF8, 0x18, 0x18, 0x10, 0x18, 0x30, 0x1C, 0x30, 0x0C,
  0xFC, 0x3F, 0x01, 0xFF, 0xE0, 0x09, 0x86, 0x01, 0x98, 0x30, 0x11, 0x81,
  0x03, 0x18, 0x00, 0x21, 0x84, 0x06, 0x18, 0x40, 0x7F, 0xFC, 0x0C, 0x18,
  0x40, 0xC1, 0x84, 0x18, 0x18, 0x01, 0x81, 0x81, 0x30, 0x18, 0x13, 0x01,
  0x83, 0xFC, 0x7F, 0xF0, 0x0F, 0xD1, 0xC3, 0x9C, 0x0C, 0xC0, 0x2E, 0x01,
  0xF0, 0x03, 0x00, 0x18, 0x00, 0xC0, 0x07, 0x00, 0x18, 0x00, 0xC0, 0x23,
  0x01, 0x9E, 0x38, 0x3F, 0x00, 0x40, 0x03, 0x00, 0x04, 0x01, 0x60, 0x0E,
  0x00, 0x08, 0x00, 0xE0, 0x07, 0x00, 0x10, 0x00, 0x0F, 0xFC, 0x30, 0x63,
  0x06, 0x30, 0x23, 0x00, 0x30, 0x83, 0x08, 0x3F, 0x83, 0x08, 0x30, 0x83,
  0x00, 0x30, 0x33, 0x02, 0x30, 0x6F, 0xFE, 0x01, 0x80, 0x38, 0x07, 0x00,
  0x80, 0x00, 0x0F, 0xFC, 0x30, 0x63, 0x06, 0x30, 0x23, 0x00, 0x30, 0x83,
  0x08, 0x3F, 0x83, 0x08, 0x30, 0x83, 0x00, 0x30, 0x33, 0x02, 0x30, 0x6F,
  0xFE, 0x06, 0x00, 0x70, 0x0D, 0x81, 0x04, 0x00, 0x0F, 0xFC, 0x30, 0x63,
  0x06, 0x30, 0x23, 0x00, 0x30, 0x83, 0x08, 0x3F, 0x83, 0x08, 0x30, 0x83,
  0x00, 0x30, 0x33, 0x02, 0x30, 0x6F, 0xFE, 0x08, 0x81, 0xDC, 0x19, 0xC0,
  0x00, 0x00, 0x0F, 0xFC, 0x30, 0x63, 0x06, 0x30, 0x23, 0x00, 0x30, 0x83,
  0x08, 0x3F, 0x83, 0x08, 0x30, 0x83, 0x00, 0x30, 0x33, 0x02, 0x30, 0x6F,
  0xFE, 0x41, 0xC3, 0x82, 0x03, 0xF3, 0x8C, 0x30, 0xC3, 0x0C, 0x30, 0xC3,
  0x0C, 0x30, 0xC3, 0xBF, 0x0C, 0x73, 0x90, 0x03, 0xF3, 0x8C, 0x30, 0xC3,
  0x0C, 0x30, 0xC3, 0x0C, 0x30, 0xC3, 0xBF, 0x30, 0x71, 0xB4, 0x10, 0x1F,
  0x8E, 0x18, 0x30, 0x60, 0xC1, 0x83, 0x06, 0x0C, 0x18, 0x30, 0x60, 0xE7,
  0xE0, 0x45, 0xDF, 0x38, 0x00, 0x1F, 0x8E, 0x18, 0x30, 0x60, 0xC1, 0x83,
  0x06, 0x0C, 0x18, 0x30, 0x60, 0xE7, 0xE0, 0xFF, 0xC0, 0xC1, 0xC3, 0x01,
  0x8C, 0x07, 0x30, 0x0C, 0xC0, 0x33, 0x00, 0xFF, 0xC3, 0x30, 0x0C, 0xC0,
  0x33, 0x00, 0xCC, 0x06, 0x30, 0x38, 0xC3, 0x8F, 0xF8, 0x00, 0x0F, 0xA0,
  0x0B, 0xC0, 0x00, 0x00, 0x00, 0x00, 0xF8, 0x3F, 0x3C, 0x0C, 0x3E, 0x0C,
  0x36, 0x0C, 0x37, 0x0C, 0x33, 0x0C, 0x33, 0x8C, 0x31, 0xCC, 0x30, 0xCC,
  0x30, 0xEC, 0x30, 0x6C, 0x30, 0x7C, 0x30, 0x3C, 0x30, 0x1C, 0xFC, 0x1C,
  0x04, 0x00, 0x1C, 0x00, 0x38, 0x00, 0x20, 0x00, 0x00, 0x3F, 0x83, 0x87,
  0x0C, 0x0E, 0x60, 0x1D, 0x80, 0x3C, 0x00, 0xF0, 0x03, 0xC0, 0x0F, 0x00,
  0x3E, 0x00, 0xF8, 0x03, 0x60, 0x19, 0xC0, 0x63, 0xC7, 0x03, 0xF0, 0x00,
  0xC0, 0x07, 0x00, 0x38, 0x01, 0x00, 0x00, 0x00, 0x3F, 0x83, 0x87, 0x0C,
  0x0E, 0x60, 0x1D, 0x80, 0x3C, 0x00, 0xF0, 0x03, 0xC0, 0x0F, 0x00, 0x3E,
  0x00, 0xF8, 0x03, 0x60, 0x19, 0xC0, 0x63, 0xC7, 0x03, 0xF0, 0x03, 0x00,
  0x0E, 0x00, 0x6C, 0x02, 0x08, 0x00, 0x00, 0x3F, 0x83, 0x87, 0x0C, 0x0E,
  0x60, 0x1D, 0x80, 0x3C, 0x00, 0xF0, 0x03, 0xC0, 0x0F, 0x00, 0x3E, 0x00,
  0xF8, 0x03, 0x60, 0x19, 0xC0, 0x63, 0xC7, 0x03, 0xF0, 0x0F, 0xA0, 0x2F,
  0x00, 0x00, 0x00, 0x00, 0x0F, 0xE0, 0xE1, 0xC3, 0x03, 0x98, 0x07, 0x60,
  0x0F, 0x00, 0x3C, 0x00, 0xF0, 0x03, 0xC0, 0x0F, 0x80, 0x3E, 0x00, 0xD8,
  0x06, 0x70, 0x18, 0xF1, 0xC0, 0xFC, 0x00, 0x04, 0x40, 0x3B, 0x80, 0xCE,
  0x00, 0x00, 0x00, 0x00, 0x3F, 0x83, 0x87, 0x0C, 0x0E, 0x60, 0x1D, 0x80,
  0x3C, 0x00, 0xF0, 0x03, 0xC0, 0x0F, 0x00, 0x3E, 0x00, 0xF8, 0x03, 0x60,
  0x19, 0xC0, 0x63, 0xC7, 0x03, 0xF0, 0x01, 0xC3, 0x66, 0x3C, 0x18, 0x3C,
  0x66, 0xC3, 0x0F, 0xEE, 0x70, 0xF0, 0xC0, 0xE3, 0x01, 0xE6, 0x04, 0xD8,
  0x19, 0xB0, 0x63, 0x61, 0x86, 0xC6, 0x0D, 0xC8, 0x1B, 0xA0, 0x33, 0xC0,
  0xC7, 0x01, 0x8F, 0x8E, 0x33, 0xF0, 0x00, 0x02, 0x00, 0x07, 0x00, 0x07,
  0x00, 0x02, 0x00, 0x00, 0x1F, 0x87, 0xCC, 0x03, 0x18, 0x06, 0x30, 0x0C,
  0x60, 0x18, 0xC0, 0x31, 0x80, 0x63, 0x00, 0xC6, 0x01, 0x8C, 0x03, 0x18,
  0x04, 0x30, 0x08, 0x30, 0x30, 0x70, 0xC0, 0x7F, 0x00, 0x00, 0x60, 0x01,
  0xC0, 0x07, 0x00, 0x10, 0x00, 0x00, 0x1F, 0x87, 0xCC, 0x03, 0x18, 0x06,
  0x30, 0x0C, 0x60, 0x18, 0xC0, 0x31, 0x80, 0x63, 0x00, 0xC6, 0x01, 0x8C,
  0x03, 0x18, 0x04, 0x30, 0x08, 0x30, 0x30, 0x70, 0xC0, 0x7F, 0x00, 0x01,
  0x80, 0x03, 0x80, 0x0D, 0x80, 0x20, 0x80, 0x00, 0x1F, 0x87, 0xCC, 0x03,
  0x18, 0x06, 0x30, 0x0C, 0x60, 0x18, 0xC0, 0x31, 0x80, 0x63, 0x00, 0xC6,
  0x01, 0x8C, 0x03, 0x18, 0x04, 0x30, 0x08, 0x30, 0x30, 0x70, 0xC0, 0x7F,
  0x00, 0x02, 0x20, 0x0E, 0xE0, 0x19, 0xC0, 0x00, 0x00, 0x00, 0x1F, 0x87,
  0xCC, 0x03, 0x18, 0x06, 0x30, 0x0C, 0x60, 0x18, 0xC0, 0x31, 0x80, 0x63,
  0x00, 0xC6, 0x01, 0x8C, 0x03, 0x18, 0x04, 0x30, 0x08, 0x30, 0x30, 0x70,
  0xC0, 0x7F, 0x00, 0x00, 0x60, 0x01, 0xC0, 0x07, 0x00, 0x10, 0x00, 0x00,
  0x1F, 0x87, 0xCE, 0x06, 0x0C, 0x0C, 0x1C, 0x30, 0x18, 0x40, 0x19, 0x80,
  0x3A, 0x00, 0x38, 0x00, 0x70, 0x00, 0x60, 0x00, 0xC0, 0x01, 0x80, 0x03,
  0x00, 0x0E, 0x00, 0x3F, 0x00, 0xFE, 0x06, 0x00, 0xC0, 0x1F, 0xC3, 0x0E,
  0x60, 0xCC, 0x19, 0x83, 0x30, 0x66, 0x1C, 0xC7, 0x1F, 0x83, 0x00, 0x70,
  0x3F, 0x80, 0x07, 0x80, 0xC6, 0x0C, 0x18, 0x60, 0xC3, 0x04, 0x18, 0x63,
  0xC6, 0x06, 0x20, 0x33, 0x01, 0x9C, 0x0C, 0x78, 0x61, 0xE3, 0x03, 0x98,
  0x0C, 0xD8, 0x66, 0xE3, 0xF3, 0xF0, 0x20, 0x06, 0x00, 0x60, 0x06, 0x00,
  0x40, 0x00, 0x0F, 0x86, 0x18, 0xE3, 0x08, 0x60, 0x0C, 0x1F, 0x86, 0x31,
  0x86, 0x30, 0xC7, 0x3C, 0x7D, 0xE0, 0x04, 0x00, 0xC0, 0x30, 0x0C, 0x01,
  0x00, 0x00, 0x0F, 0x86, 0x18, 0xE3, 0x08, 0x60, 0x0C, 0x1F, 0x86, 0x31,
  0x86, 0x30, 0xC7, 0x3C, 0x7D, 0xE0, 0x08, 0x03, 0x80, 0xD8, 0x31, 0x04,
  0x10, 0x00, 0x0F, 0x86, 0x18, 0xE3, 0x08, 0x60, 0x0C, 0x1F, 0x86, 0x31,
  0x86, 0x30, 0xC7, 0x3C, 0x7D, 0xE0, 0x39, 0x0F, 0xC0, 0x18, 0x00, 0x00,
  0x00, 0x7C, 0x30, 0xC7, 0x18, 0x43, 0x00, 0x60, 0xFC, 0x31, 0x8C, 0x31,
  0x86, 0x39, 0xE3, 0xEF, 0x67, 0x0E, 0xE0, 0x88, 0x00, 0x00, 0x00, 0x7C,
  0x30, 0xC7, 0x18, 0x43, 0x00, 0x60, 0xFC, 0x31, 0x8C, 0x31, 0x86, 0x39,
  0xE3, 0xEF, 0x1C, 0x04, 0xC0, 0x98, 0x1E, 0x00, 0x00, 0x00, 0x0F, 0x86,
  0x18, 0xE3, 0x08, 0x60, 0x0C, 0x1F, 0x86, 0x31, 0x86, 0x30, 0xC7, 0x3C,
  0x7D, 0xE0, 0x3E, 0x7C, 0xC3, 0x86, 0xE3, 0x86, 0x43, 0x06, 0x03, 0xFE,
  0x3F, 0xFE, 0x63, 0x00, 0xC3, 0x80, 0xC3, 0x82, 0xE7, 0xE7, 0x7C, 0xFC,
  0x1F, 0x38, 0xD8, 0xF8, 0x3C, 0x06, 0x03, 0x01, 0xC0, 0x60, 0x3C, 0xCF,
  0xC1, 0x00, 0xC0, 0x10, 0x58, 0x38, 0x10, 0x0C, 0x03, 0x00, 0xC0, 0x20,
  0x00, 0x7C, 0xC3, 0x61, 0xE0, 0xFF, 0xFF, 0xFC, 0x06, 0x01, 0x82, 0xE3,
  0x3F, 0x00, 0x02, 0x01, 0x81, 0x81, 0x80, 0x80, 0x00, 0x7C, 0xC3, 0x61,
  0xE0, 0xFF, 0xFF, 0xFC, 0x06, 0x01, 0x82, 0xE3, 0x3F, 0x00, 0x04, 0x07,
  0x06, 0xC6, 0x22, 0x08, 0x00, 0x7C, 0xC3, 0x61, 0xE0, 0xFF, 0xFF, 0xFC,
  0x06, 0x01, 0x82, 0xE3, 0x3F, 0x00, 0x33, 0x9D, 0xC4, 0x40, 0x00, 0x00,
  0xF9, 0x86, 0xC3, 0xC1, 0xFF, 0xFF, 0xF8, 0x0C, 0x03, 0x05, 0xC6, 0x7E,
  0x83, 0x06, 0x0C, 0x10, 0x0F, 0x1C, 0x30, 0xC3, 0x0C, 0x30, 0xC3, 0x0C,
  0xFC, 0x10, 0x63, 0x18, 0x40, 0x0F, 0x1C, 0x30, 0xC3, 0x0C, 0x30, 0xC3,
  0x0C, 0xFC, 0x10, 0x71, 0xB6, 0x28, 0x20, 0x1E, 0x1C, 0x18, 0x30, 0x60,
  0xC1, 0x83, 0x06, 0x0C, 0x7E, 0xCF, 0xDD, 0x10, 0x00, 0x0F, 0x0E, 0x0C,
  0x18, 0x30, 0x60, 0xC1, 0x83, 0x06, 0x3F, 0x20, 0x87, 0xE0, 0x70, 0x36,
  0x09, 0x80, 0x30, 0xCC, 0xFF, 0x61, 0xF8, 0x3C, 0x0F, 0x03, 0xC0, 0xF0,
  0x3E, 0x09, 0xC6, 0x3F, 0x00, 0x0E, 0x40, 0xFC, 0x00, 0x60, 0x00, 0x00,
  0x00, 0x73, 0xE0, 0xF3, 0x86, 0x0C, 0x30, 0x61, 0x83, 0x0C, 0x18, 0x60,
  0xC3, 0x06, 0x18, 0x30, 0xC1, 0x9F, 0x3F, 0x10, 0x03, 0x00, 0x30, 0x03,
  0x00, 0x20, 0x00, 0x07, 0xC3, 0x8C, 0x60, 0xD8, 0x1B, 0x03, 0xE0, 0x7C,
  0x0F, 0xC1, 0x98, 0x33, 0x8C, 0x3F, 0x00, 0x02, 0x00, 0x60, 0x18, 0x06,
  0x00, 0x80, 0x00, 0x07, 0xC3, 0x8C, 0x60, 0xD8, 0x1B, 0x03, 0xE0, 0x7C,
  0x0F, 0xC1, 0x98, 0x33, 0x8C, 0x3F, 0x00, 0x04, 0x01, 0xC0, 0x6C, 0x18,
  0x82, 0x08, 0x00, 0x07, 0xC3, 0x8C, 0x60, 0xD8, 0x1B, 0x03, 0xE0, 0x7C,
  0x0F, 0xC1, 0x98, 0x33, 0x8C, 0x3F, 0x00, 0x1C, 0x87, 0xE0, 0x0C, 0x00,
  0x00, 0x00, 0x3E, 0x1C, 0x63, 0x06, 0xC0, 0xD8, 0x1F, 0x03, 0xE0, 0x7E,
  0x0C, 0xC1, 0x9C, 0x61, 0xF8, 0x33, 0x87, 0x70, 0x44, 0x00, 0x00, 0x00,
  0x3E, 0x1C, 0x63, 0x06, 0xC0, 0xD8, 0x1F, 0x03, 0xE0, 0x7E, 0x0C, 0xC1,
  0x9C, 0x61, 0xF8, 0x1C, 0x0E, 0x00, 0x00, 0x0F, 0xF8, 0x00, 0x20, 0x38,
  0x18, 0x00, 0x0F, 0xB3, 0x8C, 0x30, 0xE6, 0x1E, 0x63, 0x76, 0x67, 0x6C,
  0x77, 0x86, 0x30, 0x67, 0x8C, 0xDF, 0x80, 0x10, 0x01, 0x80, 0x0C, 0x00,
  0x60, 0x02, 0x00, 0x00, 0xE1, 0xC6, 0x0C, 0x60, 0xC6, 0x0C, 0x60, 0xC6,
  0x0C, 0x60, 0xC6, 0x0C, 0x60, 0xC3, 0x1C, 0x3E, 0x70, 0x02, 0x00, 0x30,
  0x06, 0x00, 0xC0, 0x08, 0x00, 0x00, 0xE1, 0xC6, 0x0C, 0x60, 0xC6, 0x0C,
  0x60, 0xC6, 0x0C, 0x60, 0xC6, 0x0C, 0x60, 0xC3, 0x1C, 0x3E, 0x70, 0x04,
  0x00, 0xE0, 0x1B, 0x03, 0x10, 0x20, 0x80, 0x00, 0xE1, 0xC6, 0x0C, 0x60,
  0xC6, 0x0C, 0x60, 0xC6, 0x0C, 0x60, 0xC6, 0x0C, 0x60, 0xC3, 0x1C, 0x3E,
  0x70, 0x33, 0x83, 0xB8, 0x11, 0x00, 0x00, 0x00, 0x0E, 0x1C, 0x60, 0xC6,
  0x0C, 0x60, 0xC6, 0x0C, 0x60, 0xC6, 0x0C, 0x60, 0xC6, 0x0C, 0x31, 0xC3,
  0xE7, 0x01, 0x00, 0x18, 0x03, 0x00, 0x60, 0x04, 0x00, 0x00, 0xFC, 0xF3,
  0x06, 0x30, 0x63, 0x84, 0x18, 0xC1, 0x88, 0x0D, 0x80, 0xD0, 0x07, 0x00,
  0x70, 0x06, 0x00, 0x60, 0x04, 0x0E, 0xC0, 0xE8, 0x07, 0x00, 0x10, 0x0F,
  0x00, 0x30, 0x03, 0x00, 0x30, 0x03, 0x00, 0x37, 0xC3, 0xCE, 0x38, 0x73,
  0x03, 0x30, 0x33, 0x03, 0x30, 0x33, 0x03, 0x30, 0x63, 0x8E, 0x3F, 0xC3,
  0x00, 0x30, 0x03, 0x00, 0x38, 0x0F, 0xC0, 0x19, 0xC1, 0xDC, 0x08, 0x80,
  0x00, 0x00, 0x0F, 0xCF, 0x30, 0x63, 0x06, 0x38, 0x41, 0x8C, 0x18, 0x80,
  0xD8, 0x0D, 0x00, 0x70, 0x07, 0x00, 0x60, 0x06, 0x00, 0x40, 0xEC, 0x0E,
  0x80, 0x70, 0x00 };

const GFXglyph Literata_Regular11pt8bGlyphs[] PROGMEM = {
  {     0,   1,   1,   4,    0,    0 },   // 0x20 ' '
  {     1,   3,  15,   7,    2,  -14 },   // 0x21 '!'
  {     7,   5,   5,   8,    2,  -16 },   // 0x22 '"'
  {    11,  13,  12,  15,    1,  -11 },   // 0x23 '#'
  {    31,  10,  19,  12,    1,  -16 },   // 0x24 '$'
  {    55,  16,  13,  18,    1,  -12 },   // 0x25 '%'
  {    81,  16,  15,  17,    1,  -14 },   // 0x26 '&'
  {   111,   2,   5,   5,    2,  -16 },   // 0x27 '''
  {   113,   5,  22,   7,    2,  -17 },   // 0x28 '('
  {   127,   5,  22,   7,    1,  -17 },   // 0x29 ')'
  {   141,   8,   8,  10,    1,  -16 },   // 0x2A '*'
  {   149,   9,   9,  13,    2,  -10 },   // 0x2B '+'
  {   160,   3,   7,   7,    2,   -2 },   // 0x2C ','
  {   163,   6,   2,   8,    1,   -6 },   // 0x2D '-'
  {   165,   3,   3,   7,    2,   -2 },   // 0x2E '.'
  {   167,   9,  19,   9,    0,  -16 },   // 0x2F '/'
  {   189,  11,  15,  12,    1,  -14 },   // 0x30 '0'
  {   210,   7,  15,   9,    1,  -14 },   // 0x31 '1'
  {   224,   9,  15,  11,    1,  -14 },   // 0x32 '2'
  {   241,  10,  15,  12,    1,  -14 },   // 0x33 '3'
  {   260,  11,  15,  12,    0,  -14 },   // 0x34 '4'
  {   281,  10,  15,  11,    0,  -14 },   // 0x35 '5'
  {   300,  10,  15,  12,    1,  -14 },   // 0x36 '6'
  {   319,  11,  15,  11,    0,  -14 },   // 0x37 '7'
  {   340,  10,  15,  12,    1,  -14 },   // 0x38 '8'
  {   359,  11,  15,  11,    0,  -14 },   // 0x39 '9'
  {   380,   3,  11,   7,    2,  -10 },   // 0x3A ':'
  {   385,   3,  15,   7,    2,  -10 },   // 0x3B ';'
  {   391,   8,  10,  13,    2,  -10 },   // 0x3C '<'
  {   401,   9,   5,  13,    2,   -8 },   // 0x3D '='
  {   407,   9,  10,  13,    2,  -10 },   // 0x3E '>'
  {   419,   9,  15,  12,    1,  -14 },   // 0x3F '?'
  {   436,  16,  16,  18,    1,  -11 },   // 0x40 '@'
  {   468,  16,  15,  16,    0,  -14 },   // 0x41 'A'
  {   498,  12,  15,  14,    1,  -14 },   // 0x42 'B'
  {   521,  13,  15,  15,    1,  -14 },   // 0x43 'C'
  {   546,  14,  15,  16,    1,  -14 },   // 0x44 'D'
  {   573,  12,  15,  14,    1,  -14 },   // 0x45 'E'
  {   596,  11,  15,  13,    1,  -14 },   // 0x46 'F'
  {   617,  14,  15,  16,    1,  -14 },   // 0x47 'G'
  {   644,  16,  15,  18,    1,  -14 },   // 0x48 'H'
  {   674,   6,  15,   9,    1,  -14 },   // 0x49 'I'
  {   686,  10,  15,  12,    1,  -14 },   // 0x4A 'J'
  {   705,  15,  15,  16,    1,  -14 },   // 0x4B 'K'
  {   734,  11,  15,  14,    1,  -14 },   // 0x4C 'L'
  {   755,  19,  15,  22,    1,  -14 },   // 0x4D 'M'
  {   791,  16,  15,  18,    1,  -14 },   // 0x4E 'N'
  {   821,  14,  15,  16,    1,  -14 },   // 0x4F 'O'
  {   848,  11,  15,  13,    1,  -14 },   // 0x50 'P'
  {   869,  18,  19,  16,    1,  -14 },   // 0x51 'Q'
  {   912,  14,  15,  16,    1,  -14 },   // 0x52 'R'
  {   939,  11,  15,  13,    1,  -14 },   // 0x53 'S'
  {   960,  14,  15,  16,    1,  -14 },   // 0x54 'T'
  {   987,  15,  15,  17,    1,  -14 },   // 0x55 'U'
  {  1016,  15,  15,  16,    0,  -14 },   // 0x56 'V'
  {  1045,  23,  15,  24,    0,  -14 },   // 0x57 'W'
  {  1089,  15,  15,  15,    0,  -14 },   // 0x58 'X'
  {  1118,  15,  15,  15,    0,  -14 },   // 0x59 'Y'
  {  1147,  12,  15,  14,    1,  -14 },   // 0x5A 'Z'
  {  1170,   4,  23,   7,    2,  -17 },   // 0x5B '['
  {  1182,   9,  19,   9,    0,  -16 },   // 0x5C '\'
  {  1204,   4,  23,   7,    1,  -17 },   // 0x5D ']'
  {  1216,  11,   8,  13,    1,  -14 },   // 0x5E '^'
  {  1227,  10,   2,  10,    0,    2 },   // 0x5F '_'
  {  1230,   4,   5,  11,    3,  -16 },   // 0x60 '`'
  {  1233,  11,  11,  12,    1,  -10 },   // 0x61 'a'
  {  1249,  12,  17,  13,    0,  -16 },   // 0x62 'b'
  {  1275,   9,  11,  11,    1,  -10 },   // 0x63 'c'
  {  1288,  12,  17,  13,    1,  -16 },   // 0x64 'd'
  {  1314,   9,  11,  11,    1,  -10 },   // 0x65 'e'
  {  1327,   9,  17,   8,    1,  -16 },   // 0x66 'f'
  {  1347,  11,  18,  12,    1,  -12 },   // 0x67 'g'
  {  1372,  13,  17,  14,    1,  -16 },   // 0x68 'h'
  {  1400,   6,  16,   7,    1,  -15 },   // 0x69 'i'
  {  1412,   4,  21,   7,    1,  -15 },   // 0x6A 'j'
  {  1423,  12,  17,  13,    1,  -16 },   // 0x6B 'k'
  {  1449,   6,  17,   7,    1,  -16 },   // 0x6C 'l'
  {  1462,  19,  11,  21,    1,  -10 },   // 0x6D 'm'
  {  1489,  13,  11,  14,    1,  -10 },   // 0x6E 'n'
  {  1507,  11,  11,  13,    1,  -10 },   // 0x6F 'o'
  {  1523,  11,  16,  13,    1,  -10 },   // 0x70 'p'
  {  1545,  12,  16,  13,    1,  -10 },   // 0x71 'q'
  {  1569,   9,  11,  10,    1,  -10 },   // 0x72 'r'
  {  1582,   8,  11,  10,    1,  -10 },   // 0x73 's'
  {  1593,   8,  15,   9,    1,  -14 },   // 0x74 't'
  {  1608,  12,  11,  14,    1,  -10 },   // 0x75 'u'
  {  1625,  13,  11,  13,    0,  -10 },   // 0x76 'v'
  {  1643,  18,  11,  19,    0,  -10 },   // 0x77 'w'
  {  1668,  12,  11,  12,    0,  -10 },   // 0x78 'x'
  {  1685,  12,  16,  12,    0,  -10 },   // 0x79 'y'
  {  1709,   9,  11,  10,    1,  -10 },   // 0x7A 'z'
  {  1722,   6,  23,   8,    1,  -17 },   // 0x7B '{'
  {  1740,   1,  19,   9,    4,  -16 },   // 0x7C '|'
  {  1743,   6,  23,   8,    1,  -17 },   // 0x7D '}'
  {  1761,  10,   3,  13,    1,   -7 },   // 0x7E '~'
  {  1765,   9,  15,  11,    1,  -14 },   // 0x7F
  {  1782,   9,  15,  11,    1,  -14 },   // 0x80
  {  1799,   9,  15,  11,    1,  -14 },   // 0x81
  {  1816,   9,  15,  11,    1,  -14 },   // 0x82
  {  1833,   9,  15,  11,    1,  -14 },   // 0x83
  {  1850,   9,  15,  11,    1,  -14 },   // 0x84
  {  1867,   9,  15,  11,    1,  -14 },   // 0x85
  {  1884,   9,  15,  11,    1,  -14 },   // 0x86
  {  1901,   9,  15,  11,    1,  -14 },   // 0x87
  {  1918,   9,  15,  11,    1,  -14 },   // 0x88
  {  1935,   9,  15,  11,    1,  -14 },   // 0x89
  {  1952,   9,  15,  11,    1,  -14 },   // 0x8A
  {  1969,   9,  15,  11,    1,  -14 },   // 0x8B
  {  1986,   9,  15,  11,    1,  -14 },   // 0x8C
  {  2003,   9,  15,  11,    1,  -14 },   // 0x8D
  {  2020,   9,  15,  11,    1,  -14 },   // 0x8E
  {  2037,   9,  15,  11,    1,  -14 },   // 0x8F
  {  2054,   9,  15,  11,    1,  -14 },   // 0x90
  {  2071,   9,  15,  11,    1,  -14 },   // 0x91
  {  2088,   9,  15,  11,    1,  -14 },   // 0x92
  {  2105,   9,  15,  11,    1,  -14 },   // 0x93
  {  2122,   9,  15,  11,    1,  -14 },   // 0x94
  {  2139,   9,  15,  11,    1,  -14 },   // 0x95
  {  2156,   9,  15,  11,    1,  -14 },   // 0x96
  {  2173,   9,  15,  11,    1,  -14 },   // 0x97
  {  2190,   9,  15,  11,    1,  -14 },   // 0x98
  {  2207,   9,  15,  11,    1,  -14 },   // 0x99
  {  2224,   9,  15,  11,    1,  -14 },   // 0x9A
  {  2241,   9,  15,  11,    1,  -14 },   // 0x9B
  {  2258,   9,  15,  11,    1,  -14 },   // 0x9C
  {  2275,   9,  15,  11,    1,  -14 },   // 0x9D
  {  2292,   9,  15,  11,    1,  -14 },   // 0x9E
  {  2309,   9,  15,  11,    1,  -14 },   // 0x9F
  {  2326,   1,   1,   4,    0,    0 },   // 0xA0
  {  2327,   3,  15,   7,    2,  -10 },   // 0xA1
  {  2333,   9,  15,  11,    1,  -13 },   // 0xA2
  {  2350,  10,  15,  12,    1,  -14 },   // 0xA3
  {  2369,   9,   9,  12,    1,  -10 },   // 0xA4
  {  2380,  14,  15,  15,    1,  -14 },   // 0xA5
  {  2407,   1,  19,   9,    4,  -16 },   // 0xA6
  {  2410,  11,  18,  13,    1,  -14 },   // 0xA7
  {  2435,   7,   3,  11,    2,  -15 },   // 0xA8
  {  2438,  15,  14,  17,    1,  -13 },   // 0xA9
  {  2465,   8,   8,   9,    1,  -15 },   // 0xAA
  {  2473,   9,   9,  11,    1,   -9 },   // 0xAB
  {  2484,   9,   5,  13,    2,   -7 },   // 0xAC
  {  2490,   1,   1,   0,    0,    0 },   // 0xAD
  {  2491,   8,   7,  11,    1,  -15 },   // 0xAE
  {  2498,   6,   1,  11,    2,  -14 },   // 0xAF
  {  2499,   5,   5,   7,    1,  -16 },   // 0xB0
  {  2503,   9,  11,  13,    2,  -10 },   // 0xB1
  {  2516,   7,  10,   9,    1,  -17 },   // 0xB2
  {  2525,   7,  10,   9,    1,  -17 },   // 0xB3
  {  2534,   4,   5,  11,    4,  -16 },   // 0xB4
  {  2537,  11,  16,  13,    2,  -10 },   // 0xB5
  {  2559,   9,  18,  12,    2,  -14 },   // 0xB6
  {  2580,   3,   3,   7,    2,   -7 },   // 0xB7
  {  2582,   5,   5,  11,    3,    1 },   // 0xB8
  {  2586,   5,  10,   7,    1,  -17 },   // 0xB9
  {  2593,   7,   8,   9,    1,  -15 },   // 0xBA
  {  2600,   9,   9,  11,    1,   -9 },   // 0xBB
  {  2611,  19,  16,  20,    1,  -15 },   // 0xBC
  {  2649,  19,  16,  21,    1,  -15 },   // 0xBD
  {  2687,  20,  15,  21,    1,  -14 },   // 0xBE
  {  2725,   8,  15,  12,    2,  -10 },   // 0xBF
  {  2740,  16,  20,  16,    0,  -19 },   // 0xC0
  {  2780,  16,  20,  16,    0,  -19 },   // 0xC1
  {  2820,  16,  20,  16,    0,  -19 },   // 0xC2
  {  2860,  16,  19,  16,    0,  -18 },   // 0xC3
  {  2898,  16,  20,  16,    0,  -19 },   // 0xC4
  {  2938,  16,  20,  16,    0,  -19 },   // 0xC5
  {  2978,  20,  15,  21,    0,  -14 },   // 0xC6
  {  3016,  13,  20,  15,    1,  -14 },   // 0xC7
  {  3049,  12,  20,  14,    1,  -19 },   // 0xC8
  {  3079,  12,  20,  14,    1,  -19 },   // 0xC9
  {  3109,  12,  20,  14,    1,  -19 },   // 0xCA
  {  3139,  12,  20,  14,    1,  -19 },   // 0xCB
  {  3169,   6,  20,   9,    1,  -19 },   // 0xCC
  {  3184,   6,  20,   9,    1,  -19 },   // 0xCD
  {  3199,   7,  20,   9,    1,  -19 },   // 0xCE
  {  3217,   7,  20,   9,    1,  -19 },   // 0xCF
  {  3235,  14,  15,  16,    1,  -14 },   // 0xD0
  {  3262,  16,  19,  18,    1,  -18 },   // 0xD1
  {  3300,  14,  20,  16,    1,  -19 },   // 0xD2
  {  3335,  14,  20,  16,    1,  -19 },   // 0xD3
  {  3370,  14,  20,  16,    1,  -19 },   // 0xD4
  {  3405,  14,  19,  16,    1,  -18 },   // 0xD5
  {  3439,  14,  20,  16,    1,  -19 },   // 0xD6
  {  3474,   8,   8,  13,    2,  -10 },   // 0xD7
  {  3482,  15,  15,  16,    1,  -14 },   // 0xD8
  {  3511,  15,  20,  17,    1,  -19 },   // 0xD9
  {  3549,  15,  20,  17,    1,  -19 },   // 0xDA
  {  3587,  15,  20,  17,    1,  -19 },   // 0xDB
  {  3625,  15,  20,  17,    1,  -19 },   // 0xDC
  {  3663,  15,  20,  15,    0,  -19 },   // 0xDD
  {  3701,  11,  15,  13,    1,  -14 },   // 0xDE
  {  3722,  13,  17,  15,    1,  -16 },   // 0xDF
  {  3750,  11,  17,  12,    1,  -16 },   // 0xE0
  {  3774,  11,  17,  12,    1,  -16 },   // 0xE1
  {  3798,  11,  17,  12,    1,  -16 },   // 0xE2
  {  3822,  11,  16,  12,    1,  -15 },   // 0xE3
  {  3844,  11,  16,  12,    1,  -15 },   // 0xE4
  {  3866,  11,  17,  12,    1,  -16 },   // 0xE5
  {  3890,  16,  11,  17,    1,  -10 },   // 0xE6
  {  3912,   9,  16,  11,    1,  -10 },   // 0xE7
  {  3930,   9,  17,  11,    1,  -16 },   // 0xE8
  {  3950,   9,  17,  11,    1,  -16 },   // 0xE9
  {  3970,   9,  17,  11,    1,  -16 },   // 0xEA
  {  3990,   9,  16,  11,    1,  -15 },   // 0xEB
  {  4008,   6,  17,   7,    1,  -16 },   // 0xEC
  {  4021,   6,  17,   7,    1,  -16 },   // 0xED
  {  4034,   7,  17,   7,    0,  -16 },   // 0xEE
  {  4049,   7,  16,   7,    0,  -15 },   // 0xEF
  {  4063,  10,  17,  12,    1,  -16 },   // 0xF0
  {  4085,  13,  16,  14,    1,  -15 },   // 0xF1
  {  4111,  11,  17,  13,    1,  -16 },   // 0xF2
  {  4135,  11,  17,  13,    1,  -16 },   // 0xF3
  {  4159,  11,  17,  13,    1,  -16 },   // 0xF4
  {  4183,  11,  16,  13,    1,  -15 },   // 0xF5
  {  4205,  11,  16,  13,    1,  -15 },   // 0xF6
  {  4227,   9,   9,  13,    2,  -10 },   // 0xF7
  {  4238,  12,  11,  13,    0,  -10 },   // 0xF8
  {  4255,  12,  17,  14,    1,  -16 },   // 0xF9
  {  4281,  12,  17,  14,    1,  -16 },   // 0xFA
  {  4307,  12,  17,  14,    1,  -16 },   // 0xFB
  {  4333,  12,  16,  14,    1,  -15 },   // 0xFC
  {  4357,  12,  22,  12,    0,  -16 },   // 0xFD
  {  4390,  12,  22,  13,    0,  -16 },   // 0xFE
  {  4423,  12,  21,  12,    0,  -15 } }; // 0xFF

const GFXfont Literata_Regular11pt8b PROGMEM = {
  (uint8_t  *)Literata_Regular11pt8bBitmaps,
  (GFXglyph *)Literata_Regular11pt8bGlyphs,
  0x20, 0xFF, 32 };

// Approx. 6030 bytes

const uint8_t Literata_Regular12pt8bBitmaps[] PROGMEM = {
  0x00, 0x7F, 0xFE, 0xDB, 0x69, 0x20, 0x1F, 0xE0, 0xDE, 0xF7, 0x18, 0x80,
  0x0C, 0x20, 0x30, 0x80, 0x82, 0x1F, 0xFF, 0x08, 0x60, 0x21, 0x81, 0x84,
  0x06, 0x10, 0x10, 0x43, 0xFF, 0xE1, 0x0C, 0x04, 0x30, 0x30, 0x80, 0x06,
  0x00, 0x60, 0x0E, 0x63, 0xFE, 0x76, 0xE6, 0x66, 0x66, 0x26, 0x60, 0x7E,
  0x03, 0xE0, 0x1F, 0x80, 0x7E, 0x06, 0xE0, 0x66, 0xC6, 0x7C, 0x66, 0xE6,
  0x6F, 0x6C, 0x5F, 0x80, 0x60, 0x06, 0x00, 0x3C, 0x0C, 0x19, 0x86, 0x0C,
  0x61, 0x83, 0x08, 0xC0, 0xC2, 0x20, 0x31, 0x98, 0x07, 0xCC, 0x00, 0x63,
  0x3E, 0x01, 0x99, 0x80, 0x44, 0x30, 0x31, 0x0C, 0x18, 0x63, 0x06, 0x19,
  0x83, 0x03, 0xE0, 0x07, 0x00, 0x0F, 0xC0, 0x0C, 0x30, 0x06, 0x18, 0x03,
  0x0C, 0x01, 0xC4, 0x00, 0x76, 0x1E, 0x3C, 0x1B, 0x1F, 0x19, 0x1B, 0xC8,
  0x18, 0xF4, 0x1C, 0x3A, 0x0E, 0x0F, 0x07, 0x03, 0xC1, 0x81, 0xF2, 0xE1,
  0x9F, 0x3F, 0x87, 0x00, 0xFE, 0x80, 0x08, 0xCC, 0x66, 0x31, 0x98, 0xC6,
  0x31, 0x8C, 0x63, 0x18, 0xE3, 0x18, 0xC3, 0x18, 0x61, 0x86, 0x18, 0xC3,
  0x18, 0xC7, 0x18, 0xC6, 0x31, 0x8C, 0x63, 0x31, 0x8C, 0xC6, 0x23, 0x10,
  0x18, 0x49, 0xEB, 0x3C, 0x3C, 0xEB, 0x49, 0x18, 0x0C, 0x03, 0x00, 0xC0,
  0x30, 0xFF, 0xFF, 0xF0, 0xC0, 0x30, 0x0C, 0x03, 0x00, 0xEF, 0xF3, 0x24,
  0x80, 0xFF, 0xF0, 0xEF, 0xE0, 0x00, 0xC0, 0x20, 0x18, 0x04, 0x01, 0x00,
  0xC0, 0x20, 0x18, 0x06, 0x01, 0x00, 0xC0, 0x30, 0x08, 0x06, 0x01, 0x80,
  0x40, 0x30, 0x08, 0x02, 0x01, 0x80, 0x40, 0x30, 0x00, 0x07, 0x03, 0xF8,
  0x70, 0xC6, 0x0E, 0xE0, 0x6C, 0x07, 0xC0, 0x7C, 0x07, 0xC0, 0x7C, 0x07,
  0xC0, 0x7C, 0x07, 0xE0, 0x66, 0x06, 0x70, 0xC3, 0x9C, 0x1F, 0x00, 0x18,
  0xF8, 0x38, 0x18, 0x18, 0x18, 0x18, 0x18, 0x18, 0x18, 0x18, 0x18, 0x18,
  0x18, 0x18, 0x3C, 0xFF, 0x1C, 0x1F, 0xCC, 0x3B, 0x07, 0xE1, 0xC0, 0x70,
  0x18, 0x0E, 0x03, 0x01, 0xC0, 0xE0, 0x70, 0x38, 0x4C, 0x36, 0x0F, 0xFF,
  0xFF, 0xC0, 0x1E, 0x1F, 0xEE, 0x1B, 0x87, 0xE0, 0xC0, 0x70, 0x18, 0x1C,
  0x0E, 0x00, 0xE0, 0x1C, 0x03, 0x00, 0xE0, 0x3C, 0x1F, 0xFE, 0x3F, 0x00,
  0x00, 0x40, 0x1C, 0x03, 0xC0, 0x2C, 0x06, 0xC0, 0xCC, 0x08, 0xC1, 0x8C,
  0x30, 0xC2, 0x0C, 0x60, 0xCF, 0xFF, 0xFF, 0xF0, 0x0C, 0x00, 0xC0, 0x1C,
  0x07, 0xF0, 0x3F, 0xE7, 0xF8, 0xC0, 0x18, 0x02, 0x00, 0x40, 0x0F, 0xE1,
  0x8E, 0x00, 0xE0, 0x0C, 0x01, 0x80, 0x34, 0x0F, 0xC1, 0xDF, 0xF1, 0xFC,
  0x07, 0x83, 0xF8, 0xC3, 0xB8, 0x76, 0x05, 0xC0, 0x31, 0x86, 0xFC, 0xF1,
  0xDC, 0x1B, 0x03, 0xE0, 0x7C, 0x0F, 0x81, 0xD8, 0x33, 0x8E, 0x3F, 0x00,
  0x7F, 0xF7, 0xFE, 0xC0, 0x6C, 0x0C, 0x01, 0x80, 0x18, 0x03, 0x00, 0x30,
  0x07, 0x00, 0x60, 0x06, 0x00, 0xE0, 0x0E, 0x00, 0xE0, 0x0E, 0x00, 0xC0,
  0x1E, 0x07, 0xF1, 0x83, 0x70, 0x6E, 0x0D, 0xC1, 0x9C, 0x61, 0xF8, 0x1F,
  0x8E, 0x7B, 0x83, 0xE0, 0x7C, 0x07, 0x80, 0xF0, 0x3F, 0x8E, 0x3F, 0x80,
  0x1E, 0x0F, 0xF3, 0x86, 0x60, 0x6C, 0x0D, 0x81, 0xB0, 0x36, 0x07, 0xE1,
  0xCF, 0xF8, 0xFB, 0x00, 0x60, 0x0C, 0x03, 0xA0, 0x67, 0xFC, 0x7E, 0x00,
  0xEF, 0xE0, 0x00, 0x00, 0x0E, 0xFE, 0xEF, 0xE0, 0x00, 0x00, 0x0E, 0xFF,
  0x32, 0x48, 0x00, 0x80, 0xC1, 0xC1, 0x83, 0x87, 0x03, 0x00, 0xE0, 0x38,
  0x07, 0x00, 0xE0, 0x30, 0xFF, 0xFF, 0xF0, 0x00, 0x00, 0xFF, 0xFF, 0xF0,
  0x40, 0x38, 0x03, 0x80, 0x70, 0x07, 0x00, 0x70, 0x0C, 0x0E, 0x0E, 0x07,
  0x0F, 0x01, 0x00, 0x1C, 0x3F, 0xB0, 0xD8, 0x7C, 0x38, 0x18, 0x1C, 0x1C,
  0x1C, 0x0C, 0x04, 0x02, 0x00, 0x00, 0x00, 0x60, 0x70, 0x38, 0x00, 0x07,
  0xFC, 0x07, 0x01, 0x83, 0x00, 0x30, 0x80, 0x06, 0x63, 0xF8, 0x91, 0xC6,
  0x3C, 0x61, 0x8F, 0x18, 0xE3, 0xCC, 0x38, 0xF3, 0x0E, 0x2C, 0xC7, 0x89,
  0x1B, 0x66, 0x67, 0x9F, 0x18, 0x00, 0x03, 0x00, 0x40, 0x70, 0x30, 0x07,
  0xF8, 0x00, 0x01, 0xC0, 0x00, 0xF0, 0x00, 0xD8, 0x00, 0x6C, 0x00, 0x27,
  0x00, 0x31, 0x80, 0x18, 0xC0, 0x08, 0x70, 0x0C, 0x18, 0x07, 0xFE, 0x03,
  0xFF, 0x03, 0x01, 0x81, 0x00, 0xE0, 0x80, 0x70, 0xC0, 0x3D, 0xF8, 0x3F,
  0xFF, 0xE1, 0xC3, 0x86, 0x0C, 0x30, 0x71, 0x83, 0x0C, 0x38, 0x63, 0x83,
  0xF8, 0x18, 0x70, 0xC1, 0xC6, 0x06, 0x30, 0x31, 0x81, 0x8C, 0x1C, 0xE3,
  0xDF, 0xF8, 0x03, 0x88, 0x7F, 0xA3, 0x83, 0x8C, 0x07, 0x60, 0x0D, 0x80,
  0x3E, 0x00, 0x38, 0x00, 0xE0, 0x03, 0x80, 0x0E, 0x00, 0x38, 0x00, 0x60,
  0x01, 0xC0, 0x13, 0x80, 0xC7, 0x8E, 0x0F, 0xE0, 0xFF, 0xF0, 0x38, 0x3C,
  0x18, 0x0C, 0x18, 0x0E, 0x18, 0x06, 0x18, 0x07, 0x18, 0x07, 0x18, 0x07,
  0x18, 0x07, 0x18, 0x07, 0x18, 0x06, 0x18, 0x06, 0x18, 0x0C, 0x18, 0x1C,
  0x38, 0xF0, 0xFF, 0xC0, 0xFF, 0xF1, 0xC1, 0x86, 0x0C, 0x30, 0x21, 0x80,
  0x0C, 0x20, 0x61, 0x03, 0xF8, 0x18, 0xC0, 0xC2, 0x06, 0x00, 0x30, 0x01,
  0x81, 0x8C, 0x08, 0xE0, 0xDF, 0xFE, 0xFF, 0xF3, 0x83, 0x18, 0x31, 0x81,
  0x18, 0x01, 0x84, 0x18, 0x41, 0xFC, 0x1F, 0xC1, 0x84, 0x18, 0x41, 0x80,
  0x18, 0x01, 0x80, 0x38, 0x0F, 0xE0, 0x03, 0x88, 0x1F, 0xE8, 0x38, 0x18,
  0x30, 0x0C, 0x60, 0x0C, 0x60, 0x04, 0xE0, 0x00, 0xE0, 0x00, 0xE0, 0x00,
  0xE0, 0x7F, 0xE0, 0x1E, 0xE0, 0x0C, 0x60, 0x0C, 0x70, 0x0C, 0x38, 0x1C,
  0x1E, 0x3C, 0x0F, 0xE4, 0xFE, 0x1F, 0x9C, 0x03, 0x06, 0x01, 0x83, 0x00,
  0xC1, 0x80, 0x60, 0xC0, 0x30, 0x60, 0x18, 0x3F, 0xFC, 0x18, 0x06, 0x0C,
  0x03, 0x06, 0x01, 0x83, 0x00, 0xC1, 0x80, 0x60, 0xC0, 0x30, 0xE0, 0x3D,
  0xFC, 0x3F, 0xFE, 0x30, 0x60, 0xC1, 0x83, 0x06, 0x0C, 0x18, 0x30, 0x60,
  0xC1, 0x83, 0x0E, 0x7F, 0x0F, 0xE0, 0x30, 0x06, 0x00, 0xC0, 0x18, 0x03,
  0x00, 0x60, 0x0C, 0x01, 0x80, 0x30, 0x06, 0x00, 0xCE, 0x19, 0xC7, 0x39,
  0xC3, 0xF0, 0xFE, 0x7E, 0x18, 0x18, 0x18, 0x30, 0x18, 0x60, 0x18, 0xC0,
  0x19, 0x80, 0x1B, 0x00, 0x1F, 0x80, 0x1D, 0x80, 0x19, 0xC0, 0x18, 0xE0,
  0x18, 0xE0, 0x18, 0x70, 0x18, 0x38, 0x38, 0x3C, 0xFE, 0x1F, 0xFE, 0x01,
  0xC0, 0x06, 0x00, 0x30, 0x01, 0x80, 0x0C, 0x00, 0x60, 0x03, 0x00, 0x18,
  0x00, 0xC0, 0x06, 0x00, 0x30, 0x31, 0x81, 0x0C, 0x18, 0xE1, 0xDF, 0xFE,
  0xFC, 0x03, 0xE3, 0xC0, 0x78, 0x3E, 0x07, 0x83, 0x60, 0x58, 0x36, 0x0D,
  0x83, 0x70, 0x98, 0x33, 0x09, 0xC3, 0x31, 0x9C, 0x33, 0x91, 0xC3, 0x1B,
  0x1C, 0x21, 0xB1, 0xC2, 0x0E, 0x0C, 0x20, 0xE0, 0xC2, 0x00, 0x0C, 0x70,
  0x01, 0xCF, 0x80, 0x7F, 0xFC, 0x1F, 0x9F, 0x03, 0x05, 0x81, 0x82, 0xE0,
  0xC1, 0x38, 0x60, 0x9C, 0x30, 0x47, 0x18, 0x21, 0x8C, 0x10, 0xE6, 0x08,
  0x33, 0x04, 0x1D, 0x82, 0x07, 0xC1, 0x01, 0xE0, 0x80, 0xF0, 0xE0, 0x39,
  0xF8, 0x1C, 0x03, 0xC0, 0x0F, 0xF8, 0x38, 0x1C, 0x30, 0x0C, 0x60, 0x0E,
  0x60, 0x06, 0xE0, 0x07, 0xE0, 0x07, 0xE0, 0x07, 0xE0, 0x07, 0xE0, 0x07,
  0xE0, 0x06, 0x60, 0x06, 0x70, 0x0C, 0x38, 0x1C, 0x1E, 0x78, 0x0F, 0xE0,
  0xFF, 0xE1, 0xC3, 0x86, 0x0C, 0x30, 0x71, 0x83, 0x8C, 0x18, 0x60, 0xC3,
  0x0C, 0x1F, 0xC0, 0xC0, 0x06, 0x00, 0x30, 0x01, 0x80, 0x0C, 0x00, 0xE0,
  0x1F, 0xC0, 0x03, 0xC0, 0x00, 0xFF, 0x80, 0x38, 0x1C, 0x03, 0x00, 0xC0,
  0x60, 0x0E, 0x06, 0x00, 0x60, 0xE0, 0x07, 0x0E, 0x00, 0x70, 0xE0, 0x07,
  0x0E, 0x00, 0x70, 0xE0, 0x07, 0x0E, 0x70, 0x60, 0x79, 0x86, 0x07, 0x0C,
  0xE0, 0x38, 0x7C, 0x01, 0xE7, 0x80, 0x0F, 0xF0, 0x00, 0x03, 0x80, 0x00,
  0x1C, 0x30, 0x00, 0xFE, 0x00, 0x07, 0xC0, 0xFF, 0xE0, 0x70, 0xE0, 0x60,
  0xC0, 0xC1, 0xC1, 0x83, 0x83, 0x06, 0x06, 0x1C, 0x0F, 0xE0, 0x1B, 0xC0,
  0x31, 0xC0, 0x63, 0x80, 0xC3, 0x01, 0x87, 0x03, 0x06, 0x0E, 0x0E, 0x7F,
  0x0F, 0x0F, 0x23, 0xFE, 0x70, 0x66, 0x06, 0x60, 0x27, 0x00, 0x78, 0x03,
  0xE0, 0x1F, 0x80, 0x7E, 0x00, 0xE0, 0x07, 0xC0, 0x7C, 0x07, 0x60, 0x67,
  0x8E, 0x5F, 0x80, 0x7F, 0xFE, 0xC3, 0x0F, 0x06, 0x1E, 0x0C, 0x14, 0x18,
  0x20, 0x30, 0x00, 0x60, 0x00, 0xC0, 0x01, 0x80, 0x03, 0x00, 0x06, 0x00,
  0x0C, 0x00, 0x18, 0x00, 0x70, 0x00, 0xE0, 0x07, 0xF8, 0xFE, 0x1F, 0x9C,
  0x03, 0x0E, 0x01, 0x87, 0x00, 0xC3, 0x80, 0x61, 0xC0, 0x30, 0xE0, 0x18,
  0x70, 0x0C, 0x38, 0x06, 0x1C, 0x03, 0x0E, 0x01, 0x87, 0x00, 0xC1, 0x80,
  0x40, 0xE0, 0x60, 0x38, 0xE0, 0x0F, 0xE0, 0xFC, 0x3F, 0x70, 0x0C, 0x30,
  0x0C, 0x30, 0x18, 0x38, 0x18, 0x18, 0x18, 0x18, 0x30, 0x1C, 0x30, 0x0C,
  0x20, 0x0C, 0x60, 0x0E, 0x60, 0x06, 0x40, 0x06, 0xC0, 0x07, 0xC0, 0x03,
  0x80, 0x03, 0x80, 0xFC, 0x38, 0x1F, 0x70, 0x3C, 0x0C, 0x30, 0x2C, 0x0C,
  0x30, 0x2C, 0x0C, 0x38, 0x6E, 0x08, 0x38, 0x66, 0x18, 0x18, 0x46, 0x18,
  0x18, 0x47, 0x18, 0x18, 0xC3, 0x10, 0x1C, 0xC3, 0x10, 0x0C, 0x83, 0x30,
  0x0D, 0x83, 0xB0, 0x0D, 0x81, 0xA0, 0x0F, 0x81, 0xA0, 0x07, 0x01, 0xE0,
  0x07, 0x00, 0xE0, 0xFC, 0x3F, 0x38, 0x0C, 0x1C, 0x18, 0x0C, 0x30, 0x0E,
  0x20, 0x07, 0x60, 0x03, 0xC0, 0x01, 0x80, 0x01, 0xC0, 0x03, 0xE0, 0x06,
  0x70, 0x0C, 0x30, 0x18, 0x38, 0x18, 0x1C, 0x38, 0x1E, 0xFC, 0x3F, 0xFC,
  0x3E, 0xE0, 0x30, 0xE0, 0x60, 0xC1, 0x81, 0xC2, 0x01, 0x8C, 0x01, 0x90,
  0x03, 0xE0, 0x03, 0x80, 0x07, 0x00, 0x0E, 0x00, 0x1C, 0x00, 0x38, 0x00,
  0x70, 0x00, 0xE0, 0x07, 0xF0, 0x7F, 0xFB, 0x01, 0x90, 0x1C, 0x81, 0xC0,
  0x1C, 0x00, 0xE0, 0x0E, 0x00, 0xE0, 0x06, 0x00, 0x70, 0x07, 0x00, 0x30,
  0x13, 0x81, 0xB8, 0x0D, 0x80, 0xFF, 0xFF, 0xFF, 0x31, 0x8C, 0x63, 0x18,
  0xC6, 0x31, 0x8C, 0x63, 0x18, 0xC6, 0x31, 0x8C, 0x63, 0x9F, 0xC0, 0x10,
  0x06, 0x00, 0x80, 0x30, 0x0C, 0x01, 0x00, 0x60, 0x18, 0x02, 0x00, 0xC0,
  0x30, 0x04, 0x01, 0x80, 0x20, 0x08, 0x03, 0x00, 0x40, 0x18, 0x06, 0x00,
  0x80, 0x30, 0xF3, 0x33, 0x33, 0x33, 0x33, 0x33, 0x33, 0x33, 0x33, 0x33,
  0x33, 0x3F, 0x04, 0x00, 0x60, 0x0F, 0x01, 0x90, 0x11, 0x83, 0x0C, 0x60,
  0x44, 0x06, 0xC0, 0x30, 0xFF, 0xE0, 0xC7, 0x1C, 0x30, 0x3F, 0x04, 0x38,
  0xE1, 0x8E, 0x18, 0x01, 0x80, 0x78, 0x3F, 0x86, 0x18, 0xE1, 0x8E, 0x18,
  0xF7, 0xD7, 0xCE, 0xF8, 0x01, 0xC0, 0x0E, 0x00, 0x70, 0x03, 0x80, 0x1C,
  0x00, 0xEF, 0x87, 0xFE, 0x38, 0x39, 0xC1, 0xCE, 0x06, 0x70, 0x33, 0x81,
  0x9C, 0x0C, 0xE0, 0xE7, 0x06, 0x3C, 0x71, 0xFF, 0x00, 0x1F, 0x8C, 0x76,
  0x1F, 0x87, 0xE0, 0x30, 0x0C, 0x03, 0x80, 0xE0, 0x1C, 0x17, 0xFC, 0x7C,
  0x01, 0xE0, 0x07, 0x00, 0x18, 0x00, 0xC0, 0x06, 0x00, 0x30, 0x7F, 0x87,
  0x3C, 0x60, 0x63, 0x03, 0x38, 0x19, 0xC0, 0xCC, 0x06, 0x60, 0x33, 0x83,
  0x8C, 0x1C, 0x7B, 0xE1, 0xFB, 0xC0, 0x1F, 0x0C, 0x66, 0x0F, 0x83, 0xE0,
  0xFF, 0xFC, 0x03, 0x80, 0xE0, 0x1C, 0x17, 0xDC, 0x7E, 0x0F, 0x86, 0x73,
  0x1C, 0xC0, 0x30, 0x0C, 0x0F, 0xF3, 0xFC, 0x30, 0x0C, 0x03, 0x00, 0xC0,
  0x30, 0x0C, 0x03, 0x00, 0xC0, 0x38, 0x3F, 0x80, 0x00, 0x20, 0x07, 0x3F,
  0xB6, 0x18, 0xE1, 0xCC, 0x0C, 0xC1, 0xCE, 0x18, 0x73, 0x83, 0xE0, 0x60,
  0x0C, 0x00, 0xFF, 0xC7, 0xFE, 0x40, 0xEC, 0x06, 0xC0, 0x6E, 0x0C, 0x7F,
  0x80, 0xF0, 0x01, 0xC0, 0x03, 0x00, 0x0C, 0x00, 0x30, 0x00, 0xC0, 0x03,
  0x3E, 0x0F, 0xBC, 0x38, 0x70, 0xC0, 0xC3, 0x03, 0x0C, 0x0C, 0x30, 0x30,
  0xC0, 0xC3, 0x03, 0x0C, 0x0C, 0x38, 0x33, 0xF3, 0xF0, 0x21, 0xC7, 0x00,
  0x00, 0x0F, 0x1C, 0x30, 0xC3, 0x0C, 0x30, 0xC3, 0x0C, 0x3B, 0xF0, 0x27,
  0x70, 0x00, 0xF7, 0x33, 0x33, 0x33, 0x33, 0x33, 0x33, 0x66, 0xC0, 0xF0,
  0x01, 0xC0, 0x03, 0x00, 0x0C, 0x00, 0x30, 0x00, 0xC0, 0x03, 0x1F, 0x8C,
  0x38, 0x30, 0xC0, 0xC6, 0x03, 0x30, 0x0F, 0x80, 0x37, 0x00, 0xCE, 0x03,
  0x1C, 0x0C, 0x38, 0x38, 0xF7, 0xF1, 0xE0, 0xF1, 0xC3, 0x0C, 0x30, 0xC3,
  0x0C, 0x30, 0xC3, 0x0C, 0x30, 0xC3, 0x0C, 0x3B, 0xF0, 0xF3, 0xC7, 0xC3,
  0xF7, 0x7F, 0x0E, 0x1C, 0x18, 0x60, 0xE0, 0xC3, 0x03, 0x06, 0x18, 0x18,
  0x30, 0xC0, 0xC1, 0x86, 0x06, 0x0C, 0x30, 0x30, 0x61, 0x81, 0x83, 0x0E,
  0x1C, 0x19, 0xF9, 0xF3, 0xF0, 0xF3, 0xE1, 0xFB, 0xC3, 0x87, 0x0C, 0x0C,
  0x30, 0x30, 0xC0, 0xC3, 0x03, 0x0C, 0x0C, 0x30, 0x30, 0xC0, 0xC3, 0x83,
  0x3F, 0x3F, 0x1F, 0x83, 0x1C, 0x60, 0xEE, 0x06, 0xE0, 0x7C, 0x07, 0xC0,
  0x7E, 0x07, 0xE0, 0x66, 0x06, 0x78, 0xC1, 0xF8, 0xE7, 0xC6, 0xEE, 0x38,
  0x73, 0x03, 0x30, 0x33, 0x03, 0x30, 0x33, 0x03, 0x30, 0x33, 0x07, 0x38,
  0xE3, 0xFC, 0x30, 0x03, 0x00, 0x30, 0x07, 0x00, 0xFC, 0x00, 0x1F, 0xE1,
  0xCF, 0x18, 0x18, 0xC0, 0xCE, 0x06, 0x60, 0x33, 0x01, 0x98, 0x0C, 0xE0,
  0xE3, 0x07, 0x1E, 0xF8, 0x7E, 0xC0, 0x06, 0x00, 0x30, 0x01, 0x80, 0x1C,
  0x01, 0xF8, 0xF7, 0x9F, 0x73, 0x9C, 0xC6, 0x30, 0x0C, 0x03, 0x00, 0xC0,
  0x30, 0x0C, 0x03, 0x83, 0xF8, 0x3F, 0x31, 0xB0, 0x7C, 0x37, 0x03, 0xF0,
  0x7C, 0x07, 0xC1, 0xE0, 0xF8, 0xDF, 0xC0, 0x30, 0x30, 0x30, 0x30, 0xFF,
  0xFF, 0x30, 0x30, 0x30, 0x30, 0x30, 0x30, 0x30, 0x30, 0x3B, 0x1E, 0xF1,
  0xE3, 0x87, 0x1C, 0x18, 0xE0, 0xC7, 0x06, 0x38, 0x31, 0xC1, 0x8E, 0x0C,
  0x70, 0x61, 0x87, 0x0E, 0xFC, 0x3E, 0xF0, 0xFC, 0x7D, 0xE2, 0xE3, 0x83,
  0x0E, 0x08, 0x18, 0x60, 0x71, 0x80, 0xC4, 0x03, 0x30, 0x0E, 0x80, 0x1A,
  0x00, 0x78, 0x00, 0xC0, 0xFC, 0x71, 0xF7, 0x87, 0x0E, 0x30, 0x70, 0x43,
  0x8D, 0x8C, 0x18, 0xD8, 0xC1, 0x89, 0x88, 0x19, 0x99, 0x80, 0xD8, 0xD8,
  0x0D, 0x0D, 0x00, 0xD0, 0xD0, 0x0F, 0x0F, 0x00, 0x70, 0x60, 0xFC, 0xFB,
  0xC3, 0x0E, 0x10, 0x39, 0x80, 0xF8, 0x03, 0x80, 0x1C, 0x01, 0xF0, 0x09,
  0xC0, 0x87, 0x0C, 0x3D, 0xF3, 0xF0, 0xFC, 0xFB, 0xC1, 0x8E, 0x0C, 0x30,
  0x41, 0x86, 0x0E, 0x20, 0x33, 0x01, 0xD0, 0x06, 0x80, 0x3C, 0x00, 0xC0,
  0x06, 0x00, 0x20, 0x03, 0x01, 0x90, 0x1D, 0x80, 0x78, 0x00, 0xFF, 0xB8,
  0x6C, 0x32, 0x1C, 0x06, 0x03, 0x01, 0xC0, 0xE0, 0x30, 0xD8, 0x3E, 0x1F,
  0xFF, 0x1E, 0x60, 0xC1, 0x83, 0x06, 0x0C, 0x1C, 0x38, 0x70, 0xC7, 0x07,
  0x06, 0x0E, 0x1C, 0x38, 0x60, 0xC1, 0x83, 0x06, 0x0C, 0x0F, 0xFF, 0xFF,
  0xFF, 0xFF, 0xFF, 0xF0, 0xF0, 0xE1, 0x8E, 0x38, 0xC3, 0x0C, 0x30, 0xC1,
  0x83, 0x1C, 0xC3, 0x0C, 0x30, 0xC3, 0x0E, 0x38, 0x63, 0xBC, 0xFC, 0xE7,
  0xE0, 0xFF, 0xF0, 0x3C, 0x0F, 0x03, 0xC0, 0xF0, 0x3C, 0x0F, 0x03, 0xC0,
  0xF0, 0x3C, 0x0F, 0x03, 0xC0, 0xF0, 0x3C, 0x0F, 0xFF, 0xFF, 0xF0, 0x3C,
  0x0F, 0x03, 0xC0, 0xF0, 0x3C, 0x0F, 0x03, 0xC0, 0xF0, 0x3C, 0x0F, 0x03,
  0xC0, 0xF0, 0x3C, 0x0F, 0xFF, 0xFF, 0xF0, 0x3C, 0x0F, 0x03, 0xC0, 0xF0,
  0x3C, 0x0F, 0x03, 0xC0, 0xF0, 0x3C, 0x0F, 0x03, 0xC0, 0xF0, 0x3C, 0x0F,
  0xFF, 0xFF, 0xF0, 0x3C, 0x0F, 0x03, 0xC0, 0xF0, 0x3C, 0x0F, 0x03, 0xC0,
  0xF0, 0x3C, 0x0F, 0x03, 0xC0, 0xF0, 0x3C, 0x0F, 0xFF, 0xFF, 0xF0, 0x3C,
  0x0F, 0x03, 0xC0, 0xF0, 0x3C, 0x0F, 0x03, 0xC0, 0xF0, 0x3C, 0x0F, 0x03,
  0xC0, 0xF0, 0x3C, 0x0F, 0xFF, 0xFF, 0xF0, 0x3C, 0x0F, 0x03, 0xC0, 0xF0,
  0x3C, 0x0F, 0x03, 0xC0, 0xF0, 0x3C, 0x0F, 0x03, 0xC0, 0xF0, 0x3C, 0x0F,
  0xFF, 0xFF, 0xF0, 0x3C, 0x0F, 0x03, 0xC0, 0xF0, 0x3C, 0x0F, 0x03, 0xC0,
  0xF0, 0x3C, 0x0F, 0x03, 0xC0, 0xF0, 0x3C, 0x0F, 0xFF, 0xFF, 0xF0, 0x3C,
  0x0F, 0x03, 0xC0, 0xF0, 0x3C, 0x0F, 0x03, 0xC0, 0xF0, 0x3C, 0x0F, 0x03,
  0xC0, 0xF0, 0x3C, 0x0F, 0xFF, 0xFF, 0xF0, 0x3C, 0x0F, 0x03, 0xC0, 0xF0,
  0x3C, 0x0F, 0x03, 0xC0, 0xF0, 0x3C, 0x0F, 0x03, 0xC0, 0xF0, 0x3C, 0x0F,
  0xFF, 0xFF, 0xF0, 0x3C, 0x0F, 0x03, 0xC0, 0xF0, 0x3C, 0x0F, 0x03, 0xC0,
  0xF0, 0x3C, 0x0F, 0x03, 0xC0, 0xF0, 0x3C, 0x0F, 0xFF, 0xFF, 0xF0, 0x3C,
  0x0F, 0x03, 0xC0, 0xF0, 0x3C, 0x0F, 0x03, 0xC0, 0xF0, 0x3C, 0x0F, 0x03,
  0xC0, 0xF0, 0x3C, 0x0F, 0xFF, 0xFF, 0xF0, 0x3C, 0x0F, 0x03, 0xC0, 0xF0,
  0x3C, 0x0F, 0x03, 0xC0, 0xF0, 0x3C, 0x0F, 0x03, 0xC0, 0xF0, 0x3C, 0x0F,
  0xFF, 0xFF, 0xF0, 0x3C, 0x0F, 0x03, 0xC0, 0xF0, 0x3C, 0x0F, 0x03, 0xC0,
  0xF0, 0x3C, 0x0F, 0x03, 0xC0, 0xF0, 0x3C, 0x0F, 0xFF, 0xFF, 0xF0, 0x3C,
  0x0F, 0x03, 0xC0, 0xF0, 0x3C, 0x0F, 0x03, 0xC0, 0xF0, 0x3C, 0x0F, 0x03,
  0xC0, 0xF0, 0x3C, 0x0F, 0xFF, 0xFF, 0xF0, 0x3C, 0x0F, 0x03, 0xC0, 0xF0,
  0x3C, 0x0F, 0x03, 0xC0, 0xF0, 0x3C, 0x0F, 0x03, 0xC0, 0xF0, 0x3C, 0x0F,
  0xFF, 0xFF, 0xF0, 0x3C, 0x0F, 0x03, 0xC0, 0xF0, 0x3C, 0x0F, 0x03, 0xC0,
  0xF0, 0x3C, 0x0F, 0x03, 0xC0, 0xF0, 0x3C, 0x0F, 0xFF, 0xFF, 0xF0, 0x3C,
  0x0F, 0x03, 0xC0, 0xF0, 0x3C, 0x0F, 0x03, 0xC0, 0xF0, 0x3C, 0x0F, 0x03,
  0xC0, 0xF0, 0x3C, 0x0F, 0xFF, 0xFF, 0xF0, 0x3C, 0x0F, 0x03, 0xC0, 0xF0,
  0x3C, 0x0F, 0x03, 0xC0, 0xF0, 0x3C, 0x0F, 0x03, 0xC0, 0xF0, 0x3C, 0x0F,
  0xFF, 0xFF, 0xF0, 0x3C, 0x0F, 0x03, 0xC0, 0xF0, 0x3C, 0x0F, 0x03, 0xC0,
  0xF0, 0x3C, 0x0F, 0x03, 0xC0, 0xF0, 0x3C, 0x0F, 0xFF, 0xFF, 0xF0, 0x3C,
  0x0F, 0x03, 0xC0, 0xF0, 0x3C, 0x0F, 0x03, 0xC0, 0xF0, 0x3C, 0x0F, 0x03,
  0xC0, 0xF0, 0x3C, 0x0F, 0xFF, 0xFF, 0xF0, 0x3C, 0x0F, 0x03, 0xC0, 0xF0,
  0x3C, 0x0F, 0x03, 0xC0, 0xF0, 0x3C, 0x0F, 0x03, 0xC0, 0xF0, 0x3C, 0x0F,
  0xFF, 0xFF, 0xF0, 0x3C, 0x0F, 0x03, 0xC0, 0xF0, 0x3C, 0x0F, 0x03, 0xC0,
  0xF0, 0x3C, 0x0F, 0x03, 0xC0, 0xF0, 0x3C, 0x0F, 0xFF, 0xFF, 0xF0, 0x3C,
  0x0F, 0x03, 0xC0, 0xF0, 0x3C, 0x0F, 0x03, 0xC0, 0xF0, 0x3C, 0x0F, 0x03,
  0xC0, 0xF0, 0x3C, 0x0F, 0xFF, 0xFF, 0xF0, 0x3C, 0x0F, 0x03, 0xC0, 0xF0,
  0x3C, 0x0F, 0x03, 0xC0, 0xF0, 0x3C, 0x0F, 0x03, 0xC0, 0xF0, 0x3C, 0x0F,
  0xFF, 0xFF, 0xF0, 0x3C, 0x0F, 0x03, 0xC0, 0xF0, 0x3C, 0x0F, 0x03, 0xC0,
  0xF0, 0x3C, 0x0F, 0x03, 0xC0, 0xF0, 0x3C, 0x0F, 0xFF, 0xFF, 0xF0, 0x3C,
  0x0F, 0x03, 0xC0, 0xF0, 0x3C, 0x0F, 0x03, 0xC0, 0xF0, 0x3C, 0x0F, 0x03,
  0xC0, 0xF0, 0x3C, 0x0F, 0xFF, 0xFF, 0xF0, 0x3C, 0x0F, 0x03, 0xC0, 0xF0,
  0x3C, 0x0F, 0x03, 0xC0, 0xF0, 0x3C, 0x0F, 0x03, 0xC0, 0xF0, 0x3C, 0x0F,
  0xFF, 0xFF, 0xF0, 0x3C, 0x0F, 0x03, 0xC0, 0xF0, 0x3C, 0x0F, 0x03, 0xC0,
  0xF0, 0x3C, 0x0F, 0x03, 0xC0, 0xF0, 0x3C, 0x0F, 0xFF, 0xFF, 0xF0, 0x3C,
  0x0F, 0x03, 0xC0, 0xF0, 0x3C, 0x0F, 0x03, 0xC0, 0xF0, 0x3C, 0x0F, 0x03,
  0xC0, 0xF0, 0x3C, 0x0F, 0xFF, 0xFF, 0xF0, 0x3C, 0x0F, 0x03, 0xC0, 0xF0,
  0x3C, 0x0F, 0x03, 0xC0, 0xF0, 0x3C, 0x0F, 0x03, 0xC0, 0xF0, 0x3C, 0x0F,
  0xFF, 0xFF, 0xF0, 0x3C, 0x0F, 0x03, 0xC0, 0xF0, 0x3C, 0x0F, 0x03, 0xC0,
  0xF0, 0x3C, 0x0F, 0x03, 0xC0, 0xF0, 0x3C, 0x0F, 0xFF, 0xFF, 0xF0, 0x3C,
  0x0F, 0x03, 0xC0, 0xF0, 0x3C, 0x0F, 0x03, 0xC0, 0xF0, 0x3C, 0x0F, 0x03,
  0xC0, 0xF0, 0x3C, 0x0F, 0xFF, 0xFF, 0xF0, 0x3C, 0x0F, 0x03, 0xC0, 0xF0,
  0x3C, 0x0F, 0x03, 0xC0, 0xF0, 0x3C, 0x0F, 0x03, 0xC0, 0xF0, 0x3C, 0x0F,
  0xFF, 0x00, 0xFF, 0x80, 0x92, 0x6D, 0xBF, 0xFF, 0x60, 0x02, 0x00, 0x81,
  0xF8, 0xD3, 0x65, 0xF9, 0x7E, 0xC3, 0x20, 0xE8, 0x3A, 0x0E, 0x81, 0xE1,
  0x3F, 0xC7, 0xC1, 0x00, 0x40, 0x0F, 0x07, 0xF9, 0xC3, 0x30, 0xE6, 0x0C,
  0xC0, 0x1C, 0x03, 0x80, 0xFF, 0x9F, 0xF0, 0x60, 0x0C, 0x01, 0x80, 0x30,
  0xCC, 0x1B, 0xFF, 0xFF, 0xE0, 0x00, 0x73, 0xB7, 0xF8, 0xC6, 0x60, 0x98,
  0x26, 0x08, 0x86, 0x7B, 0x9B, 0xBC, 0x04, 0xFC, 0x3F, 0x30, 0x0C, 0x38,
  0x18, 0x1C, 0x10, 0x0C, 0x30, 0x0E, 0x60, 0x06, 0x40, 0x7F, 0xF8, 0x03,
  0x80, 0x01, 0x80, 0x7F, 0xF8, 0x01, 0x80, 0x01, 0x80, 0x03, 0x80, 0x03,
  0x80, 0x0F, 0xE0, 0xFF, 0xFF, 0xC0, 0xFF, 0xFF, 0xF0, 0x0E, 0x07, 0xF0,
  0xCE, 0x11, 0xC3, 0x00, 0xF0, 0x37, 0x06, 0x78, 0x87, 0x98, 0x7B, 0x83,
  0xB8, 0x33, 0xC6, 0x3C, 0xC1, 0xF0, 0x1C, 0x01, 0x8E, 0x31, 0xC6, 0x3F,
  0x81, 0x80, 0x42, 0xE7, 0xE7, 0x07, 0xF0, 0x1C, 0x1C, 0x30, 0x06, 0x63,
  0xF2, 0x66, 0x33, 0x4C, 0x11, 0xCC, 0x01, 0xCC, 0x01, 0xCC, 0x01, 0x4C,
  0x01, 0x46, 0x13, 0x63, 0xE2, 0x30, 0x86, 0x18, 0x1C, 0x0F, 0xF0, 0x7C,
  0x63, 0x31, 0x81, 0xC7, 0x66, 0x33, 0x19, 0xFF, 0x22, 0x00, 0x08, 0x86,
  0x63, 0x31, 0x98, 0xEE, 0x3B, 0x87, 0x70, 0xCC, 0x1D, 0xC2, 0x20, 0xFF,
  0xFF, 0xF0, 0x0C, 0x03, 0x00, 0xC0, 0x00, 0x1E, 0x37, 0x9B, 0x7D, 0xBE,
  0xFB, 0x5D, 0xB4, 0x7E, 0x08, 0x00, 0xFF, 0xF0, 0x7B, 0x38, 0xF2, 0x78,
  0x0C, 0x03, 0x00, 0xC3, 0xFF, 0xFF, 0xC3, 0x00, 0xC0, 0x30, 0x0C, 0x00,
  0x0F, 0xFF, 0xFF, 0x38, 0xEE, 0xC6, 0xC6, 0x06, 0x0C, 0x0C, 0x11, 0x22,
  0xC6, 0xFE, 0x38, 0xEE, 0xC6, 0xC6, 0x06, 0x18, 0x0E, 0x07, 0x03, 0x86,
  0xFE, 0x10, 0x11, 0xD9, 0x80, 0xC1, 0xCC, 0x1C, 0xC1, 0xCC, 0x1C, 0xC1,
  0xCC, 0x18, 0xC1, 0x8C, 0x18, 0xC1, 0x8C, 0x1C, 0xE6, 0xDF, 0xCF, 0xC0,
  0x0C, 0x00, 0xC0, 0x0C, 0x00, 0xC0, 0x00, 0x79, 0xEF, 0x33, 0xE6, 0x7C,
  0xCF, 0x99, 0xF3, 0x3E, 0x67, 0xCC, 0x79, 0x87, 0x30, 0x06, 0x00, 0xC0,
  0x18, 0x03, 0x00, 0x60, 0x0C, 0x01, 0x80, 0x70, 0x3E, 0x00, 0xEF, 0xE0,
  0x23, 0x86, 0x3F, 0x80, 0x13, 0xC3, 0x0C, 0x30, 0xC3, 0x0C, 0x30, 0xCF,
  0xC0, 0x7E, 0xC3, 0xC3, 0xC3, 0xC3, 0xC3, 0xC3, 0x7E, 0x10, 0x88, 0x66,
  0x19, 0x86, 0x61, 0x99, 0xDD, 0xDC, 0xCC, 0xCC, 0x44, 0x00, 0x10, 0x02,
  0x0F, 0x00, 0x60, 0x30, 0x04, 0x03, 0x00, 0xC0, 0x30, 0x18, 0x03, 0x01,
  0x00, 0x30, 0x30, 0xC3, 0x02, 0x14, 0x30, 0x63, 0x43, 0x0C, 0x24, 0xFC,
  0xC4, 0x40, 0x18, 0xC4, 0x01, 0x08, 0x40, 0x31, 0xFF, 0x02, 0x00, 0x40,
  0x60, 0x04, 0x0C, 0x00, 0x40, 0x10, 0x02, 0x07, 0x80, 0x30, 0x0C, 0x01,
  0x00, 0x60, 0x18, 0x03, 0x01, 0x80, 0x18, 0x08, 0xE0, 0xC0, 0xDD, 0xC6,
  0x04, 0xC6, 0x30, 0x66, 0x31, 0x86, 0x01, 0xBF, 0x30, 0x18, 0x03, 0x00,
  0xC0, 0x10, 0x08, 0x81, 0x80, 0x88, 0x08, 0x18, 0xC0, 0xC0, 0xFE, 0x0C,
  0x00, 0x00, 0x38, 0x01, 0x07, 0x70, 0x18, 0x31, 0x80, 0x81, 0x8C, 0x0C,
  0x00, 0x60, 0xC0, 0x0C, 0x04, 0x00, 0x38, 0x61, 0x80, 0xE2, 0x14, 0x03,
  0x31, 0xA4, 0x33, 0x09, 0x3F, 0x98, 0x88, 0x21, 0x8C, 0x40, 0x08, 0x42,
  0x00, 0xC7, 0xFC, 0x04, 0x00, 0x80, 0x60, 0x04, 0x06, 0x00, 0x20, 0x1C,
  0x0F, 0x03, 0x00, 0x00, 0x00, 0x60, 0x30, 0x38, 0x18, 0x1C, 0x1C, 0x1C,
  0x0C, 0x1E, 0x1F, 0x86, 0xFE, 0x3C, 0x00, 0x01, 0x00, 0x01, 0xC0, 0x00,
  0x70, 0x00, 0x0C, 0x00, 0x00, 0x00, 0x00, 0x00, 0x07, 0x00, 0x03, 0xC0,
  0x03, 0x60, 0x01, 0xB0, 0x00, 0x9C, 0x00, 0xC6, 0x00, 0x63, 0x00, 0x21,
  0xC0, 0x30, 0x60, 0x1F, 0xF8, 0x0F, 0xFC, 0x0C, 0x06, 0x04, 0x03, 0x82,
  0x01, 0xC3, 0x00, 0xF7, 0xE0, 0xFC, 0x00, 0x20, 0x00, 0x38, 0x00, 0x38,
  0x00, 0x30, 0x00, 0x00, 0x00, 0x00, 0x00, 0x07, 0x00, 0x03, 0xC0, 0x03,
  0x60, 0x01, 0xB0, 0x00, 0x9C, 0x00, 0xC6, 0x00, 0x63, 0x00, 0x21, 0xC0,
  0x30, 0x60, 0x1F, 0xF8, 0x0F, 0xFC, 0x0C, 0x06, 0x04, 0x03, 0x82, 0x01,
  0xC3, 0x00, 0xF7, 0xE0, 0xFC, 0x00, 0xC0, 0x00, 0xF0, 0x00, 0xFC, 0x00,
  0xC3, 0x00, 0x00, 0x00, 0x00, 0x00, 0x07, 0x00, 0x03, 0xC0, 0x03, 0x60,
  0x01, 0xB0, 0x00, 0x9C, 0x00, 0xC6, 0x00, 0x63, 0x00, 0x21, 0xC0, 0x30,
  0x60, 0x1F, 0xF8, 0x0F, 0xFC, 0x0C, 0x06, 0x04, 0x03, 0x82, 0x01, 0xC3,
  0x00, 0xF7, 0xE0, 0xFC, 0x03, 0xC8, 0x03, 0xF8, 0x00, 0x18, 0x00, 0x00,
  0x00, 0x00, 0x00, 0x0E, 0x00, 0x07, 0x80, 0x06, 0xC0, 0x03, 0x60, 0x01,
  0x38, 0x01, 0x8C, 0x00, 0xC6, 0x00, 0x43, 0x80, 0x60, 0xC0, 0x3F, 0xF0,
  0x1F, 0xF8, 0x18, 0x0C, 0x08, 0x07, 0x04, 0x03, 0x86, 0x01, 0xEF, 0xC1,
  0xF8, 0x07, 0x38, 0x03, 0x9C, 0x00, 0x84, 0x00, 0x00, 0x00, 0x00, 0x00,
  0x0E, 0x00, 0x07, 0x80, 0x06, 0xC0, 0x03, 0x60, 0x01, 0x38, 0x01, 0x8C,
  0x00, 0xC6, 0x00, 0x43, 0x80, 0x60, 0xC0, 0x3F, 0xF0, 0x1F, 0xF8, 0x18,
  0x0C, 0x08, 0x07, 0x04, 0x03, 0x86, 0x01, 0xEF, 0xC1, 0xF8, 0x01, 0xE0,
  0x01, 0x90, 0x00, 0xC8, 0x00, 0x3C, 0x00, 0x0C, 0x00, 0x00, 0x00, 0x07,
  0x00, 0x03, 0xC0, 0x03, 0x60, 0x01, 0xB0, 0x00, 0x9C, 0x00, 0xC6, 0x00,
  0x63, 0x00, 0x21, 0xC0, 0x30, 0x60, 0x1F, 0xF8, 0x0F, 0xFC, 0x0C, 0x06,
  0x04, 0x03, 0x82, 0x01, 0xC3, 0x00, 0xF7, 0xE0, 0xFC, 0x01, 0xFF, 0xF8,
  0x01, 0x30, 0x60, 0x0C, 0xC0, 0x80, 0x23, 0x03, 0x01, 0x8C, 0x00, 0x04,
  0x30, 0x40, 0x30, 0xC3, 0x00, 0xFF, 0xFC, 0x07, 0xFF, 0xF0, 0x10, 0x30,
  0xC0, 0xC0, 0xC2, 0x02, 0x03, 0x00, 0x18, 0x0C, 0x04, 0x40, 0x30, 0x33,
  0x00, 0xC1, 0xFF, 0x0F, 0xFF, 0x03, 0x88, 0x7F, 0xA3, 0x83, 0x8C, 0x07,
  0x60, 0x0D, 0x80, 0x3E, 0x00, 0x38, 0x00, 0xE0, 0x03, 0x80, 0x0E, 0x00,
  0x38, 0x00, 0x60, 0x01, 0xC0, 0x13, 0x80, 0xC7, 0x8E, 0x0F, 0xE0, 0x04,
  0x00, 0x38, 0x00, 0x30, 0x00, 0xC0, 0x1F, 0x00, 0x04, 0x00, 0x70, 0x01,
  0xC0, 0x03, 0x00, 0x00, 0x00, 0x03, 0xFF, 0xC7, 0x06, 0x18, 0x30, 0xC0,
  0x86, 0x00, 0x30, 0x81, 0x84, 0x0F, 0xE0, 0x63, 0x03, 0x08, 0x18, 0x00,
  0xC0, 0x06, 0x06, 0x30, 0x23, 0x83, 0x7F, 0xF8, 0x00, 0x80, 0x0E, 0x00,
  0xE0, 0x0C, 0x00, 0x00, 0x00, 0x03, 0xFF, 0xC7, 0x06, 0x18, 0x30, 0xC0,
  0x86, 0x00, 0x30, 0x81, 0x84, 0x0F, 0xE0, 0x63, 0x03, 0x08, 0x18, 0x00,
  0xC0, 0x06, 0x06, 0x30, 0x23, 0x83, 0x7F, 0xF8, 0x03, 0x00, 0x3C, 0x03,
  0xF0, 0x30, 0xC0, 0x00, 0x00, 0x03, 0xFF, 0xC7, 0x06, 0x18, 0x30, 0xC0,
  0x86, 0x00, 0x30, 0x81, 0x84, 0x0F, 0xE0, 0x63, 0x03, 0x08, 0x18, 0x00,
  0xC0, 0x06, 0x06, 0x30, 0x23, 0x83, 0x7F, 0xF8, 0x1C, 0xE0, 0xE7, 0x02,
  0x10, 0x00, 0x00, 0x00, 0x7F, 0xF8, 0xE0, 0xC3, 0x06, 0x18, 0x10, 0xC0,
  0x06, 0x10, 0x30, 0x81, 0xFC, 0x0C, 0x60, 0x61, 0x03, 0x00, 0x18, 0x00,
  0xC0, 0xC6, 0x04, 0x70, 0x6F, 0xFF, 0x00, 0x20, 0xE0, 0xE0, 0x60, 0x00,
  0x3F, 0x8C, 0x18, 0x30, 0x60, 0xC1, 0x83, 0x06, 0x0C, 0x18, 0x30, 0x60,
  0xC3, 0x9F, 0xC0, 0x04, 0x1C, 0x71, 0x80, 0x00, 0x3F, 0x8C, 0x18, 0x30,
  0x60, 0xC1, 0x83, 0x06, 0x0C, 0x18, 0x30, 0x60, 0xC3, 0x9F, 0xC0, 0x18,
  0x3C, 0x7E, 0xC3, 0x00, 0x00, 0xFE, 0x18, 0x18, 0x18, 0x18, 0x18, 0x18,
  0x18, 0x18, 0x18, 0x18, 0x18, 0x18, 0x18, 0x38, 0xFE, 0xE7, 0xE7, 0x42,
  0x00, 0x00, 0xFE, 0x18, 0x18, 0x18, 0x18, 0x18, 0x18, 0x18, 0x18, 0x18,
  0x18, 0x18, 0x18, 0x18, 0x38, 0xFE, 0xFF, 0xF0, 0x38, 0x3C, 0x18, 0x0C,
  0x18, 0x0E, 0x18, 0x06, 0x18, 0x07, 0x18, 0x07, 0xFF, 0x87, 0x18, 0x07,
  0x18, 0x07, 0x18, 0x06, 0x18, 0x06, 0x18, 0x0C, 0x18, 0x1C, 0x38, 0xF0,
  0xFF, 0xC0, 0x03, 0xC8, 0x03, 0xF8, 0x00, 0x18, 0x00, 0x00, 0x00, 0x00,
  0x07, 0xE0, 0xFC, 0xF8, 0x18, 0x2C, 0x0C, 0x17, 0x06, 0x09, 0xC3, 0x04,
  0xE1, 0x82, 0x38, 0xC1, 0x0C, 0x60, 0x87, 0x30, 0x41, 0x98, 0x20, 0xEC,
  0x10, 0x3E, 0x08, 0x0F, 0x04, 0x07, 0x87, 0x01, 0xCF, 0xC0, 0xE0, 0x02,
  0x00, 0x07, 0x00, 0x03, 0x80, 0x00, 0xC0, 0x00, 0x00, 0x03, 0xC0, 0x0F,
  0xF8, 0x38, 0x1C, 0x30, 0x0C, 0x60, 0x0E, 0x60, 0x06, 0xE0, 0x07, 0xE0,
  0x07, 0xE0, 0x07, 0xE0, 0x07, 0xE0, 0x07, 0xE0, 0x06, 0x60, 0x06, 0x70,
  0x0C, 0x38, 0x1C, 0x1E, 0x78, 0x0F, 0xE0, 0x00, 0x40, 0x00, 0xE0, 0x01,
  0xC0, 0x03, 0x00, 0x00, 0x00, 0x03, 0xC0, 0x0F, 0xF8, 0x38, 0x1C, 0x30,
  0x0C, 0x60, 0x0E, 0x60, 0x06, 0xE0, 0x07, 0xE0, 0x07, 0xE0, 0x07, 0xE0,
  0x07, 0xE0, 0x07, 0xE0, 0x06, 0x60, 0x06, 0x70, 0x0C, 0x38, 0x1C, 0x1E,
  0x78, 0x0F, 0xE0, 0x01, 0x80, 0x03, 0xC0, 0x07, 0xE0, 0x0C, 0x30, 0x00,
  0x00, 0x03, 0xC0, 0x0F, 0xF8, 0x38, 0x1C, 0x30, 0x0C, 0x60, 0x0E, 0x60,
  0x06, 0xE0, 0x07, 0xE0, 0x07, 0xE0, 0x07, 0xE0, 0x07, 0xE0, 0x07, 0xE0,
  0x06, 0x60, 0x06, 0x70, 0x0C, 0x38, 0x1C, 0x1E, 0x78, 0x0F, 0xE0, 0x07,
  0x90, 0x0F, 0xE0, 0x00, 0xC0, 0x00, 0x00, 0x03, 0xC0, 0x0F, 0xF8, 0x38,
  0x1C, 0x30, 0x0C, 0x60, 0x0E, 0x60, 0x06, 0xE0, 0x07, 0xE0, 0x07, 0xE0,
  0x07, 0xE0, 0x07, 0xE0, 0x07, 0xE0, 0x06, 0x60, 0x06, 0x70, 0x0C, 0x38,
  0x1C, 0x1E, 0x78, 0x0F, 0xE0, 0x0E, 0x70, 0x0E, 0x70, 0x04, 0x20, 0x00,
  0x00, 0x03, 0xC0, 0x0F, 0xF8, 0x38, 0x1C, 0x30, 0x0C, 0x60, 0x0E, 0x60,
  0x06, 0xE0, 0x07, 0xE0, 0x07, 0xE0, 0x07, 0xE0, 0x07, 0xE0, 0x07, 0xE0,
  0x06, 0x60, 0x06, 0x70, 0x0C, 0x38, 0x1C, 0x1E, 0x78, 0x0F, 0xE0, 0x01,
  0xC3, 0xE6, 0x7C, 0x18, 0x3C, 0x6E, 0xC7, 0x83, 0x03, 0xC3, 0x0F, 0xF6,
  0x38, 0x1C, 0x30, 0x1C, 0x60, 0x1E, 0x60, 0x36, 0xE0, 0x67, 0xE0, 0xC7,
  0xE1, 0x87, 0xE3, 0x07, 0xE2, 0x07, 0xE6, 0x06, 0x6C, 0x06, 0x78, 0x0C,
  0x38, 0x1C, 0x7E, 0x78, 0xCF, 0xE0, 0x01, 0x00, 0x01, 0xC0, 0x00, 0x70,
  0x00, 0x0C, 0x00, 0x00, 0x00, 0x00, 0x03, 0xF8, 0x7E, 0x70, 0x0C, 0x38,
  0x06, 0x1C, 0x03, 0x0E, 0x01, 0x87, 0x00, 0xC3, 0x80, 0x61, 0xC0, 0x30,
  0xE0, 0x18, 0x70, 0x0C, 0x38, 0x06, 0x1C, 0x03, 0x06, 0x01, 0x03, 0x81,
  0x80, 0xE3, 0x80, 0x3F, 0x80, 0x00, 0x20, 0x00, 0x38, 0x00, 0x38, 0x00,
  0x30, 0x00, 0x00, 0x00, 0x00, 0x03, 0xF8, 0x7E, 0x70, 0x0C, 0x38, 0x06,
  0x1C, 0x03, 0x0E, 0x01, 0x87, 0x00, 0xC3, 0x80, 0x61, 0xC0, 0x30, 0xE0,
  0x18, 0x70, 0x0C, 0x38, 0x06, 0x1C, 0x03, 0x06, 0x01, 0x03, 0x81, 0x80,
  0xE3, 0x80, 0x3F, 0x80, 0x00, 0xC0, 0x00, 0xF0, 0x00, 0xFC, 0x00, 0xC3,
  0x00, 0x00, 0x00, 0x00, 0x03, 0xF8, 0x7E, 0x70, 0x0C, 0x38, 0x06, 0x1C,
  0x03, 0x0E, 0x01, 0x87, 0x00, 0xC3, 0x80, 0x61, 0xC0, 0x30, 0xE0, 0x18,
  0x70, 0x0C, 0x38, 0x06, 0x1C, 0x03, 0x06, 0x01, 0x03, 0x81, 0x80, 0xE3,
  0x80, 0x3F, 0x80, 0x07, 0x38, 0x03, 0x9C, 0x00, 0x84, 0x00, 0x00, 0x00,
  0x00, 0x07, 0xF0, 0xFC, 0xE0, 0x18, 0x70, 0x0C, 0x38, 0x06, 0x1C, 0x03,
  0x0E, 0x01, 0x87, 0x00, 0xC3, 0x80, 0x61, 0xC0, 0x30, 0xE0, 0x18, 0x70,
  0x0C, 0x38, 0x06, 0x0C, 0x02, 0x07, 0x03, 0x01, 0xC7, 0x00, 0x7F, 0x00,
  0x00, 0x40, 0x01, 0xC0, 0x07, 0x00, 0x18, 0x00, 0x00, 0x00, 0x00, 0x3F,
  0x0F, 0xB8, 0x0C, 0x38, 0x18, 0x30, 0x60, 0x70, 0x80, 0x63, 0x00, 0x64,
  0x00, 0xF8, 0x00, 0xE0, 0x01, 0xC0, 0x03, 0x80, 0x07, 0x00, 0x0E, 0x00,
  0x1C, 0x00, 0x38, 0x01, 0xFC, 0x00, 0xFE, 0x01, 0xC0, 0x06, 0x00, 0x3F,
  0x81, 0x8F, 0x0C, 0x18, 0x60, 0xE3, 0x07, 0x18, 0x30, 0xC1, 0x86, 0x1C,
  0x3F, 0x81, 0x80, 0x0C, 0x00, 0xE0, 0x1F, 0xC0, 0x0F, 0xE0, 0x61, 0xC1,
  0x03, 0x0C, 0x0C, 0x30, 0x60, 0xC1, 0x8F, 0x0C, 0x3C, 0x60, 0x31, 0x80,
  0xC7, 0x03, 0x1E, 0x0C, 0x3E, 0x30, 0x3C, 0xC0, 0x33, 0x20, 0xCC, 0xC3,
  0x33, 0x8F, 0xCF, 0xE0, 0x30, 0x03, 0x80, 0x1C, 0x00, 0x60, 0x00, 0x00,
  0x00, 0x3F, 0x04, 0x38, 0xE1, 0x8E, 0x18, 0x01, 0x80, 0x78, 0x3F, 0x86,
  0x18, 0xE1, 0x8E, 0x18, 0xF7, 0xD7, 0xCE, 0x02, 0x00, 0x70, 0x0C, 0x01,
  0x80, 0x00, 0x00, 0x00, 0x3F, 0x04, 0x38, 0xE1, 0x8E, 0x18, 0x01, 0x80,
  0x78, 0x3F, 0x86, 0x18, 0xE1, 0x8E, 0x18, 0xF7, 0xD7, 0xCE, 0x0C, 0x01,
  0xE0, 0x36, 0x06, 0x10, 0x00, 0x00, 0x00, 0x3F, 0x04, 0x38, 0xE1, 0x8E,
  0x18, 0x01, 0x80, 0x78, 0x3F, 0x86, 0x18, 0xE1, 0x8E, 0x18, 0xF7, 0xD7,
  0xCE, 0x3D, 0x84, 0xF0, 0x00, 0x00, 0x00, 0x00, 0x03, 0xF0, 0x43, 0x8E,
  0x18, 0xE1, 0x80, 0x18, 0x07, 0x83, 0xF8, 0x61, 0x8E, 0x18, 0xE1, 0x8F,
  0x7D, 0x7C, 0xE0, 0x21, 0x07, 0x38, 0x73, 0x80, 0x00, 0x00, 0x00, 0x00,
  0x3F, 0x04, 0x38, 0xE1, 0x8E, 0x18, 0x01, 0x80, 0x78, 0x3F, 0x86, 0x18,
  0xE1, 0x8E, 0x18, 0xF7, 0xD7, 0xCE, 0x08, 0x01, 0xE0, 0x32, 0x03, 0x20,
  0x1E, 0x00, 0x00, 0x00, 0x03, 0xF0, 0x43, 0x8E, 0x18, 0xE1, 0x80, 0x18,
  0x07, 0x83, 0xF8, 0x61, 0x8E, 0x18, 0xE1, 0x8F, 0x7D, 0x7C, 0xE0, 0x3F,
  0x3E, 0x31, 0xF1, 0xB8, 0x70, 0xFC, 0x30, 0x30, 0x18, 0x18, 0x3F, 0xFD,
  0xFE, 0x00, 0xC3, 0x00, 0xE1, 0xC0, 0x70, 0xE0, 0x7D, 0xBD, 0xEF, 0x8F,
  0xC0, 0x1F, 0x8C, 0x76, 0x1F, 0x87, 0xE0, 0x30, 0x0C, 0x03, 0x80, 0xE0,
  0x1C, 0x17, 0xFC, 0xFE, 0x04, 0x03, 0x80, 0x30, 0x0C, 0x1E, 0x00, 0x18,
  0x07, 0x00, 0xE0, 0x0C, 0x00, 0x00, 0x01, 0xF0, 0xC6, 0x60, 0xF8, 0x3E,
  0x0F, 0xFF, 0xC0, 0x38, 0x0E, 0x01, 0xC1, 0x7D, 0xC7, 0xE0, 0x01, 0x00,
  0xE0, 0x60, 0x30, 0x00, 0x00, 0x01, 0xF0, 0xC6, 0x60, 0xF8, 0x3E, 0x0F,
  0xFF, 0xC0, 0x38, 0x0E, 0x01, 0xC1, 0x7D, 0xC7, 0xE0, 0x06, 0x03, 0xC1,
  0xB0, 0xC2, 0x00, 0x00, 0x01, 0xF0, 0xC6, 0x60, 0xF8, 0x3E, 0x0F, 0xFF,
  0xC0, 0x38, 0x0E, 0x01, 0xC1, 0x7D, 0xC7, 0xE0, 0x10, 0x8E, 0x73, 0x9C,
  0x00, 0x00, 0x00, 0x01, 0xF0, 0xC6, 0x60, 0xF8, 0x3E, 0x0F, 0xFF, 0xC0,
  0x38, 0x0E, 0x01, 0xC1, 0x7D, 0xC7, 0xE0, 0xC1, 0xC1, 0xC0, 0xC0, 0x00,
  0x1E, 0x1C, 0x18, 0x30, 0x60, 0xC1, 0x83, 0x06, 0x0C, 0x1C, 0xFC, 0x10,
  0xE6, 0x30, 0x00, 0x0F, 0x1C, 0x30, 0xC3, 0x0C, 0x30, 0xC3, 0x0C, 0x3B,
  0xF0, 0x18, 0x3C, 0x6C, 0xC2, 0x00, 0x00, 0x3C, 0x1C, 0x0C, 0x0C, 0x0C,
  0x0C, 0x0C, 0x0C, 0x0C, 0x0C, 0x0E, 0x3F, 0x42, 0xE7, 0xE7, 0x00, 0x00,
  0x00, 0x78, 0x38, 0x18, 0x18, 0x18, 0x18, 0x18, 0x18, 0x18, 0x18, 0x1C,
  0x7E, 0x00, 0x47, 0x98, 0x1E, 0x01, 0xC0, 0x7C, 0x11, 0x80, 0x38, 0x33,
  0x3F, 0x6E, 0x1D, 0x81, 0xF0, 0x3E, 0x07, 0xC0, 0xF8, 0x1F, 0x03, 0x60,
  0xCE, 0x38, 0xFC, 0x00, 0x0F, 0x60, 0x4F, 0x00, 0x00, 0x00, 0x00, 0x00,
  0x03, 0xCF, 0x87, 0xEF, 0x0E, 0x1C, 0x30, 0x30, 0xC0, 0xC3, 0x03, 0x0C,
  0x0C, 0x30, 0x30, 0xC0, 0xC3, 0x03, 0x0E, 0x0C, 0xFC, 0xFC, 0x18, 0x01,
  0xC0, 0x0E, 0x00, 0x30, 0x00, 0x00, 0x00, 0x1F, 0x83, 0x1C, 0x60, 0xEE,
  0x06, 0xE0, 0x7C, 0x07, 0xC0, 0x7E, 0x07, 0xE0, 0x66, 0x06, 0x78, 0xC1,
  0xF8, 0x01, 0x00, 0x38, 0x06, 0x00, 0xC0, 0x00, 0x00, 0x00, 0x1F, 0x83,
  0x1C, 0x60, 0xEE, 0x06, 0xE0, 0x7C, 0x07, 0xC0, 0x7E, 0x07, 0xE0, 0x66,
  0x06, 0x78, 0xC1, 0xF8, 0x06, 0x00, 0xF0, 0x1B, 0x03, 0x08, 0x00, 0x00,
  0x00, 0x1F, 0x83, 0x1C, 0x60, 0xEE, 0x06, 0xE0, 0x7C, 0x07, 0xC0, 0x7E,
  0x07, 0xE0, 0x66, 0x06, 0x78, 0xC1, 0xF8, 0x1E, 0xC2, 0x78, 0x00, 0x00,
  0x00, 0x00, 0x01, 0xF8, 0x31, 0xC6, 0x0E, 0xE0, 0x6E, 0x07, 0xC0, 0x7C,
  0x07, 0xE0, 0x7E, 0x06, 0x60, 0x67, 0x8C, 0x1F, 0x80, 0x10, 0x83, 0x9C,
  0x39, 0xC0, 0x00, 0x00, 0x00, 0x00, 0x1F, 0x83, 0x1C, 0x60, 0xEE, 0x06,
  0xE0, 0x7C, 0x07, 0xC0, 0x7E, 0x07, 0xE0, 0x66, 0x06, 0x78, 0xC1, 0xF8,
  0x1C, 0x07, 0x00, 0xC0, 0x00, 0xFF, 0xFF, 0xF0, 0x00, 0x30, 0x1C, 0x03,
  0x00, 0x0F, 0xD8, 0xC7, 0x8C, 0x1C, 0xE1, 0xE7, 0x1B, 0xB1, 0x9D, 0x98,
  0xEF, 0x87, 0x78, 0x31, 0x81, 0x9F, 0x19, 0x9F, 0x80, 0x18, 0x00, 0xE0,
  0x03, 0x80, 0x06, 0x00, 0x00, 0x00, 0x03, 0xC7, 0x8E, 0x1C, 0x70, 0x63,
  0x83, 0x1C, 0x18, 0xE0, 0xC7, 0x06, 0x38, 0x31, 0xC1, 0x86, 0x1C, 0x3B,
  0xF0, 0xFB, 0xC0, 0x01, 0x00, 0x1C, 0x01, 0x80, 0x18, 0x00, 0x00, 0x00,
  0x03, 0xC7, 0x8E, 0x1C, 0x70, 0x63, 0x83, 0x1C, 0x18, 0xE0, 0xC7, 0x06,
  0x38, 0x31, 0xC1, 0x86, 0x1C, 0x3B, 0xF0, 0xFB, 0xC0, 0x06, 0x00, 0x78,
  0x06, 0xC0, 0x61, 0x00, 0x00, 0x00, 0x03, 0xC7, 0x8E, 0x1C, 0x70, 0x63,
  0x83, 0x1C, 0x18, 0xE0, 0xC7, 0x06, 0x38, 0x31, 0xC1, 0x86, 0x1C, 0x3B,
  0xF0, 0xFB, 0xC0, 0x10, 0x81, 0xCE, 0x0E, 0x70, 0x00, 0x00, 0x00, 0x00,
  0x03, 0xC7, 0x8E, 0x1C, 0x70, 0x63, 0x83, 0x1C, 0x18, 0xE0, 0xC7, 0x06,
  0x38, 0x31, 0xC1, 0x86, 0x1C, 0x3B, 0xF0, 0xFB, 0xC0, 0x00, 0x80, 0x0E,
  0x00, 0xC0, 0x0C, 0x00, 0x00, 0x00, 0x03, 0xF3, 0xEF, 0x06, 0x38, 0x30,
  0xC1, 0x06, 0x18, 0x38, 0x80, 0xCC, 0x07, 0x40, 0x1A, 0x00, 0xF0, 0x03,
  0x00, 0x18, 0x00, 0x80, 0x0C, 0x06, 0x40, 0x76, 0x01, 0xE0, 0x00, 0xF0,
  0x03, 0x80, 0x0C, 0x00, 0x60, 0x03, 0x00, 0x18, 0x00, 0xCF, 0x86, 0xDE,
  0x38, 0x31, 0xC1, 0xCC, 0x06, 0x60, 0x33, 0x01, 0x98, 0x0C, 0xC0, 0xE6,
  0x06, 0x3C, 0x71, 0xFF, 0x0C, 0x00, 0x60, 0x03, 0x00, 0x1C, 0x03, 0xF8,
  0x00, 0x04, 0x20, 0x73, 0x83, 0x9C, 0x00, 0x00, 0x00, 0x00, 0x03, 0xF3,
  0xEF, 0x06, 0x38, 0x30, 0xC1, 0x06, 0x18, 0x38, 0x80, 0xCC, 0x07, 0x40,
  0x1A, 0x00, 0xF0, 0x03, 0x00, 0x18, 0x00, 0x80, 0x0C, 0x06, 0x40, 0x76,
  0x01, 0xE0, 0x00 };

const GFXglyph Literata_Regular12pt8bGlyphs[] PROGMEM = {
  {     0,   1,   1,   5,    0,    0 },   // 0x20 ' '
  {     1,   3,  17,   8,    2,  -16 },   // 0x21 '!'
  {     8,   5,   5,   9,    2,  -17 },   // 0x22 '"'
  {    12,  14,  13,  16,    1,  -12 },   // 0x23 '#'
  {    35,  12,  21,  13,    1,  -18 },   // 0x24 '$'
  {    67,  18,  14,  20,    1,  -13 },   // 0x25 '%'
  {    99,  17,  17,  19,    1,  -16 },   // 0x26 '&'
  {   136,   2,   5,   6,    2,  -17 },   // 0x27 '''
  {   138,   5,  24,   8,    2,  -18 },   // 0x28 '('
  {   153,   5,  24,   8,    1,  -18 },   // 0x29 ')'
  {   168,   8,   8,  11,    1,  -17 },   // 0x2A '*'
  {   176,  10,  10,  14,    2,  -11 },   // 0x2B '+'
  {   189,   4,   7,   8,    2,   -2 },   // 0x2C ','
  {   193,   6,   2,   8,    1,   -7 },   // 0x2D '-'
  {   195,   4,   3,   8,    2,   -2 },   // 0x2E '.'
  {   197,  10,  22,  10,    0,  -18 },   // 0x2F '/'
  {   225,  12,  17,  14,    1,  -16 },   // 0x30 '0'
  {   251,   8,  17,  10,    1,  -16 },   // 0x31 '1'
  {   268,  10,  17,  12,    1,  -16 },   // 0x32 '2'
  {   290,  10,  17,  13,    1,  -16 },   // 0x33 '3'
  {   312,  12,  17,  13,    0,  -16 },   // 0x34 '4'
  {   338,  11,  16,  12,    0,  -15 },   // 0x35 '5'
  {   360,  11,  17,  13,    1,  -16 },   // 0x36 '6'
  {   384,  12,  16,  12,    0,  -15 },   // 0x37 '7'
  {   408,  11,  17,  13,    1,  -16 },   // 0x38 '8'
  {   432,  11,  17,  12,    1,  -16 },   // 0x39 '9'
  {   456,   4,  12,   8,    2,  -11 },   // 0x3A ':'
  {   462,   4,  16,   8,    2,  -11 },   // 0x3B ';'
  {   470,   9,  12,  14,    2,  -12 },   // 0x3C '<'
  {   484,  10,   6,  14,    2,   -9 },   // 0x3D '='
  {   492,  10,  12,  14,    2,  -12 },   // 0x3E '>'
  {   507,   9,  17,  13,    2,  -16 },   // 0x3F '?'
  {   527,  18,  17,  20,    1,  -12 },   // 0x40 '@'
  {   566,  17,  16,  17,    0,  -15 },   // 0x41 'A'
  {   600,  13,  16,  16,    1,  -15 },   // 0x42 'B'
  {   626,  14,  17,  16,    1,  -16 },   // 0x43 'C'
  {   656,  16,  16,  18,    1,  -15 },   // 0x44 'D'
  {   688,  13,  16,  15,    1,  -15 },   // 0x45 'E'
  {   714,  12,  16,  14,    1,  -15 },   // 0x46 'F'
  {   738,  16,  17,  18,    1,  -16 },   // 0x47 'G'
  {   772,  17,  16,  20,    1,  -15 },   // 0x48 'H'
  {   806,   7,  16,  10,    1,  -15 },   // 0x49 'I'
  {   820,  11,  16,  13,    1,  -15 },   // 0x4A 'J'
  {   842,  16,  16,  18,    1,  -15 },   // 0x4B 'K'
  {   874,  13,  16,  15,    1,  -15 },   // 0x4C 'L'
  {   900,  20,  16,  24,    2,  -15 },   // 0x4D 'M'
  {   940,  17,  16,  20,    1,  -15 },   // 0x4E 'N'
  {   974,  16,  17,  18,    1,  -16 },   // 0x4F 'O'
  {  1008,  13,  16,  14,    1,  -15 },   // 0x50 'P'
  {  1034,  20,  21,  18,    1,  -16 },   // 0x51 'Q'
  {  1087,  15,  16,  17,    1,  -15 },   // 0x52 'R'
  {  1117,  12,  17,  14,    1,  -16 },   // 0x53 'S'
  {  1143,  15,  16,  17,    1,  -15 },   // 0x54 'T'
  {  1173,  17,  16,  19,    1,  -15 },   // 0x55 'U'
  {  1207,  16,  16,  17,    1,  -15 },   // 0x56 'V'
  {  1239,  24,  16,  26,    1,  -15 },   // 0x57 'W'
  {  1287,  16,  16,  17,    0,  -15 },   // 0x58 'X'
  {  1319,  15,  16,  17,    1,  -15 },   // 0x59 'Y'
  {  1349,  13,  16,  15,    1,  -15 },   // 0x5A 'Z'
  {  1375,   5,  24,   8,    2,  -18 },   // 0x5B '['
  {  1390,  10,  22,  10,    0,  -18 },   // 0x5C '\'
  {  1418,   4,  24,   8,    1,  -18 },   // 0x5D ']'
  {  1430,  12,   9,  14,    1,  -16 },   // 0x5E '^'
  {  1444,  11,   1,  11,    0,    2 },   // 0x5F '_'
  {  1446,   5,   4,  12,    3,  -17 },   // 0x60 '`'
  {  1449,  12,  12,  13,    1,  -11 },   // 0x61 'a'
  {  1467,  13,  18,  14,    0,  -17 },   // 0x62 'b'
  {  1497,  10,  12,  12,    1,  -11 },   // 0x63 'c'
  {  1512,  13,  18,  14,    1,  -17 },   // 0x64 'd'
  {  1542,  10,  12,  12,    1,  -11 },   // 0x65 'e'
  {  1557,  10,  18,   9,    1,  -17 },   // 0x66 'f'
  {  1580,  12,  19,  13,    1,  -13 },   // 0x67 'g'
  {  1609,  14,  18,  16,    1,  -17 },   // 0x68 'h'
  {  1641,   6,  18,   8,    1,  -17 },   // 0x69 'i'
  {  1655,   4,  23,   7,    1,  -17 },   // 0x6A 'j'
  {  1667,  14,  18,  14,    1,  -17 },   // 0x6B 'k'
  {  1699,   6,  18,   8,    1,  -17 },   // 0x6C 'l'
  {  1713,  21,  12,  23,    1,  -11 },   // 0x6D 'm'
  {  1745,  14,  12,  16,    1,  -11 },   // 0x6E 'n'
  {  1766,  12,  12,  14,    1,  -11 },   // 0x6F 'o'
  {  1784,  12,  17,  15,    1,  -11 },   // 0x70 'p'
  {  1810,  13,  17,  14,    1,  -11 },   // 0x71 'q'
  {  1838,  10,  12,  11,    1,  -11 },   // 0x72 'r'
  {  1853,   9,  12,  11,    1,  -11 },   // 0x73 's'
  {  1867,   8,  16,  10,    1,  -15 },   // 0x74 't'
  {  1883,  13,  12,  15,    1,  -11 },   // 0x75 'u'
  {  1903,  14,  12,  14,    0,  -11 },   // 0x76 'v'
  {  1924,  20,  12,  20,    0,  -11 },   // 0x77 'w'
  {  1954,  13,  12,  13,    0,  -11 },   // 0x78 'x'
  {  1974,  13,  17,  14,    0,  -11 },   // 0x79 'y'
  {  2002,  10,  12,  11,    1,  -11 },   // 0x7A 'z'
  {  2017,   7,  24,   9,    1,  -18 },   // 0x7B '{'
  {  2038,   2,  22,  10,    4,  -18 },   // 0x7C '|'
  {  2044,   6,  24,   9,    1,  -18 },   // 0x7D '}'
  {  2062,  10,   2,  14,    2,   -7 },   // 0x7E '~'
  {  2065,  10,  16,  12,    1,  -15 },   // 0x7F
  {  2085,  10,  16,  12,    1,  -15 },   // 0x80
  {  2105,  10,  16,  12,    1,  -15 },   // 0x81
  {  2125,  10,  16,  12,    1,  -15 },   // 0x82
  {  2145,  10,  16,  12,    1,  -15 },   // 0x83
  {  2165,  10,  16,  12,    1,  -15 },   // 0x84
  {  2185,  10,  16,  12,    1,  -15 },   // 0x85
  {  2205,  10,  16,  12,    1,  -15 },   // 0x86
  {  2225,  10,  16,  12,    1,  -15 },   // 0x87
  {  2245,  10,  16,  12,    1,  -15 },   // 0x88
  {  2265,  10,  16,  12,    1,  -15 },   // 0x89
  {  2285,  10,  16,  12,    1,  -15 },   // 0x8A
  {  2305,  10,  16,  12,    1,  -15 },   // 0x8B
  {  2325,  10,  16,  12,    1,  -15 },   // 0x8C
  {  2345,  10,  16,  12,    1,  -15 },   // 0x8D
  {  2365,  10,  16,  12,    1,  -15 },   // 0x8E
  {  2385,  10,  16,  12,    1,  -15 },   // 0x8F
  {  2405,  10,  16,  12,    1,  -15 },   // 0x90
  {  2425,  10,  16,  12,    1,  -15 },   // 0x91
  {  2445,  10,  16,  12,    1,  -15 },   // 0x92
  {  2465,  10,  16,  12,    1,  -15 },   // 0x93
  {  2485,  10,  16,  12,    1,  -15 },   // 0x94
  {  2505,  10,  16,  12,    1,  -15 },   // 0x95
  {  2525,  10,  16,  12,    1,  -15 },   // 0x96
  {  2545,  10,  16,  12,    1,  -15 },   // 0x97
  {  2565,  10,  16,  12,    1,  -15 },   // 0x98
  {  2585,  10,  16,  12,    1,  -15 },   // 0x99
  {  2605,  10,  16,  12,    1,  -15 },   // 0x9A
  {  2625,  10,  16,  12,    1,  -15 },   // 0x9B
  {  2645,  10,  16,  12,    1,  -15 },   // 0x9C
  {  2665,  10,  16,  12,    1,  -15 },   // 0x9D
  {  2685,  10,  16,  12,    1,  -15 },   // 0x9E
  {  2705,  10,  16,  12,    1,  -15 },   // 0x9F
  {  2725,   1,   1,   5,    0,    0 },   // 0xA0
  {  2726,   3,  17,   8,    2,  -11 },   // 0xA1
  {  2733,  10,  16,  12,    1,  -14 },   // 0xA2
  {  2753,  11,  17,  13,    1,  -16 },   // 0xA3
  {  2777,  10,  11,  13,    1,  -12 },   // 0xA4
  {  2791,  16,  16,  16,    1,  -15 },   // 0xA5
  {  2823,   2,  22,  10,    4,  -18 },   // 0xA6
  {  2829,  11,  21,  15,    2,  -16 },   // 0xA7
  {  2858,   8,   3,  12,    2,  -17 },   // 0xA8
  {  2861,  16,  15,  19,    1,  -14 },   // 0xA9
  {  2891,   9,   9,  10,    1,  -16 },   // 0xAA
  {  2902,  10,  10,  12,    1,  -10 },   // 0xAB
  {  2915,  10,   5,  14,    2,   -8 },   // 0xAC
  {  2922,   1,   1,   0,    0,    0 },   // 0xAD
  {  2923,   9,   9,  11,    1,  -17 },   // 0xAE
  {  2934,   6,   2,  12,    3,  -16 },   // 0xAF
  {  2936,   6,   5,   8,    1,  -17 },   // 0xB0
  {  2940,  10,  12,  14,    2,  -11 },   // 0xB1
  {  2955,   8,  11,   9,    1,  -19 },   // 0xB2
  {  2966,   8,  12,  10,    1,  -19 },   // 0xB3
  {  2978,   5,   4,  12,    4,  -17 },   // 0xB4
  {  2981,  12,  17,  14,    2,  -11 },   // 0xB5
  {  3007,  11,  19,  14,    2,  -15 },   // 0xB6
  {  3034,   4,   3,   8,    2,   -8 },   // 0xB7
  {  3036,   5,   5,  12,    3,    1 },   // 0xB8
  {  3040,   6,  11,   8,    1,  -19 },   // 0xB9
  {  3049,   8,   9,  10,    1,  -16 },   // 0xBA
  {  3058,   9,  10,  12,    1,  -10 },   // 0xBB
  {  3070,  20,  17,  21,    1,  -16 },   // 0xBC
  {  3113,  21,  17,  22,    1,  -16 },   // 0xBD
  {  3158,  21,  17,  22,    1,  -16 },   // 0xBE
  {  3203,   9,  17,  13,    2,  -11 },   // 0xBF
  {  3223,  17,  22,  17,    0,  -21 },   // 0xC0
  {  3270,  17,  22,  17,    0,  -21 },   // 0xC1
  {  3317,  17,  22,  17,    0,  -21 },   // 0xC2
  {  3364,  17,  21,  17,    0,  -20 },   // 0xC3
  {  3409,  17,  21,  17,    0,  -20 },   // 0xC4
  {  3454,  17,  22,  17,    0,  -21 },   // 0xC5
  {  3501,  22,  16,  23,    0,  -15 },   // 0xC6
  {  3545,  14,  22,  16,    1,  -16 },   // 0xC7
  {  3584,  13,  22,  15,    1,  -21 },   // 0xC8
  {  3620,  13,  22,  15,    1,  -21 },   // 0xC9
  {  3656,  13,  22,  15,    1,  -21 },   // 0xCA
  {  3692,  13,  21,  15,    1,  -20 },   // 0xCB
  {  3727,   7,  22,  10,    1,  -21 },   // 0xCC
  {  3747,   7,  22,  10,    1,  -21 },   // 0xCD
  {  3767,   8,  22,  10,    1,  -21 },   // 0xCE
  {  3789,   8,  21,  10,    1,  -20 },   // 0xCF
  {  3810,  16,  16,  18,    1,  -15 },   // 0xD0
  {  3842,  17,  21,  20,    1,  -20 },   // 0xD1
  {  3887,  16,  22,  18,    1,  -21 },   // 0xD2
  {  3931,  16,  22,  18,    1,  -21 },   // 0xD3
  {  3975,  16,  22,  18,    1,  -21 },   // 0xD4
  {  4019,  16,  21,  18,    1,  -20 },   // 0xD5
  {  4061,  16,  21,  18,    1,  -20 },   // 0xD6
  {  4103,   8,   9,  14,    3,  -11 },   // 0xD7
  {  4112,  16,  17,  18,    1,  -16 },   // 0xD8
  {  4146,  17,  22,  19,    1,  -21 },   // 0xD9
  {  4193,  17,  22,  19,    1,  -21 },   // 0xDA
  {  4240,  17,  22,  19,    1,  -21 },   // 0xDB
  {  4287,  17,  21,  19,    1,  -20 },   // 0xDC
  {  4332,  15,  22,  17,    1,  -21 },   // 0xDD
  {  4374,  13,  16,  14,    1,  -15 },   // 0xDE
  {  4400,  14,  18,  16,    1,  -17 },   // 0xDF
  {  4432,  12,  18,  13,    1,  -17 },   // 0xE0
  {  4459,  12,  18,  13,    1,  -17 },   // 0xE1
  {  4486,  12,  18,  13,    1,  -17 },   // 0xE2
  {  4513,  12,  17,  13,    1,  -16 },   // 0xE3
  {  4539,  12,  18,  13,    1,  -17 },   // 0xE4
  {  4566,  12,  19,  13,    1,  -18 },   // 0xE5
  {  4595,  17,  12,  19,    1,  -11 },   // 0xE6
  {  4621,  10,  17,  12,    1,  -11 },   // 0xE7
  {  4643,  10,  18,  12,    1,  -17 },   // 0xE8
  {  4666,  10,  18,  12,    1,  -17 },   // 0xE9
  {  4689,  10,  18,  12,    1,  -17 },   // 0xEA
  {  4712,  10,  18,  12,    1,  -17 },   // 0xEB
  {  4735,   7,  18,   8,    0,  -17 },   // 0xEC
  {  4751,   6,  18,   8,    1,  -17 },   // 0xED
  {  4765,   8,  18,   8,   -1,  -17 },   // 0xEE
  {  4783,   8,  18,   8,    0,  -17 },   // 0xEF
  {  4801,  11,  19,  14,    1,  -18 },   // 0xF0
  {  4828,  14,  17,  16,    1,  -16 },   // 0xF1
  {  4858,  12,  18,  14,    1,  -17 },   // 0xF2
  {  4885,  12,  18,  14,    1,  -17 },   // 0xF3
  {  4912,  12,  18,  14,    1,  -17 },   // 0xF4
  {  4939,  12,  17,  14,    1,  -16 },   // 0xF5
  {  4965,  12,  18,  14,    1,  -17 },   // 0xF6
  {  4992,  10,  10,  14,    2,  -11 },   // 0xF7
  {  5005,  13,  12,  14,    0,  -11 },   // 0xF8
  {  5025,  13,  18,  15,    1,  -17 },   // 0xF9
  {  5055,  13,  18,  15,    1,  -17 },   // 0xFA
  {  5085,  13,  18,  15,    1,  -17 },   // 0xFB
  {  5115,  13,  18,  15,    1,  -17 },   // 0xFC
  {  5145,  13,  23,  14,    0,  -17 },   // 0xFD
  {  5183,  13,  23,  14,    0,  -17 },   // 0xFE
  {  5221,  13,  23,  14,    0,  -17 } }; // 0xFF

const GFXfont Literata_Regular12pt8b PROGMEM = {
  (uint8_t  *)Literata_Regular12pt8bBitmaps,
  (GFXglyph *)Literata_Regular12pt8bGlyphs,
  0x20, 0xFF, 35 };

// Approx. 6834 bytes

const uint8_t Literata_Regular13pt8bBitmaps[] PROGMEM = {
  0x00, 0x7F, 0xF7, 0x66, 0x66, 0x66, 0x66, 0x60, 0x07, 0xF7, 0xCF, 0x3C,
  0xF3, 0xCA, 0x20, 0x04, 0x10, 0x08, 0x20, 0x10, 0x43, 0xFF, 0xF7, 0xFF,
  0xE1, 0x06, 0x02, 0x08, 0x04, 0x10, 0x08, 0x21, 0xFF, 0xF8, 0x61, 0x80,
  0xC3, 0x01, 0x04, 0x02, 0x08, 0x00, 0x02, 0x00, 0x10, 0x07, 0xEC, 0x75,
  0xE7, 0x27, 0x31, 0x19, 0x88, 0xCE, 0x40, 0x7A, 0x01, 0xF0, 0x07, 0xF0,
  0x0F, 0xC0, 0x3F, 0x01, 0x38, 0x08, 0xF8, 0x47, 0xE2, 0x37, 0x91, 0x9E,
  0xB8, 0xBF, 0x80, 0x20, 0x01, 0x00, 0x3E, 0x06, 0x0C, 0xE1, 0x83, 0x0C,
  0x30, 0x61, 0x8C, 0x0C, 0x31, 0x81, 0xC6, 0x60, 0x1D, 0x98, 0x01, 0xE3,
  0x1C, 0x00, 0xCF, 0xE0, 0x19, 0x8C, 0x06, 0x31, 0x81, 0x8C, 0x30, 0x30,
  0xC6, 0x0C, 0x18, 0xC3, 0x81, 0xF0, 0x0F, 0x80, 0x03, 0x98, 0x00, 0x61,
  0x80, 0x18, 0x30, 0x03, 0x86, 0x00, 0x70, 0x80, 0x07, 0x30, 0xF0, 0x78,
  0x36, 0x0F, 0x04, 0xC7, 0x71, 0x81, 0xC7, 0x20, 0x30, 0x74, 0x0E, 0x07,
  0x81, 0xC0, 0xF0, 0x38, 0x0F, 0x03, 0x81, 0xFB, 0x78, 0x67, 0xC3, 0xF8,
  0x70, 0xFF, 0xE0, 0x0C, 0x21, 0x8C, 0x31, 0xC6, 0x18, 0xE3, 0x8C, 0x30,
  0xC3, 0x0C, 0x30, 0xE3, 0x86, 0x18, 0x60, 0xC3, 0x06, 0x18, 0x30, 0x83,
  0x04, 0x18, 0x70, 0xC3, 0x0E, 0x18, 0x61, 0x86, 0x1C, 0x71, 0xC6, 0x18,
  0x61, 0x8C, 0x30, 0xC6, 0x18, 0xC2, 0x00, 0x0C, 0x06, 0x12, 0x7F, 0x71,
  0xC1, 0xF3, 0xAE, 0x93, 0x0C, 0x04, 0x00, 0x0C, 0x01, 0x80, 0x30, 0x06,
  0x0F, 0xFF, 0xFF, 0xC3, 0x00, 0x60, 0x0C, 0x01, 0x80, 0x30, 0x00, 0x7F,
  0x73, 0x36, 0xC0, 0xFF, 0xFC, 0x7F, 0x70, 0x01, 0x80, 0xC0, 0x40, 0x60,
  0x30, 0x10, 0x18, 0x0C, 0x04, 0x06, 0x03, 0x01, 0x01, 0x80, 0x80, 0xC0,
  0x60, 0x20, 0x30, 0x18, 0x08, 0x0C, 0x06, 0x02, 0x00, 0x0F, 0x81, 0xEF,
  0x1C, 0x18, 0xC0, 0xE6, 0x03, 0x70, 0x1F, 0x80, 0xFC, 0x07, 0xC0, 0x3E,
  0x01, 0xF8, 0x0F, 0xC0, 0x7E, 0x03, 0x70, 0x19, 0x81, 0xCE, 0x0C, 0x39,
  0xC0, 0xFC, 0x00, 0x3C, 0x7E, 0x07, 0x03, 0x81, 0xC0, 0xE0, 0x70, 0x38,
  0x1C, 0x0E, 0x07, 0x03, 0x81, 0xC0, 0xE0, 0x70, 0x38, 0x3E, 0x7F, 0xC0,
  0x3F, 0x0F, 0xF3, 0x07, 0x70, 0x6E, 0x0E, 0x01, 0xC0, 0x30, 0x0E, 0x01,
  0x80, 0x70, 0x1C, 0x07, 0x01, 0xC0, 0x70, 0xDC, 0x1B, 0x07, 0xFF, 0xFF,
  0xFC, 0x1F, 0x8F, 0xF9, 0x83, 0x70, 0x76, 0x0E, 0x01, 0xC0, 0x30, 0x1C,
  0x0E, 0x01, 0xF8, 0x03, 0x80, 0x70, 0x06, 0x00, 0xE0, 0x3E, 0x07, 0x7F,
  0xC7, 0xF0, 0x00, 0xE0, 0x07, 0x80, 0x1E, 0x00, 0xF8, 0x06, 0xE0, 0x1B,
  0x80, 0xCE, 0x06, 0x38, 0x18, 0xE0, 0xC3, 0x86, 0x0E, 0x18, 0x38, 0xFF,
  0xFF, 0xFF, 0xF0, 0x0E, 0x00, 0x38, 0x01, 0xF0, 0x1F, 0xE0, 0x1F, 0xE3,
  0xFE, 0x3F, 0xE3, 0x00, 0x30, 0x03, 0x00, 0x30, 0x02, 0xFC, 0x3F, 0xE2,
  0x0F, 0x00, 0x70, 0x07, 0x00, 0x70, 0x07, 0x40, 0x7E, 0x0E, 0x7F, 0xE1,
  0xF8, 0x0F, 0xC1, 0xEF, 0x38, 0x77, 0x07, 0x60, 0x06, 0x00, 0xE2, 0x0F,
  0xFC, 0xD9, 0xEE, 0x06, 0xE0, 0x7C, 0x07, 0xC0, 0x7E, 0x07, 0xE0, 0x66,
  0x06, 0x70, 0xC1, 0xF8, 0x7F, 0xF3, 0xFF, 0xDC, 0x0C, 0x80, 0xCC, 0x06,
  0x00, 0x60, 0x07, 0x00, 0x30, 0x03, 0x80, 0x18, 0x01, 0xC0, 0x0E, 0x00,
  0x60, 0x03, 0x00, 0x38, 0x01, 0xC0, 0x0E, 0x00, 0x70, 0x00, 0x1F, 0x83,
  0x1E, 0x60, 0x6E, 0x06, 0xE0, 0x66, 0x06, 0x78, 0xC3, 0xF8, 0x1F, 0x83,
  0xFE, 0x60, 0xEE, 0x07, 0xC0, 0x7C, 0x03, 0xC0, 0x7E, 0x07, 0x70, 0xE3,
  0xF8, 0x1F, 0x8E, 0x3B, 0x83, 0x60, 0x3C, 0x07, 0x80, 0xF0, 0x1E, 0x03,
  0xE0, 0xFE, 0x3D, 0xFD, 0x8E, 0x30, 0x0E, 0x01, 0xC0, 0x34, 0x0E, 0xFF,
  0x8F, 0xE0, 0x7F, 0xF2, 0x00, 0x00, 0x00, 0x7F, 0x70, 0xFF, 0xF2, 0x00,
  0x00, 0x00, 0x7F, 0x73, 0x36, 0xC0, 0x00, 0x40, 0x30, 0x38, 0x38, 0x1C,
  0x1C, 0x0C, 0x03, 0x80, 0x38, 0x07, 0x00, 0x70, 0x07, 0x00, 0xC0, 0xFF,
  0xFF, 0xFC, 0x00, 0x00, 0x00, 0x01, 0xFF, 0xC0, 0x80, 0x30, 0x07, 0x00,
  0x60, 0x0E, 0x00, 0xE0, 0x0C, 0x07, 0x07, 0x07, 0x03, 0x83, 0x80, 0x80,
  0x00, 0x3F, 0x38, 0xEC, 0x1B, 0x87, 0xC1, 0xC0, 0xE0, 0x38, 0x1C, 0x0E,
  0x07, 0x01, 0x80, 0x60, 0x18, 0x00, 0x00, 0x00, 0x70, 0x3C, 0x07, 0x00,
  0x03, 0xFE, 0x01, 0xC0, 0x70, 0x60, 0x07, 0x18, 0x00, 0x66, 0x0F, 0x46,
  0xC7, 0x18, 0xD0, 0xC3, 0x0E, 0x30, 0x61, 0xC6, 0x1C, 0x38, 0xC3, 0x87,
  0x18, 0x71, 0xA3, 0x16, 0x34, 0x76, 0xCC, 0xC7, 0x9F, 0x0C, 0x00, 0x01,
  0x80, 0x10, 0x1C, 0x07, 0x00, 0xFF, 0x80, 0x07, 0x80, 0x00, 0x00, 0xE0,
  0x00, 0x38, 0x00, 0x1F, 0x00, 0x07, 0xC0, 0x01, 0x30, 0x00, 0xCE, 0x00,
  0x33, 0x80, 0x08, 0x60, 0x06, 0x1C, 0x01, 0x03, 0x00, 0xC0, 0xC0, 0x3F,
  0xF8, 0x08, 0x06, 0x06, 0x01, 0xC1, 0x80, 0x70, 0x40, 0x0C, 0x38, 0x07,
  0xBF, 0x83, 0xF0, 0xFF, 0x83, 0xFF, 0x83, 0x07, 0x0C, 0x0E, 0x30, 0x38,
  0xC0, 0xC3, 0x07, 0x0C, 0x38, 0x3F, 0x80, 0xE7, 0xC3, 0x03, 0x8C, 0x06,
  0x30, 0x1C, 0xC0, 0x73, 0x01, 0x8C, 0x0E, 0x79, 0xF3, 0xFF, 0x00, 0x07,
  0xE4, 0x3E, 0xF8, 0xE0, 0x39, 0x80, 0x37, 0x00, 0x6C, 0x00, 0x78, 0x00,
  0x70, 0x00, 0xE0, 0x01, 0xC0, 0x03, 0x80, 0x07, 0x00, 0x07, 0x00, 0x0E,
  0x00, 0x0E, 0x00, 0x9E, 0x03, 0x1F, 0x3C, 0x0F, 0xE0, 0xFF, 0xC0, 0xFF,
  0xF8, 0x30, 0x1C, 0x30, 0x0E, 0x30, 0x06, 0x30, 0x07, 0x30, 0x07, 0x30,
  0x07, 0x30, 0x07, 0x30, 0x07, 0x30, 0x07, 0x30, 0x07, 0x30, 0x07, 0x30,
  0x06, 0x30, 0x0C, 0x30, 0x1C, 0x79, 0xF0, 0xFF, 0xC0, 0xFF, 0xE7, 0xFF,
  0x8C, 0x0C, 0x60, 0x63, 0x01, 0x18, 0x00, 0xC1, 0x06, 0x08, 0x3F, 0xC1,
  0xFE, 0x0C, 0x10, 0x60, 0x83, 0x00, 0x18, 0x0C, 0xC0, 0x66, 0x03, 0x70,
  0x77, 0xFF, 0x80, 0xFF, 0xF7, 0xFF, 0x8C, 0x0C, 0x60, 0x63, 0x01, 0x98,
  0x00, 0xC1, 0x06, 0x08, 0x30, 0xC1, 0xFE, 0x0C, 0x30, 0x60, 0x83, 0x04,
  0x18, 0x00, 0xC0, 0x06, 0x00, 0x78, 0x07, 0xF0, 0x00, 0x07, 0xE4, 0x0F,
  0xBF, 0x0E, 0x03, 0x86, 0x00, 0xC7, 0x00, 0x63, 0x00, 0x11, 0x80, 0x01,
  0xC0, 0x00, 0xE0, 0x00, 0x70, 0x1F, 0xF8, 0x0F, 0xFC, 0x00, 0xC6, 0x00,
  0x63, 0x80, 0x30, 0xC0, 0x18, 0x70, 0x1C, 0x1E, 0x3E, 0x03, 0xF9, 0x00,
  0xFE, 0x1F, 0xFF, 0x07, 0xE3, 0x00, 0x70, 0xC0, 0x1C, 0x30, 0x07, 0x0C,
  0x01, 0xC3, 0x00, 0x70, 0xC0, 0x1C, 0x3F, 0xFF, 0x0F, 0xFF, 0xC3, 0x00,
  0x70, 0xC0, 0x1C, 0x30, 0x07, 0x0C, 0x01, 0xC3, 0x00, 0x70, 0xC0, 0x1C,
  0x78, 0x0F, 0x3F, 0x87, 0xF0, 0xFF, 0xF8, 0xC1, 0x83, 0x06, 0x0C, 0x18,
  0x30, 0x60, 0xC1, 0x83, 0x06, 0x0C, 0x18, 0x79, 0xFC, 0x07, 0xF0, 0x7F,
  0x01, 0xC0, 0x1C, 0x01, 0xC0, 0x1C, 0x01, 0xC0, 0x1C, 0x01, 0xC0, 0x1C,
  0x01, 0xC0, 0x1C, 0x01, 0xC6, 0x1C, 0xF1, 0xCE, 0x18, 0xE3, 0x87, 0xF0,
  0xFE, 0x7E, 0x7E, 0x3F, 0x0C, 0x06, 0x06, 0x06, 0x03, 0x06, 0x01, 0x86,
  0x00, 0xC6, 0x00, 0x66, 0x00, 0x37, 0x00, 0x1F, 0xC0, 0x0E, 0x70, 0x06,
  0x38, 0x03, 0x0E, 0x01, 0x83, 0x80, 0xC1, 0xC0, 0x60, 0x70, 0x78, 0x3C,
  0xFF, 0x0F, 0xC0, 0xFE, 0x07, 0xE0, 0x0C, 0x00, 0x60, 0x03, 0x00, 0x18,
  0x00, 0xC0, 0x06, 0x00, 0x30, 0x01, 0x80, 0x0C, 0x00, 0x60, 0x03, 0x00,
  0x18, 0x0C, 0xC0, 0x46, 0x06, 0x70, 0xF7, 0xFF, 0x80, 0xFC, 0x01, 0xF9,
  0xF8, 0x07, 0xE1, 0x60, 0x1E, 0x05, 0x80, 0xF8, 0x17, 0x03, 0xE0, 0xCC,
  0x19, 0x83, 0x30, 0x66, 0x0C, 0xE1, 0x18, 0x31, 0x8C, 0x60, 0xC6, 0x31,
  0x83, 0x1C, 0x86, 0x0C, 0x36, 0x18, 0x30, 0xF8, 0x60, 0xC3, 0xC1, 0xC3,
  0x07, 0x07, 0x0C, 0x00, 0x1C, 0x70, 0x00, 0xF3, 0xF0, 0x07, 0xF0, 0xF8,
  0x1F, 0xFF, 0x03, 0xE3, 0xE0, 0x30, 0xF8, 0x08, 0x37, 0x02, 0x0D, 0xC0,
  0x83, 0x38, 0x20, 0xC6, 0x08, 0x31, 0xC2, 0x0C, 0x38, 0x83, 0x0E, 0x20,
  0xC1, 0xC8, 0x30, 0x32, 0x0C, 0x0E, 0x83, 0x01, 0xE0, 0xC0, 0x78, 0x70,
  0x0E, 0x3F, 0x01, 0x80, 0x07, 0xF0, 0x07, 0xBE, 0x06, 0x03, 0x86, 0x00,
  0xE7, 0x00, 0x73, 0x00, 0x1D, 0x80, 0x0F, 0xC0, 0x07, 0xE0, 0x03, 0xF0,
  0x01, 0xF8, 0x00, 0xFC, 0x00, 0x76, 0x00, 0x33, 0x80, 0x18, 0xE0, 0x1C,
  0x70, 0x1C, 0x1F, 0x3C, 0x03, 0xF8, 0x00, 0xFF, 0x87, 0xFF, 0x0C, 0x1C,
  0x60, 0x63, 0x03, 0x98, 0x1C, 0xC0, 0xE6, 0x06, 0x30, 0x71, 0xDF, 0x0F,
  0xE0, 0x60, 0x03, 0x00, 0x18, 0x00, 0xC0, 0x06, 0x00, 0x78, 0x07, 0xF0,
  0x00, 0x07, 0xF0, 0x00, 0x7B, 0xE0, 0x06, 0x03, 0x80, 0x60, 0x0E, 0x07,
  0x00, 0x70, 0x30, 0x01, 0xC1, 0x80, 0x0E, 0x1C, 0x00, 0x70, 0xE0, 0x03,
  0x87, 0x00, 0x1C, 0x38, 0x00, 0xE1, 0xC0, 0x07, 0x06, 0xF8, 0x38, 0x3C,
  0x61, 0x80, 0xC1, 0x9C, 0x07, 0x07, 0xC0, 0x1F, 0x3C, 0x00, 0x3F, 0xC0,
  0x00, 0x07, 0x00, 0x00, 0x1C, 0x10, 0x00, 0xFF, 0x80, 0x03, 0xF8, 0x00,
  0x07, 0x00, 0xFF, 0x80, 0xFF, 0xE0, 0x30, 0x70, 0x30, 0x38, 0x30, 0x38,
  0x30, 0x38, 0x30, 0x30, 0x30, 0x70, 0x33, 0xE0, 0x3F, 0x80, 0x31, 0xC0,
  0x30, 0xE0, 0x30, 0xE0, 0x30, 0x70, 0x30, 0x70, 0x30, 0x38, 0x78, 0x3D,
  0xFE, 0x1F, 0x0F, 0xB1, 0xC7, 0x8C, 0x0C, 0xE0, 0x67, 0x01, 0x38, 0x01,
  0xE0, 0x07, 0xC0, 0x1F, 0xC0, 0x3F, 0x00, 0x3C, 0x00, 0xF0, 0x03, 0xE0,
  0x1D, 0x80, 0xEE, 0x06, 0x7C, 0xE2, 0x7E, 0x00, 0x7F, 0xFF, 0x3F, 0xFF,
  0x98, 0x70, 0xD8, 0x38, 0x6C, 0x1C, 0x1A, 0x0E, 0x08, 0x07, 0x00, 0x03,
  0x80, 0x01, 0xC0, 0x00, 0xE0, 0x00, 0x70, 0x00, 0x38, 0x00, 0x1C, 0x00,
  0x0E, 0x00, 0x07, 0x00, 0x03, 0x80, 0x03, 0xE0, 0x07, 0xFC, 0x00, 0xFE,
  0x0F, 0xDF, 0x81, 0xF3, 0x80, 0x30, 0x60, 0x0C, 0x18, 0x03, 0x06, 0x00,
  0xC1, 0x80, 0x30, 0x60, 0x0C, 0x18, 0x03, 0x06, 0x00, 0xC1, 0x80, 0x30,
  0x60, 0x0C, 0x18, 0x03, 0x06, 0x00, 0xC1, 0xC0, 0x30, 0x70, 0x18, 0x0F,
  0xBC, 0x01, 0xFE, 0x00, 0xFC, 0x1F, 0xFE, 0x07, 0xCC, 0x01, 0x87, 0x00,
  0xC3, 0x80, 0x40, 0xC0, 0x60, 0x70, 0x30, 0x38, 0x10, 0x0C, 0x18, 0x07,
  0x0C, 0x03, 0x84, 0x00, 0xC6, 0x00, 0x73, 0x00, 0x39, 0x00, 0x0D, 0x80,
  0x07, 0xC0, 0x03, 0xC0, 0x00, 0xE0, 0x00, 0xFC, 0x1C, 0x0F, 0xFF, 0x07,
  0x81, 0xF3, 0x01, 0xE0, 0x30, 0xE0, 0x58, 0x0C, 0x38, 0x37, 0x02, 0x0E,
  0x0C, 0xC1, 0x81, 0x83, 0x30, 0x60, 0x60, 0x8E, 0x18, 0x1C, 0x63, 0x84,
  0x07, 0x18, 0x61, 0x00, 0xC6, 0x18, 0xC0, 0x31, 0x07, 0x30, 0x0E, 0xC0,
  0xC8, 0x03, 0xB0, 0x32, 0x00, 0x6C, 0x0F, 0x80, 0x1A, 0x03, 0xE0, 0x07,
  0x80, 0x70, 0x01, 0xE0, 0x1C, 0x00, 0x7E, 0x1F, 0xBF, 0x87, 0xE3, 0xC0,
  0x60, 0x70, 0x30, 0x0E, 0x18, 0x01, 0xC4, 0x00, 0x73, 0x00, 0x0F, 0x80,
  0x01, 0xC0, 0x00, 0x78, 0x00, 0x1E, 0x00, 0x0D, 0xC0, 0x06, 0x38, 0x03,
  0x07, 0x00, 0xC1, 0xC0, 0x60, 0x38, 0x78, 0x0F, 0xBF, 0x07, 0xF0, 0xFE,
  0x1F, 0xFE, 0x0F, 0x8E, 0x03, 0x07, 0x01, 0x81, 0xC1, 0x80, 0x60, 0x80,
  0x38, 0xC0, 0x0E, 0xC0, 0x07, 0x60, 0x01, 0xE0, 0x00, 0x60, 0x00, 0x30,
  0x00, 0x18, 0x00, 0x0C, 0x00, 0x06, 0x00, 0x03, 0x00, 0x03, 0xC0, 0x07,
  0xF8, 0x00, 0x7F, 0xFD, 0xFF, 0xF6, 0x03, 0x98, 0x0E, 0x40, 0x70, 0x03,
  0x80, 0x0E, 0x00, 0x70, 0x03, 0x80, 0x1C, 0x00, 0x70, 0x03, 0x80, 0x1C,
  0x00, 0x70, 0x13, 0x80, 0xDC, 0x03, 0x70, 0x3F, 0xFF, 0xF0, 0xFF, 0xCC,
  0xCC, 0xCC, 0xCC, 0xCC, 0xCC, 0xCC, 0xCC, 0xCC, 0xCC, 0xCC, 0xCF, 0x80,
  0x60, 0x10, 0x0C, 0x06, 0x01, 0x00, 0xC0, 0x60, 0x10, 0x0C, 0x06, 0x01,
  0x00, 0xC0, 0x60, 0x10, 0x0C, 0x02, 0x01, 0x80, 0xC0, 0x20, 0x18, 0x0C,
  0x02, 0xFF, 0xC6, 0x31, 0x8C, 0x63, 0x18, 0xC6, 0x31, 0x8C, 0x63, 0x18,
  0xC6, 0x31, 0x8C, 0x63, 0x1F, 0xC0, 0x06, 0x00, 0x38, 0x03, 0x60, 0x31,
  0x01, 0x8C, 0x18, 0x30, 0x80, 0x8C, 0x06, 0xC0, 0x18, 0xFF, 0xFF, 0xFF,
  0x8C, 0xE7, 0x10, 0x3F, 0x03, 0x0C, 0x38, 0x71, 0xC1, 0x80, 0x0C, 0x00,
  0x60, 0x7F, 0x0F, 0x18, 0x60, 0xC7, 0x06, 0x38, 0x70, 0xEF, 0xD7, 0xEF,
  0x00, 0x08, 0x03, 0xE0, 0x03, 0x80, 0x06, 0x00, 0x18, 0x00, 0x60, 0x01,
  0x80, 0x06, 0x7C, 0x1F, 0xF8, 0x70, 0x71, 0x81, 0xC6, 0x03, 0x18, 0x0C,
  0x60, 0x31, 0x80, 0xC6, 0x07, 0x18, 0x1C, 0x60, 0x61, 0xE7, 0x85, 0xFC,
  0x1F, 0x87, 0x19, 0xC3, 0xB0, 0x7E, 0x0D, 0xC0, 0x38, 0x07, 0x00, 0xE0,
  0x0C, 0x01, 0xC0, 0x9F, 0xF1, 0xF8, 0x00, 0x10, 0x07, 0xC0, 0x07, 0x00,
  0x0C, 0x00, 0x30, 0x00, 0xC0, 0x03, 0x07, 0xEC, 0x3D, 0xF1, 0xC0, 0xC6,
  0x03, 0x38, 0x0C, 0xE0, 0x33, 0x80, 0xCE, 0x03, 0x38, 0x1C, 0xE0, 0x71,
  0xC3, 0xC7, 0xFB, 0x0F, 0xCF, 0x1F, 0x87, 0x19, 0xC3, 0xB0, 0x3E, 0x07,
  0xFF, 0xFF, 0xFF, 0x00, 0xE0, 0x0C, 0x01, 0xC0, 0x9F, 0xF1, 0xF8, 0x07,
  0x81, 0xF8, 0x63, 0x8C, 0x63, 0x80, 0x70, 0x0E, 0x07, 0xF8, 0xFF, 0x07,
  0x00, 0xE0, 0x1C, 0x03, 0x80, 0x70, 0x0E, 0x01, 0xC0, 0x38, 0x07, 0x00,
  0xF0, 0x7F, 0x80, 0x00, 0x38, 0x03, 0xCF, 0xF6, 0xE3, 0x86, 0x0C, 0x70,
  0x73, 0x83, 0x9C, 0x18, 0x71, 0xC1, 0xFC, 0x0B, 0x00, 0xC0, 0x0E, 0x00,
  0x3F, 0xF0, 0xFF, 0xCC, 0x0E, 0xC0, 0x36, 0x01, 0xB0, 0x1D, 0xFF, 0xC3,
  0xF0, 0x00, 0x08, 0x01, 0xF0, 0x00, 0xE0, 0x01, 0xC0, 0x03, 0x80, 0x07,
  0x00, 0x0E, 0x00, 0x1D, 0xF8, 0x3F, 0xF0, 0x78, 0x70, 0xE0, 0x61, 0xC0,
  0xC3, 0x81, 0x87, 0x03, 0x0E, 0x06, 0x1C, 0x0C, 0x38, 0x18, 0x70, 0x30,
  0xE0, 0xF7, 0xF3, 0xF0, 0x30, 0xF0, 0xE0, 0x00, 0x00, 0x3E, 0x7C, 0x38,
  0x70, 0xE1, 0xC3, 0x87, 0x0E, 0x1C, 0x38, 0x73, 0xF8, 0x33, 0xDC, 0x00,
  0x03, 0xDE, 0x31, 0x8C, 0x63, 0x18, 0xC6, 0x31, 0x8C, 0x63, 0x19, 0x98,
  0x80, 0x08, 0x01, 0xF0, 0x00, 0xE0, 0x01, 0xC0, 0x03, 0x80, 0x07, 0x00,
  0x0E, 0x00, 0x1C, 0x7E, 0x38, 0x78, 0x70, 0xC0, 0xE3, 0x01, 0xCC, 0x03,
  0xF0, 0x07, 0xE0, 0x0E, 0xE0, 0x1C, 0xE0, 0x38, 0xE0, 0x71, 0xE0, 0xE1,
  0xFF, 0xE1, 0xE0, 0x09, 0xF0, 0xE1, 0xC3, 0x87, 0x0E, 0x1C, 0x38, 0x70,
  0xE1, 0xC3, 0x87, 0x0E, 0x1C, 0x38, 0x70, 0xE7, 0xF0, 0xF3, 0xE3, 0xE0,
  0xEF, 0xEF, 0xE0, 0xF0, 0xF0, 0xE1, 0xC1, 0xC1, 0xC3, 0x83, 0x81, 0x87,
  0x07, 0x03, 0x0E, 0x0E, 0x06, 0x1C, 0x1C, 0x0C, 0x38, 0x38, 0x18, 0x70,
  0x70, 0x30, 0xE0, 0xE0, 0x61, 0xC1, 0xC1, 0xCF, 0xC7, 0xE7, 0xE0, 0xF3,
  0xF0, 0xEF, 0xE0, 0xF0, 0xE1, 0xC0, 0xC3, 0x81, 0x87, 0x03, 0x0E, 0x06,
  0x1C, 0x0C, 0x38, 0x18, 0x70, 0x30, 0xE0, 0x61, 0xC1, 0xEF, 0xE7, 0xE0,
  0x1F, 0xC1, 0xCF, 0x1C, 0x1C, 0xC0, 0x6E, 0x03, 0xF0, 0x1F, 0x80, 0xFC,
  0x07, 0xE0, 0x33, 0x01, 0x9C, 0x1C, 0x71, 0xC1, 0xFC, 0x00, 0xF3, 0xE3,
  0xDF, 0xC3, 0x83, 0x8E, 0x0E, 0x30, 0x18, 0xC0, 0x73, 0x01, 0xCC, 0x06,
  0x30, 0x18, 0xC0, 0xE3, 0x03, 0x8F, 0x3C, 0x3F, 0xE0, 0xC0, 0x03, 0x00,
  0x0C, 0x00, 0x30, 0x03, 0xF8, 0x0F, 0xE0, 0x00, 0x1F, 0xF0, 0xF7, 0xC7,
  0x03, 0x18, 0x0C, 0xE0, 0x33, 0x80, 0xCE, 0x03, 0x38, 0x0C, 0xE0, 0x73,
  0x81, 0xC7, 0x0F, 0x1F, 0xEC, 0x3F, 0x30, 0x00, 0xC0, 0x03, 0x00, 0x0C,
  0x00, 0x70, 0x07, 0xF0, 0x1F, 0xC0, 0xF3, 0xCE, 0xDC, 0xF3, 0x9C, 0x73,
  0x80, 0x70, 0x0E, 0x01, 0xC0, 0x38, 0x07, 0x00, 0xE0, 0x1E, 0x0F, 0xE0,
  0x3F, 0x9C, 0xE6, 0x19, 0x82, 0x70, 0x1F, 0x83, 0xF8, 0x1E, 0x01, 0xF0,
  0x3E, 0x1F, 0xC6, 0x7F, 0x00, 0x10, 0x08, 0x0C, 0x06, 0x0F, 0xF7, 0xF8,
  0xC0, 0x60, 0x30, 0x18, 0x0C, 0x06, 0x03, 0x01, 0x80, 0xC0, 0x7F, 0x1F,
  0x00, 0xF0, 0xF3, 0xC3, 0xC3, 0x03, 0x0C, 0x0C, 0x30, 0x30, 0xC0, 0xC3,
  0x03, 0x0C, 0x0C, 0x30, 0x30, 0xC0, 0xC3, 0x07, 0x0F, 0x7E, 0x1F, 0x3C,
  0xFE, 0x7E, 0xF0, 0x78, 0xE0, 0x60, 0xC0, 0x81, 0xC3, 0x03, 0x86, 0x03,
  0x08, 0x07, 0x30, 0x06, 0x40, 0x0D, 0x80, 0x1F, 0x00, 0x1C, 0x00, 0x38,
  0x00, 0xFC, 0x38, 0xFD, 0xE0, 0xE1, 0xE3, 0x87, 0x83, 0x0E, 0x1F, 0x08,
  0x18, 0x4C, 0x60, 0x61, 0x31, 0x81, 0xCC, 0xC6, 0x03, 0x33, 0x90, 0x0C,
  0x86, 0xC0, 0x3E, 0x1B, 0x00, 0x78, 0x68, 0x01, 0xE1, 0xE0, 0x07, 0x03,
  0x80, 0xFE, 0xFD, 0xE1, 0xE3, 0x82, 0x07, 0x18, 0x0E, 0xC0, 0x1E, 0x00,
  0x38, 0x01, 0xE0, 0x0D, 0xC0, 0x23, 0x81, 0x87, 0x1E, 0x1E, 0xFC, 0xFC,
  0x7E, 0x7F, 0xF0, 0x78, 0xE0, 0x60, 0xC1, 0x81, 0xC3, 0x03, 0x84, 0x03,
  0x18, 0x07, 0x30, 0x06, 0xC0, 0x0F, 0x80, 0x0E, 0x00, 0x1C, 0x00, 0x30,
  0x00, 0x60, 0x00, 0xC0, 0x33, 0x00, 0xE6, 0x01, 0xF8, 0x01, 0xE0, 0x00,
  0xFF, 0xDE, 0x3B, 0x06, 0x61, 0xC0, 0x70, 0x0C, 0x03, 0x00, 0xE0, 0x38,
  0x66, 0x0D, 0xC3, 0xF0, 0xEF, 0xFC, 0x0E, 0x1E, 0x38, 0x38, 0x38, 0x38,
  0x18, 0x18, 0x18, 0x18, 0x18, 0x18, 0xF0, 0xE0, 0x38, 0x18, 0x18, 0x18,
  0x18, 0x18, 0x38, 0x38, 0x38, 0x38, 0x38, 0x1E, 0x0F, 0xFF, 0xFF, 0xFE,
  0xF1, 0x70, 0x60, 0xC1, 0x83, 0x06, 0x1C, 0x38, 0x70, 0xE0, 0xC0, 0xE1,
  0xC6, 0x1C, 0x38, 0x70, 0xE0, 0xC1, 0x83, 0x06, 0x0C, 0x19, 0xF3, 0x80,
  0x78, 0x3F, 0xFE, 0x0F, 0x00, 0xFF, 0xFF, 0xFC, 0x07, 0x01, 0xC0, 0x70,
  0x1C, 0x07, 0x01, 0xC0, 0x70, 0x1C, 0x07, 0x01, 0xC0, 0x70, 0x1C, 0x07,
  0x01, 0xFF, 0xFF, 0xF0, 0xFF, 0xFF, 0xFC, 0x07, 0x01, 0xC0, 0x70, 0x1C,
  0x07, 0x01, 0xC0, 0x70, 0x1C, 0x07, 0x01, 0xC0, 0x70, 0x1C, 0x07, 0x01,
  0xFF, 0xFF, 0xF0, 0xFF, 0xFF, 0xFC, 0x07, 0x01, 0xC0, 0x70, 0x1C, 0x07,
  0x01, 0xC0, 0x70, 0x1C, 0x07, 0x01, 0xC0, 0x70, 0x1C, 0x07, 0x01, 0xFF,
  0xFF, 0xF0, 0xFF, 0xFF, 0xFC, 0x07, 0x01, 0xC0, 0x70, 0x1C, 0x07, 0x01,
  0xC0, 0x70, 0x1C, 0x07, 0x01, 0xC0, 0x70, 0x1C, 0x07, 0x01, 0xFF, 0xFF,
  0xF0, 0xFF, 0xFF, 0xFC, 0x07, 0x01, 0xC0, 0x70, 0x1C, 0x07, 0x01, 0xC0,
  0x70, 0x1C, 0x07, 0x01, 0xC0, 0x70, 0x1C, 0x07, 0x01, 0xFF, 0xFF, 0xF0,
  0xFF, 0xFF, 0xFC, 0x07, 0x01, 0xC0, 0x70, 0x1C, 0x07, 0x01, 0xC0, 0x70,
  0x1C, 0x07, 0x01, 0xC0, 0x70, 0x1C, 0x07, 0x01, 0xFF, 0xFF, 0xF0, 0xFF,
  0xFF, 0xFC, 0x07, 0x01, 0xC0, 0x70, 0x1C, 0x07, 0x01, 0xC0, 0x70, 0x1C,
  0x07, 0x01, 0xC0, 0x70, 0x1C, 0x07, 0x01, 0xFF, 0xFF, 0xF0, 0xFF, 0xFF,
  0xFC, 0x07, 0x01, 0xC0, 0x70, 0x1C, 0x07, 0x01, 0xC0, 0x70, 0x1C, 0x07,
  0x01, 0xC0, 0x70, 0x1C, 0x07, 0x01, 0xFF, 0xFF, 0xF0, 0xFF, 0xFF, 0xFC,
  0x07, 0x01, 0xC0, 0x70, 0x1C, 0x07, 0x01, 0xC0, 0x70, 0x1C, 0x07, 0x01,
  0xC0, 0x70, 0x1C, 0x07, 0x01, 0xFF, 0xFF, 0xF0, 0xFF, 0xFF, 0xFC, 0x07,
  0x01, 0xC0, 0x70, 0x1C, 0x07, 0x01, 0xC0, 0x70, 0x1C, 0x07, 0x01, 0xC0,
  0x70, 0x1C, 0x07, 0x01, 0xFF, 0xFF, 0xF0, 0xFF, 0xFF, 0xFC, 0x07, 0x01,
  0xC0, 0x70, 0x1C, 0x07, 0x01, 0xC0, 0x70, 0x1C, 0x07, 0x01, 0xC0, 0x70,
  0x1C, 0x07, 0x01, 0xFF, 0xFF, 0xF0, 0xFF, 0xFF, 0xFC, 0x07, 0x01, 0xC0,
  0x70, 0x1C, 0x07, 0x01, 0xC0, 0x70, 0x1C, 0x07, 0x01, 0xC0, 0x70, 0x1C,
  0x07, 0x01, 0xFF, 0xFF, 0xF0, 0xFF, 0xFF, 0xFC, 0x07, 0x01, 0xC0, 0x70,
  0x1C, 0x07, 0x01, 0xC0, 0x70, 0x1C, 0x07, 0x01, 0xC0, 0x70, 0x1C, 0x07,
  0x01, 0xFF, 0xFF, 0xF0, 0xFF, 0xFF, 0xFC, 0x07, 0x01, 0xC0, 0x70, 0x1C,
  0x07, 0x01, 0xC0, 0x70, 0x1C, 0x07, 0x01, 0xC0, 0x70, 0x1C, 0x07, 0x01,
  0xFF, 0xFF, 0xF0, 0xFF, 0xFF, 0xFC, 0x07, 0x01, 0xC0, 0x70, 0x1C, 0x07,
  0x01, 0xC0, 0x70, 0x1C, 0x07, 0x01, 0xC0, 0x70, 0x1C, 0x07, 0x01, 0xFF,
  0xFF, 0xF0, 0xFF, 0xFF, 0xFC, 0x07, 0x01, 0xC0, 0x70, 0x1C, 0x07, 0x01,
  0xC0, 0x70, 0x1C, 0x07, 0x01, 0xC0, 0x70, 0x1C, 0x07, 0x01, 0xFF, 0xFF,
  0xF0, 0xFF, 0xFF, 0xFC, 0x07, 0x01, 0xC0, 0x70, 0x1C, 0x07, 0x01, 0xC0,
  0x70, 0x1C, 0x07, 0x01, 0xC0, 0x70, 0x1C, 0x07, 0x01, 0xFF, 0xFF, 0xF0,
  0xFF, 0xFF, 0xFC, 0x07, 0x01, 0xC0, 0x70, 0x1C, 0x07, 0x01, 0xC0, 0x70,
  0x1C, 0x07, 0x01, 0xC0, 0x70, 0x1C, 0x07, 0x01, 0xFF, 0xFF, 0xF0, 0xFF,
  0xFF, 0xFC, 0x07, 0x01, 0xC0, 0x70, 0x1C, 0x07, 0x01, 0xC0, 0x70, 0x1C,
  0x07, 0x01, 0xC0, 0x70, 0x1C, 0x07, 0x01, 0xFF, 0xFF, 0xF0, 0xFF, 0xFF,
  0xFC, 0x07, 0x01, 0xC0, 0x70, 0x1C, 0x07, 0x01, 0xC0, 0x70, 0x1C, 0x07,
  0x01, 0xC0, 0x70, 0x1C, 0x07, 0x01, 0xFF, 0xFF, 0xF0, 0xFF, 0xFF, 0xFC,
  0x07, 0x01, 0xC0, 0x70, 0x1C, 0x07, 0x01, 0xC0, 0x70, 0x1C, 0x07, 0x01,
  0xC0, 0x70, 0x1C, 0x07, 0x01, 0xFF, 0xFF, 0xF0, 0xFF, 0xFF, 0xFC, 0x07,
  0x01, 0xC0, 0x70, 0x1C, 0x07, 0x01, 0xC0, 0x70, 0x1C, 0x07, 0x01, 0xC0,
  0x70, 0x1C, 0x07, 0x01, 0xFF, 0xFF, 0xF0, 0xFF, 0xFF, 0xFC, 0x07, 0x01,
  0xC0, 0x70, 0x1C, 0x07, 0x01, 0xC0, 0x70, 0x1C, 0x07, 0x01, 0xC0, 0x70,
  0x1C, 0x07, 0x01, 0xFF, 0xFF, 0xF0, 0xFF, 0xFF, 0xFC, 0x07, 0x01, 0xC0,
  0x70, 0x1C, 0x07, 0x01, 0xC0, 0x70, 0x1C, 0x07, 0x01, 0xC0, 0x70, 0x1C,
  0x07, 0x01, 0xFF, 0xFF, 0xF0, 0xFF, 0xFF, 0xFC, 0x07, 0x01, 0xC0, 0x70,
  0x1C, 0x07, 0x01, 0xC0, 0x70, 0x1C, 0x07, 0x01, 0xC0, 0x70, 0x1C, 0x07,
  0x01, 0xFF, 0xFF, 0xF0, 0xFF, 0xFF, 0xFC, 0x07, 0x01, 0xC0, 0x70, 0x1C,
  0x07, 0x01, 0xC0, 0x70, 0x1C, 0x07, 0x01, 0xC0, 0x70, 0x1C, 0x07, 0x01,
  0xFF, 0xFF, 0xF0, 0xFF, 0xFF, 0xFC, 0x07, 0x01, 0xC0, 0x70, 0x1C, 0x07,
  0x01, 0xC0, 0x70, 0x1C, 0x07, 0x01, 0xC0, 0x70, 0x1C, 0x07, 0x01, 0xFF,
  0xFF, 0xF0, 0xFF, 0xFF, 0xFC, 0x07, 0x01, 0xC0, 0x70, 0x1C, 0x07, 0x01,
  0xC0, 0x70, 0x1C, 0x07, 0x01, 0xC0, 0x70, 0x1C, 0x07, 0x01, 0xFF, 0xFF,
  0xF0, 0xFF, 0xFF, 0xFC, 0x07, 0x01, 0xC0, 0x70, 0x1C, 0x07, 0x01, 0xC0,
  0x70, 0x1C, 0x07, 0x01, 0xC0, 0x70, 0x1C, 0x07, 0x01, 0xFF, 0xFF, 0xF0,
  0xFF, 0xFF, 0xFC, 0x07, 0x01, 0xC0, 0x70, 0x1C, 0x07, 0x01, 0xC0, 0x70,
  0x1C, 0x07, 0x01, 0xC0, 0x70, 0x1C, 0x07, 0x01, 0xFF, 0xFF, 0xF0, 0xFF,
  0xFF, 0xFC, 0x07, 0x01, 0xC0, 0x70, 0x1C, 0x07, 0x01, 0xC0, 0x70, 0x1C,
  0x07, 0x01, 0xC0, 0x70, 0x1C, 0x07, 0x01, 0xFF, 0xFF, 0xF0, 0xFF, 0xFF,
  0xFC, 0x07, 0x01, 0xC0, 0x70, 0x1C, 0x07, 0x01, 0xC0, 0x70, 0x1C, 0x07,
  0x01, 0xC0, 0x70, 0x1C, 0x07, 0x01, 0xFF, 0xFF, 0xF0, 0xFF, 0xFF, 0xFC,
  0x07, 0x01, 0xC0, 0x70, 0x1C, 0x07, 0x01, 0xC0, 0x70, 0x1C, 0x07, 0x01,
  0xC0, 0x70, 0x1C, 0x07, 0x01, 0xFF, 0xFF, 0xF0, 0x00, 0x7F, 0x70, 0x06,
  0x66, 0x66, 0x66, 0x66, 0x7F, 0xF7, 0x03, 0x00, 0x40, 0x7F, 0x19, 0x77,
  0x6E, 0xC9, 0xF9, 0x07, 0x20, 0xE4, 0x1D, 0x83, 0xA0, 0x3C, 0x07, 0x86,
  0x7F, 0x87, 0xE0, 0x80, 0x10, 0x00, 0x0F, 0xC3, 0x8E, 0x30, 0xE7, 0x0E,
  0x70, 0x67, 0x00, 0x70, 0x07, 0x00, 0x38, 0x0F, 0xFC, 0x1C, 0x01, 0xC0,
  0x1C, 0x01, 0x81, 0x18, 0x33, 0x07, 0x7F, 0xFF, 0xFF, 0x00, 0x38, 0xCD,
  0xFF, 0x18, 0x63, 0x0C, 0xC1, 0x98, 0x31, 0x06, 0x30, 0xCF, 0xFB, 0x91,
  0xA0, 0x10, 0xFE, 0x1F, 0xFE, 0x0F, 0x8E, 0x01, 0x83, 0x81, 0x81, 0xC0,
  0x80, 0x70, 0xC0, 0x18, 0xC0, 0x0E, 0x60, 0x7F, 0xFC, 0x01, 0xFE, 0x00,
  0x70, 0x0F, 0xFF, 0x87, 0xFF, 0xC0, 0x0E, 0x00, 0x07, 0x00, 0x03, 0x80,
  0x03, 0xC0, 0x03, 0xF8, 0x00, 0xFF, 0x87, 0xFE, 0x0F, 0x81, 0x8C, 0x31,
  0xC3, 0x18, 0x30, 0x03, 0x80, 0x7C, 0x0C, 0xF0, 0xC7, 0xCC, 0x1E, 0xE0,
  0xE7, 0x07, 0x78, 0x31, 0xE3, 0x0F, 0x30, 0x3E, 0x01, 0xC0, 0x0C, 0x30,
  0xC7, 0x0C, 0x33, 0x81, 0xE0, 0x63, 0xE7, 0xE7, 0x0F, 0xF8, 0x1C, 0x0E,
  0x18, 0x01, 0x8C, 0x7A, 0x6C, 0x63, 0x34, 0x60, 0x8A, 0x30, 0x07, 0x38,
  0x03, 0x9C, 0x01, 0xC6, 0x00, 0xE3, 0x04, 0x59, 0xC6, 0x64, 0x3E, 0x23,
  0x00, 0x30, 0xE0, 0x70, 0x1F, 0xE0, 0x3C, 0x31, 0x8C, 0x61, 0x0C, 0x1F,
  0x1C, 0xCC, 0x33, 0x1C, 0xFF, 0xDC, 0x60, 0x0C, 0x63, 0x18, 0xE7, 0x18,
  0xC6, 0x31, 0xCE, 0x1C, 0xE1, 0x8C, 0x18, 0xC1, 0x8C, 0x10, 0x80, 0xFF,
  0xE0, 0x0C, 0x01, 0x80, 0x30, 0x06, 0x00, 0x7E, 0x61, 0xB6, 0xFB, 0x7D,
  0x7E, 0xDF, 0x2C, 0xFC, 0x1C, 0x00, 0xFF, 0xFC, 0x3B, 0xFC, 0x71, 0xCD,
  0xE0, 0x0C, 0x01, 0x80, 0x30, 0x06, 0x0F, 0xFE, 0x18, 0x03, 0x00, 0x60,
  0x0C, 0x00, 0x00, 0x00, 0x7F, 0xFF, 0xFE, 0x7E, 0xC7, 0xC3, 0x03, 0x07,
  0x06, 0x0C, 0x18, 0x31, 0x63, 0xFF, 0x7E, 0xC7, 0xC3, 0x03, 0x06, 0x1C,
  0x07, 0x03, 0x03, 0x83, 0xFE, 0x3C, 0x08, 0xCE, 0xEC, 0x00, 0xE0, 0xE6,
  0x07, 0x30, 0x39, 0x81, 0xCC, 0x0C, 0x60, 0x63, 0x03, 0x18, 0x18, 0xC0,
  0xC6, 0x06, 0x30, 0x79, 0xEE, 0xFF, 0xE7, 0xE0, 0x03, 0x00, 0x18, 0x00,
  0xC0, 0x07, 0x00, 0x38, 0x00, 0x1D, 0xF7, 0xDE, 0x7D, 0x8F, 0xD8, 0xFD,
  0x8F, 0xD8, 0xFD, 0x8F, 0xD8, 0xFD, 0x87, 0xD8, 0x7D, 0x81, 0xD8, 0x01,
  0x80, 0x18, 0x01, 0x80, 0x18, 0x01, 0x80, 0x18, 0x01, 0x80, 0x18, 0x0F,
  0x80, 0xF8, 0x7F, 0x70, 0x63, 0x0E, 0x3F, 0xF8, 0xF0, 0x60, 0xC1, 0x83,
  0x06, 0x0C, 0x18, 0x30, 0x63, 0xF8, 0x1E, 0x3B, 0xB0, 0xF8, 0x3C, 0x1E,
  0x0F, 0x07, 0xC6, 0x77, 0x1E, 0x00, 0x84, 0x18, 0xC1, 0x8C, 0x18, 0xC1,
  0x8C, 0x39, 0xCE, 0x73, 0x9C, 0x63, 0x18, 0xC2, 0x10, 0x00, 0xF0, 0x01,
  0x80, 0xC0, 0x0C, 0x03, 0x00, 0x30, 0x0C, 0x01, 0x80, 0x30, 0x04, 0x00,
  0xC0, 0x30, 0x03, 0x00, 0x87, 0x0C, 0x06, 0x1C, 0x30, 0x30, 0xF0, 0xC0,
  0xC6, 0xCF, 0xE6, 0x13, 0x00, 0x10, 0xCC, 0x00, 0xC6, 0x30, 0x02, 0x10,
  0xC0, 0x18, 0xFF, 0xC0, 0xC0, 0x0C, 0x03, 0x00, 0x30, 0x18, 0x00, 0xC0,
  0xF0, 0x03, 0x00, 0xC0, 0x18, 0x03, 0x00, 0x60, 0x0C, 0x03, 0x00, 0x30,
  0x08, 0x00, 0xC0, 0x60, 0x03, 0x01, 0x1F, 0x8C, 0x0C, 0xC7, 0x30, 0x63,
  0x0C, 0xC1, 0x80, 0x3F, 0xEC, 0x01, 0xC0, 0x20, 0x06, 0x01, 0x80, 0x30,
  0x04, 0x01, 0x80, 0x30, 0x0C, 0x41, 0x80, 0x63, 0x06, 0x03, 0xFC, 0x30,
  0x00, 0x00, 0x7E, 0x00, 0xC1, 0x8E, 0x03, 0x03, 0x0C, 0x06, 0x00, 0x18,
  0x18, 0x00, 0x60, 0x20, 0x03, 0x80, 0xC0, 0x01, 0xC1, 0x0E, 0x01, 0x86,
  0x1C, 0x03, 0x18, 0x79, 0x06, 0x31, 0xB3, 0xF8, 0xC2, 0x61, 0xE1, 0x0C,
  0xC0, 0x06, 0x31, 0x80, 0x08, 0x43, 0x00, 0x31, 0xFF, 0x80, 0xC0, 0x0C,
  0x01, 0x80, 0x18, 0x06, 0x00, 0x30, 0x0E, 0x03, 0x80, 0xE0, 0x00, 0x00,
  0x01, 0x00, 0x40, 0x30, 0x0C, 0x07, 0x03, 0x81, 0xC0, 0xE0, 0x38, 0x7E,
  0x1F, 0x83, 0x71, 0x8F, 0xC0, 0x03, 0x80, 0x00, 0x70, 0x00, 0x0E, 0x00,
  0x00, 0xC0, 0x00, 0x00, 0x00, 0x38, 0x00, 0x0E, 0x00, 0x07, 0xC0, 0x01,
  0xF0, 0x00, 0x4C, 0x00, 0x33, 0x80, 0x0C, 0xE0, 0x02, 0x18, 0x01, 0x87,
  0x00, 0x40, 0xC0, 0x30, 0x30, 0x0F, 0xFE, 0x02, 0x01, 0x81, 0x80, 0x70,
  0x60, 0x1C, 0x10, 0x03, 0x0E, 0x01, 0xEF, 0xE0, 0xFC, 0x00, 0x30, 0x00,
  0x1C, 0x00, 0x0E, 0x00, 0x04, 0x00, 0x00, 0x00, 0x00, 0x38, 0x00, 0x0E,
  0x00, 0x07, 0xC0, 0x01, 0xF0, 0x00, 0x4C, 0x00, 0x33, 0x80, 0x0C, 0xE0,
  0x02, 0x18, 0x01, 0x87, 0x00, 0x40, 0xC0, 0x30, 0x30, 0x0F, 0xFE, 0x02,
  0x01, 0x81, 0x80, 0x70, 0x60, 0x1C, 0x10, 0x03, 0x0E, 0x01, 0xEF, 0xE0,
  0xFC, 0x00, 0x40, 0x00, 0x38, 0x00, 0x1F, 0x00, 0x0C, 0x60, 0x06, 0x0C,
  0x00, 0x00, 0x00, 0x0E, 0x00, 0x03, 0x80, 0x01, 0xF0, 0x00, 0x7C, 0x00,
  0x13, 0x00, 0x0C, 0xE0, 0x03, 0x38, 0x00, 0x86, 0x00, 0x61, 0xC0, 0x10,
  0x30, 0x0C, 0x0C, 0x03, 0xFF, 0x80, 0x80, 0x60, 0x60, 0x1C, 0x18, 0x07,
  0x04, 0x00, 0xC3, 0x80, 0x7B, 0xF8, 0x3F, 0x03, 0x8C, 0x00, 0xFE, 0x00,
  0x47, 0x80, 0x00, 0x00, 0x00, 0x00, 0x00, 0x38, 0x00, 0x0E, 0x00, 0x07,
  0xC0, 0x01, 0xF0, 0x00, 0x4C, 0x00, 0x33, 0x80, 0x0C, 0xE0, 0x02, 0x18,
  0x01, 0x87, 0x00, 0x40, 0xC0, 0x30, 0x30, 0x0F, 0xFE, 0x02, 0x01, 0x81,
  0x80, 0x70, 0x60, 0x1C, 0x10, 0x03, 0x0E, 0x01, 0xEF, 0xE0, 0xFC, 0x07,
  0x18, 0x01, 0xCF, 0x00, 0x73, 0x80, 0x00, 0x00, 0x00, 0x00, 0x00, 0x38,
  0x00, 0x0E, 0x00, 0x07, 0xC0, 0x01, 0xF0, 0x00, 0x4C, 0x00, 0x33, 0x80,
  0x0C, 0xE0, 0x02, 0x18, 0x01, 0x87, 0x00, 0x40, 0xC0, 0x30, 0x30, 0x0F,
  0xFE, 0x02, 0x01, 0x81, 0x80, 0x70, 0x60, 0x1C, 0x10, 0x03, 0x0E, 0x01,
  0xEF, 0xE0, 0xFC, 0x01, 0xE0, 0x00, 0x4C, 0x00, 0x11, 0x00, 0x04, 0xC0,
  0x01, 0xE0, 0x00, 0x00, 0x00, 0x0E, 0x00, 0x03, 0x80, 0x01, 0xF0, 0x00,
  0x7C, 0x00, 0x13, 0x00, 0x0C, 0xE0, 0x03, 0x38, 0x00, 0x86, 0x00, 0x61,
  0xC0, 0x10, 0x30, 0x0C, 0x0C, 0x03, 0xFF, 0x80, 0x80, 0x60, 0x60, 0x1C,
  0x18, 0x07, 0x04, 0x00, 0xC3, 0x80, 0x7B, 0xF8, 0x3F, 0x00, 0xFF, 0xFE,
  0x00, 0x7F, 0xFE, 0x00, 0x67, 0x06, 0x00, 0x47, 0x02, 0x00, 0xC7, 0x02,
  0x00, 0x87, 0x00, 0x01, 0x87, 0x08, 0x01, 0x07, 0x08, 0x03, 0x07, 0x38,
  0x03, 0xFF, 0xF8, 0x06, 0x07, 0x08, 0x06, 0x07, 0x08, 0x0C, 0x07, 0x00,
  0x0C, 0x07, 0x01, 0x18, 0x07, 0x03, 0x18, 0x07, 0x03, 0x38, 0x0F, 0x0F,
  0xFE, 0x1F, 0xFE, 0x07, 0xE4, 0x3E, 0xF8, 0xE0, 0x39, 0x80, 0x37, 0x00,
  0x6C, 0x00, 0x78, 0x00, 0x70, 0x00, 0xE0, 0x01, 0xC0, 0x03, 0x80, 0x07,
  0x00, 0x07, 0x00, 0x0E, 0x00, 0x0E, 0x00, 0x9E, 0x03, 0x1F, 0x3C, 0x0F,
  0xE0, 0x06, 0x00, 0x0E, 0x00, 0x0E, 0x00, 0x0C, 0x00, 0xF8, 0x00, 0xE0,
  0x1C, 0x00, 0x70, 0x01, 0xC0, 0x03, 0x00, 0x00, 0x7F, 0xF3, 0xFF, 0xC6,
  0x06, 0x30, 0x31, 0x80, 0x8C, 0x00, 0x60, 0x83, 0x04, 0x1F, 0xE0, 0xFF,
  0x06, 0x08, 0x30, 0x41, 0x80, 0x0C, 0x06, 0x60, 0x33, 0x01, 0xB8, 0x3B,
  0xFF, 0xC0, 0x01, 0x80, 0x1C, 0x01, 0xC0, 0x10, 0x00, 0x00, 0x7F, 0xF3,
  0xFF, 0xC6, 0x06, 0x30, 0x31, 0x80, 0x8C, 0x00, 0x60, 0x83, 0x04, 0x1F,
  0xE0, 0xFF, 0x06, 0x08, 0x30, 0x41, 0x80, 0x0C, 0x06, 0x60, 0x33, 0x01,
  0xB8, 0x3B, 0xFF, 0xC0, 0x02, 0x00, 0x38, 0x03, 0xE0, 0x31, 0x83, 0x06,
  0x00, 0x03, 0xFF, 0x9F, 0xFE, 0x30, 0x31, 0x81, 0x8C, 0x04, 0x60, 0x03,
  0x04, 0x18, 0x20, 0xFF, 0x07, 0xF8, 0x30, 0x41, 0x82, 0x0C, 0x00, 0x60,
  0x33, 0x01, 0x98, 0x0D, 0xC1, 0xDF, 0xFE, 0x38, 0xC1, 0xCF, 0x0E, 0x70,
  0x00, 0x00, 0x00, 0x7F, 0xF3, 0xFF, 0xC6, 0x06, 0x30, 0x31, 0x80, 0x8C,
  0x00, 0x60, 0x83, 0x04, 0x1F, 0xE0, 0xFF, 0x06, 0x08, 0x30, 0x41, 0x80,
  0x0C, 0x06, 0x60, 0x33, 0x01, 0xB8, 0x3B, 0xFF, 0xC0, 0xE0, 0xE0, 0xE0,
  0x60, 0x1F, 0xFF, 0x18, 0x30, 0x60, 0xC1, 0x83, 0x06, 0x0C, 0x18, 0x30,
  0x60, 0xC1, 0x83, 0x0F, 0x3F, 0x80, 0x0C, 0x38, 0xE2, 0x00, 0x1F, 0xFF,
  0x18, 0x30, 0x60, 0xC1, 0x83, 0x06, 0x0C, 0x18, 0x30, 0x60, 0xC1, 0x83,
  0x0F, 0x3F, 0x80, 0x08, 0x0E, 0x0F, 0x8C, 0x6C, 0x18, 0x01, 0xFC, 0xFC,
  0x18, 0x0C, 0x06, 0x03, 0x01, 0x80, 0xC0, 0x60, 0x30, 0x18, 0x0C, 0x06,
  0x03, 0x01, 0x80, 0xC0, 0xF0, 0xFE, 0xE3, 0x73, 0xF9, 0xC0, 0x00, 0x03,
  0xF9, 0xF8, 0x30, 0x18, 0x0C, 0x06, 0x03, 0x01, 0x80, 0xC0, 0x60, 0x30,
  0x18, 0x0C, 0x06, 0x03, 0x01, 0x81, 0xE1, 0xFC, 0x7F, 0xE0, 0x3F, 0xFE,
  0x06, 0x03, 0x83, 0x00, 0xE1, 0x80, 0x30, 0xC0, 0x1C, 0x60, 0x0E, 0x30,
  0x07, 0xFF, 0xC3, 0xFF, 0xE1, 0xC6, 0x00, 0xE3, 0x00, 0x71, 0x80, 0x38,
  0xC0, 0x18, 0x60, 0x18, 0x30, 0x1C, 0x3C, 0xF8, 0x3F, 0xF0, 0x00, 0x07,
  0x18, 0x01, 0xFC, 0x00, 0x8F, 0x00, 0x00, 0x00, 0x00, 0x00, 0x3E, 0x07,
  0xFF, 0xC0, 0xF8, 0xF8, 0x0C, 0x3E, 0x02, 0x0D, 0xC0, 0x83, 0x70, 0x20,
  0xCE, 0x08, 0x31, 0x82, 0x0C, 0x70, 0x83, 0x0E, 0x20, 0xC3, 0x88, 0x30,
  0x72, 0x0C, 0x0C, 0x83, 0x03, 0xA0, 0xC0, 0x78, 0x30, 0x1E, 0x1C, 0x03,
  0x8F, 0xC0, 0x60, 0x07, 0x00, 0x01, 0xC0, 0x00, 0x70, 0x00, 0x0C, 0x00,
  0x00, 0x00, 0x3F, 0x80, 0x3D, 0xF0, 0x30, 0x1C, 0x30, 0x07, 0x38, 0x03,
  0x98, 0x00, 0xEC, 0x00, 0x7E, 0x00, 0x3F, 0x00, 0x1F, 0x80, 0x0F, 0xC0,
  0x07, 0xE0, 0x03, 0xB0, 0x01, 0x9C, 0x00, 0xC7, 0x00, 0xE3, 0x80, 0xE0,
  0xF9, 0xE0, 0x1F, 0xC0, 0x00, 0x60, 0x00, 0x70, 0x00, 0x70, 0x00, 0x40,
  0x00, 0x00, 0x00, 0x3F, 0x80, 0x3D, 0xF0, 0x30, 0x1C, 0x30, 0x07, 0x38,
  0x03, 0x98, 0x00, 0xEC, 0x00, 0x7E, 0x00, 0x3F, 0x00, 0x1F, 0x80, 0x0F,
  0xC0, 0x07, 0xE0, 0x03, 0xB0, 0x01, 0x9C, 0x00, 0xC7, 0x00, 0xE3, 0x80,
  0xE0, 0xF9, 0xE0, 0x1F, 0xC0, 0x00, 0x80, 0x00, 0xE0, 0x00, 0xF8, 0x00,
  0xC6, 0x00, 0xC1, 0x80, 0x00, 0x00, 0x1F, 0xC0, 0x1E, 0xF8, 0x18, 0x0E,
  0x18, 0x03, 0x9C, 0x01, 0xCC, 0x00, 0x76, 0x00, 0x3F, 0x00, 0x1F, 0x80,
  0x0F, 0xC0, 0x07, 0xE0, 0x03, 0xF0, 0x01, 0xD8, 0x00, 0xCE, 0x00, 0x63,
  0x80, 0x71, 0xC0, 0x70, 0x7C, 0xF0, 0x0F, 0xE0, 0x07, 0x18, 0x03, 0xF8,
  0x02, 0x3C, 0x00, 0x00, 0x00, 0x00, 0x00, 0x3F, 0x80, 0x3D, 0xF0, 0x30,
  0x1C, 0x30, 0x07, 0x38, 0x03, 0x98, 0x00, 0xEC, 0x00, 0x7E, 0x00, 0x3F,
  0x00, 0x1F, 0x80, 0x0F, 0xC0, 0x07, 0xE0, 0x03, 0xB0, 0x01, 0x9C, 0x00,
  0xC7, 0x00, 0xE3, 0x80, 0xE0, 0xF9, 0xE0, 0x1F, 0xC0, 0x0E, 0x30, 0x07,
  0x3C, 0x03, 0x9C, 0x00, 0x00, 0x00, 0x00, 0x00, 0x3F, 0x80, 0x3D, 0xF0,
  0x30, 0x1C, 0x30, 0x07, 0x38, 0x03, 0x98, 0x00, 0xEC, 0x00, 0x7E, 0x00,
  0x3F, 0x00, 0x1F, 0x80, 0x0F, 0xC0, 0x07, 0xE0, 0x03, 0xB0, 0x01, 0x9C,
  0x00, 0xC7, 0x00, 0xE3, 0x80, 0xE0, 0xF9, 0xE0, 0x1F, 0xC0, 0x01, 0x60,
  0xD8, 0xC6, 0xC1, 0xC0, 0xE0, 0xD8, 0xC6, 0xC1, 0xC0, 0x80, 0x07, 0xF1,
  0x87, 0xBF, 0x86, 0x03, 0x86, 0x01, 0xE7, 0x01, 0xF3, 0x00, 0xDD, 0x80,
  0xCF, 0xC0, 0xC7, 0xE0, 0xC3, 0xF0, 0xC1, 0xF8, 0xE0, 0xFC, 0x60, 0x76,
  0x60, 0x33, 0xE0, 0x18, 0xE0, 0x1C, 0x70, 0x1C, 0x7F, 0x3C, 0x73, 0xF8,
  0x00, 0x03, 0x80, 0x00, 0x70, 0x00, 0x0E, 0x00, 0x00, 0xC0, 0x00, 0x00,
  0x3F, 0x83, 0xF7, 0xE0, 0x7C, 0xE0, 0x0C, 0x18, 0x03, 0x06, 0x00, 0xC1,
  0x80, 0x30, 0x60, 0x0C, 0x18, 0x03, 0x06, 0x00, 0xC1, 0x80, 0x30, 0x60,
  0x0C, 0x18, 0x03, 0x06, 0x00, 0xC1, 0x80, 0x30, 0x70, 0x0C, 0x1C, 0x06,
  0x03, 0xEF, 0x00, 0x7F, 0x80, 0x00, 0x30, 0x00, 0x1C, 0x00, 0x0E, 0x00,
  0x04, 0x00, 0x00, 0x00, 0x3F, 0x83, 0xF7, 0xE0, 0x7C, 0xE0, 0x0C, 0x18,
  0x03, 0x06, 0x00, 0xC1, 0x80, 0x30, 0x60, 0x0C, 0x18, 0x03, 0x06, 0x00,
  0xC1, 0x80, 0x30, 0x60, 0x0C, 0x18, 0x03, 0x06, 0x00, 0xC1, 0x80, 0x30,
  0x70, 0x0C, 0x1C, 0x06, 0x03, 0xEF, 0x00, 0x7F, 0x80, 0x00, 0x40, 0x00,
  0x38, 0x00, 0x1F, 0x00, 0x0C, 0x60, 0x06, 0x0C, 0x00, 0x00, 0x0F, 0xE0,
  0xFD, 0xF8, 0x1F, 0x38, 0x03, 0x06, 0x00, 0xC1, 0x80, 0x30, 0x60, 0x0C,
  0x18, 0x03, 0x06, 0x00, 0xC1, 0x80, 0x30, 0x60, 0x0C, 0x18, 0x03, 0x06,
  0x00, 0xC1, 0x80, 0x30, 0x60, 0x0C, 0x1C, 0x03, 0x07, 0x01, 0x80, 0xFB,
  0xC0, 0x1F, 0xE0, 0x07, 0x18, 0x01, 0xCF, 0x00, 0x73, 0x80, 0x00, 0x00,
  0x00, 0x00, 0x3F, 0x83, 0xF7, 0xE0, 0x7C, 0xE0, 0x0C, 0x18, 0x03, 0x06,
  0x00, 0xC1, 0x80, 0x30, 0x60, 0x0C, 0x18, 0x03, 0x06, 0x00, 0xC1, 0x80,
  0x30, 0x60, 0x0C, 0x18, 0x03, 0x06, 0x00, 0xC1, 0x80, 0x30, 0x70, 0x0C,
  0x1C, 0x06, 0x03, 0xEF, 0x00, 0x7F, 0x80, 0x00, 0x60, 0x00, 0x70, 0x00,
  0x70, 0x00, 0x40, 0x00, 0x00, 0x07, 0xF0, 0xFF, 0xF0, 0x7C, 0x70, 0x18,
  0x38, 0x0C, 0x0E, 0x0C, 0x03, 0x04, 0x01, 0xC6, 0x00, 0x76, 0x00, 0x3B,
  0x00, 0x0F, 0x00, 0x03, 0x00, 0x01, 0x80, 0x00, 0xC0, 0x00, 0x60, 0x00,
  0x30, 0x00, 0x18, 0x00, 0x1E, 0x00, 0x3F, 0xC0, 0xFE, 0x07, 0xE0, 0x0C,
  0x00, 0x60, 0x03, 0xFC, 0x18, 0x78, 0xC1, 0xC6, 0x07, 0x30, 0x39, 0x81,
  0xCC, 0x0C, 0x60, 0xE3, 0x0E, 0x1F, 0xE0, 0xC0, 0x06, 0x00, 0x78, 0x07,
  0xF0, 0x00, 0x03, 0xE0, 0x0F, 0xF0, 0x18, 0x38, 0x18, 0x18, 0x38, 0x18,
  0x38, 0x30, 0x38, 0x20, 0xF8, 0x60, 0xF8, 0xC0, 0x38, 0xC0, 0x38, 0xC0,
  0x38, 0xE0, 0x38, 0xF8, 0x38, 0x3E, 0x38, 0x0E, 0x38, 0x07, 0x3B, 0x07,
  0x3B, 0x86, 0x39, 0xC6, 0xF9, 0xFC, 0x10, 0x00, 0xC0, 0x07, 0x00, 0x1C,
  0x00, 0x20, 0x00, 0x00, 0x00, 0x07, 0xE0, 0x61, 0x87, 0x0E, 0x38, 0x30,
  0x01, 0x80, 0x0C, 0x0F, 0xE1, 0xE3, 0x0C, 0x18, 0xE0, 0xC7, 0x0E, 0x1D,
  0xFA, 0xFD, 0xE0, 0x01, 0x00, 0x18, 0x01, 0xC0, 0x1C, 0x01, 0x80, 0x00,
  0x00, 0x00, 0x07, 0xE0, 0x61, 0x87, 0x0E, 0x38, 0x30, 0x01, 0x80, 0x0C,
  0x0F, 0xE1, 0xE3, 0x0C, 0x18, 0xE0, 0xC7, 0x0E, 0x1D, 0xFA, 0xFD, 0xE0,
  0x04, 0x00, 0x70, 0x07, 0xC0, 0x66, 0x02, 0x08, 0x00, 0x00, 0x00, 0x07,
  0xE0, 0x61, 0x87, 0x0E, 0x38, 0x30, 0x01, 0x80, 0x0C, 0x0F, 0xE1, 0xE3,
  0x0C, 0x18, 0xE0, 0xC7, 0x0E, 0x1D, 0xFA, 0xFD, 0xE0, 0x38, 0xC1, 0xFC,
  0x11, 0xE0, 0x00, 0x00, 0x00, 0x00, 0x00, 0xFC, 0x0C, 0x30, 0xE1, 0xC7,
  0x06, 0x00, 0x30, 0x01, 0x81, 0xFC, 0x3C, 0x61, 0x83, 0x1C, 0x18, 0xE1,
  0xC3, 0xBF, 0x5F, 0xBC, 0x31, 0x83, 0x9C, 0x1C, 0xE0, 0x00, 0x00, 0x00,
  0x00, 0x00, 0xFC, 0x0C, 0x30, 0xE1, 0xC7, 0x06, 0x00, 0x30, 0x01, 0x81,
  0xFC, 0x3C, 0x61, 0x83, 0x1C, 0x18, 0xE1, 0xC3, 0xBF, 0x5F, 0xBC, 0x0E,
  0x00, 0x98, 0x04, 0x40, 0x26, 0x01, 0xE0, 0x00, 0x00, 0x00, 0x07, 0xE0,
  0x61, 0x87, 0x0E, 0x38, 0x30, 0x01, 0x80, 0x0C, 0x0F, 0xE1, 0xE3, 0x0C,
  0x18, 0xE0, 0xC7, 0x0E, 0x1D, 0xFA, 0xFD, 0xE0, 0x3F, 0x1F, 0x0C, 0x3E,
  0x33, 0x87, 0x83, 0x70, 0x60, 0x60, 0x0C, 0x0C, 0x01, 0xFF, 0x87, 0xFF,
  0xF3, 0xC6, 0x00, 0x60, 0xC0, 0x1C, 0x1C, 0x03, 0x87, 0x81, 0xBF, 0xBF,
  0xE7, 0xE3, 0xF8, 0x1F, 0x87, 0x19, 0xC3, 0xB0, 0x7E, 0x0D, 0xC0, 0x38,
  0x07, 0x00, 0xE0, 0x0C, 0x01, 0xC0, 0x9F, 0xF1, 0xF8, 0x08, 0x01, 0x80,
  0x18, 0x01, 0x83, 0xE0, 0x38, 0x00, 0x08, 0x01, 0x80, 0x38, 0x03, 0x80,
  0x10, 0x00, 0x00, 0x00, 0xFC, 0x38, 0xCE, 0x1D, 0x81, 0xF0, 0x3F, 0xFF,
  0xFF, 0xF8, 0x07, 0x00, 0x60, 0x0E, 0x04, 0xFF, 0x8F, 0xC0, 0x00, 0x80,
  0x30, 0x0E, 0x03, 0x80, 0xC0, 0x00, 0x00, 0x00, 0xFC, 0x38, 0xCE, 0x1D,
  0x81, 0xF0, 0x3F, 0xFF, 0xFF, 0xF8, 0x07, 0x00, 0x60, 0x0E, 0x04, 0xFF,
  0x8F, 0xC0, 0x02, 0x00, 0xE0, 0x3E, 0x0C, 0xC1, 0x04, 0x00, 0x00, 0x00,
  0xFC, 0x38, 0xCE, 0x1D, 0x81, 0xF0, 0x3F, 0xFF, 0xFF, 0xF8, 0x07, 0x00,
  0x60, 0x0E, 0x04, 0xFF, 0x8F, 0xC0, 0x18, 0xC7, 0x38, 0xE7, 0x00, 0x00,
  0x00, 0x00, 0x07, 0xE1, 0xC6, 0x70, 0xEC, 0x0F, 0x81, 0xFF, 0xFF, 0xFF,
  0xC0, 0x38, 0x03, 0x00, 0x70, 0x27, 0xFC, 0x7E, 0x00, 0x81, 0x83, 0x83,
  0x81, 0x00, 0x00, 0x7C, 0xF8, 0x70, 0xE1, 0xC3, 0x87, 0x0E, 0x1C, 0x38,
  0x70, 0xE7, 0xF0, 0x08, 0x30, 0xE3, 0x8C, 0x00, 0x00, 0x7C, 0xF8, 0x70,
  0xE1, 0xC3, 0x87, 0x0E, 0x1C, 0x38, 0x70, 0xE7, 0xF0, 0x10, 0x38, 0x7C,
  0xCC, 0x82, 0x00, 0x00, 0x7C, 0x7C, 0x1C, 0x1C, 0x1C, 0x1C, 0x1C, 0x1C,
  0x1C, 0x1C, 0x1C, 0x1C, 0x7F, 0x63, 0x73, 0xB9, 0xC0, 0x00, 0x00, 0x00,
  0xF8, 0x7C, 0x0E, 0x07, 0x03, 0x81, 0xC0, 0xE0, 0x70, 0x38, 0x1C, 0x0E,
  0x07, 0x0F, 0xE0, 0x10, 0x20, 0xFB, 0x00, 0xE0, 0x07, 0x80, 0x6E, 0x02,
  0x30, 0x01, 0xC0, 0xC6, 0x3F, 0xB3, 0xC7, 0x9C, 0x1D, 0xC0, 0x7E, 0x03,
  0x70, 0x1B, 0x80, 0xDC, 0x06, 0x60, 0x73, 0x83, 0x0E, 0x30, 0x3F, 0x00,
  0x0E, 0x30, 0x1F, 0xC0, 0x47, 0x80, 0x00, 0x00, 0x00, 0x00, 0x00, 0x3C,
  0xFC, 0x3B, 0xF8, 0x3C, 0x38, 0x70, 0x30, 0xE0, 0x61, 0xC0, 0xC3, 0x81,
  0x87, 0x03, 0x0E, 0x06, 0x1C, 0x0C, 0x38, 0x18, 0x70, 0x7B, 0xF9, 0xF8,
  0x08, 0x00, 0x60, 0x03, 0x80, 0x0E, 0x00, 0x10, 0x00, 0x00, 0x00, 0x03,
  0xF8, 0x39, 0xE3, 0x83, 0x98, 0x0D, 0xC0, 0x7E, 0x03, 0xF0, 0x1F, 0x80,
  0xFC, 0x06, 0x60, 0x33, 0x83, 0x8E, 0x38, 0x3F, 0x80, 0x00, 0x80, 0x0C,
  0x00, 0xE0, 0x0E, 0x00, 0xC0, 0x00, 0x00, 0x00, 0x03, 0xF8, 0x39, 0xE3,
  0x83, 0x98, 0x0D, 0xC0, 0x7E, 0x03, 0xF0, 0x1F, 0x80, 0xFC, 0x06, 0x60,
  0x33, 0x83, 0x8E, 0x38, 0x3F, 0x80, 0x02, 0x00, 0x38, 0x03, 0xE0, 0x33,
  0x01, 0x04, 0x00, 0x00, 0x00, 0x03, 0xF8, 0x39, 0xE3, 0x83, 0x98, 0x0D,
  0xC0, 0x7E, 0x03, 0xF0, 0x1F, 0x80, 0xFC, 0x06, 0x60, 0x33, 0x83, 0x8E,
  0x38, 0x3F, 0x80, 0x1C, 0x60, 0xFE, 0x08, 0xF0, 0x00, 0x00, 0x00, 0x00,
  0x00, 0x7F, 0x07, 0x3C, 0x70, 0x73, 0x01, 0xB8, 0x0F, 0xC0, 0x7E, 0x03,
  0xF0, 0x1F, 0x80, 0xCC, 0x06, 0x70, 0x71, 0xC7, 0x07, 0xF0, 0x18, 0xC1,
  0xCE, 0x0E, 0x70, 0x00, 0x00, 0x00, 0x00, 0x00, 0x7F, 0x07, 0x3C, 0x70,
  0x73, 0x01, 0xB8, 0x0F, 0xC0, 0x7E, 0x03, 0xF0, 0x1F, 0x80, 0xCC, 0x06,
  0x70, 0x71, 0xC7, 0x07, 0xF0, 0x0E, 0x01, 0xC0, 0x30, 0x00, 0x0F, 0xFF,
  0xFF, 0xC0, 0x00, 0x00, 0x0E, 0x01, 0xC0, 0x10, 0x00, 0x0F, 0xEC, 0x71,
  0xE3, 0x83, 0x8C, 0x1E, 0x70, 0xDD, 0xC6, 0x77, 0x31, 0xDD, 0x87, 0x7C,
  0x18, 0xE0, 0x63, 0x83, 0x9F, 0x1C, 0xEF, 0xE0, 0x08, 0x00, 0x30, 0x00,
  0xE0, 0x01, 0xC0, 0x01, 0x00, 0x00, 0x00, 0x00, 0x3C, 0x3C, 0xF0, 0xF0,
  0xC0, 0xC3, 0x03, 0x0C, 0x0C, 0x30, 0x30, 0xC0, 0xC3, 0x03, 0x0C, 0x0C,
  0x30, 0x30, 0xC1, 0xC3, 0xDF, 0x87, 0xCF, 0x00, 0x80, 0x06, 0x00, 0x38,
  0x01, 0xC0, 0x0C, 0x00, 0x00, 0x00, 0x00, 0x3C, 0x3C, 0xF0, 0xF0, 0xC0,
  0xC3, 0x03, 0x0C, 0x0C, 0x30, 0x30, 0xC0, 0xC3, 0x03, 0x0C, 0x0C, 0x30,
  0x30, 0xC1, 0xC3, 0xDF, 0x87, 0xCF, 0x02, 0x00, 0x1C, 0x00, 0xF8, 0x06,
  0x60, 0x10, 0x40, 0x00, 0x00, 0x00, 0x3C, 0x3C, 0xF0, 0xF0, 0xC0, 0xC3,
  0x03, 0x0C, 0x0C, 0x30, 0x30, 0xC0, 0xC3, 0x03, 0x0C, 0x0C, 0x30, 0x30,
  0xC1, 0xC3, 0xDF, 0x87, 0xCF, 0x18, 0xC0, 0xE7, 0x03, 0x9C, 0x00, 0x00,
  0x00, 0x00, 0x00, 0x0F, 0x0F, 0x3C, 0x3C, 0x30, 0x30, 0xC0, 0xC3, 0x03,
  0x0C, 0x0C, 0x30, 0x30, 0xC0, 0xC3, 0x03, 0x0C, 0x0C, 0x30, 0x70, 0xF7,
  0xE1, 0xF3, 0xC0, 0x00, 0x20, 0x00, 0xC0, 0x03, 0x80, 0x0E, 0x00, 0x30,
  0x00, 0x00, 0x00, 0x00, 0x3F, 0x3F, 0xF8, 0x3C, 0x70, 0x30, 0x60, 0xC0,
  0xE1, 0x81, 0xC2, 0x01, 0x8C, 0x03, 0x98, 0x03, 0x60, 0x07, 0xC0, 0x07,
  0x00, 0x0E, 0x00, 0x18, 0x00, 0x30, 0x00, 0x60, 0x19, 0x80, 0x73, 0x00,
  0xFC, 0x00, 0xF0, 0x00, 0x08, 0x03, 0xE0, 0x03, 0x80, 0x0E, 0x00, 0x38,
  0x00, 0xE0, 0x03, 0x80, 0x0E, 0xFC, 0x3F, 0xF8, 0xF0, 0x63, 0x81, 0xCE,
  0x07, 0x38, 0x0C, 0xE0, 0x33, 0x81, 0xCE, 0x07, 0x38, 0x1C, 0xE0, 0xE3,
  0xE7, 0x0F, 0xF8, 0x38, 0x00, 0xE0, 0x03, 0x80, 0x0E, 0x00, 0x7E, 0x01,
  0xF8, 0x00, 0x06, 0x30, 0x1C, 0xE0, 0x39, 0xC0, 0x00, 0x00, 0x00, 0x00,
  0x00, 0x1F, 0x9F, 0xFC, 0x1E, 0x38, 0x18, 0x30, 0x60, 0x70, 0xC0, 0xE1,
  0x00, 0xC6, 0x01, 0xCC, 0x01, 0xB0, 0x03, 0xE0, 0x03, 0x80, 0x07, 0x00,
  0x0C, 0x00, 0x18, 0x00, 0x30, 0x0C, 0xC0, 0x39, 0x80, 0x7E, 0x00, 0x78,
  0x00 };

const GFXglyph Literata_Regular13pt8bGlyphs[] PROGMEM = {
  {     0,   1,   1,   5,    0,    0 },   // 0x20 ' '
  {     1,   4,  18,   8,    2,  -17 },   // 0x21 '!'
  {    10,   6,   6,  10,    2,  -19 },   // 0x22 '"'
  {    15,  15,  14,  17,    1,  -13 },   // 0x23 '#'
  {    42,  13,  22,  14,    1,  -19 },   // 0x24 '$'
  {    78,  19,  15,  22,    1,  -14 },   // 0x25 '%'
  {   114,  19,  18,  21,    1,  -17 },   // 0x26 '&'
  {   157,   2,   6,   6,    2,  -19 },   // 0x27 '''
  {   159,   6,  26,   8,    2,  -20 },   // 0x28 '('
  {   179,   6,  26,   8,    1,  -20 },   // 0x29 ')'
  {   199,   9,  10,  11,    1,  -19 },   // 0x2A '*'
  {   211,  11,  11,  15,    2,  -12 },   // 0x2B '+'
  {   227,   4,   7,   8,    2,   -2 },   // 0x2C ','
  {   231,   7,   2,   9,    1,   -7 },   // 0x2D '-'
  {   233,   4,   3,   8,    2,   -2 },   // 0x2E '.'
  {   235,   9,  23,  11,    1,  -19 },   // 0x2F '/'
  {   261,  13,  18,  15,    1,  -17 },   // 0x30 '0'
  {   291,   9,  18,  10,    1,  -17 },   // 0x31 '1'
  {   312,  11,  18,  13,    1,  -17 },   // 0x32 '2'
  {   337,  11,  18,  14,    1,  -17 },   // 0x33 '3'
  {   362,  14,  18,  14,    0,  -17 },   // 0x34 '4'
  {   394,  12,  18,  13,    0,  -17 },   // 0x35 '5'
  {   421,  12,  18,  14,    1,  -17 },   // 0x36 '6'
  {   448,  13,  18,  13,    0,  -17 },   // 0x37 '7'
  {   478,  12,  18,  14,    1,  -17 },   // 0x38 '8'
  {   505,  11,  18,  13,    1,  -17 },   // 0x39 '9'
  {   530,   4,  13,   8,    2,  -12 },   // 0x3A ':'
  {   537,   4,  17,   8,    2,  -12 },   // 0x3B ';'
  {   546,  10,  13,  15,    2,  -13 },   // 0x3C '<'
  {   563,  11,   6,  15,    2,  -10 },   // 0x3D '='
  {   572,  10,  13,  15,    3,  -13 },   // 0x3E '>'
  {   589,  10,  18,  14,    2,  -17 },   // 0x3F '?'
  {   612,  19,  19,  22,    1,  -13 },   // 0x40 '@'
  {   658,  18,  18,  19,    0,  -17 },   // 0x41 'A'
  {   699,  14,  18,  17,    2,  -17 },   // 0x42 'B'
  {   731,  15,  18,  18,    1,  -17 },   // 0x43 'C'
  {   765,  16,  18,  19,    2,  -17 },   // 0x44 'D'
  {   801,  13,  18,  16,    2,  -17 },   // 0x45 'E'
  {   831,  13,  18,  16,    2,  -17 },   // 0x46 'F'
  {   861,  17,  18,  19,    1,  -17 },   // 0x47 'G'
  {   900,  18,  18,  21,    2,  -17 },   // 0x48 'H'
  {   941,   7,  18,  10,    2,  -17 },   // 0x49 'I'
  {   957,  12,  18,  14,    1,  -17 },   // 0x4A 'J'
  {   984,  17,  18,  19,    2,  -17 },   // 0x4B 'K'
  {  1023,  13,  18,  16,    2,  -17 },   // 0x4C 'L'
  {  1053,  22,  18,  26,    2,  -17 },   // 0x4D 'M'
  {  1103,  18,  18,  21,    2,  -17 },   // 0x4E 'N'
  {  1144,  17,  18,  19,    1,  -17 },   // 0x4F 'O'
  {  1183,  13,  18,  15,    2,  -17 },   // 0x50 'P'
  {  1213,  21,  23,  19,    1,  -17 },   // 0x51 'Q'
  {  1274,  16,  18,  18,    2,  -17 },   // 0x52 'R'
  {  1310,  13,  18,  15,    1,  -17 },   // 0x53 'S'
  {  1340,  17,  18,  19,    1,  -17 },   // 0x54 'T'
  {  1379,  18,  18,  21,    1,  -17 },   // 0x55 'U'
  {  1420,  17,  18,  19,    1,  -17 },   // 0x56 'V'
  {  1459,  26,  18,  28,    1,  -17 },   // 0x57 'W'
  {  1518,  18,  18,  18,    0,  -17 },   // 0x58 'X'
  {  1559,  17,  18,  18,    1,  -17 },   // 0x59 'Y'
  {  1598,  14,  18,  17,    1,  -17 },   // 0x5A 'Z'
  {  1630,   4,  26,   8,    3,  -20 },   // 0x5B '['
  {  1643,   9,  23,  11,    1,  -19 },   // 0x5C '\'
  {  1669,   5,  26,   8,    1,  -20 },   // 0x5D ']'
  {  1686,  13,   9,  15,    1,  -17 },   // 0x5E '^'
  {  1701,  12,   2,  12,    0,    2 },   // 0x5F '_'
  {  1704,   4,   5,  13,    4,  -19 },   // 0x60 '`'
  {  1707,  13,  13,  14,    1,  -12 },   // 0x61 'a'
  {  1729,  14,  20,  15,    0,  -19 },   // 0x62 'b'
  {  1764,  11,  13,  13,    1,  -12 },   // 0x63 'c'
  {  1782,  14,  20,  16,    1,  -19 },   // 0x64 'd'
  {  1817,  11,  13,  13,    1,  -12 },   // 0x65 'e'
  {  1835,  11,  20,  10,    1,  -19 },   // 0x66 'f'
  {  1863,  13,  21,  14,    1,  -14 },   // 0x67 'g'
  {  1898,  15,  20,  17,    1,  -19 },   // 0x68 'h'
  {  1936,   7,  19,   8,    1,  -18 },   // 0x69 'i'
  {  1953,   5,  25,   8,    1,  -18 },   // 0x6A 'j'
  {  1969,  15,  20,  16,    1,  -19 },   // 0x6B 'k'
  {  2007,   7,  20,   9,    1,  -19 },   // 0x6C 'l'
  {  2025,  23,  13,  25,    1,  -12 },   // 0x6D 'm'
  {  2063,  15,  13,  17,    1,  -12 },   // 0x6E 'n'
  {  2088,  13,  13,  15,    1,  -12 },   // 0x6F 'o'
  {  2110,  14,  19,  16,    1,  -12 },   // 0x70 'p'
  {  2144,  14,  19,  15,    1,  -12 },   // 0x71 'q'
  {  2178,  11,  13,  12,    1,  -12 },   // 0x72 'r'
  {  2196,  10,  13,  12,    1,  -12 },   // 0x73 's'
  {  2213,   9,  17,  10,    1,  -16 },   // 0x74 't'
  {  2233,  14,  13,  16,    1,  -12 },   // 0x75 'u'
  {  2256,  15,  13,  15,    0,  -12 },   // 0x76 'v'
  {  2281,  22,  13,  22,    0,  -12 },   // 0x77 'w'
  {  2317,  14,  13,  14,    0,  -12 },   // 0x78 'x'
  {  2340,  15,  19,  15,    0,  -12 },   // 0x79 'y'
  {  2376,  11,  13,  12,    1,  -12 },   // 0x7A 'z'
  {  2394,   8,  27,   9,    1,  -20 },   // 0x7B '{'
  {  2421,   1,  23,  11,    5,  -19 },   // 0x7C '|'
  {  2424,   7,  27,   9,    1,  -20 },   // 0x7D '}'
  {  2448,  11,   3,  15,    2,   -8 },   // 0x7E '~'
  {  2453,  10,  18,  13,    1,  -17 },   // 0x7F
  {  2476,  10,  18,  13,    1,  -17 },   // 0x80
  {  2499,  10,  18,  13,    1,  -17 },   // 0x81
  {  2522,  10,  18,  13,    1,  -17 },   // 0x82
  {  2545,  10,  18,  13,    1,  -17 },   // 0x83
  {  2568,  10,  18,  13,    1,  -17 },   // 0x84
  {  2591,  10,  18,  13,    1,  -17 },   // 0x85
  {  2614,  10,  18,  13,    1,  -17 },   // 0x86
  {  2637,  10,  18,  13,    1,  -17 },   // 0x87
  {  2660,  10,  18,  13,    1,  -17 },   // 0x88
  {  2683,  10,  18,  13,    1,  -17 },   // 0x89
  {  2706,  10,  18,  13,    1,  -17 },   // 0x8A
  {  2729,  10,  18,  13,    1,  -17 },   // 0x8B
  {  2752,  10,  18,  13,    1,  -17 },   // 0x8C
  {  2775,  10,  18,  13,    1,  -17 },   // 0x8D
  {  2798,  10,  18,  13,    1,  -17 },   // 0x8E
  {  2821,  10,  18,  13,    1,  -17 },   // 0x8F
  {  2844,  10,  18,  13,    1,  -17 },   // 0x90
  {  2867,  10,  18,  13,    1,  -17 },   // 0x91
  {  2890,  10,  18,  13,    1,  -17 },   // 0x92
  {  2913,  10,  18,  13,    1,  -17 },   // 0x93
  {  2936,  10,  18,  13,    1,  -17 },   // 0x94
  {  2959,  10,  18,  13,    1,  -17 },   // 0x95
  {  2982,  10,  18,  13,    1,  -17 },   // 0x96
  {  3005,  10,  18,  13,    1,  -17 },   // 0x97
  {  3028,  10,  18,  13,    1,  -17 },   // 0x98
  {  3051,  10,  18,  13,    1,  -17 },   // 0x99
  {  3074,  10,  18,  13,    1,  -17 },   // 0x9A
  {  3097,  10,  18,  13,    1,  -17 },   // 0x9B
  {  3120,  10,  18,  13,    1,  -17 },   // 0x9C
  {  3143,  10,  18,  13,    1,  -17 },   // 0x9D
  {  3166,  10,  18,  13,    1,  -17 },   // 0x9E
  {  3189,  10,  18,  13,    1,  -17 },   // 0x9F
  {  3212,   1,   1,   5,    0,    0 },   // 0xA0
  {  3213,   4,  18,   8,    2,  -12 },   // 0xA1
  {  3222,  11,  17,  13,    1,  -15 },   // 0xA2
  {  3246,  12,  18,  14,    1,  -17 },   // 0xA3
  {  3273,  11,  12,  14,    1,  -13 },   // 0xA4
  {  3290,  17,  18,  18,    1,  -17 },   // 0xA5
  {  3329,   1,  23,  11,    5,  -19 },   // 0xA6
  {  3332,  12,  22,  16,    2,  -17 },   // 0xA7
  {  3365,   8,   3,  13,    2,  -18 },   // 0xA8
  {  3368,  17,  16,  20,    2,  -15 },   // 0xA9
  {  3402,  10,  10,  11,    1,  -18 },   // 0xAA
  {  3415,  11,  11,  13,    1,  -11 },   // 0xAB
  {  3431,  11,   5,  15,    2,   -8 },   // 0xAC
  {  3438,   1,   1,   0,    0,    0 },   // 0xAD
  {  3439,   9,   9,  12,    2,  -18 },   // 0xAE
  {  3450,   7,   2,  13,    3,  -17 },   // 0xAF
  {  3452,   6,   6,   8,    1,  -19 },   // 0xB0
  {  3457,  11,  13,  15,    2,  -12 },   // 0xB1
  {  3475,   8,  11,  10,    1,  -20 },   // 0xB2
  {  3486,   8,  12,  11,    1,  -20 },   // 0xB3
  {  3498,   5,   5,  13,    4,  -19 },   // 0xB4
  {  3502,  13,  19,  16,    2,  -12 },   // 0xB5
  {  3533,  12,  22,  15,    2,  -17 },   // 0xB6
  {  3566,   4,   3,   8,    2,   -8 },   // 0xB7
  {  3568,   5,   6,  13,    4,    1 },   // 0xB8
  {  3572,   7,  11,   8,    1,  -20 },   // 0xB9
  {  3582,   9,  10,  11,    1,  -18 },   // 0xBA
  {  3594,  11,  11,  13,    1,  -11 },   // 0xBB
  {  3610,  22,  18,  23,    1,  -17 },   // 0xBC
  {  3660,  22,  18,  24,    1,  -17 },   // 0xBD
  {  3710,  23,  18,  24,    1,  -17 },   // 0xBE
  {  3762,  10,  18,  14,    2,  -12 },   // 0xBF
  {  3785,  18,  23,  19,    0,  -22 },   // 0xC0
  {  3837,  18,  23,  19,    0,  -22 },   // 0xC1
  {  3889,  18,  24,  19,    0,  -23 },   // 0xC2
  {  3943,  18,  23,  19,    0,  -22 },   // 0xC3
  {  3995,  18,  23,  19,    0,  -22 },   // 0xC4
  {  4047,  18,  24,  19,    0,  -23 },   // 0xC5
  {  4101,  24,  18,  25,    0,  -17 },   // 0xC6
  {  4155,  15,  24,  18,    1,  -17 },   // 0xC7
  {  4200,  13,  23,  16,    2,  -22 },   // 0xC8
  {  4238,  13,  23,  16,    2,  -22 },   // 0xC9
  {  4276,  13,  24,  16,    2,  -23 },   // 0xCA
  {  4315,  13,  23,  16,    2,  -22 },   // 0xCB
  {  4353,   7,  23,  10,    2,  -22 },   // 0xCC
  {  4374,   7,  23,  10,    2,  -22 },   // 0xCD
  {  4395,   9,  24,  10,    1,  -23 },   // 0xCE
  {  4422,   9,  23,  10,    1,  -22 },   // 0xCF
  {  4448,  17,  18,  19,    1,  -17 },   // 0xD0
  {  4487,  18,  23,  21,    2,  -22 },   // 0xD1
  {  4539,  17,  23,  19,    1,  -22 },   // 0xD2
  {  4588,  17,  23,  19,    1,  -22 },   // 0xD3
  {  4637,  17,  24,  19,    1,  -23 },   // 0xD4
  {  4688,  17,  23,  19,    1,  -22 },   // 0xD5
  {  4737,  17,  23,  19,    1,  -22 },   // 0xD6
  {  4786,   9,  10,  15,    3,  -12 },   // 0xD7
  {  4798,  17,  18,  19,    1,  -17 },   // 0xD8
  {  4837,  18,  23,  21,    1,  -22 },   // 0xD9
  {  4889,  18,  23,  21,    1,  -22 },   // 0xDA
  {  4941,  18,  24,  21,    1,  -23 },   // 0xDB
  {  4995,  18,  23,  21,    1,  -22 },   // 0xDC
  {  5047,  17,  23,  18,    1,  -22 },   // 0xDD
  {  5096,  13,  18,  15,    2,  -17 },   // 0xDE
  {  5126,  16,  20,  17,    1,  -19 },   // 0xDF
  {  5166,  13,  20,  14,    1,  -19 },   // 0xE0
  {  5199,  13,  20,  14,    1,  -19 },   // 0xE1
  {  5232,  13,  20,  14,    1,  -19 },   // 0xE2
  {  5265,  13,  19,  14,    1,  -18 },   // 0xE3
  {  5296,  13,  19,  14,    1,  -18 },   // 0xE4
  {  5327,  13,  20,  14,    1,  -19 },   // 0xE5
  {  5360,  19,  13,  20,    1,  -12 },   // 0xE6
  {  5391,  11,  19,  13,    1,  -12 },   // 0xE7
  {  5418,  11,  20,  13,    1,  -19 },   // 0xE8
  {  5446,  11,  20,  13,    1,  -19 },   // 0xE9
  {  5474,  11,  20,  13,    1,  -19 },   // 0xEA
  {  5502,  11,  19,  13,    1,  -18 },   // 0xEB
  {  5529,   7,  20,   8,    1,  -19 },   // 0xEC
  {  5547,   7,  20,   8,    1,  -19 },   // 0xED
  {  5565,   8,  20,   8,    0,  -19 },   // 0xEE
  {  5585,   9,  19,   8,   -1,  -18 },   // 0xEF
  {  5607,  13,  20,  15,    1,  -19 },   // 0xF0
  {  5640,  15,  19,  17,    1,  -18 },   // 0xF1
  {  5676,  13,  20,  15,    1,  -19 },   // 0xF2
  {  5709,  13,  20,  15,    1,  -19 },   // 0xF3
  {  5742,  13,  20,  15,    1,  -19 },   // 0xF4
  {  5775,  13,  19,  15,    1,  -18 },   // 0xF5
  {  5806,  13,  19,  15,    1,  -18 },   // 0xF6
  {  5837,  11,  11,  15,    2,  -12 },   // 0xF7
  {  5853,  14,  13,  15,    0,  -12 },   // 0xF8
  {  5876,  14,  20,  16,    1,  -19 },   // 0xF9
  {  5911,  14,  20,  16,    1,  -19 },   // 0xFA
  {  5946,  14,  20,  16,    1,  -19 },   // 0xFB
  {  5981,  14,  19,  16,    1,  -18 },   // 0xFC
  {  6015,  15,  26,  15,    0,  -19 },   // 0xFD
  {  6064,  14,  26,  15,    0,  -19 },   // 0xFE
  {  6110,  15,  25,  15,    0,  -18 } }; // 0xFF

const GFXfont Literata_Regular13pt8b PROGMEM = {
  (uint8_t  *)Literata_Regular13pt8bBitmaps,
  (GFXglyph *)Literata_Regular13pt8bGlyphs,
  0x20, 0xFF, 38 };

// Approx. 7732 bytes

const uint8_t Literata_Regular14pt8bBitmaps[] PROGMEM = {
  0x00, 0x27, 0x77, 0x77, 0x77, 0x66, 0x22, 0x22, 0x20, 0x07, 0xF7, 0xEF,
  0x9F, 0x36, 0x6C, 0x48, 0x80, 0x06, 0x08, 0x06, 0x08, 0x04, 0x18, 0x04,
  0x18, 0x7F, 0xFF, 0x0C, 0x18, 0x0C, 0x10, 0x0C, 0x10, 0x0C, 0x10, 0x08,
  0x30, 0xFF, 0xFE, 0x08, 0x30, 0x18, 0x20, 0x18, 0x20, 0x18, 0x20, 0x03,
  0x00, 0x0C, 0x00, 0x31, 0x87, 0xF6, 0x3B, 0x79, 0xCC, 0xE7, 0x31, 0x9C,
  0xC6, 0x73, 0x01, 0xEC, 0x03, 0xF0, 0x07, 0xF0, 0x0F, 0xF0, 0x0F, 0xE0,
  0x37, 0x80, 0xCF, 0xC3, 0x1F, 0x8C, 0x76, 0x31, 0x9C, 0xCE, 0x7F, 0xF1,
  0x3F, 0x80, 0x30, 0x00, 0xC0, 0x3E, 0x03, 0x83, 0x18, 0x30, 0x38, 0xE1,
  0x81, 0x83, 0x18, 0x0C, 0x18, 0xC0, 0x71, 0xCC, 0x01, 0x8C, 0xE0, 0x07,
  0xC6, 0x00, 0x00, 0x63, 0xF0, 0x03, 0x31, 0xC0, 0x31, 0x86, 0x03, 0x9C,
  0x30, 0x18, 0xE1, 0x81, 0x83, 0x0C, 0x0C, 0x1C, 0xC0, 0xC0, 0x7C, 0x01,
  0x80, 0x00, 0xFE, 0x00, 0x1C, 0x60, 0x01, 0x83, 0x00, 0x18, 0x30, 0x01,
  0x83, 0x00, 0x1C, 0x60, 0x01, 0xCE, 0x1F, 0x0F, 0x83, 0xF0, 0x70, 0x37,
  0x1F, 0x86, 0x03, 0x1C, 0x40, 0x70, 0xE4, 0x06, 0x07, 0xC0, 0xE0, 0x3C,
  0x0E, 0x01, 0xC0, 0x70, 0x1E, 0x17, 0x01, 0xFF, 0x3C, 0x73, 0xE1, 0xFE,
  0x1C, 0xFB, 0x6C, 0x80, 0x04, 0x31, 0x86, 0x30, 0xC7, 0x18, 0x63, 0x8E,
  0x38, 0xE3, 0x8E, 0x38, 0xE3, 0x86, 0x18, 0x71, 0xC3, 0x0E, 0x18, 0x30,
  0xC1, 0xC3, 0x06, 0x1C, 0x30, 0xE3, 0x86, 0x18, 0x71, 0xC7, 0x1C, 0x71,
  0xC7, 0x1C, 0x71, 0x86, 0x38, 0xC3, 0x1C, 0x61, 0x0C, 0x20, 0x0C, 0x03,
  0x06, 0xDD, 0xDE, 0x0E, 0x0F, 0xC6, 0xDD, 0x32, 0x0C, 0x03, 0x00, 0x06,
  0x00, 0x60, 0x06, 0x00, 0x60, 0x06, 0x0F, 0xFF, 0x06, 0x00, 0x60, 0x06,
  0x00, 0x60, 0x06, 0x00, 0x60, 0x23, 0xBE, 0xF1, 0x18, 0xDC, 0x40, 0xFF,
  0xFF, 0x23, 0xBE, 0xE0, 0x00, 0xC0, 0x30, 0x08, 0x06, 0x01, 0x80, 0xC0,
  0x30, 0x0C, 0x06, 0x01, 0x80, 0x40, 0x30, 0x0C, 0x02, 0x01, 0x80, 0x60,
  0x10, 0x0C, 0x03, 0x01, 0x80, 0x60, 0x18, 0x0C, 0x03, 0x00, 0xC0, 0x00,
  0x03, 0x00, 0x7F, 0x83, 0x8F, 0x0C, 0x0C, 0x70, 0x39, 0x80, 0x6E, 0x01,
  0xF8, 0x07, 0xE0, 0x1F, 0x80, 0x7E, 0x01, 0xF8, 0x07, 0xE0, 0x1F, 0x80,
  0x7E, 0x01, 0x98, 0x0E, 0x70, 0x38, 0xE1, 0xC3, 0xCE, 0x03, 0xF0, 0x04,
  0x7E, 0x3F, 0x03, 0x81, 0xC0, 0xE0, 0x70, 0x38, 0x1C, 0x0E, 0x07, 0x03,
  0x81, 0xC0, 0xE0, 0x70, 0x38, 0x1C, 0x0E, 0x1F, 0xDF, 0xF0, 0x0C, 0x03,
  0xF8, 0xF1, 0xCC, 0x0E, 0xE0, 0xEE, 0x06, 0x00, 0x60, 0x0E, 0x00, 0xE0,
  0x1C, 0x01, 0xC0, 0x38, 0x07, 0x00, 0xE0, 0x1C, 0x03, 0x83, 0x70, 0x3E,
  0x0F, 0xFF, 0xFF, 0xFE, 0x06, 0x03, 0xFC, 0x79, 0xE6, 0x0E, 0xF0, 0x77,
  0x07, 0x00, 0x60, 0x0E, 0x01, 0xC0, 0x78, 0x07, 0xC0, 0x0E, 0x00, 0x70,
  0x07, 0x00, 0x70, 0x07, 0xC0, 0x7E, 0x0F, 0x7F, 0xE3, 0xF8, 0x00, 0xF0,
  0x01, 0xE0, 0x07, 0xC0, 0x1F, 0x80, 0x37, 0x00, 0xCE, 0x01, 0x9C, 0x06,
  0x38, 0x18, 0x70, 0x30, 0xE0, 0xC1, 0xC3, 0x03, 0x87, 0xFF, 0xFF, 0xFF,
  0xC0, 0x1C, 0x00, 0x38, 0x00, 0x70, 0x03, 0xF0, 0x1F, 0xF0, 0x1F, 0xF0,
  0xFF, 0x84, 0x00, 0x60, 0x03, 0x00, 0x18, 0x00, 0xC0, 0x07, 0xF8, 0x3F,
  0xF1, 0x83, 0x80, 0x0E, 0x00, 0x70, 0x03, 0x80, 0x1C, 0x00, 0xF8, 0x0F,
  0x70, 0x71, 0xFF, 0x07, 0xF0, 0x00, 0x80, 0x7F, 0x87, 0x8E, 0x70, 0x73,
  0x07, 0xB8, 0x01, 0x80, 0x1C, 0x00, 0xEF, 0xC7, 0xEF, 0x3C, 0x1D, 0xC0,
  0x6E, 0x03, 0xF0, 0x1F, 0x80, 0xFC, 0x07, 0x60, 0x33, 0x83, 0x8E, 0x38,
  0x3F, 0x80, 0x7F, 0xFB, 0xFF, 0xDC, 0x06, 0x80, 0x6C, 0x06, 0x00, 0x30,
  0x03, 0x00, 0x38, 0x01, 0x80, 0x1C, 0x00, 0xE0, 0x06, 0x00, 0x70, 0x03,
  0x80, 0x1C, 0x00, 0xE0, 0x07, 0x00, 0x78, 0x03, 0xC0, 0x03, 0x00, 0xFF,
  0x1C, 0x3C, 0xC0, 0xE6, 0x03, 0x30, 0x19, 0xC1, 0xCF, 0x0C, 0x3E, 0xC0,
  0xFC, 0x07, 0xF8, 0xE3, 0xE6, 0x07, 0xF0, 0x1F, 0x00, 0xF8, 0x07, 0xE0,
  0x3F, 0x01, 0x9E, 0x3C, 0x7F, 0x80, 0x06, 0x03, 0xFC, 0x70, 0xEE, 0x06,
  0xE0, 0x7C, 0x03, 0xC0, 0x3C, 0x03, 0xC0, 0x7E, 0x07, 0xF0, 0xF7, 0xFB,
  0x3F, 0x70, 0x07, 0x00, 0x70, 0x07, 0x00, 0xEC, 0x1E, 0xFF, 0xC3, 0xF8,
  0x77, 0xDE, 0xE0, 0x00, 0x00, 0x00, 0x08, 0xEF, 0xB8, 0x77, 0xBC, 0xE0,
  0x00, 0x00, 0x00, 0x08, 0xEF, 0xBC, 0x46, 0x37, 0x10, 0x00, 0x20, 0x1C,
  0x07, 0x03, 0x81, 0xE0, 0x70, 0x38, 0x07, 0x00, 0x70, 0x03, 0x80, 0x3C,
  0x01, 0xC0, 0x0E, 0x00, 0xC0, 0xFF, 0xFF, 0xFF, 0x00, 0x00, 0x00, 0x00,
  0x0F, 0xFF, 0xFF, 0xF0, 0x80, 0x1C, 0x01, 0xC0, 0x0E, 0x00, 0xF0, 0x07,
  0x00, 0x38, 0x07, 0x01, 0xC0, 0xE0, 0x78, 0x1C, 0x0E, 0x01, 0x00, 0x00,
  0x0C, 0x0F, 0xEE, 0x1F, 0x83, 0xE0, 0xF8, 0x30, 0x1C, 0x0F, 0x07, 0x83,
  0xC0, 0xE0, 0x30, 0x0C, 0x02, 0x00, 0x80, 0x00, 0x00, 0x07, 0x01, 0xE0,
  0x70, 0x00, 0x38, 0x00, 0x1F, 0xF8, 0x03, 0xC0, 0x70, 0x38, 0x00, 0xC3,
  0x80, 0x03, 0x18, 0x3D, 0x19, 0x87, 0xF8, 0x4C, 0x70, 0xC3, 0x43, 0x06,
  0x1A, 0x18, 0x70, 0xF1, 0xC3, 0x87, 0x8E, 0x1C, 0x34, 0x71, 0xE1, 0x23,
  0x8B, 0x19, 0x8F, 0xD9, 0x8C, 0x3C, 0xF8, 0x30, 0x00, 0x01, 0xC0, 0x00,
  0x07, 0x00, 0x60, 0x0F, 0xBE, 0x00, 0x1F, 0xC0, 0x00, 0x00, 0x70, 0x00,
  0x0F, 0x00, 0x00, 0xF8, 0x00, 0x1B, 0x80, 0x01, 0x98, 0x00, 0x19, 0xC0,
  0x03, 0x1C, 0x00, 0x30, 0xC0, 0x02, 0x0E, 0x00, 0x60, 0xE0, 0x06, 0x06,
  0x00, 0x7F, 0xF0, 0x0F, 0xFF, 0x00, 0xC0, 0x38, 0x18, 0x03, 0x81, 0x80,
  0x38, 0x18, 0x01, 0xC3, 0xC0, 0x3E, 0xFE, 0x0F, 0xF0, 0xFF, 0xE0, 0xF1,
  0xF0, 0xE0, 0xE1, 0xC0, 0xE3, 0x81, 0xC7, 0x03, 0x8E, 0x0E, 0x1C, 0x38,
  0x3F, 0xC0, 0x7F, 0xE0, 0xE0, 0xF1, 0xC0, 0xE3, 0x80, 0xE7, 0x01, 0xCE,
  0x03, 0x9C, 0x0F, 0x38, 0x1C, 0xFF, 0xF3, 0xFF, 0x80, 0x00, 0xC2, 0x03,
  0xFD, 0x07, 0x87, 0xC7, 0x00, 0xE3, 0x80, 0x33, 0x80, 0x19, 0xC0, 0x04,
  0xE0, 0x00, 0xE0, 0x00, 0x70, 0x00, 0x38, 0x00, 0x1C, 0x00, 0x06, 0x00,
  0x03, 0x80, 0x01, 0xC0, 0x00, 0xF0, 0x02, 0x38, 0x01, 0x8E, 0x03, 0x83,
  0xFF, 0x80, 0xFF, 0x00, 0xFF, 0xF0, 0x1E, 0x1F, 0x03, 0x80, 0xE0, 0xE0,
  0x1C, 0x38, 0x03, 0x8E, 0x00, 0xE3, 0x80, 0x38, 0xE0, 0x07, 0x38, 0x01,
  0xCE, 0x00, 0x73, 0x80, 0x1C, 0xE0, 0x0E, 0x38, 0x03, 0x8E, 0x00, 0xE3,
  0x80, 0x70, 0xE0, 0x1C, 0x38, 0x1E, 0x1F, 0xFE, 0x0F, 0xFE, 0x00, 0xFF,
  0xF8, 0xE1, 0xE3, 0x81, 0x8E, 0x06, 0x38, 0x08, 0xE0, 0x03, 0x82, 0x0E,
  0x18, 0x3F, 0xE0, 0xFF, 0x83, 0x86, 0x0E, 0x08, 0x38, 0x00, 0xE0, 0x03,
  0x80, 0xCE, 0x03, 0x38, 0x1D, 0xE1, 0xFF, 0xFF, 0x80, 0xFF, 0xF8, 0xE0,
  0xE3, 0x81, 0x8E, 0x02, 0x38, 0x0C, 0xE0, 0x03, 0x80, 0x0E, 0x08, 0x38,
  0x60, 0xFF, 0x83, 0xFE, 0x0E, 0x18, 0x38, 0x20, 0xE1, 0x03, 0x80, 0x0E,
  0x00, 0x38, 0x01, 0xF0, 0x0F, 0xF0, 0x00, 0x00, 0xC2, 0x00, 0xFF, 0x60,
  0x78, 0x7C, 0x0E, 0x03, 0x83, 0x80, 0x30, 0xE0, 0x06, 0x1C, 0x00, 0x63,
  0x80, 0x00, 0xE0, 0x00, 0x1C, 0x00, 0x03, 0x80, 0x00, 0x70, 0x0F, 0xFE,
  0x00, 0x78, 0xE0, 0x06, 0x1C, 0x00, 0xC3, 0x80, 0x18, 0x38, 0x03, 0x03,
  0x80, 0xE0, 0x3E, 0xFC, 0x03, 0xFC, 0x80, 0xFE, 0x0F, 0xEF, 0x00, 0x78,
  0xE0, 0x0E, 0x1C, 0x01, 0xC3, 0x80, 0x38, 0x70, 0x07, 0x0E, 0x00, 0xE1,
  0xC0, 0x1C, 0x3F, 0xFF, 0x87, 0xFF, 0xF0, 0xE0, 0x0E, 0x1C, 0x01, 0xC3,
  0x80, 0x38, 0x70, 0x07, 0x0E, 0x00, 0xE1, 0xC0, 0x1C, 0x38, 0x03, 0x8F,
  0x80, 0xFB, 0xF8, 0x3F, 0x80, 0xFF, 0x3C, 0x38, 0x38, 0x38, 0x38, 0x38,
  0x38, 0x38, 0x38, 0x38, 0x38, 0x38, 0x38, 0x38, 0x38, 0x38, 0x7C, 0xFF,
  0x07, 0xF8, 0x0F, 0x00, 0x38, 0x01, 0xC0, 0x0E, 0x00, 0x70, 0x03, 0x80,
  0x1C, 0x00, 0xE0, 0x07, 0x00, 0x38, 0x01, 0xC0, 0x0E, 0x00, 0x71, 0xC3,
  0x9E, 0x18, 0xE1, 0xC3, 0x9C, 0x0F, 0xC0, 0xFF, 0x3F, 0x8F, 0x03, 0x83,
  0x80, 0xC0, 0xE0, 0x60, 0x38, 0x30, 0x0E, 0x18, 0x03, 0x8C, 0x00, 0xE6,
  0x00, 0x3B, 0x80, 0x0F, 0xF0, 0x03, 0xDC, 0x00, 0xE3, 0x80, 0x38, 0xE0,
  0x0E, 0x1C, 0x03, 0x83, 0x80, 0xE0, 0xE0, 0x38, 0x1C, 0x1F, 0x07, 0xDF,
  0xF0, 0xFC, 0xFF, 0x01, 0xF0, 0x03, 0x80, 0x0E, 0x00, 0x38, 0x00, 0xE0,
  0x03, 0x80, 0x0E, 0x00, 0x38, 0x00, 0xE0, 0x03, 0x80, 0x0E, 0x00, 0x38,
  0x00, 0xE0, 0x33, 0x80, 0xCE, 0x07, 0x38, 0x19, 0xFF, 0xEF, 0xFF, 0x80,
  0x7E, 0x00, 0xFE, 0x3F, 0x00, 0xF8, 0x1F, 0x00, 0xF8, 0x1B, 0x01, 0xB8,
  0x1B, 0x81, 0xB8, 0x1B, 0x81, 0x38, 0x19, 0x83, 0x38, 0x19, 0xC3, 0x38,
  0x19, 0xC2, 0x38, 0x18, 0xC6, 0x38, 0x10, 0xE6, 0x38, 0x30, 0xEC, 0x38,
  0x30, 0x6C, 0x38, 0x30, 0x7C, 0x38, 0x30, 0x78, 0x38, 0x30, 0x38, 0x18,
  0x30, 0x00, 0x18, 0x78, 0x00, 0x7E, 0xFE, 0x00, 0xFF, 0xFC, 0x0F, 0xEF,
  0xC0, 0x70, 0xF8, 0x06, 0x1B, 0x80, 0xC3, 0x78, 0x18, 0x67, 0x03, 0x0C,
  0x70, 0x61, 0x8E, 0x0C, 0x30, 0xE1, 0x86, 0x1C, 0x30, 0xC1, 0xC6, 0x18,
  0x3C, 0xC3, 0x03, 0x98, 0x60, 0x3B, 0x0C, 0x07, 0x61, 0x80, 0x7C, 0x30,
  0x0F, 0x8F, 0x00, 0xF3, 0xF0, 0x0E, 0x00, 0x00, 0xC0, 0x01, 0xFF, 0x00,
  0xE1, 0xE0, 0x70, 0x1C, 0x38, 0x03, 0x9C, 0x00, 0xF7, 0x00, 0x1D, 0xC0,
  0x07, 0x60, 0x01, 0xF8, 0x00, 0x7E, 0x00, 0x1F, 0x80, 0x07, 0xE0, 0x01,
  0xDC, 0x00, 0x77, 0x00, 0x1D, 0xC0, 0x06, 0x38, 0x03, 0x87, 0x01, 0xC0,
  0xFB, 0xE0, 0x1F, 0xE0, 0xFF, 0xE1, 0xE3, 0xC3, 0x83, 0x8E, 0x07, 0x38,
  0x1C, 0xE0, 0x73, 0x81, 0xCE, 0x06, 0x38, 0x38, 0xE1, 0xC3, 0xFE, 0x0E,
  0x00, 0x38, 0x00, 0xE0, 0x03, 0x80, 0x0E, 0x00, 0x38, 0x01, 0xF0, 0x0F,
  0xF0, 0x00, 0x00, 0xC0, 0x00, 0x0F, 0xF8, 0x00, 0x38, 0x78, 0x00, 0xE0,
  0x38, 0x03, 0x80, 0x38, 0x0E, 0x00, 0x78, 0x1C, 0x00, 0x70, 0x38, 0x00,
  0xE0, 0x60, 0x01, 0xC1, 0xC0, 0x03, 0x83, 0x80, 0x07, 0x07, 0x00, 0x0E,
  0x0E, 0x00, 0x1C, 0x0E, 0x70, 0x38, 0x1F, 0xF8, 0x70, 0x3C, 0x38, 0xC0,
  0x38, 0x33, 0x80, 0x38, 0x3E, 0x00, 0x3E, 0x78, 0x00, 0x3F, 0xF0, 0x00,
  0x00, 0xE0, 0x00, 0x00, 0xE0, 0x40, 0x01, 0xF7, 0x80, 0x01, 0xFE, 0x00,
  0x01, 0xF8, 0xFF, 0xE0, 0x3C, 0x7C, 0x0E, 0x0E, 0x07, 0x03, 0x83, 0x81,
  0xC1, 0xC0, 0xE0, 0xE0, 0x70, 0x70, 0x70, 0x38, 0xF0, 0x1F, 0xE0, 0x0E,
  0x38, 0x07, 0x1E, 0x03, 0x87, 0x01, 0xC3, 0x80, 0xE0, 0xE0, 0x70, 0x70,
  0x38, 0x1C, 0x3E, 0x0F, 0x7F, 0xC3, 0xE0, 0x06, 0x31, 0xFF, 0x9C, 0x3C,
  0xC0, 0x6E, 0x03, 0x70, 0x0B, 0x80, 0x1E, 0x00, 0x7C, 0x01, 0xFC, 0x03,
  0xF8, 0x07, 0xE0, 0x0F, 0x00, 0x1E, 0x00, 0xF8, 0x07, 0xC0, 0x37, 0x01,
  0xBF, 0x79, 0x3F, 0x80, 0x7F, 0xFF, 0x9E, 0x30, 0xE6, 0x0C, 0x1F, 0x03,
  0x03, 0xC0, 0xC0, 0xD0, 0x30, 0x20, 0x0C, 0x00, 0x03, 0x00, 0x00, 0xC0,
  0x00, 0x30, 0x00, 0x0C, 0x00, 0x03, 0x00, 0x00, 0xC0, 0x00, 0x30, 0x00,
  0x0C, 0x00, 0x03, 0x00, 0x00, 0xC0, 0x00, 0xFC, 0x00, 0x7F, 0xC0, 0xFF,
  0x07, 0xF3, 0xC0, 0x1C, 0x1C, 0x00, 0xC1, 0xC0, 0x0C, 0x1C, 0x00, 0xC1,
  0xC0, 0x0C, 0x1C, 0x00, 0xC1, 0xC0, 0x0C, 0x1C, 0x00, 0xC1, 0xC0, 0x0C,
  0x1C, 0x00, 0xC1, 0xC0, 0x0C, 0x1C, 0x00, 0x81, 0xC0, 0x18, 0x1C, 0x01,
  0x81, 0xC0, 0x18, 0x0E, 0x03, 0x00, 0x7F, 0xF0, 0x03, 0xFC, 0x00, 0xFE,
  0x0F, 0xEF, 0x00, 0x70, 0xE0, 0x0C, 0x1C, 0x01, 0x81, 0x80, 0x30, 0x38,
  0x0C, 0x07, 0x01, 0x80, 0x60, 0x30, 0x0E, 0x0C, 0x01, 0xC1, 0x80, 0x18,
  0x20, 0x03, 0x8C, 0x00, 0x71, 0x80, 0x06, 0x20, 0x00, 0xEC, 0x00, 0x1D,
  0x80, 0x01, 0xA0, 0x00, 0x3C, 0x00, 0x07, 0x80, 0x00, 0xFE, 0x0F, 0x03,
  0xF7, 0x80, 0xF0, 0x1E, 0x38, 0x0F, 0x00, 0xC3, 0x80, 0xB8, 0x0C, 0x38,
  0x1B, 0x81, 0x81, 0x81, 0x98, 0x18, 0x1C, 0x19, 0xC1, 0x81, 0xC1, 0x1C,
  0x18, 0x1C, 0x31, 0xC3, 0x00, 0xC3, 0x0C, 0x30, 0x0E, 0x30, 0xE3, 0x00,
  0xE6, 0x0E, 0x30, 0x0E, 0x60, 0x62, 0x00, 0x66, 0x07, 0x60, 0x07, 0x60,
  0x76, 0x00, 0x7C, 0x03, 0x60, 0x07, 0xC0, 0x3C, 0x00, 0x3C, 0x03, 0xC0,
  0x03, 0xC0, 0x3C, 0x00, 0x7E, 0x0F, 0xDF, 0x80, 0xF0, 0x70, 0x1C, 0x07,
  0x03, 0x00, 0xF0, 0xC0, 0x0E, 0x30, 0x00, 0xE6, 0x00, 0x0F, 0x80, 0x01,
  0xE0, 0x00, 0x1C, 0x00, 0x03, 0xC0, 0x00, 0xDC, 0x00, 0x33, 0x80, 0x0C,
  0x38, 0x03, 0x83, 0x80, 0x60, 0x38, 0x18, 0x07, 0x0F, 0x80, 0xFF, 0xF8,
  0x3F, 0x80, 0xFE, 0x1F, 0xDE, 0x01, 0xC3, 0x80, 0x60, 0x70, 0x18, 0x1C,
  0x0C, 0x03, 0x83, 0x00, 0x71, 0x80, 0x1C, 0xC0, 0x03, 0xB0, 0x00, 0xF8,
  0x00, 0x1C, 0x00, 0x07, 0x00, 0x01, 0xC0, 0x00, 0x70, 0x00, 0x1C, 0x00,
  0x07, 0x00, 0x01, 0xC0, 0x00, 0xF8, 0x00, 0x7F, 0x80, 0xFF, 0xFF, 0xC0,
  0x7C, 0x03, 0xB0, 0x1E, 0xC0, 0x70, 0x03, 0x80, 0x1C, 0x00, 0x70, 0x03,
  0x80, 0x1C, 0x00, 0x70, 0x03, 0x80, 0x1C, 0x00, 0xF0, 0x03, 0x80, 0xDC,
  0x03, 0xF0, 0x1F, 0xFF, 0xFF, 0xFF, 0xC0, 0xFE, 0x31, 0x8C, 0x63, 0x18,
  0xC6, 0x31, 0x8C, 0x63, 0x18, 0xC6, 0x31, 0x8C, 0x63, 0x18, 0xC6, 0x3F,
  0xF0, 0x80, 0x30, 0x0C, 0x01, 0x80, 0x60, 0x18, 0x03, 0x00, 0xC0, 0x10,
  0x06, 0x01, 0x80, 0x20, 0x0C, 0x03, 0x00, 0x40, 0x18, 0x06, 0x00, 0xC0,
  0x30, 0x0C, 0x01, 0x80, 0x60, 0x08, 0x03, 0x00, 0xC0, 0xF8, 0xC6, 0x31,
  0x8C, 0x63, 0x18, 0xC6, 0x31, 0x8C, 0x63, 0x18, 0xC6, 0x31, 0x8C, 0x63,
  0x18, 0xFF, 0xF0, 0x03, 0x00, 0x0C, 0x00, 0x78, 0x03, 0x30, 0x0C, 0xC0,
  0x61, 0x83, 0x03, 0x0C, 0x0C, 0x60, 0x1B, 0x00, 0x34, 0x00, 0x80, 0xFF,
  0xFF, 0xFF, 0xC0, 0xC7, 0x3C, 0x61, 0x80, 0x1F, 0x81, 0xC7, 0x06, 0x0E,
  0x3C, 0x38, 0x60, 0xE0, 0x03, 0x80, 0x7E, 0x0F, 0xF8, 0x70, 0xE1, 0x83,
  0x8E, 0x0E, 0x38, 0x38, 0x7F, 0x78, 0xF9, 0xF0, 0x78, 0x01, 0xF0, 0x00,
  0x60, 0x00, 0xC0, 0x01, 0x80, 0x03, 0x00, 0x06, 0x00, 0x0C, 0xFC, 0x1B,
  0xFC, 0x3C, 0x3C, 0x70, 0x38, 0xE0, 0x71, 0x80, 0x63, 0x00, 0xC6, 0x01,
  0x8C, 0x07, 0x18, 0x0E, 0x30, 0x1C, 0x70, 0x70, 0xF9, 0xE1, 0xFF, 0x00,
  0x0F, 0xC3, 0xCE, 0x30, 0x77, 0x0F, 0x60, 0x6E, 0x00, 0xE0, 0x0E, 0x00,
  0xE0, 0x06, 0x00, 0x70, 0x07, 0x83, 0x3F, 0xE1, 0xFC, 0x00, 0xF8, 0x01,
  0xF0, 0x00, 0xE0, 0x01, 0xC0, 0x03, 0x80, 0x07, 0x00, 0x0E, 0x07, 0xFC,
  0x3F, 0xF8, 0x60, 0x71, 0xC0, 0xE3, 0x01, 0xCE, 0x03, 0x9C, 0x07, 0x38,
  0x0E, 0x70, 0x1C, 0xE0, 0x38, 0xE0, 0x71, 0xC1, 0xE1, 0xFE, 0xE1, 0xF9,
  0xE0, 0x0F, 0xC3, 0x8E, 0x30, 0x77, 0x07, 0x60, 0x7E, 0x07, 0xFF, 0xFE,
  0x00, 0xE0, 0x06, 0x00, 0x70, 0x07, 0x83, 0x3F, 0xE1, 0xFC, 0x07, 0xE1,
  0x8C, 0x63, 0x8C, 0x71, 0x80, 0x30, 0x06, 0x07, 0xFC, 0xFF, 0x83, 0x00,
  0x60, 0x0C, 0x01, 0x80, 0x30, 0x06, 0x00, 0xC0, 0x18, 0x03, 0x00, 0xE0,
  0x3F, 0x0F, 0xF0, 0x00, 0x1C, 0x00, 0xF1, 0xFA, 0xDC, 0x78, 0x60, 0xE3,
  0x81, 0x8E, 0x07, 0x38, 0x18, 0x60, 0x61, 0xE7, 0x83, 0xF8, 0x18, 0x00,
  0x60, 0x01, 0xC0, 0x07, 0xFF, 0x0F, 0xFE, 0x60, 0x7B, 0x00, 0x6C, 0x01,
  0xB0, 0x0E, 0xFD, 0xF1, 0xFF, 0x00, 0xF8, 0x00, 0xF8, 0x00, 0x38, 0x00,
  0x18, 0x00, 0x18, 0x00, 0x18, 0x00, 0x18, 0x00, 0x19, 0xF8, 0x1B, 0xF8,
  0x1C, 0x1C, 0x1C, 0x1C, 0x18, 0x0C, 0x18, 0x0C, 0x18, 0x0C, 0x18, 0x0C,
  0x18, 0x0C, 0x18, 0x0C, 0x18, 0x0C, 0x38, 0x0C, 0x3C, 0x1E, 0x7E, 0x3F,
  0x10, 0x70, 0xE1, 0xC0, 0x00, 0x00, 0x7C, 0xF8, 0x70, 0x60, 0xC1, 0x83,
  0x06, 0x0C, 0x18, 0x30, 0xE3, 0xEF, 0xE0, 0x33, 0xDE, 0x70, 0x00, 0x1F,
  0xF9, 0xCE, 0x73, 0x9C, 0xE7, 0x39, 0xCE, 0x73, 0x9C, 0xC6, 0x73, 0x30,
  0xF8, 0x00, 0xF8, 0x00, 0x38, 0x00, 0x18, 0x00, 0x18, 0x00, 0x18, 0x00,
  0x18, 0x00, 0x18, 0x7E, 0x18, 0xFC, 0x18, 0x30, 0x18, 0x60, 0x18, 0xC0,
  0x1B, 0x80, 0x1F, 0x00, 0x1B, 0x80, 0x19, 0xC0, 0x18, 0xE0, 0x18, 0xF0,
  0x18, 0x78, 0x7C, 0x3F, 0xFE, 0x1F, 0xF8, 0xF8, 0x38, 0x18, 0x18, 0x18,
  0x18, 0x18, 0x18, 0x18, 0x18, 0x18, 0x18, 0x18, 0x18, 0x18, 0x18, 0x18,
  0x18, 0x7E, 0xFF, 0xF9, 0xF0, 0xF8, 0x7D, 0xFD, 0xFE, 0x0F, 0x07, 0x87,
  0x03, 0x83, 0x81, 0xC1, 0x81, 0xC0, 0xE0, 0xC0, 0xE0, 0x70, 0x60, 0x70,
  0x38, 0x30, 0x38, 0x1C, 0x18, 0x1C, 0x0E, 0x0C, 0x0E, 0x07, 0x06, 0x07,
  0x03, 0x87, 0x03, 0x81, 0xC3, 0xC3, 0xE1, 0xF3, 0xF3, 0xF9, 0xFC, 0xF9,
  0xF8, 0xFB, 0xF8, 0x3C, 0x1C, 0x1C, 0x1C, 0x18, 0x0C, 0x18, 0x0C, 0x18,
  0x0C, 0x18, 0x0C, 0x18, 0x0C, 0x18, 0x0C, 0x18, 0x0C, 0x38, 0x0C, 0x3C,
  0x1E, 0x7E, 0x3F, 0x0F, 0xE0, 0xF3, 0xC3, 0x03, 0x9C, 0x0E, 0x60, 0x1F,
  0x80, 0x7E, 0x01, 0xF8, 0x07, 0xE0, 0x1F, 0x80, 0x67, 0x03, 0x9E, 0x0E,
  0x3C, 0xF0, 0x7F, 0x00, 0xF3, 0xF1, 0xEF, 0xF0, 0xF0, 0x71, 0xC0, 0xE3,
  0x80, 0xC7, 0x01, 0xCE, 0x03, 0x9C, 0x07, 0x38, 0x0E, 0x70, 0x18, 0xE0,
  0x71, 0xC0, 0xE3, 0xF7, 0x87, 0xFE, 0x0E, 0x00, 0x1C, 0x00, 0x38, 0x00,
  0x70, 0x01, 0xF0, 0x07, 0xF0, 0x00, 0x0F, 0xD8, 0x7F, 0xF0, 0xC0, 0xE3,
  0x81, 0xC6, 0x03, 0x9C, 0x07, 0x38, 0x0E, 0x70, 0x1C, 0xE0, 0x39, 0xC0,
  0x71, 0xC0, 0xE3, 0x83, 0xC3, 0xFF, 0x83, 0xF7, 0x00, 0x0E, 0x00, 0x1C,
  0x00, 0x38, 0x00, 0x70, 0x03, 0xF8, 0x07, 0xF0, 0xF9, 0xEF, 0xBF, 0x3C,
  0xF1, 0xCF, 0x18, 0x41, 0x80, 0x18, 0x01, 0x80, 0x18, 0x01, 0x80, 0x18,
  0x03, 0x80, 0x7E, 0x07, 0xF0, 0x3F, 0xCE, 0x39, 0x83, 0x30, 0x67, 0x00,
  0xF8, 0x0F, 0xC0, 0xFE, 0x01, 0xC0, 0x1F, 0x03, 0xB0, 0x67, 0x9C, 0xFF,
  0x00, 0x18, 0x06, 0x01, 0x80, 0xE0, 0x38, 0x3F, 0xEF, 0xF8, 0xE0, 0x38,
  0x0E, 0x03, 0x80, 0xE0, 0x38, 0x0E, 0x03, 0x80, 0xE0, 0x38, 0x47, 0xF1,
  0xF8, 0xF0, 0x78, 0xF0, 0x78, 0x30, 0x18, 0x30, 0x18, 0x30, 0x18, 0x30,
  0x18, 0x30, 0x18, 0x30, 0x18, 0x30, 0x18, 0x30, 0x18, 0x38, 0x38, 0x38,
  0x38, 0x3F, 0xDC, 0x1F, 0x9F, 0x7E, 0x3F, 0xFC, 0x1E, 0x38, 0x0C, 0x1C,
  0x08, 0x1C, 0x18, 0x1C, 0x18, 0x0E, 0x10, 0x0E, 0x30, 0x06, 0x30, 0x07,
  0x60, 0x07, 0x60, 0x03, 0x40, 0x03, 0xC0, 0x01, 0xC0, 0xFE, 0x1C, 0x3F,
  0xF8, 0x78, 0xFC, 0xE0, 0xF0, 0x61, 0xC1, 0xF0, 0xC1, 0xC2, 0xE1, 0x83,
  0x8C, 0xC2, 0x07, 0x19, 0x8C, 0x06, 0x33, 0x98, 0x0E, 0xC7, 0x20, 0x1D,
  0x86, 0x40, 0x1B, 0x0D, 0x80, 0x34, 0x1F, 0x00, 0x78, 0x1C, 0x00, 0x70,
  0x38, 0x00, 0xFE, 0x7F, 0xF8, 0xF8, 0xF0, 0xC0, 0xE1, 0x80, 0xE6, 0x00,
  0xF8, 0x00, 0xE0, 0x01, 0xE0, 0x07, 0xC0, 0x19, 0xC0, 0x31, 0xC0, 0xC1,
  0xC7, 0x87, 0xFF, 0x9F, 0xC0, 0x7E, 0x3F, 0xFC, 0x3E, 0x38, 0x0C, 0x1C,
  0x18, 0x1C, 0x18, 0x0C, 0x10, 0x0E, 0x30, 0x0E, 0x30, 0x07, 0x60, 0x07,
  0x60, 0x03, 0x40, 0x03, 0xC0, 0x01, 0x80, 0x01, 0x80, 0x01, 0x80, 0x03,
  0x00, 0x63, 0x00, 0xF6, 0x00, 0xE6, 0x00, 0x7C, 0x00, 0xFF, 0xEF, 0xFE,
  0xC0, 0xCC, 0x1C, 0xC3, 0x80, 0x70, 0x06, 0x00, 0xE0, 0x1C, 0x03, 0x83,
  0x30, 0x27, 0x06, 0xFF, 0xEF, 0xFE, 0x04, 0x7C, 0xC1, 0x83, 0x06, 0x0C,
  0x18, 0x30, 0x60, 0xE1, 0xC3, 0x0E, 0x30, 0x70, 0x30, 0x60, 0xE1, 0xC3,
  0x06, 0x0C, 0x18, 0x30, 0x60, 0xC1, 0xC1, 0xE0, 0xFF, 0xFF, 0xFF, 0xFF,
  0xFF, 0xFF, 0xC0, 0x20, 0xF8, 0x18, 0x1C, 0x1C, 0x1C, 0x18, 0x18, 0x18,
  0x18, 0x18, 0x18, 0x18, 0x0C, 0x07, 0x0E, 0x18, 0x18, 0x18, 0x18, 0x18,
  0x18, 0x18, 0x18, 0x1C, 0x1C, 0x1C, 0x38, 0xF0, 0x20, 0x2F, 0xFB, 0xCF,
  0xE0, 0xFF, 0xF8, 0x07, 0x00, 0xE0, 0x1C, 0x03, 0x80, 0x70, 0x0E, 0x01,
  0xC0, 0x38, 0x07, 0x00, 0xE0, 0x1C, 0x03, 0x80, 0x70, 0x0E, 0x01, 0xC0,
  0x3F, 0xFF, 0xFF, 0x80, 0xFF, 0xF8, 0x07, 0x00, 0xE0, 0x1C, 0x03, 0x80,
  0x70, 0x0E, 0x01, 0xC0, 0x38, 0x07, 0x00, 0xE0, 0x1C, 0x03, 0x80, 0x70,
  0x0E, 0x01, 0xC0, 0x3F, 0xFF, 0xFF, 0x80, 0xFF, 0xF8, 0x07, 0x00, 0xE0,
  0x1C, 0x03, 0x80, 0x70, 0x0E, 0x01, 0xC0, 0x38, 0x07, 0x00, 0xE0, 0x1C,
  0x03, 0x80, 0x70, 0x0E, 0x01, 0xC0, 0x3F, 0xFF, 0xFF, 0x80, 0xFF, 0xF8,
  0x07, 0x00, 0xE0, 0x1C, 0x03, 0x80, 0x70, 0x0E, 0x01, 0xC0, 0x38, 0x07,
  0x00, 0xE0, 0x1C, 0x03, 0x80, 0x70, 0x0E, 0x01, 0xC0, 0x3F, 0xFF, 0xFF,
  0x80, 0xFF, 0xF8, 0x07, 0x00, 0xE0, 0x1C, 0x03, 0x80, 0x70, 0x0E, 0x01,
  0xC0, 0x38, 0x07, 0x00, 0xE0, 0x1C, 0x03, 0x80, 0x70, 0x0E, 0x01, 0xC0,
  0x3F, 0xFF, 0xFF, 0x80, 0xFF, 0xF8, 0x07, 0x00, 0xE0, 0x1C, 0x03, 0x80,
  0x70, 0x0E, 0x01, 0xC0, 0x38, 0x07, 0x00, 0xE0, 0x1C, 0x03, 0x80, 0x70,
  0x0E, 0x01, 0xC0, 0x3F, 0xFF, 0xFF, 0x80, 0xFF, 0xF8, 0x07, 0x00, 0xE0,
  0x1C, 0x03, 0x80, 0x70, 0x0E, 0x01, 0xC0, 0x38, 0x07, 0x00, 0xE0, 0x1C,
  0x03, 0x80, 0x70, 0x0E, 0x01, 0xC0, 0x3F, 0xFF, 0xFF, 0x80, 0xFF, 0xF8,
  0x07, 0x00, 0xE0, 0x1C, 0x03, 0x80, 0x70, 0x0E, 0x01, 0xC0, 0x38, 0x07,
  0x00, 0xE0, 0x1C, 0x03, 0x80, 0x70, 0x0E, 0x01, 0xC0, 0x3F, 0xFF, 0xFF,
  0x80, 0xFF, 0xF8, 0x07, 0x00, 0xE0, 0x1C, 0x03, 0x80, 0x70, 0x0E, 0x01,
  0xC0, 0x38, 0x07, 0x00, 0xE0, 0x1C, 0x03, 0x80, 0x70, 0x0E, 0x01, 0xC0,
  0x3F, 0xFF, 0xFF, 0x80, 0xFF, 0xF8, 0x07, 0x00, 0xE0, 0x1C, 0x03, 0x80,
  0x70, 0x0E, 0x01, 0xC0, 0x38, 0x07, 0x00, 0xE0, 0x1C, 0x03, 0x80, 0x70,
  0x0E, 0x01, 0xC0, 0x3F, 0xFF, 0xFF, 0x80, 0xFF, 0xF8, 0x07, 0x00, 0xE0,
  0x1C, 0x03, 0x80, 0x70, 0x0E, 0x01, 0xC0, 0x38, 0x07, 0x00, 0xE0, 0x1C,
  0x03, 0x80, 0x70, 0x0E, 0x01, 0xC0, 0x3F, 0xFF, 0xFF, 0x80, 0xFF, 0xF8,
  0x07, 0x00, 0xE0, 0x1C, 0x03, 0x80, 0x70, 0x0E, 0x01, 0xC0, 0x38, 0x07,
  0x00, 0xE0, 0x1C, 0x03, 0x80, 0x70, 0x0E, 0x01, 0xC0, 0x3F, 0xFF, 0xFF,
  0x80, 0xFF, 0xF8, 0x07, 0x00, 0xE0, 0x1C, 0x03, 0x80, 0x70, 0x0E, 0x01,
  0xC0, 0x38, 0x07, 0x00, 0xE0, 0x1C, 0x03, 0x80, 0x70, 0x0E, 0x01, 0xC0,
  0x3F, 0xFF, 0xFF, 0x80, 0xFF, 0xF8, 0x07, 0x00, 0xE0, 0x1C, 0x03, 0x80,
  0x70, 0x0E, 0x01, 0xC0, 0x38, 0x07, 0x00, 0xE0, 0x1C, 0x03, 0x80, 0x70,
  0x0E, 0x01, 0xC0, 0x3F, 0xFF, 0xFF, 0x80, 0xFF, 0xF8, 0x07, 0x00, 0xE0,
  0x1C, 0x03, 0x80, 0x70, 0x0E, 0x01, 0xC0, 0x38, 0x07, 0x00, 0xE0, 0x1C,
  0x03, 0x80, 0x70, 0x0E, 0x01, 0xC0, 0x3F, 0xFF, 0xFF, 0x80, 0xFF, 0xF8,
  0x07, 0x00, 0xE0, 0x1C, 0x03, 0x80, 0x70, 0x0E, 0x01, 0xC0, 0x38, 0x07,
  0x00, 0xE0, 0x1C, 0x03, 0x80, 0x70, 0x0E, 0x01, 0xC0, 0x3F, 0xFF, 0xFF,
  0x80, 0xFF, 0xF8, 0x07, 0x00, 0xE0, 0x1C, 0x03, 0x80, 0x70, 0x0E, 0x01,
  0xC0, 0x38, 0x07, 0x00, 0xE0, 0x1C, 0x03, 0x80, 0x70, 0x0E, 0x01, 0xC0,
  0x3F, 0xFF, 0xFF, 0x80, 0xFF, 0xF8, 0x07, 0x00, 0xE0, 0x1C, 0x03, 0x80,
  0x70, 0x0E, 0x01, 0xC0, 0x38, 0x07, 0x00, 0xE0, 0x1C, 0x03, 0x80, 0x70,
  0x0E, 0x01, 0xC0, 0x3F, 0xFF, 0xFF, 0x80, 0xFF, 0xF8, 0x07, 0x00, 0xE0,
  0x1C, 0x03, 0x80, 0x70, 0x0E, 0x01, 0xC0, 0x38, 0x07, 0x00, 0xE0, 0x1C,
  0x03, 0x80, 0x70, 0x0E, 0x01, 0xC0, 0x3F, 0xFF, 0xFF, 0x80, 0xFF, 0xF8,
  0x07, 0x00, 0xE0, 0x1C, 0x03, 0x80, 0x70, 0x0E, 0x01, 0xC0, 0x38, 0x07,
  0x00, 0xE0, 0x1C, 0x03, 0x80, 0x70, 0x0E, 0x01, 0xC0, 0x3F, 0xFF, 0xFF,
  0x80, 0xFF, 0xF8, 0x07, 0x00, 0xE0, 0x1C, 0x03, 0x80, 0x70, 0x0E, 0x01,
  0xC0, 0x38, 0x07, 0x00, 0xE0, 0x1C, 0x03, 0x80, 0x70, 0x0E, 0x01, 0xC0,
  0x3F, 0xFF, 0xFF, 0x80, 0xFF, 0xF8, 0x07, 0x00, 0xE0, 0x1C, 0x03, 0x80,
  0x70, 0x0E, 0x01, 0xC0, 0x38, 0x07, 0x00, 0xE0, 0x1C, 0x03, 0x80, 0x70,
  0x0E, 0x01, 0xC0, 0x3F, 0xFF, 0xFF, 0x80, 0xFF, 0xF8, 0x07, 0x00, 0xE0,
  0x1C, 0x03, 0x80, 0x70, 0x0E, 0x01, 0xC0, 0x38, 0x07, 0x00, 0xE0, 0x1C,
  0x03, 0x80, 0x70, 0x0E, 0x01, 0xC0, 0x3F, 0xFF, 0xFF, 0x80, 0xFF, 0xF8,
  0x07, 0x00, 0xE0, 0x1C, 0x03, 0x80, 0x70, 0x0E, 0x01, 0xC0, 0x38, 0x07,
  0x00, 0xE0, 0x1C, 0x03, 0x80, 0x70, 0x0E, 0x01, 0xC0, 0x3F, 0xFF, 0xFF,
  0x80, 0xFF, 0xF8, 0x07, 0x00, 0xE0, 0x1C, 0x03, 0x80, 0x70, 0x0E, 0x01,
  0xC0, 0x38, 0x07, 0x00, 0xE0, 0x1C, 0x03, 0x80, 0x70, 0x0E, 0x01, 0xC0,
  0x3F, 0xFF, 0xFF, 0x80, 0xFF, 0xF8, 0x07, 0x00, 0xE0, 0x1C, 0x03, 0x80,
  0x70, 0x0E, 0x01, 0xC0, 0x38, 0x07, 0x00, 0xE0, 0x1C, 0x03, 0x80, 0x70,
  0x0E, 0x01, 0xC0, 0x3F, 0xFF, 0xFF, 0x80, 0xFF, 0xF8, 0x07, 0x00, 0xE0,
  0x1C, 0x03, 0x80, 0x70, 0x0E, 0x01, 0xC0, 0x38, 0x07, 0x00, 0xE0, 0x1C,
  0x03, 0x80, 0x70, 0x0E, 0x01, 0xC0, 0x3F, 0xFF, 0xFF, 0x80, 0xFF, 0xF8,
  0x07, 0x00, 0xE0, 0x1C, 0x03, 0x80, 0x70, 0x0E, 0x01, 0xC0, 0x38, 0x07,
  0x00, 0xE0, 0x1C, 0x03, 0x80, 0x70, 0x0E, 0x01, 0xC0, 0x3F, 0xFF, 0xFF,
  0x80, 0xFF, 0xF8, 0x07, 0x00, 0xE0, 0x1C, 0x03, 0x80, 0x70, 0x0E, 0x01,
  0xC0, 0x38, 0x07, 0x00, 0xE0, 0x1C, 0x03, 0x80, 0x70, 0x0E, 0x01, 0xC0,
  0x3F, 0xFF, 0xFF, 0x80, 0xFF, 0xF8, 0x07, 0x00, 0xE0, 0x1C, 0x03, 0x80,
  0x70, 0x0E, 0x01, 0xC0, 0x38, 0x07, 0x00, 0xE0, 0x1C, 0x03, 0x80, 0x70,
  0x0E, 0x01, 0xC0, 0x3F, 0xFF, 0xFF, 0x80, 0xFF, 0xF8, 0x07, 0x00, 0xE0,
  0x1C, 0x03, 0x80, 0x70, 0x0E, 0x01, 0xC0, 0x38, 0x07, 0x00, 0xE0, 0x1C,
  0x03, 0x80, 0x70, 0x0E, 0x01, 0xC0, 0x3F, 0xFF, 0xFF, 0x80, 0xFF, 0xF8,
  0x07, 0x00, 0xE0, 0x1C, 0x03, 0x80, 0x70, 0x0E, 0x01, 0xC0, 0x38, 0x07,
  0x00, 0xE0, 0x1C, 0x03, 0x80, 0x70, 0x0E, 0x01, 0xC0, 0x3F, 0xFF, 0xFF,
  0x80, 0xFF, 0xF8, 0x07, 0x00, 0xE0, 0x1C, 0x03, 0x80, 0x70, 0x0E, 0x01,
  0xC0, 0x38, 0x07, 0x00, 0xE0, 0x1C, 0x03, 0x80, 0x70, 0x0E, 0x01, 0xC0,
  0x3F, 0xFF, 0xFF, 0x80, 0x00, 0x7F, 0x72, 0x02, 0x22, 0x22, 0x66, 0x77,
  0x77, 0x77, 0x72, 0x01, 0x00, 0x10, 0x03, 0x01, 0xFE, 0x3B, 0x67, 0x27,
  0x72, 0xF6, 0x26, 0xE6, 0x0E, 0x60, 0xE4, 0x0E, 0x40, 0x74, 0x07, 0xC2,
  0x3C, 0x73, 0xFE, 0x0F, 0x81, 0x80, 0x18, 0x00, 0x03, 0x00, 0xFF, 0x0E,
  0x1C, 0x60, 0xE7, 0x07, 0x38, 0x31, 0xC0, 0x0E, 0x00, 0x38, 0x01, 0xC0,
  0x3F, 0xF8, 0x38, 0x01, 0xC0, 0x06, 0x00, 0x30, 0x01, 0x83, 0x18, 0x19,
  0x81, 0xDF, 0xFF, 0xFF, 0xF0, 0x80, 0x38, 0x8F, 0xFF, 0x38, 0xE6, 0x0C,
  0xC1, 0x98, 0x33, 0x06, 0x60, 0xCE, 0x3B, 0xFF, 0x40, 0x30, 0xFF, 0x0F,
  0xDF, 0x01, 0xE3, 0xC0, 0x30, 0x70, 0x18, 0x0E, 0x06, 0x03, 0x83, 0x00,
  0x71, 0x80, 0x0E, 0x60, 0x7F, 0xBF, 0x1F, 0xFF, 0xC0, 0x1E, 0x00, 0x03,
  0x00, 0x7F, 0xFF, 0x00, 0x30, 0x00, 0x0C, 0x00, 0x03, 0x00, 0x00, 0xC0,
  0x00, 0xFC, 0x00, 0x7F, 0x80, 0xFF, 0xFF, 0xF0, 0x0F, 0xFF, 0xFF, 0xC0,
  0x02, 0x00, 0x7E, 0x06, 0x38, 0x61, 0xC3, 0x0C, 0x1C, 0x00, 0xF0, 0x0F,
  0xC0, 0xCF, 0x86, 0x3E, 0x30, 0x79, 0xC1, 0xEF, 0x03, 0xBC, 0x1C, 0xF8,
  0x63, 0xE3, 0x07, 0xB8, 0x1F, 0x80, 0x30, 0x01, 0xC3, 0x86, 0x1C, 0x60,
  0xC7, 0x03, 0xF0, 0x73, 0xF9, 0xD8, 0xE0, 0x01, 0xE0, 0x03, 0xFF, 0x01,
  0x80, 0x60, 0xC0, 0x0C, 0x63, 0xF9, 0xB1, 0xC6, 0x3C, 0xE1, 0x8F, 0x30,
  0x23, 0x8C, 0x00, 0xE3, 0x00, 0x38, 0xC0, 0x0F, 0x38, 0x03, 0xC6, 0x08,
  0xF1, 0xEE, 0x66, 0x1E, 0x18, 0xC0, 0x0C, 0x1C, 0x0E, 0x03, 0xFE, 0x00,
  0x7E, 0x30, 0xCE, 0x30, 0x0C, 0x1F, 0x1C, 0xCC, 0x33, 0x0C, 0xFF, 0xDE,
  0x70, 0x06, 0x30, 0xC6, 0x18, 0xC3, 0x9C, 0x73, 0x8E, 0x70, 0x73, 0x83,
  0x18, 0x18, 0xC0, 0xC6, 0x06, 0x30, 0xFF, 0xFF, 0xFF, 0x00, 0x30, 0x03,
  0x00, 0x30, 0x03, 0x00, 0x1E, 0x1F, 0xCE, 0x9B, 0xB7, 0xEB, 0xFB, 0xFE,
  0x9B, 0xB6, 0x7F, 0x0F, 0x80, 0xFF, 0xFF, 0x7D, 0x8F, 0x1E, 0x36, 0xCF,
  0x00, 0x06, 0x00, 0x60, 0x06, 0x00, 0x60, 0xFF, 0xFF, 0xFF, 0x06, 0x00,
  0x60, 0x06, 0x00, 0x60, 0x00, 0x00, 0x00, 0xFF, 0xFF, 0xFF, 0x7E, 0x73,
  0xB0, 0xD8, 0x70, 0x30, 0x18, 0x18, 0x18, 0x18, 0x18, 0xD8, 0x7F, 0xFF,
  0xF8, 0x3E, 0x33, 0xB8, 0xFC, 0x70, 0x30, 0x30, 0x78, 0x07, 0x01, 0x80,
  0xE0, 0xFF, 0xE3, 0xE0, 0x19, 0xDD, 0xC8, 0x00, 0xE0, 0x73, 0x81, 0xCE,
  0x07, 0x38, 0x1C, 0xE0, 0x63, 0x81, 0x8E, 0x06, 0x38, 0x18, 0xE0, 0x63,
  0x81, 0x8E, 0x06, 0x38, 0x3C, 0xFF, 0xBF, 0xFC, 0xFE, 0x00, 0x38, 0x00,
  0xE0, 0x03, 0x80, 0x0E, 0x00, 0x38, 0x00, 0x1C, 0xFB, 0xE7, 0x1F, 0x31,
  0xF9, 0x8F, 0xCC, 0x7E, 0x63, 0xF3, 0x1F, 0x98, 0xFC, 0xC3, 0xE6, 0x1F,
  0x30, 0x79, 0x80, 0x0C, 0x00, 0x60, 0x03, 0x00, 0x18, 0x00, 0xC0, 0x06,
  0x00, 0x30, 0x01, 0x80, 0x0C, 0x00, 0xE0, 0x1F, 0x00, 0x23, 0xBE, 0xE0,
  0x21, 0x87, 0x83, 0x9B, 0xE0, 0x39, 0xF0, 0xE1, 0xC3, 0x87, 0x0E, 0x1C,
  0x38, 0x70, 0xE3, 0xFF, 0xE0, 0x3F, 0x18, 0xEC, 0x1B, 0x07, 0xC0, 0xF0,
  0x7C, 0x1F, 0x86, 0x73, 0x8F, 0x80, 0x84, 0x18, 0xC1, 0x8C, 0x18, 0xC3,
  0x9C, 0x39, 0xC7, 0x39, 0xCE, 0x73, 0x8C, 0x63, 0x18, 0x00, 0x38, 0x00,
  0xC0, 0xF8, 0x01, 0x80, 0x38, 0x01, 0x80, 0x38, 0x03, 0x00, 0x38, 0x02,
  0x00, 0x38, 0x06, 0x00, 0x38, 0x0C, 0x00, 0x38, 0x0C, 0x0C, 0x38, 0x18,
  0x1C, 0x38, 0x18, 0x3C, 0x38, 0x30, 0x7C, 0x7E, 0x20, 0xDC, 0xFE, 0x60,
  0x9C, 0x00, 0xC1, 0x9C, 0x00, 0xC3, 0x1C, 0x01, 0x82, 0x1C, 0x01, 0x87,
  0xFF, 0x03, 0x07, 0xFF, 0x02, 0x00, 0x1C, 0x06, 0x00, 0x1C, 0x38, 0x00,
  0xC0, 0xF8, 0x01, 0x80, 0x38, 0x01, 0x80, 0x38, 0x03, 0x00, 0x38, 0x02,
  0x00, 0x38, 0x06, 0x00, 0x38, 0x0C, 0x00, 0x38, 0x0C, 0xFC, 0x38, 0x19,
  0xCE, 0x38, 0x19, 0x86, 0x38, 0x31, 0x87, 0x7E, 0x20, 0x06, 0xFE, 0x60,
  0x06, 0x00, 0xC0, 0x0C, 0x00, 0xC0, 0x18, 0x01, 0x80, 0x30, 0x01, 0x80,
  0x63, 0x03, 0x00, 0xC3, 0x02, 0x01, 0xFF, 0x06, 0x01, 0xFF, 0x3E, 0x00,
  0x60, 0x33, 0x80, 0x60, 0x38, 0xE0, 0x30, 0x1C, 0x70, 0x30, 0x00, 0x30,
  0x10, 0x00, 0x30, 0x18, 0x00, 0x78, 0x18, 0x00, 0x07, 0x0C, 0x0C, 0x01,
  0x8C, 0x0E, 0x00, 0xC6, 0x0F, 0x20, 0xE6, 0x0F, 0x9F, 0xE2, 0x0D, 0xC3,
  0xE3, 0x04, 0xE0, 0x03, 0x06, 0x70, 0x01, 0x86, 0x38, 0x01, 0x82, 0x1C,
  0x00, 0xC3, 0xFF, 0x80, 0xC1, 0xFF, 0xC0, 0x40, 0x03, 0x80, 0x60, 0x01,
  0xC0, 0x0F, 0x01, 0xE0, 0x3C, 0x00, 0x00, 0x00, 0x0C, 0x01, 0x80, 0x30,
  0x06, 0x01, 0xC0, 0x70, 0x1C, 0x07, 0x00, 0xE0, 0x38, 0x37, 0x07, 0x60,
  0xEE, 0x18, 0xFE, 0x06, 0x00, 0x01, 0x80, 0x00, 0x1C, 0x00, 0x00, 0xE0,
  0x00, 0x03, 0x00, 0x00, 0x00, 0x00, 0x00, 0x00, 0x00, 0x70, 0x00, 0x0F,
  0x00, 0x00, 0xF8, 0x00, 0x1B, 0x80, 0x01, 0x98, 0x00, 0x19, 0xC0, 0x03,
  0x1C, 0x00, 0x30, 0xC0, 0x02, 0x0E, 0x00, 0x60, 0xE0, 0x06, 0x06, 0x00,
  0x7F, 0xF0, 0x0F, 0xFF, 0x00, 0xC0, 0x38, 0x18, 0x03, 0x81, 0x80, 0x38,
  0x18, 0x01, 0xC3, 0xC0, 0x3E, 0xFE, 0x0F, 0xF0, 0x00, 0x18, 0x00, 0x03,
  0x80, 0x00, 0xF0, 0x00, 0x1C, 0x00, 0x00, 0x00, 0x00, 0x00, 0x00, 0x00,
  0x70, 0x00, 0x0F, 0x00, 0x00, 0xF8, 0x00, 0x1B, 0x80, 0x01, 0x98, 0x00,
  0x19, 0xC0, 0x03, 0x1C, 0x00, 0x30, 0xC0, 0x02, 0x0E, 0x00, 0x60, 0xE0,
  0x06, 0x06, 0x00, 0x7F, 0xF0, 0x0F, 0xFF, 0x00, 0xC0, 0x38, 0x18, 0x03,
  0x81, 0x80, 0x38, 0x18, 0x01, 0xC3, 0xC0, 0x3E, 0xFE, 0x0F, 0xF0, 0x00,
  0x40, 0x00, 0x0E, 0x00, 0x01, 0xF0, 0x00, 0x1B, 0x80, 0x07, 0x0C, 0x00,
  0x00, 0x00, 0x00, 0x00, 0x00, 0x07, 0x00, 0x00, 0xF0, 0x00, 0x0F, 0x80,
  0x01, 0xB8, 0x00, 0x19, 0x80, 0x01, 0x9C, 0x00, 0x31, 0xC0, 0x03, 0x0C,
  0x00, 0x20, 0xE0, 0x06, 0x0E, 0x00, 0x60, 0x60, 0x07, 0xFF, 0x00, 0xFF,
  0xF0, 0x0C, 0x03, 0x81, 0x80, 0x38, 0x18, 0x03, 0x81, 0x80, 0x1C, 0x3C,
  0x03, 0xEF, 0xE0, 0xFF, 0x01, 0x80, 0x00, 0x3F, 0x40, 0x06, 0xFC, 0x00,
  0x01, 0x80, 0x00, 0x00, 0x00, 0x00, 0x00, 0x00, 0x70, 0x00, 0x0F, 0x00,
  0x00, 0xF8, 0x00, 0x1B, 0x80, 0x01, 0x98, 0x00, 0x19, 0xC0, 0x03, 0x1C,
  0x00, 0x30, 0xC0, 0x02, 0x0E, 0x00, 0x60, 0xE0, 0x06, 0x06, 0x00, 0x7F,
  0xF0, 0x0F, 0xFF, 0x00, 0xC0, 0x38, 0x18, 0x03, 0x81, 0x80, 0x38, 0x18,
  0x01, 0xC3, 0xC0, 0x3E, 0xFE, 0x0F, 0xF0, 0x03, 0x0C, 0x00, 0x79, 0xC0,
  0x07, 0x9C, 0x00, 0x10, 0x80, 0x00, 0x00, 0x00, 0x00, 0x00, 0x00, 0x70,
  0x00, 0x0F, 0x00, 0x00, 0xF8, 0x00, 0x1B, 0x80, 0x01, 0x98, 0x00, 0x19,
  0xC0, 0x03, 0x1C, 0x00, 0x30, 0xC0, 0x02, 0x0E, 0x00, 0x60, 0xE0, 0x06,
  0x06, 0x00, 0x7F, 0xF0, 0x0F, 0xFF, 0x00, 0xC0, 0x38, 0x18, 0x03, 0x81,
  0x80, 0x38, 0x18, 0x01, 0xC3, 0xC0, 0x3E, 0xFE, 0x0F, 0xF0, 0x00, 0xF0,
  0x00, 0x19, 0x80, 0x01, 0x18, 0x00, 0x19, 0x80, 0x01, 0xF0, 0x00, 0x06,
  0x00, 0x00, 0x00, 0x00, 0x07, 0x00, 0x00, 0xF0, 0x00, 0x0F, 0x80, 0x01,
  0xB8, 0x00, 0x19, 0x80, 0x01, 0x9C, 0x00, 0x31, 0xC0, 0x03, 0x0C, 0x00,
  0x20, 0xE0, 0x06, 0x0E, 0x00, 0x60, 0x60, 0x07, 0xFF, 0x00, 0xFF, 0xF0,
  0x0C, 0x03, 0x81, 0x80, 0x38, 0x18, 0x03, 0x81, 0x80, 0x1C, 0x3C, 0x03,
  0xEF, 0xE0, 0xFF, 0x00, 0x7F, 0xFF, 0x00, 0x0C, 0xE1, 0xE0, 0x03, 0x38,
  0x18, 0x01, 0x8E, 0x06, 0x00, 0x63, 0x80, 0x80, 0x30, 0xE0, 0x00, 0x0C,
  0x38, 0x20, 0x06, 0x0E, 0x18, 0x01, 0x83, 0x86, 0x00, 0xFF, 0xFF, 0x80,
  0x30, 0x38, 0x60, 0x18, 0x0E, 0x18, 0x06, 0x03, 0x82, 0x03, 0x00, 0xE0,
  0x00, 0xC0, 0x38, 0x0C, 0x60, 0x0E, 0x03, 0x18, 0x03, 0x81, 0xCF, 0x01,
  0xE3, 0xEF, 0xE0, 0xFF, 0xF8, 0x00, 0xC2, 0x03, 0xFD, 0x07, 0x87, 0xC7,
  0x00, 0xE3, 0x80, 0x33, 0x80, 0x19, 0xC0, 0x04, 0xE0, 0x00, 0xE0, 0x00,
  0x70, 0x00, 0x38, 0x00, 0x1C, 0x00, 0x06, 0x00, 0x03, 0x80, 0x01, 0xC0,
  0x00, 0xF0, 0x02, 0x38, 0x01, 0x8E, 0x03, 0x83, 0xFF, 0x80, 0xFF, 0x00,
  0x08, 0x00, 0x04, 0x00, 0x07, 0xC0, 0x00, 0x60, 0x02, 0x70, 0x01, 0xF0,
  0x00, 0x0C, 0x00, 0x38, 0x00, 0x70, 0x00, 0x60, 0x00, 0x00, 0x00, 0x0F,
  0xFF, 0x8E, 0x1E, 0x38, 0x18, 0xE0, 0x63, 0x80, 0x8E, 0x00, 0x38, 0x20,
  0xE1, 0x83, 0xFE, 0x0F, 0xF8, 0x38, 0x60, 0xE0, 0x83, 0x80, 0x0E, 0x00,
  0x38, 0x0C, 0xE0, 0x33, 0x81, 0xDE, 0x1F, 0xFF, 0xF8, 0x00, 0xC0, 0x07,
  0x00, 0x78, 0x03, 0x80, 0x00, 0x00, 0x00, 0x0F, 0xFF, 0x8E, 0x1E, 0x38,
  0x18, 0xE0, 0x63, 0x80, 0x8E, 0x00, 0x38, 0x20, 0xE1, 0x83, 0xFE, 0x0F,
  0xF8, 0x38, 0x60, 0xE0, 0x83, 0x80, 0x0E, 0x00, 0x38, 0x0C, 0xE0, 0x33,
  0x81, 0xDE, 0x1F, 0xFF, 0xF8, 0x02, 0x00, 0x1C, 0x00, 0xF8, 0x03, 0x70,
  0x38, 0x60, 0x00, 0x00, 0x00, 0x3F, 0xFE, 0x38, 0x78, 0xE0, 0x63, 0x81,
  0x8E, 0x02, 0x38, 0x00, 0xE0, 0x83, 0x86, 0x0F, 0xF8, 0x3F, 0xE0, 0xE1,
  0x83, 0x82, 0x0E, 0x00, 0x38, 0x00, 0xE0, 0x33, 0x80, 0xCE, 0x07, 0x78,
  0x7F, 0xFF, 0xE0, 0x18, 0x60, 0xF3, 0x83, 0xCE, 0x02, 0x10, 0x00, 0x00,
  0x00, 0x0F, 0xFF, 0x8E, 0x1E, 0x38, 0x18, 0xE0, 0x63, 0x80, 0x8E, 0x00,
  0x38, 0x20, 0xE1, 0x83, 0xFE, 0x0F, 0xF8, 0x38, 0x60, 0xE0, 0x83, 0x80,
  0x0E, 0x00, 0x38, 0x0C, 0xE0, 0x33, 0x81, 0xDE, 0x1F, 0xFF, 0xF8, 0x60,
  0x70, 0x38, 0x0C, 0x00, 0x00, 0xFF, 0x3C, 0x38, 0x38, 0x38, 0x38, 0x38,
  0x38, 0x38, 0x38, 0x38, 0x38, 0x38, 0x38, 0x38, 0x38, 0x38, 0x7C, 0xFF,
  0x06, 0x0E, 0x3C, 0x70, 0x00, 0x00, 0xFF, 0x3C, 0x38, 0x38, 0x38, 0x38,
  0x38, 0x38, 0x38, 0x38, 0x38, 0x38, 0x38, 0x38, 0x38, 0x38, 0x38, 0x7C,
  0xFF, 0x08, 0x0E, 0x0F, 0x86, 0xEE, 0x18, 0x00, 0x00, 0xFF, 0x1E, 0x0E,
  0x07, 0x03, 0x81, 0xC0, 0xE0, 0x70, 0x38, 0x1C, 0x0E, 0x07, 0x03, 0x81,
  0xC0, 0xE0, 0x70, 0x38, 0x3E, 0x3F, 0xC0, 0x61, 0xF9, 0xFC, 0xE4, 0x20,
  0x00, 0x01, 0xFE, 0x3C, 0x1C, 0x0E, 0x07, 0x03, 0x81, 0xC0, 0xE0, 0x70,
  0x38, 0x1C, 0x0E, 0x07, 0x03, 0x81, 0xC0, 0xE0, 0x70, 0x7C, 0x7F, 0x80,
  0x7F, 0xF8, 0x07, 0x87, 0xC0, 0x70, 0x1C, 0x0E, 0x01, 0xC1, 0xC0, 0x1C,
  0x38, 0x03, 0x87, 0x00, 0x70, 0xE0, 0x07, 0xFF, 0xE0, 0xFF, 0xFC, 0x1C,
  0x70, 0x03, 0x8E, 0x00, 0xE1, 0xC0, 0x1C, 0x38, 0x03, 0x87, 0x00, 0xE0,
  0xE0, 0x1C, 0x1C, 0x0F, 0x07, 0xFF, 0x81, 0xFF, 0xC0, 0x00, 0x03, 0x00,
  0x00, 0xFD, 0x00, 0x37, 0xE0, 0x00, 0x18, 0x00, 0x00, 0x00, 0x00, 0x00,
  0x3F, 0x03, 0xFB, 0xF0, 0x1C, 0x3E, 0x01, 0x86, 0xE0, 0x30, 0xDE, 0x06,
  0x19, 0xC0, 0xC3, 0x1C, 0x18, 0x63, 0x83, 0x0C, 0x38, 0x61, 0x87, 0x0C,
  0x30, 0x71, 0x86, 0x0F, 0x30, 0xC0, 0xE6, 0x18, 0x0E, 0xC3, 0x01, 0xD8,
  0x60, 0x1F, 0x0C, 0x03, 0xE3, 0xC0, 0x3C, 0xFC, 0x03, 0x80, 0x01, 0x80,
  0x00, 0x70, 0x00, 0x0E, 0x00, 0x00, 0xC0, 0x00, 0x00, 0x00, 0x30, 0x00,
  0x7F, 0xC0, 0x38, 0x78, 0x1C, 0x07, 0x0E, 0x00, 0xE7, 0x00, 0x3D, 0xC0,
  0x07, 0x70, 0x01, 0xD8, 0x00, 0x7E, 0x00, 0x1F, 0x80, 0x07, 0xE0, 0x01,
  0xF8, 0x00, 0x77, 0x00, 0x1D, 0xC0, 0x07, 0x70, 0x01, 0x8E, 0x00, 0xE1,
  0xC0, 0x70, 0x3E, 0xF8, 0x07, 0xF8, 0x00, 0x00, 0x18, 0x00, 0x0E, 0x00,
  0x0F, 0x00, 0x07, 0x00, 0x00, 0x00, 0x00, 0x30, 0x00, 0x7F, 0xC0, 0x38,
  0x78, 0x1C, 0x07, 0x0E, 0x00, 0xE7, 0x00, 0x3D, 0xC0, 0x07, 0x70, 0x01,
  0xD8, 0x00, 0x7E, 0x00, 0x1F, 0x80, 0x07, 0xE0, 0x01, 0xF8, 0x00, 0x77,
  0x00, 0x1D, 0xC0, 0x07, 0x70, 0x01, 0x8E, 0x00, 0xE1, 0xC0, 0x70, 0x3E,
  0xF8, 0x07, 0xF8, 0x00, 0x00, 0x40, 0x00, 0x38, 0x00, 0x1F, 0x00, 0x06,
  0xE0, 0x07, 0x0C, 0x00, 0x00, 0x00, 0x0C, 0x00, 0x1F, 0xF0, 0x0E, 0x1E,
  0x07, 0x01, 0xC3, 0x80, 0x39, 0xC0, 0x0F, 0x70, 0x01, 0xDC, 0x00, 0x76,
  0x00, 0x1F, 0x80, 0x07, 0xE0, 0x01, 0xF8, 0x00, 0x7E, 0x00, 0x1D, 0xC0,
  0x07, 0x70, 0x01, 0xDC, 0x00, 0x63, 0x80, 0x38, 0x70, 0x1C, 0x0F, 0xBE,
  0x01, 0xFE, 0x00, 0x01, 0x80, 0x00, 0xFD, 0x00, 0x6F, 0xC0, 0x00, 0x60,
  0x00, 0x00, 0x00, 0x30, 0x00, 0x7F, 0xC0, 0x38, 0x78, 0x1C, 0x07, 0x0E,
  0x00, 0xE7, 0x00, 0x3D, 0xC0, 0x07, 0x70, 0x01, 0xD8, 0x00, 0x7E, 0x00,
  0x1F, 0x80, 0x07, 0xE0, 0x01, 0xF8, 0x00, 0x77, 0x00, 0x1D, 0xC0, 0x07,
  0x70, 0x01, 0x8E, 0x00, 0xE1, 0xC0, 0x70, 0x3E, 0xF8, 0x07, 0xF8, 0x00,
  0x03, 0x0C, 0x01, 0xE7, 0x00, 0x79, 0xC0, 0x04, 0x20, 0x00, 0x00, 0x00,
  0x30, 0x00, 0x7F, 0xC0, 0x38, 0x78, 0x1C, 0x07, 0x0E, 0x00, 0xE7, 0x00,
  0x3D, 0xC0, 0x07, 0x70, 0x01, 0xD8, 0x00, 0x7E, 0x00, 0x1F, 0x80, 0x07,
  0xE0, 0x01, 0xF8, 0x00, 0x77, 0x00, 0x1D, 0xC0, 0x07, 0x70, 0x01, 0x8E,
  0x00, 0xE1, 0xC0, 0x70, 0x3E, 0xF8, 0x07, 0xF8, 0x00, 0xC0, 0xD8, 0x63,
  0x30, 0x78, 0x0C, 0x07, 0x83, 0x31, 0x86, 0xC0, 0xD0, 0x20, 0x00, 0xC0,
  0x60, 0xFF, 0x98, 0x38, 0x7E, 0x0E, 0x03, 0x83, 0x80, 0x78, 0xE0, 0x1F,
  0x9C, 0x03, 0x73, 0x80, 0xCE, 0x60, 0x31, 0xDC, 0x0C, 0x3B, 0x83, 0x07,
  0x70, 0xE0, 0xEE, 0x18, 0x1C, 0xE6, 0x03, 0x9D, 0x80, 0x73, 0xE0, 0x0C,
  0x38, 0x03, 0x87, 0x80, 0xE0, 0xFE, 0xF8, 0x73, 0xFC, 0x00, 0x00, 0xC0,
  0x00, 0x0E, 0x00, 0x00, 0x70, 0x00, 0x01, 0x80, 0x00, 0x00, 0x00, 0x00,
  0x00, 0xFF, 0x07, 0xF3, 0xC0, 0x1C, 0x1C, 0x00, 0xC1, 0xC0, 0x0C, 0x1C,
  0x00, 0xC1, 0xC0, 0x0C, 0x1C, 0x00, 0xC1, 0xC0, 0x0C, 0x1C, 0x00, 0xC1,
  0xC0, 0x0C, 0x1C, 0x00, 0xC1, 0xC0, 0x0C, 0x1C, 0x00, 0x81, 0xC0, 0x18,
  0x1C, 0x01, 0x81, 0xC0, 0x18, 0x0E, 0x03, 0x00, 0x7F, 0xF0, 0x03, 0xFC,
  0x00, 0x00, 0x0C, 0x00, 0x01, 0xC0, 0x00, 0x78, 0x00, 0x0E, 0x00, 0x00,
  0x00, 0x00, 0x00, 0x00, 0xFF, 0x07, 0xF3, 0xC0, 0x1C, 0x1C, 0x00, 0xC1,
  0xC0, 0x0C, 0x1C, 0x00, 0xC1, 0xC0, 0x0C, 0x1C, 0x00, 0xC1, 0xC0, 0x0C,
  0x1C, 0x00, 0xC1, 0xC0, 0x0C, 0x1C, 0x00, 0xC1, 0xC0, 0x0C, 0x1C, 0x00,
  0x81, 0xC0, 0x18, 0x1C, 0x01, 0x81, 0xC0, 0x18, 0x0E, 0x03, 0x00, 0x7F,
  0xF0, 0x03, 0xFC, 0x00, 0x00, 0x20, 0x00, 0x07, 0x00, 0x00, 0xF8, 0x00,
  0x0D, 0xC0, 0x03, 0x86, 0x00, 0x00, 0x00, 0x00, 0x00, 0x0F, 0xF0, 0x7F,
  0x3C, 0x01, 0xC1, 0xC0, 0x0C, 0x1C, 0x00, 0xC1, 0xC0, 0x0C, 0x1C, 0x00,
  0xC1, 0xC0, 0x0C, 0x1C, 0x00, 0xC1, 0xC0, 0x0C, 0x1C, 0x00, 0xC1, 0xC0,
  0x0C, 0x1C, 0x00, 0xC1, 0xC0, 0x08, 0x1C, 0x01, 0x81, 0xC0, 0x18, 0x1C,
  0x01, 0x80, 0xE0, 0x30, 0x07, 0xFF, 0x00, 0x3F, 0xC0, 0x01, 0x86, 0x00,
  0x3C, 0xE0, 0x03, 0xCE, 0x00, 0x08, 0x40, 0x00, 0x00, 0x00, 0x00, 0x00,
  0xFF, 0x07, 0xF3, 0xC0, 0x1C, 0x1C, 0x00, 0xC1, 0xC0, 0x0C, 0x1C, 0x00,
  0xC1, 0xC0, 0x0C, 0x1C, 0x00, 0xC1, 0xC0, 0x0C, 0x1C, 0x00, 0xC1, 0xC0,
  0x0C, 0x1C, 0x00, 0xC1, 0xC0, 0x0C, 0x1C, 0x00, 0x81, 0xC0, 0x18, 0x1C,
  0x01, 0x81, 0xC0, 0x18, 0x0E, 0x03, 0x00, 0x7F, 0xF0, 0x03, 0xFC, 0x00,
  0x00, 0x30, 0x00, 0x1C, 0x00, 0x1E, 0x00, 0x0E, 0x00, 0x00, 0x00, 0x00,
  0x00, 0x0F, 0xE1, 0xFD, 0xE0, 0x1C, 0x38, 0x06, 0x07, 0x01, 0x81, 0xC0,
  0xC0, 0x38, 0x30, 0x07, 0x18, 0x01, 0xCC, 0x00, 0x3B, 0x00, 0x0F, 0x80,
  0x01, 0xC0, 0x00, 0x70, 0x00, 0x1C, 0x00, 0x07, 0x00, 0x01, 0xC0, 0x00,
  0x70, 0x00, 0x1C, 0x00, 0x0F, 0x80, 0x07, 0xF8, 0x00, 0xFF, 0x00, 0xF0,
  0x03, 0x80, 0x0E, 0x00, 0x3F, 0xE0, 0xE3, 0xE3, 0x83, 0x8E, 0x07, 0x38,
  0x1C, 0xE0, 0x73, 0x81, 0xCE, 0x0E, 0x38, 0x78, 0xFF, 0xC3, 0xFC, 0x0E,
  0x00, 0x38, 0x01, 0xF0, 0x0F, 0xF0, 0x00, 0x07, 0xF8, 0x07, 0x0C, 0x07,
  0x07, 0x03, 0x01, 0x81, 0x81, 0xC0, 0xC0, 0xC0, 0x60, 0xC1, 0xF0, 0x60,
  0xF8, 0x60, 0x0C, 0x70, 0x06, 0x38, 0x03, 0x1E, 0x01, 0x87, 0xC0, 0xC1,
  0xF0, 0x60, 0x3C, 0x30, 0x07, 0x18, 0x03, 0x8C, 0xC0, 0xCE, 0x70, 0xEF,
  0x3C, 0xEF, 0x9F, 0xE0, 0x18, 0x00, 0x70, 0x01, 0xE0, 0x01, 0x80, 0x03,
  0x00, 0x00, 0x00, 0x00, 0x07, 0xE0, 0x71, 0xC1, 0x83, 0x8F, 0x0E, 0x18,
  0x38, 0x00, 0xE0, 0x1F, 0x83, 0xFE, 0x1C, 0x38, 0x60, 0xE3, 0x83, 0x8E,
  0x0E, 0x1F, 0xDE, 0x3E, 0x7C, 0x01, 0x80, 0x0E, 0x00, 0x70, 0x03, 0x80,
  0x08, 0x00, 0x00, 0x00, 0x00, 0x07, 0xE0, 0x71, 0xC1, 0x83, 0x8F, 0x0E,
  0x18, 0x38, 0x00, 0xE0, 0x1F, 0x83, 0xFE, 0x1C, 0x38, 0x60, 0xE3, 0x83,
  0x8E, 0x0E, 0x1F, 0xDE, 0x3E, 0x7C, 0x06, 0x00, 0x3C, 0x01, 0xF8, 0x0C,
  0x60, 0x20, 0x40, 0x00, 0x00, 0x00, 0x07, 0xE0, 0x71, 0xC1, 0x83, 0x8F,
  0x0E, 0x18, 0x38, 0x00, 0xE0, 0x1F, 0x83, 0xFE, 0x1C, 0x38, 0x60, 0xE3,
  0x83, 0x8E, 0x0E, 0x1F, 0xDE, 0x3E, 0x7C, 0x3E, 0x40, 0xFF, 0x06, 0x38,
  0x00, 0x00, 0x00, 0x00, 0x00, 0x01, 0xF8, 0x1C, 0x70, 0x60, 0xE3, 0xC3,
  0x86, 0x0E, 0x00, 0x38, 0x07, 0xE0, 0xFF, 0x87, 0x0E, 0x18, 0x38, 0xE0,
  0xE3, 0x83, 0x87, 0xF7, 0x8F, 0x9F, 0x39, 0xC1, 0xE7, 0x03, 0x1C, 0x00,
  0x00, 0x00, 0x00, 0x00, 0x01, 0xF8, 0x1C, 0x70, 0x60, 0xE3, 0xC3, 0x86,
  0x0E, 0x00, 0x38, 0x07, 0xE0, 0xFF, 0x87, 0x0E, 0x18, 0x38, 0xE0, 0xE3,
  0x83, 0x87, 0xF7, 0x8F, 0x9F, 0x04, 0x00, 0x7C, 0x01, 0x98, 0x06, 0x60,
  0x19, 0x80, 0x3C, 0x00, 0x00, 0x00, 0x00, 0x1F, 0x81, 0xC7, 0x06, 0x0E,
  0x3C, 0x38, 0x60, 0xE0, 0x03, 0x80, 0x7E, 0x0F, 0xF8, 0x70, 0xE1, 0x83,
  0x8E, 0x0E, 0x38, 0x38, 0x7F, 0x78, 0xF9, 0xF0, 0x1F, 0x9F, 0xC7, 0x1F,
  0x8E, 0x60, 0xF0, 0x6F, 0x0E, 0x07, 0x60, 0xE0, 0x70, 0x0E, 0x07, 0x07,
  0xFF, 0xF3, 0xFE, 0x00, 0x70, 0xE0, 0x06, 0x0E, 0x00, 0xE0, 0xF0, 0x0E,
  0x0F, 0x83, 0x7F, 0xBF, 0xE3, 0xF1, 0xFC, 0x0F, 0xC3, 0xCE, 0x30, 0x77,
  0x0F, 0x60, 0x6E, 0x00, 0xE0, 0x0E, 0x00, 0xE0, 0x0E, 0x00, 0x70, 0x07,
  0x83, 0x3F, 0xE1, 0xFC, 0x02, 0x00, 0x40, 0x07, 0x80, 0x18, 0x09, 0x80,
  0xF8, 0x0C, 0x00, 0xE0, 0x0F, 0x00, 0x30, 0x01, 0x80, 0x00, 0x00, 0x00,
  0xFC, 0x38, 0xE3, 0x07, 0x70, 0x76, 0x07, 0xE0, 0x7F, 0xFF, 0xE0, 0x0E,
  0x00, 0x60, 0x07, 0x00, 0x78, 0x33, 0xFE, 0x1F, 0xC0, 0x00, 0xC0, 0x1C,
  0x03, 0x80, 0x70, 0x04, 0x00, 0x00, 0x00, 0x00, 0xFC, 0x38, 0xE3, 0x07,
  0x70, 0x76, 0x07, 0xE0, 0x7F, 0xFF, 0xE0, 0x0E, 0x00, 0x60, 0x07, 0x00,
  0x78, 0x33, 0xFE, 0x1F, 0xC0, 0x03, 0x00, 0x78, 0x0F, 0xC1, 0x8C, 0x10,
  0x20, 0x00, 0x00, 0x00, 0xFC, 0x38, 0xE3, 0x07, 0x70, 0x76, 0x07, 0xE0,
  0x7F, 0xFF, 0xE0, 0x0E, 0x00, 0x60, 0x07, 0x00, 0x78, 0x33, 0xFE, 0x1F,
  0xC0, 0x1C, 0xE3, 0xCE, 0x18, 0xE0, 0x00, 0x00, 0x00, 0x00, 0x0F, 0xC3,
  0x8E, 0x30, 0x77, 0x07, 0x60, 0x7E, 0x07, 0xFF, 0xFE, 0x00, 0xE0, 0x06,
  0x00, 0x70, 0x07, 0x83, 0x3F, 0xE1, 0xFC, 0xC1, 0xC3, 0xC1, 0x81, 0x80,
  0x00, 0x7C, 0xF8, 0x70, 0x60, 0xC1, 0x83, 0x06, 0x0C, 0x18, 0x30, 0xE3,
  0xEF, 0xE0, 0x0C, 0x38, 0xE3, 0x84, 0x00, 0x00, 0x7C, 0xF8, 0x70, 0x60,
  0xC1, 0x83, 0x06, 0x0C, 0x18, 0x30, 0xE3, 0xEF, 0xE0, 0x18, 0x3C, 0x7E,
  0xC6, 0x81, 0x00, 0x00, 0x7C, 0x7C, 0x1C, 0x0C, 0x0C, 0x0C, 0x0C, 0x0C,
  0x0C, 0x0C, 0x0C, 0x1C, 0x3E, 0x7F, 0x73, 0xF9, 0xD8, 0xE0, 0x00, 0x00,
  0x00, 0xF8, 0x7C, 0x0E, 0x03, 0x01, 0x80, 0xC0, 0x60, 0x30, 0x18, 0x0C,
  0x06, 0x07, 0x07, 0xC7, 0xF0, 0x00, 0x10, 0x78, 0xC0, 0x7E, 0x00, 0x70,
  0x03, 0xE0, 0x19, 0xC0, 0x43, 0x00, 0x0E, 0x07, 0x38, 0x7F, 0x63, 0x87,
  0x9C, 0x0F, 0x70, 0x3F, 0x80, 0x7E, 0x01, 0xB8, 0x06, 0xE0, 0x1B, 0x80,
  0xE7, 0x03, 0x9C, 0x0C, 0x3C, 0xE0, 0x7F, 0x00, 0x0F, 0x90, 0x0F, 0xF0,
  0x18, 0xE0, 0x00, 0x00, 0x00, 0x00, 0x00, 0x00, 0xF9, 0xF8, 0xFB, 0xF8,
  0x3C, 0x1C, 0x1C, 0x1C, 0x18, 0x0C, 0x18, 0x0C, 0x18, 0x0C, 0x18, 0x0C,
  0x18, 0x0C, 0x18, 0x0C, 0x18, 0x0C, 0x38, 0x0C, 0x3C, 0x1E, 0x7E, 0x3F,
  0x0C, 0x00, 0x38, 0x00, 0xF0, 0x00, 0xC0, 0x01, 0x80, 0x00, 0x00, 0x00,
  0x03, 0xF8, 0x3C, 0xF0, 0xC0, 0xE7, 0x03, 0x98, 0x07, 0xE0, 0x1F, 0x80,
  0x7E, 0x01, 0xF8, 0x07, 0xE0, 0x19, 0xC0, 0xE7, 0x83, 0x8F, 0x3C, 0x1F,
  0xC0, 0x00, 0xC0, 0x07, 0x00, 0x38, 0x01, 0xC0, 0x04, 0x00, 0x00, 0x00,
  0x00, 0x03, 0xF8, 0x3C, 0xF0, 0xC0, 0xE7, 0x03, 0x98, 0x07, 0xE0, 0x1F,
  0x80, 0x7E, 0x01, 0xF8, 0x07, 0xE0, 0x19, 0xC0, 0xE7, 0x83, 0x8F, 0x3C,
  0x1F, 0xC0, 0x03, 0x00, 0x1E, 0x00, 0xFC, 0x06, 0x30, 0x10, 0x20, 0x00,
  0x00, 0x00, 0x03, 0xF8, 0x3C, 0xF0, 0xC0, 0xE7, 0x03, 0x98, 0x07, 0xE0,
  0x1F, 0x80, 0x7E, 0x01, 0xF8, 0x07, 0xE0, 0x19, 0xC0, 0xE7, 0x83, 0x8F,
  0x3C, 0x1F, 0xC0, 0x1F, 0x20, 0x7F, 0x83, 0x1C, 0x00, 0x00, 0x00, 0x00,
  0x00, 0x00, 0xFE, 0x0F, 0x3C, 0x30, 0x39, 0xC0, 0xE6, 0x01, 0xF8, 0x07,
  0xE0, 0x1F, 0x80, 0x7E, 0x01, 0xF8, 0x06, 0x70, 0x39, 0xE0, 0xE3, 0xCF,
  0x07, 0xF0, 0x1C, 0xE0, 0xF3, 0x81, 0x8E, 0x00, 0x00, 0x00, 0x00, 0x00,
  0x00, 0xFE, 0x0F, 0x3C, 0x30, 0x39, 0xC0, 0xE6, 0x01, 0xF8, 0x07, 0xE0,
  0x1F, 0x80, 0x7E, 0x01, 0xF8, 0x06, 0x70, 0x39, 0xE0, 0xE3, 0xCF, 0x07,
  0xF0, 0x0E, 0x00, 0xF0, 0x06, 0x00, 0x00, 0x00, 0x0F, 0xFF, 0x00, 0x00,
  0x00, 0x06, 0x00, 0xF0, 0x0F, 0x00, 0x20, 0x07, 0xFE, 0x3C, 0xF8, 0x60,
  0x71, 0xC1, 0xE3, 0x06, 0xEE, 0x19, 0xDC, 0x63, 0xB9, 0x87, 0x76, 0x0E,
  0xF8, 0x18, 0xE0, 0x71, 0xE0, 0xE7, 0xE7, 0x9D, 0xFC, 0x00, 0x0C, 0x00,
  0x0E, 0x00, 0x0F, 0x00, 0x03, 0x00, 0x01, 0x80, 0x00, 0x00, 0x00, 0x00,
  0xF0, 0x78, 0xF0, 0x78, 0x30, 0x18, 0x30, 0x18, 0x30, 0x18, 0x30, 0x18,
  0x30, 0x18, 0x30, 0x18, 0x30, 0x18, 0x30, 0x18, 0x38, 0x38, 0x38, 0x38,
  0x3F, 0xDC, 0x1F, 0x9F, 0x00, 0xC0, 0x01, 0xC0, 0x03, 0x80, 0x07, 0x00,
  0x04, 0x00, 0x00, 0x00, 0x00, 0x00, 0xF0, 0x78, 0xF0, 0x78, 0x30, 0x18,
  0x30, 0x18, 0x30, 0x18, 0x30, 0x18, 0x30, 0x18, 0x30, 0x18, 0x30, 0x18,
  0x30, 0x18, 0x38, 0x38, 0x38, 0x38, 0x3F, 0xDC, 0x1F, 0x9F, 0x03, 0x00,
  0x07, 0x80, 0x0F, 0xC0, 0x18, 0xC0, 0x10, 0x20, 0x00, 0x00, 0x00, 0x00,
  0xF0, 0x78, 0xF0, 0x78, 0x30, 0x18, 0x30, 0x18, 0x30, 0x18, 0x30, 0x18,
  0x30, 0x18, 0x30, 0x18, 0x30, 0x18, 0x30, 0x18, 0x38, 0x38, 0x38, 0x38,
  0x3F, 0xDC, 0x1F, 0x9F, 0x0E, 0x70, 0x1E, 0x70, 0x0C, 0x70, 0x00, 0x00,
  0x00, 0x00, 0x00, 0x00, 0xF0, 0x78, 0xF0, 0x78, 0x30, 0x18, 0x30, 0x18,
  0x30, 0x18, 0x30, 0x18, 0x30, 0x18, 0x30, 0x18, 0x30, 0x18, 0x30, 0x18,
  0x38, 0x38, 0x38, 0x38, 0x3F, 0xDC, 0x1F, 0x9F, 0x00, 0x30, 0x00, 0x70,
  0x00, 0xE0, 0x01, 0xC0, 0x01, 0x00, 0x00, 0x00, 0x00, 0x00, 0x7E, 0x3F,
  0xFC, 0x3E, 0x38, 0x0C, 0x1C, 0x18, 0x1C, 0x18, 0x0C, 0x10, 0x0E, 0x30,
  0x0E, 0x30, 0x07, 0x60, 0x07, 0x60, 0x03, 0x40, 0x03, 0xC0, 0x01, 0x80,
  0x01, 0x80, 0x01, 0x80, 0x03, 0x00, 0x63, 0x00, 0xF6, 0x00, 0xE6, 0x00,
  0x7C, 0x00, 0xF8, 0x01, 0xF0, 0x00, 0x60, 0x00, 0xC0, 0x01, 0x80, 0x03,
  0x00, 0x06, 0x00, 0x0C, 0xFC, 0x1B, 0xFC, 0x38, 0x38, 0x70, 0x38, 0xC0,
  0x71, 0x80, 0xE3, 0x01, 0xC6, 0x03, 0x8C, 0x07, 0x18, 0x0E, 0x30, 0x1C,
  0x60, 0x70, 0xFF, 0xC1, 0xFF, 0x03, 0x00, 0x06, 0x00, 0x0C, 0x00, 0x18,
  0x00, 0x7C, 0x01, 0xFC, 0x00, 0x07, 0x38, 0x0F, 0x38, 0x06, 0x38, 0x00,
  0x00, 0x00, 0x00, 0x00, 0x00, 0x7E, 0x3F, 0xFC, 0x3E, 0x38, 0x0C, 0x1C,
  0x18, 0x1C, 0x18, 0x0C, 0x10, 0x0E, 0x30, 0x0E, 0x30, 0x07, 0x60, 0x07,
  0x60, 0x03, 0x40, 0x03, 0xC0, 0x01, 0x80, 0x01, 0x80, 0x01, 0x80, 0x03,
  0x00, 0x63, 0x00, 0xF6, 0x00, 0xE6, 0x00, 0x7C, 0x00 };

const GFXglyph Literata_Regular14pt8bGlyphs[] PROGMEM = {
  {     0,   1,   1,   5,    0,    0 },   // 0x20 ' '
  {     1,   4,  20,   9,    2,  -19 },   // 0x21 '!'
  {    11,   7,   6,  11,    2,  -20 },   // 0x22 '"'
  {    17,  16,  15,  18,    1,  -14 },   // 0x23 '#'
  {    47,  14,  24,  15,    1,  -21 },   // 0x24 '$'
  {    89,  21,  16,  23,    1,  -15 },   // 0x25 '%'
  {   131,  20,  20,  22,    1,  -19 },   // 0x26 '&'
  {   181,   3,   6,   6,    2,  -20 },   // 0x27 '''
  {   184,   6,  28,   9,    2,  -21 },   // 0x28 '('
  {   205,   6,  28,   9,    1,  -21 },   // 0x29 ')'
  {   226,  10,  10,  12,    1,  -20 },   // 0x2A '*'
  {   239,  12,  12,  16,    2,  -13 },   // 0x2B '+'
  {   257,   5,   9,   9,    2,   -3 },   // 0x2C ','
  {   263,   8,   2,  10,    1,   -8 },   // 0x2D '-'
  {   265,   5,   4,   9,    2,   -3 },   // 0x2E '.'
  {   268,  10,  25,  12,    1,  -21 },   // 0x2F '/'
  {   300,  14,  20,  16,    1,  -19 },   // 0x30 '0'
  {   335,   9,  20,  11,    1,  -19 },   // 0x31 '1'
  {   358,  12,  20,  14,    1,  -19 },   // 0x32 '2'
  {   388,  12,  20,  15,    1,  -19 },   // 0x33 '3'
  {   418,  15,  19,  15,    0,  -18 },   // 0x34 '4'
  {   454,  13,  19,  14,    0,  -18 },   // 0x35 '5'
  {   485,  13,  20,  15,    1,  -19 },   // 0x36 '6'
  {   518,  13,  19,  14,    0,  -18 },   // 0x37 '7'
  {   549,  13,  20,  15,    1,  -19 },   // 0x38 '8'
  {   582,  12,  20,  14,    1,  -19 },   // 0x39 '9'
  {   612,   5,  14,   9,    2,  -13 },   // 0x3A ':'
  {   621,   5,  19,   9,    2,  -13 },   // 0x3B ';'
  {   633,  11,  14,  16,    2,  -14 },   // 0x3C '<'
  {   653,  12,   7,  16,    2,  -11 },   // 0x3D '='
  {   664,  11,  14,  16,    3,  -14 },   // 0x3E '>'
  {   684,  10,  20,  15,    2,  -19 },   // 0x3F '?'
  {   709,  21,  21,  23,    1,  -15 },   // 0x40 '@'
  {   765,  20,  19,  20,    0,  -18 },   // 0x41 'A'
  {   813,  15,  19,  18,    2,  -18 },   // 0x42 'B'
  {   849,  17,  20,  19,    1,  -19 },   // 0x43 'C'
  {   892,  18,  19,  21,    2,  -18 },   // 0x44 'D'
  {   935,  14,  19,  17,    2,  -18 },   // 0x45 'E'
  {   969,  14,  19,  17,    2,  -18 },   // 0x46 'F'
  {  1003,  19,  20,  21,    1,  -19 },   // 0x47 'G'
  {  1051,  19,  19,  23,    2,  -18 },   // 0x48 'H'
  {  1097,   8,  19,  11,    2,  -18 },   // 0x49 'I'
  {  1116,  13,  19,  15,    1,  -18 },   // 0x4A 'J'
  {  1147,  18,  19,  21,    2,  -18 },   // 0x4B 'K'
  {  1190,  14,  19,  17,    2,  -18 },   // 0x4C 'L'
  {  1224,  24,  19,  28,    2,  -18 },   // 0x4D 'M'
  {  1281,  19,  19,  23,    2,  -18 },   // 0x4E 'N'
  {  1327,  18,  20,  21,    1,  -19 },   // 0x4F 'O'
  {  1372,  14,  19,  17,    2,  -18 },   // 0x50 'P'
  {  1406,  23,  25,  21,    1,  -19 },   // 0x51 'Q'
  {  1478,  17,  19,  20,    2,  -18 },   // 0x52 'R'
  {  1519,  13,  20,  16,    2,  -19 },   // 0x53 'S'
  {  1552,  18,  19,  20,    1,  -18 },   // 0x54 'T'
  {  1595,  20,  19,  22,    1,  -18 },   // 0x55 'U'
  {  1643,  19,  19,  20,    1,  -18 },   // 0x56 'V'
  {  1689,  28,  19,  30,    1,  -18 },   // 0x57 'W'
  {  1756,  19,  19,  19,    0,  -18 },   // 0x58 'X'
  {  1802,  18,  19,  20,    1,  -18 },   // 0x59 'Y'
  {  1845,  14,  19,  18,    2,  -18 },   // 0x5A 'Z'
  {  1879,   5,  28,   9,    3,  -21 },   // 0x5B '['
  {  1897,  10,  25,  12,    1,  -21 },   // 0x5C '\'
  {  1929,   5,  28,   9,    1,  -21 },   // 0x5D ']'
  {  1947,  14,  11,  16,    1,  -19 },   // 0x5E '^'
  {  1967,  13,   2,  13,    0,    2 },   // 0x5F '_'
  {  1971,   5,   5,  14,    4,  -20 },   // 0x60 '`'
  {  1975,  14,  14,  15,    1,  -13 },   // 0x61 'a'
  {  2000,  15,  21,  17,    0,  -20 },   // 0x62 'b'
  {  2040,  12,  14,  14,    1,  -13 },   // 0x63 'c'
  {  2061,  15,  21,  17,    1,  -20 },   // 0x64 'd'
  {  2101,  12,  14,  14,    1,  -13 },   // 0x65 'e'
  {  2122,  11,  21,  11,    1,  -20 },   // 0x66 'f'
  {  2151,  14,  22,  15,    1,  -15 },   // 0x67 'g'
  {  2190,  16,  21,  18,    1,  -20 },   // 0x68 'h'
  {  2232,   7,  21,   9,    1,  -20 },   // 0x69 'i'
  {  2251,   5,  27,   8,    1,  -20 },   // 0x6A 'j'
  {  2268,  16,  21,  17,    1,  -20 },   // 0x6B 'k'
  {  2310,   8,  21,   9,    1,  -20 },   // 0x6C 'l'
  {  2331,  25,  14,  27,    1,  -13 },   // 0x6D 'm'
  {  2375,  16,  14,  18,    1,  -13 },   // 0x6E 'n'
  {  2403,  14,  14,  16,    1,  -13 },   // 0x6F 'o'
  {  2428,  15,  20,  17,    1,  -13 },   // 0x70 'p'
  {  2466,  15,  20,  16,    1,  -13 },   // 0x71 'q'
  {  2504,  12,  14,  13,    1,  -13 },   // 0x72 'r'
  {  2525,  11,  14,  12,    1,  -13 },   // 0x73 's'
  {  2545,  10,  19,  11,    1,  -18 },   // 0x74 't'
  {  2569,  16,  14,  17,    1,  -13 },   // 0x75 'u'
  {  2597,  16,  14,  16,    0,  -13 },   // 0x76 'v'
  {  2625,  23,  14,  24,    0,  -13 },   // 0x77 'w'
  {  2666,  15,  14,  16,    0,  -13 },   // 0x78 'x'
  {  2693,  16,  20,  16,    0,  -13 },   // 0x79 'y'
  {  2733,  12,  14,  13,    1,  -13 },   // 0x7A 'z'
  {  2754,   7,  29,  10,    2,  -22 },   // 0x7B '{'
  {  2780,   2,  25,  12,    5,  -21 },   // 0x7C '|'
  {  2787,   8,  29,  10,    1,  -22 },   // 0x7D '}'
  {  2816,  12,   3,  16,    2,   -9 },   // 0x7E '~'
  {  2821,  11,  19,  14,    1,  -18 },   // 0x7F
  {  2848,  11,  19,  14,    1,  -18 },   // 0x80
  {  2875,  11,  19,  14,    1,  -18 },   // 0x81
  {  2902,  11,  19,  14,    1,  -18 },   // 0x82
  {  2929,  11,  19,  14,    1,  -18 },   // 0x83
  {  2956,  11,  19,  14,    1,  -18 },   // 0x84
  {  2983,  11,  19,  14,    1,  -18 },   // 0x85
  {  3010,  11,  19,  14,    1,  -18 },   // 0x86
  {  3037,  11,  19,  14,    1,  -18 },   // 0x87
  {  3064,  11,  19,  14,    1,  -18 },   // 0x88
  {  3091,  11,  19,  14,    1,  -18 },   // 0x89
  {  3118,  11,  19,  14,    1,  -18 },   // 0x8A
  {  3145,  11,  19,  14,    1,  -18 },   // 0x8B
  {  3172,  11,  19,  14,    1,  -18 },   // 0x8C
  {  3199,  11,  19,  14,    1,  -18 },   // 0x8D
  {  3226,  11,  19,  14,    1,  -18 },   // 0x8E
  {  3253,  11,  19,  14,    1,  -18 },   // 0x8F
  {  3280,  11,  19,  14,    1,  -18 },   // 0x90
  {  3307,  11,  19,  14,    1,  -18 },   // 0x91
  {  3334,  11,  19,  14,    1,  -18 },   // 0x92
  {  3361,  11,  19,  14,    1,  -18 },   // 0x93
  {  3388,  11,  19,  14,    1,  -18 },   // 0x94
  {  3415,  11,  19,  14,    1,  -18 },   // 0x95
  {  3442,  11,  19,  14,    1,  -18 },   // 0x96
  {  3469,  11,  19,  14,    1,  -18 },   // 0x97
  {  3496,  11,  19,  14,    1,  -18 },   // 0x98
  {  3523,  11,  19,  14,    1,  -18 },   // 0x99
  {  3550,  11,  19,  14,    1,  -18 },   // 0x9A
  {  3577,  11,  19,  14,    1,  -18 },   // 0x9B
  {  3604,  11,  19,  14,    1,  -18 },   // 0x9C
  {  3631,  11,  19,  14,    1,  -18 },   // 0x9D
  {  3658,  11,  19,  14,    1,  -18 },   // 0x9E
  {  3685,  11,  19,  14,    1,  -18 },   // 0x9F
  {  3712,   1,   1,   5,    0,    0 },   // 0xA0
  {  3713,   4,  20,   9,    2,  -13 },   // 0xA1
  {  3723,  12,  19,  13,    1,  -17 },   // 0xA2
  {  3752,  13,  20,  15,    1,  -19 },   // 0xA3
  {  3785,  11,  12,  15,    2,  -14 },   // 0xA4
  {  3802,  18,  19,  19,    1,  -18 },   // 0xA5
  {  3845,   2,  25,  12,    5,  -21 },   // 0xA6
  {  3852,  13,  24,  17,    2,  -19 },   // 0xA7
  {  3891,   9,   3,  14,    2,  -19 },   // 0xA8
  {  3895,  18,  18,  22,    2,  -17 },   // 0xA9
  {  3936,  10,  10,  12,    1,  -19 },   // 0xAA
  {  3949,  12,  11,  14,    1,  -12 },   // 0xAB
  {  3966,  12,   6,  16,    2,   -9 },   // 0xAC
  {  3975,   1,   1,   0,    0,    0 },   // 0xAD
  {  3976,  10,  10,  13,    2,  -20 },   // 0xAE
  {  3989,   8,   2,  14,    3,  -18 },   // 0xAF
  {  3991,   7,   6,   9,    1,  -20 },   // 0xB0
  {  3997,  12,  14,  16,    2,  -13 },   // 0xB1
  {  4018,   9,  13,  11,    1,  -22 },   // 0xB2
  {  4033,   9,  13,  12,    1,  -22 },   // 0xB3
  {  4048,   5,   5,  14,    5,  -20 },   // 0xB4
  {  4052,  14,  20,  17,    2,  -13 },   // 0xB5
  {  4087,  13,  23,  16,    2,  -18 },   // 0xB6
  {  4125,   5,   4,   9,    2,  -10 },   // 0xB7
  {  4128,   6,   6,  14,    4,    1 },   // 0xB8
  {  4133,   7,  13,   9,    1,  -22 },   // 0xB9
  {  4145,  10,  10,  12,    1,  -19 },   // 0xBA
  {  4158,  11,  11,  14,    1,  -12 },   // 0xBB
  {  4174,  24,  20,  25,    1,  -19 },   // 0xBC
  {  4234,  24,  20,  26,    1,  -19 },   // 0xBD
  {  4294,  25,  20,  26,    1,  -19 },   // 0xBE
  {  4357,  11,  20,  15,    2,  -13 },   // 0xBF
  {  4385,  20,  25,  20,    0,  -24 },   // 0xC0
  {  4448,  20,  25,  20,    0,  -24 },   // 0xC1
  {  4511,  20,  26,  20,    0,  -25 },   // 0xC2
  {  4576,  20,  25,  20,    0,  -24 },   // 0xC3
  {  4639,  20,  25,  20,    0,  -24 },   // 0xC4
  {  4702,  20,  26,  20,    0,  -25 },   // 0xC5
  {  4767,  26,  19,  27,    0,  -18 },   // 0xC6
  {  4829,  17,  26,  19,    1,  -19 },   // 0xC7
  {  4885,  14,  25,  17,    2,  -24 },   // 0xC8
  {  4929,  14,  25,  17,    2,  -24 },   // 0xC9
  {  4973,  14,  26,  17,    2,  -25 },   // 0xCA
  {  5019,  14,  25,  17,    2,  -24 },   // 0xCB
  {  5063,   8,  25,  11,    2,  -24 },   // 0xCC
  {  5088,   8,  25,  11,    2,  -24 },   // 0xCD
  {  5113,   9,  26,  11,    1,  -25 },   // 0xCE
  {  5143,   9,  25,  11,    1,  -24 },   // 0xCF
  {  5172,  19,  19,  21,    1,  -18 },   // 0xD0
  {  5218,  19,  25,  23,    2,  -24 },   // 0xD1
  {  5278,  18,  25,  21,    1,  -24 },   // 0xD2
  {  5335,  18,  25,  21,    1,  -24 },   // 0xD3
  {  5392,  18,  26,  21,    1,  -25 },   // 0xD4
  {  5451,  18,  25,  21,    1,  -24 },   // 0xD5
  {  5508,  18,  25,  21,    1,  -24 },   // 0xD6
  {  5565,  10,  10,  16,    3,  -12 },   // 0xD7
  {  5578,  19,  20,  21,    1,  -19 },   // 0xD8
  {  5626,  20,  25,  22,    1,  -24 },   // 0xD9
  {  5689,  20,  25,  22,    1,  -24 },   // 0xDA
  {  5752,  20,  26,  22,    1,  -25 },   // 0xDB
  {  5817,  20,  25,  22,    1,  -24 },   // 0xDC
  {  5880,  18,  25,  20,    1,  -24 },   // 0xDD
  {  5937,  14,  19,  17,    2,  -18 },   // 0xDE
  {  5971,  17,  21,  19,    1,  -20 },   // 0xDF
  {  6016,  14,  21,  15,    1,  -20 },   // 0xE0
  {  6053,  14,  21,  15,    1,  -20 },   // 0xE1
  {  6090,  14,  21,  15,    1,  -20 },   // 0xE2
  {  6127,  14,  20,  15,    1,  -19 },   // 0xE3
  {  6162,  14,  20,  15,    1,  -19 },   // 0xE4
  {  6197,  14,  22,  15,    1,  -21 },   // 0xE5
  {  6236,  20,  14,  22,    1,  -13 },   // 0xE6
  {  6271,  12,  20,  14,    1,  -13 },   // 0xE7
  {  6301,  12,  21,  14,    1,  -20 },   // 0xE8
  {  6333,  12,  21,  14,    1,  -20 },   // 0xE9
  {  6365,  12,  21,  14,    1,  -20 },   // 0xEA
  {  6397,  12,  20,  14,    1,  -19 },   // 0xEB
  {  6427,   7,  21,   9,    1,  -20 },   // 0xEC
  {  6446,   7,  21,   9,    1,  -20 },   // 0xED
  {  6465,   8,  21,   9,    0,  -20 },   // 0xEE
  {  6486,   9,  20,   9,   -1,  -19 },   // 0xEF
  {  6509,  14,  22,  16,    1,  -21 },   // 0xF0
  {  6548,  16,  20,  18,    1,  -19 },   // 0xF1
  {  6588,  14,  21,  16,    1,  -20 },   // 0xF2
  {  6625,  14,  21,  16,    1,  -20 },   // 0xF3
  {  6662,  14,  21,  16,    1,  -20 },   // 0xF4
  {  6699,  14,  20,  16,    1,  -19 },   // 0xF5
  {  6734,  14,  20,  16,    1,  -19 },   // 0xF6
  {  6769,  12,  12,  16,    2,  -13 },   // 0xF7
  {  6787,  15,  14,  16,    0,  -13 },   // 0xF8
  {  6814,  16,  21,  17,    1,  -20 },   // 0xF9
  {  6856,  16,  21,  17,    1,  -20 },   // 0xFA
  {  6898,  16,  21,  17,    1,  -20 },   // 0xFB
  {  6940,  16,  20,  17,    1,  -19 },   // 0xFC
  {  6980,  16,  27,  16,    0,  -20 },   // 0xFD
  {  7034,  15,  27,  16,    0,  -20 },   // 0xFE
  {  7085,  16,  26,  16,    0,  -19 } }; // 0xFF

const GFXfont Literata_Regular14pt8b PROGMEM = {
  (uint8_t  *)Literata_Regular14pt8bBitmaps,
  (GFXglyph *)Literata_Regular14pt8bGlyphs,
  0x20, 0xFF, 41 };

// Approx. 8712 bytes

const uint8_t Literata_Regular16pt8bBitmaps[] PROGMEM = {
  0x00, 0xFF, 0xFF, 0xFF, 0x76, 0x66, 0x66, 0x66, 0x66, 0x00, 0x6F, 0xFF,
  0x42, 0xE7, 0xE7, 0xE7, 0x66, 0x66, 0x42, 0x42, 0x03, 0x02, 0x00, 0x60,
  0xC0, 0x0C, 0x18, 0x01, 0x03, 0x03, 0xFF, 0xFE, 0xFF, 0xFF, 0x81, 0x81,
  0x00, 0x30, 0x20, 0x06, 0x0C, 0x00, 0x81, 0x80, 0x10, 0x30, 0x3F, 0xFF,
  0xEF, 0xFF, 0xFC, 0x18, 0x10, 0x03, 0x06, 0x00, 0x60, 0xC0, 0x08, 0x18,
  0x00, 0x01, 0x80, 0x01, 0x80, 0x01, 0x80, 0x0F, 0xF6, 0x1F, 0xFE, 0x39,
  0x9E, 0x39, 0x8E, 0x71, 0x86, 0x71, 0x86, 0x79, 0x80, 0x3D, 0x80, 0x3F,
  0x80, 0x1F, 0xC0, 0x0F, 0xF0, 0x03, 0xFC, 0x01, 0xFE, 0x01, 0x9E, 0x01,
  0x8F, 0xC1, 0x8F, 0x61, 0x87, 0x61, 0x86, 0x71, 0x8E, 0x79, 0x8E, 0x7F,
  0xFC, 0x67, 0xF0, 0x01, 0x80, 0x01, 0x80, 0x01, 0x80, 0x0E, 0x00, 0x60,
  0x3F, 0x80, 0xC0, 0x71, 0xC1, 0xC0, 0x61, 0xC1, 0x80, 0x60, 0xC3, 0x80,
  0xE0, 0xC3, 0x00, 0x60, 0xC6, 0x00, 0x71, 0xCE, 0x00, 0x7B, 0x8C, 0x00,
  0x3F, 0x1C, 0x38, 0x00, 0x18, 0xFE, 0x00, 0x31, 0xC7, 0x00, 0x31, 0x87,
  0x00, 0x63, 0x83, 0x00, 0xE3, 0x83, 0x00, 0xC3, 0x83, 0x01, 0x81, 0x87,
  0x01, 0x81, 0xEE, 0x07, 0x00, 0xFC, 0x0F, 0xE0, 0x00, 0x79, 0xC0, 0x01,
  0x83, 0x00, 0x0E, 0x0C, 0x00, 0x38, 0x38, 0x00, 0xE0, 0xC0, 0x03, 0x83,
  0x00, 0x07, 0x18, 0x1E, 0x1E, 0xC0, 0xFC, 0x3E, 0x06, 0x70, 0xF8, 0x19,
  0x8E, 0xF0, 0xC0, 0x71, 0xE3, 0x03, 0x83, 0xC8, 0x0E, 0x07, 0xE0, 0x38,
  0x0F, 0x80, 0xE0, 0x1E, 0x03, 0x80, 0x3C, 0x0F, 0x00, 0xFC, 0x5C, 0x06,
  0xFF, 0x7E, 0xF1, 0xF8, 0x7F, 0x81, 0xC0, 0x5F, 0xF6, 0xD2, 0x02, 0x07,
  0x06, 0x0C, 0x1C, 0x18, 0x38, 0x38, 0x30, 0x70, 0x70, 0x70, 0x70, 0xE0,
  0xE0, 0xE0, 0xE0, 0xE0, 0xE0, 0xE0, 0x70, 0x70, 0x70, 0x70, 0x30, 0x38,
  0x38, 0x1C, 0x1C, 0x0C, 0x06, 0x06, 0x41, 0x81, 0x83, 0x03, 0x07, 0x0E,
  0x0C, 0x1C, 0x38, 0x70, 0x70, 0xE1, 0xC3, 0x87, 0x0E, 0x1C, 0x38, 0x70,
  0xE1, 0xC7, 0x0E, 0x1C, 0x30, 0xE1, 0x87, 0x0C, 0x10, 0x60, 0x02, 0x00,
  0x60, 0x06, 0x06, 0x66, 0x76, 0xE1, 0xB8, 0x06, 0x03, 0xFC, 0x76, 0xE6,
  0x66, 0x06, 0x00, 0x60, 0x03, 0x00, 0x0C, 0x00, 0x30, 0x00, 0xC0, 0x03,
  0x03, 0xFF, 0xFF, 0xFF, 0xC0, 0xC0, 0x03, 0x00, 0x0C, 0x00, 0x30, 0x00,
  0xC0, 0x03, 0x00, 0xF7, 0xBF, 0xF3, 0x19, 0xDC, 0xC0, 0xFF, 0xFF, 0xC0,
  0xF7, 0xFF, 0xE2, 0x00, 0x00, 0x30, 0x06, 0x00, 0x60, 0x06, 0x00, 0xC0,
  0x0C, 0x01, 0x80, 0x18, 0x01, 0x80, 0x30, 0x03, 0x00, 0x30, 0x06, 0x00,
  0x60, 0x06, 0x00, 0xC0, 0x0C, 0x00, 0xC0, 0x18, 0x01, 0x80, 0x30, 0x03,
  0x00, 0x30, 0x06, 0x00, 0x60, 0x06, 0x00, 0xC0, 0x0C, 0x00, 0x07, 0xF0,
  0x1F, 0xF8, 0x38, 0x1C, 0x38, 0x1C, 0x70, 0x0E, 0x70, 0x0E, 0x70, 0x0F,
  0xE0, 0x07, 0xE0, 0x07, 0xE0, 0x07, 0xE0, 0x07, 0xE0, 0x07, 0xE0, 0x07,
  0xE0, 0x07, 0xF0, 0x07, 0xF0, 0x0F, 0x70, 0x0E, 0x70, 0x0E, 0x38, 0x1C,
  0x3C, 0x1C, 0x1F, 0xF8, 0x0F, 0xE0, 0x3E, 0x1F, 0xC0, 0xF8, 0x07, 0x00,
  0xE0, 0x1C, 0x03, 0x80, 0x70, 0x0E, 0x01, 0xC0, 0x38, 0x07, 0x00, 0xE0,
  0x1C, 0x03, 0x80, 0x70, 0x0E, 0x01, 0xC0, 0x38, 0x07, 0x0F, 0xFF, 0xFF,
  0xC0, 0x1F, 0xC1, 0xFF, 0xCE, 0x07, 0x38, 0x1E, 0xF0, 0x3B, 0x80, 0xE0,
  0x03, 0x80, 0x0E, 0x00, 0x78, 0x01, 0xC0, 0x0F, 0x00, 0x38, 0x01, 0xC0,
  0x0E, 0x00, 0x70, 0x03, 0x80, 0x1C, 0x0C, 0xE0, 0x77, 0x01, 0xFF, 0xFE,
  0xFF, 0xFB, 0xFF, 0xE0, 0x1F, 0xE0, 0xFF, 0xC7, 0x07, 0x9C, 0x0E, 0x70,
  0x39, 0xC0, 0xE0, 0x03, 0x80, 0x0E, 0x00, 0x70, 0x07, 0x80, 0x78, 0x01,
  0xFC, 0x00, 0x78, 0x00, 0xF0, 0x01, 0xC0, 0x07, 0x00, 0x1D, 0x00, 0x7C,
  0x03, 0xDC, 0x1E, 0x7F, 0xF0, 0x7F, 0x80, 0x00, 0x38, 0x00, 0x3C, 0x00,
  0x1E, 0x00, 0x1F, 0x00, 0x1F, 0x80, 0x0D, 0xC0, 0x0C, 0xE0, 0x0E, 0x70,
  0x06, 0x38, 0x06, 0x1C, 0x07, 0x0E, 0x03, 0x07, 0x03, 0x03, 0x83, 0x81,
  0xC1, 0x80, 0xE1, 0xFF, 0xFF, 0x7F, 0xFF, 0x80, 0x1C, 0x00, 0x0E, 0x00,
  0x07, 0x00, 0x1F, 0xF0, 0x1F, 0xF8, 0x1F, 0xFC, 0x3F, 0xF8, 0x7F, 0xF0,
  0xC0, 0x01, 0x80, 0x03, 0x00, 0x06, 0x00, 0x18, 0x00, 0x33, 0xE0, 0x7F,
  0xF0, 0xFB, 0xF0, 0x81, 0xE0, 0x01, 0xE0, 0x03, 0xC0, 0x03, 0x80, 0x07,
  0x00, 0x1E, 0x80, 0x3B, 0x80, 0xF3, 0xC3, 0xE3, 0xFF, 0x83, 0xFC, 0x00,
  0x03, 0xF8, 0x1F, 0xF8, 0x70, 0x39, 0xC0, 0xF3, 0x81, 0xCE, 0x00, 0x1C,
  0x00, 0x38, 0x00, 0xE7, 0xE1, 0xDF, 0xF3, 0xE0, 0xF7, 0x80, 0xEF, 0x01,
  0xDC, 0x03, 0xF8, 0x03, 0xF0, 0x07, 0xE0, 0x1E, 0xE0, 0x39, 0xC0, 0x71,
  0xC1, 0xC3, 0xC7, 0x81, 0xFC, 0x00, 0x7F, 0xFE, 0xFF, 0xFD, 0xFF, 0xFB,
  0x00, 0x66, 0x01, 0xD8, 0x03, 0x00, 0x0C, 0x00, 0x38, 0x00, 0x60, 0x01,
  0xC0, 0x03, 0x80, 0x0E, 0x00, 0x1C, 0x00, 0x78, 0x00, 0xE0, 0x01, 0xC0,
  0x03, 0x80, 0x0F, 0x00, 0x1E, 0x00, 0x3C, 0x00, 0x78, 0x00, 0xF0, 0x00,
  0x0F, 0xF0, 0x7D, 0xF0, 0xC0, 0xF3, 0x80, 0xE7, 0x01, 0xCE, 0x03, 0x9C,
  0x07, 0x3C, 0x1C, 0x3E, 0x30, 0x3F, 0xC0, 0x1F, 0xC0, 0xEF, 0xC7, 0x87,
  0xCE, 0x03, 0xF8, 0x07, 0xF0, 0x07, 0xE0, 0x0F, 0xC0, 0x1F, 0x80, 0x3B,
  0x80, 0xE7, 0xEF, 0x83, 0xFE, 0x00, 0x1F, 0xE0, 0xF3, 0xC7, 0x03, 0x98,
  0x0E, 0xE0, 0x1F, 0x80, 0x7E, 0x01, 0xF8, 0x07, 0xE0, 0x1F, 0x80, 0x7F,
  0x03, 0xDE, 0x1F, 0x7F, 0xDC, 0x7E, 0x70, 0x01, 0xC0, 0x07, 0x00, 0x38,
  0x00, 0xE8, 0x07, 0xB8, 0x3C, 0x7F, 0xE0, 0xFF, 0x00, 0xF7, 0xFF, 0xE0,
  0x00, 0x00, 0x00, 0x00, 0x0F, 0x7F, 0xFE, 0x20, 0xF7, 0xBD, 0xE0, 0x00,
  0x00, 0x00, 0x00, 0x0F, 0x7B, 0xFF, 0x31, 0x9D, 0xCC, 0x00, 0x00, 0x10,
  0x01, 0xC0, 0x3C, 0x03, 0x80, 0x78, 0x0F, 0x00, 0xE0, 0x1E, 0x00, 0xE0,
  0x03, 0xC0, 0x07, 0x80, 0x0E, 0x00, 0x3C, 0x00, 0x78, 0x00, 0xE0, 0x02,
  0xFF, 0xFF, 0xFF, 0xF0, 0x00, 0x00, 0x00, 0x00, 0x03, 0xFF, 0xFF, 0xFF,
  0xC0, 0x40, 0x07, 0x00, 0x1E, 0x00, 0x3C, 0x00, 0x70, 0x01, 0xE0, 0x03,
  0xC0, 0x07, 0x00, 0x38, 0x07, 0x80, 0xF0, 0x0E, 0x01, 0xE0, 0x3C, 0x03,
  0x80, 0x08, 0x00, 0x1F, 0xC7, 0x9E, 0xE0, 0x7E, 0x07, 0xF0, 0x76, 0x07,
  0x00, 0xF0, 0x0E, 0x01, 0xE0, 0x3C, 0x07, 0x80, 0x70, 0x06, 0x00, 0x60,
  0x04, 0x00, 0x40, 0x00, 0x00, 0x00, 0x0E, 0x00, 0xF0, 0x1F, 0x00, 0xE0,
  0x00, 0x7E, 0x00, 0x07, 0xFF, 0x80, 0x3C, 0x03, 0xC0, 0xE0, 0x01, 0xC3,
  0x80, 0x01, 0x8E, 0x00, 0x01, 0x98, 0x3F, 0xE3, 0x70, 0xE1, 0xC3, 0xC3,
  0x83, 0x87, 0x86, 0x07, 0x0F, 0x0C, 0x1E, 0x1E, 0x38, 0x38, 0x3C, 0x70,
  0x70, 0x78, 0xE1, 0xE0, 0xF1, 0xC2, 0xC3, 0x63, 0x8D, 0x86, 0xC3, 0xF3,
  0xB8, 0xC3, 0xE3, 0xE1, 0x80, 0x00, 0x01, 0x80, 0x00, 0x01, 0xC0, 0x0C,
  0x01, 0xE0, 0x78, 0x01, 0xFF, 0xC0, 0x00, 0x7E, 0x00, 0x00, 0x3C, 0x00,
  0x00, 0x78, 0x00, 0x01, 0xF0, 0x00, 0x03, 0xF0, 0x00, 0x0C, 0xE0, 0x00,
  0x19, 0xC0, 0x00, 0x33, 0xC0, 0x00, 0xC3, 0x80, 0x01, 0x87, 0x00, 0x03,
  0x0F, 0x00, 0x0C, 0x0E, 0x00, 0x18, 0x1C, 0x00, 0x30, 0x3C, 0x00, 0xFF,
  0xF8, 0x01, 0xFF, 0xF0, 0x07, 0x00, 0x70, 0x0C, 0x00, 0xE0, 0x18, 0x01,
  0xE0, 0x70, 0x01, 0xC0, 0xC0, 0x03, 0x8F, 0xF0, 0x3F, 0xFF, 0xE0, 0x7F,
  0xC0, 0xFF, 0xF0, 0x7F, 0xFE, 0x07, 0x07, 0x83, 0x81, 0xE1, 0xC0, 0x70,
  0xE0, 0x38, 0x70, 0x1C, 0x38, 0x1C, 0x1C, 0x1E, 0x0E, 0x1C, 0x07, 0xFC,
  0x03, 0xCF, 0xC1, 0xC0, 0xF0, 0xE0, 0x3C, 0x70, 0x0E, 0x38, 0x07, 0x1C,
  0x03, 0x8E, 0x01, 0xC7, 0x01, 0xE3, 0x81, 0xEF, 0xFF, 0xE7, 0xFF, 0x80,
  0x07, 0xF9, 0x83, 0xFF, 0xE1, 0xC0, 0x78, 0xE0, 0x0E, 0x70, 0x01, 0x9C,
  0x00, 0x7E, 0x00, 0x0F, 0x80, 0x00, 0xE0, 0x00, 0x38, 0x00, 0x0E, 0x00,
  0x03, 0x80, 0x00, 0xE0, 0x00, 0x38, 0x00, 0x0E, 0x00, 0x03, 0xC0, 0x00,
  0x70, 0x00, 0x1E, 0x00, 0x33, 0xC0, 0x1C, 0x78, 0x0E, 0x0F, 0xFF, 0x01,
  0xFF, 0x00, 0xFF, 0xF8, 0x0F, 0xFF, 0xF0, 0x1C, 0x07, 0x81, 0xC0, 0x3C,
  0x1C, 0x01, 0xE1, 0xC0, 0x0E, 0x1C, 0x00, 0xF1, 0xC0, 0x07, 0x1C, 0x00,
  0x71, 0xC0, 0x07, 0x1C, 0x00, 0x71, 0xC0, 0x07, 0x1C, 0x00, 0x71, 0xC0,
  0x07, 0x1C, 0x00, 0x71, 0xC0, 0x0E, 0x1C, 0x00, 0xE1, 0xC0, 0x1C, 0x1C,
  0x03, 0xC1, 0xC0, 0x70, 0xFF, 0xFE, 0x0F, 0xFF, 0x00, 0xFF, 0xFE, 0xFF,
  0xFE, 0x1C, 0x0E, 0x1C, 0x06, 0x1C, 0x07, 0x1C, 0x02, 0x1C, 0x00, 0x1C,
  0x18, 0x1C, 0x18, 0x1C, 0x18, 0x1F, 0xF8, 0x1F, 0xF8, 0x1C, 0x18, 0x1C,
  0x18, 0x1C, 0x00, 0x1C, 0x00, 0x1C, 0x03, 0x1C, 0x03, 0x1C, 0x03, 0x1C,
  0x07, 0xFF, 0xFF, 0xFF, 0xFF, 0xFF, 0xFE, 0xFF, 0xFE, 0x1C, 0x0E, 0x1C,
  0x06, 0x1C, 0x03, 0x1C, 0x03, 0x1C, 0x00, 0x1C, 0x00, 0x1C, 0x18, 0x1C,
  0x18, 0x1F, 0xF8, 0x1F, 0xF8, 0x1C, 0x78, 0x1C, 0x18, 0x1C, 0x18, 0x1C,
  0x18, 0x1C, 0x00, 0x1C, 0x00, 0x1C, 0x00, 0x1C, 0x00, 0xFF, 0x80, 0xFF,
  0x80, 0x07, 0xF9, 0x80, 0x7F, 0xFC, 0x07, 0x01, 0xE0, 0x70, 0x07, 0x07,
  0x00, 0x1C, 0x38, 0x00, 0x63, 0x80, 0x03, 0x1C, 0x00, 0x00, 0xE0, 0x00,
  0x07, 0x00, 0x00, 0x38, 0x00, 0x01, 0xC0, 0x00, 0x0E, 0x00, 0xFF, 0xF0,
  0x01, 0xF3, 0x80, 0x07, 0x1E, 0x00, 0x38, 0xF0, 0x01, 0xC3, 0xC0, 0x0E,
  0x0E, 0x00, 0x70, 0x7C, 0x0F, 0x80, 0xFF, 0xFC, 0x03, 0xFE, 0x60, 0xFF,
  0x83, 0xFF, 0xFE, 0x0F, 0xF1, 0xC0, 0x0F, 0x07, 0x00, 0x3C, 0x1C, 0x00,
  0xF0, 0x70, 0x03, 0xC1, 0xC0, 0x0F, 0x07, 0x00, 0x3C, 0x1C, 0x00, 0xF0,
  0x70, 0x03, 0xC1, 0xFF, 0xFF, 0x07, 0xFF, 0xFC, 0x1C, 0x00, 0xF0, 0x70,
  0x03, 0xC1, 0xC0, 0x0F, 0x07, 0x00, 0x3C, 0x1C, 0x00, 0xF0, 0x70, 0x03,
  0xC1, 0xC0, 0x0F, 0x07, 0x00, 0x3C, 0xFF, 0x83, 0xFF, 0xFE, 0x0F, 0xF0,
  0xFF, 0xFF, 0xC7, 0x03, 0x81, 0xC0, 0xE0, 0x70, 0x38, 0x1C, 0x0E, 0x07,
  0x03, 0x81, 0xC0, 0xE0, 0x70, 0x38, 0x1C, 0x0E, 0x07, 0x03, 0x8F, 0xFF,
  0xFC, 0x03, 0xFE, 0x07, 0xFC, 0x01, 0xE0, 0x03, 0x80, 0x07, 0x00, 0x0E,
  0x00, 0x1C, 0x00, 0x38, 0x00, 0x70, 0x00, 0xE0, 0x01, 0xC0, 0x03, 0x80,
  0x07, 0x00, 0x0E, 0x00, 0x1C, 0x00, 0x38, 0x70, 0x71, 0xF0, 0xE3, 0xC1,
  0xC7, 0x87, 0x07, 0xFE, 0x07, 0xF0, 0x00, 0xFF, 0x8F, 0xE7, 0xFC, 0x7F,
  0x07, 0x00, 0xE0, 0x38, 0x0E, 0x01, 0xC0, 0xE0, 0x0E, 0x0E, 0x00, 0x70,
  0xE0, 0x03, 0x8E, 0x00, 0x1C, 0xE0, 0x00, 0xEE, 0x00, 0x07, 0xF8, 0x00,
  0x3F, 0xC0, 0x01, 0xEF, 0x00, 0x0E, 0x3C, 0x00, 0x70, 0xE0, 0x03, 0x87,
  0x80, 0x1C, 0x1E, 0x00, 0xE0, 0x70, 0x07, 0x03, 0xC0, 0x38, 0x0F, 0x0F,
  0xF8, 0x3F, 0xFF, 0xC0, 0xFC, 0xFF, 0x80, 0xFF, 0x80, 0x1C, 0x00, 0x1C,
  0x00, 0x1C, 0x00, 0x1C, 0x00, 0x1C, 0x00, 0x1C, 0x00, 0x1C, 0x00, 0x1C,
  0x00, 0x1C, 0x00, 0x1C, 0x00, 0x1C, 0x00, 0x1C, 0x00, 0x1C, 0x00, 0x1C,
  0x03, 0x1C, 0x03, 0x1C, 0x03, 0x1C, 0x07, 0x1C, 0x0F, 0xFF, 0xFE, 0xFF,
  0xFE, 0x7F, 0x00, 0x1F, 0xE7, 0xF8, 0x01, 0xFE, 0x0F, 0x80, 0x3F, 0x00,
  0xF8, 0x03, 0x70, 0x0D, 0xC0, 0x37, 0x00, 0xDC, 0x07, 0x70, 0x0D, 0xC0,
  0x67, 0x01, 0xCE, 0x06, 0x70, 0x1C, 0xE0, 0xC7, 0x01, 0xCE, 0x0C, 0x70,
  0x1C, 0x70, 0xC7, 0x01, 0x87, 0x18, 0x70, 0x18, 0x71, 0x87, 0x01, 0x83,
  0x98, 0x70, 0x18, 0x3B, 0x07, 0x01, 0x81, 0xB0, 0x70, 0x18, 0x1E, 0x07,
  0x01, 0x81, 0xE0, 0x78, 0x18, 0x00, 0x07, 0x81, 0x80, 0x00, 0x78, 0xFF,
  0x00, 0x1F, 0xFF, 0xF0, 0x01, 0xFF, 0xFE, 0x01, 0xFF, 0xFC, 0x07, 0xF1,
  0xF0, 0x07, 0x07, 0xE0, 0x18, 0x1B, 0x80, 0x60, 0x6F, 0x01, 0x81, 0x9E,
  0x06, 0x06, 0x38, 0x18, 0x18, 0xF0, 0x60, 0x61, 0xC1, 0x81, 0x87, 0x86,
  0x06, 0x0F, 0x18, 0x18, 0x1C, 0x60, 0x60, 0x79, 0x81, 0x80, 0xE6, 0x06,
  0x03, 0xD8, 0x18, 0x07, 0x60, 0x60, 0x0F, 0x81, 0x80, 0x3E, 0x06, 0x00,
  0x78, 0xFF, 0x01, 0xE3, 0xFC, 0x03, 0x80, 0x03, 0xFC, 0x00, 0xFF, 0xF0,
  0x1C, 0x07, 0x83, 0x80, 0x3C, 0x70, 0x01, 0xE7, 0x00, 0x0E, 0xE0, 0x00,
  0xFE, 0x00, 0x0F, 0xE0, 0x00, 0x7E, 0x00, 0x07, 0xE0, 0x00, 0x7E, 0x00,
  0x07, 0xE0, 0x00, 0x7E, 0x00, 0x07, 0xE0, 0x00, 0xFF, 0x00, 0x0E, 0xF0,
  0x00, 0xE7, 0x80, 0x1E, 0x3C, 0x01, 0xC3, 0xE0, 0x38, 0x0F, 0xFF, 0x00,
  0x7F, 0xC0, 0xFF, 0xE0, 0xFF, 0xFC, 0x1C, 0x1E, 0x1C, 0x0F, 0x1C, 0x0F,
  0x1C, 0x07, 0x1C, 0x07, 0x1C, 0x07, 0x1C, 0x0F, 0x1C, 0x0E, 0x1C, 0x1E,
  0x1C, 0xFC, 0x1F, 0xF0, 0x1C, 0x00, 0x1C, 0x00, 0x1C, 0x00, 0x1C, 0x00,
  0x1C, 0x00, 0x1C, 0x00, 0x1C, 0x00, 0xFF, 0x80, 0xFF, 0x80, 0x03, 0xFC,
  0x00, 0x03, 0xFF, 0xC0, 0x01, 0xC0, 0x78, 0x00, 0xE0, 0x0F, 0x00, 0x70,
  0x01, 0xE0, 0x1C, 0x00, 0x38, 0x0E, 0x00, 0x0F, 0x03, 0x80, 0x03, 0xC0,
  0xE0, 0x00, 0x70, 0x38, 0x00, 0x1C, 0x0E, 0x00, 0x07, 0x03, 0x80, 0x01,
  0xC0, 0xE0, 0x00, 0x70, 0x38, 0x00, 0x1C, 0x0E, 0x3C, 0x0F, 0x03, 0xFF,
  0x83, 0x80, 0xF8, 0x70, 0xE0, 0x1E, 0x0E, 0x78, 0x03, 0x81, 0xDC, 0x00,
  0xF8, 0x7E, 0x00, 0x0F, 0xFF, 0x00, 0x01, 0xFF, 0xC0, 0x00, 0x00, 0x78,
  0x00, 0x00, 0x0F, 0x02, 0x00, 0x03, 0xE1, 0xC0, 0x00, 0x7F, 0xE0, 0x00,
  0x0F, 0xF0, 0x00, 0x01, 0xF0, 0xFF, 0xF0, 0x0F, 0xFF, 0xC0, 0x1C, 0x1E,
  0x01, 0xC0, 0xF0, 0x1C, 0x07, 0x01, 0xC0, 0x70, 0x1C, 0x07, 0x01, 0xC0,
  0x70, 0x1C, 0x0E, 0x01, 0xC1, 0xE0, 0x1F, 0xF8, 0x01, 0xFE, 0x00, 0x1C,
  0x78, 0x01, 0xC3, 0xC0, 0x1C, 0x3C, 0x01, 0xC1, 0xC0, 0x1C, 0x1E, 0x01,
  0xC0, 0xE0, 0x1C, 0x0F, 0x01, 0xC0, 0x70, 0xFF, 0x87, 0xFF, 0xF8, 0x3F,
  0x0F, 0xEC, 0x78, 0xF9, 0xC0, 0x73, 0x80, 0xE7, 0x00, 0xCE, 0x01, 0x9C,
  0x00, 0x3C, 0x00, 0x7E, 0x00, 0x7F, 0x00, 0x7F, 0xC0, 0x3F, 0xC0, 0x0F,
  0xC0, 0x07, 0xC0, 0x07, 0xE0, 0x07, 0xC0, 0x0F, 0xC0, 0x1F, 0x80, 0x37,
  0xC0, 0xEF, 0xFF, 0x99, 0xFE, 0x00, 0x7F, 0xFF, 0xF3, 0xFF, 0xFF, 0x9C,
  0x1C, 0x1C, 0xC0, 0xE0, 0x66, 0x07, 0x03, 0x60, 0x38, 0x0D, 0x01, 0xC0,
  0x40, 0x0E, 0x00, 0x00, 0x70, 0x00, 0x03, 0x80, 0x00, 0x1C, 0x00, 0x00,
  0xE0, 0x00, 0x07, 0x00, 0x00, 0x38, 0x00, 0x01, 0xC0, 0x00, 0x0E, 0x00,
  0x00, 0x70, 0x00, 0x03, 0x80, 0x00, 0x1C, 0x00, 0x00, 0xE0, 0x00, 0x7F,
  0xF0, 0x03, 0xFF, 0x80, 0xFF, 0x03, 0xFF, 0xFC, 0x0F, 0xF3, 0xC0, 0x06,
  0x0E, 0x00, 0x18, 0x38, 0x00, 0x60, 0xE0, 0x01, 0x83, 0x80, 0x06, 0x0E,
  0x00, 0x18, 0x38, 0x00, 0x60, 0xE0, 0x01, 0x83, 0x80, 0x06, 0x0E, 0x00,
  0x18, 0x38, 0x00, 0x60, 0xE0, 0x01, 0x83, 0x80, 0x06, 0x0F, 0x00, 0x18,
  0x1C, 0x00, 0x60, 0x70, 0x03, 0x81, 0xE0, 0x0C, 0x03, 0xC0, 0xF0, 0x07,
  0xFF, 0x80, 0x0F, 0xF8, 0x00, 0xFF, 0x03, 0xFF, 0xF8, 0x1F, 0xCE, 0x00,
  0x38, 0x78, 0x01, 0xC1, 0xC0, 0x0C, 0x0E, 0x00, 0x60, 0x78, 0x07, 0x01,
  0xC0, 0x30, 0x0E, 0x01, 0x80, 0x78, 0x18, 0x01, 0xC0, 0xC0, 0x0E, 0x06,
  0x00, 0x38, 0x60, 0x01, 0xC3, 0x00, 0x0E, 0x18, 0x00, 0x39, 0x80, 0x01,
  0xCC, 0x00, 0x0E, 0x60, 0x00, 0x3E, 0x00, 0x01, 0xF0, 0x00, 0x0F, 0x80,
  0x00, 0x38, 0x00, 0xFF, 0x03, 0xC0, 0x7F, 0xFF, 0x81, 0xE0, 0x3F, 0xCF,
  0x00, 0xF8, 0x07, 0x07, 0x80, 0x7C, 0x03, 0x81, 0xC0, 0x6E, 0x01, 0x80,
  0xE0, 0x33, 0x80, 0xC0, 0x70, 0x19, 0xC0, 0x60, 0x3C, 0x0C, 0xE0, 0x70,
  0x0E, 0x0C, 0x70, 0x30, 0x07, 0x06, 0x1C, 0x18, 0x03, 0x83, 0x0E, 0x0C,
  0x01, 0xE1, 0x87, 0x0E, 0x00, 0x71, 0x81, 0xC6, 0x00, 0x38, 0xC0, 0xE3,
  0x00, 0x1C, 0x60, 0x71, 0x80, 0x0E, 0x70, 0x38, 0xC0, 0x03, 0xB0, 0x0E,
  0xC0, 0x01, 0xD8, 0x07, 0x60, 0x00, 0xEC, 0x03, 0xB0, 0x00, 0x7E, 0x00,
  0xF8, 0x00, 0x1E, 0x00, 0x78, 0x00, 0x0F, 0x00, 0x3C, 0x00, 0x7F, 0x03,
  0xFB, 0xFC, 0x0F, 0xE1, 0xE0, 0x0C, 0x03, 0x80, 0x70, 0x0F, 0x03, 0x80,
  0x1E, 0x0C, 0x00, 0x38, 0x60, 0x00, 0xF3, 0x80, 0x01, 0xEC, 0x00, 0x03,
  0xE0, 0x00, 0x07, 0x00, 0x00, 0x1E, 0x00, 0x00, 0xFC, 0x00, 0x03, 0x78,
  0x00, 0x18, 0xE0, 0x00, 0xE3, 0xC0, 0x07, 0x07, 0x80, 0x18, 0x0F, 0x00,
  0xC0, 0x1C, 0x07, 0x00, 0x78, 0xFF, 0x07, 0xFF, 0xFC, 0x1F, 0xF0, 0xFF,
  0x07, 0xFF, 0xF8, 0x3F, 0xCF, 0x00, 0x70, 0x38, 0x03, 0x01, 0xE0, 0x18,
  0x07, 0x01, 0x80, 0x1C, 0x1C, 0x00, 0xF0, 0xC0, 0x03, 0x8C, 0x00, 0x0E,
  0x60, 0x00, 0x7E, 0x00, 0x01, 0xF0, 0x00, 0x0F, 0x00, 0x00, 0x38, 0x00,
  0x01, 0xC0, 0x00, 0x0E, 0x00, 0x00, 0x70, 0x00, 0x03, 0x80, 0x00, 0x1C,
  0x00, 0x01, 0xE0, 0x00, 0x3F, 0xE0, 0x01, 0xFF, 0x00, 0xFF, 0xFF, 0x7F,
  0xFF, 0xBC, 0x03, 0xDC, 0x03, 0xCC, 0x01, 0xC6, 0x01, 0xE0, 0x01, 0xE0,
  0x00, 0xE0, 0x00, 0xF0, 0x00, 0xF0, 0x00, 0x70, 0x00, 0x78, 0x00, 0x78,
  0x00, 0x38, 0x00, 0x3C, 0x00, 0x3C, 0x00, 0x1C, 0x01, 0x9E, 0x01, 0xDE,
  0x00, 0xDE, 0x00, 0xEF, 0xFF, 0xF7, 0xFF, 0xF8, 0xFF, 0x8E, 0x38, 0xE3,
  0x8E, 0x38, 0xE3, 0x8E, 0x38, 0xE3, 0x8E, 0x38, 0xE3, 0x8E, 0x38, 0xE3,
  0x8E, 0x38, 0xE3, 0x8E, 0x38, 0xE3, 0x8F, 0xFF, 0xC0, 0x0C, 0x00, 0x60,
  0x06, 0x00, 0x60, 0x03, 0x00, 0x30, 0x03, 0x00, 0x18, 0x01, 0x80, 0x18,
  0x00, 0xC0, 0x0C, 0x00, 0xC0, 0x06, 0x00, 0x60, 0x03, 0x00, 0x30, 0x03,
  0x00, 0x18, 0x01, 0x80, 0x18, 0x00, 0xC0, 0x0C, 0x00, 0xC0, 0x06, 0x00,
  0x60, 0x07, 0xFC, 0x70, 0xC3, 0x0C, 0x30, 0xC3, 0x0C, 0x30, 0xC3, 0x0C,
  0x30, 0xC3, 0x0C, 0x30, 0xC3, 0x0C, 0x30, 0xC3, 0x0C, 0x30, 0xC3, 0x0C,
  0x7F, 0xFF, 0x01, 0x80, 0x03, 0xC0, 0x03, 0xE0, 0x06, 0x60, 0x0E, 0x30,
  0x0C, 0x38, 0x18, 0x18, 0x38, 0x0C, 0x30, 0x0E, 0x60, 0x06, 0xE0, 0x03,
  0xFF, 0xFF, 0xFF, 0xFC, 0x63, 0xC7, 0x0E, 0x0C, 0x10, 0x3F, 0x80, 0xE7,
  0x83, 0x83, 0x87, 0x07, 0x0E, 0x06, 0x00, 0x0E, 0x00, 0x1C, 0x03, 0xF8,
  0x3F, 0xF1, 0xE0, 0xE3, 0x81, 0xC7, 0x03, 0x8E, 0x0F, 0x1C, 0x3E, 0x3F,
  0xDF, 0xBF, 0x1E, 0xF8, 0x00, 0x7C, 0x00, 0x0E, 0x00, 0x07, 0x00, 0x03,
  0x80, 0x01, 0xC0, 0x00, 0xE0, 0x00, 0x70, 0x00, 0x39, 0xFC, 0x1D, 0xFF,
  0x0F, 0x87, 0x87, 0x81, 0xE3, 0x80, 0x71, 0xC0, 0x38, 0xE0, 0x1E, 0x70,
  0x0F, 0x38, 0x07, 0x9C, 0x03, 0x8E, 0x01, 0xC7, 0x00, 0xE3, 0x80, 0xF1,
  0xE0, 0x70, 0xFF, 0xF0, 0x6F, 0xF0, 0x07, 0xF0, 0x7B, 0xE3, 0x83, 0x8E,
  0x0F, 0x70, 0x3D, 0xC0, 0x67, 0x00, 0x3C, 0x00, 0xF0, 0x03, 0xC0, 0x07,
  0x00, 0x1C, 0x00, 0x78, 0x08, 0xF0, 0x71, 0xFF, 0x83, 0xF8, 0x00, 0x7E,
  0x00, 0x3F, 0x00, 0x03, 0x80, 0x01, 0xC0, 0x00, 0xE0, 0x00, 0x70, 0x00,
  0x38, 0x00, 0x1C, 0x0F, 0xFE, 0x0F, 0xFF, 0x0F, 0x07, 0x87, 0x01, 0xC7,
  0x00, 0xE3, 0x80, 0x71, 0xC0, 0x39, 0xE0, 0x1C, 0xF0, 0x0E, 0x78, 0x07,
  0x1C, 0x03, 0x8E, 0x01, 0xC7, 0x81, 0xE1, 0xC1, 0xF0, 0xFF, 0xBE, 0x3F,
  0x9F, 0x07, 0xE0, 0x79, 0xE3, 0x83, 0x8C, 0x07, 0x70, 0x1D, 0xC0, 0x77,
  0x01, 0xFF, 0xFF, 0xF0, 0x03, 0xC0, 0x07, 0x00, 0x1C, 0x00, 0x78, 0x08,
  0xF0, 0x71, 0xFF, 0x83, 0xFC, 0x00, 0x80, 0x1F, 0x81, 0x8E, 0x18, 0x70,
  0xC3, 0x8E, 0x08, 0x70, 0x03, 0x80, 0x1C, 0x03, 0xFF, 0x1F, 0xF8, 0x38,
  0x01, 0xC0, 0x0E, 0x00, 0x70, 0x03, 0x80, 0x1C, 0x00, 0xE0, 0x07, 0x00,
  0x38, 0x01, 0xC0, 0x0E, 0x00, 0x70, 0x1F, 0xF8, 0xFF, 0xC0, 0x00, 0x0F,
  0x00, 0x0F, 0x1F, 0xFB, 0x38, 0xF0, 0x70, 0x38, 0x70, 0x38, 0x70, 0x38,
  0x70, 0x38, 0x70, 0x38, 0x70, 0x38, 0x38, 0x70, 0x1F, 0xE0, 0x33, 0x00,
  0x70, 0x00, 0x70, 0x00, 0x7F, 0xE0, 0x7F, 0xFC, 0x3F, 0xFE, 0x70, 0x1E,
  0xE0, 0x0E, 0xE0, 0x0E, 0xE0, 0x0E, 0xE0, 0x1C, 0x7F, 0xF8, 0x3F, 0xF0,
  0xFC, 0x00, 0x1F, 0x80, 0x00, 0x70, 0x00, 0x0E, 0x00, 0x01, 0xC0, 0x00,
  0x38, 0x00, 0x07, 0x00, 0x00, 0xE0, 0x00, 0x1C, 0xFC, 0x03, 0xBF, 0xC0,
  0x7C, 0x3C, 0x0F, 0x03, 0x81, 0xC0, 0x70, 0x38, 0x0E, 0x07, 0x01, 0xC0,
  0xE0, 0x38, 0x1C, 0x07, 0x03, 0x80, 0xE0, 0x70, 0x1C, 0x0E, 0x03, 0x81,
  0xC0, 0x70, 0x38, 0x0E, 0x1F, 0xC7, 0xFB, 0xF8, 0xFF, 0x18, 0x1E, 0x0F,
  0x07, 0x81, 0x00, 0x00, 0x00, 0x00, 0x7C, 0x7E, 0x07, 0x03, 0x81, 0xC0,
  0xE0, 0x70, 0x38, 0x1C, 0x0E, 0x07, 0x03, 0x81, 0xC0, 0xE3, 0xFF, 0xFF,
  0x10, 0xF3, 0xCF, 0x10, 0x00, 0x00, 0xFF, 0xF1, 0xC7, 0x1C, 0x71, 0xC7,
  0x1C, 0x71, 0xC7, 0x1C, 0x71, 0xC7, 0x18, 0x63, 0x8E, 0x71, 0x8C, 0x00,
  0xFC, 0x00, 0x3F, 0x00, 0x01, 0xC0, 0x00, 0x70, 0x00, 0x1C, 0x00, 0x07,
  0x00, 0x01, 0xC0, 0x00, 0x70, 0x00, 0x1C, 0x3F, 0x87, 0x0F, 0xE1, 0xC1,
  0xE0, 0x70, 0x60, 0x1C, 0x70, 0x07, 0x38, 0x01, 0xDC, 0x00, 0x7F, 0x00,
  0x1D, 0xE0, 0x07, 0x3C, 0x01, 0xC7, 0x00, 0x71, 0xE0, 0x1C, 0x3C, 0x07,
  0x07, 0x8F, 0xF0, 0xFF, 0xFC, 0x1F, 0xFC, 0x7E, 0x07, 0x03, 0x81, 0xC0,
  0xE0, 0x70, 0x38, 0x1C, 0x0E, 0x07, 0x03, 0x81, 0xC0, 0xE0, 0x70, 0x38,
  0x1C, 0x0E, 0x07, 0x03, 0x81, 0xC0, 0xE3, 0xFF, 0xFF, 0x78, 0xFC, 0x3F,
  0x0F, 0xDF, 0xE7, 0xF8, 0x1F, 0x0F, 0xC3, 0xC1, 0xE0, 0x78, 0x1C, 0x1C,
  0x07, 0x01, 0xC1, 0xC0, 0x70, 0x1C, 0x1C, 0x07, 0x01, 0xC1, 0xC0, 0x70,
  0x1C, 0x1C, 0x07, 0x01, 0xC1, 0xC0, 0x70, 0x1C, 0x1C, 0x07, 0x01, 0xC1,
  0xC0, 0x70, 0x1C, 0x1C, 0x07, 0x01, 0xC1, 0xC0, 0x70, 0x1C, 0x7F, 0x1F,
  0xC7, 0xF7, 0xF1, 0xFC, 0x7F, 0x78, 0xFC, 0x1F, 0xBF, 0xC0, 0x7C, 0x3C,
  0x0F, 0x03, 0x81, 0xC0, 0x70, 0x38, 0x0E, 0x07, 0x01, 0xC0, 0xE0, 0x38,
  0x1C, 0x07, 0x03, 0x80, 0xE0, 0x70, 0x1C, 0x0E, 0x03, 0x81, 0xC0, 0x70,
  0x38, 0x0E, 0x1F, 0xC7, 0xFB, 0xF8, 0xFF, 0x07, 0xF0, 0x1F, 0xFC, 0x38,
  0x1C, 0x30, 0x0E, 0x70, 0x0E, 0x70, 0x0F, 0x70, 0x07, 0xF0, 0x07, 0xF0,
  0x07, 0xF0, 0x07, 0x70, 0x07, 0x70, 0x0E, 0x78, 0x0E, 0x3C, 0x1C, 0x1F,
  0xF8, 0x0F, 0xF0, 0xF8, 0xFC, 0x7D, 0xFF, 0x0F, 0x83, 0xC7, 0x80, 0xE3,
  0xC0, 0x79, 0xC0, 0x3C, 0xE0, 0x0E, 0x70, 0x07, 0x38, 0x03, 0x9C, 0x01,
  0xCE, 0x01, 0xE7, 0x00, 0xE3, 0x80, 0x71, 0xE0, 0x70, 0xFF, 0xF8, 0x77,
  0xF0, 0x38, 0x00, 0x1C, 0x00, 0x0E, 0x00, 0x07, 0x00, 0x03, 0xC0, 0x07,
  0xF8, 0x03, 0xFC, 0x00, 0x07, 0xF6, 0x0F, 0xFF, 0x0F, 0x07, 0x87, 0x01,
  0xC7, 0x00, 0xE3, 0x80, 0x71, 0xC0, 0x39, 0xE0, 0x1C, 0xF0, 0x0E, 0x78,
  0x07, 0x1C, 0x03, 0x8E, 0x01, 0xC7, 0x81, 0xE1, 0xC1, 0xF0, 0xFF, 0xB8,
  0x3F, 0x9C, 0x00, 0x0E, 0x00, 0x07, 0x00, 0x03, 0x80, 0x01, 0xC0, 0x00,
  0xE0, 0x03, 0xFC, 0x01, 0xFE, 0x78, 0xFB, 0xE7, 0xE1, 0xF3, 0xC7, 0x8F,
  0x1C, 0x38, 0x70, 0x01, 0xC0, 0x07, 0x00, 0x1C, 0x00, 0x70, 0x01, 0xC0,
  0x07, 0x00, 0x1C, 0x00, 0x70, 0x07, 0xF8, 0x1F, 0xE0, 0x3F, 0x4E, 0x7F,
  0x83, 0xF0, 0x3E, 0x07, 0xE0, 0x3F, 0x03, 0xFC, 0x1F, 0xC0, 0x7C, 0x03,
  0xE0, 0x3C, 0x07, 0xC1, 0xFE, 0xF7, 0xFC, 0x0C, 0x01, 0xC0, 0x1C, 0x01,
  0xC0, 0x3C, 0x0F, 0xFC, 0xFF, 0xC1, 0xC0, 0x1C, 0x01, 0xC0, 0x1C, 0x01,
  0xC0, 0x1C, 0x01, 0xC0, 0x1C, 0x01, 0xC0, 0x1C, 0x01, 0xC0, 0x1C, 0x21,
  0xFF, 0x0F, 0xC0, 0xF8, 0x3E, 0x3E, 0x0F, 0x83, 0x80, 0xE0, 0xE0, 0x38,
  0x38, 0x0E, 0x0E, 0x03, 0x83, 0x80, 0xE0, 0xE0, 0x38, 0x38, 0x0E, 0x0E,
  0x03, 0x83, 0x80, 0xE0, 0xE0, 0x38, 0x38, 0x0E, 0x07, 0x07, 0x81, 0xFF,
  0x7C, 0x3F, 0x9F, 0x7F, 0x0F, 0xFF, 0xC7, 0xF3, 0xC0, 0x30, 0x70, 0x1C,
  0x1C, 0x06, 0x03, 0x81, 0x80, 0xE0, 0xC0, 0x3C, 0x30, 0x07, 0x0C, 0x01,
  0xC6, 0x00, 0x39, 0x80, 0x0E, 0x40, 0x03, 0xB0, 0x00, 0x7C, 0x00, 0x1E,
  0x00, 0x03, 0x80, 0xFF, 0x0F, 0x0F, 0xFF, 0xE1, 0xE1, 0xFC, 0xF0, 0x3C,
  0x0E, 0x0E, 0x0D, 0xC1, 0x81, 0xC1, 0xB8, 0x30, 0x38, 0x37, 0x06, 0x03,
  0x86, 0x61, 0x80, 0x71, 0x8E, 0x30, 0x0E, 0x31, 0xC6, 0x00, 0xC6, 0x39,
  0x80, 0x1D, 0x83, 0x30, 0x03, 0xB0, 0x76, 0x00, 0x76, 0x0E, 0x80, 0x07,
  0xC1, 0xF0, 0x00, 0xF0, 0x1E, 0x00, 0x1E, 0x03, 0x80, 0xFF, 0x3F, 0xBF,
  0xCF, 0xE3, 0xC0, 0xE0, 0x78, 0x70, 0x0F, 0x18, 0x01, 0xEC, 0x00, 0x3E,
  0x00, 0x07, 0x00, 0x01, 0xE0, 0x00, 0xFC, 0x00, 0x77, 0x80, 0x18, 0xE0,
  0x0C, 0x1C, 0x06, 0x07, 0x8F, 0xE3, 0xFF, 0xF9, 0xFF, 0x7F, 0x1F, 0xFF,
  0xC7, 0xF3, 0xC0, 0x70, 0x70, 0x18, 0x1E, 0x06, 0x03, 0x83, 0x80, 0xE0,
  0xC0, 0x1C, 0x30, 0x07, 0x18, 0x01, 0xE6, 0x00, 0x3B, 0x00, 0x0E, 0xC0,
  0x01, 0xF0, 0x00, 0x78, 0x00, 0x0E, 0x00, 0x03, 0x00, 0x00, 0xC0, 0x00,
  0x60, 0x00, 0x18, 0x01, 0xCC, 0x00, 0xF3, 0x00, 0x3F, 0x80, 0x07, 0xC0,
  0x00, 0x7F, 0xFB, 0xFF, 0xF8, 0x1D, 0xC1, 0xEC, 0x0E, 0x00, 0xE0, 0x0E,
  0x00, 0xF0, 0x07, 0x00, 0x70, 0x07, 0x02, 0x78, 0x33, 0x81, 0xB8, 0x1F,
  0xFF, 0xFF, 0xFF, 0x0F, 0x0F, 0x8E, 0x07, 0x03, 0x81, 0xC0, 0xE0, 0x70,
  0x38, 0x1C, 0x06, 0x03, 0x01, 0x80, 0xC0, 0xE1, 0xE0, 0xE0, 0x38, 0x0E,
  0x03, 0x01, 0x80, 0xC0, 0x60, 0x70, 0x38, 0x1C, 0x0E, 0x07, 0x03, 0x81,
  0xC0, 0xE0, 0x3E, 0x0F, 0x80, 0xFF, 0xFF, 0xFF, 0xFF, 0xFF, 0xFF, 0xFF,
  0xF0, 0x3E, 0x07, 0x01, 0xC0, 0xE0, 0x70, 0x30, 0x38, 0x1C, 0x0E, 0x07,
  0x03, 0x81, 0xC0, 0xE0, 0x30, 0x0F, 0x03, 0x87, 0x03, 0x03, 0x81, 0xC0,
  0xE0, 0x70, 0x38, 0x1C, 0x0E, 0x03, 0x01, 0x80, 0xE0, 0x70, 0x71, 0xF8,
  0xF8, 0x00, 0x3C, 0x0D, 0xFF, 0xFC, 0x3F, 0x90, 0x00, 0xFF, 0xFF, 0xFF,
  0x80, 0x38, 0x03, 0x80, 0x38, 0x03, 0x80, 0x38, 0x03, 0x80, 0x38, 0x03,
  0x80, 0x38, 0x03, 0x80, 0x38, 0x03, 0x80, 0x38, 0x03, 0x80, 0x38, 0x03,
  0x80, 0x38, 0x03, 0xFF, 0xFF, 0xFF, 0xFF, 0xFF, 0xFF, 0x80, 0x38, 0x03,
  0x80, 0x38, 0x03, 0x80, 0x38, 0x03, 0x80, 0x38, 0x03, 0x80, 0x38, 0x03,
  0x80, 0x38, 0x03, 0x80, 0x38, 0x03, 0x80, 0x38, 0x03, 0x80, 0x38, 0x03,
  0xFF, 0xFF, 0xFF, 0xFF, 0xFF, 0xFF, 0x80, 0x38, 0x03, 0x80, 0x38, 0x03,
  0x80, 0x38, 0x03, 0x80, 0x38, 0x03, 0x80, 0x38, 0x03, 0x80, 0x38, 0x03,
  0x80, 0x38, 0x03, 0x80, 0x38, 0x03, 0x80, 0x38, 0x03, 0xFF, 0xFF, 0xFF,
  0xFF, 0xFF, 0xFF, 0x80, 0x38, 0x03, 0x80, 0x38, 0x03, 0x80, 0x38, 0x03,
  0x80, 0x38, 0x03, 0x80, 0x38, 0x03, 0x80, 0x38, 0x03, 0x80, 0x38, 0x03,
  0x80, 0x38, 0x03, 0x80, 0x38, 0x03, 0xFF, 0xFF, 0xFF, 0xFF, 0xFF, 0xFF,
  0x80, 0x38, 0x03, 0x80, 0x38, 0x03, 0x80, 0x38, 0x03, 0x80, 0x38, 0x03,
  0x80, 0x38, 0x03, 0x80, 0x38, 0x03, 0x80, 0x38, 0x03, 0x80, 0x38, 0x03,
  0x80, 0x38, 0x03, 0xFF, 0xFF, 0xFF, 0xFF, 0xFF, 0xFF, 0x80, 0x38, 0x03,
  0x80, 0x38, 0x03, 0x80, 0x38, 0x03, 0x80, 0x38, 0x03, 0x80, 0x38, 0x03,
  0x80, 0x38, 0x03, 0x80, 0x38, 0x03, 0x80, 0x38, 0x03, 0x80, 0x38, 0x03,
  0xFF, 0xFF, 0xFF, 0xFF, 0xFF, 0xFF, 0x80, 0x38, 0x03, 0x80, 0x38, 0x03,
  0x80, 0x38, 0x03, 0x80, 0x38, 0x03, 0x80, 0x38, 0x03, 0x80, 0x38, 0x03,
  0x80, 0x38, 0x03, 0x80, 0x38, 0x03, 0x80, 0x38, 0x03, 0xFF, 0xFF, 0xFF,
  0xFF, 0xFF, 0xFF, 0x80, 0x38, 0x03, 0x80, 0x38, 0x03, 0x80, 0x38, 0x03,
  0x80, 0x38, 0x03, 0x80, 0x38, 0x03, 0x80, 0x38, 0x03, 0x80, 0x38, 0x03,
  0x80, 0x38, 0x03, 0x80, 0x38, 0x03, 0xFF, 0xFF, 0xFF, 0xFF, 0xFF, 0xFF,
  0x80, 0x38, 0x03, 0x80, 0x38, 0x03, 0x80, 0x38, 0x03, 0x80, 0x38, 0x03,
  0x80, 0x38, 0x03, 0x80, 0x38, 0x03, 0x80, 0x38, 0x03, 0x80, 0x38, 0x03,
  0x80, 0x38, 0x03, 0xFF, 0xFF, 0xFF, 0xFF, 0xFF, 0xFF, 0x80, 0x38, 0x03,
  0x80, 0x38, 0x03, 0x80, 0x38, 0x03, 0x80, 0x38, 0x03, 0x80, 0x38, 0x03,
  0x80, 0x38, 0x03, 0x80, 0x38, 0x03, 0x80, 0x38, 0x03, 0x80, 0x38, 0x03,
  0xFF, 0xFF, 0xFF, 0xFF, 0xFF, 0xFF, 0x80, 0x38, 0x03, 0x80, 0x38, 0x03,
  0x80, 0x38, 0x03, 0x80, 0x38, 0x03, 0x80, 0x38, 0x03, 0x80, 0x38, 0x03,
  0x80, 0x38, 0x03, 0x80, 0x38, 0x03, 0x80, 0x38, 0x03, 0xFF, 0xFF, 0xFF,
  0xFF, 0xFF, 0xFF, 0x80, 0x38, 0x03, 0x80, 0x38, 0x03, 0x80, 0x38, 0x03,
  0x80, 0x38, 0x03, 0x80, 0x38, 0x03, 0x80, 0x38, 0x03, 0x80, 0x38, 0x03,
  0x80, 0x38, 0x03, 0x80, 0x38, 0x03, 0xFF, 0xFF, 0xFF, 0xFF, 0xFF, 0xFF,
  0x80, 0x38, 0x03, 0x80, 0x38, 0x03, 0x80, 0x38, 0x03, 0x80, 0x38, 0x03,
  0x80, 0x38, 0x03, 0x80, 0x38, 0x03, 0x80, 0x38, 0x03, 0x80, 0x38, 0x03,
  0x80, 0x38, 0x03, 0xFF, 0xFF, 0xFF, 0xFF, 0xFF, 0xFF, 0x80, 0x38, 0x03,
  0x80, 0x38, 0x03, 0x80, 0x38, 0x03, 0x80, 0x38, 0x03, 0x80, 0x38, 0x03,
  0x80, 0x38, 0x03, 0x80, 0x38, 0x03, 0x80, 0x38, 0x03, 0x80, 0x38, 0x03,
  0xFF, 0xFF, 0xFF, 0xFF, 0xFF, 0xFF, 0x80, 0x38, 0x03, 0x80, 0x38, 0x03,
  0x80, 0x38, 0x03, 0x80, 0x38, 0x03, 0x80, 0x38, 0x03, 0x80, 0x38, 0x03,
  0x80, 0x38, 0x03, 0x80, 0x38, 0x03, 0x80, 0x38, 0x03, 0xFF, 0xFF, 0xFF,
  0xFF, 0xFF, 0xFF, 0x80, 0x38, 0x03, 0x80, 0x38, 0x03, 0x80, 0x38, 0x03,
  0x80, 0x38, 0x03, 0x80, 0x38, 0x03, 0x80, 0x38, 0x03, 0x80, 0x38, 0x03,
  0x80, 0x38, 0x03, 0x80, 0x38, 0x03, 0xFF, 0xFF, 0xFF, 0xFF, 0xFF, 0xFF,
  0x80, 0x38, 0x03, 0x80, 0x38, 0x03, 0x80, 0x38, 0x03, 0x80, 0x38, 0x03,
  0x80, 0x38, 0x03, 0x80, 0x38, 0x03, 0x80, 0x38, 0x03, 0x80, 0x38, 0x03,
  0x80, 0x38, 0x03, 0xFF, 0xFF, 0xFF, 0xFF, 0xFF, 0xFF, 0x80, 0x38, 0x03,
  0x80, 0x38, 0x03, 0x80, 0x38, 0x03, 0x80, 0x38, 0x03, 0x80, 0x38, 0x03,
  0x80, 0x38, 0x03, 0x80, 0x38, 0x03, 0x80, 0x38, 0x03, 0x80, 0x38, 0x03,
  0xFF, 0xFF, 0xFF, 0xFF, 0xFF, 0xFF, 0x80, 0x38, 0x03, 0x80, 0x38, 0x03,
  0x80, 0x38, 0x03, 0x80, 0x38, 0x03, 0x80, 0x38, 0x03, 0x80, 0x38, 0x03,
  0x80, 0x38, 0x03, 0x80, 0x38, 0x03, 0x80, 0x38, 0x03, 0xFF, 0xFF, 0xFF,
  0xFF, 0xFF, 0xFF, 0x80, 0x38, 0x03, 0x80, 0x38, 0x03, 0x80, 0x38, 0x03,
  0x80, 0x38, 0x03, 0x80, 0x38, 0x03, 0x80, 0x38, 0x03, 0x80, 0x38, 0x03,
  0x80, 0x38, 0x03, 0x80, 0x38, 0x03, 0xFF, 0xFF, 0xFF, 0xFF, 0xFF, 0xFF,
  0x80, 0x38, 0x03, 0x80, 0x38, 0x03, 0x80, 0x38, 0x03, 0x80, 0x38, 0x03,
  0x80, 0x38, 0x03, 0x80, 0x38, 0x03, 0x80, 0x38, 0x03, 0x80, 0x38, 0x03,
  0x80, 0x38, 0x03, 0xFF, 0xFF, 0xFF, 0xFF, 0xFF, 0xFF, 0x80, 0x38, 0x03,
  0x80, 0x38, 0x03, 0x80, 0x38, 0x03, 0x80, 0x38, 0x03, 0x80, 0x38, 0x03,
  0x80, 0x38, 0x03, 0x80, 0x38, 0x03, 0x80, 0x38, 0x03, 0x80, 0x38, 0x03,
  0xFF, 0xFF, 0xFF, 0xFF, 0xFF, 0xFF, 0x80, 0x38, 0x03, 0x80, 0x38, 0x03,
  0x80, 0x38, 0x03, 0x80, 0x38, 0x03, 0x80, 0x38, 0x03, 0x80, 0x38, 0x03,
  0x80, 0x38, 0x03, 0x80, 0x38, 0x03, 0x80, 0x38, 0x03, 0xFF, 0xFF, 0xFF,
  0xFF, 0xFF, 0xFF, 0x80, 0x38, 0x03, 0x80, 0x38, 0x03, 0x80, 0x38, 0x03,
  0x80, 0x38, 0x03, 0x80, 0x38, 0x03, 0x80, 0x38, 0x03, 0x80, 0x38, 0x03,
  0x80, 0x38, 0x03, 0x80, 0x38, 0x03, 0xFF, 0xFF, 0xFF, 0xFF, 0xFF, 0xFF,
  0x80, 0x38, 0x03, 0x80, 0x38, 0x03, 0x80, 0x38, 0x03, 0x80, 0x38, 0x03,
  0x80, 0x38, 0x03, 0x80, 0x38, 0x03, 0x80, 0x38, 0x03, 0x80, 0x38, 0x03,
  0x80, 0x38, 0x03, 0xFF, 0xFF, 0xFF, 0xFF, 0xFF, 0xFF, 0x80, 0x38, 0x03,
  0x80, 0x38, 0x03, 0x80, 0x38, 0x03, 0x80, 0x38, 0x03, 0x80, 0x38, 0x03,
  0x80, 0x38, 0x03, 0x80, 0x38, 0x03, 0x80, 0x38, 0x03, 0x80, 0x38, 0x03,
  0xFF, 0xFF, 0xFF, 0xFF, 0xFF, 0xFF, 0x80, 0x38, 0x03, 0x80, 0x38, 0x03,
  0x80, 0x38, 0x03, 0x80, 0x38, 0x03, 0x80, 0x38, 0x03, 0x80, 0x38, 0x03,
  0x80, 0x38, 0x03, 0x80, 0x38, 0x03, 0x80, 0x38, 0x03, 0xFF, 0xFF, 0xFF,
  0xFF, 0xFF, 0xFF, 0x80, 0x38, 0x03, 0x80, 0x38, 0x03, 0x80, 0x38, 0x03,
  0x80, 0x38, 0x03, 0x80, 0x38, 0x03, 0x80, 0x38, 0x03, 0x80, 0x38, 0x03,
  0x80, 0x38, 0x03, 0x80, 0x38, 0x03, 0xFF, 0xFF, 0xFF, 0xFF, 0xFF, 0xFF,
  0x80, 0x38, 0x03, 0x80, 0x38, 0x03, 0x80, 0x38, 0x03, 0x80, 0x38, 0x03,
  0x80, 0x38, 0x03, 0x80, 0x38, 0x03, 0x80, 0x38, 0x03, 0x80, 0x38, 0x03,
  0x80, 0x38, 0x03, 0xFF, 0xFF, 0xFF, 0xFF, 0xFF, 0xFF, 0x80, 0x38, 0x03,
  0x80, 0x38, 0x03, 0x80, 0x38, 0x03, 0x80, 0x38, 0x03, 0x80, 0x38, 0x03,
  0x80, 0x38, 0x03, 0x80, 0x38, 0x03, 0x80, 0x38, 0x03, 0x80, 0x38, 0x03,
  0xFF, 0xFF, 0xFF, 0xFF, 0xFF, 0xFF, 0x80, 0x38, 0x03, 0x80, 0x38, 0x03,
  0x80, 0x38, 0x03, 0x80, 0x38, 0x03, 0x80, 0x38, 0x03, 0x80, 0x38, 0x03,
  0x80, 0x38, 0x03, 0x80, 0x38, 0x03, 0x80, 0x38, 0x03, 0xFF, 0xFF, 0xFF,
  0xFF, 0xFF, 0xFF, 0x80, 0x38, 0x03, 0x80, 0x38, 0x03, 0x80, 0x38, 0x03,
  0x80, 0x38, 0x03, 0x80, 0x38, 0x03, 0x80, 0x38, 0x03, 0x80, 0x38, 0x03,
  0x80, 0x38, 0x03, 0x80, 0x38, 0x03, 0xFF, 0xFF, 0xFF, 0xFF, 0xFF, 0xFF,
  0x80, 0x38, 0x03, 0x80, 0x38, 0x03, 0x80, 0x38, 0x03, 0x80, 0x38, 0x03,
  0x80, 0x38, 0x03, 0x80, 0x38, 0x03, 0x80, 0x38, 0x03, 0x80, 0x38, 0x03,
  0x80, 0x38, 0x03, 0xFF, 0xFF, 0xFF, 0x00, 0xFF, 0xF7, 0x00, 0x66, 0x66,
  0x66, 0x66, 0x67, 0xFF, 0xFF, 0xFF, 0x00, 0xC0, 0x02, 0x00, 0x3C, 0x03,
  0xFC, 0x3D, 0xB8, 0xE6, 0xF7, 0x13, 0xDC, 0x4E, 0x73, 0x03, 0xCC, 0x0F,
  0x30, 0x3C, 0x80, 0x72, 0x01, 0xD8, 0x07, 0xE0, 0x0F, 0x83, 0x3F, 0xF8,
  0x7F, 0xC0, 0xFC, 0x03, 0x00, 0x08, 0x00, 0x07, 0xF0, 0x3C, 0xF0, 0xE0,
  0x71, 0xC1, 0xE3, 0x83, 0xCF, 0x03, 0x0E, 0x00, 0x1C, 0x00, 0x38, 0x00,
  0x78, 0x03, 0xFF, 0xC7, 0xFF, 0x80, 0xE0, 0x01, 0xC0, 0x03, 0x80, 0x07,
  0x00, 0x0E, 0x06, 0x18, 0x0C, 0x30, 0x39, 0xC1, 0xFF, 0xFF, 0xEF, 0xFF,
  0x80, 0x80, 0x0E, 0x10, 0xDF, 0xFC, 0xF1, 0xC7, 0x07, 0x30, 0x39, 0x80,
  0xCC, 0x06, 0x60, 0x73, 0x83, 0x8E, 0x38, 0xFF, 0xEE, 0x73, 0xC0, 0x04,
  0xFF, 0x83, 0xFF, 0xFC, 0x1F, 0xCF, 0x00, 0x38, 0x3C, 0x01, 0x80, 0xE0,
  0x18, 0x07, 0x81, 0xC0, 0x1C, 0x0C, 0x00, 0x70, 0xC0, 0x03, 0xC6, 0x00,
  0x0E, 0x60, 0x0F, 0xFF, 0xF0, 0x7F, 0xFF, 0x80, 0x07, 0x00, 0x00, 0x38,
  0x01, 0xFF, 0xFF, 0x00, 0x0E, 0x00, 0x00, 0x70, 0x00, 0x03, 0x80, 0x00,
  0x1C, 0x00, 0x00, 0xE0, 0x00, 0x3F, 0xE0, 0x01, 0xFF, 0x00, 0xFF, 0xFF,
  0xFC, 0x00, 0xFF, 0xFF, 0xFF, 0x07, 0xE0, 0x1C, 0xE0, 0x71, 0xE0, 0xC3,
  0xC1, 0xC3, 0x03, 0x80, 0x07, 0x80, 0x3F, 0x80, 0x6F, 0x81, 0xC7, 0xC3,
  0x87, 0xC7, 0x07, 0xEF, 0x03, 0xCF, 0x03, 0xDF, 0x03, 0x9F, 0x83, 0x0F,
  0x86, 0x0F, 0x9C, 0x07, 0xB0, 0x07, 0xC0, 0x07, 0x00, 0x07, 0x0F, 0x0E,
  0x1E, 0x18, 0x38, 0x70, 0x3F, 0xC0, 0x3E, 0x00, 0xE3, 0xFC, 0xFF, 0x3D,
  0x04, 0x03, 0xFE, 0x00, 0x7C, 0x7C, 0x07, 0x00, 0x70, 0x70, 0x00, 0xC7,
  0x0F, 0xE7, 0x31, 0xC7, 0x1B, 0x0C, 0x18, 0x78, 0xE0, 0x43, 0xC6, 0x00,
  0x1E, 0x30, 0x00, 0xF1, 0x80, 0x07, 0x8C, 0x00, 0x3C, 0x70, 0x01, 0xE3,
  0x81, 0x09, 0x8E, 0x18, 0xCC, 0x3F, 0x86, 0x30, 0x70, 0x60, 0xE0, 0x0E,
  0x03, 0xC1, 0xE0, 0x0F, 0xFC, 0x00, 0x3F, 0x06, 0x38, 0xE1, 0x86, 0x18,
  0x01, 0xC1, 0xFC, 0x79, 0xCE, 0x1C, 0xE1, 0xCE, 0x3C, 0x7F, 0xF1, 0x84,
  0x04, 0x10, 0x71, 0xC7, 0x1C, 0x71, 0xC7, 0x1C, 0x71, 0xC3, 0x8E, 0x1C,
  0x70, 0x71, 0xC1, 0xC7, 0x06, 0x18, 0x18, 0x60, 0x61, 0x80, 0xFF, 0xFF,
  0xFF, 0xF0, 0x00, 0xC0, 0x03, 0x00, 0x0C, 0x00, 0x30, 0x00, 0xC0, 0x00,
  0x1F, 0x07, 0xF9, 0x83, 0xFB, 0x7F, 0x6F, 0xE7, 0xFD, 0x7F, 0xA7, 0xE6,
  0xEF, 0xF8, 0xFE, 0x00, 0xFF, 0xFF, 0xC0, 0x08, 0x7E, 0x67, 0xC3, 0xC3,
  0x63, 0x7E, 0x3C, 0x03, 0x00, 0x0C, 0x00, 0x30, 0x00, 0xC0, 0xFF, 0xFF,
  0xFF, 0xF0, 0x30, 0x00, 0xC0, 0x03, 0x00, 0x0C, 0x00, 0x30, 0x00, 0xC0,
  0x00, 0x00, 0x00, 0x0F, 0xFF, 0xFF, 0xFF, 0x7F, 0x38, 0xEE, 0x1F, 0x87,
  0x01, 0xC0, 0x70, 0x38, 0x1C, 0x06, 0x03, 0x01, 0x85, 0xC3, 0xFF, 0xFF,
  0xF0, 0x3F, 0x0C, 0x73, 0x87, 0x70, 0xE0, 0x1C, 0x07, 0x03, 0xC0, 0x7C,
  0x01, 0xC0, 0x18, 0x03, 0xC0, 0xEE, 0x3C, 0xFF, 0x03, 0x80, 0x0C, 0x73,
  0xCE, 0x63, 0x00, 0xF0, 0x3C, 0x78, 0x1E, 0x38, 0x0F, 0x1C, 0x07, 0x0E,
  0x03, 0x87, 0x01, 0xC3, 0x80, 0x61, 0xC0, 0x30, 0xE0, 0x18, 0x70, 0x0C,
  0x38, 0x0E, 0x1C, 0x07, 0x0E, 0x03, 0x87, 0x83, 0xE3, 0xFF, 0x7F, 0xDF,
  0x1E, 0xE0, 0x00, 0x30, 0x00, 0x18, 0x00, 0x0C, 0x00, 0x07, 0x00, 0x03,
  0x80, 0x01, 0xC0, 0x00, 0x0E, 0x7E, 0x7C, 0xFD, 0xF9, 0xC3, 0xF3, 0x87,
  0xE7, 0x1F, 0xCE, 0x3F, 0x9C, 0x7F, 0x38, 0xFE, 0x71, 0xFC, 0xE1, 0xF9,
  0xC3, 0xF3, 0x83, 0xE7, 0x03, 0xCE, 0x00, 0x9C, 0x00, 0x38, 0x00, 0x70,
  0x00, 0xE0, 0x01, 0xC0, 0x03, 0x80, 0x07, 0x00, 0x0E, 0x00, 0x1C, 0x00,
  0x38, 0x00, 0x70, 0x07, 0xE0, 0x0F, 0xC0, 0xF7, 0xFF, 0xE2, 0x00, 0x10,
  0x60, 0xF0, 0x30, 0x7F, 0xDF, 0x00, 0xFC, 0xFC, 0x1C, 0x1C, 0x1C, 0x1C,
  0x1C, 0x1C, 0x1C, 0x1C, 0x1C, 0x1C, 0x1C, 0xFF, 0x1F, 0x86, 0x39, 0x83,
  0xF0, 0x7E, 0x07, 0xC0, 0xF8, 0x1F, 0x03, 0x60, 0xEE, 0x18, 0xFE, 0x07,
  0x00, 0x41, 0x07, 0x1C, 0x1C, 0x70, 0x71, 0xC3, 0xCF, 0x0E, 0x38, 0x38,
  0xE3, 0xCF, 0x1C, 0x71, 0xC7, 0x1C, 0x70, 0xC3, 0x0C, 0x30, 0x00, 0xFC,
  0x00, 0x30, 0x1F, 0x80, 0x0C, 0x00, 0x70, 0x03, 0x80, 0x0E, 0x00, 0x60,
  0x01, 0xC0, 0x18, 0x00, 0x38, 0x03, 0x00, 0x07, 0x00, 0xC0, 0x00, 0xE0,
  0x18, 0x1C, 0x1C, 0x06, 0x07, 0x83, 0x81, 0xC0, 0xF0, 0x70, 0x30, 0x3E,
  0x0E, 0x0C, 0x0D, 0xC1, 0xC1, 0x81, 0x39, 0xFE, 0x60, 0x67, 0x00, 0x0C,
  0x18, 0xE0, 0x03, 0x06, 0x1C, 0x00, 0xE0, 0xC3, 0x80, 0x18, 0x3F, 0xFC,
  0x06, 0x03, 0xFF, 0x80, 0xC0, 0x01, 0xC0, 0x30, 0x00, 0x38, 0x0E, 0x00,
  0x07, 0x00, 0xFC, 0x00, 0x30, 0x1F, 0x80, 0x0C, 0x00, 0x70, 0x03, 0x80,
  0x0E, 0x00, 0x60, 0x01, 0xC0, 0x18, 0x00, 0x38, 0x03, 0x00, 0x07, 0x00,
  0xC0, 0x00, 0xE0, 0x19, 0xFC, 0x1C, 0x06, 0x71, 0xC3, 0x81, 0xCE, 0x1C,
  0x70, 0x31, 0xC3, 0x8E, 0x0C, 0x00, 0x71, 0xC1, 0x80, 0x0F, 0xFE, 0x60,
  0x03, 0x80, 0x0C, 0x00, 0xE0, 0x03, 0x00, 0x18, 0x00, 0xE0, 0x06, 0x00,
  0x18, 0x01, 0x84, 0x06, 0x00, 0xE1, 0x80, 0xC0, 0x3F, 0xF0, 0x30, 0x07,
  0xFE, 0x0E, 0x00, 0x00, 0x00, 0x3F, 0x00, 0x0C, 0x06, 0x38, 0x01, 0x80,
  0xE1, 0xC0, 0x38, 0x0E, 0x1C, 0x03, 0x00, 0x01, 0xC0, 0x60, 0x00, 0x38,
  0x06, 0x00, 0x0F, 0x00, 0xC0, 0x00, 0xF8, 0x0C, 0x1C, 0x01, 0xC1, 0x83,
  0xC0, 0x0C, 0x38, 0x3C, 0x00, 0xE3, 0x07, 0xC8, 0x1C, 0x60, 0xDC, 0xE3,
  0xC6, 0x09, 0xC7, 0xF8, 0xC1, 0x9C, 0x0E, 0x0C, 0x31, 0xC0, 0x01, 0x86,
  0x1C, 0x00, 0x38, 0x61, 0xC0, 0x03, 0x0F, 0xFF, 0x00, 0x60, 0x7F, 0xF0,
  0x06, 0x00, 0x1C, 0x00, 0xC0, 0x01, 0xC0, 0x1C, 0x00, 0x1C, 0x0F, 0x00,
  0xF0, 0x0F, 0x00, 0x70, 0x00, 0x00, 0x00, 0x06, 0x00, 0x60, 0x06, 0x00,
  0x60, 0x0E, 0x01, 0xE0, 0x3C, 0x07, 0x80, 0xF0, 0x0E, 0x00, 0xE0, 0x6E,
  0x0F, 0xE0, 0xFE, 0x06, 0x79, 0xE3, 0xF8, 0x00, 0x40, 0x00, 0x01, 0xC0,
  0x00, 0x03, 0xE0, 0x00, 0x01, 0xE0, 0x00, 0x00, 0xE0, 0x00, 0x00, 0x00,
  0x00, 0x00, 0x00, 0x00, 0x1E, 0x00, 0x00, 0x3C, 0x00, 0x00, 0xF8, 0x00,
  0x01, 0xF8, 0x00, 0x06, 0x70, 0x00, 0x0C, 0xE0, 0x00, 0x19, 0xE0, 0x00,
  0x61, 0xC0, 0x00, 0xC3, 0x80, 0x01, 0x87, 0x80, 0x06, 0x07, 0x00, 0x0C,
  0x0E, 0x00, 0x18, 0x1E, 0x00, 0x7F, 0xFC, 0x00, 0xFF, 0xF8, 0x03, 0x80,
  0x38, 0x06, 0x00, 0x70, 0x0C, 0x00, 0xF0, 0x38, 0x00, 0xE0, 0x60, 0x01,
  0xC7, 0xF8, 0x1F, 0xFF, 0xF0, 0x3F, 0xE0, 0x00, 0x06, 0x00, 0x00, 0x1E,
  0x00, 0x00, 0x78, 0x00, 0x01, 0xE0, 0x00, 0x07, 0x00, 0x00, 0x00, 0x00,
  0x00, 0x00, 0x00, 0x00, 0x1E, 0x00, 0x00, 0x3C, 0x00, 0x00, 0xF8, 0x00,
  0x01, 0xF8, 0x00, 0x06, 0x70, 0x00, 0x0C, 0xE0, 0x00, 0x19, 0xE0, 0x00,
  0x61, 0xC0, 0x00, 0xC3, 0x80, 0x01, 0x87, 0x80, 0x06, 0x07, 0x00, 0x0C,
  0x0E, 0x00, 0x18, 0x1E, 0x00, 0x7F, 0xFC, 0x00, 0xFF, 0xF8, 0x03, 0x80,
  0x38, 0x06, 0x00, 0x70, 0x0C, 0x00, 0xF0, 0x38, 0x00, 0xE0, 0x60, 0x01,
  0xC7, 0xF8, 0x1F, 0xFF, 0xF0, 0x3F, 0xE0, 0x00, 0x18, 0x00, 0x00, 0x78,
  0x00, 0x01, 0xF8, 0x00, 0x07, 0x38, 0x00, 0x18, 0x18, 0x00, 0x20, 0x10,
  0x00, 0x00, 0x00, 0x00, 0x1E, 0x00, 0x00, 0x3C, 0x00, 0x00, 0xF8, 0x00,
  0x01, 0xF8, 0x00, 0x06, 0x70, 0x00, 0x0C, 0xE0, 0x00, 0x19, 0xE0, 0x00,
  0x61, 0xC0, 0x00, 0xC3, 0x80, 0x01, 0x87, 0x80, 0x06, 0x07, 0x00, 0x0C,
  0x0E, 0x00, 0x18, 0x1E, 0x00, 0x7F, 0xFC, 0x00, 0xFF, 0xF8, 0x03, 0x80,
  0x38, 0x06, 0x00, 0x70, 0x0C, 0x00, 0xF0, 0x38, 0x00, 0xE0, 0x60, 0x01,
  0xC7, 0xF8, 0x1F, 0xFF, 0xF0, 0x3F, 0xE0, 0x00, 0xF0, 0x80, 0x03, 0xFF,
  0x00, 0x04, 0xFC, 0x00, 0x00, 0x30, 0x00, 0x00, 0x00, 0x00, 0x00, 0x00,
  0x00, 0x0F, 0x00, 0x00, 0x1E, 0x00, 0x00, 0x7C, 0x00, 0x00, 0xFC, 0x00,
  0x03, 0x38, 0x00, 0x06, 0x70, 0x00, 0x0C, 0xF0, 0x00, 0x30, 0xE0, 0x00,
  0x61, 0xC0, 0x00, 0xC3, 0xC0, 0x03, 0x03, 0x80, 0x06, 0x07, 0x00, 0x0C,
  0x0F, 0x00, 0x3F, 0xFE, 0x00, 0x7F, 0xFC, 0x01, 0xC0, 0x1C, 0x03, 0x00,
  0x38, 0x06, 0x00, 0x78, 0x1C, 0x00, 0x70, 0x30, 0x00, 0xE3, 0xFC, 0x0F,
  0xFF, 0xF8, 0x1F, 0xF0, 0x01, 0xC7, 0x80, 0x03, 0xCF, 0x00, 0x07, 0x1E,
  0x00, 0x04, 0x18, 0x00, 0x00, 0x00, 0x00, 0x00, 0x00, 0x00, 0x0F, 0x00,
  0x00, 0x1E, 0x00, 0x00, 0x7C, 0x00, 0x00, 0xFC, 0x00, 0x03, 0x38, 0x00,
  0x06, 0x70, 0x00, 0x0C, 0xF0, 0x00, 0x30, 0xE0, 0x00, 0x61, 0xC0, 0x00,
  0xC3, 0xC0, 0x03, 0x03, 0x80, 0x06, 0x07, 0x00, 0x0C, 0x0F, 0x00, 0x3F,
  0xFE, 0x00, 0x7F, 0xFC, 0x01, 0xC0, 0x1C, 0x03, 0x00, 0x38, 0x06, 0x00,
  0x78, 0x1C, 0x00, 0x70, 0x30, 0x00, 0xE3, 0xFC, 0x0F, 0xFF, 0xF8, 0x1F,
  0xF0, 0x00, 0x1C, 0x00, 0x00, 0xFC, 0x00, 0x03, 0x18, 0x00, 0x06, 0x30,
  0x00, 0x0C, 0x60, 0x00, 0x0F, 0xC0, 0x00, 0x0E, 0x00, 0x00, 0x00, 0x00,
  0x00, 0x3C, 0x00, 0x00, 0x78, 0x00, 0x01, 0xF0, 0x00, 0x03, 0xF0, 0x00,
  0x0C, 0xE0, 0x00, 0x19, 0xC0, 0x00, 0x33, 0xC0, 0x00, 0xC3, 0x80, 0x01,
  0x87, 0x00, 0x03, 0x0F, 0x00, 0x0C, 0x0E, 0x00, 0x18, 0x1C, 0x00, 0x30,
  0x3C, 0x00, 0xFF, 0xF8, 0x01, 0xFF, 0xF0, 0x07, 0x00, 0x70, 0x0C, 0x00,
  0xE0, 0x18, 0x01, 0xE0, 0x70, 0x01, 0xC0, 0xC0, 0x03, 0x8F, 0xF0, 0x3F,
  0xFF, 0xE0, 0x7F, 0xC0, 0x00, 0x3F, 0xFF, 0xF0, 0x00, 0xFF, 0xFF, 0xC0,
  0x01, 0xCE, 0x07, 0x00, 0x06, 0x38, 0x0E, 0x00, 0x38, 0xE0, 0x18, 0x00,
  0xC3, 0x80, 0x40, 0x07, 0x0E, 0x00, 0x00, 0x18, 0x38, 0x00, 0x00, 0xE0,
  0xE0, 0x40, 0x03, 0x03, 0x83, 0x00, 0x1F, 0xFF, 0xFC, 0x00, 0x7F, 0xFF,
  0xF0, 0x01, 0x80, 0xE0, 0xC0, 0x0C, 0x03, 0x81, 0x00, 0x30, 0x0E, 0x04,
  0x01, 0x80, 0x38, 0x00, 0x06, 0x00, 0xE0, 0x0C, 0x30, 0x03, 0x80, 0x60,
  0xC0, 0x0E, 0x01, 0x87, 0x00, 0x38, 0x0E, 0xFF, 0x07, 0xFF, 0xFB, 0xFC,
  0x1F, 0xFF, 0xE0, 0x07, 0xF9, 0x83, 0xFF, 0xE1, 0xC0, 0x78, 0xE0, 0x0E,
  0x70, 0x01, 0x9C, 0x00, 0x7E, 0x00, 0x0F, 0x80, 0x00, 0xE0, 0x00, 0x38,
  0x00, 0x0E, 0x00, 0x03, 0x80, 0x00, 0xE0, 0x00, 0x38, 0x00, 0x0E, 0x00,
  0x03, 0xC0, 0x00, 0x70, 0x00, 0x1E, 0x00, 0x33, 0xC0, 0x1C, 0x78, 0x0E,
  0x0F, 0xFF, 0x01, 0xFF, 0x00, 0x0C, 0x00, 0x03, 0x00, 0x00, 0xF0, 0x00,
  0x0E, 0x00, 0x03, 0x80, 0x0F, 0xC0, 0x01, 0xF0, 0x00, 0x04, 0x00, 0x0E,
  0x00, 0x0F, 0x80, 0x03, 0xC0, 0x00, 0xE0, 0x00, 0x00, 0x00, 0x00, 0xFF,
  0xFE, 0xFF, 0xFE, 0x1C, 0x0E, 0x1C, 0x06, 0x1C, 0x07, 0x1C, 0x02, 0x1C,
  0x00, 0x1C, 0x18, 0x1C, 0x18, 0x1C, 0x18, 0x1F, 0xF8, 0x1F, 0xF8, 0x1C,
  0x18, 0x1C, 0x18, 0x1C, 0x00, 0x1C, 0x00, 0x1C, 0x03, 0x1C, 0x03, 0x1C,
  0x03, 0x1C, 0x07, 0xFF, 0xFF, 0xFF, 0xFF, 0x00, 0x60, 0x00, 0xF0, 0x01,
  0xE0, 0x03, 0xC0, 0x07, 0x00, 0x00, 0x00, 0x00, 0x00, 0xFF, 0xFE, 0xFF,
  0xFE, 0x1C, 0x0E, 0x1C, 0x06, 0x1C, 0x07, 0x1C, 0x02, 0x1C, 0x00, 0x1C,
  0x18, 0x1C, 0x18, 0x1C, 0x18, 0x1F, 0xF8, 0x1F, 0xF8, 0x1C, 0x18, 0x1C,
  0x18, 0x1C, 0x00, 0x1C, 0x00, 0x1C, 0x03, 0x1C, 0x03, 0x1C, 0x03, 0x1C,
  0x07, 0xFF, 0xFF, 0xFF, 0xFF, 0x01, 0x80, 0x03, 0xC0, 0x07, 0xE0, 0x0E,
  0x70, 0x18, 0x18, 0x10, 0x08, 0x00, 0x00, 0xFF, 0xFE, 0xFF, 0xFE, 0x1C,
  0x0E, 0x1C, 0x06, 0x1C, 0x07, 0x1C, 0x02, 0x1C, 0x00, 0x1C, 0x18, 0x1C,
  0x18, 0x1C, 0x18, 0x1F, 0xF8, 0x1F, 0xF8, 0x1C, 0x18, 0x1C, 0x18, 0x1C,
  0x00, 0x1C, 0x00, 0x1C, 0x03, 0x1C, 0x03, 0x1C, 0x03, 0x1C, 0x07, 0xFF,
  0xFF, 0xFF, 0xFF, 0x1C, 0x78, 0x1E, 0x78, 0x1C, 0x78, 0x08, 0x30, 0x00,
  0x00, 0x00, 0x00, 0xFF, 0xFE, 0xFF, 0xFE, 0x1C, 0x0E, 0x1C, 0x06, 0x1C,
  0x07, 0x1C, 0x02, 0x1C, 0x00, 0x1C, 0x18, 0x1C, 0x18, 0x1C, 0x18, 0x1F,
  0xF8, 0x1F, 0xF8, 0x1C, 0x18, 0x1C, 0x18, 0x1C, 0x00, 0x1C, 0x00, 0x1C,
  0x03, 0x1C, 0x03, 0x1C, 0x03, 0x1C, 0x07, 0xFF, 0xFF, 0xFF, 0xFF, 0x20,
  0x38, 0x1F, 0x03, 0xC0, 0x70, 0x00, 0x01, 0xFF, 0xFF, 0x8E, 0x07, 0x03,
  0x81, 0xC0, 0xE0, 0x70, 0x38, 0x1C, 0x0E, 0x07, 0x03, 0x81, 0xC0, 0xE0,
  0x70, 0x38, 0x1C, 0x0E, 0x07, 0x1F, 0xFF, 0xF8, 0x03, 0x03, 0xC3, 0xC3,
  0xC3, 0x80, 0x00, 0x01, 0xFF, 0xFF, 0x8E, 0x07, 0x03, 0x81, 0xC0, 0xE0,
  0x70, 0x38, 0x1C, 0x0E, 0x07, 0x03, 0x81, 0xC0, 0xE0, 0x70, 0x38, 0x1C,
  0x0E, 0x07, 0x1F, 0xFF, 0xF8, 0x0C, 0x07, 0x83, 0xF1, 0xCE, 0xC0, 0xE0,
  0x10, 0x03, 0xFE, 0xFF, 0x87, 0x01, 0xC0, 0x70, 0x1C, 0x07, 0x01, 0xC0,
  0x70, 0x1C, 0x07, 0x01, 0xC0, 0x70, 0x1C, 0x07, 0x01, 0xC0, 0x70, 0x1C,
  0x07, 0x01, 0xC3, 0xFE, 0xFF, 0x80, 0xE3, 0xFC, 0xFE, 0x3D, 0x06, 0x00,
  0x00, 0x0F, 0xFB, 0xFE, 0x1C, 0x07, 0x01, 0xC0, 0x70, 0x1C, 0x07, 0x01,
  0xC0, 0x70, 0x1C, 0x07, 0x01, 0xC0, 0x70, 0x1C, 0x07, 0x01, 0xC0, 0x70,
  0x1C, 0x07, 0x0F, 0xFB, 0xFE, 0x7F, 0xFC, 0x03, 0xFF, 0xFC, 0x03, 0x80,
  0xF0, 0x1C, 0x03, 0xC0, 0xE0, 0x0F, 0x07, 0x00, 0x38, 0x38, 0x01, 0xE1,
  0xC0, 0x07, 0x0E, 0x00, 0x38, 0x70, 0x01, 0xFF, 0xFE, 0x0F, 0xFF, 0xF0,
  0x70, 0xE0, 0x03, 0x87, 0x00, 0x1C, 0x38, 0x00, 0xE1, 0xC0, 0x0E, 0x0E,
  0x00, 0x70, 0x70, 0x07, 0x03, 0x80, 0x78, 0x1C, 0x07, 0x07, 0xFF, 0xF0,
  0x3F, 0xFC, 0x00, 0x01, 0xE1, 0x00, 0x0F, 0xFC, 0x00, 0x27, 0xE0, 0x00,
  0x03, 0x00, 0x00, 0x00, 0x00, 0x00, 0x00, 0x0F, 0xE0, 0x1F, 0xFF, 0xC0,
  0x7F, 0x1F, 0x00, 0x70, 0x7E, 0x01, 0x81, 0xB8, 0x06, 0x06, 0xF0, 0x18,
  0x19, 0xE0, 0x60, 0x63, 0x81, 0x81, 0x8F, 0x06, 0x06, 0x1C, 0x18, 0x18,
  0x78, 0x60, 0x60, 0xF1, 0x81, 0x81, 0xC6, 0x06, 0x07, 0x98, 0x18, 0x0E,
  0x60, 0x60, 0x3D, 0x81, 0x80, 0x76, 0x06, 0x00, 0xF8, 0x18, 0x03, 0xE0,
  0x60, 0x07, 0x8F, 0xF0, 0x1E, 0x3F, 0xC0, 0x38, 0x01, 0x00, 0x00, 0x38,
  0x00, 0x03, 0xE0, 0x00, 0x0F, 0x00, 0x00, 0x38, 0x00, 0x00, 0x00, 0x00,
  0x00, 0x00, 0x3F, 0xC0, 0x0F, 0xFF, 0x01, 0xC0, 0x78, 0x38, 0x03, 0xC7,
  0x00, 0x1E, 0x70, 0x00, 0xEE, 0x00, 0x0F, 0xE0, 0x00, 0xFE, 0x00, 0x07,
  0xE0, 0x00, 0x7E, 0x00, 0x07, 0xE0, 0x00, 0x7E, 0x00, 0x07, 0xE0, 0x00,
  0x7E, 0x00, 0x0F, 0xF0, 0x00, 0xEF, 0x00, 0x0E, 0x78, 0x01, 0xE3, 0xC0,
  0x1C, 0x3E, 0x03, 0x80, 0xFF, 0xF0, 0x07, 0xFC, 0x00, 0x00, 0x18, 0x00,
  0x03, 0xC0, 0x00, 0x78, 0x00, 0x0F, 0x00, 0x01, 0xC0, 0x00, 0x00, 0x00,
  0x00, 0x00, 0x00, 0x3F, 0xC0, 0x0F, 0xFF, 0x01, 0xC0, 0x78, 0x38, 0x03,
  0xC7, 0x00, 0x1E, 0x70, 0x00, 0xEE, 0x00, 0x0F, 0xE0, 0x00, 0xFE, 0x00,
  0x07, 0xE0, 0x00, 0x7E, 0x00, 0x07, 0xE0, 0x00, 0x7E, 0x00, 0x07, 0xE0,
  0x00, 0x7E, 0x00, 0x0F, 0xF0, 0x00, 0xEF, 0x00, 0x0E, 0x78, 0x01, 0xE3,
  0xC0, 0x1C, 0x3E, 0x03, 0x80, 0xFF, 0xF0, 0x07, 0xFC, 0x00, 0x00, 0x60,
  0x00, 0x0F, 0x00, 0x01, 0xF8, 0x00, 0x39, 0xC0, 0x06, 0x06, 0x00, 0x40,
  0x20, 0x00, 0x00, 0x00, 0x3F, 0xC0, 0x0F, 0xFF, 0x01, 0xC0, 0x78, 0x38,
  0x03, 0xC7, 0x00, 0x1E, 0x70, 0x00, 0xEE, 0x00, 0x0F, 0xE0, 0x00, 0xFE,
  0x00, 0x07, 0xE0, 0x00, 0x7E, 0x00, 0x07, 0xE0, 0x00, 0x7E, 0x00, 0x07,
  0xE0, 0x00, 0x7E, 0x00, 0x0F, 0xF0, 0x00, 0xEF, 0x00, 0x0E, 0x78, 0x01,
  0xE3, 0xC0, 0x1C, 0x3E, 0x03, 0x80, 0xFF, 0xF0, 0x07, 0xFC, 0x00, 0x03,
  0xC2, 0x00, 0x7F, 0xE0, 0x04, 0xFC, 0x00, 0x01, 0x80, 0x00, 0x00, 0x00,
  0x00, 0x00, 0x03, 0xFC, 0x00, 0xFF, 0xF0, 0x1C, 0x07, 0x83, 0x80, 0x3C,
  0x70, 0x01, 0xE7, 0x00, 0x0E, 0xE0, 0x00, 0xFE, 0x00, 0x0F, 0xE0, 0x00,
  0x7E, 0x00, 0x07, 0xE0, 0x00, 0x7E, 0x00, 0x07, 0xE0, 0x00, 0x7E, 0x00,
  0x07, 0xE0, 0x00, 0xFF, 0x00, 0x0E, 0xF0, 0x00, 0xE7, 0x80, 0x1E, 0x3C,
  0x01, 0xC3, 0xE0, 0x38, 0x0F, 0xFF, 0x00, 0x7F, 0xC0, 0x07, 0x1E, 0x00,
  0x79, 0xE0, 0x07, 0x1E, 0x00, 0x20, 0xC0, 0x00, 0x00, 0x00, 0x00, 0x00,
  0x03, 0xFC, 0x00, 0xFF, 0xF0, 0x1C, 0x07, 0x83, 0x80, 0x3C, 0x70, 0x01,
  0xE7, 0x00, 0x0E, 0xE0, 0x00, 0xFE, 0x00, 0x0F, 0xE0, 0x00, 0x7E, 0x00,
  0x07, 0xE0, 0x00, 0x7E, 0x00, 0x07, 0xE0, 0x00, 0x7E, 0x00, 0x07, 0xE0,
  0x00, 0xFF, 0x00, 0x0E, 0xF0, 0x00, 0xE7, 0x80, 0x1E, 0x3C, 0x01, 0xC3,
  0xE0, 0x38, 0x0F, 0xFF, 0x00, 0x7F, 0xC0, 0x60, 0x3F, 0x06, 0x38, 0xC1,
  0xD8, 0x0F, 0x00, 0x70, 0x0F, 0x81, 0x9C, 0x30, 0xEE, 0x07, 0x40, 0x20,
  0x01, 0xFE, 0x3C, 0x1F, 0xFE, 0xC0, 0xE0, 0x3E, 0x07, 0x00, 0x78, 0x38,
  0x01, 0xF0, 0xE0, 0x0F, 0xC7, 0x00, 0x77, 0x9C, 0x01, 0x9E, 0x70, 0x0C,
  0x39, 0xC0, 0x60, 0xE7, 0x03, 0x83, 0x9C, 0x1C, 0x0E, 0x70, 0xE0, 0x39,
  0xC3, 0x00, 0xE7, 0x18, 0x07, 0x9E, 0xC0, 0x1C, 0x3F, 0x00, 0x70, 0xF8,
  0x03, 0xC1, 0xC0, 0x0E, 0x07, 0xC0, 0x70, 0x37, 0xFF, 0x83, 0x8F, 0xF8,
  0x00, 0x00, 0x80, 0x00, 0x07, 0x00, 0x00, 0x1F, 0x00, 0x00, 0x1E, 0x00,
  0x00, 0x1C, 0x00, 0x00, 0x00, 0x00, 0x00, 0x00, 0x3F, 0xC0, 0xFF, 0xFF,
  0x03, 0xFC, 0xF0, 0x01, 0x83, 0x80, 0x06, 0x0E, 0x00, 0x18, 0x38, 0x00,
  0x60, 0xE0, 0x01, 0x83, 0x80, 0x06, 0x0E, 0x00, 0x18, 0x38, 0x00, 0x60,
  0xE0, 0x01, 0x83, 0x80, 0x06, 0x0E, 0x00, 0x18, 0x38, 0x00, 0x60, 0xE0,
  0x01, 0x83, 0xC0, 0x06, 0x07, 0x00, 0x18, 0x1C, 0x00, 0xE0, 0x78, 0x03,
  0x00, 0xF0, 0x3C, 0x01, 0xFF, 0xE0, 0x03, 0xFE, 0x00, 0x00, 0x0C, 0x00,
  0x00, 0x78, 0x00, 0x03, 0xC0, 0x00, 0x1E, 0x00, 0x00, 0xE0, 0x00, 0x00,
  0x00, 0x00, 0x00, 0x00, 0x3F, 0xC0, 0xFF, 0xFF, 0x03, 0xFC, 0xF0, 0x01,
  0x83, 0x80, 0x06, 0x0E, 0x00, 0x18, 0x38, 0x00, 0x60, 0xE0, 0x01, 0x83,
  0x80, 0x06, 0x0E, 0x00, 0x18, 0x38, 0x00, 0x60, 0xE0, 0x01, 0x83, 0x80,
  0x06, 0x0E, 0x00, 0x18, 0x38, 0x00, 0x60, 0xE0, 0x01, 0x83, 0xC0, 0x06,
  0x07, 0x00, 0x18, 0x1C, 0x00, 0xE0, 0x78, 0x03, 0x00, 0xF0, 0x3C, 0x01,
  0xFF, 0xE0, 0x03, 0xFE, 0x00, 0x00, 0x30, 0x00, 0x01, 0xE0, 0x00, 0x0F,
  0xC0, 0x00, 0x73, 0x80, 0x03, 0x03, 0x00, 0x08, 0x04, 0x00, 0x00, 0x00,
  0x3F, 0xC0, 0xFF, 0xFF, 0x03, 0xFC, 0xF0, 0x01, 0x83, 0x80, 0x06, 0x0E,
  0x00, 0x18, 0x38, 0x00, 0x60, 0xE0, 0x01, 0x83, 0x80, 0x06, 0x0E, 0x00,
  0x18, 0x38, 0x00, 0x60, 0xE0, 0x01, 0x83, 0x80, 0x06, 0x0E, 0x00, 0x18,
  0x38, 0x00, 0x60, 0xE0, 0x01, 0x83, 0xC0, 0x06, 0x07, 0x00, 0x18, 0x1C,
  0x00, 0xE0, 0x78, 0x03, 0x00, 0xF0, 0x3C, 0x01, 0xFF, 0xE0, 0x03, 0xFE,
  0x00, 0x03, 0x8F, 0x00, 0x0F, 0x3C, 0x00, 0x38, 0xF0, 0x00, 0x41, 0x80,
  0x00, 0x00, 0x00, 0x00, 0x00, 0x0F, 0xF0, 0x3F, 0xFF, 0xC0, 0xFF, 0x3C,
  0x00, 0x60, 0xE0, 0x01, 0x83, 0x80, 0x06, 0x0E, 0x00, 0x18, 0x38, 0x00,
  0x60, 0xE0, 0x01, 0x83, 0x80, 0x06, 0x0E, 0x00, 0x18, 0x38, 0x00, 0x60,
  0xE0, 0x01, 0x83, 0x80, 0x06, 0x0E, 0x00, 0x18, 0x38, 0x00, 0x60, 0xF0,
  0x01, 0x81, 0xC0, 0x06, 0x07, 0x00, 0x38, 0x1E, 0x00, 0xC0, 0x3C, 0x0F,
  0x00, 0x7F, 0xF8, 0x00, 0xFF, 0x80, 0x00, 0x0C, 0x00, 0x00, 0xF0, 0x00,
  0x0F, 0x00, 0x00, 0xF0, 0x00, 0x0E, 0x00, 0x00, 0x00, 0x00, 0x00, 0x00,
  0x1F, 0xE0, 0xFF, 0xFF, 0x07, 0xF9, 0xE0, 0x0E, 0x07, 0x00, 0x60, 0x3C,
  0x03, 0x00, 0xE0, 0x30, 0x03, 0x83, 0x80, 0x1E, 0x18, 0x00, 0x71, 0x80,
  0x01, 0xCC, 0x00, 0x0F, 0xC0, 0x00, 0x3E, 0x00, 0x01, 0xE0, 0x00, 0x07,
  0x00, 0x00, 0x38, 0x00, 0x01, 0xC0, 0x00, 0x0E, 0x00, 0x00, 0x70, 0x00,
  0x03, 0x80, 0x00, 0x3C, 0x00, 0x07, 0xFC, 0x00, 0x3F, 0xE0, 0x00, 0xFF,
  0x80, 0xFF, 0x80, 0x1C, 0x00, 0x1C, 0x00, 0x1F, 0x80, 0x1F, 0xF8, 0x1C,
  0x7E, 0x1C, 0x0E, 0x1C, 0x0F, 0x1C, 0x07, 0x1C, 0x07, 0x1C, 0x07, 0x1C,
  0x0F, 0x1C, 0x0E, 0x1C, 0x1E, 0x1C, 0xFC, 0x1F, 0xF0, 0x1C, 0x00, 0x1C,
  0x00, 0x1C, 0x00, 0xFF, 0x80, 0xFF, 0x80, 0x00, 0x20, 0x00, 0x7F, 0x80,
  0x1C, 0x38, 0x07, 0x03, 0x80, 0xC0, 0x70, 0x38, 0x0E, 0x07, 0x01, 0xC0,
  0xE0, 0x30, 0x1C, 0x0C, 0x0F, 0x83, 0x81, 0xF0, 0xE0, 0x0E, 0x1C, 0x01,
  0xC3, 0x80, 0x38, 0x70, 0x07, 0x0F, 0x00, 0xE1, 0xF8, 0x1C, 0x1F, 0xC3,
  0x80, 0xFC, 0x70, 0x07, 0x8E, 0x00, 0x71, 0xCC, 0x06, 0x39, 0xC0, 0xC7,
  0x38, 0x3F, 0xE7, 0xFE, 0xFC, 0xDF, 0x80, 0x18, 0x00, 0x78, 0x00, 0x70,
  0x00, 0x70, 0x00, 0x30, 0x00, 0x20, 0x00, 0x00, 0x00, 0x00, 0x3F, 0x80,
  0xE7, 0x83, 0x83, 0x87, 0x07, 0x0E, 0x06, 0x00, 0x0E, 0x00, 0x1C, 0x03,
  0xF8, 0x3F, 0xF1, 0xE0, 0xE3, 0x81, 0xC7, 0x03, 0x8E, 0x0F, 0x1C, 0x3E,
  0x3F, 0xDF, 0xBF, 0x1E, 0x01, 0x80, 0x07, 0x00, 0x1E, 0x00, 0x38, 0x00,
  0xC0, 0x03, 0x00, 0x00, 0x00, 0x00, 0x00, 0x3F, 0x80, 0xE7, 0x83, 0x83,
  0x87, 0x07, 0x0E, 0x06, 0x00, 0x0E, 0x00, 0x1C, 0x03, 0xF8, 0x3F, 0xF1,
  0xE0, 0xE3, 0x81, 0xC7, 0x03, 0x8E, 0x0F, 0x1C, 0x3E, 0x3F, 0xDF, 0xBF,
  0x1E, 0x0E, 0x00, 0x1E, 0x00, 0x7E, 0x01, 0xCC, 0x07, 0x0C, 0x08, 0x0C,
  0x00, 0x00, 0x00, 0x00, 0x3F, 0x80, 0xE7, 0x83, 0x83, 0x87, 0x07, 0x0E,
  0x06, 0x00, 0x0E, 0x00, 0x1C, 0x03, 0xF8, 0x3F, 0xF1, 0xE0, 0xE3, 0x81,
  0xC7, 0x03, 0x8E, 0x0F, 0x1C, 0x3E, 0x3F, 0xDF, 0xBF, 0x1E, 0x3C, 0x20,
  0xFF, 0xC1, 0x1F, 0x00, 0x04, 0x00, 0x00, 0x00, 0x00, 0x00, 0x00, 0x1F,
  0xC0, 0x73, 0xC1, 0xC1, 0xC3, 0x83, 0x87, 0x03, 0x00, 0x07, 0x00, 0x0E,
  0x01, 0xFC, 0x1F, 0xF8, 0xF0, 0x71, 0xC0, 0xE3, 0x81, 0xC7, 0x07, 0x8E,
  0x1F, 0x1F, 0xEF, 0xDF, 0x8F, 0x00, 0x71, 0xE0, 0xF3, 0xC1, 0xE7, 0x81,
  0x04, 0x00, 0x00, 0x00, 0x00, 0x00, 0x00, 0x1F, 0xC0, 0x73, 0xC1, 0xC1,
  0xC3, 0x83, 0x87, 0x03, 0x00, 0x07, 0x00, 0x0E, 0x01, 0xFC, 0x1F, 0xF8,
  0xF0, 0x71, 0xC0, 0xE3, 0x81, 0xC7, 0x07, 0x8E, 0x1F, 0x1F, 0xEF, 0xDF,
  0x8F, 0x00, 0x06, 0x00, 0x3F, 0x00, 0x66, 0x01, 0x8C, 0x01, 0x18, 0x03,
  0xF0, 0x03, 0x80, 0x00, 0x00, 0x00, 0x00, 0x7F, 0x01, 0xCF, 0x07, 0x07,
  0x0E, 0x0E, 0x1C, 0x0C, 0x00, 0x1C, 0x00, 0x38, 0x07, 0xF0, 0x7F, 0xE3,
  0xC1, 0xC7, 0x03, 0x8E, 0x07, 0x1C, 0x1E, 0x38, 0x7C, 0x7F, 0xBF, 0x7E,
  0x3C, 0x3F, 0x8F, 0xE1, 0xCF, 0x79, 0xCE, 0x0F, 0x83, 0xB8, 0x3C, 0x07,
  0xE0, 0x70, 0x1C, 0x01, 0xC0, 0x70, 0x07, 0x01, 0xC3, 0xFF, 0xFF, 0x3F,
  0xF0, 0x03, 0xC1, 0xC0, 0x0E, 0x07, 0x00, 0x38, 0x1C, 0x00, 0xE0, 0xF8,
  0x0B, 0x87, 0xF0, 0x7F, 0xF9, 0xFF, 0x9F, 0xC3, 0xF8, 0x07, 0xF0, 0x7B,
  0xE3, 0x83, 0x8E, 0x0F, 0x70, 0x3D, 0xC0, 0x67, 0x00, 0x3C, 0x00, 0xF0,
  0x03, 0xC0, 0x07, 0x00, 0x1C, 0x00, 0x78, 0x08, 0xF0, 0x71, 0xFF, 0x83,
  0xF8, 0x01, 0x00, 0x0C, 0x00, 0x3C, 0x00, 0x38, 0x00, 0x60, 0x3F, 0x80,
  0x7C, 0x00, 0x06, 0x00, 0x3C, 0x00, 0x70, 0x00, 0xE0, 0x00, 0xC0, 0x01,
  0x00, 0x00, 0x00, 0x00, 0x07, 0xE0, 0x79, 0xE3, 0x83, 0x8C, 0x07, 0x70,
  0x1D, 0xC0, 0x77, 0x01, 0xFF, 0xFF, 0xF0, 0x03, 0xC0, 0x07, 0x00, 0x1C,
  0x00, 0x78, 0x08, 0xF0, 0x71, 0xFF, 0x83, 0xFC, 0x00, 0x60, 0x03, 0x80,
  0x1E, 0x00, 0x70, 0x03, 0x00, 0x18, 0x00, 0x00, 0x00, 0x00, 0x07, 0xE0,
  0x79, 0xE3, 0x83, 0x8C, 0x07, 0x70, 0x1D, 0xC0, 0x77, 0x01, 0xFF, 0xFF,
  0xF0, 0x03, 0xC0, 0x07, 0x00, 0x1C, 0x00, 0x78, 0x08, 0xF0, 0x71, 0xFF,
  0x83, 0xFC, 0x03, 0x80, 0x0F, 0x00, 0x7E, 0x03, 0x98, 0x1C, 0x30, 0x40,
  0x60, 0x00, 0x00, 0x00, 0x07, 0xE0, 0x79, 0xE3, 0x83, 0x8C, 0x07, 0x70,
  0x1D, 0xC0, 0x77, 0x01, 0xFF, 0xFF, 0xF0, 0x03, 0xC0, 0x07, 0x00, 0x1C,
  0x00, 0x78, 0x08, 0xF0, 0x71, 0xFF, 0x83, 0xFC, 0x1C, 0x78, 0x79, 0xE1,
  0xE7, 0x82, 0x08, 0x00, 0x00, 0x00, 0x00, 0x00, 0x01, 0xF8, 0x1E, 0x78,
  0xE0, 0xE3, 0x01, 0xDC, 0x07, 0x70, 0x1D, 0xC0, 0x7F, 0xFF, 0xFC, 0x00,
  0xF0, 0x01, 0xC0, 0x07, 0x00, 0x1E, 0x02, 0x3C, 0x1C, 0x7F, 0xE0, 0xFF,
  0x00, 0x60, 0x3C, 0x07, 0x00, 0xE0, 0x0C, 0x01, 0x00, 0x00, 0x00, 0x3E,
  0x1F, 0x80, 0xE0, 0x38, 0x0E, 0x03, 0x80, 0xE0, 0x38, 0x0E, 0x03, 0x80,
  0xE0, 0x38, 0x0E, 0x03, 0x87, 0xFD, 0xFF, 0x0C, 0x0E, 0x0F, 0x07, 0x06,
  0x06, 0x00, 0x00, 0x00, 0x7C, 0x7E, 0x07, 0x03, 0x81, 0xC0, 0xE0, 0x70,
  0x38, 0x1C, 0x0E, 0x07, 0x03, 0x81, 0xC0, 0xE3, 0xFF, 0xFF, 0x1C, 0x03,
  0xC0, 0xFC, 0x39, 0x8E, 0x19, 0x01, 0x80, 0x00, 0x00, 0x1F, 0x07, 0xE0,
  0x1C, 0x03, 0x80, 0x70, 0x0E, 0x01, 0xC0, 0x38, 0x07, 0x00, 0xE0, 0x1C,
  0x03, 0x80, 0x70, 0x0E, 0x0F, 0xF9, 0xFF, 0xE3, 0xFC, 0xFF, 0x3D, 0x04,
  0x00, 0x00, 0x00, 0x00, 0xF8, 0x7E, 0x03, 0x80, 0xE0, 0x38, 0x0E, 0x03,
  0x80, 0xE0, 0x38, 0x0E, 0x03, 0x80, 0xE0, 0x38, 0x0E, 0x1F, 0xF7, 0xFC,
  0x00, 0x04, 0x1F, 0x0C, 0x07, 0xF8, 0x00, 0xF0, 0x00, 0xF8, 0x01, 0xB8,
  0x03, 0x1C, 0x00, 0x1E, 0x00, 0x0E, 0x01, 0x0E, 0x0F, 0xEE, 0x1E, 0x76,
  0x38, 0x1F, 0x78, 0x0F, 0x70, 0x0F, 0x70, 0x0F, 0xF0, 0x0F, 0xF0, 0x0E,
  0xF0, 0x0E, 0x70, 0x0E, 0x70, 0x0E, 0x78, 0x1C, 0x38, 0x1C, 0x1F, 0xF8,
  0x0F, 0xE0, 0x03, 0xC2, 0x00, 0xFF, 0xC0, 0x11, 0xF0, 0x00, 0x04, 0x00,
  0x00, 0x00, 0x00, 0x00, 0x00, 0x00, 0x03, 0xC7, 0xE0, 0xFD, 0xFE, 0x03,
  0xE1, 0xE0, 0x78, 0x1C, 0x0E, 0x03, 0x81, 0xC0, 0x70, 0x38, 0x0E, 0x07,
  0x01, 0xC0, 0xE0, 0x38, 0x1C, 0x07, 0x03, 0x80, 0xE0, 0x70, 0x1C, 0x0E,
  0x03, 0x81, 0xC0, 0x70, 0xFE, 0x3F, 0xDF, 0xC7, 0xF8, 0x06, 0x00, 0x0F,
  0x00, 0x07, 0x00, 0x03, 0x80, 0x00, 0xC0, 0x00, 0x40, 0x00, 0x00, 0x00,
  0x00, 0x07, 0xF0, 0x1F, 0xFC, 0x38, 0x1C, 0x30, 0x0E, 0x70, 0x0E, 0x70,
  0x0F, 0x70, 0x07, 0xF0, 0x07, 0xF0, 0x07, 0xF0, 0x07, 0x70, 0x07, 0x70,
  0x0E, 0x78, 0x0E, 0x3C, 0x1C, 0x1F, 0xF8, 0x0F, 0xF0, 0x00, 0x60, 0x00,
  0xE0, 0x01, 0xE0, 0x01, 0xC0, 0x03, 0x00, 0x06, 0x00, 0x00, 0x00, 0x00,
  0x00, 0x07, 0xF0, 0x1F, 0xFC, 0x38, 0x1C, 0x30, 0x0E, 0x70, 0x0E, 0x70,
  0x0F, 0x70, 0x07, 0xF0, 0x07, 0xF0, 0x07, 0xF0, 0x07, 0x70, 0x07, 0x70,
  0x0E, 0x78, 0x0E, 0x3C, 0x1C, 0x1F, 0xF8, 0x0F, 0xF0, 0x03, 0x80, 0x03,
  0xC0, 0x07, 0xE0, 0x0E, 0x60, 0x1C, 0x30, 0x10, 0x18, 0x00, 0x00, 0x00,
  0x00, 0x07, 0xF0, 0x1F, 0xFC, 0x38, 0x1C, 0x30, 0x0E, 0x70, 0x0E, 0x70,
  0x0F, 0x70, 0x07, 0xF0, 0x07, 0xF0, 0x07, 0xF0, 0x07, 0x70, 0x07, 0x70,
  0x0E, 0x78, 0x0E, 0x3C, 0x1C, 0x1F, 0xF8, 0x0F, 0xF0, 0x0F, 0x08, 0x1F,
  0xF8, 0x11, 0xF0, 0x00, 0x20, 0x00, 0x00, 0x00, 0x00, 0x00, 0x00, 0x07,
  0xF0, 0x1F, 0xFC, 0x38, 0x1C, 0x30, 0x0E, 0x70, 0x0E, 0x70, 0x0F, 0x70,
  0x07, 0xF0, 0x07, 0xF0, 0x07, 0xF0, 0x07, 0x70, 0x07, 0x70, 0x0E, 0x78,
  0x0E, 0x3C, 0x1C, 0x1F, 0xF8, 0x0F, 0xF0, 0x0E, 0x3C, 0x0F, 0x3C, 0x0F,
  0x3C, 0x04, 0x10, 0x00, 0x00, 0x00, 0x00, 0x00, 0x00, 0x07, 0xF0, 0x1F,
  0xFC, 0x38, 0x1C, 0x30, 0x0E, 0x70, 0x0E, 0x70, 0x0F, 0x70, 0x07, 0xF0,
  0x07, 0xF0, 0x07, 0xF0, 0x07, 0x70, 0x07, 0x70, 0x0E, 0x78, 0x0E, 0x3C,
  0x1C, 0x1F, 0xF8, 0x0F, 0xF0, 0x07, 0x80, 0x1E, 0x00, 0x78, 0x00, 0x40,
  0x00, 0x03, 0xFF, 0xFF, 0xFF, 0xC0, 0x00, 0x00, 0x00, 0x0C, 0x00, 0x78,
  0x01, 0xE0, 0x07, 0x80, 0x03, 0xFB, 0xC3, 0xFF, 0xC1, 0xC0, 0xE0, 0x60,
  0x3C, 0x38, 0x1F, 0x0E, 0x0D, 0xE3, 0x86, 0x39, 0xE3, 0x0E, 0x79, 0x83,
  0x9E, 0xE0, 0xE3, 0xF0, 0x38, 0xF8, 0x1C, 0x3C, 0x07, 0x0F, 0x83, 0x83,
  0xFF, 0xC3, 0x9F, 0xE0, 0x03, 0x00, 0x01, 0xE0, 0x00, 0x38, 0x00, 0x07,
  0x00, 0x00, 0x60, 0x00, 0x08, 0x00, 0x00, 0x00, 0x00, 0x00, 0xF8, 0x3E,
  0x3E, 0x0F, 0x83, 0x80, 0xE0, 0xE0, 0x38, 0x38, 0x0E, 0x0E, 0x03, 0x83,
  0x80, 0xE0, 0xE0, 0x38, 0x38, 0x0E, 0x0E, 0x03, 0x83, 0x80, 0xE0, 0xE0,
  0x38, 0x38, 0x0E, 0x07, 0x07, 0x81, 0xFF, 0x7C, 0x3F, 0x9F, 0x00, 0x30,
  0x00, 0x1C, 0x00, 0x0F, 0x00, 0x03, 0x80, 0x01, 0x80, 0x00, 0xC0, 0x00,
  0x00, 0x00, 0x00, 0x00, 0xF8, 0x3E, 0x3E, 0x0F, 0x83, 0x80, 0xE0, 0xE0,
  0x38, 0x38, 0x0E, 0x0E, 0x03, 0x83, 0x80, 0xE0, 0xE0, 0x38, 0x38, 0x0E,
  0x0E, 0x03, 0x83, 0x80, 0xE0, 0xE0, 0x38, 0x38, 0x0E, 0x07, 0x07, 0x81,
  0xFF, 0x7C, 0x3F, 0x9F, 0x01, 0xC0, 0x00, 0x78, 0x00, 0x3F, 0x00, 0x1C,
  0xC0, 0x0E, 0x18, 0x02, 0x03, 0x00, 0x00, 0x00, 0x00, 0x00, 0xF8, 0x3E,
  0x3E, 0x0F, 0x83, 0x80, 0xE0, 0xE0, 0x38, 0x38, 0x0E, 0x0E, 0x03, 0x83,
  0x80, 0xE0, 0xE0, 0x38, 0x38, 0x0E, 0x0E, 0x03, 0x83, 0x80, 0xE0, 0xE0,
  0x38, 0x38, 0x0E, 0x07, 0x07, 0x81, 0xFF, 0x7C, 0x3F, 0x9F, 0x0E, 0x3C,
  0x03, 0xCF, 0x00, 0xF3, 0xC0, 0x10, 0x40, 0x00, 0x00, 0x00, 0x00, 0x00,
  0x00, 0x03, 0xE0, 0xF8, 0xF8, 0x3E, 0x0E, 0x03, 0x83, 0x80, 0xE0, 0xE0,
  0x38, 0x38, 0x0E, 0x0E, 0x03, 0x83, 0x80, 0xE0, 0xE0, 0x38, 0x38, 0x0E,
  0x0E, 0x03, 0x83, 0x80, 0xE0, 0xE0, 0x38, 0x1C, 0x1E, 0x07, 0xFD, 0xF0,
  0xFE, 0x7C, 0x00, 0x18, 0x00, 0x0E, 0x00, 0x07, 0x80, 0x01, 0xC0, 0x00,
  0xC0, 0x00, 0x60, 0x00, 0x00, 0x00, 0x00, 0x00, 0x7F, 0x1F, 0xFF, 0xC7,
  0xF3, 0xC0, 0x70, 0x70, 0x18, 0x1E, 0x06, 0x03, 0x83, 0x80, 0xE0, 0xC0,
  0x1C, 0x30, 0x07, 0x18, 0x01, 0xE6, 0x00, 0x3B, 0x00, 0x0E, 0xC0, 0x01,
  0xF0, 0x00, 0x78, 0x00, 0x0E, 0x00, 0x03, 0x00, 0x00, 0xC0, 0x00, 0x60,
  0x00, 0x18, 0x01, 0xCC, 0x00, 0xF3, 0x00, 0x3F, 0x80, 0x07, 0xC0, 0x00,
  0xFC, 0x00, 0x7E, 0x00, 0x07, 0x00, 0x03, 0x80, 0x01, 0xC0, 0x00, 0xE0,
  0x00, 0x70, 0x00, 0x38, 0x00, 0x1C, 0xFC, 0x0E, 0xFF, 0x87, 0xC3, 0xC3,
  0xC0, 0xF1, 0xC0, 0x38, 0xE0, 0x1C, 0x70, 0x0E, 0x38, 0x07, 0x1C, 0x03,
  0x8E, 0x01, 0xC7, 0x00, 0xE3, 0x80, 0x71, 0xC0, 0x70, 0xF0, 0x78, 0x7F,
  0xF8, 0x3F, 0xF8, 0x1C, 0x00, 0x0E, 0x00, 0x07, 0x00, 0x03, 0x80, 0x01,
  0xC0, 0x03, 0xFC, 0x01, 0xFE, 0x00, 0x07, 0x1E, 0x01, 0xE7, 0x80, 0x79,
  0xE0, 0x08, 0x20, 0x00, 0x00, 0x00, 0x00, 0x00, 0x00, 0x01, 0xFC, 0x7F,
  0xFF, 0x1F, 0xCF, 0x01, 0xC1, 0xC0, 0x60, 0x78, 0x18, 0x0E, 0x0E, 0x03,
  0x83, 0x00, 0x70, 0xC0, 0x1C, 0x60, 0x07, 0x98, 0x00, 0xEC, 0x00, 0x3B,
  0x00, 0x07, 0xC0, 0x01, 0xE0, 0x00, 0x38, 0x00, 0x0C, 0x00, 0x03, 0x00,
  0x01, 0x80, 0x00, 0x60, 0x07, 0x30, 0x03, 0xCC, 0x00, 0xFE, 0x00, 0x1F,
  0x00, 0x00 };

const GFXglyph Literata_Regular16pt8bGlyphs[] PROGMEM = {
  {     0,   1,   1,   6,    0,    0 },   // 0x20 ' '
  {     1,   4,  22,  10,    3,  -21 },   // 0x21 '!'
  {    12,   8,   8,  12,    2,  -24 },   // 0x22 '"'
  {    20,  19,  17,  21,    1,  -16 },   // 0x23 '#'
  {    61,  16,  28,  18,    1,  -24 },   // 0x24 '$'
  {   117,  24,  19,  27,    1,  -18 },   // 0x25 '%'
  {   174,  22,  22,  25,    2,  -21 },   // 0x26 '&'
  {   235,   3,   8,   7,    2,  -24 },   // 0x27 '''
  {   238,   8,  32,  10,    2,  -25 },   // 0x28 '('
  {   270,   7,  32,  10,    1,  -25 },   // 0x29 ')'
  {   298,  12,  12,  14,    1,  -24 },   // 0x2A '*'
  {   316,  14,  13,  18,    2,  -15 },   // 0x2B '+'
  {   339,   5,   9,  10,    3,   -3 },   // 0x2C ','
  {   345,   9,   2,  11,    1,   -9 },   // 0x2D '-'
  {   348,   5,   5,  10,    3,   -3 },   // 0x2E '.'
  {   352,  12,  28,  13,    1,  -24 },   // 0x2F '/'
  {   394,  16,  22,  18,    1,  -21 },   // 0x30 '0'
  {   438,  11,  22,  13,    1,  -21 },   // 0x31 '1'
  {   469,  14,  22,  16,    1,  -21 },   // 0x32 '2'
  {   508,  14,  22,  17,    1,  -21 },   // 0x33 '3'
  {   547,  17,  22,  17,    0,  -21 },   // 0x34 '4'
  {   594,  15,  22,  16,    0,  -21 },   // 0x35 '5'
  {   636,  15,  22,  17,    1,  -21 },   // 0x36 '6'
  {   678,  15,  22,  16,    0,  -21 },   // 0x37 '7'
  {   720,  15,  22,  17,    1,  -21 },   // 0x38 '8'
  {   762,  14,  22,  16,    1,  -21 },   // 0x39 '9'
  {   801,   5,  17,  10,    3,  -15 },   // 0x3A ':'
  {   812,   5,  21,  10,    3,  -15 },   // 0x3B ';'
  {   826,  13,  16,  18,    2,  -16 },   // 0x3C '<'
  {   852,  14,   7,  18,    2,  -12 },   // 0x3D '='
  {   865,  13,  16,  18,    3,  -16 },   // 0x3E '>'
  {   891,  12,  22,  17,    2,  -21 },   // 0x3F '?'
  {   924,  23,  24,  27,    2,  -17 },   // 0x40 '@'
  {   993,  23,  22,  23,    0,  -21 },   // 0x41 'A'
  {  1057,  17,  22,  21,    2,  -21 },   // 0x42 'B'
  {  1104,  18,  22,  22,    2,  -21 },   // 0x43 'C'
  {  1154,  20,  22,  24,    2,  -21 },   // 0x44 'D'
  {  1209,  16,  22,  20,    2,  -21 },   // 0x45 'E'
  {  1253,  16,  22,  19,    2,  -21 },   // 0x46 'F'
  {  1297,  21,  22,  24,    2,  -21 },   // 0x47 'G'
  {  1355,  22,  22,  26,    2,  -21 },   // 0x48 'H'
  {  1416,   9,  22,  13,    2,  -21 },   // 0x49 'I'
  {  1441,  15,  22,  17,    1,  -21 },   // 0x4A 'J'
  {  1483,  21,  22,  24,    2,  -21 },   // 0x4B 'K'
  {  1541,  16,  22,  20,    2,  -21 },   // 0x4C 'L'
  {  1585,  28,  22,  31,    2,  -21 },   // 0x4D 'M'
  {  1662,  22,  22,  26,    2,  -21 },   // 0x4E 'N'
  {  1723,  20,  22,  24,    2,  -21 },   // 0x4F 'O'
  {  1778,  16,  22,  19,    2,  -21 },   // 0x50 'P'
  {  1822,  26,  28,  24,    2,  -21 },   // 0x51 'Q'
  {  1913,  20,  22,  23,    2,  -21 },   // 0x52 'R'
  {  1968,  15,  22,  19,    2,  -21 },   // 0x53 'S'
  {  2010,  21,  22,  23,    1,  -21 },   // 0x54 'T'
  {  2068,  22,  22,  25,    2,  -21 },   // 0x55 'U'
  {  2129,  21,  22,  23,    1,  -21 },   // 0x56 'V'
  {  2187,  33,  22,  34,    1,  -21 },   // 0x57 'W'
  {  2278,  22,  22,  22,    0,  -21 },   // 0x58 'X'
  {  2339,  21,  22,  22,    1,  -21 },   // 0x59 'Y'
  {  2397,  17,  22,  21,    2,  -21 },   // 0x5A 'Z'
  {  2444,   6,  32,  10,    3,  -24 },   // 0x5B '['
  {  2468,  12,  28,  13,    1,  -24 },   // 0x5C '\'
  {  2510,   6,  32,  10,    1,  -24 },   // 0x5D ']'
  {  2534,  16,  11,  18,    1,  -21 },   // 0x5E '^'
  {  2556,  15,   2,  15,    0,    2 },   // 0x5F '_'
  {  2560,   6,   6,  16,    4,  -23 },   // 0x60 '`'
  {  2565,  15,  16,  17,    2,  -15 },   // 0x61 'a'
  {  2595,  17,  24,  19,    1,  -23 },   // 0x62 'b'
  {  2646,  14,  16,  16,    1,  -15 },   // 0x63 'c'
  {  2674,  17,  24,  19,    1,  -23 },   // 0x64 'd'
  {  2725,  14,  16,  16,    1,  -15 },   // 0x65 'e'
  {  2753,  13,  25,  12,    1,  -24 },   // 0x66 'f'
  {  2794,  16,  25,  17,    1,  -17 },   // 0x67 'g'
  {  2844,  19,  24,  21,    1,  -23 },   // 0x68 'h'
  {  2901,   9,  24,  10,    1,  -23 },   // 0x69 'i'
  {  2928,   6,  31,  10,    1,  -23 },   // 0x6A 'j'
  {  2952,  18,  24,  19,    1,  -23 },   // 0x6B 'k'
  {  3006,   9,  24,  11,    1,  -23 },   // 0x6C 'l'
  {  3033,  28,  16,  30,    1,  -15 },   // 0x6D 'm'
  {  3089,  19,  16,  21,    1,  -15 },   // 0x6E 'n'
  {  3127,  16,  16,  18,    1,  -15 },   // 0x6F 'o'
  {  3159,  17,  23,  19,    1,  -15 },   // 0x70 'p'
  {  3208,  17,  23,  19,    1,  -15 },   // 0x71 'q'
  {  3257,  14,  16,  15,    1,  -15 },   // 0x72 'r'
  {  3285,  11,  16,  14,    2,  -15 },   // 0x73 's'
  {  3307,  12,  21,  13,    1,  -20 },   // 0x74 't'
  {  3339,  18,  16,  20,    1,  -15 },   // 0x75 'u'
  {  3375,  18,  16,  19,    0,  -15 },   // 0x76 'v'
  {  3411,  27,  16,  27,    0,  -15 },   // 0x77 'w'
  {  3465,  18,  16,  18,    0,  -15 },   // 0x78 'x'
  {  3501,  18,  23,  18,    0,  -15 },   // 0x79 'y'
  {  3553,  13,  16,  15,    1,  -15 },   // 0x7A 'z'
  {  3579,   9,  33,  12,    2,  -25 },   // 0x7B '{'
  {  3617,   2,  28,  13,    6,  -24 },   // 0x7C '|'
  {  3624,   9,  33,  12,    1,  -25 },   // 0x7D '}'
  {  3662,  14,   4,  18,    2,  -10 },   // 0x7E '~'
  {  3669,  12,  22,  16,    2,  -21 },   // 0x7F
  {  3702,  12,  22,  16,    2,  -21 },   // 0x80
  {  3735,  12,  22,  16,    2,  -21 },   // 0x81
  {  3768,  12,  22,  16,    2,  -21 },   // 0x82
  {  3801,  12,  22,  16,    2,  -21 },   // 0x83
  {  3834,  12,  22,  16,    2,  -21 },   // 0x84
  {  3867,  12,  22,  16,    2,  -21 },   // 0x85
  {  3900,  12,  22,  16,    2,  -21 },   // 0x86
  {  3933,  12,  22,  16,    2,  -21 },   // 0x87
  {  3966,  12,  22,  16,    2,  -21 },   // 0x88
  {  3999,  12,  22,  16,    2,  -21 },   // 0x89
  {  4032,  12,  22,  16,    2,  -21 },   // 0x8A
  {  4065,  12,  22,  16,    2,  -21 },   // 0x8B
  {  4098,  12,  22,  16,    2,  -21 },   // 0x8C
  {  4131,  12,  22,  16,    2,  -21 },   // 0x8D
  {  4164,  12,  22,  16,    2,  -21 },   // 0x8E
  {  4197,  12,  22,  16,    2,  -21 },   // 0x8F
  {  4230,  12,  22,  16,    2,  -21 },   // 0x90
  {  4263,  12,  22,  16,    2,  -21 },   // 0x91
  {  4296,  12,  22,  16,    2,  -21 },   // 0x92
  {  4329,  12,  22,  16,    2,  -21 },   // 0x93
  {  4362,  12,  22,  16,    2,  -21 },   // 0x94
  {  4395,  12,  22,  16,    2,  -21 },   // 0x95
  {  4428,  12,  22,  16,    2,  -21 },   // 0x96
  {  4461,  12,  22,  16,    2,  -21 },   // 0x97
  {  4494,  12,  22,  16,    2,  -21 },   // 0x98
  {  4527,  12,  22,  16,    2,  -21 },   // 0x99
  {  4560,  12,  22,  16,    2,  -21 },   // 0x9A
  {  4593,  12,  22,  16,    2,  -21 },   // 0x9B
  {  4626,  12,  22,  16,    2,  -21 },   // 0x9C
  {  4659,  12,  22,  16,    2,  -21 },   // 0x9D
  {  4692,  12,  22,  16,    2,  -21 },   // 0x9E
  {  4725,  12,  22,  16,    2,  -21 },   // 0x9F
  {  4758,   1,   1,   6,    0,    0 },   // 0xA0
  {  4759,   4,  22,  10,    3,  -15 },   // 0xA1
  {  4770,  14,  21,  15,    1,  -19 },   // 0xA2
  {  4807,  15,  22,  17,    1,  -21 },   // 0xA3
  {  4849,  13,  14,  17,    2,  -16 },   // 0xA4
  {  4872,  21,  22,  22,    1,  -21 },   // 0xA5
  {  4930,   2,  28,  13,    6,  -24 },   // 0xA6
  {  4937,  15,  27,  19,    2,  -21 },   // 0xA7
  {  4988,  10,   4,  16,    3,  -22 },   // 0xA8
  {  4993,  21,  20,  25,    2,  -19 },   // 0xA9
  {  5046,  12,  12,  13,    1,  -22 },   // 0xAA
  {  5064,  13,  13,  16,    2,  -14 },   // 0xAB
  {  5086,  14,   7,  18,    2,  -11 },   // 0xAC
  {  5099,   1,   1,   0,    0,    0 },   // 0xAD
  {  5100,  11,  11,  15,    2,  -23 },   // 0xAE
  {  5116,   9,   2,  16,    3,  -21 },   // 0xAF
  {  5119,   8,   8,  10,    1,  -24 },   // 0xB0
  {  5127,  14,  16,  18,    2,  -15 },   // 0xB1
  {  5155,  10,  14,  12,    1,  -25 },   // 0xB2
  {  5173,  11,  15,  13,    1,  -25 },   // 0xB3
  {  5194,   6,   6,  16,    5,  -23 },   // 0xB4
  {  5199,  17,  23,  19,    2,  -15 },   // 0xB5
  {  5248,  15,  27,  18,    2,  -21 },   // 0xB6
  {  5299,   5,   5,  10,    3,  -11 },   // 0xB7
  {  5303,   7,   7,  16,    4,    1 },   // 0xB8
  {  5310,   8,  14,  10,    1,  -25 },   // 0xB9
  {  5324,  11,  12,  13,    1,  -22 },   // 0xBA
  {  5341,  13,  13,  15,    1,  -14 },   // 0xBB
  {  5363,  27,  22,  29,    1,  -21 },   // 0xBC
  {  5438,  27,  22,  30,    1,  -21 },   // 0xBD
  {  5513,  28,  22,  30,    1,  -21 },   // 0xBE
  {  5590,  12,  22,  17,    3,  -15 },   // 0xBF
  {  5623,  23,  29,  23,    0,  -28 },   // 0xC0
  {  5707,  23,  29,  23,    0,  -28 },   // 0xC1
  {  5791,  23,  29,  23,    0,  -28 },   // 0xC2
  {  5875,  23,  28,  23,    0,  -27 },   // 0xC3
  {  5956,  23,  28,  23,    0,  -27 },   // 0xC4
  {  6037,  23,  30,  23,    0,  -29 },   // 0xC5
  {  6124,  30,  22,  31,    0,  -21 },   // 0xC6
  {  6207,  18,  29,  22,    2,  -21 },   // 0xC7
  {  6273,  16,  29,  20,    2,  -28 },   // 0xC8
  {  6331,  16,  29,  20,    2,  -28 },   // 0xC9
  {  6389,  16,  29,  20,    2,  -28 },   // 0xCA
  {  6447,  16,  28,  20,    2,  -27 },   // 0xCB
  {  6503,   9,  29,  13,    2,  -28 },   // 0xCC
  {  6536,   9,  29,  13,    2,  -28 },   // 0xCD
  {  6569,  10,  29,  13,    2,  -28 },   // 0xCE
  {  6606,  10,  28,  13,    2,  -27 },   // 0xCF
  {  6641,  21,  22,  24,    1,  -21 },   // 0xD0
  {  6699,  22,  28,  26,    2,  -27 },   // 0xD1
  {  6776,  20,  29,  24,    2,  -28 },   // 0xD2
  {  6849,  20,  29,  24,    2,  -28 },   // 0xD3
  {  6922,  20,  29,  24,    2,  -28 },   // 0xD4
  {  6995,  20,  28,  24,    2,  -27 },   // 0xD5
  {  7065,  20,  28,  24,    2,  -27 },   // 0xD6
  {  7135,  12,  11,  18,    3,  -14 },   // 0xD7
  {  7152,  22,  22,  24,    1,  -21 },   // 0xD8
  {  7213,  22,  29,  25,    2,  -28 },   // 0xD9
  {  7293,  22,  29,  25,    2,  -28 },   // 0xDA
  {  7373,  22,  29,  25,    2,  -28 },   // 0xDB
  {  7453,  22,  28,  25,    2,  -27 },   // 0xDC
  {  7530,  21,  29,  22,    1,  -28 },   // 0xDD
  {  7607,  16,  22,  19,    2,  -21 },   // 0xDE
  {  7651,  19,  25,  21,    1,  -24 },   // 0xDF
  {  7711,  15,  24,  17,    2,  -23 },   // 0xE0
  {  7756,  15,  24,  17,    2,  -23 },   // 0xE1
  {  7801,  15,  24,  17,    2,  -23 },   // 0xE2
  {  7846,  15,  23,  17,    2,  -22 },   // 0xE3
  {  7890,  15,  23,  17,    2,  -22 },   // 0xE4
  {  7934,  15,  25,  17,    2,  -24 },   // 0xE5
  {  7981,  22,  16,  25,    2,  -15 },   // 0xE6
  {  8025,  14,  23,  16,    1,  -15 },   // 0xE7
  {  8066,  14,  24,  16,    1,  -23 },   // 0xE8
  {  8108,  14,  24,  16,    1,  -23 },   // 0xE9
  {  8150,  14,  24,  16,    1,  -23 },   // 0xEA
  {  8192,  14,  23,  16,    1,  -22 },   // 0xEB
  {  8233,  10,  24,  10,    0,  -23 },   // 0xEC
  {  8263,   9,  24,  10,    1,  -23 },   // 0xED
  {  8290,  11,  24,  10,   -1,  -23 },   // 0xEE
  {  8323,  10,  23,  10,    0,  -22 },   // 0xEF
  {  8352,  16,  25,  18,    1,  -24 },   // 0xF0
  {  8402,  19,  23,  21,    1,  -22 },   // 0xF1
  {  8457,  16,  24,  18,    1,  -23 },   // 0xF2
  {  8505,  16,  24,  18,    1,  -23 },   // 0xF3
  {  8553,  16,  24,  18,    1,  -23 },   // 0xF4
  {  8601,  16,  23,  18,    1,  -22 },   // 0xF5
  {  8647,  16,  23,  18,    1,  -22 },   // 0xF6
  {  8693,  14,  13,  18,    2,  -15 },   // 0xF7
  {  8716,  18,  16,  18,    0,  -15 },   // 0xF8
  {  8752,  18,  24,  20,    1,  -23 },   // 0xF9
  {  8806,  18,  24,  20,    1,  -23 },   // 0xFA
  {  8860,  18,  24,  20,    1,  -23 },   // 0xFB
  {  8914,  18,  23,  20,    1,  -22 },   // 0xFC
  {  8966,  18,  31,  18,    0,  -23 },   // 0xFD
  {  9036,  17,  31,  19,    0,  -23 },   // 0xFE
  {  9102,  18,  30,  18,    0,  -22 } }; // 0xFF

const GFXfont Literata_Regular16pt8b PROGMEM = {
  (uint8_t  *)Literata_Regular16pt8bBitmaps,
  (GFXglyph *)Literata_Regular16pt8bGlyphs,
  0x20, 0xFF, 47 };

// Approx. 10745 bytes

const uint8_t Literata_Bold9pt8bBitmaps[] PROGMEM = {
  0x00, 0x6F, 0xF6, 0x66, 0x66, 0x60, 0x6F, 0x60, 0xDF, 0x7C, 0x92, 0x48,
  0x0C, 0xC0, 0x8C, 0x7F, 0xF7, 0xFF, 0x19, 0x81, 0x98, 0x7F, 0xEF, 0xFE,
  0x11, 0x03, 0x30, 0x08, 0x0C, 0x9F, 0xDD, 0x6E, 0x9F, 0x43, 0xE0, 0xFE,
  0x3F, 0x87, 0xE2, 0xF9, 0x7F, 0xF5, 0xF0, 0x20, 0x10, 0x00, 0x30, 0x7C,
  0x70, 0x6E, 0x60, 0xE6, 0xE0, 0x6E, 0xC0, 0x7D, 0x80, 0x03, 0xBE, 0x03,
  0x76, 0x07, 0x67, 0x06, 0x76, 0x0C, 0x3E, 0x0C, 0x01, 0xF0, 0x18, 0xC0,
  0xC6, 0x07, 0x23, 0x1E, 0x3C, 0xF3, 0x6F, 0xD0, 0xCF, 0x86, 0x3C, 0x38,
  0xF3, 0xE7, 0xF7, 0xE7, 0x00, 0xFD, 0x40, 0x10, 0xCC, 0xE6, 0x73, 0x9C,
  0xE7, 0x39, 0xCE, 0x71, 0x8E, 0x30, 0xC4, 0x46, 0x18, 0xE3, 0x1C, 0xE7,
  0x39, 0xCE, 0x73, 0x9C, 0xCE, 0x63, 0x30, 0x32, 0xDE, 0xCC, 0xEE, 0xD3,
  0x00, 0x18, 0x18, 0x18, 0xFF, 0xFF, 0x18, 0x18, 0x18, 0x6F, 0xF2, 0x6C,
  0xFF, 0x6F, 0xE0, 0x03, 0x07, 0x06, 0x06, 0x0C, 0x0C, 0x0C, 0x18, 0x18,
  0x18, 0x30, 0x30, 0x70, 0x60, 0x60, 0xC0, 0x08, 0x3F, 0x98, 0xDC, 0x7E,
  0x3F, 0x1F, 0x8F, 0xC7, 0xE3, 0xF1, 0xF8, 0xEE, 0xE3, 0xE0, 0x09, 0xF0,
  0xE1, 0xC3, 0x87, 0x0E, 0x1C, 0x38, 0x70, 0xE1, 0xEF, 0xE0, 0x0C, 0x3F,
  0xB9, 0xFC, 0x74, 0x38, 0x38, 0x1C, 0x1C, 0x1C, 0x1C, 0xDC, 0x7F, 0xF7,
  0xF8, 0x0C, 0x3F, 0x98, 0xEC, 0x72, 0x38, 0x38, 0x70, 0x3E, 0x03, 0x81,
  0xD0, 0xFF, 0xF3, 0xE0, 0x00, 0x81, 0xE0, 0xF8, 0x3E, 0x1B, 0x8C, 0xE2,
  0x39, 0x8E, 0xFF, 0xFF, 0xF0, 0x38, 0x1E, 0x0F, 0xC0, 0x3F, 0xBF, 0x98,
  0x0C, 0x07, 0xE3, 0xF9, 0x0E, 0x07, 0x03, 0xA1, 0xFF, 0xC7, 0xC0, 0x0C,
  0x1F, 0x9C, 0xFC, 0x6E, 0x07, 0xF3, 0xFD, 0xC7, 0xC3, 0xF1, 0xF8, 0xDC,
  0xE7, 0xE0, 0x7F, 0xBF, 0xF0, 0xC0, 0x60, 0x60, 0x70, 0x30, 0x18, 0x1C,
  0x0E, 0x07, 0x03, 0x80, 0x0C, 0x0F, 0xE7, 0x19, 0xC6, 0x71, 0x9F, 0xC1,
  0xF0, 0xDE, 0x63, 0xF8, 0x7E, 0x1D, 0xCE, 0x3F, 0x00, 0x0C, 0x0F, 0xC7,
  0x39, 0x86, 0xE1, 0xB8, 0x77, 0x3D, 0xFF, 0x19, 0x80, 0xE4, 0x39, 0xFC,
  0x3E, 0x00, 0xEF, 0x60, 0x00, 0x6F, 0xE0, 0xEF, 0x60, 0x00, 0x6F, 0xF2,
  0x6C, 0x06, 0x0F, 0x38, 0xF0, 0xF0, 0x38, 0x0F, 0x06, 0xFF, 0xFF, 0x00,
  0xFF, 0xFF, 0xC1, 0xE0, 0xE0, 0x70, 0xE7, 0x3C, 0x60, 0x18, 0x7E, 0xC7,
  0xC7, 0x0F, 0x1E, 0x1C, 0x38, 0x30, 0x00, 0x10, 0x38, 0x38, 0x0F, 0xF0,
  0x70, 0x31, 0x80, 0x33, 0x3F, 0x2C, 0xE6, 0x79, 0x8C, 0xF3, 0x39, 0xEE,
  0x72, 0xCD, 0x6D, 0x9E, 0xF1, 0x80, 0x03, 0x83, 0x03, 0xFC, 0x00, 0xC0,
  0x00, 0x07, 0x00, 0x3C, 0x03, 0xE0, 0x1B, 0x80, 0x9C, 0x0C, 0xE0, 0x63,
  0x87, 0xFC, 0x30, 0xE1, 0x83, 0x9C, 0x1D, 0xF3, 0xF0, 0xFF, 0x8E, 0x79,
  0xC7, 0x38, 0xE7, 0x38, 0xFE, 0x1C, 0xF3, 0x8E, 0x70, 0xEE, 0x39, 0xFF,
  0x7F, 0xC0, 0x06, 0x47, 0xF9, 0xC7, 0x70, 0x6E, 0x07, 0xC0, 0x38, 0x07,
  0x00, 0xE0, 0x1C, 0x01, 0xC1, 0xBF, 0xE1, 0xF8, 0xFF, 0x87, 0x1E, 0x70,
  0xE7, 0x07, 0x70, 0x77, 0x07, 0x70, 0x77, 0x07, 0x70, 0xE7, 0x0E, 0x7F,
  0xCF, 0xF0, 0xFF, 0x9C, 0x77, 0x0D, 0xC0, 0x73, 0x1F, 0xC7, 0xF1, 0xCC,
  0x70, 0xDC, 0x37, 0xFF, 0xFF, 0xFF, 0x9C, 0x67, 0x0D, 0xC0, 0x73, 0x1F,
  0xC7, 0xF1, 0xCC, 0x70, 0x1C, 0x07, 0x03, 0xF0, 0x06, 0x43, 0xFC, 0x78,
  0xC7, 0x06, 0xE0, 0x6E, 0x00, 0xE0, 0x0E, 0x1F, 0xE0, 0xEE, 0x0E, 0x70,
  0xE7, 0xFE, 0x3F, 0x60, 0xF9, 0xFB, 0x83, 0x9C, 0x1C, 0xE0, 0xE7, 0x07,
  0x3F, 0xF9, 0xFF, 0xCE, 0x0E, 0x70, 0x73, 0x83, 0x9C, 0x3D, 0xF3, 0xF0,
  0xFB, 0x9C, 0xE7, 0x39, 0xCE, 0x73, 0x9D, 0xF0, 0x0F, 0xC1, 0xC0, 0x70,
  0x1C, 0x07, 0x01, 0xC0, 0x70, 0x1C, 0x67, 0x39, 0xC6, 0x71, 0xF8, 0xF9,
  0xF3, 0x86, 0x1C, 0x60, 0xE6, 0x07, 0x60, 0x3F, 0x81, 0xFC, 0x0E, 0x70,
  0x73, 0x83, 0x8E, 0x1C, 0x7B, 0xF1, 0xF0, 0xFC, 0x1C, 0x07, 0x01, 0xC0,
  0x70, 0x1C, 0x07, 0x01, 0xC0, 0x70, 0xDC, 0x77, 0xFB, 0xFE, 0xF8, 0x3E,
  0x3C, 0x3C, 0x7C, 0x7C, 0x6C, 0x7C, 0x6E, 0x5C, 0x6E, 0xDC, 0x67, 0x9C,
  0x67, 0x9C, 0x63, 0x9C, 0x63, 0x1C, 0x60, 0x1E, 0xF0, 0x3F, 0xF8, 0xFB,
  0xE1, 0x9F, 0x0C, 0xFC, 0x66, 0xE3, 0x33, 0x99, 0x9C, 0xCC, 0x76, 0x63,
  0xF3, 0x0F, 0x9C, 0x3D, 0xF1, 0xE0, 0x06, 0x03, 0xFC, 0x71, 0xEE, 0x0E,
  0xE0, 0x7E, 0x07, 0xE0, 0x7E, 0x07, 0xE0, 0x7E, 0x0E, 0x70, 0xE7, 0xFC,
  0x1F, 0x80, 0xFF, 0x9C, 0xF7, 0x1D, 0xC7, 0x71, 0xDC, 0xF7, 0xF9, 0xC0,
  0x70, 0x1C, 0x07, 0x03, 0xF0, 0x06, 0x00, 0x7F, 0x81, 0xC7, 0x83, 0x07,
  0x8E, 0x07, 0x1C, 0x0E, 0x38, 0x1C, 0x70, 0x38, 0xFE, 0x71, 0xEE, 0xE1,
  0xCF, 0x83, 0xCE, 0x01, 0xFC, 0x00, 0x1C, 0x00, 0x3F, 0x80, 0x3E, 0xFF,
  0x87, 0x3C, 0x71, 0xC7, 0x1C, 0x71, 0xC7, 0xF0, 0x7F, 0x07, 0x38, 0x73,
  0x87, 0x1C, 0x71, 0xFF, 0xCF, 0x19, 0x3F, 0xB8, 0xFC, 0x3E, 0x07, 0xE1,
  0xFC, 0x7F, 0x07, 0xC1, 0xF0, 0xFE, 0xEB, 0xE0, 0x7F, 0xF3, 0x39, 0x99,
  0xC7, 0x8E, 0x20, 0x70, 0x03, 0x80, 0x1C, 0x00, 0xE0, 0x07, 0x00, 0x38,
  0x01, 0xE0, 0x3F, 0x80, 0xF8, 0xF7, 0x06, 0x70, 0x67, 0x06, 0x70, 0x67,
  0x06, 0x70, 0x67, 0x06, 0x70, 0x67, 0x06, 0x3F, 0xC1, 0xF8, 0xFC, 0x7B,
  0xC1, 0x8E, 0x08, 0x70, 0xC1, 0xC6, 0x0E, 0x20, 0x73, 0x01, 0xD8, 0x0E,
  0x80, 0x7C, 0x01, 0xE0, 0x0E, 0x00, 0xFC, 0x71, 0xE7, 0x1E, 0x18, 0xE3,
  0xC3, 0x1C, 0x7C, 0x43, 0x8B, 0x98, 0x3B, 0x73, 0x07, 0x67, 0x60, 0xEC,
  0xE8, 0x1D, 0x1D, 0x01, 0xE3, 0xE0, 0x3C, 0x3C, 0x07, 0x87, 0x00, 0xFC,
  0xF9, 0xC3, 0x07, 0x30, 0x3D, 0x80, 0xF8, 0x03, 0x80, 0x1E, 0x01, 0xF8,
  0x19, 0xC1, 0xC7, 0x1C, 0x3D, 0xF3, 0xF0, 0xFC, 0xF9, 0xC3, 0x0E, 0x18,
  0x39, 0x81, 0xEC, 0x07, 0xC0, 0x1C, 0x00, 0xE0, 0x07, 0x00, 0x38, 0x01,
  0xC0, 0x1F, 0x80, 0xFF, 0xF8, 0xFC, 0x3B, 0x1C, 0x0F, 0x03, 0x81, 0xC0,
  0xE0, 0x78, 0xDC, 0x3F, 0xFF, 0xFF, 0xFC, 0xCC, 0xCC, 0xCC, 0xCC, 0xCC,
  0xCC, 0xCC, 0xFF, 0xC0, 0x60, 0x60, 0x70, 0x30, 0x30, 0x18, 0x18, 0x18,
  0x0C, 0x0C, 0x0E, 0x06, 0x06, 0x03, 0x03, 0xF9, 0xCE, 0x73, 0x9C, 0xE7,
  0x39, 0xCE, 0x73, 0x9C, 0xE7, 0xFB, 0xC0, 0x18, 0x0E, 0x0F, 0x0F, 0xC6,
  0x76, 0x1B, 0x06, 0xFF, 0xFF, 0xC0, 0xCE, 0x61, 0x7E, 0x63, 0x31, 0xC0,
  0xE7, 0xF7, 0x3B, 0x1D, 0xDF, 0xF7, 0x80, 0x10, 0x1E, 0x01, 0xC0, 0x18,
  0x03, 0x00, 0x6F, 0x0F, 0xF1, 0xC7, 0x30, 0xE6, 0x1C, 0xC3, 0x98, 0xE3,
  0x9C, 0x7F, 0x00, 0x3E, 0x63, 0xE7, 0xE2, 0xE0, 0xE0, 0xE1, 0xFF, 0x7E,
  0x00, 0x81, 0xE0, 0x38, 0x0E, 0x03, 0x9F, 0xEF, 0x7B, 0x8E, 0xE3, 0xB8,
  0xEE, 0x3B, 0x8E, 0xFF, 0x9F, 0xF0, 0x3E, 0x67, 0xE3, 0xFF, 0xFF, 0xE0,
  0xE1, 0xFF, 0x7E, 0x1C, 0x3F, 0x77, 0x72, 0x70, 0xFC, 0xFC, 0x70, 0x70,
  0x70, 0x70, 0x70, 0x70, 0xFC, 0x00, 0xC0, 0x1C, 0xFD, 0x39, 0xC7, 0x38,
  0xE7, 0x1C, 0xE1, 0xF8, 0x60, 0x0F, 0xF0, 0xFF, 0x30, 0xEE, 0x1D, 0xE7,
  0x9F, 0xC0, 0x10, 0x1E, 0x01, 0xC0, 0x38, 0x07, 0x00, 0xFF, 0x1F, 0xE3,
  0x8E, 0x71, 0xCE, 0x39, 0xC7, 0x38, 0xE7, 0x1D, 0xF7, 0xC0, 0x67, 0xBC,
  0x00, 0x7B, 0xCE, 0x73, 0x9C, 0xE7, 0x7C, 0x33, 0xDE, 0x00, 0x3F, 0xE7,
  0x39, 0xCE, 0x73, 0x9C, 0xCE, 0xE2, 0x00, 0x10, 0x1E, 0x01, 0xC0, 0x38,
  0x07, 0x00, 0xE7, 0x9D, 0xE3, 0x98, 0x76, 0x0F, 0xC1, 0xDC, 0x3B, 0xC7,
  0x3F, 0xF3, 0xC0, 0x17, 0x9C, 0xE7, 0x39, 0xCE, 0x73, 0x9C, 0xE7, 0x7C,
  0xEF, 0xBC, 0xEF, 0xFE, 0x73, 0xCE, 0x71, 0x8E, 0x71, 0x8E, 0x71, 0x8E,
  0x71, 0x8E, 0x73, 0x8E, 0xFB, 0xDF, 0xEF, 0x9D, 0xF1, 0xC7, 0x38, 0xE7,
  0x1C, 0xE3, 0x9C, 0x73, 0x8E, 0xFB, 0xE0, 0x3F, 0x3B, 0xF8, 0xFC, 0x7E,
  0x3F, 0x1F, 0x8F, 0xEE, 0x7E, 0x00, 0xF7, 0xCF, 0xF8, 0xE3, 0x9C, 0x73,
  0x8E, 0x71, 0xCE, 0x39, 0xEE, 0x3F, 0x87, 0x00, 0xE0, 0x3E, 0x07, 0xC0,
  0x7F, 0xBD, 0xEE, 0x3B, 0x8E, 0xE3, 0xB8, 0xEE, 0x3B, 0xFE, 0x7F, 0x80,
  0xE0, 0x38, 0x1F, 0x0F, 0xC0, 0xEF, 0xEB, 0x73, 0x70, 0x70, 0x70, 0x70,
  0x70, 0xFC, 0x7F, 0x8F, 0x0F, 0xC7, 0xE3, 0xE1, 0xE3, 0xFC, 0x18, 0x38,
  0x38, 0xFE, 0xFE, 0x38, 0x38, 0x38, 0x38, 0x38, 0x3F, 0x3E, 0xF3, 0xCE,
  0x38, 0xC7, 0x18, 0xE3, 0x1C, 0x63, 0x8E, 0x71, 0xFF, 0x3E, 0xE0, 0xF9,
  0xEE, 0x18, 0xE2, 0x1C, 0xC3, 0x98, 0x3A, 0x07, 0xC0, 0x70, 0x0E, 0x00,
  0xF9, 0xCF, 0x71, 0xC6, 0x31, 0xE4, 0x3B, 0xE4, 0x3B, 0x6C, 0x3A, 0x68,
  0x1E, 0x78, 0x1E, 0x78, 0x1E, 0x30, 0xFB, 0xCF, 0x30, 0xEC, 0x0F, 0x00,
  0xE0, 0x3E, 0x0D, 0xE3, 0x1E, 0xF7, 0xE0, 0xF9, 0xEE, 0x18, 0xE2, 0x1C,
  0xC1, 0x90, 0x3E, 0x07, 0xC0, 0x70, 0x0E, 0x01, 0x83, 0xB0, 0x6C, 0x07,
  0x00, 0xFF, 0xCE, 0x8E, 0x9C, 0x38, 0x71, 0x73, 0xE7, 0xFF, 0x13, 0xD8,
  0xC6, 0x39, 0xCE, 0x66, 0x18, 0xE7, 0x39, 0x8C, 0x63, 0x9E, 0xFF, 0xFF,
  0xFF, 0xFF, 0x21, 0xC3, 0x8E, 0x38, 0xE3, 0x0C, 0x38, 0x73, 0x8C, 0x30,
  0xE3, 0x8E, 0x38, 0xEF, 0x00, 0x61, 0xFF, 0x8E, 0xFF, 0x06, 0x0C, 0x18,
  0x30, 0x60, 0xC1, 0x83, 0x06, 0x0F, 0xF0, 0xFF, 0x06, 0x0C, 0x18, 0x30,
  0x60, 0xC1, 0x83, 0x06, 0x0F, 0xF0, 0xFF, 0x06, 0x0C, 0x18, 0x30, 0x60,
  0xC1, 0x83, 0x06, 0x0F, 0xF0, 0xFF, 0x06, 0x0C, 0x18, 0x30, 0x60, 0xC1,
  0x83, 0x06, 0x0F, 0xF0, 0xFF, 0x06, 0x0C, 0x18, 0x30, 0x60, 0xC1, 0x83,
  0x06, 0x0F, 0xF0, 0xFF, 0x06, 0x0C, 0x18, 0x30, 0x60, 0xC1, 0x83, 0x06,
  0x0F, 0xF0, 0xFF, 0x06, 0x0C, 0x18, 0x30, 0x60, 0xC1, 0x83, 0x06, 0x0F,
  0xF0, 0xFF, 0x06, 0x0C, 0x18, 0x30, 0x60, 0xC1, 0x83, 0x06, 0x0F, 0xF0,
  0xFF, 0x06, 0x0C, 0x18, 0x30, 0x60, 0xC1, 0x83, 0x06, 0x0F, 0xF0, 0xFF,
  0x06, 0x0C, 0x18, 0x30, 0x60, 0xC1, 0x83, 0x06, 0x0F, 0xF0, 0xFF, 0x06,
  0x0C, 0x18, 0x30, 0x60, 0xC1, 0x83, 0x06, 0x0F, 0xF0, 0xFF, 0x06, 0x0C,
  0x18, 0x30, 0x60, 0xC1, 0x83, 0x06, 0x0F, 0xF0, 0xFF, 0x06, 0x0C, 0x18,
  0x30, 0x60, 0xC1, 0x83, 0x06, 0x0F, 0xF0, 0xFF, 0x06, 0x0C, 0x18, 0x30,
  0x60, 0xC1, 0x83, 0x06, 0x0F, 0xF0, 0xFF, 0x06, 0x0C, 0x18, 0x30, 0x60,
  0xC1, 0x83, 0x06, 0x0F, 0xF0, 0xFF, 0x06, 0x0C, 0x18, 0x30, 0x60, 0xC1,
  0x83, 0x06, 0x0F, 0xF0, 0xFF, 0x06, 0x0C, 0x18, 0x30, 0x60, 0xC1, 0x83,
  0x06, 0x0F, 0xF0, 0xFF, 0x06, 0x0C, 0x18, 0x30, 0x60, 0xC1, 0x83, 0x06,
  0x0F, 0xF0, 0xFF, 0x06, 0x0C, 0x18, 0x30, 0x60, 0xC1, 0x83, 0x06, 0x0F,
  0xF0, 0xFF, 0x06, 0x0C, 0x18, 0x30, 0x60, 0xC1, 0x83, 0x06, 0x0F, 0xF0,
  0xFF, 0x06, 0x0C, 0x18, 0x30, 0x60, 0xC1, 0x83, 0x06, 0x0F, 0xF0, 0xFF,
  0x06, 0x0C, 0x18, 0x30, 0x60, 0xC1, 0x83, 0x06, 0x0F, 0xF0, 0xFF, 0x06,
  0x0C, 0x18, 0x30, 0x60, 0xC1, 0x83, 0x06, 0x0F, 0xF0, 0xFF, 0x06, 0x0C,
  0x18, 0x30, 0x60, 0xC1, 0x83, 0x06, 0x0F, 0xF0, 0xFF, 0x06, 0x0C, 0x18,
  0x30, 0x60, 0xC1, 0x83, 0x06, 0x0F, 0xF0, 0xFF, 0x06, 0x0C, 0x18, 0x30,
  0x60, 0xC1, 0x83, 0x06, 0x0F, 0xF0, 0xFF, 0x06, 0x0C, 0x18, 0x30, 0x60,
  0xC1, 0x83, 0x06, 0x0F, 0xF0, 0xFF, 0x06, 0x0C, 0x18, 0x30, 0x60, 0xC1,
  0x83, 0x06, 0x0F, 0xF0, 0xFF, 0x06, 0x0C, 0x18, 0x30, 0x60, 0xC1, 0x83,
  0x06, 0x0F, 0xF0, 0xFF, 0x06, 0x0C, 0x18, 0x30, 0x60, 0xC1, 0x83, 0x06,
  0x0F, 0xF0, 0xFF, 0x06, 0x0C, 0x18, 0x30, 0x60, 0xC1, 0x83, 0x06, 0x0F,
  0xF0, 0xFF, 0x06, 0x0C, 0x18, 0x30, 0x60, 0xC1, 0x83, 0x06, 0x0F, 0xF0,
  0xFF, 0x06, 0x0C, 0x18, 0x30, 0x60, 0xC1, 0x83, 0x06, 0x0F, 0xF0, 0x00,
  0x6F, 0x60, 0x66, 0x66, 0x6E, 0xFF, 0x40, 0x0C, 0x3E, 0x7F, 0xFF, 0xFB,
  0xF8, 0xF8, 0xF0, 0xFF, 0x7E, 0x30, 0x30, 0x06, 0x0F, 0xE3, 0x1D, 0xC7,
  0x70, 0x0E, 0x0F, 0xF3, 0xFC, 0x1C, 0x06, 0x31, 0x8D, 0xFF, 0x7F, 0xC0,
  0x81, 0xFF, 0x7E, 0xE7, 0xE7, 0xE6, 0xFE, 0xDB, 0x81, 0xFC, 0xF9, 0xC1,
  0x8E, 0x18, 0x38, 0x80, 0xEC, 0x3F, 0xF0, 0x1E, 0x0F, 0xFC, 0x07, 0x00,
  0x38, 0x01, 0xC0, 0x1F, 0x80, 0xFF, 0xFC, 0x3F, 0xFF, 0x1E, 0x1B, 0x9D,
  0xCE, 0x47, 0x87, 0xE3, 0x3D, 0x8F, 0xF3, 0xBC, 0xCF, 0x61, 0xE0, 0x73,
  0xB9, 0x98, 0x78, 0x45, 0xDF, 0xB8, 0x0F, 0x81, 0xC7, 0x18, 0x0C, 0x9F,
  0x2D, 0x89, 0xEC, 0x0F, 0x60, 0x7B, 0x03, 0xCC, 0x93, 0x39, 0x8C, 0x18,
  0x3F, 0x80, 0xF9, 0xBA, 0x77, 0xED, 0xDF, 0xD3, 0x00, 0x11, 0x33, 0x66,
  0xEE, 0xCC, 0xEE, 0x77, 0x33, 0xFF, 0xFF, 0x03, 0x03, 0x03, 0x00, 0x38,
  0xFB, 0x5E, 0x7D, 0x72, 0x9E, 0x00, 0xFF, 0xC0, 0x76, 0xE7, 0xE0, 0x18,
  0x18, 0x18, 0xFF, 0x18, 0x18, 0x18, 0x00, 0xFF, 0xFF, 0x39, 0x9B, 0x38,
  0x61, 0x86, 0x19, 0xBF, 0x38, 0x99, 0xB8, 0x63, 0xC1, 0xD3, 0xFE, 0x38,
  0x37, 0xE8, 0xE3, 0xB8, 0xEE, 0x3B, 0x8E, 0xE3, 0xB8, 0xEE, 0x3B, 0xFF,
  0xFD, 0xF8, 0x0E, 0x03, 0x80, 0xE0, 0x00, 0x7B, 0xFE, 0xCF, 0xB3, 0xEC,
  0xFB, 0x3E, 0xC7, 0xB0, 0xEC, 0x03, 0x00, 0xC0, 0x30, 0x0C, 0x03, 0x03,
  0xC0, 0xF0, 0x6F, 0xE0, 0x63, 0x87, 0xE0, 0x33, 0xC3, 0x0C, 0x30, 0xC3,
  0x1F, 0x3C, 0x66, 0x67, 0xE7, 0x66, 0x7E, 0x18, 0x44, 0x77, 0x1D, 0xC7,
  0x73, 0xB9, 0x99, 0x99, 0x98, 0x30, 0x0C, 0x78, 0x0C, 0x0C, 0x0E, 0x06,
  0x06, 0x03, 0x06, 0x11, 0x83, 0x38, 0xC3, 0x1C, 0xF9, 0x96, 0x01, 0x9B,
  0x01, 0xD9, 0x80, 0xCF, 0xE0, 0xC0, 0x60, 0xE0, 0x30, 0x30, 0x0C, 0x3C,
  0x06, 0x03, 0x03, 0x80, 0xC0, 0xC0, 0x30, 0x67, 0x0C, 0x1E, 0x63, 0x0D,
  0x9D, 0xF3, 0x06, 0x01, 0x83, 0x00, 0xE1, 0x80, 0x30, 0xCC, 0x18, 0x3F,
  0x0E, 0x00, 0x00, 0x38, 0x06, 0x13, 0x03, 0x06, 0xE1, 0xC0, 0x30, 0x60,
  0x3C, 0x30, 0x83, 0x8C, 0xE4, 0xE6, 0x3B, 0xF1, 0x96, 0x38, 0xCD, 0x80,
  0x76, 0x60, 0x19, 0xFC, 0x0C, 0x06, 0x07, 0x01, 0x80, 0x1C, 0x1C, 0x08,
  0x00, 0x08, 0x18, 0x38, 0x78, 0xF0, 0xE7, 0xE3, 0x7E, 0x18, 0x08, 0x00,
  0x60, 0x03, 0xC0, 0x02, 0x00, 0x00, 0x03, 0x80, 0x1E, 0x01, 0xF0, 0x0D,
  0xC0, 0x4E, 0x06, 0x70, 0x31, 0xC3, 0xFE, 0x18, 0x70, 0xC1, 0xCE, 0x0E,
  0xF9, 0xF8, 0x01, 0x80, 0x1C, 0x01, 0xC0, 0x08, 0x00, 0x00, 0x03, 0x80,
  0x1E, 0x01, 0xF0, 0x0D, 0xC0, 0x4E, 0x06, 0x70, 0x31, 0xC3, 0xFE, 0x18,
  0x70, 0xC1, 0xCE, 0x0E, 0xF9, 0xF8, 0x02, 0x00, 0x38, 0x03, 0x60, 0x31,
  0x80, 0x00, 0x03, 0x80, 0x1E, 0x01, 0xF0, 0x0D, 0xC0, 0x4E, 0x06, 0x70,
  0x31, 0xC3, 0xFE, 0x18, 0x70, 0xC1, 0xCE, 0x0E, 0xF9, 0xF8, 0x0F, 0xC0,
  0xFC, 0x00, 0x00, 0x00, 0x00, 0x70, 0x03, 0xC0, 0x3E, 0x01, 0xB8, 0x09,
  0xC0, 0xCE, 0x06, 0x38, 0x7F, 0xC3, 0x0E, 0x18, 0x39, 0xC1, 0xDF, 0x3F,
  0x1D, 0xC0, 0xEE, 0x00, 0x00, 0x00, 0x00, 0x70, 0x03, 0xC0, 0x3E, 0x01,
  0xB8, 0x09, 0xC0, 0xCE, 0x06, 0x38, 0x7F, 0xC3, 0x0E, 0x18, 0x39, 0xC1,
  0xDF, 0x3F, 0x07, 0x00, 0x6C, 0x03, 0x60, 0x0E, 0x00, 0x00, 0x03, 0x80,
  0x1E, 0x01, 0xF0, 0x0D, 0xC0, 0x4E, 0x06, 0x70, 0x31, 0xC3, 0xFE, 0x18,
  0x70, 0xC1, 0xCE, 0x0E, 0xF9, 0xF8, 0x07, 0xFF, 0x80, 0x9C, 0x60, 0x67,
  0x18, 0x19, 0xC0, 0x0C, 0x72, 0x03, 0xFF, 0x81, 0xFF, 0xE0, 0x61, 0xC8,
  0x30, 0x70, 0xCC, 0x1C, 0x27, 0x0F, 0xFB, 0xE7, 0xFE, 0x06, 0x47, 0xF9,
  0xC7, 0x70, 0x6E, 0x07, 0xC0, 0x38, 0x07, 0x00, 0xE0, 0x1C, 0x01, 0xC1,
  0xBF, 0xE1, 0xF8, 0x08, 0x03, 0xC0, 0x18, 0x0F, 0x00, 0x10, 0x06, 0x01,
  0xE0, 0x08, 0x00, 0x3F, 0xE7, 0x1D, 0xC3, 0x70, 0x1C, 0xC7, 0xF1, 0xFC,
  0x73, 0x1C, 0x37, 0x0D, 0xFF, 0xFF, 0xC0, 0x03, 0x01, 0xC0, 0xE0, 0x20,
  0x00, 0x3F, 0xE7, 0x1D, 0xC3, 0x70, 0x1C, 0xC7, 0xF1, 0xFC, 0x73, 0x1C,
  0x37, 0x0D, 0xFF, 0xFF, 0xC0, 0x04, 0x03, 0x81, 0xB0, 0xC6, 0x00, 0x3F,
  0xE7, 0x1D, 0xC3, 0x70, 0x1C, 0xC7, 0xF1, 0xFC, 0x73, 0x1C, 0x37, 0x0D,
  0xFF, 0xFF, 0xC0, 0x3B, 0x8E, 0xE0, 0x00, 0x00, 0xFF, 0x9C, 0x77, 0x0D,
  0xC0, 0x73, 0x1F, 0xC7, 0xF1, 0xCC, 0x70, 0xDC, 0x37, 0xFF, 0xFF, 0x86,
  0x3C, 0x20, 0x7D, 0xCE, 0x73, 0x9C, 0xE7, 0x39, 0xCE, 0xF8, 0x19, 0xDC,
  0x80, 0x7D, 0xCE, 0x73, 0x9C, 0xE7, 0x39, 0xCE, 0xF8, 0x10, 0x71, 0xB6,
  0x30, 0x0F, 0x8E, 0x1C, 0x38, 0x70, 0xE1, 0xC3, 0x87, 0x0E, 0x1C, 0x7C,
  0xEF, 0xDC, 0x00, 0x07, 0xC7, 0x0E, 0x1C, 0x38, 0x70, 0xE1, 0xC3, 0x87,
  0x0E, 0x3E, 0x7F, 0xC1, 0xC7, 0x8E, 0x1C, 0x70, 0x73, 0x83, 0xFF, 0x9F,
  0xFC, 0xE7, 0x07, 0x38, 0x71, 0xC3, 0x8F, 0xF8, 0xFF, 0x00, 0x0F, 0xC0,
  0xFC, 0x00, 0x00, 0x00, 0x0F, 0x8F, 0xBE, 0x19, 0xF0, 0xCF, 0xC6, 0x6E,
  0x33, 0x39, 0x99, 0xCC, 0xC7, 0x66, 0x3F, 0x30, 0xF9, 0xC3, 0xDF, 0x1E,
  0x10, 0x01, 0x80, 0x1E, 0x00, 0x20, 0x06, 0x03, 0xFC, 0x71, 0xEE, 0x0E,
  0xE0, 0x7E, 0x07, 0xE0, 0x7E, 0x07, 0xE0, 0x7E, 0x0E, 0x70, 0xE7, 0xFC,
  0x1F, 0x80, 0x03, 0x00, 0x70, 0x0E, 0x00, 0x80, 0x06, 0x03, 0xFC, 0x71,
  0xEE, 0x0E, 0xE0, 0x7E, 0x07, 0xE0, 0x7E, 0x07, 0xE0, 0x7E, 0x0E, 0x70,
  0xE7, 0xFC, 0x1F, 0x80, 0x04, 0x00, 0xE0, 0x1B, 0x03, 0x18, 0x06, 0x03,
  0xFC, 0x71, 0xEE, 0x0E, 0xE0, 0x7E, 0x07, 0xE0, 0x7E, 0x07, 0xE0, 0x7E,
  0x0E, 0x70, 0xE7, 0xFC, 0x1F, 0x80, 0x1F, 0x83, 0xF0, 0x00, 0x00, 0x60,
  0x3F, 0xC7, 0x1E, 0xE0, 0xEE, 0x07, 0xE0, 0x7E, 0x07, 0xE0, 0x7E, 0x07,
  0xE0, 0xE7, 0x0E, 0x7F, 0xC1, 0xF8, 0x3B, 0x83, 0xB8, 0x00, 0x00, 0x60,
  0x3F, 0xC7, 0x1E, 0xE0, 0xEE, 0x07, 0xE0, 0x7E, 0x07, 0xE0, 0x7E, 0x07,
  0xE0, 0xE7, 0x0E, 0x7F, 0xC1, 0xF8, 0x45, 0x9D, 0xF1, 0xC7, 0x9D, 0xF1,
  0x00, 0x03, 0x18, 0xFF, 0x8E, 0x3C, 0xE0, 0xE7, 0x0F, 0xB8, 0xDD, 0xCC,
  0xEE, 0xC7, 0x7C, 0x3B, 0xE3, 0x8E, 0x1C, 0x7F, 0xCE, 0xFC, 0x00, 0x08,
  0x00, 0xC0, 0x0F, 0x00, 0x10, 0x00, 0x0F, 0x8F, 0x70, 0x67, 0x06, 0x70,
  0x67, 0x06, 0x70, 0x67, 0x06, 0x70, 0x67, 0x06, 0x70, 0x63, 0xFC, 0x1F,
  0x80, 0x01, 0x80, 0x38, 0x07, 0x00, 0x40, 0x00, 0x0F, 0x8F, 0x70, 0x67,
  0x06, 0x70, 0x67, 0x06, 0x70, 0x67, 0x06, 0x70, 0x67, 0x06, 0x70, 0x63,
  0xFC, 0x1F, 0x80, 0x02, 0x00, 0x70, 0x0D, 0x81, 0x8C, 0x00, 0x0F, 0x8F,
  0x70, 0x67, 0x06, 0x70, 0x67, 0x06, 0x70, 0x67, 0x06, 0x70, 0x67, 0x06,
  0x70, 0x63, 0xFC, 0x1F, 0x80, 0x1D, 0xC1, 0xDC, 0x00, 0x00, 0x00, 0xF8,
  0xF7, 0x06, 0x70, 0x67, 0x06, 0x70, 0x67, 0x06, 0x70, 0x67, 0x06, 0x70,
  0x67, 0x06, 0x3F, 0xC1, 0xF8, 0x00, 0xC0, 0x0E, 0x00, 0xE0, 0x04, 0x00,
  0x00, 0x7E, 0x7C, 0xE1, 0x87, 0x0C, 0x1C, 0xC0, 0xF6, 0x03, 0xE0, 0x0E,
  0x00, 0x70, 0x03, 0x80, 0x1C, 0x00, 0xE0, 0x0F, 0xC0, 0xFC, 0x1C, 0x07,
  0xE1, 0xFE, 0x71, 0xDC, 0x77, 0x1D, 0xCF, 0x7F, 0x9C, 0x07, 0x03, 0xF0,
  0x0F, 0x03, 0xFC, 0x71, 0xC7, 0x0C, 0x71, 0x8F, 0x10, 0xF3, 0x07, 0x30,
  0x73, 0xE7, 0x3F, 0x70, 0x77, 0x43, 0x76, 0x7F, 0x7E, 0x60, 0x38, 0x0C,
  0x01, 0x00, 0x03, 0xF3, 0x19, 0x8E, 0x07, 0x3F, 0xB9, 0xD8, 0xEE, 0xFF,
  0xBC, 0x0C, 0x0E, 0x0E, 0x04, 0x00, 0x03, 0xF3, 0x19, 0x8E, 0x07, 0x3F,
  0xB9, 0xD8, 0xEE, 0xFF, 0xBC, 0x38, 0x3C, 0x1B, 0x10, 0xC0, 0x03, 0xF3,
  0x19, 0x8E, 0x07, 0x3F, 0xB9, 0xD8, 0xEE, 0xFF, 0xBC, 0x7E, 0x7E, 0x00,
  0x00, 0x07, 0xE6, 0x33, 0x1C, 0x0E, 0x7F, 0x73, 0xB1, 0xDD, 0xFF, 0x78,
  0x22, 0x3B, 0x9D, 0xC0, 0x00, 0x03, 0xF3, 0x19, 0x8E, 0x07, 0x3F, 0xB9,
  0xD8, 0xEE, 0xFF, 0xBC, 0x78, 0x36, 0x1B, 0x07, 0x00, 0x03, 0xF3, 0x19,
  0x8E, 0x07, 0x3F, 0xB9, 0xD8, 0xEE, 0xFF, 0xBC, 0x7D, 0xF6, 0x39, 0xF1,
  0xC6, 0x0F, 0xF7, 0xFF, 0xF3, 0x83, 0x1C, 0x3D, 0xFF, 0xF9, 0xF0, 0x3E,
  0x63, 0xE7, 0xE2, 0xE0, 0xE0, 0xE1, 0xFF, 0x7E, 0x18, 0x1C, 0x06, 0x3C,
  0x30, 0x38, 0x18, 0x04, 0x00, 0x3E, 0x67, 0xE3, 0xFF, 0xFF, 0xE0, 0xE1,
  0xFF, 0x7E, 0x06, 0x0E, 0x1C, 0x10, 0x00, 0x3E, 0x67, 0xE3, 0xFF, 0xFF,
  0xE0, 0xE1, 0xFF, 0x7E, 0x1C, 0x3C, 0x36, 0x43, 0x00, 0x3E, 0x67, 0xE3,
  0xFF, 0xFF, 0xE0, 0xE1, 0xFF, 0x7E, 0x22, 0x77, 0x77, 0x00, 0x00, 0x3E,
  0x67, 0xE3, 0xFF, 0xFF, 0xE0, 0xE1, 0xFF, 0x7E, 0xC3, 0x86, 0x04, 0x01,
  0xE7, 0x8E, 0x38, 0xE3, 0x8E, 0x39, 0xF0, 0x33, 0xB9, 0x00, 0x7B, 0xCE,
  0x73, 0x9C, 0xE7, 0x7C, 0x38, 0xF1, 0xB4, 0x30, 0x07, 0x8F, 0x0E, 0x1C,
  0x38, 0x70, 0xE1, 0xC7, 0xC0, 0x45, 0xDF, 0xB8, 0x00, 0x07, 0x8F, 0x0E,
  0x1C, 0x38, 0x70, 0xE1, 0xC7, 0xC0, 0x01, 0x39, 0x9F, 0x83, 0xC3, 0x70,
  0x18, 0xEE, 0xFF, 0xE3, 0xF1, 0xF8, 0xFC, 0x7E, 0x37, 0x39, 0xF8, 0x1F,
  0x87, 0xE0, 0x00, 0x00, 0x0E, 0xF9, 0xDF, 0x1C, 0x73, 0x8E, 0x71, 0xCE,
  0x39, 0xC7, 0x38, 0xEF, 0xBE, 0x30, 0x1C, 0x06, 0x00, 0x80, 0x01, 0xF9,
  0xDF, 0xC7, 0xE3, 0xF1, 0xF8, 0xFC, 0x7F, 0x73, 0xF0, 0x06, 0x07, 0x07,
  0x02, 0x00, 0x01, 0xF9, 0xDF, 0xC7, 0xE3, 0xF1, 0xF8, 0xFC, 0x7F, 0x73,
  0xF0, 0x1C, 0x1E, 0x0D, 0x88, 0x60, 0x01, 0xF9, 0xDF, 0xC7, 0xE3, 0xF1,
  0xF8, 0xFC, 0x7F, 0x73, 0xF0, 0x3F, 0x3F, 0x00, 0x00, 0x03, 0xF3, 0xBF,
  0x8F, 0xC7, 0xE3, 0xF1, 0xF8, 0xFE, 0xE7, 0xE0, 0x22, 0x3B, 0x9D, 0xC0,
  0x00, 0x01, 0xF9, 0xDF, 0xC7, 0xE3, 0xF1, 0xF8, 0xFC, 0x7F, 0x73, 0xF0,
  0x18, 0x1C, 0x18, 0x00, 0xFF, 0xFF, 0x08, 0x1C, 0x18, 0x1F, 0xCE, 0xF7,
  0x3D, 0xDF, 0x7D, 0xDE, 0x77, 0x9D, 0xEE, 0xFF, 0x00, 0x18, 0x03, 0x80,
  0x30, 0x01, 0x00, 0x01, 0xE7, 0x9C, 0x71, 0x8E, 0x31, 0xC6, 0x38, 0xC7,
  0x1C, 0xE3, 0xFE, 0x7D, 0xC0, 0x03, 0x00, 0xE0, 0x38, 0x04, 0x00, 0x01,
  0xE7, 0x9C, 0x71, 0x8E, 0x31, 0xC6, 0x38, 0xC7, 0x1C, 0xE3, 0xFE, 0x7D,
  0xC0, 0x0E, 0x03, 0xC0, 0x6C, 0x10, 0xC0, 0x01, 0xE7, 0x9C, 0x71, 0x8E,
  0x31, 0xC6, 0x38, 0xC7, 0x1C, 0xE3, 0xFE, 0x7D, 0xC0, 0x11, 0x07, 0x70,
  0xEE, 0x00, 0x00, 0x01, 0xE7, 0x9C, 0x71, 0x8E, 0x31, 0xC6, 0x38, 0xC7,
  0x1C, 0xE3, 0xFE, 0x7D, 0xC0, 0x03, 0x00, 0xE0, 0x38, 0x04, 0x00, 0x01,
  0xF3, 0xDC, 0x31, 0xC4, 0x39, 0x83, 0x20, 0x7C, 0x0F, 0x80, 0xE0, 0x1C,
  0x03, 0x07, 0x60, 0xD8, 0x0E, 0x00, 0x10, 0x1E, 0x01, 0xC0, 0x38, 0x07,
  0x00, 0xEF, 0x1F, 0xF3, 0xC7, 0x70, 0xEE, 0x1D, 0xC3, 0xB8, 0xE7, 0xFC,
  0xFF, 0x1C, 0x03, 0x80, 0x78, 0x1F, 0x80, 0x11, 0x07, 0x70, 0xEE, 0x00,
  0x00, 0x01, 0xF3, 0xDC, 0x31, 0xC4, 0x39, 0x83, 0x20, 0x7C, 0x0F, 0x80,
  0xE0, 0x1C, 0x03, 0x07, 0x60, 0xD8, 0x0E, 0x00 };

const GFXglyph Literata_Bold9pt8bGlyphs[] PROGMEM = {
  {     0,   1,   1,   4,    0,    0 },   // 0x20 ' '
  {     1,   4,  13,   6,    1,  -12 },   // 0x21 '!'
  {     8,   6,   5,   8,    1,  -13 },   // 0x22 '"'
  {    12,  12,  10,  12,    0,   -9 },   // 0x23 '#'
  {    27,   9,  16,  10,    1,  -13 },   // 0x24 '$'
  {    45,  16,  11,  16,    0,  -10 },   // 0x25 '%'
  {    67,  13,  13,  15,    1,  -12 },   // 0x26 '&'
  {    89,   2,   5,   5,    1,  -13 },   // 0x27 '''
  {    91,   5,  19,   6,    1,  -14 },   // 0x28 '('
  {   103,   5,  19,   6,    0,  -14 },   // 0x29 ')'
  {   115,   6,   7,   8,    1,  -13 },   // 0x2A '*'
  {   121,   8,   8,  10,    1,   -8 },   // 0x2B '+'
  {   129,   4,   6,   6,    1,   -2 },   // 0x2C ','
  {   132,   4,   2,   6,    1,   -5 },   // 0x2D '-'
  {   133,   4,   3,   6,    1,   -2 },   // 0x2E '.'
  {   135,   8,  16,   9,    0,  -13 },   // 0x2F '/'
  {   151,   9,  13,  11,    1,  -12 },   // 0x30 '0'
  {   166,   7,  13,   7,    0,  -12 },   // 0x31 '1'
  {   178,   9,  13,   9,    0,  -12 },   // 0x32 '2'
  {   193,   9,  13,  10,    0,  -12 },   // 0x33 '3'
  {   208,  10,  13,  11,    0,  -12 },   // 0x34 '4'
  {   225,   9,  12,  10,    0,  -11 },   // 0x35 '5'
  {   239,   9,  13,  10,    1,  -12 },   // 0x36 '6'
  {   254,   9,  12,  10,    0,  -11 },   // 0x37 '7'
  {   268,  10,  13,  10,    0,  -12 },   // 0x38 '8'
  {   285,  10,  13,  10,    0,  -12 },   // 0x39 '9'
  {   302,   4,   9,   6,    1,   -8 },   // 0x3A ':'
  {   307,   4,  12,   6,    1,   -8 },   // 0x3B ';'
  {   313,   8,   8,  10,    1,   -8 },   // 0x3C '<'
  {   321,   8,   5,  10,    1,   -7 },   // 0x3D '='
  {   326,   7,   8,  10,    2,   -8 },   // 0x3E '>'
  {   333,   8,  13,  10,    1,  -12 },   // 0x3F '?'
  {   346,  15,  14,  17,    1,   -9 },   // 0x40 '@'
  {   373,  13,  12,  13,    0,  -11 },   // 0x41 'A'
  {   393,  11,  12,  12,    1,  -11 },   // 0x42 'B'
  {   410,  11,  13,  13,    1,  -12 },   // 0x43 'C'
  {   428,  12,  12,  14,    1,  -11 },   // 0x44 'D'
  {   446,  10,  12,  12,    1,  -11 },   // 0x45 'E'
  {   461,  10,  12,  11,    1,  -11 },   // 0x46 'F'
  {   476,  12,  13,  14,    1,  -12 },   // 0x47 'G'
  {   496,  13,  12,  15,    1,  -11 },   // 0x48 'H'
  {   516,   5,  12,   7,    1,  -11 },   // 0x49 'I'
  {   524,  10,  12,  10,    0,  -11 },   // 0x4A 'J'
  {   539,  13,  12,  14,    1,  -11 },   // 0x4B 'K'
  {   559,  10,  12,  11,    1,  -11 },   // 0x4C 'L'
  {   574,  16,  12,  17,    1,  -11 },   // 0x4D 'M'
  {   598,  13,  12,  15,    1,  -11 },   // 0x4E 'N'
  {   618,  12,  13,  14,    1,  -12 },   // 0x4F 'O'
  {   638,  10,  12,  12,    1,  -11 },   // 0x50 'P'
  {   653,  15,  16,  14,    1,  -12 },   // 0x51 'Q'
  {   683,  12,  12,  13,    1,  -11 },   // 0x52 'R'
  {   701,   9,  13,  11,    1,  -12 },   // 0x53 'S'
  {   716,  13,  12,  13,    0,  -11 },   // 0x54 'T'
  {   736,  12,  12,  14,    1,  -11 },   // 0x55 'U'
  {   754,  13,  12,  13,    0,  -11 },   // 0x56 'V'
  {   774,  19,  12,  20,    0,  -11 },   // 0x57 'W'
  {   803,  13,  12,  13,    0,  -11 },   // 0x58 'X'
  {   823,  13,  12,  13,    0,  -11 },   // 0x59 'Y'
  {   843,  10,  12,  12,    1,  -11 },   // 0x5A 'Z'
  {   858,   4,  18,   6,    2,  -13 },   // 0x5B '['
  {   867,   8,  16,   9,    0,  -13 },   // 0x5C '\'
  {   883,   5,  18,   6,    0,  -13 },   // 0x5D ']'
  {   895,   9,   7,  10,    1,  -12 },   // 0x5E '^'
  {   903,   9,   2,   8,    0,    1 },   // 0x5F '_'
  {   906,   4,   4,   9,    2,  -13 },   // 0x60 '`'
  {   908,   9,   9,  10,    1,   -8 },   // 0x61 'a'
  {   919,  11,  14,  11,    0,  -13 },   // 0x62 'b'
  {   939,   8,   9,  10,    1,   -8 },   // 0x63 'c'
  {   948,  10,  14,  12,    1,  -13 },   // 0x64 'd'
  {   966,   8,   9,  10,    1,   -8 },   // 0x65 'e'
  {   975,   8,  14,   8,    1,  -13 },   // 0x66 'f'
  {   989,  11,  15,  11,    0,  -10 },   // 0x67 'g'
  {  1010,  11,  14,  12,    1,  -13 },   // 0x68 'h'
  {  1030,   5,  14,   6,    1,  -13 },   // 0x69 'i'
  {  1039,   5,  18,   6,    0,  -13 },   // 0x6A 'j'
  {  1051,  11,  14,  12,    1,  -13 },   // 0x6B 'k'
  {  1071,   5,  14,   6,    1,  -13 },   // 0x6C 'l'
  {  1080,  16,   9,  18,    1,   -8 },   // 0x6D 'm'
  {  1098,  11,   9,  12,    1,   -8 },   // 0x6E 'n'
  {  1111,   9,   9,  11,    1,   -8 },   // 0x6F 'o'
  {  1122,  11,  13,  12,    0,   -8 },   // 0x70 'p'
  {  1140,  10,  13,  11,    1,   -8 },   // 0x71 'q'
  {  1157,   8,   9,  10,    1,   -8 },   // 0x72 'r'
  {  1166,   7,   9,   9,    1,   -8 },   // 0x73 's'
  {  1174,   8,  12,   8,    0,  -11 },   // 0x74 't'
  {  1186,  11,   9,  12,    0,   -8 },   // 0x75 'u'
  {  1199,  11,   9,  11,    0,   -8 },   // 0x76 'v'
  {  1212,  16,   9,  16,    0,   -8 },   // 0x77 'w'
  {  1230,  11,   9,  11,    0,   -8 },   // 0x78 'x'
  {  1243,  11,  13,  11,    0,   -8 },   // 0x79 'y'
  {  1261,   8,   9,   9,    1,   -8 },   // 0x7A 'z'
  {  1270,   5,  19,   6,    1,  -14 },   // 0x7B '{'
  {  1282,   2,  16,   8,    3,  -13 },   // 0x7C '|'
  {  1286,   6,  19,   6,    0,  -14 },   // 0x7D '}'
  {  1301,   8,   3,  10,    1,   -6 },   // 0x7E '~'
  {  1304,   7,  12,   9,    1,  -11 },   // 0x7F
  {  1315,   7,  12,   9,    1,  -11 },   // 0x80
  {  1326,   7,  12,   9,    1,  -11 },   // 0x81
  {  1337,   7,  12,   9,    1,  -11 },   // 0x82
  {  1348,   7,  12,   9,    1,  -11 },   // 0x83
  {  1359,   7,  12,   9,    1,  -11 },   // 0x84
  {  1370,   7,  12,   9,    1,  -11 },   // 0x85
  {  1381,   7,  12,   9,    1,  -11 },   // 0x86
  {  1392,   7,  12,   9,    1,  -11 },   // 0x87
  {  1403,   7,  12,   9,    1,  -11 },   // 0x88
  {  1414,   7,  12,   9,    1,  -11 },   // 0x89
  {  1425,   7,  12,   9,    1,  -11 },   // 0x8A
  {  1436,   7,  12,   9,    1,  -11 },   // 0x8B
  {  1447,   7,  12,   9,    1,  -11 },   // 0x8C
  {  1458,   7,  12,   9,    1,  -11 },   // 0x8D
  {  1469,   7,  12,   9,    1,  -11 },   // 0x8E
  {  1480,   7,  12,   9,    1,  -11 },   // 0x8F
  {  1491,   7,  12,   9,    1,  -11 },   // 0x90
  {  1502,   7,  12,   9,    1,  -11 },   // 0x91
  {  1513,   7,  12,   9,    1,  -11 },   // 0x92
  {  1524,   7,  12,   9,    1,  -11 },   // 0x93
  {  1535,   7,  12,   9,    1,  -11 },   // 0x94
  {  1546,   7,  12,   9,    1,  -11 },   // 0x95
  {  1557,   7,  12,   9,    1,  -11 },   // 0x96
  {  1568,   7,  12,   9,    1,  -11 },   // 0x97
  {  1579,   7,  12,   9,    1,  -11 },   // 0x98
  {  1590,   7,  12,   9,    1,  -11 },   // 0x99
  {  1601,   7,  12,   9,    1,  -11 },   // 0x9A
  {  1612,   7,  12,   9,    1,  -11 },   // 0x9B
  {  1623,   7,  12,   9,    1,  -11 },   // 0x9C
  {  1634,   7,  12,   9,    1,  -11 },   // 0x9D
  {  1645,   7,  12,   9,    1,  -11 },   // 0x9E
  {  1656,   7,  12,   9,    1,  -11 },   // 0x9F
  {  1667,   1,   1,   4,    0,    0 },   // 0xA0
  {  1668,   4,  13,   6,    1,   -8 },   // 0xA1
  {  1675,   8,  12,  10,    1,  -10 },   // 0xA2
  {  1687,  10,  13,  11,    0,  -12 },   // 0xA3
  {  1704,   8,   9,  10,    1,   -9 },   // 0xA4
  {  1713,  13,  12,  13,    0,  -11 },   // 0xA5
  {  1733,   2,  16,   8,    3,  -13 },   // 0xA6
  {  1737,   9,  16,  11,    1,  -12 },   // 0xA7
  {  1755,   7,   3,   9,    1,  -13 },   // 0xA8
  {  1758,  13,  12,  15,    1,  -11 },   // 0xA9
  {  1778,   7,   7,   8,    1,  -12 },   // 0xAA
  {  1785,   8,   8,  10,    1,   -8 },   // 0xAB
  {  1793,   8,   5,  10,    1,   -6 },   // 0xAC
  {  1798,   1,   1,   0,    0,    0 },   // 0xAD
  {  1799,   7,   7,   9,    1,  -13 },   // 0xAE
  {  1806,   5,   2,   9,    2,  -12 },   // 0xAF
  {  1808,   5,   4,   7,    1,  -13 },   // 0xB0
  {  1811,   8,  10,  10,    1,   -9 },   // 0xB1
  {  1821,   7,   8,   7,    0,  -14 },   // 0xB2
  {  1828,   7,   9,   7,    0,  -14 },   // 0xB3
  {  1836,   4,   4,   9,    3,  -13 },   // 0xB4
  {  1838,  10,  13,  12,    1,   -8 },   // 0xB5
  {  1855,  10,  15,  11,    1,  -11 },   // 0xB6
  {  1874,   4,   3,   6,    1,   -6 },   // 0xB7
  {  1876,   5,   4,   9,    2,    1 },   // 0xB8
  {  1879,   6,   8,   6,    0,  -14 },   // 0xB9
  {  1885,   8,   7,   8,    0,  -12 },   // 0xBA
  {  1892,   9,   8,  10,    0,   -8 },   // 0xBB
  {  1901,  17,  13,  18,    0,  -12 },   // 0xBC
  {  1929,  18,  13,  19,    0,  -12 },   // 0xBD
  {  1959,  18,  13,  18,    0,  -12 },   // 0xBE
  {  1989,   8,  13,  10,    1,   -8 },   // 0xBF
  {  2002,  13,  17,  13,    0,  -16 },   // 0xC0
  {  2030,  13,  17,  13,    0,  -16 },   // 0xC1
  {  2058,  13,  17,  13,    0,  -16 },   // 0xC2
  {  2086,  13,  16,  13,    0,  -15 },   // 0xC3
  {  2112,  13,  16,  13,    0,  -15 },   // 0xC4
  {  2138,  13,  17,  13,    0,  -16 },   // 0xC5
  {  2166,  18,  12,  18,    0,  -11 },   // 0xC6
  {  2193,  11,  17,  13,    1,  -12 },   // 0xC7
  {  2217,  10,  17,  12,    1,  -16 },   // 0xC8
  {  2239,  10,  17,  12,    1,  -16 },   // 0xC9
  {  2261,  10,  17,  12,    1,  -16 },   // 0xCA
  {  2283,  10,  16,  12,    1,  -15 },   // 0xCB
  {  2303,   5,  17,   7,    1,  -16 },   // 0xCC
  {  2314,   5,  17,   7,    1,  -16 },   // 0xCD
  {  2325,   7,  17,   7,    0,  -16 },   // 0xCE
  {  2340,   7,  16,   7,    0,  -15 },   // 0xCF
  {  2354,  13,  12,  14,    0,  -11 },   // 0xD0
  {  2374,  13,  16,  15,    1,  -15 },   // 0xD1
  {  2400,  12,  17,  14,    1,  -16 },   // 0xD2
  {  2426,  12,  17,  14,    1,  -16 },   // 0xD3
  {  2452,  12,  17,  14,    1,  -16 },   // 0xD4
  {  2478,  12,  16,  14,    1,  -15 },   // 0xD5
  {  2502,  12,  16,  14,    1,  -15 },   // 0xD6
  {  2526,   7,   7,  10,    2,   -8 },   // 0xD7
  {  2533,  13,  13,  14,    0,  -12 },   // 0xD8
  {  2555,  12,  17,  14,    1,  -16 },   // 0xD9
  {  2581,  12,  17,  14,    1,  -16 },   // 0xDA
  {  2607,  12,  17,  14,    1,  -16 },   // 0xDB
  {  2633,  12,  16,  14,    1,  -15 },   // 0xDC
  {  2657,  13,  17,  13,    0,  -16 },   // 0xDD
  {  2685,  10,  12,  12,    1,  -11 },   // 0xDE
  {  2700,  12,  14,  13,    1,  -13 },   // 0xDF
  {  2721,   9,  14,  10,    1,  -13 },   // 0xE0
  {  2737,   9,  14,  10,    1,  -13 },   // 0xE1
  {  2753,   9,  14,  10,    1,  -13 },   // 0xE2
  {  2769,   9,  13,  10,    1,  -12 },   // 0xE3
  {  2784,   9,  14,  10,    1,  -13 },   // 0xE4
  {  2800,   9,  14,  10,    1,  -13 },   // 0xE5
  {  2816,  13,   9,  15,    1,   -8 },   // 0xE6
  {  2831,   8,  13,  10,    1,   -8 },   // 0xE7
  {  2844,   8,  14,  10,    1,  -13 },   // 0xE8
  {  2858,   8,  14,  10,    1,  -13 },   // 0xE9
  {  2872,   8,  14,  10,    1,  -13 },   // 0xEA
  {  2886,   8,  14,  10,    1,  -13 },   // 0xEB
  {  2900,   6,  14,   6,    0,  -13 },   // 0xEC
  {  2911,   5,  14,   6,    1,  -13 },   // 0xED
  {  2920,   7,  14,   6,   -1,  -13 },   // 0xEE
  {  2933,   7,  14,   6,   -1,  -13 },   // 0xEF
  {  2946,   9,  15,  11,    1,  -14 },   // 0xF0
  {  2963,  11,  13,  12,    1,  -12 },   // 0xF1
  {  2981,   9,  14,  11,    1,  -13 },   // 0xF2
  {  2997,   9,  14,  11,    1,  -13 },   // 0xF3
  {  3013,   9,  14,  11,    1,  -13 },   // 0xF4
  {  3029,   9,  13,  11,    1,  -12 },   // 0xF5
  {  3044,   9,  14,  11,    1,  -13 },   // 0xF6
  {  3060,   8,   9,  10,    1,   -9 },   // 0xF7
  {  3069,  10,   9,  11,    0,   -8 },   // 0xF8
  {  3081,  11,  14,  12,    0,  -13 },   // 0xF9
  {  3101,  11,  14,  12,    0,  -13 },   // 0xFA
  {  3121,  11,  14,  12,    0,  -13 },   // 0xFB
  {  3141,  11,  14,  12,    0,  -13 },   // 0xFC
  {  3161,  11,  18,  11,    0,  -13 },   // 0xFD
  {  3186,  11,  18,  11,    0,  -13 },   // 0xFE
  {  3211,  11,  18,  11,    0,  -13 } }; // 0xFF

const GFXfont Literata_Bold9pt8b PROGMEM = {
  (uint8_t  *)Literata_Bold9pt8bBitmaps,
  (GFXglyph *)Literata_Bold9pt8bGlyphs,
  0x20, 0xFF, 26 };

// Approx. 4811 bytes

const uint8_t Literata_Bold10pt8bBitmaps[] PROGMEM = {
  0x00, 0x7F, 0x77, 0x76, 0x66, 0x66, 0x07, 0x77, 0x47, 0xBE, 0xD3, 0x4D,
  0x30, 0x18, 0xC1, 0x8C, 0x18, 0x8F, 0xFF, 0x19, 0x81, 0x18, 0x31, 0x8F,
  0xFE, 0xFF, 0xE3, 0x30, 0x33, 0x00, 0x0C, 0x03, 0x03, 0xE9, 0xFE, 0xED,
  0xFB, 0x3E, 0xCB, 0xF0, 0x7F, 0x0F, 0xE0, 0xFC, 0x3F, 0xCD, 0xFB, 0x7F,
  0xFB, 0xFC, 0x0C, 0x03, 0x00, 0x30, 0x38, 0xFC, 0x70, 0xCE, 0x60, 0xCE,
  0xE0, 0xCC, 0xC0, 0xFD, 0xC0, 0x33, 0x9E, 0x03, 0x37, 0x07, 0x73, 0x06,
  0x73, 0x0E, 0x77, 0x1C, 0x3E, 0x1F, 0x00, 0x77, 0x01, 0xC6, 0x03, 0x8C,
  0x07, 0xB0, 0xC7, 0xE7, 0xC7, 0x8B, 0xBF, 0xB2, 0xE7, 0x41, 0xC7, 0x83,
  0x8F, 0x07, 0x0F, 0x9F, 0xBF, 0xEF, 0xC7, 0x80, 0x5F, 0xA4, 0x80, 0x08,
  0xCC, 0xE7, 0x3B, 0x9C, 0xE7, 0x39, 0xCE, 0x71, 0xCE, 0x31, 0xC6, 0x10,
  0xC1, 0x87, 0x0C, 0x38, 0xE3, 0xC7, 0x1C, 0x71, 0xC7, 0x1C, 0xE3, 0x8E,
  0x31, 0xC6, 0x30, 0x10, 0x63, 0x5F, 0xF3, 0x9F, 0xF5, 0x98, 0x18, 0x18,
  0x18, 0xFF, 0xFF, 0x18, 0x18, 0x18, 0x7F, 0x73, 0x6C, 0xFF, 0xC0, 0x7F,
  0x70, 0x01, 0x81, 0xC0, 0xC0, 0x60, 0x70, 0x30, 0x38, 0x18, 0x0C, 0x0E,
  0x06, 0x03, 0x03, 0x81, 0x81, 0xC0, 0xC0, 0x60, 0x70, 0x00, 0x1E, 0x1F,
  0xE7, 0x3F, 0x87, 0xE1, 0xF8, 0x7E, 0x1F, 0x87, 0xE1, 0xF8, 0x7E, 0x1F,
  0xC7, 0x7F, 0x8F, 0xC0, 0x3C, 0xFC, 0x3C, 0x1C, 0x1C, 0x1C, 0x1C, 0x1C,
  0x1C, 0x1C, 0x1C, 0x1C, 0x7E, 0x7F, 0x3F, 0x1F, 0xEE, 0x3F, 0xCF, 0x63,
  0xC0, 0xE0, 0x78, 0x1C, 0x0E, 0x07, 0x03, 0x8D, 0xC7, 0xFF, 0xDF, 0xF0,
  0x1F, 0x1F, 0xE6, 0x3D, 0xC7, 0x21, 0xC0, 0xE0, 0xE0, 0x7E, 0x03, 0xC0,
  0x70, 0x1D, 0x8F, 0xFF, 0x8F, 0xC0, 0x03, 0xC0, 0x78, 0x1F, 0x07, 0xE0,
  0xBC, 0x37, 0x8C, 0xF3, 0x1E, 0x63, 0xDF, 0xFF, 0xFF, 0x81, 0xE0, 0x7C,
  0x1F, 0xC0, 0x3F, 0xCF, 0xE3, 0xF9, 0x80, 0x60, 0x1B, 0xC7, 0xF8, 0x8F,
  0x01, 0xC0, 0x70, 0x1D, 0x8F, 0xFF, 0x8F, 0xC0, 0x1F, 0x0F, 0xF7, 0x1D,
  0x86, 0xE0, 0x3B, 0xCF, 0xFB, 0x8F, 0xE1, 0xF8, 0x7E, 0x1F, 0x8E, 0x77,
  0x8F, 0xC0, 0x7F, 0xCF, 0xFD, 0xFF, 0x60, 0xCC, 0x38, 0x06, 0x01, 0xC0,
  0x70, 0x0E, 0x01, 0xC0, 0x38, 0x0F, 0x01, 0xC0, 0x3C, 0x00, 0x1F, 0x87,
  0xF9, 0xC7, 0x38, 0x67, 0x9C, 0xFB, 0x07, 0xE1, 0xFE, 0x73, 0xEC, 0x1F,
  0x83, 0xF8, 0x77, 0xFC, 0x7F, 0x00, 0x1F, 0x07, 0xF1, 0xC7, 0x38, 0xEF,
  0x1F, 0xE3, 0xDC, 0x7B, 0xFF, 0x3F, 0xE0, 0x38, 0x07, 0x21, 0xE7, 0xF8,
  0x7E, 0x00, 0x7F, 0x70, 0x00, 0x07, 0xF7, 0xFF, 0x70, 0x00, 0x07, 0xF7,
  0x36, 0xC0, 0x03, 0x07, 0xC7, 0x0F, 0x0E, 0x03, 0xC0, 0x78, 0x0F, 0x03,
  0x00, 0xFF, 0xFF, 0x00, 0x00, 0xFF, 0xFF, 0xC0, 0xF0, 0x3C, 0x0E, 0x07,
  0x1E, 0x3C, 0xF0, 0xC0, 0x3E, 0x7F, 0xB0, 0xFC, 0x70, 0x78, 0x78, 0x78,
  0x38, 0x18, 0x0C, 0x00, 0x03, 0x03, 0xC1, 0xC0, 0x01, 0xE0, 0x0F, 0xFC,
  0x1C, 0x0E, 0x30, 0x07, 0x63, 0xD3, 0x67, 0x33, 0xCE, 0x31, 0xCE, 0x71,
  0xCC, 0x73, 0xCC, 0x73, 0xCE, 0xB3, 0xE7, 0xBE, 0x60, 0x00, 0x70, 0x10,
  0x3F, 0xF0, 0x0F, 0xC0, 0x03, 0x80, 0x0F, 0x00, 0x1F, 0x00, 0x3E, 0x00,
  0xDE, 0x01, 0x9C, 0x03, 0x38, 0x0C, 0x78, 0x1F, 0xF0, 0x3F, 0xE0, 0xC1,
  0xE1, 0x81, 0xCF, 0x87, 0xDF, 0x1F, 0xC0, 0xFF, 0x0F, 0xFC, 0x79, 0xE7,
  0x8E, 0x78, 0xE7, 0x9C, 0x7F, 0x87, 0xFE, 0x78, 0xF7, 0x8F, 0x78, 0xF7,
  0x8F, 0xFF, 0xEF, 0xF8, 0x0F, 0xA3, 0xFE, 0x78, 0x67, 0x07, 0xF0, 0x3E,
  0x00, 0xE0, 0x0E, 0x00, 0xE0, 0x0F, 0x00, 0xF0, 0x27, 0x87, 0x3F, 0xE1,
  0xFC, 0xFF, 0x07, 0xFF, 0x1E, 0x3C, 0xF0, 0xF7, 0x83, 0xBC, 0x1D, 0xE0,
  0xEF, 0x07, 0x78, 0x3B, 0xC1, 0xDE, 0x1E, 0xF1, 0xEF, 0xFE, 0x7F, 0xC0,
  0xFF, 0xDF, 0xFD, 0xE3, 0xBC, 0x37, 0x80, 0xF3, 0x1F, 0xE3, 0xFC, 0x79,
  0x8F, 0x01, 0xE1, 0xBC, 0x3F, 0xFF, 0xFF, 0xC0, 0xFF, 0xDF, 0xFD, 0xE3,
  0xBC, 0x37, 0x84, 0xF3, 0x1E, 0x63, 0xFC, 0x79, 0x8F, 0x31, 0xE0, 0x3C,
  0x0F, 0xC1, 0xFC, 0x00, 0x0F, 0xA0, 0xFF, 0xC7, 0x87, 0x1C, 0x0C, 0xF0,
  0x33, 0x80, 0x0E, 0x00, 0x38, 0x3F, 0xE0, 0xFF, 0xC1, 0xCF, 0x07, 0x1E,
  0x1C, 0x3F, 0xF0, 0x7E, 0xC0, 0xFC, 0xFF, 0xF9, 0xFD, 0xE0, 0xE3, 0xC1,
  0xC7, 0x83, 0x8F, 0x07, 0x1F, 0xFE, 0x3F, 0xFC, 0x78, 0x38, 0xF0, 0x71,
  0xE0, 0xE3, 0xC1, 0xCF, 0xC7, 0xDF, 0x9F, 0xC0, 0xFF, 0xF7, 0x9E, 0x79,
  0xE7, 0x9E, 0x79, 0xE7, 0x9E, 0xFF, 0xF0, 0x0F, 0xE1, 0xFC, 0x0E, 0x01,
  0xC0, 0x38, 0x07, 0x00, 0xE0, 0x1C, 0x03, 0x84, 0x71, 0xCE, 0x71, 0xC7,
  0xF0, 0x7C, 0x00, 0xFC, 0xFB, 0xF3, 0xE7, 0x86, 0x1E, 0x30, 0x79, 0x81,
  0xEC, 0x07, 0xF0, 0x1F, 0xE0, 0x7B, 0xC1, 0xE7, 0x07, 0x9E, 0x1E, 0x3C,
  0xFC, 0xFF, 0xF1, 0xF0, 0xFC, 0x1F, 0x81, 0xE0, 0x3C, 0x07, 0x80, 0xF0,
  0x1E, 0x03, 0xC0, 0x78, 0x0F, 0x0D, 0xE1, 0xBC, 0x7F, 0xFF, 0xFF, 0x80,
  0xFC, 0x0F, 0xBF, 0x07, 0xE3, 0xC1, 0xE0, 0xF8, 0x7C, 0x3E, 0x3F, 0x0D,
  0xCF, 0xC3, 0x76, 0x70, 0xDD, 0x9C, 0x63, 0xC7, 0x18, 0xF1, 0xC6, 0x1C,
  0x71, 0x86, 0x1C, 0xF0, 0x0F, 0xBE, 0x07, 0xF0, 0xF8, 0x7F, 0xF8, 0xFD,
  0xF0, 0x63, 0xF0, 0xC7, 0xF1, 0x8F, 0xE3, 0x1D, 0xE6, 0x39, 0xCC, 0x73,
  0xD8, 0xE3, 0xF1, 0xC3, 0xE3, 0x87, 0xCF, 0x87, 0x9F, 0x0F, 0x00, 0x0F,
  0xC1, 0xFF, 0x1E, 0x3C, 0xE0, 0xFF, 0x03, 0xF0, 0x1F, 0x80, 0xFC, 0x07,
  0xE0, 0x3F, 0x81, 0xFC, 0x1E, 0xF0, 0xE3, 0xFE, 0x0F, 0xE0, 0xFF, 0x1F,
  0xF9, 0xE7, 0xBC, 0x77, 0x8E, 0xF1, 0xDE, 0x7B, 0xFE, 0x7F, 0x8F, 0x01,
  0xE0, 0x3C, 0x0F, 0xC1, 0xFC, 0x00, 0x0F, 0xC0, 0x1F, 0xF0, 0x1E, 0x3C,
  0x0E, 0x0F, 0x0F, 0x03, 0x87, 0x01, 0xC3, 0x80, 0xF1, 0xC0, 0x78, 0xE6,
  0x38, 0x7F, 0x9C, 0x3C, 0xEE, 0x0F, 0x3E, 0x03, 0xFE, 0x00, 0xFF, 0x00,
  0x01, 0xC0, 0x00, 0xFF, 0x00, 0x3F, 0x00, 0x0E, 0x00, 0xFF, 0x07, 0xFE,
  0x1E, 0x78, 0xF1, 0xC7, 0x8E, 0x3C, 0x71, 0xFF, 0x0F, 0xE0, 0x7B, 0xC3,
  0xCE, 0x1E, 0x78, 0xF3, 0xCF, 0xCF, 0xFE, 0x3C, 0x3E, 0x9F, 0xF6, 0x1F,
  0x83, 0xF0, 0xBF, 0x07, 0xF0, 0xFE, 0x0F, 0xC0, 0xFC, 0x1F, 0x87, 0xFF,
  0xBF, 0xC0, 0x7F, 0xFD, 0xFF, 0xF6, 0x39, 0xD8, 0xE3, 0xC3, 0x8C, 0x0E,
  0x00, 0x38, 0x00, 0xE0, 0x03, 0x80, 0x0E, 0x00, 0x38, 0x00, 0xE0, 0x0F,
  0xC0, 0x3F, 0x80, 0xFC, 0x7F, 0xF1, 0xF7, 0x03, 0x1C, 0x0C, 0x70, 0x31,
  0xC0, 0xC7, 0x03, 0x1C, 0x0C, 0x70, 0x31, 0xC0, 0xC7, 0x83, 0x0E, 0x1C,
  0x3F, 0xE0, 0x7F, 0x00, 0xFE, 0x3F, 0xFC, 0xFC, 0xE0, 0x61, 0xE0, 0xC3,
  0xC3, 0x03, 0x86, 0x07, 0x8C, 0x0F, 0x30, 0x0E, 0x60, 0x1C, 0xC0, 0x1F,
  0x00, 0x3E, 0x00, 0x7C, 0x00, 0x70, 0x00, 0xFE, 0x38, 0xFF, 0xF9, 0xE3,
  0xF3, 0x87, 0xC3, 0x0E, 0x1F, 0x0C, 0x3C, 0x7C, 0x60, 0x73, 0x71, 0x81,
  0xCD, 0xE6, 0x07, 0x33, 0x98, 0x1E, 0xCE, 0x40, 0x7E, 0x3F, 0x00, 0xF8,
  0xFC, 0x03, 0xE1, 0xF0, 0x0F, 0x87, 0x80, 0x3C, 0x1E, 0x00, 0xFE, 0x7D,
  0xFC, 0xF8, 0xF0, 0xC0, 0xF3, 0x00, 0xEE, 0x01, 0xF8, 0x01, 0xE0, 0x01,
  0xE0, 0x07, 0xC0, 0x1B, 0xC0, 0x73, 0xC1, 0xC3, 0xCF, 0xCF, 0xDF, 0x9F,
  0xC0, 0xFE, 0x7F, 0xF9, 0xF3, 0x83, 0x87, 0x0C, 0x1E, 0x60, 0x39, 0x80,
  0xFC, 0x01, 0xF0, 0x03, 0x80, 0x0E, 0x00, 0x38, 0x00, 0xE0, 0x07, 0xC0,
  0x3F, 0x80, 0xFF, 0xEF, 0xFE, 0xE1, 0xEC, 0x3C, 0xC3, 0x80, 0x78, 0x0F,
  0x00, 0xE0, 0x1E, 0x03, 0xC3, 0x78, 0x67, 0x06, 0xFF, 0xEF, 0xFE, 0xFF,
  0xEE, 0xEE, 0xEE, 0xEE, 0xEE, 0xEE, 0xEE, 0xEE, 0xEF, 0xE0, 0x30, 0x18,
  0x0E, 0x03, 0x01, 0x80, 0xE0, 0x30, 0x1C, 0x06, 0x03, 0x01, 0xC0, 0x60,
  0x30, 0x1C, 0x06, 0x03, 0x01, 0xC0, 0xFF, 0x77, 0x77, 0x77, 0x77, 0x77,
  0x77, 0x77, 0x77, 0x7F, 0x0C, 0x07, 0x83, 0xE0, 0xDC, 0x73, 0xB8, 0xEC,
  0x1D, 0x04, 0xFF, 0xC0, 0x47, 0x1C, 0x61, 0x80, 0x7E, 0x31, 0xCE, 0x73,
  0x1E, 0x0F, 0x9F, 0xEE, 0x7B, 0x9E, 0xFF, 0xFE, 0xF0, 0xF8, 0x0F, 0x80,
  0x38, 0x03, 0x80, 0x38, 0x03, 0xBC, 0x3F, 0xE3, 0x8F, 0x38, 0x73, 0x87,
  0x38, 0x73, 0x87, 0x38, 0xE3, 0xFE, 0x3F, 0xC0, 0x3F, 0x39, 0xF8, 0xFC,
  0x7E, 0x07, 0x03, 0x81, 0xE1, 0x7F, 0x9F, 0x80, 0x07, 0xC0, 0xF8, 0x07,
  0x00, 0xE0, 0x1C, 0x7F, 0x9F, 0xF7, 0x0E, 0xE1, 0xDC, 0x3B, 0x87, 0x70,
  0xEE, 0x1D, 0xFF, 0xDF, 0x78, 0x3F, 0x1C, 0xEE, 0x3B, 0x8E, 0xFF, 0xB8,
  0x0E, 0x03, 0xC2, 0x7F, 0xCF, 0xC0, 0x1F, 0x1D, 0xDC, 0xEE, 0x27, 0x07,
  0xF3, 0xF8, 0xE0, 0x70, 0x38, 0x1C, 0x0E, 0x07, 0x07, 0xE3, 0xF0, 0x00,
  0x70, 0x0F, 0x3F, 0xA7, 0xBC, 0x71, 0xC7, 0x1C, 0x71, 0xC7, 0xF8, 0x3F,
  0x06, 0x00, 0x7F, 0xC3, 0xFE, 0x71, 0xEE, 0x0E, 0xF1, 0xE7, 0xFC, 0x04,
  0x00, 0xF0, 0x0F, 0x00, 0x70, 0x07, 0x00, 0x70, 0x07, 0x7C, 0x7F, 0xC7,
  0x9E, 0x70, 0xE7, 0x0E, 0x70, 0xE7, 0x0E, 0x70, 0xEF, 0x9E, 0xFB, 0xF0,
  0x73, 0xC7, 0x00, 0x03, 0xCF, 0x1C, 0x71, 0xC7, 0x1C, 0x73, 0xEF, 0xC0,
  0x3B, 0xCE, 0x00, 0x3D, 0xE7, 0x39, 0xCE, 0x73, 0x9C, 0xE7, 0x33, 0xB8,
  0x80, 0xF0, 0x0F, 0x00, 0x70, 0x07, 0x00, 0x70, 0x07, 0x3E, 0x71, 0xE7,
  0x18, 0x73, 0x07, 0xE0, 0x77, 0x07, 0x78, 0x73, 0xCF, 0x9F, 0xF8, 0xF0,
  0xF3, 0xC7, 0x1C, 0x71, 0xC7, 0x1C, 0x71, 0xC7, 0x1C, 0x73, 0xEF, 0xC0,
  0xF7, 0xDF, 0x3F, 0xFF, 0xC7, 0x9E, 0x79, 0xC7, 0x8E, 0x71, 0xE3, 0x9C,
  0x78, 0xE7, 0x1E, 0x39, 0xC7, 0x8E, 0xF9, 0xE7, 0xBE, 0xF9, 0xF0, 0xF7,
  0xCF, 0xFE, 0x79, 0xE7, 0x0E, 0x70, 0xE7, 0x0E, 0x70, 0xE7, 0x0E, 0xF9,
  0xEF, 0x9F, 0x3F, 0x8E, 0x7B, 0x87, 0x70, 0xEE, 0x1F, 0xC3, 0xB8, 0x77,
  0x8E, 0x7B, 0x87, 0xE0, 0x7B, 0xEF, 0xFF, 0x38, 0xF3, 0x87, 0x38, 0x73,
  0x87, 0x38, 0x73, 0x8F, 0x3F, 0xE3, 0xFC, 0x38, 0x03, 0x80, 0x38, 0x07,
  0xE0, 0x3E, 0xCF, 0xFB, 0x87, 0x70, 0xEE, 0x1D, 0xC3, 0xB8, 0x77, 0x0E,
  0xFF, 0xCF, 0xB8, 0x07, 0x00, 0xE0, 0x1C, 0x0F, 0xC0, 0xF7, 0xFF, 0xDE,
  0xEE, 0x37, 0x03, 0x81, 0xC0, 0xE0, 0xF8, 0x7E, 0x00, 0x7F, 0xE7, 0xE3,
  0xF0, 0xFE, 0x3F, 0x07, 0xC3, 0xE7, 0xFE, 0x30, 0x30, 0x70, 0xFE, 0xFE,
  0x70, 0x70, 0x70, 0x70, 0x70, 0x70, 0x7F, 0x3E, 0x79, 0xE7, 0xCF, 0x0E,
  0x38, 0x71, 0xC3, 0x8E, 0x1C, 0x70, 0xE3, 0x87, 0x1C, 0x3F, 0xF0, 0xF3,
  0xC0, 0xFC, 0xFF, 0x9F, 0x38, 0x43, 0x8C, 0x3C, 0xC1, 0xC8, 0x1D, 0x80,
  0xF8, 0x0F, 0x00, 0xF0, 0xFC, 0xE7, 0xFE, 0x3C, 0xE3, 0x9F, 0x30, 0xE7,
  0xCC, 0x39, 0x72, 0x07, 0x4E, 0x81, 0xF3, 0xE0, 0x7C, 0xF0, 0x1E, 0x3C,
  0x03, 0x87, 0x00, 0xFD, 0xEF, 0x9E, 0x39, 0x81, 0xD8, 0x0F, 0x00, 0xF0,
  0x1F, 0x83, 0x3C, 0x73, 0xEF, 0xBF, 0xFC, 0xFF, 0x9F, 0x38, 0x43, 0x8C,
  0x1C, 0xC1, 0xD8, 0x1F, 0x80, 0xF0, 0x0F, 0x00, 0x60, 0x06, 0x06, 0x60,
  0xEC, 0x0F, 0x80, 0x20, 0x00, 0xFF, 0xFF, 0xB3, 0xD1, 0xC1, 0xC1, 0xC1,
  0xE6, 0xE3, 0xFF, 0xFF, 0xC0, 0x3D, 0xD7, 0x1C, 0x71, 0xC7, 0x1C, 0x73,
  0x8E, 0x1C, 0x71, 0xC7, 0x1C, 0x71, 0xC7, 0x1F, 0x10, 0xFF, 0xFF, 0xFF,
  0xFF, 0xFF, 0xFF, 0xFC, 0xE3, 0xC7, 0x1C, 0x71, 0xC7, 0x1C, 0x70, 0xF3,
  0xDC, 0x71, 0xC7, 0x1C, 0x71, 0xC7, 0x3C, 0x40, 0x7F, 0xFF, 0xD0, 0xC0,
  0xFF, 0x81, 0x81, 0x81, 0x81, 0x81, 0x81, 0x81, 0x81, 0x81, 0x81, 0x81,
  0x81, 0xFF, 0xFF, 0x81, 0x81, 0x81, 0x81, 0x81, 0x81, 0x81, 0x81, 0x81,
  0x81, 0x81, 0x81, 0xFF, 0xFF, 0x81, 0x81, 0x81, 0x81, 0x81, 0x81, 0x81,
  0x81, 0x81, 0x81, 0x81, 0x81, 0xFF, 0xFF, 0x81, 0x81, 0x81, 0x81, 0x81,
  0x81, 0x81, 0x81, 0x81, 0x81, 0x81, 0x81, 0xFF, 0xFF, 0x81, 0x81, 0x81,
  0x81, 0x81, 0x81, 0x81, 0x81, 0x81, 0x81, 0x81, 0x81, 0xFF, 0xFF, 0x81,
  0x81, 0x81, 0x81, 0x81, 0x81, 0x81, 0x81, 0x81, 0x81, 0x81, 0x81, 0xFF,
  0xFF, 0x81, 0x81, 0x81, 0x81, 0x81, 0x81, 0x81, 0x81, 0x81, 0x81, 0x81,
  0x81, 0xFF, 0xFF, 0x81, 0x81, 0x81, 0x81, 0x81, 0x81, 0x81, 0x81, 0x81,
  0x81, 0x81, 0x81, 0xFF, 0xFF, 0x81, 0x81, 0x81, 0x81, 0x81, 0x81, 0x81,
  0x81, 0x81, 0x81, 0x81, 0x81, 0xFF, 0xFF, 0x81, 0x81, 0x81, 0x81, 0x81,
  0x81, 0x81, 0x81, 0x81, 0x81, 0x81, 0x81, 0xFF, 0xFF, 0x81, 0x81, 0x81,
  0x81, 0x81, 0x81, 0x81, 0x81, 0x81, 0x81, 0x81, 0x81, 0xFF, 0xFF, 0x81,
  0x81, 0x81, 0x81, 0x81, 0x81, 0x81, 0x81, 0x81, 0x81, 0x81, 0x81, 0xFF,
  0xFF, 0x81, 0x81, 0x81, 0x81, 0x81, 0x81, 0x81, 0x81, 0x81, 0x81, 0x81,
  0x81, 0xFF, 0xFF, 0x81, 0x81, 0x81, 0x81, 0x81, 0x81, 0x81, 0x81, 0x81,
  0x81, 0x81, 0x81, 0xFF, 0xFF, 0x81, 0x81, 0x81, 0x81, 0x81, 0x81, 0x81,
  0x81, 0x81, 0x81, 0x81, 0x81, 0xFF, 0xFF, 0x81, 0x81, 0x81, 0x81, 0x81,
  0x81, 0x81, 0x81, 0x81, 0x81, 0x81, 0x81, 0xFF, 0xFF, 0x81, 0x81, 0x81,
  0x81, 0x81, 0x81, 0x81, 0x81, 0x81, 0x81, 0x81, 0x81, 0xFF, 0xFF, 0x81,
  0x81, 0x81, 0x81, 0x81, 0x81, 0x81, 0x81, 0x81, 0x81, 0x81, 0x81, 0xFF,
  0xFF, 0x81, 0x81, 0x81, 0x81, 0x81, 0x81, 0x81, 0x81, 0x81, 0x81, 0x81,
  0x81, 0xFF, 0xFF, 0x81, 0x81, 0x81, 0x81, 0x81, 0x81, 0x81, 0x81, 0x81,
  0x81, 0x81, 0x81, 0xFF, 0xFF, 0x81, 0x81, 0x81, 0x81, 0x81, 0x81, 0x81,
  0x81, 0x81, 0x81, 0x81, 0x81, 0xFF, 0xFF, 0x81, 0x81, 0x81, 0x81, 0x81,
  0x81, 0x81, 0x81, 0x81, 0x81, 0x81, 0x81, 0xFF, 0xFF, 0x81, 0x81, 0x81,
  0x81, 0x81, 0x81, 0x81, 0x81, 0x81, 0x81, 0x81, 0x81, 0xFF, 0xFF, 0x81,
  0x81, 0x81, 0x81, 0x81, 0x81, 0x81, 0x81, 0x81, 0x81, 0x81, 0x81, 0xFF,
  0xFF, 0x81, 0x81, 0x81, 0x81, 0x81, 0x81, 0x81, 0x81, 0x81, 0x81, 0x81,
  0x81, 0xFF, 0xFF, 0x81, 0x81, 0x81, 0x81, 0x81, 0x81, 0x81, 0x81, 0x81,
  0x81, 0x81, 0x81, 0xFF, 0xFF, 0x81, 0x81, 0x81, 0x81, 0x81, 0x81, 0x81,
  0x81, 0x81, 0x81, 0x81, 0x81, 0xFF, 0xFF, 0x81, 0x81, 0x81, 0x81, 0x81,
  0x81, 0x81, 0x81, 0x81, 0x81, 0x81, 0x81, 0xFF, 0xFF, 0x81, 0x81, 0x81,
  0x81, 0x81, 0x81, 0x81, 0x81, 0x81, 0x81, 0x81, 0x81, 0xFF, 0xFF, 0x81,
  0x81, 0x81, 0x81, 0x81, 0x81, 0x81, 0x81, 0x81, 0x81, 0x81, 0x81, 0xFF,
  0xFF, 0x81, 0x81, 0x81, 0x81, 0x81, 0x81, 0x81, 0x81, 0x81, 0x81, 0x81,
  0x81, 0xFF, 0xFF, 0x81, 0x81, 0x81, 0x81, 0x81, 0x81, 0x81, 0x81, 0x81,
  0x81, 0x81, 0x81, 0xFF, 0xFF, 0x81, 0x81, 0x81, 0x81, 0x81, 0x81, 0x81,
  0x81, 0x81, 0x81, 0x81, 0x81, 0xFF, 0x00, 0x77, 0x60, 0x66, 0x66, 0x67,
  0x7F, 0xF7, 0x06, 0x07, 0x0F, 0xCF, 0xFE, 0xFF, 0x7F, 0xF1, 0xF0, 0xF8,
  0x7C, 0x5F, 0xE7, 0xE3, 0x01, 0x80, 0x0F, 0x87, 0xB8, 0xE3, 0xBC, 0xF7,
  0x80, 0x70, 0x1F, 0xE7, 0xFC, 0x1C, 0x03, 0x80, 0x71, 0x8C, 0x37, 0xFE,
  0xFF, 0xC0, 0x80, 0xFF, 0xDF, 0xCC, 0x6E, 0x3F, 0x19, 0xDD, 0xFF, 0xC1,
  0x80, 0xFE, 0x7F, 0xFC, 0xFC, 0xF0, 0x60, 0xE1, 0x81, 0xE3, 0x01, 0xCC,
  0x0F, 0xFE, 0x03, 0xE0, 0x3F, 0xF8, 0x7F, 0xF0, 0x0E, 0x00, 0x1C, 0x00,
  0x7C, 0x01, 0xFC, 0x00, 0xFF, 0xFF, 0xFF, 0x03, 0xFF, 0xFF, 0xFC, 0x1F,
  0x07, 0x70, 0xCE, 0x18, 0x87, 0x81, 0xFC, 0x33, 0xC7, 0x3E, 0xF3, 0xCF,
  0x1C, 0xF3, 0x0F, 0x60, 0x78, 0x07, 0x1C, 0xE3, 0x98, 0x3E, 0x00, 0xE6,
  0xEF, 0xE6, 0x0F, 0xC0, 0x61, 0xC2, 0x01, 0x99, 0xF3, 0xCC, 0x4F, 0x31,
  0x1D, 0xC0, 0x77, 0x01, 0xCC, 0x4D, 0x3F, 0xB6, 0x39, 0x8E, 0x0C, 0x1F,
  0xE0, 0x30, 0xFC, 0xCC, 0x0C, 0xFC, 0xCC, 0xFF, 0xF6, 0x11, 0x1D, 0xDD,
  0xDD, 0xCE, 0xE7, 0x71, 0xDC, 0x66, 0x19, 0x80, 0xFF, 0xFF, 0xFF, 0xE0,
  0x30, 0x18, 0x00, 0x7C, 0xC6, 0xD7, 0xCF, 0xD7, 0xCA, 0x7C, 0xFF, 0xF0,
  0x27, 0xF3, 0x9F, 0x80, 0x0C, 0x06, 0x03, 0x0F, 0xF7, 0xF8, 0x60, 0x30,
  0x18, 0x00, 0x7F, 0xFF, 0xE0, 0x7E, 0xC6, 0x66, 0x0E, 0x1C, 0x39, 0x62,
  0x7E, 0x7E, 0x7E, 0x66, 0x66, 0x0C, 0x1E, 0x06, 0x47, 0xFE, 0x3C, 0x11,
  0xDD, 0xC4, 0x00, 0xF1, 0xCF, 0x1C, 0xE1, 0xCE, 0x1C, 0xE1, 0xCE, 0x1C,
  0xE1, 0xCE, 0x3C, 0xFF, 0xFF, 0xCF, 0xE0, 0x0F, 0x00, 0x70, 0x07, 0x00,
  0x19, 0xEF, 0x3F, 0xE6, 0x7C, 0xCF, 0x99, 0xF3, 0x3E, 0x63, 0xCC, 0x39,
  0x80, 0x30, 0x06, 0x00, 0xC0, 0x18, 0x03, 0x00, 0x60, 0x7C, 0x0F, 0x80,
  0x7F, 0x70, 0x33, 0xC6, 0xFF, 0x00, 0x7A, 0xE3, 0x8E, 0x38, 0xE3, 0x9F,
  0x7C, 0x10, 0xFF, 0x1E, 0x3C, 0x78, 0xFB, 0xBC, 0x44, 0x3B, 0x87, 0x70,
  0xEE, 0x1D, 0xCE, 0xE3, 0xB9, 0x98, 0xCC, 0x00, 0x78, 0x07, 0x17, 0x01,
  0xC0, 0xE0, 0x30, 0x1C, 0x0E, 0x03, 0x81, 0x80, 0x70, 0x73, 0x8E, 0x0C,
  0xF3, 0xE3, 0x1E, 0x7C, 0xE5, 0xC0, 0x19, 0xB8, 0x07, 0x27, 0x00, 0xCF,
  0xF0, 0x38, 0x1C, 0x0E, 0x03, 0x80, 0x78, 0x07, 0x05, 0xC0, 0x70, 0x0E,
  0x03, 0x00, 0x70, 0x38, 0x03, 0x81, 0x80, 0x1C, 0x1D, 0xF8, 0xE0, 0xD8,
  0xCF, 0x8C, 0x66, 0x7C, 0xE0, 0x70, 0x06, 0x07, 0x00, 0x70, 0x72, 0x03,
  0x06, 0x20, 0x38, 0x3F, 0x03, 0x81, 0xF8, 0x7E, 0x07, 0x06, 0x60, 0xE0,
  0x66, 0x0C, 0x00, 0xC1, 0xC0, 0x1E, 0x18, 0x00, 0x63, 0x8E, 0x47, 0x31,
  0xEF, 0xE6, 0x1E, 0x3C, 0xE2, 0xE0, 0x0C, 0x6E, 0x01, 0xC4, 0xE0, 0x18,
  0xFF, 0x03, 0x80, 0xE0, 0x70, 0x0E, 0x1E, 0x0F, 0x03, 0x00, 0x00, 0xC0,
  0x60, 0x70, 0x78, 0x78, 0x78, 0x38, 0xFC, 0x37, 0xF1, 0xF0, 0x02, 0x00,
  0x0E, 0x00, 0x1E, 0x00, 0x0E, 0x00, 0x00, 0x00, 0x70, 0x01, 0xE0, 0x03,
  0xE0, 0x07, 0xC0, 0x1B, 0xC0, 0x33, 0x80, 0x67, 0x01, 0x8F, 0x03, 0xFE,
  0x07, 0xFC, 0x18, 0x3C, 0x30, 0x39, 0xF0, 0xFB, 0xE3, 0xF8, 0x00, 0x40,
  0x01, 0xC0, 0x07, 0x80, 0x1C, 0x00, 0x00, 0x00, 0x70, 0x01, 0xE0, 0x03,
  0xE0, 0x07, 0xC0, 0x1B, 0xC0, 0x33, 0x80, 0x67, 0x01, 0x8F, 0x03, 0xFE,
  0x07, 0xFC, 0x18, 0x3C, 0x30, 0x39, 0xF0, 0xFB, 0xE3, 0xF8, 0x01, 0x80,
  0x07, 0x80, 0x1F, 0x00, 0x73, 0x00, 0x42, 0x00, 0x70, 0x01, 0xE0, 0x03,
  0xE0, 0x07, 0xC0, 0x1B, 0xC0, 0x33, 0x80, 0x67, 0x01, 0x8F, 0x03, 0xFE,
  0x07, 0xFC, 0x18, 0x3C, 0x30, 0x39, 0xF0, 0xFB, 0xE3, 0xF8, 0x0F, 0x60,
  0x1F, 0x80, 0x47, 0x00, 0x00, 0x00, 0x38, 0x00, 0xF0, 0x01, 0xF0, 0x03,
  0xE0, 0x0D, 0xE0, 0x19, 0xC0, 0x33, 0x80, 0xC7, 0x81, 0xFF, 0x03, 0xFE,
  0x0C, 0x1E, 0x18, 0x1C, 0xF8, 0x7D, 0xF1, 0xFC, 0x0E, 0x70, 0x1D, 0xE0,
  0x39, 0x80, 0x00, 0x00, 0x38, 0x00, 0xF0, 0x01, 0xF0, 0x03, 0xE0, 0x0D,
  0xE0, 0x19, 0xC0, 0x33, 0x80, 0xC7, 0x81, 0xFF, 0x03, 0xFE, 0x0C, 0x1E,
  0x18, 0x1C, 0xF8, 0x7D, 0xF1, 0xFC, 0x03, 0xC0, 0x0C, 0xC0, 0x19, 0x80,
  0x1E, 0x00, 0x00, 0x00, 0x70, 0x01, 0xE0, 0x03, 0xE0, 0x07, 0xC0, 0x1B,
  0xC0, 0x33, 0x80, 0x67, 0x01, 0x8F, 0x03, 0xFE, 0x07, 0xFC, 0x18, 0x3C,
  0x30, 0x39, 0xF0, 0xFB, 0xE3, 0xF8, 0x07, 0xFF, 0xE0, 0x7F, 0xFE, 0x03,
  0x38, 0x60, 0x33, 0x86, 0x06, 0x38, 0x00, 0x63, 0x98, 0x0F, 0xFF, 0x80,
  0xFF, 0xF8, 0x18, 0x39, 0x81, 0x83, 0x90, 0x38, 0x38, 0x33, 0x03, 0x86,
  0xF8, 0x7F, 0xEF, 0x8F, 0xFE, 0x0F, 0xA3, 0xFE, 0x78, 0x67, 0x07, 0xF0,
  0x3E, 0x00, 0xE0, 0x0E, 0x00, 0xE0, 0x0F, 0x00, 0xF0, 0x27, 0x87, 0x3F,
  0xE1, 0xFC, 0x06, 0x00, 0x70, 0x01, 0x80, 0xF8, 0x07, 0x00, 0x08, 0x03,
  0x80, 0x78, 0x03, 0x80, 0x01, 0xFF, 0xBF, 0xFB, 0xC7, 0x78, 0x6F, 0x01,
  0xE6, 0x3F, 0xC7, 0xF8, 0xF3, 0x1E, 0x03, 0xC3, 0x78, 0x7F, 0xFF, 0xFF,
  0x80, 0x01, 0x00, 0x70, 0x1E, 0x07, 0x00, 0x01, 0xFF, 0xBF, 0xFB, 0xC7,
  0x78, 0x6F, 0x01, 0xE6, 0x3F, 0xC7, 0xF8, 0xF3, 0x1E, 0x03, 0xC3, 0x78,
  0x7F, 0xFF, 0xFF, 0x80, 0x06, 0x01, 0xE0, 0x7C, 0x1C, 0xC1, 0x09, 0xFF,
  0xBF, 0xFB, 0xC7, 0x78, 0x6F, 0x01, 0xE6, 0x3F, 0xC7, 0xF8, 0xF3, 0x1E,
  0x03, 0xC3, 0x78, 0x7F, 0xFF, 0xFF, 0x80, 0x39, 0xC7, 0x78, 0xE6, 0x00,
  0x0F, 0xFD, 0xFF, 0xDE, 0x3B, 0xC3, 0x78, 0x0F, 0x31, 0xFE, 0x3F, 0xC7,
  0x98, 0xF0, 0x1E, 0x1B, 0xC3, 0xFF, 0xFF, 0xFC, 0x43, 0x8F, 0x0E, 0x03,
  0xFF, 0xDE, 0x79, 0xE7, 0x9E, 0x79, 0xE7, 0x9E, 0x7B, 0xFF, 0xC0, 0x08,
  0x73, 0xDC, 0x03, 0xFF, 0xDE, 0x79, 0xE7, 0x9E, 0x79, 0xE7, 0x9E, 0x7B,
  0xFF, 0xC0, 0x18, 0x79, 0xF7, 0x34, 0x2F, 0xDF, 0x9E, 0x3C, 0x78, 0xF1,
  0xE3, 0xC7, 0x8F, 0x1E, 0x3C, 0xFD, 0xF8, 0xE7, 0xEF, 0xE6, 0x00, 0x7E,
  0x7E, 0x3C, 0x3C, 0x3C, 0x3C, 0x3C, 0x3C, 0x3C, 0x3C, 0x3C, 0x3C, 0x7E,
  0x7E, 0x7F, 0x81, 0xFF, 0xC3, 0xC7, 0x8F, 0x0F, 0x3C, 0x1C, 0xF0, 0x7F,
  0xF1, 0xFF, 0xC7, 0x3C, 0x1C, 0xF0, 0x73, 0xC3, 0xCF, 0x1E, 0x7F, 0xF1,
  0xFF, 0x00, 0x0F, 0x60, 0x1F, 0x80, 0x47, 0x00, 0x00, 0x0F, 0x87, 0xFF,
  0x8F, 0xDF, 0x06, 0x3F, 0x0C, 0x7F, 0x18, 0xFE, 0x31, 0xDE, 0x63, 0x9C,
  0xC7, 0x3D, 0x8E, 0x3F, 0x1C, 0x3E, 0x38, 0x7C, 0xF8, 0x79, 0xF0, 0xF0,
  0x04, 0x00, 0x70, 0x03, 0xC0, 0x07, 0x00, 0x00, 0x07, 0xE0, 0xFF, 0x8F,
  0x1E, 0x70, 0x7F, 0x81, 0xF8, 0x0F, 0xC0, 0x7E, 0x03, 0xF0, 0x1F, 0xC0,
  0xFE, 0x0F, 0x78, 0x71, 0xFF, 0x07, 0xF0, 0x00, 0x80, 0x0E, 0x00, 0xF0,
  0x0E, 0x00, 0x00, 0x07, 0xE0, 0xFF, 0x8F, 0x1E, 0x70, 0x7F, 0x81, 0xF8,
  0x0F, 0xC0, 0x7E, 0x03, 0xF0, 0x1F, 0xC0, 0xFE, 0x0F, 0x78, 0x71, 0xFF,
  0x07, 0xF0, 0x03, 0x00, 0x3C, 0x03, 0xE0, 0x39, 0x80, 0x84, 0x07, 0xE0,
  0xFF, 0x8F, 0x1E, 0x70, 0x7F, 0x81, 0xF8, 0x0F, 0xC0, 0x7E, 0x03, 0xF0,
  0x1F, 0xC0, 0xFE, 0x0F, 0x78, 0x71, 0xFF, 0x07, 0xF0, 0x0F, 0x60, 0x7E,
  0x04, 0x70, 0x00, 0x00, 0xFC, 0x1F, 0xF1, 0xE3, 0xCE, 0x0F, 0xF0, 0x3F,
  0x01, 0xF8, 0x0F, 0xC0, 0x7E, 0x03, 0xF8, 0x1F, 0xC1, 0xEF, 0x0E, 0x3F,
  0xE0, 0xFE, 0x00, 0x1C, 0xE0, 0xEF, 0x07, 0x30, 0x00, 0x00, 0xFC, 0x1F,
  0xF1, 0xE3, 0xCE, 0x0F, 0xF0, 0x3F, 0x01, 0xF8, 0x0F, 0xC0, 0x7E, 0x03,
  0xF8, 0x1F, 0xC1, 0xEF, 0x0E, 0x3F, 0xE0, 0xFE, 0x00, 0x45, 0xCD, 0xF9,
  0xE3, 0xCF, 0xF9, 0xA2, 0x0F, 0xDC, 0xFF, 0xC7, 0x8F, 0x1C, 0x1E, 0xF0,
  0xFB, 0x86, 0xEE, 0x33, 0xB9, 0x8E, 0xEE, 0x3B, 0xF0, 0xEF, 0x87, 0x9E,
  0x1C, 0x7F, 0xE3, 0x7F, 0x00, 0x04, 0x00, 0x38, 0x00, 0xF0, 0x00, 0xE0,
  0x00, 0x03, 0xF1, 0xFF, 0xC7, 0xDC, 0x0C, 0x70, 0x31, 0xC0, 0xC7, 0x03,
  0x1C, 0x0C, 0x70, 0x31, 0xC0, 0xC7, 0x03, 0x1E, 0x0C, 0x38, 0x70, 0xFF,
  0x81, 0xFC, 0x00, 0x00, 0x80, 0x07, 0x00, 0x3C, 0x01, 0xC0, 0x00, 0x03,
  0xF1, 0xFF, 0xC7, 0xDC, 0x0C, 0x70, 0x31, 0xC0, 0xC7, 0x03, 0x1C, 0x0C,
  0x70, 0x31, 0xC0, 0xC7, 0x03, 0x1E, 0x0C, 0x38, 0x70, 0xFF, 0x81, 0xFC,
  0x00, 0x03, 0x00, 0x1E, 0x00, 0xF8, 0x07, 0x30, 0x08, 0x43, 0xF1, 0xFF,
  0xC7, 0xDC, 0x0C, 0x70, 0x31, 0xC0, 0xC7, 0x03, 0x1C, 0x0C, 0x70, 0x31,
  0xC0, 0xC7, 0x03, 0x1E, 0x0C, 0x38, 0x70, 0xFF, 0x81, 0xFC, 0x00, 0x1C,
  0xE0, 0x77, 0x81, 0xCC, 0x00, 0x00, 0xFC, 0x7F, 0xF1, 0xF7, 0x03, 0x1C,
  0x0C, 0x70, 0x31, 0xC0, 0xC7, 0x03, 0x1C, 0x0C, 0x70, 0x31, 0xC0, 0xC7,
  0x83, 0x0E, 0x1C, 0x3F, 0xE0, 0x7F, 0x00, 0x00, 0x40, 0x03, 0x80, 0x1E,
  0x00, 0xE0, 0x00, 0x03, 0xF9, 0xFF, 0xE7, 0xCE, 0x0E, 0x1C, 0x30, 0x79,
  0x80, 0xE6, 0x03, 0xF0, 0x07, 0xC0, 0x0E, 0x00, 0x38, 0x00, 0xE0, 0x03,
  0x80, 0x1F, 0x00, 0xFE, 0x00, 0xFE, 0x1F, 0xC1, 0xE0, 0x3F, 0xC7, 0xFE,
  0xF1, 0xDE, 0x3B, 0xC7, 0x78, 0xEF, 0xF9, 0xFE, 0x3C, 0x0F, 0xC1, 0xFC,
  0x00, 0x1F, 0xC0, 0xE3, 0x87, 0x0E, 0x1C, 0x38, 0x70, 0xC3, 0xC6, 0x0F,
  0x18, 0x1C, 0xE0, 0x73, 0xE1, 0xC7, 0xE7, 0x0F, 0x9C, 0x0F, 0x76, 0x1B,
  0xDC, 0xEF, 0x7F, 0x00, 0x20, 0x1C, 0x03, 0x80, 0x60, 0x0C, 0x00, 0x07,
  0xE3, 0x1C, 0xE7, 0x31, 0xE0, 0xF9, 0xFE, 0xE7, 0xB9, 0xEF, 0xFF, 0xEF,
  0x04, 0x03, 0x81, 0xC0, 0xE0, 0x10, 0x00, 0x07, 0xE3, 0x1C, 0xE7, 0x31,
  0xE0, 0xF9, 0xFE, 0xE7, 0xB9, 0xEF, 0xFF, 0xEF, 0x18, 0x0F, 0x07, 0xC3,
  0x98, 0x42, 0x00, 0x07, 0xE3, 0x1C, 0xE7, 0x31, 0xE0, 0xF9, 0xFE, 0xE7,
  0xB9, 0xEF, 0xFF, 0xEF, 0x73, 0x1F, 0x89, 0xE0, 0x00, 0x00, 0x1F, 0x8C,
  0x73, 0x9C, 0xC7, 0x83, 0xE7, 0xFB, 0x9E, 0xE7, 0xBF, 0xFF, 0xBC, 0x73,
  0x1D, 0xE7, 0x30, 0x00, 0x00, 0x1F, 0x8C, 0x73, 0x9C, 0xC7, 0x83, 0xE7,
  0xFB, 0x9E, 0xE7, 0xBF, 0xFF, 0xBC, 0x38, 0x1B, 0x06, 0x61, 0xF0, 0x18,
  0x00, 0x07, 0xE3, 0x1C, 0xE7, 0x31, 0xE0, 0xF9, 0xFE, 0xE7, 0xB9, 0xEF,
  0xFF, 0xEF, 0x7E, 0xFD, 0x8F, 0xBB, 0x9E, 0x3E, 0x3C, 0x70, 0xFF, 0xEF,
  0xF0, 0x39, 0xE0, 0x73, 0xC3, 0xFF, 0xFF, 0xFB, 0xF0, 0x3F, 0x39, 0xF8,
  0xFC, 0x7E, 0x07, 0x03, 0x81, 0xE1, 0x7F, 0x9F, 0x82, 0x03, 0xC0, 0x60,
  0xF0, 0xF0, 0x10, 0x0E, 0x01, 0xC0, 0x30, 0x06, 0x00, 0x03, 0xF1, 0xCE,
  0xE3, 0xB8, 0xEF, 0xFB, 0x80, 0xE0, 0x3C, 0x27, 0xFC, 0xFC, 0x02, 0x01,
  0xC0, 0xE0, 0x70, 0x08, 0x00, 0x03, 0xF1, 0xCE, 0xE3, 0xB8, 0xEF, 0xFB,
  0x80, 0xE0, 0x3C, 0x27, 0xFC, 0xFC, 0x0C, 0x07, 0x83, 0xE1, 0xCC, 0x21,
  0x00, 0x03, 0xF1, 0xCE, 0xE3, 0xB8, 0xEF, 0xFB, 0x80, 0xE0, 0x3C, 0x27,
  0xFC, 0xFC, 0x73, 0x1D, 0xE7, 0x30, 0x00, 0x00, 0x0F, 0xC7, 0x3B, 0x8E,
  0xE3, 0xBF, 0xEE, 0x03, 0x80, 0xF0, 0x9F, 0xF3, 0xF0, 0x41, 0xC1, 0xC1,
  0x81, 0x80, 0x1E, 0x3C, 0x38, 0x70, 0xE1, 0xC3, 0x87, 0x1F, 0x3F, 0x10,
  0xE7, 0x38, 0x40, 0x0F, 0x3C, 0x71, 0xC7, 0x1C, 0x71, 0xCF, 0xBF, 0x18,
  0x3C, 0x7C, 0xE6, 0x42, 0x00, 0x3C, 0x3C, 0x1C, 0x1C, 0x1C, 0x1C, 0x1C,
  0x1C, 0x3E, 0x3F, 0xE6, 0xEF, 0xE6, 0x00, 0x00, 0x3C, 0x3C, 0x1C, 0x1C,
  0x1C, 0x1C, 0x1C, 0x1C, 0x3E, 0x3F, 0x01, 0x9F, 0xE1, 0xE0, 0xFC, 0x1B,
  0x80, 0xE1, 0x9D, 0xFF, 0xF3, 0xF8, 0x7E, 0x1F, 0x87, 0xE1, 0xF8, 0x67,
  0x38, 0xFC, 0x1C, 0xC1, 0xF8, 0x27, 0x80, 0x00, 0x00, 0x0F, 0x7C, 0xFF,
  0xE7, 0x9E, 0x70, 0xE7, 0x0E, 0x70, 0xE7, 0x0E, 0x70, 0xEF, 0x9E, 0xF9,
  0xF0, 0x10, 0x07, 0x00, 0x70, 0x06, 0x00, 0x60, 0x00, 0x0F, 0xE3, 0x9E,
  0xE1, 0xDC, 0x3B, 0x87, 0xF0, 0xEE, 0x1D, 0xE3, 0x9E, 0xE1, 0xF8, 0x02,
  0x00, 0xE0, 0x38, 0x0E, 0x00, 0x80, 0x00, 0x0F, 0xE3, 0x9E, 0xE1, 0xDC,
  0x3B, 0x87, 0xF0, 0xEE, 0x1D, 0xE3, 0x9E, 0xE1, 0xF8, 0x0C, 0x03, 0xC0,
  0xF8, 0x39, 0x82, 0x10, 0x00, 0x0F, 0xE3, 0x9E, 0xE1, 0xDC, 0x3B, 0x87,
  0xF0, 0xEE, 0x1D, 0xE3, 0x9E, 0xE1, 0xF8, 0x39, 0x87, 0xE1, 0x3C, 0x00,
  0x00, 0x00, 0x7F, 0x1C, 0xF7, 0x0E, 0xE1, 0xDC, 0x3F, 0x87, 0x70, 0xEF,
  0x1C, 0xF7, 0x0F, 0xC0, 0x73, 0x0E, 0xF1, 0xCC, 0x00, 0x00, 0x00, 0x7F,
  0x1C, 0xF7, 0x0E, 0xE1, 0xDC, 0x3F, 0x87, 0x70, 0xEF, 0x1C, 0xF7, 0x0F,
  0xC0, 0x1C, 0x0E, 0x03, 0x00, 0x0F, 0xFF, 0xFC, 0x00, 0x18, 0x1C, 0x0E,
  0x00, 0x1F, 0xF3, 0x9E, 0x71, 0xE7, 0x3E, 0x76, 0xF7, 0x6E, 0x7C, 0xE7,
  0x8E, 0x3D, 0xCF, 0xF8, 0x08, 0x00, 0xE0, 0x03, 0x80, 0x0C, 0x00, 0x30,
  0x00, 0x01, 0xE7, 0x9F, 0x3C, 0x38, 0xE1, 0xC7, 0x0E, 0x38, 0x71, 0xC3,
  0x8E, 0x1C, 0x70, 0xFF, 0xC3, 0xCF, 0x01, 0x00, 0x1C, 0x01, 0xC0, 0x1C,
  0x00, 0x40, 0x00, 0x01, 0xE7, 0x9F, 0x3C, 0x38, 0xE1, 0xC7, 0x0E, 0x38,
  0x71, 0xC3, 0x8E, 0x1C, 0x70, 0xFF, 0xC3, 0xCF, 0x06, 0x00, 0x78, 0x07,
  0xC0, 0x73, 0x01, 0x08, 0x00, 0x01, 0xE7, 0x9F, 0x3C, 0x38, 0xE1, 0xC7,
  0x0E, 0x38, 0x71, 0xC3, 0x8E, 0x1C, 0x70, 0xFF, 0xC3, 0xCF, 0x39, 0x81,
  0xDE, 0x0E, 0x60, 0x00, 0x00, 0x00, 0x3C, 0xF3, 0xE7, 0x87, 0x1C, 0x38,
  0xE1, 0xC7, 0x0E, 0x38, 0x71, 0xC3, 0x8E, 0x1F, 0xF8, 0x79, 0xE0, 0x00,
  0x80, 0x1C, 0x03, 0x80, 0x70, 0x02, 0x00, 0x00, 0xFC, 0xFF, 0x9F, 0x38,
  0x43, 0x8C, 0x1C, 0xC1, 0xD8, 0x1F, 0x80, 0xF0, 0x0F, 0x00, 0x60, 0x06,
  0x06, 0x60, 0xEC, 0x0F, 0x80, 0x20, 0x00, 0xF8, 0x0F, 0x80, 0x38, 0x03,
  0x80, 0x38, 0x03, 0xBC, 0x3F, 0xE3, 0x8F, 0x38, 0x73, 0x87, 0x38, 0x73,
  0x87, 0x38, 0xE3, 0xFE, 0x3F, 0xC3, 0x80, 0x38, 0x03, 0x80, 0xFE, 0x00,
  0x1C, 0xC1, 0xDE, 0x1C, 0xC0, 0x00, 0x00, 0x0F, 0xCF, 0xF9, 0xF3, 0x84,
  0x38, 0xC1, 0xCC, 0x1D, 0x81, 0xF8, 0x0F, 0x00, 0xF0, 0x06, 0x00, 0x60,
  0x66, 0x0E, 0xC0, 0xF8, 0x02, 0x00 };

const GFXglyph Literata_Bold10pt8bGlyphs[] PROGMEM = {
  {     0,   1,   1,   4,    0,    0 },   // 0x20 ' '
  {     1,   4,  14,   7,    1,  -13 },   // 0x21 '!'
  {     8,   6,   6,   9,    1,  -15 },   // 0x22 '"'
  {    13,  12,  11,  14,    1,  -10 },   // 0x23 '#'
  {    30,  10,  18,  12,    1,  -15 },   // 0x24 '$'
  {    53,  16,  12,  18,    1,  -11 },   // 0x25 '%'
  {    77,  15,  14,  16,    1,  -13 },   // 0x26 '&'
  {   104,   3,   6,   5,    1,  -15 },   // 0x27 '''
  {   107,   5,  20,   7,    1,  -15 },   // 0x28 '('
  {   120,   6,  20,   7,    0,  -15 },   // 0x29 ')'
  {   135,   7,   8,   9,    1,  -15 },   // 0x2A '*'
  {   142,   8,   8,  11,    2,   -9 },   // 0x2B '+'
  {   150,   4,   6,   6,    1,   -2 },   // 0x2C ','
  {   153,   5,   2,   7,    1,   -6 },   // 0x2D '-'
  {   155,   4,   3,   6,    1,   -2 },   // 0x2E '.'
  {   157,   9,  18,  10,    0,  -15 },   // 0x2F '/'
  {   178,  10,  14,  12,    1,  -13 },   // 0x30 '0'
  {   196,   8,  14,   8,    0,  -13 },   // 0x31 '1'
  {   210,  10,  14,  11,    0,  -13 },   // 0x32 '2'
  {   228,  10,  14,  11,    0,  -13 },   // 0x33 '3'
  {   246,  11,  14,  12,    0,  -13 },   // 0x34 '4'
  {   266,  10,  14,  11,    0,  -13 },   // 0x35 '5'
  {   284,  10,  14,  11,    1,  -13 },   // 0x36 '6'
  {   302,  11,  14,  11,    0,  -13 },   // 0x37 '7'
  {   322,  11,  14,  12,    0,  -13 },   // 0x38 '8'
  {   342,  11,  14,  11,    0,  -13 },   // 0x39 '9'
  {   362,   4,  10,   6,    1,   -9 },   // 0x3A ':'
  {   367,   4,  13,   6,    1,   -9 },   // 0x3B ';'
  {   374,   9,   9,  11,    1,   -9 },   // 0x3C '<'
  {   385,   8,   6,  11,    2,   -8 },   // 0x3D '='
  {   391,   8,   9,  11,    2,   -9 },   // 0x3E '>'
  {   400,   9,  14,  11,    1,  -13 },   // 0x3F '?'
  {   416,  16,  16,  19,    1,  -11 },   // 0x40 '@'
  {   448,  15,  14,  15,    0,  -13 },   // 0x41 'A'
  {   475,  12,  14,  14,    1,  -13 },   // 0x42 'B'
  {   496,  12,  14,  14,    1,  -13 },   // 0x43 'C'
  {   517,  13,  14,  15,    1,  -13 },   // 0x44 'D'
  {   540,  11,  14,  13,    1,  -13 },   // 0x45 'E'
  {   560,  11,  14,  13,    1,  -13 },   // 0x46 'F'
  {   580,  14,  14,  15,    1,  -13 },   // 0x47 'G'
  {   605,  15,  14,  16,    1,  -13 },   // 0x48 'H'
  {   632,   6,  14,   8,    1,  -13 },   // 0x49 'I'
  {   643,  11,  14,  11,    0,  -13 },   // 0x4A 'J'
  {   663,  14,  14,  15,    1,  -13 },   // 0x4B 'K'
  {   688,  11,  14,  13,    1,  -13 },   // 0x4C 'L'
  {   708,  18,  14,  19,    1,  -13 },   // 0x4D 'M'
  {   740,  15,  14,  16,    1,  -13 },   // 0x4E 'N'
  {   767,  13,  14,  15,    1,  -13 },   // 0x4F 'O'
  {   790,  11,  14,  13,    1,  -13 },   // 0x50 'P'
  {   810,  17,  18,  15,    1,  -13 },   // 0x51 'Q'
  {   849,  13,  14,  15,    1,  -13 },   // 0x52 'R'
  {   872,  10,  14,  12,    1,  -13 },   // 0x53 'S'
  {   890,  14,  14,  15,    0,  -13 },   // 0x54 'T'
  {   915,  14,  14,  15,    1,  -13 },   // 0x55 'U'
  {   940,  15,  14,  15,    0,  -13 },   // 0x56 'V'
  {   967,  22,  14,  22,    0,  -13 },   // 0x57 'W'
  {  1006,  15,  14,  15,    0,  -13 },   // 0x58 'X'
  {  1033,  14,  14,  15,    0,  -13 },   // 0x59 'Y'
  {  1058,  12,  14,  13,    1,  -13 },   // 0x5A 'Z'
  {  1079,   4,  20,   7,    2,  -15 },   // 0x5B '['
  {  1089,   9,  18,  10,    0,  -15 },   // 0x5C '\'
  {  1110,   4,  20,   7,    1,  -15 },   // 0x5D ']'
  {  1120,  10,   8,  11,    1,  -13 },   // 0x5E '^'
  {  1130,  10,   1,   9,    0,    2 },   // 0x5F '_'
  {  1132,   5,   5,  10,    2,  -15 },   // 0x60 '`'
  {  1136,  10,  10,  11,    1,   -9 },   // 0x61 'a'
  {  1149,  12,  15,  13,    0,  -14 },   // 0x62 'b'
  {  1172,   9,  10,  11,    1,   -9 },   // 0x63 'c'
  {  1184,  11,  15,  13,    1,  -14 },   // 0x64 'd'
  {  1205,  10,  10,  11,    1,   -9 },   // 0x65 'e'
  {  1218,   9,  15,   8,    1,  -14 },   // 0x66 'f'
  {  1235,  12,  17,  12,    0,  -11 },   // 0x67 'g'
  {  1261,  12,  15,  14,    1,  -14 },   // 0x68 'h'
  {  1284,   6,  15,   7,    1,  -14 },   // 0x69 'i'
  {  1296,   5,  20,   7,    0,  -14 },   // 0x6A 'j'
  {  1309,  12,  15,  13,    1,  -14 },   // 0x6B 'k'
  {  1332,   6,  15,   7,    1,  -14 },   // 0x6C 'l'
  {  1344,  18,  10,  20,    1,   -9 },   // 0x6D 'm'
  {  1367,  12,  10,  14,    1,   -9 },   // 0x6E 'n'
  {  1382,  11,  10,  12,    1,   -9 },   // 0x6F 'o'
  {  1396,  12,  14,  13,    0,   -9 },   // 0x70 'p'
  {  1417,  11,  14,  13,    1,   -9 },   // 0x71 'q'
  {  1437,   9,  10,  11,    1,   -9 },   // 0x72 'r'
  {  1449,   8,  10,  10,    1,   -9 },   // 0x73 's'
  {  1459,   8,  13,   9,    1,  -12 },   // 0x74 't'
  {  1472,  13,  10,  13,    0,   -9 },   // 0x75 'u'
  {  1489,  12,  10,  12,    0,   -9 },   // 0x76 'v'
  {  1504,  18,  10,  18,    0,   -9 },   // 0x77 'w'
  {  1527,  12,  10,  12,    0,   -9 },   // 0x78 'x'
  {  1542,  12,  15,  12,    0,   -9 },   // 0x79 'y'
  {  1565,   9,  10,  10,    1,   -9 },   // 0x7A 'z'
  {  1577,   6,  21,   7,    1,  -15 },   // 0x7B '{'
  {  1593,   3,  18,   9,    3,  -15 },   // 0x7C '|'
  {  1600,   6,  21,   7,    1,  -15 },   // 0x7D '}'
  {  1616,   9,   3,  11,    1,   -6 },   // 0x7E '~'
  {  1620,   8,  14,  10,    1,  -13 },   // 0x7F
  {  1634,   8,  14,  10,    1,  -13 },   // 0x80
  {  1648,   8,  14,  10,    1,  -13 },   // 0x81
  {  1662,   8,  14,  10,    1,  -13 },   // 0x82
  {  1676,   8,  14,  10,    1,  -13 },   // 0x83
  {  1690,   8,  14,  10,    1,  -13 },   // 0x84
  {  1704,   8,  14,  10,    1,  -13 },   // 0x85
  {  1718,   8,  14,  10,    1,  -13 },   // 0x86
  {  1732,   8,  14,  10,    1,  -13 },   // 0x87
  {  1746,   8,  14,  10,    1,  -13 },   // 0x88
  {  1760,   8,  14,  10,    1,  -13 },   // 0x89
  {  1774,   8,  14,  10,    1,  -13 },   // 0x8A
  {  1788,   8,  14,  10,    1,  -13 },   // 0x8B
  {  1802,   8,  14,  10,    1,  -13 },   // 0x8C
  {  1816,   8,  14,  10,    1,  -13 },   // 0x8D
  {  1830,   8,  14,  10,    1,  -13 },   // 0x8E
  {  1844,   8,  14,  10,    1,  -13 },   // 0x8F
  {  1858,   8,  14,  10,    1,  -13 },   // 0x90
  {  1872,   8,  14,  10,    1,  -13 },   // 0x91
  {  1886,   8,  14,  10,    1,  -13 },   // 0x92
  {  1900,   8,  14,  10,    1,  -13 },   // 0x93
  {  1914,   8,  14,  10,    1,  -13 },   // 0x94
  {  1928,   8,  14,  10,    1,  -13 },   // 0x95
  {  1942,   8,  14,  10,    1,  -13 },   // 0x96
  {  1956,   8,  14,  10,    1,  -13 },   // 0x97
  {  1970,   8,  14,  10,    1,  -13 },   // 0x98
  {  1984,   8,  14,  10,    1,  -13 },   // 0x99
  {  1998,   8,  14,  10,    1,  -13 },   // 0x9A
  {  2012,   8,  14,  10,    1,  -13 },   // 0x9B
  {  2026,   8,  14,  10,    1,  -13 },   // 0x9C
  {  2040,   8,  14,  10,    1,  -13 },   // 0x9D
  {  2054,   8,  14,  10,    1,  -13 },   // 0x9E
  {  2068,   8,  14,  10,    1,  -13 },   // 0x9F
  {  2082,   1,   1,   4,    0,    0 },   // 0xA0
  {  2083,   4,  14,   7,    1,   -9 },   // 0xA1
  {  2090,   9,  14,  11,    1,  -12 },   // 0xA2
  {  2106,  11,  14,  12,    0,  -13 },   // 0xA3
  {  2126,   9,   9,  11,    1,  -10 },   // 0xA4
  {  2137,  15,  14,  15,    0,  -13 },   // 0xA5
  {  2164,   3,  18,   9,    3,  -15 },   // 0xA6
  {  2171,  11,  17,  12,    1,  -13 },   // 0xA7
  {  2195,   8,   3,  10,    1,  -14 },   // 0xA8
  {  2198,  14,  13,  16,    1,  -12 },   // 0xA9
  {  2221,   8,   8,   9,    1,  -14 },   // 0xAA
  {  2229,   9,   9,  11,    1,   -9 },   // 0xAB
  {  2240,   9,   5,  11,    1,   -7 },   // 0xAC
  {  2246,   1,   1,   0,    0,    0 },   // 0xAD
  {  2247,   8,   7,  10,    1,  -14 },   // 0xAE
  {  2254,   6,   2,  10,    2,  -13 },   // 0xAF
  {  2256,   5,   5,   7,    1,  -15 },   // 0xB0
  {  2260,   9,  11,  11,    1,  -10 },   // 0xB1
  {  2273,   8,   9,   8,    0,  -15 },   // 0xB2
  {  2282,   8,   9,   8,    0,  -15 },   // 0xB3
  {  2291,   5,   5,  10,    3,  -15 },   // 0xB4
  {  2295,  12,  14,  13,    1,   -9 },   // 0xB5
  {  2316,  11,  17,  12,    1,  -13 },   // 0xB6
  {  2340,   4,   3,   6,    1,   -7 },   // 0xB7
  {  2342,   5,   5,  10,    2,    1 },   // 0xB8
  {  2346,   6,   9,   7,    0,  -15 },   // 0xB9
  {  2353,   7,   8,   9,    1,  -14 },   // 0xBA
  {  2360,  10,   9,  11,    0,   -9 },   // 0xBB
  {  2372,  19,  14,  20,    0,  -13 },   // 0xBC
  {  2406,  21,  14,  21,    0,  -13 },   // 0xBD
  {  2443,  20,  14,  20,    0,  -13 },   // 0xBE
  {  2478,   9,  14,  11,    1,   -9 },   // 0xBF
  {  2494,  15,  19,  15,    0,  -18 },   // 0xC0
  {  2530,  15,  19,  15,    0,  -18 },   // 0xC1
  {  2566,  15,  19,  15,    0,  -18 },   // 0xC2
  {  2602,  15,  18,  15,    0,  -17 },   // 0xC3
  {  2636,  15,  18,  15,    0,  -17 },   // 0xC4
  {  2670,  15,  19,  15,    0,  -18 },   // 0xC5
  {  2706,  20,  14,  20,    0,  -13 },   // 0xC6
  {  2741,  12,  19,  14,    1,  -13 },   // 0xC7
  {  2770,  11,  19,  13,    1,  -18 },   // 0xC8
  {  2797,  11,  19,  13,    1,  -18 },   // 0xC9
  {  2824,  11,  19,  13,    1,  -18 },   // 0xCA
  {  2851,  11,  18,  13,    1,  -17 },   // 0xCB
  {  2876,   6,  19,   8,    1,  -18 },   // 0xCC
  {  2891,   6,  19,   8,    1,  -18 },   // 0xCD
  {  2906,   7,  19,   8,    0,  -18 },   // 0xCE
  {  2923,   8,  18,   8,    0,  -17 },   // 0xCF
  {  2941,  14,  14,  15,    0,  -13 },   // 0xD0
  {  2966,  15,  18,  16,    1,  -17 },   // 0xD1
  {  3000,  13,  19,  15,    1,  -18 },   // 0xD2
  {  3031,  13,  19,  15,    1,  -18 },   // 0xD3
  {  3062,  13,  19,  15,    1,  -18 },   // 0xD4
  {  3093,  13,  18,  15,    1,  -17 },   // 0xD5
  {  3123,  13,  18,  15,    1,  -17 },   // 0xD6
  {  3153,   7,   8,  11,    2,   -9 },   // 0xD7
  {  3160,  14,  14,  15,    1,  -13 },   // 0xD8
  {  3185,  14,  19,  15,    1,  -18 },   // 0xD9
  {  3219,  14,  19,  15,    1,  -18 },   // 0xDA
  {  3253,  14,  19,  15,    1,  -18 },   // 0xDB
  {  3287,  14,  18,  15,    1,  -17 },   // 0xDC
  {  3319,  14,  19,  15,    0,  -18 },   // 0xDD
  {  3353,  11,  14,  13,    1,  -13 },   // 0xDE
  {  3373,  14,  15,  15,    1,  -14 },   // 0xDF
  {  3400,  10,  16,  11,    1,  -15 },   // 0xE0
  {  3420,  10,  16,  11,    1,  -15 },   // 0xE1
  {  3440,  10,  16,  11,    1,  -15 },   // 0xE2
  {  3460,  10,  15,  11,    1,  -14 },   // 0xE3
  {  3479,  10,  15,  11,    1,  -14 },   // 0xE4
  {  3498,  10,  16,  11,    1,  -15 },   // 0xE5
  {  3518,  15,  10,  17,    1,   -9 },   // 0xE6
  {  3537,   9,  15,  11,    1,   -9 },   // 0xE7
  {  3554,  10,  16,  11,    1,  -15 },   // 0xE8
  {  3574,  10,  16,  11,    1,  -15 },   // 0xE9
  {  3594,  10,  16,  11,    1,  -15 },   // 0xEA
  {  3614,  10,  15,  11,    1,  -14 },   // 0xEB
  {  3633,   7,  16,   7,    0,  -15 },   // 0xEC
  {  3647,   6,  16,   7,    1,  -15 },   // 0xED
  {  3659,   8,  16,   7,   -1,  -15 },   // 0xEE
  {  3675,   8,  15,   7,   -1,  -14 },   // 0xEF
  {  3690,  10,  16,  12,    1,  -15 },   // 0xF0
  {  3710,  12,  15,  14,    1,  -14 },   // 0xF1
  {  3733,  11,  16,  12,    1,  -15 },   // 0xF2
  {  3755,  11,  16,  12,    1,  -15 },   // 0xF3
  {  3777,  11,  16,  12,    1,  -15 },   // 0xF4
  {  3799,  11,  15,  12,    1,  -14 },   // 0xF5
  {  3820,  11,  15,  12,    1,  -14 },   // 0xF6
  {  3841,   9,  10,  11,    1,  -10 },   // 0xF7
  {  3853,  12,  10,  12,    0,   -9 },   // 0xF8
  {  3868,  13,  16,  13,    0,  -15 },   // 0xF9
  {  3894,  13,  16,  13,    0,  -15 },   // 0xFA
  {  3920,  13,  16,  13,    0,  -15 },   // 0xFB
  {  3946,  13,  15,  13,    0,  -14 },   // 0xFC
  {  3971,  12,  21,  12,    0,  -15 },   // 0xFD
  {  4003,  12,  19,  13,    0,  -14 },   // 0xFE
  {  4032,  12,  20,  12,    0,  -14 } }; // 0xFF

const GFXfont Literata_Bold10pt8b PROGMEM = {
  (uint8_t  *)Literata_Bold10pt8bBitmaps,
  (GFXglyph *)Literata_Bold10pt8bGlyphs,
  0x20, 0xFF, 29 };

// Approx. 5637 bytes

const uint8_t Literata_Bold11pt8bBitmaps[] PROGMEM = {
  0x00, 0xFF, 0xFE, 0xEE, 0xE6, 0x66, 0x00, 0xEF, 0xE0, 0x6F, 0xDD, 0xBB,
  0x34, 0x48, 0x80, 0x0C, 0x60, 0x63, 0x07, 0x38, 0xFF, 0xFF, 0xFF, 0x8C,
  0x60, 0x63, 0x1F, 0xFF, 0xFF, 0xF9, 0x8C, 0x0C, 0x60, 0x63, 0x00, 0x04,
  0x00, 0x80, 0xFD, 0x3F, 0xF7, 0x4F, 0xC8, 0xFD, 0x17, 0xE0, 0x7F, 0x07,
  0xF8, 0x7F, 0x83, 0xFC, 0x4F, 0x89, 0xF9, 0x3F, 0xFE, 0xDF, 0x80, 0x80,
  0x10, 0x00, 0x3C, 0x1C, 0x3F, 0x8E, 0x0E, 0xE3, 0x83, 0x19, 0xC0, 0xEE,
  0x70, 0x3B, 0xB8, 0x07, 0xDC, 0x00, 0x07, 0x7E, 0x03, 0xB9, 0xC0, 0xEE,
  0x70, 0x73, 0x9C, 0x18, 0xE7, 0x1E, 0x1F, 0x80, 0x1F, 0x80, 0x39, 0xC0,
  0x70, 0xC0, 0x78, 0xC0, 0x39, 0x86, 0x3F, 0x8F, 0x1E, 0x1F, 0x3F, 0x33,
  0x77, 0xB0, 0xE3, 0xE0, 0xE1, 0xE0, 0xE0, 0xF0, 0xF0, 0xFD, 0x7F, 0xBF,
  0x3F, 0x1E, 0x7D, 0xB4, 0x80, 0x08, 0x31, 0x8E, 0x39, 0xC7, 0x3C, 0xF3,
  0xCE, 0x38, 0xE3, 0xCF, 0x1C, 0x71, 0xC3, 0x8E, 0x18, 0x30, 0x80, 0xC0,
  0xC1, 0xC1, 0x83, 0x87, 0x07, 0x0E, 0x1C, 0x38, 0x78, 0xF1, 0xC3, 0x87,
  0x0E, 0x3C, 0x70, 0xE3, 0x86, 0x1C, 0x10, 0x00, 0x18, 0xDA, 0xFF, 0x7E,
  0x3C, 0xF7, 0xDB, 0x18, 0x10, 0x18, 0x0C, 0x06, 0x1F, 0xFF, 0xFF, 0xFC,
  0x60, 0x30, 0x18, 0x00, 0x77, 0xDE, 0x63, 0x31, 0x00, 0xFF, 0xFF, 0xC0,
  0x77, 0xDC, 0x01, 0xC0, 0x60, 0x38, 0x0E, 0x03, 0x01, 0xC0, 0x60, 0x18,
  0x0E, 0x03, 0x01, 0xC0, 0x70, 0x18, 0x0E, 0x03, 0x80, 0xC0, 0x70, 0x18,
  0x0E, 0x00, 0x1F, 0x87, 0xFC, 0x71, 0xEF, 0x0E, 0xE0, 0xEE, 0x0E, 0xE0,
  0xFE, 0x0F, 0xE0, 0xFE, 0x0E, 0xF0, 0xEF, 0x0E, 0x71, 0xC7, 0xFC, 0x1F,
  0x80, 0x7C, 0x7E, 0x07, 0x03, 0x81, 0xC0, 0xE0, 0x70, 0x38, 0x1C, 0x0E,
  0x07, 0x03, 0x81, 0xC3, 0xFD, 0xFE, 0x3F, 0x8F, 0x7B, 0xC7, 0xF8, 0xF6,
  0x1E, 0x03, 0x80, 0xF0, 0x1C, 0x07, 0x01, 0xC0, 0x71, 0x9C, 0x37, 0x0E,
  0xFF, 0xDF, 0xF8, 0x3F, 0x8F, 0x79, 0xC7, 0xB8, 0xF2, 0x1E, 0x03, 0x83,
  0xE0, 0x7C, 0x03, 0xE0, 0x3C, 0x03, 0xA0, 0xFF, 0x1E, 0xFF, 0x8F, 0xE0,
  0x01, 0xE0, 0x1F, 0x01, 0xF8, 0x0F, 0xC0, 0xDE, 0x0C, 0xF0, 0x67, 0x86,
  0x3C, 0x61, 0xE7, 0xFF, 0xFF, 0xFE, 0x03, 0xC0, 0x1E, 0x03, 0xF8, 0x1F,
  0xC0, 0x3F, 0xC7, 0xF8, 0xFF, 0x18, 0x07, 0x00, 0xEE, 0x1F, 0xF1, 0xFF,
  0x01, 0xE0, 0x3C, 0x07, 0xA0, 0xFE, 0x3E, 0xFF, 0x8F, 0xE0, 0x1F, 0xC7,
  0x9D, 0xC3, 0xB8, 0x7F, 0x01, 0xCE, 0x3F, 0xF7, 0x9E, 0xE1, 0xFC, 0x3F,
  0x83, 0xF0, 0xFF, 0x1C, 0xFF, 0x8F, 0xE0, 0x7F, 0xE7, 0xFF, 0x60, 0x66,
  0x0C, 0xC1, 0xC0, 0x38, 0x03, 0x00, 0x70, 0x07, 0x00, 0xF0, 0x0E, 0x00,
  0xE0, 0x0E, 0x00, 0xE0, 0x0E, 0x00, 0x1F, 0xC3, 0xDE, 0x70, 0xE7, 0x0E,
  0x78, 0xE3, 0xFC, 0x3F, 0x81, 0xFE, 0x3B, 0xF7, 0x0F, 0x70, 0x7F, 0x07,
  0x70, 0xF7, 0xFE, 0x3F, 0xC0, 0x3F, 0x0F, 0x73, 0x87, 0x70, 0xEE, 0x1F,
  0xC3, 0xF8, 0x7F, 0x9F, 0x7F, 0xE7, 0xB8, 0x07, 0x01, 0xEC, 0x3D, 0xFF,
  0x1F, 0xC0, 0x77, 0xDC, 0x00, 0x00, 0x00, 0x77, 0xDC, 0x77, 0xDC, 0x00,
  0x00, 0x00, 0x77, 0xDE, 0x63, 0x31, 0x00, 0x03, 0x0F, 0x3E, 0x78, 0xE0,
  0xF0, 0x78, 0x1E, 0x07, 0x03, 0xFF, 0xFF, 0xFF, 0xE0, 0x0F, 0xFF, 0xFF,
  0xFE, 0x60, 0x78, 0x0F, 0x01, 0xE0, 0x78, 0x3C, 0x78, 0xF8, 0xF0, 0x20,
  0x00, 0x7F, 0x39, 0xEE, 0x3F, 0x8F, 0x03, 0xC3, 0xE0, 0xF0, 0x78, 0x1C,
  0x06, 0x00, 0x00, 0x00, 0x1C, 0x0F, 0x01, 0xC0, 0x01, 0xF8, 0x03, 0xFF,
  0x81, 0xC0, 0x78, 0xE0, 0x06, 0x31, 0xE5, 0xD8, 0xFF, 0x36, 0x71, 0xCF,
  0x9C, 0x63, 0xC6, 0x38, 0xF3, 0x8E, 0x3C, 0x63, 0x8F, 0x99, 0x66, 0x67,
  0xDF, 0x1C, 0x00, 0x03, 0x80, 0x80, 0xFD, 0xE0, 0x0F, 0xF0, 0x00, 0x03,
  0xC0, 0x03, 0xE0, 0x03, 0xE0, 0x06, 0xE0, 0x06, 0xF0, 0x0E, 0xF0, 0x0C,
  0x70, 0x0C, 0x78, 0x1C, 0x78, 0x1F, 0xF8, 0x18, 0x3C, 0x38, 0x3C, 0x30,
  0x1E, 0xFC, 0x7F, 0xFC, 0x7F, 0xFF, 0xC7, 0xFF, 0x8E, 0x3C, 0x70, 0xE3,
  0x87, 0x1C, 0x78, 0xFF, 0x07, 0xFC, 0x38, 0xF9, 0xC3, 0xCE, 0x1E, 0x70,
  0xF3, 0x87, 0xFF, 0xFB, 0xFF, 0x00, 0x0F, 0xD1, 0xFF, 0xDE, 0x0E, 0xE0,
  0x3F, 0x01, 0xF8, 0x03, 0xC0, 0x1E, 0x00, 0xF0, 0x07, 0x80, 0x3C, 0x00,
  0xF0, 0x17, 0xC3, 0x9F, 0xF8, 0x3F, 0x80, 0xFF, 0xE1, 0xFF, 0xF0, 0xE1,
  0xF1, 0xC1, 0xE3, 0x81, 0xE7, 0x03, 0xCE, 0x07, 0x9C, 0x0F, 0x38, 0x1E,
  0x70, 0x3C, 0xE0, 0x71, 0xC1, 0xE3, 0x87, 0x9F, 0xFE, 0x3F, 0xF0, 0x00,
  0xFF, 0xF7, 0xFF, 0x8E, 0x1C, 0x70, 0x63, 0x80, 0x1C, 0x40, 0xFE, 0x07,
  0xF0, 0x39, 0x81, 0xC4, 0x0E, 0x06, 0x70, 0x63, 0x83, 0x7F, 0xFB, 0xFF,
  0xC0, 0xFF, 0xFF, 0xFF, 0x38, 0x73, 0x83, 0x38, 0x23, 0x8C, 0x38, 0xC3,
  0xFC, 0x3F, 0xC3, 0x8C, 0x38, 0x83, 0x80, 0x38, 0x0F, 0xF0, 0xFF, 0x00,
  0x0F, 0xF8, 0x7F, 0xF1, 0xE0, 0xE3, 0x80, 0xCF, 0x01, 0x9E, 0x00, 0x3C,
  0x00, 0x78, 0x7F, 0xF0, 0xFF, 0xE0, 0x7B, 0xC0, 0xF3, 0xC1, 0xE7, 0xC7,
  0xC7, 0xFF, 0x87, 0xF7, 0x00, 0xFE, 0x7F, 0xFE, 0x7F, 0x38, 0x1C, 0x38,
  0x1C, 0x38, 0x1C, 0x38, 0x1C, 0x3F, 0xFC, 0x3F, 0xFC, 0x38, 0x1C, 0x38,
  0x1C, 0x38, 0x1C, 0x38, 0x1C, 0x38, 0x1C, 0xFE, 0x7F, 0xFE, 0x7F, 0xFF,
  0xFC, 0xE1, 0xC3, 0x87, 0x0E, 0x1C, 0x38, 0x70, 0xE1, 0xC3, 0x9F, 0xFF,
  0x80, 0x07, 0xF0, 0x7F, 0x01, 0xC0, 0x1C, 0x01, 0xC0, 0x1C, 0x01, 0xC0,
  0x1C, 0x01, 0xC0, 0x1C, 0x71, 0xC7, 0x1C, 0xF3, 0xC7, 0xF8, 0x3F, 0x00,
  0xFE, 0x7E, 0xFE, 0x7E, 0x38, 0x30, 0x38, 0x60, 0x38, 0xC0, 0x39, 0xC0,
  0x3B, 0x80, 0x3F, 0xC0, 0x3F, 0xC0, 0x3D, 0xE0, 0x38, 0xF0, 0x38, 0xF0,
  0x38, 0x78, 0xFE, 0x7F, 0xFE, 0x3F, 0xFE, 0x0F, 0xE0, 0x38, 0x03, 0x80,
  0x38, 0x03, 0x80, 0x38, 0x03, 0x80, 0x38, 0x03, 0x80, 0x38, 0x33, 0x87,
  0x38, 0x7F, 0xFF, 0xFF, 0xF0, 0xFE, 0x07, 0xEF, 0xC0, 0xFC, 0xF8, 0x3E,
  0x1F, 0x87, 0xC3, 0x71, 0xB8, 0x6E, 0x37, 0x0D, 0xE6, 0xE1, 0x9D, 0x9C,
  0x33, 0xF3, 0xC6, 0x3C, 0x78, 0xC7, 0x8F, 0x18, 0xE1, 0xE7, 0x0C, 0x3D,
  0xF0, 0x0F, 0xFE, 0x01, 0xF8, 0xFC, 0x3F, 0xFE, 0x1F, 0x3E, 0x0E, 0x3F,
  0x0E, 0x3F, 0x0E, 0x37, 0x8E, 0x37, 0xCE, 0x33, 0xCE, 0x31, 0xEE, 0x31,
  0xEE, 0x30, 0xFE, 0x30, 0x7E, 0x30, 0x7E, 0xFC, 0x3E, 0xFC, 0x3E, 0x0F,
  0xE0, 0x7F, 0xF1, 0xE1, 0xF3, 0x81, 0xEF, 0x01, 0xFE, 0x03, 0xFC, 0x07,
  0xF8, 0x0F, 0xF0, 0x1F, 0xE0, 0x3F, 0xC0, 0x73, 0xC1, 0xE7, 0x83, 0x87,
  0xFE, 0x03, 0xF8, 0x00, 0xFF, 0xC7, 0xFF, 0x8E, 0x3C, 0x70, 0xF3, 0x87,
  0x9C, 0x38, 0xE3, 0xC7, 0xFE, 0x3F, 0xC1, 0xC0, 0x0E, 0x00, 0x70, 0x03,
  0x80, 0x7F, 0x83, 0xFC, 0x00, 0x0F, 0xF0, 0x07, 0xFF, 0x01, 0xE0, 0xF0,
  0x38, 0x1E, 0x0F, 0x01, 0xE1, 0xE0, 0x3C, 0x3C, 0x07, 0x87, 0x80, 0xF0,
  0xF0, 0x1E, 0x1F, 0xE3, 0xC3, 0xFE, 0x70, 0x3C, 0xFE, 0x07, 0x8F, 0x80,
  0x7F, 0xF0, 0x03, 0xFC, 0x00, 0x01, 0xC0, 0x00, 0x3E, 0xE0, 0x03, 0xF8,
  0x00, 0x3E, 0x00, 0xFF, 0xC1, 0xFF, 0xE0, 0xE3, 0xC1, 0xC3, 0xC3, 0x87,
  0x87, 0x1E, 0x0E, 0x78, 0x1F, 0xC0, 0x39, 0xC0, 0x73, 0xC0, 0xE3, 0xC1,
  0xC7, 0x83, 0x8F, 0x1F, 0xCF, 0xFF, 0x8F, 0x80, 0x3F, 0xEF, 0xFD, 0xC3,
  0xF8, 0x3F, 0x05, 0xF8, 0x1F, 0xE1, 0xFE, 0x1F, 0xE0, 0x7F, 0x03, 0xE0,
  0x7E, 0x0F, 0xFF, 0xB7, 0xE0, 0x7F, 0xFE, 0x7F, 0xFE, 0x73, 0xC6, 0x63,
  0xC6, 0xE3, 0xC7, 0x03, 0xC0, 0x03, 0xC0, 0x03, 0xC0, 0x03, 0xC0, 0x03,
  0xC0, 0x03, 0xC0, 0x03, 0xC0, 0x03, 0xC0, 0x0F, 0xF0, 0x0F, 0xF0, 0xFE,
  0x3F, 0xF8, 0x7D, 0xE0, 0x73, 0xC0, 0xE7, 0x81, 0xCF, 0x03, 0x9E, 0x07,
  0x3C, 0x0E, 0x78, 0x1C, 0xF0, 0x39, 0xE0, 0x71, 0xC0, 0xC3, 0xC3, 0x83,
  0xFE, 0x03, 0xF8, 0x00, 0xFE, 0x3F, 0xFE, 0x3F, 0x3C, 0x0C, 0x3C, 0x0C,
  0x1C, 0x1C, 0x1E, 0x18, 0x1E, 0x18, 0x0E, 0x38, 0x0F, 0x30, 0x0F, 0x30,
  0x07, 0x70, 0x07, 0xE0, 0x07, 0xE0, 0x03, 0xC0, 0x03, 0xC0, 0xFE, 0x1C,
  0x3F, 0xFE, 0x3E, 0x3F, 0x3C, 0x3E, 0x0C, 0x3C, 0x3E, 0x18, 0x1C, 0x3F,
  0x18, 0x1C, 0x6F, 0x18, 0x1E, 0x6F, 0x18, 0x1E, 0x67, 0x18, 0x1E, 0x67,
  0xB0, 0x0E, 0xC7, 0xB0, 0x0E, 0xC3, 0xB0, 0x0F, 0xC3, 0xB0, 0x0F, 0xC3,
  0xE0, 0x07, 0x83, 0xE0, 0x07, 0x81, 0xE0, 0xFE, 0x3F, 0xFE, 0x3F, 0x3C,
  0x18, 0x1E, 0x38, 0x0F, 0x70, 0x07, 0xE0, 0x07, 0xC0, 0x03, 0xC0, 0x03,
  0xE0, 0x07, 0xF0, 0x0E, 0x78, 0x1C, 0x78, 0x38, 0x3C, 0xFC, 0x7F, 0xFC,
  0x7F, 0xFE, 0x3F, 0xFE, 0x3F, 0x3C, 0x1C, 0x1E, 0x18, 0x1E, 0x38, 0x0F,
  0x30, 0x07, 0x60, 0x07, 0xE0, 0x03, 0xC0, 0x03, 0xC0, 0x03, 0xC0, 0x03,
  0xC0, 0x03, 0xC0, 0x0F, 0xF0, 0x0F, 0xF0, 0xFF, 0xFF, 0xFF, 0xF8, 0x3D,
  0xC3, 0xCC, 0x3E, 0x01, 0xE0, 0x1E, 0x01, 0xE0, 0x0F, 0x00, 0xF0, 0x0F,
  0x06, 0xF0, 0x77, 0x87, 0xFF, 0xFF, 0xFF, 0xC0, 0xFF, 0xF9, 0xCE, 0x73,
  0x9C, 0xE7, 0x39, 0xCE, 0x73, 0x9C, 0xE7, 0x39, 0xCE, 0x7F, 0xE0, 0xE0,
  0x18, 0x07, 0x00, 0xC0, 0x30, 0x0E, 0x01, 0x80, 0x70, 0x1C, 0x03, 0x00,
  0xE0, 0x38, 0x06, 0x01, 0xC0, 0x30, 0x0E, 0x03, 0x80, 0x60, 0x1C, 0xFF,
  0xCE, 0x73, 0x9C, 0xE7, 0x39, 0xCE, 0x73, 0x9C, 0xE7, 0x39, 0xCE, 0x73,
  0xFF, 0xE0, 0x0E, 0x03, 0xC0, 0xFC, 0x1D, 0xC7, 0x39, 0xC3, 0xB8, 0x3A,
  0x04, 0xFF, 0xFF, 0xF0, 0x67, 0x9C, 0x30, 0x80, 0x7F, 0x1C, 0xF3, 0x8E,
  0x71, 0xC0, 0x38, 0x7F, 0x3C, 0xE7, 0x1C, 0xE3, 0x9F, 0xFD, 0xF7, 0x80,
  0x08, 0x07, 0xC0, 0x1E, 0x00, 0x70, 0x03, 0x80, 0x1C, 0x00, 0xEF, 0x87,
  0xFE, 0x3C, 0x79, 0xC3, 0xCE, 0x0E, 0x70, 0x73, 0x87, 0x9C, 0x3C, 0xE1,
  0xE7, 0xFE, 0x37, 0xE0, 0x3F, 0x9E, 0xF7, 0x1F, 0x87, 0xE0, 0x38, 0x0E,
  0x03, 0xC0, 0xF8, 0xDF, 0xF3, 0xF8, 0x00, 0x20, 0x1F, 0x00, 0x78, 0x01,
  0xC0, 0x0E, 0x00, 0x70, 0xFF, 0x8F, 0xFC, 0xF0, 0xE7, 0x87, 0x38, 0x39,
  0xC1, 0xCE, 0x0E, 0x78, 0x73, 0xC7, 0x8F, 0xFF, 0x3E, 0xF8, 0x3F, 0x8F,
  0x79, 0xC7, 0x70, 0xEF, 0xFD, 0xFF, 0xB8, 0x07, 0x80, 0xF8, 0xEF, 0xF8,
  0xFE, 0x00, 0x0F, 0x07, 0xE3, 0x9C, 0xE7, 0x78, 0x1E, 0x0F, 0xF3, 0xFC,
  0x78, 0x1E, 0x07, 0x81, 0xE0, 0x78, 0x1E, 0x07, 0x83, 0xF8, 0xFE, 0x00,
  0x00, 0x38, 0x03, 0xC7, 0xF4, 0xF3, 0x87, 0x1E, 0x38, 0x71, 0xC3, 0x8F,
  0x3C, 0x3F, 0xC1, 0xB0, 0x1C, 0x00, 0xFF, 0xC3, 0xFF, 0x38, 0x7F, 0xC1,
  0xDE, 0x1E, 0x7F, 0xE1, 0xFC, 0x00, 0x08, 0x07, 0xC0, 0x1E, 0x00, 0xF0,
  0x07, 0x80, 0x3C, 0x01, 0xEF, 0x8F, 0xFE, 0x78, 0xF3, 0xC7, 0x9E, 0x3C,
  0xF1, 0xE7, 0x8F, 0x3C, 0x79, 0xE3, 0xDF, 0xBF, 0xFD, 0xF8, 0x31, 0xE7,
  0x9C, 0x00, 0x0F, 0xBE, 0x79, 0xE7, 0x9E, 0x79, 0xE7, 0xBF, 0xFC, 0x18,
  0xF7, 0xCE, 0x00, 0x07, 0xDF, 0x3C, 0xF3, 0xCF, 0x3C, 0xF3, 0xCF, 0x3C,
  0xE3, 0x9C, 0xF1, 0x00, 0x08, 0x03, 0xE0, 0x07, 0x80, 0x1E, 0x00, 0x78,
  0x01, 0xE0, 0x07, 0x9F, 0x9E, 0x7E, 0x78, 0xC1, 0xE6, 0x07, 0xB0, 0x1F,
  0xE0, 0x7B, 0xC1, 0xEF, 0x07, 0x9E, 0x3F, 0x3E, 0xFC, 0x7C, 0x0B, 0xEF,
  0x9E, 0x79, 0xE7, 0x9E, 0x79, 0xE7, 0x9E, 0x79, 0xE7, 0xBF, 0xFC, 0xF3,
  0xE7, 0x8F, 0x7E, 0xFC, 0x78, 0xF1, 0xC7, 0x8F, 0x1E, 0x78, 0xF1, 0xE7,
  0x8F, 0x1E, 0x78, 0xF1, 0xE7, 0x8F, 0x1E, 0x78, 0xF1, 0xEF, 0xDF, 0xBF,
  0xFD, 0xFB, 0xF0, 0xF3, 0xE7, 0xBF, 0x9F, 0x3C, 0xF0, 0xE7, 0x87, 0x3C,
  0x39, 0xE1, 0xCF, 0x0E, 0x78, 0x77, 0xEF, 0xFF, 0x7E, 0x3F, 0x87, 0xFE,
  0xF1, 0xEF, 0x0E, 0xE0, 0xFE, 0x0F, 0xF0, 0xFF, 0x0E, 0xF1, 0xE7, 0xFC,
  0x3F, 0x80, 0xF7, 0xEF, 0xFF, 0x78, 0xF7, 0x87, 0x78, 0x77, 0x87, 0x78,
  0x77, 0x87, 0x78, 0xF7, 0xFE, 0x7F, 0xC7, 0x80, 0x78, 0x07, 0x80, 0xFE,
  0x0F, 0xE0, 0x3F, 0x63, 0xFF, 0x3C, 0x39, 0xE1, 0xCE, 0x0E, 0x70, 0x73,
  0x83, 0x9E, 0x1C, 0xF1, 0xE3, 0xFF, 0x0F, 0xB8, 0x01, 0xC0, 0x0E, 0x00,
  0x70, 0x0F, 0xE0, 0x7F, 0xF3, 0xFD, 0xF7, 0x9D, 0xE7, 0x78, 0x1E, 0x07,
  0x81, 0xE0, 0x78, 0x3F, 0x8F, 0xE0, 0x7F, 0xF1, 0xF8, 0x7E, 0x0F, 0xE3,
  0xFC, 0x7F, 0x87, 0xC3, 0xFB, 0xFF, 0xC0, 0x38, 0x38, 0x38, 0x78, 0xFF,
  0xFF, 0x78, 0x78, 0x78, 0x78, 0x78, 0x78, 0x79, 0x7F, 0x3E, 0x78, 0xF3,
  0xE3, 0xC3, 0x87, 0x0E, 0x1C, 0x38, 0x70, 0xE1, 0xC3, 0x87, 0x0E, 0x1C,
  0x3C, 0xF0, 0xFF, 0xF1, 0xF7, 0xC0, 0xFE, 0xFF, 0xF7, 0xCE, 0x0C, 0x78,
  0xC1, 0xC6, 0x0E, 0x20, 0x7B, 0x01, 0xD8, 0x0F, 0x80, 0x3C, 0x01, 0xE0,
  0xFC, 0x71, 0xFF, 0x9F, 0x3C, 0xE3, 0xE3, 0x1C, 0x7C, 0x43, 0xCB, 0x98,
  0x3B, 0x3B, 0x07, 0x67, 0x40, 0xFC, 0xF8, 0x0F, 0x1F, 0x01, 0xE1, 0xE0,
  0x3C, 0x38, 0x00, 0xFE, 0xFF, 0xF7, 0xCF, 0x38, 0x3F, 0x80, 0xF8, 0x07,
  0x80, 0x3E, 0x03, 0x78, 0x39, 0xE7, 0xDF, 0xFE, 0xFE, 0xFE, 0xFF, 0xF7,
  0xCE, 0x0C, 0x78, 0xC1, 0xC6, 0x0F, 0x60, 0x3B, 0x01, 0xD0, 0x0F, 0x80,
  0x3C, 0x01, 0xC0, 0x06, 0x06, 0x60, 0x73, 0x03, 0xF0, 0x0F, 0x00, 0xFF,
  0xFF, 0xEC, 0x7B, 0x3C, 0x0E, 0x07, 0x83, 0xC1, 0xE3, 0x70, 0xFF, 0xFF,
  0xFC, 0x1D, 0xF7, 0x1C, 0x71, 0xC7, 0x9E, 0x38, 0xE7, 0x38, 0x71, 0xE3,
  0x9E, 0x79, 0xC7, 0x1C, 0x71, 0xF3, 0xC0, 0xFF, 0xFF, 0xFF, 0xFF, 0xFC,
  0xE3, 0xC3, 0x8E, 0x38, 0xE7, 0x9C, 0x71, 0xC3, 0x87, 0x39, 0xC7, 0x1C,
  0x78, 0xE3, 0x8E, 0x3B, 0xEF, 0x00, 0x7C, 0xDF, 0xFC, 0x78, 0xFF, 0xC0,
  0xE0, 0x70, 0x38, 0x1C, 0x0E, 0x07, 0x03, 0x81, 0xC0, 0xE0, 0x70, 0x38,
  0x1C, 0x0F, 0xFE, 0xFF, 0xC0, 0xE0, 0x70, 0x38, 0x1C, 0x0E, 0x07, 0x03,
  0x81, 0xC0, 0xE0, 0x70, 0x38, 0x1C, 0x0F, 0xFE, 0xFF, 0xC0, 0xE0, 0x70,
  0x38, 0x1C, 0x0E, 0x07, 0x03, 0x81, 0xC0, 0xE0, 0x70, 0x38, 0x1C, 0x0F,
  0xFE, 0xFF, 0xC0, 0xE0, 0x70, 0x38, 0x1C, 0x0E, 0x07, 0x03, 0x81, 0xC0,
  0xE0, 0x70, 0x38, 0x1C, 0x0F, 0xFE, 0xFF, 0xC0, 0xE0, 0x70, 0x38, 0x1C,
  0x0E, 0x07, 0x03, 0x81, 0xC0, 0xE0, 0x70, 0x38, 0x1C, 0x0F, 0xFE, 0xFF,
  0xC0, 0xE0, 0x70, 0x38, 0x1C, 0x0E, 0x07, 0x03, 0x81, 0xC0, 0xE0, 0x70,
  0x38, 0x1C, 0x0F, 0xFE, 0xFF, 0xC0, 0xE0, 0x70, 0x38, 0x1C, 0x0E, 0x07,
  0x03, 0x81, 0xC0, 0xE0, 0x70, 0x38, 0x1C, 0x0F, 0xFE, 0xFF, 0xC0, 0xE0,
  0x70, 0x38, 0x1C, 0x0E, 0x07, 0x03, 0x81, 0xC0, 0xE0, 0x70, 0x38, 0x1C,
  0x0F, 0xFE, 0xFF, 0xC0, 0xE0, 0x70, 0x38, 0x1C, 0x0E, 0x07, 0x03, 0x81,
  0xC0, 0xE0, 0x70, 0x38, 0x1C, 0x0F, 0xFE, 0xFF, 0xC0, 0xE0, 0x70, 0x38,
  0x1C, 0x0E, 0x07, 0x03, 0x81, 0xC0, 0xE0, 0x70, 0x38, 0x1C, 0x0F, 0xFE,
  0xFF, 0xC0, 0xE0, 0x70, 0x38, 0x1C, 0x0E, 0x07, 0x03, 0x81, 0xC0, 0xE0,
  0x70, 0x38, 0x1C, 0x0F, 0xFE, 0xFF, 0xC0, 0xE0, 0x70, 0x38, 0x1C, 0x0E,
  0x07, 0x03, 0x81, 0xC0, 0xE0, 0x70, 0x38, 0x1C, 0x0F, 0xFE, 0xFF, 0xC0,
  0xE0, 0x70, 0x38, 0x1C, 0x0E, 0x07, 0x03, 0x81, 0xC0, 0xE0, 0x70, 0x38,
  0x1C, 0x0F, 0xFE, 0xFF, 0xC0, 0xE0, 0x70, 0x38, 0x1C, 0x0E, 0x07, 0x03,
  0x81, 0xC0, 0xE0, 0x70, 0x38, 0x1C, 0x0F, 0xFE, 0xFF, 0xC0, 0xE0, 0x70,
  0x38, 0x1C, 0x0E, 0x07, 0x03, 0x81, 0xC0, 0xE0, 0x70, 0x38, 0x1C, 0x0F,
  0xFE, 0xFF, 0xC0, 0xE0, 0x70, 0x38, 0x1C, 0x0E, 0x07, 0x03, 0x81, 0xC0,
  0xE0, 0x70, 0x38, 0x1C, 0x0F, 0xFE, 0xFF, 0xC0, 0xE0, 0x70, 0x38, 0x1C,
  0x0E, 0x07, 0x03, 0x81, 0xC0, 0xE0, 0x70, 0x38, 0x1C, 0x0F, 0xFE, 0xFF,
  0xC0, 0xE0, 0x70, 0x38, 0x1C, 0x0E, 0x07, 0x03, 0x81, 0xC0, 0xE0, 0x70,
  0x38, 0x1C, 0x0F, 0xFE, 0xFF, 0xC0, 0xE0, 0x70, 0x38, 0x1C, 0x0E, 0x07,
  0x03, 0x81, 0xC0, 0xE0, 0x70, 0x38, 0x1C, 0x0F, 0xFE, 0xFF, 0xC0, 0xE0,
  0x70, 0x38, 0x1C, 0x0E, 0x07, 0x03, 0x81, 0xC0, 0xE0, 0x70, 0x38, 0x1C,
  0x0F, 0xFE, 0xFF, 0xC0, 0xE0, 0x70, 0x38, 0x1C, 0x0E, 0x07, 0x03, 0x81,
  0xC0, 0xE0, 0x70, 0x38, 0x1C, 0x0F, 0xFE, 0xFF, 0xC0, 0xE0, 0x70, 0x38,
  0x1C, 0x0E, 0x07, 0x03, 0x81, 0xC0, 0xE0, 0x70, 0x38, 0x1C, 0x0F, 0xFE,
  0xFF, 0xC0, 0xE0, 0x70, 0x38, 0x1C, 0x0E, 0x07, 0x03, 0x81, 0xC0, 0xE0,
  0x70, 0x38, 0x1C, 0x0F, 0xFE, 0xFF, 0xC0, 0xE0, 0x70, 0x38, 0x1C, 0x0E,
  0x07, 0x03, 0x81, 0xC0, 0xE0, 0x70, 0x38, 0x1C, 0x0F, 0xFE, 0xFF, 0xC0,
  0xE0, 0x70, 0x38, 0x1C, 0x0E, 0x07, 0x03, 0x81, 0xC0, 0xE0, 0x70, 0x38,
  0x1C, 0x0F, 0xFE, 0xFF, 0xC0, 0xE0, 0x70, 0x38, 0x1C, 0x0E, 0x07, 0x03,
  0x81, 0xC0, 0xE0, 0x70, 0x38, 0x1C, 0x0F, 0xFE, 0xFF, 0xC0, 0xE0, 0x70,
  0x38, 0x1C, 0x0E, 0x07, 0x03, 0x81, 0xC0, 0xE0, 0x70, 0x38, 0x1C, 0x0F,
  0xFE, 0xFF, 0xC0, 0xE0, 0x70, 0x38, 0x1C, 0x0E, 0x07, 0x03, 0x81, 0xC0,
  0xE0, 0x70, 0x38, 0x1C, 0x0F, 0xFE, 0xFF, 0xC0, 0xE0, 0x70, 0x38, 0x1C,
  0x0E, 0x07, 0x03, 0x81, 0xC0, 0xE0, 0x70, 0x38, 0x1C, 0x0F, 0xFE, 0xFF,
  0xC0, 0xE0, 0x70, 0x38, 0x1C, 0x0E, 0x07, 0x03, 0x81, 0xC0, 0xE0, 0x70,
  0x38, 0x1C, 0x0F, 0xFE, 0xFF, 0xC0, 0xE0, 0x70, 0x38, 0x1C, 0x0E, 0x07,
  0x03, 0x81, 0xC0, 0xE0, 0x70, 0x38, 0x1C, 0x0F, 0xFE, 0xFF, 0xC0, 0xE0,
  0x70, 0x38, 0x1C, 0x0E, 0x07, 0x03, 0x81, 0xC0, 0xE0, 0x70, 0x38, 0x1C,
  0x0F, 0xFE, 0xFF, 0xC0, 0xE0, 0x70, 0x38, 0x1C, 0x0E, 0x07, 0x03, 0x81,
  0xC0, 0xE0, 0x70, 0x38, 0x1C, 0x0F, 0xFE, 0x00, 0xEF, 0xE0, 0x06, 0x66,
  0xEE, 0xEE, 0xFF, 0xE0, 0x07, 0x01, 0x83, 0xF9, 0xFF, 0x7F, 0xFB, 0x7E,
  0xC3, 0xB0, 0xEC, 0x3F, 0x0F, 0x8D, 0xFF, 0x3F, 0x06, 0x03, 0x80, 0x0F,
  0xE3, 0xC6, 0x38, 0xF3, 0x8F, 0x38, 0x03, 0xC0, 0x3C, 0x07, 0xFC, 0x9E,
  0x00, 0xE0, 0x0E, 0x31, 0xC3, 0x18, 0x77, 0xFF, 0x7F, 0xF0, 0x40, 0x7F,
  0xF7, 0xF9, 0xCE, 0xF3, 0xBC, 0xF7, 0x39, 0xFE, 0xFF, 0xF0, 0x30, 0xFF,
  0x3F, 0xFF, 0x3F, 0x3C, 0x0C, 0x1E, 0x18, 0x0E, 0x18, 0x0F, 0x30, 0x3F,
  0xFC, 0x3F, 0xFC, 0x03, 0xC0, 0x3F, 0xFC, 0x03, 0xC0, 0x03, 0xC0, 0x03,
  0xC0, 0x07, 0xF0, 0x07, 0xF0, 0xFF, 0xFF, 0x0F, 0xFF, 0xFC, 0x06, 0x01,
  0xF8, 0x39, 0xC3, 0x9C, 0x38, 0x03, 0xC0, 0x7E, 0x0C, 0xF8, 0xE7, 0xCF,
  0x1E, 0xF8, 0xF7, 0xC7, 0x3F, 0x60, 0xFE, 0x07, 0xC1, 0x3C, 0x79, 0xC7,
  0x38, 0x3F, 0x00, 0xC0, 0x42, 0x7B, 0xFD, 0xEC, 0x60, 0x0F, 0xF0, 0x18,
  0x1C, 0x30, 0x0C, 0x67, 0xE6, 0x6E, 0x22, 0xCE, 0x33, 0xCC, 0x03, 0xCC,
  0x03, 0xCE, 0x03, 0x6E, 0x32, 0x67, 0xE6, 0x31, 0x8C, 0x38, 0x18, 0x0F,
  0xF0, 0x7C, 0x67, 0x33, 0x81, 0xCF, 0xE6, 0x73, 0xBB, 0xEF, 0x08, 0x46,
  0x33, 0x9D, 0xCE, 0xE7, 0x39, 0xCF, 0x79, 0xCE, 0x39, 0xC6, 0x30, 0xFF,
  0xFF, 0xC0, 0xE0, 0x70, 0x38, 0x00, 0x1C, 0x3F, 0xBA, 0xDD, 0x6E, 0x7F,
  0x5B, 0x24, 0xFC, 0x18, 0x00, 0xFF, 0xFF, 0xF8, 0x7B, 0x3C, 0xF3, 0x78,
  0x18, 0x0C, 0x06, 0x1F, 0xFF, 0xF8, 0xC0, 0x60, 0x30, 0x00, 0x00, 0x3F,
  0xFF, 0xF0, 0x3E, 0x6F, 0xE7, 0x47, 0x06, 0x0C, 0x18, 0x33, 0x7F, 0x7F,
  0x3E, 0x67, 0x67, 0x07, 0x1C, 0x1E, 0x07, 0x47, 0xFF, 0x7E, 0x37, 0xFC,
  0x80, 0xE1, 0xCE, 0x1C, 0xE1, 0xCE, 0x1C, 0xE1, 0xCE, 0x1C, 0xE1, 0xCE,
  0x1C, 0xE3, 0xCF, 0xFF, 0xFC, 0xFE, 0x00, 0xE0, 0x0E, 0x00, 0xE0, 0x0E,
  0x00, 0x3D, 0xF7, 0xDF, 0xFD, 0xCF, 0xDC, 0xFD, 0xCF, 0xDC, 0xFD, 0xC7,
  0xDC, 0x7D, 0xC1, 0xDC, 0x01, 0xC0, 0x1C, 0x01, 0xC0, 0x1C, 0x01, 0xC0,
  0x1C, 0x07, 0xC0, 0x7C, 0x77, 0xDC, 0x63, 0xC7, 0x7F, 0x80, 0xF3, 0xC7,
  0x1C, 0x71, 0xC7, 0x1C, 0x7B, 0xF0, 0x3C, 0xEF, 0xC7, 0xC7, 0xC7, 0xE7,
  0xE7, 0x7E, 0x84, 0x31, 0x8E, 0x71, 0xCE, 0x39, 0xCE, 0x77, 0xBD, 0xCE,
  0xE7, 0x21, 0x00, 0xF0, 0x01, 0x0F, 0x00, 0xE0, 0x70, 0x0C, 0x07, 0x01,
  0xC0, 0x70, 0x18, 0x07, 0x03, 0x80, 0x70, 0x30, 0xE7, 0x07, 0x1E, 0x78,
  0xE3, 0xEF, 0xCC, 0x2E, 0x01, 0xC6, 0xE0, 0x18, 0xCE, 0x03, 0x88, 0xE0,
  0x31, 0xFF, 0x07, 0x00, 0xE0, 0xE0, 0x0E, 0xF0, 0x01, 0x07, 0x80, 0x70,
  0x1C, 0x03, 0x00, 0xE0, 0x38, 0x07, 0x01, 0x80, 0x38, 0x1C, 0x01, 0xC0,
  0xC7, 0xCE, 0x0E, 0x6F, 0x78, 0xE7, 0x3F, 0xE6, 0x11, 0xC0, 0x70, 0x0C,
  0x03, 0x00, 0xC0, 0x38, 0x0C, 0x01, 0x80, 0xCC, 0x1C, 0x0F, 0xE1, 0xC0,
  0x7F, 0x3E, 0x03, 0xC1, 0x9C, 0x0C, 0x06, 0x70, 0x70, 0x01, 0xC1, 0x80,
  0x1C, 0x0E, 0x00, 0x78, 0x30, 0xE0, 0x71, 0xC7, 0x91, 0xCE, 0x3E, 0xFF,
  0x30, 0xB9, 0xF9, 0xC6, 0xE0, 0x06, 0x33, 0x80, 0x38, 0x8E, 0x00, 0xC7,
  0xFC, 0x07, 0x00, 0xE0, 0x38, 0x03, 0x80, 0x0E, 0x03, 0xC0, 0xE0, 0x00,
  0x00, 0x01, 0x80, 0xE0, 0x78, 0x3C, 0x1F, 0x0F, 0x0B, 0xC7, 0xF1, 0xDE,
  0x73, 0xF0, 0x07, 0x00, 0x07, 0x80, 0x03, 0xC0, 0x00, 0x60, 0x00, 0x00,
  0x03, 0xC0, 0x03, 0xE0, 0x03, 0xE0, 0x06, 0xE0, 0x06, 0xF0, 0x0E, 0xF0,
  0x0C, 0x70, 0x0C, 0x78, 0x1C, 0x78, 0x1F, 0xF8, 0x18, 0x3C, 0x38, 0x3C,
  0x30, 0x1E, 0xFC, 0x7F, 0xFC, 0x7F, 0x00, 0x60, 0x00, 0xF0, 0x01, 0xC0,
  0x03, 0x00, 0x00, 0x00, 0x03, 0xC0, 0x03, 0xE0, 0x03, 0xE0, 0x06, 0xE0,
  0x06, 0xF0, 0x0E, 0xF0, 0x0C, 0x70, 0x0C, 0x78, 0x1C, 0x78, 0x1F, 0xF8,
  0x18, 0x3C, 0x38, 0x3C, 0x30, 0x1E, 0xFC, 0x7F, 0xFC, 0x7F, 0x00, 0x80,
  0x01, 0xC0, 0x03, 0xE0, 0x07, 0x70, 0x0C, 0x10, 0x00, 0x00, 0x03, 0xC0,
  0x03, 0xE0, 0x03, 0xE0, 0x06, 0xE0, 0x06, 0xF0, 0x0E, 0xF0, 0x0C, 0x70,
  0x0C, 0x78, 0x1C, 0x78, 0x1F, 0xF8, 0x18, 0x3C, 0x38, 0x3C, 0x30, 0x1E,
  0xFC, 0x7F, 0xFC, 0x7F, 0x03, 0x90, 0x07, 0xF0, 0x0D, 0xF0, 0x00, 0x00,
  0x00, 0x00, 0x03, 0xC0, 0x03, 0xE0, 0x03, 0xE0, 0x06, 0xE0, 0x06, 0xF0,
  0x0E, 0xF0, 0x0C, 0x70, 0x0C, 0x78, 0x1C, 0x78, 0x1F, 0xF8, 0x18, 0x3C,
  0x38, 0x3C, 0x30, 0x1E, 0xFC, 0x7F, 0xFC, 0x7F, 0x0E, 0x70, 0x0F, 0x78,
  0x0F, 0x78, 0x00, 0x00, 0x00, 0x00, 0x03, 0xC0, 0x03, 0xE0, 0x03, 0xE0,
  0x06, 0xE0, 0x06, 0xF0, 0x0E, 0xF0, 0x0C, 0x70, 0x0C, 0x78, 0x1C, 0x78,
  0x1F, 0xF8, 0x18, 0x3C, 0x38, 0x3C, 0x30, 0x1E, 0xFC, 0x7F, 0xFC, 0x7F,
  0x01, 0xC0, 0x03, 0x60, 0x06, 0x60, 0x03, 0x60, 0x03, 0xC0, 0x00, 0x00,
  0x03, 0xC0, 0x03, 0xE0, 0x03, 0xE0, 0x06, 0xE0, 0x06, 0xF0, 0x0E, 0xF0,
  0x0C, 0x70, 0x0C, 0x78, 0x1C, 0x78, 0x1F, 0xF8, 0x18, 0x3C, 0x38, 0x3C,
  0x30, 0x1E, 0xFC, 0x7F, 0xFC, 0x7F, 0x03, 0xFF, 0xF8, 0x0F, 0xFF, 0xE0,
  0x19, 0xC3, 0x80, 0xC7, 0x06, 0x03, 0x1C, 0x00, 0x1C, 0x71, 0x00, 0x61,
  0xCC, 0x03, 0xFF, 0xF0, 0x0F, 0xFF, 0xC0, 0x70, 0x71, 0x01, 0x81, 0xC0,
  0xCE, 0x07, 0x06, 0x30, 0x1C, 0x1B, 0xF1, 0xFF, 0xEF, 0xC7, 0xFF, 0x80,
  0x0F, 0xD1, 0xFF, 0xDE, 0x0E, 0xE0, 0x3F, 0x01, 0xF8, 0x03, 0xC0, 0x1E,
  0x00, 0xF0, 0x07, 0x80, 0x3C, 0x00, 0xF0, 0x17, 0xC3, 0x9F, 0xF8, 0x3F,
  0x80, 0x60, 0x03, 0x80, 0x0E, 0x01, 0x70, 0x0F, 0x00, 0x1C, 0x00, 0xF0,
  0x03, 0xC0, 0x03, 0x00, 0x00, 0x7F, 0xFB, 0xFF, 0xC7, 0x0E, 0x38, 0x31,
  0xC0, 0x0E, 0x20, 0x7F, 0x03, 0xF8, 0x1C, 0xC0, 0xE2, 0x07, 0x03, 0x38,
  0x31, 0xC1, 0xBF, 0xFD, 0xFF, 0xE0, 0x01, 0x80, 0x1E, 0x01, 0xC0, 0x18,
  0x00, 0x00, 0x7F, 0xFB, 0xFF, 0xC7, 0x0E, 0x38, 0x31, 0xC0, 0x0E, 0x20,
  0x7F, 0x03, 0xF8, 0x1C, 0xC0, 0xE2, 0x07, 0x03, 0x38, 0x31, 0xC1, 0xBF,
  0xFD, 0xFF, 0xE0, 0x02, 0x00, 0x38, 0x03, 0xE0, 0x3B, 0x83, 0x04, 0x00,
  0x03, 0xFF, 0xDF, 0xFE, 0x38, 0x71, 0xC1, 0x8E, 0x00, 0x71, 0x03, 0xF8,
  0x1F, 0xC0, 0xE6, 0x07, 0x10, 0x38, 0x19, 0xC1, 0x8E, 0x0D, 0xFF, 0xEF,
  0xFF, 0x00, 0x39, 0xC1, 0xEF, 0x0F, 0x78, 0x00, 0x00, 0x00, 0x7F, 0xFB,
  0xFF, 0xC7, 0x0E, 0x38, 0x31, 0xC0, 0x0E, 0x20, 0x7F, 0x03, 0xF8, 0x1C,
  0xC0, 0xE2, 0x07, 0x03, 0x38, 0x31, 0xC1, 0xBF, 0xFD, 0xFF, 0xE0, 0xE1,
  0xE1, 0xE0, 0x60, 0x1F, 0xFF, 0x9C, 0x38, 0x70, 0xE1, 0xC3, 0x87, 0x0E,
  0x1C, 0x38, 0x73, 0xFF, 0xF0, 0x0C, 0x3C, 0xE3, 0x00, 0x1F, 0xFF, 0x9C,
  0x38, 0x70, 0xE1, 0xC3, 0x87, 0x0E, 0x1C, 0x38, 0x73, 0xFF, 0xF0, 0x08,
  0x1C, 0x3E, 0x77, 0xC1, 0x00, 0x7F, 0x7F, 0x1C, 0x1C, 0x1C, 0x1C, 0x1C,
  0x1C, 0x1C, 0x1C, 0x1C, 0x1C, 0x1C, 0x7F, 0x7F, 0xE7, 0x7B, 0xFD, 0xE0,
  0x00, 0x03, 0xF9, 0xFC, 0x38, 0x1C, 0x0E, 0x07, 0x03, 0x81, 0xC0, 0xE0,
  0x70, 0x38, 0x1C, 0x0E, 0x1F, 0xCF, 0xE0, 0x7F, 0xF0, 0x7F, 0xFC, 0x1C,
  0x3E, 0x1C, 0x1E, 0x1C, 0x0F, 0x1C, 0x0F, 0x7F, 0x8F, 0xFF, 0x8F, 0x1C,
  0x0F, 0x1C, 0x0F, 0x1C, 0x0E, 0x1C, 0x1E, 0x1C, 0x3C, 0x7F, 0xF8, 0x7F,
  0xE0, 0x03, 0x90, 0x07, 0xF0, 0x0D, 0xF0, 0x00, 0x00, 0x00, 0x00, 0xFC,
  0x3F, 0xFE, 0x1F, 0x3E, 0x0E, 0x3F, 0x0E, 0x3F, 0x0E, 0x37, 0x8E, 0x37,
  0xCE, 0x33, 0xCE, 0x31, 0xEE, 0x31, 0xEE, 0x30, 0xFE, 0x30, 0x7E, 0x30,
  0x7E, 0xFC, 0x3E, 0xFC, 0x3E, 0x0E, 0x00, 0x1E, 0x00, 0x1E, 0x00, 0x06,
  0x00, 0x00, 0x01, 0xFC, 0x0F, 0xFE, 0x3C, 0x3E, 0x70, 0x3D, 0xE0, 0x3F,
  0xC0, 0x7F, 0x80, 0xFF, 0x01, 0xFE, 0x03, 0xFC, 0x07, 0xF8, 0x0E, 0x78,
  0x3C, 0xF0, 0x70, 0xFF, 0xC0, 0x7F, 0x00, 0x00, 0xC0, 0x03, 0xC0, 0x0E,
  0x00, 0x30, 0x00, 0x00, 0x01, 0xFC, 0x0F, 0xFE, 0x3C, 0x3E, 0x70, 0x3D,
  0xE0, 0x3F, 0xC0, 0x7F, 0x80, 0xFF, 0x01, 0xFE, 0x03, 0xFC, 0x07, 0xF8,
  0x0E, 0x78, 0x3C, 0xF0, 0x70, 0xFF, 0xC0, 0x7F, 0x00, 0x01, 0x00, 0x07,
  0x00, 0x1F, 0x00, 0x77, 0x01, 0x82, 0x00, 0x00, 0x03, 0xF8, 0x1F, 0xFC,
  0x78, 0x7C, 0xE0, 0x7B, 0xC0, 0x7F, 0x80, 0xFF, 0x01, 0xFE, 0x03, 0xFC,
  0x07, 0xF8, 0x0F, 0xF0, 0x1C, 0xF0, 0x79, 0xE0, 0xE1, 0xFF, 0x80, 0xFE,
  0x00, 0x07, 0x20, 0x1F, 0xC0, 0x6F, 0x80, 0x00, 0x00, 0x00, 0x01, 0xFC,
  0x0F, 0xFE, 0x3C, 0x3E, 0x70, 0x3D, 0xE0, 0x3F, 0xC0, 0x7F, 0x80, 0xFF,
  0x01, 0xFE, 0x03, 0xFC, 0x07, 0xF8, 0x0E, 0x78, 0x3C, 0xF0, 0x70, 0xFF,
  0xC0, 0x7F, 0x00, 0x1C, 0xE0, 0x3D, 0xE0, 0x7B, 0xC0, 0x00, 0x00, 0x00,
  0x01, 0xFC, 0x0F, 0xFE, 0x3C, 0x3E, 0x70, 0x3D, 0xE0, 0x3F, 0xC0, 0x7F,
  0x80, 0xFF, 0x01, 0xFE, 0x03, 0xFC, 0x07, 0xF8, 0x0E, 0x78, 0x3C, 0xF0,
  0x70, 0xFF, 0xC0, 0x7F, 0x00, 0x42, 0xE3, 0x77, 0x3E, 0x1C, 0x3E, 0x77,
  0xE3, 0x42, 0x0F, 0xEE, 0x7F, 0xF9, 0xE1, 0xF3, 0x83, 0xEF, 0x07, 0xFE,
  0x1B, 0xFC, 0x67, 0xF9, 0xCF, 0xF7, 0x1F, 0xFC, 0x3F, 0xF0, 0x73, 0xC1,
  0xE7, 0x83, 0x8F, 0xFE, 0x3B, 0xF8, 0x00, 0x07, 0x00, 0x0F, 0x00, 0x0F,
  0x00, 0x03, 0x00, 0x00, 0x1F, 0xC7, 0xFF, 0x0F, 0xBC, 0x0E, 0x78, 0x1C,
  0xF0, 0x39, 0xE0, 0x73, 0xC0, 0xE7, 0x81, 0xCF, 0x03, 0x9E, 0x07, 0x3C,
  0x0E, 0x38, 0x18, 0x78, 0x70, 0x7F, 0xC0, 0x7F, 0x00, 0x00, 0x60, 0x01,
  0xE0, 0x07, 0x00, 0x18, 0x00, 0x00, 0x1F, 0xC7, 0xFF, 0x0F, 0xBC, 0x0E,
  0x78, 0x1C, 0xF0, 0x39, 0xE0, 0x73, 0xC0, 0xE7, 0x81, 0xCF, 0x03, 0x9E,
  0x07, 0x3C, 0x0E, 0x38, 0x18, 0x78, 0x70, 0x7F, 0xC0, 0x7F, 0x00, 0x00,
  0x80, 0x03, 0x80, 0x0F, 0x80, 0x3B, 0x80, 0xC1, 0x00, 0x00, 0x3F, 0x8F,
  0xFE, 0x1F, 0x78, 0x1C, 0xF0, 0x39, 0xE0, 0x73, 0xC0, 0xE7, 0x81, 0xCF,
  0x03, 0x9E, 0x07, 0x3C, 0x0E, 0x78, 0x1C, 0x70, 0x30, 0xF0, 0xE0, 0xFF,
  0x80, 0xFE, 0x00, 0x0E, 0x70, 0x1E, 0xF0, 0x3D, 0xE0, 0x00, 0x00, 0x00,
  0x1F, 0xC7, 0xFF, 0x0F, 0xBC, 0x0E, 0x78, 0x1C, 0xF0, 0x39, 0xE0, 0x73,
  0xC0, 0xE7, 0x81, 0xCF, 0x03, 0x9E, 0x07, 0x3C, 0x0E, 0x38, 0x18, 0x78,
  0x70, 0x7F, 0xC0, 0x7F, 0x00, 0x00, 0x60, 0x00, 0xF0, 0x01, 0xC0, 0x03,
  0x00, 0x00, 0x00, 0xFE, 0x3F, 0xFE, 0x3F, 0x3C, 0x1C, 0x1E, 0x18, 0x1E,
  0x38, 0x0F, 0x30, 0x07, 0x60, 0x07, 0xE0, 0x03, 0xC0, 0x03, 0xC0, 0x03,
  0xC0, 0x03, 0xC0, 0x03, 0xC0, 0x0F, 0xF0, 0x0F, 0xF0, 0xFF, 0x07, 0xF8,
  0x0E, 0x00, 0x7F, 0x83, 0xFF, 0x1C, 0x78, 0xE1, 0xE7, 0x0F, 0x38, 0x79,
  0xC7, 0x8F, 0xF8, 0x7F, 0x03, 0x80, 0x7F, 0x83, 0xFC, 0x00, 0x07, 0xC0,
  0x3F, 0xE0, 0xE1, 0xC1, 0xC3, 0xC7, 0x87, 0x0F, 0x0C, 0x3E, 0x30, 0x7C,
  0x60, 0x79, 0xC0, 0xF3, 0xC1, 0xE7, 0xE3, 0xC7, 0xF7, 0x83, 0xEF, 0x61,
  0xDE, 0xC3, 0xFD, 0xEE, 0xFB, 0xF8, 0x18, 0x07, 0x80, 0x70, 0x03, 0x00,
  0x20, 0x00, 0x1F, 0xC7, 0x3C, 0xE3, 0x9C, 0x70, 0x0E, 0x1F, 0xCF, 0x39,
  0xC7, 0x38, 0xE7, 0xFF, 0x7D, 0xE0, 0x03, 0x00, 0xE0, 0x3C, 0x06, 0x00,
  0x80, 0x00, 0x1F, 0xC7, 0x3C, 0xE3, 0x9C, 0x70, 0x0E, 0x1F, 0xCF, 0x39,
  0xC7, 0x38, 0xE7, 0xFF, 0x7D, 0xE0, 0x0E, 0x03, 0xE0, 0xEC, 0x18, 0xC2,
  0x08, 0x00, 0x1F, 0xC7, 0x3C, 0xE3, 0x9C, 0x70, 0x0E, 0x1F, 0xCF, 0x39,
  0xC7, 0x38, 0xE7, 0xFF, 0x7D, 0xE0, 0x3E, 0x8F, 0xF0, 0x9C, 0x00, 0x00,
  0x00, 0xFE, 0x39, 0xE7, 0x1C, 0xE3, 0x80, 0x70, 0xFE, 0x79, 0xCE, 0x39,
  0xC7, 0x3F, 0xFB, 0xEF, 0x21, 0x0F, 0x79, 0xEF, 0x18, 0xC0, 0x00, 0x00,
  0x1F, 0xC7, 0x3C, 0xE3, 0x9C, 0x70, 0x0E, 0x1F, 0xCF, 0x39, 0xC7, 0x38,
  0xE7, 0xFF, 0x7D, 0xE0, 0x1F, 0x07, 0x60, 0xEC, 0x0F, 0x80, 0x40, 0x00,
  0x1F, 0xC7, 0x3C, 0xE3, 0x9C, 0x70, 0x0E, 0x1F, 0xCF, 0x39, 0xC7, 0x38,
  0xE7, 0xFF, 0x7D, 0xE0, 0x7F, 0x7E, 0x73, 0xF7, 0xB8, 0xF1, 0xDC, 0x78,
  0xF0, 0x3F, 0xF1, 0xFF, 0xFB, 0xCF, 0x01, 0xC7, 0x80, 0xE3, 0xE3, 0xFF,
  0xFF, 0x9F, 0x3F, 0x80, 0x3F, 0x9E, 0xF7, 0x1F, 0x87, 0xE0, 0x38, 0x0E,
  0x03, 0xC0, 0xF8, 0xDF, 0xF3, 0xF8, 0x30, 0x0F, 0x00, 0xC1, 0x30, 0x7C,
  0x18, 0x07, 0x80, 0x70, 0x03, 0x00, 0x20, 0x00, 0x0F, 0xE3, 0xDE, 0x71,
  0xDC, 0x3B, 0xFF, 0x7F, 0xEE, 0x01, 0xE0, 0x3E, 0x3B, 0xFE, 0x3F, 0x80,
  0x03, 0x00, 0xE0, 0x3C, 0x06, 0x00, 0x80, 0x00, 0x0F, 0xE3, 0xDE, 0x71,
  0xDC, 0x3B, 0xFF, 0x7F, 0xEE, 0x01, 0xE0, 0x3E, 0x3B, 0xFE, 0x3F, 0x80,
  0x0E, 0x03, 0xE0, 0xEC, 0x18, 0xC2, 0x08, 0x00, 0x0F, 0xE3, 0xDE, 0x71,
  0xDC, 0x3B, 0xFF, 0x7F, 0xEE, 0x01, 0xE0, 0x3E, 0x3B, 0xFE, 0x3F, 0x80,
  0x21, 0x0F, 0x79, 0xEF, 0x18, 0xC0, 0x00, 0x00, 0x0F, 0xE3, 0xDE, 0x71,
  0xDC, 0x3B, 0xFF, 0x7F, 0xEE, 0x01, 0xE0, 0x3E, 0x3B, 0xFE, 0x3F, 0x80,
  0x61, 0xE1, 0xC0, 0xC0, 0x80, 0x1F, 0x3E, 0x3C, 0x78, 0xF1, 0xE3, 0xC7,
  0x8F, 0x3F, 0x7E, 0x18, 0xE7, 0x98, 0x40, 0x0F, 0xBE, 0x79, 0xE7, 0x9E,
  0x79, 0xE7, 0xBF, 0xFC, 0x38, 0xFB, 0xB6, 0x38, 0x20, 0x1F, 0x3E, 0x3C,
  0x78, 0xF1, 0xE3, 0xC7, 0x8F, 0x3F, 0x7E, 0x42, 0x7B, 0xFD, 0xEC, 0x60,
  0x00, 0x00, 0xF8, 0x7C, 0x1E, 0x0F, 0x07, 0x83, 0xC1, 0xE0, 0xF0, 0x78,
  0x7E, 0x3F, 0x00, 0x00, 0x47, 0x39, 0xFE, 0x07, 0xC1, 0xF8, 0x33, 0x80,
  0x78, 0xE7, 0x7F, 0xEE, 0x3F, 0xC7, 0xF0, 0x7E, 0x0F, 0xC1, 0xFC, 0x3F,
  0x8E, 0x7F, 0xC7, 0xE0, 0x1F, 0x41, 0xFE, 0x04, 0xE0, 0x00, 0x00, 0x00,
  0x79, 0xF3, 0xDF, 0xCF, 0x9E, 0x78, 0x73, 0xC3, 0x9E, 0x1C, 0xF0, 0xE7,
  0x87, 0x3C, 0x3B, 0xF7, 0xFF, 0xBF, 0x18, 0x03, 0xC0, 0x1C, 0x00, 0x60,
  0x02, 0x00, 0x00, 0x3F, 0x87, 0xFE, 0xF1, 0xEF, 0x0E, 0xE0, 0xFE, 0x0F,
  0xF0, 0xFF, 0x0E, 0xF1, 0xE7, 0xFC, 0x3F, 0x80, 0x03, 0x00, 0x70, 0x0F,
  0x00, 0xC0, 0x08, 0x00, 0x00, 0x3F, 0x87, 0xFE, 0xF1, 0xEF, 0x0E, 0xE0,
  0xFE, 0x0F, 0xF0, 0xFF, 0x0E, 0xF1, 0xE7, 0xFC, 0x3F, 0x80, 0x0E, 0x01,
  0xF0, 0x3B, 0x03, 0x18, 0x20, 0x80, 0x00, 0x3F, 0x87, 0xFE, 0xF1, 0xEF,
  0x0E, 0xE0, 0xFE, 0x0F, 0xF0, 0xFF, 0x0E, 0xF1, 0xE7, 0xFC, 0x3F, 0x80,
  0x3E, 0x87, 0xF8, 0x27, 0x00, 0x00, 0x00, 0x03, 0xF8, 0x7F, 0xEF, 0x1E,
  0xF0, 0xEE, 0x0F, 0xE0, 0xFF, 0x0F, 0xF0, 0xEF, 0x1E, 0x7F, 0xC3, 0xF8,
  0x21, 0x07, 0xBC, 0x7B, 0xC3, 0x18, 0x00, 0x00, 0x00, 0x3F, 0x87, 0xFE,
  0xF1, 0xEF, 0x0E, 0xE0, 0xFE, 0x0F, 0xF0, 0xFF, 0x0E, 0xF1, 0xE7, 0xFC,
  0x3F, 0x80, 0x1C, 0x0E, 0x07, 0x00, 0x0F, 0xFF, 0xFF, 0xFE, 0x00, 0x1C,
  0x0E, 0x06, 0x00, 0x00, 0x18, 0xFF, 0x8F, 0xFC, 0xF1, 0xE7, 0x9F, 0x39,
  0xFD, 0xDD, 0xEF, 0xCF, 0x7C, 0x73, 0xC7, 0x8F, 0xF9, 0xFF, 0x80, 0x0C,
  0x00, 0x78, 0x00, 0xE0, 0x00, 0xC0, 0x01, 0x00, 0x00, 0x07, 0x8F, 0x3E,
  0x3C, 0x38, 0x70, 0xE1, 0xC3, 0x87, 0x0E, 0x1C, 0x38, 0x70, 0xE1, 0xC3,
  0xCF, 0x0F, 0xFF, 0x1F, 0x7C, 0x01, 0x80, 0x0E, 0x00, 0x78, 0x01, 0x80,
  0x04, 0x00, 0x00, 0x07, 0x8F, 0x3E, 0x3C, 0x38, 0x70, 0xE1, 0xC3, 0x87,
  0x0E, 0x1C, 0x38, 0x70, 0xE1, 0xC3, 0xCF, 0x0F, 0xFF, 0x1F, 0x7C, 0x07,
  0x00, 0x3E, 0x01, 0xD8, 0x06, 0x30, 0x10, 0x40, 0x00, 0x07, 0x8F, 0x3E,
  0x3C, 0x38, 0x70, 0xE1, 0xC3, 0x87, 0x0E, 0x1C, 0x38, 0x70, 0xE1, 0xC3,
  0xCF, 0x0F, 0xFF, 0x1F, 0x7C, 0x08, 0x40, 0x7B, 0xC1, 0xEF, 0x03, 0x18,
  0x00, 0x00, 0x00, 0x07, 0x8F, 0x3E, 0x3C, 0x38, 0x70, 0xE1, 0xC3, 0x87,
  0x0E, 0x1C, 0x38, 0x70, 0xE1, 0xC3, 0xCF, 0x0F, 0xFF, 0x1F, 0x7C, 0x00,
  0xC0, 0x0E, 0x00, 0xF0, 0x06, 0x00, 0x20, 0x00, 0x03, 0xFB, 0xFF, 0xDF,
  0x38, 0x31, 0xE3, 0x07, 0x18, 0x3D, 0x80, 0xEC, 0x07, 0x40, 0x3E, 0x00,
  0xF0, 0x07, 0x00, 0x18, 0x19, 0x81, 0xCC, 0x0F, 0xC0, 0x3C, 0x00, 0x08,
  0x07, 0xC0, 0x1E, 0x00, 0x70, 0x03, 0x80, 0x1C, 0x00, 0xEF, 0x87, 0xFE,
  0x3C, 0x79, 0xC3, 0xCE, 0x1E, 0x70, 0x73, 0x87, 0x9C, 0x3C, 0xE1, 0xE7,
  0xFE, 0x3F, 0xE1, 0xC0, 0x0E, 0x00, 0x70, 0x0F, 0xE0, 0x7F, 0x00, 0x08,
  0x40, 0xF7, 0x87, 0xBC, 0x18, 0xC0, 0x00, 0x00, 0x03, 0xFB, 0xFF, 0xDF,
  0x38, 0x31, 0xE3, 0x07, 0x18, 0x3D, 0x80, 0xEC, 0x07, 0x40, 0x3E, 0x00,
  0xF0, 0x07, 0x00, 0x18, 0x19, 0x81, 0xCC, 0x0F, 0xC0, 0x3C, 0x00 };

const GFXglyph Literata_Bold11pt8bGlyphs[] PROGMEM = {
  {     0,   1,   1,   4,    0,    0 },   // 0x20 ' '
  {     1,   4,  15,   7,    2,  -14 },   // 0x21 '!'
  {     9,   7,   6,   9,    1,  -16 },   // 0x22 '"'
  {    15,  13,  12,  15,    1,  -11 },   // 0x23 '#'
  {    35,  11,  19,  13,    1,  -16 },   // 0x24 '$'
  {    62,  18,  13,  20,    1,  -12 },   // 0x25 '%'
  {    92,  16,  15,  18,    1,  -14 },   // 0x26 '&'
  {   122,   3,   6,   6,    1,  -16 },   // 0x27 '''
  {   125,   6,  23,   8,    1,  -17 },   // 0x28 '('
  {   143,   7,  23,   8,    0,  -17 },   // 0x29 ')'
  {   164,   8,   9,  10,    1,  -16 },   // 0x2A '*'
  {   173,   9,   9,  13,    2,  -10 },   // 0x2B '+'
  {   184,   5,   7,   7,    1,   -2 },   // 0x2C ','
  {   189,   6,   3,   7,    1,   -7 },   // 0x2D '-'
  {   192,   5,   3,   7,    1,   -2 },   // 0x2E '.'
  {   194,  10,  19,  11,    0,  -16 },   // 0x2F '/'
  {   218,  12,  15,  13,    1,  -14 },   // 0x30 '0'
  {   241,   9,  15,   9,    0,  -14 },   // 0x31 '1'
  {   258,  11,  15,  12,    0,  -14 },   // 0x32 '2'
  {   279,  11,  15,  12,    0,  -14 },   // 0x33 '3'
  {   300,  13,  15,  13,    0,  -14 },   // 0x34 '4'
  {   325,  11,  15,  12,    0,  -14 },   // 0x35 '5'
  {   346,  11,  15,  13,    1,  -14 },   // 0x36 '6'
  {   367,  12,  15,  12,    0,  -14 },   // 0x37 '7'
  {   390,  12,  15,  13,    0,  -14 },   // 0x38 '8'
  {   413,  11,  15,  12,    1,  -14 },   // 0x39 '9'
  {   434,   5,  11,   7,    1,  -10 },   // 0x3A ':'
  {   441,   5,  15,   7,    1,  -10 },   // 0x3B ';'
  {   451,   8,  10,  13,    2,  -10 },   // 0x3C '<'
  {   461,   9,   7,  13,    2,   -9 },   // 0x3D '='
  {   469,   9,  10,  13,    2,  -10 },   // 0x3E '>'
  {   481,  10,  15,  12,    1,  -14 },   // 0x3F '?'
  {   500,  18,  17,  20,    1,  -12 },   // 0x40 '@'
  {   539,  16,  15,  16,    0,  -14 },   // 0x41 'A'
  {   569,  13,  15,  15,    1,  -14 },   // 0x42 'B'
  {   594,  13,  15,  15,    1,  -14 },   // 0x43 'C'
  {   619,  15,  15,  17,    1,  -14 },   // 0x44 'D'
  {   648,  13,  15,  14,    1,  -14 },   // 0x45 'E'
  {   673,  12,  15,  14,    1,  -14 },   // 0x46 'F'
  {   696,  15,  15,  17,    1,  -14 },   // 0x47 'G'
  {   725,  16,  15,  18,    1,  -14 },   // 0x48 'H'
  {   755,   7,  15,   9,    1,  -14 },   // 0x49 'I'
  {   769,  12,  15,  12,    0,  -14 },   // 0x4A 'J'
  {   792,  16,  15,  17,    1,  -14 },   // 0x4B 'K'
  {   822,  12,  15,  14,    1,  -14 },   // 0x4C 'L'
  {   845,  19,  15,  21,    1,  -14 },   // 0x4D 'M'
  {   881,  16,  15,  18,    1,  -14 },   // 0x4E 'N'
  {   911,  15,  15,  17,    1,  -14 },   // 0x4F 'O'
  {   940,  13,  15,  14,    1,  -14 },   // 0x50 'P'
  {   965,  19,  19,  17,    1,  -14 },   // 0x51 'Q'
  {  1011,  15,  15,  16,    1,  -14 },   // 0x52 'R'
  {  1040,  11,  15,  13,    1,  -14 },   // 0x53 'S'
  {  1061,  16,  15,  16,    0,  -14 },   // 0x54 'T'
  {  1091,  15,  15,  17,    1,  -14 },   // 0x55 'U'
  {  1120,  16,  15,  16,    0,  -14 },   // 0x56 'V'
  {  1150,  24,  15,  24,    0,  -14 },   // 0x57 'W'
  {  1195,  16,  15,  16,    0,  -14 },   // 0x58 'X'
  {  1225,  16,  15,  16,    0,  -14 },   // 0x59 'Y'
  {  1255,  13,  15,  15,    1,  -14 },   // 0x5A 'Z'
  {  1280,   5,  23,   8,    2,  -17 },   // 0x5B '['
  {  1295,  10,  19,  11,    0,  -16 },   // 0x5C '\'
  {  1319,   5,  23,   8,    1,  -17 },   // 0x5D ']'
  {  1334,  11,   8,  13,    1,  -14 },   // 0x5E '^'
  {  1345,  10,   2,  10,    0,    2 },   // 0x5F '_'
  {  1348,   5,   5,  11,    2,  -16 },   // 0x60 '`'
  {  1352,  11,  11,  12,    1,  -10 },   // 0x61 'a'
  {  1368,  13,  17,  14,    0,  -16 },   // 0x62 'b'
  {  1396,  10,  11,  12,    1,  -10 },   // 0x63 'c'
  {  1410,  13,  17,  14,    1,  -16 },   // 0x64 'd'
  {  1438,  11,  11,  12,    1,  -10 },   // 0x65 'e'
  {  1454,  10,  17,   9,    1,  -16 },   // 0x66 'f'
  {  1476,  13,  18,  13,    0,  -12 },   // 0x67 'g'
  {  1506,  13,  17,  15,    1,  -16 },   // 0x68 'h'
  {  1534,   6,  17,   8,    1,  -16 },   // 0x69 'i'
  {  1547,   6,  22,   7,    0,  -16 },   // 0x6A 'j'
  {  1564,  14,  17,  14,    1,  -16 },   // 0x6B 'k'
  {  1594,   6,  17,   8,    1,  -16 },   // 0x6C 'l'
  {  1607,  20,  11,  21,    1,  -10 },   // 0x6D 'm'
  {  1635,  13,  11,  15,    1,  -10 },   // 0x6E 'n'
  {  1653,  12,  11,  13,    1,  -10 },   // 0x6F 'o'
  {  1670,  12,  16,  14,    1,  -10 },   // 0x70 'p'
  {  1694,  13,  16,  14,    1,  -10 },   // 0x71 'q'
  {  1720,  10,  11,  12,    1,  -10 },   // 0x72 'r'
  {  1734,   9,  11,  11,    1,  -10 },   // 0x73 's'
  {  1747,   8,  15,   9,    1,  -14 },   // 0x74 't'
  {  1762,  14,  11,  15,    0,  -10 },   // 0x75 'u'
  {  1782,  13,  11,  13,    0,  -10 },   // 0x76 'v'
  {  1800,  19,  11,  19,    0,  -10 },   // 0x77 'w'
  {  1827,  13,  11,  13,    0,  -10 },   // 0x78 'x'
  {  1845,  13,  16,  13,    0,  -10 },   // 0x79 'y'
  {  1871,  10,  11,  12,    1,  -10 },   // 0x7A 'z'
  {  1885,   6,  23,   8,    1,  -17 },   // 0x7B '{'
  {  1903,   2,  19,  10,    4,  -16 },   // 0x7C '|'
  {  1908,   6,  23,   8,    1,  -17 },   // 0x7D '}'
  {  1926,  10,   3,  13,    1,   -7 },   // 0x7E '~'
  {  1930,   9,  15,  11,    1,  -14 },   // 0x7F
  {  1947,   9,  15,  11,    1,  -14 },   // 0x80
  {  1964,   9,  15,  11,    1,  -14 },   // 0x81
  {  1981,   9,  15,  11,    1,  -14 },   // 0x82
  {  1998,   9,  15,  11,    1,  -14 },   // 0x83
  {  2015,   9,  15,  11,    1,  -14 },   // 0x84
  {  2032,   9,  15,  11,    1,  -14 },   // 0x85
  {  2049,   9,  15,  11,    1,  -14 },   // 0x86
  {  2066,   9,  15,  11,    1,  -14 },   // 0x87
  {  2083,   9,  15,  11,    1,  -14 },   // 0x88
  {  2100,   9,  15,  11,    1,  -14 },   // 0x89
  {  2117,   9,  15,  11,    1,  -14 },   // 0x8A
  {  2134,   9,  15,  11,    1,  -14 },   // 0x8B
  {  2151,   9,  15,  11,    1,  -14 },   // 0x8C
  {  2168,   9,  15,  11,    1,  -14 },   // 0x8D
  {  2185,   9,  15,  11,    1,  -14 },   // 0x8E
  {  2202,   9,  15,  11,    1,  -14 },   // 0x8F
  {  2219,   9,  15,  11,    1,  -14 },   // 0x90
  {  2236,   9,  15,  11,    1,  -14 },   // 0x91
  {  2253,   9,  15,  11,    1,  -14 },   // 0x92
  {  2270,   9,  15,  11,    1,  -14 },   // 0x93
  {  2287,   9,  15,  11,    1,  -14 },   // 0x94
  {  2304,   9,  15,  11,    1,  -14 },   // 0x95
  {  2321,   9,  15,  11,    1,  -14 },   // 0x96
  {  2338,   9,  15,  11,    1,  -14 },   // 0x97
  {  2355,   9,  15,  11,    1,  -14 },   // 0x98
  {  2372,   9,  15,  11,    1,  -14 },   // 0x99
  {  2389,   9,  15,  11,    1,  -14 },   // 0x9A
  {  2406,   9,  15,  11,    1,  -14 },   // 0x9B
  {  2423,   9,  15,  11,    1,  -14 },   // 0x9C
  {  2440,   9,  15,  11,    1,  -14 },   // 0x9D
  {  2457,   9,  15,  11,    1,  -14 },   // 0x9E
  {  2474,   9,  15,  11,    1,  -14 },   // 0x9F
  {  2491,   1,   1,   4,    0,    0 },   // 0xA0
  {  2492,   4,  15,   7,    2,  -10 },   // 0xA1
  {  2500,  10,  15,  12,    1,  -13 },   // 0xA2
  {  2519,  12,  15,  13,    0,  -14 },   // 0xA3
  {  2542,  10,  10,  12,    1,  -11 },   // 0xA4
  {  2555,  16,  15,  16,    0,  -14 },   // 0xA5
  {  2585,   2,  19,  10,    4,  -16 },   // 0xA6
  {  2590,  12,  20,  13,    1,  -15 },   // 0xA7
  {  2620,   9,   4,  11,    1,  -16 },   // 0xA8
  {  2625,  16,  14,  18,    1,  -13 },   // 0xA9
  {  2653,   9,   8,  10,    1,  -15 },   // 0xAA
  {  2662,  10,  10,  12,    1,  -10 },   // 0xAB
  {  2675,   9,   5,  13,    2,   -7 },   // 0xAC
  {  2681,   1,   1,   0,    0,    0 },   // 0xAD
  {  2682,   9,   9,  11,    1,  -16 },   // 0xAE
  {  2693,   7,   3,  11,    2,  -15 },   // 0xAF
  {  2696,   6,   5,   8,    1,  -16 },   // 0xB0
  {  2700,   9,  12,  13,    2,  -11 },   // 0xB1
  {  2714,   8,  10,   9,    0,  -17 },   // 0xB2
  {  2724,   8,  10,   9,    0,  -17 },   // 0xB3
  {  2734,   4,   5,  11,    4,  -16 },   // 0xB4
  {  2737,  12,  16,  14,    2,  -10 },   // 0xB5
  {  2761,  12,  18,  14,    1,  -14 },   // 0xB6
  {  2788,   5,   3,   7,    1,   -7 },   // 0xB7
  {  2790,   5,   5,  11,    3,    1 },   // 0xB8
  {  2794,   6,  10,   7,    1,  -17 },   // 0xB9
  {  2802,   8,   8,  10,    1,  -15 },   // 0xBA
  {  2810,  10,  10,  12,    1,  -10 },   // 0xBB
  {  2823,  20,  16,  22,    1,  -15 },   // 0xBC
  {  2863,  21,  16,  23,    1,  -15 },   // 0xBD
  {  2905,  22,  15,  23,    0,  -14 },   // 0xBE
  {  2947,  10,  15,  12,    1,  -10 },   // 0xBF
  {  2966,  16,  20,  16,    0,  -19 },   // 0xC0
  {  3006,  16,  20,  16,    0,  -19 },   // 0xC1
  {  3046,  16,  21,  16,    0,  -20 },   // 0xC2
  {  3088,  16,  20,  16,    0,  -19 },   // 0xC3
  {  3128,  16,  20,  16,    0,  -19 },   // 0xC4
  {  3168,  16,  21,  16,    0,  -20 },   // 0xC5
  {  3210,  22,  15,  22,    0,  -14 },   // 0xC6
  {  3252,  13,  20,  15,    1,  -14 },   // 0xC7
  {  3285,  13,  20,  14,    1,  -19 },   // 0xC8
  {  3318,  13,  20,  14,    1,  -19 },   // 0xC9
  {  3351,  13,  21,  14,    1,  -20 },   // 0xCA
  {  3386,  13,  20,  14,    1,  -19 },   // 0xCB
  {  3419,   7,  20,   9,    1,  -19 },   // 0xCC
  {  3437,   7,  20,   9,    1,  -19 },   // 0xCD
  {  3455,   8,  21,   9,    0,  -20 },   // 0xCE
  {  3476,   9,  20,   9,    0,  -19 },   // 0xCF
  {  3499,  16,  15,  17,    0,  -14 },   // 0xD0
  {  3529,  16,  20,  18,    1,  -19 },   // 0xD1
  {  3569,  15,  20,  17,    1,  -19 },   // 0xD2
  {  3607,  15,  20,  17,    1,  -19 },   // 0xD3
  {  3645,  15,  21,  17,    1,  -20 },   // 0xD4
  {  3685,  15,  20,  17,    1,  -19 },   // 0xD5
  {  3723,  15,  20,  17,    1,  -19 },   // 0xD6
  {  3761,   8,   9,  13,    2,  -10 },   // 0xD7
  {  3770,  15,  15,  17,    1,  -14 },   // 0xD8
  {  3799,  15,  20,  17,    1,  -19 },   // 0xD9
  {  3837,  15,  20,  17,    1,  -19 },   // 0xDA
  {  3875,  15,  21,  17,    1,  -20 },   // 0xDB
  {  3915,  15,  20,  17,    1,  -19 },   // 0xDC
  {  3953,  16,  20,  16,    0,  -19 },   // 0xDD
  {  3993,  13,  15,  14,    1,  -14 },   // 0xDE
  {  4018,  15,  17,  16,    1,  -16 },   // 0xDF
  {  4050,  11,  17,  12,    1,  -16 },   // 0xE0
  {  4074,  11,  17,  12,    1,  -16 },   // 0xE1
  {  4098,  11,  17,  12,    1,  -16 },   // 0xE2
  {  4122,  11,  16,  12,    1,  -15 },   // 0xE3
  {  4144,  11,  17,  12,    1,  -16 },   // 0xE4
  {  4168,  11,  17,  12,    1,  -16 },   // 0xE5
  {  4192,  17,  11,  18,    1,  -10 },   // 0xE6
  {  4216,  10,  16,  12,    1,  -10 },   // 0xE7
  {  4236,  11,  17,  12,    1,  -16 },   // 0xE8
  {  4260,  11,  17,  12,    1,  -16 },   // 0xE9
  {  4284,  11,  17,  12,    1,  -16 },   // 0xEA
  {  4308,  11,  17,  12,    1,  -16 },   // 0xEB
  {  4332,   7,  17,   8,    0,  -16 },   // 0xEC
  {  4347,   6,  17,   8,    1,  -16 },   // 0xED
  {  4360,   7,  17,   8,    0,  -16 },   // 0xEE
  {  4375,   9,  17,   8,   -1,  -16 },   // 0xEF
  {  4395,  11,  18,  13,    1,  -17 },   // 0xF0
  {  4420,  13,  16,  15,    1,  -15 },   // 0xF1
  {  4446,  12,  17,  13,    1,  -16 },   // 0xF2
  {  4472,  12,  17,  13,    1,  -16 },   // 0xF3
  {  4498,  12,  17,  13,    1,  -16 },   // 0xF4
  {  4524,  12,  16,  13,    1,  -15 },   // 0xF5
  {  4548,  12,  17,  13,    1,  -16 },   // 0xF6
  {  4574,   9,  11,  13,    2,  -11 },   // 0xF7
  {  4587,  13,  12,  13,    0,  -11 },   // 0xF8
  {  4607,  14,  17,  15,    0,  -16 },   // 0xF9
  {  4637,  14,  17,  15,    0,  -16 },   // 0xFA
  {  4667,  14,  17,  15,    0,  -16 },   // 0xFB
  {  4697,  14,  17,  15,    0,  -16 },   // 0xFC
  {  4727,  13,  22,  13,    0,  -16 },   // 0xFD
  {  4763,  13,  22,  14,    0,  -16 },   // 0xFE
  {  4799,  13,  22,  13,    0,  -16 } }; // 0xFF

const GFXfont Literata_Bold11pt8b PROGMEM = {
  (uint8_t  *)Literata_Bold11pt8bBitmaps,
  (GFXglyph *)Literata_Bold11pt8bGlyphs,
  0x20, 0xFF, 32 };

// Approx. 6410 bytes

const uint8_t Literata_Bold12pt8bBitmaps[] PROGMEM = {
  0x00, 0x6F, 0xFF, 0xFF, 0x66, 0x66, 0x66, 0x00, 0xFF, 0xF0, 0x22, 0xF7,
  0x67, 0x66, 0x66, 0x66, 0x62, 0x0E, 0x30, 0x18, 0xE0, 0x31, 0xC3, 0xFF,
  0xFF, 0xFF, 0xC3, 0x8C, 0x07, 0x18, 0x0C, 0x70, 0xFF, 0xFD, 0xFF, 0xF8,
  0x63, 0x01, 0xC6, 0x03, 0x8C, 0x00, 0x06, 0x00, 0x60, 0x0F, 0x23, 0xFE,
  0x7F, 0xF7, 0x67, 0xF6, 0x3F, 0x62, 0xFE, 0x07, 0xF8, 0x7F, 0xE1, 0xFF,
  0x07, 0xF0, 0x6F, 0xC6, 0x7E, 0x67, 0xF6, 0xFF, 0xFE, 0xDF, 0xC0, 0x60,
  0x06, 0x00, 0x3C, 0x0F, 0x0F, 0xF1, 0xE0, 0xE7, 0x1C, 0x0E, 0x73, 0x80,
  0xE7, 0x38, 0x0E, 0x77, 0x00, 0x7E, 0x70, 0x01, 0x0E, 0x7C, 0x01, 0xCF,
  0xE0, 0x1D, 0xCF, 0x03, 0x9C, 0x70, 0x39, 0xCF, 0x07, 0x0E, 0xE0, 0xE0,
  0xFC, 0x07, 0x80, 0x07, 0xF0, 0x03, 0x8E, 0x00, 0xE3, 0x80, 0x38, 0xE0,
  0x0F, 0x30, 0x63, 0xFC, 0x7C, 0x7C, 0x37, 0x1F, 0x99, 0xDF, 0xF6, 0x07,
  0x3D, 0x03, 0x87, 0xC0, 0xE0, 0xF0, 0x3C, 0x1F, 0x0F, 0x07, 0xFD, 0xFF,
  0x7E, 0x3F, 0x8F, 0x00, 0x2F, 0x66, 0x66, 0x60, 0x0E, 0x18, 0x71, 0xC3,
  0x8F, 0x1C, 0x38, 0xF1, 0xE3, 0xC7, 0x8F, 0x1E, 0x3C, 0x78, 0x70, 0xF1,
  0xE1, 0xC1, 0xC3, 0x83, 0x03, 0x60, 0xE1, 0xC1, 0xC3, 0xC3, 0x87, 0x0F,
  0x1E, 0x3C, 0x78, 0xF1, 0xE3, 0xC7, 0x8F, 0x1C, 0x38, 0xF1, 0xC3, 0x8E,
  0x18, 0x60, 0x08, 0x0C, 0x36, 0xDD, 0xF7, 0xE1, 0xF3, 0xBF, 0xB6, 0x18,
  0x0C, 0x00, 0x1C, 0x07, 0x01, 0xC3, 0xFF, 0xFF, 0xFF, 0xF1, 0xC0, 0x70,
  0x1C, 0x07, 0x00, 0x6F, 0xFF, 0x36, 0xEC, 0xFF, 0xF0, 0x6F, 0xFF, 0x00,
  0xE0, 0x18, 0x07, 0x00, 0xE0, 0x38, 0x07, 0x00, 0xE0, 0x38, 0x07, 0x00,
  0xC0, 0x38, 0x07, 0x00, 0xC0, 0x38, 0x07, 0x01, 0xC0, 0x38, 0x07, 0x01,
  0xC0, 0x38, 0x06, 0x01, 0xC0, 0x00, 0x0F, 0x01, 0xFE, 0x0E, 0x78, 0xE1,
  0xEF, 0x0F, 0x78, 0x3B, 0xC1, 0xFE, 0x0F, 0xF0, 0x7F, 0x83, 0xFC, 0x1F,
  0xE0, 0xEF, 0x0F, 0x38, 0x79, 0xE3, 0x87, 0xFC, 0x1F, 0x80, 0x0C, 0xFC,
  0xFC, 0x3C, 0x3C, 0x3C, 0x3C, 0x3C, 0x3C, 0x3C, 0x3C, 0x3C, 0x3C, 0x3C,
  0x3C, 0xFF, 0xFF, 0x0F, 0x03, 0xFC, 0x71, 0xEF, 0x1F, 0xF0, 0xF6, 0x0F,
  0x01, 0xE0, 0x1E, 0x03, 0xC0, 0x78, 0x07, 0x80, 0xF0, 0x1C, 0x33, 0x87,
  0x7F, 0xF7, 0xFF, 0x7F, 0xF0, 0x0F, 0x03, 0xFE, 0x79, 0xE7, 0x0F, 0x78,
  0xF3, 0x0F, 0x01, 0xE0, 0x3C, 0x0F, 0x80, 0xFE, 0x00, 0xF0, 0x0F, 0x00,
  0xF6, 0x0F, 0xFB, 0xF7, 0xFE, 0x1F, 0xC0, 0x00, 0x60, 0x07, 0x80, 0x3E,
  0x00, 0xF8, 0x06, 0xE0, 0x3B, 0x80, 0xCE, 0x06, 0x38, 0x38, 0xE0, 0xC3,
  0x86, 0x0E, 0x3F, 0xFF, 0xFF, 0xFC, 0x03, 0x80, 0x1F, 0x01, 0xFE, 0x07,
  0xF8, 0x3F, 0xE3, 0xFE, 0x30, 0x03, 0x00, 0x30, 0x07, 0x30, 0x7F, 0xC7,
  0xFE, 0x21, 0xF0, 0x0F, 0x00, 0xF0, 0x0F, 0x40, 0xFF, 0xBE, 0x7F, 0xE3,
  0xFC, 0x07, 0x81, 0xFE, 0x3C, 0x77, 0x8F, 0x70, 0x7F, 0x00, 0xF1, 0x8F,
  0xFC, 0xFF, 0xEF, 0x0F, 0xF0, 0xFF, 0x0F, 0xF0, 0xFF, 0x0F, 0x70, 0xE7,
  0xFE, 0x3F, 0x80, 0x7F, 0xFB, 0xFF, 0xDC, 0x1C, 0xC1, 0xCE, 0x0C, 0x00,
  0xE0, 0x0E, 0x00, 0x70, 0x07, 0x80, 0x38, 0x01, 0xC0, 0x1E, 0x00, 0xF0,
  0x07, 0x80, 0x3C, 0x01, 0xE0, 0x07, 0xC0, 0xFF, 0x0F, 0x3C, 0xF0, 0xF7,
  0x87, 0x3C, 0x38, 0xFB, 0x87, 0xF8, 0x0F, 0xE1, 0xFF, 0x9E, 0x3E, 0xE0,
  0xFF, 0x07, 0xF8, 0x3D, 0xE1, 0xEF, 0xFE, 0x3F, 0xE0, 0x0F, 0x03, 0xFC,
  0x7B, 0xEF, 0x1E, 0xE0, 0xEE, 0x0F, 0xE0, 0xFF, 0x0F, 0xF1, 0xF7, 0xFF,
  0x3E, 0xF0, 0x0E, 0x01, 0xE8, 0x1E, 0xF7, 0xCF, 0xFC, 0x7F, 0x00, 0xFF,
  0xF6, 0x00, 0x00, 0x6F, 0xFF, 0x7F, 0xDE, 0x60, 0x00, 0x00, 0x33, 0xDE,
  0xF1, 0x99, 0xCC, 0x00, 0x80, 0xC1, 0xE3, 0xE3, 0xC7, 0x83, 0x81, 0xF0,
  0x3E, 0x07, 0xC1, 0xE0, 0x30, 0xFF, 0xFF, 0xFF, 0xFC, 0x00, 0x00, 0x3F,
  0xFF, 0xFC, 0x40, 0x18, 0x0F, 0x80, 0xF0, 0x0F, 0x01, 0xF0, 0x3C, 0x1E,
  0x1F, 0x1F, 0x0F, 0x01, 0x80, 0x1E, 0x0F, 0xFB, 0x8F, 0x70, 0xFE, 0x1E,
  0x87, 0xC1, 0xF0, 0x7C, 0x0F, 0x01, 0xC0, 0x30, 0x06, 0x00, 0x00, 0x00,
  0x07, 0x80, 0xF0, 0x1E, 0x00, 0x01, 0xFE, 0x00, 0x7F, 0xF8, 0x0E, 0x03,
  0xC1, 0xC0, 0x0E, 0x30, 0x60, 0x67, 0x1F, 0xE7, 0x63, 0x8E, 0x36, 0x78,
  0xE3, 0xE7, 0x0E, 0x3E, 0x71, 0x63, 0xE7, 0x1E, 0x7E, 0x73, 0xE6, 0x67,
  0x6E, 0xE6, 0x3E, 0xFC, 0x70, 0x00, 0x03, 0x80, 0x40, 0x3E, 0x1E, 0x00,
  0xFF, 0x80, 0x01, 0xE0, 0x00, 0x01, 0xE0, 0x00, 0xFC, 0x00, 0x3F, 0x00,
  0x0D, 0xC0, 0x07, 0x78, 0x01, 0x9E, 0x00, 0x63, 0x80, 0x38, 0xF0, 0x0C,
  0x3C, 0x07, 0xFF, 0x01, 0xFF, 0xE0, 0x60, 0x78, 0x38, 0x1F, 0x0E, 0x03,
  0xCF, 0xC3, 0xFF, 0xF0, 0xFF, 0xFF, 0xF1, 0xFF, 0xE3, 0xC7, 0x8F, 0x0F,
  0x3C, 0x78, 0xF1, 0xE3, 0xDF, 0x0F, 0xF8, 0x3D, 0xF8, 0xF0, 0xF3, 0xC3,
  0xCF, 0x0F, 0x3C, 0x3C, 0xF1, 0xFF, 0xFF, 0xBF, 0xF8, 0x03, 0xCC, 0x3F,
  0xF8, 0xFF, 0xF3, 0xE0, 0xE7, 0x80, 0xDE, 0x01, 0xBC, 0x00, 0x78, 0x00,
  0xF0, 0x01, 0xE0, 0x03, 0xC0, 0x07, 0xC0, 0x07, 0x80, 0x0F, 0x81, 0x8F,
  0xCF, 0x8F, 0xFC, 0x0F, 0xF0, 0xFF, 0xF0, 0x7F, 0xFC, 0x3C, 0x3E, 0x3C,
  0x1F, 0x3C, 0x0F, 0x3C, 0x0F, 0x3C, 0x0F, 0x3C, 0x0F, 0x3C, 0x0F, 0x3C,
  0x0F, 0x3C, 0x0F, 0x3C, 0x1E, 0x3C, 0x1E, 0x3C, 0x7C, 0xFF, 0xF8, 0xFF,
  0xE0, 0xFF, 0xF9, 0xFF, 0xE3, 0xC3, 0x8F, 0x06, 0x3C, 0x00, 0xF1, 0x03,
  0xCC, 0x0F, 0xF0, 0x3F, 0xC0, 0xF1, 0x03, 0xC8, 0x0F, 0x07, 0x3C, 0x1C,
  0xF0, 0xEF, 0xFF, 0xBF, 0xFE, 0xFF, 0xFB, 0xFF, 0xCF, 0x0E, 0x78, 0x33,
  0xC1, 0x1E, 0x20, 0xF1, 0x07, 0xF8, 0x3F, 0xC1, 0xE6, 0x0F, 0x10, 0x78,
  0x03, 0xC0, 0x1E, 0x03, 0xFC, 0x1F, 0xE0, 0x03, 0xCC, 0x1F, 0xFC, 0x3F,
  0xFC, 0x7C, 0x1C, 0x78, 0x0E, 0xF8, 0x0E, 0xF0, 0x00, 0xF0, 0x00, 0xF0,
  0x00, 0xF0, 0x7F, 0xF0, 0x7F, 0xF8, 0x1E, 0x78, 0x1E, 0x7C, 0x1E, 0x3F,
  0x3E, 0x3F, 0xFE, 0x0F, 0xE6, 0xFF, 0x3F, 0xDF, 0x07, 0xE3, 0xC0, 0xF0,
  0xF0, 0x3C, 0x3C, 0x0F, 0x0F, 0x03, 0xC3, 0xFF, 0xF0, 0xFF, 0xFC, 0x3F,
  0xFF, 0x0F, 0x03, 0xC3, 0xC0, 0xF0, 0xF0, 0x3C, 0x3C, 0x0F, 0x0F, 0x03,
  0xCF, 0xF3, 0xFF, 0xFC, 0xFF, 0xFF, 0x7C, 0x3C, 0x3C, 0x3C, 0x3C, 0x3C,
  0x3C, 0x3C, 0x3C, 0x3C, 0x3C, 0x3C, 0x3C, 0xFF, 0xFF, 0x0F, 0xF0, 0x7E,
  0x03, 0xC0, 0x3C, 0x03, 0xC0, 0x3C, 0x03, 0xC0, 0x3C, 0x03, 0xC0, 0x3C,
  0x43, 0xCE, 0x3C, 0xE3, 0xCE, 0x3C, 0xFF, 0x87, 0xF0, 0xFF, 0x3F, 0x3E,
  0x0F, 0x0F, 0x07, 0x07, 0x87, 0x03, 0xC7, 0x01, 0xE7, 0x00, 0xF7, 0x00,
  0x7F, 0xC0, 0x3F, 0xE0, 0x1F, 0xF8, 0x0F, 0x3C, 0x07, 0x8F, 0x03, 0xC7,
  0xC1, 0xE1, 0xF3, 0xFC, 0xFF, 0xFE, 0x3F, 0xFF, 0x03, 0xF0, 0x0F, 0x00,
  0x78, 0x03, 0xC0, 0x1E, 0x00, 0xF0, 0x07, 0x80, 0x3C, 0x01, 0xE0, 0x0F,
  0x06, 0x78, 0x33, 0xC3, 0x9E, 0x3F, 0xFF, 0xFF, 0xFF, 0x7E, 0x03, 0xF9,
  0xF8, 0x1F, 0x0F, 0xC1, 0xF8, 0x7E, 0x0F, 0xC3, 0xF8, 0xFE, 0x1F, 0xC6,
  0xF0, 0xEF, 0x37, 0x87, 0x7B, 0x3C, 0x31, 0xD9, 0xE1, 0x8F, 0xCF, 0x0C,
  0x7C, 0x78, 0x61, 0xE1, 0xC3, 0x0E, 0x0E, 0x18, 0x00, 0x7B, 0xF0, 0x0F,
  0xFF, 0x80, 0x7F, 0xFE, 0x1F, 0xDF, 0x81, 0xE3, 0xF0, 0x70, 0xFE, 0x1C,
  0x3F, 0x87, 0x0F, 0xF1, 0xC3, 0xBC, 0x70, 0xE7, 0x9C, 0x39, 0xF7, 0x0E,
  0x3D, 0xC3, 0x8F, 0xF0, 0xE1, 0xFC, 0x38, 0x3F, 0x0E, 0x0F, 0xCF, 0xC1,
  0xF3, 0xF0, 0x7C, 0x03, 0xE0, 0x0F, 0xF8, 0x3F, 0xFC, 0x7C, 0x1E, 0x78,
  0x1F, 0xF0, 0x0F, 0xF0, 0x0F, 0xF0, 0x0F, 0xF0, 0x0F, 0xF0, 0x0F, 0xF0,
  0x0F, 0xF0, 0x0F, 0x78, 0x0F, 0x78, 0x1E, 0x3C, 0x3C, 0x1F, 0xF8, 0x0F,
  0xF0, 0xFF, 0xF1, 0xFF, 0xE3, 0xC7, 0xCF, 0x0F, 0x3C, 0x3C, 0xF0, 0xF3,
  0xC7, 0x8F, 0x3E, 0x3F, 0xF0, 0xFF, 0x03, 0xC0, 0x0F, 0x00, 0x3C, 0x00,
  0xF0, 0x0F, 0xF0, 0x3F, 0xC0, 0x03, 0xE0, 0x00, 0xFF, 0x80, 0x3F, 0xFC,
  0x03, 0xC1, 0xE0, 0x78, 0x1F, 0x0F, 0x00, 0xF0, 0xF0, 0x0F, 0x0F, 0x00,
  0xF0, 0xF0, 0x0F, 0x8F, 0x00, 0xF0, 0xF3, 0x0F, 0x0F, 0xFC, 0xF0, 0x79,
  0xEF, 0x07, 0x8F, 0xE0, 0x3C, 0x7E, 0x01, 0xFF, 0xC0, 0x0F, 0xF8, 0x00,
  0x03, 0xC0, 0x00, 0x1F, 0x30, 0x00, 0xFF, 0x00, 0x07, 0xE0, 0x00, 0x10,
  0xFF, 0xF0, 0x7F, 0xF8, 0x3C, 0x7C, 0x3C, 0x3C, 0x3C, 0x3C, 0x3C, 0x78,
  0x3C, 0x78, 0x3F, 0xE0, 0x3F, 0xE0, 0x3C, 0xF0, 0x3C, 0xF0, 0x3C, 0x78,
  0x3C, 0x78, 0x3C, 0x7C, 0xFF, 0x3F, 0xFF, 0x1F, 0x0F, 0x23, 0xFF, 0x79,
  0xF7, 0x07, 0xF0, 0x3F, 0x82, 0xFC, 0x07, 0xF8, 0x3F, 0xE1, 0xFF, 0x07,
  0xF0, 0x0F, 0xC0, 0x7E, 0x07, 0xF0, 0xFF, 0xFE, 0xDF, 0xC0, 0xFF, 0xFE,
  0xFF, 0xFF, 0xE3, 0xC7, 0xC3, 0xC7, 0xC3, 0xC3, 0x03, 0xC0, 0x03, 0xC0,
  0x03, 0xC0, 0x03, 0xC0, 0x03, 0xC0, 0x03, 0xC0, 0x03, 0xC0, 0x03, 0xC0,
  0x03, 0xC0, 0x1F, 0xF0, 0x1F, 0xF0, 0xFE, 0x1F, 0xBE, 0x07, 0x8F, 0x03,
  0x87, 0x81, 0xC3, 0xC0, 0xE1, 0xE0, 0x70, 0xF0, 0x38, 0x78, 0x1C, 0x3C,
  0x0E, 0x1E, 0x07, 0x0F, 0x03, 0x87, 0x81, 0xC3, 0xC0, 0xE1, 0xF9, 0xE0,
  0x7F, 0xE0, 0x1F, 0xE0, 0xFF, 0x1F, 0xDF, 0x83, 0xC3, 0xC0, 0x70, 0x78,
  0x18, 0x1E, 0x0E, 0x07, 0x83, 0x80, 0xF0, 0xC0, 0x3C, 0x70, 0x0F, 0x18,
  0x01, 0xE6, 0x00, 0x7B, 0x80, 0x1E, 0xC0, 0x03, 0xF0, 0x00, 0xFC, 0x00,
  0x3E, 0x00, 0x07, 0x80, 0xFF, 0x0F, 0x0F, 0xDF, 0x87, 0xC1, 0xE3, 0xC1,
  0xF0, 0x70, 0xF8, 0x7E, 0x18, 0x1E, 0x1F, 0x86, 0x07, 0x8F, 0xE1, 0x81,
  0xE3, 0x3C, 0xE0, 0x78, 0xCF, 0x30, 0x0F, 0x33, 0xCC, 0x03, 0xDC, 0xF3,
  0x00, 0xF6, 0x1E, 0xC0, 0x3D, 0x87, 0xF0, 0x07, 0xE1, 0xF8, 0x01, 0xF8,
  0x7E, 0x00, 0x7C, 0x0F, 0x80, 0x1F, 0x03, 0xE0, 0xFF, 0x1F, 0x9F, 0x83,
  0xC1, 0xE0, 0xC0, 0x7C, 0x70, 0x0F, 0xB8, 0x01, 0xFC, 0x00, 0x3E, 0x00,
  0x07, 0x80, 0x01, 0xF0, 0x00, 0xFC, 0x00, 0x77, 0x80, 0x38, 0xF0, 0x1C,
  0x3E, 0x0F, 0x07, 0xCF, 0xE3, 0xFF, 0xF8, 0xFF, 0xFF, 0x1F, 0xBF, 0x07,
  0x8F, 0x83, 0x83, 0xC1, 0x80, 0xF1, 0xC0, 0x78, 0xC0, 0x1E, 0xE0, 0x0F,
  0xE0, 0x03, 0xE0, 0x00, 0xF0, 0x00, 0x78, 0x00, 0x3C, 0x00, 0x1E, 0x00,
  0x0F, 0x00, 0x1F, 0xE0, 0x0F, 0xF0, 0xFF, 0xFF, 0xFF, 0xFE, 0x07, 0xB8,
  0x3C, 0xE1, 0xF0, 0x0F, 0x80, 0x3C, 0x01, 0xE0, 0x0F, 0x80, 0x7C, 0x01,
  0xE0, 0xCF, 0x87, 0x7C, 0x1D, 0xE0, 0xFF, 0xFF, 0xFF, 0xFF, 0xFF, 0xFE,
  0x38, 0xE3, 0x8E, 0x38, 0xE3, 0x8E, 0x38, 0xE3, 0x8E, 0x38, 0xE3, 0x8E,
  0x38, 0xE3, 0xCF, 0xFF, 0xE0, 0x0C, 0x01, 0xC0, 0x38, 0x03, 0x80, 0x70,
  0x06, 0x00, 0xE0, 0x1C, 0x01, 0x80, 0x38, 0x07, 0x00, 0x70, 0x0E, 0x01,
  0xC0, 0x1C, 0x03, 0x80, 0x30, 0x07, 0x00, 0xE0, 0x0E, 0x01, 0xC0, 0xFF,
  0xCE, 0x73, 0x9C, 0xE7, 0x39, 0xCE, 0x73, 0x9C, 0xE7, 0x39, 0xCE, 0x73,
  0x9F, 0xFF, 0x06, 0x00, 0xF0, 0x1F, 0x01, 0xF8, 0x3B, 0xC7, 0x9C, 0x70,
  0xEE, 0x0F, 0x60, 0x60, 0xFF, 0xFF, 0xFC, 0xC7, 0x38, 0xE1, 0x80, 0x3F,
  0x83, 0x1E, 0x38, 0x71, 0xC3, 0x80, 0x1C, 0x03, 0xE1, 0xFF, 0x1E, 0x38,
  0xF1, 0xC7, 0x9E, 0x3F, 0xFC, 0xF9, 0xF0, 0xFC, 0x03, 0xF0, 0x03, 0xC0,
  0x0F, 0x00, 0x3C, 0x00, 0xF0, 0x03, 0xDF, 0x0F, 0xFE, 0x3E, 0x7C, 0xF0,
  0xF3, 0xC3, 0xCF, 0x0F, 0x3C, 0x3C, 0xF0, 0xF3, 0xC3, 0xCF, 0x1F, 0x3F,
  0xF8, 0xFF, 0xC0, 0x1F, 0xCF, 0xFD, 0xC3, 0xF8, 0xFF, 0x0D, 0xE0, 0x3C,
  0x07, 0x80, 0xF0, 0x2F, 0x9D, 0xFF, 0x9F, 0xC0, 0x01, 0xF0, 0x07, 0xC0,
  0x0F, 0x00, 0x3C, 0x00, 0xF0, 0x03, 0xC1, 0xFF, 0x1F, 0xFC, 0x78, 0xF3,
  0xC3, 0xCF, 0x0F, 0x3C, 0x3C, 0xF0, 0xF3, 0xC3, 0xCF, 0x0F, 0x3E, 0x3C,
  0x7F, 0xFC, 0xFD, 0xF0, 0x1F, 0xC3, 0xFE, 0x70, 0xEF, 0x0E, 0xF0, 0xEF,
  0xFE, 0xFF, 0xEF, 0x00, 0xF0, 0x27, 0xCF, 0x7F, 0xE1, 0xF8, 0x0F, 0xC3,
  0x9C, 0xE7, 0x9C, 0x73, 0x80, 0x70, 0x3F, 0xE7, 0xFC, 0x38, 0x07, 0x00,
  0xE0, 0x1C, 0x03, 0x80, 0x70, 0x0E, 0x01, 0xC0, 0xFF, 0x1F, 0xE0, 0x00,
  0x1C, 0x00, 0xF1, 0xFE, 0x8F, 0xF8, 0x78, 0xF1, 0xE3, 0xC7, 0x8F, 0x1E,
  0x3C, 0x3F, 0xE0, 0x7F, 0x03, 0x00, 0x1C, 0x00, 0x7F, 0xF8, 0x7F, 0xE7,
  0x8F, 0xFC, 0x0F, 0xF0, 0x79, 0xFF, 0xE3, 0xFE, 0x00, 0xF8, 0x01, 0xF0,
  0x01, 0xE0, 0x03, 0xC0, 0x07, 0x80, 0x0F, 0x00, 0x1E, 0xFC, 0x3F, 0xFC,
  0x7C, 0x78, 0xF0, 0xF1, 0xE1, 0xE3, 0xC3, 0xC7, 0x87, 0x8F, 0x0F, 0x1E,
  0x1E, 0x3C, 0x3C, 0xFE, 0xFF, 0xFD, 0xFC, 0x78, 0xF1, 0xE1, 0x80, 0x00,
  0x3E, 0x7C, 0x78, 0x70, 0xE1, 0xC3, 0x87, 0x0E, 0x3C, 0xFF, 0xFC, 0x3C,
  0xF3, 0xC6, 0x00, 0x07, 0xDF, 0x3C, 0xF3, 0xCF, 0x3C, 0xF3, 0xCF, 0x3C,
  0xF3, 0xCE, 0x3B, 0xC6, 0x00, 0xF8, 0x01, 0xF0, 0x01, 0xE0, 0x03, 0xC0,
  0x07, 0x80, 0x0F, 0x00, 0x1E, 0x3F, 0x3C, 0x7E, 0x78, 0x70, 0xF1, 0xC1,
  0xE6, 0x03, 0xFC, 0x07, 0xBC, 0x0F, 0x3C, 0x1E, 0x7C, 0x3C, 0x78, 0xFE,
  0x7F, 0xFC, 0x78, 0xF9, 0xF1, 0xE3, 0xC7, 0x8F, 0x1E, 0x3C, 0x78, 0xF1,
  0xE3, 0xC7, 0x8F, 0x1E, 0x3C, 0xFF, 0xFC, 0xFB, 0xF3, 0xE3, 0xFF, 0xDF,
  0xC7, 0xCF, 0xCF, 0x0F, 0x1E, 0x3C, 0x38, 0x78, 0x70, 0xE1, 0xE1, 0xC3,
  0x87, 0x87, 0x0E, 0x1E, 0x1C, 0x38, 0x78, 0x70, 0xE1, 0xE3, 0xCF, 0xEF,
  0xDF, 0xFF, 0xBF, 0x7F, 0xFB, 0xF1, 0xFF, 0xF1, 0xF1, 0xE1, 0xE3, 0xC3,
  0x87, 0x87, 0x0F, 0x0E, 0x1E, 0x1C, 0x3C, 0x38, 0x78, 0x70, 0xF3, 0xFB,
  0xFF, 0xF7, 0xF0, 0x1F, 0xC3, 0xFF, 0x1E, 0x3D, 0xE1, 0xFF, 0x07, 0xF8,
  0x3F, 0xC1, 0xFE, 0x0F, 0xF0, 0x73, 0xC7, 0x9F, 0xF8, 0x7F, 0x80, 0xFB,
  0xF3, 0xFF, 0xE7, 0xC7, 0x9E, 0x1E, 0x78, 0x3D, 0xE0, 0xF7, 0x83, 0xDE,
  0x1E, 0x78, 0x79, 0xE1, 0xE7, 0xFF, 0x1F, 0xF8, 0x78, 0x01, 0xE0, 0x07,
  0x80, 0x3F, 0x80, 0xFE, 0x00, 0x1F, 0xB1, 0xFF, 0xC7, 0x8F, 0x3C, 0x3C,
  0xF0, 0xF3, 0xC3, 0xCF, 0x0F, 0x3C, 0x3C, 0xF0, 0xF3, 0xE3, 0xC7, 0xFF,
  0x0F, 0xFC, 0x00, 0xF0, 0x03, 0xC0, 0x0F, 0x00, 0xFF, 0x03, 0xFC, 0xFB,
  0xEF, 0xFE, 0x7C, 0xF3, 0xCE, 0x38, 0x43, 0x80, 0x38, 0x03, 0x80, 0x38,
  0x03, 0x80, 0xFF, 0x0F, 0xF0, 0x3F, 0x9C, 0xFE, 0x1F, 0xC3, 0xFE, 0x1F,
  0xE3, 0xFC, 0x1F, 0xC1, 0xF8, 0x7F, 0xFB, 0xFC, 0x18, 0x1C, 0x0E, 0x0F,
  0x0F, 0xF7, 0xF9, 0xE0, 0xF0, 0x78, 0x3C, 0x1E, 0x0F, 0x07, 0x83, 0xE4,
  0xFE, 0x7E, 0x7C, 0xFD, 0xF9, 0xF8, 0xF0, 0xF1, 0xE1, 0xE3, 0xC3, 0xC7,
  0x87, 0x8F, 0x0F, 0x1E, 0x1E, 0x3C, 0x3C, 0x7C, 0xF8, 0x7F, 0xF8, 0xFD,
  0xF0, 0xFE, 0x7F, 0xF9, 0xF3, 0xC3, 0x8F, 0x0C, 0x1E, 0x30, 0x79, 0xC1,
  0xE6, 0x03, 0xD8, 0x0F, 0xE0, 0x1F, 0x00, 0x7C, 0x01, 0xE0, 0xFE, 0x7C,
  0xFF, 0xF3, 0xE7, 0xCF, 0x1F, 0x18, 0x78, 0xF8, 0xC3, 0xCD, 0xE6, 0x0E,
  0x6F, 0x20, 0x7B, 0x3B, 0x03, 0xD9, 0xD8, 0x0F, 0x8F, 0x80, 0x7C, 0x7C,
  0x03, 0xE1, 0xE0, 0x0F, 0x0F, 0x00, 0xFE, 0x7F, 0xFB, 0xF3, 0xC7, 0x07,
  0xB8, 0x0F, 0xC0, 0x3E, 0x00, 0x7C, 0x03, 0xF8, 0x1D, 0xE0, 0xE3, 0xCF,
  0xDF, 0xFF, 0x7F, 0xFE, 0x7F, 0xF9, 0xF3, 0xC3, 0x8F, 0x0C, 0x1E, 0x30,
  0x79, 0x80, 0xE6, 0x03, 0xD8, 0x0F, 0xC0, 0x1F, 0x00, 0x78, 0x00, 0xE0,
  0x03, 0x01, 0x8C, 0x0E, 0x70, 0x3B, 0x80, 0x7C, 0x00, 0xFF, 0xFF, 0xFF,
  0x8F, 0x63, 0xCC, 0xF0, 0x1E, 0x07, 0x81, 0xE3, 0x78, 0x6F, 0x1F, 0xFF,
  0xFF, 0xF0, 0x3E, 0xFD, 0xE3, 0xC7, 0x8F, 0x0E, 0x1C, 0x38, 0x71, 0xE7,
  0x8F, 0x0F, 0x0E, 0x1C, 0x38, 0x71, 0xE3, 0xC7, 0x8F, 0x1F, 0x9F, 0xFF,
  0xFF, 0xFF, 0xFF, 0xFF, 0xFF, 0xFF, 0xFF, 0xC0, 0xF9, 0xF0, 0xE1, 0xC3,
  0x87, 0x0E, 0x1C, 0x78, 0x70, 0xE0, 0xF1, 0xE7, 0x1E, 0x3C, 0x38, 0x70,
  0xE1, 0xC3, 0x87, 0x3E, 0x7C, 0x3C, 0x2F, 0xFF, 0xFF, 0xA0, 0xC0, 0xFF,
  0xF0, 0x3C, 0x0F, 0x03, 0xC0, 0xF0, 0x3C, 0x0F, 0x03, 0xC0, 0xF0, 0x3C,
  0x0F, 0x03, 0xC0, 0xF0, 0x3C, 0x0F, 0xFF, 0xFF, 0xF0, 0x3C, 0x0F, 0x03,
  0xC0, 0xF0, 0x3C, 0x0F, 0x03, 0xC0, 0xF0, 0x3C, 0x0F, 0x03, 0xC0, 0xF0,
  0x3C, 0x0F, 0xFF, 0xFF, 0xF0, 0x3C, 0x0F, 0x03, 0xC0, 0xF0, 0x3C, 0x0F,
  0x03, 0xC0, 0xF0, 0x3C, 0x0F, 0x03, 0xC0, 0xF0, 0x3C, 0x0F, 0xFF, 0xFF,
  0xF0, 0x3C, 0x0F, 0x03, 0xC0, 0xF0, 0x3C, 0x0F, 0x03, 0xC0, 0xF0, 0x3C,
  0x0F, 0x03, 0xC0, 0xF0, 0x3C, 0x0F, 0xFF, 0xFF, 0xF0, 0x3C, 0x0F, 0x03,
  0xC0, 0xF0, 0x3C, 0x0F, 0x03, 0xC0, 0xF0, 0x3C, 0x0F, 0x03, 0xC0, 0xF0,
  0x3C, 0x0F, 0xFF, 0xFF, 0xF0, 0x3C, 0x0F, 0x03, 0xC0, 0xF0, 0x3C, 0x0F,
  0x03, 0xC0, 0xF0, 0x3C, 0x0F, 0x03, 0xC0, 0xF0, 0x3C, 0x0F, 0xFF, 0xFF,
  0xF0, 0x3C, 0x0F, 0x03, 0xC0, 0xF0, 0x3C, 0x0F, 0x03, 0xC0, 0xF0, 0x3C,
  0x0F, 0x03, 0xC0, 0xF0, 0x3C, 0x0F, 0xFF, 0xFF, 0xF0, 0x3C, 0x0F, 0x03,
  0xC0, 0xF0, 0x3C, 0x0F, 0x03, 0xC0, 0xF0, 0x3C, 0x0F, 0x03, 0xC0, 0xF0,
  0x3C, 0x0F, 0xFF, 0xFF, 0xF0, 0x3C, 0x0F, 0x03, 0xC0, 0xF0, 0x3C, 0x0F,
  0x03, 0xC0, 0xF0, 0x3C, 0x0F, 0x03, 0xC0, 0xF0, 0x3C, 0x0F, 0xFF, 0xFF,
  0xF0, 0x3C, 0x0F, 0x03, 0xC0, 0xF0, 0x3C, 0x0F, 0x03, 0xC0, 0xF0, 0x3C,
  0x0F, 0x03, 0xC0, 0xF0, 0x3C, 0x0F, 0xFF, 0xFF, 0xF0, 0x3C, 0x0F, 0x03,
  0xC0, 0xF0, 0x3C, 0x0F, 0x03, 0xC0, 0xF0, 0x3C, 0x0F, 0x03, 0xC0, 0xF0,
  0x3C, 0x0F, 0xFF, 0xFF, 0xF0, 0x3C, 0x0F, 0x03, 0xC0, 0xF0, 0x3C, 0x0F,
  0x03, 0xC0, 0xF0, 0x3C, 0x0F, 0x03, 0xC0, 0xF0, 0x3C, 0x0F, 0xFF, 0xFF,
  0xF0, 0x3C, 0x0F, 0x03, 0xC0, 0xF0, 0x3C, 0x0F, 0x03, 0xC0, 0xF0, 0x3C,
  0x0F, 0x03, 0xC0, 0xF0, 0x3C, 0x0F, 0xFF, 0xFF, 0xF0, 0x3C, 0x0F, 0x03,
  0xC0, 0xF0, 0x3C, 0x0F, 0x03, 0xC0, 0xF0, 0x3C, 0x0F, 0x03, 0xC0, 0xF0,
  0x3C, 0x0F, 0xFF, 0xFF, 0xF0, 0x3C, 0x0F, 0x03, 0xC0, 0xF0, 0x3C, 0x0F,
  0x03, 0xC0, 0xF0, 0x3C, 0x0F, 0x03, 0xC0, 0xF0, 0x3C, 0x0F, 0xFF, 0xFF,
  0xF0, 0x3C, 0x0F, 0x03, 0xC0, 0xF0, 0x3C, 0x0F, 0x03, 0xC0, 0xF0, 0x3C,
  0x0F, 0x03, 0xC0, 0xF0, 0x3C, 0x0F, 0xFF, 0xFF, 0xF0, 0x3C, 0x0F, 0x03,
  0xC0, 0xF0, 0x3C, 0x0F, 0x03, 0xC0, 0xF0, 0x3C, 0x0F, 0x03, 0xC0, 0xF0,
  0x3C, 0x0F, 0xFF, 0xFF, 0xF0, 0x3C, 0x0F, 0x03, 0xC0, 0xF0, 0x3C, 0x0F,
  0x03, 0xC0, 0xF0, 0x3C, 0x0F, 0x03, 0xC0, 0xF0, 0x3C, 0x0F, 0xFF, 0xFF,
  0xF0, 0x3C, 0x0F, 0x03, 0xC0, 0xF0, 0x3C, 0x0F, 0x03, 0xC0, 0xF0, 0x3C,
  0x0F, 0x03, 0xC0, 0xF0, 0x3C, 0x0F, 0xFF, 0xFF, 0xF0, 0x3C, 0x0F, 0x03,
  0xC0, 0xF0, 0x3C, 0x0F, 0x03, 0xC0, 0xF0, 0x3C, 0x0F, 0x03, 0xC0, 0xF0,
  0x3C, 0x0F, 0xFF, 0xFF, 0xF0, 0x3C, 0x0F, 0x03, 0xC0, 0xF0, 0x3C, 0x0F,
  0x03, 0xC0, 0xF0, 0x3C, 0x0F, 0x03, 0xC0, 0xF0, 0x3C, 0x0F, 0xFF, 0xFF,
  0xF0, 0x3C, 0x0F, 0x03, 0xC0, 0xF0, 0x3C, 0x0F, 0x03, 0xC0, 0xF0, 0x3C,
  0x0F, 0x03, 0xC0, 0xF0, 0x3C, 0x0F, 0xFF, 0xFF, 0xF0, 0x3C, 0x0F, 0x03,
  0xC0, 0xF0, 0x3C, 0x0F, 0x03, 0xC0, 0xF0, 0x3C, 0x0F, 0x03, 0xC0, 0xF0,
  0x3C, 0x0F, 0xFF, 0xFF, 0xF0, 0x3C, 0x0F, 0x03, 0xC0, 0xF0, 0x3C, 0x0F,
  0x03, 0xC0, 0xF0, 0x3C, 0x0F, 0x03, 0xC0, 0xF0, 0x3C, 0x0F, 0xFF, 0xFF,
  0xF0, 0x3C, 0x0F, 0x03, 0xC0, 0xF0, 0x3C, 0x0F, 0x03, 0xC0, 0xF0, 0x3C,
  0x0F, 0x03, 0xC0, 0xF0, 0x3C, 0x0F, 0xFF, 0xFF, 0xF0, 0x3C, 0x0F, 0x03,
  0xC0, 0xF0, 0x3C, 0x0F, 0x03, 0xC0, 0xF0, 0x3C, 0x0F, 0x03, 0xC0, 0xF0,
  0x3C, 0x0F, 0xFF, 0xFF, 0xF0, 0x3C, 0x0F, 0x03, 0xC0, 0xF0, 0x3C, 0x0F,
  0x03, 0xC0, 0xF0, 0x3C, 0x0F, 0x03, 0xC0, 0xF0, 0x3C, 0x0F, 0xFF, 0xFF,
  0xF0, 0x3C, 0x0F, 0x03, 0xC0, 0xF0, 0x3C, 0x0F, 0x03, 0xC0, 0xF0, 0x3C,
  0x0F, 0x03, 0xC0, 0xF0, 0x3C, 0x0F, 0xFF, 0xFF, 0xF0, 0x3C, 0x0F, 0x03,
  0xC0, 0xF0, 0x3C, 0x0F, 0x03, 0xC0, 0xF0, 0x3C, 0x0F, 0x03, 0xC0, 0xF0,
  0x3C, 0x0F, 0xFF, 0xFF, 0xF0, 0x3C, 0x0F, 0x03, 0xC0, 0xF0, 0x3C, 0x0F,
  0x03, 0xC0, 0xF0, 0x3C, 0x0F, 0x03, 0xC0, 0xF0, 0x3C, 0x0F, 0xFF, 0xFF,
  0xF0, 0x3C, 0x0F, 0x03, 0xC0, 0xF0, 0x3C, 0x0F, 0x03, 0xC0, 0xF0, 0x3C,
  0x0F, 0x03, 0xC0, 0xF0, 0x3C, 0x0F, 0xFF, 0xFF, 0xF0, 0x3C, 0x0F, 0x03,
  0xC0, 0xF0, 0x3C, 0x0F, 0x03, 0xC0, 0xF0, 0x3C, 0x0F, 0x03, 0xC0, 0xF0,
  0x3C, 0x0F, 0xFF, 0xFF, 0xF0, 0x3C, 0x0F, 0x03, 0xC0, 0xF0, 0x3C, 0x0F,
  0x03, 0xC0, 0xF0, 0x3C, 0x0F, 0x03, 0xC0, 0xF0, 0x3C, 0x0F, 0xFF, 0x00,
  0xFF, 0xF0, 0x06, 0x66, 0x66, 0xEF, 0xFF, 0xFF, 0x60, 0x03, 0x00, 0xE0,
  0x7F, 0x3F, 0xF7, 0x6F, 0xEF, 0xFF, 0xB7, 0xF0, 0xFE, 0x1F, 0x83, 0xF0,
  0xBF, 0xF7, 0xFE, 0x3F, 0x06, 0x00, 0xC0, 0x03, 0xC0, 0xFF, 0x8F, 0x0E,
  0x78, 0xF3, 0xC7, 0x9E, 0x00, 0xF0, 0x07, 0x80, 0x7F, 0xE7, 0xFF, 0x03,
  0xC0, 0x1C, 0x00, 0xE1, 0x8F, 0x0C, 0x70, 0xEF, 0xFF, 0x7F, 0xF8, 0x40,
  0x7F, 0xFD, 0xFF, 0x38, 0xE7, 0x1C, 0xE3, 0x9C, 0x73, 0x8E, 0x7F, 0xDF,
  0xFD, 0x01, 0x00, 0xFE, 0x3F, 0xFE, 0x0F, 0x0F, 0x03, 0x07, 0x83, 0x81,
  0xE3, 0x80, 0x79, 0x81, 0xFD, 0xF0, 0xFF, 0xF8, 0x07, 0xE0, 0x3F, 0xFE,
  0x1F, 0xFF, 0x00, 0x78, 0x00, 0x3C, 0x00, 0x1E, 0x00, 0x3F, 0xC0, 0x1F,
  0xE0, 0xFF, 0xFF, 0xFF, 0xE0, 0x0F, 0xFF, 0xFF, 0xFF, 0xC0, 0x0F, 0x80,
  0xFE, 0x0E, 0x78, 0x73, 0xC3, 0xC0, 0x1F, 0x01, 0xFC, 0x1D, 0xF8, 0xE7,
  0xE7, 0x0F, 0xBE, 0x3E, 0xF8, 0xF3, 0xE3, 0x8F, 0xD8, 0x1F, 0xC0, 0x78,
  0x11, 0xC1, 0xCF, 0x0E, 0x70, 0x7F, 0x81, 0xF0, 0x00, 0x73, 0xBC, 0xFF,
  0x39, 0x8E, 0x01, 0xE0, 0x07, 0xFE, 0x07, 0x03, 0x86, 0x00, 0x66, 0x3F,
  0x33, 0x39, 0xCD, 0x98, 0x67, 0x9C, 0x03, 0xCE, 0x01, 0xE7, 0x00, 0xD9,
  0xC2, 0x6C, 0xF7, 0x37, 0x3F, 0x31, 0xC0, 0x38, 0x78, 0x78, 0x1F, 0xF0,
  0x7E, 0x63, 0xB1, 0xC0, 0xEF, 0xF7, 0x3B, 0xBD, 0xFF, 0x21, 0x00, 0x08,
  0x41, 0x8C, 0xE7, 0x3D, 0xEF, 0x79, 0xCE, 0x3D, 0xE3, 0x9C, 0x39, 0xC3,
  0x9C, 0x31, 0x80, 0xFF, 0xFF, 0xF0, 0x1C, 0x07, 0x01, 0xC0, 0x70, 0x00,
  0x3F, 0x23, 0xFA, 0x7D, 0x3E, 0x7F, 0x4D, 0x12, 0xFE, 0x1E, 0x00, 0xFF,
  0xFF, 0x10, 0xFB, 0x3E, 0x3E, 0xCF, 0x80, 0x1C, 0x07, 0x01, 0xC3, 0xFF,
  0xFF, 0xFF, 0xF1, 0xC0, 0x70, 0x1C, 0x00, 0x0F, 0xFF, 0xFF, 0xFF, 0xC0,
  0x1C, 0x3F, 0xB9, 0xFC, 0x70, 0x70, 0x38, 0x38, 0x38, 0x31, 0xBF, 0xDF,
  0xE0, 0x1E, 0x3F, 0x98, 0xEC, 0x70, 0x70, 0xE0, 0x7C, 0x07, 0x43, 0xFF,
  0xDF, 0xC1, 0x00, 0x19, 0xDE, 0xEC, 0x00, 0xF1, 0xE7, 0x0F, 0x38, 0x79,
  0xC3, 0xCE, 0x1E, 0x70, 0xF3, 0x87, 0x9C, 0x3C, 0xE1, 0xE7, 0x0F, 0x3F,
  0xFF, 0xFC, 0xFE, 0x00, 0x70, 0x03, 0xC0, 0x1E, 0x00, 0xF0, 0x00, 0x3E,
  0xFB, 0xF7, 0x9F, 0xB9, 0xFD, 0xCF, 0xEE, 0x7F, 0x73, 0xFB, 0x8F, 0xDC,
  0x7E, 0xE1, 0xF7, 0x00, 0x38, 0x01, 0xC0, 0x0E, 0x00, 0x70, 0x03, 0x80,
  0x1C, 0x00, 0xE0, 0x0F, 0x01, 0xF8, 0x6F, 0xFF, 0x31, 0xE1, 0xC7, 0xFC,
  0xC0, 0x19, 0xF3, 0xE1, 0xC3, 0x87, 0x0E, 0x1C, 0x38, 0xF3, 0xF8, 0x7F,
  0x73, 0xF8, 0xFC, 0x7E, 0x3F, 0x1F, 0x9C, 0xFE, 0x08, 0x00, 0x84, 0x18,
  0xC3, 0x9C, 0x39, 0xC3, 0x9C, 0x7B, 0xCF, 0x7B, 0xDE, 0x73, 0x9C, 0xE3,
  0x18, 0x00, 0x18, 0x03, 0x83, 0xE0, 0x0E, 0x0F, 0x80, 0x70, 0x0E, 0x01,
  0xC0, 0x38, 0x0E, 0x00, 0xE0, 0x30, 0x03, 0x81, 0xC7, 0x0E, 0x0E, 0x3C,
  0x38, 0x39, 0xF1, 0xE1, 0xC5, 0xCF, 0xE7, 0x37, 0x00, 0x39, 0x9C, 0x01,
  0xC4, 0x70, 0x07, 0x3F, 0xF0, 0x38, 0x07, 0x00, 0xE0, 0x1C, 0x07, 0x00,
  0x70, 0x18, 0x03, 0x81, 0xF0, 0x07, 0x03, 0xE0, 0x1C, 0x01, 0xC0, 0x38,
  0x03, 0x80, 0xE0, 0x07, 0x01, 0x8E, 0x0E, 0x07, 0x7F, 0x1C, 0x1D, 0xCF,
  0x38, 0x3B, 0x8E, 0xF0, 0xE0, 0x3B, 0xF9, 0xC0, 0x70, 0x07, 0x01, 0xC0,
  0x1C, 0x07, 0x00, 0x38, 0x18, 0xC0, 0xE0, 0x7F, 0x81, 0xC0, 0xFF, 0x07,
  0x00, 0x00, 0x1E, 0x00, 0xE0, 0x7F, 0x00, 0xE0, 0x63, 0x81, 0xC0, 0x63,
  0x81, 0xC0, 0x07, 0x03, 0x80, 0x1C, 0x03, 0x00, 0x1F, 0x07, 0x1C, 0x03,
  0x8E, 0x3C, 0x43, 0x8E, 0x7C, 0xFF, 0x9C, 0x5C, 0x7F, 0x1C, 0xDC, 0x08,
  0x39, 0x9C, 0x00, 0x71, 0x1C, 0x00, 0x73, 0xFF, 0x00, 0xE0, 0x1C, 0x00,
  0xE0, 0x1C, 0x01, 0xC0, 0x1C, 0x0F, 0x01, 0xE0, 0x3C, 0x00, 0x00, 0x00,
  0x0C, 0x01, 0x80, 0x70, 0x1E, 0x07, 0xC1, 0xF0, 0x3C, 0x2F, 0x0F, 0xE1,
  0xDE, 0x3B, 0xFE, 0x0E, 0x00, 0x03, 0x00, 0x01, 0xE0, 0x00, 0x3C, 0x00,
  0x03, 0x80, 0x00, 0x20, 0x00, 0x00, 0x00, 0x1E, 0x00, 0x0F, 0xC0, 0x03,
  0xF0, 0x00, 0xDC, 0x00, 0x77, 0x80, 0x19, 0xE0, 0x06, 0x38, 0x03, 0x8F,
  0x00, 0xC3, 0xC0, 0x7F, 0xF0, 0x1F, 0xFE, 0x06, 0x07, 0x83, 0x81, 0xF0,
  0xE0, 0x3C, 0xFC, 0x3F, 0xFF, 0x0F, 0xF0, 0x00, 0x30, 0x00, 0x1C, 0x00,
  0x1F, 0x00, 0x0F, 0x00, 0x01, 0x00, 0x00, 0x00, 0x00, 0x1E, 0x00, 0x0F,
  0xC0, 0x03, 0xF0, 0x00, 0xDC, 0x00, 0x77, 0x80, 0x19, 0xE0, 0x06, 0x38,
  0x03, 0x8F, 0x00, 0xC3, 0xC0, 0x7F, 0xF0, 0x1F, 0xFE, 0x06, 0x07, 0x83,
  0x81, 0xF0, 0xE0, 0x3C, 0xFC, 0x3F, 0xFF, 0x0F, 0xF0, 0x01, 0xE0, 0x00,
  0xF8, 0x00, 0x3F, 0x00, 0x18, 0xE0, 0x04, 0x08, 0x00, 0x00, 0x00, 0x1E,
  0x00, 0x0F, 0xC0, 0x03, 0xF0, 0x00, 0xDC, 0x00, 0x77, 0x80, 0x19, 0xE0,
  0x06, 0x38, 0x03, 0x8F, 0x00, 0xC3, 0xC0, 0x7F, 0xF0, 0x1F, 0xFE, 0x06,
  0x07, 0x83, 0x81, 0xF0, 0xE0, 0x3C, 0xFC, 0x3F, 0xFF, 0x0F, 0xF0, 0x03,
  0x08, 0x01, 0xFE, 0x00, 0x7F, 0x80, 0x31, 0xC0, 0x00, 0x00, 0x00, 0x00,
  0x00, 0x1E, 0x00, 0x0F, 0xC0, 0x03, 0xF0, 0x00, 0xDC, 0x00, 0x77, 0x80,
  0x19, 0xE0, 0x06, 0x38, 0x03, 0x8F, 0x00, 0xC3, 0xC0, 0x7F, 0xF0, 0x1F,
  0xFE, 0x06, 0x07, 0x83, 0x81, 0xF0, 0xE0, 0x3C, 0xFC, 0x3F, 0xFF, 0x0F,
  0xF0, 0x07, 0x38, 0x03, 0xCF, 0x00, 0xF3, 0xC0, 0x18, 0xE0, 0x00, 0x00,
  0x00, 0x00, 0x00, 0x1E, 0x00, 0x0F, 0xC0, 0x03, 0xF0, 0x00, 0xDC, 0x00,
  0x77, 0x80, 0x19, 0xE0, 0x06, 0x38, 0x03, 0x8F, 0x00, 0xC3, 0xC0, 0x7F,
  0xF0, 0x1F, 0xFE, 0x06, 0x07, 0x83, 0x81, 0xF0, 0xE0, 0x3C, 0xFC, 0x3F,
  0xFF, 0x0F, 0xF0, 0x01, 0xE0, 0x00, 0xFC, 0x00, 0x33, 0x00, 0x0C, 0xC0,
  0x03, 0xF0, 0x00, 0x20, 0x00, 0x00, 0x00, 0x07, 0x80, 0x03, 0xF0, 0x00,
  0xFC, 0x00, 0x37, 0x00, 0x1D, 0xE0, 0x06, 0x78, 0x01, 0x8E, 0x00, 0xE3,
  0xC0, 0x30, 0xF0, 0x1F, 0xFC, 0x07, 0xFF, 0x81, 0x81, 0xE0, 0xE0, 0x7C,
  0x38, 0x0F, 0x3F, 0x0F, 0xFF, 0xC3, 0xFC, 0x03, 0xFF, 0xFC, 0x00, 0xFF,
  0xFE, 0x01, 0xCF, 0x0E, 0x01, 0x8F, 0x06, 0x03, 0x8F, 0x00, 0x03, 0x0F,
  0x30, 0x07, 0x0F, 0x30, 0x07, 0xFF, 0xF0, 0x0F, 0xFF, 0xF0, 0x0E, 0x0F,
  0x30, 0x1C, 0x0F, 0x31, 0x1C, 0x0F, 0x06, 0x38, 0x0F, 0x06, 0x38, 0x0F,
  0x0E, 0xFE, 0x3F, 0xFE, 0xFE, 0x3F, 0xFE, 0x03, 0xCC, 0x3F, 0xF8, 0xFF,
  0xF3, 0xE0, 0xE7, 0x80, 0xDE, 0x01, 0xBC, 0x00, 0x78, 0x00, 0xF0, 0x01,
  0xE0, 0x03, 0xC0, 0x07, 0xC0, 0x07, 0x80, 0x0F, 0x81, 0x8F, 0xCF, 0x8F,
  0xFC, 0x0F, 0xF0, 0x02, 0x00, 0x0F, 0x00, 0x07, 0x00, 0x0E, 0x00, 0xFC,
  0x00, 0x60, 0x00, 0x0C, 0x00, 0x78, 0x00, 0xF0, 0x00, 0xE0, 0x00, 0x80,
  0x00, 0x0F, 0xFF, 0x9F, 0xFE, 0x3C, 0x38, 0xF0, 0x63, 0xC0, 0x0F, 0x10,
  0x3C, 0xC0, 0xFF, 0x03, 0xFC, 0x0F, 0x10, 0x3C, 0x80, 0xF0, 0x73, 0xC1,
  0xCF, 0x0E, 0xFF, 0xFB, 0xFF, 0xE0, 0x00, 0xC0, 0x07, 0x00, 0x7C, 0x03,
  0xC0, 0x04, 0x00, 0x00, 0x0F, 0xFF, 0x9F, 0xFE, 0x3C, 0x38, 0xF0, 0x63,
  0xC0, 0x0F, 0x10, 0x3C, 0xC0, 0xFF, 0x03, 0xFC, 0x0F, 0x10, 0x3C, 0x80,
  0xF0, 0x73, 0xC1, 0xCF, 0x0E, 0xFF, 0xFB, 0xFF, 0xE0, 0x07, 0x80, 0x3E,
  0x00, 0xFC, 0x06, 0x38, 0x10, 0x20, 0x00, 0x0F, 0xFF, 0x9F, 0xFE, 0x3C,
  0x38, 0xF0, 0x63, 0xC0, 0x0F, 0x10, 0x3C, 0xC0, 0xFF, 0x03, 0xFC, 0x0F,
  0x10, 0x3C, 0x80, 0xF0, 0x73, 0xC1, 0xCF, 0x0E, 0xFF, 0xFB, 0xFF, 0xE0,
  0x1C, 0xE0, 0xF3, 0xC3, 0xCF, 0x06, 0x38, 0x00, 0x00, 0x00, 0x0F, 0xFF,
  0x9F, 0xFE, 0x3C, 0x38, 0xF0, 0x63, 0xC0, 0x0F, 0x10, 0x3C, 0xC0, 0xFF,
  0x03, 0xFC, 0x0F, 0x10, 0x3C, 0x80, 0xF0, 0x73, 0xC1, 0xCF, 0x0E, 0xFF,
  0xFB, 0xFF, 0xE0, 0x60, 0xF0, 0x78, 0x1C, 0x04, 0x00, 0xFF, 0x7C, 0x3C,
  0x3C, 0x3C, 0x3C, 0x3C, 0x3C, 0x3C, 0x3C, 0x3C, 0x3C, 0x3C, 0x3C, 0xFF,
  0xFF, 0x06, 0x0E, 0x3E, 0x78, 0x20, 0x00, 0xFF, 0x7C, 0x3C, 0x3C, 0x3C,
  0x3C, 0x3C, 0x3C, 0x3C, 0x3C, 0x3C, 0x3C, 0x3C, 0x3C, 0xFF, 0xFF, 0x3C,
  0x7C, 0x7E, 0xC7, 0x81, 0x00, 0xFF, 0x7C, 0x3C, 0x3C, 0x3C, 0x3C, 0x3C,
  0x3C, 0x3C, 0x3C, 0x3C, 0x3C, 0x3C, 0x3C, 0xFF, 0xFF, 0x73, 0xBC, 0xFF,
  0x3D, 0x8E, 0x00, 0x00, 0x07, 0xF8, 0xF8, 0x1E, 0x07, 0x81, 0xE0, 0x78,
  0x1E, 0x07, 0x81, 0xE0, 0x78, 0x1E, 0x07, 0x81, 0xE0, 0x78, 0x7F, 0x9F,
  0xE0, 0x7F, 0xF8, 0x1F, 0xFF, 0x07, 0x87, 0xC3, 0xC1, 0xF1, 0xE0, 0x78,
  0xF0, 0x3D, 0xFF, 0x1F, 0xFF, 0x8F, 0xFF, 0xC7, 0x8F, 0x03, 0xC7, 0x81,
  0xE3, 0xC1, 0xE1, 0xE0, 0xF0, 0xF1, 0xF1, 0xFF, 0xF0, 0xFF, 0xE0, 0x03,
  0x08, 0x01, 0xFE, 0x00, 0x7F, 0x80, 0x31, 0xC0, 0x00, 0x00, 0x00, 0x00,
  0x0F, 0xE1, 0xFD, 0xF8, 0x1E, 0x3F, 0x07, 0x0F, 0xE1, 0xC3, 0xF8, 0x70,
  0xFF, 0x1C, 0x3B, 0xC7, 0x0E, 0x79, 0xC3, 0x9F, 0x70, 0xE3, 0xDC, 0x38,
  0xFF, 0x0E, 0x1F, 0xC3, 0x83, 0xF0, 0xE0, 0xFC, 0xFC, 0x1F, 0x3F, 0x07,
  0xC0, 0x06, 0x00, 0x0F, 0x00, 0x07, 0x80, 0x01, 0xC0, 0x00, 0x40, 0x03,
  0xE0, 0x0F, 0xF8, 0x3F, 0xFC, 0x7C, 0x1E, 0x78, 0x1F, 0xF0, 0x0F, 0xF0,
  0x0F, 0xF0, 0x0F, 0xF0, 0x0F, 0xF0, 0x0F, 0xF0, 0x0F, 0xF0, 0x0F, 0x78,
  0x0F, 0x78, 0x1E, 0x3C, 0x3C, 0x1F, 0xF8, 0x0F, 0xF0, 0x00, 0x60, 0x00,
  0xE0, 0x03, 0xE0, 0x07, 0x80, 0x02, 0x00, 0x03, 0xE0, 0x0F, 0xF8, 0x3F,
  0xFC, 0x7C, 0x1E, 0x78, 0x1F, 0xF0, 0x0F, 0xF0, 0x0F, 0xF0, 0x0F, 0xF0,
  0x0F, 0xF0, 0x0F, 0xF0, 0x0F, 0xF0, 0x0F, 0x78, 0x0F, 0x78, 0x1E, 0x3C,
  0x3C, 0x1F, 0xF8, 0x0F, 0xF0, 0x03, 0xC0, 0x07, 0xC0, 0x07, 0xE0, 0x0C,
  0x70, 0x08, 0x10, 0x03, 0xE0, 0x0F, 0xF8, 0x3F, 0xFC, 0x7C, 0x1E, 0x78,
  0x1F, 0xF0, 0x0F, 0xF0, 0x0F, 0xF0, 0x0F, 0xF0, 0x0F, 0xF0, 0x0F, 0xF0,
  0x0F, 0xF0, 0x0F, 0x78, 0x0F, 0x78, 0x1E, 0x3C, 0x3C, 0x1F, 0xF8, 0x0F,
  0xF0, 0x06, 0x10, 0x0F, 0xF0, 0x0F, 0xF0, 0x18, 0xE0, 0x00, 0x00, 0x03,
  0xE0, 0x0F, 0xF8, 0x3F, 0xFC, 0x7C, 0x1E, 0x78, 0x1F, 0xF0, 0x0F, 0xF0,
  0x0F, 0xF0, 0x0F, 0xF0, 0x0F, 0xF0, 0x0F, 0xF0, 0x0F, 0xF0, 0x0F, 0x78,
  0x0F, 0x78, 0x1E, 0x3C, 0x3C, 0x1F, 0xF8, 0x0F, 0xF0, 0x0E, 0x70, 0x1E,
  0x78, 0x1E, 0x78, 0x0C, 0x70, 0x00, 0x00, 0x03, 0xE0, 0x0F, 0xF8, 0x3F,
  0xFC, 0x7C, 0x1E, 0x78, 0x1F, 0xF0, 0x0F, 0xF0, 0x0F, 0xF0, 0x0F, 0xF0,
  0x0F, 0xF0, 0x0F, 0xF0, 0x0F, 0xF0, 0x0F, 0x78, 0x0F, 0x78, 0x1E, 0x3C,
  0x3C, 0x1F, 0xF8, 0x0F, 0xF0, 0x21, 0x31, 0xFD, 0xE7, 0xE1, 0xE1, 0xF1,
  0xFD, 0xE7, 0x61, 0x80, 0x03, 0xE3, 0x87, 0xFF, 0x8F, 0xFF, 0x8F, 0x83,
  0xC7, 0x83, 0xF7, 0x81, 0xFB, 0xC1, 0xBD, 0xE1, 0xDE, 0xF1, 0xCF, 0x79,
  0xC7, 0xBD, 0xC3, 0xDF, 0xC1, 0xE7, 0xC0, 0xF3, 0xE0, 0xF0, 0xF0, 0xF0,
  0xFF, 0xF0, 0xEF, 0xF0, 0x00, 0x03, 0x00, 0x03, 0xC0, 0x00, 0xF0, 0x00,
  0x1C, 0x00, 0x02, 0x00, 0x00, 0x03, 0xF8, 0x7E, 0xF8, 0x1E, 0x3C, 0x0E,
  0x1E, 0x07, 0x0F, 0x03, 0x87, 0x81, 0xC3, 0xC0, 0xE1, 0xE0, 0x70, 0xF0,
  0x38, 0x78, 0x1C, 0x3C, 0x0E, 0x1E, 0x07, 0x0F, 0x03, 0x87, 0xE7, 0x81,
  0xFF, 0x80, 0x7F, 0x80, 0x00, 0x30, 0x00, 0x38, 0x00, 0x7C, 0x00, 0x78,
  0x00, 0x10, 0x00, 0x00, 0x03, 0xF8, 0x7E, 0xF8, 0x1E, 0x3C, 0x0E, 0x1E,
  0x07, 0x0F, 0x03, 0x87, 0x81, 0xC3, 0xC0, 0xE1, 0xE0, 0x70, 0xF0, 0x38,
  0x78, 0x1C, 0x3C, 0x0E, 0x1E, 0x07, 0x0F, 0x03, 0x87, 0xE7, 0x81, 0xFF,
  0x80, 0x7F, 0x80, 0x01, 0xE0, 0x01, 0xF0, 0x00, 0xFC, 0x00, 0xC7, 0x00,
  0x40, 0x80, 0x00, 0x03, 0xF8, 0x7E, 0xF8, 0x1E, 0x3C, 0x0E, 0x1E, 0x07,
  0x0F, 0x03, 0x87, 0x81, 0xC3, 0xC0, 0xE1, 0xE0, 0x70, 0xF0, 0x38, 0x78,
  0x1C, 0x3C, 0x0E, 0x1E, 0x07, 0x0F, 0x03, 0x87, 0xE7, 0x81, 0xFF, 0x80,
  0x7F, 0x80, 0x07, 0x38, 0x07, 0x9E, 0x03, 0xCF, 0x00, 0xC7, 0x00, 0x00,
  0x00, 0x00, 0x03, 0xF8, 0x7E, 0xF8, 0x1E, 0x3C, 0x0E, 0x1E, 0x07, 0x0F,
  0x03, 0x87, 0x81, 0xC3, 0xC0, 0xE1, 0xE0, 0x70, 0xF0, 0x38, 0x78, 0x1C,
  0x3C, 0x0E, 0x1E, 0x07, 0x0F, 0x03, 0x87, 0xE7, 0x81, 0xFF, 0x80, 0x7F,
  0x80, 0x00, 0x30, 0x00, 0x38, 0x00, 0x7C, 0x00, 0x78, 0x00, 0x10, 0x00,
  0x00, 0x03, 0xFC, 0x7E, 0xFC, 0x1E, 0x3E, 0x0E, 0x0F, 0x06, 0x03, 0xC7,
  0x01, 0xE3, 0x00, 0x7B, 0x80, 0x3F, 0x80, 0x0F, 0x80, 0x03, 0xC0, 0x01,
  0xE0, 0x00, 0xF0, 0x00, 0x78, 0x00, 0x3C, 0x00, 0x7F, 0x80, 0x3F, 0xC0,
  0xFF, 0x01, 0xF8, 0x03, 0xC0, 0x0F, 0xF8, 0x3F, 0xF8, 0xF1, 0xF3, 0xC3,
  0xCF, 0x0F, 0x3C, 0x3C, 0xF1, 0xF3, 0xFF, 0x8F, 0xF8, 0x3C, 0x00, 0xF0,
  0x0F, 0xF0, 0x3F, 0xC0, 0x0F, 0xF0, 0x1E, 0x78, 0x3C, 0x3C, 0x38, 0x3C,
  0x38, 0x38, 0x38, 0x30, 0xF8, 0x70, 0xF8, 0xE0, 0x38, 0xE0, 0x38, 0xF0,
  0x38, 0xFC, 0x38, 0xFF, 0x38, 0x3F, 0x38, 0x0F, 0x3B, 0x87, 0x79, 0x87,
  0xF9, 0xFF, 0xF9, 0xFE, 0x18, 0x00, 0xE0, 0x07, 0x00, 0x1C, 0x00, 0x30,
  0x00, 0x00, 0x00, 0x07, 0xF0, 0x63, 0xC7, 0x0E, 0x38, 0x70, 0x03, 0x80,
  0x7C, 0x3F, 0xE3, 0xC7, 0x1E, 0x38, 0xF3, 0xC7, 0xFF, 0x9F, 0x3E, 0x01,
  0x80, 0x1C, 0x01, 0xE0, 0x0E, 0x00, 0xC0, 0x00, 0x00, 0x00, 0x07, 0xF0,
  0x63, 0xC7, 0x0E, 0x38, 0x70, 0x03, 0x80, 0x7C, 0x3F, 0xE3, 0xC7, 0x1E,
  0x38, 0xF3, 0xC7, 0xFF, 0x9F, 0x3E, 0x06, 0x00, 0x78, 0x07, 0xE0, 0x73,
  0x03, 0x0C, 0x00, 0x00, 0x00, 0x07, 0xF0, 0x63, 0xC7, 0x0E, 0x38, 0x70,
  0x03, 0x80, 0x7C, 0x3F, 0xE3, 0xC7, 0x1E, 0x38, 0xF3, 0xC7, 0xFF, 0x9F,
  0x3E, 0x1C, 0x41, 0xFE, 0x1F, 0xF0, 0x47, 0x00, 0x00, 0x00, 0x00, 0xFE,
  0x0C, 0x78, 0xE1, 0xC7, 0x0E, 0x00, 0x70, 0x0F, 0x87, 0xFC, 0x78, 0xE3,
  0xC7, 0x1E, 0x78, 0xFF, 0xF3, 0xE7, 0xC0, 0x39, 0xC3, 0xCF, 0x1E, 0x70,
  0x63, 0x80, 0x00, 0x00, 0x00, 0xFE, 0x0C, 0x78, 0xE1, 0xC7, 0x0E, 0x00,
  0x70, 0x0F, 0x87, 0xFC, 0x78, 0xE3, 0xC7, 0x1E, 0x78, 0xFF, 0xF3, 0xE7,
  0xC0, 0x0F, 0x00, 0xDC, 0x06, 0x60, 0x33, 0x01, 0xF0, 0x00, 0x00, 0x00,
  0x07, 0xF0, 0x63, 0xC7, 0x0E, 0x38, 0x70, 0x03, 0x80, 0x7C, 0x3F, 0xE3,
  0xC7, 0x1E, 0x38, 0xF3, 0xC7, 0xFF, 0x9F, 0x3E, 0x3F, 0x3F, 0x18, 0xFF,
  0xEE, 0x1E, 0x3F, 0x87, 0x87, 0x01, 0xC3, 0xC3, 0xFF, 0xF7, 0xFF, 0xFF,
  0xC7, 0x80, 0xF1, 0xE0, 0x7C, 0xFE, 0xFF, 0xFF, 0xF9, 0xF9, 0xFC, 0x1F,
  0xCF, 0xFD, 0xC3, 0xF8, 0xFF, 0x0D, 0xE0, 0x3C, 0x07, 0x80, 0xF0, 0x2F,
  0x9D, 0xFF, 0x8F, 0xC0, 0x40, 0x1E, 0x00, 0xE0, 0x1C, 0x1F, 0x80, 0xE0,
  0x18, 0x01, 0xC0, 0x1C, 0x00, 0xE0, 0x03, 0x00, 0x00, 0x00, 0x01, 0xFC,
  0x3F, 0xE7, 0x0E, 0xF0, 0xEF, 0x0E, 0xFF, 0xEF, 0xFE, 0xF0, 0x0F, 0x02,
  0x7C, 0xF7, 0xFE, 0x1F, 0x80, 0x01, 0x80, 0x38, 0x07, 0x80, 0x70, 0x0C,
  0x00, 0x00, 0x00, 0x01, 0xFC, 0x3F, 0xE7, 0x0E, 0xF0, 0xEF, 0x0E, 0xFF,
  0xEF, 0xFE, 0xF0, 0x0F, 0x02, 0x7C, 0xF7, 0xFE, 0x1F, 0x80, 0x06, 0x00,
  0xF0, 0x1F, 0x83, 0x98, 0x30, 0xC0, 0x00, 0x00, 0x01, 0xFC, 0x3F, 0xE7,
  0x0E, 0xF0, 0xEF, 0x0E, 0xFF, 0xEF, 0xFE, 0xF0, 0x0F, 0x02, 0x7C, 0xF7,
  0xFE, 0x1F, 0x80, 0x39, 0xC7, 0x9E, 0x79, 0xC3, 0x1C, 0x00, 0x00, 0x00,
  0x1F, 0xC3, 0xFE, 0x70, 0xEF, 0x0E, 0xF0, 0xEF, 0xFE, 0xFF, 0xEF, 0x00,
  0xF0, 0x27, 0xCF, 0x7F, 0xE1, 0xF8, 0xC1, 0xC3, 0x83, 0x81, 0x80, 0x00,
  0x7C, 0xF8, 0xF0, 0xE1, 0xC3, 0x87, 0x0E, 0x1C, 0x79, 0xFF, 0xF8, 0x0C,
  0x38, 0xF1, 0xC6, 0x00, 0x00, 0x7C, 0xF8, 0xF0, 0xE1, 0xC3, 0x87, 0x0E,
  0x1C, 0x79, 0xFF, 0xF8, 0x18, 0x3C, 0x7E, 0xE6, 0xC3, 0x00, 0x00, 0x7C,
  0x7C, 0x3C, 0x1C, 0x1C, 0x1C, 0x1C, 0x1C, 0x1C, 0x3C, 0x7F, 0x7F, 0x73,
  0xBC, 0xFF, 0x39, 0x8E, 0x00, 0x00, 0x03, 0xE0, 0xF8, 0x1E, 0x03, 0x80,
  0xE0, 0x38, 0x0E, 0x03, 0x80, 0xE0, 0x78, 0x3F, 0x8F, 0xE0, 0x00, 0x63,
  0xEE, 0x1F, 0x80, 0x7C, 0x1F, 0xE0, 0x9E, 0x00, 0xF0, 0xCF, 0x3F, 0x77,
  0xDF, 0xF0, 0xFF, 0x0F, 0xF0, 0xFF, 0x0F, 0xF0, 0xFF, 0x0F, 0xF0, 0xE7,
  0xFC, 0x3F, 0x80, 0x0E, 0x20, 0x3F, 0xC0, 0xFF, 0x80, 0x8E, 0x00, 0x00,
  0x00, 0x00, 0x3E, 0xFC, 0x7F, 0xFC, 0x7C, 0x78, 0x78, 0xF0, 0xE1, 0xE1,
  0xC3, 0xC3, 0x87, 0x87, 0x0F, 0x0E, 0x1E, 0x1C, 0x3C, 0xFE, 0xFF, 0xFD,
  0xFC, 0x18, 0x00, 0xE0, 0x07, 0x00, 0x1C, 0x00, 0x30, 0x00, 0x00, 0x00,
  0x03, 0xF8, 0x7F, 0xE3, 0xC7, 0xBC, 0x3F, 0xE0, 0xFF, 0x07, 0xF8, 0x3F,
  0xC1, 0xFE, 0x0E, 0x78, 0xF3, 0xFF, 0x0F, 0xF0, 0x01, 0x80, 0x1C, 0x01,
  0xE0, 0x0E, 0x00, 0xC0, 0x00, 0x00, 0x00, 0x03, 0xF8, 0x7F, 0xE3, 0xC7,
  0xBC, 0x3F, 0xE0, 0xFF, 0x07, 0xF8, 0x3F, 0xC1, 0xFE, 0x0E, 0x78, 0xF3,
  0xFF, 0x0F, 0xF0, 0x06, 0x00, 0x78, 0x07, 0xE0, 0x73, 0x03, 0x0C, 0x00,
  0x00, 0x00, 0x03, 0xF8, 0x7F, 0xE3, 0xC7, 0xBC, 0x3F, 0xE0, 0xFF, 0x07,
  0xF8, 0x3F, 0xC1, 0xFE, 0x0E, 0x78, 0xF3, 0xFF, 0x0F, 0xF0, 0x1C, 0x41,
  0xFE, 0x1F, 0xF0, 0x47, 0x00, 0x00, 0x00, 0x00, 0x7F, 0x0F, 0xFC, 0x78,
  0xF7, 0x87, 0xFC, 0x1F, 0xE0, 0xFF, 0x07, 0xF8, 0x3F, 0xC1, 0xCF, 0x1E,
  0x7F, 0xE1, 0xFE, 0x00, 0x1C, 0xE1, 0xE7, 0x8F, 0x38, 0x31, 0xC0, 0x00,
  0x00, 0x00, 0x7F, 0x0F, 0xFC, 0x78, 0xF7, 0x87, 0xFC, 0x1F, 0xE0, 0xFF,
  0x07, 0xF8, 0x3F, 0xC1, 0xCF, 0x1E, 0x7F, 0xE1, 0xFE, 0x00, 0x1C, 0x07,
  0x81, 0xC0, 0x00, 0x00, 0x3F, 0xFF, 0xFC, 0x00, 0x0C, 0x07, 0x81, 0xE0,
  0x30, 0x00, 0x18, 0xFF, 0x9F, 0xF8, 0xF1, 0xEF, 0x1F, 0xF9, 0xFF, 0xDD,
  0xFE, 0xCF, 0xFC, 0x7F, 0xC3, 0x9E, 0x3C, 0xFF, 0xCF, 0xFC, 0x00, 0x06,
  0x00, 0x0E, 0x00, 0x1C, 0x00, 0x1C, 0x00, 0x0C, 0x00, 0x00, 0x00, 0x00,
  0x3E, 0x7E, 0xFC, 0xFC, 0x78, 0x78, 0xF0, 0xF1, 0xE1, 0xE3, 0xC3, 0xC7,
  0x87, 0x8F, 0x0F, 0x1E, 0x1E, 0x3E, 0x7C, 0x3F, 0xFC, 0x7E, 0xF8, 0x00,
  0x60, 0x01, 0xC0, 0x07, 0x80, 0x0E, 0x00, 0x30, 0x00, 0x00, 0x00, 0x00,
  0x3E, 0x7E, 0xFC, 0xFC, 0x78, 0x78, 0xF0, 0xF1, 0xE1, 0xE3, 0xC3, 0xC7,
  0x87, 0x8F, 0x0F, 0x1E, 0x1E, 0x3E, 0x7C, 0x3F, 0xFC, 0x7E, 0xF8, 0x01,
  0x80, 0x07, 0x80, 0x1F, 0x80, 0x73, 0x00, 0xC3, 0x00, 0x00, 0x00, 0x00,
  0x3E, 0x7E, 0xFC, 0xFC, 0x78, 0x78, 0xF0, 0xF1, 0xE1, 0xE3, 0xC3, 0xC7,
  0x87, 0x8F, 0x0F, 0x1E, 0x1E, 0x3E, 0x7C, 0x3F, 0xFC, 0x7E, 0xF8, 0x0E,
  0x70, 0x3C, 0xF0, 0x79, 0xC0, 0x63, 0x80, 0x00, 0x00, 0x00, 0x1F, 0x3F,
  0x7E, 0x7E, 0x3C, 0x3C, 0x78, 0x78, 0xF0, 0xF1, 0xE1, 0xE3, 0xC3, 0xC7,
  0x87, 0x8F, 0x0F, 0x1F, 0x3E, 0x1F, 0xFE, 0x3F, 0x7C, 0x00, 0x60, 0x03,
  0x80, 0x1E, 0x00, 0x70, 0x03, 0x00, 0x00, 0x00, 0x00, 0x3F, 0x9F, 0xFE,
  0x7C, 0xF0, 0xE3, 0xC3, 0x07, 0x8C, 0x1E, 0x60, 0x39, 0x80, 0xF6, 0x03,
  0xF0, 0x07, 0xC0, 0x1E, 0x00, 0x38, 0x00, 0xC0, 0x63, 0x03, 0x9C, 0x0E,
  0xE0, 0x1F, 0x00, 0xFC, 0x03, 0xF0, 0x03, 0xC0, 0x0F, 0x00, 0x3C, 0x00,
  0xF0, 0x03, 0xDF, 0x0F, 0xFE, 0x3E, 0x7C, 0xF0, 0xF3, 0xC3, 0xCF, 0x0F,
  0x3C, 0x3C, 0xF0, 0xF3, 0xC3, 0xCF, 0x1F, 0x3F, 0xF8, 0xFF, 0xC3, 0xC0,
  0x0F, 0x00, 0x3C, 0x03, 0xFC, 0x0F, 0xF0, 0x00, 0x0E, 0x70, 0x79, 0xE1,
  0xE7, 0x03, 0x1C, 0x00, 0x00, 0x00, 0x0F, 0xE7, 0xFF, 0x9F, 0x3C, 0x38,
  0xF0, 0xC1, 0xE3, 0x07, 0x98, 0x0E, 0x60, 0x3D, 0x80, 0xFC, 0x01, 0xF0,
  0x07, 0x80, 0x0E, 0x00, 0x30, 0x18, 0xC0, 0xE7, 0x03, 0xB8, 0x07, 0xC0,
  0x00 };

const GFXglyph Literata_Bold12pt8bGlyphs[] PROGMEM = {
  {     0,   1,   1,   5,    0,    0 },   // 0x20 ' '
  {     1,   4,  17,   8,    2,  -16 },   // 0x21 '!'
  {    10,   8,   7,  10,    1,  -18 },   // 0x22 '"'
  {    17,  15,  13,  16,    1,  -12 },   // 0x23 '#'
  {    42,  12,  21,  14,    1,  -18 },   // 0x24 '$'
  {    74,  20,  14,  21,    1,  -13 },   // 0x25 '%'
  {   109,  18,  17,  20,    1,  -16 },   // 0x26 '&'
  {   148,   4,   7,   6,    1,  -18 },   // 0x27 '''
  {   152,   7,  24,   8,    1,  -18 },   // 0x28 '('
  {   173,   7,  24,   8,    0,  -18 },   // 0x29 ')'
  {   194,   9,  10,  11,    1,  -18 },   // 0x2A '*'
  {   206,  10,  10,  14,    2,  -11 },   // 0x2B '+'
  {   219,   4,   8,   8,    2,   -3 },   // 0x2C ','
  {   223,   6,   2,   8,    1,   -7 },   // 0x2D '-'
  {   225,   4,   4,   8,    2,   -3 },   // 0x2E '.'
  {   227,  11,  22,  12,    0,  -18 },   // 0x2F '/'
  {   258,  13,  17,  14,    1,  -16 },   // 0x30 '0'
  {   286,   8,  17,  10,    1,  -16 },   // 0x31 '1'
  {   303,  12,  17,  13,    0,  -16 },   // 0x32 '2'
  {   329,  12,  17,  13,    0,  -16 },   // 0x33 '3'
  {   355,  14,  17,  14,    0,  -16 },   // 0x34 '4'
  {   385,  12,  16,  13,    0,  -15 },   // 0x35 '5'
  {   409,  12,  17,  14,    1,  -16 },   // 0x36 '6'
  {   435,  13,  16,  13,    0,  -15 },   // 0x37 '7'
  {   461,  13,  17,  14,    0,  -16 },   // 0x38 '8'
  {   489,  12,  17,  14,    1,  -16 },   // 0x39 '9'
  {   515,   4,  12,   8,    2,  -11 },   // 0x3A ':'
  {   521,   5,  16,   8,    1,  -11 },   // 0x3B ';'
  {   531,   9,  12,  14,    2,  -12 },   // 0x3C '<'
  {   545,  10,   7,  14,    2,  -10 },   // 0x3D '='
  {   554,  10,  12,  14,    2,  -12 },   // 0x3E '>'
  {   569,  11,  17,  13,    1,  -16 },   // 0x3F '?'
  {   593,  20,  19,  22,    1,  -13 },   // 0x40 '@'
  {   641,  18,  16,  18,    0,  -15 },   // 0x41 'A'
  {   677,  14,  16,  16,    1,  -15 },   // 0x42 'B'
  {   705,  15,  17,  17,    1,  -16 },   // 0x43 'C'
  {   737,  16,  16,  18,    1,  -15 },   // 0x44 'D'
  {   769,  14,  16,  16,    1,  -15 },   // 0x45 'E'
  {   797,  13,  16,  15,    1,  -15 },   // 0x46 'F'
  {   823,  16,  17,  18,    1,  -16 },   // 0x47 'G'
  {   857,  18,  16,  20,    1,  -15 },   // 0x48 'H'
  {   893,   8,  16,  10,    1,  -15 },   // 0x49 'I'
  {   909,  12,  16,  14,    1,  -15 },   // 0x4A 'J'
  {   933,  17,  16,  18,    1,  -15 },   // 0x4B 'K'
  {   967,  13,  16,  15,    1,  -15 },   // 0x4C 'L'
  {   993,  21,  16,  23,    1,  -15 },   // 0x4D 'M'
  {  1035,  18,  16,  20,    1,  -15 },   // 0x4E 'N'
  {  1071,  16,  17,  18,    1,  -16 },   // 0x4F 'O'
  {  1105,  14,  16,  15,    1,  -15 },   // 0x50 'P'
  {  1133,  20,  22,  19,    1,  -16 },   // 0x51 'Q'
  {  1188,  16,  16,  18,    1,  -15 },   // 0x52 'R'
  {  1220,  12,  17,  14,    1,  -16 },   // 0x53 'S'
  {  1246,  16,  16,  18,    1,  -15 },   // 0x54 'T'
  {  1278,  17,  16,  18,    1,  -15 },   // 0x55 'U'
  {  1312,  18,  16,  18,    0,  -15 },   // 0x56 'V'
  {  1348,  26,  16,  26,    0,  -15 },   // 0x57 'W'
  {  1400,  18,  16,  18,    0,  -15 },   // 0x58 'X'
  {  1436,  17,  16,  18,    0,  -15 },   // 0x59 'Y'
  {  1470,  14,  16,  16,    1,  -15 },   // 0x5A 'Z'
  {  1498,   6,  24,   8,    2,  -18 },   // 0x5B '['
  {  1516,  11,  22,  12,    0,  -18 },   // 0x5C '\'
  {  1547,   5,  24,   8,    1,  -18 },   // 0x5D ']'
  {  1562,  12,   9,  14,    1,  -16 },   // 0x5E '^'
  {  1576,  11,   2,  11,    0,    1 },   // 0x5F '_'
  {  1579,   5,   5,  12,    3,  -18 },   // 0x60 '`'
  {  1583,  13,  12,  14,    1,  -11 },   // 0x61 'a'
  {  1603,  14,  18,  15,    0,  -17 },   // 0x62 'b'
  {  1635,  11,  12,  13,    1,  -11 },   // 0x63 'c'
  {  1652,  14,  18,  15,    1,  -17 },   // 0x64 'd'
  {  1684,  12,  12,  13,    1,  -11 },   // 0x65 'e'
  {  1702,  11,  18,  10,    1,  -17 },   // 0x66 'f'
  {  1727,  14,  19,  14,    0,  -13 },   // 0x67 'g'
  {  1761,  15,  18,  16,    1,  -17 },   // 0x68 'h'
  {  1795,   7,  18,   9,    1,  -17 },   // 0x69 'i'
  {  1811,   6,  23,   8,    0,  -17 },   // 0x6A 'j'
  {  1829,  15,  18,  16,    1,  -17 },   // 0x6B 'k'
  {  1863,   7,  18,   9,    1,  -17 },   // 0x6C 'l'
  {  1879,  22,  12,  23,    1,  -11 },   // 0x6D 'm'
  {  1912,  15,  12,  16,    1,  -11 },   // 0x6E 'n'
  {  1935,  13,  12,  15,    1,  -11 },   // 0x6F 'o'
  {  1955,  14,  17,  16,    1,  -11 },   // 0x70 'p'
  {  1985,  14,  17,  15,    1,  -11 },   // 0x71 'q'
  {  2015,  12,  12,  13,    1,  -11 },   // 0x72 'r'
  {  2033,  10,  12,  12,    1,  -11 },   // 0x73 's'
  {  2048,   9,  16,  10,    1,  -15 },   // 0x74 't'
  {  2066,  15,  12,  16,    0,  -11 },   // 0x75 'u'
  {  2089,  14,  12,  15,    0,  -11 },   // 0x76 'v'
  {  2110,  21,  12,  21,    0,  -11 },   // 0x77 'w'
  {  2142,  14,  12,  14,    0,  -11 },   // 0x78 'x'
  {  2163,  14,  17,  14,    0,  -11 },   // 0x79 'y'
  {  2193,  11,  12,  13,    1,  -11 },   // 0x7A 'z'
  {  2210,   7,  24,   9,    1,  -18 },   // 0x7B '{'
  {  2231,   3,  22,  11,    4,  -18 },   // 0x7C '|'
  {  2240,   7,  24,   9,    1,  -18 },   // 0x7D '}'
  {  2261,  11,   4,  14,    1,   -8 },   // 0x7E '~'
  {  2267,  10,  16,  12,    1,  -15 },   // 0x7F
  {  2287,  10,  16,  12,    1,  -15 },   // 0x80
  {  2307,  10,  16,  12,    1,  -15 },   // 0x81
  {  2327,  10,  16,  12,    1,  -15 },   // 0x82
  {  2347,  10,  16,  12,    1,  -15 },   // 0x83
  {  2367,  10,  16,  12,    1,  -15 },   // 0x84
  {  2387,  10,  16,  12,    1,  -15 },   // 0x85
  {  2407,  10,  16,  12,    1,  -15 },   // 0x86
  {  2427,  10,  16,  12,    1,  -15 },   // 0x87
  {  2447,  10,  16,  12,    1,  -15 },   // 0x88
  {  2467,  10,  16,  12,    1,  -15 },   // 0x89
  {  2487,  10,  16,  12,    1,  -15 },   // 0x8A
  {  2507,  10,  16,  12,    1,  -15 },   // 0x8B
  {  2527,  10,  16,  12,    1,  -15 },   // 0x8C
  {  2547,  10,  16,  12,    1,  -15 },   // 0x8D
  {  2567,  10,  16,  12,    1,  -15 },   // 0x8E
  {  2587,  10,  16,  12,    1,  -15 },   // 0x8F
  {  2607,  10,  16,  12,    1,  -15 },   // 0x90
  {  2627,  10,  16,  12,    1,  -15 },   // 0x91
  {  2647,  10,  16,  12,    1,  -15 },   // 0x92
  {  2667,  10,  16,  12,    1,  -15 },   // 0x93
  {  2687,  10,  16,  12,    1,  -15 },   // 0x94
  {  2707,  10,  16,  12,    1,  -15 },   // 0x95
  {  2727,  10,  16,  12,    1,  -15 },   // 0x96
  {  2747,  10,  16,  12,    1,  -15 },   // 0x97
  {  2767,  10,  16,  12,    1,  -15 },   // 0x98
  {  2787,  10,  16,  12,    1,  -15 },   // 0x99
  {  2807,  10,  16,  12,    1,  -15 },   // 0x9A
  {  2827,  10,  16,  12,    1,  -15 },   // 0x9B
  {  2847,  10,  16,  12,    1,  -15 },   // 0x9C
  {  2867,  10,  16,  12,    1,  -15 },   // 0x9D
  {  2887,  10,  16,  12,    1,  -15 },   // 0x9E
  {  2907,  10,  16,  12,    1,  -15 },   // 0x9F
  {  2927,   1,   1,   5,    0,    0 },   // 0xA0
  {  2928,   4,  17,   8,    2,  -11 },   // 0xA1
  {  2937,  11,  16,  13,    1,  -14 },   // 0xA2
  {  2959,  13,  17,  14,    0,  -16 },   // 0xA3
  {  2987,  11,  11,  13,    1,  -12 },   // 0xA4
  {  3003,  17,  16,  18,    1,  -15 },   // 0xA5
  {  3037,   3,  22,  11,    4,  -18 },   // 0xA6
  {  3046,  13,  21,  15,    1,  -16 },   // 0xA7
  {  3081,  10,   4,  12,    1,  -17 },   // 0xA8
  {  3086,  17,  16,  20,    1,  -15 },   // 0xA9
  {  3120,   9,   9,  11,    1,  -16 },   // 0xAA
  {  3131,  11,  11,  13,    1,  -11 },   // 0xAB
  {  3147,  10,   6,  14,    2,   -8 },   // 0xAC
  {  3155,   1,   1,   0,    0,    0 },   // 0xAD
  {  3156,   9,   9,  12,    1,  -17 },   // 0xAE
  {  3167,   8,   2,  12,    2,  -16 },   // 0xAF
  {  3169,   7,   6,   9,    1,  -18 },   // 0xB0
  {  3175,  10,  13,  14,    2,  -12 },   // 0xB1
  {  3192,   9,  11,  10,    0,  -19 },   // 0xB2
  {  3205,   9,  12,  10,    0,  -19 },   // 0xB3
  {  3219,   5,   5,  12,    4,  -18 },   // 0xB4
  {  3223,  13,  17,  16,    2,  -11 },   // 0xB5
  {  3251,  13,  19,  15,    1,  -15 },   // 0xB6
  {  3282,   4,   4,   8,    2,   -9 },   // 0xB7
  {  3284,   6,   6,  12,    3,    1 },   // 0xB8
  {  3289,   7,  11,   8,    1,  -19 },   // 0xB9
  {  3299,   9,   9,  11,    1,  -16 },   // 0xBA
  {  3310,  11,  11,  13,    1,  -11 },   // 0xBB
  {  3326,  22,  17,  24,    1,  -16 },   // 0xBC
  {  3373,  23,  17,  25,    1,  -16 },   // 0xBD
  {  3422,  24,  17,  25,    0,  -16 },   // 0xBE
  {  3473,  11,  17,  13,    1,  -11 },   // 0xBF
  {  3497,  18,  22,  18,    0,  -21 },   // 0xC0
  {  3547,  18,  22,  18,    0,  -21 },   // 0xC1
  {  3597,  18,  22,  18,    0,  -21 },   // 0xC2
  {  3647,  18,  22,  18,    0,  -21 },   // 0xC3
  {  3697,  18,  22,  18,    0,  -21 },   // 0xC4
  {  3747,  18,  23,  18,    0,  -22 },   // 0xC5
  {  3799,  24,  16,  24,    0,  -15 },   // 0xC6
  {  3847,  15,  23,  17,    1,  -16 },   // 0xC7
  {  3891,  14,  22,  16,    1,  -21 },   // 0xC8
  {  3930,  14,  22,  16,    1,  -21 },   // 0xC9
  {  3969,  14,  22,  16,    1,  -21 },   // 0xCA
  {  4008,  14,  22,  16,    1,  -21 },   // 0xCB
  {  4047,   8,  22,  10,    1,  -21 },   // 0xCC
  {  4069,   8,  22,  10,    1,  -21 },   // 0xCD
  {  4091,   8,  22,  10,    1,  -21 },   // 0xCE
  {  4113,  10,  22,  10,    0,  -21 },   // 0xCF
  {  4141,  17,  16,  18,    0,  -15 },   // 0xD0
  {  4175,  18,  22,  20,    1,  -21 },   // 0xD1
  {  4225,  16,  22,  18,    1,  -21 },   // 0xD2
  {  4269,  16,  22,  18,    1,  -21 },   // 0xD3
  {  4313,  16,  22,  18,    1,  -21 },   // 0xD4
  {  4357,  16,  22,  18,    1,  -21 },   // 0xD5
  {  4401,  16,  22,  18,    1,  -21 },   // 0xD6
  {  4445,   9,   9,  14,    2,  -11 },   // 0xD7
  {  4456,  17,  17,  18,    1,  -16 },   // 0xD8
  {  4493,  17,  22,  18,    1,  -21 },   // 0xD9
  {  4540,  17,  22,  18,    1,  -21 },   // 0xDA
  {  4587,  17,  22,  18,    1,  -21 },   // 0xDB
  {  4634,  17,  22,  18,    1,  -21 },   // 0xDC
  {  4681,  17,  22,  18,    0,  -21 },   // 0xDD
  {  4728,  14,  16,  15,    1,  -15 },   // 0xDE
  {  4756,  16,  18,  18,    1,  -17 },   // 0xDF
  {  4792,  13,  19,  14,    1,  -18 },   // 0xE0
  {  4823,  13,  19,  14,    1,  -18 },   // 0xE1
  {  4854,  13,  19,  14,    1,  -18 },   // 0xE2
  {  4885,  13,  18,  14,    1,  -17 },   // 0xE3
  {  4915,  13,  18,  14,    1,  -17 },   // 0xE4
  {  4945,  13,  19,  14,    1,  -18 },   // 0xE5
  {  4976,  18,  12,  20,    1,  -11 },   // 0xE6
  {  5003,  11,  18,  13,    1,  -11 },   // 0xE7
  {  5028,  12,  19,  13,    1,  -18 },   // 0xE8
  {  5057,  12,  19,  13,    1,  -18 },   // 0xE9
  {  5086,  12,  19,  13,    1,  -18 },   // 0xEA
  {  5115,  12,  18,  13,    1,  -17 },   // 0xEB
  {  5142,   7,  19,   9,    1,  -18 },   // 0xEC
  {  5159,   7,  19,   9,    1,  -18 },   // 0xED
  {  5176,   8,  19,   9,    0,  -18 },   // 0xEE
  {  5195,  10,  18,   9,   -1,  -17 },   // 0xEF
  {  5218,  12,  19,  14,    1,  -18 },   // 0xF0
  {  5247,  15,  18,  16,    1,  -17 },   // 0xF1
  {  5281,  13,  19,  15,    1,  -18 },   // 0xF2
  {  5312,  13,  19,  15,    1,  -18 },   // 0xF3
  {  5343,  13,  19,  15,    1,  -18 },   // 0xF4
  {  5374,  13,  18,  15,    1,  -17 },   // 0xF5
  {  5404,  13,  18,  15,    1,  -17 },   // 0xF6
  {  5434,  10,  12,  14,    2,  -12 },   // 0xF7
  {  5449,  13,  13,  15,    1,  -12 },   // 0xF8
  {  5471,  15,  19,  16,    0,  -18 },   // 0xF9
  {  5507,  15,  19,  16,    0,  -18 },   // 0xFA
  {  5543,  15,  19,  16,    0,  -18 },   // 0xFB
  {  5579,  15,  18,  16,    0,  -17 },   // 0xFC
  {  5613,  14,  24,  14,    0,  -18 },   // 0xFD
  {  5655,  14,  23,  15,    0,  -17 },   // 0xFE
  {  5696,  14,  23,  14,    0,  -17 } }; // 0xFF

const GFXfont Literata_Bold12pt8b PROGMEM = {
  (uint8_t  *)Literata_Bold12pt8bBitmaps,
  (GFXglyph *)Literata_Bold12pt8bGlyphs,
  0x20, 0xFF, 35 };

// Approx. 7312 bytes

const uint8_t Literata_Bold13pt8bBitmaps[] PROGMEM = {
  0x00, 0xF7, 0xFF, 0xFF, 0x79, 0xCE, 0x73, 0x98, 0xC6, 0x01, 0x9E, 0xFF,
  0x80, 0xEE, 0xEF, 0xEE, 0xE6, 0xC6, 0xC6, 0x44, 0x06, 0x38, 0x0E, 0x38,
  0x0E, 0x38, 0x7F, 0xFF, 0x7F, 0xFF, 0x0C, 0x30, 0x0C, 0x30, 0x1C, 0x70,
  0x1C, 0x70, 0xFF, 0xFE, 0xFF, 0xFE, 0x18, 0x60, 0x18, 0x60, 0x38, 0xE0,
  0x03, 0x00, 0x18, 0x07, 0xE4, 0x7F, 0xF7, 0xBF, 0xB9, 0x9F, 0xCC, 0xFF,
  0x62, 0xFF, 0x03, 0xFC, 0x1F, 0xF8, 0x3F, 0xE0, 0x7F, 0x81, 0xFF, 0x0D,
  0xFC, 0x6F, 0xE3, 0x7F, 0xDB, 0xFF, 0xFD, 0x9F, 0xC0, 0x30, 0x01, 0x80,
  0x3E, 0x07, 0x87, 0xF8, 0x38, 0x39, 0xE3, 0x81, 0xCF, 0x3C, 0x0E, 0x79,
  0xC0, 0x73, 0xDE, 0x03, 0xFC, 0xE0, 0x07, 0xCE, 0x38, 0x00, 0xF7, 0xF0,
  0x07, 0x39, 0xC0, 0x7B, 0xCE, 0x03, 0x9E, 0x70, 0x38, 0xF3, 0x83, 0xC3,
  0xBC, 0x1C, 0x1F, 0xC1, 0x00, 0x10, 0x0F, 0xC0, 0x01, 0xFE, 0x00, 0x3C,
  0x70, 0x03, 0x87, 0x00, 0x3C, 0x70, 0x03, 0xC6, 0x0C, 0x3E, 0xE3, 0xE1,
  0xF8, 0x7E, 0x0F, 0x86, 0xE3, 0xFC, 0xC4, 0x73, 0xEC, 0x0F, 0x1F, 0x80,
  0xF0, 0xF8, 0x0F, 0x07, 0xC0, 0xF0, 0x3E, 0x2F, 0x87, 0xFF, 0x7F, 0xEF,
  0xE3, 0xFC, 0x7C, 0xFF, 0xFD, 0x90, 0x06, 0x1C, 0x30, 0xE3, 0xC7, 0x1E,
  0x3C, 0x79, 0xE3, 0xC7, 0x8F, 0x1E, 0x3C, 0x78, 0xF8, 0xF1, 0xE3, 0xC3,
  0x87, 0x87, 0x0E, 0x0E, 0x0C, 0xC1, 0xC3, 0x83, 0x87, 0x8F, 0x0F, 0x1E,
  0x3C, 0x78, 0xF8, 0xF1, 0xE3, 0xC7, 0x9F, 0x3C, 0x78, 0xF1, 0xC7, 0x8F,
  0x1C, 0x70, 0xE1, 0x80, 0x1C, 0x13, 0x0E, 0xDB, 0xEE, 0x3E, 0x0F, 0xCF,
  0xBB, 0xB6, 0x1C, 0x07, 0x00, 0x0E, 0x01, 0xC0, 0x38, 0x07, 0x0F, 0xFF,
  0xFF, 0xFF, 0xF8, 0x70, 0x0E, 0x01, 0xC0, 0x38, 0x00, 0xF7, 0xBF, 0xF3,
  0x39, 0x98, 0xFF, 0xFF, 0xF8, 0xF7, 0xFF, 0xE0, 0x00, 0xF0, 0x0E, 0x00,
  0xE0, 0x1C, 0x01, 0xC0, 0x1C, 0x03, 0x80, 0x38, 0x07, 0x80, 0x70, 0x07,
  0x00, 0xE0, 0x0E, 0x00, 0xE0, 0x1C, 0x01, 0xC0, 0x3C, 0x03, 0x80, 0x38,
  0x07, 0x00, 0x70, 0x07, 0x00, 0xE0, 0x00, 0x0F, 0xC0, 0xFF, 0x83, 0xCF,
  0x1E, 0x1E, 0x70, 0x7B, 0xC1, 0xFF, 0x07, 0xFC, 0x0F, 0xF0, 0x3F, 0xC0,
  0xFF, 0x03, 0xFC, 0x1F, 0xF0, 0x7B, 0xE1, 0xE7, 0x87, 0x9F, 0x3C, 0x3F,
  0xE0, 0x7F, 0x00, 0x3E, 0x7F, 0x3F, 0x87, 0xC3, 0xE1, 0xF0, 0xF8, 0x7C,
  0x3E, 0x1F, 0x0F, 0x87, 0xC3, 0xE1, 0xF0, 0xF8, 0x7C, 0xFF, 0xFF, 0xC0,
  0x1F, 0xC1, 0xFF, 0x1C, 0x7D, 0xE1, 0xE7, 0x8F, 0xB8, 0x7C, 0x03, 0xC0,
  0x3E, 0x01, 0xE0, 0x1F, 0x01, 0xF0, 0x0F, 0x00, 0xF1, 0x8F, 0x1C, 0xF0,
  0xEF, 0xFF, 0x7F, 0xFB, 0xFF, 0xC0, 0x0F, 0xC1, 0xFF, 0x9E, 0x3C, 0xF0,
  0xF7, 0x87, 0x98, 0x38, 0x03, 0xC0, 0x3C, 0x07, 0x80, 0x7F, 0x80, 0x7E,
  0x00, 0xF0, 0x07, 0x80, 0x3D, 0x83, 0xFF, 0xFF, 0x7F, 0xF0, 0xFE, 0x00,
  0x00, 0xF0, 0x03, 0xE0, 0x07, 0xC0, 0x1F, 0x80, 0x7F, 0x00, 0xDE, 0x03,
  0x3C, 0x0E, 0x78, 0x18, 0xF0, 0x61, 0xE1, 0xC3, 0xC3, 0xFF, 0xFF, 0xFF,
  0xEF, 0xFF, 0xC0, 0x3C, 0x00, 0x7C, 0x03, 0xFE, 0x07, 0xFC, 0x3F, 0xF1,
  0xFF, 0x8F, 0xFC, 0x70, 0x03, 0x00, 0x18, 0x00, 0xC4, 0x07, 0xFC, 0x7F,
  0xF1, 0x8F, 0xC0, 0x3E, 0x00, 0xF0, 0x07, 0x80, 0x3D, 0x83, 0xFF, 0xFE,
  0x7F, 0xF0, 0xFE, 0x00, 0x07, 0xE0, 0xFF, 0xCF, 0x0E, 0xF0, 0xF7, 0x87,
  0x78, 0x03, 0xC4, 0x1E, 0xFC, 0xFF, 0xF7, 0xC7, 0xFC, 0x1F, 0xE0, 0xFF,
  0x07, 0xF8, 0x3F, 0xC1, 0xEF, 0x1E, 0x3F, 0xE0, 0xFE, 0x00, 0xFF, 0xF7,
  0xFF, 0xFF, 0xFF, 0xC0, 0xEC, 0x0E, 0x60, 0xE0, 0x07, 0x00, 0x70, 0x07,
  0x80, 0x38, 0x03, 0xC0, 0x1E, 0x00, 0xF0, 0x07, 0x80, 0x78, 0x03, 0xC0,
  0x1E, 0x00, 0xF0, 0x00, 0x1F, 0xC1, 0xFF, 0x9E, 0x3D, 0xE0, 0xFF, 0x07,
  0x7C, 0x39, 0xF3, 0x8F, 0xF8, 0x1F, 0xE1, 0xFF, 0x9E, 0x7F, 0xE1, 0xFE,
  0x07, 0xF0, 0x3F, 0xC1, 0xFE, 0x1F, 0x7F, 0xF1, 0xFE, 0x00, 0x1F, 0x83,
  0xFF, 0x1E, 0x3D, 0xE1, 0xEF, 0x07, 0x78, 0x3F, 0xC1, 0xFE, 0x1F, 0xF0,
  0xFF, 0xFF, 0xDF, 0xDE, 0x3D, 0xF0, 0x0F, 0x00, 0x79, 0x07, 0xDF, 0xFC,
  0xFF, 0xE1, 0xFC, 0x00, 0xF7, 0xFF, 0xE0, 0x00, 0x00, 0x07, 0xBF, 0xFF,
  0x00, 0xF7, 0xFD, 0xE0, 0x00, 0x00, 0x07, 0xBD, 0xFF, 0x99, 0xCC, 0xC0,
  0x00, 0x80, 0x70, 0x3C, 0x3E, 0x3E, 0x1F, 0x0F, 0x03, 0xE0, 0x7C, 0x07,
  0xC0, 0x7C, 0x0F, 0x00, 0x80, 0xFF, 0xFF, 0xFF, 0xFF, 0x80, 0x00, 0x01,
  0xFF, 0xFF, 0xFF, 0xFF, 0x40, 0x0E, 0x03, 0xE0, 0x1F, 0x00, 0xF0, 0x0F,
  0x80, 0x78, 0x1F, 0x0F, 0x83, 0xE3, 0xF0, 0x38, 0x06, 0x00, 0x1F, 0xC7,
  0xFE, 0xE1, 0xEF, 0x0F, 0xF0, 0xF2, 0x1E, 0x03, 0xE0, 0x7C, 0x0F, 0x80,
  0xF0, 0x0E, 0x00, 0xE0, 0x0E, 0x00, 0x00, 0x0E, 0x01, 0xE0, 0x1F, 0x01,
  0xE0, 0x00, 0xFF, 0x00, 0x1F, 0xFF, 0x00, 0xF0, 0x1F, 0x07, 0x00, 0x1C,
  0x38, 0x00, 0x38, 0xC3, 0xFC, 0x67, 0x1E, 0x71, 0xD8, 0xF1, 0xC7, 0x63,
  0x87, 0x1F, 0x8E, 0x3C, 0x7E, 0x78, 0xB1, 0xF9, 0xE2, 0xC6, 0x63, 0x9F,
  0x39, 0x8F, 0xDD, 0xC7, 0x3F, 0x3E, 0x1C, 0x00, 0x00, 0x38, 0x02, 0x00,
  0x78, 0x1C, 0x00, 0xFF, 0xE0, 0x00, 0xFE, 0x00, 0x00, 0xF0, 0x00, 0x3E,
  0x00, 0x07, 0xE0, 0x01, 0xFC, 0x00, 0x3F, 0x80, 0x06, 0x78, 0x01, 0xCF,
  0x00, 0x39, 0xE0, 0x06, 0x1E, 0x01, 0xC3, 0xC0, 0x38, 0x78, 0x07, 0xFF,
  0x81, 0xFF, 0xF0, 0x38, 0x1F, 0x0E, 0x03, 0xE1, 0xC0, 0x3C, 0xFE, 0x1F,
  0xFF, 0xC3, 0xFC, 0xFF, 0xE0, 0xFF, 0xF8, 0x3C, 0x7C, 0x3C, 0x3E, 0x3C,
  0x3E, 0x3C, 0x3E, 0x3C, 0x3C, 0x3C, 0x78, 0x3F, 0xE0, 0x3F, 0xFC, 0x3C,
  0x3E, 0x3C, 0x1F, 0x3C, 0x1F, 0x3C, 0x1F, 0x3C, 0x1E, 0x3C, 0x7E, 0xFF,
  0xFC, 0xFF, 0xF0, 0x07, 0xF6, 0x1F, 0xFE, 0x3F, 0x3E, 0x3C, 0x0E, 0x78,
  0x06, 0x78, 0x07, 0xF8, 0x00, 0xF8, 0x00, 0xF8, 0x00, 0xF8, 0x00, 0xF8,
  0x00, 0xF8, 0x00, 0xF8, 0x00, 0x7C, 0x02, 0x7E, 0x07, 0x3F, 0xFE, 0x1F,
  0xFC, 0x07, 0xF8, 0xFF, 0xF0, 0x3F, 0xFF, 0x03, 0xFF, 0xF0, 0xF0, 0x7C,
  0x3C, 0x0F, 0x8F, 0x01, 0xE3, 0xC0, 0x7C, 0xF0, 0x1F, 0x3C, 0x07, 0xCF,
  0x01, 0xF3, 0xC0, 0x7C, 0xF0, 0x1E, 0x3C, 0x07, 0x8F, 0x03, 0xE3, 0xC1,
  0xF0, 0xF1, 0xF8, 0xFF, 0xFC, 0x3F, 0xF8, 0x00, 0xFF, 0xFD, 0xFF, 0xF8,
  0xF0, 0xF1, 0xE0, 0x63, 0xC0, 0xE7, 0x80, 0x0F, 0x18, 0x1E, 0x30, 0x3F,
  0xE0, 0x7F, 0xC0, 0xF1, 0x81, 0xE3, 0x03, 0xC0, 0x07, 0x81, 0xCF, 0x03,
  0x9E, 0x0F, 0xFF, 0xFF, 0xFF, 0xF8, 0xFF, 0xFD, 0xFF, 0xF8, 0xF0, 0xF1,
  0xE0, 0xE3, 0xC0, 0xC7, 0x81, 0x4F, 0x08, 0x1E, 0x30, 0x3F, 0xE0, 0x7F,
  0xC0, 0xFF, 0x81, 0xE3, 0x03, 0xC2, 0x07, 0x80, 0x0F, 0x00, 0x1F, 0x00,
  0xFF, 0x81, 0xFF, 0x00, 0x07, 0xF6, 0x07, 0xFF, 0x83, 0xF3, 0xF0, 0xF0,
  0x3C, 0x78, 0x07, 0x1E, 0x00, 0xCF, 0x80, 0x03, 0xE0, 0x00, 0xF8, 0x00,
  0x3E, 0x0F, 0xFF, 0x83, 0xFF, 0xE0, 0x3C, 0xF8, 0x0F, 0x1F, 0x03, 0xC7,
  0xE0, 0xF0, 0xFF, 0xFC, 0x1F, 0xFF, 0x03, 0xFC, 0xC0, 0xFF, 0x1F, 0xFF,
  0xE3, 0xFC, 0xF8, 0x1F, 0x1E, 0x03, 0xC3, 0xC0, 0x78, 0x78, 0x0F, 0x0F,
  0x01, 0xE1, 0xE0, 0x3C, 0x3F, 0xFF, 0x87, 0xFF, 0xF0, 0xF0, 0x1E, 0x1E,
  0x03, 0xC3, 0xC0, 0x78, 0x78, 0x0F, 0x0F, 0x01, 0xE1, 0xE0, 0x3C, 0xFF,
  0x1F, 0xFF, 0xE3, 0xFC, 0xFF, 0xFF, 0x3E, 0x3C, 0x3C, 0x3C, 0x3C, 0x3C,
  0x3C, 0x3C, 0x3C, 0x3C, 0x3C, 0x3C, 0x3C, 0x3E, 0xFF, 0xFF, 0x0F, 0xF8,
  0x7F, 0xC0, 0xF8, 0x03, 0xC0, 0x1E, 0x00, 0xF0, 0x07, 0x80, 0x3C, 0x01,
  0xE0, 0x0F, 0x00, 0x78, 0x03, 0xCE, 0x1E, 0x78, 0xF3, 0xC7, 0x9C, 0x78,
  0xFF, 0xC3, 0xF8, 0x00, 0xFF, 0x1F, 0x9F, 0xE3, 0xF0, 0xF8, 0x3C, 0x1E,
  0x07, 0x03, 0xC1, 0xC0, 0x78, 0x70, 0x0F, 0x1C, 0x01, 0xE7, 0x00, 0x3D,
  0xE0, 0x07, 0xFE, 0x00, 0xFF, 0xE0, 0x1F, 0x7C, 0x03, 0xC7, 0xC0, 0x78,
  0x78, 0x0F, 0x0F, 0x81, 0xF0, 0xF8, 0xFF, 0x1F, 0xFF, 0xE1, 0xFC, 0xFF,
  0x81, 0xFF, 0x00, 0xF8, 0x01, 0xE0, 0x03, 0xC0, 0x07, 0x80, 0x0F, 0x00,
  0x1E, 0x00, 0x3C, 0x00, 0x78, 0x00, 0xF0, 0x01, 0xE0, 0x13, 0xC0, 0xC7,
  0x81, 0x8F, 0x07, 0x1E, 0x1E, 0xFF, 0xFD, 0xFF, 0xF8, 0x7F, 0x00, 0xFC,
  0xFE, 0x03, 0xF8, 0xFE, 0x07, 0xE0, 0xFC, 0x1F, 0x81, 0xF8, 0x3F, 0x07,
  0x78, 0x7F, 0x0E, 0xF1, 0xFE, 0x1D, 0xE3, 0x3C, 0x39, 0xEE, 0x78, 0x73,
  0xD8, 0xF0, 0xE3, 0xF1, 0xE1, 0xC7, 0xE3, 0xC3, 0x8F, 0x87, 0x87, 0x0F,
  0x0F, 0x0E, 0x1C, 0x1E, 0x1C, 0x00, 0x3C, 0xFE, 0x01, 0xFF, 0xFC, 0x03,
  0xFC, 0xFE, 0x07, 0xFF, 0xE0, 0xFC, 0xFC, 0x0F, 0x1F, 0xC1, 0xC3, 0xF8,
  0x38, 0x7F, 0x87, 0x0E, 0xF8, 0xE1, 0xDF, 0x1C, 0x39, 0xF3, 0x87, 0x1E,
  0x70, 0xE3, 0xEE, 0x1C, 0x3F, 0xC3, 0x87, 0xF8, 0x70, 0x7F, 0x0E, 0x07,
  0xE1, 0xC0, 0xFC, 0xFE, 0x0F, 0x9F, 0xC0, 0xF0, 0x07, 0xF8, 0x03, 0xFF,
  0x83, 0xF7, 0xF0, 0xF0, 0x3C, 0x78, 0x0F, 0x9E, 0x01, 0xEF, 0x80, 0x7B,
  0xE0, 0x1F, 0xF8, 0x07, 0xFE, 0x01, 0xFF, 0x80, 0x7F, 0xE0, 0x1E, 0xF8,
  0x07, 0x9E, 0x03, 0xE7, 0xC0, 0xF0, 0xFC, 0xF8, 0x1F, 0xFC, 0x03, 0xFE,
  0x00, 0xFF, 0xE1, 0xFF, 0xF0, 0xF3, 0xF1, 0xE1, 0xF3, 0xC3, 0xE7, 0x83,
  0xCF, 0x07, 0x9E, 0x1F, 0x3C, 0x3C, 0x7F, 0xF0, 0xFF, 0xC1, 0xE0, 0x03,
  0xC0, 0x07, 0x80, 0x0F, 0x00, 0x1F, 0x00, 0xFF, 0x81, 0xFF, 0x00, 0x07,
  0xF8, 0x00, 0x3F, 0xF8, 0x03, 0xF3, 0xF0, 0x0F, 0x03, 0xE0, 0x78, 0x07,
  0x81, 0xE0, 0x1F, 0x0F, 0x80, 0x7C, 0x3E, 0x01, 0xF0, 0xF8, 0x03, 0xC3,
  0xE0, 0x0F, 0x0F, 0x80, 0x7C, 0x3F, 0xF1, 0xF0, 0xFF, 0xE7, 0x81, 0xE3,
  0xDE, 0x07, 0xC7, 0xF0, 0x0F, 0x8F, 0xC0, 0x1F, 0xFE, 0x00, 0x1F, 0xF8,
  0x00, 0x01, 0xF0, 0x00, 0x03, 0xE3, 0x00, 0x07, 0xFC, 0x00, 0x0F, 0xE0,
  0x00, 0x1E, 0x00, 0xFF, 0xE0, 0x3F, 0xFF, 0x03, 0xCF, 0xE0, 0xF0, 0xF8,
  0x3C, 0x1E, 0x0F, 0x07, 0x83, 0xC3, 0xE0, 0xF0, 0xF0, 0x3F, 0xF0, 0x0F,
  0xF8, 0x03, 0xCF, 0x80, 0xF1, 0xE0, 0x3C, 0x7C, 0x0F, 0x0F, 0x03, 0xC3,
  0xE0, 0xF8, 0xF8, 0xFF, 0x9F, 0xBF, 0xE3, 0xF0, 0x1F, 0xD8, 0xFF, 0xE7,
  0x8F, 0x9E, 0x0E, 0x70, 0x1B, 0xE0, 0x47, 0xE0, 0x1F, 0xE0, 0x7F, 0xE0,
  0x7F, 0xE0, 0x7F, 0x80, 0x7E, 0x40, 0x7F, 0x81, 0xFE, 0x07, 0xBE, 0x1E,
  0xFF, 0xF3, 0x3F, 0x80, 0xFF, 0xFF, 0xFF, 0xFF, 0xFC, 0xF9, 0xFC, 0x7C,
  0x7E, 0x3E, 0x3E, 0x1F, 0x0C, 0x0F, 0x80, 0x07, 0xC0, 0x03, 0xE0, 0x01,
  0xF0, 0x00, 0xF8, 0x00, 0x7C, 0x00, 0x3E, 0x00, 0x1F, 0x00, 0x0F, 0x80,
  0x07, 0xC0, 0x0F, 0xF8, 0x07, 0xFC, 0x00, 0xFF, 0x0F, 0xFF, 0xC3, 0xF3,
  0xC0, 0x78, 0xF0, 0x0C, 0x3C, 0x03, 0x0F, 0x00, 0xC3, 0xC0, 0x30, 0xF0,
  0x0C, 0x3C, 0x03, 0x0F, 0x00, 0xC3, 0xC0, 0x30, 0xF0, 0x0C, 0x3C, 0x03,
  0x0F, 0x01, 0xC3, 0xE0, 0x70, 0x7E, 0x78, 0x1F, 0xFC, 0x01, 0xFE, 0x00,
  0xFF, 0x8F, 0xFF, 0xF1, 0xFC, 0xF8, 0x0E, 0x1F, 0x01, 0xC1, 0xE0, 0x30,
  0x3E, 0x0E, 0x07, 0xC1, 0xC0, 0x78, 0x30, 0x0F, 0x8E, 0x00, 0xF1, 0xC0,
  0x1E, 0x30, 0x03, 0xEE, 0x00, 0x3D, 0xC0, 0x07, 0xB0, 0x00, 0xFE, 0x00,
  0x0F, 0xC0, 0x01, 0xF0, 0x00, 0x3E, 0x00, 0xFF, 0x87, 0x87, 0xFF, 0xF8,
  0xF8, 0x7F, 0x3E, 0x0F, 0xC1, 0xC3, 0xE0, 0xFC, 0x1C, 0x1E, 0x0F, 0xC1,
  0x81, 0xE1, 0xFC, 0x18, 0x1F, 0x1F, 0xE3, 0x81, 0xF1, 0x9E, 0x38, 0x0F,
  0x19, 0xE3, 0x00, 0xF3, 0x9E, 0x30, 0x0F, 0x39, 0xF3, 0x00, 0xFB, 0x0F,
  0x70, 0x07, 0xB0, 0xF6, 0x00, 0x7F, 0x0F, 0xE0, 0x07, 0xF0, 0x7E, 0x00,
  0x7E, 0x07, 0xE0, 0x03, 0xE0, 0x7E, 0x00, 0x3E, 0x07, 0xC0, 0x7F, 0x8F,
  0xDF, 0xF1, 0xF8, 0xF8, 0x1E, 0x0F, 0x83, 0x80, 0xF8, 0xE0, 0x0F, 0x38,
  0x01, 0xFE, 0x00, 0x1F, 0x80, 0x01, 0xF0, 0x00, 0x1E, 0x00, 0x07, 0xE0,
  0x01, 0xFE, 0x00, 0x73, 0xE0, 0x1C, 0x3C, 0x07, 0x83, 0xC1, 0xE0, 0x7C,
  0xFF, 0x3F, 0xFF, 0xE7, 0xFC, 0xFF, 0x8F, 0xFF, 0xF1, 0xFC, 0xF8, 0x1E,
  0x0F, 0x03, 0x81, 0xF0, 0x70, 0x1E, 0x1C, 0x01, 0xE3, 0x00, 0x3E, 0xE0,
  0x03, 0xF8, 0x00, 0x7F, 0x00, 0x07, 0xC0, 0x00, 0xF8, 0x00, 0x1F, 0x00,
  0x03, 0xE0, 0x00, 0x7C, 0x00, 0x0F, 0x80, 0x07, 0xFC, 0x00, 0xFF, 0x80,
  0x7F, 0xFE, 0xFF, 0xFD, 0xE0, 0xFB, 0x83, 0xEE, 0x07, 0x9C, 0x1F, 0x00,
  0x7C, 0x01, 0xF0, 0x03, 0xE0, 0x0F, 0x80, 0x3E, 0x00, 0xF8, 0x01, 0xF0,
  0x67, 0xC1, 0xDF, 0x03, 0xBC, 0x0F, 0xFF, 0xFF, 0xFF, 0xFC, 0xFF, 0xFF,
  0x3C, 0xF3, 0xCF, 0x3C, 0xF3, 0xCF, 0x3C, 0xF3, 0xCF, 0x3C, 0xF3, 0xCF,
  0x3C, 0xF3, 0xCF, 0x3C, 0xFF, 0xF0, 0xF0, 0x07, 0x00, 0x70, 0x03, 0x80,
  0x38, 0x03, 0x80, 0x1C, 0x01, 0xC0, 0x1E, 0x00, 0xE0, 0x0E, 0x00, 0x70,
  0x07, 0x00, 0x70, 0x03, 0x80, 0x38, 0x03, 0x80, 0x1C, 0x01, 0xC0, 0x0E,
  0x00, 0xE0, 0x0E, 0x00, 0x70, 0xFF, 0xF3, 0xCF, 0x3C, 0xF3, 0xCF, 0x3C,
  0xF3, 0xCF, 0x3C, 0xF3, 0xCF, 0x3C, 0xF3, 0xCF, 0x3C, 0xF3, 0xCF, 0xFF,
  0xF0, 0x07, 0x00, 0x7C, 0x03, 0xE0, 0x3F, 0x83, 0xDE, 0x3C, 0x71, 0xC3,
  0xDE, 0x0F, 0xE0, 0x31, 0x01, 0x00, 0xFF, 0xFF, 0xFF, 0xE3, 0xCF, 0x0E,
  0x1C, 0x3F, 0xC1, 0xCF, 0x8E, 0x1E, 0x3C, 0x78, 0x61, 0xE0, 0x07, 0x83,
  0xFE, 0x1F, 0xF8, 0xF1, 0xE3, 0xC7, 0x8F, 0x1F, 0x3F, 0xFF, 0x7E, 0xF8,
  0x04, 0x00, 0xFC, 0x00, 0xFC, 0x00, 0x3C, 0x00, 0x3C, 0x00, 0x3C, 0x00,
  0x3C, 0x00, 0x3C, 0xF8, 0x3D, 0xFC, 0x3E, 0x3E, 0x3E, 0x1E, 0x3C, 0x1E,
  0x3C, 0x1F, 0x3C, 0x1F, 0x3C, 0x1E, 0x3C, 0x1E, 0x3C, 0x1E, 0x3E, 0x3E,
  0x3F, 0xFC, 0x3B, 0xF8, 0x1F, 0xC3, 0xFF, 0x78, 0x7F, 0x8F, 0xF0, 0xFF,
  0x00, 0xF0, 0x0F, 0x00, 0xF8, 0x0F, 0x82, 0x7F, 0xF3, 0xFF, 0x1F, 0xC0,
  0x00, 0x08, 0x03, 0xF0, 0x07, 0xE0, 0x03, 0xC0, 0x07, 0x80, 0x0F, 0x00,
  0x1E, 0x0F, 0xFC, 0x3F, 0xF8, 0xF8, 0xF3, 0xE1, 0xE7, 0x83, 0xCF, 0x07,
  0x9E, 0x0F, 0x3C, 0x1E, 0x78, 0x3C, 0xF8, 0x78, 0xF9, 0xF1, 0xFE, 0xF9,
  0xF9, 0xF0, 0x1F, 0xC1, 0xFF, 0x9E, 0x3C, 0xE0, 0xEF, 0x07, 0x7F, 0xFB,
  0xFF, 0xDE, 0x00, 0xF0, 0x07, 0xC0, 0x9F, 0xFE, 0x7F, 0xE1, 0xFC, 0x00,
  0x07, 0xC1, 0xFE, 0x1C, 0x73, 0xCF, 0x3C, 0xE3, 0xC0, 0x3C, 0x0F, 0xF8,
  0xFF, 0x83, 0xC0, 0x3C, 0x03, 0xC0, 0x3C, 0x03, 0xC0, 0x3C, 0x03, 0xC0,
  0x3C, 0x03, 0xC0, 0xFF, 0x8F, 0xF8, 0x00, 0x04, 0x00, 0x0F, 0x00, 0x1F,
  0x1F, 0xF6, 0x3F, 0xF0, 0x78, 0x78, 0x78, 0x78, 0x78, 0x78, 0x78, 0x78,
  0x7C, 0xF8, 0x3F, 0xF0, 0x3F, 0xC0, 0x30, 0x00, 0x78, 0x00, 0x3F, 0xFC,
  0x1F, 0xFE, 0x7F, 0xFE, 0x70, 0x3E, 0xF0, 0x3C, 0x7C, 0x7C, 0x7F, 0xF8,
  0x1F, 0xC0, 0x04, 0x00, 0xFC, 0x00, 0xFC, 0x00, 0x3C, 0x00, 0x3C, 0x00,
  0x3C, 0x00, 0x3C, 0x00, 0x3D, 0xF8, 0x3F, 0xFC, 0x3F, 0x7C, 0x3C, 0x3C,
  0x3C, 0x3C, 0x3C, 0x3C, 0x3C, 0x3C, 0x3C, 0x3C, 0x3C, 0x3C, 0x3C, 0x3C,
  0x3C, 0x3C, 0xFE, 0x7F, 0xFE, 0x7F, 0x38, 0x7C, 0x7C, 0x7C, 0x30, 0x00,
  0x00, 0xFC, 0xFC, 0x7C, 0x3C, 0x3C, 0x3C, 0x3C, 0x3C, 0x3C, 0x3C, 0x3C,
  0xFF, 0xFF, 0x18, 0x78, 0xF9, 0xE1, 0x80, 0x00, 0x3F, 0x7E, 0x7C, 0x78,
  0xF1, 0xE3, 0xC7, 0x8F, 0x1E, 0x3C, 0x78, 0xE3, 0xC7, 0x8F, 0x3C, 0xF0,
  0x80, 0x04, 0x00, 0xFC, 0x00, 0xFC, 0x00, 0x3C, 0x00, 0x3C, 0x00, 0x3C,
  0x00, 0x3C, 0x00, 0x3C, 0x7E, 0x3C, 0xFE, 0x3C, 0x38, 0x3C, 0x70, 0x3C,
  0xE0, 0x3D, 0xC0, 0x3F, 0xE0, 0x3D, 0xE0, 0x3D, 0xF0, 0x3C, 0xF8, 0x3C,
  0x7C, 0xFE, 0x3F, 0xFE, 0x1F, 0x04, 0xFC, 0xFC, 0x3C, 0x3C, 0x3C, 0x3C,
  0x3C, 0x3C, 0x3C, 0x3C, 0x3C, 0x3C, 0x3C, 0x3C, 0x3C, 0x3C, 0x3C, 0xFF,
  0xFF, 0xF9, 0xF9, 0xF8, 0xFB, 0xFB, 0xF8, 0x7F, 0x7F, 0x7C, 0x3C, 0x3C,
  0x3C, 0x3C, 0x3C, 0x3C, 0x3C, 0x3C, 0x3C, 0x3C, 0x3C, 0x3C, 0x3C, 0x3C,
  0x3C, 0x3C, 0x3C, 0x3C, 0x3C, 0x3C, 0x3C, 0x3C, 0x3C, 0x3C, 0xFE, 0x7E,
  0x7F, 0xFE, 0x7E, 0x7F, 0xF9, 0xF8, 0xFB, 0xFC, 0x7F, 0x7C, 0x3C, 0x3C,
  0x3C, 0x3C, 0x3C, 0x3C, 0x3C, 0x3C, 0x3C, 0x3C, 0x3C, 0x3C, 0x3C, 0x3C,
  0x3C, 0x3C, 0xFE, 0x7F, 0xFE, 0x7F, 0x1F, 0xE0, 0xFF, 0xC7, 0x87, 0xBE,
  0x1F, 0xF0, 0x7F, 0xC0, 0xFF, 0x03, 0xFC, 0x0F, 0xF0, 0x3F, 0xE1, 0xE7,
  0x87, 0x8F, 0xFC, 0x1F, 0xE0, 0xF9, 0xF9, 0xF7, 0xF9, 0xF9, 0xF3, 0xE1,
  0xF7, 0xC3, 0xEF, 0x83, 0xDF, 0x07, 0xBE, 0x1F, 0x7C, 0x3E, 0xF8, 0x79,
  0xF1, 0xF3, 0xFF, 0xC7, 0xFF, 0x0F, 0x80, 0x1F, 0x00, 0x3E, 0x00, 0x7E,
  0x01, 0xFE, 0x03, 0xFC, 0x00, 0x1F, 0xF8, 0x7F, 0xF1, 0xF1, 0xE7, 0xC3,
  0xCF, 0x07, 0x9E, 0x0F, 0x3C, 0x1E, 0x78, 0x3C, 0xF0, 0x79, 0xF0, 0xF1,
  0xF3, 0xE3, 0xFF, 0xC3, 0xF7, 0x80, 0x0F, 0x00, 0x1E, 0x00, 0x3C, 0x00,
  0xFC, 0x03, 0xFC, 0x07, 0xF8, 0xF9, 0xF7, 0xDF, 0x9F, 0x9E, 0x79, 0xE3,
  0xC7, 0x1E, 0x00, 0xF0, 0x07, 0x80, 0x3C, 0x01, 0xE0, 0x0F, 0x01, 0xFE,
  0x0F, 0xF0, 0x00, 0x3F, 0xCF, 0x7B, 0xC3, 0x78, 0x7F, 0xC0, 0xFF, 0x1F,
  0xF0, 0xFF, 0x01, 0xFC, 0x1F, 0x87, 0xFF, 0xEF, 0xF8, 0x04, 0x07, 0x01,
  0xC0, 0xF0, 0x3C, 0x3F, 0xEF, 0xF9, 0xF0, 0x7C, 0x1F, 0x07, 0xC1, 0xF0,
  0x7C, 0x1F, 0x07, 0xC0, 0xF2, 0x3F, 0xC7, 0xE0, 0xF8, 0xFC, 0xF8, 0xFC,
  0x78, 0x7C, 0x78, 0x3C, 0x78, 0x3C, 0x78, 0x3C, 0x78, 0x3C, 0x78, 0x3C,
  0x78, 0x3C, 0x7C, 0x7C, 0x7F, 0xFC, 0x3F, 0xFF, 0x1F, 0x3F, 0xFF, 0x3F,
  0xFF, 0x3F, 0x3C, 0x1C, 0x3E, 0x1C, 0x1E, 0x18, 0x1E, 0x38, 0x1F, 0x30,
  0x0F, 0x30, 0x0F, 0x70, 0x07, 0xE0, 0x07, 0xE0, 0x07, 0xE0, 0x03, 0xC0,
  0xFF, 0x3E, 0x7F, 0xFE, 0x7C, 0xFC, 0xF0, 0xF8, 0x61, 0xE3, 0xF0, 0xC1,
  0xE6, 0xF3, 0x03, 0xCD, 0xE6, 0x07, 0x9B, 0xCC, 0x0F, 0x73, 0xB0, 0x0F,
  0xC7, 0xE0, 0x1F, 0x8F, 0xC0, 0x3F, 0x1F, 0x80, 0x3E, 0x1E, 0x00, 0x78,
  0x3C, 0x00, 0xFF, 0x7F, 0xFE, 0xFC, 0xF8, 0xE0, 0xF3, 0x80, 0xF6, 0x01,
  0xF8, 0x01, 0xF0, 0x03, 0xF0, 0x0F, 0xF0, 0x39, 0xF0, 0xE1, 0xF7, 0xEF,
  0xFF, 0xDF, 0xE0, 0xFF, 0x3F, 0xFF, 0x3F, 0x3C, 0x1C, 0x3C, 0x18, 0x1E,
  0x18, 0x1E, 0x38, 0x0F, 0x30, 0x0F, 0x30, 0x07, 0xE0, 0x07, 0xE0, 0x07,
  0xC0, 0x03, 0xC0, 0x03, 0xC0, 0x01, 0x80, 0x63, 0x80, 0xF3, 0x00, 0xF7,
  0x00, 0x7E, 0x00, 0x38, 0x00, 0xFF, 0xEF, 0xFE, 0xE1, 0xEC, 0x3C, 0xC7,
  0x80, 0xF8, 0x0F, 0x01, 0xE0, 0x3C, 0x37, 0xC7, 0x78, 0x7F, 0xFF, 0xFF,
  0xF0, 0x1F, 0x3E, 0x78, 0x78, 0x38, 0x38, 0x38, 0x3C, 0x3C, 0x3C, 0x3C,
  0x38, 0xF8, 0xF0, 0x78, 0x3C, 0x3C, 0x3C, 0x3C, 0x38, 0x38, 0x38, 0x78,
  0x78, 0x3C, 0x3E, 0x1F, 0xFF, 0xFF, 0xFF, 0xFF, 0xFF, 0xFF, 0xFF, 0xFF,
  0xF8, 0xF0, 0xF8, 0x3C, 0x3C, 0x3C, 0x3C, 0x3C, 0x3C, 0x38, 0x38, 0x38,
  0x3C, 0x1F, 0x0F, 0x3C, 0x38, 0x38, 0x38, 0x38, 0x3C, 0x3C, 0x3C, 0x3C,
  0x3C, 0x3C, 0xF8, 0xF0, 0x10, 0x27, 0xFF, 0x7F, 0xFE, 0x7E, 0xFF, 0xFF,
  0xFC, 0x07, 0x01, 0xC0, 0x70, 0x1C, 0x07, 0x01, 0xC0, 0x70, 0x1C, 0x07,
  0x01, 0xC0, 0x70, 0x1C, 0x07, 0x01, 0xFF, 0xFF, 0xF0, 0xFF, 0xFF, 0xFC,
  0x07, 0x01, 0xC0, 0x70, 0x1C, 0x07, 0x01, 0xC0, 0x70, 0x1C, 0x07, 0x01,
  0xC0, 0x70, 0x1C, 0x07, 0x01, 0xFF, 0xFF, 0xF0, 0xFF, 0xFF, 0xFC, 0x07,
  0x01, 0xC0, 0x70, 0x1C, 0x07, 0x01, 0xC0, 0x70, 0x1C, 0x07, 0x01, 0xC0,
  0x70, 0x1C, 0x07, 0x01, 0xFF, 0xFF, 0xF0, 0xFF, 0xFF, 0xFC, 0x07, 0x01,
  0xC0, 0x70, 0x1C, 0x07, 0x01, 0xC0, 0x70, 0x1C, 0x07, 0x01, 0xC0, 0x70,
  0x1C, 0x07, 0x01, 0xFF, 0xFF, 0xF0, 0xFF, 0xFF, 0xFC, 0x07, 0x01, 0xC0,
  0x70, 0x1C, 0x07, 0x01, 0xC0, 0x70, 0x1C, 0x07, 0x01, 0xC0, 0x70, 0x1C,
  0x07, 0x01, 0xFF, 0xFF, 0xF0, 0xFF, 0xFF, 0xFC, 0x07, 0x01, 0xC0, 0x70,
  0x1C, 0x07, 0x01, 0xC0, 0x70, 0x1C, 0x07, 0x01, 0xC0, 0x70, 0x1C, 0x07,
  0x01, 0xFF, 0xFF, 0xF0, 0xFF, 0xFF, 0xFC, 0x07, 0x01, 0xC0, 0x70, 0x1C,
  0x07, 0x01, 0xC0, 0x70, 0x1C, 0x07, 0x01, 0xC0, 0x70, 0x1C, 0x07, 0x01,
  0xFF, 0xFF, 0xF0, 0xFF, 0xFF, 0xFC, 0x07, 0x01, 0xC0, 0x70, 0x1C, 0x07,
  0x01, 0xC0, 0x70, 0x1C, 0x07, 0x01, 0xC0, 0x70, 0x1C, 0x07, 0x01, 0xFF,
  0xFF, 0xF0, 0xFF, 0xFF, 0xFC, 0x07, 0x01, 0xC0, 0x70, 0x1C, 0x07, 0x01,
  0xC0, 0x70, 0x1C, 0x07, 0x01, 0xC0, 0x70, 0x1C, 0x07, 0x01, 0xFF, 0xFF,
  0xF0, 0xFF, 0xFF, 0xFC, 0x07, 0x01, 0xC0, 0x70, 0x1C, 0x07, 0x01, 0xC0,
  0x70, 0x1C, 0x07, 0x01, 0xC0, 0x70, 0x1C, 0x07, 0x01, 0xFF, 0xFF, 0xF0,
  0xFF, 0xFF, 0xFC, 0x07, 0x01, 0xC0, 0x70, 0x1C, 0x07, 0x01, 0xC0, 0x70,
  0x1C, 0x07, 0x01, 0xC0, 0x70, 0x1C, 0x07, 0x01, 0xFF, 0xFF, 0xF0, 0xFF,
  0xFF, 0xFC, 0x07, 0x01, 0xC0, 0x70, 0x1C, 0x07, 0x01, 0xC0, 0x70, 0x1C,
  0x07, 0x01, 0xC0, 0x70, 0x1C, 0x07, 0x01, 0xFF, 0xFF, 0xF0, 0xFF, 0xFF,
  0xFC, 0x07, 0x01, 0xC0, 0x70, 0x1C, 0x07, 0x01, 0xC0, 0x70, 0x1C, 0x07,
  0x01, 0xC0, 0x70, 0x1C, 0x07, 0x01, 0xFF, 0xFF, 0xF0, 0xFF, 0xFF, 0xFC,
  0x07, 0x01, 0xC0, 0x70, 0x1C, 0x07, 0x01, 0xC0, 0x70, 0x1C, 0x07, 0x01,
  0xC0, 0x70, 0x1C, 0x07, 0x01, 0xFF, 0xFF, 0xF0, 0xFF, 0xFF, 0xFC, 0x07,
  0x01, 0xC0, 0x70, 0x1C, 0x07, 0x01, 0xC0, 0x70, 0x1C, 0x07, 0x01, 0xC0,
  0x70, 0x1C, 0x07, 0x01, 0xFF, 0xFF, 0xF0, 0xFF, 0xFF, 0xFC, 0x07, 0x01,
  0xC0, 0x70, 0x1C, 0x07, 0x01, 0xC0, 0x70, 0x1C, 0x07, 0x01, 0xC0, 0x70,
  0x1C, 0x07, 0x01, 0xFF, 0xFF, 0xF0, 0xFF, 0xFF, 0xFC, 0x07, 0x01, 0xC0,
  0x70, 0x1C, 0x07, 0x01, 0xC0, 0x70, 0x1C, 0x07, 0x01, 0xC0, 0x70, 0x1C,
  0x07, 0x01, 0xFF, 0xFF, 0xF0, 0xFF, 0xFF, 0xFC, 0x07, 0x01, 0xC0, 0x70,
  0x1C, 0x07, 0x01, 0xC0, 0x70, 0x1C, 0x07, 0x01, 0xC0, 0x70, 0x1C, 0x07,
  0x01, 0xFF, 0xFF, 0xF0, 0xFF, 0xFF, 0xFC, 0x07, 0x01, 0xC0, 0x70, 0x1C,
  0x07, 0x01, 0xC0, 0x70, 0x1C, 0x07, 0x01, 0xC0, 0x70, 0x1C, 0x07, 0x01,
  0xFF, 0xFF, 0xF0, 0xFF, 0xFF, 0xFC, 0x07, 0x01, 0xC0, 0x70, 0x1C, 0x07,
  0x01, 0xC0, 0x70, 0x1C, 0x07, 0x01, 0xC0, 0x70, 0x1C, 0x07, 0x01, 0xFF,
  0xFF, 0xF0, 0xFF, 0xFF, 0xFC, 0x07, 0x01, 0xC0, 0x70, 0x1C, 0x07, 0x01,
  0xC0, 0x70, 0x1C, 0x07, 0x01, 0xC0, 0x70, 0x1C, 0x07, 0x01, 0xFF, 0xFF,
  0xF0, 0xFF, 0xFF, 0xFC, 0x07, 0x01, 0xC0, 0x70, 0x1C, 0x07, 0x01, 0xC0,
  0x70, 0x1C, 0x07, 0x01, 0xC0, 0x70, 0x1C, 0x07, 0x01, 0xFF, 0xFF, 0xF0,
  0xFF, 0xFF, 0xFC, 0x07, 0x01, 0xC0, 0x70, 0x1C, 0x07, 0x01, 0xC0, 0x70,
  0x1C, 0x07, 0x01, 0xC0, 0x70, 0x1C, 0x07, 0x01, 0xFF, 0xFF, 0xF0, 0xFF,
  0xFF, 0xFC, 0x07, 0x01, 0xC0, 0x70, 0x1C, 0x07, 0x01, 0xC0, 0x70, 0x1C,
  0x07, 0x01, 0xC0, 0x70, 0x1C, 0x07, 0x01, 0xFF, 0xFF, 0xF0, 0xFF, 0xFF,
  0xFC, 0x07, 0x01, 0xC0, 0x70, 0x1C, 0x07, 0x01, 0xC0, 0x70, 0x1C, 0x07,
  0x01, 0xC0, 0x70, 0x1C, 0x07, 0x01, 0xFF, 0xFF, 0xF0, 0xFF, 0xFF, 0xFC,
  0x07, 0x01, 0xC0, 0x70, 0x1C, 0x07, 0x01, 0xC0, 0x70, 0x1C, 0x07, 0x01,
  0xC0, 0x70, 0x1C, 0x07, 0x01, 0xFF, 0xFF, 0xF0, 0xFF, 0xFF, 0xFC, 0x07,
  0x01, 0xC0, 0x70, 0x1C, 0x07, 0x01, 0xC0, 0x70, 0x1C, 0x07, 0x01, 0xC0,
  0x70, 0x1C, 0x07, 0x01, 0xFF, 0xFF, 0xF0, 0xFF, 0xFF, 0xFC, 0x07, 0x01,
  0xC0, 0x70, 0x1C, 0x07, 0x01, 0xC0, 0x70, 0x1C, 0x07, 0x01, 0xC0, 0x70,
  0x1C, 0x07, 0x01, 0xFF, 0xFF, 0xF0, 0xFF, 0xFF, 0xFC, 0x07, 0x01, 0xC0,
  0x70, 0x1C, 0x07, 0x01, 0xC0, 0x70, 0x1C, 0x07, 0x01, 0xC0, 0x70, 0x1C,
  0x07, 0x01, 0xFF, 0xFF, 0xF0, 0xFF, 0xFF, 0xFC, 0x07, 0x01, 0xC0, 0x70,
  0x1C, 0x07, 0x01, 0xC0, 0x70, 0x1C, 0x07, 0x01, 0xC0, 0x70, 0x1C, 0x07,
  0x01, 0xFF, 0xFF, 0xF0, 0xFF, 0xFF, 0xFC, 0x07, 0x01, 0xC0, 0x70, 0x1C,
  0x07, 0x01, 0xC0, 0x70, 0x1C, 0x07, 0x01, 0xC0, 0x70, 0x1C, 0x07, 0x01,
  0xFF, 0xFF, 0xF0, 0xFF, 0xFF, 0xFC, 0x07, 0x01, 0xC0, 0x70, 0x1C, 0x07,
  0x01, 0xC0, 0x70, 0x1C, 0x07, 0x01, 0xC0, 0x70, 0x1C, 0x07, 0x01, 0xFF,
  0xFF, 0xF0, 0xFF, 0xFF, 0xFC, 0x07, 0x01, 0xC0, 0x70, 0x1C, 0x07, 0x01,
  0xC0, 0x70, 0x1C, 0x07, 0x01, 0xC0, 0x70, 0x1C, 0x07, 0x01, 0xFF, 0xFF,
  0xF0, 0x00, 0xF7, 0xFC, 0xC0, 0x31, 0x8C, 0x63, 0x9C, 0xEF, 0x7B, 0xFF,
  0xFF, 0x80, 0x03, 0x80, 0x38, 0x03, 0x81, 0xFE, 0x3F, 0xF7, 0xFF, 0xF7,
  0xFF, 0x7E, 0xF7, 0x0F, 0x60, 0xFE, 0x0F, 0xE0, 0xFE, 0x37, 0xFF, 0x3F,
  0xE1, 0xFC, 0x1C, 0x01, 0xC0, 0x07, 0xF0, 0x3F, 0xF0, 0x78, 0xF1, 0xE1,
  0xE3, 0xC3, 0xC7, 0x80, 0x0F, 0x00, 0x1F, 0x00, 0x7F, 0xF0, 0xFF, 0xE2,
  0x3C, 0x00, 0x78, 0x00, 0xF0, 0x01, 0xE1, 0xC3, 0x83, 0x0F, 0xFE, 0x7F,
  0xFC, 0xFF, 0xF8, 0x40, 0x3E, 0xFF, 0x7F, 0xE7, 0x9E, 0x78, 0xE7, 0x0E,
  0x70, 0xE7, 0x9E, 0x79, 0xE7, 0xFE, 0xE6, 0x74, 0x02, 0xFF, 0x1F, 0xFF,
  0xC7, 0xF7, 0xC0, 0xF0, 0xF0, 0x18, 0x1E, 0x0E, 0x07, 0xC7, 0x00, 0xF1,
  0xC0, 0x3E, 0xE0, 0x7F, 0xFF, 0x00, 0xFC, 0x00, 0x3E, 0x01, 0xFF, 0xFC,
  0x7F, 0xFF, 0x00, 0x78, 0x00, 0x1E, 0x00, 0x07, 0x80, 0x0F, 0xF8, 0x03,
  0xFE, 0x00, 0xFF, 0xFF, 0xFF, 0xE0, 0x0F, 0xFF, 0xFF, 0xFF, 0xF8, 0x0F,
  0xE0, 0x7B, 0xC3, 0xCF, 0x0F, 0x38, 0x3C, 0x00, 0xF8, 0x07, 0xF8, 0x3B,
  0xF0, 0xE7, 0xF3, 0xC7, 0xEF, 0x8F, 0x9F, 0x0F, 0x7E, 0x3C, 0x7E, 0x70,
  0xFF, 0x80, 0xFC, 0x01, 0xE0, 0x43, 0x83, 0xCF, 0x0E, 0x38, 0x3F, 0xE0,
  0x7E, 0x00, 0x20, 0xBC, 0xFF, 0xBF, 0xCF, 0x20, 0x80, 0x07, 0xF0, 0x07,
  0xFF, 0x03, 0x80, 0xE1, 0xC0, 0x0C, 0x63, 0xF1, 0xB1, 0xCE, 0x6C, 0xE1,
  0x9F, 0x38, 0x43, 0xCE, 0x00, 0xF3, 0x80, 0x3C, 0xE0, 0x0F, 0x3C, 0x26,
  0xE7, 0xF9, 0x98, 0xF8, 0xE7, 0x00, 0x70, 0xF8, 0x78, 0x0F, 0xF8, 0x00,
  0x3E, 0x3F, 0xCE, 0x73, 0x9E, 0x0F, 0xBF, 0xEE, 0x7B, 0x9E, 0xFF, 0xDC,
  0x60, 0x04, 0x10, 0x71, 0xC7, 0x1C, 0x71, 0xC7, 0x9E, 0x79, 0xE3, 0xCF,
  0x1E, 0x78, 0x79, 0xE1, 0xE7, 0x87, 0x9E, 0x08, 0x20, 0xFF, 0xFF, 0xFF,
  0xFF, 0x80, 0x70, 0x0E, 0x01, 0xC0, 0x00, 0x1E, 0x0F, 0xE6, 0x1F, 0x97,
  0xE5, 0xFA, 0xFE, 0x5D, 0x93, 0x7F, 0x87, 0xC0, 0xFF, 0xFF, 0xFF, 0x7D,
  0xFF, 0x1E, 0x3F, 0xEF, 0x80, 0x0E, 0x01, 0xC0, 0x38, 0x7F, 0xFF, 0xFF,
  0xFF, 0xC3, 0x80, 0x70, 0x0E, 0x01, 0xC0, 0x00, 0x7F, 0xFF, 0xFF, 0xFF,
  0xC0, 0x3F, 0x19, 0xEE, 0x39, 0x8E, 0x03, 0x81, 0xC0, 0xE0, 0x70, 0x38,
  0xDF, 0xF7, 0xFC, 0x7E, 0x77, 0xB9, 0xD8, 0xE0, 0xE1, 0xE0, 0xFC, 0x0F,
  0x87, 0xF7, 0xFF, 0xC7, 0x80, 0x1C, 0xF3, 0x9C, 0xC0, 0xF0, 0xF1, 0xE1,
  0xE3, 0xC3, 0xC7, 0x87, 0x8F, 0x0F, 0x1E, 0x1E, 0x3C, 0x3C, 0x78, 0x78,
  0xF0, 0xF1, 0xE1, 0xE3, 0xC7, 0xC7, 0xFB, 0xEF, 0xF7, 0xFE, 0x00, 0x3C,
  0x00, 0x78, 0x00, 0xF0, 0x01, 0xE0, 0x03, 0xC0, 0x00, 0x0E, 0x7C, 0xF9,
  0xF7, 0xE7, 0x9F, 0x9C, 0xFE, 0x73, 0xF9, 0xCF, 0xE7, 0x3F, 0x9C, 0x7E,
  0x71, 0xF9, 0xC3, 0xE7, 0x03, 0x9C, 0x00, 0x70, 0x01, 0xC0, 0x07, 0x00,
  0x1C, 0x00, 0x70, 0x01, 0xC0, 0x07, 0x00, 0x3C, 0x03, 0xF0, 0x0F, 0xC0,
  0xF7, 0xFF, 0xE0, 0x30, 0xF0, 0xF0, 0x77, 0xDF, 0x80, 0xF9, 0xF0, 0xE1,
  0xC3, 0x87, 0x0E, 0x1C, 0x38, 0x73, 0xF8, 0x1E, 0x1F, 0xEE, 0x3B, 0x8F,
  0xE1, 0xF8, 0x7E, 0x1F, 0xCE, 0x7F, 0x87, 0x80, 0x41, 0x0C, 0x30, 0xE3,
  0x87, 0x1C, 0x38, 0xE3, 0xCF, 0x3C, 0xF3, 0xCF, 0x79, 0xE7, 0x1C, 0xE3,
  0x8C, 0x30, 0xF8, 0x00, 0xE0, 0xF8, 0x01, 0xC0, 0x38, 0x01, 0xC0, 0x38,
  0x03, 0x80, 0x38, 0x07, 0x80, 0x38, 0x07, 0x00, 0x38, 0x0E, 0x3C, 0x38,
  0x0E, 0x3C, 0x38, 0x1C, 0x7C, 0x38, 0x1C, 0xDC, 0xFE, 0x38, 0xDC, 0x00,
  0x79, 0x9C, 0x00, 0x73, 0x1C, 0x00, 0xF3, 0x1C, 0x00, 0xE7, 0xFF, 0x01,
  0xC7, 0xFF, 0x01, 0xC0, 0x1C, 0x03, 0x80, 0x1C, 0xF8, 0x01, 0xC0, 0x7C,
  0x01, 0xC0, 0x0E, 0x00, 0xE0, 0x07, 0x00, 0xE0, 0x03, 0x80, 0xF0, 0x01,
  0xC0, 0x70, 0x00, 0xE0, 0x71, 0xF8, 0x70, 0x39, 0x9E, 0x38, 0x39, 0xC7,
  0x1C, 0x1C, 0x63, 0xBF, 0x9C, 0x01, 0xC0, 0x1E, 0x01, 0xC0, 0x0E, 0x01,
  0xC0, 0x0F, 0x01, 0xC0, 0x07, 0x01, 0xC6, 0x07, 0x01, 0xFF, 0x03, 0x80,
  0xFF, 0x83, 0x80, 0x00, 0x00, 0x7E, 0x00, 0x70, 0x3B, 0xC0, 0x38, 0x0E,
  0x70, 0x0E, 0x03, 0x1C, 0x07, 0x00, 0x0E, 0x03, 0xC0, 0x0F, 0x00, 0xE0,
  0x03, 0xF0, 0x70, 0xF0, 0x1E, 0x1C, 0x3C, 0x87, 0x8E, 0x1F, 0x3B, 0xE3,
  0x8D, 0xCF, 0xF1, 0xC3, 0x70, 0xF0, 0xF1, 0x9C, 0x00, 0x38, 0xC7, 0x00,
  0x1E, 0x31, 0xC0, 0x07, 0x1F, 0xFC, 0x03, 0x87, 0xFF, 0x00, 0xE0, 0x07,
  0x00, 0x70, 0x01, 0xC0, 0x07, 0x80, 0x78, 0x07, 0x80, 0x30, 0x00, 0x00,
  0x30, 0x03, 0x00, 0x70, 0x0F, 0x01, 0xF0, 0x3E, 0x07, 0xC0, 0x78, 0x2F,
  0x8F, 0xF8, 0x77, 0x87, 0x7F, 0xE1, 0xF8, 0x03, 0x00, 0x00, 0x70, 0x00,
  0x0F, 0x00, 0x00, 0xF0, 0x00, 0x03, 0x00, 0x00, 0x00, 0x00, 0x3C, 0x00,
  0x0F, 0x80, 0x01, 0xF8, 0x00, 0x7F, 0x00, 0x0F, 0xE0, 0x01, 0x9E, 0x00,
  0x73, 0xC0, 0x0E, 0x78, 0x01, 0x87, 0x80, 0x70, 0xF0, 0x0E, 0x1E, 0x01,
  0xFF, 0xE0, 0x7F, 0xFC, 0x0E, 0x07, 0xC3, 0x80, 0xF8, 0x70, 0x0F, 0x3F,
  0x87, 0xFF, 0xF0, 0xFF, 0x00, 0x38, 0x00, 0x0F, 0x00, 0x03, 0xE0, 0x00,
  0xF0, 0x00, 0x18, 0x00, 0x00, 0x00, 0x00, 0x3C, 0x00, 0x0F, 0x80, 0x01,
  0xF8, 0x00, 0x7F, 0x00, 0x0F, 0xE0, 0x01, 0x9E, 0x00, 0x73, 0xC0, 0x0E,
  0x78, 0x01, 0x87, 0x80, 0x70, 0xF0, 0x0E, 0x1E, 0x01, 0xFF, 0xE0, 0x7F,
  0xFC, 0x0E, 0x07, 0xC3, 0x80, 0xF8, 0x70, 0x0F, 0x3F, 0x87, 0xFF, 0xF0,
  0xFF, 0x00, 0xE0, 0x00, 0x3E, 0x00, 0x0F, 0xE0, 0x03, 0xDE, 0x00, 0x60,
  0xC0, 0x00, 0x00, 0x00, 0x3C, 0x00, 0x0F, 0x80, 0x01, 0xF8, 0x00, 0x7F,
  0x00, 0x0F, 0xE0, 0x01, 0x9E, 0x00, 0x73, 0xC0, 0x0E, 0x78, 0x01, 0x87,
  0x80, 0x70, 0xF0, 0x0E, 0x1E, 0x01, 0xFF, 0xE0, 0x7F, 0xFC, 0x0E, 0x07,
  0xC3, 0x80, 0xF8, 0x70, 0x0F, 0x3F, 0x87, 0xFF, 0xF0, 0xFF, 0x01, 0x00,
  0x00, 0x7D, 0x80, 0x1F, 0xF0, 0x02, 0x7C, 0x00, 0x00, 0x00, 0x00, 0x00,
  0x00, 0x3C, 0x00, 0x0F, 0x80, 0x01, 0xF8, 0x00, 0x7F, 0x00, 0x0F, 0xE0,
  0x01, 0x9E, 0x00, 0x73, 0xC0, 0x0E, 0x78, 0x01, 0x87, 0x80, 0x70, 0xF0,
  0x0E, 0x1E, 0x01, 0xFF, 0xE0, 0x7F, 0xFC, 0x0E, 0x07, 0xC3, 0x80, 0xF8,
  0x70, 0x0F, 0x3F, 0x87, 0xFF, 0xF0, 0xFF, 0x07, 0x18, 0x01, 0xE7, 0x80,
  0x3E, 0xF0, 0x03, 0x9E, 0x00, 0x00, 0x00, 0x00, 0x00, 0x00, 0x3C, 0x00,
  0x0F, 0x80, 0x01, 0xF8, 0x00, 0x7F, 0x00, 0x0F, 0xE0, 0x01, 0x9E, 0x00,
  0x73, 0xC0, 0x0E, 0x78, 0x01, 0x87, 0x80, 0x70, 0xF0, 0x0E, 0x1E, 0x01,
  0xFF, 0xE0, 0x7F, 0xFC, 0x0E, 0x07, 0xC3, 0x80, 0xF8, 0x70, 0x0F, 0x3F,
  0x87, 0xFF, 0xF0, 0xFF, 0x00, 0xE0, 0x00, 0x7F, 0x00, 0x0C, 0xE0, 0x01,
  0x9C, 0x00, 0x3B, 0x80, 0x03, 0xE0, 0x00, 0x00, 0x00, 0x07, 0x80, 0x01,
  0xF0, 0x00, 0x3F, 0x00, 0x0F, 0xE0, 0x01, 0xFC, 0x00, 0x33, 0xC0, 0x0E,
  0x78, 0x01, 0xCF, 0x00, 0x30, 0xF0, 0x0E, 0x1E, 0x01, 0xC3, 0xC0, 0x3F,
  0xFC, 0x0F, 0xFF, 0x81, 0xC0, 0xF8, 0x70, 0x1F, 0x0E, 0x01, 0xE7, 0xF0,
  0xFF, 0xFE, 0x1F, 0xE0, 0x01, 0xFF, 0xFF, 0x00, 0xFF, 0xFF, 0x80, 0x39,
  0xE1, 0xE0, 0x18, 0xF0, 0x70, 0x1C, 0x78, 0x38, 0x0E, 0x3C, 0x00, 0x0E,
  0x1E, 0x30, 0x07, 0x0F, 0x18, 0x07, 0xFF, 0xFC, 0x03, 0xFF, 0xFE, 0x03,
  0x81, 0xE7, 0x01, 0xC0, 0xF1, 0x81, 0xC0, 0x78, 0x00, 0xE0, 0x3C, 0x0C,
  0xE0, 0x1E, 0x0E, 0x70, 0x1F, 0x07, 0xFE, 0x1F, 0xFF, 0xFF, 0x0F, 0xFF,
  0xC0, 0x07, 0xF6, 0x1F, 0xFE, 0x3F, 0x3E, 0x3C, 0x0E, 0x78, 0x06, 0x78,
  0x07, 0xF8, 0x00, 0xF8, 0x00, 0xF8, 0x00, 0xF8, 0x00, 0xF8, 0x00, 0xF8,
  0x00, 0xF8, 0x00, 0x7C, 0x02, 0x7E, 0x07, 0x3F, 0xFE, 0x1F, 0xFC, 0x07,
  0xF8, 0x01, 0x80, 0x01, 0xE0, 0x01, 0xF0, 0x00, 0x70, 0x03, 0xF0, 0x03,
  0xE0, 0x0C, 0x00, 0x1C, 0x00, 0x3C, 0x00, 0x3C, 0x00, 0x0C, 0x00, 0x00,
  0x3F, 0xFF, 0x7F, 0xFE, 0x3C, 0x3C, 0x78, 0x18, 0xF0, 0x39, 0xE0, 0x03,
  0xC6, 0x07, 0x8C, 0x0F, 0xF8, 0x1F, 0xF0, 0x3C, 0x60, 0x78, 0xC0, 0xF0,
  0x01, 0xE0, 0x73, 0xC0, 0xE7, 0x83, 0xFF, 0xFF, 0xFF, 0xFE, 0x00, 0xE0,
  0x03, 0xC0, 0x0F, 0x80, 0x3C, 0x00, 0x60, 0x00, 0x00, 0x3F, 0xFF, 0x7F,
  0xFE, 0x3C, 0x3C, 0x78, 0x18, 0xF0, 0x39, 0xE0, 0x03, 0xC6, 0x07, 0x8C,
  0x0F, 0xF8, 0x1F, 0xF0, 0x3C, 0x60, 0x78, 0xC0, 0xF0, 0x01, 0xE0, 0x73,
  0xC0, 0xE7, 0x83, 0xFF, 0xFF, 0xFF, 0xFE, 0x03, 0x80, 0x0F, 0x80, 0x3F,
  0x80, 0xF7, 0x81, 0x83, 0x00, 0x00, 0x3F, 0xFF, 0x7F, 0xFE, 0x3C, 0x3C,
  0x78, 0x18, 0xF0, 0x39, 0xE0, 0x03, 0xC6, 0x07, 0x8C, 0x0F, 0xF8, 0x1F,
  0xF0, 0x3C, 0x60, 0x78, 0xC0, 0xF0, 0x01, 0xE0, 0x73, 0xC0, 0xE7, 0x83,
  0xFF, 0xFF, 0xFF, 0xFE, 0x1C, 0x60, 0x79, 0xE0, 0xFB, 0xC0, 0xE7, 0x80,
  0x00, 0x00, 0x00, 0x3F, 0xFF, 0x7F, 0xFE, 0x3C, 0x3C, 0x78, 0x18, 0xF0,
  0x39, 0xE0, 0x03, 0xC6, 0x07, 0x8C, 0x0F, 0xF8, 0x1F, 0xF0, 0x3C, 0x60,
  0x78, 0xC0, 0xF0, 0x01, 0xE0, 0x73, 0xC0, 0xE7, 0x83, 0xFF, 0xFF, 0xFF,
  0xFE, 0x60, 0x70, 0x78, 0x3C, 0x06, 0x00, 0xFF, 0xFF, 0x3E, 0x3C, 0x3C,
  0x3C, 0x3C, 0x3C, 0x3C, 0x3C, 0x3C, 0x3C, 0x3C, 0x3C, 0x3C, 0x3E, 0xFF,
  0xFF, 0x07, 0x0F, 0x1F, 0x3C, 0x30, 0x00, 0xFF, 0xFF, 0x3E, 0x3C, 0x3C,
  0x3C, 0x3C, 0x3C, 0x3C, 0x3C, 0x3C, 0x3C, 0x3C, 0x3C, 0x3C, 0x3E, 0xFF,
  0xFF, 0x1C, 0x1F, 0x1F, 0xDE, 0xFC, 0x18, 0x03, 0xFD, 0xFE, 0x3E, 0x1E,
  0x0F, 0x07, 0x83, 0xC1, 0xE0, 0xF0, 0x78, 0x3C, 0x1E, 0x0F, 0x07, 0x83,
  0xC1, 0xF3, 0xFD, 0xFE, 0x71, 0xBC, 0xFF, 0xBD, 0xCF, 0x00, 0x00, 0x07,
  0xF9, 0xFE, 0x1F, 0x07, 0x81, 0xE0, 0x78, 0x1E, 0x07, 0x81, 0xE0, 0x78,
  0x1E, 0x07, 0x81, 0xE0, 0x78, 0x1E, 0x07, 0xC7, 0xF9, 0xFE, 0x7F, 0xF8,
  0x0F, 0xFF, 0xC0, 0x7F, 0xFE, 0x0F, 0x07, 0xC1, 0xE0, 0x7C, 0x3C, 0x07,
  0x87, 0x80, 0xF8, 0xF0, 0x1F, 0x7F, 0xE3, 0xFF, 0xFC, 0x7C, 0x78, 0x0F,
  0x8F, 0x01, 0xE1, 0xE0, 0x3C, 0x3C, 0x0F, 0x87, 0x83, 0xE0, 0xF1, 0xF8,
  0x7F, 0xFE, 0x0F, 0xFE, 0x00, 0x01, 0x00, 0x00, 0x7D, 0x80, 0x1F, 0xF0,
  0x02, 0x7C, 0x00, 0x00, 0x00, 0x00, 0x00, 0x3F, 0x81, 0xFF, 0xF8, 0x3F,
  0x3F, 0x03, 0xC7, 0xF0, 0x70, 0xFE, 0x0E, 0x1F, 0xE1, 0xC3, 0xBE, 0x38,
  0x77, 0xC7, 0x0E, 0x7C, 0xE1, 0xC7, 0x9C, 0x38, 0xFB, 0x87, 0x0F, 0xF0,
  0xE1, 0xFE, 0x1C, 0x1F, 0xC3, 0x81, 0xF8, 0x70, 0x3F, 0x3F, 0x83, 0xE7,
  0xF0, 0x3C, 0x03, 0x00, 0x00, 0xE0, 0x00, 0x3C, 0x00, 0x07, 0x80, 0x00,
  0x30, 0x00, 0x00, 0x00, 0x7F, 0x80, 0x3F, 0xF8, 0x3F, 0x7F, 0x0F, 0x03,
  0xC7, 0x80, 0xF9, 0xE0, 0x1E, 0xF8, 0x07, 0xBE, 0x01, 0xFF, 0x80, 0x7F,
  0xE0, 0x1F, 0xF8, 0x07, 0xFE, 0x01, 0xEF, 0x80, 0x79, 0xE0, 0x3E, 0x7C,
  0x0F, 0x0F, 0xCF, 0x81, 0xFF, 0xC0, 0x3F, 0xE0, 0x00, 0x38, 0x00, 0x1E,
  0x00, 0x0F, 0x80, 0x07, 0x80, 0x01, 0x80, 0x00, 0x00, 0x00, 0x7F, 0x80,
  0x3F, 0xF8, 0x3F, 0x7F, 0x0F, 0x03, 0xC7, 0x80, 0xF9, 0xE0, 0x1E, 0xF8,
  0x07, 0xBE, 0x01, 0xFF, 0x80, 0x7F, 0xE0, 0x1F, 0xF8, 0x07, 0xFE, 0x01,
  0xEF, 0x80, 0x79, 0xE0, 0x3E, 0x7C, 0x0F, 0x0F, 0xCF, 0x81, 0xFF, 0xC0,
  0x3F, 0xE0, 0x00, 0xE0, 0x00, 0x7C, 0x00, 0x3F, 0x80, 0x1E, 0xF0, 0x06,
  0x0C, 0x00, 0x00, 0x00, 0x7F, 0x80, 0x3F, 0xF8, 0x3F, 0x7F, 0x0F, 0x03,
  0xC7, 0x80, 0xF9, 0xE0, 0x1E, 0xF8, 0x07, 0xBE, 0x01, 0xFF, 0x80, 0x7F,
  0xE0, 0x1F, 0xF8, 0x07, 0xFE, 0x01, 0xEF, 0x80, 0x79, 0xE0, 0x3E, 0x7C,
  0x0F, 0x0F, 0xCF, 0x81, 0xFF, 0xC0, 0x3F, 0xE0, 0x01, 0x00, 0x00, 0xFB,
  0x00, 0x7F, 0xC0, 0x13, 0xE0, 0x00, 0x00, 0x00, 0x00, 0x00, 0x7F, 0x80,
  0x3F, 0xF8, 0x3F, 0x7F, 0x0F, 0x03, 0xC7, 0x80, 0xF9, 0xE0, 0x1E, 0xF8,
  0x07, 0xBE, 0x01, 0xFF, 0x80, 0x7F, 0xE0, 0x1F, 0xF8, 0x07, 0xFE, 0x01,
  0xEF, 0x80, 0x79, 0xE0, 0x3E, 0x7C, 0x0F, 0x0F, 0xCF, 0x81, 0xFF, 0xC0,
  0x3F, 0xE0, 0x07, 0x18, 0x03, 0xCF, 0x00, 0xFB, 0xC0, 0x1C, 0xF0, 0x00,
  0x00, 0x00, 0x00, 0x00, 0x7F, 0x80, 0x3F, 0xF8, 0x3F, 0x7F, 0x0F, 0x03,
  0xC7, 0x80, 0xF9, 0xE0, 0x1E, 0xF8, 0x07, 0xBE, 0x01, 0xFF, 0x80, 0x7F,
  0xE0, 0x1F, 0xF8, 0x07, 0xFE, 0x01, 0xEF, 0x80, 0x79, 0xE0, 0x3E, 0x7C,
  0x0F, 0x0F, 0xCF, 0x81, 0xFF, 0xC0, 0x3F, 0xE0, 0x20, 0x9C, 0x7F, 0xBC,
  0xFE, 0x1F, 0x07, 0x83, 0xF9, 0xEF, 0xF1, 0xC8, 0x20, 0x07, 0xF9, 0xC3,
  0xFF, 0xE3, 0xF3, 0xF0, 0xF0, 0x3C, 0x78, 0x1F, 0x9E, 0x0F, 0xEF, 0x83,
  0xFF, 0xE1, 0xDF, 0xF8, 0xE7, 0xFE, 0x71, 0xFF, 0xB8, 0x7F, 0xFC, 0x1E,
  0xFE, 0x07, 0x9F, 0x83, 0xE7, 0xC0, 0xF0, 0xFC, 0xF8, 0x7F, 0xFC, 0x39,
  0xFE, 0x00, 0x03, 0x00, 0x00, 0xE0, 0x00, 0x3C, 0x00, 0x07, 0x80, 0x00,
  0x30, 0x00, 0x00, 0x0F, 0xF0, 0xFF, 0xFC, 0x3F, 0x3C, 0x07, 0x8F, 0x00,
  0xC3, 0xC0, 0x30, 0xF0, 0x0C, 0x3C, 0x03, 0x0F, 0x00, 0xC3, 0xC0, 0x30,
  0xF0, 0x0C, 0x3C, 0x03, 0x0F, 0x00, 0xC3, 0xC0, 0x30, 0xF0, 0x1C, 0x3E,
  0x07, 0x07, 0xE7, 0x81, 0xFF, 0xC0, 0x1F, 0xE0, 0x00, 0x38, 0x00, 0x1E,
  0x00, 0x0F, 0x80, 0x07, 0x80, 0x01, 0x80, 0x00, 0x00, 0x0F, 0xF0, 0xFF,
  0xFC, 0x3F, 0x3C, 0x07, 0x8F, 0x00, 0xC3, 0xC0, 0x30, 0xF0, 0x0C, 0x3C,
  0x03, 0x0F, 0x00, 0xC3, 0xC0, 0x30, 0xF0, 0x0C, 0x3C, 0x03, 0x0F, 0x00,
  0xC3, 0xC0, 0x30, 0xF0, 0x1C, 0x3E, 0x07, 0x07, 0xE7, 0x81, 0xFF, 0xC0,
  0x1F, 0xE0, 0x00, 0xE0, 0x00, 0x7C, 0x00, 0x3F, 0x80, 0x1E, 0xF0, 0x06,
  0x0C, 0x00, 0x00, 0x0F, 0xF0, 0xFF, 0xFC, 0x3F, 0x3C, 0x07, 0x8F, 0x00,
  0xC3, 0xC0, 0x30, 0xF0, 0x0C, 0x3C, 0x03, 0x0F, 0x00, 0xC3, 0xC0, 0x30,
  0xF0, 0x0C, 0x3C, 0x03, 0x0F, 0x00, 0xC3, 0xC0, 0x30, 0xF0, 0x1C, 0x3E,
  0x07, 0x07, 0xE7, 0x81, 0xFF, 0xC0, 0x1F, 0xE0, 0x07, 0x18, 0x03, 0xCF,
  0x00, 0xFB, 0xC0, 0x1C, 0xF0, 0x00, 0x00, 0x00, 0x00, 0x0F, 0xF0, 0xFF,
  0xFC, 0x3F, 0x3C, 0x07, 0x8F, 0x00, 0xC3, 0xC0, 0x30, 0xF0, 0x0C, 0x3C,
  0x03, 0x0F, 0x00, 0xC3, 0xC0, 0x30, 0xF0, 0x0C, 0x3C, 0x03, 0x0F, 0x00,
  0xC3, 0xC0, 0x30, 0xF0, 0x1C, 0x3E, 0x07, 0x07, 0xE7, 0x81, 0xFF, 0xC0,
  0x1F, 0xE0, 0x00, 0x1C, 0x00, 0x07, 0x80, 0x01, 0xF0, 0x00, 0x78, 0x00,
  0x0C, 0x00, 0x00, 0x00, 0x3F, 0xE3, 0xFF, 0xFC, 0x7F, 0x3E, 0x07, 0x83,
  0xC0, 0xE0, 0x7C, 0x1C, 0x07, 0x87, 0x00, 0x78, 0xC0, 0x0F, 0xB8, 0x00,
  0xFE, 0x00, 0x1F, 0xC0, 0x01, 0xF0, 0x00, 0x3E, 0x00, 0x07, 0xC0, 0x00,
  0xF8, 0x00, 0x1F, 0x00, 0x03, 0xE0, 0x01, 0xFF, 0x00, 0x3F, 0xE0, 0xFF,
  0x81, 0xFF, 0x00, 0xF8, 0x01, 0xE0, 0x03, 0xFF, 0x07, 0xFF, 0x8F, 0x0F,
  0x9E, 0x0F, 0x3C, 0x1E, 0x78, 0x3C, 0xF0, 0xF9, 0xE3, 0xE3, 0xFF, 0x87,
  0xFE, 0x0F, 0x00, 0x1E, 0x00, 0xFF, 0x81, 0xFF, 0x00, 0x03, 0xF0, 0x03,
  0xFF, 0x01, 0xE1, 0xE0, 0xF0, 0x78, 0x3C, 0x1E, 0x0F, 0x07, 0x03, 0xC1,
  0xC3, 0xF0, 0xE0, 0xFC, 0x70, 0x0F, 0x1C, 0x03, 0xC7, 0x00, 0xF1, 0xF0,
  0x3C, 0x7F, 0x0F, 0x0F, 0xE3, 0xC0, 0xFC, 0xF0, 0x0F, 0x3D, 0xC1, 0xCF,
  0x70, 0xFF, 0xDF, 0xFB, 0xF6, 0xFC, 0x1C, 0x00, 0x78, 0x01, 0xE0, 0x01,
  0xC0, 0x03, 0x80, 0x00, 0x00, 0x00, 0x0F, 0xF0, 0x73, 0xE3, 0x87, 0x8F,
  0x1E, 0x18, 0x78, 0x01, 0xE0, 0xFF, 0x87, 0xFE, 0x3C, 0x78, 0xF1, 0xE3,
  0xC7, 0xCF, 0xFF, 0xDF, 0xBE, 0x01, 0xC0, 0x0F, 0x00, 0x38, 0x01, 0xC0,
  0x0C, 0x00, 0x00, 0x00, 0x00, 0x0F, 0xF0, 0x73, 0xE3, 0x87, 0x8F, 0x1E,
  0x18, 0x78, 0x01, 0xE0, 0xFF, 0x87, 0xFE, 0x3C, 0x78, 0xF1, 0xE3, 0xC7,
  0xCF, 0xFF, 0xDF, 0xBE, 0x07, 0x00, 0x3E, 0x01, 0xFC, 0x0E, 0x70, 0x30,
  0x60, 0x00, 0x00, 0x00, 0x0F, 0xF0, 0x73, 0xE3, 0x87, 0x8F, 0x1E, 0x18,
  0x78, 0x01, 0xE0, 0xFF, 0x87, 0xFE, 0x3C, 0x78, 0xF1, 0xE3, 0xC7, 0xCF,
  0xFF, 0xDF, 0xBE, 0x1F, 0x60, 0xFF, 0x83, 0x7C, 0x00, 0x60, 0x00, 0x00,
  0x00, 0x03, 0xFC, 0x1C, 0xF8, 0xE1, 0xE3, 0xC7, 0x86, 0x1E, 0x00, 0x78,
  0x3F, 0xE1, 0xFF, 0x8F, 0x1E, 0x3C, 0x78, 0xF1, 0xF3, 0xFF, 0xF7, 0xEF,
  0x80, 0x10, 0x41, 0xE7, 0x87, 0xDE, 0x1E, 0x78, 0x10, 0x40, 0x00, 0x00,
  0x00, 0x0F, 0xF0, 0x73, 0xE3, 0x87, 0x8F, 0x1E, 0x18, 0x78, 0x01, 0xE0,
  0xFF, 0x87, 0xFE, 0x3C, 0x78, 0xF1, 0xE3, 0xC7, 0xCF, 0xFF, 0xDF, 0xBE,
  0x0F, 0x80, 0x67, 0x01, 0x9C, 0x07, 0x70, 0x0F, 0x80, 0x00, 0x00, 0x00,
  0x0F, 0xF0, 0x73, 0xE3, 0x87, 0x8F, 0x1E, 0x18, 0x78, 0x01, 0xE0, 0xFF,
  0x87, 0xFE, 0x3C, 0x78, 0xF1, 0xE3, 0xC7, 0xCF, 0xFF, 0xDF, 0xBE, 0x3F,
  0x9F, 0xC7, 0x3F, 0xFE, 0xE1, 0xF0, 0xEF, 0x1F, 0x0F, 0x61, 0xE0, 0xF0,
  0x1F, 0xFF, 0x3F, 0xFF, 0xF7, 0xDE, 0x00, 0xF1, 0xF0, 0x0F, 0x1F, 0x02,
  0xF1, 0xFF, 0xFF, 0xF7, 0xFE, 0x7E, 0x3F, 0x80, 0x1F, 0xC3, 0xFF, 0x78,
  0x7F, 0x8F, 0xF0, 0xFF, 0x00, 0xF0, 0x0F, 0x00, 0xF8, 0x0F, 0x82, 0x7F,
  0xF3, 0xFF, 0x1F, 0xC0, 0x60, 0x07, 0x80, 0x7C, 0x01, 0xC0, 0xFC, 0x0F,
  0x80, 0x1C, 0x00, 0xF0, 0x07, 0x80, 0x0E, 0x00, 0x38, 0x00, 0x00, 0x00,
  0x03, 0xF8, 0x3F, 0xF3, 0xC7, 0x9C, 0x1D, 0xE0, 0xEF, 0xFF, 0x7F, 0xFB,
  0xC0, 0x1E, 0x00, 0xF8, 0x13, 0xFF, 0xCF, 0xFC, 0x3F, 0x80, 0x01, 0xC0,
  0x1E, 0x00, 0xE0, 0x0E, 0x00, 0xC0, 0x00, 0x00, 0x00, 0x03, 0xF8, 0x3F,
  0xF3, 0xC7, 0x9C, 0x1D, 0xE0, 0xEF, 0xFF, 0x7F, 0xFB, 0xC0, 0x1E, 0x00,
  0xF8, 0x13, 0xFF, 0xCF, 0xFC, 0x3F, 0x80, 0x07, 0x00, 0x7C, 0x07, 0xF0,
  0x73, 0x83, 0x06, 0x00, 0x00, 0x00, 0x03, 0xF8, 0x3F, 0xF3, 0xC7, 0x9C,
  0x1D, 0xE0, 0xEF, 0xFF, 0x7F, 0xFB, 0xC0, 0x1E, 0x00, 0xF8, 0x13, 0xFF,
  0xCF, 0xFC, 0x3F, 0x80, 0x10, 0x43, 0xCF, 0x1F, 0x78, 0xF3, 0xC1, 0x04,
  0x00, 0x00, 0x00, 0x03, 0xF8, 0x3F, 0xF3, 0xC7, 0x9C, 0x1D, 0xE0, 0xEF,
  0xFF, 0x7F, 0xFB, 0xC0, 0x1E, 0x00, 0xF8, 0x13, 0xFF, 0xCF, 0xFC, 0x3F,
  0x80, 0xE0, 0x78, 0x3C, 0x07, 0x01, 0xC0, 0x00, 0x00, 0xFC, 0x7E, 0x1F,
  0x07, 0x83, 0xC1, 0xE0, 0xF0, 0x78, 0x3C, 0x1E, 0x0F, 0x1F, 0xEF, 0xF0,
  0x1C, 0x3C, 0x38, 0x70, 0xC0, 0x00, 0x00, 0xFC, 0xFC, 0x7C, 0x3C, 0x3C,
  0x3C, 0x3C, 0x3C, 0x3C, 0x3C, 0x3C, 0xFF, 0xFF, 0x1C, 0x0F, 0x87, 0xF3,
  0x9C, 0xC1, 0x80, 0x00, 0x00, 0xFC, 0x3F, 0x07, 0xC0, 0xF0, 0x3C, 0x0F,
  0x03, 0xC0, 0xF0, 0x3C, 0x0F, 0x03, 0xC3, 0xFC, 0xFF, 0x20, 0xBC, 0xFF,
  0xBF, 0xCF, 0x20, 0x80, 0x00, 0x00, 0xFC, 0x3F, 0x07, 0xC0, 0xF0, 0x3C,
  0x0F, 0x03, 0xC0, 0xF0, 0x3C, 0x0F, 0x03, 0xC3, 0xFC, 0xFF, 0x00, 0x21,
  0xE3, 0x8F, 0xF8, 0x1F, 0x80, 0x7E, 0x07, 0x78, 0x33, 0xC0, 0x0F, 0x04,
  0x79, 0xFF, 0xDF, 0xFE, 0xF0, 0xFF, 0x07, 0xF8, 0x3F, 0xC1, 0xFE, 0x0F,
  0xF0, 0x7F, 0xC3, 0x9E, 0x3C, 0xFF, 0xC1, 0xFC, 0x00, 0x07, 0xD8, 0x0F,
  0xF8, 0x0D, 0xF0, 0x00, 0x60, 0x00, 0x00, 0x00, 0x00, 0xF9, 0xF8, 0xFB,
  0xFC, 0x7F, 0x7C, 0x3C, 0x3C, 0x3C, 0x3C, 0x3C, 0x3C, 0x3C, 0x3C, 0x3C,
  0x3C, 0x3C, 0x3C, 0x3C, 0x3C, 0x3C, 0x3C, 0xFE, 0x7F, 0xFE, 0x7F, 0x0E,
  0x00, 0x3C, 0x00, 0xF0, 0x00, 0xE0, 0x01, 0xC0, 0x00, 0x00, 0x00, 0x07,
  0xF8, 0x3F, 0xF1, 0xE1, 0xEF, 0x87, 0xFC, 0x1F, 0xF0, 0x3F, 0xC0, 0xFF,
  0x03, 0xFC, 0x0F, 0xF8, 0x79, 0xE1, 0xE3, 0xFF, 0x07, 0xF8, 0x00, 0xE0,
  0x07, 0x80, 0x1C, 0x00, 0xE0, 0x06, 0x00, 0x00, 0x00, 0x00, 0x07, 0xF8,
  0x3F, 0xF1, 0xE1, 0xEF, 0x87, 0xFC, 0x1F, 0xF0, 0x3F, 0xC0, 0xFF, 0x03,
  0xFC, 0x0F, 0xF8, 0x79, 0xE1, 0xE3, 0xFF, 0x07, 0xF8, 0x03, 0x80, 0x1F,
  0x00, 0xFE, 0x07, 0x38, 0x18, 0x30, 0x00, 0x00, 0x00, 0x07, 0xF8, 0x3F,
  0xF1, 0xE1, 0xEF, 0x87, 0xFC, 0x1F, 0xF0, 0x3F, 0xC0, 0xFF, 0x03, 0xFC,
  0x0F, 0xF8, 0x79, 0xE1, 0xE3, 0xFF, 0x07, 0xF8, 0x0F, 0xB0, 0x7F, 0xC1,
  0xBE, 0x00, 0x30, 0x00, 0x00, 0x00, 0x01, 0xFE, 0x0F, 0xFC, 0x78, 0x7B,
  0xE1, 0xFF, 0x07, 0xFC, 0x0F, 0xF0, 0x3F, 0xC0, 0xFF, 0x03, 0xFE, 0x1E,
  0x78, 0x78, 0xFF, 0xC1, 0xFE, 0x00, 0x08, 0x20, 0xF3, 0xC3, 0xEF, 0x0F,
  0x3C, 0x08, 0x20, 0x00, 0x00, 0x00, 0x07, 0xF8, 0x3F, 0xF1, 0xE1, 0xEF,
  0x87, 0xFC, 0x1F, 0xF0, 0x3F, 0xC0, 0xFF, 0x03, 0xFC, 0x0F, 0xF8, 0x79,
  0xE1, 0xE3, 0xFF, 0x07, 0xF8, 0x0E, 0x03, 0xC0, 0x38, 0x02, 0x00, 0x01,
  0xFF, 0xFF, 0xFF, 0xFF, 0x00, 0x01, 0xC0, 0x78, 0x0F, 0x00, 0xC0, 0x00,
  0x1C, 0x7F, 0xE3, 0xFF, 0x1E, 0x1E, 0xF8, 0xFF, 0xC7, 0xFF, 0x3B, 0xFD,
  0xCF, 0xF6, 0x3F, 0xF0, 0xFF, 0x87, 0x9E, 0x1E, 0x7F, 0xF3, 0xFF, 0x80,
  0x0E, 0x00, 0x0F, 0x00, 0x0F, 0x00, 0x03, 0x80, 0x01, 0xC0, 0x00, 0x00,
  0x00, 0x00, 0xF8, 0xFC, 0xF8, 0xFC, 0x78, 0x7C, 0x78, 0x3C, 0x78, 0x3C,
  0x78, 0x3C, 0x78, 0x3C, 0x78, 0x3C, 0x78, 0x3C, 0x7C, 0x7C, 0x7F, 0xFC,
  0x3F, 0xFF, 0x1F, 0x3F, 0x00, 0xE0, 0x01, 0xE0, 0x01, 0xC0, 0x03, 0x80,
  0x06, 0x00, 0x00, 0x00, 0x00, 0x00, 0xF8, 0xFC, 0xF8, 0xFC, 0x78, 0x7C,
  0x78, 0x3C, 0x78, 0x3C, 0x78, 0x3C, 0x78, 0x3C, 0x78, 0x3C, 0x78, 0x3C,
  0x7C, 0x7C, 0x7F, 0xFC, 0x3F, 0xFF, 0x1F, 0x3F, 0x03, 0x80, 0x07, 0xC0,
  0x0F, 0xE0, 0x1C, 0xE0, 0x18, 0x30, 0x00, 0x00, 0x00, 0x00, 0xF8, 0xFC,
  0xF8, 0xFC, 0x78, 0x7C, 0x78, 0x3C, 0x78, 0x3C, 0x78, 0x3C, 0x78, 0x3C,
  0x78, 0x3C, 0x78, 0x3C, 0x7C, 0x7C, 0x7F, 0xFC, 0x3F, 0xFF, 0x1F, 0x3F,
  0x08, 0x20, 0x3C, 0xF0, 0x3E, 0xF0, 0x3C, 0xF0, 0x08, 0x20, 0x00, 0x00,
  0x00, 0x00, 0xF8, 0xFC, 0xF8, 0xFC, 0x78, 0x7C, 0x78, 0x3C, 0x78, 0x3C,
  0x78, 0x3C, 0x78, 0x3C, 0x78, 0x3C, 0x78, 0x3C, 0x7C, 0x7C, 0x7F, 0xFC,
  0x3F, 0xFF, 0x1F, 0x3F, 0x00, 0x70, 0x00, 0xF0, 0x00, 0xE0, 0x01, 0xC0,
  0x03, 0x00, 0x00, 0x00, 0x00, 0x00, 0xFF, 0x3F, 0xFF, 0x3F, 0x3C, 0x1C,
  0x3C, 0x18, 0x1E, 0x18, 0x1E, 0x38, 0x0F, 0x30, 0x0F, 0x30, 0x07, 0xE0,
  0x07, 0xE0, 0x07, 0xC0, 0x03, 0xC0, 0x03, 0xC0, 0x01, 0x80, 0x63, 0x80,
  0xF3, 0x00, 0xF7, 0x00, 0x7E, 0x00, 0x38, 0x00, 0x04, 0x00, 0xFC, 0x00,
  0xFC, 0x00, 0x3C, 0x00, 0x3C, 0x00, 0x3C, 0x00, 0x3C, 0x00, 0x3D, 0xF8,
  0x3F, 0xFC, 0x3F, 0x3E, 0x3E, 0x1E, 0x3C, 0x1E, 0x3C, 0x1F, 0x3C, 0x1F,
  0x3C, 0x1E, 0x3C, 0x1E, 0x3C, 0x1E, 0x3E, 0x3E, 0x3F, 0xFC, 0x3F, 0xF8,
  0x3C, 0x00, 0x3C, 0x00, 0x3C, 0x00, 0x7E, 0x00, 0xFF, 0x80, 0xFF, 0x80,
  0x04, 0x10, 0x1E, 0x78, 0x1F, 0x78, 0x1E, 0x78, 0x04, 0x10, 0x00, 0x00,
  0x00, 0x00, 0xFF, 0x3F, 0xFF, 0x3F, 0x3C, 0x1C, 0x3C, 0x18, 0x1E, 0x18,
  0x1E, 0x38, 0x0F, 0x30, 0x0F, 0x30, 0x07, 0xE0, 0x07, 0xE0, 0x07, 0xC0,
  0x03, 0xC0, 0x03, 0xC0, 0x01, 0x80, 0x63, 0x80, 0xF3, 0x00, 0xF7, 0x00,
  0x7E, 0x00, 0x38, 0x00 };

const GFXglyph Literata_Bold13pt8bGlyphs[] PROGMEM = {
  {     0,   1,   1,   5,    0,    0 },   // 0x20 ' '
  {     1,   5,  18,   9,    2,  -17 },   // 0x21 '!'
  {    13,   8,   7,  11,    2,  -19 },   // 0x22 '"'
  {    20,  16,  14,  18,    1,  -13 },   // 0x23 '#'
  {    48,  13,  22,  15,    1,  -19 },   // 0x24 '$'
  {    84,  21,  16,  23,    1,  -14 },   // 0x25 '%'
  {   126,  20,  18,  21,    1,  -17 },   // 0x26 '&'
  {   171,   3,   7,   7,    2,  -19 },   // 0x27 '''
  {   174,   7,  26,   9,    1,  -20 },   // 0x28 '('
  {   197,   7,  26,   9,    1,  -20 },   // 0x29 ')'
  {   220,  10,  10,  11,    1,  -19 },   // 0x2A '*'
  {   233,  11,  11,  15,    2,  -12 },   // 0x2B '+'
  {   249,   5,   8,   8,    2,   -3 },   // 0x2C ','
  {   254,   7,   3,   9,    1,   -8 },   // 0x2D '-'
  {   257,   5,   4,   8,    2,   -3 },   // 0x2E '.'
  {   260,  12,  23,  12,    0,  -19 },   // 0x2F '/'
  {   295,  14,  18,  16,    1,  -17 },   // 0x30 '0'
  {   327,   9,  18,  11,    1,  -17 },   // 0x31 '1'
  {   348,  13,  18,  14,    0,  -17 },   // 0x32 '2'
  {   378,  13,  18,  14,    0,  -17 },   // 0x33 '3'
  {   408,  15,  18,  15,    0,  -17 },   // 0x34 '4'
  {   442,  13,  18,  14,    0,  -17 },   // 0x35 '5'
  {   472,  13,  18,  15,    1,  -17 },   // 0x36 '6'
  {   502,  13,  18,  14,    1,  -17 },   // 0x37 '7'
  {   532,  13,  18,  15,    1,  -17 },   // 0x38 '8'
  {   562,  13,  18,  15,    1,  -17 },   // 0x39 '9'
  {   592,   5,  13,   8,    2,  -12 },   // 0x3A ':'
  {   601,   5,  17,   8,    2,  -12 },   // 0x3B ';'
  {   612,  10,  13,  15,    2,  -13 },   // 0x3C '<'
  {   629,  11,   8,  15,    2,  -11 },   // 0x3D '='
  {   640,  11,  13,  15,    2,  -13 },   // 0x3E '>'
  {   658,  12,  18,  14,    1,  -17 },   // 0x3F '?'
  {   685,  22,  20,  24,    1,  -14 },   // 0x40 '@'
  {   740,  19,  18,  19,    0,  -17 },   // 0x41 'A'
  {   783,  16,  18,  18,    1,  -17 },   // 0x42 'B'
  {   819,  16,  18,  18,    1,  -17 },   // 0x43 'C'
  {   855,  18,  18,  20,    1,  -17 },   // 0x44 'D'
  {   896,  15,  18,  17,    1,  -17 },   // 0x45 'E'
  {   930,  15,  18,  16,    1,  -17 },   // 0x46 'F'
  {   964,  18,  18,  20,    1,  -17 },   // 0x47 'G'
  {  1005,  19,  18,  21,    1,  -17 },   // 0x48 'H'
  {  1048,   8,  18,  11,    1,  -17 },   // 0x49 'I'
  {  1066,  13,  18,  15,    1,  -17 },   // 0x4A 'J'
  {  1096,  19,  18,  20,    1,  -17 },   // 0x4B 'K'
  {  1139,  15,  18,  17,    1,  -17 },   // 0x4C 'L'
  {  1173,  23,  18,  25,    1,  -17 },   // 0x4D 'M'
  {  1225,  19,  18,  21,    1,  -17 },   // 0x4E 'N'
  {  1268,  18,  18,  20,    1,  -17 },   // 0x4F 'O'
  {  1309,  15,  18,  17,    1,  -17 },   // 0x50 'P'
  {  1343,  22,  23,  20,    1,  -17 },   // 0x51 'Q'
  {  1407,  18,  18,  19,    1,  -17 },   // 0x52 'R'
  {  1448,  14,  18,  16,    1,  -17 },   // 0x53 'S'
  {  1480,  17,  18,  19,    1,  -17 },   // 0x54 'T'
  {  1519,  18,  18,  20,    1,  -17 },   // 0x55 'U'
  {  1560,  19,  18,  19,    0,  -17 },   // 0x56 'V'
  {  1603,  28,  18,  28,    0,  -17 },   // 0x57 'W'
  {  1666,  19,  18,  19,    0,  -17 },   // 0x58 'X'
  {  1709,  19,  18,  19,    0,  -17 },   // 0x59 'Y'
  {  1752,  15,  18,  18,    1,  -17 },   // 0x5A 'Z'
  {  1786,   6,  26,   9,    2,  -20 },   // 0x5B '['
  {  1806,  12,  23,  13,    0,  -19 },   // 0x5C '\'
  {  1841,   6,  26,   9,    1,  -20 },   // 0x5D ']'
  {  1861,  13,  10,  15,    1,  -17 },   // 0x5E '^'
  {  1878,  12,   2,  12,    0,    2 },   // 0x5F '_'
  {  1881,   6,   5,  13,    3,  -19 },   // 0x60 '`'
  {  1885,  14,  13,  15,    1,  -12 },   // 0x61 'a'
  {  1908,  16,  20,  17,    0,  -19 },   // 0x62 'b'
  {  1948,  12,  13,  14,    1,  -12 },   // 0x63 'c'
  {  1968,  15,  20,  17,    1,  -19 },   // 0x64 'd'
  {  2006,  13,  13,  14,    1,  -12 },   // 0x65 'e'
  {  2028,  12,  20,  11,    1,  -19 },   // 0x66 'f'
  {  2058,  16,  22,  15,    0,  -15 },   // 0x67 'g'
  {  2102,  16,  20,  18,    1,  -19 },   // 0x68 'h'
  {  2142,   8,  20,   9,    1,  -19 },   // 0x69 'i'
  {  2162,   7,  26,   9,    0,  -19 },   // 0x6A 'j'
  {  2185,  16,  20,  17,    1,  -19 },   // 0x6B 'k'
  {  2225,   8,  20,   9,    1,  -19 },   // 0x6C 'l'
  {  2245,  24,  13,  25,    1,  -12 },   // 0x6D 'm'
  {  2284,  16,  13,  18,    1,  -12 },   // 0x6E 'n'
  {  2310,  14,  13,  16,    1,  -12 },   // 0x6F 'o'
  {  2333,  15,  19,  17,    1,  -12 },   // 0x70 'p'
  {  2369,  15,  19,  16,    1,  -12 },   // 0x71 'q'
  {  2405,  13,  13,  14,    1,  -12 },   // 0x72 'r'
  {  2427,  11,  13,  13,    1,  -12 },   // 0x73 's'
  {  2445,  10,  18,  11,    1,  -17 },   // 0x74 't'
  {  2468,  16,  13,  17,    1,  -12 },   // 0x75 'u'
  {  2494,  16,  13,  16,    0,  -12 },   // 0x76 'v'
  {  2520,  23,  13,  23,    0,  -12 },   // 0x77 'w'
  {  2558,  15,  13,  15,    0,  -12 },   // 0x78 'x'
  {  2583,  16,  19,  16,    0,  -12 },   // 0x79 'y'
  {  2621,  12,  13,  14,    1,  -12 },   // 0x7A 'z'
  {  2641,   8,  27,   9,    1,  -20 },   // 0x7B '{'
  {  2668,   3,  23,  11,    4,  -19 },   // 0x7C '|'
  {  2677,   8,  27,   9,    1,  -20 },   // 0x7D '}'
  {  2704,  12,   4,  15,    1,   -9 },   // 0x7E '~'
  {  2710,  10,  18,  13,    1,  -17 },   // 0x7F
  {  2733,  10,  18,  13,    1,  -17 },   // 0x80
  {  2756,  10,  18,  13,    1,  -17 },   // 0x81
  {  2779,  10,  18,  13,    1,  -17 },   // 0x82
  {  2802,  10,  18,  13,    1,  -17 },   // 0x83
  {  2825,  10,  18,  13,    1,  -17 },   // 0x84
  {  2848,  10,  18,  13,    1,  -17 },   // 0x85
  {  2871,  10,  18,  13,    1,  -17 },   // 0x86
  {  2894,  10,  18,  13,    1,  -17 },   // 0x87
  {  2917,  10,  18,  13,    1,  -17 },   // 0x88
  {  2940,  10,  18,  13,    1,  -17 },   // 0x89
  {  2963,  10,  18,  13,    1,  -17 },   // 0x8A
  {  2986,  10,  18,  13,    1,  -17 },   // 0x8B
  {  3009,  10,  18,  13,    1,  -17 },   // 0x8C
  {  3032,  10,  18,  13,    1,  -17 },   // 0x8D
  {  3055,  10,  18,  13,    1,  -17 },   // 0x8E
  {  3078,  10,  18,  13,    1,  -17 },   // 0x8F
  {  3101,  10,  18,  13,    1,  -17 },   // 0x90
  {  3124,  10,  18,  13,    1,  -17 },   // 0x91
  {  3147,  10,  18,  13,    1,  -17 },   // 0x92
  {  3170,  10,  18,  13,    1,  -17 },   // 0x93
  {  3193,  10,  18,  13,    1,  -17 },   // 0x94
  {  3216,  10,  18,  13,    1,  -17 },   // 0x95
  {  3239,  10,  18,  13,    1,  -17 },   // 0x96
  {  3262,  10,  18,  13,    1,  -17 },   // 0x97
  {  3285,  10,  18,  13,    1,  -17 },   // 0x98
  {  3308,  10,  18,  13,    1,  -17 },   // 0x99
  {  3331,  10,  18,  13,    1,  -17 },   // 0x9A
  {  3354,  10,  18,  13,    1,  -17 },   // 0x9B
  {  3377,  10,  18,  13,    1,  -17 },   // 0x9C
  {  3400,  10,  18,  13,    1,  -17 },   // 0x9D
  {  3423,  10,  18,  13,    1,  -17 },   // 0x9E
  {  3446,  10,  18,  13,    1,  -17 },   // 0x9F
  {  3469,   1,   1,   5,    0,    0 },   // 0xA0
  {  3470,   5,  18,   9,    2,  -12 },   // 0xA1
  {  3482,  12,  18,  14,    1,  -16 },   // 0xA2
  {  3509,  15,  18,  15,    0,  -17 },   // 0xA3
  {  3543,  12,  12,  14,    1,  -13 },   // 0xA4
  {  3561,  18,  18,  19,    1,  -17 },   // 0xA5
  {  3602,   3,  23,  11,    4,  -19 },   // 0xA6
  {  3611,  14,  22,  16,    1,  -17 },   // 0xA7
  {  3650,  10,   5,  13,    1,  -19 },   // 0xA8
  {  3657,  18,  17,  21,    2,  -16 },   // 0xA9
  {  3696,  10,  10,  11,    1,  -18 },   // 0xAA
  {  3709,  13,  12,  14,    1,  -12 },   // 0xAB
  {  3729,  11,   6,  15,    2,   -9 },   // 0xAC
  {  3738,   1,   1,   0,    0,    0 },   // 0xAD
  {  3739,  10,  10,  12,    1,  -19 },   // 0xAE
  {  3752,   8,   3,  13,    2,  -18 },   // 0xAF
  {  3755,   7,   6,   9,    1,  -19 },   // 0xB0
  {  3761,  11,  14,  15,    2,  -13 },   // 0xB1
  {  3781,  10,  11,  10,    0,  -20 },   // 0xB2
  {  3795,   9,  12,  11,    1,  -20 },   // 0xB3
  {  3809,   6,   5,  13,    4,  -19 },   // 0xB4
  {  3813,  15,  19,  17,    2,  -12 },   // 0xB5
  {  3849,  14,  22,  16,    1,  -17 },   // 0xB6
  {  3888,   5,   4,   8,    2,   -9 },   // 0xB7
  {  3891,   7,   6,  13,    3,    1 },   // 0xB8
  {  3897,   7,  11,   9,    1,  -20 },   // 0xB9
  {  3907,  10,  10,  12,    1,  -18 },   // 0xBA
  {  3920,  12,  12,  14,    1,  -12 },   // 0xBB
  {  3938,  24,  18,  26,    1,  -17 },   // 0xBC
  {  3992,  25,  18,  27,    1,  -17 },   // 0xBD
  {  4049,  26,  18,  27,    1,  -17 },   // 0xBE
  {  4108,  12,  18,  14,    1,  -12 },   // 0xBF
  {  4135,  19,  24,  19,    0,  -23 },   // 0xC0
  {  4192,  19,  24,  19,    0,  -23 },   // 0xC1
  {  4249,  19,  24,  19,    0,  -23 },   // 0xC2
  {  4306,  19,  24,  19,    0,  -23 },   // 0xC3
  {  4363,  19,  24,  19,    0,  -23 },   // 0xC4
  {  4420,  19,  25,  19,    0,  -24 },   // 0xC5
  {  4480,  25,  18,  26,    0,  -17 },   // 0xC6
  {  4537,  16,  24,  18,    1,  -17 },   // 0xC7
  {  4585,  15,  24,  17,    1,  -23 },   // 0xC8
  {  4630,  15,  24,  17,    1,  -23 },   // 0xC9
  {  4675,  15,  24,  17,    1,  -23 },   // 0xCA
  {  4720,  15,  24,  17,    1,  -23 },   // 0xCB
  {  4765,   8,  24,  11,    1,  -23 },   // 0xCC
  {  4789,   8,  24,  11,    1,  -23 },   // 0xCD
  {  4813,   9,  24,  11,    1,  -23 },   // 0xCE
  {  4840,  10,  24,  11,    0,  -23 },   // 0xCF
  {  4870,  19,  18,  20,    0,  -17 },   // 0xD0
  {  4913,  19,  24,  21,    1,  -23 },   // 0xD1
  {  4970,  18,  24,  20,    1,  -23 },   // 0xD2
  {  5024,  18,  24,  20,    1,  -23 },   // 0xD3
  {  5078,  18,  24,  20,    1,  -23 },   // 0xD4
  {  5132,  18,  24,  20,    1,  -23 },   // 0xD5
  {  5186,  18,  24,  20,    1,  -23 },   // 0xD6
  {  5240,  10,  10,  15,    2,  -12 },   // 0xD7
  {  5253,  18,  18,  20,    1,  -17 },   // 0xD8
  {  5294,  18,  24,  20,    1,  -23 },   // 0xD9
  {  5348,  18,  24,  20,    1,  -23 },   // 0xDA
  {  5402,  18,  24,  20,    1,  -23 },   // 0xDB
  {  5456,  18,  24,  20,    1,  -23 },   // 0xDC
  {  5510,  19,  24,  19,    0,  -23 },   // 0xDD
  {  5567,  15,  18,  17,    1,  -17 },   // 0xDE
  {  5601,  18,  20,  19,    1,  -19 },   // 0xDF
  {  5646,  14,  20,  15,    1,  -19 },   // 0xE0
  {  5681,  14,  20,  15,    1,  -19 },   // 0xE1
  {  5716,  14,  20,  15,    1,  -19 },   // 0xE2
  {  5751,  14,  19,  15,    1,  -18 },   // 0xE3
  {  5785,  14,  20,  15,    1,  -19 },   // 0xE4
  {  5820,  14,  20,  15,    1,  -19 },   // 0xE5
  {  5855,  20,  13,  22,    1,  -12 },   // 0xE6
  {  5888,  12,  19,  14,    1,  -12 },   // 0xE7
  {  5917,  13,  20,  14,    1,  -19 },   // 0xE8
  {  5950,  13,  20,  14,    1,  -19 },   // 0xE9
  {  5983,  13,  20,  14,    1,  -19 },   // 0xEA
  {  6016,  13,  20,  14,    1,  -19 },   // 0xEB
  {  6049,   9,  20,   9,    0,  -19 },   // 0xEC
  {  6072,   8,  20,   9,    1,  -19 },   // 0xED
  {  6092,  10,  20,   9,   -1,  -19 },   // 0xEE
  {  6117,  10,  20,   9,   -1,  -19 },   // 0xEF
  {  6142,  13,  21,  15,    1,  -20 },   // 0xF0
  {  6177,  16,  19,  18,    1,  -18 },   // 0xF1
  {  6215,  14,  20,  16,    1,  -19 },   // 0xF2
  {  6250,  14,  20,  16,    1,  -19 },   // 0xF3
  {  6285,  14,  20,  16,    1,  -19 },   // 0xF4
  {  6320,  14,  19,  16,    1,  -18 },   // 0xF5
  {  6354,  14,  20,  16,    1,  -19 },   // 0xF6
  {  6389,  11,  13,  15,    2,  -13 },   // 0xF7
  {  6407,  14,  14,  16,    1,  -13 },   // 0xF8
  {  6432,  16,  20,  17,    1,  -19 },   // 0xF9
  {  6472,  16,  20,  17,    1,  -19 },   // 0xFA
  {  6512,  16,  20,  17,    1,  -19 },   // 0xFB
  {  6552,  16,  20,  17,    1,  -19 },   // 0xFC
  {  6592,  16,  26,  16,    0,  -19 },   // 0xFD
  {  6644,  16,  26,  16,    0,  -19 },   // 0xFE
  {  6696,  16,  26,  16,    0,  -19 } }; // 0xFF

const GFXfont Literata_Bold13pt8b PROGMEM = {
  (uint8_t  *)Literata_Bold13pt8bBitmaps,
  (GFXglyph *)Literata_Bold13pt8bGlyphs,
  0x20, 0xFF, 38 };

// Approx. 8323 bytes

const uint8_t Literata_Bold14pt8bBitmaps[] PROGMEM = {
  0x00, 0x37, 0xFF, 0xFF, 0xFD, 0xEE, 0x73, 0x9C, 0xE7, 0x38, 0x00, 0x77,
  0xFE, 0xF0, 0x42, 0xE7, 0xE7, 0xE7, 0xE7, 0xE7, 0x46, 0x42, 0x07, 0x1C,
  0x03, 0x8E, 0x01, 0x87, 0x0F, 0xFF, 0xF7, 0xFF, 0xFB, 0xFF, 0xFC, 0x38,
  0xE0, 0x1C, 0x70, 0x0C, 0x38, 0x7F, 0xFF, 0xBF, 0xFF, 0xDF, 0xFF, 0xE1,
  0xC7, 0x00, 0xE3, 0x80, 0x71, 0xC0, 0x03, 0x00, 0x06, 0x00, 0x0C, 0x20,
  0xFF, 0xE3, 0xFF, 0xCF, 0x6F, 0x9E, 0xC7, 0x3D, 0x8E, 0xFB, 0x08, 0xFE,
  0x01, 0xFE, 0x03, 0xFF, 0x83, 0xFF, 0x81, 0xFF, 0x80, 0xFF, 0x01, 0xBF,
  0xE3, 0x3F, 0xC6, 0x7B, 0xCC, 0xF7, 0xFB, 0xEF, 0xFF, 0x9D, 0xFE, 0x00,
  0xC0, 0x01, 0x80, 0x3F, 0x03, 0xC0, 0xFF, 0x07, 0x03, 0xCF, 0x1E, 0x07,
  0x1E, 0x78, 0x0E, 0x3C, 0xE0, 0x1E, 0x73, 0xC0, 0x3D, 0xE7, 0x00, 0x3F,
  0x9E, 0x00, 0x00, 0x79, 0xF8, 0x00, 0xE7, 0xF8, 0x03, 0xDE, 0x78, 0x07,
  0x3C, 0xF0, 0x1E, 0x79, 0xE0, 0x78, 0xF3, 0xC0, 0xE0, 0xF7, 0x03, 0xC0,
  0xFE, 0x00, 0x00, 0x20, 0x01, 0x80, 0x00, 0x7F, 0x80, 0x07, 0x9C, 0x00,
  0x78, 0x70, 0x03, 0xC3, 0x80, 0x1E, 0x1C, 0x00, 0xF9, 0xC1, 0x83, 0xFE,
  0x3F, 0x1F, 0xC3, 0xF8, 0x7E, 0x1B, 0xC7, 0xF9, 0xCC, 0x77, 0xEC, 0x07,
  0x1F, 0x60, 0x78, 0x7E, 0x03, 0xC1, 0xF0, 0x1E, 0x07, 0xC0, 0xF8, 0x1F,
  0x8B, 0xE1, 0xFF, 0xDF, 0xFD, 0xFC, 0x3F, 0xC3, 0xC0, 0x5F, 0xFF, 0xD2,
  0x02, 0x07, 0x0E, 0x0E, 0x1C, 0x3C, 0x3C, 0x7C, 0x78, 0x78, 0x78, 0xF8,
  0xF8, 0xF8, 0xF8, 0xF8, 0xF8, 0xF8, 0x78, 0x78, 0x78, 0x3C, 0x3C, 0x3C,
  0x1E, 0x0E, 0x0E, 0x07, 0x02, 0x41, 0x83, 0x83, 0x87, 0x8F, 0x0F, 0x1E,
  0x3C, 0x7C, 0x78, 0xF1, 0xE3, 0xC7, 0x8F, 0x1E, 0x3C, 0x79, 0xF3, 0xC7,
  0x8F, 0x3C, 0x78, 0xE3, 0x86, 0x04, 0x00, 0x0C, 0x03, 0x84, 0xCF, 0xB7,
  0x7F, 0xC7, 0x87, 0xFB, 0xFF, 0xED, 0xC3, 0x00, 0xC0, 0x0E, 0x00, 0xE0,
  0x0E, 0x00, 0xE0, 0xFF, 0xFF, 0xFF, 0xFF, 0xF0, 0xE0, 0x0E, 0x00, 0xE0,
  0x0E, 0x00, 0xE0, 0xF7, 0xFF, 0xF3, 0x99, 0xDC, 0x40, 0xFF, 0xFF, 0xF8,
  0xFF, 0xFF, 0xF0, 0x00, 0x78, 0x03, 0x80, 0x3C, 0x01, 0xC0, 0x0E, 0x00,
  0xF0, 0x07, 0x00, 0x38, 0x03, 0xC0, 0x1C, 0x00, 0xE0, 0x0E, 0x00, 0x70,
  0x07, 0x80, 0x38, 0x01, 0xC0, 0x1E, 0x00, 0xE0, 0x07, 0x00, 0x78, 0x03,
  0x80, 0x3C, 0x01, 0xC0, 0x0E, 0x00, 0xF0, 0x00, 0x01, 0x00, 0x1F, 0xE0,
  0xFF, 0xE1, 0xE3, 0xC7, 0x83, 0xCF, 0x07, 0xBE, 0x0F, 0xFC, 0x1F, 0xF8,
  0x3F, 0xF0, 0x7F, 0xE0, 0xFF, 0xC1, 0xFF, 0x83, 0xFF, 0x07, 0xFE, 0x0F,
  0xBC, 0x1E, 0x7C, 0x3C, 0x78, 0xF0, 0xFF, 0xC0, 0x7F, 0x00, 0x02, 0x3F,
  0x8F, 0xE3, 0xF8, 0x1E, 0x07, 0x81, 0xE0, 0x78, 0x1E, 0x07, 0x81, 0xE0,
  0x78, 0x1E, 0x07, 0x81, 0xE0, 0x78, 0x1E, 0x0F, 0xCF, 0xFF, 0xFF, 0x03,
  0x80, 0x7F, 0x87, 0xFF, 0x9C, 0x3E, 0xF8, 0x79, 0xE1, 0xF7, 0x07, 0xC0,
  0x1E, 0x00, 0xF8, 0x03, 0xC0, 0x1F, 0x00, 0xF8, 0x07, 0xC0, 0x3E, 0x00,
  0xF1, 0xC7, 0x87, 0x3C, 0x3D, 0xFF, 0xF7, 0xFF, 0xDF, 0xFE, 0x01, 0x80,
  0x7F, 0xC3, 0xFF, 0x9E, 0x1E, 0x78, 0x7D, 0xE1, 0xF3, 0x87, 0x80, 0x1E,
  0x00, 0xF0, 0x1F, 0x00, 0x7F, 0x01, 0xFE, 0x00, 0x7C, 0x00, 0xF0, 0x03,
  0xC8, 0x1F, 0x70, 0x7F, 0xFF, 0xE3, 0xFF, 0x87, 0xF8, 0x00, 0x08, 0x00,
  0xF8, 0x00, 0xF8, 0x01, 0xF8, 0x03, 0xF8, 0x03, 0x78, 0x07, 0x78, 0x0E,
  0x78, 0x0C, 0x78, 0x1C, 0x78, 0x38, 0x78, 0x30, 0x78, 0x70, 0x78, 0xFF,
  0xFF, 0xFF, 0xFF, 0x7F, 0xFF, 0x00, 0x78, 0x00, 0xFC, 0x03, 0xFF, 0x03,
  0xFF, 0x3F, 0xF8, 0xFF, 0xE3, 0xFF, 0x8E, 0x00, 0x38, 0x00, 0xE0, 0x03,
  0x80, 0x0F, 0xFC, 0x3F, 0xF8, 0xFF, 0xE0, 0x07, 0xC0, 0x1F, 0x00, 0x7C,
  0x01, 0xF4, 0x07, 0xDC, 0x3F, 0xFF, 0xF9, 0xFF, 0xC1, 0xFE, 0x00, 0x00,
  0x80, 0x3F, 0xE1, 0xFF, 0xCF, 0x0F, 0x7C, 0x3D, 0xE0, 0xE7, 0x80, 0x3E,
  0x00, 0xFF, 0xF3, 0xFF, 0xEF, 0xCF, 0xFE, 0x1F, 0xF0, 0x3F, 0xC0, 0xFF,
  0x03, 0xFE, 0x0F, 0x78, 0x7D, 0xF1, 0xE3, 0xFF, 0x07, 0xF8, 0xFF, 0xFF,
  0xFF, 0xFF, 0xFF, 0xB8, 0x0E, 0xC0, 0x73, 0x03, 0x80, 0x1E, 0x00, 0x70,
  0x03, 0xC0, 0x1E, 0x00, 0x78, 0x01, 0xE0, 0x0F, 0x00, 0x3C, 0x00, 0xF0,
  0x03, 0xC0, 0x0F, 0x00, 0x3C, 0x00, 0xF0, 0x00, 0x03, 0x00, 0x7F, 0xC3,
  0xFF, 0x9E, 0x1E, 0xF8, 0x3F, 0xE0, 0xFF, 0x87, 0x9F, 0x9E, 0x7F, 0xE0,
  0xFF, 0x81, 0xFF, 0x9F, 0xFF, 0xF8, 0xFF, 0xC1, 0xFF, 0x03, 0xFC, 0x0F,
  0xF0, 0x3F, 0xE1, 0xF7, 0xFF, 0x8F, 0xF8, 0x03, 0x00, 0x7F, 0x87, 0xFF,
  0x1E, 0x3E, 0xF0, 0x7B, 0xC1, 0xFF, 0x07, 0xFC, 0x1F, 0xF0, 0x7F, 0xE1,
  0xFF, 0xCF, 0xDF, 0xFF, 0x3F, 0x7C, 0x01, 0xF0, 0x07, 0x80, 0x3E, 0x60,
  0xFB, 0xFF, 0xCF, 0xFE, 0x0F, 0xF0, 0xFF, 0xFF, 0xF0, 0x00, 0x00, 0x00,
  0x3F, 0xFF, 0xFC, 0xFF, 0xFF, 0xF0, 0x00, 0x00, 0x00, 0x3D, 0xFF, 0xFC,
  0xE6, 0x77, 0x10, 0x00, 0x40, 0x1C, 0x0F, 0x83, 0xE1, 0xF0, 0xFC, 0x3E,
  0x07, 0x80, 0x7C, 0x07, 0xE0, 0x3F, 0x01, 0xF0, 0x1E, 0x00, 0x80, 0xFF,
  0xFF, 0xFF, 0xFF, 0xF0, 0x00, 0x00, 0x0F, 0xFF, 0xFF, 0xFF, 0xFF, 0x40,
  0x1C, 0x03, 0xE0, 0x3E, 0x01, 0xF0, 0x1F, 0x80, 0xF8, 0x0F, 0x07, 0xC3,
  0xF1, 0xF8, 0x7C, 0x0F, 0x00, 0x80, 0x00, 0x07, 0x01, 0xFF, 0x1F, 0xFD,
  0xE1, 0xFF, 0x0F, 0xF8, 0x7D, 0x87, 0xC0, 0x7E, 0x07, 0xE0, 0x3E, 0x03,
  0xE0, 0x1E, 0x00, 0xE0, 0x07, 0x00, 0x00, 0x00, 0x00, 0x0E, 0x00, 0xF8,
  0x07, 0xC0, 0x1E, 0x00, 0x01, 0xFF, 0x80, 0x1F, 0xFF, 0x81, 0xF0, 0x0F,
  0x0F, 0x00, 0x0E, 0x38, 0x00, 0x3D, 0xC3, 0xF6, 0x76, 0x1F, 0xF9, 0xF8,
  0xF1, 0xE3, 0xE7, 0x87, 0x0F, 0x1E, 0x1C, 0x3C, 0x70, 0xF0, 0xF1, 0xC2,
  0xC3, 0xC7, 0x0B, 0x1F, 0x1C, 0x6C, 0x6E, 0x7F, 0x7F, 0xB8, 0xF8, 0xFC,
  0xF0, 0x40, 0x81, 0xE0, 0x04, 0x03, 0xC0, 0x70, 0x07, 0xFF, 0xC0, 0x0F,
  0xFC, 0x00, 0x01, 0x00, 0x00, 0x00, 0xF8, 0x00, 0x07, 0xC0, 0x00, 0x7F,
  0x00, 0x03, 0xF8, 0x00, 0x1B, 0xC0, 0x01, 0xDF, 0x00, 0x0E, 0x78, 0x00,
  0xE3, 0xC0, 0x07, 0x1F, 0x00, 0x38, 0x78, 0x03, 0x83, 0xE0, 0x1F, 0xFF,
  0x00, 0xFF, 0xF8, 0x0E, 0x03, 0xE0, 0x70, 0x1F, 0x03, 0x00, 0xF8, 0x3C,
  0x07, 0xE7, 0xF0, 0x7F, 0xFF, 0x83, 0xFE, 0xFF, 0xF8, 0x7F, 0xFF, 0x0F,
  0x8F, 0xC7, 0xC3, 0xE3, 0xE1, 0xF1, 0xF0, 0xF8, 0xF8, 0x78, 0x7C, 0x78,
  0x3F, 0xF8, 0x1F, 0xFF, 0x0F, 0x8F, 0xC7, 0xC1, 0xF3, 0xE0, 0xF9, 0xF0,
  0x7C, 0xF8, 0x3E, 0x7C, 0x1F, 0x3E, 0x7F, 0x7F, 0xFF, 0x3F, 0xFE, 0x00,
  0x00, 0x63, 0x03, 0xFD, 0x87, 0xFF, 0xC7, 0xE1, 0xE3, 0xC0, 0x7B, 0xE0,
  0x1D, 0xE0, 0x0F, 0xF0, 0x04, 0xF8, 0x00, 0x7C, 0x00, 0x3E, 0x00, 0x1F,
  0x00, 0x0F, 0x80, 0x07, 0xC0, 0x01, 0xF0, 0x00, 0xFC, 0x02, 0x3F, 0x03,
  0x9F, 0xFF, 0xC7, 0xFF, 0x80, 0xFF, 0x80, 0xFF, 0xFC, 0x1F, 0xFF, 0xE0,
  0xF8, 0xFE, 0x1F, 0x07, 0xE3, 0xE0, 0x7C, 0x7C, 0x07, 0xCF, 0x80, 0xF9,
  0xF0, 0x1F, 0x3E, 0x03, 0xE7, 0xC0, 0x7C, 0xF8, 0x0F, 0x9F, 0x01, 0xF3,
  0xE0, 0x3E, 0x7C, 0x07, 0x8F, 0x81, 0xF1, 0xF0, 0x7C, 0x3F, 0xFF, 0x1F,
  0xFF, 0xC3, 0xFF, 0xC0, 0x00, 0xFF, 0xFE, 0xFF, 0xFE, 0x3E, 0x0E, 0x3E,
  0x07, 0x3E, 0x07, 0x3E, 0x00, 0x3E, 0x30, 0x3E, 0x30, 0x3F, 0xF0, 0x3F,
  0xF0, 0x3F, 0xF0, 0x3E, 0x30, 0x3E, 0x20, 0x3E, 0x03, 0x3E, 0x07, 0x3E,
  0x07, 0x3E, 0x0F, 0xFF, 0xFF, 0xFF, 0xFF, 0xFF, 0xFE, 0xFF, 0xFE, 0x3E,
  0x0E, 0x3E, 0x0E, 0x3E, 0x07, 0x3E, 0x04, 0x3E, 0x08, 0x3E, 0x30, 0x3E,
  0x30, 0x3F, 0xF0, 0x3F, 0xF0, 0x3E, 0x30, 0x3E, 0x30, 0x3E, 0x00, 0x3E,
  0x00, 0x3E, 0x00, 0x3E, 0x00, 0xFF, 0xC0, 0xFF, 0xC0, 0x00, 0x43, 0x00,
  0xFF, 0xE0, 0x7F, 0xFE, 0x1F, 0x87, 0xC3, 0xE0, 0x78, 0xF8, 0x07, 0x1E,
  0x00, 0x67, 0xC0, 0x08, 0xF8, 0x00, 0x1F, 0x00, 0x03, 0xE0, 0x7F, 0xFC,
  0x0F, 0xFF, 0x81, 0xFF, 0xF0, 0x0F, 0x9F, 0x01, 0xE3, 0xE0, 0x3C, 0x3E,
  0x07, 0x87, 0xFF, 0xF0, 0x7F, 0xFE, 0x03, 0xFC, 0xC0, 0xFF, 0x8F, 0xFF,
  0xFC, 0x7F, 0xCF, 0x80, 0xF8, 0x7C, 0x07, 0xC3, 0xE0, 0x3E, 0x1F, 0x01,
  0xF0, 0xF8, 0x0F, 0x87, 0xC0, 0x7C, 0x3F, 0xFF, 0xE1, 0xFF, 0xFF, 0x0F,
  0xFF, 0xF8, 0x7C, 0x07, 0xC3, 0xE0, 0x3E, 0x1F, 0x01, 0xF0, 0xF8, 0x0F,
  0x87, 0xC0, 0x7C, 0x3E, 0x03, 0xE7, 0xFC, 0x7F, 0xFF, 0xE3, 0xFE, 0xFF,
  0xFF, 0xCF, 0x87, 0xC3, 0xE1, 0xF0, 0xF8, 0x7C, 0x3E, 0x1F, 0x0F, 0x87,
  0xC3, 0xE1, 0xF0, 0xF8, 0x7C, 0x3E, 0x7F, 0xFF, 0xE0, 0x07, 0xFC, 0x1F,
  0xF0, 0x1F, 0x00, 0x7C, 0x01, 0xF0, 0x07, 0xC0, 0x1F, 0x00, 0x7C, 0x01,
  0xF0, 0x07, 0xC0, 0x1F, 0x00, 0x7C, 0x01, 0xF3, 0xC7, 0xCF, 0x1F, 0x3C,
  0x7C, 0xF3, 0xE3, 0xFF, 0x03, 0xF8, 0x00, 0xFF, 0x8F, 0xEF, 0xF9, 0xFE,
  0x3E, 0x07, 0x83, 0xE0, 0x70, 0x3E, 0x0E, 0x03, 0xE1, 0xC0, 0x3E, 0x38,
  0x03, 0xE7, 0x00, 0x3E, 0xF0, 0x03, 0xFF, 0x80, 0x3F, 0xF8, 0x03, 0xF7,
  0xC0, 0x3E, 0x7E, 0x03, 0xE3, 0xE0, 0x3E, 0x1F, 0x03, 0xE1, 0xF8, 0x3E,
  0x0F, 0xCF, 0xF8, 0x7F, 0xFF, 0x87, 0xF0, 0xFF, 0x80, 0xFF, 0x80, 0x3E,
  0x00, 0x3E, 0x00, 0x3E, 0x00, 0x3E, 0x00, 0x3E, 0x00, 0x3E, 0x00, 0x3E,
  0x00, 0x3E, 0x00, 0x3E, 0x00, 0x3E, 0x00, 0x3E, 0x07, 0x3E, 0x07, 0x3E,
  0x0E, 0x3E, 0x0E, 0x3E, 0x3E, 0xFF, 0xFE, 0xFF, 0xFE, 0x7F, 0x80, 0x7F,
  0x3F, 0xC0, 0x7F, 0x87, 0xE0, 0x3F, 0x03, 0xF8, 0x1F, 0x81, 0xFC, 0x1F,
  0xC0, 0xFE, 0x0D, 0xE0, 0x7F, 0x8E, 0xF0, 0x3B, 0xC7, 0x78, 0x19, 0xF3,
  0x3C, 0x0C, 0x7B, 0x9E, 0x0E, 0x3D, 0x8F, 0x87, 0x1F, 0xC7, 0xC3, 0x87,
  0xC3, 0xE1, 0xC3, 0xE1, 0xF0, 0xE0, 0xF0, 0xF8, 0x70, 0x70, 0x7C, 0x38,
  0x00, 0x3E, 0x7F, 0x00, 0x7F, 0xFF, 0x80, 0x3F, 0xE0, 0xFF, 0x03, 0xFF,
  0xF8, 0x1F, 0xCF, 0xE0, 0x78, 0x7F, 0x81, 0xC3, 0xFC, 0x0E, 0x1F, 0xF0,
  0x70, 0xFF, 0x83, 0x87, 0xBE, 0x1C, 0x3D, 0xF8, 0xE1, 0xE7, 0xC7, 0x0F,
  0x1F, 0x38, 0x78, 0xF9, 0xC3, 0xC3, 0xEE, 0x1E, 0x0F, 0xF0, 0xF0, 0x7F,
  0x87, 0x81, 0xFC, 0x3C, 0x0F, 0xE7, 0xF8, 0x3F, 0x3F, 0xC0, 0xF8, 0x00,
  0x60, 0x00, 0xFF, 0xC0, 0x3F, 0xFC, 0x1F, 0x8F, 0xC3, 0xC0, 0x7C, 0xF8,
  0x0F, 0x9E, 0x00, 0xFF, 0xC0, 0x1F, 0xF8, 0x03, 0xFF, 0x00, 0x7F, 0xE0,
  0x0F, 0xFC, 0x01, 0xFF, 0x80, 0x3F, 0xF0, 0x07, 0xDF, 0x00, 0xF3, 0xE0,
  0x3E, 0x3E, 0x07, 0x87, 0xF7, 0xF0, 0x7F, 0xF8, 0x03, 0xFE, 0x00, 0xFF,
  0xF8, 0xFF, 0xFE, 0x3E, 0x3F, 0x3E, 0x1F, 0x3E, 0x0F, 0x3E, 0x0F, 0x3E,
  0x0F, 0x3E, 0x1F, 0x3E, 0x1F, 0x3F, 0xFE, 0x3F, 0xFC, 0x3F, 0xF0, 0x3E,
  0x00, 0x3E, 0x00, 0x3E, 0x00, 0x3E, 0x00, 0x3E, 0x00, 0xFF, 0xC0, 0xFF,
  0xC0, 0x00, 0x70, 0x00, 0x07, 0xFE, 0x00, 0x0F, 0xFF, 0x00, 0x1F, 0x1F,
  0x80, 0x3C, 0x07, 0xC0, 0x7C, 0x03, 0xE0, 0x78, 0x03, 0xE0, 0xF8, 0x03,
  0xE0, 0xF8, 0x01, 0xE0, 0xF8, 0x01, 0xE0, 0xF8, 0x01, 0xE0, 0xF8, 0x01,
  0xE0, 0xF9, 0xC1, 0xE0, 0xFF, 0xF3, 0xE0, 0x7E, 0xF3, 0xE0, 0x7C, 0x3B,
  0xC0, 0x3E, 0x3F, 0xC0, 0x3F, 0x9F, 0x80, 0x1F, 0xFF, 0x00, 0x07, 0xFF,
  0x00, 0x00, 0x0F, 0x80, 0x00, 0x07, 0xC2, 0x00, 0x03, 0xFF, 0x00, 0x03,
  0xFE, 0x00, 0x00, 0xF8, 0xFF, 0xF8, 0x1F, 0xFF, 0xC0, 0xF8, 0xFC, 0x1F,
  0x0F, 0x83, 0xE1, 0xF0, 0x7C, 0x3E, 0x0F, 0x87, 0xC1, 0xF0, 0xF0, 0x3F,
  0xFC, 0x07, 0xFC, 0x00, 0xFB, 0xE0, 0x1F, 0x1E, 0x03, 0xE3, 0xE0, 0x7C,
  0x7C, 0x0F, 0x87, 0x81, 0xF0, 0xF8, 0x3E, 0x1F, 0xBF, 0xF1, 0xFF, 0xFE,
  0x1F, 0x80, 0x01, 0x0C, 0x3F, 0xF8, 0xFF, 0xF3, 0xE1, 0xE7, 0x81, 0xCF,
  0x03, 0x9E, 0x02, 0x3F, 0x00, 0x7F, 0xC0, 0xFF, 0xE0, 0xFF, 0xE0, 0x7F,
  0xE0, 0x1F, 0xC0, 0x0F, 0xF8, 0x0F, 0xF0, 0x1F, 0xF0, 0x3D, 0xF8, 0xF9,
  0xFF, 0xE3, 0x7F, 0x80, 0xFF, 0xFF, 0xDF, 0xFF, 0xFB, 0xC7, 0xCF, 0x70,
  0xF8, 0xFE, 0x1F, 0x0F, 0x83, 0xE1, 0xC0, 0x7C, 0x00, 0x0F, 0x80, 0x01,
  0xF0, 0x00, 0x3E, 0x00, 0x07, 0xC0, 0x00, 0xF8, 0x00, 0x1F, 0x00, 0x03,
  0xE0, 0x00, 0x7C, 0x00, 0x0F, 0x80, 0x03, 0xF0, 0x01, 0xFF, 0x80, 0x3F,
  0xF0, 0x00, 0xFF, 0x87, 0xFF, 0xF8, 0x7F, 0x3E, 0x01, 0xC3, 0xE0, 0x1C,
  0x3E, 0x01, 0xC3, 0xE0, 0x1C, 0x3E, 0x01, 0xC3, 0xE0, 0x1C, 0x3E, 0x01,
  0xC3, 0xE0, 0x1C, 0x3E, 0x01, 0xC3, 0xE0, 0x1C, 0x3E, 0x01, 0xC3, 0xE0,
  0x18, 0x3E, 0x03, 0x81, 0xF0, 0x38, 0x1F, 0xFF, 0x00, 0xFF, 0xF0, 0x07,
  0xFC, 0x00, 0xFF, 0x87, 0xFF, 0xFC, 0x3F, 0xCF, 0x80, 0x78, 0x3C, 0x03,
  0x81, 0xF0, 0x1C, 0x0F, 0x80, 0xC0, 0x3C, 0x0E, 0x01, 0xF0, 0x70, 0x0F,
  0x83, 0x00, 0x3C, 0x38, 0x01, 0xF1, 0xC0, 0x0F, 0x8C, 0x00, 0x3C, 0xE0,
  0x01, 0xF7, 0x00, 0x07, 0xB0, 0x00, 0x3F, 0x80, 0x01, 0xFC, 0x00, 0x07,
  0xC0, 0x00, 0x3E, 0x00, 0xFF, 0x83, 0xC1, 0xFF, 0xFE, 0x1F, 0x87, 0xF3,
  0xE0, 0x7E, 0x07, 0x07, 0x81, 0xF8, 0x1C, 0x1F, 0x07, 0xE0, 0x60, 0x7C,
  0x3F, 0xC3, 0x81, 0xF0, 0xFF, 0x0E, 0x03, 0xC3, 0x3C, 0x38, 0x0F, 0x8C,
  0xF8, 0xC0, 0x3E, 0x73, 0xE3, 0x00, 0xF9, 0xC7, 0x9C, 0x01, 0xE6, 0x1E,
  0x70, 0x07, 0x98, 0x7D, 0x80, 0x1F, 0xE1, 0xF6, 0x00, 0x7F, 0x83, 0xD8,
  0x00, 0xFC, 0x0F, 0xE0, 0x03, 0xF0, 0x3F, 0x00, 0x0F, 0xC0, 0xFC, 0x00,
  0x3F, 0x01, 0xF0, 0x00, 0x7F, 0x87, 0xFF, 0xF8, 0x7F, 0x3F, 0x03, 0xC1,
  0xF8, 0x38, 0x0F, 0x87, 0x00, 0x7C, 0xE0, 0x03, 0xFC, 0x00, 0x3F, 0xC0,
  0x01, 0xF8, 0x00, 0x0F, 0x80, 0x00, 0xFC, 0x00, 0x1F, 0xE0, 0x03, 0xBE,
  0x00, 0x71, 0xF0, 0x0F, 0x0F, 0x81, 0xE0, 0x7C, 0x3C, 0x07, 0xEF, 0xF1,
  0xFF, 0xFF, 0x1F, 0xF0, 0xFF, 0x87, 0xFF, 0xF8, 0x7F, 0x3E, 0x01, 0xC1,
  0xF0, 0x38, 0x0F, 0x03, 0x80, 0xF8, 0x70, 0x07, 0xC7, 0x00, 0x7C, 0xE0,
  0x03, 0xFC, 0x00, 0x1F, 0xC0, 0x01, 0xF8, 0x00, 0x0F, 0x80, 0x00, 0xF0,
  0x00, 0x0F, 0x00, 0x00, 0xF0, 0x00, 0x0F, 0x00, 0x00, 0xF8, 0x00, 0x7F,
  0xE0, 0x07, 0xFE, 0x00, 0x7F, 0xFF, 0x3F, 0xFF, 0x9E, 0x07, 0xCE, 0x07,
  0xC7, 0x07, 0xE3, 0x03, 0xE2, 0x03, 0xE0, 0x03, 0xE0, 0x03, 0xF0, 0x01,
  0xF0, 0x01, 0xF0, 0x01, 0xF0, 0x01, 0xF8, 0x38, 0xF8, 0x1C, 0xF8, 0x1C,
  0xFC, 0x0E, 0xFC, 0x1F, 0x7F, 0xFF, 0xBF, 0xFF, 0xC0, 0xFF, 0xFF, 0xC7,
  0x8F, 0x1E, 0x3C, 0x78, 0xF1, 0xE3, 0xC7, 0x8F, 0x1E, 0x3C, 0x78, 0xF1,
  0xE3, 0xC7, 0x8F, 0x1E, 0x3C, 0x78, 0xF1, 0xF3, 0xFF, 0xF0, 0xF0, 0x03,
  0x80, 0x1C, 0x00, 0xF0, 0x03, 0x80, 0x1C, 0x00, 0x70, 0x03, 0x80, 0x1E,
  0x00, 0x70, 0x03, 0x80, 0x1E, 0x00, 0x70, 0x03, 0x80, 0x0E, 0x00, 0x70,
  0x03, 0xC0, 0x0E, 0x00, 0x70, 0x03, 0xC0, 0x0E, 0x00, 0x70, 0x03, 0xC0,
  0x0E, 0x00, 0x78, 0xFF, 0xF3, 0xCF, 0x3C, 0xF3, 0xCF, 0x3C, 0xF3, 0xCF,
  0x3C, 0xF3, 0xCF, 0x3C, 0xF3, 0xCF, 0x3C, 0xF3, 0xCF, 0x3C, 0xFF, 0xFF,
  0x03, 0x00, 0x1E, 0x00, 0xFC, 0x03, 0xF0, 0x1F, 0xE0, 0xF3, 0xC3, 0xCF,
  0x1E, 0x1E, 0xF0, 0x3F, 0xC0, 0xF2, 0x01, 0x00, 0xFF, 0xFF, 0xFF, 0xC0,
  0x63, 0xCF, 0x1E, 0x1C, 0x30, 0x3F, 0xC0, 0xF7, 0xC3, 0xC3, 0xC7, 0x87,
  0x87, 0x0F, 0x00, 0x1E, 0x03, 0xFC, 0x1F, 0xF8, 0x78, 0xF1, 0xE1, 0xE3,
  0xC3, 0xC7, 0xCF, 0xCF, 0xF7, 0xEF, 0xCF, 0x80, 0xFE, 0x00, 0x7F, 0x00,
  0x1F, 0x80, 0x07, 0xC0, 0x03, 0xE0, 0x01, 0xF0, 0x00, 0xF8, 0x00, 0x7D,
  0xF8, 0x3F, 0xFE, 0x1F, 0xDF, 0x8F, 0x83, 0xC7, 0xC1, 0xF3, 0xE0, 0xF9,
  0xF0, 0x7C, 0xF8, 0x3E, 0x7C, 0x1F, 0x3E, 0x0F, 0x1F, 0x0F, 0x8F, 0xCF,
  0xC7, 0xFF, 0xC3, 0x9F, 0xC0, 0x0F, 0xE1, 0xFF, 0x9F, 0x1E, 0xF0, 0xFF,
  0x87, 0xFC, 0x13, 0xE0, 0x1F, 0x00, 0xF8, 0x07, 0xC0, 0x1F, 0x06, 0xFF,
  0xF3, 0xFF, 0x0F, 0xF0, 0x00, 0xFC, 0x00, 0xFC, 0x00, 0x7C, 0x00, 0x3C,
  0x00, 0x3C, 0x00, 0x3C, 0x00, 0x3C, 0x1F, 0xFC, 0x3F, 0xFC, 0x7C, 0x7C,
  0x78, 0x3C, 0xF8, 0x3C, 0xF8, 0x3C, 0xF8, 0x3C, 0xF8, 0x3C, 0xF8, 0x3C,
  0xF8, 0x3C, 0xF8, 0x3C, 0x7C, 0xFE, 0x7F, 0xDF, 0x1F, 0x9F, 0x0F, 0xE0,
  0xFF, 0xC7, 0xC7, 0x9E, 0x1E, 0xF8, 0x7B, 0xFF, 0xEF, 0xFF, 0xBF, 0xFE,
  0xF8, 0x03, 0xE0, 0x07, 0xC1, 0x9F, 0xFF, 0x3F, 0xF8, 0x7F, 0x80, 0x0F,
  0xF0, 0xFF, 0x87, 0x9E, 0x78, 0xF3, 0xC7, 0x1E, 0x00, 0xF0, 0x1F, 0xF8,
  0xFF, 0xC1, 0xE0, 0x0F, 0x00, 0x78, 0x03, 0xC0, 0x1E, 0x00, 0xF0, 0x07,
  0x80, 0x3C, 0x01, 0xE0, 0x0F, 0x81, 0xFF, 0x0F, 0xF8, 0x00, 0x00, 0x07,
  0x00, 0x07, 0xC0, 0x03, 0xE3, 0xFF, 0x63, 0xFF, 0x83, 0xE3, 0xE1, 0xF0,
  0xF0, 0xF0, 0x78, 0x7C, 0x3C, 0x3E, 0x3E, 0x0F, 0xFE, 0x03, 0xFE, 0x03,
  0xB8, 0x01, 0xC0, 0x01, 0xFF, 0xE0, 0x7F, 0xFC, 0x1F, 0xFF, 0x1F, 0xFF,
  0x9E, 0x07, 0xDF, 0x03, 0xEF, 0x83, 0xE3, 0xFF, 0xE0, 0xFF, 0xC0, 0xFC,
  0x00, 0x7E, 0x00, 0x1F, 0x00, 0x07, 0x80, 0x03, 0xC0, 0x01, 0xE0, 0x00,
  0xF0, 0x00, 0x79, 0xF8, 0x3D, 0xFE, 0x1F, 0xFF, 0x0F, 0x87, 0x87, 0x83,
  0xC3, 0xC1, 0xE1, 0xE0, 0xF0, 0xF0, 0x78, 0x78, 0x3C, 0x3C, 0x1E, 0x1E,
  0x0F, 0x0F, 0x07, 0xDF, 0xEF, 0xFF, 0xF7, 0xF8, 0x3C, 0x7C, 0x7C, 0x7C,
  0x00, 0x00, 0x00, 0xFC, 0xFC, 0x7C, 0x3C, 0x3C, 0x3C, 0x3C, 0x3C, 0x3C,
  0x3C, 0x3C, 0x3E, 0xFF, 0xFF, 0x7D, 0xF7, 0xDF, 0x00, 0x00, 0x3F, 0xFD,
  0xF3, 0xCF, 0x3C, 0xF3, 0xCF, 0x3C, 0xF3, 0xCF, 0x3C, 0xF7, 0x9E, 0xF3,
  0xCC, 0x00, 0xFC, 0x00, 0x7E, 0x00, 0x1F, 0x00, 0x07, 0x80, 0x03, 0xC0,
  0x01, 0xE0, 0x00, 0xF0, 0x00, 0x78, 0xFE, 0x3C, 0x7F, 0x1E, 0x0E, 0x0F,
  0x0E, 0x07, 0x8E, 0x03, 0xCE, 0x01, 0xEF, 0x00, 0xF7, 0xC0, 0x79, 0xF0,
  0x3C, 0xF8, 0x1E, 0x3E, 0x0F, 0x0F, 0xBF, 0xE3, 0xFF, 0xF0, 0xF8, 0xFC,
  0xFC, 0x7C, 0x3C, 0x3C, 0x3C, 0x3C, 0x3C, 0x3C, 0x3C, 0x3C, 0x3C, 0x3C,
  0x3C, 0x3C, 0x3C, 0x3C, 0x3C, 0x3C, 0xFF, 0xFF, 0xFC, 0xFC, 0xFC, 0x3F,
  0x7F, 0x7F, 0x87, 0xFF, 0xFF, 0xF0, 0xF8, 0xFC, 0x7C, 0x3E, 0x1E, 0x1F,
  0x0F, 0x07, 0x87, 0xC3, 0xC1, 0xE1, 0xF0, 0xF0, 0x78, 0x7C, 0x3C, 0x1E,
  0x1F, 0x0F, 0x07, 0x87, 0xC3, 0xC1, 0xE1, 0xF0, 0xF0, 0x78, 0x7C, 0xFF,
  0x7F, 0xBF, 0xFF, 0xDF, 0xEF, 0xF0, 0xFC, 0xFC, 0x7E, 0xFF, 0x1F, 0xFF,
  0x87, 0xC3, 0xC3, 0xE1, 0xF1, 0xE0, 0xF8, 0xF0, 0x7C, 0x78, 0x3E, 0x3C,
  0x1F, 0x1E, 0x0F, 0x8F, 0x07, 0xC7, 0x83, 0xEF, 0xF3, 0xFF, 0xF9, 0xFC,
  0x0F, 0xF0, 0x7F, 0xF1, 0xF1, 0xF3, 0xC1, 0xFF, 0x83, 0xFF, 0x07, 0xFE,
  0x0F, 0xFC, 0x1F, 0xF8, 0x3F, 0xF0, 0x7D, 0xE0, 0xF3, 0xE3, 0xE3, 0xFF,
  0x83, 0xFE, 0x00, 0xF9, 0xFC, 0xFF, 0xFE, 0x7F, 0x7E, 0x3E, 0x1F, 0x3C,
  0x1F, 0x3C, 0x1F, 0x3C, 0x1F, 0x3C, 0x1F, 0x3C, 0x1F, 0x3C, 0x1F, 0x3C,
  0x1E, 0x3E, 0x3E, 0x3F, 0xFC, 0x3F, 0xF8, 0x3C, 0x00, 0x3C, 0x00, 0x3C,
  0x00, 0x7C, 0x00, 0xFF, 0x80, 0xFF, 0x80, 0x1F, 0xDC, 0x3F, 0xFC, 0x7C,
  0x7C, 0x78, 0x3C, 0xF8, 0x3C, 0xF8, 0x3C, 0xF8, 0x3C, 0xF8, 0x3C, 0xF8,
  0x3C, 0xF8, 0x3C, 0xF8, 0x3C, 0x7E, 0xFC, 0x7F, 0xFC, 0x1F, 0xBC, 0x00,
  0x3C, 0x00, 0x3C, 0x00, 0x3C, 0x00, 0x3E, 0x01, 0xFF, 0x01, 0xFF, 0xFC,
  0xFB, 0xF7, 0xE7, 0xF3, 0xCF, 0x9F, 0x3E, 0x78, 0xF0, 0x03, 0xC0, 0x0F,
  0x00, 0x3C, 0x00, 0xF0, 0x03, 0xC0, 0x0F, 0x80, 0xFF, 0x83, 0xFE, 0x00,
  0x3F, 0xE7, 0xFE, 0x70, 0xEF, 0x06, 0xF8, 0x07, 0xF8, 0x7F, 0xE3, 0xFE,
  0x07, 0xFC, 0x0F, 0xE0, 0xFF, 0x0F, 0xFF, 0xEF, 0xFC, 0x1C, 0x03, 0x80,
  0x70, 0x1E, 0x03, 0xC1, 0xFF, 0xBF, 0xF1, 0xE0, 0x3C, 0x07, 0x80, 0xF0,
  0x1E, 0x03, 0xC0, 0x78, 0x0F, 0x01, 0xE0, 0x3F, 0xC7, 0xFC, 0x7E, 0x00,
  0xFC, 0x7E, 0x7E, 0x3F, 0x1F, 0x0F, 0x8F, 0x87, 0xC3, 0xC1, 0xE1, 0xE0,
  0xF0, 0xF0, 0x78, 0x78, 0x3C, 0x3C, 0x3E, 0x1E, 0x1F, 0x0F, 0x0F, 0x87,
  0xFF, 0xC3, 0xFD, 0xF8, 0xFC, 0xFC, 0xFF, 0x1F, 0xFF, 0x9F, 0xCF, 0x83,
  0x87, 0xC1, 0xC1, 0xE0, 0xC0, 0xF8, 0xE0, 0x3C, 0x70, 0x1E, 0x30, 0x0F,
  0xB8, 0x03, 0xD8, 0x01, 0xFC, 0x00, 0x7E, 0x00, 0x3E, 0x00, 0x1F, 0x00,
  0xFF, 0x1F, 0x1F, 0xFF, 0x8F, 0x8F, 0xCF, 0x8F, 0xC3, 0x87, 0xC7, 0xF1,
  0x81, 0xE3, 0x78, 0xC0, 0xF1, 0xBC, 0x60, 0x7D, 0xDE, 0x60, 0x1E, 0xE7,
  0xB0, 0x0F, 0x63, 0xD8, 0x07, 0xB1, 0xFC, 0x03, 0xF8, 0xFC, 0x00, 0xFC,
  0x3E, 0x00, 0x7C, 0x1F, 0x00, 0x3E, 0x0F, 0x00, 0xFF, 0x3F, 0xFF, 0x3F,
  0x3E, 0x1C, 0x1F, 0x38, 0x0F, 0xF0, 0x0F, 0xE0, 0x07, 0xE0, 0x03, 0xE0,
  0x07, 0xF0, 0x0E, 0xF8, 0x1C, 0x7C, 0x38, 0x7E, 0xFE, 0xFF, 0xFE, 0xFF,
  0x7F, 0x1F, 0xFF, 0x9F, 0xCF, 0x83, 0x87, 0xC1, 0xC1, 0xE0, 0xC0, 0xF8,
  0xE0, 0x3C, 0x60, 0x1F, 0x70, 0x07, 0xB0, 0x03, 0xD8, 0x00, 0xFC, 0x00,
  0x7C, 0x00, 0x3E, 0x00, 0x0E, 0x00, 0x07, 0x00, 0x43, 0x00, 0x73, 0x80,
  0x79, 0x80, 0x3F, 0xC0, 0x0F, 0xC0, 0x00, 0xFF, 0xF7, 0xFF, 0xBC, 0x7D,
  0xC3, 0xCC, 0x3C, 0x03, 0xE0, 0x3E, 0x01, 0xE0, 0x1E, 0x19, 0xF0, 0xDF,
  0x0E, 0xF0, 0xFF, 0xFF, 0xFF, 0xFC, 0x06, 0x1F, 0x3F, 0x3C, 0x3C, 0x3C,
  0x3C, 0x3C, 0x3C, 0x3C, 0x3C, 0x3C, 0x3C, 0x78, 0xF0, 0xF8, 0x3C, 0x3C,
  0x3C, 0x3C, 0x3C, 0x3C, 0x3C, 0x3C, 0x3C, 0x3C, 0x3C, 0x3F, 0x1F, 0xFF,
  0xFF, 0xFF, 0xFF, 0xFF, 0xFF, 0xFF, 0xFF, 0xFF, 0xFF, 0xFF, 0xFF, 0xF0,
  0x60, 0xFC, 0xFC, 0x3C, 0x3C, 0x3C, 0x3C, 0x3C, 0x3C, 0x3C, 0x3C, 0x3C,
  0x3C, 0x1E, 0x0F, 0x1F, 0x3C, 0x3C, 0x3C, 0x3C, 0x3C, 0x3C, 0x3C, 0x3C,
  0x3C, 0x3C, 0x3C, 0xFC, 0xF8, 0x7F, 0x3F, 0xFF, 0xFF, 0xEC, 0x1C, 0xFF,
  0xF8, 0x07, 0x00, 0xE0, 0x1C, 0x03, 0x80, 0x70, 0x0E, 0x01, 0xC0, 0x38,
  0x07, 0x00, 0xE0, 0x1C, 0x03, 0x80, 0x70, 0x0E, 0x01, 0xC0, 0x3F, 0xFF,
  0xFF, 0x80, 0xFF, 0xF8, 0x07, 0x00, 0xE0, 0x1C, 0x03, 0x80, 0x70, 0x0E,
  0x01, 0xC0, 0x38, 0x07, 0x00, 0xE0, 0x1C, 0x03, 0x80, 0x70, 0x0E, 0x01,
  0xC0, 0x3F, 0xFF, 0xFF, 0x80, 0xFF, 0xF8, 0x07, 0x00, 0xE0, 0x1C, 0x03,
  0x80, 0x70, 0x0E, 0x01, 0xC0, 0x38, 0x07, 0x00, 0xE0, 0x1C, 0x03, 0x80,
  0x70, 0x0E, 0x01, 0xC0, 0x3F, 0xFF, 0xFF, 0x80, 0xFF, 0xF8, 0x07, 0x00,
  0xE0, 0x1C, 0x03, 0x80, 0x70, 0x0E, 0x01, 0xC0, 0x38, 0x07, 0x00, 0xE0,
  0x1C, 0x03, 0x80, 0x70, 0x0E, 0x01, 0xC0, 0x3F, 0xFF, 0xFF, 0x80, 0xFF,
  0xF8, 0x07, 0x00, 0xE0, 0x1C, 0x03, 0x80, 0x70, 0x0E, 0x01, 0xC0, 0x38,
  0x07, 0x00, 0xE0, 0x1C, 0x03, 0x80, 0x70, 0x0E, 0x01, 0xC0, 0x3F, 0xFF,
  0xFF, 0x80, 0xFF, 0xF8, 0x07, 0x00, 0xE0, 0x1C, 0x03, 0x80, 0x70, 0x0E,
  0x01, 0xC0, 0x38, 0x07, 0x00, 0xE0, 0x1C, 0x03, 0x80, 0x70, 0x0E, 0x01,
  0xC0, 0x3F, 0xFF, 0xFF, 0x80, 0xFF, 0xF8, 0x07, 0x00, 0xE0, 0x1C, 0x03,
  0x80, 0x70, 0x0E, 0x01, 0xC0, 0x38, 0x07, 0x00, 0xE0, 0x1C, 0x03, 0x80,
  0x70, 0x0E, 0x01, 0xC0, 0x3F, 0xFF, 0xFF, 0x80, 0xFF, 0xF8, 0x07, 0x00,
  0xE0, 0x1C, 0x03, 0x80, 0x70, 0x0E, 0x01, 0xC0, 0x38, 0x07, 0x00, 0xE0,
  0x1C, 0x03, 0x80, 0x70, 0x0E, 0x01, 0xC0, 0x3F, 0xFF, 0xFF, 0x80, 0xFF,
  0xF8, 0x07, 0x00, 0xE0, 0x1C, 0x03, 0x80, 0x70, 0x0E, 0x01, 0xC0, 0x38,
  0x07, 0x00, 0xE0, 0x1C, 0x03, 0x80, 0x70, 0x0E, 0x01, 0xC0, 0x3F, 0xFF,
  0xFF, 0x80, 0xFF, 0xF8, 0x07, 0x00, 0xE0, 0x1C, 0x03, 0x80, 0x70, 0x0E,
  0x01, 0xC0, 0x38, 0x07, 0x00, 0xE0, 0x1C, 0x03, 0x80, 0x70, 0x0E, 0x01,
  0xC0, 0x3F, 0xFF, 0xFF, 0x80, 0xFF, 0xF8, 0x07, 0x00, 0xE0, 0x1C, 0x03,
  0x80, 0x70, 0x0E, 0x01, 0xC0, 0x38, 0x07, 0x00, 0xE0, 0x1C, 0x03, 0x80,
  0x70, 0x0E, 0x01, 0xC0, 0x3F, 0xFF, 0xFF, 0x80, 0xFF, 0xF8, 0x07, 0x00,
  0xE0, 0x1C, 0x03, 0x80, 0x70, 0x0E, 0x01, 0xC0, 0x38, 0x07, 0x00, 0xE0,
  0x1C, 0x03, 0x80, 0x70, 0x0E, 0x01, 0xC0, 0x3F, 0xFF, 0xFF, 0x80, 0xFF,
  0xF8, 0x07, 0x00, 0xE0, 0x1C, 0x03, 0x80, 0x70, 0x0E, 0x01, 0xC0, 0x38,
  0x07, 0x00, 0xE0, 0x1C, 0x03, 0x80, 0x70, 0x0E, 0x01, 0xC0, 0x3F, 0xFF,
  0xFF, 0x80, 0xFF, 0xF8, 0x07, 0x00, 0xE0, 0x1C, 0x03, 0x80, 0x70, 0x0E,
  0x01, 0xC0, 0x38, 0x07, 0x00, 0xE0, 0x1C, 0x03, 0x80, 0x70, 0x0E, 0x01,
  0xC0, 0x3F, 0xFF, 0xFF, 0x80, 0xFF, 0xF8, 0x07, 0x00, 0xE0, 0x1C, 0x03,
  0x80, 0x70, 0x0E, 0x01, 0xC0, 0x38, 0x07, 0x00, 0xE0, 0x1C, 0x03, 0x80,
  0x70, 0x0E, 0x01, 0xC0, 0x3F, 0xFF, 0xFF, 0x80, 0xFF, 0xF8, 0x07, 0x00,
  0xE0, 0x1C, 0x03, 0x80, 0x70, 0x0E, 0x01, 0xC0, 0x38, 0x07, 0x00, 0xE0,
  0x1C, 0x03, 0x80, 0x70, 0x0E, 0x01, 0xC0, 0x3F, 0xFF, 0xFF, 0x80, 0xFF,
  0xF8, 0x07, 0x00, 0xE0, 0x1C, 0x03, 0x80, 0x70, 0x0E, 0x01, 0xC0, 0x38,
  0x07, 0x00, 0xE0, 0x1C, 0x03, 0x80, 0x70, 0x0E, 0x01, 0xC0, 0x3F, 0xFF,
  0xFF, 0x80, 0xFF, 0xF8, 0x07, 0x00, 0xE0, 0x1C, 0x03, 0x80, 0x70, 0x0E,
  0x01, 0xC0, 0x38, 0x07, 0x00, 0xE0, 0x1C, 0x03, 0x80, 0x70, 0x0E, 0x01,
  0xC0, 0x3F, 0xFF, 0xFF, 0x80, 0xFF, 0xF8, 0x07, 0x00, 0xE0, 0x1C, 0x03,
  0x80, 0x70, 0x0E, 0x01, 0xC0, 0x38, 0x07, 0x00, 0xE0, 0x1C, 0x03, 0x80,
  0x70, 0x0E, 0x01, 0xC0, 0x3F, 0xFF, 0xFF, 0x80, 0xFF, 0xF8, 0x07, 0x00,
  0xE0, 0x1C, 0x03, 0x80, 0x70, 0x0E, 0x01, 0xC0, 0x38, 0x07, 0x00, 0xE0,
  0x1C, 0x03, 0x80, 0x70, 0x0E, 0x01, 0xC0, 0x3F, 0xFF, 0xFF, 0x80, 0xFF,
  0xF8, 0x07, 0x00, 0xE0, 0x1C, 0x03, 0x80, 0x70, 0x0E, 0x01, 0xC0, 0x38,
  0x07, 0x00, 0xE0, 0x1C, 0x03, 0x80, 0x70, 0x0E, 0x01, 0xC0, 0x3F, 0xFF,
  0xFF, 0x80, 0xFF, 0xF8, 0x07, 0x00, 0xE0, 0x1C, 0x03, 0x80, 0x70, 0x0E,
  0x01, 0xC0, 0x38, 0x07, 0x00, 0xE0, 0x1C, 0x03, 0x80, 0x70, 0x0E, 0x01,
  0xC0, 0x3F, 0xFF, 0xFF, 0x80, 0xFF, 0xF8, 0x07, 0x00, 0xE0, 0x1C, 0x03,
  0x80, 0x70, 0x0E, 0x01, 0xC0, 0x38, 0x07, 0x00, 0xE0, 0x1C, 0x03, 0x80,
  0x70, 0x0E, 0x01, 0xC0, 0x3F, 0xFF, 0xFF, 0x80, 0xFF, 0xF8, 0x07, 0x00,
  0xE0, 0x1C, 0x03, 0x80, 0x70, 0x0E, 0x01, 0xC0, 0x38, 0x07, 0x00, 0xE0,
  0x1C, 0x03, 0x80, 0x70, 0x0E, 0x01, 0xC0, 0x3F, 0xFF, 0xFF, 0x80, 0xFF,
  0xF8, 0x07, 0x00, 0xE0, 0x1C, 0x03, 0x80, 0x70, 0x0E, 0x01, 0xC0, 0x38,
  0x07, 0x00, 0xE0, 0x1C, 0x03, 0x80, 0x70, 0x0E, 0x01, 0xC0, 0x3F, 0xFF,
  0xFF, 0x80, 0xFF, 0xF8, 0x07, 0x00, 0xE0, 0x1C, 0x03, 0x80, 0x70, 0x0E,
  0x01, 0xC0, 0x38, 0x07, 0x00, 0xE0, 0x1C, 0x03, 0x80, 0x70, 0x0E, 0x01,
  0xC0, 0x3F, 0xFF, 0xFF, 0x80, 0xFF, 0xF8, 0x07, 0x00, 0xE0, 0x1C, 0x03,
  0x80, 0x70, 0x0E, 0x01, 0xC0, 0x38, 0x07, 0x00, 0xE0, 0x1C, 0x03, 0x80,
  0x70, 0x0E, 0x01, 0xC0, 0x3F, 0xFF, 0xFF, 0x80, 0xFF, 0xF8, 0x07, 0x00,
  0xE0, 0x1C, 0x03, 0x80, 0x70, 0x0E, 0x01, 0xC0, 0x38, 0x07, 0x00, 0xE0,
  0x1C, 0x03, 0x80, 0x70, 0x0E, 0x01, 0xC0, 0x3F, 0xFF, 0xFF, 0x80, 0xFF,
  0xF8, 0x07, 0x00, 0xE0, 0x1C, 0x03, 0x80, 0x70, 0x0E, 0x01, 0xC0, 0x38,
  0x07, 0x00, 0xE0, 0x1C, 0x03, 0x80, 0x70, 0x0E, 0x01, 0xC0, 0x3F, 0xFF,
  0xFF, 0x80, 0xFF, 0xF8, 0x07, 0x00, 0xE0, 0x1C, 0x03, 0x80, 0x70, 0x0E,
  0x01, 0xC0, 0x38, 0x07, 0x00, 0xE0, 0x1C, 0x03, 0x80, 0x70, 0x0E, 0x01,
  0xC0, 0x3F, 0xFF, 0xFF, 0x80, 0xFF, 0xF8, 0x07, 0x00, 0xE0, 0x1C, 0x03,
  0x80, 0x70, 0x0E, 0x01, 0xC0, 0x38, 0x07, 0x00, 0xE0, 0x1C, 0x03, 0x80,
  0x70, 0x0E, 0x01, 0xC0, 0x3F, 0xFF, 0xFF, 0x80, 0xFF, 0xF8, 0x07, 0x00,
  0xE0, 0x1C, 0x03, 0x80, 0x70, 0x0E, 0x01, 0xC0, 0x38, 0x07, 0x00, 0xE0,
  0x1C, 0x03, 0x80, 0x70, 0x0E, 0x01, 0xC0, 0x3F, 0xFF, 0xFF, 0x80, 0xFF,
  0xF8, 0x07, 0x00, 0xE0, 0x1C, 0x03, 0x80, 0x70, 0x0E, 0x01, 0xC0, 0x38,
  0x07, 0x00, 0xE0, 0x1C, 0x03, 0x80, 0x70, 0x0E, 0x01, 0xC0, 0x3F, 0xFF,
  0xFF, 0x80, 0x00, 0x7F, 0xFE, 0xE0, 0x01, 0xCE, 0x73, 0x9C, 0xE7, 0x3F,
  0xFF, 0xFF, 0xFE, 0x40, 0x01, 0xC0, 0x0E, 0x01, 0xE0, 0x3F, 0xE3, 0xFF,
  0xBD, 0xFD, 0xEF, 0xFF, 0x6F, 0xFF, 0x07, 0xB8, 0x3F, 0xC1, 0xFE, 0x0F,
  0xE0, 0x3F, 0x1D, 0xFF, 0xE7, 0xFE, 0x0F, 0xC0, 0x60, 0x07, 0x00, 0x00,
  0xC0, 0x07, 0xF8, 0x1F, 0xFC, 0x1E, 0x1E, 0x3E, 0x3E, 0x3E, 0x1E, 0x3E,
  0x00, 0x3E, 0x00, 0x3E, 0x00, 0x7F, 0xF8, 0x7F, 0xF8, 0xFF, 0xF8, 0x0F,
  0x80, 0x07, 0x80, 0x0F, 0x87, 0x0F, 0x07, 0x0E, 0x0E, 0x3F, 0xFE, 0x7F,
  0xFE, 0x3F, 0xFE, 0x40, 0x1F, 0xFD, 0xDF, 0xFC, 0x7B, 0xE7, 0x8F, 0x3C,
  0x79, 0xE3, 0xCF, 0x1E, 0x78, 0xF3, 0xFF, 0xBF, 0xFF, 0xC0, 0x74, 0x01,
  0x00, 0xFF, 0x8F, 0xFF, 0xF1, 0xFC, 0xF8, 0x0E, 0x1F, 0x01, 0xC1, 0xF0,
  0x70, 0x1E, 0x1C, 0x03, 0xE3, 0x80, 0x3E, 0xE0, 0x7F, 0xDF, 0x8F, 0xFF,
  0xF0, 0x07, 0xC0, 0x3F, 0xFF, 0xC7, 0xFF, 0xF8, 0x03, 0xE0, 0x00, 0x7C,
  0x00, 0x0F, 0x80, 0x01, 0xF0, 0x00, 0xFF, 0x80, 0x1F, 0xF0, 0x00, 0xFF,
  0xFF, 0xFF, 0xFF, 0xFF, 0xF0, 0x00, 0xFF, 0xFF, 0xFF, 0xFF, 0xFF, 0xF0,
  0x03, 0xE0, 0x1F, 0xE0, 0x79, 0xE0, 0xE3, 0xC1, 0xC7, 0x03, 0xC0, 0x07,
  0xC0, 0x3F, 0xC0, 0x7F, 0xE1, 0xC7, 0xE3, 0xC7, 0xE7, 0x87, 0xEF, 0xC3,
  0xEF, 0xC3, 0xCF, 0xE3, 0x8F, 0xE7, 0x07, 0xFC, 0x07, 0xF0, 0x03, 0xC0,
  0x47, 0x83, 0xC7, 0x07, 0x8E, 0x0F, 0x7C, 0x0F, 0xF0, 0x03, 0x00, 0x71,
  0xFF, 0x3F, 0xE7, 0xBC, 0xF0, 0x07, 0xFC, 0x03, 0xF7, 0xE0, 0xE0, 0x0E,
  0x38, 0x00, 0xE6, 0x3F, 0xCD, 0xCF, 0x39, 0xF1, 0xC3, 0x1E, 0x78, 0x63,
  0xCE, 0x00, 0x79, 0xC0, 0x0F, 0x3C, 0x01, 0xE3, 0x82, 0x3E, 0x78, 0xCE,
  0xC7, 0xF1, 0x9C, 0x7C, 0x71, 0xC0, 0x1C, 0x1F, 0x1F, 0x01, 0xFF, 0x80,
  0x7F, 0x1C, 0xF3, 0x8E, 0x31, 0xC1, 0xF8, 0xFF, 0x38, 0xE7, 0x9C, 0xFF,
  0xEF, 0x3C, 0x06, 0x18, 0xF3, 0xCF, 0x3C, 0xF3, 0xCF, 0xBE, 0x79, 0xE3,
  0xCF, 0x0F, 0x3C, 0x3C, 0xF0, 0xE3, 0x83, 0x8E, 0x08, 0x20, 0xFF, 0xFF,
  0xFF, 0xFF, 0xF0, 0x07, 0x00, 0x70, 0x07, 0x00, 0x70, 0x00, 0x1F, 0x87,
  0xF9, 0xD3, 0xFB, 0x7F, 0x7F, 0xEB, 0xFD, 0x3B, 0x13, 0x7F, 0xC7, 0xF0,
  0xFF, 0xFF, 0xFF, 0xE0, 0x3C, 0x7E, 0xE7, 0xE3, 0xE7, 0x7E, 0x3C, 0x0E,
  0x00, 0xE0, 0x0E, 0x0F, 0xFF, 0xFF, 0xFF, 0xFF, 0x0E, 0x00, 0xE0, 0x0E,
  0x00, 0xE0, 0x00, 0x00, 0x00, 0xFF, 0xFF, 0xFF, 0xFF, 0xF0, 0x1F, 0x0F,
  0xF9, 0x8F, 0x78, 0xE2, 0x3C, 0x07, 0x81, 0xE0, 0x78, 0x1C, 0x27, 0x19,
  0xFF, 0x3F, 0xE7, 0xFC, 0x3E, 0x3F, 0xEE, 0x7B, 0x8E, 0x07, 0x83, 0xC1,
  0xE0, 0x3E, 0x03, 0xA0, 0xFE, 0x7B, 0xFE, 0x7E, 0x00, 0x18, 0xF7, 0xDE,
  0xE3, 0x00, 0xF0, 0x78, 0xF0, 0x78, 0xF0, 0x78, 0xF0, 0x78, 0xF0, 0x78,
  0xF0, 0x78, 0xF0, 0x78, 0xF0, 0x78, 0xF0, 0x78, 0xF0, 0x78, 0xF0, 0xF8,
  0xF9, 0xFC, 0xFF, 0xBF, 0xFF, 0x3E, 0xF0, 0x00, 0xF0, 0x00, 0xF0, 0x00,
  0xF8, 0x00, 0xF8, 0x00, 0xF8, 0x00, 0x1F, 0x3E, 0x7E, 0x7D, 0xFC, 0xF3,
  0xF9, 0xCF, 0xF3, 0x9F, 0xE7, 0x3F, 0xCE, 0x7F, 0x9C, 0x7F, 0x38, 0xFE,
  0x70, 0xFC, 0xE0, 0xF9, 0xC0, 0x03, 0x80, 0x07, 0x00, 0x0E, 0x00, 0x1C,
  0x00, 0x38, 0x00, 0x70, 0x00, 0xE0, 0x01, 0xC0, 0x07, 0x80, 0x7F, 0x00,
  0xFE, 0x00, 0xFF, 0xFF, 0xF0, 0x71, 0xE7, 0xC7, 0x9F, 0xF3, 0x00, 0x3C,
  0xFC, 0xFC, 0x3C, 0x3C, 0x3C, 0x3C, 0x3C, 0x3C, 0x3C, 0x3C, 0xFF, 0xFF,
  0x3F, 0x8F, 0xFB, 0xC7, 0x70, 0xFE, 0x1F, 0xC3, 0xF8, 0x7F, 0x8E, 0x7F,
  0x87, 0xE0, 0xC3, 0x07, 0x1C, 0x1C, 0x70, 0x79, 0xE3, 0xCF, 0x0F, 0x3C,
  0xFB, 0xE7, 0x9E, 0x79, 0xE7, 0x9E, 0x38, 0xE0, 0x82, 0x00, 0x3C, 0x00,
  0x70, 0x3F, 0x00, 0x3C, 0x0F, 0xC0, 0x0E, 0x00, 0xF0, 0x07, 0x00, 0x3C,
  0x03, 0xC0, 0x0F, 0x00, 0xE0, 0x03, 0xC0, 0x78, 0x00, 0xF0, 0x1C, 0x0C,
  0x3C, 0x0F, 0x0F, 0x8F, 0x03, 0x83, 0xE3, 0xC1, 0xC1, 0xFB, 0xFC, 0xF0,
  0xDE, 0xFF, 0x38, 0x37, 0x80, 0x1E, 0x19, 0xE0, 0x07, 0x0C, 0x78, 0x03,
  0xC3, 0x1E, 0x00, 0xE1, 0xFF, 0xC0, 0x70, 0x7F, 0xF0, 0x3C, 0x00, 0x78,
  0x1E, 0x00, 0x1E, 0x3C, 0x00, 0x70, 0x0F, 0xC0, 0x0F, 0x00, 0xFC, 0x00,
  0xE0, 0x03, 0xC0, 0x1C, 0x00, 0x3C, 0x03, 0xC0, 0x03, 0xC0, 0x38, 0x00,
  0x3C, 0x07, 0x80, 0x03, 0xC0, 0x70, 0xF8, 0x3C, 0x0F, 0x3F, 0xE3, 0xC0,
  0xE3, 0x1E, 0x3C, 0x1C, 0x78, 0xEF, 0xF3, 0xC1, 0x1E, 0xFF, 0x38, 0x01,
  0xE0, 0x07, 0x80, 0x3C, 0x00, 0x70, 0x07, 0x80, 0x0F, 0x00, 0xE1, 0x00,
  0xE0, 0x1C, 0x60, 0x1C, 0x03, 0xFE, 0x03, 0xC0, 0x3F, 0xE0, 0x78, 0x03,
  0xFE, 0x3E, 0x00, 0x38, 0x1F, 0xF0, 0x0F, 0x03, 0x9E, 0x01, 0xC0, 0x71,
  0xC0, 0x70, 0x00, 0x78, 0x1E, 0x00, 0x1E, 0x03, 0x80, 0x07, 0x80, 0xF0,
  0x00, 0x7C, 0x1C, 0x0C, 0x03, 0x87, 0x87, 0xD0, 0x78, 0xE0, 0xFB, 0x9E,
  0x38, 0x3F, 0x7F, 0xCF, 0x0D, 0xE7, 0xE1, 0xC1, 0xBC, 0x00, 0x78, 0x67,
  0x80, 0x0E, 0x18, 0xF0, 0x03, 0xC3, 0x1E, 0x00, 0x70, 0xFF, 0xE0, 0x1C,
  0x1F, 0xFC, 0x07, 0x80, 0x0F, 0x01, 0xE0, 0x01, 0xE0, 0x0F, 0x80, 0xF8,
  0x0F, 0x80, 0x70, 0x00, 0x00, 0x00, 0x07, 0x00, 0x70, 0x0F, 0x01, 0xF0,
  0x3F, 0x07, 0xE0, 0xFC, 0x0F, 0x82, 0xF0, 0xFF, 0x0F, 0xF0, 0x7F, 0xFE,
  0x7F, 0xC0, 0x40, 0x01, 0xC0, 0x00, 0x0F, 0x00, 0x00, 0x7C, 0x00, 0x01,
  0xF0, 0x00, 0x03, 0xC0, 0x00, 0x04, 0x00, 0x00, 0x00, 0x00, 0x1F, 0x00,
  0x00, 0xF8, 0x00, 0x0F, 0xE0, 0x00, 0x7F, 0x00, 0x03, 0x78, 0x00, 0x3B,
  0xE0, 0x01, 0xCF, 0x00, 0x1C, 0x78, 0x00, 0xE3, 0xE0, 0x07, 0x0F, 0x00,
  0x70, 0x7C, 0x03, 0xFF, 0xE0, 0x1F, 0xFF, 0x01, 0xC0, 0x7C, 0x0E, 0x03,
  0xE0, 0x60, 0x1F, 0x07, 0x80, 0xFC, 0xFE, 0x0F, 0xFF, 0xF0, 0x7F, 0xC0,
  0x00, 0x0C, 0x00, 0x00, 0xF0, 0x00, 0x0F, 0x80, 0x00, 0xF8, 0x00, 0x0F,
  0x00, 0x00, 0x40, 0x00, 0x00, 0x00, 0x00, 0x1F, 0x00, 0x00, 0xF8, 0x00,
  0x0F, 0xE0, 0x00, 0x7F, 0x00, 0x03, 0x78, 0x00, 0x3B, 0xE0, 0x01, 0xCF,
  0x00, 0x1C, 0x78, 0x00, 0xE3, 0xE0, 0x07, 0x0F, 0x00, 0x70, 0x7C, 0x03,
  0xFF, 0xE0, 0x1F, 0xFF, 0x01, 0xC0, 0x7C, 0x0E, 0x03, 0xE0, 0x60, 0x1F,
  0x07, 0x80, 0xFC, 0xFE, 0x0F, 0xFF, 0xF0, 0x7F, 0xC0, 0x00, 0x70, 0x00,
  0x03, 0xC0, 0x00, 0x3F, 0x00, 0x03, 0xFC, 0x00, 0x38, 0x70, 0x01, 0x01,
  0x00, 0x00, 0x00, 0x00, 0x1F, 0x00, 0x00, 0xF8, 0x00, 0x0F, 0xE0, 0x00,
  0x7F, 0x00, 0x03, 0x78, 0x00, 0x3B, 0xE0, 0x01, 0xCF, 0x00, 0x1C, 0x78,
  0x00, 0xE3, 0xE0, 0x07, 0x0F, 0x00, 0x70, 0x7C, 0x03, 0xFF, 0xE0, 0x1F,
  0xFF, 0x01, 0xC0, 0x7C, 0x0E, 0x03, 0xE0, 0x60, 0x1F, 0x07, 0x80, 0xFC,
  0xFE, 0x0F, 0xFF, 0xF0, 0x7F, 0xC0, 0x03, 0xE6, 0x00, 0x3F, 0xF0, 0x01,
  0xFF, 0x00, 0x08, 0x70, 0x00, 0x00, 0x00, 0x00, 0x00, 0x00, 0x03, 0xE0,
  0x00, 0x1F, 0x00, 0x01, 0xFC, 0x00, 0x0F, 0xE0, 0x00, 0x6F, 0x00, 0x07,
  0x7C, 0x00, 0x39, 0xE0, 0x03, 0x8F, 0x00, 0x1C, 0x7C, 0x00, 0xE1, 0xE0,
  0x0E, 0x0F, 0x80, 0x7F, 0xFC, 0x03, 0xFF, 0xE0, 0x38, 0x0F, 0x81, 0xC0,
  0x7C, 0x0C, 0x03, 0xE0, 0xF0, 0x1F, 0x9F, 0xC1, 0xFF, 0xFE, 0x0F, 0xF8,
  0x01, 0x06, 0x00, 0x1E, 0x78, 0x01, 0xF3, 0xC0, 0x0F, 0x9E, 0x00, 0x38,
  0x60, 0x00, 0x00, 0x00, 0x00, 0x00, 0x00, 0x1F, 0x00, 0x00, 0xF8, 0x00,
  0x0F, 0xE0, 0x00, 0x7F, 0x00, 0x03, 0x78, 0x00, 0x3B, 0xE0, 0x01, 0xCF,
  0x00, 0x1C, 0x78, 0x00, 0xE3, 0xE0, 0x07, 0x0F, 0x00, 0x70, 0x7C, 0x03,
  0xFF, 0xE0, 0x1F, 0xFF, 0x01, 0xC0, 0x7C, 0x0E, 0x03, 0xE0, 0x60, 0x1F,
  0x07, 0x80, 0xFC, 0xFE, 0x0F, 0xFF, 0xF0, 0x7F, 0xC0, 0x00, 0x30, 0x00,
  0x07, 0xE0, 0x00, 0x73, 0x80, 0x03, 0x9C, 0x00, 0x1C, 0xE0, 0x00, 0x7E,
  0x00, 0x01, 0x80, 0x00, 0x00, 0x00, 0x00, 0xF8, 0x00, 0x07, 0xC0, 0x00,
  0x7F, 0x00, 0x03, 0xF8, 0x00, 0x1B, 0xC0, 0x01, 0xDF, 0x00, 0x0E, 0x78,
  0x00, 0xE3, 0xC0, 0x07, 0x1F, 0x00, 0x38, 0x78, 0x03, 0x83, 0xE0, 0x1F,
  0xFF, 0x00, 0xFF, 0xF8, 0x0E, 0x03, 0xE0, 0x70, 0x1F, 0x03, 0x00, 0xF8,
  0x3C, 0x07, 0xE7, 0xF0, 0x7F, 0xFF, 0x83, 0xFE, 0x01, 0xFF, 0xFF, 0xC0,
  0x3F, 0xFF, 0xF8, 0x01, 0xCF, 0x07, 0x80, 0x71, 0xE0, 0x70, 0x0E, 0x3C,
  0x0E, 0x03, 0x87, 0x80, 0x00, 0x70, 0xF0, 0xC0, 0x1C, 0x1E, 0x38, 0x03,
  0xFF, 0xFF, 0x00, 0xFF, 0xFF, 0xE0, 0x1F, 0xFF, 0xFC, 0x07, 0x81, 0xE3,
  0x80, 0xE0, 0x3C, 0x30, 0x3C, 0x07, 0x80, 0xC7, 0x00, 0xF0, 0x38, 0xE0,
  0x1E, 0x07, 0x3C, 0x07, 0xC1, 0xFF, 0xE1, 0xFF, 0xFF, 0xFC, 0x3F, 0xFF,
  0x80, 0x00, 0x63, 0x03, 0xFD, 0x87, 0xFF, 0xC7, 0xE1, 0xE3, 0xC0, 0x7B,
  0xE0, 0x1D, 0xE0, 0x0F, 0xF0, 0x04, 0xF8, 0x00, 0x7C, 0x00, 0x3E, 0x00,
  0x1F, 0x00, 0x0F, 0x80, 0x07, 0xC0, 0x01, 0xF0, 0x00, 0xFC, 0x02, 0x3F,
  0x03, 0x9F, 0xFF, 0xC7, 0xFF, 0x80, 0xFF, 0x80, 0x0C, 0x00, 0x0F, 0x00,
  0x03, 0xE0, 0x00, 0x70, 0x02, 0x78, 0x01, 0xF8, 0x00, 0x30, 0x00, 0x0E,
  0x00, 0x0F, 0x00, 0x0F, 0x80, 0x07, 0xC0, 0x01, 0xE0, 0x00, 0x40, 0x00,
  0x00, 0xFF, 0xFE, 0xFF, 0xFE, 0x3E, 0x0E, 0x3E, 0x07, 0x3E, 0x07, 0x3E,
  0x00, 0x3E, 0x30, 0x3E, 0x30, 0x3F, 0xF0, 0x3F, 0xF0, 0x3F, 0xF0, 0x3E,
  0x30, 0x3E, 0x20, 0x3E, 0x03, 0x3E, 0x07, 0x3E, 0x07, 0x3E, 0x0F, 0xFF,
  0xFF, 0xFF, 0xFF, 0x00, 0x60, 0x00, 0xF0, 0x01, 0xF0, 0x03, 0xE0, 0x07,
  0x80, 0x04, 0x00, 0x00, 0x00, 0xFF, 0xFE, 0xFF, 0xFE, 0x3E, 0x0E, 0x3E,
  0x07, 0x3E, 0x07, 0x3E, 0x00, 0x3E, 0x30, 0x3E, 0x30, 0x3F, 0xF0, 0x3F,
  0xF0, 0x3F, 0xF0, 0x3E, 0x30, 0x3E, 0x20, 0x3E, 0x03, 0x3E, 0x07, 0x3E,
  0x07, 0x3E, 0x0F, 0xFF, 0xFF, 0xFF, 0xFF, 0x03, 0x80, 0x03, 0xC0, 0x07,
  0xE0, 0x0F, 0xF0, 0x1C, 0x38, 0x10, 0x10, 0x00, 0x00, 0xFF, 0xFE, 0xFF,
  0xFE, 0x3E, 0x0E, 0x3E, 0x07, 0x3E, 0x07, 0x3E, 0x00, 0x3E, 0x30, 0x3E,
  0x30, 0x3F, 0xF0, 0x3F, 0xF0, 0x3F, 0xF0, 0x3E, 0x30, 0x3E, 0x20, 0x3E,
  0x03, 0x3E, 0x07, 0x3E, 0x07, 0x3E, 0x0F, 0xFF, 0xFF, 0xFF, 0xFF, 0x08,
  0x30, 0x1E, 0x78, 0x3E, 0x78, 0x3E, 0x78, 0x1C, 0x30, 0x00, 0x00, 0x00,
  0x00, 0xFF, 0xFE, 0xFF, 0xFE, 0x3E, 0x0E, 0x3E, 0x07, 0x3E, 0x07, 0x3E,
  0x00, 0x3E, 0x30, 0x3E, 0x30, 0x3F, 0xF0, 0x3F, 0xF0, 0x3F, 0xF0, 0x3E,
  0x30, 0x3E, 0x20, 0x3E, 0x03, 0x3E, 0x07, 0x3E, 0x07, 0x3E, 0x0F, 0xFF,
  0xFF, 0xFF, 0xFF, 0x70, 0x3C, 0x1F, 0x07, 0xC0, 0xF0, 0x10, 0x01, 0xFF,
  0xFF, 0x9F, 0x0F, 0x87, 0xC3, 0xE1, 0xF0, 0xF8, 0x7C, 0x3E, 0x1F, 0x0F,
  0x87, 0xC3, 0xE1, 0xF0, 0xF8, 0x7C, 0xFF, 0xFF, 0xC0, 0x03, 0x03, 0xC3,
  0xE3, 0xE3, 0xC1, 0x00, 0x01, 0xFF, 0xFF, 0x9F, 0x0F, 0x87, 0xC3, 0xE1,
  0xF0, 0xF8, 0x7C, 0x3E, 0x1F, 0x0F, 0x87, 0xC3, 0xE1, 0xF0, 0xF8, 0x7C,
  0xFF, 0xFF, 0xC0, 0x1C, 0x07, 0x83, 0xF1, 0xFE, 0xE1, 0xE0, 0x20, 0x03,
  0xFE, 0xFF, 0x8F, 0x83, 0xE0, 0xF8, 0x3E, 0x0F, 0x83, 0xE0, 0xF8, 0x3E,
  0x0F, 0x83, 0xE0, 0xF8, 0x3E, 0x0F, 0x83, 0xE0, 0xF8, 0xFF, 0xBF, 0xE0,
  0x20, 0xCF, 0x3F, 0xE7, 0xFC, 0xF7, 0x0C, 0x00, 0x00, 0x03, 0xFE, 0x7F,
  0xC3, 0xE0, 0x7C, 0x0F, 0x81, 0xF0, 0x3E, 0x07, 0xC0, 0xF8, 0x1F, 0x03,
  0xE0, 0x7C, 0x0F, 0x81, 0xF0, 0x3E, 0x07, 0xC0, 0xF8, 0x7F, 0xCF, 0xF8,
  0x7F, 0xFE, 0x07, 0xFF, 0xF8, 0x1F, 0x1F, 0xC1, 0xF0, 0x7E, 0x1F, 0x03,
  0xE1, 0xF0, 0x1F, 0x1F, 0x01, 0xF1, 0xF0, 0x1F, 0x7F, 0xF1, 0xF7, 0xFF,
  0x1F, 0x9F, 0x01, 0xF1, 0xF0, 0x1F, 0x1F, 0x01, 0xF1, 0xF0, 0x1E, 0x1F,
  0x03, 0xE1, 0xF0, 0x7C, 0x1F, 0xFF, 0x87, 0xFF, 0xF0, 0x7F, 0xF8, 0x00,
  0x01, 0xF3, 0x00, 0x1F, 0xF8, 0x00, 0xFF, 0x80, 0x04, 0x38, 0x00, 0x00,
  0x00, 0x00, 0x00, 0x03, 0xFC, 0x0F, 0xFF, 0xE0, 0x7F, 0x3F, 0x81, 0xE1,
  0xFE, 0x07, 0x0F, 0xF0, 0x38, 0x7F, 0xC1, 0xC3, 0xFE, 0x0E, 0x1E, 0xF8,
  0x70, 0xF7, 0xE3, 0x87, 0x9F, 0x1C, 0x3C, 0x7C, 0xE1, 0xE3, 0xE7, 0x0F,
  0x0F, 0xB8, 0x78, 0x3F, 0xC3, 0xC1, 0xFE, 0x1E, 0x07, 0xF0, 0xF0, 0x3F,
  0x9F, 0xE0, 0xFC, 0xFF, 0x03, 0xE0, 0x03, 0x80, 0x00, 0x78, 0x00, 0x0F,
  0x80, 0x00, 0xF8, 0x00, 0x07, 0x80, 0x00, 0x20, 0x00, 0x18, 0x00, 0x3F,
  0xF0, 0x0F, 0xFF, 0x07, 0xE3, 0xF0, 0xF0, 0x1F, 0x3E, 0x03, 0xE7, 0x80,
  0x3F, 0xF0, 0x07, 0xFE, 0x00, 0xFF, 0xC0, 0x1F, 0xF8, 0x03, 0xFF, 0x00,
  0x7F, 0xE0, 0x0F, 0xFC, 0x01, 0xF7, 0xC0, 0x3C, 0xF8, 0x0F, 0x8F, 0x81,
  0xE1, 0xFD, 0xFC, 0x1F, 0xFE, 0x00, 0xFF, 0x80, 0x00, 0x18, 0x00, 0x07,
  0x80, 0x01, 0xF0, 0x00, 0x7C, 0x00, 0x1E, 0x00, 0x02, 0x00, 0x00, 0x18,
  0x00, 0x3F, 0xF0, 0x0F, 0xFF, 0x07, 0xE3, 0xF0, 0xF0, 0x1F, 0x3E, 0x03,
  0xE7, 0x80, 0x3F, 0xF0, 0x07, 0xFE, 0x00, 0xFF, 0xC0, 0x1F, 0xF8, 0x03,
  0xFF, 0x00, 0x7F, 0xE0, 0x0F, 0xFC, 0x01, 0xF7, 0xC0, 0x3C, 0xF8, 0x0F,
  0x8F, 0x81, 0xE1, 0xFD, 0xFC, 0x1F, 0xFE, 0x00, 0xFF, 0x80, 0x00, 0xE0,
  0x00, 0x1E, 0x00, 0x07, 0xE0, 0x01, 0xFE, 0x00, 0x70, 0xE0, 0x08, 0x08,
  0x00, 0x18, 0x00, 0x3F, 0xF0, 0x0F, 0xFF, 0x07, 0xE3, 0xF0, 0xF0, 0x1F,
  0x3E, 0x03, 0xE7, 0x80, 0x3F, 0xF0, 0x07, 0xFE, 0x00, 0xFF, 0xC0, 0x1F,
  0xF8, 0x03, 0xFF, 0x00, 0x7F, 0xE0, 0x0F, 0xFC, 0x01, 0xF7, 0xC0, 0x3C,
  0xF8, 0x0F, 0x8F, 0x81, 0xE1, 0xFD, 0xFC, 0x1F, 0xFE, 0x00, 0xFF, 0x80,
  0x03, 0xE6, 0x00, 0xFF, 0xC0, 0x1F, 0xF0, 0x02, 0x1C, 0x00, 0x00, 0x00,
  0x00, 0xC0, 0x01, 0xFF, 0x80, 0x7F, 0xF8, 0x3F, 0x1F, 0x87, 0x80, 0xF9,
  0xF0, 0x1F, 0x3C, 0x01, 0xFF, 0x80, 0x3F, 0xF0, 0x07, 0xFE, 0x00, 0xFF,
  0xC0, 0x1F, 0xF8, 0x03, 0xFF, 0x00, 0x7F, 0xE0, 0x0F, 0xBE, 0x01, 0xE7,
  0xC0, 0x7C, 0x7C, 0x0F, 0x0F, 0xEF, 0xE0, 0xFF, 0xF0, 0x07, 0xFC, 0x00,
  0x02, 0x0C, 0x00, 0xF3, 0xC0, 0x3E, 0x78, 0x07, 0xCF, 0x00, 0x70, 0xC0,
  0x00, 0x00, 0x00, 0x18, 0x00, 0x3F, 0xF0, 0x0F, 0xFF, 0x07, 0xE3, 0xF0,
  0xF0, 0x1F, 0x3E, 0x03, 0xE7, 0x80, 0x3F, 0xF0, 0x07, 0xFE, 0x00, 0xFF,
  0xC0, 0x1F, 0xF8, 0x03, 0xFF, 0x00, 0x7F, 0xE0, 0x0F, 0xFC, 0x01, 0xF7,
  0xC0, 0x3C, 0xF8, 0x0F, 0x8F, 0x81, 0xE1, 0xFD, 0xFC, 0x1F, 0xFE, 0x00,
  0xFF, 0x80, 0x40, 0x98, 0x6F, 0x3D, 0xFE, 0x3F, 0x07, 0x83, 0xF1, 0xFE,
  0xF3, 0xF8, 0x74, 0x08, 0x00, 0x60, 0xF0, 0x7F, 0xEE, 0x0F, 0xFF, 0xC3,
  0xF1, 0xF8, 0x3C, 0x07, 0xC7, 0xC0, 0xFC, 0x78, 0x1F, 0xEF, 0x81, 0xFE,
  0xF8, 0x3B, 0xEF, 0x87, 0x3E, 0xF8, 0xE3, 0xEF, 0x9C, 0x3E, 0xFB, 0x83,
  0xEF, 0xF8, 0x3E, 0x7F, 0x03, 0xC7, 0xE0, 0x7C, 0x3E, 0x07, 0x83, 0xFB,
  0xF8, 0x7F, 0xFE, 0x0F, 0x7F, 0xC0, 0x01, 0xC0, 0x00, 0x1E, 0x00, 0x01,
  0xF0, 0x00, 0x0F, 0x80, 0x00, 0x3C, 0x00, 0x00, 0x80, 0x00, 0x00, 0x0F,
  0xF8, 0x7F, 0xFF, 0x87, 0xF3, 0xE0, 0x1C, 0x3E, 0x01, 0xC3, 0xE0, 0x1C,
  0x3E, 0x01, 0xC3, 0xE0, 0x1C, 0x3E, 0x01, 0xC3, 0xE0, 0x1C, 0x3E, 0x01,
  0xC3, 0xE0, 0x1C, 0x3E, 0x01, 0xC3, 0xE0, 0x1C, 0x3E, 0x01, 0x83, 0xE0,
  0x38, 0x1F, 0x03, 0x81, 0xFF, 0xF0, 0x0F, 0xFF, 0x00, 0x7F, 0xC0, 0x00,
  0x0C, 0x00, 0x01, 0xE0, 0x00, 0x3E, 0x00, 0x07, 0xC0, 0x00, 0xF0, 0x00,
  0x08, 0x00, 0x00, 0x00, 0x0F, 0xF8, 0x7F, 0xFF, 0x87, 0xF3, 0xE0, 0x1C,
  0x3E, 0x01, 0xC3, 0xE0, 0x1C, 0x3E, 0x01, 0xC3, 0xE0, 0x1C, 0x3E, 0x01,
  0xC3, 0xE0, 0x1C, 0x3E, 0x01, 0xC3, 0xE0, 0x1C, 0x3E, 0x01, 0xC3, 0xE0,
  0x1C, 0x3E, 0x01, 0x83, 0xE0, 0x38, 0x1F, 0x03, 0x81, 0xFF, 0xF0, 0x0F,
  0xFF, 0x00, 0x7F, 0xC0, 0x00, 0x70, 0x00, 0x07, 0x80, 0x00, 0xFC, 0x00,
  0x1F, 0xE0, 0x03, 0x87, 0x00, 0x20, 0x20, 0x00, 0x00, 0x0F, 0xF8, 0x7F,
  0xFF, 0x87, 0xF3, 0xE0, 0x1C, 0x3E, 0x01, 0xC3, 0xE0, 0x1C, 0x3E, 0x01,
  0xC3, 0xE0, 0x1C, 0x3E, 0x01, 0xC3, 0xE0, 0x1C, 0x3E, 0x01, 0xC3, 0xE0,
  0x1C, 0x3E, 0x01, 0xC3, 0xE0, 0x1C, 0x3E, 0x01, 0x83, 0xE0, 0x38, 0x1F,
  0x03, 0x81, 0xFF, 0xF0, 0x0F, 0xFF, 0x00, 0x7F, 0xC0, 0x01, 0x06, 0x00,
  0x3C, 0xF0, 0x07, 0xCF, 0x00, 0x7C, 0xF0, 0x03, 0x86, 0x00, 0x00, 0x00,
  0x00, 0x00, 0x0F, 0xF8, 0x7F, 0xFF, 0x87, 0xF3, 0xE0, 0x1C, 0x3E, 0x01,
  0xC3, 0xE0, 0x1C, 0x3E, 0x01, 0xC3, 0xE0, 0x1C, 0x3E, 0x01, 0xC3, 0xE0,
  0x1C, 0x3E, 0x01, 0xC3, 0xE0, 0x1C, 0x3E, 0x01, 0xC3, 0xE0, 0x1C, 0x3E,
  0x01, 0x83, 0xE0, 0x38, 0x1F, 0x03, 0x81, 0xFF, 0xF0, 0x0F, 0xFF, 0x00,
  0x7F, 0xC0, 0x00, 0x0C, 0x00, 0x01, 0xE0, 0x00, 0x3E, 0x00, 0x07, 0xC0,
  0x00, 0xF0, 0x00, 0x08, 0x00, 0x00, 0x00, 0x0F, 0xF8, 0x7F, 0xFF, 0x87,
  0xF3, 0xE0, 0x1C, 0x1F, 0x03, 0x80, 0xF0, 0x38, 0x0F, 0x87, 0x00, 0x7C,
  0x70, 0x07, 0xCE, 0x00, 0x3F, 0xC0, 0x01, 0xFC, 0x00, 0x1F, 0x80, 0x00,
  0xF8, 0x00, 0x0F, 0x00, 0x00, 0xF0, 0x00, 0x0F, 0x00, 0x00, 0xF0, 0x00,
  0x0F, 0x80, 0x07, 0xFE, 0x00, 0x7F, 0xE0, 0xFF, 0xC0, 0xFF, 0xC0, 0x3E,
  0x00, 0x3E, 0x00, 0x3F, 0xF8, 0x3F, 0xFE, 0x3E, 0x3F, 0x3E, 0x1F, 0x3E,
  0x0F, 0x3E, 0x0F, 0x3E, 0x0F, 0x3E, 0x1F, 0x3F, 0xFE, 0x3F, 0xFC, 0x3F,
  0xE0, 0x3E, 0x00, 0x3E, 0x00, 0xFF, 0xC0, 0xFF, 0xC0, 0x07, 0xFC, 0x01,
  0xFF, 0xE0, 0x78, 0x3C, 0x1F, 0x07, 0x83, 0xC0, 0xF0, 0x78, 0x1C, 0x0F,
  0x03, 0x87, 0xE0, 0xE0, 0xFC, 0x38, 0x07, 0x87, 0x00, 0xF1, 0xE0, 0x1E,
  0x3F, 0x03, 0xC3, 0xF8, 0x78, 0x7F, 0x8F, 0x07, 0xF9, 0xE0, 0x1F, 0x3C,
  0xC1, 0xE7, 0x9C, 0x1C, 0xF3, 0xC7, 0xFE, 0x7F, 0xEF, 0xCD, 0xF8, 0x0C,
  0x00, 0x3C, 0x00, 0x78, 0x00, 0x78, 0x00, 0x38, 0x00, 0x30, 0x00, 0x00,
  0x00, 0x00, 0x3F, 0xC0, 0xF7, 0xC3, 0xC3, 0xC7, 0x87, 0x87, 0x0F, 0x00,
  0x1E, 0x03, 0xFC, 0x1F, 0xF8, 0x78, 0xF1, 0xE1, 0xE3, 0xC3, 0xC7, 0xCF,
  0xCF, 0xF7, 0xEF, 0xCF, 0x80, 0x00, 0xC0, 0x03, 0xC0, 0x0F, 0x80, 0x1E,
  0x00, 0x70, 0x00, 0xC0, 0x00, 0x00, 0x00, 0x00, 0x3F, 0xC0, 0xF7, 0xC3,
  0xC3, 0xC7, 0x87, 0x87, 0x0F, 0x00, 0x1E, 0x03, 0xFC, 0x1F, 0xF8, 0x78,
  0xF1, 0xE1, 0xE3, 0xC3, 0xC7, 0xCF, 0xCF, 0xF7, 0xEF, 0xCF, 0x80, 0x07,
  0x00, 0x0F, 0x00, 0x3F, 0x00, 0xFF, 0x03, 0x8E, 0x06, 0x06, 0x00, 0x00,
  0x00, 0x00, 0x3F, 0xC0, 0xF7, 0xC3, 0xC3, 0xC7, 0x87, 0x87, 0x0F, 0x00,
  0x1E, 0x03, 0xFC, 0x1F, 0xF8, 0x78, 0xF1, 0xE1, 0xE3, 0xC3, 0xC7, 0xCF,
  0xCF, 0xF7, 0xEF, 0xCF, 0x80, 0x1E, 0x20, 0x3F, 0xE0, 0xFF, 0x81, 0x1F,
  0x00, 0x00, 0x00, 0x00, 0x00, 0x00, 0x1F, 0xE0, 0x7B, 0xE1, 0xE1, 0xE3,
  0xC3, 0xC3, 0x87, 0x80, 0x0F, 0x01, 0xFE, 0x0F, 0xFC, 0x3C, 0x78, 0xF0,
  0xF1, 0xE1, 0xE3, 0xE7, 0xE7, 0xFB, 0xF7, 0xE7, 0xC0, 0x38, 0xF0, 0xF9,
  0xE1, 0xF3, 0xC1, 0xE7, 0x80, 0x00, 0x00, 0x00, 0x00, 0x00, 0x1F, 0xE0,
  0x7B, 0xE1, 0xE1, 0xE3, 0xC3, 0xC3, 0x87, 0x80, 0x0F, 0x01, 0xFE, 0x0F,
  0xFC, 0x3C, 0x78, 0xF0, 0xF1, 0xE1, 0xE3, 0xE7, 0xE7, 0xFB, 0xF7, 0xE7,
  0xC0, 0x0F, 0x80, 0x3F, 0x80, 0x73, 0x80, 0xE7, 0x01, 0xFC, 0x01, 0xF0,
  0x00, 0x00, 0x00, 0x00, 0x3F, 0xC0, 0xF7, 0xC3, 0xC3, 0xC7, 0x87, 0x87,
  0x0F, 0x00, 0x1E, 0x03, 0xFC, 0x1F, 0xF8, 0x78, 0xF1, 0xE1, 0xE3, 0xC3,
  0xC7, 0xCF, 0xCF, 0xF7, 0xEF, 0xCF, 0x80, 0x3F, 0xCF, 0xE3, 0xDF, 0xFF,
  0xBC, 0x3E, 0x1F, 0xE1, 0xF0, 0xF7, 0x0F, 0x07, 0x80, 0x7F, 0xFC, 0x3F,
  0xFF, 0xE7, 0xFF, 0xFF, 0x78, 0xF0, 0x07, 0x87, 0xC0, 0x3C, 0x3F, 0x07,
  0xF3, 0xFF, 0xFF, 0xFB, 0xFF, 0x3F, 0x8F, 0xF0, 0x0F, 0xE1, 0xFF, 0x9F,
  0x1E, 0xF0, 0xFF, 0x87, 0xFC, 0x13, 0xE0, 0x1F, 0x00, 0xF8, 0x07, 0xC0,
  0x1F, 0x06, 0xFF, 0xF3, 0xFF, 0x0F, 0xF0, 0x0C, 0x00, 0xF0, 0x07, 0xC0,
  0x07, 0x02, 0x78, 0x1F, 0x80, 0x30, 0x00, 0x0C, 0x00, 0x78, 0x01, 0xE0,
  0x03, 0xC0, 0x03, 0x80, 0x06, 0x00, 0x00, 0x00, 0x00, 0x0F, 0xE0, 0xFF,
  0xC7, 0xC7, 0x9E, 0x1E, 0xF8, 0x7B, 0xFF, 0xEF, 0xFF, 0xBF, 0xFE, 0xF8,
  0x03, 0xE0, 0x07, 0xC1, 0x9F, 0xFF, 0x3F, 0xF8, 0x7F, 0x80, 0x00, 0xC0,
  0x07, 0x80, 0x3E, 0x00, 0xF0, 0x07, 0x00, 0x18, 0x00, 0x00, 0x00, 0x00,
  0x0F, 0xE0, 0xFF, 0xC7, 0xC7, 0x9E, 0x1E, 0xF8, 0x7B, 0xFF, 0xEF, 0xFF,
  0xBF, 0xFE, 0xF8, 0x03, 0xE0, 0x07, 0xC1, 0x9F, 0xFF, 0x3F, 0xF8, 0x7F,
  0x80, 0x07, 0x00, 0x1E, 0x00, 0xFC, 0x07, 0xF8, 0x38, 0xE0, 0xC0, 0xC0,
  0x00, 0x00, 0x00, 0x0F, 0xE0, 0xFF, 0xC7, 0xC7, 0x9E, 0x1E, 0xF8, 0x7B,
  0xFF, 0xEF, 0xFF, 0xBF, 0xFE, 0xF8, 0x03, 0xE0, 0x07, 0xC1, 0x9F, 0xFF,
  0x3F, 0xF8, 0x7F, 0x80, 0x1C, 0x78, 0xF9, 0xE3, 0xE7, 0x87, 0x9E, 0x00,
  0x00, 0x00, 0x00, 0x00, 0x03, 0xF8, 0x3F, 0xF1, 0xF1, 0xE7, 0x87, 0xBE,
  0x1E, 0xFF, 0xFB, 0xFF, 0xEF, 0xFF, 0xBE, 0x00, 0xF8, 0x01, 0xF0, 0x67,
  0xFF, 0xCF, 0xFE, 0x1F, 0xE0, 0x60, 0x78, 0x3C, 0x0F, 0x01, 0xC0, 0x60,
  0x00, 0x00, 0x7E, 0x3F, 0x0F, 0x83, 0xC1, 0xE0, 0xF0, 0x78, 0x3C, 0x1E,
  0x0F, 0x07, 0x83, 0xE7, 0xFB, 0xFC, 0x0C, 0x1E, 0x3E, 0x3C, 0x70, 0x60,
  0x00, 0x00, 0xFC, 0xFC, 0x7C, 0x3C, 0x3C, 0x3C, 0x3C, 0x3C, 0x3C, 0x3C,
  0x3C, 0x3E, 0xFF, 0xFF, 0x1C, 0x07, 0x83, 0xF1, 0xFE, 0xE3, 0xB0, 0x30,
  0x00, 0x00, 0x3F, 0x0F, 0xC1, 0xF0, 0x3C, 0x0F, 0x03, 0xC0, 0xF0, 0x3C,
  0x0F, 0x03, 0xC0, 0xF0, 0x3E, 0x3F, 0xCF, 0xF0, 0x71, 0xFF, 0x3F, 0xE7,
  0xBC, 0xF0, 0x00, 0x00, 0x00, 0x00, 0xFC, 0x1F, 0x81, 0xF0, 0x1E, 0x03,
  0xC0, 0x78, 0x0F, 0x01, 0xE0, 0x3C, 0x07, 0x80, 0xF0, 0x1F, 0x0F, 0xF1,
  0xFE, 0x00, 0x10, 0x00, 0x70, 0xFD, 0xE1, 0xFF, 0x80, 0x3E, 0x00, 0xFE,
  0x03, 0xBE, 0x02, 0x3C, 0x00, 0x7C, 0x04, 0x78, 0x7E, 0xF1, 0xFF, 0xE7,
  0xC7, 0xDF, 0x07, 0xFE, 0x0F, 0x7C, 0x1E, 0xF8, 0x3D, 0xF0, 0x7B, 0xE0,
  0xF7, 0xC1, 0xC7, 0xC7, 0x87, 0xFE, 0x07, 0xF8, 0x00, 0x07, 0x88, 0x03,
  0xFE, 0x03, 0xFE, 0x01, 0x1F, 0x00, 0x00, 0x00, 0x00, 0x00, 0x00, 0x01,
  0xF9, 0xF8, 0xFD, 0xFE, 0x3F, 0xFF, 0x0F, 0x87, 0x87, 0xC3, 0xE3, 0xC1,
  0xF1, 0xE0, 0xF8, 0xF0, 0x7C, 0x78, 0x3E, 0x3C, 0x1F, 0x1E, 0x0F, 0x8F,
  0x07, 0xDF, 0xE7, 0xFF, 0xF3, 0xF8, 0x06, 0x00, 0x1E, 0x00, 0x3C, 0x00,
  0x3C, 0x00, 0x1C, 0x00, 0x18, 0x00, 0x00, 0x00, 0x00, 0x0F, 0xF0, 0x7F,
  0xF1, 0xF1, 0xF3, 0xC1, 0xFF, 0x83, 0xFF, 0x07, 0xFE, 0x0F, 0xFC, 0x1F,
  0xF8, 0x3F, 0xF0, 0x7D, 0xE0, 0xF3, 0xE3, 0xE3, 0xFF, 0x83, 0xFE, 0x00,
  0x00, 0x60, 0x01, 0xE0, 0x07, 0xC0, 0x0F, 0x00, 0x38, 0x00, 0x60, 0x00,
  0x00, 0x00, 0x00, 0x0F, 0xF0, 0x7F, 0xF1, 0xF1, 0xF3, 0xC1, 0xFF, 0x83,
  0xFF, 0x07, 0xFE, 0x0F, 0xFC, 0x1F, 0xF8, 0x3F, 0xF0, 0x7D, 0xE0, 0xF3,
  0xE3, 0xE3, 0xFF, 0x83, 0xFE, 0x00, 0x03, 0x80, 0x07, 0x80, 0x1F, 0x80,
  0x7F, 0x81, 0xC7, 0x03, 0x03, 0x00, 0x00, 0x00, 0x00, 0x0F, 0xF0, 0x7F,
  0xF1, 0xF1, 0xF3, 0xC1, 0xFF, 0x83, 0xFF, 0x07, 0xFE, 0x0F, 0xFC, 0x1F,
  0xF8, 0x3F, 0xF0, 0x7D, 0xE0, 0xF3, 0xE3, 0xE3, 0xFF, 0x83, 0xFE, 0x00,
  0x0F, 0x10, 0x1F, 0xF0, 0x7F, 0xC0, 0x8F, 0x80, 0x00, 0x00, 0x00, 0x00,
  0x00, 0x07, 0xF8, 0x3F, 0xF8, 0xF8, 0xF9, 0xE0, 0xFF, 0xC1, 0xFF, 0x83,
  0xFF, 0x07, 0xFE, 0x0F, 0xFC, 0x1F, 0xF8, 0x3E, 0xF0, 0x79, 0xF1, 0xF1,
  0xFF, 0xC1, 0xFF, 0x00, 0x1C, 0x78, 0x7C, 0xF0, 0xF9, 0xE0, 0xF3, 0xC0,
  0x00, 0x00, 0x00, 0x00, 0x00, 0x07, 0xF8, 0x3F, 0xF8, 0xF8, 0xF9, 0xE0,
  0xFF, 0xC1, 0xFF, 0x83, 0xFF, 0x07, 0xFE, 0x0F, 0xFC, 0x1F, 0xF8, 0x3E,
  0xF0, 0x79, 0xF1, 0xF1, 0xFF, 0xC1, 0xFF, 0x00, 0x0F, 0x00, 0xF0, 0x0F,
  0x00, 0x60, 0x00, 0x0F, 0xFF, 0xFF, 0xFF, 0xFF, 0x00, 0x00, 0x40, 0x0F,
  0x00, 0xF0, 0x0F, 0x00, 0x60, 0x00, 0x0E, 0x1F, 0xF8, 0xFF, 0xE3, 0xE3,
  0xE7, 0x87, 0xFF, 0x1F, 0xFE, 0x7F, 0xFD, 0xDF, 0xFB, 0x3F, 0xFC, 0x7F,
  0xF8, 0xFB, 0xE1, 0xE7, 0xC7, 0xCF, 0xFF, 0x3B, 0xFC, 0x60, 0x00, 0x06,
  0x00, 0x07, 0x80, 0x03, 0xC0, 0x00, 0xF0, 0x00, 0x1C, 0x00, 0x06, 0x00,
  0x00, 0x00, 0x00, 0x00, 0xFC, 0x7E, 0x7E, 0x3F, 0x1F, 0x0F, 0x8F, 0x87,
  0xC3, 0xC1, 0xE1, 0xE0, 0xF0, 0xF0, 0x78, 0x78, 0x3C, 0x3C, 0x3E, 0x1E,
  0x1F, 0x0F, 0x0F, 0x87, 0xFF, 0xC3, 0xFD, 0xF8, 0xFC, 0xFC, 0x00, 0x60,
  0x00, 0x78, 0x00, 0x7C, 0x00, 0x3C, 0x00, 0x38, 0x00, 0x18, 0x00, 0x00,
  0x00, 0x00, 0x00, 0xFC, 0x7E, 0x7E, 0x3F, 0x1F, 0x0F, 0x8F, 0x87, 0xC3,
  0xC1, 0xE1, 0xE0, 0xF0, 0xF0, 0x78, 0x78, 0x3C, 0x3C, 0x3E, 0x1E, 0x1F,
  0x0F, 0x0F, 0x87, 0xFF, 0xC3, 0xFD, 0xF8, 0xFC, 0xFC, 0x03, 0x80, 0x01,
  0xE0, 0x01, 0xF8, 0x01, 0xFE, 0x01, 0xC7, 0x00, 0xC0, 0xC0, 0x00, 0x00,
  0x00, 0x00, 0xFC, 0x7E, 0x7E, 0x3F, 0x1F, 0x0F, 0x8F, 0x87, 0xC3, 0xC1,
  0xE1, 0xE0, 0xF0, 0xF0, 0x78, 0x78, 0x3C, 0x3C, 0x3E, 0x1E, 0x1F, 0x0F,
  0x0F, 0x87, 0xFF, 0xC3, 0xFD, 0xF8, 0xFC, 0xFC, 0x1C, 0x78, 0x1F, 0x3C,
  0x0F, 0x9E, 0x03, 0xCF, 0x00, 0x00, 0x00, 0x00, 0x00, 0x00, 0x01, 0xF8,
  0xFC, 0xFC, 0x7E, 0x3E, 0x1F, 0x1F, 0x0F, 0x87, 0x83, 0xC3, 0xC1, 0xE1,
  0xE0, 0xF0, 0xF0, 0x78, 0x78, 0x7C, 0x3C, 0x3E, 0x1E, 0x1F, 0x0F, 0xFF,
  0x87, 0xFB, 0xF1, 0xF9, 0xF8, 0x00, 0x30, 0x00, 0x3C, 0x00, 0x3E, 0x00,
  0x1E, 0x00, 0x1C, 0x00, 0x0C, 0x00, 0x00, 0x00, 0x00, 0x00, 0x7F, 0x1F,
  0xFF, 0x9F, 0xCF, 0x83, 0x87, 0xC1, 0xC1, 0xE0, 0xC0, 0xF8, 0xE0, 0x3C,
  0x60, 0x1F, 0x70, 0x07, 0xB0, 0x03, 0xD8, 0x00, 0xFC, 0x00, 0x7C, 0x00,
  0x3E, 0x00, 0x0E, 0x00, 0x07, 0x00, 0x43, 0x00, 0x73, 0x80, 0x79, 0x80,
  0x3F, 0xC0, 0x0F, 0xC0, 0x00, 0xFE, 0x00, 0x7F, 0x00, 0x1F, 0x80, 0x07,
  0xC0, 0x03, 0xE0, 0x01, 0xF0, 0x00, 0xF8, 0x00, 0x7D, 0xF8, 0x3F, 0xFE,
  0x1F, 0xDF, 0x8F, 0x87, 0xC7, 0xC1, 0xF3, 0xE0, 0xF9, 0xF0, 0x7C, 0xF8,
  0x3E, 0x7C, 0x1F, 0x3E, 0x0F, 0x1F, 0x0F, 0x8F, 0xCF, 0xC7, 0xFF, 0xC3,
  0xFF, 0xC1, 0xF0, 0x00, 0xF8, 0x00, 0x7C, 0x00, 0x3E, 0x00, 0x7F, 0xC0,
  0x3F, 0xE0, 0x00, 0x0E, 0x3C, 0x0F, 0x9E, 0x07, 0xCF, 0x01, 0xE7, 0x80,
  0x00, 0x00, 0x00, 0x00, 0x00, 0x00, 0xFE, 0x3F, 0xFF, 0x3F, 0x9F, 0x07,
  0x0F, 0x83, 0x83, 0xC1, 0x81, 0xF1, 0xC0, 0x78, 0xC0, 0x3E, 0xE0, 0x0F,
  0x60, 0x07, 0xB0, 0x01, 0xF8, 0x00, 0xF8, 0x00, 0x7C, 0x00, 0x1C, 0x00,
  0x0E, 0x00, 0x86, 0x00, 0xE7, 0x00, 0xF3, 0x00, 0x7F, 0x80, 0x1F, 0x80,
  0x00 };

const GFXglyph Literata_Bold14pt8bGlyphs[] PROGMEM = {
  {     0,   1,   1,   5,    0,    0 },   // 0x20 ' '
  {     1,   5,  20,   9,    2,  -19 },   // 0x21 '!'
  {    14,   8,   8,  12,    2,  -21 },   // 0x22 '"'
  {    22,  17,  15,  19,    1,  -14 },   // 0x23 '#'
  {    54,  15,  24,  16,    1,  -21 },   // 0x24 '$'
  {    99,  23,  17,  25,    1,  -15 },   // 0x25 '%'
  {   148,  21,  20,  23,    1,  -19 },   // 0x26 '&'
  {   201,   3,   8,   7,    2,  -21 },   // 0x27 '''
  {   204,   8,  29,  10,    1,  -22 },   // 0x28 '('
  {   233,   7,  29,  10,    1,  -22 },   // 0x29 ')'
  {   259,  10,  11,  12,    1,  -21 },   // 0x2A '*'
  {   273,  12,  12,  16,    2,  -13 },   // 0x2B '+'
  {   291,   5,   9,   9,    2,   -3 },   // 0x2C ','
  {   297,   7,   3,   9,    1,   -9 },   // 0x2D '-'
  {   300,   5,   4,   9,    2,   -3 },   // 0x2E '.'
  {   303,  13,  25,  13,    0,  -21 },   // 0x2F '/'
  {   344,  15,  20,  17,    1,  -19 },   // 0x30 '0'
  {   382,  10,  20,  11,    1,  -19 },   // 0x31 '1'
  {   407,  14,  20,  15,    0,  -19 },   // 0x32 '2'
  {   442,  14,  20,  15,    0,  -19 },   // 0x33 '3'
  {   477,  16,  20,  17,    0,  -19 },   // 0x34 '4'
  {   517,  14,  19,  15,    0,  -18 },   // 0x35 '5'
  {   551,  14,  20,  16,    1,  -19 },   // 0x36 '6'
  {   586,  14,  19,  15,    1,  -18 },   // 0x37 '7'
  {   620,  14,  20,  16,    1,  -19 },   // 0x38 '8'
  {   655,  14,  20,  16,    1,  -19 },   // 0x39 '9'
  {   690,   5,  14,   9,    2,  -13 },   // 0x3A ':'
  {   699,   5,  19,   9,    2,  -13 },   // 0x3B ';'
  {   711,  11,  14,  16,    2,  -14 },   // 0x3C '<'
  {   731,  12,   8,  16,    2,  -11 },   // 0x3D '='
  {   743,  11,  14,  16,    3,  -14 },   // 0x3E '>'
  {   763,  13,  20,  15,    1,  -19 },   // 0x3F '?'
  {   796,  22,  22,  26,    2,  -15 },   // 0x40 '@'
  {   857,  21,  19,  21,    0,  -18 },   // 0x41 'A'
  {   907,  17,  19,  19,    1,  -18 },   // 0x42 'B'
  {   948,  17,  20,  19,    1,  -19 },   // 0x43 'C'
  {   991,  19,  19,  21,    1,  -18 },   // 0x44 'D'
  {  1037,  16,  19,  18,    1,  -18 },   // 0x45 'E'
  {  1075,  16,  19,  18,    1,  -18 },   // 0x46 'F'
  {  1113,  19,  20,  21,    1,  -19 },   // 0x47 'G'
  {  1161,  21,  19,  23,    1,  -18 },   // 0x48 'H'
  {  1211,   9,  19,  11,    1,  -18 },   // 0x49 'I'
  {  1233,  14,  19,  16,    1,  -18 },   // 0x4A 'J'
  {  1267,  20,  19,  22,    1,  -18 },   // 0x4B 'K'
  {  1315,  16,  19,  18,    1,  -18 },   // 0x4C 'L'
  {  1353,  25,  19,  27,    1,  -18 },   // 0x4D 'M'
  {  1413,  21,  19,  23,    1,  -18 },   // 0x4E 'N'
  {  1463,  19,  20,  21,    1,  -19 },   // 0x4F 'O'
  {  1511,  16,  19,  18,    1,  -18 },   // 0x50 'P'
  {  1549,  24,  25,  22,    1,  -19 },   // 0x51 'Q'
  {  1624,  19,  19,  20,    1,  -18 },   // 0x52 'R'
  {  1670,  15,  20,  17,    1,  -19 },   // 0x53 'S'
  {  1708,  19,  19,  20,    1,  -18 },   // 0x54 'T'
  {  1754,  20,  19,  22,    1,  -18 },   // 0x55 'U'
  {  1802,  21,  19,  21,    0,  -18 },   // 0x56 'V'
  {  1852,  30,  19,  30,    0,  -18 },   // 0x57 'W'
  {  1924,  20,  19,  21,    0,  -18 },   // 0x58 'X'
  {  1972,  20,  19,  20,    0,  -18 },   // 0x59 'Y'
  {  2020,  17,  19,  19,    1,  -18 },   // 0x5A 'Z'
  {  2061,   7,  28,  10,    2,  -21 },   // 0x5B '['
  {  2086,  13,  25,  14,    0,  -21 },   // 0x5C '\'
  {  2127,   6,  28,  10,    1,  -21 },   // 0x5D ']'
  {  2148,  14,  11,  16,    1,  -19 },   // 0x5E '^'
  {  2168,  13,   2,  13,    0,    2 },   // 0x5F '_'
  {  2172,   6,   6,  14,    3,  -21 },   // 0x60 '`'
  {  2177,  15,  14,  16,    1,  -13 },   // 0x61 'a'
  {  2204,  17,  21,  18,    0,  -20 },   // 0x62 'b'
  {  2249,  13,  14,  15,    1,  -13 },   // 0x63 'c'
  {  2272,  16,  21,  18,    1,  -20 },   // 0x64 'd'
  {  2314,  14,  14,  16,    1,  -13 },   // 0x65 'e'
  {  2339,  13,  21,  12,    1,  -20 },   // 0x66 'f'
  {  2374,  17,  23,  17,    0,  -16 },   // 0x67 'g'
  {  2423,  17,  21,  19,    1,  -20 },   // 0x68 'h'
  {  2468,   8,  21,  10,    1,  -20 },   // 0x69 'i'
  {  2489,   6,  27,   9,    1,  -20 },   // 0x6A 'j'
  {  2510,  17,  21,  18,    1,  -20 },   // 0x6B 'k'
  {  2555,   8,  21,  10,    1,  -20 },   // 0x6C 'l'
  {  2576,  26,  14,  27,    1,  -13 },   // 0x6D 'm'
  {  2622,  17,  14,  19,    1,  -13 },   // 0x6E 'n'
  {  2652,  15,  14,  17,    1,  -13 },   // 0x6F 'o'
  {  2679,  16,  20,  18,    1,  -13 },   // 0x70 'p'
  {  2719,  16,  20,  18,    1,  -13 },   // 0x71 'q'
  {  2759,  14,  14,  15,    1,  -13 },   // 0x72 'r'
  {  2784,  12,  14,  14,    1,  -13 },   // 0x73 's'
  {  2805,  11,  19,  12,    1,  -18 },   // 0x74 't'
  {  2832,  17,  14,  19,    1,  -13 },   // 0x75 'u'
  {  2862,  17,  14,  17,    0,  -13 },   // 0x76 'v'
  {  2892,  25,  14,  25,    0,  -13 },   // 0x77 'w'
  {  2936,  16,  14,  17,    0,  -13 },   // 0x78 'x'
  {  2964,  17,  20,  17,    0,  -13 },   // 0x79 'y'
  {  3007,  13,  14,  15,    1,  -13 },   // 0x7A 'z'
  {  3030,   8,  29,  10,    1,  -22 },   // 0x7B '{'
  {  3059,   4,  25,  12,    4,  -21 },   // 0x7C '|'
  {  3072,   8,  29,  10,    1,  -22 },   // 0x7D '}'
  {  3101,  12,   4,  16,    2,   -9 },   // 0x7E '~'
  {  3107,  11,  19,  14,    1,  -18 },   // 0x7F
  {  3134,  11,  19,  14,    1,  -18 },   // 0x80
  {  3161,  11,  19,  14,    1,  -18 },   // 0x81
  {  3188,  11,  19,  14,    1,  -18 },   // 0x82
  {  3215,  11,  19,  14,    1,  -18 },   // 0x83
  {  3242,  11,  19,  14,    1,  -18 },   // 0x84
  {  3269,  11,  19,  14,    1,  -18 },   // 0x85
  {  3296,  11,  19,  14,    1,  -18 },   // 0x86
  {  3323,  11,  19,  14,    1,  -18 },   // 0x87
  {  3350,  11,  19,  14,    1,  -18 },   // 0x88
  {  3377,  11,  19,  14,    1,  -18 },   // 0x89
  {  3404,  11,  19,  14,    1,  -18 },   // 0x8A
  {  3431,  11,  19,  14,    1,  -18 },   // 0x8B
  {  3458,  11,  19,  14,    1,  -18 },   // 0x8C
  {  3485,  11,  19,  14,    1,  -18 },   // 0x8D
  {  3512,  11,  19,  14,    1,  -18 },   // 0x8E
  {  3539,  11,  19,  14,    1,  -18 },   // 0x8F
  {  3566,  11,  19,  14,    1,  -18 },   // 0x90
  {  3593,  11,  19,  14,    1,  -18 },   // 0x91
  {  3620,  11,  19,  14,    1,  -18 },   // 0x92
  {  3647,  11,  19,  14,    1,  -18 },   // 0x93
  {  3674,  11,  19,  14,    1,  -18 },   // 0x94
  {  3701,  11,  19,  14,    1,  -18 },   // 0x95
  {  3728,  11,  19,  14,    1,  -18 },   // 0x96
  {  3755,  11,  19,  14,    1,  -18 },   // 0x97
  {  3782,  11,  19,  14,    1,  -18 },   // 0x98
  {  3809,  11,  19,  14,    1,  -18 },   // 0x99
  {  3836,  11,  19,  14,    1,  -18 },   // 0x9A
  {  3863,  11,  19,  14,    1,  -18 },   // 0x9B
  {  3890,  11,  19,  14,    1,  -18 },   // 0x9C
  {  3917,  11,  19,  14,    1,  -18 },   // 0x9D
  {  3944,  11,  19,  14,    1,  -18 },   // 0x9E
  {  3971,  11,  19,  14,    1,  -18 },   // 0x9F
  {  3998,   1,   1,   5,    0,    0 },   // 0xA0
  {  3999,   5,  20,   9,    2,  -13 },   // 0xA1
  {  4012,  13,  19,  15,    1,  -17 },   // 0xA2
  {  4043,  16,  20,  17,    0,  -19 },   // 0xA3
  {  4083,  13,  13,  15,    1,  -14 },   // 0xA4
  {  4105,  19,  19,  20,    1,  -18 },   // 0xA5
  {  4151,   4,  25,  12,    4,  -21 },   // 0xA6
  {  4164,  15,  25,  17,    1,  -19 },   // 0xA7
  {  4211,  11,   4,  14,    1,  -20 },   // 0xA8
  {  4217,  19,  18,  23,    2,  -17 },   // 0xA9
  {  4260,  11,  10,  12,    1,  -19 },   // 0xAA
  {  4274,  13,  12,  15,    1,  -12 },   // 0xAB
  {  4294,  12,   7,  16,    2,  -10 },   // 0xAC
  {  4305,   1,   1,   0,    0,    0 },   // 0xAD
  {  4306,  11,  10,  13,    1,  -20 },   // 0xAE
  {  4320,   9,   3,  14,    2,  -19 },   // 0xAF
  {  4324,   8,   7,  10,    1,  -21 },   // 0xB0
  {  4331,  12,  15,  16,    2,  -14 },   // 0xB1
  {  4354,  11,  13,  11,    0,  -22 },   // 0xB2
  {  4372,  10,  13,  12,    1,  -22 },   // 0xB3
  {  4389,   6,   6,  14,    5,  -21 },   // 0xB4
  {  4394,  16,  20,  18,    2,  -13 },   // 0xB5
  {  4434,  15,  23,  17,    1,  -18 },   // 0xB6
  {  4478,   5,   4,   9,    2,   -9 },   // 0xB7
  {  4481,   6,   7,  14,    4,    1 },   // 0xB8
  {  4487,   8,  13,   9,    1,  -22 },   // 0xB9
  {  4500,  11,  10,  13,    1,  -19 },   // 0xBA
  {  4514,  13,  12,  15,    1,  -12 },   // 0xBB
  {  4534,  26,  20,  28,    1,  -19 },   // 0xBC
  {  4599,  28,  20,  29,    1,  -19 },   // 0xBD
  {  4669,  27,  20,  29,    1,  -19 },   // 0xBE
  {  4737,  12,  20,  15,    2,  -13 },   // 0xBF
  {  4767,  21,  26,  21,    0,  -25 },   // 0xC0
  {  4836,  21,  26,  21,    0,  -25 },   // 0xC1
  {  4905,  21,  26,  21,    0,  -25 },   // 0xC2
  {  4974,  21,  25,  21,    0,  -24 },   // 0xC3
  {  5040,  21,  26,  21,    0,  -25 },   // 0xC4
  {  5109,  21,  27,  21,    0,  -26 },   // 0xC5
  {  5180,  27,  19,  28,    0,  -18 },   // 0xC6
  {  5245,  17,  27,  19,    1,  -19 },   // 0xC7
  {  5303,  16,  26,  18,    1,  -25 },   // 0xC8
  {  5355,  16,  26,  18,    1,  -25 },   // 0xC9
  {  5407,  16,  26,  18,    1,  -25 },   // 0xCA
  {  5459,  16,  26,  18,    1,  -25 },   // 0xCB
  {  5511,   9,  26,  11,    1,  -25 },   // 0xCC
  {  5541,   9,  26,  11,    1,  -25 },   // 0xCD
  {  5571,  10,  26,  11,    1,  -25 },   // 0xCE
  {  5604,  11,  26,  11,    0,  -25 },   // 0xCF
  {  5640,  20,  19,  21,    0,  -18 },   // 0xD0
  {  5688,  21,  25,  23,    1,  -24 },   // 0xD1
  {  5754,  19,  26,  21,    1,  -25 },   // 0xD2
  {  5816,  19,  26,  21,    1,  -25 },   // 0xD3
  {  5878,  19,  26,  21,    1,  -25 },   // 0xD4
  {  5940,  19,  25,  21,    1,  -24 },   // 0xD5
  {  6000,  19,  26,  21,    1,  -25 },   // 0xD6
  {  6062,  10,  11,  16,    3,  -13 },   // 0xD7
  {  6076,  20,  20,  21,    1,  -19 },   // 0xD8
  {  6126,  20,  26,  22,    1,  -25 },   // 0xD9
  {  6191,  20,  26,  22,    1,  -25 },   // 0xDA
  {  6256,  20,  26,  22,    1,  -25 },   // 0xDB
  {  6321,  20,  26,  22,    1,  -25 },   // 0xDC
  {  6386,  20,  26,  20,    0,  -25 },   // 0xDD
  {  6451,  16,  19,  18,    1,  -18 },   // 0xDE
  {  6489,  19,  21,  21,    1,  -20 },   // 0xDF
  {  6539,  15,  22,  16,    1,  -21 },   // 0xE0
  {  6581,  15,  22,  16,    1,  -21 },   // 0xE1
  {  6623,  15,  22,  16,    1,  -21 },   // 0xE2
  {  6665,  15,  21,  16,    1,  -20 },   // 0xE3
  {  6705,  15,  21,  16,    1,  -20 },   // 0xE4
  {  6745,  15,  22,  16,    1,  -21 },   // 0xE5
  {  6787,  21,  14,  23,    1,  -13 },   // 0xE6
  {  6824,  13,  21,  15,    1,  -13 },   // 0xE7
  {  6859,  14,  22,  16,    1,  -21 },   // 0xE8
  {  6898,  14,  22,  16,    1,  -21 },   // 0xE9
  {  6937,  14,  22,  16,    1,  -21 },   // 0xEA
  {  6976,  14,  21,  16,    1,  -20 },   // 0xEB
  {  7013,   9,  22,  10,    0,  -21 },   // 0xEC
  {  7038,   8,  22,  10,    1,  -21 },   // 0xED
  {  7060,  10,  22,  10,   -1,  -21 },   // 0xEE
  {  7088,  11,  21,  10,   -2,  -20 },   // 0xEF
  {  7117,  15,  23,  16,    1,  -22 },   // 0xF0
  {  7161,  17,  21,  19,    1,  -20 },   // 0xF1
  {  7206,  15,  22,  17,    1,  -21 },   // 0xF2
  {  7248,  15,  22,  17,    1,  -21 },   // 0xF3
  {  7290,  15,  22,  17,    1,  -21 },   // 0xF4
  {  7332,  15,  21,  17,    1,  -20 },   // 0xF5
  {  7372,  15,  21,  17,    1,  -20 },   // 0xF6
  {  7412,  12,  14,  16,    2,  -14 },   // 0xF7
  {  7433,  15,  16,  17,    1,  -14 },   // 0xF8
  {  7463,  17,  22,  19,    1,  -21 },   // 0xF9
  {  7510,  17,  22,  19,    1,  -21 },   // 0xFA
  {  7557,  17,  22,  19,    1,  -21 },   // 0xFB
  {  7604,  17,  21,  19,    1,  -20 },   // 0xFC
  {  7649,  17,  28,  17,    0,  -21 },   // 0xFD
  {  7709,  17,  27,  18,    0,  -20 },   // 0xFE
  {  7767,  17,  27,  17,    0,  -20 } }; // 0xFF

const GFXfont Literata_Bold14pt8b PROGMEM = {
  (uint8_t  *)Literata_Bold14pt8bBitmaps,
  (GFXglyph *)Literata_Bold14pt8bGlyphs,
  0x20, 0xFF, 41 };

// Approx. 9400 bytes

const uint8_t Literata_Bold16pt8bBitmaps[] PROGMEM = {
  0x00, 0x7F, 0xFF, 0xFF, 0x7D, 0xF7, 0xDE, 0x78, 0xE3, 0x8E, 0x38, 0xE3,
  0x80, 0x00, 0x47, 0xFF, 0x7D, 0xF0, 0x63, 0xBC, 0xFF, 0x3F, 0xCE, 0xF3,
  0x98, 0xE6, 0x39, 0x86, 0x61, 0x00, 0x03, 0x87, 0x00, 0x38, 0x70, 0x03,
  0x87, 0x00, 0x78, 0x70, 0x7F, 0xFF, 0xF7, 0xFF, 0xFF, 0x7F, 0xFF, 0xF0,
  0x70, 0xE0, 0x07, 0x0E, 0x00, 0x70, 0xE0, 0x0E, 0x0E, 0x0F, 0xFF, 0xFE,
  0xFF, 0xFF, 0xEF, 0xFF, 0xFE, 0x0E, 0x1C, 0x00, 0xE1, 0xC0, 0x1E, 0x1C,
  0x01, 0xC3, 0xC0, 0x01, 0xC0, 0x00, 0xE0, 0x00, 0x70, 0x01, 0xFE, 0xE1,
  0xFF, 0xF1, 0xFF, 0xF9, 0xF7, 0x3C, 0xF3, 0x8E, 0x79, 0xC7, 0x3E, 0xE1,
  0x9F, 0xF0, 0x0F, 0xF8, 0x07, 0xFF, 0x01, 0xFF, 0xE0, 0x7F, 0xF8, 0x0F,
  0xFE, 0x01, 0xFF, 0x80, 0xFF, 0xF8, 0x73, 0xFC, 0x39, 0xFF, 0x1C, 0xFF,
  0xCE, 0xF9, 0xFF, 0xFC, 0xFF, 0xFC, 0x67, 0xF8, 0x00, 0xE0, 0x00, 0x70,
  0x00, 0x38, 0x00, 0x0E, 0x00, 0x78, 0x07, 0xF8, 0x1E, 0x01, 0xEF, 0x83,
  0xC0, 0x78, 0xF0, 0xF0, 0x0F, 0x1E, 0x3E, 0x01, 0xE3, 0xC7, 0x80, 0x3C,
  0x79, 0xE0, 0x07, 0x8F, 0x3C, 0x00, 0x7F, 0xCF, 0x00, 0x07, 0xF3, 0xE0,
  0x00, 0x00, 0x79, 0xFE, 0x00, 0x1E, 0x7F, 0xE0, 0x03, 0xCF, 0x3C, 0x00,
  0xF3, 0xC7, 0x80, 0x3E, 0x78, 0xF8, 0x07, 0x8F, 0x1E, 0x01, 0xE0, 0xF3,
  0xC0, 0x3C, 0x1F, 0xF8, 0x0F, 0x01, 0xFE, 0x02, 0x00, 0x0E, 0x00, 0x07,
  0xF8, 0x00, 0x0F, 0xFC, 0x00, 0x1E, 0x1C, 0x00, 0x1E, 0x0E, 0x00, 0x1E,
  0x0E, 0x00, 0x1E, 0x1E, 0x00, 0x1F, 0x1C, 0x0C, 0x1F, 0xBC, 0x3F, 0x0F,
  0xF8, 0x7F, 0x0F, 0xE0, 0xEF, 0x07, 0xF0, 0xCF, 0x1F, 0xF9, 0xC6, 0x3D,
  0xFD, 0x80, 0x78, 0xFD, 0x80, 0xF8, 0x7F, 0x80, 0xF8, 0x3F, 0x00, 0xF8,
  0x1F, 0x80, 0xF8, 0x0F, 0xE1, 0x7C, 0x0F, 0xFF, 0x7F, 0x3F, 0xFF, 0x3F,
  0xF9, 0xFE, 0x1F, 0xF0, 0x7C, 0x6F, 0xFF, 0xF6, 0x66, 0x60, 0x01, 0x01,
  0xC1, 0xE1, 0xE0, 0xF0, 0xF0, 0x78, 0x7C, 0x3C, 0x3E, 0x1F, 0x0F, 0x87,
  0xC7, 0xE3, 0xF1, 0xF0, 0xF8, 0x7E, 0x1F, 0x0F, 0x87, 0xC3, 0xE1, 0xF0,
  0x78, 0x3E, 0x1F, 0x07, 0x83, 0xE0, 0xF0, 0x38, 0x1E, 0x07, 0x01, 0x00,
  0x40, 0x70, 0x3C, 0x0E, 0x07, 0x81, 0xE0, 0xF0, 0x7C, 0x3E, 0x0F, 0x87,
  0xC3, 0xE1, 0xF0, 0xF8, 0x7C, 0x3F, 0x1F, 0x8F, 0x87, 0xC3, 0xE1, 0xF0,
  0xF8, 0x7C, 0x3C, 0x3E, 0x1E, 0x0F, 0x0F, 0x07, 0x83, 0x83, 0x81, 0xC0,
  0x40, 0x00, 0x06, 0x00, 0xF0, 0x66, 0x2F, 0x6F, 0xFF, 0xF3, 0xFC, 0x0F,
  0x07, 0xFE, 0xF7, 0xF6, 0x67, 0x06, 0x20, 0xE0, 0x06, 0x00, 0x07, 0x80,
  0x1E, 0x00, 0x78, 0x01, 0xE0, 0x07, 0x83, 0xFF, 0xFF, 0xFF, 0xFF, 0xFF,
  0x07, 0x80, 0x1E, 0x00, 0x78, 0x01, 0xE0, 0x07, 0x80, 0x7B, 0xFF, 0xFF,
  0x7C, 0x73, 0x8E, 0xF1, 0x80, 0xFF, 0xFF, 0xFF, 0xFF, 0x7B, 0xFF, 0xFF,
  0x7C, 0x00, 0x1E, 0x00, 0x78, 0x00, 0xF0, 0x03, 0xC0, 0x07, 0x80, 0x0E,
  0x00, 0x3C, 0x00, 0x78, 0x00, 0xE0, 0x03, 0xC0, 0x07, 0x80, 0x1E, 0x00,
  0x3C, 0x00, 0x78, 0x01, 0xE0, 0x03, 0xC0, 0x07, 0x00, 0x1E, 0x00, 0x3C,
  0x00, 0x70, 0x01, 0xE0, 0x03, 0xC0, 0x0F, 0x00, 0x1E, 0x00, 0x38, 0x00,
  0xF0, 0x01, 0xE0, 0x07, 0x80, 0x00, 0x07, 0xF8, 0x0F, 0xFE, 0x0F, 0xDF,
  0x87, 0x83, 0xE7, 0xC1, 0xF3, 0xE0, 0x7F, 0xF0, 0x3F, 0xF0, 0x1F, 0xF8,
  0x0F, 0xFC, 0x07, 0xFE, 0x03, 0xFF, 0x01, 0xFF, 0x80, 0xFF, 0xC0, 0x7F,
  0xE0, 0x3F, 0xF8, 0x1F, 0x7C, 0x0F, 0x3E, 0x0F, 0x8F, 0x87, 0xC7, 0xEF,
  0xC1, 0xFF, 0xC0, 0x7F, 0xC0, 0x3F, 0x1F, 0xE3, 0xFC, 0x1F, 0x81, 0xF0,
  0x3E, 0x07, 0xC0, 0xF8, 0x1F, 0x03, 0xE0, 0x7C, 0x0F, 0x81, 0xF0, 0x3E,
  0x07, 0xC0, 0xF8, 0x1F, 0x03, 0xE0, 0x7C, 0x3F, 0xEF, 0xFF, 0xFF, 0xC0,
  0x1F, 0xE0, 0xFF, 0xF3, 0xE7, 0xF7, 0x83, 0xEF, 0x87, 0xDF, 0x0F, 0xFC,
  0x1F, 0x00, 0x3E, 0x00, 0x7C, 0x01, 0xF0, 0x07, 0xE0, 0x0F, 0x80, 0x3E,
  0x00, 0xF8, 0x03, 0xE0, 0x0F, 0x87, 0x3E, 0x0E, 0xF8, 0x3D, 0xE0, 0xFF,
  0xFF, 0xFF, 0xFF, 0xDF, 0xFF, 0x80, 0x1F, 0xF0, 0x7F, 0xF1, 0xE3, 0xF7,
  0xC3, 0xEF, 0x83, 0xFF, 0x07, 0xDC, 0x0F, 0x00, 0x3E, 0x00, 0xF8, 0x07,
  0xE0, 0x1F, 0x80, 0x7F, 0xC0, 0x1F, 0xC0, 0x0F, 0xC0, 0x0F, 0x80, 0x1F,
  0x00, 0x3E, 0xC0, 0xFF, 0xE3, 0xFF, 0xFF, 0xE7, 0xFF, 0x83, 0xFE, 0x00,
  0x00, 0x3E, 0x00, 0x1F, 0x80, 0x07, 0xE0, 0x03, 0xF8, 0x01, 0xFE, 0x00,
  0xFF, 0x80, 0x3B, 0xE0, 0x1C, 0xF8, 0x0E, 0x3E, 0x03, 0x8F, 0x81, 0xC3,
  0xE0, 0xE0, 0xF8, 0x38, 0x3E, 0x1C, 0x0F, 0x8F, 0xFF, 0xFF, 0xFF, 0xFF,
  0x7F, 0xFF, 0xC0, 0x0F, 0x80, 0x03, 0xE0, 0x01, 0xFC, 0x01, 0xFF, 0xC0,
  0x7F, 0xF0, 0x1F, 0xFE, 0x1F, 0xFE, 0x1F, 0xFE, 0x3F, 0xFC, 0x3C, 0x00,
  0x3C, 0x00, 0x38, 0x00, 0x38, 0x00, 0x3B, 0xF8, 0x3F, 0xFC, 0x3F, 0xFE,
  0x18, 0x7F, 0x00, 0x3F, 0x00, 0x1F, 0x00, 0x1F, 0x00, 0x1F, 0x00, 0x1F,
  0x60, 0x3F, 0xFC, 0x7E, 0x7F, 0xFE, 0x3F, 0xFC, 0x1F, 0xF0, 0x03, 0xFC,
  0x0F, 0xFF, 0x1F, 0x8F, 0x3E, 0x0F, 0x3E, 0x1F, 0x7C, 0x0F, 0x7C, 0x00,
  0x7C, 0x00, 0xF9, 0xF8, 0xFB, 0xFE, 0xFF, 0xFE, 0xFC, 0x3F, 0xFC, 0x1F,
  0xF8, 0x1F, 0xF8, 0x1F, 0xF8, 0x1F, 0xF8, 0x1F, 0x7C, 0x1F, 0x7C, 0x1E,
  0x3E, 0x7E, 0x3F, 0xFC, 0x0F, 0xF8, 0xFF, 0xFF, 0xFF, 0xFF, 0xFF, 0xFF,
  0xFF, 0xFE, 0xE0, 0x1C, 0xE0, 0x3C, 0xE0, 0x78, 0x00, 0x70, 0x00, 0xF0,
  0x01, 0xE0, 0x01, 0xE0, 0x03, 0xE0, 0x03, 0xC0, 0x07, 0xC0, 0x07, 0xC0,
  0x07, 0xC0, 0x07, 0xC0, 0x0F, 0x80, 0x0F, 0x80, 0x0F, 0x80, 0x0F, 0x80,
  0x0F, 0x80, 0x0F, 0xF8, 0x1F, 0xFE, 0x1F, 0x9F, 0x8F, 0x83, 0xE7, 0x81,
  0xF3, 0xC0, 0xF9, 0xF0, 0x78, 0xFC, 0x7C, 0x7F, 0xFC, 0x1F, 0xF8, 0x03,
  0xFF, 0x03, 0xFF, 0xC3, 0xCF, 0xF3, 0xC1, 0xFB, 0xE0, 0x7F, 0xE0, 0x3F,
  0xF0, 0x1F, 0xFC, 0x0F, 0xBE, 0x07, 0xDF, 0xFF, 0xC7, 0xFF, 0xC0, 0xFF,
  0xC0, 0x0F, 0xF0, 0x3F, 0xF8, 0x7E, 0x7C, 0x7C, 0x3E, 0xF8, 0x1E, 0xF8,
  0x1F, 0xF8, 0x1F, 0xF8, 0x1F, 0xF8, 0x1F, 0xF8, 0x3F, 0xFC, 0x3F, 0x7F,
  0xFF, 0x7F, 0xFF, 0x1F, 0xDF, 0x00, 0x1F, 0x00, 0x3E, 0x00, 0x3E, 0x40,
  0x7E, 0x78, 0xFC, 0xFF, 0xFC, 0x7F, 0xF8, 0x1F, 0xE0, 0x7F, 0xFF, 0xFF,
  0x78, 0x00, 0x00, 0x00, 0x00, 0x1E, 0xFF, 0xFF, 0xDF, 0x7B, 0xFF, 0xFF,
  0x78, 0x00, 0x00, 0x00, 0x00, 0x1E, 0xFF, 0xFF, 0xDF, 0x1C, 0xE3, 0xBC,
  0x60, 0x00, 0x10, 0x01, 0x80, 0x3E, 0x07, 0xE0, 0x7E, 0x0F, 0xC1, 0xF8,
  0x1F, 0x80, 0xF8, 0x03, 0xF0, 0x07, 0xE0, 0x1F, 0xC0, 0x3F, 0x00, 0x7C,
  0x01, 0xC0, 0x02, 0xFF, 0xFF, 0xFF, 0xFF, 0xFE, 0x00, 0x00, 0x00, 0x00,
  0x03, 0xFF, 0xFF, 0xFF, 0xFF, 0xF8, 0x40, 0x03, 0x80, 0x3E, 0x00, 0xFC,
  0x03, 0xF8, 0x07, 0xE0, 0x0F, 0xC0, 0x1F, 0x00, 0xF8, 0x1F, 0x83, 0xF8,
  0x3F, 0x07, 0xE0, 0x7E, 0x01, 0xC0, 0x08, 0x00, 0x1F, 0xF0, 0x7F, 0xF1,
  0xE1, 0xF3, 0x83, 0xFF, 0x83, 0xEF, 0x0F, 0xCC, 0x1F, 0x00, 0x7E, 0x01,
  0xF8, 0x07, 0xE0, 0x1F, 0x80, 0x3E, 0x00, 0x78, 0x00, 0xE0, 0x01, 0xC0,
  0x00, 0x00, 0x00, 0x00, 0x06, 0x00, 0x3E, 0x00, 0x7E, 0x00, 0xFC, 0x01,
  0xF0, 0x00, 0x00, 0x0F, 0x00, 0x00, 0x3F, 0xFC, 0x00, 0x3F, 0xFF, 0xC0,
  0x3F, 0x00, 0xF8, 0x1E, 0x00, 0x0F, 0x0F, 0x00, 0x01, 0xE3, 0x83, 0xE0,
  0x39, 0xC1, 0xFF, 0x8F, 0x70, 0xF1, 0xE1, 0xF8, 0x78, 0x78, 0x7E, 0x1E,
  0x1E, 0x1F, 0x8F, 0x07, 0x87, 0xE3, 0xC3, 0xE1, 0xF8, 0xF0, 0xF8, 0x7E,
  0x3C, 0x2E, 0x3B, 0x8F, 0x1B, 0x8E, 0xE3, 0xC6, 0xE7, 0xB8, 0x7F, 0x3F,
  0xCF, 0x1F, 0x8F, 0xE1, 0xC0, 0x80, 0xC0, 0x78, 0x00, 0x00, 0x0F, 0x80,
  0x30, 0x01, 0xFC, 0x7E, 0x00, 0x3F, 0xFF, 0x00, 0x03, 0xFE, 0x00, 0x00,
  0x00, 0x7E, 0x00, 0x00, 0xFC, 0x00, 0x01, 0xF8, 0x00, 0x07, 0xF8, 0x00,
  0x0F, 0xF0, 0x00, 0x3F, 0xE0, 0x00, 0x73, 0xE0, 0x00, 0xE7, 0xC0, 0x03,
  0x8F, 0xC0, 0x07, 0x0F, 0x80, 0x0E, 0x1F, 0x00, 0x38, 0x3F, 0x00, 0x70,
  0x3E, 0x00, 0xFF, 0xFC, 0x03, 0xFF, 0xFC, 0x07, 0x00, 0xF8, 0x1E, 0x01,
  0xF0, 0x38, 0x03, 0xF0, 0x70, 0x07, 0xE3, 0xF0, 0x1F, 0xFF, 0xF0, 0x7F,
  0xFF, 0xE0, 0xFF, 0xC0, 0xFF, 0xF8, 0x1F, 0xFF, 0xE3, 0xFF, 0xFE, 0x1F,
  0x0F, 0xC3, 0xE0, 0xF8, 0x7C, 0x1F, 0x0F, 0x83, 0xE1, 0xF0, 0x7C, 0x3E,
  0x1F, 0x07, 0xFF, 0xC0, 0xFF, 0xF0, 0x1F, 0xFF, 0x83, 0xE0, 0xFC, 0x7C,
  0x0F, 0x8F, 0x81, 0xF1, 0xF0, 0x3F, 0x3E, 0x07, 0xE7, 0xC0, 0xF8, 0xF8,
  0x3F, 0x3F, 0xFF, 0xCF, 0xFF, 0xF1, 0xFF, 0xF8, 0x00, 0x03, 0xFE, 0xE0,
  0x7F, 0xFE, 0x1F, 0xFF, 0xE1, 0xF0, 0x3E, 0x3E, 0x01, 0xE7, 0xE0, 0x0E,
  0x7C, 0x00, 0xE7, 0xC0, 0x05, 0x7C, 0x00, 0x0F, 0xC0, 0x00, 0xFC, 0x00,
  0x0F, 0xC0, 0x00, 0xFC, 0x00, 0x0F, 0xC0, 0x00, 0x7C, 0x00, 0x07, 0xE0,
  0x00, 0x7E, 0x00, 0x23, 0xF0, 0x06, 0x3F, 0xC3, 0xF1, 0xFF, 0xFE, 0x0F,
  0xFF, 0x80, 0x3F, 0xF0, 0xFF, 0xFC, 0x07, 0xFF, 0xF8, 0x3F, 0xFF, 0xF0,
  0x7C, 0x1F, 0xC3, 0xE0, 0x3F, 0x1F, 0x01, 0xF8, 0xF8, 0x07, 0xC7, 0xC0,
  0x3F, 0x3E, 0x01, 0xF9, 0xF0, 0x0F, 0xCF, 0x80, 0x3E, 0x7C, 0x03, 0xF3,
  0xE0, 0x1F, 0x9F, 0x00, 0xFC, 0xF8, 0x07, 0xE7, 0xC0, 0x3E, 0x3E, 0x03,
  0xF1, 0xF0, 0x1F, 0x0F, 0x83, 0xF0, 0xFF, 0xFF, 0x0F, 0xFF, 0xF0, 0x7F,
  0xFC, 0x00, 0xFF, 0xFF, 0x3F, 0xFF, 0xCF, 0xFF, 0xF8, 0xF8, 0x1E, 0x3E,
  0x03, 0x8F, 0x80, 0xE3, 0xE0, 0x00, 0xF8, 0x60, 0x3E, 0x18, 0x0F, 0x9E,
  0x03, 0xFF, 0x80, 0xFF, 0xE0, 0x3E, 0x38, 0x0F, 0x86, 0x03, 0xE1, 0x80,
  0xF8, 0x07, 0x3E, 0x03, 0xCF, 0x80, 0xE3, 0xE0, 0x79, 0xFF, 0xFE, 0xFF,
  0xFF, 0xBF, 0xFF, 0xE0, 0xFF, 0xFF, 0x7F, 0xFF, 0xBF, 0xFF, 0xE7, 0xC0,
  0xF3, 0xE0, 0x39, 0xF0, 0x1C, 0xF8, 0x0C, 0x7C, 0x00, 0x3E, 0x18, 0x1F,
  0x0C, 0x0F, 0xFE, 0x07, 0xFF, 0x03, 0xFF, 0x81, 0xF1, 0xC0, 0xF8, 0x60,
  0x7C, 0x20, 0x3E, 0x00, 0x1F, 0x00, 0x0F, 0x80, 0x0F, 0xF0, 0x0F, 0xFE,
  0x07, 0xFF, 0x00, 0x01, 0xFE, 0xE0, 0x1F, 0xFF, 0x80, 0xFF, 0xFE, 0x07,
  0xE0, 0x78, 0x3F, 0x00, 0xF1, 0xF8, 0x03, 0xC7, 0xC0, 0x07, 0x1F, 0x00,
  0x18, 0x7C, 0x00, 0x03, 0xF0, 0x00, 0x0F, 0xC0, 0x00, 0x3F, 0x01, 0xFF,
  0xFC, 0x07, 0xFF, 0xF0, 0x0F, 0xF7, 0xC0, 0x1F, 0x1F, 0x80, 0x7C, 0x7E,
  0x01, 0xF0, 0xFC, 0x07, 0xC3, 0xFC, 0x3F, 0x07, 0xFF, 0xFC, 0x0F, 0xFF,
  0x70, 0x0F, 0xF9, 0xC0, 0xFF, 0x87, 0xFF, 0xFF, 0x0F, 0xFF, 0xFE, 0x0F,
  0xF1, 0xF0, 0x0F, 0xC3, 0xE0, 0x1F, 0x87, 0xC0, 0x3F, 0x0F, 0x80, 0x7E,
  0x1F, 0x00, 0xFC, 0x3E, 0x01, 0xF8, 0x7F, 0xFF, 0xF0, 0xFF, 0xFF, 0xE1,
  0xFF, 0xFF, 0xC3, 0xE0, 0x1F, 0x87, 0xC0, 0x3F, 0x0F, 0x80, 0x7E, 0x1F,
  0x00, 0xFC, 0x3E, 0x01, 0xF8, 0x7C, 0x03, 0xF0, 0xF8, 0x07, 0xE3, 0xF8,
  0x1F, 0xEF, 0xF8, 0x7F, 0xFF, 0xF0, 0xFF, 0xC0, 0xFF, 0xFF, 0xFF, 0xF8,
  0xF8, 0x3E, 0x0F, 0x83, 0xE0, 0xF8, 0x3E, 0x0F, 0x83, 0xE0, 0xF8, 0x3E,
  0x0F, 0x83, 0xE0, 0xF8, 0x3E, 0x0F, 0x83, 0xE1, 0xFC, 0xFF, 0xFF, 0xF0,
  0x03, 0xFF, 0x03, 0xFF, 0x03, 0xFF, 0x00, 0x7C, 0x00, 0x7C, 0x00, 0x7C,
  0x00, 0x7C, 0x00, 0x7C, 0x00, 0x7C, 0x00, 0x7C, 0x00, 0x7C, 0x00, 0x7C,
  0x00, 0x7C, 0x00, 0x7C, 0x00, 0x7C, 0xF8, 0x7C, 0xF8, 0x7C, 0xF8, 0xFC,
  0xF0, 0xF8, 0xFB, 0xF8, 0x7F, 0xF0, 0x3F, 0xE0, 0xFF, 0xCF, 0xFB, 0xFF,
  0x3F, 0xEF, 0xF8, 0x7F, 0x0F, 0x80, 0xF0, 0x3E, 0x07, 0x80, 0xF8, 0x3C,
  0x03, 0xE1, 0xE0, 0x0F, 0x8F, 0x00, 0x3E, 0x78, 0x00, 0xFB, 0xE0, 0x03,
  0xFF, 0x80, 0x0F, 0xFF, 0x00, 0x3F, 0xFE, 0x00, 0xFD, 0xF8, 0x03, 0xE3,
  0xF0, 0x0F, 0x8F, 0xC0, 0x3E, 0x1F, 0x80, 0xF8, 0x3F, 0x03, 0xE0, 0xFE,
  0x1F, 0xC1, 0xFF, 0xFF, 0xC3, 0xFF, 0xFF, 0x07, 0xF0, 0xFF, 0xC0, 0x7F,
  0xE0, 0x3F, 0xE0, 0x07, 0xC0, 0x03, 0xE0, 0x01, 0xF0, 0x00, 0xF8, 0x00,
  0x7C, 0x00, 0x3E, 0x00, 0x1F, 0x00, 0x0F, 0x80, 0x07, 0xC0, 0x03, 0xE0,
  0x01, 0xF0, 0x00, 0xF8, 0x0E, 0x7C, 0x07, 0x3E, 0x07, 0x9F, 0x03, 0xCF,
  0x83, 0xEF, 0xFF, 0xFF, 0xFF, 0xF7, 0xFF, 0xF8, 0x7F, 0xC0, 0x0F, 0xF3,
  0xFE, 0x00, 0xFF, 0x8F, 0xF8, 0x07, 0xF8, 0x3F, 0xC0, 0x7F, 0x01, 0xFE,
  0x03, 0xF8, 0x0F, 0xF8, 0x3F, 0xC0, 0x7F, 0xC1, 0xFF, 0x03, 0xFE, 0x0F,
  0xF8, 0x1C, 0xF8, 0xE7, 0xC0, 0xE7, 0xC7, 0x3E, 0x07, 0x1F, 0x71, 0xF0,
  0x38, 0xFB, 0x8F, 0x81, 0xC7, 0xDC, 0x7C, 0x0E, 0x1F, 0xC3, 0xE0, 0x70,
  0xFE, 0x1F, 0x03, 0x83, 0xE0, 0xF8, 0x1C, 0x1F, 0x07, 0xC0, 0xE0, 0xF0,
  0x3E, 0x07, 0x00, 0x01, 0xF0, 0x7C, 0x00, 0x1F, 0xEF, 0xF0, 0x01, 0xFF,
  0xFF, 0x80, 0x0F, 0xFC, 0xFF, 0x01, 0xFF, 0xFE, 0x03, 0xFF, 0xFE, 0x07,
  0xF1, 0xFE, 0x03, 0xC3, 0xFC, 0x07, 0x87, 0xFC, 0x0F, 0x0F, 0xF8, 0x1E,
  0x1D, 0xF8, 0x3C, 0x39, 0xF8, 0x78, 0x73, 0xF0, 0xF0, 0xE3, 0xF1, 0xE1,
  0xC3, 0xE3, 0xC3, 0x87, 0xE7, 0x87, 0x07, 0xEF, 0x0E, 0x0F, 0xDE, 0x1C,
  0x0F, 0xFC, 0x38, 0x0F, 0xF8, 0x70, 0x1F, 0xF0, 0xF0, 0x1F, 0xE3, 0xF0,
  0x1F, 0xCF, 0xF0, 0x3F, 0x9F, 0xE0, 0x3F, 0x00, 0x01, 0xFF, 0x00, 0x1F,
  0xFF, 0x00, 0xFF, 0xFE, 0x07, 0xC0, 0xFC, 0x3E, 0x01, 0xF9, 0xF8, 0x07,
  0xE7, 0xC0, 0x0F, 0x9F, 0x00, 0x3F, 0x7C, 0x00, 0xFF, 0xF0, 0x03, 0xFF,
  0xC0, 0x0F, 0xFF, 0x00, 0x3F, 0xFC, 0x00, 0xFF, 0xF0, 0x03, 0xF7, 0xC0,
  0x0F, 0xDF, 0x00, 0x3E, 0x7E, 0x00, 0xF8, 0xFC, 0x07, 0xC3, 0xF8, 0x3F,
  0x07, 0xFF, 0xF8, 0x0F, 0xFF, 0xC0, 0x0F, 0xFC, 0x00, 0xFF, 0xF8, 0x3F,
  0xFF, 0x8F, 0xFF, 0xF8, 0xF8, 0x7E, 0x3E, 0x0F, 0xCF, 0x83, 0xF3, 0xE0,
  0xFC, 0xF8, 0x3F, 0x3E, 0x0F, 0xCF, 0x83, 0xE3, 0xE1, 0xF8, 0xFF, 0xFC,
  0x3F, 0xFE, 0x0F, 0xFC, 0x03, 0xE0, 0x00, 0xF8, 0x00, 0x3E, 0x00, 0x0F,
  0x80, 0x03, 0xE0, 0x01, 0xFE, 0x00, 0xFF, 0xE0, 0x3F, 0xF8, 0x00, 0x01,
  0xFF, 0x00, 0x00, 0xFF, 0xF8, 0x00, 0x3F, 0xFF, 0x80, 0x0F, 0x81, 0xF8,
  0x03, 0xE0, 0x1F, 0x80, 0xFC, 0x01, 0xF0, 0x1F, 0x00, 0x3F, 0x03, 0xE0,
  0x03, 0xE0, 0x7C, 0x00, 0x7C, 0x1F, 0x80, 0x0F, 0x83, 0xF0, 0x01, 0xF0,
  0x7E, 0x00, 0x3E, 0x0F, 0xC0, 0x07, 0xC1, 0xF9, 0xE0, 0xF8, 0x1F, 0xFE,
  0x1F, 0x03, 0xFF, 0xE7, 0xE0, 0x7E, 0x1E, 0xF8, 0x07, 0xE3, 0xFF, 0x00,
  0xFE, 0x3F, 0xC0, 0x0F, 0xFF, 0xF0, 0x00, 0xFF, 0xFC, 0x00, 0x07, 0xFF,
  0x80, 0x00, 0x00, 0xF8, 0x00, 0x00, 0x0F, 0x81, 0x00, 0x01, 0xFF, 0xE0,
  0x00, 0x1F, 0xFC, 0x00, 0x01, 0xFE, 0x00, 0x00, 0x0F, 0x80, 0xFF, 0xF8,
  0x07, 0xFF, 0xF8, 0x3F, 0xFF, 0xE0, 0x7C, 0x3F, 0x03, 0xE0, 0xFC, 0x1F,
  0x07, 0xE0, 0xF8, 0x3F, 0x07, 0xC1, 0xF0, 0x3E, 0x0F, 0x81, 0xF0, 0xF8,
  0x0F, 0xFF, 0x00, 0x7F, 0xE0, 0x03, 0xE7, 0xE0, 0x1F, 0x1F, 0x00, 0xF8,
  0xFC, 0x07, 0xC3, 0xE0, 0x3E, 0x1F, 0x81, 0xF0, 0xFC, 0x0F, 0x83, 0xF0,
  0xFE, 0x1F, 0xFF, 0xFC, 0x7F, 0xFF, 0xE1, 0xF8, 0x0F, 0xF7, 0x0F, 0xFF,
  0x8F, 0xFF, 0xCF, 0x81, 0xE7, 0xC0, 0x73, 0xE0, 0x39, 0xF0, 0x0C, 0xFE,
  0x00, 0x7F, 0xC0, 0x1F, 0xFC, 0x0F, 0xFF, 0x83, 0xFF, 0xE0, 0x7F, 0xF0,
  0x07, 0xFC, 0x00, 0xFF, 0xC0, 0x3F, 0xF0, 0x0F, 0xB8, 0x07, 0xDE, 0x07,
  0xCF, 0xFF, 0xE7, 0xFF, 0xE3, 0x3F, 0xC0, 0x7F, 0xFF, 0xF9, 0xFF, 0xFF,
  0xEF, 0xFF, 0xFF, 0xBC, 0x3E, 0x1E, 0xF0, 0xF8, 0x3B, 0x83, 0xE0, 0xEE,
  0x0F, 0x83, 0xC0, 0x3E, 0x00, 0x00, 0xF8, 0x00, 0x03, 0xE0, 0x00, 0x0F,
  0x80, 0x00, 0x3E, 0x00, 0x00, 0xF8, 0x00, 0x03, 0xE0, 0x00, 0x0F, 0x80,
  0x00, 0x3E, 0x00, 0x00, 0xF8, 0x00, 0x03, 0xE0, 0x00, 0x0F, 0x80, 0x00,
  0xFF, 0x80, 0x07, 0xFF, 0x80, 0x1F, 0xFE, 0x00, 0xFF, 0xC1, 0xFF, 0xFF,
  0x83, 0xFD, 0xFE, 0x07, 0xF1, 0xF8, 0x03, 0x83, 0xF0, 0x07, 0x07, 0xE0,
  0x0E, 0x0F, 0xC0, 0x1C, 0x1F, 0x80, 0x38, 0x3F, 0x00, 0x70, 0x7E, 0x00,
  0xE0, 0xFC, 0x01, 0xC1, 0xF8, 0x03, 0x83, 0xF0, 0x07, 0x07, 0xE0, 0x0E,
  0x0F, 0xC0, 0x1C, 0x0F, 0x80, 0x38, 0x1F, 0x00, 0x70, 0x3F, 0x01, 0xE0,
  0x7F, 0x07, 0x80, 0x7F, 0xFF, 0x00, 0x7F, 0xFC, 0x00, 0x7F, 0xE0, 0x00,
  0xFF, 0xE1, 0xFF, 0xFF, 0xC3, 0xFD, 0xFF, 0x07, 0xF8, 0xF8, 0x01, 0xC1,
  0xF8, 0x07, 0x83, 0xF0, 0x0E, 0x03, 0xE0, 0x1C, 0x07, 0xE0, 0x78, 0x0F,
  0xC0, 0xE0, 0x0F, 0x81, 0xC0, 0x1F, 0x87, 0x00, 0x1F, 0x0E, 0x00, 0x3E,
  0x1C, 0x00, 0x7E, 0x70, 0x00, 0x7C, 0xE0, 0x00, 0xF9, 0xC0, 0x01, 0xFF,
  0x00, 0x01, 0xFE, 0x00, 0x03, 0xFC, 0x00, 0x07, 0xF0, 0x00, 0x07, 0xE0,
  0x00, 0x0F, 0xC0, 0x00, 0xFF, 0xE0, 0xF8, 0x3F, 0xFF, 0xF8, 0x7E, 0x0F,
  0xF7, 0xFC, 0x1F, 0x81, 0xFC, 0x7C, 0x07, 0xF0, 0x3C, 0x1F, 0x81, 0xFC,
  0x0E, 0x07, 0xE0, 0xFF, 0x03, 0x80, 0xF8, 0x3F, 0xE0, 0xE0, 0x3E, 0x0E,
  0xF8, 0x38, 0x0F, 0x83, 0xBE, 0x1C, 0x03, 0xF1, 0xCF, 0x87, 0x00, 0x7C,
  0x73, 0xF1, 0xC0, 0x1F, 0x1C, 0x7C, 0x70, 0x07, 0xC7, 0x1F, 0x1C, 0x01,
  0xF3, 0x87, 0xCE, 0x00, 0x7E, 0xE1, 0xFB, 0x80, 0x0F, 0xB8, 0x3E, 0xE0,
  0x03, 0xEE, 0x0F, 0xB8, 0x00, 0xFF, 0x03, 0xFC, 0x00, 0x3F, 0xC0, 0x7F,
  0x00, 0x07, 0xF0, 0x1F, 0xC0, 0x01, 0xFC, 0x07, 0xF0, 0x00, 0x7E, 0x01,
  0xF8, 0x00, 0x7F, 0xE1, 0xFF, 0xFF, 0xC3, 0xFD, 0xFF, 0x0F, 0xF0, 0xFC,
  0x07, 0x80, 0xFC, 0x1E, 0x00, 0xFC, 0x38, 0x00, 0xF8, 0xE0, 0x01, 0xFB,
  0xC0, 0x01, 0xFF, 0x00, 0x01, 0xFC, 0x00, 0x01, 0xF0, 0x00, 0x03, 0xF0,
  0x00, 0x07, 0xF0, 0x00, 0x1F, 0xF0, 0x00, 0x7B, 0xF0, 0x01, 0xE3, 0xE0,
  0x07, 0x87, 0xE0, 0x1E, 0x07, 0xE0, 0x78, 0x07, 0xE3, 0xF8, 0x1F, 0xEF,
  0xF8, 0x7F, 0xFF, 0xF0, 0xFF, 0xC0, 0xFF, 0xE3, 0xFF, 0xFF, 0xC7, 0xFD,
  0xFF, 0x07, 0xF0, 0xFC, 0x03, 0x80, 0xF8, 0x0F, 0x01, 0xF8, 0x1C, 0x01,
  0xF0, 0x70, 0x03, 0xF1, 0xE0, 0x03, 0xE3, 0x80, 0x03, 0xEF, 0x00, 0x07,
  0xFC, 0x00, 0x07, 0xF0, 0x00, 0x0F, 0xE0, 0x00, 0x0F, 0x80, 0x00, 0x1F,
  0x00, 0x00, 0x3E, 0x00, 0x00, 0x7C, 0x00, 0x00, 0xF8, 0x00, 0x01, 0xF0,
  0x00, 0x07, 0xF8, 0x00, 0x3F, 0xF8, 0x00, 0x7F, 0xF0, 0x00, 0x7F, 0xFF,
  0xEF, 0xFF, 0xFD, 0xFF, 0xFF, 0xBC, 0x07, 0xE7, 0x81, 0xF8, 0xE0, 0x3F,
  0x1C, 0x0F, 0xC2, 0x03, 0xF0, 0x00, 0x7C, 0x00, 0x1F, 0x80, 0x07, 0xE0,
  0x01, 0xF8, 0x00, 0x3F, 0x00, 0x0F, 0xC0, 0x03, 0xF0, 0x38, 0xFC, 0x07,
  0x1F, 0x81, 0xE7, 0xE0, 0x3D, 0xF8, 0x0F, 0xFF, 0xFF, 0xFF, 0xFF, 0xFF,
  0xFF, 0xFF, 0xC0, 0xFF, 0xFF, 0xC7, 0x8F, 0x1E, 0x3C, 0x78, 0xF1, 0xE3,
  0xC7, 0x8F, 0x1E, 0x3C, 0x78, 0xF1, 0xE3, 0xC7, 0x8F, 0x1E, 0x3C, 0x78,
  0xF1, 0xE3, 0xC7, 0x8F, 0x1F, 0xFF, 0xFF, 0xF0, 0x00, 0xF0, 0x01, 0xE0,
  0x01, 0xC0, 0x03, 0xC0, 0x07, 0x80, 0x07, 0x00, 0x0F, 0x00, 0x1E, 0x00,
  0x1E, 0x00, 0x3C, 0x00, 0x78, 0x00, 0x78, 0x00, 0xF0, 0x00, 0xE0, 0x01,
  0xE0, 0x03, 0xC0, 0x03, 0x80, 0x07, 0x80, 0x0F, 0x00, 0x0F, 0x00, 0x1E,
  0x00, 0x1C, 0x00, 0x3C, 0x00, 0x78, 0x00, 0x70, 0x00, 0xF0, 0x01, 0xF0,
  0xFF, 0xFC, 0x78, 0xF1, 0xE3, 0xC7, 0x8F, 0x1E, 0x3C, 0x78, 0xF1, 0xE3,
  0xC7, 0x8F, 0x1E, 0x3C, 0x78, 0xF1, 0xE3, 0xC7, 0x8F, 0x1E, 0x3C, 0x78,
  0xF1, 0xFF, 0xFF, 0xFF, 0x03, 0xC0, 0x07, 0xE0, 0x07, 0xE0, 0x0F, 0xF0,
  0x1F, 0xF8, 0x1E, 0x78, 0x3E, 0x3C, 0x7C, 0x3E, 0x78, 0x1E, 0xF8, 0x0F,
  0x70, 0x0E, 0x20, 0x04, 0xFF, 0xFF, 0xFF, 0xFC, 0xE1, 0xC3, 0xC7, 0xC3,
  0xC3, 0xC1, 0x00, 0x1F, 0xF0, 0x3F, 0xFC, 0x1C, 0x1F, 0x1F, 0x0F, 0x8F,
  0x87, 0xC3, 0x83, 0xE0, 0x01, 0xF0, 0x0F, 0xF8, 0x3F, 0xFC, 0x3F, 0x3E,
  0x3E, 0x1F, 0x1F, 0x0F, 0x8F, 0x87, 0xC7, 0xE7, 0xFD, 0xFE, 0xFE, 0x7E,
  0x3E, 0x7F, 0x00, 0x1F, 0xE0, 0x03, 0xFC, 0x00, 0x0F, 0x80, 0x01, 0xF0,
  0x00, 0x3E, 0x00, 0x07, 0xC0, 0x00, 0xF8, 0x00, 0x1F, 0x7F, 0x03, 0xFF,
  0xF0, 0x7F, 0xFF, 0x0F, 0xC3, 0xF1, 0xF0, 0x7E, 0x3E, 0x07, 0xC7, 0xC0,
  0xF8, 0xF8, 0x1F, 0x1F, 0x03, 0xE3, 0xE0, 0x7C, 0x7C, 0x0F, 0x8F, 0x83,
  0xF1, 0xF0, 0x7C, 0x3F, 0xFF, 0x87, 0xFF, 0xE0, 0xE7, 0xF0, 0x0F, 0xF8,
  0x3F, 0xF8, 0xF8, 0x7B, 0xE0, 0xF7, 0xC3, 0xFF, 0x07, 0xFE, 0x00, 0x7C,
  0x00, 0xF8, 0x01, 0xF0, 0x03, 0xF0, 0x03, 0xE0, 0x27, 0xF1, 0xE7, 0xFF,
  0xC7, 0xFF, 0x07, 0xF8, 0x00, 0x7F, 0x80, 0x0F, 0xF0, 0x01, 0xFE, 0x00,
  0x07, 0xC0, 0x00, 0xF8, 0x00, 0x1F, 0x00, 0x03, 0xE0, 0x00, 0x7C, 0x0F,
  0xFF, 0x83, 0xFF, 0xF0, 0xFF, 0xFE, 0x3E, 0x07, 0xC7, 0xC0, 0xF9, 0xF8,
  0x1F, 0x3E, 0x03, 0xE7, 0xC0, 0x7C, 0xF8, 0x0F, 0x9F, 0x01, 0xF3, 0xF0,
  0x3E, 0x7E, 0x0F, 0xC7, 0xE1, 0xF8, 0xFF, 0xFF, 0x8F, 0xFB, 0xF8, 0xFE,
  0x7F, 0x0F, 0xF8, 0x1F, 0xFC, 0x3E, 0x3E, 0x7C, 0x1E, 0x7C, 0x1E, 0xF8,
  0x1F, 0xFF, 0xFF, 0xFF, 0xFE, 0xFF, 0xFE, 0xF8, 0x00, 0xFC, 0x00, 0x7C,
  0x02, 0x7F, 0x1F, 0x3F, 0xFE, 0x1F, 0xFC, 0x0F, 0xF8, 0x00, 0x40, 0x0F,
  0xF0, 0x3F, 0xF0, 0xF8, 0xF1, 0xF3, 0xE3, 0xC7, 0x87, 0x82, 0x1F, 0x00,
  0x3E, 0x01, 0xFF, 0xE3, 0xFF, 0xC7, 0xFF, 0x83, 0xE0, 0x07, 0xC0, 0x0F,
  0x80, 0x1F, 0x00, 0x3E, 0x00, 0x7C, 0x00, 0xF8, 0x01, 0xF0, 0x03, 0xE0,
  0x07, 0xC0, 0x0F, 0xE0, 0x7F, 0xF0, 0xFF, 0xE0, 0x00, 0x01, 0xE0, 0x00,
  0x7C, 0x02, 0x1F, 0x87, 0xFF, 0x61, 0xFF, 0xE0, 0x7C, 0x7C, 0x1F, 0x07,
  0xC3, 0xE0, 0xF8, 0x7C, 0x1F, 0x0F, 0x83, 0xE1, 0xF8, 0x7C, 0x1F, 0xFF,
  0x01, 0xFF, 0xC0, 0x3F, 0xE0, 0x0E, 0x00, 0x01, 0xE0, 0x00, 0x3F, 0xFF,
  0x07, 0xFF, 0xF0, 0x3F, 0xFF, 0x1F, 0xFF, 0xE7, 0xC0, 0x7C, 0xF0, 0x0F,
  0xBE, 0x03, 0xF3, 0xF9, 0xFC, 0x7F, 0xFF, 0x03, 0xFF, 0x80, 0xFE, 0x00,
  0x0F, 0xE0, 0x00, 0xFE, 0x00, 0x03, 0xE0, 0x00, 0x3E, 0x00, 0x03, 0xE0,
  0x00, 0x3E, 0x00, 0x03, 0xE0, 0x00, 0x3E, 0x7F, 0x03, 0xEF, 0xF8, 0x3F,
  0xFF, 0x83, 0xF8, 0xFC, 0x3F, 0x07, 0xC3, 0xE0, 0x7C, 0x3E, 0x07, 0xC3,
  0xE0, 0x7C, 0x3E, 0x07, 0xC3, 0xE0, 0x7C, 0x3E, 0x07, 0xC3, 0xE0, 0x7C,
  0x3E, 0x07, 0xC7, 0xF0, 0xFE, 0xFF, 0x9F, 0xFF, 0xF9, 0xFF, 0x3E, 0x0F,
  0x87, 0xE0, 0xF8, 0x3E, 0x00, 0x00, 0x00, 0x00, 0xFE, 0x3F, 0x8F, 0xE0,
  0xF8, 0x3E, 0x0F, 0x83, 0xE0, 0xF8, 0x3E, 0x0F, 0x83, 0xE0, 0xF8, 0x3E,
  0x1F, 0xCF, 0xFF, 0xFF, 0x3C, 0xFD, 0xFB, 0xF3, 0xC0, 0x00, 0x00, 0xFF,
  0xFF, 0xF9, 0xF3, 0xE7, 0xCF, 0x9F, 0x3E, 0x7C, 0xF9, 0xF3, 0xE7, 0xCF,
  0x9F, 0x3E, 0x79, 0xF3, 0xEF, 0x9E, 0x10, 0x00, 0xFE, 0x00, 0x0F, 0xE0,
  0x00, 0xFE, 0x00, 0x03, 0xE0, 0x00, 0x3E, 0x00, 0x03, 0xE0, 0x00, 0x3E,
  0x00, 0x03, 0xE0, 0x00, 0x3E, 0x1F, 0xE3, 0xE1, 0xFE, 0x3E, 0x2F, 0xC3,
  0xE0, 0xF0, 0x3E, 0x1E, 0x03, 0xE3, 0xC0, 0x3E, 0x70, 0x03, 0xEF, 0x80,
  0x3E, 0xFC, 0x03, 0xE7, 0xC0, 0x3E, 0x7E, 0x03, 0xE3, 0xF0, 0x3E, 0x1F,
  0x87, 0xF0, 0xFF, 0xFF, 0x8F, 0xFF, 0xF8, 0x7E, 0xFE, 0x3F, 0x8F, 0xE0,
  0xF8, 0x3E, 0x0F, 0x83, 0xE0, 0xF8, 0x3E, 0x0F, 0x83, 0xE0, 0xF8, 0x3E,
  0x0F, 0x83, 0xE0, 0xF8, 0x3E, 0x0F, 0x83, 0xE0, 0xF8, 0x3E, 0x1F, 0xCF,
  0xFF, 0xFF, 0xFE, 0x7F, 0x1F, 0xC7, 0xF7, 0xFD, 0xFF, 0x3F, 0xFF, 0xFF,
  0xF8, 0x7F, 0x1F, 0xC7, 0xC3, 0xF0, 0xFC, 0x3E, 0x1F, 0x07, 0xC1, 0xF0,
  0xF8, 0x3E, 0x0F, 0x87, 0xC1, 0xF0, 0x7C, 0x3E, 0x0F, 0x83, 0xE1, 0xF0,
  0x7C, 0x1F, 0x0F, 0x83, 0xE0, 0xF8, 0x7C, 0x1F, 0x07, 0xC3, 0xE0, 0xF8,
  0x3E, 0x1F, 0x87, 0xE1, 0xFB, 0xFE, 0x7F, 0x9F, 0xFF, 0xF3, 0xFC, 0xFF,
  0xFE, 0x7F, 0x0F, 0xEF, 0xF8, 0xFF, 0xFF, 0x83, 0xF8, 0xFC, 0x3F, 0x07,
  0xC3, 0xF0, 0x7C, 0x3E, 0x07, 0xC3, 0xE0, 0x7C, 0x3E, 0x07, 0xC3, 0xE0,
  0x7C, 0x3E, 0x07, 0xC3, 0xE0, 0x7C, 0x3E, 0x07, 0xC3, 0xF0, 0xFE, 0xFF,
  0x9F, 0xFF, 0xF9, 0xFF, 0x0F, 0xFC, 0x0F, 0xFF, 0x0F, 0xCF, 0xCF, 0x83,
  0xF7, 0xC0, 0xFF, 0xE0, 0x7F, 0xE0, 0x3F, 0xF0, 0x1F, 0xF8, 0x0F, 0xFE,
  0x07, 0xFF, 0x03, 0xEF, 0x81, 0xF7, 0xE1, 0xF1, 0xF9, 0xF8, 0x7F, 0xF8,
  0x1F, 0xF0, 0xFC, 0x7F, 0x1F, 0x9F, 0xF3, 0xFF, 0xFE, 0x1F, 0x87, 0xE3,
  0xE0, 0x7C, 0x7C, 0x0F, 0x8F, 0x81, 0xF1, 0xF0, 0x3F, 0x3E, 0x07, 0xC7,
  0xC0, 0xF8, 0xF8, 0x1F, 0x1F, 0x03, 0xE3, 0xE0, 0xFC, 0x7F, 0xFF, 0x0F,
  0xFF, 0xC1, 0xFF, 0xF0, 0x3E, 0x00, 0x07, 0xC0, 0x00, 0xF8, 0x00, 0x1F,
  0x00, 0x0F, 0xFC, 0x01, 0xFF, 0x80, 0x3F, 0xF0, 0x00, 0x0F, 0xF7, 0x83,
  0xFF, 0xF0, 0xFF, 0xFE, 0x3E, 0x07, 0xC7, 0xC0, 0xF9, 0xF8, 0x1F, 0x3E,
  0x03, 0xE7, 0xC0, 0x7C, 0xF8, 0x0F, 0x9F, 0x01, 0xF3, 0xF0, 0x3E, 0x7E,
  0x0F, 0xC7, 0xE1, 0xF8, 0xFF, 0xFF, 0x0F, 0xFB, 0xE0, 0xFE, 0x7C, 0x00,
  0x0F, 0x80, 0x01, 0xF0, 0x00, 0x3E, 0x00, 0x07, 0xC0, 0x07, 0xFE, 0x00,
  0xFF, 0xC0, 0x1F, 0xF8, 0xFE, 0x7E, 0xFE, 0xFE, 0xFF, 0xFF, 0x3F, 0x9F,
  0x3F, 0x1E, 0x3F, 0x1E, 0x3E, 0x00, 0x3E, 0x00, 0x3E, 0x00, 0x3E, 0x00,
  0x3E, 0x00, 0x3E, 0x00, 0x3E, 0x00, 0x3F, 0x80, 0xFF, 0xE0, 0xFF, 0xE0,
  0x1F, 0xD8, 0xFF, 0xE7, 0x87, 0x9E, 0x0E, 0xF8, 0x19, 0xF8, 0x07, 0xFE,
  0x1F, 0xFC, 0x1F, 0xF8, 0x1F, 0xF0, 0x0F, 0xF8, 0x0F, 0xF0, 0x3D, 0xE1,
  0xE7, 0xFF, 0x1F, 0xF8, 0x02, 0x00, 0x70, 0x03, 0x80, 0x3C, 0x01, 0xE0,
  0x1F, 0x03, 0xFF, 0xDF, 0xFE, 0xFF, 0xF1, 0xF0, 0x0F, 0x80, 0x7C, 0x03,
  0xE0, 0x1F, 0x00, 0xF8, 0x07, 0xC0, 0x3E, 0x01, 0xF0, 0x0F, 0xC4, 0x7F,
  0xE1, 0xFF, 0x87, 0xF0, 0xFE, 0x3F, 0x9F, 0xC7, 0xF3, 0xF8, 0xFE, 0x1F,
  0x07, 0xC3, 0xE0, 0xF8, 0x7C, 0x1F, 0x0F, 0x83, 0xE1, 0xF0, 0x7C, 0x3E,
  0x0F, 0x87, 0xC1, 0xF0, 0xF8, 0x3E, 0x1F, 0x07, 0xC3, 0xF1, 0xF8, 0x7F,
  0xFF, 0x87, 0xFD, 0xF8, 0x7F, 0x3F, 0x7F, 0xCF, 0xFF, 0xF9, 0xFD, 0xFC,
  0x1F, 0x1F, 0x81, 0xC1, 0xF0, 0x38, 0x3E, 0x0E, 0x03, 0xE1, 0xC0, 0x7C,
  0x30, 0x0F, 0xCE, 0x00, 0xF9, 0xC0, 0x1F, 0x70, 0x01, 0xFE, 0x00, 0x3F,
  0xC0, 0x07, 0xF0, 0x00, 0x7E, 0x00, 0x0F, 0x80, 0xFF, 0x87, 0xC7, 0xFF,
  0xF8, 0xFC, 0x7F, 0x7F, 0x0F, 0xE3, 0xE3, 0xF0, 0xFE, 0x1C, 0x1F, 0x0F,
  0xE1, 0x81, 0xF1, 0xDE, 0x18, 0x1F, 0x1D, 0xF3, 0x80, 0xF9, 0xDF, 0x30,
  0x0F, 0x99, 0xF3, 0x00, 0xFB, 0x8F, 0x70, 0x07, 0xB8, 0xFF, 0x00, 0x7F,
  0x8F, 0xE0, 0x07, 0xF0, 0xFE, 0x00, 0x3F, 0x07, 0xE0, 0x03, 0xF0, 0x7C,
  0x00, 0x3F, 0x07, 0xC0, 0xFF, 0xDF, 0xDF, 0xFB, 0xF9, 0xFC, 0x3E, 0x0F,
  0x87, 0x80, 0xF9, 0xE0, 0x1F, 0xB8, 0x01, 0xFE, 0x00, 0x1F, 0x80, 0x01,
  0xF8, 0x00, 0x7F, 0x80, 0x1D, 0xF0, 0x07, 0x1F, 0x01, 0xE3, 0xF0, 0x7C,
  0x7F, 0xBF, 0xDF, 0xFF, 0xFB, 0xFF, 0x7F, 0xCF, 0xEF, 0xF9, 0xFF, 0xFC,
  0x1F, 0x1F, 0x81, 0xC1, 0xF0, 0x30, 0x3E, 0x0E, 0x03, 0xE1, 0xC0, 0x7C,
  0x70, 0x07, 0xCE, 0x00, 0xF9, 0x80, 0x0F, 0xF0, 0x01, 0xFC, 0x00, 0x1F,
  0x80, 0x03, 0xF0, 0x00, 0x7C, 0x00, 0x07, 0x80, 0x00, 0xE0, 0x00, 0x1C,
  0x01, 0xC7, 0x00, 0x7C, 0xE0, 0x0F, 0x38, 0x00, 0xFF, 0x00, 0x0F, 0x80,
  0x00, 0x7F, 0xFD, 0xFF, 0xFB, 0xFF, 0xF7, 0x87, 0xCE, 0x1F, 0x9C, 0x3E,
  0x00, 0xF8, 0x03, 0xE0, 0x0F, 0xC0, 0x3F, 0x00, 0x7C, 0x39, 0xF0, 0x77,
  0xE1, 0xFF, 0xFF, 0xFF, 0xFF, 0xFF, 0xFE, 0x07, 0xC7, 0xE3, 0xF8, 0xF8,
  0x3E, 0x0F, 0x83, 0xE0, 0xF8, 0x3E, 0x07, 0x81, 0xE0, 0x78, 0x1E, 0x07,
  0x83, 0xE3, 0xF0, 0xF0, 0x3F, 0x03, 0xE0, 0x78, 0x1E, 0x07, 0x81, 0xE0,
  0xF8, 0x3E, 0x0F, 0x83, 0xE0, 0xF8, 0x3E, 0x0F, 0x83, 0xE0, 0x7E, 0x0F,
  0xC0, 0xFF, 0xFF, 0xFF, 0xFF, 0xFF, 0xFF, 0xFF, 0xFF, 0xFF, 0xFF, 0xFF,
  0xFF, 0xFF, 0xFF, 0xF8, 0x3F, 0x8F, 0xE0, 0x78, 0x1E, 0x07, 0x81, 0xE0,
  0x78, 0x1E, 0x0F, 0x83, 0xE0, 0xF8, 0x3E, 0x0F, 0x81, 0xE0, 0x3F, 0x07,
  0xC7, 0xF1, 0xE0, 0xF8, 0x3E, 0x0F, 0x83, 0xE0, 0xF8, 0x1E, 0x07, 0x81,
  0xE0, 0x78, 0x1E, 0x07, 0x83, 0xE3, 0xF8, 0xFC, 0x00, 0x3C, 0x0E, 0xFF,
  0xFB, 0xFF, 0xF7, 0xFF, 0xC4, 0x0F, 0x00, 0xFF, 0xFF, 0xFF, 0x80, 0x38,
  0x03, 0x80, 0x38, 0x03, 0x80, 0x38, 0x03, 0x80, 0x38, 0x03, 0x80, 0x38,
  0x03, 0x80, 0x38, 0x03, 0x80, 0x38, 0x03, 0x80, 0x38, 0x03, 0x80, 0x38,
  0x03, 0xFF, 0xFF, 0xFF, 0xFF, 0xFF, 0xFF, 0x80, 0x38, 0x03, 0x80, 0x38,
  0x03, 0x80, 0x38, 0x03, 0x80, 0x38, 0x03, 0x80, 0x38, 0x03, 0x80, 0x38,
  0x03, 0x80, 0x38, 0x03, 0x80, 0x38, 0x03, 0x80, 0x38, 0x03, 0xFF, 0xFF,
  0xFF, 0xFF, 0xFF, 0xFF, 0x80, 0x38, 0x03, 0x80, 0x38, 0x03, 0x80, 0x38,
  0x03, 0x80, 0x38, 0x03, 0x80, 0x38, 0x03, 0x80, 0x38, 0x03, 0x80, 0x38,
  0x03, 0x80, 0x38, 0x03, 0x80, 0x38, 0x03, 0xFF, 0xFF, 0xFF, 0xFF, 0xFF,
  0xFF, 0x80, 0x38, 0x03, 0x80, 0x38, 0x03, 0x80, 0x38, 0x03, 0x80, 0x38,
  0x03, 0x80, 0x38, 0x03, 0x80, 0x38, 0x03, 0x80, 0x38, 0x03, 0x80, 0x38,
  0x03, 0x80, 0x38, 0x03, 0xFF, 0xFF, 0xFF, 0xFF, 0xFF, 0xFF, 0x80, 0x38,
  0x03, 0x80, 0x38, 0x03, 0x80, 0x38, 0x03, 0x80, 0x38, 0x03, 0x80, 0x38,
  0x03, 0x80, 0x38, 0x03, 0x80, 0x38, 0x03, 0x80, 0x38, 0x03, 0x80, 0x38,
  0x03, 0xFF, 0xFF, 0xFF, 0xFF, 0xFF, 0xFF, 0x80, 0x38, 0x03, 0x80, 0x38,
  0x03, 0x80, 0x38, 0x03, 0x80, 0x38, 0x03, 0x80, 0x38, 0x03, 0x80, 0x38,
  0x03, 0x80, 0x38, 0x03, 0x80, 0x38, 0x03, 0x80, 0x38, 0x03, 0xFF, 0xFF,
  0xFF, 0xFF, 0xFF, 0xFF, 0x80, 0x38, 0x03, 0x80, 0x38, 0x03, 0x80, 0x38,
  0x03, 0x80, 0x38, 0x03, 0x80, 0x38, 0x03, 0x80, 0x38, 0x03, 0x80, 0x38,
  0x03, 0x80, 0x38, 0x03, 0x80, 0x38, 0x03, 0xFF, 0xFF, 0xFF, 0xFF, 0xFF,
  0xFF, 0x80, 0x38, 0x03, 0x80, 0x38, 0x03, 0x80, 0x38, 0x03, 0x80, 0x38,
  0x03, 0x80, 0x38, 0x03, 0x80, 0x38, 0x03, 0x80, 0x38, 0x03, 0x80, 0x38,
  0x03, 0x80, 0x38, 0x03, 0xFF, 0xFF, 0xFF, 0xFF, 0xFF, 0xFF, 0x80, 0x38,
  0x03, 0x80, 0x38, 0x03, 0x80, 0x38, 0x03, 0x80, 0x38, 0x03, 0x80, 0x38,
  0x03, 0x80, 0x38, 0x03, 0x80, 0x38, 0x03, 0x80, 0x38, 0x03, 0x80, 0x38,
  0x03, 0xFF, 0xFF, 0xFF, 0xFF, 0xFF, 0xFF, 0x80, 0x38, 0x03, 0x80, 0x38,
  0x03, 0x80, 0x38, 0x03, 0x80, 0x38, 0x03, 0x80, 0x38, 0x03, 0x80, 0x38,
  0x03, 0x80, 0x38, 0x03, 0x80, 0x38, 0x03, 0x80, 0x38, 0x03, 0xFF, 0xFF,
  0xFF, 0xFF, 0xFF, 0xFF, 0x80, 0x38, 0x03, 0x80, 0x38, 0x03, 0x80, 0x38,
  0x03, 0x80, 0x38, 0x03, 0x80, 0x38, 0x03, 0x80, 0x38, 0x03, 0x80, 0x38,
  0x03, 0x80, 0x38, 0x03, 0x80, 0x38, 0x03, 0xFF, 0xFF, 0xFF, 0xFF, 0xFF,
  0xFF, 0x80, 0x38, 0x03, 0x80, 0x38, 0x03, 0x80, 0x38, 0x03, 0x80, 0x38,
  0x03, 0x80, 0x38, 0x03, 0x80, 0x38, 0x03, 0x80, 0x38, 0x03, 0x80, 0x38,
  0x03, 0x80, 0x38, 0x03, 0xFF, 0xFF, 0xFF, 0xFF, 0xFF, 0xFF, 0x80, 0x38,
  0x03, 0x80, 0x38, 0x03, 0x80, 0x38, 0x03, 0x80, 0x38, 0x03, 0x80, 0x38,
  0x03, 0x80, 0x38, 0x03, 0x80, 0x38, 0x03, 0x80, 0x38, 0x03, 0x80, 0x38,
  0x03, 0xFF, 0xFF, 0xFF, 0xFF, 0xFF, 0xFF, 0x80, 0x38, 0x03, 0x80, 0x38,
  0x03, 0x80, 0x38, 0x03, 0x80, 0x38, 0x03, 0x80, 0x38, 0x03, 0x80, 0x38,
  0x03, 0x80, 0x38, 0x03, 0x80, 0x38, 0x03, 0x80, 0x38, 0x03, 0xFF, 0xFF,
  0xFF, 0xFF, 0xFF, 0xFF, 0x80, 0x38, 0x03, 0x80, 0x38, 0x03, 0x80, 0x38,
  0x03, 0x80, 0x38, 0x03, 0x80, 0x38, 0x03, 0x80, 0x38, 0x03, 0x80, 0x38,
  0x03, 0x80, 0x38, 0x03, 0x80, 0x38, 0x03, 0xFF, 0xFF, 0xFF, 0xFF, 0xFF,
  0xFF, 0x80, 0x38, 0x03, 0x80, 0x38, 0x03, 0x80, 0x38, 0x03, 0x80, 0x38,
  0x03, 0x80, 0x38, 0x03, 0x80, 0x38, 0x03, 0x80, 0x38, 0x03, 0x80, 0x38,
  0x03, 0x80, 0x38, 0x03, 0xFF, 0xFF, 0xFF, 0xFF, 0xFF, 0xFF, 0x80, 0x38,
  0x03, 0x80, 0x38, 0x03, 0x80, 0x38, 0x03, 0x80, 0x38, 0x03, 0x80, 0x38,
  0x03, 0x80, 0x38, 0x03, 0x80, 0x38, 0x03, 0x80, 0x38, 0x03, 0x80, 0x38,
  0x03, 0xFF, 0xFF, 0xFF, 0xFF, 0xFF, 0xFF, 0x80, 0x38, 0x03, 0x80, 0x38,
  0x03, 0x80, 0x38, 0x03, 0x80, 0x38, 0x03, 0x80, 0x38, 0x03, 0x80, 0x38,
  0x03, 0x80, 0x38, 0x03, 0x80, 0x38, 0x03, 0x80, 0x38, 0x03, 0xFF, 0xFF,
  0xFF, 0xFF, 0xFF, 0xFF, 0x80, 0x38, 0x03, 0x80, 0x38, 0x03, 0x80, 0x38,
  0x03, 0x80, 0x38, 0x03, 0x80, 0x38, 0x03, 0x80, 0x38, 0x03, 0x80, 0x38,
  0x03, 0x80, 0x38, 0x03, 0x80, 0x38, 0x03, 0xFF, 0xFF, 0xFF, 0xFF, 0xFF,
  0xFF, 0x80, 0x38, 0x03, 0x80, 0x38, 0x03, 0x80, 0x38, 0x03, 0x80, 0x38,
  0x03, 0x80, 0x38, 0x03, 0x80, 0x38, 0x03, 0x80, 0x38, 0x03, 0x80, 0x38,
  0x03, 0x80, 0x38, 0x03, 0xFF, 0xFF, 0xFF, 0xFF, 0xFF, 0xFF, 0x80, 0x38,
  0x03, 0x80, 0x38, 0x03, 0x80, 0x38, 0x03, 0x80, 0x38, 0x03, 0x80, 0x38,
  0x03, 0x80, 0x38, 0x03, 0x80, 0x38, 0x03, 0x80, 0x38, 0x03, 0x80, 0x38,
  0x03, 0xFF, 0xFF, 0xFF, 0xFF, 0xFF, 0xFF, 0x80, 0x38, 0x03, 0x80, 0x38,
  0x03, 0x80, 0x38, 0x03, 0x80, 0x38, 0x03, 0x80, 0x38, 0x03, 0x80, 0x38,
  0x03, 0x80, 0x38, 0x03, 0x80, 0x38, 0x03, 0x80, 0x38, 0x03, 0xFF, 0xFF,
  0xFF, 0xFF, 0xFF, 0xFF, 0x80, 0x38, 0x03, 0x80, 0x38, 0x03, 0x80, 0x38,
  0x03, 0x80, 0x38, 0x03, 0x80, 0x38, 0x03, 0x80, 0x38, 0x03, 0x80, 0x38,
  0x03, 0x80, 0x38, 0x03, 0x80, 0x38, 0x03, 0xFF, 0xFF, 0xFF, 0xFF, 0xFF,
  0xFF, 0x80, 0x38, 0x03, 0x80, 0x38, 0x03, 0x80, 0x38, 0x03, 0x80, 0x38,
  0x03, 0x80, 0x38, 0x03, 0x80, 0x38, 0x03, 0x80, 0x38, 0x03, 0x80, 0x38,
  0x03, 0x80, 0x38, 0x03, 0xFF, 0xFF, 0xFF, 0xFF, 0xFF, 0xFF, 0x80, 0x38,
  0x03, 0x80, 0x38, 0x03, 0x80, 0x38, 0x03, 0x80, 0x38, 0x03, 0x80, 0x38,
  0x03, 0x80, 0x38, 0x03, 0x80, 0x38, 0x03, 0x80, 0x38, 0x03, 0x80, 0x38,
  0x03, 0xFF, 0xFF, 0xFF, 0xFF, 0xFF, 0xFF, 0x80, 0x38, 0x03, 0x80, 0x38,
  0x03, 0x80, 0x38, 0x03, 0x80, 0x38, 0x03, 0x80, 0x38, 0x03, 0x80, 0x38,
  0x03, 0x80, 0x38, 0x03, 0x80, 0x38, 0x03, 0x80, 0x38, 0x03, 0xFF, 0xFF,
  0xFF, 0xFF, 0xFF, 0xFF, 0x80, 0x38, 0x03, 0x80, 0x38, 0x03, 0x80, 0x38,
  0x03, 0x80, 0x38, 0x03, 0x80, 0x38, 0x03, 0x80, 0x38, 0x03, 0x80, 0x38,
  0x03, 0x80, 0x38, 0x03, 0x80, 0x38, 0x03, 0xFF, 0xFF, 0xFF, 0xFF, 0xFF,
  0xFF, 0x80, 0x38, 0x03, 0x80, 0x38, 0x03, 0x80, 0x38, 0x03, 0x80, 0x38,
  0x03, 0x80, 0x38, 0x03, 0x80, 0x38, 0x03, 0x80, 0x38, 0x03, 0x80, 0x38,
  0x03, 0x80, 0x38, 0x03, 0xFF, 0xFF, 0xFF, 0xFF, 0xFF, 0xFF, 0x80, 0x38,
  0x03, 0x80, 0x38, 0x03, 0x80, 0x38, 0x03, 0x80, 0x38, 0x03, 0x80, 0x38,
  0x03, 0x80, 0x38, 0x03, 0x80, 0x38, 0x03, 0x80, 0x38, 0x03, 0x80, 0x38,
  0x03, 0xFF, 0xFF, 0xFF, 0xFF, 0xFF, 0xFF, 0x80, 0x38, 0x03, 0x80, 0x38,
  0x03, 0x80, 0x38, 0x03, 0x80, 0x38, 0x03, 0x80, 0x38, 0x03, 0x80, 0x38,
  0x03, 0x80, 0x38, 0x03, 0x80, 0x38, 0x03, 0x80, 0x38, 0x03, 0xFF, 0xFF,
  0xFF, 0xFF, 0xFF, 0xFF, 0x80, 0x38, 0x03, 0x80, 0x38, 0x03, 0x80, 0x38,
  0x03, 0x80, 0x38, 0x03, 0x80, 0x38, 0x03, 0x80, 0x38, 0x03, 0x80, 0x38,
  0x03, 0x80, 0x38, 0x03, 0x80, 0x38, 0x03, 0xFF, 0xFF, 0xFF, 0xFF, 0xFF,
  0xFF, 0x80, 0x38, 0x03, 0x80, 0x38, 0x03, 0x80, 0x38, 0x03, 0x80, 0x38,
  0x03, 0x80, 0x38, 0x03, 0x80, 0x38, 0x03, 0x80, 0x38, 0x03, 0x80, 0x38,
  0x03, 0x80, 0x38, 0x03, 0xFF, 0xFF, 0xFF, 0xFF, 0xFF, 0xFF, 0x80, 0x38,
  0x03, 0x80, 0x38, 0x03, 0x80, 0x38, 0x03, 0x80, 0x38, 0x03, 0x80, 0x38,
  0x03, 0x80, 0x38, 0x03, 0x80, 0x38, 0x03, 0x80, 0x38, 0x03, 0x80, 0x38,
  0x03, 0xFF, 0xFF, 0xFF, 0x00, 0x7F, 0xFF, 0xDF, 0x10, 0x00, 0x0E, 0x38,
  0xE3, 0x8E, 0x39, 0xE7, 0x9F, 0x7F, 0xFF, 0xFF, 0xFD, 0xF0, 0x00, 0xE0,
  0x01, 0xC0, 0x0F, 0xC0, 0x7F, 0xE3, 0xFF, 0xE7, 0xFB, 0xDF, 0x7F, 0xBE,
  0xFF, 0xFB, 0xDD, 0xF7, 0x03, 0xEE, 0x07, 0xDC, 0x0F, 0xF8, 0x1F, 0xF0,
  0x1F, 0xE1, 0x3F, 0xFF, 0x3F, 0xFE, 0x3F, 0xF0, 0x3F, 0x80, 0x78, 0x00,
  0xE0, 0x00, 0x07, 0xFC, 0x0F, 0xFF, 0x0F, 0xC3, 0xC7, 0xC3, 0xE7, 0xE1,
  0xF3, 0xE0, 0xF9, 0xF8, 0x10, 0xFC, 0x00, 0x3E, 0x00, 0x1F, 0x80, 0x3F,
  0xFF, 0x1F, 0xFF, 0x80, 0xF8, 0x00, 0x7C, 0x00, 0x3E, 0x00, 0x1F, 0x07,
  0x0F, 0x03, 0x8F, 0x83, 0xC7, 0x83, 0xFF, 0xFF, 0xF7, 0xFF, 0xF3, 0xFF,
  0xF8, 0x60, 0x07, 0xE7, 0xBD, 0xFF, 0xF9, 0xFF, 0xE3, 0xC7, 0xCF, 0x87,
  0x9F, 0x0F, 0x3E, 0x1E, 0x7C, 0x3C, 0xF8, 0xF8, 0xFB, 0xF3, 0xFF, 0xEF,
  0x7D, 0xEC, 0x01, 0x80, 0xFF, 0xC3, 0xFF, 0xFF, 0x0F, 0xFF, 0xF8, 0x3F,
  0xCF, 0xC0, 0x3C, 0x1F, 0x00, 0xE0, 0x3E, 0x07, 0x00, 0xFC, 0x3C, 0x01,
  0xF0, 0xE0, 0x07, 0xE7, 0x80, 0xFF, 0x9F, 0x83, 0xFF, 0xFE, 0x00, 0x7F,
  0x80, 0x00, 0xFC, 0x00, 0xFF, 0xFF, 0x83, 0xFF, 0xFE, 0x10, 0x3F, 0x00,
  0x00, 0xFC, 0x00, 0x03, 0xF0, 0x00, 0x0F, 0xC0, 0x00, 0x7F, 0x80, 0x03,
  0xFF, 0x00, 0x0F, 0xFC, 0x00, 0xFF, 0xFF, 0xFF, 0xFF, 0xFF, 0xFF, 0x00,
  0x00, 0xFF, 0xFF, 0xFF, 0xFF, 0xFF, 0xFF, 0x01, 0xF0, 0x03, 0xFE, 0x03,
  0xFF, 0x03, 0xC7, 0xC1, 0xE3, 0xE0, 0xF1, 0xE0, 0x7C, 0x00, 0x3F, 0x00,
  0x3F, 0xC0, 0x3F, 0xF8, 0x3C, 0xFE, 0x1E, 0x3F, 0xCF, 0x87, 0xF7, 0xC1,
  0xFD, 0xF8, 0x7E, 0xFE, 0x1F, 0x3F, 0xC7, 0x8F, 0xF3, 0xC1, 0xFD, 0xE0,
  0x3F, 0xE0, 0x0F, 0xE0, 0x03, 0xE0, 0x30, 0xF0, 0x3C, 0x78, 0x3E, 0x3C,
  0x0F, 0x1E, 0x07, 0xFE, 0x01, 0xFC, 0x00, 0x70, 0xEF, 0x9F, 0xF9, 0xFF,
  0x9F, 0x70, 0xE0, 0x01, 0xFE, 0x00, 0x1F, 0xFE, 0x00, 0xF0, 0x3E, 0x07,
  0x00, 0x3C, 0x38, 0x23, 0x39, 0xC3, 0xFC, 0xE6, 0x3F, 0xF1, 0xF8, 0xF0,
  0xC7, 0xE7, 0x83, 0x0F, 0x9E, 0x00, 0x3E, 0x78, 0x00, 0xF1, 0xE0, 0x03,
  0xE7, 0x80, 0x0F, 0x9E, 0x00, 0x7E, 0x3C, 0x31, 0xDC, 0x7F, 0xE6, 0x70,
  0xFE, 0x38, 0xE0, 0x01, 0xC1, 0xE0, 0x0E, 0x03, 0xFF, 0xF0, 0x03, 0xFF,
  0x00, 0x00, 0x40, 0x00, 0x3F, 0x83, 0xFE, 0x38, 0x79, 0xE3, 0xC0, 0x1E,
  0x0F, 0xF1, 0xFF, 0x9E, 0x3C, 0xF1, 0xE7, 0xFF, 0xFF, 0xBE, 0x20, 0xC0,
  0x03, 0x06, 0x1E, 0x3C, 0x78, 0xF1, 0xF3, 0xE7, 0xCF, 0x9F, 0x3E, 0x3E,
  0x7C, 0x7C, 0xF8, 0x7C, 0xF8, 0x78, 0xF0, 0x78, 0xF0, 0x78, 0xF0, 0x70,
  0xE0, 0x40, 0x80, 0xFF, 0xFF, 0xFF, 0xFF, 0xFF, 0xC0, 0x0F, 0x00, 0x3C,
  0x00, 0xF0, 0x03, 0xC0, 0x0F, 0x00, 0x1F, 0xC1, 0xFF, 0x18, 0x1C, 0xE6,
  0xF7, 0x37, 0xF8, 0xFF, 0xC9, 0xEE, 0x4F, 0x73, 0x13, 0xFF, 0x8F, 0xF8,
  0x1F, 0x00, 0xFF, 0xFF, 0xFF, 0xFC, 0x1E, 0x3F, 0x9D, 0xFC, 0x3E, 0x1B,
  0x9D, 0xFC, 0x7C, 0x07, 0x80, 0x1E, 0x00, 0x78, 0x01, 0xE0, 0xFF, 0xFF,
  0xFF, 0xFF, 0xFF, 0xC1, 0xE0, 0x07, 0x80, 0x1E, 0x00, 0x78, 0x01, 0xE0,
  0x00, 0x00, 0x00, 0x0F, 0xFF, 0xFF, 0xFF, 0xFF, 0xFC, 0x3F, 0x9F, 0xFB,
  0x8F, 0x70, 0xFE, 0x3E, 0x07, 0x81, 0xF0, 0x3C, 0x0E, 0x03, 0x8D, 0xE1,
  0xFF, 0xFF, 0xFF, 0xFF, 0xC0, 0x3F, 0x8F, 0xFB, 0x8F, 0xF8, 0xF6, 0x3C,
  0x07, 0x87, 0xC0, 0xFC, 0x03, 0xE0, 0x3D, 0x07, 0xF1, 0xFF, 0xFC, 0xFF,
  0x03, 0x80, 0x0E, 0x3C, 0x79, 0xE7, 0x9E, 0x10, 0x00, 0xF8, 0x3F, 0x3E,
  0x0F, 0xCF, 0x83, 0xF3, 0xE0, 0xF8, 0xF8, 0x3E, 0x3E, 0x0F, 0x8F, 0x83,
  0xE3, 0xE0, 0xF8, 0xF8, 0x3E, 0x3E, 0x0F, 0x8F, 0x83, 0xE3, 0xE0, 0xF8,
  0xF8, 0x3E, 0x3F, 0xFF, 0xFF, 0xFD, 0xFF, 0xFF, 0x3F, 0xF8, 0x00, 0x3E,
  0x00, 0x0F, 0x80, 0x03, 0xE0, 0x00, 0xFC, 0x00, 0x3F, 0x00, 0x07, 0xC0,
  0x00, 0x07, 0x9F, 0xC7, 0xE7, 0xF3, 0xF9, 0xF9, 0xFE, 0x7C, 0x7F, 0x9F,
  0x1F, 0xE7, 0xC7, 0xF9, 0xF3, 0xFE, 0x7C, 0x7F, 0x9F, 0x1F, 0xE7, 0xC7,
  0xF9, 0xF0, 0xFE, 0x7C, 0x3F, 0x9F, 0x03, 0xE7, 0xC0, 0x01, 0xF0, 0x00,
  0x7C, 0x00, 0x1F, 0x00, 0x07, 0xC0, 0x01, 0xF0, 0x00, 0x7C, 0x00, 0x1F,
  0x00, 0x07, 0xC0, 0x01, 0xF0, 0x00, 0x7C, 0x00, 0xFF, 0x00, 0x3F, 0xC0,
  0x0F, 0xF0, 0x7B, 0xFF, 0xFF, 0x7C, 0x38, 0x38, 0x7E, 0x0F, 0x0F, 0xFF,
  0xFE, 0x18, 0x7E, 0x7F, 0x3F, 0x83, 0xC1, 0xE0, 0xF0, 0x78, 0x3C, 0x1E,
  0x0F, 0x07, 0x87, 0xCF, 0xFF, 0xFC, 0x1F, 0xC7, 0xFE, 0x78, 0xFF, 0x0F,
  0xF0, 0xFF, 0x0F, 0xF0, 0xFF, 0x0F, 0xF0, 0xF7, 0xDE, 0x3F, 0xC0, 0xF0,
  0xC1, 0x81, 0xE3, 0xC1, 0xE3, 0xC3, 0xE7, 0xC3, 0xE7, 0xC3, 0xE7, 0xC7,
  0xCF, 0x8F, 0x9F, 0x3E, 0x7C, 0x78, 0xF1, 0xE3, 0xC7, 0x8F, 0x0E, 0x1C,
  0x08, 0x10, 0x00, 0x7E, 0x00, 0x1E, 0x03, 0xF8, 0x00, 0xF0, 0x0F, 0xE0,
  0x07, 0x80, 0x07, 0x80, 0x1E, 0x00, 0x1E, 0x00, 0xF0, 0x00, 0x78, 0x03,
  0xC0, 0x01, 0xE0, 0x1E, 0x00, 0x07, 0x80, 0x70, 0x3C, 0x1E, 0x03, 0xC1,
  0xF0, 0x78, 0x1E, 0x0F, 0xC1, 0xE0, 0x78, 0x3F, 0x0F, 0x83, 0xC1, 0xBC,
  0xFF, 0x8F, 0x0E, 0xF3, 0xFE, 0x78, 0x33, 0xC0, 0x01, 0xC1, 0x8F, 0x00,
  0x0F, 0x0E, 0x3C, 0x00, 0x78, 0x30, 0xF0, 0x01, 0xE1, 0xFF, 0xF0, 0x0F,
  0x07, 0xFF, 0xC0, 0x3C, 0x00, 0x3C, 0x01, 0xE0, 0x00, 0xF0, 0x0F, 0x00,
  0x03, 0xC0, 0x7E, 0x00, 0x1E, 0x01, 0xFC, 0x00, 0x78, 0x03, 0xF8, 0x01,
  0xE0, 0x00, 0xF0, 0x03, 0xC0, 0x01, 0xE0, 0x0F, 0x00, 0x03, 0xC0, 0x1E,
  0x00, 0x07, 0x80, 0x78, 0x00, 0x0F, 0x00, 0xE1, 0xFC, 0x1E, 0x03, 0xCF,
  0xFC, 0x3C, 0x0F, 0x1C, 0x78, 0x78, 0x1E, 0x38, 0x79, 0xF0, 0x78, 0x71,
  0xFF, 0xF8, 0xF0, 0x03, 0xDF, 0xF3, 0xC0, 0x0F, 0x80, 0x07, 0x00, 0x1E,
  0x00, 0x1E, 0x00, 0x70, 0x00, 0x78, 0x01, 0xC6, 0x00, 0xF0, 0x0F, 0x0C,
  0x03, 0xC0, 0x3F, 0xF8, 0x07, 0x80, 0x7F, 0xF0, 0x1E, 0x00, 0xFF, 0xE0,
  0x78, 0x00, 0x00, 0x00, 0x3F, 0x80, 0x07, 0x80, 0xFF, 0x80, 0x1E, 0x03,
  0x8F, 0x80, 0x78, 0x07, 0x8F, 0x00, 0xF0, 0x06, 0x3C, 0x03, 0xC0, 0x00,
  0x78, 0x07, 0x80, 0x07, 0xC0, 0x1E, 0x00, 0x0F, 0xC0, 0x38, 0x3C, 0x03,
  0xE0, 0xF0, 0xF8, 0x03, 0xC3, 0xC3, 0xF1, 0x07, 0x87, 0x87, 0xE7, 0x1F,
  0x1E, 0x1B, 0xCF, 0xFC, 0x3C, 0x77, 0x8F, 0xF0, 0xF0, 0xCF, 0x03, 0x81,
  0xC3, 0x1E, 0x00, 0x07, 0x8E, 0x3C, 0x00, 0x1E, 0x18, 0x78, 0x00, 0x3C,
  0x7F, 0xFC, 0x00, 0xF0, 0xFF, 0xF8, 0x01, 0xE0, 0x03, 0xC0, 0x07, 0x80,
  0x07, 0x80, 0x1E, 0x00, 0x0F, 0x00, 0x01, 0x00, 0x1F, 0x00, 0x7C, 0x01,
  0xF8, 0x07, 0xC0, 0x04, 0x00, 0x00, 0x00, 0x00, 0x03, 0x80, 0x0E, 0x00,
  0x38, 0x01, 0xE0, 0x0F, 0x80, 0xFE, 0x07, 0xF0, 0x1F, 0x80, 0xFC, 0x1B,
  0xE0, 0xFF, 0x83, 0xFE, 0x0F, 0xFC, 0x39, 0xFF, 0xE1, 0xFE, 0x00, 0x00,
  0xC0, 0x00, 0x03, 0xC0, 0x00, 0x07, 0xC0, 0x00, 0x07, 0xC0, 0x00, 0x07,
  0xC0, 0x00, 0x03, 0xC0, 0x00, 0x01, 0x00, 0x00, 0x00, 0x00, 0x00, 0x7E,
  0x00, 0x00, 0xFC, 0x00, 0x01, 0xF8, 0x00, 0x07, 0xF8, 0x00, 0x0F, 0xF0,
  0x00, 0x3F, 0xE0, 0x00, 0x73, 0xE0, 0x00, 0xE7, 0xC0, 0x03, 0x8F, 0xC0,
  0x07, 0x0F, 0x80, 0x0E, 0x1F, 0x00, 0x38, 0x3F, 0x00, 0x70, 0x3E, 0x00,
  0xFF, 0xFC, 0x03, 0xFF, 0xFC, 0x07, 0x00, 0xF8, 0x1E, 0x01, 0xF0, 0x38,
  0x03, 0xF0, 0x70, 0x07, 0xE3, 0xF0, 0x1F, 0xFF, 0xF0, 0x7F, 0xFF, 0xE0,
  0xFF, 0xC0, 0x00, 0x02, 0x00, 0x00, 0x0E, 0x00, 0x00, 0x3C, 0x00, 0x00,
  0xF8, 0x00, 0x07, 0xE0, 0x00, 0x0E, 0x00, 0x00, 0x10, 0x00, 0x00, 0x00,
  0x00, 0x00, 0x7E, 0x00, 0x00, 0xFC, 0x00, 0x01, 0xF8, 0x00, 0x07, 0xF8,
  0x00, 0x0F, 0xF0, 0x00, 0x3F, 0xE0, 0x00, 0x73, 0xE0, 0x00, 0xE7, 0xC0,
  0x03, 0x8F, 0xC0, 0x07, 0x0F, 0x80, 0x0E, 0x1F, 0x00, 0x38, 0x3F, 0x00,
  0x70, 0x3E, 0x00, 0xFF, 0xFC, 0x03, 0xFF, 0xFC, 0x07, 0x00, 0xF8, 0x1E,
  0x01, 0xF0, 0x38, 0x03, 0xF0, 0x70, 0x07, 0xE3, 0xF0, 0x1F, 0xFF, 0xF0,
  0x7F, 0xFF, 0xE0, 0xFF, 0xC0, 0x00, 0x18, 0x00, 0x00, 0x78, 0x00, 0x01,
  0xF8, 0x00, 0x07, 0xF8, 0x00, 0x1E, 0xF8, 0x00, 0x78, 0x78, 0x00, 0x40,
  0x20, 0x00, 0x00, 0x00, 0x00, 0x7E, 0x00, 0x00, 0xFC, 0x00, 0x01, 0xF8,
  0x00, 0x07, 0xF8, 0x00, 0x0F, 0xF0, 0x00, 0x3F, 0xE0, 0x00, 0x73, 0xE0,
  0x00, 0xE7, 0xC0, 0x03, 0x8F, 0xC0, 0x07, 0x0F, 0x80, 0x0E, 0x1F, 0x00,
  0x38, 0x3F, 0x00, 0x70, 0x3E, 0x00, 0xFF, 0xFC, 0x03, 0xFF, 0xFC, 0x07,
  0x00, 0xF8, 0x1E, 0x01, 0xF0, 0x38, 0x03, 0xF0, 0x70, 0x07, 0xE3, 0xF0,
  0x1F, 0xFF, 0xF0, 0x7F, 0xFF, 0xE0, 0xFF, 0xC0, 0x00, 0xF0, 0x80, 0x03,
  0xFF, 0x80, 0x0F, 0xFE, 0x00, 0x1F, 0xFC, 0x00, 0x10, 0xF0, 0x00, 0x00,
  0x00, 0x00, 0x00, 0x00, 0x00, 0x3F, 0x00, 0x00, 0x7E, 0x00, 0x00, 0xFC,
  0x00, 0x03, 0xFC, 0x00, 0x07, 0xF8, 0x00, 0x1F, 0xF0, 0x00, 0x39, 0xF0,
  0x00, 0x73, 0xE0, 0x01, 0xC7, 0xE0, 0x03, 0x87, 0xC0, 0x07, 0x0F, 0x80,
  0x1C, 0x1F, 0x80, 0x38, 0x1F, 0x00, 0x7F, 0xFE, 0x01, 0xFF, 0xFE, 0x03,
  0x80, 0x7C, 0x0F, 0x00, 0xF8, 0x1C, 0x01, 0xF8, 0x38, 0x03, 0xF1, 0xF8,
  0x0F, 0xFF, 0xF8, 0x3F, 0xFF, 0xF0, 0x7F, 0xE0, 0x03, 0xC7, 0x80, 0x07,
  0xCF, 0x80, 0x1F, 0x9F, 0x00, 0x1F, 0x3E, 0x00, 0x1C, 0x38, 0x00, 0x00,
  0x00, 0x00, 0x00, 0x00, 0x00, 0x3F, 0x00, 0x00, 0x7E, 0x00, 0x00, 0xFC,
  0x00, 0x03, 0xFC, 0x00, 0x07, 0xF8, 0x00, 0x1F, 0xF0, 0x00, 0x39, 0xF0,
  0x00, 0x73, 0xE0, 0x01, 0xC7, 0xE0, 0x03, 0x87, 0xC0, 0x07, 0x0F, 0x80,
  0x1C, 0x1F, 0x80, 0x38, 0x1F, 0x00, 0x7F, 0xFE, 0x01, 0xFF, 0xFE, 0x03,
  0x80, 0x7C, 0x0F, 0x00, 0xF8, 0x1C, 0x01, 0xF8, 0x38, 0x03, 0xF1, 0xF8,
  0x0F, 0xFF, 0xF8, 0x3F, 0xFF, 0xF0, 0x7F, 0xE0, 0x00, 0x7E, 0x00, 0x01,
  0xDE, 0x00, 0x07, 0x9C, 0x00, 0x0E, 0x38, 0x00, 0x0E, 0x70, 0x00, 0x1F,
  0xC0, 0x00, 0x0E, 0x00, 0x00, 0x00, 0x00, 0x00, 0x7E, 0x00, 0x00, 0xFC,
  0x00, 0x01, 0xF8, 0x00, 0x07, 0xF8, 0x00, 0x0F, 0xF0, 0x00, 0x3F, 0xE0,
  0x00, 0x73, 0xE0, 0x00, 0xE7, 0xC0, 0x03, 0x8F, 0xC0, 0x07, 0x0F, 0x80,
  0x0E, 0x1F, 0x00, 0x38, 0x3F, 0x00, 0x70, 0x3E, 0x00, 0xFF, 0xFC, 0x03,
  0xFF, 0xFC, 0x07, 0x00, 0xF8, 0x1E, 0x01, 0xF0, 0x38, 0x03, 0xF0, 0x70,
  0x07, 0xE3, 0xF0, 0x1F, 0xFF, 0xF0, 0x7F, 0xFF, 0xE0, 0xFF, 0xC0, 0x00,
  0xFF, 0xFF, 0xFC, 0x01, 0xFF, 0xFF, 0xF8, 0x01, 0xFF, 0xFF, 0xF0, 0x01,
  0xC7, 0xC0, 0xE0, 0x07, 0x8F, 0x81, 0xE0, 0x0E, 0x1F, 0x01, 0xC0, 0x3C,
  0x3E, 0x00, 0x00, 0x70, 0x7C, 0x10, 0x01, 0xE0, 0xF8, 0x60, 0x03, 0x81,
  0xF1, 0xC0, 0x07, 0xFF, 0xFF, 0x80, 0x1F, 0xFF, 0xFF, 0x00, 0x3F, 0xFF,
  0xFE, 0x00, 0xF0, 0x1F, 0x1C, 0x01, 0xC0, 0x3E, 0x18, 0x07, 0x80, 0x7C,
  0x07, 0x0E, 0x00, 0xF8, 0x0E, 0x3C, 0x01, 0xF0, 0x1C, 0x70, 0x07, 0xE0,
  0x7B, 0xF0, 0x1F, 0xFF, 0xFF, 0xF8, 0x7F, 0xFF, 0xFF, 0xF0, 0xFF, 0xFF,
  0xC0, 0x03, 0xFE, 0xE0, 0x7F, 0xFE, 0x1F, 0xFF, 0xE1, 0xF0, 0x3E, 0x3E,
  0x01, 0xE7, 0xE0, 0x0E, 0x7C, 0x00, 0xE7, 0xC0, 0x05, 0x7C, 0x00, 0x0F,
  0xC0, 0x00, 0xFC, 0x00, 0x0F, 0xC0, 0x00, 0xFC, 0x00, 0x0F, 0xC0, 0x00,
  0x7C, 0x00, 0x07, 0xE0, 0x00, 0x7E, 0x00, 0x23, 0xF0, 0x06, 0x3F, 0xC3,
  0xF1, 0xFF, 0xFE, 0x0F, 0xFF, 0x80, 0x3F, 0xF0, 0x00, 0x70, 0x00, 0x07,
  0x00, 0x00, 0xFC, 0x00, 0x01, 0xE0, 0x00, 0x1E, 0x00, 0x1F, 0xE0, 0x01,
  0xFC, 0x00, 0x07, 0x00, 0x06, 0x00, 0x03, 0xC0, 0x00, 0xF8, 0x00, 0x1F,
  0x00, 0x03, 0xE0, 0x00, 0x3C, 0x00, 0x02, 0x00, 0x00, 0x00, 0xFF, 0xFF,
  0x3F, 0xFF, 0xCF, 0xFF, 0xF8, 0xF8, 0x1E, 0x3E, 0x03, 0x8F, 0x80, 0xE3,
  0xE0, 0x00, 0xF8, 0x60, 0x3E, 0x18, 0x0F, 0x9E, 0x03, 0xFF, 0x80, 0xFF,
  0xE0, 0x3E, 0x38, 0x0F, 0x86, 0x03, 0xE1, 0x80, 0xF8, 0x07, 0x3E, 0x03,
  0xCF, 0x80, 0xE3, 0xE0, 0x79, 0xFF, 0xFE, 0xFF, 0xFF, 0xBF, 0xFF, 0xE0,
  0x00, 0x10, 0x00, 0x0E, 0x00, 0x07, 0x80, 0x03, 0xE0, 0x03, 0xF0, 0x00,
  0xE0, 0x00, 0x20, 0x00, 0x00, 0x00, 0xFF, 0xFF, 0x3F, 0xFF, 0xCF, 0xFF,
  0xF8, 0xF8, 0x1E, 0x3E, 0x03, 0x8F, 0x80, 0xE3, 0xE0, 0x00, 0xF8, 0x60,
  0x3E, 0x18, 0x0F, 0x9E, 0x03, 0xFF, 0x80, 0xFF, 0xE0, 0x3E, 0x38, 0x0F,
  0x86, 0x03, 0xE1, 0x80, 0xF8, 0x07, 0x3E, 0x03, 0xCF, 0x80, 0xE3, 0xE0,
  0x79, 0xFF, 0xFE, 0xFF, 0xFF, 0xBF, 0xFF, 0xE0, 0x00, 0xC0, 0x00, 0x78,
  0x00, 0x3F, 0x00, 0x1F, 0xE0, 0x0F, 0x7C, 0x07, 0x87, 0x80, 0x80, 0x40,
  0x00, 0x00, 0xFF, 0xFF, 0x3F, 0xFF, 0xCF, 0xFF, 0xF8, 0xF8, 0x1E, 0x3E,
  0x03, 0x8F, 0x80, 0xE3, 0xE0, 0x00, 0xF8, 0x60, 0x3E, 0x18, 0x0F, 0x9E,
  0x03, 0xFF, 0x80, 0xFF, 0xE0, 0x3E, 0x38, 0x0F, 0x86, 0x03, 0xE1, 0x80,
  0xF8, 0x07, 0x3E, 0x03, 0xCF, 0x80, 0xE3, 0xE0, 0x79, 0xFF, 0xFE, 0xFF,
  0xFF, 0xBF, 0xFF, 0xE0, 0x1E, 0x3C, 0x07, 0xCF, 0x83, 0xF3, 0xE0, 0x7C,
  0xF8, 0x0E, 0x1C, 0x00, 0x00, 0x00, 0x00, 0x03, 0xFF, 0xFC, 0xFF, 0xFF,
  0x3F, 0xFF, 0xE3, 0xE0, 0x78, 0xF8, 0x0E, 0x3E, 0x03, 0x8F, 0x80, 0x03,
  0xE1, 0x80, 0xF8, 0x60, 0x3E, 0x78, 0x0F, 0xFE, 0x03, 0xFF, 0x80, 0xF8,
  0xE0, 0x3E, 0x18, 0x0F, 0x86, 0x03, 0xE0, 0x1C, 0xF8, 0x0F, 0x3E, 0x03,
  0x8F, 0x81, 0xE7, 0xFF, 0xFB, 0xFF, 0xFE, 0xFF, 0xFF, 0x80, 0x60, 0x3C,
  0x0F, 0x81, 0xF0, 0x3E, 0x03, 0xC0, 0x20, 0x00, 0xFF, 0xFF, 0xFF, 0xF8,
  0xF8, 0x3E, 0x0F, 0x83, 0xE0, 0xF8, 0x3E, 0x0F, 0x83, 0xE0, 0xF8, 0x3E,
  0x0F, 0x83, 0xE0, 0xF8, 0x3E, 0x0F, 0x83, 0xE1, 0xFC, 0xFF, 0xFF, 0xF0,
  0x01, 0x00, 0xE0, 0x78, 0x3E, 0x3F, 0x0E, 0x02, 0x00, 0x00, 0xFF, 0xFF,
  0xFF, 0xF8, 0xF8, 0x3E, 0x0F, 0x83, 0xE0, 0xF8, 0x3E, 0x0F, 0x83, 0xE0,
  0xF8, 0x3E, 0x0F, 0x83, 0xE0, 0xF8, 0x3E, 0x0F, 0x83, 0xE1, 0xFC, 0xFF,
  0xFF, 0xF0, 0x06, 0x00, 0xF0, 0x1F, 0x83, 0xFC, 0x7B, 0xEF, 0x0F, 0x40,
  0x20, 0x00, 0x7F, 0xE7, 0xFE, 0x7F, 0xC1, 0xF0, 0x1F, 0x01, 0xF0, 0x1F,
  0x01, 0xF0, 0x1F, 0x01, 0xF0, 0x1F, 0x01, 0xF0, 0x1F, 0x01, 0xF0, 0x1F,
  0x01, 0xF0, 0x1F, 0x01, 0xF0, 0x1F, 0x03, 0xF8, 0x7F, 0xE7, 0xFE, 0x78,
  0xF3, 0xE7, 0xFF, 0x3E, 0xF9, 0xF3, 0x87, 0x00, 0x00, 0x00, 0x07, 0xFE,
  0x3F, 0xF1, 0xFF, 0x03, 0xE0, 0x1F, 0x00, 0xF8, 0x07, 0xC0, 0x3E, 0x01,
  0xF0, 0x0F, 0x80, 0x7C, 0x03, 0xE0, 0x1F, 0x00, 0xF8, 0x07, 0xC0, 0x3E,
  0x01, 0xF0, 0x0F, 0x80, 0x7C, 0x07, 0xF0, 0x7F, 0xE3, 0xFF, 0x00, 0x3F,
  0xFF, 0x00, 0x7F, 0xFF, 0x80, 0xFF, 0xFF, 0xC0, 0x7C, 0x1F, 0xC0, 0xF8,
  0x0F, 0xC1, 0xF0, 0x1F, 0x83, 0xE0, 0x1F, 0x07, 0xC0, 0x3F, 0x0F, 0x80,
  0x7E, 0xFF, 0xF8, 0xFD, 0xFF, 0xF0, 0xFB, 0xFF, 0xE3, 0xF8, 0xF8, 0x07,
  0xE1, 0xF0, 0x0F, 0xC3, 0xE0, 0x1F, 0x87, 0xC0, 0x3E, 0x0F, 0x80, 0xFC,
  0x1F, 0x01, 0xF0, 0x3E, 0x0F, 0xC0, 0xFF, 0xFF, 0x03, 0xFF, 0xFC, 0x07,
  0xFF, 0xC0, 0x00, 0x01, 0xE1, 0x00, 0x07, 0xFF, 0x00, 0x1F, 0xFC, 0x00,
  0x3F, 0xF8, 0x00, 0x21, 0xE0, 0x00, 0x00, 0x00, 0x00, 0x00, 0x00, 0x7F,
  0x80, 0xFF, 0xFF, 0x01, 0xFF, 0xFF, 0x03, 0xF8, 0xFF, 0x01, 0xE1, 0xFE,
  0x03, 0xC3, 0xFE, 0x07, 0x87, 0xFC, 0x0F, 0x0E, 0xFC, 0x1E, 0x1C, 0xFC,
  0x3C, 0x39, 0xF8, 0x78, 0x71, 0xF8, 0xF0, 0xE1, 0xF1, 0xE1, 0xC3, 0xF3,
  0xC3, 0x83, 0xF7, 0x87, 0x07, 0xEF, 0x0E, 0x07, 0xFE, 0x1C, 0x07, 0xFC,
  0x38, 0x0F, 0xF8, 0x78, 0x0F, 0xF1, 0xF8, 0x0F, 0xE7, 0xF8, 0x1F, 0xCF,
  0xF0, 0x1F, 0x80, 0x01, 0x80, 0x00, 0x0F, 0x00, 0x00, 0x3E, 0x00, 0x00,
  0x7C, 0x00, 0x00, 0xF8, 0x00, 0x00, 0xF0, 0x00, 0x00, 0x80, 0x00, 0x00,
  0x00, 0x01, 0xFF, 0x00, 0x1F, 0xFF, 0x00, 0xFF, 0xFE, 0x07, 0xC0, 0xFC,
  0x3E, 0x01, 0xF9, 0xF8, 0x07, 0xE7, 0xC0, 0x0F, 0x9F, 0x00, 0x3F, 0x7C,
  0x00, 0xFF, 0xF0, 0x03, 0xFF, 0xC0, 0x0F, 0xFF, 0x00, 0x3F, 0xFC, 0x00,
  0xFF, 0xF0, 0x03, 0xF7, 0xC0, 0x0F, 0xDF, 0x00, 0x3E, 0x7E, 0x00, 0xF8,
  0xFC, 0x07, 0xC3, 0xF8, 0x3F, 0x07, 0xFF, 0xF8, 0x0F, 0xFF, 0xC0, 0x0F,
  0xFC, 0x00, 0x00, 0x04, 0x00, 0x00, 0x38, 0x00, 0x01, 0xE0, 0x00, 0x0F,
  0x80, 0x00, 0xFC, 0x00, 0x03, 0x80, 0x00, 0x08, 0x00, 0x00, 0x00, 0x00,
  0x01, 0xFF, 0x00, 0x1F, 0xFF, 0x00, 0xFF, 0xFE, 0x07, 0xC0, 0xFC, 0x3E,
  0x01, 0xF9, 0xF8, 0x07, 0xE7, 0xC0, 0x0F, 0x9F, 0x00, 0x3F, 0x7C, 0x00,
  0xFF, 0xF0, 0x03, 0xFF, 0xC0, 0x0F, 0xFF, 0x00, 0x3F, 0xFC, 0x00, 0xFF,
  0xF0, 0x03, 0xF7, 0xC0, 0x0F, 0xDF, 0x00, 0x3E, 0x7E, 0x00, 0xF8, 0xFC,
  0x07, 0xC3, 0xF8, 0x3F, 0x07, 0xFF, 0xF8, 0x0F, 0xFF, 0xC0, 0x0F, 0xFC,
  0x00, 0x00, 0x30, 0x00, 0x01, 0xE0, 0x00, 0x0F, 0xC0, 0x00, 0x7F, 0x80,
  0x03, 0xDF, 0x00, 0x1E, 0x1E, 0x00, 0x20, 0x10, 0x00, 0x00, 0x00, 0x01,
  0xFF, 0x00, 0x1F, 0xFF, 0x00, 0xFF, 0xFE, 0x07, 0xC0, 0xFC, 0x3E, 0x01,
  0xF9, 0xF8, 0x07, 0xE7, 0xC0, 0x0F, 0x9F, 0x00, 0x3F, 0x7C, 0x00, 0xFF,
  0xF0, 0x03, 0xFF, 0xC0, 0x0F, 0xFF, 0x00, 0x3F, 0xFC, 0x00, 0xFF, 0xF0,
  0x03, 0xF7, 0xC0, 0x0F, 0xDF, 0x00, 0x3E, 0x7E, 0x00, 0xF8, 0xFC, 0x07,
  0xC3, 0xF8, 0x3F, 0x07, 0xFF, 0xF8, 0x0F, 0xFF, 0xC0, 0x0F, 0xFC, 0x00,
  0x01, 0xE1, 0x00, 0x0F, 0xFE, 0x00, 0x7F, 0xF0, 0x01, 0xFF, 0xC0, 0x02,
  0x1E, 0x00, 0x00, 0x00, 0x00, 0x00, 0x00, 0x00, 0x7F, 0xC0, 0x07, 0xFF,
  0xC0, 0x3F, 0xFF, 0x81, 0xF0, 0x3F, 0x0F, 0x80, 0x7E, 0x7E, 0x01, 0xF9,
  0xF0, 0x03, 0xE7, 0xC0, 0x0F, 0xDF, 0x00, 0x3F, 0xFC, 0x00, 0xFF, 0xF0,
  0x03, 0xFF, 0xC0, 0x0F, 0xFF, 0x00, 0x3F, 0xFC, 0x00, 0xFD, 0xF0, 0x03,
  0xF7, 0xC0, 0x0F, 0x9F, 0x80, 0x3E, 0x3F, 0x01, 0xF0, 0xFE, 0x0F, 0xC1,
  0xFF, 0xFE, 0x03, 0xFF, 0xF0, 0x03, 0xFF, 0x00, 0x07, 0x8F, 0x00, 0x1F,
  0x3E, 0x00, 0xFC, 0xF8, 0x01, 0xF3, 0xE0, 0x03, 0x87, 0x00, 0x00, 0x00,
  0x00, 0x00, 0x00, 0x00, 0x7F, 0xC0, 0x07, 0xFF, 0xC0, 0x3F, 0xFF, 0x81,
  0xF0, 0x3F, 0x0F, 0x80, 0x7E, 0x7E, 0x01, 0xF9, 0xF0, 0x03, 0xE7, 0xC0,
  0x0F, 0xDF, 0x00, 0x3F, 0xFC, 0x00, 0xFF, 0xF0, 0x03, 0xFF, 0xC0, 0x0F,
  0xFF, 0x00, 0x3F, 0xFC, 0x00, 0xFD, 0xF0, 0x03, 0xF7, 0xC0, 0x0F, 0x9F,
  0x80, 0x3E, 0x3F, 0x01, 0xF0, 0xFE, 0x0F, 0xC1, 0xFF, 0xFE, 0x03, 0xFF,
  0xF0, 0x03, 0xFF, 0x00, 0x20, 0x46, 0x06, 0xF0, 0xF7, 0x9E, 0x3F, 0xC1,
  0xF8, 0x0F, 0x01, 0xF8, 0x3F, 0xC7, 0x9E, 0xF0, 0xF6, 0x06, 0x20, 0x40,
  0x01, 0xFF, 0x3E, 0x0F, 0xFF, 0xF0, 0x3F, 0xFF, 0xC0, 0xF8, 0x1F, 0x83,
  0xE0, 0x1F, 0x8F, 0xC0, 0x7F, 0x1F, 0x01, 0xFE, 0x3E, 0x07, 0xFE, 0x7C,
  0x0E, 0xFD, 0xF8, 0x39, 0xFB, 0xF0, 0xE3, 0xF7, 0xE3, 0xC7, 0xEF, 0xCF,
  0x0F, 0xDF, 0xBC, 0x1F, 0x9F, 0x70, 0x3F, 0x3F, 0xC0, 0x7C, 0x7F, 0x00,
  0xF8, 0x7E, 0x03, 0xE0, 0xFE, 0x0F, 0xC1, 0xFF, 0xFF, 0x07, 0xFF, 0xFC,
  0x1E, 0x7F, 0xE0, 0x00, 0x00, 0xC0, 0x00, 0x03, 0xC0, 0x00, 0x07, 0xC0,
  0x00, 0x07, 0xC0, 0x00, 0x07, 0xC0, 0x00, 0x03, 0xC0, 0x00, 0x01, 0x00,
  0x00, 0x00, 0x00, 0xFF, 0xC1, 0xFF, 0xFF, 0x83, 0xFD, 0xFE, 0x07, 0xF1,
  0xF8, 0x03, 0x83, 0xF0, 0x07, 0x07, 0xE0, 0x0E, 0x0F, 0xC0, 0x1C, 0x1F,
  0x80, 0x38, 0x3F, 0x00, 0x70, 0x7E, 0x00, 0xE0, 0xFC, 0x01, 0xC1, 0xF8,
  0x03, 0x83, 0xF0, 0x07, 0x07, 0xE0, 0x0E, 0x0F, 0xC0, 0x1C, 0x0F, 0x80,
  0x38, 0x1F, 0x00, 0x70, 0x3F, 0x01, 0xE0, 0x7F, 0x07, 0x80, 0x7F, 0xFF,
  0x00, 0x7F, 0xFC, 0x00, 0x7F, 0xE0, 0x00, 0x00, 0x02, 0x00, 0x00, 0x0E,
  0x00, 0x00, 0x3C, 0x00, 0x00, 0xF8, 0x00, 0x07, 0xE0, 0x00, 0x0E, 0x00,
  0x00, 0x10, 0x00, 0x00, 0x00, 0x00, 0xFF, 0xC1, 0xFF, 0xFF, 0x83, 0xFD,
  0xFE, 0x07, 0xF1, 0xF8, 0x03, 0x83, 0xF0, 0x07, 0x07, 0xE0, 0x0E, 0x0F,
  0xC0, 0x1C, 0x1F, 0x80, 0x38, 0x3F, 0x00, 0x70, 0x7E, 0x00, 0xE0, 0xFC,
  0x01, 0xC1, 0xF8, 0x03, 0x83, 0xF0, 0x07, 0x07, 0xE0, 0x0E, 0x0F, 0xC0,
  0x1C, 0x0F, 0x80, 0x38, 0x1F, 0x00, 0x70, 0x3F, 0x01, 0xE0, 0x7F, 0x07,
  0x80, 0x7F, 0xFF, 0x00, 0x7F, 0xFC, 0x00, 0x7F, 0xE0, 0x00, 0x00, 0x18,
  0x00, 0x00, 0x78, 0x00, 0x01, 0xF8, 0x00, 0x07, 0xF8, 0x00, 0x1E, 0xF8,
  0x00, 0x78, 0x78, 0x00, 0x40, 0x20, 0x00, 0x00, 0x00, 0xFF, 0xC1, 0xFF,
  0xFF, 0x83, 0xFD, 0xFE, 0x07, 0xF1, 0xF8, 0x03, 0x83, 0xF0, 0x07, 0x07,
  0xE0, 0x0E, 0x0F, 0xC0, 0x1C, 0x1F, 0x80, 0x38, 0x3F, 0x00, 0x70, 0x7E,
  0x00, 0xE0, 0xFC, 0x01, 0xC1, 0xF8, 0x03, 0x83, 0xF0, 0x07, 0x07, 0xE0,
  0x0E, 0x0F, 0xC0, 0x1C, 0x0F, 0x80, 0x38, 0x1F, 0x00, 0x70, 0x3F, 0x01,
  0xE0, 0x7F, 0x07, 0x80, 0x7F, 0xFF, 0x00, 0x7F, 0xFC, 0x00, 0x7F, 0xE0,
  0x00, 0x03, 0xC7, 0x80, 0x07, 0xCF, 0x80, 0x1F, 0x9F, 0x00, 0x1F, 0x3E,
  0x00, 0x1C, 0x38, 0x00, 0x00, 0x00, 0x00, 0x00, 0x00, 0x7F, 0xE0, 0xFF,
  0xFF, 0xC1, 0xFE, 0xFF, 0x03, 0xF8, 0xFC, 0x01, 0xC1, 0xF8, 0x03, 0x83,
  0xF0, 0x07, 0x07, 0xE0, 0x0E, 0x0F, 0xC0, 0x1C, 0x1F, 0x80, 0x38, 0x3F,
  0x00, 0x70, 0x7E, 0x00, 0xE0, 0xFC, 0x01, 0xC1, 0xF8, 0x03, 0x83, 0xF0,
  0x07, 0x07, 0xE0, 0x0E, 0x07, 0xC0, 0x1C, 0x0F, 0x80, 0x38, 0x1F, 0x80,
  0xF0, 0x3F, 0x83, 0xC0, 0x3F, 0xFF, 0x80, 0x3F, 0xFE, 0x00, 0x3F, 0xF0,
  0x00, 0x00, 0x01, 0x00, 0x00, 0x07, 0x00, 0x00, 0x1E, 0x00, 0x00, 0x7C,
  0x00, 0x03, 0xF0, 0x00, 0x07, 0x00, 0x00, 0x08, 0x00, 0x00, 0x00, 0x00,
  0xFF, 0xE3, 0xFF, 0xFF, 0xC7, 0xFD, 0xFF, 0x07, 0xF0, 0xFC, 0x03, 0x80,
  0xF8, 0x0F, 0x01, 0xF8, 0x1C, 0x01, 0xF0, 0x70, 0x03, 0xF1, 0xE0, 0x03,
  0xE3, 0x80, 0x03, 0xEF, 0x00, 0x07, 0xFC, 0x00, 0x07, 0xF0, 0x00, 0x0F,
  0xE0, 0x00, 0x0F, 0x80, 0x00, 0x1F, 0x00, 0x00, 0x3E, 0x00, 0x00, 0x7C,
  0x00, 0x00, 0xF8, 0x00, 0x01, 0xF0, 0x00, 0x07, 0xF8, 0x00, 0x3F, 0xF8,
  0x00, 0x7F, 0xF0, 0x00, 0xFF, 0xE0, 0x3F, 0xF8, 0x0F, 0xFC, 0x00, 0xF8,
  0x00, 0x3E, 0x00, 0x0F, 0xFF, 0x03, 0xFF, 0xF0, 0xF8, 0xFE, 0x3E, 0x0F,
  0xCF, 0x83, 0xF3, 0xE0, 0x7C, 0xF8, 0x3F, 0x3E, 0x0F, 0xCF, 0x83, 0xE3,
  0xFF, 0xF8, 0xFF, 0xF8, 0x3F, 0xF8, 0x0F, 0x80, 0x03, 0xE0, 0x01, 0xFE,
  0x00, 0xFF, 0xE0, 0x3F, 0xF8, 0x00, 0x00, 0x10, 0x00, 0x0F, 0xFC, 0x00,
  0x7F, 0xFC, 0x03, 0xE1, 0xF0, 0x1F, 0x03, 0xE0, 0x78, 0x0F, 0x81, 0xE0,
  0x3C, 0x0F, 0x80, 0xF0, 0x3E, 0x07, 0x83, 0xF8, 0x1C, 0x0F, 0xE0, 0xE0,
  0x3F, 0x87, 0x80, 0x3E, 0x1E, 0x00, 0xF8, 0x7C, 0x03, 0xE1, 0xFC, 0x0F,
  0x87, 0xFC, 0x3E, 0x0F, 0xF8, 0xF8, 0x1F, 0xF3, 0xE0, 0x1F, 0xCF, 0x80,
  0x1F, 0x3E, 0x70, 0x3C, 0xF9, 0xE0, 0xF7, 0xE7, 0xC7, 0xFF, 0x9F, 0xFE,
  0xFE, 0x7F, 0xF0, 0x0E, 0x00, 0x07, 0x00, 0x03, 0xC0, 0x01, 0xF0, 0x00,
  0x3C, 0x00, 0x0F, 0x00, 0x01, 0x00, 0x00, 0x00, 0x00, 0x00, 0x0F, 0xF8,
  0x1F, 0xFE, 0x0E, 0x0F, 0x8F, 0x87, 0xC7, 0xC3, 0xE1, 0xC1, 0xF0, 0x00,
  0xF8, 0x07, 0xFC, 0x1F, 0xFE, 0x1F, 0x9F, 0x1F, 0x0F, 0x8F, 0x87, 0xC7,
  0xC3, 0xE3, 0xF3, 0xFE, 0xFF, 0x7F, 0x3F, 0x1F, 0x00, 0x00, 0x70, 0x00,
  0x78, 0x00, 0x3C, 0x00, 0x3C, 0x00, 0x3C, 0x00, 0x3C, 0x00, 0x08, 0x00,
  0x00, 0x00, 0x00, 0x00, 0x0F, 0xF8, 0x1F, 0xFE, 0x0E, 0x0F, 0x8F, 0x87,
  0xC7, 0xC3, 0xE1, 0xC1, 0xF0, 0x00, 0xF8, 0x07, 0xFC, 0x1F, 0xFE, 0x1F,
  0x9F, 0x1F, 0x0F, 0x8F, 0x87, 0xC7, 0xC3, 0xE3, 0xF3, 0xFE, 0xFF, 0x7F,
  0x3F, 0x1F, 0x00, 0x03, 0xC0, 0x03, 0xE0, 0x01, 0xF8, 0x01, 0xFE, 0x01,
  0xE7, 0x81, 0xC1, 0xE0, 0x40, 0x20, 0x00, 0x00, 0x00, 0x00, 0x0F, 0xF8,
  0x1F, 0xFE, 0x0E, 0x0F, 0x8F, 0x87, 0xC7, 0xC3, 0xE1, 0xC1, 0xF0, 0x00,
  0xF8, 0x07, 0xFC, 0x1F, 0xFE, 0x1F, 0x9F, 0x1F, 0x0F, 0x8F, 0x87, 0xC7,
  0xC3, 0xE3, 0xF3, 0xFE, 0xFF, 0x7F, 0x3F, 0x1F, 0x00, 0x0F, 0x08, 0x0F,
  0xEE, 0x0F, 0xFE, 0x07, 0xFF, 0x01, 0x0F, 0x00, 0x00, 0x00, 0x00, 0x00,
  0x00, 0x00, 0x1F, 0xF0, 0x3F, 0xFC, 0x1C, 0x1F, 0x1F, 0x0F, 0x8F, 0x87,
  0xC3, 0x83, 0xE0, 0x01, 0xF0, 0x0F, 0xF8, 0x3F, 0xFC, 0x3F, 0x3E, 0x3E,
  0x1F, 0x1F, 0x0F, 0x8F, 0x87, 0xC7, 0xE7, 0xFD, 0xFE, 0xFE, 0x7E, 0x3E,
  0x1C, 0x38, 0x1F, 0x3E, 0x0F, 0x9F, 0x07, 0xCF, 0x81, 0xC3, 0x80, 0x00,
  0x00, 0x00, 0x00, 0x00, 0x00, 0x1F, 0xF0, 0x3F, 0xFC, 0x1C, 0x1F, 0x1F,
  0x0F, 0x8F, 0x87, 0xC3, 0x83, 0xE0, 0x01, 0xF0, 0x0F, 0xF8, 0x3F, 0xFC,
  0x3F, 0x3E, 0x3E, 0x1F, 0x1F, 0x0F, 0x8F, 0x87, 0xC7, 0xE7, 0xFD, 0xFE,
  0xFE, 0x7E, 0x3E, 0x07, 0xE0, 0x07, 0xF8, 0x03, 0x9C, 0x03, 0xCE, 0x00,
  0xE7, 0x00, 0x7F, 0x00, 0x0F, 0x00, 0x00, 0x00, 0x00, 0x00, 0x0F, 0xF8,
  0x1F, 0xFE, 0x0E, 0x0F, 0x8F, 0x87, 0xC7, 0xC3, 0xE1, 0xC1, 0xF0, 0x00,
  0xF8, 0x07, 0xFC, 0x1F, 0xFE, 0x1F, 0x9F, 0x1F, 0x0F, 0x8F, 0x87, 0xC7,
  0xC3, 0xE3, 0xF3, 0xFE, 0xFF, 0x7F, 0x3F, 0x1F, 0x00, 0x1F, 0xE3, 0xFC,
  0x3F, 0xFF, 0xFF, 0x1C, 0x1F, 0xC7, 0xDF, 0x0F, 0xC1, 0xEF, 0x87, 0xE0,
  0xF3, 0x83, 0xE0, 0x78, 0x01, 0xFF, 0xFC, 0x0F, 0xFF, 0xFE, 0x3F, 0xFF,
  0xFF, 0x3F, 0x3E, 0x00, 0x3E, 0x1F, 0x80, 0x1F, 0x0F, 0xC0, 0x2F, 0x87,
  0xF8, 0x7F, 0xE7, 0xFF, 0xF9, 0xFF, 0x3F, 0xF8, 0x7F, 0x0F, 0xF0, 0x0F,
  0xF8, 0x3F, 0xF8, 0xF8, 0x7B, 0xE0, 0xF7, 0xC3, 0xFF, 0x07, 0xFE, 0x00,
  0x7C, 0x00, 0xF8, 0x01, 0xF0, 0x03, 0xF0, 0x03, 0xE0, 0x27, 0xF1, 0xE7,
  0xFF, 0xCF, 0xFF, 0x07, 0xF8, 0x01, 0x80, 0x07, 0x80, 0x0F, 0xC0, 0x03,
  0x80, 0x07, 0x00, 0xFE, 0x01, 0xFC, 0x00, 0x40, 0x07, 0x00, 0x07, 0x00,
  0x07, 0x80, 0x07, 0xC0, 0x01, 0xE0, 0x00, 0xF0, 0x00, 0x20, 0x00, 0x00,
  0x00, 0x00, 0x0F, 0xF8, 0x1F, 0xFC, 0x3E, 0x3E, 0x7C, 0x1E, 0x7C, 0x1E,
  0xF8, 0x1F, 0xFF, 0xFF, 0xFF, 0xFE, 0xFF, 0xFE, 0xF8, 0x00, 0xFC, 0x00,
  0x7C, 0x02, 0x7F, 0x1F, 0x3F, 0xFE, 0x1F, 0xFC, 0x0F, 0xF8, 0x00, 0x38,
  0x00, 0x78, 0x00, 0x78, 0x00, 0xF0, 0x01, 0xE0, 0x03, 0xC0, 0x01, 0x00,
  0x00, 0x00, 0x00, 0x00, 0x0F, 0xF8, 0x1F, 0xFC, 0x3E, 0x3E, 0x7C, 0x1E,
  0x7C, 0x1E, 0xF8, 0x1F, 0xFF, 0xFF, 0xFF, 0xFE, 0xFF, 0xFE, 0xF8, 0x00,
  0xFC, 0x00, 0x7C, 0x02, 0x7F, 0x1F, 0x3F, 0xFE, 0x1F, 0xFC, 0x0F, 0xF8,
  0x01, 0xE0, 0x03, 0xE0, 0x03, 0xF0, 0x07, 0xF8, 0x0F, 0x3C, 0x1C, 0x1E,
  0x08, 0x04, 0x00, 0x00, 0x00, 0x00, 0x0F, 0xF8, 0x1F, 0xFC, 0x3E, 0x3E,
  0x7C, 0x1E, 0x7C, 0x1E, 0xF8, 0x1F, 0xFF, 0xFF, 0xFF, 0xFE, 0xFF, 0xFE,
  0xF8, 0x00, 0xFC, 0x00, 0x7C, 0x02, 0x7F, 0x1F, 0x3F, 0xFE, 0x1F, 0xFC,
  0x0F, 0xF8, 0x0E, 0x1C, 0x1F, 0x3E, 0x1F, 0x3E, 0x1F, 0x3E, 0x0E, 0x1C,
  0x00, 0x00, 0x00, 0x00, 0x00, 0x00, 0x0F, 0xF8, 0x1F, 0xFC, 0x3E, 0x3E,
  0x7C, 0x1E, 0x7C, 0x1E, 0xF8, 0x1F, 0xFF, 0xFF, 0xFF, 0xFE, 0xFF, 0xFE,
  0xF8, 0x00, 0xFC, 0x00, 0x7C, 0x02, 0x7F, 0x1F, 0x3F, 0xFE, 0x1F, 0xFC,
  0x0F, 0xF8, 0xE0, 0x38, 0x0F, 0x03, 0xE0, 0x3C, 0x07, 0x80, 0x40, 0x00,
  0x00, 0x3F, 0x8F, 0xE3, 0xF8, 0x3E, 0x0F, 0x83, 0xE0, 0xF8, 0x3E, 0x0F,
  0x83, 0xE0, 0xF8, 0x3E, 0x0F, 0x87, 0xF3, 0xFF, 0xFF, 0xC0, 0x07, 0x03,
  0xC0, 0xF0, 0x78, 0x3C, 0x1E, 0x02, 0x00, 0x00, 0x00, 0x3F, 0x8F, 0xE3,
  0xF8, 0x3E, 0x0F, 0x83, 0xE0, 0xF8, 0x3E, 0x0F, 0x83, 0xE0, 0xF8, 0x3E,
  0x0F, 0x87, 0xF3, 0xFF, 0xFF, 0xC0, 0x0F, 0x01, 0xF0, 0x1F, 0x83, 0xFC,
  0x79, 0xEE, 0x0F, 0x40, 0x20, 0x00, 0x00, 0x03, 0xF8, 0x3F, 0x83, 0xF8,
  0x0F, 0x80, 0xF8, 0x0F, 0x80, 0xF8, 0x0F, 0x80, 0xF8, 0x0F, 0x80, 0xF8,
  0x0F, 0x80, 0xF8, 0x1F, 0xC3, 0xFF, 0x3F, 0xF0, 0x70, 0xEF, 0x9F, 0xF9,
  0xFF, 0x9F, 0x70, 0xE0, 0x00, 0x00, 0x00, 0x00, 0x3F, 0x83, 0xF8, 0x3F,
  0x80, 0xF8, 0x0F, 0x80, 0xF8, 0x0F, 0x80, 0xF8, 0x0F, 0x80, 0xF8, 0x0F,
  0x80, 0xF8, 0x0F, 0x81, 0xFC, 0x3F, 0xF3, 0xFF, 0x00, 0x04, 0x08, 0x07,
  0x07, 0xE7, 0x83, 0xFF, 0x80, 0x3F, 0x80, 0x1F, 0xE0, 0x1F, 0xF0, 0x0E,
  0x7C, 0x02, 0x1E, 0x00, 0x0F, 0x80, 0x47, 0xC1, 0xFD, 0xE3, 0xFF, 0xFB,
  0xF1, 0xFD, 0xF0, 0x7F, 0xF8, 0x3F, 0xF8, 0x0F, 0xFC, 0x07, 0xFE, 0x03,
  0xDF, 0x01, 0xEF, 0x81, 0xF3, 0xE0, 0xF9, 0xF0, 0x78, 0xFC, 0x7C, 0x3F,
  0xFC, 0x07, 0xF8, 0x00, 0x03, 0xC2, 0x00, 0x7F, 0x70, 0x0F, 0xFE, 0x00,
  0xFF, 0xE0, 0x04, 0x3C, 0x00, 0x00, 0x00, 0x00, 0x00, 0x00, 0x00, 0x00,
  0xFE, 0x7F, 0x0F, 0xEF, 0xF8, 0xFF, 0xFF, 0x83, 0xF8, 0xFC, 0x3F, 0x07,
  0xC3, 0xF0, 0x7C, 0x3E, 0x07, 0xC3, 0xE0, 0x7C, 0x3E, 0x07, 0xC3, 0xE0,
  0x7C, 0x3E, 0x07, 0xC3, 0xE0, 0x7C, 0x3E, 0x07, 0xC3, 0xF0, 0xFE, 0xFF,
  0x9F, 0xFF, 0xF9, 0xFF, 0x07, 0x00, 0x03, 0x80, 0x01, 0xE0, 0x00, 0xF8,
  0x00, 0x1E, 0x00, 0x07, 0x80, 0x00, 0x80, 0x00, 0x00, 0x00, 0x00, 0x07,
  0xFE, 0x07, 0xFF, 0x87, 0xE7, 0xE7, 0xC1, 0xFB, 0xE0, 0x7F, 0xF0, 0x3F,
  0xF0, 0x1F, 0xF8, 0x0F, 0xFC, 0x07, 0xFF, 0x03, 0xFF, 0x81, 0xF7, 0xC0,
  0xFB, 0xF0, 0xF8, 0xFC, 0xFC, 0x3F, 0xFC, 0x0F, 0xF8, 0x00, 0x00, 0x38,
  0x00, 0x3C, 0x00, 0x1E, 0x00, 0x1E, 0x00, 0x1E, 0x00, 0x1E, 0x00, 0x04,
  0x00, 0x00, 0x00, 0x00, 0x00, 0x07, 0xFE, 0x07, 0xFF, 0x87, 0xE7, 0xE7,
  0xC1, 0xFB, 0xE0, 0x7F, 0xF0, 0x3F, 0xF0, 0x1F, 0xF8, 0x0F, 0xFC, 0x07,
  0xFF, 0x03, 0xFF, 0x81, 0xF7, 0xC0, 0xFB, 0xF0, 0xF8, 0xFC, 0xFC, 0x3F,
  0xFC, 0x0F, 0xF8, 0x00, 0x01, 0xE0, 0x01, 0xF0, 0x00, 0xFC, 0x00, 0xFF,
  0x00, 0xF3, 0xC0, 0xE0, 0xF0, 0x20, 0x10, 0x00, 0x00, 0x00, 0x00, 0x07,
  0xFE, 0x07, 0xFF, 0x87, 0xE7, 0xE7, 0xC1, 0xFB, 0xE0, 0x7F, 0xF0, 0x3F,
  0xF0, 0x1F, 0xF8, 0x0F, 0xFC, 0x07, 0xFF, 0x03, 0xFF, 0x81, 0xF7, 0xC0,
  0xFB, 0xF0, 0xF8, 0xFC, 0xFC, 0x3F, 0xFC, 0x0F, 0xF8, 0x00, 0x07, 0x84,
  0x07, 0xF7, 0x07, 0xFF, 0x03, 0xFF, 0x80, 0x87, 0x80, 0x00, 0x00, 0x00,
  0x00, 0x00, 0x00, 0x0F, 0xFC, 0x0F, 0xFF, 0x0F, 0xCF, 0xCF, 0x83, 0xF7,
  0xC0, 0xFF, 0xE0, 0x7F, 0xE0, 0x3F, 0xF0, 0x1F, 0xF8, 0x0F, 0xFE, 0x07,
  0xFF, 0x03, 0xEF, 0x81, 0xF7, 0xE1, 0xF1, 0xF9, 0xF8, 0x7F, 0xF8, 0x1F,
  0xF0, 0x0E, 0x1C, 0x0F, 0x9F, 0x07, 0xCF, 0x83, 0xE7, 0xC0, 0xE1, 0xC0,
  0x00, 0x00, 0x00, 0x00, 0x00, 0x00, 0x0F, 0xFC, 0x0F, 0xFF, 0x0F, 0xCF,
  0xCF, 0x83, 0xF7, 0xC0, 0xFF, 0xE0, 0x7F, 0xE0, 0x3F, 0xF0, 0x1F, 0xF8,
  0x0F, 0xFE, 0x07, 0xFF, 0x03, 0xEF, 0x81, 0xF7, 0xE1, 0xF1, 0xF9, 0xF8,
  0x7F, 0xF8, 0x1F, 0xF0, 0x03, 0x00, 0x1E, 0x00, 0x7C, 0x01, 0xF0, 0x07,
  0x80, 0x00, 0x00, 0x00, 0x3F, 0xFF, 0xFF, 0xFF, 0xFF, 0xF0, 0x00, 0x00,
  0x00, 0x07, 0x80, 0x1F, 0x00, 0x7C, 0x01, 0xE0, 0x01, 0x00, 0x00, 0x03,
  0x87, 0xFF, 0x87, 0xFF, 0xC7, 0xE7, 0xE7, 0xC1, 0xFB, 0xE1, 0xFF, 0xF1,
  0xFF, 0xF1, 0xDF, 0xF9, 0xEF, 0xFC, 0xE7, 0xFF, 0xE3, 0xFF, 0xE1, 0xF7,
  0xE0, 0xFB, 0xF0, 0xF8, 0xFC, 0xFC, 0xFF, 0xFC, 0x7F, 0xF8, 0x70, 0x00,
  0x00, 0x07, 0x00, 0x00, 0xE0, 0x00, 0x1E, 0x00, 0x03, 0xE0, 0x00, 0x1E,
  0x00, 0x01, 0xE0, 0x00, 0x08, 0x00, 0x00, 0x00, 0x00, 0x00, 0x1F, 0xC7,
  0xF3, 0xF8, 0xFE, 0x7F, 0x1F, 0xC3, 0xE0, 0xF8, 0x7C, 0x1F, 0x0F, 0x83,
  0xE1, 0xF0, 0x7C, 0x3E, 0x0F, 0x87, 0xC1, 0xF0, 0xF8, 0x3E, 0x1F, 0x07,
  0xC3, 0xE0, 0xF8, 0x7E, 0x3F, 0x0F, 0xFF, 0xF0, 0xFF, 0xBF, 0x0F, 0xE7,
  0xE0, 0x00, 0x38, 0x00, 0x0F, 0x00, 0x01, 0xE0, 0x00, 0x78, 0x00, 0x1E,
  0x00, 0x07, 0x80, 0x00, 0x40, 0x00, 0x00, 0x00, 0x00, 0x00, 0x1F, 0xC7,
  0xF3, 0xF8, 0xFE, 0x7F, 0x1F, 0xC3, 0xE0, 0xF8, 0x7C, 0x1F, 0x0F, 0x83,
  0xE1, 0xF0, 0x7C, 0x3E, 0x0F, 0x87, 0xC1, 0xF0, 0xF8, 0x3E, 0x1F, 0x07,
  0xC3, 0xE0, 0xF8, 0x7E, 0x3F, 0x0F, 0xFF, 0xF0, 0xFF, 0xBF, 0x0F, 0xE7,
  0xE0, 0x01, 0xE0, 0x00, 0x7C, 0x00, 0x0F, 0xC0, 0x03, 0xFC, 0x00, 0xF3,
  0xC0, 0x38, 0x3C, 0x02, 0x01, 0x00, 0x00, 0x00, 0x00, 0x00, 0x1F, 0xC7,
  0xF3, 0xF8, 0xFE, 0x7F, 0x1F, 0xC3, 0xE0, 0xF8, 0x7C, 0x1F, 0x0F, 0x83,
  0xE1, 0xF0, 0x7C, 0x3E, 0x0F, 0x87, 0xC1, 0xF0, 0xF8, 0x3E, 0x1F, 0x07,
  0xC3, 0xE0, 0xF8, 0x7E, 0x3F, 0x0F, 0xFF, 0xF0, 0xFF, 0xBF, 0x0F, 0xE7,
  0xE0, 0x0E, 0x1C, 0x03, 0xE7, 0xC0, 0x7C, 0xF8, 0x0F, 0x9F, 0x00, 0xE1,
  0xC0, 0x00, 0x00, 0x00, 0x00, 0x00, 0x00, 0x00, 0xFE, 0x3F, 0x9F, 0xC7,
  0xF3, 0xF8, 0xFE, 0x1F, 0x07, 0xC3, 0xE0, 0xF8, 0x7C, 0x1F, 0x0F, 0x83,
  0xE1, 0xF0, 0x7C, 0x3E, 0x0F, 0x87, 0xC1, 0xF0, 0xF8, 0x3E, 0x1F, 0x07,
  0xC3, 0xF1, 0xF8, 0x7F, 0xFF, 0x87, 0xFD, 0xF8, 0x7F, 0x3F, 0x00, 0x1C,
  0x00, 0x07, 0x80, 0x00, 0xF0, 0x00, 0x3C, 0x00, 0x0F, 0x00, 0x03, 0xC0,
  0x00, 0x20, 0x00, 0x00, 0x00, 0x00, 0x00, 0x0F, 0xF9, 0xFD, 0xFF, 0x3F,
  0xFF, 0x83, 0xE3, 0xF0, 0x38, 0x3E, 0x06, 0x07, 0xC1, 0xC0, 0x7C, 0x38,
  0x0F, 0x8E, 0x00, 0xF9, 0xC0, 0x1F, 0x30, 0x01, 0xFE, 0x00, 0x3F, 0x80,
  0x03, 0xF0, 0x00, 0x7E, 0x00, 0x0F, 0x80, 0x00, 0xF0, 0x00, 0x1C, 0x00,
  0x03, 0x80, 0x38, 0xE0, 0x0F, 0x9C, 0x01, 0xE7, 0x00, 0x1F, 0xE0, 0x01,
  0xF0, 0x00, 0xFF, 0x00, 0x1F, 0xE0, 0x03, 0xFC, 0x00, 0x1F, 0x80, 0x01,
  0xF0, 0x00, 0x3E, 0x00, 0x07, 0xC0, 0x00, 0xF8, 0x00, 0x1F, 0x7F, 0x03,
  0xFF, 0xF0, 0x7F, 0xFF, 0x0F, 0xC3, 0xF1, 0xF0, 0x7E, 0x3E, 0x07, 0xC7,
  0xC0, 0xF8, 0xF8, 0x1F, 0x1F, 0x03, 0xE3, 0xE0, 0x7C, 0x7C, 0x0F, 0x8F,
  0x83, 0xF1, 0xF0, 0x7C, 0x3F, 0xFF, 0x87, 0xFF, 0xE0, 0xFF, 0xF0, 0x1F,
  0x00, 0x03, 0xE0, 0x00, 0x7C, 0x00, 0x0F, 0x80, 0x07, 0xFC, 0x00, 0xFF,
  0xC0, 0x1F, 0xF8, 0x00, 0x03, 0x87, 0x00, 0xF9, 0xF0, 0x1F, 0x3E, 0x03,
  0xE7, 0xC0, 0x38, 0x70, 0x00, 0x00, 0x00, 0x00, 0x00, 0x00, 0x00, 0x7F,
  0xCF, 0xEF, 0xF9, 0xFF, 0xFC, 0x1F, 0x1F, 0x81, 0xC1, 0xF0, 0x30, 0x3E,
  0x0E, 0x03, 0xE1, 0xC0, 0x7C, 0x70, 0x07, 0xCE, 0x00, 0xF9, 0x80, 0x0F,
  0xF0, 0x01, 0xFC, 0x00, 0x1F, 0x80, 0x03, 0xF0, 0x00, 0x7C, 0x00, 0x07,
  0x80, 0x00, 0xE0, 0x00, 0x1C, 0x01, 0xC7, 0x00, 0x7C, 0xE0, 0x0F, 0x38,
  0x00, 0xFF, 0x00, 0x0F, 0x80, 0x00 };

const GFXglyph Literata_Bold16pt8bGlyphs[] PROGMEM = {
  {     0,   1,   1,   6,    0,    0 },   // 0x20 ' '
  {     1,   6,  22,  11,    2,  -21 },   // 0x21 '!'
  {    18,  10,   9,  14,    2,  -24 },   // 0x22 '"'
  {    30,  20,  18,  22,    1,  -17 },   // 0x23 '#'
  {    75,  17,  28,  19,    1,  -24 },   // 0x24 '$'
  {   135,  27,  20,  28,    1,  -18 },   // 0x25 '%'
  {   203,  24,  22,  26,    1,  -21 },   // 0x26 '&'
  {   269,   4,   9,   8,    2,  -24 },   // 0x27 '''
  {   274,   9,  33,  11,    1,  -25 },   // 0x28 '('
  {   312,   9,  33,  11,    1,  -25 },   // 0x29 ')'
  {   350,  12,  13,  14,    1,  -24 },   // 0x2A '*'
  {   370,  14,  13,  18,    2,  -15 },   // 0x2B '+'
  {   393,   6,  10,  10,    2,   -4 },   // 0x2C ','
  {   401,   8,   4,  11,    1,  -10 },   // 0x2D '-'
  {   405,   6,   5,  10,    2,   -4 },   // 0x2E '.'
  {   409,  15,  28,  15,    0,  -24 },   // 0x2F '/'
  {   462,  17,  22,  19,    1,  -21 },   // 0x30 '0'
  {   509,  11,  22,  13,    1,  -21 },   // 0x31 '1'
  {   540,  15,  22,  17,    1,  -21 },   // 0x32 '2'
  {   582,  15,  22,  17,    1,  -21 },   // 0x33 '3'
  {   624,  18,  22,  19,    0,  -21 },   // 0x34 '4'
  {   674,  16,  22,  17,    0,  -21 },   // 0x35 '5'
  {   718,  16,  22,  18,    1,  -21 },   // 0x36 '6'
  {   762,  16,  22,  17,    1,  -21 },   // 0x37 '7'
  {   806,  17,  22,  18,    1,  -21 },   // 0x38 '8'
  {   853,  16,  22,  18,    1,  -21 },   // 0x39 '9'
  {   897,   6,  16,  10,    2,  -15 },   // 0x3A ':'
  {   909,   6,  21,  10,    2,  -15 },   // 0x3B ';'
  {   925,  13,  16,  18,    2,  -16 },   // 0x3C '<'
  {   951,  13,   9,  18,    3,  -13 },   // 0x3D '='
  {   966,  13,  16,  18,    3,  -16 },   // 0x3E '>'
  {   992,  15,  22,  18,    1,  -21 },   // 0x3F '?'
  {  1034,  26,  25,  30,    2,  -18 },   // 0x40 '@'
  {  1116,  23,  22,  24,    0,  -21 },   // 0x41 'A'
  {  1180,  19,  22,  22,    2,  -21 },   // 0x42 'B'
  {  1233,  20,  22,  22,    1,  -21 },   // 0x43 'C'
  {  1288,  21,  22,  24,    2,  -21 },   // 0x44 'D'
  {  1346,  18,  22,  21,    2,  -21 },   // 0x45 'E'
  {  1396,  17,  22,  20,    2,  -21 },   // 0x46 'F'
  {  1443,  22,  22,  24,    1,  -21 },   // 0x47 'G'
  {  1504,  23,  22,  26,    2,  -21 },   // 0x48 'H'
  {  1568,  10,  22,  13,    2,  -21 },   // 0x49 'I'
  {  1596,  16,  22,  18,    1,  -21 },   // 0x4A 'J'
  {  1640,  22,  22,  25,    2,  -21 },   // 0x4B 'K'
  {  1701,  17,  22,  20,    2,  -21 },   // 0x4C 'L'
  {  1748,  29,  22,  31,    1,  -21 },   // 0x4D 'M'
  {  1828,  23,  22,  26,    2,  -21 },   // 0x4E 'N'
  {  1892,  22,  22,  24,    1,  -21 },   // 0x4F 'O'
  {  1953,  18,  22,  20,    2,  -21 },   // 0x50 'P'
  {  2003,  27,  28,  25,    1,  -21 },   // 0x51 'Q'
  {  2098,  21,  22,  23,    2,  -21 },   // 0x52 'R'
  {  2156,  17,  22,  19,    1,  -21 },   // 0x53 'S'
  {  2203,  22,  22,  23,    1,  -21 },   // 0x54 'T'
  {  2264,  23,  22,  25,    1,  -21 },   // 0x55 'U'
  {  2328,  23,  22,  24,    0,  -21 },   // 0x56 'V'
  {  2392,  34,  22,  35,    0,  -21 },   // 0x57 'W'
  {  2486,  23,  22,  24,    0,  -21 },   // 0x58 'X'
  {  2550,  23,  22,  23,    0,  -21 },   // 0x59 'Y'
  {  2614,  19,  22,  22,    1,  -21 },   // 0x5A 'Z'
  {  2667,   7,  32,  11,    3,  -24 },   // 0x5B '['
  {  2695,  15,  28,  15,    0,  -24 },   // 0x5C '\'
  {  2748,   7,  32,  11,    1,  -24 },   // 0x5D ']'
  {  2776,  16,  12,  18,    1,  -21 },   // 0x5E '^'
  {  2800,  15,   2,  15,    0,    2 },   // 0x5F '_'
  {  2804,   7,   7,  16,    4,  -24 },   // 0x60 '`'
  {  2811,  17,  16,  18,    1,  -15 },   // 0x61 'a'
  {  2845,  19,  24,  20,    0,  -23 },   // 0x62 'b'
  {  2902,  15,  16,  17,    1,  -15 },   // 0x63 'c'
  {  2932,  19,  24,  21,    1,  -23 },   // 0x64 'd'
  {  2989,  16,  16,  18,    1,  -15 },   // 0x65 'e'
  {  3021,  15,  25,  13,    1,  -24 },   // 0x66 'f'
  {  3068,  19,  26,  19,    0,  -18 },   // 0x67 'g'
  {  3130,  20,  24,  22,    1,  -23 },   // 0x68 'h'
  {  3190,  10,  24,  11,    1,  -23 },   // 0x69 'i'
  {  3220,   7,  31,  11,    1,  -23 },   // 0x6A 'j'
  {  3248,  20,  24,  21,    1,  -23 },   // 0x6B 'k'
  {  3308,  10,  24,  11,    1,  -23 },   // 0x6C 'l'
  {  3338,  29,  16,  31,    1,  -15 },   // 0x6D 'm'
  {  3396,  20,  16,  22,    1,  -15 },   // 0x6E 'n'
  {  3436,  17,  16,  20,    1,  -15 },   // 0x6F 'o'
  {  3470,  19,  23,  21,    1,  -15 },   // 0x70 'p'
  {  3525,  19,  23,  20,    1,  -15 },   // 0x71 'q'
  {  3580,  16,  16,  17,    1,  -15 },   // 0x72 'r'
  {  3612,  14,  16,  16,    1,  -15 },   // 0x73 's'
  {  3640,  13,  22,  14,    1,  -21 },   // 0x74 't'
  {  3676,  19,  16,  21,    1,  -15 },   // 0x75 'u'
  {  3714,  19,  16,  20,    0,  -15 },   // 0x76 'v'
  {  3752,  28,  16,  28,    0,  -15 },   // 0x77 'w'
  {  3808,  19,  16,  19,    0,  -15 },   // 0x78 'x'
  {  3846,  19,  23,  19,    0,  -15 },   // 0x79 'y'
  {  3901,  15,  16,  17,    1,  -15 },   // 0x7A 'z'
  {  3931,  10,  33,  12,    1,  -25 },   // 0x7B '{'
  {  3973,   4,  28,  14,    5,  -24 },   // 0x7C '|'
  {  3987,  10,  33,  12,    1,  -25 },   // 0x7D '}'
  {  4029,  15,   5,  18,    2,  -11 },   // 0x7E '~'
  {  4039,  12,  22,  16,    2,  -21 },   // 0x7F
  {  4072,  12,  22,  16,    2,  -21 },   // 0x80
  {  4105,  12,  22,  16,    2,  -21 },   // 0x81
  {  4138,  12,  22,  16,    2,  -21 },   // 0x82
  {  4171,  12,  22,  16,    2,  -21 },   // 0x83
  {  4204,  12,  22,  16,    2,  -21 },   // 0x84
  {  4237,  12,  22,  16,    2,  -21 },   // 0x85
  {  4270,  12,  22,  16,    2,  -21 },   // 0x86
  {  4303,  12,  22,  16,    2,  -21 },   // 0x87
  {  4336,  12,  22,  16,    2,  -21 },   // 0x88
  {  4369,  12,  22,  16,    2,  -21 },   // 0x89
  {  4402,  12,  22,  16,    2,  -21 },   // 0x8A
  {  4435,  12,  22,  16,    2,  -21 },   // 0x8B
  {  4468,  12,  22,  16,    2,  -21 },   // 0x8C
  {  4501,  12,  22,  16,    2,  -21 },   // 0x8D
  {  4534,  12,  22,  16,    2,  -21 },   // 0x8E
  {  4567,  12,  22,  16,    2,  -21 },   // 0x8F
  {  4600,  12,  22,  16,    2,  -21 },   // 0x90
  {  4633,  12,  22,  16,    2,  -21 },   // 0x91
  {  4666,  12,  22,  16,    2,  -21 },   // 0x92
  {  4699,  12,  22,  16,    2,  -21 },   // 0x93
  {  4732,  12,  22,  16,    2,  -21 },   // 0x94
  {  4765,  12,  22,  16,    2,  -21 },   // 0x95
  {  4798,  12,  22,  16,    2,  -21 },   // 0x96
  {  4831,  12,  22,  16,    2,  -21 },   // 0x97
  {  4864,  12,  22,  16,    2,  -21 },   // 0x98
  {  4897,  12,  22,  16,    2,  -21 },   // 0x99
  {  4930,  12,  22,  16,    2,  -21 },   // 0x9A
  {  4963,  12,  22,  16,    2,  -21 },   // 0x9B
  {  4996,  12,  22,  16,    2,  -21 },   // 0x9C
  {  5029,  12,  22,  16,    2,  -21 },   // 0x9D
  {  5062,  12,  22,  16,    2,  -21 },   // 0x9E
  {  5095,  12,  22,  16,    2,  -21 },   // 0x9F
  {  5128,   1,   1,   6,    0,    0 },   // 0xA0
  {  5129,   6,  22,  11,    2,  -15 },   // 0xA1
  {  5146,  15,  21,  17,    1,  -19 },   // 0xA2
  {  5186,  17,  22,  19,    1,  -21 },   // 0xA3
  {  5233,  15,  14,  17,    1,  -16 },   // 0xA4
  {  5260,  22,  22,  23,    1,  -21 },   // 0xA5
  {  5321,   4,  28,  14,    5,  -24 },   // 0xA6
  {  5335,  17,  28,  19,    1,  -22 },   // 0xA7
  {  5395,  12,   5,  16,    2,  -23 },   // 0xA8
  {  5403,  22,  22,  26,    2,  -20 },   // 0xA9
  {  5464,  13,  12,  14,    1,  -22 },   // 0xAA
  {  5484,  15,  14,  17,    1,  -14 },   // 0xAB
  {  5511,  14,   8,  18,    2,  -11 },   // 0xAC
  {  5525,   1,   1,   0,    0,    0 },   // 0xAD
  {  5526,  13,  12,  15,    1,  -23 },   // 0xAE
  {  5546,  10,   3,  16,    3,  -22 },   // 0xAF
  {  5550,   9,   8,  12,    1,  -24 },   // 0xB0
  {  5559,  14,  17,  18,    2,  -16 },   // 0xB1
  {  5589,  11,  14,  13,    1,  -25 },   // 0xB2
  {  5609,  11,  15,  13,    1,  -25 },   // 0xB3
  {  5630,   7,   7,  16,    5,  -24 },   // 0xB4
  {  5637,  18,  23,  21,    2,  -15 },   // 0xB5
  {  5689,  18,  27,  20,    1,  -21 },   // 0xB6
  {  5750,   6,   5,  10,    2,  -11 },   // 0xB7
  {  5754,   8,   8,  16,    4,    1 },   // 0xB8
  {  5762,   9,  14,  11,    1,  -25 },   // 0xB9
  {  5778,  12,  12,  14,    1,  -22 },   // 0xBA
  {  5796,  15,  14,  17,    1,  -14 },   // 0xBB
  {  5823,  30,  22,  31,    1,  -21 },   // 0xBC
  {  5906,  31,  22,  33,    1,  -21 },   // 0xBD
  {  5992,  31,  22,  33,    1,  -21 },   // 0xBE
  {  6078,  14,  23,  18,    2,  -16 },   // 0xBF
  {  6119,  23,  30,  24,    0,  -29 },   // 0xC0
  {  6206,  23,  30,  24,    0,  -29 },   // 0xC1
  {  6293,  23,  30,  24,    0,  -29 },   // 0xC2
  {  6380,  23,  29,  24,    0,  -28 },   // 0xC3
  {  6464,  23,  29,  24,    0,  -28 },   // 0xC4
  {  6548,  23,  30,  24,    0,  -29 },   // 0xC5
  {  6635,  31,  22,  32,    0,  -21 },   // 0xC6
  {  6721,  20,  30,  22,    1,  -21 },   // 0xC7
  {  6796,  18,  30,  21,    2,  -29 },   // 0xC8
  {  6864,  18,  30,  21,    2,  -29 },   // 0xC9
  {  6932,  18,  30,  21,    2,  -29 },   // 0xCA
  {  7000,  18,  29,  21,    2,  -28 },   // 0xCB
  {  7066,  10,  30,  13,    2,  -29 },   // 0xCC
  {  7104,  10,  30,  13,    2,  -29 },   // 0xCD
  {  7142,  12,  30,  13,    1,  -29 },   // 0xCE
  {  7187,  13,  29,  13,    0,  -28 },   // 0xCF
  {  7235,  23,  22,  24,    0,  -21 },   // 0xD0
  {  7299,  23,  29,  26,    2,  -28 },   // 0xD1
  {  7383,  22,  30,  24,    1,  -29 },   // 0xD2
  {  7466,  22,  30,  24,    1,  -29 },   // 0xD3
  {  7549,  22,  30,  24,    1,  -29 },   // 0xD4
  {  7632,  22,  29,  24,    1,  -28 },   // 0xD5
  {  7712,  22,  29,  24,    1,  -28 },   // 0xD6
  {  7792,  12,  13,  18,    3,  -15 },   // 0xD7
  {  7812,  23,  22,  24,    1,  -21 },   // 0xD8
  {  7876,  23,  30,  25,    1,  -29 },   // 0xD9
  {  7963,  23,  30,  25,    1,  -29 },   // 0xDA
  {  8050,  23,  30,  25,    1,  -29 },   // 0xDB
  {  8137,  23,  29,  25,    1,  -28 },   // 0xDC
  {  8221,  23,  30,  23,    0,  -29 },   // 0xDD
  {  8308,  18,  22,  21,    2,  -21 },   // 0xDE
  {  8358,  22,  25,  24,    1,  -24 },   // 0xDF
  {  8427,  17,  25,  18,    1,  -24 },   // 0xE0
  {  8481,  17,  25,  18,    1,  -24 },   // 0xE1
  {  8535,  17,  25,  18,    1,  -24 },   // 0xE2
  {  8589,  17,  24,  18,    1,  -23 },   // 0xE3
  {  8640,  17,  24,  18,    1,  -23 },   // 0xE4
  {  8691,  17,  25,  18,    1,  -24 },   // 0xE5
  {  8745,  25,  16,  27,    1,  -15 },   // 0xE6
  {  8795,  15,  24,  17,    1,  -15 },   // 0xE7
  {  8840,  16,  25,  18,    1,  -24 },   // 0xE8
  {  8890,  16,  25,  18,    1,  -24 },   // 0xE9
  {  8940,  16,  25,  18,    1,  -24 },   // 0xEA
  {  8990,  16,  24,  18,    1,  -23 },   // 0xEB
  {  9038,  10,  25,  11,    1,  -24 },   // 0xEC
  {  9070,  10,  25,  11,    1,  -24 },   // 0xED
  {  9102,  12,  25,  11,   -1,  -24 },   // 0xEE
  {  9140,  12,  24,  11,   -1,  -23 },   // 0xEF
  {  9176,  17,  26,  19,    1,  -25 },   // 0xF0
  {  9232,  20,  24,  22,    1,  -23 },   // 0xF1
  {  9292,  17,  25,  20,    1,  -24 },   // 0xF2
  {  9346,  17,  25,  20,    1,  -24 },   // 0xF3
  {  9400,  17,  25,  20,    1,  -24 },   // 0xF4
  {  9454,  17,  24,  20,    1,  -23 },   // 0xF5
  {  9505,  17,  24,  20,    1,  -23 },   // 0xF6
  {  9556,  14,  17,  18,    2,  -17 },   // 0xF7
  {  9586,  17,  18,  20,    1,  -16 },   // 0xF8
  {  9625,  19,  25,  21,    1,  -24 },   // 0xF9
  {  9685,  19,  25,  21,    1,  -24 },   // 0xFA
  {  9745,  19,  25,  21,    1,  -24 },   // 0xFB
  {  9805,  19,  24,  21,    1,  -23 },   // 0xFC
  {  9862,  19,  32,  19,    0,  -24 },   // 0xFD
  {  9938,  19,  31,  20,    0,  -23 },   // 0xFE
  { 10012,  19,  31,  19,    0,  -23 } }; // 0xFF

const GFXfont Literata_Bold16pt8b PROGMEM = {
  (uint8_t  *)Literata_Bold16pt8bBitmaps,
  (GFXglyph *)Literata_Bold16pt8bGlyphs,
  0x20, 0xFF, 47 };

// Approx. 11661 bytes

const uint8_t Literata_Bold24pt8bBitmaps[] PROGMEM = {
  0x00, 0x08, 0x3F, 0x3F, 0xDF, 0xEF, 0xFF, 0xFB, 0xFD, 0xFE, 0xFF, 0x7F,
  0xBF, 0x8F, 0xC7, 0xE3, 0xF1, 0xF8, 0xF8, 0x7C, 0x1E, 0x0F, 0x07, 0x83,
  0xC1, 0xE0, 0xF0, 0x78, 0x00, 0x00, 0x00, 0x07, 0x8F, 0xE7, 0xFB, 0xFD,
  0xFE, 0xFF, 0x3F, 0x06, 0x00, 0x78, 0x7D, 0xF8, 0xFF, 0xF3, 0xFF, 0xE7,
  0xEF, 0xC7, 0xDF, 0x8F, 0x9E, 0x1F, 0x3C, 0x3E, 0x78, 0x78, 0xF0, 0x71,
  0xC0, 0xE1, 0x81, 0xC0, 0x00, 0x7C, 0x0F, 0x80, 0x01, 0xF0, 0x3E, 0x00,
  0x07, 0xC0, 0xF8, 0x00, 0x1F, 0x03, 0xC0, 0x00, 0x78, 0x0F, 0x00, 0x01,
  0xE0, 0x7C, 0x03, 0xFF, 0xFF, 0xFF, 0xCF, 0xFF, 0xFF, 0xFF, 0x3F, 0xFF,
  0xFF, 0xFC, 0xFF, 0xFF, 0xFF, 0xF0, 0x0F, 0x01, 0xE0, 0x00, 0x3C, 0x07,
  0x80, 0x01, 0xF0, 0x3E, 0x00, 0x07, 0xC0, 0xF8, 0x00, 0x1F, 0x03, 0xE0,
  0x00, 0x7C, 0x0F, 0x80, 0x7F, 0xFF, 0xFF, 0xF9, 0xFF, 0xFF, 0xFF, 0xE7,
  0xFF, 0xFF, 0xFF, 0xBF, 0xFF, 0xFF, 0xFC, 0x03, 0xE0, 0x7C, 0x00, 0x0F,
  0x81, 0xF0, 0x00, 0x3E, 0x07, 0x80, 0x00, 0xF0, 0x1E, 0x00, 0x03, 0xC0,
  0xF8, 0x00, 0x1F, 0x03, 0xE0, 0x00, 0x00, 0x1C, 0x00, 0x00, 0x0E, 0x00,
  0x00, 0x07, 0x00, 0x00, 0x03, 0x80, 0x00, 0x03, 0xC0, 0xE0, 0x1F, 0xFC,
  0xF0, 0x1F, 0xFF, 0xF8, 0x3F, 0xFF, 0xFC, 0x1F, 0xFF, 0xFE, 0x1F, 0xCE,
  0x7F, 0x1F, 0xC7, 0x1F, 0x8F, 0xE3, 0x87, 0xC7, 0xF1, 0xC1, 0xF3, 0xF8,
  0xE0, 0xF9, 0xFC, 0x70, 0x3C, 0xFF, 0x38, 0x00, 0x7F, 0xFC, 0x00, 0x3F,
  0xFE, 0x00, 0x1F, 0xFF, 0xC0, 0x07, 0xFF, 0xFC, 0x03, 0xFF, 0xFF, 0x80,
  0xFF, 0xFF, 0xE0, 0x1F, 0xFF, 0xF8, 0x03, 0xFF, 0xFE, 0x00, 0x7F, 0xFF,
  0x00, 0x0F, 0xFF, 0x80, 0x07, 0x7F, 0xE2, 0x03, 0x9F, 0xFF, 0x01, 0xC7,
  0xFF, 0x80, 0xE3, 0xFF, 0xE0, 0x71, 0xFD, 0xF8, 0x38, 0xFE, 0xFE, 0x1C,
  0x7F, 0x7F, 0xCE, 0xFF, 0x3F, 0xFF, 0xFF, 0x9F, 0xFF, 0xFF, 0x8F, 0x7F,
  0xFF, 0x03, 0x8F, 0xFF, 0x00, 0x00, 0x78, 0x00, 0x00, 0x38, 0x00, 0x00,
  0x1C, 0x00, 0x00, 0x0E, 0x00, 0x00, 0x03, 0xF0, 0x00, 0x7F, 0x00, 0x1F,
  0xFE, 0x00, 0x7E, 0x00, 0x3F, 0xFF, 0x00, 0xFE, 0x00, 0x7F, 0x3F, 0x00,
  0xFC, 0x00, 0x7E, 0x1F, 0x81, 0xF8, 0x00, 0x7E, 0x1F, 0x81, 0xF8, 0x00,
  0xFE, 0x1F, 0x83, 0xF0, 0x00, 0xFE, 0x1F, 0x87, 0xF0, 0x00, 0xFE, 0x1F,
  0x87, 0xE0, 0x00, 0xFE, 0x1F, 0x8F, 0xC0, 0x00, 0x7E, 0x1F, 0x8F, 0xC0,
  0x00, 0x7F, 0x3F, 0x1F, 0x80, 0x00, 0x3F, 0xFF, 0x3F, 0x80, 0x00, 0x1F,
  0xFC, 0x3F, 0x00, 0x00, 0x07, 0xF8, 0x7E, 0x0F, 0xF0, 0x00, 0x00, 0x7E,
  0x3F, 0xFC, 0x00, 0x00, 0xFC, 0x7F, 0xFE, 0x00, 0x01, 0xFC, 0xFC, 0x7F,
  0x00, 0x01, 0xF8, 0xFC, 0x3F, 0x00, 0x03, 0xF0, 0xFC, 0x3F, 0x00, 0x03,
  0xF1, 0xFC, 0x3F, 0x00, 0x07, 0xE1, 0xFC, 0x3F, 0x00, 0x0F, 0xE1, 0xFC,
  0x3F, 0x00, 0x0F, 0xC0, 0xFC, 0x3F, 0x00, 0x1F, 0x80, 0xFC, 0x3F, 0x00,
  0x1F, 0x80, 0xFE, 0x7E, 0x00, 0x3F, 0x00, 0x7F, 0xFC, 0x00, 0x7F, 0x00,
  0x3F, 0xF8, 0x00, 0x7E, 0x00, 0x0F, 0xE0, 0x00, 0x1C, 0x00, 0x00, 0x00,
  0x0F, 0xFC, 0x00, 0x00, 0x03, 0xFF, 0xF0, 0x00, 0x00, 0x7F, 0xFF, 0x80,
  0x00, 0x0F, 0xE0, 0xF8, 0x00, 0x00, 0xFC, 0x07, 0x80, 0x00, 0x0F, 0xC0,
  0x7C, 0x00, 0x01, 0xFC, 0x07, 0xC0, 0x00, 0x1F, 0xC0, 0x7C, 0x00, 0x01,
  0xFC, 0x0F, 0x80, 0x00, 0x1F, 0xE0, 0xF8, 0x00, 0x00, 0xFF, 0x1F, 0x00,
  0xFC, 0x0F, 0xFB, 0xF0, 0x3F, 0xE0, 0x7F, 0xFE, 0x07, 0xFE, 0x07, 0xFF,
  0x80, 0xFF, 0xF0, 0x3F, 0xF0, 0x0F, 0x7F, 0x01, 0xFF, 0x81, 0xE3, 0xE0,
  0x7F, 0xFC, 0x1E, 0x3E, 0x1F, 0xFF, 0xE3, 0xC0, 0x83, 0xFB, 0xFF, 0x38,
  0x00, 0x7F, 0x1F, 0xF3, 0x80, 0x07, 0xE0, 0xFF, 0xF8, 0x00, 0xFE, 0x07,
  0xFF, 0x00, 0x0F, 0xE0, 0x3F, 0xF0, 0x00, 0xFE, 0x01, 0xFF, 0x00, 0x0F,
  0xE0, 0x0F, 0xF8, 0x00, 0xFE, 0x00, 0x7F, 0xC0, 0x0F, 0xF0, 0x03, 0xFF,
  0x02, 0xFF, 0x00, 0x3F, 0xFC, 0xE7, 0xFC, 0x0F, 0xFF, 0xFF, 0x7F, 0xFF,
  0xFF, 0xFF, 0xE3, 0xFF, 0xFF, 0x3F, 0xFC, 0x1F, 0xFF, 0xE0, 0xFF, 0x80,
  0x7F, 0xF8, 0x03, 0xF0, 0x00, 0x7C, 0x00, 0x00, 0x00, 0x7B, 0xFF, 0xFF,
  0xFF, 0xF7, 0x9E, 0x79, 0xE7, 0x0C, 0x00, 0x20, 0x03, 0xC0, 0x3E, 0x01,
  0xE0, 0x1F, 0x01, 0xF8, 0x1F, 0x80, 0xFC, 0x0F, 0xC0, 0x7E, 0x07, 0xF0,
  0x3F, 0x03, 0xF8, 0x1F, 0xC0, 0xFE, 0x0F, 0xF0, 0x7F, 0x03, 0xF8, 0x1F,
  0xC1, 0xFE, 0x0F, 0xF0, 0x7F, 0x83, 0xFC, 0x1F, 0xE0, 0xFF, 0x07, 0xF8,
  0x3F, 0xC1, 0xFE, 0x0F, 0xF0, 0x7F, 0x81, 0xFC, 0x0F, 0xE0, 0x7F, 0x03,
  0xFC, 0x0F, 0xE0, 0x7F, 0x03, 0xF8, 0x0F, 0xE0, 0x7F, 0x01, 0xF8, 0x0F,
  0xE0, 0x3F, 0x01, 0xF8, 0x07, 0xE0, 0x1F, 0x00, 0xF8, 0x03, 0xE0, 0x0F,
  0x00, 0x20, 0x20, 0x03, 0x80, 0x3E, 0x00, 0xF8, 0x07, 0xE0, 0x1F, 0x00,
  0xFC, 0x03, 0xF0, 0x1F, 0x80, 0xFE, 0x03, 0xF0, 0x1F, 0xC0, 0xFE, 0x07,
  0xF8, 0x1F, 0xC0, 0xFE, 0x07, 0xF0, 0x3F, 0xC1, 0xFE, 0x0F, 0xF0, 0x7F,
  0x81, 0xFC, 0x0F, 0xE0, 0x7F, 0x03, 0xF8, 0x1F, 0xC0, 0xFE, 0x0F, 0xF0,
  0x7F, 0x83, 0xFC, 0x1F, 0xE0, 0xFE, 0x07, 0xF0, 0x3F, 0x83, 0xFC, 0x1F,
  0xC0, 0xFE, 0x07, 0xE0, 0x7F, 0x03, 0xF8, 0x1F, 0x81, 0xF8, 0x0F, 0xC0,
  0x7C, 0x07, 0xE0, 0x3E, 0x03, 0xE0, 0x1E, 0x00, 0x20, 0x00, 0x01, 0xE0,
  0x00, 0xF8, 0x00, 0x3E, 0x01, 0xC7, 0x8C, 0xF9, 0xCF, 0xBF, 0x77, 0xEF,
  0xFF, 0xF9, 0xFF, 0xFC, 0x07, 0xF8, 0x01, 0xFC, 0x03, 0xFF, 0xE3, 0xFF,
  0xFE, 0xFD, 0xDF, 0xBE, 0x73, 0xE7, 0x3C, 0x70, 0x0F, 0x80, 0x03, 0xE0,
  0x00, 0xF0, 0x00, 0x08, 0x00, 0x01, 0xF0, 0x00, 0x1F, 0x00, 0x01, 0xF0,
  0x00, 0x1F, 0x00, 0x01, 0xF0, 0x00, 0x1F, 0x00, 0x01, 0xF0, 0x0F, 0xFF,
  0xFF, 0xFF, 0xFF, 0xFF, 0xFF, 0xFF, 0xFF, 0xFF, 0xFF, 0xFF, 0xFF, 0x01,
  0xF0, 0x00, 0x1F, 0x00, 0x01, 0xF0, 0x00, 0x1F, 0x00, 0x01, 0xF0, 0x00,
  0x1F, 0x00, 0x01, 0xF0, 0x00, 0x1F, 0x00, 0x3F, 0x3F, 0xBF, 0xFF, 0xFF,
  0xFB, 0xFD, 0xFE, 0x1F, 0x0F, 0x07, 0x87, 0x87, 0xCF, 0xC3, 0xC0, 0x80,
  0xFF, 0xFF, 0xFF, 0xFF, 0xFF, 0xFF, 0xFF, 0xF0, 0x3F, 0x3F, 0xFF, 0xFF,
  0xFF, 0xFB, 0xFD, 0xFC, 0x38, 0x00, 0x00, 0xFC, 0x00, 0x03, 0xE0, 0x00,
  0x1F, 0x80, 0x00, 0x7E, 0x00, 0x01, 0xF0, 0x00, 0x0F, 0xC0, 0x00, 0x3F,
  0x00, 0x00, 0xF8, 0x00, 0x07, 0xE0, 0x00, 0x1F, 0x00, 0x00, 0xFC, 0x00,
  0x03, 0xF0, 0x00, 0x0F, 0x80, 0x00, 0x7E, 0x00, 0x01, 0xF8, 0x00, 0x07,
  0xC0, 0x00, 0x3F, 0x00, 0x00, 0xF8, 0x00, 0x07, 0xE0, 0x00, 0x1F, 0x80,
  0x00, 0x7C, 0x00, 0x03, 0xF0, 0x00, 0x0F, 0xC0, 0x00, 0x3E, 0x00, 0x01,
  0xF8, 0x00, 0x07, 0xE0, 0x00, 0x3F, 0x00, 0x00, 0xFC, 0x00, 0x03, 0xE0,
  0x00, 0x1F, 0x80, 0x00, 0x7E, 0x00, 0x01, 0xF0, 0x00, 0x0F, 0xC0, 0x00,
  0x3F, 0x00, 0x00, 0xF8, 0x00, 0x07, 0xE0, 0x00, 0x1F, 0x00, 0x00, 0xFC,
  0x00, 0x03, 0xF0, 0x00, 0x0F, 0x80, 0x00, 0x7E, 0x00, 0x01, 0xF8, 0x00,
  0x0F, 0xC0, 0x00, 0x00, 0x00, 0x04, 0x00, 0x00, 0x1F, 0xF8, 0x00, 0x1F,
  0xFF, 0x80, 0x1F, 0xFF, 0xF0, 0x0F, 0xFF, 0xFE, 0x03, 0xF8, 0x3F, 0xC1,
  0xFC, 0x07, 0xF0, 0xFF, 0x01, 0xFE, 0x3F, 0x80, 0x3F, 0x8F, 0xE0, 0x0F,
  0xF7, 0xF8, 0x03, 0xFD, 0xFE, 0x00, 0xFF, 0x7F, 0x80, 0x3F, 0xDF, 0xE0,
  0x0F, 0xF7, 0xF0, 0x03, 0xFD, 0xFC, 0x00, 0xFF, 0xFF, 0x00, 0x3F, 0xFF,
  0xC0, 0x0F, 0xFF, 0xF0, 0x03, 0xFF, 0xFC, 0x00, 0xFF, 0x7F, 0x80, 0x3F,
  0xDF, 0xE0, 0x0F, 0xF7, 0xF8, 0x03, 0xFD, 0xFE, 0x00, 0xFF, 0x7F, 0x80,
  0x3F, 0xDF, 0xE0, 0x0F, 0xE3, 0xFC, 0x03, 0xF8, 0xFF, 0x01, 0xFC, 0x1F,
  0xC0, 0x7F, 0x07, 0xF8, 0x3F, 0x80, 0xFF, 0xFF, 0xE0, 0x1F, 0xFF, 0xF0,
  0x03, 0xFF, 0xF8, 0x00, 0x3F, 0xF8, 0x00, 0x01, 0xE0, 0x00, 0x03, 0xF8,
  0x3F, 0xFE, 0x0F, 0xFF, 0x83, 0xFF, 0xE0, 0xFF, 0xF8, 0x01, 0xFE, 0x00,
  0x7F, 0x80, 0x1F, 0xE0, 0x07, 0xF8, 0x01, 0xFE, 0x00, 0x7F, 0x80, 0x1F,
  0xE0, 0x07, 0xF8, 0x01, 0xFE, 0x00, 0x7F, 0x80, 0x1F, 0xE0, 0x07, 0xF8,
  0x01, 0xFE, 0x00, 0x7F, 0x80, 0x1F, 0xE0, 0x07, 0xF8, 0x01, 0xFE, 0x00,
  0x7F, 0x80, 0x1F, 0xE0, 0x07, 0xF8, 0x01, 0xFE, 0x00, 0x7F, 0x80, 0x1F,
  0xE0, 0x07, 0xF8, 0x1F, 0xFF, 0xEF, 0xFF, 0xFF, 0xFF, 0xFF, 0xFF, 0xFF,
  0xC0, 0x00, 0x10, 0x00, 0x0F, 0xFF, 0x00, 0x7F, 0xFF, 0x81, 0xFF, 0xFF,
  0x87, 0xFF, 0xFF, 0x9F, 0x80, 0xFF, 0x3F, 0x80, 0xFF, 0x7F, 0x01, 0xFE,
  0xFE, 0x03, 0xFD, 0xFC, 0x07, 0xF9, 0xF8, 0x0F, 0xF1, 0xC0, 0x1F, 0xE0,
  0x00, 0x3F, 0xC0, 0x00, 0xFF, 0x80, 0x01, 0xFE, 0x00, 0x07, 0xFC, 0x00,
  0x0F, 0xF0, 0x00, 0x3F, 0xC0, 0x00, 0xFF, 0x00, 0x01, 0xFC, 0x00, 0x07,
  0xF8, 0x00, 0x1F, 0xE0, 0x00, 0x7F, 0x80, 0x01, 0xFC, 0x00, 0x07, 0xF0,
  0x1E, 0x1F, 0xC0, 0x7C, 0x7F, 0x00, 0xF9, 0xFC, 0x03, 0xF3, 0xF0, 0x0F,
  0xEF, 0xFF, 0xFF, 0xBF, 0xFF, 0xFF, 0x7F, 0xFF, 0xFE, 0xFF, 0xFF, 0xFC,
  0xFF, 0xFF, 0xF8, 0x00, 0x18, 0x00, 0x07, 0xFF, 0x80, 0x3F, 0xFF, 0xC0,
  0xFF, 0xFF, 0xC3, 0xFC, 0xFF, 0x8F, 0xC0, 0x7F, 0x9F, 0x80, 0x7F, 0x3F,
  0x80, 0xFE, 0x7F, 0x01, 0xFC, 0xFE, 0x03, 0xF8, 0xF8, 0x07, 0xF0, 0x00,
  0x0F, 0xE0, 0x00, 0x3F, 0x80, 0x00, 0xFF, 0x00, 0x03, 0xF8, 0x00, 0x7F,
  0xE0, 0x01, 0xFE, 0x00, 0x03, 0xFF, 0xC0, 0x07, 0xFF, 0xE0, 0x07, 0xFF,
  0xE0, 0x00, 0x7F, 0xC0, 0x00, 0x3F, 0xC0, 0x00, 0x7F, 0x80, 0x00, 0xFF,
  0x00, 0x01, 0xFE, 0x00, 0x03, 0xFC, 0x80, 0x07, 0xFB, 0xC0, 0x1F, 0xF7,
  0xE0, 0x7F, 0xFF, 0xFF, 0xFF, 0x9F, 0xFF, 0xFF, 0x1F, 0xFF, 0xFC, 0x1F,
  0xFF, 0xE0, 0x0F, 0xFF, 0x00, 0x01, 0xE0, 0x00, 0x00, 0x01, 0xFE, 0x00,
  0x00, 0x3F, 0xE0, 0x00, 0x03, 0xFE, 0x00, 0x00, 0x7F, 0xE0, 0x00, 0x0F,
  0xFE, 0x00, 0x00, 0xFF, 0xE0, 0x00, 0x1F, 0xFE, 0x00, 0x03, 0xFF, 0xE0,
  0x00, 0x3D, 0xFE, 0x00, 0x07, 0x9F, 0xE0, 0x00, 0xF9, 0xFE, 0x00, 0x0F,
  0x1F, 0xE0, 0x01, 0xE1, 0xFE, 0x00, 0x3E, 0x1F, 0xE0, 0x07, 0xC1, 0xFE,
  0x00, 0x78, 0x1F, 0xE0, 0x0F, 0x81, 0xFE, 0x01, 0xF0, 0x1F, 0xE0, 0x1E,
  0x01, 0xFE, 0x03, 0xE0, 0x1F, 0xE0, 0x7C, 0x01, 0xFE, 0x0F, 0xFF, 0xFF,
  0xFF, 0x7F, 0xFF, 0xFF, 0xF7, 0xFF, 0xFF, 0xFF, 0x7F, 0xFF, 0xFF, 0xF0,
  0x00, 0x1F, 0xE0, 0x00, 0x01, 0xFE, 0x00, 0x00, 0x1F, 0xE0, 0x00, 0x01,
  0xFE, 0x00, 0x00, 0xFF, 0xFC, 0x00, 0x3F, 0xFF, 0xE0, 0x03, 0xFF, 0xFE,
  0x00, 0x3F, 0xFF, 0xE0, 0x1F, 0xFF, 0xFC, 0x3F, 0xFF, 0xF8, 0x7F, 0xFF,
  0xF0, 0xFF, 0xFF, 0xC1, 0xFF, 0xFF, 0x83, 0xFF, 0xFF, 0x07, 0x80, 0x00,
  0x1F, 0x00, 0x00, 0x3E, 0x00, 0x00, 0x7C, 0x00, 0x00, 0xF8, 0x00, 0x01,
  0xF0, 0x00, 0x03, 0xEF, 0xF8, 0x07, 0xFF, 0xFC, 0x0F, 0xFF, 0xFC, 0x1F,
  0xFF, 0xFC, 0x3F, 0xFF, 0xFC, 0x38, 0x0F, 0xF8, 0x00, 0x0F, 0xF8, 0x00,
  0x0F, 0xF0, 0x00, 0x1F, 0xE0, 0x00, 0x3F, 0xC0, 0x00, 0x7F, 0x80, 0x00,
  0xFF, 0x00, 0x01, 0xFE, 0x40, 0x03, 0xFD, 0xC0, 0x0F, 0xFF, 0xE0, 0x3F,
  0xEF, 0xFF, 0xFF, 0xDF, 0xFF, 0xFF, 0x1F, 0xFF, 0xFC, 0x0F, 0xFF, 0xF0,
  0x07, 0xFF, 0x80, 0x01, 0xF0, 0x00, 0x00, 0x01, 0x80, 0x00, 0x1F, 0xFC,
  0x00, 0x3F, 0xFF, 0x80, 0x3F, 0xFF, 0xE0, 0x7F, 0xC3, 0xF8, 0x3F, 0x81,
  0xFC, 0x3F, 0x80, 0xFE, 0x3F, 0x80, 0x7F, 0x1F, 0xC0, 0x3F, 0x1F, 0xE0,
  0x0F, 0x0F, 0xE0, 0x00, 0x07, 0xF0, 0x00, 0x07, 0xF8, 0x00, 0x03, 0xFC,
  0x7F, 0x81, 0xFC, 0xFF, 0xE0, 0xFE, 0xFF, 0xFC, 0x7F, 0xFF, 0xFE, 0x3F,
  0xF0, 0xFF, 0xBF, 0xF0, 0x3F, 0xDF, 0xF0, 0x0F, 0xFF, 0xF8, 0x07, 0xFF,
  0xF8, 0x03, 0xFD, 0xFC, 0x00, 0xFE, 0xFE, 0x00, 0x7F, 0x7F, 0x00, 0x3F,
  0xBF, 0x80, 0x3F, 0xDF, 0xE0, 0x1F, 0xE7, 0xF0, 0x0F, 0xE3, 0xF8, 0x07,
  0xF0, 0xFE, 0x07, 0xF0, 0x7F, 0xFF, 0xF8, 0x1F, 0xFF, 0xF8, 0x07, 0xFF,
  0xF8, 0x00, 0xFF, 0xF0, 0x00, 0x07, 0x80, 0x00, 0x7F, 0xFF, 0xFF, 0x7F,
  0xFF, 0xFF, 0xFF, 0xFF, 0xFF, 0xFF, 0xFF, 0xFF, 0xFF, 0xFF, 0xFF, 0xFF,
  0x00, 0x3E, 0xFC, 0x00, 0x7C, 0xF8, 0x00, 0xFC, 0xF8, 0x01, 0xF8, 0xF0,
  0x01, 0xF0, 0x00, 0x03, 0xF0, 0x00, 0x07, 0xE0, 0x00, 0x0F, 0xC0, 0x00,
  0x0F, 0xC0, 0x00, 0x1F, 0x80, 0x00, 0x1F, 0x80, 0x00, 0x3F, 0x80, 0x00,
  0x3F, 0x00, 0x00, 0x7F, 0x00, 0x00, 0x7F, 0x00, 0x00, 0x7F, 0x00, 0x00,
  0xFE, 0x00, 0x00, 0xFE, 0x00, 0x00, 0xFE, 0x00, 0x01, 0xFE, 0x00, 0x01,
  0xFE, 0x00, 0x01, 0xFE, 0x00, 0x01, 0xFE, 0x00, 0x01, 0xFE, 0x00, 0x01,
  0xFE, 0x00, 0x01, 0xFE, 0x00, 0x01, 0xFE, 0x00, 0x01, 0xFE, 0x00, 0x00,
  0x80, 0x00, 0x00, 0x0C, 0x00, 0x00, 0x7F, 0xFC, 0x00, 0x7F, 0xFF, 0x80,
  0x3F, 0xFF, 0xF0, 0x1F, 0xF7, 0xFE, 0x0F, 0xF0, 0x3F, 0xC3, 0xF8, 0x07,
  0xF0, 0xFC, 0x01, 0xFC, 0x7F, 0x00, 0x7F, 0x1F, 0xE0, 0x1F, 0xC7, 0xF8,
  0x07, 0xF0, 0xFF, 0x03, 0xF8, 0x3F, 0xF0, 0xFC, 0x0F, 0xFF, 0x7E, 0x01,
  0xFF, 0xFF, 0x00, 0x3F, 0xFF, 0x80, 0x03, 0xFF, 0xF8, 0x00, 0x7F, 0xFF,
  0x00, 0x7F, 0xFF, 0xE0, 0x7F, 0x3F, 0xFC, 0x3F, 0x83, 0xFF, 0x9F, 0xC0,
  0x3F, 0xE7, 0xF0, 0x07, 0xFB, 0xF8, 0x01, 0xFE, 0xFE, 0x00, 0x3F, 0xFF,
  0x80, 0x0F, 0xEF, 0xE0, 0x03, 0xFB, 0xF8, 0x01, 0xFE, 0xFF, 0x00, 0x7F,
  0x9F, 0xE0, 0x3F, 0xC7, 0xFF, 0xFF, 0xE0, 0xFF, 0xFF, 0xF0, 0x1F, 0xFF,
  0xF8, 0x01, 0xFF, 0xF8, 0x00, 0x07, 0xE0, 0x00, 0x00, 0x08, 0x00, 0x00,
  0xFF, 0xE0, 0x01, 0xFF, 0xFC, 0x01, 0xFF, 0xFF, 0x01, 0xFF, 0x7F, 0xC1,
  0xFC, 0x0F, 0xE1, 0xFE, 0x03, 0xF8, 0xFE, 0x01, 0xFC, 0x7F, 0x00, 0xFF,
  0x7F, 0x80, 0x3F, 0xBF, 0xC0, 0x1F, 0xDF, 0xE0, 0x0F, 0xEF, 0xF0, 0x07,
  0xF7, 0xF8, 0x03, 0xFF, 0xFC, 0x03, 0xFF, 0xFE, 0x01, 0xFF, 0x7F, 0x81,
  0xFF, 0xBF, 0xE1, 0xFF, 0xCF, 0xFF, 0xFF, 0xC7, 0xFF, 0xFF, 0xE0, 0xFF,
  0xF7, 0xF0, 0x3F, 0xE3, 0xF8, 0x00, 0x83, 0xFC, 0x00, 0x01, 0xFE, 0x00,
  0x00, 0xFF, 0x00, 0x00, 0x7F, 0x00, 0x00, 0x7F, 0x86, 0x00, 0x7F, 0xC3,
  0xC0, 0x7F, 0xC3, 0xFF, 0xFF, 0xE1, 0xFF, 0xFF, 0xE0, 0xFF, 0xFF, 0xE0,
  0x1F, 0xFF, 0xE0, 0x03, 0xFF, 0xC0, 0x00, 0x1E, 0x00, 0x00, 0x1C, 0x3F,
  0x9F, 0xFF, 0xFF, 0xFF, 0xFD, 0xFE, 0x7E, 0x08, 0x00, 0x00, 0x00, 0x00,
  0x00, 0x00, 0x00, 0x00, 0x00, 0x00, 0x0F, 0xCF, 0xFF, 0xFF, 0xFF, 0xFE,
  0xFF, 0x7F, 0x0E, 0x00, 0x1C, 0x3F, 0xBF, 0xFF, 0xFF, 0xFF, 0xFD, 0xFE,
  0xFE, 0x08, 0x00, 0x00, 0x00, 0x00, 0x00, 0x00, 0x00, 0x00, 0x00, 0x00,
  0x0F, 0xCF, 0xEF, 0xFF, 0xFF, 0xFE, 0xFF, 0x7F, 0x87, 0xC3, 0xC1, 0xE1,
  0xE1, 0xF3, 0xF0, 0xF0, 0x20, 0x00, 0x00, 0x00, 0x80, 0x00, 0x70, 0x00,
  0x3F, 0x00, 0x0F, 0xF0, 0x07, 0xFC, 0x03, 0xFE, 0x00, 0xFF, 0x80, 0x7F,
  0xC0, 0x3F, 0xE0, 0x0F, 0xF8, 0x03, 0xFC, 0x00, 0x7E, 0x00, 0x0F, 0xF0,
  0x01, 0xFF, 0x00, 0x0F, 0xF8, 0x00, 0xFF, 0xC0, 0x07, 0xFC, 0x00, 0x3F,
  0xE0, 0x03, 0xFF, 0x00, 0x1F, 0xF0, 0x00, 0xFC, 0x00, 0x0F, 0x00, 0x00,
  0x60, 0xFF, 0xFF, 0xFF, 0xFF, 0xFF, 0xFF, 0xFF, 0xFF, 0xFF, 0xFF, 0xFF,
  0xFF, 0xF0, 0x00, 0x00, 0x00, 0x00, 0x00, 0x00, 0x00, 0x00, 0x00, 0x0F,
  0xFF, 0xFF, 0xFF, 0xFF, 0xFF, 0xFF, 0xFF, 0xFF, 0xFF, 0xFF, 0xFF, 0xFF,
  0x20, 0x00, 0x0F, 0x00, 0x03, 0xF0, 0x00, 0x7F, 0x80, 0x0F, 0xF8, 0x00,
  0x7F, 0xC0, 0x03, 0xFE, 0x00, 0x3F, 0xE0, 0x01, 0xFF, 0x00, 0x0F, 0xF8,
  0x00, 0xFF, 0x80, 0x07, 0xF0, 0x01, 0xFE, 0x00, 0xFF, 0x80, 0x7F, 0xE0,
  0x1F, 0xF0, 0x0F, 0xF8, 0x07, 0xFE, 0x01, 0xFF, 0x00, 0x7F, 0x80, 0x0F,
  0xE0, 0x00, 0xF0, 0x00, 0x08, 0x00, 0x00, 0x00, 0x30, 0x00, 0x1F, 0xFE,
  0x01, 0xFF, 0xFE, 0x0F, 0xFF, 0xFC, 0x7E, 0x0F, 0xF9, 0xF0, 0x1F, 0xEF,
  0xC0, 0x3F, 0xBF, 0x80, 0xFF, 0xFE, 0x03, 0xFD, 0xF8, 0x0F, 0xE3, 0xC0,
  0x7F, 0x80, 0x03, 0xFE, 0x00, 0x1F, 0xF0, 0x00, 0xFF, 0x80, 0x07, 0xFE,
  0x00, 0x3F, 0xE0, 0x00, 0xFF, 0x00, 0x07, 0xF8, 0x00, 0x1F, 0xC0, 0x00,
  0x7E, 0x00, 0x01, 0xF0, 0x00, 0x07, 0xC0, 0x00, 0x1F, 0x00, 0x00, 0x7C,
  0x00, 0x00, 0x00, 0x00, 0x00, 0x00, 0x00, 0x00, 0x00, 0x00, 0x3C, 0x00,
  0x03, 0xF8, 0x00, 0x0F, 0xF0, 0x00, 0x7F, 0xC0, 0x00, 0xFF, 0x00, 0x03,
  0xFC, 0x00, 0x0F, 0xE0, 0x00, 0x0E, 0x00, 0x00, 0x00, 0x00, 0xFF, 0xC0,
  0x00, 0x00, 0x1F, 0xFF, 0xF8, 0x00, 0x00, 0xFF, 0xFF, 0xFC, 0x00, 0x07,
  0xFF, 0xFF, 0xFC, 0x00, 0x1F, 0xE0, 0x03, 0xFE, 0x00, 0x7E, 0x00, 0x00,
  0xFE, 0x01, 0xF8, 0x00, 0x00, 0xFC, 0x07, 0xC0, 0x00, 0x00, 0xFC, 0x1F,
  0x00, 0x00, 0x00, 0xFC, 0x7C, 0x03, 0xFC, 0x10, 0xF8, 0xF8, 0x1F, 0xFF,
  0xE1, 0xF3, 0xE0, 0x7F, 0xFF, 0xC1, 0xF7, 0xC1, 0xFC, 0x1F, 0x83, 0xEF,
  0x03, 0xF0, 0x3F, 0x07, 0xFE, 0x0F, 0xC0, 0x7E, 0x0F, 0xFC, 0x1F, 0x80,
  0xFC, 0x1F, 0xF8, 0x7E, 0x03, 0xF8, 0x3F, 0xE0, 0xFC, 0x07, 0xE0, 0x7F,
  0xC1, 0xF8, 0x0F, 0xC0, 0xFF, 0x83, 0xF0, 0x3F, 0x81, 0xFF, 0x07, 0xE0,
  0x6F, 0x03, 0xDE, 0x0F, 0xC1, 0xDE, 0x07, 0xBC, 0x1F, 0x83, 0xBC, 0x1F,
  0x7C, 0x3F, 0x06, 0x78, 0x3C, 0xF8, 0x7E, 0x1C, 0xF0, 0xF9, 0xF0, 0x7F,
  0xF1, 0xF7, 0xE3, 0xE0, 0xFF, 0xE3, 0xFF, 0x83, 0xE0, 0xFF, 0x87, 0xFE,
  0x07, 0xC0, 0x7C, 0x03, 0xE0, 0x07, 0xC0, 0x00, 0x00, 0x00, 0x0F, 0xC0,
  0x00, 0x00, 0x00, 0x0F, 0xC0, 0x00, 0x30, 0x00, 0x0F, 0xE0, 0x01, 0xF0,
  0x00, 0x0F, 0xFF, 0xFF, 0xE0, 0x00, 0x0F, 0xFF, 0xFF, 0x80, 0x00, 0x0F,
  0xFF, 0xFC, 0x00, 0x00, 0x03, 0xFF, 0xC0, 0x00, 0x00, 0x00, 0x03, 0xFC,
  0x00, 0x00, 0x00, 0x7F, 0x80, 0x00, 0x00, 0x1F, 0xF8, 0x00, 0x00, 0x03,
  0xFF, 0x00, 0x00, 0x00, 0xFF, 0xE0, 0x00, 0x00, 0x1F, 0xFE, 0x00, 0x00,
  0x03, 0xDF, 0xC0, 0x00, 0x00, 0xFB, 0xF8, 0x00, 0x00, 0x1F, 0x7F, 0x80,
  0x00, 0x03, 0xC7, 0xF0, 0x00, 0x00, 0xF8, 0xFE, 0x00, 0x00, 0x1F, 0x1F,
  0xE0, 0x00, 0x03, 0xC1, 0xFC, 0x00, 0x00, 0xF8, 0x3F, 0xC0, 0x00, 0x1F,
  0x07, 0xF8, 0x00, 0x07, 0xC0, 0xFF, 0x00, 0x00, 0xF8, 0x0F, 0xF0, 0x00,
  0x1F, 0x01, 0xFE, 0x00, 0x07, 0xC0, 0x3F, 0xC0, 0x00, 0xFF, 0xFF, 0xFC,
  0x00, 0x1F, 0xFF, 0xFF, 0x80, 0x07, 0xFF, 0xFF, 0xF0, 0x00, 0xFF, 0xFF,
  0xFF, 0x00, 0x1F, 0x00, 0x1F, 0xE0, 0x07, 0xC0, 0x03, 0xFE, 0x00, 0xF8,
  0x00, 0x3F, 0xC0, 0x1F, 0x00, 0x07, 0xF8, 0x07, 0xC0, 0x00, 0xFF, 0x81,
  0xF8, 0x00, 0x1F, 0xF1, 0xFF, 0xE0, 0x1F, 0xFF, 0xFF, 0xFE, 0x03, 0xFF,
  0xFF, 0xFF, 0xC0, 0x7F, 0xFF, 0xFF, 0xF8, 0x0F, 0xFF, 0xE0, 0xFF, 0xFF,
  0xF0, 0x07, 0xFF, 0xFF, 0xF0, 0x3F, 0xFF, 0xFF, 0xE1, 0xFF, 0xFF, 0xFF,
  0x81, 0xFF, 0x07, 0xFC, 0x07, 0xF8, 0x1F, 0xF0, 0x3F, 0xC0, 0x7F, 0x81,
  0xFE, 0x03, 0xFC, 0x0F, 0xF0, 0x1F, 0xE0, 0x7F, 0x80, 0xFF, 0x03, 0xFC,
  0x07, 0xF8, 0x1F, 0xE0, 0x7F, 0x80, 0xFF, 0x03, 0xF8, 0x07, 0xF8, 0x7F,
  0x80, 0x3F, 0xFF, 0xF8, 0x01, 0xFF, 0xFE, 0x00, 0x0F, 0xFF, 0xFF, 0x00,
  0x7F, 0xFF, 0xFE, 0x03, 0xFC, 0x0F, 0xF8, 0x1F, 0xE0, 0x3F, 0xE0, 0xFF,
  0x00, 0xFF, 0x07, 0xF8, 0x03, 0xFC, 0x3F, 0xC0, 0x1F, 0xE1, 0xFE, 0x00,
  0xFF, 0x0F, 0xF0, 0x07, 0xF8, 0x7F, 0x80, 0x7F, 0xC3, 0xFC, 0x03, 0xFC,
  0x1F, 0xE0, 0x3F, 0xE0, 0xFF, 0x07, 0xFE, 0x3F, 0xFF, 0xFF, 0xF3, 0xFF,
  0xFF, 0xFE, 0x1F, 0xFF, 0xFF, 0xE0, 0xFF, 0xFF, 0xF0, 0x00, 0x00, 0x01,
  0x80, 0xE0, 0x01, 0xFF, 0xC7, 0x00, 0x3F, 0xFF, 0xF8, 0x07, 0xFF, 0xFF,
  0xE0, 0x7F, 0xFF, 0xFF, 0x07, 0xFE, 0x0F, 0xF8, 0x7F, 0xC0, 0x1F, 0xC3,
  0xFC, 0x00, 0x7E, 0x3F, 0xC0, 0x01, 0xF1, 0xFC, 0x00, 0x07, 0x9F, 0xE0,
  0x00, 0x3E, 0xFF, 0x00, 0x01, 0xF7, 0xF8, 0x00, 0x04, 0x7F, 0x80, 0x00,
  0x03, 0xFC, 0x00, 0x00, 0x1F, 0xE0, 0x00, 0x00, 0xFF, 0x00, 0x00, 0x07,
  0xF8, 0x00, 0x00, 0x3F, 0xC0, 0x00, 0x01, 0xFE, 0x00, 0x00, 0x0F, 0xF8,
  0x00, 0x00, 0x7F, 0xC0, 0x00, 0x03, 0xFE, 0x00, 0x00, 0x0F, 0xF0, 0x00,
  0x00, 0x7F, 0xC0, 0x00, 0x03, 0xFE, 0x00, 0x01, 0x0F, 0xF8, 0x00, 0x1C,
  0x7F, 0xE0, 0x01, 0xF1, 0xFF, 0xC0, 0x3F, 0x87, 0xFF, 0xFF, 0xF8, 0x1F,
  0xFF, 0xFF, 0x80, 0x7F, 0xFF, 0xF8, 0x01, 0xFF, 0xFF, 0x00, 0x03, 0xFF,
  0xE0, 0x00, 0x01, 0xF0, 0x00, 0xFF, 0xFF, 0xF0, 0x00, 0x7F, 0xFF, 0xFF,
  0x80, 0x3F, 0xFF, 0xFF, 0xF0, 0x1F, 0xFF, 0xFF, 0xFC, 0x01, 0xFF, 0x1F,
  0xFF, 0x80, 0x7F, 0x80, 0x7F, 0xE0, 0x3F, 0xC0, 0x1F, 0xF0, 0x1F, 0xE0,
  0x07, 0xFC, 0x0F, 0xF0, 0x01, 0xFE, 0x07, 0xF8, 0x00, 0xFF, 0x83, 0xFC,
  0x00, 0x3F, 0xC1, 0xFE, 0x00, 0x1F, 0xE0, 0xFF, 0x00, 0x0F, 0xF0, 0x7F,
  0x80, 0x07, 0xF8, 0x3F, 0xC0, 0x03, 0xFE, 0x1F, 0xE0, 0x01, 0xFF, 0x0F,
  0xF0, 0x00, 0xFF, 0x87, 0xF8, 0x00, 0x7F, 0xC3, 0xFC, 0x00, 0x3F, 0xC1,
  0xFE, 0x00, 0x1F, 0xE0, 0xFF, 0x00, 0x0F, 0xF0, 0x7F, 0x80, 0x07, 0xF8,
  0x3F, 0xC0, 0x07, 0xFC, 0x1F, 0xE0, 0x03, 0xFC, 0x0F, 0xF0, 0x01, 0xFE,
  0x07, 0xF8, 0x01, 0xFE, 0x03, 0xFC, 0x01, 0xFE, 0x01, 0xFE, 0x01, 0xFF,
  0x00, 0xFF, 0x0F, 0xFF, 0x03, 0xFF, 0xFF, 0xFE, 0x03, 0xFF, 0xFF, 0xFE,
  0x01, 0xFF, 0xFF, 0xFC, 0x00, 0xFF, 0xFF, 0xE0, 0x00, 0x00, 0xFF, 0xFF,
  0xFF, 0x8F, 0xFF, 0xFF, 0xF8, 0xFF, 0xFF, 0xFF, 0xCF, 0xFF, 0xFF, 0xFC,
  0x1F, 0xF0, 0x1F, 0xC0, 0xFF, 0x00, 0x7C, 0x0F, 0xF0, 0x07, 0xC0, 0xFF,
  0x00, 0x3C, 0x0F, 0xF0, 0x03, 0xE0, 0xFF, 0x00, 0x20, 0x0F, 0xF0, 0x00,
  0x00, 0xFF, 0x07, 0x80, 0x0F, 0xF0, 0x78, 0x00, 0xFF, 0x07, 0x80, 0x0F,
  0xFF, 0xF8, 0x00, 0xFF, 0xFF, 0x80, 0x0F, 0xFF, 0xF8, 0x00, 0xFF, 0xFF,
  0x80, 0x0F, 0xF1, 0xF8, 0x00, 0xFF, 0x07, 0x80, 0x0F, 0xF0, 0x78, 0x00,
  0xFF, 0x07, 0x80, 0x0F, 0xF0, 0x00, 0x00, 0xFF, 0x00, 0x1F, 0x0F, 0xF0,
  0x01, 0xE0, 0xFF, 0x00, 0x3E, 0x0F, 0xF0, 0x03, 0xE0, 0xFF, 0x00, 0x7E,
  0x0F, 0xF0, 0x0F, 0xE7, 0xFF, 0xFF, 0xFE, 0xFF, 0xFF, 0xFF, 0xEF, 0xFF,
  0xFF, 0xFE, 0xFF, 0xFF, 0xFF, 0xC0, 0xFF, 0xFF, 0xFF, 0x9F, 0xFF, 0xFF,
  0xF3, 0xFF, 0xFF, 0xFF, 0x7F, 0xFF, 0xFF, 0xE1, 0xFF, 0x01, 0xFC, 0x1F,
  0xE0, 0x1F, 0x83, 0xFC, 0x01, 0xF0, 0x7F, 0x80, 0x1E, 0x0F, 0xF0, 0x03,
  0xE1, 0xFE, 0x00, 0x7C, 0x3F, 0xC0, 0x00, 0x07, 0xF8, 0x00, 0x00, 0xFF,
  0x03, 0x80, 0x1F, 0xE0, 0xF0, 0x03, 0xFC, 0x1E, 0x00, 0x7F, 0xFF, 0xC0,
  0x0F, 0xFF, 0xF8, 0x01, 0xFF, 0xFF, 0x00, 0x3F, 0xFF, 0xE0, 0x07, 0xF8,
  0xFC, 0x00, 0xFF, 0x07, 0x80, 0x1F, 0xE0, 0xF0, 0x03, 0xFC, 0x1E, 0x00,
  0x7F, 0x82, 0x00, 0x0F, 0xF0, 0x00, 0x01, 0xFE, 0x00, 0x00, 0x3F, 0xC0,
  0x00, 0x07, 0xF8, 0x00, 0x00, 0xFF, 0x00, 0x00, 0xFF, 0xFF, 0x00, 0x3F,
  0xFF, 0xE0, 0x07, 0xFF, 0xFC, 0x00, 0xFF, 0xFF, 0x80, 0x00, 0x00, 0x01,
  0xC0, 0xF0, 0x00, 0x1F, 0xFE, 0x78, 0x00, 0x3F, 0xFF, 0xBC, 0x00, 0x7F,
  0xFF, 0xFE, 0x00, 0x7F, 0xFF, 0xFF, 0x00, 0x7F, 0xE0, 0x7F, 0x80, 0x7F,
  0xC0, 0x0F, 0xE0, 0x3F, 0xC0, 0x03, 0xF0, 0x3F, 0xC0, 0x00, 0xF8, 0x1F,
  0xE0, 0x00, 0x7C, 0x1F, 0xE0, 0x00, 0x1E, 0x0F, 0xF0, 0x00, 0x0F, 0x87,
  0xF8, 0x00, 0x02, 0x07, 0xF8, 0x00, 0x00, 0x03, 0xFC, 0x00, 0x00, 0x01,
  0xFE, 0x00, 0x00, 0x00, 0xFF, 0x00, 0x00, 0x00, 0x7F, 0x80, 0x0F, 0xFF,
  0xFF, 0xC0, 0x07, 0xFF, 0xFF, 0xE0, 0x03, 0xFF, 0xFF, 0xF0, 0x01, 0xFF,
  0xFF, 0xFC, 0x00, 0x3F, 0xF3, 0xFE, 0x00, 0x0F, 0xF0, 0xFF, 0x00, 0x07,
  0xF8, 0x7F, 0xC0, 0x03, 0xFC, 0x3F, 0xE0, 0x01, 0xFE, 0x0F, 0xF8, 0x00,
  0xFF, 0x07, 0xFE, 0x00, 0x7F, 0x81, 0xFF, 0x80, 0x7F, 0xC0, 0x7F, 0xFF,
  0xFF, 0xE0, 0x3F, 0xFF, 0xFF, 0xF0, 0x0F, 0xFF, 0xFE, 0xF8, 0x01, 0xFF,
  0xFE, 0x7C, 0x00, 0x3F, 0xFC, 0x3E, 0x00, 0x01, 0xE0, 0x00, 0x00, 0xFF,
  0xFE, 0x07, 0xFF, 0xFF, 0xFF, 0xC0, 0xFF, 0xFF, 0xFF, 0xF8, 0x1F, 0xFF,
  0xFF, 0xFF, 0x03, 0xFF, 0xF1, 0xFF, 0x00, 0x0F, 0xF0, 0x1F, 0xE0, 0x01,
  0xFE, 0x03, 0xFC, 0x00, 0x3F, 0xC0, 0x7F, 0x80, 0x07, 0xF8, 0x0F, 0xF0,
  0x00, 0xFF, 0x01, 0xFE, 0x00, 0x1F, 0xE0, 0x3F, 0xC0, 0x03, 0xFC, 0x07,
  0xF8, 0x00, 0x7F, 0x80, 0xFF, 0x00, 0x0F, 0xF0, 0x1F, 0xE0, 0x01, 0xFE,
  0x03, 0xFF, 0xFF, 0xFF, 0xC0, 0x7F, 0xFF, 0xFF, 0xF8, 0x0F, 0xFF, 0xFF,
  0xFF, 0x01, 0xFF, 0xFF, 0xFF, 0xE0, 0x3F, 0xFF, 0xFF, 0xFC, 0x07, 0xF8,
  0x00, 0x7F, 0x80, 0xFF, 0x00, 0x0F, 0xF0, 0x1F, 0xE0, 0x01, 0xFE, 0x03,
  0xFC, 0x00, 0x3F, 0xC0, 0x7F, 0x80, 0x07, 0xF8, 0x0F, 0xF0, 0x00, 0xFF,
  0x01, 0xFE, 0x00, 0x1F, 0xE0, 0x3F, 0xC0, 0x03, 0xFC, 0x07, 0xF8, 0x00,
  0x7F, 0x80, 0xFF, 0x00, 0x0F, 0xF0, 0xFF, 0xFC, 0x0F, 0xFF, 0xFF, 0xFF,
  0x81, 0xFF, 0xFF, 0xFF, 0xF0, 0x3F, 0xFF, 0xFF, 0xFE, 0x07, 0xFF, 0xE0,
  0xFF, 0xFF, 0xFF, 0xFF, 0xFF, 0xFF, 0xFF, 0xF0, 0xFF, 0x01, 0xFE, 0x03,
  0xFC, 0x07, 0xF8, 0x0F, 0xF0, 0x1F, 0xE0, 0x3F, 0xC0, 0x7F, 0x80, 0xFF,
  0x01, 0xFE, 0x03, 0xFC, 0x07, 0xF8, 0x0F, 0xF0, 0x1F, 0xE0, 0x3F, 0xC0,
  0x7F, 0x80, 0xFF, 0x01, 0xFE, 0x03, 0xFC, 0x07, 0xF8, 0x0F, 0xF0, 0x1F,
  0xE0, 0x3F, 0xC0, 0x7F, 0x80, 0xFF, 0x0F, 0xFF, 0xFF, 0xFF, 0xFF, 0xFF,
  0xFF, 0xFE, 0x00, 0x7F, 0xFF, 0x80, 0x3F, 0xFF, 0xC0, 0x1F, 0xFF, 0xE0,
  0x0F, 0xFF, 0xF0, 0x00, 0x7F, 0xC0, 0x00, 0x3F, 0xC0, 0x00, 0x1F, 0xE0,
  0x00, 0x0F, 0xF0, 0x00, 0x07, 0xF8, 0x00, 0x03, 0xFC, 0x00, 0x01, 0xFE,
  0x00, 0x00, 0xFF, 0x00, 0x00, 0x7F, 0x80, 0x00, 0x3F, 0xC0, 0x00, 0x1F,
  0xE0, 0x00, 0x0F, 0xF0, 0x00, 0x07, 0xF8, 0x00, 0x03, 0xFC, 0x00, 0x01,
  0xFE, 0x00, 0x00, 0xFF, 0x00, 0x00, 0x7F, 0x80, 0x00, 0x3F, 0xC0, 0xF8,
  0x1F, 0xE0, 0xFE, 0x0F, 0xF0, 0xFF, 0x07, 0xF8, 0x7F, 0x83, 0xFC, 0x3F,
  0x81, 0xFE, 0x1F, 0xC0, 0xFE, 0x0F, 0xE0, 0xFF, 0x03, 0xFF, 0xFF, 0x01,
  0xFF, 0xFF, 0x80, 0x7F, 0xFF, 0x00, 0x0F, 0xFF, 0x00, 0x00, 0xF8, 0x00,
  0x00, 0xFF, 0xFE, 0x0F, 0xFF, 0x1F, 0xFF, 0xC1, 0xFF, 0xE3, 0xFF, 0xF8,
  0x7F, 0xFC, 0x7F, 0xFF, 0x0F, 0xFF, 0x80, 0xFF, 0x00, 0x3F, 0x80, 0x1F,
  0xE0, 0x07, 0xE0, 0x03, 0xFC, 0x01, 0xF8, 0x00, 0x7F, 0x80, 0x7E, 0x00,
  0x0F, 0xF0, 0x1F, 0x80, 0x01, 0xFE, 0x07, 0xE0, 0x00, 0x3F, 0xC1, 0xF8,
  0x00, 0x07, 0xF8, 0x7E, 0x00, 0x00, 0xFF, 0x1F, 0x80, 0x00, 0x1F, 0xE7,
  0xE0, 0x00, 0x03, 0xFD, 0xFC, 0x00, 0x00, 0x7F, 0xFF, 0xC0, 0x00, 0x0F,
  0xFF, 0xF8, 0x00, 0x01, 0xFF, 0xFF, 0x80, 0x00, 0x3F, 0xFF, 0xF8, 0x00,
  0x07, 0xFF, 0xFF, 0x00, 0x00, 0xFF, 0x9F, 0xF0, 0x00, 0x1F, 0xE1, 0xFF,
  0x00, 0x03, 0xFC, 0x3F, 0xE0, 0x00, 0x7F, 0x83, 0xFE, 0x00, 0x0F, 0xF0,
  0x7F, 0xC0, 0x01, 0xFE, 0x07, 0xFC, 0x00, 0x3F, 0xC0, 0x7F, 0xC0, 0x07,
  0xF8, 0x0F, 0xFC, 0x00, 0xFF, 0x00, 0xFF, 0xC0, 0xFF, 0xFC, 0x1F, 0xFF,
  0xBF, 0xFF, 0x81, 0xFF, 0xF7, 0xFF, 0xF0, 0x1F, 0xFF, 0xFF, 0xFE, 0x01,
  0xFF, 0x80, 0x00, 0x00, 0x03, 0x80, 0xFF, 0xFF, 0x00, 0x1F, 0xFF, 0xE0,
  0x03, 0xFF, 0xFC, 0x00, 0x7F, 0xFF, 0x80, 0x01, 0xFF, 0x00, 0x00, 0x1F,
  0xE0, 0x00, 0x03, 0xFC, 0x00, 0x00, 0x7F, 0x80, 0x00, 0x0F, 0xF0, 0x00,
  0x01, 0xFE, 0x00, 0x00, 0x3F, 0xC0, 0x00, 0x07, 0xF8, 0x00, 0x00, 0xFF,
  0x00, 0x00, 0x1F, 0xE0, 0x00, 0x03, 0xFC, 0x00, 0x00, 0x7F, 0x80, 0x00,
  0x0F, 0xF0, 0x00, 0x01, 0xFE, 0x00, 0x00, 0x3F, 0xC0, 0x00, 0x07, 0xF8,
  0x00, 0x00, 0xFF, 0x00, 0x00, 0x1F, 0xE0, 0x00, 0x03, 0xFC, 0x00, 0xF8,
  0x7F, 0x80, 0x1E, 0x0F, 0xF0, 0x07, 0xC1, 0xFE, 0x00, 0xF8, 0x3F, 0xC0,
  0x3F, 0x07, 0xF8, 0x07, 0xE0, 0xFF, 0x03, 0xFC, 0xFF, 0xFF, 0xFF, 0xBF,
  0xFF, 0xFF, 0xF7, 0xFF, 0xFF, 0xFE, 0xFF, 0xFF, 0xFF, 0x80, 0x7F, 0xFC,
  0x00, 0x07, 0xFF, 0x8F, 0xFF, 0xC0, 0x00, 0xFF, 0xF1, 0xFF, 0xF8, 0x00,
  0x3F, 0xFE, 0x3F, 0xFF, 0x00, 0x07, 0xFF, 0xC0, 0x7F, 0xF0, 0x01, 0xFF,
  0xC0, 0x0F, 0xFE, 0x00, 0x3F, 0xF8, 0x01, 0xFF, 0xC0, 0x0F, 0xFF, 0x00,
  0x3F, 0xFC, 0x01, 0xFF, 0xE0, 0x07, 0xBF, 0x80, 0x3F, 0xFC, 0x01, 0xF7,
  0xF8, 0x0F, 0xFF, 0x80, 0x3E, 0xFF, 0x01, 0xEF, 0xF0, 0x07, 0xCF, 0xE0,
  0x7D, 0xFE, 0x00, 0xF9, 0xFE, 0x0F, 0x3F, 0xC0, 0x1F, 0x1F, 0xC1, 0xE7,
  0xF8, 0x03, 0xE3, 0xF8, 0x7C, 0xFF, 0x00, 0x7C, 0x7F, 0x8F, 0x0F, 0xE0,
  0x0F, 0x87, 0xF3, 0xE1, 0xFC, 0x01, 0xF0, 0xFF, 0x78, 0x3F, 0x80, 0x3E,
  0x0F, 0xFF, 0x07, 0xF0, 0x07, 0xC1, 0xFF, 0xC0, 0xFE, 0x00, 0xF8, 0x3F,
  0xF8, 0x1F, 0xE0, 0x1F, 0x03, 0xFF, 0x03, 0xFC, 0x03, 0xE0, 0x7F, 0xC0,
  0x7F, 0x80, 0x7C, 0x07, 0xF8, 0x0F, 0xF0, 0x0F, 0x80, 0xFE, 0x01, 0xFE,
  0x01, 0xE0, 0x1F, 0xC0, 0x3F, 0xC0, 0x7C, 0x01, 0xF8, 0x07, 0xF8, 0x0F,
  0x80, 0x3E, 0x00, 0xFF, 0x01, 0xF8, 0x00, 0x00, 0x1F, 0xE1, 0xFF, 0xE0,
  0x00, 0x1F, 0xFF, 0xBF, 0xFC, 0x00, 0x03, 0xFF, 0xFF, 0xFF, 0x80, 0x00,
  0x7F, 0xFF, 0xFF, 0xF0, 0x00, 0x0F, 0xFF, 0xE0, 0xFF, 0xF8, 0x01, 0xFF,
  0xFF, 0xFF, 0x00, 0x3F, 0xFF, 0xFF, 0xF0, 0x07, 0xFF, 0xFF, 0xFE, 0x00,
  0xFF, 0xF1, 0xFF, 0xE0, 0x03, 0xF0, 0x1F, 0xFE, 0x00, 0x7E, 0x03, 0xFF,
  0xC0, 0x0F, 0xC0, 0x7F, 0xFC, 0x01, 0xF8, 0x0F, 0xFF, 0x80, 0x3F, 0x01,
  0xFF, 0xF8, 0x07, 0xE0, 0x3E, 0xFF, 0x80, 0xFC, 0x07, 0xDF, 0xF0, 0x1F,
  0x80, 0xF9, 0xFF, 0x03, 0xF0, 0x1F, 0x1F, 0xE0, 0x7E, 0x03, 0xE3, 0xFE,
  0x0F, 0xC0, 0x7C, 0x3F, 0xE1, 0xF8, 0x0F, 0x87, 0xFC, 0x3F, 0x01, 0xF0,
  0x7F, 0xC7, 0xE0, 0x3E, 0x07, 0xF8, 0xFC, 0x07, 0xC0, 0xFF, 0x9F, 0x80,
  0xF8, 0x0F, 0xFB, 0xF0, 0x1F, 0x01, 0xFF, 0x7E, 0x03, 0xE0, 0x1F, 0xFF,
  0xC0, 0x7C, 0x01, 0xFF, 0xF8, 0x0F, 0x80, 0x3F, 0xFF, 0x01, 0xF0, 0x03,
  0xFF, 0xE0, 0x3E, 0x00, 0x3F, 0xFC, 0x07, 0xC0, 0x07, 0xFF, 0x81, 0xF8,
  0x00, 0x7F, 0xF0, 0xFF, 0xE0, 0x0F, 0xFE, 0x3F, 0xFE, 0x00, 0xFF, 0xC7,
  0xFF, 0xC0, 0x0F, 0xF8, 0xFF, 0xF8, 0x01, 0xFF, 0x00, 0x00, 0x01, 0xA0,
  0x00, 0x00, 0x1F, 0xFF, 0x00, 0x00, 0x3F, 0xFF, 0xE0, 0x00, 0x7F, 0xFF,
  0xFC, 0x00, 0x7F, 0xFF, 0xFF, 0x00, 0x7F, 0xC0, 0xFF, 0xC0, 0x7F, 0xC0,
  0x3F, 0xF0, 0x3F, 0xC0, 0x07, 0xF8, 0x3F, 0xC0, 0x03, 0xFE, 0x1F, 0xC0,
  0x00, 0xFF, 0x1F, 0xE0, 0x00, 0x7F, 0xCF, 0xF0, 0x00, 0x3F, 0xE7, 0xF8,
  0x00, 0x0F, 0xF7, 0xF8, 0x00, 0x07, 0xFB, 0xFC, 0x00, 0x03, 0xFD, 0xFE,
  0x00, 0x01, 0xFF, 0xFF, 0x00, 0x00, 0xFF, 0xFF, 0x80, 0x00, 0x7F, 0xFF,
  0xC0, 0x00, 0x3F, 0xDF, 0xE0, 0x00, 0x1F, 0xEF, 0xF0, 0x00, 0x0F, 0xF7,
  0xFC, 0x00, 0x07, 0xFB, 0xFE, 0x00, 0x03, 0xFC, 0xFF, 0x00, 0x01, 0xFE,
  0x7F, 0x80, 0x01, 0xFE, 0x3F, 0xE0, 0x00, 0xFF, 0x0F, 0xF0, 0x00, 0x7F,
  0x07, 0xFC, 0x00, 0x7F, 0x81, 0xFF, 0x00, 0x7F, 0x80, 0x7F, 0xE0, 0xFF,
  0x80, 0x1F, 0xFF, 0xFF, 0x80, 0x07, 0xFF, 0xFF, 0x80, 0x01, 0xFF, 0xFF,
  0x80, 0x00, 0x3F, 0xFF, 0x00, 0x00, 0x01, 0xF0, 0x00, 0x00, 0xFF, 0xFF,
  0xE0, 0x0F, 0xFF, 0xFF, 0xE0, 0xFF, 0xFF, 0xFF, 0x0F, 0xFF, 0xFF, 0xFC,
  0x1F, 0xF0, 0xFF, 0xC0, 0xFF, 0x03, 0xFE, 0x0F, 0xF0, 0x1F, 0xE0, 0xFF,
  0x01, 0xFE, 0x0F, 0xF0, 0x0F, 0xF0, 0xFF, 0x00, 0xFF, 0x0F, 0xF0, 0x0F,
  0xF0, 0xFF, 0x00, 0xFF, 0x0F, 0xF0, 0x1F, 0xE0, 0xFF, 0x01, 0xFE, 0x0F,
  0xF0, 0x3F, 0xE0, 0xFF, 0x07, 0xFC, 0x0F, 0xFF, 0xFF, 0x80, 0xFF, 0xFF,
  0xF8, 0x0F, 0xFF, 0xFE, 0x00, 0xFF, 0xFF, 0xC0, 0x0F, 0xFF, 0xC0, 0x00,
  0xFF, 0x00, 0x00, 0x0F, 0xF0, 0x00, 0x00, 0xFF, 0x00, 0x00, 0x0F, 0xF0,
  0x00, 0x00, 0xFF, 0x00, 0x00, 0x0F, 0xF0, 0x00, 0x00, 0xFF, 0x00, 0x00,
  0x0F, 0xF0, 0x00, 0x07, 0xFF, 0xF0, 0x00, 0xFF, 0xFF, 0x80, 0x0F, 0xFF,
  0xF8, 0x00, 0xFF, 0xFF, 0x80, 0x00, 0x00, 0x00, 0xE0, 0x00, 0x00, 0x00,
  0x1F, 0xFF, 0x00, 0x00, 0x00, 0x3F, 0xFF, 0xF0, 0x00, 0x00, 0x3F, 0xFF,
  0xFC, 0x00, 0x00, 0x7F, 0xFF, 0xFF, 0x00, 0x00, 0x7F, 0xE0, 0xFF, 0xC0,
  0x00, 0x7F, 0xC0, 0x1F, 0xF0, 0x00, 0x3F, 0xC0, 0x07, 0xFC, 0x00, 0x3F,
  0xC0, 0x01, 0xFE, 0x00, 0x1F, 0xE0, 0x00, 0xFF, 0x80, 0x1F, 0xE0, 0x00,
  0x3F, 0xC0, 0x0F, 0xF0, 0x00, 0x1F, 0xE0, 0x07, 0xF8, 0x00, 0x0F, 0xF8,
  0x07, 0xF8, 0x00, 0x03, 0xFC, 0x03, 0xFC, 0x00, 0x01, 0xFE, 0x01, 0xFE,
  0x00, 0x00, 0xFF, 0x00, 0xFF, 0x00, 0x00, 0x7F, 0x80, 0x7F, 0x80, 0x00,
  0x3F, 0xC0, 0x3F, 0xC0, 0x00, 0x1F, 0xE0, 0x1F, 0xE0, 0x00, 0x0F, 0xF0,
  0x0F, 0xF0, 0x00, 0x07, 0xF8, 0x07, 0xFD, 0xFE, 0x03, 0xFC, 0x03, 0xFF,
  0xFF, 0x83, 0xFC, 0x00, 0xFF, 0xFF, 0xE1, 0xFE, 0x00, 0x7F, 0xF7, 0xF8,
  0xFF, 0x00, 0x3F, 0xE0, 0xFE, 0xFF, 0x00, 0x0F, 0xF0, 0x3F, 0xFF, 0x80,
  0x07, 0xFC, 0x0F, 0xFF, 0x80, 0x01, 0xFF, 0x07, 0xFF, 0x80, 0x00, 0x7F,
  0xE1, 0xFF, 0xC0, 0x00, 0x1F, 0xFF, 0xFF, 0xC0, 0x00, 0x07, 0xFF, 0xFF,
  0xC0, 0x00, 0x01, 0xFF, 0xFF, 0xE0, 0x00, 0x00, 0x3F, 0xFF, 0xF0, 0x00,
  0x00, 0x00, 0xF9, 0xFC, 0x00, 0x00, 0x00, 0x00, 0xFF, 0x00, 0x00, 0x00,
  0x00, 0x3F, 0xC0, 0x70, 0x00, 0x00, 0x1F, 0xFF, 0xFC, 0x00, 0x00, 0x07,
  0xFF, 0xFC, 0x00, 0x00, 0x01, 0xFF, 0xFC, 0x00, 0x00, 0x00, 0x7F, 0xFC,
  0x00, 0x00, 0x00, 0x1F, 0xFC, 0x00, 0x00, 0x00, 0x03, 0xF8, 0x00, 0xFF,
  0xFF, 0xE0, 0x00, 0xFF, 0xFF, 0xFE, 0x00, 0xFF, 0xFF, 0xFF, 0x80, 0xFF,
  0xFF, 0xFF, 0xC0, 0x1F, 0xF0, 0xFF, 0xE0, 0x0F, 0xF0, 0x3F, 0xE0, 0x0F,
  0xF0, 0x1F, 0xF0, 0x0F, 0xF0, 0x1F, 0xF0, 0x0F, 0xF0, 0x1F, 0xF0, 0x0F,
  0xF0, 0x1F, 0xF0, 0x0F, 0xF0, 0x1F, 0xE0, 0x0F, 0xF0, 0x1F, 0xE0, 0x0F,
  0xF0, 0x1F, 0xC0, 0x0F, 0xF0, 0x3F, 0xC0, 0x0F, 0xF0, 0xFF, 0x00, 0x0F,
  0xFF, 0xFE, 0x00, 0x0F, 0xFF, 0xF0, 0x00, 0x0F, 0xFF, 0xF0, 0x00, 0x0F,
  0xF3, 0xFE, 0x00, 0x0F, 0xF0, 0xFF, 0x00, 0x0F, 0xF0, 0xFF, 0x00, 0x0F,
  0xF0, 0x7F, 0x80, 0x0F, 0xF0, 0x7F, 0x80, 0x0F, 0xF0, 0x7F, 0xC0, 0x0F,
  0xF0, 0x3F, 0xC0, 0x0F, 0xF0, 0x3F, 0xC0, 0x0F, 0xF0, 0x3F, 0xE0, 0x0F,
  0xF0, 0x1F, 0xE0, 0x0F, 0xF0, 0x1F, 0xF0, 0x7F, 0xFE, 0x1F, 0xFF, 0xFF,
  0xFF, 0x0F, 0xFF, 0xFF, 0xFF, 0x07, 0xFF, 0xFF, 0xFF, 0x03, 0xFE, 0x00,
  0x00, 0x00, 0xF0, 0x00, 0x18, 0x0E, 0x00, 0xFF, 0xC7, 0x01, 0xFF, 0xFF,
  0x81, 0xFF, 0xFF, 0xC1, 0xFF, 0xFF, 0xE1, 0xFE, 0x07, 0xF0, 0xFE, 0x01,
  0xFC, 0xFE, 0x00, 0x7E, 0x7F, 0x00, 0x1F, 0x3F, 0x80, 0x0F, 0x9F, 0xE0,
  0x03, 0xCF, 0xF8, 0x00, 0x07, 0xFE, 0x00, 0x03, 0xFF, 0xE0, 0x01, 0xFF,
  0xFE, 0x00, 0x7F, 0xFF, 0xC0, 0x1F, 0xFF, 0xF8, 0x07, 0xFF, 0xFE, 0x01,
  0xFF, 0xFF, 0x80, 0x3F, 0xFF, 0xE0, 0x07, 0xFF, 0xF0, 0x00, 0x7F, 0xFC,
  0x00, 0x07, 0xFE, 0x20, 0x01, 0xFF, 0xF0, 0x00, 0x7F, 0xFC, 0x00, 0x3F,
  0xFE, 0x00, 0x1F, 0xFF, 0x80, 0x0F, 0xEF, 0xE0, 0x07, 0xF7, 0xFC, 0x0F,
  0xF3, 0xFF, 0xFF, 0xF8, 0xFF, 0xFF, 0xF8, 0x7B, 0xFF, 0xF8, 0x38, 0x7F,
  0xF0, 0x00, 0x07, 0xC0, 0x00, 0x3F, 0xFF, 0xFF, 0xFF, 0x3F, 0xFF, 0xFF,
  0xFF, 0x9F, 0xFF, 0xFF, 0xFF, 0xCF, 0xFF, 0xFF, 0xFF, 0xE7, 0xF0, 0x7F,
  0x87, 0xF3, 0xF0, 0x3F, 0xC1, 0xF9, 0xF0, 0x1F, 0xE0, 0x7D, 0xF8, 0x0F,
  0xF0, 0x3F, 0xF8, 0x07, 0xF8, 0x0F, 0xFC, 0x03, 0xFC, 0x07, 0xCE, 0x01,
  0xFE, 0x03, 0x80, 0x00, 0xFF, 0x00, 0x00, 0x00, 0x7F, 0x80, 0x00, 0x00,
  0x3F, 0xC0, 0x00, 0x00, 0x1F, 0xE0, 0x00, 0x00, 0x0F, 0xF0, 0x00, 0x00,
  0x07, 0xF8, 0x00, 0x00, 0x03, 0xFC, 0x00, 0x00, 0x01, 0xFE, 0x00, 0x00,
  0x00, 0xFF, 0x00, 0x00, 0x00, 0x7F, 0x80, 0x00, 0x00, 0x3F, 0xC0, 0x00,
  0x00, 0x1F, 0xE0, 0x00, 0x00, 0x0F, 0xF0, 0x00, 0x00, 0x07, 0xF8, 0x00,
  0x00, 0x03, 0xFC, 0x00, 0x00, 0x01, 0xFE, 0x00, 0x00, 0x00, 0xFF, 0x00,
  0x00, 0x00, 0xFF, 0x80, 0x00, 0x07, 0xFF, 0xFC, 0x00, 0x03, 0xFF, 0xFE,
  0x00, 0x01, 0xFF, 0xFF, 0x00, 0x00, 0xFF, 0xFF, 0x80, 0x00, 0xFF, 0xFE,
  0x07, 0xFF, 0xFF, 0xFF, 0x03, 0xFF, 0xFF, 0xFF, 0x81, 0xFF, 0xFF, 0xFF,
  0xC0, 0xFF, 0xF1, 0xFE, 0x00, 0x07, 0xC0, 0xFF, 0x00, 0x03, 0xE0, 0x7F,
  0x80, 0x01, 0xF0, 0x3F, 0xC0, 0x00, 0xF8, 0x1F, 0xE0, 0x00, 0x7C, 0x0F,
  0xF0, 0x00, 0x3E, 0x07, 0xF8, 0x00, 0x1F, 0x03, 0xFC, 0x00, 0x0F, 0x81,
  0xFE, 0x00, 0x07, 0xC0, 0xFF, 0x00, 0x03, 0xE0, 0x7F, 0x80, 0x01, 0xF0,
  0x3F, 0xC0, 0x00, 0xF8, 0x1F, 0xE0, 0x00, 0x7C, 0x0F, 0xF0, 0x00, 0x3E,
  0x07, 0xF8, 0x00, 0x1F, 0x03, 0xFC, 0x00, 0x0F, 0x81, 0xFE, 0x00, 0x07,
  0xC0, 0xFF, 0x00, 0x03, 0xE0, 0x7F, 0x80, 0x01, 0xF0, 0x3F, 0xC0, 0x00,
  0xF8, 0x0F, 0xF0, 0x00, 0xF8, 0x07, 0xF8, 0x00, 0x7C, 0x03, 0xFE, 0x00,
  0x7E, 0x01, 0xFF, 0x80, 0x7E, 0x00, 0x7F, 0xF9, 0xFF, 0x00, 0x1F, 0xFF,
  0xFF, 0x00, 0x07, 0xFF, 0xFF, 0x00, 0x01, 0xFF, 0xFF, 0x00, 0x00, 0x3F,
  0xFE, 0x00, 0x00, 0x01, 0xE0, 0x00, 0x00, 0xFF, 0xFE, 0x03, 0xFF, 0xFF,
  0xFF, 0x80, 0xFF, 0xFF, 0xFF, 0xE0, 0x3F, 0xFF, 0xFF, 0xF8, 0x0F, 0xFF,
  0x1F, 0xF0, 0x00, 0x7E, 0x07, 0xFC, 0x00, 0x1F, 0x00, 0xFF, 0x00, 0x07,
  0xC0, 0x3F, 0xC0, 0x01, 0xF0, 0x0F, 0xF8, 0x00, 0xF8, 0x01, 0xFE, 0x00,
  0x3E, 0x00, 0x7F, 0x80, 0x0F, 0x80, 0x1F, 0xE0, 0x07, 0xC0, 0x03, 0xFC,
  0x01, 0xF0, 0x00, 0xFF, 0x00, 0x78, 0x00, 0x3F, 0xC0, 0x3E, 0x00, 0x07,
  0xF8, 0x0F, 0x80, 0x01, 0xFE, 0x03, 0xC0, 0x00, 0x7F, 0x81, 0xF0, 0x00,
  0x0F, 0xF0, 0x7C, 0x00, 0x03, 0xFC, 0x1E, 0x00, 0x00, 0xFF, 0x0F, 0x80,
  0x00, 0x1F, 0xE3, 0xE0, 0x00, 0x07, 0xF8, 0xF0, 0x00, 0x00, 0xFE, 0x7C,
  0x00, 0x00, 0x3F, 0xDF, 0x00, 0x00, 0x0F, 0xF7, 0x80, 0x00, 0x01, 0xFF,
  0xE0, 0x00, 0x00, 0x7F, 0xF8, 0x00, 0x00, 0x1F, 0xFC, 0x00, 0x00, 0x03,
  0xFF, 0x00, 0x00, 0x00, 0xFF, 0xC0, 0x00, 0x00, 0x3F, 0xE0, 0x00, 0x00,
  0x07, 0xF8, 0x00, 0x00, 0xFF, 0xFE, 0x03, 0xFC, 0x03, 0xFF, 0xFF, 0xFF,
  0xC0, 0x7F, 0xC0, 0x7F, 0xFF, 0xFF, 0xF8, 0x0F, 0xF8, 0x0F, 0xFF, 0xFF,
  0xFF, 0x01, 0xFF, 0x01, 0xFF, 0xF1, 0xFF, 0x00, 0x7F, 0xE0, 0x03, 0xE0,
  0x3F, 0xE0, 0x0F, 0xFE, 0x00, 0x78, 0x03, 0xFC, 0x01, 0xFF, 0xC0, 0x0F,
  0x00, 0x7F, 0x80, 0x3F, 0xF8, 0x03, 0xE0, 0x0F, 0xF0, 0x0F, 0xFF, 0x80,
  0x7C, 0x01, 0xFE, 0x01, 0xFF, 0xF0, 0x0F, 0x00, 0x1F, 0xE0, 0x3D, 0xFE,
  0x01, 0xE0, 0x03, 0xFC, 0x07, 0xBF, 0xC0, 0x7C, 0x00, 0x7F, 0x81, 0xF3,
  0xFC, 0x0F, 0x80, 0x0F, 0xF0, 0x3E, 0x7F, 0x81, 0xF0, 0x00, 0xFE, 0x07,
  0x8F, 0xF0, 0x3C, 0x00, 0x1F, 0xE0, 0xF0, 0xFE, 0x07, 0x80, 0x03, 0xFC,
  0x3E, 0x1F, 0xE1, 0xF0, 0x00, 0x7F, 0x87, 0xC3, 0xFC, 0x3E, 0x00, 0x0F,
  0xF0, 0xF0, 0x7F, 0x87, 0x80, 0x00, 0xFF, 0x1E, 0x07, 0xF8, 0xF0, 0x00,
  0x1F, 0xE7, 0xC0, 0xFF, 0x1E, 0x00, 0x03, 0xFC, 0xF8, 0x1F, 0xE7, 0xC0,
  0x00, 0x7F, 0x9E, 0x03, 0xFC, 0xF0, 0x00, 0x07, 0xF3, 0xC0, 0x3F, 0xDE,
  0x00, 0x00, 0xFF, 0xF8, 0x07, 0xFB, 0xC0, 0x00, 0x1F, 0xFF, 0x00, 0xFF,
  0x78, 0x00, 0x03, 0xFF, 0xC0, 0x0F, 0xFF, 0x00, 0x00, 0x3F, 0xF8, 0x01,
  0xFF, 0xC0, 0x00, 0x07, 0xFF, 0x00, 0x3F, 0xF8, 0x00, 0x00, 0xFF, 0xE0,
  0x07, 0xFF, 0x00, 0x00, 0x1F, 0xF8, 0x00, 0x7F, 0xE0, 0x00, 0x01, 0xFF,
  0x00, 0x0F, 0xF8, 0x00, 0x00, 0x3F, 0xE0, 0x01, 0xFF, 0x00, 0x00, 0x7F,
  0xFF, 0x03, 0xFF, 0xCF, 0xFF, 0xE0, 0x7F, 0xF9, 0xFF, 0xFC, 0x0F, 0xFF,
  0x7F, 0xFF, 0x81, 0xFF, 0xE0, 0xFF, 0xC0, 0x0F, 0xC0, 0x0F, 0xF8, 0x01,
  0xF0, 0x00, 0xFF, 0x80, 0x7E, 0x00, 0x0F, 0xF0, 0x1F, 0x80, 0x01, 0xFF,
  0x03, 0xE0, 0x00, 0x1F, 0xF0, 0xF8, 0x00, 0x01, 0xFF, 0x3E, 0x00, 0x00,
  0x1F, 0xEF, 0xC0, 0x00, 0x03, 0xFF, 0xF0, 0x00, 0x00, 0x3F, 0xFC, 0x00,
  0x00, 0x03, 0xFF, 0x00, 0x00, 0x00, 0x3F, 0xE0, 0x00, 0x00, 0x07, 0xFC,
  0x00, 0x00, 0x00, 0x7F, 0xC0, 0x00, 0x00, 0x1F, 0xFC, 0x00, 0x00, 0x07,
  0xFF, 0xC0, 0x00, 0x01, 0xFF, 0xF8, 0x00, 0x00, 0x3E, 0xFF, 0x80, 0x00,
  0x0F, 0x8F, 0xF8, 0x00, 0x03, 0xF0, 0xFF, 0x80, 0x00, 0xFC, 0x0F, 0xF0,
  0x00, 0x3F, 0x01, 0xFF, 0x00, 0x0F, 0xC0, 0x1F, 0xF0, 0x03, 0xF0, 0x01,
  0xFF, 0x00, 0xFE, 0x00, 0x3F, 0xF0, 0xFF, 0xF8, 0x3F, 0xFF, 0xDF, 0xFF,
  0x07, 0xFF, 0xFB, 0xFF, 0xE0, 0xFF, 0xFF, 0x7F, 0xFC, 0x1F, 0xFF, 0xE0,
  0xFF, 0xFE, 0x07, 0xFF, 0xFF, 0xFF, 0x81, 0xFF, 0xFF, 0xFF, 0xE0, 0x7F,
  0xFF, 0xFF, 0xF8, 0x1F, 0xFF, 0x1F, 0xF0, 0x00, 0xFC, 0x03, 0xFC, 0x00,
  0x3E, 0x00, 0xFF, 0x00, 0x0F, 0x80, 0x1F, 0xE0, 0x07, 0xC0, 0x07, 0xFC,
  0x03, 0xE0, 0x00, 0xFF, 0x00, 0xF8, 0x00, 0x1F, 0xE0, 0x7C, 0x00, 0x07,
  0xF8, 0x1F, 0x00, 0x00, 0xFF, 0x0F, 0x80, 0x00, 0x3F, 0xE7, 0xC0, 0x00,
  0x07, 0xF9, 0xF0, 0x00, 0x00, 0xFF, 0xF8, 0x00, 0x00, 0x3F, 0xFE, 0x00,
  0x00, 0x07, 0xFF, 0x00, 0x00, 0x01, 0xFF, 0xC0, 0x00, 0x00, 0x3F, 0xE0,
  0x00, 0x00, 0x07, 0xF0, 0x00, 0x00, 0x01, 0xFC, 0x00, 0x00, 0x00, 0x7F,
  0x00, 0x00, 0x00, 0x1F, 0xC0, 0x00, 0x00, 0x07, 0xF0, 0x00, 0x00, 0x01,
  0xFC, 0x00, 0x00, 0x00, 0x7F, 0x00, 0x00, 0x00, 0x1F, 0xC0, 0x00, 0x00,
  0x0F, 0xF8, 0x00, 0x00, 0x1F, 0xFF, 0xC0, 0x00, 0x0F, 0xFF, 0xF8, 0x00,
  0x03, 0xFF, 0xFE, 0x00, 0x00, 0xFF, 0xFF, 0x80, 0x00, 0x7F, 0xFF, 0xFF,
  0xF7, 0xFF, 0xFF, 0xFF, 0x7F, 0xFF, 0xFF, 0xF7, 0xFF, 0xFF, 0xFF, 0x7F,
  0x80, 0x3F, 0xE7, 0xE0, 0x03, 0xFE, 0x7E, 0x00, 0x7F, 0xC7, 0xC0, 0x0F,
  0xF8, 0x7C, 0x01, 0xFF, 0x07, 0x80, 0x1F, 0xF0, 0x78, 0x03, 0xFE, 0x00,
  0x00, 0x7F, 0xC0, 0x00, 0x0F, 0xF8, 0x00, 0x00, 0xFF, 0x80, 0x00, 0x1F,
  0xF0, 0x00, 0x03, 0xFE, 0x00, 0x00, 0x3F, 0xE0, 0x00, 0x07, 0xFC, 0x00,
  0x00, 0xFF, 0x80, 0x00, 0x1F, 0xF0, 0x00, 0x01, 0xFF, 0x00, 0x00, 0x3F,
  0xE0, 0x00, 0x07, 0xFC, 0x00, 0xF0, 0xFF, 0x80, 0x1F, 0x0F, 0xF8, 0x01,
  0xF1, 0xFF, 0x00, 0x3F, 0x3F, 0xE0, 0x03, 0xF7, 0xFC, 0x00, 0x7F, 0x7F,
  0xC0, 0x1F, 0xFF, 0xFF, 0xFF, 0xFF, 0xFF, 0xFF, 0xFF, 0xEF, 0xFF, 0xFF,
  0xFE, 0xFF, 0xFF, 0xFF, 0xE0, 0xFF, 0xFF, 0xFF, 0xFF, 0xFF, 0xCF, 0xE1,
  0xFC, 0x3F, 0x87, 0xF0, 0xFE, 0x1F, 0xC3, 0xF8, 0x7F, 0x0F, 0xE1, 0xFC,
  0x3F, 0x87, 0xF0, 0xFE, 0x1F, 0xC3, 0xF8, 0x7F, 0x0F, 0xE1, 0xFC, 0x3F,
  0x87, 0xF0, 0xFE, 0x1F, 0xC3, 0xF8, 0x7F, 0x0F, 0xE1, 0xFC, 0x3F, 0x87,
  0xF0, 0xFE, 0x1F, 0xC3, 0xF8, 0x7F, 0x0F, 0xE1, 0xFC, 0x3F, 0x87, 0xF0,
  0xFE, 0x1F, 0xC3, 0xF8, 0x7F, 0x0F, 0xFF, 0xFF, 0xFF, 0xFF, 0xFF, 0xFC,
  0x00, 0x01, 0xF0, 0x00, 0x07, 0xE0, 0x00, 0x1F, 0x80, 0x00, 0x3E, 0x00,
  0x00, 0xFC, 0x00, 0x01, 0xF0, 0x00, 0x07, 0xE0, 0x00, 0x1F, 0x80, 0x00,
  0x3E, 0x00, 0x00, 0xFC, 0x00, 0x03, 0xF0, 0x00, 0x07, 0xC0, 0x00, 0x1F,
  0x80, 0x00, 0x3E, 0x00, 0x00, 0xFC, 0x00, 0x03, 0xF0, 0x00, 0x07, 0xC0,
  0x00, 0x1F, 0x80, 0x00, 0x7E, 0x00, 0x00, 0xF8, 0x00, 0x03, 0xF0, 0x00,
  0x07, 0xC0, 0x00, 0x1F, 0x80, 0x00, 0x7E, 0x00, 0x00, 0xF8, 0x00, 0x03,
  0xF0, 0x00, 0x0F, 0xC0, 0x00, 0x1F, 0x00, 0x00, 0x7E, 0x00, 0x01, 0xF8,
  0x00, 0x03, 0xE0, 0x00, 0x0F, 0xC0, 0x00, 0x1F, 0x00, 0x00, 0x7E, 0x00,
  0x01, 0xF8, 0x00, 0x03, 0xE0, 0x00, 0x0F, 0xC0, 0x00, 0x3F, 0x00, 0x00,
  0x7C, 0x00, 0x01, 0xF8, 0x00, 0x03, 0xE0, 0x00, 0x0F, 0xC0, 0xFF, 0xFF,
  0xFF, 0xFF, 0x8F, 0xF0, 0x7E, 0x0F, 0xC1, 0xF8, 0x3F, 0x07, 0xE0, 0xFC,
  0x1F, 0x83, 0xF0, 0x7E, 0x0F, 0xC1, 0xF8, 0x3F, 0x07, 0xE0, 0xFC, 0x1F,
  0x83, 0xF0, 0x7E, 0x0F, 0xC1, 0xF8, 0x3F, 0x07, 0xE0, 0xFC, 0x1F, 0x83,
  0xF0, 0x7E, 0x0F, 0xC1, 0xF8, 0x3F, 0x07, 0xE0, 0xFC, 0x1F, 0x83, 0xF0,
  0x7E, 0x0F, 0xC1, 0xF8, 0x3F, 0x07, 0xE0, 0xFC, 0x1F, 0x83, 0xF7, 0xFF,
  0xFF, 0xFF, 0xFF, 0xFF, 0x00, 0x3E, 0x00, 0x00, 0x3F, 0x80, 0x00, 0x1F,
  0xE0, 0x00, 0x1F, 0xF0, 0x00, 0x1F, 0xFC, 0x00, 0x0F, 0xFF, 0x00, 0x0F,
  0xFF, 0x80, 0x0F, 0xEF, 0xE0, 0x07, 0xE3, 0xF8, 0x07, 0xF0, 0xFC, 0x07,
  0xF0, 0x7F, 0x03, 0xF0, 0x1F, 0xC3, 0xF0, 0x07, 0xE3, 0xF8, 0x01, 0xFB,
  0xF8, 0x00, 0xFE, 0x78, 0x00, 0x3E, 0x1C, 0x00, 0x0C, 0x04, 0x00, 0x04,
  0x00, 0xFF, 0xFF, 0xFF, 0xFF, 0xFF, 0xFF, 0xFF, 0xFF, 0xFF, 0xFF, 0xFF,
  0xFF, 0xFF, 0xFC, 0x30, 0x0F, 0x03, 0xF0, 0x7F, 0x07, 0xE0, 0xFE, 0x0F,
  0xE0, 0x7E, 0x07, 0xC0, 0x3C, 0x03, 0x00, 0x00, 0xFC, 0x00, 0x07, 0xFF,
  0xC0, 0x07, 0xFF, 0xF0, 0x0F, 0xF7, 0xFC, 0x07, 0xC0, 0xFF, 0x07, 0xE0,
  0x3F, 0x83, 0xF8, 0x1F, 0xE1, 0xFC, 0x0F, 0xF0, 0xFE, 0x07, 0xF8, 0x1C,
  0x03, 0xFC, 0x00, 0x01, 0xFE, 0x00, 0x00, 0xFF, 0x00, 0x3F, 0xFF, 0x80,
  0xFF, 0xFF, 0xC0, 0xFF, 0xFF, 0xE0, 0xFF, 0x0F, 0xF0, 0xFF, 0x07, 0xF8,
  0x7F, 0x03, 0xFC, 0x3F, 0x81, 0xFE, 0x1F, 0xC0, 0xFF, 0x0F, 0xF0, 0xFF,
  0x87, 0xFF, 0xFF, 0xFF, 0xFF, 0xFF, 0xFE, 0xFF, 0xF3, 0xFF, 0x3F, 0xE0,
  0xFF, 0x01, 0xC0, 0x1C, 0x00, 0xFF, 0xE0, 0x00, 0x0F, 0xFE, 0x00, 0x00,
  0xFF, 0xE0, 0x00, 0x0F, 0xFE, 0x00, 0x00, 0x3F, 0xE0, 0x00, 0x01, 0xFE,
  0x00, 0x00, 0x1F, 0xE0, 0x00, 0x01, 0xFE, 0x00, 0x00, 0x1F, 0xE0, 0x00,
  0x01, 0xFE, 0x00, 0x00, 0x1F, 0xE0, 0x00, 0x01, 0xFE, 0x07, 0x80, 0x1F,
  0xE3, 0xFE, 0x01, 0xFE, 0xFF, 0xF0, 0x1F, 0xFF, 0xFF, 0x81, 0xFF, 0xFF,
  0xFC, 0x1F, 0xF8, 0x7F, 0xE1, 0xFF, 0x03, 0xFE, 0x1F, 0xE0, 0x1F, 0xE1,
  0xFE, 0x01, 0xFE, 0x1F, 0xE0, 0x0F, 0xF1, 0xFE, 0x00, 0xFF, 0x1F, 0xE0,
  0x0F, 0xF1, 0xFE, 0x00, 0xFF, 0x1F, 0xE0, 0x0F, 0xF1, 0xFE, 0x00, 0xFF,
  0x1F, 0xE0, 0x0F, 0xE1, 0xFE, 0x01, 0xFE, 0x1F, 0xE0, 0x1F, 0xE1, 0xFE,
  0x01, 0xFE, 0x1F, 0xE0, 0x3F, 0xC1, 0xFF, 0x07, 0xFC, 0x1F, 0xFF, 0xFF,
  0x81, 0xFF, 0xFF, 0xF0, 0x1F, 0xFF, 0xFE, 0x01, 0xF1, 0xFF, 0xC0, 0x00,
  0x03, 0xA0, 0x00, 0x00, 0x1E, 0x00, 0x03, 0xFF, 0x80, 0x1F, 0xFF, 0xC0,
  0x7F, 0xFF, 0xC1, 0xFE, 0x1F, 0xC7, 0xF0, 0x1F, 0x9F, 0xE0, 0x7F, 0x3F,
  0x80, 0xFE, 0xFF, 0x01, 0xFD, 0xFE, 0x03, 0xF3, 0xF8, 0x01, 0xC7, 0xF0,
  0x00, 0x0F, 0xE0, 0x00, 0x1F, 0xC0, 0x00, 0x3F, 0xC0, 0x00, 0x7F, 0x80,
  0x00, 0xFF, 0x00, 0x01, 0xFF, 0x00, 0x01, 0xFE, 0x00, 0x23, 0xFF, 0x01,
  0xE7, 0xFF, 0xFF, 0xE7, 0xFF, 0xFF, 0x87, 0xFF, 0xFE, 0x07, 0xFF, 0xF0,
  0x03, 0xFF, 0xC0, 0x00, 0x70, 0x00, 0x00, 0x03, 0xFF, 0x00, 0x00, 0x7F,
  0xF0, 0x00, 0x07, 0xFF, 0x00, 0x00, 0x7F, 0xF0, 0x00, 0x00, 0xFF, 0x00,
  0x00, 0x07, 0xF0, 0x00, 0x00, 0x7F, 0x00, 0x00, 0x07, 0xF0, 0x00, 0x00,
  0x7F, 0x00, 0x00, 0x07, 0xF0, 0x00, 0x00, 0x7F, 0x00, 0x03, 0x87, 0xF0,
  0x03, 0xFF, 0xFF, 0x00, 0xFF, 0xFF, 0xF0, 0x1F, 0xFF, 0xFF, 0x03, 0xFF,
  0xFF, 0xF0, 0x3F, 0xC0, 0xFF, 0x07, 0xF8, 0x07, 0xF0, 0x7F, 0x80, 0x7F,
  0x0F, 0xF0, 0x07, 0xF0, 0xFF, 0x00, 0x7F, 0x0F, 0xF0, 0x07, 0xF0, 0xFF,
  0x00, 0x7F, 0x0F, 0xF0, 0x07, 0xF0, 0xFF, 0x00, 0x7F, 0x0F, 0xF0, 0x07,
  0xF0, 0xFF, 0x00, 0x7F, 0x0F, 0xF0, 0x07, 0xF0, 0xFF, 0x00, 0x7F, 0x0F,
  0xF8, 0x0F, 0xF0, 0x7F, 0x80, 0xFF, 0x07, 0xFC, 0x3F, 0xF8, 0x3F, 0xFF,
  0xFF, 0xE3, 0xFF, 0xFB, 0xFF, 0x1F, 0xFF, 0x3F, 0xF0, 0x7F, 0xE3, 0xFF,
  0x00, 0xF0, 0x00, 0x00, 0x00, 0x1E, 0x00, 0x03, 0xFF, 0x80, 0x1F, 0xFF,
  0xC0, 0x7F, 0xFF, 0xC1, 0xFC, 0x3F, 0xC7, 0xF0, 0x3F, 0x9F, 0xC0, 0x7F,
  0x3F, 0x80, 0x7F, 0xFF, 0x00, 0xFF, 0xFE, 0x01, 0xFF, 0xFF, 0xFF, 0xFF,
  0xFF, 0xFF, 0xFF, 0xFF, 0xFF, 0xFF, 0xFF, 0xFF, 0xBF, 0xC0, 0x00, 0x7F,
  0x80, 0x00, 0xFF, 0x00, 0x01, 0xFF, 0x00, 0x03, 0xFE, 0x00, 0x33, 0xFF,
  0x01, 0xE7, 0xFF, 0xFF, 0xE7, 0xFF, 0xFF, 0x87, 0xFF, 0xFE, 0x07, 0xFF,
  0xF8, 0x03, 0xFF, 0xC0, 0x00, 0xB0, 0x00, 0x00, 0x0F, 0x80, 0x00, 0xFF,
  0xE0, 0x07, 0xFF, 0xE0, 0x1F, 0xFF, 0xE0, 0x3F, 0x87, 0xC0, 0xFE, 0x1F,
  0xC1, 0xFC, 0x3F, 0x83, 0xF8, 0x7E, 0x0F, 0xF0, 0xFC, 0x1F, 0xE0, 0x00,
  0x3F, 0xC0, 0x00, 0x7F, 0x80, 0x00, 0xFF, 0x00, 0x07, 0xFF, 0xF8, 0x3F,
  0xFF, 0xF0, 0x7F, 0xFF, 0xE0, 0xFF, 0xFF, 0xC0, 0x1F, 0xE0, 0x00, 0x3F,
  0xC0, 0x00, 0x7F, 0x80, 0x00, 0xFF, 0x00, 0x01, 0xFE, 0x00, 0x03, 0xFC,
  0x00, 0x07, 0xF8, 0x00, 0x0F, 0xF0, 0x00, 0x1F, 0xE0, 0x00, 0x3F, 0xC0,
  0x00, 0x7F, 0x80, 0x00, 0xFF, 0x00, 0x01, 0xFE, 0x00, 0x03, 0xFC, 0x00,
  0x07, 0xF8, 0x00, 0x0F, 0xF0, 0x00, 0xFF, 0xFE, 0x01, 0xFF, 0xFE, 0x03,
  0xFF, 0xFC, 0x07, 0xFF, 0xF8, 0x00, 0x00, 0x00, 0x03, 0xC0, 0x00, 0x00,
  0x7E, 0x00, 0x00, 0x0F, 0xF0, 0x00, 0x00, 0xFF, 0x00, 0x7E, 0x1F, 0xF0,
  0x3F, 0xFF, 0x9E, 0x0F, 0xFF, 0xF8, 0x01, 0xFF, 0xFF, 0x80, 0x3F, 0xC3,
  0xFC, 0x07, 0xF8, 0x1F, 0xE0, 0x7F, 0x81, 0xFE, 0x07, 0xF0, 0x0F, 0xE0,
  0x7F, 0x00, 0xFE, 0x07, 0xF0, 0x0F, 0xE0, 0x7F, 0x01, 0xFE, 0x07, 0xF8,
  0x1F, 0xE0, 0x7F, 0xC1, 0xFC, 0x03, 0xFF, 0xFF, 0xC0, 0x1F, 0xFF, 0xF8,
  0x00, 0xFF, 0xFF, 0x00, 0x0F, 0xFF, 0xC0, 0x01, 0xF0, 0x80, 0x00, 0x3E,
  0x00, 0x00, 0x03, 0xE0, 0x00, 0x00, 0x7F, 0xC0, 0x00, 0x03, 0xFF, 0xFF,
  0xE0, 0x3F, 0xFF, 0xFF, 0x81, 0xFF, 0xFF, 0xFC, 0x0F, 0xFF, 0xFF, 0xC3,
  0xFF, 0xFF, 0xFC, 0x7F, 0x00, 0x3F, 0xCF, 0xE0, 0x03, 0xFC, 0xFE, 0x00,
  0x3F, 0xCF, 0xE0, 0x03, 0xFC, 0xFE, 0x00, 0x7F, 0x8F, 0xF8, 0x1F, 0xF8,
  0xFF, 0xFF, 0xFF, 0x07, 0xFF, 0xFF, 0xC0, 0x1F, 0xFF, 0xF0, 0x00, 0x3F,
  0xF0, 0x00, 0x7F, 0xE0, 0x00, 0x01, 0xFF, 0x80, 0x00, 0x0F, 0xFE, 0x00,
  0x00, 0x3F, 0xF8, 0x00, 0x00, 0x1F, 0xE0, 0x00, 0x00, 0x3F, 0x80, 0x00,
  0x00, 0xFE, 0x00, 0x00, 0x03, 0xF8, 0x00, 0x00, 0x0F, 0xE0, 0x00, 0x00,
  0x3F, 0x80, 0x00, 0x00, 0xFE, 0x00, 0x00, 0x03, 0xF8, 0x1E, 0x00, 0x0F,
  0xE3, 0xFF, 0x00, 0x3F, 0x9F, 0xFE, 0x00, 0xFE, 0xFF, 0xFC, 0x03, 0xFF,
  0xFF, 0xF0, 0x0F, 0xFF, 0x7F, 0xE0, 0x3F, 0xE0, 0x7F, 0x80, 0xFF, 0x01,
  0xFE, 0x03, 0xFC, 0x03, 0xF8, 0x0F, 0xE0, 0x0F, 0xE0, 0x3F, 0x80, 0x3F,
  0x80, 0xFE, 0x00, 0xFE, 0x03, 0xF8, 0x03, 0xF8, 0x0F, 0xE0, 0x0F, 0xE0,
  0x3F, 0x80, 0x3F, 0x80, 0xFE, 0x00, 0xFE, 0x03, 0xF8, 0x03, 0xF8, 0x0F,
  0xE0, 0x0F, 0xE0, 0x3F, 0x80, 0x3F, 0x80, 0xFE, 0x00, 0xFE, 0x03, 0xF8,
  0x03, 0xF8, 0x3F, 0xF8, 0x3F, 0xF9, 0xFF, 0xF1, 0xFF, 0xF7, 0xFF, 0xC7,
  0xFF, 0xDF, 0xFF, 0x1F, 0xFF, 0x1F, 0x80, 0xFF, 0x03, 0xFE, 0x0F, 0xF8,
  0x3F, 0xE0, 0xFF, 0x01, 0xFC, 0x01, 0x80, 0x00, 0x00, 0x00, 0x00, 0x00,
  0x00, 0x00, 0xFF, 0xE3, 0xFF, 0x8F, 0xFE, 0x3F, 0xF8, 0x3F, 0xE0, 0x7F,
  0x81, 0xFE, 0x07, 0xF8, 0x1F, 0xE0, 0x7F, 0x81, 0xFE, 0x07, 0xF8, 0x1F,
  0xE0, 0x7F, 0x81, 0xFE, 0x07, 0xF8, 0x1F, 0xE0, 0x7F, 0x81, 0xFE, 0x07,
  0xF8, 0xFF, 0xFB, 0xFF, 0xFF, 0xFF, 0xFF, 0xFF, 0x0F, 0xC3, 0xFC, 0xFF,
  0x9F, 0xF3, 0xFE, 0x3F, 0xC7, 0xF0, 0x18, 0x00, 0x00, 0x00, 0x00, 0x00,
  0x07, 0xFF, 0xFF, 0xFF, 0xFF, 0xFF, 0x1F, 0xE1, 0xFC, 0x3F, 0x87, 0xF0,
  0xFE, 0x1F, 0xC3, 0xF8, 0x7F, 0x0F, 0xE1, 0xFC, 0x3F, 0x87, 0xF0, 0xFE,
  0x1F, 0xC3, 0xF8, 0x7F, 0x0F, 0xE1, 0xFC, 0x3F, 0x87, 0xF0, 0xFE, 0x3F,
  0x87, 0xF0, 0xFE, 0x3F, 0x87, 0xF1, 0xFC, 0x7F, 0x07, 0xC0, 0xE0, 0x08,
  0x00, 0x7F, 0xE0, 0x00, 0x00, 0xFF, 0xC0, 0x00, 0x01, 0xFF, 0x80, 0x00,
  0x07, 0xFF, 0x00, 0x00, 0x01, 0xFE, 0x00, 0x00, 0x01, 0xFC, 0x00, 0x00,
  0x03, 0xF8, 0x00, 0x00, 0x07, 0xF0, 0x00, 0x00, 0x0F, 0xE0, 0x00, 0x00,
  0x1F, 0xC0, 0x00, 0x00, 0x3F, 0x80, 0x00, 0x00, 0x7F, 0x00, 0x00, 0x00,
  0xFE, 0x07, 0xFF, 0x81, 0xFC, 0x0F, 0xFF, 0x03, 0xF8, 0x3F, 0xFE, 0x07,
  0xF0, 0x1F, 0xF8, 0x0F, 0xE0, 0x1F, 0x80, 0x1F, 0xC0, 0x7E, 0x00, 0x3F,
  0x81, 0xF8, 0x00, 0x7F, 0x07, 0xE0, 0x00, 0xFE, 0x1F, 0x00, 0x01, 0xFC,
  0x7C, 0x00, 0x03, 0xF9, 0xF8, 0x00, 0x07, 0xF7, 0xF8, 0x00, 0x0F, 0xEF,
  0xF8, 0x00, 0x1F, 0xCF, 0xF0, 0x00, 0x3F, 0x8F, 0xF0, 0x00, 0x7F, 0x1F,
  0xF0, 0x00, 0xFE, 0x1F, 0xF0, 0x01, 0xFC, 0x1F, 0xF0, 0x03, 0xF8, 0x1F,
  0xE0, 0x07, 0xF8, 0x3F, 0xF0, 0x7F, 0xFC, 0x3F, 0xFD, 0xFF, 0xF8, 0x3F,
  0xFB, 0xFF, 0xF0, 0x3F, 0xFF, 0xFF, 0xE0, 0x3F, 0xC0, 0x00, 0x00, 0x0C,
  0x00, 0x7F, 0xE0, 0xFF, 0xC1, 0xFF, 0x87, 0xFF, 0x01, 0xFE, 0x01, 0xFC,
  0x03, 0xF8, 0x07, 0xF0, 0x0F, 0xE0, 0x1F, 0xC0, 0x3F, 0x80, 0x7F, 0x00,
  0xFE, 0x01, 0xFC, 0x03, 0xF8, 0x07, 0xF0, 0x0F, 0xE0, 0x1F, 0xC0, 0x3F,
  0x80, 0x7F, 0x00, 0xFE, 0x01, 0xFC, 0x03, 0xF8, 0x07, 0xF0, 0x0F, 0xE0,
  0x1F, 0xC0, 0x3F, 0x80, 0x7F, 0x00, 0xFE, 0x01, 0xFC, 0x03, 0xF8, 0x07,
  0xF8, 0x7F, 0xFD, 0xFF, 0xFF, 0xFF, 0xFF, 0xFF, 0xF0, 0x00, 0x00, 0xF0,
  0x01, 0xE0, 0x0F, 0xFC, 0x3F, 0xE0, 0xFF, 0xC0, 0xFF, 0xCF, 0xFF, 0x1F,
  0xFE, 0x0F, 0xFD, 0xFF, 0xF3, 0xFF, 0xE0, 0xFF, 0xFF, 0xFF, 0xFF, 0xFF,
  0x01, 0xFF, 0xFF, 0xFF, 0xFF, 0xF0, 0x1F, 0xF0, 0x7F, 0xE0, 0xFF, 0x01,
  0xFE, 0x03, 0xFC, 0x07, 0xF0, 0x1F, 0xE0, 0x3F, 0xC0, 0x7F, 0x81, 0xFE,
  0x03, 0xFC, 0x07, 0xF8, 0x1F, 0xE0, 0x3F, 0xC0, 0x7F, 0x81, 0xFE, 0x03,
  0xFC, 0x07, 0xF8, 0x1F, 0xE0, 0x3F, 0xC0, 0x7F, 0x81, 0xFE, 0x03, 0xFC,
  0x07, 0xF8, 0x1F, 0xE0, 0x3F, 0xC0, 0x7F, 0x81, 0xFE, 0x03, 0xFC, 0x07,
  0xF8, 0x1F, 0xE0, 0x3F, 0xC0, 0x7F, 0x81, 0xFE, 0x03, 0xFC, 0x07, 0xF8,
  0x1F, 0xE0, 0x3F, 0xC0, 0x7F, 0x81, 0xFE, 0x03, 0xFC, 0x07, 0xF8, 0x1F,
  0xE0, 0x3F, 0xC0, 0x7F, 0x87, 0xFF, 0x07, 0xFE, 0x0F, 0xFE, 0xFF, 0xF8,
  0xFF, 0xF1, 0xFF, 0xFF, 0xFF, 0x8F, 0xFF, 0x1F, 0xFF, 0xFF, 0xF8, 0xFF,
  0xF1, 0xFF, 0xF0, 0x00, 0x00, 0x78, 0x07, 0xFE, 0x1F, 0xF0, 0x3F, 0xF3,
  0xFF, 0xC1, 0xFF, 0xBF, 0xFF, 0x0F, 0xFF, 0xFF, 0xFC, 0x0F, 0xFF, 0x7F,
  0xE0, 0x7F, 0xC0, 0xFF, 0x03, 0xFC, 0x07, 0xF8, 0x1F, 0xE0, 0x1F, 0xC0,
  0xFF, 0x00, 0xFE, 0x07, 0xF8, 0x07, 0xF0, 0x3F, 0xC0, 0x3F, 0x81, 0xFE,
  0x01, 0xFC, 0x0F, 0xF0, 0x0F, 0xE0, 0x7F, 0x80, 0x7F, 0x03, 0xFC, 0x03,
  0xF8, 0x1F, 0xE0, 0x1F, 0xC0, 0xFF, 0x00, 0xFE, 0x07, 0xF8, 0x07, 0xF0,
  0x3F, 0xC0, 0x3F, 0x81, 0xFE, 0x01, 0xFC, 0x3F, 0xF8, 0x3F, 0xFF, 0xFF,
  0xE3, 0xFF, 0xFF, 0xFF, 0x1F, 0xFF, 0xFF, 0xF8, 0xFF, 0xF8, 0x00, 0x1F,
  0x00, 0x00, 0x7F, 0xFC, 0x00, 0x7F, 0xFF, 0x80, 0x7F, 0xFF, 0xF0, 0x3F,
  0xF7, 0xFE, 0x0F, 0xF0, 0x7F, 0xC7, 0xF8, 0x0F, 0xF9, 0xFC, 0x01, 0xFE,
  0xFF, 0x00, 0x7F, 0xBF, 0xC0, 0x1F, 0xEF, 0xF0, 0x03, 0xFF, 0xFC, 0x00,
  0xFF, 0xFF, 0x00, 0x3F, 0xFF, 0xC0, 0x0F, 0xFF, 0xF0, 0x03, 0xFF, 0xFC,
  0x00, 0xFE, 0xFF, 0x00, 0x7F, 0xBF, 0xC0, 0x1F, 0xEF, 0xF8, 0x07, 0xF9,
  0xFE, 0x01, 0xFC, 0x7F, 0xC0, 0xFF, 0x0F, 0xFF, 0xFF, 0x81, 0xFF, 0xFF,
  0xC0, 0x3F, 0xFF, 0xE0, 0x03, 0xFF, 0xE0, 0x00, 0x07, 0x00, 0x00, 0x00,
  0x00, 0x78, 0x0F, 0xFC, 0x3F, 0xF0, 0xFF, 0xC7, 0xFF, 0x8F, 0xFC, 0xFF,
  0xFC, 0xFF, 0xDF, 0xFF, 0xE1, 0xFF, 0xC3, 0xFE, 0x1F, 0xF0, 0x1F, 0xE1,
  0xFF, 0x00, 0xFF, 0x0F, 0xE0, 0x0F, 0xF0, 0xFE, 0x00, 0xFF, 0x0F, 0xE0,
  0x0F, 0xF0, 0xFE, 0x00, 0xFF, 0x0F, 0xE0, 0x0F, 0xF0, 0xFE, 0x00, 0xFF,
  0x0F, 0xE0, 0x0F, 0xF0, 0xFE, 0x00, 0xFF, 0x0F, 0xE0, 0x0F, 0xF0, 0xFE,
  0x00, 0xFF, 0x0F, 0xE0, 0x1F, 0xE0, 0xFE, 0x01, 0xFE, 0x0F, 0xF8, 0x3F,
  0xC0, 0xFF, 0xFF, 0xFC, 0x0F, 0xFF, 0xFF, 0x80, 0xFF, 0xFF, 0xF0, 0x0F,
  0xFF, 0xFC, 0x00, 0xFE, 0x3C, 0x00, 0x0F, 0xE0, 0x00, 0x00, 0xFE, 0x00,
  0x00, 0x0F, 0xE0, 0x00, 0x01, 0xFE, 0x00, 0x00, 0x1F, 0xE0, 0x00, 0x03,
  0xFF, 0x80, 0x00, 0xFF, 0xFF, 0x00, 0x0F, 0xFF, 0xF0, 0x00, 0xFF, 0xFF,
  0x00, 0x00, 0x00, 0x3C, 0x06, 0x00, 0x3F, 0xF8, 0xF0, 0x0F, 0xFF, 0xFF,
  0x01, 0xFF, 0xFF, 0xF0, 0x3F, 0xFF, 0xFF, 0x03, 0xFC, 0x0F, 0xF0, 0x7F,
  0x80, 0x7F, 0x07, 0xF8, 0x07, 0xF0, 0xFF, 0x00, 0x7F, 0x0F, 0xF0, 0x07,
  0xF0, 0xFF, 0x00, 0x7F, 0x0F, 0xF0, 0x07, 0xF0, 0xFF, 0x00, 0x7F, 0x0F,
  0xF0, 0x07, 0xF0, 0xFF, 0x00, 0x7F, 0x0F, 0xF0, 0x07, 0xF0, 0xFF, 0x00,
  0x7F, 0x0F, 0xF0, 0x07, 0xF0, 0xFF, 0x80, 0xFF, 0x07, 0xF8, 0x0F, 0xF0,
  0x7F, 0xC3, 0xFF, 0x03, 0xFF, 0xFF, 0xF0, 0x3F, 0xFF, 0xFF, 0x01, 0xFF,
  0xF7, 0xF0, 0x07, 0xFC, 0x7F, 0x00, 0x1E, 0x07, 0xF0, 0x00, 0x00, 0x7F,
  0x00, 0x00, 0x07, 0xF0, 0x00, 0x00, 0x7F, 0x00, 0x00, 0x07, 0xF0, 0x00,
  0x00, 0x7F, 0x80, 0x00, 0x1F, 0xFC, 0x00, 0x0F, 0xFF, 0xF0, 0x00, 0xFF,
  0xFF, 0x00, 0x0F, 0xFF, 0xF0, 0x00, 0x00, 0xE1, 0xFF, 0x8F, 0xF3, 0xFF,
  0x3F, 0xF7, 0xFE, 0xFF, 0xFF, 0xFF, 0xFF, 0xE3, 0xFF, 0x1F, 0xC7, 0xFC,
  0x3F, 0x8F, 0xF0, 0x7F, 0x1F, 0xE0, 0xFC, 0x3F, 0xC1, 0xF0, 0x7F, 0x80,
  0x00, 0xFF, 0x00, 0x01, 0xFE, 0x00, 0x03, 0xFC, 0x00, 0x07, 0xF8, 0x00,
  0x0F, 0xF0, 0x00, 0x1F, 0xE0, 0x00, 0x3F, 0xC0, 0x00, 0x7F, 0x80, 0x00,
  0xFF, 0x00, 0x01, 0xFE, 0x00, 0x0F, 0xFF, 0x80, 0x3F, 0xFF, 0x80, 0x7F,
  0xFF, 0x00, 0xFF, 0xFE, 0x00, 0x01, 0xE0, 0xE0, 0xFF, 0xFE, 0x1F, 0xFF,
  0xE3, 0xFF, 0xFE, 0x7E, 0x07, 0xE7, 0xC0, 0x3E, 0xFC, 0x01, 0xEF, 0xE0,
  0x1E, 0xFF, 0x00, 0x0F, 0xFF, 0x00, 0x7F, 0xFE, 0x07, 0xFF, 0xF8, 0x3F,
  0xFF, 0xC1, 0xFF, 0xFE, 0x07, 0xFF, 0xF0, 0x0F, 0xFF, 0x00, 0x0F, 0xFF,
  0x00, 0x7F, 0xF8, 0x03, 0xFF, 0x80, 0x3F, 0xFC, 0x03, 0xFF, 0xF0, 0xFE,
  0xFF, 0xFF, 0xCF, 0xFF, 0xF8, 0x77, 0xFF, 0x07, 0x07, 0x00, 0x03, 0xE0,
  0x00, 0x7C, 0x00, 0x0F, 0x80, 0x01, 0xF0, 0x00, 0x7E, 0x00, 0x0F, 0xC0,
  0x03, 0xF8, 0x00, 0xFF, 0x00, 0xFF, 0xFF, 0xDF, 0xFF, 0xFB, 0xFF, 0xFF,
  0x7F, 0xFF, 0xE0, 0xFE, 0x00, 0x1F, 0xC0, 0x03, 0xF8, 0x00, 0x7F, 0x00,
  0x0F, 0xE0, 0x01, 0xFC, 0x00, 0x3F, 0x80, 0x07, 0xF0, 0x00, 0xFE, 0x00,
  0x1F, 0xC0, 0x03, 0xF8, 0x00, 0x7F, 0x00, 0x0F, 0xE0, 0x01, 0xFC, 0x00,
  0x3F, 0xC1, 0x07, 0xFD, 0xE0, 0xFF, 0xFE, 0x0F, 0xFF, 0xC1, 0xFF, 0xF0,
  0x1F, 0xF8, 0x00, 0x78, 0x00, 0xFF, 0xE0, 0xFF, 0xC3, 0xFF, 0x83, 0xFF,
  0x0F, 0xFE, 0x0F, 0xFC, 0x3F, 0xF8, 0x3F, 0xF0, 0x1F, 0xE0, 0x3F, 0xC0,
  0x7F, 0x80, 0x7F, 0x01, 0xFE, 0x01, 0xFC, 0x07, 0xF8, 0x07, 0xF0, 0x1F,
  0xE0, 0x1F, 0xC0, 0x7F, 0x80, 0x7F, 0x01, 0xFE, 0x01, 0xFC, 0x07, 0xF8,
  0x07, 0xF0, 0x1F, 0xE0, 0x1F, 0xC0, 0x7F, 0x80, 0x7F, 0x01, 0xFE, 0x01,
  0xFC, 0x07, 0xF8, 0x07, 0xF0, 0x1F, 0xE0, 0x3F, 0xC0, 0x7F, 0x80, 0xFF,
  0x01, 0xFF, 0x07, 0xFC, 0x03, 0xFF, 0xFF, 0xF8, 0x0F, 0xFF, 0xFF, 0xF8,
  0x3F, 0xFF, 0x7F, 0xF0, 0x7F, 0xF8, 0xFF, 0xC0, 0xFF, 0xC3, 0xFF, 0x00,
  0x78, 0x00, 0x00, 0x7F, 0xFC, 0x3F, 0xFB, 0xFF, 0xE1, 0xFF, 0xDF, 0xFF,
  0x0F, 0xFF, 0xFF, 0xF8, 0x7F, 0xF1, 0xFF, 0x00, 0x7C, 0x07, 0xF8, 0x03,
  0xC0, 0x3F, 0xC0, 0x1E, 0x00, 0xFE, 0x01, 0xF0, 0x07, 0xF8, 0x0F, 0x00,
  0x3F, 0xC0, 0xF8, 0x00, 0xFF, 0x07, 0x80, 0x07, 0xF8, 0x3C, 0x00, 0x1F,
  0xC3, 0xE0, 0x00, 0xFF, 0x1E, 0x00, 0x07, 0xF8, 0xF0, 0x00, 0x1F, 0xCF,
  0x80, 0x00, 0xFF, 0x78, 0x00, 0x03, 0xFB, 0xC0, 0x00, 0x1F, 0xFC, 0x00,
  0x00, 0xFF, 0xE0, 0x00, 0x03, 0xFF, 0x00, 0x00, 0x1F, 0xF0, 0x00, 0x00,
  0x7F, 0x80, 0x00, 0x03, 0xFC, 0x00, 0x7F, 0xFC, 0x1F, 0xE0, 0xFF, 0xDF,
  0xFF, 0x07, 0xF8, 0x3F, 0xFF, 0xFF, 0xC3, 0xFE, 0x0F, 0xFF, 0xFF, 0xE0,
  0xFF, 0xC3, 0xFF, 0x1F, 0xE0, 0x3F, 0xF0, 0x3E, 0x03, 0xF8, 0x0F, 0xFC,
  0x07, 0x00, 0xFF, 0x07, 0xFF, 0x83, 0xC0, 0x3F, 0xC1, 0xEF, 0xE0, 0xF0,
  0x07, 0xF0, 0x7B, 0xF8, 0x38, 0x01, 0xFC, 0x1E, 0xFE, 0x1E, 0x00, 0x7F,
  0x8F, 0x1F, 0xC7, 0x80, 0x0F, 0xE3, 0xC7, 0xF1, 0xE0, 0x03, 0xF8, 0xF1,
  0xFC, 0x70, 0x00, 0xFF, 0x3C, 0x7F, 0x3C, 0x00, 0x1F, 0xDE, 0x0F, 0xEF,
  0x00, 0x07, 0xF7, 0x83, 0xFB, 0x80, 0x01, 0xFD, 0xE0, 0xFE, 0xE0, 0x00,
  0x7F, 0xF8, 0x3F, 0xF8, 0x00, 0x0F, 0xFC, 0x07, 0xFE, 0x00, 0x03, 0xFF,
  0x01, 0xFF, 0x00, 0x00, 0xFF, 0xC0, 0x7F, 0xC0, 0x00, 0x1F, 0xF0, 0x1F,
  0xF0, 0x00, 0x07, 0xF8, 0x03, 0xF8, 0x00, 0x01, 0xFE, 0x00, 0xFE, 0x00,
  0x7F, 0xFC, 0x7F, 0xE7, 0xFF, 0xC7, 0xFE, 0xFF, 0xFC, 0x7F, 0xEF, 0xFF,
  0xC7, 0xFE, 0x1F, 0xF0, 0x1F, 0x00, 0xFF, 0x83, 0xE0, 0x07, 0xFC, 0x7C,
  0x00, 0x3F, 0xEF, 0x80, 0x01, 0xFE, 0xF8, 0x00, 0x0F, 0xFF, 0x00, 0x00,
  0xFF, 0xE0, 0x00, 0x07, 0xFC, 0x00, 0x00, 0x3F, 0xE0, 0x00, 0x07, 0xFF,
  0x00, 0x00, 0xFF, 0xF8, 0x00, 0x1F, 0x7F, 0x80, 0x03, 0xF3, 0xFC, 0x00,
  0x3E, 0x1F, 0xE0, 0x07, 0xC1, 0xFF, 0x00, 0xF8, 0x0F, 0xF8, 0x7F, 0xE1,
  0xFF, 0xF7, 0xFE, 0x3F, 0xFF, 0x7F, 0xE3, 0xFF, 0xF7, 0xFE, 0x3F, 0xFF,
  0x7F, 0xFC, 0x3F, 0xFB, 0xFF, 0xE1, 0xFF, 0xDF, 0xFF, 0x0F, 0xFE, 0xFF,
  0xF8, 0x7F, 0xF1, 0xFE, 0x00, 0x7C, 0x07, 0xF8, 0x03, 0xC0, 0x3F, 0xC0,
  0x1E, 0x00, 0xFE, 0x01, 0xE0, 0x07, 0xF8, 0x0F, 0x00, 0x1F, 0xC0, 0xF0,
  0x00, 0xFF, 0x07, 0x80, 0x03, 0xF8, 0x3C, 0x00, 0x1F, 0xC3, 0xC0, 0x00,
  0xFF, 0x1E, 0x00, 0x03, 0xF9, 0xE0, 0x00, 0x1F, 0xEF, 0x00, 0x00, 0x7F,
  0x70, 0x00, 0x03, 0xFF, 0x80, 0x00, 0x0F, 0xFC, 0x00, 0x00, 0x7F, 0xC0,
  0x00, 0x01, 0xFE, 0x00, 0x00, 0x0F, 0xE0, 0x00, 0x00, 0x7F, 0x00, 0x00,
  0x01, 0xF8, 0x00, 0x00, 0x0F, 0x80, 0x00, 0x00, 0x7C, 0x00, 0x02, 0x07,
  0xC0, 0x00, 0x7C, 0x3E, 0x00, 0x07, 0xE1, 0xE0, 0x00, 0x3F, 0x1F, 0x00,
  0x03, 0xF9, 0xF0, 0x00, 0x0F, 0xFF, 0x00, 0x00, 0x7F, 0xF8, 0x00, 0x01,
  0xFF, 0x00, 0x00, 0x03, 0xE0, 0x00, 0x00, 0xFF, 0xFF, 0xFB, 0xFF, 0xFF,
  0xEF, 0xFF, 0xFF, 0xBF, 0xFF, 0xFE, 0xFC, 0x0F, 0xF3, 0xE0, 0x7F, 0x8F,
  0x01, 0xFC, 0x3C, 0x0F, 0xF0, 0xF0, 0x7F, 0x80, 0x03, 0xFC, 0x00, 0x0F,
  0xF0, 0x00, 0x7F, 0x80, 0x03, 0xFC, 0x00, 0x1F, 0xE0, 0x00, 0x7F, 0x80,
  0x03, 0xFC, 0x0F, 0x1F, 0xE0, 0x3C, 0xFF, 0x01, 0xF3, 0xFC, 0x07, 0xDF,
  0xE0, 0x3F, 0xFF, 0xFF, 0xFB, 0xFF, 0xFF, 0xEF, 0xFF, 0xFF, 0xBF, 0xFF,
  0xFE, 0x00, 0x78, 0x07, 0xFC, 0x1F, 0xF0, 0x7F, 0xE0, 0xFE, 0x01, 0xFC,
  0x03, 0xF0, 0x07, 0xE0, 0x0F, 0xE0, 0x1F, 0xC0, 0x3F, 0x80, 0x7F, 0x00,
  0xFE, 0x01, 0xFC, 0x03, 0xF8, 0x07, 0xF0, 0x0F, 0xE0, 0x0F, 0xC0, 0x1F,
  0x80, 0x3F, 0x00, 0xFE, 0x01, 0xFC, 0x07, 0xF0, 0x7F, 0xC0, 0xFE, 0x01,
  0xFE, 0x03, 0xFF, 0x00, 0x7F, 0x00, 0xFE, 0x01, 0xFC, 0x03, 0xF8, 0x07,
  0xF0, 0x0F, 0xE0, 0x1F, 0xC0, 0x3F, 0x80, 0x7F, 0x00, 0xFE, 0x01, 0xFC,
  0x03, 0xF8, 0x07, 0xF0, 0x0F, 0xE0, 0x1F, 0xC0, 0x3F, 0x00, 0x7E, 0x00,
  0xFE, 0x01, 0xFC, 0x03, 0xFF, 0x03, 0xFF, 0x03, 0xFE, 0x01, 0xF0, 0xFF,
  0xFF, 0xFF, 0xFF, 0xFF, 0xFF, 0xFF, 0xFF, 0xFF, 0xFF, 0xFF, 0xFF, 0xFF,
  0xFF, 0xFF, 0xFF, 0xFF, 0xFF, 0xFF, 0xFF, 0xFF, 0xFF, 0xFF, 0xFF, 0xFF,
  0xFF, 0xFE, 0xBE, 0x00, 0xFF, 0x01, 0xFF, 0x03, 0xFF, 0x00, 0xFE, 0x00,
  0xFE, 0x01, 0xFC, 0x03, 0xF8, 0x07, 0xF0, 0x0F, 0xE0, 0x1F, 0x80, 0x7F,
  0x00, 0xFE, 0x01, 0xFC, 0x03, 0xF8, 0x07, 0xF0, 0x0F, 0xE0, 0x1F, 0xC0,
  0x3F, 0x80, 0x7F, 0x00, 0xFE, 0x01, 0xFC, 0x01, 0xFC, 0x01, 0xFF, 0x00,
  0xFE, 0x03, 0xFC, 0x1F, 0xF8, 0x3F, 0x00, 0xFE, 0x01, 0xFC, 0x03, 0xF8,
  0x07, 0xF0, 0x0F, 0xE0, 0x1F, 0xC0, 0x3F, 0x80, 0x7F, 0x00, 0xFE, 0x01,
  0xFC, 0x03, 0xF8, 0x03, 0xF0, 0x07, 0xE0, 0x0F, 0xE0, 0x1F, 0xC0, 0x3F,
  0x80, 0x7F, 0x01, 0xFE, 0x1F, 0xF8, 0x3F, 0xF0, 0xFF, 0xC0, 0x7C, 0x00,
  0x1F, 0x00, 0x30, 0xFF, 0xC0, 0xF7, 0xFF, 0xFF, 0x9F, 0xFF, 0xFE, 0xFF,
  0xFF, 0xF3, 0xEF, 0xFF, 0xCE, 0x01, 0xFE, 0x00, 0xFF, 0xFF, 0xFF, 0xFF,
  0xFF, 0xFF, 0xFF, 0xF0, 0x00, 0x7E, 0x00, 0x0F, 0xC0, 0x01, 0xF8, 0x00,
  0x3F, 0x00, 0x07, 0xE0, 0x00, 0xFC, 0x00, 0x1F, 0x80, 0x03, 0xF0, 0x00,
  0x7E, 0x00, 0x0F, 0xC0, 0x01, 0xF8, 0x00, 0x3F, 0x00, 0x07, 0xE0, 0x00,
  0xFC, 0x00, 0x1F, 0x80, 0x03, 0xF0, 0x00, 0x7E, 0x00, 0x0F, 0xC0, 0x01,
  0xF8, 0x00, 0x3F, 0x00, 0x07, 0xE0, 0x00, 0xFC, 0x00, 0x1F, 0x80, 0x03,
  0xF0, 0x00, 0x7E, 0x00, 0x0F, 0xC0, 0x01, 0xFF, 0xFF, 0xFF, 0xFF, 0xFF,
  0xFF, 0xFF, 0xE0, 0xFF, 0xFF, 0xFF, 0xFF, 0xFF, 0xFF, 0xFF, 0xF0, 0x00,
  0x7E, 0x00, 0x0F, 0xC0, 0x01, 0xF8, 0x00, 0x3F, 0x00, 0x07, 0xE0, 0x00,
  0xFC, 0x00, 0x1F, 0x80, 0x03, 0xF0, 0x00, 0x7E, 0x00, 0x0F, 0xC0, 0x01,
  0xF8, 0x00, 0x3F, 0x00, 0x07, 0xE0, 0x00, 0xFC, 0x00, 0x1F, 0x80, 0x03,
  0xF0, 0x00, 0x7E, 0x00, 0x0F, 0xC0, 0x01, 0xF8, 0x00, 0x3F, 0x00, 0x07,
  0xE0, 0x00, 0xFC, 0x00, 0x1F, 0x80, 0x03, 0xF0, 0x00, 0x7E, 0x00, 0x0F,
  0xC0, 0x01, 0xFF, 0xFF, 0xFF, 0xFF, 0xFF, 0xFF, 0xFF, 0xE0, 0xFF, 0xFF,
  0xFF, 0xFF, 0xFF, 0xFF, 0xFF, 0xF0, 0x00, 0x7E, 0x00, 0x0F, 0xC0, 0x01,
  0xF8, 0x00, 0x3F, 0x00, 0x07, 0xE0, 0x00, 0xFC, 0x00, 0x1F, 0x80, 0x03,
  0xF0, 0x00, 0x7E, 0x00, 0x0F, 0xC0, 0x01, 0xF8, 0x00, 0x3F, 0x00, 0x07,
  0xE0, 0x00, 0xFC, 0x00, 0x1F, 0x80, 0x03, 0xF0, 0x00, 0x7E, 0x00, 0x0F,
  0xC0, 0x01, 0xF8, 0x00, 0x3F, 0x00, 0x07, 0xE0, 0x00, 0xFC, 0x00, 0x1F,
  0x80, 0x03, 0xF0, 0x00, 0x7E, 0x00, 0x0F, 0xC0, 0x01, 0xFF, 0xFF, 0xFF,
  0xFF, 0xFF, 0xFF, 0xFF, 0xE0, 0xFF, 0xFF, 0xFF, 0xFF, 0xFF, 0xFF, 0xFF,
  0xF0, 0x00, 0x7E, 0x00, 0x0F, 0xC0, 0x01, 0xF8, 0x00, 0x3F, 0x00, 0x07,
  0xE0, 0x00, 0xFC, 0x00, 0x1F, 0x80, 0x03, 0xF0, 0x00, 0x7E, 0x00, 0x0F,
  0xC0, 0x01, 0xF8, 0x00, 0x3F, 0x00, 0x07, 0xE0, 0x00, 0xFC, 0x00, 0x1F,
  0x80, 0x03, 0xF0, 0x00, 0x7E, 0x00, 0x0F, 0xC0, 0x01, 0xF8, 0x00, 0x3F,
  0x00, 0x07, 0xE0, 0x00, 0xFC, 0x00, 0x1F, 0x80, 0x03, 0xF0, 0x00, 0x7E,
  0x00, 0x0F, 0xC0, 0x01, 0xFF, 0xFF, 0xFF, 0xFF, 0xFF, 0xFF, 0xFF, 0xE0,
  0xFF, 0xFF, 0xFF, 0xFF, 0xFF, 0xFF, 0xFF, 0xF0, 0x00, 0x7E, 0x00, 0x0F,
  0xC0, 0x01, 0xF8, 0x00, 0x3F, 0x00, 0x07, 0xE0, 0x00, 0xFC, 0x00, 0x1F,
  0x80, 0x03, 0xF0, 0x00, 0x7E, 0x00, 0x0F, 0xC0, 0x01, 0xF8, 0x00, 0x3F,
  0x00, 0x07, 0xE0, 0x00, 0xFC, 0x00, 0x1F, 0x80, 0x03, 0xF0, 0x00, 0x7E,
  0x00, 0x0F, 0xC0, 0x01, 0xF8, 0x00, 0x3F, 0x00, 0x07, 0xE0, 0x00, 0xFC,
  0x00, 0x1F, 0x80, 0x03, 0xF0, 0x00, 0x7E, 0x00, 0x0F, 0xC0, 0x01, 0xFF,
  0xFF, 0xFF, 0xFF, 0xFF, 0xFF, 0xFF, 0xE0, 0xFF, 0xFF, 0xFF, 0xFF, 0xFF,
  0xFF, 0xFF, 0xF0, 0x00, 0x7E, 0x00, 0x0F, 0xC0, 0x01, 0xF8, 0x00, 0x3F,
  0x00, 0x07, 0xE0, 0x00, 0xFC, 0x00, 0x1F, 0x80, 0x03, 0xF0, 0x00, 0x7E,
  0x00, 0x0F, 0xC0, 0x01, 0xF8, 0x00, 0x3F, 0x00, 0x07, 0xE0, 0x00, 0xFC,
  0x00, 0x1F, 0x80, 0x03, 0xF0, 0x00, 0x7E, 0x00, 0x0F, 0xC0, 0x01, 0xF8,
  0x00, 0x3F, 0x00, 0x07, 0xE0, 0x00, 0xFC, 0x00, 0x1F, 0x80, 0x03, 0xF0,
  0x00, 0x7E, 0x00, 0x0F, 0xC0, 0x01, 0xFF, 0xFF, 0xFF, 0xFF, 0xFF, 0xFF,
  0xFF, 0xE0, 0xFF, 0xFF, 0xFF, 0xFF, 0xFF, 0xFF, 0xFF, 0xF0, 0x00, 0x7E,
  0x00, 0x0F, 0xC0, 0x01, 0xF8, 0x00, 0x3F, 0x00, 0x07, 0xE0, 0x00, 0xFC,
  0x00, 0x1F, 0x80, 0x03, 0xF0, 0x00, 0x7E, 0x00, 0x0F, 0xC0, 0x01, 0xF8,
  0x00, 0x3F, 0x00, 0x07, 0xE0, 0x00, 0xFC, 0x00, 0x1F, 0x80, 0x03, 0xF0,
  0x00, 0x7E, 0x00, 0x0F, 0xC0, 0x01, 0xF8, 0x00, 0x3F, 0x00, 0x07, 0xE0,
  0x00, 0xFC, 0x00, 0x1F, 0x80, 0x03, 0xF0, 0x00, 0x7E, 0x00, 0x0F, 0xC0,
  0x01, 0xFF, 0xFF, 0xFF, 0xFF, 0xFF, 0xFF, 0xFF, 0xE0, 0xFF, 0xFF, 0xFF,
  0xFF, 0xFF, 0xFF, 0xFF, 0xF0, 0x00, 0x7E, 0x00, 0x0F, 0xC0, 0x01, 0xF8,
  0x00, 0x3F, 0x00, 0x07, 0xE0, 0x00, 0xFC, 0x00, 0x1F, 0x80, 0x03, 0xF0,
  0x00, 0x7E, 0x00, 0x0F, 0xC0, 0x01, 0xF8, 0x00, 0x3F, 0x00, 0x07, 0xE0,
  0x00, 0xFC, 0x00, 0x1F, 0x80, 0x03, 0xF0, 0x00, 0x7E, 0x00, 0x0F, 0xC0,
  0x01, 0xF8, 0x00, 0x3F, 0x00, 0x07, 0xE0, 0x00, 0xFC, 0x00, 0x1F, 0x80,
  0x03, 0xF0, 0x00, 0x7E, 0x00, 0x0F, 0xC0, 0x01, 0xFF, 0xFF, 0xFF, 0xFF,
  0xFF, 0xFF, 0xFF, 0xE0, 0xFF, 0xFF, 0xFF, 0xFF, 0xFF, 0xFF, 0xFF, 0xF0,
  0x00, 0x7E, 0x00, 0x0F, 0xC0, 0x01, 0xF8, 0x00, 0x3F, 0x00, 0x07, 0xE0,
  0x00, 0xFC, 0x00, 0x1F, 0x80, 0x03, 0xF0, 0x00, 0x7E, 0x00, 0x0F, 0xC0,
  0x01, 0xF8, 0x00, 0x3F, 0x00, 0x07, 0xE0, 0x00, 0xFC, 0x00, 0x1F, 0x80,
  0x03, 0xF0, 0x00, 0x7E, 0x00, 0x0F, 0xC0, 0x01, 0xF8, 0x00, 0x3F, 0x00,
  0x07, 0xE0, 0x00, 0xFC, 0x00, 0x1F, 0x80, 0x03, 0xF0, 0x00, 0x7E, 0x00,
  0x0F, 0xC0, 0x01, 0xFF, 0xFF, 0xFF, 0xFF, 0xFF, 0xFF, 0xFF, 0xE0, 0xFF,
  0xFF, 0xFF, 0xFF, 0xFF, 0xFF, 0xFF, 0xF0, 0x00, 0x7E, 0x00, 0x0F, 0xC0,
  0x01, 0xF8, 0x00, 0x3F, 0x00, 0x07, 0xE0, 0x00, 0xFC, 0x00, 0x1F, 0x80,
  0x03, 0xF0, 0x00, 0x7E, 0x00, 0x0F, 0xC0, 0x01, 0xF8, 0x00, 0x3F, 0x00,
  0x07, 0xE0, 0x00, 0xFC, 0x00, 0x1F, 0x80, 0x03, 0xF0, 0x00, 0x7E, 0x00,
  0x0F, 0xC0, 0x01, 0xF8, 0x00, 0x3F, 0x00, 0x07, 0xE0, 0x00, 0xFC, 0x00,
  0x1F, 0x80, 0x03, 0xF0, 0x00, 0x7E, 0x00, 0x0F, 0xC0, 0x01, 0xFF, 0xFF,
  0xFF, 0xFF, 0xFF, 0xFF, 0xFF, 0xE0, 0xFF, 0xFF, 0xFF, 0xFF, 0xFF, 0xFF,
  0xFF, 0xF0, 0x00, 0x7E, 0x00, 0x0F, 0xC0, 0x01, 0xF8, 0x00, 0x3F, 0x00,
  0x07, 0xE0, 0x00, 0xFC, 0x00, 0x1F, 0x80, 0x03, 0xF0, 0x00, 0x7E, 0x00,
  0x0F, 0xC0, 0x01, 0xF8, 0x00, 0x3F, 0x00, 0x07, 0xE0, 0x00, 0xFC, 0x00,
  0x1F, 0x80, 0x03, 0xF0, 0x00, 0x7E, 0x00, 0x0F, 0xC0, 0x01, 0xF8, 0x00,
  0x3F, 0x00, 0x07, 0xE0, 0x00, 0xFC, 0x00, 0x1F, 0x80, 0x03, 0xF0, 0x00,
  0x7E, 0x00, 0x0F, 0xC0, 0x01, 0xFF, 0xFF, 0xFF, 0xFF, 0xFF, 0xFF, 0xFF,
  0xE0, 0xFF, 0xFF, 0xFF, 0xFF, 0xFF, 0xFF, 0xFF, 0xF0, 0x00, 0x7E, 0x00,
  0x0F, 0xC0, 0x01, 0xF8, 0x00, 0x3F, 0x00, 0x07, 0xE0, 0x00, 0xFC, 0x00,
  0x1F, 0x80, 0x03, 0xF0, 0x00, 0x7E, 0x00, 0x0F, 0xC0, 0x01, 0xF8, 0x00,
  0x3F, 0x00, 0x07, 0xE0, 0x00, 0xFC, 0x00, 0x1F, 0x80, 0x03, 0xF0, 0x00,
  0x7E, 0x00, 0x0F, 0xC0, 0x01, 0xF8, 0x00, 0x3F, 0x00, 0x07, 0xE0, 0x00,
  0xFC, 0x00, 0x1F, 0x80, 0x03, 0xF0, 0x00, 0x7E, 0x00, 0x0F, 0xC0, 0x01,
  0xFF, 0xFF, 0xFF, 0xFF, 0xFF, 0xFF, 0xFF, 0xE0, 0xFF, 0xFF, 0xFF, 0xFF,
  0xFF, 0xFF, 0xFF, 0xF0, 0x00, 0x7E, 0x00, 0x0F, 0xC0, 0x01, 0xF8, 0x00,
  0x3F, 0x00, 0x07, 0xE0, 0x00, 0xFC, 0x00, 0x1F, 0x80, 0x03, 0xF0, 0x00,
  0x7E, 0x00, 0x0F, 0xC0, 0x01, 0xF8, 0x00, 0x3F, 0x00, 0x07, 0xE0, 0x00,
  0xFC, 0x00, 0x1F, 0x80, 0x03, 0xF0, 0x00, 0x7E, 0x00, 0x0F, 0xC0, 0x01,
  0xF8, 0x00, 0x3F, 0x00, 0x07, 0xE0, 0x00, 0xFC, 0x00, 0x1F, 0x80, 0x03,
  0xF0, 0x00, 0x7E, 0x00, 0x0F, 0xC0, 0x01, 0xFF, 0xFF, 0xFF, 0xFF, 0xFF,
  0xFF, 0xFF, 0xE0, 0xFF, 0xFF, 0xFF, 0xFF, 0xFF, 0xFF, 0xFF, 0xF0, 0x00,
  0x7E, 0x00, 0x0F, 0xC0, 0x01, 0xF8, 0x00, 0x3F, 0x00, 0x07, 0xE0, 0x00,
  0xFC, 0x00, 0x1F, 0x80, 0x03, 0xF0, 0x00, 0x7E, 0x00, 0x0F, 0xC0, 0x01,
  0xF8, 0x00, 0x3F, 0x00, 0x07, 0xE0, 0x00, 0xFC, 0x00, 0x1F, 0x80, 0x03,
  0xF0, 0x00, 0x7E, 0x00, 0x0F, 0xC0, 0x01, 0xF8, 0x00, 0x3F, 0x00, 0x07,
  0xE0, 0x00, 0xFC, 0x00, 0x1F, 0x80, 0x03, 0xF0, 0x00, 0x7E, 0x00, 0x0F,
  0xC0, 0x01, 0xFF, 0xFF, 0xFF, 0xFF, 0xFF, 0xFF, 0xFF, 0xE0, 0xFF, 0xFF,
  0xFF, 0xFF, 0xFF, 0xFF, 0xFF, 0xF0, 0x00, 0x7E, 0x00, 0x0F, 0xC0, 0x01,
  0xF8, 0x00, 0x3F, 0x00, 0x07, 0xE0, 0x00, 0xFC, 0x00, 0x1F, 0x80, 0x03,
  0xF0, 0x00, 0x7E, 0x00, 0x0F, 0xC0, 0x01, 0xF8, 0x00, 0x3F, 0x00, 0x07,
  0xE0, 0x00, 0xFC, 0x00, 0x1F, 0x80, 0x03, 0xF0, 0x00, 0x7E, 0x00, 0x0F,
  0xC0, 0x01, 0xF8, 0x00, 0x3F, 0x00, 0x07, 0xE0, 0x00, 0xFC, 0x00, 0x1F,
  0x80, 0x03, 0xF0, 0x00, 0x7E, 0x00, 0x0F, 0xC0, 0x01, 0xFF, 0xFF, 0xFF,
  0xFF, 0xFF, 0xFF, 0xFF, 0xE0, 0xFF, 0xFF, 0xFF, 0xFF, 0xFF, 0xFF, 0xFF,
  0xF0, 0x00, 0x7E, 0x00, 0x0F, 0xC0, 0x01, 0xF8, 0x00, 0x3F, 0x00, 0x07,
  0xE0, 0x00, 0xFC, 0x00, 0x1F, 0x80, 0x03, 0xF0, 0x00, 0x7E, 0x00, 0x0F,
  0xC0, 0x01, 0xF8, 0x00, 0x3F, 0x00, 0x07, 0xE0, 0x00, 0xFC, 0x00, 0x1F,
  0x80, 0x03, 0xF0, 0x00, 0x7E, 0x00, 0x0F, 0xC0, 0x01, 0xF8, 0x00, 0x3F,
  0x00, 0x07, 0xE0, 0x00, 0xFC, 0x00, 0x1F, 0x80, 0x03, 0xF0, 0x00, 0x7E,
  0x00, 0x0F, 0xC0, 0x01, 0xFF, 0xFF, 0xFF, 0xFF, 0xFF, 0xFF, 0xFF, 0xE0,
  0xFF, 0xFF, 0xFF, 0xFF, 0xFF, 0xFF, 0xFF, 0xF0, 0x00, 0x7E, 0x00, 0x0F,
  0xC0, 0x01, 0xF8, 0x00, 0x3F, 0x00, 0x07, 0xE0, 0x00, 0xFC, 0x00, 0x1F,
  0x80, 0x03, 0xF0, 0x00, 0x7E, 0x00, 0x0F, 0xC0, 0x01, 0xF8, 0x00, 0x3F,
  0x00, 0x07, 0xE0, 0x00, 0xFC, 0x00, 0x1F, 0x80, 0x03, 0xF0, 0x00, 0x7E,
  0x00, 0x0F, 0xC0, 0x01, 0xF8, 0x00, 0x3F, 0x00, 0x07, 0xE0, 0x00, 0xFC,
  0x00, 0x1F, 0x80, 0x03, 0xF0, 0x00, 0x7E, 0x00, 0x0F, 0xC0, 0x01, 0xFF,
  0xFF, 0xFF, 0xFF, 0xFF, 0xFF, 0xFF, 0xE0, 0xFF, 0xFF, 0xFF, 0xFF, 0xFF,
  0xFF, 0xFF, 0xF0, 0x00, 0x7E, 0x00, 0x0F, 0xC0, 0x01, 0xF8, 0x00, 0x3F,
  0x00, 0x07, 0xE0, 0x00, 0xFC, 0x00, 0x1F, 0x80, 0x03, 0xF0, 0x00, 0x7E,
  0x00, 0x0F, 0xC0, 0x01, 0xF8, 0x00, 0x3F, 0x00, 0x07, 0xE0, 0x00, 0xFC,
  0x00, 0x1F, 0x80, 0x03, 0xF0, 0x00, 0x7E, 0x00, 0x0F, 0xC0, 0x01, 0xF8,
  0x00, 0x3F, 0x00, 0x07, 0xE0, 0x00, 0xFC, 0x00, 0x1F, 0x80, 0x03, 0xF0,
  0x00, 0x7E, 0x00, 0x0F, 0xC0, 0x01, 0xFF, 0xFF, 0xFF, 0xFF, 0xFF, 0xFF,
  0xFF, 0xE0, 0xFF, 0xFF, 0xFF, 0xFF, 0xFF, 0xFF, 0xFF, 0xF0, 0x00, 0x7E,
  0x00, 0x0F, 0xC0, 0x01, 0xF8, 0x00, 0x3F, 0x00, 0x07, 0xE0, 0x00, 0xFC,
  0x00, 0x1F, 0x80, 0x03, 0xF0, 0x00, 0x7E, 0x00, 0x0F, 0xC0, 0x01, 0xF8,
  0x00, 0x3F, 0x00, 0x07, 0xE0, 0x00, 0xFC, 0x00, 0x1F, 0x80, 0x03, 0xF0,
  0x00, 0x7E, 0x00, 0x0F, 0xC0, 0x01, 0xF8, 0x00, 0x3F, 0x00, 0x07, 0xE0,
  0x00, 0xFC, 0x00, 0x1F, 0x80, 0x03, 0xF0, 0x00, 0x7E, 0x00, 0x0F, 0xC0,
  0x01, 0xFF, 0xFF, 0xFF, 0xFF, 0xFF, 0xFF, 0xFF, 0xE0, 0xFF, 0xFF, 0xFF,
  0xFF, 0xFF, 0xFF, 0xFF, 0xF0, 0x00, 0x7E, 0x00, 0x0F, 0xC0, 0x01, 0xF8,
  0x00, 0x3F, 0x00, 0x07, 0xE0, 0x00, 0xFC, 0x00, 0x1F, 0x80, 0x03, 0xF0,
  0x00, 0x7E, 0x00, 0x0F, 0xC0, 0x01, 0xF8, 0x00, 0x3F, 0x00, 0x07, 0xE0,
  0x00, 0xFC, 0x00, 0x1F, 0x80, 0x03, 0xF0, 0x00, 0x7E, 0x00, 0x0F, 0xC0,
  0x01, 0xF8, 0x00, 0x3F, 0x00, 0x07, 0xE0, 0x00, 0xFC, 0x00, 0x1F, 0x80,
  0x03, 0xF0, 0x00, 0x7E, 0x00, 0x0F, 0xC0, 0x01, 0xFF, 0xFF, 0xFF, 0xFF,
  0xFF, 0xFF, 0xFF, 0xE0, 0xFF, 0xFF, 0xFF, 0xFF, 0xFF, 0xFF, 0xFF, 0xF0,
  0x00, 0x7E, 0x00, 0x0F, 0xC0, 0x01, 0xF8, 0x00, 0x3F, 0x00, 0x07, 0xE0,
  0x00, 0xFC, 0x00, 0x1F, 0x80, 0x03, 0xF0, 0x00, 0x7E, 0x00, 0x0F, 0xC0,
  0x01, 0xF8, 0x00, 0x3F, 0x00, 0x07, 0xE0, 0x00, 0xFC, 0x00, 0x1F, 0x80,
  0x03, 0xF0, 0x00, 0x7E, 0x00, 0x0F, 0xC0, 0x01, 0xF8, 0x00, 0x3F, 0x00,
  0x07, 0xE0, 0x00, 0xFC, 0x00, 0x1F, 0x80, 0x03, 0xF0, 0x00, 0x7E, 0x00,
  0x0F, 0xC0, 0x01, 0xFF, 0xFF, 0xFF, 0xFF, 0xFF, 0xFF, 0xFF, 0xE0, 0xFF,
  0xFF, 0xFF, 0xFF, 0xFF, 0xFF, 0xFF, 0xF0, 0x00, 0x7E, 0x00, 0x0F, 0xC0,
  0x01, 0xF8, 0x00, 0x3F, 0x00, 0x07, 0xE0, 0x00, 0xFC, 0x00, 0x1F, 0x80,
  0x03, 0xF0, 0x00, 0x7E, 0x00, 0x0F, 0xC0, 0x01, 0xF8, 0x00, 0x3F, 0x00,
  0x07, 0xE0, 0x00, 0xFC, 0x00, 0x1F, 0x80, 0x03, 0xF0, 0x00, 0x7E, 0x00,
  0x0F, 0xC0, 0x01, 0xF8, 0x00, 0x3F, 0x00, 0x07, 0xE0, 0x00, 0xFC, 0x00,
  0x1F, 0x80, 0x03, 0xF0, 0x00, 0x7E, 0x00, 0x0F, 0xC0, 0x01, 0xFF, 0xFF,
  0xFF, 0xFF, 0xFF, 0xFF, 0xFF, 0xE0, 0xFF, 0xFF, 0xFF, 0xFF, 0xFF, 0xFF,
  0xFF, 0xF0, 0x00, 0x7E, 0x00, 0x0F, 0xC0, 0x01, 0xF8, 0x00, 0x3F, 0x00,
  0x07, 0xE0, 0x00, 0xFC, 0x00, 0x1F, 0x80, 0x03, 0xF0, 0x00, 0x7E, 0x00,
  0x0F, 0xC0, 0x01, 0xF8, 0x00, 0x3F, 0x00, 0x07, 0xE0, 0x00, 0xFC, 0x00,
  0x1F, 0x80, 0x03, 0xF0, 0x00, 0x7E, 0x00, 0x0F, 0xC0, 0x01, 0xF8, 0x00,
  0x3F, 0x00, 0x07, 0xE0, 0x00, 0xFC, 0x00, 0x1F, 0x80, 0x03, 0xF0, 0x00,
  0x7E, 0x00, 0x0F, 0xC0, 0x01, 0xFF, 0xFF, 0xFF, 0xFF, 0xFF, 0xFF, 0xFF,
  0xE0, 0xFF, 0xFF, 0xFF, 0xFF, 0xFF, 0xFF, 0xFF, 0xF0, 0x00, 0x7E, 0x00,
  0x0F, 0xC0, 0x01, 0xF8, 0x00, 0x3F, 0x00, 0x07, 0xE0, 0x00, 0xFC, 0x00,
  0x1F, 0x80, 0x03, 0xF0, 0x00, 0x7E, 0x00, 0x0F, 0xC0, 0x01, 0xF8, 0x00,
  0x3F, 0x00, 0x07, 0xE0, 0x00, 0xFC, 0x00, 0x1F, 0x80, 0x03, 0xF0, 0x00,
  0x7E, 0x00, 0x0F, 0xC0, 0x01, 0xF8, 0x00, 0x3F, 0x00, 0x07, 0xE0, 0x00,
  0xFC, 0x00, 0x1F, 0x80, 0x03, 0xF0, 0x00, 0x7E, 0x00, 0x0F, 0xC0, 0x01,
  0xFF, 0xFF, 0xFF, 0xFF, 0xFF, 0xFF, 0xFF, 0xE0, 0xFF, 0xFF, 0xFF, 0xFF,
  0xFF, 0xFF, 0xFF, 0xF0, 0x00, 0x7E, 0x00, 0x0F, 0xC0, 0x01, 0xF8, 0x00,
  0x3F, 0x00, 0x07, 0xE0, 0x00, 0xFC, 0x00, 0x1F, 0x80, 0x03, 0xF0, 0x00,
  0x7E, 0x00, 0x0F, 0xC0, 0x01, 0xF8, 0x00, 0x3F, 0x00, 0x07, 0xE0, 0x00,
  0xFC, 0x00, 0x1F, 0x80, 0x03, 0xF0, 0x00, 0x7E, 0x00, 0x0F, 0xC0, 0x01,
  0xF8, 0x00, 0x3F, 0x00, 0x07, 0xE0, 0x00, 0xFC, 0x00, 0x1F, 0x80, 0x03,
  0xF0, 0x00, 0x7E, 0x00, 0x0F, 0xC0, 0x01, 0xFF, 0xFF, 0xFF, 0xFF, 0xFF,
  0xFF, 0xFF, 0xE0, 0xFF, 0xFF, 0xFF, 0xFF, 0xFF, 0xFF, 0xFF, 0xF0, 0x00,
  0x7E, 0x00, 0x0F, 0xC0, 0x01, 0xF8, 0x00, 0x3F, 0x00, 0x07, 0xE0, 0x00,
  0xFC, 0x00, 0x1F, 0x80, 0x03, 0xF0, 0x00, 0x7E, 0x00, 0x0F, 0xC0, 0x01,
  0xF8, 0x00, 0x3F, 0x00, 0x07, 0xE0, 0x00, 0xFC, 0x00, 0x1F, 0x80, 0x03,
  0xF0, 0x00, 0x7E, 0x00, 0x0F, 0xC0, 0x01, 0xF8, 0x00, 0x3F, 0x00, 0x07,
  0xE0, 0x00, 0xFC, 0x00, 0x1F, 0x80, 0x03, 0xF0, 0x00, 0x7E, 0x00, 0x0F,
  0xC0, 0x01, 0xFF, 0xFF, 0xFF, 0xFF, 0xFF, 0xFF, 0xFF, 0xE0, 0xFF, 0xFF,
  0xFF, 0xFF, 0xFF, 0xFF, 0xFF, 0xF0, 0x00, 0x7E, 0x00, 0x0F, 0xC0, 0x01,
  0xF8, 0x00, 0x3F, 0x00, 0x07, 0xE0, 0x00, 0xFC, 0x00, 0x1F, 0x80, 0x03,
  0xF0, 0x00, 0x7E, 0x00, 0x0F, 0xC0, 0x01, 0xF8, 0x00, 0x3F, 0x00, 0x07,
  0xE0, 0x00, 0xFC, 0x00, 0x1F, 0x80, 0x03, 0xF0, 0x00, 0x7E, 0x00, 0x0F,
  0xC0, 0x01, 0xF8, 0x00, 0x3F, 0x00, 0x07, 0xE0, 0x00, 0xFC, 0x00, 0x1F,
  0x80, 0x03, 0xF0, 0x00, 0x7E, 0x00, 0x0F, 0xC0, 0x01, 0xFF, 0xFF, 0xFF,
  0xFF, 0xFF, 0xFF, 0xFF, 0xE0, 0xFF, 0xFF, 0xFF, 0xFF, 0xFF, 0xFF, 0xFF,
  0xF0, 0x00, 0x7E, 0x00, 0x0F, 0xC0, 0x01, 0xF8, 0x00, 0x3F, 0x00, 0x07,
  0xE0, 0x00, 0xFC, 0x00, 0x1F, 0x80, 0x03, 0xF0, 0x00, 0x7E, 0x00, 0x0F,
  0xC0, 0x01, 0xF8, 0x00, 0x3F, 0x00, 0x07, 0xE0, 0x00, 0xFC, 0x00, 0x1F,
  0x80, 0x03, 0xF0, 0x00, 0x7E, 0x00, 0x0F, 0xC0, 0x01, 0xF8, 0x00, 0x3F,
  0x00, 0x07, 0xE0, 0x00, 0xFC, 0x00, 0x1F, 0x80, 0x03, 0xF0, 0x00, 0x7E,
  0x00, 0x0F, 0xC0, 0x01, 0xFF, 0xFF, 0xFF, 0xFF, 0xFF, 0xFF, 0xFF, 0xE0,
  0xFF, 0xFF, 0xFF, 0xFF, 0xFF, 0xFF, 0xFF, 0xF0, 0x00, 0x7E, 0x00, 0x0F,
  0xC0, 0x01, 0xF8, 0x00, 0x3F, 0x00, 0x07, 0xE0, 0x00, 0xFC, 0x00, 0x1F,
  0x80, 0x03, 0xF0, 0x00, 0x7E, 0x00, 0x0F, 0xC0, 0x01, 0xF8, 0x00, 0x3F,
  0x00, 0x07, 0xE0, 0x00, 0xFC, 0x00, 0x1F, 0x80, 0x03, 0xF0, 0x00, 0x7E,
  0x00, 0x0F, 0xC0, 0x01, 0xF8, 0x00, 0x3F, 0x00, 0x07, 0xE0, 0x00, 0xFC,
  0x00, 0x1F, 0x80, 0x03, 0xF0, 0x00, 0x7E, 0x00, 0x0F, 0xC0, 0x01, 0xFF,
  0xFF, 0xFF, 0xFF, 0xFF, 0xFF, 0xFF, 0xE0, 0xFF, 0xFF, 0xFF, 0xFF, 0xFF,
  0xFF, 0xFF, 0xF0, 0x00, 0x7E, 0x00, 0x0F, 0xC0, 0x01, 0xF8, 0x00, 0x3F,
  0x00, 0x07, 0xE0, 0x00, 0xFC, 0x00, 0x1F, 0x80, 0x03, 0xF0, 0x00, 0x7E,
  0x00, 0x0F, 0xC0, 0x01, 0xF8, 0x00, 0x3F, 0x00, 0x07, 0xE0, 0x00, 0xFC,
  0x00, 0x1F, 0x80, 0x03, 0xF0, 0x00, 0x7E, 0x00, 0x0F, 0xC0, 0x01, 0xF8,
  0x00, 0x3F, 0x00, 0x07, 0xE0, 0x00, 0xFC, 0x00, 0x1F, 0x80, 0x03, 0xF0,
  0x00, 0x7E, 0x00, 0x0F, 0xC0, 0x01, 0xFF, 0xFF, 0xFF, 0xFF, 0xFF, 0xFF,
  0xFF, 0xE0, 0xFF, 0xFF, 0xFF, 0xFF, 0xFF, 0xFF, 0xFF, 0xF0, 0x00, 0x7E,
  0x00, 0x0F, 0xC0, 0x01, 0xF8, 0x00, 0x3F, 0x00, 0x07, 0xE0, 0x00, 0xFC,
  0x00, 0x1F, 0x80, 0x03, 0xF0, 0x00, 0x7E, 0x00, 0x0F, 0xC0, 0x01, 0xF8,
  0x00, 0x3F, 0x00, 0x07, 0xE0, 0x00, 0xFC, 0x00, 0x1F, 0x80, 0x03, 0xF0,
  0x00, 0x7E, 0x00, 0x0F, 0xC0, 0x01, 0xF8, 0x00, 0x3F, 0x00, 0x07, 0xE0,
  0x00, 0xFC, 0x00, 0x1F, 0x80, 0x03, 0xF0, 0x00, 0x7E, 0x00, 0x0F, 0xC0,
  0x01, 0xFF, 0xFF, 0xFF, 0xFF, 0xFF, 0xFF, 0xFF, 0xE0, 0xFF, 0xFF, 0xFF,
  0xFF, 0xFF, 0xFF, 0xFF, 0xF0, 0x00, 0x7E, 0x00, 0x0F, 0xC0, 0x01, 0xF8,
  0x00, 0x3F, 0x00, 0x07, 0xE0, 0x00, 0xFC, 0x00, 0x1F, 0x80, 0x03, 0xF0,
  0x00, 0x7E, 0x00, 0x0F, 0xC0, 0x01, 0xF8, 0x00, 0x3F, 0x00, 0x07, 0xE0,
  0x00, 0xFC, 0x00, 0x1F, 0x80, 0x03, 0xF0, 0x00, 0x7E, 0x00, 0x0F, 0xC0,
  0x01, 0xF8, 0x00, 0x3F, 0x00, 0x07, 0xE0, 0x00, 0xFC, 0x00, 0x1F, 0x80,
  0x03, 0xF0, 0x00, 0x7E, 0x00, 0x0F, 0xC0, 0x01, 0xFF, 0xFF, 0xFF, 0xFF,
  0xFF, 0xFF, 0xFF, 0xE0, 0xFF, 0xFF, 0xFF, 0xFF, 0xFF, 0xFF, 0xFF, 0xF0,
  0x00, 0x7E, 0x00, 0x0F, 0xC0, 0x01, 0xF8, 0x00, 0x3F, 0x00, 0x07, 0xE0,
  0x00, 0xFC, 0x00, 0x1F, 0x80, 0x03, 0xF0, 0x00, 0x7E, 0x00, 0x0F, 0xC0,
  0x01, 0xF8, 0x00, 0x3F, 0x00, 0x07, 0xE0, 0x00, 0xFC, 0x00, 0x1F, 0x80,
  0x03, 0xF0, 0x00, 0x7E, 0x00, 0x0F, 0xC0, 0x01, 0xF8, 0x00, 0x3F, 0x00,
  0x07, 0xE0, 0x00, 0xFC, 0x00, 0x1F, 0x80, 0x03, 0xF0, 0x00, 0x7E, 0x00,
  0x0F, 0xC0, 0x01, 0xFF, 0xFF, 0xFF, 0xFF, 0xFF, 0xFF, 0xFF, 0xE0, 0x00,
  0x1E, 0x1F, 0x9F, 0xEF, 0xF7, 0xFB, 0xFD, 0xFC, 0x3C, 0x00, 0x00, 0x00,
  0x03, 0xC1, 0xE0, 0xF0, 0x78, 0x3C, 0x1E, 0x0F, 0x0F, 0x87, 0xC3, 0xF1,
  0xF8, 0xFC, 0x7E, 0x7F, 0x3F, 0xDF, 0xEF, 0xF7, 0xFF, 0xFF, 0xFF, 0xFF,
  0x7F, 0xBF, 0x82, 0x00, 0x00, 0x0F, 0x80, 0x00, 0x1E, 0x00, 0x00, 0x7C,
  0x00, 0x00, 0xF8, 0x00, 0x07, 0xF8, 0x00, 0x7F, 0xFC, 0x03, 0xFF, 0xFC,
  0x0F, 0xFF, 0xFC, 0x3F, 0xFE, 0xFC, 0x7F, 0x7D, 0xF9, 0xFC, 0xFF, 0xF3,
  0xF9, 0xEF, 0xEF, 0xF7, 0xDF, 0xDF, 0xEF, 0x9F, 0x3F, 0x9F, 0x00, 0x7F,
  0x3E, 0x00, 0xFE, 0x78, 0x01, 0xFD, 0xF0, 0x03, 0xFF, 0xE0, 0x07, 0xFF,
  0xC0, 0x0F, 0xFF, 0x80, 0x1F, 0xFF, 0x00, 0x1F, 0xFC, 0x06, 0x3F, 0xF8,
  0x3E, 0x3F, 0xFF, 0xFE, 0x7F, 0xFF, 0xF8, 0x7F, 0xFF, 0xE0, 0x3F, 0xFF,
  0x00, 0x3F, 0xF8, 0x00, 0x7C, 0x00, 0x00, 0xF8, 0x00, 0x01, 0xF0, 0x00,
  0x07, 0xC0, 0x00, 0x00, 0x03, 0x00, 0x00, 0x1F, 0xFE, 0x00, 0x1F, 0xFF,
  0xC0, 0x1F, 0xFF, 0xF8, 0x0F, 0xF0, 0x3F, 0x03, 0xF8, 0x0F, 0xC1, 0xFE,
  0x07, 0xF8, 0x7F, 0x01, 0xFE, 0x1F, 0xC0, 0x7F, 0x07, 0xF0, 0x1F, 0xC1,
  0xFC, 0x01, 0xE0, 0x7F, 0x00, 0x00, 0x1F, 0xE0, 0x00, 0x07, 0xF8, 0x00,
  0x01, 0xFF, 0x00, 0x00, 0x3F, 0xC0, 0x00, 0xFF, 0xFF, 0xF8, 0x3F, 0xFF,
  0xFE, 0x0F, 0xFF, 0xFF, 0x83, 0xFF, 0xFF, 0xE0, 0x03, 0xFC, 0x00, 0x00,
  0xFF, 0x00, 0x00, 0x1F, 0xC0, 0x00, 0x07, 0xF0, 0x00, 0x01, 0xFC, 0x03,
  0xC0, 0xFE, 0x01, 0xF0, 0x3F, 0x80, 0x7C, 0x0F, 0xC0, 0x3F, 0x07, 0xE0,
  0x1F, 0x87, 0xFF, 0xFF, 0xE3, 0xFF, 0xFF, 0xF9, 0xFF, 0xFF, 0xFE, 0x3F,
  0xFF, 0xFF, 0x8F, 0xFF, 0xFF, 0xE0, 0x20, 0x00, 0x18, 0xE0, 0x00, 0x7B,
  0xF1, 0xF1, 0xFB, 0xFF, 0xFF, 0xE7, 0xFF, 0xFF, 0x87, 0xFF, 0xFE, 0x0F,
  0xE1, 0xFC, 0x1F, 0xC3, 0xF8, 0x7F, 0x03, 0xF8, 0xFE, 0x07, 0xF1, 0xFC,
  0x0F, 0xE3, 0xF8, 0x1F, 0xC7, 0xF0, 0x3F, 0x8F, 0xE0, 0x7F, 0x0F, 0xE1,
  0xFC, 0x1F, 0xC3, 0xF8, 0x3F, 0xFF, 0xF0, 0xFF, 0xFF, 0xF3, 0xFF, 0xFF,
  0xF7, 0xC7, 0xC3, 0xE7, 0x00, 0x03, 0x84, 0x00, 0x02, 0x00, 0xFF, 0xFF,
  0x07, 0xFF, 0xFF, 0xFF, 0xC1, 0xFF, 0xFF, 0xFF, 0xF0, 0x7F, 0xFF, 0xFF,
  0xFC, 0x1F, 0xFF, 0x1F, 0xF0, 0x00, 0xFE, 0x03, 0xFC, 0x00, 0x3F, 0x00,
  0x7F, 0x80, 0x0F, 0x80, 0x1F, 0xF0, 0x07, 0xC0, 0x03, 0xFC, 0x01, 0xF0,
  0x00, 0x7F, 0x80, 0xF8, 0x00, 0x1F, 0xE0, 0x3E, 0x00, 0x03, 0xFC, 0x1F,
  0x00, 0x00, 0xFF, 0x8F, 0x80, 0x00, 0x1F, 0xE3, 0xE0, 0x01, 0xFF, 0xFD,
  0xFF, 0xC0, 0x7F, 0xFF, 0x7F, 0xF0, 0x1F, 0xFF, 0xFF, 0xFC, 0x00, 0x07,
  0xFF, 0x80, 0x00, 0x00, 0xFF, 0xC0, 0x00, 0x00, 0x3F, 0xF0, 0x00, 0x1F,
  0xFF, 0xFF, 0xFC, 0x07, 0xFF, 0xFF, 0xFF, 0x01, 0xFF, 0xFF, 0xFF, 0xC0,
  0x00, 0x1F, 0xE0, 0x00, 0x00, 0x07, 0xF8, 0x00, 0x00, 0x01, 0xFE, 0x00,
  0x00, 0x00, 0x7F, 0x80, 0x00, 0x00, 0x1F, 0xE0, 0x00, 0x00, 0x07, 0xF8,
  0x00, 0x00, 0x1F, 0xFF, 0xE0, 0x00, 0x07, 0xFF, 0xF8, 0x00, 0x01, 0xFF,
  0xFE, 0x00, 0x00, 0x7F, 0xFF, 0x80, 0x00, 0xFF, 0xFF, 0xFF, 0xFF, 0xFF,
  0xFF, 0xFF, 0xFF, 0xFF, 0xFF, 0xFF, 0xC0, 0x00, 0x00, 0x00, 0xFF, 0xFF,
  0xFF, 0xFF, 0xFF, 0xFF, 0xFF, 0xFF, 0xFF, 0xFF, 0xFF, 0xFE, 0x00, 0x7F,
  0xC0, 0x00, 0x7F, 0xFC, 0x00, 0x3F, 0xFF, 0x80, 0x1F, 0xC7, 0xE0, 0x07,
  0xE1, 0xF8, 0x03, 0xF0, 0x7F, 0x00, 0xFC, 0x3F, 0x80, 0x3F, 0x87, 0xE0,
  0x0F, 0xE0, 0xF0, 0x03, 0xFC, 0x00, 0x00, 0x7F, 0x80, 0x00, 0x7F, 0xF0,
  0x00, 0x3F, 0xFE, 0x00, 0x1F, 0xFF, 0xE0, 0x07, 0xCF, 0xFC, 0x03, 0xE1,
  0xFF, 0xC0, 0xF8, 0x3F, 0xF8, 0x3F, 0x07, 0xFF, 0x0F, 0xC0, 0x7F, 0xE3,
  0xF8, 0x0F, 0xFC, 0xFF, 0x80, 0xFF, 0x9F, 0xF0, 0x1F, 0xE7, 0xFE, 0x03,
  0xF8, 0xFF, 0xE0, 0x7F, 0x1F, 0xFC, 0x0F, 0xC3, 0xFF, 0xC3, 0xE0, 0x3F,
  0xF8, 0xF8, 0x07, 0xFF, 0x7C, 0x00, 0x7F, 0xFF, 0x00, 0x0F, 0xFF, 0x80,
  0x00, 0xFF, 0x80, 0x00, 0x1F, 0xE0, 0x00, 0x03, 0xF8, 0x01, 0xE0, 0xFE,
  0x00, 0xFC, 0x1F, 0x80, 0x7F, 0x07, 0xE0, 0x1F, 0xC1, 0xF8, 0x07, 0xE0,
  0xFC, 0x00, 0xFF, 0xFF, 0x00, 0x3F, 0xFF, 0x80, 0x07, 0xFF, 0x80, 0x00,
  0x3F, 0x00, 0x00, 0x3E, 0x07, 0x8F, 0xE1, 0xFB, 0xFC, 0x7F, 0xFF, 0x8F,
  0xFF, 0xF1, 0xFE, 0xFE, 0x3F, 0xDF, 0x83, 0xF0, 0x00, 0x00, 0xE0, 0x00,
  0x00, 0x0F, 0xFF, 0x80, 0x00, 0x0F, 0xFF, 0xFC, 0x00, 0x07, 0xFF, 0xFF,
  0x80, 0x07, 0xE0, 0x03, 0xF0, 0x03, 0xF0, 0x00, 0x3F, 0x01, 0xF0, 0x00,
  0x07, 0xC0, 0x78, 0x0F, 0x18, 0x78, 0x3C, 0x0F, 0xFF, 0x1F, 0x1F, 0x0F,
  0xFF, 0xC3, 0xC7, 0x83, 0xF1, 0xF0, 0x79, 0xE1, 0xF8, 0x3C, 0x1E, 0xF0,
  0xFC, 0x07, 0x07, 0xBC, 0x3F, 0x00, 0xE1, 0xEF, 0x0F, 0x80, 0x00, 0x3F,
  0xC3, 0xE0, 0x00, 0x0F, 0xF0, 0xF8, 0x00, 0x03, 0xFC, 0x3E, 0x00, 0x00,
  0xFF, 0x0F, 0x80, 0x00, 0x3F, 0xC3, 0xF0, 0x00, 0x1E, 0xF0, 0xFC, 0x00,
  0x07, 0xBC, 0x3F, 0x80, 0xC1, 0xE7, 0x87, 0xF0, 0x78, 0x79, 0xE0, 0xFF,
  0xFC, 0x3C, 0x7C, 0x1F, 0xFE, 0x0F, 0x0F, 0x83, 0xFF, 0x07, 0x81, 0xE0,
  0x0C, 0x03, 0xE0, 0x7E, 0x00, 0x01, 0xF0, 0x0F, 0xE0, 0x01, 0xF8, 0x01,
  0xFF, 0x87, 0xFC, 0x00, 0x1F, 0xFF, 0xFC, 0x00, 0x01, 0xFF, 0xFC, 0x00,
  0x00, 0x07, 0xF8, 0x00, 0x00, 0x03, 0xF0, 0x01, 0xFF, 0xE0, 0x3F, 0xFF,
  0x07, 0xC3, 0xF0, 0x7C, 0x1F, 0x07, 0xC1, 0xF8, 0x78, 0x1F, 0x80, 0x01,
  0xF8, 0x03, 0xFF, 0x81, 0xFF, 0xF8, 0x7F, 0xDF, 0x87, 0xE1, 0xF8, 0xFC,
  0x1F, 0x8F, 0xE3, 0xF8, 0xFF, 0xFF, 0xE7, 0xFE, 0xFF, 0x7F, 0xEF, 0xF1,
  0xF8, 0x7C, 0x00, 0x20, 0x08, 0x00, 0xF0, 0x3C, 0x07, 0xC1, 0xF0, 0x1F,
  0x87, 0xE0, 0x7E, 0x1F, 0x81, 0xFC, 0x7F, 0x07, 0xF1, 0xFC, 0x1F, 0xC7,
  0xF0, 0x7F, 0x9F, 0xE0, 0xFE, 0x3F, 0x83, 0xFC, 0xFF, 0x03, 0xF8, 0xFE,
  0x07, 0xF9, 0xFE, 0x07, 0xF1, 0xFC, 0x07, 0xF1, 0xFC, 0x07, 0xF1, 0xFC,
  0x07, 0xE1, 0xF8, 0x07, 0xE1, 0xF8, 0x07, 0xE1, 0xF8, 0x03, 0xC0, 0xF0,
  0x02, 0x00, 0x80, 0xFF, 0xFF, 0xFF, 0xFF, 0xFF, 0xFF, 0xFF, 0xFF, 0xFF,
  0xFF, 0xFF, 0xFF, 0xF0, 0x00, 0x3F, 0x00, 0x03, 0xF0, 0x00, 0x3F, 0x00,
  0x03, 0xF0, 0x00, 0x3F, 0x00, 0x03, 0xF0, 0x00, 0x00, 0x40, 0x00, 0xFF,
  0x80, 0x7F, 0xFC, 0x1F, 0xFF, 0xC3, 0x80, 0xFC, 0xF9, 0x8F, 0x9F, 0x38,
  0xF7, 0xE7, 0x3F, 0xFC, 0xC7, 0xFF, 0x83, 0xFF, 0xF3, 0x3F, 0xFE, 0x63,
  0xF7, 0xCE, 0x3C, 0xF9, 0xC7, 0x9C, 0x0C, 0x61, 0xFF, 0xFC, 0x1F, 0xFF,
  0x01, 0xFF, 0x80, 0x07, 0x80, 0x00, 0xFF, 0xFF, 0xFF, 0xFF, 0xFF, 0xFF,
  0xFF, 0xFF, 0xFF, 0xE0, 0x1F, 0xE1, 0xFF, 0x9F, 0xFF, 0xF0, 0xFF, 0x07,
  0xF8, 0x3F, 0xC1, 0xFF, 0x0F, 0x7F, 0xFB, 0xFF, 0x87, 0xF8, 0x01, 0xF0,
  0x00, 0x1F, 0x00, 0x01, 0xF0, 0x00, 0x1F, 0x00, 0x01, 0xF0, 0x00, 0x1F,
  0x00, 0xFF, 0xFF, 0xFF, 0xFF, 0xFF, 0xFF, 0xFF, 0xFF, 0xFF, 0xFF, 0xFF,
  0xFF, 0xF0, 0x1F, 0x00, 0x01, 0xF0, 0x00, 0x1F, 0x00, 0x01, 0xF0, 0x00,
  0x1F, 0x00, 0x01, 0xF0, 0x00, 0x1F, 0x00, 0x00, 0x00, 0x00, 0x00, 0x00,
  0x00, 0x00, 0x0F, 0xFF, 0xFF, 0xFF, 0xFF, 0xFF, 0xFF, 0xFF, 0xFF, 0xFF,
  0xFF, 0xFF, 0xFF, 0x1F, 0xF8, 0x1F, 0xFF, 0x1F, 0xFF, 0xDE, 0x0F, 0xEF,
  0x83, 0xF7, 0xC1, 0xFB, 0xE0, 0xFC, 0x40, 0x7E, 0x00, 0x3F, 0x00, 0x3F,
  0x00, 0x3F, 0x00, 0x3F, 0x00, 0x3F, 0x00, 0x3F, 0x00, 0x3E, 0x0E, 0x3E,
  0x0F, 0x3E, 0x07, 0xBF, 0xFF, 0xFF, 0xFF, 0xEF, 0xFF, 0xF7, 0xFF, 0xF8,
  0x0F, 0xF8, 0x1F, 0xFF, 0x1F, 0xFF, 0xCF, 0x07, 0xEF, 0xC3, 0xF7, 0xE1,
  0xF9, 0xE0, 0xFC, 0x00, 0x7E, 0x00, 0x7E, 0x01, 0xFC, 0x01, 0xFC, 0x00,
  0xFF, 0xC0, 0x0F, 0xF0, 0x01, 0xFC, 0x00, 0x7E, 0x00, 0x3F, 0x20, 0x3F,
  0xBC, 0x3F, 0xFF, 0xFF, 0xCF, 0xFF, 0xC3, 0xFF, 0xC0, 0x7F, 0x80, 0x01,
  0x01, 0xF0, 0xFC, 0x3F, 0x1F, 0xCF, 0xE3, 0xF1, 0xF8, 0xF8, 0x3C, 0x04,
  0x00, 0xFF, 0x00, 0xFE, 0x0F, 0xF0, 0x0F, 0xE0, 0xFF, 0x00, 0xFE, 0x0F,
  0xF0, 0x0F, 0xE0, 0xFF, 0x00, 0xFE, 0x0F, 0xF0, 0x0F, 0xE0, 0xFF, 0x00,
  0xFE, 0x0F, 0xF0, 0x0F, 0xE0, 0xFF, 0x00, 0xFE, 0x0F, 0xF0, 0x0F, 0xE0,
  0xFF, 0x00, 0xFE, 0x0F, 0xF0, 0x0F, 0xE0, 0xFF, 0x00, 0xFE, 0x0F, 0xF0,
  0x0F, 0xE0, 0xFF, 0x00, 0xFE, 0x0F, 0xF0, 0x0F, 0xE0, 0xFF, 0x01, 0xFE,
  0x0F, 0xF0, 0x1F, 0xE0, 0xFF, 0x01, 0xFE, 0x0F, 0xF8, 0x7F, 0xF0, 0xFF,
  0xFF, 0x7F, 0xEF, 0xFF, 0xF7, 0xFE, 0xFF, 0xFE, 0x3F, 0xFF, 0xFF, 0xC1,
  0xFC, 0xFF, 0x30, 0x0E, 0x0F, 0xF0, 0x00, 0x00, 0xFF, 0x00, 0x00, 0x07,
  0xF0, 0x00, 0x00, 0x7F, 0x00, 0x00, 0x07, 0xF0, 0x00, 0x00, 0x7F, 0x00,
  0x00, 0x07, 0xF0, 0x00, 0x00, 0x7F, 0x80, 0x00, 0x07, 0xF8, 0x00, 0x00,
  0x60, 0x00, 0x00, 0x00, 0x00, 0xF8, 0xFF, 0xC1, 0xFE, 0x3F, 0xF0, 0xFF,
  0x8F, 0xFC, 0x7F, 0xE3, 0xFF, 0x3F, 0xF8, 0xFE, 0x1F, 0xFE, 0x3F, 0x87,
  0xFF, 0x8F, 0xE1, 0xFF, 0xE3, 0xF8, 0xFF, 0xF8, 0xFE, 0x3F, 0xFE, 0x3F,
  0x8F, 0xFF, 0x8F, 0xE3, 0xFF, 0xE3, 0xF8, 0xFF, 0xF8, 0xFE, 0x3F, 0xFE,
  0x3F, 0x87, 0xFF, 0x8F, 0xE1, 0xFF, 0xE3, 0xF8, 0x7F, 0xF8, 0xFE, 0x0F,
  0xFE, 0x3F, 0x81, 0xFF, 0x8F, 0xE0, 0x3F, 0xE3, 0xF8, 0x07, 0xF8, 0xFE,
  0x00, 0x1E, 0x3F, 0x80, 0x00, 0x0F, 0xE0, 0x00, 0x03, 0xF8, 0x00, 0x00,
  0xFE, 0x00, 0x00, 0x3F, 0x80, 0x00, 0x0F, 0xE0, 0x00, 0x03, 0xF8, 0x00,
  0x00, 0xFE, 0x00, 0x00, 0x3F, 0x80, 0x00, 0x0F, 0xE0, 0x00, 0x03, 0xF8,
  0x00, 0x00, 0xFE, 0x00, 0x00, 0x3F, 0x80, 0x00, 0x0F, 0xE0, 0x00, 0x03,
  0xF8, 0x00, 0x1F, 0xFE, 0x00, 0x07, 0xFF, 0x80, 0x01, 0xFF, 0xE0, 0x00,
  0x7F, 0xF8, 0x3F, 0x3F, 0xFF, 0xFF, 0xFF, 0xFB, 0xFD, 0xFC, 0x38, 0x0E,
  0x01, 0xE0, 0x1C, 0x03, 0xF8, 0x3F, 0xE1, 0xFE, 0x03, 0xF0, 0x3F, 0x43,
  0xFF, 0xFE, 0xFF, 0xE7, 0xFC, 0x0F, 0xE3, 0xFF, 0x8F, 0xFE, 0x3F, 0xF8,
  0x0F, 0xE0, 0x3F, 0x80, 0xFE, 0x03, 0xF8, 0x0F, 0xE0, 0x3F, 0x80, 0xFE,
  0x03, 0xF8, 0x0F, 0xE0, 0x3F, 0x80, 0xFE, 0x03, 0xF8, 0x0F, 0xE0, 0x3F,
  0x87, 0xFF, 0xDF, 0xFF, 0x7F, 0xFC, 0x01, 0xF8, 0x01, 0xFF, 0xE0, 0x7F,
  0xFE, 0x1F, 0xCF, 0xE7, 0xE0, 0xFC, 0xFC, 0x0F, 0xDF, 0x01, 0xFF, 0xE0,
  0x3F, 0xFC, 0x07, 0xFF, 0x80, 0xFF, 0xF0, 0x1F, 0xFF, 0x03, 0xF7, 0xE0,
  0x7E, 0xFC, 0x1F, 0x8F, 0xC7, 0xF1, 0xFF, 0xFC, 0x0F, 0xFE, 0x00, 0x7F,
  0x00, 0x20, 0x08, 0x01, 0xF0, 0x7C, 0x01, 0xF0, 0x7C, 0x03, 0xF0, 0xFC,
  0x03, 0xF0, 0xFC, 0x03, 0xF0, 0xFC, 0x07, 0xF1, 0xFC, 0x07, 0xF1, 0xFC,
  0x0F, 0xF3, 0xFC, 0x0F, 0xE3, 0xF8, 0x0F, 0xE3, 0xF8, 0x3F, 0x8F, 0xE0,
  0xFF, 0x3F, 0xC1, 0xFC, 0x7F, 0x07, 0xF1, 0xFC, 0x0F, 0xC3, 0xF0, 0x3F,
  0x0F, 0xC0, 0xFC, 0x3F, 0x01, 0xF0, 0x7C, 0x07, 0xC1, 0xF0, 0x03, 0x00,
  0xC0, 0x00, 0x0F, 0xE0, 0x00, 0x03, 0xF0, 0x03, 0xFF, 0x80, 0x00, 0x1F,
  0x80, 0x0F, 0xFE, 0x00, 0x00, 0x7E, 0x00, 0x3F, 0xF8, 0x00, 0x03, 0xF0,
  0x00, 0x0F, 0xE0, 0x00, 0x0F, 0xC0, 0x00, 0x3F, 0x80, 0x00, 0x7E, 0x00,
  0x00, 0xFE, 0x00, 0x01, 0xF0, 0x00, 0x03, 0xF8, 0x00, 0x0F, 0xC0, 0x00,
  0x0F, 0xE0, 0x00, 0x7E, 0x00, 0x00, 0x3F, 0x80, 0x01, 0xF8, 0x00, 0x00,
  0xFE, 0x00, 0x0F, 0xC0, 0x00, 0x03, 0xF8, 0x00, 0x3F, 0x00, 0x00, 0x0F,
  0xE0, 0x01, 0xF8, 0x07, 0xC0, 0x3F, 0x80, 0x07, 0xC0, 0x3F, 0x00, 0xFE,
  0x00, 0x3F, 0x01, 0xFC, 0x03, 0xF8, 0x01, 0xF8, 0x0F, 0xF0, 0x0F, 0xE0,
  0x07, 0xE0, 0x3F, 0xC0, 0x3F, 0x80, 0x3F, 0x01, 0xFF, 0x07, 0xFF, 0xC0,
  0xFC, 0x0F, 0xFC, 0x1F, 0xFF, 0x07, 0xE0, 0x7B, 0xF0, 0x7F, 0xFC, 0x1F,
  0x01, 0xEF, 0xC0, 0x00, 0x00, 0xFC, 0x0F, 0x3F, 0x00, 0x00, 0x07, 0xE0,
  0x78, 0xFC, 0x00, 0x00, 0x1F, 0x81, 0xC3, 0xF0, 0x00, 0x00, 0xFC, 0x0F,
  0x0F, 0xC0, 0x00, 0x03, 0xF0, 0x78, 0x3F, 0x00, 0x00, 0x1F, 0x81, 0xC0,
  0xFC, 0x00, 0x00, 0x7C, 0x0F, 0xFF, 0xFF, 0x00, 0x03, 0xF0, 0x1F, 0xFF,
  0xFC, 0x00, 0x1F, 0x80, 0x7F, 0xFF, 0xF0, 0x00, 0x7E, 0x00, 0x00, 0xFC,
  0x00, 0x03, 0xF0, 0x00, 0x03, 0xF0, 0x00, 0x0F, 0xC0, 0x00, 0x0F, 0xC0,
  0x00, 0x7E, 0x00, 0x00, 0x3F, 0x00, 0x03, 0xF0, 0x00, 0x00, 0x00, 0x00,
  0x0F, 0xE0, 0x00, 0x03, 0xF0, 0x01, 0xFF, 0xC0, 0x00, 0x0F, 0xC0, 0x03,
  0xFF, 0x80, 0x00, 0x1F, 0x80, 0x07, 0xFF, 0x00, 0x00, 0x7E, 0x00, 0x00,
  0xFE, 0x00, 0x00, 0xFC, 0x00, 0x01, 0xFC, 0x00, 0x03, 0xF0, 0x00, 0x03,
  0xF8, 0x00, 0x07, 0xC0, 0x00, 0x07, 0xF0, 0x00, 0x1F, 0x80, 0x00, 0x0F,
  0xE0, 0x00, 0x7E, 0x00, 0x00, 0x1F, 0xC0, 0x00, 0xFC, 0x00, 0x00, 0x3F,
  0x80, 0x03, 0xF0, 0x00, 0x00, 0x7F, 0x00, 0x07, 0xE0, 0x00, 0x00, 0xFE,
  0x00, 0x1F, 0x87, 0xFE, 0x01, 0xFC, 0x00, 0x3E, 0x1F, 0xFF, 0x03, 0xF8,
  0x00, 0xFC, 0x7F, 0xFF, 0x07, 0xF0, 0x03, 0xF1, 0xE0, 0xFE, 0x0F, 0xE0,
  0x07, 0xE3, 0xE0, 0xFC, 0x1F, 0xC0, 0x1F, 0x87, 0xC1, 0xF9, 0xFF, 0xF0,
  0x3F, 0x0F, 0x83, 0xF3, 0xFF, 0xE0, 0xFC, 0x04, 0x07, 0xE7, 0xFF, 0xC1,
  0xF0, 0x00, 0x0F, 0xC0, 0x00, 0x07, 0xE0, 0x00, 0x3F, 0x00, 0x00, 0x1F,
  0x80, 0x00, 0xFC, 0x00, 0x00, 0x3F, 0x00, 0x03, 0xF0, 0x00, 0x00, 0xFC,
  0x00, 0x0F, 0xC0, 0x00, 0x01, 0xF8, 0x00, 0x3F, 0x00, 0x00, 0x07, 0xE0,
  0x00, 0xF8, 0x38, 0x00, 0x0F, 0x80, 0x03, 0xE0, 0xF0, 0x00, 0x3F, 0x00,
  0x0F, 0x81, 0xE0, 0x00, 0xFC, 0x00, 0x3F, 0xFF, 0xC0, 0x01, 0xF8, 0x00,
  0xFF, 0xFF, 0x80, 0x07, 0xE0, 0x00, 0xFF, 0xFF, 0x00, 0x0F, 0xC0, 0x01,
  0xFF, 0xFE, 0x00, 0x3F, 0x00, 0x00, 0x00, 0x00, 0x00, 0xFC, 0x00, 0x00,
  0x00, 0x00, 0x00, 0x00, 0x00, 0x00, 0xFC, 0x00, 0x0F, 0xF8, 0x00, 0x01,
  0xF8, 0x00, 0x3F, 0xFE, 0x00, 0x01, 0xF8, 0x00, 0x7F, 0xFF, 0x00, 0x03,
  0xF0, 0x00, 0x78, 0x3F, 0x00, 0x03, 0xF0, 0x00, 0xFC, 0x3F, 0x00, 0x07,
  0xE0, 0x00, 0xFC, 0x3F, 0x00, 0x07, 0xC0, 0x00, 0x78, 0x3F, 0x00, 0x0F,
  0xC0, 0x00, 0x00, 0x3F, 0x00, 0x1F, 0x80, 0x00, 0x00, 0x7E, 0x00, 0x1F,
  0x80, 0x00, 0x03, 0xF8, 0x00, 0x3F, 0x00, 0x00, 0x07, 0xF0, 0x00, 0x3F,
  0x00, 0x00, 0x07, 0xFE, 0x00, 0x7E, 0x01, 0xF0, 0x00, 0xFF, 0x00, 0x7C,
  0x03, 0xF0, 0x00, 0x3F, 0x80, 0xFC, 0x07, 0xF0, 0x00, 0x1F, 0x81, 0xF8,
  0x0F, 0xF0, 0x00, 0x1F, 0x81, 0xF8, 0x0F, 0xF0, 0x20, 0x3F, 0x83, 0xF0,
  0x1F, 0xF0, 0x78, 0x7F, 0x83, 0xF0, 0x3F, 0xF0, 0xFF, 0xFF, 0x07, 0xE0,
  0x7B, 0xF0, 0x7F, 0xFE, 0x07, 0xC0, 0x7B, 0xF0, 0x3F, 0xFC, 0x0F, 0xC0,
  0xF3, 0xF0, 0x0F, 0xF0, 0x1F, 0x81, 0xE3, 0xF0, 0x00, 0x00, 0x1F, 0x81,
  0xC3, 0xF0, 0x00, 0x00, 0x3F, 0x03, 0xC3, 0xF0, 0x00, 0x00, 0x3F, 0x07,
  0x83, 0xF0, 0x00, 0x00, 0x7E, 0x07, 0x03, 0xF0, 0x00, 0x00, 0x7C, 0x0F,
  0xFF, 0xFF, 0x00, 0x00, 0xFC, 0x07, 0xFF, 0xFF, 0x00, 0x01, 0xF8, 0x07,
  0xFF, 0xFF, 0x00, 0x01, 0xF8, 0x00, 0x03, 0xF0, 0x00, 0x03, 0xF0, 0x00,
  0x03, 0xF0, 0x00, 0x03, 0xF0, 0x00, 0x03, 0xF0, 0x00, 0x07, 0xE0, 0x00,
  0x03, 0xF0, 0x00, 0x0F, 0xC0, 0x00, 0x00, 0x00, 0x00, 0x38, 0x00, 0x07,
  0xF0, 0x00, 0x3F, 0xC0, 0x03, 0xFE, 0x00, 0x1F, 0xF0, 0x00, 0x7F, 0x80,
  0x03, 0xF8, 0x00, 0x07, 0x00, 0x00, 0x00, 0x00, 0x00, 0x00, 0x00, 0x00,
  0x00, 0x00, 0xF8, 0x00, 0x07, 0xC0, 0x00, 0x3E, 0x00, 0x01, 0xF0, 0x00,
  0x1F, 0x80, 0x01, 0xFC, 0x00, 0x1F, 0xE0, 0x01, 0xFF, 0x00, 0x1F, 0xF0,
  0x01, 0xFF, 0x00, 0x1F, 0xF0, 0x01, 0xFF, 0x00, 0x1F, 0xF0, 0x00, 0xFF,
  0x01, 0xF7, 0xF8, 0x1F, 0xFF, 0x80, 0xFF, 0xFC, 0x03, 0xFF, 0xE0, 0x1F,
  0xFF, 0x80, 0x7D, 0xFF, 0x0F, 0xCF, 0xFF, 0xFC, 0x1F, 0xFF, 0xC0, 0x7F,
  0xF8, 0x00, 0x00, 0x0F, 0x00, 0x00, 0x00, 0x03, 0xF0, 0x00, 0x00, 0x00,
  0x7F, 0x00, 0x00, 0x00, 0x0F, 0xF0, 0x00, 0x00, 0x01, 0xFF, 0x00, 0x00,
  0x00, 0x0F, 0xF0, 0x00, 0x00, 0x00, 0x7F, 0x00, 0x00, 0x00, 0x03, 0xF0,
  0x00, 0x00, 0x00, 0x0C, 0x00, 0x00, 0x00, 0x00, 0x00, 0x00, 0x00, 0x00,
  0x00, 0x00, 0x00, 0x01, 0xFE, 0x00, 0x00, 0x00, 0x3F, 0xC0, 0x00, 0x00,
  0x0F, 0xFC, 0x00, 0x00, 0x01, 0xFF, 0x80, 0x00, 0x00, 0x7F, 0xF0, 0x00,
  0x00, 0x0F, 0xFF, 0x00, 0x00, 0x01, 0xEF, 0xE0, 0x00, 0x00, 0x7D, 0xFC,
  0x00, 0x00, 0x0F, 0xBF, 0xC0, 0x00, 0x01, 0xE3, 0xF8, 0x00, 0x00, 0x7C,
  0x7F, 0x00, 0x00, 0x0F, 0x8F, 0xF0, 0x00, 0x01, 0xE0, 0xFE, 0x00, 0x00,
  0x7C, 0x1F, 0xE0, 0x00, 0x0F, 0x83, 0xFC, 0x00, 0x03, 0xE0, 0x7F, 0x80,
  0x00, 0x7C, 0x07, 0xF8, 0x00, 0x0F, 0x80, 0xFF, 0x00, 0x03, 0xE0, 0x1F,
  0xE0, 0x00, 0x7F, 0xFF, 0xFE, 0x00, 0x0F, 0xFF, 0xFF, 0xC0, 0x03, 0xFF,
  0xFF, 0xF8, 0x00, 0x7F, 0xFF, 0xFF, 0x80, 0x0F, 0x80, 0x0F, 0xF0, 0x03,
  0xE0, 0x01, 0xFF, 0x00, 0x7C, 0x00, 0x1F, 0xE0, 0x0F, 0x80, 0x03, 0xFC,
  0x03, 0xE0, 0x00, 0x7F, 0xC0, 0xFC, 0x00, 0x0F, 0xF8, 0xFF, 0xF0, 0x0F,
  0xFF, 0xFF, 0xFF, 0x01, 0xFF, 0xFF, 0xFF, 0xE0, 0x3F, 0xFF, 0xFF, 0xFC,
  0x07, 0xFF, 0xF0, 0x00, 0x00, 0x0F, 0x00, 0x00, 0x00, 0x03, 0xE0, 0x00,
  0x00, 0x00, 0xFE, 0x00, 0x00, 0x00, 0x3F, 0xC0, 0x00, 0x00, 0x0F, 0xF0,
  0x00, 0x00, 0x07, 0xFC, 0x00, 0x00, 0x01, 0xFE, 0x00, 0x00, 0x00, 0x3E,
  0x00, 0x00, 0x00, 0x03, 0x00, 0x00, 0x00, 0x00, 0x00, 0x00, 0x00, 0x00,
  0x00, 0x00, 0x00, 0x00, 0x01, 0xFE, 0x00, 0x00, 0x00, 0x3F, 0xC0, 0x00,
  0x00, 0x0F, 0xFC, 0x00, 0x00, 0x01, 0xFF, 0x80, 0x00, 0x00, 0x7F, 0xF0,
  0x00, 0x00, 0x0F, 0xFF, 0x00, 0x00, 0x01, 0xEF, 0xE0, 0x00, 0x00, 0x7D,
  0xFC, 0x00, 0x00, 0x0F, 0xBF, 0xC0, 0x00, 0x01, 0xE3, 0xF8, 0x00, 0x00,
  0x7C, 0x7F, 0x00, 0x00, 0x0F, 0x8F, 0xF0, 0x00, 0x01, 0xE0, 0xFE, 0x00,
  0x00, 0x7C, 0x1F, 0xE0, 0x00, 0x0F, 0x83, 0xFC, 0x00, 0x03, 0xE0, 0x7F,
  0x80, 0x00, 0x7C, 0x07, 0xF8, 0x00, 0x0F, 0x80, 0xFF, 0x00, 0x03, 0xE0,
  0x1F, 0xE0, 0x00, 0x7F, 0xFF, 0xFE, 0x00, 0x0F, 0xFF, 0xFF, 0xC0, 0x03,
  0xFF, 0xFF, 0xF8, 0x00, 0x7F, 0xFF, 0xFF, 0x80, 0x0F, 0x80, 0x0F, 0xF0,
  0x03, 0xE0, 0x01, 0xFF, 0x00, 0x7C, 0x00, 0x1F, 0xE0, 0x0F, 0x80, 0x03,
  0xFC, 0x03, 0xE0, 0x00, 0x7F, 0xC0, 0xFC, 0x00, 0x0F, 0xF8, 0xFF, 0xF0,
  0x0F, 0xFF, 0xFF, 0xFF, 0x01, 0xFF, 0xFF, 0xFF, 0xE0, 0x3F, 0xFF, 0xFF,
  0xFC, 0x07, 0xFF, 0xF0, 0x00, 0x00, 0xE0, 0x00, 0x00, 0x00, 0x3F, 0x00,
  0x00, 0x00, 0x0F, 0xE0, 0x00, 0x00, 0x03, 0xFE, 0x00, 0x00, 0x00, 0x7F,
  0xE0, 0x00, 0x00, 0x1F, 0xFE, 0x00, 0x00, 0x07, 0xEF, 0xE0, 0x00, 0x01,
  0xF8, 0x7E, 0x00, 0x00, 0x7C, 0x03, 0xC0, 0x00, 0x06, 0x00, 0x30, 0x00,
  0x00, 0x00, 0x00, 0x00, 0x00, 0x00, 0x00, 0x00, 0x00, 0x00, 0x3F, 0xC0,
  0x00, 0x00, 0x07, 0xF8, 0x00, 0x00, 0x01, 0xFF, 0x80, 0x00, 0x00, 0x3F,
  0xF0, 0x00, 0x00, 0x0F, 0xFE, 0x00, 0x00, 0x01, 0xFF, 0xE0, 0x00, 0x00,
  0x3D, 0xFC, 0x00, 0x00, 0x0F, 0xBF, 0x80, 0x00, 0x01, 0xF7, 0xF8, 0x00,
  0x00, 0x3C, 0x7F, 0x00, 0x00, 0x0F, 0x8F, 0xE0, 0x00, 0x01, 0xF1, 0xFE,
  0x00, 0x00, 0x3C, 0x1F, 0xC0, 0x00, 0x0F, 0x83, 0xFC, 0x00, 0x01, 0xF0,
  0x7F, 0x80, 0x00, 0x7C, 0x0F, 0xF0, 0x00, 0x0F, 0x80, 0xFF, 0x00, 0x01,
  0xF0, 0x1F, 0xE0, 0x00, 0x7C, 0x03, 0xFC, 0x00, 0x0F, 0xFF, 0xFF, 0xC0,
  0x01, 0xFF, 0xFF, 0xF8, 0x00, 0x7F, 0xFF, 0xFF, 0x00, 0x0F, 0xFF, 0xFF,
  0xF0, 0x01, 0xF0, 0x01, 0xFE, 0x00, 0x7C, 0x00, 0x3F, 0xE0, 0x0F, 0x80,
  0x03, 0xFC, 0x01, 0xF0, 0x00, 0x7F, 0x80, 0x7C, 0x00, 0x0F, 0xF8, 0x1F,
  0x80, 0x01, 0xFF, 0x1F, 0xFE, 0x01, 0xFF, 0xFF, 0xFF, 0xE0, 0x3F, 0xFF,
  0xFF, 0xFC, 0x07, 0xFF, 0xFF, 0xFF, 0x80, 0xFF, 0xFE, 0x00, 0x0F, 0xC0,
  0x80, 0x00, 0x03, 0xFF, 0x3C, 0x00, 0x00, 0xFF, 0xFF, 0x00, 0x00, 0x1F,
  0xFF, 0xE0, 0x00, 0x07, 0xFF, 0xF8, 0x00, 0x00, 0xE1, 0xFE, 0x00, 0x00,
  0x04, 0x07, 0x80, 0x00, 0x00, 0x00, 0x00, 0x00, 0x00, 0x00, 0x00, 0x00,
  0x00, 0x00, 0x00, 0x00, 0x00, 0x00, 0x0F, 0xF0, 0x00, 0x00, 0x01, 0xFE,
  0x00, 0x00, 0x00, 0x7F, 0xE0, 0x00, 0x00, 0x0F, 0xFC, 0x00, 0x00, 0x03,
  0xFF, 0x80, 0x00, 0x00, 0x7F, 0xF8, 0x00, 0x00, 0x0F, 0x7F, 0x00, 0x00,
  0x03, 0xEF, 0xE0, 0x00, 0x00, 0x7D, 0xFE, 0x00, 0x00, 0x0F, 0x1F, 0xC0,
  0x00, 0x03, 0xE3, 0xF8, 0x00, 0x00, 0x7C, 0x7F, 0x80, 0x00, 0x0F, 0x07,
  0xF0, 0x00, 0x03, 0xE0, 0xFF, 0x00, 0x00, 0x7C, 0x1F, 0xE0, 0x00, 0x1F,
  0x03, 0xFC, 0x00, 0x03, 0xE0, 0x3F, 0xC0, 0x00, 0x7C, 0x07, 0xF8, 0x00,
  0x1F, 0x00, 0xFF, 0x00, 0x03, 0xFF, 0xFF, 0xF0, 0x00, 0x7F, 0xFF, 0xFE,
  0x00, 0x1F, 0xFF, 0xFF, 0xC0, 0x03, 0xFF, 0xFF, 0xFC, 0x00, 0x7C, 0x00,
  0x7F, 0x80, 0x1F, 0x00, 0x0F, 0xF8, 0x03, 0xE0, 0x00, 0xFF, 0x00, 0x7C,
  0x00, 0x1F, 0xE0, 0x1F, 0x00, 0x03, 0xFE, 0x07, 0xE0, 0x00, 0x7F, 0xC7,
  0xFF, 0x80, 0x7F, 0xFF, 0xFF, 0xF8, 0x0F, 0xFF, 0xFF, 0xFF, 0x01, 0xFF,
  0xFF, 0xFF, 0xE0, 0x3F, 0xFF, 0x80, 0x00, 0x1C, 0x03, 0x80, 0x00, 0x0F,
  0xE1, 0xF8, 0x00, 0x03, 0xFC, 0x7F, 0x80, 0x00, 0x7F, 0x8F, 0xF0, 0x00,
  0x0F, 0xF1, 0xFE, 0x00, 0x00, 0xFE, 0x3F, 0xC0, 0x00, 0x1F, 0x83, 0xF0,
  0x00, 0x00, 0xE0, 0x3C, 0x00, 0x00, 0x00, 0x00, 0x00, 0x00, 0x00, 0x00,
  0x00, 0x00, 0x00, 0x00, 0x00, 0x00, 0x00, 0x01, 0xFE, 0x00, 0x00, 0x00,
  0x3F, 0xC0, 0x00, 0x00, 0x0F, 0xFC, 0x00, 0x00, 0x01, 0xFF, 0x80, 0x00,
  0x00, 0x7F, 0xF0, 0x00, 0x00, 0x0F, 0xFF, 0x00, 0x00, 0x01, 0xEF, 0xE0,
  0x00, 0x00, 0x7D, 0xFC, 0x00, 0x00, 0x0F, 0xBF, 0xC0, 0x00, 0x01, 0xE3,
  0xF8, 0x00, 0x00, 0x7C, 0x7F, 0x00, 0x00, 0x0F, 0x8F, 0xF0, 0x00, 0x01,
  0xE0, 0xFE, 0x00, 0x00, 0x7C, 0x1F, 0xE0, 0x00, 0x0F, 0x83, 0xFC, 0x00,
  0x03, 0xE0, 0x7F, 0x80, 0x00, 0x7C, 0x07, 0xF8, 0x00, 0x0F, 0x80, 0xFF,
  0x00, 0x03, 0xE0, 0x1F, 0xE0, 0x00, 0x7F, 0xFF, 0xFE, 0x00, 0x0F, 0xFF,
  0xFF, 0xC0, 0x03, 0xFF, 0xFF, 0xF8, 0x00, 0x7F, 0xFF, 0xFF, 0x80, 0x0F,
  0x80, 0x0F, 0xF0, 0x03, 0xE0, 0x01, 0xFF, 0x00, 0x7C, 0x00, 0x1F, 0xE0,
  0x0F, 0x80, 0x03, 0xFC, 0x03, 0xE0, 0x00, 0x7F, 0xC0, 0xFC, 0x00, 0x0F,
  0xF8, 0xFF, 0xF0, 0x0F, 0xFF, 0xFF, 0xFF, 0x01, 0xFF, 0xFF, 0xFF, 0xE0,
  0x3F, 0xFF, 0xFF, 0xFC, 0x07, 0xFF, 0xF0, 0x00, 0x00, 0x70, 0x00, 0x00,
  0x00, 0xFF, 0x80, 0x00, 0x00, 0x3F, 0xF8, 0x00, 0x00, 0x07, 0x8F, 0x80,
  0x00, 0x01, 0xF0, 0xF0, 0x00, 0x00, 0x3E, 0x1E, 0x00, 0x00, 0x07, 0xC3,
  0xC0, 0x00, 0x00, 0xF8, 0xF8, 0x00, 0x00, 0x0F, 0xFF, 0x00, 0x00, 0x00,
  0xFF, 0xC0, 0x00, 0x00, 0x0F, 0xE0, 0x00, 0x00, 0x00, 0x00, 0x00, 0x00,
  0x00, 0x00, 0x00, 0x00, 0x00, 0x07, 0xF8, 0x00, 0x00, 0x00, 0xFF, 0x00,
  0x00, 0x00, 0x3F, 0xF0, 0x00, 0x00, 0x07, 0xFE, 0x00, 0x00, 0x01, 0xFF,
  0xC0, 0x00, 0x00, 0x3F, 0xFC, 0x00, 0x00, 0x07, 0xBF, 0x80, 0x00, 0x01,
  0xF7, 0xF0, 0x00, 0x00, 0x3E, 0xFF, 0x00, 0x00, 0x07, 0x8F, 0xE0, 0x00,
  0x01, 0xF1, 0xFC, 0x00, 0x00, 0x3E, 0x3F, 0xC0, 0x00, 0x07, 0x83, 0xF8,
  0x00, 0x01, 0xF0, 0x7F, 0x80, 0x00, 0x3E, 0x0F, 0xF0, 0x00, 0x0F, 0x81,
  0xFE, 0x00, 0x01, 0xF0, 0x1F, 0xE0, 0x00, 0x3E, 0x03, 0xFC, 0x00, 0x0F,
  0x80, 0x7F, 0x80, 0x01, 0xFF, 0xFF, 0xF8, 0x00, 0x3F, 0xFF, 0xFF, 0x00,
  0x0F, 0xFF, 0xFF, 0xE0, 0x01, 0xFF, 0xFF, 0xFE, 0x00, 0x3E, 0x00, 0x3F,
  0xC0, 0x0F, 0x80, 0x07, 0xFC, 0x01, 0xF0, 0x00, 0x7F, 0x80, 0x3E, 0x00,
  0x0F, 0xF0, 0x0F, 0x80, 0x01, 0xFF, 0x03, 0xF0, 0x00, 0x3F, 0xE3, 0xFF,
  0xC0, 0x3F, 0xFF, 0xFF, 0xFC, 0x07, 0xFF, 0xFF, 0xFF, 0x80, 0xFF, 0xFF,
  0xFF, 0xF0, 0x1F, 0xFF, 0xC0, 0x00, 0x0F, 0xFF, 0xFF, 0xFF, 0xF8, 0x00,
  0x1F, 0xFF, 0xFF, 0xFF, 0xF0, 0x00, 0x3F, 0xFF, 0xFF, 0xFF, 0xE0, 0x00,
  0x7F, 0xFF, 0xFF, 0xFF, 0xC0, 0x00, 0x1F, 0x1F, 0xE0, 0x1F, 0x80, 0x00,
  0x3E, 0x3F, 0xC0, 0x1F, 0x80, 0x00, 0xF8, 0x7F, 0x80, 0x1F, 0x00, 0x01,
  0xF0, 0xFF, 0x00, 0x3E, 0x00, 0x07, 0xC1, 0xFE, 0x00, 0x3C, 0x00, 0x0F,
  0x83, 0xFC, 0x00, 0x40, 0x00, 0x3E, 0x07, 0xF8, 0x00, 0x00, 0x00, 0x7C,
  0x0F, 0xF0, 0x38, 0x00, 0x01, 0xF8, 0x1F, 0xE0, 0x70, 0x00, 0x03, 0xE0,
  0x3F, 0xC0, 0xE0, 0x00, 0x0F, 0xC0, 0x7F, 0x83, 0xC0, 0x00, 0x1F, 0xFF,
  0xFF, 0xFF, 0x80, 0x00, 0x7F, 0xFF, 0xFF, 0xFF, 0x00, 0x00, 0xFF, 0xFF,
  0xFF, 0xFE, 0x00, 0x03, 0xFF, 0xFF, 0xFF, 0xFC, 0x00, 0x07, 0xC0, 0x0F,
  0xF0, 0x78, 0x00, 0x0F, 0x80, 0x1F, 0xE0, 0x70, 0x00, 0x3E, 0x00, 0x3F,
  0xC0, 0xE0, 0x00, 0x7C, 0x00, 0x7F, 0x81, 0x00, 0x01, 0xF0, 0x00, 0xFF,
  0x00, 0x0F, 0x03, 0xE0, 0x01, 0xFE, 0x00, 0x3E, 0x0F, 0x80, 0x03, 0xFC,
  0x00, 0x7C, 0x1F, 0x00, 0x07, 0xF8, 0x00, 0xF8, 0x7E, 0x00, 0x0F, 0xF0,
  0x03, 0xE1, 0xFC, 0x00, 0x1F, 0xE0, 0x0F, 0xDF, 0xFF, 0x01, 0xFF, 0xFF,
  0xFF, 0xBF, 0xFE, 0x03, 0xFF, 0xFF, 0xFF, 0x7F, 0xFC, 0x07, 0xFF, 0xFF,
  0xFE, 0xFF, 0xF8, 0x0F, 0xFF, 0xFF, 0xFC, 0x00, 0x01, 0x80, 0xE0, 0x01,
  0xFF, 0xC7, 0x00, 0x3F, 0xFF, 0xF8, 0x07, 0xFF, 0xFF, 0xE0, 0x7F, 0xFF,
  0xFF, 0x07, 0xFE, 0x0F, 0xF8, 0x7F, 0xC0, 0x1F, 0xC3, 0xFC, 0x00, 0x7E,
  0x3F, 0xC0, 0x01, 0xF1, 0xFC, 0x00, 0x07, 0x9F, 0xE0, 0x00, 0x3E, 0xFF,
  0x00, 0x01, 0xF7, 0xF8, 0x00, 0x04, 0x7F, 0x80, 0x00, 0x03, 0xFC, 0x00,
  0x00, 0x1F, 0xE0, 0x00, 0x00, 0xFF, 0x00, 0x00, 0x07, 0xF8, 0x00, 0x00,
  0x3F, 0xC0, 0x00, 0x01, 0xFE, 0x00, 0x00, 0x0F, 0xF8, 0x00, 0x00, 0x7F,
  0xC0, 0x00, 0x03, 0xFE, 0x00, 0x00, 0x0F, 0xF0, 0x00, 0x00, 0x7F, 0xC0,
  0x00, 0x03, 0xFE, 0x00, 0x01, 0x0F, 0xF8, 0x00, 0x1C, 0x7F, 0xE0, 0x01,
  0xF1, 0xFF, 0xC0, 0x3F, 0x87, 0xFF, 0xFF, 0xF8, 0x1F, 0xFF, 0xFF, 0x80,
  0x7F, 0xFF, 0xF8, 0x01, 0xFF, 0xFF, 0x00, 0x03, 0xFF, 0xE0, 0x00, 0x01,
  0xF0, 0x00, 0x00, 0x0F, 0x00, 0x00, 0x00, 0x7E, 0x00, 0x00, 0x07, 0xFC,
  0x00, 0x00, 0x1F, 0xE0, 0x00, 0x00, 0x1F, 0x80, 0x00, 0x00, 0x7C, 0x00,
  0x00, 0x87, 0xE0, 0x00, 0x07, 0xFE, 0x00, 0x00, 0x7F, 0xF0, 0x00, 0x00,
  0xFF, 0x00, 0x00, 0x00, 0xF0, 0x00, 0x00, 0x1F, 0x80, 0x00, 0x01, 0xFC,
  0x00, 0x00, 0x1F, 0xE0, 0x00, 0x01, 0xFF, 0x00, 0x00, 0x07, 0xF8, 0x00,
  0x00, 0x1F, 0xC0, 0x00, 0x00, 0x7E, 0x00, 0x00, 0x00, 0xC0, 0x00, 0x00,
  0x00, 0x00, 0x00, 0x00, 0x00, 0x0F, 0xFF, 0xFF, 0xF8, 0xFF, 0xFF, 0xFF,
  0x8F, 0xFF, 0xFF, 0xFC, 0xFF, 0xFF, 0xFF, 0xC1, 0xFF, 0x01, 0xFC, 0x0F,
  0xF0, 0x07, 0xC0, 0xFF, 0x00, 0x7C, 0x0F, 0xF0, 0x03, 0xC0, 0xFF, 0x00,
  0x3E, 0x0F, 0xF0, 0x02, 0x00, 0xFF, 0x00, 0x00, 0x0F, 0xF0, 0x78, 0x00,
  0xFF, 0x07, 0x80, 0x0F, 0xF0, 0x78, 0x00, 0xFF, 0xFF, 0x80, 0x0F, 0xFF,
  0xF8, 0x00, 0xFF, 0xFF, 0x80, 0x0F, 0xFF, 0xF8, 0x00, 0xFF, 0x1F, 0x80,
  0x0F, 0xF0, 0x78, 0x00, 0xFF, 0x07, 0x80, 0x0F, 0xF0, 0x78, 0x00, 0xFF,
  0x00, 0x00, 0x0F, 0xF0, 0x01, 0xF0, 0xFF, 0x00, 0x1E, 0x0F, 0xF0, 0x03,
  0xE0, 0xFF, 0x00, 0x3E, 0x0F, 0xF0, 0x07, 0xE0, 0xFF, 0x00, 0xFE, 0x7F,
  0xFF, 0xFF, 0xEF, 0xFF, 0xFF, 0xFE, 0xFF, 0xFF, 0xFF, 0xEF, 0xFF, 0xFF,
  0xFC, 0x00, 0x00, 0xF0, 0x00, 0x00, 0x1F, 0x00, 0x00, 0x03, 0xF8, 0x00,
  0x00, 0x7F, 0x80, 0x00, 0x0F, 0xF0, 0x00, 0x03, 0xFE, 0x00, 0x00, 0x7F,
  0x80, 0x00, 0x07, 0xC0, 0x00, 0x00, 0x30, 0x00, 0x00, 0x00, 0x00, 0x00,
  0x00, 0x00, 0x00, 0x0F, 0xFF, 0xFF, 0xF8, 0xFF, 0xFF, 0xFF, 0x8F, 0xFF,
  0xFF, 0xFC, 0xFF, 0xFF, 0xFF, 0xC1, 0xFF, 0x01, 0xFC, 0x0F, 0xF0, 0x07,
  0xC0, 0xFF, 0x00, 0x7C, 0x0F, 0xF0, 0x03, 0xC0, 0xFF, 0x00, 0x3E, 0x0F,
  0xF0, 0x02, 0x00, 0xFF, 0x00, 0x00, 0x0F, 0xF0, 0x78, 0x00, 0xFF, 0x07,
  0x80, 0x0F, 0xF0, 0x78, 0x00, 0xFF, 0xFF, 0x80, 0x0F, 0xFF, 0xF8, 0x00,
  0xFF, 0xFF, 0x80, 0x0F, 0xFF, 0xF8, 0x00, 0xFF, 0x1F, 0x80, 0x0F, 0xF0,
  0x78, 0x00, 0xFF, 0x07, 0x80, 0x0F, 0xF0, 0x78, 0x00, 0xFF, 0x00, 0x00,
  0x0F, 0xF0, 0x01, 0xF0, 0xFF, 0x00, 0x1E, 0x0F, 0xF0, 0x03, 0xE0, 0xFF,
  0x00, 0x3E, 0x0F, 0xF0, 0x07, 0xE0, 0xFF, 0x00, 0xFE, 0x7F, 0xFF, 0xFF,
  0xEF, 0xFF, 0xFF, 0xFE, 0xFF, 0xFF, 0xFF, 0xEF, 0xFF, 0xFF, 0xFC, 0x00,
  0x0E, 0x00, 0x00, 0x01, 0xF8, 0x00, 0x00, 0x3F, 0x80, 0x00, 0x07, 0xFC,
  0x00, 0x00, 0x7F, 0xE0, 0x00, 0x0F, 0xFF, 0x00, 0x01, 0xFB, 0xF8, 0x00,
  0x3F, 0x0F, 0xC0, 0x07, 0xC0, 0x3C, 0x00, 0x30, 0x01, 0x80, 0x00, 0x00,
  0x00, 0x00, 0x00, 0x00, 0x00, 0xFF, 0xFF, 0xFF, 0x8F, 0xFF, 0xFF, 0xF8,
  0xFF, 0xFF, 0xFF, 0xCF, 0xFF, 0xFF, 0xFC, 0x1F, 0xF0, 0x1F, 0xC0, 0xFF,
  0x00, 0x7C, 0x0F, 0xF0, 0x07, 0xC0, 0xFF, 0x00, 0x3C, 0x0F, 0xF0, 0x03,
  0xE0, 0xFF, 0x00, 0x20, 0x0F, 0xF0, 0x00, 0x00, 0xFF, 0x07, 0x80, 0x0F,
  0xF0, 0x78, 0x00, 0xFF, 0x07, 0x80, 0x0F, 0xFF, 0xF8, 0x00, 0xFF, 0xFF,
  0x80, 0x0F, 0xFF, 0xF8, 0x00, 0xFF, 0xFF, 0x80, 0x0F, 0xF1, 0xF8, 0x00,
  0xFF, 0x07, 0x80, 0x0F, 0xF0, 0x78, 0x00, 0xFF, 0x07, 0x80, 0x0F, 0xF0,
  0x00, 0x00, 0xFF, 0x00, 0x1F, 0x0F, 0xF0, 0x01, 0xE0, 0xFF, 0x00, 0x3E,
  0x0F, 0xF0, 0x03, 0xE0, 0xFF, 0x00, 0x7E, 0x0F, 0xF0, 0x0F, 0xE7, 0xFF,
  0xFF, 0xFE, 0xFF, 0xFF, 0xFF, 0xEF, 0xFF, 0xFF, 0xFE, 0xFF, 0xFF, 0xFF,
  0xC0, 0x01, 0xC0, 0x38, 0x00, 0x7F, 0x0F, 0xC0, 0x0F, 0xF1, 0xFE, 0x00,
  0xFF, 0x1F, 0xE0, 0x0F, 0xF1, 0xFE, 0x00, 0x7F, 0x1F, 0xE0, 0x07, 0xE0,
  0xFC, 0x00, 0x1C, 0x07, 0x80, 0x00, 0x00, 0x00, 0x00, 0x00, 0x00, 0x00,
  0x00, 0x00, 0x00, 0x0F, 0xFF, 0xFF, 0xF8, 0xFF, 0xFF, 0xFF, 0x8F, 0xFF,
  0xFF, 0xFC, 0xFF, 0xFF, 0xFF, 0xC1, 0xFF, 0x01, 0xFC, 0x0F, 0xF0, 0x07,
  0xC0, 0xFF, 0x00, 0x7C, 0x0F, 0xF0, 0x03, 0xC0, 0xFF, 0x00, 0x3E, 0x0F,
  0xF0, 0x02, 0x00, 0xFF, 0x00, 0x00, 0x0F, 0xF0, 0x78, 0x00, 0xFF, 0x07,
  0x80, 0x0F, 0xF0, 0x78, 0x00, 0xFF, 0xFF, 0x80, 0x0F, 0xFF, 0xF8, 0x00,
  0xFF, 0xFF, 0x80, 0x0F, 0xFF, 0xF8, 0x00, 0xFF, 0x1F, 0x80, 0x0F, 0xF0,
  0x78, 0x00, 0xFF, 0x07, 0x80, 0x0F, 0xF0, 0x78, 0x00, 0xFF, 0x00, 0x00,
  0x0F, 0xF0, 0x01, 0xF0, 0xFF, 0x00, 0x1E, 0x0F, 0xF0, 0x03, 0xE0, 0xFF,
  0x00, 0x3E, 0x0F, 0xF0, 0x07, 0xE0, 0xFF, 0x00, 0xFE, 0x7F, 0xFF, 0xFF,
  0xEF, 0xFF, 0xFF, 0xFE, 0xFF, 0xFF, 0xFF, 0xEF, 0xFF, 0xFF, 0xFC, 0x3C,
  0x00, 0xFC, 0x01, 0xFC, 0x03, 0xFC, 0x07, 0xFC, 0x03, 0xFC, 0x01, 0xFC,
  0x00, 0xFC, 0x00, 0x30, 0x00, 0x00, 0x00, 0x07, 0xFF, 0xFF, 0xFF, 0xFF,
  0xFF, 0xFF, 0xFF, 0x87, 0xF8, 0x0F, 0xF0, 0x1F, 0xE0, 0x3F, 0xC0, 0x7F,
  0x80, 0xFF, 0x01, 0xFE, 0x03, 0xFC, 0x07, 0xF8, 0x0F, 0xF0, 0x1F, 0xE0,
  0x3F, 0xC0, 0x7F, 0x80, 0xFF, 0x01, 0xFE, 0x03, 0xFC, 0x07, 0xF8, 0x0F,
  0xF0, 0x1F, 0xE0, 0x3F, 0xC0, 0x7F, 0x80, 0xFF, 0x01, 0xFE, 0x03, 0xFC,
  0x07, 0xF8, 0x7F, 0xFF, 0xFF, 0xFF, 0xFF, 0xFF, 0xFF, 0xF0, 0x00, 0x3C,
  0x00, 0xF8, 0x03, 0xF8, 0x0F, 0xF0, 0x3F, 0xC1, 0xFF, 0x07, 0xF8, 0x0F,
  0x80, 0x0C, 0x00, 0x00, 0x00, 0x00, 0x07, 0xFF, 0xFF, 0xFF, 0xFF, 0xFF,
  0xFF, 0xFF, 0x87, 0xF8, 0x0F, 0xF0, 0x1F, 0xE0, 0x3F, 0xC0, 0x7F, 0x80,
  0xFF, 0x01, 0xFE, 0x03, 0xFC, 0x07, 0xF8, 0x0F, 0xF0, 0x1F, 0xE0, 0x3F,
  0xC0, 0x7F, 0x80, 0xFF, 0x01, 0xFE, 0x03, 0xFC, 0x07, 0xF8, 0x0F, 0xF0,
  0x1F, 0xE0, 0x3F, 0xC0, 0x7F, 0x80, 0xFF, 0x01, 0xFE, 0x03, 0xFC, 0x07,
  0xF8, 0x7F, 0xFF, 0xFF, 0xFF, 0xFF, 0xFF, 0xFF, 0xF0, 0x01, 0xC0, 0x01,
  0xF8, 0x01, 0xFC, 0x01, 0xFF, 0x00, 0xFF, 0xC0, 0xFF, 0xF0, 0xFD, 0xFC,
  0xFC, 0x3F, 0xF8, 0x07, 0xB0, 0x01, 0x80, 0x00, 0x00, 0x00, 0x07, 0xFF,
  0xF3, 0xFF, 0xF9, 0xFF, 0xFC, 0xFF, 0xFE, 0x07, 0xF8, 0x03, 0xFC, 0x01,
  0xFE, 0x00, 0xFF, 0x00, 0x7F, 0x80, 0x3F, 0xC0, 0x1F, 0xE0, 0x0F, 0xF0,
  0x07, 0xF8, 0x03, 0xFC, 0x01, 0xFE, 0x00, 0xFF, 0x00, 0x7F, 0x80, 0x3F,
  0xC0, 0x1F, 0xE0, 0x0F, 0xF0, 0x07, 0xF8, 0x03, 0xFC, 0x01, 0xFE, 0x00,
  0xFF, 0x00, 0x7F, 0x80, 0x3F, 0xC0, 0x1F, 0xE0, 0x0F, 0xF0, 0x07, 0xF8,
  0x1F, 0xFF, 0x9F, 0xFF, 0xCF, 0xFF, 0xE7, 0xFF, 0xF0, 0x1C, 0x03, 0x8F,
  0xE1, 0xFB, 0xFC, 0x7F, 0xFF, 0x8F, 0xFF, 0xF1, 0xFE, 0xFE, 0x3F, 0xDF,
  0x83, 0xF0, 0xE0, 0x3C, 0x00, 0x00, 0x00, 0x00, 0x00, 0x00, 0x00, 0x1F,
  0xFF, 0xC3, 0xFF, 0xF8, 0x7F, 0xFF, 0x0F, 0xFF, 0xE0, 0x1F, 0xE0, 0x03,
  0xFC, 0x00, 0x7F, 0x80, 0x0F, 0xF0, 0x01, 0xFE, 0x00, 0x3F, 0xC0, 0x07,
  0xF8, 0x00, 0xFF, 0x00, 0x1F, 0xE0, 0x03, 0xFC, 0x00, 0x7F, 0x80, 0x0F,
  0xF0, 0x01, 0xFE, 0x00, 0x3F, 0xC0, 0x07, 0xF8, 0x00, 0xFF, 0x00, 0x1F,
  0xE0, 0x03, 0xFC, 0x00, 0x7F, 0x80, 0x0F, 0xF0, 0x01, 0xFE, 0x00, 0x3F,
  0xC0, 0x07, 0xF8, 0x00, 0xFF, 0x00, 0x1F, 0xE0, 0x1F, 0xFF, 0x87, 0xFF,
  0xF0, 0xFF, 0xFE, 0x1F, 0xFF, 0xC0, 0x7F, 0xFF, 0xF8, 0x00, 0x1F, 0xFF,
  0xFF, 0xE0, 0x07, 0xFF, 0xFF, 0xFE, 0x01, 0xFF, 0xFF, 0xFF, 0xC0, 0x0F,
  0xF8, 0xFF, 0xFC, 0x01, 0xFE, 0x01, 0xFF, 0x80, 0x7F, 0x80, 0x3F, 0xE0,
  0x1F, 0xE0, 0x07, 0xFC, 0x07, 0xF8, 0x00, 0xFF, 0x01, 0xFE, 0x00, 0x3F,
  0xE0, 0x7F, 0x80, 0x07, 0xF8, 0x1F, 0xE0, 0x01, 0xFE, 0x07, 0xF8, 0x00,
  0x7F, 0x81, 0xFE, 0x00, 0x1F, 0xEF, 0xFF, 0xFE, 0x07, 0xFF, 0xFF, 0xFF,
  0x81, 0xFF, 0xFF, 0xFF, 0xE0, 0x7F, 0xFF, 0xFF, 0xF8, 0x1F, 0xF0, 0x7F,
  0x80, 0x07, 0xF8, 0x1F, 0xE0, 0x01, 0xFE, 0x07, 0xF8, 0x00, 0x7F, 0x81,
  0xFE, 0x00, 0x1F, 0xE0, 0x7F, 0x80, 0x0F, 0xF8, 0x1F, 0xE0, 0x03, 0xFC,
  0x07, 0xF8, 0x00, 0xFF, 0x01, 0xFE, 0x00, 0x7F, 0x80, 0x7F, 0x80, 0x3F,
  0xC0, 0x1F, 0xE0, 0x1F, 0xF0, 0x07, 0xF8, 0x7F, 0xF8, 0x0F, 0xFF, 0xFF,
  0xF8, 0x07, 0xFF, 0xFF, 0xFC, 0x01, 0xFF, 0xFF, 0xFC, 0x00, 0x7F, 0xFF,
  0xF0, 0x00, 0x00, 0x00, 0x0F, 0xC0, 0x80, 0x00, 0x03, 0xFF, 0x3C, 0x00,
  0x00, 0xFF, 0xFF, 0x00, 0x00, 0x1F, 0xFF, 0xE0, 0x00, 0x07, 0xFF, 0xF8,
  0x00, 0x00, 0xE1, 0xFE, 0x00, 0x00, 0x04, 0x07, 0x80, 0x00, 0x00, 0x00,
  0x00, 0x00, 0x00, 0x00, 0x00, 0x00, 0x00, 0x00, 0x00, 0x00, 0x03, 0xFF,
  0xE0, 0x07, 0xFF, 0xFF, 0xFC, 0x00, 0xFF, 0xFF, 0xFF, 0xC0, 0x1F, 0xFF,
  0xFF, 0xF8, 0x03, 0xFF, 0xC7, 0xFF, 0x80, 0x0F, 0xC0, 0x7F, 0xF8, 0x01,
  0xF8, 0x0F, 0xFF, 0x00, 0x3F, 0x01, 0xFF, 0xF0, 0x07, 0xE0, 0x3F, 0xFE,
  0x00, 0xFC, 0x07, 0xFF, 0xE0, 0x1F, 0x80, 0xFB, 0xFE, 0x03, 0xF0, 0x1F,
  0x7F, 0xC0, 0x7E, 0x03, 0xE7, 0xFC, 0x0F, 0xC0, 0x7C, 0x7F, 0x81, 0xF8,
  0x0F, 0x8F, 0xF8, 0x3F, 0x01, 0xF0, 0xFF, 0x87, 0xE0, 0x3E, 0x1F, 0xF0,
  0xFC, 0x07, 0xC1, 0xFF, 0x1F, 0x80, 0xF8, 0x1F, 0xE3, 0xF0, 0x1F, 0x03,
  0xFE, 0x7E, 0x03, 0xE0, 0x3F, 0xEF, 0xC0, 0x7C, 0x07, 0xFD, 0xF8, 0x0F,
  0x80, 0x7F, 0xFF, 0x01, 0xF0, 0x07, 0xFF, 0xE0, 0x3E, 0x00, 0xFF, 0xFC,
  0x07, 0xC0, 0x0F, 0xFF, 0x80, 0xF8, 0x00, 0xFF, 0xF0, 0x1F, 0x00, 0x1F,
  0xFE, 0x07, 0xE0, 0x01, 0xFF, 0xC3, 0xFF, 0x80, 0x3F, 0xF8, 0xFF, 0xF8,
  0x03, 0xFF, 0x1F, 0xFF, 0x00, 0x3F, 0xE3, 0xFF, 0xE0, 0x07, 0xFC, 0x00,
  0x00, 0x1E, 0x00, 0x00, 0x00, 0x1F, 0x80, 0x00, 0x00, 0x0F, 0xE0, 0x00,
  0x00, 0x07, 0xF8, 0x00, 0x00, 0x03, 0xFE, 0x00, 0x00, 0x00, 0x7F, 0x80,
  0x00, 0x00, 0x0F, 0xE0, 0x00, 0x00, 0x01, 0xF8, 0x00, 0x00, 0x00, 0x18,
  0x00, 0x00, 0x00, 0x00, 0x00, 0x00, 0x00, 0x68, 0x00, 0x00, 0x07, 0xFF,
  0xC0, 0x00, 0x0F, 0xFF, 0xF8, 0x00, 0x1F, 0xFF, 0xFF, 0x00, 0x1F, 0xFF,
  0xFF, 0xC0, 0x1F, 0xF0, 0x3F, 0xF0, 0x1F, 0xF0, 0x0F, 0xFC, 0x0F, 0xF0,
  0x01, 0xFE, 0x0F, 0xF0, 0x00, 0xFF, 0x87, 0xF0, 0x00, 0x3F, 0xC7, 0xF8,
  0x00, 0x1F, 0xF3, 0xFC, 0x00, 0x0F, 0xF9, 0xFE, 0x00, 0x03, 0xFD, 0xFE,
  0x00, 0x01, 0xFE, 0xFF, 0x00, 0x00, 0xFF, 0x7F, 0x80, 0x00, 0x7F, 0xFF,
  0xC0, 0x00, 0x3F, 0xFF, 0xE0, 0x00, 0x1F, 0xFF, 0xF0, 0x00, 0x0F, 0xF7,
  0xF8, 0x00, 0x07, 0xFB, 0xFC, 0x00, 0x03, 0xFD, 0xFF, 0x00, 0x01, 0xFE,
  0xFF, 0x80, 0x00, 0xFF, 0x3F, 0xC0, 0x00, 0x7F, 0x9F, 0xE0, 0x00, 0x7F,
  0x8F, 0xF8, 0x00, 0x3F, 0xC3, 0xFC, 0x00, 0x1F, 0xC1, 0xFF, 0x00, 0x1F,
  0xE0, 0x7F, 0xC0, 0x1F, 0xE0, 0x1F, 0xF8, 0x3F, 0xE0, 0x07, 0xFF, 0xFF,
  0xE0, 0x01, 0xFF, 0xFF, 0xE0, 0x00, 0x7F, 0xFF, 0xE0, 0x00, 0x0F, 0xFF,
  0xC0, 0x00, 0x00, 0x7C, 0x00, 0x00, 0x00, 0x00, 0x1E, 0x00, 0x00, 0x00,
  0x1F, 0x00, 0x00, 0x00, 0x1F, 0xC0, 0x00, 0x00, 0x1F, 0xE0, 0x00, 0x00,
  0x1F, 0xE0, 0x00, 0x00, 0x3F, 0xE0, 0x00, 0x00, 0x3F, 0xC0, 0x00, 0x00,
  0x1F, 0x00, 0x00, 0x00, 0x06, 0x00, 0x00, 0x00, 0x00, 0x00, 0x00, 0x00,
  0x00, 0x68, 0x00, 0x00, 0x07, 0xFF, 0xC0, 0x00, 0x0F, 0xFF, 0xF8, 0x00,
  0x1F, 0xFF, 0xFF, 0x00, 0x1F, 0xFF, 0xFF, 0xC0, 0x1F, 0xF0, 0x3F, 0xF0,
  0x1F, 0xF0, 0x0F, 0xFC, 0x0F, 0xF0, 0x01, 0xFE, 0x0F, 0xF0, 0x00, 0xFF,
  0x87, 0xF0, 0x00, 0x3F, 0xC7, 0xF8, 0x00, 0x1F, 0xF3, 0xFC, 0x00, 0x0F,
  0xF9, 0xFE, 0x00, 0x03, 0xFD, 0xFE, 0x00, 0x01, 0xFE, 0xFF, 0x00, 0x00,
  0xFF, 0x7F, 0x80, 0x00, 0x7F, 0xFF, 0xC0, 0x00, 0x3F, 0xFF, 0xE0, 0x00,
  0x1F, 0xFF, 0xF0, 0x00, 0x0F, 0xF7, 0xF8, 0x00, 0x07, 0xFB, 0xFC, 0x00,
  0x03, 0xFD, 0xFF, 0x00, 0x01, 0xFE, 0xFF, 0x80, 0x00, 0xFF, 0x3F, 0xC0,
  0x00, 0x7F, 0x9F, 0xE0, 0x00, 0x7F, 0x8F, 0xF8, 0x00, 0x3F, 0xC3, 0xFC,
  0x00, 0x1F, 0xC1, 0xFF, 0x00, 0x1F, 0xE0, 0x7F, 0xC0, 0x1F, 0xE0, 0x1F,
  0xF8, 0x3F, 0xE0, 0x07, 0xFF, 0xFF, 0xE0, 0x01, 0xFF, 0xFF, 0xE0, 0x00,
  0x7F, 0xFF, 0xE0, 0x00, 0x0F, 0xFF, 0xC0, 0x00, 0x00, 0x7C, 0x00, 0x00,
  0x00, 0x01, 0xC0, 0x00, 0x00, 0x01, 0xF8, 0x00, 0x00, 0x01, 0xFC, 0x00,
  0x00, 0x01, 0xFF, 0x00, 0x00, 0x00, 0xFF, 0xC0, 0x00, 0x00, 0xFF, 0xF0,
  0x00, 0x00, 0xFD, 0xFC, 0x00, 0x00, 0xFC, 0x3F, 0x00, 0x00, 0xF8, 0x07,
  0x80, 0x00, 0x30, 0x01, 0x80, 0x00, 0x00, 0x00, 0x00, 0x00, 0x00, 0x34,
  0x00, 0x00, 0x03, 0xFF, 0xE0, 0x00, 0x07, 0xFF, 0xFC, 0x00, 0x0F, 0xFF,
  0xFF, 0x80, 0x0F, 0xFF, 0xFF, 0xE0, 0x0F, 0xF8, 0x1F, 0xF8, 0x0F, 0xF8,
  0x07, 0xFE, 0x07, 0xF8, 0x00, 0xFF, 0x07, 0xF8, 0x00, 0x7F, 0xC3, 0xF8,
  0x00, 0x1F, 0xE3, 0xFC, 0x00, 0x0F, 0xF9, 0xFE, 0x00, 0x07, 0xFC, 0xFF,
  0x00, 0x01, 0xFE, 0xFF, 0x00, 0x00, 0xFF, 0x7F, 0x80, 0x00, 0x7F, 0xBF,
  0xC0, 0x00, 0x3F, 0xFF, 0xE0, 0x00, 0x1F, 0xFF, 0xF0, 0x00, 0x0F, 0xFF,
  0xF8, 0x00, 0x07, 0xFB, 0xFC, 0x00, 0x03, 0xFD, 0xFE, 0x00, 0x01, 0xFE,
  0xFF, 0x80, 0x00, 0xFF, 0x7F, 0xC0, 0x00, 0x7F, 0x9F, 0xE0, 0x00, 0x3F,
  0xCF, 0xF0, 0x00, 0x3F, 0xC7, 0xFC, 0x00, 0x1F, 0xE1, 0xFE, 0x00, 0x0F,
  0xE0, 0xFF, 0x80, 0x0F, 0xF0, 0x3F, 0xE0, 0x0F, 0xF0, 0x0F, 0xFC, 0x1F,
  0xF0, 0x03, 0xFF, 0xFF, 0xF0, 0x00, 0xFF, 0xFF, 0xF0, 0x00, 0x3F, 0xFF,
  0xF0, 0x00, 0x07, 0xFF, 0xE0, 0x00, 0x00, 0x3E, 0x00, 0x00, 0x00, 0x1F,
  0x81, 0x00, 0x00, 0x1F, 0xF9, 0xE0, 0x00, 0x1F, 0xFF, 0xE0, 0x00, 0x0F,
  0xFF, 0xF0, 0x00, 0x0F, 0xFF, 0xF0, 0x00, 0x07, 0x0F, 0xF0, 0x00, 0x00,
  0x80, 0xF0, 0x00, 0x00, 0x00, 0x00, 0x00, 0x00, 0x00, 0x00, 0x00, 0x00,
  0x00, 0xD0, 0x00, 0x00, 0x0F, 0xFF, 0x80, 0x00, 0x1F, 0xFF, 0xF0, 0x00,
  0x3F, 0xFF, 0xFE, 0x00, 0x3F, 0xFF, 0xFF, 0x80, 0x3F, 0xE0, 0x7F, 0xE0,
  0x3F, 0xE0, 0x1F, 0xF8, 0x1F, 0xE0, 0x03, 0xFC, 0x1F, 0xE0, 0x01, 0xFF,
  0x0F, 0xE0, 0x00, 0x7F, 0x8F, 0xF0, 0x00, 0x3F, 0xE7, 0xF8, 0x00, 0x1F,
  0xF3, 0xFC, 0x00, 0x07, 0xFB, 0xFC, 0x00, 0x03, 0xFD, 0xFE, 0x00, 0x01,
  0xFE, 0xFF, 0x00, 0x00, 0xFF, 0xFF, 0x80, 0x00, 0x7F, 0xFF, 0xC0, 0x00,
  0x3F, 0xFF, 0xE0, 0x00, 0x1F, 0xEF, 0xF0, 0x00, 0x0F, 0xF7, 0xF8, 0x00,
  0x07, 0xFB, 0xFE, 0x00, 0x03, 0xFD, 0xFF, 0x00, 0x01, 0xFE, 0x7F, 0x80,
  0x00, 0xFF, 0x3F, 0xC0, 0x00, 0xFF, 0x1F, 0xF0, 0x00, 0x7F, 0x87, 0xF8,
  0x00, 0x3F, 0x83, 0xFE, 0x00, 0x3F, 0xC0, 0xFF, 0x80, 0x3F, 0xC0, 0x3F,
  0xF0, 0x7F, 0xC0, 0x0F, 0xFF, 0xFF, 0xC0, 0x03, 0xFF, 0xFF, 0xC0, 0x00,
  0xFF, 0xFF, 0xC0, 0x00, 0x1F, 0xFF, 0x80, 0x00, 0x00, 0xF8, 0x00, 0x00,
  0x00, 0x38, 0x07, 0x00, 0x00, 0x7F, 0x0F, 0xC0, 0x00, 0x7F, 0x8F, 0xF0,
  0x00, 0x3F, 0xC7, 0xF8, 0x00, 0x1F, 0xE3, 0xFC, 0x00, 0x07, 0xF1, 0xFE,
  0x00, 0x03, 0xF0, 0x7E, 0x00, 0x00, 0x70, 0x1E, 0x00, 0x00, 0x00, 0x00,
  0x00, 0x00, 0x00, 0x00, 0x00, 0x00, 0x00, 0x68, 0x00, 0x00, 0x07, 0xFF,
  0xC0, 0x00, 0x0F, 0xFF, 0xF8, 0x00, 0x1F, 0xFF, 0xFF, 0x00, 0x1F, 0xFF,
  0xFF, 0xC0, 0x1F, 0xF0, 0x3F, 0xF0, 0x1F, 0xF0, 0x0F, 0xFC, 0x0F, 0xF0,
  0x01, 0xFE, 0x0F, 0xF0, 0x00, 0xFF, 0x87, 0xF0, 0x00, 0x3F, 0xC7, 0xF8,
  0x00, 0x1F, 0xF3, 0xFC, 0x00, 0x0F, 0xF9, 0xFE, 0x00, 0x03, 0xFD, 0xFE,
  0x00, 0x01, 0xFE, 0xFF, 0x00, 0x00, 0xFF, 0x7F, 0x80, 0x00, 0x7F, 0xFF,
  0xC0, 0x00, 0x3F, 0xFF, 0xE0, 0x00, 0x1F, 0xFF, 0xF0, 0x00, 0x0F, 0xF7,
  0xF8, 0x00, 0x07, 0xFB, 0xFC, 0x00, 0x03, 0xFD, 0xFF, 0x00, 0x01, 0xFE,
  0xFF, 0x80, 0x00, 0xFF, 0x3F, 0xC0, 0x00, 0x7F, 0x9F, 0xE0, 0x00, 0x7F,
  0x8F, 0xF8, 0x00, 0x3F, 0xC3, 0xFC, 0x00, 0x1F, 0xC1, 0xFF, 0x00, 0x1F,
  0xE0, 0x7F, 0xC0, 0x1F, 0xE0, 0x1F, 0xF8, 0x3F, 0xE0, 0x07, 0xFF, 0xFF,
  0xE0, 0x01, 0xFF, 0xFF, 0xE0, 0x00, 0x7F, 0xFF, 0xE0, 0x00, 0x0F, 0xFF,
  0xC0, 0x00, 0x00, 0x7C, 0x00, 0x00, 0x00, 0x02, 0x0C, 0x01, 0x87, 0x80,
  0xF3, 0xF0, 0x7E, 0xFE, 0x3F, 0xDF, 0xDF, 0xC3, 0xFF, 0xE0, 0x7F, 0xF0,
  0x0F, 0xF8, 0x01, 0xFC, 0x00, 0xFF, 0x80, 0x7F, 0xF0, 0x3F, 0xFE, 0x1F,
  0xDF, 0xCF, 0xE3, 0xFB, 0xF0, 0x7F, 0x78, 0x0F, 0x8C, 0x01, 0xC1, 0x00,
  0x20, 0x00, 0x00, 0xE0, 0x07, 0xC0, 0x07, 0xFF, 0xC3, 0xE0, 0x07, 0xFF,
  0xFD, 0xF8, 0x07, 0xFF, 0xFF, 0xFC, 0x03, 0xFF, 0xFF, 0xFE, 0x01, 0xFF,
  0x03, 0xFF, 0x00, 0xFF, 0x80, 0x3F, 0xE0, 0x3F, 0xC0, 0x07, 0xF8, 0x1F,
  0xE0, 0x03, 0xFF, 0x07, 0xF0, 0x01, 0xFF, 0xC3, 0xFC, 0x00, 0x7F, 0xF8,
  0xFF, 0x00, 0x3F, 0xFE, 0x3F, 0xC0, 0x1F, 0xFF, 0x9F, 0xE0, 0x0F, 0x9F,
  0xE7, 0xF8, 0x07, 0xC7, 0xF9, 0xFE, 0x03, 0xF1, 0xFF, 0x7F, 0x81, 0xF8,
  0x7F, 0xDF, 0xE0, 0x7C, 0x1F, 0xF7, 0xF8, 0x3E, 0x07, 0xF9, 0xFE, 0x1F,
  0x01, 0xFE, 0x7F, 0xCF, 0x80, 0x7F, 0x9F, 0xF7, 0xE0, 0x1F, 0xE7, 0xFF,
  0xF0, 0x07, 0xF8, 0xFF, 0xF8, 0x01, 0xFE, 0x3F, 0xFC, 0x00, 0xFF, 0x0F,
  0xFE, 0x00, 0x3F, 0xC1, 0xFF, 0x00, 0x0F, 0xE0, 0x7F, 0xC0, 0x07, 0xF8,
  0x0F, 0xF8, 0x03, 0xFC, 0x01, 0xFF, 0x83, 0xFE, 0x00, 0xFF, 0xFF, 0xFF,
  0x00, 0x7F, 0xFF, 0xFF, 0x80, 0x3E, 0xFF, 0xFF, 0xC0, 0x1F, 0x8F, 0xFF,
  0xC0, 0x0F, 0xC0, 0x3E, 0x00, 0x00, 0x00, 0x0F, 0x00, 0x00, 0x00, 0x0F,
  0xC0, 0x00, 0x00, 0x07, 0xF0, 0x00, 0x00, 0x03, 0xFC, 0x00, 0x00, 0x01,
  0xFF, 0x00, 0x00, 0x00, 0x3F, 0xC0, 0x00, 0x00, 0x07, 0xF0, 0x00, 0x00,
  0x00, 0xFC, 0x00, 0x00, 0x00, 0x0C, 0x00, 0x00, 0x00, 0x00, 0x00, 0x00,
  0x00, 0x00, 0x00, 0x1F, 0xFF, 0xC0, 0xFF, 0xFF, 0xFF, 0xE0, 0x7F, 0xFF,
  0xFF, 0xF0, 0x3F, 0xFF, 0xFF, 0xF8, 0x1F, 0xFE, 0x3F, 0xC0, 0x00, 0xF8,
  0x1F, 0xE0, 0x00, 0x7C, 0x0F, 0xF0, 0x00, 0x3E, 0x07, 0xF8, 0x00, 0x1F,
  0x03, 0xFC, 0x00, 0x0F, 0x81, 0xFE, 0x00, 0x07, 0xC0, 0xFF, 0x00, 0x03,
  0xE0, 0x7F, 0x80, 0x01, 0xF0, 0x3F, 0xC0, 0x00, 0xF8, 0x1F, 0xE0, 0x00,
  0x7C, 0x0F, 0xF0, 0x00, 0x3E, 0x07, 0xF8, 0x00, 0x1F, 0x03, 0xFC, 0x00,
  0x0F, 0x81, 0xFE, 0x00, 0x07, 0xC0, 0xFF, 0x00, 0x03, 0xE0, 0x7F, 0x80,
  0x01, 0xF0, 0x3F, 0xC0, 0x00, 0xF8, 0x1F, 0xE0, 0x00, 0x7C, 0x0F, 0xF0,
  0x00, 0x3E, 0x07, 0xF8, 0x00, 0x1F, 0x01, 0xFE, 0x00, 0x1F, 0x00, 0xFF,
  0x00, 0x0F, 0x80, 0x7F, 0xC0, 0x0F, 0xC0, 0x3F, 0xF0, 0x0F, 0xC0, 0x0F,
  0xFF, 0x3F, 0xE0, 0x03, 0xFF, 0xFF, 0xE0, 0x00, 0xFF, 0xFF, 0xE0, 0x00,
  0x3F, 0xFF, 0xE0, 0x00, 0x07, 0xFF, 0xC0, 0x00, 0x00, 0x3C, 0x00, 0x00,
  0x00, 0x00, 0x0F, 0x00, 0x00, 0x00, 0x0F, 0x80, 0x00, 0x00, 0x0F, 0xE0,
  0x00, 0x00, 0x0F, 0xF0, 0x00, 0x00, 0x0F, 0xF0, 0x00, 0x00, 0x1F, 0xF0,
  0x00, 0x00, 0x1F, 0xE0, 0x00, 0x00, 0x0F, 0x80, 0x00, 0x00, 0x03, 0x00,
  0x00, 0x00, 0x00, 0x00, 0x00, 0x00, 0x00, 0x00, 0x00, 0x1F, 0xFF, 0xC0,
  0xFF, 0xFF, 0xFF, 0xE0, 0x7F, 0xFF, 0xFF, 0xF0, 0x3F, 0xFF, 0xFF, 0xF8,
  0x1F, 0xFE, 0x3F, 0xC0, 0x00, 0xF8, 0x1F, 0xE0, 0x00, 0x7C, 0x0F, 0xF0,
  0x00, 0x3E, 0x07, 0xF8, 0x00, 0x1F, 0x03, 0xFC, 0x00, 0x0F, 0x81, 0xFE,
  0x00, 0x07, 0xC0, 0xFF, 0x00, 0x03, 0xE0, 0x7F, 0x80, 0x01, 0xF0, 0x3F,
  0xC0, 0x00, 0xF8, 0x1F, 0xE0, 0x00, 0x7C, 0x0F, 0xF0, 0x00, 0x3E, 0x07,
  0xF8, 0x00, 0x1F, 0x03, 0xFC, 0x00, 0x0F, 0x81, 0xFE, 0x00, 0x07, 0xC0,
  0xFF, 0x00, 0x03, 0xE0, 0x7F, 0x80, 0x01, 0xF0, 0x3F, 0xC0, 0x00, 0xF8,
  0x1F, 0xE0, 0x00, 0x7C, 0x0F, 0xF0, 0x00, 0x3E, 0x07, 0xF8, 0x00, 0x1F,
  0x01, 0xFE, 0x00, 0x1F, 0x00, 0xFF, 0x00, 0x0F, 0x80, 0x7F, 0xC0, 0x0F,
  0xC0, 0x3F, 0xF0, 0x0F, 0xC0, 0x0F, 0xFF, 0x3F, 0xE0, 0x03, 0xFF, 0xFF,
  0xE0, 0x00, 0xFF, 0xFF, 0xE0, 0x00, 0x3F, 0xFF, 0xE0, 0x00, 0x07, 0xFF,
  0xC0, 0x00, 0x00, 0x3C, 0x00, 0x00, 0x00, 0x00, 0xE0, 0x00, 0x00, 0x00,
  0xFC, 0x00, 0x00, 0x00, 0xFE, 0x00, 0x00, 0x00, 0xFF, 0x80, 0x00, 0x00,
  0x7F, 0xE0, 0x00, 0x00, 0x7F, 0xF8, 0x00, 0x00, 0x7E, 0xFE, 0x00, 0x00,
  0x7E, 0x1F, 0x80, 0x00, 0x7C, 0x03, 0xC0, 0x00, 0x18, 0x00, 0xC0, 0x00,
  0x00, 0x00, 0x00, 0x00, 0x00, 0x00, 0x00, 0x0F, 0xFF, 0xE0, 0x7F, 0xFF,
  0xFF, 0xF0, 0x3F, 0xFF, 0xFF, 0xF8, 0x1F, 0xFF, 0xFF, 0xFC, 0x0F, 0xFF,
  0x1F, 0xE0, 0x00, 0x7C, 0x0F, 0xF0, 0x00, 0x3E, 0x07, 0xF8, 0x00, 0x1F,
  0x03, 0xFC, 0x00, 0x0F, 0x81, 0xFE, 0x00, 0x07, 0xC0, 0xFF, 0x00, 0x03,
  0xE0, 0x7F, 0x80, 0x01, 0xF0, 0x3F, 0xC0, 0x00, 0xF8, 0x1F, 0xE0, 0x00,
  0x7C, 0x0F, 0xF0, 0x00, 0x3E, 0x07, 0xF8, 0x00, 0x1F, 0x03, 0xFC, 0x00,
  0x0F, 0x81, 0xFE, 0x00, 0x07, 0xC0, 0xFF, 0x00, 0x03, 0xE0, 0x7F, 0x80,
  0x01, 0xF0, 0x3F, 0xC0, 0x00, 0xF8, 0x1F, 0xE0, 0x00, 0x7C, 0x0F, 0xF0,
  0x00, 0x3E, 0x07, 0xF8, 0x00, 0x1F, 0x03, 0xFC, 0x00, 0x0F, 0x80, 0xFF,
  0x00, 0x0F, 0x80, 0x7F, 0x80, 0x07, 0xC0, 0x3F, 0xE0, 0x07, 0xE0, 0x1F,
  0xF8, 0x07, 0xE0, 0x07, 0xFF, 0x9F, 0xF0, 0x01, 0xFF, 0xFF, 0xF0, 0x00,
  0x7F, 0xFF, 0xF0, 0x00, 0x1F, 0xFF, 0xF0, 0x00, 0x03, 0xFF, 0xE0, 0x00,
  0x00, 0x1E, 0x00, 0x00, 0x00, 0x1C, 0x03, 0x80, 0x00, 0x3F, 0x87, 0xE0,
  0x00, 0x3F, 0xC7, 0xF8, 0x00, 0x1F, 0xE3, 0xFC, 0x00, 0x0F, 0xF1, 0xFE,
  0x00, 0x03, 0xF8, 0xFF, 0x00, 0x01, 0xF8, 0x3F, 0x00, 0x00, 0x38, 0x0F,
  0x00, 0x00, 0x00, 0x00, 0x00, 0x00, 0x00, 0x00, 0x00, 0x00, 0x00, 0x00,
  0x00, 0x1F, 0xFF, 0xC0, 0xFF, 0xFF, 0xFF, 0xE0, 0x7F, 0xFF, 0xFF, 0xF0,
  0x3F, 0xFF, 0xFF, 0xF8, 0x1F, 0xFE, 0x3F, 0xC0, 0x00, 0xF8, 0x1F, 0xE0,
  0x00, 0x7C, 0x0F, 0xF0, 0x00, 0x3E, 0x07, 0xF8, 0x00, 0x1F, 0x03, 0xFC,
  0x00, 0x0F, 0x81, 0xFE, 0x00, 0x07, 0xC0, 0xFF, 0x00, 0x03, 0xE0, 0x7F,
  0x80, 0x01, 0xF0, 0x3F, 0xC0, 0x00, 0xF8, 0x1F, 0xE0, 0x00, 0x7C, 0x0F,
  0xF0, 0x00, 0x3E, 0x07, 0xF8, 0x00, 0x1F, 0x03, 0xFC, 0x00, 0x0F, 0x81,
  0xFE, 0x00, 0x07, 0xC0, 0xFF, 0x00, 0x03, 0xE0, 0x7F, 0x80, 0x01, 0xF0,
  0x3F, 0xC0, 0x00, 0xF8, 0x1F, 0xE0, 0x00, 0x7C, 0x0F, 0xF0, 0x00, 0x3E,
  0x07, 0xF8, 0x00, 0x1F, 0x01, 0xFE, 0x00, 0x1F, 0x00, 0xFF, 0x00, 0x0F,
  0x80, 0x7F, 0xC0, 0x0F, 0xC0, 0x3F, 0xF0, 0x0F, 0xC0, 0x0F, 0xFF, 0x3F,
  0xE0, 0x03, 0xFF, 0xFF, 0xE0, 0x00, 0xFF, 0xFF, 0xE0, 0x00, 0x3F, 0xFF,
  0xE0, 0x00, 0x07, 0xFF, 0xC0, 0x00, 0x00, 0x3C, 0x00, 0x00, 0x00, 0x00,
  0x0F, 0x00, 0x00, 0x00, 0x07, 0xC0, 0x00, 0x00, 0x03, 0xF8, 0x00, 0x00,
  0x01, 0xFE, 0x00, 0x00, 0x00, 0xFF, 0x00, 0x00, 0x00, 0xFF, 0x80, 0x00,
  0x00, 0x7F, 0x80, 0x00, 0x00, 0x1F, 0x00, 0x00, 0x00, 0x03, 0x00, 0x00,
  0x00, 0x00, 0x00, 0x00, 0x00, 0x00, 0x00, 0x00, 0x03, 0xFF, 0xF8, 0x1F,
  0xFF, 0xFF, 0xFE, 0x07, 0xFF, 0xFF, 0xFF, 0x81, 0xFF, 0xFF, 0xFF, 0xE0,
  0x7F, 0xFC, 0x7F, 0xC0, 0x03, 0xF0, 0x0F, 0xF0, 0x00, 0xF8, 0x03, 0xFC,
  0x00, 0x3E, 0x00, 0x7F, 0x80, 0x1F, 0x00, 0x1F, 0xF0, 0x0F, 0x80, 0x03,
  0xFC, 0x03, 0xE0, 0x00, 0x7F, 0x81, 0xF0, 0x00, 0x1F, 0xE0, 0x7C, 0x00,
  0x03, 0xFC, 0x3E, 0x00, 0x00, 0xFF, 0x9F, 0x00, 0x00, 0x1F, 0xE7, 0xC0,
  0x00, 0x03, 0xFF, 0xE0, 0x00, 0x00, 0xFF, 0xF8, 0x00, 0x00, 0x1F, 0xFC,
  0x00, 0x00, 0x07, 0xFF, 0x00, 0x00, 0x00, 0xFF, 0x80, 0x00, 0x00, 0x1F,
  0xC0, 0x00, 0x00, 0x07, 0xF0, 0x00, 0x00, 0x01, 0xFC, 0x00, 0x00, 0x00,
  0x7F, 0x00, 0x00, 0x00, 0x1F, 0xC0, 0x00, 0x00, 0x07, 0xF0, 0x00, 0x00,
  0x01, 0xFC, 0x00, 0x00, 0x00, 0x7F, 0x00, 0x00, 0x00, 0x3F, 0xE0, 0x00,
  0x00, 0x7F, 0xFF, 0x00, 0x00, 0x3F, 0xFF, 0xE0, 0x00, 0x0F, 0xFF, 0xF8,
  0x00, 0x03, 0xFF, 0xFE, 0x00, 0xFF, 0xFF, 0x80, 0x0F, 0xFF, 0xF8, 0x00,
  0xFF, 0xFF, 0x80, 0x0F, 0xFF, 0xF8, 0x00, 0x1F, 0xF0, 0x00, 0x00, 0xFF,
  0x00, 0x00, 0x0F, 0xF0, 0x00, 0x00, 0xFF, 0xFE, 0x00, 0x0F, 0xFF, 0xFE,
  0x00, 0xFF, 0xFF, 0xF8, 0x0F, 0xFF, 0xFF, 0xC0, 0xFF, 0x07, 0xFE, 0x0F,
  0xF0, 0x1F, 0xE0, 0xFF, 0x01, 0xFF, 0x0F, 0xF0, 0x0F, 0xF0, 0xFF, 0x00,
  0xFF, 0x0F, 0xF0, 0x0F, 0xF0, 0xFF, 0x00, 0xFF, 0x0F, 0xF0, 0x1F, 0xF0,
  0xFF, 0x01, 0xFE, 0x0F, 0xF0, 0x3F, 0xE0, 0xFF, 0x1F, 0xFC, 0x0F, 0xFF,
  0xFF, 0x80, 0xFF, 0xFF, 0xF0, 0x0F, 0xFF, 0xFC, 0x00, 0xFF, 0xF8, 0x00,
  0x0F, 0xF0, 0x00, 0x00, 0xFF, 0x00, 0x00, 0x0F, 0xF0, 0x00, 0x07, 0xFF,
  0xF0, 0x00, 0xFF, 0xFF, 0x80, 0x0F, 0xFF, 0xF8, 0x00, 0xFF, 0xFF, 0x80,
  0x00, 0x00, 0x03, 0xF8, 0x00, 0x00, 0x07, 0xFF, 0xE0, 0x00, 0x07, 0xFF,
  0xFC, 0x00, 0x07, 0xFF, 0xFF, 0x80, 0x03, 0xFC, 0x0F, 0xF0, 0x00, 0xFE,
  0x01, 0xFC, 0x00, 0x7F, 0x00, 0x3F, 0x80, 0x1F, 0xC0, 0x0F, 0xE0, 0x0F,
  0xF0, 0x03, 0xF0, 0x03, 0xFC, 0x00, 0xFC, 0x00, 0xFF, 0x00, 0x7E, 0x00,
  0x3F, 0xC0, 0x1F, 0x00, 0x0F, 0xF0, 0x0F, 0x80, 0x0F, 0xFC, 0x03, 0xC0,
  0x0F, 0xFF, 0x01, 0xF0, 0x03, 0xFF, 0xC0, 0xF8, 0x00, 0xFF, 0xF0, 0x3E,
  0x00, 0x03, 0xFC, 0x1F, 0x80, 0x00, 0xFF, 0x07, 0xE0, 0x00, 0x3F, 0xC1,
  0xFC, 0x00, 0x0F, 0xF0, 0x7F, 0xC0, 0x03, 0xFC, 0x1F, 0xFC, 0x00, 0xFF,
  0x07, 0xFF, 0xC0, 0x3F, 0xC0, 0xFF, 0xFC, 0x0F, 0xF0, 0x3F, 0xFF, 0x83,
  0xFC, 0x03, 0xFF, 0xE0, 0xFF, 0x00, 0x3F, 0xFC, 0x3F, 0xC0, 0x03, 0xFF,
  0x0F, 0xF0, 0x00, 0x3F, 0xC3, 0xFC, 0xF0, 0x07, 0xF0, 0xFF, 0x3C, 0x00,
  0xFC, 0x3F, 0xCF, 0x80, 0x3F, 0x0F, 0xF3, 0xF0, 0x1F, 0x9F, 0xFC, 0xFF,
  0x0F, 0xEF, 0xFF, 0x3F, 0xFF, 0xF3, 0xFF, 0xCF, 0xFF, 0xF8, 0xFF, 0xF1,
  0xDF, 0xF8, 0x00, 0x00, 0x70, 0xF8, 0x00, 0x03, 0x00, 0x00, 0x03, 0xC0,
  0x00, 0x03, 0xF0, 0x00, 0x01, 0xFC, 0x00, 0x00, 0x7E, 0x00, 0x00, 0x3F,
  0x80, 0x00, 0x0F, 0xE0, 0x00, 0x01, 0xF8, 0x00, 0x00, 0x7C, 0x00, 0x00,
  0x0F, 0x00, 0x00, 0x03, 0x00, 0x00, 0x00, 0x00, 0x00, 0x00, 0x00, 0x00,
  0x07, 0xE0, 0x00, 0x3F, 0xFE, 0x00, 0x3F, 0xFF, 0x80, 0x7F, 0xBF, 0xE0,
  0x3E, 0x07, 0xF8, 0x3F, 0x01, 0xFC, 0x1F, 0xC0, 0xFF, 0x0F, 0xE0, 0x7F,
  0x87, 0xF0, 0x3F, 0xC0, 0xE0, 0x1F, 0xE0, 0x00, 0x0F, 0xF0, 0x00, 0x07,
  0xF8, 0x01, 0xFF, 0xFC, 0x07, 0xFF, 0xFE, 0x07, 0xFF, 0xFF, 0x07, 0xF8,
  0x7F, 0x87, 0xF8, 0x3F, 0xC3, 0xF8, 0x1F, 0xE1, 0xFC, 0x0F, 0xF0, 0xFE,
  0x07, 0xF8, 0x7F, 0x87, 0xFC, 0x3F, 0xFF, 0xFF, 0xFF, 0xFF, 0xFF, 0xF7,
  0xFF, 0x9F, 0xF9, 0xFF, 0x07, 0xF8, 0x0E, 0x00, 0xE0, 0x00, 0x02, 0x00,
  0x00, 0x07, 0xC0, 0x00, 0x07, 0xE0, 0x00, 0x03, 0xF0, 0x00, 0x03, 0xF8,
  0x00, 0x03, 0xF8, 0x00, 0x01, 0xF8, 0x00, 0x01, 0xF8, 0x00, 0x01, 0xF0,
  0x00, 0x00, 0xF0, 0x00, 0x00, 0x20, 0x00, 0x00, 0x00, 0x00, 0x00, 0x00,
  0x00, 0x00, 0x07, 0xE0, 0x00, 0x3F, 0xFE, 0x00, 0x3F, 0xFF, 0x80, 0x7F,
  0xBF, 0xE0, 0x3E, 0x07, 0xF8, 0x3F, 0x01, 0xFC, 0x1F, 0xC0, 0xFF, 0x0F,
  0xE0, 0x7F, 0x87, 0xF0, 0x3F, 0xC0, 0xE0, 0x1F, 0xE0, 0x00, 0x0F, 0xF0,
  0x00, 0x07, 0xF8, 0x01, 0xFF, 0xFC, 0x07, 0xFF, 0xFE, 0x07, 0xFF, 0xFF,
  0x07, 0xF8, 0x7F, 0x87, 0xF8, 0x3F, 0xC3, 0xF8, 0x1F, 0xE1, 0xFC, 0x0F,
  0xF0, 0xFE, 0x07, 0xF8, 0x7F, 0x87, 0xFC, 0x3F, 0xFF, 0xFF, 0xFF, 0xFF,
  0xFF, 0xF7, 0xFF, 0x9F, 0xF9, 0xFF, 0x07, 0xF8, 0x0E, 0x00, 0xE0, 0x00,
  0x30, 0x00, 0x00, 0x7E, 0x00, 0x00, 0x7F, 0x00, 0x00, 0x7F, 0xC0, 0x00,
  0x3F, 0xF0, 0x00, 0x3F, 0xFC, 0x00, 0x3F, 0x7E, 0x00, 0x3F, 0x0F, 0x80,
  0x1F, 0x03, 0xE0, 0x1E, 0x00, 0xF0, 0x02, 0x00, 0x10, 0x00, 0x00, 0x00,
  0x00, 0x00, 0x00, 0x00, 0x07, 0xE0, 0x00, 0x3F, 0xFE, 0x00, 0x3F, 0xFF,
  0x80, 0x7F, 0xBF, 0xE0, 0x3E, 0x07, 0xF8, 0x3F, 0x01, 0xFC, 0x1F, 0xC0,
  0xFF, 0x0F, 0xE0, 0x7F, 0x87, 0xF0, 0x3F, 0xC0, 0xE0, 0x1F, 0xE0, 0x00,
  0x0F, 0xF0, 0x00, 0x07, 0xF8, 0x01, 0xFF, 0xFC, 0x07, 0xFF, 0xFE, 0x07,
  0xFF, 0xFF, 0x07, 0xF8, 0x7F, 0x87, 0xF8, 0x3F, 0xC3, 0xF8, 0x1F, 0xE1,
  0xFC, 0x0F, 0xF0, 0xFE, 0x07, 0xF8, 0x7F, 0x87, 0xFC, 0x3F, 0xFF, 0xFF,
  0xFF, 0xFF, 0xFF, 0xF7, 0xFF, 0x9F, 0xF9, 0xFF, 0x07, 0xF8, 0x0E, 0x00,
  0xE0, 0x03, 0xC0, 0x00, 0x07, 0xF8, 0x30, 0x07, 0xFF, 0xFC, 0x03, 0xFF,
  0xFC, 0x03, 0xFF, 0xFC, 0x01, 0xE7, 0xFE, 0x00, 0x60, 0xFE, 0x00, 0x00,
  0x00, 0x00, 0x00, 0x00, 0x00, 0x00, 0x00, 0x00, 0x00, 0x00, 0x00, 0x00,
  0x1F, 0x80, 0x00, 0xFF, 0xF8, 0x00, 0xFF, 0xFE, 0x01, 0xFE, 0xFF, 0x80,
  0xF8, 0x1F, 0xE0, 0xFC, 0x07, 0xF0, 0x7F, 0x03, 0xFC, 0x3F, 0x81, 0xFE,
  0x1F, 0xC0, 0xFF, 0x03, 0x80, 0x7F, 0x80, 0x00, 0x3F, 0xC0, 0x00, 0x1F,
  0xE0, 0x07, 0xFF, 0xF0, 0x1F, 0xFF, 0xF8, 0x1F, 0xFF, 0xFC, 0x1F, 0xE1,
  0xFE, 0x1F, 0xE0, 0xFF, 0x0F, 0xE0, 0x7F, 0x87, 0xF0, 0x3F, 0xC3, 0xF8,
  0x1F, 0xE1, 0xFE, 0x1F, 0xF0, 0xFF, 0xFF, 0xFF, 0xFF, 0xFF, 0xFF, 0xDF,
  0xFE, 0x7F, 0xE7, 0xFC, 0x1F, 0xE0, 0x38, 0x03, 0x80, 0x1F, 0x03, 0xC0,
  0x1F, 0xC3, 0xF0, 0x1F, 0xE3, 0xFC, 0x0F, 0xF1, 0xFE, 0x07, 0xF8, 0xFF,
  0x01, 0xFC, 0x7F, 0x80, 0xFC, 0x1F, 0x80, 0x00, 0x00, 0x00, 0x00, 0x00,
  0x00, 0x00, 0x00, 0x00, 0x00, 0x00, 0x00, 0x00, 0x1F, 0x80, 0x00, 0xFF,
  0xF8, 0x00, 0xFF, 0xFE, 0x01, 0xFE, 0xFF, 0x80, 0xF8, 0x1F, 0xE0, 0xFC,
  0x07, 0xF0, 0x7F, 0x03, 0xFC, 0x3F, 0x81, 0xFE, 0x1F, 0xC0, 0xFF, 0x03,
  0x80, 0x7F, 0x80, 0x00, 0x3F, 0xC0, 0x00, 0x1F, 0xE0, 0x07, 0xFF, 0xF0,
  0x1F, 0xFF, 0xF8, 0x1F, 0xFF, 0xFC, 0x1F, 0xE1, 0xFE, 0x1F, 0xE0, 0xFF,
  0x0F, 0xE0, 0x7F, 0x87, 0xF0, 0x3F, 0xC3, 0xF8, 0x1F, 0xE1, 0xFE, 0x1F,
  0xF0, 0xFF, 0xFF, 0xFF, 0xFF, 0xFF, 0xFF, 0xDF, 0xFE, 0x7F, 0xE7, 0xFC,
  0x1F, 0xE0, 0x38, 0x03, 0x80, 0x00, 0xFC, 0x00, 0x01, 0xFF, 0x80, 0x01,
  0xFF, 0xE0, 0x00, 0xF1, 0xF0, 0x00, 0xF8, 0x78, 0x00, 0x7C, 0x3C, 0x00,
  0x3E, 0x1E, 0x00, 0x0F, 0x1F, 0x00, 0x07, 0xFF, 0x00, 0x01, 0xFF, 0x00,
  0x00, 0x1E, 0x00, 0x00, 0x00, 0x00, 0x00, 0x00, 0x00, 0x00, 0x07, 0xE0,
  0x00, 0x3F, 0xFE, 0x00, 0x3F, 0xFF, 0x80, 0x7F, 0xBF, 0xE0, 0x3E, 0x07,
  0xF8, 0x3F, 0x01, 0xFC, 0x1F, 0xC0, 0xFF, 0x0F, 0xE0, 0x7F, 0x87, 0xF0,
  0x3F, 0xC0, 0xE0, 0x1F, 0xE0, 0x00, 0x0F, 0xF0, 0x00, 0x07, 0xF8, 0x01,
  0xFF, 0xFC, 0x07, 0xFF, 0xFE, 0x07, 0xFF, 0xFF, 0x07, 0xF8, 0x7F, 0x87,
  0xF8, 0x3F, 0xC3, 0xF8, 0x1F, 0xE1, 0xFC, 0x0F, 0xF0, 0xFE, 0x07, 0xF8,
  0x7F, 0x87, 0xFC, 0x3F, 0xFF, 0xFF, 0xFF, 0xFF, 0xFF, 0xF7, 0xFF, 0x9F,
  0xF9, 0xFF, 0x07, 0xF8, 0x0E, 0x00, 0xE0, 0x00, 0xF8, 0x00, 0xF8, 0x00,
  0x7F, 0xF8, 0x3F, 0xF8, 0x07, 0xFF, 0xF7, 0xFF, 0xE0, 0xFF, 0x7F, 0xFF,
  0xFF, 0x87, 0xC0, 0xFF, 0xE1, 0xFE, 0x7E, 0x03, 0xFE, 0x07, 0xF3, 0xF8,
  0x1F, 0xF0, 0x1F, 0xDF, 0xC0, 0xFF, 0x00, 0xFE, 0xFC, 0x07, 0xF8, 0x07,
  0xF1, 0xC0, 0x3F, 0xC0, 0x3F, 0x80, 0x01, 0xFF, 0xFF, 0xFC, 0x00, 0x0F,
  0xFF, 0xFF, 0xE0, 0x7F, 0xFF, 0xFF, 0xFF, 0x0F, 0xFF, 0xFF, 0xFF, 0xF8,
  0xFF, 0xFF, 0xE0, 0x00, 0x0F, 0xF0, 0xFF, 0x00, 0x00, 0xFF, 0x07, 0xF8,
  0x00, 0x07, 0xF0, 0x3F, 0xE0, 0x00, 0x3F, 0x81, 0xFF, 0x80, 0x19, 0xFC,
  0x0F, 0xFE, 0x03, 0xEF, 0xF0, 0xFF, 0xFF, 0xFF, 0xFF, 0xFF, 0xFF, 0xFF,
  0xF3, 0xFF, 0xF9, 0xFF, 0xFF, 0x0F, 0xFF, 0x87, 0xFF, 0xF0, 0x3F, 0xF8,
  0x1F, 0xFE, 0x00, 0x38, 0x00, 0x07, 0x00, 0x00, 0x00, 0x1E, 0x00, 0x03,
  0xFF, 0x80, 0x1F, 0xFF, 0xC0, 0x7F, 0xFF, 0xC1, 0xFE, 0x1F, 0xC7, 0xF0,
  0x1F, 0x9F, 0xE0, 0x7F, 0x3F, 0x80, 0xFE, 0xFF, 0x01, 0xFD, 0xFE, 0x03,
  0xF3, 0xF8, 0x01, 0xC7, 0xF0, 0x00, 0x0F, 0xE0, 0x00, 0x1F, 0xC0, 0x00,
  0x3F, 0xC0, 0x00, 0x7F, 0x80, 0x00, 0xFF, 0x00, 0x01, 0xFF, 0x00, 0x03,
  0xFE, 0x00, 0x23, 0xFF, 0x01, 0xE7, 0xFF, 0xFF, 0xE7, 0xFF, 0xFF, 0x87,
  0xFF, 0xFE, 0x07, 0xFF, 0xF0, 0x03, 0xFF, 0xC0, 0x00, 0xF8, 0x00, 0x01,
  0xE0, 0x00, 0x03, 0xF0, 0x00, 0x07, 0xF8, 0x00, 0x0F, 0xF8, 0x00, 0x01,
  0xF0, 0x00, 0x03, 0xE0, 0x01, 0x0F, 0xC0, 0x03, 0xFF, 0x80, 0x0F, 0xFE,
  0x00, 0x07, 0xF8, 0x00, 0x01, 0x80, 0x00, 0x07, 0x80, 0x00, 0x1F, 0x80,
  0x00, 0x3F, 0x80, 0x00, 0x3F, 0x00, 0x00, 0x7F, 0x00, 0x00, 0x7F, 0x00,
  0x00, 0x3F, 0x00, 0x00, 0x3E, 0x00, 0x00, 0x1E, 0x00, 0x00, 0x18, 0x00,
  0x00, 0x00, 0x00, 0x00, 0x00, 0x00, 0x03, 0xC0, 0x00, 0x7F, 0xF0, 0x03,
  0xFF, 0xF8, 0x0F, 0xFF, 0xF8, 0x3F, 0x87, 0xF8, 0xFE, 0x07, 0xF3, 0xF8,
  0x0F, 0xE7, 0xF0, 0x0F, 0xFF, 0xE0, 0x1F, 0xFF, 0xC0, 0x3F, 0xFF, 0xFF,
  0xFF, 0xFF, 0xFF, 0xFF, 0xFF, 0xFF, 0xFF, 0xFF, 0xFF, 0xF7, 0xF8, 0x00,
  0x0F, 0xF0, 0x00, 0x1F, 0xE0, 0x00, 0x3F, 0xE0, 0x00, 0x7F, 0xC0, 0x06,
  0x7F, 0xE0, 0x3C, 0xFF, 0xFF, 0xFC, 0xFF, 0xFF, 0xF0, 0xFF, 0xFF, 0xC0,
  0xFF, 0xFF, 0x00, 0x7F, 0xF8, 0x00, 0x16, 0x00, 0x00, 0x00, 0x01, 0x00,
  0x00, 0x0F, 0x80, 0x00, 0x3F, 0x00, 0x00, 0x7E, 0x00, 0x01, 0xFC, 0x00,
  0x07, 0xF0, 0x00, 0x0F, 0xC0, 0x00, 0x3F, 0x00, 0x00, 0xF8, 0x00, 0x01,
  0xE0, 0x00, 0x01, 0x00, 0x00, 0x00, 0x00, 0x00, 0x00, 0x00, 0x00, 0x03,
  0xC0, 0x00, 0x7F, 0xF0, 0x03, 0xFF, 0xF8, 0x0F, 0xFF, 0xF8, 0x3F, 0x87,
  0xF8, 0xFE, 0x07, 0xF3, 0xF8, 0x0F, 0xE7, 0xF0, 0x0F, 0xFF, 0xE0, 0x1F,
  0xFF, 0xC0, 0x3F, 0xFF, 0xFF, 0xFF, 0xFF, 0xFF, 0xFF, 0xFF, 0xFF, 0xFF,
  0xFF, 0xFF, 0xF7, 0xF8, 0x00, 0x0F, 0xF0, 0x00, 0x1F, 0xE0, 0x00, 0x3F,
  0xE0, 0x00, 0x7F, 0xC0, 0x06, 0x7F, 0xE0, 0x3C, 0xFF, 0xFF, 0xFC, 0xFF,
  0xFF, 0xF0, 0xFF, 0xFF, 0xC0, 0xFF, 0xFF, 0x00, 0x7F, 0xF8, 0x00, 0x16,
  0x00, 0x00, 0x00, 0x18, 0x00, 0x00, 0xFC, 0x00, 0x03, 0xF8, 0x00, 0x0F,
  0xF8, 0x00, 0x1F, 0xF8, 0x00, 0x7F, 0xF8, 0x01, 0xFB, 0xF0, 0x07, 0xE1,
  0xF0, 0x0F, 0x81, 0xF0, 0x3C, 0x01, 0xE0, 0x10, 0x00, 0x80, 0x00, 0x00,
  0x00, 0x00, 0x00, 0x00, 0x03, 0xC0, 0x00, 0x7F, 0xF0, 0x03, 0xFF, 0xF8,
  0x0F, 0xFF, 0xF8, 0x3F, 0x87, 0xF8, 0xFE, 0x07, 0xF3, 0xF8, 0x0F, 0xE7,
  0xF0, 0x0F, 0xFF, 0xE0, 0x1F, 0xFF, 0xC0, 0x3F, 0xFF, 0xFF, 0xFF, 0xFF,
  0xFF, 0xFF, 0xFF, 0xFF, 0xFF, 0xFF, 0xFF, 0xF7, 0xF8, 0x00, 0x0F, 0xF0,
  0x00, 0x1F, 0xE0, 0x00, 0x3F, 0xE0, 0x00, 0x7F, 0xC0, 0x06, 0x7F, 0xE0,
  0x3C, 0xFF, 0xFF, 0xFC, 0xFF, 0xFF, 0xF0, 0xFF, 0xFF, 0xC0, 0xFF, 0xFF,
  0x00, 0x7F, 0xF8, 0x00, 0x16, 0x00, 0x00, 0x07, 0xC0, 0xF0, 0x1F, 0xC3,
  0xF0, 0x7F, 0x8F, 0xF0, 0xFF, 0x1F, 0xE1, 0xFE, 0x3F, 0xC1, 0xFC, 0x7F,
  0x83, 0xF0, 0x7E, 0x00, 0x00, 0x00, 0x00, 0x00, 0x00, 0x00, 0x00, 0x00,
  0x00, 0x00, 0x00, 0x00, 0xF0, 0x00, 0x1F, 0xFC, 0x00, 0xFF, 0xFE, 0x03,
  0xFF, 0xFE, 0x0F, 0xE1, 0xFE, 0x3F, 0x81, 0xFC, 0xFE, 0x03, 0xF9, 0xFC,
  0x03, 0xFF, 0xF8, 0x07, 0xFF, 0xF0, 0x0F, 0xFF, 0xFF, 0xFF, 0xFF, 0xFF,
  0xFF, 0xFF, 0xFF, 0xFF, 0xFF, 0xFF, 0xFD, 0xFE, 0x00, 0x03, 0xFC, 0x00,
  0x07, 0xF8, 0x00, 0x0F, 0xF8, 0x00, 0x1F, 0xF0, 0x01, 0x9F, 0xF8, 0x0F,
  0x3F, 0xFF, 0xFF, 0x3F, 0xFF, 0xFC, 0x3F, 0xFF, 0xF0, 0x3F, 0xFF, 0xC0,
  0x1F, 0xFE, 0x00, 0x05, 0x80, 0x00, 0x30, 0x00, 0x78, 0x00, 0xFC, 0x00,
  0xFE, 0x00, 0x7E, 0x00, 0x7F, 0x00, 0x3F, 0x80, 0x0F, 0xC0, 0x07, 0xC0,
  0x01, 0xE0, 0x00, 0xC0, 0x00, 0x00, 0x00, 0x00, 0x00, 0x00, 0x3F, 0xF8,
  0x3F, 0xF8, 0x3F, 0xF8, 0x3F, 0xF8, 0x0F, 0xF8, 0x07, 0xF8, 0x07, 0xF8,
  0x07, 0xF8, 0x07, 0xF8, 0x07, 0xF8, 0x07, 0xF8, 0x07, 0xF8, 0x07, 0xF8,
  0x07, 0xF8, 0x07, 0xF8, 0x07, 0xF8, 0x07, 0xF8, 0x07, 0xF8, 0x07, 0xF8,
  0x07, 0xF8, 0x3F, 0xFE, 0x3F, 0xFF, 0x3F, 0xFF, 0x3F, 0xFF, 0x00, 0x80,
  0x0F, 0x80, 0x7E, 0x01, 0xF8, 0x0F, 0xE0, 0x7F, 0x01, 0xF8, 0x0F, 0xC0,
  0x7C, 0x01, 0xE0, 0x02, 0x00, 0x00, 0x00, 0x00, 0x00, 0x00, 0x0F, 0xFE,
  0x3F, 0xF8, 0xFF, 0xE3, 0xFF, 0x83, 0xFE, 0x07, 0xF8, 0x1F, 0xE0, 0x7F,
  0x81, 0xFE, 0x07, 0xF8, 0x1F, 0xE0, 0x7F, 0x81, 0xFE, 0x07, 0xF8, 0x1F,
  0xE0, 0x7F, 0x81, 0xFE, 0x07, 0xF8, 0x1F, 0xE0, 0x7F, 0x8F, 0xFF, 0xBF,
  0xFF, 0xFF, 0xFF, 0xFF, 0xF0, 0x00, 0xC0, 0x00, 0xFC, 0x00, 0x7F, 0x00,
  0x3F, 0xE0, 0x0F, 0xFC, 0x07, 0xFF, 0x83, 0xF7, 0xE1, 0xF8, 0x7C, 0x7C,
  0x0F, 0xBC, 0x01, 0xE2, 0x00, 0x10, 0x00, 0x00, 0x00, 0x00, 0x00, 0x00,
  0x00, 0xFF, 0xE0, 0x3F, 0xF8, 0x0F, 0xFE, 0x03, 0xFF, 0x80, 0x3F, 0xE0,
  0x07, 0xF8, 0x01, 0xFE, 0x00, 0x7F, 0x80, 0x1F, 0xE0, 0x07, 0xF8, 0x01,
  0xFE, 0x00, 0x7F, 0x80, 0x1F, 0xE0, 0x07, 0xF8, 0x01, 0xFE, 0x00, 0x7F,
  0x80, 0x1F, 0xE0, 0x07, 0xF8, 0x01, 0xFE, 0x00, 0x7F, 0x80, 0xFF, 0xF8,
  0x3F, 0xFF, 0x0F, 0xFF, 0xC3, 0xFF, 0xF0, 0x3E, 0x07, 0x8F, 0xE1, 0xFB,
  0xFC, 0x7F, 0xFF, 0x8F, 0xFF, 0xF1, 0xFE, 0xFE, 0x3F, 0xDF, 0x83, 0xF0,
  0x00, 0x00, 0x00, 0x00, 0x00, 0x00, 0x00, 0x00, 0x00, 0x00, 0x00, 0x00,
  0xFF, 0xE0, 0x1F, 0xFC, 0x03, 0xFF, 0x80, 0x7F, 0xF0, 0x03, 0xFE, 0x00,
  0x3F, 0xC0, 0x07, 0xF8, 0x00, 0xFF, 0x00, 0x1F, 0xE0, 0x03, 0xFC, 0x00,
  0x7F, 0x80, 0x0F, 0xF0, 0x01, 0xFE, 0x00, 0x3F, 0xC0, 0x07, 0xF8, 0x00,
  0xFF, 0x00, 0x1F, 0xE0, 0x03, 0xFC, 0x00, 0x7F, 0x80, 0x0F, 0xF0, 0x0F,
  0xFF, 0x81, 0xFF, 0xF8, 0x3F, 0xFF, 0x07, 0xFF, 0xE0, 0x00, 0x00, 0x08,
  0x00, 0x00, 0x1C, 0x03, 0xC0, 0x1F, 0x01, 0xFE, 0x1F, 0x80, 0xFF, 0xFF,
  0x80, 0xFF, 0xFF, 0x80, 0x07, 0xFF, 0x00, 0x00, 0x7F, 0xC0, 0x00, 0x7F,
  0xF0, 0x00, 0xFF, 0xFC, 0x00, 0xFE, 0xFF, 0x00, 0x3C, 0x3F, 0x80, 0x0C,
  0x1F, 0xE0, 0x00, 0x07, 0xF0, 0x00, 0x03, 0xF8, 0x00, 0x01, 0xFE, 0x03,
  0xFC, 0x7F, 0x07, 0xFF, 0xBF, 0x87, 0xFF, 0xFF, 0xC7, 0xFF, 0xFF, 0xE3,
  0xFC, 0x1F, 0xFB, 0xFC, 0x07, 0xFD, 0xFC, 0x03, 0xFF, 0xFE, 0x00, 0xFF,
  0xFF, 0x00, 0x7F, 0xFF, 0x80, 0x3F, 0xBF, 0xC0, 0x1F, 0xDF, 0xE0, 0x0F,
  0xEF, 0xF0, 0x07, 0xF7, 0xF8, 0x03, 0xFB, 0xFC, 0x01, 0xFD, 0xFE, 0x00,
  0xFC, 0xFF, 0x00, 0xFE, 0x3F, 0xC0, 0x7E, 0x1F, 0xE0, 0x7F, 0x07, 0xFC,
  0xFF, 0x01, 0xFF, 0xFF, 0x00, 0x7F, 0xFF, 0x00, 0x0F, 0xFE, 0x00, 0x00,
  0xF0, 0x00, 0x00, 0x3C, 0x00, 0x00, 0x07, 0xF8, 0x30, 0x00, 0x7F, 0xFF,
  0xC0, 0x03, 0xFF, 0xFC, 0x00, 0x3F, 0xFF, 0xC0, 0x01, 0xE7, 0xFE, 0x00,
  0x06, 0x0F, 0xE0, 0x00, 0x00, 0x00, 0x00, 0x00, 0x00, 0x00, 0x00, 0x00,
  0x00, 0x00, 0x00, 0x00, 0x00, 0x00, 0x00, 0x00, 0xF0, 0x0F, 0xFC, 0x3F,
  0xE0, 0x7F, 0xE7, 0xFF, 0x83, 0xFF, 0x7F, 0xFE, 0x1F, 0xFF, 0xFF, 0xF8,
  0x1F, 0xFE, 0xFF, 0xC0, 0xFF, 0x81, 0xFE, 0x07, 0xF8, 0x0F, 0xF0, 0x3F,
  0xC0, 0x3F, 0x81, 0xFE, 0x01, 0xFC, 0x0F, 0xF0, 0x0F, 0xE0, 0x7F, 0x80,
  0x7F, 0x03, 0xFC, 0x03, 0xF8, 0x1F, 0xE0, 0x1F, 0xC0, 0xFF, 0x00, 0xFE,
  0x07, 0xF8, 0x07, 0xF0, 0x3F, 0xC0, 0x3F, 0x81, 0xFE, 0x01, 0xFC, 0x0F,
  0xF0, 0x0F, 0xE0, 0x7F, 0x80, 0x7F, 0x03, 0xFC, 0x03, 0xF8, 0x7F, 0xF0,
  0x7F, 0xFF, 0xFF, 0xC7, 0xFF, 0xFF, 0xFE, 0x3F, 0xFF, 0xFF, 0xF1, 0xFF,
  0xF0, 0x00, 0xC0, 0x00, 0x00, 0x78, 0x00, 0x00, 0x3F, 0x00, 0x00, 0x0F,
  0xE0, 0x00, 0x01, 0xF8, 0x00, 0x00, 0x7F, 0x00, 0x00, 0x0F, 0xE0, 0x00,
  0x00, 0xFC, 0x00, 0x00, 0x1F, 0x00, 0x00, 0x01, 0xE0, 0x00, 0x00, 0x30,
  0x00, 0x00, 0x00, 0x00, 0x00, 0x00, 0x00, 0x00, 0x07, 0xC0, 0x00, 0x1F,
  0xFF, 0x00, 0x1F, 0xFF, 0xE0, 0x1F, 0xFF, 0xFC, 0x0F, 0xFD, 0xFF, 0x83,
  0xFC, 0x1F, 0xF1, 0xFE, 0x03, 0xFE, 0x7F, 0x00, 0x7F, 0xBF, 0xC0, 0x1F,
  0xEF, 0xF0, 0x07, 0xFB, 0xFC, 0x00, 0xFF, 0xFF, 0x00, 0x3F, 0xFF, 0xC0,
  0x0F, 0xFF, 0xF0, 0x03, 0xFF, 0xFC, 0x00, 0xFF, 0xFF, 0x00, 0x3F, 0xBF,
  0xC0, 0x1F, 0xEF, 0xF0, 0x07, 0xFB, 0xFE, 0x01, 0xFE, 0x7F, 0x80, 0x7F,
  0x1F, 0xF0, 0x3F, 0xC3, 0xFF, 0xFF, 0xE0, 0x7F, 0xFF, 0xF0, 0x0F, 0xFF,
  0xF8, 0x00, 0xFF, 0xF8, 0x00, 0x01, 0xC0, 0x00, 0x00, 0x00, 0x80, 0x00,
  0x00, 0xF8, 0x00, 0x00, 0x7E, 0x00, 0x00, 0x1F, 0x80, 0x00, 0x0F, 0xE0,
  0x00, 0x07, 0xF0, 0x00, 0x01, 0xF8, 0x00, 0x00, 0xFC, 0x00, 0x00, 0x7C,
  0x00, 0x00, 0x1E, 0x00, 0x00, 0x02, 0x00, 0x00, 0x00, 0x00, 0x00, 0x00,
  0x00, 0x00, 0x00, 0x07, 0xC0, 0x00, 0x1F, 0xFF, 0x00, 0x1F, 0xFF, 0xE0,
  0x1F, 0xFF, 0xFC, 0x0F, 0xFD, 0xFF, 0x83, 0xFC, 0x1F, 0xF1, 0xFE, 0x03,
  0xFE, 0x7F, 0x00, 0x7F, 0xBF, 0xC0, 0x1F, 0xEF, 0xF0, 0x07, 0xFB, 0xFC,
  0x00, 0xFF, 0xFF, 0x00, 0x3F, 0xFF, 0xC0, 0x0F, 0xFF, 0xF0, 0x03, 0xFF,
  0xFC, 0x00, 0xFF, 0xFF, 0x00, 0x3F, 0xBF, 0xC0, 0x1F, 0xEF, 0xF0, 0x07,
  0xFB, 0xFE, 0x01, 0xFE, 0x7F, 0x80, 0x7F, 0x1F, 0xF0, 0x3F, 0xC3, 0xFF,
  0xFF, 0xE0, 0x7F, 0xFF, 0xF0, 0x0F, 0xFF, 0xF8, 0x00, 0xFF, 0xF8, 0x00,
  0x01, 0xC0, 0x00, 0x00, 0x0C, 0x00, 0x00, 0x0F, 0xC0, 0x00, 0x07, 0xF0,
  0x00, 0x03, 0xFE, 0x00, 0x00, 0xFF, 0xC0, 0x00, 0x7F, 0xF8, 0x00, 0x3F,
  0x7E, 0x00, 0x1F, 0x87, 0xC0, 0x07, 0xC0, 0xF8, 0x03, 0xC0, 0x1E, 0x00,
  0x20, 0x01, 0x00, 0x00, 0x00, 0x00, 0x00, 0x00, 0x00, 0x00, 0x07, 0xC0,
  0x00, 0x1F, 0xFF, 0x00, 0x1F, 0xFF, 0xE0, 0x1F, 0xFF, 0xFC, 0x0F, 0xFD,
  0xFF, 0x83, 0xFC, 0x1F, 0xF1, 0xFE, 0x03, 0xFE, 0x7F, 0x00, 0x7F, 0xBF,
  0xC0, 0x1F, 0xEF, 0xF0, 0x07, 0xFB, 0xFC, 0x00, 0xFF, 0xFF, 0x00, 0x3F,
  0xFF, 0xC0, 0x0F, 0xFF, 0xF0, 0x03, 0xFF, 0xFC, 0x00, 0xFF, 0xFF, 0x00,
  0x3F, 0xBF, 0xC0, 0x1F, 0xEF, 0xF0, 0x07, 0xFB, 0xFE, 0x01, 0xFE, 0x7F,
  0x80, 0x7F, 0x1F, 0xF0, 0x3F, 0xC3, 0xFF, 0xFF, 0xE0, 0x7F, 0xFF, 0xF0,
  0x0F, 0xFF, 0xF8, 0x00, 0xFF, 0xF8, 0x00, 0x01, 0xC0, 0x00, 0x00, 0xF0,
  0x00, 0x00, 0xFF, 0x06, 0x00, 0x7F, 0xFF, 0xC0, 0x1F, 0xFF, 0xE0, 0x0F,
  0xFF, 0xF0, 0x03, 0xCF, 0xFC, 0x00, 0x60, 0xFE, 0x00, 0x00, 0x00, 0x00,
  0x00, 0x00, 0x00, 0x00, 0x00, 0x00, 0x00, 0x00, 0x00, 0x00, 0x00, 0x7C,
  0x00, 0x01, 0xFF, 0xF0, 0x01, 0xFF, 0xFE, 0x01, 0xFF, 0xFF, 0xC0, 0xFF,
  0xDF, 0xF8, 0x3F, 0xC1, 0xFF, 0x1F, 0xE0, 0x3F, 0xE7, 0xF0, 0x07, 0xFB,
  0xFC, 0x01, 0xFE, 0xFF, 0x00, 0x7F, 0xBF, 0xC0, 0x0F, 0xFF, 0xF0, 0x03,
  0xFF, 0xFC, 0x00, 0xFF, 0xFF, 0x00, 0x3F, 0xFF, 0xC0, 0x0F, 0xFF, 0xF0,
  0x03, 0xFB, 0xFC, 0x01, 0xFE, 0xFF, 0x00, 0x7F, 0xBF, 0xE0, 0x1F, 0xE7,
  0xF8, 0x07, 0xF1, 0xFF, 0x03, 0xFC, 0x3F, 0xFF, 0xFE, 0x07, 0xFF, 0xFF,
  0x00, 0xFF, 0xFF, 0x80, 0x0F, 0xFF, 0x80, 0x00, 0x1C, 0x00, 0x00, 0x07,
  0xC0, 0xF0, 0x03, 0xF8, 0x7E, 0x01, 0xFE, 0x3F, 0xC0, 0x7F, 0x8F, 0xF0,
  0x1F, 0xE3, 0xFC, 0x03, 0xF8, 0xFF, 0x00, 0xFC, 0x1F, 0x80, 0x00, 0x00,
  0x00, 0x00, 0x00, 0x00, 0x00, 0x00, 0x00, 0x00, 0x00, 0x00, 0x00, 0x00,
  0x7C, 0x00, 0x01, 0xFF, 0xF0, 0x01, 0xFF, 0xFE, 0x01, 0xFF, 0xFF, 0xC0,
  0xFF, 0xDF, 0xF8, 0x3F, 0xC1, 0xFF, 0x1F, 0xE0, 0x3F, 0xE7, 0xF0, 0x07,
  0xFB, 0xFC, 0x01, 0xFE, 0xFF, 0x00, 0x7F, 0xBF, 0xC0, 0x0F, 0xFF, 0xF0,
  0x03, 0xFF, 0xFC, 0x00, 0xFF, 0xFF, 0x00, 0x3F, 0xFF, 0xC0, 0x0F, 0xFF,
  0xF0, 0x03, 0xFB, 0xFC, 0x01, 0xFE, 0xFF, 0x00, 0x7F, 0xBF, 0xE0, 0x1F,
  0xE7, 0xF8, 0x07, 0xF1, 0xFF, 0x03, 0xFC, 0x3F, 0xFF, 0xFE, 0x07, 0xFF,
  0xFF, 0x00, 0xFF, 0xFF, 0x80, 0x0F, 0xFF, 0x80, 0x00, 0x1C, 0x00, 0x00,
  0x00, 0xF8, 0x00, 0x0F, 0xE0, 0x00, 0x7F, 0x00, 0x03, 0xF8, 0x00, 0x1F,
  0xC0, 0x00, 0x7E, 0x00, 0x01, 0xC0, 0x00, 0x00, 0x00, 0x00, 0x00, 0x07,
  0xFF, 0xFF, 0xFF, 0xFF, 0xFF, 0xFF, 0xFF, 0xFF, 0xFF, 0xFF, 0xFF, 0xFF,
  0xFC, 0x00, 0x00, 0x00, 0x00, 0x00, 0x00, 0x00, 0x00, 0x07, 0xC0, 0x00,
  0x7F, 0x00, 0x03, 0xF8, 0x00, 0x1F, 0xC0, 0x00, 0xFE, 0x00, 0x03, 0xF0,
  0x00, 0x0E, 0x00, 0x00, 0x0F, 0x03, 0xE0, 0x1F, 0xFE, 0xF0, 0x0F, 0xFF,
  0xFE, 0x07, 0xFF, 0xFF, 0x81, 0xFF, 0xBF, 0xF0, 0x3F, 0xC1, 0xFF, 0x0F,
  0xF0, 0x1F, 0xE1, 0xFC, 0x07, 0xFE, 0x7F, 0x81, 0xFF, 0xCF, 0xF0, 0x7F,
  0xF9, 0xFE, 0x1F, 0xFF, 0xBF, 0xC7, 0xCF, 0xF7, 0xF9, 0xF1, 0xFE, 0xFF,
  0x3C, 0x3F, 0xDF, 0xEF, 0x07, 0xFB, 0xFF, 0xC0, 0xFE, 0x7F, 0xF8, 0x3F,
  0xCF, 0xFE, 0x07, 0xF8, 0xFF, 0x80, 0xFF, 0x1F, 0xE0, 0x1F, 0xC1, 0xFE,
  0x07, 0xF8, 0x3F, 0xFF, 0xFE, 0x07, 0xFF, 0xFF, 0x81, 0xFF, 0xFF, 0xE0,
  0x7D, 0xFF, 0xF0, 0x1F, 0x01, 0xC0, 0x00, 0x00, 0x60, 0x00, 0x00, 0x03,
  0xC0, 0x00, 0x00, 0x1F, 0x80, 0x00, 0x00, 0x7F, 0x00, 0x00, 0x00, 0xFC,
  0x00, 0x00, 0x03, 0xF8, 0x00, 0x00, 0x07, 0xF0, 0x00, 0x00, 0x07, 0xE0,
  0x00, 0x00, 0x0F, 0x80, 0x00, 0x00, 0x0F, 0x00, 0x00, 0x00, 0x18, 0x00,
  0x00, 0x00, 0x00, 0x00, 0x00, 0x00, 0x00, 0x00, 0x00, 0x00, 0x00, 0x0F,
  0xFE, 0x0F, 0xFC, 0x3F, 0xF8, 0x3F, 0xF0, 0xFF, 0xE0, 0xFF, 0xC3, 0xFF,
  0x83, 0xFF, 0x01, 0xFE, 0x03, 0xFC, 0x07, 0xF8, 0x07, 0xF0, 0x1F, 0xE0,
  0x1F, 0xC0, 0x7F, 0x80, 0x7F, 0x01, 0xFE, 0x01, 0xFC, 0x07, 0xF8, 0x07,
  0xF0, 0x1F, 0xE0, 0x1F, 0xC0, 0x7F, 0x80, 0x7F, 0x01, 0xFE, 0x01, 0xFC,
  0x07, 0xF8, 0x07, 0xF0, 0x1F, 0xE0, 0x1F, 0xC0, 0x7F, 0x80, 0x7F, 0x01,
  0xFE, 0x03, 0xFC, 0x07, 0xF8, 0x0F, 0xF0, 0x1F, 0xF0, 0x7F, 0xC0, 0x3F,
  0xFF, 0xFF, 0x80, 0xFF, 0xFF, 0xFF, 0x83, 0xFF, 0xF7, 0xFF, 0x07, 0xFF,
  0x8F, 0xFC, 0x0F, 0xFC, 0x3F, 0xF0, 0x07, 0x80, 0x00, 0x00, 0x00, 0x00,
  0x40, 0x00, 0x00, 0x07, 0xC0, 0x00, 0x00, 0x3F, 0x00, 0x00, 0x00, 0xFC,
  0x00, 0x00, 0x07, 0xF0, 0x00, 0x00, 0x3F, 0x80, 0x00, 0x00, 0xFC, 0x00,
  0x00, 0x07, 0xE0, 0x00, 0x00, 0x3E, 0x00, 0x00, 0x00, 0xF0, 0x00, 0x00,
  0x01, 0x00, 0x00, 0x00, 0x00, 0x00, 0x00, 0x00, 0x00, 0x00, 0x00, 0x00,
  0x00, 0x00, 0x0F, 0xFE, 0x0F, 0xFC, 0x3F, 0xF8, 0x3F, 0xF0, 0xFF, 0xE0,
  0xFF, 0xC3, 0xFF, 0x83, 0xFF, 0x01, 0xFE, 0x03, 0xFC, 0x07, 0xF8, 0x07,
  0xF0, 0x1F, 0xE0, 0x1F, 0xC0, 0x7F, 0x80, 0x7F, 0x01, 0xFE, 0x01, 0xFC,
  0x07, 0xF8, 0x07, 0xF0, 0x1F, 0xE0, 0x1F, 0xC0, 0x7F, 0x80, 0x7F, 0x01,
  0xFE, 0x01, 0xFC, 0x07, 0xF8, 0x07, 0xF0, 0x1F, 0xE0, 0x1F, 0xC0, 0x7F,
  0x80, 0x7F, 0x01, 0xFE, 0x03, 0xFC, 0x07, 0xF8, 0x0F, 0xF0, 0x1F, 0xF0,
  0x7F, 0xC0, 0x3F, 0xFF, 0xFF, 0x80, 0xFF, 0xFF, 0xFF, 0x83, 0xFF, 0xF7,
  0xFF, 0x07, 0xFF, 0x8F, 0xFC, 0x0F, 0xFC, 0x3F, 0xF0, 0x07, 0x80, 0x00,
  0x00, 0x00, 0x06, 0x00, 0x00, 0x00, 0x7E, 0x00, 0x00, 0x03, 0xF8, 0x00,
  0x00, 0x1F, 0xF0, 0x00, 0x00, 0x7F, 0xE0, 0x00, 0x03, 0xFF, 0xC0, 0x00,
  0x1F, 0xBF, 0x00, 0x00, 0xFC, 0x3E, 0x00, 0x03, 0xE0, 0x7C, 0x00, 0x1E,
  0x00, 0xF0, 0x00, 0x10, 0x00, 0x80, 0x00, 0x00, 0x00, 0x00, 0x00, 0x00,
  0x00, 0x00, 0x00, 0x00, 0x00, 0x0F, 0xFE, 0x0F, 0xFC, 0x3F, 0xF8, 0x3F,
  0xF0, 0xFF, 0xE0, 0xFF, 0xC3, 0xFF, 0x83, 0xFF, 0x01, 0xFE, 0x03, 0xFC,
  0x07, 0xF8, 0x07, 0xF0, 0x1F, 0xE0, 0x1F, 0xC0, 0x7F, 0x80, 0x7F, 0x01,
  0xFE, 0x01, 0xFC, 0x07, 0xF8, 0x07, 0xF0, 0x1F, 0xE0, 0x1F, 0xC0, 0x7F,
  0x80, 0x7F, 0x01, 0xFE, 0x01, 0xFC, 0x07, 0xF8, 0x07, 0xF0, 0x1F, 0xE0,
  0x1F, 0xC0, 0x7F, 0x80, 0x7F, 0x01, 0xFE, 0x03, 0xFC, 0x07, 0xF8, 0x0F,
  0xF0, 0x1F, 0xF0, 0x7F, 0xC0, 0x3F, 0xFF, 0xFF, 0x80, 0xFF, 0xFF, 0xFF,
  0x83, 0xFF, 0xF7, 0xFF, 0x07, 0xFF, 0x8F, 0xFC, 0x0F, 0xFC, 0x3F, 0xF0,
  0x07, 0x80, 0x00, 0x00, 0x03, 0xE0, 0x78, 0x00, 0x1F, 0xC3, 0xF0, 0x00,
  0xFF, 0x1F, 0xE0, 0x03, 0xFC, 0x7F, 0x80, 0x0F, 0xF1, 0xFE, 0x00, 0x1F,
  0xC7, 0xF8, 0x00, 0x7E, 0x0F, 0xC0, 0x00, 0x00, 0x00, 0x00, 0x00, 0x00,
  0x00, 0x00, 0x00, 0x00, 0x00, 0x00, 0x00, 0x00, 0x00, 0x00, 0x00, 0x00,
  0x00, 0xFF, 0xE0, 0xFF, 0xC3, 0xFF, 0x83, 0xFF, 0x0F, 0xFE, 0x0F, 0xFC,
  0x3F, 0xF8, 0x3F, 0xF0, 0x1F, 0xE0, 0x3F, 0xC0, 0x7F, 0x80, 0x7F, 0x01,
  0xFE, 0x01, 0xFC, 0x07, 0xF8, 0x07, 0xF0, 0x1F, 0xE0, 0x1F, 0xC0, 0x7F,
  0x80, 0x7F, 0x01, 0xFE, 0x01, 0xFC, 0x07, 0xF8, 0x07, 0xF0, 0x1F, 0xE0,
  0x1F, 0xC0, 0x7F, 0x80, 0x7F, 0x01, 0xFE, 0x01, 0xFC, 0x07, 0xF8, 0x07,
  0xF0, 0x1F, 0xE0, 0x3F, 0xC0, 0x7F, 0x80, 0xFF, 0x01, 0xFF, 0x07, 0xFC,
  0x03, 0xFF, 0xFF, 0xF8, 0x0F, 0xFF, 0xFF, 0xF8, 0x3F, 0xFF, 0x7F, 0xF0,
  0x7F, 0xF8, 0xFF, 0xC0, 0xFF, 0xC3, 0xFF, 0x00, 0x78, 0x00, 0x00, 0x00,
  0x00, 0x10, 0x00, 0x00, 0x03, 0xE0, 0x00, 0x00, 0x3F, 0x00, 0x00, 0x01,
  0xF8, 0x00, 0x00, 0x1F, 0xC0, 0x00, 0x01, 0xFC, 0x00, 0x00, 0x0F, 0xC0,
  0x00, 0x00, 0xFC, 0x00, 0x00, 0x0F, 0x80, 0x00, 0x00, 0x78, 0x00, 0x00,
  0x01, 0x00, 0x00, 0x00, 0x00, 0x00, 0x00, 0x00, 0x00, 0x00, 0x00, 0x00,
  0x00, 0x01, 0xFF, 0xF0, 0xFF, 0xEF, 0xFF, 0x87, 0xFF, 0x7F, 0xFC, 0x3F,
  0xFB, 0xFF, 0xE1, 0xFF, 0xC7, 0xF8, 0x01, 0xF0, 0x1F, 0xE0, 0x0F, 0x00,
  0xFF, 0x00, 0x78, 0x03, 0xF8, 0x07, 0x80, 0x1F, 0xE0, 0x3C, 0x00, 0x7F,
  0x03, 0xC0, 0x03, 0xFC, 0x1E, 0x00, 0x0F, 0xE0, 0xF0, 0x00, 0x7F, 0x0F,
  0x00, 0x03, 0xFC, 0x78, 0x00, 0x0F, 0xE7, 0x80, 0x00, 0x7F, 0xBC, 0x00,
  0x01, 0xFD, 0xC0, 0x00, 0x0F, 0xFE, 0x00, 0x00, 0x3F, 0xF0, 0x00, 0x01,
  0xFF, 0x00, 0x00, 0x07, 0xF8, 0x00, 0x00, 0x3F, 0x80, 0x00, 0x01, 0xFC,
  0x00, 0x00, 0x07, 0xE0, 0x00, 0x00, 0x3E, 0x00, 0x00, 0x01, 0xF0, 0x00,
  0x08, 0x1F, 0x00, 0x01, 0xF0, 0xF8, 0x00, 0x1F, 0x87, 0x80, 0x00, 0xFC,
  0x7C, 0x00, 0x0F, 0xE7, 0xC0, 0x00, 0x3F, 0xFC, 0x00, 0x01, 0xFF, 0xE0,
  0x00, 0x07, 0xFC, 0x00, 0x00, 0x0F, 0x80, 0x00, 0x00, 0x7F, 0xE0, 0x00,
  0x03, 0xFF, 0x00, 0x00, 0x1F, 0xF8, 0x00, 0x01, 0xFF, 0xC0, 0x00, 0x01,
  0xFE, 0x00, 0x00, 0x07, 0xF0, 0x00, 0x00, 0x3F, 0x80, 0x00, 0x01, 0xFC,
  0x00, 0x00, 0x0F, 0xE0, 0x00, 0x00, 0x7F, 0x00, 0x00, 0x03, 0xF8, 0x00,
  0x00, 0x1F, 0xC0, 0xF0, 0x00, 0xFE, 0x3F, 0xF0, 0x07, 0xF3, 0xFF, 0xC0,
  0x3F, 0xBF, 0xFF, 0x01, 0xFF, 0xFF, 0xFC, 0x0F, 0xFC, 0x3F, 0xF0, 0x7F,
  0xC0, 0xFF, 0x83, 0xFC, 0x03, 0xFC, 0x1F, 0xE0, 0x1F, 0xE0, 0xFF, 0x00,
  0x7F, 0x87, 0xF0, 0x03, 0xFC, 0x3F, 0x80, 0x1F, 0xE1, 0xFC, 0x00, 0xFF,
  0x0F, 0xE0, 0x07, 0xF8, 0x7F, 0x00, 0x3F, 0xC3, 0xF8, 0x01, 0xFC, 0x1F,
  0xC0, 0x1F, 0xE0, 0xFE, 0x00, 0xFF, 0x07, 0xF0, 0x07, 0xF8, 0x3F, 0x80,
  0x7F, 0x81, 0xFF, 0x07, 0xFC, 0x0F, 0xFF, 0xFF, 0xC0, 0x7F, 0xFF, 0xFC,
  0x03, 0xFF, 0xFF, 0xC0, 0x1F, 0xDF, 0xFC, 0x00, 0xFE, 0x0C, 0x00, 0x07,
  0xF0, 0x00, 0x00, 0x3F, 0x80, 0x00, 0x01, 0xFC, 0x00, 0x00, 0x0F, 0xE0,
  0x00, 0x00, 0x7F, 0x80, 0x00, 0x07, 0xFE, 0x00, 0x00, 0xFF, 0xFE, 0x00,
  0x07, 0xFF, 0xF0, 0x00, 0x3F, 0xFF, 0x80, 0x00, 0x00, 0xF8, 0x1E, 0x00,
  0x0F, 0xE1, 0xF8, 0x00, 0xFF, 0x1F, 0xE0, 0x07, 0xF8, 0xFF, 0x00, 0x3F,
  0xC7, 0xF8, 0x00, 0xFE, 0x3F, 0xC0, 0x07, 0xE0, 0xFC, 0x00, 0x00, 0x00,
  0x00, 0x00, 0x00, 0x00, 0x00, 0x00, 0x00, 0x00, 0x00, 0x00, 0x00, 0x00,
  0x00, 0x00, 0x00, 0x07, 0xFF, 0xC3, 0xFF, 0xBF, 0xFE, 0x1F, 0xFD, 0xFF,
  0xF0, 0xFF, 0xEF, 0xFF, 0x87, 0xFF, 0x1F, 0xE0, 0x07, 0xC0, 0x7F, 0x80,
  0x3C, 0x03, 0xFC, 0x01, 0xE0, 0x0F, 0xE0, 0x1E, 0x00, 0x7F, 0x80, 0xF0,
  0x01, 0xFC, 0x0F, 0x00, 0x0F, 0xF0, 0x78, 0x00, 0x3F, 0x83, 0xC0, 0x01,
  0xFC, 0x3C, 0x00, 0x0F, 0xF1, 0xE0, 0x00, 0x3F, 0x9E, 0x00, 0x01, 0xFE,
  0xF0, 0x00, 0x07, 0xF7, 0x00, 0x00, 0x3F, 0xF8, 0x00, 0x00, 0xFF, 0xC0,
  0x00, 0x07, 0xFC, 0x00, 0x00, 0x1F, 0xE0, 0x00, 0x00, 0xFE, 0x00, 0x00,
  0x07, 0xF0, 0x00, 0x00, 0x1F, 0x80, 0x00, 0x00, 0xF8, 0x00, 0x00, 0x07,
  0xC0, 0x00, 0x20, 0x7C, 0x00, 0x07, 0xC3, 0xE0, 0x00, 0x7E, 0x1E, 0x00,
  0x03, 0xF1, 0xF0, 0x00, 0x3F, 0x9F, 0x00, 0x00, 0xFF, 0xF0, 0x00, 0x07,
  0xFF, 0x80, 0x00, 0x1F, 0xF0, 0x00, 0x00, 0x3E, 0x00, 0x00, 0x00 };

const GFXglyph Literata_Bold24pt8bGlyphs[] PROGMEM = {
  {     0,   1,   1,   9,    0,    0 },   // 0x20 ' '
  {     1,   9,  35,  16,    4,  -33 },   // 0x21 '!'
  {    41,  15,  12,  21,    3,  -36 },   // 0x22 '"'
  {    64,  30,  26,  33,    1,  -25 },   // 0x23 '#'
  {   162,  25,  42,  28,    2,  -37 },   // 0x24 '$'
  {   294,  40,  29,  43,    1,  -27 },   // 0x25 '%'
  {   439,  36,  35,  39,    2,  -33 },   // 0x26 '&'
  {   597,   6,  12,  12,    3,  -36 },   // 0x27 '''
  {   606,  13,  49,  17,    2,  -38 },   // 0x28 '('
  {   686,  13,  49,  17,    1,  -38 },   // 0x29 ')'
  {   766,  18,  19,  21,    2,  -36 },   // 0x2A '*'
  {   809,  20,  20,  27,    4,  -23 },   // 0x2B '+'
  {   859,   9,  15,  15,    3,   -6 },   // 0x2C ','
  {   876,  12,   5,  16,    2,  -15 },   // 0x2D '-'
  {   884,   9,   8,  15,    3,   -6 },   // 0x2E '.'
  {   893,  22,  43,  23,    0,  -37 },   // 0x2F '/'
  {  1012,  26,  35,  29,    1,  -33 },   // 0x30 '0'
  {  1126,  18,  33,  19,    1,  -32 },   // 0x31 '1'
  {  1201,  23,  34,  25,    1,  -33 },   // 0x32 '2'
  {  1299,  23,  35,  26,    1,  -33 },   // 0x33 '3'
  {  1400,  28,  33,  28,    0,  -32 },   // 0x34 '4'
  {  1516,  23,  34,  26,    1,  -32 },   // 0x35 '5'
  {  1614,  25,  35,  27,    1,  -33 },   // 0x36 '6'
  {  1724,  24,  34,  26,    1,  -32 },   // 0x37 '7'
  {  1826,  26,  35,  28,    1,  -33 },   // 0x38 '8'
  {  1940,  25,  35,  27,    1,  -33 },   // 0x39 '9'
  {  2050,   9,  26,  15,    3,  -24 },   // 0x3A ':'
  {  2080,   9,  33,  15,    3,  -24 },   // 0x3B ';'
  {  2118,  19,  23,  27,    4,  -24 },   // 0x3C '<'
  {  2173,  20,  14,  27,    4,  -20 },   // 0x3D '='
  {  2208,  19,  23,  27,    5,  -24 },   // 0x3E '>'
  {  2263,  22,  35,  26,    2,  -33 },   // 0x3F '?'
  {  2360,  39,  37,  44,    3,  -27 },   // 0x40 '@'
  {  2541,  35,  33,  36,    0,  -32 },   // 0x41 'A'
  {  2686,  29,  33,  32,    2,  -32 },   // 0x42 'B'
  {  2806,  29,  35,  33,    2,  -33 },   // 0x43 'C'
  {  2933,  33,  33,  37,    2,  -32 },   // 0x44 'D'
  {  3070,  28,  33,  31,    2,  -32 },   // 0x45 'E'
  {  3186,  27,  33,  30,    2,  -32 },   // 0x46 'F'
  {  3298,  33,  35,  36,    2,  -33 },   // 0x47 'G'
  {  3443,  35,  33,  40,    2,  -32 },   // 0x48 'H'
  {  3588,  15,  33,  20,    2,  -32 },   // 0x49 'I'
  {  3650,  25,  34,  27,    1,  -32 },   // 0x4A 'J'
  {  3757,  35,  34,  37,    2,  -32 },   // 0x4B 'K'
  {  3906,  27,  33,  31,    2,  -32 },   // 0x4C 'L'
  {  4018,  43,  33,  46,    2,  -32 },   // 0x4D 'M'
  {  4196,  35,  33,  39,    2,  -32 },   // 0x4E 'N'
  {  4341,  33,  35,  37,    2,  -33 },   // 0x4F 'O'
  {  4486,  28,  33,  31,    2,  -32 },   // 0x50 'P'
  {  4602,  41,  43,  37,    2,  -33 },   // 0x51 'Q'
  {  4823,  32,  34,  35,    2,  -32 },   // 0x52 'R'
  {  4959,  25,  35,  29,    2,  -33 },   // 0x53 'S'
  {  5069,  33,  33,  35,    1,  -32 },   // 0x54 'T'
  {  5206,  33,  34,  37,    2,  -32 },   // 0x55 'U'
  {  5347,  34,  33,  36,    1,  -32 },   // 0x56 'V'
  {  5488,  51,  33,  52,    1,  -32 },   // 0x57 'W'
  {  5699,  35,  33,  36,    0,  -32 },   // 0x58 'X'
  {  5844,  34,  33,  35,    1,  -32 },   // 0x59 'Y'
  {  5985,  28,  33,  32,    2,  -32 },   // 0x5A 'Z'
  {  6101,  11,  48,  17,    4,  -37 },   // 0x5B '['
  {  6167,  22,  43,  23,    0,  -37 },   // 0x5C '\'
  {  6286,  11,  48,  17,    1,  -37 },   // 0x5D ']'
  {  6352,  25,  18,  27,    1,  -32 },   // 0x5E '^'
  {  6409,  22,   5,  22,    0,    1 },   // 0x5F '_'
  {  6423,  11,  11,  24,    5,  -37 },   // 0x60 '`'
  {  6439,  25,  26,  27,    2,  -24 },   // 0x61 'a'
  {  6521,  28,  37,  30,    1,  -35 },   // 0x62 'b'
  {  6651,  23,  26,  26,    2,  -24 },   // 0x63 'c'
  {  6726,  28,  37,  31,    2,  -35 },   // 0x64 'd'
  {  6856,  23,  26,  27,    2,  -24 },   // 0x65 'e'
  {  6931,  23,  37,  20,    1,  -36 },   // 0x66 'f'
  {  7038,  28,  40,  28,    1,  -28 },   // 0x67 'g'
  {  7178,  30,  36,  32,    1,  -35 },   // 0x68 'h'
  {  7313,  14,  36,  17,    2,  -35 },   // 0x69 'i'
  {  7376,  11,  47,  16,    1,  -35 },   // 0x6A 'j'
  {  7441,  31,  37,  32,    1,  -35 },   // 0x6B 'k'
  {  7585,  15,  36,  17,    1,  -35 },   // 0x6C 'l'
  {  7653,  44,  25,  47,    2,  -24 },   // 0x6D 'm'
  {  7791,  29,  25,  33,    2,  -24 },   // 0x6E 'n'
  {  7882,  26,  26,  29,    2,  -24 },   // 0x6F 'o'
  {  7967,  28,  35,  31,    1,  -24 },   // 0x70 'p'
  {  8090,  28,  35,  30,    2,  -24 },   // 0x71 'q'
  {  8213,  23,  25,  25,    2,  -24 },   // 0x72 'r'
  {  8285,  20,  26,  23,    2,  -24 },   // 0x73 's'
  {  8350,  19,  33,  21,    1,  -31 },   // 0x74 't'
  {  8429,  30,  25,  32,    1,  -23 },   // 0x75 'u'
  {  8523,  29,  24,  29,    0,  -23 },   // 0x76 'v'
  {  8610,  42,  24,  42,    0,  -23 },   // 0x77 'w'
  {  8736,  28,  24,  28,    0,  -23 },   // 0x78 'x'
  {  8820,  29,  35,  29,    0,  -23 },   // 0x79 'y'
  {  8947,  22,  24,  25,    2,  -23 },   // 0x7A 'z'
  {  9013,  15,  50,  17,    1,  -38 },   // 0x7B '{'
  {  9107,   5,  43,  21,    8,  -37 },   // 0x7C '|'
  {  9134,  15,  50,  17,    1,  -38 },   // 0x7D '}'
  {  9228,  22,   7,  27,    3,  -17 },   // 0x7E '~'
  {  9248,  19,  33,  24,    2,  -32 },   // 0x7F
  {  9327,  19,  33,  24,    2,  -32 },   // 0x80
  {  9406,  19,  33,  24,    2,  -32 },   // 0x81
  {  9485,  19,  33,  24,    2,  -32 },   // 0x82
  {  9564,  19,  33,  24,    2,  -32 },   // 0x83
  {  9643,  19,  33,  24,    2,  -32 },   // 0x84
  {  9722,  19,  33,  24,    2,  -32 },   // 0x85
  {  9801,  19,  33,  24,    2,  -32 },   // 0x86
  {  9880,  19,  33,  24,    2,  -32 },   // 0x87
  {  9959,  19,  33,  24,    2,  -32 },   // 0x88
  { 10038,  19,  33,  24,    2,  -32 },   // 0x89
  { 10117,  19,  33,  24,    2,  -32 },   // 0x8A
  { 10196,  19,  33,  24,    2,  -32 },   // 0x8B
  { 10275,  19,  33,  24,    2,  -32 },   // 0x8C
  { 10354,  19,  33,  24,    2,  -32 },   // 0x8D
  { 10433,  19,  33,  24,    2,  -32 },   // 0x8E
  { 10512,  19,  33,  24,    2,  -32 },   // 0x8F
  { 10591,  19,  33,  24,    2,  -32 },   // 0x90
  { 10670,  19,  33,  24,    2,  -32 },   // 0x91
  { 10749,  19,  33,  24,    2,  -32 },   // 0x92
  { 10828,  19,  33,  24,    2,  -32 },   // 0x93
  { 10907,  19,  33,  24,    2,  -32 },   // 0x94
  { 10986,  19,  33,  24,    2,  -32 },   // 0x95
  { 11065,  19,  33,  24,    2,  -32 },   // 0x96
  { 11144,  19,  33,  24,    2,  -32 },   // 0x97
  { 11223,  19,  33,  24,    2,  -32 },   // 0x98
  { 11302,  19,  33,  24,    2,  -32 },   // 0x99
  { 11381,  19,  33,  24,    2,  -32 },   // 0x9A
  { 11460,  19,  33,  24,    2,  -32 },   // 0x9B
  { 11539,  19,  33,  24,    2,  -32 },   // 0x9C
  { 11618,  19,  33,  24,    2,  -32 },   // 0x9D
  { 11697,  19,  33,  24,    2,  -32 },   // 0x9E
  { 11776,  19,  33,  24,    2,  -32 },   // 0x9F
  { 11855,   1,   1,   9,    0,    0 },   // 0xA0
  { 11856,   9,  35,  16,    3,  -24 },   // 0xA1
  { 11896,  23,  33,  26,    2,  -30 },   // 0xA2
  { 11991,  26,  34,  28,    1,  -33 },   // 0xA3
  { 12102,  23,  22,  26,    2,  -25 },   // 0xA4
  { 12166,  34,  33,  35,    1,  -32 },   // 0xA5
  { 12307,   5,  43,  21,    8,  -37 },   // 0xA6
  { 12334,  26,  42,  29,    2,  -33 },   // 0xA7
  { 12471,  19,   7,  24,    2,  -35 },   // 0xA8
  { 12488,  34,  33,  39,    3,  -31 },   // 0xA9
  { 12629,  20,  18,  21,    1,  -34 },   // 0xAA
  { 12674,  23,  21,  26,    1,  -22 },   // 0xAB
  { 12735,  20,  11,  27,    4,  -17 },   // 0xAC
  { 12763,   1,   1,   0,    0,    0 },   // 0xAD
  { 12764,  19,  19,  23,    2,  -36 },   // 0xAE
  { 12810,  15,   5,  24,    4,  -33 },   // 0xAF
  { 12820,  13,  11,  17,    2,  -36 },   // 0xB0
  { 12838,  20,  26,  27,    4,  -25 },   // 0xB1
  { 12903,  17,  21,  19,    1,  -38 },   // 0xB2
  { 12948,  17,  22,  20,    1,  -38 },   // 0xB3
  { 12995,  10,  11,  24,    8,  -37 },   // 0xB4
  { 13009,  28,  35,  31,    3,  -23 },   // 0xB5
  { 13132,  26,  40,  30,    2,  -32 },   // 0xB6
  { 13262,   9,   8,  15,    3,  -17 },   // 0xB7
  { 13271,  12,  12,  24,    6,    0 },   // 0xB8
  { 13289,  14,  21,  16,    1,  -38 },   // 0xB9
  { 13326,  19,  18,  21,    1,  -34 },   // 0xBA
  { 13369,  23,  21,  26,    1,  -22 },   // 0xBB
  { 13430,  46,  35,  47,    1,  -33 },   // 0xBC
  { 13632,  47,  35,  49,    1,  -33 },   // 0xBD
  { 13838,  48,  35,  49,    1,  -33 },   // 0xBE
  { 14048,  21,  34,  26,    3,  -24 },   // 0xBF
  { 14138,  35,  44,  36,    0,  -43 },   // 0xC0
  { 14331,  35,  44,  36,    0,  -43 },   // 0xC1
  { 14524,  35,  45,  36,    0,  -44 },   // 0xC2
  { 14721,  35,  43,  36,    0,  -42 },   // 0xC3
  { 14910,  35,  44,  36,    0,  -43 },   // 0xC4
  { 15103,  35,  46,  36,    0,  -45 },   // 0xC5
  { 15305,  47,  33,  49,    0,  -32 },   // 0xC6
  { 15499,  29,  45,  33,    2,  -33 },   // 0xC7
  { 15663,  28,  44,  31,    2,  -43 },   // 0xC8
  { 15817,  28,  44,  31,    2,  -43 },   // 0xC9
  { 15971,  28,  45,  31,    2,  -44 },   // 0xCA
  { 16129,  28,  44,  31,    2,  -43 },   // 0xCB
  { 16283,  15,  44,  20,    2,  -43 },   // 0xCC
  { 16366,  15,  44,  20,    2,  -43 },   // 0xCD
  { 16449,  17,  45,  20,    1,  -44 },   // 0xCE
  { 16545,  19,  44,  20,    0,  -43 },   // 0xCF
  { 16650,  34,  33,  37,    1,  -32 },   // 0xD0
  { 16791,  35,  43,  39,    2,  -42 },   // 0xD1
  { 16980,  33,  45,  37,    2,  -43 },   // 0xD2
  { 17166,  33,  45,  37,    2,  -43 },   // 0xD3
  { 17352,  33,  46,  37,    2,  -44 },   // 0xD4
  { 17542,  33,  44,  37,    2,  -42 },   // 0xD5
  { 17724,  33,  45,  37,    2,  -43 },   // 0xD6
  { 17910,  18,  19,  27,    5,  -23 },   // 0xD7
  { 17953,  34,  35,  37,    1,  -33 },   // 0xD8
  { 18102,  33,  45,  37,    2,  -43 },   // 0xD9
  { 18288,  33,  45,  37,    2,  -43 },   // 0xDA
  { 18474,  33,  46,  37,    2,  -44 },   // 0xDB
  { 18664,  33,  45,  37,    2,  -43 },   // 0xDC
  { 18850,  34,  44,  35,    1,  -43 },   // 0xDD
  { 19037,  28,  33,  31,    2,  -32 },   // 0xDE
  { 19153,  34,  38,  36,    1,  -36 },   // 0xDF
  { 19315,  25,  39,  27,    2,  -37 },   // 0xE0
  { 19437,  25,  39,  27,    2,  -37 },   // 0xE1
  { 19559,  25,  39,  27,    2,  -37 },   // 0xE2
  { 19681,  25,  37,  27,    2,  -35 },   // 0xE3
  { 19797,  25,  37,  27,    2,  -35 },   // 0xE4
  { 19913,  25,  39,  27,    2,  -37 },   // 0xE5
  { 20035,  37,  26,  40,    2,  -24 },   // 0xE6
  { 20156,  23,  36,  26,    2,  -24 },   // 0xE7
  { 20260,  23,  39,  27,    2,  -37 },   // 0xE8
  { 20373,  23,  39,  27,    2,  -37 },   // 0xE9
  { 20486,  23,  39,  27,    2,  -37 },   // 0xEA
  { 20599,  23,  37,  27,    2,  -35 },   // 0xEB
  { 20706,  16,  38,  17,    0,  -37 },   // 0xEC
  { 20782,  14,  38,  17,    2,  -37 },   // 0xED
  { 20849,  18,  38,  17,   -2,  -37 },   // 0xEE
  { 20935,  19,  36,  17,   -2,  -35 },   // 0xEF
  { 21021,  25,  40,  28,    2,  -38 },   // 0xF0
  { 21146,  29,  36,  33,    2,  -35 },   // 0xF1
  { 21277,  26,  39,  29,    2,  -37 },   // 0xF2
  { 21404,  26,  39,  29,    2,  -37 },   // 0xF3
  { 21531,  26,  39,  29,    2,  -37 },   // 0xF4
  { 21658,  26,  37,  29,    2,  -35 },   // 0xF5
  { 21779,  26,  37,  29,    2,  -35 },   // 0xF6
  { 21900,  21,  24,  27,    3,  -25 },   // 0xF7
  { 21963,  27,  26,  29,    1,  -24 },   // 0xF8
  { 22051,  30,  39,  32,    1,  -37 },   // 0xF9
  { 22198,  30,  39,  32,    1,  -37 },   // 0xFA
  { 22345,  30,  39,  32,    1,  -37 },   // 0xFB
  { 22492,  30,  37,  32,    1,  -35 },   // 0xFC
  { 22631,  29,  49,  29,    0,  -37 },   // 0xFD
  { 22809,  29,  46,  30,    0,  -35 },   // 0xFE
  { 22976,  29,  47,  29,    0,  -35 } }; // 0xFF

const GFXfont Literata_Bold24pt8b PROGMEM = {
  (uint8_t  *)Literata_Bold24pt8bBitmaps,
  (GFXglyph *)Literata_Bold24pt8bGlyphs,
  0x20, 0xFF, 70 };

// Approx. 24722 bytes

