// Font data for Merriweather.h - see header for provenance and regeneration notes.
#include "Merriweather.h"

const uint8_t Merriweather_Regular9pt8bBitmaps[] PROGMEM = {
  0x00, 0xFB, 0x24, 0x92, 0x49, 0x20, 0x3F, 0x6D, 0xB6, 0xD2, 0x4B, 0x60,
  0x08, 0x82, 0x21, 0x08, 0x44, 0x7F, 0xDF, 0xF1, 0x10, 0x44, 0x21, 0x3F,
  0xF2, 0x20, 0x88, 0x22, 0x08, 0x80, 0x18, 0x18, 0x7E, 0xC2, 0xC2, 0xC0,
  0xE0, 0x70, 0x3C, 0x0E, 0x03, 0x83, 0x83, 0x83, 0xFE, 0x10, 0x10, 0x38,
  0x30, 0x4C, 0x20, 0xC4, 0x40, 0xC6, 0x40, 0xC4, 0xC0, 0xC4, 0x8C, 0x79,
  0x93, 0x01, 0x33, 0x01, 0x21, 0x02, 0x21, 0x02, 0x33, 0x06, 0x32, 0x04,
  0x0C, 0x1E, 0x02, 0x30, 0x63, 0x06, 0x30, 0x32, 0x03, 0x40, 0x18, 0xF6,
  0xC6, 0xC6, 0x6C, 0x74, 0xC3, 0xCE, 0x1C, 0x3E, 0x70, 0x6D, 0xA5, 0x80,
  0x08, 0xCC, 0x46, 0x23, 0x18, 0xC6, 0x31, 0x84, 0x31, 0x86, 0x10, 0x40,
  0xC2, 0x08, 0x61, 0x0C, 0x61, 0x08, 0x42, 0x11, 0x8C, 0x46, 0x66, 0x00,
  0x08, 0x04, 0x12, 0x5D, 0x71, 0xE0, 0xF3, 0xAE, 0x92, 0x08, 0x06, 0x00,
  0x18, 0x18, 0x18, 0x18, 0xFF, 0x18, 0x18, 0x18, 0x18, 0xDD, 0x25, 0x00,
  0xFE, 0xF0, 0x08, 0xC6, 0x21, 0x18, 0xC4, 0x23, 0x18, 0xC4, 0x23, 0x18,
  0x80, 0x3E, 0x31, 0x90, 0x78, 0x3C, 0x1E, 0x0F, 0x07, 0x83, 0xC1, 0xE0,
  0xD8, 0x6C, 0x63, 0xE0, 0x33, 0xC3, 0x0C, 0x30, 0xC3, 0x0C, 0x30, 0xC3,
  0x0C, 0xFC, 0x3E, 0x18, 0xC4, 0x18, 0x06, 0x01, 0x80, 0x40, 0x30, 0x18,
  0x04, 0x03, 0x01, 0x84, 0x82, 0xFF, 0x80, 0x7C, 0x86, 0x06, 0x06, 0x06,
  0x18, 0x3E, 0x07, 0x03, 0x03, 0x07, 0x0E, 0xF8, 0x06, 0x03, 0x80, 0xC0,
  0x60, 0x18, 0x04, 0x43, 0x30, 0x8C, 0x63, 0x3F, 0xF0, 0x30, 0x0C, 0x03,
  0x00, 0x7F, 0x40, 0x40, 0x40, 0x40, 0xFE, 0x87, 0x03, 0x03, 0x03, 0x06,
  0x0E, 0xF8, 0x02, 0x06, 0x06, 0x06, 0x06, 0x03, 0x63, 0xFD, 0x86, 0xC1,
  0xE0, 0xF0, 0x78, 0x36, 0x31, 0xF0, 0xFF, 0xC0, 0xA0, 0xD0, 0x40, 0x20,
  0x30, 0x10, 0x18, 0x0C, 0x04, 0x06, 0x03, 0x03, 0x00, 0x3E, 0x21, 0xB0,
  0x58, 0x26, 0x33, 0xF0, 0xF8, 0x8E, 0xC3, 0x60, 0xF0, 0x78, 0x67, 0xE0,
  0x3E, 0x21, 0xB0, 0xD8, 0x3C, 0x1E, 0x0F, 0x0E, 0xEE, 0x1B, 0x01, 0x81,
  0x81, 0x81, 0x83, 0x00, 0xF8, 0x00, 0x07, 0xC0, 0xD8, 0x00, 0x06, 0xE9,
  0x68, 0x00, 0x81, 0xC3, 0x87, 0x06, 0x07, 0x00, 0xE0, 0x1C, 0x03, 0x80,
  0x40, 0xFF, 0xFF, 0x00, 0x00, 0x00, 0xFF, 0x80, 0xE0, 0x38, 0x0E, 0x03,
  0x07, 0x1C, 0x70, 0xC0, 0x80, 0xF9, 0x38, 0x18, 0x30, 0x60, 0xC3, 0x0C,
  0x30, 0xC0, 0x81, 0x00, 0x00, 0x0C, 0x38, 0x03, 0xF8, 0x0C, 0x0C, 0x10,
  0x06, 0x20, 0x02, 0x21, 0xF3, 0x42, 0x31, 0x44, 0x31, 0xCC, 0x21, 0xCC,
  0x63, 0xCC, 0x62, 0xCC, 0xA2, 0xCD, 0xA4, 0x47, 0x38, 0x40, 0x00, 0x60,
  0x00, 0x30, 0x00, 0x1F, 0xE0, 0x07, 0x00, 0x38, 0x03, 0xC0, 0x13, 0x00,
  0x98, 0x0C, 0xC0, 0x43, 0x02, 0x18, 0x3F, 0xC1, 0x03, 0x08, 0x18, 0xC0,
  0xCF, 0x0F, 0x80, 0xFF, 0x18, 0x66, 0x19, 0x86, 0x61, 0x98, 0xC7, 0xF9,
  0x83, 0x60, 0xD8, 0x36, 0x0D, 0x87, 0xFF, 0x00, 0x1F, 0xD8, 0x36, 0x0F,
  0x00, 0xC0, 0x30, 0x0C, 0x03, 0x00, 0xC0, 0x30, 0x0E, 0x0D, 0xC3, 0x3F,
  0x80, 0xFF, 0x86, 0x0C, 0x60, 0x66, 0x06, 0x60, 0x76, 0x03, 0x60, 0x36,
  0x03, 0x60, 0x66, 0x06, 0x60, 0x46, 0x1C, 0xFF, 0x00, 0xFF, 0x98, 0x26,
  0x09, 0x80, 0x62, 0x18, 0x87, 0xE1, 0x88, 0x60, 0x18, 0x06, 0x05, 0x83,
  0xFF, 0xC0, 0xFF, 0xB0, 0x58, 0x2C, 0x06, 0x13, 0x19, 0xFC, 0xC6, 0x61,
  0x30, 0x18, 0x0C, 0x0F, 0xC0, 0x0F, 0xE1, 0x81, 0x08, 0x08, 0xC0, 0x06,
  0x00, 0x30, 0x03, 0x87, 0xFC, 0x0E, 0x60, 0x33, 0x01, 0x8C, 0x0C, 0x70,
  0x60, 0xFC, 0x00, 0xF8, 0xF6, 0x06, 0x60, 0x66, 0x06, 0x60, 0x66, 0x06,
  0x7F, 0xE6, 0x06, 0x60, 0x66, 0x06, 0x60, 0x66, 0x06, 0xF8, 0xF0, 0xFB,
  0x18, 0xC6, 0x31, 0x8C, 0x63, 0x18, 0xCF, 0x80, 0x7C, 0xC3, 0x0C, 0x30,
  0xC3, 0x0C, 0x30, 0xC3, 0x0C, 0x30, 0xC6, 0x30, 0xF9, 0xE6, 0x08, 0x61,
  0x06, 0x30, 0x66, 0x06, 0xC0, 0x6E, 0x07, 0x30, 0x63, 0x06, 0x18, 0x61,
  0xC6, 0x0C, 0xF8, 0x70, 0xF8, 0x18, 0x06, 0x01, 0x80, 0x60, 0x18, 0x06,
  0x01, 0x80, 0x60, 0x18, 0x36, 0x09, 0x82, 0xFF, 0x80, 0x7C, 0x0F, 0x0E,
  0x0A, 0x05, 0x85, 0x82, 0xC2, 0xC1, 0x63, 0x61, 0x91, 0x30, 0xCC, 0x98,
  0x46, 0xCC, 0x21, 0x46, 0x10, 0xE1, 0x08, 0x70, 0xC4, 0x10, 0x6F, 0x80,
  0xF8, 0xE0, 0xF7, 0x02, 0x58, 0x25, 0x82, 0x4C, 0x24, 0xE2, 0x46, 0x24,
  0x32, 0x43, 0xA4, 0x1A, 0x40, 0xE4, 0x06, 0xF0, 0x60, 0x1F, 0x8C, 0x19,
  0x83, 0x60, 0x3C, 0x07, 0x80, 0xF0, 0x1E, 0x03, 0xC0, 0x78, 0x0F, 0x83,
  0x30, 0xC3, 0xF0, 0xFF, 0x18, 0x66, 0x0D, 0x83, 0x60, 0xD8, 0x26, 0x19,
  0xFC, 0x60, 0x18, 0x06, 0x01, 0x80, 0xF8, 0x00, 0x1F, 0x83, 0x06, 0x18,
  0x31, 0x80, 0xCC, 0x06, 0x60, 0x33, 0x01, 0x98, 0x0C, 0xC0, 0x66, 0x03,
  0x38, 0x30, 0xC3, 0x03, 0xF0, 0x00, 0xC0, 0x03, 0x80, 0x0F, 0xFF, 0x0C,
  0x31, 0x87, 0x30, 0x66, 0x18, 0xC3, 0x1F, 0xC3, 0x18, 0x63, 0x0C, 0x31,
  0x86, 0x30, 0x6F, 0x8E, 0x3F, 0x20, 0xB0, 0x58, 0x06, 0x03, 0xC0, 0x78,
  0x0E, 0x03, 0xC0, 0xF0, 0x78, 0x67, 0xE0, 0x7F, 0xF4, 0x63, 0x46, 0x3C,
  0x61, 0xC6, 0x10, 0x60, 0x06, 0x00, 0x60, 0x06, 0x00, 0x60, 0x06, 0x00,
  0x60, 0x1F, 0xC0, 0xF8, 0x79, 0x81, 0x0C, 0x08, 0x60, 0x43, 0x02, 0x18,
  0x10, 0xC0, 0x86, 0x04, 0x30, 0x21, 0x81, 0x0C, 0x08, 0x30, 0x80, 0xF8,
  0x00, 0xF0, 0xF6, 0x06, 0x60, 0x43, 0x04, 0x30, 0xC3, 0x08, 0x18, 0x81,
  0x98, 0x19, 0x00, 0xD0, 0x0F, 0x00, 0x60, 0x06, 0x00, 0xF1, 0xE3, 0xD8,
  0x30, 0x66, 0x0C, 0x10, 0xC3, 0x04, 0x30, 0xE1, 0x0C, 0x58, 0x81, 0x16,
  0x20, 0x64, 0xC8, 0x1B, 0x36, 0x06, 0x8D, 0x00, 0xA1, 0x40, 0x38, 0x70,
  0x0C, 0x18, 0x00, 0xFC, 0xF1, 0x82, 0x06, 0x10, 0x31, 0x00, 0xD0, 0x03,
  0x80, 0x18, 0x00, 0xE0, 0x09, 0x80, 0xCE, 0x04, 0x30, 0x40, 0xCF, 0x9F,
  0x80, 0xF0, 0xF6, 0x04, 0x30, 0xC3, 0x08, 0x19, 0x81, 0x90, 0x0E, 0x00,
  0xE0, 0x06, 0x00, 0x60, 0x06, 0x00, 0x60, 0x1F, 0x80, 0x3F, 0xEC, 0x19,
  0x86, 0x01, 0xC0, 0x30, 0x0C, 0x03, 0x80, 0x60, 0x18, 0x07, 0x04, 0xC1,
  0xB0, 0x2F, 0xFC, 0xF8, 0x88, 0x88, 0x88, 0x88, 0x88, 0x88, 0x8F, 0x82,
  0x0C, 0x30, 0x41, 0x86, 0x08, 0x20, 0xC3, 0x04, 0x18, 0x60, 0x82, 0x0C,
  0xF3, 0x33, 0x33, 0x33, 0x33, 0x33, 0x33, 0x3F, 0x18, 0x38, 0x3C, 0x2C,
  0x24, 0x66, 0x46, 0x42, 0xC2, 0x83, 0x81, 0xFF, 0x80, 0xCE, 0x63, 0x3E,
  0x33, 0x80, 0xC0, 0x61, 0xF3, 0x99, 0x0D, 0x86, 0x63, 0x3F, 0xC0, 0xE0,
  0x18, 0x06, 0x01, 0x80, 0x6F, 0x1C, 0xE6, 0x1D, 0x83, 0x60, 0xD8, 0x36,
  0x0D, 0x86, 0x61, 0x9F, 0x80, 0x3E, 0xC7, 0x0E, 0x0C, 0x18, 0x30, 0x60,
  0xE2, 0x7C, 0x07, 0x01, 0x80, 0xC0, 0x63, 0xF3, 0x1B, 0x0D, 0x86, 0xC3,
  0x61, 0xB0, 0xD8, 0x6E, 0x33, 0xFC, 0x3C, 0x46, 0xC3, 0xC3, 0xFF, 0x80,
  0xC0, 0xC0, 0xE2, 0x7E, 0x0C, 0xF2, 0x18, 0x63, 0xE6, 0x18, 0x61, 0x86,
  0x18, 0x61, 0x8F, 0x80, 0x3F, 0xA1, 0xF0, 0xD8, 0x6C, 0x33, 0x31, 0x60,
  0x80, 0xE0, 0x3F, 0xF0, 0x70, 0x3C, 0x1E, 0x18, 0xF0, 0xF0, 0x06, 0x00,
  0xC0, 0x18, 0x03, 0x78, 0x73, 0x8C, 0x31, 0x86, 0x30, 0xC6, 0x18, 0xC3,
  0x18, 0x63, 0x0C, 0xF3, 0xC0, 0x66, 0x00, 0xE6, 0x66, 0x66, 0x66, 0x6F,
  0x33, 0x00, 0x73, 0x33, 0x33, 0x33, 0x33, 0x33, 0x2E, 0xF0, 0x06, 0x00,
  0xC0, 0x18, 0x03, 0x3E, 0x63, 0x0C, 0xC1, 0xB0, 0x36, 0x07, 0x60, 0xCC,
  0x18, 0xC3, 0x0C, 0xF3, 0xC0, 0xF1, 0x8C, 0x63, 0x18, 0xC6, 0x31, 0x8C,
  0x63, 0x7C, 0xCF, 0x3C, 0x73, 0xCC, 0x61, 0x86, 0x61, 0x86, 0x61, 0x86,
  0x61, 0x86, 0x61, 0x86, 0x61, 0x86, 0x61, 0x86, 0xF3, 0xCF, 0xEF, 0x1C,
  0xE6, 0x19, 0x86, 0x61, 0x98, 0x66, 0x19, 0x86, 0x61, 0xBC, 0xF0, 0x3E,
  0x31, 0xB0, 0xD8, 0x3C, 0x1E, 0x0F, 0x07, 0x86, 0xE3, 0x3E, 0x00, 0xEF,
  0x1C, 0x62, 0x0C, 0x83, 0x20, 0xC8, 0x32, 0x0C, 0x83, 0x21, 0x8F, 0xC2,
  0x00, 0x80, 0x20, 0x3E, 0x00, 0x3F, 0x31, 0xB0, 0xD8, 0x6C, 0x36, 0x1B,
  0x0D, 0x86, 0xE3, 0x3F, 0x80, 0xC0, 0x60, 0x30, 0x7C, 0xEE, 0xFD, 0x83,
  0x06, 0x0C, 0x18, 0x30, 0x61, 0xF0, 0x7D, 0x8B, 0x16, 0x07, 0x07, 0x83,
  0xC3, 0x87, 0xF8, 0x20, 0x43, 0xF1, 0x02, 0x04, 0x08, 0x10, 0x20, 0x40,
  0xC9, 0xE0, 0xE3, 0x98, 0x66, 0x19, 0x86, 0x61, 0x98, 0x66, 0x18, 0x86,
  0x31, 0x8F, 0xB0, 0xF1, 0xD8, 0x26, 0x18, 0xC4, 0x31, 0x0C, 0xC1, 0xA0,
  0x68, 0x0C, 0x03, 0x00, 0xF1, 0x9E, 0xC3, 0x09, 0x8A, 0x31, 0x16, 0x43,
  0x2C, 0x86, 0xD9, 0x0D, 0x14, 0x0A, 0x38, 0x1C, 0x70, 0x30, 0xE0, 0xFB,
  0xDC, 0x23, 0x10, 0x68, 0x0E, 0x03, 0x81, 0x60, 0xCC, 0x21, 0xBC, 0xF0,
  0xF1, 0xD8, 0x26, 0x18, 0xC6, 0x31, 0x0C, 0x41, 0xB0, 0x68, 0x0A, 0x03,
  0x80, 0x40, 0x30, 0x08, 0x0E, 0x00, 0x7F, 0xB0, 0xD0, 0xC0, 0xC0, 0xC0,
  0xE0, 0x60, 0x61, 0x61, 0xFF, 0xC0, 0x3E, 0x60, 0x81, 0x83, 0x06, 0x0C,
  0x70, 0xE0, 0x60, 0xC1, 0x83, 0x04, 0x0C, 0x1F, 0xFF, 0xFF, 0x80, 0xF8,
  0x30, 0x20, 0xC1, 0x83, 0x06, 0x07, 0x0E, 0x30, 0x60, 0xC1, 0x81, 0x02,
  0x7C, 0x03, 0xEE, 0x30, 0xFF, 0xFF, 0xFF, 0xDF, 0x7C, 0xE7, 0xE4, 0xFF,
  0x9F, 0xF1, 0xFE, 0x4F, 0xCE, 0x7F, 0xF7, 0xFF, 0xFF, 0xFF, 0xFF, 0xFF,
  0xFF, 0xDF, 0x7C, 0xE7, 0xE4, 0xFF, 0x9F, 0xF1, 0xFE, 0x4F, 0xCE, 0x7F,
  0xF7, 0xFF, 0xFF, 0xFF, 0xFF, 0xFF, 0xFF, 0xDF, 0x7C, 0xE7, 0xE4, 0xFF,
  0x9F, 0xF1, 0xFE, 0x4F, 0xCE, 0x7F, 0xF7, 0xFF, 0xFF, 0xFF, 0xFF, 0xFF,
  0xFF, 0xDF, 0x7C, 0xE7, 0xE4, 0xFF, 0x9F, 0xF1, 0xFE, 0x4F, 0xCE, 0x7F,
  0xF7, 0xFF, 0xFF, 0xFF, 0xFF, 0xFF, 0xFF, 0xDF, 0x7C, 0xE7, 0xE4, 0xFF,
  0x9F, 0xF1, 0xFE, 0x4F, 0xCE, 0x7F, 0xF7, 0xFF, 0xFF, 0xFF, 0xFF, 0xFF,
  0xFF, 0xDF, 0x7C, 0xE7, 0xE4, 0xFF, 0x9F, 0xF1, 0xFE, 0x4F, 0xCE, 0x7F,
  0xF7, 0xFF, 0xFF, 0xFF, 0xFF, 0xFF, 0xFF, 0xDF, 0x7C, 0xE7, 0xE4, 0xFF,
  0x9F, 0xF1, 0xFE, 0x4F, 0xCE, 0x7F, 0xF7, 0xFF, 0xFF, 0xFF, 0xFF, 0xFF,
  0xFF, 0xDF, 0x7C, 0xE7, 0xE4, 0xFF, 0x9F, 0xF1, 0xFE, 0x4F, 0xCE, 0x7F,
  0xF7, 0xFF, 0xFF, 0xFF, 0xFF, 0xFF, 0xFF, 0xDF, 0x7C, 0xE7, 0xE4, 0xFF,
  0x9F, 0xF1, 0xFE, 0x4F, 0xCE, 0x7F, 0xF7, 0xFF, 0xFF, 0xFF, 0xFF, 0xFF,
  0xFF, 0xDF, 0x7C, 0xE7, 0xE4, 0xFF, 0x9F, 0xF1, 0xFE, 0x4F, 0xCE, 0x7F,
  0xF7, 0xFF, 0xFF, 0xFF, 0xFF, 0xFF, 0xFF, 0xDF, 0x7C, 0xE7, 0xE4, 0xFF,
  0x9F, 0xF1, 0xFE, 0x4F, 0xCE, 0x7F, 0xF7, 0xFF, 0xFF, 0xFF, 0xFF, 0xFF,
  0xFF, 0xDF, 0x7C, 0xE7, 0xE4, 0xFF, 0x9F, 0xF1, 0xFE, 0x4F, 0xCE, 0x7F,
  0xF7, 0xFF, 0xFF, 0xFF, 0xFF, 0xFF, 0xFF, 0xDF, 0x7C, 0xE7, 0xE4, 0xFF,
  0x9F, 0xF1, 0xFE, 0x4F, 0xCE, 0x7F, 0xF7, 0xFF, 0xFF, 0xFF, 0xFF, 0xFF,
  0xFF, 0xDF, 0x7C, 0xE7, 0xE4, 0xFF, 0x9F, 0xF1, 0xFE, 0x4F, 0xCE, 0x7F,
  0xF7, 0xFF, 0xFF, 0xFF, 0xFF, 0xFF, 0xFF, 0xDF, 0x7C, 0xE7, 0xE4, 0xFF,
  0x9F, 0xF1, 0xFE, 0x4F, 0xCE, 0x7F, 0xF7, 0xFF, 0xFF, 0xFF, 0xFF, 0xFF,
  0xFF, 0xDF, 0x7C, 0xE7, 0xE4, 0xFF, 0x9F, 0xF1, 0xFE, 0x4F, 0xCE, 0x7F,
  0xF7, 0xFF, 0xFF, 0xFF, 0xFF, 0xFF, 0xFF, 0xDF, 0x7C, 0xE7, 0xE4, 0xFF,
  0x9F, 0xF1, 0xFE, 0x4F, 0xCE, 0x7F, 0xF7, 0xFF, 0xFF, 0xFF, 0xFF, 0xFF,
  0xFF, 0xDF, 0x7C, 0xE7, 0xE4, 0xFF, 0x9F, 0xF1, 0xFE, 0x4F, 0xCE, 0x7F,
  0xF7, 0xFF, 0xFF, 0xFF, 0xFF, 0xFF, 0xFF, 0xDF, 0x7C, 0xE7, 0xE4, 0xFF,
  0x9F, 0xF1, 0xFE, 0x4F, 0xCE, 0x7F, 0xF7, 0xFF, 0xFF, 0xFF, 0xFF, 0xFF,
  0xFF, 0xDF, 0x7C, 0xE7, 0xE4, 0xFF, 0x9F, 0xF1, 0xFE, 0x4F, 0xCE, 0x7F,
  0xF7, 0xFF, 0xFF, 0xFF, 0xFF, 0xFF, 0xFF, 0xDF, 0x7C, 0xE7, 0xE4, 0xFF,
  0x9F, 0xF1, 0xFE, 0x4F, 0xCE, 0x7F, 0xF7, 0xFF, 0xFF, 0xFF, 0xFF, 0xFF,
  0xFF, 0xDF, 0x7C, 0xE7, 0xE4, 0xFF, 0x9F, 0xF1, 0xFE, 0x4F, 0xCE, 0x7F,
  0xF7, 0xFF, 0xFF, 0xFF, 0xFF, 0xFF, 0xFF, 0xDF, 0x7C, 0xE7, 0xE4, 0xFF,
  0x9F, 0xF1, 0xFE, 0x4F, 0xCE, 0x7F, 0xF7, 0xFF, 0xFF, 0xFF, 0xFF, 0xFF,
  0xFF, 0xDF, 0x7C, 0xE7, 0xE4, 0xFF, 0x9F, 0xF1, 0xFE, 0x4F, 0xCE, 0x7F,
  0xF7, 0xFF, 0xFF, 0xFF, 0xFF, 0xFF, 0xFF, 0xDF, 0x7C, 0xE7, 0xE4, 0xFF,
  0x9F, 0xF1, 0xFE, 0x4F, 0xCE, 0x7F, 0xF7, 0xFF, 0xFF, 0xFF, 0xFF, 0xFF,
  0xFF, 0xDF, 0x7C, 0xE7, 0xE4, 0xFF, 0x9F, 0xF1, 0xFE, 0x4F, 0xCE, 0x7F,
  0xF7, 0xFF, 0xFF, 0xFF, 0xFF, 0xFF, 0xFF, 0xDF, 0x7C, 0xE7, 0xE4, 0xFF,
  0x9F, 0xF1, 0xFE, 0x4F, 0xCE, 0x7F, 0xF7, 0xFF, 0xFF, 0xFF, 0xFF, 0xFF,
  0xFF, 0xDF, 0x7C, 0xE7, 0xE4, 0xFF, 0x9F, 0xF1, 0xFE, 0x4F, 0xCE, 0x7F,
  0xF7, 0xFF, 0xFF, 0xFF, 0xFF, 0xFF, 0xFF, 0xDF, 0x7C, 0xE7, 0xE4, 0xFF,
  0x9F, 0xF1, 0xFE, 0x4F, 0xCE, 0x7F, 0xF7, 0xFF, 0xFF, 0xFF, 0xFF, 0xFF,
  0xFF, 0xDF, 0x7C, 0xE7, 0xE4, 0xFF, 0x9F, 0xF1, 0xFE, 0x4F, 0xCE, 0x7F,
  0xF7, 0xFF, 0xFF, 0xFF, 0xFF, 0xFF, 0xFF, 0xDF, 0x7C, 0xE7, 0xE4, 0xFF,
  0x9F, 0xF1, 0xFE, 0x4F, 0xCE, 0x7F, 0xF7, 0xFF, 0xFF, 0xFF, 0xFF, 0xFF,
  0xFF, 0xDF, 0x7C, 0xE7, 0xE4, 0xFF, 0x9F, 0xF1, 0xFE, 0x4F, 0xCE, 0x7F,
  0xF7, 0xFF, 0xFF, 0xFF, 0xFF, 0xFF, 0xFF, 0xDF, 0x7C, 0xE7, 0xE4, 0xFF,
  0x9F, 0xF1, 0xFE, 0x4F, 0xCE, 0x7F, 0xF7, 0xFF, 0xFF, 0xFF, 0x00, 0xFC,
  0x04, 0x92, 0x49, 0x36, 0xDB, 0x04, 0x04, 0x1F, 0x63, 0x63, 0xC0, 0xC0,
  0xC0, 0xC0, 0x60, 0x71, 0x3E, 0x08, 0x08, 0x0F, 0xC3, 0x10, 0x40, 0x18,
  0x03, 0x00, 0xFC, 0x0C, 0x01, 0x80, 0x30, 0x06, 0x0C, 0xC1, 0xFC, 0x3C,
  0x7C, 0x80, 0xE4, 0xDF, 0xCC, 0x64, 0x12, 0x09, 0x04, 0xC6, 0x7F, 0x60,
  0xC0, 0xF9, 0xF3, 0x04, 0x30, 0x81, 0x98, 0x0D, 0x00, 0xE0, 0x7F, 0xE0,
  0x60, 0x06, 0x07, 0xFE, 0x06, 0x00, 0x60, 0x1F, 0x80, 0xFE, 0x7F, 0x80,
  0x7F, 0xC3, 0xC2, 0xC0, 0x78, 0xBE, 0x87, 0x83, 0xE1, 0x79, 0x1E, 0x07,
  0x83, 0x83, 0xC6, 0x3C, 0xCF, 0x30, 0x0F, 0xC0, 0x60, 0x61, 0x80, 0x22,
  0x1E, 0x68, 0xC4, 0x51, 0x08, 0xA6, 0x00, 0xCC, 0x01, 0x98, 0x03, 0x18,
  0x0A, 0x3F, 0x12, 0x18, 0x42, 0x01, 0x83, 0x06, 0x01, 0xF0, 0x00, 0x7C,
  0x46, 0x06, 0x3E, 0x66, 0xC6, 0xC6, 0x7F, 0x08, 0xC4, 0x23, 0x11, 0x9C,
  0xC6, 0x39, 0x86, 0x30, 0xC6, 0x18, 0xC0, 0xFF, 0xFF, 0x01, 0x01, 0x01,
  0xFF, 0xFF, 0xFF, 0xDF, 0x7C, 0xE7, 0xE4, 0xFF, 0x9F, 0xF1, 0xFE, 0x4F,
  0xCE, 0x7F, 0xF7, 0xFF, 0xFF, 0xFF, 0x0F, 0xC0, 0x60, 0x61, 0x80, 0x22,
  0x7C, 0x68, 0x44, 0x50, 0x88, 0xA1, 0x10, 0xC3, 0xC1, 0x84, 0x83, 0x09,
  0x8A, 0x11, 0x92, 0x71, 0x42, 0x01, 0x83, 0x06, 0x01, 0xF0, 0x00, 0xF8,
  0x7B, 0x38, 0x61, 0x4C, 0xE0, 0x10, 0x10, 0x10, 0x10, 0xFF, 0x10, 0x10,
  0x10, 0x00, 0xFE, 0x7D, 0x98, 0x10, 0x60, 0x82, 0x08, 0xFF, 0xFC, 0x30,
  0x9C, 0x0C, 0x10, 0xDE, 0x36, 0xC8, 0xE3, 0x98, 0x66, 0x19, 0x86, 0x61,
  0x98, 0x66, 0x19, 0x86, 0x71, 0x9B, 0xB6, 0x01, 0x80, 0x60, 0x00, 0x1F,
  0xEF, 0x33, 0xE2, 0x7C, 0x4F, 0x89, 0xF1, 0x3E, 0x23, 0xC4, 0x08, 0x81,
  0x10, 0x22, 0x04, 0x40, 0x88, 0x11, 0x0E, 0x30, 0xF0, 0x22, 0x3E, 0x13,
  0xC3, 0x0C, 0x30, 0xC3, 0x0C, 0x7C, 0x7D, 0x8A, 0x1C, 0x38, 0x78, 0xF1,
  0x3C, 0xC6, 0x10, 0x83, 0x30, 0xE6, 0x18, 0xC6, 0x73, 0x19, 0x8C, 0xC6,
  0x00, 0x10, 0x01, 0xE0, 0x60, 0xC0, 0x81, 0x83, 0x03, 0x04, 0x06, 0x18,
  0x0C, 0x20, 0x18, 0x4C, 0x7D, 0x30, 0x02, 0x40, 0x09, 0xB0, 0x12, 0x60,
  0x4F, 0xE0, 0x81, 0x82, 0x03, 0x0C, 0x00, 0x10, 0x00, 0xF0, 0x30, 0x30,
  0x20, 0x30, 0x60, 0x30, 0x40, 0x30, 0xC0, 0x30, 0x80, 0x30, 0xBE, 0x7D,
  0x66, 0x01, 0x02, 0x02, 0x06, 0x02, 0x04, 0x04, 0x08, 0x04, 0x11, 0x08,
  0x7F, 0x18, 0x00, 0xFC, 0x18, 0x0C, 0x10, 0x08, 0x30, 0x70, 0x20, 0x0C,
  0x60, 0x04, 0x40, 0x0C, 0x4C, 0x78, 0x98, 0x00, 0x90, 0x01, 0x36, 0x01,
  0x26, 0x02, 0x7F, 0x02, 0x06, 0x04, 0x06, 0x0C, 0x00, 0x18, 0x30, 0x00,
  0x01, 0x83, 0x06, 0x0C, 0x31, 0x83, 0x04, 0x08, 0x18, 0x18, 0x9F, 0x0C,
  0x00, 0x60, 0x00, 0x80, 0x00, 0x00, 0x70, 0x03, 0x80, 0x3C, 0x01, 0x30,
  0x09, 0x80, 0xCC, 0x04, 0x30, 0x21, 0x83, 0xFC, 0x10, 0x30, 0x81, 0x8C,
  0x0C, 0xF0, 0xF8, 0x01, 0x80, 0x18, 0x00, 0x80, 0x00, 0x00, 0x70, 0x03,
  0x80, 0x3C, 0x01, 0x30, 0x09, 0x80, 0xCC, 0x04, 0x30, 0x21, 0x83, 0xFC,
  0x10, 0x30, 0x81, 0x8C, 0x0C, 0xF0, 0xF8, 0x06, 0x00, 0x68, 0x04, 0x20,
  0x00, 0x00, 0x70, 0x03, 0x80, 0x3C, 0x01, 0x30, 0x09, 0x80, 0xCC, 0x04,
  0x30, 0x21, 0x83, 0xFC, 0x10, 0x30, 0x81, 0x8C, 0x0C, 0xF0, 0xF8, 0x04,
  0x80, 0x74, 0x02, 0x40, 0x00, 0x00, 0x70, 0x03, 0x80, 0x3C, 0x01, 0x30,
  0x09, 0x80, 0xCC, 0x04, 0x30, 0x21, 0x83, 0xFC, 0x10, 0x30, 0x81, 0x8C,
  0x0C, 0xF0, 0xF8, 0x09, 0x80, 0x6C, 0x02, 0x40, 0x00, 0x00, 0x70, 0x03,
  0x80, 0x3C, 0x01, 0x30, 0x09, 0x80, 0xCC, 0x04, 0x30, 0x21, 0x83, 0xFC,
  0x10, 0x30, 0x81, 0x8C, 0x0C, 0xF0, 0xF8, 0x07, 0x00, 0x44, 0x02, 0x20,
  0x0E, 0x00, 0x00, 0x03, 0x80, 0x1C, 0x01, 0xE0, 0x09, 0x80, 0x4C, 0x06,
  0x60, 0x21, 0x81, 0x0C, 0x1F, 0xE0, 0x81, 0x84, 0x0C, 0x60, 0x67, 0x87,
  0xC0, 0x0F, 0xFF, 0x80, 0xD8, 0x60, 0x26, 0x08, 0x19, 0x80, 0x04, 0x62,
  0x03, 0x18, 0x80, 0xC7, 0xE0, 0x21, 0x88, 0x1F, 0xE0, 0x04, 0x18, 0x03,
  0x06, 0x0C, 0x81, 0x83, 0xF9, 0xFF, 0x80, 0x1F, 0xD8, 0x36, 0x0F, 0x00,
  0xC0, 0x30, 0x0C, 0x03, 0x00, 0xC0, 0x30, 0x0E, 0x0D, 0xC3, 0x3F, 0x80,
  0x80, 0x20, 0x0C, 0x0E, 0x00, 0x30, 0x0C, 0x00, 0x80, 0x00, 0xFF, 0x98,
  0x26, 0x09, 0x80, 0x62, 0x18, 0x87, 0xE1, 0x88, 0x60, 0x18, 0x06, 0x05,
  0x83, 0xFF, 0xC0, 0x06, 0x03, 0x00, 0x80, 0x00, 0xFF, 0x98, 0x26, 0x09,
  0x80, 0x62, 0x18, 0x87, 0xE1, 0x88, 0x60, 0x18, 0x06, 0x05, 0x83, 0xFF,
  0xC0, 0x0C, 0x06, 0x82, 0x10, 0x00, 0xFF, 0x98, 0x26, 0x09, 0x80, 0x62,
  0x18, 0x87, 0xE1, 0x88, 0x60, 0x18, 0x06, 0x05, 0x83, 0xFF, 0xC0, 0x26,
  0x0D, 0x82, 0x40, 0x00, 0xFF, 0x98, 0x26, 0x09, 0x80, 0x62, 0x18, 0x87,
  0xE1, 0x88, 0x60, 0x18, 0x06, 0x05, 0x83, 0xFF, 0xC0, 0xC6, 0x08, 0x0F,
  0xB1, 0x8C, 0x63, 0x18, 0xC6, 0x31, 0x8C, 0xF8, 0x19, 0x88, 0x0F, 0xB1,
  0x8C, 0x63, 0x18, 0xC6, 0x31, 0x8C, 0xF8, 0x31, 0xA8, 0x40, 0x7C, 0xC3,
  0x0C, 0x30, 0xC3, 0x0C, 0x30, 0xC3, 0x0C, 0x7C, 0x9E, 0xE4, 0x0F, 0xB1,
  0x8C, 0x63, 0x18, 0xC6, 0x31, 0x8C, 0xF8, 0xFF, 0x86, 0x0C, 0x60, 0x66,
  0x06, 0x60, 0x76, 0x03, 0xFC, 0x36, 0x03, 0x60, 0x66, 0x06, 0x60, 0x46,
  0x1C, 0xFF, 0x00, 0x04, 0x80, 0xE8, 0x09, 0x00, 0x00, 0xE0, 0xF7, 0x02,
  0x58, 0x25, 0x82, 0x4C, 0x24, 0xE2, 0x46, 0x24, 0x32, 0x43, 0xA4, 0x1A,
  0x40, 0xE4, 0x06, 0xF0, 0x60, 0x18, 0x03, 0x00, 0x10, 0x00, 0x01, 0xF8,
  0xC1, 0x98, 0x36, 0x03, 0xC0, 0x78, 0x0F, 0x01, 0xE0, 0x3C, 0x07, 0x80,
  0xF8, 0x33, 0x0C, 0x3F, 0x00, 0x03, 0x00, 0xC0, 0x10, 0x00, 0x01, 0xF8,
  0xC1, 0x98, 0x36, 0x03, 0xC0, 0x78, 0x0F, 0x01, 0xE0, 0x3C, 0x07, 0x80,
  0xF8, 0x33, 0x0C, 0x3F, 0x00, 0x0C, 0x03, 0x40, 0x84, 0x00, 0x01, 0xF8,
  0xC1, 0x98, 0x36, 0x03, 0xC0, 0x78, 0x0F, 0x01, 0xE0, 0x3C, 0x07, 0x80,
  0xF8, 0x33, 0x0C, 0x3F, 0x00, 0x09, 0x03, 0xA0, 0x48, 0x00, 0x01, 0xF8,
  0xC1, 0x98, 0x36, 0x03, 0xC0, 0x78, 0x0F, 0x01, 0xE0, 0x3C, 0x07, 0x80,
  0xF8, 0x33, 0x0C, 0x3F, 0x00, 0x13, 0x03, 0x60, 0x48, 0x00, 0x01, 0xF8,
  0xC1, 0x98, 0x36, 0x03, 0xC0, 0x78, 0x0F, 0x01, 0xE0, 0x3C, 0x07, 0x80,
  0xF8, 0x33, 0x0C, 0x3F, 0x00, 0x42, 0xC3, 0x66, 0x3C, 0x18, 0x3C, 0x66,
  0xC3, 0x00, 0x80, 0x10, 0x7E, 0x30, 0xE6, 0x2D, 0x84, 0xF0, 0x9E, 0x23,
  0xC4, 0x79, 0x0F, 0x21, 0xE4, 0x3F, 0x0C, 0xE3, 0x0F, 0xC1, 0x00, 0x20,
  0x00, 0x0C, 0x00, 0x60, 0x00, 0x80, 0x00, 0x0F, 0x87, 0x98, 0x10, 0xC0,
  0x86, 0x04, 0x30, 0x21, 0x81, 0x0C, 0x08, 0x60, 0x43, 0x02, 0x18, 0x10,
  0xC0, 0x83, 0x08, 0x0F, 0x80, 0x01, 0x80, 0x18, 0x00, 0x80, 0x00, 0x0F,
  0x87, 0x98, 0x10, 0xC0, 0x86, 0x04, 0x30, 0x21, 0x81, 0x0C, 0x08, 0x60,
  0x43, 0x02, 0x18, 0x10, 0xC0, 0x83, 0x08, 0x0F, 0x80, 0x06, 0x00, 0x68,
  0x04, 0x20, 0x00, 0x0F, 0x87, 0x98, 0x10, 0xC0, 0x86, 0x04, 0x30, 0x21,
  0x81, 0x0C, 0x08, 0x60, 0x43, 0x02, 0x18, 0x10, 0xC0, 0x83, 0x08, 0x0F,
  0x80, 0x09, 0x80, 0x6C, 0x02, 0x40, 0x00, 0x0F, 0x87, 0x98, 0x10, 0xC0,
  0x86, 0x04, 0x30, 0x21, 0x81, 0x0C, 0x08, 0x60, 0x43, 0x02, 0x18, 0x10,
  0xC0, 0x83, 0x08, 0x0F, 0x80, 0x03, 0x00, 0x60, 0x04, 0x00, 0x00, 0xF0,
  0xF6, 0x04, 0x30, 0xC3, 0x08, 0x19, 0x81, 0x90, 0x0E, 0x00, 0xE0, 0x06,
  0x00, 0x60, 0x06, 0x00, 0x60, 0x1F, 0x80, 0xF8, 0x18, 0x06, 0x01, 0xFE,
  0x61, 0x98, 0x36, 0x0D, 0x83, 0x61, 0x9F, 0xC6, 0x01, 0x80, 0xF8, 0x00,
  0x0F, 0x06, 0x63, 0x08, 0x86, 0x61, 0x18, 0xC6, 0x21, 0x8C, 0x63, 0x98,
  0x36, 0x0D, 0x83, 0x60, 0xF9, 0xE0, 0x30, 0x1C, 0x06, 0x01, 0x80, 0x01,
  0xF1, 0x9C, 0x06, 0x03, 0x0F, 0x9C, 0xC8, 0x6C, 0x33, 0x19, 0xFE, 0x03,
  0x03, 0x03, 0x01, 0x00, 0x01, 0xF1, 0x9C, 0x06, 0x03, 0x0F, 0x9C, 0xC8,
  0x6C, 0x33, 0x19, 0xFE, 0x0C, 0x0E, 0x0C, 0x84, 0x20, 0x01, 0xF1, 0x9C,
  0x06, 0x03, 0x0F, 0x9C, 0xC8, 0x6C, 0x33, 0x19, 0xFE, 0x30, 0x3D, 0x0B,
  0x00, 0x03, 0xE3, 0x38, 0x0C, 0x06, 0x1F, 0x39, 0x90, 0xD8, 0x66, 0x33,
  0xFC, 0x33, 0x19, 0x80, 0x00, 0x03, 0xE3, 0x38, 0x0C, 0x06, 0x1F, 0x39,
  0x90, 0xD8, 0x66, 0x33, 0xFC, 0x0C, 0x09, 0x04, 0x82, 0x40, 0xC0, 0x00,
  0xF8, 0xCE, 0x03, 0x01, 0x87, 0xCE, 0x64, 0x36, 0x19, 0x8C, 0xFF, 0x3E,
  0x79, 0x9E, 0x30, 0x30, 0xC0, 0xC3, 0x1F, 0xFD, 0x8C, 0x04, 0x30, 0x30,
  0x60, 0x63, 0x85, 0xF3, 0xE0, 0x3E, 0xC7, 0x0E, 0x0C, 0x18, 0x30, 0x60,
  0xE2, 0x7C, 0x20, 0x40, 0xC7, 0x00, 0x60, 0x70, 0x30, 0x18, 0x00, 0x3C,
  0x46, 0xC3, 0xC3, 0xFF, 0x80, 0xC0, 0xC0, 0xE2, 0x7E, 0x06, 0x0C, 0x18,
  0x10, 0x00, 0x3C, 0x46, 0xC3, 0xC3, 0xFF, 0x80, 0xC0, 0xC0, 0xE2, 0x7E,
  0x18, 0x38, 0x64, 0x42, 0x00, 0x3C, 0x46, 0xC3, 0xC3, 0xFF, 0x80, 0xC0,
  0xC0, 0xE2, 0x7E, 0x66, 0x66, 0x00, 0x00, 0x3C, 0x46, 0xC3, 0xC3, 0xFF,
  0x80, 0xC0, 0xC0, 0xE2, 0x7E, 0xC7, 0x18, 0x60, 0x38, 0xC6, 0x31, 0x8C,
  0x63, 0x19, 0xE0, 0x19, 0x98, 0x80, 0x71, 0x8C, 0x63, 0x18, 0xC6, 0x33,
  0xC0, 0x31, 0xCC, 0xA1, 0x01, 0xC3, 0x0C, 0x30, 0xC3, 0x0C, 0x30, 0xC7,
  0x80, 0xCF, 0x30, 0x00, 0x70, 0xC3, 0x0C, 0x30, 0xC3, 0x0C, 0x31, 0xE0,
  0x88, 0x3C, 0x0E, 0x05, 0x80, 0x60, 0x18, 0xFC, 0xC6, 0xC3, 0xE0, 0xF0,
  0x78, 0x3C, 0x36, 0x19, 0x88, 0x78, 0x30, 0x1E, 0x82, 0xC0, 0x00, 0xEF,
  0x1C, 0xE6, 0x19, 0x86, 0x61, 0x98, 0x66, 0x19, 0x86, 0x61, 0xBC, 0xF0,
  0x30, 0x1C, 0x06, 0x01, 0x80, 0x01, 0xF1, 0x8D, 0x86, 0xC1, 0xE0, 0xF0,
  0x78, 0x3C, 0x37, 0x19, 0xF0, 0x06, 0x06, 0x06, 0x02, 0x00, 0x01, 0xF1,
  0x8D, 0x86, 0xC1, 0xE0, 0xF0, 0x78, 0x3C, 0x37, 0x19, 0xF0, 0x0C, 0x0E,
  0x0C, 0x84, 0x20, 0x01, 0xF1, 0x8D, 0x86, 0xC1, 0xE0, 0xF0, 0x78, 0x3C,
  0x37, 0x19, 0xF0, 0x30, 0x3D, 0x0B, 0x00, 0x03, 0xE3, 0x1B, 0x0D, 0x83,
  0xC1, 0xE0, 0xF0, 0x78, 0x6E, 0x33, 0xE0, 0x66, 0x33, 0x00, 0x00, 0x03,
  0xE3, 0x1B, 0x0D, 0x83, 0xC1, 0xE0, 0xF0, 0x78, 0x6E, 0x33, 0xE0, 0x18,
  0x18, 0x00, 0x00, 0xFF, 0x00, 0x00, 0x18, 0x18, 0x02, 0x1F, 0x19, 0xD8,
  0xEC, 0x9E, 0x4F, 0x27, 0xA3, 0xD3, 0x71, 0x9F, 0x08, 0x00, 0x18, 0x07,
  0x00, 0xC0, 0x18, 0x00, 0x38, 0xE6, 0x19, 0x86, 0x61, 0x98, 0x66, 0x19,
  0x86, 0x21, 0x8C, 0x63, 0xEC, 0x01, 0x80, 0xC0, 0x60, 0x10, 0x00, 0x38,
  0xE6, 0x19, 0x86, 0x61, 0x98, 0x66, 0x19, 0x86, 0x21, 0x8C, 0x63, 0xEC,
  0x06, 0x03, 0x81, 0x90, 0x42, 0x00, 0x38, 0xE6, 0x19, 0x86, 0x61, 0x98,
  0x66, 0x19, 0x86, 0x21, 0x8C, 0x63, 0xEC, 0x33, 0x0C, 0xC0, 0x00, 0x00,
  0xE3, 0x98, 0x66, 0x19, 0x86, 0x61, 0x98, 0x66, 0x18, 0x86, 0x31, 0x8F,
  0xB0, 0x03, 0x01, 0x80, 0xC0, 0x20, 0x00, 0x3C, 0x76, 0x09, 0x86, 0x31,
  0x8C, 0x43, 0x10, 0x6C, 0x1A, 0x02, 0x80, 0xE0, 0x10, 0x0C, 0x02, 0x03,
  0x80, 0xE0, 0x18, 0x06, 0x01, 0x80, 0x6F, 0x1C, 0x66, 0x1D, 0x83, 0x60,
  0xD8, 0x36, 0x0D, 0x86, 0x61, 0x9F, 0x86, 0x01, 0x80, 0x60, 0x3E, 0x00,
  0x33, 0x0C, 0xC0, 0x00, 0x00, 0xF1, 0xD8, 0x26, 0x18, 0xC6, 0x31, 0x0C,
  0x41, 0xB0, 0x68, 0x0A, 0x03, 0x80, 0x40, 0x30, 0x08, 0x0E, 0x00 };

const GFXglyph Merriweather_Regular9pt8bGlyphs[] PROGMEM = {
  {     0,   1,   1,   4,    0,    0 },   // 0x20 ' '
  {     1,   3,  16,   5,    1,  -15 },   // 0x21 '!'
  {     7,   6,   6,   9,    1,  -14 },   // 0x22 '"'
  {    12,  10,  14,  13,    1,  -13 },   // 0x23 '#'
  {    30,   8,  17,  12,    2,  -14 },   // 0x24 '$'
  {    47,  16,  13,  18,    1,  -12 },   // 0x25 '%'
  {    73,  12,  13,  13,    1,  -12 },   // 0x26 '&'
  {    93,   3,   6,   5,    1,  -14 },   // 0x27 '''
  {    96,   5,  18,   8,    1,  -14 },   // 0x28 '('
  {   108,   5,  18,   8,    1,  -14 },   // 0x29 ')'
  {   120,   9,  10,  11,    1,  -14 },   // 0x2A '*'
  {   132,   8,   9,  12,    2,   -9 },   // 0x2B '+'
  {   141,   3,   6,   4,    1,   -1 },   // 0x2C ','
  {   144,   7,   1,  10,    2,   -5 },   // 0x2D '-'
  {   145,   2,   2,   4,    1,   -1 },   // 0x2E '.'
  {   146,   5,  17,   7,    1,  -13 },   // 0x2F '/'
  {   157,   9,  13,  11,    1,  -12 },   // 0x30 '0'
  {   172,   6,  13,   8,    1,  -12 },   // 0x31 '1'
  {   182,  10,  13,  10,    0,  -12 },   // 0x32 '2'
  {   199,   8,  13,  10,    1,  -12 },   // 0x33 '3'
  {   212,  10,  13,  11,    0,  -12 },   // 0x34 '4'
  {   229,   8,  13,  10,    1,  -12 },   // 0x35 '5'
  {   242,   9,  14,  11,    1,  -13 },   // 0x36 '6'
  {   258,   9,  13,  10,    1,  -12 },   // 0x37 '7'
  {   273,   9,  13,  11,    1,  -12 },   // 0x38 '8'
  {   288,   9,  14,  11,    1,  -12 },   // 0x39 '9'
  {   304,   3,   9,   5,    1,   -8 },   // 0x3A ':'
  {   308,   3,  13,   5,    1,   -8 },   // 0x3B ';'
  {   313,   9,  10,  12,    1,   -9 },   // 0x3C '<'
  {   325,   8,   6,  12,    2,   -8 },   // 0x3D '='
  {   331,   8,  10,  12,    2,   -9 },   // 0x3E '>'
  {   341,   7,  16,   8,    1,  -15 },   // 0x3F '?'
  {   355,  16,  17,  18,    1,  -12 },   // 0x40 '@'
  {   389,  13,  13,  12,    0,  -12 },   // 0x41 'A'
  {   411,  10,  13,  12,    1,  -12 },   // 0x42 'B'
  {   428,  10,  13,  12,    1,  -12 },   // 0x43 'C'
  {   445,  12,  13,  13,    1,  -12 },   // 0x44 'D'
  {   465,  10,  13,  11,    1,  -12 },   // 0x45 'E'
  {   482,   9,  13,  11,    1,  -12 },   // 0x46 'F'
  {   497,  13,  13,  13,    0,  -12 },   // 0x47 'G'
  {   519,  12,  13,  14,    1,  -12 },   // 0x48 'H'
  {   539,   5,  13,   7,    1,  -12 },   // 0x49 'I'
  {   548,   6,  16,   7,    0,  -12 },   // 0x4A 'J'
  {   560,  12,  13,  13,    1,  -12 },   // 0x4B 'K'
  {   580,  10,  13,  11,    1,  -12 },   // 0x4C 'L'
  {   597,  17,  13,  17,    0,  -12 },   // 0x4D 'M'
  {   625,  12,  13,  14,    1,  -12 },   // 0x4E 'N'
  {   645,  11,  13,  13,    1,  -12 },   // 0x4F 'O'
  {   663,  10,  13,  11,    1,  -12 },   // 0x50 'P'
  {   680,  13,  16,  13,    1,  -12 },   // 0x51 'Q'
  {   706,  11,  13,  12,    1,  -12 },   // 0x52 'R'
  {   724,   9,  13,  10,    1,  -12 },   // 0x53 'S'
  {   739,  12,  13,  12,    0,  -12 },   // 0x54 'T'
  {   759,  13,  13,  13,    0,  -12 },   // 0x55 'U'
  {   781,  12,  13,  12,    0,  -12 },   // 0x56 'V'
  {   801,  18,  13,  18,    0,  -12 },   // 0x57 'W'
  {   831,  13,  13,  13,    0,  -12 },   // 0x58 'X'
  {   853,  12,  13,  11,    0,  -12 },   // 0x59 'Y'
  {   873,  11,  13,  11,    0,  -12 },   // 0x5A 'Z'
  {   891,   4,  16,   8,    2,  -13 },   // 0x5B '['
  {   899,   6,  17,   8,    1,  -13 },   // 0x5C '\'
  {   912,   4,  16,   8,    2,  -13 },   // 0x5D ']'
  {   920,   8,  11,  12,    2,  -12 },   // 0x5E '^'
  {   931,   9,   1,   9,    0,    2 },   // 0x5F '_'
  {   933,   4,   4,   7,    2,  -14 },   // 0x60 '`'
  {   935,   9,  10,   9,    0,   -9 },   // 0x61 'a'
  {   947,  10,  14,  11,    0,  -13 },   // 0x62 'b'
  {   965,   7,  10,   9,    1,   -9 },   // 0x63 'c'
  {   974,   9,  14,  11,    1,  -13 },   // 0x64 'd'
  {   990,   8,  10,   9,    1,   -9 },   // 0x65 'e'
  {  1000,   6,  15,   7,    1,  -14 },   // 0x66 'f'
  {  1012,   9,  15,  11,    1,   -9 },   // 0x67 'g'
  {  1029,  11,  14,  12,    0,  -13 },   // 0x68 'h'
  {  1049,   4,  14,   6,    1,  -13 },   // 0x69 'i'
  {  1056,   4,  18,   6,    0,  -13 },   // 0x6A 'j'
  {  1065,  11,  14,  11,    0,  -13 },   // 0x6B 'k'
  {  1085,   5,  14,   5,    0,  -13 },   // 0x6C 'l'
  {  1094,  16,  10,  18,    1,   -9 },   // 0x6D 'm'
  {  1114,  10,  10,  12,    1,   -9 },   // 0x6E 'n'
  {  1127,   9,  10,  10,    1,   -9 },   // 0x6F 'o'
  {  1139,  10,  14,  11,    0,   -9 },   // 0x70 'p'
  {  1157,   9,  14,  10,    1,   -9 },   // 0x71 'q'
  {  1173,   7,  10,   8,    1,   -9 },   // 0x72 'r'
  {  1182,   7,  10,   9,    1,   -9 },   // 0x73 's'
  {  1191,   7,  12,   7,    0,  -11 },   // 0x74 't'
  {  1202,  10,  10,  11,    0,   -9 },   // 0x75 'u'
  {  1215,  10,  10,  10,    0,   -9 },   // 0x76 'v'
  {  1228,  15,  10,  15,    0,   -9 },   // 0x77 'w'
  {  1247,  10,  10,  10,    0,   -9 },   // 0x78 'x'
  {  1260,  10,  14,  10,    0,   -9 },   // 0x79 'y'
  {  1278,   9,  10,  10,    0,   -9 },   // 0x7A 'z'
  {  1290,   7,  16,   9,    1,  -13 },   // 0x7B '{'
  {  1304,   1,  17,   7,    3,  -14 },   // 0x7C '|'
  {  1307,   7,  16,   9,    1,  -13 },   // 0x7D '}'
  {  1321,   7,   3,  11,    2,   -6 },   // 0x7E '~'
  {  1324,  12,  12,  15,    2,  -11 },   // 0x7F
  {  1342,  12,  12,  15,    2,  -11 },   // 0x80
  {  1360,  12,  12,  15,    2,  -11 },   // 0x81
  {  1378,  12,  12,  15,    2,  -11 },   // 0x82
  {  1396,  12,  12,  15,    2,  -11 },   // 0x83
  {  1414,  12,  12,  15,    2,  -11 },   // 0x84
  {  1432,  12,  12,  15,    2,  -11 },   // 0x85
  {  1450,  12,  12,  15,    2,  -11 },   // 0x86
  {  1468,  12,  12,  15,    2,  -11 },   // 0x87
  {  1486,  12,  12,  15,    2,  -11 },   // 0x88
  {  1504,  12,  12,  15,    2,  -11 },   // 0x89
  {  1522,  12,  12,  15,    2,  -11 },   // 0x8A
  {  1540,  12,  12,  15,    2,  -11 },   // 0x8B
  {  1558,  12,  12,  15,    2,  -11 },   // 0x8C
  {  1576,  12,  12,  15,    2,  -11 },   // 0x8D
  {  1594,  12,  12,  15,    2,  -11 },   // 0x8E
  {  1612,  12,  12,  15,    2,  -11 },   // 0x8F
  {  1630,  12,  12,  15,    2,  -11 },   // 0x90
  {  1648,  12,  12,  15,    2,  -11 },   // 0x91
  {  1666,  12,  12,  15,    2,  -11 },   // 0x92
  {  1684,  12,  12,  15,    2,  -11 },   // 0x93
  {  1702,  12,  12,  15,    2,  -11 },   // 0x94
  {  1720,  12,  12,  15,    2,  -11 },   // 0x95
  {  1738,  12,  12,  15,    2,  -11 },   // 0x96
  {  1756,  12,  12,  15,    2,  -11 },   // 0x97
  {  1774,  12,  12,  15,    2,  -11 },   // 0x98
  {  1792,  12,  12,  15,    2,  -11 },   // 0x99
  {  1810,  12,  12,  15,    2,  -11 },   // 0x9A
  {  1828,  12,  12,  15,    2,  -11 },   // 0x9B
  {  1846,  12,  12,  15,    2,  -11 },   // 0x9C
  {  1864,  12,  12,  15,    2,  -11 },   // 0x9D
  {  1882,  12,  12,  15,    2,  -11 },   // 0x9E
  {  1900,  12,  12,  15,    2,  -11 },   // 0x9F
  {  1918,   1,   1,   4,    0,    0 },   // 0xA0
  {  1919,   3,  16,   5,    1,  -12 },   // 0xA1
  {  1925,   8,  14,  10,    1,  -11 },   // 0xA2
  {  1939,  11,  13,  13,    1,  -12 },   // 0xA3
  {  1957,   9,  10,  13,    2,  -11 },   // 0xA4
  {  1969,  12,  13,  14,    1,  -12 },   // 0xA5
  {  1989,   1,  17,   7,    3,  -14 },   // 0xA6
  {  1992,   8,  16,  12,    2,  -13 },   // 0xA7
  {  2008,   6,   2,   9,    1,  -13 },   // 0xA8
  {  2010,  15,  15,  18,    2,  -15 },   // 0xA9
  {  2039,   8,   8,   8,    0,  -13 },   // 0xAA
  {  2047,  10,   9,  12,    1,   -9 },   // 0xAB
  {  2059,   8,   5,  12,    2,   -5 },   // 0xAC
  {  2064,  12,  12,  15,    2,  -11 },   // 0xAD
  {  2082,  15,  15,  18,    2,  -15 },   // 0xAE
  {  2111,   5,   1,   8,    2,  -12 },   // 0xAF
  {  2112,   6,   6,   8,    1,  -13 },   // 0xB0
  {  2117,   8,  10,  11,    2,   -9 },   // 0xB1
  {  2127,   7,   8,   7,    0,  -14 },   // 0xB2
  {  2134,   6,   8,   7,    0,  -14 },   // 0xB3
  {  2140,   4,   4,   7,    2,  -14 },   // 0xB4
  {  2142,  10,  13,  11,    0,   -9 },   // 0xB5
  {  2159,  11,  15,  13,    1,  -14 },   // 0xB6
  {  2180,   2,   2,   2,    0,   -7 },   // 0xB7
  {  2181,   4,   4,   7,    1,    1 },   // 0xB8
  {  2183,   6,   9,   6,    0,  -15 },   // 0xB9
  {  2190,   7,   8,   8,    1,  -13 },   // 0xBA
  {  2197,  10,   9,  12,    1,   -9 },   // 0xBB
  {  2209,  15,  16,  16,    0,  -14 },   // 0xBC
  {  2239,  16,  16,  16,    0,  -14 },   // 0xBD
  {  2271,  16,  15,  17,    0,  -13 },   // 0xBE
  {  2301,   7,  16,   8,    1,  -12 },   // 0xBF
  {  2315,  13,  17,  12,    0,  -16 },   // 0xC0
  {  2343,  13,  17,  12,    0,  -16 },   // 0xC1
  {  2371,  13,  17,  12,    0,  -16 },   // 0xC2
  {  2399,  13,  17,  12,    0,  -16 },   // 0xC3
  {  2427,  13,  17,  12,    0,  -16 },   // 0xC4
  {  2455,  13,  18,  12,    0,  -17 },   // 0xC5
  {  2485,  18,  13,  17,   -1,  -12 },   // 0xC6
  {  2515,  10,  17,  12,    1,  -12 },   // 0xC7
  {  2537,  10,  17,  11,    1,  -16 },   // 0xC8
  {  2559,  10,  17,  11,    1,  -16 },   // 0xC9
  {  2581,  10,  17,  11,    1,  -16 },   // 0xCA
  {  2603,  10,  17,  11,    1,  -16 },   // 0xCB
  {  2625,   5,  17,   7,    1,  -16 },   // 0xCC
  {  2636,   5,  17,   7,    1,  -16 },   // 0xCD
  {  2647,   6,  17,   7,    0,  -16 },   // 0xCE
  {  2660,   5,  17,   7,    1,  -16 },   // 0xCF
  {  2671,  12,  13,  13,    1,  -12 },   // 0xD0
  {  2691,  12,  17,  14,    1,  -16 },   // 0xD1
  {  2717,  11,  17,  13,    1,  -16 },   // 0xD2
  {  2741,  11,  17,  13,    1,  -16 },   // 0xD3
  {  2765,  11,  17,  13,    1,  -16 },   // 0xD4
  {  2789,  11,  17,  13,    1,  -16 },   // 0xD5
  {  2813,  11,  17,  13,    1,  -16 },   // 0xD6
  {  2837,   8,   8,  12,    2,   -9 },   // 0xD7
  {  2845,  11,  17,  13,    1,  -14 },   // 0xD8
  {  2869,  13,  17,  13,    0,  -16 },   // 0xD9
  {  2897,  13,  17,  13,    0,  -16 },   // 0xDA
  {  2925,  13,  17,  13,    0,  -16 },   // 0xDB
  {  2953,  13,  17,  13,    0,  -16 },   // 0xDC
  {  2981,  12,  17,  11,    0,  -16 },   // 0xDD
  {  3007,  10,  13,  11,    1,  -12 },   // 0xDE
  {  3024,  10,  14,  11,    0,  -13 },   // 0xDF
  {  3042,   9,  15,   9,    0,  -14 },   // 0xE0
  {  3059,   9,  15,   9,    0,  -14 },   // 0xE1
  {  3076,   9,  15,   9,    0,  -14 },   // 0xE2
  {  3093,   9,  14,   9,    0,  -13 },   // 0xE3
  {  3109,   9,  14,   9,    0,  -13 },   // 0xE4
  {  3125,   9,  16,   9,    0,  -15 },   // 0xE5
  {  3143,  14,  10,  15,    0,   -9 },   // 0xE6
  {  3161,   7,  14,   9,    1,   -9 },   // 0xE7
  {  3174,   8,  15,   9,    1,  -14 },   // 0xE8
  {  3189,   8,  15,   9,    1,  -14 },   // 0xE9
  {  3204,   8,  15,   9,    1,  -14 },   // 0xEA
  {  3219,   8,  14,   9,    1,  -13 },   // 0xEB
  {  3233,   5,  15,   6,    0,  -14 },   // 0xEC
  {  3243,   5,  15,   6,    1,  -14 },   // 0xED
  {  3253,   6,  15,   6,    0,  -14 },   // 0xEE
  {  3265,   6,  14,   6,    0,  -13 },   // 0xEF
  {  3276,   9,  16,  10,    1,  -15 },   // 0xF0
  {  3294,  10,  14,  12,    1,  -13 },   // 0xF1
  {  3312,   9,  15,  10,    1,  -14 },   // 0xF2
  {  3329,   9,  15,  10,    1,  -14 },   // 0xF3
  {  3346,   9,  15,  10,    1,  -14 },   // 0xF4
  {  3363,   9,  14,  10,    1,  -13 },   // 0xF5
  {  3379,   9,  14,  10,    1,  -13 },   // 0xF6
  {  3395,   8,   9,  12,    2,   -9 },   // 0xF7
  {  3404,   9,  12,  10,    1,  -10 },   // 0xF8
  {  3418,  10,  15,  11,    0,  -14 },   // 0xF9
  {  3437,  10,  15,  11,    0,  -14 },   // 0xFA
  {  3456,  10,  15,  11,    0,  -14 },   // 0xFB
  {  3475,  10,  14,  11,    0,  -13 },   // 0xFC
  {  3493,  10,  19,  10,    0,  -14 },   // 0xFD
  {  3517,  10,  18,  11,    0,  -13 },   // 0xFE
  {  3540,  10,  18,  10,    0,  -13 } }; // 0xFF

const GFXfont Merriweather_Regular9pt8b PROGMEM = {
  (uint8_t  *)Merriweather_Regular9pt8bBitmaps,
  (GFXglyph *)Merriweather_Regular9pt8bGlyphs,
  0x20, 0xFF, 22 };

// Approx. 5138 bytes

const uint8_t Merriweather_Regular10pt8bBitmaps[] PROGMEM = {
  0x00, 0x6D, 0xB6, 0xDB, 0x6D, 0x24, 0x00, 0xEC, 0xEF, 0x9B, 0x34, 0x48,
  0x91, 0x00, 0x08, 0x40, 0x84, 0x08, 0xC0, 0x88, 0x7F, 0xF7, 0xFE, 0x10,
  0x81, 0x08, 0x11, 0x8F, 0xFE, 0xFF, 0xE3, 0x10, 0x21, 0x02, 0x10, 0x23,
  0x00, 0x08, 0x04, 0x07, 0x8C, 0x6C, 0x16, 0x0B, 0x01, 0xC0, 0x78, 0x1F,
  0x03, 0xC0, 0x70, 0x1C, 0x0E, 0x07, 0x83, 0xFE, 0x04, 0x02, 0x00, 0x00,
  0x18, 0x1F, 0x06, 0x04, 0x61, 0x03, 0x18, 0xC0, 0xC2, 0x20, 0x30, 0x98,
  0x0C, 0x64, 0x21, 0xB3, 0x3E, 0x38, 0xD8, 0xC0, 0x26, 0x30, 0x19, 0x8C,
  0x04, 0x63, 0x03, 0x18, 0xC0, 0x83, 0x60, 0x60, 0x60, 0x0E, 0x00, 0x8C,
  0x0C, 0x60, 0x63, 0x03, 0x18, 0x18, 0x80, 0xE8, 0x03, 0x8F, 0x3C, 0x33,
  0x31, 0xB0, 0xCD, 0x87, 0x4C, 0x1C, 0x30, 0x70, 0xFC, 0xE0, 0xFB, 0x49,
  0x00, 0x0C, 0x63, 0x0C, 0x61, 0x86, 0x30, 0xC3, 0x0C, 0x30, 0x61, 0x86,
  0x08, 0x30, 0x60, 0xC1, 0xC1, 0x83, 0x06, 0x18, 0x20, 0xC3, 0x0C, 0x30,
  0xC3, 0x0C, 0x31, 0x86, 0x10, 0x86, 0x30, 0x0C, 0x03, 0x06, 0x4F, 0xD6,
  0x1E, 0x07, 0xCF, 0x5D, 0x13, 0x04, 0x03, 0x00, 0x08, 0x04, 0x02, 0x01,
  0x0F, 0xF8, 0x40, 0x20, 0x10, 0x08, 0x00, 0xFD, 0xB5, 0xA0, 0xFF, 0xFC,
  0x0C, 0x30, 0x86, 0x18, 0x61, 0x0C, 0x30, 0xC2, 0x18, 0x61, 0x84, 0x30,
  0xC3, 0x00, 0x0E, 0x06, 0x71, 0x87, 0x30, 0x6E, 0x0D, 0x81, 0xB0, 0x3E,
  0x07, 0xC0, 0xF8, 0x1B, 0x83, 0x30, 0x66, 0x0C, 0x63, 0x07, 0xC0, 0x18,
  0x73, 0xE0, 0xC1, 0x83, 0x06, 0x0C, 0x18, 0x30, 0x60, 0xC1, 0x83, 0x3F,
  0x80, 0x1C, 0x1F, 0xCC, 0x32, 0x0E, 0x01, 0x80, 0x60, 0x30, 0x0C, 0x06,
  0x01, 0x80, 0xC0, 0x60, 0x30, 0xD0, 0x6F, 0xF8, 0x1C, 0x7F, 0xA0, 0xC0,
  0x60, 0x30, 0x30, 0x30, 0x7C, 0x03, 0x01, 0xC0, 0x60, 0x30, 0x30, 0x3B,
  0xF0, 0x08, 0x01, 0xC0, 0x30, 0x0E, 0x01, 0x80, 0x60, 0x0C, 0x03, 0x18,
  0x63, 0x18, 0x63, 0x0D, 0xFF, 0xF0, 0x30, 0x06, 0x00, 0xC0, 0x7F, 0xBF,
  0xD8, 0x0C, 0x04, 0x02, 0x01, 0xFD, 0x8F, 0x01, 0x80, 0xC0, 0x60, 0x30,
  0x30, 0x31, 0xF0, 0x07, 0x03, 0x01, 0x80, 0xC0, 0x60, 0x18, 0x0F, 0xFB,
  0x86, 0xC0, 0xF0, 0x3C, 0x0F, 0x03, 0x60, 0xD8, 0x63, 0xF0, 0xFF, 0xBF,
  0xFC, 0x1A, 0x06, 0x81, 0x00, 0xC0, 0x30, 0x18, 0x06, 0x01, 0x80, 0xC0,
  0x30, 0x1C, 0x06, 0x03, 0x80, 0x1E, 0x0C, 0xC6, 0x19, 0x02, 0x61, 0x9C,
  0x63, 0xB0, 0x78, 0x2F, 0x10, 0xEC, 0x1F, 0x03, 0xC0, 0x98, 0x63, 0xF0,
  0x1E, 0x1C, 0xC6, 0x1B, 0x06, 0xC0, 0xF0, 0x3C, 0x0F, 0x03, 0x63, 0xCF,
  0x60, 0x18, 0x0C, 0x03, 0x01, 0x81, 0xC0, 0xC0, 0xFC, 0x00, 0x00, 0xFC,
  0xFC, 0x00, 0x00, 0xFD, 0xB5, 0xA0, 0x00, 0x81, 0xC3, 0xC7, 0x0E, 0x06,
  0x01, 0xC0, 0x78, 0x0F, 0x01, 0xC0, 0x20, 0xFF, 0xFF, 0xC0, 0x00, 0x00,
  0x00, 0x03, 0xFE, 0xC0, 0x3C, 0x03, 0xC0, 0x38, 0x03, 0x80, 0x70, 0x70,
  0x70, 0x70, 0x30, 0x00, 0x70, 0xFC, 0x06, 0x07, 0x03, 0x03, 0x06, 0x06,
  0x1C, 0x30, 0x30, 0x20, 0x30, 0x00, 0x00, 0x00, 0x30, 0x30, 0x00, 0xF8,
  0x00, 0xE3, 0x80, 0xC0, 0x30, 0x60, 0x06, 0x30, 0x00, 0x88, 0x3E, 0x36,
  0x33, 0x8D, 0x08, 0x63, 0x46, 0x18, 0xD1, 0x06, 0x2C, 0x43, 0x8B, 0x10,
  0xC2, 0xC6, 0x51, 0x11, 0xB6, 0x84, 0x39, 0xC1, 0x80, 0x00, 0x20, 0x00,
  0x0C, 0x00, 0x01, 0xC3, 0x00, 0x1F, 0x80, 0x03, 0x00, 0x0E, 0x00, 0x78,
  0x01, 0x60, 0x0D, 0xC0, 0x33, 0x00, 0x8C, 0x06, 0x38, 0x18, 0x60, 0x41,
  0x83, 0xFF, 0x0C, 0x0C, 0x20, 0x31, 0x80, 0xEF, 0x87, 0xC0, 0xFF, 0x0F,
  0x1C, 0x70, 0xC7, 0x0E, 0x70, 0xC7, 0x0C, 0x71, 0x87, 0xF8, 0x70, 0xE7,
  0x06, 0x70, 0x77, 0x07, 0x70, 0x67, 0x0E, 0xFF, 0x80, 0x07, 0x83, 0x1D,
  0xC1, 0xB0, 0x3C, 0x01, 0x80, 0x30, 0x06, 0x00, 0xC0, 0x18, 0x03, 0x00,
  0x70, 0x26, 0x06, 0x60, 0xC7, 0xF0, 0xFF, 0x07, 0x8F, 0x1C, 0x1C, 0xE0,
  0x67, 0x03, 0xB8, 0x0D, 0xC0, 0x6E, 0x03, 0x70, 0x1B, 0x80, 0xDC, 0x0E,
  0xE0, 0x67, 0x06, 0x38, 0x73, 0xFE, 0x00, 0xFF, 0xDE, 0xF9, 0xC1, 0x38,
  0x27, 0x00, 0xE2, 0x1C, 0x43, 0xF8, 0x71, 0x0E, 0x21, 0xC0, 0x38, 0x17,
  0x02, 0xE0, 0xFF, 0xF8, 0xFF, 0xFD, 0xF7, 0x05, 0xC1, 0x70, 0x1C, 0x47,
  0x11, 0xFC, 0x71, 0x1C, 0x47, 0x01, 0xC0, 0x70, 0x1C, 0x0F, 0xE0, 0x07,
  0x81, 0xC7, 0x9C, 0x0C, 0xC0, 0x6C, 0x00, 0x60, 0x03, 0x00, 0x18, 0x00,
  0xC1, 0xFE, 0x01, 0xB0, 0x0D, 0xC0, 0x66, 0x03, 0x18, 0x38, 0x7F, 0x00,
  0xF8, 0x7F, 0xE1, 0xF6, 0x03, 0x18, 0x0C, 0x60, 0x31, 0x80, 0xC6, 0x03,
  0x1F, 0xFC, 0x60, 0x31, 0x80, 0xC6, 0x03, 0x18, 0x0C, 0x60, 0x31, 0x80,
  0xCF, 0x87, 0xC0, 0xFF, 0xE3, 0x0C, 0x30, 0xC3, 0x0C, 0x30, 0xC3, 0x0C,
  0x30, 0xCF, 0xC0, 0x7E, 0xF8, 0x60, 0xC1, 0x83, 0x06, 0x0C, 0x18, 0x30,
  0x60, 0xC1, 0x83, 0x0E, 0x18, 0x31, 0xC2, 0x00, 0xF8, 0xF7, 0xC7, 0x9C,
  0x10, 0xE1, 0x07, 0x10, 0x39, 0x81, 0xD8, 0x0F, 0xE0, 0x7B, 0x03, 0x8C,
  0x1C, 0x70, 0xE1, 0x87, 0x0E, 0x38, 0x3B, 0xE0, 0xE0, 0xF8, 0x1F, 0x01,
  0xC0, 0x38, 0x07, 0x00, 0xE0, 0x1C, 0x03, 0x80, 0x70, 0x0E, 0x01, 0xC0,
  0xB8, 0x37, 0x06, 0xE0, 0xBF, 0xF0, 0x7C, 0x07, 0xC7, 0xC0, 0xF8, 0x58,
  0x3C, 0x0B, 0x05, 0x81, 0x30, 0xB0, 0x26, 0x32, 0x04, 0xC6, 0x60, 0x9C,
  0x8C, 0x31, 0x91, 0x86, 0x36, 0x30, 0xC6, 0x86, 0x18, 0x70, 0xC2, 0x0E,
  0x18, 0x41, 0x83, 0xBE, 0x00, 0xF8, 0xE0, 0x7F, 0xC0, 0xE7, 0x81, 0x1E,
  0x04, 0x6C, 0x11, 0xB8, 0x46, 0x61, 0x18, 0xC4, 0x63, 0x91, 0x86, 0x46,
  0x0D, 0x18, 0x3C, 0x60, 0x71, 0x80, 0xCF, 0x03, 0x00, 0x07, 0x03, 0x9C,
  0x60, 0x66, 0x07, 0xC0, 0x3C, 0x03, 0xC0, 0x3C, 0x03, 0xC0, 0x3C, 0x03,
  0xC0, 0x3E, 0x03, 0x60, 0x63, 0x0C, 0x1F, 0x80, 0xFF, 0x1E, 0x39, 0xC3,
  0xB8, 0x37, 0x06, 0xE0, 0xDC, 0x1B, 0x86, 0x73, 0x8F, 0xC1, 0xC0, 0x38,
  0x07, 0x00, 0xE0, 0x3F, 0x00, 0x07, 0x00, 0xE7, 0x06, 0x06, 0x18, 0x1C,
  0xC0, 0x33, 0x00, 0xCC, 0x03, 0x30, 0x0C, 0xC0, 0x33, 0x00, 0xCC, 0x03,
  0x38, 0x0C, 0x60, 0x60, 0xC3, 0x01, 0xF8, 0x00, 0x30, 0x00, 0x70, 0x00,
  0xF0, 0x00, 0x80, 0xFF, 0x07, 0x8E, 0x1C, 0x30, 0xE1, 0xC7, 0x06, 0x38,
  0x71, 0xC3, 0x0E, 0x70, 0x7F, 0x03, 0x8C, 0x1C, 0x70, 0xE1, 0x87, 0x0E,
  0x38, 0x33, 0xE1, 0xE0, 0x1E, 0x0C, 0x66, 0x1B, 0x02, 0xE0, 0x18, 0x07,
  0x80, 0xF8, 0x0F, 0x80, 0xF0, 0x1F, 0x03, 0xC0, 0xF0, 0x67, 0xF0, 0x7F,
  0xFB, 0xFF, 0xD0, 0xC6, 0x86, 0x14, 0x30, 0xE1, 0x84, 0x0C, 0x00, 0x60,
  0x03, 0x00, 0x18, 0x00, 0xC0, 0x06, 0x00, 0x30, 0x01, 0x80, 0x7F, 0x80,
  0xFC, 0x3D, 0xE0, 0xF3, 0x01, 0x8C, 0x06, 0x30, 0x18, 0xC0, 0x63, 0x01,
  0x8C, 0x06, 0x30, 0x18, 0xC0, 0x63, 0x01, 0x8C, 0x04, 0x38, 0x10, 0x70,
  0x80, 0xFC, 0x00, 0xF8, 0x7F, 0x83, 0xD8, 0x0C, 0xE0, 0x63, 0x02, 0x18,
  0x30, 0x61, 0x03, 0x08, 0x18, 0xC0, 0x64, 0x03, 0x20, 0x1B, 0x00, 0x70,
  0x03, 0x80, 0x1C, 0x00, 0xF9, 0xF9, 0xFF, 0x0F, 0x0F, 0x60, 0x60, 0x47,
  0x06, 0x04, 0x30, 0x70, 0xC3, 0x07, 0x08, 0x30, 0xB0, 0x81, 0x8B, 0x88,
  0x18, 0x99, 0x81, 0x99, 0x90, 0x0D, 0x19, 0x00, 0xD0, 0xD0, 0x0D, 0x0E,
  0x00, 0x60, 0xE0, 0x06, 0x06, 0x00, 0xFC, 0x7D, 0xF1, 0xE3, 0x82, 0x07,
  0x18, 0x0C, 0x40, 0x3A, 0x00, 0x68, 0x00, 0xC0, 0x07, 0x80, 0x16, 0x00,
  0x8C, 0x06, 0x38, 0x10, 0x70, 0xC0, 0xCF, 0x8F, 0xC0, 0xF8, 0xFF, 0x83,
  0xDC, 0x08, 0x60, 0xC3, 0x84, 0x0C, 0x40, 0x32, 0x01, 0xA0, 0x07, 0x00,
  0x30, 0x01, 0x80, 0x0C, 0x00, 0x60, 0x03, 0x00, 0x7F, 0x00, 0x7F, 0xCF,
  0x9D, 0x07, 0x60, 0xC0, 0x38, 0x0E, 0x01, 0x80, 0x70, 0x1C, 0x03, 0x00,
  0xE0, 0x38, 0x36, 0x07, 0x80, 0xFF, 0xF8, 0x7C, 0xCC, 0xCC, 0xCC, 0xCC,
  0xCC, 0xCC, 0xCC, 0xCF, 0x70, 0x81, 0x83, 0x02, 0x06, 0x0C, 0x08, 0x10,
  0x30, 0x60, 0x40, 0xC1, 0x83, 0x02, 0x06, 0x0C, 0x0C, 0xF0, 0x86, 0x31,
  0x8C, 0x63, 0x18, 0xC6, 0x31, 0x8C, 0x63, 0x1F, 0x9C, 0x08, 0x0E, 0x07,
  0x02, 0x83, 0x61, 0xB0, 0x88, 0xC6, 0x63, 0x20, 0xB0, 0x78, 0x30, 0xFF,
  0xC0, 0xCE, 0x63, 0x3F, 0x1C, 0xE0, 0x18, 0x06, 0x03, 0x8F, 0x66, 0x1B,
  0x86, 0xE1, 0x98, 0xE7, 0xDC, 0xF0, 0x06, 0x00, 0xC0, 0x18, 0x03, 0x00,
  0x7F, 0x0E, 0x71, 0x87, 0x30, 0x66, 0x0C, 0xC1, 0x98, 0x33, 0x06, 0x61,
  0x8C, 0x61, 0xF8, 0x3F, 0x63, 0xC3, 0xC0, 0xC0, 0xC0, 0xC0, 0xC0, 0xE0,
  0x71, 0x3E, 0x07, 0x80, 0x60, 0x18, 0x06, 0x01, 0x87, 0xE6, 0x1B, 0x86,
  0xC1, 0xB0, 0x6C, 0x1B, 0x06, 0xC1, 0xB0, 0x66, 0x38, 0xF7, 0x3E, 0x31,
  0xB0, 0xD8, 0x7C, 0x3F, 0xFB, 0x01, 0x80, 0xC0, 0x38, 0x8F, 0x80, 0x1E,
  0x74, 0xC3, 0x06, 0x1F, 0x98, 0x30, 0x60, 0xC1, 0x83, 0x06, 0x0C, 0x18,
  0x7E, 0x3F, 0xEC, 0x7F, 0x06, 0x60, 0xCC, 0x18, 0xC6, 0x0F, 0x83, 0x00,
  0x40, 0x0F, 0xE1, 0xFF, 0x60, 0x6C, 0x0D, 0x81, 0xB0, 0x63, 0xF8, 0xF0,
  0x01, 0x80, 0x0C, 0x00, 0x60, 0x03, 0x00, 0x19, 0xE0, 0xF3, 0x86, 0x0C,
  0x30, 0x61, 0x83, 0x0C, 0x18, 0x60, 0xC3, 0x06, 0x18, 0x30, 0xC1, 0x8F,
  0x1F, 0x23, 0x18, 0x00, 0x71, 0x8C, 0x63, 0x18, 0xC6, 0x31, 0x9F, 0x13,
  0x30, 0x07, 0x73, 0x33, 0x33, 0x33, 0x33, 0x33, 0x36, 0xC0, 0xF0, 0x03,
  0x00, 0x30, 0x03, 0x00, 0x30, 0x03, 0x1F, 0x30, 0xC3, 0x18, 0x33, 0x03,
  0x60, 0x37, 0x03, 0x98, 0x31, 0x83, 0x0C, 0x30, 0x67, 0x8F, 0xF0, 0xC3,
  0x0C, 0x30, 0xC3, 0x0C, 0x30, 0xC3, 0x0C, 0x30, 0xC3, 0x3F, 0xE7, 0x9F,
  0x3E, 0x78, 0xC6, 0x0C, 0x31, 0x83, 0x0E, 0x60, 0xC1, 0x98, 0x30, 0x66,
  0x0C, 0x19, 0x83, 0x06, 0x60, 0xC1, 0x98, 0x30, 0x6F, 0x1E, 0x7C, 0xEF,
  0x8F, 0x9C, 0x60, 0xC6, 0x0C, 0x60, 0xC6, 0x0C, 0x60, 0xC6, 0x0C, 0x60,
  0xC6, 0x0C, 0xF1, 0xF0, 0x3E, 0x18, 0xEC, 0x1B, 0x07, 0xC1, 0xF0, 0x7C,
  0x1F, 0x07, 0xC1, 0x98, 0xC3, 0xE0, 0xF7, 0x8F, 0x38, 0xC3, 0x98, 0x33,
  0x06, 0x60, 0xCC, 0x19, 0x83, 0x30, 0x66, 0x18, 0xFE, 0x18, 0x03, 0x00,
  0x60, 0x0C, 0x07, 0xE0, 0x1F, 0x8C, 0x33, 0x06, 0x60, 0xCC, 0x19, 0x83,
  0x30, 0x66, 0x0C, 0xC1, 0x8C, 0x70, 0xF6, 0x00, 0xC0, 0x18, 0x03, 0x00,
  0x60, 0x3F, 0xE6, 0xDD, 0xC3, 0x06, 0x0C, 0x18, 0x30, 0x60, 0xC3, 0xF0,
  0x7E, 0xC2, 0xC2, 0xC0, 0xF0, 0x7C, 0x1E, 0x07, 0x83, 0xC2, 0xFC, 0x10,
  0x60, 0xC7, 0xF3, 0x06, 0x0C, 0x18, 0x30, 0x60, 0xC1, 0x83, 0x27, 0xC0,
  0xE3, 0x8C, 0x31, 0x86, 0x30, 0xC6, 0x18, 0xC3, 0x18, 0x63, 0x0C, 0x61,
  0x8C, 0x70, 0xF3, 0x80, 0xF9, 0xEC, 0x09, 0xC3, 0x18, 0x43, 0x18, 0x33,
  0x06, 0x40, 0xD8, 0x0E, 0x01, 0xC0, 0x38, 0x00, 0xF8, 0xC7, 0xB0, 0xE1,
  0x98, 0x70, 0x86, 0x2C, 0x43, 0x36, 0x61, 0x93, 0x20, 0x49, 0x90, 0x34,
  0x68, 0x1E, 0x38, 0x0E, 0x1C, 0x03, 0x06, 0x00, 0xF9, 0xE6, 0x18, 0xE2,
  0x0C, 0x80, 0xF0, 0x0C, 0x02, 0xC0, 0xDC, 0x31, 0x84, 0x1B, 0xEF, 0x80,
  0xF9, 0xEC, 0x09, 0xC3, 0x18, 0x63, 0x08, 0x33, 0x06, 0x60, 0xC8, 0x0D,
  0x01, 0xE0, 0x38, 0x03, 0x00, 0x40, 0x18, 0x0E, 0x01, 0x80, 0xFF, 0xE1,
  0xF1, 0xC0, 0xC0, 0xC0, 0xE0, 0xE0, 0x60, 0x60, 0xE0, 0xFF, 0xE0, 0x1E,
  0x39, 0x30, 0x30, 0x30, 0x10, 0x18, 0x18, 0x30, 0xC0, 0x30, 0x18, 0x18,
  0x30, 0x30, 0x30, 0x30, 0x3F, 0x0E, 0xFF, 0xFF, 0xFF, 0xFF, 0xFC, 0xF0,
  0x70, 0x60, 0xC1, 0x83, 0x0C, 0x18, 0x18, 0x0C, 0x61, 0x81, 0x03, 0x06,
  0x0C, 0x19, 0xF3, 0x80, 0x71, 0xDE, 0x80, 0xFF, 0xFF, 0xFF, 0xFF, 0xFF,
  0xDF, 0x7E, 0x73, 0xF9, 0x3F, 0xE3, 0xFF, 0xBF, 0xF2, 0x7F, 0x39, 0xF3,
  0xE7, 0xDF, 0xFF, 0xFF, 0xFF, 0xFC, 0xFF, 0xFF, 0xFF, 0xFF, 0xFF, 0xDF,
  0x7E, 0x73, 0xF9, 0x3F, 0xE3, 0xFF, 0xBF, 0xF2, 0x7F, 0x39, 0xF3, 0xE7,
  0xDF, 0xFF, 0xFF, 0xFF, 0xFC, 0xFF, 0xFF, 0xFF, 0xFF, 0xFF, 0xDF, 0x7E,
  0x73, 0xF9, 0x3F, 0xE3, 0xFF, 0xBF, 0xF2, 0x7F, 0x39, 0xF3, 0xE7, 0xDF,
  0xFF, 0xFF, 0xFF, 0xFC, 0xFF, 0xFF, 0xFF, 0xFF, 0xFF, 0xDF, 0x7E, 0x73,
  0xF9, 0x3F, 0xE3, 0xFF, 0xBF, 0xF2, 0x7F, 0x39, 0xF3, 0xE7, 0xDF, 0xFF,
  0xFF, 0xFF, 0xFC, 0xFF, 0xFF, 0xFF, 0xFF, 0xFF, 0xDF, 0x7E, 0x73, 0xF9,
  0x3F, 0xE3, 0xFF, 0xBF, 0xF2, 0x7F, 0x39, 0xF3, 0xE7, 0xDF, 0xFF, 0xFF,
  0xFF, 0xFC, 0xFF, 0xFF, 0xFF, 0xFF, 0xFF, 0xDF, 0x7E, 0x73, 0xF9, 0x3F,
  0xE3, 0xFF, 0xBF, 0xF2, 0x7F, 0x39, 0xF3, 0xE7, 0xDF, 0xFF, 0xFF, 0xFF,
  0xFC, 0xFF, 0xFF, 0xFF, 0xFF, 0xFF, 0xDF, 0x7E, 0x73, 0xF9, 0x3F, 0xE3,
  0xFF, 0xBF, 0xF2, 0x7F, 0x39, 0xF3, 0xE7, 0xDF, 0xFF, 0xFF, 0xFF, 0xFC,
  0xFF, 0xFF, 0xFF, 0xFF, 0xFF, 0xDF, 0x7E, 0x73, 0xF9, 0x3F, 0xE3, 0xFF,
  0xBF, 0xF2, 0x7F, 0x39, 0xF3, 0xE7, 0xDF, 0xFF, 0xFF, 0xFF, 0xFC, 0xFF,
  0xFF, 0xFF, 0xFF, 0xFF, 0xDF, 0x7E, 0x73, 0xF9, 0x3F, 0xE3, 0xFF, 0xBF,
  0xF2, 0x7F, 0x39, 0xF3, 0xE7, 0xDF, 0xFF, 0xFF, 0xFF, 0xFC, 0xFF, 0xFF,
  0xFF, 0xFF, 0xFF, 0xDF, 0x7E, 0x73, 0xF9, 0x3F, 0xE3, 0xFF, 0xBF, 0xF2,
  0x7F, 0x39, 0xF3, 0xE7, 0xDF, 0xFF, 0xFF, 0xFF, 0xFC, 0xFF, 0xFF, 0xFF,
  0xFF, 0xFF, 0xDF, 0x7E, 0x73, 0xF9, 0x3F, 0xE3, 0xFF, 0xBF, 0xF2, 0x7F,
  0x39, 0xF3, 0xE7, 0xDF, 0xFF, 0xFF, 0xFF, 0xFC, 0xFF, 0xFF, 0xFF, 0xFF,
  0xFF, 0xDF, 0x7E, 0x73, 0xF9, 0x3F, 0xE3, 0xFF, 0xBF, 0xF2, 0x7F, 0x39,
  0xF3, 0xE7, 0xDF, 0xFF, 0xFF, 0xFF, 0xFC, 0xFF, 0xFF, 0xFF, 0xFF, 0xFF,
  0xDF, 0x7E, 0x73, 0xF9, 0x3F, 0xE3, 0xFF, 0xBF, 0xF2, 0x7F, 0x39, 0xF3,
  0xE7, 0xDF, 0xFF, 0xFF, 0xFF, 0xFC, 0xFF, 0xFF, 0xFF, 0xFF, 0xFF, 0xDF,
  0x7E, 0x73, 0xF9, 0x3F, 0xE3, 0xFF, 0xBF, 0xF2, 0x7F, 0x39, 0xF3, 0xE7,
  0xDF, 0xFF, 0xFF, 0xFF, 0xFC, 0xFF, 0xFF, 0xFF, 0xFF, 0xFF, 0xDF, 0x7E,
  0x73, 0xF9, 0x3F, 0xE3, 0xFF, 0xBF, 0xF2, 0x7F, 0x39, 0xF3, 0xE7, 0xDF,
  0xFF, 0xFF, 0xFF, 0xFC, 0xFF, 0xFF, 0xFF, 0xFF, 0xFF, 0xDF, 0x7E, 0x73,
  0xF9, 0x3F, 0xE3, 0xFF, 0xBF, 0xF2, 0x7F, 0x39, 0xF3, 0xE7, 0xDF, 0xFF,
  0xFF, 0xFF, 0xFC, 0xFF, 0xFF, 0xFF, 0xFF, 0xFF, 0xDF, 0x7E, 0x73, 0xF9,
  0x3F, 0xE3, 0xFF, 0xBF, 0xF2, 0x7F, 0x39, 0xF3, 0xE7, 0xDF, 0xFF, 0xFF,
  0xFF, 0xFC, 0xFF, 0xFF, 0xFF, 0xFF, 0xFF, 0xDF, 0x7E, 0x73, 0xF9, 0x3F,
  0xE3, 0xFF, 0xBF, 0xF2, 0x7F, 0x39, 0xF3, 0xE7, 0xDF, 0xFF, 0xFF, 0xFF,
  0xFC, 0xFF, 0xFF, 0xFF, 0xFF, 0xFF, 0xDF, 0x7E, 0x73, 0xF9, 0x3F, 0xE3,
  0xFF, 0xBF, 0xF2, 0x7F, 0x39, 0xF3, 0xE7, 0xDF, 0xFF, 0xFF, 0xFF, 0xFC,
  0xFF, 0xFF, 0xFF, 0xFF, 0xFF, 0xDF, 0x7E, 0x73, 0xF9, 0x3F, 0xE3, 0xFF,
  0xBF, 0xF2, 0x7F, 0x39, 0xF3, 0xE7, 0xDF, 0xFF, 0xFF, 0xFF, 0xFC, 0xFF,
  0xFF, 0xFF, 0xFF, 0xFF, 0xDF, 0x7E, 0x73, 0xF9, 0x3F, 0xE3, 0xFF, 0xBF,
  0xF2, 0x7F, 0x39, 0xF3, 0xE7, 0xDF, 0xFF, 0xFF, 0xFF, 0xFC, 0xFF, 0xFF,
  0xFF, 0xFF, 0xFF, 0xDF, 0x7E, 0x73, 0xF9, 0x3F, 0xE3, 0xFF, 0xBF, 0xF2,
  0x7F, 0x39, 0xF3, 0xE7, 0xDF, 0xFF, 0xFF, 0xFF, 0xFC, 0xFF, 0xFF, 0xFF,
  0xFF, 0xFF, 0xDF, 0x7E, 0x73, 0xF9, 0x3F, 0xE3, 0xFF, 0xBF, 0xF2, 0x7F,
  0x39, 0xF3, 0xE7, 0xDF, 0xFF, 0xFF, 0xFF, 0xFC, 0xFF, 0xFF, 0xFF, 0xFF,
  0xFF, 0xDF, 0x7E, 0x73, 0xF9, 0x3F, 0xE3, 0xFF, 0xBF, 0xF2, 0x7F, 0x39,
  0xF3, 0xE7, 0xDF, 0xFF, 0xFF, 0xFF, 0xFC, 0xFF, 0xFF, 0xFF, 0xFF, 0xFF,
  0xDF, 0x7E, 0x73, 0xF9, 0x3F, 0xE3, 0xFF, 0xBF, 0xF2, 0x7F, 0x39, 0xF3,
  0xE7, 0xDF, 0xFF, 0xFF, 0xFF, 0xFC, 0xFF, 0xFF, 0xFF, 0xFF, 0xFF, 0xDF,
  0x7E, 0x73, 0xF9, 0x3F, 0xE3, 0xFF, 0xBF, 0xF2, 0x7F, 0x39, 0xF3, 0xE7,
  0xDF, 0xFF, 0xFF, 0xFF, 0xFC, 0xFF, 0xFF, 0xFF, 0xFF, 0xFF, 0xDF, 0x7E,
  0x73, 0xF9, 0x3F, 0xE3, 0xFF, 0xBF, 0xF2, 0x7F, 0x39, 0xF3, 0xE7, 0xDF,
  0xFF, 0xFF, 0xFF, 0xFC, 0xFF, 0xFF, 0xFF, 0xFF, 0xFF, 0xDF, 0x7E, 0x73,
  0xF9, 0x3F, 0xE3, 0xFF, 0xBF, 0xF2, 0x7F, 0x39, 0xF3, 0xE7, 0xDF, 0xFF,
  0xFF, 0xFF, 0xFC, 0xFF, 0xFF, 0xFF, 0xFF, 0xFF, 0xDF, 0x7E, 0x73, 0xF9,
  0x3F, 0xE3, 0xFF, 0xBF, 0xF2, 0x7F, 0x39, 0xF3, 0xE7, 0xDF, 0xFF, 0xFF,
  0xFF, 0xFC, 0xFF, 0xFF, 0xFF, 0xFF, 0xFF, 0xDF, 0x7E, 0x73, 0xF9, 0x3F,
  0xE3, 0xFF, 0xBF, 0xF2, 0x7F, 0x39, 0xF3, 0xE7, 0xDF, 0xFF, 0xFF, 0xFF,
  0xFC, 0xFF, 0xFF, 0xFF, 0xFF, 0xFF, 0xDF, 0x7E, 0x73, 0xF9, 0x3F, 0xE3,
  0xFF, 0xBF, 0xF2, 0x7F, 0x39, 0xF3, 0xE7, 0xDF, 0xFF, 0xFF, 0xFF, 0xFC,
  0xFF, 0xFF, 0xFF, 0xFF, 0xFF, 0xDF, 0x7E, 0x73, 0xF9, 0x3F, 0xE3, 0xFF,
  0xBF, 0xF2, 0x7F, 0x39, 0xF3, 0xE7, 0xDF, 0xFF, 0xFF, 0xFF, 0xFC, 0xFF,
  0xFF, 0xFF, 0xFF, 0xFF, 0xDF, 0x7E, 0x73, 0xF9, 0x3F, 0xE3, 0xFF, 0xBF,
  0xF2, 0x7F, 0x39, 0xF3, 0xE7, 0xDF, 0xFF, 0xFF, 0xFF, 0xFC, 0x00, 0x7D,
  0x80, 0xDB, 0x6D, 0xB6, 0xDB, 0x6C, 0x06, 0x03, 0x07, 0xE6, 0x36, 0x1B,
  0x03, 0x81, 0xC0, 0xE0, 0x30, 0x18, 0x06, 0x11, 0xF0, 0x60, 0x30, 0x03,
  0x80, 0xFE, 0x08, 0x21, 0x80, 0x18, 0x01, 0x80, 0x7F, 0x07, 0xF0, 0x18,
  0x01, 0x80, 0x18, 0x31, 0x83, 0x30, 0x3F, 0xC3, 0xC7, 0xE0, 0x80, 0x59,
  0x9D, 0xFE, 0x10, 0xC6, 0x08, 0xC1, 0x18, 0x23, 0x0C, 0x7F, 0x9F, 0xDB,
  0x01, 0x80, 0xF8, 0xFB, 0x81, 0x8C, 0x18, 0x30, 0x81, 0xCC, 0x06, 0x40,
  0x1C, 0x0F, 0xFE, 0x03, 0x00, 0x18, 0x00, 0xC0, 0xFF, 0xE0, 0x30, 0x01,
  0x80, 0x7F, 0x00, 0xFF, 0xFF, 0x03, 0xFF, 0xFC, 0x3F, 0x30, 0xF0, 0x78,
  0x36, 0x03, 0xC3, 0x79, 0x0F, 0xC1, 0xF0, 0x5C, 0x27, 0xF0, 0xF0, 0x1E,
  0x07, 0x83, 0xC3, 0x3F, 0x00, 0x45, 0xDF, 0x18, 0x07, 0xE0, 0x1C, 0x18,
  0x30, 0x0C, 0x60, 0x02, 0x43, 0xE3, 0xC6, 0x21, 0x8C, 0x01, 0x8C, 0x01,
  0x8C, 0x01, 0x8C, 0x01, 0x8C, 0x01, 0xC7, 0x21, 0x43, 0xC2, 0x20, 0x06,
  0x30, 0x0C, 0x0C, 0x38, 0x03, 0xC0, 0x1C, 0x66, 0x02, 0x03, 0x3F, 0x63,
  0xC3, 0xC3, 0x7F, 0x0C, 0x23, 0x08, 0xC3, 0x39, 0xCE, 0x71, 0xCE, 0x18,
  0xE1, 0x8E, 0x18, 0xC1, 0x8C, 0xFF, 0x80, 0x40, 0x20, 0x10, 0x08, 0xFF,
  0xFF, 0xFF, 0xFF, 0xFF, 0xDF, 0x7E, 0x73, 0xF9, 0x3F, 0xE3, 0xFF, 0xBF,
  0xF2, 0x7F, 0x39, 0xF3, 0xE7, 0xDF, 0xFF, 0xFF, 0xFF, 0xFC, 0x07, 0xE0,
  0x1C, 0x18, 0x30, 0x0C, 0x60, 0x02, 0x4F, 0xE3, 0xC6, 0x31, 0x86, 0x31,
  0x86, 0x31, 0x87, 0xE1, 0x86, 0x61, 0x86, 0x61, 0xC6, 0x31, 0x4F, 0x3A,
  0x20, 0x06, 0x30, 0x0C, 0x0C, 0x38, 0x03, 0xC0, 0xFC, 0x38, 0xFB, 0x1E,
  0x1C, 0x6C, 0x8E, 0x00, 0x18, 0x0C, 0x06, 0x03, 0x0F, 0xF8, 0xC0, 0x60,
  0x30, 0x18, 0x00, 0x3F, 0xC0, 0x7C, 0xC6, 0x06, 0x06, 0x04, 0x0C, 0x1A,
  0x63, 0xFE, 0xFC, 0x0C, 0x10, 0xC3, 0xC0, 0xC1, 0x87, 0x7C, 0x33, 0x6C,
  0xE3, 0x98, 0x66, 0x19, 0x86, 0x61, 0x98, 0x66, 0x19, 0x86, 0x61, 0x9C,
  0xE7, 0xED, 0x80, 0x60, 0x18, 0x06, 0x00, 0x3F, 0xF7, 0xC4, 0xFC, 0x4F,
  0xC4, 0xFC, 0x4F, 0xC4, 0x7C, 0x43, 0xC4, 0x0C, 0x40, 0xC4, 0x0C, 0x40,
  0xC4, 0x0C, 0x40, 0xC4, 0x0C, 0x43, 0xC7, 0xF0, 0x23, 0x3F, 0xE0, 0x73,
  0x41, 0x04, 0x10, 0x41, 0x04, 0x7C, 0x38, 0x66, 0xC6, 0xC3, 0xC3, 0xC3,
  0xC2, 0xC6, 0x7C, 0xC2, 0x0C, 0x60, 0xC6, 0x0C, 0x61, 0xC6, 0x18, 0xC6,
  0x31, 0x8C, 0x61, 0x18, 0x40, 0x00, 0x18, 0x38, 0x08, 0x34, 0x0C, 0x02,
  0x04, 0x01, 0x06, 0x00, 0x82, 0x00, 0x43, 0x00, 0x21, 0x18, 0x11, 0x8C,
  0x3E, 0x8C, 0x00, 0xC4, 0x80, 0x46, 0x40, 0x62, 0x20, 0x23, 0xFC, 0x30,
  0x08, 0x10, 0x04, 0x18, 0x00, 0x00, 0x00, 0x18, 0x1C, 0x04, 0x0D, 0x03,
  0x00, 0x40, 0x80, 0x10, 0x60, 0x04, 0x10, 0x01, 0x0C, 0x00, 0x42, 0x7C,
  0x11, 0xB1, 0x9F, 0x40, 0x60, 0x30, 0x18, 0x08, 0x04, 0x06, 0x03, 0x01,
  0x01, 0xA0, 0xC1, 0x8C, 0x20, 0xFE, 0x18, 0x00, 0x00, 0x00, 0x0C, 0x3F,
  0x02, 0x00, 0x61, 0x80, 0x10, 0x40, 0x18, 0x30, 0x0F, 0x08, 0x00, 0x66,
  0x00, 0x19, 0x18, 0x0E, 0xC6, 0x1F, 0x23, 0x00, 0x18, 0x90, 0x04, 0x64,
  0x03, 0x11, 0x00, 0x8F, 0xF0, 0x60, 0x10, 0x10, 0x04, 0x0C, 0x00, 0x00,
  0x08, 0x1C, 0x18, 0x00, 0x00, 0x08, 0x0C, 0x0C, 0x0C, 0x18, 0x70, 0xC0,
  0xC0, 0xC0, 0xC0, 0xC0, 0x70, 0x3F, 0x0C, 0x00, 0x38, 0x00, 0x70, 0x00,
  0x00, 0x03, 0x00, 0x0E, 0x00, 0x78, 0x01, 0x60, 0x0D, 0xC0, 0x33, 0x00,
  0x8C, 0x06, 0x38, 0x18, 0x60, 0x41, 0x83, 0xFF, 0x0C, 0x0C, 0x20, 0x31,
  0x80, 0xEF, 0x87, 0xC0, 0x00, 0xE0, 0x03, 0x00, 0x18, 0x00, 0x00, 0x03,
  0x00, 0x0E, 0x00, 0x78, 0x01, 0x60, 0x0D, 0xC0, 0x33, 0x00, 0x8C, 0x06,
  0x38, 0x18, 0x60, 0x41, 0x83, 0xFF, 0x0C, 0x0C, 0x20, 0x31, 0x80, 0xEF,
  0x87, 0xC0, 0x03, 0x80, 0x1B, 0x00, 0xC6, 0x00, 0x00, 0x03, 0x00, 0x0E,
  0x00, 0x78, 0x01, 0x60, 0x0D, 0xC0, 0x33, 0x00, 0x8C, 0x06, 0x38, 0x18,
  0x60, 0x41, 0x83, 0xFF, 0x0C, 0x0C, 0x20, 0x31, 0x80, 0xEF, 0x87, 0xC0,
  0x04, 0x00, 0x39, 0x00, 0x98, 0x00, 0x00, 0x03, 0x00, 0x0E, 0x00, 0x78,
  0x01, 0x60, 0x0D, 0xC0, 0x33, 0x00, 0x8C, 0x06, 0x38, 0x18, 0x60, 0x41,
  0x83, 0xFF, 0x0C, 0x0C, 0x20, 0x31, 0x80, 0xEF, 0x87, 0xC0, 0x0C, 0x80,
  0x37, 0x00, 0xCC, 0x00, 0x00, 0x03, 0x00, 0x0E, 0x00, 0x78, 0x01, 0x60,
  0x0D, 0xC0, 0x33, 0x00, 0x8C, 0x06, 0x38, 0x18, 0x60, 0x41, 0x83, 0xFF,
  0x0C, 0x0C, 0x20, 0x31, 0x80, 0xEF, 0x87, 0xC0, 0x07, 0x80, 0x32, 0x00,
  0xC8, 0x01, 0xE0, 0x00, 0x00, 0x0C, 0x00, 0x38, 0x01, 0xE0, 0x05, 0x80,
  0x37, 0x00, 0xCC, 0x02, 0x30, 0x18, 0xE0, 0x61, 0x81, 0x06, 0x0F, 0xFC,
  0x30, 0x30, 0x80, 0xC6, 0x03, 0xBE, 0x1F, 0x0F, 0xFF, 0xC0, 0x7F, 0x3C,
  0x01, 0x30, 0x40, 0x33, 0x06, 0x02, 0x30, 0x00, 0x63, 0x18, 0x06, 0x31,
  0x80, 0xC3, 0xF8, 0x0C, 0x31, 0x80, 0x83, 0x18, 0x1F, 0xF0, 0x01, 0x83,
  0x02, 0x30, 0x30, 0x33, 0x03, 0x02, 0xF8, 0xFF, 0xE0, 0x07, 0x83, 0x1D,
  0xC1, 0xB0, 0x3C, 0x01, 0x80, 0x30, 0x06, 0x00, 0xC0, 0x18, 0x03, 0x00,
  0x70, 0x26, 0x06, 0x60, 0xC7, 0xF0, 0x10, 0x03, 0x00, 0x60, 0x3C, 0x07,
  0x00, 0x18, 0x03, 0x80, 0x38, 0x00, 0x0F, 0xFD, 0xEF, 0x9C, 0x13, 0x82,
  0x70, 0x0E, 0x21, 0xC4, 0x3F, 0x87, 0x10, 0xE2, 0x1C, 0x03, 0x81, 0x70,
  0x2E, 0x0F, 0xFF, 0x80, 0x03, 0x80, 0x60, 0x18, 0x00, 0x0F, 0xFD, 0xEF,
  0x9C, 0x13, 0x82, 0x70, 0x0E, 0x21, 0xC4, 0x3F, 0x87, 0x10, 0xE2, 0x1C,
  0x03, 0x81, 0x70, 0x2E, 0x0F, 0xFF, 0x80, 0x0E, 0x03, 0x60, 0xC6, 0x00,
  0x0F, 0xFD, 0xEF, 0x9C, 0x13, 0x82, 0x70, 0x0E, 0x21, 0xC4, 0x3F, 0x87,
  0x10, 0xE2, 0x1C, 0x03, 0x81, 0x70, 0x2E, 0x0F, 0xFF, 0x80, 0x19, 0x03,
  0x70, 0x66, 0x00, 0x0F, 0xFD, 0xEF, 0x9C, 0x13, 0x82, 0x70, 0x0E, 0x21,
  0xC4, 0x3F, 0x87, 0x10, 0xE2, 0x1C, 0x03, 0x81, 0x70, 0x2E, 0x0F, 0xFF,
  0x80, 0xC3, 0x87, 0x00, 0xFF, 0xE3, 0x0C, 0x30, 0xC3, 0x0C, 0x30, 0xC3,
  0x0C, 0x30, 0xCF, 0xC0, 0x1C, 0x63, 0x00, 0xFF, 0xE3, 0x0C, 0x30, 0xC3,
  0x0C, 0x30, 0xC3, 0x0C, 0x30, 0xCF, 0xC0, 0x38, 0xDB, 0x18, 0x07, 0xEF,
  0x86, 0x0C, 0x18, 0x30, 0x60, 0xC1, 0x83, 0x06, 0x0C, 0x18, 0x31, 0xF8,
  0xCB, 0x7C, 0xC0, 0xFF, 0xE3, 0x0C, 0x30, 0xC3, 0x0C, 0x30, 0xC3, 0x0C,
  0x30, 0xCF, 0xC0, 0xFF, 0x07, 0x8F, 0x1C, 0x1C, 0xE0, 0x67, 0x03, 0xB8,
  0x0D, 0xC0, 0x7F, 0x83, 0x70, 0x1B, 0x80, 0xDC, 0x0E, 0xE0, 0x67, 0x06,
  0x38, 0x73, 0xFE, 0x00, 0x04, 0x00, 0x39, 0x00, 0x98, 0x00, 0x00, 0xE0,
  0x7F, 0xC0, 0xE7, 0x81, 0x1E, 0x04, 0x6C, 0x11, 0xB8, 0x46, 0x61, 0x18,
  0xC4, 0x63, 0x91, 0x86, 0x46, 0x0D, 0x18, 0x3C, 0x60, 0x71, 0x80, 0xCF,
  0x03, 0x00, 0x18, 0x01, 0xC0, 0x0E, 0x00, 0x00, 0x07, 0x03, 0x9C, 0x60,
  0x66, 0x07, 0xC0, 0x3C, 0x03, 0xC0, 0x3C, 0x03, 0xC0, 0x3C, 0x03, 0xC0,
  0x3E, 0x03, 0x60, 0x63, 0x0C, 0x1F, 0x80, 0x01, 0xC0, 0x18, 0x03, 0x00,
  0x00, 0x07, 0x03, 0x9C, 0x60, 0x66, 0x07, 0xC0, 0x3C, 0x03, 0xC0, 0x3C,
  0x03, 0xC0, 0x3C, 0x03, 0xC0, 0x3E, 0x03, 0x60, 0x63, 0x0C, 0x1F, 0x80,
  0x07, 0x00, 0xD8, 0x18, 0xC0, 0x00, 0x07, 0x03, 0x9C, 0x60, 0x66, 0x07,
  0xC0, 0x3C, 0x03, 0xC0, 0x3C, 0x03, 0xC0, 0x3C, 0x03, 0xC0, 0x3E, 0x03,
  0x60, 0x63, 0x0C, 0x1F, 0x80, 0x08, 0x01, 0xC8, 0x13, 0x00, 0x00, 0x07,
  0x03, 0x9C, 0x60, 0x66, 0x07, 0xC0, 0x3C, 0x03, 0xC0, 0x3C, 0x03, 0xC0,
  0x3C, 0x03, 0xC0, 0x3E, 0x03, 0x60, 0x63, 0x0C, 0x1F, 0x80, 0x19, 0x01,
  0xB8, 0x19, 0x80, 0x00, 0x07, 0x03, 0x9C, 0x60, 0x66, 0x07, 0xC0, 0x3C,
  0x03, 0xC0, 0x3C, 0x03, 0xC0, 0x3C, 0x03, 0xC0, 0x3E, 0x03, 0x60, 0x63,
  0x0C, 0x1F, 0x80, 0x41, 0x70, 0xD8, 0xC6, 0xC1, 0xC0, 0xE0, 0xD9, 0xC7,
  0x41, 0x00, 0x00, 0x40, 0x78, 0x39, 0xC6, 0x0E, 0x61, 0x7C, 0x13, 0xC2,
  0x3C, 0x23, 0xC2, 0x3C, 0x43, 0xC4, 0x3C, 0x83, 0xE8, 0x36, 0x86, 0x30,
  0xC1, 0xF8, 0x20, 0x02, 0x00, 0x06, 0x00, 0x1C, 0x00, 0x38, 0x00, 0x00,
  0xFC, 0x3D, 0xE0, 0xF3, 0x01, 0x8C, 0x06, 0x30, 0x18, 0xC0, 0x63, 0x01,
  0x8C, 0x06, 0x30, 0x18, 0xC0, 0x63, 0x01, 0x8C, 0x04, 0x38, 0x10, 0x70,
  0x80, 0xFC, 0x00, 0x00, 0xE0, 0x03, 0x00, 0x18, 0x00, 0x00, 0xFC, 0x3D,
  0xE0, 0xF3, 0x01, 0x8C, 0x06, 0x30, 0x18, 0xC0, 0x63, 0x01, 0x8C, 0x06,
  0x30, 0x18, 0xC0, 0x63, 0x01, 0x8C, 0x04, 0x38, 0x10, 0x70, 0x80, 0xFC,
  0x00, 0x03, 0x80, 0x1B, 0x00, 0xC6, 0x00, 0x00, 0xFC, 0x3D, 0xE0, 0xF3,
  0x01, 0x8C, 0x06, 0x30, 0x18, 0xC0, 0x63, 0x01, 0x8C, 0x06, 0x30, 0x18,
  0xC0, 0x63, 0x01, 0x8C, 0x04, 0x38, 0x10, 0x70, 0x80, 0xFC, 0x00, 0x06,
  0x40, 0x1B, 0x80, 0x66, 0x00, 0x00, 0xFC, 0x3D, 0xE0, 0xF3, 0x01, 0x8C,
  0x06, 0x30, 0x18, 0xC0, 0x63, 0x01, 0x8C, 0x06, 0x30, 0x18, 0xC0, 0x63,
  0x01, 0x8C, 0x04, 0x38, 0x10, 0x70, 0x80, 0xFC, 0x00, 0x01, 0xC0, 0x0C,
  0x00, 0xC0, 0x00, 0x0F, 0x8F, 0xF8, 0x3D, 0xC0, 0x86, 0x0C, 0x38, 0x40,
  0xC4, 0x03, 0x20, 0x1A, 0x00, 0x70, 0x03, 0x00, 0x18, 0x00, 0xC0, 0x06,
  0x00, 0x30, 0x07, 0xF0, 0xF8, 0x1F, 0x01, 0xC0, 0x38, 0x07, 0xFC, 0xE1,
  0xDC, 0x1B, 0x83, 0x70, 0x6E, 0x1D, 0xC7, 0x3F, 0x87, 0x00, 0xE0, 0x3F,
  0x00, 0x0F, 0xC1, 0x8C, 0x30, 0xC3, 0x0C, 0x30, 0x86, 0x10, 0x63, 0x06,
  0x38, 0x61, 0xC6, 0x0E, 0x60, 0x66, 0x07, 0x60, 0x76, 0x06, 0xE3, 0xC0,
  0x30, 0x0E, 0x01, 0x80, 0x30, 0x00, 0x00, 0x03, 0xF1, 0xCE, 0x01, 0x80,
  0x60, 0x38, 0xF6, 0x61, 0xB8, 0x6E, 0x19, 0x8E, 0x7D, 0xC0, 0x03, 0x00,
  0xC0, 0x60, 0x30, 0x00, 0x00, 0x03, 0xF1, 0xCE, 0x01, 0x80, 0x60, 0x38,
  0xF6, 0x61, 0xB8, 0x6E, 0x19, 0x8E, 0x7D, 0xC0, 0x0C, 0x03, 0x81, 0xA0,
  0xC4, 0x21, 0x80, 0x03, 0xF1, 0xCE, 0x01, 0x80, 0x60, 0x38, 0xF6, 0x61,
  0xB8, 0x6E, 0x19, 0x8E, 0x7D, 0xC0, 0x1C, 0x8D, 0xE0, 0x30, 0x00, 0x3F,
  0x1C, 0xE0, 0x18, 0x06, 0x03, 0x8F, 0x66, 0x1B, 0x86, 0xE1, 0x98, 0xE7,
  0xDC, 0x11, 0x0E, 0xE3, 0x18, 0x00, 0x00, 0x0F, 0xC7, 0x38, 0x06, 0x01,
  0x80, 0xE3, 0xD9, 0x86, 0xE1, 0xB8, 0x66, 0x39, 0xF7, 0x1E, 0x04, 0x41,
  0x10, 0x78, 0x00, 0x00, 0x03, 0xF1, 0xCE, 0x01, 0x80, 0x60, 0x38, 0xF6,
  0x61, 0xB8, 0x6E, 0x19, 0x8E, 0x7D, 0xC0, 0x3E, 0x7C, 0x63, 0xC6, 0x01,
  0x83, 0x01, 0x83, 0x03, 0x83, 0x3D, 0xFF, 0x61, 0x80, 0xE1, 0x80, 0xE1,
  0xC0, 0x62, 0xE3, 0x7C, 0x7E, 0x3F, 0x63, 0xC3, 0xC0, 0xC0, 0xC0, 0xC0,
  0xC0, 0xE0, 0x71, 0x3E, 0x08, 0x0C, 0x0C, 0x3C, 0x38, 0x60, 0x38, 0x0C,
  0x03, 0x00, 0x00, 0x00, 0xF8, 0xC6, 0xC3, 0x61, 0xF0, 0xFF, 0xEC, 0x06,
  0x03, 0x00, 0xE2, 0x3E, 0x00, 0x03, 0x01, 0x81, 0x81, 0x80, 0x00, 0x00,
  0xF8, 0xC6, 0xC3, 0x61, 0xF0, 0xFF, 0xEC, 0x06, 0x03, 0x00, 0xE2, 0x3E,
  0x00, 0x18, 0x0E, 0x0D, 0x0C, 0x44, 0x30, 0x00, 0xF8, 0xC6, 0xC3, 0x61,
  0xF0, 0xFF, 0xEC, 0x06, 0x03, 0x00, 0xE2, 0x3E, 0x00, 0x22, 0x3B, 0x98,
  0xC0, 0x00, 0x01, 0xF1, 0x8D, 0x86, 0xC3, 0xE1, 0xFF, 0xD8, 0x0C, 0x06,
  0x01, 0xC4, 0x7C, 0xC3, 0x86, 0x0C, 0x00, 0x07, 0x0C, 0x30, 0xC3, 0x0C,
  0x30, 0xC3, 0x0C, 0x7C, 0x18, 0xCC, 0xC0, 0x03, 0x8C, 0x63, 0x18, 0xC6,
  0x31, 0x8C, 0xF8, 0x30, 0x71, 0xA6, 0x28, 0x60, 0x1C, 0x18, 0x30, 0x60,
  0xC1, 0x83, 0x06, 0x0C, 0x18, 0x7C, 0x45, 0xDF, 0x18, 0x00, 0x0E, 0x0C,
  0x18, 0x30, 0x60, 0xC1, 0x83, 0x06, 0x0C, 0x3E, 0x08, 0x1B, 0x03, 0x80,
  0xF0, 0x26, 0x00, 0xC0, 0x18, 0xFE, 0x61, 0x98, 0x7C, 0x1F, 0x07, 0xC1,
  0xF0, 0x7C, 0x1B, 0x86, 0x63, 0x0F, 0x80, 0x1C, 0x83, 0x78, 0x03, 0x00,
  0x00, 0xEF, 0x8F, 0x9C, 0x60, 0xC6, 0x0C, 0x60, 0xC6, 0x0C, 0x60, 0xC6,
  0x0C, 0x60, 0xC6, 0x0C, 0xF1, 0xF0, 0x30, 0x0E, 0x01, 0x80, 0x30, 0x00,
  0x00, 0x03, 0xE1, 0x8E, 0xC1, 0xB0, 0x7C, 0x1F, 0x07, 0xC1, 0xF0, 0x7C,
  0x19, 0x8C, 0x3E, 0x00, 0x03, 0x00, 0xC0, 0x60, 0x30, 0x00, 0x00, 0x03,
  0xE1, 0x8E, 0xC1, 0xB0, 0x7C, 0x1F, 0x07, 0xC1, 0xF0, 0x7C, 0x19, 0x8C,
  0x3E, 0x00, 0x0C, 0x03, 0x81, 0xA0, 0xC4, 0x21, 0x80, 0x03, 0xE1, 0x8E,
  0xC1, 0xB0, 0x7C, 0x1F, 0x07, 0xC1, 0xF0, 0x7C, 0x19, 0x8C, 0x3E, 0x00,
  0x39, 0x1B, 0xC0, 0x60, 0x00, 0x3E, 0x18, 0xEC, 0x1B, 0x07, 0xC1, 0xF0,
  0x7C, 0x1F, 0x07, 0xC1, 0x98, 0xC3, 0xE0, 0x22, 0x1D, 0xC6, 0x30, 0x00,
  0x00, 0x0F, 0x86, 0x3B, 0x06, 0xC1, 0xF0, 0x7C, 0x1F, 0x07, 0xC1, 0xF0,
  0x66, 0x30, 0xF8, 0x08, 0x0E, 0x03, 0x00, 0x00, 0x07, 0xFC, 0x00, 0x00,
  0x08, 0x0E, 0x07, 0x00, 0x01, 0x00, 0x43, 0xE1, 0x8E, 0xC3, 0xB1, 0x7C,
  0x5F, 0x27, 0xC9, 0xF4, 0x7D, 0x19, 0x8C, 0x3E, 0x10, 0x04, 0x00, 0x30,
  0x07, 0x00, 0x60, 0x06, 0x00, 0x00, 0x00, 0x38, 0xE3, 0x0C, 0x61, 0x8C,
  0x31, 0x86, 0x30, 0xC6, 0x18, 0xC3, 0x18, 0x63, 0x1C, 0x3C, 0xE0, 0x03,
  0x00, 0x60, 0x18, 0x06, 0x00, 0x00, 0x00, 0x38, 0xE3, 0x0C, 0x61, 0x8C,
  0x31, 0x86, 0x30, 0xC6, 0x18, 0xC3, 0x18, 0x63, 0x1C, 0x3C, 0xE0, 0x0C,
  0x01, 0xC0, 0x68, 0x18, 0x82, 0x18, 0x00, 0x38, 0xE3, 0x0C, 0x61, 0x8C,
  0x31, 0x86, 0x30, 0xC6, 0x18, 0xC3, 0x18, 0x63, 0x1C, 0x3C, 0xE0, 0x22,
  0x0E, 0xE1, 0x8C, 0x00, 0x00, 0x01, 0xC7, 0x18, 0x63, 0x0C, 0x61, 0x8C,
  0x31, 0x86, 0x30, 0xC6, 0x18, 0xC3, 0x18, 0xE1, 0xE7, 0x01, 0x80, 0x30,
  0x0C, 0x03, 0x00, 0x00, 0x00, 0x3E, 0x7B, 0x02, 0x70, 0xC6, 0x18, 0xC2,
  0x0C, 0xC1, 0x98, 0x32, 0x03, 0x40, 0x78, 0x0E, 0x00, 0xC0, 0x10, 0x06,
  0x03, 0x80, 0x60, 0x00, 0xF0, 0x06, 0x00, 0xC0, 0x18, 0x03, 0x00, 0x7F,
  0x0E, 0x71, 0x87, 0x30, 0x66, 0x0C, 0xC1, 0x98, 0x33, 0x06, 0x61, 0x8C,
  0x61, 0xF8, 0x30, 0x06, 0x00, 0xC0, 0x18, 0x0F, 0xC0, 0x11, 0x07, 0x70,
  0xC6, 0x00, 0x00, 0x01, 0xF3, 0xD8, 0x13, 0x86, 0x30, 0xC6, 0x10, 0x66,
  0x0C, 0xC1, 0x90, 0x1A, 0x03, 0xC0, 0x70, 0x06, 0x00, 0x80, 0x30, 0x1C,
  0x03, 0x00 };

const GFXglyph Merriweather_Regular10pt8bGlyphs[] PROGMEM = {
  {     0,   1,   1,   5,    0,    0 },   // 0x20 ' '
  {     1,   3,  18,   6,    1,  -17 },   // 0x21 '!'
  {     8,   7,   6,  10,    2,  -15 },   // 0x22 '"'
  {    14,  12,  15,  14,    1,  -14 },   // 0x23 '#'
  {    37,   9,  19,  13,    2,  -16 },   // 0x24 '$'
  {    59,  18,  15,  20,    1,  -14 },   // 0x25 '%'
  {    93,  13,  15,  15,    1,  -14 },   // 0x26 '&'
  {   118,   3,   6,   6,    2,  -15 },   // 0x27 '''
  {   121,   6,  20,   8,    1,  -15 },   // 0x28 '('
  {   136,   6,  20,   8,    1,  -15 },   // 0x29 ')'
  {   151,  10,  10,  13,    1,  -15 },   // 0x2A '*'
  {   164,   9,   9,  13,    2,  -10 },   // 0x2B '+'
  {   175,   3,   7,   5,    1,   -1 },   // 0x2C ','
  {   178,   8,   1,  11,    2,   -6 },   // 0x2D '-'
  {   179,   3,   2,   5,    1,   -1 },   // 0x2E '.'
  {   180,   6,  18,   8,    1,  -14 },   // 0x2F '/'
  {   194,  11,  15,  13,    1,  -14 },   // 0x30 '0'
  {   215,   7,  15,   9,    1,  -14 },   // 0x31 '1'
  {   229,  10,  15,  12,    1,  -14 },   // 0x32 '2'
  {   248,   9,  15,  11,    1,  -14 },   // 0x33 '3'
  {   265,  11,  15,  12,    1,  -14 },   // 0x34 '4'
  {   286,   9,  15,  11,    1,  -14 },   // 0x35 '5'
  {   303,  10,  15,  12,    1,  -14 },   // 0x36 '6'
  {   322,  10,  15,  11,    1,  -14 },   // 0x37 '7'
  {   341,  10,  15,  12,    1,  -14 },   // 0x38 '8'
  {   360,  10,  16,  12,    1,  -14 },   // 0x39 '9'
  {   380,   3,  10,   5,    1,   -9 },   // 0x3A ':'
  {   384,   3,  15,   5,    1,   -9 },   // 0x3B ';'
  {   390,   9,  11,  13,    2,  -10 },   // 0x3C '<'
  {   403,   9,   7,  13,    2,   -9 },   // 0x3D '='
  {   411,  10,  10,  13,    2,  -10 },   // 0x3E '>'
  {   424,   8,  18,   9,    1,  -17 },   // 0x3F '?'
  {   442,  18,  20,  20,    1,  -14 },   // 0x40 '@'
  {   487,  14,  15,  14,    0,  -14 },   // 0x41 'A'
  {   514,  12,  15,  13,    1,  -14 },   // 0x42 'B'
  {   537,  11,  15,  13,    1,  -14 },   // 0x43 'C'
  {   558,  13,  15,  15,    1,  -14 },   // 0x44 'D'
  {   583,  11,  15,  12,    1,  -14 },   // 0x45 'E'
  {   604,  10,  15,  12,    1,  -14 },   // 0x46 'F'
  {   623,  13,  15,  14,    1,  -14 },   // 0x47 'G'
  {   648,  14,  15,  16,    1,  -14 },   // 0x48 'H'
  {   675,   6,  15,   7,    1,  -14 },   // 0x49 'I'
  {   687,   7,  19,   7,    0,  -14 },   // 0x4A 'J'
  {   704,  13,  15,  14,    1,  -14 },   // 0x4B 'K'
  {   729,  11,  15,  12,    1,  -14 },   // 0x4C 'L'
  {   750,  19,  15,  19,    0,  -14 },   // 0x4D 'M'
  {   786,  14,  15,  15,    1,  -14 },   // 0x4E 'N'
  {   813,  12,  15,  14,    1,  -14 },   // 0x4F 'O'
  {   836,  11,  15,  13,    1,  -14 },   // 0x50 'P'
  {   857,  14,  19,  14,    1,  -14 },   // 0x51 'Q'
  {   891,  13,  15,  14,    1,  -14 },   // 0x52 'R'
  {   916,  10,  15,  12,    1,  -14 },   // 0x53 'S'
  {   935,  13,  15,  14,    0,  -14 },   // 0x54 'T'
  {   960,  14,  15,  14,    0,  -14 },   // 0x55 'U'
  {   987,  13,  15,  13,    0,  -14 },   // 0x56 'V'
  {  1012,  20,  15,  20,    0,  -14 },   // 0x57 'W'
  {  1050,  14,  15,  14,    0,  -14 },   // 0x58 'X'
  {  1077,  13,  15,  13,    0,  -14 },   // 0x59 'Y'
  {  1102,  11,  15,  13,    1,  -14 },   // 0x5A 'Z'
  {  1123,   4,  19,   9,    2,  -15 },   // 0x5B '['
  {  1133,   7,  18,   8,    1,  -14 },   // 0x5C '\'
  {  1149,   5,  19,   8,    2,  -15 },   // 0x5D ']'
  {  1161,   9,  12,  13,    2,  -14 },   // 0x5E '^'
  {  1175,  10,   1,  10,    0,    2 },   // 0x5F '_'
  {  1177,   4,   4,   8,    2,  -16 },   // 0x60 '`'
  {  1179,  10,  11,  11,    0,  -10 },   // 0x61 'a'
  {  1193,  11,  16,  12,    0,  -15 },   // 0x62 'b'
  {  1215,   8,  11,  10,    1,  -10 },   // 0x63 'c'
  {  1226,  10,  16,  12,    1,  -15 },   // 0x64 'd'
  {  1246,   9,  11,  10,    1,  -10 },   // 0x65 'e'
  {  1259,   7,  16,   7,    1,  -15 },   // 0x66 'f'
  {  1273,  11,  16,  12,    1,  -10 },   // 0x67 'g'
  {  1295,  13,  16,  13,    0,  -15 },   // 0x68 'h'
  {  1321,   5,  16,   6,    1,  -15 },   // 0x69 'i'
  {  1331,   4,  21,   6,    0,  -15 },   // 0x6A 'j'
  {  1342,  12,  16,  12,    0,  -15 },   // 0x6B 'k'
  {  1366,   6,  16,   6,    0,  -15 },   // 0x6C 'l'
  {  1378,  18,  11,  19,    1,  -10 },   // 0x6D 'm'
  {  1403,  12,  11,  13,    1,  -10 },   // 0x6E 'n'
  {  1420,  10,  11,  11,    1,  -10 },   // 0x6F 'o'
  {  1434,  11,  16,  12,    0,  -10 },   // 0x70 'p'
  {  1456,  11,  16,  12,    1,  -10 },   // 0x71 'q'
  {  1478,   7,  11,   9,    1,  -10 },   // 0x72 'r'
  {  1488,   8,  11,  10,    1,  -10 },   // 0x73 's'
  {  1499,   7,  14,   8,    0,  -13 },   // 0x74 't'
  {  1512,  11,  11,  12,    1,  -10 },   // 0x75 'u'
  {  1528,  11,  11,  11,    0,  -10 },   // 0x76 'v'
  {  1544,  17,  11,  17,    0,  -10 },   // 0x77 'w'
  {  1568,  11,  11,  12,    0,  -10 },   // 0x78 'x'
  {  1584,  11,  16,  11,    0,  -10 },   // 0x79 'y'
  {  1606,   9,  11,  11,    1,  -10 },   // 0x7A 'z'
  {  1619,   8,  19,  10,    1,  -15 },   // 0x7B '{'
  {  1638,   2,  19,   8,    3,  -16 },   // 0x7C '|'
  {  1643,   7,  19,  10,    2,  -15 },   // 0x7D '}'
  {  1660,   8,   3,  12,    2,   -6 },   // 0x7E '~'
  {  1663,  13,  14,  17,    2,  -13 },   // 0x7F
  {  1686,  13,  14,  17,    2,  -13 },   // 0x80
  {  1709,  13,  14,  17,    2,  -13 },   // 0x81
  {  1732,  13,  14,  17,    2,  -13 },   // 0x82
  {  1755,  13,  14,  17,    2,  -13 },   // 0x83
  {  1778,  13,  14,  17,    2,  -13 },   // 0x84
  {  1801,  13,  14,  17,    2,  -13 },   // 0x85
  {  1824,  13,  14,  17,    2,  -13 },   // 0x86
  {  1847,  13,  14,  17,    2,  -13 },   // 0x87
  {  1870,  13,  14,  17,    2,  -13 },   // 0x88
  {  1893,  13,  14,  17,    2,  -13 },   // 0x89
  {  1916,  13,  14,  17,    2,  -13 },   // 0x8A
  {  1939,  13,  14,  17,    2,  -13 },   // 0x8B
  {  1962,  13,  14,  17,    2,  -13 },   // 0x8C
  {  1985,  13,  14,  17,    2,  -13 },   // 0x8D
  {  2008,  13,  14,  17,    2,  -13 },   // 0x8E
  {  2031,  13,  14,  17,    2,  -13 },   // 0x8F
  {  2054,  13,  14,  17,    2,  -13 },   // 0x90
  {  2077,  13,  14,  17,    2,  -13 },   // 0x91
  {  2100,  13,  14,  17,    2,  -13 },   // 0x92
  {  2123,  13,  14,  17,    2,  -13 },   // 0x93
  {  2146,  13,  14,  17,    2,  -13 },   // 0x94
  {  2169,  13,  14,  17,    2,  -13 },   // 0x95
  {  2192,  13,  14,  17,    2,  -13 },   // 0x96
  {  2215,  13,  14,  17,    2,  -13 },   // 0x97
  {  2238,  13,  14,  17,    2,  -13 },   // 0x98
  {  2261,  13,  14,  17,    2,  -13 },   // 0x99
  {  2284,  13,  14,  17,    2,  -13 },   // 0x9A
  {  2307,  13,  14,  17,    2,  -13 },   // 0x9B
  {  2330,  13,  14,  17,    2,  -13 },   // 0x9C
  {  2353,  13,  14,  17,    2,  -13 },   // 0x9D
  {  2376,  13,  14,  17,    2,  -13 },   // 0x9E
  {  2399,  13,  14,  17,    2,  -13 },   // 0x9F
  {  2422,   1,   1,   5,    0,    0 },   // 0xA0
  {  2423,   3,  18,   6,    1,  -14 },   // 0xA1
  {  2430,   9,  15,  11,    1,  -12 },   // 0xA2
  {  2447,  12,  15,  15,    1,  -14 },   // 0xA3
  {  2470,  11,  11,  14,    2,  -12 },   // 0xA4
  {  2486,  13,  15,  15,    1,  -14 },   // 0xA5
  {  2511,   2,  19,   8,    3,  -16 },   // 0xA6
  {  2516,   9,  18,  13,    2,  -15 },   // 0xA7
  {  2537,   7,   3,  10,    2,  -15 },   // 0xA8
  {  2540,  16,  17,  20,    2,  -17 },   // 0xA9
  {  2574,   8,   9,   9,    0,  -15 },   // 0xAA
  {  2583,  11,  10,  13,    1,  -10 },   // 0xAB
  {  2597,   9,   5,  13,    2,   -5 },   // 0xAC
  {  2603,  13,  14,  17,    2,  -13 },   // 0xAD
  {  2626,  16,  17,  20,    2,  -17 },   // 0xAE
  {  2660,   6,   1,   9,    2,  -13 },   // 0xAF
  {  2661,   7,   7,   9,    1,  -15 },   // 0xB0
  {  2668,   9,  11,  12,    2,  -10 },   // 0xB1
  {  2681,   8,   9,   8,    0,  -16 },   // 0xB2
  {  2690,   7,   9,   8,    0,  -16 },   // 0xB3
  {  2698,   4,   4,   8,    2,  -16 },   // 0xB4
  {  2700,  10,  15,  12,    1,  -10 },   // 0xB5
  {  2719,  12,  16,  14,    1,  -15 },   // 0xB6
  {  2743,   2,   2,   2,    0,   -8 },   // 0xB7
  {  2744,   4,   5,   7,    2,    1 },   // 0xB8
  {  2747,   6,   9,   6,    0,  -16 },   // 0xB9
  {  2754,   8,   9,   9,    1,  -15 },   // 0xBA
  {  2763,  11,  10,  13,    1,  -10 },   // 0xBB
  {  2777,  17,  17,  17,    0,  -15 },   // 0xBC
  {  2814,  18,  17,  18,    0,  -15 },   // 0xBD
  {  2853,  18,  17,  18,    0,  -15 },   // 0xBE
  {  2892,   8,  18,   9,    1,  -14 },   // 0xBF
  {  2910,  14,  19,  14,    0,  -18 },   // 0xC0
  {  2944,  14,  19,  14,    0,  -18 },   // 0xC1
  {  2978,  14,  19,  14,    0,  -18 },   // 0xC2
  {  3012,  14,  19,  14,    0,  -18 },   // 0xC3
  {  3046,  14,  19,  14,    0,  -18 },   // 0xC4
  {  3080,  14,  20,  14,    0,  -19 },   // 0xC5
  {  3115,  20,  15,  19,   -1,  -14 },   // 0xC6
  {  3153,  11,  20,  13,    1,  -14 },   // 0xC7
  {  3181,  11,  19,  12,    1,  -18 },   // 0xC8
  {  3208,  11,  19,  12,    1,  -18 },   // 0xC9
  {  3235,  11,  19,  12,    1,  -18 },   // 0xCA
  {  3262,  11,  19,  12,    1,  -18 },   // 0xCB
  {  3289,   6,  19,   7,    1,  -18 },   // 0xCC
  {  3304,   6,  19,   7,    1,  -18 },   // 0xCD
  {  3319,   7,  19,   7,    0,  -18 },   // 0xCE
  {  3336,   6,  19,   7,    1,  -18 },   // 0xCF
  {  3351,  13,  15,  15,    1,  -14 },   // 0xD0
  {  3376,  14,  19,  15,    1,  -18 },   // 0xD1
  {  3410,  12,  19,  14,    1,  -18 },   // 0xD2
  {  3439,  12,  19,  14,    1,  -18 },   // 0xD3
  {  3468,  12,  19,  14,    1,  -18 },   // 0xD4
  {  3497,  12,  19,  14,    1,  -18 },   // 0xD5
  {  3526,  12,  19,  14,    1,  -18 },   // 0xD6
  {  3555,   9,   9,  13,    2,  -10 },   // 0xD7
  {  3566,  12,  18,  14,    1,  -15 },   // 0xD8
  {  3593,  14,  19,  14,    0,  -18 },   // 0xD9
  {  3627,  14,  19,  14,    0,  -18 },   // 0xDA
  {  3661,  14,  19,  14,    0,  -18 },   // 0xDB
  {  3695,  14,  19,  14,    0,  -18 },   // 0xDC
  {  3729,  13,  19,  13,    0,  -18 },   // 0xDD
  {  3760,  11,  15,  13,    1,  -14 },   // 0xDE
  {  3781,  12,  15,  12,    0,  -14 },   // 0xDF
  {  3804,  10,  17,  11,    0,  -16 },   // 0xE0
  {  3826,  10,  17,  11,    0,  -16 },   // 0xE1
  {  3848,  10,  17,  11,    0,  -16 },   // 0xE2
  {  3870,  10,  15,  11,    0,  -14 },   // 0xE3
  {  3889,  10,  16,  11,    0,  -15 },   // 0xE4
  {  3909,  10,  17,  11,    0,  -16 },   // 0xE5
  {  3931,  16,  11,  16,    0,  -10 },   // 0xE6
  {  3953,   8,  16,  10,    1,  -10 },   // 0xE7
  {  3969,   9,  17,  10,    1,  -16 },   // 0xE8
  {  3989,   9,  17,  10,    1,  -16 },   // 0xE9
  {  4009,   9,  17,  10,    1,  -16 },   // 0xEA
  {  4029,   9,  16,  10,    1,  -15 },   // 0xEB
  {  4047,   6,  17,   6,    0,  -16 },   // 0xEC
  {  4060,   5,  17,   6,    1,  -16 },   // 0xED
  {  4071,   7,  17,   6,    0,  -16 },   // 0xEE
  {  4086,   7,  16,   6,    0,  -15 },   // 0xEF
  {  4100,  10,  18,  11,    1,  -17 },   // 0xF0
  {  4123,  12,  15,  13,    1,  -14 },   // 0xF1
  {  4146,  10,  17,  11,    1,  -16 },   // 0xF2
  {  4168,  10,  17,  11,    1,  -16 },   // 0xF3
  {  4190,  10,  17,  11,    1,  -16 },   // 0xF4
  {  4212,  10,  15,  11,    1,  -14 },   // 0xF5
  {  4231,  10,  16,  11,    1,  -15 },   // 0xF6
  {  4251,   9,  11,  13,    2,  -11 },   // 0xF7
  {  4264,  10,  15,  11,    1,  -12 },   // 0xF8
  {  4283,  11,  17,  12,    1,  -16 },   // 0xF9
  {  4307,  11,  17,  12,    1,  -16 },   // 0xFA
  {  4331,  11,  17,  12,    1,  -16 },   // 0xFB
  {  4355,  11,  16,  12,    1,  -15 },   // 0xFC
  {  4377,  11,  22,  11,    0,  -16 },   // 0xFD
  {  4408,  11,  21,  12,    0,  -15 },   // 0xFE
  {  4437,  11,  21,  11,    0,  -15 } }; // 0xFF

const GFXfont Merriweather_Regular10pt8b PROGMEM = {
  (uint8_t  *)Merriweather_Regular10pt8bBitmaps,
  (GFXglyph *)Merriweather_Regular10pt8bGlyphs,
  0x20, 0xFF, 25 };

// Approx. 6041 bytes

const uint8_t Merriweather_Regular11pt8bBitmaps[] PROGMEM = {
  0x00, 0xDB, 0x6D, 0xB6, 0xDB, 0x6D, 0x80, 0xDF, 0x00, 0xEF, 0xDF, 0x36,
  0x6C, 0xD1, 0x22, 0x00, 0x04, 0x20, 0x21, 0x03, 0x08, 0x18, 0xC0, 0x84,
  0x3F, 0xFD, 0xFF, 0xE1, 0x08, 0x18, 0x40, 0xC6, 0x04, 0x30, 0xFF, 0xEF,
  0xFF, 0x08, 0x40, 0x42, 0x06, 0x30, 0x31, 0x80, 0x0C, 0x03, 0x00, 0xC0,
  0xFE, 0x60, 0xF8, 0x2C, 0x0B, 0x80, 0x70, 0x1E, 0x03, 0xE0, 0x3E, 0x03,
  0xC0, 0x70, 0x0F, 0x03, 0xC0, 0xF0, 0x77, 0xF0, 0x30, 0x0C, 0x03, 0x00,
  0x1C, 0x0C, 0x06, 0x60, 0xC0, 0x63, 0x08, 0x0C, 0x31, 0x80, 0xC3, 0x10,
  0x0C, 0x33, 0x00, 0xC3, 0x30, 0x06, 0x66, 0x3E, 0x3C, 0x66, 0x30, 0x04,
  0xC3, 0x00, 0xCC, 0x30, 0x08, 0xC3, 0x01, 0x8C, 0x30, 0x18, 0x63, 0x01,
  0x07, 0xE0, 0x30, 0x18, 0x0F, 0x80, 0x31, 0x80, 0xC3, 0x01, 0x86, 0x03,
  0x0C, 0x07, 0x30, 0x06, 0xC0, 0x0F, 0x1F, 0x1E, 0x3E, 0xCE, 0x11, 0x8E,
  0x66, 0x0C, 0xCC, 0x0D, 0x1C, 0x1C, 0x1C, 0x3E, 0x1F, 0xCE, 0xFF, 0x6D,
  0x20, 0x06, 0x18, 0x60, 0x83, 0x04, 0x18, 0x30, 0x61, 0xC3, 0x87, 0x06,
  0x0C, 0x18, 0x30, 0x70, 0x60, 0xC0, 0xC0, 0xC0, 0xC0, 0xC0, 0xC0, 0xC0,
  0xC1, 0x81, 0x83, 0x06, 0x0E, 0x0C, 0x18, 0x30, 0x60, 0xC3, 0x06, 0x0C,
  0x30, 0x61, 0x86, 0x08, 0x00, 0x0C, 0x03, 0x08, 0xC7, 0x37, 0x7B, 0x87,
  0x03, 0x73, 0xA7, 0xCC, 0xC3, 0x00, 0xC0, 0x0C, 0x03, 0x00, 0xC0, 0x30,
  0xFF, 0xFF, 0xF0, 0xC0, 0x30, 0x0C, 0x03, 0x00, 0x7F, 0xB6, 0xD4, 0xFF,
  0xFF, 0xC0, 0x7F, 0x80, 0x06, 0x18, 0x30, 0x60, 0xC1, 0x06, 0x0C, 0x18,
  0x20, 0xC1, 0x83, 0x04, 0x18, 0x30, 0x60, 0x83, 0x06, 0x0C, 0x00, 0x1F,
  0x83, 0x0C, 0x60, 0xE6, 0x06, 0x60, 0x6E, 0x07, 0xE0, 0x7E, 0x07, 0xE0,
  0x7E, 0x07, 0xE0, 0x76, 0x06, 0x60, 0x67, 0x0C, 0x30, 0xC1, 0xF0, 0x1C,
  0x7C, 0xFC, 0x1C, 0x1C, 0x1C, 0x1C, 0x1C, 0x1C, 0x1C, 0x1C, 0x1C, 0x1C,
  0x1C, 0x1C, 0xFF, 0x3F, 0x0F, 0xF3, 0x06, 0x00, 0xE0, 0x1C, 0x03, 0x80,
  0x60, 0x0C, 0x03, 0x00, 0x60, 0x18, 0x06, 0x01, 0x84, 0x60, 0xF9, 0xF7,
  0xFE, 0x3F, 0x39, 0xE8, 0x18, 0x06, 0x01, 0x80, 0xC0, 0xE0, 0xF8, 0x03,
  0x80, 0x70, 0x1C, 0x07, 0x01, 0xC0, 0xE0, 0x73, 0xF8, 0x07, 0x00, 0xE0,
  0x0E, 0x00, 0xC0, 0x1C, 0x01, 0x80, 0x38, 0x03, 0x18, 0x61, 0x86, 0x18,
  0xC1, 0x8F, 0xFF, 0xFF, 0xF0, 0x18, 0x01, 0x80, 0x18, 0x7F, 0xFF, 0xB0,
  0x18, 0x0C, 0x06, 0x02, 0xF9, 0xDE, 0x03, 0x80, 0xC0, 0x60, 0x30, 0x38,
  0x38, 0x39, 0xF0, 0x01, 0x80, 0xE0, 0x30, 0x0C, 0x03, 0x00, 0xE0, 0x18,
  0x03, 0x7C, 0xF0, 0xDC, 0x1F, 0x81, 0xF0, 0x3E, 0x06, 0xC0, 0xD8, 0x31,
  0x86, 0x1F, 0x80, 0xFF, 0xFF, 0xFB, 0x03, 0x60, 0x64, 0x18, 0x03, 0x00,
  0x60, 0x18, 0x03, 0x00, 0xE0, 0x18, 0x03, 0x00, 0xE0, 0x18, 0x07, 0x00,
  0xE0, 0x1F, 0x86, 0x39, 0x83, 0x30, 0x66, 0x0C, 0xE1, 0x8F, 0x60, 0xF0,
  0x3F, 0x8C, 0x7B, 0x03, 0xE0, 0x7C, 0x07, 0x81, 0x98, 0x71, 0xF8, 0x1F,
  0x0E, 0x31, 0x83, 0x60, 0x7C, 0x0F, 0x81, 0xF0, 0x3F, 0x07, 0x60, 0xEF,
  0xF8, 0x73, 0x00, 0xE0, 0x18, 0x06, 0x01, 0x80, 0xE0, 0x30, 0x00, 0xFD,
  0x00, 0x00, 0x7F, 0x80, 0xFD, 0x00, 0x00, 0x5F, 0xB6, 0xD4, 0x00, 0x40,
  0x70, 0x78, 0x78, 0x78, 0x38, 0x0E, 0x00, 0xE0, 0x0E, 0x01, 0xE0, 0x1C,
  0x01, 0xFF, 0xFF, 0xF0, 0x00, 0x00, 0x00, 0x00, 0x0F, 0xFF, 0xFF, 0xC0,
  0x1E, 0x00, 0xF0, 0x03, 0x80, 0x1C, 0x00, 0xC0, 0x70, 0x38, 0x1C, 0x0E,
  0x03, 0x00, 0x00, 0x20, 0x7F, 0x01, 0xC0, 0x60, 0x38, 0x0C, 0x06, 0x06,
  0x06, 0x06, 0x0E, 0x06, 0x03, 0x01, 0x80, 0xC0, 0x00, 0x00, 0x08, 0x0E,
  0x07, 0x00, 0x01, 0xFE, 0x00, 0xC0, 0xE0, 0x60, 0x06, 0x08, 0x00, 0x62,
  0x00, 0x0C, 0xC3, 0xF8, 0x90, 0xCF, 0x1E, 0x30, 0x43, 0xC6, 0x18, 0x70,
  0x83, 0x0A, 0x30, 0x61, 0x46, 0x1C, 0x28, 0xC3, 0x89, 0x18, 0xB3, 0x21,
  0xF6, 0xC6, 0x3C, 0xF0, 0xC0, 0x00, 0x0C, 0x00, 0x01, 0xC0, 0x00, 0x1C,
  0x04, 0x00, 0xFF, 0x00, 0x03, 0x80, 0x07, 0x80, 0x0B, 0x00, 0x36, 0x00,
  0x4E, 0x00, 0x8C, 0x03, 0x18, 0x04, 0x38, 0x18, 0x70, 0x30, 0x60, 0x7F,
  0xE1, 0xFF, 0xC3, 0x01, 0x86, 0x03, 0x98, 0x07, 0x7C, 0x1F, 0xFF, 0xC1,
  0x87, 0x0C, 0x1C, 0x60, 0xE3, 0x07, 0x18, 0x30, 0xC3, 0x07, 0xF0, 0x30,
  0xF1, 0x81, 0x8C, 0x0E, 0x60, 0x73, 0x03, 0x98, 0x18, 0xC1, 0xDF, 0xF8,
  0x0F, 0xF3, 0x83, 0x70, 0x36, 0x03, 0xE0, 0x0C, 0x00, 0xC0, 0x0C, 0x00,
  0xC0, 0x0C, 0x00, 0xE0, 0x0E, 0x00, 0x60, 0x17, 0x03, 0x38, 0x31, 0xFE,
  0xFF, 0xC0, 0xC1, 0xC3, 0x03, 0x8C, 0x07, 0x30, 0x1C, 0xC0, 0x33, 0x00,
  0xCC, 0x03, 0x30, 0x0C, 0xC0, 0x33, 0x00, 0xCC, 0x07, 0x30, 0x18, 0xC0,
  0xE3, 0x07, 0x3F, 0xF0, 0xFF, 0xE3, 0x06, 0x30, 0x23, 0x00, 0x30, 0x03,
  0x08, 0x30, 0x83, 0xF8, 0x30, 0x83, 0x08, 0x30, 0x03, 0x00, 0x30, 0x13,
  0x03, 0x30, 0x3F, 0xFF, 0xFF, 0xE3, 0x02, 0x30, 0x33, 0x03, 0x30, 0x03,
  0x08, 0x30, 0x83, 0xF8, 0x3F, 0x83, 0x08, 0x30, 0x83, 0x00, 0x30, 0x03,
  0x00, 0x30, 0x0F, 0xE0, 0x0F, 0xF8, 0xE0, 0xE7, 0x01, 0x98, 0x06, 0xE0,
  0x03, 0x00, 0x0C, 0x00, 0x30, 0x00, 0xC0, 0xFF, 0x00, 0x6E, 0x01, 0xB8,
  0x06, 0x60, 0x19, 0xC0, 0x63, 0x83, 0x83, 0xF8, 0xFC, 0x3E, 0x60, 0x38,
  0xC0, 0x71, 0x80, 0xE3, 0x01, 0xC6, 0x03, 0x8C, 0x07, 0x1F, 0xFE, 0x30,
  0x1C, 0x60, 0x38, 0xC0, 0x71, 0x80, 0xE3, 0x01, 0xC6, 0x03, 0x8C, 0x07,
  0x7E, 0x1F, 0xFC, 0xC3, 0x0C, 0x30, 0xC3, 0x0C, 0x30, 0xC3, 0x0C, 0x30,
  0xC3, 0x3F, 0x7E, 0x30, 0x60, 0xC1, 0x83, 0x06, 0x0C, 0x18, 0x30, 0x60,
  0xC1, 0x83, 0x06, 0x0C, 0x38, 0x61, 0x86, 0x00, 0xFC, 0xFC, 0xC0, 0xC3,
  0x06, 0x0C, 0x30, 0x30, 0x80, 0xC4, 0x03, 0x30, 0x0D, 0xC0, 0x3F, 0x80,
  0xE7, 0x03, 0x0C, 0x0C, 0x38, 0x30, 0x70, 0xC1, 0xC3, 0x03, 0xBF, 0x07,
  0xFC, 0x03, 0x00, 0x30, 0x03, 0x00, 0x30, 0x03, 0x00, 0x30, 0x03, 0x00,
  0x30, 0x03, 0x00, 0x30, 0x03, 0x01, 0x30, 0x33, 0x03, 0x30, 0x6F, 0xFE,
  0x7E, 0x03, 0xF0, 0x78, 0x16, 0x02, 0xC0, 0xB0, 0x36, 0x0D, 0x81, 0xB0,
  0x4C, 0x0D, 0xC2, 0x60, 0x46, 0x33, 0x02, 0x31, 0x98, 0x11, 0xC8, 0xE0,
  0x86, 0xC7, 0x0C, 0x36, 0x18, 0x61, 0xA0, 0xC3, 0x07, 0x06, 0x18, 0x38,
  0x30, 0xC1, 0x81, 0x9F, 0x80, 0x3F, 0xF0, 0x3E, 0xF0, 0x19, 0xF0, 0x33,
  0x60, 0x66, 0xE0, 0xCC, 0xE1, 0x99, 0xC3, 0x31, 0xC6, 0x61, 0xCC, 0xC3,
  0x99, 0x83, 0xB3, 0x03, 0x66, 0x03, 0xCC, 0x07, 0x98, 0x07, 0x7C, 0x06,
  0x0F, 0xC0, 0xE1, 0xC7, 0x03, 0x18, 0x0E, 0xE0, 0x1B, 0x80, 0x7C, 0x01,
  0xF0, 0x07, 0xC0, 0x1F, 0x00, 0x7E, 0x01, 0xF8, 0x06, 0x60, 0x39, 0xC0,
  0xC3, 0x86, 0x07, 0xF0, 0xFF, 0xC3, 0x0E, 0x30, 0x73, 0x03, 0x30, 0x33,
  0x03, 0x30, 0x33, 0x06, 0x30, 0xE3, 0xF8, 0x30, 0x03, 0x00, 0x30, 0x03,
  0x00, 0x30, 0x0F, 0xE0, 0x0F, 0xC0, 0x38, 0x70, 0x70, 0x30, 0x60, 0x38,
  0xE0, 0x18, 0xE0, 0x1C, 0xC0, 0x1C, 0xC0, 0x1C, 0xC0, 0x1C, 0xC0, 0x1C,
  0xE0, 0x1C, 0xE0, 0x18, 0x60, 0x38, 0x70, 0x30, 0x38, 0x60, 0x1F, 0xC0,
  0x00, 0x60, 0x00, 0x38, 0x00, 0x1F, 0x00, 0x0E, 0xFF, 0xC0, 0xC3, 0x83,
  0x07, 0x0C, 0x1C, 0x30, 0x70, 0xC1, 0xC3, 0x06, 0x0C, 0x38, 0x3F, 0x80,
  0xC7, 0x03, 0x0C, 0x0C, 0x38, 0x30, 0x70, 0xC1, 0xC3, 0x03, 0xBF, 0x0F,
  0x1F, 0xCE, 0x19, 0x83, 0x30, 0x66, 0x00, 0xE0, 0x1F, 0x01, 0xF8, 0x0F,
  0x80, 0x78, 0x03, 0xA0, 0x74, 0x07, 0x81, 0xF8, 0x33, 0xFC, 0x7F, 0xFC,
  0xC7, 0x19, 0x0E, 0x12, 0x1C, 0x24, 0x38, 0x58, 0x70, 0xC0, 0xE0, 0x01,
  0xC0, 0x03, 0x80, 0x07, 0x00, 0x0E, 0x00, 0x1C, 0x00, 0x38, 0x00, 0x70,
  0x00, 0xE0, 0x0F, 0xF8, 0xF8, 0x3E, 0xC0, 0x31, 0x80, 0x63, 0x00, 0xC6,
  0x01, 0x8C, 0x03, 0x18, 0x06, 0x30, 0x0C, 0x60, 0x18, 0xC0, 0x31, 0x80,
  0x63, 0x80, 0xC7, 0x01, 0x86, 0x06, 0x06, 0x18, 0x07, 0xE0, 0xF8, 0x3E,
  0xC0, 0x11, 0xC0, 0x61, 0x80, 0xC3, 0x01, 0x07, 0x06, 0x06, 0x0C, 0x0C,
  0x10, 0x1C, 0x60, 0x18, 0x80, 0x31, 0x00, 0x36, 0x00, 0x68, 0x00, 0xD0,
  0x00, 0xE0, 0x01, 0x80, 0xF8, 0xFC, 0x7D, 0x80, 0xC0, 0x47, 0x03, 0x01,
  0x0C, 0x0E, 0x0C, 0x30, 0x38, 0x30, 0xE1, 0xE0, 0x81, 0x85, 0x86, 0x06,
  0x17, 0x18, 0x18, 0xCC, 0x40, 0x33, 0x31, 0x00, 0xC8, 0xEC, 0x03, 0x21,
  0xB0, 0x0F, 0x86, 0x80, 0x1C, 0x1A, 0x00, 0x70, 0x38, 0x01, 0xC0, 0xC0,
  0xFE, 0x3E, 0x70, 0x30, 0x70, 0x40, 0xE1, 0x80, 0xE2, 0x00, 0xC8, 0x00,
  0xF0, 0x01, 0xC0, 0x03, 0x80, 0x05, 0x80, 0x13, 0x80, 0x63, 0x00, 0x87,
  0x02, 0x07, 0x0C, 0x06, 0x7E, 0x3F, 0xF8, 0x7D, 0xC0, 0x63, 0x03, 0x0E,
  0x0C, 0x18, 0x60, 0x71, 0x00, 0xCC, 0x03, 0xA0, 0x07, 0x80, 0x0C, 0x00,
  0x30, 0x00, 0xC0, 0x03, 0x00, 0x0C, 0x00, 0x30, 0x07, 0xF8, 0x7F, 0xF6,
  0x06, 0x40, 0xEC, 0x1C, 0x01, 0x80, 0x38, 0x07, 0x00, 0x60, 0x0E, 0x01,
  0xC0, 0x18, 0x03, 0x81, 0x70, 0x36, 0x03, 0xE0, 0x7F, 0xFF, 0xFE, 0x31,
  0x8C, 0x63, 0x18, 0xC6, 0x31, 0x8C, 0x63, 0x18, 0xC6, 0x30, 0xF0, 0xC1,
  0x83, 0x02, 0x06, 0x0C, 0x18, 0x18, 0x30, 0x60, 0x40, 0xC1, 0x83, 0x03,
  0x06, 0x0C, 0x08, 0x18, 0x30, 0x60, 0xF8, 0xC6, 0x31, 0x8C, 0x63, 0x18,
  0xC6, 0x31, 0x8C, 0x63, 0x18, 0xC7, 0xF0, 0x0C, 0x03, 0x81, 0xE0, 0x68,
  0x13, 0x0C, 0xC3, 0x30, 0xC6, 0x61, 0x98, 0x66, 0x0F, 0x03, 0xC0, 0xC0,
  0xFF, 0xE0, 0x47, 0x1C, 0x61, 0x80, 0x1F, 0x8E, 0x71, 0x07, 0x00, 0x60,
  0x0C, 0x3F, 0x9C, 0x33, 0x06, 0xE0, 0xCC, 0x19, 0xCF, 0x1F, 0x70, 0x30,
  0x0F, 0x00, 0x30, 0x03, 0x00, 0x30, 0x03, 0x00, 0x37, 0xC3, 0x8E, 0x30,
  0x73, 0x07, 0x30, 0x33, 0x03, 0x30, 0x33, 0x03, 0x30, 0x73, 0x06, 0x30,
  0xC3, 0xF8, 0x1F, 0xB8, 0xD8, 0x78, 0x3C, 0x06, 0x03, 0x01, 0x80, 0xE0,
  0x70, 0x1C, 0x67, 0xE0, 0x00, 0xC0, 0x78, 0x03, 0x00, 0x60, 0x0C, 0x01,
  0x87, 0xF1, 0x86, 0x60, 0xD8, 0x1B, 0x03, 0x60, 0x6C, 0x0D, 0x81, 0xB0,
  0x37, 0x06, 0x73, 0xC7, 0xDC, 0x3F, 0x18, 0xEC, 0x1B, 0x07, 0xC1, 0xFF,
  0xFC, 0x03, 0x00, 0xC0, 0x38, 0x07, 0x18, 0xFC, 0x07, 0x1F, 0x30, 0x30,
  0x30, 0x30, 0xFE, 0x30, 0x30, 0x30, 0x30, 0x30, 0x30, 0x30, 0x30, 0x30,
  0x30, 0xFC, 0x3F, 0x76, 0x1F, 0xE1, 0xCE, 0x0C, 0xE0, 0xC6, 0x18, 0x73,
  0x83, 0xE0, 0x60, 0x06, 0x00, 0x7F, 0x83, 0xFE, 0xC0, 0x6C, 0x06, 0xC0,
  0x6C, 0x06, 0xF3, 0xC3, 0xE0, 0x10, 0x03, 0xE0, 0x03, 0x80, 0x0E, 0x00,
  0x38, 0x00, 0xE0, 0x03, 0xBE, 0x0F, 0x9C, 0x38, 0x30, 0xE0, 0xC3, 0x83,
  0x0E, 0x0C, 0x38, 0x30, 0xE0, 0xC3, 0x83, 0x0E, 0x0C, 0x38, 0x31, 0xF1,
  0xF0, 0x73, 0x98, 0x00, 0x79, 0xCE, 0x73, 0x9C, 0xE7, 0x39, 0xCE, 0xF8,
  0x39, 0xCC, 0x00, 0x3D, 0xE3, 0x18, 0xC6, 0x31, 0x8C, 0x63, 0x18, 0xCE,
  0x63, 0x70, 0x10, 0x03, 0xC0, 0x03, 0x00, 0x0C, 0x00, 0x30, 0x00, 0xC0,
  0x03, 0x0F, 0x8C, 0x18, 0x30, 0xC0, 0xC6, 0x03, 0x30, 0x0D, 0xE0, 0x3D,
  0x80, 0xE3, 0x03, 0x0E, 0x0C, 0x18, 0x30, 0x71, 0xF3, 0xF0, 0x13, 0xC3,
  0x0C, 0x30, 0xC3, 0x0C, 0x30, 0xC3, 0x0C, 0x30, 0xC3, 0x0C, 0x33, 0xF0,
  0xE7, 0xCF, 0x8F, 0xCF, 0x9C, 0x70, 0x60, 0xC7, 0x06, 0x0C, 0x70, 0x60,
  0xC7, 0x06, 0x0C, 0x70, 0x60, 0xC7, 0x06, 0x0C, 0x70, 0x60, 0xC7, 0x06,
  0x0C, 0x70, 0x60, 0xCF, 0x9F, 0x9F, 0xE7, 0xC7, 0xE7, 0x1C, 0x18, 0xE0,
  0xC7, 0x06, 0x38, 0x31, 0xC1, 0x8E, 0x0C, 0x70, 0x63, 0x83, 0x1C, 0x19,
  0xF1, 0xF0, 0x1F, 0x0E, 0x39, 0x83, 0x60, 0x7C, 0x0F, 0x81, 0xF0, 0x3E,
  0x07, 0xE0, 0xDC, 0x19, 0xC6, 0x1F, 0x80, 0xF7, 0xC7, 0xCE, 0x30, 0x73,
  0x03, 0x30, 0x33, 0x03, 0x30, 0x33, 0x03, 0x30, 0x33, 0x06, 0x30, 0xE3,
  0xF8, 0x30, 0x03, 0x00, 0x30, 0x03, 0x00, 0xFE, 0x00, 0x1F, 0xC7, 0x0C,
  0x60, 0xCC, 0x0C, 0xC0, 0xCC, 0x0C, 0xC0, 0xCC, 0x0C, 0xE0, 0xCE, 0x0C,
  0x71, 0xC3, 0xEC, 0x00, 0xC0, 0x0C, 0x00, 0xC0, 0x0C, 0x03, 0xF0, 0xE7,
  0x6F, 0x78, 0x70, 0x70, 0x70, 0x70, 0x70, 0x70, 0x70, 0x70, 0xFC, 0x3F,
  0x71, 0xB0, 0x58, 0x0F, 0x03, 0xE0, 0x7C, 0x0E, 0x03, 0xE0, 0xF0, 0xDF,
  0xC0, 0x10, 0x30, 0x30, 0xFF, 0x30, 0x30, 0x30, 0x30, 0x30, 0x30, 0x30,
  0x30, 0x30, 0x3B, 0x3E, 0xE1, 0xC6, 0x0C, 0x60, 0xC6, 0x0C, 0x60, 0xC6,
  0x0C, 0x60, 0xC6, 0x0C, 0x60, 0xC6, 0x0C, 0x71, 0xC3, 0xEF, 0xF8, 0xF7,
  0x06, 0x70, 0x63, 0x04, 0x38, 0xC1, 0x8C, 0x18, 0x81, 0xD8, 0x0D, 0x80,
  0xD0, 0x07, 0x00, 0x60, 0xF8, 0xE3, 0xD8, 0x38, 0x27, 0x0E, 0x18, 0xC7,
  0xC6, 0x31, 0xB1, 0x0C, 0x4C, 0xC1, 0x93, 0x30, 0x6C, 0x68, 0x1A, 0x1A,
  0x02, 0x87, 0x80, 0xE1, 0xC0, 0x38, 0x30, 0xFC, 0xF1, 0x83, 0x0E, 0x10,
  0x39, 0x00, 0xF8, 0x03, 0x80, 0x1C, 0x01, 0xF0, 0x19, 0xC1, 0x86, 0x08,
  0x39, 0xF3, 0xF0, 0xF8, 0xF7, 0x02, 0x30, 0x63, 0x06, 0x38, 0x41, 0x8C,
  0x18, 0xC1, 0xC8, 0x0D, 0x80, 0xD8, 0x07, 0x00, 0x70, 0x03, 0x00, 0x20,
  0x06, 0x03, 0xC0, 0x38, 0x00, 0xFF, 0xF0, 0x7C, 0x38, 0x1C, 0x06, 0x03,
  0x81, 0xC0, 0xE0, 0x30, 0x5C, 0x3C, 0x0F, 0xFF, 0x1F, 0x38, 0x30, 0x30,
  0x18, 0x18, 0x18, 0x18, 0x18, 0xE0, 0xF0, 0x18, 0x18, 0x18, 0x18, 0x38,
  0x30, 0x30, 0x3C, 0x1F, 0xFF, 0xFF, 0xF8, 0xF8, 0x1C, 0x0C, 0x0C, 0x18,
  0x18, 0x18, 0x18, 0x18, 0x07, 0x0F, 0x18, 0x18, 0x18, 0x18, 0x1C, 0x0C,
  0x0C, 0x3C, 0xF8, 0x30, 0xFF, 0xE1, 0xC0, 0xFF, 0xFF, 0xFF, 0xFF, 0xFF,
  0xFF, 0x3E, 0x7E, 0x38, 0xFE, 0x63, 0xFE, 0x4F, 0xFE, 0x7F, 0xF8, 0x7F,
  0xE2, 0x7F, 0x8E, 0x7F, 0x3E, 0x7F, 0xFF, 0xFF, 0xFF, 0xFF, 0xFF, 0x80,
  0xFF, 0xFF, 0xFF, 0xFF, 0xFF, 0xFF, 0x3E, 0x7E, 0x38, 0xFE, 0x63, 0xFE,
  0x4F, 0xFE, 0x7F, 0xF8, 0x7F, 0xE2, 0x7F, 0x8E, 0x7F, 0x3E, 0x7F, 0xFF,
  0xFF, 0xFF, 0xFF, 0xFF, 0x80, 0xFF, 0xFF, 0xFF, 0xFF, 0xFF, 0xFF, 0x3E,
  0x7E, 0x38, 0xFE, 0x63, 0xFE, 0x4F, 0xFE, 0x7F, 0xF8, 0x7F, 0xE2, 0x7F,
  0x8E, 0x7F, 0x3E, 0x7F, 0xFF, 0xFF, 0xFF, 0xFF, 0xFF, 0x80, 0xFF, 0xFF,
  0xFF, 0xFF, 0xFF, 0xFF, 0x3E, 0x7E, 0x38, 0xFE, 0x63, 0xFE, 0x4F, 0xFE,
  0x7F, 0xF8, 0x7F, 0xE2, 0x7F, 0x8E, 0x7F, 0x3E, 0x7F, 0xFF, 0xFF, 0xFF,
  0xFF, 0xFF, 0x80, 0xFF, 0xFF, 0xFF, 0xFF, 0xFF, 0xFF, 0x3E, 0x7E, 0x38,
  0xFE, 0x63, 0xFE, 0x4F, 0xFE, 0x7F, 0xF8, 0x7F, 0xE2, 0x7F, 0x8E, 0x7F,
  0x3E, 0x7F, 0xFF, 0xFF, 0xFF, 0xFF, 0xFF, 0x80, 0xFF, 0xFF, 0xFF, 0xFF,
  0xFF, 0xFF, 0x3E, 0x7E, 0x38, 0xFE, 0x63, 0xFE, 0x4F, 0xFE, 0x7F, 0xF8,
  0x7F, 0xE2, 0x7F, 0x8E, 0x7F, 0x3E, 0x7F, 0xFF, 0xFF, 0xFF, 0xFF, 0xFF,
  0x80, 0xFF, 0xFF, 0xFF, 0xFF, 0xFF, 0xFF, 0x3E, 0x7E, 0x38, 0xFE, 0x63,
  0xFE, 0x4F, 0xFE, 0x7F, 0xF8, 0x7F, 0xE2, 0x7F, 0x8E, 0x7F, 0x3E, 0x7F,
  0xFF, 0xFF, 0xFF, 0xFF, 0xFF, 0x80, 0xFF, 0xFF, 0xFF, 0xFF, 0xFF, 0xFF,
  0x3E, 0x7E, 0x38, 0xFE, 0x63, 0xFE, 0x4F, 0xFE, 0x7F, 0xF8, 0x7F, 0xE2,
  0x7F, 0x8E, 0x7F, 0x3E, 0x7F, 0xFF, 0xFF, 0xFF, 0xFF, 0xFF, 0x80, 0xFF,
  0xFF, 0xFF, 0xFF, 0xFF, 0xFF, 0x3E, 0x7E, 0x38, 0xFE, 0x63, 0xFE, 0x4F,
  0xFE, 0x7F, 0xF8, 0x7F, 0xE2, 0x7F, 0x8E, 0x7F, 0x3E, 0x7F, 0xFF, 0xFF,
  0xFF, 0xFF, 0xFF, 0x80, 0xFF, 0xFF, 0xFF, 0xFF, 0xFF, 0xFF, 0x3E, 0x7E,
  0x38, 0xFE, 0x63, 0xFE, 0x4F, 0xFE, 0x7F, 0xF8, 0x7F, 0xE2, 0x7F, 0x8E,
  0x7F, 0x3E, 0x7F, 0xFF, 0xFF, 0xFF, 0xFF, 0xFF, 0x80, 0xFF, 0xFF, 0xFF,
  0xFF, 0xFF, 0xFF, 0x3E, 0x7E, 0x38, 0xFE, 0x63, 0xFE, 0x4F, 0xFE, 0x7F,
  0xF8, 0x7F, 0xE2, 0x7F, 0x8E, 0x7F, 0x3E, 0x7F, 0xFF, 0xFF, 0xFF, 0xFF,
  0xFF, 0x80, 0xFF, 0xFF, 0xFF, 0xFF, 0xFF, 0xFF, 0x3E, 0x7E, 0x38, 0xFE,
  0x63, 0xFE, 0x4F, 0xFE, 0x7F, 0xF8, 0x7F, 0xE2, 0x7F, 0x8E, 0x7F, 0x3E,
  0x7F, 0xFF, 0xFF, 0xFF, 0xFF, 0xFF, 0x80, 0xFF, 0xFF, 0xFF, 0xFF, 0xFF,
  0xFF, 0x3E, 0x7E, 0x38, 0xFE, 0x63, 0xFE, 0x4F, 0xFE, 0x7F, 0xF8, 0x7F,
  0xE2, 0x7F, 0x8E, 0x7F, 0x3E, 0x7F, 0xFF, 0xFF, 0xFF, 0xFF, 0xFF, 0x80,
  0xFF, 0xFF, 0xFF, 0xFF, 0xFF, 0xFF, 0x3E, 0x7E, 0x38, 0xFE, 0x63, 0xFE,
  0x4F, 0xFE, 0x7F, 0xF8, 0x7F, 0xE2, 0x7F, 0x8E, 0x7F, 0x3E, 0x7F, 0xFF,
  0xFF, 0xFF, 0xFF, 0xFF, 0x80, 0xFF, 0xFF, 0xFF, 0xFF, 0xFF, 0xFF, 0x3E,
  0x7E, 0x38, 0xFE, 0x63, 0xFE, 0x4F, 0xFE, 0x7F, 0xF8, 0x7F, 0xE2, 0x7F,
  0x8E, 0x7F, 0x3E, 0x7F, 0xFF, 0xFF, 0xFF, 0xFF, 0xFF, 0x80, 0xFF, 0xFF,
  0xFF, 0xFF, 0xFF, 0xFF, 0x3E, 0x7E, 0x38, 0xFE, 0x63, 0xFE, 0x4F, 0xFE,
  0x7F, 0xF8, 0x7F, 0xE2, 0x7F, 0x8E, 0x7F, 0x3E, 0x7F, 0xFF, 0xFF, 0xFF,
  0xFF, 0xFF, 0x80, 0xFF, 0xFF, 0xFF, 0xFF, 0xFF, 0xFF, 0x3E, 0x7E, 0x38,
  0xFE, 0x63, 0xFE, 0x4F, 0xFE, 0x7F, 0xF8, 0x7F, 0xE2, 0x7F, 0x8E, 0x7F,
  0x3E, 0x7F, 0xFF, 0xFF, 0xFF, 0xFF, 0xFF, 0x80, 0xFF, 0xFF, 0xFF, 0xFF,
  0xFF, 0xFF, 0x3E, 0x7E, 0x38, 0xFE, 0x63, 0xFE, 0x4F, 0xFE, 0x7F, 0xF8,
  0x7F, 0xE2, 0x7F, 0x8E, 0x7F, 0x3E, 0x7F, 0xFF, 0xFF, 0xFF, 0xFF, 0xFF,
  0x80, 0xFF, 0xFF, 0xFF, 0xFF, 0xFF, 0xFF, 0x3E, 0x7E, 0x38, 0xFE, 0x63,
  0xFE, 0x4F, 0xFE, 0x7F, 0xF8, 0x7F, 0xE2, 0x7F, 0x8E, 0x7F, 0x3E, 0x7F,
  0xFF, 0xFF, 0xFF, 0xFF, 0xFF, 0x80, 0xFF, 0xFF, 0xFF, 0xFF, 0xFF, 0xFF,
  0x3E, 0x7E, 0x38, 0xFE, 0x63, 0xFE, 0x4F, 0xFE, 0x7F, 0xF8, 0x7F, 0xE2,
  0x7F, 0x8E, 0x7F, 0x3E, 0x7F, 0xFF, 0xFF, 0xFF, 0xFF, 0xFF, 0x80, 0xFF,
  0xFF, 0xFF, 0xFF, 0xFF, 0xFF, 0x3E, 0x7E, 0x38, 0xFE, 0x63, 0xFE, 0x4F,
  0xFE, 0x7F, 0xF8, 0x7F, 0xE2, 0x7F, 0x8E, 0x7F, 0x3E, 0x7F, 0xFF, 0xFF,
  0xFF, 0xFF, 0xFF, 0x80, 0xFF, 0xFF, 0xFF, 0xFF, 0xFF, 0xFF, 0x3E, 0x7E,
  0x38, 0xFE, 0x63, 0xFE, 0x4F, 0xFE, 0x7F, 0xF8, 0x7F, 0xE2, 0x7F, 0x8E,
  0x7F, 0x3E, 0x7F, 0xFF, 0xFF, 0xFF, 0xFF, 0xFF, 0x80, 0xFF, 0xFF, 0xFF,
  0xFF, 0xFF, 0xFF, 0x3E, 0x7E, 0x38, 0xFE, 0x63, 0xFE, 0x4F, 0xFE, 0x7F,
  0xF8, 0x7F, 0xE2, 0x7F, 0x8E, 0x7F, 0x3E, 0x7F, 0xFF, 0xFF, 0xFF, 0xFF,
  0xFF, 0x80, 0xFF, 0xFF, 0xFF, 0xFF, 0xFF, 0xFF, 0x3E, 0x7E, 0x38, 0xFE,
  0x63, 0xFE, 0x4F, 0xFE, 0x7F, 0xF8, 0x7F, 0xE2, 0x7F, 0x8E, 0x7F, 0x3E,
  0x7F, 0xFF, 0xFF, 0xFF, 0xFF, 0xFF, 0x80, 0xFF, 0xFF, 0xFF, 0xFF, 0xFF,
  0xFF, 0x3E, 0x7E, 0x38, 0xFE, 0x63, 0xFE, 0x4F, 0xFE, 0x7F, 0xF8, 0x7F,
  0xE2, 0x7F, 0x8E, 0x7F, 0x3E, 0x7F, 0xFF, 0xFF, 0xFF, 0xFF, 0xFF, 0x80,
  0xFF, 0xFF, 0xFF, 0xFF, 0xFF, 0xFF, 0x3E, 0x7E, 0x38, 0xFE, 0x63, 0xFE,
  0x4F, 0xFE, 0x7F, 0xF8, 0x7F, 0xE2, 0x7F, 0x8E, 0x7F, 0x3E, 0x7F, 0xFF,
  0xFF, 0xFF, 0xFF, 0xFF, 0x80, 0xFF, 0xFF, 0xFF, 0xFF, 0xFF, 0xFF, 0x3E,
  0x7E, 0x38, 0xFE, 0x63, 0xFE, 0x4F, 0xFE, 0x7F, 0xF8, 0x7F, 0xE2, 0x7F,
  0x8E, 0x7F, 0x3E, 0x7F, 0xFF, 0xFF, 0xFF, 0xFF, 0xFF, 0x80, 0xFF, 0xFF,
  0xFF, 0xFF, 0xFF, 0xFF, 0x3E, 0x7E, 0x38, 0xFE, 0x63, 0xFE, 0x4F, 0xFE,
  0x7F, 0xF8, 0x7F, 0xE2, 0x7F, 0x8E, 0x7F, 0x3E, 0x7F, 0xFF, 0xFF, 0xFF,
  0xFF, 0xFF, 0x80, 0xFF, 0xFF, 0xFF, 0xFF, 0xFF, 0xFF, 0x3E, 0x7E, 0x38,
  0xFE, 0x63, 0xFE, 0x4F, 0xFE, 0x7F, 0xF8, 0x7F, 0xE2, 0x7F, 0x8E, 0x7F,
  0x3E, 0x7F, 0xFF, 0xFF, 0xFF, 0xFF, 0xFF, 0x80, 0xFF, 0xFF, 0xFF, 0xFF,
  0xFF, 0xFF, 0x3E, 0x7E, 0x38, 0xFE, 0x63, 0xFE, 0x4F, 0xFE, 0x7F, 0xF8,
  0x7F, 0xE2, 0x7F, 0x8E, 0x7F, 0x3E, 0x7F, 0xFF, 0xFF, 0xFF, 0xFF, 0xFF,
  0x80, 0xFF, 0xFF, 0xFF, 0xFF, 0xFF, 0xFF, 0x3E, 0x7E, 0x38, 0xFE, 0x63,
  0xFE, 0x4F, 0xFE, 0x7F, 0xF8, 0x7F, 0xE2, 0x7F, 0x8E, 0x7F, 0x3E, 0x7F,
  0xFF, 0xFF, 0xFF, 0xFF, 0xFF, 0x80, 0xFF, 0xFF, 0xFF, 0xFF, 0xFF, 0xFF,
  0x3E, 0x7E, 0x38, 0xFE, 0x63, 0xFE, 0x4F, 0xFE, 0x7F, 0xF8, 0x7F, 0xE2,
  0x7F, 0x8E, 0x7F, 0x3E, 0x7F, 0xFF, 0xFF, 0xFF, 0xFF, 0xFF, 0x80, 0xFF,
  0xFF, 0xFF, 0xFF, 0xFF, 0xFF, 0x3E, 0x7E, 0x38, 0xFE, 0x63, 0xFE, 0x4F,
  0xFE, 0x7F, 0xF8, 0x7F, 0xE2, 0x7F, 0x8E, 0x7F, 0x3E, 0x7F, 0xFF, 0xFF,
  0xFF, 0xFF, 0xFF, 0x80, 0x00, 0xDF, 0x01, 0xB6, 0xDB, 0x6D, 0xB6, 0xDB,
  0x80, 0x04, 0x02, 0x01, 0x07, 0xF6, 0x1F, 0x0F, 0x07, 0x80, 0xC0, 0x60,
  0x30, 0x18, 0x0E, 0x03, 0x8C, 0xFC, 0x10, 0x08, 0x04, 0x00, 0x03, 0xE0,
  0x18, 0xC0, 0xC1, 0x07, 0x00, 0x1C, 0x00, 0x70, 0x01, 0xC0, 0x1F, 0xE0,
  0x1C, 0x00, 0x70, 0x01, 0xC0, 0x06, 0x07, 0x18, 0x0C, 0x60, 0x7F, 0xF3,
  0xB0, 0xFC, 0xC0, 0x36, 0xF6, 0x3F, 0xC3, 0x0C, 0x20, 0xC6, 0x06, 0x60,
  0x62, 0x0C, 0x30, 0xC7, 0xFC, 0xE6, 0x7C, 0x02, 0xFC, 0x7C, 0xE0, 0x63,
  0x83, 0x07, 0x08, 0x0C, 0x60, 0x39, 0x00, 0x6C, 0x0F, 0xFE, 0x03, 0x00,
  0x0C, 0x00, 0x30, 0x0F, 0xFE, 0x03, 0x00, 0x0C, 0x00, 0x30, 0x03, 0xF8,
  0xFF, 0x8F, 0xF8, 0x0F, 0x0F, 0xF9, 0x83, 0x60, 0x6E, 0x00, 0xE0, 0x1F,
  0x06, 0xF8, 0xC3, 0xD8, 0x3B, 0x83, 0xB8, 0x33, 0xC4, 0x3F, 0x80, 0xF6,
  0x0E, 0xC0, 0xD8, 0x1B, 0x87, 0x3F, 0x80, 0x66, 0xE7, 0x66, 0x01, 0xE0,
  0x01, 0xC7, 0x01, 0x80, 0x60, 0xC0, 0x04, 0x60, 0xF1, 0x90, 0xFE, 0x24,
  0x61, 0x87, 0x18, 0x01, 0x84, 0x00, 0x61, 0x00, 0x18, 0x60, 0x07, 0x18,
  0x01, 0x47, 0x08, 0xD0, 0xFC, 0x22, 0x0C, 0x18, 0xC0, 0x0C, 0x18, 0x06,
  0x01, 0xCF, 0x00, 0x1E, 0x00, 0x3F, 0x21, 0x80, 0xC0, 0x63, 0xF3, 0x1B,
  0x8C, 0xC6, 0x75, 0x1C, 0xC0, 0x04, 0x10, 0xC3, 0x18, 0x63, 0x1C, 0x73,
  0x8E, 0x38, 0x63, 0x83, 0x1C, 0x18, 0xE0, 0xC3, 0x04, 0x10, 0xFF, 0xFF,
  0xF0, 0x04, 0x01, 0x00, 0x40, 0x10, 0xFF, 0xFF, 0xFF, 0xFF, 0xFF, 0xFF,
  0x3E, 0x7E, 0x38, 0xFE, 0x63, 0xFE, 0x4F, 0xFE, 0x7F, 0xF8, 0x7F, 0xE2,
  0x7F, 0x8E, 0x7F, 0x3E, 0x7F, 0xFF, 0xFF, 0xFF, 0xFF, 0xFF, 0x80, 0x01,
  0xE0, 0x01, 0xC7, 0x01, 0x80, 0x60, 0xC0, 0x04, 0x67, 0xE1, 0x90, 0xCE,
  0x24, 0x31, 0x87, 0x0C, 0x61, 0x83, 0x18, 0x60, 0xFC, 0x18, 0x33, 0x07,
  0x0C, 0xC1, 0x43, 0x18, 0xD0, 0xC7, 0x22, 0x78, 0xD8, 0xC0, 0x0C, 0x18,
  0x06, 0x01, 0xCF, 0x00, 0x1E, 0x00, 0xFF, 0xF0, 0x3C, 0x66, 0xC3, 0xC3,
  0xC3, 0x66, 0x3C, 0x0C, 0x03, 0x00, 0xC0, 0x30, 0xFF, 0xFF, 0xF0, 0xC0,
  0x30, 0x0C, 0x00, 0x00, 0x03, 0xFE, 0x7E, 0xC6, 0x03, 0x03, 0x06, 0x06,
  0x0C, 0x19, 0x63, 0xFF, 0xFE, 0x46, 0x06, 0x0C, 0x38, 0x26, 0x03, 0x07,
  0x06, 0x7C, 0x11, 0xDC, 0xCC, 0x00, 0xE1, 0xC6, 0x0C, 0x60, 0xC6, 0x0C,
  0x60, 0xC6, 0x0C, 0x60, 0xC6, 0x0C, 0x60, 0xC6, 0x0C, 0x79, 0xC6, 0xEF,
  0x60, 0x06, 0x00, 0x60, 0x06, 0x00, 0x1F, 0xFB, 0xF3, 0x9F, 0x89, 0xFC,
  0x4F, 0xE2, 0x7F, 0x13, 0xF8, 0x8F, 0xC4, 0x3E, 0x20, 0x31, 0x01, 0x88,
  0x0C, 0x40, 0x62, 0x03, 0x10, 0x18, 0x80, 0xC4, 0x06, 0x20, 0xF1, 0xC0,
  0xFF, 0x00, 0x21, 0x1B, 0xF0, 0x39, 0xF0, 0x60, 0xC1, 0x83, 0x06, 0x0C,
  0x18, 0xFC, 0x3E, 0x31, 0xB0, 0xD8, 0x7C, 0x3E, 0x1F, 0x0D, 0x86, 0x66,
  0x0C, 0x00, 0x82, 0x18, 0x61, 0x86, 0x18, 0x63, 0x8E, 0x38, 0xC6, 0x39,
  0x86, 0x61, 0x98, 0x62, 0x08, 0x00, 0x00, 0x04, 0x07, 0x01, 0x83, 0xE0,
  0x20, 0x0C, 0x0C, 0x01, 0x81, 0x80, 0x30, 0x60, 0x06, 0x0C, 0x00, 0xC3,
  0x00, 0x18, 0x67, 0x03, 0x08, 0xC1, 0xFB, 0x38, 0x00, 0x46, 0x00, 0x19,
  0x98, 0x02, 0x33, 0x00, 0xCC, 0x78, 0x10, 0xFF, 0x06, 0x01, 0x80, 0x80,
  0x30, 0x30, 0x00, 0x00, 0x00, 0x04, 0x07, 0x01, 0x83, 0xE0, 0x20, 0x0C,
  0x0C, 0x01, 0x81, 0x80, 0x30, 0x60, 0x06, 0x0C, 0x00, 0xC3, 0x00, 0x18,
  0x6F, 0xC3, 0x0B, 0x19, 0xFB, 0x01, 0x80, 0x40, 0x30, 0x18, 0x0C, 0x02,
  0x01, 0x80, 0xC0, 0x60, 0x10, 0x19, 0x06, 0x0C, 0x60, 0x83, 0xFC, 0x30,
  0x00, 0x00, 0x00, 0x02, 0x0F, 0xE0, 0x60, 0x46, 0x04, 0x00, 0x60, 0xC0,
  0x0C, 0x0C, 0x03, 0x81, 0x80, 0x26, 0x18, 0x00, 0x33, 0x00, 0x07, 0x33,
  0x80, 0x62, 0x30, 0x7C, 0x67, 0x00, 0x04, 0x60, 0x00, 0xCC, 0xC0, 0x08,
  0xCC, 0x01, 0x98, 0xF0, 0x10, 0xFF, 0x03, 0x00, 0xC0, 0x20, 0x0C, 0x06,
  0x00, 0x00, 0x0C, 0x1C, 0x0C, 0x00, 0x00, 0x0C, 0x0C, 0x0C, 0x0E, 0x1C,
  0x38, 0x60, 0xC0, 0xC0, 0xC0, 0xC0, 0xE0, 0x70, 0x3F, 0x0E, 0x02, 0x00,
  0x0E, 0x00, 0x0E, 0x00, 0x04, 0x00, 0x00, 0x00, 0x70, 0x00, 0xF0, 0x01,
  0x60, 0x06, 0xC0, 0x09, 0xC0, 0x11, 0x80, 0x63, 0x00, 0x87, 0x03, 0x0E,
  0x06, 0x0C, 0x0F, 0xFC, 0x3F, 0xF8, 0x60, 0x30, 0xC0, 0x73, 0x00, 0xEF,
  0x83, 0xE0, 0x00, 0x60, 0x01, 0xC0, 0x07, 0x00, 0x08, 0x00, 0x00, 0x00,
  0x70, 0x00, 0xF0, 0x01, 0x60, 0x06, 0xC0, 0x09, 0xC0, 0x11, 0x80, 0x63,
  0x00, 0x87, 0x03, 0x0E, 0x06, 0x0C, 0x0F, 0xFC, 0x3F, 0xF8, 0x60, 0x30,
  0xC0, 0x73, 0x00, 0xEF, 0x83, 0xE0, 0x01, 0x80, 0x07, 0x80, 0x19, 0x80,
  0x61, 0x00, 0x00, 0x00, 0x70, 0x00, 0xF0, 0x01, 0x60, 0x06, 0xC0, 0x09,
  0xC0, 0x11, 0x80, 0x63, 0x00, 0x87, 0x03, 0x0E, 0x06, 0x0C, 0x0F, 0xFC,
  0x3F, 0xF8, 0x60, 0x30, 0xC0, 0x73, 0x00, 0xEF, 0x83, 0xE0, 0x0F, 0x60,
  0x13, 0x80, 0x02, 0x00, 0x00, 0x00, 0x38, 0x00, 0x78, 0x00, 0xB0, 0x03,
  0x60, 0x04, 0xE0, 0x08, 0xC0, 0x31, 0x80, 0x43, 0x81, 0x87, 0x03, 0x06,
  0x07, 0xFE, 0x1F, 0xFC, 0x30, 0x18, 0x60, 0x39, 0x80, 0x77, 0xC1, 0xF0,
  0x07, 0x70, 0x0C, 0xC0, 0x00, 0x00, 0x00, 0x00, 0x38, 0x00, 0x78, 0x00,
  0xB0, 0x03, 0x60, 0x04, 0xE0, 0x08, 0xC0, 0x31, 0x80, 0x43, 0x81, 0x87,
  0x03, 0x06, 0x07, 0xFE, 0x1F, 0xFC, 0x30, 0x18, 0x60, 0x39, 0x80, 0x77,
  0xC1, 0xF0, 0x03, 0xC0, 0x0C, 0x40, 0x18, 0x80, 0x13, 0x00, 0x1C, 0x00,
  0x00, 0x00, 0xE0, 0x01, 0xE0, 0x02, 0xC0, 0x0D, 0x80, 0x13, 0x80, 0x23,
  0x00, 0xC6, 0x01, 0x0E, 0x06, 0x1C, 0x0C, 0x18, 0x1F, 0xF8, 0x7F, 0xF0,
  0xC0, 0x61, 0x80, 0xE6, 0x01, 0xDF, 0x07, 0xC0, 0x07, 0xFF, 0xF0, 0x02,
  0x60, 0xC0, 0x19, 0x81, 0x00, 0x46, 0x00, 0x03, 0x18, 0x00, 0x0C, 0x61,
  0x00, 0x61, 0x84, 0x01, 0x87, 0xF0, 0x04, 0x18, 0x40, 0x30, 0x61, 0x00,
  0xFF, 0x80, 0x06, 0x06, 0x00, 0x18, 0x18, 0x0C, 0xC0, 0x60, 0x23, 0x01,
  0x81, 0xBE, 0x1F, 0xFE, 0x0F, 0xF3, 0x83, 0x70, 0x36, 0x03, 0xE0, 0x0C,
  0x00, 0xC0, 0x0C, 0x00, 0xC0, 0x0C, 0x00, 0xE0, 0x0E, 0x00, 0x60, 0x17,
  0x03, 0x38, 0x31, 0xFE, 0x01, 0x00, 0x08, 0x00, 0x80, 0x58, 0x07, 0x80,
  0x08, 0x01, 0xC0, 0x0E, 0x00, 0x20, 0x00, 0x0F, 0xFE, 0x30, 0x63, 0x02,
  0x30, 0x03, 0x00, 0x30, 0x83, 0x08, 0x3F, 0x83, 0x08, 0x30, 0x83, 0x00,
  0x30, 0x03, 0x01, 0x30, 0x33, 0x03, 0xFF, 0xF0, 0x01, 0x80, 0x38, 0x07,
  0x00, 0x40, 0x00, 0x0F, 0xFE, 0x30, 0x63, 0x02, 0x30, 0x03, 0x00, 0x30,
  0x83, 0x08, 0x3F, 0x83, 0x08, 0x30, 0x83, 0x00, 0x30, 0x03, 0x01, 0x30,
  0x33, 0x03, 0xFF, 0xF0, 0x06, 0x00, 0xF0, 0x19, 0x83, 0x08, 0x00, 0x0F,
  0xFE, 0x30, 0x63, 0x02, 0x30, 0x03, 0x00, 0x30, 0x83, 0x08, 0x3F, 0x83,
  0x08, 0x30, 0x83, 0x00, 0x30, 0x03, 0x01, 0x30, 0x33, 0x03, 0xFF, 0xF0,
  0x1D, 0xC1, 0x98, 0x00, 0x00, 0x00, 0xFF, 0xE3, 0x06, 0x30, 0x23, 0x00,
  0x30, 0x03, 0x08, 0x30, 0x83, 0xF8, 0x30, 0x83, 0x08, 0x30, 0x03, 0x00,
  0x30, 0x13, 0x03, 0x30, 0x3F, 0xFF, 0x43, 0x87, 0x04, 0x03, 0xF3, 0x0C,
  0x30, 0xC3, 0x0C, 0x30, 0xC3, 0x0C, 0x30, 0xC3, 0x0C, 0xFC, 0x0C, 0x73,
  0x88, 0x03, 0xF3, 0x0C, 0x30, 0xC3, 0x0C, 0x30, 0xC3, 0x0C, 0x30, 0xC3,
  0x0C, 0xFC, 0x18, 0x79, 0x9E, 0x10, 0x0F, 0xC6, 0x0C, 0x18, 0x30, 0x60,
  0xC1, 0x83, 0x06, 0x0C, 0x18, 0x30, 0x60, 0xC7, 0xE0, 0xEF, 0x98, 0x00,
  0x0F, 0xC6, 0x0C, 0x18, 0x30, 0x60, 0xC1, 0x83, 0x06, 0x0C, 0x18, 0x30,
  0x60, 0xC7, 0xE0, 0xFF, 0xC0, 0xC1, 0xC3, 0x03, 0x8C, 0x07, 0x30, 0x1C,
  0xC0, 0x33, 0x00, 0xFF, 0x83, 0x30, 0x0C, 0xC0, 0x33, 0x00, 0xCC, 0x07,
  0x30, 0x18, 0xC0, 0xE3, 0x07, 0x3F, 0xF0, 0x0F, 0x60, 0x13, 0x80, 0x02,
  0x00, 0x00, 0x0F, 0x03, 0xEF, 0x01, 0x9F, 0x03, 0x36, 0x06, 0x6E, 0x0C,
  0xCE, 0x19, 0x9C, 0x33, 0x1C, 0x66, 0x1C, 0xCC, 0x39, 0x98, 0x3B, 0x30,
  0x36, 0x60, 0x3C, 0xC0, 0x79, 0x80, 0x77, 0xC0, 0x60, 0x04, 0x00, 0x38,
  0x00, 0x70, 0x00, 0x40, 0x00, 0x00, 0x3F, 0x03, 0x87, 0x1C, 0x0C, 0x60,
  0x3B, 0x80, 0x6E, 0x01, 0xF0, 0x07, 0xC0, 0x1F, 0x00, 0x7C, 0x01, 0xF8,
  0x07, 0xE0, 0x19, 0x80, 0xE7, 0x03, 0x0E, 0x18, 0x1F, 0xC0, 0x00, 0xC0,
  0x07, 0x00, 0x38, 0x00, 0x80, 0x00, 0x00, 0x3F, 0x03, 0x87, 0x1C, 0x0C,
  0x60, 0x3B, 0x80, 0x6E, 0x01, 0xF0, 0x07, 0xC0, 0x1F, 0x00, 0x7C, 0x01,
  0xF8, 0x07, 0xE0, 0x19, 0x80, 0xE7, 0x03, 0x0E, 0x18, 0x1F, 0xC0, 0x03,
  0x00, 0x1E, 0x00, 0xCC, 0x06, 0x10, 0x00, 0x00, 0x3F, 0x03, 0x87, 0x1C,
  0x0C, 0x60, 0x3B, 0x80, 0x6E, 0x01, 0xF0, 0x07, 0xC0, 0x1F, 0x00, 0x7C,
  0x01, 0xF8, 0x07, 0xE0, 0x19, 0x80, 0xE7, 0x03, 0x0E, 0x18, 0x1F, 0xC0,
  0x0F, 0x60, 0x27, 0x00, 0x08, 0x00, 0x00, 0x0F, 0xC0, 0xE1, 0xC7, 0x03,
  0x18, 0x0E, 0xE0, 0x1B, 0x80, 0x7C, 0x01, 0xF0, 0x07, 0xC0, 0x1F, 0x00,
  0x7E, 0x01, 0xF8, 0x06, 0x60, 0x39, 0xC0, 0xC3, 0x86, 0x07, 0xF0, 0x0E,
  0xE0, 0x33, 0x00, 0x00, 0x00, 0x00, 0x0F, 0xC0, 0xE1, 0xC7, 0x03, 0x18,
  0x0E, 0xE0, 0x1B, 0x80, 0x7C, 0x01, 0xF0, 0x07, 0xC0, 0x1F, 0x00, 0x7E,
  0x01, 0xF8, 0x06, 0x60, 0x39, 0xC0, 0xC3, 0x86, 0x07, 0xF0, 0x40, 0xB8,
  0x37, 0x18, 0xEC, 0x0E, 0x03, 0x81, 0xB0, 0xCE, 0xE1, 0xD0, 0x20, 0x00,
  0x20, 0x00, 0x80, 0xFC, 0x0E, 0x1C, 0x70, 0xB1, 0x82, 0xEE, 0x09, 0xB8,
  0x47, 0xC1, 0x1F, 0x08, 0x7C, 0x21, 0xF0, 0x87, 0xE4, 0x1F, 0x90, 0x66,
  0x43, 0x9E, 0x0C, 0x38, 0x60, 0x7F, 0x01, 0x00, 0x0C, 0x00, 0x04, 0x00,
  0x1C, 0x00, 0x1C, 0x00, 0x08, 0x00, 0x00, 0x1F, 0x07, 0xD8, 0x06, 0x30,
  0x0C, 0x60, 0x18, 0xC0, 0x31, 0x80, 0x63, 0x00, 0xC6, 0x01, 0x8C, 0x03,
  0x18, 0x06, 0x30, 0x0C, 0x70, 0x18, 0xE0, 0x30, 0xC0, 0xC0, 0xC3, 0x00,
  0xFC, 0x00, 0x00, 0xC0, 0x03, 0x80, 0x0E, 0x00, 0x10, 0x00, 0x00, 0x1F,
  0x07, 0xD8, 0x06, 0x30, 0x0C, 0x60, 0x18, 0xC0, 0x31, 0x80, 0x63, 0x00,
  0xC6, 0x01, 0x8C, 0x03, 0x18, 0x06, 0x30, 0x0C, 0x70, 0x18, 0xE0, 0x30,
  0xC0, 0xC0, 0xC3, 0x00, 0xFC, 0x00, 0x03, 0x00, 0x0F, 0x00, 0x33, 0x00,
  0xC2, 0x00, 0x00, 0x1F, 0x07, 0xD8, 0x06, 0x30, 0x0C, 0x60, 0x18, 0xC0,
  0x31, 0x80, 0x63, 0x00, 0xC6, 0x01, 0x8C, 0x03, 0x18, 0x06, 0x30, 0x0C,
  0x70, 0x18, 0xE0, 0x30, 0xC0, 0xC0, 0xC3, 0x00, 0xFC, 0x00, 0x0E, 0xE0,
  0x19, 0x80, 0x00, 0x00, 0x00, 0x0F, 0x83, 0xEC, 0x03, 0x18, 0x06, 0x30,
  0x0C, 0x60, 0x18, 0xC0, 0x31, 0x80, 0x63, 0x00, 0xC6, 0x01, 0x8C, 0x03,
  0x18, 0x06, 0x38, 0x0C, 0x70, 0x18, 0x60, 0x60, 0x61, 0x80, 0x7E, 0x00,
  0x00, 0xC0, 0x07, 0x00, 0x38, 0x00, 0x80, 0x00, 0x03, 0xE1, 0xF7, 0x01,
  0x8C, 0x0C, 0x38, 0x30, 0x61, 0x81, 0xC4, 0x03, 0x30, 0x0E, 0x80, 0x1E,
  0x00, 0x30, 0x00, 0xC0, 0x03, 0x00, 0x0C, 0x00, 0x30, 0x00, 0xC0, 0x1F,
  0xE0, 0xFC, 0x03, 0x00, 0x30, 0x03, 0x78, 0x3F, 0xE3, 0x07, 0x30, 0x33,
  0x03, 0x30, 0x33, 0x07, 0x30, 0x63, 0xFC, 0x30, 0x03, 0x00, 0x30, 0x0F,
  0xC0, 0x07, 0xC0, 0x67, 0x06, 0x18, 0x60, 0xC3, 0x06, 0x18, 0x20, 0xC2,
  0x06, 0x30, 0x31, 0x81, 0x8E, 0x0C, 0x3C, 0x60, 0xE3, 0x03, 0x98, 0x1C,
  0xC0, 0xE6, 0x46, 0xF3, 0xE0, 0x10, 0x07, 0x00, 0x70, 0x06, 0x00, 0x60,
  0x00, 0x00, 0x00, 0xFC, 0x73, 0x88, 0x38, 0x03, 0x00, 0x61, 0xFC, 0xE1,
  0x98, 0x37, 0x06, 0x60, 0xCE, 0x78, 0xFB, 0x80, 0x01, 0x00, 0x70, 0x1C,
  0x03, 0x00, 0xC0, 0x00, 0x00, 0x00, 0xFC, 0x73, 0x88, 0x38, 0x03, 0x00,
  0x61, 0xFC, 0xE1, 0x98, 0x37, 0x06, 0x60, 0xCE, 0x78, 0xFB, 0x80, 0x0E,
  0x01, 0xE0, 0x66, 0x18, 0x42, 0x08, 0x00, 0x07, 0xE3, 0x9C, 0x41, 0xC0,
  0x18, 0x03, 0x0F, 0xE7, 0x0C, 0xC1, 0xB8, 0x33, 0x06, 0x73, 0xC7, 0xDC,
  0x0C, 0x83, 0xD8, 0xCE, 0x00, 0x00, 0x00, 0x3F, 0x1C, 0xE2, 0x0E, 0x00,
  0xC0, 0x18, 0x7F, 0x38, 0x66, 0x0D, 0xC1, 0x98, 0x33, 0x9E, 0x3E, 0xE0,
  0x19, 0x87, 0x38, 0x66, 0x00, 0x00, 0x00, 0x3F, 0x1C, 0xE2, 0x0E, 0x00,
  0xC0, 0x18, 0x7F, 0x38, 0x66, 0x0D, 0xC1, 0x98, 0x33, 0x9E, 0x3E, 0xE0,
  0x0F, 0x03, 0x20, 0x44, 0x08, 0x80, 0xF0, 0x00, 0x00, 0x00, 0xFC, 0x73,
  0x88, 0x38, 0x03, 0x00, 0x61, 0xFC, 0xE1, 0x98, 0x37, 0x06, 0x60, 0xCE,
  0x78, 0xFB, 0x80, 0x3F, 0x3F, 0x39, 0xF1, 0xD0, 0x70, 0x60, 0x18, 0x30,
  0x0C, 0x18, 0xFF, 0xFD, 0xC3, 0x00, 0xC1, 0x80, 0xE0, 0xC0, 0x30, 0x70,
  0x1C, 0xDC, 0x67, 0xC7, 0xE0, 0x1F, 0xB8, 0xD8, 0x78, 0x3C, 0x06, 0x03,
  0x01, 0x80, 0xE0, 0x70, 0x1C, 0x67, 0xE0, 0x80, 0x20, 0x10, 0x58, 0x3C,
  0x00, 0x10, 0x0E, 0x01, 0xC0, 0x30, 0x06, 0x00, 0x00, 0x00, 0xFC, 0x63,
  0xB0, 0x6C, 0x1F, 0x07, 0xFF, 0xF0, 0x0C, 0x03, 0x00, 0xE0, 0x1C, 0x63,
  0xF0, 0x01, 0x00, 0xE0, 0x70, 0x18, 0x0C, 0x00, 0x00, 0x00, 0xFC, 0x63,
  0xB0, 0x6C, 0x1F, 0x07, 0xFF, 0xF0, 0x0C, 0x03, 0x00, 0xE0, 0x1C, 0x63,
  0xF0, 0x1C, 0x07, 0x83, 0x31, 0x84, 0x41, 0x00, 0x03, 0xF1, 0x8E, 0xC1,
  0xB0, 0x7C, 0x1F, 0xFF, 0xC0, 0x30, 0x0C, 0x03, 0x80, 0x71, 0x8F, 0xC0,
  0x33, 0x1C, 0xE3, 0x30, 0x00, 0x00, 0x0F, 0xC6, 0x3B, 0x06, 0xC1, 0xF0,
  0x7F, 0xFF, 0x00, 0xC0, 0x30, 0x0E, 0x01, 0xC6, 0x3F, 0x00, 0x43, 0x87,
  0x0C, 0x18, 0x00, 0x1E, 0x38, 0xE3, 0x8E, 0x38, 0xE3, 0x8E, 0x38, 0xE7,
  0xC0, 0x08, 0x73, 0x8C, 0x60, 0x00, 0x3C, 0x71, 0xC7, 0x1C, 0x71, 0xC7,
  0x1C, 0x71, 0xCF, 0x80, 0x38, 0x79, 0x9E, 0x18, 0x20, 0x1E, 0x1C, 0x38,
  0x70, 0xE1, 0xC3, 0x87, 0x0E, 0x1C, 0x38, 0xF8, 0x66, 0xE7, 0x66, 0x00,
  0x00, 0x78, 0x38, 0x38, 0x38, 0x38, 0x38, 0x38, 0x38, 0x38, 0x38, 0x38,
  0x7C, 0x64, 0x07, 0x80, 0x70, 0x1B, 0x01, 0x30, 0x03, 0x00, 0x70, 0xFE,
  0x70, 0xCC, 0x1F, 0x83, 0xE0, 0x7C, 0x0F, 0x81, 0xF0, 0x37, 0x06, 0x60,
  0xCE, 0x30, 0xFC, 0x00, 0x0C, 0x80, 0xF6, 0x0C, 0xE0, 0x00, 0x00, 0x00,
  0x73, 0xE3, 0xF3, 0x8E, 0x0C, 0x70, 0x63, 0x83, 0x1C, 0x18, 0xE0, 0xC7,
  0x06, 0x38, 0x31, 0xC1, 0x8E, 0x0C, 0xF8, 0xF8, 0x10, 0x07, 0x00, 0x70,
  0x06, 0x00, 0x60, 0x00, 0x00, 0x00, 0xF8, 0x71, 0xCC, 0x1B, 0x03, 0xE0,
  0x7C, 0x0F, 0x81, 0xF0, 0x3F, 0x06, 0xE0, 0xCE, 0x30, 0xFC, 0x00, 0x01,
  0x00, 0x70, 0x1C, 0x03, 0x00, 0xC0, 0x00, 0x00, 0x00, 0xF8, 0x71, 0xCC,
  0x1B, 0x03, 0xE0, 0x7C, 0x0F, 0x81, 0xF0, 0x3F, 0x06, 0xE0, 0xCE, 0x30,
  0xFC, 0x00, 0x0E, 0x01, 0xE0, 0x66, 0x18, 0x42, 0x08, 0x00, 0x07, 0xC3,
  0x8E, 0x60, 0xD8, 0x1F, 0x03, 0xE0, 0x7C, 0x0F, 0x81, 0xF8, 0x37, 0x06,
  0x71, 0x87, 0xE0, 0x19, 0x07, 0xB1, 0x9C, 0x00, 0x00, 0x00, 0x3E, 0x1C,
  0x73, 0x06, 0xC0, 0xF8, 0x1F, 0x03, 0xE0, 0x7C, 0x0F, 0xC1, 0xB8, 0x33,
  0x8C, 0x3F, 0x00, 0x33, 0x0E, 0x70, 0xCC, 0x00, 0x00, 0x00, 0x3E, 0x1C,
  0x73, 0x06, 0xC0, 0xF8, 0x1F, 0x03, 0xE0, 0x7C, 0x0F, 0xC1, 0xB8, 0x33,
  0x8C, 0x3F, 0x00, 0x04, 0x03, 0x80, 0xE0, 0x00, 0x00, 0x3F, 0xFF, 0xFC,
  0x00, 0x00, 0x03, 0x00, 0xE0, 0x30, 0x00, 0x80, 0x10, 0x7C, 0x38, 0xE6,
  0x2D, 0x85, 0xF0, 0xBE, 0x27, 0xC4, 0xF9, 0x1F, 0xA3, 0x78, 0x67, 0x18,
  0x7E, 0x08, 0x02, 0x00, 0x10, 0x03, 0x80, 0x1C, 0x00, 0xC0, 0x06, 0x00,
  0x00, 0x00, 0x0E, 0x1C, 0x60, 0xC6, 0x0C, 0x60, 0xC6, 0x0C, 0x60, 0xC6,
  0x0C, 0x60, 0xC6, 0x0C, 0x60, 0xC7, 0x1C, 0x3E, 0xF0, 0x01, 0x00, 0x38,
  0x07, 0x00, 0x60, 0x0C, 0x00, 0x00, 0x00, 0x0E, 0x1C, 0x60, 0xC6, 0x0C,
  0x60, 0xC6, 0x0C, 0x60, 0xC6, 0x0C, 0x60, 0xC6, 0x0C, 0x60, 0xC7, 0x1C,
  0x3E, 0xF0, 0x0E, 0x00, 0xF0, 0x19, 0x83, 0x08, 0x20, 0x80, 0x00, 0xE1,
  0xC6, 0x0C, 0x60, 0xC6, 0x0C, 0x60, 0xC6, 0x0C, 0x60, 0xC6, 0x0C, 0x60,
  0xC6, 0x0C, 0x71, 0xC3, 0xEF, 0x19, 0x83, 0x9C, 0x19, 0x80, 0x00, 0x00,
  0x0E, 0x1C, 0x60, 0xC6, 0x0C, 0x60, 0xC6, 0x0C, 0x60, 0xC6, 0x0C, 0x60,
  0xC6, 0x0C, 0x60, 0xC7, 0x1C, 0x3E, 0xF0, 0x00, 0x80, 0x1C, 0x03, 0x80,
  0x30, 0x06, 0x00, 0x00, 0x00, 0x0F, 0x8F, 0x70, 0x23, 0x06, 0x30, 0x63,
  0x84, 0x18, 0xC1, 0x8C, 0x1C, 0x80, 0xD8, 0x0D, 0x80, 0x70, 0x07, 0x00,
  0x30, 0x02, 0x00, 0x60, 0x3C, 0x03, 0x80, 0x30, 0x0F, 0x00, 0x30, 0x03,
  0x00, 0x30, 0x03, 0x00, 0x37, 0xC3, 0x8E, 0x30, 0x73, 0x07, 0x30, 0x33,
  0x03, 0x30, 0x33, 0x03, 0x30, 0x73, 0x06, 0x30, 0xC3, 0xF8, 0x30, 0x03,
  0x00, 0x30, 0x03, 0x00, 0xFC, 0x00, 0x19, 0x83, 0x9C, 0x19, 0x80, 0x00,
  0x00, 0x0F, 0x8F, 0x70, 0x23, 0x06, 0x30, 0x63, 0x84, 0x18, 0xC1, 0x8C,
  0x1C, 0x80, 0xD8, 0x0D, 0x80, 0x70, 0x07, 0x00, 0x30, 0x02, 0x00, 0x60,
  0x3C, 0x03, 0x80 };

const GFXglyph Merriweather_Regular11pt8bGlyphs[] PROGMEM = {
  {     0,   1,   1,   5,    0,    0 },   // 0x20 ' '
  {     1,   3,  19,   6,    2,  -18 },   // 0x21 '!'
  {     9,   7,   7,  11,    2,  -17 },   // 0x22 '"'
  {    16,  13,  17,  15,    1,  -16 },   // 0x23 '#'
  {    44,  10,  22,  14,    2,  -18 },   // 0x24 '$'
  {    72,  20,  16,  22,    1,  -15 },   // 0x25 '%'
  {   112,  15,  16,  16,    1,  -15 },   // 0x26 '&'
  {   142,   3,   7,   7,    2,  -17 },   // 0x27 '''
  {   145,   7,  22,   9,    1,  -17 },   // 0x28 '('
  {   165,   7,  22,   9,    1,  -17 },   // 0x29 ')'
  {   185,  10,  11,  14,    2,  -17 },   // 0x2A '*'
  {   199,  10,  10,  14,    2,  -11 },   // 0x2B '+'
  {   212,   3,   8,   5,    1,   -2 },   // 0x2C ','
  {   215,   9,   2,  13,    2,   -7 },   // 0x2D '-'
  {   218,   3,   3,   5,    1,   -2 },   // 0x2E '.'
  {   220,   7,  21,   8,    1,  -16 },   // 0x2F '/'
  {   239,  12,  16,  14,    1,  -15 },   // 0x30 '0'
  {   263,   8,  16,  10,    1,  -15 },   // 0x31 '1'
  {   279,  11,  16,  13,    1,  -15 },   // 0x32 '2'
  {   301,  10,  16,  12,    1,  -15 },   // 0x33 '3'
  {   321,  12,  16,  13,    1,  -15 },   // 0x34 '4'
  {   345,   9,  16,  13,    2,  -15 },   // 0x35 '5'
  {   363,  11,  17,  13,    1,  -16 },   // 0x36 '6'
  {   387,  11,  16,  12,    1,  -15 },   // 0x37 '7'
  {   409,  11,  16,  13,    1,  -15 },   // 0x38 '8'
  {   431,  11,  17,  13,    1,  -15 },   // 0x39 '9'
  {   455,   3,  11,   6,    1,  -10 },   // 0x3A ':'
  {   460,   3,  16,   6,    1,  -10 },   // 0x3B ';'
  {   466,  10,  12,  14,    2,  -11 },   // 0x3C '<'
  {   481,  10,   8,  14,    2,  -10 },   // 0x3D '='
  {   491,  11,  11,  14,    2,  -11 },   // 0x3E '>'
  {   507,   9,  20,  10,    1,  -19 },   // 0x3F '?'
  {   530,  19,  21,  22,    2,  -15 },   // 0x40 '@'
  {   580,  15,  16,  15,    0,  -15 },   // 0x41 'A'
  {   610,  13,  16,  14,    1,  -15 },   // 0x42 'B'
  {   636,  12,  16,  14,    1,  -15 },   // 0x43 'C'
  {   660,  14,  16,  16,    1,  -15 },   // 0x44 'D'
  {   688,  12,  16,  14,    1,  -15 },   // 0x45 'E'
  {   712,  12,  16,  13,    1,  -15 },   // 0x46 'F'
  {   736,  14,  16,  16,    1,  -15 },   // 0x47 'G'
  {   764,  15,  16,  17,    1,  -15 },   // 0x48 'H'
  {   794,   6,  16,   8,    1,  -15 },   // 0x49 'I'
  {   806,   7,  20,   8,    0,  -15 },   // 0x4A 'J'
  {   824,  14,  16,  15,    1,  -15 },   // 0x4B 'K'
  {   852,  12,  16,  13,    1,  -15 },   // 0x4C 'L'
  {   876,  21,  16,  21,    0,  -15 },   // 0x4D 'M'
  {   918,  15,  16,  17,    1,  -15 },   // 0x4E 'N'
  {   948,  14,  16,  16,    1,  -15 },   // 0x4F 'O'
  {   976,  12,  16,  14,    1,  -15 },   // 0x50 'P'
  {  1000,  16,  20,  16,    1,  -15 },   // 0x51 'Q'
  {  1040,  14,  16,  15,    1,  -15 },   // 0x52 'R'
  {  1068,  11,  16,  13,    1,  -15 },   // 0x53 'S'
  {  1090,  15,  16,  15,    0,  -15 },   // 0x54 'T'
  {  1120,  15,  16,  16,    1,  -15 },   // 0x55 'U'
  {  1150,  15,  16,  14,    0,  -15 },   // 0x56 'V'
  {  1180,  22,  16,  21,    0,  -15 },   // 0x57 'W'
  {  1224,  15,  16,  15,    0,  -15 },   // 0x58 'X'
  {  1254,  14,  16,  14,    0,  -15 },   // 0x59 'Y'
  {  1282,  12,  16,  14,    1,  -15 },   // 0x5A 'Z'
  {  1306,   5,  20,   9,    2,  -16 },   // 0x5B '['
  {  1319,   7,  21,   9,    1,  -16 },   // 0x5C '\'
  {  1338,   5,  20,   9,    2,  -16 },   // 0x5D ']'
  {  1351,  10,  13,  14,    2,  -15 },   // 0x5E '^'
  {  1368,  11,   1,  11,    0,    2 },   // 0x5F '_'
  {  1370,   5,   5,   9,    2,  -18 },   // 0x60 '`'
  {  1374,  11,  12,  12,    0,  -11 },   // 0x61 'a'
  {  1391,  12,  18,  13,    0,  -17 },   // 0x62 'b'
  {  1418,   9,  12,  11,    1,  -11 },   // 0x63 'c'
  {  1432,  11,  18,  13,    1,  -17 },   // 0x64 'd'
  {  1457,  10,  12,  11,    1,  -11 },   // 0x65 'e'
  {  1472,   8,  18,   8,    1,  -17 },   // 0x66 'f'
  {  1490,  12,  18,  13,    1,  -11 },   // 0x67 'g'
  {  1517,  14,  18,  14,    0,  -17 },   // 0x68 'h'
  {  1549,   5,  17,   7,    1,  -16 },   // 0x69 'i'
  {  1560,   5,  22,   7,    0,  -16 },   // 0x6A 'j'
  {  1574,  14,  18,  14,    0,  -17 },   // 0x6B 'k'
  {  1606,   6,  18,   7,    0,  -17 },   // 0x6C 'l'
  {  1620,  20,  12,  21,    1,  -11 },   // 0x6D 'm'
  {  1650,  13,  12,  14,    1,  -11 },   // 0x6E 'n'
  {  1670,  11,  12,  13,    1,  -11 },   // 0x6F 'o'
  {  1687,  12,  17,  13,    0,  -11 },   // 0x70 'p'
  {  1713,  12,  17,  13,    1,  -11 },   // 0x71 'q'
  {  1739,   8,  12,  10,    1,  -11 },   // 0x72 'r'
  {  1751,   9,  12,  11,    1,  -11 },   // 0x73 's'
  {  1765,   8,  15,   8,    0,  -14 },   // 0x74 't'
  {  1780,  12,  12,  14,    1,  -11 },   // 0x75 'u'
  {  1798,  12,  12,  12,    0,  -11 },   // 0x76 'v'
  {  1816,  18,  12,  18,    0,  -11 },   // 0x77 'w'
  {  1843,  13,  12,  13,    0,  -11 },   // 0x78 'x'
  {  1863,  12,  17,  13,    0,  -11 },   // 0x79 'y'
  {  1889,  10,  12,  12,    1,  -11 },   // 0x7A 'z'
  {  1904,   8,  20,  11,    1,  -16 },   // 0x7B '{'
  {  1924,   1,  21,   9,    4,  -18 },   // 0x7C '|'
  {  1927,   8,  20,  11,    2,  -16 },   // 0x7D '}'
  {  1947,   9,   3,  13,    2,   -7 },   // 0x7E '~'
  {  1951,  15,  15,  19,    2,  -14 },   // 0x7F
  {  1980,  15,  15,  19,    2,  -14 },   // 0x80
  {  2009,  15,  15,  19,    2,  -14 },   // 0x81
  {  2038,  15,  15,  19,    2,  -14 },   // 0x82
  {  2067,  15,  15,  19,    2,  -14 },   // 0x83
  {  2096,  15,  15,  19,    2,  -14 },   // 0x84
  {  2125,  15,  15,  19,    2,  -14 },   // 0x85
  {  2154,  15,  15,  19,    2,  -14 },   // 0x86
  {  2183,  15,  15,  19,    2,  -14 },   // 0x87
  {  2212,  15,  15,  19,    2,  -14 },   // 0x88
  {  2241,  15,  15,  19,    2,  -14 },   // 0x89
  {  2270,  15,  15,  19,    2,  -14 },   // 0x8A
  {  2299,  15,  15,  19,    2,  -14 },   // 0x8B
  {  2328,  15,  15,  19,    2,  -14 },   // 0x8C
  {  2357,  15,  15,  19,    2,  -14 },   // 0x8D
  {  2386,  15,  15,  19,    2,  -14 },   // 0x8E
  {  2415,  15,  15,  19,    2,  -14 },   // 0x8F
  {  2444,  15,  15,  19,    2,  -14 },   // 0x90
  {  2473,  15,  15,  19,    2,  -14 },   // 0x91
  {  2502,  15,  15,  19,    2,  -14 },   // 0x92
  {  2531,  15,  15,  19,    2,  -14 },   // 0x93
  {  2560,  15,  15,  19,    2,  -14 },   // 0x94
  {  2589,  15,  15,  19,    2,  -14 },   // 0x95
  {  2618,  15,  15,  19,    2,  -14 },   // 0x96
  {  2647,  15,  15,  19,    2,  -14 },   // 0x97
  {  2676,  15,  15,  19,    2,  -14 },   // 0x98
  {  2705,  15,  15,  19,    2,  -14 },   // 0x99
  {  2734,  15,  15,  19,    2,  -14 },   // 0x9A
  {  2763,  15,  15,  19,    2,  -14 },   // 0x9B
  {  2792,  15,  15,  19,    2,  -14 },   // 0x9C
  {  2821,  15,  15,  19,    2,  -14 },   // 0x9D
  {  2850,  15,  15,  19,    2,  -14 },   // 0x9E
  {  2879,  15,  15,  19,    2,  -14 },   // 0x9F
  {  2908,   1,   1,   5,    0,    0 },   // 0xA0
  {  2909,   3,  19,   6,    2,  -15 },   // 0xA1
  {  2917,   9,  18,  12,    2,  -14 },   // 0xA2
  {  2938,  14,  16,  16,    1,  -15 },   // 0xA3
  {  2966,  12,  12,  16,    2,  -13 },   // 0xA4
  {  2984,  14,  16,  17,    1,  -15 },   // 0xA5
  {  3012,   1,  21,   9,    4,  -18 },   // 0xA6
  {  3015,  11,  20,  14,    2,  -17 },   // 0xA7
  {  3043,   8,   3,  11,    2,  -16 },   // 0xA8
  {  3046,  18,  19,  22,    2,  -19 },   // 0xA9
  {  3089,   9,  10,  10,    0,  -16 },   // 0xAA
  {  3101,  12,  11,  15,    1,  -11 },   // 0xAB
  {  3118,  10,   6,  14,    2,   -6 },   // 0xAC
  {  3126,  15,  15,  19,    2,  -14 },   // 0xAD
  {  3155,  18,  19,  22,    2,  -19 },   // 0xAE
  {  3198,   6,   2,  10,    2,  -15 },   // 0xAF
  {  3200,   8,   7,  10,    1,  -16 },   // 0xB0
  {  3207,  10,  12,  14,    2,  -11 },   // 0xB1
  {  3222,   8,  10,   9,    0,  -18 },   // 0xB2
  {  3232,   8,  10,   8,    0,  -18 },   // 0xB3
  {  3242,   5,   5,   9,    2,  -18 },   // 0xB4
  {  3246,  12,  16,  13,    1,  -11 },   // 0xB5
  {  3270,  13,  18,  16,    1,  -17 },   // 0xB6
  {  3300,   3,   3,   2,    0,   -9 },   // 0xB7
  {  3302,   4,   5,   8,    2,    1 },   // 0xB8
  {  3305,   7,  10,   7,    0,  -18 },   // 0xB9
  {  3314,   9,  10,  10,    1,  -16 },   // 0xBA
  {  3326,  11,  11,  15,    2,  -11 },   // 0xBB
  {  3342,  19,  19,  19,    0,  -17 },   // 0xBC
  {  3388,  19,  19,  20,    0,  -17 },   // 0xBD
  {  3434,  20,  19,  20,    0,  -17 },   // 0xBE
  {  3482,   8,  20,  10,    1,  -15 },   // 0xBF
  {  3502,  15,  21,  15,    0,  -20 },   // 0xC0
  {  3542,  15,  21,  15,    0,  -20 },   // 0xC1
  {  3582,  15,  21,  15,    0,  -20 },   // 0xC2
  {  3622,  15,  20,  15,    0,  -19 },   // 0xC3
  {  3660,  15,  20,  15,    0,  -19 },   // 0xC4
  {  3698,  15,  22,  15,    0,  -21 },   // 0xC5
  {  3740,  22,  16,  21,   -1,  -15 },   // 0xC6
  {  3784,  12,  21,  14,    1,  -15 },   // 0xC7
  {  3816,  12,  21,  14,    1,  -20 },   // 0xC8
  {  3848,  12,  21,  14,    1,  -20 },   // 0xC9
  {  3880,  12,  21,  14,    1,  -20 },   // 0xCA
  {  3912,  12,  20,  14,    1,  -19 },   // 0xCB
  {  3942,   6,  21,   8,    1,  -20 },   // 0xCC
  {  3958,   6,  21,   8,    1,  -20 },   // 0xCD
  {  3974,   7,  21,   8,    0,  -20 },   // 0xCE
  {  3993,   7,  20,   8,    1,  -19 },   // 0xCF
  {  4011,  14,  16,  16,    1,  -15 },   // 0xD0
  {  4039,  15,  20,  17,    1,  -19 },   // 0xD1
  {  4077,  14,  21,  16,    1,  -20 },   // 0xD2
  {  4114,  14,  21,  16,    1,  -20 },   // 0xD3
  {  4151,  14,  21,  16,    1,  -20 },   // 0xD4
  {  4188,  14,  20,  16,    1,  -19 },   // 0xD5
  {  4223,  14,  20,  16,    1,  -19 },   // 0xD6
  {  4258,  10,  10,  14,    2,  -11 },   // 0xD7
  {  4271,  14,  20,  16,    1,  -17 },   // 0xD8
  {  4306,  15,  21,  16,    1,  -20 },   // 0xD9
  {  4346,  15,  21,  16,    1,  -20 },   // 0xDA
  {  4386,  15,  21,  16,    1,  -20 },   // 0xDB
  {  4426,  15,  20,  16,    1,  -19 },   // 0xDC
  {  4464,  14,  21,  14,    0,  -20 },   // 0xDD
  {  4501,  12,  16,  14,    1,  -15 },   // 0xDE
  {  4525,  13,  17,  13,    0,  -16 },   // 0xDF
  {  4553,  11,  19,  12,    0,  -18 },   // 0xE0
  {  4580,  11,  19,  12,    0,  -18 },   // 0xE1
  {  4607,  11,  18,  12,    0,  -17 },   // 0xE2
  {  4632,  11,  17,  12,    0,  -16 },   // 0xE3
  {  4656,  11,  17,  12,    0,  -16 },   // 0xE4
  {  4680,  11,  19,  12,    0,  -18 },   // 0xE5
  {  4707,  17,  12,  18,    0,  -11 },   // 0xE6
  {  4733,   9,  17,  11,    1,  -11 },   // 0xE7
  {  4753,  10,  19,  11,    1,  -18 },   // 0xE8
  {  4777,  10,  19,  11,    1,  -18 },   // 0xE9
  {  4801,  10,  18,  11,    1,  -17 },   // 0xEA
  {  4824,  10,  17,  11,    1,  -16 },   // 0xEB
  {  4846,   6,  19,   7,    0,  -18 },   // 0xEC
  {  4861,   6,  19,   7,    1,  -18 },   // 0xED
  {  4876,   7,  18,   7,    0,  -17 },   // 0xEE
  {  4892,   8,  17,   7,    0,  -16 },   // 0xEF
  {  4909,  11,  19,  12,    1,  -18 },   // 0xF0
  {  4936,  13,  17,  14,    1,  -16 },   // 0xF1
  {  4964,  11,  19,  13,    1,  -18 },   // 0xF2
  {  4991,  11,  19,  13,    1,  -18 },   // 0xF3
  {  5018,  11,  18,  13,    1,  -17 },   // 0xF4
  {  5043,  11,  17,  13,    1,  -16 },   // 0xF5
  {  5067,  11,  17,  13,    1,  -16 },   // 0xF6
  {  5091,  10,  12,  14,    2,  -12 },   // 0xF7
  {  5106,  11,  16,  13,    1,  -13 },   // 0xF8
  {  5128,  12,  19,  14,    1,  -18 },   // 0xF9
  {  5157,  12,  19,  14,    1,  -18 },   // 0xFA
  {  5186,  12,  18,  14,    1,  -17 },   // 0xFB
  {  5213,  12,  17,  14,    1,  -16 },   // 0xFC
  {  5239,  12,  24,  13,    0,  -18 },   // 0xFD
  {  5275,  12,  23,  13,    0,  -17 },   // 0xFE
  {  5310,  12,  22,  13,    0,  -16 } }; // 0xFF

const GFXfont Merriweather_Regular11pt8b PROGMEM = {
  (uint8_t  *)Merriweather_Regular11pt8bBitmaps,
  (GFXglyph *)Merriweather_Regular11pt8bGlyphs,
  0x20, 0xFF, 27 };

// Approx. 6918 bytes

const uint8_t Merriweather_Regular12pt8bBitmaps[] PROGMEM = {
  0x00, 0xFF, 0xFF, 0xB6, 0xDB, 0x6D, 0xB0, 0x03, 0xFE, 0x73, 0xF3, 0xB9,
  0xD8, 0xCC, 0x66, 0x32, 0x10, 0x06, 0x10, 0x10, 0x40, 0x43, 0x01, 0x0C,
  0x04, 0x30, 0xFF, 0xF7, 0xFF, 0xC2, 0x08, 0x08, 0x60, 0x21, 0x80, 0x86,
  0x1F, 0xFE, 0x7F, 0xFA, 0x61, 0x01, 0x04, 0x04, 0x30, 0x10, 0xC0, 0xC2,
  0x00, 0x06, 0x00, 0x60, 0x0F, 0x03, 0xFE, 0x60, 0x66, 0x06, 0xE0, 0x4E,
  0x00, 0x70, 0x07, 0xC0, 0x3E, 0x00, 0xF8, 0x03, 0xC0, 0x1E, 0x00, 0xEC,
  0x07, 0xC0, 0x6C, 0x06, 0xE0, 0xC7, 0xF8, 0x04, 0x00, 0x40, 0x04, 0x00,
  0x00, 0x03, 0x00, 0xF8, 0x08, 0x06, 0x30, 0x60, 0x18, 0x61, 0x00, 0xE1,
  0x8C, 0x03, 0x06, 0x30, 0x0C, 0x19, 0x80, 0x18, 0x66, 0x00, 0x63, 0x11,
  0xF0, 0xF8, 0xCC, 0x60, 0x03, 0x30, 0xC0, 0x19, 0xC3, 0x00, 0x66, 0x0C,
  0x03, 0x18, 0x30, 0x0C, 0x30, 0xC0, 0x20, 0xC6, 0x01, 0x81, 0xF0, 0x0E,
  0x01, 0x00, 0x03, 0x00, 0x0F, 0xC0, 0x18, 0x60, 0x38, 0x60, 0x38, 0x60,
  0x38, 0x60, 0x38, 0xC0, 0x1D, 0x80, 0x0F, 0x1F, 0x0E, 0x1F, 0x37, 0x06,
  0x63, 0x84, 0x61, 0xCC, 0xE0, 0xEC, 0xE0, 0x78, 0x60, 0x38, 0x78, 0x7C,
  0x1F, 0xCF, 0x7E, 0xEC, 0xCC, 0x80, 0x0C, 0x63, 0x0C, 0x61, 0x8E, 0x30,
  0xC3, 0x0C, 0x30, 0xC3, 0x0C, 0x30, 0xE1, 0x86, 0x0C, 0x38, 0x60, 0xC0,
  0x81, 0x81, 0x81, 0x83, 0x03, 0x06, 0x0E, 0x0C, 0x18, 0x30, 0x70, 0xE1,
  0xC3, 0x06, 0x0C, 0x18, 0x60, 0xC3, 0x06, 0x18, 0x60, 0x0E, 0x00, 0x83,
  0x11, 0xF2, 0x73, 0xD8, 0x1C, 0x0F, 0xE7, 0xAF, 0xE4, 0x70, 0xC4, 0x18,
  0x03, 0x00, 0x0C, 0x03, 0x00, 0xC0, 0x30, 0x0C, 0x3F, 0xF0, 0xC0, 0x30,
  0x0C, 0x03, 0x00, 0xC0, 0x6F, 0x73, 0x26, 0x6C, 0xFF, 0xC0, 0x6F, 0x60,
  0x06, 0x0C, 0x18, 0x60, 0xC1, 0x83, 0x0C, 0x18, 0x30, 0x61, 0x83, 0x06,
  0x0C, 0x30, 0x60, 0xC1, 0x87, 0x0C, 0x18, 0x00, 0x03, 0x00, 0xFE, 0x0C,
  0x18, 0x60, 0xE6, 0x03, 0x30, 0x1F, 0x80, 0xFC, 0x07, 0xE0, 0x3F, 0x01,
  0xF8, 0x0F, 0xC0, 0x76, 0x03, 0xB0, 0x19, 0xC0, 0xC6, 0x0C, 0x38, 0xE0,
  0x7C, 0x00, 0x0C, 0x0E, 0x3F, 0x19, 0x80, 0xC0, 0x60, 0x30, 0x18, 0x0C,
  0x06, 0x03, 0x01, 0x80, 0xC0, 0x60, 0x30, 0x18, 0x0C, 0x3F, 0xC0, 0x0E,
  0x03, 0xF8, 0xE3, 0xCC, 0x0C, 0x00, 0xE0, 0x0E, 0x00, 0xE0, 0x0C, 0x01,
  0xC0, 0x18, 0x03, 0x80, 0x30, 0x06, 0x00, 0xC0, 0x18, 0x33, 0x03, 0xEF,
  0xEF, 0xFE, 0x0C, 0x0F, 0xF3, 0x07, 0x00, 0xE0, 0x0C, 0x03, 0x80, 0x60,
  0x38, 0x3C, 0x02, 0xF0, 0x07, 0x00, 0x70, 0x0E, 0x01, 0xC0, 0x38, 0x0E,
  0x07, 0x9F, 0xC0, 0x02, 0x00, 0x38, 0x01, 0xC0, 0x1C, 0x00, 0xE0, 0x06,
  0x00, 0x70, 0x03, 0x00, 0x38, 0xC1, 0x86, 0x1C, 0x30, 0xC1, 0x8C, 0x0C,
  0xFF, 0xFC, 0x03, 0x00, 0x18, 0x00, 0xC0, 0x06, 0x00, 0x00, 0xDF, 0xF7,
  0xFB, 0x80, 0xC0, 0x30, 0x0C, 0x03, 0x7C, 0xFF, 0x80, 0xF0, 0x1C, 0x07,
  0x01, 0xC0, 0x70, 0x18, 0x0E, 0x0F, 0x3F, 0x00, 0x01, 0xC0, 0x70, 0x0E,
  0x01, 0xC0, 0x38, 0x03, 0x00, 0x70, 0x06, 0xFC, 0xF8, 0xEE, 0x07, 0xE0,
  0x7E, 0x03, 0xE0, 0x3E, 0x03, 0x60, 0x77, 0x06, 0x38, 0xE1, 0xF8, 0xFF,
  0xFC, 0x06, 0xC0, 0x6C, 0x06, 0x00, 0xC0, 0x0C, 0x01, 0xC0, 0x18, 0x01,
  0x80, 0x38, 0x03, 0x00, 0x70, 0x07, 0x00, 0xE0, 0x0E, 0x00, 0xE0, 0x1C,
  0x00, 0x07, 0x03, 0xFC, 0x30, 0x66, 0x06, 0x60, 0x66, 0x06, 0x70, 0x63,
  0xCC, 0x1F, 0x01, 0xF8, 0x33, 0xE6, 0x0E, 0xC0, 0x7C, 0x07, 0xE0, 0x7E,
  0x06, 0x70, 0xE1, 0xF8, 0x0F, 0x03, 0xFC, 0x70, 0xE6, 0x06, 0xE0, 0x7E,
  0x07, 0xE0, 0x7E, 0x07, 0xE0, 0x76, 0x07, 0x79, 0xF3, 0xF6, 0x00, 0xE0,
  0x0C, 0x01, 0xC0, 0x38, 0x07, 0x00, 0xE0, 0x38, 0x00, 0x27, 0xF6, 0x00,
  0x00, 0x00, 0x6F, 0x60, 0x27, 0xF6, 0x00, 0x00, 0x00, 0x6F, 0x77, 0x66,
  0x4C, 0x00, 0x20, 0x1C, 0x0F, 0x07, 0x83, 0xC1, 0xE0, 0x30, 0x03, 0x80,
  0x1C, 0x00, 0xF0, 0x07, 0x80, 0x70, 0x02, 0xFF, 0xFF, 0xF0, 0x00, 0x00,
  0x00, 0x00, 0x00, 0x03, 0xFF, 0xFF, 0xC0, 0x80, 0x18, 0x03, 0xC0, 0x1C,
  0x00, 0xE0, 0x07, 0x00, 0x38, 0x0F, 0x07, 0x83, 0xC1, 0xE0, 0x70, 0x08,
  0x00, 0xFE, 0x23, 0xC0, 0x38, 0x06, 0x01, 0x80, 0x70, 0x18, 0x06, 0x03,
  0x03, 0x81, 0xC0, 0xE0, 0x30, 0x0C, 0x01, 0x00, 0x00, 0x00, 0x00, 0x01,
  0x80, 0xF0, 0x38, 0x00, 0x00, 0x7E, 0x00, 0x1F, 0xF8, 0x06, 0x01, 0xC0,
  0xC0, 0x06, 0x18, 0x00, 0x33, 0x00, 0x03, 0x60, 0xFE, 0x16, 0x1F, 0xE1,
  0x43, 0x06, 0x1C, 0x30, 0x61, 0xC6, 0x0E, 0x1C, 0x60, 0xC1, 0xC6, 0x1C,
  0x38, 0x61, 0xC3, 0x86, 0x3C, 0x6C, 0x62, 0xC4, 0xC7, 0xED, 0x8C, 0x3C,
  0x70, 0xC0, 0x00, 0x06, 0x00, 0x00, 0x70, 0x00, 0x03, 0x80, 0x40, 0x1F,
  0xFC, 0x00, 0x7F, 0x00, 0x01, 0xC0, 0x00, 0xE0, 0x00, 0xF8, 0x00, 0x7C,
  0x00, 0x26, 0x00, 0x33, 0x80, 0x19, 0xC0, 0x08, 0x60, 0x0C, 0x38, 0x06,
  0x1C, 0x06, 0x06, 0x03, 0x03, 0x81, 0xFF, 0xC1, 0x80, 0xE0, 0xC0, 0x38,
  0x60, 0x1C, 0x60, 0x0E, 0x7C, 0x0F, 0xC0, 0x0F, 0x03, 0xFF, 0xC3, 0x03,
  0x0C, 0x0E, 0x30, 0x38, 0xC0, 0xE3, 0x03, 0x0C, 0x1C, 0x3F, 0xC0, 0xFF,
  0xC3, 0x03, 0x8C, 0x07, 0x30, 0x1C, 0xC0, 0x73, 0x01, 0xCC, 0x06, 0x30,
  0x7B, 0xFF, 0x80, 0x03, 0xC0, 0x7F, 0xCE, 0x06, 0x60, 0x36, 0x01, 0xF0,
  0x03, 0x80, 0x1C, 0x00, 0xE0, 0x07, 0x00, 0x38, 0x01, 0xC0, 0x0E, 0x00,
  0x70, 0x01, 0xC0, 0x2F, 0x03, 0x3C, 0x38, 0x7F, 0x80, 0x07, 0x80, 0xFF,
  0xF0, 0x30, 0x3C, 0x30, 0x1E, 0x30, 0x0E, 0x30, 0x06, 0x30, 0x07, 0x30,
  0x07, 0x30, 0x07, 0x30, 0x07, 0x30, 0x07, 0x30, 0x07, 0x30, 0x06, 0x30,
  0x0E, 0x30, 0x0C, 0x30, 0x1C, 0x30, 0x70, 0xFF, 0xE0, 0xFF, 0xF0, 0xC0,
  0xC3, 0x01, 0x0C, 0x00, 0x30, 0x00, 0xC1, 0x03, 0x0C, 0x0F, 0xF0, 0x3F,
  0xC0, 0xC3, 0x03, 0x04, 0x0C, 0x00, 0x30, 0x08, 0xC0, 0x33, 0x01, 0x8C,
  0x0E, 0xFF, 0xF8, 0xFF, 0xF9, 0x80, 0xCC, 0x06, 0x60, 0x33, 0x00, 0x18,
  0x00, 0xC1, 0x06, 0x08, 0x3F, 0xC1, 0x82, 0x0C, 0x10, 0x60, 0x03, 0x00,
  0x18, 0x00, 0xC0, 0x06, 0x00, 0xFF, 0x00, 0x01, 0xE0, 0x0F, 0xFC, 0x38,
  0x0C, 0x70, 0x0C, 0x60, 0x0C, 0xE0, 0x00, 0xE0, 0x00, 0xE0, 0x00, 0xE0,
  0x00, 0xE0, 0x7F, 0xE0, 0x7F, 0xE0, 0x0C, 0xE0, 0x0C, 0xE0, 0x0C, 0x70,
  0x0C, 0x38, 0x0C, 0x1C, 0x1C, 0x0F, 0xF0, 0xFC, 0x1F, 0x98, 0x03, 0x0C,
  0x01, 0x86, 0x00, 0xC3, 0x00, 0x61, 0x80, 0x30, 0xC0, 0x18, 0x7F, 0xFC,
  0x3F, 0xFE, 0x18, 0x03, 0x0C, 0x01, 0x86, 0x00, 0xC3, 0x00, 0x61, 0x80,
  0x30, 0xC0, 0x18, 0x60, 0x0C, 0xFC, 0x1F, 0x80, 0xFE, 0x70, 0xE1, 0xC3,
  0x87, 0x0E, 0x1C, 0x38, 0x70, 0xE1, 0xC3, 0x87, 0x0E, 0x1C, 0xFE, 0x7F,
  0x1C, 0x1C, 0x1C, 0x1C, 0x1C, 0x1C, 0x1C, 0x1C, 0x1C, 0x1C, 0x1C, 0x1C,
  0x1C, 0x1C, 0x1C, 0x18, 0x18, 0x38, 0x70, 0xC0, 0xFC, 0x7E, 0x30, 0x18,
  0x30, 0x30, 0x30, 0x60, 0x30, 0xC0, 0x30, 0x80, 0x31, 0x00, 0x33, 0x80,
  0x37, 0xC0, 0x3C, 0xE0, 0x38, 0xE0, 0x30, 0x70, 0x30, 0x70, 0x30, 0x38,
  0x30, 0x1C, 0x30, 0x1E, 0xFE, 0x0F, 0xFE, 0x01, 0x80, 0x0C, 0x00, 0x60,
  0x03, 0x00, 0x18, 0x00, 0xC0, 0x06, 0x00, 0x30, 0x01, 0x80, 0x0C, 0x00,
  0x60, 0x23, 0x01, 0x98, 0x0C, 0xC0, 0x66, 0x1F, 0xFF, 0xF0, 0x7F, 0x01,
  0xFC, 0x16, 0x03, 0xC0, 0x2E, 0x05, 0x80, 0x5C, 0x1B, 0x80, 0x98, 0x37,
  0x03, 0x30, 0x4E, 0x06, 0x71, 0x8C, 0x0C, 0x63, 0x18, 0x18, 0xC6, 0x30,
  0x31, 0xC8, 0x60, 0x41, 0xB0, 0xC0, 0x83, 0x61, 0xC3, 0x06, 0x83, 0x86,
  0x07, 0x07, 0x0C, 0x0E, 0x0E, 0x18, 0x18, 0x1C, 0xFC, 0x00, 0xFE, 0xF8,
  0x1F, 0x9E, 0x03, 0x0F, 0x01, 0x85, 0xC0, 0xC2, 0x70, 0x61, 0x38, 0x30,
  0x8E, 0x18, 0x43, 0x8C, 0x21, 0xC6, 0x10, 0x73, 0x08, 0x1D, 0x84, 0x0E,
  0xC2, 0x03, 0xE1, 0x00, 0xF0, 0x80, 0x78, 0x40, 0x1C, 0xFC, 0x06, 0x00,
  0x03, 0x80, 0x1F, 0xE0, 0xE0, 0xE3, 0x80, 0xE6, 0x00, 0xDC, 0x01, 0xF8,
  0x03, 0xF0, 0x07, 0xE0, 0x0F, 0xC0, 0x1F, 0x80, 0x3F, 0x00, 0x7E, 0x00,
  0xFC, 0x01, 0x9C, 0x07, 0x38, 0x0C, 0x38, 0x70, 0x1F, 0xC0, 0x0F, 0x87,
  0xFF, 0x8C, 0x0E, 0x60, 0x73, 0x01, 0x98, 0x0C, 0xC0, 0x66, 0x07, 0x30,
  0x39, 0x83, 0x8F, 0xF8, 0x6C, 0x03, 0x00, 0x18, 0x00, 0xC0, 0x06, 0x00,
  0x30, 0x07, 0xF8, 0x00, 0x03, 0x80, 0x07, 0xF8, 0x0E, 0x0E, 0x0E, 0x03,
  0x86, 0x00, 0xC7, 0x00, 0x73, 0x80, 0x39, 0xC0, 0x1C, 0xE0, 0x0E, 0x70,
  0x07, 0x38, 0x03, 0x9C, 0x01, 0xCE, 0x00, 0xE7, 0x00, 0x61, 0xC0, 0x70,
  0xE0, 0x30, 0x38, 0x70, 0x07, 0xF0, 0x00, 0x1C, 0x00, 0x03, 0x80, 0x00,
  0xF8, 0x00, 0x3C, 0x07, 0x81, 0xFF, 0xE0, 0xC1, 0xE1, 0x81, 0xC3, 0x03,
  0x86, 0x07, 0x0C, 0x0E, 0x18, 0x1C, 0x30, 0x70, 0x7F, 0xC0, 0xC3, 0x01,
  0x87, 0x03, 0x07, 0x06, 0x06, 0x0C, 0x0E, 0x18, 0x1C, 0x30, 0x1D, 0xFC,
  0x1C, 0x0E, 0x0F, 0xFB, 0x83, 0x60, 0x6C, 0x0D, 0x80, 0x38, 0x03, 0xC0,
  0x7E, 0x03, 0xF0, 0x1F, 0x00, 0xF0, 0x0F, 0x01, 0xE0, 0x3E, 0x06, 0xC1,
  0xCF, 0xE0, 0x7F, 0xFE, 0x61, 0x83, 0x61, 0x83, 0x41, 0x83, 0x41, 0x83,
  0xC1, 0x83, 0x01, 0x80, 0x01, 0x80, 0x01, 0x80, 0x01, 0x80, 0x01, 0x80,
  0x01, 0x80, 0x01, 0x80, 0x01, 0x80, 0x01, 0x80, 0x01, 0x80, 0x0F, 0xF8,
  0xFC, 0x1F, 0x70, 0x04, 0x70, 0x04, 0x70, 0x04, 0x70, 0x04, 0x70, 0x04,
  0x70, 0x04, 0x70, 0x04, 0x70, 0x04, 0x70, 0x04, 0x70, 0x04, 0x70, 0x0C,
  0x70, 0x0C, 0x30, 0x0C, 0x38, 0x18, 0x1C, 0x30, 0x0F, 0xE0, 0xFC, 0x1F,
  0x70, 0x04, 0x30, 0x0C, 0x38, 0x0C, 0x38, 0x08, 0x18, 0x18, 0x1C, 0x18,
  0x1C, 0x30, 0x0C, 0x30, 0x0E, 0x30, 0x0E, 0x60, 0x06, 0x60, 0x07, 0x40,
  0x07, 0x40, 0x03, 0xC0, 0x03, 0x80, 0x01, 0x80, 0xFC, 0x7E, 0x3F, 0x70,
  0x18, 0x0C, 0x30, 0x18, 0x0C, 0x30, 0x1C, 0x0C, 0x38, 0x1C, 0x08, 0x38,
  0x3C, 0x18, 0x18, 0x2E, 0x18, 0x1C, 0x2E, 0x10, 0x1C, 0x66, 0x10, 0x0C,
  0x66, 0x30, 0x0C, 0x47, 0x30, 0x0E, 0xC3, 0x20, 0x06, 0xC3, 0x20, 0x06,
  0x83, 0xE0, 0x06, 0x81, 0xC0, 0x03, 0x81, 0xC0, 0x03, 0x01, 0xC0, 0xFF,
  0x1F, 0x0E, 0x06, 0x07, 0x02, 0x01, 0xC3, 0x00, 0x63, 0x00, 0x39, 0x00,
  0x0F, 0x80, 0x03, 0x80, 0x01, 0xC0, 0x01, 0xF0, 0x00, 0x98, 0x00, 0xCE,
  0x00, 0xC3, 0x80, 0x40, 0xC0, 0x60, 0x70, 0x60, 0x1C, 0xFC, 0x3F, 0x80,
  0xFC, 0x3E, 0xE0, 0x18, 0xE0, 0x61, 0xC0, 0xC1, 0xC3, 0x01, 0x84, 0x03,
  0x98, 0x03, 0x20, 0x07, 0xC0, 0x07, 0x00, 0x0E, 0x00, 0x1C, 0x00, 0x38,
  0x00, 0x70, 0x00, 0xE0, 0x01, 0xC0, 0x0F, 0xF0, 0x7F, 0xFB, 0xFF, 0xD8,
  0x0C, 0xC0, 0xE4, 0x0E, 0x00, 0xE0, 0x07, 0x00, 0x70, 0x07, 0x00, 0x38,
  0x03, 0x80, 0x38, 0x01, 0xC0, 0x1C, 0x05, 0xC0, 0x6E, 0x03, 0xE1, 0xFF,
  0xFF, 0xC0, 0x7F, 0xFC, 0x30, 0xC3, 0x0C, 0x30, 0xC3, 0x0C, 0x30, 0xC3,
  0x0C, 0x30, 0xC3, 0x0C, 0x30, 0xC1, 0xF0, 0xC0, 0xC0, 0xE0, 0x60, 0x60,
  0x60, 0x30, 0x30, 0x30, 0x38, 0x18, 0x18, 0x18, 0x0C, 0x0C, 0x0C, 0x0E,
  0x06, 0x06, 0x06, 0x03, 0x03, 0xF7, 0xC6, 0x31, 0x8C, 0x63, 0x18, 0xC6,
  0x31, 0x8C, 0x63, 0x18, 0xC6, 0x31, 0xFC, 0x06, 0x00, 0xE0, 0x0F, 0x00,
  0xF0, 0x1B, 0x01, 0x98, 0x19, 0x83, 0x18, 0x30, 0xC3, 0x0C, 0x60, 0xC6,
  0x0E, 0x60, 0x6C, 0x06, 0xC0, 0x70, 0xFF, 0xF0, 0x43, 0x87, 0x0C, 0x18,
  0x30, 0x1F, 0x87, 0xBC, 0x40, 0xE0, 0x0E, 0x00, 0xE0, 0x7E, 0x3E, 0xE7,
  0x0E, 0x60, 0xEE, 0x0E, 0x60, 0xE7, 0xBE, 0x3E, 0xF0, 0xF0, 0x01, 0x80,
  0x0C, 0x00, 0x60, 0x03, 0x00, 0x18, 0x00, 0xDF, 0x87, 0x9E, 0x30, 0x39,
  0x81, 0xCC, 0x0E, 0x60, 0x33, 0x01, 0x98, 0x0C, 0xC0, 0xE6, 0x07, 0x30,
  0x31, 0xC7, 0x0F, 0xF0, 0x1F, 0xCC, 0x36, 0x0F, 0x83, 0xC0, 0x30, 0x0C,
  0x03, 0x00, 0xE0, 0x38, 0x07, 0x01, 0xF7, 0x1F, 0x80, 0x03, 0xE0, 0x03,
  0x00, 0x18, 0x00, 0xC0, 0x06, 0x00, 0x30, 0x7F, 0x86, 0x0C, 0x60, 0x67,
  0x03, 0x38, 0x19, 0x80, 0xCC, 0x06, 0x60, 0x33, 0x81, 0x9C, 0x0C, 0x70,
  0x63, 0xDF, 0x0F, 0xDE, 0x1F, 0x8E, 0x39, 0x83, 0x70, 0x6C, 0x0F, 0xFF,
  0xB0, 0x06, 0x00, 0xE0, 0x1C, 0x01, 0xC1, 0x3E, 0xE3, 0xF8, 0x01, 0x07,
  0xC7, 0xE7, 0x03, 0x01, 0x80, 0xC1, 0xFE, 0xFF, 0x18, 0x0C, 0x06, 0x03,
  0x01, 0x80, 0xC0, 0x60, 0x30, 0x18, 0x0C, 0x1F, 0xC0, 0x3F, 0xBB, 0x87,
  0xD8, 0x39, 0xC1, 0xCE, 0x0E, 0x30, 0x71, 0xC3, 0x07, 0xF0, 0x20, 0x03,
  0x00, 0x18, 0x00, 0xFF, 0xC3, 0xFF, 0x30, 0x1B, 0x00, 0xF8, 0x06, 0xC0,
  0x37, 0x07, 0x1F, 0xF0, 0xF0, 0x01, 0xC0, 0x07, 0x00, 0x1C, 0x00, 0x70,
  0x01, 0xC0, 0x07, 0x7E, 0x1F, 0xBC, 0x70, 0x31, 0xC0, 0xC7, 0x03, 0x1C,
  0x0C, 0x70, 0x31, 0xC0, 0xC7, 0x03, 0x1C, 0x0C, 0x70, 0x31, 0xC0, 0xCF,
  0xCF, 0xC0, 0x21, 0xC7, 0x08, 0x00, 0x0F, 0x3C, 0x30, 0xC3, 0x0C, 0x30,
  0xC3, 0x0C, 0x30, 0xCF, 0xC0, 0x11, 0xCE, 0x20, 0x01, 0xEF, 0x18, 0xC6,
  0x31, 0x8C, 0x63, 0x18, 0xC6, 0x31, 0x9C, 0xDE, 0xC0, 0xF0, 0x01, 0xC0,
  0x07, 0x00, 0x1C, 0x00, 0x70, 0x01, 0xC0, 0x07, 0x1F, 0x9C, 0x18, 0x70,
  0xC1, 0xC6, 0x07, 0x30, 0x1D, 0xC0, 0x7F, 0x81, 0xE7, 0x07, 0x1C, 0x1C,
  0x38, 0x70, 0x71, 0xC1, 0xCF, 0xCF, 0xC0, 0xF8, 0x70, 0xE1, 0xC3, 0x87,
  0x0E, 0x1C, 0x38, 0x70, 0xE1, 0xC3, 0x87, 0x0E, 0x1C, 0x38, 0x73, 0xF8,
  0xF7, 0xE7, 0xE3, 0xFB, 0xF3, 0xC7, 0x07, 0x07, 0x1C, 0x0C, 0x0C, 0x70,
  0x30, 0x31, 0xC0, 0xC0, 0xC7, 0x03, 0x03, 0x1C, 0x0C, 0x0C, 0x70, 0x30,
  0x31, 0xC0, 0xC0, 0xC7, 0x03, 0x03, 0x1C, 0x0C, 0x0C, 0xFC, 0xFC, 0xFC,
  0xF7, 0xE3, 0xF3, 0xC7, 0x03, 0x1C, 0x0C, 0x70, 0x31, 0xC0, 0xC7, 0x03,
  0x1C, 0x0C, 0x70, 0x31, 0xC0, 0xC7, 0x03, 0x1C, 0x0C, 0xFC, 0xFC, 0x1F,
  0x83, 0x0C, 0x60, 0xEE, 0x06, 0xE0, 0x7E, 0x07, 0xE0, 0x7E, 0x07, 0xE0,
  0x7E, 0x06, 0x60, 0xE7, 0x1C, 0x1F, 0x80, 0xF3, 0xE1, 0xF1, 0xC3, 0x83,
  0x8E, 0x06, 0x38, 0x18, 0xE0, 0x73, 0x81, 0xCE, 0x06, 0x38, 0x18, 0xE0,
  0xE3, 0x83, 0x0E, 0x18, 0x3F, 0xC0, 0xE0, 0x03, 0x80, 0x0E, 0x00, 0x38,
  0x01, 0xF8, 0x07, 0xE0, 0x00, 0x1F, 0xE1, 0x83, 0x18, 0x19, 0xC0, 0xCE,
  0x06, 0x60, 0x33, 0x01, 0x98, 0x0C, 0xE0, 0x67, 0x03, 0x1C, 0x18, 0xF3,
  0xC3, 0xF6, 0x00, 0x30, 0x01, 0x80, 0x0C, 0x00, 0x60, 0x0F, 0x80, 0xFE,
  0xF3, 0xFB, 0xCF, 0x06, 0x03, 0x01, 0x80, 0xC0, 0x60, 0x30, 0x18, 0x0C,
  0x06, 0x0F, 0xE0, 0x3F, 0x98, 0x6C, 0x1B, 0x80, 0xF0, 0x1F, 0x03, 0xF0,
  0x3E, 0x03, 0xB0, 0x7C, 0x1B, 0x06, 0x7F, 0x00, 0x18, 0x0C, 0x0E, 0x1F,
  0xEF, 0xF1, 0xC0, 0xE0, 0x70, 0x38, 0x1C, 0x0E, 0x07, 0x03, 0x81, 0xC0,
  0xFE, 0x3E, 0xE1, 0xE3, 0x03, 0x18, 0x18, 0xC0, 0xC6, 0x06, 0x30, 0x31,
  0x81, 0x8C, 0x0C, 0x60, 0x63, 0x83, 0x1C, 0x18, 0x73, 0xC3, 0xF7, 0x80,
  0xF8, 0x7B, 0x81, 0x9C, 0x0C, 0x70, 0x43, 0x86, 0x0C, 0x30, 0x71, 0x03,
  0x98, 0x0C, 0xC0, 0x74, 0x01, 0xE0, 0x0E, 0x00, 0x70, 0x00, 0xF8, 0x71,
  0xF7, 0x07, 0x06, 0x70, 0xF0, 0x43, 0x0F, 0x8C, 0x30, 0xF8, 0xC3, 0x89,
  0x8C, 0x19, 0x98, 0x81, 0x99, 0xD8, 0x1D, 0x0D, 0x80, 0xD0, 0xD0, 0x0F,
  0x0D, 0x00, 0xE0, 0xF0, 0x06, 0x06, 0x00, 0xFC, 0x78, 0xE0, 0xC1, 0x86,
  0x07, 0x10, 0x0E, 0xC0, 0x1E, 0x00, 0x38, 0x01, 0x60, 0x0D, 0xC0, 0x63,
  0x81, 0x07, 0x0C, 0x1C, 0xFC, 0xFC, 0xFC, 0x7D, 0xC0, 0xC3, 0x03, 0x0E,
  0x0C, 0x38, 0x60, 0x61, 0x81, 0xC6, 0x03, 0x10, 0x0C, 0xC0, 0x3B, 0x00,
  0x68, 0x01, 0xE0, 0x07, 0x80, 0x04, 0x00, 0x30, 0x00, 0x80, 0x0E, 0x00,
  0xF0, 0x03, 0x80, 0x00, 0xFF, 0xF8, 0x1F, 0x07, 0x61, 0xC0, 0x70, 0x0E,
  0x03, 0x80, 0xE0, 0x38, 0x07, 0x05, 0xC1, 0xF0, 0xFF, 0xFE, 0x0F, 0x8F,
  0xCE, 0x07, 0x01, 0x80, 0xC0, 0x60, 0x18, 0x0C, 0x0E, 0x3C, 0x1E, 0x01,
  0x80, 0x60, 0x30, 0x30, 0x18, 0x0C, 0x0E, 0x07, 0x01, 0xC0, 0x7C, 0xFF,
  0xFF, 0xFF, 0xFF, 0xFF, 0xF0, 0xF8, 0x7E, 0x03, 0x81, 0xC0, 0xC0, 0x60,
  0x30, 0x30, 0x18, 0x06, 0x01, 0xE0, 0xF0, 0xC0, 0xC0, 0x60, 0x18, 0x0C,
  0x06, 0x03, 0x81, 0xC1, 0xC7, 0xE0, 0x10, 0x5F, 0x3C, 0xF9, 0x04, 0xFF,
  0xFF, 0xFF, 0xFF, 0xFF, 0xFF, 0xF7, 0xE7, 0xF3, 0xC7, 0xF9, 0x8F, 0xFC,
  0x9F, 0xFE, 0x7F, 0xFC, 0x3F, 0xF8, 0x9F, 0xF1, 0xCF, 0xE3, 0xE7, 0xF7,
  0xF7, 0xFF, 0xFF, 0xFF, 0xFF, 0xFF, 0xFF, 0xFF, 0xFF, 0xFF, 0xFF, 0xFF,
  0xFF, 0xF7, 0xE7, 0xF3, 0xC7, 0xF9, 0x8F, 0xFC, 0x9F, 0xFE, 0x7F, 0xFC,
  0x3F, 0xF8, 0x9F, 0xF1, 0xCF, 0xE3, 0xE7, 0xF7, 0xF7, 0xFF, 0xFF, 0xFF,
  0xFF, 0xFF, 0xFF, 0xFF, 0xFF, 0xFF, 0xFF, 0xFF, 0xFF, 0xF7, 0xE7, 0xF3,
  0xC7, 0xF9, 0x8F, 0xFC, 0x9F, 0xFE, 0x7F, 0xFC, 0x3F, 0xF8, 0x9F, 0xF1,
  0xCF, 0xE3, 0xE7, 0xF7, 0xF7, 0xFF, 0xFF, 0xFF, 0xFF, 0xFF, 0xFF, 0xFF,
  0xFF, 0xFF, 0xFF, 0xFF, 0xFF, 0xF7, 0xE7, 0xF3, 0xC7, 0xF9, 0x8F, 0xFC,
  0x9F, 0xFE, 0x7F, 0xFC, 0x3F, 0xF8, 0x9F, 0xF1, 0xCF, 0xE3, 0xE7, 0xF7,
  0xF7, 0xFF, 0xFF, 0xFF, 0xFF, 0xFF, 0xFF, 0xFF, 0xFF, 0xFF, 0xFF, 0xFF,
  0xFF, 0xF7, 0xE7, 0xF3, 0xC7, 0xF9, 0x8F, 0xFC, 0x9F, 0xFE, 0x7F, 0xFC,
  0x3F, 0xF8, 0x9F, 0xF1, 0xCF, 0xE3, 0xE7, 0xF7, 0xF7, 0xFF, 0xFF, 0xFF,
  0xFF, 0xFF, 0xFF, 0xFF, 0xFF, 0xFF, 0xFF, 0xFF, 0xFF, 0xF7, 0xE7, 0xF3,
  0xC7, 0xF9, 0x8F, 0xFC, 0x9F, 0xFE, 0x7F, 0xFC, 0x3F, 0xF8, 0x9F, 0xF1,
  0xCF, 0xE3, 0xE7, 0xF7, 0xF7, 0xFF, 0xFF, 0xFF, 0xFF, 0xFF, 0xFF, 0xFF,
  0xFF, 0xFF, 0xFF, 0xFF, 0xFF, 0xF7, 0xE7, 0xF3, 0xC7, 0xF9, 0x8F, 0xFC,
  0x9F, 0xFE, 0x7F, 0xFC, 0x3F, 0xF8, 0x9F, 0xF1, 0xCF, 0xE3, 0xE7, 0xF7,
  0xF7, 0xFF, 0xFF, 0xFF, 0xFF, 0xFF, 0xFF, 0xFF, 0xFF, 0xFF, 0xFF, 0xFF,
  0xFF, 0xF7, 0xE7, 0xF3, 0xC7, 0xF9, 0x8F, 0xFC, 0x9F, 0xFE, 0x7F, 0xFC,
  0x3F, 0xF8, 0x9F, 0xF1, 0xCF, 0xE3, 0xE7, 0xF7, 0xF7, 0xFF, 0xFF, 0xFF,
  0xFF, 0xFF, 0xFF, 0xFF, 0xFF, 0xFF, 0xFF, 0xFF, 0xFF, 0xF7, 0xE7, 0xF3,
  0xC7, 0xF9, 0x8F, 0xFC, 0x9F, 0xFE, 0x7F, 0xFC, 0x3F, 0xF8, 0x9F, 0xF1,
  0xCF, 0xE3, 0xE7, 0xF7, 0xF7, 0xFF, 0xFF, 0xFF, 0xFF, 0xFF, 0xFF, 0xFF,
  0xFF, 0xFF, 0xFF, 0xFF, 0xFF, 0xF7, 0xE7, 0xF3, 0xC7, 0xF9, 0x8F, 0xFC,
  0x9F, 0xFE, 0x7F, 0xFC, 0x3F, 0xF8, 0x9F, 0xF1, 0xCF, 0xE3, 0xE7, 0xF7,
  0xF7, 0xFF, 0xFF, 0xFF, 0xFF, 0xFF, 0xFF, 0xFF, 0xFF, 0xFF, 0xFF, 0xFF,
  0xFF, 0xF7, 0xE7, 0xF3, 0xC7, 0xF9, 0x8F, 0xFC, 0x9F, 0xFE, 0x7F, 0xFC,
  0x3F, 0xF8, 0x9F, 0xF1, 0xCF, 0xE3, 0xE7, 0xF7, 0xF7, 0xFF, 0xFF, 0xFF,
  0xFF, 0xFF, 0xFF, 0xFF, 0xFF, 0xFF, 0xFF, 0xFF, 0xFF, 0xF7, 0xE7, 0xF3,
  0xC7, 0xF9, 0x8F, 0xFC, 0x9F, 0xFE, 0x7F, 0xFC, 0x3F, 0xF8, 0x9F, 0xF1,
  0xCF, 0xE3, 0xE7, 0xF7, 0xF7, 0xFF, 0xFF, 0xFF, 0xFF, 0xFF, 0xFF, 0xFF,
  0xFF, 0xFF, 0xFF, 0xFF, 0xFF, 0xF7, 0xE7, 0xF3, 0xC7, 0xF9, 0x8F, 0xFC,
  0x9F, 0xFE, 0x7F, 0xFC, 0x3F, 0xF8, 0x9F, 0xF1, 0xCF, 0xE3, 0xE7, 0xF7,
  0xF7, 0xFF, 0xFF, 0xFF, 0xFF, 0xFF, 0xFF, 0xFF, 0xFF, 0xFF, 0xFF, 0xFF,
  0xFF, 0xF7, 0xE7, 0xF3, 0xC7, 0xF9, 0x8F, 0xFC, 0x9F, 0xFE, 0x7F, 0xFC,
  0x3F, 0xF8, 0x9F, 0xF1, 0xCF, 0xE3, 0xE7, 0xF7, 0xF7, 0xFF, 0xFF, 0xFF,
  0xFF, 0xFF, 0xFF, 0xFF, 0xFF, 0xFF, 0xFF, 0xFF, 0xFF, 0xF7, 0xE7, 0xF3,
  0xC7, 0xF9, 0x8F, 0xFC, 0x9F, 0xFE, 0x7F, 0xFC, 0x3F, 0xF8, 0x9F, 0xF1,
  0xCF, 0xE3, 0xE7, 0xF7, 0xF7, 0xFF, 0xFF, 0xFF, 0xFF, 0xFF, 0xFF, 0xFF,
  0xFF, 0xFF, 0xFF, 0xFF, 0xFF, 0xF7, 0xE7, 0xF3, 0xC7, 0xF9, 0x8F, 0xFC,
  0x9F, 0xFE, 0x7F, 0xFC, 0x3F, 0xF8, 0x9F, 0xF1, 0xCF, 0xE3, 0xE7, 0xF7,
  0xF7, 0xFF, 0xFF, 0xFF, 0xFF, 0xFF, 0xFF, 0xFF, 0xFF, 0xFF, 0xFF, 0xFF,
  0xFF, 0xF7, 0xE7, 0xF3, 0xC7, 0xF9, 0x8F, 0xFC, 0x9F, 0xFE, 0x7F, 0xFC,
  0x3F, 0xF8, 0x9F, 0xF1, 0xCF, 0xE3, 0xE7, 0xF7, 0xF7, 0xFF, 0xFF, 0xFF,
  0xFF, 0xFF, 0xFF, 0xFF, 0xFF, 0xFF, 0xFF, 0xFF, 0xFF, 0xF7, 0xE7, 0xF3,
  0xC7, 0xF9, 0x8F, 0xFC, 0x9F, 0xFE, 0x7F, 0xFC, 0x3F, 0xF8, 0x9F, 0xF1,
  0xCF, 0xE3, 0xE7, 0xF7, 0xF7, 0xFF, 0xFF, 0xFF, 0xFF, 0xFF, 0xFF, 0xFF,
  0xFF, 0xFF, 0xFF, 0xFF, 0xFF, 0xF7, 0xE7, 0xF3, 0xC7, 0xF9, 0x8F, 0xFC,
  0x9F, 0xFE, 0x7F, 0xFC, 0x3F, 0xF8, 0x9F, 0xF1, 0xCF, 0xE3, 0xE7, 0xF7,
  0xF7, 0xFF, 0xFF, 0xFF, 0xFF, 0xFF, 0xFF, 0xFF, 0xFF, 0xFF, 0xFF, 0xFF,
  0xFF, 0xF7, 0xE7, 0xF3, 0xC7, 0xF9, 0x8F, 0xFC, 0x9F, 0xFE, 0x7F, 0xFC,
  0x3F, 0xF8, 0x9F, 0xF1, 0xCF, 0xE3, 0xE7, 0xF7, 0xF7, 0xFF, 0xFF, 0xFF,
  0xFF, 0xFF, 0xFF, 0xFF, 0xFF, 0xFF, 0xFF, 0xFF, 0xFF, 0xF7, 0xE7, 0xF3,
  0xC7, 0xF9, 0x8F, 0xFC, 0x9F, 0xFE, 0x7F, 0xFC, 0x3F, 0xF8, 0x9F, 0xF1,
  0xCF, 0xE3, 0xE7, 0xF7, 0xF7, 0xFF, 0xFF, 0xFF, 0xFF, 0xFF, 0xFF, 0xFF,
  0xFF, 0xFF, 0xFF, 0xFF, 0xFF, 0xF7, 0xE7, 0xF3, 0xC7, 0xF9, 0x8F, 0xFC,
  0x9F, 0xFE, 0x7F, 0xFC, 0x3F, 0xF8, 0x9F, 0xF1, 0xCF, 0xE3, 0xE7, 0xF7,
  0xF7, 0xFF, 0xFF, 0xFF, 0xFF, 0xFF, 0xFF, 0xFF, 0xFF, 0xFF, 0xFF, 0xFF,
  0xFF, 0xF7, 0xE7, 0xF3, 0xC7, 0xF9, 0x8F, 0xFC, 0x9F, 0xFE, 0x7F, 0xFC,
  0x3F, 0xF8, 0x9F, 0xF1, 0xCF, 0xE3, 0xE7, 0xF7, 0xF7, 0xFF, 0xFF, 0xFF,
  0xFF, 0xFF, 0xFF, 0xFF, 0xFF, 0xFF, 0xFF, 0xFF, 0xFF, 0xF7, 0xE7, 0xF3,
  0xC7, 0xF9, 0x8F, 0xFC, 0x9F, 0xFE, 0x7F, 0xFC, 0x3F, 0xF8, 0x9F, 0xF1,
  0xCF, 0xE3, 0xE7, 0xF7, 0xF7, 0xFF, 0xFF, 0xFF, 0xFF, 0xFF, 0xFF, 0xFF,
  0xFF, 0xFF, 0xFF, 0xFF, 0xFF, 0xF7, 0xE7, 0xF3, 0xC7, 0xF9, 0x8F, 0xFC,
  0x9F, 0xFE, 0x7F, 0xFC, 0x3F, 0xF8, 0x9F, 0xF1, 0xCF, 0xE3, 0xE7, 0xF7,
  0xF7, 0xFF, 0xFF, 0xFF, 0xFF, 0xFF, 0xFF, 0xFF, 0xFF, 0xFF, 0xFF, 0xFF,
  0xFF, 0xF7, 0xE7, 0xF3, 0xC7, 0xF9, 0x8F, 0xFC, 0x9F, 0xFE, 0x7F, 0xFC,
  0x3F, 0xF8, 0x9F, 0xF1, 0xCF, 0xE3, 0xE7, 0xF7, 0xF7, 0xFF, 0xFF, 0xFF,
  0xFF, 0xFF, 0xFF, 0xFF, 0xFF, 0xFF, 0xFF, 0xFF, 0xFF, 0xF7, 0xE7, 0xF3,
  0xC7, 0xF9, 0x8F, 0xFC, 0x9F, 0xFE, 0x7F, 0xFC, 0x3F, 0xF8, 0x9F, 0xF1,
  0xCF, 0xE3, 0xE7, 0xF7, 0xF7, 0xFF, 0xFF, 0xFF, 0xFF, 0xFF, 0xFF, 0xFF,
  0xFF, 0xFF, 0xFF, 0xFF, 0xFF, 0xF7, 0xE7, 0xF3, 0xC7, 0xF9, 0x8F, 0xFC,
  0x9F, 0xFE, 0x7F, 0xFC, 0x3F, 0xF8, 0x9F, 0xF1, 0xCF, 0xE3, 0xE7, 0xF7,
  0xF7, 0xFF, 0xFF, 0xFF, 0xFF, 0xFF, 0xFF, 0xFF, 0xFF, 0xFF, 0xFF, 0xFF,
  0xFF, 0xF7, 0xE7, 0xF3, 0xC7, 0xF9, 0x8F, 0xFC, 0x9F, 0xFE, 0x7F, 0xFC,
  0x3F, 0xF8, 0x9F, 0xF1, 0xCF, 0xE3, 0xE7, 0xF7, 0xF7, 0xFF, 0xFF, 0xFF,
  0xFF, 0xFF, 0xFF, 0xFF, 0xFF, 0xFF, 0xFF, 0xFF, 0xFF, 0xF7, 0xE7, 0xF3,
  0xC7, 0xF9, 0x8F, 0xFC, 0x9F, 0xFE, 0x7F, 0xFC, 0x3F, 0xF8, 0x9F, 0xF1,
  0xCF, 0xE3, 0xE7, 0xF7, 0xF7, 0xFF, 0xFF, 0xFF, 0xFF, 0xFF, 0xFF, 0xFF,
  0xFF, 0xFF, 0xFF, 0xFF, 0xFF, 0xF7, 0xE7, 0xF3, 0xC7, 0xF9, 0x8F, 0xFC,
  0x9F, 0xFE, 0x7F, 0xFC, 0x3F, 0xF8, 0x9F, 0xF1, 0xCF, 0xE3, 0xE7, 0xF7,
  0xF7, 0xFF, 0xFF, 0xFF, 0xFF, 0xFF, 0xFF, 0xFF, 0xFF, 0xFF, 0xFF, 0xFF,
  0xFF, 0xF7, 0xE7, 0xF3, 0xC7, 0xF9, 0x8F, 0xFC, 0x9F, 0xFE, 0x7F, 0xFC,
  0x3F, 0xF8, 0x9F, 0xF1, 0xCF, 0xE3, 0xE7, 0xF7, 0xF7, 0xFF, 0xFF, 0xFF,
  0xFF, 0xFF, 0xFF, 0xFF, 0xFF, 0xFF, 0xFF, 0xFF, 0xFF, 0xF7, 0xE7, 0xF3,
  0xC7, 0xF9, 0x8F, 0xFC, 0x9F, 0xFE, 0x7F, 0xFC, 0x3F, 0xF8, 0x9F, 0xF1,
  0xCF, 0xE3, 0xE7, 0xF7, 0xF7, 0xFF, 0xFF, 0xFF, 0xFF, 0xFF, 0xFF, 0x00,
  0x5F, 0xA0, 0x12, 0x49, 0x6F, 0xFF, 0xFF, 0xFF, 0xC0, 0x02, 0x00, 0x80,
  0x60, 0x7F, 0x70, 0xD8, 0x3E, 0x0F, 0x00, 0xC0, 0x30, 0x0C, 0x03, 0x80,
  0xE0, 0x1C, 0x07, 0xDC, 0xFE, 0x0C, 0x03, 0x00, 0xC0, 0x00, 0xC0, 0x07,
  0xF8, 0x18, 0x60, 0x60, 0x40, 0xC0, 0x01, 0x80, 0x03, 0x00, 0x06, 0x00,
  0x7F, 0xC0, 0x18, 0x00, 0x30, 0x00, 0x60, 0x01, 0xC0, 0xE3, 0x80, 0xC7,
  0x01, 0x9C, 0x07, 0xFF, 0xFD, 0xC3, 0xF0, 0x40, 0x17, 0x00, 0xDF, 0xEC,
  0x7F, 0xC3, 0x8E, 0x18, 0x30, 0xC0, 0xC6, 0x06, 0x30, 0x31, 0x83, 0x0F,
  0xF8, 0xFF, 0xEE, 0x03, 0xA0, 0x08, 0xFE, 0x3F, 0x38, 0x0C, 0x1C, 0x18,
  0x0C, 0x10, 0x0E, 0x30, 0x07, 0x20, 0x03, 0x60, 0x3F, 0xFE, 0x3F, 0xFE,
  0x01, 0x80, 0x01, 0x80, 0x01, 0x80, 0x3F, 0xFE, 0x01, 0x80, 0x01, 0x80,
  0x01, 0x80, 0x0F, 0xF0, 0xFF, 0xFF, 0xC0, 0x3F, 0xFF, 0xF0, 0x1F, 0xE7,
  0x0E, 0x60, 0x66, 0x06, 0x60, 0x07, 0x80, 0x3E, 0x04, 0xF8, 0xC3, 0xCC,
  0x0E, 0xE0, 0x77, 0x03, 0x7C, 0x31, 0xF6, 0x07, 0xC0, 0x1E, 0xC0, 0x6C,
  0x06, 0xC0, 0x6E, 0x0E, 0x7F, 0x80, 0x42, 0xE7, 0xE7, 0x42, 0x00, 0x20,
  0x00, 0x3F, 0xE0, 0x0E, 0x03, 0x01, 0x80, 0x18, 0x30, 0x00, 0x42, 0x0F,
  0xC6, 0x61, 0x8C, 0x24, 0x30, 0xC3, 0xC2, 0x00, 0x1C, 0x60, 0x01, 0xC6,
  0x00, 0x1C, 0x60, 0x01, 0xC7, 0x00, 0x14, 0x30, 0x43, 0x63, 0xFC, 0x22,
  0x0F, 0x86, 0x30, 0x00, 0x41, 0x80, 0x18, 0x0E, 0x03, 0x00, 0x3F, 0xE0,
  0x00, 0x30, 0x00, 0x1E, 0x1F, 0xE0, 0x18, 0x06, 0x03, 0x8F, 0xE6, 0x19,
  0x86, 0xE1, 0x9C, 0xE3, 0xDC, 0x06, 0x08, 0x60, 0xC7, 0x0C, 0x70, 0xC7,
  0x1E, 0x70, 0xE3, 0xC7, 0x0E, 0x1C, 0x38, 0x60, 0xE1, 0x83, 0x86, 0x08,
  0x10, 0xFF, 0xF0, 0x03, 0x00, 0x30, 0x03, 0x00, 0x30, 0x03, 0xFF, 0xFF,
  0xFF, 0xFF, 0xFF, 0xFF, 0xF7, 0xE7, 0xF3, 0xC7, 0xF9, 0x8F, 0xFC, 0x9F,
  0xFE, 0x7F, 0xFC, 0x3F, 0xF8, 0x9F, 0xF1, 0xCF, 0xE3, 0xE7, 0xF7, 0xF7,
  0xFF, 0xFF, 0xFF, 0xFF, 0xFF, 0xFF, 0x00, 0x20, 0x00, 0x3F, 0xE0, 0x0E,
  0x03, 0x01, 0x80, 0x18, 0x30, 0x00, 0x42, 0x3F, 0x86, 0x61, 0x8C, 0x24,
  0x18, 0xE3, 0xC1, 0x86, 0x1C, 0x18, 0xC1, 0xC1, 0xF8, 0x1C, 0x1F, 0x81,
  0xC1, 0x9C, 0x14, 0x18, 0xC3, 0x61, 0x8E, 0x22, 0x3C, 0x76, 0x30, 0x00,
  0x41, 0x80, 0x18, 0x0E, 0x03, 0x00, 0x3F, 0xE0, 0x00, 0x30, 0x00, 0xFE,
  0x1C, 0x3F, 0x98, 0xD8, 0x2C, 0x1A, 0x09, 0xDC, 0x7C, 0x04, 0x00, 0x80,
  0x10, 0x02, 0x00, 0x41, 0xFF, 0xC1, 0x00, 0x20, 0x04, 0x00, 0x80, 0x00,
  0x7F, 0xEF, 0xFC, 0x3E, 0x33, 0x90, 0xC0, 0x60, 0x30, 0x38, 0x18, 0x18,
  0x18, 0xB3, 0xFF, 0xE0, 0xFE, 0x23, 0x80, 0xC0, 0xC0, 0xC1, 0xF0, 0x0C,
  0x06, 0x03, 0x03, 0x9F, 0x00, 0x10, 0x73, 0x9C, 0xE1, 0x00, 0xE1, 0xE3,
  0x03, 0x18, 0x18, 0xC0, 0xC6, 0x06, 0x30, 0x31, 0x81, 0x8C, 0x0C, 0x60,
  0x63, 0x03, 0x1C, 0x18, 0xFB, 0xC6, 0xF7, 0xB0, 0x01, 0x80, 0x0C, 0x00,
  0x60, 0x00, 0x07, 0xC0, 0x7F, 0xFD, 0xF8, 0xE3, 0xF1, 0xCF, 0xE3, 0x9F,
  0xC7, 0x3F, 0x8E, 0x7F, 0x1C, 0x7E, 0x38, 0x7C, 0x70, 0x78, 0xE0, 0x31,
  0xC0, 0x63, 0x80, 0xC7, 0x01, 0x8E, 0x03, 0x1C, 0x06, 0x38, 0x0C, 0x70,
  0x18, 0xE0, 0xF1, 0xE0, 0xFF, 0x80, 0x30, 0x86, 0x3F, 0xB0, 0x39, 0xF0,
  0x60, 0xC1, 0x83, 0x06, 0x0C, 0x18, 0x31, 0xF8, 0x1E, 0x39, 0x98, 0x78,
  0x3C, 0x1E, 0x0F, 0x07, 0x83, 0xE1, 0xB9, 0x8F, 0x80, 0x83, 0x06, 0x0C,
  0x1C, 0x30, 0x71, 0xC1, 0xC7, 0x0E, 0x1C, 0x70, 0xE3, 0x8E, 0x38, 0xE3,
  0x0E, 0x30, 0xE1, 0x02, 0x00, 0x00, 0x06, 0x03, 0x80, 0x40, 0xF8, 0x0C,
  0x01, 0x80, 0x80, 0x18, 0x18, 0x01, 0x81, 0x00, 0x18, 0x30, 0x01, 0x82,
  0x00, 0x18, 0x61, 0xC1, 0x84, 0x38, 0x18, 0xC3, 0x07, 0xEC, 0x70, 0x01,
  0x86, 0x60, 0x18, 0xC6, 0x03, 0x0C, 0x60, 0x31, 0xFF, 0x06, 0x0F, 0xF0,
  0x60, 0x06, 0x0C, 0x00, 0x60, 0xC0, 0x00, 0x00, 0x06, 0x01, 0xC0, 0x20,
  0x3E, 0x03, 0x00, 0x30, 0x10, 0x01, 0x81, 0x80, 0x0C, 0x08, 0x00, 0x60,
  0xC0, 0x03, 0x04, 0x00, 0x18, 0x63, 0xE0, 0xC2, 0x33, 0x86, 0x31, 0x0C,
  0xFD, 0x80, 0x60, 0x18, 0x03, 0x00, 0xC0, 0x38, 0x0C, 0x01, 0x80, 0x60,
  0x18, 0x06, 0x01, 0x88, 0x30, 0x33, 0xC3, 0x03, 0xFE, 0x18, 0x00, 0x00,
  0x00, 0x01, 0x87, 0xF0, 0x08, 0x11, 0xC0, 0xC0, 0x06, 0x04, 0x00, 0x60,
  0x60, 0x06, 0x02, 0x00, 0xF8, 0x30, 0x00, 0x61, 0x00, 0x03, 0x18, 0xE0,
  0x18, 0x8E, 0x01, 0xCC, 0x60, 0xF8, 0x67, 0x00, 0x06, 0x33, 0x00, 0x33,
  0x18, 0x03, 0x18, 0xC0, 0x19, 0xFF, 0x01, 0x87, 0xF8, 0x0C, 0x01, 0x80,
  0xC0, 0x0C, 0x06, 0x00, 0x00, 0x04, 0x07, 0x03, 0x80, 0x80, 0x00, 0x00,
  0x10, 0x0C, 0x06, 0x03, 0x03, 0x83, 0x83, 0x83, 0x03, 0x01, 0x80, 0xC0,
  0x60, 0x38, 0x0E, 0x03, 0xF8, 0x7C, 0x02, 0x00, 0x03, 0x80, 0x00, 0xE0,
  0x00, 0x18, 0x00, 0x00, 0x00, 0x0E, 0x00, 0x07, 0x00, 0x07, 0xC0, 0x03,
  0xE0, 0x01, 0x30, 0x01, 0x9C, 0x00, 0xCE, 0x00, 0x43, 0x00, 0x61, 0xC0,
  0x30, 0xE0, 0x30, 0x30, 0x18, 0x1C, 0x0F, 0xFE, 0x0C, 0x07, 0x06, 0x01,
  0xC3, 0x00, 0xE3, 0x00, 0x73, 0xE0, 0x7E, 0x00, 0x60, 0x00, 0x38, 0x00,
  0x38, 0x00, 0x30, 0x00, 0x00, 0x00, 0x0E, 0x00, 0x07, 0x00, 0x07, 0xC0,
  0x03, 0xE0, 0x01, 0x30, 0x01, 0x9C, 0x00, 0xCE, 0x00, 0x43, 0x00, 0x61,
  0xC0, 0x30, 0xE0, 0x30, 0x30, 0x18, 0x1C, 0x0F, 0xFE, 0x0C, 0x07, 0x06,
  0x01, 0xC3, 0x00, 0xE3, 0x00, 0x73, 0xE0, 0x7E, 0x01, 0x80, 0x01, 0xE0,
  0x01, 0x98, 0x01, 0x86, 0x00, 0x00, 0x00, 0x0E, 0x00, 0x07, 0x00, 0x07,
  0xC0, 0x03, 0xE0, 0x01, 0x30, 0x01, 0x9C, 0x00, 0xCE, 0x00, 0x43, 0x00,
  0x61, 0xC0, 0x30, 0xE0, 0x30, 0x30, 0x18, 0x1C, 0x0F, 0xFE, 0x0C, 0x07,
  0x06, 0x01, 0xC3, 0x00, 0xE3, 0x00, 0x73, 0xE0, 0x7E, 0x03, 0x90, 0x03,
  0x78, 0x01, 0x18, 0x00, 0x00, 0x00, 0x1C, 0x00, 0x0E, 0x00, 0x0F, 0x80,
  0x07, 0xC0, 0x02, 0x60, 0x03, 0x38, 0x01, 0x9C, 0x00, 0x86, 0x00, 0xC3,
  0x80, 0x61, 0xC0, 0x60, 0x60, 0x30, 0x38, 0x1F, 0xFC, 0x18, 0x0E, 0x0C,
  0x03, 0x86, 0x01, 0xC6, 0x00, 0xE7, 0xC0, 0xFC, 0x07, 0x30, 0x03, 0xB8,
  0x01, 0x8C, 0x00, 0x00, 0x00, 0x1C, 0x00, 0x0E, 0x00, 0x0F, 0x80, 0x07,
  0xC0, 0x02, 0x60, 0x03, 0x38, 0x01, 0x9C, 0x00, 0x86, 0x00, 0xC3, 0x80,
  0x61, 0xC0, 0x60, 0x60, 0x30, 0x38, 0x1F, 0xFC, 0x18, 0x0E, 0x0C, 0x03,
  0x86, 0x01, 0xC6, 0x00, 0xE7, 0xC0, 0xFC, 0x03, 0xE0, 0x01, 0x10, 0x01,
  0x88, 0x00, 0x44, 0x00, 0x3E, 0x00, 0x00, 0x00, 0x07, 0x00, 0x03, 0x80,
  0x03, 0xE0, 0x01, 0xF0, 0x00, 0x98, 0x00, 0xCE, 0x00, 0x67, 0x00, 0x21,
  0x80, 0x30, 0xE0, 0x18, 0x70, 0x18, 0x18, 0x0C, 0x0E, 0x07, 0xFF, 0x06,
  0x03, 0x83, 0x00, 0xE1, 0x80, 0x71, 0x80, 0x39, 0xF0, 0x3F, 0x07, 0xFF,
  0xFC, 0x01, 0x98, 0x18, 0x02, 0x30, 0x30, 0x0C, 0x60, 0x00, 0x18, 0xC0,
  0x00, 0x61, 0x86, 0x00, 0xC3, 0x0C, 0x03, 0x07, 0xF8, 0x06, 0x0F, 0xF0,
  0x0C, 0x18, 0x60, 0x30, 0x30, 0xC0, 0x7F, 0xE0, 0x01, 0x80, 0xC0, 0x23,
  0x01, 0x80, 0x4E, 0x03, 0x01, 0x98, 0x06, 0x0F, 0xFC, 0x3F, 0xFE, 0x03,
  0xC0, 0x7F, 0xCE, 0x06, 0x60, 0x36, 0x01, 0xF0, 0x03, 0x80, 0x1C, 0x00,
  0xE0, 0x07, 0x00, 0x38, 0x01, 0xC0, 0x0E, 0x00, 0x70, 0x01, 0xC0, 0x2F,
  0x03, 0x3C, 0x38, 0x7F, 0x80, 0x60, 0x01, 0x00, 0x0C, 0x00, 0x60, 0x1F,
  0x00, 0x60, 0x08, 0x00, 0x70, 0x00, 0xE0, 0x00, 0xC0, 0x00, 0x00, 0x00,
  0x0F, 0xFF, 0x0C, 0x0C, 0x30, 0x10, 0xC0, 0x03, 0x00, 0x0C, 0x10, 0x30,
  0xC0, 0xFF, 0x03, 0xFC, 0x0C, 0x30, 0x30, 0x40, 0xC0, 0x03, 0x00, 0x8C,
  0x03, 0x30, 0x18, 0xC0, 0xEF, 0xFF, 0x80, 0x00, 0xC0, 0x03, 0x80, 0x1C,
  0x00, 0xC0, 0x00, 0x00, 0x00, 0x0F, 0xFF, 0x0C, 0x0C, 0x30, 0x10, 0xC0,
  0x03, 0x00, 0x0C, 0x10, 0x30, 0xC0, 0xFF, 0x03, 0xFC, 0x0C, 0x30, 0x30,
  0x40, 0xC0, 0x03, 0x00, 0x8C, 0x03, 0x30, 0x18, 0xC0, 0xEF, 0xFF, 0x80,
  0x06, 0x00, 0x3C, 0x01, 0x98, 0x0C, 0x30, 0x00, 0x00, 0x00, 0x0F, 0xFF,
  0x0C, 0x0C, 0x30, 0x10, 0xC0, 0x03, 0x00, 0x0C, 0x10, 0x30, 0xC0, 0xFF,
  0x03, 0xFC, 0x0C, 0x30, 0x30, 0x40, 0xC0, 0x03, 0x00, 0x8C, 0x03, 0x30,
  0x18, 0xC0, 0xEF, 0xFF, 0x80, 0x1C, 0xC0, 0x77, 0x01, 0x8C, 0x00, 0x00,
  0x00, 0x03, 0xFF, 0xC3, 0x03, 0x0C, 0x04, 0x30, 0x00, 0xC0, 0x03, 0x04,
  0x0C, 0x30, 0x3F, 0xC0, 0xFF, 0x03, 0x0C, 0x0C, 0x10, 0x30, 0x00, 0xC0,
  0x23, 0x00, 0xCC, 0x06, 0x30, 0x3B, 0xFF, 0xE0, 0x41, 0xC1, 0xC0, 0xC0,
  0x00, 0x3F, 0x9C, 0x38, 0x70, 0xE1, 0xC3, 0x87, 0x0E, 0x1C, 0x38, 0x70,
  0xE1, 0xC3, 0x87, 0x3F, 0x80, 0x0C, 0x1C, 0x71, 0x80, 0x00, 0x3F, 0x9C,
  0x38, 0x70, 0xE1, 0xC3, 0x87, 0x0E, 0x1C, 0x38, 0x70, 0xE1, 0xC3, 0x87,
  0x3F, 0x80, 0x18, 0x3C, 0x66, 0xC3, 0x00, 0x00, 0x7F, 0x1C, 0x1C, 0x1C,
  0x1C, 0x1C, 0x1C, 0x1C, 0x1C, 0x1C, 0x1C, 0x1C, 0x1C, 0x1C, 0x1C, 0x1C,
  0x7F, 0xE7, 0xDD, 0x18, 0x00, 0x1F, 0xCE, 0x1C, 0x38, 0x70, 0xE1, 0xC3,
  0x87, 0x0E, 0x1C, 0x38, 0x70, 0xE1, 0xC3, 0x9F, 0xC0, 0x07, 0x80, 0xFF,
  0xF0, 0x30, 0x3C, 0x30, 0x1E, 0x30, 0x0E, 0x30, 0x06, 0x30, 0x07, 0x30,
  0x07, 0xFF, 0x07, 0xFF, 0x07, 0x30, 0x07, 0x30, 0x07, 0x30, 0x06, 0x30,
  0x0E, 0x30, 0x0C, 0x30, 0x1C, 0x30, 0x70, 0xFF, 0xE0, 0x03, 0x90, 0x03,
  0x78, 0x01, 0x18, 0x00, 0x00, 0x00, 0x00, 0x07, 0xC0, 0xFC, 0xF0, 0x18,
  0x78, 0x0C, 0x2E, 0x06, 0x13, 0x83, 0x09, 0xC1, 0x84, 0x70, 0xC2, 0x1C,
  0x61, 0x0E, 0x30, 0x83, 0x98, 0x40, 0xEC, 0x20, 0x76, 0x10, 0x1F, 0x08,
  0x07, 0x84, 0x03, 0xC2, 0x00, 0xE7, 0xE0, 0x30, 0x04, 0x00, 0x1C, 0x00,
  0x1C, 0x00, 0x0C, 0x00, 0x00, 0x00, 0x70, 0x03, 0xFC, 0x1C, 0x1C, 0x70,
  0x1C, 0xC0, 0x1B, 0x80, 0x3F, 0x00, 0x7E, 0x00, 0xFC, 0x01, 0xF8, 0x03,
  0xF0, 0x07, 0xE0, 0x0F, 0xC0, 0x1F, 0x80, 0x33, 0x80, 0xE7, 0x01, 0x87,
  0x0E, 0x03, 0xF8, 0x00, 0x00, 0xC0, 0x01, 0xC0, 0x07, 0x00, 0x18, 0x00,
  0x00, 0x00, 0x70, 0x03, 0xFC, 0x1C, 0x1C, 0x70, 0x1C, 0xC0, 0x1B, 0x80,
  0x3F, 0x00, 0x7E, 0x00, 0xFC, 0x01, 0xF8, 0x03, 0xF0, 0x07, 0xE0, 0x0F,
  0xC0, 0x1F, 0x80, 0x33, 0x80, 0xE7, 0x01, 0x87, 0x0E, 0x03, 0xF8, 0x00,
  0x03, 0x00, 0x0F, 0x00, 0x33, 0x00, 0xC3, 0x00, 0x00, 0x00, 0x70, 0x03,
  0xFC, 0x1C, 0x1C, 0x70, 0x1C, 0xC0, 0x1B, 0x80, 0x3F, 0x00, 0x7E, 0x00,
  0xFC, 0x01, 0xF8, 0x03, 0xF0, 0x07, 0xE0, 0x0F, 0xC0, 0x1F, 0x80, 0x33,
  0x80, 0xE7, 0x01, 0x87, 0x0E, 0x03, 0xF8, 0x00, 0x07, 0x20, 0x1B, 0xC0,
  0x23, 0x00, 0x00, 0x00, 0x38, 0x01, 0xFE, 0x0E, 0x0E, 0x38, 0x0E, 0x60,
  0x0D, 0xC0, 0x1F, 0x80, 0x3F, 0x00, 0x7E, 0x00, 0xFC, 0x01, 0xF8, 0x03,
  0xF0, 0x07, 0xE0, 0x0F, 0xC0, 0x19, 0xC0, 0x73, 0x80, 0xC3, 0x87, 0x01,
  0xFC, 0x00, 0x0E, 0x60, 0x1D, 0xC0, 0x31, 0x80, 0x00, 0x00, 0x38, 0x01,
  0xFE, 0x0E, 0x0E, 0x38, 0x0E, 0x60, 0x0D, 0xC0, 0x1F, 0x80, 0x3F, 0x00,
  0x7E, 0x00, 0xFC, 0x01, 0xF8, 0x03, 0xF0, 0x07, 0xE0, 0x0F, 0xC0, 0x19,
  0xC0, 0x73, 0x80, 0xC3, 0x87, 0x01, 0xFC, 0x00, 0x40, 0xB0, 0x76, 0x38,
  0xCC, 0x1E, 0x03, 0x01, 0xE0, 0xCC, 0xE1, 0xB0, 0x34, 0x08, 0x00, 0x10,
  0x00, 0x20, 0x0E, 0xC0, 0x7F, 0x83, 0x83, 0x8E, 0x0B, 0x98, 0x13, 0x70,
  0x27, 0xE0, 0x8F, 0xC1, 0x1F, 0x84, 0x3F, 0x08, 0x7E, 0x10, 0xFC, 0x41,
  0xF8, 0x83, 0xF2, 0x06, 0x74, 0x1C, 0xE8, 0x30, 0xE1, 0xC0, 0x7F, 0x01,
  0x00, 0x02, 0x00, 0x00, 0x04, 0x00, 0x0E, 0x00, 0x07, 0x00, 0x01, 0x80,
  0x00, 0x00, 0x00, 0x00, 0xFC, 0x1F, 0x70, 0x04, 0x70, 0x04, 0x70, 0x04,
  0x70, 0x04, 0x70, 0x04, 0x70, 0x04, 0x70, 0x04, 0x70, 0x04, 0x70, 0x04,
  0x70, 0x04, 0x70, 0x0C, 0x70, 0x0C, 0x30, 0x0C, 0x38, 0x18, 0x1C, 0x30,
  0x0F, 0xE0, 0x00, 0x60, 0x00, 0x70, 0x00, 0xE0, 0x01, 0x80, 0x00, 0x00,
  0x00, 0x00, 0xFC, 0x1F, 0x70, 0x04, 0x70, 0x04, 0x70, 0x04, 0x70, 0x04,
  0x70, 0x04, 0x70, 0x04, 0x70, 0x04, 0x70, 0x04, 0x70, 0x04, 0x70, 0x04,
  0x70, 0x0C, 0x70, 0x0C, 0x30, 0x0C, 0x38, 0x18, 0x1C, 0x30, 0x0F, 0xE0,
  0x01, 0x80, 0x03, 0xC0, 0x06, 0x60, 0x0C, 0x30, 0x00, 0x00, 0x00, 0x00,
  0xFC, 0x1F, 0x70, 0x04, 0x70, 0x04, 0x70, 0x04, 0x70, 0x04, 0x70, 0x04,
  0x70, 0x04, 0x70, 0x04, 0x70, 0x04, 0x70, 0x04, 0x70, 0x04, 0x70, 0x0C,
  0x70, 0x0C, 0x30, 0x0C, 0x38, 0x18, 0x1C, 0x30, 0x0F, 0xE0, 0x0E, 0x60,
  0x0E, 0xE0, 0x0C, 0x60, 0x00, 0x00, 0x00, 0x00, 0xFC, 0x1F, 0x70, 0x04,
  0x70, 0x04, 0x70, 0x04, 0x70, 0x04, 0x70, 0x04, 0x70, 0x04, 0x70, 0x04,
  0x70, 0x04, 0x70, 0x04, 0x70, 0x04, 0x70, 0x0C, 0x70, 0x0C, 0x30, 0x0C,
  0x38, 0x18, 0x1C, 0x30, 0x0F, 0xE0, 0x00, 0x60, 0x00, 0xE0, 0x03, 0x80,
  0x0C, 0x00, 0x00, 0x00, 0x00, 0x3F, 0x0F, 0xB8, 0x06, 0x38, 0x18, 0x70,
  0x30, 0x70, 0xC0, 0x61, 0x00, 0xE6, 0x00, 0xC8, 0x01, 0xF0, 0x01, 0xC0,
  0x03, 0x80, 0x07, 0x00, 0x0E, 0x00, 0x1C, 0x00, 0x38, 0x00, 0x70, 0x03,
  0xFC, 0x00, 0xFC, 0x01, 0x80, 0x0C, 0x00, 0x7F, 0x83, 0xFF, 0x18, 0x1C,
  0xC0, 0xE6, 0x03, 0x30, 0x19, 0x81, 0xCC, 0x0E, 0x60, 0xE3, 0xFC, 0x18,
  0x00, 0xC0, 0x06, 0x00, 0xFE, 0x00, 0x07, 0xE0, 0x30, 0xC1, 0x83, 0x0E,
  0x0C, 0x30, 0x30, 0xC1, 0x83, 0x0C, 0x0C, 0x30, 0x30, 0xC0, 0xC3, 0x83,
  0x0F, 0x0C, 0x0E, 0x30, 0x3C, 0xC0, 0x73, 0x01, 0xCC, 0x07, 0x32, 0x3B,
  0xC7, 0xC0, 0x10, 0x03, 0x80, 0x1C, 0x00, 0xC0, 0x06, 0x00, 0x30, 0x00,
  0x00, 0x00, 0x1F, 0x87, 0xBC, 0x40, 0xE0, 0x0E, 0x00, 0xE0, 0x7E, 0x3E,
  0xE7, 0x0E, 0x60, 0xEE, 0x0E, 0x60, 0xE7, 0xBE, 0x3E, 0xF0, 0x00, 0x80,
  0x0E, 0x01, 0xC0, 0x38, 0x07, 0x00, 0x20, 0x00, 0x00, 0x00, 0x1F, 0x87,
  0xBC, 0x40, 0xE0, 0x0E, 0x00, 0xE0, 0x7E, 0x3E, 0xE7, 0x0E, 0x60, 0xEE,
  0x0E, 0x60, 0xE7, 0xBE, 0x3E, 0xF0, 0x07, 0x00, 0xF0, 0x1D, 0x81, 0x8C,
  0x30, 0x40, 0x00, 0x00, 0x01, 0xF8, 0x7B, 0xC4, 0x0E, 0x00, 0xE0, 0x0E,
  0x07, 0xE3, 0xEE, 0x70, 0xE6, 0x0E, 0xE0, 0xE6, 0x0E, 0x7B, 0xE3, 0xEF,
  0x1E, 0x41, 0xFC, 0x33, 0x80, 0x00, 0x00, 0x01, 0xF8, 0x7B, 0xC4, 0x0E,
  0x00, 0xE0, 0x0E, 0x07, 0xE3, 0xEE, 0x70, 0xE6, 0x0E, 0xE0, 0xE6, 0x0E,
  0x7B, 0xE3, 0xEF, 0x10, 0x83, 0x9C, 0x39, 0xC1, 0x08, 0x00, 0x00, 0x00,
  0x1F, 0x87, 0xBC, 0x40, 0xE0, 0x0E, 0x00, 0xE0, 0x7E, 0x3E, 0xE7, 0x0E,
  0x60, 0xEE, 0x0E, 0x60, 0xE7, 0xBE, 0x3E, 0xF0, 0x07, 0x00, 0xD8, 0x18,
  0x81, 0x88, 0x19, 0x80, 0xF0, 0x00, 0x00, 0x00, 0x1F, 0x87, 0xBC, 0x40,
  0xE0, 0x0E, 0x00, 0xE0, 0x7E, 0x3E, 0xE7, 0x0E, 0x60, 0xEE, 0x0E, 0x60,
  0xE7, 0xBE, 0x3E, 0xF0, 0x1F, 0x9F, 0x8F, 0x7E, 0x19, 0x03, 0x83, 0x80,
  0x70, 0x70, 0x0E, 0x0E, 0x0F, 0xFF, 0xCF, 0x38, 0x03, 0x87, 0x00, 0x60,
  0xE0, 0x1C, 0x0C, 0x01, 0x83, 0xC0, 0xBD, 0xDE, 0xF3, 0xE1, 0xF8, 0x1F,
  0xCC, 0x36, 0x0F, 0x83, 0xC0, 0x30, 0x0C, 0x03, 0x00, 0xE0, 0x38, 0x07,
  0x01, 0xF7, 0x1F, 0x81, 0x80, 0x20, 0x0C, 0x03, 0x07, 0xC0, 0xC0, 0x10,
  0x07, 0x00, 0x70, 0x06, 0x00, 0x60, 0x06, 0x00, 0x00, 0x00, 0x1F, 0x8E,
  0x39, 0x83, 0x70, 0x6C, 0x0F, 0xFF, 0xB0, 0x06, 0x00, 0xE0, 0x1C, 0x01,
  0xC1, 0x3E, 0xE3, 0xF8, 0x01, 0x00, 0x38, 0x0E, 0x03, 0x80, 0xE0, 0x08,
  0x00, 0x00, 0x00, 0x1F, 0x8E, 0x39, 0x83, 0x70, 0x6C, 0x0F, 0xFF, 0xB0,
  0x06, 0x00, 0xE0, 0x1C, 0x01, 0xC1, 0x3E, 0xE3, 0xF8, 0x07, 0x01, 0xE0,
  0x76, 0x0C, 0x63, 0x04, 0x00, 0x00, 0x00, 0xFC, 0x71, 0xCC, 0x1B, 0x83,
  0x60, 0x7F, 0xFD, 0x80, 0x30, 0x07, 0x00, 0xE0, 0x0E, 0x09, 0xF7, 0x1F,
  0xC0, 0x21, 0x0E, 0x71, 0xCE, 0x10, 0x80, 0x00, 0x00, 0x07, 0xE3, 0x8E,
  0x60, 0xDC, 0x1B, 0x03, 0xFF, 0xEC, 0x01, 0x80, 0x38, 0x07, 0x00, 0x70,
  0x4F, 0xB8, 0xFE, 0x00, 0x41, 0xC1, 0xC1, 0x81, 0x81, 0x80, 0x00, 0x78,
  0xF0, 0x60, 0xC1, 0x83, 0x06, 0x0C, 0x18, 0x30, 0x60, 0xC7, 0xE0, 0x08,
  0x1C, 0x71, 0xC7, 0x04, 0x00, 0x00, 0xF1, 0xE0, 0xC1, 0x83, 0x06, 0x0C,
  0x18, 0x30, 0x60, 0xC1, 0x8F, 0xC0, 0x1C, 0x3C, 0x76, 0x63, 0xC1, 0x00,
  0x00, 0x78, 0x78, 0x18, 0x18, 0x18, 0x18, 0x18, 0x18, 0x18, 0x18, 0x18,
  0x18, 0x7E, 0x42, 0xE7, 0xE7, 0x42, 0x00, 0x00, 0x78, 0x78, 0x18, 0x18,
  0x18, 0x18, 0x18, 0x18, 0x18, 0x18, 0x18, 0x18, 0x7E, 0x46, 0x07, 0xE0,
  0x1C, 0x01, 0xF0, 0x33, 0x80, 0x18, 0x00, 0xC0, 0x0E, 0x1F, 0xE3, 0x06,
  0x60, 0x7E, 0x07, 0xE0, 0x7E, 0x07, 0xE0, 0x7E, 0x07, 0xE0, 0x6E, 0x06,
  0x60, 0xE7, 0x1C, 0x1F, 0x80, 0x1E, 0x40, 0x7F, 0x03, 0x38, 0x00, 0x00,
  0x00, 0x03, 0xDF, 0x8F, 0xCF, 0x1C, 0x0C, 0x70, 0x31, 0xC0, 0xC7, 0x03,
  0x1C, 0x0C, 0x70, 0x31, 0xC0, 0xC7, 0x03, 0x1C, 0x0C, 0x70, 0x33, 0xF3,
  0xF0, 0x10, 0x03, 0x80, 0x1C, 0x00, 0xC0, 0x06, 0x00, 0x30, 0x00, 0x00,
  0x00, 0x1F, 0x83, 0x0C, 0x60, 0xEE, 0x06, 0xE0, 0x7E, 0x07, 0xE0, 0x7E,
  0x07, 0xE0, 0x7E, 0x06, 0x60, 0xE7, 0x1C, 0x1F, 0x80, 0x01, 0x00, 0x1C,
  0x03, 0x80, 0x70, 0x0E, 0x00, 0x40, 0x00, 0x00, 0x00, 0x1F, 0x83, 0x0C,
  0x60, 0xEE, 0x06, 0xE0, 0x7E, 0x07, 0xE0, 0x7E, 0x07, 0xE0, 0x7E, 0x06,
  0x60, 0xE7, 0x1C, 0x1F, 0x80, 0x07, 0x00, 0xF0, 0x1D, 0x81, 0x8C, 0x30,
  0x40, 0x00, 0x00, 0x01, 0xF8, 0x30, 0xC6, 0x0E, 0xE0, 0x6E, 0x07, 0xE0,
  0x7E, 0x07, 0xE0, 0x7E, 0x07, 0xE0, 0x66, 0x0E, 0x71, 0xC1, 0xF8, 0x3C,
  0x83, 0xF8, 0x67, 0x00, 0x00, 0x00, 0x01, 0xF8, 0x30, 0xC6, 0x0E, 0xE0,
  0x6E, 0x07, 0xE0, 0x7E, 0x07, 0xE0, 0x7E, 0x07, 0xE0, 0x66, 0x0E, 0x71,
  0xC1, 0xF8, 0x10, 0x83, 0x9C, 0x39, 0xC1, 0x08, 0x00, 0x00, 0x00, 0x1F,
  0x83, 0x0C, 0x60, 0xEE, 0x06, 0xE0, 0x7E, 0x07, 0xE0, 0x7E, 0x07, 0xE0,
  0x7E, 0x06, 0x60, 0xE7, 0x1C, 0x1F, 0x80, 0x0C, 0x07, 0x80, 0xC0, 0x00,
  0x00, 0x00, 0x0F, 0xFC, 0x00, 0x00, 0x00, 0x00, 0xC0, 0x70, 0x0C, 0x00,
  0x00, 0x40, 0x0C, 0x1F, 0x83, 0x0C, 0x61, 0xEE, 0x16, 0xE2, 0x7E, 0x27,
  0xC4, 0x7E, 0x47, 0xE4, 0x7E, 0x86, 0x68, 0xE7, 0x1C, 0x1F, 0x82, 0x00,
  0x20, 0x00, 0x10, 0x01, 0xC0, 0x07, 0x00, 0x18, 0x00, 0x60, 0x01, 0x80,
  0x00, 0x00, 0x00, 0xE1, 0xE3, 0x03, 0x18, 0x18, 0xC0, 0xC6, 0x06, 0x30,
  0x31, 0x81, 0x8C, 0x0C, 0x60, 0x63, 0x83, 0x1C, 0x18, 0x73, 0xC3, 0xF7,
  0x80, 0x01, 0x00, 0x0E, 0x00, 0xE0, 0x0E, 0x00, 0xE0, 0x02, 0x00, 0x00,
  0x00, 0x00, 0xE1, 0xE3, 0x03, 0x18, 0x18, 0xC0, 0xC6, 0x06, 0x30, 0x31,
  0x81, 0x8C, 0x0C, 0x60, 0x63, 0x83, 0x1C, 0x18, 0x73, 0xC3, 0xF7, 0x80,
  0x07, 0x00, 0x78, 0x07, 0x60, 0x31, 0x83, 0x04, 0x00, 0x00, 0x00, 0x1C,
  0x3C, 0x60, 0x63, 0x03, 0x18, 0x18, 0xC0, 0xC6, 0x06, 0x30, 0x31, 0x81,
  0x8C, 0x0C, 0x70, 0x63, 0x83, 0x0E, 0x78, 0x7E, 0xF0, 0x10, 0x81, 0xCE,
  0x0E, 0x70, 0x21, 0x00, 0x00, 0x00, 0x03, 0x87, 0x8C, 0x0C, 0x60, 0x63,
  0x03, 0x18, 0x18, 0xC0, 0xC6, 0x06, 0x30, 0x31, 0x81, 0x8E, 0x0C, 0x70,
  0x61, 0xCF, 0x0F, 0xDE, 0x00, 0x80, 0x03, 0x80, 0x1C, 0x00, 0xE0, 0x07,
  0x00, 0x08, 0x00, 0x00, 0x00, 0x00, 0xFC, 0x7D, 0xC0, 0xC3, 0x03, 0x0E,
  0x0C, 0x38, 0x60, 0x61, 0x81, 0xC6, 0x03, 0x10, 0x0C, 0xC0, 0x3B, 0x00,
  0x68, 0x01, 0xE0, 0x07, 0x80, 0x04, 0x00, 0x30, 0x00, 0x80, 0x0E, 0x00,
  0xF0, 0x03, 0x80, 0x00, 0xF0, 0x01, 0x80, 0x0C, 0x00, 0x60, 0x03, 0x00,
  0x18, 0x00, 0xDF, 0x87, 0x9E, 0x30, 0x39, 0x81, 0xCC, 0x0E, 0x60, 0x33,
  0x01, 0x98, 0x0C, 0xC0, 0xE6, 0x07, 0x30, 0x71, 0xC7, 0x0F, 0xF0, 0x60,
  0x03, 0x00, 0x18, 0x00, 0xC0, 0x0F, 0x80, 0xFE, 0x00, 0x08, 0x40, 0x73,
  0x81, 0xCE, 0x02, 0x10, 0x00, 0x00, 0x00, 0x0F, 0xC7, 0xDC, 0x0C, 0x30,
  0x30, 0xE0, 0xC3, 0x86, 0x06, 0x18, 0x1C, 0x60, 0x31, 0x00, 0xCC, 0x03,
  0xB0, 0x06, 0x80, 0x1E, 0x00, 0x78, 0x00, 0x40, 0x03, 0x00, 0x08, 0x00,
  0xE0, 0x0F, 0x00, 0x38, 0x00 };

const GFXglyph Merriweather_Regular12pt8bGlyphs[] PROGMEM = {
  {     0,   1,   1,   6,    0,    0 },   // 0x20 ' '
  {     1,   3,  21,   7,    2,  -20 },   // 0x21 '!'
  {     9,   9,   7,  12,    2,  -18 },   // 0x22 '"'
  {    17,  14,  18,  17,    1,  -17 },   // 0x23 '#'
  {    49,  12,  23,  16,    2,  -19 },   // 0x24 '$'
  {    84,  22,  18,  24,    1,  -17 },   // 0x25 '%'
  {   134,  16,  18,  18,    1,  -17 },   // 0x26 '&'
  {   170,   4,   7,   7,    2,  -18 },   // 0x27 '''
  {   174,   6,  23,  10,    2,  -18 },   // 0x28 '('
  {   192,   7,  24,  10,    2,  -19 },   // 0x29 ')'
  {   213,  11,  12,  15,    2,  -18 },   // 0x2A '*'
  {   230,  10,  11,  16,    3,  -12 },   // 0x2B '+'
  {   244,   4,   8,   6,    1,   -2 },   // 0x2C ','
  {   248,  10,   1,  14,    2,   -7 },   // 0x2D '-'
  {   250,   4,   3,   6,    1,   -2 },   // 0x2E '.'
  {   252,   7,  22,   9,    1,  -17 },   // 0x2F '/'
  {   272,  13,  18,  15,    1,  -17 },   // 0x30 '0'
  {   302,   9,  18,  11,    1,  -17 },   // 0x31 '1'
  {   323,  12,  18,  14,    1,  -17 },   // 0x32 '2'
  {   350,  11,  18,  13,    1,  -17 },   // 0x33 '3'
  {   375,  13,  18,  14,    1,  -17 },   // 0x34 '4'
  {   405,  10,  18,  14,    2,  -17 },   // 0x35 '5'
  {   428,  12,  18,  14,    1,  -17 },   // 0x36 '6'
  {   455,  12,  17,  13,    1,  -16 },   // 0x37 '7'
  {   481,  12,  18,  14,    1,  -17 },   // 0x38 '8'
  {   508,  12,  19,  14,    1,  -17 },   // 0x39 '9'
  {   537,   4,  13,   6,    1,  -12 },   // 0x3A ':'
  {   544,   4,  18,   6,    1,  -12 },   // 0x3B ';'
  {   553,  11,  13,  16,    2,  -12 },   // 0x3C '<'
  {   571,  10,   9,  16,    3,  -11 },   // 0x3D '='
  {   583,  11,  13,  16,    3,  -13 },   // 0x3E '>'
  {   601,  10,  21,  11,    1,  -20 },   // 0x3F '?'
  {   628,  20,  24,  24,    2,  -17 },   // 0x40 '@'
  {   688,  17,  18,  17,    0,  -17 },   // 0x41 'A'
  {   727,  14,  18,  16,    1,  -17 },   // 0x42 'B'
  {   759,  13,  18,  15,    1,  -17 },   // 0x43 'C'
  {   789,  16,  18,  18,    1,  -17 },   // 0x44 'D'
  {   825,  14,  17,  15,    1,  -16 },   // 0x45 'E'
  {   855,  13,  17,  14,    1,  -16 },   // 0x46 'F'
  {   883,  16,  18,  17,    1,  -17 },   // 0x47 'G'
  {   919,  17,  17,  19,    1,  -16 },   // 0x48 'H'
  {   956,   7,  17,   9,    1,  -16 },   // 0x49 'I'
  {   971,   8,  21,   9,    0,  -16 },   // 0x4A 'J'
  {   992,  16,  17,  17,    1,  -16 },   // 0x4B 'K'
  {  1026,  13,  17,  15,    1,  -16 },   // 0x4C 'L'
  {  1054,  23,  17,  23,    0,  -16 },   // 0x4D 'M'
  {  1103,  17,  17,  18,    1,  -16 },   // 0x4E 'N'
  {  1140,  15,  18,  17,    1,  -17 },   // 0x4F 'O'
  {  1174,  13,  18,  15,    1,  -17 },   // 0x50 'P'
  {  1204,  17,  22,  17,    1,  -17 },   // 0x51 'Q'
  {  1251,  15,  18,  16,    1,  -17 },   // 0x52 'R'
  {  1285,  11,  18,  14,    2,  -17 },   // 0x53 'S'
  {  1310,  16,  17,  16,    0,  -16 },   // 0x54 'T'
  {  1344,  16,  17,  17,    1,  -16 },   // 0x55 'U'
  {  1378,  16,  17,  16,    0,  -16 },   // 0x56 'V'
  {  1412,  24,  17,  23,    0,  -16 },   // 0x57 'W'
  {  1463,  17,  17,  17,    0,  -16 },   // 0x58 'X'
  {  1500,  15,  17,  15,    0,  -16 },   // 0x59 'Y'
  {  1532,  13,  18,  15,    1,  -17 },   // 0x5A 'Z'
  {  1562,   6,  22,  10,    2,  -18 },   // 0x5B '['
  {  1579,   8,  22,  10,    1,  -17 },   // 0x5C '\'
  {  1601,   5,  22,  10,    3,  -18 },   // 0x5D ']'
  {  1615,  12,  15,  16,    2,  -17 },   // 0x5E '^'
  {  1638,  12,   1,  12,    0,    2 },   // 0x5F '_'
  {  1640,   6,   6,  10,    2,  -20 },   // 0x60 '`'
  {  1645,  12,  13,  13,    0,  -12 },   // 0x61 'a'
  {  1665,  13,  19,  14,    0,  -18 },   // 0x62 'b'
  {  1696,  10,  13,  12,    1,  -12 },   // 0x63 'c'
  {  1713,  13,  19,  14,    1,  -18 },   // 0x64 'd'
  {  1744,  11,  13,  12,    1,  -12 },   // 0x65 'e'
  {  1762,   9,  20,   9,    1,  -19 },   // 0x66 'f'
  {  1785,  13,  19,  14,    1,  -12 },   // 0x67 'g'
  {  1816,  14,  19,  16,    1,  -18 },   // 0x68 'h'
  {  1850,   6,  19,   8,    1,  -18 },   // 0x69 'i'
  {  1865,   5,  25,   8,    0,  -18 },   // 0x6A 'j'
  {  1881,  14,  19,  15,    1,  -18 },   // 0x6B 'k'
  {  1915,   7,  19,   7,    0,  -18 },   // 0x6C 'l'
  {  1932,  22,  13,  23,    1,  -12 },   // 0x6D 'm'
  {  1968,  14,  13,  16,    1,  -12 },   // 0x6E 'n'
  {  1991,  12,  13,  14,    1,  -12 },   // 0x6F 'o'
  {  2011,  14,  19,  14,    0,  -12 },   // 0x70 'p'
  {  2045,  13,  19,  14,    1,  -12 },   // 0x71 'q'
  {  2076,   9,  13,  11,    1,  -12 },   // 0x72 'r'
  {  2091,  10,  13,  12,    1,  -12 },   // 0x73 's'
  {  2108,   9,  16,   9,    0,  -15 },   // 0x74 't'
  {  2126,  13,  13,  15,    1,  -12 },   // 0x75 'u'
  {  2148,  13,  13,  13,    0,  -12 },   // 0x76 'v'
  {  2170,  20,  13,  20,    0,  -12 },   // 0x77 'w'
  {  2203,  14,  13,  14,    0,  -12 },   // 0x78 'x'
  {  2226,  14,  19,  14,    0,  -12 },   // 0x79 'y'
  {  2260,  11,  13,  13,    1,  -12 },   // 0x7A 'z'
  {  2278,   9,  22,  12,    1,  -18 },   // 0x7B '{'
  {  2303,   2,  22,  10,    4,  -19 },   // 0x7C '|'
  {  2309,   9,  22,  12,    2,  -18 },   // 0x7D '}'
  {  2334,  10,   4,  14,    2,   -8 },   // 0x7E '~'
  {  2339,  16,  16,  20,    2,  -15 },   // 0x7F
  {  2371,  16,  16,  20,    2,  -15 },   // 0x80
  {  2403,  16,  16,  20,    2,  -15 },   // 0x81
  {  2435,  16,  16,  20,    2,  -15 },   // 0x82
  {  2467,  16,  16,  20,    2,  -15 },   // 0x83
  {  2499,  16,  16,  20,    2,  -15 },   // 0x84
  {  2531,  16,  16,  20,    2,  -15 },   // 0x85
  {  2563,  16,  16,  20,    2,  -15 },   // 0x86
  {  2595,  16,  16,  20,    2,  -15 },   // 0x87
  {  2627,  16,  16,  20,    2,  -15 },   // 0x88
  {  2659,  16,  16,  20,    2,  -15 },   // 0x89
  {  2691,  16,  16,  20,    2,  -15 },   // 0x8A
  {  2723,  16,  16,  20,    2,  -15 },   // 0x8B
  {  2755,  16,  16,  20,    2,  -15 },   // 0x8C
  {  2787,  16,  16,  20,    2,  -15 },   // 0x8D
  {  2819,  16,  16,  20,    2,  -15 },   // 0x8E
  {  2851,  16,  16,  20,    2,  -15 },   // 0x8F
  {  2883,  16,  16,  20,    2,  -15 },   // 0x90
  {  2915,  16,  16,  20,    2,  -15 },   // 0x91
  {  2947,  16,  16,  20,    2,  -15 },   // 0x92
  {  2979,  16,  16,  20,    2,  -15 },   // 0x93
  {  3011,  16,  16,  20,    2,  -15 },   // 0x94
  {  3043,  16,  16,  20,    2,  -15 },   // 0x95
  {  3075,  16,  16,  20,    2,  -15 },   // 0x96
  {  3107,  16,  16,  20,    2,  -15 },   // 0x97
  {  3139,  16,  16,  20,    2,  -15 },   // 0x98
  {  3171,  16,  16,  20,    2,  -15 },   // 0x99
  {  3203,  16,  16,  20,    2,  -15 },   // 0x9A
  {  3235,  16,  16,  20,    2,  -15 },   // 0x9B
  {  3267,  16,  16,  20,    2,  -15 },   // 0x9C
  {  3299,  16,  16,  20,    2,  -15 },   // 0x9D
  {  3331,  16,  16,  20,    2,  -15 },   // 0x9E
  {  3363,  16,  16,  20,    2,  -15 },   // 0x9F
  {  3395,   1,   1,   6,    0,    0 },   // 0xA0
  {  3396,   3,  22,   7,    2,  -17 },   // 0xA1
  {  3405,  10,  19,  13,    2,  -15 },   // 0xA2
  {  3429,  15,  18,  17,    1,  -17 },   // 0xA3
  {  3463,  13,  14,  17,    2,  -15 },   // 0xA4
  {  3486,  16,  17,  18,    1,  -16 },   // 0xA5
  {  3520,   2,  22,  10,    4,  -19 },   // 0xA6
  {  3526,  12,  21,  16,    2,  -18 },   // 0xA7
  {  3558,   8,   4,  12,    2,  -18 },   // 0xA8
  {  3562,  20,  21,  24,    2,  -21 },   // 0xA9
  {  3615,  10,  11,  11,    0,  -18 },   // 0xAA
  {  3629,  13,  12,  16,    1,  -12 },   // 0xAB
  {  3649,  12,   6,  16,    2,   -6 },   // 0xAC
  {  3658,  16,  16,  20,    2,  -15 },   // 0xAD
  {  3690,  20,  21,  24,    2,  -21 },   // 0xAE
  {  3743,   7,   1,  11,    2,  -16 },   // 0xAF
  {  3744,   9,   8,  11,    1,  -18 },   // 0xB0
  {  3753,  11,  13,  15,    2,  -12 },   // 0xB1
  {  3771,   9,  11,  10,    0,  -20 },   // 0xB2
  {  3784,   9,  11,   9,    0,  -20 },   // 0xB3
  {  3797,   6,   6,  10,    2,  -20 },   // 0xB4
  {  3802,  13,  17,  15,    1,  -12 },   // 0xB5
  {  3830,  15,  20,  17,    1,  -19 },   // 0xB6
  {  3868,   3,   3,   3,    0,  -10 },   // 0xB7
  {  3870,   5,   6,   9,    2,    1 },   // 0xB8
  {  3874,   7,  11,   7,    0,  -20 },   // 0xB9
  {  3884,   9,  11,  11,    1,  -18 },   // 0xBA
  {  3897,  13,  12,  16,    2,  -12 },   // 0xBB
  {  3917,  20,  20,  21,    0,  -18 },   // 0xBC
  {  3967,  21,  20,  22,    0,  -18 },   // 0xBD
  {  4020,  21,  20,  22,    0,  -18 },   // 0xBE
  {  4073,   9,  22,  11,    1,  -17 },   // 0xBF
  {  4098,  17,  23,  17,    0,  -22 },   // 0xC0
  {  4147,  17,  23,  17,    0,  -22 },   // 0xC1
  {  4196,  17,  23,  17,    0,  -22 },   // 0xC2
  {  4245,  17,  22,  17,    0,  -21 },   // 0xC3
  {  4292,  17,  22,  17,    0,  -21 },   // 0xC4
  {  4339,  17,  24,  17,    0,  -23 },   // 0xC5
  {  4390,  23,  17,  23,   -1,  -16 },   // 0xC6
  {  4439,  13,  24,  15,    1,  -17 },   // 0xC7
  {  4478,  14,  23,  15,    1,  -22 },   // 0xC8
  {  4519,  14,  23,  15,    1,  -22 },   // 0xC9
  {  4560,  14,  23,  15,    1,  -22 },   // 0xCA
  {  4601,  14,  22,  15,    1,  -21 },   // 0xCB
  {  4640,   7,  23,   9,    1,  -22 },   // 0xCC
  {  4661,   7,  23,   9,    1,  -22 },   // 0xCD
  {  4682,   8,  23,   9,    0,  -22 },   // 0xCE
  {  4705,   7,  22,   9,    1,  -21 },   // 0xCF
  {  4725,  16,  18,  18,    1,  -17 },   // 0xD0
  {  4761,  17,  22,  18,    1,  -21 },   // 0xD1
  {  4808,  15,  23,  17,    1,  -22 },   // 0xD2
  {  4852,  15,  23,  17,    1,  -22 },   // 0xD3
  {  4896,  15,  23,  17,    1,  -22 },   // 0xD4
  {  4940,  15,  22,  17,    1,  -21 },   // 0xD5
  {  4982,  15,  22,  17,    1,  -21 },   // 0xD6
  {  5024,  10,  11,  16,    3,  -12 },   // 0xD7
  {  5038,  15,  22,  17,    1,  -19 },   // 0xD8
  {  5080,  16,  23,  17,    1,  -22 },   // 0xD9
  {  5126,  16,  23,  17,    1,  -22 },   // 0xDA
  {  5172,  16,  23,  17,    1,  -22 },   // 0xDB
  {  5218,  16,  22,  17,    1,  -21 },   // 0xDC
  {  5262,  15,  23,  15,    0,  -22 },   // 0xDD
  {  5306,  13,  17,  15,    1,  -16 },   // 0xDE
  {  5334,  14,  18,  14,    0,  -17 },   // 0xDF
  {  5366,  12,  21,  13,    0,  -20 },   // 0xE0
  {  5398,  12,  21,  13,    0,  -20 },   // 0xE1
  {  5430,  12,  20,  13,    0,  -19 },   // 0xE2
  {  5460,  12,  18,  13,    0,  -17 },   // 0xE3
  {  5487,  12,  19,  13,    0,  -18 },   // 0xE4
  {  5516,  12,  21,  13,    0,  -20 },   // 0xE5
  {  5548,  19,  13,  20,    0,  -12 },   // 0xE6
  {  5579,  10,  19,  12,    1,  -12 },   // 0xE7
  {  5603,  11,  21,  12,    1,  -20 },   // 0xE8
  {  5632,  11,  21,  12,    1,  -20 },   // 0xE9
  {  5661,  11,  20,  12,    1,  -19 },   // 0xEA
  {  5689,  11,  19,  12,    1,  -18 },   // 0xEB
  {  5716,   7,  21,   8,    0,  -20 },   // 0xEC
  {  5735,   7,  21,   8,    1,  -20 },   // 0xED
  {  5754,   8,  20,   8,    0,  -19 },   // 0xEE
  {  5774,   8,  19,   8,    0,  -18 },   // 0xEF
  {  5793,  12,  21,  14,    1,  -20 },   // 0xF0
  {  5825,  14,  18,  16,    1,  -17 },   // 0xF1
  {  5857,  12,  21,  14,    1,  -20 },   // 0xF2
  {  5889,  12,  21,  14,    1,  -20 },   // 0xF3
  {  5921,  12,  20,  14,    1,  -19 },   // 0xF4
  {  5951,  12,  18,  14,    1,  -17 },   // 0xF5
  {  5978,  12,  19,  14,    1,  -18 },   // 0xF6
  {  6007,  10,  13,  16,    3,  -13 },   // 0xF7
  {  6024,  12,  17,  14,    1,  -14 },   // 0xF8
  {  6050,  13,  21,  15,    1,  -20 },   // 0xF9
  {  6085,  13,  21,  15,    1,  -20 },   // 0xFA
  {  6120,  13,  20,  15,    1,  -19 },   // 0xFB
  {  6153,  13,  19,  15,    1,  -18 },   // 0xFC
  {  6184,  14,  27,  14,    0,  -20 },   // 0xFD
  {  6232,  13,  25,  14,    0,  -18 },   // 0xFE
  {  6273,  14,  25,  14,    0,  -18 } }; // 0xFF

const GFXfont Merriweather_Regular12pt8b PROGMEM = {
  (uint8_t  *)Merriweather_Regular12pt8bBitmaps,
  (GFXglyph *)Merriweather_Regular12pt8bGlyphs,
  0x20, 0xFF, 30 };

// Approx. 7892 bytes

const uint8_t Merriweather_Regular13pt8bBitmaps[] PROGMEM = {
  0x00, 0xFF, 0xFF, 0xFF, 0xFF, 0xB6, 0xD2, 0x40, 0x0F, 0xF8, 0x73, 0xB9,
  0xD8, 0xCC, 0x6E, 0x76, 0x33, 0x19, 0x8C, 0x04, 0x10, 0x10, 0x40, 0xC3,
  0x03, 0x0C, 0x0C, 0x30, 0x30, 0xC7, 0xFF, 0xDF, 0xFF, 0x08, 0x20, 0x61,
  0x81, 0x86, 0x06, 0x18, 0x10, 0x47, 0xFF, 0xEF, 0xFF, 0x8C, 0x30, 0x30,
  0xC0, 0xC3, 0x02, 0x08, 0x08, 0x20, 0x03, 0x00, 0x18, 0x00, 0xC0, 0x3F,
  0xC3, 0x8F, 0x38, 0x39, 0x80, 0xCC, 0x06, 0x70, 0x03, 0x80, 0x1F, 0x00,
  0x7E, 0x00, 0xF8, 0x01, 0xF0, 0x07, 0xC0, 0x0E, 0x00, 0x3A, 0x01, 0xD8,
  0x0D, 0xC0, 0x6F, 0x0E, 0x3F, 0xE0, 0x18, 0x00, 0xC0, 0x06, 0x00, 0x0E,
  0x01, 0x80, 0x3F, 0x81, 0x80, 0x71, 0x83, 0x00, 0x61, 0xC3, 0x00, 0xE1,
  0xC6, 0x00, 0xE0, 0xC6, 0x00, 0xE1, 0xCC, 0x00, 0x61, 0xCC, 0x00, 0x61,
  0x8C, 0x7C, 0x3F, 0x18, 0xCE, 0x1E, 0x19, 0x87, 0x00, 0x31, 0x87, 0x00,
  0x33, 0x83, 0x00, 0x63, 0x83, 0x00, 0x61, 0x83, 0x00, 0x61, 0x87, 0x00,
  0xC1, 0xC6, 0x00, 0xC0, 0xFC, 0x01, 0x80, 0x00, 0x07, 0xC0, 0x03, 0x18,
  0x01, 0x83, 0x00, 0x60, 0xC0, 0x38, 0x30, 0x0E, 0x1C, 0x01, 0xC6, 0x00,
  0x73, 0x00, 0x0F, 0x80, 0x01, 0xC3, 0xF1, 0xF8, 0x30, 0xCE, 0x0C, 0x61,
  0xC3, 0x38, 0x39, 0x8E, 0x07, 0x61, 0x80, 0xF0, 0x70, 0x1C, 0x0F, 0x1F,
  0xC1, 0xFC, 0x78, 0x77, 0x66, 0xEC, 0xCC, 0x06, 0x18, 0x61, 0xC3, 0x0E,
  0x18, 0x70, 0xE1, 0x83, 0x06, 0x0C, 0x18, 0x30, 0x60, 0xE1, 0xC1, 0x83,
  0x07, 0x06, 0x06, 0x06, 0x0E, 0x04, 0xC0, 0xC1, 0xC1, 0xC1, 0x83, 0x83,
  0x06, 0x0E, 0x1C, 0x18, 0x30, 0x60, 0xC1, 0x83, 0x0E, 0x1C, 0x30, 0x61,
  0x83, 0x0C, 0x30, 0xC1, 0x00, 0x06, 0x00, 0x60, 0x46, 0x1E, 0x67, 0xF6,
  0xF3, 0xBC, 0x06, 0x01, 0xBC, 0x72, 0xFE, 0x67, 0x46, 0x10, 0x60, 0x06,
  0x00, 0x0E, 0x01, 0xC0, 0x38, 0x07, 0x00, 0xE1, 0xFF, 0xFF, 0xF8, 0x70,
  0x0E, 0x01, 0xC0, 0x38, 0x07, 0x00, 0x77, 0x73, 0x33, 0x64, 0xC0, 0xFF,
  0xFF, 0xF0, 0xFF, 0x80, 0x03, 0x07, 0x06, 0x06, 0x06, 0x06, 0x0C, 0x0C,
  0x0C, 0x0C, 0x1C, 0x18, 0x18, 0x18, 0x38, 0x30, 0x30, 0x30, 0x70, 0x60,
  0x60, 0x60, 0xE0, 0xC0, 0xC0, 0x07, 0xC0, 0x71, 0xC3, 0x83, 0x8C, 0x0E,
  0x70, 0x19, 0xC0, 0x76, 0x01, 0xF8, 0x07, 0xE0, 0x1F, 0x80, 0x7E, 0x01,
  0xF8, 0x07, 0x70, 0x1D, 0xC0, 0x77, 0x01, 0x9C, 0x0E, 0x38, 0x30, 0x71,
  0x80, 0xFC, 0x00, 0x0E, 0x0F, 0x8F, 0xE2, 0x38, 0x0E, 0x03, 0x80, 0xE0,
  0x38, 0x0E, 0x03, 0x80, 0xE0, 0x38, 0x0E, 0x03, 0x80, 0xE0, 0x38, 0x0E,
  0x03, 0x87, 0xFC, 0x1F, 0x83, 0xFE, 0x38, 0x39, 0x81, 0xE0, 0x07, 0x00,
  0x38, 0x01, 0xC0, 0x0C, 0x00, 0xE0, 0x06, 0x00, 0x70, 0x03, 0x00, 0x30,
  0x03, 0x80, 0x38, 0x03, 0x03, 0x30, 0x1F, 0xFF, 0xFF, 0xFC, 0x1F, 0x87,
  0xFC, 0xC0, 0xE0, 0x0E, 0x00, 0xE0, 0x0E, 0x01, 0xC0, 0x38, 0x0E, 0x01,
  0xFC, 0x00, 0xE0, 0x07, 0x00, 0x70, 0x07, 0x00, 0x70, 0x0E, 0x01, 0xE0,
  0x7C, 0xFF, 0x00, 0x03, 0x00, 0x0E, 0x00, 0x70, 0x01, 0xC0, 0x0E, 0x00,
  0x38, 0x01, 0xC0, 0x07, 0x00, 0x38, 0xE0, 0xE3, 0x83, 0x0E, 0x1C, 0x38,
  0xE0, 0xE3, 0x0F, 0xFF, 0xFF, 0xC0, 0x38, 0x00, 0xE0, 0x03, 0x80, 0x0E,
  0x00, 0x7F, 0xEF, 0xF9, 0x80, 0x30, 0x06, 0x01, 0x80, 0x30, 0x06, 0xF8,
  0xFF, 0xD0, 0x3C, 0x03, 0x80, 0x70, 0x0E, 0x01, 0xC0, 0x38, 0x0E, 0x03,
  0x81, 0xE3, 0xF0, 0x00, 0x00, 0x40, 0x0F, 0x01, 0xC0, 0x1C, 0x01, 0xC0,
  0x1C, 0x00, 0xE0, 0x0E, 0x00, 0x77, 0xE3, 0xE7, 0xBC, 0x0F, 0xC0, 0x7E,
  0x03, 0xF0, 0x1F, 0x80, 0xEC, 0x07, 0x70, 0x39, 0x81, 0x8E, 0x1C, 0x1F,
  0x80, 0xFF, 0xFF, 0xFF, 0xF8, 0x0D, 0x80, 0x6C, 0x07, 0x00, 0x30, 0x01,
  0x80, 0x1C, 0x00, 0xC0, 0x0E, 0x00, 0x70, 0x03, 0x00, 0x38, 0x01, 0x80,
  0x1C, 0x00, 0xE0, 0x0E, 0x00, 0x70, 0x07, 0x80, 0x0F, 0xC1, 0xC3, 0x0C,
  0x1C, 0xC0, 0x66, 0x03, 0x38, 0x19, 0xE0, 0xC7, 0x8C, 0x1F, 0x80, 0x7E,
  0x0E, 0xF8, 0xE1, 0xE6, 0x07, 0xF0, 0x1F, 0x80, 0xFC, 0x07, 0x60, 0x33,
  0xC7, 0x07, 0xF0, 0x0F, 0xC1, 0xC7, 0x1C, 0x1C, 0xC0, 0x6E, 0x03, 0xF0,
  0x1F, 0x80, 0xFC, 0x07, 0xE0, 0x3B, 0x81, 0xDC, 0x1E, 0x7F, 0x60, 0x67,
  0x00, 0x38, 0x03, 0x80, 0x18, 0x01, 0xC0, 0x1C, 0x03, 0x80, 0x30, 0x00,
  0x5F, 0xE0, 0x00, 0x00, 0x7F, 0xC0, 0x27, 0xF6, 0x00, 0x00, 0x00, 0x07,
  0xF7, 0x33, 0x26, 0x48, 0x00, 0x10, 0x07, 0x01, 0xE0, 0x78, 0x1E, 0x07,
  0x80, 0xE0, 0x0F, 0x00, 0x3C, 0x00, 0xF0, 0x03, 0xC0, 0x0F, 0x00, 0x30,
  0x01, 0xFF, 0xFF, 0xFC, 0x00, 0x00, 0x00, 0x00, 0x00, 0x00, 0x07, 0xFF,
  0xFF, 0xE0, 0x80, 0x0C, 0x00, 0xF0, 0x03, 0xC0, 0x0F, 0x00, 0x3C, 0x00,
  0xF0, 0x07, 0x01, 0xE0, 0x78, 0x1E, 0x07, 0x80, 0xE0, 0x08, 0x00, 0xFE,
  0x3F, 0xC0, 0x38, 0x07, 0x00, 0xC0, 0x30, 0x0C, 0x03, 0x01, 0xC0, 0xE0,
  0x70, 0x70, 0x18, 0x0E, 0x01, 0x80, 0x60, 0x18, 0x00, 0x00, 0x00, 0x00,
  0x1C, 0x0F, 0x01, 0xC0, 0x00, 0x7F, 0x80, 0x07, 0x0F, 0x80, 0x70, 0x07,
  0x03, 0x00, 0x0E, 0x18, 0x00, 0x18, 0xC0, 0x00, 0x33, 0x07, 0xD8, 0xD8,
  0x3F, 0xE3, 0x61, 0x83, 0x07, 0x0C, 0x0C, 0x1C, 0x30, 0x30, 0x70, 0xC1,
  0xC3, 0xC7, 0x07, 0x0F, 0x1C, 0x3C, 0x3C, 0x70, 0xE0, 0xB1, 0xC7, 0x86,
  0xC3, 0x36, 0x33, 0x0F, 0xDF, 0x8C, 0x1E, 0x38, 0x18, 0x00, 0x00, 0x60,
  0x00, 0x00, 0xC0, 0x00, 0x03, 0x80, 0x00, 0x07, 0x81, 0x80, 0x07, 0xFC,
  0x00, 0x00, 0xE0, 0x00, 0x78, 0x00, 0x1E, 0x00, 0x0D, 0xC0, 0x03, 0x70,
  0x00, 0xCC, 0x00, 0x63, 0x80, 0x18, 0xE0, 0x06, 0x1C, 0x03, 0x07, 0x00,
  0xC1, 0xC0, 0x30, 0x38, 0x1F, 0xFE, 0x07, 0xFF, 0x83, 0x80, 0x70, 0xC0,
  0x1C, 0x30, 0x07, 0x1C, 0x01, 0xEF, 0xC1, 0xFC, 0xFF, 0xF0, 0xF0, 0xF0,
  0xE0, 0x71, 0xC0, 0xE3, 0x81, 0xC7, 0x03, 0x8E, 0x07, 0x1C, 0x1C, 0x3F,
  0xE0, 0x7F, 0xF0, 0xE0, 0x71, 0xC0, 0x73, 0x80, 0xE7, 0x01, 0xCE, 0x03,
  0x9C, 0x07, 0x38, 0x1C, 0x70, 0x7B, 0xFF, 0xC0, 0x07, 0xFC, 0x1C, 0x38,
  0xE0, 0x31, 0x80, 0x67, 0x00, 0xDC, 0x00, 0x38, 0x00, 0x70, 0x00, 0xE0,
  0x01, 0xC0, 0x03, 0x80, 0x07, 0x00, 0x0E, 0x00, 0x1C, 0x00, 0x1C, 0x01,
  0xB8, 0x02, 0x38, 0x0C, 0x3C, 0x38, 0x3F, 0xE0, 0xFF, 0xF0, 0x3C, 0x3E,
  0x0E, 0x03, 0x87, 0x00, 0xE3, 0x80, 0x71, 0xC0, 0x1C, 0xE0, 0x0E, 0x70,
  0x07, 0x38, 0x03, 0x9C, 0x01, 0xCE, 0x00, 0xE7, 0x00, 0x73, 0x80, 0x39,
  0xC0, 0x18, 0xE0, 0x1C, 0x70, 0x0C, 0x38, 0x0E, 0x1C, 0x1C, 0x3F, 0xFC,
  0x00, 0xFF, 0xF8, 0xF1, 0xF0, 0xE0, 0x21, 0xC0, 0x43, 0x80, 0x07, 0x00,
  0x0E, 0x18, 0x1C, 0x30, 0x39, 0xE0, 0x7F, 0xC0, 0xE1, 0x81, 0xC3, 0x03,
  0x80, 0x07, 0x00, 0x0E, 0x01, 0x9C, 0x03, 0x38, 0x0E, 0x73, 0xFB, 0xFF,
  0xF0, 0xFF, 0xFD, 0xE3, 0xF3, 0x80, 0xCE, 0x03, 0x38, 0x00, 0xE0, 0x03,
  0x80, 0x0E, 0x08, 0x38, 0x20, 0xFF, 0x83, 0x82, 0x0E, 0x08, 0x38, 0x20,
  0xE0, 0x03, 0x80, 0x0E, 0x00, 0x38, 0x00, 0xE0, 0x0F, 0xF8, 0x00, 0x07,
  0xFC, 0x0F, 0x0F, 0x0E, 0x01, 0x8E, 0x00, 0xC7, 0x00, 0x67, 0x00, 0x03,
  0x80, 0x01, 0xC0, 0x00, 0xE0, 0x00, 0x70, 0x1F, 0xF8, 0x0F, 0xFC, 0x00,
  0xEE, 0x00, 0x77, 0x00, 0x39, 0xC0, 0x1C, 0xE0, 0x0E, 0x38, 0x07, 0x0F,
  0x0F, 0x81, 0xFE, 0x00, 0xFE, 0x0F, 0xDF, 0x03, 0xF3, 0x80, 0x30, 0xE0,
  0x0C, 0x38, 0x03, 0x0E, 0x00, 0xC3, 0x80, 0x30, 0xE0, 0x0C, 0x38, 0x03,
  0x0F, 0xFF, 0xC3, 0x80, 0x30, 0xE0, 0x0C, 0x38, 0x03, 0x0E, 0x00, 0xC3,
  0x80, 0x30, 0xE0, 0x0C, 0x38, 0x03, 0x0E, 0x00, 0xEF, 0xE0, 0xFC, 0xFE,
  0xFC, 0xE1, 0xC3, 0x87, 0x0E, 0x1C, 0x38, 0x70, 0xE1, 0xC3, 0x87, 0x0E,
  0x1C, 0x38, 0x73, 0xF8, 0x7F, 0x9F, 0x87, 0x03, 0x81, 0xC0, 0xE0, 0x70,
  0x38, 0x1C, 0x0E, 0x07, 0x03, 0x81, 0xC0, 0xE0, 0x70, 0x38, 0x1C, 0x0E,
  0x07, 0x03, 0x83, 0x83, 0x83, 0x81, 0x00, 0xFE, 0x3F, 0x3E, 0x0F, 0x8E,
  0x03, 0x07, 0x03, 0x03, 0x83, 0x01, 0xC3, 0x00, 0xE3, 0x00, 0x73, 0x00,
  0x39, 0xC0, 0x1D, 0xF0, 0x0F, 0xB8, 0x07, 0x8E, 0x03, 0x87, 0x81, 0xC1,
  0xC0, 0xE0, 0xF0, 0x70, 0x38, 0x38, 0x0E, 0x1C, 0x07, 0xBF, 0x81, 0xE0,
  0xFE, 0x01, 0xF0, 0x03, 0x80, 0x0E, 0x00, 0x38, 0x00, 0xE0, 0x03, 0x80,
  0x0E, 0x00, 0x38, 0x00, 0xE0, 0x03, 0x80, 0x0E, 0x00, 0x38, 0x00, 0xE0,
  0x13, 0x80, 0xCE, 0x03, 0x38, 0x0C, 0xFF, 0xFF, 0xFF, 0xC0, 0x7F, 0x00,
  0x7F, 0x1F, 0xC0, 0x7E, 0x03, 0xE0, 0x3E, 0x01, 0xB0, 0x1B, 0x00, 0xDC,
  0x09, 0x80, 0x6E, 0x0C, 0xC0, 0x23, 0x06, 0x60, 0x11, 0xC2, 0x38, 0x18,
  0xE3, 0x1C, 0x0C, 0x31, 0x8E, 0x06, 0x18, 0x87, 0x03, 0x0E, 0xC3, 0x81,
  0x83, 0x61, 0xC0, 0xC1, 0xB0, 0x60, 0x60, 0xF0, 0x30, 0x20, 0x78, 0x1C,
  0x30, 0x1C, 0x0E, 0x18, 0x0C, 0x07, 0x3F, 0x80, 0x0F, 0xE0, 0xF8, 0x0F,
  0xDF, 0x01, 0xE3, 0xC0, 0x10, 0xF8, 0x04, 0x37, 0x01, 0x0D, 0xC0, 0x43,
  0x38, 0x10, 0xCF, 0x04, 0x31, 0xC1, 0x0C, 0x38, 0x43, 0x0F, 0x10, 0xC1,
  0xC4, 0x30, 0x39, 0x0C, 0x0F, 0x43, 0x01, 0xD0, 0xC0, 0x3C, 0x30, 0x07,
  0x0C, 0x01, 0xCF, 0xC0, 0x30, 0x07, 0xF0, 0x0F, 0x1E, 0x0E, 0x07, 0x8E,
  0x01, 0xC7, 0x00, 0x73, 0x00, 0x3B, 0x80, 0x1D, 0xC0, 0x0E, 0xE0, 0x07,
  0xF0, 0x03, 0xF8, 0x01, 0xDC, 0x00, 0xEE, 0x00, 0x77, 0x00, 0x39, 0xC0,
  0x18, 0xE0, 0x1C, 0x38, 0x1C, 0x0E, 0x1C, 0x03, 0xF8, 0x00, 0xFF, 0xF0,
  0xF0, 0xF0, 0xE0, 0x71, 0xC0, 0xE3, 0x80, 0xE7, 0x01, 0xCE, 0x03, 0x9C,
  0x0E, 0x38, 0x1C, 0x70, 0x70, 0xE3, 0xC1, 0xFE, 0x03, 0x80, 0x07, 0x00,
  0x0E, 0x00, 0x1C, 0x00, 0x38, 0x00, 0x70, 0x03, 0xFC, 0x00, 0x07, 0xF0,
  0x03, 0xC7, 0x80, 0xE0, 0x78, 0x38, 0x07, 0x07, 0x00, 0x70, 0xC0, 0x0E,
  0x38, 0x01, 0xC7, 0x00, 0x38, 0xE0, 0x07, 0x9C, 0x00, 0xF3, 0x80, 0x1C,
  0x70, 0x03, 0x8E, 0x00, 0x71, 0xC0, 0x0E, 0x1C, 0x01, 0x83, 0x80, 0x70,
  0x38, 0x1C, 0x03, 0x87, 0x00, 0x3F, 0x80, 0x00, 0x1C, 0x00, 0x01, 0xE0,
  0x00, 0x1F, 0x00, 0x01, 0xF8, 0x00, 0x04, 0xFF, 0xF0, 0x3C, 0x7C, 0x0E,
  0x07, 0x07, 0x03, 0x83, 0x81, 0xC1, 0xC0, 0xE0, 0xE0, 0x70, 0x70, 0x38,
  0x38, 0x38, 0x1F, 0xF8, 0x0F, 0xF8, 0x07, 0x0E, 0x03, 0x83, 0x81, 0xC1,
  0xC0, 0xE0, 0x70, 0x70, 0x38, 0x38, 0x1E, 0x1C, 0x07, 0xBF, 0x81, 0xE0,
  0x1F, 0xC7, 0x0E, 0xE0, 0x6E, 0x06, 0xC0, 0x6E, 0x00, 0xF0, 0x07, 0x80,
  0x7E, 0x01, 0xF8, 0x07, 0xE0, 0x1E, 0x00, 0xF0, 0x07, 0xC0, 0x7C, 0x07,
  0xC0, 0x6E, 0x0E, 0x7F, 0x80, 0xFF, 0xFF, 0xFB, 0xBF, 0xC3, 0x83, 0xC3,
  0x83, 0xC3, 0x83, 0x83, 0x83, 0x83, 0x83, 0x03, 0x80, 0x03, 0x80, 0x03,
  0x80, 0x03, 0x80, 0x03, 0x80, 0x03, 0x80, 0x03, 0x80, 0x03, 0x80, 0x03,
  0x80, 0x03, 0x80, 0x03, 0x80, 0x1F, 0xF8, 0xFC, 0x0F, 0xFE, 0x07, 0xDC,
  0x00, 0xCE, 0x00, 0x67, 0x00, 0x33, 0x80, 0x19, 0xC0, 0x0C, 0xE0, 0x06,
  0x70, 0x03, 0x38, 0x01, 0x9C, 0x00, 0xCE, 0x00, 0x67, 0x00, 0x31, 0x80,
  0x30, 0xE0, 0x18, 0x70, 0x0C, 0x1C, 0x0C, 0x0F, 0x0C, 0x01, 0xFC, 0x00,
  0xFE, 0x07, 0xDF, 0x00, 0xF3, 0x80, 0x18, 0x70, 0x0C, 0x1C, 0x03, 0x07,
  0x01, 0x80, 0xE0, 0x60, 0x38, 0x18, 0x06, 0x0C, 0x01, 0xC3, 0x00, 0x70,
  0xC0, 0x0C, 0x60, 0x03, 0x98, 0x00, 0xE6, 0x00, 0x1B, 0x00, 0x07, 0xC0,
  0x01, 0xE0, 0x00, 0x38, 0x00, 0x0E, 0x00, 0xFE, 0x3F, 0xC7, 0xEF, 0x83,
  0xF0, 0x78, 0xE0, 0x38, 0x06, 0x0E, 0x03, 0x80, 0xC1, 0xC0, 0x70, 0x10,
  0x38, 0x1E, 0x06, 0x03, 0x03, 0xC0, 0xC0, 0x70, 0x5C, 0x10, 0x0E, 0x0B,
  0x86, 0x00, 0xC3, 0x30, 0xC0, 0x1C, 0x67, 0x18, 0x03, 0x88, 0xE2, 0x00,
  0x33, 0x0C, 0xC0, 0x06, 0x61, 0xD8, 0x00, 0xE8, 0x3A, 0x00, 0x1D, 0x03,
  0x40, 0x01, 0xE0, 0x68, 0x00, 0x38, 0x0F, 0x00, 0x07, 0x01, 0xC0, 0x00,
  0x7F, 0x1F, 0xDF, 0x83, 0xE1, 0xC0, 0x60, 0x38, 0x10, 0x0E, 0x0C, 0x01,
  0xC6, 0x00, 0x39, 0x00, 0x0E, 0xC0, 0x01, 0xE0, 0x00, 0x38, 0x00, 0x1E,
  0x00, 0x0D, 0xC0, 0x02, 0x38, 0x01, 0x8E, 0x00, 0xC1, 0xC0, 0x30, 0x38,
  0x18, 0x0E, 0x0E, 0x01, 0xCF, 0xE1, 0xFC, 0xFC, 0x1F, 0xFE, 0x07, 0x8E,
  0x01, 0x87, 0x01, 0x81, 0xC0, 0xC0, 0xE0, 0xC0, 0x38, 0xC0, 0x1C, 0x60,
  0x07, 0x60, 0x01, 0xB0, 0x00, 0xF0, 0x00, 0x38, 0x00, 0x1C, 0x00, 0x0E,
  0x00, 0x07, 0x00, 0x03, 0x80, 0x01, 0xC0, 0x00, 0xE0, 0x03, 0xFC, 0x00,
  0x7F, 0xFC, 0xF8, 0x39, 0x80, 0xE3, 0x03, 0xC4, 0x07, 0x00, 0x1C, 0x00,
  0x78, 0x00, 0xE0, 0x03, 0x80, 0x0F, 0x00, 0x1C, 0x00, 0x70, 0x01, 0xE0,
  0x03, 0x80, 0xCE, 0x01, 0x3C, 0x06, 0x70, 0x0D, 0xC7, 0xFB, 0xFF, 0xF0,
  0x7D, 0x8E, 0x38, 0xE3, 0x8E, 0x38, 0xE3, 0x8E, 0x38, 0xE3, 0x8E, 0x38,
  0xE3, 0x8E, 0x38, 0xE1, 0x87, 0xC0, 0xC0, 0x60, 0x38, 0x0C, 0x06, 0x03,
  0x00, 0xC0, 0x60, 0x30, 0x1C, 0x06, 0x03, 0x01, 0x80, 0x60, 0x30, 0x18,
  0x0E, 0x03, 0x01, 0x80, 0xC0, 0x30, 0x18, 0x0C, 0x07, 0x01, 0x80, 0xF8,
  0xC6, 0x31, 0x8C, 0x63, 0x18, 0xC6, 0x31, 0x8C, 0x63, 0x18, 0xC6, 0x31,
  0x8F, 0xE0, 0x07, 0x00, 0x38, 0x03, 0xC0, 0x1B, 0x00, 0xD8, 0x0E, 0xC0,
  0x63, 0x03, 0x18, 0x38, 0xC1, 0x83, 0x0C, 0x18, 0x60, 0xC6, 0x03, 0x30,
  0x19, 0x80, 0xD8, 0x07, 0xFF, 0xF8, 0x63, 0xC7, 0x8E, 0x0C, 0x10, 0x3F,
  0x8F, 0xFC, 0x80, 0xC0, 0x0E, 0x00, 0xE0, 0x1E, 0x3F, 0xE7, 0x0E, 0xE0,
  0xEC, 0x0E, 0xC0, 0xEE, 0x0E, 0xFF, 0xE7, 0xEF, 0x78, 0x03, 0xE0, 0x03,
  0x80, 0x0E, 0x00, 0x38, 0x00, 0xE0, 0x03, 0x88, 0x0E, 0xFC, 0x3E, 0x78,
  0xE0, 0xF3, 0x81, 0xCE, 0x07, 0x38, 0x1C, 0xE0, 0x73, 0x81, 0xCE, 0x07,
  0x38, 0x1C, 0xE0, 0x63, 0x83, 0x8E, 0x1C, 0x3F, 0xC0, 0x03, 0x03, 0xFC,
  0xC3, 0xB8, 0x36, 0x07, 0xC0, 0x38, 0x07, 0x00, 0xE0, 0x1C, 0x03, 0x80,
  0x78, 0x07, 0x02, 0x7F, 0xC7, 0xE0, 0x00, 0xF0, 0x07, 0xC0, 0x03, 0x00,
  0x0C, 0x00, 0x30, 0x00, 0xC0, 0x13, 0x07, 0xFC, 0x38, 0x71, 0xC0, 0xC6,
  0x03, 0x38, 0x0C, 0xE0, 0x33, 0x80, 0xCE, 0x03, 0x38, 0x0C, 0xE0, 0x33,
  0x80, 0xC7, 0x07, 0x1F, 0xFC, 0x1F, 0x3C, 0x02, 0x03, 0xF8, 0xC3, 0xB0,
  0x7E, 0x07, 0xC0, 0xF8, 0x1F, 0xFF, 0xE0, 0x1C, 0x03, 0x80, 0x70, 0x07,
  0x02, 0x7F, 0xC7, 0xF0, 0x07, 0x87, 0xC7, 0x23, 0x03, 0x81, 0xC0, 0xE1,
  0xFE, 0xFF, 0x1C, 0x0E, 0x07, 0x03, 0x81, 0xC0, 0xE0, 0x70, 0x38, 0x1C,
  0x0E, 0x07, 0x0F, 0xF0, 0x02, 0x04, 0x7F, 0xF7, 0x0F, 0xD8, 0x1C, 0x60,
  0x73, 0x81, 0xC6, 0x07, 0x1C, 0x18, 0x38, 0xC0, 0x7E, 0x03, 0x00, 0x18,
  0x00, 0x70, 0x01, 0xFF, 0xC3, 0xFF, 0x98, 0x0F, 0xE0, 0x1F, 0x00, 0x7E,
  0x01, 0xB8, 0x0C, 0x7F, 0xE0, 0x7E, 0x00, 0x70, 0x01, 0xE0, 0x00, 0xC0,
  0x01, 0x80, 0x03, 0x00, 0x06, 0x00, 0x0C, 0x00, 0x19, 0xF8, 0x3E, 0x78,
  0x70, 0x70, 0xC0, 0x61, 0x80, 0xC3, 0x01, 0x86, 0x03, 0x0C, 0x06, 0x18,
  0x0C, 0x30, 0x18, 0x60, 0x30, 0xC0, 0x61, 0x80, 0xCF, 0xC7, 0xE0, 0x38,
  0xF1, 0xE0, 0x00, 0x00, 0x3E, 0x7C, 0x38, 0x70, 0xE1, 0xC3, 0x87, 0x0E,
  0x1C, 0x38, 0x70, 0xE7, 0xF0, 0x1C, 0xF3, 0xC0, 0x00, 0x07, 0xDF, 0x1C,
  0x71, 0xC7, 0x1C, 0x71, 0xC7, 0x1C, 0x71, 0xC7, 0x1C, 0x71, 0x8E, 0x73,
  0x80, 0x70, 0x01, 0xE0, 0x00, 0xC0, 0x01, 0x80, 0x03, 0x00, 0x06, 0x00,
  0x0C, 0x00, 0x18, 0x7E, 0x30, 0x30, 0x60, 0xC0, 0xC3, 0x01, 0x8C, 0x03,
  0x38, 0x06, 0xF0, 0x0F, 0x70, 0x1C, 0x70, 0x30, 0xE0, 0x60, 0xE0, 0xC0,
  0xE1, 0x81, 0xCF, 0xC7, 0xE0, 0x73, 0xC3, 0x0C, 0x30, 0xC3, 0x0C, 0x30,
  0xC3, 0x0C, 0x30, 0xC3, 0x0C, 0x30, 0xC3, 0x0C, 0xFC, 0xF3, 0xF3, 0xF8,
  0xFF, 0x7F, 0x78, 0x38, 0x38, 0x1C, 0x30, 0x38, 0x1C, 0x30, 0x18, 0x1C,
  0x30, 0x18, 0x1C, 0x30, 0x18, 0x1C, 0x30, 0x18, 0x1C, 0x30, 0x18, 0x1C,
  0x30, 0x18, 0x1C, 0x30, 0x18, 0x1C, 0x30, 0x18, 0x1C, 0x30, 0x18, 0x1C,
  0xFC, 0x7E, 0x3F, 0xF3, 0xF1, 0xFC, 0xF0, 0xE0, 0xE1, 0x80, 0xC3, 0x01,
  0x86, 0x03, 0x8C, 0x07, 0x18, 0x0E, 0x30, 0x1C, 0x60, 0x38, 0xC0, 0x71,
  0x80, 0xE3, 0x01, 0xDF, 0x8F, 0xC0, 0x02, 0x00, 0xFE, 0x0E, 0x38, 0xE0,
  0xEE, 0x03, 0x70, 0x1F, 0x80, 0xFC, 0x07, 0xE0, 0x3F, 0x01, 0xF8, 0x0F,
  0xC0, 0x67, 0x07, 0x1C, 0x70, 0x7E, 0x00, 0x00, 0x83, 0xDF, 0x8F, 0xCF,
  0x1C, 0x0E, 0x70, 0x39, 0xC0, 0x77, 0x01, 0xDC, 0x07, 0x70, 0x1D, 0xC0,
  0x77, 0x01, 0x9C, 0x0E, 0x70, 0x31, 0xC3, 0x87, 0xFC, 0x1C, 0x00, 0x70,
  0x01, 0xC0, 0x07, 0x00, 0x1C, 0x00, 0xFE, 0x00, 0x01, 0x00, 0x7F, 0xC3,
  0x87, 0x1C, 0x0C, 0x60, 0x33, 0x80, 0xCE, 0x03, 0x38, 0x0C, 0xE0, 0x33,
  0x80, 0xCE, 0x03, 0x38, 0x0C, 0x70, 0x71, 0xF7, 0xC1, 0xF3, 0x00, 0x0C,
  0x00, 0x30, 0x00, 0xC0, 0x03, 0x00, 0x0C, 0x01, 0xFC, 0xF3, 0xFD, 0xF3,
  0xE4, 0xE0, 0x38, 0x0E, 0x03, 0x80, 0xE0, 0x38, 0x0E, 0x03, 0x80, 0xE0,
  0x38, 0x3F, 0xC0, 0x3F, 0xD8, 0x7E, 0x0F, 0x80, 0xF0, 0x1F, 0x03, 0xF0,
  0x7E, 0x03, 0xC0, 0x7C, 0x0F, 0x03, 0xE1, 0xDF, 0xE0, 0x18, 0x06, 0x01,
  0x80, 0xE0, 0xFF, 0xBF, 0xE3, 0x80, 0xE0, 0x38, 0x0E, 0x03, 0x80, 0xE0,
  0x38, 0x0E, 0x03, 0x80, 0xE0, 0x3F, 0xC7, 0xE0, 0xF0, 0xF1, 0xC0, 0xC7,
  0x03, 0x1C, 0x0C, 0x70, 0x31, 0xC0, 0xC7, 0x03, 0x1C, 0x0C, 0x70, 0x31,
  0xC0, 0xC7, 0x03, 0x1C, 0x1C, 0x3F, 0xF0, 0x7C, 0xF0, 0xFC, 0x7E, 0xE0,
  0x30, 0xC0, 0x61, 0xC1, 0xC3, 0x83, 0x03, 0x86, 0x07, 0x18, 0x06, 0x30,
  0x0E, 0x60, 0x1D, 0x80, 0x1B, 0x00, 0x3C, 0x00, 0x78, 0x00, 0x70, 0x00,
  0xFC, 0x38, 0x7D, 0xC1, 0xE0, 0xC3, 0x07, 0x83, 0x0C, 0x1F, 0x0C, 0x38,
  0x5C, 0x20, 0xE3, 0x31, 0x81, 0x8C, 0xC6, 0x07, 0x33, 0x90, 0x1D, 0x8E,
  0x40, 0x36, 0x1B, 0x00, 0xD8, 0x6C, 0x03, 0xC1, 0xA0, 0x07, 0x07, 0x80,
  0x1C, 0x0E, 0x00, 0x7E, 0x7E, 0x70, 0x30, 0x70, 0xC0, 0xF1, 0x80, 0xE6,
  0x00, 0xF8, 0x00, 0xE0, 0x01, 0xE0, 0x07, 0xC0, 0x19, 0xC0, 0x61, 0xC0,
  0xC3, 0xC3, 0x03, 0x9F, 0x9F, 0xC0, 0xFC, 0x3E, 0xE0, 0x30, 0xE0, 0x61,
  0xC0, 0xC3, 0x83, 0x03, 0x86, 0x07, 0x0C, 0x06, 0x30, 0x0E, 0x60, 0x1C,
  0xC0, 0x19, 0x00, 0x3E, 0x00, 0x3C, 0x00, 0x70, 0x00, 0x60, 0x00, 0xC0,
  0x03, 0x00, 0x0E, 0x00, 0xF8, 0x01, 0xE0, 0x00, 0x7F, 0xF6, 0x07, 0x40,
  0xE4, 0x1C, 0x03, 0x80, 0x78, 0x07, 0x00, 0xE0, 0x1C, 0x03, 0xC2, 0x38,
  0x37, 0x03, 0xE7, 0xFF, 0xFF, 0x02, 0x0F, 0xCE, 0x06, 0x03, 0x01, 0xC0,
  0xE0, 0x30, 0x18, 0x0C, 0x06, 0x1E, 0x0C, 0x03, 0x80, 0x60, 0x30, 0x18,
  0x0C, 0x0E, 0x07, 0x03, 0x01, 0x80, 0xE0, 0x3F, 0x06, 0x00, 0xFF, 0xFF,
  0xFF, 0xFF, 0xFF, 0xFF, 0x20, 0x7E, 0x03, 0x80, 0xC0, 0x60, 0x30, 0x38,
  0x18, 0x0C, 0x06, 0x03, 0x00, 0xF0, 0x18, 0x38, 0x30, 0x18, 0x0C, 0x06,
  0x03, 0x80, 0xC0, 0x60, 0x30, 0x39, 0xF8, 0x20, 0x00, 0x3C, 0x6F, 0xFF,
  0x0F, 0x00, 0xFF, 0xFF, 0xFF, 0xFF, 0xFF, 0xFF, 0xFF, 0xFF, 0xFF, 0xF3,
  0xF3, 0xFC, 0x78, 0xFF, 0x8E, 0x7F, 0xF1, 0x3F, 0xFE, 0x1F, 0xFF, 0xCF,
  0xFF, 0xC4, 0xFF, 0xE3, 0x1F, 0xF1, 0xE3, 0xFC, 0xFC, 0x7F, 0xFF, 0xBF,
  0xFF, 0xFF, 0xFF, 0xFF, 0xFF, 0xFF, 0xF0, 0xFF, 0xFF, 0xFF, 0xFF, 0xFF,
  0xFF, 0xFF, 0xFF, 0xFF, 0xF3, 0xF3, 0xFC, 0x78, 0xFF, 0x8E, 0x7F, 0xF1,
  0x3F, 0xFE, 0x1F, 0xFF, 0xCF, 0xFF, 0xC4, 0xFF, 0xE3, 0x1F, 0xF1, 0xE3,
  0xFC, 0xFC, 0x7F, 0xFF, 0xBF, 0xFF, 0xFF, 0xFF, 0xFF, 0xFF, 0xFF, 0xF0,
  0xFF, 0xFF, 0xFF, 0xFF, 0xFF, 0xFF, 0xFF, 0xFF, 0xFF, 0xF3, 0xF3, 0xFC,
  0x78, 0xFF, 0x8E, 0x7F, 0xF1, 0x3F, 0xFE, 0x1F, 0xFF, 0xCF, 0xFF, 0xC4,
  0xFF, 0xE3, 0x1F, 0xF1, 0xE3, 0xFC, 0xFC, 0x7F, 0xFF, 0xBF, 0xFF, 0xFF,
  0xFF, 0xFF, 0xFF, 0xFF, 0xF0, 0xFF, 0xFF, 0xFF, 0xFF, 0xFF, 0xFF, 0xFF,
  0xFF, 0xFF, 0xF3, 0xF3, 0xFC, 0x78, 0xFF, 0x8E, 0x7F, 0xF1, 0x3F, 0xFE,
  0x1F, 0xFF, 0xCF, 0xFF, 0xC4, 0xFF, 0xE3, 0x1F, 0xF1, 0xE3, 0xFC, 0xFC,
  0x7F, 0xFF, 0xBF, 0xFF, 0xFF, 0xFF, 0xFF, 0xFF, 0xFF, 0xF0, 0xFF, 0xFF,
  0xFF, 0xFF, 0xFF, 0xFF, 0xFF, 0xFF, 0xFF, 0xF3, 0xF3, 0xFC, 0x78, 0xFF,
  0x8E, 0x7F, 0xF1, 0x3F, 0xFE, 0x1F, 0xFF, 0xCF, 0xFF, 0xC4, 0xFF, 0xE3,
  0x1F, 0xF1, 0xE3, 0xFC, 0xFC, 0x7F, 0xFF, 0xBF, 0xFF, 0xFF, 0xFF, 0xFF,
  0xFF, 0xFF, 0xF0, 0xFF, 0xFF, 0xFF, 0xFF, 0xFF, 0xFF, 0xFF, 0xFF, 0xFF,
  0xF3, 0xF3, 0xFC, 0x78, 0xFF, 0x8E, 0x7F, 0xF1, 0x3F, 0xFE, 0x1F, 0xFF,
  0xCF, 0xFF, 0xC4, 0xFF, 0xE3, 0x1F, 0xF1, 0xE3, 0xFC, 0xFC, 0x7F, 0xFF,
  0xBF, 0xFF, 0xFF, 0xFF, 0xFF, 0xFF, 0xFF, 0xF0, 0xFF, 0xFF, 0xFF, 0xFF,
  0xFF, 0xFF, 0xFF, 0xFF, 0xFF, 0xF3, 0xF3, 0xFC, 0x78, 0xFF, 0x8E, 0x7F,
  0xF1, 0x3F, 0xFE, 0x1F, 0xFF, 0xCF, 0xFF, 0xC4, 0xFF, 0xE3, 0x1F, 0xF1,
  0xE3, 0xFC, 0xFC, 0x7F, 0xFF, 0xBF, 0xFF, 0xFF, 0xFF, 0xFF, 0xFF, 0xFF,
  0xF0, 0xFF, 0xFF, 0xFF, 0xFF, 0xFF, 0xFF, 0xFF, 0xFF, 0xFF, 0xF3, 0xF3,
  0xFC, 0x78, 0xFF, 0x8E, 0x7F, 0xF1, 0x3F, 0xFE, 0x1F, 0xFF, 0xCF, 0xFF,
  0xC4, 0xFF, 0xE3, 0x1F, 0xF1, 0xE3, 0xFC, 0xFC, 0x7F, 0xFF, 0xBF, 0xFF,
  0xFF, 0xFF, 0xFF, 0xFF, 0xFF, 0xF0, 0xFF, 0xFF, 0xFF, 0xFF, 0xFF, 0xFF,
  0xFF, 0xFF, 0xFF, 0xF3, 0xF3, 0xFC, 0x78, 0xFF, 0x8E, 0x7F, 0xF1, 0x3F,
  0xFE, 0x1F, 0xFF, 0xCF, 0xFF, 0xC4, 0xFF, 0xE3, 0x1F, 0xF1, 0xE3, 0xFC,
  0xFC, 0x7F, 0xFF, 0xBF, 0xFF, 0xFF, 0xFF, 0xFF, 0xFF, 0xFF, 0xF0, 0xFF,
  0xFF, 0xFF, 0xFF, 0xFF, 0xFF, 0xFF, 0xFF, 0xFF, 0xF3, 0xF3, 0xFC, 0x78,
  0xFF, 0x8E, 0x7F, 0xF1, 0x3F, 0xFE, 0x1F, 0xFF, 0xCF, 0xFF, 0xC4, 0xFF,
  0xE3, 0x1F, 0xF1, 0xE3, 0xFC, 0xFC, 0x7F, 0xFF, 0xBF, 0xFF, 0xFF, 0xFF,
  0xFF, 0xFF, 0xFF, 0xF0, 0xFF, 0xFF, 0xFF, 0xFF, 0xFF, 0xFF, 0xFF, 0xFF,
  0xFF, 0xF3, 0xF3, 0xFC, 0x78, 0xFF, 0x8E, 0x7F, 0xF1, 0x3F, 0xFE, 0x1F,
  0xFF, 0xCF, 0xFF, 0xC4, 0xFF, 0xE3, 0x1F, 0xF1, 0xE3, 0xFC, 0xFC, 0x7F,
  0xFF, 0xBF, 0xFF, 0xFF, 0xFF, 0xFF, 0xFF, 0xFF, 0xF0, 0xFF, 0xFF, 0xFF,
  0xFF, 0xFF, 0xFF, 0xFF, 0xFF, 0xFF, 0xF3, 0xF3, 0xFC, 0x78, 0xFF, 0x8E,
  0x7F, 0xF1, 0x3F, 0xFE, 0x1F, 0xFF, 0xCF, 0xFF, 0xC4, 0xFF, 0xE3, 0x1F,
  0xF1, 0xE3, 0xFC, 0xFC, 0x7F, 0xFF, 0xBF, 0xFF, 0xFF, 0xFF, 0xFF, 0xFF,
  0xFF, 0xF0, 0xFF, 0xFF, 0xFF, 0xFF, 0xFF, 0xFF, 0xFF, 0xFF, 0xFF, 0xF3,
  0xF3, 0xFC, 0x78, 0xFF, 0x8E, 0x7F, 0xF1, 0x3F, 0xFE, 0x1F, 0xFF, 0xCF,
  0xFF, 0xC4, 0xFF, 0xE3, 0x1F, 0xF1, 0xE3, 0xFC, 0xFC, 0x7F, 0xFF, 0xBF,
  0xFF, 0xFF, 0xFF, 0xFF, 0xFF, 0xFF, 0xF0, 0xFF, 0xFF, 0xFF, 0xFF, 0xFF,
  0xFF, 0xFF, 0xFF, 0xFF, 0xF3, 0xF3, 0xFC, 0x78, 0xFF, 0x8E, 0x7F, 0xF1,
  0x3F, 0xFE, 0x1F, 0xFF, 0xCF, 0xFF, 0xC4, 0xFF, 0xE3, 0x1F, 0xF1, 0xE3,
  0xFC, 0xFC, 0x7F, 0xFF, 0xBF, 0xFF, 0xFF, 0xFF, 0xFF, 0xFF, 0xFF, 0xF0,
  0xFF, 0xFF, 0xFF, 0xFF, 0xFF, 0xFF, 0xFF, 0xFF, 0xFF, 0xF3, 0xF3, 0xFC,
  0x78, 0xFF, 0x8E, 0x7F, 0xF1, 0x3F, 0xFE, 0x1F, 0xFF, 0xCF, 0xFF, 0xC4,
  0xFF, 0xE3, 0x1F, 0xF1, 0xE3, 0xFC, 0xFC, 0x7F, 0xFF, 0xBF, 0xFF, 0xFF,
  0xFF, 0xFF, 0xFF, 0xFF, 0xF0, 0xFF, 0xFF, 0xFF, 0xFF, 0xFF, 0xFF, 0xFF,
  0xFF, 0xFF, 0xF3, 0xF3, 0xFC, 0x78, 0xFF, 0x8E, 0x7F, 0xF1, 0x3F, 0xFE,
  0x1F, 0xFF, 0xCF, 0xFF, 0xC4, 0xFF, 0xE3, 0x1F, 0xF1, 0xE3, 0xFC, 0xFC,
  0x7F, 0xFF, 0xBF, 0xFF, 0xFF, 0xFF, 0xFF, 0xFF, 0xFF, 0xF0, 0xFF, 0xFF,
  0xFF, 0xFF, 0xFF, 0xFF, 0xFF, 0xFF, 0xFF, 0xF3, 0xF3, 0xFC, 0x78, 0xFF,
  0x8E, 0x7F, 0xF1, 0x3F, 0xFE, 0x1F, 0xFF, 0xCF, 0xFF, 0xC4, 0xFF, 0xE3,
  0x1F, 0xF1, 0xE3, 0xFC, 0xFC, 0x7F, 0xFF, 0xBF, 0xFF, 0xFF, 0xFF, 0xFF,
  0xFF, 0xFF, 0xF0, 0xFF, 0xFF, 0xFF, 0xFF, 0xFF, 0xFF, 0xFF, 0xFF, 0xFF,
  0xF3, 0xF3, 0xFC, 0x78, 0xFF, 0x8E, 0x7F, 0xF1, 0x3F, 0xFE, 0x1F, 0xFF,
  0xCF, 0xFF, 0xC4, 0xFF, 0xE3, 0x1F, 0xF1, 0xE3, 0xFC, 0xFC, 0x7F, 0xFF,
  0xBF, 0xFF, 0xFF, 0xFF, 0xFF, 0xFF, 0xFF, 0xF0, 0xFF, 0xFF, 0xFF, 0xFF,
  0xFF, 0xFF, 0xFF, 0xFF, 0xFF, 0xF3, 0xF3, 0xFC, 0x78, 0xFF, 0x8E, 0x7F,
  0xF1, 0x3F, 0xFE, 0x1F, 0xFF, 0xCF, 0xFF, 0xC4, 0xFF, 0xE3, 0x1F, 0xF1,
  0xE3, 0xFC, 0xFC, 0x7F, 0xFF, 0xBF, 0xFF, 0xFF, 0xFF, 0xFF, 0xFF, 0xFF,
  0xF0, 0xFF, 0xFF, 0xFF, 0xFF, 0xFF, 0xFF, 0xFF, 0xFF, 0xFF, 0xF3, 0xF3,
  0xFC, 0x78, 0xFF, 0x8E, 0x7F, 0xF1, 0x3F, 0xFE, 0x1F, 0xFF, 0xCF, 0xFF,
  0xC4, 0xFF, 0xE3, 0x1F, 0xF1, 0xE3, 0xFC, 0xFC, 0x7F, 0xFF, 0xBF, 0xFF,
  0xFF, 0xFF, 0xFF, 0xFF, 0xFF, 0xF0, 0xFF, 0xFF, 0xFF, 0xFF, 0xFF, 0xFF,
  0xFF, 0xFF, 0xFF, 0xF3, 0xF3, 0xFC, 0x78, 0xFF, 0x8E, 0x7F, 0xF1, 0x3F,
  0xFE, 0x1F, 0xFF, 0xCF, 0xFF, 0xC4, 0xFF, 0xE3, 0x1F, 0xF1, 0xE3, 0xFC,
  0xFC, 0x7F, 0xFF, 0xBF, 0xFF, 0xFF, 0xFF, 0xFF, 0xFF, 0xFF, 0xF0, 0xFF,
  0xFF, 0xFF, 0xFF, 0xFF, 0xFF, 0xFF, 0xFF, 0xFF, 0xF3, 0xF3, 0xFC, 0x78,
  0xFF, 0x8E, 0x7F, 0xF1, 0x3F, 0xFE, 0x1F, 0xFF, 0xCF, 0xFF, 0xC4, 0xFF,
  0xE3, 0x1F, 0xF1, 0xE3, 0xFC, 0xFC, 0x7F, 0xFF, 0xBF, 0xFF, 0xFF, 0xFF,
  0xFF, 0xFF, 0xFF, 0xF0, 0xFF, 0xFF, 0xFF, 0xFF, 0xFF, 0xFF, 0xFF, 0xFF,
  0xFF, 0xF3, 0xF3, 0xFC, 0x78, 0xFF, 0x8E, 0x7F, 0xF1, 0x3F, 0xFE, 0x1F,
  0xFF, 0xCF, 0xFF, 0xC4, 0xFF, 0xE3, 0x1F, 0xF1, 0xE3, 0xFC, 0xFC, 0x7F,
  0xFF, 0xBF, 0xFF, 0xFF, 0xFF, 0xFF, 0xFF, 0xFF, 0xF0, 0xFF, 0xFF, 0xFF,
  0xFF, 0xFF, 0xFF, 0xFF, 0xFF, 0xFF, 0xF3, 0xF3, 0xFC, 0x78, 0xFF, 0x8E,
  0x7F, 0xF1, 0x3F, 0xFE, 0x1F, 0xFF, 0xCF, 0xFF, 0xC4, 0xFF, 0xE3, 0x1F,
  0xF1, 0xE3, 0xFC, 0xFC, 0x7F, 0xFF, 0xBF, 0xFF, 0xFF, 0xFF, 0xFF, 0xFF,
  0xFF, 0xF0, 0xFF, 0xFF, 0xFF, 0xFF, 0xFF, 0xFF, 0xFF, 0xFF, 0xFF, 0xF3,
  0xF3, 0xFC, 0x78, 0xFF, 0x8E, 0x7F, 0xF1, 0x3F, 0xFE, 0x1F, 0xFF, 0xCF,
  0xFF, 0xC4, 0xFF, 0xE3, 0x1F, 0xF1, 0xE3, 0xFC, 0xFC, 0x7F, 0xFF, 0xBF,
  0xFF, 0xFF, 0xFF, 0xFF, 0xFF, 0xFF, 0xF0, 0xFF, 0xFF, 0xFF, 0xFF, 0xFF,
  0xFF, 0xFF, 0xFF, 0xFF, 0xF3, 0xF3, 0xFC, 0x78, 0xFF, 0x8E, 0x7F, 0xF1,
  0x3F, 0xFE, 0x1F, 0xFF, 0xCF, 0xFF, 0xC4, 0xFF, 0xE3, 0x1F, 0xF1, 0xE3,
  0xFC, 0xFC, 0x7F, 0xFF, 0xBF, 0xFF, 0xFF, 0xFF, 0xFF, 0xFF, 0xFF, 0xF0,
  0xFF, 0xFF, 0xFF, 0xFF, 0xFF, 0xFF, 0xFF, 0xFF, 0xFF, 0xF3, 0xF3, 0xFC,
  0x78, 0xFF, 0x8E, 0x7F, 0xF1, 0x3F, 0xFE, 0x1F, 0xFF, 0xCF, 0xFF, 0xC4,
  0xFF, 0xE3, 0x1F, 0xF1, 0xE3, 0xFC, 0xFC, 0x7F, 0xFF, 0xBF, 0xFF, 0xFF,
  0xFF, 0xFF, 0xFF, 0xFF, 0xF0, 0xFF, 0xFF, 0xFF, 0xFF, 0xFF, 0xFF, 0xFF,
  0xFF, 0xFF, 0xF3, 0xF3, 0xFC, 0x78, 0xFF, 0x8E, 0x7F, 0xF1, 0x3F, 0xFE,
  0x1F, 0xFF, 0xCF, 0xFF, 0xC4, 0xFF, 0xE3, 0x1F, 0xF1, 0xE3, 0xFC, 0xFC,
  0x7F, 0xFF, 0xBF, 0xFF, 0xFF, 0xFF, 0xFF, 0xFF, 0xFF, 0xF0, 0xFF, 0xFF,
  0xFF, 0xFF, 0xFF, 0xFF, 0xFF, 0xFF, 0xFF, 0xF3, 0xF3, 0xFC, 0x78, 0xFF,
  0x8E, 0x7F, 0xF1, 0x3F, 0xFE, 0x1F, 0xFF, 0xCF, 0xFF, 0xC4, 0xFF, 0xE3,
  0x1F, 0xF1, 0xE3, 0xFC, 0xFC, 0x7F, 0xFF, 0xBF, 0xFF, 0xFF, 0xFF, 0xFF,
  0xFF, 0xFF, 0xF0, 0xFF, 0xFF, 0xFF, 0xFF, 0xFF, 0xFF, 0xFF, 0xFF, 0xFF,
  0xF3, 0xF3, 0xFC, 0x78, 0xFF, 0x8E, 0x7F, 0xF1, 0x3F, 0xFE, 0x1F, 0xFF,
  0xCF, 0xFF, 0xC4, 0xFF, 0xE3, 0x1F, 0xF1, 0xE3, 0xFC, 0xFC, 0x7F, 0xFF,
  0xBF, 0xFF, 0xFF, 0xFF, 0xFF, 0xFF, 0xFF, 0xF0, 0xFF, 0xFF, 0xFF, 0xFF,
  0xFF, 0xFF, 0xFF, 0xFF, 0xFF, 0xF3, 0xF3, 0xFC, 0x78, 0xFF, 0x8E, 0x7F,
  0xF1, 0x3F, 0xFE, 0x1F, 0xFF, 0xCF, 0xFF, 0xC4, 0xFF, 0xE3, 0x1F, 0xF1,
  0xE3, 0xFC, 0xFC, 0x7F, 0xFF, 0xBF, 0xFF, 0xFF, 0xFF, 0xFF, 0xFF, 0xFF,
  0xF0, 0xFF, 0xFF, 0xFF, 0xFF, 0xFF, 0xFF, 0xFF, 0xFF, 0xFF, 0xF3, 0xF3,
  0xFC, 0x78, 0xFF, 0x8E, 0x7F, 0xF1, 0x3F, 0xFE, 0x1F, 0xFF, 0xCF, 0xFF,
  0xC4, 0xFF, 0xE3, 0x1F, 0xF1, 0xE3, 0xFC, 0xFC, 0x7F, 0xFF, 0xBF, 0xFF,
  0xFF, 0xFF, 0xFF, 0xFF, 0xFF, 0xF0, 0xFF, 0xFF, 0xFF, 0xFF, 0xFF, 0xFF,
  0xFF, 0xFF, 0xFF, 0xF3, 0xF3, 0xFC, 0x78, 0xFF, 0x8E, 0x7F, 0xF1, 0x3F,
  0xFE, 0x1F, 0xFF, 0xCF, 0xFF, 0xC4, 0xFF, 0xE3, 0x1F, 0xF1, 0xE3, 0xFC,
  0xFC, 0x7F, 0xFF, 0xBF, 0xFF, 0xFF, 0xFF, 0xFF, 0xFF, 0xFF, 0xF0, 0x00,
  0xFF, 0x80, 0x1B, 0x6D, 0xB6, 0xDB, 0xFF, 0xFF, 0xF8, 0x03, 0x00, 0x60,
  0x0C, 0x0F, 0xF3, 0x0E, 0xE0, 0xF8, 0x1F, 0x00, 0xE0, 0x1C, 0x03, 0x80,
  0x70, 0x0E, 0x01, 0xE0, 0x1C, 0x09, 0xFF, 0x1F, 0x80, 0xC0, 0x18, 0x02,
  0x00, 0x01, 0xF8, 0x01, 0xDF, 0x01, 0x81, 0x01, 0xC0, 0x00, 0xE0, 0x00,
  0x70, 0x00, 0x38, 0x00, 0x1C, 0x00, 0x7F, 0xE0, 0x07, 0x00, 0x03, 0x80,
  0x01, 0xC0, 0x00, 0xE0, 0x40, 0x70, 0x18, 0x30, 0x0E, 0x38, 0x06, 0x7C,
  0x07, 0x7F, 0xFF, 0x38, 0x3F, 0x00, 0x40, 0x07, 0x80, 0x37, 0x7D, 0x8F,
  0xFC, 0x18, 0x70, 0xC0, 0xE3, 0x01, 0x8C, 0x06, 0x30, 0x18, 0xE0, 0xC1,
  0xC7, 0x0F, 0xFE, 0x77, 0xDF, 0x80, 0x34, 0x00, 0x40, 0xFE, 0x1F, 0x9E,
  0x03, 0x87, 0x01, 0x83, 0xC1, 0x80, 0xE0, 0x80, 0x38, 0xC0, 0x1C, 0xC0,
  0x07, 0x60, 0x01, 0xE0, 0x1F, 0xFF, 0x80, 0x30, 0x00, 0x18, 0x00, 0x0C,
  0x01, 0xFF, 0xF8, 0xFF, 0xFC, 0x01, 0x80, 0x00, 0xC0, 0x00, 0x60, 0x01,
  0xFE, 0x00, 0xFF, 0xFF, 0xF0, 0x0F, 0xFF, 0xFF, 0x0F, 0xC1, 0xFF, 0x9C,
  0x0C, 0xC0, 0x66, 0x03, 0x38, 0x00, 0xF0, 0x07, 0xE0, 0x6F, 0xC6, 0x1F,
  0x30, 0x3D, 0xC0, 0x77, 0x03, 0xBE, 0x0C, 0xFC, 0xE1, 0xFE, 0x03, 0xE0,
  0x07, 0x90, 0x0C, 0xC0, 0x7E, 0x03, 0x70, 0x39, 0xFF, 0x80, 0xC0, 0x63,
  0xF1, 0xF8, 0xE0, 0x01, 0xFE, 0x00, 0x1C, 0x0E, 0x00, 0xC0, 0x0E, 0x06,
  0x00, 0x08, 0x30, 0x18, 0x30, 0x83, 0xF8, 0x66, 0x18, 0x60, 0x90, 0x60,
  0x83, 0x43, 0x00, 0x0F, 0x0C, 0x00, 0x3C, 0x30, 0x00, 0x70, 0xC0, 0x03,
  0x43, 0x00, 0x0D, 0x0E, 0x00, 0x36, 0x1C, 0x20, 0x88, 0x3F, 0x86, 0x30,
  0x10, 0x10, 0x60, 0x00, 0xC0, 0xC0, 0x0E, 0x01, 0xC0, 0x60, 0x01, 0xFF,
  0x00, 0x08, 0x1F, 0xCC, 0x30, 0x0E, 0x01, 0x83, 0xE7, 0x9B, 0x86, 0xC1,
  0xB0, 0x6E, 0x39, 0xF7, 0x04, 0x0C, 0x30, 0x61, 0x83, 0x0E, 0x18, 0x71,
  0xE3, 0x8F, 0x0E, 0x38, 0x38, 0x70, 0x70, 0xE0, 0xE1, 0xC1, 0x83, 0x83,
  0x07, 0x04, 0x08, 0xFF, 0xFF, 0xFF, 0xC0, 0x06, 0x00, 0x30, 0x01, 0x80,
  0x0C, 0x00, 0x60, 0xFF, 0xFF, 0xFF, 0xFF, 0xFF, 0xFF, 0xFF, 0xFF, 0xFF,
  0xF3, 0xF3, 0xFC, 0x78, 0xFF, 0x8E, 0x7F, 0xF1, 0x3F, 0xFE, 0x1F, 0xFF,
  0xCF, 0xFF, 0xC4, 0xFF, 0xE3, 0x1F, 0xF1, 0xE3, 0xFC, 0xFC, 0x7F, 0xFF,
  0xBF, 0xFF, 0xFF, 0xFF, 0xFF, 0xFF, 0xFF, 0xF0, 0x01, 0xFE, 0x00, 0x1C,
  0x0E, 0x00, 0xC0, 0x0E, 0x06, 0x00, 0x08, 0x30, 0x00, 0x30, 0x8F, 0xF8,
  0x66, 0x18, 0x70, 0x90, 0x60, 0xC3, 0x41, 0x83, 0x0F, 0x06, 0x1C, 0x3C,
  0x1F, 0xE0, 0x70, 0x7F, 0x03, 0x41, 0x8E, 0x0D, 0x06, 0x18, 0x36, 0x18,
  0x70, 0x88, 0xF8, 0xE6, 0x33, 0xE1, 0x90, 0x60, 0x00, 0xC0, 0xC0, 0x0E,
  0x01, 0xC0, 0x60, 0x01, 0xFF, 0x00, 0xFF, 0xFF, 0x7E, 0xE7, 0xC3, 0x81,
  0x83, 0xC3, 0xE7, 0x7E, 0x06, 0x00, 0x60, 0x06, 0x00, 0x60, 0x06, 0x0F,
  0xFF, 0xFF, 0xF0, 0x60, 0x06, 0x00, 0x60, 0x06, 0x00, 0x00, 0xFF, 0xEF,
  0xFE, 0x3F, 0x1F, 0xE4, 0x38, 0x06, 0x01, 0x80, 0xC0, 0x30, 0x18, 0x0C,
  0x06, 0x16, 0xFF, 0xFF, 0x7F, 0x73, 0x80, 0xE0, 0x60, 0x61, 0xE0, 0x5C,
  0x07, 0x01, 0x81, 0xC1, 0xCF, 0xC0, 0x08, 0x73, 0x9C, 0xE1, 0x00, 0xF0,
  0xF1, 0xC0, 0xC7, 0x03, 0x1C, 0x0C, 0x70, 0x31, 0xC0, 0xC7, 0x03, 0x1C,
  0x0C, 0x70, 0x31, 0xC0, 0xC7, 0x03, 0x1E, 0x1C, 0x7F, 0xF1, 0xFE, 0xF7,
  0x00, 0x1C, 0x00, 0x70, 0x01, 0xC0, 0x07, 0x00, 0x00, 0x1F, 0xFF, 0x3F,
  0x3C, 0x7F, 0x1C, 0x7F, 0x1C, 0xFF, 0x1C, 0xFF, 0x1C, 0xFF, 0x1C, 0x7F,
  0x1C, 0x7F, 0x1C, 0x3F, 0x1C, 0x1F, 0x1C, 0x03, 0x1C, 0x03, 0x1C, 0x03,
  0x1C, 0x03, 0x1C, 0x03, 0x1C, 0x03, 0x1C, 0x03, 0x1C, 0x03, 0x1C, 0x03,
  0x1C, 0x1F, 0x1F, 0xFF, 0xA0, 0x30, 0xC6, 0x3F, 0xF8, 0x1C, 0xFC, 0x9C,
  0x1C, 0x1C, 0x1C, 0x1C, 0x1C, 0x1C, 0x1C, 0x1C, 0x7F, 0x3F, 0x18, 0x6E,
  0x1F, 0x03, 0xC0, 0xF0, 0x3C, 0x0F, 0x83, 0xE1, 0xDC, 0x63, 0xF0, 0xC1,
  0x83, 0x83, 0x07, 0x0E, 0x0E, 0x1C, 0x1C, 0x38, 0x38, 0xF0, 0xE1, 0xC7,
  0x8F, 0x1C, 0x78, 0xE1, 0xC7, 0x0E, 0x30, 0x70, 0x40, 0x80, 0x00, 0x01,
  0x80, 0x70, 0x0C, 0x0F, 0xC0, 0x30, 0x27, 0x01, 0x80, 0x1C, 0x06, 0x00,
  0x70, 0x30, 0x01, 0xC0, 0xC0, 0x07, 0x06, 0x00, 0x1C, 0x18, 0x00, 0x70,
  0xC3, 0x81, 0xC3, 0x0C, 0x07, 0x08, 0x70, 0x7F, 0x61, 0x80, 0x01, 0x0E,
  0x00, 0x0C, 0x33, 0x00, 0x21, 0x8C, 0x01, 0x86, 0x30, 0x04, 0x3F, 0xF0,
  0x30, 0x03, 0x00, 0x80, 0x0C, 0x06, 0x00, 0x30, 0x38, 0x00, 0x00, 0x00,
  0x01, 0x80, 0x38, 0x06, 0x03, 0xF0, 0x0C, 0x04, 0xE0, 0x30, 0x01, 0xC0,
  0x60, 0x03, 0x81, 0x80, 0x07, 0x03, 0x00, 0x0E, 0x0C, 0x00, 0x1C, 0x18,
  0x00, 0x38, 0x63, 0xF0, 0x70, 0xCF, 0xF0, 0xE1, 0x10, 0xE7, 0xF6, 0x00,
  0xC0, 0x08, 0x01, 0x80, 0x30, 0x06, 0x00, 0x40, 0x0C, 0x01, 0x80, 0x30,
  0x02, 0x00, 0xC0, 0x0C, 0x03, 0x08, 0x10, 0x1B, 0xF0, 0x60, 0x7F, 0xE1,
  0xC0, 0x00, 0x00, 0x00, 0x00, 0xC0, 0xFE, 0x03, 0x03, 0x9C, 0x06, 0x00,
  0x1C, 0x18, 0x00, 0x30, 0x30, 0x00, 0xC0, 0xC0, 0x0F, 0x01, 0x80, 0x0B,
  0x86, 0x00, 0x03, 0x8C, 0x00, 0x03, 0x30, 0xE0, 0x0E, 0x61, 0x80, 0x38,
  0x87, 0x07, 0xE3, 0x0C, 0x00, 0x04, 0x38, 0x00, 0x18, 0x66, 0x00, 0x21,
  0x8C, 0x00, 0xC3, 0x18, 0x01, 0x0F, 0xFC, 0x06, 0x00, 0x60, 0x08, 0x00,
  0xC0, 0x30, 0x01, 0x80, 0xE0, 0x00, 0x00, 0x06, 0x03, 0xC0, 0xE0, 0x00,
  0x00, 0x00, 0x00, 0x60, 0x18, 0x07, 0x01, 0xC0, 0x70, 0x38, 0x1C, 0x0C,
  0x06, 0x03, 0x80, 0xC0, 0x30, 0x0E, 0x03, 0x80, 0x70, 0x0F, 0xF1, 0xFC,
  0x03, 0x00, 0x01, 0xC0, 0x00, 0x38, 0x00, 0x07, 0x00, 0x00, 0x40, 0x00,
  0x00, 0x00, 0x0E, 0x00, 0x07, 0x80, 0x01, 0xE0, 0x00, 0xDC, 0x00, 0x37,
  0x00, 0x0C, 0xC0, 0x06, 0x38, 0x01, 0x8E, 0x00, 0x61, 0xC0, 0x30, 0x70,
  0x0C, 0x1C, 0x03, 0x03, 0x81, 0xFF, 0xE0, 0x7F, 0xF8, 0x38, 0x07, 0x0C,
  0x01, 0xC3, 0x00, 0x71, 0xC0, 0x1E, 0xFC, 0x1F, 0xC0, 0x00, 0x10, 0x00,
  0x0E, 0x00, 0x07, 0x00, 0x03, 0x80, 0x00, 0x40, 0x00, 0x00, 0x00, 0x0E,
  0x00, 0x07, 0x80, 0x01, 0xE0, 0x00, 0xDC, 0x00, 0x37, 0x00, 0x0C, 0xC0,
  0x06, 0x38, 0x01, 0x8E, 0x00, 0x61, 0xC0, 0x30, 0x70, 0x0C, 0x1C, 0x03,
  0x03, 0x81, 0xFF, 0xE0, 0x7F, 0xF8, 0x38, 0x07, 0x0C, 0x01, 0xC3, 0x00,
  0x71, 0xC0, 0x1E, 0xFC, 0x1F, 0xC0, 0x00, 0xE0, 0x00, 0x7C, 0x00, 0x3B,
  0x80, 0x1C, 0x70, 0x02, 0x08, 0x00, 0x00, 0x00, 0x0E, 0x00, 0x07, 0x80,
  0x01, 0xE0, 0x00, 0xDC, 0x00, 0x37, 0x00, 0x0C, 0xC0, 0x06, 0x38, 0x01,
  0x8E, 0x00, 0x61, 0xC0, 0x30, 0x70, 0x0C, 0x1C, 0x03, 0x03, 0x81, 0xFF,
  0xE0, 0x7F, 0xF8, 0x38, 0x07, 0x0C, 0x01, 0xC3, 0x00, 0x71, 0xC0, 0x1E,
  0xFC, 0x1F, 0xC0, 0x03, 0x88, 0x00, 0xF6, 0x00, 0x67, 0x00, 0x00, 0x00,
  0x00, 0x00, 0x00, 0x38, 0x00, 0x1E, 0x00, 0x07, 0x80, 0x03, 0x70, 0x00,
  0xDC, 0x00, 0x33, 0x00, 0x18, 0xE0, 0x06, 0x38, 0x01, 0x87, 0x00, 0xC1,
  0xC0, 0x30, 0x70, 0x0C, 0x0E, 0x07, 0xFF, 0x81, 0xFF, 0xE0, 0xE0, 0x1C,
  0x30, 0x07, 0x0C, 0x01, 0xC7, 0x00, 0x7B, 0xF0, 0x7F, 0x03, 0x38, 0x01,
  0xCE, 0x00, 0x73, 0x80, 0x00, 0x00, 0x00, 0x00, 0x00, 0x38, 0x00, 0x1E,
  0x00, 0x07, 0x80, 0x03, 0x70, 0x00, 0xDC, 0x00, 0x33, 0x00, 0x18, 0xE0,
  0x06, 0x38, 0x01, 0x87, 0x00, 0xC1, 0xC0, 0x30, 0x70, 0x0C, 0x0E, 0x07,
  0xFF, 0x81, 0xFF, 0xE0, 0xE0, 0x1C, 0x30, 0x07, 0x0C, 0x01, 0xC7, 0x00,
  0x7B, 0xF0, 0x7F, 0x03, 0xE0, 0x00, 0x8C, 0x00, 0x63, 0x00, 0x08, 0xC0,
  0x03, 0x60, 0x00, 0x70, 0x00, 0x00, 0x00, 0x03, 0x80, 0x01, 0xE0, 0x00,
  0x78, 0x00, 0x37, 0x00, 0x0D, 0xC0, 0x03, 0x30, 0x01, 0x8E, 0x00, 0x63,
  0x80, 0x18, 0x70, 0x0C, 0x1C, 0x03, 0x07, 0x00, 0xC0, 0xE0, 0x7F, 0xF8,
  0x1F, 0xFE, 0x0E, 0x01, 0xC3, 0x00, 0x70, 0xC0, 0x1C, 0x70, 0x07, 0xBF,
  0x07, 0xF0, 0x03, 0xFF, 0xFE, 0x00, 0xF7, 0x0F, 0x80, 0x33, 0x80, 0xC0,
  0x19, 0xC0, 0x60, 0x0C, 0xE0, 0x00, 0x0C, 0x70, 0x00, 0x06, 0x38, 0x20,
  0x06, 0x1C, 0x10, 0x03, 0x0E, 0x38, 0x03, 0x87, 0xFC, 0x01, 0x83, 0x82,
  0x00, 0xC1, 0xC1, 0x00, 0xFF, 0xE0, 0x00, 0x7F, 0xF0, 0x00, 0x70, 0x38,
  0x02, 0x30, 0x1C, 0x03, 0x38, 0x0E, 0x01, 0x98, 0x07, 0x3F, 0xFF, 0x0F,
  0xFF, 0xE0, 0x07, 0xFC, 0x1C, 0x38, 0xE0, 0x31, 0x80, 0x67, 0x00, 0xDC,
  0x00, 0x38, 0x00, 0x70, 0x00, 0xE0, 0x01, 0xC0, 0x03, 0x80, 0x07, 0x00,
  0x0E, 0x00, 0x1C, 0x00, 0x1C, 0x01, 0xB8, 0x02, 0x38, 0x0C, 0x3C, 0x38,
  0x3F, 0xE0, 0x02, 0x00, 0x06, 0x00, 0x0C, 0x00, 0x18, 0x01, 0xF0, 0x03,
  0xC0, 0x0C, 0x00, 0x38, 0x00, 0x38, 0x00, 0x38, 0x00, 0x10, 0x00, 0x00,
  0x3F, 0xFE, 0x3C, 0x7C, 0x38, 0x08, 0x70, 0x10, 0xE0, 0x01, 0xC0, 0x03,
  0x86, 0x07, 0x0C, 0x0E, 0x78, 0x1F, 0xF0, 0x38, 0x60, 0x70, 0xC0, 0xE0,
  0x01, 0xC0, 0x03, 0x80, 0x67, 0x00, 0xCE, 0x03, 0x9C, 0xFE, 0xFF, 0xFC,
  0x00, 0x40, 0x01, 0xC0, 0x07, 0x00, 0x1C, 0x00, 0x10, 0x00, 0x00, 0x3F,
  0xFE, 0x3C, 0x7C, 0x38, 0x08, 0x70, 0x10, 0xE0, 0x01, 0xC0, 0x03, 0x86,
  0x07, 0x0C, 0x0E, 0x78, 0x1F, 0xF0, 0x38, 0x60, 0x70, 0xC0, 0xE0, 0x01,
  0xC0, 0x03, 0x80, 0x67, 0x00, 0xCE, 0x03, 0x9C, 0xFE, 0xFF, 0xFC, 0x03,
  0x80, 0x0F, 0x80, 0x3B, 0x80, 0xE3, 0x80, 0x82, 0x00, 0x00, 0x3F, 0xFE,
  0x3C, 0x7C, 0x38, 0x08, 0x70, 0x10, 0xE0, 0x01, 0xC0, 0x03, 0x86, 0x07,
  0x0C, 0x0E, 0x78, 0x1F, 0xF0, 0x38, 0x60, 0x70, 0xC0, 0xE0, 0x01, 0xC0,
  0x03, 0x80, 0x67, 0x00, 0xCE, 0x03, 0x9C, 0xFE, 0xFF, 0xFC, 0x0C, 0xE0,
  0x39, 0xC0, 0x73, 0x80, 0x00, 0x00, 0x00, 0x1F, 0xFF, 0x1E, 0x3E, 0x1C,
  0x04, 0x38, 0x08, 0x70, 0x00, 0xE0, 0x01, 0xC3, 0x03, 0x86, 0x07, 0x3C,
  0x0F, 0xF8, 0x1C, 0x30, 0x38, 0x60, 0x70, 0x00, 0xE0, 0x01, 0xC0, 0x33,
  0x80, 0x67, 0x01, 0xCE, 0x7F, 0x7F, 0xFE, 0x61, 0xC1, 0xC1, 0xC0, 0x80,
  0x3F, 0xBF, 0x38, 0x70, 0xE1, 0xC3, 0x87, 0x0E, 0x1C, 0x38, 0x70, 0xE1,
  0xC3, 0x87, 0x0E, 0x1C, 0xFE, 0x04, 0x1C, 0x71, 0xC1, 0x00, 0x3F, 0xBF,
  0x38, 0x70, 0xE1, 0xC3, 0x87, 0x0E, 0x1C, 0x38, 0x70, 0xE1, 0xC3, 0x87,
  0x0E, 0x1C, 0xFE, 0x1C, 0x1F, 0x1D, 0xDC, 0x74, 0x10, 0x01, 0xFC, 0x7E,
  0x1C, 0x0E, 0x07, 0x03, 0x81, 0xC0, 0xE0, 0x70, 0x38, 0x1C, 0x0E, 0x07,
  0x03, 0x81, 0xC0, 0xE0, 0x70, 0x38, 0x7F, 0x00, 0x67, 0xE7, 0xE7, 0x00,
  0x00, 0xFE, 0x7E, 0x38, 0x38, 0x38, 0x38, 0x38, 0x38, 0x38, 0x38, 0x38,
  0x38, 0x38, 0x38, 0x38, 0x38, 0x38, 0x38, 0xFE, 0xFF, 0xF0, 0x3C, 0x3E,
  0x0E, 0x03, 0x87, 0x00, 0xE3, 0x80, 0x71, 0xC0, 0x1C, 0xE0, 0x0E, 0x70,
  0x07, 0x38, 0x03, 0xFF, 0xC1, 0xCE, 0x00, 0xE7, 0x00, 0x73, 0x80, 0x39,
  0xC0, 0x18, 0xE0, 0x1C, 0x70, 0x0C, 0x38, 0x0E, 0x1C, 0x1C, 0x3F, 0xFC,
  0x00, 0x03, 0x88, 0x00, 0xF6, 0x00, 0x67, 0x00, 0x00, 0x00, 0x00, 0x00,
  0x3E, 0x03, 0xF7, 0xC0, 0x78, 0xF0, 0x04, 0x3E, 0x01, 0x0D, 0xC0, 0x43,
  0x70, 0x10, 0xCE, 0x04, 0x33, 0xC1, 0x0C, 0x70, 0x43, 0x0E, 0x10, 0xC3,
  0xC4, 0x30, 0x71, 0x0C, 0x0E, 0x43, 0x03, 0xD0, 0xC0, 0x74, 0x30, 0x0F,
  0x0C, 0x01, 0xC3, 0x00, 0x73, 0xF0, 0x0C, 0x06, 0x00, 0x07, 0x00, 0x01,
  0xC0, 0x00, 0x70, 0x00, 0x08, 0x00, 0x00, 0x00, 0x1F, 0xC0, 0x3C, 0x78,
  0x38, 0x1E, 0x38, 0x07, 0x1C, 0x01, 0xCC, 0x00, 0xEE, 0x00, 0x77, 0x00,
  0x3B, 0x80, 0x1F, 0xC0, 0x0F, 0xE0, 0x07, 0x70, 0x03, 0xB8, 0x01, 0xDC,
  0x00, 0xE7, 0x00, 0x63, 0x80, 0x70, 0xE0, 0x70, 0x38, 0x70, 0x0F, 0xE0,
  0x00, 0x00, 0x20, 0x00, 0x38, 0x00, 0x38, 0x00, 0x38, 0x00, 0x08, 0x00,
  0x00, 0x00, 0x1F, 0xC0, 0x3C, 0x78, 0x38, 0x1E, 0x38, 0x07, 0x1C, 0x01,
  0xCC, 0x00, 0xEE, 0x00, 0x77, 0x00, 0x3B, 0x80, 0x1F, 0xC0, 0x0F, 0xE0,
  0x07, 0x70, 0x03, 0xB8, 0x01, 0xDC, 0x00, 0xE7, 0x00, 0x63, 0x80, 0x70,
  0xE0, 0x70, 0x38, 0x70, 0x0F, 0xE0, 0x00, 0x01, 0xC0, 0x01, 0xF0, 0x01,
  0xDC, 0x01, 0xC7, 0x00, 0x41, 0x00, 0x00, 0x00, 0x1F, 0xC0, 0x3C, 0x78,
  0x38, 0x1E, 0x38, 0x07, 0x1C, 0x01, 0xCC, 0x00, 0xEE, 0x00, 0x77, 0x00,
  0x3B, 0x80, 0x1F, 0xC0, 0x0F, 0xE0, 0x07, 0x70, 0x03, 0xB8, 0x01, 0xDC,
  0x00, 0xE7, 0x00, 0x63, 0x80, 0x70, 0xE0, 0x70, 0x38, 0x70, 0x0F, 0xE0,
  0x00, 0x07, 0x10, 0x03, 0xD8, 0x03, 0x38, 0x00, 0x00, 0x00, 0x00, 0x00,
  0x3F, 0x80, 0x78, 0xF0, 0x70, 0x3C, 0x70, 0x0E, 0x38, 0x03, 0x98, 0x01,
  0xDC, 0x00, 0xEE, 0x00, 0x77, 0x00, 0x3F, 0x80, 0x1F, 0xC0, 0x0E, 0xE0,
  0x07, 0x70, 0x03, 0xB8, 0x01, 0xCE, 0x00, 0xC7, 0x00, 0xE1, 0xC0, 0xE0,
  0x70, 0xE0, 0x1F, 0xC0, 0x06, 0x70, 0x07, 0x38, 0x03, 0x9C, 0x00, 0x00,
  0x00, 0x00, 0x00, 0x3F, 0x80, 0x78, 0xF0, 0x70, 0x3C, 0x70, 0x0E, 0x38,
  0x03, 0x98, 0x01, 0xDC, 0x00, 0xEE, 0x00, 0x77, 0x00, 0x3F, 0x80, 0x1F,
  0xC0, 0x0E, 0xE0, 0x07, 0x70, 0x03, 0xB8, 0x01, 0xCE, 0x00, 0xC7, 0x00,
  0xE1, 0xC0, 0xE0, 0x70, 0xE0, 0x1F, 0xC0, 0x40, 0x5C, 0x1D, 0xC7, 0x1D,
  0xC1, 0xF0, 0x1C, 0x03, 0xC1, 0xDC, 0x71, 0xDC, 0x1F, 0x01, 0xA0, 0x20,
  0x00, 0x08, 0x00, 0x04, 0x01, 0xFC, 0x03, 0xC7, 0x83, 0x83, 0xE3, 0x81,
  0x71, 0xC0, 0x9C, 0xC0, 0x8E, 0xE0, 0x47, 0x70, 0x63, 0xB8, 0x21, 0xFC,
  0x10, 0xFE, 0x10, 0x77, 0x08, 0x3B, 0x84, 0x1D, 0xC4, 0x0E, 0x72, 0x06,
  0x3A, 0x07, 0x0F, 0x07, 0x03, 0x87, 0x00, 0xFE, 0x00, 0x40, 0x00, 0x40,
  0x00, 0x20, 0x00, 0x06, 0x00, 0x07, 0x00, 0x01, 0xC0, 0x00, 0x70, 0x00,
  0x08, 0x00, 0x00, 0x03, 0xF0, 0x3F, 0xF8, 0x1F, 0x70, 0x03, 0x38, 0x01,
  0x9C, 0x00, 0xCE, 0x00, 0x67, 0x00, 0x33, 0x80, 0x19, 0xC0, 0x0C, 0xE0,
  0x06, 0x70, 0x03, 0x38, 0x01, 0x9C, 0x00, 0xC6, 0x00, 0xC3, 0x80, 0x61,
  0xC0, 0x30, 0x70, 0x30, 0x3C, 0x30, 0x07, 0xF0, 0x00, 0x00, 0x20, 0x00,
  0x38, 0x00, 0x38, 0x00, 0x38, 0x00, 0x08, 0x00, 0x00, 0x03, 0xF0, 0x3F,
  0xF8, 0x1F, 0x70, 0x03, 0x38, 0x01, 0x9C, 0x00, 0xCE, 0x00, 0x67, 0x00,
  0x33, 0x80, 0x19, 0xC0, 0x0C, 0xE0, 0x06, 0x70, 0x03, 0x38, 0x01, 0x9C,
  0x00, 0xC6, 0x00, 0xC3, 0x80, 0x61, 0xC0, 0x30, 0x70, 0x30, 0x3C, 0x30,
  0x07, 0xF0, 0x00, 0x01, 0xC0, 0x01, 0xF0, 0x01, 0xDC, 0x01, 0xC7, 0x00,
  0x41, 0x00, 0x00, 0x03, 0xF0, 0x3F, 0xF8, 0x1F, 0x70, 0x03, 0x38, 0x01,
  0x9C, 0x00, 0xCE, 0x00, 0x67, 0x00, 0x33, 0x80, 0x19, 0xC0, 0x0C, 0xE0,
  0x06, 0x70, 0x03, 0x38, 0x01, 0x9C, 0x00, 0xC6, 0x00, 0xC3, 0x80, 0x61,
  0xC0, 0x30, 0x70, 0x30, 0x3C, 0x30, 0x07, 0xF0, 0x00, 0x06, 0x70, 0x07,
  0x38, 0x03, 0x9C, 0x00, 0x00, 0x00, 0x00, 0x07, 0xE0, 0x7F, 0xF0, 0x3E,
  0xE0, 0x06, 0x70, 0x03, 0x38, 0x01, 0x9C, 0x00, 0xCE, 0x00, 0x67, 0x00,
  0x33, 0x80, 0x19, 0xC0, 0x0C, 0xE0, 0x06, 0x70, 0x03, 0x38, 0x01, 0x8C,
  0x01, 0x87, 0x00, 0xC3, 0x80, 0x60, 0xE0, 0x60, 0x78, 0x60, 0x0F, 0xE0,
  0x00, 0x20, 0x00, 0x38, 0x00, 0x38, 0x00, 0x38, 0x00, 0x08, 0x00, 0x00,
  0x03, 0xF0, 0x7F, 0xF8, 0x1E, 0x38, 0x06, 0x1C, 0x06, 0x07, 0x03, 0x03,
  0x83, 0x00, 0xE3, 0x00, 0x71, 0x80, 0x1D, 0x80, 0x06, 0xC0, 0x03, 0xC0,
  0x00, 0xE0, 0x00, 0x70, 0x00, 0x38, 0x00, 0x1C, 0x00, 0x0E, 0x00, 0x07,
  0x00, 0x03, 0x80, 0x0F, 0xF0, 0x00, 0xFE, 0x00, 0xF8, 0x00, 0xE0, 0x01,
  0xC0, 0x03, 0xFF, 0x07, 0xDF, 0x0E, 0x07, 0x1C, 0x0E, 0x38, 0x0E, 0x70,
  0x1C, 0xE0, 0x71, 0xC0, 0xE3, 0x83, 0xC7, 0xFF, 0x0F, 0xF0, 0x1C, 0x00,
  0x38, 0x00, 0x70, 0x03, 0xFC, 0x00, 0x03, 0xF0, 0x0E, 0xF0, 0x30, 0x60,
  0xC0, 0xC3, 0x81, 0x87, 0x03, 0x0E, 0x0C, 0x1C, 0x30, 0x38, 0xE0, 0x71,
  0xC0, 0xE3, 0xC1, 0xC3, 0xC3, 0x83, 0xC7, 0x03, 0xCE, 0x03, 0x9C, 0x07,
  0x38, 0x0E, 0x70, 0x1C, 0xE4, 0xF7, 0xCF, 0xC0, 0x30, 0x07, 0x80, 0x3C,
  0x01, 0xC0, 0x06, 0x00, 0x20, 0x00, 0x00, 0x00, 0x3F, 0x8F, 0xFC, 0x80,
  0xC0, 0x0E, 0x00, 0xE0, 0x1E, 0x3F, 0xE7, 0x0E, 0xE0, 0xEC, 0x0E, 0xC0,
  0xEE, 0x0E, 0xFF, 0xE7, 0xEF, 0x00, 0x80, 0x1C, 0x03, 0x80, 0x70, 0x0E,
  0x00, 0x40, 0x00, 0x00, 0x00, 0x3F, 0x8F, 0xFC, 0x80, 0xC0, 0x0E, 0x00,
  0xE0, 0x1E, 0x3F, 0xE7, 0x0E, 0xE0, 0xEC, 0x0E, 0xC0, 0xEE, 0x0E, 0xFF,
  0xE7, 0xEF, 0x0E, 0x00, 0xF0, 0x1F, 0x03, 0x98, 0x30, 0xC6, 0x04, 0x00,
  0x00, 0x00, 0x3F, 0x8F, 0xFC, 0x80, 0xC0, 0x0E, 0x00, 0xE0, 0x1E, 0x3F,
  0xE7, 0x0E, 0xE0, 0xEC, 0x0E, 0xC0, 0xEE, 0x0E, 0xFF, 0xE7, 0xEF, 0x18,
  0x03, 0xCC, 0x67, 0xC2, 0x38, 0x00, 0x00, 0x00, 0x3F, 0x8F, 0xFC, 0x80,
  0xC0, 0x0E, 0x00, 0xE0, 0x1E, 0x3F, 0xE7, 0x0E, 0xE0, 0xEC, 0x0E, 0xC0,
  0xEE, 0x0E, 0xFF, 0xE7, 0xEF, 0x31, 0xC7, 0x1C, 0x71, 0xC0, 0x00, 0x00,
  0x00, 0x00, 0x3F, 0x8F, 0xFC, 0x80, 0xC0, 0x0E, 0x00, 0xE0, 0x1E, 0x3F,
  0xE7, 0x0E, 0xE0, 0xEC, 0x0E, 0xC0, 0xEE, 0x0E, 0xFF, 0xE7, 0xEF, 0x04,
  0x01, 0xF0, 0x31, 0x83, 0x18, 0x31, 0x81, 0xF0, 0x0E, 0x00, 0x00, 0x00,
  0x03, 0xF8, 0xFF, 0xC8, 0x0C, 0x00, 0xE0, 0x0E, 0x01, 0xE3, 0xFE, 0x70,
  0xEE, 0x0E, 0xC0, 0xEC, 0x0E, 0xE0, 0xEF, 0xFE, 0x7E, 0xF0, 0x00, 0x02,
  0x03, 0xF9, 0xFC, 0xFF, 0xF0, 0xE8, 0x0E, 0x0E, 0x00, 0xE0, 0x60, 0x0E,
  0x07, 0x01, 0xE0, 0x73, 0xFF, 0xFE, 0x70, 0xE0, 0x0E, 0x0E, 0x00, 0xC0,
  0xE0, 0x0C, 0x0E, 0x00, 0xE0, 0xF0, 0x2F, 0xF3, 0xFE, 0x7E, 0x1F, 0xC0,
  0x03, 0x03, 0xFC, 0xC3, 0xB8, 0x36, 0x07, 0xC0, 0x38, 0x07, 0x00, 0xE0,
  0x1C, 0x03, 0x80, 0x78, 0x07, 0x02, 0x7F, 0xC7, 0xE0, 0x10, 0x03, 0x00,
  0x60, 0x0C, 0x0F, 0x81, 0xE0, 0x18, 0x07, 0x80, 0x78, 0x07, 0x00, 0x30,
  0x02, 0x00, 0x00, 0x10, 0x1F, 0xC6, 0x1D, 0x83, 0xF0, 0x3E, 0x07, 0xC0,
  0xFF, 0xFF, 0x00, 0xE0, 0x1C, 0x03, 0x80, 0x38, 0x13, 0xFE, 0x3F, 0x80,
  0x00, 0x80, 0x38, 0x0E, 0x03, 0x80, 0xE0, 0x08, 0x00, 0x00, 0x10, 0x1F,
  0xC6, 0x1D, 0x83, 0xF0, 0x3E, 0x07, 0xC0, 0xFF, 0xFF, 0x00, 0xE0, 0x1C,
  0x03, 0x80, 0x38, 0x13, 0xFE, 0x3F, 0x80, 0x07, 0x00, 0xF0, 0x3E, 0x0E,
  0x61, 0x86, 0x60, 0x40, 0x00, 0x10, 0x1F, 0xC6, 0x1D, 0x83, 0xF0, 0x3E,
  0x07, 0xC0, 0xFF, 0xFF, 0x00, 0xE0, 0x1C, 0x03, 0x80, 0x38, 0x13, 0xFE,
  0x3F, 0x80, 0x18, 0xE7, 0x1C, 0xE3, 0x80, 0x00, 0x00, 0x04, 0x07, 0xF1,
  0x87, 0x60, 0xFC, 0x0F, 0x81, 0xF0, 0x3F, 0xFF, 0xC0, 0x38, 0x07, 0x00,
  0xE0, 0x0E, 0x04, 0xFF, 0x8F, 0xE0, 0x60, 0xF0, 0x78, 0x38, 0x0C, 0x04,
  0x00, 0x00, 0x7C, 0x7C, 0x1C, 0x1C, 0x1C, 0x1C, 0x1C, 0x1C, 0x1C, 0x1C,
  0x1C, 0x1C, 0x1C, 0x7F, 0x04, 0x1C, 0x71, 0xC7, 0x04, 0x00, 0x00, 0xF9,
  0xF0, 0xE1, 0xC3, 0x87, 0x0E, 0x1C, 0x38, 0x70, 0xE1, 0xC3, 0x9F, 0xC0,
  0x1C, 0x0F, 0x0F, 0x8E, 0x66, 0x1E, 0x04, 0x00, 0x00, 0x3E, 0x1F, 0x03,
  0x81, 0xC0, 0xE0, 0x70, 0x38, 0x1C, 0x0E, 0x07, 0x03, 0x81, 0xC0, 0xE1,
  0xFC, 0x63, 0xF1, 0xF8, 0xE0, 0x00, 0x00, 0x01, 0xF0, 0xF8, 0x1C, 0x0E,
  0x07, 0x03, 0x81, 0xC0, 0xE0, 0x70, 0x38, 0x1C, 0x0E, 0x07, 0x0F, 0xE0,
  0x02, 0x03, 0xB8, 0x07, 0x80, 0x1E, 0x01, 0xB8, 0x08, 0xE0, 0x03, 0x00,
  0x1C, 0x02, 0x70, 0xFF, 0x8E, 0x1C, 0xE0, 0x76, 0x03, 0xF0, 0x1F, 0x80,
  0xFC, 0x07, 0xE0, 0x3F, 0x01, 0xF8, 0x0C, 0xC0, 0xE7, 0x06, 0x1C, 0x70,
  0x7E, 0x00, 0x06, 0x00, 0x1E, 0x60, 0x67, 0xC0, 0x47, 0x00, 0x00, 0x00,
  0x00, 0x3C, 0xFC, 0x7F, 0x3C, 0x38, 0x38, 0x60, 0x30, 0xC0, 0x61, 0x80,
  0xE3, 0x01, 0xC6, 0x03, 0x8C, 0x07, 0x18, 0x0E, 0x30, 0x1C, 0x60, 0x38,
  0xC0, 0x77, 0xE3, 0xF0, 0x18, 0x01, 0xE0, 0x07, 0x80, 0x1C, 0x00, 0x30,
  0x00, 0x80, 0x00, 0x00, 0x40, 0x1F, 0xC1, 0xC7, 0x1C, 0x1D, 0xC0, 0x6E,
  0x03, 0xF0, 0x1F, 0x80, 0xFC, 0x07, 0xE0, 0x3F, 0x01, 0xF8, 0x0C, 0xE0,
  0xE3, 0x8E, 0x0F, 0xC0, 0x00, 0x40, 0x07, 0x00, 0x70, 0x07, 0x00, 0x70,
  0x01, 0x00, 0x00, 0x00, 0x40, 0x1F, 0xC1, 0xC7, 0x1C, 0x1D, 0xC0, 0x6E,
  0x03, 0xF0, 0x1F, 0x80, 0xFC, 0x07, 0xE0, 0x3F, 0x01, 0xF8, 0x0C, 0xE0,
  0xE3, 0x8E, 0x0F, 0xC0, 0x07, 0x00, 0x3C, 0x03, 0xE0, 0x39, 0x81, 0x86,
  0x18, 0x10, 0x00, 0x00, 0x40, 0x1F, 0xC1, 0xC7, 0x1C, 0x1D, 0xC0, 0x6E,
  0x03, 0xF0, 0x1F, 0x80, 0xFC, 0x07, 0xE0, 0x3F, 0x01, 0xF8, 0x0C, 0xE0,
  0xE3, 0x8E, 0x0F, 0xC0, 0x0C, 0x00, 0xF3, 0x0C, 0xF8, 0x23, 0x80, 0x00,
  0x01, 0x00, 0x7F, 0x07, 0x1C, 0x70, 0x77, 0x01, 0xB8, 0x0F, 0xC0, 0x7E,
  0x03, 0xF0, 0x1F, 0x80, 0xFC, 0x07, 0xE0, 0x33, 0x83, 0x8E, 0x38, 0x3F,
  0x00, 0x18, 0xE1, 0xC7, 0x0E, 0x38, 0x00, 0x00, 0x00, 0x01, 0x00, 0x7F,
  0x07, 0x1C, 0x70, 0x77, 0x01, 0xB8, 0x0F, 0xC0, 0x7E, 0x03, 0xF0, 0x1F,
  0x80, 0xFC, 0x07, 0xE0, 0x33, 0x83, 0x8E, 0x38, 0x3F, 0x00, 0x0E, 0x01,
  0xC0, 0x38, 0x00, 0x00, 0x00, 0x00, 0x3F, 0xFF, 0xFF, 0x00, 0x00, 0x00,
  0x10, 0x07, 0x00, 0xE0, 0x08, 0x00, 0x00, 0x20, 0x12, 0x07, 0xF0, 0x71,
  0xC7, 0x0F, 0x70, 0xDB, 0x84, 0xFC, 0x27, 0xE2, 0x3F, 0x11, 0xF9, 0x0F,
  0xC8, 0x7E, 0x83, 0x3C, 0x38, 0xE3, 0x83, 0xF0, 0x30, 0x01, 0x00, 0x00,
  0x18, 0x00, 0xF0, 0x01, 0xE0, 0x03, 0x80, 0x03, 0x00, 0x04, 0x00, 0x00,
  0x00, 0x00, 0xF0, 0xF1, 0xC0, 0xC7, 0x03, 0x1C, 0x0C, 0x70, 0x31, 0xC0,
  0xC7, 0x03, 0x1C, 0x0C, 0x70, 0x31, 0xC0, 0xC7, 0x03, 0x1C, 0x1C, 0x3F,
  0xF0, 0x7C, 0xF0, 0x00, 0x40, 0x03, 0x80, 0x1C, 0x00, 0xE0, 0x07, 0x00,
  0x08, 0x00, 0x00, 0x00, 0x00, 0xF0, 0xF1, 0xC0, 0xC7, 0x03, 0x1C, 0x0C,
  0x70, 0x31, 0xC0, 0xC7, 0x03, 0x1C, 0x0C, 0x70, 0x31, 0xC0, 0xC7, 0x03,
  0x1C, 0x1C, 0x3F, 0xF0, 0x7C, 0xF0, 0x07, 0x00, 0x1E, 0x00, 0xF8, 0x07,
  0x30, 0x18, 0x60, 0xC0, 0x80, 0x00, 0x00, 0x00, 0xF0, 0xF1, 0xC0, 0xC7,
  0x03, 0x1C, 0x0C, 0x70, 0x31, 0xC0, 0xC7, 0x03, 0x1C, 0x0C, 0x70, 0x31,
  0xC0, 0xC7, 0x03, 0x1C, 0x1C, 0x3F, 0xF0, 0x7C, 0xF0, 0x18, 0xE0, 0xE3,
  0x83, 0x8E, 0x00, 0x00, 0x00, 0x00, 0x00, 0x0F, 0x0F, 0x1C, 0x0C, 0x70,
  0x31, 0xC0, 0xC7, 0x03, 0x1C, 0x0C, 0x70, 0x31, 0xC0, 0xC7, 0x03, 0x1C,
  0x0C, 0x70, 0x31, 0xC1, 0xC3, 0xFF, 0x07, 0xCF, 0x00, 0x20, 0x00, 0xE0,
  0x03, 0x80, 0x0E, 0x00, 0x38, 0x00, 0x20, 0x00, 0x00, 0x00, 0x00, 0xFC,
  0x3E, 0xE0, 0x30, 0xE0, 0x61, 0xC0, 0xC3, 0x83, 0x03, 0x86, 0x07, 0x0C,
  0x06, 0x30, 0x0E, 0x60, 0x1C, 0xC0, 0x19, 0x00, 0x3E, 0x00, 0x3C, 0x00,
  0x70, 0x00, 0x60, 0x00, 0xC0, 0x03, 0x00, 0x0E, 0x00, 0xF8, 0x01, 0xE0,
  0x00, 0x78, 0x03, 0xE0, 0x03, 0x80, 0x0E, 0x00, 0x38, 0x00, 0xE0, 0x03,
  0x88, 0x0E, 0xFC, 0x3E, 0x78, 0xE0, 0xF3, 0x81, 0xCE, 0x07, 0x38, 0x1C,
  0xE0, 0x73, 0x81, 0xCE, 0x07, 0x38, 0x1C, 0xE0, 0x63, 0x83, 0x8E, 0x1C,
  0x3F, 0xC0, 0xE0, 0x03, 0x80, 0x0E, 0x00, 0x38, 0x00, 0xE0, 0x0F, 0xE0,
  0x00, 0x0C, 0x70, 0x38, 0xE0, 0x71, 0xC0, 0x00, 0x00, 0x00, 0x00, 0x00,
  0x3F, 0x0F, 0xB8, 0x0C, 0x38, 0x18, 0x70, 0x30, 0xE0, 0xC0, 0xE1, 0x81,
  0xC3, 0x01, 0x8C, 0x03, 0x98, 0x07, 0x30, 0x06, 0x40, 0x0F, 0x80, 0x0F,
  0x00, 0x1C, 0x00, 0x18, 0x00, 0x30, 0x00, 0xC0, 0x03, 0x80, 0x3E, 0x00,
  0x78, 0x00 };

const GFXglyph Merriweather_Regular13pt8bGlyphs[] PROGMEM = {
  {     0,   1,   1,   6,    0,    0 },   // 0x20 ' '
  {     1,   3,  23,   7,    2,  -22 },   // 0x21 '!'
  {    10,   9,   8,  13,    2,  -20 },   // 0x22 '"'
  {    19,  14,  20,  18,    2,  -19 },   // 0x23 '#'
  {    54,  13,  25,  17,    2,  -21 },   // 0x24 '$'
  {    95,  24,  19,  26,    1,  -18 },   // 0x25 '%'
  {   152,  18,  19,  19,    1,  -18 },   // 0x26 '&'
  {   195,   4,   8,   8,    2,  -20 },   // 0x27 '''
  {   199,   7,  26,  11,    2,  -20 },   // 0x28 '('
  {   222,   7,  26,  11,    2,  -20 },   // 0x29 ')'
  {   245,  12,  13,  16,    2,  -20 },   // 0x2A '*'
  {   265,  11,  12,  17,    3,  -13 },   // 0x2B '+'
  {   282,   4,   9,   6,    1,   -2 },   // 0x2C ','
  {   287,  10,   2,  15,    2,   -8 },   // 0x2D '-'
  {   290,   3,   3,   6,    2,   -2 },   // 0x2E '.'
  {   292,   8,  25,  10,    1,  -19 },   // 0x2F '/'
  {   317,  14,  19,  16,    1,  -18 },   // 0x30 '0'
  {   351,  10,  19,  12,    1,  -18 },   // 0x31 '1'
  {   375,  13,  19,  15,    1,  -18 },   // 0x32 '2'
  {   406,  12,  19,  15,    1,  -18 },   // 0x33 '3'
  {   435,  14,  19,  16,    1,  -18 },   // 0x34 '4'
  {   469,  11,  19,  15,    2,  -18 },   // 0x35 '5'
  {   496,  13,  20,  15,    1,  -19 },   // 0x36 '6'
  {   529,  13,  19,  15,    1,  -18 },   // 0x37 '7'
  {   560,  13,  19,  15,    1,  -18 },   // 0x38 '8'
  {   591,  13,  20,  15,    1,  -18 },   // 0x39 '9'
  {   624,   3,  14,   7,    2,  -13 },   // 0x3A ':'
  {   630,   4,  20,   7,    1,  -13 },   // 0x3B ';'
  {   640,  12,  14,  17,    2,  -13 },   // 0x3C '<'
  {   661,  11,   9,  17,    3,  -12 },   // 0x3D '='
  {   674,  12,  14,  17,    3,  -14 },   // 0x3E '>'
  {   695,  10,  23,  12,    1,  -22 },   // 0x3F '?'
  {   724,  22,  25,  26,    2,  -18 },   // 0x40 '@'
  {   793,  18,  19,  18,    0,  -18 },   // 0x41 'A'
  {   836,  15,  19,  17,    1,  -18 },   // 0x42 'B'
  {   872,  15,  19,  17,    1,  -18 },   // 0x43 'C'
  {   908,  17,  19,  19,    1,  -18 },   // 0x44 'D'
  {   949,  15,  19,  16,    1,  -18 },   // 0x45 'E'
  {   985,  14,  19,  16,    1,  -18 },   // 0x46 'F'
  {  1019,  17,  19,  18,    1,  -18 },   // 0x47 'G'
  {  1060,  18,  19,  20,    1,  -18 },   // 0x48 'H'
  {  1103,   7,  19,  10,    1,  -18 },   // 0x49 'I'
  {  1120,   9,  24,  10,    0,  -18 },   // 0x4A 'J'
  {  1147,  17,  19,  18,    1,  -18 },   // 0x4B 'K'
  {  1188,  14,  19,  16,    1,  -18 },   // 0x4C 'L'
  {  1222,  25,  19,  25,    0,  -18 },   // 0x4D 'M'
  {  1282,  18,  19,  20,    1,  -18 },   // 0x4E 'N'
  {  1325,  17,  19,  18,    1,  -18 },   // 0x4F 'O'
  {  1366,  15,  19,  16,    1,  -18 },   // 0x50 'P'
  {  1402,  19,  24,  18,    1,  -18 },   // 0x51 'Q'
  {  1459,  17,  19,  18,    1,  -18 },   // 0x52 'R'
  {  1500,  12,  19,  15,    2,  -18 },   // 0x53 'S'
  {  1529,  16,  19,  18,    1,  -18 },   // 0x54 'T'
  {  1567,  17,  19,  19,    1,  -18 },   // 0x55 'U'
  {  1608,  18,  19,  17,   -1,  -18 },   // 0x56 'V'
  {  1651,  27,  19,  25,   -1,  -18 },   // 0x57 'W'
  {  1716,  18,  19,  18,    0,  -18 },   // 0x58 'X'
  {  1759,  17,  19,  16,    0,  -18 },   // 0x59 'Y'
  {  1800,  15,  19,  16,    1,  -18 },   // 0x5A 'Z'
  {  1836,   6,  23,  11,    2,  -19 },   // 0x5B '['
  {  1854,   9,  25,  11,    1,  -19 },   // 0x5C '\'
  {  1883,   5,  23,  11,    3,  -19 },   // 0x5D ']'
  {  1898,  13,  16,  17,    2,  -18 },   // 0x5E '^'
  {  1924,  13,   1,  13,    0,    2 },   // 0x5F '_'
  {  1926,   6,   6,  11,    2,  -21 },   // 0x60 '`'
  {  1931,  12,  14,  14,    1,  -13 },   // 0x61 'a'
  {  1952,  14,  21,  15,    0,  -20 },   // 0x62 'b'
  {  1989,  11,  15,  13,    1,  -14 },   // 0x63 'c'
  {  2010,  14,  21,  15,    1,  -20 },   // 0x64 'd'
  {  2047,  11,  15,  13,    1,  -14 },   // 0x65 'e'
  {  2068,   9,  21,  10,    1,  -20 },   // 0x66 'f'
  {  2092,  14,  22,  15,    1,  -14 },   // 0x67 'g'
  {  2131,  15,  21,  17,    1,  -20 },   // 0x68 'h'
  {  2171,   7,  20,   8,    1,  -19 },   // 0x69 'i'
  {  2189,   6,  26,   8,    0,  -19 },   // 0x6A 'j'
  {  2209,  15,  21,  16,    1,  -20 },   // 0x6B 'k'
  {  2249,   6,  21,   8,    1,  -20 },   // 0x6C 'l'
  {  2265,  24,  14,  25,    1,  -13 },   // 0x6D 'm'
  {  2307,  15,  14,  17,    1,  -13 },   // 0x6E 'n'
  {  2334,  13,  15,  15,    1,  -14 },   // 0x6F 'o'
  {  2359,  14,  21,  16,    1,  -14 },   // 0x70 'p'
  {  2396,  14,  21,  15,    1,  -14 },   // 0x71 'q'
  {  2433,  10,  14,  11,    1,  -13 },   // 0x72 'r'
  {  2451,  10,  14,  12,    1,  -13 },   // 0x73 's'
  {  2469,  10,  18,  10,    0,  -17 },   // 0x74 't'
  {  2492,  14,  14,  16,    1,  -13 },   // 0x75 'u'
  {  2517,  15,  14,  14,    0,  -13 },   // 0x76 'v'
  {  2544,  22,  14,  21,    0,  -13 },   // 0x77 'w'
  {  2583,  15,  14,  15,    0,  -13 },   // 0x78 'x'
  {  2610,  15,  20,  15,    0,  -13 },   // 0x79 'y'
  {  2648,  12,  14,  14,    1,  -13 },   // 0x7A 'z'
  {  2669,   9,  25,  13,    2,  -20 },   // 0x7B '{'
  {  2698,   2,  24,  11,    4,  -21 },   // 0x7C '|'
  {  2704,   9,  25,  13,    2,  -20 },   // 0x7D '}'
  {  2733,  11,   3,  16,    2,   -8 },   // 0x7E '~'
  {  2738,  18,  18,  22,    2,  -17 },   // 0x7F
  {  2779,  18,  18,  22,    2,  -17 },   // 0x80
  {  2820,  18,  18,  22,    2,  -17 },   // 0x81
  {  2861,  18,  18,  22,    2,  -17 },   // 0x82
  {  2902,  18,  18,  22,    2,  -17 },   // 0x83
  {  2943,  18,  18,  22,    2,  -17 },   // 0x84
  {  2984,  18,  18,  22,    2,  -17 },   // 0x85
  {  3025,  18,  18,  22,    2,  -17 },   // 0x86
  {  3066,  18,  18,  22,    2,  -17 },   // 0x87
  {  3107,  18,  18,  22,    2,  -17 },   // 0x88
  {  3148,  18,  18,  22,    2,  -17 },   // 0x89
  {  3189,  18,  18,  22,    2,  -17 },   // 0x8A
  {  3230,  18,  18,  22,    2,  -17 },   // 0x8B
  {  3271,  18,  18,  22,    2,  -17 },   // 0x8C
  {  3312,  18,  18,  22,    2,  -17 },   // 0x8D
  {  3353,  18,  18,  22,    2,  -17 },   // 0x8E
  {  3394,  18,  18,  22,    2,  -17 },   // 0x8F
  {  3435,  18,  18,  22,    2,  -17 },   // 0x90
  {  3476,  18,  18,  22,    2,  -17 },   // 0x91
  {  3517,  18,  18,  22,    2,  -17 },   // 0x92
  {  3558,  18,  18,  22,    2,  -17 },   // 0x93
  {  3599,  18,  18,  22,    2,  -17 },   // 0x94
  {  3640,  18,  18,  22,    2,  -17 },   // 0x95
  {  3681,  18,  18,  22,    2,  -17 },   // 0x96
  {  3722,  18,  18,  22,    2,  -17 },   // 0x97
  {  3763,  18,  18,  22,    2,  -17 },   // 0x98
  {  3804,  18,  18,  22,    2,  -17 },   // 0x99
  {  3845,  18,  18,  22,    2,  -17 },   // 0x9A
  {  3886,  18,  18,  22,    2,  -17 },   // 0x9B
  {  3927,  18,  18,  22,    2,  -17 },   // 0x9C
  {  3968,  18,  18,  22,    2,  -17 },   // 0x9D
  {  4009,  18,  18,  22,    2,  -17 },   // 0x9E
  {  4050,  18,  18,  22,    2,  -17 },   // 0x9F
  {  4091,   1,   1,   6,    0,    0 },   // 0xA0
  {  4092,   3,  23,   7,    2,  -18 },   // 0xA1
  {  4101,  11,  20,  14,    2,  -16 },   // 0xA2
  {  4129,  17,  19,  19,    1,  -18 },   // 0xA3
  {  4170,  14,  15,  19,    2,  -16 },   // 0xA4
  {  4197,  17,  19,  20,    1,  -18 },   // 0xA5
  {  4238,   2,  24,  11,    4,  -21 },   // 0xA6
  {  4244,  13,  24,  17,    2,  -20 },   // 0xA7
  {  4283,   9,   3,  13,    2,  -19 },   // 0xA8
  {  4287,  22,  21,  26,    2,  -22 },   // 0xA9
  {  4345,  10,  12,  12,    1,  -20 },   // 0xAA
  {  4360,  14,  13,  17,    2,  -13 },   // 0xAB
  {  4383,  13,   7,  17,    2,   -7 },   // 0xAC
  {  4395,  18,  18,  22,    2,  -17 },   // 0xAD
  {  4436,  22,  21,  26,    2,  -22 },   // 0xAE
  {  4494,   8,   2,  12,    2,  -18 },   // 0xAF
  {  4496,   8,   8,  12,    2,  -19 },   // 0xB0
  {  4504,  12,  14,  16,    2,  -13 },   // 0xB1
  {  4525,  10,  12,  11,    0,  -22 },   // 0xB2
  {  4540,   9,  12,  10,    0,  -22 },   // 0xB3
  {  4554,   6,   6,  11,    2,  -21 },   // 0xB4
  {  4559,  14,  19,  16,    1,  -13 },   // 0xB5
  {  4593,  16,  21,  19,    1,  -20 },   // 0xB6
  {  4635,   3,   4,   3,    0,  -11 },   // 0xB7
  {  4637,   5,   6,  10,    2,    1 },   // 0xB8
  {  4641,   8,  12,   8,    0,  -22 },   // 0xB9
  {  4653,  10,  11,  12,    1,  -19 },   // 0xBA
  {  4667,  14,  13,  17,    2,  -13 },   // 0xBB
  {  4690,  22,  22,  23,    0,  -20 },   // 0xBC
  {  4751,  23,  22,  24,    0,  -20 },   // 0xBD
  {  4815,  23,  22,  24,    0,  -20 },   // 0xBE
  {  4879,  10,  23,  12,    1,  -18 },   // 0xBF
  {  4908,  18,  25,  18,    0,  -24 },   // 0xC0
  {  4965,  18,  25,  18,    0,  -24 },   // 0xC1
  {  5022,  18,  25,  18,    0,  -24 },   // 0xC2
  {  5079,  18,  24,  18,    0,  -23 },   // 0xC3
  {  5133,  18,  24,  18,    0,  -23 },   // 0xC4
  {  5187,  18,  26,  18,    0,  -25 },   // 0xC5
  {  5246,  25,  19,  25,   -1,  -18 },   // 0xC6
  {  5306,  15,  25,  17,    1,  -18 },   // 0xC7
  {  5353,  15,  25,  16,    1,  -24 },   // 0xC8
  {  5400,  15,  25,  16,    1,  -24 },   // 0xC9
  {  5447,  15,  25,  16,    1,  -24 },   // 0xCA
  {  5494,  15,  24,  16,    1,  -23 },   // 0xCB
  {  5539,   7,  25,  10,    1,  -24 },   // 0xCC
  {  5561,   7,  25,  10,    1,  -24 },   // 0xCD
  {  5583,   9,  25,  10,    0,  -24 },   // 0xCE
  {  5612,   8,  24,  10,    1,  -23 },   // 0xCF
  {  5636,  17,  19,  19,    1,  -18 },   // 0xD0
  {  5677,  18,  24,  20,    1,  -23 },   // 0xD1
  {  5731,  17,  25,  18,    1,  -24 },   // 0xD2
  {  5785,  17,  25,  18,    1,  -24 },   // 0xD3
  {  5839,  17,  25,  18,    1,  -24 },   // 0xD4
  {  5893,  17,  24,  18,    1,  -23 },   // 0xD5
  {  5944,  17,  24,  18,    1,  -23 },   // 0xD6
  {  5995,  11,  12,  17,    3,  -13 },   // 0xD7
  {  6012,  17,  24,  18,    1,  -20 },   // 0xD8
  {  6063,  17,  25,  19,    1,  -24 },   // 0xD9
  {  6117,  17,  25,  19,    1,  -24 },   // 0xDA
  {  6171,  17,  25,  19,    1,  -24 },   // 0xDB
  {  6225,  17,  24,  19,    1,  -23 },   // 0xDC
  {  6276,  17,  25,  16,    0,  -24 },   // 0xDD
  {  6330,  15,  19,  16,    1,  -18 },   // 0xDE
  {  6366,  15,  20,  16,    0,  -19 },   // 0xDF
  {  6404,  12,  22,  14,    1,  -21 },   // 0xE0
  {  6437,  12,  22,  14,    1,  -21 },   // 0xE1
  {  6470,  12,  22,  14,    1,  -21 },   // 0xE2
  {  6503,  12,  20,  14,    1,  -19 },   // 0xE3
  {  6533,  12,  20,  14,    1,  -19 },   // 0xE4
  {  6563,  12,  23,  14,    1,  -22 },   // 0xE5
  {  6598,  20,  15,  21,    1,  -14 },   // 0xE6
  {  6636,  11,  21,  13,    1,  -14 },   // 0xE7
  {  6665,  11,  22,  13,    1,  -21 },   // 0xE8
  {  6696,  11,  22,  13,    1,  -21 },   // 0xE9
  {  6727,  11,  22,  13,    1,  -21 },   // 0xEA
  {  6758,  11,  20,  13,    1,  -19 },   // 0xEB
  {  6786,   8,  22,   8,    0,  -21 },   // 0xEC
  {  6808,   7,  22,   8,    1,  -21 },   // 0xED
  {  6828,   9,  22,   8,   -1,  -21 },   // 0xEE
  {  6853,   9,  20,   8,    0,  -19 },   // 0xEF
  {  6876,  13,  23,  15,    1,  -22 },   // 0xF0
  {  6914,  15,  20,  17,    1,  -19 },   // 0xF1
  {  6952,  13,  22,  15,    1,  -21 },   // 0xF2
  {  6988,  13,  22,  15,    1,  -21 },   // 0xF3
  {  7024,  13,  22,  15,    1,  -21 },   // 0xF4
  {  7060,  13,  20,  15,    1,  -19 },   // 0xF5
  {  7093,  13,  20,  15,    1,  -19 },   // 0xF6
  {  7126,  11,  14,  17,    3,  -14 },   // 0xF7
  {  7146,  13,  18,  15,    1,  -15 },   // 0xF8
  {  7176,  14,  22,  16,    1,  -21 },   // 0xF9
  {  7215,  14,  22,  16,    1,  -21 },   // 0xFA
  {  7254,  14,  22,  16,    1,  -21 },   // 0xFB
  {  7293,  14,  20,  16,    1,  -19 },   // 0xFC
  {  7328,  15,  28,  15,    0,  -21 },   // 0xFD
  {  7381,  14,  27,  15,    0,  -20 },   // 0xFE
  {  7429,  15,  26,  15,    0,  -19 } }; // 0xFF

const GFXfont Merriweather_Regular13pt8b PROGMEM = {
  (uint8_t  *)Merriweather_Regular13pt8bBitmaps,
  (GFXglyph *)Merriweather_Regular13pt8bGlyphs,
  0x20, 0xFF, 32 };

// Approx. 9053 bytes

const uint8_t Merriweather_Regular14pt8bBitmaps[] PROGMEM = {
  0x00, 0xEE, 0xEE, 0xEE, 0xEE, 0x66, 0x66, 0x66, 0x66, 0x66, 0x00, 0x00,
  0xFF, 0xF0, 0x7B, 0xDC, 0xE7, 0x39, 0xCE, 0x63, 0x18, 0xC6, 0x33, 0x18,
  0xC6, 0x31, 0x80, 0x06, 0x08, 0x06, 0x08, 0x06, 0x18, 0x04, 0x18, 0x04,
  0x18, 0x0C, 0x18, 0x7F, 0xFF, 0x7F, 0xFF, 0x0C, 0x30, 0x08, 0x30, 0x08,
  0x30, 0x18, 0x30, 0x18, 0x20, 0xFF, 0xFE, 0xFF, 0xFE, 0x10, 0x60, 0x10,
  0x60, 0x10, 0x60, 0x30, 0x40, 0x30, 0x40, 0x30, 0xC0, 0x06, 0x00, 0x30,
  0x01, 0x80, 0x0E, 0x03, 0xFF, 0x38, 0x3B, 0x81, 0xDC, 0x06, 0xE0, 0x37,
  0x00, 0x3C, 0x00, 0xF0, 0x03, 0xE0, 0x0F, 0xC0, 0x1F, 0x00, 0x7E, 0x00,
  0xF0, 0x03, 0xF0, 0x0F, 0x80, 0x7C, 0x03, 0xE0, 0x3B, 0xC3, 0x8F, 0xF8,
  0x06, 0x00, 0x30, 0x01, 0x80, 0x00, 0x00, 0xE0, 0x07, 0xE0, 0x30, 0x03,
  0x9C, 0x0C, 0x01, 0xC3, 0x06, 0x00, 0x60, 0xE1, 0x80, 0x18, 0x38, 0xC0,
  0x0E, 0x0E, 0x30, 0x01, 0x83, 0x9C, 0x00, 0x60, 0xC6, 0x00, 0x1C, 0x31,
  0x87, 0x83, 0x98, 0xC7, 0xF8, 0x7C, 0x31, 0x86, 0x00, 0x18, 0xC1, 0xC0,
  0x06, 0x30, 0x70, 0x01, 0x8C, 0x1C, 0x00, 0xC3, 0x07, 0x00, 0x30, 0xC1,
  0xC0, 0x18, 0x38, 0x60, 0x06, 0x06, 0x38, 0x03, 0x00, 0xFC, 0x00, 0xC0,
  0x00, 0x00, 0x03, 0x80, 0x03, 0xF8, 0x01, 0x87, 0x00, 0xE1, 0xC0, 0x30,
  0x30, 0x0C, 0x0C, 0x03, 0x87, 0x00, 0xE1, 0x80, 0x1C, 0xC0, 0x07, 0x60,
  0x00, 0xF0, 0xFC, 0x7C, 0x1F, 0x77, 0x83, 0x38, 0xF0, 0xCC, 0x1E, 0x33,
  0x03, 0x98, 0xC0, 0x76, 0x38, 0x0F, 0x0F, 0x01, 0xE1, 0xE3, 0xFE, 0x1F,
  0xC7, 0x80, 0x7B, 0x9C, 0xE6, 0x31, 0x98, 0xC6, 0x00, 0x02, 0x07, 0x0C,
  0x1C, 0x18, 0x30, 0x70, 0x70, 0x60, 0xE0, 0xE0, 0xE0, 0xE0, 0xE0, 0xE0,
  0xE0, 0xE0, 0xE0, 0xE0, 0x60, 0x70, 0x70, 0x30, 0x38, 0x1C, 0x0C, 0x06,
  0x03, 0x40, 0xE0, 0x70, 0x38, 0x18, 0x1C, 0x0C, 0x0E, 0x0E, 0x06, 0x07,
  0x07, 0x07, 0x07, 0x07, 0x07, 0x07, 0x07, 0x07, 0x06, 0x0E, 0x0C, 0x0C,
  0x18, 0x38, 0x30, 0x60, 0xC0, 0x07, 0x00, 0x0C, 0x00, 0x30, 0x10, 0xC6,
  0xF3, 0x3D, 0xE9, 0xC1, 0xEC, 0x00, 0xC0, 0x1E, 0xE1, 0xED, 0xFF, 0x33,
  0x90, 0xC2, 0x03, 0x00, 0x0C, 0x00, 0x40, 0x00, 0x06, 0x00, 0x60, 0x06,
  0x00, 0x60, 0x06, 0x0F, 0xFF, 0xFF, 0xF0, 0x60, 0x06, 0x00, 0x60, 0x06,
  0x00, 0x60, 0x06, 0x00, 0x73, 0x9E, 0x63, 0x18, 0xCC, 0xC0, 0xFF, 0xFF,
  0xFC, 0xFF, 0x80, 0x03, 0x81, 0x80, 0xC0, 0xE0, 0x70, 0x30, 0x18, 0x1C,
  0x0E, 0x06, 0x03, 0x03, 0x81, 0xC0, 0xC0, 0x60, 0x30, 0x38, 0x18, 0x0C,
  0x06, 0x07, 0x03, 0x01, 0x80, 0xC0, 0xE0, 0x60, 0x00, 0x01, 0x80, 0x1F,
  0xE0, 0x70, 0xE1, 0xC0, 0xE3, 0x01, 0xCE, 0x03, 0xDC, 0x03, 0xB8, 0x07,
  0x70, 0x0F, 0xE0, 0x1F, 0xC0, 0x3F, 0x80, 0x7F, 0x00, 0xEE, 0x01, 0xDC,
  0x03, 0xB8, 0x07, 0x70, 0x1C, 0x70, 0x38, 0xE0, 0x60, 0xF3, 0x80, 0xFE,
  0x00, 0x06, 0x01, 0xC0, 0xF8, 0x7F, 0x08, 0xE0, 0x1C, 0x03, 0x80, 0x70,
  0x0E, 0x01, 0xC0, 0x38, 0x07, 0x00, 0xE0, 0x1C, 0x03, 0x80, 0x70, 0x0E,
  0x01, 0xC0, 0x38, 0x0F, 0xC7, 0xFE, 0x03, 0x00, 0xFF, 0x07, 0xFF, 0x38,
  0x1C, 0x40, 0x78, 0x00, 0xE0, 0x03, 0x80, 0x0E, 0x00, 0x70, 0x01, 0xC0,
  0x06, 0x00, 0x38, 0x01, 0xC0, 0x06, 0x00, 0x38, 0x01, 0xC0, 0x0E, 0x08,
  0x70, 0x33, 0x00, 0xFF, 0xFF, 0xFF, 0xF8, 0x02, 0x01, 0xFE, 0x3C, 0xF8,
  0x81, 0xE0, 0x07, 0x00, 0x38, 0x01, 0xC0, 0x1C, 0x01, 0xC0, 0x38, 0x07,
  0xF0, 0x01, 0xE0, 0x07, 0x80, 0x1C, 0x00, 0xE0, 0x07, 0x00, 0x78, 0x03,
  0x80, 0x39, 0x0F, 0x87, 0xF0, 0x00, 0x03, 0xC0, 0x07, 0x00, 0x0E, 0x00,
  0x38, 0x00, 0x70, 0x01, 0xC0, 0x03, 0x80, 0x0E, 0x00, 0x1C, 0x70, 0x70,
  0xE0, 0xE1, 0xC3, 0x83, 0x87, 0x07, 0x1C, 0x0E, 0x3F, 0xFF, 0xFF, 0xFF,
  0x00, 0x70, 0x00, 0xE0, 0x01, 0xC0, 0x03, 0x80, 0x00, 0x37, 0xFF, 0x7F,
  0xE6, 0x00, 0x60, 0x06, 0x00, 0x60, 0x0E, 0x00, 0xCF, 0x8F, 0xFE, 0xE1,
  0xE0, 0x0F, 0x00, 0x70, 0x07, 0x00, 0x70, 0x07, 0x00, 0xF0, 0x0E, 0x03,
  0xC0, 0xF8, 0xFE, 0x00, 0x00, 0xF0, 0x07, 0x00, 0x78, 0x03, 0x80, 0x1C,
  0x00, 0x70, 0x03, 0x80, 0x0E, 0x00, 0x77, 0xF1, 0xFB, 0xE7, 0x83, 0xFC,
  0x07, 0xF0, 0x1F, 0x80, 0x77, 0x01, 0xDC, 0x07, 0x70, 0x1D, 0xC0, 0x73,
  0x83, 0x87, 0x1C, 0x0F, 0xE0, 0x7F, 0xFF, 0xFF, 0xEE, 0x01, 0xB0, 0x0E,
  0xC0, 0x30, 0x00, 0xC0, 0x07, 0x00, 0x18, 0x00, 0xE0, 0x03, 0x80, 0x0C,
  0x00, 0x70, 0x01, 0xC0, 0x0E, 0x00, 0x38, 0x00, 0xE0, 0x07, 0x00, 0x1C,
  0x00, 0xF0, 0x03, 0x80, 0x03, 0x80, 0x7F, 0x83, 0x83, 0x8C, 0x0E, 0x70,
  0x19, 0xC0, 0x67, 0x01, 0x8E, 0x0E, 0x3E, 0x30, 0x7F, 0x80, 0xFC, 0x07,
  0xFC, 0x30, 0xF9, 0x81, 0xE6, 0x03, 0xF8, 0x07, 0xE0, 0x1D, 0x80, 0x77,
  0x03, 0x8E, 0x1C, 0x1F, 0xE0, 0x03, 0x80, 0x7F, 0x83, 0x87, 0x1C, 0x0E,
  0x70, 0x3B, 0x80, 0x7E, 0x01, 0xF8, 0x07, 0xE0, 0x1F, 0x80, 0x77, 0x01,
  0xDC, 0x0F, 0x3F, 0xDC, 0x7E, 0xE0, 0x03, 0x80, 0x1C, 0x00, 0x70, 0x03,
  0x80, 0x1C, 0x00, 0xE0, 0x0F, 0x00, 0x70, 0x00, 0x5F, 0xF0, 0x00, 0x00,
  0x0F, 0xF8, 0x27, 0x77, 0x00, 0x00, 0x00, 0x00, 0x77, 0x73, 0x33, 0x66,
  0xC0, 0x00, 0x08, 0x01, 0xC0, 0x3E, 0x07, 0xC0, 0xF0, 0x1E, 0x03, 0xC0,
  0x1C, 0x00, 0x78, 0x00, 0xF0, 0x01, 0xE0, 0x03, 0xC0, 0x07, 0x80, 0x0C,
  0x00, 0x20, 0xFF, 0xFF, 0xFF, 0x00, 0x00, 0x00, 0x00, 0x00, 0x00, 0x00,
  0x00, 0x00, 0xFF, 0xFF, 0xFF, 0x80, 0x07, 0x00, 0x3E, 0x00, 0x78, 0x00,
  0xF0, 0x01, 0xE0, 0x03, 0xC0, 0x07, 0x00, 0x78, 0x0F, 0x01, 0xE0, 0x3C,
  0x07, 0x80, 0x78, 0x03, 0x00, 0x00, 0x7C, 0x1F, 0xF2, 0x1F, 0x00, 0xF0,
  0x0E, 0x01, 0xC0, 0x18, 0x03, 0x00, 0xE0, 0x18, 0x07, 0x03, 0x80, 0xE0,
  0x38, 0x06, 0x00, 0xC0, 0x18, 0x03, 0x00, 0x10, 0x00, 0x00, 0x00, 0x00,
  0x07, 0x00, 0xF0, 0x1C, 0x00, 0x00, 0x1F, 0x80, 0x00, 0xFF, 0xF0, 0x01,
  0xC0, 0x78, 0x07, 0x00, 0x1C, 0x0E, 0x00, 0x0E, 0x1C, 0x00, 0x06, 0x18,
  0x00, 0x03, 0x30, 0x3F, 0xC3, 0x30, 0x7F, 0xC3, 0x60, 0xC1, 0xC3, 0x61,
  0x81, 0xC3, 0xC1, 0x81, 0x83, 0xC3, 0x81, 0x83, 0xC3, 0x03, 0x83, 0xC3,
  0x03, 0x83, 0xC3, 0x07, 0x82, 0xC3, 0x05, 0x86, 0xC3, 0x8D, 0x8C, 0xC3,
  0x9B, 0x98, 0xC1, 0xF1, 0xF0, 0xE1, 0xF1, 0xE0, 0x60, 0x00, 0x00, 0x70,
  0x00, 0x00, 0x30, 0x00, 0x00, 0x38, 0x00, 0x00, 0x1E, 0x01, 0x80, 0x07,
  0xFF, 0x00, 0x01, 0xFC, 0x00, 0x00, 0xE0, 0x00, 0x0F, 0x00, 0x00, 0xF0,
  0x00, 0x1B, 0x00, 0x01, 0xB8, 0x00, 0x3B, 0x80, 0x03, 0x18, 0x00, 0x31,
  0xC0, 0x07, 0x1C, 0x00, 0x61, 0xC0, 0x06, 0x0E, 0x00, 0xE0, 0xE0, 0x0C,
  0x0E, 0x00, 0xC0, 0x70, 0x1F, 0xFF, 0x01, 0x80, 0x78, 0x18, 0x03, 0x83,
  0x80, 0x38, 0x30, 0x03, 0xC7, 0x80, 0x7E, 0xFC, 0x0F, 0xF0, 0x03, 0x80,
  0x7F, 0xFC, 0x0E, 0x07, 0x07, 0x01, 0xC3, 0x80, 0xE1, 0xC0, 0x70, 0xE0,
  0x38, 0x70, 0x1C, 0x38, 0x1C, 0x1C, 0x3C, 0x0F, 0xFE, 0x07, 0x03, 0xC3,
  0x80, 0x71, 0xC0, 0x38, 0xE0, 0x1E, 0x70, 0x0F, 0x38, 0x07, 0x1C, 0x03,
  0x8E, 0x03, 0xCF, 0x07, 0xCF, 0xFF, 0x80, 0x00, 0xF0, 0x07, 0xFF, 0x0E,
  0x07, 0x38, 0x07, 0x38, 0x06, 0x70, 0x06, 0x70, 0x00, 0xE0, 0x00, 0xE0,
  0x00, 0xE0, 0x00, 0xE0, 0x00, 0xE0, 0x00, 0xE0, 0x00, 0xE0, 0x00, 0xF0,
  0x00, 0xF0, 0x00, 0x70, 0x03, 0x78, 0x07, 0x3C, 0x06, 0x1F, 0x0E, 0x07,
  0xFC, 0x01, 0xC0, 0x1F, 0xFF, 0x80, 0xE0, 0x7C, 0x1C, 0x03, 0xC3, 0x80,
  0x38, 0x70, 0x03, 0x8E, 0x00, 0x71, 0xC0, 0x0E, 0x38, 0x01, 0xE7, 0x00,
  0x3C, 0xE0, 0x03, 0x9C, 0x00, 0xF3, 0x80, 0x1E, 0x70, 0x03, 0x8E, 0x00,
  0x71, 0xC0, 0x0E, 0x38, 0x03, 0x87, 0x00, 0xE0, 0xE0, 0x3C, 0x3E, 0x1E,
  0x0F, 0xFF, 0x80, 0xFF, 0xFC, 0x38, 0x0C, 0x38, 0x04, 0x38, 0x06, 0x38,
  0x00, 0x38, 0x00, 0x38, 0x30, 0x38, 0x30, 0x38, 0x30, 0x3F, 0xF0, 0x38,
  0x30, 0x38, 0x30, 0x38, 0x30, 0x38, 0x00, 0x38, 0x00, 0x38, 0x03, 0x38,
  0x03, 0x38, 0x07, 0x7F, 0xFF, 0xFF, 0xFE, 0xFF, 0xFE, 0x70, 0x1C, 0xE0,
  0x19, 0xC0, 0x33, 0x80, 0x07, 0x00, 0x0E, 0x00, 0x1C, 0x08, 0x38, 0x30,
  0x7F, 0xE0, 0xFF, 0xC1, 0xC0, 0x83, 0x81, 0x07, 0x00, 0x0E, 0x00, 0x1C,
  0x00, 0x38, 0x00, 0x70, 0x01, 0xF8, 0x07, 0xFE, 0x00, 0x00, 0x70, 0x00,
  0xFF, 0xF0, 0x78, 0x1E, 0x1C, 0x01, 0xC7, 0x80, 0x38, 0xE0, 0x07, 0x3C,
  0x00, 0x07, 0x00, 0x00, 0xE0, 0x00, 0x1C, 0x00, 0x03, 0x80, 0x00, 0x70,
  0x1F, 0xFE, 0x00, 0x79, 0xC0, 0x07, 0x3C, 0x00, 0xE3, 0x80, 0x1C, 0x70,
  0x03, 0x87, 0x00, 0x70, 0xF0, 0x0E, 0x0F, 0x87, 0xC0, 0x7F, 0xC0, 0xFF,
  0x07, 0xF3, 0x80, 0x1C, 0x38, 0x01, 0xC3, 0x80, 0x1C, 0x38, 0x01, 0xC3,
  0x80, 0x1C, 0x38, 0x01, 0xC3, 0x80, 0x1C, 0x38, 0x01, 0xC3, 0xFF, 0xFC,
  0x38, 0x01, 0xC3, 0x80, 0x1C, 0x38, 0x01, 0xC3, 0x80, 0x1C, 0x38, 0x01,
  0xC3, 0x80, 0x1C, 0x38, 0x01, 0xC3, 0x80, 0x1C, 0x7C, 0x03, 0xEF, 0xF0,
  0x7F, 0xFF, 0x1C, 0x1C, 0x1C, 0x1C, 0x1C, 0x1C, 0x1C, 0x1C, 0x1C, 0x1C,
  0x1C, 0x1C, 0x1C, 0x1C, 0x1C, 0x1C, 0x1C, 0x7E, 0xFF, 0x7F, 0x87, 0x03,
  0x81, 0xC0, 0xE0, 0x70, 0x38, 0x1C, 0x0E, 0x07, 0x03, 0x81, 0xC0, 0xE0,
  0x70, 0x38, 0x1C, 0x0E, 0x07, 0x03, 0x83, 0x81, 0xC0, 0xE0, 0xE1, 0xE0,
  0xC0, 0x00, 0xFF, 0x1F, 0xC7, 0x00, 0xE0, 0xE0, 0x38, 0x1C, 0x06, 0x03,
  0x81, 0x80, 0x70, 0x60, 0x0E, 0x18, 0x01, 0xC6, 0x00, 0x39, 0xC0, 0x07,
  0x7C, 0x00, 0xED, 0xC0, 0x1F, 0x3C, 0x03, 0xC3, 0x80, 0x70, 0x78, 0x0E,
  0x07, 0x81, 0xC0, 0x70, 0x38, 0x0F, 0x07, 0x00, 0xF1, 0xF8, 0x1F, 0x7F,
  0x81, 0xF0, 0xFF, 0x00, 0x38, 0x00, 0x38, 0x00, 0x38, 0x00, 0x38, 0x00,
  0x38, 0x00, 0x38, 0x00, 0x38, 0x00, 0x38, 0x00, 0x38, 0x00, 0x38, 0x00,
  0x38, 0x00, 0x38, 0x00, 0x38, 0x01, 0x38, 0x02, 0x38, 0x06, 0x38, 0x06,
  0x38, 0x0E, 0x7F, 0xFE, 0xFF, 0xFE, 0x3F, 0x80, 0x3F, 0xC0, 0xB8, 0x07,
  0x80, 0x37, 0x01, 0xB8, 0x06, 0xE0, 0x37, 0x00, 0xDC, 0x06, 0xE0, 0x19,
  0xC1, 0x9C, 0x03, 0x38, 0x33, 0x80, 0x67, 0x06, 0x70, 0x0C, 0x71, 0x86,
  0x01, 0x8E, 0x30, 0xC0, 0x61, 0xC6, 0x1C, 0x0C, 0x1C, 0x83, 0x81, 0x83,
  0xB0, 0x70, 0x30, 0x76, 0x0E, 0x06, 0x06, 0xC1, 0xC0, 0xC0, 0xF0, 0x38,
  0x18, 0x1E, 0x07, 0x03, 0x01, 0xC0, 0xE1, 0xF0, 0x30, 0x3F, 0x7F, 0x00,
  0x0F, 0xF0, 0xFC, 0x07, 0xF3, 0xC0, 0x0C, 0x3E, 0x00, 0xC3, 0xF0, 0x0C,
  0x37, 0x00, 0xC3, 0x38, 0x0C, 0x33, 0xC0, 0xC3, 0x1C, 0x0C, 0x30, 0xE0,
  0xC3, 0x0F, 0x0C, 0x30, 0x70, 0xC3, 0x03, 0x8C, 0x30, 0x3C, 0xC3, 0x01,
  0xCC, 0x30, 0x0E, 0xC3, 0x00, 0xFC, 0x30, 0x07, 0xC3, 0x00, 0x3C, 0x78,
  0x03, 0xCF, 0xE0, 0x1C, 0x00, 0xC0, 0x01, 0xFF, 0x01, 0xC1, 0xE0, 0xE0,
  0x1C, 0x38, 0x07, 0x9C, 0x00, 0xE7, 0x00, 0x3B, 0x80, 0x0F, 0xE0, 0x03,
  0xF8, 0x00, 0x7E, 0x00, 0x1F, 0x80, 0x07, 0xE0, 0x03, 0xF8, 0x00, 0xFF,
  0x00, 0x39, 0xC0, 0x0E, 0x70, 0x03, 0x9E, 0x01, 0xC3, 0xC0, 0xE0, 0x78,
  0x70, 0x07, 0xF0, 0x00, 0x01, 0x80, 0xFF, 0xFC, 0x38, 0x1E, 0x38, 0x0E,
  0x38, 0x0F, 0x38, 0x07, 0x38, 0x07, 0x38, 0x07, 0x38, 0x07, 0x38, 0x0E,
  0x38, 0x1E, 0x38, 0x3C, 0x3F, 0xF0, 0x38, 0x00, 0x38, 0x00, 0x38, 0x00,
  0x38, 0x00, 0x38, 0x00, 0x38, 0x00, 0x7E, 0x00, 0xFF, 0x80, 0x00, 0xC0,
  0x00, 0x7F, 0xC0, 0x1C, 0x1E, 0x03, 0x80, 0x70, 0x38, 0x07, 0x87, 0x00,
  0x38, 0x70, 0x03, 0x8E, 0x00, 0x3C, 0xE0, 0x03, 0xCE, 0x00, 0x1C, 0xE0,
  0x01, 0xCE, 0x00, 0x1C, 0xE0, 0x03, 0xCE, 0x00, 0x3C, 0xF0, 0x03, 0x87,
  0x00, 0x38, 0x70, 0x03, 0x87, 0x80, 0x70, 0x3C, 0x0E, 0x01, 0xE1, 0xC0,
  0x07, 0xF0, 0x00, 0x01, 0xE0, 0x00, 0x0F, 0x00, 0x00, 0x7C, 0x00, 0x03,
  0xF0, 0x00, 0x0F, 0x01, 0x80, 0x3F, 0xFE, 0x03, 0x81, 0xE0, 0xE0, 0x38,
  0x38, 0x0E, 0x0E, 0x03, 0x83, 0x80, 0xE0, 0xE0, 0x38, 0x38, 0x0E, 0x0E,
  0x07, 0x03, 0x87, 0x80, 0xFF, 0xC0, 0x38, 0x78, 0x0E, 0x0E, 0x03, 0x81,
  0xC0, 0xE0, 0x70, 0x38, 0x0E, 0x0E, 0x03, 0x83, 0x80, 0x71, 0xF8, 0x1E,
  0xFF, 0x03, 0xC0, 0x03, 0x01, 0xFF, 0x9C, 0x1D, 0xC0, 0x6E, 0x03, 0x70,
  0x1B, 0x80, 0x1E, 0x00, 0x7C, 0x01, 0xF8, 0x07, 0xF0, 0x0F, 0xC0, 0x1F,
  0x00, 0x3C, 0x00, 0xF8, 0x07, 0xC0, 0x3E, 0x01, 0xF0, 0x0D, 0xE1, 0xC7,
  0xFC, 0x00, 0xFF, 0xFF, 0xE0, 0xE0, 0xF0, 0x70, 0x78, 0x38, 0x3C, 0x1C,
  0x1E, 0x0E, 0x0E, 0x07, 0x02, 0x03, 0x80, 0x01, 0xC0, 0x00, 0xE0, 0x00,
  0x70, 0x00, 0x38, 0x00, 0x1C, 0x00, 0x0E, 0x00, 0x07, 0x00, 0x03, 0x80,
  0x01, 0xC0, 0x00, 0xE0, 0x01, 0xFC, 0x03, 0xFF, 0x80, 0xFE, 0x0F, 0xE7,
  0x00, 0x30, 0xE0, 0x06, 0x1C, 0x00, 0xC3, 0x80, 0x18, 0x70, 0x03, 0x0E,
  0x00, 0x61, 0xC0, 0x0C, 0x38, 0x01, 0x87, 0x00, 0x30, 0xE0, 0x06, 0x1C,
  0x00, 0xC3, 0x80, 0x18, 0x70, 0x03, 0x0E, 0x00, 0x61, 0xC0, 0x18, 0x1C,
  0x03, 0x03, 0x80, 0xC0, 0x3E, 0x70, 0x01, 0xFC, 0x00, 0xFF, 0x03, 0xF3,
  0x80, 0x0C, 0x1C, 0x01, 0xC1, 0xC0, 0x18, 0x1C, 0x01, 0x80, 0xE0, 0x38,
  0x0E, 0x03, 0x00, 0xE0, 0x30, 0x07, 0x06, 0x00, 0x70, 0x60, 0x07, 0x06,
  0x00, 0x38, 0xC0, 0x03, 0x8C, 0x00, 0x18, 0xC0, 0x01, 0xD8, 0x00, 0x1D,
  0x80, 0x00, 0xD8, 0x00, 0x0F, 0x00, 0x00, 0xF0, 0x00, 0x06, 0x00, 0xFF,
  0x1F, 0xE3, 0xF9, 0xC0, 0x38, 0x03, 0x07, 0x01, 0xE0, 0x18, 0x38, 0x07,
  0x01, 0x81, 0xC0, 0x38, 0x0C, 0x07, 0x03, 0xC0, 0x60, 0x38, 0x1F, 0x03,
  0x01, 0xC0, 0xB8, 0x30, 0x0E, 0x0D, 0xC1, 0x80, 0x38, 0x67, 0x0C, 0x01,
  0xC2, 0x38, 0x40, 0x0E, 0x31, 0xC6, 0x00, 0x39, 0x86, 0x30, 0x01, 0xCC,
  0x39, 0x80, 0x0E, 0x41, 0xC8, 0x00, 0x36, 0x0E, 0xC0, 0x01, 0xF0, 0x36,
  0x00, 0x0F, 0x01, 0xE0, 0x00, 0x38, 0x0F, 0x00, 0x01, 0xC0, 0x38, 0x00,
  0x7F, 0x8F, 0xE3, 0x80, 0x30, 0x78, 0x0C, 0x07, 0x03, 0x00, 0x70, 0x60,
  0x0F, 0x18, 0x00, 0xE2, 0x00, 0x0E, 0xC0, 0x01, 0xF0, 0x00, 0x1C, 0x00,
  0x03, 0xC0, 0x00, 0xDC, 0x00, 0x33, 0x80, 0x06, 0x38, 0x01, 0x87, 0x80,
  0x60, 0x70, 0x0C, 0x07, 0x03, 0x00, 0xF1, 0xF0, 0x1F, 0x7F, 0x8F, 0xF0,
  0xFE, 0x0F, 0xDE, 0x00, 0xC3, 0x80, 0x70, 0xF0, 0x18, 0x1C, 0x0E, 0x03,
  0x83, 0x00, 0xE1, 0x80, 0x1C, 0x60, 0x07, 0x30, 0x00, 0xEC, 0x00, 0x3E,
  0x00, 0x07, 0x80, 0x01, 0xC0, 0x00, 0x70, 0x00, 0x1C, 0x00, 0x07, 0x00,
  0x01, 0xC0, 0x00, 0x70, 0x00, 0x3F, 0x00, 0x3F, 0xE0, 0x7F, 0xFE, 0x70,
  0x0E, 0x60, 0x1C, 0x60, 0x3C, 0x60, 0x78, 0x00, 0x70, 0x00, 0xF0, 0x01,
  0xE0, 0x01, 0xC0, 0x03, 0xC0, 0x07, 0x80, 0x07, 0x00, 0x0F, 0x00, 0x1E,
  0x00, 0x1C, 0x03, 0x3C, 0x07, 0x78, 0x06, 0x70, 0x06, 0xEF, 0xFE, 0xFF,
  0xFE, 0xFF, 0xFC, 0x30, 0xC3, 0x0C, 0x30, 0xC3, 0x0C, 0x30, 0xC3, 0x0C,
  0x30, 0xC3, 0x0C, 0x30, 0xC3, 0x0C, 0x30, 0xFD, 0xE0, 0xC0, 0x38, 0x06,
  0x01, 0x80, 0x70, 0x1C, 0x03, 0x00, 0xC0, 0x38, 0x06, 0x01, 0x80, 0x70,
  0x1C, 0x03, 0x00, 0xC0, 0x38, 0x06, 0x01, 0x80, 0x70, 0x1C, 0x03, 0x00,
  0xC0, 0x38, 0x06, 0x01, 0x80, 0x70, 0xFF, 0xF0, 0xC3, 0x0C, 0x30, 0xC3,
  0x0C, 0x30, 0xC3, 0x0C, 0x30, 0xC3, 0x0C, 0x30, 0xC3, 0x0C, 0x30, 0xC3,
  0xFD, 0xE0, 0x03, 0x00, 0x0E, 0x00, 0x78, 0x01, 0xE0, 0x07, 0xC0, 0x33,
  0x00, 0xCC, 0x03, 0x38, 0x1C, 0x60, 0x61, 0x81, 0x87, 0x0E, 0x0C, 0x30,
  0x30, 0xC0, 0xE7, 0x01, 0x98, 0x06, 0xE0, 0x1C, 0xFF, 0xFC, 0x21, 0xE1,
  0xE1, 0xC1, 0xC1, 0xC0, 0x06, 0x01, 0xFE, 0x3F, 0xF8, 0x81, 0xC0, 0x06,
  0x00, 0x30, 0x01, 0x81, 0xFC, 0x7E, 0x67, 0x83, 0x38, 0x19, 0xC0, 0xCE,
  0x06, 0x70, 0x73, 0xFD, 0x8F, 0xCF, 0xF8, 0x00, 0x70, 0x00, 0xE0, 0x01,
  0xC0, 0x03, 0x80, 0x07, 0x00, 0x0E, 0x10, 0x1D, 0xFC, 0x3E, 0x7C, 0x70,
  0x3C, 0xE0, 0x39, 0xC0, 0x73, 0x80, 0xE7, 0x01, 0xCE, 0x03, 0x9C, 0x07,
  0x38, 0x0E, 0x70, 0x1C, 0xE0, 0x71, 0xC0, 0xE3, 0xC7, 0x83, 0xFC, 0x00,
  0x03, 0x81, 0xFF, 0x38, 0x77, 0x07, 0x60, 0x3E, 0x00, 0xE0, 0x0E, 0x00,
  0xE0, 0x0E, 0x00, 0xE0, 0x0F, 0x00, 0x70, 0x07, 0x81, 0x3F, 0xF1, 0xFC,
  0x00, 0xF8, 0x00, 0x70, 0x00, 0xE0, 0x01, 0xC0, 0x03, 0x80, 0x07, 0x00,
  0x6E, 0x07, 0xFC, 0x38, 0x38, 0xE0, 0x71, 0xC0, 0xE7, 0x01, 0xCE, 0x03,
  0x9C, 0x07, 0x38, 0x0E, 0x70, 0x1C, 0xE0, 0x39, 0xC0, 0x71, 0xC0, 0xE3,
  0xC1, 0xC3, 0xFD, 0x83, 0xF3, 0xC0, 0x03, 0x01, 0xFE, 0x38, 0xF7, 0x07,
  0x60, 0x7E, 0x07, 0xE0, 0x7F, 0xFF, 0xE0, 0x0E, 0x00, 0xE0, 0x0E, 0x00,
  0x70, 0x07, 0x81, 0x3F, 0xF1, 0xFC, 0x01, 0xC1, 0xF0, 0xFC, 0x70, 0x18,
  0x0E, 0x03, 0x80, 0xE0, 0xFF, 0xBF, 0xE3, 0x80, 0xE0, 0x38, 0x0E, 0x03,
  0x80, 0xE0, 0x38, 0x0E, 0x03, 0x80, 0xE0, 0x38, 0x1F, 0x0F, 0xF0, 0x03,
  0x02, 0x3F, 0xFC, 0xE1, 0xFB, 0x81, 0xC7, 0x03, 0x8E, 0x07, 0x1C, 0x0E,
  0x38, 0x18, 0x78, 0x70, 0x7F, 0xC0, 0x5E, 0x01, 0x80, 0x07, 0x00, 0x0E,
  0x00, 0x0F, 0xFE, 0x1F, 0xFE, 0x60, 0x1F, 0xC0, 0x1F, 0x80, 0x3F, 0x00,
  0x6E, 0x01, 0xCF, 0x0F, 0x0F, 0xF8, 0x00, 0xF8, 0x00, 0x3C, 0x00, 0x0E,
  0x00, 0x07, 0x00, 0x03, 0x80, 0x01, 0xC0, 0x00, 0xE0, 0x80, 0x77, 0xF0,
  0x3F, 0x7C, 0x1E, 0x0E, 0x0E, 0x03, 0x07, 0x01, 0xC3, 0x80, 0xE1, 0xC0,
  0x70, 0xE0, 0x38, 0x70, 0x1C, 0x38, 0x0E, 0x1C, 0x07, 0x0E, 0x03, 0x87,
  0x01, 0xC7, 0xC1, 0xE7, 0xF1, 0xFC, 0x30, 0x71, 0xE1, 0xC0, 0x00, 0x02,
  0x7C, 0xF8, 0x70, 0xE1, 0xC3, 0x87, 0x0E, 0x1C, 0x38, 0x70, 0xE1, 0xC7,
  0xDF, 0xC0, 0x18, 0x73, 0xC7, 0x00, 0x00, 0x5F, 0x7C, 0x71, 0xC7, 0x1C,
  0x71, 0xC7, 0x1C, 0x71, 0xC7, 0x1C, 0x71, 0xC7, 0x1C, 0x63, 0xBC, 0xC0,
  0xF8, 0x00, 0x78, 0x00, 0x38, 0x00, 0x38, 0x00, 0x38, 0x00, 0x38, 0x00,
  0x38, 0x00, 0x38, 0x7E, 0x38, 0x18, 0x38, 0x30, 0x38, 0x60, 0x38, 0xC0,
  0x39, 0x80, 0x3B, 0xC0, 0x3F, 0xE0, 0x3C, 0xE0, 0x38, 0x70, 0x38, 0x78,
  0x38, 0x38, 0x38, 0x1C, 0x78, 0x1E, 0xFE, 0x3F, 0xF8, 0xF0, 0xE1, 0xC3,
  0x87, 0x0E, 0x1C, 0x38, 0x70, 0xE1, 0xC3, 0x87, 0x0E, 0x1C, 0x38, 0x70,
  0xE1, 0xC7, 0x9F, 0xC0, 0x10, 0x20, 0x10, 0x3C, 0xFE, 0x7F, 0x0F, 0x77,
  0xFB, 0xE0, 0xF0, 0x78, 0x38, 0x38, 0x1C, 0x07, 0x0E, 0x07, 0x01, 0xC3,
  0x81, 0xC0, 0x70, 0xE0, 0x70, 0x1C, 0x38, 0x1C, 0x07, 0x0E, 0x07, 0x01,
  0xC3, 0x81, 0xC0, 0x70, 0xE0, 0x70, 0x1C, 0x38, 0x1C, 0x07, 0x0E, 0x07,
  0x01, 0xC7, 0xC1, 0xE0, 0xF3, 0xF8, 0xFC, 0x7F, 0x10, 0x20, 0x79, 0xFC,
  0x3D, 0xDF, 0x07, 0x83, 0x83, 0x80, 0xC1, 0xC0, 0x70, 0xE0, 0x38, 0x70,
  0x1C, 0x38, 0x0E, 0x1C, 0x07, 0x0E, 0x03, 0x87, 0x01, 0xC3, 0x80, 0xE1,
  0xC0, 0x71, 0xF0, 0x79, 0xFC, 0x7F, 0x03, 0x00, 0x7F, 0x83, 0x87, 0x1C,
  0x0E, 0x70, 0x3B, 0x80, 0x7E, 0x01, 0xF8, 0x07, 0xE0, 0x1F, 0x80, 0x7E,
  0x01, 0xF8, 0x07, 0x70, 0x39, 0xC0, 0xE3, 0xCF, 0x07, 0xF0, 0x10, 0xC1,
  0xEF, 0xE3, 0xF1, 0xE1, 0xC1, 0xE3, 0x01, 0xC6, 0x03, 0xCC, 0x03, 0x98,
  0x07, 0x30, 0x0E, 0x60, 0x1C, 0xC0, 0x39, 0x80, 0xE3, 0x01, 0xC6, 0x07,
  0x0E, 0x1C, 0x1F, 0xF0, 0x30, 0x00, 0x60, 0x00, 0xC0, 0x01, 0x80, 0x03,
  0x00, 0x1F, 0xC0, 0x3F, 0x80, 0x00, 0x01, 0xC8, 0x1F, 0xF0, 0xE0, 0xE3,
  0x81, 0xC7, 0x03, 0x9C, 0x07, 0x38, 0x0E, 0x70, 0x1C, 0xE0, 0x39, 0xC0,
  0x73, 0x80, 0xE7, 0x01, 0xC7, 0x03, 0x8F, 0x07, 0x0F, 0xFE, 0x0F, 0xDC,
  0x00, 0x38, 0x00, 0x70, 0x00, 0xE0, 0x01, 0xC0, 0x03, 0x80, 0x3F, 0xC0,
  0x7F, 0x80, 0x10, 0x1F, 0x3F, 0xEF, 0x9B, 0x93, 0x80, 0x70, 0x0E, 0x01,
  0xC0, 0x38, 0x07, 0x00, 0xE0, 0x1C, 0x03, 0x80, 0x70, 0x0F, 0x07, 0xF8,
  0x06, 0x07, 0xF9, 0xC3, 0x70, 0x6E, 0x05, 0xE0, 0x1E, 0x03, 0xF8, 0x1F,
  0x80, 0xFC, 0x07, 0x80, 0x7C, 0x07, 0x81, 0xFC, 0x73, 0xFC, 0x18, 0x06,
  0x01, 0x80, 0xE0, 0xFF, 0xFF, 0xF3, 0x80, 0xE0, 0x38, 0x0E, 0x03, 0x80,
  0xE0, 0x38, 0x0E, 0x03, 0x80, 0xE0, 0x3C, 0x07, 0xF1, 0xF8, 0x10, 0x09,
  0xE0, 0xF9, 0xC0, 0x73, 0x80, 0xE7, 0x01, 0xCE, 0x03, 0x9C, 0x07, 0x38,
  0x0E, 0x70, 0x1C, 0xE0, 0x39, 0xC0, 0x73, 0x80, 0xE7, 0x01, 0xC7, 0x07,
  0x8F, 0xF7, 0x0F, 0xCF, 0xFC, 0x3F, 0x70, 0x0C, 0x38, 0x0C, 0x38, 0x1C,
  0x38, 0x18, 0x1C, 0x18, 0x1C, 0x30, 0x0C, 0x30, 0x0E, 0x30, 0x0E, 0x60,
  0x07, 0x60, 0x07, 0x40, 0x03, 0xC0, 0x03, 0xC0, 0x03, 0x80, 0xFC, 0x1C,
  0x3E, 0xE0, 0x78, 0x18, 0xE0, 0xF0, 0x31, 0xC1, 0x70, 0xC3, 0x86, 0xE1,
  0x83, 0x0D, 0xC3, 0x07, 0x19, 0x8C, 0x0E, 0x23, 0x98, 0x1C, 0xC7, 0x30,
  0x19, 0x8E, 0x40, 0x3B, 0x0D, 0x80, 0x74, 0x1B, 0x00, 0x78, 0x3C, 0x00,
  0xF0, 0x38, 0x01, 0xC0, 0x70, 0x00, 0x7E, 0x3F, 0x3C, 0x0C, 0x1C, 0x18,
  0x0E, 0x18, 0x0F, 0x30, 0x07, 0x60, 0x03, 0xC0, 0x01, 0xC0, 0x03, 0xE0,
  0x06, 0xF0, 0x0C, 0x70, 0x1C, 0x38, 0x18, 0x3C, 0x78, 0x3E, 0xFE, 0x7F,
  0xFE, 0x3F, 0x78, 0x0C, 0x38, 0x0C, 0x38, 0x0C, 0x1C, 0x18, 0x1C, 0x18,
  0x1C, 0x18, 0x0E, 0x30, 0x0E, 0x30, 0x0E, 0x30, 0x07, 0x60, 0x07, 0x60,
  0x03, 0x60, 0x03, 0xC0, 0x03, 0xC0, 0x00, 0xC0, 0x01, 0x80, 0x01, 0x80,
  0x03, 0x00, 0x3F, 0x00, 0x3E, 0x00, 0x3C, 0x00, 0x7F, 0xFB, 0x81, 0xD8,
  0x1C, 0xC1, 0xC0, 0x1C, 0x01, 0xE0, 0x1E, 0x00, 0xE0, 0x0E, 0x00, 0xF0,
  0x0F, 0x06, 0xF0, 0x37, 0x01, 0xFF, 0xFF, 0xFF, 0xE0, 0x0F, 0xC7, 0xF3,
  0x80, 0xE0, 0x38, 0x0E, 0x01, 0x80, 0x70, 0x1C, 0x07, 0x01, 0xC0, 0xE0,
  0xE0, 0x3C, 0x01, 0x80, 0x70, 0x1C, 0x07, 0x01, 0x80, 0x60, 0x38, 0x0E,
  0x03, 0x80, 0xF0, 0x1F, 0xC3, 0xE0, 0xFF, 0xFF, 0xFF, 0xFF, 0xFF, 0xFF,
  0xFC, 0xFC, 0x3F, 0x80, 0x70, 0x1C, 0x07, 0x01, 0xC0, 0x60, 0x18, 0x0E,
  0x03, 0x80, 0xE0, 0x1C, 0x01, 0xC0, 0xF0, 0x60, 0x38, 0x0E, 0x03, 0x80,
  0x60, 0x18, 0x07, 0x01, 0xC0, 0x70, 0x3C, 0xFE, 0x1E, 0x00, 0x1C, 0x17,
  0xF7, 0x63, 0xEC, 0x08, 0xFF, 0xFF, 0xFF, 0xFF, 0xFF, 0xFF, 0xFF, 0xFF,
  0xFF, 0xFF, 0xBF, 0x9F, 0xE3, 0xF3, 0xFE, 0x3C, 0xFF, 0xF3, 0x3F, 0xFF,
  0x0F, 0xFF, 0xF3, 0xFF, 0xFC, 0x3F, 0xFF, 0x23, 0xFF, 0x8E, 0x3F, 0xE1,
  0xE3, 0xFE, 0x7E, 0x3F, 0xFF, 0xEF, 0xFF, 0xFF, 0xFF, 0xFF, 0xFF, 0xFF,
  0xFF, 0x80, 0xFF, 0xFF, 0xFF, 0xFF, 0xFF, 0xFF, 0xFF, 0xFF, 0xFF, 0xFF,
  0xBF, 0x9F, 0xE3, 0xF3, 0xFE, 0x3C, 0xFF, 0xF3, 0x3F, 0xFF, 0x0F, 0xFF,
  0xF3, 0xFF, 0xFC, 0x3F, 0xFF, 0x23, 0xFF, 0x8E, 0x3F, 0xE1, 0xE3, 0xFE,
  0x7E, 0x3F, 0xFF, 0xEF, 0xFF, 0xFF, 0xFF, 0xFF, 0xFF, 0xFF, 0xFF, 0x80,
  0xFF, 0xFF, 0xFF, 0xFF, 0xFF, 0xFF, 0xFF, 0xFF, 0xFF, 0xFF, 0xBF, 0x9F,
  0xE3, 0xF3, 0xFE, 0x3C, 0xFF, 0xF3, 0x3F, 0xFF, 0x0F, 0xFF, 0xF3, 0xFF,
  0xFC, 0x3F, 0xFF, 0x23, 0xFF, 0x8E, 0x3F, 0xE1, 0xE3, 0xFE, 0x7E, 0x3F,
  0xFF, 0xEF, 0xFF, 0xFF, 0xFF, 0xFF, 0xFF, 0xFF, 0xFF, 0x80, 0xFF, 0xFF,
  0xFF, 0xFF, 0xFF, 0xFF, 0xFF, 0xFF, 0xFF, 0xFF, 0xBF, 0x9F, 0xE3, 0xF3,
  0xFE, 0x3C, 0xFF, 0xF3, 0x3F, 0xFF, 0x0F, 0xFF, 0xF3, 0xFF, 0xFC, 0x3F,
  0xFF, 0x23, 0xFF, 0x8E, 0x3F, 0xE1, 0xE3, 0xFE, 0x7E, 0x3F, 0xFF, 0xEF,
  0xFF, 0xFF, 0xFF, 0xFF, 0xFF, 0xFF, 0xFF, 0x80, 0xFF, 0xFF, 0xFF, 0xFF,
  0xFF, 0xFF, 0xFF, 0xFF, 0xFF, 0xFF, 0xBF, 0x9F, 0xE3, 0xF3, 0xFE, 0x3C,
  0xFF, 0xF3, 0x3F, 0xFF, 0x0F, 0xFF, 0xF3, 0xFF, 0xFC, 0x3F, 0xFF, 0x23,
  0xFF, 0x8E, 0x3F, 0xE1, 0xE3, 0xFE, 0x7E, 0x3F, 0xFF, 0xEF, 0xFF, 0xFF,
  0xFF, 0xFF, 0xFF, 0xFF, 0xFF, 0x80, 0xFF, 0xFF, 0xFF, 0xFF, 0xFF, 0xFF,
  0xFF, 0xFF, 0xFF, 0xFF, 0xBF, 0x9F, 0xE3, 0xF3, 0xFE, 0x3C, 0xFF, 0xF3,
  0x3F, 0xFF, 0x0F, 0xFF, 0xF3, 0xFF, 0xFC, 0x3F, 0xFF, 0x23, 0xFF, 0x8E,
  0x3F, 0xE1, 0xE3, 0xFE, 0x7E, 0x3F, 0xFF, 0xEF, 0xFF, 0xFF, 0xFF, 0xFF,
  0xFF, 0xFF, 0xFF, 0x80, 0xFF, 0xFF, 0xFF, 0xFF, 0xFF, 0xFF, 0xFF, 0xFF,
  0xFF, 0xFF, 0xBF, 0x9F, 0xE3, 0xF3, 0xFE, 0x3C, 0xFF, 0xF3, 0x3F, 0xFF,
  0x0F, 0xFF, 0xF3, 0xFF, 0xFC, 0x3F, 0xFF, 0x23, 0xFF, 0x8E, 0x3F, 0xE1,
  0xE3, 0xFE, 0x7E, 0x3F, 0xFF, 0xEF, 0xFF, 0xFF, 0xFF, 0xFF, 0xFF, 0xFF,
  0xFF, 0x80, 0xFF, 0xFF, 0xFF, 0xFF, 0xFF, 0xFF, 0xFF, 0xFF, 0xFF, 0xFF,
  0xBF, 0x9F, 0xE3, 0xF3, 0xFE, 0x3C, 0xFF, 0xF3, 0x3F, 0xFF, 0x0F, 0xFF,
  0xF3, 0xFF, 0xFC, 0x3F, 0xFF, 0x23, 0xFF, 0x8E, 0x3F, 0xE1, 0xE3, 0xFE,
  0x7E, 0x3F, 0xFF, 0xEF, 0xFF, 0xFF, 0xFF, 0xFF, 0xFF, 0xFF, 0xFF, 0x80,
  0xFF, 0xFF, 0xFF, 0xFF, 0xFF, 0xFF, 0xFF, 0xFF, 0xFF, 0xFF, 0xBF, 0x9F,
  0xE3, 0xF3, 0xFE, 0x3C, 0xFF, 0xF3, 0x3F, 0xFF, 0x0F, 0xFF, 0xF3, 0xFF,
  0xFC, 0x3F, 0xFF, 0x23, 0xFF, 0x8E, 0x3F, 0xE1, 0xE3, 0xFE, 0x7E, 0x3F,
  0xFF, 0xEF, 0xFF, 0xFF, 0xFF, 0xFF, 0xFF, 0xFF, 0xFF, 0x80, 0xFF, 0xFF,
  0xFF, 0xFF, 0xFF, 0xFF, 0xFF, 0xFF, 0xFF, 0xFF, 0xBF, 0x9F, 0xE3, 0xF3,
  0xFE, 0x3C, 0xFF, 0xF3, 0x3F, 0xFF, 0x0F, 0xFF, 0xF3, 0xFF, 0xFC, 0x3F,
  0xFF, 0x23, 0xFF, 0x8E, 0x3F, 0xE1, 0xE3, 0xFE, 0x7E, 0x3F, 0xFF, 0xEF,
  0xFF, 0xFF, 0xFF, 0xFF, 0xFF, 0xFF, 0xFF, 0x80, 0xFF, 0xFF, 0xFF, 0xFF,
  0xFF, 0xFF, 0xFF, 0xFF, 0xFF, 0xFF, 0xBF, 0x9F, 0xE3, 0xF3, 0xFE, 0x3C,
  0xFF, 0xF3, 0x3F, 0xFF, 0x0F, 0xFF, 0xF3, 0xFF, 0xFC, 0x3F, 0xFF, 0x23,
  0xFF, 0x8E, 0x3F, 0xE1, 0xE3, 0xFE, 0x7E, 0x3F, 0xFF, 0xEF, 0xFF, 0xFF,
  0xFF, 0xFF, 0xFF, 0xFF, 0xFF, 0x80, 0xFF, 0xFF, 0xFF, 0xFF, 0xFF, 0xFF,
  0xFF, 0xFF, 0xFF, 0xFF, 0xBF, 0x9F, 0xE3, 0xF3, 0xFE, 0x3C, 0xFF, 0xF3,
  0x3F, 0xFF, 0x0F, 0xFF, 0xF3, 0xFF, 0xFC, 0x3F, 0xFF, 0x23, 0xFF, 0x8E,
  0x3F, 0xE1, 0xE3, 0xFE, 0x7E, 0x3F, 0xFF, 0xEF, 0xFF, 0xFF, 0xFF, 0xFF,
  0xFF, 0xFF, 0xFF, 0x80, 0xFF, 0xFF, 0xFF, 0xFF, 0xFF, 0xFF, 0xFF, 0xFF,
  0xFF, 0xFF, 0xBF, 0x9F, 0xE3, 0xF3, 0xFE, 0x3C, 0xFF, 0xF3, 0x3F, 0xFF,
  0x0F, 0xFF, 0xF3, 0xFF, 0xFC, 0x3F, 0xFF, 0x23, 0xFF, 0x8E, 0x3F, 0xE1,
  0xE3, 0xFE, 0x7E, 0x3F, 0xFF, 0xEF, 0xFF, 0xFF, 0xFF, 0xFF, 0xFF, 0xFF,
  0xFF, 0x80, 0xFF, 0xFF, 0xFF, 0xFF, 0xFF, 0xFF, 0xFF, 0xFF, 0xFF, 0xFF,
  0xBF, 0x9F, 0xE3, 0xF3, 0xFE, 0x3C, 0xFF, 0xF3, 0x3F, 0xFF, 0x0F, 0xFF,
  0xF3, 0xFF, 0xFC, 0x3F, 0xFF, 0x23, 0xFF, 0x8E, 0x3F, 0xE1, 0xE3, 0xFE,
  0x7E, 0x3F, 0xFF, 0xEF, 0xFF, 0xFF, 0xFF, 0xFF, 0xFF, 0xFF, 0xFF, 0x80,
  0xFF, 0xFF, 0xFF, 0xFF, 0xFF, 0xFF, 0xFF, 0xFF, 0xFF, 0xFF, 0xBF, 0x9F,
  0xE3, 0xF3, 0xFE, 0x3C, 0xFF, 0xF3, 0x3F, 0xFF, 0x0F, 0xFF, 0xF3, 0xFF,
  0xFC, 0x3F, 0xFF, 0x23, 0xFF, 0x8E, 0x3F, 0xE1, 0xE3, 0xFE, 0x7E, 0x3F,
  0xFF, 0xEF, 0xFF, 0xFF, 0xFF, 0xFF, 0xFF, 0xFF, 0xFF, 0x80, 0xFF, 0xFF,
  0xFF, 0xFF, 0xFF, 0xFF, 0xFF, 0xFF, 0xFF, 0xFF, 0xBF, 0x9F, 0xE3, 0xF3,
  0xFE, 0x3C, 0xFF, 0xF3, 0x3F, 0xFF, 0x0F, 0xFF, 0xF3, 0xFF, 0xFC, 0x3F,
  0xFF, 0x23, 0xFF, 0x8E, 0x3F, 0xE1, 0xE3, 0xFE, 0x7E, 0x3F, 0xFF, 0xEF,
  0xFF, 0xFF, 0xFF, 0xFF, 0xFF, 0xFF, 0xFF, 0x80, 0xFF, 0xFF, 0xFF, 0xFF,
  0xFF, 0xFF, 0xFF, 0xFF, 0xFF, 0xFF, 0xBF, 0x9F, 0xE3, 0xF3, 0xFE, 0x3C,
  0xFF, 0xF3, 0x3F, 0xFF, 0x0F, 0xFF, 0xF3, 0xFF, 0xFC, 0x3F, 0xFF, 0x23,
  0xFF, 0x8E, 0x3F, 0xE1, 0xE3, 0xFE, 0x7E, 0x3F, 0xFF, 0xEF, 0xFF, 0xFF,
  0xFF, 0xFF, 0xFF, 0xFF, 0xFF, 0x80, 0xFF, 0xFF, 0xFF, 0xFF, 0xFF, 0xFF,
  0xFF, 0xFF, 0xFF, 0xFF, 0xBF, 0x9F, 0xE3, 0xF3, 0xFE, 0x3C, 0xFF, 0xF3,
  0x3F, 0xFF, 0x0F, 0xFF, 0xF3, 0xFF, 0xFC, 0x3F, 0xFF, 0x23, 0xFF, 0x8E,
  0x3F, 0xE1, 0xE3, 0xFE, 0x7E, 0x3F, 0xFF, 0xEF, 0xFF, 0xFF, 0xFF, 0xFF,
  0xFF, 0xFF, 0xFF, 0x80, 0xFF, 0xFF, 0xFF, 0xFF, 0xFF, 0xFF, 0xFF, 0xFF,
  0xFF, 0xFF, 0xBF, 0x9F, 0xE3, 0xF3, 0xFE, 0x3C, 0xFF, 0xF3, 0x3F, 0xFF,
  0x0F, 0xFF, 0xF3, 0xFF, 0xFC, 0x3F, 0xFF, 0x23, 0xFF, 0x8E, 0x3F, 0xE1,
  0xE3, 0xFE, 0x7E, 0x3F, 0xFF, 0xEF, 0xFF, 0xFF, 0xFF, 0xFF, 0xFF, 0xFF,
  0xFF, 0x80, 0xFF, 0xFF, 0xFF, 0xFF, 0xFF, 0xFF, 0xFF, 0xFF, 0xFF, 0xFF,
  0xBF, 0x9F, 0xE3, 0xF3, 0xFE, 0x3C, 0xFF, 0xF3, 0x3F, 0xFF, 0x0F, 0xFF,
  0xF3, 0xFF, 0xFC, 0x3F, 0xFF, 0x23, 0xFF, 0x8E, 0x3F, 0xE1, 0xE3, 0xFE,
  0x7E, 0x3F, 0xFF, 0xEF, 0xFF, 0xFF, 0xFF, 0xFF, 0xFF, 0xFF, 0xFF, 0x80,
  0xFF, 0xFF, 0xFF, 0xFF, 0xFF, 0xFF, 0xFF, 0xFF, 0xFF, 0xFF, 0xBF, 0x9F,
  0xE3, 0xF3, 0xFE, 0x3C, 0xFF, 0xF3, 0x3F, 0xFF, 0x0F, 0xFF, 0xF3, 0xFF,
  0xFC, 0x3F, 0xFF, 0x23, 0xFF, 0x8E, 0x3F, 0xE1, 0xE3, 0xFE, 0x7E, 0x3F,
  0xFF, 0xEF, 0xFF, 0xFF, 0xFF, 0xFF, 0xFF, 0xFF, 0xFF, 0x80, 0xFF, 0xFF,
  0xFF, 0xFF, 0xFF, 0xFF, 0xFF, 0xFF, 0xFF, 0xFF, 0xBF, 0x9F, 0xE3, 0xF3,
  0xFE, 0x3C, 0xFF, 0xF3, 0x3F, 0xFF, 0x0F, 0xFF, 0xF3, 0xFF, 0xFC, 0x3F,
  0xFF, 0x23, 0xFF, 0x8E, 0x3F, 0xE1, 0xE3, 0xFE, 0x7E, 0x3F, 0xFF, 0xEF,
  0xFF, 0xFF, 0xFF, 0xFF, 0xFF, 0xFF, 0xFF, 0x80, 0xFF, 0xFF, 0xFF, 0xFF,
  0xFF, 0xFF, 0xFF, 0xFF, 0xFF, 0xFF, 0xBF, 0x9F, 0xE3, 0xF3, 0xFE, 0x3C,
  0xFF, 0xF3, 0x3F, 0xFF, 0x0F, 0xFF, 0xF3, 0xFF, 0xFC, 0x3F, 0xFF, 0x23,
  0xFF, 0x8E, 0x3F, 0xE1, 0xE3, 0xFE, 0x7E, 0x3F, 0xFF, 0xEF, 0xFF, 0xFF,
  0xFF, 0xFF, 0xFF, 0xFF, 0xFF, 0x80, 0xFF, 0xFF, 0xFF, 0xFF, 0xFF, 0xFF,
  0xFF, 0xFF, 0xFF, 0xFF, 0xBF, 0x9F, 0xE3, 0xF3, 0xFE, 0x3C, 0xFF, 0xF3,
  0x3F, 0xFF, 0x0F, 0xFF, 0xF3, 0xFF, 0xFC, 0x3F, 0xFF, 0x23, 0xFF, 0x8E,
  0x3F, 0xE1, 0xE3, 0xFE, 0x7E, 0x3F, 0xFF, 0xEF, 0xFF, 0xFF, 0xFF, 0xFF,
  0xFF, 0xFF, 0xFF, 0x80, 0xFF, 0xFF, 0xFF, 0xFF, 0xFF, 0xFF, 0xFF, 0xFF,
  0xFF, 0xFF, 0xBF, 0x9F, 0xE3, 0xF3, 0xFE, 0x3C, 0xFF, 0xF3, 0x3F, 0xFF,
  0x0F, 0xFF, 0xF3, 0xFF, 0xFC, 0x3F, 0xFF, 0x23, 0xFF, 0x8E, 0x3F, 0xE1,
  0xE3, 0xFE, 0x7E, 0x3F, 0xFF, 0xEF, 0xFF, 0xFF, 0xFF, 0xFF, 0xFF, 0xFF,
  0xFF, 0x80, 0xFF, 0xFF, 0xFF, 0xFF, 0xFF, 0xFF, 0xFF, 0xFF, 0xFF, 0xFF,
  0xBF, 0x9F, 0xE3, 0xF3, 0xFE, 0x3C, 0xFF, 0xF3, 0x3F, 0xFF, 0x0F, 0xFF,
  0xF3, 0xFF, 0xFC, 0x3F, 0xFF, 0x23, 0xFF, 0x8E, 0x3F, 0xE1, 0xE3, 0xFE,
  0x7E, 0x3F, 0xFF, 0xEF, 0xFF, 0xFF, 0xFF, 0xFF, 0xFF, 0xFF, 0xFF, 0x80,
  0xFF, 0xFF, 0xFF, 0xFF, 0xFF, 0xFF, 0xFF, 0xFF, 0xFF, 0xFF, 0xBF, 0x9F,
  0xE3, 0xF3, 0xFE, 0x3C, 0xFF, 0xF3, 0x3F, 0xFF, 0x0F, 0xFF, 0xF3, 0xFF,
  0xFC, 0x3F, 0xFF, 0x23, 0xFF, 0x8E, 0x3F, 0xE1, 0xE3, 0xFE, 0x7E, 0x3F,
  0xFF, 0xEF, 0xFF, 0xFF, 0xFF, 0xFF, 0xFF, 0xFF, 0xFF, 0x80, 0xFF, 0xFF,
  0xFF, 0xFF, 0xFF, 0xFF, 0xFF, 0xFF, 0xFF, 0xFF, 0xBF, 0x9F, 0xE3, 0xF3,
  0xFE, 0x3C, 0xFF, 0xF3, 0x3F, 0xFF, 0x0F, 0xFF, 0xF3, 0xFF, 0xFC, 0x3F,
  0xFF, 0x23, 0xFF, 0x8E, 0x3F, 0xE1, 0xE3, 0xFE, 0x7E, 0x3F, 0xFF, 0xEF,
  0xFF, 0xFF, 0xFF, 0xFF, 0xFF, 0xFF, 0xFF, 0x80, 0xFF, 0xFF, 0xFF, 0xFF,
  0xFF, 0xFF, 0xFF, 0xFF, 0xFF, 0xFF, 0xBF, 0x9F, 0xE3, 0xF3, 0xFE, 0x3C,
  0xFF, 0xF3, 0x3F, 0xFF, 0x0F, 0xFF, 0xF3, 0xFF, 0xFC, 0x3F, 0xFF, 0x23,
  0xFF, 0x8E, 0x3F, 0xE1, 0xE3, 0xFE, 0x7E, 0x3F, 0xFF, 0xEF, 0xFF, 0xFF,
  0xFF, 0xFF, 0xFF, 0xFF, 0xFF, 0x80, 0xFF, 0xFF, 0xFF, 0xFF, 0xFF, 0xFF,
  0xFF, 0xFF, 0xFF, 0xFF, 0xBF, 0x9F, 0xE3, 0xF3, 0xFE, 0x3C, 0xFF, 0xF3,
  0x3F, 0xFF, 0x0F, 0xFF, 0xF3, 0xFF, 0xFC, 0x3F, 0xFF, 0x23, 0xFF, 0x8E,
  0x3F, 0xE1, 0xE3, 0xFE, 0x7E, 0x3F, 0xFF, 0xEF, 0xFF, 0xFF, 0xFF, 0xFF,
  0xFF, 0xFF, 0xFF, 0x80, 0xFF, 0xFF, 0xFF, 0xFF, 0xFF, 0xFF, 0xFF, 0xFF,
  0xFF, 0xFF, 0xBF, 0x9F, 0xE3, 0xF3, 0xFE, 0x3C, 0xFF, 0xF3, 0x3F, 0xFF,
  0x0F, 0xFF, 0xF3, 0xFF, 0xFC, 0x3F, 0xFF, 0x23, 0xFF, 0x8E, 0x3F, 0xE1,
  0xE3, 0xFE, 0x7E, 0x3F, 0xFF, 0xEF, 0xFF, 0xFF, 0xFF, 0xFF, 0xFF, 0xFF,
  0xFF, 0x80, 0xFF, 0xFF, 0xFF, 0xFF, 0xFF, 0xFF, 0xFF, 0xFF, 0xFF, 0xFF,
  0xBF, 0x9F, 0xE3, 0xF3, 0xFE, 0x3C, 0xFF, 0xF3, 0x3F, 0xFF, 0x0F, 0xFF,
  0xF3, 0xFF, 0xFC, 0x3F, 0xFF, 0x23, 0xFF, 0x8E, 0x3F, 0xE1, 0xE3, 0xFE,
  0x7E, 0x3F, 0xFF, 0xEF, 0xFF, 0xFF, 0xFF, 0xFF, 0xFF, 0xFF, 0xFF, 0x80,
  0xFF, 0xFF, 0xFF, 0xFF, 0xFF, 0xFF, 0xFF, 0xFF, 0xFF, 0xFF, 0xBF, 0x9F,
  0xE3, 0xF3, 0xFE, 0x3C, 0xFF, 0xF3, 0x3F, 0xFF, 0x0F, 0xFF, 0xF3, 0xFF,
  0xFC, 0x3F, 0xFF, 0x23, 0xFF, 0x8E, 0x3F, 0xE1, 0xE3, 0xFE, 0x7E, 0x3F,
  0xFF, 0xEF, 0xFF, 0xFF, 0xFF, 0xFF, 0xFF, 0xFF, 0xFF, 0x80, 0x00, 0x2F,
  0xFE, 0x00, 0x06, 0x66, 0x66, 0x66, 0x66, 0x66, 0x67, 0x77, 0x7F, 0xF0,
  0x01, 0x80, 0x18, 0x01, 0x80, 0x38, 0x1F, 0xF3, 0x87, 0x70, 0x77, 0x03,
  0xE0, 0x0E, 0x00, 0xE0, 0x0E, 0x00, 0xE0, 0x0E, 0x00, 0xF0, 0x07, 0x00,
  0x78, 0x13, 0xFF, 0x1F, 0xC0, 0x60, 0x06, 0x00, 0x60, 0x00, 0x38, 0x00,
  0x7F, 0x80, 0x38, 0xF0, 0x1C, 0x08, 0x07, 0x00, 0x03, 0x80, 0x00, 0xE0,
  0x00, 0x38, 0x00, 0x0E, 0x00, 0x0F, 0xF8, 0x03, 0xFE, 0x00, 0x38, 0x00,
  0x0E, 0x00, 0x03, 0x80, 0x00, 0xE0, 0x1C, 0x38, 0x07, 0x0E, 0x01, 0xC3,
  0x00, 0x77, 0xE0, 0x3B, 0xFF, 0xFC, 0x60, 0xFE, 0x00, 0x60, 0x06, 0xF0,
  0x0F, 0x3F, 0xFC, 0x1F, 0xF8, 0x1C, 0x38, 0x18, 0x1C, 0x38, 0x0C, 0x30,
  0x0C, 0x30, 0x0C, 0x38, 0x1C, 0x1C, 0x18, 0x1F, 0x78, 0x3F, 0xFC, 0x71,
  0x8E, 0xE0, 0x07, 0x40, 0x02, 0xFE, 0x1F, 0xCE, 0x01, 0x83, 0xC0, 0x60,
  0x70, 0x30, 0x0E, 0x1C, 0x03, 0x86, 0x00, 0x73, 0x00, 0x0E, 0xC0, 0x03,
  0xE0, 0x1F, 0xFF, 0xC0, 0x1C, 0x00, 0x07, 0x00, 0x01, 0xC0, 0x00, 0x70,
  0x07, 0xFF, 0xF0, 0x07, 0x00, 0x01, 0xC0, 0x00, 0x70, 0x00, 0x1E, 0x00,
  0x3F, 0xE0, 0xFF, 0xFF, 0xFC, 0x03, 0xFF, 0xFF, 0xFC, 0x01, 0x80, 0x7F,
  0xE3, 0x83, 0x9C, 0x06, 0x70, 0x19, 0xC0, 0x67, 0x80, 0x0F, 0x00, 0x3F,
  0x81, 0xBF, 0x86, 0x1F, 0x38, 0x1E, 0x60, 0x3D, 0xC0, 0x77, 0x80, 0xCF,
  0x83, 0x1F, 0xD8, 0x1F, 0xE0, 0x0F, 0x80, 0x0E, 0x60, 0x1D, 0x80, 0x76,
  0x01, 0x9C, 0x0E, 0x7F, 0xF0, 0x1E, 0x00, 0x61, 0xBC, 0xFF, 0x3D, 0x86,
  0x01, 0xFE, 0x00, 0x0F, 0x0F, 0x00, 0x30, 0x03, 0x80, 0xC0, 0x03, 0x83,
  0x00, 0x01, 0x8C, 0x0F, 0xC3, 0x18, 0x3F, 0xC3, 0x60, 0xC1, 0x86, 0xC3,
  0x03, 0x07, 0x06, 0x00, 0x0E, 0x1C, 0x00, 0x1C, 0x38, 0x00, 0x38, 0x70,
  0x00, 0x70, 0x60, 0x00, 0xF0, 0xE0, 0x01, 0xE1, 0xE1, 0x82, 0x41, 0xFE,
  0x0C, 0xC1, 0xF8, 0x30, 0xC0, 0x00, 0x60, 0xC0, 0x01, 0x80, 0xC0, 0x0E,
  0x00, 0xE0, 0x70, 0x00, 0x7F, 0xC0, 0x00, 0x3F, 0x1F, 0xF2, 0x06, 0x00,
  0xE0, 0x1C, 0x3F, 0x9E, 0x77, 0x0E, 0xC1, 0xD8, 0x3B, 0x8F, 0x7F, 0xF3,
  0x8C, 0x06, 0x06, 0x1C, 0x18, 0x70, 0x61, 0xC1, 0xC7, 0x0F, 0x1E, 0x3C,
  0x38, 0x70, 0x70, 0xF0, 0x70, 0xE0, 0x70, 0xE0, 0x70, 0xE0, 0x60, 0xE0,
  0x60, 0xE0, 0x80, 0x80, 0xFF, 0xFF, 0xFF, 0xC0, 0x06, 0x00, 0x30, 0x01,
  0x80, 0x0C, 0x00, 0x60, 0x03, 0xFF, 0xFF, 0xFF, 0xFF, 0xFF, 0xFF, 0xFF,
  0xFF, 0xFF, 0xFF, 0xBF, 0x9F, 0xE3, 0xF3, 0xFE, 0x3C, 0xFF, 0xF3, 0x3F,
  0xFF, 0x0F, 0xFF, 0xF3, 0xFF, 0xFC, 0x3F, 0xFF, 0x23, 0xFF, 0x8E, 0x3F,
  0xE1, 0xE3, 0xFE, 0x7E, 0x3F, 0xFF, 0xEF, 0xFF, 0xFF, 0xFF, 0xFF, 0xFF,
  0xFF, 0xFF, 0x80, 0x01, 0xFE, 0x00, 0x0F, 0x0F, 0x00, 0x30, 0x03, 0x80,
  0xC0, 0x03, 0x83, 0x00, 0x01, 0x8C, 0x7F, 0x83, 0x18, 0xF3, 0xC3, 0x60,
  0xC1, 0x86, 0xC1, 0x83, 0x07, 0x03, 0x06, 0x0E, 0x06, 0x1C, 0x1C, 0x0F,
  0xF0, 0x38, 0x1F, 0xC0, 0x70, 0x31, 0xC0, 0xF0, 0x61, 0x81, 0xE0, 0xC3,
  0x82, 0x41, 0x83, 0x8C, 0xC7, 0xC7, 0x30, 0xC0, 0x00, 0x60, 0xC0, 0x01,
  0x80, 0xC0, 0x0E, 0x00, 0xE0, 0x70, 0x00, 0x7F, 0xC0, 0x00, 0xFF, 0xFF,
  0xC0, 0x3C, 0x3F, 0xB0, 0xF8, 0x3C, 0x1E, 0x0F, 0x06, 0xEE, 0x3E, 0x00,
  0x03, 0x00, 0x18, 0x00, 0xC0, 0x06, 0x00, 0x30, 0x7F, 0xFF, 0xFF, 0xE0,
  0x60, 0x03, 0x00, 0x18, 0x00, 0xC0, 0x06, 0x00, 0x00, 0x7F, 0xFB, 0xFF,
  0xC0, 0x1F, 0x0F, 0xF1, 0x07, 0x00, 0xE0, 0x1C, 0x03, 0x00, 0xE0, 0x18,
  0x06, 0x01, 0x88, 0x61, 0xFF, 0xF7, 0xFC, 0x3F, 0x3F, 0xE0, 0x38, 0x0E,
  0x03, 0x03, 0x83, 0xF0, 0x0E, 0x01, 0xC0, 0x70, 0x1C, 0x1E, 0x7E, 0x00,
  0x0C, 0x1C, 0x71, 0xC7, 0x1C, 0x00, 0x10, 0x09, 0xE0, 0xF9, 0xC0, 0x73,
  0x80, 0xE7, 0x01, 0xCE, 0x03, 0x9C, 0x07, 0x38, 0x0E, 0x70, 0x1C, 0xE0,
  0x39, 0xC0, 0x73, 0x80, 0xE7, 0x01, 0xCF, 0x07, 0x9F, 0xFF, 0x3B, 0xEF,
  0x70, 0x00, 0xE0, 0x01, 0xC0, 0x03, 0x80, 0x07, 0x00, 0x00, 0x07, 0xFF,
  0x8F, 0xFF, 0xCF, 0xE3, 0x8F, 0xF1, 0xC7, 0xF8, 0xE7, 0xFC, 0x73, 0xFE,
  0x38, 0xFF, 0x1C, 0x7F, 0x8E, 0x3F, 0xC7, 0x0F, 0xE3, 0x83, 0xF1, 0xC0,
  0x38, 0xE0, 0x1C, 0x70, 0x0E, 0x38, 0x07, 0x1C, 0x03, 0x8E, 0x01, 0xC7,
  0x00, 0xE3, 0x80, 0x71, 0xC0, 0x38, 0xE0, 0x3C, 0x78, 0x3E, 0x3E, 0xFF,
  0xF0, 0x30, 0x61, 0x87, 0xBF, 0xE7, 0x00, 0x38, 0xF8, 0xD8, 0x18, 0x18,
  0x18, 0x18, 0x18, 0x18, 0x18, 0x18, 0x18, 0xFF, 0x1F, 0x06, 0x39, 0x83,
  0x70, 0x7E, 0x0F, 0xC1, 0xF8, 0x3F, 0x07, 0xE0, 0xFC, 0x1D, 0xC3, 0x1F,
  0xC0, 0xE0, 0xC0, 0xC0, 0xC1, 0xC1, 0xC1, 0xC1, 0xC1, 0xC1, 0xC3, 0xC1,
  0xC3, 0xC3, 0xC3, 0x87, 0x8F, 0x1E, 0x1C, 0x38, 0x70, 0xE1, 0xC3, 0x83,
  0x0E, 0x0C, 0x08, 0x08, 0x00, 0x38, 0x01, 0xC1, 0xF0, 0x03, 0x03, 0x60,
  0x0C, 0x00, 0xC0, 0x18, 0x01, 0x80, 0x60, 0x03, 0x00, 0xC0, 0x06, 0x03,
  0x00, 0x0C, 0x06, 0x00, 0x18, 0x18, 0x00, 0x30, 0x30, 0xE0, 0x60, 0xC3,
  0x80, 0xC1, 0x86, 0x0F, 0xF6, 0x1C, 0x00, 0x0C, 0x30, 0x00, 0x30, 0xE6,
  0x00, 0x61, 0x8C, 0x01, 0x86, 0x18, 0x03, 0x0C, 0x34, 0x0C, 0x3F, 0xF8,
  0x18, 0x00, 0xC0, 0x60, 0x01, 0x80, 0xC0, 0x03, 0x03, 0x00, 0x00, 0x00,
  0x38, 0x01, 0xC0, 0xF8, 0x01, 0x80, 0xD8, 0x03, 0x00, 0x18, 0x03, 0x00,
  0x18, 0x06, 0x00, 0x18, 0x06, 0x00, 0x18, 0x0C, 0x00, 0x18, 0x0C, 0x00,
  0x18, 0x18, 0x00, 0x18, 0x18, 0xF8, 0x18, 0x33, 0xFC, 0x18, 0x32, 0x0E,
  0xFF, 0x60, 0x0E, 0x00, 0x60, 0x0E, 0x00, 0xC0, 0x0C, 0x00, 0xC0, 0x1C,
  0x01, 0x80, 0x18, 0x01, 0x80, 0x30, 0x03, 0x00, 0x62, 0x03, 0x00, 0xC3,
  0x06, 0x07, 0xFF, 0x06, 0x03, 0xFE, 0x0C, 0x00, 0x00, 0x3F, 0x00, 0x70,
  0x3F, 0xE0, 0x18, 0x00, 0x38, 0x0C, 0x00, 0x0E, 0x03, 0x00, 0x03, 0x01,
  0x80, 0x03, 0x80, 0x60, 0x03, 0xF0, 0x30, 0x00, 0x0E, 0x0C, 0x00, 0x01,
  0xC6, 0x00, 0x00, 0x71, 0x83, 0x80, 0x1C, 0xC1, 0xC0, 0x1E, 0x30, 0x60,
  0x7E, 0x18, 0x38, 0x00, 0x06, 0x0C, 0x00, 0x03, 0x07, 0x30, 0x00, 0xC1,
  0x8C, 0x00, 0x60, 0xC3, 0x00, 0x18, 0x30, 0xD0, 0x0C, 0x1F, 0xFC, 0x03,
  0x00, 0x0C, 0x01, 0x80, 0x03, 0x00, 0x60, 0x00, 0xC0, 0x30, 0x00, 0x00,
  0x02, 0x00, 0xE0, 0x1C, 0x03, 0x80, 0x00, 0x00, 0x00, 0x00, 0x18, 0x03,
  0x00, 0x60, 0x0E, 0x01, 0xC0, 0x70, 0x1C, 0x0F, 0x03, 0x80, 0x60, 0x1C,
  0x03, 0x80, 0x70, 0x0E, 0x01, 0xC0, 0x1C, 0x01, 0xF3, 0x1F, 0xE0, 0x70,
  0x01, 0x00, 0x00, 0x78, 0x00, 0x03, 0xC0, 0x00, 0x1C, 0x00, 0x00, 0x60,
  0x00, 0x00, 0x00, 0x00, 0xE0, 0x00, 0x0F, 0x00, 0x00, 0xF0, 0x00, 0x1B,
  0x00, 0x01, 0xB8, 0x00, 0x3B, 0x80, 0x03, 0x18, 0x00, 0x31, 0xC0, 0x07,
  0x1C, 0x00, 0x61, 0xC0, 0x06, 0x0E, 0x00, 0xE0, 0xE0, 0x0C, 0x0E, 0x00,
  0xC0, 0x70, 0x1F, 0xFF, 0x01, 0x80, 0x78, 0x18, 0x03, 0x83, 0x80, 0x38,
  0x30, 0x03, 0xC7, 0x80, 0x7E, 0xFC, 0x0F, 0xF0, 0x00, 0x18, 0x00, 0x01,
  0xC0, 0x00, 0x38, 0x00, 0x07, 0x00, 0x00, 0xE0, 0x00, 0x00, 0x00, 0x00,
  0xE0, 0x00, 0x0F, 0x00, 0x00, 0xF0, 0x00, 0x1B, 0x00, 0x01, 0xB8, 0x00,
  0x3B, 0x80, 0x03, 0x18, 0x00, 0x31, 0xC0, 0x07, 0x1C, 0x00, 0x61, 0xC0,
  0x06, 0x0E, 0x00, 0xE0, 0xE0, 0x0C, 0x0E, 0x00, 0xC0, 0x70, 0x1F, 0xFF,
  0x01, 0x80, 0x78, 0x18, 0x03, 0x83, 0x80, 0x38, 0x30, 0x03, 0xC7, 0x80,
  0x7E, 0xFC, 0x0F, 0xF0, 0x00, 0x60, 0x00, 0x0F, 0x00, 0x01, 0xF8, 0x00,
  0x31, 0xC0, 0x06, 0x06, 0x00, 0x00, 0x00, 0x00, 0xE0, 0x00, 0x0F, 0x00,
  0x00, 0xF0, 0x00, 0x1B, 0x00, 0x01, 0xB8, 0x00, 0x3B, 0x80, 0x03, 0x18,
  0x00, 0x31, 0xC0, 0x07, 0x1C, 0x00, 0x61, 0xC0, 0x06, 0x0E, 0x00, 0xE0,
  0xE0, 0x0C, 0x0E, 0x00, 0xC0, 0x70, 0x1F, 0xFF, 0x01, 0x80, 0x78, 0x18,
  0x03, 0x83, 0x80, 0x38, 0x30, 0x03, 0xC7, 0x80, 0x7E, 0xFC, 0x0F, 0xF0,
  0x01, 0x88, 0x00, 0x3C, 0xC0, 0x06, 0x78, 0x00, 0x23, 0x00, 0x00, 0x00,
  0x00, 0x0E, 0x00, 0x00, 0xF0, 0x00, 0x0F, 0x00, 0x01, 0xB0, 0x00, 0x1B,
  0x80, 0x03, 0xB8, 0x00, 0x31, 0x80, 0x03, 0x1C, 0x00, 0x71, 0xC0, 0x06,
  0x1C, 0x00, 0x60, 0xE0, 0x0E, 0x0E, 0x00, 0xC0, 0xE0, 0x0C, 0x07, 0x01,
  0xFF, 0xF0, 0x18, 0x07, 0x81, 0x80, 0x38, 0x38, 0x03, 0x83, 0x00, 0x3C,
  0x78, 0x07, 0xEF, 0xC0, 0xFF, 0x03, 0x18, 0x00, 0x79, 0xC0, 0x03, 0x9C,
  0x00, 0x31, 0x80, 0x00, 0x00, 0x00, 0x0E, 0x00, 0x00, 0xF0, 0x00, 0x0F,
  0x00, 0x01, 0xB0, 0x00, 0x1B, 0x80, 0x03, 0xB8, 0x00, 0x31, 0x80, 0x03,
  0x1C, 0x00, 0x71, 0xC0, 0x06, 0x1C, 0x00, 0x60, 0xE0, 0x0E, 0x0E, 0x00,
  0xC0, 0xE0, 0x0C, 0x07, 0x01, 0xFF, 0xF0, 0x18, 0x07, 0x81, 0x80, 0x38,
  0x38, 0x03, 0x83, 0x00, 0x3C, 0x78, 0x07, 0xEF, 0xC0, 0xFF, 0x00, 0x20,
  0x00, 0x1F, 0x80, 0x01, 0x18, 0x00, 0x30, 0xC0, 0x01, 0x08, 0x00, 0x19,
  0x80, 0x00, 0xF0, 0x00, 0x00, 0x00, 0x00, 0xE0, 0x00, 0x0F, 0x00, 0x00,
  0xF0, 0x00, 0x1B, 0x00, 0x01, 0xB8, 0x00, 0x3B, 0x80, 0x03, 0x18, 0x00,
  0x31, 0xC0, 0x07, 0x1C, 0x00, 0x61, 0xC0, 0x06, 0x0E, 0x00, 0xE0, 0xE0,
  0x0C, 0x0E, 0x00, 0xC0, 0x70, 0x1F, 0xFF, 0x01, 0x80, 0x78, 0x18, 0x03,
  0x83, 0x80, 0x38, 0x30, 0x03, 0xC7, 0x80, 0x7E, 0xFC, 0x0F, 0xF0, 0x03,
  0xFF, 0xFF, 0x80, 0x0C, 0xE0, 0x30, 0x01, 0x9C, 0x02, 0x00, 0x73, 0x80,
  0x60, 0x0C, 0x70, 0x00, 0x01, 0x8E, 0x00, 0x00, 0x61, 0xC1, 0x80, 0x0C,
  0x38, 0x30, 0x03, 0x87, 0x06, 0x00, 0x60, 0xFF, 0xC0, 0x1C, 0x1C, 0x18,
  0x03, 0x03, 0x83, 0x00, 0x7F, 0xF0, 0x60, 0x1F, 0xFE, 0x00, 0x03, 0x01,
  0xC0, 0x00, 0xE0, 0x38, 0x03, 0x18, 0x07, 0x00, 0x67, 0x00, 0xE0, 0x1D,
  0xF0, 0x3F, 0xFF, 0xFF, 0x0F, 0xFF, 0xE0, 0x00, 0xF0, 0x07, 0xFF, 0x0E,
  0x07, 0x38, 0x07, 0x38, 0x06, 0x70, 0x06, 0x70, 0x00, 0xE0, 0x00, 0xE0,
  0x00, 0xE0, 0x00, 0xE0, 0x00, 0xE0, 0x00, 0xE0, 0x00, 0xE0, 0x00, 0xF0,
  0x00, 0xF0, 0x00, 0x70, 0x03, 0x78, 0x07, 0x3C, 0x06, 0x1F, 0x0E, 0x07,
  0xFC, 0x00, 0x40, 0x00, 0x60, 0x00, 0x60, 0x00, 0x70, 0x02, 0xF0, 0x03,
  0xE0, 0x01, 0xC0, 0x04, 0x00, 0x1E, 0x00, 0x0F, 0x00, 0x07, 0x00, 0x01,
  0x80, 0x00, 0x00, 0x00, 0x00, 0xFF, 0xFC, 0x38, 0x0C, 0x38, 0x04, 0x38,
  0x06, 0x38, 0x00, 0x38, 0x00, 0x38, 0x30, 0x38, 0x30, 0x38, 0x30, 0x3F,
  0xF0, 0x38, 0x30, 0x38, 0x30, 0x38, 0x30, 0x38, 0x00, 0x38, 0x00, 0x38,
  0x03, 0x38, 0x03, 0x38, 0x07, 0x7F, 0xFF, 0xFF, 0xFE, 0x00, 0x60, 0x00,
  0x70, 0x00, 0xE0, 0x01, 0xC0, 0x03, 0x80, 0x00, 0x00, 0x00, 0x00, 0xFF,
  0xFC, 0x38, 0x0C, 0x38, 0x04, 0x38, 0x06, 0x38, 0x00, 0x38, 0x00, 0x38,
  0x30, 0x38, 0x30, 0x38, 0x30, 0x3F, 0xF0, 0x38, 0x30, 0x38, 0x30, 0x38,
  0x30, 0x38, 0x00, 0x38, 0x00, 0x38, 0x03, 0x38, 0x03, 0x38, 0x07, 0x7F,
  0xFF, 0xFF, 0xFE, 0x01, 0x80, 0x03, 0xC0, 0x07, 0xE0, 0x0C, 0x70, 0x18,
  0x18, 0x00, 0x00, 0x00, 0x00, 0xFF, 0xFC, 0x38, 0x0C, 0x38, 0x04, 0x38,
  0x06, 0x38, 0x00, 0x38, 0x00, 0x38, 0x30, 0x38, 0x30, 0x38, 0x30, 0x3F,
  0xF0, 0x38, 0x30, 0x38, 0x30, 0x38, 0x30, 0x38, 0x00, 0x38, 0x00, 0x38,
  0x03, 0x38, 0x03, 0x38, 0x07, 0x7F, 0xFF, 0xFF, 0xFE, 0x0C, 0x60, 0x1E,
  0x70, 0x0E, 0x70, 0x0C, 0x60, 0x00, 0x00, 0x00, 0x00, 0xFF, 0xFC, 0x38,
  0x0C, 0x38, 0x04, 0x38, 0x06, 0x38, 0x00, 0x38, 0x00, 0x38, 0x30, 0x38,
  0x30, 0x38, 0x30, 0x3F, 0xF0, 0x38, 0x30, 0x38, 0x30, 0x38, 0x30, 0x38,
  0x00, 0x38, 0x00, 0x38, 0x03, 0x38, 0x03, 0x38, 0x07, 0x7F, 0xFF, 0xFF,
  0xFE, 0x20, 0x78, 0x1E, 0x07, 0x00, 0xC0, 0x00, 0x00, 0xFF, 0x0E, 0x07,
  0x03, 0x81, 0xC0, 0xE0, 0x70, 0x38, 0x1C, 0x0E, 0x07, 0x03, 0x81, 0xC0,
  0xE0, 0x70, 0x38, 0x1C, 0x0E, 0x1F, 0x9F, 0xE0, 0x03, 0x01, 0xC1, 0xC1,
  0xC1, 0xC0, 0x00, 0x01, 0xFE, 0x1C, 0x0E, 0x07, 0x03, 0x81, 0xC0, 0xE0,
  0x70, 0x38, 0x1C, 0x0E, 0x07, 0x03, 0x81, 0xC0, 0xE0, 0x70, 0x38, 0x1C,
  0x3F, 0x3F, 0xC0, 0x0C, 0x07, 0x83, 0xF1, 0x8E, 0xC0, 0xC0, 0x00, 0x01,
  0xFE, 0x0E, 0x03, 0x80, 0xE0, 0x38, 0x0E, 0x03, 0x80, 0xE0, 0x38, 0x0E,
  0x03, 0x80, 0xE0, 0x38, 0x0E, 0x03, 0x80, 0xE0, 0x38, 0x0E, 0x0F, 0xC7,
  0xF8, 0x63, 0x79, 0xDC, 0xEC, 0x60, 0x00, 0x01, 0xFE, 0x1C, 0x0E, 0x07,
  0x03, 0x81, 0xC0, 0xE0, 0x70, 0x38, 0x1C, 0x0E, 0x07, 0x03, 0x81, 0xC0,
  0xE0, 0x70, 0x38, 0x1C, 0x3F, 0x3F, 0xC0, 0x01, 0xC0, 0x1F, 0xFF, 0x80,
  0xE0, 0x7C, 0x1C, 0x03, 0xC3, 0x80, 0x38, 0x70, 0x03, 0x8E, 0x00, 0x71,
  0xC0, 0x0E, 0x38, 0x01, 0xE7, 0x00, 0x3F, 0xFE, 0x03, 0x9C, 0x00, 0xF3,
  0x80, 0x1E, 0x70, 0x03, 0x8E, 0x00, 0x71, 0xC0, 0x0E, 0x38, 0x03, 0x87,
  0x00, 0xE0, 0xE0, 0x3C, 0x3E, 0x1E, 0x0F, 0xFF, 0x80, 0x01, 0x88, 0x00,
  0x3C, 0xC0, 0x06, 0x78, 0x00, 0x23, 0x00, 0x00, 0x00, 0x00, 0x00, 0x00,
  0xFC, 0x07, 0xF3, 0xC0, 0x0C, 0x3E, 0x00, 0xC3, 0xF0, 0x0C, 0x37, 0x00,
  0xC3, 0x38, 0x0C, 0x33, 0xC0, 0xC3, 0x1C, 0x0C, 0x30, 0xE0, 0xC3, 0x0F,
  0x0C, 0x30, 0x70, 0xC3, 0x03, 0x8C, 0x30, 0x3C, 0xC3, 0x01, 0xCC, 0x30,
  0x0E, 0xC3, 0x00, 0xFC, 0x30, 0x07, 0xC3, 0x00, 0x3C, 0x78, 0x03, 0xCF,
  0xE0, 0x1C, 0x02, 0x00, 0x03, 0xC0, 0x00, 0x78, 0x00, 0x0E, 0x00, 0x00,
  0xC0, 0x00, 0x00, 0x00, 0x0C, 0x00, 0x1F, 0xF0, 0x1C, 0x1E, 0x0E, 0x01,
  0xC3, 0x80, 0x79, 0xC0, 0x0E, 0x70, 0x03, 0xB8, 0x00, 0xFE, 0x00, 0x3F,
  0x80, 0x07, 0xE0, 0x01, 0xF8, 0x00, 0x7E, 0x00, 0x3F, 0x80, 0x0F, 0xF0,
  0x03, 0x9C, 0x00, 0xE7, 0x00, 0x39, 0xE0, 0x1C, 0x3C, 0x0E, 0x07, 0x87,
  0x00, 0x7F, 0x00, 0x00, 0x30, 0x00, 0x0E, 0x00, 0x07, 0x00, 0x03, 0x80,
  0x01, 0xC0, 0x00, 0x00, 0x00, 0x0C, 0x00, 0x1F, 0xF0, 0x1C, 0x1E, 0x0E,
  0x01, 0xC3, 0x80, 0x79, 0xC0, 0x0E, 0x70, 0x03, 0xB8, 0x00, 0xFE, 0x00,
  0x3F, 0x80, 0x07, 0xE0, 0x01, 0xF8, 0x00, 0x7E, 0x00, 0x3F, 0x80, 0x0F,
  0xF0, 0x03, 0x9C, 0x00, 0xE7, 0x00, 0x39, 0xE0, 0x1C, 0x3C, 0x0E, 0x07,
  0x87, 0x00, 0x7F, 0x00, 0x00, 0xC0, 0x00, 0x78, 0x00, 0x3F, 0x00, 0x18,
  0xE0, 0x0C, 0x0C, 0x00, 0x00, 0x00, 0x0C, 0x00, 0x1F, 0xF0, 0x1C, 0x1E,
  0x0E, 0x01, 0xC3, 0x80, 0x79, 0xC0, 0x0E, 0x70, 0x03, 0xB8, 0x00, 0xFE,
  0x00, 0x3F, 0x80, 0x07, 0xE0, 0x01, 0xF8, 0x00, 0x7E, 0x00, 0x3F, 0x80,
  0x0F, 0xF0, 0x03, 0x9C, 0x00, 0xE7, 0x00, 0x39, 0xE0, 0x1C, 0x3C, 0x0E,
  0x07, 0x87, 0x00, 0x7F, 0x00, 0x03, 0x10, 0x01, 0xE6, 0x00, 0xCF, 0x00,
  0x11, 0x80, 0x00, 0x00, 0x00, 0x30, 0x00, 0x7F, 0xC0, 0x70, 0x78, 0x38,
  0x07, 0x0E, 0x01, 0xE7, 0x00, 0x39, 0xC0, 0x0E, 0xE0, 0x03, 0xF8, 0x00,
  0xFE, 0x00, 0x1F, 0x80, 0x07, 0xE0, 0x01, 0xF8, 0x00, 0xFE, 0x00, 0x3F,
  0xC0, 0x0E, 0x70, 0x03, 0x9C, 0x00, 0xE7, 0x80, 0x70, 0xF0, 0x38, 0x1E,
  0x1C, 0x01, 0xFC, 0x00, 0x06, 0x30, 0x03, 0xCE, 0x00, 0x73, 0x80, 0x18,
  0xC0, 0x00, 0x00, 0x00, 0x30, 0x00, 0x7F, 0xC0, 0x70, 0x78, 0x38, 0x07,
  0x0E, 0x01, 0xE7, 0x00, 0x39, 0xC0, 0x0E, 0xE0, 0x03, 0xF8, 0x00, 0xFE,
  0x00, 0x1F, 0x80, 0x07, 0xE0, 0x01, 0xF8, 0x00, 0xFE, 0x00, 0x3F, 0xC0,
  0x0E, 0x70, 0x03, 0x9C, 0x00, 0xE7, 0x80, 0x70, 0xF0, 0x38, 0x1E, 0x1C,
  0x01, 0xFC, 0x00, 0x40, 0x2E, 0x07, 0x70, 0xE3, 0x9C, 0x1F, 0x80, 0xF0,
  0x0F, 0x01, 0xF8, 0x39, 0xC7, 0x0E, 0xE0, 0x76, 0x02, 0x00, 0x04, 0x00,
  0x01, 0x00, 0x0C, 0xC0, 0x1F, 0xF0, 0x1C, 0x1E, 0x0E, 0x05, 0xC3, 0x81,
  0x79, 0xC0, 0xCE, 0x70, 0x23, 0xB8, 0x08, 0xFE, 0x04, 0x3F, 0x81, 0x07,
  0xE0, 0xC1, 0xF8, 0x20, 0x7E, 0x08, 0x3F, 0x84, 0x0F, 0xF1, 0x03, 0x9C,
  0xC0, 0xE7, 0x20, 0x39, 0xE8, 0x1C, 0x3C, 0x0E, 0x07, 0x87, 0x00, 0xFF,
  0x00, 0x20, 0x00, 0x08, 0x00, 0x06, 0x00, 0x00, 0x01, 0x00, 0x00, 0xF0,
  0x00, 0x0F, 0x00, 0x00, 0xE0, 0x00, 0x06, 0x00, 0x00, 0x00, 0x00, 0x00,
  0x07, 0xF0, 0x7F, 0x38, 0x01, 0x87, 0x00, 0x30, 0xE0, 0x06, 0x1C, 0x00,
  0xC3, 0x80, 0x18, 0x70, 0x03, 0x0E, 0x00, 0x61, 0xC0, 0x0C, 0x38, 0x01,
  0x87, 0x00, 0x30, 0xE0, 0x06, 0x1C, 0x00, 0xC3, 0x80, 0x18, 0x70, 0x03,
  0x0E, 0x00, 0xC0, 0xE0, 0x18, 0x1C, 0x06, 0x01, 0xF3, 0x80, 0x0F, 0xE0,
  0x00, 0x00, 0x18, 0x00, 0x03, 0x80, 0x00, 0xE0, 0x00, 0x38, 0x00, 0x0E,
  0x00, 0x00, 0x00, 0x00, 0x00, 0x07, 0xF0, 0x7F, 0x38, 0x01, 0x87, 0x00,
  0x30, 0xE0, 0x06, 0x1C, 0x00, 0xC3, 0x80, 0x18, 0x70, 0x03, 0x0E, 0x00,
  0x61, 0xC0, 0x0C, 0x38, 0x01, 0x87, 0x00, 0x30, 0xE0, 0x06, 0x1C, 0x00,
  0xC3, 0x80, 0x18, 0x70, 0x03, 0x0E, 0x00, 0xC0, 0xE0, 0x18, 0x1C, 0x06,
  0x01, 0xF3, 0x80, 0x0F, 0xE0, 0x00, 0x00, 0xC0, 0x00, 0x3C, 0x00, 0x0F,
  0xC0, 0x03, 0x1C, 0x00, 0xC0, 0xC0, 0x00, 0x00, 0x00, 0x00, 0x07, 0xF0,
  0x7F, 0x38, 0x01, 0x87, 0x00, 0x30, 0xE0, 0x06, 0x1C, 0x00, 0xC3, 0x80,
  0x18, 0x70, 0x03, 0x0E, 0x00, 0x61, 0xC0, 0x0C, 0x38, 0x01, 0x87, 0x00,
  0x30, 0xE0, 0x06, 0x1C, 0x00, 0xC3, 0x80, 0x18, 0x70, 0x03, 0x0E, 0x00,
  0xC0, 0xE0, 0x18, 0x1C, 0x06, 0x01, 0xF3, 0x80, 0x0F, 0xE0, 0x00, 0x03,
  0x18, 0x00, 0xF3, 0x80, 0x0E, 0x70, 0x01, 0x8C, 0x00, 0x00, 0x00, 0x00,
  0x00, 0x3F, 0x83, 0xF9, 0xC0, 0x0C, 0x38, 0x01, 0x87, 0x00, 0x30, 0xE0,
  0x06, 0x1C, 0x00, 0xC3, 0x80, 0x18, 0x70, 0x03, 0x0E, 0x00, 0x61, 0xC0,
  0x0C, 0x38, 0x01, 0x87, 0x00, 0x30, 0xE0, 0x06, 0x1C, 0x00, 0xC3, 0x80,
  0x18, 0x70, 0x06, 0x07, 0x00, 0xC0, 0xE0, 0x30, 0x0F, 0x9C, 0x00, 0x7F,
  0x00, 0x00, 0x30, 0x00, 0x0E, 0x00, 0x07, 0x00, 0x03, 0x80, 0x01, 0xC0,
  0x00, 0x00, 0x00, 0x00, 0x03, 0xF8, 0x3F, 0x78, 0x03, 0x0E, 0x01, 0xC3,
  0xC0, 0x60, 0x70, 0x38, 0x0E, 0x0C, 0x03, 0x86, 0x00, 0x71, 0x80, 0x1C,
  0xC0, 0x03, 0xB0, 0x00, 0xF8, 0x00, 0x1E, 0x00, 0x07, 0x00, 0x01, 0xC0,
  0x00, 0x70, 0x00, 0x1C, 0x00, 0x07, 0x00, 0x01, 0xC0, 0x00, 0xFC, 0x00,
  0xFF, 0x80, 0xFF, 0x00, 0x38, 0x00, 0x38, 0x00, 0x38, 0x00, 0x3F, 0xF8,
  0x3E, 0x7C, 0x38, 0x0E, 0x38, 0x0F, 0x38, 0x07, 0x38, 0x07, 0x38, 0x0F,
  0x38, 0x0E, 0x38, 0x0E, 0x38, 0x1C, 0x3F, 0xF8, 0x38, 0x00, 0x38, 0x00,
  0x38, 0x00, 0x7E, 0x00, 0xFF, 0x00, 0x00, 0x40, 0x03, 0xF8, 0x06, 0x1C,
  0x0C, 0x0C, 0x1C, 0x0E, 0x18, 0x0C, 0x38, 0x1C, 0x38, 0x18, 0x38, 0x30,
  0x38, 0x60, 0x38, 0x70, 0x38, 0x70, 0x38, 0x78, 0x38, 0x3C, 0x38, 0x1E,
  0x38, 0x0F, 0x38, 0x07, 0x38, 0x07, 0x38, 0x07, 0x38, 0x07, 0x78, 0xFE,
  0xF8, 0xFC, 0x10, 0x03, 0xC0, 0x0F, 0x00, 0x38, 0x00, 0xE0, 0x03, 0x80,
  0x00, 0x00, 0x00, 0x06, 0x01, 0xFE, 0x3F, 0xF8, 0x81, 0xC0, 0x06, 0x00,
  0x30, 0x01, 0x81, 0xFC, 0x7E, 0x67, 0x83, 0x38, 0x19, 0xC0, 0xCE, 0x06,
  0x70, 0x73, 0xFD, 0x8F, 0xCF, 0x00, 0xC0, 0x07, 0x00, 0x70, 0x07, 0x00,
  0x70, 0x07, 0x00, 0x00, 0x00, 0x00, 0x06, 0x01, 0xFE, 0x3F, 0xF8, 0x81,
  0xC0, 0x06, 0x00, 0x30, 0x01, 0x81, 0xFC, 0x7E, 0x67, 0x83, 0x38, 0x19,
  0xC0, 0xCE, 0x06, 0x70, 0x73, 0xFD, 0x8F, 0xCF, 0x0F, 0x00, 0x7C, 0x07,
  0x60, 0x71, 0x87, 0x06, 0x10, 0x20, 0x00, 0x00, 0xC0, 0x3F, 0xC7, 0xFF,
  0x10, 0x38, 0x00, 0xC0, 0x06, 0x00, 0x30, 0x3F, 0x8F, 0xCC, 0xF0, 0x67,
  0x03, 0x38, 0x19, 0xC0, 0xCE, 0x0E, 0x7F, 0xB1, 0xF9, 0xE0, 0x1C, 0x41,
  0xFF, 0x08, 0xF0, 0x03, 0x00, 0x00, 0x03, 0x00, 0xFF, 0x1F, 0xFC, 0x40,
  0xE0, 0x03, 0x00, 0x18, 0x00, 0xC0, 0xFE, 0x3F, 0x33, 0xC1, 0x9C, 0x0C,
  0xE0, 0x67, 0x03, 0x38, 0x39, 0xFE, 0xC7, 0xE7, 0x80, 0x30, 0xC3, 0xCF,
  0x1E, 0x78, 0x61, 0x80, 0x00, 0x00, 0x00, 0x18, 0x07, 0xF8, 0xFF, 0xE2,
  0x07, 0x00, 0x18, 0x00, 0xC0, 0x06, 0x07, 0xF1, 0xF9, 0x9E, 0x0C, 0xE0,
  0x67, 0x03, 0x38, 0x19, 0xC1, 0xCF, 0xF6, 0x3F, 0x3C, 0x0F, 0x00, 0xCC,
  0x04, 0x20, 0x61, 0x81, 0x98, 0x0F, 0xC0, 0x00, 0x00, 0x00, 0x06, 0x01,
  0xFE, 0x3F, 0xF8, 0x81, 0xC0, 0x06, 0x00, 0x30, 0x01, 0x81, 0xFC, 0x7E,
  0x67, 0x83, 0x38, 0x19, 0xC0, 0xCE, 0x06, 0x70, 0x73, 0xFD, 0x8F, 0xCF,
  0x06, 0x01, 0x81, 0xFE, 0x7F, 0x3F, 0xFE, 0x1D, 0x81, 0xE0, 0x70, 0x0F,
  0x03, 0x80, 0x38, 0x1C, 0x01, 0x80, 0xE1, 0xFF, 0xFF, 0x7C, 0x60, 0x07,
  0x83, 0x80, 0x38, 0x1C, 0x01, 0xC0, 0xE0, 0x0E, 0x07, 0x80, 0x70, 0x7C,
  0x07, 0xFE, 0x7F, 0xEF, 0xC1, 0xFC, 0x03, 0x81, 0xFF, 0x38, 0x77, 0x07,
  0x60, 0x3E, 0x00, 0xE0, 0x0E, 0x00, 0xE0, 0x0E, 0x00, 0xE0, 0x0F, 0x00,
  0x70, 0x07, 0x81, 0x3F, 0xF1, 0xFC, 0x02, 0x00, 0x30, 0x03, 0x00, 0x38,
  0x17, 0x81, 0xF0, 0x0E, 0x00, 0x08, 0x03, 0xC0, 0x1E, 0x00, 0xE0, 0x07,
  0x00, 0x38, 0x00, 0x00, 0x00, 0x03, 0x01, 0xFE, 0x38, 0xF7, 0x07, 0x60,
  0x7E, 0x07, 0xE0, 0x7F, 0xFF, 0xE0, 0x0E, 0x00, 0xE0, 0x0E, 0x00, 0x70,
  0x07, 0x81, 0x3F, 0xF1, 0xFC, 0x00, 0x60, 0x07, 0x00, 0xE0, 0x1C, 0x03,
  0x80, 0x70, 0x00, 0x00, 0x00, 0x03, 0x01, 0xFE, 0x38, 0xF7, 0x07, 0x60,
  0x7E, 0x07, 0xE0, 0x7F, 0xFF, 0xE0, 0x0E, 0x00, 0xE0, 0x0E, 0x00, 0x70,
  0x07, 0x81, 0x3F, 0xF1, 0xFC, 0x07, 0x80, 0x7C, 0x0E, 0xC1, 0xC6, 0x38,
  0x31, 0x02, 0x00, 0x00, 0x30, 0x1F, 0xE3, 0x8F, 0x70, 0x76, 0x07, 0xE0,
  0x7E, 0x07, 0xFF, 0xFE, 0x00, 0xE0, 0x0E, 0x00, 0xE0, 0x07, 0x00, 0x78,
  0x13, 0xFF, 0x1F, 0xC0, 0x18, 0x63, 0xCF, 0x3C, 0xF1, 0x86, 0x00, 0x00,
  0x00, 0x03, 0x01, 0xFE, 0x38, 0xF7, 0x07, 0x60, 0x7E, 0x07, 0xE0, 0x7F,
  0xFF, 0xE0, 0x0E, 0x00, 0xE0, 0x0E, 0x00, 0x70, 0x07, 0x81, 0x3F, 0xF1,
  0xFC, 0x20, 0x78, 0x1E, 0x07, 0x01, 0xC0, 0x70, 0x00, 0x00, 0x02, 0x1F,
  0x0F, 0x81, 0xC0, 0xE0, 0x70, 0x38, 0x1C, 0x0E, 0x07, 0x03, 0x81, 0xC0,
  0xE0, 0x70, 0x7C, 0x7F, 0x06, 0x07, 0x0E, 0x1C, 0x38, 0x70, 0x00, 0x00,
  0x08, 0xF8, 0xF8, 0x38, 0x38, 0x38, 0x38, 0x38, 0x38, 0x38, 0x38, 0x38,
  0x38, 0x38, 0x7C, 0xFE, 0x1E, 0x07, 0xC3, 0xB1, 0xC6, 0xE0, 0xD0, 0x20,
  0x00, 0x08, 0x3E, 0x0F, 0x80, 0xE0, 0x38, 0x0E, 0x03, 0x80, 0xE0, 0x38,
  0x0E, 0x03, 0x80, 0xE0, 0x38, 0x0E, 0x07, 0xC3, 0xF8, 0x61, 0xBC, 0xFF,
  0x3D, 0x86, 0x00, 0x00, 0x00, 0x41, 0xF0, 0x7C, 0x07, 0x01, 0xC0, 0x70,
  0x1C, 0x07, 0x01, 0xC0, 0x70, 0x1C, 0x07, 0x01, 0xC0, 0x70, 0x3E, 0x1F,
  0xC0, 0x01, 0x01, 0xCE, 0x03, 0xF0, 0x03, 0xC0, 0x0F, 0x80, 0x67, 0x00,
  0x8E, 0x00, 0x1C, 0x00, 0x70, 0x0C, 0xE1, 0xFF, 0x8E, 0x0E, 0x70, 0x3D,
  0xC0, 0x7F, 0x01, 0xF8, 0x07, 0xE0, 0x1F, 0x80, 0x7E, 0x01, 0xF8, 0x07,
  0xF0, 0x39, 0xC0, 0xE7, 0x03, 0x0F, 0x38, 0x1F, 0xC0, 0x07, 0x10, 0x07,
  0xFC, 0x02, 0x3C, 0x00, 0x0C, 0x00, 0x00, 0x00, 0x81, 0x03, 0xCF, 0xE1,
  0xEE, 0xF8, 0x3C, 0x1C, 0x1C, 0x06, 0x0E, 0x03, 0x87, 0x01, 0xC3, 0x80,
  0xE1, 0xC0, 0x70, 0xE0, 0x38, 0x70, 0x1C, 0x38, 0x0E, 0x1C, 0x07, 0x0E,
  0x03, 0x8F, 0x83, 0xCF, 0xE3, 0xF8, 0x08, 0x00, 0xF0, 0x01, 0xE0, 0x03,
  0x80, 0x07, 0x00, 0x0E, 0x00, 0x00, 0x00, 0x00, 0x03, 0x00, 0x7F, 0x83,
  0x87, 0x1C, 0x0E, 0x70, 0x3B, 0x80, 0x7E, 0x01, 0xF8, 0x07, 0xE0, 0x1F,
  0x80, 0x7E, 0x01, 0xF8, 0x07, 0x70, 0x39, 0xC0, 0xE3, 0xCF, 0x07, 0xF0,
  0x00, 0x60, 0x01, 0xC0, 0x0E, 0x00, 0x70, 0x03, 0x80, 0x1C, 0x00, 0x00,
  0x00, 0x00, 0x03, 0x00, 0x7F, 0x83, 0x87, 0x1C, 0x0E, 0x70, 0x3B, 0x80,
  0x7E, 0x01, 0xF8, 0x07, 0xE0, 0x1F, 0x80, 0x7E, 0x01, 0xF8, 0x07, 0x70,
  0x39, 0xC0, 0xE3, 0xCF, 0x07, 0xF0, 0x07, 0x80, 0x1F, 0x00, 0xEC, 0x07,
  0x18, 0x38, 0x30, 0x40, 0x80, 0x00, 0x00, 0xC0, 0x1F, 0xE0, 0xE1, 0xC7,
  0x03, 0x9C, 0x0E, 0xE0, 0x1F, 0x80, 0x7E, 0x01, 0xF8, 0x07, 0xE0, 0x1F,
  0x80, 0x7E, 0x01, 0xDC, 0x0E, 0x70, 0x38, 0xF3, 0xC1, 0xFC, 0x00, 0x0E,
  0x20, 0x7F, 0xC1, 0x1E, 0x00, 0x30, 0x00, 0x00, 0x0C, 0x01, 0xFE, 0x0E,
  0x1C, 0x70, 0x39, 0xC0, 0xEE, 0x01, 0xF8, 0x07, 0xE0, 0x1F, 0x80, 0x7E,
  0x01, 0xF8, 0x07, 0xE0, 0x1D, 0xC0, 0xE7, 0x03, 0x8F, 0x3C, 0x1F, 0xC0,
  0x18, 0x60, 0xF3, 0xC3, 0xCF, 0x06, 0x18, 0x00, 0x00, 0x00, 0x00, 0x30,
  0x07, 0xF8, 0x38, 0x71, 0xC0, 0xE7, 0x03, 0xB8, 0x07, 0xE0, 0x1F, 0x80,
  0x7E, 0x01, 0xF8, 0x07, 0xE0, 0x1F, 0x80, 0x77, 0x03, 0x9C, 0x0E, 0x3C,
  0xF0, 0x7F, 0x00, 0x07, 0x00, 0x70, 0x07, 0x00, 0x00, 0x00, 0x00, 0x00,
  0xFF, 0xFF, 0xFF, 0x00, 0x00, 0x00, 0x00, 0x00, 0x70, 0x0F, 0x00, 0xF0,
  0x02, 0x00, 0x00, 0x10, 0x00, 0xC0, 0x3A, 0x07, 0xF8, 0x38, 0x71, 0xC1,
  0xE7, 0x0B, 0xB8, 0x27, 0xE1, 0x1F, 0x84, 0x7E, 0x11, 0xF8, 0x87, 0xE2,
  0x1F, 0x90, 0x77, 0x43, 0x9E, 0x0E, 0x3C, 0xF0, 0x7F, 0x01, 0x00, 0x08,
  0x00, 0x08, 0x00, 0x78, 0x00, 0x78, 0x00, 0x70, 0x00, 0x70, 0x00, 0x70,
  0x00, 0x00, 0x00, 0x00, 0x10, 0x09, 0xE0, 0xF9, 0xC0, 0x73, 0x80, 0xE7,
  0x01, 0xCE, 0x03, 0x9C, 0x07, 0x38, 0x0E, 0x70, 0x1C, 0xE0, 0x39, 0xC0,
  0x73, 0x80, 0xE7, 0x01, 0xC7, 0x07, 0x8F, 0xF7, 0x0F, 0xCF, 0x00, 0x60,
  0x00, 0xE0, 0x03, 0x80, 0x0E, 0x00, 0x38, 0x00, 0xE0, 0x00, 0x00, 0x00,
  0x00, 0x10, 0x09, 0xE0, 0xF9, 0xC0, 0x73, 0x80, 0xE7, 0x01, 0xCE, 0x03,
  0x9C, 0x07, 0x38, 0x0E, 0x70, 0x1C, 0xE0, 0x39, 0xC0, 0x73, 0x80, 0xE7,
  0x01, 0xC7, 0x07, 0x8F, 0xF7, 0x0F, 0xCF, 0x07, 0x80, 0x0F, 0x80, 0x3B,
  0x00, 0xE3, 0x03, 0x83, 0x02, 0x04, 0x00, 0x00, 0x08, 0x04, 0xF0, 0x7C,
  0xE0, 0x39, 0xC0, 0x73, 0x80, 0xE7, 0x01, 0xCE, 0x03, 0x9C, 0x07, 0x38,
  0x0E, 0x70, 0x1C, 0xE0, 0x39, 0xC0, 0x73, 0x80, 0xE3, 0x83, 0xC7, 0xFB,
  0x87, 0xE7, 0x80, 0x18, 0x60, 0x79, 0xE0, 0xF3, 0xC0, 0xC3, 0x00, 0x00,
  0x00, 0x00, 0x04, 0x02, 0x78, 0x3E, 0x70, 0x1C, 0xE0, 0x39, 0xC0, 0x73,
  0x80, 0xE7, 0x01, 0xCE, 0x03, 0x9C, 0x07, 0x38, 0x0E, 0x70, 0x1C, 0xE0,
  0x39, 0xC0, 0x71, 0xC1, 0xE3, 0xFD, 0xC3, 0xF3, 0xC0, 0x00, 0x30, 0x00,
  0x38, 0x00, 0x70, 0x00, 0xE0, 0x01, 0xC0, 0x03, 0x80, 0x00, 0x00, 0x00,
  0x00, 0x00, 0x00, 0xFE, 0x3F, 0x78, 0x0C, 0x38, 0x0C, 0x38, 0x0C, 0x1C,
  0x18, 0x1C, 0x18, 0x1C, 0x18, 0x0E, 0x30, 0x0E, 0x30, 0x0E, 0x30, 0x07,
  0x60, 0x07, 0x60, 0x03, 0x60, 0x03, 0xC0, 0x03, 0xC0, 0x00, 0xC0, 0x01,
  0x80, 0x01, 0x80, 0x03, 0x00, 0x3F, 0x00, 0x3E, 0x00, 0x3C, 0x00, 0xF8,
  0x00, 0x70, 0x00, 0xE0, 0x01, 0xC0, 0x03, 0x80, 0x07, 0x00, 0x0E, 0x10,
  0x1D, 0xFC, 0x3E, 0x7C, 0x70, 0x3C, 0xE0, 0x39, 0xC0, 0x73, 0x80, 0xE7,
  0x01, 0xCE, 0x03, 0x9C, 0x07, 0x38, 0x0E, 0x70, 0x1C, 0xE0, 0x71, 0xC0,
  0xE3, 0xC7, 0x87, 0xFC, 0x0E, 0x00, 0x1C, 0x00, 0x38, 0x00, 0x70, 0x00,
  0xE0, 0x07, 0xF8, 0x0F, 0xF0, 0x00, 0x0C, 0x30, 0x1E, 0x78, 0x1E, 0x78,
  0x0C, 0x30, 0x00, 0x00, 0x00, 0x00, 0x00, 0x00, 0xFE, 0x3F, 0x78, 0x0C,
  0x38, 0x0C, 0x38, 0x0C, 0x1C, 0x18, 0x1C, 0x18, 0x1C, 0x18, 0x0E, 0x30,
  0x0E, 0x30, 0x0E, 0x30, 0x07, 0x60, 0x07, 0x60, 0x03, 0x60, 0x03, 0xC0,
  0x03, 0xC0, 0x00, 0xC0, 0x01, 0x80, 0x01, 0x80, 0x03, 0x00, 0x3F, 0x00,
  0x3E, 0x00, 0x3C, 0x00 };

const GFXglyph Merriweather_Regular14pt8bGlyphs[] PROGMEM = {
  {     0,   1,   1,   7,    0,    0 },   // 0x20 ' '
  {     1,   4,  25,   8,    2,  -24 },   // 0x21 '!'
  {    14,  10,  10,  14,    2,  -22 },   // 0x22 '"'
  {    27,  16,  21,  20,    2,  -20 },   // 0x23 '#'
  {    69,  13,  27,  18,    3,  -23 },   // 0x24 '$'
  {   113,  26,  21,  28,    1,  -20 },   // 0x25 '%'
  {   182,  18,  21,  21,    2,  -20 },   // 0x26 '&'
  {   230,   5,  10,   8,    2,  -22 },   // 0x27 '''
  {   237,   8,  28,  12,    2,  -22 },   // 0x28 '('
  {   265,   8,  28,  12,    2,  -22 },   // 0x29 ')'
  {   293,  14,  15,  18,    2,  -22 },   // 0x2A '*'
  {   320,  12,  13,  18,    3,  -14 },   // 0x2B '+'
  {   340,   5,   9,   7,    1,   -2 },   // 0x2C ','
  {   346,  11,   2,  16,    2,   -9 },   // 0x2D '-'
  {   349,   3,   3,   7,    2,   -2 },   // 0x2E '.'
  {   351,   9,  26,  11,    1,  -20 },   // 0x2F '/'
  {   381,  15,  21,  18,    1,  -20 },   // 0x30 '0'
  {   421,  11,  21,  12,    1,  -20 },   // 0x31 '1'
  {   450,  14,  21,  16,    1,  -20 },   // 0x32 '2'
  {   487,  13,  21,  16,    1,  -20 },   // 0x33 '3'
  {   522,  15,  20,  17,    1,  -19 },   // 0x34 '4'
  {   560,  12,  21,  16,    2,  -20 },   // 0x35 '5'
  {   592,  14,  21,  17,    1,  -20 },   // 0x36 '6'
  {   629,  14,  20,  16,    1,  -19 },   // 0x37 '7'
  {   664,  14,  21,  16,    1,  -20 },   // 0x38 '8'
  {   701,  14,  22,  17,    1,  -20 },   // 0x39 '9'
  {   740,   3,  15,   7,    2,  -14 },   // 0x3A ':'
  {   746,   4,  21,   7,    1,  -14 },   // 0x3B ';'
  {   757,  13,  15,  18,    2,  -14 },   // 0x3C '<'
  {   782,  12,  10,  18,    3,  -13 },   // 0x3D '='
  {   797,  13,  15,  18,    3,  -15 },   // 0x3E '>'
  {   822,  11,  25,  13,    1,  -24 },   // 0x3F '?'
  {   857,  24,  28,  28,    2,  -20 },   // 0x40 '@'
  {   941,  20,  21,  19,    0,  -20 },   // 0x41 'A'
  {   994,  17,  21,  18,    1,  -20 },   // 0x42 'B'
  {  1039,  16,  21,  18,    1,  -20 },   // 0x43 'C'
  {  1081,  19,  21,  21,    1,  -20 },   // 0x44 'D'
  {  1131,  16,  20,  17,    1,  -19 },   // 0x45 'E'
  {  1171,  15,  20,  17,    1,  -19 },   // 0x46 'F'
  {  1209,  19,  21,  20,    1,  -20 },   // 0x47 'G'
  {  1259,  20,  20,  22,    1,  -19 },   // 0x48 'H'
  {  1309,   8,  20,  10,    1,  -19 },   // 0x49 'I'
  {  1329,   9,  25,  10,    0,  -19 },   // 0x4A 'J'
  {  1358,  19,  20,  20,    1,  -19 },   // 0x4B 'K'
  {  1406,  16,  20,  17,    1,  -19 },   // 0x4C 'L'
  {  1446,  27,  20,  27,    0,  -19 },   // 0x4D 'M'
  {  1514,  20,  20,  21,    1,  -19 },   // 0x4E 'N'
  {  1564,  18,  21,  20,    1,  -20 },   // 0x4F 'O'
  {  1612,  16,  21,  18,    1,  -20 },   // 0x50 'P'
  {  1654,  20,  26,  20,    1,  -20 },   // 0x51 'Q'
  {  1719,  18,  21,  19,    1,  -20 },   // 0x52 'R'
  {  1767,  13,  21,  16,    2,  -20 },   // 0x53 'S'
  {  1802,  17,  20,  19,    1,  -19 },   // 0x54 'T'
  {  1845,  19,  20,  20,    1,  -19 },   // 0x55 'U'
  {  1893,  20,  20,  18,   -1,  -19 },   // 0x56 'V'
  {  1943,  29,  20,  27,   -1,  -19 },   // 0x57 'W'
  {  2016,  19,  20,  20,    0,  -19 },   // 0x58 'X'
  {  2064,  18,  20,  18,    0,  -19 },   // 0x59 'Y'
  {  2109,  16,  20,  18,    1,  -19 },   // 0x5A 'Z'
  {  2149,   6,  26,  12,    3,  -21 },   // 0x5B '['
  {  2169,  10,  26,  12,    1,  -20 },   // 0x5C '\'
  {  2202,   6,  26,  12,    3,  -21 },   // 0x5D ']'
  {  2222,  14,  17,  18,    2,  -20 },   // 0x5E '^'
  {  2252,  14,   1,  14,    0,    2 },   // 0x5F '_'
  {  2254,   7,   6,  11,    2,  -23 },   // 0x60 '`'
  {  2260,  13,  16,  15,    1,  -15 },   // 0x61 'a'
  {  2286,  15,  22,  16,    0,  -21 },   // 0x62 'b'
  {  2328,  12,  16,  14,    1,  -15 },   // 0x63 'c'
  {  2352,  15,  22,  17,    1,  -21 },   // 0x64 'd'
  {  2394,  12,  16,  14,    1,  -15 },   // 0x65 'e'
  {  2418,  10,  23,  10,    1,  -22 },   // 0x66 'f'
  {  2447,  15,  23,  17,    1,  -15 },   // 0x67 'g'
  {  2491,  17,  22,  18,    1,  -21 },   // 0x68 'h'
  {  2538,   7,  22,   9,    1,  -21 },   // 0x69 'i'
  {  2558,   6,  29,   9,    0,  -21 },   // 0x6A 'j'
  {  2580,  16,  22,  17,    1,  -21 },   // 0x6B 'k'
  {  2624,   7,  22,   8,    1,  -21 },   // 0x6C 'l'
  {  2644,  26,  16,  27,    1,  -15 },   // 0x6D 'm'
  {  2696,  17,  16,  18,    1,  -15 },   // 0x6E 'n'
  {  2730,  14,  16,  16,    1,  -15 },   // 0x6F 'o'
  {  2758,  15,  23,  17,    1,  -15 },   // 0x70 'p'
  {  2802,  15,  23,  16,    1,  -15 },   // 0x71 'q'
  {  2846,  11,  16,  12,    1,  -15 },   // 0x72 'r'
  {  2868,  11,  16,  13,    1,  -15 },   // 0x73 's'
  {  2890,  10,  19,  11,    0,  -18 },   // 0x74 't'
  {  2914,  15,  16,  17,    1,  -15 },   // 0x75 'u'
  {  2944,  16,  15,  16,    0,  -14 },   // 0x76 'v'
  {  2974,  23,  15,  23,    0,  -14 },   // 0x77 'w'
  {  3018,  16,  15,  16,    0,  -14 },   // 0x78 'x'
  {  3048,  16,  22,  16,    0,  -14 },   // 0x79 'y'
  {  3092,  13,  15,  15,    1,  -14 },   // 0x7A 'z'
  {  3117,  10,  26,  14,    2,  -21 },   // 0x7B '{'
  {  3150,   2,  27,  12,    5,  -23 },   // 0x7C '|'
  {  3157,  10,  26,  14,    2,  -21 },   // 0x7D '}'
  {  3190,  12,   4,  17,    2,   -9 },   // 0x7E '~'
  {  3196,  19,  19,  24,    2,  -18 },   // 0x7F
  {  3242,  19,  19,  24,    2,  -18 },   // 0x80
  {  3288,  19,  19,  24,    2,  -18 },   // 0x81
  {  3334,  19,  19,  24,    2,  -18 },   // 0x82
  {  3380,  19,  19,  24,    2,  -18 },   // 0x83
  {  3426,  19,  19,  24,    2,  -18 },   // 0x84
  {  3472,  19,  19,  24,    2,  -18 },   // 0x85
  {  3518,  19,  19,  24,    2,  -18 },   // 0x86
  {  3564,  19,  19,  24,    2,  -18 },   // 0x87
  {  3610,  19,  19,  24,    2,  -18 },   // 0x88
  {  3656,  19,  19,  24,    2,  -18 },   // 0x89
  {  3702,  19,  19,  24,    2,  -18 },   // 0x8A
  {  3748,  19,  19,  24,    2,  -18 },   // 0x8B
  {  3794,  19,  19,  24,    2,  -18 },   // 0x8C
  {  3840,  19,  19,  24,    2,  -18 },   // 0x8D
  {  3886,  19,  19,  24,    2,  -18 },   // 0x8E
  {  3932,  19,  19,  24,    2,  -18 },   // 0x8F
  {  3978,  19,  19,  24,    2,  -18 },   // 0x90
  {  4024,  19,  19,  24,    2,  -18 },   // 0x91
  {  4070,  19,  19,  24,    2,  -18 },   // 0x92
  {  4116,  19,  19,  24,    2,  -18 },   // 0x93
  {  4162,  19,  19,  24,    2,  -18 },   // 0x94
  {  4208,  19,  19,  24,    2,  -18 },   // 0x95
  {  4254,  19,  19,  24,    2,  -18 },   // 0x96
  {  4300,  19,  19,  24,    2,  -18 },   // 0x97
  {  4346,  19,  19,  24,    2,  -18 },   // 0x98
  {  4392,  19,  19,  24,    2,  -18 },   // 0x99
  {  4438,  19,  19,  24,    2,  -18 },   // 0x9A
  {  4484,  19,  19,  24,    2,  -18 },   // 0x9B
  {  4530,  19,  19,  24,    2,  -18 },   // 0x9C
  {  4576,  19,  19,  24,    2,  -18 },   // 0x9D
  {  4622,  19,  19,  24,    2,  -18 },   // 0x9E
  {  4668,  19,  19,  24,    2,  -18 },   // 0x9F
  {  4714,   1,   1,   7,    0,    0 },   // 0xA0
  {  4715,   4,  25,   8,    2,  -20 },   // 0xA1
  {  4728,  12,  22,  16,    2,  -18 },   // 0xA2
  {  4761,  18,  21,  20,    1,  -20 },   // 0xA3
  {  4809,  16,  16,  20,    2,  -17 },   // 0xA4
  {  4841,  18,  20,  21,    2,  -19 },   // 0xA5
  {  4886,   2,  27,  12,    5,  -23 },   // 0xA6
  {  4893,  14,  26,  18,    2,  -22 },   // 0xA7
  {  4939,  10,   4,  14,    2,  -21 },   // 0xA8
  {  4944,  23,  23,  29,    3,  -24 },   // 0xA9
  {  5011,  11,  13,  12,    1,  -21 },   // 0xAA
  {  5029,  15,  14,  19,    2,  -14 },   // 0xAB
  {  5056,  13,   8,  18,    3,   -8 },   // 0xAC
  {  5069,  19,  19,  24,    2,  -18 },   // 0xAD
  {  5115,  23,  23,  29,    3,  -24 },   // 0xAE
  {  5182,   9,   2,  13,    2,  -19 },   // 0xAF
  {  5185,   9,   9,  13,    2,  -21 },   // 0xB0
  {  5196,  13,  15,  17,    2,  -14 },   // 0xB1
  {  5221,  11,  13,  11,    0,  -24 },   // 0xB2
  {  5239,  10,  13,  11,    0,  -24 },   // 0xB3
  {  5256,   7,   6,  11,    2,  -23 },   // 0xB4
  {  5262,  15,  21,  17,    1,  -15 },   // 0xB5
  {  5302,  17,  23,  20,    1,  -22 },   // 0xB6
  {  5351,   3,   4,   3,    0,  -12 },   // 0xB7
  {  5353,   6,   7,  10,    2,    1 },   // 0xB8
  {  5359,   8,  13,   9,    1,  -24 },   // 0xB9
  {  5372,  11,  13,  13,    1,  -21 },   // 0xBA
  {  5390,  15,  14,  19,    2,  -14 },   // 0xBB
  {  5417,  23,  23,  24,    1,  -21 },   // 0xBC
  {  5484,  24,  23,  26,    1,  -21 },   // 0xBD
  {  5553,  26,  23,  26,    0,  -21 },   // 0xBE
  {  5628,  11,  26,  13,    1,  -20 },   // 0xBF
  {  5664,  20,  27,  19,    0,  -26 },   // 0xC0
  {  5732,  20,  27,  19,    0,  -26 },   // 0xC1
  {  5800,  20,  27,  19,    0,  -26 },   // 0xC2
  {  5868,  20,  26,  19,    0,  -25 },   // 0xC3
  {  5933,  20,  26,  19,    0,  -25 },   // 0xC4
  {  5998,  20,  29,  19,    0,  -28 },   // 0xC5
  {  6071,  27,  20,  26,   -1,  -19 },   // 0xC6
  {  6139,  16,  28,  18,    1,  -20 },   // 0xC7
  {  6195,  16,  27,  17,    1,  -26 },   // 0xC8
  {  6249,  16,  27,  17,    1,  -26 },   // 0xC9
  {  6303,  16,  27,  17,    1,  -26 },   // 0xCA
  {  6357,  16,  26,  17,    1,  -25 },   // 0xCB
  {  6409,   9,  27,  10,    0,  -26 },   // 0xCC
  {  6440,   9,  27,  10,    1,  -26 },   // 0xCD
  {  6471,  10,  27,  10,    0,  -26 },   // 0xCE
  {  6505,   9,  26,  10,    0,  -25 },   // 0xCF
  {  6535,  19,  21,  21,    1,  -20 },   // 0xD0
  {  6585,  20,  26,  21,    1,  -25 },   // 0xD1
  {  6650,  18,  27,  20,    1,  -26 },   // 0xD2
  {  6711,  18,  27,  20,    1,  -26 },   // 0xD3
  {  6772,  18,  27,  20,    1,  -26 },   // 0xD4
  {  6833,  18,  26,  20,    1,  -25 },   // 0xD5
  {  6892,  18,  26,  20,    1,  -25 },   // 0xD6
  {  6951,  12,  12,  18,    3,  -14 },   // 0xD7
  {  6969,  18,  26,  20,    1,  -22 },   // 0xD8
  {  7028,  19,  27,  20,    1,  -26 },   // 0xD9
  {  7093,  19,  27,  20,    1,  -26 },   // 0xDA
  {  7158,  19,  27,  20,    1,  -26 },   // 0xDB
  {  7223,  19,  26,  20,    1,  -25 },   // 0xDC
  {  7285,  18,  27,  18,    0,  -26 },   // 0xDD
  {  7346,  16,  20,  18,    1,  -19 },   // 0xDE
  {  7386,  16,  22,  17,    0,  -21 },   // 0xDF
  {  7430,  13,  24,  15,    1,  -23 },   // 0xE0
  {  7469,  13,  24,  15,    1,  -23 },   // 0xE1
  {  7508,  13,  23,  15,    1,  -22 },   // 0xE2
  {  7546,  13,  21,  15,    1,  -20 },   // 0xE3
  {  7581,  13,  22,  15,    1,  -21 },   // 0xE4
  {  7617,  13,  24,  15,    1,  -23 },   // 0xE5
  {  7656,  21,  16,  23,    1,  -15 },   // 0xE6
  {  7698,  12,  23,  14,    1,  -15 },   // 0xE7
  {  7733,  12,  24,  14,    1,  -23 },   // 0xE8
  {  7769,  12,  24,  14,    1,  -23 },   // 0xE9
  {  7805,  12,  23,  14,    1,  -22 },   // 0xEA
  {  7840,  12,  22,  14,    1,  -21 },   // 0xEB
  {  7873,   9,  24,   9,   -1,  -23 },   // 0xEC
  {  7900,   8,  24,   9,    1,  -23 },   // 0xED
  {  7924,  10,  23,   9,   -1,  -22 },   // 0xEE
  {  7953,  10,  22,   9,    0,  -21 },   // 0xEF
  {  7981,  14,  25,  16,    1,  -24 },   // 0xF0
  {  8025,  17,  21,  18,    1,  -20 },   // 0xF1
  {  8070,  14,  24,  16,    1,  -23 },   // 0xF2
  {  8112,  14,  24,  16,    1,  -23 },   // 0xF3
  {  8154,  14,  23,  16,    1,  -22 },   // 0xF4
  {  8195,  14,  21,  16,    1,  -20 },   // 0xF5
  {  8232,  14,  22,  16,    1,  -21 },   // 0xF6
  {  8271,  12,  15,  18,    3,  -15 },   // 0xF7
  {  8294,  14,  20,  16,    1,  -17 },   // 0xF8
  {  8329,  15,  24,  17,    1,  -23 },   // 0xF9
  {  8374,  15,  24,  17,    1,  -23 },   // 0xFA
  {  8419,  15,  23,  17,    1,  -22 },   // 0xFB
  {  8463,  15,  22,  17,    1,  -21 },   // 0xFC
  {  8505,  16,  31,  16,    0,  -23 },   // 0xFD
  {  8567,  15,  29,  16,    0,  -21 },   // 0xFE
  {  8622,  16,  29,  16,    0,  -21 } }; // 0xFF

const GFXfont Merriweather_Regular14pt8b PROGMEM = {
  (uint8_t  *)Merriweather_Regular14pt8bBitmaps,
  (GFXglyph *)Merriweather_Regular14pt8bGlyphs,
  0x20, 0xFF, 34 };

// Approx. 10255 bytes

const uint8_t Merriweather_Regular16pt8bBitmaps[] PROGMEM = {
  0x00, 0xF3, 0x9C, 0xE7, 0x39, 0xCE, 0x73, 0x9C, 0xE7, 0x39, 0xCE, 0x73,
  0x98, 0xC6, 0x00, 0x00, 0x77, 0xFE, 0xE0, 0x71, 0xFC, 0xFF, 0x3F, 0x8E,
  0xE3, 0xB8, 0xEC, 0x33, 0x0C, 0xC3, 0x30, 0xC8, 0x20, 0x03, 0x03, 0x00,
  0xC1, 0x80, 0x30, 0x60, 0x0C, 0x18, 0x03, 0x06, 0x01, 0x81, 0x80, 0x60,
  0x61, 0xFF, 0xFF, 0x7F, 0xFF, 0xC1, 0x83, 0x00, 0x60, 0xC0, 0x10, 0x30,
  0x0C, 0x0C, 0x03, 0x02, 0x00, 0xC1, 0x83, 0xFF, 0xFE, 0xFF, 0xFF, 0xBF,
  0xFF, 0xE1, 0x81, 0x80, 0x60, 0x60, 0x18, 0x30, 0x06, 0x0C, 0x01, 0x83,
  0x00, 0x60, 0xC0, 0x03, 0x80, 0x07, 0x00, 0x0E, 0x00, 0x1C, 0x01, 0xFF,
  0x87, 0x87, 0x9C, 0x07, 0x78, 0x0E, 0xE0, 0x1D, 0xE0, 0x1B, 0xC0, 0x03,
  0xC0, 0x07, 0xC0, 0x07, 0xE0, 0x07, 0xF0, 0x07, 0xF0, 0x03, 0xF8, 0x01,
  0xF8, 0x00, 0xF8, 0x00, 0xF0, 0x01, 0xF8, 0x01, 0xF8, 0x03, 0xF0, 0x0F,
  0xE0, 0x1D, 0xF1, 0xF1, 0xFF, 0x80, 0x18, 0x00, 0x30, 0x00, 0x60, 0x00,
  0xC0, 0x00, 0x00, 0x00, 0x30, 0x00, 0xFC, 0x01, 0x80, 0x0F, 0xF0, 0x1C,
  0x00, 0xE3, 0xC0, 0xC0, 0x0E, 0x0E, 0x0E, 0x00, 0x70, 0x70, 0x60, 0x03,
  0x83, 0x87, 0x00, 0x1C, 0x0C, 0x30, 0x00, 0xE0, 0xE1, 0x80, 0x07, 0x07,
  0x1C, 0x00, 0x38, 0x38, 0xC0, 0xC0, 0xE3, 0x8E, 0x1F, 0xC3, 0xF8, 0x63,
  0x8F, 0x0F, 0x87, 0x1C, 0x38, 0x00, 0x31, 0xC0, 0xC0, 0x01, 0x8E, 0x07,
  0x00, 0x1C, 0x70, 0x38, 0x00, 0xC3, 0x81, 0xC0, 0x0E, 0x1C, 0x0E, 0x00,
  0x60, 0xE0, 0xE0, 0x07, 0x03, 0x87, 0x00, 0x30, 0x1E, 0x70, 0x01, 0x80,
  0x3F, 0x00, 0x1C, 0x00, 0x00, 0x00, 0x80, 0x00, 0x3F, 0x80, 0x03, 0x8E,
  0x00, 0x38, 0x38, 0x03, 0x81, 0xC0, 0x1C, 0x0E, 0x00, 0xE0, 0x70, 0x07,
  0x83, 0x80, 0x1C, 0x38, 0x00, 0xF1, 0x80, 0x03, 0xB8, 0x00, 0x1F, 0x87,
  0xF0, 0x78, 0x3F, 0x8F, 0xE0, 0x71, 0xC7, 0x83, 0x8E, 0x3C, 0x1C, 0xE0,
  0xF0, 0xC7, 0x03, 0xC6, 0x38, 0x0F, 0x61, 0xC0, 0x3F, 0x0F, 0x00, 0xF0,
  0x3C, 0x07, 0xC0, 0xFD, 0xFF, 0xC3, 0xFE, 0x1E, 0x7F, 0xFE, 0xEE, 0xCC,
  0xCC, 0x80, 0x01, 0x81, 0xC1, 0xC1, 0xC1, 0xC0, 0xE0, 0xE0, 0x70, 0x70,
  0x38, 0x1C, 0x1E, 0x0E, 0x07, 0x03, 0x81, 0xC0, 0xE0, 0x70, 0x38, 0x1C,
  0x07, 0x03, 0x81, 0xC0, 0xE0, 0x38, 0x1C, 0x07, 0x01, 0x80, 0xE0, 0x38,
  0x0E, 0x02, 0x40, 0x70, 0x0C, 0x07, 0x01, 0xC0, 0x70, 0x38, 0x0E, 0x07,
  0x03, 0x80, 0xE0, 0x70, 0x38, 0x1C, 0x0E, 0x07, 0x03, 0x81, 0xC0, 0xE0,
  0x70, 0x38, 0x1C, 0x1C, 0x0E, 0x07, 0x07, 0x03, 0x03, 0x81, 0x81, 0x83,
  0x80, 0x80, 0x03, 0x80, 0x01, 0x80, 0x01, 0x80, 0x41, 0x86, 0x71, 0x8E,
  0xF9, 0x9F, 0x3D, 0xB8, 0x07, 0xE0, 0x03, 0xC0, 0x0E, 0xF8, 0x3D, 0xBE,
  0xF9, 0x8F, 0x61, 0x86, 0x41, 0x80, 0x01, 0x80, 0x01, 0xC0, 0x03, 0x80,
  0x07, 0x00, 0x0E, 0x00, 0x1C, 0x00, 0x38, 0x00, 0x70, 0x3F, 0xFF, 0xFF,
  0xFF, 0x03, 0x80, 0x07, 0x00, 0x0E, 0x00, 0x1C, 0x00, 0x38, 0x00, 0x70,
  0x00, 0x33, 0xDE, 0xF3, 0x8C, 0xE6, 0x33, 0x30, 0xFF, 0xFF, 0xFF, 0x7F,
  0xFF, 0x01, 0xC0, 0x70, 0x18, 0x0E, 0x03, 0x80, 0xE0, 0x30, 0x1C, 0x07,
  0x01, 0xC0, 0x60, 0x18, 0x0E, 0x03, 0x80, 0xC0, 0x30, 0x1C, 0x07, 0x01,
  0xC0, 0x60, 0x38, 0x0E, 0x03, 0x80, 0xC0, 0x70, 0x1C, 0x07, 0x01, 0x80,
  0xE0, 0x38, 0x00, 0x00, 0xC0, 0x07, 0xF8, 0x07, 0x0F, 0x07, 0x03, 0xC7,
  0x00, 0xE3, 0x80, 0x79, 0xC0, 0x3D, 0xE0, 0x0E, 0xE0, 0x07, 0x70, 0x03,
  0xB8, 0x01, 0xFC, 0x00, 0xFE, 0x00, 0x7F, 0x00, 0x3F, 0x80, 0x1D, 0xC0,
  0x0E, 0xF0, 0x07, 0x78, 0x07, 0x9C, 0x03, 0xCE, 0x01, 0xC7, 0x80, 0xE1,
  0xE0, 0xE0, 0x79, 0xE0, 0x1F, 0xC0, 0x02, 0x00, 0x78, 0x1F, 0x8F, 0xF8,
  0x77, 0x80, 0x78, 0x07, 0x80, 0x78, 0x07, 0x80, 0x78, 0x07, 0x80, 0x78,
  0x07, 0x80, 0x78, 0x07, 0x80, 0x78, 0x07, 0x80, 0x78, 0x07, 0x80, 0x78,
  0x07, 0x80, 0x78, 0x7F, 0xF7, 0xFF, 0x01, 0x80, 0x1F, 0xF0, 0x3F, 0xF8,
  0x70, 0x7C, 0xE0, 0x3C, 0x40, 0x1E, 0x00, 0x1E, 0x00, 0x1E, 0x00, 0x1E,
  0x00, 0x1C, 0x00, 0x1C, 0x00, 0x3C, 0x00, 0x38, 0x00, 0x70, 0x00, 0xF0,
  0x00, 0xE0, 0x01, 0xC0, 0x03, 0x80, 0x07, 0x00, 0x0E, 0x03, 0x1C, 0x03,
  0x38, 0x07, 0xFF, 0xFF, 0xFF, 0xFE, 0x01, 0x00, 0x3F, 0xE1, 0xFF, 0xE7,
  0x03, 0xC0, 0x03, 0xC0, 0x07, 0x80, 0x0F, 0x00, 0x1C, 0x00, 0x78, 0x01,
  0xE0, 0x0F, 0x00, 0xF8, 0x00, 0xFF, 0x80, 0x07, 0x80, 0x07, 0x80, 0x0F,
  0x00, 0x1E, 0x00, 0x3C, 0x00, 0x78, 0x01, 0xE0, 0x03, 0xC0, 0x1F, 0x13,
  0xFC, 0x3F, 0xE0, 0x00, 0xE0, 0x00, 0x78, 0x00, 0x1E, 0x00, 0x0F, 0x00,
  0x03, 0xC0, 0x01, 0xE0, 0x00, 0x70, 0x00, 0x3C, 0x00, 0x0E, 0x00, 0x03,
  0x80, 0x01, 0xC1, 0x80, 0x70, 0x60, 0x38, 0x38, 0x0E, 0x0E, 0x07, 0x03,
  0x81, 0xC0, 0xE0, 0xFF, 0xFF, 0xFF, 0xFF, 0xF0, 0x03, 0x80, 0x00, 0xE0,
  0x00, 0x38, 0x00, 0x0E, 0x00, 0x03, 0x80, 0x00, 0x0C, 0xFF, 0xE3, 0xFF,
  0x9C, 0x00, 0x70, 0x01, 0xC0, 0x07, 0x00, 0x18, 0x00, 0x60, 0x01, 0x8E,
  0x0F, 0xFF, 0x3F, 0xFE, 0x40, 0x7C, 0x00, 0xF0, 0x03, 0xC0, 0x07, 0x00,
  0x1C, 0x00, 0xF0, 0x03, 0xC0, 0x1E, 0x00, 0xF0, 0x07, 0x80, 0xFC, 0x3F,
  0xC0, 0x00, 0x78, 0x01, 0xE0, 0x03, 0x80, 0x0F, 0x00, 0x0E, 0x00, 0x1C,
  0x00, 0x3C, 0x00, 0x78, 0x00, 0x70, 0x00, 0x73, 0xF0, 0xFF, 0xF8, 0xF8,
  0x3C, 0xF0, 0x1E, 0xE0, 0x0E, 0xE0, 0x0E, 0xE0, 0x0F, 0xE0, 0x0F, 0xE0,
  0x0F, 0xE0, 0x0E, 0xF0, 0x0E, 0x70, 0x1E, 0x38, 0x1C, 0x3C, 0x78, 0x0F,
  0xF0, 0x7F, 0xFF, 0x7F, 0xFF, 0x60, 0x06, 0xE0, 0x0E, 0xE0, 0x0E, 0xC0,
  0x0C, 0x00, 0x1C, 0x00, 0x1C, 0x00, 0x38, 0x00, 0x38, 0x00, 0x38, 0x00,
  0x70, 0x00, 0x70, 0x00, 0xF0, 0x00, 0xE0, 0x00, 0xE0, 0x01, 0xE0, 0x01,
  0xC0, 0x03, 0xC0, 0x03, 0xC0, 0x07, 0x80, 0x07, 0x80, 0x0F, 0x80, 0x03,
  0x80, 0x3F, 0xE0, 0xE0, 0xE3, 0x80, 0xE7, 0x01, 0xCC, 0x01, 0xB8, 0x03,
  0x38, 0x0E, 0x78, 0x1C, 0xF8, 0x70, 0xFD, 0xC0, 0xFE, 0x00, 0xFF, 0x07,
  0x3F, 0x1C, 0x3F, 0x70, 0x1F, 0xE0, 0x1F, 0x80, 0x1F, 0x80, 0x3F, 0x00,
  0x7E, 0x01, 0xFE, 0x03, 0x9F, 0x3E, 0x0F, 0xF0, 0x00, 0x80, 0x0F, 0xF8,
  0x1C, 0x3C, 0x38, 0x1E, 0x78, 0x0E, 0x70, 0x0F, 0x70, 0x0F, 0xF0, 0x07,
  0xF0, 0x07, 0xF0, 0x07, 0xF0, 0x07, 0x70, 0x07, 0x78, 0x0F, 0x3C, 0x1F,
  0x1F, 0xFF, 0x0F, 0xCE, 0x00, 0x0E, 0x00, 0x1E, 0x00, 0x1C, 0x00, 0x38,
  0x00, 0x70, 0x00, 0xF0, 0x01, 0xC0, 0x07, 0x80, 0x1E, 0x00, 0x6F, 0xFF,
  0x60, 0x00, 0x00, 0x00, 0x07, 0xFF, 0xF0, 0x33, 0xDE, 0xF3, 0x00, 0x00,
  0x00, 0x00, 0x00, 0x19, 0xEF, 0x79, 0xCE, 0x73, 0x19, 0x98, 0x00, 0x04,
  0x00, 0x70, 0x07, 0xC0, 0x7C, 0x07, 0xC0, 0x7C, 0x07, 0xC0, 0x3C, 0x00,
  0xE0, 0x03, 0xE0, 0x03, 0xE0, 0x03, 0xE0, 0x03, 0xE0, 0x03, 0xE0, 0x03,
  0xC0, 0x03, 0x00, 0x04, 0xFF, 0xFF, 0xFF, 0xFF, 0xFF, 0xF8, 0x00, 0x00,
  0x00, 0x00, 0x00, 0x00, 0x00, 0x00, 0x00, 0x00, 0x01, 0xFF, 0xFF, 0xFF,
  0xF8, 0x80, 0x03, 0x80, 0x0F, 0x00, 0x1F, 0x00, 0x1F, 0x00, 0x1F, 0x00,
  0x1F, 0x00, 0x1F, 0x00, 0x1C, 0x01, 0xF0, 0x1F, 0x01, 0xF0, 0x1F, 0x81,
  0xF8, 0x0F, 0x80, 0x38, 0x00, 0x80, 0x00, 0xFF, 0x83, 0xFF, 0x00, 0x7C,
  0x01, 0xE0, 0x07, 0x80, 0x1C, 0x00, 0xE0, 0x07, 0x00, 0x38, 0x03, 0x80,
  0x1C, 0x01, 0xC0, 0x3C, 0x03, 0xC0, 0x38, 0x03, 0x80, 0x1C, 0x00, 0xE0,
  0x03, 0x00, 0x18, 0x00, 0x00, 0x00, 0x00, 0x00, 0x00, 0x00, 0x0E, 0x00,
  0xF8, 0x07, 0xC0, 0x1C, 0x00, 0x00, 0x03, 0xF0, 0x00, 0x03, 0xFF, 0xE0,
  0x00, 0xF8, 0x3F, 0x00, 0x1C, 0x00, 0x78, 0x03, 0x80, 0x01, 0xC0, 0x60,
  0x00, 0x0E, 0x0C, 0x00, 0x00, 0xE1, 0xC0, 0x00, 0x06, 0x18, 0x0F, 0xD8,
  0x73, 0x01, 0xFF, 0x83, 0x30, 0x38, 0x78, 0x37, 0x06, 0x03, 0x83, 0x60,
  0xE0, 0x70, 0x36, 0x0C, 0x07, 0x03, 0x61, 0xC0, 0x70, 0x3E, 0x1C, 0x0F,
  0x03, 0xE1, 0xC0, 0xF0, 0x6E, 0x1C, 0x0F, 0x06, 0xE1, 0xC1, 0xE0, 0xCE,
  0x1C, 0x36, 0x0C, 0xE1, 0xC3, 0x61, 0x8E, 0x1E, 0xE7, 0x30, 0x60, 0xFC,
  0x7E, 0x06, 0x07, 0x87, 0xC0, 0x70, 0x00, 0x00, 0x03, 0x00, 0x00, 0x00,
  0x38, 0x00, 0x00, 0x01, 0xC0, 0x00, 0x00, 0x0E, 0x00, 0x20, 0x00, 0x78,
  0x0E, 0x00, 0x03, 0xFF, 0xC0, 0x00, 0x07, 0xE0, 0x00, 0x00, 0x78, 0x00,
  0x01, 0xF0, 0x00, 0x0F, 0xC0, 0x00, 0x37, 0x00, 0x00, 0xDE, 0x00, 0x07,
  0x38, 0x00, 0x18, 0xE0, 0x00, 0x63, 0xC0, 0x03, 0x87, 0x00, 0x0C, 0x1C,
  0x00, 0x30, 0x78, 0x01, 0xC0, 0xE0, 0x06, 0x03, 0x80, 0x38, 0x0F, 0x00,
  0xE0, 0x3C, 0x03, 0xFF, 0xF0, 0x1F, 0xFF, 0xE0, 0x70, 0x07, 0x81, 0x80,
  0x0E, 0x0E, 0x00, 0x3C, 0x38, 0x00, 0xF3, 0xF8, 0x0F, 0xFF, 0xE0, 0x3F,
  0xC0, 0x00, 0x40, 0x1F, 0xFF, 0xC0, 0xF0, 0x3C, 0x0E, 0x03, 0xC1, 0xC0,
  0x38, 0x38, 0x07, 0x87, 0x00, 0xE0, 0xE0, 0x1C, 0x1C, 0x03, 0x83, 0x80,
  0xE0, 0x70, 0x38, 0x0F, 0xFC, 0x01, 0xFF, 0xF8, 0x38, 0x07, 0x87, 0x00,
  0x78, 0xE0, 0x0F, 0x1C, 0x01, 0xE3, 0x80, 0x3C, 0x70, 0x07, 0x8E, 0x00,
  0xF1, 0xC0, 0x1C, 0x38, 0x07, 0xBF, 0xFF, 0xE7, 0xFF, 0xE0, 0x00, 0x38,
  0x00, 0xFF, 0xF0, 0x78, 0x3C, 0x78, 0x07, 0x1C, 0x01, 0xCE, 0x00, 0x77,
  0x80, 0x1D, 0xC0, 0x00, 0xF0, 0x00, 0x3C, 0x00, 0x0F, 0x00, 0x03, 0xC0,
  0x00, 0xF0, 0x00, 0x3C, 0x00, 0x0F, 0x00, 0x03, 0xC0, 0x00, 0xF0, 0x00,
  0x1E, 0x00, 0x07, 0x80, 0x0D, 0xE0, 0x03, 0x3C, 0x01, 0xC7, 0x80, 0x70,
  0xFC, 0x7C, 0x0F, 0xFC, 0x00, 0x60, 0x03, 0xFF, 0xFC, 0x07, 0xC0, 0xFC,
  0x07, 0x00, 0xF8, 0x1C, 0x01, 0xF0, 0x70, 0x03, 0xC1, 0xC0, 0x07, 0x87,
  0x00, 0x1E, 0x1C, 0x00, 0x78, 0x70, 0x00, 0xE1, 0xC0, 0x03, 0x87, 0x00,
  0x0F, 0x1C, 0x00, 0x38, 0x70, 0x00, 0xE1, 0xC0, 0x03, 0x87, 0x00, 0x0E,
  0x1C, 0x00, 0x78, 0x70, 0x01, 0xC1, 0xC0, 0x07, 0x07, 0x00, 0x38, 0x1C,
  0x01, 0xE0, 0x70, 0x0F, 0x0F, 0xF3, 0xF0, 0x3F, 0xFF, 0x00, 0xFF, 0xFF,
  0x0F, 0x81, 0xF0, 0x70, 0x0E, 0x0E, 0x00, 0xC1, 0xC0, 0x18, 0x38, 0x00,
  0x07, 0x00, 0x00, 0xE0, 0x60, 0x1C, 0x0C, 0x03, 0x81, 0x80, 0x7F, 0xF0,
  0x0F, 0xFE, 0x01, 0xC0, 0xC0, 0x38, 0x18, 0x07, 0x03, 0x00, 0xE0, 0x00,
  0x1C, 0x00, 0x03, 0x80, 0x1C, 0x70, 0x03, 0x0E, 0x00, 0x61, 0xC0, 0x1D,
  0xFF, 0xFF, 0xBF, 0xFF, 0xF0, 0xFF, 0xFF, 0xBE, 0x0F, 0xC7, 0x00, 0x63,
  0x80, 0x31, 0xC0, 0x18, 0xE0, 0x00, 0x70, 0x00, 0x38, 0x00, 0x1C, 0x0C,
  0x0E, 0x06, 0x07, 0xFF, 0x03, 0xFF, 0x81, 0xC0, 0xC0, 0xE0, 0x60, 0x70,
  0x30, 0x38, 0x00, 0x1C, 0x00, 0x0E, 0x00, 0x07, 0x00, 0x03, 0x80, 0x01,
  0xC0, 0x07, 0xFF, 0x03, 0xFF, 0x80, 0x00, 0x10, 0x00, 0x1F, 0xFF, 0x03,
  0xE0, 0xF8, 0x3C, 0x01, 0xC3, 0xC0, 0x0E, 0x1C, 0x00, 0x71, 0xE0, 0x01,
  0x8E, 0x00, 0x00, 0xF0, 0x00, 0x07, 0x80, 0x00, 0x3C, 0x00, 0x01, 0xE0,
  0x00, 0x0F, 0x00, 0xFF, 0xF8, 0x07, 0xFF, 0xC0, 0x03, 0x9E, 0x00, 0x1C,
  0xF0, 0x00, 0xE3, 0xC0, 0x07, 0x1E, 0x00, 0x38, 0x70, 0x01, 0xC3, 0xC0,
  0x0E, 0x0F, 0x00, 0x70, 0x3F, 0x1F, 0x80, 0x7F, 0xE0, 0xFF, 0x83, 0xFE,
  0x7C, 0x01, 0xF8, 0x70, 0x01, 0xC0, 0xE0, 0x03, 0x81, 0xC0, 0x07, 0x03,
  0x80, 0x0E, 0x07, 0x00, 0x1C, 0x0E, 0x00, 0x38, 0x1C, 0x00, 0x70, 0x38,
  0x00, 0xE0, 0x7F, 0xFF, 0xC0, 0xFF, 0xFF, 0x81, 0xC0, 0x07, 0x03, 0x80,
  0x0E, 0x07, 0x00, 0x1C, 0x0E, 0x00, 0x38, 0x1C, 0x00, 0x70, 0x38, 0x00,
  0xE0, 0x70, 0x01, 0xC0, 0xE0, 0x03, 0x81, 0xC0, 0x07, 0x1F, 0xF0, 0x7F,
  0xFF, 0xE0, 0xFF, 0x80, 0xFF, 0x9F, 0x87, 0x83, 0xC1, 0xE0, 0xF0, 0x78,
  0x3C, 0x1E, 0x0F, 0x07, 0x83, 0xC1, 0xE0, 0xF0, 0x78, 0x3C, 0x1E, 0x0F,
  0x07, 0x83, 0xC1, 0xE7, 0xFF, 0xFE, 0x7F, 0xE3, 0xF0, 0x3C, 0x07, 0x80,
  0xF0, 0x1E, 0x03, 0xC0, 0x78, 0x0F, 0x01, 0xE0, 0x3C, 0x07, 0x80, 0xF0,
  0x1E, 0x03, 0xC0, 0x78, 0x0F, 0x01, 0xE0, 0x3C, 0x07, 0x80, 0xF0, 0x1C,
  0x03, 0x80, 0x70, 0x1E, 0x07, 0x81, 0xE0, 0x70, 0x08, 0x00, 0xFF, 0x87,
  0xF9, 0xFC, 0x0F, 0x81, 0xC0, 0x18, 0x07, 0x00, 0xC0, 0x1C, 0x07, 0x00,
  0x70, 0x38, 0x01, 0xC1, 0xC0, 0x07, 0x0E, 0x00, 0x1C, 0x30, 0x00, 0x71,
  0xC0, 0x01, 0xCF, 0x80, 0x07, 0x7E, 0x00, 0x1F, 0xBC, 0x00, 0x7C, 0x78,
  0x01, 0xE1, 0xE0, 0x07, 0x03, 0xC0, 0x1C, 0x07, 0x80, 0x70, 0x1E, 0x01,
  0xC0, 0x3C, 0x07, 0x00, 0xF8, 0x1C, 0x01, 0xE3, 0xFE, 0x07, 0xFF, 0xF8,
  0x0F, 0xC0, 0xFF, 0x80, 0x1F, 0xC0, 0x01, 0xC0, 0x00, 0x70, 0x00, 0x1C,
  0x00, 0x07, 0x00, 0x01, 0xC0, 0x00, 0x70, 0x00, 0x1C, 0x00, 0x07, 0x00,
  0x01, 0xC0, 0x00, 0x70, 0x00, 0x1C, 0x00, 0x07, 0x00, 0x01, 0xC0, 0x00,
  0x70, 0x00, 0x1C, 0x00, 0xC7, 0x00, 0x71, 0xC0, 0x1C, 0x70, 0x06, 0x1C,
  0x03, 0xBF, 0xFF, 0xEF, 0xFF, 0xF8, 0x3F, 0xE0, 0x07, 0xF8, 0x3F, 0xC0,
  0x1B, 0xC0, 0x1B, 0x80, 0x37, 0x00, 0x37, 0x00, 0x6E, 0x00, 0x6F, 0x01,
  0xDC, 0x00, 0xCE, 0x03, 0x38, 0x01, 0x9C, 0x06, 0x70, 0x03, 0x3C, 0x1C,
  0xE0, 0x0E, 0x38, 0x31, 0xC0, 0x18, 0x70, 0x63, 0xC0, 0x30, 0xE1, 0xC3,
  0x80, 0x60, 0xE3, 0x07, 0x00, 0xC1, 0xC6, 0x0E, 0x01, 0x83, 0x8C, 0x1C,
  0x03, 0x03, 0xB0, 0x38, 0x06, 0x07, 0x60, 0x70, 0x1C, 0x0E, 0xC0, 0xF0,
  0x38, 0x0D, 0x81, 0xE0, 0x70, 0x1E, 0x03, 0xC0, 0xC0, 0x3C, 0x07, 0x81,
  0x80, 0x78, 0x07, 0x1F, 0xE0, 0x60, 0x7F, 0xFF, 0xC0, 0x00, 0xFF, 0x80,
  0xFE, 0x01, 0xFE, 0xFC, 0x00, 0xF0, 0x7C, 0x00, 0xC0, 0xFC, 0x01, 0x81,
  0xF8, 0x03, 0x03, 0x78, 0x06, 0x06, 0x78, 0x0C, 0x0C, 0xF0, 0x18, 0x18,
  0xF0, 0x30, 0x30, 0xF0, 0x60, 0x61, 0xE0, 0xC0, 0xC1, 0xE1, 0x81, 0x81,
  0xE3, 0x03, 0x03, 0xC6, 0x06, 0x03, 0xCC, 0x0C, 0x03, 0xD8, 0x18, 0x07,
  0xB0, 0x30, 0x07, 0xE0, 0x60, 0x07, 0xC0, 0xC0, 0x0F, 0x81, 0x80, 0x0F,
  0x1F, 0xE0, 0x0E, 0x3F, 0xC0, 0x1C, 0x00, 0x00, 0x20, 0x00, 0x1F, 0xF0,
  0x03, 0xC3, 0xE0, 0x3C, 0x07, 0x83, 0xC0, 0x1E, 0x1C, 0x00, 0x71, 0xE0,
  0x03, 0xCE, 0x00, 0x1E, 0x70, 0x00, 0xF7, 0x80, 0x03, 0xBC, 0x00, 0x1D,
  0xE0, 0x00, 0xFF, 0x00, 0x07, 0xF8, 0x00, 0x3F, 0xC0, 0x01, 0xDE, 0x00,
  0x0E, 0xF0, 0x00, 0xF3, 0x80, 0x07, 0x9E, 0x00, 0x38, 0x70, 0x03, 0xC3,
  0xC0, 0x1C, 0x0F, 0x01, 0xC0, 0x3E, 0x7C, 0x00, 0x7F, 0x80, 0xFF, 0xFE,
  0x1F, 0x03, 0xE1, 0xC0, 0x38, 0x70, 0x0F, 0x1C, 0x01, 0xC7, 0x00, 0x71,
  0xC0, 0x1C, 0x70, 0x07, 0x1C, 0x01, 0xC7, 0x00, 0xF1, 0xC0, 0x38, 0x70,
  0x1C, 0x1C, 0x1E, 0x07, 0xFF, 0x01, 0xC0, 0x00, 0x70, 0x00, 0x1C, 0x00,
  0x07, 0x00, 0x01, 0xC0, 0x00, 0x70, 0x00, 0x1C, 0x00, 0x3F, 0xF8, 0x0F,
  0xFE, 0x00, 0x00, 0x20, 0x00, 0x03, 0xFE, 0x00, 0x0F, 0x0F, 0x80, 0x1E,
  0x03, 0xC0, 0x3C, 0x01, 0xE0, 0x38, 0x00, 0xE0, 0x78, 0x00, 0xF0, 0x70,
  0x00, 0xF0, 0x70, 0x00, 0xF0, 0xF0, 0x00, 0x70, 0xF0, 0x00, 0x70, 0xF0,
  0x00, 0x78, 0xF0, 0x00, 0x78, 0xF0, 0x00, 0x78, 0xF0, 0x00, 0x70, 0xF0,
  0x00, 0x70, 0xF0, 0x00, 0xF0, 0x70, 0x00, 0xF0, 0x78, 0x00, 0xE0, 0x38,
  0x01, 0xE0, 0x3C, 0x01, 0xC0, 0x1E, 0x03, 0x80, 0x0F, 0x9F, 0x00, 0x03,
  0xFE, 0x00, 0x00, 0x07, 0x80, 0x00, 0x03, 0xC0, 0x00, 0x01, 0xE0, 0x00,
  0x00, 0xFE, 0x00, 0x00, 0x7F, 0x00, 0x00, 0x1C, 0x00, 0x60, 0x07, 0xFF,
  0xF0, 0x0F, 0x07, 0xC0, 0x38, 0x0F, 0x01, 0xC0, 0x3C, 0x0E, 0x01, 0xE0,
  0x70, 0x0F, 0x03, 0x80, 0x78, 0x1C, 0x03, 0xC0, 0xE0, 0x1C, 0x07, 0x01,
  0xE0, 0x38, 0x1E, 0x01, 0xFF, 0xE0, 0x0F, 0xFE, 0x00, 0x70, 0x78, 0x03,
  0x81, 0xC0, 0x1C, 0x0F, 0x00, 0xE0, 0x38, 0x07, 0x01, 0xE0, 0x38, 0x07,
  0x81, 0xC0, 0x3C, 0x0E, 0x00, 0xF3, 0xFE, 0x07, 0xFF, 0xF0, 0x1F, 0x01,
  0x80, 0x3F, 0xF8, 0xF0, 0xF3, 0x80, 0xE7, 0x00, 0xDC, 0x01, 0xBC, 0x03,
  0x78, 0x00, 0x78, 0x00, 0xF8, 0x00, 0xFC, 0x00, 0xFE, 0x00, 0xFF, 0x00,
  0x7F, 0x80, 0x1F, 0x00, 0x1F, 0x00, 0x1F, 0x80, 0x1F, 0x00, 0x3F, 0x00,
  0x7E, 0x00, 0xFC, 0x03, 0xBF, 0x3E, 0x1F, 0xF0, 0xFF, 0xFF, 0xFF, 0x8F,
  0x3F, 0xE0, 0xF0, 0x7E, 0x0F, 0x07, 0xC0, 0xF0, 0x7C, 0x0F, 0x03, 0xC0,
  0xF0, 0x3C, 0x0F, 0x03, 0x00, 0xF0, 0x00, 0x0F, 0x00, 0x00, 0xF0, 0x00,
  0x0F, 0x00, 0x00, 0xF0, 0x00, 0x0F, 0x00, 0x00, 0xF0, 0x00, 0x0F, 0x00,
  0x00, 0xF0, 0x00, 0x0F, 0x00, 0x00, 0xF0, 0x00, 0x0F, 0x00, 0x00, 0xF0,
  0x00, 0xFF, 0xF0, 0x0F, 0xFF, 0x00, 0xFF, 0x03, 0xFD, 0xF8, 0x07, 0xE3,
  0x80, 0x06, 0x0E, 0x00, 0x18, 0x38, 0x00, 0x60, 0xE0, 0x01, 0x83, 0x80,
  0x06, 0x0E, 0x00, 0x18, 0x38, 0x00, 0x60, 0xE0, 0x01, 0x83, 0x80, 0x06,
  0x0E, 0x00, 0x18, 0x38, 0x00, 0x60, 0xE0, 0x01, 0x83, 0x80, 0x06, 0x0F,
  0x00, 0x18, 0x3C, 0x00, 0x60, 0xF0, 0x01, 0x81, 0xC0, 0x0E, 0x07, 0x80,
  0x30, 0x0F, 0x01, 0x80, 0x1F, 0xBC, 0x00, 0x1F, 0xE0, 0x00, 0xFF, 0x81,
  0xFD, 0xF8, 0x01, 0xF1, 0xC0, 0x03, 0x07, 0x80, 0x1C, 0x1E, 0x00, 0x60,
  0x38, 0x01, 0x80, 0xF0, 0x0E, 0x03, 0xC0, 0x30, 0x07, 0x00, 0xC0, 0x1E,
  0x07, 0x00, 0x78, 0x18, 0x00, 0xE0, 0x60, 0x03, 0xC3, 0x80, 0x07, 0x0C,
  0x00, 0x1C, 0x30, 0x00, 0x79, 0x80, 0x00, 0xE6, 0x00, 0x03, 0x98, 0x00,
  0x0F, 0xC0, 0x00, 0x1F, 0x00, 0x00, 0x7C, 0x00, 0x01, 0xE0, 0x00, 0x03,
  0x80, 0x00, 0xFF, 0x87, 0xF8, 0x7F, 0xBF, 0x01, 0xF8, 0x0F, 0x87, 0x00,
  0x78, 0x03, 0x83, 0x80, 0x3C, 0x01, 0x81, 0xE0, 0x0E, 0x00, 0xC0, 0x70,
  0x0F, 0x00, 0xE0, 0x38, 0x07, 0xC0, 0x60, 0x1E, 0x03, 0xE0, 0x30, 0x07,
  0x03, 0x70, 0x18, 0x03, 0x81, 0xBC, 0x18, 0x01, 0xE0, 0xCE, 0x0C, 0x00,
  0xF0, 0xC7, 0x06, 0x00, 0x38, 0x63, 0x83, 0x00, 0x1C, 0x31, 0xE3, 0x00,
  0x0F, 0x18, 0x71, 0x80, 0x03, 0x98, 0x38, 0xC0, 0x01, 0xCC, 0x1E, 0xC0,
  0x00, 0xE6, 0x07, 0x60, 0x00, 0x3A, 0x03, 0xB0, 0x00, 0x1F, 0x01, 0xD8,
  0x00, 0x0F, 0x80, 0x78, 0x00, 0x03, 0x80, 0x3C, 0x00, 0x01, 0xC0, 0x1E,
  0x00, 0x7F, 0xC3, 0xFC, 0xFE, 0x07, 0xE0, 0xF0, 0x0E, 0x03, 0xC0, 0x30,
  0x07, 0x81, 0x80, 0x0E, 0x0E, 0x00, 0x3C, 0x30, 0x00, 0x79, 0x80, 0x00,
  0xE6, 0x00, 0x03, 0xF0, 0x00, 0x07, 0x80, 0x00, 0x1E, 0x00, 0x00, 0x7C,
  0x00, 0x03, 0x78, 0x00, 0x18, 0xE0, 0x00, 0x63, 0xC0, 0x03, 0x07, 0x80,
  0x1C, 0x0E, 0x00, 0x60, 0x3C, 0x03, 0x00, 0x78, 0x1C, 0x01, 0xE3, 0xFE,
  0x1F, 0xFF, 0xF8, 0x7F, 0xC0, 0xFF, 0x07, 0xFF, 0xF0, 0x0F, 0x8F, 0x00,
  0x30, 0x78, 0x03, 0x81, 0xE0, 0x18, 0x07, 0x01, 0x80, 0x3C, 0x0C, 0x00,
  0xE0, 0xC0, 0x07, 0x8E, 0x00, 0x1C, 0x60, 0x00, 0xF7, 0x00, 0x03, 0xB0,
  0x00, 0x0F, 0x80, 0x00, 0x78, 0x00, 0x03, 0xC0, 0x00, 0x1E, 0x00, 0x00,
  0xF0, 0x00, 0x07, 0x80, 0x00, 0x3C, 0x00, 0x01, 0xE0, 0x00, 0x0F, 0x00,
  0x03, 0xFF, 0x00, 0x1F, 0xF8, 0x00, 0x3F, 0xFF, 0xCF, 0x80, 0xE7, 0x00,
  0x79, 0xC0, 0x3C, 0x60, 0x1E, 0x18, 0x07, 0x80, 0x03, 0xC0, 0x01, 0xE0,
  0x00, 0x78, 0x00, 0x3C, 0x00, 0x1E, 0x00, 0x07, 0x80, 0x03, 0xC0, 0x01,
  0xE0, 0x00, 0x78, 0x00, 0x3C, 0x00, 0x1E, 0x00, 0xC7, 0x80, 0x33, 0xC0,
  0x1D, 0xE0, 0x07, 0x70, 0x01, 0xFF, 0xFF, 0xFF, 0xFF, 0xF8, 0x7F, 0xFF,
  0x87, 0x0E, 0x1C, 0x38, 0x70, 0xE1, 0xC3, 0x87, 0x0E, 0x1C, 0x38, 0x70,
  0xE1, 0xC3, 0x87, 0x0E, 0x1C, 0x38, 0x70, 0xE1, 0xC3, 0x87, 0xF7, 0xE0,
  0xE0, 0x1C, 0x01, 0x80, 0x38, 0x07, 0x00, 0x60, 0x0E, 0x01, 0xC0, 0x38,
  0x03, 0x00, 0x70, 0x0E, 0x00, 0xC0, 0x1C, 0x03, 0x80, 0x70, 0x06, 0x00,
  0xE0, 0x1C, 0x01, 0x80, 0x38, 0x07, 0x00, 0xE0, 0x0C, 0x01, 0xC0, 0x38,
  0x03, 0x00, 0x70, 0x0E, 0x01, 0xC0, 0xFF, 0xFC, 0x18, 0x30, 0x60, 0xC1,
  0x83, 0x06, 0x0C, 0x18, 0x30, 0x60, 0xC1, 0x83, 0x06, 0x0C, 0x18, 0x30,
  0x60, 0xC1, 0x83, 0x06, 0x0C, 0x1F, 0xFF, 0xE0, 0x03, 0x80, 0x0F, 0x00,
  0x1F, 0x00, 0x36, 0x00, 0xEC, 0x01, 0xDC, 0x03, 0x38, 0x0E, 0x30, 0x1C,
  0x70, 0x30, 0xE0, 0xE0, 0xC1, 0xC1, 0xC3, 0x03, 0x8E, 0x03, 0x1C, 0x07,
  0x30, 0x0E, 0xE0, 0x0D, 0xC0, 0x1F, 0x80, 0x38, 0xFF, 0xFF, 0xFF, 0xFF,
  0x61, 0xE1, 0xE1, 0xC1, 0xC1, 0xC1, 0x00, 0x03, 0xC0, 0x7F, 0xE3, 0xFF,
  0xE3, 0x03, 0xC0, 0x03, 0x80, 0x07, 0x00, 0x0E, 0x00, 0x1C, 0x0F, 0xF8,
  0x7C, 0x71, 0xC0, 0xE7, 0x81, 0xCE, 0x03, 0x9C, 0x07, 0x38, 0x0E, 0x78,
  0x3C, 0x7F, 0xFE, 0x7E, 0x7C, 0x08, 0x00, 0x3F, 0x00, 0x03, 0xC0, 0x00,
  0xF0, 0x00, 0x3C, 0x00, 0x0F, 0x00, 0x03, 0xC0, 0x00, 0xF0, 0x00, 0x3C,
  0x78, 0x0F, 0x7F, 0x83, 0xFB, 0xF0, 0xF0, 0x3E, 0x3C, 0x07, 0x8F, 0x00,
  0xE3, 0xC0, 0x3C, 0xF0, 0x0F, 0x3C, 0x03, 0xCF, 0x00, 0xF3, 0xC0, 0x3C,
  0xF0, 0x0E, 0x3C, 0x03, 0x8F, 0x01, 0xE3, 0xC0, 0x70, 0xF0, 0x38, 0x3F,
  0x3C, 0x07, 0xFE, 0x00, 0x03, 0xF0, 0x3F, 0xE1, 0xC3, 0x8E, 0x06, 0x70,
  0x19, 0xC0, 0x6F, 0x00, 0x3C, 0x00, 0xF0, 0x03, 0xC0, 0x0F, 0x00, 0x3C,
  0x00, 0xF0, 0x01, 0xC0, 0x07, 0x80, 0x0F, 0x03, 0x1F, 0xF8, 0x3F, 0xC0,
  0x00, 0x06, 0x00, 0x3F, 0x00, 0x07, 0x80, 0x01, 0xC0, 0x00, 0xE0, 0x00,
  0x70, 0x00, 0x38, 0x00, 0x1C, 0x03, 0xFE, 0x07, 0xFF, 0x07, 0x03, 0x87,
  0x01, 0xC7, 0x80, 0xE3, 0x80, 0x73, 0xC0, 0x39, 0xE0, 0x1C, 0xF0, 0x0E,
  0x78, 0x07, 0x3C, 0x03, 0x9E, 0x01, 0xCF, 0x00, 0xE3, 0x80, 0x71, 0xE0,
  0x38, 0x78, 0x3C, 0x3F, 0xFF, 0x87, 0xE7, 0xC0, 0x03, 0xC0, 0x3F, 0xC3,
  0x83, 0x8C, 0x0F, 0x70, 0x1D, 0xC0, 0x7E, 0x01, 0xF8, 0x07, 0xFF, 0xFF,
  0x80, 0x0E, 0x00, 0x3C, 0x00, 0xF0, 0x01, 0xC0, 0x07, 0x80, 0x0F, 0x03,
  0x3F, 0xFC, 0x3F, 0xC0, 0x00, 0xF0, 0x3F, 0x07, 0xF0, 0xE0, 0x1C, 0x01,
  0xC0, 0x1C, 0x01, 0xC0, 0x1C, 0x0F, 0xFC, 0xFF, 0xC1, 0xC0, 0x1C, 0x01,
  0xC0, 0x1C, 0x01, 0xC0, 0x1C, 0x01, 0xC0, 0x1C, 0x01, 0xC0, 0x1C, 0x01,
  0xC0, 0x1C, 0x01, 0xC0, 0xFF, 0xCF, 0xFC, 0x03, 0xE1, 0xC7, 0xFF, 0xF3,
  0xC3, 0xFD, 0xE0, 0x70, 0x70, 0x1E, 0x1C, 0x03, 0x87, 0x00, 0xE1, 0xC0,
  0x78, 0x78, 0x1C, 0x0F, 0x0F, 0x01, 0xFF, 0x80, 0x3F, 0x80, 0x38, 0x00,
  0x0C, 0x00, 0x03, 0x00, 0x00, 0xF8, 0x00, 0x3F, 0xFE, 0x07, 0xFF, 0xC7,
  0x00, 0x79, 0xC0, 0x0E, 0xE0, 0x03, 0xB8, 0x00, 0xEE, 0x00, 0x73, 0xC0,
  0x3C, 0x7E, 0x7C, 0x0F, 0xFE, 0x00, 0x18, 0x00, 0x1F, 0x80, 0x01, 0xF0,
  0x00, 0x1E, 0x00, 0x03, 0xC0, 0x00, 0x78, 0x00, 0x0F, 0x00, 0x01, 0xE0,
  0x00, 0x3C, 0x3C, 0x07, 0xBF, 0xC0, 0xFF, 0x7C, 0x1F, 0x03, 0x83, 0xC0,
  0x78, 0x78, 0x0F, 0x0F, 0x01, 0xE1, 0xE0, 0x1C, 0x3C, 0x03, 0x87, 0x80,
  0x70, 0xF0, 0x0E, 0x1E, 0x01, 0xC3, 0xC0, 0x38, 0x78, 0x07, 0x0F, 0x00,
  0xE1, 0xE0, 0x1C, 0xFF, 0x0F, 0xFF, 0xE1, 0xFC, 0x18, 0x3C, 0x3C, 0x3C,
  0x10, 0x00, 0x00, 0x1C, 0xFC, 0xFC, 0x1C, 0x1C, 0x1C, 0x1C, 0x1C, 0x1C,
  0x1C, 0x1C, 0x1C, 0x1C, 0x1C, 0x1C, 0x1C, 0xFF, 0xFF, 0x0C, 0x3C, 0x78,
  0xF0, 0x80, 0x00, 0x07, 0x7E, 0xFC, 0x38, 0x70, 0xE1, 0xC3, 0x87, 0x0E,
  0x1C, 0x38, 0x70, 0xE1, 0xC3, 0x87, 0x0E, 0x1C, 0x38, 0xF1, 0xC3, 0x8E,
  0x7C, 0xE0, 0x18, 0x00, 0x1F, 0x00, 0x01, 0xE0, 0x00, 0x1C, 0x00, 0x03,
  0x80, 0x00, 0x70, 0x00, 0x0E, 0x00, 0x01, 0xC0, 0x00, 0x38, 0x00, 0x07,
  0x07, 0xF8, 0xE0, 0x38, 0x1C, 0x0E, 0x03, 0x81, 0x80, 0x70, 0x60, 0x0E,
  0x18, 0x01, 0xC7, 0x00, 0x39, 0xF0, 0x07, 0x6E, 0x00, 0xF9, 0xE0, 0x1E,
  0x1E, 0x03, 0x81, 0xC0, 0x70, 0x3C, 0x0E, 0x03, 0xC1, 0xC0, 0x38, 0xFF,
  0x1F, 0xFF, 0xE3, 0xFC, 0x18, 0xF8, 0x78, 0x38, 0x38, 0x38, 0x38, 0x38,
  0x38, 0x38, 0x38, 0x38, 0x38, 0x38, 0x38, 0x38, 0x38, 0x38, 0x38, 0x38,
  0x38, 0x38, 0x38, 0x38, 0xFF, 0xFF, 0x38, 0x3C, 0x0F, 0x07, 0xCF, 0xF3,
  0xFE, 0x3E, 0xF7, 0xFD, 0xF0, 0x7C, 0x0F, 0x03, 0xC3, 0xC0, 0x70, 0x0E,
  0x1E, 0x03, 0xC0, 0x70, 0xF0, 0x1E, 0x03, 0x87, 0x80, 0xF0, 0x1C, 0x3C,
  0x07, 0x80, 0xE1, 0xE0, 0x3C, 0x07, 0x0F, 0x01, 0xE0, 0x38, 0x78, 0x0F,
  0x01, 0xC3, 0xC0, 0x78, 0x0E, 0x1E, 0x03, 0xC0, 0x70, 0xF0, 0x1E, 0x03,
  0x87, 0x80, 0xF0, 0x1C, 0xFF, 0x1F, 0xE3, 0xFF, 0xF8, 0xFF, 0x1F, 0xC0,
  0x38, 0x3C, 0x1F, 0x3F, 0xC3, 0xEF, 0x7C, 0x1F, 0x03, 0x83, 0xC0, 0x78,
  0x78, 0x0F, 0x0F, 0x01, 0xE1, 0xE0, 0x1C, 0x3C, 0x03, 0x87, 0x80, 0x70,
  0xF0, 0x0E, 0x1E, 0x01, 0xC3, 0xC0, 0x38, 0x78, 0x07, 0x0F, 0x00, 0xE1,
  0xE0, 0x1C, 0xFF, 0x0F, 0xFF, 0xE1, 0xFC, 0x03, 0xE0, 0x0F, 0xF8, 0x1C,
  0x3C, 0x38, 0x1E, 0x70, 0x0E, 0x70, 0x0F, 0xF0, 0x0F, 0xF0, 0x0F, 0xF0,
  0x07, 0xF0, 0x07, 0xF0, 0x07, 0xF0, 0x0F, 0xF0, 0x0F, 0x70, 0x0E, 0x78,
  0x0E, 0x38, 0x1C, 0x1F, 0x78, 0x0F, 0xF0, 0x38, 0xF0, 0x7D, 0xFE, 0x3F,
  0xCF, 0x87, 0x81, 0xE3, 0x80, 0x71, 0xC0, 0x3C, 0xE0, 0x1E, 0x70, 0x07,
  0x38, 0x03, 0x9C, 0x01, 0xCE, 0x00, 0xE7, 0x00, 0xF3, 0x80, 0x71, 0xC0,
  0x38, 0xE0, 0x38, 0x70, 0x1C, 0x3E, 0x3C, 0x1F, 0xF8, 0x0E, 0x00, 0x07,
  0x00, 0x03, 0x80, 0x01, 0xC0, 0x00, 0xE0, 0x00, 0x70, 0x00, 0xFF, 0x00,
  0x7F, 0x80, 0x00, 0x03, 0xF2, 0x07, 0xFF, 0x07, 0x03, 0x87, 0x01, 0xC7,
  0x80, 0xE3, 0x80, 0x73, 0xC0, 0x39, 0xE0, 0x1C, 0xF0, 0x0E, 0x78, 0x07,
  0x3C, 0x03, 0x9E, 0x01, 0xCF, 0x00, 0xE3, 0x80, 0x71, 0xE0, 0x38, 0x78,
  0x3C, 0x3F, 0xFE, 0x07, 0xE7, 0x00, 0x03, 0x80, 0x01, 0xC0, 0x00, 0xE0,
  0x00, 0x70, 0x00, 0x38, 0x00, 0x1C, 0x00, 0x7F, 0x80, 0x3F, 0xC0, 0x38,
  0x3F, 0x8F, 0xF9, 0xF3, 0xBF, 0x3E, 0x03, 0xC0, 0x3C, 0x03, 0xC0, 0x3C,
  0x03, 0xC0, 0x3C, 0x03, 0xC0, 0x3C, 0x03, 0xC0, 0x3C, 0x03, 0xC0, 0xFF,
  0xCF, 0xFC, 0x07, 0xC1, 0xFF, 0x9C, 0x1C, 0xE0, 0x67, 0x03, 0x38, 0x01,
  0xE0, 0x0F, 0xC0, 0x3F, 0x80, 0xFF, 0x01, 0xFC, 0x01, 0xF0, 0x07, 0xF0,
  0x1F, 0x80, 0xFC, 0x07, 0xF8, 0xF1, 0xFE, 0x00, 0x18, 0x03, 0x00, 0x60,
  0x1C, 0x03, 0x81, 0xFF, 0xBF, 0xF1, 0xC0, 0x38, 0x07, 0x00, 0xE0, 0x1C,
  0x03, 0x80, 0x70, 0x0E, 0x01, 0xC0, 0x38, 0x07, 0x00, 0xE0, 0x1E, 0x13,
  0xFE, 0x3F, 0x00, 0x78, 0x1E, 0x7C, 0x1F, 0x9E, 0x03, 0xC7, 0x01, 0xE3,
  0x80, 0xF1, 0xC0, 0x78, 0xE0, 0x3C, 0x70, 0x1E, 0x38, 0x0F, 0x1C, 0x07,
  0x8E, 0x03, 0xC7, 0x01, 0xE3, 0x80, 0xF1, 0xC0, 0x78, 0xE0, 0x3C, 0x78,
  0x3E, 0x1F, 0xF7, 0x87, 0xE3, 0xC0, 0xFE, 0x0F, 0xDE, 0x00, 0xC3, 0x80,
  0x70, 0xF0, 0x1C, 0x1C, 0x06, 0x07, 0x03, 0x81, 0xE0, 0xC0, 0x38, 0x30,
  0x0E, 0x1C, 0x01, 0xC6, 0x00, 0x71, 0x80, 0x1C, 0xE0, 0x03, 0xB0, 0x00,
  0xEC, 0x00, 0x1E, 0x00, 0x07, 0x80, 0x01, 0xE0, 0x00, 0xFE, 0x0F, 0x0F,
  0xEF, 0x01, 0xE0, 0x30, 0xE0, 0x7C, 0x0E, 0x1C, 0x0D, 0xC1, 0x83, 0xC1,
  0xB8, 0x30, 0x38, 0x37, 0x06, 0x07, 0x0C, 0xE1, 0xC0, 0xE1, 0x9E, 0x30,
  0x0E, 0x31, 0xC6, 0x01, 0xCE, 0x38, 0xC0, 0x39, 0x87, 0x30, 0x03, 0xB0,
  0x76, 0x00, 0x76, 0x0E, 0xC0, 0x0F, 0x81, 0xF0, 0x01, 0xF0, 0x3E, 0x00,
  0x1E, 0x03, 0xC0, 0x03, 0xC0, 0x70, 0x00, 0x7F, 0x1F, 0xCF, 0x00, 0xC1,
  0xE0, 0x60, 0x3C, 0x38, 0x07, 0x0C, 0x01, 0xE6, 0x00, 0x3F, 0x00, 0x07,
  0x80, 0x01, 0xF0, 0x00, 0x7C, 0x00, 0x37, 0x80, 0x18, 0xF0, 0x0E, 0x1E,
  0x03, 0x07, 0x81, 0x80, 0xF3, 0xF8, 0xFF, 0xFE, 0x3F, 0xC0, 0xFF, 0x0F,
  0xCE, 0x00, 0xE3, 0xC0, 0x30, 0xF0, 0x1C, 0x1C, 0x07, 0x07, 0x81, 0x81,
  0xE0, 0xE0, 0x38, 0x38, 0x0F, 0x0C, 0x01, 0xC7, 0x00, 0x71, 0xC0, 0x1E,
  0x60, 0x03, 0x98, 0x00, 0xEE, 0x00, 0x1F, 0x00, 0x07, 0xC0, 0x01, 0xF0,
  0x00, 0x18, 0x00, 0x0E, 0x00, 0x03, 0x00, 0x01, 0xC0, 0x00, 0xE0, 0x01,
  0xF8, 0x00, 0x7C, 0x00, 0x1C, 0x00, 0x00, 0x7F, 0xFE, 0xFE, 0x3D, 0x80,
  0xF3, 0x03, 0xC6, 0x0F, 0x00, 0x1E, 0x00, 0x78, 0x01, 0xE0, 0x07, 0x80,
  0x0F, 0x00, 0x3C, 0x00, 0xF0, 0x23, 0xC0, 0x6F, 0x00, 0xDC, 0x03, 0xFF,
  0xFF, 0xFF, 0xFE, 0x0F, 0xF1, 0xFF, 0x1E, 0x01, 0xC0, 0x1C, 0x01, 0xC0,
  0x1C, 0x01, 0xC0, 0x0E, 0x00, 0xE0, 0x0E, 0x00, 0xE0, 0x0E, 0x0F, 0xC0,
  0xE0, 0x0F, 0xC0, 0x0E, 0x00, 0xE0, 0x0E, 0x00, 0xE0, 0x0E, 0x01, 0xC0,
  0x1C, 0x01, 0xC0, 0x1C, 0x01, 0xC0, 0x1C, 0x01, 0xFF, 0x0F, 0xF0, 0xFF,
  0xFF, 0xFF, 0xFF, 0xFF, 0xFF, 0xFF, 0xFF, 0xFF, 0xFF, 0xFF, 0xC0, 0xFF,
  0x0F, 0xF8, 0x07, 0x80, 0x38, 0x03, 0x80, 0x38, 0x03, 0x80, 0x38, 0x07,
  0x00, 0x70, 0x07, 0x00, 0x70, 0x07, 0x00, 0x3F, 0x00, 0x70, 0x3F, 0x07,
  0x00, 0x70, 0x07, 0x00, 0x70, 0x07, 0x00, 0x38, 0x03, 0x80, 0x38, 0x03,
  0x80, 0x38, 0x03, 0x8F, 0xF8, 0xFF, 0x00, 0x00, 0x11, 0xF0, 0xDF, 0xFF,
  0xC7, 0xEC, 0x0C, 0x00, 0xFF, 0xFF, 0xFF, 0xFF, 0xFF, 0xFF, 0xFF, 0xFF,
  0xFF, 0xFF, 0xFF, 0xFB, 0xFF, 0xFF, 0xC7, 0xF9, 0xFF, 0x0F, 0xC7, 0xFE,
  0x1E, 0x3F, 0xFC, 0x31, 0xFF, 0xF8, 0x8F, 0xFF, 0xF0, 0x7F, 0xFF, 0xE3,
  0xFF, 0xFF, 0x03, 0xFF, 0xF8, 0x87, 0xFF, 0xC7, 0x0F, 0xFE, 0x3E, 0x1F,
  0xF1, 0xFC, 0x7F, 0xEF, 0xFB, 0xFF, 0xFF, 0xFF, 0xFF, 0xFF, 0xFF, 0xFF,
  0xFF, 0xFF, 0xFF, 0xFF, 0xF0, 0xFF, 0xFF, 0xFF, 0xFF, 0xFF, 0xFF, 0xFF,
  0xFF, 0xFF, 0xFF, 0xFF, 0xFB, 0xFF, 0xFF, 0xC7, 0xF9, 0xFF, 0x0F, 0xC7,
  0xFE, 0x1E, 0x3F, 0xFC, 0x31, 0xFF, 0xF8, 0x8F, 0xFF, 0xF0, 0x7F, 0xFF,
  0xE3, 0xFF, 0xFF, 0x03, 0xFF, 0xF8, 0x87, 0xFF, 0xC7, 0x0F, 0xFE, 0x3E,
  0x1F, 0xF1, 0xFC, 0x7F, 0xEF, 0xFB, 0xFF, 0xFF, 0xFF, 0xFF, 0xFF, 0xFF,
  0xFF, 0xFF, 0xFF, 0xFF, 0xFF, 0xF0, 0xFF, 0xFF, 0xFF, 0xFF, 0xFF, 0xFF,
  0xFF, 0xFF, 0xFF, 0xFF, 0xFF, 0xFB, 0xFF, 0xFF, 0xC7, 0xF9, 0xFF, 0x0F,
  0xC7, 0xFE, 0x1E, 0x3F, 0xFC, 0x31, 0xFF, 0xF8, 0x8F, 0xFF, 0xF0, 0x7F,
  0xFF, 0xE3, 0xFF, 0xFF, 0x03, 0xFF, 0xF8, 0x87, 0xFF, 0xC7, 0x0F, 0xFE,
  0x3E, 0x1F, 0xF1, 0xFC, 0x7F, 0xEF, 0xFB, 0xFF, 0xFF, 0xFF, 0xFF, 0xFF,
  0xFF, 0xFF, 0xFF, 0xFF, 0xFF, 0xFF, 0xF0, 0xFF, 0xFF, 0xFF, 0xFF, 0xFF,
  0xFF, 0xFF, 0xFF, 0xFF, 0xFF, 0xFF, 0xFB, 0xFF, 0xFF, 0xC7, 0xF9, 0xFF,
  0x0F, 0xC7, 0xFE, 0x1E, 0x3F, 0xFC, 0x31, 0xFF, 0xF8, 0x8F, 0xFF, 0xF0,
  0x7F, 0xFF, 0xE3, 0xFF, 0xFF, 0x03, 0xFF, 0xF8, 0x87, 0xFF, 0xC7, 0x0F,
  0xFE, 0x3E, 0x1F, 0xF1, 0xFC, 0x7F, 0xEF, 0xFB, 0xFF, 0xFF, 0xFF, 0xFF,
  0xFF, 0xFF, 0xFF, 0xFF, 0xFF, 0xFF, 0xFF, 0xF0, 0xFF, 0xFF, 0xFF, 0xFF,
  0xFF, 0xFF, 0xFF, 0xFF, 0xFF, 0xFF, 0xFF, 0xFB, 0xFF, 0xFF, 0xC7, 0xF9,
  0xFF, 0x0F, 0xC7, 0xFE, 0x1E, 0x3F, 0xFC, 0x31, 0xFF, 0xF8, 0x8F, 0xFF,
  0xF0, 0x7F, 0xFF, 0xE3, 0xFF, 0xFF, 0x03, 0xFF, 0xF8, 0x87, 0xFF, 0xC7,
  0x0F, 0xFE, 0x3E, 0x1F, 0xF1, 0xFC, 0x7F, 0xEF, 0xFB, 0xFF, 0xFF, 0xFF,
  0xFF, 0xFF, 0xFF, 0xFF, 0xFF, 0xFF, 0xFF, 0xFF, 0xF0, 0xFF, 0xFF, 0xFF,
  0xFF, 0xFF, 0xFF, 0xFF, 0xFF, 0xFF, 0xFF, 0xFF, 0xFB, 0xFF, 0xFF, 0xC7,
  0xF9, 0xFF, 0x0F, 0xC7, 0xFE, 0x1E, 0x3F, 0xFC, 0x31, 0xFF, 0xF8, 0x8F,
  0xFF, 0xF0, 0x7F, 0xFF, 0xE3, 0xFF, 0xFF, 0x03, 0xFF, 0xF8, 0x87, 0xFF,
  0xC7, 0x0F, 0xFE, 0x3E, 0x1F, 0xF1, 0xFC, 0x7F, 0xEF, 0xFB, 0xFF, 0xFF,
  0xFF, 0xFF, 0xFF, 0xFF, 0xFF, 0xFF, 0xFF, 0xFF, 0xFF, 0xF0, 0xFF, 0xFF,
  0xFF, 0xFF, 0xFF, 0xFF, 0xFF, 0xFF, 0xFF, 0xFF, 0xFF, 0xFB, 0xFF, 0xFF,
  0xC7, 0xF9, 0xFF, 0x0F, 0xC7, 0xFE, 0x1E, 0x3F, 0xFC, 0x31, 0xFF, 0xF8,
  0x8F, 0xFF, 0xF0, 0x7F, 0xFF, 0xE3, 0xFF, 0xFF, 0x03, 0xFF, 0xF8, 0x87,
  0xFF, 0xC7, 0x0F, 0xFE, 0x3E, 0x1F, 0xF1, 0xFC, 0x7F, 0xEF, 0xFB, 0xFF,
  0xFF, 0xFF, 0xFF, 0xFF, 0xFF, 0xFF, 0xFF, 0xFF, 0xFF, 0xFF, 0xF0, 0xFF,
  0xFF, 0xFF, 0xFF, 0xFF, 0xFF, 0xFF, 0xFF, 0xFF, 0xFF, 0xFF, 0xFB, 0xFF,
  0xFF, 0xC7, 0xF9, 0xFF, 0x0F, 0xC7, 0xFE, 0x1E, 0x3F, 0xFC, 0x31, 0xFF,
  0xF8, 0x8F, 0xFF, 0xF0, 0x7F, 0xFF, 0xE3, 0xFF, 0xFF, 0x03, 0xFF, 0xF8,
  0x87, 0xFF, 0xC7, 0x0F, 0xFE, 0x3E, 0x1F, 0xF1, 0xFC, 0x7F, 0xEF, 0xFB,
  0xFF, 0xFF, 0xFF, 0xFF, 0xFF, 0xFF, 0xFF, 0xFF, 0xFF, 0xFF, 0xFF, 0xF0,
  0xFF, 0xFF, 0xFF, 0xFF, 0xFF, 0xFF, 0xFF, 0xFF, 0xFF, 0xFF, 0xFF, 0xFB,
  0xFF, 0xFF, 0xC7, 0xF9, 0xFF, 0x0F, 0xC7, 0xFE, 0x1E, 0x3F, 0xFC, 0x31,
  0xFF, 0xF8, 0x8F, 0xFF, 0xF0, 0x7F, 0xFF, 0xE3, 0xFF, 0xFF, 0x03, 0xFF,
  0xF8, 0x87, 0xFF, 0xC7, 0x0F, 0xFE, 0x3E, 0x1F, 0xF1, 0xFC, 0x7F, 0xEF,
  0xFB, 0xFF, 0xFF, 0xFF, 0xFF, 0xFF, 0xFF, 0xFF, 0xFF, 0xFF, 0xFF, 0xFF,
  0xF0, 0xFF, 0xFF, 0xFF, 0xFF, 0xFF, 0xFF, 0xFF, 0xFF, 0xFF, 0xFF, 0xFF,
  0xFB, 0xFF, 0xFF, 0xC7, 0xF9, 0xFF, 0x0F, 0xC7, 0xFE, 0x1E, 0x3F, 0xFC,
  0x31, 0xFF, 0xF8, 0x8F, 0xFF, 0xF0, 0x7F, 0xFF, 0xE3, 0xFF, 0xFF, 0x03,
  0xFF, 0xF8, 0x87, 0xFF, 0xC7, 0x0F, 0xFE, 0x3E, 0x1F, 0xF1, 0xFC, 0x7F,
  0xEF, 0xFB, 0xFF, 0xFF, 0xFF, 0xFF, 0xFF, 0xFF, 0xFF, 0xFF, 0xFF, 0xFF,
  0xFF, 0xF0, 0xFF, 0xFF, 0xFF, 0xFF, 0xFF, 0xFF, 0xFF, 0xFF, 0xFF, 0xFF,
  0xFF, 0xFB, 0xFF, 0xFF, 0xC7, 0xF9, 0xFF, 0x0F, 0xC7, 0xFE, 0x1E, 0x3F,
  0xFC, 0x31, 0xFF, 0xF8, 0x8F, 0xFF, 0xF0, 0x7F, 0xFF, 0xE3, 0xFF, 0xFF,
  0x03, 0xFF, 0xF8, 0x87, 0xFF, 0xC7, 0x0F, 0xFE, 0x3E, 0x1F, 0xF1, 0xFC,
  0x7F, 0xEF, 0xFB, 0xFF, 0xFF, 0xFF, 0xFF, 0xFF, 0xFF, 0xFF, 0xFF, 0xFF,
  0xFF, 0xFF, 0xF0, 0xFF, 0xFF, 0xFF, 0xFF, 0xFF, 0xFF, 0xFF, 0xFF, 0xFF,
  0xFF, 0xFF, 0xFB, 0xFF, 0xFF, 0xC7, 0xF9, 0xFF, 0x0F, 0xC7, 0xFE, 0x1E,
  0x3F, 0xFC, 0x31, 0xFF, 0xF8, 0x8F, 0xFF, 0xF0, 0x7F, 0xFF, 0xE3, 0xFF,
  0xFF, 0x03, 0xFF, 0xF8, 0x87, 0xFF, 0xC7, 0x0F, 0xFE, 0x3E, 0x1F, 0xF1,
  0xFC, 0x7F, 0xEF, 0xFB, 0xFF, 0xFF, 0xFF, 0xFF, 0xFF, 0xFF, 0xFF, 0xFF,
  0xFF, 0xFF, 0xFF, 0xF0, 0xFF, 0xFF, 0xFF, 0xFF, 0xFF, 0xFF, 0xFF, 0xFF,
  0xFF, 0xFF, 0xFF, 0xFB, 0xFF, 0xFF, 0xC7, 0xF9, 0xFF, 0x0F, 0xC7, 0xFE,
  0x1E, 0x3F, 0xFC, 0x31, 0xFF, 0xF8, 0x8F, 0xFF, 0xF0, 0x7F, 0xFF, 0xE3,
  0xFF, 0xFF, 0x03, 0xFF, 0xF8, 0x87, 0xFF, 0xC7, 0x0F, 0xFE, 0x3E, 0x1F,
  0xF1, 0xFC, 0x7F, 0xEF, 0xFB, 0xFF, 0xFF, 0xFF, 0xFF, 0xFF, 0xFF, 0xFF,
  0xFF, 0xFF, 0xFF, 0xFF, 0xF0, 0xFF, 0xFF, 0xFF, 0xFF, 0xFF, 0xFF, 0xFF,
  0xFF, 0xFF, 0xFF, 0xFF, 0xFB, 0xFF, 0xFF, 0xC7, 0xF9, 0xFF, 0x0F, 0xC7,
  0xFE, 0x1E, 0x3F, 0xFC, 0x31, 0xFF, 0xF8, 0x8F, 0xFF, 0xF0, 0x7F, 0xFF,
  0xE3, 0xFF, 0xFF, 0x03, 0xFF, 0xF8, 0x87, 0xFF, 0xC7, 0x0F, 0xFE, 0x3E,
  0x1F, 0xF1, 0xFC, 0x7F, 0xEF, 0xFB, 0xFF, 0xFF, 0xFF, 0xFF, 0xFF, 0xFF,
  0xFF, 0xFF, 0xFF, 0xFF, 0xFF, 0xF0, 0xFF, 0xFF, 0xFF, 0xFF, 0xFF, 0xFF,
  0xFF, 0xFF, 0xFF, 0xFF, 0xFF, 0xFB, 0xFF, 0xFF, 0xC7, 0xF9, 0xFF, 0x0F,
  0xC7, 0xFE, 0x1E, 0x3F, 0xFC, 0x31, 0xFF, 0xF8, 0x8F, 0xFF, 0xF0, 0x7F,
  0xFF, 0xE3, 0xFF, 0xFF, 0x03, 0xFF, 0xF8, 0x87, 0xFF, 0xC7, 0x0F, 0xFE,
  0x3E, 0x1F, 0xF1, 0xFC, 0x7F, 0xEF, 0xFB, 0xFF, 0xFF, 0xFF, 0xFF, 0xFF,
  0xFF, 0xFF, 0xFF, 0xFF, 0xFF, 0xFF, 0xF0, 0xFF, 0xFF, 0xFF, 0xFF, 0xFF,
  0xFF, 0xFF, 0xFF, 0xFF, 0xFF, 0xFF, 0xFB, 0xFF, 0xFF, 0xC7, 0xF9, 0xFF,
  0x0F, 0xC7, 0xFE, 0x1E, 0x3F, 0xFC, 0x31, 0xFF, 0xF8, 0x8F, 0xFF, 0xF0,
  0x7F, 0xFF, 0xE3, 0xFF, 0xFF, 0x03, 0xFF, 0xF8, 0x87, 0xFF, 0xC7, 0x0F,
  0xFE, 0x3E, 0x1F, 0xF1, 0xFC, 0x7F, 0xEF, 0xFB, 0xFF, 0xFF, 0xFF, 0xFF,
  0xFF, 0xFF, 0xFF, 0xFF, 0xFF, 0xFF, 0xFF, 0xF0, 0xFF, 0xFF, 0xFF, 0xFF,
  0xFF, 0xFF, 0xFF, 0xFF, 0xFF, 0xFF, 0xFF, 0xFB, 0xFF, 0xFF, 0xC7, 0xF9,
  0xFF, 0x0F, 0xC7, 0xFE, 0x1E, 0x3F, 0xFC, 0x31, 0xFF, 0xF8, 0x8F, 0xFF,
  0xF0, 0x7F, 0xFF, 0xE3, 0xFF, 0xFF, 0x03, 0xFF, 0xF8, 0x87, 0xFF, 0xC7,
  0x0F, 0xFE, 0x3E, 0x1F, 0xF1, 0xFC, 0x7F, 0xEF, 0xFB, 0xFF, 0xFF, 0xFF,
  0xFF, 0xFF, 0xFF, 0xFF, 0xFF, 0xFF, 0xFF, 0xFF, 0xF0, 0xFF, 0xFF, 0xFF,
  0xFF, 0xFF, 0xFF, 0xFF, 0xFF, 0xFF, 0xFF, 0xFF, 0xFB, 0xFF, 0xFF, 0xC7,
  0xF9, 0xFF, 0x0F, 0xC7, 0xFE, 0x1E, 0x3F, 0xFC, 0x31, 0xFF, 0xF8, 0x8F,
  0xFF, 0xF0, 0x7F, 0xFF, 0xE3, 0xFF, 0xFF, 0x03, 0xFF, 0xF8, 0x87, 0xFF,
  0xC7, 0x0F, 0xFE, 0x3E, 0x1F, 0xF1, 0xFC, 0x7F, 0xEF, 0xFB, 0xFF, 0xFF,
  0xFF, 0xFF, 0xFF, 0xFF, 0xFF, 0xFF, 0xFF, 0xFF, 0xFF, 0xF0, 0xFF, 0xFF,
  0xFF, 0xFF, 0xFF, 0xFF, 0xFF, 0xFF, 0xFF, 0xFF, 0xFF, 0xFB, 0xFF, 0xFF,
  0xC7, 0xF9, 0xFF, 0x0F, 0xC7, 0xFE, 0x1E, 0x3F, 0xFC, 0x31, 0xFF, 0xF8,
  0x8F, 0xFF, 0xF0, 0x7F, 0xFF, 0xE3, 0xFF, 0xFF, 0x03, 0xFF, 0xF8, 0x87,
  0xFF, 0xC7, 0x0F, 0xFE, 0x3E, 0x1F, 0xF1, 0xFC, 0x7F, 0xEF, 0xFB, 0xFF,
  0xFF, 0xFF, 0xFF, 0xFF, 0xFF, 0xFF, 0xFF, 0xFF, 0xFF, 0xFF, 0xF0, 0xFF,
  0xFF, 0xFF, 0xFF, 0xFF, 0xFF, 0xFF, 0xFF, 0xFF, 0xFF, 0xFF, 0xFB, 0xFF,
  0xFF, 0xC7, 0xF9, 0xFF, 0x0F, 0xC7, 0xFE, 0x1E, 0x3F, 0xFC, 0x31, 0xFF,
  0xF8, 0x8F, 0xFF, 0xF0, 0x7F, 0xFF, 0xE3, 0xFF, 0xFF, 0x03, 0xFF, 0xF8,
  0x87, 0xFF, 0xC7, 0x0F, 0xFE, 0x3E, 0x1F, 0xF1, 0xFC, 0x7F, 0xEF, 0xFB,
  0xFF, 0xFF, 0xFF, 0xFF, 0xFF, 0xFF, 0xFF, 0xFF, 0xFF, 0xFF, 0xFF, 0xF0,
  0xFF, 0xFF, 0xFF, 0xFF, 0xFF, 0xFF, 0xFF, 0xFF, 0xFF, 0xFF, 0xFF, 0xFB,
  0xFF, 0xFF, 0xC7, 0xF9, 0xFF, 0x0F, 0xC7, 0xFE, 0x1E, 0x3F, 0xFC, 0x31,
  0xFF, 0xF8, 0x8F, 0xFF, 0xF0, 0x7F, 0xFF, 0xE3, 0xFF, 0xFF, 0x03, 0xFF,
  0xF8, 0x87, 0xFF, 0xC7, 0x0F, 0xFE, 0x3E, 0x1F, 0xF1, 0xFC, 0x7F, 0xEF,
  0xFB, 0xFF, 0xFF, 0xFF, 0xFF, 0xFF, 0xFF, 0xFF, 0xFF, 0xFF, 0xFF, 0xFF,
  0xF0, 0xFF, 0xFF, 0xFF, 0xFF, 0xFF, 0xFF, 0xFF, 0xFF, 0xFF, 0xFF, 0xFF,
  0xFB, 0xFF, 0xFF, 0xC7, 0xF9, 0xFF, 0x0F, 0xC7, 0xFE, 0x1E, 0x3F, 0xFC,
  0x31, 0xFF, 0xF8, 0x8F, 0xFF, 0xF0, 0x7F, 0xFF, 0xE3, 0xFF, 0xFF, 0x03,
  0xFF, 0xF8, 0x87, 0xFF, 0xC7, 0x0F, 0xFE, 0x3E, 0x1F, 0xF1, 0xFC, 0x7F,
  0xEF, 0xFB, 0xFF, 0xFF, 0xFF, 0xFF, 0xFF, 0xFF, 0xFF, 0xFF, 0xFF, 0xFF,
  0xFF, 0xF0, 0xFF, 0xFF, 0xFF, 0xFF, 0xFF, 0xFF, 0xFF, 0xFF, 0xFF, 0xFF,
  0xFF, 0xFB, 0xFF, 0xFF, 0xC7, 0xF9, 0xFF, 0x0F, 0xC7, 0xFE, 0x1E, 0x3F,
  0xFC, 0x31, 0xFF, 0xF8, 0x8F, 0xFF, 0xF0, 0x7F, 0xFF, 0xE3, 0xFF, 0xFF,
  0x03, 0xFF, 0xF8, 0x87, 0xFF, 0xC7, 0x0F, 0xFE, 0x3E, 0x1F, 0xF1, 0xFC,
  0x7F, 0xEF, 0xFB, 0xFF, 0xFF, 0xFF, 0xFF, 0xFF, 0xFF, 0xFF, 0xFF, 0xFF,
  0xFF, 0xFF, 0xF0, 0xFF, 0xFF, 0xFF, 0xFF, 0xFF, 0xFF, 0xFF, 0xFF, 0xFF,
  0xFF, 0xFF, 0xFB, 0xFF, 0xFF, 0xC7, 0xF9, 0xFF, 0x0F, 0xC7, 0xFE, 0x1E,
  0x3F, 0xFC, 0x31, 0xFF, 0xF8, 0x8F, 0xFF, 0xF0, 0x7F, 0xFF, 0xE3, 0xFF,
  0xFF, 0x03, 0xFF, 0xF8, 0x87, 0xFF, 0xC7, 0x0F, 0xFE, 0x3E, 0x1F, 0xF1,
  0xFC, 0x7F, 0xEF, 0xFB, 0xFF, 0xFF, 0xFF, 0xFF, 0xFF, 0xFF, 0xFF, 0xFF,
  0xFF, 0xFF, 0xFF, 0xF0, 0xFF, 0xFF, 0xFF, 0xFF, 0xFF, 0xFF, 0xFF, 0xFF,
  0xFF, 0xFF, 0xFF, 0xFB, 0xFF, 0xFF, 0xC7, 0xF9, 0xFF, 0x0F, 0xC7, 0xFE,
  0x1E, 0x3F, 0xFC, 0x31, 0xFF, 0xF8, 0x8F, 0xFF, 0xF0, 0x7F, 0xFF, 0xE3,
  0xFF, 0xFF, 0x03, 0xFF, 0xF8, 0x87, 0xFF, 0xC7, 0x0F, 0xFE, 0x3E, 0x1F,
  0xF1, 0xFC, 0x7F, 0xEF, 0xFB, 0xFF, 0xFF, 0xFF, 0xFF, 0xFF, 0xFF, 0xFF,
  0xFF, 0xFF, 0xFF, 0xFF, 0xF0, 0xFF, 0xFF, 0xFF, 0xFF, 0xFF, 0xFF, 0xFF,
  0xFF, 0xFF, 0xFF, 0xFF, 0xFB, 0xFF, 0xFF, 0xC7, 0xF9, 0xFF, 0x0F, 0xC7,
  0xFE, 0x1E, 0x3F, 0xFC, 0x31, 0xFF, 0xF8, 0x8F, 0xFF, 0xF0, 0x7F, 0xFF,
  0xE3, 0xFF, 0xFF, 0x03, 0xFF, 0xF8, 0x87, 0xFF, 0xC7, 0x0F, 0xFE, 0x3E,
  0x1F, 0xF1, 0xFC, 0x7F, 0xEF, 0xFB, 0xFF, 0xFF, 0xFF, 0xFF, 0xFF, 0xFF,
  0xFF, 0xFF, 0xFF, 0xFF, 0xFF, 0xF0, 0xFF, 0xFF, 0xFF, 0xFF, 0xFF, 0xFF,
  0xFF, 0xFF, 0xFF, 0xFF, 0xFF, 0xFB, 0xFF, 0xFF, 0xC7, 0xF9, 0xFF, 0x0F,
  0xC7, 0xFE, 0x1E, 0x3F, 0xFC, 0x31, 0xFF, 0xF8, 0x8F, 0xFF, 0xF0, 0x7F,
  0xFF, 0xE3, 0xFF, 0xFF, 0x03, 0xFF, 0xF8, 0x87, 0xFF, 0xC7, 0x0F, 0xFE,
  0x3E, 0x1F, 0xF1, 0xFC, 0x7F, 0xEF, 0xFB, 0xFF, 0xFF, 0xFF, 0xFF, 0xFF,
  0xFF, 0xFF, 0xFF, 0xFF, 0xFF, 0xFF, 0xF0, 0xFF, 0xFF, 0xFF, 0xFF, 0xFF,
  0xFF, 0xFF, 0xFF, 0xFF, 0xFF, 0xFF, 0xFB, 0xFF, 0xFF, 0xC7, 0xF9, 0xFF,
  0x0F, 0xC7, 0xFE, 0x1E, 0x3F, 0xFC, 0x31, 0xFF, 0xF8, 0x8F, 0xFF, 0xF0,
  0x7F, 0xFF, 0xE3, 0xFF, 0xFF, 0x03, 0xFF, 0xF8, 0x87, 0xFF, 0xC7, 0x0F,
  0xFE, 0x3E, 0x1F, 0xF1, 0xFC, 0x7F, 0xEF, 0xFB, 0xFF, 0xFF, 0xFF, 0xFF,
  0xFF, 0xFF, 0xFF, 0xFF, 0xFF, 0xFF, 0xFF, 0xF0, 0xFF, 0xFF, 0xFF, 0xFF,
  0xFF, 0xFF, 0xFF, 0xFF, 0xFF, 0xFF, 0xFF, 0xFB, 0xFF, 0xFF, 0xC7, 0xF9,
  0xFF, 0x0F, 0xC7, 0xFE, 0x1E, 0x3F, 0xFC, 0x31, 0xFF, 0xF8, 0x8F, 0xFF,
  0xF0, 0x7F, 0xFF, 0xE3, 0xFF, 0xFF, 0x03, 0xFF, 0xF8, 0x87, 0xFF, 0xC7,
  0x0F, 0xFE, 0x3E, 0x1F, 0xF1, 0xFC, 0x7F, 0xEF, 0xFB, 0xFF, 0xFF, 0xFF,
  0xFF, 0xFF, 0xFF, 0xFF, 0xFF, 0xFF, 0xFF, 0xFF, 0xF0, 0xFF, 0xFF, 0xFF,
  0xFF, 0xFF, 0xFF, 0xFF, 0xFF, 0xFF, 0xFF, 0xFF, 0xFB, 0xFF, 0xFF, 0xC7,
  0xF9, 0xFF, 0x0F, 0xC7, 0xFE, 0x1E, 0x3F, 0xFC, 0x31, 0xFF, 0xF8, 0x8F,
  0xFF, 0xF0, 0x7F, 0xFF, 0xE3, 0xFF, 0xFF, 0x03, 0xFF, 0xF8, 0x87, 0xFF,
  0xC7, 0x0F, 0xFE, 0x3E, 0x1F, 0xF1, 0xFC, 0x7F, 0xEF, 0xFB, 0xFF, 0xFF,
  0xFF, 0xFF, 0xFF, 0xFF, 0xFF, 0xFF, 0xFF, 0xFF, 0xFF, 0xF0, 0xFF, 0xFF,
  0xFF, 0xFF, 0xFF, 0xFF, 0xFF, 0xFF, 0xFF, 0xFF, 0xFF, 0xFB, 0xFF, 0xFF,
  0xC7, 0xF9, 0xFF, 0x0F, 0xC7, 0xFE, 0x1E, 0x3F, 0xFC, 0x31, 0xFF, 0xF8,
  0x8F, 0xFF, 0xF0, 0x7F, 0xFF, 0xE3, 0xFF, 0xFF, 0x03, 0xFF, 0xF8, 0x87,
  0xFF, 0xC7, 0x0F, 0xFE, 0x3E, 0x1F, 0xF1, 0xFC, 0x7F, 0xEF, 0xFB, 0xFF,
  0xFF, 0xFF, 0xFF, 0xFF, 0xFF, 0xFF, 0xFF, 0xFF, 0xFF, 0xFF, 0xF0, 0xFF,
  0xFF, 0xFF, 0xFF, 0xFF, 0xFF, 0xFF, 0xFF, 0xFF, 0xFF, 0xFF, 0xFB, 0xFF,
  0xFF, 0xC7, 0xF9, 0xFF, 0x0F, 0xC7, 0xFE, 0x1E, 0x3F, 0xFC, 0x31, 0xFF,
  0xF8, 0x8F, 0xFF, 0xF0, 0x7F, 0xFF, 0xE3, 0xFF, 0xFF, 0x03, 0xFF, 0xF8,
  0x87, 0xFF, 0xC7, 0x0F, 0xFE, 0x3E, 0x1F, 0xF1, 0xFC, 0x7F, 0xEF, 0xFB,
  0xFF, 0xFF, 0xFF, 0xFF, 0xFF, 0xFF, 0xFF, 0xFF, 0xFF, 0xFF, 0xFF, 0xF0,
  0xFF, 0xFF, 0xFF, 0xFF, 0xFF, 0xFF, 0xFF, 0xFF, 0xFF, 0xFF, 0xFF, 0xFB,
  0xFF, 0xFF, 0xC7, 0xF9, 0xFF, 0x0F, 0xC7, 0xFE, 0x1E, 0x3F, 0xFC, 0x31,
  0xFF, 0xF8, 0x8F, 0xFF, 0xF0, 0x7F, 0xFF, 0xE3, 0xFF, 0xFF, 0x03, 0xFF,
  0xF8, 0x87, 0xFF, 0xC7, 0x0F, 0xFE, 0x3E, 0x1F, 0xF1, 0xFC, 0x7F, 0xEF,
  0xFB, 0xFF, 0xFF, 0xFF, 0xFF, 0xFF, 0xFF, 0xFF, 0xFF, 0xFF, 0xFF, 0xFF,
  0xF0, 0x00, 0x77, 0xFE, 0xC0, 0x00, 0x06, 0x31, 0x9C, 0xE7, 0x39, 0xCE,
  0x73, 0x9C, 0xE7, 0x39, 0xCE, 0x73, 0x9E, 0xF0, 0x00, 0xC0, 0x03, 0x00,
  0x0C, 0x00, 0xFC, 0x0F, 0xFC, 0x70, 0x73, 0x81, 0xDC, 0x07, 0x70, 0x1D,
  0xC0, 0x0F, 0x00, 0x3C, 0x00, 0xF0, 0x03, 0xC0, 0x0F, 0x00, 0x1C, 0x00,
  0x78, 0x01, 0xE0, 0x03, 0xC0, 0xC7, 0xFE, 0x0F, 0xF0, 0x06, 0x00, 0x38,
  0x00, 0xC0, 0x03, 0x00, 0x00, 0x10, 0x00, 0x0F, 0xF0, 0x03, 0xCF, 0x80,
  0x38, 0x38, 0x07, 0x01, 0x00, 0xF0, 0x00, 0x0F, 0x00, 0x00, 0xE0, 0x00,
  0x0E, 0x00, 0x00, 0xE0, 0x00, 0x7F, 0xF0, 0x07, 0xFF, 0x00, 0x0E, 0x00,
  0x00, 0xE0, 0x00, 0x0E, 0x00, 0x00, 0xE0, 0x00, 0x0E, 0x01, 0xE0, 0xE0,
  0x0E, 0x0E, 0x00, 0xF0, 0xE0, 0x0E, 0x3C, 0x00, 0xEF, 0xF8, 0x1E, 0xF3,
  0xFF, 0xCE, 0x07, 0xF0, 0x40, 0x01, 0x70, 0x01, 0xFC, 0x71, 0xEF, 0xFF,
  0xE3, 0xFF, 0xE0, 0xE0, 0xE0, 0xE0, 0x38, 0x70, 0x1C, 0x38, 0x06, 0x18,
  0x03, 0x0E, 0x01, 0x87, 0x01, 0xC1, 0xC1, 0xC0, 0xF9, 0xE0, 0xFF, 0xF8,
  0xE7, 0xCE, 0xE0, 0x03, 0xA0, 0x00, 0x80, 0xFF, 0x07, 0xF3, 0xC0, 0x1C,
  0x3C, 0x01, 0x81, 0xE0, 0x38, 0x0F, 0x03, 0x00, 0xF0, 0x70, 0x07, 0x86,
  0x00, 0x38, 0xC0, 0x03, 0xCC, 0x00, 0x1D, 0x80, 0x3F, 0xFF, 0xE3, 0xFF,
  0xFE, 0x00, 0x70, 0x00, 0x07, 0x00, 0x00, 0x70, 0x00, 0x07, 0x00, 0x3F,
  0xFF, 0xE3, 0xFF, 0xFE, 0x00, 0x70, 0x00, 0x07, 0x00, 0x00, 0x70, 0x00,
  0x3F, 0xE0, 0x07, 0xFE, 0x00, 0xFF, 0xFF, 0xFF, 0xFF, 0xF0, 0x00, 0x1F,
  0xFF, 0xFF, 0xFF, 0xFF, 0xC0, 0x07, 0xE0, 0x3F, 0xF9, 0xE0, 0xF3, 0x80,
  0xE6, 0x01, 0xDE, 0x01, 0x9C, 0x00, 0x3C, 0x00, 0x3E, 0x00, 0x7F, 0x01,
  0xBF, 0xC7, 0x1F, 0xCC, 0x07, 0xDC, 0x07, 0xF8, 0x03, 0xF8, 0x07, 0x7C,
  0x06, 0x7E, 0x0C, 0x7F, 0x38, 0x3F, 0xE0, 0x1F, 0x80, 0x0F, 0xB0, 0x07,
  0xE0, 0x07, 0xE0, 0x0F, 0xC0, 0x1F, 0x80, 0x77, 0xFF, 0xC1, 0xFE, 0x00,
  0x60, 0xDE, 0x3F, 0xC7, 0xB8, 0xF2, 0x08, 0x00, 0x1F, 0x00, 0x00, 0x1F,
  0xFC, 0x00, 0x0F, 0x01, 0xE0, 0x03, 0x00, 0x0E, 0x00, 0xC0, 0x00, 0x60,
  0x30, 0x00, 0x06, 0x0C, 0x03, 0xE0, 0xE3, 0x01, 0xFE, 0x0C, 0x60, 0x60,
  0xC0, 0xCC, 0x18, 0x18, 0x1B, 0x07, 0x01, 0x03, 0x60, 0xC0, 0x00, 0x2C,
  0x18, 0x00, 0x07, 0x83, 0x00, 0x00, 0xF0, 0x60, 0x00, 0x1E, 0x0E, 0x00,
  0x02, 0xC1, 0xC0, 0x00, 0xC8, 0x3C, 0x00, 0x19, 0x83, 0xC3, 0x03, 0x30,
  0x3F, 0xE0, 0xC3, 0x03, 0xF0, 0x18, 0x70, 0x00, 0x06, 0x07, 0x00, 0x01,
  0x80, 0x70, 0x00, 0x60, 0x07, 0x80, 0x38, 0x00, 0x3F, 0xFE, 0x00, 0x01,
  0xFE, 0x00, 0x00, 0x3F, 0x87, 0xFE, 0x10, 0x38, 0x01, 0xC0, 0x0E, 0x00,
  0x70, 0x7F, 0x8F, 0x1C, 0xE0, 0xE7, 0x07, 0x38, 0x39, 0xC1, 0xCF, 0x3E,
  0x3F, 0x7C, 0x03, 0x01, 0x83, 0x81, 0xC3, 0x81, 0xC3, 0x81, 0xC3, 0xC3,
  0xC3, 0xC3, 0xC3, 0xC3, 0xE1, 0xE1, 0xE0, 0xF0, 0xF8, 0x3C, 0x3C, 0x0F,
  0x0F, 0x03, 0x83, 0xC0, 0xE0, 0xF0, 0x38, 0x1C, 0x0C, 0x06, 0xFF, 0xFF,
  0xFF, 0xFC, 0x00, 0x18, 0x00, 0x30, 0x00, 0x60, 0x00, 0xC0, 0x01, 0x80,
  0x03, 0xFF, 0xFF, 0xFF, 0xFF, 0xFF, 0xFF, 0xFF, 0xFF, 0xFF, 0xFF, 0xFF,
  0xFB, 0xFF, 0xFF, 0xC7, 0xF9, 0xFF, 0x0F, 0xC7, 0xFE, 0x1E, 0x3F, 0xFC,
  0x31, 0xFF, 0xF8, 0x8F, 0xFF, 0xF0, 0x7F, 0xFF, 0xE3, 0xFF, 0xFF, 0x03,
  0xFF, 0xF8, 0x87, 0xFF, 0xC7, 0x0F, 0xFE, 0x3E, 0x1F, 0xF1, 0xFC, 0x7F,
  0xEF, 0xFB, 0xFF, 0xFF, 0xFF, 0xFF, 0xFF, 0xFF, 0xFF, 0xFF, 0xFF, 0xFF,
  0xFF, 0xF0, 0x00, 0x1F, 0x00, 0x00, 0x1F, 0xFC, 0x00, 0x0F, 0x01, 0xE0,
  0x03, 0x00, 0x0E, 0x00, 0xC0, 0x00, 0x60, 0x30, 0x00, 0x06, 0x0C, 0x7F,
  0xC0, 0xE3, 0x0F, 0xFE, 0x0C, 0x60, 0x60, 0xE0, 0xCC, 0x0C, 0x1C, 0x1B,
  0x01, 0x83, 0x83, 0x60, 0x30, 0x70, 0x2C, 0x06, 0x0E, 0x07, 0x80, 0xFF,
  0x80, 0xF0, 0x1F, 0xC0, 0x1E, 0x03, 0x1C, 0x02, 0xC0, 0x61, 0xC0, 0xC8,
  0x0C, 0x18, 0x19, 0x81, 0x83, 0x83, 0x30, 0x70, 0x78, 0xC3, 0x1F, 0x87,
  0x18, 0x70, 0x00, 0x06, 0x07, 0x00, 0x01, 0x80, 0x70, 0x00, 0x60, 0x07,
  0x80, 0x38, 0x00, 0x3F, 0xFE, 0x00, 0x01, 0xFE, 0x00, 0x00, 0xFF, 0xFF,
  0xC0, 0x1F, 0x0F, 0xF1, 0x87, 0x60, 0x6C, 0x0F, 0x81, 0xF0, 0x3F, 0x06,
  0x7B, 0xC7, 0xF0, 0x30, 0x00, 0x03, 0x00, 0x0C, 0x00, 0x30, 0x00, 0xC0,
  0x03, 0x00, 0x0C, 0x0F, 0xFF, 0xFF, 0xFF, 0x03, 0x00, 0x0C, 0x00, 0x30,
  0x00, 0xC0, 0x03, 0x00, 0x00, 0x00, 0x00, 0x3F, 0xFF, 0xFF, 0xFC, 0x1F,
  0x83, 0xFC, 0x71, 0xE4, 0x0E, 0x00, 0xE0, 0x0E, 0x00, 0xE0, 0x1C, 0x01,
  0x80, 0x38, 0x07, 0x00, 0xE1, 0x38, 0x3F, 0xFF, 0x7F, 0xF0, 0x3F, 0x3F,
  0xE8, 0x38, 0x0F, 0x03, 0x81, 0xC0, 0xE0, 0xFC, 0x03, 0xC0, 0x70, 0x1C,
  0x07, 0x03, 0xE7, 0xEF, 0xE0, 0x0C, 0x3C, 0xF1, 0xC7, 0x1C, 0x10, 0x00,
  0x78, 0x0E, 0x7C, 0x1F, 0x9E, 0x03, 0xC7, 0x01, 0xE3, 0x80, 0xF1, 0xC0,
  0x78, 0xE0, 0x3C, 0x70, 0x1E, 0x38, 0x0F, 0x1C, 0x07, 0x8E, 0x03, 0xC7,
  0x01, 0xE3, 0x80, 0xF1, 0xC0, 0x78, 0xF0, 0x3C, 0x7C, 0x3E, 0x3F, 0xF7,
  0x9D, 0xF3, 0xCE, 0x00, 0x07, 0x00, 0x03, 0x80, 0x01, 0xC0, 0x00, 0xE0,
  0x00, 0x70, 0x00, 0x0F, 0xFF, 0xE7, 0xFF, 0xFD, 0xFE, 0x1C, 0x7F, 0xC3,
  0x8F, 0xF8, 0x71, 0xFF, 0x0E, 0x3F, 0xE1, 0xC7, 0xFC, 0x38, 0xFF, 0x87,
  0x1F, 0xF0, 0xE3, 0xFE, 0x1C, 0x3F, 0xC3, 0x83, 0xF8, 0x70, 0x07, 0x0E,
  0x00, 0xE1, 0xC0, 0x1C, 0x38, 0x03, 0x87, 0x00, 0x70, 0xE0, 0x0E, 0x1C,
  0x01, 0xC3, 0x80, 0x38, 0x70, 0x07, 0x0E, 0x00, 0xE1, 0xC0, 0x1C, 0x38,
  0x1F, 0x87, 0xC3, 0xF0, 0xF8, 0x6F, 0xFF, 0x40, 0x18, 0x30, 0xC3, 0x0F,
  0xFF, 0xC8, 0x1C, 0x3E, 0x3F, 0x03, 0x81, 0xC0, 0xE0, 0x70, 0x38, 0x1C,
  0x0E, 0x07, 0x03, 0x81, 0xC0, 0xE3, 0xFE, 0x0F, 0xC1, 0xE7, 0x1C, 0x1C,
  0xE0, 0xEE, 0x03, 0xF0, 0x1F, 0x80, 0xFC, 0x07, 0xE0, 0x3F, 0x01, 0xDC,
  0x1C, 0xE0, 0xE3, 0x8E, 0x0F, 0xE0, 0xE0, 0x60, 0x38, 0x18, 0x0E, 0x0E,
  0x07, 0x83, 0x81, 0xE0, 0xE0, 0x78, 0x78, 0x1E, 0x1E, 0x07, 0x07, 0x07,
  0x87, 0x87, 0x83, 0xC7, 0x83, 0xC3, 0x83, 0xC3, 0x83, 0xC3, 0x81, 0xC3,
  0x81, 0xC0, 0x00, 0x00, 0x30, 0x07, 0x00, 0x18, 0x07, 0xC0, 0x06, 0x03,
  0xF0, 0x03, 0x00, 0x1C, 0x00, 0xC0, 0x07, 0x00, 0x60, 0x01, 0xC0, 0x18,
  0x00, 0x70, 0x0C, 0x00, 0x1C, 0x03, 0x00, 0x07, 0x01, 0x80, 0x01, 0xC0,
  0x60, 0x00, 0x70, 0x38, 0x78, 0x1C, 0x0C, 0x1C, 0x07, 0x07, 0x0F, 0x01,
  0xC1, 0x83, 0x83, 0xFE, 0xE1, 0xE0, 0x00, 0x30, 0x70, 0x00, 0x1C, 0x38,
  0xC0, 0x06, 0x0E, 0x30, 0x03, 0x87, 0x0C, 0x00, 0xC1, 0x87, 0x00, 0x70,
  0xFF, 0xF0, 0x18, 0x1F, 0xFC, 0x0E, 0x00, 0x1C, 0x03, 0x00, 0x07, 0x01,
  0xC0, 0x01, 0xC0, 0x60, 0x00, 0x00, 0x38, 0x00, 0x00, 0x00, 0x00, 0x30,
  0x03, 0x80, 0x0C, 0x01, 0xF0, 0x01, 0x80, 0x7E, 0x00, 0x60, 0x01, 0xC0,
  0x0C, 0x00, 0x38, 0x03, 0x00, 0x07, 0x00, 0x60, 0x00, 0xE0, 0x18, 0x00,
  0x1C, 0x03, 0x00, 0x03, 0x80, 0xC0, 0x00, 0x70, 0x18, 0x00, 0x0E, 0x07,
  0x1F, 0x81, 0xC0, 0xC7, 0xF8, 0x38, 0x39, 0xC7, 0x87, 0x06, 0x20, 0x77,
  0xFD, 0xC0, 0x0E, 0x00, 0x30, 0x01, 0xC0, 0x0E, 0x00, 0x38, 0x01, 0x80,
  0x0E, 0x00, 0x70, 0x01, 0x80, 0x0C, 0x00, 0x70, 0x03, 0x80, 0x1C, 0x00,
  0x60, 0x07, 0x08, 0x1C, 0x03, 0x83, 0x03, 0x01, 0xFF, 0xE0, 0xE0, 0x1F,
  0xFC, 0x18, 0x00, 0x00, 0x07, 0x00, 0x00, 0x00, 0x00, 0x00, 0x0C, 0x03,
  0xF0, 0x01, 0x80, 0xFF, 0x80, 0x18, 0x08, 0x38, 0x03, 0x00, 0x03, 0xC0,
  0x30, 0x00, 0x38, 0x06, 0x00, 0x07, 0x00, 0x60, 0x00, 0xE0, 0x0C, 0x00,
  0x3F, 0x00, 0xC0, 0x00, 0x3C, 0x18, 0x00, 0x01, 0xC1, 0x80, 0x00, 0x1C,
  0x38, 0x78, 0x01, 0xC3, 0x07, 0x00, 0x3C, 0x70, 0xF0, 0x9F, 0x86, 0x0E,
  0x0F, 0xE0, 0xE1, 0xE0, 0x00, 0x0C, 0x1C, 0x00, 0x01, 0xC3, 0x8C, 0x00,
  0x18, 0x38, 0xC0, 0x03, 0x87, 0x0C, 0x00, 0x30, 0x61, 0xC0, 0x07, 0x0F,
  0xFF, 0x00, 0x60, 0x7F, 0xF0, 0x0E, 0x00, 0x1C, 0x00, 0xC0, 0x01, 0xC0,
  0x1C, 0x00, 0x1C, 0x01, 0x80, 0x00, 0x00, 0x38, 0x00, 0x00, 0x03, 0xC0,
  0x3E, 0x01, 0xF0, 0x06, 0x00, 0x00, 0x00, 0x00, 0x00, 0x00, 0x30, 0x01,
  0x80, 0x0E, 0x00, 0x70, 0x03, 0x80, 0x3C, 0x01, 0xC0, 0x3C, 0x03, 0xC0,
  0x38, 0x03, 0x80, 0x1C, 0x01, 0xC0, 0x0E, 0x00, 0x70, 0x03, 0x80, 0x0E,
  0x00, 0x78, 0x01, 0xF0, 0x07, 0xFC, 0x1F, 0xF0, 0x00, 0x40, 0x00, 0x07,
  0x00, 0x00, 0x1E, 0x00, 0x00, 0x3C, 0x00, 0x00, 0x78, 0x00, 0x00, 0x40,
  0x00, 0x00, 0x00, 0x00, 0x00, 0x00, 0x00, 0x78, 0x00, 0x01, 0xF0, 0x00,
  0x0F, 0xC0, 0x00, 0x37, 0x00, 0x00, 0xDE, 0x00, 0x07, 0x38, 0x00, 0x18,
  0xE0, 0x00, 0x63, 0xC0, 0x03, 0x87, 0x00, 0x0C, 0x1C, 0x00, 0x30, 0x78,
  0x01, 0xC0, 0xE0, 0x06, 0x03, 0x80, 0x38, 0x0F, 0x00, 0xE0, 0x3C, 0x03,
  0xFF, 0xF0, 0x1F, 0xFF, 0xE0, 0x70, 0x07, 0x81, 0x80, 0x0E, 0x0E, 0x00,
  0x3C, 0x38, 0x00, 0xF3, 0xF8, 0x0F, 0xFF, 0xE0, 0x3F, 0xC0, 0x00, 0x04,
  0x00, 0x00, 0x38, 0x00, 0x00, 0xF0, 0x00, 0x07, 0x80, 0x00, 0x38, 0x00,
  0x00, 0x40, 0x00, 0x00, 0x00, 0x00, 0x00, 0x00, 0x00, 0x78, 0x00, 0x01,
  0xF0, 0x00, 0x0F, 0xC0, 0x00, 0x37, 0x00, 0x00, 0xDE, 0x00, 0x07, 0x38,
  0x00, 0x18, 0xE0, 0x00, 0x63, 0xC0, 0x03, 0x87, 0x00, 0x0C, 0x1C, 0x00,
  0x30, 0x78, 0x01, 0xC0, 0xE0, 0x06, 0x03, 0x80, 0x38, 0x0F, 0x00, 0xE0,
  0x3C, 0x03, 0xFF, 0xF0, 0x1F, 0xFF, 0xE0, 0x70, 0x07, 0x81, 0x80, 0x0E,
  0x0E, 0x00, 0x3C, 0x38, 0x00, 0xF3, 0xF8, 0x0F, 0xFF, 0xE0, 0x3F, 0xC0,
  0x00, 0x7C, 0x00, 0x01, 0xF8, 0x00, 0x0E, 0x70, 0x00, 0x60, 0xE0, 0x03,
  0x01, 0x00, 0x00, 0x00, 0x00, 0x00, 0x00, 0x00, 0x1E, 0x00, 0x00, 0x7C,
  0x00, 0x03, 0xF0, 0x00, 0x0D, 0xC0, 0x00, 0x37, 0x80, 0x01, 0xCE, 0x00,
  0x06, 0x38, 0x00, 0x18, 0xF0, 0x00, 0xE1, 0xC0, 0x03, 0x07, 0x00, 0x0C,
  0x1E, 0x00, 0x70, 0x38, 0x01, 0x80, 0xE0, 0x0E, 0x03, 0xC0, 0x38, 0x0F,
  0x00, 0xFF, 0xFC, 0x07, 0xFF, 0xF8, 0x1C, 0x01, 0xE0, 0x60, 0x03, 0x83,
  0x80, 0x0F, 0x0E, 0x00, 0x3C, 0xFE, 0x03, 0xFF, 0xF8, 0x0F, 0xF0, 0x00,
  0x40, 0x00, 0x03, 0xC6, 0x00, 0x1B, 0xB0, 0x00, 0x47, 0xC0, 0x00, 0x04,
  0x00, 0x00, 0x00, 0x00, 0x00, 0x00, 0x00, 0x1E, 0x00, 0x00, 0x7C, 0x00,
  0x03, 0xF0, 0x00, 0x0D, 0xC0, 0x00, 0x37, 0x80, 0x01, 0xCE, 0x00, 0x06,
  0x38, 0x00, 0x18, 0xF0, 0x00, 0xE1, 0xC0, 0x03, 0x07, 0x00, 0x0C, 0x1E,
  0x00, 0x70, 0x38, 0x01, 0x80, 0xE0, 0x0E, 0x03, 0xC0, 0x38, 0x0F, 0x00,
  0xFF, 0xFC, 0x07, 0xFF, 0xF8, 0x1C, 0x01, 0xE0, 0x60, 0x03, 0x83, 0x80,
  0x0F, 0x0E, 0x00, 0x3C, 0xFE, 0x03, 0xFF, 0xF8, 0x0F, 0xF0, 0x00, 0xC3,
  0x00, 0x07, 0x1C, 0x00, 0x1E, 0x70, 0x00, 0x71, 0xC0, 0x00, 0x82, 0x00,
  0x00, 0x00, 0x00, 0x00, 0x00, 0x00, 0x1E, 0x00, 0x00, 0x7C, 0x00, 0x03,
  0xF0, 0x00, 0x0D, 0xC0, 0x00, 0x37, 0x80, 0x01, 0xCE, 0x00, 0x06, 0x38,
  0x00, 0x18, 0xF0, 0x00, 0xE1, 0xC0, 0x03, 0x07, 0x00, 0x0C, 0x1E, 0x00,
  0x70, 0x38, 0x01, 0x80, 0xE0, 0x0E, 0x03, 0xC0, 0x38, 0x0F, 0x00, 0xFF,
  0xFC, 0x07, 0xFF, 0xF8, 0x1C, 0x01, 0xE0, 0x60, 0x03, 0x83, 0x80, 0x0F,
  0x0E, 0x00, 0x3C, 0xFE, 0x03, 0xFF, 0xF8, 0x0F, 0xF0, 0x00, 0x10, 0x00,
  0x01, 0xF0, 0x00, 0x0C, 0x60, 0x00, 0x20, 0xC0, 0x00, 0x83, 0x00, 0x03,
  0x18, 0x00, 0x0E, 0xE0, 0x00, 0x1F, 0x00, 0x00, 0x00, 0x00, 0x00, 0x00,
  0x00, 0x07, 0x80, 0x00, 0x1F, 0x00, 0x00, 0xFC, 0x00, 0x03, 0x70, 0x00,
  0x0D, 0xE0, 0x00, 0x73, 0x80, 0x01, 0x8E, 0x00, 0x06, 0x3C, 0x00, 0x38,
  0x70, 0x00, 0xC1, 0xC0, 0x03, 0x07, 0x80, 0x1C, 0x0E, 0x00, 0x60, 0x38,
  0x03, 0x80, 0xF0, 0x0E, 0x03, 0xC0, 0x3F, 0xFF, 0x01, 0xFF, 0xFE, 0x07,
  0x00, 0x78, 0x18, 0x00, 0xE0, 0xE0, 0x03, 0xC3, 0x80, 0x0F, 0x3F, 0x80,
  0xFF, 0xFE, 0x03, 0xFC, 0x01, 0xFF, 0xFF, 0xF8, 0x00, 0xF3, 0xC0, 0xF0,
  0x00, 0xE7, 0x80, 0x60, 0x01, 0x8F, 0x00, 0xC0, 0x07, 0x1E, 0x01, 0x80,
  0x0C, 0x3C, 0x00, 0x00, 0x18, 0x78, 0x00, 0x00, 0x70, 0xF0, 0x60, 0x00,
  0xC1, 0xE0, 0xC0, 0x03, 0x83, 0xC1, 0x80, 0x06, 0x07, 0xFF, 0x00, 0x1C,
  0x0F, 0xFE, 0x00, 0x38, 0x1E, 0x0C, 0x00, 0xE0, 0x3C, 0x18, 0x01, 0xFF,
  0xF8, 0x30, 0x03, 0xFF, 0xF0, 0x00, 0x0E, 0x01, 0xE0, 0x00, 0x1C, 0x03,
  0xC0, 0x0C, 0x70, 0x07, 0x80, 0x38, 0xE0, 0x0F, 0x00, 0x73, 0x80, 0x1E,
  0x00, 0xDF, 0xE0, 0xFF, 0xFF, 0xBF, 0xC1, 0xFF, 0xFF, 0x00, 0x00, 0x38,
  0x00, 0xFF, 0xF0, 0x78, 0x3C, 0x78, 0x07, 0x1C, 0x01, 0xCE, 0x00, 0x77,
  0x80, 0x1D, 0xC0, 0x00, 0xF0, 0x00, 0x3C, 0x00, 0x0F, 0x00, 0x03, 0xC0,
  0x00, 0xF0, 0x00, 0x3C, 0x00, 0x0F, 0x00, 0x03, 0xC0, 0x00, 0xF0, 0x00,
  0x1E, 0x00, 0x07, 0x80, 0x0D, 0xE0, 0x03, 0x3C, 0x01, 0xC7, 0x80, 0x70,
  0xFC, 0x7C, 0x0F, 0xFC, 0x00, 0x30, 0x00, 0x06, 0x00, 0x01, 0x80, 0x00,
  0x60, 0x00, 0x18, 0x00, 0x7E, 0x00, 0x1F, 0x80, 0x01, 0x00, 0x01, 0x00,
  0x00, 0xE0, 0x00, 0x1E, 0x00, 0x01, 0xE0, 0x00, 0x1E, 0x00, 0x00, 0x80,
  0x00, 0x00, 0x00, 0x00, 0x00, 0xFF, 0xFF, 0x0F, 0x81, 0xF0, 0x70, 0x0E,
  0x0E, 0x00, 0xC1, 0xC0, 0x18, 0x38, 0x00, 0x07, 0x00, 0x00, 0xE0, 0x60,
  0x1C, 0x0C, 0x03, 0x81, 0x80, 0x7F, 0xF0, 0x0F, 0xFE, 0x01, 0xC0, 0xC0,
  0x38, 0x18, 0x07, 0x03, 0x00, 0xE0, 0x00, 0x1C, 0x00, 0x03, 0x80, 0x1C,
  0x70, 0x03, 0x0E, 0x00, 0x61, 0xC0, 0x1D, 0xFF, 0xFF, 0xBF, 0xFF, 0xF0,
  0x00, 0x10, 0x00, 0x07, 0x00, 0x00, 0xF0, 0x00, 0x3C, 0x00, 0x0E, 0x00,
  0x00, 0x80, 0x00, 0x00, 0x00, 0x00, 0x00, 0xFF, 0xFF, 0x0F, 0x81, 0xF0,
  0x70, 0x0E, 0x0E, 0x00, 0xC1, 0xC0, 0x18, 0x38, 0x00, 0x07, 0x00, 0x00,
  0xE0, 0x60, 0x1C, 0x0C, 0x03, 0x81, 0x80, 0x7F, 0xF0, 0x0F, 0xFE, 0x01,
  0xC0, 0xC0, 0x38, 0x18, 0x07, 0x03, 0x00, 0xE0, 0x00, 0x1C, 0x00, 0x03,
  0x80, 0x1C, 0x70, 0x03, 0x0E, 0x00, 0x61, 0xC0, 0x1D, 0xFF, 0xFF, 0xBF,
  0xFF, 0xF0, 0x01, 0xF0, 0x00, 0x3F, 0x00, 0x0E, 0x70, 0x03, 0x07, 0x00,
  0xC0, 0x40, 0x00, 0x00, 0x00, 0x00, 0x07, 0xFF, 0xF8, 0x7C, 0x0F, 0x83,
  0x80, 0x70, 0x70, 0x06, 0x0E, 0x00, 0xC1, 0xC0, 0x00, 0x38, 0x00, 0x07,
  0x03, 0x00, 0xE0, 0x60, 0x1C, 0x0C, 0x03, 0xFF, 0x80, 0x7F, 0xF0, 0x0E,
  0x06, 0x01, 0xC0, 0xC0, 0x38, 0x18, 0x07, 0x00, 0x00, 0xE0, 0x00, 0x1C,
  0x00, 0xE3, 0x80, 0x18, 0x70, 0x03, 0x0E, 0x00, 0xEF, 0xFF, 0xFD, 0xFF,
  0xFF, 0x80, 0x03, 0x0C, 0x00, 0xE3, 0x80, 0x1E, 0x70, 0x03, 0x8E, 0x00,
  0x20, 0x80, 0x00, 0x00, 0x00, 0x00, 0x07, 0xFF, 0xF8, 0x7C, 0x0F, 0x83,
  0x80, 0x70, 0x70, 0x06, 0x0E, 0x00, 0xC1, 0xC0, 0x00, 0x38, 0x00, 0x07,
  0x03, 0x00, 0xE0, 0x60, 0x1C, 0x0C, 0x03, 0xFF, 0x80, 0x7F, 0xF0, 0x0E,
  0x06, 0x01, 0xC0, 0xC0, 0x38, 0x18, 0x07, 0x00, 0x00, 0xE0, 0x00, 0x1C,
  0x00, 0xE3, 0x80, 0x18, 0x70, 0x03, 0x0E, 0x00, 0xEF, 0xFF, 0xFD, 0xFF,
  0xFF, 0x80, 0x20, 0x70, 0x3C, 0x0F, 0x03, 0xC0, 0x40, 0x00, 0x00, 0xFF,
  0x9F, 0x87, 0x83, 0xC1, 0xE0, 0xF0, 0x78, 0x3C, 0x1E, 0x0F, 0x07, 0x83,
  0xC1, 0xE0, 0xF0, 0x78, 0x3C, 0x1E, 0x0F, 0x07, 0x83, 0xC1, 0xE7, 0xFF,
  0xFE, 0x01, 0x00, 0xE0, 0x3C, 0x1E, 0x0E, 0x01, 0x00, 0x00, 0x00, 0xFF,
  0x8F, 0xC1, 0xE0, 0x78, 0x1E, 0x07, 0x81, 0xE0, 0x78, 0x1E, 0x07, 0x81,
  0xE0, 0x78, 0x1E, 0x07, 0x81, 0xE0, 0x78, 0x1E, 0x07, 0x81, 0xE0, 0x78,
  0x1E, 0x3F, 0xEF, 0xF8, 0x1F, 0x03, 0xF0, 0xE7, 0x30, 0x7C, 0x04, 0x00,
  0x00, 0x03, 0xFE, 0x1F, 0x81, 0xE0, 0x3C, 0x07, 0x80, 0xF0, 0x1E, 0x03,
  0xC0, 0x78, 0x0F, 0x01, 0xE0, 0x3C, 0x07, 0x80, 0xF0, 0x1E, 0x03, 0xC0,
  0x78, 0x0F, 0x01, 0xE0, 0x3C, 0x07, 0x87, 0xFC, 0xFF, 0x80, 0x61, 0xF1,
  0xFC, 0xFC, 0x74, 0x10, 0x00, 0x01, 0xFF, 0x3F, 0x0F, 0x07, 0x83, 0xC1,
  0xE0, 0xF0, 0x78, 0x3C, 0x1E, 0x0F, 0x07, 0x83, 0xC1, 0xE0, 0xF0, 0x78,
  0x3C, 0x1E, 0x0F, 0x07, 0x83, 0xCF, 0xFF, 0xFC, 0x00, 0x60, 0x03, 0xFF,
  0xFC, 0x07, 0xC0, 0xFC, 0x07, 0x00, 0xF8, 0x1C, 0x01, 0xF0, 0x70, 0x03,
  0xC1, 0xC0, 0x07, 0x87, 0x00, 0x1E, 0x1C, 0x00, 0x78, 0x70, 0x00, 0xE1,
  0xC0, 0x03, 0xBF, 0xF8, 0x0F, 0xFF, 0xE0, 0x38, 0x70, 0x00, 0xE1, 0xC0,
  0x03, 0x87, 0x00, 0x0E, 0x1C, 0x00, 0x78, 0x70, 0x01, 0xC1, 0xC0, 0x07,
  0x07, 0x00, 0x38, 0x1C, 0x01, 0xE0, 0x70, 0x0F, 0x0F, 0xF3, 0xF0, 0x3F,
  0xFF, 0x00, 0x00, 0x40, 0x00, 0x01, 0xE3, 0x00, 0x06, 0xEC, 0x00, 0x08,
  0xF8, 0x00, 0x00, 0x40, 0x00, 0x00, 0x00, 0x00, 0x00, 0x00, 0x7F, 0x00,
  0xFF, 0x7E, 0x00, 0x78, 0x3E, 0x00, 0x60, 0x7E, 0x00, 0xC0, 0xFC, 0x01,
  0x81, 0xBC, 0x03, 0x03, 0x3C, 0x06, 0x06, 0x78, 0x0C, 0x0C, 0x78, 0x18,
  0x18, 0x78, 0x30, 0x30, 0xF0, 0x60, 0x60, 0xF0, 0xC0, 0xC0, 0xF1, 0x81,
  0x81, 0xE3, 0x03, 0x01, 0xE6, 0x06, 0x01, 0xEC, 0x0C, 0x03, 0xD8, 0x18,
  0x03, 0xF0, 0x30, 0x03, 0xE0, 0x60, 0x07, 0xC0, 0xC0, 0x07, 0x8F, 0xF0,
  0x07, 0x1F, 0xE0, 0x0E, 0x00, 0x00, 0x80, 0x00, 0x1C, 0x00, 0x00, 0xF0,
  0x00, 0x03, 0xC0, 0x00, 0x0F, 0x00, 0x00, 0x10, 0x00, 0x00, 0x00, 0x00,
  0x04, 0x00, 0x03, 0xFE, 0x00, 0x78, 0x7C, 0x07, 0x80, 0xF0, 0x78, 0x03,
  0xC3, 0x80, 0x0E, 0x3C, 0x00, 0x79, 0xC0, 0x03, 0xCE, 0x00, 0x1E, 0xF0,
  0x00, 0x77, 0x80, 0x03, 0xBC, 0x00, 0x1F, 0xE0, 0x00, 0xFF, 0x00, 0x07,
  0xF8, 0x00, 0x3B, 0xC0, 0x01, 0xDE, 0x00, 0x1E, 0x70, 0x00, 0xF3, 0xC0,
  0x07, 0x0E, 0x00, 0x78, 0x78, 0x03, 0x81, 0xE0, 0x38, 0x07, 0xCF, 0x80,
  0x0F, 0xF0, 0x00, 0x00, 0x08, 0x00, 0x00, 0xE0, 0x00, 0x07, 0x80, 0x00,
  0x78, 0x00, 0x07, 0x00, 0x00, 0x10, 0x00, 0x00, 0x00, 0x00, 0x04, 0x00,
  0x03, 0xFE, 0x00, 0x78, 0x7C, 0x07, 0x80, 0xF0, 0x78, 0x03, 0xC3, 0x80,
  0x0E, 0x3C, 0x00, 0x79, 0xC0, 0x03, 0xCE, 0x00, 0x1E, 0xF0, 0x00, 0x77,
  0x80, 0x03, 0xBC, 0x00, 0x1F, 0xE0, 0x00, 0xFF, 0x00, 0x07, 0xF8, 0x00,
  0x3B, 0xC0, 0x01, 0xDE, 0x00, 0x1E, 0x70, 0x00, 0xF3, 0xC0, 0x07, 0x0E,
  0x00, 0x78, 0x78, 0x03, 0x81, 0xE0, 0x38, 0x07, 0xCF, 0x80, 0x0F, 0xF0,
  0x00, 0x00, 0xF8, 0x00, 0x07, 0xE0, 0x00, 0x73, 0x80, 0x06, 0x0E, 0x00,
  0x60, 0x20, 0x00, 0x00, 0x00, 0x00, 0x80, 0x00, 0x7F, 0xC0, 0x0F, 0x0F,
  0x80, 0xF0, 0x1E, 0x0F, 0x00, 0x78, 0x70, 0x01, 0xC7, 0x80, 0x0F, 0x38,
  0x00, 0x79, 0xC0, 0x03, 0xDE, 0x00, 0x0E, 0xF0, 0x00, 0x77, 0x80, 0x03,
  0xFC, 0x00, 0x1F, 0xE0, 0x00, 0xFF, 0x00, 0x07, 0x78, 0x00, 0x3B, 0xC0,
  0x03, 0xCE, 0x00, 0x1E, 0x78, 0x00, 0xE1, 0xC0, 0x0F, 0x0F, 0x00, 0x70,
  0x3C, 0x07, 0x00, 0xF9, 0xF0, 0x01, 0xFE, 0x00, 0x00, 0x80, 0x00, 0x0F,
  0x18, 0x00, 0xDD, 0x80, 0x04, 0x7C, 0x00, 0x00, 0x80, 0x00, 0x00, 0x00,
  0x00, 0x80, 0x00, 0x7F, 0xC0, 0x0F, 0x0F, 0x80, 0xF0, 0x1E, 0x0F, 0x00,
  0x78, 0x70, 0x01, 0xC7, 0x80, 0x0F, 0x38, 0x00, 0x79, 0xC0, 0x03, 0xDE,
  0x00, 0x0E, 0xF0, 0x00, 0x77, 0x80, 0x03, 0xFC, 0x00, 0x1F, 0xE0, 0x00,
  0xFF, 0x00, 0x07, 0x78, 0x00, 0x3B, 0xC0, 0x03, 0xCE, 0x00, 0x1E, 0x78,
  0x00, 0xE1, 0xC0, 0x0F, 0x0F, 0x00, 0x70, 0x3C, 0x07, 0x00, 0xF9, 0xF0,
  0x01, 0xFE, 0x00, 0x01, 0x86, 0x00, 0x1C, 0x70, 0x00, 0xF3, 0x80, 0x07,
  0x1C, 0x00, 0x10, 0x40, 0x00, 0x00, 0x00, 0x00, 0x80, 0x00, 0x7F, 0xC0,
  0x0F, 0x0F, 0x80, 0xF0, 0x1E, 0x0F, 0x00, 0x78, 0x70, 0x01, 0xC7, 0x80,
  0x0F, 0x38, 0x00, 0x79, 0xC0, 0x03, 0xDE, 0x00, 0x0E, 0xF0, 0x00, 0x77,
  0x80, 0x03, 0xFC, 0x00, 0x1F, 0xE0, 0x00, 0xFF, 0x00, 0x07, 0x78, 0x00,
  0x3B, 0xC0, 0x03, 0xCE, 0x00, 0x1E, 0x78, 0x00, 0xE1, 0xC0, 0x0F, 0x0F,
  0x00, 0x70, 0x3C, 0x07, 0x00, 0xF9, 0xF0, 0x01, 0xFE, 0x00, 0x40, 0x17,
  0x01, 0xFC, 0x1E, 0xF1, 0xE3, 0xDE, 0x0F, 0xE0, 0x3E, 0x01, 0xF0, 0x1F,
  0xC1, 0xEF, 0x1E, 0x3D, 0xE0, 0xFE, 0x03, 0xA0, 0x08, 0x00, 0x01, 0x80,
  0x00, 0x08, 0x00, 0x08, 0xC0, 0x07, 0xFC, 0x00, 0xF0, 0xF8, 0x0F, 0x03,
  0xE0, 0xF0, 0x17, 0x87, 0x01, 0x9C, 0x78, 0x08, 0xF3, 0x80, 0x47, 0x9C,
  0x06, 0x3D, 0xE0, 0x20, 0xEF, 0x03, 0x07, 0x78, 0x10, 0x3F, 0xC0, 0x81,
  0xFE, 0x0C, 0x0F, 0xF0, 0x40, 0x77, 0x86, 0x03, 0xBC, 0x20, 0x3C, 0xE1,
  0x01, 0xE7, 0x98, 0x0E, 0x1C, 0x80, 0xF0, 0xFC, 0x07, 0x03, 0xC0, 0x70,
  0x0F, 0x9F, 0x00, 0x3F, 0xE0, 0x01, 0x00, 0x00, 0x18, 0x00, 0x00, 0x80,
  0x00, 0x00, 0x00, 0x80, 0x00, 0x0E, 0x00, 0x00, 0x3C, 0x00, 0x00, 0x78,
  0x00, 0x00, 0xF0, 0x00, 0x00, 0x80, 0x00, 0x00, 0x00, 0x00, 0x00, 0x00,
  0xFF, 0x03, 0xFD, 0xF8, 0x07, 0xE3, 0x80, 0x06, 0x0E, 0x00, 0x18, 0x38,
  0x00, 0x60, 0xE0, 0x01, 0x83, 0x80, 0x06, 0x0E, 0x00, 0x18, 0x38, 0x00,
  0x60, 0xE0, 0x01, 0x83, 0x80, 0x06, 0x0E, 0x00, 0x18, 0x38, 0x00, 0x60,
  0xE0, 0x01, 0x83, 0x80, 0x06, 0x0F, 0x00, 0x18, 0x3C, 0x00, 0x60, 0xF0,
  0x01, 0x81, 0xC0, 0x0E, 0x07, 0x80, 0x30, 0x0F, 0x01, 0x80, 0x1F, 0xBC,
  0x00, 0x1F, 0xE0, 0x00, 0x00, 0x04, 0x00, 0x00, 0x38, 0x00, 0x00, 0xF0,
  0x00, 0x07, 0x80, 0x00, 0x38, 0x00, 0x00, 0x40, 0x00, 0x00, 0x00, 0x00,
  0x00, 0x00, 0xFF, 0x03, 0xFD, 0xF8, 0x07, 0xE3, 0x80, 0x06, 0x0E, 0x00,
  0x18, 0x38, 0x00, 0x60, 0xE0, 0x01, 0x83, 0x80, 0x06, 0x0E, 0x00, 0x18,
  0x38, 0x00, 0x60, 0xE0, 0x01, 0x83, 0x80, 0x06, 0x0E, 0x00, 0x18, 0x38,
  0x00, 0x60, 0xE0, 0x01, 0x83, 0x80, 0x06, 0x0F, 0x00, 0x18, 0x3C, 0x00,
  0x60, 0xF0, 0x01, 0x81, 0xC0, 0x0E, 0x07, 0x80, 0x30, 0x0F, 0x01, 0x80,
  0x1F, 0xBC, 0x00, 0x1F, 0xE0, 0x00, 0x00, 0xF8, 0x00, 0x03, 0xF0, 0x00,
  0x1C, 0xE0, 0x00, 0xC1, 0xC0, 0x06, 0x02, 0x00, 0x00, 0x00, 0x00, 0x00,
  0x00, 0x3F, 0xC0, 0xFF, 0x7E, 0x01, 0xF8, 0xE0, 0x01, 0x83, 0x80, 0x06,
  0x0E, 0x00, 0x18, 0x38, 0x00, 0x60, 0xE0, 0x01, 0x83, 0x80, 0x06, 0x0E,
  0x00, 0x18, 0x38, 0x00, 0x60, 0xE0, 0x01, 0x83, 0x80, 0x06, 0x0E, 0x00,
  0x18, 0x38, 0x00, 0x60, 0xE0, 0x01, 0x83, 0xC0, 0x06, 0x0F, 0x00, 0x18,
  0x3C, 0x00, 0x60, 0x70, 0x03, 0x81, 0xE0, 0x0C, 0x03, 0xC0, 0x60, 0x07,
  0xEF, 0x00, 0x07, 0xF8, 0x00, 0x01, 0x86, 0x00, 0x0E, 0x38, 0x00, 0x3C,
  0xE0, 0x00, 0xE3, 0x80, 0x01, 0x04, 0x00, 0x00, 0x00, 0x00, 0x00, 0x00,
  0x3F, 0xC0, 0xFF, 0x7E, 0x01, 0xF8, 0xE0, 0x01, 0x83, 0x80, 0x06, 0x0E,
  0x00, 0x18, 0x38, 0x00, 0x60, 0xE0, 0x01, 0x83, 0x80, 0x06, 0x0E, 0x00,
  0x18, 0x38, 0x00, 0x60, 0xE0, 0x01, 0x83, 0x80, 0x06, 0x0E, 0x00, 0x18,
  0x38, 0x00, 0x60, 0xE0, 0x01, 0x83, 0xC0, 0x06, 0x0F, 0x00, 0x18, 0x3C,
  0x00, 0x60, 0x70, 0x03, 0x81, 0xE0, 0x0C, 0x03, 0xC0, 0x60, 0x07, 0xEF,
  0x00, 0x07, 0xF8, 0x00, 0x00, 0x08, 0x00, 0x00, 0xE0, 0x00, 0x07, 0x80,
  0x00, 0x78, 0x00, 0x07, 0x00, 0x00, 0x10, 0x00, 0x00, 0x00, 0x00, 0x00,
  0x00, 0xFF, 0x07, 0xFF, 0xF0, 0x0F, 0x8F, 0x00, 0x30, 0x78, 0x03, 0x81,
  0xE0, 0x18, 0x07, 0x01, 0x80, 0x3C, 0x0C, 0x00, 0xE0, 0xC0, 0x07, 0x8E,
  0x00, 0x1C, 0x60, 0x00, 0xF7, 0x00, 0x03, 0xB0, 0x00, 0x0F, 0x80, 0x00,
  0x78, 0x00, 0x03, 0xC0, 0x00, 0x1E, 0x00, 0x00, 0xF0, 0x00, 0x07, 0x80,
  0x00, 0x3C, 0x00, 0x01, 0xE0, 0x00, 0x0F, 0x00, 0x03, 0xFF, 0x00, 0x1F,
  0xF8, 0x00, 0xFF, 0x80, 0x0F, 0x80, 0x01, 0xC0, 0x00, 0x70, 0x00, 0x1C,
  0x00, 0x07, 0xFF, 0x81, 0xE1, 0xF8, 0x70, 0x1E, 0x1C, 0x03, 0xC7, 0x00,
  0xF1, 0xC0, 0x3C, 0x70, 0x0F, 0x1C, 0x03, 0xC7, 0x00, 0xF1, 0xC0, 0x38,
  0x70, 0x3E, 0x1F, 0xFE, 0x07, 0xFE, 0x01, 0xC0, 0x00, 0x70, 0x00, 0x1C,
  0x00, 0x3F, 0xF0, 0x0F, 0xFC, 0x00, 0x00, 0x30, 0x00, 0x3F, 0xC0, 0x1E,
  0x3C, 0x07, 0x03, 0x80, 0xE0, 0x78, 0x38, 0x0F, 0x07, 0x01, 0xC0, 0xE0,
  0x38, 0x3C, 0x0E, 0x07, 0x83, 0x80, 0xF0, 0x60, 0x1E, 0x1C, 0x03, 0xC3,
  0xC0, 0x78, 0x78, 0x0F, 0x07, 0xC1, 0xE0, 0x7C, 0x3C, 0x07, 0xC7, 0x80,
  0x78, 0xF0, 0x07, 0x1E, 0x00, 0xF3, 0xC0, 0x1E, 0x78, 0x03, 0x8F, 0x00,
  0xF7, 0xE3, 0xFC, 0xFC, 0x7F, 0x00, 0x18, 0x00, 0x78, 0x00, 0x78, 0x00,
  0x70, 0x00, 0x70, 0x00, 0x70, 0x00, 0x40, 0x00, 0x00, 0x00, 0x00, 0x07,
  0x80, 0xFF, 0xC7, 0xFF, 0xC6, 0x07, 0x80, 0x07, 0x00, 0x0E, 0x00, 0x1C,
  0x00, 0x38, 0x1F, 0xF0, 0xF8, 0xE3, 0x81, 0xCF, 0x03, 0x9C, 0x07, 0x38,
  0x0E, 0x70, 0x1C, 0xF0, 0x78, 0xFF, 0xFC, 0xFC, 0xF8, 0x00, 0x30, 0x00,
  0xF0, 0x03, 0xC0, 0x07, 0x00, 0x1C, 0x00, 0x70, 0x00, 0x40, 0x00, 0x00,
  0x00, 0x00, 0x07, 0x80, 0xFF, 0xC7, 0xFF, 0xC6, 0x07, 0x80, 0x07, 0x00,
  0x0E, 0x00, 0x1C, 0x00, 0x38, 0x1F, 0xF0, 0xF8, 0xE3, 0x81, 0xCF, 0x03,
  0x9C, 0x07, 0x38, 0x0E, 0x70, 0x1C, 0xF0, 0x78, 0xFF, 0xFC, 0xFC, 0xF8,
  0x03, 0x80, 0x0F, 0x00, 0x3F, 0x00, 0x77, 0x01, 0xC6, 0x07, 0x06, 0x0C,
  0x06, 0x00, 0x00, 0x00, 0x00, 0x07, 0x80, 0xFF, 0xC7, 0xFF, 0xC6, 0x07,
  0x80, 0x07, 0x00, 0x0E, 0x00, 0x1C, 0x00, 0x38, 0x1F, 0xF0, 0xF8, 0xE3,
  0x81, 0xCF, 0x03, 0x9C, 0x07, 0x38, 0x0E, 0x70, 0x1C, 0xF0, 0x78, 0xFF,
  0xFC, 0xFC, 0xF8, 0x0F, 0x18, 0x3F, 0x30, 0x67, 0xE0, 0x87, 0x80, 0x00,
  0x00, 0x00, 0x00, 0xF0, 0x1F, 0xF8, 0xFF, 0xF8, 0xC0, 0xF0, 0x00, 0xE0,
  0x01, 0xC0, 0x03, 0x80, 0x07, 0x03, 0xFE, 0x1F, 0x1C, 0x70, 0x39, 0xE0,
  0x73, 0x80, 0xE7, 0x01, 0xCE, 0x03, 0x9E, 0x0F, 0x1F, 0xFF, 0x9F, 0x9F,
  0x18, 0x30, 0x78, 0xF0, 0xF1, 0xE0, 0xE3, 0xC0, 0x82, 0x00, 0x00, 0x00,
  0x00, 0x01, 0xE0, 0x3F, 0xF1, 0xFF, 0xF1, 0x81, 0xE0, 0x01, 0xC0, 0x03,
  0x80, 0x07, 0x00, 0x0E, 0x07, 0xFC, 0x3E, 0x38, 0xE0, 0x73, 0xC0, 0xE7,
  0x01, 0xCE, 0x03, 0x9C, 0x07, 0x3C, 0x1E, 0x3F, 0xFF, 0x3F, 0x3E, 0x01,
  0x80, 0x0F, 0xC0, 0x31, 0xC0, 0x61, 0x80, 0xC3, 0x01, 0x86, 0x01, 0xF8,
  0x01, 0xE0, 0x00, 0x00, 0x00, 0x00, 0x0F, 0x01, 0xFF, 0x8F, 0xFF, 0x8C,
  0x0F, 0x00, 0x0E, 0x00, 0x1C, 0x00, 0x38, 0x00, 0x70, 0x3F, 0xE1, 0xF1,
  0xC7, 0x03, 0x9E, 0x07, 0x38, 0x0E, 0x70, 0x1C, 0xE0, 0x39, 0xE0, 0xF1,
  0xFF, 0xF9, 0xF9, 0xF0, 0x07, 0x80, 0xF8, 0x3F, 0xE3, 0xFC, 0xFF, 0xF6,
  0x0E, 0x40, 0x7C, 0x0F, 0x00, 0x3C, 0x07, 0x00, 0x38, 0x07, 0x00, 0x38,
  0x07, 0x00, 0x78, 0x07, 0x0F, 0xFF, 0xFF, 0x3E, 0x38, 0x00, 0x70, 0x38,
  0x00, 0xF0, 0x38, 0x00, 0xE0, 0x3C, 0x00, 0xE0, 0x1C, 0x00, 0xE0, 0x3E,
  0x00, 0xF0, 0x6F, 0x03, 0x7F, 0xCF, 0xFE, 0x3F, 0x03, 0xFC, 0x03, 0xF0,
  0x3F, 0xE1, 0xC3, 0x8E, 0x06, 0x70, 0x19, 0xC0, 0x6F, 0x00, 0x3C, 0x00,
  0xF0, 0x03, 0xC0, 0x0F, 0x00, 0x3C, 0x00, 0xF0, 0x01, 0xC0, 0x07, 0x80,
  0x0F, 0x03, 0x1F, 0xF8, 0x3F, 0xC0, 0x18, 0x00, 0x30, 0x00, 0xC0, 0x03,
  0x00, 0x0C, 0x03, 0xF0, 0x0F, 0xC0, 0x08, 0x00, 0x0C, 0x00, 0x78, 0x00,
  0xF0, 0x01, 0xC0, 0x03, 0x80, 0x07, 0x00, 0x08, 0x00, 0x00, 0x00, 0x00,
  0x0F, 0x00, 0xFF, 0x0E, 0x0E, 0x30, 0x3D, 0xC0, 0x77, 0x01, 0xF8, 0x07,
  0xE0, 0x1F, 0xFF, 0xFE, 0x00, 0x38, 0x00, 0xF0, 0x03, 0xC0, 0x07, 0x00,
  0x1E, 0x00, 0x3C, 0x0C, 0xFF, 0xF0, 0xFF, 0x00, 0x00, 0x30, 0x01, 0xE0,
  0x0F, 0x00, 0x38, 0x01, 0xC0, 0x0E, 0x00, 0x10, 0x00, 0x00, 0x00, 0x00,
  0x0F, 0x00, 0xFF, 0x0E, 0x0E, 0x30, 0x3D, 0xC0, 0x77, 0x01, 0xF8, 0x07,
  0xE0, 0x1F, 0xFF, 0xFE, 0x00, 0x38, 0x00, 0xF0, 0x03, 0xC0, 0x07, 0x00,
  0x1E, 0x00, 0x3C, 0x0C, 0xFF, 0xF0, 0xFF, 0x00, 0x01, 0xC0, 0x0F, 0x00,
  0x7E, 0x01, 0xDC, 0x0E, 0x30, 0x70, 0x61, 0x80, 0xC0, 0x00, 0x00, 0x00,
  0x0F, 0x00, 0xFF, 0x0E, 0x0E, 0x30, 0x3D, 0xC0, 0x77, 0x01, 0xF8, 0x07,
  0xE0, 0x1F, 0xFF, 0xFE, 0x00, 0x38, 0x00, 0xF0, 0x03, 0xC0, 0x07, 0x00,
  0x1E, 0x00, 0x3C, 0x0C, 0xFF, 0xF0, 0xFF, 0x00, 0x18, 0x30, 0xF1, 0xE3,
  0xC7, 0x87, 0x1E, 0x08, 0x20, 0x00, 0x00, 0x00, 0x00, 0xF0, 0x0F, 0xF0,
  0xE0, 0xE3, 0x03, 0xDC, 0x07, 0x70, 0x1F, 0x80, 0x7E, 0x01, 0xFF, 0xFF,
  0xE0, 0x03, 0x80, 0x0F, 0x00, 0x3C, 0x00, 0x70, 0x01, 0xE0, 0x03, 0xC0,
  0xCF, 0xFF, 0x0F, 0xF0, 0x60, 0x78, 0x1E, 0x07, 0x01, 0xC0, 0x70, 0x10,
  0x00, 0x00, 0x07, 0x1F, 0x8F, 0xC0, 0xE0, 0x70, 0x38, 0x1C, 0x0E, 0x07,
  0x03, 0x81, 0xC0, 0xE0, 0x70, 0x38, 0x1C, 0x0E, 0x3F, 0xDF, 0xE0, 0x03,
  0x03, 0xC3, 0xC1, 0xC1, 0xC1, 0xC0, 0x40, 0x00, 0x00, 0x0E, 0x3F, 0x1F,
  0x81, 0xC0, 0xE0, 0x70, 0x38, 0x1C, 0x0E, 0x07, 0x03, 0x81, 0xC0, 0xE0,
  0x70, 0x38, 0x1C, 0x7F, 0xBF, 0xC0, 0x0E, 0x03, 0xC0, 0xFC, 0x1D, 0xC7,
  0x19, 0xC1, 0xB0, 0x18, 0x00, 0x00, 0x01, 0xC1, 0xF8, 0x3F, 0x00, 0xE0,
  0x1C, 0x03, 0x80, 0x70, 0x0E, 0x01, 0xC0, 0x38, 0x07, 0x00, 0xE0, 0x1C,
  0x03, 0x80, 0x70, 0x0E, 0x0F, 0xF1, 0xFE, 0x00, 0x60, 0xDE, 0x3F, 0xC7,
  0xB8, 0xF2, 0x08, 0x00, 0x00, 0x00, 0x38, 0x3F, 0x07, 0xE0, 0x1C, 0x03,
  0x80, 0x70, 0x0E, 0x01, 0xC0, 0x38, 0x07, 0x00, 0xE0, 0x1C, 0x03, 0x80,
  0x70, 0x0E, 0x01, 0xC1, 0xFE, 0x3F, 0xC0, 0x20, 0x80, 0x39, 0xC0, 0x5F,
  0x80, 0x07, 0x80, 0x07, 0xC0, 0x0C, 0xE0, 0x0C, 0x70, 0x00, 0x38, 0x00,
  0x3C, 0x00, 0x1C, 0x03, 0xFE, 0x0F, 0xFE, 0x1C, 0x1E, 0x38, 0x0F, 0x78,
  0x0F, 0x70, 0x0F, 0x70, 0x0F, 0xF0, 0x0F, 0xF0, 0x0F, 0xF0, 0x0F, 0xF0,
  0x0F, 0xF0, 0x0F, 0xF0, 0x0E, 0x70, 0x0E, 0x78, 0x1E, 0x3C, 0x1C, 0x1E,
  0x78, 0x0F, 0xF0, 0x07, 0x8C, 0x01, 0xF9, 0x80, 0x33, 0xF0, 0x04, 0x3C,
  0x00, 0x00, 0x00, 0x00, 0x00, 0x0E, 0x0F, 0x07, 0xCF, 0xF0, 0xFB, 0xDF,
  0x07, 0xC0, 0xE0, 0xF0, 0x1E, 0x1E, 0x03, 0xC3, 0xC0, 0x78, 0x78, 0x07,
  0x0F, 0x00, 0xE1, 0xE0, 0x1C, 0x3C, 0x03, 0x87, 0x80, 0x70, 0xF0, 0x0E,
  0x1E, 0x01, 0xC3, 0xC0, 0x38, 0x78, 0x07, 0x3F, 0xC3, 0xFF, 0xF8, 0x7F,
  0x0C, 0x00, 0x1E, 0x00, 0x0F, 0x00, 0x07, 0x00, 0x03, 0x80, 0x01, 0xC0,
  0x00, 0x80, 0x00, 0x00, 0x00, 0x00, 0x03, 0xE0, 0x0F, 0xF8, 0x1C, 0x3C,
  0x38, 0x1E, 0x70, 0x0E, 0x70, 0x0F, 0xF0, 0x0F, 0xF0, 0x0F, 0xF0, 0x07,
  0xF0, 0x07, 0xF0, 0x07, 0xF0, 0x0F, 0xF0, 0x0F, 0x70, 0x0E, 0x78, 0x0E,
  0x38, 0x1C, 0x1F, 0x78, 0x0F, 0xF0, 0x00, 0x30, 0x00, 0x78, 0x00, 0xF0,
  0x00, 0xE0, 0x01, 0xC0, 0x03, 0x80, 0x01, 0x00, 0x00, 0x00, 0x00, 0x00,
  0x03, 0xE0, 0x0F, 0xF8, 0x1C, 0x3C, 0x38, 0x1E, 0x70, 0x0E, 0x70, 0x0F,
  0xF0, 0x0F, 0xF0, 0x0F, 0xF0, 0x07, 0xF0, 0x07, 0xF0, 0x07, 0xF0, 0x0F,
  0xF0, 0x0F, 0x70, 0x0E, 0x78, 0x0E, 0x38, 0x1C, 0x1F, 0x78, 0x0F, 0xF0,
  0x01, 0xC0, 0x03, 0xC0, 0x07, 0xE0, 0x07, 0x70, 0x0E, 0x30, 0x1C, 0x18,
  0x18, 0x0C, 0x00, 0x00, 0x00, 0x00, 0x03, 0xE0, 0x0F, 0xF8, 0x1C, 0x3C,
  0x38, 0x1E, 0x70, 0x0E, 0x70, 0x0F, 0xF0, 0x0F, 0xF0, 0x0F, 0xF0, 0x07,
  0xF0, 0x07, 0xF0, 0x07, 0xF0, 0x0F, 0xF0, 0x0F, 0x70, 0x0E, 0x78, 0x0E,
  0x38, 0x1C, 0x1F, 0x78, 0x0F, 0xF0, 0x0F, 0x18, 0x1F, 0x98, 0x19, 0xF8,
  0x10, 0xF0, 0x00, 0x00, 0x00, 0x00, 0x03, 0xE0, 0x0F, 0xF8, 0x1C, 0x3C,
  0x38, 0x1E, 0x70, 0x0E, 0x70, 0x0F, 0xF0, 0x0F, 0xF0, 0x0F, 0xF0, 0x07,
  0xF0, 0x07, 0xF0, 0x07, 0xF0, 0x0F, 0xF0, 0x0F, 0x70, 0x0E, 0x78, 0x0E,
  0x38, 0x1C, 0x1F, 0x78, 0x0F, 0xF0, 0x0C, 0x18, 0x1E, 0x3C, 0x1E, 0x3C,
  0x0E, 0x3C, 0x04, 0x10, 0x00, 0x00, 0x00, 0x00, 0x03, 0xE0, 0x0F, 0xF8,
  0x1C, 0x3C, 0x38, 0x1E, 0x70, 0x0E, 0x70, 0x0F, 0xF0, 0x0F, 0xF0, 0x0F,
  0xF0, 0x07, 0xF0, 0x07, 0xF0, 0x07, 0xF0, 0x0F, 0xF0, 0x0F, 0x70, 0x0E,
  0x78, 0x0E, 0x38, 0x1C, 0x1F, 0x78, 0x0F, 0xF0, 0x01, 0x80, 0x07, 0x80,
  0x0F, 0x00, 0x1E, 0x00, 0x10, 0x00, 0x00, 0x00, 0x00, 0x00, 0x00, 0xFF,
  0xFF, 0xFF, 0xFC, 0x00, 0x00, 0x00, 0x00, 0x00, 0x00, 0x30, 0x00, 0xF0,
  0x03, 0xE0, 0x03, 0x80, 0x00, 0x0C, 0x00, 0x08, 0x03, 0xF8, 0x0F, 0xF8,
  0x1C, 0x3C, 0x38, 0x3E, 0x70, 0x2E, 0x70, 0x6F, 0xF0, 0x4F, 0xF0, 0xCF,
  0xF0, 0x87, 0xF0, 0x87, 0xF1, 0x07, 0xF1, 0x0F, 0xF2, 0x0F, 0x72, 0x0E,
  0x7E, 0x0E, 0x3C, 0x1C, 0x1F, 0x78, 0x0F, 0xF0, 0x18, 0x00, 0x30, 0x00,
  0x10, 0x00, 0x0C, 0x00, 0x0F, 0x00, 0x03, 0xC0, 0x00, 0xE0, 0x00, 0x38,
  0x00, 0x0E, 0x00, 0x02, 0x00, 0x00, 0x00, 0x00, 0x00, 0x3C, 0x0F, 0x3E,
  0x0F, 0xCF, 0x01, 0xE3, 0x80, 0xF1, 0xC0, 0x78, 0xE0, 0x3C, 0x70, 0x1E,
  0x38, 0x0F, 0x1C, 0x07, 0x8E, 0x03, 0xC7, 0x01, 0xE3, 0x80, 0xF1, 0xC0,
  0x78, 0xE0, 0x3C, 0x70, 0x1E, 0x3C, 0x1F, 0x0F, 0xFB, 0xC3, 0xF1, 0xE0,
  0x00, 0x18, 0x00, 0x1E, 0x00, 0x1E, 0x00, 0x0E, 0x00, 0x0E, 0x00, 0x0E,
  0x00, 0x02, 0x00, 0x00, 0x00, 0x00, 0x00, 0x3C, 0x0F, 0x3E, 0x0F, 0xCF,
  0x01, 0xE3, 0x80, 0xF1, 0xC0, 0x78, 0xE0, 0x3C, 0x70, 0x1E, 0x38, 0x0F,
  0x1C, 0x07, 0x8E, 0x03, 0xC7, 0x01, 0xE3, 0x80, 0xF1, 0xC0, 0x78, 0xE0,
  0x3C, 0x70, 0x1E, 0x3C, 0x1F, 0x0F, 0xFB, 0xC3, 0xF1, 0xE0, 0x01, 0xC0,
  0x01, 0xE0, 0x01, 0xF8, 0x00, 0xEE, 0x00, 0xE3, 0x00, 0xE0, 0xC0, 0x60,
  0x30, 0x00, 0x00, 0x00, 0x00, 0x3C, 0x0F, 0x3E, 0x0F, 0xCF, 0x01, 0xE3,
  0x80, 0xF1, 0xC0, 0x78, 0xE0, 0x3C, 0x70, 0x1E, 0x38, 0x0F, 0x1C, 0x07,
  0x8E, 0x03, 0xC7, 0x01, 0xE3, 0x80, 0xF1, 0xC0, 0x78, 0xE0, 0x3C, 0x70,
  0x1E, 0x3C, 0x1F, 0x0F, 0xFB, 0xC3, 0xF1, 0xE0, 0x0C, 0x18, 0x0F, 0x1E,
  0x07, 0x8F, 0x01, 0xC7, 0x80, 0x41, 0x00, 0x00, 0x00, 0x00, 0x00, 0xF0,
  0x3C, 0xF8, 0x3F, 0x3C, 0x07, 0x8E, 0x03, 0xC7, 0x01, 0xE3, 0x80, 0xF1,
  0xC0, 0x78, 0xE0, 0x3C, 0x70, 0x1E, 0x38, 0x0F, 0x1C, 0x07, 0x8E, 0x03,
  0xC7, 0x01, 0xE3, 0x80, 0xF1, 0xC0, 0x78, 0xF0, 0x7C, 0x3F, 0xEF, 0x0F,
  0xC7, 0x80, 0x00, 0x18, 0x00, 0x0F, 0x00, 0x07, 0x80, 0x01, 0xC0, 0x00,
  0xE0, 0x00, 0x70, 0x00, 0x08, 0x00, 0x00, 0x00, 0x00, 0x00, 0x00, 0x00,
  0x0F, 0xF0, 0xFC, 0xE0, 0x0E, 0x3C, 0x03, 0x0F, 0x01, 0xC1, 0xC0, 0x70,
  0x78, 0x18, 0x1E, 0x0E, 0x03, 0x83, 0x80, 0xF0, 0xC0, 0x1C, 0x70, 0x07,
  0x1C, 0x01, 0xE6, 0x00, 0x39, 0x80, 0x0E, 0xE0, 0x01, 0xF0, 0x00, 0x7C,
  0x00, 0x1F, 0x00, 0x01, 0x80, 0x00, 0xE0, 0x00, 0x30, 0x00, 0x1C, 0x00,
  0x0E, 0x00, 0x1F, 0x80, 0x07, 0xC0, 0x01, 0xC0, 0x00, 0x08, 0x00, 0x3F,
  0x00, 0x03, 0xC0, 0x00, 0xF0, 0x00, 0x3C, 0x00, 0x0F, 0x00, 0x03, 0xC0,
  0x00, 0xF0, 0x00, 0x3C, 0x78, 0x0F, 0x7F, 0x83, 0xFB, 0xF0, 0xF0, 0x3E,
  0x3C, 0x07, 0x8F, 0x00, 0xE3, 0xC0, 0x3C, 0xF0, 0x0F, 0x3C, 0x03, 0xCF,
  0x00, 0xF3, 0xC0, 0x3C, 0xF0, 0x0E, 0x3C, 0x03, 0x8F, 0x01, 0xE3, 0xC0,
  0x70, 0xF0, 0x38, 0x3F, 0x3C, 0x0F, 0xFE, 0x03, 0xC0, 0x00, 0xF0, 0x00,
  0x3C, 0x00, 0x0F, 0x00, 0x03, 0xC0, 0x00, 0xF0, 0x00, 0xFF, 0x80, 0x3F,
  0xE0, 0x00, 0x06, 0x0C, 0x03, 0xC7, 0x80, 0xF1, 0xE0, 0x1C, 0x78, 0x02,
  0x08, 0x00, 0x00, 0x00, 0x00, 0x00, 0x00, 0x00, 0xFF, 0x0F, 0xCE, 0x00,
  0xE3, 0xC0, 0x30, 0xF0, 0x1C, 0x1C, 0x07, 0x07, 0x81, 0x81, 0xE0, 0xE0,
  0x38, 0x38, 0x0F, 0x0C, 0x01, 0xC7, 0x00, 0x71, 0xC0, 0x1E, 0x60, 0x03,
  0x98, 0x00, 0xEE, 0x00, 0x1F, 0x00, 0x07, 0xC0, 0x01, 0xF0, 0x00, 0x18,
  0x00, 0x0E, 0x00, 0x03, 0x00, 0x01, 0xC0, 0x00, 0xE0, 0x01, 0xF8, 0x00,
  0x7C, 0x00, 0x1C, 0x00, 0x00 };

const GFXglyph Merriweather_Regular16pt8bGlyphs[] PROGMEM = {
  {     0,   1,   1,   7,    0,    0 },   // 0x20 ' '
  {     1,   5,  28,   9,    2,  -27 },   // 0x21 '!'
  {    19,  10,  11,  16,    3,  -25 },   // 0x22 '"'
  {    33,  18,  24,  22,    2,  -23 },   // 0x23 '#'
  {    87,  15,  31,  21,    3,  -26 },   // 0x24 '$'
  {   146,  29,  24,  32,    2,  -23 },   // 0x25 '%'
  {   233,  21,  24,  24,    2,  -23 },   // 0x26 '&'
  {   296,   4,  11,   9,    3,  -25 },   // 0x27 '''
  {   302,   9,  32,  13,    2,  -25 },   // 0x28 '('
  {   338,   9,  32,  13,    2,  -25 },   // 0x29 ')'
  {   374,  16,  16,  20,    2,  -25 },   // 0x2A '*'
  {   406,  15,  14,  21,    3,  -16 },   // 0x2B '+'
  {   433,   5,  11,   8,    1,   -3 },   // 0x2C ','
  {   440,  12,   2,  18,    3,  -10 },   // 0x2D '-'
  {   443,   4,   4,   8,    2,   -3 },   // 0x2E '.'
  {   445,  10,  30,  12,    1,  -23 },   // 0x2F '/'
  {   483,  17,  24,  20,    2,  -23 },   // 0x30 '0'
  {   534,  12,  24,  14,    1,  -23 },   // 0x31 '1'
  {   570,  16,  24,  19,    1,  -23 },   // 0x32 '2'
  {   618,  15,  24,  18,    1,  -23 },   // 0x33 '3'
  {   663,  18,  23,  19,    1,  -22 },   // 0x34 '4'
  {   715,  14,  24,  18,    2,  -23 },   // 0x35 '5'
  {   757,  16,  24,  19,    2,  -23 },   // 0x36 '6'
  {   805,  16,  23,  18,    1,  -22 },   // 0x37 '7'
  {   851,  15,  24,  19,    2,  -23 },   // 0x38 '8'
  {   896,  16,  25,  19,    1,  -23 },   // 0x39 '9'
  {   946,   4,  17,   8,    2,  -16 },   // 0x3A ':'
  {   955,   5,  24,   8,    1,  -16 },   // 0x3B ';'
  {   970,  14,  17,  21,    3,  -16 },   // 0x3C '<'
  {  1000,  15,  11,  21,    3,  -15 },   // 0x3D '='
  {  1021,  14,  17,  21,    4,  -17 },   // 0x3E '>'
  {  1051,  13,  28,  15,    1,  -27 },   // 0x3F '?'
  {  1097,  28,  32,  32,    2,  -23 },   // 0x40 '@'
  {  1209,  22,  23,  22,    0,  -22 },   // 0x41 'A'
  {  1273,  19,  24,  21,    1,  -23 },   // 0x42 'B'
  {  1330,  18,  24,  21,    1,  -23 },   // 0x43 'C'
  {  1384,  22,  24,  24,    1,  -23 },   // 0x44 'D'
  {  1450,  19,  23,  20,    1,  -22 },   // 0x45 'E'
  {  1505,  17,  23,  19,    1,  -22 },   // 0x46 'F'
  {  1554,  21,  24,  23,    1,  -23 },   // 0x47 'G'
  {  1617,  23,  23,  25,    1,  -22 },   // 0x48 'H'
  {  1684,   9,  23,  12,    1,  -22 },   // 0x49 'I'
  {  1710,  11,  29,  12,    0,  -22 },   // 0x4A 'J'
  {  1750,  22,  23,  23,    1,  -22 },   // 0x4B 'K'
  {  1814,  18,  23,  19,    1,  -22 },   // 0x4C 'L'
  {  1866,  31,  23,  31,    0,  -22 },   // 0x4D 'M'
  {  1956,  23,  23,  24,    1,  -22 },   // 0x4E 'N'
  {  2023,  21,  24,  23,    1,  -23 },   // 0x4F 'O'
  {  2086,  18,  23,  20,    1,  -22 },   // 0x50 'P'
  {  2138,  24,  30,  23,    1,  -23 },   // 0x51 'Q'
  {  2228,  21,  24,  22,    1,  -23 },   // 0x52 'R'
  {  2291,  15,  24,  19,    2,  -23 },   // 0x53 'S'
  {  2336,  20,  23,  22,    1,  -22 },   // 0x54 'T'
  {  2394,  22,  23,  23,    1,  -22 },   // 0x55 'U'
  {  2458,  22,  23,  21,   -1,  -22 },   // 0x56 'V'
  {  2522,  33,  23,  31,   -1,  -22 },   // 0x57 'W'
  {  2617,  22,  23,  22,    0,  -22 },   // 0x58 'X'
  {  2681,  21,  23,  20,    0,  -22 },   // 0x59 'Y'
  {  2742,  18,  23,  20,    1,  -22 },   // 0x5A 'Z'
  {  2794,   7,  29,  14,    3,  -24 },   // 0x5B '['
  {  2820,  11,  30,  14,    1,  -23 },   // 0x5C '\'
  {  2862,   7,  29,  14,    3,  -24 },   // 0x5D ']'
  {  2888,  15,  19,  21,    3,  -22 },   // 0x5E '^'
  {  2924,  16,   2,  16,    0,    2 },   // 0x5F '_'
  {  2928,   7,   7,  13,    3,  -26 },   // 0x60 '`'
  {  2935,  15,  18,  17,    1,  -17 },   // 0x61 'a'
  {  2969,  18,  26,  19,    0,  -25 },   // 0x62 'b'
  {  3028,  14,  18,  16,    1,  -17 },   // 0x63 'c'
  {  3060,  17,  26,  19,    1,  -25 },   // 0x64 'd'
  {  3116,  14,  18,  16,    1,  -17 },   // 0x65 'e'
  {  3148,  12,  26,  12,    1,  -25 },   // 0x66 'f'
  {  3187,  18,  26,  19,    1,  -17 },   // 0x67 'g'
  {  3246,  19,  26,  21,    1,  -25 },   // 0x68 'h'
  {  3308,   8,  25,  10,    1,  -24 },   // 0x69 'i'
  {  3333,   7,  33,  10,    0,  -24 },   // 0x6A 'j'
  {  3362,  19,  26,  20,    1,  -25 },   // 0x6B 'k'
  {  3424,   8,  26,  10,    1,  -25 },   // 0x6C 'l'
  {  3450,  29,  18,  31,    1,  -17 },   // 0x6D 'm'
  {  3516,  19,  18,  21,    1,  -17 },   // 0x6E 'n'
  {  3559,  16,  18,  18,    1,  -17 },   // 0x6F 'o'
  {  3595,  17,  26,  19,    1,  -17 },   // 0x70 'p'
  {  3651,  17,  26,  19,    1,  -17 },   // 0x71 'q'
  {  3707,  12,  18,  14,    1,  -17 },   // 0x72 'r'
  {  3734,  13,  18,  15,    1,  -17 },   // 0x73 's'
  {  3764,  11,  22,  12,    1,  -21 },   // 0x74 't'
  {  3795,  17,  18,  20,    1,  -17 },   // 0x75 'u'
  {  3834,  18,  17,  18,    0,  -16 },   // 0x76 'v'
  {  3873,  27,  17,  26,    0,  -16 },   // 0x77 'w'
  {  3931,  18,  17,  19,    0,  -16 },   // 0x78 'x'
  {  3970,  18,  25,  18,    0,  -16 },   // 0x79 'y'
  {  4027,  15,  17,  17,    1,  -16 },   // 0x7A 'z'
  {  4059,  12,  29,  16,    2,  -24 },   // 0x7B '{'
  {  4103,   3,  30,  13,    5,  -26 },   // 0x7C '|'
  {  4115,  12,  29,  16,    2,  -24 },   // 0x7D '}'
  {  4159,  13,   5,  19,    3,  -11 },   // 0x7E '~'
  {  4168,  22,  22,  27,    3,  -21 },   // 0x7F
  {  4229,  22,  22,  27,    3,  -21 },   // 0x80
  {  4290,  22,  22,  27,    3,  -21 },   // 0x81
  {  4351,  22,  22,  27,    3,  -21 },   // 0x82
  {  4412,  22,  22,  27,    3,  -21 },   // 0x83
  {  4473,  22,  22,  27,    3,  -21 },   // 0x84
  {  4534,  22,  22,  27,    3,  -21 },   // 0x85
  {  4595,  22,  22,  27,    3,  -21 },   // 0x86
  {  4656,  22,  22,  27,    3,  -21 },   // 0x87
  {  4717,  22,  22,  27,    3,  -21 },   // 0x88
  {  4778,  22,  22,  27,    3,  -21 },   // 0x89
  {  4839,  22,  22,  27,    3,  -21 },   // 0x8A
  {  4900,  22,  22,  27,    3,  -21 },   // 0x8B
  {  4961,  22,  22,  27,    3,  -21 },   // 0x8C
  {  5022,  22,  22,  27,    3,  -21 },   // 0x8D
  {  5083,  22,  22,  27,    3,  -21 },   // 0x8E
  {  5144,  22,  22,  27,    3,  -21 },   // 0x8F
  {  5205,  22,  22,  27,    3,  -21 },   // 0x90
  {  5266,  22,  22,  27,    3,  -21 },   // 0x91
  {  5327,  22,  22,  27,    3,  -21 },   // 0x92
  {  5388,  22,  22,  27,    3,  -21 },   // 0x93
  {  5449,  22,  22,  27,    3,  -21 },   // 0x94
  {  5510,  22,  22,  27,    3,  -21 },   // 0x95
  {  5571,  22,  22,  27,    3,  -21 },   // 0x96
  {  5632,  22,  22,  27,    3,  -21 },   // 0x97
  {  5693,  22,  22,  27,    3,  -21 },   // 0x98
  {  5754,  22,  22,  27,    3,  -21 },   // 0x99
  {  5815,  22,  22,  27,    3,  -21 },   // 0x9A
  {  5876,  22,  22,  27,    3,  -21 },   // 0x9B
  {  5937,  22,  22,  27,    3,  -21 },   // 0x9C
  {  5998,  22,  22,  27,    3,  -21 },   // 0x9D
  {  6059,  22,  22,  27,    3,  -21 },   // 0x9E
  {  6120,  22,  22,  27,    3,  -21 },   // 0x9F
  {  6181,   1,   1,   7,    0,    0 },   // 0xA0
  {  6182,   5,  28,   9,    2,  -22 },   // 0xA1
  {  6200,  14,  25,  18,    2,  -20 },   // 0xA2
  {  6244,  20,  24,  23,    2,  -23 },   // 0xA3
  {  6304,  17,  18,  23,    3,  -20 },   // 0xA4
  {  6343,  20,  23,  24,    2,  -22 },   // 0xA5
  {  6401,   3,  30,  13,    5,  -26 },   // 0xA6
  {  6413,  15,  29,  21,    3,  -25 },   // 0xA7
  {  6468,  11,   5,  16,    3,  -24 },   // 0xA8
  {  6475,  27,  27,  33,    3,  -28 },   // 0xA9
  {  6567,  13,  14,  14,    1,  -24 },   // 0xAA
  {  6590,  17,  15,  21,    2,  -16 },   // 0xAB
  {  6622,  15,   8,  21,    3,   -9 },   // 0xAC
  {  6637,  22,  22,  27,    3,  -21 },   // 0xAD
  {  6698,  27,  27,  33,    3,  -28 },   // 0xAE
  {  6790,   9,   2,  15,    3,  -22 },   // 0xAF
  {  6793,  11,  11,  15,    2,  -24 },   // 0xB0
  {  6809,  14,  17,  20,    3,  -16 },   // 0xB1
  {  6839,  12,  15,  13,    0,  -27 },   // 0xB2
  {  6862,  10,  15,  12,    1,  -27 },   // 0xB3
  {  6881,   7,   7,  13,    3,  -26 },   // 0xB4
  {  6888,  17,  24,  20,    1,  -17 },   // 0xB5
  {  6939,  19,  26,  23,    2,  -25 },   // 0xB6
  {  7001,   4,   5,   4,    0,  -14 },   // 0xB7
  {  7004,   6,   8,  12,    2,    1 },   // 0xB8
  {  7010,   9,  15,  10,    1,  -27 },   // 0xB9
  {  7027,  13,  14,  15,    1,  -24 },   // 0xBA
  {  7050,  17,  15,  21,    2,  -16 },   // 0xBB
  {  7082,  26,  28,  28,    1,  -25 },   // 0xBC
  {  7173,  27,  28,  29,    1,  -25 },   // 0xBD
  {  7268,  28,  28,  30,    1,  -25 },   // 0xBE
  {  7366,  13,  28,  15,    1,  -22 },   // 0xBF
  {  7412,  22,  31,  22,    0,  -30 },   // 0xC0
  {  7498,  22,  31,  22,    0,  -30 },   // 0xC1
  {  7584,  22,  30,  22,    0,  -29 },   // 0xC2
  {  7667,  22,  30,  22,    0,  -29 },   // 0xC3
  {  7750,  22,  30,  22,    0,  -29 },   // 0xC4
  {  7833,  22,  33,  22,    0,  -32 },   // 0xC5
  {  7924,  31,  23,  30,   -1,  -22 },   // 0xC6
  {  8014,  18,  32,  21,    1,  -23 },   // 0xC7
  {  8086,  19,  31,  20,    1,  -30 },   // 0xC8
  {  8160,  19,  31,  20,    1,  -30 },   // 0xC9
  {  8234,  19,  30,  20,    1,  -29 },   // 0xCA
  {  8306,  19,  30,  20,    1,  -29 },   // 0xCB
  {  8378,   9,  31,  12,    1,  -30 },   // 0xCC
  {  8413,  10,  31,  12,    1,  -30 },   // 0xCD
  {  8452,  11,  30,  12,    0,  -29 },   // 0xCE
  {  8494,   9,  30,  12,    1,  -29 },   // 0xCF
  {  8528,  22,  24,  24,    1,  -23 },   // 0xD0
  {  8594,  23,  30,  24,    1,  -29 },   // 0xD1
  {  8681,  21,  31,  23,    1,  -30 },   // 0xD2
  {  8763,  21,  31,  23,    1,  -30 },   // 0xD3
  {  8845,  21,  30,  23,    1,  -29 },   // 0xD4
  {  8924,  21,  30,  23,    1,  -29 },   // 0xD5
  {  9003,  21,  30,  23,    1,  -29 },   // 0xD6
  {  9082,  13,  14,  21,    4,  -16 },   // 0xD7
  {  9105,  21,  29,  23,    1,  -25 },   // 0xD8
  {  9182,  22,  31,  23,    1,  -30 },   // 0xD9
  {  9268,  22,  31,  23,    1,  -30 },   // 0xDA
  {  9354,  22,  30,  23,    1,  -29 },   // 0xDB
  {  9437,  22,  30,  23,    1,  -29 },   // 0xDC
  {  9520,  21,  31,  20,    0,  -30 },   // 0xDD
  {  9602,  18,  23,  20,    1,  -22 },   // 0xDE
  {  9654,  19,  25,  19,    0,  -24 },   // 0xDF
  {  9714,  15,  27,  17,    1,  -26 },   // 0xE0
  {  9765,  15,  27,  17,    1,  -26 },   // 0xE1
  {  9816,  15,  27,  17,    1,  -26 },   // 0xE2
  {  9867,  15,  24,  17,    1,  -23 },   // 0xE3
  {  9912,  15,  25,  17,    1,  -24 },   // 0xE4
  {  9959,  15,  28,  17,    1,  -27 },   // 0xE5
  { 10012,  24,  18,  26,    1,  -17 },   // 0xE6
  { 10066,  14,  26,  16,    1,  -17 },   // 0xE7
  { 10112,  14,  27,  16,    1,  -26 },   // 0xE8
  { 10160,  14,  27,  16,    1,  -26 },   // 0xE9
  { 10208,  14,  27,  16,    1,  -26 },   // 0xEA
  { 10256,  14,  25,  16,    1,  -24 },   // 0xEB
  { 10300,   9,  27,  10,    0,  -26 },   // 0xEC
  { 10331,   9,  27,  10,    1,  -26 },   // 0xED
  { 10362,  11,  27,  10,    0,  -26 },   // 0xEE
  { 10400,  11,  25,  10,   -1,  -24 },   // 0xEF
  { 10435,  16,  28,  18,    1,  -27 },   // 0xF0
  { 10491,  19,  24,  21,    1,  -23 },   // 0xF1
  { 10548,  16,  27,  18,    1,  -26 },   // 0xF2
  { 10602,  16,  27,  18,    1,  -26 },   // 0xF3
  { 10656,  16,  27,  18,    1,  -26 },   // 0xF4
  { 10710,  16,  24,  18,    1,  -23 },   // 0xF5
  { 10758,  16,  25,  18,    1,  -24 },   // 0xF6
  { 10808,  15,  17,  21,    3,  -18 },   // 0xF7
  { 10840,  16,  23,  18,    1,  -19 },   // 0xF8
  { 10886,  17,  27,  20,    1,  -26 },   // 0xF9
  { 10944,  17,  27,  20,    1,  -26 },   // 0xFA
  { 11002,  17,  27,  20,    1,  -26 },   // 0xFB
  { 11060,  17,  25,  20,    1,  -24 },   // 0xFC
  { 11114,  18,  35,  18,    0,  -26 },   // 0xFD
  { 11193,  18,  34,  19,    0,  -25 },   // 0xFE
  { 11270,  18,  33,  18,    0,  -24 } }; // 0xFF

const GFXfont Merriweather_Regular16pt8b PROGMEM = {
  (uint8_t  *)Merriweather_Regular16pt8bBitmaps,
  (GFXglyph *)Merriweather_Regular16pt8bGlyphs,
  0x20, 0xFF, 39 };

// Approx. 12920 bytes

const uint8_t Merriweather_Bold9pt8bBitmaps[] PROGMEM = {
  0x00, 0xFF, 0xFF, 0xDB, 0x49, 0x20, 0xBF, 0x77, 0x66, 0x66, 0x66, 0x44,
  0x44, 0xCC, 0x08, 0x81, 0x10, 0x62, 0x08, 0x87, 0xFE, 0xFF, 0x84, 0x40,
  0x88, 0x11, 0x1F, 0xF8, 0x88, 0x11, 0x02, 0x20, 0x44, 0x00, 0x18, 0x18,
  0x7F, 0xC3, 0xC3, 0xC0, 0xE0, 0xF8, 0x3E, 0x1F, 0x07, 0x83, 0x83, 0xC7,
  0xFE, 0x18, 0x18, 0x7C, 0x30, 0x66, 0x10, 0x31, 0x98, 0x18, 0xC8, 0x0C,
  0x6C, 0x06, 0x66, 0x71, 0xF6, 0x6C, 0x03, 0x63, 0x01, 0x31, 0x81, 0x98,
  0xC0, 0x8C, 0x60, 0xC3, 0x60, 0x60, 0xE0, 0x3E, 0x03, 0x30, 0x63, 0x07,
  0x30, 0x73, 0x03, 0xC0, 0x1C, 0xF7, 0xC6, 0xCE, 0x6C, 0x74, 0xC3, 0xCE,
  0x1E, 0x7E, 0xF0, 0x76, 0x66, 0x44, 0xC0, 0x08, 0x73, 0x0C, 0x61, 0x8E,
  0x30, 0xC3, 0x0C, 0x30, 0xE1, 0x86, 0x0C, 0x10, 0x30, 0x43, 0x83, 0x0C,
  0x18, 0x61, 0x87, 0x1C, 0x71, 0xC7, 0x18, 0x61, 0x8C, 0x63, 0x00, 0x0C,
  0x06, 0x13, 0x7F, 0x71, 0xE1, 0xFB, 0xAE, 0x99, 0x0C, 0x06, 0x00, 0x18,
  0x18, 0x18, 0x18, 0xFF, 0x18, 0x18, 0x18, 0x18, 0x5F, 0xB6, 0xB0, 0xFF,
  0xFC, 0x5F, 0x80, 0x0C, 0x61, 0x86, 0x18, 0xC3, 0x0C, 0x31, 0x86, 0x18,
  0x63, 0x0C, 0x30, 0xC0, 0x3F, 0x18, 0xE6, 0x1B, 0x87, 0xE1, 0xF8, 0x7E,
  0x1F, 0x87, 0xE1, 0xF8, 0x66, 0x19, 0xCC, 0x3E, 0x00, 0x39, 0xF2, 0xE1,
  0xC3, 0x87, 0x0E, 0x1C, 0x38, 0x70, 0xE1, 0xCF, 0xE0, 0x3F, 0x3F, 0xC4,
  0x38, 0x0E, 0x03, 0x80, 0xE0, 0x30, 0x18, 0x0E, 0x07, 0x03, 0x0D, 0x9F,
  0xFF, 0x80, 0x7E, 0xCE, 0x07, 0x06, 0x0E, 0x1C, 0x7E, 0x07, 0x07, 0x07,
  0x07, 0x0E, 0xFC, 0x0E, 0x01, 0xC0, 0x30, 0x0E, 0x01, 0x80, 0x71, 0x0C,
  0x61, 0x8C, 0x61, 0x9F, 0xFD, 0xFF, 0x80, 0xC0, 0x18, 0x7F, 0x7F, 0x40,
  0xC0, 0xC0, 0xFE, 0xCF, 0x07, 0x03, 0x07, 0x07, 0x0E, 0xF8, 0x02, 0x07,
  0x86, 0x06, 0x07, 0x03, 0x03, 0xFD, 0xC7, 0xC3, 0xE0, 0xF8, 0x7C, 0x76,
  0x31, 0xF0, 0xFF, 0xE0, 0xF0, 0xD0, 0x60, 0x30, 0x30, 0x18, 0x1C, 0x0C,
  0x0E, 0x07, 0x07, 0x03, 0x80, 0x3E, 0x31, 0xB8, 0x7C, 0x27, 0x33, 0xF0,
  0xF8, 0xDE, 0xC3, 0xE0, 0xF0, 0x7C, 0x67, 0xE0, 0x3E, 0x31, 0xB0, 0xF8,
  0x7C, 0x3E, 0x1F, 0x8E, 0xFF, 0x3B, 0x03, 0x81, 0x81, 0x87, 0x81, 0x00,
  0x5F, 0x80, 0x02, 0xFC, 0x5F, 0x80, 0x02, 0xFD, 0xB5, 0x00, 0x00, 0x81,
  0xC3, 0xC7, 0x8F, 0x07, 0x80, 0xF0, 0x1E, 0x03, 0x80, 0x40, 0xFF, 0xFF,
  0x00, 0x00, 0x00, 0xFF, 0xFF, 0x80, 0xE0, 0x38, 0x0E, 0x03, 0x0F, 0x3C,
  0xF0, 0xC0, 0x80, 0xF9, 0xF8, 0x38, 0x30, 0x61, 0xC3, 0x1C, 0x70, 0xC1,
  0x81, 0x00, 0x04, 0x1C, 0x38, 0x00, 0xE0, 0x03, 0xFE, 0x03, 0x01, 0x83,
  0x00, 0x63, 0x00, 0x11, 0x0F, 0xC9, 0x88, 0xC6, 0x8C, 0x63, 0x44, 0x31,
  0x66, 0x18, 0xB3, 0x1C, 0x59, 0x9E, 0x4C, 0x7B, 0x42, 0x39, 0xC1, 0x80,
  0x00, 0xC0, 0x00, 0x38, 0x10, 0x0F, 0xF0, 0x00, 0xC0, 0x00, 0x07, 0x00,
  0x78, 0x03, 0xE0, 0x17, 0x01, 0x98, 0x0C, 0xE0, 0x47, 0x06, 0x18, 0x3F,
  0xE1, 0x87, 0x18, 0x38, 0xC0, 0xEF, 0x1F, 0x80, 0xFF, 0x8E, 0x39, 0xC7,
  0x38, 0xE7, 0x1C, 0xE7, 0x1F, 0xE3, 0x87, 0x70, 0xEE, 0x1D, 0xC3, 0xB8,
  0xEF, 0xF8, 0x0F, 0xE7, 0x1D, 0xC1, 0xB8, 0x36, 0x01, 0xC0, 0x38, 0x07,
  0x00, 0xE0, 0x0E, 0x09, 0xC1, 0x9C, 0x31, 0xFC, 0xFF, 0x87, 0x1C, 0x70,
  0xE7, 0x07, 0x70, 0x77, 0x07, 0x70, 0x77, 0x07, 0x70, 0x77, 0x06, 0x70,
  0xE7, 0x1C, 0xFF, 0x00, 0xFF, 0x9C, 0x27, 0x09, 0xC0, 0x73, 0x1C, 0xC7,
  0xF1, 0xCC, 0x70, 0x1C, 0x17, 0x0D, 0xC3, 0xFF, 0xC0, 0xFF, 0x9C, 0x37,
  0x0D, 0xC0, 0x71, 0x1C, 0xC7, 0xF1, 0xCC, 0x71, 0x1C, 0x07, 0x01, 0xC0,
  0xFC, 0x00, 0x0F, 0xF1, 0xC3, 0x9C, 0x18, 0xE0, 0x47, 0x00, 0x30, 0x03,
  0x87, 0xFE, 0x1E, 0x70, 0x73, 0x83, 0x8C, 0x1C, 0x70, 0xE0, 0xFE, 0x00,
  0xF9, 0xFB, 0x83, 0x9C, 0x1C, 0xE0, 0xE7, 0x07, 0x38, 0x39, 0xFF, 0xCE,
  0x0E, 0x70, 0x73, 0x83, 0x9C, 0x1C, 0xE0, 0xEF, 0x8F, 0x80, 0xFB, 0x9C,
  0xE7, 0x39, 0xCE, 0x73, 0x9C, 0xEF, 0x80, 0x7C, 0xE3, 0x8E, 0x38, 0xE3,
  0x8E, 0x38, 0xE3, 0x8E, 0x38, 0xC7, 0x38, 0xF9, 0xF7, 0x0C, 0x71, 0x87,
  0x30, 0x72, 0x07, 0x60, 0x7F, 0x07, 0xB8, 0x73, 0x87, 0x1C, 0x71, 0xC7,
  0x0E, 0xF8, 0xF0, 0xF8, 0x1C, 0x07, 0x01, 0xC0, 0x70, 0x1C, 0x07, 0x01,
  0xC0, 0x70, 0x5C, 0x37, 0x0D, 0xC7, 0xFF, 0x80, 0x7E, 0x1F, 0x87, 0x87,
  0x81, 0x61, 0x60, 0x5C, 0x58, 0x37, 0x36, 0x0C, 0xC9, 0xC3, 0x32, 0x70,
  0xCF, 0x9C, 0x23, 0xE7, 0x08, 0x70, 0xC2, 0x1C, 0x30, 0x87, 0x0C, 0xF8,
  0x0F, 0xC0, 0xF0, 0xFB, 0xC1, 0x16, 0x08, 0xB8, 0x44, 0xE2, 0x27, 0x11,
  0x1C, 0x88, 0x74, 0x43, 0xA2, 0x0F, 0x10, 0x38, 0x81, 0xCF, 0x06, 0x00,
  0x1F, 0x8E, 0x39, 0x83, 0xF0, 0x7E, 0x0F, 0x81, 0xF0, 0x3E, 0x07, 0xE0,
  0xFC, 0x1F, 0x83, 0x38, 0xC3, 0xF0, 0xFF, 0x9C, 0x77, 0x1D, 0xC3, 0x70,
  0xDC, 0x77, 0x19, 0xFC, 0x70, 0x1C, 0x07, 0x01, 0xC0, 0xFC, 0x00, 0x1F,
  0x83, 0x8E, 0x18, 0x39, 0xC1, 0xCE, 0x0E, 0x60, 0x73, 0x03, 0x98, 0x1C,
  0xE0, 0xE7, 0x07, 0x38, 0x30, 0xE3, 0x03, 0xF0, 0x00, 0xC0, 0x03, 0xE0,
  0x0F, 0xFF, 0x87, 0x1C, 0x71, 0xC7, 0x1C, 0x71, 0xC7, 0x1C, 0x7F, 0x87,
  0x30, 0x73, 0x87, 0x1C, 0x71, 0xC7, 0x0E, 0xF8, 0xF0, 0x3F, 0x31, 0xB8,
  0x5C, 0x0F, 0x03, 0xE0, 0xFC, 0x1F, 0x03, 0xE1, 0xF0, 0xF8, 0x6F, 0xE0,
  0x7F, 0xF4, 0x73, 0x47, 0x3C, 0x71, 0xC7, 0x10, 0x70, 0x07, 0x00, 0x70,
  0x07, 0x00, 0x70, 0x07, 0x00, 0x70, 0x1F, 0xC0, 0xFC, 0xFB, 0x81, 0x9C,
  0x0C, 0xE0, 0x67, 0x03, 0x38, 0x19, 0xC0, 0xCE, 0x06, 0x30, 0x31, 0x81,
  0x8E, 0x08, 0x30, 0xC0, 0xF8, 0x00, 0xF8, 0xF7, 0x06, 0x70, 0x63, 0x06,
  0x38, 0xC3, 0x8C, 0x18, 0x81, 0xD8, 0x1D, 0x80, 0xD0, 0x0D, 0x00, 0xF0,
  0x06, 0x00, 0xF9, 0xF3, 0xDC, 0x38, 0x27, 0x0E, 0x19, 0xC3, 0x84, 0x30,
  0xE1, 0x0E, 0x3C, 0xC3, 0x9F, 0x30, 0x64, 0xC8, 0x19, 0x3A, 0x07, 0xCF,
  0x80, 0xE1, 0xC0, 0x38, 0x70, 0x0E, 0x1C, 0x00, 0xFC, 0xF1, 0xC3, 0x0E,
  0x10, 0x39, 0x00, 0xF8, 0x07, 0x80, 0x1C, 0x01, 0xF0, 0x0B, 0x80, 0xCE,
  0x0C, 0x38, 0x41, 0xCF, 0x9F, 0x80, 0xF9, 0xF7, 0x06, 0x70, 0xC3, 0x88,
  0x39, 0x81, 0xD0, 0x0F, 0x00, 0xE0, 0x0E, 0x00, 0xE0, 0x0E, 0x00, 0xE0,
  0x3F, 0x80, 0x7F, 0xEC, 0x39, 0x87, 0x11, 0xC0, 0x70, 0x0E, 0x03, 0x80,
  0xE0, 0x1C, 0x07, 0x0D, 0xC1, 0xB8, 0x3F, 0xFE, 0xFC, 0xCC, 0xCC, 0xCC,
  0xCC, 0xCC, 0xCC, 0xCF, 0xC0, 0xC1, 0x83, 0x02, 0x06, 0x0C, 0x18, 0x10,
  0x30, 0x60, 0xC0, 0xC1, 0x83, 0x02, 0x06, 0xF3, 0x33, 0x33, 0x33, 0x33,
  0x33, 0x33, 0x3F, 0x0C, 0x0E, 0x07, 0x82, 0xC3, 0x61, 0x98, 0xCC, 0xC6,
  0x61, 0xB0, 0xF0, 0x60, 0xFF, 0x80, 0x4C, 0xE7, 0x10, 0x3E, 0x3F, 0x80,
  0xC0, 0x71, 0xFB, 0x9F, 0x8F, 0xC7, 0x77, 0xBF, 0xC0, 0xF0, 0x1C, 0x07,
  0x01, 0xC0, 0x77, 0x1F, 0xE7, 0x1D, 0xC7, 0x70, 0xDC, 0x37, 0x1D, 0xC7,
  0x71, 0x9F, 0xC0, 0x3E, 0x66, 0xC2, 0xC2, 0xC0, 0xC0, 0xC0, 0xE0, 0xF3,
  0x7E, 0x0F, 0x81, 0xC0, 0xE0, 0x73, 0xFB, 0x1F, 0x8F, 0x87, 0xC3, 0xE1,
  0xF0, 0xFC, 0x7E, 0x7B, 0xFC, 0x3C, 0x66, 0xC7, 0xC3, 0xFF, 0xC0, 0xC0,
  0xE0, 0xF3, 0x7E, 0x0E, 0x7C, 0xCB, 0x87, 0x1F, 0xBF, 0x38, 0x70, 0xE1,
  0xC3, 0x87, 0x0E, 0x3E, 0x00, 0x1F, 0x6E, 0x7D, 0x86, 0x30, 0xC7, 0x18,
  0x7E, 0x0F, 0x03, 0x00, 0x7F, 0x07, 0xF9, 0x83, 0xF0, 0x76, 0x0C, 0xF7,
  0x07, 0x80, 0xF0, 0x06, 0x00, 0xC0, 0x18, 0x03, 0x78, 0x7F, 0x8C, 0x31,
  0x86, 0x30, 0xC6, 0x18, 0xC3, 0x18, 0x63, 0x0C, 0xF3, 0xC0, 0x63, 0x98,
  0x0E, 0x71, 0x8C, 0x63, 0x18, 0xC6, 0x7C, 0x31, 0xCC, 0x07, 0x38, 0xC6,
  0x31, 0x8C, 0x63, 0x18, 0xC6, 0x77, 0x00, 0xF0, 0x06, 0x00, 0xC0, 0x18,
  0x03, 0x3E, 0x61, 0x0C, 0x41, 0x90, 0x37, 0x07, 0x60, 0xCE, 0x18, 0xE3,
  0x1C, 0xF3, 0xC0, 0xF1, 0x8C, 0x63, 0x18, 0xC6, 0x31, 0x8C, 0x63, 0x7C,
  0xE7, 0x3C, 0xFF, 0xFE, 0x61, 0x86, 0x61, 0x86, 0x61, 0x86, 0x61, 0x86,
  0x61, 0x86, 0x61, 0x86, 0x61, 0x86, 0xF3, 0xEF, 0xEF, 0x9F, 0xF1, 0x86,
  0x30, 0xE6, 0x1C, 0xC3, 0x98, 0x73, 0x0E, 0x61, 0xDE, 0x7C, 0x3E, 0x33,
  0xB8, 0xF8, 0x7C, 0x3E, 0x1F, 0x0F, 0xC7, 0xE3, 0x1F, 0x00, 0xEF, 0x3D,
  0xE6, 0x19, 0x87, 0x61, 0xD8, 0x76, 0x19, 0x86, 0x63, 0x1F, 0x86, 0x01,
  0x80, 0x60, 0x3E, 0x00, 0x3F, 0x98, 0xEE, 0x3B, 0x0E, 0xC3, 0xB0, 0xEC,
  0x3B, 0x8E, 0xE7, 0x9F, 0xE0, 0x38, 0x0E, 0x03, 0x83, 0xF0, 0xEF, 0xFD,
  0xEB, 0x06, 0x0C, 0x18, 0x30, 0x61, 0xF0, 0x7F, 0x8F, 0x1F, 0x0F, 0x87,
  0xC3, 0xC3, 0xC7, 0xF8, 0x30, 0x63, 0xFF, 0xF7, 0x0E, 0x1C, 0x38, 0x70,
  0xE1, 0xF9, 0xE0, 0xF3, 0xCE, 0x39, 0xC7, 0x38, 0xE7, 0x1C, 0xE3, 0x9C,
  0x73, 0x8E, 0x33, 0xC7, 0xDC, 0xF9, 0xDC, 0x27, 0x18, 0xC6, 0x31, 0x0E,
  0xC1, 0xB0, 0x68, 0x1E, 0x03, 0x00, 0xF9, 0x8E, 0xC3, 0x89, 0xCF, 0x13,
  0x96, 0x63, 0x2C, 0x86, 0xDD, 0x0F, 0x9A, 0x0E, 0x3C, 0x1C, 0x70, 0x38,
  0xE0, 0xF9, 0xEE, 0x10, 0xE6, 0x0F, 0x80, 0xE0, 0x1C, 0x07, 0xC1, 0x9C,
  0x61, 0xDE, 0x7C, 0xF9, 0xDC, 0x37, 0x18, 0xC6, 0x39, 0x8E, 0x41, 0xB0,
  0x7C, 0x0E, 0x03, 0x80, 0x40, 0x30, 0x5C, 0x0E, 0x00, 0x7F, 0xB1, 0xD9,
  0xC0, 0xE0, 0xE0, 0xE0, 0xE0, 0x71, 0x71, 0xFF, 0xC0, 0x3E, 0x60, 0xC1,
  0x83, 0x03, 0x06, 0x78, 0xF0, 0x30, 0x61, 0x83, 0x06, 0x0C, 0x1F, 0xFF,
  0xFF, 0xFF, 0xFF, 0xC0, 0xF8, 0x38, 0x70, 0xE1, 0x83, 0x06, 0x0F, 0x0E,
  0x30, 0x60, 0xC1, 0x83, 0x87, 0x7C, 0x61, 0xFF, 0x8E, 0xFF, 0xFF, 0xFF,
  0xDF, 0x7C, 0xE7, 0xE4, 0xFF, 0x9F, 0xF1, 0xFE, 0x4F, 0xCE, 0x7F, 0xF7,
  0xFF, 0xFF, 0xFF, 0xFF, 0xFF, 0xFF, 0xDF, 0x7C, 0xE7, 0xE4, 0xFF, 0x9F,
  0xF1, 0xFE, 0x4F, 0xCE, 0x7F, 0xF7, 0xFF, 0xFF, 0xFF, 0xFF, 0xFF, 0xFF,
  0xDF, 0x7C, 0xE7, 0xE4, 0xFF, 0x9F, 0xF1, 0xFE, 0x4F, 0xCE, 0x7F, 0xF7,
  0xFF, 0xFF, 0xFF, 0xFF, 0xFF, 0xFF, 0xDF, 0x7C, 0xE7, 0xE4, 0xFF, 0x9F,
  0xF1, 0xFE, 0x4F, 0xCE, 0x7F, 0xF7, 0xFF, 0xFF, 0xFF, 0xFF, 0xFF, 0xFF,
  0xDF, 0x7C, 0xE7, 0xE4, 0xFF, 0x9F, 0xF1, 0xFE, 0x4F, 0xCE, 0x7F, 0xF7,
  0xFF, 0xFF, 0xFF, 0xFF, 0xFF, 0xFF, 0xDF, 0x7C, 0xE7, 0xE4, 0xFF, 0x9F,
  0xF1, 0xFE, 0x4F, 0xCE, 0x7F, 0xF7, 0xFF, 0xFF, 0xFF, 0xFF, 0xFF, 0xFF,
  0xDF, 0x7C, 0xE7, 0xE4, 0xFF, 0x9F, 0xF1, 0xFE, 0x4F, 0xCE, 0x7F, 0xF7,
  0xFF, 0xFF, 0xFF, 0xFF, 0xFF, 0xFF, 0xDF, 0x7C, 0xE7, 0xE4, 0xFF, 0x9F,
  0xF1, 0xFE, 0x4F, 0xCE, 0x7F, 0xF7, 0xFF, 0xFF, 0xFF, 0xFF, 0xFF, 0xFF,
  0xDF, 0x7C, 0xE7, 0xE4, 0xFF, 0x9F, 0xF1, 0xFE, 0x4F, 0xCE, 0x7F, 0xF7,
  0xFF, 0xFF, 0xFF, 0xFF, 0xFF, 0xFF, 0xDF, 0x7C, 0xE7, 0xE4, 0xFF, 0x9F,
  0xF1, 0xFE, 0x4F, 0xCE, 0x7F, 0xF7, 0xFF, 0xFF, 0xFF, 0xFF, 0xFF, 0xFF,
  0xDF, 0x7C, 0xE7, 0xE4, 0xFF, 0x9F, 0xF1, 0xFE, 0x4F, 0xCE, 0x7F, 0xF7,
  0xFF, 0xFF, 0xFF, 0xFF, 0xFF, 0xFF, 0xDF, 0x7C, 0xE7, 0xE4, 0xFF, 0x9F,
  0xF1, 0xFE, 0x4F, 0xCE, 0x7F, 0xF7, 0xFF, 0xFF, 0xFF, 0xFF, 0xFF, 0xFF,
  0xDF, 0x7C, 0xE7, 0xE4, 0xFF, 0x9F, 0xF1, 0xFE, 0x4F, 0xCE, 0x7F, 0xF7,
  0xFF, 0xFF, 0xFF, 0xFF, 0xFF, 0xFF, 0xDF, 0x7C, 0xE7, 0xE4, 0xFF, 0x9F,
  0xF1, 0xFE, 0x4F, 0xCE, 0x7F, 0xF7, 0xFF, 0xFF, 0xFF, 0xFF, 0xFF, 0xFF,
  0xDF, 0x7C, 0xE7, 0xE4, 0xFF, 0x9F, 0xF1, 0xFE, 0x4F, 0xCE, 0x7F, 0xF7,
  0xFF, 0xFF, 0xFF, 0xFF, 0xFF, 0xFF, 0xDF, 0x7C, 0xE7, 0xE4, 0xFF, 0x9F,
  0xF1, 0xFE, 0x4F, 0xCE, 0x7F, 0xF7, 0xFF, 0xFF, 0xFF, 0xFF, 0xFF, 0xFF,
  0xDF, 0x7C, 0xE7, 0xE4, 0xFF, 0x9F, 0xF1, 0xFE, 0x4F, 0xCE, 0x7F, 0xF7,
  0xFF, 0xFF, 0xFF, 0xFF, 0xFF, 0xFF, 0xDF, 0x7C, 0xE7, 0xE4, 0xFF, 0x9F,
  0xF1, 0xFE, 0x4F, 0xCE, 0x7F, 0xF7, 0xFF, 0xFF, 0xFF, 0xFF, 0xFF, 0xFF,
  0xDF, 0x7C, 0xE7, 0xE4, 0xFF, 0x9F, 0xF1, 0xFE, 0x4F, 0xCE, 0x7F, 0xF7,
  0xFF, 0xFF, 0xFF, 0xFF, 0xFF, 0xFF, 0xDF, 0x7C, 0xE7, 0xE4, 0xFF, 0x9F,
  0xF1, 0xFE, 0x4F, 0xCE, 0x7F, 0xF7, 0xFF, 0xFF, 0xFF, 0xFF, 0xFF, 0xFF,
  0xDF, 0x7C, 0xE7, 0xE4, 0xFF, 0x9F, 0xF1, 0xFE, 0x4F, 0xCE, 0x7F, 0xF7,
  0xFF, 0xFF, 0xFF, 0xFF, 0xFF, 0xFF, 0xDF, 0x7C, 0xE7, 0xE4, 0xFF, 0x9F,
  0xF1, 0xFE, 0x4F, 0xCE, 0x7F, 0xF7, 0xFF, 0xFF, 0xFF, 0xFF, 0xFF, 0xFF,
  0xDF, 0x7C, 0xE7, 0xE4, 0xFF, 0x9F, 0xF1, 0xFE, 0x4F, 0xCE, 0x7F, 0xF7,
  0xFF, 0xFF, 0xFF, 0xFF, 0xFF, 0xFF, 0xDF, 0x7C, 0xE7, 0xE4, 0xFF, 0x9F,
  0xF1, 0xFE, 0x4F, 0xCE, 0x7F, 0xF7, 0xFF, 0xFF, 0xFF, 0xFF, 0xFF, 0xFF,
  0xDF, 0x7C, 0xE7, 0xE4, 0xFF, 0x9F, 0xF1, 0xFE, 0x4F, 0xCE, 0x7F, 0xF7,
  0xFF, 0xFF, 0xFF, 0xFF, 0xFF, 0xFF, 0xDF, 0x7C, 0xE7, 0xE4, 0xFF, 0x9F,
  0xF1, 0xFE, 0x4F, 0xCE, 0x7F, 0xF7, 0xFF, 0xFF, 0xFF, 0xFF, 0xFF, 0xFF,
  0xDF, 0x7C, 0xE7, 0xE4, 0xFF, 0x9F, 0xF1, 0xFE, 0x4F, 0xCE, 0x7F, 0xF7,
  0xFF, 0xFF, 0xFF, 0xFF, 0xFF, 0xFF, 0xDF, 0x7C, 0xE7, 0xE4, 0xFF, 0x9F,
  0xF1, 0xFE, 0x4F, 0xCE, 0x7F, 0xF7, 0xFF, 0xFF, 0xFF, 0xFF, 0xFF, 0xFF,
  0xDF, 0x7C, 0xE7, 0xE4, 0xFF, 0x9F, 0xF1, 0xFE, 0x4F, 0xCE, 0x7F, 0xF7,
  0xFF, 0xFF, 0xFF, 0xFF, 0xFF, 0xFF, 0xDF, 0x7C, 0xE7, 0xE4, 0xFF, 0x9F,
  0xF1, 0xFE, 0x4F, 0xCE, 0x7F, 0xF7, 0xFF, 0xFF, 0xFF, 0xFF, 0xFF, 0xFF,
  0xDF, 0x7C, 0xE7, 0xE4, 0xFF, 0x9F, 0xF1, 0xFE, 0x4F, 0xCE, 0x7F, 0xF7,
  0xFF, 0xFF, 0xFF, 0xFF, 0xFF, 0xFF, 0xDF, 0x7C, 0xE7, 0xE4, 0xFF, 0x9F,
  0xF1, 0xFE, 0x4F, 0xCE, 0x7F, 0xF7, 0xFF, 0xFF, 0xFF, 0xFF, 0xFF, 0xFF,
  0xDF, 0x7C, 0xE7, 0xE4, 0xFF, 0x9F, 0xF1, 0xFE, 0x4F, 0xCE, 0x7F, 0xF7,
  0xFF, 0xFF, 0xFF, 0x00, 0xFD, 0x04, 0xDB, 0x6D, 0xBF, 0xFF, 0x04, 0x0C,
  0x1F, 0x73, 0x63, 0xE3, 0xE0, 0xE0, 0xE0, 0x60, 0x73, 0x3E, 0x08, 0x18,
  0x0F, 0xC1, 0x8C, 0x18, 0x03, 0x80, 0x38, 0x07, 0xE0, 0x38, 0x03, 0x80,
  0x38, 0x63, 0x87, 0x30, 0x7F, 0xCE, 0xC7, 0xC0, 0x80, 0xB2, 0x77, 0xF1,
  0xCC, 0x63, 0x18, 0x66, 0x31, 0xFC, 0x7F, 0xB0, 0x38, 0x08, 0xF8, 0xF7,
  0x06, 0x38, 0xC1, 0x88, 0x1D, 0x80, 0xD0, 0x7F, 0xE0, 0x60, 0x06, 0x07,
  0xFE, 0x06, 0x00, 0x60, 0x1F, 0x80, 0xFF, 0xFC, 0x3F, 0xFF, 0xC0, 0x08,
  0x3F, 0xB0, 0xD8, 0x6E, 0x03, 0xE2, 0xF9, 0x1E, 0xC3, 0xF0, 0xDE, 0x47,
  0xC0, 0xF4, 0x1B, 0x0D, 0xCE, 0x3C, 0x00, 0xEF, 0xDD, 0x10, 0x0F, 0xC0,
  0x20, 0x61, 0x80, 0x62, 0x1E, 0x6C, 0xCC, 0x51, 0x08, 0xA6, 0x01, 0xCC,
  0x03, 0x88, 0x07, 0x18, 0x8B, 0x3F, 0x12, 0x18, 0x42, 0x01, 0x83, 0x0E,
  0x01, 0xF0, 0x00, 0x7C, 0x46, 0x06, 0x3E, 0x66, 0xE6, 0xE6, 0x7F, 0x08,
  0x44, 0x23, 0x19, 0x9C, 0xE6, 0x39, 0xC7, 0x30, 0xC6, 0x18, 0xC0, 0xFF,
  0xFF, 0x03, 0x03, 0x03, 0xFF, 0xFF, 0xFF, 0xDF, 0x7C, 0xE7, 0xE4, 0xFF,
  0x9F, 0xF1, 0xFE, 0x4F, 0xCE, 0x7F, 0xF7, 0xFF, 0xFF, 0xFF, 0x0F, 0xC0,
  0x20, 0x61, 0x80, 0x62, 0x7C, 0x6C, 0xCC, 0x51, 0x8C, 0xA3, 0x31, 0xC7,
  0xE3, 0x8C, 0xC7, 0x19, 0x8B, 0x31, 0x92, 0x71, 0x42, 0x01, 0x83, 0x0E,
  0x01, 0xF0, 0x00, 0xF8, 0x79, 0x9B, 0x1E, 0x26, 0xC7, 0x00, 0x10, 0x10,
  0x10, 0x10, 0xFF, 0x10, 0x10, 0x10, 0x00, 0xFE, 0x7D, 0x18, 0x30, 0x61,
  0x86, 0x18, 0xFF, 0xFC, 0x18, 0x33, 0x80, 0xC1, 0xC3, 0x3C, 0x23, 0x6C,
  0x80, 0xF3, 0xCE, 0x39, 0xC7, 0x38, 0xE7, 0x1C, 0xE3, 0x9C, 0x73, 0x8E,
  0x7B, 0xCF, 0xDD, 0xC0, 0x38, 0x07, 0x00, 0x1F, 0xF7, 0xFF, 0xFC, 0xCF,
  0xCC, 0xFC, 0xCF, 0xCC, 0x7C, 0xC3, 0xCC, 0x0C, 0xC0, 0xCC, 0x0C, 0xC0,
  0xCC, 0x0C, 0xC0, 0xCC, 0x3C, 0xE0, 0xFD, 0x00, 0x23, 0x3F, 0x11, 0xCF,
  0x0C, 0x30, 0xC3, 0x0C, 0x7C, 0x3E, 0x67, 0x63, 0x63, 0x63, 0x63, 0x63,
  0x3C, 0xC6, 0x18, 0xC7, 0x38, 0xE7, 0x18, 0xCE, 0x73, 0x19, 0x8C, 0xC6,
  0x00, 0x10, 0x00, 0x70, 0x30, 0xF0, 0x20, 0x30, 0x60, 0x30, 0x40, 0x30,
  0xC0, 0x30, 0x80, 0x31, 0x8C, 0x7D, 0x98, 0x03, 0x18, 0x03, 0x36, 0x02,
  0x26, 0x06, 0x7F, 0x04, 0x06, 0x0C, 0x06, 0x18, 0x00, 0x10, 0x00, 0x70,
  0x30, 0xF0, 0x20, 0x30, 0x60, 0x30, 0x40, 0x30, 0xC0, 0x30, 0x80, 0x31,
  0xBE, 0x7D, 0xC6, 0x03, 0x06, 0x03, 0x06, 0x02, 0x0C, 0x06, 0x18, 0x04,
  0x31, 0x0C, 0x7F, 0x18, 0x00, 0xFC, 0x18, 0x06, 0x08, 0x03, 0x0C, 0x0E,
  0x04, 0x00, 0xC6, 0x00, 0x72, 0x00, 0x33, 0x18, 0xF1, 0x98, 0x01, 0x8C,
  0x00, 0xCD, 0x80, 0x44, 0xC0, 0x67, 0xF0, 0x20, 0x30, 0x30, 0x18, 0x30,
  0x00, 0x0C, 0x1C, 0x0C, 0x00, 0x0C, 0x0C, 0x0E, 0x0C, 0x18, 0x70, 0x60,
  0xE0, 0x60, 0x70, 0x7F, 0x1F, 0x04, 0x00, 0x60, 0x03, 0x80, 0x04, 0x00,
  0x00, 0x03, 0x80, 0x3C, 0x01, 0xF0, 0x0B, 0x80, 0xCC, 0x06, 0x70, 0x23,
  0x83, 0x0C, 0x1F, 0xF0, 0xC3, 0x8C, 0x1C, 0x60, 0x77, 0x8F, 0xC0, 0x01,
  0x00, 0x0C, 0x00, 0xC0, 0x04, 0x00, 0x00, 0x03, 0x80, 0x3C, 0x01, 0xF0,
  0x0B, 0x80, 0xCC, 0x06, 0x70, 0x23, 0x83, 0x0C, 0x1F, 0xF0, 0xC3, 0x8C,
  0x1C, 0x60, 0x77, 0x8F, 0xC0, 0x07, 0x00, 0x6C, 0x06, 0x30, 0x00, 0x00,
  0x70, 0x07, 0x80, 0x3E, 0x01, 0x70, 0x19, 0x80, 0xCE, 0x04, 0x70, 0x61,
  0x83, 0xFE, 0x18, 0x71, 0x83, 0x8C, 0x0E, 0xF1, 0xF8, 0x0E, 0xC0, 0x7C,
  0x02, 0x40, 0x00, 0x00, 0x70, 0x07, 0x80, 0x3E, 0x01, 0x70, 0x19, 0x80,
  0xCE, 0x04, 0x70, 0x61, 0x83, 0xFE, 0x18, 0x71, 0x83, 0x8C, 0x0E, 0xF1,
  0xF8, 0x0D, 0xC0, 0x6E, 0x03, 0x20, 0x00, 0x00, 0x70, 0x07, 0x80, 0x3E,
  0x01, 0x70, 0x19, 0x80, 0xCE, 0x04, 0x70, 0x61, 0x83, 0xFE, 0x18, 0x71,
  0x83, 0x8C, 0x0E, 0xF1, 0xF8, 0x02, 0x00, 0x2C, 0x03, 0x20, 0x19, 0x00,
  0x70, 0x00, 0x00, 0x1C, 0x01, 0xE0, 0x0F, 0x80, 0x5C, 0x06, 0x60, 0x33,
  0x81, 0x1C, 0x18, 0x60, 0xFF, 0x86, 0x1C, 0x60, 0xE3, 0x03, 0xBC, 0x7E,
  0x0F, 0xFF, 0x80, 0x98, 0x60, 0x66, 0x08, 0x19, 0x80, 0x04, 0x62, 0x03,
  0x18, 0x80, 0xC7, 0xE0, 0x61, 0x88, 0x1F, 0xE0, 0x0C, 0x18, 0x23, 0x06,
  0x0C, 0xC1, 0x83, 0xF9, 0xFF, 0xC0, 0x0F, 0xE7, 0x1D, 0xC1, 0xB8, 0x36,
  0x01, 0xC0, 0x38, 0x07, 0x00, 0xE0, 0x0E, 0x09, 0xC1, 0x9C, 0x31, 0xFC,
  0x04, 0x00, 0xC0, 0x18, 0x0F, 0x00, 0x08, 0x06, 0x01, 0xC0, 0x10, 0x00,
  0x3F, 0xE7, 0x09, 0xC2, 0x70, 0x1C, 0xC7, 0x31, 0xFC, 0x73, 0x1C, 0x07,
  0x05, 0xC3, 0x70, 0xFF, 0xF0, 0x04, 0x01, 0x80, 0xC0, 0x20, 0x00, 0x3F,
  0xE7, 0x09, 0xC2, 0x70, 0x1C, 0xC7, 0x31, 0xFC, 0x73, 0x1C, 0x07, 0x05,
  0xC3, 0x70, 0xFF, 0xF0, 0x1C, 0x0D, 0x86, 0x30, 0x00, 0xFF, 0x9C, 0x27,
  0x09, 0xC0, 0x73, 0x1C, 0xC7, 0xF1, 0xCC, 0x70, 0x1C, 0x17, 0x0D, 0xC3,
  0xFF, 0xC0, 0x37, 0x0D, 0xC3, 0x20, 0x00, 0xFF, 0x9C, 0x27, 0x09, 0xC0,
  0x73, 0x1C, 0xC7, 0xF1, 0xCC, 0x70, 0x1C, 0x17, 0x0D, 0xC3, 0xFF, 0xC0,
  0x46, 0x38, 0x40, 0x7D, 0xCE, 0x73, 0x9C, 0xE7, 0x39, 0xCE, 0x77, 0xC0,
  0x10, 0xCC, 0x40, 0x7D, 0xCE, 0x73, 0x9C, 0xE7, 0x39, 0xCE, 0x77, 0xC0,
  0x38, 0xDB, 0x18, 0x07, 0xC7, 0x0E, 0x1C, 0x38, 0x70, 0xE1, 0xC3, 0x87,
  0x0E, 0x1C, 0x7C, 0xDF, 0x7C, 0x80, 0xF9, 0xC7, 0x1C, 0x71, 0xC7, 0x1C,
  0x71, 0xC7, 0x1C, 0xF8, 0xFF, 0x87, 0x1C, 0x70, 0xE7, 0x07, 0x70, 0x77,
  0x07, 0xFC, 0x77, 0x07, 0x70, 0x77, 0x06, 0x70, 0xE7, 0x1C, 0xFF, 0x00,
  0x0E, 0xC0, 0x7C, 0x02, 0x40, 0x00, 0x0F, 0x0F, 0xBC, 0x11, 0x60, 0x8B,
  0x84, 0x4E, 0x22, 0x71, 0x11, 0xC8, 0x87, 0x44, 0x3A, 0x20, 0xF1, 0x03,
  0x88, 0x1C, 0xF0, 0x60, 0x08, 0x03, 0x00, 0x70, 0x02, 0x00, 0x00, 0x3F,
  0x1C, 0x73, 0x07, 0xE0, 0xFC, 0x1F, 0x03, 0xE0, 0x7C, 0x0F, 0xC1, 0xF8,
  0x3F, 0x06, 0x71, 0x87, 0xE0, 0x02, 0x00, 0x60, 0x18, 0x02, 0x00, 0x00,
  0x3F, 0x1C, 0x73, 0x07, 0xE0, 0xFC, 0x1F, 0x03, 0xE0, 0x7C, 0x0F, 0xC1,
  0xF8, 0x3F, 0x06, 0x71, 0x87, 0xE0, 0x0E, 0x03, 0x60, 0xC6, 0x00, 0x01,
  0xF8, 0xE3, 0x98, 0x3F, 0x07, 0xE0, 0xF8, 0x1F, 0x03, 0xE0, 0x7E, 0x0F,
  0xC1, 0xF8, 0x33, 0x8C, 0x3F, 0x00, 0x1D, 0x83, 0xE0, 0x48, 0x00, 0x01,
  0xF8, 0xE3, 0x98, 0x3F, 0x07, 0xE0, 0xF8, 0x1F, 0x03, 0xE0, 0x7E, 0x0F,
  0xC1, 0xF8, 0x33, 0x8C, 0x3F, 0x00, 0x1B, 0x83, 0x70, 0x64, 0x00, 0x01,
  0xF8, 0xE3, 0x98, 0x3F, 0x07, 0xE0, 0xF8, 0x1F, 0x03, 0xE0, 0x7E, 0x0F,
  0xC1, 0xF8, 0x33, 0x8C, 0x3F, 0x00, 0x42, 0xC7, 0x66, 0x3C, 0x18, 0x3C,
  0xE6, 0xC3, 0x42, 0x00, 0x80, 0x10, 0x7E, 0x38, 0xE6, 0x1F, 0xC5, 0xF8,
  0xBE, 0x27, 0xC4, 0xF8, 0x9F, 0xA3, 0xF4, 0x7F, 0x0C, 0xE3, 0x0F, 0xC1,
  0x00, 0x20, 0x00, 0x04, 0x00, 0x60, 0x03, 0x80, 0x04, 0x00, 0x00, 0x7E,
  0x7D, 0xC0, 0xCE, 0x06, 0x70, 0x33, 0x81, 0x9C, 0x0C, 0xE0, 0x67, 0x03,
  0x18, 0x18, 0xC0, 0xC7, 0x04, 0x18, 0x60, 0x7C, 0x00, 0x01, 0x00, 0x0C,
  0x00, 0xC0, 0x04, 0x00, 0x00, 0x7E, 0x7D, 0xC0, 0xCE, 0x06, 0x70, 0x33,
  0x81, 0x9C, 0x0C, 0xE0, 0x67, 0x03, 0x18, 0x18, 0xC0, 0xC7, 0x04, 0x18,
  0x60, 0x7C, 0x00, 0x07, 0x00, 0x6C, 0x06, 0x30, 0x00, 0x0F, 0xCF, 0xB8,
  0x19, 0xC0, 0xCE, 0x06, 0x70, 0x33, 0x81, 0x9C, 0x0C, 0xE0, 0x63, 0x03,
  0x18, 0x18, 0xE0, 0x83, 0x0C, 0x0F, 0x80, 0x0D, 0xC0, 0x6E, 0x03, 0x20,
  0x00, 0x0F, 0xCF, 0xB8, 0x19, 0xC0, 0xCE, 0x06, 0x70, 0x33, 0x81, 0x9C,
  0x0C, 0xE0, 0x63, 0x03, 0x18, 0x18, 0xE0, 0x83, 0x0C, 0x0F, 0x80, 0x02,
  0x00, 0x30, 0x06, 0x00, 0x40, 0x00, 0x0F, 0x9F, 0x70, 0x67, 0x0C, 0x38,
  0x83, 0x98, 0x1D, 0x00, 0xF0, 0x0E, 0x00, 0xE0, 0x0E, 0x00, 0xE0, 0x0E,
  0x03, 0xF8, 0xF8, 0x1C, 0x07, 0x01, 0xFE, 0x71, 0xDC, 0x77, 0x0D, 0xC7,
  0x71, 0xDF, 0xE7, 0x01, 0xC0, 0xFC, 0x00, 0x0F, 0x03, 0x38, 0xC7, 0x38,
  0xE7, 0x18, 0xE6, 0x1C, 0xC3, 0x9C, 0x73, 0xCE, 0x3D, 0xC3, 0xB8, 0x77,
  0x0F, 0xEF, 0x80, 0x10, 0x18, 0x0E, 0x03, 0x80, 0x40, 0x00, 0xF8, 0xFE,
  0x03, 0x01, 0xC7, 0xEE, 0x7E, 0x3F, 0x1D, 0xDE, 0xFF, 0x02, 0x01, 0x81,
  0x81, 0x80, 0x80, 0x00, 0xF8, 0xFE, 0x03, 0x01, 0xC7, 0xEE, 0x7E, 0x3F,
  0x1D, 0xDE, 0xFF, 0x0C, 0x0F, 0x0C, 0xC4, 0x20, 0x01, 0xF1, 0xFC, 0x06,
  0x03, 0x8F, 0xDC, 0xFC, 0x7E, 0x3B, 0xBD, 0xFE, 0x19, 0x9F, 0x84, 0xC0,
  0x03, 0xE3, 0xF8, 0x0C, 0x07, 0x1F, 0xB9, 0xF8, 0xFC, 0x77, 0x7B, 0xFC,
  0x77, 0x3B, 0x88, 0x80, 0x03, 0xE3, 0xF8, 0x0C, 0x07, 0x1F, 0xB9, 0xF8,
  0xFC, 0x77, 0x7B, 0xFC, 0x0E, 0x09, 0x04, 0xC2, 0x40, 0xC0, 0x00, 0xF8,
  0xFE, 0x03, 0x01, 0xC7, 0xEE, 0x7E, 0x3F, 0x1D, 0xDE, 0xFF, 0x3E, 0x79,
  0xFE, 0x30, 0x38, 0xC0, 0xE3, 0x1F, 0xFD, 0xCE, 0x0E, 0x38, 0x38, 0xE0,
  0x77, 0xCD, 0xF3, 0xE0, 0x3E, 0x66, 0xC2, 0xC2, 0xC0, 0xC0, 0xC0, 0xE0,
  0xF3, 0x7E, 0x08, 0x0C, 0x0C, 0x3C, 0x20, 0x60, 0x70, 0x38, 0x08, 0x00,
  0x3C, 0x66, 0xC7, 0xC3, 0xFF, 0xC0, 0xC0, 0xE0, 0xF3, 0x7E, 0x04, 0x06,
  0x0C, 0x18, 0x10, 0x00, 0x3C, 0x66, 0xC7, 0xC3, 0xFF, 0xC0, 0xC0, 0xE0,
  0xF3, 0x7E, 0x18, 0x3C, 0x66, 0x42, 0x00, 0x3C, 0x66, 0xC7, 0xC3, 0xFF,
  0xC0, 0xC0, 0xE0, 0xF3, 0x7E, 0x77, 0x77, 0x22, 0x00, 0x3C, 0x66, 0xC7,
  0xC3, 0xFF, 0xC0, 0xC0, 0xE0, 0xF3, 0x7E, 0x43, 0x0E, 0x1C, 0x10, 0x07,
  0x1C, 0x30, 0xC3, 0x0C, 0x30, 0xC3, 0x1F, 0x10, 0xCC, 0xC4, 0x03, 0x9C,
  0x63, 0x18, 0xC6, 0x31, 0x9F, 0x31, 0xEC, 0xE1, 0x01, 0xC7, 0x0C, 0x30,
  0xC3, 0x0C, 0x30, 0xC7, 0xC0, 0xEF, 0xDD, 0x10, 0x07, 0x0E, 0x0C, 0x18,
  0x30, 0x60, 0xC1, 0x83, 0x0F, 0x80, 0x88, 0x7C, 0x0E, 0x0D, 0x80, 0x60,
  0x38, 0xFC, 0xC7, 0xE3, 0xE1, 0xF0, 0xF8, 0x7C, 0x3F, 0x1B, 0x9C, 0x7C,
  0x19, 0x87, 0xE0, 0x4C, 0x00, 0x0E, 0xF9, 0xFF, 0x18, 0x63, 0x0E, 0x61,
  0xCC, 0x39, 0x87, 0x30, 0xE6, 0x1D, 0xE7, 0xC0, 0x10, 0x18, 0x0E, 0x03,
  0x80, 0x40, 0x00, 0xF8, 0xCE, 0xE3, 0xE1, 0xF0, 0xF8, 0x7C, 0x3F, 0x1F,
  0x8C, 0x7C, 0x04, 0x03, 0x03, 0x03, 0x01, 0x00, 0x00, 0xF8, 0xCE, 0xE3,
  0xE1, 0xF0, 0xF8, 0x7C, 0x3F, 0x1F, 0x8C, 0x7C, 0x18, 0x1E, 0x19, 0x88,
  0x40, 0x01, 0xF1, 0x9D, 0xC7, 0xC3, 0xE1, 0xF0, 0xF8, 0x7E, 0x3F, 0x18,
  0xF8, 0x33, 0x3F, 0x09, 0x80, 0x03, 0xE3, 0x3B, 0x8F, 0x87, 0xC3, 0xE1,
  0xF0, 0xFC, 0x7E, 0x31, 0xF0, 0x77, 0x3B, 0x88, 0x80, 0x03, 0xE3, 0x3B,
  0x8F, 0x87, 0xC3, 0xE1, 0xF0, 0xFC, 0x7E, 0x31, 0xF0, 0x18, 0x18, 0x18,
  0x00, 0x00, 0xFF, 0x00, 0x00, 0x18, 0x38, 0x03, 0x1F, 0x19, 0xDC, 0xFC,
  0x7E, 0x5F, 0x2F, 0xA7, 0xF3, 0xF1, 0x8F, 0x88, 0x00, 0x08, 0x03, 0x00,
  0x70, 0x07, 0x00, 0x20, 0x00, 0x3C, 0xF3, 0x8E, 0x71, 0xCE, 0x39, 0xC7,
  0x38, 0xE7, 0x1C, 0xE3, 0x8C, 0xF1, 0xF7, 0x01, 0x00, 0x30, 0x0C, 0x03,
  0x00, 0x40, 0x00, 0x3C, 0xF3, 0x8E, 0x71, 0xCE, 0x39, 0xC7, 0x38, 0xE7,
  0x1C, 0xE3, 0x8C, 0xF1, 0xF7, 0x0C, 0x03, 0xC0, 0xCC, 0x10, 0x80, 0x01,
  0xE7, 0x9C, 0x73, 0x8E, 0x71, 0xCE, 0x39, 0xC7, 0x38, 0xE7, 0x1C, 0x67,
  0x8F, 0xB8, 0x3B, 0x87, 0x70, 0x44, 0x00, 0x0F, 0x3C, 0xE3, 0x9C, 0x73,
  0x8E, 0x71, 0xCE, 0x39, 0xC7, 0x38, 0xE3, 0x3C, 0x7D, 0xC0, 0x02, 0x00,
  0xC0, 0x60, 0x30, 0x08, 0x00, 0x0F, 0x9D, 0xC3, 0x71, 0x8C, 0x63, 0x98,
  0xE4, 0x1B, 0x07, 0xC0, 0xE0, 0x38, 0x04, 0x03, 0x05, 0xC0, 0xE0, 0xF0,
  0x1C, 0x07, 0x01, 0xC0, 0x77, 0x1F, 0xE7, 0x1D, 0xC7, 0x70, 0xDC, 0x37,
  0x1D, 0xC7, 0x71, 0x9F, 0xC7, 0x01, 0xC0, 0x70, 0x3F, 0x00, 0x3B, 0x8E,
  0xE1, 0x10, 0x00, 0xF9, 0xDC, 0x37, 0x18, 0xC6, 0x39, 0x8E, 0x41, 0xB0,
  0x7C, 0x0E, 0x03, 0x80, 0x40, 0x30, 0x5C, 0x0E, 0x00 };

const GFXglyph Merriweather_Bold9pt8bGlyphs[] PROGMEM = {
  {     0,   1,   1,   4,    0,    0 },   // 0x20 ' '
  {     1,   3,  16,   5,    1,  -15 },   // 0x21 '!'
  {     7,   8,   7,   9,    1,  -14 },   // 0x22 '"'
  {    14,  11,  14,  13,    1,  -13 },   // 0x23 '#'
  {    34,   8,  17,  12,    2,  -14 },   // 0x24 '$'
  {    51,  17,  13,  19,    1,  -12 },   // 0x25 '%'
  {    79,  12,  13,  13,    1,  -12 },   // 0x26 '&'
  {    99,   4,   7,   6,    1,  -14 },   // 0x27 '''
  {   103,   6,  18,   8,    1,  -14 },   // 0x28 '('
  {   117,   6,  18,   8,    1,  -14 },   // 0x29 ')'
  {   131,   9,  10,  12,    1,  -14 },   // 0x2A '*'
  {   143,   8,   9,  12,    2,   -9 },   // 0x2B '+'
  {   152,   3,   7,   5,    1,   -2 },   // 0x2C ','
  {   155,   7,   2,  10,    2,   -6 },   // 0x2D '-'
  {   157,   3,   3,   5,    1,   -2 },   // 0x2E '.'
  {   159,   6,  17,   7,    1,  -13 },   // 0x2F '/'
  {   172,  10,  13,  12,    1,  -12 },   // 0x30 '0'
  {   189,   7,  13,   8,    1,  -12 },   // 0x31 '1'
  {   201,  10,  13,  10,    0,  -12 },   // 0x32 '2'
  {   218,   8,  13,  10,    1,  -12 },   // 0x33 '3'
  {   231,  11,  13,  11,    0,  -12 },   // 0x34 '4'
  {   249,   8,  13,  10,    1,  -12 },   // 0x35 '5'
  {   262,   9,  14,  11,    1,  -13 },   // 0x36 '6'
  {   278,   9,  13,  11,    1,  -12 },   // 0x37 '7'
  {   293,   9,  13,  11,    1,  -12 },   // 0x38 '8'
  {   308,   9,  14,  11,    1,  -12 },   // 0x39 '9'
  {   324,   3,  10,   5,    1,   -9 },   // 0x3A ':'
  {   328,   3,  14,   5,    1,   -9 },   // 0x3B ';'
  {   334,   9,  10,  12,    1,   -9 },   // 0x3C '<'
  {   346,   8,   7,  12,    2,   -8 },   // 0x3D '='
  {   353,   8,  10,  12,    2,   -9 },   // 0x3E '>'
  {   363,   7,  16,   9,    1,  -15 },   // 0x3F '?'
  {   377,  17,  19,  19,    1,  -13 },   // 0x40 '@'
  {   418,  13,  13,  12,    0,  -12 },   // 0x41 'A'
  {   440,  11,  13,  12,    1,  -12 },   // 0x42 'B'
  {   458,  11,  13,  12,    0,  -12 },   // 0x43 'C'
  {   476,  12,  13,  13,    1,  -12 },   // 0x44 'D'
  {   496,  10,  13,  12,    1,  -12 },   // 0x45 'E'
  {   513,  10,  13,  11,    1,  -12 },   // 0x46 'F'
  {   530,  13,  13,  13,    0,  -12 },   // 0x47 'G'
  {   552,  13,  13,  15,    1,  -12 },   // 0x48 'H'
  {   574,   5,  13,   7,    1,  -12 },   // 0x49 'I'
  {   583,   6,  16,   7,    0,  -12 },   // 0x4A 'J'
  {   595,  12,  13,  13,    1,  -12 },   // 0x4B 'K'
  {   615,  10,  13,  11,    1,  -12 },   // 0x4C 'L'
  {   632,  18,  13,  18,    0,  -12 },   // 0x4D 'M'
  {   662,  13,  13,  14,    1,  -12 },   // 0x4E 'N'
  {   684,  11,  13,  13,    1,  -12 },   // 0x4F 'O'
  {   702,  10,  13,  12,    1,  -12 },   // 0x50 'P'
  {   719,  13,  16,  13,    1,  -12 },   // 0x51 'Q'
  {   745,  12,  13,  13,    1,  -12 },   // 0x52 'R'
  {   765,   9,  13,  11,    1,  -12 },   // 0x53 'S'
  {   780,  12,  13,  13,    0,  -12 },   // 0x54 'T'
  {   800,  13,  13,  13,    0,  -12 },   // 0x55 'U'
  {   822,  12,  13,  12,    0,  -12 },   // 0x56 'V'
  {   842,  18,  13,  18,    0,  -12 },   // 0x57 'W'
  {   872,  13,  13,  13,    0,  -12 },   // 0x58 'X'
  {   894,  12,  13,  11,    0,  -12 },   // 0x59 'Y'
  {   914,  11,  13,  11,    0,  -12 },   // 0x5A 'Z'
  {   932,   4,  16,   8,    2,  -13 },   // 0x5B '['
  {   940,   7,  17,   8,    0,  -13 },   // 0x5C '\'
  {   955,   4,  16,   8,    2,  -13 },   // 0x5D ']'
  {   963,   9,  11,  12,    1,  -12 },   // 0x5E '^'
  {   976,   9,   1,   9,    0,    2 },   // 0x5F '_'
  {   978,   4,   5,   8,    2,  -15 },   // 0x60 '`'
  {   981,   9,  10,  10,    0,   -9 },   // 0x61 'a'
  {   993,  10,  14,  11,    0,  -13 },   // 0x62 'b'
  {  1011,   8,  10,   9,    1,   -9 },   // 0x63 'c'
  {  1021,   9,  14,  11,    1,  -13 },   // 0x64 'd'
  {  1037,   8,  10,  10,    1,   -9 },   // 0x65 'e'
  {  1047,   7,  15,   7,    1,  -14 },   // 0x66 'f'
  {  1061,  11,  15,  11,    0,   -9 },   // 0x67 'g'
  {  1082,  11,  14,  12,    0,  -13 },   // 0x68 'h'
  {  1102,   5,  14,   6,    1,  -13 },   // 0x69 'i'
  {  1111,   5,  18,   6,    0,  -13 },   // 0x6A 'j'
  {  1123,  11,  14,  11,    0,  -13 },   // 0x6B 'k'
  {  1143,   5,  14,   6,    0,  -13 },   // 0x6C 'l'
  {  1152,  16,  10,  18,    1,   -9 },   // 0x6D 'm'
  {  1172,  11,  10,  12,    1,   -9 },   // 0x6E 'n'
  {  1186,   9,  10,  11,    1,   -9 },   // 0x6F 'o'
  {  1198,  10,  14,  11,    1,   -9 },   // 0x70 'p'
  {  1216,  10,  14,  11,    1,   -9 },   // 0x71 'q'
  {  1234,   7,  10,   8,    1,   -9 },   // 0x72 'r'
  {  1243,   7,  10,   9,    1,   -9 },   // 0x73 's'
  {  1252,   7,  12,   7,    0,  -11 },   // 0x74 't'
  {  1263,  11,  10,  11,    0,   -9 },   // 0x75 'u'
  {  1277,  10,  10,  10,    0,   -9 },   // 0x76 'v'
  {  1290,  15,  10,  15,    0,   -9 },   // 0x77 'w'
  {  1309,  11,  10,  11,    0,   -9 },   // 0x78 'x'
  {  1323,  10,  14,  10,    0,   -9 },   // 0x79 'y'
  {  1341,   9,  10,  10,    0,   -9 },   // 0x7A 'z'
  {  1353,   7,  16,   9,    1,  -13 },   // 0x7B '{'
  {  1367,   2,  17,   7,    3,  -14 },   // 0x7C '|'
  {  1372,   7,  16,   9,    1,  -13 },   // 0x7D '}'
  {  1386,   8,   3,  12,    2,   -6 },   // 0x7E '~'
  {  1389,  12,  12,  15,    2,  -11 },   // 0x7F
  {  1407,  12,  12,  15,    2,  -11 },   // 0x80
  {  1425,  12,  12,  15,    2,  -11 },   // 0x81
  {  1443,  12,  12,  15,    2,  -11 },   // 0x82
  {  1461,  12,  12,  15,    2,  -11 },   // 0x83
  {  1479,  12,  12,  15,    2,  -11 },   // 0x84
  {  1497,  12,  12,  15,    2,  -11 },   // 0x85
  {  1515,  12,  12,  15,    2,  -11 },   // 0x86
  {  1533,  12,  12,  15,    2,  -11 },   // 0x87
  {  1551,  12,  12,  15,    2,  -11 },   // 0x88
  {  1569,  12,  12,  15,    2,  -11 },   // 0x89
  {  1587,  12,  12,  15,    2,  -11 },   // 0x8A
  {  1605,  12,  12,  15,    2,  -11 },   // 0x8B
  {  1623,  12,  12,  15,    2,  -11 },   // 0x8C
  {  1641,  12,  12,  15,    2,  -11 },   // 0x8D
  {  1659,  12,  12,  15,    2,  -11 },   // 0x8E
  {  1677,  12,  12,  15,    2,  -11 },   // 0x8F
  {  1695,  12,  12,  15,    2,  -11 },   // 0x90
  {  1713,  12,  12,  15,    2,  -11 },   // 0x91
  {  1731,  12,  12,  15,    2,  -11 },   // 0x92
  {  1749,  12,  12,  15,    2,  -11 },   // 0x93
  {  1767,  12,  12,  15,    2,  -11 },   // 0x94
  {  1785,  12,  12,  15,    2,  -11 },   // 0x95
  {  1803,  12,  12,  15,    2,  -11 },   // 0x96
  {  1821,  12,  12,  15,    2,  -11 },   // 0x97
  {  1839,  12,  12,  15,    2,  -11 },   // 0x98
  {  1857,  12,  12,  15,    2,  -11 },   // 0x99
  {  1875,  12,  12,  15,    2,  -11 },   // 0x9A
  {  1893,  12,  12,  15,    2,  -11 },   // 0x9B
  {  1911,  12,  12,  15,    2,  -11 },   // 0x9C
  {  1929,  12,  12,  15,    2,  -11 },   // 0x9D
  {  1947,  12,  12,  15,    2,  -11 },   // 0x9E
  {  1965,  12,  12,  15,    2,  -11 },   // 0x9F
  {  1983,   1,   1,   4,    0,    0 },   // 0xA0
  {  1984,   3,  16,   5,    1,  -12 },   // 0xA1
  {  1990,   8,  14,  10,    1,  -11 },   // 0xA2
  {  2004,  12,  13,  14,    1,  -12 },   // 0xA3
  {  2024,  10,  11,  13,    2,  -11 },   // 0xA4
  {  2038,  12,  13,  14,    1,  -12 },   // 0xA5
  {  2058,   2,  17,   7,    3,  -14 },   // 0xA6
  {  2063,   9,  17,  12,    2,  -14 },   // 0xA7
  {  2083,   7,   3,  10,    1,  -13 },   // 0xA8
  {  2086,  15,  15,  18,    2,  -15 },   // 0xA9
  {  2115,   8,   8,   8,    0,  -13 },   // 0xAA
  {  2123,  10,   9,  12,    1,   -9 },   // 0xAB
  {  2135,   8,   5,  12,    2,   -5 },   // 0xAC
  {  2140,  12,  12,  15,    2,  -11 },   // 0xAD
  {  2158,  15,  15,  18,    2,  -15 },   // 0xAE
  {  2187,   5,   1,   9,    2,  -12 },   // 0xAF
  {  2188,   7,   6,   9,    1,  -13 },   // 0xB0
  {  2194,   8,  10,  11,    2,   -9 },   // 0xB1
  {  2204,   7,   8,   7,    0,  -14 },   // 0xB2
  {  2211,   7,   8,   7,    0,  -14 },   // 0xB3
  {  2218,   4,   5,   8,    2,  -15 },   // 0xB4
  {  2221,  11,  13,  11,    0,   -9 },   // 0xB5
  {  2239,  12,  15,  14,    1,  -14 },   // 0xB6
  {  2262,   3,   3,   3,    0,   -7 },   // 0xB7
  {  2264,   4,   4,   7,    1,    1 },   // 0xB8
  {  2266,   6,   9,   6,    0,  -15 },   // 0xB9
  {  2273,   8,   8,   9,    0,  -13 },   // 0xBA
  {  2281,  10,   9,  12,    1,   -9 },   // 0xBB
  {  2293,  16,  16,  16,    0,  -14 },   // 0xBC
  {  2325,  16,  16,  17,    0,  -14 },   // 0xBD
  {  2357,  17,  15,  17,    0,  -13 },   // 0xBE
  {  2389,   8,  16,   9,    0,  -12 },   // 0xBF
  {  2405,  13,  18,  12,    0,  -17 },   // 0xC0
  {  2435,  13,  18,  12,    0,  -17 },   // 0xC1
  {  2465,  13,  17,  12,    0,  -16 },   // 0xC2
  {  2493,  13,  17,  12,    0,  -16 },   // 0xC3
  {  2521,  13,  17,  12,    0,  -16 },   // 0xC4
  {  2549,  13,  19,  12,    0,  -18 },   // 0xC5
  {  2580,  18,  13,  17,   -1,  -12 },   // 0xC6
  {  2610,  11,  17,  12,    0,  -12 },   // 0xC7
  {  2634,  10,  18,  12,    1,  -17 },   // 0xC8
  {  2657,  10,  18,  12,    1,  -17 },   // 0xC9
  {  2680,  10,  17,  12,    1,  -16 },   // 0xCA
  {  2702,  10,  17,  12,    1,  -16 },   // 0xCB
  {  2724,   5,  18,   7,    1,  -17 },   // 0xCC
  {  2736,   5,  18,   7,    1,  -17 },   // 0xCD
  {  2748,   7,  17,   7,    0,  -16 },   // 0xCE
  {  2763,   6,  17,   7,    1,  -16 },   // 0xCF
  {  2776,  12,  13,  13,    1,  -12 },   // 0xD0
  {  2796,  13,  17,  14,    1,  -16 },   // 0xD1
  {  2824,  11,  18,  13,    1,  -17 },   // 0xD2
  {  2849,  11,  18,  13,    1,  -17 },   // 0xD3
  {  2874,  11,  17,  13,    1,  -16 },   // 0xD4
  {  2898,  11,  17,  13,    1,  -16 },   // 0xD5
  {  2922,  11,  17,  13,    1,  -16 },   // 0xD6
  {  2946,   8,   9,  12,    2,   -9 },   // 0xD7
  {  2955,  11,  17,  13,    1,  -14 },   // 0xD8
  {  2979,  13,  18,  13,    0,  -17 },   // 0xD9
  {  3009,  13,  18,  13,    0,  -17 },   // 0xDA
  {  3039,  13,  17,  13,    0,  -16 },   // 0xDB
  {  3067,  13,  17,  13,    0,  -16 },   // 0xDC
  {  3095,  12,  18,  11,    0,  -17 },   // 0xDD
  {  3122,  10,  13,  12,    1,  -12 },   // 0xDE
  {  3139,  11,  14,  11,    0,  -13 },   // 0xDF
  {  3159,   9,  16,  10,    0,  -15 },   // 0xE0
  {  3177,   9,  16,  10,    0,  -15 },   // 0xE1
  {  3195,   9,  15,  10,    0,  -14 },   // 0xE2
  {  3212,   9,  14,  10,    0,  -13 },   // 0xE3
  {  3228,   9,  14,  10,    0,  -13 },   // 0xE4
  {  3244,   9,  16,  10,    0,  -15 },   // 0xE5
  {  3262,  14,  10,  15,    0,   -9 },   // 0xE6
  {  3280,   8,  14,   9,    1,   -9 },   // 0xE7
  {  3294,   8,  16,  10,    1,  -15 },   // 0xE8
  {  3310,   8,  16,  10,    1,  -15 },   // 0xE9
  {  3326,   8,  15,  10,    1,  -14 },   // 0xEA
  {  3341,   8,  14,  10,    1,  -13 },   // 0xEB
  {  3355,   6,  16,   6,    0,  -15 },   // 0xEC
  {  3367,   5,  16,   6,    1,  -15 },   // 0xED
  {  3377,   6,  15,   6,    0,  -14 },   // 0xEE
  {  3389,   7,  14,   6,    0,  -13 },   // 0xEF
  {  3402,   9,  16,  10,    1,  -15 },   // 0xF0
  {  3420,  11,  14,  12,    1,  -13 },   // 0xF1
  {  3440,   9,  16,  11,    1,  -15 },   // 0xF2
  {  3458,   9,  16,  11,    1,  -15 },   // 0xF3
  {  3476,   9,  15,  11,    1,  -14 },   // 0xF4
  {  3493,   9,  14,  11,    1,  -13 },   // 0xF5
  {  3509,   9,  14,  11,    1,  -13 },   // 0xF6
  {  3525,   8,  10,  12,    2,  -10 },   // 0xF7
  {  3535,   9,  12,  11,    1,  -10 },   // 0xF8
  {  3549,  11,  16,  11,    0,  -15 },   // 0xF9
  {  3571,  11,  16,  11,    0,  -15 },   // 0xFA
  {  3593,  11,  15,  11,    0,  -14 },   // 0xFB
  {  3614,  11,  14,  11,    0,  -13 },   // 0xFC
  {  3634,  10,  20,  10,    0,  -15 },   // 0xFD
  {  3659,  10,  18,  11,    0,  -13 },   // 0xFE
  {  3682,  10,  18,  10,    0,  -13 } }; // 0xFF

const GFXfont Merriweather_Bold9pt8b PROGMEM = {
  (uint8_t  *)Merriweather_Bold9pt8bBitmaps,
  (GFXglyph *)Merriweather_Bold9pt8bGlyphs,
  0x20, 0xFF, 22 };

// Approx. 5280 bytes

const uint8_t Merriweather_Bold10pt8bBitmaps[] PROGMEM = {
  0x00, 0xEE, 0xEE, 0x66, 0x66, 0x66, 0x66, 0x00, 0x6F, 0xE0, 0xEF, 0xDF,
  0x36, 0x6C, 0xD1, 0x22, 0x00, 0x08, 0x40, 0x84, 0x08, 0xC0, 0x88, 0x7F,
  0xF7, 0xFF, 0x10, 0x81, 0x08, 0x10, 0x8F, 0xFE, 0xFF, 0xE3, 0x10, 0x21,
  0x02, 0x10, 0x21, 0x00, 0x08, 0x02, 0x01, 0xE1, 0xFE, 0xE1, 0xB8, 0x6E,
  0x03, 0xC0, 0x7C, 0x0F, 0x81, 0xF8, 0x1E, 0x03, 0xF0, 0x7C, 0x1B, 0x0E,
  0xFF, 0x02, 0x00, 0x80, 0x18, 0x08, 0x0F, 0xC3, 0x03, 0x98, 0x40, 0x63,
  0x98, 0x0C, 0x73, 0x01, 0x8E, 0xC0, 0x39, 0x98, 0xC3, 0x72, 0x7E, 0x38,
  0xCC, 0xE0, 0x13, 0x9C, 0x06, 0x61, 0x80, 0xCE, 0x30, 0x30, 0xCC, 0x06,
  0x1F, 0x81, 0x81, 0xC0, 0x0E, 0x00, 0xEE, 0x03, 0x18, 0x1C, 0x60, 0x71,
  0x80, 0xEE, 0x03, 0xF0, 0x07, 0x1F, 0x3E, 0x3B, 0xBC, 0xCC, 0x7B, 0x30,
  0xF8, 0xE1, 0xE3, 0xC7, 0xC3, 0xF7, 0x80, 0xFF, 0x6D, 0x20, 0x0C, 0x63,
  0x0C, 0x71, 0x8E, 0x38, 0xE3, 0x8E, 0x38, 0xE1, 0x86, 0x1C, 0x30, 0x60,
  0xC1, 0xE0, 0xE0, 0xC0, 0xC1, 0x83, 0x83, 0x06, 0x0C, 0x1C, 0x38, 0x60,
  0xC1, 0x87, 0x0C, 0x38, 0x63, 0x82, 0x00, 0x0E, 0x09, 0x89, 0x93, 0x7B,
  0xF0, 0xE0, 0x7F, 0x3D, 0x7B, 0x26, 0x06, 0x01, 0xC0, 0x0C, 0x06, 0x03,
  0x01, 0x0F, 0xFF, 0xFC, 0x20, 0x18, 0x0C, 0x00, 0x6E, 0xF6, 0x66, 0xC8,
  0xFF, 0xFF, 0x7F, 0x80, 0x0C, 0x30, 0xC6, 0x18, 0x61, 0x8C, 0x30, 0xC3,
  0x18, 0x61, 0x86, 0x30, 0xC3, 0x00, 0x0E, 0x07, 0x71, 0xC7, 0x30, 0xEE,
  0x0F, 0xC1, 0xF8, 0x3F, 0x07, 0xE0, 0xFC, 0x1F, 0x83, 0xF0, 0x67, 0x1C,
  0x63, 0x07, 0xC0, 0x08, 0x38, 0xF8, 0x98, 0x18, 0x18, 0x18, 0x18, 0x18,
  0x18, 0x18, 0x18, 0x18, 0x18, 0xFF, 0x0E, 0x07, 0xF3, 0x8F, 0x20, 0xE0,
  0x1C, 0x03, 0x80, 0x70, 0x1C, 0x03, 0x00, 0xE0, 0x38, 0x0E, 0x23, 0x86,
  0xFF, 0xFF, 0xF0, 0x3C, 0x7F, 0xA1, 0xC0, 0xE0, 0x70, 0x38, 0x78, 0x7C,
  0x07, 0x01, 0xC0, 0xE0, 0x70, 0x78, 0x7B, 0xF0, 0x04, 0x00, 0x70, 0x0F,
  0x00, 0xE0, 0x0E, 0x01, 0xC0, 0x1C, 0x03, 0x9C, 0x31, 0xC7, 0x1C, 0x61,
  0xFF, 0xFF, 0x01, 0xC0, 0x1C, 0x01, 0xC0, 0x7F, 0xBF, 0xDF, 0xEC, 0x06,
  0x06, 0x03, 0x7D, 0xFF, 0x03, 0x81, 0xC0, 0xE0, 0x70, 0x70, 0x7B, 0xF0,
  0x03, 0x03, 0x81, 0xC0, 0xE0, 0x70, 0x1C, 0x0E, 0xFB, 0xCF, 0xE1, 0xF8,
  0x7E, 0x1F, 0x87, 0x61, 0xDC, 0x63, 0xF0, 0xFF, 0xFF, 0xFC, 0x1F, 0x06,
  0xC1, 0x80, 0xE0, 0x30, 0x1C, 0x07, 0x01, 0x80, 0xE0, 0x38, 0x1C, 0x07,
  0x03, 0xC0, 0x0E, 0x0C, 0xE6, 0x19, 0x83, 0x61, 0x9C, 0x67, 0xF0, 0xFC,
  0x3F, 0x98, 0xFC, 0x1F, 0x07, 0xE1, 0xD8, 0x63, 0xF0, 0x1E, 0x1D, 0xC6,
  0x1B, 0x87, 0xE1, 0xF8, 0x7E, 0x1F, 0x87, 0x73, 0xCF, 0x70, 0x38, 0x0E,
  0x07, 0x03, 0x81, 0xC0, 0xC0, 0x7F, 0x80, 0x00, 0x7F, 0x80, 0x7F, 0x80,
  0x00, 0x7F, 0xB6, 0xF4, 0x00, 0x81, 0xC3, 0xC7, 0x8F, 0x06, 0x03, 0xC0,
  0x78, 0x0F, 0x01, 0xC0, 0x20, 0xFF, 0xFF, 0xC0, 0x00, 0x00, 0x07, 0xFF,
  0xFE, 0xC0, 0x3C, 0x03, 0xC0, 0x3C, 0x03, 0x80, 0xF0, 0xF0, 0xF0, 0xF0,
  0x30, 0x00, 0xF8, 0xFE, 0x0E, 0x07, 0x07, 0x07, 0x07, 0x0E, 0x1C, 0x30,
  0x70, 0x30, 0x30, 0x00, 0x00, 0x30, 0x78, 0x30, 0x00, 0xFC, 0x00, 0xE3,
  0xC0, 0xC0, 0x18, 0x60, 0x03, 0x10, 0x00, 0xCC, 0x3F, 0x16, 0x39, 0xC5,
  0x8C, 0x71, 0x66, 0x1C, 0x51, 0x86, 0x14, 0x63, 0x87, 0x18, 0xE2, 0xC6,
  0x79, 0x91, 0xF6, 0xC6, 0x39, 0xE1, 0x80, 0x00, 0x30, 0x00, 0x0E, 0x00,
  0x01, 0xE3, 0x80, 0x1F, 0x80, 0x07, 0x80, 0x1E, 0x00, 0x78, 0x03, 0x70,
  0x0D, 0xC0, 0x37, 0x01, 0x8E, 0x06, 0x38, 0x18, 0xE0, 0xC1, 0xC3, 0xFF,
  0x0C, 0x1C, 0x70, 0x79, 0x80, 0xEF, 0x8F, 0xC0, 0xFF, 0x0F, 0xFC, 0x70,
  0xE7, 0x0E, 0x70, 0xE7, 0x0E, 0x71, 0xC7, 0xFC, 0x70, 0xE7, 0x07, 0x70,
  0x77, 0x07, 0x70, 0x77, 0x0E, 0xFF, 0xC0, 0x03, 0xC1, 0xFF, 0x38, 0x77,
  0x03, 0x70, 0x37, 0x00, 0xF0, 0x0F, 0x00, 0xF0, 0x0F, 0x00, 0x70, 0x07,
  0x03, 0x38, 0x33, 0xC7, 0x0F, 0xE0, 0xFF, 0x07, 0xFF, 0x1C, 0x1C, 0xE0,
  0xF7, 0x03, 0xB8, 0x1D, 0xC0, 0xEE, 0x07, 0x70, 0x3B, 0x81, 0xDC, 0x0E,
  0xE0, 0x67, 0x07, 0x38, 0x73, 0xFE, 0x00, 0xFF, 0xCF, 0xFC, 0x70, 0x47,
  0x06, 0x70, 0x07, 0x18, 0x71, 0x87, 0xF8, 0x71, 0x87, 0x18, 0x70, 0x07,
  0x03, 0x70, 0x67, 0x06, 0xFF, 0xE0, 0xFF, 0xFF, 0xFD, 0xC1, 0xB8, 0x37,
  0x00, 0xE1, 0x1C, 0x63, 0xFC, 0x7F, 0x8E, 0x31, 0xC0, 0x38, 0x07, 0x00,
  0xE0, 0x3F, 0x80, 0x03, 0xE0, 0x7F, 0xE3, 0x83, 0x8E, 0x0E, 0x70, 0x19,
  0xC0, 0x07, 0x00, 0x3C, 0x00, 0x70, 0xFD, 0xC0, 0xE7, 0x03, 0x9E, 0x0E,
  0x38, 0x38, 0x70, 0xE0, 0xFF, 0x00, 0xFC, 0xFF, 0xF3, 0xF7, 0x03, 0x9C,
  0x0E, 0x70, 0x39, 0xC0, 0xE7, 0x03, 0x9F, 0xFE, 0x70, 0x39, 0xC0, 0xE7,
  0x03, 0x9C, 0x0E, 0x70, 0x39, 0xC0, 0xEF, 0xCF, 0xC0, 0xFF, 0xF7, 0x1C,
  0x71, 0xC7, 0x1C, 0x71, 0xC7, 0x1C, 0x71, 0xCF, 0xC0, 0x7E, 0xFC, 0xE1,
  0xC3, 0x87, 0x0E, 0x1C, 0x38, 0x70, 0xE1, 0xC3, 0x87, 0x0E, 0x1C, 0x71,
  0xC2, 0x00, 0xFC, 0xFB, 0xF3, 0xE7, 0x06, 0x1C, 0x30, 0x71, 0x81, 0xCC,
  0x07, 0x30, 0x1D, 0xE0, 0x7F, 0x81, 0xE7, 0x07, 0x1E, 0x1C, 0x38, 0x70,
  0xF1, 0xC1, 0xEF, 0xC3, 0xC0, 0xFC, 0x1F, 0x81, 0xC0, 0x38, 0x07, 0x00,
  0xE0, 0x1C, 0x03, 0x80, 0x70, 0x0E, 0x01, 0xC1, 0xB8, 0x37, 0x06, 0xE3,
  0xFF, 0xF8, 0x7E, 0x07, 0xE7, 0xF0, 0x7E, 0x1F, 0x0F, 0x81, 0xF0, 0xF8,
  0x13, 0x0B, 0x81, 0x39, 0x98, 0x13, 0x99, 0x83, 0x39, 0x98, 0x31, 0x91,
  0xC3, 0x1F, 0x1C, 0x31, 0xF1, 0xC3, 0x0E, 0x1C, 0x30, 0xE1, 0xC3, 0x0E,
  0x1C, 0xF8, 0x03, 0xF0, 0xF0, 0x7F, 0xE1, 0xF7, 0xC1, 0x9F, 0x06, 0x6E,
  0x19, 0xB8, 0x66, 0x71, 0x99, 0xE6, 0x63, 0x99, 0x87, 0x66, 0x1F, 0x98,
  0x3E, 0x60, 0x79, 0x81, 0xEF, 0x83, 0x80, 0x0F, 0x01, 0xEE, 0x1C, 0x38,
  0xC0, 0xEE, 0x07, 0x70, 0x3F, 0x81, 0xFC, 0x0F, 0xE0, 0x7F, 0x03, 0xF8,
  0x1D, 0xC0, 0xE7, 0x06, 0x3C, 0x60, 0x7E, 0x00, 0xFF, 0x0F, 0xFC, 0x70,
  0xE7, 0x0E, 0x70, 0x77, 0x06, 0x70, 0xE7, 0x0E, 0x71, 0xC7, 0xF0, 0x70,
  0x07, 0x00, 0x70, 0x07, 0x00, 0xFE, 0x00, 0x0F, 0x00, 0x7B, 0x81, 0xC3,
  0x83, 0x03, 0x8E, 0x07, 0x1C, 0x0F, 0x38, 0x1E, 0x70, 0x3C, 0xE0, 0x79,
  0xC0, 0xF3, 0x81, 0xC7, 0x03, 0x87, 0x06, 0x0F, 0x18, 0x07, 0xE0, 0x00,
  0x70, 0x00, 0x70, 0x00, 0x7C, 0x00, 0x20, 0xFF, 0x07, 0xFE, 0x1C, 0x38,
  0xE1, 0xC7, 0x0E, 0x38, 0x71, 0xC3, 0x8E, 0x78, 0x7F, 0x83, 0x8E, 0x1C,
  0x78, 0xE1, 0xC7, 0x0F, 0x38, 0x3B, 0xF1, 0xE0, 0x1F, 0x1E, 0xE6, 0x1B,
  0x86, 0xE0, 0x3C, 0x07, 0xC0, 0xFC, 0x1F, 0x80, 0xF0, 0x1F, 0x07, 0xC1,
  0xF8, 0x67, 0xF0, 0x7F, 0xF9, 0xFF, 0xE6, 0x31, 0x90, 0xC2, 0x43, 0x0F,
  0x0C, 0x30, 0x30, 0x00, 0xC0, 0x03, 0x00, 0x0C, 0x00, 0x30, 0x00, 0xC0,
  0x03, 0x00, 0x0C, 0x01, 0xFE, 0x00, 0xFC, 0x7F, 0xF1, 0xF3, 0x81, 0x8E,
  0x06, 0x38, 0x18, 0xE0, 0x63, 0x81, 0x8E, 0x06, 0x38, 0x18, 0xE0, 0x63,
  0x81, 0x8E, 0x06, 0x38, 0x30, 0x70, 0xC0, 0xFC, 0x00, 0xFC, 0x7F, 0xF1,
  0xF7, 0x03, 0x1C, 0x0C, 0x38, 0x30, 0xE1, 0x83, 0x86, 0x07, 0x18, 0x1C,
  0xC0, 0x33, 0x00, 0xE8, 0x03, 0xE0, 0x07, 0x80, 0x1C, 0x00, 0x70, 0x00,
  0xFD, 0xFC, 0xFF, 0xDF, 0xCF, 0x70, 0x70, 0x67, 0x07, 0x06, 0x38, 0x70,
  0x43, 0x87, 0x8C, 0x38, 0xF8, 0xC1, 0x8F, 0x88, 0x1C, 0x9C, 0x81, 0xC9,
  0xD8, 0x1D, 0x9D, 0x80, 0xD0, 0xD0, 0x0F, 0x0F, 0x00, 0xF0, 0xF0, 0x07,
  0x06, 0x00, 0xFE, 0x7F, 0xF9, 0xF3, 0x83, 0x07, 0x08, 0x1E, 0x40, 0x3B,
  0x00, 0x78, 0x01, 0xE0, 0x07, 0x80, 0x17, 0x00, 0x9E, 0x06, 0x38, 0x10,
  0x70, 0xC1, 0xEF, 0x8F, 0xC0, 0xF8, 0xFF, 0xC7, 0xDC, 0x0C, 0x70, 0xC3,
  0x84, 0x0E, 0x60, 0x72, 0x01, 0xF0, 0x0F, 0x00, 0x38, 0x01, 0xC0, 0x0E,
  0x00, 0x70, 0x03, 0x80, 0x7F, 0x00, 0x3F, 0xF7, 0xFF, 0x60, 0xE6, 0x1E,
  0x01, 0xC0, 0x38, 0x07, 0x80, 0x70, 0x0E, 0x01, 0xE0, 0x1C, 0x23, 0x83,
  0x78, 0x3F, 0x0F, 0x7F, 0xF0, 0x77, 0xF1, 0x8C, 0x63, 0x18, 0xC6, 0x31,
  0x8C, 0x63, 0x18, 0xC7, 0xDC, 0xE0, 0x60, 0x60, 0x60, 0x30, 0x30, 0x30,
  0x18, 0x18, 0x18, 0x18, 0x0C, 0x0C, 0x0C, 0x0C, 0x06, 0x06, 0x07, 0x77,
  0xCE, 0x73, 0x9C, 0xE7, 0x39, 0xCE, 0x73, 0x9C, 0xE7, 0x3F, 0xDC, 0x1C,
  0x0E, 0x07, 0x06, 0xC3, 0x61, 0xB1, 0x8C, 0xC6, 0x63, 0x31, 0xF0, 0x78,
  0x30, 0xFF, 0xC0, 0xC7, 0x1C, 0x71, 0x00, 0x3F, 0x0F, 0xF1, 0x06, 0x00,
  0xC0, 0x78, 0x7F, 0x1C, 0x67, 0x0C, 0xE1, 0x8E, 0x70, 0xF7, 0x80, 0xF0,
  0x0E, 0x01, 0xC0, 0x38, 0x07, 0x00, 0xEF, 0x1F, 0xF3, 0x87, 0x70, 0xEE,
  0x1D, 0xC3, 0xB8, 0x77, 0x0E, 0xE1, 0xDC, 0x71, 0xFC, 0x3F, 0x73, 0xE3,
  0xE3, 0xE0, 0xE0, 0xE0, 0xE0, 0xE0, 0x7F, 0x3E, 0x07, 0xC0, 0xF8, 0x07,
  0x00, 0xE0, 0x1C, 0x3F, 0x9C, 0x77, 0x0E, 0xE1, 0xDC, 0x3B, 0x87, 0x70,
  0xEE, 0x1D, 0xC3, 0x9C, 0xF1, 0xEF, 0x3E, 0x31, 0xB8, 0xFC, 0x7C, 0x3F,
  0xFF, 0x81, 0xC0, 0xE0, 0x3F, 0xCF, 0xC0, 0x1E, 0x7C, 0xC3, 0x87, 0x1F,
  0xBF, 0x38, 0x70, 0xE1, 0xC3, 0x87, 0x0E, 0x1C, 0x7E, 0x3F, 0xEC, 0x7F,
  0x8E, 0x71, 0xCE, 0x39, 0xC7, 0x1F, 0x83, 0x00, 0xE0, 0x0F, 0xF1, 0xFF,
  0x60, 0xFC, 0x0F, 0x81, 0xB8, 0x73, 0xF8, 0xF8, 0x03, 0xC0, 0x0E, 0x00,
  0x70, 0x03, 0x80, 0x1D, 0xE0, 0xFF, 0x87, 0x0C, 0x38, 0x61, 0xC3, 0x0E,
  0x18, 0x70, 0xC3, 0x86, 0x1C, 0x30, 0xE1, 0x8F, 0x9F, 0x73, 0x9C, 0x00,
  0x7B, 0xCE, 0x73, 0x9C, 0xE7, 0x39, 0xDF, 0x39, 0xCE, 0x00, 0x3D, 0xE7,
  0x39, 0xCE, 0x73, 0x9C, 0xE7, 0x39, 0xCD, 0xEC, 0x00, 0xF8, 0x03, 0xC0,
  0x0E, 0x00, 0x70, 0x03, 0x80, 0x1C, 0xF8, 0xE3, 0x87, 0x38, 0x39, 0x81,
  0xD8, 0x0D, 0xE0, 0x73, 0x83, 0x1C, 0x1C, 0x70, 0xE3, 0x8F, 0xBF, 0xF9,
  0xE3, 0x8E, 0x38, 0xE3, 0x8E, 0x38, 0xE3, 0x8E, 0x38, 0xE3, 0xBF, 0xE7,
  0xDF, 0x3F, 0xFF, 0xE7, 0x0C, 0x39, 0xC3, 0x8E, 0x70, 0xE3, 0x9C, 0x38,
  0xE7, 0x0E, 0x39, 0xC3, 0x8E, 0x70, 0xE3, 0x9C, 0x38, 0xEF, 0x9F, 0x7C,
  0xF7, 0xCF, 0xFC, 0x70, 0xE7, 0x0E, 0x70, 0xE7, 0x0E, 0x70, 0xE7, 0x0E,
  0x70, 0xE7, 0x0E, 0xF9, 0xF0, 0x3F, 0x1C, 0xEE, 0x1F, 0x87, 0xE1, 0xF8,
  0x7E, 0x1F, 0x87, 0xE1, 0x9C, 0xE3, 0xF0, 0xEF, 0x9F, 0x79, 0xC7, 0x38,
  0x77, 0x0E, 0xE1, 0xDC, 0x3B, 0x86, 0x71, 0xCE, 0x31, 0xFC, 0x38, 0x07,
  0x00, 0xE0, 0x3E, 0x07, 0xC0, 0x1F, 0xCE, 0x3B, 0x87, 0x70, 0xEE, 0x1D,
  0xC3, 0xB8, 0x77, 0x0E, 0xE1, 0xCE, 0x78, 0xF7, 0x00, 0xE0, 0x1C, 0x03,
  0x80, 0xF0, 0x3F, 0xE7, 0xEF, 0x7F, 0x70, 0x70, 0x70, 0x70, 0x70, 0x70,
  0x70, 0xFC, 0x7F, 0xE3, 0xE3, 0xE0, 0xF8, 0x7E, 0x1F, 0x07, 0xC3, 0xC7,
  0xFE, 0x10, 0x30, 0x30, 0xFE, 0xFE, 0x30, 0x30, 0x30, 0x30, 0x30, 0x30,
  0x30, 0x3F, 0x3E, 0xE3, 0xDC, 0x3B, 0x87, 0x70, 0xEE, 0x1D, 0xC3, 0xB8,
  0x73, 0x0E, 0x61, 0xCE, 0x78, 0xF7, 0x80, 0xF9, 0xF7, 0x0E, 0x70, 0xC3,
  0x8C, 0x39, 0x83, 0x98, 0x19, 0x81, 0xD0, 0x0F, 0x00, 0xE0, 0x0E, 0x00,
  0xF8, 0xC7, 0xB8, 0xF1, 0x9C, 0x78, 0xC6, 0x2C, 0x43, 0x16, 0x61, 0xDB,
  0xB0, 0xED, 0xD0, 0x34, 0x68, 0x1A, 0x34, 0x0F, 0x1E, 0x03, 0x06, 0x00,
  0xFC, 0xF7, 0x86, 0x38, 0xC1, 0xD8, 0x0F, 0x00, 0xF0, 0x0F, 0x01, 0xB8,
  0x31, 0xC6, 0x1E, 0xFB, 0xF0, 0xF9, 0xF7, 0x06, 0x70, 0xC3, 0x8C, 0x38,
  0xC3, 0x98, 0x1D, 0x81, 0xD8, 0x0D, 0x00, 0xF0, 0x0F, 0x00, 0x60, 0x06,
  0x00, 0xC0, 0x3C, 0x03, 0x80, 0x7F, 0xDC, 0x76, 0x38, 0x1E, 0x07, 0x03,
  0x81, 0xC0, 0xF1, 0x38, 0xFC, 0x37, 0xFC, 0x1F, 0x3F, 0x38, 0x38, 0x38,
  0x18, 0x18, 0x18, 0x38, 0xE0, 0x18, 0x18, 0x18, 0x18, 0x38, 0x38, 0x38,
  0x3F, 0x1E, 0xFF, 0xFF, 0xFF, 0xFF, 0xFC, 0x78, 0xFC, 0x0E, 0x0C, 0x0C,
  0x1C, 0x18, 0x18, 0x0C, 0x07, 0x1C, 0x18, 0x18, 0x1C, 0x0C, 0x0C, 0x0E,
  0xFC, 0x78, 0x00, 0xBE, 0xF7, 0xD0, 0x40, 0xFF, 0xFF, 0xFF, 0xFF, 0xFF,
  0xDF, 0x7E, 0x73, 0xF9, 0x3F, 0xE3, 0xFF, 0xBF, 0xF2, 0x7F, 0x39, 0xF3,
  0xE7, 0xDF, 0xFF, 0xFF, 0xFF, 0xFC, 0xFF, 0xFF, 0xFF, 0xFF, 0xFF, 0xDF,
  0x7E, 0x73, 0xF9, 0x3F, 0xE3, 0xFF, 0xBF, 0xF2, 0x7F, 0x39, 0xF3, 0xE7,
  0xDF, 0xFF, 0xFF, 0xFF, 0xFC, 0xFF, 0xFF, 0xFF, 0xFF, 0xFF, 0xDF, 0x7E,
  0x73, 0xF9, 0x3F, 0xE3, 0xFF, 0xBF, 0xF2, 0x7F, 0x39, 0xF3, 0xE7, 0xDF,
  0xFF, 0xFF, 0xFF, 0xFC, 0xFF, 0xFF, 0xFF, 0xFF, 0xFF, 0xDF, 0x7E, 0x73,
  0xF9, 0x3F, 0xE3, 0xFF, 0xBF, 0xF2, 0x7F, 0x39, 0xF3, 0xE7, 0xDF, 0xFF,
  0xFF, 0xFF, 0xFC, 0xFF, 0xFF, 0xFF, 0xFF, 0xFF, 0xDF, 0x7E, 0x73, 0xF9,
  0x3F, 0xE3, 0xFF, 0xBF, 0xF2, 0x7F, 0x39, 0xF3, 0xE7, 0xDF, 0xFF, 0xFF,
  0xFF, 0xFC, 0xFF, 0xFF, 0xFF, 0xFF, 0xFF, 0xDF, 0x7E, 0x73, 0xF9, 0x3F,
  0xE3, 0xFF, 0xBF, 0xF2, 0x7F, 0x39, 0xF3, 0xE7, 0xDF, 0xFF, 0xFF, 0xFF,
  0xFC, 0xFF, 0xFF, 0xFF, 0xFF, 0xFF, 0xDF, 0x7E, 0x73, 0xF9, 0x3F, 0xE3,
  0xFF, 0xBF, 0xF2, 0x7F, 0x39, 0xF3, 0xE7, 0xDF, 0xFF, 0xFF, 0xFF, 0xFC,
  0xFF, 0xFF, 0xFF, 0xFF, 0xFF, 0xDF, 0x7E, 0x73, 0xF9, 0x3F, 0xE3, 0xFF,
  0xBF, 0xF2, 0x7F, 0x39, 0xF3, 0xE7, 0xDF, 0xFF, 0xFF, 0xFF, 0xFC, 0xFF,
  0xFF, 0xFF, 0xFF, 0xFF, 0xDF, 0x7E, 0x73, 0xF9, 0x3F, 0xE3, 0xFF, 0xBF,
  0xF2, 0x7F, 0x39, 0xF3, 0xE7, 0xDF, 0xFF, 0xFF, 0xFF, 0xFC, 0xFF, 0xFF,
  0xFF, 0xFF, 0xFF, 0xDF, 0x7E, 0x73, 0xF9, 0x3F, 0xE3, 0xFF, 0xBF, 0xF2,
  0x7F, 0x39, 0xF3, 0xE7, 0xDF, 0xFF, 0xFF, 0xFF, 0xFC, 0xFF, 0xFF, 0xFF,
  0xFF, 0xFF, 0xDF, 0x7E, 0x73, 0xF9, 0x3F, 0xE3, 0xFF, 0xBF, 0xF2, 0x7F,
  0x39, 0xF3, 0xE7, 0xDF, 0xFF, 0xFF, 0xFF, 0xFC, 0xFF, 0xFF, 0xFF, 0xFF,
  0xFF, 0xDF, 0x7E, 0x73, 0xF9, 0x3F, 0xE3, 0xFF, 0xBF, 0xF2, 0x7F, 0x39,
  0xF3, 0xE7, 0xDF, 0xFF, 0xFF, 0xFF, 0xFC, 0xFF, 0xFF, 0xFF, 0xFF, 0xFF,
  0xDF, 0x7E, 0x73, 0xF9, 0x3F, 0xE3, 0xFF, 0xBF, 0xF2, 0x7F, 0x39, 0xF3,
  0xE7, 0xDF, 0xFF, 0xFF, 0xFF, 0xFC, 0xFF, 0xFF, 0xFF, 0xFF, 0xFF, 0xDF,
  0x7E, 0x73, 0xF9, 0x3F, 0xE3, 0xFF, 0xBF, 0xF2, 0x7F, 0x39, 0xF3, 0xE7,
  0xDF, 0xFF, 0xFF, 0xFF, 0xFC, 0xFF, 0xFF, 0xFF, 0xFF, 0xFF, 0xDF, 0x7E,
  0x73, 0xF9, 0x3F, 0xE3, 0xFF, 0xBF, 0xF2, 0x7F, 0x39, 0xF3, 0xE7, 0xDF,
  0xFF, 0xFF, 0xFF, 0xFC, 0xFF, 0xFF, 0xFF, 0xFF, 0xFF, 0xDF, 0x7E, 0x73,
  0xF9, 0x3F, 0xE3, 0xFF, 0xBF, 0xF2, 0x7F, 0x39, 0xF3, 0xE7, 0xDF, 0xFF,
  0xFF, 0xFF, 0xFC, 0xFF, 0xFF, 0xFF, 0xFF, 0xFF, 0xDF, 0x7E, 0x73, 0xF9,
  0x3F, 0xE3, 0xFF, 0xBF, 0xF2, 0x7F, 0x39, 0xF3, 0xE7, 0xDF, 0xFF, 0xFF,
  0xFF, 0xFC, 0xFF, 0xFF, 0xFF, 0xFF, 0xFF, 0xDF, 0x7E, 0x73, 0xF9, 0x3F,
  0xE3, 0xFF, 0xBF, 0xF2, 0x7F, 0x39, 0xF3, 0xE7, 0xDF, 0xFF, 0xFF, 0xFF,
  0xFC, 0xFF, 0xFF, 0xFF, 0xFF, 0xFF, 0xDF, 0x7E, 0x73, 0xF9, 0x3F, 0xE3,
  0xFF, 0xBF, 0xF2, 0x7F, 0x39, 0xF3, 0xE7, 0xDF, 0xFF, 0xFF, 0xFF, 0xFC,
  0xFF, 0xFF, 0xFF, 0xFF, 0xFF, 0xDF, 0x7E, 0x73, 0xF9, 0x3F, 0xE3, 0xFF,
  0xBF, 0xF2, 0x7F, 0x39, 0xF3, 0xE7, 0xDF, 0xFF, 0xFF, 0xFF, 0xFC, 0xFF,
  0xFF, 0xFF, 0xFF, 0xFF, 0xDF, 0x7E, 0x73, 0xF9, 0x3F, 0xE3, 0xFF, 0xBF,
  0xF2, 0x7F, 0x39, 0xF3, 0xE7, 0xDF, 0xFF, 0xFF, 0xFF, 0xFC, 0xFF, 0xFF,
  0xFF, 0xFF, 0xFF, 0xDF, 0x7E, 0x73, 0xF9, 0x3F, 0xE3, 0xFF, 0xBF, 0xF2,
  0x7F, 0x39, 0xF3, 0xE7, 0xDF, 0xFF, 0xFF, 0xFF, 0xFC, 0xFF, 0xFF, 0xFF,
  0xFF, 0xFF, 0xDF, 0x7E, 0x73, 0xF9, 0x3F, 0xE3, 0xFF, 0xBF, 0xF2, 0x7F,
  0x39, 0xF3, 0xE7, 0xDF, 0xFF, 0xFF, 0xFF, 0xFC, 0xFF, 0xFF, 0xFF, 0xFF,
  0xFF, 0xDF, 0x7E, 0x73, 0xF9, 0x3F, 0xE3, 0xFF, 0xBF, 0xF2, 0x7F, 0x39,
  0xF3, 0xE7, 0xDF, 0xFF, 0xFF, 0xFF, 0xFC, 0xFF, 0xFF, 0xFF, 0xFF, 0xFF,
  0xDF, 0x7E, 0x73, 0xF9, 0x3F, 0xE3, 0xFF, 0xBF, 0xF2, 0x7F, 0x39, 0xF3,
  0xE7, 0xDF, 0xFF, 0xFF, 0xFF, 0xFC, 0xFF, 0xFF, 0xFF, 0xFF, 0xFF, 0xDF,
  0x7E, 0x73, 0xF9, 0x3F, 0xE3, 0xFF, 0xBF, 0xF2, 0x7F, 0x39, 0xF3, 0xE7,
  0xDF, 0xFF, 0xFF, 0xFF, 0xFC, 0xFF, 0xFF, 0xFF, 0xFF, 0xFF, 0xDF, 0x7E,
  0x73, 0xF9, 0x3F, 0xE3, 0xFF, 0xBF, 0xF2, 0x7F, 0x39, 0xF3, 0xE7, 0xDF,
  0xFF, 0xFF, 0xFF, 0xFC, 0xFF, 0xFF, 0xFF, 0xFF, 0xFF, 0xDF, 0x7E, 0x73,
  0xF9, 0x3F, 0xE3, 0xFF, 0xBF, 0xF2, 0x7F, 0x39, 0xF3, 0xE7, 0xDF, 0xFF,
  0xFF, 0xFF, 0xFC, 0xFF, 0xFF, 0xFF, 0xFF, 0xFF, 0xDF, 0x7E, 0x73, 0xF9,
  0x3F, 0xE3, 0xFF, 0xBF, 0xF2, 0x7F, 0x39, 0xF3, 0xE7, 0xDF, 0xFF, 0xFF,
  0xFF, 0xFC, 0xFF, 0xFF, 0xFF, 0xFF, 0xFF, 0xDF, 0x7E, 0x73, 0xF9, 0x3F,
  0xE3, 0xFF, 0xBF, 0xF2, 0x7F, 0x39, 0xF3, 0xE7, 0xDF, 0xFF, 0xFF, 0xFF,
  0xFC, 0xFF, 0xFF, 0xFF, 0xFF, 0xFF, 0xDF, 0x7E, 0x73, 0xF9, 0x3F, 0xE3,
  0xFF, 0xBF, 0xF2, 0x7F, 0x39, 0xF3, 0xE7, 0xDF, 0xFF, 0xFF, 0xFF, 0xFC,
  0xFF, 0xFF, 0xFF, 0xFF, 0xFF, 0xDF, 0x7E, 0x73, 0xF9, 0x3F, 0xE3, 0xFF,
  0xBF, 0xF2, 0x7F, 0x39, 0xF3, 0xE7, 0xDF, 0xFF, 0xFF, 0xFF, 0xFC, 0xFF,
  0xFF, 0xFF, 0xFF, 0xFF, 0xDF, 0x7E, 0x73, 0xF9, 0x3F, 0xE3, 0xFF, 0xBF,
  0xF2, 0x7F, 0x39, 0xF3, 0xE7, 0xDF, 0xFF, 0xFF, 0xFF, 0xFC, 0x00, 0x6F,
  0xE0, 0x06, 0x66, 0x66, 0x66, 0x66, 0x66, 0xEF, 0x06, 0x03, 0x07, 0xE6,
  0x37, 0x1B, 0x0F, 0x81, 0xC0, 0xE0, 0x78, 0x1C, 0x0F, 0xF3, 0xF0, 0x60,
  0x30, 0x03, 0xC0, 0x7F, 0x87, 0x08, 0x38, 0x01, 0xC0, 0x0E, 0x01, 0xFC,
  0x0F, 0xE0, 0x1C, 0x00, 0xE0, 0x07, 0x0E, 0x30, 0x73, 0x83, 0xFF, 0x3B,
  0x1F, 0x80, 0xC0, 0x7D, 0xD9, 0xFE, 0x19, 0xC6, 0x1C, 0xC1, 0x98, 0x73,
  0x8C, 0x3F, 0x8F, 0xDB, 0x01, 0x80, 0xFC, 0x7F, 0xF1, 0xF3, 0x83, 0x0F,
  0x18, 0x1C, 0x60, 0x3B, 0x00, 0xE8, 0x1F, 0xFE, 0x03, 0x00, 0x0C, 0x07,
  0xFF, 0x9F, 0xFE, 0x03, 0x00, 0x0C, 0x01, 0xFE, 0x00, 0xFF, 0xFF, 0x03,
  0xFF, 0xFC, 0x3F, 0x18, 0xEE, 0x1B, 0x86, 0xF0, 0x1F, 0x0D, 0xF3, 0x1E,
  0xC1, 0xF8, 0x3F, 0x8D, 0xFE, 0x1F, 0x01, 0xEC, 0x1B, 0x06, 0xE3, 0x8F,
  0x80, 0x66, 0xE7, 0xE6, 0x03, 0xE0, 0x0C, 0x38, 0x30, 0x0C, 0x60, 0x06,
  0x43, 0xE3, 0xC6, 0x21, 0x8C, 0x21, 0x8C, 0x01, 0x8C, 0x01, 0x8C, 0x01,
  0x8E, 0x01, 0xC7, 0xE1, 0x43, 0xC2, 0x20, 0x06, 0x30, 0x0C, 0x0E, 0x38,
  0x03, 0xC0, 0x1C, 0x3F, 0x90, 0xC0, 0x63, 0xF3, 0x1B, 0x8D, 0xC6, 0x7F,
  0x80, 0x0C, 0x23, 0x0C, 0xE3, 0x39, 0xCE, 0x79, 0xCE, 0x1C, 0xE1, 0x8E,
  0x18, 0xE1, 0x8C, 0xFF, 0x80, 0xC0, 0x60, 0x30, 0x18, 0xFF, 0xFF, 0xFF,
  0xFF, 0xFF, 0xDF, 0x7E, 0x73, 0xF9, 0x3F, 0xE3, 0xFF, 0xBF, 0xF2, 0x7F,
  0x39, 0xF3, 0xE7, 0xDF, 0xFF, 0xFF, 0xFF, 0xFC, 0x03, 0xE0, 0x0C, 0x38,
  0x30, 0x0C, 0x60, 0x06, 0x4F, 0xE3, 0xC6, 0x31, 0x86, 0x31, 0x86, 0x31,
  0x87, 0xE1, 0x86, 0x61, 0x86, 0x61, 0xC6, 0x31, 0x4F, 0x3A, 0x20, 0x06,
  0x30, 0x0C, 0x0E, 0x38, 0x03, 0xC0, 0xFF, 0xF0, 0x38, 0xFF, 0x1E, 0x1C,
  0x6D, 0xCF, 0x00, 0x18, 0x0C, 0x06, 0x03, 0x0F, 0xFF, 0xFC, 0x60, 0x30,
  0x00, 0x7F, 0xFF, 0xE0, 0x7C, 0xCE, 0x06, 0x06, 0x0C, 0x18, 0x31, 0x6F,
  0xFE, 0xFD, 0x1C, 0x38, 0xE3, 0xC0, 0xC1, 0x87, 0x7C, 0x31, 0xDD, 0x88,
  0x00, 0xE3, 0xDC, 0x3B, 0x87, 0x70, 0xEE, 0x1D, 0xC3, 0xB8, 0x77, 0x0E,
  0xE1, 0xDF, 0x7B, 0xFF, 0xF0, 0x0E, 0x01, 0xC0, 0x38, 0x00, 0x3F, 0xFB,
  0xF3, 0x3F, 0x99, 0xFC, 0xCF, 0xE6, 0x7F, 0x31, 0xF9, 0x87, 0xCC, 0x0E,
  0x60, 0x73, 0x03, 0x98, 0x1C, 0xC0, 0xE6, 0x07, 0x30, 0x39, 0x87, 0xCF,
  0xFF, 0x80, 0x23, 0x3F, 0xE0, 0x7B, 0xE3, 0x8E, 0x38, 0xE3, 0x8E, 0x7C,
  0x18, 0x6E, 0xC7, 0xC3, 0xC3, 0xC3, 0xC3, 0xE6, 0x7E, 0xC3, 0x0C, 0x30,
  0xC7, 0x1C, 0x71, 0xCE, 0x38, 0xC6, 0x39, 0x8E, 0x61, 0x98, 0x60, 0x00,
  0x18, 0x1E, 0x04, 0x0F, 0x83, 0x00, 0xE0, 0x80, 0x38, 0x60, 0x0E, 0x10,
  0x03, 0x8C, 0x00, 0xE2, 0x1C, 0x39, 0x86, 0x1F, 0x43, 0x00, 0x30, 0xD8,
  0x08, 0x66, 0x06, 0x31, 0x81, 0x8F, 0xF0, 0xC0, 0x18, 0x30, 0x06, 0x18,
  0x00, 0x00, 0x00, 0x18, 0x1E, 0x04, 0x0F, 0x83, 0x00, 0xE0, 0x80, 0x38,
  0x60, 0x0E, 0x10, 0x03, 0x8C, 0x00, 0xE2, 0x7C, 0x39, 0xB3, 0x9F, 0x40,
  0x60, 0x30, 0x18, 0x08, 0x0C, 0x06, 0x06, 0x01, 0x83, 0x10, 0xC1, 0xBC,
  0x30, 0xFE, 0x18, 0x00, 0x00, 0x00, 0x0C, 0x1F, 0x81, 0x02, 0x38, 0x60,
  0x07, 0x08, 0x01, 0xC3, 0x00, 0x78, 0x40, 0x01, 0x98, 0x00, 0x32, 0x1C,
  0x0E, 0xC3, 0x0F, 0x90, 0xC0, 0x06, 0x1B, 0x00, 0x86, 0x60, 0x31, 0x8C,
  0x06, 0x3F, 0xC1, 0x80, 0x30, 0x30, 0x06, 0x0C, 0x00, 0x00, 0x08, 0x1C,
  0x1C, 0x00, 0x00, 0x08, 0x0C, 0x0C, 0x0C, 0x1C, 0x70, 0xE0, 0xC0, 0xC0,
  0xC0, 0xE0, 0xFB, 0x3F, 0x0C, 0x00, 0x38, 0x00, 0x30, 0x00, 0x00, 0x07,
  0x80, 0x1E, 0x00, 0x78, 0x03, 0x70, 0x0D, 0xC0, 0x37, 0x01, 0x8E, 0x06,
  0x38, 0x18, 0xE0, 0xC1, 0xC3, 0xFF, 0x0C, 0x1C, 0x70, 0x79, 0x80, 0xEF,
  0x8F, 0xC0, 0x01, 0xC0, 0x06, 0x00, 0x30, 0x00, 0x00, 0x07, 0x80, 0x1E,
  0x00, 0x78, 0x03, 0x70, 0x0D, 0xC0, 0x37, 0x01, 0x8E, 0x06, 0x38, 0x18,
  0xE0, 0xC1, 0xC3, 0xFF, 0x0C, 0x1C, 0x70, 0x79, 0x80, 0xEF, 0x8F, 0xC0,
  0x07, 0x00, 0x3E, 0x01, 0x8C, 0x00, 0x00, 0x07, 0x80, 0x1E, 0x00, 0x78,
  0x03, 0x70, 0x0D, 0xC0, 0x37, 0x01, 0x8E, 0x06, 0x38, 0x18, 0xE0, 0xC1,
  0xC3, 0xFF, 0x0C, 0x1C, 0x70, 0x79, 0x80, 0xEF, 0x8F, 0xC0, 0x06, 0x40,
  0x3D, 0x00, 0x9C, 0x00, 0x00, 0x07, 0x80, 0x1E, 0x00, 0x78, 0x03, 0x70,
  0x0D, 0xC0, 0x37, 0x01, 0x8E, 0x06, 0x38, 0x18, 0xE0, 0xC1, 0xC3, 0xFF,
  0x0C, 0x1C, 0x70, 0x79, 0x80, 0xEF, 0x8F, 0xC0, 0x0C, 0xC0, 0x3B, 0x80,
  0xCC, 0x00, 0x00, 0x07, 0x80, 0x1E, 0x00, 0x78, 0x03, 0x70, 0x0D, 0xC0,
  0x37, 0x01, 0x8E, 0x06, 0x38, 0x18, 0xE0, 0xC1, 0xC3, 0xFF, 0x0C, 0x1C,
  0x70, 0x79, 0x80, 0xEF, 0x8F, 0xC0, 0x03, 0x00, 0x1E, 0x00, 0xCC, 0x03,
  0x30, 0x07, 0x80, 0x00, 0x00, 0x78, 0x01, 0xE0, 0x07, 0x80, 0x37, 0x00,
  0xDC, 0x03, 0x70, 0x18, 0xE0, 0x63, 0x81, 0x8E, 0x0C, 0x1C, 0x3F, 0xF0,
  0xC1, 0xC7, 0x07, 0x98, 0x0E, 0xF8, 0xFC, 0x0F, 0xFF, 0xC0, 0xFF, 0xFE,
  0x03, 0x30, 0x60, 0x33, 0x06, 0x06, 0x30, 0x00, 0x63, 0x18, 0x06, 0x31,
  0x80, 0xC3, 0xF8, 0x0C, 0x31, 0x81, 0xFF, 0x18, 0x1F, 0xF0, 0x03, 0x83,
  0x03, 0x30, 0x30, 0x33, 0x03, 0x07, 0xF8, 0xFF, 0xE0, 0x03, 0xC1, 0xFF,
  0x38, 0x77, 0x03, 0x70, 0x37, 0x00, 0xF0, 0x0F, 0x00, 0xF0, 0x0F, 0x00,
  0x70, 0x07, 0x03, 0x38, 0x33, 0xC7, 0x0F, 0xE0, 0x10, 0x01, 0x80, 0x18,
  0x07, 0x80, 0x70, 0x18, 0x01, 0xC0, 0x06, 0x00, 0x00, 0xFF, 0xCF, 0xFC,
  0x70, 0x47, 0x06, 0x70, 0x07, 0x18, 0x71, 0x87, 0xF8, 0x71, 0x87, 0x18,
  0x70, 0x07, 0x03, 0x70, 0x67, 0x06, 0xFF, 0xE0, 0x03, 0x80, 0x30, 0x06,
  0x00, 0x00, 0xFF, 0xCF, 0xFC, 0x70, 0x47, 0x06, 0x70, 0x07, 0x18, 0x71,
  0x87, 0xF8, 0x71, 0x87, 0x18, 0x70, 0x07, 0x03, 0x70, 0x67, 0x06, 0xFF,
  0xE0, 0x0E, 0x01, 0xF0, 0x31, 0x80, 0x00, 0xFF, 0xCF, 0xFC, 0x70, 0x47,
  0x06, 0x70, 0x07, 0x18, 0x71, 0x87, 0xF8, 0x71, 0x87, 0x18, 0x70, 0x07,
  0x03, 0x70, 0x67, 0x06, 0xFF, 0xE0, 0x33, 0x03, 0xB8, 0x33, 0x00, 0x00,
  0xFF, 0xCF, 0xFC, 0x70, 0x47, 0x06, 0x70, 0x07, 0x18, 0x71, 0x87, 0xF8,
  0x71, 0x87, 0x18, 0x70, 0x07, 0x03, 0x70, 0x67, 0x06, 0xFF, 0xE0, 0xC3,
  0x83, 0x00, 0xFF, 0xF7, 0x1C, 0x71, 0xC7, 0x1C, 0x71, 0xC7, 0x1C, 0x71,
  0xCF, 0xC0, 0x1C, 0x63, 0x00, 0xFF, 0xF7, 0x1C, 0x71, 0xC7, 0x1C, 0x71,
  0xC7, 0x1C, 0x71, 0xCF, 0xC0, 0x38, 0xFB, 0x18, 0x07, 0xEF, 0xCE, 0x1C,
  0x38, 0x70, 0xE1, 0xC3, 0x87, 0x0E, 0x1C, 0x38, 0x71, 0xF8, 0xCD, 0xDF,
  0x30, 0x0F, 0xDF, 0x9C, 0x38, 0x70, 0xE1, 0xC3, 0x87, 0x0E, 0x1C, 0x38,
  0x70, 0xE3, 0xF0, 0xFF, 0x07, 0xFF, 0x1C, 0x1C, 0xE0, 0xF7, 0x03, 0xB8,
  0x1D, 0xC0, 0xFF, 0xC7, 0x70, 0x3B, 0x81, 0xDC, 0x0E, 0xE0, 0x67, 0x07,
  0x38, 0x73, 0xFE, 0x00, 0x06, 0x40, 0x3D, 0x00, 0x9C, 0x00, 0x00, 0xF0,
  0x7F, 0xE1, 0xF7, 0xC1, 0x9F, 0x06, 0x6E, 0x19, 0xB8, 0x66, 0x71, 0x99,
  0xE6, 0x63, 0x99, 0x87, 0x66, 0x1F, 0x98, 0x3E, 0x60, 0x79, 0x81, 0xEF,
  0x83, 0x80, 0x18, 0x00, 0xE0, 0x01, 0x80, 0x00, 0x00, 0xF0, 0x1E, 0xE1,
  0xC3, 0x8C, 0x0E, 0xE0, 0x77, 0x03, 0xF8, 0x1F, 0xC0, 0xFE, 0x07, 0xF0,
  0x3F, 0x81, 0xDC, 0x0E, 0x70, 0x63, 0xC6, 0x07, 0xE0, 0x03, 0x80, 0x18,
  0x01, 0x80, 0x00, 0x00, 0xF0, 0x1E, 0xE1, 0xC3, 0x8C, 0x0E, 0xE0, 0x77,
  0x03, 0xF8, 0x1F, 0xC0, 0xFE, 0x07, 0xF0, 0x3F, 0x81, 0xDC, 0x0E, 0x70,
  0x63, 0xC6, 0x07, 0xE0, 0x0E, 0x00, 0xF8, 0x0C, 0x60, 0x00, 0x00, 0xF0,
  0x1E, 0xE1, 0xC3, 0x8C, 0x0E, 0xE0, 0x77, 0x03, 0xF8, 0x1F, 0xC0, 0xFE,
  0x07, 0xF0, 0x3F, 0x81, 0xDC, 0x0E, 0x70, 0x63, 0xC6, 0x07, 0xE0, 0x0C,
  0x80, 0xF4, 0x04, 0xE0, 0x00, 0x00, 0xF0, 0x1E, 0xE1, 0xC3, 0x8C, 0x0E,
  0xE0, 0x77, 0x03, 0xF8, 0x1F, 0xC0, 0xFE, 0x07, 0xF0, 0x3F, 0x81, 0xDC,
  0x0E, 0x70, 0x63, 0xC6, 0x07, 0xE0, 0x19, 0x80, 0xEE, 0x06, 0x60, 0x00,
  0x00, 0xF0, 0x1E, 0xE1, 0xC3, 0x8C, 0x0E, 0xE0, 0x77, 0x03, 0xF8, 0x1F,
  0xC0, 0xFE, 0x07, 0xF0, 0x3F, 0x81, 0xDC, 0x0E, 0x70, 0x63, 0xC6, 0x07,
  0xE0, 0x41, 0x71, 0xDD, 0xC7, 0xC1, 0xC1, 0xF1, 0xDD, 0xC7, 0x41, 0x00,
  0x00, 0x40, 0x7A, 0x0F, 0x70, 0xE1, 0xC6, 0x17, 0x70, 0xBB, 0x85, 0xFC,
  0x4F, 0xE2, 0x7F, 0x23, 0xF9, 0x1F, 0xC8, 0xEE, 0x87, 0x3C, 0x31, 0xE3,
  0x03, 0xF0, 0x10, 0x01, 0x00, 0x00, 0x06, 0x00, 0x1C, 0x00, 0x18, 0x00,
  0x00, 0xFC, 0x7F, 0xF1, 0xF3, 0x81, 0x8E, 0x06, 0x38, 0x18, 0xE0, 0x63,
  0x81, 0x8E, 0x06, 0x38, 0x18, 0xE0, 0x63, 0x81, 0x8E, 0x06, 0x38, 0x30,
  0x70, 0xC0, 0xFC, 0x00, 0x00, 0xE0, 0x03, 0x00, 0x18, 0x00, 0x00, 0xFC,
  0x7F, 0xF1, 0xF3, 0x81, 0x8E, 0x06, 0x38, 0x18, 0xE0, 0x63, 0x81, 0x8E,
  0x06, 0x38, 0x18, 0xE0, 0x63, 0x81, 0x8E, 0x06, 0x38, 0x30, 0x70, 0xC0,
  0xFC, 0x00, 0x03, 0x80, 0x1F, 0x00, 0xC6, 0x00, 0x00, 0xFC, 0x7F, 0xF1,
  0xF3, 0x81, 0x8E, 0x06, 0x38, 0x18, 0xE0, 0x63, 0x81, 0x8E, 0x06, 0x38,
  0x18, 0xE0, 0x63, 0x81, 0x8E, 0x06, 0x38, 0x30, 0x70, 0xC0, 0xFC, 0x00,
  0x0C, 0xC0, 0x3B, 0x80, 0xCC, 0x00, 0x00, 0xFC, 0x7F, 0xF1, 0xF3, 0x81,
  0x8E, 0x06, 0x38, 0x18, 0xE0, 0x63, 0x81, 0x8E, 0x06, 0x38, 0x18, 0xE0,
  0x63, 0x81, 0x8E, 0x06, 0x38, 0x30, 0x70, 0xC0, 0xFC, 0x00, 0x01, 0xC0,
  0x0C, 0x00, 0xC0, 0x00, 0x0F, 0x8F, 0xFC, 0x7D, 0xC0, 0xC7, 0x0C, 0x38,
  0x40, 0xE6, 0x07, 0x20, 0x1F, 0x00, 0xF0, 0x03, 0x80, 0x1C, 0x00, 0xE0,
  0x07, 0x00, 0x38, 0x07, 0xF0, 0xFC, 0x0F, 0xC0, 0x70, 0x07, 0x10, 0x7F,
  0xC7, 0x0E, 0x70, 0xE7, 0x0F, 0x70, 0xE7, 0x0E, 0x71, 0xC7, 0xF8, 0x70,
  0x07, 0x00, 0xFC, 0x00, 0x0F, 0xC1, 0x8E, 0x38, 0xE3, 0x0E, 0x70, 0xC7,
  0x18, 0x73, 0x87, 0x3C, 0x71, 0xE7, 0x0E, 0x70, 0x77, 0x07, 0x70, 0x77,
  0x4F, 0xF3, 0xE0, 0x30, 0x07, 0x00, 0x70, 0x07, 0x00, 0x40, 0x00, 0x0F,
  0xC3, 0xFC, 0x41, 0x80, 0x30, 0x1E, 0x1F, 0xC7, 0x19, 0xC3, 0x38, 0x63,
  0x9C, 0x3D, 0xE0, 0x03, 0x00, 0x70, 0x1C, 0x06, 0x00, 0x80, 0x00, 0x0F,
  0xC3, 0xFC, 0x41, 0x80, 0x30, 0x1E, 0x1F, 0xC7, 0x19, 0xC3, 0x38, 0x63,
  0x9C, 0x3D, 0xE0, 0x0E, 0x01, 0xC0, 0x6C, 0x18, 0xC2, 0x08, 0x00, 0x0F,
  0xC3, 0xFC, 0x41, 0x80, 0x30, 0x1E, 0x1F, 0xC7, 0x19, 0xC3, 0x38, 0x63,
  0x9C, 0x3D, 0xE0, 0x1C, 0x86, 0xF0, 0x04, 0x00, 0x03, 0xF0, 0xFF, 0x10,
  0x60, 0x0C, 0x07, 0x87, 0xF1, 0xC6, 0x70, 0xCE, 0x18, 0xE7, 0x0F, 0x78,
  0x19, 0x87, 0x38, 0xE6, 0x00, 0x00, 0x00, 0x7E, 0x1F, 0xE2, 0x0C, 0x01,
  0x80, 0xF0, 0xFE, 0x38, 0xCE, 0x19, 0xC3, 0x1C, 0xE1, 0xEF, 0x06, 0x03,
  0xE0, 0x44, 0x08, 0x81, 0xF0, 0x00, 0x0F, 0xC3, 0xFC, 0x41, 0x80, 0x30,
  0x1E, 0x1F, 0xC7, 0x19, 0xC3, 0x38, 0x63, 0x9C, 0x3D, 0xE0, 0x3F, 0x7E,
  0x7F, 0xC6, 0x41, 0xC7, 0x01, 0xC7, 0x07, 0x87, 0x3F, 0xFF, 0x71, 0xC0,
  0xE1, 0xC0, 0xE1, 0xC0, 0x72, 0xFF, 0x3C, 0x7E, 0x3F, 0x73, 0xE3, 0xE3,
  0xE0, 0xE0, 0xE0, 0xE0, 0xE0, 0x7F, 0x3E, 0x08, 0x0C, 0x0C, 0x3C, 0x38,
  0x60, 0x38, 0x0E, 0x03, 0x80, 0x80, 0x00, 0xF8, 0xC6, 0xE3, 0xF1, 0xF0,
  0xFF, 0xFE, 0x07, 0x03, 0x80, 0xFF, 0x3F, 0x00, 0x03, 0x01, 0xC1, 0xC1,
  0x80, 0x80, 0x00, 0xF8, 0xC6, 0xE3, 0xF1, 0xF0, 0xFF, 0xFE, 0x07, 0x03,
  0x80, 0xFF, 0x3F, 0x00, 0x1C, 0x0E, 0x0D, 0x8C, 0x64, 0x10, 0x00, 0xF8,
  0xC6, 0xE3, 0xF1, 0xF0, 0xFF, 0xFE, 0x07, 0x03, 0x80, 0xFF, 0x3F, 0x00,
  0x33, 0x39, 0xDC, 0xC0, 0x00, 0x01, 0xF1, 0x8D, 0xC7, 0xE3, 0xE1, 0xFF,
  0xFC, 0x0E, 0x07, 0x01, 0xFE, 0x7E, 0xC3, 0x87, 0x0E, 0x10, 0x07, 0x9E,
  0x38, 0xE3, 0x8E, 0x38, 0xE3, 0x8E, 0x7C, 0x18, 0x73, 0x98, 0x40, 0x0F,
  0x3C, 0x71, 0xC7, 0x1C, 0x71, 0xC7, 0x1C, 0xF8, 0x38, 0x71, 0xB6, 0x38,
  0x20, 0x1E, 0x3C, 0x38, 0x70, 0xE1, 0xC3, 0x87, 0x0E, 0x1C, 0x7C, 0x66,
  0xE7, 0xE6, 0x00, 0x00, 0x78, 0x78, 0x38, 0x38, 0x38, 0x38, 0x38, 0x38,
  0x38, 0x38, 0x7C, 0x04, 0x1B, 0x03, 0x80, 0xF8, 0x27, 0x00, 0xC0, 0x38,
  0xFE, 0x71, 0xF8, 0x7E, 0x1F, 0x87, 0xE1, 0xF8, 0x7E, 0x1F, 0x86, 0x73,
  0x8F, 0x80, 0x1C, 0x83, 0x78, 0x01, 0x00, 0x00, 0xF7, 0xCF, 0xFC, 0x70,
  0xE7, 0x0E, 0x70, 0xE7, 0x0E, 0x70, 0xE7, 0x0E, 0x70, 0xE7, 0x0E, 0xF9,
  0xF0, 0x30, 0x0E, 0x01, 0xC0, 0x38, 0x04, 0x00, 0x03, 0xF1, 0xCE, 0xE1,
  0xF8, 0x7E, 0x1F, 0x87, 0xE1, 0xF8, 0x7E, 0x19, 0xCE, 0x3F, 0x00, 0x03,
  0x00, 0xE0, 0x70, 0x30, 0x08, 0x00, 0x03, 0xF1, 0xCE, 0xE1, 0xF8, 0x7E,
  0x1F, 0x87, 0xE1, 0xF8, 0x7E, 0x19, 0xCE, 0x3F, 0x00, 0x1C, 0x07, 0x03,
  0x61, 0x8C, 0x41, 0x00, 0x03, 0xF1, 0xCE, 0xE1, 0xF8, 0x7E, 0x1F, 0x87,
  0xE1, 0xF8, 0x7E, 0x19, 0xCE, 0x3F, 0x00, 0x39, 0x1B, 0xC0, 0x20, 0x00,
  0x3F, 0x1C, 0xEE, 0x1F, 0x87, 0xE1, 0xF8, 0x7E, 0x1F, 0x87, 0xE1, 0x9C,
  0xE3, 0xF0, 0x33, 0x1C, 0xE7, 0x30, 0x00, 0x00, 0x0F, 0xC7, 0x3B, 0x87,
  0xE1, 0xF8, 0x7E, 0x1F, 0x87, 0xE1, 0xF8, 0x67, 0x38, 0xFC, 0x0C, 0x0E,
  0x07, 0x00, 0x00, 0x07, 0xFF, 0xFE, 0x00, 0x08, 0x0E, 0x07, 0x00, 0x01,
  0x80, 0x43, 0xF1, 0xCE, 0xE3, 0xF9, 0x7E, 0x5F, 0xA7, 0xE9, 0xFC, 0x7F,
  0x19, 0xCE, 0x3F, 0x08, 0x04, 0x00, 0x30, 0x07, 0x00, 0x70, 0x07, 0x00,
  0x40, 0x00, 0x38, 0xF7, 0x0E, 0xE1, 0xDC, 0x3B, 0x87, 0x70, 0xEE, 0x1C,
  0xC3, 0x98, 0x73, 0x9E, 0x3D, 0xE0, 0x03, 0x00, 0x70, 0x1C, 0x06, 0x00,
  0x80, 0x00, 0x38, 0xF7, 0x0E, 0xE1, 0xDC, 0x3B, 0x87, 0x70, 0xEE, 0x1C,
  0xC3, 0x98, 0x73, 0x9E, 0x3D, 0xE0, 0x0E, 0x01, 0xC0, 0x6C, 0x18, 0xC2,
  0x08, 0x00, 0x38, 0xF7, 0x0E, 0xE1, 0xDC, 0x3B, 0x87, 0x70, 0xEE, 0x1C,
  0xC3, 0x98, 0x73, 0x9E, 0x3D, 0xE0, 0x33, 0x0E, 0x71, 0xCC, 0x00, 0x00,
  0x01, 0xC7, 0xB8, 0x77, 0x0E, 0xE1, 0xDC, 0x3B, 0x87, 0x70, 0xE6, 0x1C,
  0xC3, 0x9C, 0xF1, 0xEF, 0x01, 0x80, 0x1C, 0x03, 0x80, 0x60, 0x04, 0x00,
  0x00, 0xF9, 0xF7, 0x06, 0x70, 0xC3, 0x8C, 0x38, 0xC3, 0x98, 0x1D, 0x81,
  0xD8, 0x0D, 0x00, 0xF0, 0x0F, 0x00, 0x60, 0x06, 0x00, 0xC0, 0x3C, 0x03,
  0x80, 0xF0, 0x0E, 0x01, 0xC0, 0x38, 0x07, 0x00, 0xEF, 0x1F, 0xF3, 0x87,
  0x70, 0xEE, 0x1D, 0xC3, 0xB8, 0x77, 0x0E, 0xE1, 0xDC, 0x73, 0xFC, 0x70,
  0x0E, 0x01, 0xC0, 0x3C, 0x0F, 0xC0, 0x19, 0x83, 0x9C, 0x39, 0x80, 0x00,
  0x00, 0x0F, 0x9F, 0x70, 0x67, 0x0C, 0x38, 0xC3, 0x8C, 0x39, 0x81, 0xD8,
  0x1D, 0x80, 0xD0, 0x0F, 0x00, 0xF0, 0x06, 0x00, 0x60, 0x0C, 0x03, 0xC0,
  0x38, 0x00 };

const GFXglyph Merriweather_Bold10pt8bGlyphs[] PROGMEM = {
  {     0,   1,   1,   5,    0,    0 },   // 0x20 ' '
  {     1,   4,  17,   6,    1,  -16 },   // 0x21 '!'
  {    10,   7,   7,  10,    2,  -15 },   // 0x22 '"'
  {    17,  12,  15,  14,    1,  -14 },   // 0x23 '#'
  {    40,  10,  19,  13,    2,  -16 },   // 0x24 '$'
  {    64,  19,  15,  21,    1,  -14 },   // 0x25 '%'
  {   100,  14,  15,  15,    1,  -14 },   // 0x26 '&'
  {   127,   3,   7,   6,    2,  -15 },   // 0x27 '''
  {   130,   6,  20,   9,    1,  -15 },   // 0x28 '('
  {   145,   7,  20,   9,    1,  -15 },   // 0x29 ')'
  {   163,  11,  10,  13,    1,  -15 },   // 0x2A '*'
  {   177,   9,   9,  13,    2,  -10 },   // 0x2B '+'
  {   188,   4,   8,   5,    1,   -2 },   // 0x2C ','
  {   192,   8,   2,  11,    2,   -6 },   // 0x2D '-'
  {   194,   3,   3,   5,    1,   -2 },   // 0x2E '.'
  {   196,   6,  18,   8,    1,  -14 },   // 0x2F '/'
  {   210,  11,  15,  13,    1,  -14 },   // 0x30 '0'
  {   231,   8,  15,   9,    1,  -14 },   // 0x31 '1'
  {   246,  11,  15,  12,    0,  -14 },   // 0x32 '2'
  {   267,   9,  15,  11,    1,  -14 },   // 0x33 '3'
  {   284,  12,  15,  12,    0,  -14 },   // 0x34 '4'
  {   307,   9,  15,  11,    1,  -14 },   // 0x35 '5'
  {   324,  10,  15,  12,    1,  -14 },   // 0x36 '6'
  {   343,  10,  15,  12,    1,  -14 },   // 0x37 '7'
  {   362,  10,  15,  12,    1,  -14 },   // 0x38 '8'
  {   381,  10,  16,  12,    1,  -14 },   // 0x39 '9'
  {   401,   3,  11,   6,    1,  -10 },   // 0x3A ':'
  {   406,   3,  16,   6,    1,  -10 },   // 0x3B ';'
  {   412,   9,  11,  13,    2,  -10 },   // 0x3C '<'
  {   425,   9,   7,  13,    2,   -9 },   // 0x3D '='
  {   433,  10,  10,  13,    2,  -10 },   // 0x3E '>'
  {   446,   8,  18,  10,    1,  -17 },   // 0x3F '?'
  {   464,  18,  20,  21,    1,  -14 },   // 0x40 '@'
  {   509,  14,  15,  14,    0,  -14 },   // 0x41 'A'
  {   536,  12,  15,  14,    1,  -14 },   // 0x42 'B'
  {   559,  12,  15,  13,    0,  -14 },   // 0x43 'C'
  {   582,  13,  15,  15,    1,  -14 },   // 0x44 'D'
  {   607,  12,  15,  13,    1,  -14 },   // 0x45 'E'
  {   630,  11,  15,  12,    1,  -14 },   // 0x46 'F'
  {   651,  14,  15,  14,    0,  -14 },   // 0x47 'G'
  {   678,  14,  15,  16,    1,  -14 },   // 0x48 'H'
  {   705,   6,  15,   8,    1,  -14 },   // 0x49 'I'
  {   717,   7,  19,   8,    0,  -14 },   // 0x4A 'J'
  {   734,  14,  15,  15,    1,  -14 },   // 0x4B 'K'
  {   761,  11,  15,  12,    1,  -14 },   // 0x4C 'L'
  {   782,  20,  15,  20,    0,  -14 },   // 0x4D 'M'
  {   820,  14,  15,  15,    1,  -14 },   // 0x4E 'N'
  {   847,  13,  15,  14,    1,  -14 },   // 0x4F 'O'
  {   872,  12,  15,  13,    1,  -14 },   // 0x50 'P'
  {   895,  15,  19,  14,    1,  -14 },   // 0x51 'Q'
  {   931,  13,  15,  14,    1,  -14 },   // 0x52 'R'
  {   956,  10,  15,  12,    1,  -14 },   // 0x53 'S'
  {   975,  14,  15,  14,    0,  -14 },   // 0x54 'T'
  {  1002,  14,  15,  15,    0,  -14 },   // 0x55 'U'
  {  1029,  14,  15,  13,    0,  -14 },   // 0x56 'V'
  {  1056,  20,  15,  20,    0,  -14 },   // 0x57 'W'
  {  1094,  14,  15,  14,    0,  -14 },   // 0x58 'X'
  {  1121,  13,  15,  13,    0,  -14 },   // 0x59 'Y'
  {  1146,  12,  15,  13,    0,  -14 },   // 0x5A 'Z'
  {  1169,   5,  19,   9,    2,  -15 },   // 0x5B '['
  {  1181,   8,  18,   8,    0,  -14 },   // 0x5C '\'
  {  1199,   5,  19,   9,    2,  -15 },   // 0x5D ']'
  {  1211,   9,  12,  13,    2,  -14 },   // 0x5E '^'
  {  1225,  10,   1,  10,    0,    2 },   // 0x5F '_'
  {  1227,   5,   5,   9,    2,  -16 },   // 0x60 '`'
  {  1231,  11,  11,  11,    0,  -10 },   // 0x61 'a'
  {  1247,  11,  16,  12,    0,  -15 },   // 0x62 'b'
  {  1269,   8,  11,  10,    1,  -10 },   // 0x63 'c'
  {  1280,  11,  16,  12,    1,  -15 },   // 0x64 'd'
  {  1302,   9,  11,  11,    1,  -10 },   // 0x65 'e'
  {  1315,   7,  16,   8,    1,  -15 },   // 0x66 'f'
  {  1329,  11,  16,  12,    1,  -10 },   // 0x67 'g'
  {  1351,  13,  16,  13,    0,  -15 },   // 0x68 'h'
  {  1377,   5,  16,   7,    1,  -15 },   // 0x69 'i'
  {  1387,   5,  21,   7,    0,  -15 },   // 0x6A 'j'
  {  1401,  13,  16,  13,    0,  -15 },   // 0x6B 'k'
  {  1427,   6,  16,   6,    0,  -15 },   // 0x6C 'l'
  {  1439,  18,  11,  20,    1,  -10 },   // 0x6D 'm'
  {  1464,  12,  11,  13,    1,  -10 },   // 0x6E 'n'
  {  1481,  10,  11,  12,    1,  -10 },   // 0x6F 'o'
  {  1495,  11,  16,  12,    1,  -10 },   // 0x70 'p'
  {  1517,  11,  16,  12,    1,  -10 },   // 0x71 'q'
  {  1539,   8,  11,   9,    1,  -10 },   // 0x72 'r'
  {  1550,   8,  11,  10,    1,  -10 },   // 0x73 's'
  {  1561,   8,  14,   8,    0,  -13 },   // 0x74 't'
  {  1575,  11,  11,  13,    1,  -10 },   // 0x75 'u'
  {  1591,  12,  11,  11,    0,  -10 },   // 0x76 'v'
  {  1608,  17,  11,  17,    0,  -10 },   // 0x77 'w'
  {  1632,  12,  11,  12,    0,  -10 },   // 0x78 'x'
  {  1649,  12,  16,  12,    0,  -10 },   // 0x79 'y'
  {  1673,  10,  11,  11,    0,  -10 },   // 0x7A 'z'
  {  1687,   8,  19,  10,    1,  -15 },   // 0x7B '{'
  {  1706,   2,  19,   8,    3,  -16 },   // 0x7C '|'
  {  1711,   8,  19,  10,    1,  -15 },   // 0x7D '}'
  {  1730,   9,   4,  13,    2,   -7 },   // 0x7E '~'
  {  1735,  13,  14,  17,    2,  -13 },   // 0x7F
  {  1758,  13,  14,  17,    2,  -13 },   // 0x80
  {  1781,  13,  14,  17,    2,  -13 },   // 0x81
  {  1804,  13,  14,  17,    2,  -13 },   // 0x82
  {  1827,  13,  14,  17,    2,  -13 },   // 0x83
  {  1850,  13,  14,  17,    2,  -13 },   // 0x84
  {  1873,  13,  14,  17,    2,  -13 },   // 0x85
  {  1896,  13,  14,  17,    2,  -13 },   // 0x86
  {  1919,  13,  14,  17,    2,  -13 },   // 0x87
  {  1942,  13,  14,  17,    2,  -13 },   // 0x88
  {  1965,  13,  14,  17,    2,  -13 },   // 0x89
  {  1988,  13,  14,  17,    2,  -13 },   // 0x8A
  {  2011,  13,  14,  17,    2,  -13 },   // 0x8B
  {  2034,  13,  14,  17,    2,  -13 },   // 0x8C
  {  2057,  13,  14,  17,    2,  -13 },   // 0x8D
  {  2080,  13,  14,  17,    2,  -13 },   // 0x8E
  {  2103,  13,  14,  17,    2,  -13 },   // 0x8F
  {  2126,  13,  14,  17,    2,  -13 },   // 0x90
  {  2149,  13,  14,  17,    2,  -13 },   // 0x91
  {  2172,  13,  14,  17,    2,  -13 },   // 0x92
  {  2195,  13,  14,  17,    2,  -13 },   // 0x93
  {  2218,  13,  14,  17,    2,  -13 },   // 0x94
  {  2241,  13,  14,  17,    2,  -13 },   // 0x95
  {  2264,  13,  14,  17,    2,  -13 },   // 0x96
  {  2287,  13,  14,  17,    2,  -13 },   // 0x97
  {  2310,  13,  14,  17,    2,  -13 },   // 0x98
  {  2333,  13,  14,  17,    2,  -13 },   // 0x99
  {  2356,  13,  14,  17,    2,  -13 },   // 0x9A
  {  2379,  13,  14,  17,    2,  -13 },   // 0x9B
  {  2402,  13,  14,  17,    2,  -13 },   // 0x9C
  {  2425,  13,  14,  17,    2,  -13 },   // 0x9D
  {  2448,  13,  14,  17,    2,  -13 },   // 0x9E
  {  2471,  13,  14,  17,    2,  -13 },   // 0x9F
  {  2494,   1,   1,   5,    0,    0 },   // 0xA0
  {  2495,   4,  18,   6,    1,  -14 },   // 0xA1
  {  2504,   9,  15,  11,    1,  -12 },   // 0xA2
  {  2521,  13,  15,  15,    1,  -14 },   // 0xA3
  {  2546,  11,  11,  15,    2,  -12 },   // 0xA4
  {  2562,  14,  15,  16,    1,  -14 },   // 0xA5
  {  2589,   2,  19,   8,    3,  -16 },   // 0xA6
  {  2594,  10,  18,  13,    2,  -15 },   // 0xA7
  {  2617,   8,   3,  11,    2,  -15 },   // 0xA8
  {  2620,  16,  17,  20,    2,  -17 },   // 0xA9
  {  2654,   9,   9,   9,    0,  -15 },   // 0xAA
  {  2665,  11,  10,  14,    1,  -10 },   // 0xAB
  {  2679,   9,   5,  13,    2,   -5 },   // 0xAC
  {  2685,  13,  14,  17,    2,  -13 },   // 0xAD
  {  2708,  16,  17,  20,    2,  -17 },   // 0xAE
  {  2742,   6,   2,  10,    2,  -14 },   // 0xAF
  {  2744,   7,   7,  10,    1,  -15 },   // 0xB0
  {  2751,   9,  11,  12,    2,  -10 },   // 0xB1
  {  2764,   8,   9,   8,    0,  -16 },   // 0xB2
  {  2773,   7,   9,   8,    0,  -16 },   // 0xB3
  {  2781,   5,   5,   9,    2,  -16 },   // 0xB4
  {  2785,  11,  15,  12,    1,  -10 },   // 0xB5
  {  2806,  13,  16,  15,    1,  -15 },   // 0xB6
  {  2832,   3,   3,   3,    0,   -8 },   // 0xB7
  {  2834,   4,   5,   8,    2,    1 },   // 0xB8
  {  2837,   6,   9,   6,    0,  -16 },   // 0xB9
  {  2844,   8,   9,  10,    1,  -15 },   // 0xBA
  {  2853,  11,  10,  14,    1,  -10 },   // 0xBB
  {  2867,  18,  17,  18,    0,  -15 },   // 0xBC
  {  2906,  18,  17,  18,    0,  -15 },   // 0xBD
  {  2945,  19,  17,  19,    0,  -15 },   // 0xBE
  {  2986,   8,  18,  10,    1,  -14 },   // 0xBF
  {  3004,  14,  19,  14,    0,  -18 },   // 0xC0
  {  3038,  14,  19,  14,    0,  -18 },   // 0xC1
  {  3072,  14,  19,  14,    0,  -18 },   // 0xC2
  {  3106,  14,  19,  14,    0,  -18 },   // 0xC3
  {  3140,  14,  19,  14,    0,  -18 },   // 0xC4
  {  3174,  14,  21,  14,    0,  -20 },   // 0xC5
  {  3211,  20,  15,  19,   -1,  -14 },   // 0xC6
  {  3249,  12,  20,  13,    0,  -14 },   // 0xC7
  {  3279,  12,  19,  13,    1,  -18 },   // 0xC8
  {  3308,  12,  19,  13,    1,  -18 },   // 0xC9
  {  3337,  12,  19,  13,    1,  -18 },   // 0xCA
  {  3366,  12,  19,  13,    1,  -18 },   // 0xCB
  {  3395,   6,  19,   8,    1,  -18 },   // 0xCC
  {  3410,   6,  19,   8,    1,  -18 },   // 0xCD
  {  3425,   7,  19,   8,    0,  -18 },   // 0xCE
  {  3442,   7,  19,   8,    1,  -18 },   // 0xCF
  {  3459,  13,  15,  15,    1,  -14 },   // 0xD0
  {  3484,  14,  19,  15,    1,  -18 },   // 0xD1
  {  3518,  13,  19,  14,    1,  -18 },   // 0xD2
  {  3549,  13,  19,  14,    1,  -18 },   // 0xD3
  {  3580,  13,  19,  14,    1,  -18 },   // 0xD4
  {  3611,  13,  19,  14,    1,  -18 },   // 0xD5
  {  3642,  13,  19,  14,    1,  -18 },   // 0xD6
  {  3673,   9,   9,  13,    2,  -10 },   // 0xD7
  {  3684,  13,  18,  14,    1,  -15 },   // 0xD8
  {  3714,  14,  19,  15,    0,  -18 },   // 0xD9
  {  3748,  14,  19,  15,    0,  -18 },   // 0xDA
  {  3782,  14,  19,  15,    0,  -18 },   // 0xDB
  {  3816,  14,  19,  15,    0,  -18 },   // 0xDC
  {  3850,  13,  19,  13,    0,  -18 },   // 0xDD
  {  3881,  12,  15,  13,    1,  -14 },   // 0xDE
  {  3904,  12,  15,  12,    0,  -14 },   // 0xDF
  {  3927,  11,  17,  11,    0,  -16 },   // 0xE0
  {  3951,  11,  17,  11,    0,  -16 },   // 0xE1
  {  3975,  11,  17,  11,    0,  -16 },   // 0xE2
  {  3999,  11,  15,  11,    0,  -14 },   // 0xE3
  {  4020,  11,  16,  11,    0,  -15 },   // 0xE4
  {  4042,  11,  17,  11,    0,  -16 },   // 0xE5
  {  4066,  16,  11,  17,    0,  -10 },   // 0xE6
  {  4088,   8,  16,  10,    1,  -10 },   // 0xE7
  {  4104,   9,  17,  11,    1,  -16 },   // 0xE8
  {  4124,   9,  17,  11,    1,  -16 },   // 0xE9
  {  4144,   9,  17,  11,    1,  -16 },   // 0xEA
  {  4164,   9,  16,  11,    1,  -15 },   // 0xEB
  {  4182,   6,  17,   7,    0,  -16 },   // 0xEC
  {  4195,   6,  17,   7,    1,  -16 },   // 0xED
  {  4208,   7,  17,   7,    0,  -16 },   // 0xEE
  {  4223,   8,  16,   7,    0,  -15 },   // 0xEF
  {  4239,  10,  18,  12,    1,  -17 },   // 0xF0
  {  4262,  12,  15,  13,    1,  -14 },   // 0xF1
  {  4285,  10,  17,  12,    1,  -16 },   // 0xF2
  {  4307,  10,  17,  12,    1,  -16 },   // 0xF3
  {  4329,  10,  17,  12,    1,  -16 },   // 0xF4
  {  4351,  10,  15,  12,    1,  -14 },   // 0xF5
  {  4370,  10,  16,  12,    1,  -15 },   // 0xF6
  {  4390,   9,  11,  13,    2,  -11 },   // 0xF7
  {  4403,  10,  15,  12,    1,  -12 },   // 0xF8
  {  4422,  11,  17,  13,    1,  -16 },   // 0xF9
  {  4446,  11,  17,  13,    1,  -16 },   // 0xFA
  {  4470,  11,  17,  13,    1,  -16 },   // 0xFB
  {  4494,  11,  16,  13,    1,  -15 },   // 0xFC
  {  4516,  12,  22,  12,    0,  -16 },   // 0xFD
  {  4549,  11,  21,  12,    0,  -15 },   // 0xFE
  {  4578,  12,  21,  12,    0,  -15 } }; // 0xFF

const GFXfont Merriweather_Bold10pt8b PROGMEM = {
  (uint8_t  *)Merriweather_Bold10pt8bBitmaps,
  (GFXglyph *)Merriweather_Bold10pt8bGlyphs,
  0x20, 0xFF, 25 };

// Approx. 6185 bytes

const uint8_t Merriweather_Bold11pt8bBitmaps[] PROGMEM = {
  0x00, 0xFF, 0x77, 0x76, 0x66, 0x66, 0x66, 0x66, 0x00, 0x7F, 0x70, 0x77,
  0x66, 0xEE, 0xEE, 0xCC, 0xCC, 0xCC, 0x88, 0x04, 0x20, 0x21, 0x01, 0x08,
  0x18, 0xC0, 0x86, 0x3F, 0xFD, 0xFF, 0xE1, 0x08, 0x08, 0x40, 0xC6, 0x06,
  0x30, 0xFF, 0xEF, 0xFF, 0x08, 0x40, 0x42, 0x06, 0x10, 0x31, 0x80, 0x0C,
  0x01, 0x80, 0x30, 0x1F, 0xE7, 0x1D, 0xC1, 0xB8, 0x37, 0x00, 0xF0, 0x0F,
  0x80, 0xFC, 0x0F, 0xC0, 0x7C, 0x03, 0xF0, 0x7E, 0x07, 0xC1, 0xDC, 0x39,
  0xFC, 0x06, 0x00, 0xC0, 0x18, 0x00, 0x3E, 0x06, 0x03, 0xB8, 0x60, 0x38,
  0xC3, 0x01, 0xC6, 0x30, 0x0E, 0x31, 0x80, 0x71, 0x98, 0x03, 0x8C, 0xC2,
  0x0C, 0xE6, 0x7E, 0x3E, 0x66, 0x30, 0x03, 0x31, 0xC0, 0x33, 0x8E, 0x01,
  0x9C, 0x70, 0x18, 0x63, 0x80, 0xC3, 0x18, 0x06, 0x0F, 0xC0, 0x60, 0x38,
  0x0F, 0x80, 0x73, 0x80, 0xE3, 0x01, 0x86, 0x03, 0x8C, 0x07, 0x38, 0x0F,
  0xE0, 0x0F, 0x1F, 0x3E, 0x3E, 0xEE, 0x1B, 0x9E, 0x67, 0x1E, 0xCE, 0x1F,
  0x1C, 0x1E, 0x1C, 0x3F, 0x1F, 0xCF, 0x76, 0xEE, 0xCC, 0xC8, 0x06, 0x18,
  0x61, 0xC3, 0x0E, 0x1C, 0x30, 0xE1, 0xC3, 0x87, 0x0E, 0x1C, 0x18, 0x38,
  0x70, 0x60, 0xE0, 0xC0, 0xC0, 0xC0, 0x83, 0x06, 0x0C, 0x38, 0x61, 0xC7,
  0x1C, 0x71, 0xC7, 0x1C, 0x71, 0xC7, 0x18, 0xE3, 0x18, 0xE2, 0x00, 0x06,
  0x00, 0x60, 0x66, 0x6F, 0x6F, 0x3B, 0xC0, 0x60, 0x1F, 0xCF, 0x6F, 0x66,
  0x64, 0x62, 0x06, 0x00, 0x0C, 0x03, 0x00, 0xC0, 0x30, 0xFF, 0xFF, 0xF0,
  0xC0, 0x30, 0x0C, 0x03, 0x00, 0x7F, 0x73, 0x36, 0x6C, 0xFF, 0xFF, 0x7F,
  0x60, 0x06, 0x0C, 0x30, 0x60, 0xC1, 0x86, 0x0C, 0x18, 0x30, 0xC1, 0x83,
  0x06, 0x18, 0x30, 0x60, 0xC3, 0x86, 0x0C, 0x00, 0x1F, 0x83, 0x9C, 0x70,
  0xE7, 0x0F, 0xF0, 0x7F, 0x07, 0xF0, 0x7F, 0x07, 0xF0, 0x7F, 0x07, 0xF0,
  0x7F, 0x07, 0x70, 0xE7, 0x0E, 0x39, 0xC1, 0xF8, 0x1C, 0x7C, 0xFC, 0x1C,
  0x1C, 0x1C, 0x1C, 0x1C, 0x1C, 0x1C, 0x1C, 0x1C, 0x1C, 0x1C, 0x1C, 0xFF,
  0x1F, 0x87, 0xFC, 0xE1, 0xE4, 0x0E, 0x00, 0xE0, 0x0E, 0x00, 0xE0, 0x1C,
  0x01, 0xC0, 0x38, 0x07, 0x00, 0xE0, 0x1C, 0x33, 0x83, 0xFF, 0xF7, 0xFE,
  0x7F, 0x3F, 0xE8, 0x38, 0x0E, 0x03, 0x80, 0xE0, 0xF0, 0xF0, 0x27, 0x80,
  0xF0, 0x1C, 0x07, 0x03, 0xC0, 0xE8, 0xFB, 0xF8, 0x0E, 0x00, 0xF0, 0x0E,
  0x01, 0xE0, 0x1C, 0x03, 0xC0, 0x38, 0x03, 0x9C, 0x71, 0xC7, 0x1C, 0xE1,
  0xCD, 0xFF, 0xFF, 0xF0, 0x1C, 0x01, 0xC0, 0x1C, 0x7F, 0xDF, 0xF6, 0x01,
  0x80, 0x60, 0x18, 0x0F, 0xFB, 0xFF, 0x03, 0xC0, 0x70, 0x1C, 0x07, 0x01,
  0xC0, 0xE0, 0xF3, 0xF0, 0x00, 0x80, 0x70, 0x38, 0x0E, 0x03, 0x80, 0x70,
  0x1C, 0x03, 0xFE, 0xF9, 0xFC, 0x1F, 0x83, 0xF0, 0x7E, 0x0F, 0xC1, 0xDC,
  0x3B, 0x8E, 0x1F, 0x80, 0xFF, 0xFF, 0xFF, 0x83, 0xE0, 0x6C, 0x1C, 0x03,
  0x80, 0x60, 0x1C, 0x03, 0x80, 0xE0, 0x1C, 0x07, 0x80, 0xE0, 0x1C, 0x07,
  0x81, 0xE0, 0x1F, 0x86, 0x39, 0xC3, 0xB0, 0x77, 0x0E, 0xF1, 0x9F, 0xE1,
  0xF8, 0x3F, 0xCC, 0x7F, 0x87, 0xF0, 0x7E, 0x0F, 0xC1, 0xDC, 0x71, 0xFC,
  0x1F, 0x8E, 0x39, 0x87, 0x70, 0x7E, 0x0F, 0xC1, 0xF8, 0x3F, 0x07, 0xF1,
  0xEF, 0xFC, 0x77, 0x80, 0xE0, 0x38, 0x07, 0x01, 0xC0, 0xF0, 0x38, 0x00,
  0x6F, 0xF6, 0x00, 0x00, 0x07, 0xF7, 0x6F, 0xF6, 0x00, 0x00, 0x0E, 0xF7,
  0x37, 0x66, 0xC0, 0x00, 0x40, 0x70, 0x7C, 0x7C, 0x78, 0x38, 0x0F, 0x00,
  0xF0, 0x1F, 0x01, 0xF0, 0x1C, 0x01, 0xFF, 0xFF, 0xF0, 0x00, 0x00, 0x00,
  0x00, 0x0F, 0xFF, 0xFF, 0xC0, 0x1E, 0x00, 0xF0, 0x07, 0x80, 0x3C, 0x01,
  0xC0, 0xF0, 0x78, 0x3C, 0x1E, 0x03, 0x00, 0x00, 0x30, 0x7F, 0x27, 0xC0,
  0xF0, 0x38, 0x1C, 0x0E, 0x0E, 0x0F, 0x0E, 0x0E, 0x06, 0x03, 0x01, 0x80,
  0xC0, 0x00, 0x00, 0x1C, 0x0E, 0x07, 0x00, 0x00, 0x78, 0x00, 0x7F, 0xE0,
  0x1C, 0x0E, 0x0E, 0x00, 0xE1, 0x80, 0x0E, 0x60, 0x00, 0xD8, 0x3F, 0x9B,
  0x1D, 0xE1, 0xC3, 0x0C, 0x38, 0xC1, 0x87, 0x18, 0x70, 0xE3, 0x0E, 0x3C,
  0xE3, 0xC7, 0x9C, 0x70, 0xB1, 0x9F, 0x26, 0x3E, 0xF8, 0xC3, 0x8E, 0x1C,
  0x00, 0x01, 0x80, 0x00, 0x38, 0x00, 0x03, 0xC0, 0x80, 0x1F, 0xE0, 0x00,
  0x60, 0x00, 0x03, 0xC0, 0x03, 0xC0, 0x07, 0xC0, 0x06, 0xE0, 0x0E, 0xE0,
  0x0C, 0xE0, 0x0C, 0xF0, 0x1C, 0x70, 0x18, 0x70, 0x18, 0x78, 0x3F, 0xF8,
  0x3F, 0xF8, 0x30, 0x3C, 0x70, 0x3C, 0x70, 0x1C, 0xF8, 0x7F, 0xFF, 0xE1,
  0xE3, 0xC3, 0x87, 0x0E, 0x1C, 0x38, 0x70, 0xE1, 0xC3, 0x8E, 0x0F, 0xF0,
  0x39, 0xF0, 0xE0, 0xE3, 0x83, 0x8E, 0x0F, 0x38, 0x38, 0xE0, 0xE7, 0x8F,
  0x3F, 0xF8, 0x07, 0xF8, 0xF1, 0xCE, 0x0E, 0x70, 0x37, 0x01, 0xB8, 0x01,
  0xC0, 0x1E, 0x00, 0xF0, 0x07, 0x80, 0x1C, 0x00, 0xE0, 0x07, 0x81, 0x9C,
  0x0C, 0x78, 0xE1, 0xFE, 0xFF, 0xE0, 0xF1, 0xE0, 0xE0, 0xE1, 0xC1, 0xE3,
  0x81, 0xC7, 0x03, 0xCE, 0x07, 0x9C, 0x0F, 0x38, 0x1E, 0x70, 0x3C, 0xE0,
  0x71, 0xC0, 0xE3, 0x83, 0xC7, 0x07, 0x1E, 0x3C, 0x7F, 0xE0, 0xFF, 0xE3,
  0xC3, 0x0E, 0x0C, 0x70, 0x63, 0x80, 0x1C, 0x40, 0xE2, 0x07, 0xF0, 0x3B,
  0x81, 0xC4, 0x0E, 0x00, 0x70, 0x03, 0x81, 0x9C, 0x1D, 0xE7, 0xFF, 0xFE,
  0xFF, 0xF7, 0x87, 0x38, 0x33, 0x83, 0x38, 0x03, 0x8C, 0x38, 0xC3, 0xFC,
  0x3F, 0xC3, 0x8C, 0x38, 0xC3, 0x80, 0x38, 0x03, 0x80, 0x38, 0x0F, 0xF0,
  0x0F, 0xF8, 0xF0, 0xE7, 0x83, 0x9C, 0x06, 0xF0, 0x03, 0x80, 0x0E, 0x00,
  0x38, 0x00, 0xE0, 0xFF, 0x80, 0xEE, 0x03, 0xBC, 0x0E, 0x70, 0x39, 0xE0,
  0xE3, 0xC7, 0x83, 0xFC, 0xFC, 0x7F, 0x78, 0x3E, 0x78, 0x1C, 0x78, 0x1C,
  0x78, 0x1C, 0x78, 0x1C, 0x78, 0x1C, 0x7F, 0xFC, 0x7F, 0xFC, 0x78, 0x1C,
  0x78, 0x1C, 0x78, 0x1C, 0x78, 0x1C, 0x78, 0x1C, 0x78, 0x1C, 0xFE, 0x7F,
  0xFE, 0xF8, 0xE1, 0xC3, 0x87, 0x0E, 0x1C, 0x38, 0x70, 0xE1, 0xC3, 0x87,
  0x0E, 0x7F, 0x7F, 0x3E, 0x1C, 0x1C, 0x1C, 0x1C, 0x1C, 0x1C, 0x1C, 0x1C,
  0x1C, 0x1C, 0x1C, 0x1C, 0x1C, 0x3C, 0x38, 0x38, 0x70, 0xC0, 0xFC, 0x7C,
  0xF0, 0x70, 0xE0, 0xC1, 0xC3, 0x03, 0x8C, 0x07, 0x30, 0x0E, 0xE0, 0x1D,
  0xE0, 0x3F, 0xC0, 0x7B, 0xC0, 0xE3, 0xC1, 0xC7, 0x83, 0x87, 0x87, 0x0F,
  0x1E, 0x0F, 0x7F, 0x0F, 0xFE, 0x07, 0xC0, 0x38, 0x03, 0x80, 0x38, 0x03,
  0x80, 0x38, 0x03, 0x80, 0x38, 0x03, 0x80, 0x38, 0x13, 0x83, 0x38, 0x33,
  0x83, 0x7F, 0xFF, 0xFF, 0x7F, 0x03, 0xF8, 0xFC, 0x0B, 0x81, 0xB8, 0x6E,
  0x06, 0xE1, 0xB8, 0x1B, 0x86, 0xE0, 0x6E, 0x13, 0x81, 0x9C, 0xCE, 0x06,
  0x73, 0x38, 0x11, 0xCC, 0xE0, 0x43, 0x63, 0x83, 0x0F, 0x8F, 0x0C, 0x3E,
  0x1C, 0x30, 0xF0, 0x70, 0xC1, 0xC1, 0xC3, 0x07, 0x07, 0x3F, 0x00, 0x7F,
  0xF8, 0x3F, 0x7C, 0x1E, 0x7C, 0x0C, 0x6E, 0x0C, 0x6F, 0x0C, 0x67, 0x0C,
  0x67, 0x8C, 0x63, 0xCC, 0x61, 0xCC, 0x61, 0xEC, 0x60, 0xEC, 0x60, 0xFC,
  0x60, 0x7C, 0x60, 0x3C, 0x60, 0x3C, 0xF8, 0x1C, 0x0F, 0xE0, 0xE3, 0xC7,
  0x07, 0x9C, 0x0E, 0xF0, 0x3F, 0x80, 0xFE, 0x01, 0xF8, 0x07, 0xE0, 0x1F,
  0x80, 0xFE, 0x03, 0xFC, 0x0E, 0xF0, 0x39, 0xC1, 0xC3, 0x8E, 0x07, 0xF0,
  0xFF, 0xE3, 0xC7, 0x8E, 0x1C, 0x70, 0xF3, 0x87, 0x9C, 0x3C, 0xE1, 0xE7,
  0x0E, 0x38, 0xE1, 0xFE, 0x0E, 0x00, 0x70, 0x03, 0x80, 0x1C, 0x01, 0xE0,
  0x1F, 0xE0, 0x0F, 0xE0, 0x38, 0xF0, 0x70, 0x78, 0x70, 0x38, 0xF0, 0x3C,
  0xE0, 0x3C, 0xE0, 0x1C, 0xE0, 0x1C, 0xE0, 0x1C, 0xE0, 0x3C, 0xE0, 0x3C,
  0xF0, 0x38, 0xF0, 0x38, 0x70, 0x70, 0x38, 0xE0, 0x1F, 0xC0, 0x00, 0x70,
  0x00, 0x38, 0x00, 0x1F, 0x00, 0x0F, 0xFF, 0xE0, 0xF1, 0xE1, 0xE1, 0xC3,
  0xC3, 0xC7, 0x87, 0x8F, 0x0E, 0x1E, 0x1C, 0x3C, 0x70, 0x7F, 0xC0, 0xF3,
  0xC1, 0xE3, 0x83, 0xC3, 0x87, 0x87, 0x0F, 0x0F, 0x1E, 0x0F, 0x7F, 0x1F,
  0x1F, 0xCE, 0x19, 0x83, 0x70, 0x6F, 0x00, 0xF0, 0x1F, 0x81, 0xFC, 0x1F,
  0xC0, 0xFC, 0x07, 0xE0, 0x7C, 0x0F, 0xC1, 0xF8, 0x73, 0xFC, 0x7F, 0xFE,
  0xE7, 0x1D, 0x8E, 0x1B, 0x1C, 0x36, 0x38, 0x78, 0x70, 0xC0, 0xE0, 0x01,
  0xC0, 0x03, 0x80, 0x07, 0x00, 0x0E, 0x00, 0x1C, 0x00, 0x38, 0x00, 0x70,
  0x00, 0xF0, 0x0F, 0xF8, 0xFE, 0x3F, 0x7C, 0x1E, 0x38, 0x0C, 0x38, 0x0C,
  0x38, 0x0C, 0x38, 0x0C, 0x38, 0x0C, 0x38, 0x0C, 0x38, 0x0C, 0x38, 0x0C,
  0x38, 0x0C, 0x38, 0x0C, 0x38, 0x0C, 0x1C, 0x18, 0x1E, 0x38, 0x07, 0xE0,
  0xFC, 0x3F, 0xF0, 0x39, 0xE0, 0x71, 0xC0, 0xC3, 0x81, 0x87, 0x86, 0x07,
  0x0C, 0x0E, 0x18, 0x1E, 0x60, 0x1C, 0xC0, 0x39, 0x80, 0x76, 0x00, 0x7C,
  0x00, 0xF8, 0x00, 0xE0, 0x01, 0xC0, 0xFC, 0xFE, 0x7F, 0xE1, 0xF0, 0xF7,
  0x03, 0x81, 0x9E, 0x0E, 0x04, 0x38, 0x3C, 0x30, 0xE0, 0xF0, 0xC3, 0xC7,
  0xC3, 0x07, 0x1F, 0x08, 0x1C, 0x4E, 0x60, 0x73, 0x39, 0x80, 0xEC, 0xE4,
  0x03, 0xA1, 0xD0, 0x0E, 0x87, 0xC0, 0x1E, 0x1F, 0x00, 0x78, 0x38, 0x01,
  0xC0, 0xE0, 0xFE, 0x3E, 0xF8, 0x38, 0xF0, 0x60, 0xF1, 0x80, 0xE2, 0x01,
  0xEC, 0x01, 0xD0, 0x01, 0xC0, 0x03, 0xC0, 0x0F, 0xC0, 0x13, 0x80, 0x67,
  0x81, 0x87, 0x83, 0x07, 0x0C, 0x0F, 0x7E, 0x7F, 0xFC, 0x7F, 0xE0, 0xF7,
  0x83, 0x8E, 0x0C, 0x3C, 0x60, 0x71, 0x80, 0xEC, 0x03, 0xB0, 0x07, 0x80,
  0x1E, 0x00, 0x78, 0x01, 0xE0, 0x07, 0x80, 0x1E, 0x00, 0x78, 0x07, 0xF8,
  0x3F, 0xF9, 0x81, 0xDC, 0x1C, 0xC1, 0xE0, 0x1E, 0x00, 0xE0, 0x0F, 0x00,
  0xF0, 0x07, 0x00, 0x78, 0x07, 0x80, 0x38, 0x13, 0xC1, 0xBC, 0x0F, 0xC7,
  0xEF, 0xFF, 0xFF, 0x8E, 0x38, 0xE3, 0x8E, 0x38, 0xE3, 0x8E, 0x38, 0xE3,
  0x8E, 0x38, 0xE3, 0x8F, 0xDF, 0xE0, 0x60, 0x60, 0x70, 0x30, 0x30, 0x30,
  0x38, 0x18, 0x18, 0x18, 0x0C, 0x0C, 0x0C, 0x0E, 0x06, 0x06, 0x06, 0x07,
  0x03, 0x03, 0xF8, 0xC6, 0x31, 0x8C, 0x63, 0x18, 0xC6, 0x31, 0x8C, 0x63,
  0x18, 0xFF, 0xF0, 0x0C, 0x01, 0xC0, 0x78, 0x0F, 0x01, 0xB0, 0x66, 0x0C,
  0xC1, 0x8C, 0x61, 0x8C, 0x31, 0x87, 0x60, 0x6C, 0x0E, 0xFF, 0xE0, 0x47,
  0x1C, 0x71, 0x80, 0x1F, 0x87, 0xFC, 0x41, 0xC0, 0x1C, 0x00, 0xC1, 0xFC,
  0x78, 0xC7, 0x0C, 0xF0, 0xC7, 0x0C, 0x7F, 0xC3, 0xEF, 0x10, 0x07, 0xC0,
  0x0E, 0x00, 0x70, 0x03, 0x80, 0x1C, 0x00, 0xFF, 0x07, 0xFC, 0x38, 0xF1,
  0xC3, 0x8E, 0x1C, 0x70, 0xF3, 0x87, 0x9C, 0x38, 0xE1, 0xC7, 0x0C, 0x38,
  0xE1, 0xFC, 0x00, 0x1F, 0xB8, 0xD8, 0x7C, 0x3E, 0x07, 0x03, 0x81, 0xC0,
  0xE0, 0x78, 0x5F, 0xE7, 0xE0, 0x00, 0xC0, 0x7E, 0x00, 0xE0, 0x0E, 0x00,
  0xE0, 0x0E, 0x1F, 0xE7, 0x9E, 0x70, 0xEE, 0x0E, 0xE0, 0xEE, 0x0E, 0xE0,
  0xEE, 0x0E, 0xE0, 0xEF, 0x0E, 0x7F, 0xE3, 0xEF, 0x3F, 0x1C, 0xEE, 0x1F,
  0x87, 0xE1, 0xFF, 0xFE, 0x03, 0x80, 0xE0, 0x3C, 0x17, 0xFC, 0xFC, 0x07,
  0x1F, 0x39, 0x38, 0x38, 0x78, 0xFE, 0xFE, 0x78, 0x78, 0x78, 0x78, 0x78,
  0x78, 0x78, 0x78, 0x78, 0xFE, 0x3F, 0xF7, 0x1F, 0xE1, 0xCE, 0x1C, 0xE1,
  0xCE, 0x1C, 0x7F, 0x83, 0xE0, 0x60, 0x06, 0x00, 0x7F, 0xC7, 0xFE, 0xE0,
  0xFC, 0x07, 0xE0, 0x7E, 0x0E, 0xFF, 0xC3, 0xF0, 0x18, 0x03, 0xE0, 0x03,
  0x80, 0x0E, 0x00, 0x38, 0x00, 0xE0, 0x03, 0xBF, 0x0F, 0xFC, 0x38, 0x70,
  0xE0, 0xE3, 0x83, 0x8E, 0x0E, 0x38, 0x38, 0xE0, 0xE3, 0x83, 0x8E, 0x0E,
  0x38, 0x39, 0xF3, 0xF0, 0x71, 0xE7, 0x00, 0x03, 0xCF, 0x1C, 0x71, 0xC7,
  0x1C, 0x71, 0xC7, 0x1C, 0xFC, 0x38, 0xF3, 0x80, 0x01, 0xE7, 0x8E, 0x38,
  0xE3, 0x8E, 0x38, 0xE3, 0x8E, 0x38, 0xE3, 0x8E, 0x73, 0x80, 0x18, 0x03,
  0xE0, 0x03, 0x80, 0x0E, 0x00, 0x38, 0x00, 0xE0, 0x03, 0x8F, 0x8E, 0x1C,
  0x38, 0xE0, 0xE7, 0x03, 0x98, 0x0E, 0xF0, 0x3D, 0xC0, 0xF3, 0x83, 0x8E,
  0x0E, 0x1C, 0x38, 0x79, 0xF3, 0xF0, 0x19, 0xF0, 0xE1, 0xC3, 0x87, 0x0E,
  0x1C, 0x38, 0x70, 0xE1, 0xC3, 0x87, 0x0E, 0x1C, 0x39, 0xFC, 0xF3, 0xE7,
  0xCF, 0xFF, 0xFC, 0x70, 0xF0, 0xE7, 0x07, 0x0E, 0x70, 0x70, 0xE7, 0x07,
  0x0E, 0x70, 0x70, 0xE7, 0x07, 0x0E, 0x70, 0x70, 0xE7, 0x07, 0x0E, 0x70,
  0x70, 0xEF, 0xDF, 0x9F, 0xF7, 0xE7, 0xFF, 0x1C, 0x1C, 0xE0, 0xE7, 0x07,
  0x38, 0x39, 0xC1, 0xCE, 0x0E, 0x70, 0x73, 0x83, 0x9C, 0x1D, 0xF9, 0xF0,
  0x1F, 0x8E, 0x3B, 0x87, 0xF0, 0x7E, 0x0F, 0xC1, 0xF8, 0x3F, 0x07, 0xE0,
  0xFE, 0x39, 0xC7, 0x1F, 0x80, 0xF7, 0xCF, 0xFE, 0x70, 0xE7, 0x0F, 0x70,
  0x77, 0x07, 0x70, 0x77, 0x07, 0x70, 0xE7, 0x0E, 0x71, 0xC7, 0xF8, 0x70,
  0x07, 0x00, 0x70, 0x07, 0x00, 0xFC, 0x00, 0x1F, 0xE7, 0x0E, 0x70, 0xEE,
  0x0E, 0xE0, 0xEE, 0x0E, 0xE0, 0xEE, 0x0E, 0xE0, 0xEF, 0x0E, 0x7F, 0xE3,
  0xEE, 0x00, 0xE0, 0x0E, 0x00, 0xE0, 0x0E, 0x07, 0xF0, 0xF3, 0xFF, 0xDF,
  0xEE, 0x07, 0x03, 0x81, 0xC0, 0xE0, 0x70, 0x38, 0x1C, 0x1F, 0xC0, 0x3F,
  0xB1, 0xF8, 0x7C, 0x0F, 0x83, 0xF0, 0xFE, 0x1F, 0x03, 0xE1, 0xF8, 0xFF,
  0xE0, 0x18, 0x38, 0x38, 0xFF, 0xFF, 0x38, 0x38, 0x38, 0x38, 0x38, 0x38,
  0x38, 0x38, 0x3F, 0x3F, 0xF3, 0xEF, 0x0E, 0x70, 0xE7, 0x0E, 0x70, 0xE7,
  0x0E, 0x70, 0xE7, 0x0E, 0x70, 0xE7, 0x0E, 0x7F, 0xE3, 0xEF, 0xFC, 0xFB,
  0xC3, 0x9E, 0x18, 0x70, 0xC3, 0x8C, 0x1E, 0x60, 0x73, 0x03, 0xB0, 0x0D,
  0x80, 0x7C, 0x03, 0xC0, 0x0E, 0x00, 0xFC, 0xE3, 0xEE, 0x1E, 0x39, 0xC3,
  0xC6, 0x1C, 0x58, 0xC3, 0x9B, 0x18, 0x73, 0x72, 0x06, 0x4E, 0xC0, 0xF9,
  0xD8, 0x1F, 0x1A, 0x03, 0xE3, 0xC0, 0x38, 0x78, 0x07, 0x07, 0x00, 0xFE,
  0xFB, 0xC1, 0x8F, 0x18, 0x3D, 0x80, 0xE8, 0x03, 0xC0, 0x1E, 0x01, 0xF8,
  0x19, 0xC1, 0x87, 0x0C, 0x3D, 0xF3, 0xF0, 0xFC, 0xFB, 0xC3, 0x9E, 0x18,
  0x70, 0xC3, 0x86, 0x0E, 0x60, 0x73, 0x03, 0x98, 0x0F, 0x80, 0x7C, 0x03,
  0xE0, 0x0E, 0x00, 0x30, 0x01, 0x80, 0x18, 0x07, 0xC0, 0x3C, 0x00, 0x7F,
  0xEF, 0x9D, 0x87, 0x31, 0xE0, 0x78, 0x1E, 0x03, 0x80, 0xF0, 0x3C, 0x2F,
  0x0F, 0xC7, 0xBF, 0xF0, 0x3F, 0x78, 0x70, 0x70, 0x30, 0x38, 0x38, 0x38,
  0x38, 0xE0, 0xF0, 0x38, 0x38, 0x38, 0x38, 0x70, 0x70, 0x70, 0x7F, 0x3F,
  0xFF, 0xFF, 0xFF, 0xFF, 0xFF, 0xFF, 0xFF, 0xFE, 0xFC, 0x1C, 0x1C, 0x1C,
  0x1C, 0x18, 0x18, 0x38, 0x18, 0x0F, 0x1F, 0x18, 0x38, 0x18, 0x1C, 0x1C,
  0x1C, 0x1C, 0xFC, 0xF8, 0x7C, 0x7F, 0xFC, 0x78, 0xFF, 0xFF, 0xFF, 0xFF,
  0xFF, 0xFF, 0x3E, 0x7E, 0x38, 0xFE, 0x63, 0xFE, 0x4F, 0xFE, 0x7F, 0xF8,
  0x7F, 0xE2, 0x7F, 0x8E, 0x7F, 0x3E, 0x7F, 0xFF, 0xFF, 0xFF, 0xFF, 0xFF,
  0x80, 0xFF, 0xFF, 0xFF, 0xFF, 0xFF, 0xFF, 0x3E, 0x7E, 0x38, 0xFE, 0x63,
  0xFE, 0x4F, 0xFE, 0x7F, 0xF8, 0x7F, 0xE2, 0x7F, 0x8E, 0x7F, 0x3E, 0x7F,
  0xFF, 0xFF, 0xFF, 0xFF, 0xFF, 0x80, 0xFF, 0xFF, 0xFF, 0xFF, 0xFF, 0xFF,
  0x3E, 0x7E, 0x38, 0xFE, 0x63, 0xFE, 0x4F, 0xFE, 0x7F, 0xF8, 0x7F, 0xE2,
  0x7F, 0x8E, 0x7F, 0x3E, 0x7F, 0xFF, 0xFF, 0xFF, 0xFF, 0xFF, 0x80, 0xFF,
  0xFF, 0xFF, 0xFF, 0xFF, 0xFF, 0x3E, 0x7E, 0x38, 0xFE, 0x63, 0xFE, 0x4F,
  0xFE, 0x7F, 0xF8, 0x7F, 0xE2, 0x7F, 0x8E, 0x7F, 0x3E, 0x7F, 0xFF, 0xFF,
  0xFF, 0xFF, 0xFF, 0x80, 0xFF, 0xFF, 0xFF, 0xFF, 0xFF, 0xFF, 0x3E, 0x7E,
  0x38, 0xFE, 0x63, 0xFE, 0x4F, 0xFE, 0x7F, 0xF8, 0x7F, 0xE2, 0x7F, 0x8E,
  0x7F, 0x3E, 0x7F, 0xFF, 0xFF, 0xFF, 0xFF, 0xFF, 0x80, 0xFF, 0xFF, 0xFF,
  0xFF, 0xFF, 0xFF, 0x3E, 0x7E, 0x38, 0xFE, 0x63, 0xFE, 0x4F, 0xFE, 0x7F,
  0xF8, 0x7F, 0xE2, 0x7F, 0x8E, 0x7F, 0x3E, 0x7F, 0xFF, 0xFF, 0xFF, 0xFF,
  0xFF, 0x80, 0xFF, 0xFF, 0xFF, 0xFF, 0xFF, 0xFF, 0x3E, 0x7E, 0x38, 0xFE,
  0x63, 0xFE, 0x4F, 0xFE, 0x7F, 0xF8, 0x7F, 0xE2, 0x7F, 0x8E, 0x7F, 0x3E,
  0x7F, 0xFF, 0xFF, 0xFF, 0xFF, 0xFF, 0x80, 0xFF, 0xFF, 0xFF, 0xFF, 0xFF,
  0xFF, 0x3E, 0x7E, 0x38, 0xFE, 0x63, 0xFE, 0x4F, 0xFE, 0x7F, 0xF8, 0x7F,
  0xE2, 0x7F, 0x8E, 0x7F, 0x3E, 0x7F, 0xFF, 0xFF, 0xFF, 0xFF, 0xFF, 0x80,
  0xFF, 0xFF, 0xFF, 0xFF, 0xFF, 0xFF, 0x3E, 0x7E, 0x38, 0xFE, 0x63, 0xFE,
  0x4F, 0xFE, 0x7F, 0xF8, 0x7F, 0xE2, 0x7F, 0x8E, 0x7F, 0x3E, 0x7F, 0xFF,
  0xFF, 0xFF, 0xFF, 0xFF, 0x80, 0xFF, 0xFF, 0xFF, 0xFF, 0xFF, 0xFF, 0x3E,
  0x7E, 0x38, 0xFE, 0x63, 0xFE, 0x4F, 0xFE, 0x7F, 0xF8, 0x7F, 0xE2, 0x7F,
  0x8E, 0x7F, 0x3E, 0x7F, 0xFF, 0xFF, 0xFF, 0xFF, 0xFF, 0x80, 0xFF, 0xFF,
  0xFF, 0xFF, 0xFF, 0xFF, 0x3E, 0x7E, 0x38, 0xFE, 0x63, 0xFE, 0x4F, 0xFE,
  0x7F, 0xF8, 0x7F, 0xE2, 0x7F, 0x8E, 0x7F, 0x3E, 0x7F, 0xFF, 0xFF, 0xFF,
  0xFF, 0xFF, 0x80, 0xFF, 0xFF, 0xFF, 0xFF, 0xFF, 0xFF, 0x3E, 0x7E, 0x38,
  0xFE, 0x63, 0xFE, 0x4F, 0xFE, 0x7F, 0xF8, 0x7F, 0xE2, 0x7F, 0x8E, 0x7F,
  0x3E, 0x7F, 0xFF, 0xFF, 0xFF, 0xFF, 0xFF, 0x80, 0xFF, 0xFF, 0xFF, 0xFF,
  0xFF, 0xFF, 0x3E, 0x7E, 0x38, 0xFE, 0x63, 0xFE, 0x4F, 0xFE, 0x7F, 0xF8,
  0x7F, 0xE2, 0x7F, 0x8E, 0x7F, 0x3E, 0x7F, 0xFF, 0xFF, 0xFF, 0xFF, 0xFF,
  0x80, 0xFF, 0xFF, 0xFF, 0xFF, 0xFF, 0xFF, 0x3E, 0x7E, 0x38, 0xFE, 0x63,
  0xFE, 0x4F, 0xFE, 0x7F, 0xF8, 0x7F, 0xE2, 0x7F, 0x8E, 0x7F, 0x3E, 0x7F,
  0xFF, 0xFF, 0xFF, 0xFF, 0xFF, 0x80, 0xFF, 0xFF, 0xFF, 0xFF, 0xFF, 0xFF,
  0x3E, 0x7E, 0x38, 0xFE, 0x63, 0xFE, 0x4F, 0xFE, 0x7F, 0xF8, 0x7F, 0xE2,
  0x7F, 0x8E, 0x7F, 0x3E, 0x7F, 0xFF, 0xFF, 0xFF, 0xFF, 0xFF, 0x80, 0xFF,
  0xFF, 0xFF, 0xFF, 0xFF, 0xFF, 0x3E, 0x7E, 0x38, 0xFE, 0x63, 0xFE, 0x4F,
  0xFE, 0x7F, 0xF8, 0x7F, 0xE2, 0x7F, 0x8E, 0x7F, 0x3E, 0x7F, 0xFF, 0xFF,
  0xFF, 0xFF, 0xFF, 0x80, 0xFF, 0xFF, 0xFF, 0xFF, 0xFF, 0xFF, 0x3E, 0x7E,
  0x38, 0xFE, 0x63, 0xFE, 0x4F, 0xFE, 0x7F, 0xF8, 0x7F, 0xE2, 0x7F, 0x8E,
  0x7F, 0x3E, 0x7F, 0xFF, 0xFF, 0xFF, 0xFF, 0xFF, 0x80, 0xFF, 0xFF, 0xFF,
  0xFF, 0xFF, 0xFF, 0x3E, 0x7E, 0x38, 0xFE, 0x63, 0xFE, 0x4F, 0xFE, 0x7F,
  0xF8, 0x7F, 0xE2, 0x7F, 0x8E, 0x7F, 0x3E, 0x7F, 0xFF, 0xFF, 0xFF, 0xFF,
  0xFF, 0x80, 0xFF, 0xFF, 0xFF, 0xFF, 0xFF, 0xFF, 0x3E, 0x7E, 0x38, 0xFE,
  0x63, 0xFE, 0x4F, 0xFE, 0x7F, 0xF8, 0x7F, 0xE2, 0x7F, 0x8E, 0x7F, 0x3E,
  0x7F, 0xFF, 0xFF, 0xFF, 0xFF, 0xFF, 0x80, 0xFF, 0xFF, 0xFF, 0xFF, 0xFF,
  0xFF, 0x3E, 0x7E, 0x38, 0xFE, 0x63, 0xFE, 0x4F, 0xFE, 0x7F, 0xF8, 0x7F,
  0xE2, 0x7F, 0x8E, 0x7F, 0x3E, 0x7F, 0xFF, 0xFF, 0xFF, 0xFF, 0xFF, 0x80,
  0xFF, 0xFF, 0xFF, 0xFF, 0xFF, 0xFF, 0x3E, 0x7E, 0x38, 0xFE, 0x63, 0xFE,
  0x4F, 0xFE, 0x7F, 0xF8, 0x7F, 0xE2, 0x7F, 0x8E, 0x7F, 0x3E, 0x7F, 0xFF,
  0xFF, 0xFF, 0xFF, 0xFF, 0x80, 0xFF, 0xFF, 0xFF, 0xFF, 0xFF, 0xFF, 0x3E,
  0x7E, 0x38, 0xFE, 0x63, 0xFE, 0x4F, 0xFE, 0x7F, 0xF8, 0x7F, 0xE2, 0x7F,
  0x8E, 0x7F, 0x3E, 0x7F, 0xFF, 0xFF, 0xFF, 0xFF, 0xFF, 0x80, 0xFF, 0xFF,
  0xFF, 0xFF, 0xFF, 0xFF, 0x3E, 0x7E, 0x38, 0xFE, 0x63, 0xFE, 0x4F, 0xFE,
  0x7F, 0xF8, 0x7F, 0xE2, 0x7F, 0x8E, 0x7F, 0x3E, 0x7F, 0xFF, 0xFF, 0xFF,
  0xFF, 0xFF, 0x80, 0xFF, 0xFF, 0xFF, 0xFF, 0xFF, 0xFF, 0x3E, 0x7E, 0x38,
  0xFE, 0x63, 0xFE, 0x4F, 0xFE, 0x7F, 0xF8, 0x7F, 0xE2, 0x7F, 0x8E, 0x7F,
  0x3E, 0x7F, 0xFF, 0xFF, 0xFF, 0xFF, 0xFF, 0x80, 0xFF, 0xFF, 0xFF, 0xFF,
  0xFF, 0xFF, 0x3E, 0x7E, 0x38, 0xFE, 0x63, 0xFE, 0x4F, 0xFE, 0x7F, 0xF8,
  0x7F, 0xE2, 0x7F, 0x8E, 0x7F, 0x3E, 0x7F, 0xFF, 0xFF, 0xFF, 0xFF, 0xFF,
  0x80, 0xFF, 0xFF, 0xFF, 0xFF, 0xFF, 0xFF, 0x3E, 0x7E, 0x38, 0xFE, 0x63,
  0xFE, 0x4F, 0xFE, 0x7F, 0xF8, 0x7F, 0xE2, 0x7F, 0x8E, 0x7F, 0x3E, 0x7F,
  0xFF, 0xFF, 0xFF, 0xFF, 0xFF, 0x80, 0xFF, 0xFF, 0xFF, 0xFF, 0xFF, 0xFF,
  0x3E, 0x7E, 0x38, 0xFE, 0x63, 0xFE, 0x4F, 0xFE, 0x7F, 0xF8, 0x7F, 0xE2,
  0x7F, 0x8E, 0x7F, 0x3E, 0x7F, 0xFF, 0xFF, 0xFF, 0xFF, 0xFF, 0x80, 0xFF,
  0xFF, 0xFF, 0xFF, 0xFF, 0xFF, 0x3E, 0x7E, 0x38, 0xFE, 0x63, 0xFE, 0x4F,
  0xFE, 0x7F, 0xF8, 0x7F, 0xE2, 0x7F, 0x8E, 0x7F, 0x3E, 0x7F, 0xFF, 0xFF,
  0xFF, 0xFF, 0xFF, 0x80, 0xFF, 0xFF, 0xFF, 0xFF, 0xFF, 0xFF, 0x3E, 0x7E,
  0x38, 0xFE, 0x63, 0xFE, 0x4F, 0xFE, 0x7F, 0xF8, 0x7F, 0xE2, 0x7F, 0x8E,
  0x7F, 0x3E, 0x7F, 0xFF, 0xFF, 0xFF, 0xFF, 0xFF, 0x80, 0xFF, 0xFF, 0xFF,
  0xFF, 0xFF, 0xFF, 0x3E, 0x7E, 0x38, 0xFE, 0x63, 0xFE, 0x4F, 0xFE, 0x7F,
  0xF8, 0x7F, 0xE2, 0x7F, 0x8E, 0x7F, 0x3E, 0x7F, 0xFF, 0xFF, 0xFF, 0xFF,
  0xFF, 0x80, 0xFF, 0xFF, 0xFF, 0xFF, 0xFF, 0xFF, 0x3E, 0x7E, 0x38, 0xFE,
  0x63, 0xFE, 0x4F, 0xFE, 0x7F, 0xF8, 0x7F, 0xE2, 0x7F, 0x8E, 0x7F, 0x3E,
  0x7F, 0xFF, 0xFF, 0xFF, 0xFF, 0xFF, 0x80, 0xFF, 0xFF, 0xFF, 0xFF, 0xFF,
  0xFF, 0x3E, 0x7E, 0x38, 0xFE, 0x63, 0xFE, 0x4F, 0xFE, 0x7F, 0xF8, 0x7F,
  0xE2, 0x7F, 0x8E, 0x7F, 0x3E, 0x7F, 0xFF, 0xFF, 0xFF, 0xFF, 0xFF, 0x80,
  0xFF, 0xFF, 0xFF, 0xFF, 0xFF, 0xFF, 0x3E, 0x7E, 0x38, 0xFE, 0x63, 0xFE,
  0x4F, 0xFE, 0x7F, 0xF8, 0x7F, 0xE2, 0x7F, 0x8E, 0x7F, 0x3E, 0x7F, 0xFF,
  0xFF, 0xFF, 0xFF, 0xFF, 0x80, 0x00, 0x7F, 0x70, 0x06, 0x66, 0x66, 0x77,
  0x77, 0x77, 0x77, 0x70, 0x03, 0x00, 0x80, 0x20, 0x7F, 0x39, 0xDC, 0x37,
  0x0D, 0xC0, 0xF0, 0x3C, 0x0F, 0x01, 0xC0, 0x78, 0x4F, 0xF1, 0xF8, 0x10,
  0x04, 0x03, 0x00, 0x03, 0xF0, 0x1E, 0xF0, 0x38, 0x40, 0xE0, 0x01, 0xC0,
  0x03, 0x80, 0x07, 0x00, 0x3F, 0xC0, 0x1C, 0x00, 0x38, 0x00, 0x70, 0x70,
  0xE0, 0xE1, 0xC0, 0xEF, 0x03, 0xBF, 0xFF, 0x71, 0xF8, 0x40, 0x1C, 0x03,
  0x6F, 0x73, 0xFE, 0x39, 0xC3, 0x0E, 0x70, 0x67, 0x06, 0x30, 0xE3, 0xFC,
  0x7F, 0xEE, 0x67, 0xC0, 0x30, 0xFE, 0x3E, 0xF0, 0x38, 0xF0, 0x60, 0xE1,
  0x81, 0xE3, 0x01, 0xCC, 0x01, 0xD0, 0x3F, 0xFE, 0x7F, 0xFC, 0x07, 0x00,
  0x0E, 0x03, 0xFF, 0xE0, 0x38, 0x00, 0x70, 0x00, 0xE0, 0x07, 0xF8, 0xFF,
  0xFF, 0xFF, 0xE0, 0x0F, 0xFF, 0xFF, 0xFE, 0x0F, 0x0F, 0xF9, 0x83, 0x70,
  0x6E, 0x00, 0xF0, 0x1F, 0x86, 0xFC, 0xC7, 0xD8, 0x3F, 0x83, 0xFC, 0x37,
  0xE4, 0x7F, 0x81, 0xF0, 0x0E, 0xC0, 0xF8, 0x1B, 0xC7, 0x3F, 0x80, 0xE7,
  0xE7, 0x67, 0x01, 0xE0, 0x01, 0xFF, 0x01, 0x80, 0x60, 0xC0, 0x0C, 0x60,
  0xF1, 0x90, 0xFE, 0x24, 0x71, 0x8F, 0x18, 0x01, 0xC6, 0x00, 0x61, 0x80,
  0x1C, 0x60, 0x07, 0x18, 0x01, 0x47, 0x98, 0xD8, 0xFC, 0x22, 0x0C, 0x18,
  0xC0, 0x0C, 0x1C, 0x06, 0x01, 0xFF, 0x00, 0x0E, 0x00, 0x3F, 0x19, 0xE0,
  0x38, 0x0E, 0x3F, 0x9C, 0xEE, 0x39, 0x8E, 0x7F, 0x8E, 0x70, 0x04, 0x10,
  0xC3, 0x18, 0x63, 0x9E, 0x73, 0xCE, 0x38, 0xF3, 0xC7, 0x1C, 0x38, 0xE1,
  0xC3, 0x04, 0x10, 0xFF, 0xFF, 0xF0, 0x0C, 0x03, 0x00, 0xC0, 0x30, 0xFF,
  0xFF, 0xFF, 0xFF, 0xFF, 0xFF, 0x3E, 0x7E, 0x38, 0xFE, 0x63, 0xFE, 0x4F,
  0xFE, 0x7F, 0xF8, 0x7F, 0xE2, 0x7F, 0x8E, 0x7F, 0x3E, 0x7F, 0xFF, 0xFF,
  0xFF, 0xFF, 0xFF, 0x80, 0x01, 0xE0, 0x01, 0xFF, 0x01, 0x80, 0x60, 0xC0,
  0x0C, 0x67, 0xE1, 0x91, 0xFE, 0x24, 0x31, 0x8F, 0x0C, 0x61, 0xC3, 0x18,
  0x60, 0xFC, 0x1C, 0x3F, 0x07, 0x0C, 0xE1, 0x43, 0x18, 0xD9, 0xE7, 0x22,
  0x78, 0xD8, 0xC0, 0x0C, 0x1C, 0x06, 0x01, 0xFF, 0x00, 0x0E, 0x00, 0xFF,
  0xFC, 0x3E, 0x67, 0x43, 0xC3, 0x63, 0x77, 0x3E, 0x0C, 0x03, 0x00, 0xC0,
  0x30, 0xFF, 0xFF, 0xF0, 0xC0, 0x30, 0x0C, 0x00, 0x0F, 0xFF, 0xFF, 0x7E,
  0x77, 0x11, 0xC0, 0xE0, 0x60, 0x70, 0x70, 0x63, 0x7F, 0x7F, 0x80, 0xFE,
  0x4E, 0x06, 0x0E, 0x38, 0x2E, 0x07, 0x07, 0x0E, 0x7C, 0x11, 0xDE, 0xEC,
  0x00, 0xF3, 0xEF, 0x0E, 0x70, 0xE7, 0x0E, 0x70, 0xE7, 0x0E, 0x70, 0xE7,
  0x0E, 0x70, 0xE7, 0x0E, 0x7F, 0xE6, 0xEF, 0x60, 0x06, 0x00, 0x60, 0x06,
  0x00, 0x1F, 0xFC, 0xFF, 0xF7, 0xE3, 0x9F, 0x8E, 0xFE, 0x3B, 0xF8, 0xE7,
  0xE3, 0x9F, 0x8E, 0x3E, 0x38, 0x38, 0xE0, 0x63, 0x81, 0x8E, 0x06, 0x38,
  0x18, 0xE0, 0x63, 0x81, 0x8E, 0x06, 0x38, 0x78, 0xF0, 0xEF, 0xE0, 0x30,
  0x87, 0xFF, 0x00, 0x39, 0xF0, 0x60, 0xC1, 0x83, 0x06, 0x0C, 0x18, 0xFC,
  0x3E, 0x31, 0xB8, 0xF8, 0x7C, 0x3E, 0x1F, 0x8F, 0xC6, 0x77, 0x0E, 0x00,
  0x82, 0x0C, 0x30, 0x61, 0x87, 0x9C, 0x3C, 0xE1, 0xC7, 0x3C, 0xF3, 0x8E,
  0x71, 0xCC, 0x38, 0x82, 0x00, 0x00, 0x06, 0x07, 0x01, 0x83, 0xE0, 0x30,
  0x0C, 0x0C, 0x01, 0x81, 0x80, 0x30, 0x60, 0x06, 0x0C, 0x00, 0xC3, 0x00,
  0x18, 0x67, 0x03, 0x18, 0xE1, 0xFB, 0x38, 0x00, 0xC6, 0x00, 0x19, 0xD8,
  0x02, 0x33, 0x00, 0xCD, 0xF8, 0x10, 0xFF, 0x06, 0x01, 0x80, 0x80, 0x30,
  0x30, 0x00, 0x00, 0x00, 0x06, 0x03, 0x80, 0xC0, 0xF8, 0x0C, 0x01, 0x81,
  0x80, 0x18, 0x18, 0x01, 0x83, 0x00, 0x18, 0x30, 0x01, 0x86, 0x00, 0x18,
  0x6F, 0xC1, 0x8D, 0xDC, 0x7E, 0xC8, 0xE0, 0x18, 0x0E, 0x01, 0x80, 0xC0,
  0x10, 0x1C, 0x03, 0x03, 0x80, 0x20, 0x63, 0x06, 0x0F, 0xE0, 0x41, 0xFE,
  0x0C, 0x00, 0x00, 0x00, 0x03, 0x07, 0xF0, 0x30, 0x13, 0x81, 0x80, 0x0C,
  0x18, 0x00, 0xE0, 0xC0, 0x1C, 0x0C, 0x00, 0xB8, 0x60, 0x00, 0xE6, 0x00,
  0x07, 0x31, 0xC0, 0x73, 0x0E, 0x1F, 0x18, 0xE0, 0x01, 0x86, 0x00, 0x0C,
  0x76, 0x00, 0x43, 0x30, 0x06, 0x37, 0xE0, 0x20, 0xFF, 0x03, 0x00, 0x60,
  0x10, 0x03, 0x01, 0x80, 0x00, 0x0E, 0x0F, 0x07, 0x80, 0x00, 0x00, 0x00,
  0x30, 0x1C, 0x0E, 0x07, 0x0F, 0x0E, 0x0E, 0x07, 0x03, 0x81, 0xC0, 0xE0,
  0x7C, 0x5F, 0xE1, 0xC0, 0x06, 0x00, 0x0E, 0x00, 0x07, 0x00, 0x01, 0x00,
  0x00, 0x00, 0x03, 0xC0, 0x03, 0xC0, 0x07, 0xC0, 0x06, 0xE0, 0x0E, 0xE0,
  0x0C, 0xE0, 0x0C, 0xF0, 0x1C, 0x70, 0x18, 0x70, 0x18, 0x78, 0x3F, 0xF8,
  0x3F, 0xF8, 0x30, 0x3C, 0x70, 0x3C, 0x70, 0x1C, 0xF8, 0x7F, 0x00, 0x60,
  0x00, 0xE0, 0x01, 0xC0, 0x00, 0x80, 0x00, 0x00, 0x03, 0xC0, 0x03, 0xC0,
  0x07, 0xC0, 0x06, 0xE0, 0x0E, 0xE0, 0x0C, 0xE0, 0x0C, 0xF0, 0x1C, 0x70,
  0x18, 0x70, 0x18, 0x78, 0x3F, 0xF8, 0x3F, 0xF8, 0x30, 0x3C, 0x70, 0x3C,
  0x70, 0x1C, 0xF8, 0x7F, 0x01, 0xC0, 0x03, 0xE0, 0x06, 0x70, 0x0C, 0x20,
  0x00, 0x00, 0x03, 0xC0, 0x03, 0xC0, 0x07, 0xC0, 0x06, 0xE0, 0x0E, 0xE0,
  0x0C, 0xE0, 0x0C, 0xF0, 0x1C, 0x70, 0x18, 0x70, 0x18, 0x78, 0x3F, 0xF8,
  0x3F, 0xF8, 0x30, 0x3C, 0x70, 0x3C, 0x70, 0x1C, 0xF8, 0x7F, 0x06, 0x20,
  0x0F, 0x20, 0x09, 0xE0, 0x00, 0x80, 0x00, 0x00, 0x03, 0xC0, 0x03, 0xC0,
  0x07, 0xC0, 0x06, 0xE0, 0x0E, 0xE0, 0x0C, 0xE0, 0x0C, 0xF0, 0x1C, 0x70,
  0x18, 0x70, 0x18, 0x78, 0x3F, 0xF8, 0x3F, 0xF8, 0x30, 0x3C, 0x70, 0x3C,
  0x70, 0x1C, 0xF8, 0x7F, 0x0E, 0x60, 0x0E, 0xF0, 0x0E, 0xE0, 0x04, 0x40,
  0x00, 0x00, 0x03, 0xC0, 0x03, 0xC0, 0x07, 0xC0, 0x06, 0xE0, 0x0E, 0xE0,
  0x0C, 0xE0, 0x0C, 0xF0, 0x1C, 0x70, 0x18, 0x70, 0x18, 0x78, 0x3F, 0xF8,
  0x3F, 0xF8, 0x30, 0x3C, 0x70, 0x3C, 0x70, 0x1C, 0xF8, 0x7F, 0x03, 0x80,
  0x07, 0xC0, 0x0C, 0x40, 0x0C, 0x40, 0x06, 0xC0, 0x03, 0x80, 0x00, 0x00,
  0x03, 0xC0, 0x03, 0xC0, 0x07, 0xC0, 0x06, 0xE0, 0x0E, 0xE0, 0x0C, 0xE0,
  0x0C, 0xF0, 0x1C, 0x70, 0x18, 0x70, 0x18, 0x78, 0x3F, 0xF8, 0x3F, 0xF8,
  0x30, 0x3C, 0x70, 0x3C, 0x70, 0x1C, 0xF8, 0x7F, 0x0F, 0xFF, 0xF0, 0x0E,
  0xF0, 0xC0, 0x1B, 0xC1, 0x00, 0xCF, 0x06, 0x03, 0x3C, 0x00, 0x1C, 0xF1,
  0x00, 0x63, 0xC4, 0x01, 0x8F, 0xF0, 0x0C, 0x3F, 0xC0, 0x30, 0xF1, 0x01,
  0xFF, 0xC0, 0x07, 0xFF, 0x00, 0x38, 0x3C, 0x0C, 0xE0, 0xF0, 0x73, 0x03,
  0xCF, 0xBF, 0x1F, 0xFE, 0x07, 0xF8, 0xF1, 0xCE, 0x0E, 0x70, 0x37, 0x01,
  0xB8, 0x01, 0xC0, 0x1E, 0x00, 0xF0, 0x07, 0x80, 0x1C, 0x00, 0xE0, 0x07,
  0x81, 0x9C, 0x0C, 0x78, 0xE1, 0xFE, 0x01, 0x80, 0x04, 0x00, 0x30, 0x0F,
  0x80, 0x78, 0x00, 0x0C, 0x00, 0xE0, 0x03, 0x80, 0x04, 0x00, 0x00, 0x7F,
  0xF1, 0xE1, 0x87, 0x06, 0x38, 0x31, 0xC0, 0x0E, 0x20, 0x71, 0x03, 0xF8,
  0x1D, 0xC0, 0xE2, 0x07, 0x00, 0x38, 0x01, 0xC0, 0xCE, 0x0E, 0xF3, 0xFF,
  0xFF, 0x00, 0x01, 0x80, 0x1C, 0x01, 0xC0, 0x04, 0x00, 0x00, 0x7F, 0xF1,
  0xE1, 0x87, 0x06, 0x38, 0x31, 0xC0, 0x0E, 0x20, 0x71, 0x03, 0xF8, 0x1D,
  0xC0, 0xE2, 0x07, 0x00, 0x38, 0x01, 0xC0, 0xCE, 0x0E, 0xF3, 0xFF, 0xFF,
  0x00, 0x07, 0x00, 0x7C, 0x06, 0x70, 0x61, 0x00, 0x00, 0x7F, 0xF1, 0xE1,
  0x87, 0x06, 0x38, 0x31, 0xC0, 0x0E, 0x20, 0x71, 0x03, 0xF8, 0x1D, 0xC0,
  0xE2, 0x07, 0x00, 0x38, 0x01, 0xC0, 0xCE, 0x0E, 0xF3, 0xFF, 0xFF, 0x00,
  0x39, 0x81, 0xDE, 0x0E, 0xE0, 0x22, 0x00, 0x00, 0x7F, 0xF1, 0xE1, 0x87,
  0x06, 0x38, 0x31, 0xC0, 0x0E, 0x20, 0x71, 0x03, 0xF8, 0x1D, 0xC0, 0xE2,
  0x07, 0x00, 0x38, 0x01, 0xC0, 0xCE, 0x0E, 0xF3, 0xFF, 0xFF, 0x00, 0x61,
  0xC1, 0xC0, 0x80, 0x1F, 0xDF, 0x1C, 0x38, 0x70, 0xE1, 0xC3, 0x87, 0x0E,
  0x1C, 0x38, 0x70, 0xE1, 0xCF, 0xE0, 0x0C, 0x38, 0xE0, 0x80, 0x1F, 0xDF,
  0x1C, 0x38, 0x70, 0xE1, 0xC3, 0x87, 0x0E, 0x1C, 0x38, 0x70, 0xE1, 0xCF,
  0xE0, 0x1C, 0x3E, 0x67, 0xC2, 0x00, 0x7F, 0x3E, 0x1C, 0x1C, 0x1C, 0x1C,
  0x1C, 0x1C, 0x1C, 0x1C, 0x1C, 0x1C, 0x1C, 0x1C, 0x1C, 0x7F, 0xE6, 0xEF,
  0xEE, 0x44, 0x00, 0xFE, 0x7C, 0x38, 0x38, 0x38, 0x38, 0x38, 0x38, 0x38,
  0x38, 0x38, 0x38, 0x38, 0x38, 0x38, 0xFE, 0xFF, 0xE0, 0xF1, 0xE0, 0xE0,
  0xE1, 0xC1, 0xE3, 0x81, 0xC7, 0x03, 0xCE, 0x07, 0xFF, 0x0F, 0x38, 0x1E,
  0x70, 0x3C, 0xE0, 0x71, 0xC0, 0xE3, 0x83, 0xC7, 0x07, 0x1E, 0x3C, 0x7F,
  0xE0, 0x06, 0x20, 0x0F, 0x20, 0x09, 0xE0, 0x00, 0x80, 0x00, 0x00, 0xF8,
  0x3F, 0x7C, 0x1E, 0x7C, 0x0C, 0x6E, 0x0C, 0x6F, 0x0C, 0x67, 0x0C, 0x67,
  0x8C, 0x63, 0xCC, 0x61, 0xCC, 0x61, 0xEC, 0x60, 0xEC, 0x60, 0xFC, 0x60,
  0x7C, 0x60, 0x3C, 0x60, 0x3C, 0xF8, 0x1C, 0x06, 0x00, 0x38, 0x00, 0x70,
  0x00, 0x40, 0x00, 0x00, 0x3F, 0x83, 0x8F, 0x1C, 0x1E, 0x70, 0x3B, 0xC0,
  0xFE, 0x03, 0xF8, 0x07, 0xE0, 0x1F, 0x80, 0x7E, 0x03, 0xF8, 0x0F, 0xF0,
  0x3B, 0xC0, 0xE7, 0x07, 0x0E, 0x38, 0x1F, 0xC0, 0x00, 0xC0, 0x07, 0x00,
  0x38, 0x00, 0x40, 0x00, 0x00, 0x3F, 0x83, 0x8F, 0x1C, 0x1E, 0x70, 0x3B,
  0xC0, 0xFE, 0x03, 0xF8, 0x07, 0xE0, 0x1F, 0x80, 0x7E, 0x03, 0xF8, 0x0F,
  0xF0, 0x3B, 0xC0, 0xE7, 0x07, 0x0E, 0x38, 0x1F, 0xC0, 0x03, 0x80, 0x1F,
  0x00, 0xCE, 0x06, 0x10, 0x00, 0x00, 0x3F, 0x83, 0x8F, 0x1C, 0x1E, 0x70,
  0x3B, 0xC0, 0xFE, 0x03, 0xF8, 0x07, 0xE0, 0x1F, 0x80, 0x7E, 0x03, 0xF8,
  0x0F, 0xF0, 0x3B, 0xC0, 0xE7, 0x07, 0x0E, 0x38, 0x1F, 0xC0, 0x0C, 0x40,
  0x79, 0x01, 0x3C, 0x00, 0x40, 0x00, 0x00, 0x3F, 0x83, 0x8F, 0x1C, 0x1E,
  0x70, 0x3B, 0xC0, 0xFE, 0x03, 0xF8, 0x07, 0xE0, 0x1F, 0x80, 0x7E, 0x03,
  0xF8, 0x0F, 0xF0, 0x3B, 0xC0, 0xE7, 0x07, 0x0E, 0x38, 0x1F, 0xC0, 0x1C,
  0xC0, 0x77, 0x81, 0xDC, 0x02, 0x20, 0x00, 0x00, 0x3F, 0x83, 0x8F, 0x1C,
  0x1E, 0x70, 0x3B, 0xC0, 0xFE, 0x03, 0xF8, 0x07, 0xE0, 0x1F, 0x80, 0x7E,
  0x03, 0xF8, 0x0F, 0xF0, 0x3B, 0xC0, 0xE7, 0x07, 0x0E, 0x38, 0x1F, 0xC0,
  0x40, 0xB8, 0x77, 0x38, 0xFC, 0x1E, 0x07, 0x83, 0xF1, 0xCE, 0xE1, 0xD0,
  0x20, 0x00, 0x20, 0x00, 0x80, 0xFE, 0x0E, 0x3C, 0x70, 0x79, 0xC2, 0xEF,
  0x0B, 0xF8, 0x4F, 0xE1, 0x1F, 0x84, 0x7E, 0x21, 0xF8, 0x8F, 0xE4, 0x3F,
  0xD0, 0xEF, 0x43, 0x9E, 0x1C, 0x38, 0xE0, 0x7F, 0x01, 0x00, 0x04, 0x00,
  0x03, 0x00, 0x07, 0x00, 0x03, 0x80, 0x00, 0x80, 0x00, 0x00, 0xFE, 0x3F,
  0x7C, 0x1E, 0x38, 0x0C, 0x38, 0x0C, 0x38, 0x0C, 0x38, 0x0C, 0x38, 0x0C,
  0x38, 0x0C, 0x38, 0x0C, 0x38, 0x0C, 0x38, 0x0C, 0x38, 0x0C, 0x38, 0x0C,
  0x1C, 0x18, 0x1E, 0x38, 0x07, 0xE0, 0x00, 0x60, 0x00, 0xE0, 0x01, 0xC0,
  0x00, 0x80, 0x00, 0x00, 0xFE, 0x3F, 0x7C, 0x1E, 0x38, 0x0C, 0x38, 0x0C,
  0x38, 0x0C, 0x38, 0x0C, 0x38, 0x0C, 0x38, 0x0C, 0x38, 0x0C, 0x38, 0x0C,
  0x38, 0x0C, 0x38, 0x0C, 0x38, 0x0C, 0x1C, 0x18, 0x1E, 0x38, 0x07, 0xE0,
  0x01, 0xC0, 0x03, 0xE0, 0x06, 0x70, 0x0C, 0x20, 0x00, 0x00, 0xFE, 0x3F,
  0x7C, 0x1E, 0x38, 0x0C, 0x38, 0x0C, 0x38, 0x0C, 0x38, 0x0C, 0x38, 0x0C,
  0x38, 0x0C, 0x38, 0x0C, 0x38, 0x0C, 0x38, 0x0C, 0x38, 0x0C, 0x38, 0x0C,
  0x1C, 0x18, 0x1E, 0x38, 0x07, 0xE0, 0x0E, 0x60, 0x0E, 0xF0, 0x0E, 0xE0,
  0x04, 0x40, 0x00, 0x00, 0xFE, 0x3F, 0x7C, 0x1E, 0x38, 0x0C, 0x38, 0x0C,
  0x38, 0x0C, 0x38, 0x0C, 0x38, 0x0C, 0x38, 0x0C, 0x38, 0x0C, 0x38, 0x0C,
  0x38, 0x0C, 0x38, 0x0C, 0x38, 0x0C, 0x1C, 0x18, 0x1E, 0x38, 0x07, 0xE0,
  0x00, 0xC0, 0x07, 0x00, 0x38, 0x00, 0x40, 0x00, 0x03, 0xF1, 0xFF, 0x83,
  0xDE, 0x0E, 0x38, 0x30, 0xF1, 0x81, 0xC6, 0x03, 0xB0, 0x0E, 0xC0, 0x1E,
  0x00, 0x78, 0x01, 0xE0, 0x07, 0x80, 0x1E, 0x00, 0x78, 0x01, 0xE0, 0x1F,
  0xE0, 0xFE, 0x03, 0xC0, 0x0E, 0x00, 0x7F, 0x83, 0xFF, 0x1C, 0x38, 0xE1,
  0xE7, 0x0F, 0x38, 0x79, 0xC3, 0xCE, 0x1C, 0x7F, 0xC3, 0x80, 0x1C, 0x01,
  0xE0, 0x1F, 0xC0, 0x07, 0xC0, 0x67, 0x86, 0x1C, 0x70, 0xE3, 0x87, 0x3C,
  0x71, 0xE3, 0x0F, 0x38, 0x79, 0xC3, 0xCF, 0x1E, 0x3C, 0xF0, 0xF7, 0x83,
  0xBC, 0x1D, 0xE0, 0xEF, 0x4F, 0xFB, 0xF0, 0x10, 0x03, 0x80, 0x1C, 0x00,
  0xE0, 0x06, 0x00, 0x00, 0x00, 0x01, 0xF8, 0x7F, 0xC4, 0x1C, 0x01, 0xC0,
  0x0C, 0x1F, 0xC7, 0x8C, 0x70, 0xCF, 0x0C, 0x70, 0xC7, 0xFC, 0x3E, 0xF0,
  0x00, 0x80, 0x1C, 0x03, 0xC0, 0x38, 0x06, 0x00, 0x00, 0x00, 0x01, 0xF8,
  0x7F, 0xC4, 0x1C, 0x01, 0xC0, 0x0C, 0x1F, 0xC7, 0x8C, 0x70, 0xCF, 0x0C,
  0x70, 0xC7, 0xFC, 0x3E, 0xF0, 0x06, 0x00, 0xF0, 0x0F, 0x01, 0x98, 0x30,
  0xC2, 0x04, 0x00, 0x01, 0xF8, 0x7F, 0xC4, 0x1C, 0x01, 0xC0, 0x0C, 0x1F,
  0xC7, 0x8C, 0x70, 0xCF, 0x0C, 0x70, 0xC7, 0xFC, 0x3E, 0xF0, 0x1C, 0x41,
  0xFC, 0x33, 0x80, 0x00, 0x00, 0x01, 0xF8, 0x7F, 0xC4, 0x1C, 0x01, 0xC0,
  0x0C, 0x1F, 0xC7, 0x8C, 0x70, 0xCF, 0x0C, 0x70, 0xC7, 0xFC, 0x3E, 0xF0,
  0x39, 0xC3, 0x9C, 0x19, 0xC0, 0x00, 0x00, 0x01, 0xF8, 0x7F, 0xC4, 0x1C,
  0x01, 0xC0, 0x0C, 0x1F, 0xC7, 0x8C, 0x70, 0xCF, 0x0C, 0x70, 0xC7, 0xFC,
  0x3E, 0xF0, 0x0F, 0x01, 0x98, 0x11, 0x81, 0x98, 0x0F, 0x00, 0x00, 0x1F,
  0x87, 0xFC, 0x41, 0xC0, 0x1C, 0x00, 0xC1, 0xFC, 0x78, 0xC7, 0x0C, 0xF0,
  0xC7, 0x0C, 0x7F, 0xC3, 0xEF, 0x1F, 0xBF, 0x1F, 0xFC, 0xE4, 0x1E, 0x18,
  0x07, 0x87, 0x01, 0xC1, 0xC7, 0xFF, 0xF7, 0x8C, 0x01, 0xC3, 0x80, 0xF0,
  0xE0, 0x1C, 0x7C, 0x27, 0xF7, 0xFC, 0xF8, 0xFC, 0x1F, 0xB8, 0xD8, 0x7C,
  0x3E, 0x07, 0x03, 0x81, 0xC0, 0xE0, 0x78, 0x5F, 0xE7, 0xE0, 0xC0, 0x20,
  0x18, 0x7C, 0x3C, 0x00, 0x10, 0x0E, 0x01, 0xC0, 0x38, 0x06, 0x00, 0x00,
  0x00, 0xFC, 0x73, 0xB8, 0x7E, 0x1F, 0x87, 0xFF, 0xF8, 0x0E, 0x03, 0x80,
  0xF0, 0x5F, 0xF3, 0xF0, 0x01, 0x00, 0xE0, 0x78, 0x1C, 0x0C, 0x00, 0x00,
  0x00, 0xFC, 0x73, 0xB8, 0x7E, 0x1F, 0x87, 0xFF, 0xF8, 0x0E, 0x03, 0x80,
  0xF0, 0x5F, 0xF3, 0xF0, 0x0C, 0x07, 0x81, 0xE0, 0xCC, 0x61, 0x90, 0x20,
  0x00, 0xFC, 0x73, 0xB8, 0x7E, 0x1F, 0x87, 0xFF, 0xF8, 0x0E, 0x03, 0x80,
  0xF0, 0x5F, 0xF3, 0xF0, 0x73, 0x9C, 0xE3, 0x38, 0x00, 0x00, 0x0F, 0xC7,
  0x3B, 0x87, 0xE1, 0xF8, 0x7F, 0xFF, 0x80, 0xE0, 0x38, 0x0F, 0x05, 0xFF,
  0x3F, 0x00, 0x41, 0xC1, 0xC1, 0xC1, 0x80, 0x00, 0x3C, 0x78, 0x70, 0xE1,
  0xC3, 0x87, 0x0E, 0x1C, 0x38, 0x71, 0xF8, 0x08, 0x73, 0xCE, 0x60, 0x00,
  0x3C, 0xF1, 0xC7, 0x1C, 0x71, 0xC7, 0x1C, 0x71, 0xCF, 0xC0, 0x18, 0x3C,
  0x3C, 0x66, 0xC3, 0x81, 0x00, 0x78, 0x78, 0x38, 0x38, 0x38, 0x38, 0x38,
  0x38, 0x38, 0x38, 0x38, 0x7E, 0xE7, 0xE7, 0x67, 0x00, 0x00, 0x3C, 0x3C,
  0x1C, 0x1C, 0x1C, 0x1C, 0x1C, 0x1C, 0x1C, 0x1C, 0x1C, 0x3F, 0x04, 0x0C,
  0xC1, 0xF0, 0x0F, 0x03, 0x70, 0x27, 0x00, 0x60, 0x0E, 0x3F, 0xCE, 0x3D,
  0xC3, 0xF0, 0x7E, 0x0F, 0xC1, 0xF8, 0x3F, 0x07, 0xE0, 0xFE, 0x39, 0xCE,
  0x1F, 0x80, 0x1C, 0x40, 0xFE, 0x0C, 0xE0, 0x00, 0x00, 0x00, 0x7B, 0xF3,
  0xFF, 0x8E, 0x0E, 0x70, 0x73, 0x83, 0x9C, 0x1C, 0xE0, 0xE7, 0x07, 0x38,
  0x39, 0xC1, 0xCE, 0x0E, 0xFC, 0xF8, 0x10, 0x07, 0x00, 0x70, 0x07, 0x00,
  0x60, 0x00, 0x00, 0x00, 0xFC, 0x71, 0xDC, 0x3F, 0x83, 0xF0, 0x7E, 0x0F,
  0xC1, 0xF8, 0x3F, 0x07, 0xF1, 0xCE, 0x38, 0xFC, 0x00, 0x01, 0x00, 0x70,
  0x1E, 0x03, 0x80, 0xC0, 0x00, 0x00, 0x00, 0xFC, 0x71, 0xDC, 0x3F, 0x83,
  0xF0, 0x7E, 0x0F, 0xC1, 0xF8, 0x3F, 0x07, 0xF1, 0xCE, 0x38, 0xFC, 0x00,
  0x0C, 0x03, 0xC0, 0x78, 0x19, 0x86, 0x18, 0x81, 0x00, 0x00, 0xFC, 0x71,
  0xDC, 0x3F, 0x83, 0xF0, 0x7E, 0x0F, 0xC1, 0xF8, 0x3F, 0x07, 0xF1, 0xCE,
  0x38, 0xFC, 0x00, 0x38, 0x87, 0xF1, 0x9C, 0x00, 0x00, 0x00, 0x3F, 0x1C,
  0x77, 0x0F, 0xE0, 0xFC, 0x1F, 0x83, 0xF0, 0x7E, 0x0F, 0xC1, 0xFC, 0x73,
  0x8E, 0x3F, 0x00, 0x73, 0x8E, 0x70, 0xCE, 0x00, 0x00, 0x00, 0x3F, 0x1C,
  0x77, 0x0F, 0xE0, 0xFC, 0x1F, 0x83, 0xF0, 0x7E, 0x0F, 0xC1, 0xFC, 0x73,
  0x8E, 0x3F, 0x00, 0x0E, 0x03, 0x80, 0xE0, 0x00, 0x00, 0x3F, 0xFF, 0xFC,
  0x00, 0x00, 0x03, 0x81, 0xE0, 0x38, 0x00, 0x80, 0x10, 0xFE, 0x38, 0xEE,
  0x1F, 0xC5, 0xF8, 0xBF, 0x27, 0xE4, 0xFD, 0x1F, 0xA3, 0xF8, 0xE7, 0x1C,
  0x7E, 0x08, 0x03, 0x00, 0x10, 0x03, 0x80, 0x1C, 0x00, 0xE0, 0x06, 0x00,
  0x00, 0x00, 0x0F, 0x3E, 0xF0, 0xE7, 0x0E, 0x70, 0xE7, 0x0E, 0x70, 0xE7,
  0x0E, 0x70, 0xE7, 0x0E, 0x70, 0xE7, 0xFE, 0x3E, 0xF0, 0x01, 0x00, 0x38,
  0x07, 0x80, 0x70, 0x0C, 0x00, 0x00, 0x00, 0x0F, 0x3E, 0xF0, 0xE7, 0x0E,
  0x70, 0xE7, 0x0E, 0x70, 0xE7, 0x0E, 0x70, 0xE7, 0x0E, 0x70, 0xE7, 0xFE,
  0x3E, 0xF0, 0x06, 0x00, 0xF0, 0x0F, 0x01, 0x98, 0x30, 0xC2, 0x04, 0x00,
  0x0F, 0x3E, 0xF0, 0xE7, 0x0E, 0x70, 0xE7, 0x0E, 0x70, 0xE7, 0x0E, 0x70,
  0xE7, 0x0E, 0x70, 0xE7, 0xFE, 0x3E, 0xF0, 0x73, 0x87, 0x38, 0x33, 0x80,
  0x00, 0x00, 0x0F, 0x3E, 0xF0, 0xE7, 0x0E, 0x70, 0xE7, 0x0E, 0x70, 0xE7,
  0x0E, 0x70, 0xE7, 0x0E, 0x70, 0xE7, 0xFE, 0x3E, 0xF0, 0x00, 0x80, 0x0E,
  0x00, 0xF0, 0x07, 0x00, 0x60, 0x00, 0x00, 0x00, 0x1F, 0x9F, 0x78, 0x73,
  0xC3, 0x0E, 0x18, 0x70, 0xC1, 0xCC, 0x0E, 0x60, 0x73, 0x01, 0xF0, 0x0F,
  0x80, 0x7C, 0x01, 0xC0, 0x06, 0x00, 0x30, 0x03, 0x00, 0xF8, 0x07, 0x80,
  0x10, 0x07, 0xC0, 0x0E, 0x00, 0x70, 0x03, 0x80, 0x1C, 0x00, 0xFF, 0x07,
  0xFC, 0x38, 0xF1, 0xC3, 0x8E, 0x1C, 0x70, 0xF3, 0x87, 0x9C, 0x38, 0xE1,
  0xC7, 0x0C, 0x38, 0xE1, 0xFC, 0x0E, 0x00, 0x70, 0x03, 0x80, 0x1C, 0x03,
  0xF8, 0x00, 0x39, 0xC1, 0xCE, 0x06, 0x70, 0x00, 0x00, 0x00, 0x7E, 0x7D,
  0xE1, 0xCF, 0x0C, 0x38, 0x61, 0xC3, 0x07, 0x30, 0x39, 0x81, 0xCC, 0x07,
  0xC0, 0x3E, 0x01, 0xF0, 0x07, 0x00, 0x18, 0x00, 0xC0, 0x0C, 0x03, 0xE0,
  0x1E, 0x00 };

const GFXglyph Merriweather_Bold11pt8bGlyphs[] PROGMEM = {
  {     0,   1,   1,   5,    0,    0 },   // 0x20 ' '
  {     1,   4,  19,   6,    1,  -18 },   // 0x21 '!'
  {    11,   8,   8,  11,    2,  -17 },   // 0x22 '"'
  {    19,  13,  17,  15,    1,  -16 },   // 0x23 '#'
  {    47,  11,  22,  14,    2,  -18 },   // 0x24 '$'
  {    78,  21,  16,  23,    1,  -15 },   // 0x25 '%'
  {   120,  15,  16,  16,    1,  -15 },   // 0x26 '&'
  {   150,   4,   8,   7,    2,  -17 },   // 0x27 '''
  {   154,   7,  22,  10,    1,  -17 },   // 0x28 '('
  {   174,   6,  22,  10,    2,  -17 },   // 0x29 ')'
  {   191,  12,  11,  14,    1,  -17 },   // 0x2A '*'
  {   208,  10,  10,  14,    2,  -11 },   // 0x2B '+'
  {   221,   4,   8,   6,    1,   -2 },   // 0x2C ','
  {   225,   8,   2,  12,    2,   -7 },   // 0x2D '-'
  {   227,   4,   3,   6,    1,   -2 },   // 0x2E '.'
  {   229,   7,  21,   9,    1,  -16 },   // 0x2F '/'
  {   248,  12,  16,  14,    1,  -15 },   // 0x30 '0'
  {   272,   8,  16,  10,    1,  -15 },   // 0x31 '1'
  {   288,  12,  16,  13,    0,  -15 },   // 0x32 '2'
  {   312,  10,  16,  12,    1,  -15 },   // 0x33 '3'
  {   332,  12,  16,  14,    1,  -15 },   // 0x34 '4'
  {   356,  10,  16,  13,    1,  -15 },   // 0x35 '5'
  {   376,  11,  17,  13,    1,  -16 },   // 0x36 '6'
  {   400,  11,  16,  13,    1,  -15 },   // 0x37 '7'
  {   422,  11,  16,  13,    1,  -15 },   // 0x38 '8'
  {   444,  11,  17,  13,    1,  -15 },   // 0x39 '9'
  {   468,   4,  12,   6,    1,  -11 },   // 0x3A ':'
  {   474,   4,  17,   6,    1,  -11 },   // 0x3B ';'
  {   483,  10,  12,  14,    2,  -11 },   // 0x3C '<'
  {   498,  10,   8,  14,    2,  -10 },   // 0x3D '='
  {   508,  11,  11,  14,    2,  -11 },   // 0x3E '>'
  {   524,   9,  20,  11,    1,  -19 },   // 0x3F '?'
  {   547,  19,  23,  23,    2,  -16 },   // 0x40 '@'
  {   602,  16,  16,  15,    0,  -15 },   // 0x41 'A'
  {   634,  14,  16,  15,    1,  -15 },   // 0x42 'B'
  {   662,  13,  16,  14,    0,  -15 },   // 0x43 'C'
  {   688,  15,  16,  16,    1,  -15 },   // 0x44 'D'
  {   718,  13,  16,  14,    1,  -15 },   // 0x45 'E'
  {   744,  12,  16,  13,    1,  -15 },   // 0x46 'F'
  {   768,  14,  16,  16,    1,  -15 },   // 0x47 'G'
  {   796,  16,  16,  18,    1,  -15 },   // 0x48 'H'
  {   828,   7,  16,   9,    1,  -15 },   // 0x49 'I'
  {   842,   8,  20,   9,    0,  -15 },   // 0x4A 'J'
  {   862,  15,  16,  16,    1,  -15 },   // 0x4B 'K'
  {   892,  12,  16,  14,    1,  -15 },   // 0x4C 'L'
  {   916,  22,  16,  22,    0,  -15 },   // 0x4D 'M'
  {   960,  16,  16,  17,    1,  -15 },   // 0x4E 'N'
  {   992,  14,  16,  16,    1,  -15 },   // 0x4F 'O'
  {  1020,  13,  16,  14,    1,  -15 },   // 0x50 'P'
  {  1046,  16,  20,  16,    1,  -15 },   // 0x51 'Q'
  {  1086,  15,  16,  16,    1,  -15 },   // 0x52 'R'
  {  1116,  11,  16,  13,    1,  -15 },   // 0x53 'S'
  {  1138,  15,  16,  15,    0,  -15 },   // 0x54 'T'
  {  1168,  16,  16,  16,    0,  -15 },   // 0x55 'U'
  {  1200,  15,  16,  15,    0,  -15 },   // 0x56 'V'
  {  1230,  22,  16,  22,    0,  -15 },   // 0x57 'W'
  {  1274,  15,  16,  16,    0,  -15 },   // 0x58 'X'
  {  1304,  14,  16,  14,    0,  -15 },   // 0x59 'Y'
  {  1332,  13,  16,  14,    0,  -15 },   // 0x5A 'Z'
  {  1358,   6,  20,  10,    2,  -16 },   // 0x5B '['
  {  1373,   8,  21,   9,    0,  -16 },   // 0x5C '\'
  {  1394,   5,  20,  10,    2,  -16 },   // 0x5D ']'
  {  1407,  11,  13,  14,    2,  -15 },   // 0x5E '^'
  {  1425,  11,   1,  11,    0,    2 },   // 0x5F '_'
  {  1427,   5,   5,   9,    2,  -18 },   // 0x60 '`'
  {  1431,  12,  12,  12,    0,  -11 },   // 0x61 'a'
  {  1449,  13,  18,  13,    0,  -17 },   // 0x62 'b'
  {  1479,   9,  12,  11,    1,  -11 },   // 0x63 'c'
  {  1493,  12,  18,  13,    1,  -17 },   // 0x64 'd'
  {  1520,  10,  12,  12,    1,  -11 },   // 0x65 'e'
  {  1535,   8,  18,   9,    1,  -17 },   // 0x66 'f'
  {  1553,  12,  18,  13,    1,  -11 },   // 0x67 'g'
  {  1580,  14,  18,  14,    0,  -17 },   // 0x68 'h'
  {  1612,   6,  17,   7,    1,  -16 },   // 0x69 'i'
  {  1625,   6,  22,   7,    0,  -16 },   // 0x6A 'j'
  {  1642,  14,  18,  14,    0,  -17 },   // 0x6B 'k'
  {  1674,   7,  18,   7,    0,  -17 },   // 0x6C 'l'
  {  1690,  20,  12,  22,    1,  -11 },   // 0x6D 'm'
  {  1720,  13,  12,  15,    1,  -11 },   // 0x6E 'n'
  {  1740,  11,  12,  13,    1,  -11 },   // 0x6F 'o'
  {  1757,  12,  17,  14,    1,  -11 },   // 0x70 'p'
  {  1783,  12,  17,  13,    1,  -11 },   // 0x71 'q'
  {  1809,   9,  12,  10,    1,  -11 },   // 0x72 'r'
  {  1823,   9,  12,  11,    1,  -11 },   // 0x73 's'
  {  1837,   8,  15,   9,    0,  -14 },   // 0x74 't'
  {  1852,  12,  12,  14,    1,  -11 },   // 0x75 'u'
  {  1870,  13,  12,  13,    0,  -11 },   // 0x76 'v'
  {  1890,  19,  12,  19,    0,  -11 },   // 0x77 'w'
  {  1919,  13,  12,  13,    0,  -11 },   // 0x78 'x'
  {  1939,  13,  17,  13,    0,  -11 },   // 0x79 'y'
  {  1967,  11,  12,  12,    0,  -11 },   // 0x7A 'z'
  {  1984,   8,  20,  11,    2,  -16 },   // 0x7B '{'
  {  2004,   3,  21,   9,    3,  -18 },   // 0x7C '|'
  {  2012,   8,  20,  11,    2,  -16 },   // 0x7D '}'
  {  2032,  10,   3,  14,    2,   -7 },   // 0x7E '~'
  {  2036,  15,  15,  19,    2,  -14 },   // 0x7F
  {  2065,  15,  15,  19,    2,  -14 },   // 0x80
  {  2094,  15,  15,  19,    2,  -14 },   // 0x81
  {  2123,  15,  15,  19,    2,  -14 },   // 0x82
  {  2152,  15,  15,  19,    2,  -14 },   // 0x83
  {  2181,  15,  15,  19,    2,  -14 },   // 0x84
  {  2210,  15,  15,  19,    2,  -14 },   // 0x85
  {  2239,  15,  15,  19,    2,  -14 },   // 0x86
  {  2268,  15,  15,  19,    2,  -14 },   // 0x87
  {  2297,  15,  15,  19,    2,  -14 },   // 0x88
  {  2326,  15,  15,  19,    2,  -14 },   // 0x89
  {  2355,  15,  15,  19,    2,  -14 },   // 0x8A
  {  2384,  15,  15,  19,    2,  -14 },   // 0x8B
  {  2413,  15,  15,  19,    2,  -14 },   // 0x8C
  {  2442,  15,  15,  19,    2,  -14 },   // 0x8D
  {  2471,  15,  15,  19,    2,  -14 },   // 0x8E
  {  2500,  15,  15,  19,    2,  -14 },   // 0x8F
  {  2529,  15,  15,  19,    2,  -14 },   // 0x90
  {  2558,  15,  15,  19,    2,  -14 },   // 0x91
  {  2587,  15,  15,  19,    2,  -14 },   // 0x92
  {  2616,  15,  15,  19,    2,  -14 },   // 0x93
  {  2645,  15,  15,  19,    2,  -14 },   // 0x94
  {  2674,  15,  15,  19,    2,  -14 },   // 0x95
  {  2703,  15,  15,  19,    2,  -14 },   // 0x96
  {  2732,  15,  15,  19,    2,  -14 },   // 0x97
  {  2761,  15,  15,  19,    2,  -14 },   // 0x98
  {  2790,  15,  15,  19,    2,  -14 },   // 0x99
  {  2819,  15,  15,  19,    2,  -14 },   // 0x9A
  {  2848,  15,  15,  19,    2,  -14 },   // 0x9B
  {  2877,  15,  15,  19,    2,  -14 },   // 0x9C
  {  2906,  15,  15,  19,    2,  -14 },   // 0x9D
  {  2935,  15,  15,  19,    2,  -14 },   // 0x9E
  {  2964,  15,  15,  19,    2,  -14 },   // 0x9F
  {  2993,   1,   1,   5,    0,    0 },   // 0xA0
  {  2994,   4,  19,   6,    1,  -15 },   // 0xA1
  {  3004,  10,  18,  12,    1,  -14 },   // 0xA2
  {  3027,  15,  16,  17,    1,  -15 },   // 0xA3
  {  3057,  12,  13,  16,    2,  -14 },   // 0xA4
  {  3077,  15,  16,  17,    1,  -15 },   // 0xA5
  {  3107,   3,  21,   9,    3,  -18 },   // 0xA6
  {  3115,  11,  20,  15,    2,  -17 },   // 0xA7
  {  3143,   8,   3,  12,    2,  -16 },   // 0xA8
  {  3146,  18,  19,  22,    2,  -19 },   // 0xA9
  {  3189,  10,  10,  10,    0,  -16 },   // 0xAA
  {  3202,  12,  11,  15,    1,  -11 },   // 0xAB
  {  3219,  10,   6,  14,    2,   -6 },   // 0xAC
  {  3227,  15,  15,  19,    2,  -14 },   // 0xAD
  {  3256,  18,  19,  22,    2,  -19 },   // 0xAE
  {  3299,   7,   2,  11,    2,  -15 },   // 0xAF
  {  3301,   8,   7,  11,    1,  -16 },   // 0xB0
  {  3308,  10,  12,  14,    2,  -11 },   // 0xB1
  {  3323,   9,  10,   9,    0,  -18 },   // 0xB2
  {  3335,   8,  10,   8,    0,  -18 },   // 0xB3
  {  3345,   5,   5,   9,    2,  -18 },   // 0xB4
  {  3349,  12,  16,  14,    1,  -11 },   // 0xB5
  {  3373,  14,  18,  17,    1,  -17 },   // 0xB6
  {  3405,   4,   3,   4,    0,   -9 },   // 0xB7
  {  3407,   5,   5,   8,    2,    1 },   // 0xB8
  {  3411,   7,  10,   7,    0,  -18 },   // 0xB9
  {  3420,   9,  10,  11,    1,  -16 },   // 0xBA
  {  3432,  12,  11,  15,    2,  -11 },   // 0xBB
  {  3449,  19,  19,  20,    0,  -17 },   // 0xBC
  {  3495,  20,  19,  20,    0,  -17 },   // 0xBD
  {  3543,  21,  19,  21,    0,  -17 },   // 0xBE
  {  3593,   9,  20,  11,    1,  -15 },   // 0xBF
  {  3616,  16,  21,  15,    0,  -20 },   // 0xC0
  {  3658,  16,  21,  15,    0,  -20 },   // 0xC1
  {  3700,  16,  21,  15,    0,  -20 },   // 0xC2
  {  3742,  16,  21,  15,    0,  -20 },   // 0xC3
  {  3784,  16,  21,  15,    0,  -20 },   // 0xC4
  {  3826,  16,  23,  15,    0,  -22 },   // 0xC5
  {  3872,  22,  16,  21,   -1,  -15 },   // 0xC6
  {  3916,  13,  21,  14,    0,  -15 },   // 0xC7
  {  3951,  13,  21,  14,    1,  -20 },   // 0xC8
  {  3986,  13,  21,  14,    1,  -20 },   // 0xC9
  {  4021,  13,  21,  14,    1,  -20 },   // 0xCA
  {  4056,  13,  21,  14,    1,  -20 },   // 0xCB
  {  4091,   7,  21,   9,    1,  -20 },   // 0xCC
  {  4110,   7,  21,   9,    1,  -20 },   // 0xCD
  {  4129,   8,  21,   9,    0,  -20 },   // 0xCE
  {  4150,   8,  21,   9,    1,  -20 },   // 0xCF
  {  4171,  15,  16,  16,    1,  -15 },   // 0xD0
  {  4201,  16,  21,  17,    1,  -20 },   // 0xD1
  {  4243,  14,  21,  16,    1,  -20 },   // 0xD2
  {  4280,  14,  21,  16,    1,  -20 },   // 0xD3
  {  4317,  14,  21,  16,    1,  -20 },   // 0xD4
  {  4354,  14,  21,  16,    1,  -20 },   // 0xD5
  {  4391,  14,  21,  16,    1,  -20 },   // 0xD6
  {  4428,  10,  10,  14,    2,  -11 },   // 0xD7
  {  4441,  14,  20,  16,    1,  -17 },   // 0xD8
  {  4476,  16,  21,  16,    0,  -20 },   // 0xD9
  {  4518,  16,  21,  16,    0,  -20 },   // 0xDA
  {  4560,  16,  21,  16,    0,  -20 },   // 0xDB
  {  4602,  16,  21,  16,    0,  -20 },   // 0xDC
  {  4644,  14,  21,  14,    0,  -20 },   // 0xDD
  {  4681,  13,  16,  14,    1,  -15 },   // 0xDE
  {  4707,  13,  17,  14,    0,  -16 },   // 0xDF
  {  4735,  12,  19,  12,    0,  -18 },   // 0xE0
  {  4764,  12,  19,  12,    0,  -18 },   // 0xE1
  {  4793,  12,  19,  12,    0,  -18 },   // 0xE2
  {  4822,  12,  17,  12,    0,  -16 },   // 0xE3
  {  4848,  12,  17,  12,    0,  -16 },   // 0xE4
  {  4874,  12,  18,  12,    0,  -17 },   // 0xE5
  {  4901,  18,  12,  18,    0,  -11 },   // 0xE6
  {  4928,   9,  17,  11,    1,  -11 },   // 0xE7
  {  4948,  10,  19,  12,    1,  -18 },   // 0xE8
  {  4972,  10,  19,  12,    1,  -18 },   // 0xE9
  {  4996,  10,  19,  12,    1,  -18 },   // 0xEA
  {  5020,  10,  17,  12,    1,  -16 },   // 0xEB
  {  5042,   7,  19,   7,    0,  -18 },   // 0xEC
  {  5059,   6,  19,   7,    1,  -18 },   // 0xED
  {  5074,   8,  19,   7,    0,  -18 },   // 0xEE
  {  5093,   8,  17,   7,   -1,  -16 },   // 0xEF
  {  5110,  11,  20,  13,    1,  -19 },   // 0xF0
  {  5138,  13,  17,  15,    1,  -16 },   // 0xF1
  {  5166,  11,  19,  13,    1,  -18 },   // 0xF2
  {  5193,  11,  19,  13,    1,  -18 },   // 0xF3
  {  5220,  11,  19,  13,    1,  -18 },   // 0xF4
  {  5247,  11,  17,  13,    1,  -16 },   // 0xF5
  {  5271,  11,  17,  13,    1,  -16 },   // 0xF6
  {  5295,  10,  12,  14,    2,  -12 },   // 0xF7
  {  5310,  11,  16,  13,    1,  -13 },   // 0xF8
  {  5332,  12,  19,  14,    1,  -18 },   // 0xF9
  {  5361,  12,  19,  14,    1,  -18 },   // 0xFA
  {  5390,  12,  19,  14,    1,  -18 },   // 0xFB
  {  5419,  12,  17,  14,    1,  -16 },   // 0xFC
  {  5445,  13,  24,  13,    0,  -18 },   // 0xFD
  {  5484,  13,  23,  13,    0,  -17 },   // 0xFE
  {  5522,  13,  22,  13,    0,  -16 } }; // 0xFF

const GFXfont Merriweather_Bold11pt8b PROGMEM = {
  (uint8_t  *)Merriweather_Bold11pt8bBitmaps,
  (GFXglyph *)Merriweather_Bold11pt8bGlyphs,
  0x20, 0xFF, 27 };

// Approx. 7133 bytes

const uint8_t Merriweather_Bold12pt8bBitmaps[] PROGMEM = {
  0x00, 0xF3, 0x9C, 0xE7, 0x39, 0xCE, 0x73, 0x9C, 0xE7, 0x31, 0x80, 0x01,
  0x1D, 0xF7, 0x00, 0x73, 0xB9, 0xDC, 0xEC, 0x6E, 0x77, 0x3B, 0x19, 0x8C,
  0xC6, 0x00, 0x06, 0x10, 0x18, 0x40, 0x43, 0x01, 0x0C, 0x04, 0x30, 0xFF,
  0xF7, 0xFF, 0xC3, 0x08, 0x08, 0x20, 0x21, 0x80, 0x86, 0x1F, 0xFF, 0x7F,
  0xFA, 0x61, 0x01, 0x04, 0x04, 0x30, 0x10, 0xC0, 0x42, 0x00, 0x06, 0x00,
  0x60, 0x0F, 0x03, 0xFE, 0x70, 0xEF, 0x06, 0xE0, 0x6F, 0x00, 0xF8, 0x07,
  0xE0, 0x3F, 0x01, 0xFC, 0x07, 0xE0, 0x1F, 0x00, 0xFC, 0x0F, 0xC0, 0x7E,
  0x0E, 0xF1, 0xE7, 0xF8, 0x06, 0x00, 0x60, 0x06, 0x00, 0x00, 0x03, 0x00,
  0x7E, 0x06, 0x01, 0xCE, 0x18, 0x07, 0x1C, 0x30, 0x0E, 0x18, 0xE0, 0x1C,
  0x31, 0x80, 0x38, 0x67, 0x00, 0x71, 0xCC, 0x00, 0x73, 0x98, 0xF8, 0x7E,
  0x63, 0x38, 0x20, 0xCE, 0x38, 0x03, 0x98, 0x70, 0x06, 0x30, 0xE0, 0x0C,
  0x61, 0xC0, 0x30, 0xE3, 0x80, 0x61, 0xCE, 0x01, 0x81, 0xF8, 0x03, 0x00,
  0xC0, 0x07, 0x80, 0x0F, 0xE0, 0x0E, 0x38, 0x07, 0x0C, 0x03, 0x86, 0x01,
  0xC7, 0x00, 0xF3, 0x80, 0x3B, 0x80, 0x1F, 0x1F, 0x87, 0x8F, 0xCF, 0xE1,
  0x8C, 0x78, 0xCE, 0x3C, 0xC7, 0x0F, 0x63, 0x83, 0xE1, 0xE0, 0xF8, 0x7C,
  0xFF, 0x1F, 0xE7, 0x80, 0x77, 0x76, 0xEE, 0xCC, 0xC0, 0x02, 0x07, 0x0E,
  0x1C, 0x18, 0x38, 0x70, 0x70, 0x70, 0x70, 0xE0, 0xE0, 0xE0, 0xE0, 0xF0,
  0x70, 0x70, 0x70, 0x30, 0x38, 0x18, 0x1C, 0x0E, 0x07, 0x81, 0x81, 0x81,
  0x83, 0x83, 0x07, 0x0E, 0x0E, 0x1C, 0x38, 0x70, 0xE1, 0xC3, 0x87, 0x0E,
  0x38, 0x70, 0xC3, 0x8E, 0x18, 0x60, 0x0E, 0x00, 0xE0, 0x8E, 0x2E, 0x66,
  0xF4, 0xF3, 0xFC, 0x06, 0x03, 0xFC, 0xF4, 0xFE, 0x66, 0x46, 0x20, 0x60,
  0x0E, 0x00, 0x06, 0x00, 0xC0, 0x18, 0x03, 0x0F, 0xFF, 0xFF, 0xFF, 0xF8,
  0x30, 0x06, 0x00, 0xC0, 0x18, 0x00, 0x27, 0xF7, 0x33, 0x36, 0xE4, 0xFF,
  0xFF, 0xFF, 0xE0, 0x27, 0xF7, 0x07, 0x06, 0x06, 0x0E, 0x0E, 0x0C, 0x0C,
  0x1C, 0x1C, 0x18, 0x18, 0x38, 0x38, 0x30, 0x30, 0x70, 0x70, 0x60, 0x60,
  0xE0, 0xE0, 0xC0, 0x03, 0x80, 0xFF, 0x0E, 0x3C, 0xF0, 0xE7, 0x07, 0xB8,
  0x3F, 0xC0, 0xFE, 0x07, 0xF0, 0x3F, 0x81, 0xFC, 0x0F, 0xE0, 0x7F, 0x07,
  0xB8, 0x3D, 0xC1, 0xC7, 0x0E, 0x3C, 0xE0, 0x7E, 0x00, 0x04, 0x0F, 0x3F,
  0x9F, 0xC1, 0xE0, 0xF0, 0x78, 0x3C, 0x1E, 0x0F, 0x07, 0x83, 0xC1, 0xE0,
  0xF0, 0x78, 0x3C, 0x3F, 0x7F, 0xC0, 0x07, 0x01, 0xFE, 0x1F, 0xF9, 0xC1,
  0xE4, 0x0F, 0x00, 0x78, 0x03, 0xC0, 0x1E, 0x00, 0xE0, 0x0F, 0x00, 0x70,
  0x07, 0x00, 0x70, 0x07, 0x00, 0x70, 0x67, 0x03, 0xFF, 0xFB, 0xFF, 0x80,
  0x0C, 0x0F, 0xF3, 0xFF, 0x40, 0xE0, 0x1C, 0x03, 0x80, 0xF0, 0x3C, 0x3E,
  0x07, 0xF0, 0x07, 0x80, 0xF0, 0x1E, 0x03, 0xC0, 0x78, 0x1E, 0x9F, 0x9F,
  0xE0, 0x04, 0x00, 0x1E, 0x00, 0xF0, 0x03, 0xC0, 0x0E, 0x00, 0x78, 0x01,
  0xC0, 0x0F, 0x00, 0x38, 0xE0, 0xE3, 0x87, 0x0E, 0x1C, 0x38, 0xE0, 0xFF,
  0xFF, 0xFF, 0xFF, 0xC0, 0x38, 0x00, 0xE0, 0x03, 0x80, 0x00, 0x6F, 0xFD,
  0xFF, 0xB8, 0x06, 0x00, 0xC0, 0x18, 0x03, 0x7C, 0xFF, 0xE8, 0x7C, 0x07,
  0x80, 0x70, 0x0E, 0x01, 0xC0, 0x78, 0x1E, 0x0F, 0x8F, 0xC0, 0x00, 0xC0,
  0x1E, 0x03, 0xC0, 0x3C, 0x03, 0xC0, 0x1C, 0x01, 0xE0, 0x0E, 0xF8, 0xFF,
  0xE7, 0x87, 0xBC, 0x1D, 0xE0, 0xFF, 0x07, 0xF8, 0x3D, 0xC1, 0xCE, 0x0E,
  0x38, 0xE0, 0xFE, 0x00, 0xFF, 0xFF, 0xFF, 0xE0, 0x7E, 0x06, 0xC0, 0xE0,
  0x0E, 0x01, 0xC0, 0x1C, 0x03, 0xC0, 0x38, 0x03, 0x80, 0x78, 0x07, 0x00,
  0xF0, 0x0F, 0x01, 0xE0, 0x1E, 0x00, 0x07, 0x00, 0xFE, 0x0C, 0x38, 0xE0,
  0xE7, 0x07, 0x38, 0x39, 0xE1, 0x87, 0xD8, 0x3F, 0x80, 0xFE, 0x0D, 0xF8,
  0xC3, 0xEE, 0x07, 0x70, 0x3F, 0x81, 0xDC, 0x0E, 0x78, 0xE0, 0xFE, 0x00,
  0x07, 0x03, 0xFC, 0x70, 0xE7, 0x0F, 0xE0, 0x7E, 0x07, 0xE0, 0x7E, 0x07,
  0xF0, 0x7F, 0x0F, 0x7F, 0xF3, 0xFF, 0x00, 0xE0, 0x1E, 0x01, 0xC0, 0x38,
  0x07, 0x01, 0xE0, 0x38, 0x00, 0x7F, 0xF7, 0x00, 0x00, 0x02, 0x7F, 0x70,
  0x7F, 0xF7, 0x00, 0x00, 0x02, 0xFF, 0x73, 0x37, 0x6C, 0x40, 0x00, 0x20,
  0x1C, 0x0F, 0x87, 0xC3, 0xE1, 0xF0, 0x38, 0x03, 0xC0, 0x1E, 0x00, 0xF0,
  0x07, 0x80, 0x70, 0x02, 0xFF, 0xFF, 0xFC, 0x00, 0x00, 0x00, 0x00, 0x00,
  0x00, 0x07, 0xFF, 0xFF, 0xE0, 0x80, 0x18, 0x03, 0xC0, 0x3E, 0x01, 0xE0,
  0x0F, 0x00, 0x78, 0x0F, 0x07, 0x83, 0xC3, 0xE0, 0x70, 0x08, 0x00, 0xFE,
  0x3F, 0xC0, 0x78, 0x0F, 0x03, 0xC0, 0x70, 0x3C, 0x0E, 0x07, 0x07, 0x83,
  0xC0, 0xE0, 0x38, 0x0E, 0x01, 0x80, 0x00, 0x00, 0x04, 0x03, 0xC0, 0xF0,
  0x38, 0x00, 0x00, 0xFF, 0x00, 0x1F, 0xFE, 0x01, 0xC0, 0x38, 0x18, 0x00,
  0xE1, 0x80, 0x03, 0x98, 0x00, 0x0C, 0xC3, 0xFC, 0x6C, 0x3F, 0xE3, 0x63,
  0x87, 0x1E, 0x18, 0x38, 0x71, 0xC1, 0x87, 0x8E, 0x1C, 0x3C, 0x70, 0xE1,
  0xE3, 0x8F, 0x0B, 0x1C, 0x58, 0xD8, 0xE6, 0xCC, 0xC3, 0xE7, 0xC7, 0x1E,
  0x38, 0x18, 0x00, 0x00, 0xE0, 0x00, 0x03, 0x00, 0x00, 0x1E, 0x01, 0x00,
  0x3F, 0xF0, 0x00, 0xFE, 0x00, 0x01, 0xC0, 0x01, 0xF0, 0x00, 0xF8, 0x00,
  0x7C, 0x00, 0x6F, 0x00, 0x33, 0x80, 0x19, 0xC0, 0x18, 0xF0, 0x0C, 0x78,
  0x0E, 0x1C, 0x07, 0x0F, 0x03, 0x07, 0x83, 0xFF, 0xC1, 0xC0, 0xF0, 0xC0,
  0x78, 0xE0, 0x3C, 0xF8, 0x1F, 0x7E, 0x1F, 0xC0, 0x07, 0xC1, 0xFF, 0xE0,
  0xE1, 0xE1, 0xC1, 0xE3, 0x83, 0xC7, 0x07, 0x8E, 0x0E, 0x1C, 0x38, 0x3F,
  0xE0, 0x7F, 0xF0, 0xE0, 0xF1, 0xC0, 0xF3, 0x81, 0xE7, 0x03, 0xCE, 0x07,
  0x9C, 0x1E, 0x78, 0xF9, 0xFF, 0xE0, 0x01, 0xE0, 0x1F, 0xF1, 0xE1, 0xCF,
  0x07, 0x38, 0x0D, 0xE0, 0x37, 0x80, 0x1C, 0x00, 0xF0, 0x03, 0xC0, 0x0F,
  0x00, 0x1E, 0x00, 0x78, 0x01, 0xE0, 0x33, 0x80, 0xCF, 0x03, 0x1F, 0x3C,
  0x1F, 0xE0, 0x07, 0xC0, 0xFF, 0xF8, 0x38, 0x3C, 0x38, 0x1E, 0x38, 0x0E,
  0x38, 0x0F, 0x38, 0x0F, 0x38, 0x0F, 0x38, 0x0F, 0x38, 0x0F, 0x38, 0x0F,
  0x38, 0x0F, 0x38, 0x0F, 0x38, 0x0E, 0x38, 0x1E, 0x38, 0x3C, 0x7C, 0xF8,
  0xFF, 0xE0, 0xFF, 0xF8, 0xE0, 0xE3, 0x81, 0x8E, 0x06, 0x38, 0x00, 0xE1,
  0x03, 0x84, 0x0F, 0xF0, 0x3F, 0xC0, 0xE1, 0x03, 0x84, 0x0E, 0x00, 0x38,
  0x0C, 0xE0, 0x33, 0x81, 0xDF, 0xFF, 0xFF, 0xFC, 0xFF, 0xF9, 0xC1, 0xCE,
  0x06, 0x70, 0x33, 0x80, 0x1C, 0x30, 0xE1, 0x87, 0x0C, 0x3F, 0xE1, 0xC3,
  0x0E, 0x18, 0x70, 0x03, 0x80, 0x1C, 0x00, 0xE0, 0x0F, 0xE0, 0xFF, 0x80,
  0x01, 0xE0, 0x0F, 0xFC, 0x3C, 0x1C, 0x78, 0x1C, 0x70, 0x0C, 0xF0, 0x00,
  0xF0, 0x00, 0xF0, 0x00, 0xF0, 0x00, 0xF0, 0x7F, 0xF0, 0x7F, 0xF0, 0x1E,
  0xF0, 0x1E, 0xF0, 0x1E, 0x78, 0x1E, 0x38, 0x1E, 0x1E, 0x3E, 0x0F, 0xF8,
  0xFE, 0x3F, 0x9C, 0x07, 0x8E, 0x03, 0xC7, 0x01, 0xE3, 0x80, 0xF1, 0xC0,
  0x78, 0xE0, 0x3C, 0x7F, 0xFE, 0x3F, 0xFF, 0x1C, 0x07, 0x8E, 0x03, 0xC7,
  0x01, 0xE3, 0x80, 0xF1, 0xC0, 0x78, 0xE0, 0x3C, 0xF8, 0x3F, 0xFE, 0x3F,
  0x80, 0xFE, 0x70, 0xE1, 0xC3, 0x87, 0x0E, 0x1C, 0x38, 0x70, 0xE1, 0xC3,
  0x87, 0x0E, 0x3F, 0xFE, 0x7F, 0x1C, 0x1C, 0x1C, 0x1C, 0x1C, 0x1C, 0x1C,
  0x1C, 0x1C, 0x1C, 0x1C, 0x1C, 0x1C, 0x1C, 0x1C, 0x1C, 0x3C, 0x38, 0x70,
  0xE0, 0xFE, 0x7F, 0x1C, 0x0E, 0x0E, 0x0E, 0x07, 0x06, 0x03, 0x86, 0x01,
  0xC6, 0x00, 0xE6, 0x00, 0x77, 0x80, 0x3B, 0xE0, 0x1F, 0x78, 0x0F, 0x3C,
  0x07, 0x0F, 0x03, 0x83, 0xC1, 0xC1, 0xE0, 0xE0, 0x78, 0xFC, 0x3E, 0xFE,
  0x0F, 0x80, 0xFF, 0x00, 0xE0, 0x03, 0x80, 0x0E, 0x00, 0x38, 0x00, 0xE0,
  0x03, 0x80, 0x0E, 0x00, 0x38, 0x00, 0xE0, 0x03, 0x80, 0x0E, 0x03, 0x38,
  0x18, 0xE0, 0x63, 0x83, 0x9F, 0xFE, 0xFF, 0xF8, 0x7F, 0x81, 0xFE, 0x0F,
  0x81, 0xF0, 0x0F, 0xC1, 0xF0, 0x0B, 0xC3, 0x70, 0x19, 0xC3, 0x70, 0x19,
  0xC3, 0x78, 0x19, 0xE6, 0x38, 0x18, 0xE6, 0x38, 0x18, 0xE6, 0x38, 0x18,
  0xE6, 0x38, 0x18, 0xFC, 0x38, 0x38, 0x7C, 0x38, 0x38, 0x7C, 0x3C, 0x30,
  0x78, 0x3C, 0x30, 0x38, 0x3C, 0x7C, 0x38, 0x7E, 0xFE, 0x00, 0xFF, 0xFC,
  0x1F, 0x9F, 0x03, 0x0F, 0x81, 0x87, 0xE0, 0xC3, 0x70, 0x61, 0xBC, 0x30,
  0xCF, 0x18, 0x67, 0x8C, 0x31, 0xE6, 0x18, 0x7B, 0x0C, 0x3D, 0x86, 0x0F,
  0xC3, 0x03, 0xE1, 0x81, 0xF0, 0xC0, 0x79, 0xF0, 0x1C, 0xFC, 0x0E, 0x00,
  0x03, 0x80, 0x3F, 0xE0, 0xF0, 0xE3, 0xC0, 0xE7, 0x01, 0xFE, 0x03, 0xFC,
  0x07, 0xF8, 0x07, 0xF0, 0x0F, 0xE0, 0x1F, 0xC0, 0x3F, 0x80, 0xFF, 0x01,
  0xFE, 0x03, 0xDC, 0x07, 0x3C, 0x1C, 0x3C, 0x70, 0x1F, 0xC0, 0x07, 0x83,
  0xFF, 0xC3, 0x87, 0x8E, 0x0F, 0x38, 0x3C, 0xE0, 0xF3, 0x83, 0xCE, 0x0F,
  0x38, 0x38, 0xE1, 0xE3, 0xFF, 0x0F, 0xF0, 0x38, 0x00, 0xE0, 0x03, 0x80,
  0x0E, 0x00, 0x7E, 0x03, 0xFC, 0x00, 0x03, 0x80, 0x07, 0xFC, 0x03, 0xC3,
  0x81, 0xE0, 0x70, 0x70, 0x1E, 0x3C, 0x07, 0x8F, 0x01, 0xE3, 0xC0, 0x38,
  0xF0, 0x0E, 0x3C, 0x03, 0x8F, 0x00, 0xE3, 0xC0, 0x78, 0xF0, 0x1E, 0x3C,
  0x07, 0x87, 0x01, 0xC1, 0xE0, 0xE0, 0x3C, 0x70, 0x03, 0xF8, 0x00, 0x07,
  0x80, 0x00, 0x70, 0x00, 0x0F, 0xC0, 0x01, 0xF0, 0x07, 0x80, 0xFF, 0xF0,
  0x38, 0x78, 0x38, 0x3C, 0x38, 0x3C, 0x38, 0x3C, 0x38, 0x3C, 0x38, 0x38,
  0x38, 0x78, 0x3F, 0xE0, 0x38, 0xE0, 0x38, 0x70, 0x38, 0x78, 0x38, 0x38,
  0x38, 0x3C, 0x38, 0x3C, 0x7C, 0x1F, 0xFE, 0x1F, 0x07, 0x81, 0xFF, 0x1C,
  0x18, 0xE0, 0xCF, 0x06, 0x78, 0x01, 0xE0, 0x0F, 0xC0, 0x3F, 0x80, 0xFF,
  0x01, 0xFC, 0x03, 0xE0, 0x0F, 0x30, 0x3F, 0x81, 0xDC, 0x0E, 0xF1, 0xE3,
  0xFE, 0x00, 0x7F, 0xFF, 0x61, 0xC3, 0x61, 0xC3, 0x61, 0xC3, 0x61, 0xC3,
  0x61, 0xC3, 0x81, 0xC0, 0x01, 0xC0, 0x01, 0xC0, 0x01, 0xC0, 0x01, 0xC0,
  0x01, 0xC0, 0x01, 0xC0, 0x01, 0xC0, 0x01, 0xC0, 0x07, 0xF0, 0x0F, 0xF8,
  0xFF, 0x1F, 0x9E, 0x03, 0x8F, 0x01, 0xC7, 0x80, 0xE3, 0xC0, 0x71, 0xE0,
  0x38, 0xF0, 0x1C, 0x78, 0x0E, 0x3C, 0x07, 0x1E, 0x03, 0x8F, 0x01, 0xC7,
  0x80, 0xE3, 0xC0, 0x60, 0xE0, 0x30, 0x78, 0x38, 0x1F, 0x38, 0x07, 0xF0,
  0x00, 0xFE, 0x1F, 0xBC, 0x03, 0x1E, 0x03, 0x87, 0x01, 0x83, 0xC0, 0xC1,
  0xE0, 0xE0, 0x70, 0x60, 0x3C, 0x30, 0x0E, 0x38, 0x07, 0x18, 0x03, 0xCC,
  0x00, 0xEC, 0x00, 0x76, 0x00, 0x3F, 0x00, 0x0F, 0x00, 0x07, 0x80, 0x03,
  0xC0, 0x00, 0xFE, 0x7F, 0x1F, 0x78, 0x3C, 0x06, 0x78, 0x1C, 0x0C, 0x38,
  0x1E, 0x0C, 0x38, 0x1E, 0x0C, 0x3C, 0x3E, 0x0C, 0x1C, 0x3E, 0x18, 0x1C,
  0x3F, 0x18, 0x1E, 0x27, 0x18, 0x0E, 0x67, 0x18, 0x0E, 0x67, 0xB0, 0x0E,
  0x43, 0xB0, 0x0F, 0xC3, 0xB0, 0x07, 0xC3, 0xA0, 0x07, 0xC3, 0xE0, 0x07,
  0x81, 0xE0, 0x03, 0x81, 0xE0, 0xFF, 0x1F, 0x9E, 0x07, 0x07, 0x83, 0x03,
  0xC3, 0x00, 0xF1, 0x00, 0x3D, 0x80, 0x1F, 0x80, 0x07, 0x80, 0x01, 0xE0,
  0x01, 0xF0, 0x01, 0xBC, 0x00, 0xCF, 0x00, 0xC7, 0x80, 0xC1, 0xE0, 0x60,
  0x78, 0xF8, 0x7E, 0xFE, 0x7F, 0x80, 0xFE, 0x3F, 0x78, 0x0C, 0x38, 0x1C,
  0x3C, 0x18, 0x1C, 0x30, 0x1E, 0x30, 0x0E, 0x60, 0x0F, 0x60, 0x07, 0xC0,
  0x07, 0xC0, 0x03, 0x80, 0x03, 0x80, 0x03, 0x80, 0x03, 0x80, 0x03, 0x80,
  0x0F, 0xE0, 0x1F, 0xF0, 0x3F, 0xFC, 0x7F, 0xF8, 0xC0, 0xF1, 0x83, 0xC7,
  0x07, 0x80, 0x1E, 0x00, 0x78, 0x00, 0xF0, 0x03, 0xC0, 0x0F, 0x00, 0x1E,
  0x00, 0x78, 0x01, 0xE0, 0x83, 0xC1, 0xCF, 0x03, 0x3C, 0x06, 0xF7, 0xFC,
  0xFF, 0xF8, 0x7F, 0xFE, 0x38, 0xE3, 0x8E, 0x38, 0xE3, 0x8E, 0x38, 0xE3,
  0x8E, 0x38, 0xE3, 0x8E, 0x38, 0xE1, 0xF0, 0xE0, 0x30, 0x1C, 0x06, 0x03,
  0x01, 0x80, 0xE0, 0x30, 0x18, 0x0E, 0x07, 0x01, 0x80, 0xC0, 0x70, 0x18,
  0x0C, 0x06, 0x03, 0x80, 0xC0, 0x60, 0x38, 0x1C, 0x7B, 0xF1, 0xC7, 0x1C,
  0x71, 0xC7, 0x1C, 0x71, 0xC7, 0x1C, 0x71, 0xC7, 0x1C, 0x71, 0xC7, 0x1F,
  0xF0, 0x06, 0x00, 0xE0, 0x0F, 0x00, 0xF0, 0x1F, 0x01, 0xB8, 0x19, 0x83,
  0x98, 0x31, 0xC3, 0x0C, 0x70, 0xC6, 0x0E, 0x60, 0xEE, 0x06, 0xC0, 0x70,
  0xFF, 0xF0, 0x21, 0x8F, 0x1E, 0x1C, 0x30, 0x1F, 0xC3, 0xFF, 0x08, 0x38,
  0x01, 0xC0, 0x0E, 0x07, 0xF0, 0xFF, 0x8F, 0x1C, 0x70, 0xE7, 0x87, 0x1C,
  0x38, 0xFF, 0xC3, 0xEF, 0x80, 0xF8, 0x03, 0xE0, 0x03, 0x80, 0x0E, 0x00,
  0x38, 0x00, 0xE0, 0x03, 0xBE, 0x0F, 0xFC, 0x38, 0x78, 0xE0, 0xE3, 0x83,
  0xCE, 0x0F, 0x38, 0x3C, 0xE0, 0xF3, 0x83, 0x8E, 0x0E, 0x38, 0x70, 0xE3,
  0x83, 0xFC, 0x00, 0x1F, 0xCE, 0x77, 0x0F, 0x83, 0xE0, 0x38, 0x0E, 0x03,
  0x80, 0xF0, 0x3C, 0x07, 0x85, 0xFF, 0x1F, 0x80, 0x03, 0xF0, 0x1F, 0x80,
  0x3C, 0x01, 0xE0, 0x0F, 0x00, 0x78, 0x7F, 0xC7, 0x1E, 0x70, 0xF7, 0x87,
  0xB8, 0x3D, 0xC1, 0xEE, 0x0F, 0x70, 0x7B, 0x83, 0xDE, 0x1E, 0xF0, 0xF3,
  0xFF, 0x8F, 0xDE, 0x1F, 0x8E, 0x39, 0xC7, 0xF0, 0x7E, 0x0F, 0xFF, 0xFF,
  0xFF, 0x00, 0xE0, 0x1E, 0x01, 0xE1, 0x3F, 0xF3, 0xF8, 0x01, 0x87, 0xC7,
  0xE7, 0x03, 0x81, 0xC0, 0xE1, 0xFE, 0xFF, 0x1C, 0x0E, 0x07, 0x03, 0x81,
  0xC0, 0xE0, 0x70, 0x38, 0x1C, 0x1F, 0x9F, 0xC0, 0x3F, 0xFB, 0x8F, 0xFC,
  0x39, 0xE1, 0xCE, 0x0E, 0x78, 0x71, 0xC7, 0x07, 0xF0, 0x30, 0x03, 0x00,
  0x1C, 0x00, 0xFF, 0xE3, 0xFF, 0xF0, 0x3F, 0x80, 0xFC, 0x07, 0xE0, 0x77,
  0xCF, 0x1F, 0xF0, 0xFC, 0x01, 0xF8, 0x00, 0xF0, 0x01, 0xE0, 0x03, 0xC0,
  0x07, 0x80, 0x0E, 0x7E, 0x1F, 0xFC, 0x3C, 0x3C, 0x78, 0x78, 0xF0, 0xF1,
  0xE1, 0xE3, 0xC3, 0xC7, 0x87, 0x8F, 0x0F, 0x1E, 0x1E, 0x3C, 0x3C, 0xF8,
  0x7D, 0xF9, 0xF8, 0x39, 0xE7, 0x8C, 0x00, 0x0F, 0xBE, 0x38, 0xE3, 0x8E,
  0x38, 0xE3, 0x8E, 0x39, 0xFF, 0xC0, 0x1C, 0xF3, 0xC6, 0x00, 0x07, 0xDF,
  0x1C, 0x71, 0xC7, 0x1C, 0x71, 0xC7, 0x1C, 0x71, 0xC7, 0x3C, 0xE3, 0xBC,
  0xC0, 0xF8, 0x01, 0xF0, 0x00, 0xE0, 0x01, 0xC0, 0x03, 0x80, 0x07, 0x00,
  0x0E, 0x3F, 0x9C, 0x1C, 0x38, 0x70, 0x71, 0xC0, 0xE7, 0x01, 0xDE, 0x03,
  0xBE, 0x07, 0xDE, 0x0F, 0x3C, 0x1C, 0x3C, 0x38, 0x38, 0xF8, 0xFD, 0xF9,
  0xF8, 0xFD, 0xF8, 0xF1, 0xE3, 0xC7, 0x8F, 0x1E, 0x3C, 0x78, 0xF1, 0xE3,
  0xC7, 0x8F, 0x1E, 0x3C, 0xFD, 0xF8, 0xF3, 0xF3, 0xF3, 0xFF, 0xFF, 0xC7,
  0x87, 0x87, 0x9E, 0x1E, 0x1E, 0x78, 0x78, 0x79, 0xE1, 0xE1, 0xE7, 0x87,
  0x87, 0x9E, 0x1E, 0x1E, 0x78, 0x78, 0x79, 0xE1, 0xE1, 0xE7, 0x87, 0x87,
  0x9F, 0x1F, 0x1F, 0xFC, 0xFC, 0xFC, 0xF3, 0xF1, 0xFF, 0xF1, 0xE1, 0xE3,
  0xC1, 0xC7, 0x83, 0x8F, 0x07, 0x1E, 0x0E, 0x3C, 0x1C, 0x78, 0x38, 0xF0,
  0x71, 0xE0, 0xE3, 0xE3, 0xEF, 0xCF, 0xE0, 0x1F, 0xC7, 0x9E, 0x70, 0xEF,
  0x0F, 0xE0, 0x7E, 0x07, 0xE0, 0x7E, 0x07, 0xE0, 0x7F, 0x0F, 0x70, 0xE7,
  0x9C, 0x1F, 0x80, 0xF7, 0xE7, 0xFF, 0x9E, 0x1E, 0xF0, 0xF7, 0x87, 0xBC,
  0x1D, 0xE0, 0xEF, 0x07, 0x78, 0x7B, 0xC3, 0x9E, 0x1C, 0xF1, 0xC7, 0xFC,
  0x38, 0x01, 0xE0, 0x0F, 0x00, 0x78, 0x07, 0xF0, 0x3F, 0x80, 0x1F, 0xF1,
  0xC7, 0x9C, 0x3D, 0xE1, 0xEE, 0x0F, 0x70, 0x7B, 0x83, 0xDC, 0x1E, 0xF0,
  0xF7, 0x87, 0xBC, 0x3C, 0xFF, 0xE3, 0xFF, 0x00, 0x78, 0x03, 0xC0, 0x1E,
  0x00, 0xF0, 0x1F, 0xC0, 0xFE, 0xF3, 0xFB, 0xDF, 0xEF, 0x07, 0x83, 0xC1,
  0xE0, 0xF0, 0x78, 0x3C, 0x1E, 0x0F, 0x8F, 0xE0, 0x3F, 0x9C, 0x6E, 0x1B,
  0x80, 0xF8, 0x1F, 0x83, 0xF8, 0x7F, 0x03, 0xF0, 0x7C, 0x1F, 0x8F, 0x7F,
  0x00, 0x18, 0x0C, 0x06, 0x07, 0x0F, 0xFF, 0xFC, 0xE0, 0x70, 0x38, 0x1C,
  0x0E, 0x07, 0x03, 0x81, 0xC0, 0xF0, 0x7F, 0x1F, 0x00, 0xF1, 0xF7, 0x87,
  0x9C, 0x1C, 0xE0, 0xE7, 0x07, 0x38, 0x39, 0xC1, 0xCE, 0x0E, 0x70, 0x73,
  0x83, 0x9E, 0x3C, 0xFF, 0xE3, 0xF7, 0x80, 0xFC, 0x7D, 0xE0, 0xE7, 0x83,
  0x0E, 0x0C, 0x3C, 0x70, 0x71, 0x81, 0xC6, 0x07, 0xB0, 0x0E, 0xC0, 0x3B,
  0x00, 0xF8, 0x01, 0xE0, 0x07, 0x80, 0xFC, 0x71, 0xF7, 0x87, 0x8F, 0x78,
  0x78, 0x63, 0x8F, 0x86, 0x38, 0xDC, 0xC3, 0x8D, 0xCC, 0x1D, 0x9C, 0xC1,
  0xD9, 0xC8, 0x1D, 0x8F, 0x80, 0xD8, 0xF8, 0x0F, 0x0F, 0x00, 0xF0, 0xF0,
  0x0F, 0x07, 0x00, 0xFE, 0x7D, 0xF0, 0xE3, 0xC3, 0x07, 0x98, 0x0F, 0xC0,
  0x1F, 0x00, 0x78, 0x01, 0xF0, 0x0D, 0xE0, 0x63, 0xC3, 0x8F, 0x1E, 0x3F,
  0xFC, 0xFC, 0xFC, 0x7D, 0xE0, 0xE7, 0x83, 0x8E, 0x0C, 0x3C, 0x70, 0x71,
  0xC1, 0xC6, 0x07, 0x98, 0x0E, 0xE0, 0x3B, 0x00, 0x7C, 0x01, 0xE0, 0x07,
  0x80, 0x06, 0x00, 0x30, 0x01, 0xC0, 0x3E, 0x00, 0xF8, 0x03, 0x80, 0x00,
  0xFF, 0xFF, 0xDF, 0x07, 0x61, 0xE0, 0x78, 0x1E, 0x07, 0x80, 0xF0, 0x3C,
  0x0F, 0x0F, 0xC1, 0xFF, 0xFF, 0xFE, 0x1F, 0x9F, 0xDE, 0x0F, 0x03, 0x81,
  0xC0, 0xE0, 0x30, 0x1C, 0x0C, 0x3C, 0x1E, 0x03, 0x80, 0xE0, 0x70, 0x70,
  0x38, 0x1C, 0x1E, 0x0F, 0x03, 0xF9, 0xFC, 0xFF, 0xFF, 0xFF, 0xFF, 0xFF,
  0xF0, 0xFC, 0x7F, 0x03, 0x81, 0xC0, 0xE0, 0xF0, 0x70, 0x38, 0x1C, 0x0E,
  0x03, 0xE0, 0xF1, 0xC0, 0xE0, 0x70, 0x38, 0x1C, 0x07, 0x03, 0x81, 0xCF,
  0xE7, 0xE0, 0x3C, 0x2F, 0xFF, 0x9F, 0xA0, 0xC0, 0xFF, 0xFF, 0xFF, 0xFF,
  0xFF, 0xFF, 0xF7, 0xE7, 0xF3, 0xC7, 0xF9, 0x8F, 0xFC, 0x9F, 0xFE, 0x7F,
  0xFC, 0x3F, 0xF8, 0x9F, 0xF1, 0xCF, 0xE3, 0xE7, 0xF7, 0xF7, 0xFF, 0xFF,
  0xFF, 0xFF, 0xFF, 0xFF, 0xFF, 0xFF, 0xFF, 0xFF, 0xFF, 0xFF, 0xF7, 0xE7,
  0xF3, 0xC7, 0xF9, 0x8F, 0xFC, 0x9F, 0xFE, 0x7F, 0xFC, 0x3F, 0xF8, 0x9F,
  0xF1, 0xCF, 0xE3, 0xE7, 0xF7, 0xF7, 0xFF, 0xFF, 0xFF, 0xFF, 0xFF, 0xFF,
  0xFF, 0xFF, 0xFF, 0xFF, 0xFF, 0xFF, 0xF7, 0xE7, 0xF3, 0xC7, 0xF9, 0x8F,
  0xFC, 0x9F, 0xFE, 0x7F, 0xFC, 0x3F, 0xF8, 0x9F, 0xF1, 0xCF, 0xE3, 0xE7,
  0xF7, 0xF7, 0xFF, 0xFF, 0xFF, 0xFF, 0xFF, 0xFF, 0xFF, 0xFF, 0xFF, 0xFF,
  0xFF, 0xFF, 0xF7, 0xE7, 0xF3, 0xC7, 0xF9, 0x8F, 0xFC, 0x9F, 0xFE, 0x7F,
  0xFC, 0x3F, 0xF8, 0x9F, 0xF1, 0xCF, 0xE3, 0xE7, 0xF7, 0xF7, 0xFF, 0xFF,
  0xFF, 0xFF, 0xFF, 0xFF, 0xFF, 0xFF, 0xFF, 0xFF, 0xFF, 0xFF, 0xF7, 0xE7,
  0xF3, 0xC7, 0xF9, 0x8F, 0xFC, 0x9F, 0xFE, 0x7F, 0xFC, 0x3F, 0xF8, 0x9F,
  0xF1, 0xCF, 0xE3, 0xE7, 0xF7, 0xF7, 0xFF, 0xFF, 0xFF, 0xFF, 0xFF, 0xFF,
  0xFF, 0xFF, 0xFF, 0xFF, 0xFF, 0xFF, 0xF7, 0xE7, 0xF3, 0xC7, 0xF9, 0x8F,
  0xFC, 0x9F, 0xFE, 0x7F, 0xFC, 0x3F, 0xF8, 0x9F, 0xF1, 0xCF, 0xE3, 0xE7,
  0xF7, 0xF7, 0xFF, 0xFF, 0xFF, 0xFF, 0xFF, 0xFF, 0xFF, 0xFF, 0xFF, 0xFF,
  0xFF, 0xFF, 0xF7, 0xE7, 0xF3, 0xC7, 0xF9, 0x8F, 0xFC, 0x9F, 0xFE, 0x7F,
  0xFC, 0x3F, 0xF8, 0x9F, 0xF1, 0xCF, 0xE3, 0xE7, 0xF7, 0xF7, 0xFF, 0xFF,
  0xFF, 0xFF, 0xFF, 0xFF, 0xFF, 0xFF, 0xFF, 0xFF, 0xFF, 0xFF, 0xF7, 0xE7,
  0xF3, 0xC7, 0xF9, 0x8F, 0xFC, 0x9F, 0xFE, 0x7F, 0xFC, 0x3F, 0xF8, 0x9F,
  0xF1, 0xCF, 0xE3, 0xE7, 0xF7, 0xF7, 0xFF, 0xFF, 0xFF, 0xFF, 0xFF, 0xFF,
  0xFF, 0xFF, 0xFF, 0xFF, 0xFF, 0xFF, 0xF7, 0xE7, 0xF3, 0xC7, 0xF9, 0x8F,
  0xFC, 0x9F, 0xFE, 0x7F, 0xFC, 0x3F, 0xF8, 0x9F, 0xF1, 0xCF, 0xE3, 0xE7,
  0xF7, 0xF7, 0xFF, 0xFF, 0xFF, 0xFF, 0xFF, 0xFF, 0xFF, 0xFF, 0xFF, 0xFF,
  0xFF, 0xFF, 0xF7, 0xE7, 0xF3, 0xC7, 0xF9, 0x8F, 0xFC, 0x9F, 0xFE, 0x7F,
  0xFC, 0x3F, 0xF8, 0x9F, 0xF1, 0xCF, 0xE3, 0xE7, 0xF7, 0xF7, 0xFF, 0xFF,
  0xFF, 0xFF, 0xFF, 0xFF, 0xFF, 0xFF, 0xFF, 0xFF, 0xFF, 0xFF, 0xF7, 0xE7,
  0xF3, 0xC7, 0xF9, 0x8F, 0xFC, 0x9F, 0xFE, 0x7F, 0xFC, 0x3F, 0xF8, 0x9F,
  0xF1, 0xCF, 0xE3, 0xE7, 0xF7, 0xF7, 0xFF, 0xFF, 0xFF, 0xFF, 0xFF, 0xFF,
  0xFF, 0xFF, 0xFF, 0xFF, 0xFF, 0xFF, 0xF7, 0xE7, 0xF3, 0xC7, 0xF9, 0x8F,
  0xFC, 0x9F, 0xFE, 0x7F, 0xFC, 0x3F, 0xF8, 0x9F, 0xF1, 0xCF, 0xE3, 0xE7,
  0xF7, 0xF7, 0xFF, 0xFF, 0xFF, 0xFF, 0xFF, 0xFF, 0xFF, 0xFF, 0xFF, 0xFF,
  0xFF, 0xFF, 0xF7, 0xE7, 0xF3, 0xC7, 0xF9, 0x8F, 0xFC, 0x9F, 0xFE, 0x7F,
  0xFC, 0x3F, 0xF8, 0x9F, 0xF1, 0xCF, 0xE3, 0xE7, 0xF7, 0xF7, 0xFF, 0xFF,
  0xFF, 0xFF, 0xFF, 0xFF, 0xFF, 0xFF, 0xFF, 0xFF, 0xFF, 0xFF, 0xF7, 0xE7,
  0xF3, 0xC7, 0xF9, 0x8F, 0xFC, 0x9F, 0xFE, 0x7F, 0xFC, 0x3F, 0xF8, 0x9F,
  0xF1, 0xCF, 0xE3, 0xE7, 0xF7, 0xF7, 0xFF, 0xFF, 0xFF, 0xFF, 0xFF, 0xFF,
  0xFF, 0xFF, 0xFF, 0xFF, 0xFF, 0xFF, 0xF7, 0xE7, 0xF3, 0xC7, 0xF9, 0x8F,
  0xFC, 0x9F, 0xFE, 0x7F, 0xFC, 0x3F, 0xF8, 0x9F, 0xF1, 0xCF, 0xE3, 0xE7,
  0xF7, 0xF7, 0xFF, 0xFF, 0xFF, 0xFF, 0xFF, 0xFF, 0xFF, 0xFF, 0xFF, 0xFF,
  0xFF, 0xFF, 0xF7, 0xE7, 0xF3, 0xC7, 0xF9, 0x8F, 0xFC, 0x9F, 0xFE, 0x7F,
  0xFC, 0x3F, 0xF8, 0x9F, 0xF1, 0xCF, 0xE3, 0xE7, 0xF7, 0xF7, 0xFF, 0xFF,
  0xFF, 0xFF, 0xFF, 0xFF, 0xFF, 0xFF, 0xFF, 0xFF, 0xFF, 0xFF, 0xF7, 0xE7,
  0xF3, 0xC7, 0xF9, 0x8F, 0xFC, 0x9F, 0xFE, 0x7F, 0xFC, 0x3F, 0xF8, 0x9F,
  0xF1, 0xCF, 0xE3, 0xE7, 0xF7, 0xF7, 0xFF, 0xFF, 0xFF, 0xFF, 0xFF, 0xFF,
  0xFF, 0xFF, 0xFF, 0xFF, 0xFF, 0xFF, 0xF7, 0xE7, 0xF3, 0xC7, 0xF9, 0x8F,
  0xFC, 0x9F, 0xFE, 0x7F, 0xFC, 0x3F, 0xF8, 0x9F, 0xF1, 0xCF, 0xE3, 0xE7,
  0xF7, 0xF7, 0xFF, 0xFF, 0xFF, 0xFF, 0xFF, 0xFF, 0xFF, 0xFF, 0xFF, 0xFF,
  0xFF, 0xFF, 0xF7, 0xE7, 0xF3, 0xC7, 0xF9, 0x8F, 0xFC, 0x9F, 0xFE, 0x7F,
  0xFC, 0x3F, 0xF8, 0x9F, 0xF1, 0xCF, 0xE3, 0xE7, 0xF7, 0xF7, 0xFF, 0xFF,
  0xFF, 0xFF, 0xFF, 0xFF, 0xFF, 0xFF, 0xFF, 0xFF, 0xFF, 0xFF, 0xF7, 0xE7,
  0xF3, 0xC7, 0xF9, 0x8F, 0xFC, 0x9F, 0xFE, 0x7F, 0xFC, 0x3F, 0xF8, 0x9F,
  0xF1, 0xCF, 0xE3, 0xE7, 0xF7, 0xF7, 0xFF, 0xFF, 0xFF, 0xFF, 0xFF, 0xFF,
  0xFF, 0xFF, 0xFF, 0xFF, 0xFF, 0xFF, 0xF7, 0xE7, 0xF3, 0xC7, 0xF9, 0x8F,
  0xFC, 0x9F, 0xFE, 0x7F, 0xFC, 0x3F, 0xF8, 0x9F, 0xF1, 0xCF, 0xE3, 0xE7,
  0xF7, 0xF7, 0xFF, 0xFF, 0xFF, 0xFF, 0xFF, 0xFF, 0xFF, 0xFF, 0xFF, 0xFF,
  0xFF, 0xFF, 0xF7, 0xE7, 0xF3, 0xC7, 0xF9, 0x8F, 0xFC, 0x9F, 0xFE, 0x7F,
  0xFC, 0x3F, 0xF8, 0x9F, 0xF1, 0xCF, 0xE3, 0xE7, 0xF7, 0xF7, 0xFF, 0xFF,
  0xFF, 0xFF, 0xFF, 0xFF, 0xFF, 0xFF, 0xFF, 0xFF, 0xFF, 0xFF, 0xF7, 0xE7,
  0xF3, 0xC7, 0xF9, 0x8F, 0xFC, 0x9F, 0xFE, 0x7F, 0xFC, 0x3F, 0xF8, 0x9F,
  0xF1, 0xCF, 0xE3, 0xE7, 0xF7, 0xF7, 0xFF, 0xFF, 0xFF, 0xFF, 0xFF, 0xFF,
  0xFF, 0xFF, 0xFF, 0xFF, 0xFF, 0xFF, 0xF7, 0xE7, 0xF3, 0xC7, 0xF9, 0x8F,
  0xFC, 0x9F, 0xFE, 0x7F, 0xFC, 0x3F, 0xF8, 0x9F, 0xF1, 0xCF, 0xE3, 0xE7,
  0xF7, 0xF7, 0xFF, 0xFF, 0xFF, 0xFF, 0xFF, 0xFF, 0xFF, 0xFF, 0xFF, 0xFF,
  0xFF, 0xFF, 0xF7, 0xE7, 0xF3, 0xC7, 0xF9, 0x8F, 0xFC, 0x9F, 0xFE, 0x7F,
  0xFC, 0x3F, 0xF8, 0x9F, 0xF1, 0xCF, 0xE3, 0xE7, 0xF7, 0xF7, 0xFF, 0xFF,
  0xFF, 0xFF, 0xFF, 0xFF, 0xFF, 0xFF, 0xFF, 0xFF, 0xFF, 0xFF, 0xF7, 0xE7,
  0xF3, 0xC7, 0xF9, 0x8F, 0xFC, 0x9F, 0xFE, 0x7F, 0xFC, 0x3F, 0xF8, 0x9F,
  0xF1, 0xCF, 0xE3, 0xE7, 0xF7, 0xF7, 0xFF, 0xFF, 0xFF, 0xFF, 0xFF, 0xFF,
  0xFF, 0xFF, 0xFF, 0xFF, 0xFF, 0xFF, 0xF7, 0xE7, 0xF3, 0xC7, 0xF9, 0x8F,
  0xFC, 0x9F, 0xFE, 0x7F, 0xFC, 0x3F, 0xF8, 0x9F, 0xF1, 0xCF, 0xE3, 0xE7,
  0xF7, 0xF7, 0xFF, 0xFF, 0xFF, 0xFF, 0xFF, 0xFF, 0xFF, 0xFF, 0xFF, 0xFF,
  0xFF, 0xFF, 0xF7, 0xE7, 0xF3, 0xC7, 0xF9, 0x8F, 0xFC, 0x9F, 0xFE, 0x7F,
  0xFC, 0x3F, 0xF8, 0x9F, 0xF1, 0xCF, 0xE3, 0xE7, 0xF7, 0xF7, 0xFF, 0xFF,
  0xFF, 0xFF, 0xFF, 0xFF, 0xFF, 0xFF, 0xFF, 0xFF, 0xFF, 0xFF, 0xF7, 0xE7,
  0xF3, 0xC7, 0xF9, 0x8F, 0xFC, 0x9F, 0xFE, 0x7F, 0xFC, 0x3F, 0xF8, 0x9F,
  0xF1, 0xCF, 0xE3, 0xE7, 0xF7, 0xF7, 0xFF, 0xFF, 0xFF, 0xFF, 0xFF, 0xFF,
  0xFF, 0xFF, 0xFF, 0xFF, 0xFF, 0xFF, 0xF7, 0xE7, 0xF3, 0xC7, 0xF9, 0x8F,
  0xFC, 0x9F, 0xFE, 0x7F, 0xFC, 0x3F, 0xF8, 0x9F, 0xF1, 0xCF, 0xE3, 0xE7,
  0xF7, 0xF7, 0xFF, 0xFF, 0xFF, 0xFF, 0xFF, 0xFF, 0xFF, 0xFF, 0xFF, 0xFF,
  0xFF, 0xFF, 0xF7, 0xE7, 0xF3, 0xC7, 0xF9, 0x8F, 0xFC, 0x9F, 0xFE, 0x7F,
  0xFC, 0x3F, 0xF8, 0x9F, 0xF1, 0xCF, 0xE3, 0xE7, 0xF7, 0xF7, 0xFF, 0xFF,
  0xFF, 0xFF, 0xFF, 0xFF, 0xFF, 0xFF, 0xFF, 0xFF, 0xFF, 0xFF, 0xF7, 0xE7,
  0xF3, 0xC7, 0xF9, 0x8F, 0xFC, 0x9F, 0xFE, 0x7F, 0xFC, 0x3F, 0xF8, 0x9F,
  0xF1, 0xCF, 0xE3, 0xE7, 0xF7, 0xF7, 0xFF, 0xFF, 0xFF, 0xFF, 0xFF, 0xFF,
  0xFF, 0xFF, 0xFF, 0xFF, 0xFF, 0xFF, 0xF7, 0xE7, 0xF3, 0xC7, 0xF9, 0x8F,
  0xFC, 0x9F, 0xFE, 0x7F, 0xFC, 0x3F, 0xF8, 0x9F, 0xF1, 0xCF, 0xE3, 0xE7,
  0xF7, 0xF7, 0xFF, 0xFF, 0xFF, 0xFF, 0xFF, 0xFF, 0x00, 0x27, 0xF7, 0x00,
  0x07, 0x77, 0x77, 0x77, 0x77, 0x77, 0x77, 0x77, 0x03, 0x00, 0x60, 0x0C,
  0x07, 0xF3, 0xCE, 0x71, 0xDC, 0x1B, 0x80, 0x70, 0x1E, 0x01, 0xC0, 0x38,
  0x07, 0x80, 0xF0, 0x4F, 0xF8, 0xFE, 0x06, 0x00, 0xC0, 0x18, 0x00, 0x00,
  0xE0, 0x03, 0xFC, 0x07, 0x1C, 0x0E, 0x08, 0x0E, 0x00, 0x1E, 0x00, 0x1E,
  0x00, 0x1E, 0x00, 0x7F, 0xC0, 0x1E, 0x00, 0x1E, 0x00, 0x1E, 0x00, 0x1E,
  0x0F, 0x1E, 0x07, 0x1C, 0x07, 0x78, 0x0F, 0xFF, 0xFE, 0xE1, 0xF8, 0x40,
  0x0B, 0x80, 0x77, 0xFB, 0x8F, 0xFC, 0x3C, 0xE0, 0xE1, 0xC3, 0x07, 0x0C,
  0x1C, 0x30, 0x70, 0xE3, 0x83, 0xFE, 0x1F, 0xFC, 0xE0, 0x1D, 0x00, 0x20,
  0xFF, 0x1F, 0x3C, 0x0E, 0x1E, 0x0C, 0x1E, 0x18, 0x0F, 0x18, 0x07, 0x30,
  0x07, 0xB0, 0x03, 0xE0, 0x3F, 0xFE, 0x01, 0xC0, 0x01, 0xC0, 0x01, 0xC0,
  0x3F, 0xFE, 0x01, 0xC0, 0x01, 0xC0, 0x03, 0xE0, 0x0F, 0xF8, 0xFF, 0xFF,
  0xC0, 0x3F, 0xFF, 0xF0, 0x1F, 0xE7, 0x8E, 0x70, 0x67, 0x06, 0x70, 0x07,
  0xC0, 0x3F, 0x07, 0xFC, 0xC7, 0xEC, 0x0F, 0xE0, 0x7F, 0x83, 0x7E, 0x33,
  0xFE, 0x0F, 0xC0, 0x3E, 0xE0, 0xFE, 0x07, 0xE0, 0x6F, 0x0E, 0x7F, 0xC0,
  0x63, 0xF9, 0xFC, 0xEC, 0x60, 0x03, 0xFE, 0x00, 0xE0, 0x70, 0x18, 0x01,
  0x83, 0x00, 0x0C, 0x20, 0xFC, 0x66, 0x1D, 0xC2, 0x43, 0x0C, 0x3C, 0x30,
  0x03, 0xC7, 0x00, 0x1C, 0x70, 0x01, 0xC7, 0x00, 0x1C, 0x70, 0x03, 0x43,
  0x84, 0x36, 0x3F, 0xC2, 0x20, 0xF8, 0x63, 0x00, 0x0C, 0x18, 0x01, 0x80,
  0xE0, 0x30, 0x03, 0xFE, 0x00, 0x06, 0x00, 0x1F, 0x0F, 0xF1, 0x0F, 0x00,
  0xE0, 0x3C, 0x7F, 0x9C, 0x77, 0x8E, 0x71, 0xCF, 0x78, 0xF7, 0x80, 0x06,
  0x0C, 0x30, 0x61, 0xC3, 0x0E, 0x3C, 0x79, 0xE3, 0xC7, 0x0F, 0x1C, 0x1E,
  0x38, 0x38, 0x70, 0x70, 0xC0, 0xE1, 0x81, 0x03, 0xFF, 0xFF, 0xFF, 0x00,
  0x70, 0x07, 0x00, 0x70, 0x07, 0x00, 0x70, 0xFF, 0xFF, 0xFF, 0xFF, 0xFF,
  0xFF, 0xF7, 0xE7, 0xF3, 0xC7, 0xF9, 0x8F, 0xFC, 0x9F, 0xFE, 0x7F, 0xFC,
  0x3F, 0xF8, 0x9F, 0xF1, 0xCF, 0xE3, 0xE7, 0xF7, 0xF7, 0xFF, 0xFF, 0xFF,
  0xFF, 0xFF, 0xFF, 0x03, 0xFE, 0x00, 0xE0, 0x70, 0x18, 0x01, 0x83, 0x00,
  0x0C, 0x23, 0xF8, 0x66, 0x19, 0xC2, 0x41, 0x8E, 0x3C, 0x18, 0xE3, 0xC1,
  0x8C, 0x1C, 0x1F, 0xC1, 0xC1, 0xF8, 0x1C, 0x19, 0xC3, 0x41, 0x8C, 0x36,
  0x18, 0xE2, 0x23, 0xC7, 0x63, 0x00, 0x0C, 0x18, 0x01, 0x80, 0xE0, 0x30,
  0x03, 0xFE, 0x00, 0x06, 0x00, 0xFF, 0xFF, 0x3C, 0xFE, 0xC7, 0xC3, 0xC3,
  0xC3, 0xFE, 0x7C, 0x0E, 0x01, 0xC0, 0x38, 0x07, 0x0F, 0xFF, 0xFF, 0xFF,
  0xF8, 0x70, 0x0E, 0x01, 0xC0, 0x00, 0x7F, 0xFF, 0xFE, 0x3E, 0x7F, 0x90,
  0xC0, 0x60, 0x30, 0x38, 0x38, 0x38, 0x38, 0xBF, 0xFF, 0xE0, 0x7E, 0x77,
  0x81, 0xC0, 0xE0, 0xE1, 0xF0, 0x1C, 0x07, 0x07, 0xC7, 0x9F, 0x80, 0x08,
  0x73, 0xDE, 0xF1, 0x00, 0xF1, 0xF7, 0x87, 0x9C, 0x1C, 0xE0, 0xE7, 0x07,
  0x38, 0x39, 0xC1, 0xCE, 0x0E, 0x70, 0x73, 0x83, 0x9E, 0x3C, 0xFF, 0xE7,
  0xF7, 0xB8, 0x01, 0xC0, 0x0E, 0x00, 0x70, 0x00, 0x07, 0xC0, 0x1F, 0xFF,
  0x3F, 0x1C, 0x7F, 0x1C, 0x7F, 0x1C, 0xFF, 0x1C, 0x7F, 0x1C, 0x7F, 0x1C,
  0x7F, 0x1C, 0x3F, 0x1C, 0x1F, 0x1C, 0x07, 0x1C, 0x07, 0x1C, 0x07, 0x1C,
  0x07, 0x1C, 0x07, 0x1C, 0x07, 0x1C, 0x07, 0x1C, 0x0F, 0x1E, 0x1F, 0x1E,
  0x7F, 0xF6, 0x30, 0xC6, 0x7F, 0xF8, 0x3C, 0xFC, 0x9C, 0x1C, 0x1C, 0x1C,
  0x1C, 0x1C, 0x1C, 0x1C, 0x7F, 0x1E, 0x1F, 0xEE, 0x3B, 0x87, 0xE1, 0xF8,
  0x7E, 0x1F, 0x87, 0xE1, 0x9C, 0xE3, 0xE0, 0xC3, 0x07, 0x0C, 0x1C, 0x30,
  0x71, 0xC3, 0xC7, 0x0F, 0x3C, 0x79, 0xE7, 0x8E, 0x38, 0xE3, 0x8E, 0x38,
  0x61, 0x86, 0x00, 0x00, 0x03, 0x01, 0xE0, 0x18, 0x3F, 0x01, 0x81, 0x38,
  0x0C, 0x01, 0xC0, 0xC0, 0x0E, 0x06, 0x00, 0x70, 0x60, 0x03, 0x83, 0x00,
  0x1C, 0x31, 0xC0, 0xE1, 0x9C, 0x07, 0x18, 0xE0, 0xFE, 0xCE, 0x00, 0x0C,
  0x66, 0x00, 0x67, 0x30, 0x06, 0x31, 0x80, 0x33, 0xFF, 0x03, 0x0F, 0xF8,
  0x18, 0x07, 0x01, 0x80, 0x38, 0x0C, 0x00, 0x00, 0x00, 0x03, 0x01, 0xE0,
  0x18, 0x3F, 0x01, 0x81, 0x38, 0x0C, 0x01, 0xC0, 0xC0, 0x0E, 0x06, 0x00,
  0x70, 0x60, 0x03, 0x83, 0x00, 0x1C, 0x33, 0xE0, 0xE1, 0xFF, 0x87, 0x19,
  0x0C, 0xFE, 0xC0, 0x60, 0x0C, 0x03, 0x00, 0x60, 0x38, 0x06, 0x03, 0x80,
  0x30, 0x38, 0x03, 0x03, 0x88, 0x18, 0x3F, 0xC1, 0x83, 0xFE, 0x0C, 0x00,
  0x00, 0x00, 0x01, 0x80, 0xFC, 0x03, 0x03, 0xBC, 0x0C, 0x00, 0x38, 0x18,
  0x00, 0x70, 0x60, 0x01, 0xC0, 0xC0, 0x0F, 0x83, 0x00, 0x03, 0x86, 0x00,
  0x03, 0x98, 0x70, 0x0F, 0x31, 0xC2, 0x3C, 0xC3, 0x83, 0xF1, 0x8E, 0x00,
  0x06, 0x19, 0x80, 0x0C, 0x73, 0x00, 0x30, 0xC6, 0x00, 0x63, 0xFF, 0x01,
  0x83, 0xFE, 0x03, 0x00, 0x70, 0x0C, 0x00, 0xE0, 0x18, 0x00, 0x00, 0x04,
  0x03, 0x80, 0xF0, 0x38, 0x00, 0x00, 0x00, 0x00, 0x18, 0x06, 0x01, 0xC0,
  0xF0, 0x78, 0x3C, 0x1C, 0x0E, 0x03, 0x80, 0xE0, 0x38, 0x0F, 0x03, 0xE1,
  0x7F, 0xC7, 0xE0, 0x03, 0x00, 0x03, 0xC0, 0x00, 0xE0, 0x00, 0x18, 0x00,
  0x00, 0x00, 0x0E, 0x00, 0x0F, 0x80, 0x07, 0xC0, 0x03, 0xE0, 0x03, 0x78,
  0x01, 0x9C, 0x00, 0xCE, 0x00, 0xC7, 0x80, 0x63, 0xC0, 0x70, 0xE0, 0x38,
  0x78, 0x18, 0x3C, 0x1F, 0xFE, 0x0E, 0x07, 0x86, 0x03, 0xC7, 0x01, 0xE7,
  0xC0, 0xFB, 0xF0, 0xFE, 0x00, 0x60, 0x00, 0x78, 0x00, 0x38, 0x00, 0x30,
  0x00, 0x00, 0x00, 0x0E, 0x00, 0x0F, 0x80, 0x07, 0xC0, 0x03, 0xE0, 0x03,
  0x78, 0x01, 0x9C, 0x00, 0xCE, 0x00, 0xC7, 0x80, 0x63, 0xC0, 0x70, 0xE0,
  0x38, 0x78, 0x18, 0x3C, 0x1F, 0xFE, 0x0E, 0x07, 0x86, 0x03, 0xC7, 0x01,
  0xE7, 0xC0, 0xFB, 0xF0, 0xFE, 0x01, 0xC0, 0x01, 0xF0, 0x01, 0xDC, 0x01,
  0xC7, 0x00, 0x00, 0x00, 0x0E, 0x00, 0x0F, 0x80, 0x07, 0xC0, 0x03, 0xE0,
  0x03, 0x78, 0x01, 0x9C, 0x00, 0xCE, 0x00, 0xC7, 0x80, 0x63, 0xC0, 0x70,
  0xE0, 0x38, 0x78, 0x18, 0x3C, 0x1F, 0xFE, 0x0E, 0x07, 0x86, 0x03, 0xC7,
  0x01, 0xE7, 0xC0, 0xFB, 0xF0, 0xFE, 0x02, 0x00, 0x03, 0xD8, 0x03, 0x7C,
  0x00, 0x9C, 0x00, 0x00, 0x00, 0x0E, 0x00, 0x0F, 0x80, 0x07, 0xC0, 0x03,
  0xE0, 0x03, 0x78, 0x01, 0x9C, 0x00, 0xCE, 0x00, 0xC7, 0x80, 0x63, 0xC0,
  0x70, 0xE0, 0x38, 0x78, 0x18, 0x3C, 0x1F, 0xFE, 0x0E, 0x07, 0x86, 0x03,
  0xC7, 0x01, 0xE7, 0xC0, 0xFB, 0xF0, 0xFE, 0x06, 0x30, 0x07, 0xB8, 0x03,
  0x9C, 0x00, 0xCE, 0x00, 0x00, 0x00, 0x0E, 0x00, 0x0F, 0x80, 0x07, 0xC0,
  0x03, 0xE0, 0x03, 0x78, 0x01, 0x9C, 0x00, 0xCE, 0x00, 0xC7, 0x80, 0x63,
  0xC0, 0x70, 0xE0, 0x38, 0x78, 0x18, 0x3C, 0x1F, 0xFE, 0x0E, 0x07, 0x86,
  0x03, 0xC7, 0x01, 0xE7, 0xC0, 0xFB, 0xF0, 0xFE, 0x01, 0xC0, 0x01, 0xF0,
  0x01, 0x8C, 0x00, 0xC6, 0x00, 0x23, 0x00, 0x1F, 0x00, 0x00, 0x00, 0x03,
  0x80, 0x03, 0xE0, 0x01, 0xF0, 0x00, 0xF8, 0x00, 0xDE, 0x00, 0x67, 0x00,
  0x33, 0x80, 0x31, 0xE0, 0x18, 0xF0, 0x1C, 0x38, 0x0E, 0x1E, 0x06, 0x0F,
  0x07, 0xFF, 0x83, 0x81, 0xE1, 0x80, 0xF1, 0xC0, 0x79, 0xF0, 0x3E, 0xFC,
  0x3F, 0x80, 0x07, 0xFF, 0xFC, 0x01, 0xDE, 0x0C, 0x01, 0x9E, 0x0C, 0x01,
  0x9E, 0x04, 0x03, 0x9E, 0x00, 0x03, 0x1E, 0x30, 0x07, 0x1E, 0x30, 0x06,
  0x1F, 0xF0, 0x0E, 0x1F, 0xF0, 0x0E, 0x1E, 0x30, 0x0F, 0xFE, 0x30, 0x1F,
  0xFE, 0x00, 0x1C, 0x1E, 0x02, 0x38, 0x1E, 0x07, 0x38, 0x1E, 0x06, 0x7C,
  0x3F, 0xFE, 0xFC, 0x7F, 0xFE, 0x01, 0xE0, 0x1F, 0xF1, 0xE1, 0xCF, 0x07,
  0x38, 0x0D, 0xE0, 0x37, 0x80, 0x1C, 0x00, 0xF0, 0x03, 0xC0, 0x0F, 0x00,
  0x1E, 0x00, 0x78, 0x01, 0xE0, 0x33, 0x80, 0xCF, 0x03, 0x1F, 0x3C, 0x1F,
  0xE0, 0x0C, 0x00, 0x18, 0x00, 0x60, 0x03, 0x80, 0x3E, 0x00, 0xF0, 0x0C,
  0x00, 0x78, 0x00, 0xE0, 0x00, 0xC0, 0x00, 0x00, 0x00, 0x0F, 0xFF, 0x8E,
  0x0E, 0x38, 0x18, 0xE0, 0x63, 0x80, 0x0E, 0x10, 0x38, 0x40, 0xFF, 0x03,
  0xFC, 0x0E, 0x10, 0x38, 0x40, 0xE0, 0x03, 0x80, 0xCE, 0x03, 0x38, 0x1D,
  0xFF, 0xFF, 0xFF, 0xC0, 0x00, 0xC0, 0x07, 0x80, 0x1C, 0x00, 0xC0, 0x00,
  0x00, 0x00, 0x0F, 0xFF, 0x8E, 0x0E, 0x38, 0x18, 0xE0, 0x63, 0x80, 0x0E,
  0x10, 0x38, 0x40, 0xFF, 0x03, 0xFC, 0x0E, 0x10, 0x38, 0x40, 0xE0, 0x03,
  0x80, 0xCE, 0x03, 0x38, 0x1D, 0xFF, 0xFF, 0xFF, 0xC0, 0x07, 0x00, 0x3E,
  0x01, 0xDC, 0x0E, 0x38, 0x00, 0x00, 0x00, 0x0F, 0xFF, 0x8E, 0x0E, 0x38,
  0x18, 0xE0, 0x63, 0x80, 0x0E, 0x10, 0x38, 0x40, 0xFF, 0x03, 0xFC, 0x0E,
  0x10, 0x38, 0x40, 0xE0, 0x03, 0x80, 0xCE, 0x03, 0x38, 0x1D, 0xFF, 0xFF,
  0xFF, 0xC0, 0x0C, 0x60, 0x7B, 0x81, 0xCE, 0x03, 0x38, 0x00, 0x00, 0x00,
  0x0F, 0xFF, 0x8E, 0x0E, 0x38, 0x18, 0xE0, 0x63, 0x80, 0x0E, 0x10, 0x38,
  0x40, 0xFF, 0x03, 0xFC, 0x0E, 0x10, 0x38, 0x40, 0xE0, 0x03, 0x80, 0xCE,
  0x03, 0x38, 0x1D, 0xFF, 0xFF, 0xFF, 0xC0, 0x61, 0xE1, 0xC0, 0xC0, 0x00,
  0x3F, 0x9C, 0x38, 0x70, 0xE1, 0xC3, 0x87, 0x0E, 0x1C, 0x38, 0x70, 0xE1,
  0xC3, 0x8F, 0xFF, 0x80, 0x0C, 0x3C, 0x71, 0x80, 0x00, 0x3F, 0x9C, 0x38,
  0x70, 0xE1, 0xC3, 0x87, 0x0E, 0x1C, 0x38, 0x70, 0xE1, 0xC3, 0x8F, 0xFF,
  0x80, 0x1C, 0x1F, 0x1D, 0xDC, 0x70, 0x00, 0x01, 0xFC, 0x38, 0x1C, 0x0E,
  0x07, 0x03, 0x81, 0xC0, 0xE0, 0x70, 0x38, 0x1C, 0x0E, 0x07, 0x03, 0x81,
  0xC1, 0xF9, 0xFC, 0x63, 0xF7, 0xE7, 0x67, 0x00, 0x00, 0x7F, 0x1C, 0x1C,
  0x1C, 0x1C, 0x1C, 0x1C, 0x1C, 0x1C, 0x1C, 0x1C, 0x1C, 0x1C, 0x1C, 0x1C,
  0x3F, 0x7F, 0x07, 0xC0, 0xFF, 0xF8, 0x38, 0x3C, 0x38, 0x1E, 0x38, 0x0E,
  0x38, 0x0F, 0x38, 0x0F, 0x38, 0x0F, 0xFF, 0x0F, 0xFF, 0x0F, 0x38, 0x0F,
  0x38, 0x0F, 0x38, 0x0F, 0x38, 0x0E, 0x38, 0x1E, 0x38, 0x3C, 0x7C, 0xF8,
  0xFF, 0xE0, 0x02, 0x00, 0x03, 0xD8, 0x03, 0x7C, 0x00, 0x9C, 0x00, 0x00,
  0x00, 0x00, 0x03, 0xF0, 0x7E, 0x7C, 0x0C, 0x3E, 0x06, 0x1F, 0x83, 0x0D,
  0xC1, 0x86, 0xF0, 0xC3, 0x3C, 0x61, 0x9E, 0x30, 0xC7, 0x98, 0x61, 0xEC,
  0x30, 0xF6, 0x18, 0x3F, 0x0C, 0x0F, 0x86, 0x07, 0xC3, 0x01, 0xE7, 0xC0,
  0x73, 0xF0, 0x38, 0x06, 0x00, 0x1E, 0x00, 0x1C, 0x00, 0x0C, 0x00, 0x00,
  0x00, 0x70, 0x07, 0xFC, 0x1E, 0x1C, 0x78, 0x1C, 0xE0, 0x3F, 0xC0, 0x7F,
  0x80, 0xFF, 0x00, 0xFE, 0x01, 0xFC, 0x03, 0xF8, 0x07, 0xF0, 0x1F, 0xE0,
  0x3F, 0xC0, 0x7B, 0x80, 0xE7, 0x83, 0x87, 0x8E, 0x03, 0xF8, 0x00, 0x00,
  0xC0, 0x03, 0xC0, 0x07, 0x00, 0x18, 0x00, 0x00, 0x00, 0x70, 0x07, 0xFC,
  0x1E, 0x1C, 0x78, 0x1C, 0xE0, 0x3F, 0xC0, 0x7F, 0x80, 0xFF, 0x00, 0xFE,
  0x01, 0xFC, 0x03, 0xF8, 0x07, 0xF0, 0x1F, 0xE0, 0x3F, 0xC0, 0x7B, 0x80,
  0xE7, 0x83, 0x87, 0x8E, 0x03, 0xF8, 0x00, 0x03, 0x80, 0x0F, 0x80, 0x3B,
  0x80, 0xE3, 0x80, 0x00, 0x00, 0x70, 0x07, 0xFC, 0x1E, 0x1C, 0x78, 0x1C,
  0xE0, 0x3F, 0xC0, 0x7F, 0x80, 0xFF, 0x00, 0xFE, 0x01, 0xFC, 0x03, 0xF8,
  0x07, 0xF0, 0x1F, 0xE0, 0x3F, 0xC0, 0x7B, 0x80, 0xE7, 0x83, 0x87, 0x8E,
  0x03, 0xF8, 0x00, 0x04, 0x00, 0x1E, 0xC0, 0x6F, 0x80, 0x4E, 0x00, 0x00,
  0x00, 0x70, 0x07, 0xFC, 0x1E, 0x1C, 0x78, 0x1C, 0xE0, 0x3F, 0xC0, 0x7F,
  0x80, 0xFF, 0x00, 0xFE, 0x01, 0xFC, 0x03, 0xF8, 0x07, 0xF0, 0x1F, 0xE0,
  0x3F, 0xC0, 0x7B, 0x80, 0xE7, 0x83, 0x87, 0x8E, 0x03, 0xF8, 0x00, 0x0C,
  0x60, 0x3D, 0xC0, 0x73, 0x80, 0x67, 0x00, 0x00, 0x00, 0x70, 0x07, 0xFC,
  0x1E, 0x1C, 0x78, 0x1C, 0xE0, 0x3F, 0xC0, 0x7F, 0x80, 0xFF, 0x00, 0xFE,
  0x01, 0xFC, 0x03, 0xF8, 0x07, 0xF0, 0x1F, 0xE0, 0x3F, 0xC0, 0x7B, 0x80,
  0xE7, 0x83, 0x87, 0x8E, 0x03, 0xF8, 0x00, 0x20, 0x5E, 0x1D, 0xE7, 0x9F,
  0xC1, 0xF0, 0x1E, 0x07, 0xE1, 0xDE, 0x79, 0xFE, 0x1C, 0x81, 0x00, 0x00,
  0x10, 0x00, 0x20, 0x0E, 0x40, 0xFF, 0x83, 0xC3, 0x8F, 0x0B, 0x9C, 0x17,
  0xF8, 0x2F, 0xF0, 0x9F, 0xE1, 0x1F, 0xC4, 0x3F, 0x88, 0x7F, 0x10, 0xFE,
  0x43, 0xFC, 0x87, 0xFA, 0x0F, 0x74, 0x1C, 0xF8, 0x70, 0xF1, 0xC0, 0x7F,
  0x01, 0x00, 0x02, 0x00, 0x00, 0x03, 0x00, 0x03, 0xC0, 0x00, 0xE0, 0x00,
  0x18, 0x00, 0x00, 0x00, 0x00, 0x03, 0xFC, 0x7E, 0x78, 0x0E, 0x3C, 0x07,
  0x1E, 0x03, 0x8F, 0x01, 0xC7, 0x80, 0xE3, 0xC0, 0x71, 0xE0, 0x38, 0xF0,
  0x1C, 0x78, 0x0E, 0x3C, 0x07, 0x1E, 0x03, 0x8F, 0x01, 0x83, 0x80, 0xC1,
  0xE0, 0xE0, 0x7C, 0xE0, 0x1F, 0xC0, 0x00, 0x30, 0x00, 0x3C, 0x00, 0x1C,
  0x00, 0x18, 0x00, 0x00, 0x00, 0x00, 0x03, 0xFC, 0x7E, 0x78, 0x0E, 0x3C,
  0x07, 0x1E, 0x03, 0x8F, 0x01, 0xC7, 0x80, 0xE3, 0xC0, 0x71, 0xE0, 0x38,
  0xF0, 0x1C, 0x78, 0x0E, 0x3C, 0x07, 0x1E, 0x03, 0x8F, 0x01, 0x83, 0x80,
  0xC1, 0xE0, 0xE0, 0x7C, 0xE0, 0x1F, 0xC0, 0x01, 0xC0, 0x01, 0xF0, 0x01,
  0xDC, 0x01, 0xC7, 0x00, 0x00, 0x00, 0x00, 0x03, 0xFC, 0x7E, 0x78, 0x0E,
  0x3C, 0x07, 0x1E, 0x03, 0x8F, 0x01, 0xC7, 0x80, 0xE3, 0xC0, 0x71, 0xE0,
  0x38, 0xF0, 0x1C, 0x78, 0x0E, 0x3C, 0x07, 0x1E, 0x03, 0x8F, 0x01, 0x83,
  0x80, 0xC1, 0xE0, 0xE0, 0x7C, 0xE0, 0x1F, 0xC0, 0x03, 0x18, 0x03, 0xDC,
  0x01, 0xCE, 0x00, 0x67, 0x00, 0x00, 0x00, 0x00, 0x03, 0xFC, 0x7E, 0x78,
  0x0E, 0x3C, 0x07, 0x1E, 0x03, 0x8F, 0x01, 0xC7, 0x80, 0xE3, 0xC0, 0x71,
  0xE0, 0x38, 0xF0, 0x1C, 0x78, 0x0E, 0x3C, 0x07, 0x1E, 0x03, 0x8F, 0x01,
  0x83, 0x80, 0xC1, 0xE0, 0xE0, 0x7C, 0xE0, 0x1F, 0xC0, 0x00, 0x60, 0x00,
  0xF0, 0x00, 0xE0, 0x01, 0x80, 0x00, 0x00, 0x00, 0x00, 0xFE, 0x3F, 0x78,
  0x0C, 0x38, 0x1C, 0x3C, 0x18, 0x1C, 0x30, 0x1E, 0x30, 0x0E, 0x60, 0x0F,
  0x60, 0x07, 0xC0, 0x07, 0xC0, 0x03, 0x80, 0x03, 0x80, 0x03, 0x80, 0x03,
  0x80, 0x03, 0x80, 0x0F, 0xE0, 0x1F, 0xF0, 0xFE, 0x00, 0xE0, 0x03, 0x80,
  0x0F, 0xF8, 0x3F, 0xF8, 0xE0, 0xF3, 0x83, 0xCE, 0x0F, 0x38, 0x3C, 0xE0,
  0xF3, 0x83, 0xCE, 0x3E, 0x3F, 0xE0, 0xE0, 0x03, 0x80, 0x1F, 0x80, 0xFF,
  0x00, 0x07, 0xF0, 0x18, 0x70, 0x70, 0xE1, 0xC1, 0xC3, 0x83, 0x07, 0x0E,
  0x0E, 0x38, 0x1C, 0x60, 0x38, 0xE0, 0x71, 0xE0, 0xE3, 0xE1, 0xC3, 0xE3,
  0x83, 0xC7, 0x03, 0xCE, 0x07, 0x9C, 0x0E, 0x79, 0xFD, 0xF3, 0xE0, 0x08,
  0x00, 0xC0, 0x0F, 0x00, 0x3C, 0x00, 0x70, 0x01, 0x80, 0x00, 0x00, 0x00,
  0x1F, 0xC3, 0xFF, 0x08, 0x38, 0x01, 0xC0, 0x0E, 0x07, 0xF0, 0xFF, 0x8F,
  0x1C, 0x70, 0xE7, 0x87, 0x1C, 0x38, 0xFF, 0xC3, 0xEF, 0x80, 0x00, 0x40,
  0x07, 0x00, 0x78, 0x07, 0x80, 0x78, 0x01, 0x00, 0x00, 0x00, 0x00, 0x1F,
  0xC3, 0xFF, 0x08, 0x38, 0x01, 0xC0, 0x0E, 0x07, 0xF0, 0xFF, 0x8F, 0x1C,
  0x70, 0xE7, 0x87, 0x1C, 0x38, 0xFF, 0xC3, 0xEF, 0x80, 0x07, 0x00, 0x7C,
  0x03, 0x70, 0x31, 0x83, 0x06, 0x00, 0x00, 0x00, 0x03, 0xF8, 0x7F, 0xE1,
  0x07, 0x00, 0x38, 0x01, 0xC0, 0xFE, 0x1F, 0xF1, 0xE3, 0x8E, 0x1C, 0xF0,
  0xE3, 0x87, 0x1F, 0xF8, 0x7D, 0xF0, 0x0C, 0x00, 0xF3, 0x0F, 0xF0, 0x23,
  0x80, 0x00, 0x00, 0x00, 0x7F, 0x0F, 0xFC, 0x20, 0xE0, 0x07, 0x00, 0x38,
  0x1F, 0xC3, 0xFE, 0x3C, 0x71, 0xC3, 0x9E, 0x1C, 0x70, 0xE3, 0xFF, 0x0F,
  0xBE, 0x18, 0xE1, 0xE7, 0x0F, 0x38, 0x31, 0x80, 0x00, 0x00, 0x00, 0x7F,
  0x0F, 0xFC, 0x20, 0xE0, 0x07, 0x00, 0x38, 0x1F, 0xC3, 0xFE, 0x3C, 0x71,
  0xC3, 0x9E, 0x1C, 0x70, 0xE3, 0xFF, 0x0F, 0xBE, 0x0F, 0x80, 0xEC, 0x06,
  0x30, 0x31, 0x80, 0xD8, 0x03, 0x80, 0x00, 0x03, 0xF8, 0x7F, 0xE1, 0x07,
  0x00, 0x38, 0x01, 0xC0, 0xFE, 0x1F, 0xF1, 0xE3, 0x8E, 0x1C, 0xF0, 0xE3,
  0x87, 0x1F, 0xF8, 0x7D, 0xF0, 0x1F, 0xDF, 0xCF, 0xFF, 0x3D, 0x83, 0xC3,
  0x80, 0x78, 0x70, 0x0E, 0x0E, 0x1F, 0xFF, 0xCF, 0xBF, 0xFB, 0xC7, 0x00,
  0x70, 0xF0, 0x1E, 0x0E, 0x01, 0xC3, 0xE0, 0xBF, 0x9F, 0xF3, 0xE1, 0xFC,
  0x1F, 0xCE, 0x77, 0x0F, 0x83, 0xE0, 0x38, 0x0E, 0x03, 0x80, 0xF0, 0x3C,
  0x07, 0x85, 0xFF, 0x1F, 0x81, 0x80, 0x30, 0x0C, 0x07, 0x07, 0xC1, 0xE0,
  0x08, 0x03, 0x00, 0xF0, 0x0F, 0x00, 0x70, 0x06, 0x00, 0x00, 0x00, 0x1F,
  0x8E, 0x39, 0xC7, 0xF0, 0x7E, 0x0F, 0xFF, 0xFF, 0xFF, 0x00, 0xE0, 0x1E,
  0x01, 0xE1, 0x3F, 0xF3, 0xF8, 0x00, 0x80, 0x38, 0x0F, 0x03, 0xC0, 0xF0,
  0x08, 0x00, 0x00, 0x00, 0x1F, 0x8E, 0x39, 0xC7, 0xF0, 0x7E, 0x0F, 0xFF,
  0xFF, 0xFF, 0x00, 0xE0, 0x1E, 0x01, 0xE1, 0x3F, 0xF3, 0xF8, 0x0E, 0x03,
  0xE0, 0x6E, 0x18, 0xC6, 0x0C, 0x00, 0x00, 0x00, 0xFC, 0x71, 0xCE, 0x3F,
  0x83, 0xF0, 0x7F, 0xFF, 0xFF, 0xF8, 0x07, 0x00, 0xF0, 0x0F, 0x09, 0xFF,
  0x9F, 0xC0, 0x31, 0xCF, 0x39, 0xE7, 0x18, 0xC0, 0x00, 0x00, 0x07, 0xE3,
  0x8E, 0x71, 0xFC, 0x1F, 0x83, 0xFF, 0xFF, 0xFF, 0xC0, 0x38, 0x07, 0x80,
  0x78, 0x4F, 0xFC, 0xFE, 0x00, 0x20, 0xC3, 0xC3, 0xC1, 0xC1, 0x80, 0x00,
  0x7C, 0xF8, 0x70, 0xE1, 0xC3, 0x87, 0x0E, 0x1C, 0x38, 0x71, 0xF7, 0xE0,
  0x04, 0x1C, 0x79, 0xE7, 0x84, 0x00, 0x00, 0xF9, 0xF0, 0xE1, 0xC3, 0x87,
  0x0E, 0x1C, 0x38, 0x70, 0xE3, 0xEF, 0xC0, 0x1C, 0x1F, 0x0D, 0xCC, 0x6C,
  0x18, 0x00, 0x00, 0x7C, 0x3E, 0x07, 0x03, 0x81, 0xC0, 0xE0, 0x70, 0x38,
  0x1C, 0x0E, 0x07, 0x07, 0xC7, 0xE0, 0x63, 0xF9, 0xFC, 0xEC, 0x60, 0x00,
  0x00, 0xF8, 0x7C, 0x0E, 0x07, 0x03, 0x81, 0xC0, 0xE0, 0x70, 0x38, 0x1C,
  0x0E, 0x0F, 0x8F, 0xC0, 0x63, 0x07, 0xE0, 0x1E, 0x01, 0xF0, 0x3B, 0x81,
  0x1C, 0x01, 0xC0, 0x0E, 0x1F, 0xE7, 0x8F, 0x70, 0xFF, 0x07, 0xE0, 0x7E,
  0x07, 0xE0, 0x7E, 0x07, 0xF0, 0xFF, 0x0E, 0x70, 0xE7, 0x9C, 0x1F, 0x80,
  0x06, 0x00, 0x1E, 0x60, 0x7F, 0x80, 0x47, 0x00, 0x00, 0x00, 0x00, 0x3C,
  0xFC, 0x7F, 0xFC, 0x78, 0x78, 0xF0, 0x71, 0xE0, 0xE3, 0xC1, 0xC7, 0x83,
  0x8F, 0x07, 0x1E, 0x0E, 0x3C, 0x1C, 0x78, 0x38, 0xF8, 0xFB, 0xF3, 0xF8,
  0x08, 0x01, 0x80, 0x3C, 0x01, 0xE0, 0x07, 0x00, 0x30, 0x00, 0x00, 0x00,
  0x1F, 0xC7, 0x9E, 0x70, 0xEF, 0x0F, 0xE0, 0x7E, 0x07, 0xE0, 0x7E, 0x07,
  0xE0, 0x7F, 0x0F, 0x70, 0xE7, 0x9C, 0x1F, 0x80, 0x00, 0x80, 0x1C, 0x03,
  0xC0, 0x78, 0x0F, 0x00, 0x40, 0x00, 0x00, 0x00, 0x1F, 0xC7, 0x9E, 0x70,
  0xEF, 0x0F, 0xE0, 0x7E, 0x07, 0xE0, 0x7E, 0x07, 0xE0, 0x7F, 0x0F, 0x70,
  0xE7, 0x9C, 0x1F, 0x80, 0x0E, 0x01, 0xF0, 0x1B, 0x83, 0x18, 0x60, 0xC0,
  0x00, 0x00, 0x01, 0xFC, 0x79, 0xE7, 0x0E, 0xF0, 0xFE, 0x07, 0xE0, 0x7E,
  0x07, 0xE0, 0x7E, 0x07, 0xF0, 0xF7, 0x0E, 0x79, 0xC1, 0xF8, 0x18, 0x03,
  0xCC, 0x7F, 0x82, 0x38, 0x00, 0x00, 0x00, 0x1F, 0xC7, 0x9E, 0x70, 0xEF,
  0x0F, 0xE0, 0x7E, 0x07, 0xE0, 0x7E, 0x07, 0xE0, 0x7F, 0x0F, 0x70, 0xE7,
  0x9C, 0x1F, 0x80, 0x31, 0xC7, 0x9C, 0x79, 0xC3, 0x18, 0x00, 0x00, 0x00,
  0x1F, 0xC7, 0x9E, 0x70, 0xEF, 0x0F, 0xE0, 0x7E, 0x07, 0xE0, 0x7E, 0x07,
  0xE0, 0x7F, 0x0F, 0x70, 0xE7, 0x9C, 0x1F, 0x80, 0x0F, 0x01, 0xE0, 0x38,
  0x00, 0x00, 0x01, 0xFF, 0xFF, 0xFF, 0xFF, 0x00, 0x00, 0x00, 0x3C, 0x07,
  0x80, 0xE0, 0x00, 0x40, 0x04, 0x1F, 0xC7, 0x9E, 0x71, 0xEF, 0x1F, 0xE2,
  0x7E, 0x27, 0xE2, 0x7E, 0x47, 0xE4, 0xFF, 0x8F, 0x78, 0xE7, 0x9C, 0x1F,
  0x82, 0x00, 0x20, 0x00, 0x08, 0x00, 0xC0, 0x0F, 0x00, 0x3C, 0x00, 0x70,
  0x01, 0x80, 0x00, 0x00, 0x00, 0xF1, 0xF7, 0x87, 0x9C, 0x1C, 0xE0, 0xE7,
  0x07, 0x38, 0x39, 0xC1, 0xCE, 0x0E, 0x70, 0x73, 0x83, 0x9E, 0x3C, 0xFF,
  0xE3, 0xF7, 0x80, 0x00, 0x80, 0x0E, 0x00, 0xF0, 0x0F, 0x00, 0xF0, 0x02,
  0x00, 0x00, 0x00, 0x00, 0xF1, 0xF7, 0x87, 0x9C, 0x1C, 0xE0, 0xE7, 0x07,
  0x38, 0x39, 0xC1, 0xCE, 0x0E, 0x70, 0x73, 0x83, 0x9E, 0x3C, 0xFF, 0xE3,
  0xF7, 0x80, 0x07, 0x00, 0x7C, 0x03, 0x70, 0x31, 0x83, 0x06, 0x00, 0x00,
  0x00, 0x1E, 0x3E, 0xF0, 0xF3, 0x83, 0x9C, 0x1C, 0xE0, 0xE7, 0x07, 0x38,
  0x39, 0xC1, 0xCE, 0x0E, 0x70, 0x73, 0xC7, 0x9F, 0xFC, 0x7E, 0xF0, 0x18,
  0xE1, 0xE7, 0x0F, 0x38, 0x31, 0x80, 0x00, 0x00, 0x03, 0xC7, 0xDE, 0x1E,
  0x70, 0x73, 0x83, 0x9C, 0x1C, 0xE0, 0xE7, 0x07, 0x38, 0x39, 0xC1, 0xCE,
  0x0E, 0x78, 0xF3, 0xFF, 0x8F, 0xDE, 0x00, 0x40, 0x03, 0x80, 0x1E, 0x00,
  0xF0, 0x07, 0x80, 0x08, 0x00, 0x00, 0x00, 0x00, 0xFC, 0x7D, 0xE0, 0xE7,
  0x83, 0x8E, 0x0C, 0x3C, 0x70, 0x71, 0xC1, 0xC6, 0x07, 0x98, 0x0E, 0xE0,
  0x3B, 0x00, 0x7C, 0x01, 0xE0, 0x07, 0x80, 0x06, 0x00, 0x30, 0x01, 0xC0,
  0x3E, 0x00, 0xF8, 0x03, 0x80, 0x00, 0xF8, 0x03, 0xE0, 0x03, 0x80, 0x0E,
  0x00, 0x38, 0x00, 0xE0, 0x03, 0xBE, 0x0F, 0xFC, 0x38, 0x78, 0xE0, 0xE3,
  0x83, 0xCE, 0x0F, 0x38, 0x3C, 0xE0, 0xF3, 0x83, 0x8E, 0x0E, 0x38, 0x70,
  0xE3, 0xC3, 0xFC, 0x0E, 0x00, 0x38, 0x00, 0xE0, 0x03, 0x80, 0x3F, 0x80,
  0xFE, 0x00, 0x18, 0xE0, 0xF3, 0x83, 0xCE, 0x06, 0x30, 0x00, 0x00, 0x00,
  0x0F, 0xC7, 0xDE, 0x0E, 0x78, 0x38, 0xE0, 0xC3, 0xC7, 0x07, 0x1C, 0x1C,
  0x60, 0x79, 0x80, 0xEE, 0x03, 0xB0, 0x07, 0xC0, 0x1E, 0x00, 0x78, 0x00,
  0x60, 0x03, 0x00, 0x1C, 0x03, 0xE0, 0x0F, 0x80, 0x38, 0x00 };

const GFXglyph Merriweather_Bold12pt8bGlyphs[] PROGMEM = {
  {     0,   1,   1,   6,    0,    0 },   // 0x20 ' '
  {     1,   5,  21,   7,    1,  -20 },   // 0x21 '!'
  {    15,   9,   9,  12,    2,  -19 },   // 0x22 '"'
  {    26,  14,  18,  17,    1,  -17 },   // 0x23 '#'
  {    58,  12,  23,  16,    2,  -19 },   // 0x24 '$'
  {    93,  23,  18,  25,    1,  -17 },   // 0x25 '%'
  {   145,  17,  18,  18,    1,  -17 },   // 0x26 '&'
  {   184,   4,   9,   7,    2,  -19 },   // 0x27 '''
  {   189,   8,  24,  10,    1,  -19 },   // 0x28 '('
  {   213,   7,  24,  10,    2,  -19 },   // 0x29 ')'
  {   234,  12,  13,  16,    2,  -19 },   // 0x2A '*'
  {   254,  11,  11,  16,    2,  -12 },   // 0x2B '+'
  {   270,   4,  10,   6,    1,   -3 },   // 0x2C ','
  {   275,   9,   3,  14,    2,   -8 },   // 0x2D '-'
  {   279,   4,   4,   6,    1,   -3 },   // 0x2E '.'
  {   281,   8,  22,  10,    1,  -17 },   // 0x2F '/'
  {   303,  13,  18,  16,    1,  -17 },   // 0x30 '0'
  {   333,   9,  18,  11,    1,  -17 },   // 0x31 '1'
  {   354,  13,  18,  14,    0,  -17 },   // 0x32 '2'
  {   384,  11,  18,  13,    1,  -17 },   // 0x33 '3'
  {   409,  14,  18,  15,    1,  -17 },   // 0x34 '4'
  {   441,  11,  18,  14,    1,  -17 },   // 0x35 '5'
  {   466,  13,  18,  14,    1,  -17 },   // 0x36 '6'
  {   496,  12,  17,  14,    1,  -16 },   // 0x37 '7'
  {   522,  13,  18,  15,    1,  -17 },   // 0x38 '8'
  {   552,  12,  19,  15,    1,  -17 },   // 0x39 '9'
  {   581,   4,  13,   7,    1,  -12 },   // 0x3A ':'
  {   588,   4,  19,   7,    1,  -12 },   // 0x3B ';'
  {   598,  11,  13,  16,    2,  -12 },   // 0x3C '<'
  {   616,  11,   9,  16,    2,  -11 },   // 0x3D '='
  {   629,  11,  13,  16,    3,  -13 },   // 0x3E '>'
  {   647,  10,  21,  11,    1,  -20 },   // 0x3F '?'
  {   674,  21,  24,  25,    2,  -17 },   // 0x40 '@'
  {   737,  17,  18,  17,    0,  -17 },   // 0x41 'A'
  {   776,  15,  18,  16,    1,  -17 },   // 0x42 'B'
  {   810,  14,  18,  16,    0,  -17 },   // 0x43 'C'
  {   842,  16,  18,  18,    1,  -17 },   // 0x44 'D'
  {   878,  14,  17,  15,    1,  -16 },   // 0x45 'E'
  {   908,  13,  17,  15,    1,  -16 },   // 0x46 'F'
  {   936,  16,  18,  17,    1,  -17 },   // 0x47 'G'
  {   972,  17,  17,  19,    1,  -16 },   // 0x48 'H'
  {  1009,   7,  17,   9,    1,  -16 },   // 0x49 'I'
  {  1024,   8,  21,   9,    0,  -16 },   // 0x4A 'J'
  {  1045,  17,  17,  18,    1,  -16 },   // 0x4B 'K'
  {  1082,  14,  17,  15,    1,  -16 },   // 0x4C 'L'
  {  1112,  24,  17,  24,    0,  -16 },   // 0x4D 'M'
  {  1163,  17,  17,  19,    1,  -16 },   // 0x4E 'N'
  {  1200,  15,  18,  17,    1,  -17 },   // 0x4F 'O'
  {  1234,  14,  18,  16,    1,  -17 },   // 0x50 'P'
  {  1266,  18,  22,  17,    1,  -17 },   // 0x51 'Q'
  {  1316,  16,  18,  17,    1,  -17 },   // 0x52 'R'
  {  1352,  13,  18,  14,    1,  -17 },   // 0x53 'S'
  {  1382,  16,  17,  17,    0,  -16 },   // 0x54 'T'
  {  1416,  17,  17,  17,    0,  -16 },   // 0x55 'U'
  {  1453,  17,  17,  16,    0,  -16 },   // 0x56 'V'
  {  1490,  24,  17,  24,    0,  -16 },   // 0x57 'W'
  {  1541,  17,  17,  17,    0,  -16 },   // 0x58 'X'
  {  1578,  16,  17,  15,    0,  -16 },   // 0x59 'Y'
  {  1612,  15,  18,  15,    0,  -17 },   // 0x5A 'Z'
  {  1646,   6,  22,  11,    2,  -18 },   // 0x5B '['
  {  1663,   9,  22,  10,    0,  -17 },   // 0x5C '\'
  {  1688,   6,  22,  10,    2,  -18 },   // 0x5D ']'
  {  1705,  12,  15,  16,    2,  -17 },   // 0x5E '^'
  {  1728,  12,   1,  12,    0,    2 },   // 0x5F '_'
  {  1730,   6,   6,  10,    2,  -20 },   // 0x60 '`'
  {  1735,  13,  13,  13,    0,  -12 },   // 0x61 'a'
  {  1757,  14,  19,  14,    0,  -18 },   // 0x62 'b'
  {  1791,  10,  13,  12,    1,  -12 },   // 0x63 'c'
  {  1808,  13,  19,  15,    1,  -18 },   // 0x64 'd'
  {  1839,  11,  13,  13,    1,  -12 },   // 0x65 'e'
  {  1857,   9,  20,   9,    1,  -19 },   // 0x66 'f'
  {  1880,  13,  19,  15,    1,  -12 },   // 0x67 'g'
  {  1911,  15,  19,  16,    0,  -18 },   // 0x68 'h'
  {  1947,   6,  19,   8,    1,  -18 },   // 0x69 'i'
  {  1962,   6,  25,   8,    0,  -18 },   // 0x6A 'j'
  {  1981,  15,  19,  15,    0,  -18 },   // 0x6B 'k'
  {  2017,   7,  19,   8,    0,  -18 },   // 0x6C 'l'
  {  2034,  22,  13,  24,    1,  -12 },   // 0x6D 'm'
  {  2070,  15,  13,  16,    1,  -12 },   // 0x6E 'n'
  {  2095,  12,  13,  14,    1,  -12 },   // 0x6F 'o'
  {  2115,  13,  19,  15,    1,  -12 },   // 0x70 'p'
  {  2146,  13,  19,  14,    1,  -12 },   // 0x71 'q'
  {  2177,   9,  13,  11,    1,  -12 },   // 0x72 'r'
  {  2192,  10,  13,  12,    1,  -12 },   // 0x73 's'
  {  2209,   9,  17,   9,    0,  -16 },   // 0x74 't'
  {  2229,  13,  13,  15,    1,  -12 },   // 0x75 'u'
  {  2251,  14,  13,  14,    0,  -12 },   // 0x76 'v'
  {  2274,  20,  13,  20,    0,  -12 },   // 0x77 'w'
  {  2307,  14,  13,  15,    0,  -12 },   // 0x78 'x'
  {  2330,  14,  19,  14,    0,  -12 },   // 0x79 'y'
  {  2364,  11,  13,  13,    1,  -12 },   // 0x7A 'z'
  {  2382,   9,  22,  12,    2,  -18 },   // 0x7B '{'
  {  2407,   2,  22,  10,    4,  -19 },   // 0x7C '|'
  {  2413,   9,  22,  12,    2,  -18 },   // 0x7D '}'
  {  2438,  11,   4,  16,    2,   -8 },   // 0x7E '~'
  {  2444,  16,  16,  20,    2,  -15 },   // 0x7F
  {  2476,  16,  16,  20,    2,  -15 },   // 0x80
  {  2508,  16,  16,  20,    2,  -15 },   // 0x81
  {  2540,  16,  16,  20,    2,  -15 },   // 0x82
  {  2572,  16,  16,  20,    2,  -15 },   // 0x83
  {  2604,  16,  16,  20,    2,  -15 },   // 0x84
  {  2636,  16,  16,  20,    2,  -15 },   // 0x85
  {  2668,  16,  16,  20,    2,  -15 },   // 0x86
  {  2700,  16,  16,  20,    2,  -15 },   // 0x87
  {  2732,  16,  16,  20,    2,  -15 },   // 0x88
  {  2764,  16,  16,  20,    2,  -15 },   // 0x89
  {  2796,  16,  16,  20,    2,  -15 },   // 0x8A
  {  2828,  16,  16,  20,    2,  -15 },   // 0x8B
  {  2860,  16,  16,  20,    2,  -15 },   // 0x8C
  {  2892,  16,  16,  20,    2,  -15 },   // 0x8D
  {  2924,  16,  16,  20,    2,  -15 },   // 0x8E
  {  2956,  16,  16,  20,    2,  -15 },   // 0x8F
  {  2988,  16,  16,  20,    2,  -15 },   // 0x90
  {  3020,  16,  16,  20,    2,  -15 },   // 0x91
  {  3052,  16,  16,  20,    2,  -15 },   // 0x92
  {  3084,  16,  16,  20,    2,  -15 },   // 0x93
  {  3116,  16,  16,  20,    2,  -15 },   // 0x94
  {  3148,  16,  16,  20,    2,  -15 },   // 0x95
  {  3180,  16,  16,  20,    2,  -15 },   // 0x96
  {  3212,  16,  16,  20,    2,  -15 },   // 0x97
  {  3244,  16,  16,  20,    2,  -15 },   // 0x98
  {  3276,  16,  16,  20,    2,  -15 },   // 0x99
  {  3308,  16,  16,  20,    2,  -15 },   // 0x9A
  {  3340,  16,  16,  20,    2,  -15 },   // 0x9B
  {  3372,  16,  16,  20,    2,  -15 },   // 0x9C
  {  3404,  16,  16,  20,    2,  -15 },   // 0x9D
  {  3436,  16,  16,  20,    2,  -15 },   // 0x9E
  {  3468,  16,  16,  20,    2,  -15 },   // 0x9F
  {  3500,   1,   1,   6,    0,    0 },   // 0xA0
  {  3501,   4,  22,   7,    1,  -17 },   // 0xA1
  {  3512,  11,  19,  13,    1,  -15 },   // 0xA2
  {  3539,  16,  18,  18,    1,  -17 },   // 0xA3
  {  3575,  14,  14,  18,    2,  -15 },   // 0xA4
  {  3600,  16,  17,  19,    1,  -16 },   // 0xA5
  {  3634,   2,  22,  10,    4,  -19 },   // 0xA6
  {  3640,  12,  21,  16,    2,  -18 },   // 0xA7
  {  3672,   9,   4,  13,    2,  -18 },   // 0xA8
  {  3677,  20,  20,  24,    2,  -20 },   // 0xA9
  {  3727,  11,  11,  11,    0,  -18 },   // 0xAA
  {  3743,  14,  12,  16,    1,  -12 },   // 0xAB
  {  3764,  12,   7,  16,    2,   -7 },   // 0xAC
  {  3775,  16,  16,  20,    2,  -15 },   // 0xAD
  {  3807,  20,  20,  24,    2,  -20 },   // 0xAE
  {  3857,   8,   2,  12,    2,  -17 },   // 0xAF
  {  3859,   8,   8,  12,    2,  -18 },   // 0xB0
  {  3867,  11,  13,  15,    2,  -12 },   // 0xB1
  {  3885,   9,  11,  10,    0,  -20 },   // 0xB2
  {  3898,   9,  11,   9,    0,  -20 },   // 0xB3
  {  3911,   6,   6,  10,    2,  -20 },   // 0xB4
  {  3916,  13,  17,  15,    1,  -12 },   // 0xB5
  {  3944,  16,  20,  18,    1,  -19 },   // 0xB6
  {  3984,   4,   4,   4,    0,  -10 },   // 0xB7
  {  3986,   5,   6,   9,    2,    1 },   // 0xB8
  {  3990,   8,  11,   8,    0,  -20 },   // 0xB9
  {  4001,  10,  11,  12,    1,  -18 },   // 0xBA
  {  4015,  13,  12,  16,    2,  -12 },   // 0xBB
  {  4035,  21,  20,  21,    0,  -18 },   // 0xBC
  {  4088,  21,  20,  22,    0,  -18 },   // 0xBD
  {  4141,  23,  20,  23,    0,  -18 },   // 0xBE
  {  4199,  10,  22,  11,    1,  -17 },   // 0xBF
  {  4227,  17,  23,  17,    0,  -22 },   // 0xC0
  {  4276,  17,  23,  17,    0,  -22 },   // 0xC1
  {  4325,  17,  23,  17,    0,  -22 },   // 0xC2
  {  4374,  17,  23,  17,    0,  -22 },   // 0xC3
  {  4423,  17,  23,  17,    0,  -22 },   // 0xC4
  {  4472,  17,  25,  17,    0,  -24 },   // 0xC5
  {  4526,  24,  17,  23,   -1,  -16 },   // 0xC6
  {  4577,  14,  24,  16,    0,  -17 },   // 0xC7
  {  4619,  14,  23,  15,    1,  -22 },   // 0xC8
  {  4660,  14,  23,  15,    1,  -22 },   // 0xC9
  {  4701,  14,  23,  15,    1,  -22 },   // 0xCA
  {  4742,  14,  23,  15,    1,  -22 },   // 0xCB
  {  4783,   7,  23,   9,    1,  -22 },   // 0xCC
  {  4804,   7,  23,   9,    1,  -22 },   // 0xCD
  {  4825,   9,  23,   9,    0,  -22 },   // 0xCE
  {  4851,   8,  23,   9,    0,  -22 },   // 0xCF
  {  4874,  16,  18,  18,    1,  -17 },   // 0xD0
  {  4910,  17,  23,  19,    1,  -22 },   // 0xD1
  {  4959,  15,  23,  17,    1,  -22 },   // 0xD2
  {  5003,  15,  23,  17,    1,  -22 },   // 0xD3
  {  5047,  15,  23,  17,    1,  -22 },   // 0xD4
  {  5091,  15,  23,  17,    1,  -22 },   // 0xD5
  {  5135,  15,  23,  17,    1,  -22 },   // 0xD6
  {  5179,  11,  11,  16,    2,  -12 },   // 0xD7
  {  5195,  15,  22,  17,    1,  -19 },   // 0xD8
  {  5237,  17,  23,  17,    0,  -22 },   // 0xD9
  {  5286,  17,  23,  17,    0,  -22 },   // 0xDA
  {  5335,  17,  23,  17,    0,  -22 },   // 0xDB
  {  5384,  17,  23,  17,    0,  -22 },   // 0xDC
  {  5433,  16,  23,  15,    0,  -22 },   // 0xDD
  {  5479,  14,  17,  16,    1,  -16 },   // 0xDE
  {  5509,  15,  18,  15,    0,  -17 },   // 0xDF
  {  5543,  13,  21,  13,    0,  -20 },   // 0xE0
  {  5578,  13,  21,  13,    0,  -20 },   // 0xE1
  {  5613,  13,  20,  13,    0,  -19 },   // 0xE2
  {  5646,  13,  19,  13,    0,  -18 },   // 0xE3
  {  5677,  13,  19,  13,    0,  -18 },   // 0xE4
  {  5708,  13,  20,  13,    0,  -19 },   // 0xE5
  {  5741,  19,  13,  20,    0,  -12 },   // 0xE6
  {  5772,  10,  19,  12,    1,  -12 },   // 0xE7
  {  5796,  11,  21,  13,    1,  -20 },   // 0xE8
  {  5825,  11,  21,  13,    1,  -20 },   // 0xE9
  {  5854,  11,  20,  13,    1,  -19 },   // 0xEA
  {  5882,  11,  19,  13,    1,  -18 },   // 0xEB
  {  5909,   7,  21,   8,    0,  -20 },   // 0xEC
  {  5928,   7,  21,   8,    1,  -20 },   // 0xED
  {  5947,   9,  20,   8,   -1,  -19 },   // 0xEE
  {  5970,   9,  19,   8,   -1,  -18 },   // 0xEF
  {  5992,  12,  21,  14,    1,  -20 },   // 0xF0
  {  6024,  15,  19,  16,    1,  -18 },   // 0xF1
  {  6060,  12,  21,  14,    1,  -20 },   // 0xF2
  {  6092,  12,  21,  14,    1,  -20 },   // 0xF3
  {  6124,  12,  20,  14,    1,  -19 },   // 0xF4
  {  6154,  12,  19,  14,    1,  -18 },   // 0xF5
  {  6183,  12,  19,  14,    1,  -18 },   // 0xF6
  {  6212,  11,  13,  16,    2,  -13 },   // 0xF7
  {  6230,  12,  17,  14,    1,  -14 },   // 0xF8
  {  6256,  13,  21,  15,    1,  -20 },   // 0xF9
  {  6291,  13,  21,  15,    1,  -20 },   // 0xFA
  {  6326,  13,  20,  15,    1,  -19 },   // 0xFB
  {  6359,  13,  19,  15,    1,  -18 },   // 0xFC
  {  6390,  14,  27,  14,    0,  -20 },   // 0xFD
  {  6438,  14,  25,  14,    0,  -18 },   // 0xFE
  {  6482,  14,  25,  14,    0,  -18 } }; // 0xFF

const GFXfont Merriweather_Bold12pt8b PROGMEM = {
  (uint8_t  *)Merriweather_Bold12pt8bBitmaps,
  (GFXglyph *)Merriweather_Bold12pt8bGlyphs,
  0x20, 0xFF, 30 };

// Approx. 8101 bytes

const uint8_t Merriweather_Bold13pt8bBitmaps[] PROGMEM = {
  0x00, 0xFF, 0xFF, 0xEE, 0xEE, 0xEE, 0xEE, 0xEE, 0xE6, 0x60, 0x06, 0xFF,
  0xE0, 0x7B, 0xDC, 0xE7, 0x39, 0xCE, 0x63, 0x18, 0xCE, 0x73, 0x18, 0xC6,
  0x00, 0x04, 0x10, 0x08, 0x20, 0x10, 0x40, 0x61, 0x80, 0xC3, 0x01, 0x86,
  0x1F, 0xFF, 0xBF, 0xFE, 0x08, 0x20, 0x30, 0xC0, 0x61, 0x80, 0xC3, 0x0F,
  0xFF, 0xDF, 0xFF, 0xBF, 0xFE, 0x08, 0x60, 0x30, 0xC0, 0x61, 0x80, 0xC3,
  0x01, 0x04, 0x00, 0x03, 0x00, 0x18, 0x00, 0xC0, 0x3F, 0xC3, 0xCF, 0x38,
  0x39, 0xC1, 0xDE, 0x06, 0xF0, 0x03, 0xC0, 0x1F, 0x80, 0x7F, 0x01, 0xFC,
  0x03, 0xF8, 0x0F, 0xC0, 0x1F, 0x00, 0x7F, 0x03, 0xF8, 0x1F, 0xC0, 0xEF,
  0x9F, 0x3F, 0xE0, 0x18, 0x00, 0xC0, 0x06, 0x00, 0x1F, 0x01, 0xC0, 0x1F,
  0xC0, 0xC0, 0x1C, 0x70, 0xE0, 0x0C, 0x38, 0x60, 0x0E, 0x1C, 0x70, 0x07,
  0x0E, 0x30, 0x03, 0x87, 0x18, 0x01, 0xC3, 0x9C, 0x00, 0x71, 0x8C, 0x7E,
  0x1F, 0xCE, 0x73, 0x87, 0x86, 0x71, 0xC0, 0x07, 0x38, 0x70, 0x03, 0x1C,
  0x38, 0x01, 0x8E, 0x1C, 0x01, 0xC7, 0x0E, 0x00, 0xC3, 0x86, 0x00, 0xE0,
  0xE7, 0x00, 0x60, 0x7F, 0x00, 0x70, 0x0E, 0x00, 0x07, 0xE0, 0x07, 0x1C,
  0x01, 0xC7, 0x00, 0xE1, 0xC0, 0x38, 0x70, 0x0F, 0x1C, 0x03, 0xC7, 0x00,
  0x7B, 0x80, 0x1F, 0x80, 0x03, 0xC3, 0xF3, 0xF8, 0x79, 0xCF, 0x0C, 0xE1,
  0xE3, 0x38, 0x7D, 0xCE, 0x0F, 0xE3, 0xC1, 0xF0, 0xF0, 0x3E, 0x1F, 0xBF,
  0xE1, 0xFE, 0x78, 0x7B, 0x9C, 0xE6, 0x33, 0x98, 0xC0, 0x03, 0x07, 0x0E,
  0x1C, 0x1C, 0x38, 0x38, 0x70, 0x70, 0x70, 0x70, 0xF0, 0xF0, 0xF0, 0x70,
  0x70, 0x70, 0x70, 0x78, 0x38, 0x38, 0x1C, 0x0C, 0x0E, 0x07, 0x01, 0xC0,
  0x60, 0x70, 0x38, 0x1C, 0x1C, 0x1E, 0x0E, 0x0E, 0x0E, 0x0F, 0x0F, 0x0F,
  0x0F, 0x0F, 0x0F, 0x0E, 0x0E, 0x0E, 0x1C, 0x1C, 0x38, 0x38, 0x70, 0xE0,
  0x40, 0x07, 0x00, 0x38, 0x11, 0xCD, 0xEC, 0xFF, 0xAF, 0x1F, 0xE0, 0x1C,
  0x07, 0xFC, 0xFA, 0xFF, 0x33, 0x91, 0xC4, 0x0E, 0x00, 0x70, 0x00, 0x0E,
  0x01, 0xC0, 0x38, 0x07, 0x00, 0xE1, 0xFF, 0xFF, 0xF8, 0x70, 0x0E, 0x01,
  0xC0, 0x38, 0x07, 0x00, 0x73, 0xDE, 0xF3, 0x9C, 0xCE, 0x66, 0x00, 0xFF,
  0xFF, 0xF0, 0x73, 0xFE, 0xE0, 0x03, 0x03, 0x07, 0x07, 0x06, 0x06, 0x0E,
  0x0E, 0x0C, 0x0C, 0x1C, 0x1C, 0x18, 0x18, 0x38, 0x38, 0x30, 0x30, 0x70,
  0x70, 0x60, 0x60, 0xE0, 0xE0, 0xC0, 0x07, 0xE0, 0x3D, 0xE0, 0xE1, 0xE1,
  0xC1, 0xE7, 0x83, 0xCF, 0x07, 0xBC, 0x0F, 0x78, 0x1F, 0xF0, 0x3F, 0xE0,
  0x7F, 0xC0, 0xFF, 0x81, 0xFF, 0x03, 0xCF, 0x07, 0x9E, 0x0F, 0x3C, 0x1C,
  0x38, 0x38, 0x3D, 0xE0, 0x3F, 0x00, 0x0E, 0x0F, 0x8F, 0xE3, 0xB8, 0x0E,
  0x03, 0x80, 0xE0, 0x38, 0x0E, 0x03, 0x80, 0xE0, 0x38, 0x0E, 0x03, 0x80,
  0xE0, 0x38, 0x0E, 0x3F, 0xFF, 0xFC, 0x1F, 0x83, 0xFF, 0x3F, 0xF9, 0x83,
  0xE0, 0x0F, 0x00, 0x78, 0x03, 0xC0, 0x1E, 0x00, 0xE0, 0x0F, 0x00, 0x70,
  0x07, 0x00, 0x78, 0x07, 0x80, 0x78, 0x47, 0x03, 0x70, 0x7F, 0xFF, 0xFF,
  0xFE, 0x3F, 0x8F, 0xFC, 0xE3, 0xE8, 0x1E, 0x01, 0xE0, 0x1E, 0x01, 0xC0,
  0x38, 0x1F, 0x03, 0xFC, 0x01, 0xE0, 0x0F, 0x00, 0xF0, 0x0F, 0x00, 0xF0,
  0x1F, 0x03, 0xEF, 0xFC, 0xFF, 0x00, 0x03, 0x00, 0x0F, 0x80, 0x1E, 0x00,
  0x7C, 0x00, 0xF0, 0x01, 0xC0, 0x07, 0x80, 0x0E, 0x00, 0x3C, 0x70, 0x70,
  0xE1, 0xE1, 0xC3, 0x83, 0x8F, 0x0F, 0x1C, 0xFF, 0xFF, 0xFF, 0x80, 0x78,
  0x00, 0xF0, 0x01, 0xE0, 0x03, 0xC0, 0x3F, 0xF1, 0xFF, 0x9F, 0xF8, 0xE0,
  0x07, 0x00, 0x38, 0x01, 0x80, 0x0C, 0xF8, 0x7F, 0xE7, 0x9F, 0x80, 0x3C,
  0x01, 0xE0, 0x07, 0x80, 0x78, 0x03, 0xC0, 0x3E, 0x03, 0xE0, 0xFE, 0x1F,
  0xC0, 0x00, 0x20, 0x07, 0x80, 0x3C, 0x03, 0xC0, 0x1E, 0x00, 0x70, 0x03,
  0xC0, 0x1E, 0x00, 0x7B, 0xE1, 0xFF, 0xCF, 0x87, 0xBC, 0x1E, 0xF0, 0x3F,
  0xC0, 0xFF, 0x03, 0xDC, 0x0F, 0x70, 0x39, 0xE1, 0xE3, 0xCF, 0x07, 0xF8,
  0x7F, 0xFD, 0xFF, 0xEE, 0x03, 0xB8, 0x0E, 0xE0, 0x73, 0x01, 0xC0, 0x0F,
  0x00, 0x38, 0x00, 0xE0, 0x07, 0x80, 0x1C, 0x00, 0xF0, 0x03, 0xC0, 0x1E,
  0x00, 0x78, 0x01, 0xE0, 0x0F, 0x00, 0x3C, 0x01, 0xF0, 0x00, 0x0F, 0xC0,
  0xF3, 0xC3, 0x87, 0x1C, 0x0E, 0x70, 0x39, 0xE0, 0xE7, 0xC3, 0x0F, 0x98,
  0x3F, 0xC0, 0x3F, 0x83, 0xFF, 0x1C, 0x7E, 0x60, 0x7B, 0x80, 0xFE, 0x03,
  0xF8, 0x0E, 0x70, 0x79, 0xF3, 0xC1, 0xFE, 0x00, 0x0F, 0xC0, 0xF7, 0x87,
  0x87, 0x1C, 0x1E, 0xF0, 0x7B, 0xC0, 0xEF, 0x03, 0xBC, 0x0F, 0xF0, 0x3B,
  0xC1, 0xE7, 0x8F, 0x8F, 0xFE, 0x0E, 0x78, 0x03, 0xC0, 0x0F, 0x00, 0x78,
  0x03, 0xC0, 0x1E, 0x01, 0xF0, 0x07, 0x00, 0x73, 0xFE, 0xE0, 0x00, 0x00,
  0x00, 0x1C, 0xFF, 0xB8, 0x73, 0xFE, 0xE0, 0x00, 0x00, 0x00, 0x1C, 0xEF,
  0xBC, 0xE6, 0x33, 0x99, 0x80, 0x00, 0x10, 0x07, 0x01, 0xF0, 0x7C, 0x1F,
  0x07, 0xC0, 0xF0, 0x0F, 0x80, 0x3E, 0x00, 0xF8, 0x03, 0xE0, 0x0F, 0x00,
  0x30, 0x01, 0xFF, 0xFF, 0xFC, 0x00, 0x00, 0x00, 0x00, 0x00, 0x00, 0x07,
  0xFF, 0xFF, 0xE0, 0x80, 0x0C, 0x00, 0xF0, 0x07, 0xC0, 0x1F, 0x00, 0x7C,
  0x01, 0xF0, 0x0F, 0x03, 0xE0, 0xF8, 0x3E, 0x0F, 0x80, 0xE0, 0x0C, 0x00,
  0xFE, 0x1F, 0xF2, 0x1F, 0x01, 0xE0, 0x1E, 0x03, 0xC0, 0x78, 0x0F, 0x03,
  0xC0, 0xF0, 0x3C, 0x0E, 0x03, 0x80, 0x70, 0x0E, 0x00, 0xC0, 0x18, 0x00,
  0x00, 0x00, 0x0E, 0x03, 0xC0, 0x78, 0x07, 0x00, 0x00, 0x0F, 0x00, 0x01,
  0xFF, 0xC0, 0x0F, 0x87, 0xC0, 0x38, 0x01, 0xC0, 0xE0, 0x01, 0xC3, 0x80,
  0x01, 0x8E, 0x00, 0x01, 0x98, 0x3F, 0xE3, 0x70, 0xFF, 0x86, 0xC3, 0x87,
  0x0D, 0x86, 0x0E, 0x1F, 0x1C, 0x1C, 0x3C, 0x38, 0x38, 0x78, 0x60, 0xF0,
  0xF0, 0xC1, 0xC1, 0x61, 0x87, 0x86, 0xC3, 0x9B, 0x09, 0x87, 0x76, 0x73,
  0x8F, 0xCF, 0x87, 0x0F, 0x1E, 0x06, 0x00, 0x00, 0x0E, 0x00, 0x00, 0x0E,
  0x00, 0x00, 0x0E, 0x00, 0x00, 0x0F, 0x07, 0x00, 0x0F, 0xFC, 0x00, 0x01,
  0x00, 0x00, 0x01, 0xE0, 0x00, 0x7C, 0x00, 0x3F, 0x00, 0x0D, 0xC0, 0x03,
  0x78, 0x01, 0xDE, 0x00, 0x63, 0x80, 0x18, 0xF0, 0x0E, 0x3C, 0x03, 0x0F,
  0x00, 0xC1, 0xE0, 0x70, 0x78, 0x1F, 0xFE, 0x0F, 0xFF, 0xC3, 0x80, 0xF0,
  0xE0, 0x3C, 0x70, 0x0F, 0xBF, 0x07, 0xFF, 0xC1, 0xFC, 0xFF, 0xF0, 0xFE,
  0xFC, 0x3C, 0x1E, 0x3C, 0x1E, 0x3C, 0x1E, 0x3C, 0x1E, 0x3C, 0x1C, 0x3C,
  0x3C, 0x3F, 0xF0, 0x3F, 0xFC, 0x3C, 0x3E, 0x3C, 0x0F, 0x3C, 0x0F, 0x3C,
  0x0F, 0x3C, 0x0F, 0x3C, 0x0F, 0x3C, 0x1E, 0xFE, 0xFC, 0xFF, 0xF8, 0x03,
  0xFF, 0x0F, 0xFE, 0x1E, 0x0E, 0x3C, 0x0E, 0x38, 0x06, 0x78, 0x06, 0x78,
  0x00, 0x78, 0x00, 0xF8, 0x00, 0xF8, 0x00, 0xF8, 0x00, 0x78, 0x00, 0x78,
  0x00, 0x78, 0x00, 0x7C, 0x07, 0x3C, 0x07, 0x1E, 0x06, 0x0F, 0x9E, 0x07,
  0xFC, 0xFF, 0xF0, 0x3F, 0xFF, 0x03, 0xC1, 0xF0, 0xF0, 0x3C, 0x3C, 0x07,
  0x8F, 0x01, 0xE3, 0xC0, 0x78, 0xF0, 0x1F, 0x3C, 0x03, 0xCF, 0x00, 0xF3,
  0xC0, 0x3C, 0xF0, 0x1E, 0x3C, 0x07, 0x8F, 0x01, 0xE3, 0xC0, 0x70, 0xF0,
  0x3C, 0x3C, 0x1E, 0x3F, 0xBF, 0x0F, 0xFF, 0x00, 0xFF, 0xFD, 0xFF, 0xF8,
  0xF0, 0x31, 0xE0, 0x63, 0xC0, 0x07, 0x80, 0x0F, 0x08, 0x1E, 0x30, 0x3F,
  0xE0, 0x7F, 0xC0, 0xF1, 0x81, 0xE1, 0x03, 0xC0, 0x07, 0x80, 0x0F, 0x01,
  0x9E, 0x03, 0x3C, 0x0F, 0xFF, 0xFF, 0xFF, 0xF8, 0xFF, 0xFF, 0xFF, 0xF3,
  0xC0, 0xCF, 0x03, 0x3C, 0x0C, 0xF0, 0x03, 0xC3, 0x0F, 0x0C, 0x3C, 0x30,
  0xFF, 0xC3, 0xFF, 0x0F, 0x0C, 0x3C, 0x30, 0xF0, 0x03, 0xC0, 0x0F, 0x00,
  0x3C, 0x03, 0xFF, 0x0F, 0xFC, 0x00, 0x07, 0xFE, 0x0F, 0xDF, 0x8F, 0x03,
  0xCF, 0x01, 0xE7, 0x80, 0x77, 0x80, 0x03, 0xC0, 0x01, 0xE0, 0x00, 0xF0,
  0x00, 0x78, 0x1F, 0xFC, 0x0F, 0xFE, 0x01, 0xEF, 0x00, 0xF7, 0xC0, 0x79,
  0xE0, 0x3C, 0xF0, 0x1E, 0x3C, 0x0F, 0x0F, 0x8F, 0x81, 0xFF, 0x00, 0xFF,
  0x1F, 0xFF, 0xE3, 0xFC, 0xF0, 0x1E, 0x1E, 0x03, 0xC3, 0xC0, 0x78, 0x78,
  0x0F, 0x0F, 0x01, 0xE1, 0xE0, 0x3C, 0x3F, 0xFF, 0x87, 0xFF, 0xF0, 0xF0,
  0x1E, 0x1E, 0x03, 0xC3, 0xC0, 0x78, 0x78, 0x0F, 0x0F, 0x01, 0xE1, 0xE0,
  0x3C, 0x3C, 0x07, 0x9F, 0xE3, 0xFF, 0xFC, 0x7F, 0x80, 0xFF, 0xFF, 0x3C,
  0x3C, 0x3C, 0x3C, 0x3C, 0x3C, 0x3C, 0x3C, 0x3C, 0x3C, 0x3C, 0x3C, 0x3C,
  0x3C, 0x3C, 0xFF, 0xFF, 0x7F, 0xBF, 0xC7, 0x83, 0xC1, 0xE0, 0xF0, 0x78,
  0x3C, 0x1E, 0x0F, 0x07, 0x83, 0xC1, 0xE0, 0xF0, 0x78, 0x3C, 0x1E, 0x0F,
  0x07, 0x83, 0x83, 0xC3, 0xC3, 0xC1, 0x80, 0xFF, 0x3F, 0xBF, 0xCF, 0xE3,
  0xC0, 0xE0, 0xF0, 0x70, 0x3C, 0x38, 0x0F, 0x0C, 0x03, 0xC6, 0x00, 0xF3,
  0x00, 0x3D, 0xE0, 0x0F, 0xFC, 0x03, 0xFF, 0x80, 0xF9, 0xE0, 0x3C, 0x3C,
  0x0F, 0x0F, 0x03, 0xC1, 0xE0, 0xF0, 0x7C, 0x3C, 0x0F, 0x3F, 0xC3, 0xFF,
  0xF0, 0x7C, 0xFF, 0x01, 0xFE, 0x00, 0xF0, 0x01, 0xE0, 0x03, 0xC0, 0x07,
  0x80, 0x0F, 0x00, 0x1E, 0x00, 0x3C, 0x00, 0x78, 0x00, 0xF0, 0x01, 0xE0,
  0x03, 0xC0, 0x67, 0x81, 0xCF, 0x03, 0x9E, 0x07, 0x3C, 0x1D, 0xFF, 0xFB,
  0xFF, 0xF0, 0x7F, 0xC0, 0x7F, 0x9F, 0xF0, 0x3F, 0xE0, 0xFC, 0x0F, 0xC0,
  0x37, 0x03, 0x70, 0x0D, 0xE1, 0xDC, 0x03, 0x78, 0x67, 0x00, 0xCE, 0x19,
  0xC0, 0x73, 0x86, 0x70, 0x18, 0xF3, 0x9E, 0x06, 0x3C, 0xC7, 0x81, 0x87,
  0x31, 0xE0, 0x61, 0xCC, 0x78, 0x18, 0x7E, 0x1E, 0x06, 0x0F, 0x83, 0x81,
  0x83, 0xE0, 0xE0, 0xE0, 0xF0, 0x3C, 0x38, 0x3C, 0x0F, 0x3F, 0x87, 0x0F,
  0xFF, 0xE0, 0x03, 0xFC, 0xFC, 0x0F, 0xFF, 0xC1, 0xFC, 0xF8, 0x06, 0x1F,
  0x80, 0xC3, 0x78, 0x18, 0x6F, 0x03, 0x0C, 0xF0, 0x61, 0x9F, 0x0C, 0x31,
  0xE1, 0x86, 0x3E, 0x30, 0xC3, 0xE6, 0x18, 0x3C, 0xC3, 0x07, 0xD8, 0x60,
  0x7B, 0x0C, 0x07, 0xE1, 0x80, 0xFC, 0x30, 0x0F, 0x9F, 0xC0, 0xF3, 0xF8,
  0x1E, 0x00, 0x07, 0xF0, 0x0F, 0xBE, 0x0F, 0x07, 0x8F, 0x01, 0xE7, 0x80,
  0xF7, 0x80, 0x7B, 0xC0, 0x3F, 0xE0, 0x0F, 0xF0, 0x07, 0xF8, 0x03, 0xFC,
  0x01, 0xFE, 0x00, 0xFF, 0x00, 0xF7, 0x80, 0x79, 0xE0, 0x3C, 0xF0, 0x3C,
  0x3C, 0x1C, 0x0F, 0x1C, 0x03, 0xFC, 0x00, 0xFF, 0xF1, 0xFF, 0xF8, 0xF0,
  0x79, 0xE0, 0xF3, 0xC1, 0xE7, 0x83, 0xCF, 0x07, 0x9E, 0x0F, 0x3C, 0x1E,
  0x78, 0x78, 0xF1, 0xE1, 0xFF, 0x83, 0xC0, 0x07, 0x80, 0x0F, 0x00, 0x1E,
  0x00, 0x3C, 0x01, 0xFF, 0x03, 0xFE, 0x00, 0x07, 0xF0, 0x01, 0xF7, 0xC0,
  0x3C, 0x1E, 0x07, 0x80, 0xF0, 0x78, 0x0F, 0x0F, 0x00, 0xF0, 0xF0, 0x0F,
  0x8F, 0x00, 0x78, 0xF0, 0x07, 0x8F, 0x00, 0x78, 0xF0, 0x07, 0x8F, 0x00,
  0x78, 0xF0, 0x0F, 0x0F, 0x00, 0xF0, 0x78, 0x0F, 0x07, 0x81, 0xE0, 0x3C,
  0x1C, 0x01, 0xE3, 0x80, 0x0F, 0xF0, 0x00, 0x03, 0xC0, 0x00, 0x1E, 0x00,
  0x00, 0xFE, 0x00, 0x03, 0xF0, 0x00, 0x0C, 0xFF, 0xF0, 0x7F, 0x7E, 0x0F,
  0x0F, 0x87, 0x83, 0xC3, 0xC1, 0xE1, 0xE0, 0xF0, 0xF0, 0x78, 0x78, 0x3C,
  0x3C, 0x3C, 0x1F, 0xFC, 0x0F, 0xFC, 0x07, 0x8F, 0x03, 0xC3, 0xC1, 0xE1,
  0xE0, 0xF0, 0x78, 0x78, 0x3C, 0x3C, 0x1F, 0x7F, 0x87, 0xFF, 0xC3, 0xE0,
  0x0F, 0xE0, 0xFB, 0xC7, 0x83, 0x1C, 0x0C, 0x70, 0x31, 0xE0, 0x07, 0xC0,
  0x1F, 0xC0, 0x3F, 0xC0, 0x7F, 0x80, 0x7F, 0x00, 0x7E, 0x00, 0xF9, 0x81,
  0xF6, 0x03, 0xD8, 0x0E, 0x60, 0x7B, 0xE7, 0xC3, 0xFC, 0x00, 0xFF, 0xFF,
  0x7F, 0xFF, 0xB8, 0xF0, 0xD8, 0x78, 0x6C, 0x3C, 0x3E, 0x1E, 0x1F, 0x0F,
  0x0E, 0x07, 0x80, 0x03, 0xC0, 0x01, 0xE0, 0x00, 0xF0, 0x00, 0x78, 0x00,
  0x3C, 0x00, 0x1E, 0x00, 0x0F, 0x00, 0x07, 0x80, 0x03, 0xC0, 0x0F, 0xFC,
  0x07, 0xFE, 0x00, 0xFF, 0x0F, 0xFF, 0xE1, 0xFC, 0xF0, 0x0E, 0x1E, 0x01,
  0xC3, 0xC0, 0x38, 0x78, 0x07, 0x0F, 0x00, 0xE1, 0xE0, 0x1C, 0x3C, 0x03,
  0x87, 0x80, 0x70, 0xF0, 0x0E, 0x1E, 0x01, 0xC3, 0xC0, 0x38, 0x78, 0x07,
  0x07, 0x00, 0xE0, 0xF0, 0x18, 0x1E, 0x07, 0x01, 0xFB, 0xC0, 0x0F, 0xE0,
  0x00, 0xFF, 0x07, 0xFF, 0xE0, 0xFC, 0xF0, 0x06, 0x0F, 0x01, 0xC1, 0xE0,
  0x30, 0x3C, 0x06, 0x03, 0xC1, 0xC0, 0x78, 0x30, 0x0F, 0x06, 0x00, 0xE1,
  0xC0, 0x1E, 0x30, 0x03, 0xC6, 0x00, 0x39, 0xC0, 0x07, 0xB0, 0x00, 0x76,
  0x00, 0x0F, 0xC0, 0x01, 0xF0, 0x00, 0x1E, 0x00, 0x03, 0x80, 0x00, 0xFE,
  0x3F, 0xCF, 0xFF, 0x8F, 0xF3, 0xF7, 0x81, 0xE0, 0x38, 0xE0, 0x3C, 0x0C,
  0x3C, 0x0F, 0x03, 0x0F, 0x03, 0xC0, 0xC3, 0xC1, 0xF0, 0x60, 0x78, 0x7E,
  0x18, 0x1E, 0x1F, 0x86, 0x07, 0x8C, 0xE1, 0x80, 0xE3, 0x3C, 0xC0, 0x3C,
  0xCF, 0x30, 0x0F, 0x31, 0xCC, 0x01, 0xD8, 0x72, 0x00, 0x76, 0x1F, 0x80,
  0x1F, 0x87, 0xE0, 0x03, 0xC0, 0xF8, 0x00, 0xF0, 0x3C, 0x00, 0x3C, 0x0F,
  0x00, 0xFF, 0x9F, 0xFF, 0xE7, 0xF3, 0xE0, 0x70, 0x78, 0x18, 0x0F, 0x0C,
  0x03, 0xE6, 0x00, 0x79, 0x80, 0x0F, 0xC0, 0x03, 0xE0, 0x00, 0x78, 0x00,
  0x1F, 0x00, 0x0D, 0xE0, 0x06, 0x78, 0x01, 0x8F, 0x00, 0xC3, 0xE0, 0x70,
  0x78, 0x18, 0x0F, 0x3F, 0x8F, 0xFF, 0xE3, 0xFC, 0xFE, 0x1F, 0xFF, 0x0F,
  0xDF, 0x01, 0x87, 0x81, 0xC3, 0xE0, 0xC0, 0xF0, 0xC0, 0x7C, 0x60, 0x1E,
  0x60, 0x07, 0x30, 0x03, 0xF0, 0x00, 0xF8, 0x00, 0x78, 0x00, 0x3C, 0x00,
  0x1E, 0x00, 0x0F, 0x00, 0x07, 0x80, 0x03, 0xC0, 0x07, 0xFC, 0x03, 0xFE,
  0x00, 0x3F, 0xFE, 0x3F, 0xFF, 0x38, 0x1E, 0x30, 0x3C, 0x30, 0x7C, 0x00,
  0x78, 0x00, 0xF0, 0x01, 0xF0, 0x01, 0xE0, 0x03, 0xC0, 0x07, 0xC0, 0x07,
  0x80, 0x0F, 0x00, 0x1F, 0x03, 0x1E, 0x07, 0x3C, 0x07, 0x7C, 0x07, 0xFF,
  0xFE, 0x7F, 0xFE, 0x7E, 0xE3, 0xC7, 0x8F, 0x1E, 0x3C, 0x78, 0xF1, 0xE3,
  0xC7, 0x8F, 0x1E, 0x3C, 0x78, 0xF1, 0xE3, 0xC7, 0x8F, 0x0E, 0x1F, 0x80,
  0xC0, 0x70, 0x38, 0x1C, 0x06, 0x03, 0x81, 0xC0, 0x60, 0x30, 0x1C, 0x0E,
  0x03, 0x01, 0xC0, 0xE0, 0x70, 0x18, 0x0E, 0x07, 0x01, 0x80, 0xC0, 0x70,
  0x38, 0x0C, 0x07, 0x03, 0x80, 0xF8, 0x71, 0xC7, 0x1C, 0x71, 0xC7, 0x1C,
  0x71, 0xC7, 0x1C, 0x71, 0xC7, 0x1C, 0x71, 0xC7, 0x1C, 0x7F, 0x80, 0x07,
  0x00, 0x38, 0x03, 0xE0, 0x1F, 0x00, 0xD8, 0x0E, 0xE0, 0x77, 0x03, 0x18,
  0x38, 0xE1, 0xC7, 0x0C, 0x18, 0xE0, 0xE7, 0x07, 0x30, 0x3B, 0x80, 0xFC,
  0x07, 0xFF, 0xF8, 0x20, 0xC3, 0xC3, 0xC3, 0xC3, 0xC1, 0x00, 0x3F, 0xC7,
  0xFF, 0x10, 0x78, 0x01, 0xC0, 0x0E, 0x01, 0xF0, 0xFF, 0x8F, 0x1C, 0xF0,
  0xE7, 0x07, 0x38, 0x39, 0xE3, 0xCF, 0xFF, 0xBF, 0x7C, 0x38, 0x01, 0xF0,
  0x00, 0xE0, 0x01, 0xC0, 0x03, 0x80, 0x07, 0x00, 0x0E, 0x10, 0x1D, 0xFC,
  0x3F, 0xFC, 0x78, 0x78, 0xE0, 0xF1, 0xC0, 0xF3, 0x81, 0xE7, 0x03, 0xCE,
  0x07, 0x9C, 0x0F, 0x38, 0x1C, 0x70, 0x78, 0xE0, 0xE1, 0xE3, 0x83, 0xFE,
  0x00, 0x03, 0x03, 0xFC, 0xE3, 0xB8, 0x7F, 0x0F, 0xE0, 0xFC, 0x07, 0x80,
  0xF0, 0x1E, 0x03, 0xC0, 0x78, 0x07, 0x82, 0x7F, 0xC7, 0xF0, 0x00, 0xF8,
  0x07, 0xE0, 0x07, 0x80, 0x1E, 0x00, 0x78, 0x01, 0xE0, 0x17, 0x87, 0xFE,
  0x3C, 0x79, 0xE1, 0xE7, 0x07, 0xBC, 0x1E, 0xF0, 0x7B, 0xC1, 0xEF, 0x07,
  0xBC, 0x1E, 0xF0, 0x7B, 0xC1, 0xE7, 0x87, 0x9F, 0xEF, 0x3F, 0x3C, 0x02,
  0x01, 0xFC, 0x39, 0xE7, 0x0F, 0xF0, 0xFF, 0x0F, 0xF0, 0xFF, 0xFF, 0xF0,
  0x0F, 0x00, 0xF0, 0x0F, 0x00, 0x78, 0x23, 0xFF, 0x1F, 0xC0, 0x07, 0xC3,
  0xF1, 0xFC, 0xF0, 0x3C, 0x0F, 0x03, 0xC3, 0xFE, 0xFF, 0x8F, 0x03, 0xC0,
  0xF0, 0x3C, 0x0F, 0x03, 0xC0, 0xF0, 0x3C, 0x0F, 0x03, 0xC3, 0xFC, 0xFF,
  0x00, 0x02, 0x06, 0x7F, 0xFD, 0xE3, 0xFB, 0x87, 0x8F, 0x07, 0x1E, 0x0E,
  0x3C, 0x1C, 0x38, 0x78, 0x7F, 0xE0, 0x3F, 0x00, 0xC0, 0x03, 0x80, 0x07,
  0x80, 0x0F, 0xFF, 0x0F, 0xFF, 0x38, 0x1E, 0xE0, 0x3D, 0xC0, 0x3B, 0x80,
  0xF7, 0x83, 0xC7, 0xFF, 0x03, 0xF0, 0x00, 0x3C, 0x00, 0x7E, 0x00, 0x0F,
  0x00, 0x07, 0x80, 0x03, 0xC0, 0x01, 0xE0, 0x00, 0xF0, 0x00, 0x7B, 0xF8,
  0x3F, 0xFC, 0x1F, 0x0F, 0x0F, 0x07, 0x87, 0x83, 0xC3, 0xC1, 0xE1, 0xE0,
  0xF0, 0xF0, 0x78, 0x78, 0x3C, 0x3C, 0x1E, 0x1E, 0x0F, 0x0F, 0x07, 0x8F,
  0xE7, 0xF7, 0xF3, 0xF8, 0x10, 0x71, 0xF1, 0xC1, 0x00, 0x00, 0x7C, 0xF8,
  0x70, 0xE1, 0xC3, 0x87, 0x0E, 0x1C, 0x38, 0x70, 0xE7, 0xFF, 0xE0, 0x08,
  0x38, 0xF8, 0xE0, 0x80, 0x00, 0x3E, 0x7C, 0x38, 0x70, 0xE1, 0xC3, 0x87,
  0x0E, 0x1C, 0x38, 0x70, 0xE1, 0xC3, 0x87, 0x0E, 0x3C, 0xF3, 0xC0, 0x3C,
  0x00, 0xFC, 0x00, 0x3C, 0x00, 0x3C, 0x00, 0x3C, 0x00, 0x3C, 0x00, 0x3C,
  0x00, 0x3C, 0x7F, 0x3C, 0x3E, 0x3C, 0x38, 0x3C, 0x70, 0x3C, 0xE0, 0x3D,
  0xE0, 0x3F, 0xF0, 0x3F, 0xF0, 0x3E, 0x78, 0x3C, 0x78, 0x3C, 0x3C, 0x3C,
  0x1E, 0x7E, 0x3F, 0x7E, 0x3F, 0x3C, 0xFC, 0x3C, 0x3C, 0x3C, 0x3C, 0x3C,
  0x3C, 0x3C, 0x3C, 0x3C, 0x3C, 0x3C, 0x3C, 0x3C, 0x3C, 0x3C, 0x3C, 0x3C,
  0x7F, 0x7F, 0xF9, 0xF9, 0xF8, 0xFF, 0xFF, 0xFC, 0x3C, 0x3C, 0x3C, 0x38,
  0x3C, 0x1C, 0x38, 0x3C, 0x1E, 0x38, 0x3C, 0x1E, 0x38, 0x3C, 0x1E, 0x38,
  0x3C, 0x1E, 0x38, 0x3C, 0x1E, 0x38, 0x3C, 0x1E, 0x38, 0x3C, 0x1E, 0x38,
  0x3C, 0x1E, 0xFE, 0x7F, 0x3F, 0xFE, 0x7F, 0x3F, 0xFB, 0xF8, 0xFF, 0xFC,
  0x3C, 0x3C, 0x38, 0x3C, 0x38, 0x1C, 0x38, 0x1C, 0x38, 0x1C, 0x38, 0x1C,
  0x38, 0x1C, 0x38, 0x1C, 0x38, 0x1C, 0x38, 0x1C, 0xFE, 0x7F, 0xFE, 0x7F,
  0x02, 0x00, 0xFF, 0x0E, 0x3C, 0xE0, 0xEF, 0x07, 0xF8, 0x3F, 0xC1, 0xFE,
  0x07, 0xF0, 0x3F, 0x83, 0xFC, 0x1F, 0xE0, 0xF7, 0x87, 0x1E, 0xF0, 0x7F,
  0x00, 0x00, 0x83, 0xEF, 0xCF, 0xFF, 0x9E, 0x1F, 0x78, 0x3D, 0xE0, 0xF7,
  0x83, 0xDE, 0x07, 0x78, 0x3D, 0xE0, 0xF7, 0x83, 0xDE, 0x0E, 0x78, 0x79,
  0xF3, 0xC7, 0xFC, 0x1E, 0x00, 0x78, 0x01, 0xE0, 0x07, 0x80, 0x1F, 0x00,
  0xFE, 0x00, 0x01, 0x00, 0x7F, 0xE3, 0xC7, 0x9E, 0x1E, 0x70, 0x7B, 0xC1,
  0xEF, 0x07, 0xBC, 0x1E, 0xF0, 0x7B, 0xC1, 0xEF, 0x07, 0xBC, 0x1E, 0x78,
  0x79, 0xFF, 0xE3, 0xF7, 0x80, 0x1E, 0x00, 0x78, 0x01, 0xE0, 0x07, 0x80,
  0x3E, 0x03, 0xFC, 0xF9, 0xFF, 0xF3, 0xFC, 0xF0, 0x38, 0x0E, 0x03, 0x80,
  0xE0, 0x38, 0x0E, 0x03, 0x80, 0xE0, 0xFF, 0x3F, 0xC0, 0x3F, 0xCE, 0x3B,
  0xC3, 0x78, 0x6F, 0x80, 0xFC, 0x1F, 0xE0, 0xFE, 0x07, 0xE0, 0x3F, 0x03,
  0xF0, 0x7F, 0x1C, 0xFF, 0x00, 0x1C, 0x07, 0x01, 0xC0, 0xF0, 0xFF, 0xBF,
  0xE3, 0xC0, 0xF0, 0x3C, 0x0F, 0x03, 0xC0, 0xF0, 0x3C, 0x0F, 0x03, 0xC0,
  0xF1, 0x3F, 0xC7, 0xE0, 0xF8, 0xFB, 0xE1, 0xE7, 0x87, 0x9E, 0x1E, 0x78,
  0x79, 0xE1, 0xE7, 0x87, 0x9E, 0x1E, 0x78, 0x79, 0xE1, 0xE7, 0x87, 0x9E,
  0x1E, 0x3F, 0xFC, 0xFC, 0xF0, 0xFE, 0x7F, 0xF8, 0x79, 0xE0, 0x61, 0xE1,
  0xC3, 0xC3, 0x83, 0x86, 0x07, 0x9C, 0x0F, 0x30, 0x0E, 0x60, 0x1F, 0xC0,
  0x1F, 0x00, 0x3E, 0x00, 0x7C, 0x00, 0x70, 0x00, 0xFE, 0x3C, 0x7D, 0xF0,
  0xF0, 0xE7, 0x87, 0xC3, 0x8E, 0x1F, 0x0C, 0x3C, 0x7E, 0x30, 0xF3, 0xB8,
  0xC1, 0xCC, 0xE6, 0x07, 0x33, 0x98, 0x1E, 0xCF, 0x60, 0x3E, 0x1D, 0x00,
  0xF8, 0x7C, 0x03, 0xE1, 0xF0, 0x07, 0x87, 0x80, 0x1C, 0x0E, 0x00, 0xFF,
  0x3E, 0xFC, 0x38, 0xF8, 0x60, 0xF1, 0x80, 0xF7, 0x00, 0xFC, 0x00, 0xF0,
  0x01, 0xF0, 0x07, 0xE0, 0x19, 0xE0, 0x71, 0xE1, 0xC3, 0xEF, 0xCF, 0xFF,
  0x9F, 0xC0, 0xFE, 0x3E, 0xF8, 0x79, 0xE0, 0x71, 0xE0, 0xC3, 0xC3, 0x83,
  0x87, 0x07, 0x8C, 0x0F, 0x38, 0x0E, 0x70, 0x1E, 0xC0, 0x1D, 0x80, 0x3F,
  0x00, 0x7C, 0x00, 0x78, 0x00, 0x60, 0x00, 0xC0, 0x03, 0x80, 0x4E, 0x00,
  0xFC, 0x01, 0xF0, 0x00, 0xFF, 0xFF, 0xFF, 0xE1, 0xEE, 0x3E, 0x03, 0xC0,
  0x78, 0x0F, 0x01, 0xF0, 0x1E, 0x03, 0xC1, 0x7C, 0x3F, 0x83, 0xFF, 0xFF,
  0xFF, 0x06, 0x07, 0xF3, 0xC0, 0xE0, 0x38, 0x0E, 0x03, 0xC0, 0x70, 0x1C,
  0x07, 0x01, 0xC3, 0xE0, 0xE0, 0x1E, 0x01, 0xC0, 0x70, 0x1C, 0x07, 0x03,
  0xC0, 0xE0, 0x38, 0x0E, 0x03, 0xE0, 0x7F, 0x02, 0x00, 0xFF, 0xFF, 0xFF,
  0xFF, 0xFF, 0xFF, 0xFF, 0xFF, 0xFF, 0x30, 0x3F, 0x81, 0xF0, 0x3C, 0x0F,
  0x03, 0xC0, 0xE0, 0x38, 0x1C, 0x07, 0x01, 0xC0, 0x3F, 0x01, 0xC3, 0xC1,
  0xC0, 0x70, 0x1C, 0x03, 0x80, 0xE0, 0x38, 0x0F, 0x03, 0xC1, 0xF3, 0xF8,
  0x10, 0x00, 0x18, 0x19, 0xF9, 0x9F, 0xFD, 0xC7, 0xC4, 0x00, 0x00, 0xFF,
  0xFF, 0xFF, 0xFF, 0xFF, 0xFF, 0xFF, 0xFF, 0xFF, 0xF3, 0xF3, 0xFC, 0x78,
  0xFF, 0x8E, 0x7F, 0xF1, 0x3F, 0xFE, 0x1F, 0xFF, 0xCF, 0xFF, 0xC4, 0xFF,
  0xE3, 0x1F, 0xF1, 0xE3, 0xFC, 0xFC, 0x7F, 0xFF, 0xBF, 0xFF, 0xFF, 0xFF,
  0xFF, 0xFF, 0xFF, 0xF0, 0xFF, 0xFF, 0xFF, 0xFF, 0xFF, 0xFF, 0xFF, 0xFF,
  0xFF, 0xF3, 0xF3, 0xFC, 0x78, 0xFF, 0x8E, 0x7F, 0xF1, 0x3F, 0xFE, 0x1F,
  0xFF, 0xCF, 0xFF, 0xC4, 0xFF, 0xE3, 0x1F, 0xF1, 0xE3, 0xFC, 0xFC, 0x7F,
  0xFF, 0xBF, 0xFF, 0xFF, 0xFF, 0xFF, 0xFF, 0xFF, 0xF0, 0xFF, 0xFF, 0xFF,
  0xFF, 0xFF, 0xFF, 0xFF, 0xFF, 0xFF, 0xF3, 0xF3, 0xFC, 0x78, 0xFF, 0x8E,
  0x7F, 0xF1, 0x3F, 0xFE, 0x1F, 0xFF, 0xCF, 0xFF, 0xC4, 0xFF, 0xE3, 0x1F,
  0xF1, 0xE3, 0xFC, 0xFC, 0x7F, 0xFF, 0xBF, 0xFF, 0xFF, 0xFF, 0xFF, 0xFF,
  0xFF, 0xF0, 0xFF, 0xFF, 0xFF, 0xFF, 0xFF, 0xFF, 0xFF, 0xFF, 0xFF, 0xF3,
  0xF3, 0xFC, 0x78, 0xFF, 0x8E, 0x7F, 0xF1, 0x3F, 0xFE, 0x1F, 0xFF, 0xCF,
  0xFF, 0xC4, 0xFF, 0xE3, 0x1F, 0xF1, 0xE3, 0xFC, 0xFC, 0x7F, 0xFF, 0xBF,
  0xFF, 0xFF, 0xFF, 0xFF, 0xFF, 0xFF, 0xF0, 0xFF, 0xFF, 0xFF, 0xFF, 0xFF,
  0xFF, 0xFF, 0xFF, 0xFF, 0xF3, 0xF3, 0xFC, 0x78, 0xFF, 0x8E, 0x7F, 0xF1,
  0x3F, 0xFE, 0x1F, 0xFF, 0xCF, 0xFF, 0xC4, 0xFF, 0xE3, 0x1F, 0xF1, 0xE3,
  0xFC, 0xFC, 0x7F, 0xFF, 0xBF, 0xFF, 0xFF, 0xFF, 0xFF, 0xFF, 0xFF, 0xF0,
  0xFF, 0xFF, 0xFF, 0xFF, 0xFF, 0xFF, 0xFF, 0xFF, 0xFF, 0xF3, 0xF3, 0xFC,
  0x78, 0xFF, 0x8E, 0x7F, 0xF1, 0x3F, 0xFE, 0x1F, 0xFF, 0xCF, 0xFF, 0xC4,
  0xFF, 0xE3, 0x1F, 0xF1, 0xE3, 0xFC, 0xFC, 0x7F, 0xFF, 0xBF, 0xFF, 0xFF,
  0xFF, 0xFF, 0xFF, 0xFF, 0xF0, 0xFF, 0xFF, 0xFF, 0xFF, 0xFF, 0xFF, 0xFF,
  0xFF, 0xFF, 0xF3, 0xF3, 0xFC, 0x78, 0xFF, 0x8E, 0x7F, 0xF1, 0x3F, 0xFE,
  0x1F, 0xFF, 0xCF, 0xFF, 0xC4, 0xFF, 0xE3, 0x1F, 0xF1, 0xE3, 0xFC, 0xFC,
  0x7F, 0xFF, 0xBF, 0xFF, 0xFF, 0xFF, 0xFF, 0xFF, 0xFF, 0xF0, 0xFF, 0xFF,
  0xFF, 0xFF, 0xFF, 0xFF, 0xFF, 0xFF, 0xFF, 0xF3, 0xF3, 0xFC, 0x78, 0xFF,
  0x8E, 0x7F, 0xF1, 0x3F, 0xFE, 0x1F, 0xFF, 0xCF, 0xFF, 0xC4, 0xFF, 0xE3,
  0x1F, 0xF1, 0xE3, 0xFC, 0xFC, 0x7F, 0xFF, 0xBF, 0xFF, 0xFF, 0xFF, 0xFF,
  0xFF, 0xFF, 0xF0, 0xFF, 0xFF, 0xFF, 0xFF, 0xFF, 0xFF, 0xFF, 0xFF, 0xFF,
  0xF3, 0xF3, 0xFC, 0x78, 0xFF, 0x8E, 0x7F, 0xF1, 0x3F, 0xFE, 0x1F, 0xFF,
  0xCF, 0xFF, 0xC4, 0xFF, 0xE3, 0x1F, 0xF1, 0xE3, 0xFC, 0xFC, 0x7F, 0xFF,
  0xBF, 0xFF, 0xFF, 0xFF, 0xFF, 0xFF, 0xFF, 0xF0, 0xFF, 0xFF, 0xFF, 0xFF,
  0xFF, 0xFF, 0xFF, 0xFF, 0xFF, 0xF3, 0xF3, 0xFC, 0x78, 0xFF, 0x8E, 0x7F,
  0xF1, 0x3F, 0xFE, 0x1F, 0xFF, 0xCF, 0xFF, 0xC4, 0xFF, 0xE3, 0x1F, 0xF1,
  0xE3, 0xFC, 0xFC, 0x7F, 0xFF, 0xBF, 0xFF, 0xFF, 0xFF, 0xFF, 0xFF, 0xFF,
  0xF0, 0xFF, 0xFF, 0xFF, 0xFF, 0xFF, 0xFF, 0xFF, 0xFF, 0xFF, 0xF3, 0xF3,
  0xFC, 0x78, 0xFF, 0x8E, 0x7F, 0xF1, 0x3F, 0xFE, 0x1F, 0xFF, 0xCF, 0xFF,
  0xC4, 0xFF, 0xE3, 0x1F, 0xF1, 0xE3, 0xFC, 0xFC, 0x7F, 0xFF, 0xBF, 0xFF,
  0xFF, 0xFF, 0xFF, 0xFF, 0xFF, 0xF0, 0xFF, 0xFF, 0xFF, 0xFF, 0xFF, 0xFF,
  0xFF, 0xFF, 0xFF, 0xF3, 0xF3, 0xFC, 0x78, 0xFF, 0x8E, 0x7F, 0xF1, 0x3F,
  0xFE, 0x1F, 0xFF, 0xCF, 0xFF, 0xC4, 0xFF, 0xE3, 0x1F, 0xF1, 0xE3, 0xFC,
  0xFC, 0x7F, 0xFF, 0xBF, 0xFF, 0xFF, 0xFF, 0xFF, 0xFF, 0xFF, 0xF0, 0xFF,
  0xFF, 0xFF, 0xFF, 0xFF, 0xFF, 0xFF, 0xFF, 0xFF, 0xF3, 0xF3, 0xFC, 0x78,
  0xFF, 0x8E, 0x7F, 0xF1, 0x3F, 0xFE, 0x1F, 0xFF, 0xCF, 0xFF, 0xC4, 0xFF,
  0xE3, 0x1F, 0xF1, 0xE3, 0xFC, 0xFC, 0x7F, 0xFF, 0xBF, 0xFF, 0xFF, 0xFF,
  0xFF, 0xFF, 0xFF, 0xF0, 0xFF, 0xFF, 0xFF, 0xFF, 0xFF, 0xFF, 0xFF, 0xFF,
  0xFF, 0xF3, 0xF3, 0xFC, 0x78, 0xFF, 0x8E, 0x7F, 0xF1, 0x3F, 0xFE, 0x1F,
  0xFF, 0xCF, 0xFF, 0xC4, 0xFF, 0xE3, 0x1F, 0xF1, 0xE3, 0xFC, 0xFC, 0x7F,
  0xFF, 0xBF, 0xFF, 0xFF, 0xFF, 0xFF, 0xFF, 0xFF, 0xF0, 0xFF, 0xFF, 0xFF,
  0xFF, 0xFF, 0xFF, 0xFF, 0xFF, 0xFF, 0xF3, 0xF3, 0xFC, 0x78, 0xFF, 0x8E,
  0x7F, 0xF1, 0x3F, 0xFE, 0x1F, 0xFF, 0xCF, 0xFF, 0xC4, 0xFF, 0xE3, 0x1F,
  0xF1, 0xE3, 0xFC, 0xFC, 0x7F, 0xFF, 0xBF, 0xFF, 0xFF, 0xFF, 0xFF, 0xFF,
  0xFF, 0xF0, 0xFF, 0xFF, 0xFF, 0xFF, 0xFF, 0xFF, 0xFF, 0xFF, 0xFF, 0xF3,
  0xF3, 0xFC, 0x78, 0xFF, 0x8E, 0x7F, 0xF1, 0x3F, 0xFE, 0x1F, 0xFF, 0xCF,
  0xFF, 0xC4, 0xFF, 0xE3, 0x1F, 0xF1, 0xE3, 0xFC, 0xFC, 0x7F, 0xFF, 0xBF,
  0xFF, 0xFF, 0xFF, 0xFF, 0xFF, 0xFF, 0xF0, 0xFF, 0xFF, 0xFF, 0xFF, 0xFF,
  0xFF, 0xFF, 0xFF, 0xFF, 0xF3, 0xF3, 0xFC, 0x78, 0xFF, 0x8E, 0x7F, 0xF1,
  0x3F, 0xFE, 0x1F, 0xFF, 0xCF, 0xFF, 0xC4, 0xFF, 0xE3, 0x1F, 0xF1, 0xE3,
  0xFC, 0xFC, 0x7F, 0xFF, 0xBF, 0xFF, 0xFF, 0xFF, 0xFF, 0xFF, 0xFF, 0xF0,
  0xFF, 0xFF, 0xFF, 0xFF, 0xFF, 0xFF, 0xFF, 0xFF, 0xFF, 0xF3, 0xF3, 0xFC,
  0x78, 0xFF, 0x8E, 0x7F, 0xF1, 0x3F, 0xFE, 0x1F, 0xFF, 0xCF, 0xFF, 0xC4,
  0xFF, 0xE3, 0x1F, 0xF1, 0xE3, 0xFC, 0xFC, 0x7F, 0xFF, 0xBF, 0xFF, 0xFF,
  0xFF, 0xFF, 0xFF, 0xFF, 0xF0, 0xFF, 0xFF, 0xFF, 0xFF, 0xFF, 0xFF, 0xFF,
  0xFF, 0xFF, 0xF3, 0xF3, 0xFC, 0x78, 0xFF, 0x8E, 0x7F, 0xF1, 0x3F, 0xFE,
  0x1F, 0xFF, 0xCF, 0xFF, 0xC4, 0xFF, 0xE3, 0x1F, 0xF1, 0xE3, 0xFC, 0xFC,
  0x7F, 0xFF, 0xBF, 0xFF, 0xFF, 0xFF, 0xFF, 0xFF, 0xFF, 0xF0, 0xFF, 0xFF,
  0xFF, 0xFF, 0xFF, 0xFF, 0xFF, 0xFF, 0xFF, 0xF3, 0xF3, 0xFC, 0x78, 0xFF,
  0x8E, 0x7F, 0xF1, 0x3F, 0xFE, 0x1F, 0xFF, 0xCF, 0xFF, 0xC4, 0xFF, 0xE3,
  0x1F, 0xF1, 0xE3, 0xFC, 0xFC, 0x7F, 0xFF, 0xBF, 0xFF, 0xFF, 0xFF, 0xFF,
  0xFF, 0xFF, 0xF0, 0xFF, 0xFF, 0xFF, 0xFF, 0xFF, 0xFF, 0xFF, 0xFF, 0xFF,
  0xF3, 0xF3, 0xFC, 0x78, 0xFF, 0x8E, 0x7F, 0xF1, 0x3F, 0xFE, 0x1F, 0xFF,
  0xCF, 0xFF, 0xC4, 0xFF, 0xE3, 0x1F, 0xF1, 0xE3, 0xFC, 0xFC, 0x7F, 0xFF,
  0xBF, 0xFF, 0xFF, 0xFF, 0xFF, 0xFF, 0xFF, 0xF0, 0xFF, 0xFF, 0xFF, 0xFF,
  0xFF, 0xFF, 0xFF, 0xFF, 0xFF, 0xF3, 0xF3, 0xFC, 0x78, 0xFF, 0x8E, 0x7F,
  0xF1, 0x3F, 0xFE, 0x1F, 0xFF, 0xCF, 0xFF, 0xC4, 0xFF, 0xE3, 0x1F, 0xF1,
  0xE3, 0xFC, 0xFC, 0x7F, 0xFF, 0xBF, 0xFF, 0xFF, 0xFF, 0xFF, 0xFF, 0xFF,
  0xF0, 0xFF, 0xFF, 0xFF, 0xFF, 0xFF, 0xFF, 0xFF, 0xFF, 0xFF, 0xF3, 0xF3,
  0xFC, 0x78, 0xFF, 0x8E, 0x7F, 0xF1, 0x3F, 0xFE, 0x1F, 0xFF, 0xCF, 0xFF,
  0xC4, 0xFF, 0xE3, 0x1F, 0xF1, 0xE3, 0xFC, 0xFC, 0x7F, 0xFF, 0xBF, 0xFF,
  0xFF, 0xFF, 0xFF, 0xFF, 0xFF, 0xF0, 0xFF, 0xFF, 0xFF, 0xFF, 0xFF, 0xFF,
  0xFF, 0xFF, 0xFF, 0xF3, 0xF3, 0xFC, 0x78, 0xFF, 0x8E, 0x7F, 0xF1, 0x3F,
  0xFE, 0x1F, 0xFF, 0xCF, 0xFF, 0xC4, 0xFF, 0xE3, 0x1F, 0xF1, 0xE3, 0xFC,
  0xFC, 0x7F, 0xFF, 0xBF, 0xFF, 0xFF, 0xFF, 0xFF, 0xFF, 0xFF, 0xF0, 0xFF,
  0xFF, 0xFF, 0xFF, 0xFF, 0xFF, 0xFF, 0xFF, 0xFF, 0xF3, 0xF3, 0xFC, 0x78,
  0xFF, 0x8E, 0x7F, 0xF1, 0x3F, 0xFE, 0x1F, 0xFF, 0xCF, 0xFF, 0xC4, 0xFF,
  0xE3, 0x1F, 0xF1, 0xE3, 0xFC, 0xFC, 0x7F, 0xFF, 0xBF, 0xFF, 0xFF, 0xFF,
  0xFF, 0xFF, 0xFF, 0xF0, 0xFF, 0xFF, 0xFF, 0xFF, 0xFF, 0xFF, 0xFF, 0xFF,
  0xFF, 0xF3, 0xF3, 0xFC, 0x78, 0xFF, 0x8E, 0x7F, 0xF1, 0x3F, 0xFE, 0x1F,
  0xFF, 0xCF, 0xFF, 0xC4, 0xFF, 0xE3, 0x1F, 0xF1, 0xE3, 0xFC, 0xFC, 0x7F,
  0xFF, 0xBF, 0xFF, 0xFF, 0xFF, 0xFF, 0xFF, 0xFF, 0xF0, 0xFF, 0xFF, 0xFF,
  0xFF, 0xFF, 0xFF, 0xFF, 0xFF, 0xFF, 0xF3, 0xF3, 0xFC, 0x78, 0xFF, 0x8E,
  0x7F, 0xF1, 0x3F, 0xFE, 0x1F, 0xFF, 0xCF, 0xFF, 0xC4, 0xFF, 0xE3, 0x1F,
  0xF1, 0xE3, 0xFC, 0xFC, 0x7F, 0xFF, 0xBF, 0xFF, 0xFF, 0xFF, 0xFF, 0xFF,
  0xFF, 0xF0, 0xFF, 0xFF, 0xFF, 0xFF, 0xFF, 0xFF, 0xFF, 0xFF, 0xFF, 0xF3,
  0xF3, 0xFC, 0x78, 0xFF, 0x8E, 0x7F, 0xF1, 0x3F, 0xFE, 0x1F, 0xFF, 0xCF,
  0xFF, 0xC4, 0xFF, 0xE3, 0x1F, 0xF1, 0xE3, 0xFC, 0xFC, 0x7F, 0xFF, 0xBF,
  0xFF, 0xFF, 0xFF, 0xFF, 0xFF, 0xFF, 0xF0, 0xFF, 0xFF, 0xFF, 0xFF, 0xFF,
  0xFF, 0xFF, 0xFF, 0xFF, 0xF3, 0xF3, 0xFC, 0x78, 0xFF, 0x8E, 0x7F, 0xF1,
  0x3F, 0xFE, 0x1F, 0xFF, 0xCF, 0xFF, 0xC4, 0xFF, 0xE3, 0x1F, 0xF1, 0xE3,
  0xFC, 0xFC, 0x7F, 0xFF, 0xBF, 0xFF, 0xFF, 0xFF, 0xFF, 0xFF, 0xFF, 0xF0,
  0xFF, 0xFF, 0xFF, 0xFF, 0xFF, 0xFF, 0xFF, 0xFF, 0xFF, 0xF3, 0xF3, 0xFC,
  0x78, 0xFF, 0x8E, 0x7F, 0xF1, 0x3F, 0xFE, 0x1F, 0xFF, 0xCF, 0xFF, 0xC4,
  0xFF, 0xE3, 0x1F, 0xF1, 0xE3, 0xFC, 0xFC, 0x7F, 0xFF, 0xBF, 0xFF, 0xFF,
  0xFF, 0xFF, 0xFF, 0xFF, 0xF0, 0xFF, 0xFF, 0xFF, 0xFF, 0xFF, 0xFF, 0xFF,
  0xFF, 0xFF, 0xF3, 0xF3, 0xFC, 0x78, 0xFF, 0x8E, 0x7F, 0xF1, 0x3F, 0xFE,
  0x1F, 0xFF, 0xCF, 0xFF, 0xC4, 0xFF, 0xE3, 0x1F, 0xF1, 0xE3, 0xFC, 0xFC,
  0x7F, 0xFF, 0xBF, 0xFF, 0xFF, 0xFF, 0xFF, 0xFF, 0xFF, 0xF0, 0xFF, 0xFF,
  0xFF, 0xFF, 0xFF, 0xFF, 0xFF, 0xFF, 0xFF, 0xF3, 0xF3, 0xFC, 0x78, 0xFF,
  0x8E, 0x7F, 0xF1, 0x3F, 0xFE, 0x1F, 0xFF, 0xCF, 0xFF, 0xC4, 0xFF, 0xE3,
  0x1F, 0xF1, 0xE3, 0xFC, 0xFC, 0x7F, 0xFF, 0xBF, 0xFF, 0xFF, 0xFF, 0xFF,
  0xFF, 0xFF, 0xF0, 0xFF, 0xFF, 0xFF, 0xFF, 0xFF, 0xFF, 0xFF, 0xFF, 0xFF,
  0xF3, 0xF3, 0xFC, 0x78, 0xFF, 0x8E, 0x7F, 0xF1, 0x3F, 0xFE, 0x1F, 0xFF,
  0xCF, 0xFF, 0xC4, 0xFF, 0xE3, 0x1F, 0xF1, 0xE3, 0xFC, 0xFC, 0x7F, 0xFF,
  0xBF, 0xFF, 0xFF, 0xFF, 0xFF, 0xFF, 0xFF, 0xF0, 0x00, 0xEF, 0xFE, 0x00,
  0x06, 0x66, 0x6E, 0xEE, 0xEF, 0xFF, 0xFF, 0xFF, 0xF0, 0x03, 0x00, 0x60,
  0x0C, 0x0F, 0xF3, 0x8E, 0xE1, 0xFC, 0x3F, 0x83, 0xF0, 0x1C, 0x03, 0xC0,
  0x78, 0x0F, 0x01, 0xE0, 0x1E, 0x0B, 0xFF, 0x1F, 0xC0, 0xC0, 0x18, 0x07,
  0x00, 0x01, 0xFC, 0x01, 0xFF, 0x01, 0xC3, 0x81, 0xE0, 0x80, 0xF0, 0x00,
  0x78, 0x00, 0x3C, 0x00, 0x1E, 0x00, 0x7F, 0xE0, 0x07, 0x80, 0x03, 0xC0,
  0x01, 0xE0, 0x00, 0xF0, 0x78, 0x70, 0x1C, 0x38, 0x0E, 0x3C, 0x07, 0x7E,
  0x07, 0xFF, 0xFF, 0xB8, 0x3F, 0x80, 0x40, 0x05, 0xC0, 0x1D, 0xDF, 0x71,
  0xFF, 0xC1, 0xEF, 0x07, 0x07, 0x0E, 0x0E, 0x1C, 0x1C, 0x38, 0x38, 0x70,
  0x70, 0x7F, 0xC1, 0xFF, 0xC7, 0x7D, 0xDC, 0x01, 0xD0, 0x01, 0x00, 0xFF,
  0x0F, 0xFF, 0xC3, 0xF3, 0xE0, 0x70, 0x78, 0x18, 0x0F, 0x0E, 0x03, 0xC3,
  0x00, 0x79, 0x80, 0x0E, 0x60, 0x03, 0xF0, 0x0F, 0xFF, 0xE0, 0x1E, 0x00,
  0x07, 0x80, 0x01, 0xE0, 0x0F, 0xFF, 0xE3, 0xFF, 0xF8, 0x07, 0x80, 0x01,
  0xE0, 0x01, 0xFF, 0x00, 0x7F, 0xC0, 0xFF, 0xFF, 0xFF, 0xFC, 0x00, 0x3F,
  0xFF, 0xFF, 0xFF, 0x0F, 0xC1, 0xFF, 0x9C, 0x1C, 0xE0, 0x67, 0x03, 0x3C,
  0x01, 0xF8, 0x07, 0xF0, 0x6F, 0xE7, 0x1F, 0xB8, 0x3F, 0xC0, 0x7F, 0x03,
  0xBE, 0x0C, 0xFE, 0x63, 0xFE, 0x07, 0xF0, 0x0F, 0x98, 0x1E, 0xC0, 0x7E,
  0x03, 0xF8, 0x39, 0xFF, 0x80, 0xC0, 0x20, 0xBC, 0xFF, 0x3F, 0xCF, 0x41,
  0x00, 0x01, 0xFE, 0x00, 0x1E, 0x0E, 0x00, 0xE0, 0x0E, 0x06, 0x00, 0x18,
  0x30, 0x1C, 0x30, 0xC3, 0xF8, 0x66, 0x1C, 0x61, 0x98, 0x61, 0x83, 0x43,
  0x80, 0x0F, 0x0C, 0x00, 0x3C, 0x30, 0x00, 0xF0, 0xC0, 0x03, 0x43, 0x80,
  0x0D, 0x8F, 0x08, 0x36, 0x1F, 0xE1, 0x88, 0x3F, 0x86, 0x30, 0x30, 0x30,
  0x60, 0x01, 0xC0, 0xC0, 0x0E, 0x01, 0xC0, 0xE0, 0x01, 0xFF, 0x00, 0x7F,
  0x1F, 0xF0, 0x0E, 0x00, 0xC0, 0xFC, 0xFF, 0xB8, 0x77, 0x0E, 0xE1, 0xDE,
  0x7B, 0xF7, 0x98, 0xC0, 0x0E, 0x0C, 0x70, 0x63, 0x83, 0x9E, 0x1C, 0xF1,
  0xE3, 0xCF, 0x8E, 0x3C, 0x3C, 0x78, 0x70, 0xE0, 0xE1, 0xC1, 0xC3, 0x83,
  0x07, 0x06, 0x08, 0xFF, 0xFF, 0xFF, 0xC0, 0x0E, 0x00, 0x70, 0x03, 0x80,
  0x1C, 0x00, 0xE0, 0xFF, 0xFF, 0xFF, 0xFF, 0xFF, 0xFF, 0xFF, 0xFF, 0xFF,
  0xF3, 0xF3, 0xFC, 0x78, 0xFF, 0x8E, 0x7F, 0xF1, 0x3F, 0xFE, 0x1F, 0xFF,
  0xCF, 0xFF, 0xC4, 0xFF, 0xE3, 0x1F, 0xF1, 0xE3, 0xFC, 0xFC, 0x7F, 0xFF,
  0xBF, 0xFF, 0xFF, 0xFF, 0xFF, 0xFF, 0xFF, 0xF0, 0x01, 0xFE, 0x00, 0x1E,
  0x0E, 0x00, 0xE0, 0x0E, 0x06, 0x00, 0x18, 0x30, 0x00, 0x30, 0xCF, 0xF8,
  0x66, 0x1C, 0x71, 0x98, 0x71, 0xC3, 0x41, 0xC7, 0x0F, 0x07, 0x1C, 0x3C,
  0x1F, 0xE0, 0xF0, 0x7F, 0x03, 0x41, 0xCE, 0x0D, 0x87, 0x1C, 0x36, 0x1C,
  0x71, 0x88, 0xF8, 0xE6, 0x33, 0xE1, 0xB0, 0x60, 0x01, 0xC0, 0xC0, 0x0E,
  0x01, 0xC0, 0xE0, 0x01, 0xFF, 0x00, 0xFF, 0xFF, 0x18, 0x3F, 0x3D, 0xD8,
  0x7C, 0x1E, 0x0F, 0x0F, 0xFE, 0x7E, 0x00, 0x06, 0x00, 0x60, 0x06, 0x00,
  0x60, 0x06, 0x0F, 0xFF, 0xFF, 0xF0, 0x60, 0x06, 0x00, 0x60, 0x06, 0x00,
  0x00, 0xFF, 0xFF, 0xFF, 0x3F, 0x1F, 0xEC, 0x38, 0x0E, 0x03, 0x80, 0xE0,
  0x70, 0x38, 0x1C, 0x8E, 0x3F, 0xFD, 0xFF, 0x7F, 0x7F, 0xC0, 0xE0, 0x70,
  0x71, 0xE0, 0xFC, 0x07, 0x03, 0x81, 0xD7, 0xEF, 0xC0, 0x08, 0x18, 0x79,
  0xE7, 0x9E, 0x10, 0x00, 0xF8, 0xFB, 0xE1, 0xE7, 0x87, 0x9E, 0x1E, 0x78,
  0x79, 0xE1, 0xE7, 0x87, 0x9E, 0x1E, 0x78, 0x79, 0xE1, 0xE7, 0x87, 0x9E,
  0x1E, 0x7F, 0xFD, 0xDE, 0xF7, 0x00, 0x1C, 0x00, 0x70, 0x01, 0xC0, 0x07,
  0x00, 0x00, 0x1F, 0xFF, 0x7F, 0xFF, 0xFF, 0x1C, 0xFF, 0x1C, 0xFF, 0x1C,
  0xFF, 0x1C, 0xFF, 0x1C, 0xFF, 0x1C, 0xFF, 0x1C, 0x7F, 0x1C, 0x3F, 0x1C,
  0x07, 0x1C, 0x07, 0x1C, 0x07, 0x1C, 0x07, 0x1C, 0x07, 0x1C, 0x07, 0x1C,
  0x07, 0x1C, 0x07, 0x1C, 0x1F, 0x1F, 0x1F, 0x1F, 0x7F, 0xF7, 0x30, 0x61,
  0x87, 0xFB, 0xE0, 0x1C, 0xFC, 0x7C, 0x1C, 0x1C, 0x1C, 0x1C, 0x1C, 0x1C,
  0x1C, 0x1C, 0x7F, 0x3F, 0x8E, 0x3B, 0x87, 0x70, 0xFE, 0x0F, 0xC1, 0xF8,
  0x3F, 0x0F, 0xF1, 0xCE, 0x38, 0xFE, 0x00, 0xC1, 0x83, 0x83, 0x07, 0x0E,
  0x0E, 0x1C, 0x3C, 0x78, 0x78, 0xF0, 0xE1, 0xC7, 0x8F, 0x3C, 0x78, 0xE1,
  0xC7, 0x0E, 0x38, 0x70, 0x40, 0x80, 0x00, 0x01, 0x80, 0x70, 0x0C, 0x0F,
  0xC0, 0x30, 0x1F, 0x01, 0xC0, 0x1C, 0x06, 0x00, 0x70, 0x38, 0x01, 0xC0,
  0xC0, 0x07, 0x07, 0x00, 0x1C, 0x18, 0x00, 0x70, 0xE3, 0x81, 0xC3, 0x0E,
  0x07, 0x1C, 0x70, 0x7F, 0x61, 0xC0, 0x03, 0x8E, 0x00, 0x0C, 0x33, 0x00,
  0x71, 0xCC, 0x01, 0x86, 0x30, 0x06, 0x3F, 0xF0, 0x30, 0x7F, 0xC0, 0xC0,
  0x0C, 0x06, 0x00, 0x30, 0x38, 0x00, 0x00, 0x00, 0x01, 0x80, 0x38, 0x06,
  0x03, 0xF0, 0x0C, 0x03, 0xE0, 0x38, 0x01, 0xC0, 0x60, 0x03, 0x81, 0xC0,
  0x07, 0x03, 0x00, 0x0E, 0x0E, 0x00, 0x1C, 0x18, 0x00, 0x38, 0x73, 0xF0,
  0x70, 0xCF, 0xF0, 0xE3, 0xB0, 0xE7, 0xF6, 0x01, 0xC0, 0x1C, 0x03, 0x80,
  0x30, 0x07, 0x00, 0xE0, 0x1C, 0x01, 0x80, 0x70, 0x03, 0x01, 0xC8, 0x0C,
  0x07, 0x18, 0x18, 0x3F, 0xF0, 0x60, 0x3F, 0xE1, 0xC0, 0x00, 0x00, 0x00,
  0x00, 0x60, 0x7F, 0x00, 0xC0, 0xFF, 0x80, 0xC0, 0x03, 0x81, 0xC0, 0x03,
  0x81, 0x80, 0x07, 0x03, 0x80, 0x3C, 0x03, 0x00, 0x3F, 0x07, 0x00, 0x03,
  0x86, 0x00, 0x03, 0x8E, 0x38, 0x03, 0x8C, 0x38, 0x5F, 0x9C, 0x70, 0x7E,
  0x18, 0x70, 0x00, 0x38, 0xE0, 0x00, 0x30, 0xCC, 0x00, 0x71, 0xCC, 0x00,
  0x61, 0x8C, 0x00, 0x63, 0xFF, 0x00, 0xC1, 0xFF, 0x00, 0xC0, 0x0C, 0x01,
  0x80, 0x0C, 0x03, 0x80, 0x00, 0x07, 0x01, 0xE0, 0x3C, 0x03, 0x80, 0x00,
  0x00, 0x00, 0x00, 0x38, 0x07, 0x00, 0xE0, 0x1C, 0x07, 0x81, 0xE0, 0xF0,
  0x1C, 0x07, 0x80, 0xE0, 0x1C, 0x03, 0x80, 0x78, 0x07, 0x80, 0xFF, 0x87,
  0xF8, 0x03, 0x00, 0x01, 0xE0, 0x00, 0x3C, 0x00, 0x03, 0x80, 0x00, 0x40,
  0x00, 0x00, 0x00, 0x1E, 0x00, 0x07, 0xC0, 0x03, 0xF0, 0x00, 0xDC, 0x00,
  0x37, 0x80, 0x1D, 0xE0, 0x06, 0x38, 0x01, 0x8F, 0x00, 0xE3, 0xC0, 0x30,
  0xF0, 0x0C, 0x1E, 0x07, 0x07, 0x81, 0xFF, 0xE0, 0xFF, 0xFC, 0x38, 0x0F,
  0x0E, 0x03, 0xC7, 0x00, 0xFB, 0xF0, 0x7F, 0xFC, 0x1F, 0xC0, 0x00, 0x10,
  0x00, 0x0F, 0x00, 0x07, 0x80, 0x03, 0x80, 0x00, 0x40, 0x00, 0x00, 0x00,
  0x1E, 0x00, 0x07, 0xC0, 0x03, 0xF0, 0x00, 0xDC, 0x00, 0x37, 0x80, 0x1D,
  0xE0, 0x06, 0x38, 0x01, 0x8F, 0x00, 0xE3, 0xC0, 0x30, 0xF0, 0x0C, 0x1E,
  0x07, 0x07, 0x81, 0xFF, 0xE0, 0xFF, 0xFC, 0x38, 0x0F, 0x0E, 0x03, 0xC7,
  0x00, 0xFB, 0xF0, 0x7F, 0xFC, 0x1F, 0xC0, 0x01, 0xC0, 0x00, 0x78, 0x00,
  0x3F, 0x00, 0x38, 0x60, 0x04, 0x08, 0x00, 0x00, 0x00, 0x1E, 0x00, 0x07,
  0xC0, 0x03, 0xF0, 0x00, 0xDC, 0x00, 0x37, 0x80, 0x1D, 0xE0, 0x06, 0x38,
  0x01, 0x8F, 0x00, 0xE3, 0xC0, 0x30, 0xF0, 0x0C, 0x1E, 0x07, 0x07, 0x81,
  0xFF, 0xE0, 0xFF, 0xFC, 0x38, 0x0F, 0x0E, 0x03, 0xC7, 0x00, 0xFB, 0xF0,
  0x7F, 0xFC, 0x1F, 0xC0, 0x07, 0x98, 0x01, 0xFE, 0x00, 0xCF, 0x00, 0x00,
  0x00, 0x00, 0x00, 0x00, 0x78, 0x00, 0x1F, 0x00, 0x0F, 0xC0, 0x03, 0x70,
  0x00, 0xDE, 0x00, 0x77, 0x80, 0x18, 0xE0, 0x06, 0x3C, 0x03, 0x8F, 0x00,
  0xC3, 0xC0, 0x30, 0x78, 0x1C, 0x1E, 0x07, 0xFF, 0x83, 0xFF, 0xF0, 0xE0,
  0x3C, 0x38, 0x0F, 0x1C, 0x03, 0xEF, 0xC1, 0xFF, 0xF0, 0x7F, 0x06, 0x10,
  0x03, 0xCE, 0x00, 0xF3, 0x80, 0x1C, 0xE0, 0x00, 0x00, 0x00, 0x00, 0x00,
  0x1E, 0x00, 0x07, 0xC0, 0x03, 0xF0, 0x00, 0xDC, 0x00, 0x37, 0x80, 0x1D,
  0xE0, 0x06, 0x38, 0x01, 0x8F, 0x00, 0xE3, 0xC0, 0x30, 0xF0, 0x0C, 0x1E,
  0x07, 0x07, 0x81, 0xFF, 0xE0, 0xFF, 0xFC, 0x38, 0x0F, 0x0E, 0x03, 0xC7,
  0x00, 0xFB, 0xF0, 0x7F, 0xFC, 0x1F, 0xC0, 0x01, 0xE0, 0x00, 0xFC, 0x00,
  0x23, 0x00, 0x18, 0x60, 0x02, 0x30, 0x00, 0xFC, 0x00, 0x1E, 0x00, 0x00,
  0x00, 0x01, 0xE0, 0x00, 0x7C, 0x00, 0x3F, 0x00, 0x0D, 0xC0, 0x03, 0x78,
  0x01, 0xDE, 0x00, 0x63, 0x80, 0x18, 0xF0, 0x0E, 0x3C, 0x03, 0x0F, 0x00,
  0xC1, 0xE0, 0x70, 0x78, 0x1F, 0xFE, 0x0F, 0xFF, 0xC3, 0x80, 0xF0, 0xE0,
  0x3C, 0x70, 0x0F, 0xBF, 0x07, 0xFF, 0xC1, 0xFC, 0x07, 0xFF, 0xFF, 0x03,
  0xFF, 0xFF, 0x80, 0x33, 0xC0, 0xC0, 0x39, 0xE0, 0x60, 0x1C, 0xF0, 0x00,
  0x0C, 0x78, 0x00, 0x0E, 0x3C, 0x20, 0x06, 0x1E, 0x10, 0x07, 0x0F, 0xF8,
  0x03, 0x87, 0xFC, 0x03, 0x83, 0xC2, 0x01, 0xC1, 0xE1, 0x00, 0xFF, 0xF0,
  0x00, 0xFF, 0xF8, 0x00, 0x70, 0x3C, 0x06, 0x70, 0x1E, 0x03, 0x38, 0x0F,
  0x03, 0xFF, 0x1F, 0xFF, 0xFF, 0x8F, 0xFF, 0xE0, 0x03, 0xFF, 0x0F, 0xFE,
  0x1E, 0x0E, 0x3C, 0x0E, 0x38, 0x06, 0x78, 0x06, 0x78, 0x00, 0x78, 0x00,
  0xF8, 0x00, 0xF8, 0x00, 0xF8, 0x00, 0x78, 0x00, 0x78, 0x00, 0x78, 0x00,
  0x7C, 0x07, 0x3C, 0x07, 0x1E, 0x06, 0x0F, 0x9E, 0x07, 0xFC, 0x00, 0x40,
  0x00, 0x60, 0x00, 0x60, 0x00, 0x70, 0x03, 0xE0, 0x03, 0xE0, 0x0C, 0x00,
  0x3C, 0x00, 0x3C, 0x00, 0x1C, 0x00, 0x10, 0x00, 0x00, 0x3F, 0xFF, 0x7F,
  0xFE, 0x3C, 0x0C, 0x78, 0x18, 0xF0, 0x01, 0xE0, 0x03, 0xC2, 0x07, 0x8C,
  0x0F, 0xF8, 0x1F, 0xF0, 0x3C, 0x60, 0x78, 0x40, 0xF0, 0x01, 0xE0, 0x03,
  0xC0, 0x67, 0x80, 0xCF, 0x03, 0xFF, 0xFF, 0xFF, 0xFE, 0x00, 0x40, 0x01,
  0xE0, 0x07, 0x80, 0x1C, 0x00, 0x10, 0x00, 0x00, 0x3F, 0xFF, 0x7F, 0xFE,
  0x3C, 0x0C, 0x78, 0x18, 0xF0, 0x01, 0xE0, 0x03, 0xC2, 0x07, 0x8C, 0x0F,
  0xF8, 0x1F, 0xF0, 0x3C, 0x60, 0x78, 0x40, 0xF0, 0x01, 0xE0, 0x03, 0xC0,
  0x67, 0x80, 0xCF, 0x03, 0xFF, 0xFF, 0xFF, 0xFE, 0x03, 0x80, 0x07, 0x80,
  0x1F, 0x80, 0xE1, 0x80, 0x81, 0x00, 0x00, 0x3F, 0xFF, 0x7F, 0xFE, 0x3C,
  0x0C, 0x78, 0x18, 0xF0, 0x01, 0xE0, 0x03, 0xC2, 0x07, 0x8C, 0x0F, 0xF8,
  0x1F, 0xF0, 0x3C, 0x60, 0x78, 0x40, 0xF0, 0x01, 0xE0, 0x03, 0xC0, 0x67,
  0x80, 0xCF, 0x03, 0xFF, 0xFF, 0xFF, 0xFE, 0x0C, 0x20, 0x3C, 0xE0, 0x79,
  0xC0, 0x73, 0x80, 0x00, 0x00, 0x00, 0x3F, 0xFF, 0x7F, 0xFE, 0x3C, 0x0C,
  0x78, 0x18, 0xF0, 0x01, 0xE0, 0x03, 0xC2, 0x07, 0x8C, 0x0F, 0xF8, 0x1F,
  0xF0, 0x3C, 0x60, 0x78, 0x40, 0xF0, 0x01, 0xE0, 0x03, 0xC0, 0x67, 0x80,
  0xCF, 0x03, 0xFF, 0xFF, 0xFF, 0xFE, 0x60, 0xF0, 0x78, 0x1C, 0x08, 0x00,
  0xFF, 0xFF, 0x3C, 0x3C, 0x3C, 0x3C, 0x3C, 0x3C, 0x3C, 0x3C, 0x3C, 0x3C,
  0x3C, 0x3C, 0x3C, 0x3C, 0x3C, 0xFF, 0xFF, 0x02, 0x03, 0xC3, 0xC3, 0x80,
  0x80, 0x03, 0xFD, 0xFE, 0x3C, 0x1E, 0x0F, 0x07, 0x83, 0xC1, 0xE0, 0xF0,
  0x78, 0x3C, 0x1E, 0x0F, 0x07, 0x83, 0xC1, 0xE0, 0xF1, 0xFE, 0xFF, 0x00,
  0x1C, 0x0F, 0x0F, 0xDC, 0x34, 0x08, 0x01, 0xFE, 0xFF, 0x1E, 0x0F, 0x07,
  0x83, 0xC1, 0xE0, 0xF0, 0x78, 0x3C, 0x1E, 0x0F, 0x07, 0x83, 0xC1, 0xE0,
  0xF0, 0x78, 0xFF, 0x7F, 0x80, 0x61, 0x79, 0xFC, 0xEE, 0x70, 0x00, 0x01,
  0xFE, 0xFF, 0x1E, 0x0F, 0x07, 0x83, 0xC1, 0xE0, 0xF0, 0x78, 0x3C, 0x1E,
  0x0F, 0x07, 0x83, 0xC1, 0xE0, 0xF0, 0x78, 0xFF, 0x7F, 0x80, 0xFF, 0xF0,
  0x3F, 0xFF, 0x03, 0xC1, 0xF0, 0xF0, 0x3C, 0x3C, 0x07, 0x8F, 0x01, 0xE3,
  0xC0, 0x78, 0xF0, 0x1F, 0xFF, 0x83, 0xFF, 0xE0, 0xF3, 0xC0, 0x3C, 0xF0,
  0x1E, 0x3C, 0x07, 0x8F, 0x01, 0xE3, 0xC0, 0x70, 0xF0, 0x3C, 0x3C, 0x1E,
  0x3F, 0xBF, 0x0F, 0xFF, 0x00, 0x03, 0xCC, 0x00, 0x7F, 0x80, 0x19, 0xE0,
  0x00, 0x00, 0x00, 0x00, 0x01, 0xF8, 0x1F, 0xFF, 0x83, 0xF9, 0xF0, 0x0C,
  0x3F, 0x01, 0x86, 0xF0, 0x30, 0xDE, 0x06, 0x19, 0xE0, 0xC3, 0x3E, 0x18,
  0x63, 0xC3, 0x0C, 0x7C, 0x61, 0x87, 0xCC, 0x30, 0x79, 0x86, 0x0F, 0xB0,
  0xC0, 0xF6, 0x18, 0x0F, 0xC3, 0x01, 0xF8, 0x60, 0x1F, 0x3F, 0x81, 0xE7,
  0xF0, 0x3C, 0x06, 0x00, 0x07, 0x80, 0x01, 0xE0, 0x00, 0x38, 0x00, 0x08,
  0x00, 0x00, 0x00, 0x1F, 0xC0, 0x3E, 0xF8, 0x3C, 0x1E, 0x3C, 0x07, 0x9E,
  0x03, 0xDE, 0x01, 0xEF, 0x00, 0xFF, 0x80, 0x3F, 0xC0, 0x1F, 0xE0, 0x0F,
  0xF0, 0x07, 0xF8, 0x03, 0xFC, 0x03, 0xDE, 0x01, 0xE7, 0x80, 0xF3, 0xC0,
  0xF0, 0xF0, 0x70, 0x3C, 0x70, 0x0F, 0xF0, 0x00, 0x00, 0x20, 0x00, 0x3C,
  0x00, 0x3C, 0x00, 0x38, 0x00, 0x08, 0x00, 0x00, 0x00, 0x1F, 0xC0, 0x3E,
  0xF8, 0x3C, 0x1E, 0x3C, 0x07, 0x9E, 0x03, 0xDE, 0x01, 0xEF, 0x00, 0xFF,
  0x80, 0x3F, 0xC0, 0x1F, 0xE0, 0x0F, 0xF0, 0x07, 0xF8, 0x03, 0xFC, 0x03,
  0xDE, 0x01, 0xE7, 0x80, 0xF3, 0xC0, 0xF0, 0xF0, 0x70, 0x3C, 0x70, 0x0F,
  0xF0, 0x00, 0x03, 0x80, 0x01, 0xE0, 0x01, 0xF8, 0x03, 0x86, 0x00, 0x81,
  0x00, 0x00, 0x00, 0x1F, 0xC0, 0x3E, 0xF8, 0x3C, 0x1E, 0x3C, 0x07, 0x9E,
  0x03, 0xDE, 0x01, 0xEF, 0x00, 0xFF, 0x80, 0x3F, 0xC0, 0x1F, 0xE0, 0x0F,
  0xF0, 0x07, 0xF8, 0x03, 0xFC, 0x03, 0xDE, 0x01, 0xE7, 0x80, 0xF3, 0xC0,
  0xF0, 0xF0, 0x70, 0x3C, 0x70, 0x0F, 0xF0, 0x00, 0x07, 0x98, 0x03, 0xFC,
  0x03, 0x3C, 0x00, 0x00, 0x00, 0x00, 0x00, 0x3F, 0x80, 0x7D, 0xF0, 0x78,
  0x3C, 0x78, 0x0F, 0x3C, 0x07, 0xBC, 0x03, 0xDE, 0x01, 0xFF, 0x00, 0x7F,
  0x80, 0x3F, 0xC0, 0x1F, 0xE0, 0x0F, 0xF0, 0x07, 0xF8, 0x07, 0xBC, 0x03,
  0xCF, 0x01, 0xE7, 0x81, 0xE1, 0xE0, 0xE0, 0x78, 0xE0, 0x1F, 0xE0, 0x06,
  0x10, 0x07, 0x9C, 0x03, 0xCE, 0x00, 0xE7, 0x00, 0x00, 0x00, 0x00, 0x00,
  0x1F, 0xC0, 0x3E, 0xF8, 0x3C, 0x1E, 0x3C, 0x07, 0x9E, 0x03, 0xDE, 0x01,
  0xEF, 0x00, 0xFF, 0x80, 0x3F, 0xC0, 0x1F, 0xE0, 0x0F, 0xF0, 0x07, 0xF8,
  0x03, 0xFC, 0x03, 0xDE, 0x01, 0xE7, 0x80, 0xF3, 0xC0, 0xF0, 0xF0, 0x70,
  0x3C, 0x70, 0x0F, 0xF0, 0x00, 0x40, 0x5C, 0x1F, 0xC7, 0xBD, 0xE3, 0xF8,
  0x1E, 0x07, 0xC1, 0xFC, 0x7B, 0xDE, 0x3F, 0x83, 0xA0, 0x20, 0x00, 0x08,
  0x00, 0x04, 0x01, 0xFC, 0x03, 0xEF, 0x83, 0xC1, 0xE3, 0xC1, 0x79, 0xE0,
  0xBD, 0xE0, 0x9E, 0xF0, 0x4F, 0xF8, 0x23, 0xFC, 0x21, 0xFE, 0x10, 0xFF,
  0x10, 0x7F, 0x88, 0x3F, 0xC4, 0x3D, 0xE4, 0x1E, 0x7A, 0x0F, 0x3E, 0x0F,
  0x0F, 0x07, 0x03, 0xC7, 0x00, 0xFF, 0x00, 0x40, 0x00, 0x60, 0x00, 0x10,
  0x00, 0x03, 0x00, 0x00, 0xF0, 0x00, 0x0F, 0x00, 0x00, 0x70, 0x00, 0x04,
  0x00, 0x00, 0x00, 0x3F, 0xC3, 0xFF, 0xF8, 0x7F, 0x3C, 0x03, 0x87, 0x80,
  0x70, 0xF0, 0x0E, 0x1E, 0x01, 0xC3, 0xC0, 0x38, 0x78, 0x07, 0x0F, 0x00,
  0xE1, 0xE0, 0x1C, 0x3C, 0x03, 0x87, 0x80, 0x70, 0xF0, 0x0E, 0x1E, 0x01,
  0xC1, 0xC0, 0x38, 0x3C, 0x06, 0x07, 0x81, 0xC0, 0x7E, 0xF0, 0x03, 0xF8,
  0x00, 0x00, 0x10, 0x00, 0x07, 0x80, 0x01, 0xE0, 0x00, 0x70, 0x00, 0x04,
  0x00, 0x00, 0x00, 0x3F, 0xC3, 0xFF, 0xF8, 0x7F, 0x3C, 0x03, 0x87, 0x80,
  0x70, 0xF0, 0x0E, 0x1E, 0x01, 0xC3, 0xC0, 0x38, 0x78, 0x07, 0x0F, 0x00,
  0xE1, 0xE0, 0x1C, 0x3C, 0x03, 0x87, 0x80, 0x70, 0xF0, 0x0E, 0x1E, 0x01,
  0xC1, 0xC0, 0x38, 0x3C, 0x06, 0x07, 0x81, 0xC0, 0x7E, 0xF0, 0x03, 0xF8,
  0x00, 0x00, 0xE0, 0x00, 0x1E, 0x00, 0x07, 0xE0, 0x03, 0x86, 0x00, 0x20,
  0x40, 0x00, 0x00, 0x3F, 0xC3, 0xFF, 0xF8, 0x7F, 0x3C, 0x03, 0x87, 0x80,
  0x70, 0xF0, 0x0E, 0x1E, 0x01, 0xC3, 0xC0, 0x38, 0x78, 0x07, 0x0F, 0x00,
  0xE1, 0xE0, 0x1C, 0x3C, 0x03, 0x87, 0x80, 0x70, 0xF0, 0x0E, 0x1E, 0x01,
  0xC1, 0xC0, 0x38, 0x3C, 0x06, 0x07, 0x81, 0xC0, 0x7E, 0xF0, 0x03, 0xF8,
  0x00, 0x03, 0x08, 0x00, 0xF3, 0x80, 0x1E, 0x70, 0x01, 0xCE, 0x00, 0x00,
  0x00, 0x00, 0x00, 0x3F, 0xC3, 0xFF, 0xF8, 0x7F, 0x3C, 0x03, 0x87, 0x80,
  0x70, 0xF0, 0x0E, 0x1E, 0x01, 0xC3, 0xC0, 0x38, 0x78, 0x07, 0x0F, 0x00,
  0xE1, 0xE0, 0x1C, 0x3C, 0x03, 0x87, 0x80, 0x70, 0xF0, 0x0E, 0x1E, 0x01,
  0xC1, 0xC0, 0x38, 0x3C, 0x06, 0x07, 0x81, 0xC0, 0x7E, 0xF0, 0x03, 0xF8,
  0x00, 0x00, 0x20, 0x00, 0x3C, 0x00, 0x3C, 0x00, 0x38, 0x00, 0x08, 0x00,
  0x00, 0x03, 0xF8, 0x7F, 0xFC, 0x3F, 0x7C, 0x06, 0x1E, 0x07, 0x0F, 0x83,
  0x03, 0xC3, 0x01, 0xF1, 0x80, 0x79, 0x80, 0x1C, 0xC0, 0x0F, 0xC0, 0x03,
  0xE0, 0x01, 0xE0, 0x00, 0xF0, 0x00, 0x78, 0x00, 0x3C, 0x00, 0x1E, 0x00,
  0x0F, 0x00, 0x1F, 0xF0, 0x0F, 0xF8, 0x00, 0xFF, 0x01, 0xFE, 0x00, 0xF0,
  0x01, 0xE0, 0x03, 0xFF, 0x07, 0xFF, 0x8F, 0x0F, 0x9E, 0x0F, 0x3C, 0x1E,
  0x78, 0x3C, 0xF0, 0x79, 0xE0, 0xF3, 0xC3, 0xC7, 0xFF, 0x0F, 0xF8, 0x1E,
  0x00, 0x3C, 0x01, 0xFE, 0x03, 0xFC, 0x00, 0x03, 0xF0, 0x07, 0xFC, 0x0E,
  0x1C, 0x1C, 0x1C, 0x3C, 0x1C, 0x38, 0x38, 0x38, 0x30, 0x38, 0x70, 0x38,
  0xE0, 0x38, 0xF0, 0x38, 0xF8, 0x38, 0x7C, 0x38, 0x3E, 0x38, 0x1E, 0x38,
  0x1F, 0x38, 0x0F, 0x38, 0x0F, 0x38, 0x1E, 0xF8, 0xFE, 0xF8, 0xF8, 0x10,
  0x01, 0x80, 0x1E, 0x00, 0x78, 0x01, 0xE0, 0x07, 0x80, 0x08, 0x00, 0x00,
  0x00, 0x01, 0xFE, 0x3F, 0xF8, 0x83, 0xC0, 0x0E, 0x00, 0x70, 0x0F, 0x87,
  0xFC, 0x78, 0xE7, 0x87, 0x38, 0x39, 0xC1, 0xCF, 0x1E, 0x7F, 0xFD, 0xFB,
  0xE0, 0x00, 0x80, 0x06, 0x00, 0x78, 0x07, 0x80, 0x78, 0x07, 0x80, 0x10,
  0x00, 0x00, 0x00, 0x01, 0xFE, 0x3F, 0xF8, 0x83, 0xC0, 0x0E, 0x00, 0x70,
  0x0F, 0x87, 0xFC, 0x78, 0xE7, 0x87, 0x38, 0x39, 0xC1, 0xCF, 0x1E, 0x7F,
  0xFD, 0xFB, 0xE0, 0x07, 0x00, 0x78, 0x07, 0xE0, 0x33, 0x83, 0x0C, 0x30,
  0x30, 0x00, 0x00, 0x00, 0x3F, 0xC7, 0xFF, 0x10, 0x78, 0x01, 0xC0, 0x0E,
  0x01, 0xF0, 0xFF, 0x8F, 0x1C, 0xF0, 0xE7, 0x07, 0x38, 0x39, 0xE3, 0xCF,
  0xFF, 0xBF, 0x7C, 0x1C, 0x61, 0xF6, 0x19, 0xF0, 0x47, 0x00, 0x00, 0x00,
  0x00, 0xFF, 0x1F, 0xFC, 0x41, 0xE0, 0x07, 0x00, 0x38, 0x07, 0xC3, 0xFE,
  0x3C, 0x73, 0xC3, 0x9C, 0x1C, 0xE0, 0xE7, 0x8F, 0x3F, 0xFE, 0xFD, 0xF0,
  0x10, 0x43, 0xCF, 0x1E, 0x78, 0xF3, 0xC2, 0x08, 0x00, 0x00, 0x00, 0x07,
  0xF8, 0xFF, 0xE2, 0x0F, 0x00, 0x38, 0x01, 0xC0, 0x3E, 0x1F, 0xF1, 0xE3,
  0x9E, 0x1C, 0xE0, 0xE7, 0x07, 0x3C, 0x79, 0xFF, 0xF7, 0xEF, 0x80, 0x0F,
  0x00, 0xFC, 0x0C, 0x60, 0x61, 0x03, 0x18, 0x0F, 0xC0, 0x18, 0x00, 0x00,
  0x3F, 0xC7, 0xFF, 0x10, 0x78, 0x01, 0xC0, 0x0E, 0x01, 0xF0, 0xFF, 0x8F,
  0x1C, 0xF0, 0xE7, 0x07, 0x38, 0x39, 0xE3, 0xCF, 0xFF, 0xBF, 0x7C, 0x00,
  0x02, 0x03, 0xF9, 0xFC, 0xFF, 0xF9, 0xE4, 0x1F, 0x0F, 0x00, 0xF0, 0xF0,
  0x0E, 0x0F, 0x03, 0xE0, 0xF3, 0xFF, 0xFF, 0x78, 0xE0, 0x0F, 0x0F, 0x00,
  0xE0, 0xF0, 0x0E, 0x0F, 0x00, 0xF1, 0xF8, 0x2F, 0xF3, 0xFF, 0x7E, 0x1F,
  0xC0, 0x03, 0x03, 0xFC, 0xE3, 0xB8, 0x7F, 0x0F, 0xE0, 0xFC, 0x07, 0x80,
  0xF0, 0x1E, 0x03, 0xC0, 0x78, 0x07, 0x82, 0x7F, 0xC7, 0xF0, 0x10, 0x03,
  0x00, 0x60, 0x0E, 0x0F, 0x81, 0xF0, 0x08, 0x01, 0x80, 0x3C, 0x01, 0xE0,
  0x0F, 0x00, 0x78, 0x01, 0x00, 0x00, 0x02, 0x01, 0xFC, 0x39, 0xE7, 0x0F,
  0xF0, 0xFF, 0x0F, 0xF0, 0xFF, 0xFF, 0xF0, 0x0F, 0x00, 0xF0, 0x0F, 0x00,
  0x78, 0x23, 0xFF, 0x1F, 0xC0, 0x00, 0x80, 0x0C, 0x01, 0xE0, 0x3C, 0x07,
  0x80, 0xF0, 0x04, 0x00, 0x00, 0x02, 0x01, 0xFC, 0x39, 0xE7, 0x0F, 0xF0,
  0xFF, 0x0F, 0xF0, 0xFF, 0xFF, 0xF0, 0x0F, 0x00, 0xF0, 0x0F, 0x00, 0x78,
  0x23, 0xFF, 0x1F, 0xC0, 0x07, 0x00, 0xF0, 0x1F, 0x81, 0x9C, 0x30, 0xC6,
  0x06, 0x00, 0x00, 0x20, 0x1F, 0xC3, 0x9E, 0x70, 0xFF, 0x0F, 0xF0, 0xFF,
  0x0F, 0xFF, 0xFF, 0x00, 0xF0, 0x0F, 0x00, 0xF0, 0x07, 0x82, 0x3F, 0xF1,
  0xFC, 0x10, 0x47, 0x9E, 0x79, 0xE7, 0x9E, 0x20, 0x80, 0x00, 0x02, 0x01,
  0xFC, 0x39, 0xE7, 0x0F, 0xF0, 0xFF, 0x0F, 0xF0, 0xFF, 0xFF, 0xF0, 0x0F,
  0x00, 0xF0, 0x0F, 0x00, 0x78, 0x23, 0xFF, 0x1F, 0xC0, 0x20, 0x60, 0xF0,
  0x78, 0x3C, 0x1E, 0x04, 0x00, 0x00, 0x7C, 0x7C, 0x1C, 0x1C, 0x1C, 0x1C,
  0x1C, 0x1C, 0x1C, 0x1C, 0x1C, 0x1C, 0x7F, 0x7F, 0x04, 0x06, 0x0F, 0x1E,
  0x3C, 0x78, 0x20, 0x00, 0x00, 0xF8, 0xF8, 0x38, 0x38, 0x38, 0x38, 0x38,
  0x38, 0x38, 0x38, 0x38, 0x38, 0xFE, 0xFE, 0x0E, 0x07, 0x83, 0xF0, 0xCE,
  0x61, 0xB0, 0x30, 0x00, 0x00, 0x3E, 0x0F, 0x80, 0xE0, 0x38, 0x0E, 0x03,
  0x80, 0xE0, 0x38, 0x0E, 0x03, 0x80, 0xE0, 0x38, 0x3F, 0x8F, 0xE0, 0x20,
  0xBC, 0xFF, 0x3F, 0xCF, 0x41, 0x00, 0x00, 0x00, 0xF8, 0x3E, 0x03, 0x80,
  0xE0, 0x38, 0x0E, 0x03, 0x80, 0xE0, 0x38, 0x0E, 0x03, 0x80, 0xE0, 0xFE,
  0x3F, 0x80, 0x43, 0x03, 0xD8, 0x0F, 0x80, 0x1E, 0x01, 0xF8, 0x1C, 0xE0,
  0x03, 0x80, 0x1E, 0x02, 0x70, 0xFF, 0x8E, 0x1E, 0xF0, 0xFF, 0x07, 0xF8,
  0x3F, 0xC1, 0xFE, 0x0F, 0xF0, 0x7F, 0x83, 0xFC, 0x1F, 0xE0, 0xE7, 0x8F,
  0x1E, 0xF0, 0x7F, 0x00, 0x07, 0x18, 0x0F, 0xB0, 0x19, 0xF0, 0x08, 0xE0,
  0x00, 0x00, 0x00, 0x00, 0xFB, 0xF8, 0xFF, 0xFC, 0x3C, 0x3C, 0x38, 0x3C,
  0x38, 0x1C, 0x38, 0x1C, 0x38, 0x1C, 0x38, 0x1C, 0x38, 0x1C, 0x38, 0x1C,
  0x38, 0x1C, 0x38, 0x1C, 0xFE, 0x7F, 0xFE, 0x7F, 0x08, 0x00, 0xC0, 0x0F,
  0x00, 0x3C, 0x00, 0xF0, 0x03, 0xC0, 0x04, 0x00, 0x00, 0x02, 0x00, 0xFF,
  0x0E, 0x3C, 0xE0, 0xEF, 0x07, 0xF8, 0x3F, 0xC1, 0xFE, 0x07, 0xF0, 0x3F,
  0x83, 0xFC, 0x1F, 0xE0, 0xF7, 0x87, 0x1E, 0xF0, 0x7F, 0x00, 0x00, 0x40,
  0x03, 0x00, 0x3C, 0x03, 0xC0, 0x3C, 0x03, 0xC0, 0x08, 0x00, 0x00, 0x02,
  0x00, 0xFF, 0x0E, 0x3C, 0xE0, 0xEF, 0x07, 0xF8, 0x3F, 0xC1, 0xFE, 0x07,
  0xF0, 0x3F, 0x83, 0xFC, 0x1F, 0xE0, 0xF7, 0x87, 0x1E, 0xF0, 0x7F, 0x00,
  0x07, 0x00, 0x78, 0x07, 0xE0, 0x33, 0x83, 0x0C, 0x30, 0x30, 0x00, 0x00,
  0x40, 0x1F, 0xE1, 0xC7, 0x9C, 0x1D, 0xE0, 0xFF, 0x07, 0xF8, 0x3F, 0xC0,
  0xFE, 0x07, 0xF0, 0x7F, 0x83, 0xFC, 0x1E, 0xF0, 0xE3, 0xDE, 0x0F, 0xE0,
  0x0E, 0x30, 0xFB, 0x0C, 0xF8, 0x23, 0x80, 0x00, 0x01, 0x00, 0x7F, 0x87,
  0x1E, 0x70, 0x77, 0x83, 0xFC, 0x1F, 0xE0, 0xFF, 0x03, 0xF8, 0x1F, 0xC1,
  0xFE, 0x0F, 0xF0, 0x7B, 0xC3, 0x8F, 0x78, 0x3F, 0x80, 0x08, 0x21, 0xE7,
  0x8F, 0x3C, 0x79, 0xE1, 0x04, 0x00, 0x00, 0x08, 0x03, 0xFC, 0x38, 0xF3,
  0x83, 0xBC, 0x1F, 0xE0, 0xFF, 0x07, 0xF8, 0x1F, 0xC0, 0xFE, 0x0F, 0xF0,
  0x7F, 0x83, 0xDE, 0x1C, 0x7B, 0xC1, 0xFC, 0x00, 0x04, 0x01, 0xE0, 0x3C,
  0x07, 0x00, 0x00, 0x00, 0x00, 0x07, 0xFF, 0xFF, 0xE0, 0x00, 0x00, 0x03,
  0x00, 0xE0, 0x3E, 0x03, 0x80, 0x00, 0x20, 0x13, 0x07, 0xF8, 0x71, 0xE7,
  0x0F, 0x78, 0x7F, 0xC5, 0xFE, 0x2F, 0xF2, 0x7F, 0x93, 0xFD, 0x1F, 0xE8,
  0xFF, 0xC7, 0xBC, 0x38, 0xF7, 0x83, 0xF8, 0x30, 0x01, 0x00, 0x00, 0x08,
  0x00, 0x60, 0x03, 0xC0, 0x07, 0x80, 0x0F, 0x00, 0x1E, 0x00, 0x10, 0x00,
  0x00, 0x00, 0x03, 0xE3, 0xEF, 0x87, 0x9E, 0x1E, 0x78, 0x79, 0xE1, 0xE7,
  0x87, 0x9E, 0x1E, 0x78, 0x79, 0xE1, 0xE7, 0x87, 0x9E, 0x1E, 0x78, 0x78,
  0xFF, 0xF3, 0xF3, 0xC0, 0x00, 0x40, 0x01, 0x80, 0x0F, 0x00, 0x78, 0x03,
  0xC0, 0x1E, 0x00, 0x20, 0x00, 0x00, 0x00, 0x03, 0xE3, 0xEF, 0x87, 0x9E,
  0x1E, 0x78, 0x79, 0xE1, 0xE7, 0x87, 0x9E, 0x1E, 0x78, 0x79, 0xE1, 0xE7,
  0x87, 0x9E, 0x1E, 0x78, 0x78, 0xFF, 0xF3, 0xF3, 0xC0, 0x03, 0x80, 0x1E,
  0x00, 0xFC, 0x03, 0x38, 0x18, 0x60, 0xC0, 0xC0, 0x00, 0x00, 0x00, 0xF8,
  0xFB, 0xE1, 0xE7, 0x87, 0x9E, 0x1E, 0x78, 0x79, 0xE1, 0xE7, 0x87, 0x9E,
  0x1E, 0x78, 0x79, 0xE1, 0xE7, 0x87, 0x9E, 0x1E, 0x3F, 0xFC, 0xFC, 0xF0,
  0x08, 0x20, 0xF3, 0xC3, 0xCF, 0x0F, 0x3C, 0x10, 0x40, 0x00, 0x00, 0x00,
  0x3E, 0x3E, 0xF8, 0x79, 0xE1, 0xE7, 0x87, 0x9E, 0x1E, 0x78, 0x79, 0xE1,
  0xE7, 0x87, 0x9E, 0x1E, 0x78, 0x79, 0xE1, 0xE7, 0x87, 0x8F, 0xFF, 0x3F,
  0x3C, 0x00, 0x20, 0x00, 0x60, 0x01, 0xE0, 0x07, 0x80, 0x1E, 0x00, 0x78,
  0x00, 0x40, 0x00, 0x00, 0x00, 0x01, 0xFC, 0x7D, 0xF0, 0xF3, 0xC0, 0xE3,
  0xC1, 0x87, 0x87, 0x07, 0x0E, 0x0F, 0x18, 0x1E, 0x70, 0x1C, 0xE0, 0x3D,
  0x80, 0x3B, 0x00, 0x7E, 0x00, 0xF8, 0x00, 0xF0, 0x00, 0xC0, 0x01, 0x80,
  0x07, 0x00, 0x9C, 0x01, 0xF8, 0x03, 0xE0, 0x00, 0x38, 0x01, 0xF0, 0x00,
  0xE0, 0x01, 0xC0, 0x03, 0x80, 0x07, 0x00, 0x0E, 0x10, 0x1D, 0xFC, 0x3F,
  0xFC, 0x78, 0x78, 0xE0, 0xF1, 0xC0, 0xF3, 0x81, 0xE7, 0x03, 0xCE, 0x07,
  0x9C, 0x0F, 0x38, 0x1C, 0x70, 0x78, 0xE0, 0xE1, 0xE3, 0x83, 0xFE, 0x07,
  0x00, 0x0E, 0x00, 0x1C, 0x00, 0x38, 0x00, 0x78, 0x03, 0xFC, 0x00, 0x04,
  0x10, 0x3C, 0xF0, 0x79, 0xE0, 0xF3, 0xC0, 0x82, 0x00, 0x00, 0x00, 0x00,
  0x7F, 0x1F, 0x7C, 0x3C, 0xF0, 0x38, 0xF0, 0x61, 0xE1, 0xC1, 0xC3, 0x83,
  0xC6, 0x07, 0x9C, 0x07, 0x38, 0x0F, 0x60, 0x0E, 0xC0, 0x1F, 0x80, 0x3E,
  0x00, 0x3C, 0x00, 0x30, 0x00, 0x60, 0x01, 0xC0, 0x27, 0x00, 0x7E, 0x00,
  0xF8, 0x00 };

const GFXglyph Merriweather_Bold13pt8bGlyphs[] PROGMEM = {
  {     0,   1,   1,   6,    0,    0 },   // 0x20 ' '
  {     1,   4,  23,   8,    2,  -22 },   // 0x21 '!'
  {    13,  10,   9,  13,    2,  -20 },   // 0x22 '"'
  {    25,  15,  20,  18,    2,  -19 },   // 0x23 '#'
  {    63,  13,  25,  17,    2,  -21 },   // 0x24 '$'
  {   104,  25,  19,  27,    1,  -18 },   // 0x25 '%'
  {   164,  18,  19,  19,    1,  -18 },   // 0x26 '&'
  {   207,   5,   9,   8,    2,  -20 },   // 0x27 '''
  {   213,   8,  26,  11,    1,  -20 },   // 0x28 '('
  {   239,   8,  26,  11,    2,  -20 },   // 0x29 ')'
  {   265,  13,  13,  17,    2,  -20 },   // 0x2A '*'
  {   287,  11,  12,  17,    3,  -13 },   // 0x2B '+'
  {   304,   5,  10,   7,    1,   -3 },   // 0x2C ','
  {   311,  10,   2,  15,    2,   -8 },   // 0x2D '-'
  {   314,   5,   4,   7,    1,   -3 },   // 0x2E '.'
  {   317,   8,  25,  10,    1,  -19 },   // 0x2F '/'
  {   342,  15,  19,  17,    1,  -18 },   // 0x30 '0'
  {   378,  10,  19,  12,    1,  -18 },   // 0x31 '1'
  {   402,  13,  19,  15,    1,  -18 },   // 0x32 '2'
  {   433,  12,  19,  15,    1,  -18 },   // 0x33 '3'
  {   462,  15,  19,  16,    1,  -18 },   // 0x34 '4'
  {   498,  13,  19,  15,    1,  -18 },   // 0x35 '5'
  {   529,  14,  20,  16,    1,  -19 },   // 0x36 '6'
  {   564,  14,  19,  15,    1,  -18 },   // 0x37 '7'
  {   598,  14,  19,  16,    1,  -18 },   // 0x38 '8'
  {   632,  14,  20,  16,    1,  -18 },   // 0x39 '9'
  {   667,   5,  14,   7,    1,  -13 },   // 0x3A ':'
  {   676,   5,  20,   7,    1,  -13 },   // 0x3B ';'
  {   689,  12,  14,  17,    2,  -13 },   // 0x3C '<'
  {   710,  11,   9,  17,    3,  -12 },   // 0x3D '='
  {   723,  12,  14,  17,    3,  -14 },   // 0x3E '>'
  {   744,  11,  23,  12,    1,  -22 },   // 0x3F '?'
  {   776,  23,  27,  27,    2,  -19 },   // 0x40 '@'
  {   854,  18,  19,  18,    0,  -18 },   // 0x41 'A'
  {   897,  16,  19,  18,    1,  -18 },   // 0x42 'B'
  {   935,  16,  19,  17,    0,  -18 },   // 0x43 'C'
  {   973,  18,  19,  19,    1,  -18 },   // 0x44 'D'
  {  1016,  15,  19,  17,    1,  -18 },   // 0x45 'E'
  {  1052,  14,  19,  16,    1,  -18 },   // 0x46 'F'
  {  1086,  17,  19,  19,    1,  -18 },   // 0x47 'G'
  {  1127,  19,  19,  21,    1,  -18 },   // 0x48 'H'
  {  1173,   8,  19,  10,    1,  -18 },   // 0x49 'I'
  {  1192,   9,  24,  10,    0,  -18 },   // 0x4A 'J'
  {  1219,  18,  19,  19,    1,  -18 },   // 0x4B 'K'
  {  1262,  15,  19,  16,    1,  -18 },   // 0x4C 'L'
  {  1298,  26,  19,  26,    0,  -18 },   // 0x4D 'M'
  {  1360,  19,  19,  20,    1,  -18 },   // 0x4E 'N'
  {  1406,  17,  19,  19,    1,  -18 },   // 0x4F 'O'
  {  1447,  15,  19,  17,    1,  -18 },   // 0x50 'P'
  {  1483,  20,  24,  19,    1,  -18 },   // 0x51 'Q'
  {  1543,  17,  19,  18,    1,  -18 },   // 0x52 'R'
  {  1584,  14,  19,  15,    1,  -18 },   // 0x53 'S'
  {  1618,  17,  19,  18,    1,  -18 },   // 0x54 'T'
  {  1659,  19,  19,  19,    0,  -18 },   // 0x55 'U'
  {  1705,  19,  19,  17,   -1,  -18 },   // 0x56 'V'
  {  1751,  26,  19,  26,    0,  -18 },   // 0x57 'W'
  {  1813,  18,  19,  18,    0,  -18 },   // 0x58 'X'
  {  1856,  17,  19,  17,    0,  -18 },   // 0x59 'Y'
  {  1897,  16,  19,  17,    0,  -18 },   // 0x5A 'Z'
  {  1935,   7,  23,  11,    2,  -19 },   // 0x5B '['
  {  1956,   9,  25,  11,    1,  -19 },   // 0x5C '\'
  {  1985,   6,  23,  11,    3,  -19 },   // 0x5D ']'
  {  2003,  13,  16,  17,    2,  -18 },   // 0x5E '^'
  {  2029,  13,   1,  13,    0,    2 },   // 0x5F '_'
  {  2031,   7,   7,  11,    2,  -22 },   // 0x60 '`'
  {  2038,  13,  14,  14,    1,  -13 },   // 0x61 'a'
  {  2061,  15,  21,  16,    0,  -20 },   // 0x62 'b'
  {  2101,  11,  15,  13,    1,  -14 },   // 0x63 'c'
  {  2122,  14,  21,  16,    1,  -20 },   // 0x64 'd'
  {  2159,  12,  15,  14,    1,  -14 },   // 0x65 'e'
  {  2182,  10,  21,  10,    1,  -20 },   // 0x66 'f'
  {  2209,  15,  22,  16,    1,  -14 },   // 0x67 'g'
  {  2251,  17,  21,  17,    0,  -20 },   // 0x68 'h'
  {  2296,   7,  21,   9,    1,  -20 },   // 0x69 'i'
  {  2315,   7,  27,   9,    0,  -20 },   // 0x6A 'j'
  {  2339,  16,  21,  16,    0,  -20 },   // 0x6B 'k'
  {  2381,   8,  21,   8,    0,  -20 },   // 0x6C 'l'
  {  2402,  24,  14,  26,    1,  -13 },   // 0x6D 'm'
  {  2444,  16,  14,  17,    1,  -13 },   // 0x6E 'n'
  {  2472,  13,  15,  15,    1,  -14 },   // 0x6F 'o'
  {  2497,  14,  21,  16,    1,  -14 },   // 0x70 'p'
  {  2534,  14,  21,  15,    1,  -14 },   // 0x71 'q'
  {  2571,  10,  14,  12,    1,  -13 },   // 0x72 'r'
  {  2589,  11,  14,  13,    1,  -13 },   // 0x73 's'
  {  2609,  10,  18,  10,    0,  -17 },   // 0x74 't'
  {  2632,  14,  14,  16,    1,  -13 },   // 0x75 'u'
  {  2657,  15,  14,  15,    0,  -13 },   // 0x76 'v'
  {  2684,  22,  14,  22,    0,  -13 },   // 0x77 'w'
  {  2723,  15,  14,  16,    0,  -13 },   // 0x78 'x'
  {  2750,  15,  20,  15,    0,  -13 },   // 0x79 'y'
  {  2788,  12,  14,  14,    1,  -13 },   // 0x7A 'z'
  {  2809,  10,  25,  13,    2,  -20 },   // 0x7B '{'
  {  2841,   3,  24,  11,    4,  -21 },   // 0x7C '|'
  {  2850,  10,  25,  13,    2,  -20 },   // 0x7D '}'
  {  2882,  13,   5,  17,    2,   -9 },   // 0x7E '~'
  {  2891,  18,  18,  22,    2,  -17 },   // 0x7F
  {  2932,  18,  18,  22,    2,  -17 },   // 0x80
  {  2973,  18,  18,  22,    2,  -17 },   // 0x81
  {  3014,  18,  18,  22,    2,  -17 },   // 0x82
  {  3055,  18,  18,  22,    2,  -17 },   // 0x83
  {  3096,  18,  18,  22,    2,  -17 },   // 0x84
  {  3137,  18,  18,  22,    2,  -17 },   // 0x85
  {  3178,  18,  18,  22,    2,  -17 },   // 0x86
  {  3219,  18,  18,  22,    2,  -17 },   // 0x87
  {  3260,  18,  18,  22,    2,  -17 },   // 0x88
  {  3301,  18,  18,  22,    2,  -17 },   // 0x89
  {  3342,  18,  18,  22,    2,  -17 },   // 0x8A
  {  3383,  18,  18,  22,    2,  -17 },   // 0x8B
  {  3424,  18,  18,  22,    2,  -17 },   // 0x8C
  {  3465,  18,  18,  22,    2,  -17 },   // 0x8D
  {  3506,  18,  18,  22,    2,  -17 },   // 0x8E
  {  3547,  18,  18,  22,    2,  -17 },   // 0x8F
  {  3588,  18,  18,  22,    2,  -17 },   // 0x90
  {  3629,  18,  18,  22,    2,  -17 },   // 0x91
  {  3670,  18,  18,  22,    2,  -17 },   // 0x92
  {  3711,  18,  18,  22,    2,  -17 },   // 0x93
  {  3752,  18,  18,  22,    2,  -17 },   // 0x94
  {  3793,  18,  18,  22,    2,  -17 },   // 0x95
  {  3834,  18,  18,  22,    2,  -17 },   // 0x96
  {  3875,  18,  18,  22,    2,  -17 },   // 0x97
  {  3916,  18,  18,  22,    2,  -17 },   // 0x98
  {  3957,  18,  18,  22,    2,  -17 },   // 0x99
  {  3998,  18,  18,  22,    2,  -17 },   // 0x9A
  {  4039,  18,  18,  22,    2,  -17 },   // 0x9B
  {  4080,  18,  18,  22,    2,  -17 },   // 0x9C
  {  4121,  18,  18,  22,    2,  -17 },   // 0x9D
  {  4162,  18,  18,  22,    2,  -17 },   // 0x9E
  {  4203,  18,  18,  22,    2,  -17 },   // 0x9F
  {  4244,   1,   1,   6,    0,    0 },   // 0xA0
  {  4245,   4,  23,   8,    2,  -18 },   // 0xA1
  {  4257,  11,  20,  15,    2,  -16 },   // 0xA2
  {  4285,  17,  19,  20,    1,  -18 },   // 0xA3
  {  4326,  15,  15,  19,    2,  -16 },   // 0xA4
  {  4355,  18,  19,  20,    1,  -18 },   // 0xA5
  {  4398,   3,  24,  11,    4,  -21 },   // 0xA6
  {  4407,  13,  24,  17,    2,  -20 },   // 0xA7
  {  4446,  10,   5,  14,    2,  -20 },   // 0xA8
  {  4453,  22,  21,  26,    2,  -22 },   // 0xA9
  {  4511,  11,  12,  12,    1,  -19 },   // 0xAA
  {  4528,  14,  13,  18,    2,  -13 },   // 0xAB
  {  4551,  13,   7,  17,    2,   -7 },   // 0xAC
  {  4563,  18,  18,  22,    2,  -17 },   // 0xAD
  {  4604,  22,  21,  26,    2,  -22 },   // 0xAE
  {  4662,   8,   2,  13,    2,  -18 },   // 0xAF
  {  4664,   9,   9,  12,    2,  -20 },   // 0xB0
  {  4675,  12,  14,  16,    2,  -13 },   // 0xB1
  {  4696,  10,  12,  11,    0,  -22 },   // 0xB2
  {  4711,   9,  12,  10,    0,  -22 },   // 0xB3
  {  4725,   7,   7,  11,    2,  -22 },   // 0xB4
  {  4732,  14,  19,  16,    1,  -13 },   // 0xB5
  {  4766,  16,  21,  20,    2,  -20 },   // 0xB6
  {  4808,   4,   4,   4,    0,  -11 },   // 0xB7
  {  4810,   6,   6,  10,    2,    1 },   // 0xB8
  {  4815,   8,  12,   8,    0,  -22 },   // 0xB9
  {  4827,  11,  11,  13,    1,  -19 },   // 0xBA
  {  4843,  14,  13,  18,    2,  -13 },   // 0xBB
  {  4866,  22,  22,  23,    0,  -20 },   // 0xBC
  {  4927,  23,  22,  24,    0,  -20 },   // 0xBD
  {  4991,  24,  22,  24,    0,  -20 },   // 0xBE
  {  5057,  11,  23,  12,    1,  -18 },   // 0xBF
  {  5089,  18,  25,  18,    0,  -24 },   // 0xC0
  {  5146,  18,  25,  18,    0,  -24 },   // 0xC1
  {  5203,  18,  25,  18,    0,  -24 },   // 0xC2
  {  5260,  18,  24,  18,    0,  -23 },   // 0xC3
  {  5314,  18,  25,  18,    0,  -24 },   // 0xC4
  {  5371,  18,  27,  18,    0,  -26 },   // 0xC5
  {  5432,  25,  19,  25,   -1,  -18 },   // 0xC6
  {  5492,  16,  25,  17,    0,  -18 },   // 0xC7
  {  5542,  15,  25,  17,    1,  -24 },   // 0xC8
  {  5589,  15,  25,  17,    1,  -24 },   // 0xC9
  {  5636,  15,  25,  17,    1,  -24 },   // 0xCA
  {  5683,  15,  25,  17,    1,  -24 },   // 0xCB
  {  5730,   8,  25,  10,    1,  -24 },   // 0xCC
  {  5755,   9,  25,  10,    1,  -24 },   // 0xCD
  {  5784,   9,  25,  10,    0,  -24 },   // 0xCE
  {  5813,   9,  25,  10,    0,  -24 },   // 0xCF
  {  5842,  18,  19,  19,    1,  -18 },   // 0xD0
  {  5885,  19,  24,  20,    1,  -23 },   // 0xD1
  {  5942,  17,  25,  19,    1,  -24 },   // 0xD2
  {  5996,  17,  25,  19,    1,  -24 },   // 0xD3
  {  6050,  17,  25,  19,    1,  -24 },   // 0xD4
  {  6104,  17,  24,  19,    1,  -23 },   // 0xD5
  {  6155,  17,  25,  19,    1,  -24 },   // 0xD6
  {  6209,  11,  12,  17,    3,  -13 },   // 0xD7
  {  6226,  17,  24,  19,    1,  -20 },   // 0xD8
  {  6277,  19,  25,  19,    0,  -24 },   // 0xD9
  {  6337,  19,  25,  19,    0,  -24 },   // 0xDA
  {  6397,  19,  25,  19,    0,  -24 },   // 0xDB
  {  6457,  19,  25,  19,    0,  -24 },   // 0xDC
  {  6517,  17,  25,  17,    0,  -24 },   // 0xDD
  {  6571,  15,  19,  17,    1,  -18 },   // 0xDE
  {  6607,  16,  20,  16,    0,  -19 },   // 0xDF
  {  6647,  13,  23,  14,    1,  -22 },   // 0xE0
  {  6685,  13,  23,  14,    1,  -22 },   // 0xE1
  {  6723,  13,  22,  14,    1,  -21 },   // 0xE2
  {  6759,  13,  20,  14,    1,  -19 },   // 0xE3
  {  6792,  13,  21,  14,    1,  -20 },   // 0xE4
  {  6827,  13,  22,  14,    1,  -21 },   // 0xE5
  {  6863,  20,  15,  22,    1,  -14 },   // 0xE6
  {  6901,  11,  21,  13,    1,  -14 },   // 0xE7
  {  6930,  12,  23,  14,    1,  -22 },   // 0xE8
  {  6965,  12,  23,  14,    1,  -22 },   // 0xE9
  {  7000,  12,  22,  14,    1,  -21 },   // 0xEA
  {  7033,  12,  21,  14,    1,  -20 },   // 0xEB
  {  7065,   8,  23,   9,    0,  -22 },   // 0xEC
  {  7088,   8,  23,   9,    1,  -22 },   // 0xED
  {  7111,  10,  22,   9,   -1,  -21 },   // 0xEE
  {  7139,  10,  21,   9,   -1,  -20 },   // 0xEF
  {  7166,  13,  23,  15,    1,  -22 },   // 0xF0
  {  7204,  16,  20,  17,    1,  -19 },   // 0xF1
  {  7244,  13,  23,  15,    1,  -22 },   // 0xF2
  {  7282,  13,  23,  15,    1,  -22 },   // 0xF3
  {  7320,  13,  22,  15,    1,  -21 },   // 0xF4
  {  7356,  13,  20,  15,    1,  -19 },   // 0xF5
  {  7389,  13,  21,  15,    1,  -20 },   // 0xF6
  {  7424,  11,  15,  17,    3,  -15 },   // 0xF7
  {  7445,  13,  18,  15,    1,  -15 },   // 0xF8
  {  7475,  14,  23,  16,    1,  -22 },   // 0xF9
  {  7516,  14,  23,  16,    1,  -22 },   // 0xFA
  {  7557,  14,  22,  16,    1,  -21 },   // 0xFB
  {  7596,  14,  21,  16,    1,  -20 },   // 0xFC
  {  7633,  15,  29,  15,    0,  -22 },   // 0xFD
  {  7688,  15,  27,  16,    0,  -20 },   // 0xFE
  {  7739,  15,  27,  15,    0,  -20 } }; // 0xFF

const GFXfont Merriweather_Bold13pt8b PROGMEM = {
  (uint8_t  *)Merriweather_Bold13pt8bBitmaps,
  (GFXglyph *)Merriweather_Bold13pt8bGlyphs,
  0x20, 0xFF, 32 };

// Approx. 9365 bytes

const uint8_t Merriweather_Bold14pt8bBitmaps[] PROGMEM = {
  0x00, 0xFF, 0xFF, 0xFF, 0xFF, 0xFF, 0xFE, 0x66, 0x66, 0x60, 0x00, 0x7F,
  0xFF, 0x79, 0xEF, 0x3D, 0xE7, 0xB8, 0xE7, 0x1C, 0xE3, 0x98, 0x63, 0x0C,
  0xE3, 0x98, 0x60, 0x06, 0x0C, 0x06, 0x08, 0x06, 0x18, 0x06, 0x18, 0x04,
  0x18, 0x04, 0x18, 0x7F, 0xFF, 0x7F, 0xFF, 0x0C, 0x30, 0x0C, 0x30, 0x08,
  0x30, 0x08, 0x30, 0x18, 0x20, 0xFF, 0xFE, 0xFF, 0xFE, 0x18, 0x60, 0x10,
  0x60, 0x10, 0x60, 0x30, 0x60, 0x30, 0x40, 0x30, 0x40, 0x03, 0x00, 0x0C,
  0x00, 0x30, 0x00, 0xE0, 0x1F, 0xF8, 0xF0, 0xE7, 0x83, 0x9C, 0x0E, 0x70,
  0x19, 0xE0, 0x07, 0xC0, 0x1F, 0x80, 0x3F, 0x80, 0x7F, 0x80, 0x7F, 0x00,
  0xFE, 0x00, 0xFC, 0x01, 0xF6, 0x03, 0xD8, 0x0F, 0xE0, 0x3F, 0xC0, 0xEF,
  0xDF, 0x8F, 0xF8, 0x03, 0x00, 0x0C, 0x00, 0x30, 0x00, 0x00, 0x00, 0x60,
  0x03, 0xF0, 0x1C, 0x00, 0xE7, 0x03, 0x00, 0x38, 0xF0, 0xE0, 0x07, 0x0E,
  0x18, 0x01, 0xE1, 0xC7, 0x00, 0x3C, 0x38, 0xE0, 0x07, 0x87, 0x18, 0x00,
  0x70, 0xE7, 0x00, 0x0E, 0x38, 0xC3, 0xE0, 0xEF, 0x38, 0xFF, 0x0F, 0xC6,
  0x38, 0xE0, 0x01, 0xCE, 0x1E, 0x00, 0x39, 0xC1, 0xC0, 0x06, 0x38, 0x38,
  0x01, 0xC7, 0x07, 0x00, 0x30, 0xE1, 0xE0, 0x0E, 0x0E, 0x38, 0x01, 0x81,
  0xC7, 0x00, 0x70, 0x1F, 0xC0, 0x0E, 0x00, 0xC0, 0x01, 0xC0, 0x00, 0xFF,
  0x00, 0x1E, 0x38, 0x01, 0xC3, 0x80, 0x3C, 0x3C, 0x03, 0xC3, 0x80, 0x3C,
  0x38, 0x01, 0xE7, 0x80, 0x1E, 0x70, 0x00, 0xFC, 0x00, 0x0F, 0x87, 0xF1,
  0xFC, 0x7F, 0x3B, 0xC1, 0xC7, 0x1E, 0x18, 0xF0, 0xF1, 0x8F, 0x0F, 0xB8,
  0xF0, 0x7F, 0x0F, 0x03, 0xE0, 0x78, 0x1F, 0x83, 0xFF, 0xFE, 0x1F, 0xE3,
  0xE0, 0x7B, 0xDE, 0xE7, 0x39, 0x8C, 0xE6, 0x00, 0x02, 0x07, 0x0E, 0x1C,
  0x38, 0x38, 0x70, 0x70, 0xF0, 0xF0, 0xE0, 0xE0, 0xE0, 0xE0, 0xE0, 0xE0,
  0xE0, 0xE0, 0xF0, 0xF0, 0x70, 0x70, 0x38, 0x38, 0x1C, 0x0E, 0x07, 0x03,
  0x40, 0x70, 0x1C, 0x07, 0x01, 0xC0, 0xE0, 0x38, 0x1C, 0x0F, 0x07, 0x81,
  0xC0, 0xE0, 0x70, 0x3C, 0x1E, 0x0F, 0x07, 0x03, 0x81, 0xC1, 0xE0, 0xE0,
  0x70, 0x78, 0x38, 0x38, 0x18, 0x18, 0x18, 0x00, 0x07, 0x80, 0x1C, 0x04,
  0x30, 0x98, 0xC6, 0xF3, 0x3D, 0xEF, 0xE1, 0xFE, 0x01, 0xE0, 0x3F, 0xF3,
  0xED, 0xFF, 0x33, 0xD8, 0xC2, 0x03, 0x80, 0x0E, 0x00, 0x38, 0x00, 0x07,
  0x00, 0x70, 0x07, 0x00, 0x60, 0x06, 0x0F, 0xFF, 0xFF, 0xFE, 0x6F, 0x06,
  0x00, 0x70, 0x07, 0x00, 0x70, 0x07, 0x00, 0x73, 0xDE, 0xF3, 0x9C, 0xE6,
  0x77, 0x10, 0xFF, 0xFF, 0xFC, 0xFF, 0xFE, 0x03, 0x81, 0xC0, 0xE0, 0xE0,
  0x70, 0x38, 0x1C, 0x1C, 0x0E, 0x07, 0x03, 0x83, 0x81, 0xC0, 0xE0, 0x70,
  0x70, 0x38, 0x1C, 0x0E, 0x0E, 0x07, 0x03, 0x81, 0xC1, 0xC0, 0xE0, 0x70,
  0x00, 0x01, 0xC0, 0x0F, 0xF0, 0x1E, 0x38, 0x3C, 0x3C, 0x38, 0x1E, 0x78,
  0x1E, 0x78, 0x1E, 0x78, 0x1F, 0xF8, 0x1F, 0xF8, 0x1F, 0xF8, 0x1F, 0xF8,
  0x1F, 0xF8, 0x1F, 0xF8, 0x1F, 0x78, 0x1E, 0x78, 0x1E, 0x78, 0x1E, 0x3C,
  0x1C, 0x3C, 0x3C, 0x1E, 0x78, 0x0F, 0xE0, 0x02, 0x01, 0xE0, 0xFC, 0x7F,
  0x8E, 0xF0, 0x1E, 0x03, 0xC0, 0x78, 0x0F, 0x01, 0xE0, 0x3C, 0x07, 0x80,
  0xF0, 0x1E, 0x03, 0xC0, 0x78, 0x0F, 0x01, 0xE0, 0x3C, 0x3F, 0xF7, 0xFE,
  0x03, 0x00, 0xFF, 0x87, 0xFF, 0x38, 0x7C, 0xC0, 0xF8, 0x01, 0xE0, 0x07,
  0x80, 0x1E, 0x00, 0x78, 0x03, 0xC0, 0x0F, 0x00, 0x78, 0x01, 0xC0, 0x0F,
  0x00, 0x78, 0x03, 0xC0, 0x1E, 0x0C, 0xF0, 0x37, 0x0F, 0xFF, 0xFF, 0xFF,
  0xFC, 0x06, 0x01, 0xFF, 0x3F, 0xFD, 0x83, 0xE0, 0x0F, 0x00, 0x78, 0x03,
  0xC0, 0x3C, 0x03, 0xC0, 0x7C, 0x07, 0xE0, 0x27, 0xE0, 0x0F, 0x80, 0x3C,
  0x01, 0xE0, 0x0F, 0x00, 0xF8, 0x07, 0x80, 0x7D, 0xFF, 0xCF, 0xF8, 0x00,
  0x02, 0x00, 0x03, 0x80, 0x07, 0xC0, 0x07, 0xC0, 0x07, 0x80, 0x0F, 0x80,
  0x0F, 0x00, 0x1F, 0x00, 0x1E, 0x00, 0x1E, 0x38, 0x3C, 0x78, 0x38, 0x78,
  0x78, 0x78, 0x70, 0x78, 0xF0, 0x79, 0xFF, 0xFF, 0xFF, 0xFF, 0x00, 0x78,
  0x00, 0x78, 0x00, 0x78, 0x00, 0x78, 0x00, 0x33, 0xFF, 0x9F, 0xFC, 0xFF,
  0xCE, 0x00, 0x70, 0x03, 0x80, 0x1C, 0x00, 0xEF, 0x87, 0xFF, 0x3F, 0xFC,
  0x03, 0xE0, 0x0F, 0x00, 0x7C, 0x03, 0xC0, 0x1E, 0x00, 0xF0, 0x0F, 0x01,
  0xF1, 0xFF, 0x0F, 0xE0, 0x00, 0x00, 0x70, 0x03, 0xE0, 0x0F, 0x00, 0x78,
  0x00, 0xE0, 0x03, 0xC0, 0x0F, 0x00, 0x1E, 0x00, 0x7B, 0xF0, 0xFF, 0xF1,
  0xF1, 0xF7, 0xC1, 0xEF, 0x03, 0xFE, 0x03, 0xFC, 0x07, 0xB8, 0x0F, 0x78,
  0x1E, 0xF0, 0x78, 0xE0, 0xF0, 0xF3, 0xC0, 0xFF, 0x00, 0x7F, 0xFE, 0xFF,
  0xF9, 0xC0, 0x77, 0x01, 0xEE, 0x03, 0x9C, 0x07, 0x00, 0x1E, 0x00, 0x38,
  0x00, 0xF0, 0x01, 0xE0, 0x03, 0x80, 0x0F, 0x00, 0x1E, 0x00, 0x78, 0x00,
  0xF0, 0x03, 0xE0, 0x07, 0x80, 0x1F, 0x00, 0x3E, 0x00, 0xF8, 0x00, 0x03,
  0xC0, 0x3F, 0xE0, 0xF0, 0xE1, 0xC1, 0xE7, 0x81, 0xCF, 0x03, 0x9E, 0x07,
  0x3E, 0x1C, 0x3F, 0x30, 0x3F, 0xC0, 0x3F, 0x80, 0xFF, 0xC3, 0x9F, 0xCE,
  0x0F, 0x9C, 0x0F, 0xF8, 0x0F, 0xF0, 0x1F, 0xE0, 0x39, 0xE0, 0xF1, 0xF7,
  0xC1, 0xFE, 0x00, 0x03, 0x80, 0x3F, 0xC0, 0xF1, 0xE3, 0xC1, 0xC7, 0x03,
  0xDE, 0x07, 0xBC, 0x0F, 0x78, 0x1F, 0xF0, 0x3F, 0xE0, 0x7F, 0xE0, 0xFB,
  0xC3, 0xE3, 0xFF, 0xC3, 0xF7, 0x80, 0x1E, 0x00, 0x3C, 0x00, 0xF0, 0x01,
  0xE0, 0x07, 0x80, 0x1E, 0x00, 0xF0, 0x03, 0x80, 0x00, 0x7F, 0xFF, 0x00,
  0x00, 0x00, 0x0F, 0xFF, 0xF0, 0x73, 0xDE, 0xF0, 0x00, 0x00, 0x00, 0x00,
  0xE7, 0xBD, 0xE7, 0x39, 0xCC, 0xEE, 0x20, 0x00, 0x08, 0x01, 0xC0, 0x3E,
  0x07, 0xE0, 0xF8, 0x1F, 0x03, 0xE0, 0x1E, 0x00, 0x7C, 0x00, 0xF8, 0x01,
  0xF0, 0x03, 0xE0, 0x07, 0x80, 0x0C, 0x00, 0x20, 0xFF, 0xFF, 0xFF, 0xFF,
  0xF0, 0x00, 0x00, 0x00, 0x00, 0x00, 0x00, 0x00, 0xFF, 0xFF, 0xFF, 0x80,
  0x07, 0x00, 0x3E, 0x00, 0xF8, 0x01, 0xF0, 0x03, 0xE0, 0x07, 0xC0, 0x0F,
  0x00, 0xF8, 0x1F, 0x03, 0xE0, 0x7C, 0x0F, 0xC0, 0x78, 0x03, 0x00, 0x00,
  0x7E, 0x0F, 0xF8, 0xFF, 0xC0, 0x3E, 0x01, 0xE0, 0x0F, 0x00, 0xF0, 0x0F,
  0x00, 0xE0, 0x1E, 0x03, 0xC0, 0xF8, 0x1E, 0x03, 0xC0, 0x3C, 0x03, 0xC0,
  0x1C, 0x01, 0xC0, 0x00, 0x00, 0x00, 0x00, 0x01, 0xC0, 0x3E, 0x03, 0xE0,
  0x1C, 0x00, 0x00, 0x3F, 0xE0, 0x00, 0x7F, 0xFC, 0x00, 0x70, 0x0F, 0x00,
  0xE0, 0x01, 0xC0, 0xE0, 0x00, 0x70, 0xE0, 0x00, 0x18, 0x60, 0x00, 0x0E,
  0x70, 0x7F, 0xC3, 0x30, 0x7F, 0xE1, 0xB8, 0x70, 0xF0, 0xD8, 0x30, 0x78,
  0x6C, 0x38, 0x38, 0x3E, 0x18, 0x1C, 0x1F, 0x1C, 0x0E, 0x0F, 0x8E, 0x0F,
  0x07, 0xC7, 0x07, 0x86, 0xE3, 0x87, 0xC3, 0x71, 0xE6, 0xE3, 0x38, 0x7F,
  0x73, 0x1C, 0x3F, 0x3F, 0x06, 0x0F, 0x0E, 0x03, 0x80, 0x00, 0x01, 0xC0,
  0x00, 0x00, 0x70, 0x00, 0x00, 0x1C, 0x00, 0x00, 0x07, 0x80, 0x40, 0x01,
  0xFF, 0xE0, 0x00, 0x3F, 0xC0, 0x00, 0x00, 0xF0, 0x00, 0x1F, 0x00, 0x01,
  0xF8, 0x00, 0x1F, 0x80, 0x03, 0xB8, 0x00, 0x3B, 0xC0, 0x03, 0x3C, 0x00,
  0x73, 0xC0, 0x07, 0x1E, 0x00, 0x61, 0xE0, 0x0E, 0x1E, 0x00, 0xE1, 0xF0,
  0x0C, 0x0F, 0x01, 0xC0, 0xF0, 0x1F, 0xFF, 0x81, 0xFF, 0xF8, 0x38, 0x07,
  0x83, 0x80, 0x7C, 0x78, 0x07, 0xCF, 0xE0, 0xFF, 0xFE, 0x0F, 0xF0, 0x01,
  0xA0, 0x3F, 0xFF, 0x07, 0xC1, 0xE0, 0xF0, 0x3C, 0x3C, 0x0F, 0x0F, 0x03,
  0xC3, 0xC0, 0xF0, 0xF0, 0x3C, 0x3C, 0x1E, 0x0F, 0x1F, 0x03, 0xFF, 0xC0,
  0xF0, 0xFC, 0x3C, 0x0F, 0x8F, 0x01, 0xE3, 0xC0, 0x7C, 0xF0, 0x1E, 0x3C,
  0x07, 0x8F, 0x01, 0xE3, 0xC0, 0xF3, 0xFF, 0xF8, 0xFF, 0xFC, 0x00, 0x00,
  0x78, 0x01, 0xFF, 0xC3, 0xE3, 0xE3, 0xC0, 0xF3, 0xC0, 0x79, 0xE0, 0x19,
  0xF0, 0x0C, 0xF0, 0x00, 0x78, 0x00, 0x3C, 0x00, 0x3E, 0x00, 0x1F, 0x00,
  0x07, 0x80, 0x03, 0xC0, 0x01, 0xE0, 0x00, 0xF8, 0x00, 0x3C, 0x03, 0x9F,
  0x01, 0xC7, 0xC1, 0xE1, 0xFF, 0xE0, 0x3F, 0xE0, 0x01, 0xE0, 0x1F, 0xFF,
  0x81, 0xF0, 0xFC, 0x1E, 0x07, 0xC3, 0xC0, 0x7C, 0x78, 0x07, 0x8F, 0x00,
  0xF9, 0xE0, 0x1F, 0x3C, 0x01, 0xE7, 0x80, 0x3C, 0xF0, 0x07, 0x9E, 0x00,
  0xF3, 0xC0, 0x1E, 0x78, 0x07, 0xCF, 0x00, 0xF1, 0xE0, 0x1E, 0x3C, 0x03,
  0xC7, 0x80, 0xF0, 0xF0, 0x3C, 0x7F, 0xFF, 0x0F, 0xFF, 0x80, 0xFF, 0xFE,
  0x3E, 0x0F, 0x0F, 0x01, 0x87, 0x80, 0xC3, 0xC0, 0x01, 0xE0, 0x00, 0xF0,
  0xC0, 0x78, 0x60, 0x3C, 0x70, 0x1F, 0xF8, 0x0F, 0x0C, 0x07, 0x86, 0x03,
  0xC3, 0x01, 0xE0, 0x00, 0xF0, 0x08, 0x78, 0x07, 0x3C, 0x03, 0x1E, 0x03,
  0xBF, 0xFF, 0xDF, 0xFF, 0xE0, 0xFF, 0xFE, 0x7C, 0x1E, 0x3C, 0x06, 0x3C,
  0x06, 0x3C, 0x07, 0x3C, 0x00, 0x3C, 0x00, 0x3C, 0x18, 0x3C, 0x18, 0x3F,
  0xF8, 0x3F, 0xF8, 0x3C, 0x18, 0x3C, 0x18, 0x3C, 0x18, 0x3C, 0x00, 0x3C,
  0x00, 0x3C, 0x00, 0x3C, 0x00, 0xFF, 0xE0, 0xFF, 0xE0, 0x00, 0x70, 0x00,
  0xFF, 0xF0, 0x7C, 0x1E, 0x1F, 0x03, 0xC7, 0xC0, 0x38, 0xF0, 0x07, 0x3E,
  0x00, 0x07, 0xC0, 0x00, 0xF0, 0x00, 0x1E, 0x00, 0x03, 0xC0, 0x00, 0x78,
  0x1F, 0xFF, 0x01, 0xFD, 0xF0, 0x0F, 0x3E, 0x01, 0xE7, 0xC0, 0x3C, 0x78,
  0x07, 0x87, 0x80, 0xF0, 0xF8, 0x1E, 0x07, 0xCF, 0xC0, 0x7F, 0xE0, 0xFF,
  0x0F, 0xFB, 0xF8, 0x3F, 0x8F, 0x00, 0xF8, 0x78, 0x07, 0xC3, 0xC0, 0x3E,
  0x1E, 0x01, 0xF0, 0xF0, 0x0F, 0x87, 0x80, 0x7C, 0x3C, 0x03, 0xE1, 0xFF,
  0xFF, 0x0F, 0xFF, 0xF8, 0x78, 0x07, 0xC3, 0xC0, 0x3E, 0x1E, 0x01, 0xF0,
  0xF0, 0x0F, 0x87, 0x80, 0x7C, 0x3C, 0x03, 0xE1, 0xE0, 0x1F, 0x3F, 0xE3,
  0xFF, 0xFF, 0x1F, 0xF0, 0xFF, 0xBF, 0x8F, 0x07, 0x83, 0xC1, 0xE0, 0xF0,
  0x78, 0x3C, 0x1E, 0x0F, 0x07, 0x83, 0xC1, 0xE0, 0xF0, 0x78, 0x3C, 0x1E,
  0x3F, 0xFF, 0xF0, 0x3F, 0xE3, 0xF8, 0x3E, 0x07, 0xC0, 0xF8, 0x1F, 0x03,
  0xE0, 0x7C, 0x0F, 0x81, 0xF0, 0x3E, 0x07, 0xC0, 0xF8, 0x1F, 0x03, 0xE0,
  0x7C, 0x0F, 0x01, 0xE0, 0x3C, 0x07, 0x80, 0xF0, 0x3C, 0x0F, 0x87, 0xC0,
  0x70, 0x00, 0xFF, 0x1F, 0xE7, 0xF0, 0xFC, 0x3C, 0x07, 0x03, 0xC0, 0xE0,
  0x3C, 0x1C, 0x03, 0xC3, 0x80, 0x3C, 0x30, 0x03, 0xC6, 0x00, 0x3C, 0xF0,
  0x03, 0xDF, 0x80, 0x3F, 0xF8, 0x03, 0xF7, 0xC0, 0x3E, 0x3E, 0x03, 0xC1,
  0xE0, 0x3C, 0x1F, 0x03, 0xC0, 0xF0, 0x3C, 0x0F, 0x83, 0xC0, 0x7C, 0xFF,
  0x87, 0xFF, 0xF8, 0x3F, 0xFF, 0x80, 0x7F, 0x00, 0x3C, 0x00, 0x3C, 0x00,
  0x3C, 0x00, 0x3C, 0x00, 0x3C, 0x00, 0x3C, 0x00, 0x3C, 0x00, 0x3C, 0x00,
  0x3C, 0x00, 0x3C, 0x00, 0x3C, 0x00, 0x3C, 0x03, 0x3C, 0x07, 0x3C, 0x07,
  0x3C, 0x07, 0x3C, 0x0F, 0xFF, 0xFE, 0xFF, 0xFE, 0x7F, 0xC0, 0x3F, 0xC1,
  0xFE, 0x07, 0xF8, 0x0F, 0xE0, 0x6F, 0x00, 0xDE, 0x06, 0xF0, 0x0C, 0xF0,
  0x6F, 0x00, 0xCF, 0x0E, 0xF0, 0x0C, 0xF0, 0xCF, 0x00, 0xCF, 0x0C, 0xF0,
  0x0C, 0x79, 0xC7, 0x01, 0xC7, 0x9C, 0x70, 0x1C, 0x79, 0x87, 0x81, 0xC3,
  0x98, 0x78, 0x18, 0x3F, 0x87, 0x81, 0x83, 0xF0, 0x78, 0x18, 0x3F, 0x07,
  0x81, 0x81, 0xF0, 0x78, 0x18, 0x1F, 0x07, 0x83, 0x81, 0xE0, 0x7C, 0xFF,
  0x0E, 0x1F, 0xFF, 0xF0, 0x01, 0xFF, 0xFE, 0x07, 0xF7, 0xF0, 0x1E, 0x3F,
  0x00, 0xC3, 0xF8, 0x0C, 0x37, 0x80, 0xC3, 0x3C, 0x0C, 0x33, 0xE0, 0xC3,
  0x1E, 0x0C, 0x31, 0xF0, 0xC3, 0x0F, 0x8C, 0x30, 0x78, 0xC3, 0x07, 0xCC,
  0x30, 0x3E, 0xC3, 0x01, 0xEC, 0x30, 0x1F, 0xC3, 0x00, 0xFC, 0x30, 0x07,
  0xC3, 0x00, 0x7C, 0xFE, 0x03, 0xCF, 0xE0, 0x3C, 0x00, 0xC0, 0x01, 0xFF,
  0x01, 0xE1, 0xE0, 0xF0, 0x3C, 0x78, 0x07, 0x9E, 0x01, 0xE7, 0x80, 0x7F,
  0xE0, 0x1F, 0xF0, 0x03, 0xFC, 0x00, 0xFF, 0x00, 0x3F, 0xC0, 0x0F, 0xF0,
  0x03, 0xFC, 0x00, 0xFF, 0x80, 0x7F, 0xE0, 0x1E, 0x78, 0x07, 0x9F, 0x03,
  0xC3, 0xC0, 0xE0, 0x7C, 0xF0, 0x07, 0xF8, 0x00, 0x01, 0x80, 0x7F, 0xFE,
  0x1F, 0x0F, 0x87, 0x81, 0xE3, 0xC0, 0xF1, 0xE0, 0x78, 0xF0, 0x3E, 0x78,
  0x1E, 0x3C, 0x0F, 0x1E, 0x07, 0x8F, 0x07, 0xC7, 0x87, 0xC3, 0xFF, 0xC1,
  0xFF, 0x00, 0xF0, 0x00, 0x78, 0x00, 0x3C, 0x00, 0x1E, 0x00, 0x0F, 0x00,
  0x1F, 0xF8, 0x0F, 0xFC, 0x00, 0x00, 0xC0, 0x00, 0x3F, 0xE0, 0x07, 0x87,
  0x80, 0x78, 0x1E, 0x07, 0x80, 0x78, 0x3C, 0x03, 0xC1, 0xE0, 0x1F, 0x1F,
  0x00, 0xF8, 0xF0, 0x03, 0xC7, 0x80, 0x1E, 0x3C, 0x00, 0xF1, 0xE0, 0x07,
  0x8F, 0x00, 0x3C, 0x78, 0x01, 0xE3, 0xE0, 0x1F, 0x1F, 0x00, 0xF0, 0x78,
  0x07, 0x83, 0xE0, 0x78, 0x0F, 0x03, 0x80, 0x3E, 0x78, 0x00, 0x7F, 0x80,
  0x00, 0x0F, 0x00, 0x00, 0x3C, 0x00, 0x00, 0xFF, 0x00, 0x03, 0xF8, 0x00,
  0x07, 0x80, 0x01, 0xC0, 0x1F, 0xFF, 0x81, 0xF0, 0xF8, 0x1E, 0x0F, 0x83,
  0xC0, 0xF0, 0x78, 0x1E, 0x0F, 0x03, 0xC1, 0xE0, 0x78, 0x3C, 0x0F, 0x07,
  0x83, 0xC0, 0xF1, 0xF0, 0x1F, 0xFC, 0x03, 0xC7, 0xC0, 0x78, 0x78, 0x0F,
  0x07, 0x81, 0xE0, 0xF8, 0x3C, 0x0F, 0x07, 0x81, 0xF0, 0xF0, 0x3E, 0x7F,
  0xC3, 0xFF, 0xF8, 0x7E, 0x07, 0x80, 0xFF, 0xC7, 0x87, 0x3C, 0x0C, 0xF0,
  0x33, 0xC0, 0xCF, 0x00, 0x3E, 0x00, 0xFE, 0x01, 0xFE, 0x03, 0xFE, 0x03,
  0xFC, 0x03, 0xF8, 0x07, 0xE0, 0x07, 0xF0, 0x0F, 0xC0, 0x3F, 0x80, 0xEE,
  0x07, 0xBE, 0xFC, 0x7F, 0xC0, 0xFF, 0xFF, 0xFF, 0x7B, 0xFE, 0x1E, 0x1F,
  0x87, 0x87, 0xC1, 0xE1, 0xF0, 0x78, 0x7C, 0x1E, 0x0F, 0x07, 0x83, 0x01,
  0xE0, 0x00, 0x78, 0x00, 0x1E, 0x00, 0x07, 0x80, 0x01, 0xE0, 0x00, 0x78,
  0x00, 0x1E, 0x00, 0x07, 0x80, 0x01, 0xE0, 0x00, 0x78, 0x01, 0xFF, 0xE0,
  0x7F, 0xF8, 0xFF, 0x0F, 0xFF, 0xC0, 0xF9, 0xF0, 0x06, 0x3E, 0x00, 0xC7,
  0xC0, 0x18, 0xF8, 0x03, 0x1F, 0x00, 0x63, 0xE0, 0x0C, 0x7C, 0x01, 0x8F,
  0x80, 0x31, 0xF0, 0x06, 0x3E, 0x00, 0xC7, 0xC0, 0x18, 0xF8, 0x07, 0x0F,
  0x00, 0xE1, 0xE0, 0x1C, 0x3C, 0x03, 0x03, 0xC0, 0xE0, 0x3F, 0xF8, 0x03,
  0xFC, 0x00, 0xFF, 0x83, 0xF7, 0xF0, 0x1F, 0x3E, 0x00, 0xC1, 0xE0, 0x1C,
  0x1E, 0x01, 0xC1, 0xF0, 0x18, 0x0F, 0x03, 0x80, 0xF0, 0x38, 0x07, 0x83,
  0x00, 0x78, 0x70, 0x07, 0x86, 0x00, 0x3C, 0x60, 0x03, 0xCE, 0x00, 0x3C,
  0xC0, 0x01, 0xEC, 0x00, 0x1F, 0xC0, 0x01, 0xF8, 0x00, 0x0F, 0x80, 0x00,
  0xF8, 0x00, 0x07, 0x00, 0xFF, 0x9F, 0xF1, 0xFB, 0xF8, 0x7F, 0x07, 0xCF,
  0x81, 0xF0, 0x18, 0x3C, 0x07, 0x80, 0xC1, 0xE0, 0x3C, 0x06, 0x0F, 0x01,
  0xE0, 0x70, 0x3C, 0x1F, 0x83, 0x01, 0xE0, 0xFC, 0x18, 0x0F, 0x07, 0xE1,
  0xC0, 0x3C, 0x67, 0x8C, 0x01, 0xE3, 0x3C, 0x60, 0x0F, 0x19, 0xE3, 0x00,
  0x79, 0xCF, 0x38, 0x01, 0xEC, 0x3D, 0x80, 0x0F, 0x61, 0xEC, 0x00, 0x7B,
  0x0F, 0x60, 0x01, 0xD0, 0x3A, 0x00, 0x0F, 0x81, 0xF0, 0x00, 0x7C, 0x0F,
  0x80, 0x01, 0xE0, 0x3C, 0x00, 0xFF, 0x8F, 0xE7, 0xF0, 0x7C, 0x1F, 0x03,
  0x80, 0xF0, 0x30, 0x0F, 0x86, 0x00, 0x78, 0xC0, 0x07, 0xCC, 0x00, 0x3F,
  0x80, 0x01, 0xF0, 0x00, 0x0F, 0x00, 0x00, 0xF8, 0x00, 0x1F, 0x80, 0x03,
  0x3C, 0x00, 0x33, 0xE0, 0x06, 0x1E, 0x00, 0xE1, 0xF0, 0x0C, 0x0F, 0x81,
  0x80, 0x78, 0xFF, 0x1F, 0xFF, 0xF1, 0xFF, 0xFF, 0x87, 0xEF, 0xE0, 0xFC,
  0xF8, 0x0E, 0x0F, 0x81, 0xC0, 0xF0, 0x70, 0x1F, 0x0E, 0x01, 0xE3, 0x80,
  0x3E, 0x60, 0x03, 0xCC, 0x00, 0x7B, 0x00, 0x07, 0xE0, 0x00, 0x78, 0x00,
  0x0F, 0x00, 0x01, 0xE0, 0x00, 0x3C, 0x00, 0x07, 0x80, 0x00, 0xF0, 0x00,
  0x1E, 0x00, 0x1F, 0xF8, 0x03, 0xFF, 0x00, 0x7F, 0xFF, 0x78, 0x1F, 0x70,
  0x3E, 0x60, 0x3C, 0x60, 0x7C, 0x00, 0xF8, 0x00, 0xF0, 0x01, 0xF0, 0x03,
  0xE0, 0x03, 0xC0, 0x07, 0xC0, 0x0F, 0x80, 0x0F, 0x00, 0x1F, 0x00, 0x3E,
  0x03, 0x3C, 0x07, 0x7C, 0x07, 0xF8, 0x07, 0xFF, 0xFF, 0xFF, 0xFF, 0xFF,
  0xFF, 0x87, 0x0E, 0x1C, 0x38, 0x70, 0xE1, 0xC3, 0x87, 0x0E, 0x1C, 0x38,
  0x70, 0xE1, 0xC3, 0x87, 0x0E, 0x1C, 0x38, 0x70, 0xFE, 0xF0, 0xE0, 0x38,
  0x0E, 0x01, 0x80, 0x70, 0x1C, 0x07, 0x00, 0xE0, 0x38, 0x0E, 0x01, 0x80,
  0x70, 0x1C, 0x07, 0x00, 0xC0, 0x38, 0x0E, 0x03, 0x80, 0x70, 0x1C, 0x07,
  0x00, 0xC0, 0x38, 0x0E, 0x03, 0x80, 0x70, 0xFF, 0xF1, 0xC7, 0x1C, 0x71,
  0xC7, 0x1C, 0x71, 0xC7, 0x1C, 0x71, 0xC7, 0x1C, 0x71, 0xC7, 0x1C, 0x71,
  0xC7, 0xFD, 0xE0, 0x03, 0x80, 0x1E, 0x00, 0x78, 0x01, 0xE0, 0x0F, 0xC0,
  0x3F, 0x00, 0xCC, 0x07, 0x38, 0x1C, 0xE0, 0x71, 0x83, 0x87, 0x0E, 0x1C,
  0x38, 0x31, 0xC0, 0xE7, 0x03, 0x9C, 0x0E, 0xE0, 0x1C, 0xFF, 0xFF, 0xFF,
  0xF0, 0x30, 0xF0, 0x78, 0x3C, 0x1E, 0x0F, 0x02, 0x03, 0x00, 0xFF, 0x8F,
  0xFF, 0x18, 0x3C, 0x00, 0xF0, 0x01, 0xC0, 0x07, 0x07, 0xFC, 0x7F, 0x73,
  0xE1, 0xCF, 0x07, 0x3C, 0x1C, 0xF0, 0x73, 0xE3, 0xCF, 0xF7, 0xDF, 0x9F,
  0xFC, 0x00, 0xFC, 0x00, 0x3C, 0x00, 0x3C, 0x00, 0x3C, 0x00, 0x3C, 0x00,
  0x3C, 0x60, 0x3D, 0xFC, 0x3F, 0xFE, 0x3C, 0x3E, 0x3C, 0x1F, 0x3C, 0x0F,
  0x3C, 0x0F, 0x3C, 0x0F, 0x3C, 0x0F, 0x3C, 0x0F, 0x3C, 0x0F, 0x3C, 0x1E,
  0x3C, 0x1E, 0x3C, 0x3C, 0x3E, 0x78, 0x1F, 0xF0, 0x03, 0x81, 0xFF, 0x3C,
  0x77, 0x87, 0x70, 0x7F, 0x07, 0xF0, 0x0F, 0x00, 0xF0, 0x0F, 0x00, 0xF0,
  0x0F, 0x80, 0x78, 0x07, 0xC3, 0x3F, 0xF1, 0xFC, 0x01, 0xFC, 0x03, 0xF8,
  0x00, 0xF0, 0x01, 0xE0, 0x03, 0xC0, 0x07, 0x80, 0x6F, 0x07, 0xFE, 0x3C,
  0x7C, 0xF0, 0x79, 0xE0, 0xF7, 0x81, 0xEF, 0x03, 0xDE, 0x07, 0xBC, 0x0F,
  0x78, 0x1E, 0xF0, 0x3D, 0xE0, 0x7B, 0xE0, 0xF3, 0xE3, 0xE3, 0xFF, 0xE3,
  0xF7, 0xC0, 0x03, 0x00, 0xFF, 0x0E, 0x3C, 0xE0, 0xF7, 0x07, 0xF8, 0x3F,
  0xC1, 0xFF, 0xFF, 0xFF, 0xFF, 0x80, 0x3C, 0x01, 0xE0, 0x07, 0x80, 0x3E,
  0x18, 0xFF, 0xE3, 0xFC, 0x01, 0xE0, 0xFC, 0x3F, 0x8F, 0x13, 0xC0, 0x78,
  0x0F, 0x01, 0xE0, 0xFF, 0x9F, 0xF0, 0xF0, 0x1E, 0x03, 0xC0, 0x78, 0x0F,
  0x01, 0xE0, 0x3C, 0x07, 0x80, 0xF0, 0x1E, 0x03, 0xC1, 0xFF, 0x3F, 0xE0,
  0x03, 0x03, 0x1F, 0xFF, 0x78, 0xFF, 0x78, 0x78, 0xF0, 0x78, 0xF0, 0x78,
  0xF0, 0x78, 0x78, 0x78, 0x78, 0x70, 0x3F, 0xE0, 0x1F, 0x80, 0x30, 0x00,
  0x70, 0x00, 0x7F, 0xC0, 0x7F, 0xFC, 0x3F, 0xFE, 0x70, 0x1E, 0xF0, 0x1E,
  0xE0, 0x1E, 0xF0, 0x1E, 0xF0, 0x3C, 0x7F, 0xF8, 0x3F, 0xE0, 0xFC, 0x00,
  0x3F, 0x00, 0x01, 0xC0, 0x00, 0x70, 0x00, 0x1C, 0x00, 0x07, 0x00, 0x01,
  0xC1, 0x00, 0x73, 0xF8, 0x1F, 0xFE, 0x07, 0x83, 0xC1, 0xE0, 0xF0, 0x78,
  0x3C, 0x1E, 0x0F, 0x07, 0x83, 0xC1, 0xE0, 0xF0, 0x78, 0x3C, 0x1E, 0x0F,
  0x07, 0x83, 0xC1, 0xE0, 0xF0, 0x78, 0x3C, 0x7F, 0x1F, 0xDF, 0xC7, 0xF0,
  0x3C, 0x3C, 0x7C, 0x38, 0x00, 0x00, 0x08, 0xFC, 0xFC, 0x3C, 0x3C, 0x3C,
  0x3C, 0x3C, 0x3C, 0x3C, 0x3C, 0x3C, 0x3C, 0x3C, 0xFF, 0xFF, 0x1E, 0x3C,
  0xF8, 0xE0, 0x00, 0x01, 0x3F, 0x7E, 0x3C, 0x78, 0xF1, 0xE3, 0xC7, 0x8F,
  0x1E, 0x3C, 0x78, 0xF1, 0xE3, 0xC7, 0x8F, 0x1E, 0x79, 0xE7, 0xCC, 0x00,
  0xFC, 0x00, 0x3F, 0x00, 0x03, 0xC0, 0x00, 0xF0, 0x00, 0x3C, 0x00, 0x0F,
  0x00, 0x03, 0xC0, 0x00, 0xF0, 0xFE, 0x3C, 0x1F, 0x0F, 0x07, 0x03, 0xC3,
  0x80, 0xF1, 0xC0, 0x3C, 0xF0, 0x0F, 0x7C, 0x03, 0xFF, 0x80, 0xFD, 0xE0,
  0x3E, 0x3C, 0x0F, 0x0F, 0x83, 0xC1, 0xE0, 0xF0, 0x3C, 0x7F, 0x3F, 0xDF,
  0xCF, 0xF0, 0xF9, 0xF0, 0xE1, 0xC3, 0x87, 0x0E, 0x1C, 0x38, 0x70, 0xE1,
  0xC3, 0x87, 0x0E, 0x1C, 0x38, 0x70, 0xE1, 0xCF, 0xFF, 0xC0, 0x08, 0x20,
  0x10, 0x3E, 0x7F, 0x3F, 0x8F, 0xFF, 0xFF, 0xF0, 0xF8, 0x7C, 0x3C, 0x3C,
  0x1E, 0x0F, 0x0F, 0x07, 0x83, 0xC3, 0xC1, 0xE0, 0xF0, 0xF0, 0x78, 0x3C,
  0x3C, 0x1E, 0x0F, 0x0F, 0x07, 0x83, 0xC3, 0xC1, 0xE0, 0xF0, 0xF0, 0x78,
  0x3C, 0x3C, 0x1E, 0x0F, 0x0F, 0x07, 0x83, 0xCF, 0xE3, 0xF9, 0xFF, 0xF8,
  0xFE, 0x7F, 0x08, 0x30, 0x7C, 0xFE, 0x3F, 0xFF, 0x87, 0xC3, 0xC3, 0xC1,
  0xE1, 0xE0, 0xF0, 0xF0, 0x78, 0x78, 0x3C, 0x3C, 0x1E, 0x1E, 0x0F, 0x0F,
  0x07, 0x87, 0x83, 0xC3, 0xC1, 0xE1, 0xE0, 0xF3, 0xF8, 0xFF, 0xFC, 0x7F,
  0x03, 0x00, 0x3F, 0xE0, 0xF3, 0xE3, 0xC3, 0xC7, 0x03, 0xDE, 0x07, 0xBC,
  0x0F, 0x78, 0x1F, 0xF0, 0x3F, 0xE0, 0x7F, 0xC0, 0xF7, 0x81, 0xE7, 0x83,
  0xCF, 0x0F, 0x0F, 0xFC, 0x0F, 0xF0, 0x08, 0xE0, 0xFB, 0xF8, 0xFF, 0xFC,
  0x3C, 0x3E, 0x38, 0x1E, 0x38, 0x1E, 0x38, 0x1E, 0x38, 0x1F, 0x38, 0x1F,
  0x38, 0x1E, 0x38, 0x1E, 0x38, 0x1E, 0x38, 0x1C, 0x38, 0x3C, 0x3E, 0xF8,
  0x3F, 0xE0, 0x38, 0x00, 0x38, 0x00, 0x38, 0x00, 0x38, 0x00, 0x38, 0x00,
  0xFF, 0x00, 0xFF, 0x00, 0x03, 0xC4, 0x0F, 0xFC, 0x3C, 0x3C, 0x78, 0x3C,
  0x78, 0x3C, 0xF0, 0x3C, 0xF0, 0x3C, 0xF0, 0x3C, 0xF0, 0x3C, 0xF0, 0x3C,
  0xF0, 0x3C, 0xF0, 0x3C, 0xF8, 0x3C, 0x7C, 0x7C, 0x3F, 0xFC, 0x1F, 0xBC,
  0x00, 0x3C, 0x00, 0x3C, 0x00, 0x3C, 0x00, 0x3C, 0x00, 0x3C, 0x01, 0xFF,
  0x01, 0xFF, 0x08, 0x3F, 0x3F, 0xEF, 0x9F, 0xF3, 0xE2, 0x78, 0x0F, 0x01,
  0xE0, 0x3C, 0x07, 0x80, 0xF0, 0x1E, 0x03, 0xC0, 0x78, 0x3F, 0xE7, 0xFC,
  0x06, 0x03, 0xFE, 0x78, 0xEF, 0x06, 0xF0, 0x6F, 0x80, 0x7E, 0x07, 0xF8,
  0x3F, 0xE0, 0xFE, 0x03, 0xF0, 0x0F, 0xE0, 0xFE, 0x0F, 0xF9, 0xE7, 0xFC,
  0x0C, 0x03, 0x80, 0x70, 0x1E, 0x0F, 0xFD, 0xFF, 0x8F, 0x01, 0xE0, 0x3C,
  0x07, 0x80, 0xF0, 0x1E, 0x03, 0xC0, 0x78, 0x0F, 0x01, 0xE0, 0x3E, 0x47,
  0xFC, 0x7E, 0x00, 0x08, 0x04, 0xF8, 0xFC, 0xF8, 0x7C, 0x78, 0x3C, 0x78,
  0x3C, 0x78, 0x3C, 0x78, 0x3C, 0x78, 0x3C, 0x78, 0x3C, 0x78, 0x3C, 0x78,
  0x3C, 0x78, 0x3C, 0x78, 0x3C, 0x7C, 0x7C, 0x3F, 0xDF, 0x1F, 0x9F, 0xFE,
  0x3F, 0xFC, 0x1F, 0x7C, 0x0C, 0x3C, 0x1C, 0x3C, 0x1C, 0x1E, 0x18, 0x1E,
  0x38, 0x1E, 0x38, 0x0F, 0x30, 0x0F, 0x70, 0x07, 0x60, 0x07, 0x60, 0x07,
  0xE0, 0x03, 0xC0, 0x03, 0xC0, 0xFE, 0x1E, 0x3F, 0x7C, 0x3E, 0x1E, 0x38,
  0x3E, 0x0C, 0x3C, 0x3E, 0x1C, 0x3C, 0x7F, 0x1C, 0x3C, 0x6F, 0x18, 0x1C,
  0x67, 0x18, 0x1E, 0x67, 0x38, 0x1E, 0xE7, 0xB0, 0x0E, 0xC7, 0xB0, 0x0E,
  0xC3, 0xB0, 0x0F, 0xC3, 0xA0, 0x07, 0xC3, 0xE0, 0x07, 0x81, 0xE0, 0x07,
  0x81, 0xC0, 0x7F, 0x1F, 0x3F, 0x8F, 0x87, 0x83, 0x03, 0xE3, 0x00, 0xFB,
  0x80, 0x3D, 0x80, 0x0F, 0x80, 0x07, 0xC0, 0x03, 0xF0, 0x03, 0x78, 0x03,
  0x1E, 0x03, 0x8F, 0x83, 0x83, 0xE7, 0xF3, 0xFF, 0xF9, 0xFE, 0xFF, 0x3F,
  0x7E, 0x1F, 0x3C, 0x0E, 0x3C, 0x0C, 0x3C, 0x1C, 0x1E, 0x1C, 0x1E, 0x18,
  0x0E, 0x38, 0x0F, 0x38, 0x0F, 0x30, 0x07, 0x70, 0x07, 0xF0, 0x07, 0xE0,
  0x03, 0xE0, 0x03, 0xE0, 0x00, 0xC0, 0x01, 0xC0, 0x01, 0x80, 0x03, 0x80,
  0x1F, 0x00, 0x1F, 0x00, 0x1C, 0x00, 0x7F, 0xF9, 0xFF, 0xE6, 0x0F, 0x18,
  0x7C, 0x03, 0xE0, 0x0F, 0x00, 0x7C, 0x03, 0xE0, 0x1F, 0x00, 0x78, 0x03,
  0xE1, 0xDF, 0x06, 0xF8, 0x3B, 0xFF, 0xEF, 0xFF, 0x80, 0x0F, 0xCF, 0xF3,
  0xC0, 0xF0, 0x3C, 0x0F, 0x01, 0xC0, 0x70, 0x1E, 0x03, 0x81, 0xE0, 0xF0,
  0xF0, 0x3E, 0x01, 0xC0, 0x38, 0x0E, 0x07, 0x81, 0xC0, 0x70, 0x3C, 0x0F,
  0x03, 0xC0, 0xF8, 0x1F, 0xC3, 0xE0, 0xFF, 0xFF, 0xFF, 0xFF, 0xFF, 0xFF,
  0xFF, 0xFF, 0xFF, 0xFF, 0x80, 0xFE, 0x1F, 0xE0, 0x3C, 0x03, 0xC0, 0x70,
  0x0E, 0x03, 0xC0, 0x70, 0x0E, 0x01, 0xC0, 0x38, 0x07, 0xC0, 0x1E, 0x0F,
  0xC3, 0x80, 0x70, 0x0E, 0x01, 0xC0, 0x3C, 0x07, 0x80, 0x70, 0x0E, 0x01,
  0xE0, 0x78, 0xFF, 0x0F, 0x80, 0x00, 0x08, 0xFC, 0x77, 0xFF, 0x9C, 0xFE,
  0xC0, 0xE0, 0xFF, 0xFF, 0xFF, 0xFF, 0xFF, 0xFF, 0xFF, 0xFF, 0xFF, 0xFF,
  0xBF, 0x9F, 0xE3, 0xF3, 0xFE, 0x3C, 0xFF, 0xF3, 0x3F, 0xFF, 0x0F, 0xFF,
  0xF3, 0xFF, 0xFC, 0x3F, 0xFF, 0x23, 0xFF, 0x8E, 0x3F, 0xE1, 0xE3, 0xFE,
  0x7E, 0x3F, 0xFF, 0xEF, 0xFF, 0xFF, 0xFF, 0xFF, 0xFF, 0xFF, 0xFF, 0x80,
  0xFF, 0xFF, 0xFF, 0xFF, 0xFF, 0xFF, 0xFF, 0xFF, 0xFF, 0xFF, 0xBF, 0x9F,
  0xE3, 0xF3, 0xFE, 0x3C, 0xFF, 0xF3, 0x3F, 0xFF, 0x0F, 0xFF, 0xF3, 0xFF,
  0xFC, 0x3F, 0xFF, 0x23, 0xFF, 0x8E, 0x3F, 0xE1, 0xE3, 0xFE, 0x7E, 0x3F,
  0xFF, 0xEF, 0xFF, 0xFF, 0xFF, 0xFF, 0xFF, 0xFF, 0xFF, 0x80, 0xFF, 0xFF,
  0xFF, 0xFF, 0xFF, 0xFF, 0xFF, 0xFF, 0xFF, 0xFF, 0xBF, 0x9F, 0xE3, 0xF3,
  0xFE, 0x3C, 0xFF, 0xF3, 0x3F, 0xFF, 0x0F, 0xFF, 0xF3, 0xFF, 0xFC, 0x3F,
  0xFF, 0x23, 0xFF, 0x8E, 0x3F, 0xE1, 0xE3, 0xFE, 0x7E, 0x3F, 0xFF, 0xEF,
  0xFF, 0xFF, 0xFF, 0xFF, 0xFF, 0xFF, 0xFF, 0x80, 0xFF, 0xFF, 0xFF, 0xFF,
  0xFF, 0xFF, 0xFF, 0xFF, 0xFF, 0xFF, 0xBF, 0x9F, 0xE3, 0xF3, 0xFE, 0x3C,
  0xFF, 0xF3, 0x3F, 0xFF, 0x0F, 0xFF, 0xF3, 0xFF, 0xFC, 0x3F, 0xFF, 0x23,
  0xFF, 0x8E, 0x3F, 0xE1, 0xE3, 0xFE, 0x7E, 0x3F, 0xFF, 0xEF, 0xFF, 0xFF,
  0xFF, 0xFF, 0xFF, 0xFF, 0xFF, 0x80, 0xFF, 0xFF, 0xFF, 0xFF, 0xFF, 0xFF,
  0xFF, 0xFF, 0xFF, 0xFF, 0xBF, 0x9F, 0xE3, 0xF3, 0xFE, 0x3C, 0xFF, 0xF3,
  0x3F, 0xFF, 0x0F, 0xFF, 0xF3, 0xFF, 0xFC, 0x3F, 0xFF, 0x23, 0xFF, 0x8E,
  0x3F, 0xE1, 0xE3, 0xFE, 0x7E, 0x3F, 0xFF, 0xEF, 0xFF, 0xFF, 0xFF, 0xFF,
  0xFF, 0xFF, 0xFF, 0x80, 0xFF, 0xFF, 0xFF, 0xFF, 0xFF, 0xFF, 0xFF, 0xFF,
  0xFF, 0xFF, 0xBF, 0x9F, 0xE3, 0xF3, 0xFE, 0x3C, 0xFF, 0xF3, 0x3F, 0xFF,
  0x0F, 0xFF, 0xF3, 0xFF, 0xFC, 0x3F, 0xFF, 0x23, 0xFF, 0x8E, 0x3F, 0xE1,
  0xE3, 0xFE, 0x7E, 0x3F, 0xFF, 0xEF, 0xFF, 0xFF, 0xFF, 0xFF, 0xFF, 0xFF,
  0xFF, 0x80, 0xFF, 0xFF, 0xFF, 0xFF, 0xFF, 0xFF, 0xFF, 0xFF, 0xFF, 0xFF,
  0xBF, 0x9F, 0xE3, 0xF3, 0xFE, 0x3C, 0xFF, 0xF3, 0x3F, 0xFF, 0x0F, 0xFF,
  0xF3, 0xFF, 0xFC, 0x3F, 0xFF, 0x23, 0xFF, 0x8E, 0x3F, 0xE1, 0xE3, 0xFE,
  0x7E, 0x3F, 0xFF, 0xEF, 0xFF, 0xFF, 0xFF, 0xFF, 0xFF, 0xFF, 0xFF, 0x80,
  0xFF, 0xFF, 0xFF, 0xFF, 0xFF, 0xFF, 0xFF, 0xFF, 0xFF, 0xFF, 0xBF, 0x9F,
  0xE3, 0xF3, 0xFE, 0x3C, 0xFF, 0xF3, 0x3F, 0xFF, 0x0F, 0xFF, 0xF3, 0xFF,
  0xFC, 0x3F, 0xFF, 0x23, 0xFF, 0x8E, 0x3F, 0xE1, 0xE3, 0xFE, 0x7E, 0x3F,
  0xFF, 0xEF, 0xFF, 0xFF, 0xFF, 0xFF, 0xFF, 0xFF, 0xFF, 0x80, 0xFF, 0xFF,
  0xFF, 0xFF, 0xFF, 0xFF, 0xFF, 0xFF, 0xFF, 0xFF, 0xBF, 0x9F, 0xE3, 0xF3,
  0xFE, 0x3C, 0xFF, 0xF3, 0x3F, 0xFF, 0x0F, 0xFF, 0xF3, 0xFF, 0xFC, 0x3F,
  0xFF, 0x23, 0xFF, 0x8E, 0x3F, 0xE1, 0xE3, 0xFE, 0x7E, 0x3F, 0xFF, 0xEF,
  0xFF, 0xFF, 0xFF, 0xFF, 0xFF, 0xFF, 0xFF, 0x80, 0xFF, 0xFF, 0xFF, 0xFF,
  0xFF, 0xFF, 0xFF, 0xFF, 0xFF, 0xFF, 0xBF, 0x9F, 0xE3, 0xF3, 0xFE, 0x3C,
  0xFF, 0xF3, 0x3F, 0xFF, 0x0F, 0xFF, 0xF3, 0xFF, 0xFC, 0x3F, 0xFF, 0x23,
  0xFF, 0x8E, 0x3F, 0xE1, 0xE3, 0xFE, 0x7E, 0x3F, 0xFF, 0xEF, 0xFF, 0xFF,
  0xFF, 0xFF, 0xFF, 0xFF, 0xFF, 0x80, 0xFF, 0xFF, 0xFF, 0xFF, 0xFF, 0xFF,
  0xFF, 0xFF, 0xFF, 0xFF, 0xBF, 0x9F, 0xE3, 0xF3, 0xFE, 0x3C, 0xFF, 0xF3,
  0x3F, 0xFF, 0x0F, 0xFF, 0xF3, 0xFF, 0xFC, 0x3F, 0xFF, 0x23, 0xFF, 0x8E,
  0x3F, 0xE1, 0xE3, 0xFE, 0x7E, 0x3F, 0xFF, 0xEF, 0xFF, 0xFF, 0xFF, 0xFF,
  0xFF, 0xFF, 0xFF, 0x80, 0xFF, 0xFF, 0xFF, 0xFF, 0xFF, 0xFF, 0xFF, 0xFF,
  0xFF, 0xFF, 0xBF, 0x9F, 0xE3, 0xF3, 0xFE, 0x3C, 0xFF, 0xF3, 0x3F, 0xFF,
  0x0F, 0xFF, 0xF3, 0xFF, 0xFC, 0x3F, 0xFF, 0x23, 0xFF, 0x8E, 0x3F, 0xE1,
  0xE3, 0xFE, 0x7E, 0x3F, 0xFF, 0xEF, 0xFF, 0xFF, 0xFF, 0xFF, 0xFF, 0xFF,
  0xFF, 0x80, 0xFF, 0xFF, 0xFF, 0xFF, 0xFF, 0xFF, 0xFF, 0xFF, 0xFF, 0xFF,
  0xBF, 0x9F, 0xE3, 0xF3, 0xFE, 0x3C, 0xFF, 0xF3, 0x3F, 0xFF, 0x0F, 0xFF,
  0xF3, 0xFF, 0xFC, 0x3F, 0xFF, 0x23, 0xFF, 0x8E, 0x3F, 0xE1, 0xE3, 0xFE,
  0x7E, 0x3F, 0xFF, 0xEF, 0xFF, 0xFF, 0xFF, 0xFF, 0xFF, 0xFF, 0xFF, 0x80,
  0xFF, 0xFF, 0xFF, 0xFF, 0xFF, 0xFF, 0xFF, 0xFF, 0xFF, 0xFF, 0xBF, 0x9F,
  0xE3, 0xF3, 0xFE, 0x3C, 0xFF, 0xF3, 0x3F, 0xFF, 0x0F, 0xFF, 0xF3, 0xFF,
  0xFC, 0x3F, 0xFF, 0x23, 0xFF, 0x8E, 0x3F, 0xE1, 0xE3, 0xFE, 0x7E, 0x3F,
  0xFF, 0xEF, 0xFF, 0xFF, 0xFF, 0xFF, 0xFF, 0xFF, 0xFF, 0x80, 0xFF, 0xFF,
  0xFF, 0xFF, 0xFF, 0xFF, 0xFF, 0xFF, 0xFF, 0xFF, 0xBF, 0x9F, 0xE3, 0xF3,
  0xFE, 0x3C, 0xFF, 0xF3, 0x3F, 0xFF, 0x0F, 0xFF, 0xF3, 0xFF, 0xFC, 0x3F,
  0xFF, 0x23, 0xFF, 0x8E, 0x3F, 0xE1, 0xE3, 0xFE, 0x7E, 0x3F, 0xFF, 0xEF,
  0xFF, 0xFF, 0xFF, 0xFF, 0xFF, 0xFF, 0xFF, 0x80, 0xFF, 0xFF, 0xFF, 0xFF,
  0xFF, 0xFF, 0xFF, 0xFF, 0xFF, 0xFF, 0xBF, 0x9F, 0xE3, 0xF3, 0xFE, 0x3C,
  0xFF, 0xF3, 0x3F, 0xFF, 0x0F, 0xFF, 0xF3, 0xFF, 0xFC, 0x3F, 0xFF, 0x23,
  0xFF, 0x8E, 0x3F, 0xE1, 0xE3, 0xFE, 0x7E, 0x3F, 0xFF, 0xEF, 0xFF, 0xFF,
  0xFF, 0xFF, 0xFF, 0xFF, 0xFF, 0x80, 0xFF, 0xFF, 0xFF, 0xFF, 0xFF, 0xFF,
  0xFF, 0xFF, 0xFF, 0xFF, 0xBF, 0x9F, 0xE3, 0xF3, 0xFE, 0x3C, 0xFF, 0xF3,
  0x3F, 0xFF, 0x0F, 0xFF, 0xF3, 0xFF, 0xFC, 0x3F, 0xFF, 0x23, 0xFF, 0x8E,
  0x3F, 0xE1, 0xE3, 0xFE, 0x7E, 0x3F, 0xFF, 0xEF, 0xFF, 0xFF, 0xFF, 0xFF,
  0xFF, 0xFF, 0xFF, 0x80, 0xFF, 0xFF, 0xFF, 0xFF, 0xFF, 0xFF, 0xFF, 0xFF,
  0xFF, 0xFF, 0xBF, 0x9F, 0xE3, 0xF3, 0xFE, 0x3C, 0xFF, 0xF3, 0x3F, 0xFF,
  0x0F, 0xFF, 0xF3, 0xFF, 0xFC, 0x3F, 0xFF, 0x23, 0xFF, 0x8E, 0x3F, 0xE1,
  0xE3, 0xFE, 0x7E, 0x3F, 0xFF, 0xEF, 0xFF, 0xFF, 0xFF, 0xFF, 0xFF, 0xFF,
  0xFF, 0x80, 0xFF, 0xFF, 0xFF, 0xFF, 0xFF, 0xFF, 0xFF, 0xFF, 0xFF, 0xFF,
  0xBF, 0x9F, 0xE3, 0xF3, 0xFE, 0x3C, 0xFF, 0xF3, 0x3F, 0xFF, 0x0F, 0xFF,
  0xF3, 0xFF, 0xFC, 0x3F, 0xFF, 0x23, 0xFF, 0x8E, 0x3F, 0xE1, 0xE3, 0xFE,
  0x7E, 0x3F, 0xFF, 0xEF, 0xFF, 0xFF, 0xFF, 0xFF, 0xFF, 0xFF, 0xFF, 0x80,
  0xFF, 0xFF, 0xFF, 0xFF, 0xFF, 0xFF, 0xFF, 0xFF, 0xFF, 0xFF, 0xBF, 0x9F,
  0xE3, 0xF3, 0xFE, 0x3C, 0xFF, 0xF3, 0x3F, 0xFF, 0x0F, 0xFF, 0xF3, 0xFF,
  0xFC, 0x3F, 0xFF, 0x23, 0xFF, 0x8E, 0x3F, 0xE1, 0xE3, 0xFE, 0x7E, 0x3F,
  0xFF, 0xEF, 0xFF, 0xFF, 0xFF, 0xFF, 0xFF, 0xFF, 0xFF, 0x80, 0xFF, 0xFF,
  0xFF, 0xFF, 0xFF, 0xFF, 0xFF, 0xFF, 0xFF, 0xFF, 0xBF, 0x9F, 0xE3, 0xF3,
  0xFE, 0x3C, 0xFF, 0xF3, 0x3F, 0xFF, 0x0F, 0xFF, 0xF3, 0xFF, 0xFC, 0x3F,
  0xFF, 0x23, 0xFF, 0x8E, 0x3F, 0xE1, 0xE3, 0xFE, 0x7E, 0x3F, 0xFF, 0xEF,
  0xFF, 0xFF, 0xFF, 0xFF, 0xFF, 0xFF, 0xFF, 0x80, 0xFF, 0xFF, 0xFF, 0xFF,
  0xFF, 0xFF, 0xFF, 0xFF, 0xFF, 0xFF, 0xBF, 0x9F, 0xE3, 0xF3, 0xFE, 0x3C,
  0xFF, 0xF3, 0x3F, 0xFF, 0x0F, 0xFF, 0xF3, 0xFF, 0xFC, 0x3F, 0xFF, 0x23,
  0xFF, 0x8E, 0x3F, 0xE1, 0xE3, 0xFE, 0x7E, 0x3F, 0xFF, 0xEF, 0xFF, 0xFF,
  0xFF, 0xFF, 0xFF, 0xFF, 0xFF, 0x80, 0xFF, 0xFF, 0xFF, 0xFF, 0xFF, 0xFF,
  0xFF, 0xFF, 0xFF, 0xFF, 0xBF, 0x9F, 0xE3, 0xF3, 0xFE, 0x3C, 0xFF, 0xF3,
  0x3F, 0xFF, 0x0F, 0xFF, 0xF3, 0xFF, 0xFC, 0x3F, 0xFF, 0x23, 0xFF, 0x8E,
  0x3F, 0xE1, 0xE3, 0xFE, 0x7E, 0x3F, 0xFF, 0xEF, 0xFF, 0xFF, 0xFF, 0xFF,
  0xFF, 0xFF, 0xFF, 0x80, 0xFF, 0xFF, 0xFF, 0xFF, 0xFF, 0xFF, 0xFF, 0xFF,
  0xFF, 0xFF, 0xBF, 0x9F, 0xE3, 0xF3, 0xFE, 0x3C, 0xFF, 0xF3, 0x3F, 0xFF,
  0x0F, 0xFF, 0xF3, 0xFF, 0xFC, 0x3F, 0xFF, 0x23, 0xFF, 0x8E, 0x3F, 0xE1,
  0xE3, 0xFE, 0x7E, 0x3F, 0xFF, 0xEF, 0xFF, 0xFF, 0xFF, 0xFF, 0xFF, 0xFF,
  0xFF, 0x80, 0xFF, 0xFF, 0xFF, 0xFF, 0xFF, 0xFF, 0xFF, 0xFF, 0xFF, 0xFF,
  0xBF, 0x9F, 0xE3, 0xF3, 0xFE, 0x3C, 0xFF, 0xF3, 0x3F, 0xFF, 0x0F, 0xFF,
  0xF3, 0xFF, 0xFC, 0x3F, 0xFF, 0x23, 0xFF, 0x8E, 0x3F, 0xE1, 0xE3, 0xFE,
  0x7E, 0x3F, 0xFF, 0xEF, 0xFF, 0xFF, 0xFF, 0xFF, 0xFF, 0xFF, 0xFF, 0x80,
  0xFF, 0xFF, 0xFF, 0xFF, 0xFF, 0xFF, 0xFF, 0xFF, 0xFF, 0xFF, 0xBF, 0x9F,
  0xE3, 0xF3, 0xFE, 0x3C, 0xFF, 0xF3, 0x3F, 0xFF, 0x0F, 0xFF, 0xF3, 0xFF,
  0xFC, 0x3F, 0xFF, 0x23, 0xFF, 0x8E, 0x3F, 0xE1, 0xE3, 0xFE, 0x7E, 0x3F,
  0xFF, 0xEF, 0xFF, 0xFF, 0xFF, 0xFF, 0xFF, 0xFF, 0xFF, 0x80, 0xFF, 0xFF,
  0xFF, 0xFF, 0xFF, 0xFF, 0xFF, 0xFF, 0xFF, 0xFF, 0xBF, 0x9F, 0xE3, 0xF3,
  0xFE, 0x3C, 0xFF, 0xF3, 0x3F, 0xFF, 0x0F, 0xFF, 0xF3, 0xFF, 0xFC, 0x3F,
  0xFF, 0x23, 0xFF, 0x8E, 0x3F, 0xE1, 0xE3, 0xFE, 0x7E, 0x3F, 0xFF, 0xEF,
  0xFF, 0xFF, 0xFF, 0xFF, 0xFF, 0xFF, 0xFF, 0x80, 0xFF, 0xFF, 0xFF, 0xFF,
  0xFF, 0xFF, 0xFF, 0xFF, 0xFF, 0xFF, 0xBF, 0x9F, 0xE3, 0xF3, 0xFE, 0x3C,
  0xFF, 0xF3, 0x3F, 0xFF, 0x0F, 0xFF, 0xF3, 0xFF, 0xFC, 0x3F, 0xFF, 0x23,
  0xFF, 0x8E, 0x3F, 0xE1, 0xE3, 0xFE, 0x7E, 0x3F, 0xFF, 0xEF, 0xFF, 0xFF,
  0xFF, 0xFF, 0xFF, 0xFF, 0xFF, 0x80, 0xFF, 0xFF, 0xFF, 0xFF, 0xFF, 0xFF,
  0xFF, 0xFF, 0xFF, 0xFF, 0xBF, 0x9F, 0xE3, 0xF3, 0xFE, 0x3C, 0xFF, 0xF3,
  0x3F, 0xFF, 0x0F, 0xFF, 0xF3, 0xFF, 0xFC, 0x3F, 0xFF, 0x23, 0xFF, 0x8E,
  0x3F, 0xE1, 0xE3, 0xFE, 0x7E, 0x3F, 0xFF, 0xEF, 0xFF, 0xFF, 0xFF, 0xFF,
  0xFF, 0xFF, 0xFF, 0x80, 0xFF, 0xFF, 0xFF, 0xFF, 0xFF, 0xFF, 0xFF, 0xFF,
  0xFF, 0xFF, 0xBF, 0x9F, 0xE3, 0xF3, 0xFE, 0x3C, 0xFF, 0xF3, 0x3F, 0xFF,
  0x0F, 0xFF, 0xF3, 0xFF, 0xFC, 0x3F, 0xFF, 0x23, 0xFF, 0x8E, 0x3F, 0xE1,
  0xE3, 0xFE, 0x7E, 0x3F, 0xFF, 0xEF, 0xFF, 0xFF, 0xFF, 0xFF, 0xFF, 0xFF,
  0xFF, 0x80, 0xFF, 0xFF, 0xFF, 0xFF, 0xFF, 0xFF, 0xFF, 0xFF, 0xFF, 0xFF,
  0xBF, 0x9F, 0xE3, 0xF3, 0xFE, 0x3C, 0xFF, 0xF3, 0x3F, 0xFF, 0x0F, 0xFF,
  0xF3, 0xFF, 0xFC, 0x3F, 0xFF, 0x23, 0xFF, 0x8E, 0x3F, 0xE1, 0xE3, 0xFE,
  0x7E, 0x3F, 0xFF, 0xEF, 0xFF, 0xFF, 0xFF, 0xFF, 0xFF, 0xFF, 0xFF, 0x80,
  0xFF, 0xFF, 0xFF, 0xFF, 0xFF, 0xFF, 0xFF, 0xFF, 0xFF, 0xFF, 0xBF, 0x9F,
  0xE3, 0xF3, 0xFE, 0x3C, 0xFF, 0xF3, 0x3F, 0xFF, 0x0F, 0xFF, 0xF3, 0xFF,
  0xFC, 0x3F, 0xFF, 0x23, 0xFF, 0x8E, 0x3F, 0xE1, 0xE3, 0xFE, 0x7E, 0x3F,
  0xFF, 0xEF, 0xFF, 0xFF, 0xFF, 0xFF, 0xFF, 0xFF, 0xFF, 0x80, 0xFF, 0xFF,
  0xFF, 0xFF, 0xFF, 0xFF, 0xFF, 0xFF, 0xFF, 0xFF, 0xBF, 0x9F, 0xE3, 0xF3,
  0xFE, 0x3C, 0xFF, 0xF3, 0x3F, 0xFF, 0x0F, 0xFF, 0xF3, 0xFF, 0xFC, 0x3F,
  0xFF, 0x23, 0xFF, 0x8E, 0x3F, 0xE1, 0xE3, 0xFE, 0x7E, 0x3F, 0xFF, 0xEF,
  0xFF, 0xFF, 0xFF, 0xFF, 0xFF, 0xFF, 0xFF, 0x80, 0x00, 0x2F, 0xFF, 0x60,
  0x00, 0x66, 0x77, 0x77, 0x77, 0xFF, 0xFF, 0xFF, 0xFF, 0xF0, 0x01, 0x80,
  0x18, 0x03, 0x80, 0x38, 0x1F, 0xF3, 0xC7, 0x78, 0x77, 0x07, 0xF0, 0x7F,
  0x00, 0xF0, 0x0F, 0x00, 0xF0, 0x0F, 0x00, 0xF8, 0x0F, 0x80, 0x7C, 0x33,
  0xFF, 0x1F, 0xC0, 0x60, 0x06, 0x00, 0x60, 0x00, 0x38, 0x00, 0x3F, 0xE0,
  0x0F, 0x7E, 0x03, 0xC1, 0x80, 0x70, 0x20, 0x1E, 0x00, 0x03, 0xC0, 0x00,
  0x78, 0x00, 0x0F, 0x00, 0x07, 0xFE, 0x00, 0xFF, 0xC0, 0x07, 0x80, 0x00,
  0xF0, 0x00, 0x1E, 0x00, 0x03, 0xC0, 0xF0, 0x78, 0x0F, 0x0F, 0x01, 0xE1,
  0xC0, 0x3D, 0xFE, 0x0F, 0x7F, 0xFF, 0xCE, 0x0F, 0xF0, 0x20, 0x02, 0x60,
  0x03, 0xF0, 0x07, 0x3F, 0xFE, 0x1F, 0xFC, 0x1E, 0x7C, 0x1C, 0x1C, 0x38,
  0x1C, 0x38, 0x1C, 0x38, 0x1C, 0x1C, 0x1C, 0x1E, 0x3C, 0x1F, 0xFC, 0x3F,
  0xFE, 0x71, 0xCF, 0xE0, 0x07, 0x20, 0x02, 0xFF, 0x8F, 0xE7, 0xC0, 0x78,
  0x7C, 0x0E, 0x07, 0x81, 0x80, 0xF8, 0x70, 0x0F, 0x0C, 0x01, 0xF3, 0x00,
  0x1E, 0x60, 0x01, 0xF8, 0x07, 0xFF, 0xF8, 0xFF, 0xFF, 0x00, 0x78, 0x00,
  0x0F, 0x00, 0x01, 0xE0, 0x0F, 0xFF, 0xF0, 0x07, 0x80, 0x00, 0xF0, 0x00,
  0x1E, 0x00, 0x1F, 0xF8, 0x03, 0xFF, 0x00, 0xFF, 0xFF, 0xFF, 0xFF, 0x80,
  0x07, 0xFF, 0xFF, 0xFF, 0xFF, 0x80, 0x01, 0x00, 0x7F, 0xE3, 0xC7, 0x9E,
  0x0E, 0x70, 0x19, 0xE0, 0x67, 0xC0, 0x0F, 0xC0, 0x3F, 0xC1, 0xBF, 0xC6,
  0x3F, 0xB8, 0x3F, 0xE0, 0x3D, 0xC0, 0x77, 0xC0, 0xDF, 0xC3, 0x3F, 0xDC,
  0x3F, 0xE0, 0x3F, 0x80, 0x3F, 0x60, 0x3D, 0x80, 0x77, 0x03, 0xDE, 0x1E,
  0x7F, 0xF0, 0x3F, 0x00, 0x71, 0xDE, 0x3F, 0xC7, 0x38, 0xE0, 0x00, 0xFE,
  0x00, 0x0F, 0xFF, 0x00, 0x38, 0x03, 0x80, 0xC0, 0x03, 0x83, 0x00, 0x03,
  0x8C, 0x0F, 0xC3, 0x18, 0x3F, 0xC3, 0x60, 0xC3, 0x86, 0xC3, 0x83, 0x05,
  0x86, 0x00, 0x0E, 0x1C, 0x00, 0x1C, 0x38, 0x00, 0x38, 0x70, 0x00, 0x78,
  0x70, 0x00, 0xF0, 0xE0, 0x01, 0xE1, 0xF1, 0x86, 0x61, 0xFE, 0x0C, 0xC1,
  0xF8, 0x30, 0xC0, 0x00, 0xE0, 0xC0, 0x03, 0x80, 0xE0, 0x0E, 0x00, 0xF0,
  0xF8, 0x00, 0x7F, 0x80, 0x00, 0x3F, 0x0F, 0xFC, 0x43, 0xC0, 0x1C, 0x01,
  0xC1, 0xFC, 0x7F, 0xCF, 0x1C, 0xE1, 0xCE, 0x1C, 0xF3, 0xCF, 0xFF, 0x38,
  0xF0, 0x06, 0x06, 0x1C, 0x18, 0x70, 0x71, 0xC1, 0xC7, 0x8F, 0x1E, 0x3E,
  0x3C, 0x78, 0x78, 0xF0, 0xF8, 0xF0, 0xF0, 0xF0, 0xF0, 0xE0, 0xE0, 0xE0,
  0xE0, 0xE0, 0x80, 0x80, 0xFF, 0xFF, 0xFF, 0xC0, 0x0E, 0x00, 0x70, 0x03,
  0x80, 0x1C, 0x00, 0xE0, 0x07, 0xFF, 0xFF, 0xFF, 0xFF, 0xFF, 0xFF, 0xFF,
  0xFF, 0xFF, 0xFF, 0xBF, 0x9F, 0xE3, 0xF3, 0xFE, 0x3C, 0xFF, 0xF3, 0x3F,
  0xFF, 0x0F, 0xFF, 0xF3, 0xFF, 0xFC, 0x3F, 0xFF, 0x23, 0xFF, 0x8E, 0x3F,
  0xE1, 0xE3, 0xFE, 0x7E, 0x3F, 0xFF, 0xEF, 0xFF, 0xFF, 0xFF, 0xFF, 0xFF,
  0xFF, 0xFF, 0x80, 0x00, 0xFE, 0x00, 0x0F, 0xFF, 0x00, 0x38, 0x03, 0x80,
  0xC0, 0x03, 0x83, 0x00, 0x03, 0x8C, 0x7F, 0x83, 0x18, 0xFF, 0xC3, 0x60,
  0xE3, 0x86, 0xC1, 0xC3, 0x85, 0x83, 0x8E, 0x0E, 0x07, 0x1C, 0x1C, 0x0F,
  0xF0, 0x38, 0x1F, 0xC0, 0x78, 0x39, 0xC0, 0xF0, 0x71, 0xC1, 0xE0, 0xE3,
  0x86, 0x61, 0xC3, 0xCC, 0xC7, 0xC7, 0xB0, 0xC0, 0x00, 0xE0, 0xC0, 0x03,
  0x80, 0xE0, 0x0E, 0x00, 0xF0, 0xF8, 0x00, 0x7F, 0x80, 0x00, 0xFF, 0xFF,
  0xFF, 0xE0, 0x3E, 0x1F, 0xCE, 0x3B, 0x07, 0xC1, 0xF0, 0x7E, 0x19, 0xFE,
  0x3F, 0x02, 0x00, 0x07, 0x00, 0x38, 0x01, 0xC0, 0x0E, 0x00, 0x70, 0x7F,
  0xFF, 0xFF, 0xFE, 0xEF, 0x07, 0x00, 0x38, 0x01, 0xC0, 0x00, 0x00, 0x00,
  0x7F, 0xFF, 0xFF, 0xE0, 0x3F, 0x0F, 0xF3, 0x8F, 0x20, 0xE0, 0x1C, 0x07,
  0x00, 0xE0, 0x38, 0x0E, 0x03, 0x8C, 0xE1, 0xFF, 0xF7, 0xFC, 0x3F, 0x3F,
  0xE4, 0x38, 0x0E, 0x03, 0x83, 0xC3, 0xF0, 0x0F, 0x01, 0xC0, 0x70, 0x3D,
  0xFE, 0x7F, 0x00, 0x0C, 0x0F, 0x1E, 0x3C, 0x78, 0xF0, 0x40, 0x08, 0x05,
  0xF1, 0xFB, 0xE1, 0xF3, 0xC1, 0xE7, 0x83, 0xCF, 0x07, 0x9E, 0x0F, 0x3C,
  0x1E, 0x78, 0x3C, 0xF0, 0x79, 0xE0, 0xF3, 0xC1, 0xE7, 0x83, 0xCF, 0x8F,
  0x9F, 0xF7, 0xBF, 0xEF, 0x78, 0x00, 0xF0, 0x01, 0xE0, 0x03, 0xC0, 0x07,
  0x80, 0x00, 0x0F, 0xFF, 0x9F, 0xFF, 0xDF, 0xE3, 0x9F, 0xF1, 0xCF, 0xF8,
  0xE7, 0xFC, 0x73, 0xFE, 0x39, 0xFF, 0x1C, 0xFF, 0x8E, 0x7F, 0xC7, 0x1F,
  0xE3, 0x87, 0xF1, 0xC0, 0x38, 0xE0, 0x1C, 0x70, 0x0E, 0x38, 0x07, 0x1C,
  0x03, 0x8E, 0x01, 0xC7, 0x00, 0xE3, 0x80, 0x71, 0xC0, 0x38, 0xE0, 0xFC,
  0x7C, 0x7E, 0x3E, 0x77, 0xFF, 0xE0, 0x38, 0x61, 0xC7, 0xFF, 0xFF, 0x00,
  0x1C, 0x7E, 0x1F, 0x03, 0x81, 0xC0, 0xE0, 0x70, 0x38, 0x1C, 0x0E, 0x07,
  0x03, 0xC7, 0xF8, 0x1F, 0x83, 0xFC, 0x71, 0xEF, 0x0E, 0xE0, 0xFE, 0x0F,
  0xE0, 0xFE, 0x0F, 0xF0, 0xFF, 0x0E, 0x70, 0xE3, 0xFC, 0x0F, 0x00, 0xC0,
  0xC0, 0xC1, 0xC1, 0xE1, 0xC1, 0xE1, 0xC1, 0xE3, 0xC3, 0xE3, 0xC3, 0xC7,
  0x87, 0x8F, 0x1E, 0x1E, 0x78, 0x78, 0xE1, 0xE3, 0x83, 0x8E, 0x0E, 0x08,
  0x08, 0x00, 0x1C, 0x00, 0xE0, 0xFC, 0x01, 0xC0, 0x7C, 0x01, 0x80, 0x1C,
  0x01, 0x80, 0x1C, 0x03, 0x00, 0x1C, 0x03, 0x00, 0x1C, 0x06, 0x00, 0x1C,
  0x06, 0x00, 0x1C, 0x0E, 0x00, 0x1C, 0x0C, 0x78, 0x1C, 0x1C, 0x70, 0x1E,
  0x18, 0x70, 0x7F, 0xB8, 0xE0, 0x00, 0x30, 0xE0, 0x00, 0x71, 0xCC, 0x00,
  0x63, 0x8C, 0x00, 0xE3, 0x8C, 0x00, 0xC7, 0x3F, 0x01, 0xC3, 0xFF, 0x01,
  0x80, 0x1C, 0x03, 0x80, 0x1C, 0x03, 0x00, 0x1C, 0x07, 0x00, 0x00, 0x1C,
  0x00, 0xE0, 0x7E, 0x00, 0xE0, 0x1F, 0x00, 0x60, 0x03, 0x80, 0x30, 0x01,
  0xC0, 0x30, 0x00, 0xE0, 0x18, 0x00, 0x70, 0x18, 0x00, 0x38, 0x0C, 0x00,
  0x1C, 0x0E, 0x00, 0x0E, 0x06, 0x7E, 0x07, 0x07, 0x7F, 0x83, 0xC3, 0x71,
  0xE7, 0xFB, 0x90, 0x70, 0x01, 0x80, 0x38, 0x01, 0xC0, 0x38, 0x00, 0xC0,
  0x1C, 0x00, 0xE0, 0x1C, 0x00, 0x60, 0x1C, 0x00, 0x70, 0x1C, 0x60, 0x30,
  0x1C, 0x30, 0x38, 0x3F, 0xF8, 0x18, 0x0F, 0xF8, 0x1C, 0x00, 0x00, 0x3F,
  0x00, 0x70, 0x3F, 0xE0, 0x38, 0x04, 0x38, 0x0C, 0x00, 0x0E, 0x03, 0x00,
  0x03, 0x81, 0x80, 0x03, 0xC0, 0x60, 0x03, 0xF0, 0x30, 0x00, 0x0F, 0x0C,
  0x00, 0x01, 0xC7, 0x00, 0x00, 0x71, 0x87, 0x80, 0x3C, 0xE1, 0xC1, 0xFE,
  0x30, 0x70, 0x7F, 0x1C, 0x38, 0x00, 0x06, 0x0E, 0x00, 0x03, 0x87, 0x30,
  0x00, 0xC3, 0x8C, 0x00, 0x70, 0xE3, 0x00, 0x18, 0x73, 0xF0, 0x0E, 0x0F,
  0xFC, 0x03, 0x00, 0x1C, 0x01, 0xC0, 0x07, 0x00, 0x60, 0x01, 0xC0, 0x38,
  0x00, 0x00, 0x02, 0x00, 0xF0, 0x3E, 0x03, 0xC0, 0x70, 0x00, 0x00, 0x00,
  0x00, 0x03, 0x00, 0x70, 0x0E, 0x01, 0xC0, 0x78, 0x1E, 0x0F, 0x83, 0xC0,
  0xF0, 0x1E, 0x03, 0xC0, 0x78, 0x0F, 0x01, 0xE0, 0x1F, 0x03, 0xFF, 0x1F,
  0xE0, 0x70, 0x01, 0x00, 0x00, 0x78, 0x00, 0x03, 0xC0, 0x00, 0x1E, 0x00,
  0x00, 0x40, 0x00, 0x00, 0x00, 0x00, 0xF0, 0x00, 0x1F, 0x00, 0x01, 0xF8,
  0x00, 0x1F, 0x80, 0x03, 0xB8, 0x00, 0x3B, 0xC0, 0x03, 0x3C, 0x00, 0x73,
  0xC0, 0x07, 0x1E, 0x00, 0x61, 0xE0, 0x0E, 0x1E, 0x00, 0xE1, 0xF0, 0x0C,
  0x0F, 0x01, 0xC0, 0xF0, 0x1F, 0xFF, 0x81, 0xFF, 0xF8, 0x38, 0x07, 0x83,
  0x80, 0x7C, 0x78, 0x07, 0xCF, 0xE0, 0xFF, 0xFE, 0x0F, 0xF0, 0x00, 0x18,
  0x00, 0x03, 0xC0, 0x00, 0x38, 0x00, 0x0F, 0x00, 0x00, 0x60, 0x00, 0x00,
  0x00, 0x00, 0xF0, 0x00, 0x1F, 0x00, 0x01, 0xF8, 0x00, 0x1F, 0x80, 0x03,
  0xB8, 0x00, 0x3B, 0xC0, 0x03, 0x3C, 0x00, 0x73, 0xC0, 0x07, 0x1E, 0x00,
  0x61, 0xE0, 0x0E, 0x1E, 0x00, 0xE1, 0xF0, 0x0C, 0x0F, 0x01, 0xC0, 0xF0,
  0x1F, 0xFF, 0x81, 0xFF, 0xF8, 0x38, 0x07, 0x83, 0x80, 0x7C, 0x78, 0x07,
  0xCF, 0xE0, 0xFF, 0xFE, 0x0F, 0xF0, 0x00, 0xE0, 0x00, 0x1F, 0x00, 0x03,
  0xF8, 0x00, 0x71, 0xC0, 0x0E, 0x0C, 0x00, 0x00, 0x00, 0x00, 0xF0, 0x00,
  0x1F, 0x00, 0x01, 0xF8, 0x00, 0x1F, 0x80, 0x03, 0xB8, 0x00, 0x3B, 0xC0,
  0x03, 0x3C, 0x00, 0x73, 0xC0, 0x07, 0x1E, 0x00, 0x61, 0xE0, 0x0E, 0x1E,
  0x00, 0xE1, 0xF0, 0x0C, 0x0F, 0x01, 0xC0, 0xF0, 0x1F, 0xFF, 0x81, 0xFF,
  0xF8, 0x38, 0x07, 0x83, 0x80, 0x7C, 0x78, 0x07, 0xCF, 0xE0, 0xFF, 0xFE,
  0x0F, 0xF0, 0x03, 0xC4, 0x00, 0x3F, 0xE0, 0x06, 0x7C, 0x00, 0x21, 0x80,
  0x00, 0x00, 0x00, 0x0F, 0x00, 0x01, 0xF0, 0x00, 0x1F, 0x80, 0x01, 0xF8,
  0x00, 0x3B, 0x80, 0x03, 0xBC, 0x00, 0x33, 0xC0, 0x07, 0x3C, 0x00, 0x71,
  0xE0, 0x06, 0x1E, 0x00, 0xE1, 0xE0, 0x0E, 0x1F, 0x00, 0xC0, 0xF0, 0x1C,
  0x0F, 0x01, 0xFF, 0xF8, 0x1F, 0xFF, 0x83, 0x80, 0x78, 0x38, 0x07, 0xC7,
  0x80, 0x7C, 0xFE, 0x0F, 0xFF, 0xE0, 0xFF, 0x02, 0x08, 0x00, 0x73, 0xC0,
  0x0F, 0x3C, 0x00, 0x73, 0xC0, 0x07, 0x18, 0x00, 0x00, 0x00, 0x00, 0xF0,
  0x00, 0x1F, 0x00, 0x01, 0xF8, 0x00, 0x1F, 0x80, 0x03, 0xB8, 0x00, 0x3B,
  0xC0, 0x03, 0x3C, 0x00, 0x73, 0xC0, 0x07, 0x1E, 0x00, 0x61, 0xE0, 0x0E,
  0x1E, 0x00, 0xE1, 0xF0, 0x0C, 0x0F, 0x01, 0xC0, 0xF0, 0x1F, 0xFF, 0x81,
  0xFF, 0xF8, 0x38, 0x07, 0x83, 0x80, 0x7C, 0x78, 0x07, 0xCF, 0xE0, 0xFF,
  0xFE, 0x0F, 0xF0, 0x01, 0xE0, 0x00, 0x3F, 0x00, 0x03, 0x18, 0x00, 0x61,
  0x80, 0x03, 0x18, 0x00, 0x33, 0x80, 0x01, 0xF0, 0x00, 0x00, 0x00, 0x00,
  0xF0, 0x00, 0x1F, 0x00, 0x01, 0xF8, 0x00, 0x1F, 0x80, 0x03, 0xB8, 0x00,
  0x3B, 0xC0, 0x03, 0x3C, 0x00, 0x73, 0xC0, 0x07, 0x1E, 0x00, 0x61, 0xE0,
  0x0E, 0x1E, 0x00, 0xE1, 0xF0, 0x0C, 0x0F, 0x01, 0xC0, 0xF0, 0x1F, 0xFF,
  0x81, 0xFF, 0xF8, 0x38, 0x07, 0x83, 0x80, 0x7C, 0x78, 0x07, 0xCF, 0xE0,
  0xFF, 0xFE, 0x0F, 0xF0, 0x07, 0xFF, 0xFF, 0xC0, 0x3C, 0xF0, 0x78, 0x03,
  0x9E, 0x07, 0x00, 0x73, 0xC0, 0x60, 0x1C, 0x78, 0x00, 0x03, 0x8F, 0x00,
  0x00, 0x61, 0xE1, 0x80, 0x1C, 0x3C, 0x30, 0x03, 0x87, 0x9E, 0x00, 0xE0,
  0xFF, 0xC0, 0x1C, 0x1E, 0x38, 0x07, 0x83, 0xC3, 0x00, 0xFF, 0xF8, 0x60,
  0x1F, 0xFF, 0x00, 0x07, 0x01, 0xE0, 0x10, 0xE0, 0x3C, 0x03, 0x3C, 0x07,
  0x80, 0xE7, 0x00, 0xF0, 0x1F, 0xF8, 0x7F, 0xFF, 0xFF, 0x0F, 0xFF, 0xF0,
  0x00, 0x78, 0x01, 0xFF, 0xC3, 0xE3, 0xE3, 0xC0, 0xF3, 0xC0, 0x79, 0xE0,
  0x19, 0xF0, 0x0C, 0xF0, 0x00, 0x78, 0x00, 0x3C, 0x00, 0x3E, 0x00, 0x1F,
  0x00, 0x07, 0x80, 0x03, 0xC0, 0x01, 0xE0, 0x00, 0xF8, 0x00, 0x3C, 0x03,
  0x9F, 0x01, 0xC7, 0xC1, 0xE1, 0xFF, 0xE0, 0x3F, 0xE0, 0x01, 0x80, 0x00,
  0xC0, 0x00, 0x70, 0x00, 0x38, 0x00, 0xFC, 0x00, 0x7E, 0x00, 0x3C, 0x00,
  0x04, 0x00, 0x0F, 0x00, 0x03, 0xC0, 0x00, 0xF0, 0x00, 0x10, 0x00, 0x00,
  0x00, 0x00, 0x01, 0xFF, 0xFC, 0x7C, 0x1E, 0x1E, 0x03, 0x0F, 0x01, 0x87,
  0x80, 0x03, 0xC0, 0x01, 0xE1, 0x80, 0xF0, 0xC0, 0x78, 0xE0, 0x3F, 0xF0,
  0x1E, 0x18, 0x0F, 0x0C, 0x07, 0x86, 0x03, 0xC0, 0x01, 0xE0, 0x10, 0xF0,
  0x0E, 0x78, 0x06, 0x3C, 0x07, 0x7F, 0xFF, 0xBF, 0xFF, 0xC0, 0x00, 0x60,
  0x00, 0x78, 0x00, 0x38, 0x00, 0x78, 0x00, 0x18, 0x00, 0x00, 0x00, 0x00,
  0x01, 0xFF, 0xFC, 0x7C, 0x1E, 0x1E, 0x03, 0x0F, 0x01, 0x87, 0x80, 0x03,
  0xC0, 0x01, 0xE1, 0x80, 0xF0, 0xC0, 0x78, 0xE0, 0x3F, 0xF0, 0x1E, 0x18,
  0x0F, 0x0C, 0x07, 0x86, 0x03, 0xC0, 0x01, 0xE0, 0x10, 0xF0, 0x0E, 0x78,
  0x06, 0x3C, 0x07, 0x7F, 0xFF, 0xBF, 0xFF, 0xC0, 0x01, 0xC0, 0x01, 0xF0,
  0x01, 0xFC, 0x01, 0xC7, 0x01, 0xC1, 0x80, 0x00, 0x00, 0x00, 0x01, 0xFF,
  0xFC, 0x7C, 0x1E, 0x1E, 0x03, 0x0F, 0x01, 0x87, 0x80, 0x03, 0xC0, 0x01,
  0xE1, 0x80, 0xF0, 0xC0, 0x78, 0xE0, 0x3F, 0xF0, 0x1E, 0x18, 0x0F, 0x0C,
  0x07, 0x86, 0x03, 0xC0, 0x01, 0xE0, 0x10, 0xF0, 0x0E, 0x78, 0x06, 0x3C,
  0x07, 0x7F, 0xFF, 0xBF, 0xFF, 0xC0, 0x04, 0x10, 0x07, 0x3C, 0x07, 0x9E,
  0x01, 0xCF, 0x00, 0xE3, 0x00, 0x00, 0x00, 0x00, 0x01, 0xFF, 0xFC, 0x7C,
  0x1E, 0x1E, 0x03, 0x0F, 0x01, 0x87, 0x80, 0x03, 0xC0, 0x01, 0xE1, 0x80,
  0xF0, 0xC0, 0x78, 0xE0, 0x3F, 0xF0, 0x1E, 0x18, 0x0F, 0x0C, 0x07, 0x86,
  0x03, 0xC0, 0x01, 0xE0, 0x10, 0xF0, 0x0E, 0x78, 0x06, 0x3C, 0x07, 0x7F,
  0xFF, 0xBF, 0xFF, 0xC0, 0x20, 0x78, 0x1E, 0x07, 0x80, 0x80, 0x00, 0x01,
  0xFF, 0x7F, 0x1E, 0x0F, 0x07, 0x83, 0xC1, 0xE0, 0xF0, 0x78, 0x3C, 0x1E,
  0x0F, 0x07, 0x83, 0xC1, 0xE0, 0xF0, 0x78, 0x3C, 0x7F, 0xFF, 0xE0, 0x03,
  0x03, 0xC1, 0xC3, 0xC0, 0xC0, 0x00, 0x01, 0xFF, 0x7F, 0x1E, 0x0F, 0x07,
  0x83, 0xC1, 0xE0, 0xF0, 0x78, 0x3C, 0x1E, 0x0F, 0x07, 0x83, 0xC1, 0xE0,
  0xF0, 0x78, 0x3C, 0x7F, 0xFF, 0xE0, 0x0E, 0x07, 0xC3, 0xF9, 0xC7, 0xE0,
  0xC0, 0x00, 0x01, 0xFF, 0x3F, 0x87, 0x81, 0xE0, 0x78, 0x1E, 0x07, 0x81,
  0xE0, 0x78, 0x1E, 0x07, 0x81, 0xE0, 0x78, 0x1E, 0x07, 0x81, 0xE0, 0x78,
  0x1E, 0x1F, 0xF7, 0xFC, 0x20, 0x9C, 0xFF, 0x3D, 0xCF, 0x71, 0x80, 0x00,
  0x01, 0xFF, 0x3F, 0x87, 0x81, 0xE0, 0x78, 0x1E, 0x07, 0x81, 0xE0, 0x78,
  0x1E, 0x07, 0x81, 0xE0, 0x78, 0x1E, 0x07, 0x81, 0xE0, 0x78, 0x1E, 0x1F,
  0xF7, 0xFC, 0x01, 0xE0, 0x1F, 0xFF, 0x81, 0xF0, 0xFC, 0x1E, 0x07, 0xC3,
  0xC0, 0x7C, 0x78, 0x07, 0x8F, 0x00, 0xF9, 0xE0, 0x1F, 0x3C, 0x01, 0xE7,
  0x80, 0x3F, 0xFF, 0x07, 0x9E, 0x00, 0xF3, 0xC0, 0x1E, 0x78, 0x07, 0xCF,
  0x00, 0xF1, 0xE0, 0x1E, 0x3C, 0x03, 0xC7, 0x80, 0xF0, 0xF0, 0x3C, 0x7F,
  0xFF, 0x0F, 0xFF, 0x80, 0x03, 0xC4, 0x00, 0x3F, 0xE0, 0x06, 0x7C, 0x00,
  0x21, 0x80, 0x00, 0x00, 0x00, 0x00, 0x00, 0xFE, 0x07, 0xF7, 0xF0, 0x1E,
  0x3F, 0x00, 0xC3, 0xF8, 0x0C, 0x37, 0x80, 0xC3, 0x3C, 0x0C, 0x33, 0xE0,
  0xC3, 0x1E, 0x0C, 0x31, 0xF0, 0xC3, 0x0F, 0x8C, 0x30, 0x78, 0xC3, 0x07,
  0xCC, 0x30, 0x3E, 0xC3, 0x01, 0xEC, 0x30, 0x1F, 0xC3, 0x00, 0xFC, 0x30,
  0x07, 0xC3, 0x00, 0x7C, 0xFE, 0x03, 0xCF, 0xE0, 0x3C, 0x02, 0x00, 0x03,
  0xC0, 0x00, 0x78, 0x00, 0x0F, 0x00, 0x00, 0x80, 0x00, 0x00, 0x00, 0x0C,
  0x00, 0x1F, 0xF0, 0x1E, 0x1E, 0x0F, 0x03, 0xC7, 0x80, 0x79, 0xE0, 0x1E,
  0x78, 0x07, 0xFE, 0x01, 0xFF, 0x00, 0x3F, 0xC0, 0x0F, 0xF0, 0x03, 0xFC,
  0x00, 0xFF, 0x00, 0x3F, 0xC0, 0x0F, 0xF8, 0x07, 0xFE, 0x01, 0xE7, 0x80,
  0x79, 0xF0, 0x3C, 0x3C, 0x0E, 0x07, 0xCF, 0x00, 0x7F, 0x80, 0x00, 0x30,
  0x00, 0x1E, 0x00, 0x07, 0x00, 0x07, 0x80, 0x00, 0xC0, 0x00, 0x00, 0x00,
  0x0C, 0x00, 0x1F, 0xF0, 0x1E, 0x1E, 0x0F, 0x03, 0xC7, 0x80, 0x79, 0xE0,
  0x1E, 0x78, 0x07, 0xFE, 0x01, 0xFF, 0x00, 0x3F, 0xC0, 0x0F, 0xF0, 0x03,
  0xFC, 0x00, 0xFF, 0x00, 0x3F, 0xC0, 0x0F, 0xF8, 0x07, 0xFE, 0x01, 0xE7,
  0x80, 0x79, 0xF0, 0x3C, 0x3C, 0x0E, 0x07, 0xCF, 0x00, 0x7F, 0x80, 0x00,
  0xE0, 0x00, 0x7C, 0x00, 0x3F, 0x80, 0x1C, 0x70, 0x0E, 0x0C, 0x00, 0x00,
  0x00, 0x0C, 0x00, 0x1F, 0xF0, 0x1E, 0x1E, 0x0F, 0x03, 0xC7, 0x80, 0x79,
  0xE0, 0x1E, 0x78, 0x07, 0xFE, 0x01, 0xFF, 0x00, 0x3F, 0xC0, 0x0F, 0xF0,
  0x03, 0xFC, 0x00, 0xFF, 0x00, 0x3F, 0xC0, 0x0F, 0xF8, 0x07, 0xFE, 0x01,
  0xE7, 0x80, 0x79, 0xF0, 0x3C, 0x3C, 0x0E, 0x07, 0xCF, 0x00, 0x7F, 0x80,
  0x07, 0x88, 0x01, 0xFF, 0x00, 0xCF, 0x80, 0x10, 0xC0, 0x00, 0x00, 0x00,
  0x30, 0x00, 0x7F, 0xC0, 0x78, 0x78, 0x3C, 0x0F, 0x1E, 0x01, 0xE7, 0x80,
  0x79, 0xE0, 0x1F, 0xF8, 0x07, 0xFC, 0x00, 0xFF, 0x00, 0x3F, 0xC0, 0x0F,
  0xF0, 0x03, 0xFC, 0x00, 0xFF, 0x00, 0x3F, 0xE0, 0x1F, 0xF8, 0x07, 0x9E,
  0x01, 0xE7, 0xC0, 0xF0, 0xF0, 0x38, 0x1F, 0x3C, 0x01, 0xFE, 0x00, 0x02,
  0x08, 0x01, 0xCF, 0x00, 0xF3, 0xC0, 0x1C, 0xF0, 0x07, 0x18, 0x00, 0x00,
  0x00, 0x0C, 0x00, 0x1F, 0xF0, 0x1E, 0x1E, 0x0F, 0x03, 0xC7, 0x80, 0x79,
  0xE0, 0x1E, 0x78, 0x07, 0xFE, 0x01, 0xFF, 0x00, 0x3F, 0xC0, 0x0F, 0xF0,
  0x03, 0xFC, 0x00, 0xFF, 0x00, 0x3F, 0xC0, 0x0F, 0xF8, 0x07, 0xFE, 0x01,
  0xE7, 0x80, 0x79, 0xF0, 0x3C, 0x3C, 0x0E, 0x07, 0xCF, 0x00, 0x7F, 0x80,
  0x60, 0x27, 0x83, 0xFC, 0x3C, 0x73, 0xC1, 0xFC, 0x07, 0xC0, 0x3C, 0x03,
  0xF0, 0x3D, 0xC3, 0xC7, 0x3C, 0x1E, 0xC0, 0xE4, 0x02, 0x00, 0x00, 0x06,
  0x00, 0x01, 0x00, 0x0C, 0x40, 0x1F, 0xF0, 0x1E, 0x1E, 0x0F, 0x07, 0xC7,
  0x81, 0x79, 0xE0, 0x5E, 0x78, 0x27, 0xFE, 0x09, 0xFF, 0x06, 0x3F, 0xC1,
  0x0F, 0xF0, 0x43, 0xFC, 0x20, 0xFF, 0x08, 0x3F, 0xC6, 0x0F, 0xF9, 0x07,
  0xFE, 0x41, 0xE7, 0xA0, 0x79, 0xF8, 0x3C, 0x3E, 0x0E, 0x07, 0xCF, 0x00,
  0x7F, 0x80, 0x20, 0x00, 0x08, 0x00, 0x02, 0x00, 0x00, 0x01, 0x00, 0x00,
  0xF0, 0x00, 0x0F, 0x00, 0x00, 0xF0, 0x00, 0x04, 0x00, 0x00, 0x00, 0x00,
  0x00, 0x07, 0xF8, 0x7F, 0xFE, 0x07, 0xCF, 0x80, 0x31, 0xF0, 0x06, 0x3E,
  0x00, 0xC7, 0xC0, 0x18, 0xF8, 0x03, 0x1F, 0x00, 0x63, 0xE0, 0x0C, 0x7C,
  0x01, 0x8F, 0x80, 0x31, 0xF0, 0x06, 0x3E, 0x00, 0xC7, 0xC0, 0x38, 0x78,
  0x07, 0x0F, 0x00, 0xE1, 0xE0, 0x18, 0x1E, 0x07, 0x01, 0xFF, 0xC0, 0x1F,
  0xE0, 0x00, 0x00, 0x18, 0x00, 0x07, 0x80, 0x00, 0xE0, 0x00, 0x78, 0x00,
  0x06, 0x00, 0x00, 0x00, 0x00, 0x00, 0x07, 0xF8, 0x7F, 0xFE, 0x07, 0xCF,
  0x80, 0x31, 0xF0, 0x06, 0x3E, 0x00, 0xC7, 0xC0, 0x18, 0xF8, 0x03, 0x1F,
  0x00, 0x63, 0xE0, 0x0C, 0x7C, 0x01, 0x8F, 0x80, 0x31, 0xF0, 0x06, 0x3E,
  0x00, 0xC7, 0xC0, 0x38, 0x78, 0x07, 0x0F, 0x00, 0xE1, 0xE0, 0x18, 0x1E,
  0x07, 0x01, 0xFF, 0xC0, 0x1F, 0xE0, 0x00, 0x00, 0xE0, 0x00, 0x3E, 0x00,
  0x0F, 0xE0, 0x03, 0x8E, 0x00, 0xE0, 0xC0, 0x00, 0x00, 0x00, 0x00, 0x07,
  0xF8, 0x7F, 0xFE, 0x07, 0xCF, 0x80, 0x31, 0xF0, 0x06, 0x3E, 0x00, 0xC7,
  0xC0, 0x18, 0xF8, 0x03, 0x1F, 0x00, 0x63, 0xE0, 0x0C, 0x7C, 0x01, 0x8F,
  0x80, 0x31, 0xF0, 0x06, 0x3E, 0x00, 0xC7, 0xC0, 0x38, 0x78, 0x07, 0x0F,
  0x00, 0xE1, 0xE0, 0x18, 0x1E, 0x07, 0x01, 0xFF, 0xC0, 0x1F, 0xE0, 0x00,
  0x02, 0x08, 0x00, 0xE7, 0x80, 0x3C, 0xF0, 0x03, 0x9E, 0x00, 0x71, 0x80,
  0x00, 0x00, 0x00, 0x00, 0x07, 0xF8, 0x7F, 0xFE, 0x07, 0xCF, 0x80, 0x31,
  0xF0, 0x06, 0x3E, 0x00, 0xC7, 0xC0, 0x18, 0xF8, 0x03, 0x1F, 0x00, 0x63,
  0xE0, 0x0C, 0x7C, 0x01, 0x8F, 0x80, 0x31, 0xF0, 0x06, 0x3E, 0x00, 0xC7,
  0xC0, 0x38, 0x78, 0x07, 0x0F, 0x00, 0xE1, 0xE0, 0x18, 0x1E, 0x07, 0x01,
  0xFF, 0xC0, 0x1F, 0xE0, 0x00, 0x00, 0x18, 0x00, 0x07, 0x80, 0x00, 0xE0,
  0x00, 0x78, 0x00, 0x06, 0x00, 0x00, 0x00, 0x00, 0x00, 0x07, 0xFC, 0x3F,
  0x7F, 0x07, 0xE7, 0xC0, 0x70, 0x7C, 0x0E, 0x07, 0x83, 0x80, 0xF8, 0x70,
  0x0F, 0x1C, 0x01, 0xF3, 0x00, 0x1E, 0x60, 0x03, 0xD8, 0x00, 0x3F, 0x00,
  0x03, 0xC0, 0x00, 0x78, 0x00, 0x0F, 0x00, 0x01, 0xE0, 0x00, 0x3C, 0x00,
  0x07, 0x80, 0x00, 0xF0, 0x00, 0xFF, 0xC0, 0x1F, 0xF8, 0x00, 0xFF, 0x80,
  0x3F, 0x80, 0x0F, 0x00, 0x07, 0x80, 0x03, 0xFF, 0xC1, 0xFF, 0xF0, 0xF0,
  0x7C, 0x78, 0x1E, 0x3C, 0x0F, 0x9E, 0x07, 0xCF, 0x03, 0xE7, 0x81, 0xE3,
  0xC1, 0xF1, 0xE1, 0xF0, 0xFF, 0xF0, 0x79, 0x80, 0x3C, 0x00, 0x1E, 0x00,
  0x3F, 0xE0, 0x1F, 0xF0, 0x00, 0x00, 0x40, 0x01, 0xFE, 0x03, 0xC7, 0x83,
  0xC3, 0xC1, 0xC0, 0xE1, 0xE0, 0xF0, 0xF0, 0x70, 0x78, 0x30, 0x3C, 0x30,
  0x1E, 0x38, 0x0F, 0x1C, 0x07, 0x8F, 0x03, 0xC7, 0xC1, 0xE1, 0xF0, 0xF0,
  0x7C, 0x78, 0x1F, 0x3C, 0x07, 0x9E, 0x03, 0xCF, 0x01, 0xE7, 0x81, 0xEF,
  0xCF, 0xF7, 0xE7, 0xE0, 0x18, 0x01, 0xE0, 0x03, 0xC0, 0x07, 0x80, 0x0F,
  0x00, 0x1E, 0x00, 0x10, 0x00, 0x00, 0x03, 0x00, 0xFF, 0x8F, 0xFF, 0x18,
  0x3C, 0x00, 0xF0, 0x01, 0xC0, 0x07, 0x07, 0xFC, 0x7F, 0x73, 0xE1, 0xCF,
  0x07, 0x3C, 0x1C, 0xF0, 0x73, 0xE3, 0xCF, 0xF7, 0xDF, 0x9F, 0x00, 0xC0,
  0x03, 0xC0, 0x1E, 0x00, 0xF0, 0x07, 0x80, 0x3C, 0x00, 0x40, 0x00, 0x00,
  0x03, 0x00, 0xFF, 0x8F, 0xFF, 0x18, 0x3C, 0x00, 0xF0, 0x01, 0xC0, 0x07,
  0x07, 0xFC, 0x7F, 0x73, 0xE1, 0xCF, 0x07, 0x3C, 0x1C, 0xF0, 0x73, 0xE3,
  0xCF, 0xF7, 0xDF, 0x9F, 0x07, 0x00, 0x1E, 0x00, 0xF8, 0x07, 0x70, 0x18,
  0xE0, 0xC1, 0xC6, 0x02, 0x00, 0x00, 0x03, 0x00, 0xFF, 0x8F, 0xFF, 0x18,
  0x3C, 0x00, 0xF0, 0x01, 0xC0, 0x07, 0x07, 0xFC, 0x7F, 0x73, 0xE1, 0xCF,
  0x07, 0x3C, 0x1C, 0xF0, 0x73, 0xE3, 0xCF, 0xF7, 0xDF, 0x9F, 0x08, 0x00,
  0xF9, 0x83, 0xFE, 0x18, 0xF0, 0x00, 0x80, 0x00, 0x00, 0x30, 0x0F, 0xF8,
  0xFF, 0xF1, 0x83, 0xC0, 0x0F, 0x00, 0x1C, 0x00, 0x70, 0x7F, 0xC7, 0xF7,
  0x3E, 0x1C, 0xF0, 0x73, 0xC1, 0xCF, 0x07, 0x3E, 0x3C, 0xFF, 0x7D, 0xF9,
  0xF0, 0x38, 0xE1, 0xE3, 0xC7, 0x8E, 0x0E, 0x38, 0x00, 0x00, 0x00, 0x00,
  0x30, 0x0F, 0xF8, 0xFF, 0xF1, 0x83, 0xC0, 0x0F, 0x00, 0x1C, 0x00, 0x70,
  0x7F, 0xC7, 0xF7, 0x3E, 0x1C, 0xF0, 0x73, 0xC1, 0xCF, 0x07, 0x3E, 0x3C,
  0xFF, 0x7D, 0xF9, 0xF0, 0x07, 0x00, 0x7E, 0x01, 0x8C, 0x0C, 0x30, 0x38,
  0xC0, 0x67, 0x00, 0xF8, 0x00, 0x00, 0x03, 0x00, 0xFF, 0x8F, 0xFF, 0x18,
  0x3C, 0x00, 0xF0, 0x01, 0xC0, 0x07, 0x07, 0xFC, 0x7F, 0x73, 0xE1, 0xCF,
  0x07, 0x3C, 0x1C, 0xF0, 0x73, 0xE3, 0xCF, 0xF7, 0xDF, 0x9F, 0x07, 0x01,
  0x80, 0xFF, 0x3F, 0xCF, 0xFF, 0xC7, 0x98, 0x3E, 0x1E, 0x00, 0xF8, 0x38,
  0x01, 0xC0, 0xE0, 0x07, 0x03, 0xC7, 0xFF, 0xFE, 0x7E, 0x7F, 0xFB, 0xE1,
  0xC0, 0x0F, 0x07, 0x00, 0x3C, 0x1E, 0x00, 0xF0, 0x78, 0x03, 0xE2, 0xF8,
  0x6F, 0xFB, 0xFF, 0x9F, 0x83, 0xF8, 0x03, 0x81, 0xFF, 0x3C, 0x77, 0x87,
  0x70, 0x7F, 0x07, 0xF0, 0x0F, 0x00, 0xF0, 0x0F, 0x00, 0xF0, 0x0F, 0x80,
  0x78, 0x07, 0xC3, 0x3F, 0xF1, 0xFC, 0x03, 0x00, 0x30, 0x03, 0x80, 0x38,
  0x1F, 0x81, 0xF8, 0x1E, 0x00, 0x0C, 0x01, 0xE0, 0x07, 0x80, 0x1E, 0x00,
  0x78, 0x01, 0xE0, 0x02, 0x00, 0x00, 0x03, 0x00, 0xFF, 0x0E, 0x3C, 0xE0,
  0xF7, 0x07, 0xF8, 0x3F, 0xC1, 0xFF, 0xFF, 0xFF, 0xFF, 0x80, 0x3C, 0x01,
  0xE0, 0x07, 0x80, 0x3E, 0x18, 0xFF, 0xE3, 0xFC, 0x00, 0x60, 0x03, 0xC0,
  0x3C, 0x03, 0xC0, 0x3C, 0x03, 0xC0, 0x08, 0x00, 0x00, 0x03, 0x00, 0xFF,
  0x0E, 0x3C, 0xE0, 0xF7, 0x07, 0xF8, 0x3F, 0xC1, 0xFF, 0xFF, 0xFF, 0xFF,
  0x80, 0x3C, 0x01, 0xE0, 0x07, 0x80, 0x3E, 0x18, 0xFF, 0xE3, 0xFC, 0x07,
  0x00, 0x3C, 0x03, 0xE0, 0x3B, 0x81, 0x8E, 0x18, 0x39, 0x80, 0x80, 0x00,
  0x03, 0x00, 0xFF, 0x0E, 0x3C, 0xE0, 0xF7, 0x07, 0xF8, 0x3F, 0xC1, 0xFF,
  0xFF, 0xFF, 0xFF, 0x80, 0x3C, 0x01, 0xE0, 0x07, 0x80, 0x3E, 0x18, 0xFF,
  0xE3, 0xFC, 0x1C, 0x71, 0xE3, 0xCF, 0x1C, 0x38, 0xE0, 0x00, 0x00, 0x00,
  0x0C, 0x03, 0xFC, 0x38, 0xF3, 0x83, 0xDC, 0x1F, 0xE0, 0xFF, 0x07, 0xFF,
  0xFF, 0xFF, 0xFE, 0x00, 0xF0, 0x07, 0x80, 0x1E, 0x00, 0xF8, 0x63, 0xFF,
  0x8F, 0xF0, 0x30, 0x3C, 0x07, 0x80, 0xF0, 0x1E, 0x03, 0xC0, 0x20, 0x00,
  0x02, 0x0F, 0xC3, 0xF0, 0x3C, 0x0F, 0x03, 0xC0, 0xF0, 0x3C, 0x0F, 0x03,
  0xC0, 0xF0, 0x3C, 0x0F, 0x03, 0xC3, 0xFC, 0xFF, 0x06, 0x03, 0xC3, 0xC3,
  0xC3, 0xC3, 0xC0, 0x80, 0x00, 0x08, 0x7E, 0x3F, 0x07, 0x83, 0xC1, 0xE0,
  0xF0, 0x78, 0x3C, 0x1E, 0x0F, 0x07, 0x83, 0xC1, 0xE3, 0xFD, 0xFE, 0x0E,
  0x01, 0xE0, 0x7C, 0x1D, 0xC3, 0x1C, 0xC1, 0xF0, 0x10, 0x00, 0x02, 0x07,
  0xE0, 0xFC, 0x07, 0x80, 0xF0, 0x1E, 0x03, 0xC0, 0x78, 0x0F, 0x01, 0xE0,
  0x3C, 0x07, 0x80, 0xF0, 0x1E, 0x0F, 0xF1, 0xFE, 0x71, 0xDE, 0x3F, 0xC7,
  0x38, 0xE0, 0x00, 0x00, 0x00, 0x81, 0xF8, 0x3F, 0x01, 0xE0, 0x3C, 0x07,
  0x80, 0xF0, 0x1E, 0x03, 0xC0, 0x78, 0x0F, 0x01, 0xE0, 0x3C, 0x07, 0x83,
  0xFC, 0x7F, 0x80, 0x01, 0x00, 0xCE, 0x07, 0xF0, 0x03, 0xC0, 0x0F, 0x80,
  0x77, 0x00, 0x8E, 0x00, 0x3C, 0x00, 0x78, 0x0F, 0xE1, 0xFF, 0xCF, 0x1F,
  0x78, 0x3D, 0xE0, 0xFF, 0x03, 0xFC, 0x0F, 0xF0, 0x3F, 0xC0, 0xFF, 0x03,
  0xFC, 0x0F, 0xF0, 0x3D, 0xE0, 0xE7, 0x87, 0x8F, 0xFC, 0x1F, 0xC0, 0x02,
  0x00, 0x07, 0xCC, 0x03, 0xFE, 0x03, 0x1E, 0x00, 0x02, 0x00, 0x00, 0x00,
  0x20, 0xC1, 0xF3, 0xF8, 0xFF, 0xFE, 0x1F, 0x0F, 0x0F, 0x07, 0x87, 0x83,
  0xC3, 0xC1, 0xE1, 0xE0, 0xF0, 0xF0, 0x78, 0x78, 0x3C, 0x3C, 0x1E, 0x1E,
  0x0F, 0x0F, 0x07, 0x87, 0x83, 0xCF, 0xE3, 0xFF, 0xF1, 0xFC, 0x0C, 0x00,
  0x78, 0x00, 0x78, 0x00, 0x78, 0x00, 0x78, 0x00, 0x78, 0x00, 0x20, 0x00,
  0x00, 0x03, 0x00, 0x3F, 0xE0, 0xF3, 0xE3, 0xC3, 0xC7, 0x03, 0xDE, 0x07,
  0xBC, 0x0F, 0x78, 0x1F, 0xF0, 0x3F, 0xE0, 0x7F, 0xC0, 0xF7, 0x81, 0xE7,
  0x83, 0xCF, 0x0F, 0x0F, 0xFC, 0x0F, 0xF0, 0x00, 0x60, 0x00, 0xF0, 0x03,
  0xC0, 0x0F, 0x00, 0x3C, 0x00, 0xF0, 0x00, 0x80, 0x00, 0x00, 0x03, 0x00,
  0x3F, 0xE0, 0xF3, 0xE3, 0xC3, 0xC7, 0x03, 0xDE, 0x07, 0xBC, 0x0F, 0x78,
  0x1F, 0xF0, 0x3F, 0xE0, 0x7F, 0xC0, 0xF7, 0x81, 0xE7, 0x83, 0xCF, 0x0F,
  0x0F, 0xFC, 0x0F, 0xF0, 0x03, 0x80, 0x07, 0x80, 0x1F, 0x00, 0x77, 0x00,
  0xC7, 0x03, 0x07, 0x0C, 0x04, 0x00, 0x00, 0x03, 0x00, 0x3F, 0xE0, 0xF3,
  0xE3, 0xC3, 0xC7, 0x03, 0xDE, 0x07, 0xBC, 0x0F, 0x78, 0x1F, 0xF0, 0x3F,
  0xE0, 0x7F, 0xC0, 0xF7, 0x81, 0xE7, 0x83, 0xCF, 0x0F, 0x0F, 0xFC, 0x0F,
  0xF0, 0x04, 0x00, 0x3E, 0x60, 0x7F, 0xC1, 0x8F, 0x00, 0x04, 0x00, 0x00,
  0x00, 0xC0, 0x0F, 0xF8, 0x3C, 0xF8, 0xF0, 0xF1, 0xC0, 0xF7, 0x81, 0xEF,
  0x03, 0xDE, 0x07, 0xFC, 0x0F, 0xF8, 0x1F, 0xF0, 0x3D, 0xE0, 0x79, 0xE0,
  0xF3, 0xC3, 0xC3, 0xFF, 0x03, 0xFC, 0x00, 0x1C, 0x70, 0x78, 0xF0, 0xF1,
  0xC0, 0xE3, 0x80, 0x00, 0x00, 0x00, 0x00, 0xC0, 0x0F, 0xF8, 0x3C, 0xF8,
  0xF0, 0xF1, 0xC0, 0xF7, 0x81, 0xEF, 0x03, 0xDE, 0x07, 0xFC, 0x0F, 0xF8,
  0x1F, 0xF0, 0x3D, 0xE0, 0x79, 0xE0, 0xF3, 0xC3, 0xC3, 0xFF, 0x03, 0xFC,
  0x00, 0x07, 0x00, 0xF0, 0x0F, 0x80, 0xF0, 0x00, 0x00, 0x00, 0x00, 0x0F,
  0xFF, 0xFF, 0xFF, 0xFF, 0x00, 0x00, 0x00, 0x07, 0x00, 0xF0, 0x0F, 0x00,
  0x70, 0x00, 0x10, 0x00, 0x20, 0x0E, 0xC0, 0xFF, 0x83, 0xCF, 0x8F, 0x0F,
  0x1C, 0x3F, 0x78, 0x5E, 0xF1, 0xBD, 0xE2, 0x7F, 0xC4, 0xFF, 0x91, 0xFF,
  0x23, 0xDE, 0x87, 0x9F, 0x0F, 0x3E, 0x3C, 0x3F, 0xF0, 0x3F, 0xC0, 0x40,
  0x01, 0x80, 0x00, 0x0C, 0x00, 0x3C, 0x00, 0x1E, 0x00, 0x0F, 0x00, 0x07,
  0x80, 0x03, 0xC0, 0x00, 0x80, 0x00, 0x00, 0x08, 0x04, 0xF8, 0xFC, 0xF8,
  0x7C, 0x78, 0x3C, 0x78, 0x3C, 0x78, 0x3C, 0x78, 0x3C, 0x78, 0x3C, 0x78,
  0x3C, 0x78, 0x3C, 0x78, 0x3C, 0x78, 0x3C, 0x78, 0x3C, 0x7C, 0x7C, 0x3F,
  0xDF, 0x1F, 0x9F, 0x00, 0x60, 0x00, 0x78, 0x00, 0xF0, 0x01, 0xE0, 0x03,
  0xC0, 0x07, 0x80, 0x02, 0x00, 0x00, 0x00, 0x08, 0x04, 0xF8, 0xFC, 0xF8,
  0x7C, 0x78, 0x3C, 0x78, 0x3C, 0x78, 0x3C, 0x78, 0x3C, 0x78, 0x3C, 0x78,
  0x3C, 0x78, 0x3C, 0x78, 0x3C, 0x78, 0x3C, 0x78, 0x3C, 0x7C, 0x7C, 0x3F,
  0xDF, 0x1F, 0x9F, 0x03, 0x80, 0x03, 0xC0, 0x07, 0xC0, 0x0E, 0xE0, 0x0C,
  0x70, 0x18, 0x38, 0x30, 0x10, 0x00, 0x00, 0x08, 0x04, 0xF8, 0xFC, 0xF8,
  0x7C, 0x78, 0x3C, 0x78, 0x3C, 0x78, 0x3C, 0x78, 0x3C, 0x78, 0x3C, 0x78,
  0x3C, 0x78, 0x3C, 0x78, 0x3C, 0x78, 0x3C, 0x78, 0x3C, 0x7C, 0x7C, 0x3F,
  0xDF, 0x1F, 0x9F, 0x1C, 0x70, 0x3C, 0x78, 0x3C, 0x70, 0x1C, 0x70, 0x00,
  0x00, 0x00, 0x00, 0x08, 0x04, 0xF8, 0xFC, 0xF8, 0x7C, 0x78, 0x3C, 0x78,
  0x3C, 0x78, 0x3C, 0x78, 0x3C, 0x78, 0x3C, 0x78, 0x3C, 0x78, 0x3C, 0x78,
  0x3C, 0x78, 0x3C, 0x78, 0x3C, 0x7C, 0x7C, 0x3F, 0xDF, 0x1F, 0x9F, 0x00,
  0x30, 0x00, 0x3C, 0x00, 0x78, 0x00, 0xF0, 0x01, 0xE0, 0x03, 0xC0, 0x01,
  0x00, 0x00, 0x00, 0x00, 0x00, 0xFF, 0x3F, 0x7E, 0x1F, 0x3C, 0x0E, 0x3C,
  0x0C, 0x3C, 0x1C, 0x1E, 0x1C, 0x1E, 0x18, 0x0E, 0x38, 0x0F, 0x38, 0x0F,
  0x30, 0x07, 0x70, 0x07, 0xF0, 0x07, 0xE0, 0x03, 0xE0, 0x03, 0xE0, 0x00,
  0xC0, 0x01, 0xC0, 0x01, 0x80, 0x03, 0x80, 0x1F, 0x00, 0x1F, 0x00, 0x1C,
  0x00, 0xFC, 0x00, 0xFC, 0x00, 0x3C, 0x00, 0x3C, 0x00, 0x3C, 0x00, 0x3C,
  0x00, 0x3C, 0x60, 0x3D, 0xFC, 0x3F, 0xFE, 0x3C, 0x3E, 0x3C, 0x1F, 0x3C,
  0x0F, 0x3C, 0x0F, 0x3C, 0x0F, 0x3C, 0x0F, 0x3C, 0x0F, 0x3C, 0x0F, 0x3C,
  0x1E, 0x3C, 0x1E, 0x3C, 0x3C, 0x3E, 0x78, 0x3F, 0xF0, 0x3C, 0x00, 0x3C,
  0x00, 0x3C, 0x00, 0x3C, 0x00, 0x3C, 0x00, 0xFF, 0x80, 0xFF, 0x80, 0x0E,
  0x38, 0x1E, 0x3C, 0x1E, 0x38, 0x0E, 0x38, 0x00, 0x00, 0x00, 0x00, 0x00,
  0x00, 0xFF, 0x3F, 0x7E, 0x1F, 0x3C, 0x0E, 0x3C, 0x0C, 0x3C, 0x1C, 0x1E,
  0x1C, 0x1E, 0x18, 0x0E, 0x38, 0x0F, 0x38, 0x0F, 0x30, 0x07, 0x70, 0x07,
  0xF0, 0x07, 0xE0, 0x03, 0xE0, 0x03, 0xE0, 0x00, 0xC0, 0x01, 0xC0, 0x01,
  0x80, 0x03, 0x80, 0x1F, 0x00, 0x1F, 0x00, 0x1C, 0x00 };

const GFXglyph Merriweather_Bold14pt8bGlyphs[] PROGMEM = {
  {     0,   1,   1,   7,    0,    0 },   // 0x20 ' '
  {     1,   4,  24,   8,    2,  -23 },   // 0x21 '!'
  {    13,  11,  10,  14,    2,  -22 },   // 0x22 '"'
  {    27,  16,  21,  20,    2,  -20 },   // 0x23 '#'
  {    69,  14,  27,  18,    2,  -23 },   // 0x24 '$'
  {   117,  27,  21,  29,    1,  -20 },   // 0x25 '%'
  {   188,  20,  21,  21,    1,  -20 },   // 0x26 '&'
  {   241,   5,  10,   9,    2,  -22 },   // 0x27 '''
  {   248,   8,  28,  12,    2,  -22 },   // 0x28 '('
  {   276,   9,  28,  12,    2,  -22 },   // 0x29 ')'
  {   308,  14,  15,  18,    2,  -22 },   // 0x2A '*'
  {   335,  12,  13,  18,    3,  -14 },   // 0x2B '+'
  {   355,   5,  11,   8,    1,   -3 },   // 0x2C ','
  {   362,  11,   2,  16,    2,   -9 },   // 0x2D '-'
  {   365,   4,   4,   8,    2,   -3 },   // 0x2E '.'
  {   367,   9,  26,  11,    1,  -20 },   // 0x2F '/'
  {   397,  16,  21,  18,    1,  -20 },   // 0x30 '0'
  {   439,  11,  21,  13,    1,  -20 },   // 0x31 '1'
  {   468,  14,  21,  16,    1,  -20 },   // 0x32 '2'
  {   505,  13,  21,  16,    1,  -20 },   // 0x33 '3'
  {   540,  16,  21,  17,    1,  -20 },   // 0x34 '4'
  {   582,  13,  21,  16,    2,  -20 },   // 0x35 '5'
  {   617,  15,  21,  17,    1,  -20 },   // 0x36 '6'
  {   657,  15,  20,  16,    1,  -19 },   // 0x37 '7'
  {   695,  15,  21,  17,    1,  -20 },   // 0x38 '8'
  {   735,  15,  22,  17,    1,  -20 },   // 0x39 '9'
  {   777,   4,  15,   8,    2,  -14 },   // 0x3A ':'
  {   785,   5,  22,   8,    1,  -14 },   // 0x3B ';'
  {   799,  13,  15,  18,    2,  -14 },   // 0x3C '<'
  {   824,  12,  10,  18,    3,  -13 },   // 0x3D '='
  {   839,  13,  15,  18,    3,  -15 },   // 0x3E '>'
  {   864,  12,  25,  13,    1,  -24 },   // 0x3F '?'
  {   902,  25,  28,  29,    2,  -20 },   // 0x40 '@'
  {   990,  20,  21,  19,    0,  -20 },   // 0x41 'A'
  {  1043,  18,  21,  19,    1,  -20 },   // 0x42 'B'
  {  1091,  17,  21,  18,    0,  -20 },   // 0x43 'C'
  {  1136,  19,  21,  21,    1,  -20 },   // 0x44 'D'
  {  1186,  17,  20,  18,    1,  -19 },   // 0x45 'E'
  {  1229,  16,  20,  17,    1,  -19 },   // 0x46 'F'
  {  1269,  19,  21,  20,    1,  -20 },   // 0x47 'G'
  {  1319,  21,  20,  23,    1,  -19 },   // 0x48 'H'
  {  1372,   9,  20,  11,    1,  -19 },   // 0x49 'I'
  {  1395,  11,  25,  11,   -1,  -19 },   // 0x4A 'J'
  {  1430,  20,  20,  20,    1,  -19 },   // 0x4B 'K'
  {  1480,  16,  20,  17,    1,  -19 },   // 0x4C 'L'
  {  1520,  28,  20,  28,    0,  -19 },   // 0x4D 'M'
  {  1590,  20,  20,  22,    1,  -19 },   // 0x4E 'N'
  {  1640,  18,  21,  20,    1,  -20 },   // 0x4F 'O'
  {  1688,  17,  21,  18,    1,  -20 },   // 0x50 'P'
  {  1733,  21,  26,  20,    1,  -20 },   // 0x51 'Q'
  {  1802,  19,  21,  20,    1,  -20 },   // 0x52 'R'
  {  1852,  14,  21,  17,    2,  -20 },   // 0x53 'S'
  {  1889,  18,  20,  20,    1,  -19 },   // 0x54 'T'
  {  1934,  19,  20,  20,    1,  -19 },   // 0x55 'U'
  {  1982,  20,  20,  19,   -1,  -19 },   // 0x56 'V'
  {  2032,  29,  20,  28,   -1,  -19 },   // 0x57 'W'
  {  2105,  20,  20,  20,    0,  -19 },   // 0x58 'X'
  {  2155,  19,  20,  18,   -1,  -19 },   // 0x59 'Y'
  {  2203,  16,  20,  18,    1,  -19 },   // 0x5A 'Z'
  {  2243,   7,  26,  12,    3,  -21 },   // 0x5B '['
  {  2266,  10,  26,  12,    1,  -20 },   // 0x5C '\'
  {  2299,   6,  26,  12,    3,  -21 },   // 0x5D ']'
  {  2319,  14,  17,  18,    2,  -20 },   // 0x5E '^'
  {  2349,  14,   2,  14,    0,    2 },   // 0x5F '_'
  {  2353,   8,   7,  12,    2,  -23 },   // 0x60 '`'
  {  2360,  14,  16,  15,    1,  -15 },   // 0x61 'a'
  {  2388,  16,  22,  17,    0,  -21 },   // 0x62 'b'
  {  2432,  12,  16,  14,    1,  -15 },   // 0x63 'c'
  {  2456,  15,  22,  17,    1,  -21 },   // 0x64 'd'
  {  2498,  13,  16,  15,    1,  -15 },   // 0x65 'e'
  {  2524,  11,  23,  11,    1,  -22 },   // 0x66 'f'
  {  2556,  16,  23,  17,    1,  -15 },   // 0x67 'g'
  {  2602,  18,  22,  18,    0,  -21 },   // 0x68 'h'
  {  2652,   8,  22,   9,    1,  -21 },   // 0x69 'i'
  {  2674,   7,  29,   9,    0,  -21 },   // 0x6A 'j'
  {  2700,  18,  22,  18,    0,  -21 },   // 0x6B 'k'
  {  2750,   7,  22,   9,    1,  -21 },   // 0x6C 'l'
  {  2770,  26,  16,  28,    1,  -15 },   // 0x6D 'm'
  {  2822,  17,  16,  19,    1,  -15 },   // 0x6E 'n'
  {  2856,  15,  16,  16,    1,  -15 },   // 0x6F 'o'
  {  2886,  16,  23,  17,    1,  -15 },   // 0x70 'p'
  {  2932,  16,  23,  17,    1,  -15 },   // 0x71 'q'
  {  2978,  11,  16,  13,    1,  -15 },   // 0x72 'r'
  {  3000,  12,  16,  14,    1,  -15 },   // 0x73 's'
  {  3024,  11,  19,  11,    0,  -18 },   // 0x74 't'
  {  3051,  16,  16,  18,    1,  -15 },   // 0x75 'u'
  {  3083,  16,  15,  16,    0,  -14 },   // 0x76 'v'
  {  3113,  24,  15,  24,    0,  -14 },   // 0x77 'w'
  {  3158,  17,  15,  17,    0,  -14 },   // 0x78 'x'
  {  3190,  16,  22,  16,    0,  -14 },   // 0x79 'y'
  {  3234,  14,  15,  15,    1,  -14 },   // 0x7A 'z'
  {  3261,  10,  26,  15,    2,  -21 },   // 0x7B '{'
  {  3294,   3,  27,  12,    4,  -23 },   // 0x7C '|'
  {  3305,  11,  26,  15,    2,  -21 },   // 0x7D '}'
  {  3341,  14,   5,  18,    2,  -10 },   // 0x7E '~'
  {  3350,  19,  19,  24,    2,  -18 },   // 0x7F
  {  3396,  19,  19,  24,    2,  -18 },   // 0x80
  {  3442,  19,  19,  24,    2,  -18 },   // 0x81
  {  3488,  19,  19,  24,    2,  -18 },   // 0x82
  {  3534,  19,  19,  24,    2,  -18 },   // 0x83
  {  3580,  19,  19,  24,    2,  -18 },   // 0x84
  {  3626,  19,  19,  24,    2,  -18 },   // 0x85
  {  3672,  19,  19,  24,    2,  -18 },   // 0x86
  {  3718,  19,  19,  24,    2,  -18 },   // 0x87
  {  3764,  19,  19,  24,    2,  -18 },   // 0x88
  {  3810,  19,  19,  24,    2,  -18 },   // 0x89
  {  3856,  19,  19,  24,    2,  -18 },   // 0x8A
  {  3902,  19,  19,  24,    2,  -18 },   // 0x8B
  {  3948,  19,  19,  24,    2,  -18 },   // 0x8C
  {  3994,  19,  19,  24,    2,  -18 },   // 0x8D
  {  4040,  19,  19,  24,    2,  -18 },   // 0x8E
  {  4086,  19,  19,  24,    2,  -18 },   // 0x8F
  {  4132,  19,  19,  24,    2,  -18 },   // 0x90
  {  4178,  19,  19,  24,    2,  -18 },   // 0x91
  {  4224,  19,  19,  24,    2,  -18 },   // 0x92
  {  4270,  19,  19,  24,    2,  -18 },   // 0x93
  {  4316,  19,  19,  24,    2,  -18 },   // 0x94
  {  4362,  19,  19,  24,    2,  -18 },   // 0x95
  {  4408,  19,  19,  24,    2,  -18 },   // 0x96
  {  4454,  19,  19,  24,    2,  -18 },   // 0x97
  {  4500,  19,  19,  24,    2,  -18 },   // 0x98
  {  4546,  19,  19,  24,    2,  -18 },   // 0x99
  {  4592,  19,  19,  24,    2,  -18 },   // 0x9A
  {  4638,  19,  19,  24,    2,  -18 },   // 0x9B
  {  4684,  19,  19,  24,    2,  -18 },   // 0x9C
  {  4730,  19,  19,  24,    2,  -18 },   // 0x9D
  {  4776,  19,  19,  24,    2,  -18 },   // 0x9E
  {  4822,  19,  19,  24,    2,  -18 },   // 0x9F
  {  4868,   1,   1,   7,    0,    0 },   // 0xA0
  {  4869,   4,  25,   8,    2,  -20 },   // 0xA1
  {  4882,  12,  22,  16,    2,  -18 },   // 0xA2
  {  4915,  19,  21,  21,    1,  -20 },   // 0xA3
  {  4965,  16,  17,  21,    2,  -18 },   // 0xA4
  {  4999,  19,  20,  22,    1,  -19 },   // 0xA5
  {  5047,   3,  27,  12,    4,  -23 },   // 0xA6
  {  5058,  14,  26,  19,    2,  -22 },   // 0xA7
  {  5104,  11,   4,  15,    2,  -21 },   // 0xA8
  {  5110,  23,  23,  29,    3,  -24 },   // 0xA9
  {  5177,  12,  13,  13,    1,  -21 },   // 0xAA
  {  5197,  15,  14,  19,    2,  -14 },   // 0xAB
  {  5224,  13,   8,  18,    3,   -8 },   // 0xAC
  {  5237,  19,  19,  24,    2,  -18 },   // 0xAD
  {  5283,  23,  23,  29,    3,  -24 },   // 0xAE
  {  5350,   9,   3,  14,    2,  -20 },   // 0xAF
  {  5354,  10,  10,  13,    2,  -21 },   // 0xB0
  {  5367,  13,  15,  17,    2,  -14 },   // 0xB1
  {  5392,  11,  13,  11,    0,  -24 },   // 0xB2
  {  5410,  10,  13,  11,    0,  -24 },   // 0xB3
  {  5427,   8,   7,  12,    2,  -23 },   // 0xB4
  {  5434,  15,  21,  17,    1,  -15 },   // 0xB5
  {  5474,  17,  23,  22,    2,  -22 },   // 0xB6
  {  5523,   5,   4,   5,    0,  -12 },   // 0xB7
  {  5526,   6,   7,  11,    2,    1 },   // 0xB8
  {  5532,   9,  13,   9,    0,  -24 },   // 0xB9
  {  5547,  12,  13,  14,    1,  -21 },   // 0xBA
  {  5567,  15,  14,  19,    2,  -14 },   // 0xBB
  {  5594,  24,  23,  25,    0,  -21 },   // 0xBC
  {  5663,  25,  23,  26,    0,  -21 },   // 0xBD
  {  5735,  26,  23,  26,    0,  -21 },   // 0xBE
  {  5810,  11,  26,  13,    1,  -20 },   // 0xBF
  {  5846,  20,  27,  19,    0,  -26 },   // 0xC0
  {  5914,  20,  27,  19,    0,  -26 },   // 0xC1
  {  5982,  20,  27,  19,    0,  -26 },   // 0xC2
  {  6050,  20,  26,  19,    0,  -25 },   // 0xC3
  {  6115,  20,  27,  19,    0,  -26 },   // 0xC4
  {  6183,  20,  29,  19,    0,  -28 },   // 0xC5
  {  6256,  27,  20,  27,   -1,  -19 },   // 0xC6
  {  6324,  17,  28,  18,    0,  -20 },   // 0xC7
  {  6384,  17,  27,  18,    1,  -26 },   // 0xC8
  {  6442,  17,  27,  18,    1,  -26 },   // 0xC9
  {  6500,  17,  27,  18,    1,  -26 },   // 0xCA
  {  6558,  17,  27,  18,    1,  -26 },   // 0xCB
  {  6616,   9,  27,  11,    1,  -26 },   // 0xCC
  {  6647,   9,  27,  11,    1,  -26 },   // 0xCD
  {  6678,  10,  27,  11,    0,  -26 },   // 0xCE
  {  6712,  10,  27,  11,    0,  -26 },   // 0xCF
  {  6746,  19,  21,  21,    1,  -20 },   // 0xD0
  {  6796,  20,  26,  22,    1,  -25 },   // 0xD1
  {  6861,  18,  27,  20,    1,  -26 },   // 0xD2
  {  6922,  18,  27,  20,    1,  -26 },   // 0xD3
  {  6983,  18,  27,  20,    1,  -26 },   // 0xD4
  {  7044,  18,  26,  20,    1,  -25 },   // 0xD5
  {  7103,  18,  27,  20,    1,  -26 },   // 0xD6
  {  7164,  13,  13,  18,    3,  -14 },   // 0xD7
  {  7186,  18,  26,  20,    1,  -22 },   // 0xD8
  {  7245,  19,  27,  20,    1,  -26 },   // 0xD9
  {  7310,  19,  27,  20,    1,  -26 },   // 0xDA
  {  7375,  19,  27,  20,    1,  -26 },   // 0xDB
  {  7440,  19,  27,  20,    1,  -26 },   // 0xDC
  {  7505,  19,  27,  18,   -1,  -26 },   // 0xDD
  {  7570,  17,  20,  18,    1,  -19 },   // 0xDE
  {  7613,  17,  22,  17,    0,  -21 },   // 0xDF
  {  7660,  14,  24,  15,    1,  -23 },   // 0xE0
  {  7702,  14,  24,  15,    1,  -23 },   // 0xE1
  {  7744,  14,  24,  15,    1,  -23 },   // 0xE2
  {  7786,  14,  22,  15,    1,  -21 },   // 0xE3
  {  7825,  14,  22,  15,    1,  -21 },   // 0xE4
  {  7864,  14,  24,  15,    1,  -23 },   // 0xE5
  {  7906,  22,  16,  23,    1,  -15 },   // 0xE6
  {  7950,  12,  23,  14,    1,  -15 },   // 0xE7
  {  7985,  13,  24,  15,    1,  -23 },   // 0xE8
  {  8024,  13,  24,  15,    1,  -23 },   // 0xE9
  {  8063,  13,  24,  15,    1,  -23 },   // 0xEA
  {  8102,  13,  22,  15,    1,  -21 },   // 0xEB
  {  8138,  10,  24,   9,   -1,  -23 },   // 0xEC
  {  8168,   9,  24,   9,    1,  -23 },   // 0xED
  {  8195,  11,  24,   9,   -1,  -23 },   // 0xEE
  {  8228,  11,  22,   9,   -1,  -21 },   // 0xEF
  {  8259,  14,  25,  16,    1,  -24 },   // 0xF0
  {  8303,  17,  22,  19,    1,  -21 },   // 0xF1
  {  8350,  15,  24,  16,    1,  -23 },   // 0xF2
  {  8395,  15,  24,  16,    1,  -23 },   // 0xF3
  {  8440,  15,  24,  16,    1,  -23 },   // 0xF4
  {  8485,  15,  22,  16,    1,  -21 },   // 0xF5
  {  8527,  15,  22,  16,    1,  -21 },   // 0xF6
  {  8569,  12,  16,  18,    3,  -16 },   // 0xF7
  {  8593,  15,  20,  16,    1,  -17 },   // 0xF8
  {  8631,  16,  24,  18,    1,  -23 },   // 0xF9
  {  8679,  16,  24,  18,    1,  -23 },   // 0xFA
  {  8727,  16,  24,  18,    1,  -23 },   // 0xFB
  {  8775,  16,  22,  18,    1,  -21 },   // 0xFC
  {  8819,  16,  31,  16,    0,  -23 },   // 0xFD
  {  8881,  16,  29,  17,    0,  -21 },   // 0xFE
  {  8939,  16,  29,  16,    0,  -21 } }; // 0xFF

const GFXfont Merriweather_Bold14pt8b PROGMEM = {
  (uint8_t  *)Merriweather_Bold14pt8bBitmaps,
  (GFXglyph *)Merriweather_Bold14pt8bGlyphs,
  0x20, 0xFF, 34 };

// Approx. 10572 bytes

const uint8_t Merriweather_Bold16pt8bBitmaps[] PROGMEM = {
  0x00, 0xFF, 0xFF, 0xFF, 0xFF, 0xFF, 0x7B, 0x9C, 0xE7, 0x39, 0xCE, 0x73,
  0x9C, 0xE0, 0x00, 0x06, 0xFF, 0xFE, 0xF0, 0x79, 0xEF, 0x3D, 0xC7, 0x79,
  0xEF, 0x3D, 0xE7, 0xB8, 0xE7, 0x1C, 0xE3, 0x98, 0x63, 0x0C, 0x00, 0x03,
  0x03, 0x00, 0xC0, 0x80, 0x30, 0x60, 0x0C, 0x18, 0x03, 0x06, 0x00, 0xC1,
  0x80, 0x60, 0x61, 0xFF, 0xFF, 0x7F, 0xFF, 0xDF, 0xFF, 0xF0, 0x60, 0xC0,
  0x18, 0x30, 0x04, 0x0C, 0x03, 0x03, 0x00, 0xC0, 0x83, 0xFF, 0xFE, 0xFF,
  0xFF, 0xBF, 0xFF, 0xE0, 0x81, 0x80, 0x60, 0x60, 0x18, 0x10, 0x06, 0x0C,
  0x01, 0x83, 0x00, 0x60, 0xC0, 0x03, 0x80, 0x03, 0x80, 0x03, 0x80, 0x03,
  0x80, 0x1F, 0xFC, 0x3E, 0x7C, 0x78, 0x1C, 0xF0, 0x1C, 0xF0, 0x1C, 0xF0,
  0x1C, 0xF8, 0x00, 0xFC, 0x00, 0x7E, 0x00, 0x7F, 0x80, 0x3F, 0xE0, 0x1F,
  0xF8, 0x07, 0xFC, 0x01, 0xFE, 0x00, 0x7E, 0x00, 0x3E, 0xE0, 0x1F, 0xE0,
  0x1F, 0xE0, 0x1E, 0xE0, 0x1E, 0xF0, 0x3C, 0xFF, 0xF8, 0x7F, 0xF0, 0x03,
  0x80, 0x03, 0x80, 0x03, 0x80, 0x03, 0x80, 0x00, 0x00, 0x1C, 0x00, 0x1F,
  0x80, 0x38, 0x00, 0xFF, 0x80, 0xE0, 0x01, 0xC7, 0x81, 0xC0, 0x07, 0x87,
  0x07, 0x00, 0x0E, 0x0F, 0x0E, 0x00, 0x1C, 0x1E, 0x1C, 0x00, 0x78, 0x3C,
  0x70, 0x00, 0x70, 0x78, 0xE0, 0x00, 0xE0, 0xF3, 0x80, 0x01, 0xE1, 0xC7,
  0x07, 0x81, 0xC7, 0x9C, 0x3F, 0xC3, 0xFE, 0x38, 0xE3, 0xC1, 0xF0, 0x73,
  0xC3, 0x80, 0x01, 0xC7, 0x07, 0x00, 0x03, 0x8E, 0x0F, 0x00, 0x0E, 0x3C,
  0x1E, 0x00, 0x1C, 0x78, 0x3C, 0x00, 0x70, 0x70, 0x78, 0x00, 0xE0, 0xE0,
  0xE0, 0x01, 0xC1, 0xE3, 0xC0, 0x07, 0x01, 0xEF, 0x00, 0x0E, 0x01, 0xFC,
  0x00, 0x38, 0x00, 0x40, 0x00, 0x60, 0x00, 0x0F, 0xF0, 0x00, 0xF1, 0xE0,
  0x03, 0x83, 0x80, 0x1E, 0x0F, 0x00, 0x78, 0x3C, 0x01, 0xE0, 0xE0, 0x07,
  0x87, 0x80, 0x1F, 0x1E, 0x00, 0x3C, 0xF0, 0x00, 0xFF, 0x80, 0x01, 0xF8,
  0x7F, 0x07, 0xE1, 0xFC, 0x7F, 0x83, 0xE3, 0xDF, 0x07, 0x1E, 0x3E, 0x1C,
  0x70, 0x7C, 0x73, 0xC1, 0xF9, 0x8F, 0x03, 0xFE, 0x3C, 0x07, 0xF0, 0x78,
  0x0F, 0xC1, 0xF0, 0x3F, 0xC3, 0xFF, 0xFF, 0xC3, 0xFE, 0x3F, 0x7B, 0xDD,
  0xEF, 0x7B, 0x9C, 0xE6, 0x30, 0x01, 0x80, 0xF0, 0x70, 0x38, 0x1E, 0x07,
  0x03, 0xC1, 0xE0, 0x78, 0x1E, 0x0F, 0x03, 0xC0, 0xF0, 0x3C, 0x0F, 0x03,
  0xC0, 0xF0, 0x3C, 0x0F, 0x03, 0xC0, 0xF0, 0x1C, 0x07, 0x81, 0xE0, 0x38,
  0x0F, 0x01, 0xC0, 0x78, 0x0F, 0x01, 0xC0, 0x3C, 0x06, 0x60, 0x3C, 0x03,
  0x80, 0xF0, 0x1E, 0x03, 0x80, 0xF0, 0x3C, 0x07, 0x81, 0xE0, 0x78, 0x0F,
  0x03, 0xC0, 0xF0, 0x3C, 0x0F, 0x03, 0xC0, 0xF0, 0x3C, 0x0F, 0x03, 0xC1,
  0xE0, 0x78, 0x1E, 0x0F, 0x03, 0xC0, 0xE0, 0x70, 0x3C, 0x1E, 0x0F, 0x01,
  0x00, 0x03, 0xC0, 0x00, 0xE0, 0x10, 0x70, 0x8C, 0x38, 0xC7, 0x98, 0xF7,
  0xEC, 0xF8, 0xFB, 0xF0, 0x0F, 0xC0, 0x03, 0xE0, 0x0F, 0x7E, 0x1F, 0x6F,
  0xFF, 0x39, 0xE7, 0x1C, 0x61, 0x0E, 0x10, 0x07, 0x00, 0x03, 0x80, 0x03,
  0x80, 0x07, 0x00, 0x0E, 0x00, 0x1C, 0x00, 0x38, 0x1E, 0x73, 0xFF, 0xFF,
  0xFF, 0xFF, 0x03, 0x80, 0x07, 0x00, 0x0E, 0x00, 0x1C, 0x00, 0x38, 0x00,
  0x70, 0x00, 0x31, 0xF7, 0xDF, 0x3C, 0x71, 0xC7, 0x38, 0xE7, 0x38, 0x40,
  0xFF, 0xFF, 0xFF, 0xFF, 0xF0, 0x77, 0xFF, 0xFF, 0x00, 0x01, 0xE0, 0x38,
  0x07, 0x01, 0xE0, 0x38, 0x07, 0x00, 0xE0, 0x3C, 0x07, 0x00, 0xE0, 0x1C,
  0x03, 0x80, 0xE0, 0x1C, 0x03, 0x80, 0x70, 0x1E, 0x03, 0x80, 0x70, 0x0E,
  0x03, 0xC0, 0x70, 0x0E, 0x01, 0xC0, 0x78, 0x0E, 0x01, 0xC0, 0x38, 0x0F,
  0x01, 0xC0, 0x00, 0x00, 0x60, 0x01, 0xFF, 0x00, 0xFB, 0xE0, 0x78, 0x3C,
  0x3C, 0x0F, 0x8F, 0x01, 0xE7, 0xC0, 0x79, 0xF0, 0x1F, 0x7C, 0x07, 0xDF,
  0x01, 0xF7, 0xC0, 0x7F, 0xF0, 0x1F, 0xFC, 0x07, 0xFF, 0x01, 0xF7, 0xC0,
  0x7D, 0xF0, 0x1F, 0x7C, 0x07, 0xDF, 0x01, 0xF7, 0xC0, 0x78, 0xF0, 0x1E,
  0x3E, 0x0F, 0x07, 0x83, 0xC0, 0xFF, 0xC0, 0x1F, 0xE0, 0x01, 0x00, 0x3C,
  0x07, 0xE1, 0xFF, 0x0F, 0xF8, 0x63, 0xC0, 0x1E, 0x00, 0xF0, 0x07, 0x80,
  0x3C, 0x01, 0xE0, 0x0F, 0x00, 0x78, 0x03, 0xC0, 0x1E, 0x00, 0xF0, 0x07,
  0x80, 0x3C, 0x01, 0xE0, 0x0F, 0x00, 0x78, 0x03, 0xC1, 0xFF, 0xEF, 0xFF,
  0x01, 0x80, 0x1F, 0xF0, 0x3F, 0xF8, 0xFF, 0xFC, 0xE0, 0x7E, 0x40, 0x3E,
  0x00, 0x3E, 0x00, 0x3E, 0x00, 0x3E, 0x00, 0x3E, 0x00, 0x3C, 0x00, 0x7C,
  0x00, 0x78, 0x00, 0xF8, 0x00, 0xF0, 0x01, 0xE0, 0x03, 0xC0, 0x07, 0x80,
  0x0F, 0x03, 0x1E, 0x03, 0x3C, 0x07, 0x77, 0xFF, 0xFF, 0xFF, 0xFF, 0xFF,
  0x03, 0x00, 0x7F, 0xE1, 0xFF, 0xE7, 0x8F, 0xE4, 0x07, 0xC0, 0x0F, 0x80,
  0x1F, 0x00, 0x3E, 0x00, 0x78, 0x01, 0xE0, 0x0F, 0x80, 0xFC, 0x01, 0xFF,
  0x80, 0x1F, 0x80, 0x0F, 0x80, 0x1F, 0x00, 0x3E, 0x00, 0x7C, 0x00, 0xF8,
  0x01, 0xF0, 0x07, 0xC0, 0x3F, 0x3F, 0xFC, 0x7F, 0xE0, 0x08, 0x00, 0x01,
  0xC0, 0x00, 0x7C, 0x00, 0x3E, 0x00, 0x0F, 0x80, 0x07, 0xC0, 0x01, 0xF0,
  0x00, 0x78, 0x00, 0x3E, 0x00, 0x0F, 0x00, 0x07, 0xC0, 0x01, 0xE1, 0xE0,
  0xF8, 0x78, 0x3C, 0x1E, 0x0F, 0x07, 0x87, 0x81, 0xE1, 0xC0, 0x79, 0xFF,
  0xFF, 0xFF, 0xFF, 0xF7, 0xFF, 0xFC, 0x00, 0x78, 0x00, 0x1E, 0x00, 0x07,
  0x80, 0x01, 0xE0, 0x00, 0x0C, 0xFF, 0xF9, 0xFF, 0xF3, 0xFF, 0xC7, 0x00,
  0x0E, 0x00, 0x1C, 0x00, 0x78, 0x00, 0xF0, 0x01, 0xC7, 0x83, 0xFF, 0xC7,
  0xFF, 0xCE, 0x0F, 0xC0, 0x0F, 0x80, 0x1F, 0x80, 0x1F, 0x00, 0x3E, 0x00,
  0x78, 0x01, 0xF0, 0x03, 0xC0, 0x0F, 0x80, 0x7E, 0x3F, 0xF0, 0x7F, 0x80,
  0x00, 0x18, 0x00, 0x3E, 0x00, 0x7C, 0x00, 0x78, 0x00, 0x78, 0x00, 0x78,
  0x00, 0x7C, 0x00, 0x7C, 0x00, 0x3E, 0x00, 0x1E, 0x7C, 0x1F, 0xFF, 0x8F,
  0xFF, 0xE7, 0xC1, 0xF3, 0xC0, 0x7F, 0xE0, 0x3F, 0xF0, 0x1F, 0x78, 0x0F,
  0xBC, 0x07, 0xDE, 0x03, 0xEF, 0x81, 0xF3, 0xC0, 0xF1, 0xF0, 0xF8, 0x7E,
  0xF8, 0x0F, 0xF0, 0x00, 0x80, 0x00, 0x7F, 0xFF, 0xBF, 0xFF, 0xDF, 0x81,
  0xCE, 0x01, 0xE7, 0x00, 0xF7, 0x80, 0x73, 0x80, 0x78, 0x00, 0x3C, 0x00,
  0x3C, 0x00, 0x1E, 0x00, 0x1F, 0x00, 0x0F, 0x00, 0x07, 0x80, 0x07, 0xC0,
  0x03, 0xC0, 0x03, 0xE0, 0x01, 0xF0, 0x01, 0xF0, 0x00, 0xF8, 0x00, 0xFC,
  0x00, 0x7C, 0x00, 0x3E, 0x00, 0x3F, 0x00, 0x00, 0xC0, 0x03, 0xFE, 0x07,
  0xCF, 0x87, 0x81, 0xC3, 0xC0, 0xF3, 0xC0, 0x39, 0xF0, 0x1C, 0xF8, 0x1E,
  0x3E, 0x0E, 0x1F, 0xCE, 0x07, 0xFE, 0x01, 0xFE, 0x00, 0x7F, 0xC0, 0xFF,
  0xF0, 0xE3, 0xFC, 0xF0, 0x7E, 0x70, 0x0F, 0xB8, 0x07, 0xFC, 0x01, 0xEE,
  0x01, 0xF7, 0x80, 0xF3, 0xE0, 0xF8, 0xFF, 0xF8, 0x1F, 0xF0, 0x00, 0x80,
  0x07, 0xFC, 0x07, 0x9F, 0x07, 0x83, 0xC7, 0x81, 0xF3, 0xC0, 0x7B, 0xE0,
  0x3D, 0xF0, 0x1F, 0xF8, 0x0F, 0xFC, 0x07, 0xFE, 0x03, 0xFF, 0x01, 0xF7,
  0xC0, 0xFB, 0xF1, 0xFC, 0xFF, 0xFC, 0x1F, 0xBE, 0x00, 0x1F, 0x00, 0x1F,
  0x00, 0x0F, 0x80, 0x0F, 0x80, 0x07, 0x80, 0x07, 0x80, 0x0F, 0x80, 0x3F,
  0x80, 0x0F, 0x00, 0x00, 0x77, 0xFF, 0xF7, 0x00, 0x00, 0x00, 0x00, 0x07,
  0x7F, 0xFF, 0xF0, 0x39, 0xF7, 0xDF, 0x38, 0x00, 0x00, 0x00, 0x00, 0x00,
  0x31, 0xE7, 0xDF, 0x7C, 0xF1, 0xC7, 0x38, 0xE7, 0x38, 0x40, 0x00, 0x04,
  0x00, 0x70, 0x07, 0xC0, 0x7E, 0x07, 0xE0, 0x7E, 0x07, 0xE0, 0x3E, 0x00,
  0xF0, 0x03, 0xF0, 0x03, 0xF0, 0x03, 0xF0, 0x03, 0xF0, 0x03, 0xF0, 0x03,
  0xC0, 0x03, 0x00, 0x04, 0xFF, 0xFF, 0xFF, 0xFF, 0xFF, 0xF8, 0x00, 0x00,
  0x00, 0x00, 0x00, 0x00, 0x00, 0x00, 0x00, 0x00, 0x01, 0xFF, 0xFF, 0xFF,
  0xFF, 0xFF, 0xF0, 0x80, 0x03, 0x80, 0x0F, 0x00, 0x3F, 0x00, 0x3F, 0x00,
  0x3F, 0x00, 0x3F, 0x00, 0x3F, 0x00, 0x3C, 0x03, 0xF0, 0x3F, 0x83, 0xF8,
  0x3F, 0x83, 0xF8, 0x0F, 0x80, 0x38, 0x00, 0x80, 0x00, 0xFF, 0xC7, 0xFF,
  0x11, 0xFC, 0x03, 0xF0, 0x0F, 0x80, 0x3C, 0x01, 0xE0, 0x0F, 0x00, 0x78,
  0x03, 0xC0, 0x3C, 0x03, 0xC0, 0x7C, 0x07, 0xC0, 0x78, 0x03, 0xC0, 0x1C,
  0x00, 0xE0, 0x07, 0x80, 0x1C, 0x00, 0x00, 0x00, 0x00, 0x00, 0x00, 0xC0,
  0x1F, 0x00, 0xF8, 0x07, 0xC0, 0x3C, 0x00, 0x00, 0x0F, 0xFC, 0x00, 0x01,
  0xFF, 0xF8, 0x00, 0x3E, 0x07, 0xE0, 0x03, 0xC0, 0x07, 0x80, 0x38, 0x00,
  0x0E, 0x03, 0x80, 0x00, 0x38, 0x38, 0x00, 0x01, 0xC3, 0x80, 0x00, 0x07,
  0x1C, 0x0F, 0xFC, 0x39, 0xC0, 0xFF, 0xE1, 0xCE, 0x0E, 0x1F, 0x06, 0xE0,
  0xE0, 0x78, 0x37, 0x07, 0x03, 0x81, 0xB8, 0x70, 0x1C, 0x0D, 0x83, 0x81,
  0xE0, 0x6C, 0x1C, 0x0F, 0x07, 0xE1, 0xE0, 0xF8, 0x37, 0x0F, 0x07, 0xC1,
  0xB8, 0x78, 0x6E, 0x19, 0xC3, 0xC3, 0x60, 0xCE, 0x0F, 0x37, 0x8C, 0x70,
  0x7F, 0xBD, 0xC1, 0xC3, 0xF8, 0xFC, 0x0E, 0x0F, 0x87, 0x80, 0x70, 0x00,
  0x00, 0x01, 0xC0, 0x00, 0x00, 0x0F, 0x00, 0x00, 0x00, 0x3C, 0x00, 0x00,
  0x00, 0xF0, 0x01, 0x00, 0x03, 0xE0, 0x38, 0x00, 0x0F, 0xFF, 0x80, 0x00,
  0x1F, 0xF0, 0x00, 0x00, 0x7C, 0x00, 0x01, 0xF8, 0x00, 0x03, 0xF8, 0x00,
  0x0E, 0xF0, 0x00, 0x1D, 0xE0, 0x00, 0x3B, 0xE0, 0x00, 0xE3, 0xC0, 0x01,
  0xC7, 0x80, 0x03, 0x8F, 0x80, 0x0E, 0x1F, 0x00, 0x1C, 0x1E, 0x00, 0x38,
  0x3E, 0x00, 0xF0, 0x7C, 0x01, 0xC0, 0xF8, 0x03, 0x80, 0xF8, 0x0F, 0xFF,
  0xF0, 0x1F, 0xFF, 0xE0, 0x38, 0x03, 0xE0, 0xF0, 0x07, 0xC1, 0xE0, 0x0F,
  0x83, 0x80, 0x1F, 0x9F, 0xE0, 0xFF, 0xFF, 0xC1, 0xFF, 0x80, 0x00, 0x60,
  0x0F, 0xFF, 0xF0, 0xFF, 0x3F, 0x81, 0xE0, 0x7C, 0x1E, 0x03, 0xC1, 0xE0,
  0x3E, 0x1E, 0x03, 0xE1, 0xE0, 0x3C, 0x1E, 0x03, 0xC1, 0xE0, 0x78, 0x1E,
  0x0F, 0x01, 0xFF, 0xC0, 0x1F, 0xFF, 0xC1, 0xE0, 0x7E, 0x1E, 0x03, 0xF1,
  0xE0, 0x1F, 0x1E, 0x01, 0xF1, 0xE0, 0x1F, 0x1E, 0x01, 0xF1, 0xE0, 0x1F,
  0x1E, 0x03, 0xE1, 0xE0, 0x7E, 0xFF, 0xFF, 0x8F, 0xFF, 0xE0, 0x00, 0x18,
  0x00, 0xFF, 0xF0, 0xFF, 0xFC, 0x7C, 0x0F, 0x3E, 0x03, 0xDF, 0x00, 0xF7,
  0xC0, 0x1F, 0xE0, 0x07, 0xF8, 0x00, 0x3E, 0x00, 0x0F, 0x80, 0x03, 0xE0,
  0x00, 0xF8, 0x00, 0x3E, 0x00, 0x0F, 0x80, 0x03, 0xE0, 0x00, 0xF8, 0x00,
  0x3F, 0x00, 0x07, 0xC0, 0x1D, 0xF0, 0x07, 0x3E, 0x01, 0xC7, 0xC0, 0xF0,
  0xFF, 0xFC, 0x0F, 0xFC, 0x00, 0x20, 0x03, 0xFF, 0xFC, 0x0F, 0xFF, 0xFC,
  0x07, 0x81, 0xF8, 0x1E, 0x01, 0xF0, 0x78, 0x07, 0xE1, 0xE0, 0x0F, 0x87,
  0x80, 0x3E, 0x1E, 0x00, 0x7C, 0x78, 0x01, 0xF1, 0xE0, 0x07, 0xC7, 0x80,
  0x1F, 0x1E, 0x00, 0x7C, 0x78, 0x01, 0xF1, 0xE0, 0x07, 0xC7, 0x80, 0x1F,
  0x1E, 0x00, 0xF8, 0x78, 0x03, 0xE1, 0xE0, 0x0F, 0x07, 0x80, 0x7C, 0x1E,
  0x03, 0xE0, 0x78, 0x1F, 0x0F, 0xFF, 0xF8, 0x3F, 0xFF, 0x80, 0xFF, 0xFF,
  0x9F, 0xFF, 0xF0, 0x78, 0x0E, 0x0F, 0x00, 0xC1, 0xE0, 0x18, 0x3C, 0x00,
  0x07, 0x80, 0x00, 0xF0, 0x60, 0x1E, 0x0C, 0x03, 0xC1, 0x80, 0x7F, 0xF0,
  0x0F, 0xFE, 0x01, 0xE0, 0xC0, 0x3C, 0x18, 0x07, 0x83, 0x00, 0xF0, 0x00,
  0x1E, 0x00, 0x03, 0xC0, 0x1C, 0x78, 0x03, 0x8F, 0x00, 0xF1, 0xE0, 0x1F,
  0xFF, 0xFF, 0xFF, 0xFF, 0xF0, 0xFF, 0xFF, 0xFF, 0xFF, 0xF1, 0xE0, 0x3C,
  0x78, 0x07, 0x1E, 0x01, 0xC7, 0x80, 0x01, 0xE0, 0x00, 0x78, 0x00, 0x1E,
  0x0E, 0x07, 0x83, 0x81, 0xFF, 0xE0, 0x7F, 0xF8, 0x1F, 0xFE, 0x07, 0x83,
  0x81, 0xE0, 0xE0, 0x78, 0x18, 0x1E, 0x00, 0x07, 0x80, 0x01, 0xE0, 0x00,
  0x78, 0x00, 0x1E, 0x00, 0x3F, 0xFC, 0x0F, 0xFF, 0x00, 0x00, 0x38, 0x00,
  0x0F, 0xFF, 0xC0, 0xFE, 0x7F, 0x07, 0xC0, 0x7C, 0x3E, 0x00, 0xE0, 0xF0,
  0x03, 0x87, 0xC0, 0x0E, 0x1F, 0x00, 0x00, 0xF8, 0x00, 0x03, 0xE0, 0x00,
  0x0F, 0x80, 0x00, 0x3E, 0x00, 0x00, 0xF8, 0x0F, 0xFF, 0xE0, 0x3F, 0xFF,
  0x80, 0x1F, 0x3E, 0x00, 0x7C, 0xFC, 0x01, 0xF1, 0xF0, 0x07, 0xC7, 0xC0,
  0x1F, 0x0F, 0x80, 0x7C, 0x3E, 0x01, 0xF0, 0x7E, 0x07, 0xC0, 0x7F, 0xFF,
  0x00, 0xFF, 0xE0, 0xFF, 0xC3, 0xFF, 0xFF, 0xC3, 0xFF, 0x1E, 0x00, 0x78,
  0x1E, 0x00, 0x78, 0x1E, 0x00, 0x78, 0x1E, 0x00, 0x78, 0x1E, 0x00, 0x78,
  0x1E, 0x00, 0x78, 0x1E, 0x00, 0x78, 0x1E, 0x00, 0x78, 0x1F, 0xFF, 0xF8,
  0x1F, 0xFF, 0xF8, 0x1E, 0x00, 0x78, 0x1E, 0x00, 0x78, 0x1E, 0x00, 0x78,
  0x1E, 0x00, 0x78, 0x1E, 0x00, 0x78, 0x1E, 0x00, 0x78, 0x1E, 0x00, 0x78,
  0x1E, 0x00, 0x78, 0x1E, 0x00, 0x78, 0xFF, 0xC3, 0xFF, 0xFF, 0xC3, 0xFF,
  0xFF, 0xFF, 0xF1, 0xF0, 0x7C, 0x1F, 0x07, 0xC1, 0xF0, 0x7C, 0x1F, 0x07,
  0xC1, 0xF0, 0x7C, 0x1F, 0x07, 0xC1, 0xF0, 0x7C, 0x1F, 0x07, 0xC1, 0xF0,
  0x7C, 0x1F, 0x3F, 0xFF, 0xFC, 0x3F, 0xF3, 0xFF, 0x07, 0xC0, 0x7C, 0x07,
  0xC0, 0x7C, 0x07, 0xC0, 0x7C, 0x07, 0xC0, 0x7C, 0x07, 0xC0, 0x7C, 0x07,
  0xC0, 0x7C, 0x07, 0xC0, 0x7C, 0x07, 0xC0, 0x7C, 0x07, 0xC0, 0x7C, 0x07,
  0x80, 0x78, 0x07, 0x80, 0xF8, 0x0F, 0x01, 0xF0, 0x3E, 0x0F, 0x80, 0x60,
  0x00, 0xFF, 0xC7, 0xF9, 0xFF, 0x8F, 0xF0, 0x78, 0x07, 0x00, 0xF0, 0x1E,
  0x01, 0xE0, 0x38, 0x03, 0xC0, 0xE0, 0x07, 0x83, 0x80, 0x0F, 0x0E, 0x00,
  0x1E, 0x38, 0x00, 0x3C, 0x70, 0x00, 0x79, 0xF0, 0x00, 0xF7, 0xF0, 0x01,
  0xFF, 0xF0, 0x03, 0xF3, 0xE0, 0x07, 0xC3, 0xE0, 0x0F, 0x07, 0xC0, 0x1E,
  0x07, 0xC0, 0x3C, 0x0F, 0xC0, 0x78, 0x0F, 0x80, 0xF0, 0x1F, 0x81, 0xE0,
  0x1F, 0x9F, 0xF8, 0x3F, 0xFF, 0xF0, 0x3F, 0x80, 0xFF, 0xC0, 0x1F, 0xF8,
  0x00, 0x78, 0x00, 0x0F, 0x00, 0x01, 0xE0, 0x00, 0x3C, 0x00, 0x07, 0x80,
  0x00, 0xF0, 0x00, 0x1E, 0x00, 0x03, 0xC0, 0x00, 0x78, 0x00, 0x0F, 0x00,
  0x01, 0xE0, 0x00, 0x3C, 0x00, 0x07, 0x80, 0x08, 0xF0, 0x06, 0x1E, 0x01,
  0xC3, 0xC0, 0x38, 0x78, 0x07, 0x0F, 0x01, 0xE1, 0xE0, 0x3D, 0xFF, 0xFF,
  0xBF, 0xFF, 0xF0, 0x3F, 0xF0, 0x0F, 0xFC, 0x3F, 0xF0, 0x0F, 0xFC, 0x07,
  0xF0, 0x0D, 0xE0, 0x06, 0xF8, 0x1D, 0xE0, 0x06, 0xF8, 0x1D, 0xE0, 0x06,
  0x78, 0x1D, 0xE0, 0x06, 0x78, 0x19, 0xE0, 0x0E, 0x7C, 0x39, 0xE0, 0x0E,
  0x3C, 0x39, 0xF0, 0x0E, 0x3C, 0x39, 0xF0, 0x0E, 0x3C, 0x30, 0xF0, 0x0E,
  0x3E, 0x70, 0xF0, 0x0C, 0x1E, 0x70, 0xF0, 0x0C, 0x1E, 0x60, 0xF0, 0x1C,
  0x1E, 0xE0, 0xF0, 0x1C, 0x0F, 0xE0, 0xF8, 0x1C, 0x0F, 0xC0, 0xF8, 0x1C,
  0x0F, 0xC0, 0xF8, 0x1C, 0x0F, 0xC0, 0xF8, 0x1C, 0x07, 0xC0, 0xF8, 0x1C,
  0x07, 0x80, 0xF8, 0xFF, 0x87, 0x83, 0xFF, 0xFF, 0x80, 0x03, 0xFF, 0xFF,
  0x00, 0xFF, 0xFE, 0x01, 0xFC, 0x7E, 0x00, 0xE0, 0xFE, 0x01, 0xC1, 0xFC,
  0x03, 0x83, 0x7C, 0x07, 0x06, 0xFC, 0x0E, 0x0C, 0xF8, 0x1C, 0x18, 0xF8,
  0x38, 0x31, 0xF8, 0x70, 0x61, 0xF0, 0xE0, 0xC1, 0xF1, 0xC1, 0x83, 0xF3,
  0x83, 0x03, 0xE7, 0x06, 0x07, 0xEE, 0x0C, 0x07, 0xDC, 0x18, 0x07, 0xF8,
  0x30, 0x0F, 0xF0, 0x60, 0x0F, 0xE0, 0xC0, 0x0F, 0xC1, 0x80, 0x1F, 0x9F,
  0xE0, 0x1F, 0x3F, 0xC0, 0x1E, 0x00, 0x00, 0x60, 0x00, 0x1F, 0xF8, 0x03,
  0xF7, 0xE0, 0x3E, 0x0F, 0x83, 0xE0, 0x3E, 0x1E, 0x00, 0xF9, 0xF0, 0x07,
  0xCF, 0x80, 0x3E, 0xF8, 0x00, 0xFF, 0xC0, 0x07, 0xFE, 0x00, 0x3F, 0xF0,
  0x01, 0xFF, 0x80, 0x0F, 0xFC, 0x00, 0x7F, 0xE0, 0x03, 0xFF, 0x00, 0x1F,
  0xF8, 0x01, 0xF3, 0xE0, 0x0F, 0x9F, 0x00, 0x7C, 0xF8, 0x07, 0xC3, 0xE0,
  0x3C, 0x0F, 0x83, 0xC0, 0x3F, 0xFC, 0x00, 0x7F, 0x80, 0xFF, 0xFF, 0x1F,
  0xF7, 0xF0, 0x78, 0x1F, 0x0F, 0x01, 0xF1, 0xE0, 0x3E, 0x3C, 0x07, 0xC7,
  0x80, 0xF8, 0xF0, 0x1F, 0x1E, 0x03, 0xE3, 0xC0, 0x7C, 0x78, 0x0F, 0x0F,
  0x03, 0xE1, 0xE1, 0xF8, 0x3F, 0xFC, 0x07, 0xFC, 0x00, 0xF0, 0x00, 0x1E,
  0x00, 0x03, 0xC0, 0x00, 0x78, 0x00, 0x0F, 0x00, 0x01, 0xE0, 0x01, 0xFF,
  0xE0, 0x3F, 0xFC, 0x00, 0x00, 0x60, 0x00, 0x03, 0xFF, 0x00, 0x0F, 0xDF,
  0x80, 0x1F, 0x07, 0xC0, 0x3E, 0x03, 0xE0, 0x3C, 0x01, 0xF0, 0x7C, 0x01,
  0xF0, 0x7C, 0x01, 0xF0, 0xF8, 0x00, 0xF8, 0xF8, 0x00, 0xF8, 0xF8, 0x00,
  0xF8, 0xF8, 0x00, 0xF8, 0xF8, 0x00, 0xF8, 0xF8, 0x00, 0xF8, 0xF8, 0x00,
  0xF8, 0xF8, 0x00, 0xF8, 0xF8, 0x01, 0xF0, 0x7C, 0x01, 0xF0, 0x7C, 0x01,
  0xF0, 0x7C, 0x03, 0xE0, 0x3E, 0x03, 0xC0, 0x1F, 0x07, 0x80, 0x0F, 0xFF,
  0x00, 0x03, 0xFE, 0x00, 0x00, 0x0F, 0x80, 0x00, 0x03, 0xE0, 0x00, 0x01,
  0xF8, 0x00, 0x00, 0xFF, 0x00, 0x00, 0x7F, 0x00, 0x00, 0x1C, 0x00, 0x20,
  0x03, 0xFF, 0xFC, 0x0F, 0xF3, 0xF8, 0x07, 0x81, 0xF0, 0x1E, 0x03, 0xE0,
  0x78, 0x0F, 0x81, 0xE0, 0x3E, 0x07, 0x80, 0xF8, 0x1E, 0x03, 0xE0, 0x78,
  0x0F, 0x01, 0xE0, 0x7C, 0x07, 0x83, 0xE0, 0x1F, 0xFF, 0x00, 0x7F, 0xF8,
  0x01, 0xE1, 0xF0, 0x07, 0x83, 0xE0, 0x1E, 0x0F, 0x80, 0x78, 0x1F, 0x01,
  0xE0, 0x7C, 0x07, 0x80, 0xF8, 0x1E, 0x03, 0xE0, 0x78, 0x07, 0xCF, 0xFC,
  0x1F, 0xFF, 0xF0, 0x3F, 0x01, 0x80, 0x1F, 0xFE, 0x3F, 0x7C, 0x78, 0x1C,
  0xF0, 0x1C, 0xF0, 0x0C, 0xF8, 0x0C, 0xF8, 0x00, 0xFC, 0x00, 0x7F, 0x00,
  0x7F, 0xC0, 0x3F, 0xF0, 0x1F, 0xF8, 0x07, 0xFC, 0x01, 0xFE, 0x00, 0x7F,
  0x00, 0x3F, 0xE0, 0x1F, 0xE0, 0x1F, 0xE0, 0x1F, 0xE0, 0x1E, 0xF0, 0x3E,
  0xFF, 0xFC, 0x3F, 0xF0, 0xFF, 0xFF, 0xF7, 0xFF, 0xFF, 0xB8, 0x3E, 0x1D,
  0xC1, 0xF0, 0xEE, 0x0F, 0x87, 0xF0, 0x7C, 0x1F, 0x83, 0xE0, 0xF8, 0x1F,
  0x07, 0xC0, 0xF8, 0x38, 0x07, 0xC0, 0x00, 0x3E, 0x00, 0x01, 0xF0, 0x00,
  0x0F, 0x80, 0x00, 0x7C, 0x00, 0x03, 0xE0, 0x00, 0x1F, 0x00, 0x00, 0xF8,
  0x00, 0x07, 0xC0, 0x00, 0x3E, 0x00, 0x01, 0xF0, 0x00, 0x0F, 0x80, 0x07,
  0xFF, 0xC0, 0x3F, 0xFE, 0x00, 0xFF, 0x83, 0xFF, 0xFE, 0x0F, 0xF3, 0xC0,
  0x07, 0x0F, 0x00, 0x1C, 0x3C, 0x00, 0x70, 0xF0, 0x01, 0xC3, 0xC0, 0x07,
  0x0F, 0x00, 0x1C, 0x3C, 0x00, 0x70, 0xF0, 0x01, 0xC3, 0xC0, 0x07, 0x0F,
  0x00, 0x1C, 0x3C, 0x00, 0x70, 0xF0, 0x01, 0xC3, 0xC0, 0x07, 0x0F, 0x00,
  0x1C, 0x3E, 0x00, 0x70, 0xF8, 0x03, 0x83, 0xE0, 0x0E, 0x07, 0xC0, 0x70,
  0x0F, 0x83, 0xC0, 0x1F, 0xFE, 0x00, 0x1F, 0xE0, 0x00, 0xFF, 0xC0, 0xFF,
  0xFF, 0x81, 0xFC, 0xF8, 0x00, 0xE0, 0xF8, 0x01, 0xC1, 0xF0, 0x07, 0x03,
  0xE0, 0x0E, 0x03, 0xE0, 0x3C, 0x07, 0xC0, 0x70, 0x07, 0x80, 0xE0, 0x0F,
  0x83, 0x80, 0x1F, 0x07, 0x00, 0x1E, 0x0E, 0x00, 0x3E, 0x38, 0x00, 0x7C,
  0x70, 0x00, 0x78, 0xE0, 0x00, 0xFB, 0x80, 0x01, 0xF7, 0x00, 0x01, 0xEE,
  0x00, 0x03, 0xD8, 0x00, 0x03, 0xF0, 0x00, 0x07, 0xE0, 0x00, 0x0F, 0x80,
  0x00, 0x0F, 0x00, 0x00, 0xFF, 0xC7, 0xFE, 0x3F, 0xFF, 0xE3, 0xFF, 0x1F,
  0xCF, 0x80, 0x7C, 0x01, 0x83, 0xE0, 0x3E, 0x01, 0xC1, 0xF0, 0x0F, 0x00,
  0xE0, 0xF8, 0x07, 0xC0, 0x60, 0x3C, 0x07, 0xE0, 0x30, 0x1F, 0x03, 0xF0,
  0x38, 0x0F, 0x81, 0xF8, 0x1C, 0x03, 0xC1, 0xFE, 0x0C, 0x01, 0xE0, 0xCF,
  0x06, 0x00, 0xF8, 0x67, 0x87, 0x00, 0x3C, 0x33, 0xE3, 0x00, 0x1E, 0x39,
  0xF1, 0x80, 0x0F, 0x98, 0x78, 0xC0, 0x07, 0xCC, 0x3C, 0xE0, 0x01, 0xEE,
  0x1F, 0x60, 0x00, 0xF6, 0x07, 0xB0, 0x00, 0x7F, 0x03, 0xD8, 0x00, 0x1F,
  0x81, 0xE8, 0x00, 0x0F, 0xC0, 0x7C, 0x00, 0x07, 0xC0, 0x3E, 0x00, 0x01,
  0xE0, 0x1F, 0x00, 0xFF, 0xE3, 0xFD, 0xFF, 0xC7, 0xF8, 0x7C, 0x03, 0x80,
  0x7C, 0x07, 0x00, 0xFC, 0x1C, 0x00, 0xF8, 0x30, 0x00, 0xF8, 0xC0, 0x01,
  0xF3, 0x80, 0x01, 0xF6, 0x00, 0x01, 0xF8, 0x00, 0x03, 0xF0, 0x00, 0x03,
  0xE0, 0x00, 0x0F, 0xE0, 0x00, 0x1F, 0xC0, 0x00, 0x67, 0xC0, 0x01, 0xC7,
  0xC0, 0x03, 0x0F, 0x80, 0x0E, 0x0F, 0x80, 0x38, 0x0F, 0x80, 0x70, 0x1F,
  0x01, 0xC0, 0x1F, 0x1F, 0xF1, 0xFF, 0xFF, 0xE3, 0xFF, 0x80, 0xFF, 0xC3,
  0xFF, 0xFF, 0x0F, 0xF3, 0xF0, 0x07, 0x07, 0xC0, 0x38, 0x0F, 0x80, 0xE0,
  0x3E, 0x07, 0x00, 0x7C, 0x1C, 0x01, 0xF0, 0xE0, 0x03, 0xE3, 0x00, 0x0F,
  0x9C, 0x00, 0x1F, 0x60, 0x00, 0x7F, 0x80, 0x00, 0xFC, 0x00, 0x01, 0xF0,
  0x00, 0x07, 0xC0, 0x00, 0x1F, 0x00, 0x00, 0x7C, 0x00, 0x01, 0xF0, 0x00,
  0x07, 0xC0, 0x00, 0x1F, 0x00, 0x00, 0x7C, 0x00, 0x1F, 0xFE, 0x00, 0x7F,
  0xF8, 0x00, 0x7F, 0xFF, 0xCF, 0xFF, 0xF9, 0xE0, 0x3E, 0x38, 0x0F, 0xC7,
  0x01, 0xF0, 0xE0, 0x7E, 0x00, 0x1F, 0x80, 0x03, 0xE0, 0x00, 0xFC, 0x00,
  0x3F, 0x00, 0x07, 0xC0, 0x01, 0xF8, 0x00, 0x7E, 0x00, 0x0F, 0x80, 0x03,
  0xF0, 0x00, 0xFC, 0x00, 0x1F, 0x00, 0xE7, 0xE0, 0x39, 0xF8, 0x07, 0x3E,
  0x00, 0xEF, 0x80, 0x3D, 0xFF, 0xFF, 0xBF, 0xFF, 0xF0, 0x7F, 0xFF, 0xF0,
  0xF0, 0xF0, 0xF0, 0xF0, 0xF0, 0xF0, 0xF0, 0xF0, 0xF0, 0xF0, 0xF0, 0xF0,
  0xF0, 0xF0, 0xF0, 0xF0, 0xF0, 0xF0, 0xF0, 0xF0, 0xF0, 0xF0, 0xF0, 0xF0,
  0xFF, 0x7F, 0xE0, 0x1C, 0x03, 0xC0, 0x38, 0x07, 0x00, 0xE0, 0x0E, 0x01,
  0xC0, 0x38, 0x07, 0x80, 0x70, 0x0E, 0x01, 0xC0, 0x3C, 0x03, 0x80, 0x70,
  0x0E, 0x00, 0xE0, 0x1C, 0x03, 0x80, 0x78, 0x07, 0x00, 0xE0, 0x1C, 0x03,
  0xC0, 0x38, 0x07, 0x00, 0xE0, 0x0E, 0x01, 0xC0, 0xFE, 0xFF, 0x0F, 0x0F,
  0x0F, 0x0F, 0x0F, 0x0F, 0x0F, 0x0F, 0x0F, 0x0F, 0x0F, 0x0F, 0x0F, 0x0F,
  0x0F, 0x0F, 0x0F, 0x0F, 0x0F, 0x0F, 0x0F, 0x0F, 0x0F, 0x0F, 0x0F, 0xFF,
  0xFE, 0x07, 0x80, 0x0F, 0x80, 0x1F, 0x00, 0x7E, 0x00, 0xEE, 0x01, 0xDC,
  0x07, 0xB8, 0x0E, 0x78, 0x1C, 0x70, 0x38, 0xE0, 0xE1, 0xE1, 0xC1, 0xC3,
  0x83, 0x8E, 0x07, 0x9C, 0x07, 0x38, 0x0E, 0xE0, 0x1F, 0xC0, 0x1F, 0x80,
  0x38, 0xFF, 0xFF, 0xFF, 0xFF, 0x20, 0x70, 0xF8, 0x78, 0x7C, 0x1E, 0x0F,
  0x06, 0x03, 0xE0, 0x3F, 0xF0, 0xFF, 0xF8, 0x70, 0xFC, 0x40, 0x3C, 0x00,
  0x3C, 0x00, 0x3C, 0x00, 0xFC, 0x1F, 0xFC, 0x7F, 0x3C, 0xF8, 0x3C, 0xF8,
  0x3C, 0xF0, 0x3C, 0xF0, 0x3C, 0xF8, 0x3C, 0xFC, 0xFC, 0x7F, 0xFF, 0x3F,
  0x3F, 0x0C, 0x00, 0x3F, 0x80, 0x0F, 0xE0, 0x00, 0xF8, 0x00, 0x3E, 0x00,
  0x0F, 0x80, 0x03, 0xE0, 0x00, 0xF8, 0x00, 0x3E, 0x7C, 0x0F, 0xFF, 0xC3,
  0xFF, 0xF8, 0xFC, 0x3E, 0x3E, 0x07, 0xCF, 0x81, 0xF3, 0xE0, 0x7C, 0xF8,
  0x1F, 0x3E, 0x07, 0xCF, 0x81, 0xF3, 0xE0, 0x7C, 0xF8, 0x1F, 0x3E, 0x07,
  0xCF, 0x81, 0xE3, 0xE0, 0xF8, 0xF8, 0x3C, 0x3F, 0xFE, 0x07, 0xFE, 0x00,
  0x03, 0xF0, 0x3F, 0xF1, 0xE3, 0xCF, 0x0F, 0x78, 0x1D, 0xE0, 0x7F, 0x80,
  0x3E, 0x00, 0xF8, 0x03, 0xE0, 0x0F, 0x80, 0x3E, 0x00, 0xF8, 0x01, 0xF0,
  0x07, 0xC0, 0x4F, 0xEF, 0x3F, 0xFC, 0x3F, 0xC0, 0x00, 0x06, 0x00, 0x3F,
  0xC0, 0x0F, 0xF0, 0x00, 0x3C, 0x00, 0x0F, 0x00, 0x03, 0xC0, 0x00, 0xF0,
  0x00, 0x3C, 0x03, 0xFF, 0x03, 0xFF, 0xC1, 0xE1, 0xF0, 0xF0, 0x3C, 0x7C,
  0x0F, 0x1E, 0x03, 0xCF, 0x80, 0xF3, 0xE0, 0x3C, 0xF8, 0x0F, 0x3E, 0x03,
  0xCF, 0x80, 0xF3, 0xE0, 0x3C, 0xF8, 0x0F, 0x3E, 0x03, 0xC7, 0xC1, 0xF1,
  0xF8, 0xFC, 0x3F, 0xEF, 0xC7, 0xF3, 0xF0, 0x03, 0xE0, 0x1F, 0xF0, 0xF1,
  0xF3, 0xC1, 0xE7, 0x83, 0xFF, 0x03, 0xFE, 0x07, 0xFC, 0x0F, 0xFF, 0xFF,
  0xFF, 0xFF, 0xE0, 0x07, 0xC0, 0x0F, 0x80, 0x0F, 0x80, 0x1F, 0x01, 0x1F,
  0xDF, 0x1F, 0xFC, 0x1F, 0xE0, 0x01, 0xF0, 0x3F, 0x0F, 0xF0, 0xF1, 0x1E,
  0x01, 0xE0, 0x1E, 0x01, 0xE0, 0x1E, 0x0F, 0xFE, 0xFF, 0xE1, 0xE0, 0x1E,
  0x01, 0xE0, 0x1E, 0x01, 0xE0, 0x1E, 0x01, 0xE0, 0x1E, 0x01, 0xE0, 0x1E,
  0x01, 0xE0, 0x1E, 0x01, 0xE0, 0xFF, 0xCF, 0xFC, 0x07, 0xE1, 0xC7, 0xFF,
  0xF3, 0xC3, 0xFD, 0xE0, 0x7F, 0x78, 0x1E, 0x3E, 0x07, 0x8F, 0x81, 0xE1,
  0xE0, 0x78, 0x78, 0x1E, 0x1F, 0x0F, 0x03, 0xFF, 0x80, 0x3F, 0x80, 0x38,
  0x00, 0x0E, 0x00, 0x07, 0x80, 0x01, 0xFF, 0xF0, 0x3F, 0xFF, 0x07, 0xFF,
  0xE7, 0x80, 0xFF, 0xC0, 0x1F, 0xF0, 0x07, 0xFC, 0x01, 0xEF, 0x00, 0x7B,
  0xE0, 0x7C, 0x7F, 0xFE, 0x07, 0xFE, 0x00, 0x0C, 0x00, 0x1F, 0x80, 0x03,
  0xF0, 0x00, 0x1E, 0x00, 0x03, 0xC0, 0x00, 0x78, 0x00, 0x0F, 0x00, 0x01,
  0xE0, 0x00, 0x3C, 0x3C, 0x07, 0x9F, 0xE0, 0xFF, 0xFE, 0x1F, 0x87, 0xC3,
  0xC0, 0x78, 0x78, 0x0F, 0x0F, 0x01, 0xE1, 0xE0, 0x3C, 0x3C, 0x07, 0x87,
  0x80, 0xF0, 0xF0, 0x1E, 0x1E, 0x03, 0xC3, 0xC0, 0x78, 0x78, 0x0F, 0x0F,
  0x01, 0xE1, 0xE0, 0x3C, 0xFF, 0x1F, 0xFF, 0xE3, 0xFC, 0x3E, 0x1F, 0x0F,
  0x87, 0xC1, 0xC0, 0x00, 0x00, 0x38, 0xFE, 0x7F, 0x0F, 0x87, 0xC3, 0xE1,
  0xF0, 0xF8, 0x7C, 0x3E, 0x1F, 0x0F, 0x87, 0xC3, 0xE1, 0xF0, 0xF9, 0xFF,
  0xFF, 0x80, 0x1F, 0x1F, 0x1F, 0x1F, 0x0E, 0x00, 0x00, 0x0F, 0x7F, 0x7F,
  0x1F, 0x0F, 0x0F, 0x0F, 0x0F, 0x0F, 0x0F, 0x0F, 0x0F, 0x0F, 0x0F, 0x0F,
  0x0F, 0x0F, 0x0F, 0x1F, 0x1F, 0x1F, 0x1E, 0x3E, 0x7C, 0xF8, 0xE0, 0x0C,
  0x00, 0x1F, 0x80, 0x03, 0xF0, 0x00, 0x1E, 0x00, 0x03, 0xC0, 0x00, 0x78,
  0x00, 0x0F, 0x00, 0x01, 0xE0, 0x00, 0x3C, 0x00, 0x07, 0x87, 0xF8, 0xF0,
  0x7F, 0x1E, 0x07, 0x03, 0xC1, 0xC0, 0x78, 0x70, 0x0F, 0x1C, 0x01, 0xE7,
  0x80, 0x3D, 0xF8, 0x07, 0xFF, 0x80, 0xFD, 0xF0, 0x1F, 0x1F, 0x03, 0xC1,
  0xE0, 0x78, 0x3E, 0x0F, 0x03, 0xE1, 0xE0, 0x7C, 0xFF, 0x1F, 0xFF, 0xE3,
  0xFC, 0x0C, 0x7E, 0x3F, 0x07, 0x83, 0xC1, 0xE0, 0xF0, 0x78, 0x3C, 0x1E,
  0x0F, 0x07, 0x83, 0xC1, 0xE0, 0xF0, 0x78, 0x3C, 0x1E, 0x0F, 0x07, 0x83,
  0xC1, 0xE0, 0xF0, 0x78, 0xFF, 0xFF, 0xC0, 0x1C, 0x1E, 0x07, 0x03, 0xF3,
  0xFC, 0xFF, 0x8F, 0xFF, 0xFF, 0xFE, 0x0F, 0xC3, 0xF0, 0x7C, 0x3E, 0x07,
  0x81, 0xF0, 0xF8, 0x1E, 0x07, 0xC3, 0xE0, 0x78, 0x1F, 0x0F, 0x81, 0xF0,
  0x7C, 0x3E, 0x07, 0xC1, 0xF0, 0xF8, 0x1F, 0x07, 0xC3, 0xE0, 0x7C, 0x1F,
  0x0F, 0x81, 0xF0, 0x7C, 0x3E, 0x07, 0xC1, 0xF0, 0xF8, 0x1F, 0x07, 0xC3,
  0xE0, 0x7C, 0x1F, 0x0F, 0x81, 0xF0, 0x7C, 0xFF, 0x1F, 0xE3, 0xFF, 0xFC,
  0x7F, 0x8F, 0xF0, 0x1C, 0x3E, 0x0F, 0xCF, 0xF0, 0xFF, 0xFF, 0x83, 0xF0,
  0xF8, 0x3E, 0x07, 0xC3, 0xE0, 0x7C, 0x3E, 0x07, 0xC3, 0xE0, 0x7C, 0x3E,
  0x07, 0xC3, 0xE0, 0x7C, 0x3E, 0x07, 0xC3, 0xE0, 0x7C, 0x3E, 0x07, 0xC3,
  0xE0, 0x7C, 0x3E, 0x07, 0xC3, 0xE0, 0x7C, 0xFF, 0x8F, 0xFF, 0xF8, 0xFF,
  0x03, 0xE0, 0x07, 0xFC, 0x0F, 0x8F, 0x87, 0x83, 0xC7, 0x81, 0xF3, 0xC0,
  0x7B, 0xE0, 0x3F, 0xF0, 0x1F, 0xF8, 0x0F, 0xFC, 0x07, 0xFE, 0x03, 0xFF,
  0x01, 0xFF, 0x80, 0xF3, 0xC0, 0xF9, 0xF0, 0x78, 0x78, 0x7C, 0x1F, 0xFC,
  0x07, 0xF8, 0x00, 0x1C, 0x78, 0x3F, 0x7F, 0x8F, 0xFF, 0xF0, 0xF8, 0x7E,
  0x3C, 0x0F, 0x8F, 0x01, 0xF3, 0xC0, 0x7C, 0xF0, 0x1F, 0x3C, 0x07, 0xCF,
  0x01, 0xF3, 0xC0, 0x7C, 0xF0, 0x1F, 0x3C, 0x07, 0x8F, 0x01, 0xE3, 0xC0,
  0xF0, 0xF0, 0x78, 0x3F, 0xFC, 0x0F, 0xFE, 0x03, 0xC0, 0x00, 0xF0, 0x00,
  0x3C, 0x00, 0x0F, 0x00, 0x03, 0xC0, 0x00, 0xF8, 0x00, 0xFF, 0x80, 0x3F,
  0xE0, 0x00, 0x03, 0xF3, 0x03, 0xFF, 0xC1, 0xE1, 0xF0, 0xF0, 0x3C, 0x7C,
  0x0F, 0x1E, 0x03, 0xCF, 0x80, 0xF3, 0xE0, 0x3C, 0xF8, 0x0F, 0x3E, 0x03,
  0xCF, 0x80, 0xF3, 0xE0, 0x3C, 0xF8, 0x0F, 0x3E, 0x03, 0xC7, 0xC1, 0xF1,
  0xF8, 0xFC, 0x3F, 0xEF, 0x07, 0xF3, 0xC0, 0x00, 0xF0, 0x00, 0x3C, 0x00,
  0x0F, 0x00, 0x03, 0xC0, 0x00, 0xF0, 0x00, 0x7C, 0x00, 0xFF, 0xC0, 0x3F,
  0xF0, 0x1C, 0x1F, 0xE7, 0xFF, 0x7E, 0x7F, 0xF3, 0xFF, 0x9F, 0x00, 0xF8,
  0x07, 0xC0, 0x3E, 0x01, 0xF0, 0x0F, 0x80, 0x7C, 0x03, 0xE0, 0x1F, 0x00,
  0xF8, 0x07, 0xC0, 0xFF, 0xC7, 0xFE, 0x00, 0x07, 0xC0, 0xFF, 0xE7, 0xC7,
  0x9E, 0x0E, 0x78, 0x3B, 0xE0, 0x07, 0xC0, 0x1F, 0xE0, 0x3F, 0xE0, 0x7F,
  0xC0, 0xFF, 0x80, 0x7F, 0x00, 0x7F, 0x80, 0xFF, 0x03, 0xFC, 0x1E, 0xFF,
  0xF8, 0xFF, 0x80, 0x0E, 0x00, 0xE0, 0x0E, 0x01, 0xE0, 0x3E, 0x0F, 0xFF,
  0xFF, 0xF3, 0xE0, 0x3E, 0x03, 0xE0, 0x3E, 0x03, 0xE0, 0x3E, 0x03, 0xE0,
  0x3E, 0x03, 0xE0, 0x3E, 0x03, 0xE0, 0x3E, 0x01, 0xFF, 0x1F, 0xF0, 0xFC,
  0x7C, 0x0F, 0x3F, 0x0F, 0xCF, 0xC3, 0xF1, 0xF0, 0x3C, 0x7C, 0x0F, 0x1F,
  0x03, 0xC7, 0xC0, 0xF1, 0xF0, 0x3C, 0x7C, 0x0F, 0x1F, 0x03, 0xC7, 0xC0,
  0xF1, 0xF0, 0x3C, 0x7C, 0x0F, 0x1F, 0x03, 0xC3, 0xC0, 0xF0, 0xF8, 0xFC,
  0x3F, 0xFF, 0xC7, 0xF1, 0xF0, 0xFF, 0x0F, 0xFF, 0xE1, 0xF8, 0xF0, 0x1E,
  0x1F, 0x03, 0x83, 0xE0, 0x70, 0x3C, 0x1C, 0x07, 0xC3, 0x80, 0x78, 0x70,
  0x0F, 0x1C, 0x01, 0xF3, 0x80, 0x1E, 0x70, 0x03, 0xDC, 0x00, 0x7F, 0x80,
  0x07, 0xE0, 0x00, 0xFC, 0x00, 0x0F, 0x80, 0x01, 0xE0, 0x00, 0xFF, 0x0F,
  0x8F, 0xFF, 0xE1, 0xF0, 0xFC, 0xF0, 0x3E, 0x06, 0x1E, 0x0F, 0xC1, 0xC3,
  0xE1, 0xBC, 0x38, 0x3C, 0x37, 0x86, 0x07, 0x8E, 0xF0, 0xC0, 0xF1, 0xDF,
  0x38, 0x0F, 0x39, 0xE7, 0x01, 0xE6, 0x3C, 0xC0, 0x3D, 0xC7, 0x98, 0x07,
  0xB8, 0x77, 0x00, 0x7E, 0x0F, 0xC0, 0x0F, 0xC1, 0xF8, 0x01, 0xF8, 0x3F,
  0x00, 0x1E, 0x03, 0xC0, 0x03, 0xC0, 0x78, 0x00, 0x7F, 0xCF, 0xEF, 0xF1,
  0xF8, 0x7C, 0x0C, 0x0F, 0xC3, 0x80, 0xF8, 0xE0, 0x0F, 0xB8, 0x00, 0xFE,
  0x00, 0x0F, 0x80, 0x01, 0xF8, 0x00, 0x7F, 0x00, 0x0D, 0xF0, 0x03, 0x9F,
  0x00, 0xE3, 0xF0, 0x38, 0x3E, 0x0F, 0x03, 0xE7, 0xF9, 0xFF, 0xFF, 0x3F,
  0xE0, 0xFF, 0x8F, 0xFF, 0xE1, 0xF8, 0xF8, 0x0E, 0x1F, 0x03, 0xC3, 0xE0,
  0x70, 0x3E, 0x0E, 0x07, 0xC3, 0xC0, 0x78, 0x70, 0x0F, 0x8E, 0x01, 0xF1,
  0xC0, 0x1E, 0x70, 0x03, 0xCE, 0x00, 0x3D, 0x80, 0x07, 0xF0, 0x00, 0xFE,
  0x00, 0x0F, 0x80, 0x01, 0xF0, 0x00, 0x0E, 0x00, 0x03, 0x80, 0x00, 0x70,
  0x00, 0x1C, 0x00, 0x3F, 0x80, 0x07, 0xE0, 0x00, 0xF8, 0x00, 0x1E, 0x00,
  0x00, 0x7F, 0xFE, 0x7F, 0xFE, 0x70, 0x3E, 0x70, 0x7C, 0x60, 0xF8, 0x01,
  0xF0, 0x03, 0xF0, 0x03, 0xE0, 0x07, 0xC0, 0x0F, 0x80, 0x1F, 0x80, 0x1F,
  0x07, 0x3E, 0x06, 0x7C, 0x0E, 0xF8, 0x0E, 0xFF, 0xFE, 0xFF, 0xFE, 0x0F,
  0xF1, 0xFF, 0x1F, 0x01, 0xE0, 0x1E, 0x01, 0xE0, 0x1E, 0x01, 0xE0, 0x0F,
  0x00, 0xF0, 0x0F, 0x00, 0xF0, 0x0F, 0x0F, 0xE0, 0xF0, 0x0F, 0xE0, 0x0F,
  0x00, 0xF0, 0x0F, 0x00, 0xF0, 0x0F, 0x01, 0xE0, 0x1E, 0x01, 0xE0, 0x1E,
  0x01, 0xE0, 0x1F, 0x01, 0xFF, 0x0F, 0xF0, 0xFF, 0xFF, 0xFF, 0xFF, 0xFF,
  0xFF, 0xFF, 0xFF, 0xFF, 0xFF, 0xFF, 0xC0, 0xFF, 0x0F, 0xF8, 0x07, 0xC0,
  0x3C, 0x03, 0xC0, 0x3C, 0x07, 0xC0, 0x78, 0x07, 0x80, 0x70, 0x07, 0x00,
  0x70, 0x07, 0x80, 0x3F, 0x00, 0x70, 0x3F, 0x07, 0x80, 0x70, 0x07, 0x00,
  0x70, 0x07, 0x80, 0x78, 0x07, 0x80, 0x3C, 0x03, 0xC0, 0x3C, 0x07, 0xCF,
  0xF8, 0xFF, 0x00, 0x1E, 0x04, 0xFF, 0x1D, 0xFF, 0xF7, 0x1F, 0xEC, 0x0F,
  0x00, 0xFF, 0xFF, 0xFF, 0xFF, 0xFF, 0xFF, 0xFF, 0xFF, 0xFF, 0xFF, 0xFF,
  0xFB, 0xFF, 0xFF, 0xC7, 0xF9, 0xFF, 0x0F, 0xC7, 0xFE, 0x1E, 0x3F, 0xFC,
  0x31, 0xFF, 0xF8, 0x8F, 0xFF, 0xF0, 0x7F, 0xFF, 0xE3, 0xFF, 0xFF, 0x03,
  0xFF, 0xF8, 0x87, 0xFF, 0xC7, 0x0F, 0xFE, 0x3E, 0x1F, 0xF1, 0xFC, 0x7F,
  0xEF, 0xFB, 0xFF, 0xFF, 0xFF, 0xFF, 0xFF, 0xFF, 0xFF, 0xFF, 0xFF, 0xFF,
  0xFF, 0xF0, 0xFF, 0xFF, 0xFF, 0xFF, 0xFF, 0xFF, 0xFF, 0xFF, 0xFF, 0xFF,
  0xFF, 0xFB, 0xFF, 0xFF, 0xC7, 0xF9, 0xFF, 0x0F, 0xC7, 0xFE, 0x1E, 0x3F,
  0xFC, 0x31, 0xFF, 0xF8, 0x8F, 0xFF, 0xF0, 0x7F, 0xFF, 0xE3, 0xFF, 0xFF,
  0x03, 0xFF, 0xF8, 0x87, 0xFF, 0xC7, 0x0F, 0xFE, 0x3E, 0x1F, 0xF1, 0xFC,
  0x7F, 0xEF, 0xFB, 0xFF, 0xFF, 0xFF, 0xFF, 0xFF, 0xFF, 0xFF, 0xFF, 0xFF,
  0xFF, 0xFF, 0xF0, 0xFF, 0xFF, 0xFF, 0xFF, 0xFF, 0xFF, 0xFF, 0xFF, 0xFF,
  0xFF, 0xFF, 0xFB, 0xFF, 0xFF, 0xC7, 0xF9, 0xFF, 0x0F, 0xC7, 0xFE, 0x1E,
  0x3F, 0xFC, 0x31, 0xFF, 0xF8, 0x8F, 0xFF, 0xF0, 0x7F, 0xFF, 0xE3, 0xFF,
  0xFF, 0x03, 0xFF, 0xF8, 0x87, 0xFF, 0xC7, 0x0F, 0xFE, 0x3E, 0x1F, 0xF1,
  0xFC, 0x7F, 0xEF, 0xFB, 0xFF, 0xFF, 0xFF, 0xFF, 0xFF, 0xFF, 0xFF, 0xFF,
  0xFF, 0xFF, 0xFF, 0xF0, 0xFF, 0xFF, 0xFF, 0xFF, 0xFF, 0xFF, 0xFF, 0xFF,
  0xFF, 0xFF, 0xFF, 0xFB, 0xFF, 0xFF, 0xC7, 0xF9, 0xFF, 0x0F, 0xC7, 0xFE,
  0x1E, 0x3F, 0xFC, 0x31, 0xFF, 0xF8, 0x8F, 0xFF, 0xF0, 0x7F, 0xFF, 0xE3,
  0xFF, 0xFF, 0x03, 0xFF, 0xF8, 0x87, 0xFF, 0xC7, 0x0F, 0xFE, 0x3E, 0x1F,
  0xF1, 0xFC, 0x7F, 0xEF, 0xFB, 0xFF, 0xFF, 0xFF, 0xFF, 0xFF, 0xFF, 0xFF,
  0xFF, 0xFF, 0xFF, 0xFF, 0xF0, 0xFF, 0xFF, 0xFF, 0xFF, 0xFF, 0xFF, 0xFF,
  0xFF, 0xFF, 0xFF, 0xFF, 0xFB, 0xFF, 0xFF, 0xC7, 0xF9, 0xFF, 0x0F, 0xC7,
  0xFE, 0x1E, 0x3F, 0xFC, 0x31, 0xFF, 0xF8, 0x8F, 0xFF, 0xF0, 0x7F, 0xFF,
  0xE3, 0xFF, 0xFF, 0x03, 0xFF, 0xF8, 0x87, 0xFF, 0xC7, 0x0F, 0xFE, 0x3E,
  0x1F, 0xF1, 0xFC, 0x7F, 0xEF, 0xFB, 0xFF, 0xFF, 0xFF, 0xFF, 0xFF, 0xFF,
  0xFF, 0xFF, 0xFF, 0xFF, 0xFF, 0xF0, 0xFF, 0xFF, 0xFF, 0xFF, 0xFF, 0xFF,
  0xFF, 0xFF, 0xFF, 0xFF, 0xFF, 0xFB, 0xFF, 0xFF, 0xC7, 0xF9, 0xFF, 0x0F,
  0xC7, 0xFE, 0x1E, 0x3F, 0xFC, 0x31, 0xFF, 0xF8, 0x8F, 0xFF, 0xF0, 0x7F,
  0xFF, 0xE3, 0xFF, 0xFF, 0x03, 0xFF, 0xF8, 0x87, 0xFF, 0xC7, 0x0F, 0xFE,
  0x3E, 0x1F, 0xF1, 0xFC, 0x7F, 0xEF, 0xFB, 0xFF, 0xFF, 0xFF, 0xFF, 0xFF,
  0xFF, 0xFF, 0xFF, 0xFF, 0xFF, 0xFF, 0xF0, 0xFF, 0xFF, 0xFF, 0xFF, 0xFF,
  0xFF, 0xFF, 0xFF, 0xFF, 0xFF, 0xFF, 0xFB, 0xFF, 0xFF, 0xC7, 0xF9, 0xFF,
  0x0F, 0xC7, 0xFE, 0x1E, 0x3F, 0xFC, 0x31, 0xFF, 0xF8, 0x8F, 0xFF, 0xF0,
  0x7F, 0xFF, 0xE3, 0xFF, 0xFF, 0x03, 0xFF, 0xF8, 0x87, 0xFF, 0xC7, 0x0F,
  0xFE, 0x3E, 0x1F, 0xF1, 0xFC, 0x7F, 0xEF, 0xFB, 0xFF, 0xFF, 0xFF, 0xFF,
  0xFF, 0xFF, 0xFF, 0xFF, 0xFF, 0xFF, 0xFF, 0xF0, 0xFF, 0xFF, 0xFF, 0xFF,
  0xFF, 0xFF, 0xFF, 0xFF, 0xFF, 0xFF, 0xFF, 0xFB, 0xFF, 0xFF, 0xC7, 0xF9,
  0xFF, 0x0F, 0xC7, 0xFE, 0x1E, 0x3F, 0xFC, 0x31, 0xFF, 0xF8, 0x8F, 0xFF,
  0xF0, 0x7F, 0xFF, 0xE3, 0xFF, 0xFF, 0x03, 0xFF, 0xF8, 0x87, 0xFF, 0xC7,
  0x0F, 0xFE, 0x3E, 0x1F, 0xF1, 0xFC, 0x7F, 0xEF, 0xFB, 0xFF, 0xFF, 0xFF,
  0xFF, 0xFF, 0xFF, 0xFF, 0xFF, 0xFF, 0xFF, 0xFF, 0xF0, 0xFF, 0xFF, 0xFF,
  0xFF, 0xFF, 0xFF, 0xFF, 0xFF, 0xFF, 0xFF, 0xFF, 0xFB, 0xFF, 0xFF, 0xC7,
  0xF9, 0xFF, 0x0F, 0xC7, 0xFE, 0x1E, 0x3F, 0xFC, 0x31, 0xFF, 0xF8, 0x8F,
  0xFF, 0xF0, 0x7F, 0xFF, 0xE3, 0xFF, 0xFF, 0x03, 0xFF, 0xF8, 0x87, 0xFF,
  0xC7, 0x0F, 0xFE, 0x3E, 0x1F, 0xF1, 0xFC, 0x7F, 0xEF, 0xFB, 0xFF, 0xFF,
  0xFF, 0xFF, 0xFF, 0xFF, 0xFF, 0xFF, 0xFF, 0xFF, 0xFF, 0xF0, 0xFF, 0xFF,
  0xFF, 0xFF, 0xFF, 0xFF, 0xFF, 0xFF, 0xFF, 0xFF, 0xFF, 0xFB, 0xFF, 0xFF,
  0xC7, 0xF9, 0xFF, 0x0F, 0xC7, 0xFE, 0x1E, 0x3F, 0xFC, 0x31, 0xFF, 0xF8,
  0x8F, 0xFF, 0xF0, 0x7F, 0xFF, 0xE3, 0xFF, 0xFF, 0x03, 0xFF, 0xF8, 0x87,
  0xFF, 0xC7, 0x0F, 0xFE, 0x3E, 0x1F, 0xF1, 0xFC, 0x7F, 0xEF, 0xFB, 0xFF,
  0xFF, 0xFF, 0xFF, 0xFF, 0xFF, 0xFF, 0xFF, 0xFF, 0xFF, 0xFF, 0xF0, 0xFF,
  0xFF, 0xFF, 0xFF, 0xFF, 0xFF, 0xFF, 0xFF, 0xFF, 0xFF, 0xFF, 0xFB, 0xFF,
  0xFF, 0xC7, 0xF9, 0xFF, 0x0F, 0xC7, 0xFE, 0x1E, 0x3F, 0xFC, 0x31, 0xFF,
  0xF8, 0x8F, 0xFF, 0xF0, 0x7F, 0xFF, 0xE3, 0xFF, 0xFF, 0x03, 0xFF, 0xF8,
  0x87, 0xFF, 0xC7, 0x0F, 0xFE, 0x3E, 0x1F, 0xF1, 0xFC, 0x7F, 0xEF, 0xFB,
  0xFF, 0xFF, 0xFF, 0xFF, 0xFF, 0xFF, 0xFF, 0xFF, 0xFF, 0xFF, 0xFF, 0xF0,
  0xFF, 0xFF, 0xFF, 0xFF, 0xFF, 0xFF, 0xFF, 0xFF, 0xFF, 0xFF, 0xFF, 0xFB,
  0xFF, 0xFF, 0xC7, 0xF9, 0xFF, 0x0F, 0xC7, 0xFE, 0x1E, 0x3F, 0xFC, 0x31,
  0xFF, 0xF8, 0x8F, 0xFF, 0xF0, 0x7F, 0xFF, 0xE3, 0xFF, 0xFF, 0x03, 0xFF,
  0xF8, 0x87, 0xFF, 0xC7, 0x0F, 0xFE, 0x3E, 0x1F, 0xF1, 0xFC, 0x7F, 0xEF,
  0xFB, 0xFF, 0xFF, 0xFF, 0xFF, 0xFF, 0xFF, 0xFF, 0xFF, 0xFF, 0xFF, 0xFF,
  0xF0, 0xFF, 0xFF, 0xFF, 0xFF, 0xFF, 0xFF, 0xFF, 0xFF, 0xFF, 0xFF, 0xFF,
  0xFB, 0xFF, 0xFF, 0xC7, 0xF9, 0xFF, 0x0F, 0xC7, 0xFE, 0x1E, 0x3F, 0xFC,
  0x31, 0xFF, 0xF8, 0x8F, 0xFF, 0xF0, 0x7F, 0xFF, 0xE3, 0xFF, 0xFF, 0x03,
  0xFF, 0xF8, 0x87, 0xFF, 0xC7, 0x0F, 0xFE, 0x3E, 0x1F, 0xF1, 0xFC, 0x7F,
  0xEF, 0xFB, 0xFF, 0xFF, 0xFF, 0xFF, 0xFF, 0xFF, 0xFF, 0xFF, 0xFF, 0xFF,
  0xFF, 0xF0, 0xFF, 0xFF, 0xFF, 0xFF, 0xFF, 0xFF, 0xFF, 0xFF, 0xFF, 0xFF,
  0xFF, 0xFB, 0xFF, 0xFF, 0xC7, 0xF9, 0xFF, 0x0F, 0xC7, 0xFE, 0x1E, 0x3F,
  0xFC, 0x31, 0xFF, 0xF8, 0x8F, 0xFF, 0xF0, 0x7F, 0xFF, 0xE3, 0xFF, 0xFF,
  0x03, 0xFF, 0xF8, 0x87, 0xFF, 0xC7, 0x0F, 0xFE, 0x3E, 0x1F, 0xF1, 0xFC,
  0x7F, 0xEF, 0xFB, 0xFF, 0xFF, 0xFF, 0xFF, 0xFF, 0xFF, 0xFF, 0xFF, 0xFF,
  0xFF, 0xFF, 0xF0, 0xFF, 0xFF, 0xFF, 0xFF, 0xFF, 0xFF, 0xFF, 0xFF, 0xFF,
  0xFF, 0xFF, 0xFB, 0xFF, 0xFF, 0xC7, 0xF9, 0xFF, 0x0F, 0xC7, 0xFE, 0x1E,
  0x3F, 0xFC, 0x31, 0xFF, 0xF8, 0x8F, 0xFF, 0xF0, 0x7F, 0xFF, 0xE3, 0xFF,
  0xFF, 0x03, 0xFF, 0xF8, 0x87, 0xFF, 0xC7, 0x0F, 0xFE, 0x3E, 0x1F, 0xF1,
  0xFC, 0x7F, 0xEF, 0xFB, 0xFF, 0xFF, 0xFF, 0xFF, 0xFF, 0xFF, 0xFF, 0xFF,
  0xFF, 0xFF, 0xFF, 0xF0, 0xFF, 0xFF, 0xFF, 0xFF, 0xFF, 0xFF, 0xFF, 0xFF,
  0xFF, 0xFF, 0xFF, 0xFB, 0xFF, 0xFF, 0xC7, 0xF9, 0xFF, 0x0F, 0xC7, 0xFE,
  0x1E, 0x3F, 0xFC, 0x31, 0xFF, 0xF8, 0x8F, 0xFF, 0xF0, 0x7F, 0xFF, 0xE3,
  0xFF, 0xFF, 0x03, 0xFF, 0xF8, 0x87, 0xFF, 0xC7, 0x0F, 0xFE, 0x3E, 0x1F,
  0xF1, 0xFC, 0x7F, 0xEF, 0xFB, 0xFF, 0xFF, 0xFF, 0xFF, 0xFF, 0xFF, 0xFF,
  0xFF, 0xFF, 0xFF, 0xFF, 0xF0, 0xFF, 0xFF, 0xFF, 0xFF, 0xFF, 0xFF, 0xFF,
  0xFF, 0xFF, 0xFF, 0xFF, 0xFB, 0xFF, 0xFF, 0xC7, 0xF9, 0xFF, 0x0F, 0xC7,
  0xFE, 0x1E, 0x3F, 0xFC, 0x31, 0xFF, 0xF8, 0x8F, 0xFF, 0xF0, 0x7F, 0xFF,
  0xE3, 0xFF, 0xFF, 0x03, 0xFF, 0xF8, 0x87, 0xFF, 0xC7, 0x0F, 0xFE, 0x3E,
  0x1F, 0xF1, 0xFC, 0x7F, 0xEF, 0xFB, 0xFF, 0xFF, 0xFF, 0xFF, 0xFF, 0xFF,
  0xFF, 0xFF, 0xFF, 0xFF, 0xFF, 0xF0, 0xFF, 0xFF, 0xFF, 0xFF, 0xFF, 0xFF,
  0xFF, 0xFF, 0xFF, 0xFF, 0xFF, 0xFB, 0xFF, 0xFF, 0xC7, 0xF9, 0xFF, 0x0F,
  0xC7, 0xFE, 0x1E, 0x3F, 0xFC, 0x31, 0xFF, 0xF8, 0x8F, 0xFF, 0xF0, 0x7F,
  0xFF, 0xE3, 0xFF, 0xFF, 0x03, 0xFF, 0xF8, 0x87, 0xFF, 0xC7, 0x0F, 0xFE,
  0x3E, 0x1F, 0xF1, 0xFC, 0x7F, 0xEF, 0xFB, 0xFF, 0xFF, 0xFF, 0xFF, 0xFF,
  0xFF, 0xFF, 0xFF, 0xFF, 0xFF, 0xFF, 0xF0, 0xFF, 0xFF, 0xFF, 0xFF, 0xFF,
  0xFF, 0xFF, 0xFF, 0xFF, 0xFF, 0xFF, 0xFB, 0xFF, 0xFF, 0xC7, 0xF9, 0xFF,
  0x0F, 0xC7, 0xFE, 0x1E, 0x3F, 0xFC, 0x31, 0xFF, 0xF8, 0x8F, 0xFF, 0xF0,
  0x7F, 0xFF, 0xE3, 0xFF, 0xFF, 0x03, 0xFF, 0xF8, 0x87, 0xFF, 0xC7, 0x0F,
  0xFE, 0x3E, 0x1F, 0xF1, 0xFC, 0x7F, 0xEF, 0xFB, 0xFF, 0xFF, 0xFF, 0xFF,
  0xFF, 0xFF, 0xFF, 0xFF, 0xFF, 0xFF, 0xFF, 0xF0, 0xFF, 0xFF, 0xFF, 0xFF,
  0xFF, 0xFF, 0xFF, 0xFF, 0xFF, 0xFF, 0xFF, 0xFB, 0xFF, 0xFF, 0xC7, 0xF9,
  0xFF, 0x0F, 0xC7, 0xFE, 0x1E, 0x3F, 0xFC, 0x31, 0xFF, 0xF8, 0x8F, 0xFF,
  0xF0, 0x7F, 0xFF, 0xE3, 0xFF, 0xFF, 0x03, 0xFF, 0xF8, 0x87, 0xFF, 0xC7,
  0x0F, 0xFE, 0x3E, 0x1F, 0xF1, 0xFC, 0x7F, 0xEF, 0xFB, 0xFF, 0xFF, 0xFF,
  0xFF, 0xFF, 0xFF, 0xFF, 0xFF, 0xFF, 0xFF, 0xFF, 0xF0, 0xFF, 0xFF, 0xFF,
  0xFF, 0xFF, 0xFF, 0xFF, 0xFF, 0xFF, 0xFF, 0xFF, 0xFB, 0xFF, 0xFF, 0xC7,
  0xF9, 0xFF, 0x0F, 0xC7, 0xFE, 0x1E, 0x3F, 0xFC, 0x31, 0xFF, 0xF8, 0x8F,
  0xFF, 0xF0, 0x7F, 0xFF, 0xE3, 0xFF, 0xFF, 0x03, 0xFF, 0xF8, 0x87, 0xFF,
  0xC7, 0x0F, 0xFE, 0x3E, 0x1F, 0xF1, 0xFC, 0x7F, 0xEF, 0xFB, 0xFF, 0xFF,
  0xFF, 0xFF, 0xFF, 0xFF, 0xFF, 0xFF, 0xFF, 0xFF, 0xFF, 0xF0, 0xFF, 0xFF,
  0xFF, 0xFF, 0xFF, 0xFF, 0xFF, 0xFF, 0xFF, 0xFF, 0xFF, 0xFB, 0xFF, 0xFF,
  0xC7, 0xF9, 0xFF, 0x0F, 0xC7, 0xFE, 0x1E, 0x3F, 0xFC, 0x31, 0xFF, 0xF8,
  0x8F, 0xFF, 0xF0, 0x7F, 0xFF, 0xE3, 0xFF, 0xFF, 0x03, 0xFF, 0xF8, 0x87,
  0xFF, 0xC7, 0x0F, 0xFE, 0x3E, 0x1F, 0xF1, 0xFC, 0x7F, 0xEF, 0xFB, 0xFF,
  0xFF, 0xFF, 0xFF, 0xFF, 0xFF, 0xFF, 0xFF, 0xFF, 0xFF, 0xFF, 0xF0, 0xFF,
  0xFF, 0xFF, 0xFF, 0xFF, 0xFF, 0xFF, 0xFF, 0xFF, 0xFF, 0xFF, 0xFB, 0xFF,
  0xFF, 0xC7, 0xF9, 0xFF, 0x0F, 0xC7, 0xFE, 0x1E, 0x3F, 0xFC, 0x31, 0xFF,
  0xF8, 0x8F, 0xFF, 0xF0, 0x7F, 0xFF, 0xE3, 0xFF, 0xFF, 0x03, 0xFF, 0xF8,
  0x87, 0xFF, 0xC7, 0x0F, 0xFE, 0x3E, 0x1F, 0xF1, 0xFC, 0x7F, 0xEF, 0xFB,
  0xFF, 0xFF, 0xFF, 0xFF, 0xFF, 0xFF, 0xFF, 0xFF, 0xFF, 0xFF, 0xFF, 0xF0,
  0xFF, 0xFF, 0xFF, 0xFF, 0xFF, 0xFF, 0xFF, 0xFF, 0xFF, 0xFF, 0xFF, 0xFB,
  0xFF, 0xFF, 0xC7, 0xF9, 0xFF, 0x0F, 0xC7, 0xFE, 0x1E, 0x3F, 0xFC, 0x31,
  0xFF, 0xF8, 0x8F, 0xFF, 0xF0, 0x7F, 0xFF, 0xE3, 0xFF, 0xFF, 0x03, 0xFF,
  0xF8, 0x87, 0xFF, 0xC7, 0x0F, 0xFE, 0x3E, 0x1F, 0xF1, 0xFC, 0x7F, 0xEF,
  0xFB, 0xFF, 0xFF, 0xFF, 0xFF, 0xFF, 0xFF, 0xFF, 0xFF, 0xFF, 0xFF, 0xFF,
  0xF0, 0xFF, 0xFF, 0xFF, 0xFF, 0xFF, 0xFF, 0xFF, 0xFF, 0xFF, 0xFF, 0xFF,
  0xFB, 0xFF, 0xFF, 0xC7, 0xF9, 0xFF, 0x0F, 0xC7, 0xFE, 0x1E, 0x3F, 0xFC,
  0x31, 0xFF, 0xF8, 0x8F, 0xFF, 0xF0, 0x7F, 0xFF, 0xE3, 0xFF, 0xFF, 0x03,
  0xFF, 0xF8, 0x87, 0xFF, 0xC7, 0x0F, 0xFE, 0x3E, 0x1F, 0xF1, 0xFC, 0x7F,
  0xEF, 0xFB, 0xFF, 0xFF, 0xFF, 0xFF, 0xFF, 0xFF, 0xFF, 0xFF, 0xFF, 0xFF,
  0xFF, 0xF0, 0xFF, 0xFF, 0xFF, 0xFF, 0xFF, 0xFF, 0xFF, 0xFF, 0xFF, 0xFF,
  0xFF, 0xFB, 0xFF, 0xFF, 0xC7, 0xF9, 0xFF, 0x0F, 0xC7, 0xFE, 0x1E, 0x3F,
  0xFC, 0x31, 0xFF, 0xF8, 0x8F, 0xFF, 0xF0, 0x7F, 0xFF, 0xE3, 0xFF, 0xFF,
  0x03, 0xFF, 0xF8, 0x87, 0xFF, 0xC7, 0x0F, 0xFE, 0x3E, 0x1F, 0xF1, 0xFC,
  0x7F, 0xEF, 0xFB, 0xFF, 0xFF, 0xFF, 0xFF, 0xFF, 0xFF, 0xFF, 0xFF, 0xFF,
  0xFF, 0xFF, 0xF0, 0xFF, 0xFF, 0xFF, 0xFF, 0xFF, 0xFF, 0xFF, 0xFF, 0xFF,
  0xFF, 0xFF, 0xFB, 0xFF, 0xFF, 0xC7, 0xF9, 0xFF, 0x0F, 0xC7, 0xFE, 0x1E,
  0x3F, 0xFC, 0x31, 0xFF, 0xF8, 0x8F, 0xFF, 0xF0, 0x7F, 0xFF, 0xE3, 0xFF,
  0xFF, 0x03, 0xFF, 0xF8, 0x87, 0xFF, 0xC7, 0x0F, 0xFE, 0x3E, 0x1F, 0xF1,
  0xFC, 0x7F, 0xEF, 0xFB, 0xFF, 0xFF, 0xFF, 0xFF, 0xFF, 0xFF, 0xFF, 0xFF,
  0xFF, 0xFF, 0xFF, 0xF0, 0xFF, 0xFF, 0xFF, 0xFF, 0xFF, 0xFF, 0xFF, 0xFF,
  0xFF, 0xFF, 0xFF, 0xFB, 0xFF, 0xFF, 0xC7, 0xF9, 0xFF, 0x0F, 0xC7, 0xFE,
  0x1E, 0x3F, 0xFC, 0x31, 0xFF, 0xF8, 0x8F, 0xFF, 0xF0, 0x7F, 0xFF, 0xE3,
  0xFF, 0xFF, 0x03, 0xFF, 0xF8, 0x87, 0xFF, 0xC7, 0x0F, 0xFE, 0x3E, 0x1F,
  0xF1, 0xFC, 0x7F, 0xEF, 0xFB, 0xFF, 0xFF, 0xFF, 0xFF, 0xFF, 0xFF, 0xFF,
  0xFF, 0xFF, 0xFF, 0xFF, 0xF0, 0xFF, 0xFF, 0xFF, 0xFF, 0xFF, 0xFF, 0xFF,
  0xFF, 0xFF, 0xFF, 0xFF, 0xFB, 0xFF, 0xFF, 0xC7, 0xF9, 0xFF, 0x0F, 0xC7,
  0xFE, 0x1E, 0x3F, 0xFC, 0x31, 0xFF, 0xF8, 0x8F, 0xFF, 0xF0, 0x7F, 0xFF,
  0xE3, 0xFF, 0xFF, 0x03, 0xFF, 0xF8, 0x87, 0xFF, 0xC7, 0x0F, 0xFE, 0x3E,
  0x1F, 0xF1, 0xFC, 0x7F, 0xEF, 0xFB, 0xFF, 0xFF, 0xFF, 0xFF, 0xFF, 0xFF,
  0xFF, 0xFF, 0xFF, 0xFF, 0xFF, 0xF0, 0xFF, 0xFF, 0xFF, 0xFF, 0xFF, 0xFF,
  0xFF, 0xFF, 0xFF, 0xFF, 0xFF, 0xFB, 0xFF, 0xFF, 0xC7, 0xF9, 0xFF, 0x0F,
  0xC7, 0xFE, 0x1E, 0x3F, 0xFC, 0x31, 0xFF, 0xF8, 0x8F, 0xFF, 0xF0, 0x7F,
  0xFF, 0xE3, 0xFF, 0xFF, 0x03, 0xFF, 0xF8, 0x87, 0xFF, 0xC7, 0x0F, 0xFE,
  0x3E, 0x1F, 0xF1, 0xFC, 0x7F, 0xEF, 0xFB, 0xFF, 0xFF, 0xFF, 0xFF, 0xFF,
  0xFF, 0xFF, 0xFF, 0xFF, 0xFF, 0xFF, 0xF0, 0xFF, 0xFF, 0xFF, 0xFF, 0xFF,
  0xFF, 0xFF, 0xFF, 0xFF, 0xFF, 0xFF, 0xFB, 0xFF, 0xFF, 0xC7, 0xF9, 0xFF,
  0x0F, 0xC7, 0xFE, 0x1E, 0x3F, 0xFC, 0x31, 0xFF, 0xF8, 0x8F, 0xFF, 0xF0,
  0x7F, 0xFF, 0xE3, 0xFF, 0xFF, 0x03, 0xFF, 0xF8, 0x87, 0xFF, 0xC7, 0x0F,
  0xFE, 0x3E, 0x1F, 0xF1, 0xFC, 0x7F, 0xEF, 0xFB, 0xFF, 0xFF, 0xFF, 0xFF,
  0xFF, 0xFF, 0xFF, 0xFF, 0xFF, 0xFF, 0xFF, 0xF0, 0xFF, 0xFF, 0xFF, 0xFF,
  0xFF, 0xFF, 0xFF, 0xFF, 0xFF, 0xFF, 0xFF, 0xFB, 0xFF, 0xFF, 0xC7, 0xF9,
  0xFF, 0x0F, 0xC7, 0xFE, 0x1E, 0x3F, 0xFC, 0x31, 0xFF, 0xF8, 0x8F, 0xFF,
  0xF0, 0x7F, 0xFF, 0xE3, 0xFF, 0xFF, 0x03, 0xFF, 0xF8, 0x87, 0xFF, 0xC7,
  0x0F, 0xFE, 0x3E, 0x1F, 0xF1, 0xFC, 0x7F, 0xEF, 0xFB, 0xFF, 0xFF, 0xFF,
  0xFF, 0xFF, 0xFF, 0xFF, 0xFF, 0xFF, 0xFF, 0xFF, 0xF0, 0xFF, 0xFF, 0xFF,
  0xFF, 0xFF, 0xFF, 0xFF, 0xFF, 0xFF, 0xFF, 0xFF, 0xFB, 0xFF, 0xFF, 0xC7,
  0xF9, 0xFF, 0x0F, 0xC7, 0xFE, 0x1E, 0x3F, 0xFC, 0x31, 0xFF, 0xF8, 0x8F,
  0xFF, 0xF0, 0x7F, 0xFF, 0xE3, 0xFF, 0xFF, 0x03, 0xFF, 0xF8, 0x87, 0xFF,
  0xC7, 0x0F, 0xFE, 0x3E, 0x1F, 0xF1, 0xFC, 0x7F, 0xEF, 0xFB, 0xFF, 0xFF,
  0xFF, 0xFF, 0xFF, 0xFF, 0xFF, 0xFF, 0xFF, 0xFF, 0xFF, 0xF0, 0x00, 0x7F,
  0xFF, 0xF2, 0x00, 0x00, 0x73, 0x9C, 0xE7, 0x39, 0xEF, 0x7B, 0xDE, 0xF7,
  0xBD, 0xFF, 0xFF, 0xFF, 0xF0, 0x00, 0xC0, 0x03, 0x00, 0x0C, 0x00, 0xFC,
  0x0F, 0xFC, 0x78, 0xF3, 0xC3, 0xDE, 0x07, 0x78, 0x1F, 0xE0, 0x0F, 0x80,
  0x3E, 0x00, 0xF8, 0x03, 0xE0, 0x0F, 0x80, 0x3E, 0x00, 0x7C, 0x01, 0xF0,
  0x13, 0xFB, 0xC7, 0xFF, 0x0F, 0xF0, 0x0E, 0x00, 0x38, 0x00, 0xE0, 0x03,
  0x80, 0x00, 0x0C, 0x00, 0x01, 0xFF, 0x00, 0x1F, 0xFE, 0x00, 0xF8, 0x70,
  0x03, 0xC0, 0x40, 0x1F, 0x00, 0x00, 0x7C, 0x00, 0x01, 0xE0, 0x00, 0x07,
  0x80, 0x00, 0x1E, 0x00, 0x03, 0xFF, 0xC0, 0x0F, 0xFF, 0x00, 0x07, 0x80,
  0x00, 0x1E, 0x00, 0x00, 0x78, 0x00, 0x01, 0xE0, 0x20, 0x07, 0x80, 0x78,
  0x1E, 0x01, 0xF0, 0x78, 0x07, 0xC3, 0xE0, 0x1E, 0x3F, 0x00, 0x79, 0xFF,
  0xC7, 0xEF, 0x9F, 0xFF, 0x1C, 0x0F, 0xF0, 0x40, 0x01, 0xB8, 0x00, 0xF7,
  0x1E, 0x78, 0xFF, 0xFC, 0x1F, 0xFE, 0x07, 0xCF, 0x83, 0xC1, 0xE0, 0xF0,
  0x3C, 0x38, 0x0F, 0x0E, 0x03, 0xC3, 0x80, 0xF0, 0xF0, 0x38, 0x1E, 0x1E,
  0x07, 0xFF, 0x83, 0xFF, 0xF1, 0xEF, 0xDE, 0xF0, 0x03, 0xD8, 0x00, 0x64,
  0x00, 0x00, 0xFF, 0x87, 0xFF, 0xFC, 0x3F, 0xCF, 0x80, 0x38, 0x3E, 0x03,
  0x81, 0xF8, 0x18, 0x07, 0xC1, 0xC0, 0x1F, 0x1C, 0x00, 0xF8, 0xE0, 0x03,
  0xEE, 0x00, 0x0F, 0x70, 0x0F, 0xFF, 0xFC, 0x7F, 0xFF, 0xE0, 0x0F, 0x80,
  0x00, 0x7C, 0x00, 0x03, 0xE0, 0x00, 0x1F, 0x00, 0x3F, 0xFF, 0xF1, 0xFF,
  0xFF, 0x80, 0x3E, 0x00, 0x01, 0xF0, 0x00, 0x0F, 0x80, 0x03, 0xFF, 0x80,
  0x1F, 0xFC, 0x00, 0xFF, 0xFF, 0xFF, 0xFF, 0xF0, 0x00, 0x1F, 0xFF, 0xFF,
  0xFF, 0xFF, 0xC0, 0x03, 0xE0, 0x1F, 0xFC, 0x3C, 0x7C, 0x78, 0x1C, 0xF0,
  0x1C, 0xF0, 0x1C, 0x78, 0x00, 0x7E, 0x00, 0x3F, 0x80, 0x3F, 0xE0, 0x6F,
  0xF8, 0xE3, 0xFC, 0xE0, 0xFE, 0xE0, 0x3F, 0xF0, 0x1F, 0xF8, 0x0F, 0xFE,
  0x07, 0x7F, 0x86, 0x3F, 0xEE, 0x0F, 0xFC, 0x07, 0xFC, 0x00, 0xFE, 0xE0,
  0x3E, 0xE0, 0x1E, 0xE0, 0x1E, 0xE0, 0x1E, 0xF8, 0x3C, 0xFF, 0xF8, 0x1F,
  0xE0, 0x70, 0xFF, 0x8F, 0xF9, 0xF7, 0x8F, 0x70, 0xE0, 0x00, 0x0E, 0x00,
  0x00, 0x1F, 0xFC, 0x00, 0x0F, 0x03, 0xE0, 0x03, 0x80, 0x0E, 0x00, 0xC0,
  0x00, 0xE0, 0x30, 0x00, 0x0E, 0x0C, 0x03, 0xE0, 0xE3, 0x81, 0xFE, 0x0C,
  0x60, 0x71, 0xC1, 0xCC, 0x1C, 0x18, 0x1B, 0x07, 0x03, 0x03, 0x60, 0xE0,
  0x00, 0x6C, 0x1C, 0x00, 0x0F, 0x83, 0x80, 0x01, 0xF0, 0x70, 0x00, 0x3E,
  0x0E, 0x00, 0x06, 0xC1, 0xE0, 0x00, 0xCC, 0x3E, 0x08, 0x19, 0x83, 0xFF,
  0x87, 0x38, 0x3F, 0xE0, 0xC3, 0x03, 0xF0, 0x38, 0x70, 0x00, 0x06, 0x07,
  0x00, 0x01, 0x80, 0x70, 0x00, 0xE0, 0x07, 0x80, 0x78, 0x00, 0x3F, 0xFE,
  0x00, 0x01, 0xFE, 0x00, 0x00, 0x1F, 0xC7, 0xFF, 0x1C, 0x7C, 0x01, 0xE0,
  0x0F, 0x00, 0x78, 0x7F, 0xCF, 0x9E, 0xF0, 0xF7, 0x87, 0xBC, 0x3D, 0xE1,
  0xEF, 0xFF, 0x3F, 0x7C, 0x20, 0x80, 0x03, 0x81, 0xC1, 0xC0, 0xE0, 0xE0,
  0x70, 0x78, 0x3C, 0x3C, 0x3E, 0x1F, 0x1F, 0x0F, 0x8F, 0x83, 0xC3, 0xE0,
  0xF8, 0xF8, 0x1E, 0x1F, 0x03, 0xC3, 0xE0, 0x78, 0x78, 0x0E, 0x0F, 0x01,
  0xC1, 0xE0, 0x38, 0x1C, 0x08, 0x04, 0xFF, 0xFF, 0xFF, 0xFF, 0xFF, 0xF8,
  0x00, 0x70, 0x00, 0xE0, 0x01, 0xC0, 0x03, 0x80, 0x07, 0xFF, 0xFF, 0xFF,
  0xFF, 0xFF, 0xFF, 0xFF, 0xFF, 0xFF, 0xFF, 0xFF, 0xFB, 0xFF, 0xFF, 0xC7,
  0xF9, 0xFF, 0x0F, 0xC7, 0xFE, 0x1E, 0x3F, 0xFC, 0x31, 0xFF, 0xF8, 0x8F,
  0xFF, 0xF0, 0x7F, 0xFF, 0xE3, 0xFF, 0xFF, 0x03, 0xFF, 0xF8, 0x87, 0xFF,
  0xC7, 0x0F, 0xFE, 0x3E, 0x1F, 0xF1, 0xFC, 0x7F, 0xEF, 0xFB, 0xFF, 0xFF,
  0xFF, 0xFF, 0xFF, 0xFF, 0xFF, 0xFF, 0xFF, 0xFF, 0xFF, 0xF0, 0x00, 0x0E,
  0x00, 0x00, 0x1F, 0xFC, 0x00, 0x0F, 0x03, 0xE0, 0x03, 0x80, 0x0E, 0x00,
  0xC0, 0x00, 0xE0, 0x30, 0x00, 0x0E, 0x0C, 0x7F, 0xC0, 0xE3, 0x8F, 0xFE,
  0x0C, 0x60, 0xF1, 0xE1, 0xCC, 0x1E, 0x1C, 0x1B, 0x03, 0xC3, 0x83, 0x60,
  0x78, 0x70, 0x6C, 0x0F, 0x1E, 0x0F, 0x81, 0xFF, 0x81, 0xF0, 0x3F, 0xC0,
  0x3E, 0x07, 0x9E, 0x06, 0xC0, 0xF1, 0xC0, 0xCC, 0x1E, 0x3C, 0x19, 0x83,
  0xC3, 0x87, 0x38, 0x78, 0x7C, 0xC3, 0x1F, 0x87, 0xB8, 0x70, 0x00, 0x06,
  0x07, 0x00, 0x01, 0x80, 0x70, 0x00, 0xE0, 0x07, 0x80, 0x78, 0x00, 0x3F,
  0xFE, 0x00, 0x01, 0xFE, 0x00, 0x00, 0xFF, 0xFF, 0xF0, 0x1F, 0x8F, 0xF9,
  0xC7, 0xF0, 0x7E, 0x07, 0xC0, 0xF8, 0x3B, 0x87, 0x7F, 0xC7, 0xF0, 0x3C,
  0x00, 0x07, 0x00, 0x1C, 0x00, 0x70, 0x00, 0xC0, 0x03, 0x03, 0x8C, 0xFF,
  0xFF, 0xFF, 0xFF, 0x03, 0x00, 0x0C, 0x00, 0x70, 0x01, 0xC0, 0x07, 0x00,
  0x00, 0x0F, 0xFF, 0xFF, 0xFF, 0xFF, 0xFC, 0x1F, 0x83, 0xFC, 0xFB, 0xE4,
  0x1E, 0x00, 0xE0, 0x0E, 0x01, 0xE0, 0x1C, 0x03, 0xC0, 0x78, 0x0F, 0x01,
  0xC3, 0x38, 0xFF, 0xFF, 0x7F, 0xF0, 0x1F, 0x8F, 0xFC, 0x63, 0xE0, 0x1E,
  0x01, 0xE0, 0x3C, 0x0F, 0x83, 0xF8, 0x13, 0xE0, 0x0E, 0x00, 0xF0, 0x1E,
  0x01, 0xE7, 0xFC, 0x7F, 0x80, 0x04, 0x0E, 0x1F, 0x3E, 0x3C, 0x78, 0xF0,
  0x40, 0x3C, 0x0F, 0x3F, 0x0F, 0xCF, 0xC3, 0xF1, 0xF0, 0x3C, 0x7C, 0x0F,
  0x1F, 0x03, 0xC7, 0xC0, 0xF1, 0xF0, 0x3C, 0x7C, 0x0F, 0x1F, 0x03, 0xC7,
  0xC0, 0xF1, 0xF0, 0x3C, 0x7C, 0x0F, 0x1F, 0x03, 0xC7, 0xC1, 0xF1, 0xFC,
  0xFC, 0x7B, 0xFF, 0xDE, 0xF9, 0xF7, 0x80, 0x01, 0xE0, 0x00, 0x78, 0x00,
  0x1E, 0x00, 0x07, 0x80, 0x01, 0xE0, 0x00, 0x0F, 0xFF, 0xF1, 0xFF, 0xFF,
  0x7F, 0xC3, 0xC7, 0xFC, 0x3C, 0xFF, 0xC3, 0xCF, 0xFC, 0x3C, 0xFF, 0xC3,
  0xCF, 0xFC, 0x3C, 0xFF, 0xC3, 0xCF, 0xFC, 0x3C, 0x7F, 0xC3, 0xC7, 0xFC,
  0x3C, 0x3F, 0xC3, 0xC0, 0xFC, 0x3C, 0x01, 0xC3, 0xC0, 0x1C, 0x3C, 0x01,
  0xC3, 0xC0, 0x1C, 0x3C, 0x01, 0xC3, 0xC0, 0x1C, 0x3C, 0x01, 0xC3, 0xC0,
  0x1C, 0x3C, 0x01, 0xC3, 0xC0, 0x1C, 0x3C, 0x0F, 0xC3, 0xF0, 0xFC, 0x3F,
  0x77, 0xFF, 0xF7, 0x00, 0x18, 0x38, 0x30, 0x71, 0xFF, 0xFF, 0x3C, 0x0E,
  0x0F, 0x8F, 0xE1, 0xB8, 0x0E, 0x03, 0x80, 0xE0, 0x38, 0x0E, 0x03, 0x80,
  0xE0, 0x38, 0x0E, 0x1F, 0xF7, 0xFC, 0x0F, 0xC0, 0xFF, 0xC7, 0x8F, 0x1C,
  0x1E, 0xF0, 0x7B, 0xC1, 0xEF, 0x03, 0xFC, 0x0F, 0xF0, 0x3F, 0xC1, 0xEF,
  0x07, 0x9E, 0x1C, 0x3C, 0xF0, 0x7F, 0x00, 0xE0, 0x70, 0x1C, 0x0E, 0x03,
  0x83, 0xC0, 0xF0, 0x78, 0x1E, 0x0F, 0x03, 0xC3, 0xE0, 0xF8, 0x7C, 0x1E,
  0x0F, 0x07, 0x87, 0xC3, 0xE3, 0xE1, 0xF0, 0xF0, 0xF8, 0x78, 0x38, 0x1C,
  0x1C, 0x0E, 0x0E, 0x07, 0x01, 0x00, 0x80, 0x00, 0x00, 0x38, 0x00, 0xE0,
  0x03, 0x80, 0x3E, 0x00, 0x70, 0x0F, 0xE0, 0x07, 0x00, 0x6E, 0x00, 0xE0,
  0x00, 0xE0, 0x0E, 0x00, 0x0E, 0x01, 0xC0, 0x00, 0xE0, 0x1C, 0x00, 0x0E,
  0x01, 0x80, 0x00, 0xE0, 0x38, 0x00, 0x0E, 0x03, 0x00, 0x00, 0xE0, 0x70,
  0xF0, 0x0E, 0x06, 0x0F, 0x00, 0xE0, 0xE1, 0xE0, 0x7F, 0xCC, 0x1E, 0x07,
  0xFD, 0xC3, 0xC0, 0x00, 0x18, 0x38, 0x00, 0x03, 0x87, 0x98, 0x00, 0x38,
  0x71, 0x80, 0x07, 0x0E, 0x38, 0x00, 0x70, 0xC3, 0x90, 0x0E, 0x1F, 0xFF,
  0x00, 0xE0, 0xFF, 0xF0, 0x1C, 0x00, 0x38, 0x01, 0xC0, 0x03, 0x80, 0x38,
  0x00, 0x38, 0x03, 0x80, 0x00, 0x00, 0x70, 0x00, 0x00, 0x00, 0x00, 0x38,
  0x00, 0xE0, 0x03, 0x80, 0x3E, 0x00, 0x70, 0x0F, 0xE0, 0x07, 0x00, 0x6E,
  0x00, 0xE0, 0x00, 0xE0, 0x0E, 0x00, 0x0E, 0x01, 0xC0, 0x00, 0xE0, 0x1C,
  0x00, 0x0E, 0x01, 0x80, 0x00, 0xE0, 0x38, 0x00, 0x0E, 0x03, 0x00, 0x00,
  0xE0, 0x71, 0xF8, 0x0E, 0x06, 0x3F, 0xC0, 0xE0, 0xEF, 0xBE, 0x7F, 0xCC,
  0x41, 0xE7, 0xFD, 0xC0, 0x0E, 0x00, 0x18, 0x00, 0xE0, 0x03, 0x80, 0x1E,
  0x00, 0x38, 0x01, 0xC0, 0x07, 0x00, 0x3C, 0x00, 0x70, 0x07, 0x80, 0x0E,
  0x00, 0xF0, 0x00, 0xE0, 0x1C, 0x30, 0x1C, 0x03, 0x8F, 0x01, 0xC0, 0xFF,
  0xF0, 0x38, 0x07, 0xFF, 0x03, 0x80, 0x00, 0x00, 0x70, 0x00, 0x00, 0x00,
  0x00, 0x0E, 0x00, 0x7E, 0x00, 0x38, 0x0F, 0xFC, 0x01, 0xC0, 0x18, 0xF8,
  0x07, 0x00, 0x01, 0xE0, 0x38, 0x00, 0x07, 0x80, 0xE0, 0x00, 0x3C, 0x07,
  0x00, 0x03, 0xE0, 0x1C, 0x00, 0x3F, 0x80, 0x60, 0x00, 0x4F, 0x83, 0x80,
  0x00, 0x0E, 0x0C, 0x00, 0x00, 0x3C, 0x70, 0xF0, 0x01, 0xE1, 0x83, 0xC0,
  0x07, 0x8E, 0x1E, 0x07, 0xFC, 0x30, 0x78, 0x1F, 0xE1, 0xC3, 0xC0, 0x00,
  0x06, 0x0E, 0x00, 0x00, 0x38, 0x79, 0x80, 0x00, 0xE1, 0xC6, 0x00, 0x07,
  0x0E, 0x38, 0x00, 0x1C, 0x30, 0xE4, 0x00, 0xE1, 0xFF, 0xF0, 0x03, 0x83,
  0xFF, 0xC0, 0x1C, 0x00, 0x38, 0x00, 0x70, 0x00, 0xE0, 0x03, 0x80, 0x03,
  0x80, 0x0E, 0x00, 0x00, 0x00, 0x70, 0x00, 0x00, 0x03, 0xC0, 0x3F, 0x01,
  0xF0, 0x07, 0x80, 0x10, 0x00, 0x00, 0x00, 0x00, 0x40, 0x01, 0xC0, 0x0E,
  0x00, 0x70, 0x03, 0xC0, 0x1E, 0x01, 0xE0, 0x1E, 0x03, 0xE0, 0x3E, 0x03,
  0xC0, 0x3E, 0x01, 0xE0, 0x0F, 0x00, 0x78, 0x03, 0xE0, 0x1F, 0x00, 0x7C,
  0x03, 0xFF, 0xCF, 0xFE, 0x1F, 0xF0, 0x00, 0x80, 0x00, 0x07, 0x80, 0x00,
  0x0F, 0x80, 0x00, 0x0F, 0x00, 0x00, 0x0F, 0x00, 0x00, 0x04, 0x00, 0x00,
  0x00, 0x00, 0x00, 0x00, 0x00, 0x00, 0x7C, 0x00, 0x01, 0xF8, 0x00, 0x03,
  0xF8, 0x00, 0x0E, 0xF0, 0x00, 0x1D, 0xE0, 0x00, 0x3B, 0xE0, 0x00, 0xE3,
  0xC0, 0x01, 0xC7, 0x80, 0x03, 0x8F, 0x80, 0x0E, 0x1F, 0x00, 0x1C, 0x1E,
  0x00, 0x38, 0x3E, 0x00, 0xF0, 0x7C, 0x01, 0xC0, 0xF8, 0x03, 0x80, 0xF8,
  0x0F, 0xFF, 0xF0, 0x1F, 0xFF, 0xE0, 0x38, 0x03, 0xE0, 0xF0, 0x07, 0xC1,
  0xE0, 0x0F, 0x83, 0x80, 0x1F, 0x9F, 0xE0, 0xFF, 0xFF, 0xC1, 0xFF, 0x80,
  0x00, 0x06, 0x00, 0x00, 0x1E, 0x00, 0x00, 0x7C, 0x00, 0x00, 0xF0, 0x00,
  0x03, 0xC0, 0x00, 0x02, 0x00, 0x00, 0x00, 0x00, 0x00, 0x00, 0x00, 0x00,
  0x7C, 0x00, 0x01, 0xF8, 0x00, 0x03, 0xF8, 0x00, 0x0E, 0xF0, 0x00, 0x1D,
  0xE0, 0x00, 0x3B, 0xE0, 0x00, 0xE3, 0xC0, 0x01, 0xC7, 0x80, 0x03, 0x8F,
  0x80, 0x0E, 0x1F, 0x00, 0x1C, 0x1E, 0x00, 0x38, 0x3E, 0x00, 0xF0, 0x7C,
  0x01, 0xC0, 0xF8, 0x03, 0x80, 0xF8, 0x0F, 0xFF, 0xF0, 0x1F, 0xFF, 0xE0,
  0x38, 0x03, 0xE0, 0xF0, 0x07, 0xC1, 0xE0, 0x0F, 0x83, 0x80, 0x1F, 0x9F,
  0xE0, 0xFF, 0xFF, 0xC1, 0xFF, 0x80, 0x00, 0x38, 0x00, 0x00, 0xF0, 0x00,
  0x03, 0xF0, 0x00, 0x0E, 0x70, 0x00, 0x78, 0x78, 0x00, 0x60, 0x60, 0x00,
  0x00, 0x00, 0x00, 0x00, 0x00, 0x00, 0x7C, 0x00, 0x01, 0xF8, 0x00, 0x03,
  0xF8, 0x00, 0x0E, 0xF0, 0x00, 0x1D, 0xE0, 0x00, 0x3B, 0xE0, 0x00, 0xE3,
  0xC0, 0x01, 0xC7, 0x80, 0x03, 0x8F, 0x80, 0x0E, 0x1F, 0x00, 0x1C, 0x1E,
  0x00, 0x38, 0x3E, 0x00, 0xF0, 0x7C, 0x01, 0xC0, 0xF8, 0x03, 0x80, 0xF8,
  0x0F, 0xFF, 0xF0, 0x1F, 0xFF, 0xE0, 0x38, 0x03, 0xE0, 0xF0, 0x07, 0xC1,
  0xE0, 0x0F, 0x83, 0x80, 0x1F, 0x9F, 0xE0, 0xFF, 0xFF, 0xC1, 0xFF, 0x80,
  0x01, 0xE1, 0x00, 0x03, 0xE6, 0x00, 0x0F, 0xFC, 0x00, 0x18, 0xF0, 0x00,
  0x00, 0x40, 0x00, 0x00, 0x00, 0x00, 0x00, 0x00, 0x00, 0x3E, 0x00, 0x00,
  0xFC, 0x00, 0x01, 0xFC, 0x00, 0x07, 0x78, 0x00, 0x0E, 0xF0, 0x00, 0x1D,
  0xF0, 0x00, 0x71, 0xE0, 0x00, 0xE3, 0xC0, 0x01, 0xC7, 0xC0, 0x07, 0x0F,
  0x80, 0x0E, 0x0F, 0x00, 0x1C, 0x1F, 0x00, 0x78, 0x3E, 0x00, 0xE0, 0x7C,
  0x01, 0xC0, 0x7C, 0x07, 0xFF, 0xF8, 0x0F, 0xFF, 0xF0, 0x1C, 0x01, 0xF0,
  0x78, 0x03, 0xE0, 0xF0, 0x07, 0xC1, 0xC0, 0x0F, 0xCF, 0xF0, 0x7F, 0xFF,
  0xE0, 0xFF, 0xC0, 0x03, 0xC7, 0x00, 0x07, 0x9F, 0x00, 0x0F, 0x3E, 0x00,
  0x1E, 0x38, 0x00, 0x18, 0x60, 0x00, 0x00, 0x00, 0x00, 0x00, 0x00, 0x00,
  0x3E, 0x00, 0x00, 0xFC, 0x00, 0x01, 0xFC, 0x00, 0x07, 0x78, 0x00, 0x0E,
  0xF0, 0x00, 0x1D, 0xF0, 0x00, 0x71, 0xE0, 0x00, 0xE3, 0xC0, 0x01, 0xC7,
  0xC0, 0x07, 0x0F, 0x80, 0x0E, 0x0F, 0x00, 0x1C, 0x1F, 0x00, 0x78, 0x3E,
  0x00, 0xE0, 0x7C, 0x01, 0xC0, 0x7C, 0x07, 0xFF, 0xF8, 0x0F, 0xFF, 0xF0,
  0x1C, 0x01, 0xF0, 0x78, 0x03, 0xE0, 0xF0, 0x07, 0xC1, 0xC0, 0x0F, 0xCF,
  0xF0, 0x7F, 0xFF, 0xE0, 0xFF, 0xC0, 0x00, 0x78, 0x00, 0x03, 0xF8, 0x00,
  0x06, 0x38, 0x00, 0x0C, 0x30, 0x00, 0x38, 0x60, 0x00, 0x30, 0xC0, 0x00,
  0x7F, 0x00, 0x00, 0x7C, 0x00, 0x00, 0x00, 0x00, 0x00, 0x00, 0x00, 0x01,
  0xF0, 0x00, 0x07, 0xE0, 0x00, 0x0F, 0xE0, 0x00, 0x3B, 0xC0, 0x00, 0x77,
  0x80, 0x00, 0xEF, 0x80, 0x03, 0x8F, 0x00, 0x07, 0x1E, 0x00, 0x0E, 0x3E,
  0x00, 0x38, 0x7C, 0x00, 0x70, 0x78, 0x00, 0xE0, 0xF8, 0x03, 0xC1, 0xF0,
  0x07, 0x03, 0xE0, 0x0E, 0x03, 0xE0, 0x3F, 0xFF, 0xC0, 0x7F, 0xFF, 0x80,
  0xE0, 0x0F, 0x83, 0xC0, 0x1F, 0x07, 0x80, 0x3E, 0x0E, 0x00, 0x7E, 0x7F,
  0x83, 0xFF, 0xFF, 0x07, 0xFE, 0x03, 0xFF, 0xFF, 0xF8, 0x07, 0xFF, 0xFF,
  0xF0, 0x00, 0xE7, 0x80, 0xE0, 0x03, 0x8F, 0x00, 0xC0, 0x07, 0x1E, 0x01,
  0x80, 0x1C, 0x3C, 0x00, 0x00, 0x38, 0x78, 0x00, 0x00, 0xF0, 0xF0, 0x60,
  0x01, 0xC1, 0xE0, 0xC0, 0x03, 0x83, 0xC1, 0x80, 0x0F, 0x07, 0xFF, 0x00,
  0x1C, 0x0F, 0xFE, 0x00, 0x78, 0x1E, 0x0C, 0x00, 0xE0, 0x3C, 0x18, 0x03,
  0xFF, 0xF8, 0x30, 0x07, 0xFF, 0xF0, 0x00, 0x0E, 0x01, 0xE0, 0x00, 0x3C,
  0x03, 0xC0, 0x1C, 0x70, 0x07, 0x80, 0x39, 0xE0, 0x0F, 0x00, 0xF3, 0xC0,
  0x1E, 0x01, 0xFF, 0xE1, 0xFF, 0xFF, 0xFF, 0xC3, 0xFF, 0xFF, 0x00, 0x00,
  0x18, 0x00, 0xFF, 0xF0, 0xFF, 0xFC, 0x7C, 0x0F, 0x3E, 0x03, 0xDF, 0x00,
  0xF7, 0xC0, 0x1F, 0xE0, 0x07, 0xF8, 0x00, 0x3E, 0x00, 0x0F, 0x80, 0x03,
  0xE0, 0x00, 0xF8, 0x00, 0x3E, 0x00, 0x0F, 0x80, 0x03, 0xE0, 0x00, 0xF8,
  0x00, 0x3F, 0x00, 0x07, 0xC0, 0x1D, 0xF0, 0x07, 0x3E, 0x01, 0xC7, 0xC0,
  0xF0, 0xFF, 0xFC, 0x0F, 0xFC, 0x00, 0x30, 0x00, 0x0E, 0x00, 0x01, 0x80,
  0x00, 0x70, 0x00, 0x3C, 0x00, 0x7F, 0x00, 0x1F, 0x80, 0x03, 0xC0, 0x01,
  0x00, 0x00, 0xF0, 0x00, 0x1F, 0x00, 0x01, 0xE0, 0x00, 0x1E, 0x00, 0x00,
  0x80, 0x00, 0x00, 0x00, 0x00, 0x00, 0xFF, 0xFF, 0x9F, 0xFF, 0xF0, 0x78,
  0x0E, 0x0F, 0x00, 0xC1, 0xE0, 0x18, 0x3C, 0x00, 0x07, 0x80, 0x00, 0xF0,
  0x60, 0x1E, 0x0C, 0x03, 0xC1, 0x80, 0x7F, 0xF0, 0x0F, 0xFE, 0x01, 0xE0,
  0xC0, 0x3C, 0x18, 0x07, 0x83, 0x00, 0xF0, 0x00, 0x1E, 0x00, 0x03, 0xC0,
  0x1C, 0x78, 0x03, 0x8F, 0x00, 0xF1, 0xE0, 0x1F, 0xFF, 0xFF, 0xFF, 0xFF,
  0xF0, 0x00, 0x18, 0x00, 0x07, 0x80, 0x01, 0xF0, 0x00, 0x3C, 0x00, 0x0F,
  0x00, 0x00, 0x80, 0x00, 0x00, 0x00, 0x00, 0x00, 0xFF, 0xFF, 0x9F, 0xFF,
  0xF0, 0x78, 0x0E, 0x0F, 0x00, 0xC1, 0xE0, 0x18, 0x3C, 0x00, 0x07, 0x80,
  0x00, 0xF0, 0x60, 0x1E, 0x0C, 0x03, 0xC1, 0x80, 0x7F, 0xF0, 0x0F, 0xFE,
  0x01, 0xE0, 0xC0, 0x3C, 0x18, 0x07, 0x83, 0x00, 0xF0, 0x00, 0x1E, 0x00,
  0x03, 0xC0, 0x1C, 0x78, 0x03, 0x8F, 0x00, 0xF1, 0xE0, 0x1F, 0xFF, 0xFF,
  0xFF, 0xFF, 0xF0, 0x00, 0xE0, 0x00, 0x3C, 0x00, 0x0F, 0xC0, 0x03, 0x9C,
  0x01, 0xE1, 0xE0, 0x18, 0x18, 0x00, 0x00, 0x00, 0x00, 0x00, 0xFF, 0xFF,
  0x9F, 0xFF, 0xF0, 0x78, 0x0E, 0x0F, 0x00, 0xC1, 0xE0, 0x18, 0x3C, 0x00,
  0x07, 0x80, 0x00, 0xF0, 0x60, 0x1E, 0x0C, 0x03, 0xC1, 0x80, 0x7F, 0xF0,
  0x0F, 0xFE, 0x01, 0xE0, 0xC0, 0x3C, 0x18, 0x07, 0x83, 0x00, 0xF0, 0x00,
  0x1E, 0x00, 0x03, 0xC0, 0x1C, 0x78, 0x03, 0x8F, 0x00, 0xF1, 0xE0, 0x1F,
  0xFF, 0xFF, 0xFF, 0xFF, 0xF0, 0x0F, 0x1C, 0x01, 0xE7, 0xC0, 0x3C, 0xF8,
  0x07, 0x8E, 0x00, 0x61, 0x80, 0x00, 0x00, 0x00, 0x00, 0x07, 0xFF, 0xFC,
  0xFF, 0xFF, 0x83, 0xC0, 0x70, 0x78, 0x06, 0x0F, 0x00, 0xC1, 0xE0, 0x00,
  0x3C, 0x00, 0x07, 0x83, 0x00, 0xF0, 0x60, 0x1E, 0x0C, 0x03, 0xFF, 0x80,
  0x7F, 0xF0, 0x0F, 0x06, 0x01, 0xE0, 0xC0, 0x3C, 0x18, 0x07, 0x80, 0x00,
  0xF0, 0x00, 0x1E, 0x00, 0xE3, 0xC0, 0x1C, 0x78, 0x07, 0x8F, 0x00, 0xFF,
  0xFF, 0xFF, 0xFF, 0xFF, 0x80, 0x10, 0x1E, 0x07, 0xC0, 0xF0, 0x1E, 0x01,
  0x00, 0x00, 0x00, 0xFF, 0xFF, 0xF1, 0xF0, 0x7C, 0x1F, 0x07, 0xC1, 0xF0,
  0x7C, 0x1F, 0x07, 0xC1, 0xF0, 0x7C, 0x1F, 0x07, 0xC1, 0xF0, 0x7C, 0x1F,
  0x07, 0xC1, 0xF0, 0x7C, 0x1F, 0x3F, 0xFF, 0xFC, 0x01, 0x80, 0xF0, 0x7C,
  0x1E, 0x0F, 0x01, 0x00, 0x00, 0x00, 0xFF, 0xFF, 0xF1, 0xF0, 0x7C, 0x1F,
  0x07, 0xC1, 0xF0, 0x7C, 0x1F, 0x07, 0xC1, 0xF0, 0x7C, 0x1F, 0x07, 0xC1,
  0xF0, 0x7C, 0x1F, 0x07, 0xC1, 0xF0, 0x7C, 0x1F, 0x3F, 0xFF, 0xFC, 0x07,
  0x00, 0xF0, 0x1F, 0x83, 0x9C, 0xF0, 0xF6, 0x06, 0x00, 0x00, 0x00, 0x7F,
  0xE7, 0xFE, 0x0F, 0x80, 0xF8, 0x0F, 0x80, 0xF8, 0x0F, 0x80, 0xF8, 0x0F,
  0x80, 0xF8, 0x0F, 0x80, 0xF8, 0x0F, 0x80, 0xF8, 0x0F, 0x80, 0xF8, 0x0F,
  0x80, 0xF8, 0x0F, 0x80, 0xF8, 0x0F, 0x87, 0xFE, 0x7F, 0xE0, 0xF1, 0xDE,
  0x7F, 0xCF, 0xF8, 0xE6, 0x18, 0x00, 0x00, 0x07, 0xFE, 0xFF, 0xC3, 0xE0,
  0x7C, 0x0F, 0x81, 0xF0, 0x3E, 0x07, 0xC0, 0xF8, 0x1F, 0x03, 0xE0, 0x7C,
  0x0F, 0x81, 0xF0, 0x3E, 0x07, 0xC0, 0xF8, 0x1F, 0x03, 0xE0, 0x7C, 0x0F,
  0x8F, 0xFD, 0xFF, 0x80, 0x00, 0x20, 0x03, 0xFF, 0xFC, 0x0F, 0xFF, 0xFC,
  0x07, 0x81, 0xF8, 0x1E, 0x01, 0xF0, 0x78, 0x07, 0xE1, 0xE0, 0x0F, 0x87,
  0x80, 0x3E, 0x1E, 0x00, 0x7C, 0x78, 0x01, 0xF1, 0xE0, 0x07, 0xDF, 0xF8,
  0x1F, 0x7F, 0xE0, 0x7C, 0x78, 0x01, 0xF1, 0xE0, 0x07, 0xC7, 0x80, 0x1F,
  0x1E, 0x00, 0xF8, 0x78, 0x03, 0xE1, 0xE0, 0x0F, 0x07, 0x80, 0x7C, 0x1E,
  0x03, 0xE0, 0x78, 0x1F, 0x0F, 0xFF, 0xF8, 0x3F, 0xFF, 0x80, 0x00, 0xF0,
  0x80, 0x01, 0xF3, 0x00, 0x07, 0xFE, 0x00, 0x0C, 0x78, 0x00, 0x00, 0x20,
  0x00, 0x00, 0x00, 0x00, 0x00, 0x00, 0x7F, 0x80, 0x7F, 0xFF, 0x00, 0xFE,
  0x3F, 0x00, 0x70, 0x7F, 0x00, 0xE0, 0xFE, 0x01, 0xC1, 0xBE, 0x03, 0x83,
  0x7E, 0x07, 0x06, 0x7C, 0x0E, 0x0C, 0x7C, 0x1C, 0x18, 0xFC, 0x38, 0x30,
  0xF8, 0x70, 0x60, 0xF8, 0xE0, 0xC1, 0xF9, 0xC1, 0x81, 0xF3, 0x83, 0x03,
  0xF7, 0x06, 0x03, 0xEE, 0x0C, 0x03, 0xFC, 0x18, 0x07, 0xF8, 0x30, 0x07,
  0xF0, 0x60, 0x07, 0xE0, 0xC0, 0x0F, 0xCF, 0xF0, 0x0F, 0x9F, 0xE0, 0x0F,
  0x00, 0x00, 0x80, 0x00, 0x1E, 0x00, 0x00, 0xF8, 0x00, 0x03, 0xC0, 0x00,
  0x0F, 0x00, 0x00, 0x10, 0x00, 0x00, 0x00, 0x00, 0x0C, 0x00, 0x03, 0xFF,
  0x00, 0x7E, 0xFC, 0x07, 0xC1, 0xF0, 0x7C, 0x07, 0xC3, 0xC0, 0x1F, 0x3E,
  0x00, 0xF9, 0xF0, 0x07, 0xDF, 0x00, 0x1F, 0xF8, 0x00, 0xFF, 0xC0, 0x07,
  0xFE, 0x00, 0x3F, 0xF0, 0x01, 0xFF, 0x80, 0x0F, 0xFC, 0x00, 0x7F, 0xE0,
  0x03, 0xFF, 0x00, 0x3E, 0x7C, 0x01, 0xF3, 0xE0, 0x0F, 0x9F, 0x00, 0xF8,
  0x7C, 0x07, 0x81, 0xF0, 0x78, 0x07, 0xFF, 0x80, 0x0F, 0xF0, 0x00, 0x00,
  0x0C, 0x00, 0x00, 0xF0, 0x00, 0x0F, 0x80, 0x00, 0x78, 0x00, 0x07, 0x80,
  0x00, 0x10, 0x00, 0x00, 0x00, 0x00, 0x0C, 0x00, 0x03, 0xFF, 0x00, 0x7E,
  0xFC, 0x07, 0xC1, 0xF0, 0x7C, 0x07, 0xC3, 0xC0, 0x1F, 0x3E, 0x00, 0xF9,
  0xF0, 0x07, 0xDF, 0x00, 0x1F, 0xF8, 0x00, 0xFF, 0xC0, 0x07, 0xFE, 0x00,
  0x3F, 0xF0, 0x01, 0xFF, 0x80, 0x0F, 0xFC, 0x00, 0x7F, 0xE0, 0x03, 0xFF,
  0x00, 0x3E, 0x7C, 0x01, 0xF3, 0xE0, 0x0F, 0x9F, 0x00, 0xF8, 0x7C, 0x07,
  0x81, 0xF0, 0x78, 0x07, 0xFF, 0x80, 0x0F, 0xF0, 0x00, 0x00, 0x70, 0x00,
  0x07, 0x80, 0x00, 0x7E, 0x00, 0x07, 0x38, 0x00, 0xF0, 0xF0, 0x03, 0x03,
  0x00, 0x00, 0x00, 0x00, 0x0C, 0x00, 0x03, 0xFF, 0x00, 0x7E, 0xFC, 0x07,
  0xC1, 0xF0, 0x7C, 0x07, 0xC3, 0xC0, 0x1F, 0x3E, 0x00, 0xF9, 0xF0, 0x07,
  0xDF, 0x00, 0x1F, 0xF8, 0x00, 0xFF, 0xC0, 0x07, 0xFE, 0x00, 0x3F, 0xF0,
  0x01, 0xFF, 0x80, 0x0F, 0xFC, 0x00, 0x7F, 0xE0, 0x03, 0xFF, 0x00, 0x3E,
  0x7C, 0x01, 0xF3, 0xE0, 0x0F, 0x9F, 0x00, 0xF8, 0x7C, 0x07, 0x81, 0xF0,
  0x78, 0x07, 0xFF, 0x80, 0x0F, 0xF0, 0x00, 0x03, 0xC2, 0x00, 0x1F, 0x30,
  0x01, 0xFF, 0x80, 0x0C, 0x78, 0x00, 0x00, 0x80, 0x00, 0x00, 0x00, 0x01,
  0x80, 0x00, 0x7F, 0xE0, 0x0F, 0xDF, 0x80, 0xF8, 0x3E, 0x0F, 0x80, 0xF8,
  0x78, 0x03, 0xE7, 0xC0, 0x1F, 0x3E, 0x00, 0xFB, 0xE0, 0x03, 0xFF, 0x00,
  0x1F, 0xF8, 0x00, 0xFF, 0xC0, 0x07, 0xFE, 0x00, 0x3F, 0xF0, 0x01, 0xFF,
  0x80, 0x0F, 0xFC, 0x00, 0x7F, 0xE0, 0x07, 0xCF, 0x80, 0x3E, 0x7C, 0x01,
  0xF3, 0xE0, 0x1F, 0x0F, 0x80, 0xF0, 0x3E, 0x0F, 0x00, 0xFF, 0xF0, 0x01,
  0xFE, 0x00, 0x07, 0x8E, 0x00, 0x3C, 0xF8, 0x01, 0xE7, 0xC0, 0x0F, 0x1C,
  0x00, 0x30, 0xC0, 0x00, 0x00, 0x00, 0x01, 0x80, 0x00, 0x7F, 0xE0, 0x0F,
  0xDF, 0x80, 0xF8, 0x3E, 0x0F, 0x80, 0xF8, 0x78, 0x03, 0xE7, 0xC0, 0x1F,
  0x3E, 0x00, 0xFB, 0xE0, 0x03, 0xFF, 0x00, 0x1F, 0xF8, 0x00, 0xFF, 0xC0,
  0x07, 0xFE, 0x00, 0x3F, 0xF0, 0x01, 0xFF, 0x80, 0x0F, 0xFC, 0x00, 0x7F,
  0xE0, 0x07, 0xCF, 0x80, 0x3E, 0x7C, 0x01, 0xF3, 0xE0, 0x1F, 0x0F, 0x80,
  0xF0, 0x3E, 0x0F, 0x00, 0xFF, 0xF0, 0x01, 0xFE, 0x00, 0x20, 0x08, 0x40,
  0x13, 0xC0, 0x7B, 0xC1, 0xE3, 0xC7, 0x83, 0xDE, 0x03, 0xF8, 0x03, 0xE0,
  0x07, 0xC0, 0x1F, 0xC0, 0x7B, 0xC1, 0xE3, 0xCF, 0x83, 0xEE, 0x03, 0x88,
  0x02, 0x00, 0x00, 0x01, 0x80, 0x00, 0x08, 0x00, 0x18, 0x40, 0x07, 0xFE,
  0x00, 0xFD, 0xF8, 0x0F, 0x83, 0xE0, 0xF8, 0x1F, 0x87, 0x80, 0xBE, 0x7C,
  0x09, 0xF3, 0xE0, 0x4F, 0xBE, 0x06, 0x3F, 0xF0, 0x21, 0xFF, 0x81, 0x0F,
  0xFC, 0x10, 0x7F, 0xE0, 0x83, 0xFF, 0x0C, 0x1F, 0xF8, 0x40, 0xFF, 0xC2,
  0x07, 0xFE, 0x20, 0x7C, 0xF9, 0x03, 0xE7, 0xD8, 0x1F, 0x3E, 0x81, 0xF0,
  0xFC, 0x0F, 0x03, 0xE0, 0xF0, 0x0F, 0xFF, 0x00, 0x3F, 0xE0, 0x01, 0x00,
  0x00, 0x08, 0x00, 0x00, 0xC0, 0x00, 0x00, 0x00, 0x80, 0x00, 0x0F, 0x00,
  0x00, 0x3E, 0x00, 0x00, 0x78, 0x00, 0x00, 0xF0, 0x00, 0x00, 0x80, 0x00,
  0x00, 0x00, 0x00, 0x00, 0x00, 0xFF, 0x83, 0xFF, 0xFE, 0x0F, 0xF3, 0xC0,
  0x07, 0x0F, 0x00, 0x1C, 0x3C, 0x00, 0x70, 0xF0, 0x01, 0xC3, 0xC0, 0x07,
  0x0F, 0x00, 0x1C, 0x3C, 0x00, 0x70, 0xF0, 0x01, 0xC3, 0xC0, 0x07, 0x0F,
  0x00, 0x1C, 0x3C, 0x00, 0x70, 0xF0, 0x01, 0xC3, 0xC0, 0x07, 0x0F, 0x00,
  0x1C, 0x3E, 0x00, 0x70, 0xF8, 0x03, 0x83, 0xE0, 0x0E, 0x07, 0xC0, 0x70,
  0x0F, 0x83, 0xC0, 0x1F, 0xFE, 0x00, 0x1F, 0xE0, 0x00, 0x00, 0x06, 0x00,
  0x00, 0x3C, 0x00, 0x01, 0xF0, 0x00, 0x07, 0x80, 0x00, 0x3C, 0x00, 0x00,
  0x40, 0x00, 0x00, 0x00, 0x00, 0x00, 0x00, 0xFF, 0x83, 0xFF, 0xFE, 0x0F,
  0xF3, 0xC0, 0x07, 0x0F, 0x00, 0x1C, 0x3C, 0x00, 0x70, 0xF0, 0x01, 0xC3,
  0xC0, 0x07, 0x0F, 0x00, 0x1C, 0x3C, 0x00, 0x70, 0xF0, 0x01, 0xC3, 0xC0,
  0x07, 0x0F, 0x00, 0x1C, 0x3C, 0x00, 0x70, 0xF0, 0x01, 0xC3, 0xC0, 0x07,
  0x0F, 0x00, 0x1C, 0x3E, 0x00, 0x70, 0xF8, 0x03, 0x83, 0xE0, 0x0E, 0x07,
  0xC0, 0x70, 0x0F, 0x83, 0xC0, 0x1F, 0xFE, 0x00, 0x1F, 0xE0, 0x00, 0x00,
  0x38, 0x00, 0x01, 0xE0, 0x00, 0x0F, 0xC0, 0x00, 0x73, 0x80, 0x07, 0x87,
  0x80, 0x0C, 0x0C, 0x00, 0x00, 0x00, 0x00, 0x00, 0x00, 0xFF, 0x83, 0xFF,
  0xFE, 0x0F, 0xF3, 0xC0, 0x07, 0x0F, 0x00, 0x1C, 0x3C, 0x00, 0x70, 0xF0,
  0x01, 0xC3, 0xC0, 0x07, 0x0F, 0x00, 0x1C, 0x3C, 0x00, 0x70, 0xF0, 0x01,
  0xC3, 0xC0, 0x07, 0x0F, 0x00, 0x1C, 0x3C, 0x00, 0x70, 0xF0, 0x01, 0xC3,
  0xC0, 0x07, 0x0F, 0x00, 0x1C, 0x3E, 0x00, 0x70, 0xF8, 0x03, 0x83, 0xE0,
  0x0E, 0x07, 0xC0, 0x70, 0x0F, 0x83, 0xC0, 0x1F, 0xFE, 0x00, 0x1F, 0xE0,
  0x00, 0x07, 0x8E, 0x00, 0x1E, 0x7C, 0x00, 0x79, 0xF0, 0x01, 0xE3, 0x80,
  0x03, 0x0C, 0x00, 0x00, 0x00, 0x00, 0x00, 0x00, 0x3F, 0xE0, 0xFF, 0xFF,
  0x83, 0xFC, 0xF0, 0x01, 0xC3, 0xC0, 0x07, 0x0F, 0x00, 0x1C, 0x3C, 0x00,
  0x70, 0xF0, 0x01, 0xC3, 0xC0, 0x07, 0x0F, 0x00, 0x1C, 0x3C, 0x00, 0x70,
  0xF0, 0x01, 0xC3, 0xC0, 0x07, 0x0F, 0x00, 0x1C, 0x3C, 0x00, 0x70, 0xF0,
  0x01, 0xC3, 0xC0, 0x07, 0x0F, 0x80, 0x1C, 0x3E, 0x00, 0xE0, 0xF8, 0x03,
  0x81, 0xF0, 0x1C, 0x03, 0xE0, 0xF0, 0x07, 0xFF, 0x80, 0x07, 0xF8, 0x00,
  0x00, 0x06, 0x00, 0x00, 0x3C, 0x00, 0x01, 0xF0, 0x00, 0x07, 0x80, 0x00,
  0x3C, 0x00, 0x00, 0x40, 0x00, 0x00, 0x00, 0x00, 0x00, 0x00, 0xFF, 0xC3,
  0xFF, 0xFF, 0x0F, 0xF3, 0xF0, 0x07, 0x07, 0xC0, 0x38, 0x0F, 0x80, 0xE0,
  0x3E, 0x07, 0x00, 0x7C, 0x1C, 0x01, 0xF0, 0xE0, 0x03, 0xE3, 0x00, 0x0F,
  0x9C, 0x00, 0x1F, 0x60, 0x00, 0x7F, 0x80, 0x00, 0xFC, 0x00, 0x01, 0xF0,
  0x00, 0x07, 0xC0, 0x00, 0x1F, 0x00, 0x00, 0x7C, 0x00, 0x01, 0xF0, 0x00,
  0x07, 0xC0, 0x00, 0x1F, 0x00, 0x00, 0x7C, 0x00, 0x1F, 0xFE, 0x00, 0x7F,
  0xF8, 0x00, 0xFF, 0xC0, 0x1F, 0xF8, 0x00, 0x78, 0x00, 0x0F, 0x00, 0x01,
  0xE0, 0x00, 0x3F, 0xFE, 0x07, 0xFF, 0xF0, 0xF0, 0x3E, 0x1E, 0x03, 0xE3,
  0xC0, 0x7C, 0x78, 0x0F, 0x8F, 0x01, 0xF1, 0xE0, 0x3E, 0x3C, 0x07, 0xC7,
  0x81, 0xF0, 0xF0, 0x7E, 0x1F, 0xFF, 0x03, 0xFF, 0x80, 0x78, 0x00, 0x0F,
  0x00, 0x01, 0xE0, 0x01, 0xFF, 0xC0, 0x3F, 0xF8, 0x00, 0x00, 0x30, 0x00,
  0x3F, 0xE0, 0x1E, 0x3E, 0x07, 0x83, 0xC0, 0xF0, 0x78, 0x3C, 0x0F, 0x07,
  0x81, 0xE1, 0xF0, 0x38, 0x3E, 0x0E, 0x07, 0xC3, 0x80, 0xF8, 0x70, 0x1F,
  0x1E, 0x03, 0xE3, 0xE0, 0x7C, 0x7E, 0x0F, 0x87, 0xE1, 0xF0, 0x7E, 0x3E,
  0x07, 0xE7, 0xC0, 0x7C, 0xF8, 0x0F, 0x9F, 0x01, 0xF3, 0xE0, 0x1E, 0x7C,
  0x07, 0xCF, 0x80, 0xFF, 0xF3, 0xFE, 0xFE, 0x7F, 0x00, 0x08, 0x00, 0x1C,
  0x00, 0x3E, 0x00, 0x1E, 0x00, 0x1F, 0x00, 0x07, 0x80, 0x03, 0xC0, 0x01,
  0x80, 0x00, 0x00, 0x00, 0x00, 0x03, 0xE0, 0x3F, 0xF0, 0xFF, 0xF8, 0x70,
  0xFC, 0x40, 0x3C, 0x00, 0x3C, 0x00, 0x3C, 0x00, 0xFC, 0x1F, 0xFC, 0x7F,
  0x3C, 0xF8, 0x3C, 0xF8, 0x3C, 0xF0, 0x3C, 0xF0, 0x3C, 0xF8, 0x3C, 0xFC,
  0xFC, 0x7F, 0xFF, 0x3F, 0x3F, 0x00, 0x10, 0x00, 0x38, 0x00, 0x7C, 0x00,
  0xF8, 0x00, 0xF0, 0x01, 0xE0, 0x03, 0xC0, 0x01, 0x00, 0x00, 0x00, 0x00,
  0x00, 0x03, 0xE0, 0x3F, 0xF0, 0xFF, 0xF8, 0x70, 0xFC, 0x40, 0x3C, 0x00,
  0x3C, 0x00, 0x3C, 0x00, 0xFC, 0x1F, 0xFC, 0x7F, 0x3C, 0xF8, 0x3C, 0xF8,
  0x3C, 0xF0, 0x3C, 0xF0, 0x3C, 0xF8, 0x3C, 0xFC, 0xFC, 0x7F, 0xFF, 0x3F,
  0x3F, 0x03, 0xC0, 0x07, 0xC0, 0x07, 0xE0, 0x0E, 0xF0, 0x1C, 0x70, 0x38,
  0x38, 0x30, 0x1C, 0x10, 0x08, 0x00, 0x00, 0x03, 0xE0, 0x3F, 0xF0, 0xFF,
  0xF8, 0x70, 0xFC, 0x40, 0x3C, 0x00, 0x3C, 0x00, 0x3C, 0x00, 0xFC, 0x1F,
  0xFC, 0x7F, 0x3C, 0xF8, 0x3C, 0xF8, 0x3C, 0xF0, 0x3C, 0xF0, 0x3C, 0xF8,
  0x3C, 0xFC, 0xFC, 0x7F, 0xFF, 0x3F, 0x3F, 0x06, 0x10, 0x0F, 0x9C, 0x1F,
  0xF8, 0x39, 0xF8, 0x08, 0xF0, 0x00, 0x00, 0x00, 0x00, 0x03, 0xE0, 0x3F,
  0xF0, 0xFF, 0xF8, 0x70, 0xFC, 0x40, 0x3C, 0x00, 0x3C, 0x00, 0x3C, 0x00,
  0xFC, 0x1F, 0xFC, 0x7F, 0x3C, 0xF8, 0x3C, 0xF8, 0x3C, 0xF0, 0x3C, 0xF0,
  0x3C, 0xF8, 0x3C, 0xFC, 0xFC, 0x7F, 0xFF, 0x3F, 0x3F, 0x1C, 0x3C, 0x3E,
  0x3C, 0x3E, 0x7C, 0x1E, 0x3C, 0x1C, 0x38, 0x00, 0x00, 0x00, 0x00, 0x03,
  0xE0, 0x3F, 0xF0, 0xFF, 0xF8, 0x70, 0xFC, 0x40, 0x3C, 0x00, 0x3C, 0x00,
  0x3C, 0x00, 0xFC, 0x1F, 0xFC, 0x7F, 0x3C, 0xF8, 0x3C, 0xF8, 0x3C, 0xF0,
  0x3C, 0xF0, 0x3C, 0xF8, 0x3C, 0xFC, 0xFC, 0x7F, 0xFF, 0x3F, 0x3F, 0x03,
  0xE0, 0x07, 0xF0, 0x0C, 0x30, 0x0C, 0x38, 0x0C, 0x38, 0x0E, 0x30, 0x07,
  0xF0, 0x03, 0xC0, 0x00, 0x00, 0x03, 0xE0, 0x3F, 0xF0, 0xFF, 0xF8, 0x70,
  0xFC, 0x40, 0x3C, 0x00, 0x3C, 0x00, 0x3C, 0x00, 0xFC, 0x1F, 0xFC, 0x7F,
  0x3C, 0xF8, 0x3C, 0xF8, 0x3C, 0xF0, 0x3C, 0xF0, 0x3C, 0xF8, 0x3C, 0xFC,
  0xFC, 0x7F, 0xFF, 0x3F, 0x3F, 0x07, 0xC0, 0xF8, 0x1F, 0xF9, 0xFF, 0x3F,
  0xFF, 0xC7, 0xCE, 0x0F, 0xC1, 0xE4, 0x03, 0xE0, 0xF0, 0x01, 0xE0, 0x7C,
  0x00, 0xF0, 0x3E, 0x01, 0xF8, 0x1F, 0x1F, 0xFF, 0xFF, 0x9F, 0x1F, 0xFF,
  0xDE, 0x0F, 0x00, 0x1F, 0x07, 0x80, 0x0F, 0x03, 0xE0, 0x07, 0x81, 0xF0,
  0x03, 0xE0, 0xFC, 0x05, 0xF9, 0xFF, 0xFE, 0x7F, 0xCF, 0xFF, 0x1F, 0x81,
  0xFE, 0x00, 0x03, 0xF0, 0x3F, 0xF1, 0xE3, 0xCF, 0x0F, 0x78, 0x1D, 0xE0,
  0x7F, 0x80, 0x3E, 0x00, 0xF8, 0x03, 0xE0, 0x0F, 0x80, 0x3E, 0x00, 0xF8,
  0x01, 0xF0, 0x07, 0xC0, 0x4F, 0xEF, 0x3F, 0xFC, 0x3F, 0xC0, 0x18, 0x00,
  0x70, 0x00, 0xC0, 0x03, 0x80, 0x1E, 0x03, 0xF8, 0x0F, 0xC0, 0x1E, 0x00,
  0x04, 0x00, 0x1C, 0x00, 0x7C, 0x00, 0x78, 0x00, 0xF8, 0x00, 0x78, 0x00,
  0x78, 0x00, 0x60, 0x00, 0x00, 0x00, 0x00, 0x0F, 0x80, 0x7F, 0xC3, 0xC7,
  0xCF, 0x07, 0x9E, 0x0F, 0xFC, 0x0F, 0xF8, 0x1F, 0xF0, 0x3F, 0xFF, 0xFF,
  0xFF, 0xFF, 0x80, 0x1F, 0x00, 0x3E, 0x00, 0x3E, 0x00, 0x7C, 0x04, 0x7F,
  0x7C, 0x7F, 0xF0, 0x7F, 0x80, 0x00, 0x10, 0x00, 0x70, 0x01, 0xF0, 0x07,
  0xC0, 0x0F, 0x00, 0x3C, 0x00, 0xF0, 0x00, 0x80, 0x00, 0x00, 0x00, 0x00,
  0x0F, 0x80, 0x7F, 0xC3, 0xC7, 0xCF, 0x07, 0x9E, 0x0F, 0xFC, 0x0F, 0xF8,
  0x1F, 0xF0, 0x3F, 0xFF, 0xFF, 0xFF, 0xFF, 0x80, 0x1F, 0x00, 0x3E, 0x00,
  0x3E, 0x00, 0x7C, 0x04, 0x7F, 0x7C, 0x7F, 0xF0, 0x7F, 0x80, 0x03, 0xC0,
  0x0F, 0x80, 0x1F, 0x80, 0x77, 0x81, 0xC7, 0x07, 0x07, 0x0C, 0x07, 0x08,
  0x04, 0x00, 0x00, 0x07, 0xC0, 0x3F, 0xE1, 0xE3, 0xE7, 0x83, 0xCF, 0x07,
  0xFE, 0x07, 0xFC, 0x0F, 0xF8, 0x1F, 0xFF, 0xFF, 0xFF, 0xFF, 0xC0, 0x0F,
  0x80, 0x1F, 0x00, 0x1F, 0x00, 0x3E, 0x02, 0x3F, 0xBE, 0x3F, 0xF8, 0x3F,
  0xC0, 0x1C, 0x3C, 0x7C, 0x78, 0xF9, 0xF0, 0xF1, 0xE1, 0xC3, 0x80, 0x00,
  0x00, 0x00, 0x01, 0xF0, 0x0F, 0xF8, 0x78, 0xF9, 0xE0, 0xF3, 0xC1, 0xFF,
  0x81, 0xFF, 0x03, 0xFE, 0x07, 0xFF, 0xFF, 0xFF, 0xFF, 0xF0, 0x03, 0xE0,
  0x07, 0xC0, 0x07, 0xC0, 0x0F, 0x80, 0x8F, 0xEF, 0x8F, 0xFE, 0x0F, 0xF0,
  0x20, 0x1C, 0x0F, 0x81, 0xE0, 0x7C, 0x07, 0x80, 0xF0, 0x18, 0x00, 0x00,
  0x00, 0xE1, 0xFC, 0x7F, 0x07, 0xC1, 0xF0, 0x7C, 0x1F, 0x07, 0xC1, 0xF0,
  0x7C, 0x1F, 0x07, 0xC1, 0xF0, 0x7C, 0x1F, 0x07, 0xC7, 0xFD, 0xFF, 0x01,
  0x00, 0xE0, 0x7C, 0x3E, 0x0F, 0x07, 0x83, 0xC0, 0x40, 0x00, 0x00, 0x01,
  0xC3, 0xF8, 0xFE, 0x0F, 0x83, 0xE0, 0xF8, 0x3E, 0x0F, 0x83, 0xE0, 0xF8,
  0x3E, 0x0F, 0x83, 0xE0, 0xF8, 0x3E, 0x0F, 0x8F, 0xFB, 0xFE, 0x0F, 0x01,
  0xF0, 0x1F, 0x83, 0xBC, 0x71, 0xCE, 0x0E, 0xC0, 0x74, 0x02, 0x00, 0x00,
  0xE0, 0x7F, 0x07, 0xF0, 0x1F, 0x01, 0xF0, 0x1F, 0x01, 0xF0, 0x1F, 0x01,
  0xF0, 0x1F, 0x01, 0xF0, 0x1F, 0x01, 0xF0, 0x1F, 0x01, 0xF0, 0x1F, 0x07,
  0xFC, 0x7F, 0xC0, 0x70, 0xFF, 0x8F, 0xF9, 0xF7, 0x8F, 0x70, 0xE0, 0x00,
  0x00, 0x00, 0x70, 0x3F, 0x83, 0xF8, 0x0F, 0x80, 0xF8, 0x0F, 0x80, 0xF8,
  0x0F, 0x80, 0xF8, 0x0F, 0x80, 0xF8, 0x0F, 0x80, 0xF8, 0x0F, 0x80, 0xF8,
  0x0F, 0x83, 0xFE, 0x3F, 0xE0, 0x00, 0x80, 0x10, 0x60, 0x0F, 0x70, 0x0F,
  0xF0, 0x00, 0xF8, 0x00, 0x3F, 0x00, 0x3F, 0xC0, 0x39, 0xF0, 0x04, 0x7C,
  0x00, 0x1E, 0x00, 0x07, 0x80, 0x7F, 0xC0, 0xFF, 0xF0, 0xF0, 0xF8, 0xF0,
  0x7C, 0xF0, 0x1E, 0x78, 0x0F, 0xFC, 0x07, 0xFE, 0x03, 0xFF, 0x01, 0xFF,
  0x80, 0xFF, 0xC0, 0x7B, 0xE0, 0x3D, 0xF0, 0x3E, 0x78, 0x1F, 0x3E, 0x0F,
  0x0F, 0x0F, 0x03, 0xFF, 0x00, 0xFF, 0x00, 0x01, 0x84, 0x00, 0x3E, 0x70,
  0x07, 0xFE, 0x00, 0xE7, 0xE0, 0x02, 0x3C, 0x00, 0x00, 0x00, 0x00, 0x00,
  0x01, 0xC3, 0xE0, 0xFC, 0xFF, 0x0F, 0xFF, 0xF8, 0x3F, 0x0F, 0x83, 0xE0,
  0x7C, 0x3E, 0x07, 0xC3, 0xE0, 0x7C, 0x3E, 0x07, 0xC3, 0xE0, 0x7C, 0x3E,
  0x07, 0xC3, 0xE0, 0x7C, 0x3E, 0x07, 0xC3, 0xE0, 0x7C, 0x3E, 0x07, 0xC3,
  0xE0, 0x7C, 0x3E, 0x07, 0xCF, 0xF8, 0xFF, 0xFF, 0x8F, 0xF0, 0x04, 0x00,
  0x07, 0x00, 0x07, 0xC0, 0x01, 0xE0, 0x00, 0xF8, 0x00, 0x1E, 0x00, 0x07,
  0x80, 0x01, 0x80, 0x00, 0x00, 0x00, 0x00, 0x00, 0xF8, 0x01, 0xFF, 0x03,
  0xE3, 0xE1, 0xE0, 0xF1, 0xE0, 0x7C, 0xF0, 0x1E, 0xF8, 0x0F, 0xFC, 0x07,
  0xFE, 0x03, 0xFF, 0x01, 0xFF, 0x80, 0xFF, 0xC0, 0x7F, 0xE0, 0x3C, 0xF0,
  0x3E, 0x7C, 0x1E, 0x1E, 0x1F, 0x07, 0xFF, 0x01, 0xFE, 0x00, 0x00, 0x10,
  0x00, 0x1C, 0x00, 0x1F, 0x00, 0x1F, 0x00, 0x0F, 0x00, 0x0F, 0x00, 0x0F,
  0x00, 0x02, 0x00, 0x00, 0x00, 0x00, 0x00, 0x00, 0xF8, 0x01, 0xFF, 0x03,
  0xE3, 0xE1, 0xE0, 0xF1, 0xE0, 0x7C, 0xF0, 0x1E, 0xF8, 0x0F, 0xFC, 0x07,
  0xFE, 0x03, 0xFF, 0x01, 0xFF, 0x80, 0xFF, 0xC0, 0x7F, 0xE0, 0x3C, 0xF0,
  0x3E, 0x7C, 0x1E, 0x1E, 0x1F, 0x07, 0xFF, 0x01, 0xFE, 0x00, 0x01, 0xE0,
  0x01, 0xF0, 0x00, 0xFC, 0x00, 0xEF, 0x00, 0xE3, 0x80, 0xE0, 0xE0, 0x60,
  0x38, 0x10, 0x08, 0x00, 0x00, 0x01, 0xF0, 0x03, 0xFE, 0x07, 0xC7, 0xC3,
  0xC1, 0xE3, 0xC0, 0xF9, 0xE0, 0x3D, 0xF0, 0x1F, 0xF8, 0x0F, 0xFC, 0x07,
  0xFE, 0x03, 0xFF, 0x01, 0xFF, 0x80, 0xFF, 0xC0, 0x79, 0xE0, 0x7C, 0xF8,
  0x3C, 0x3C, 0x3E, 0x0F, 0xFE, 0x03, 0xFC, 0x00, 0x06, 0x10, 0x07, 0xCE,
  0x07, 0xFE, 0x07, 0x3F, 0x00, 0x8F, 0x00, 0x00, 0x00, 0x00, 0x00, 0x07,
  0xC0, 0x0F, 0xF8, 0x1F, 0x1F, 0x0F, 0x07, 0x8F, 0x03, 0xE7, 0x80, 0xF7,
  0xC0, 0x7F, 0xE0, 0x3F, 0xF0, 0x1F, 0xF8, 0x0F, 0xFC, 0x07, 0xFE, 0x03,
  0xFF, 0x01, 0xE7, 0x81, 0xF3, 0xE0, 0xF0, 0xF0, 0xF8, 0x3F, 0xF8, 0x0F,
  0xF0, 0x00, 0x1C, 0x3C, 0x1F, 0x1E, 0x0F, 0x9F, 0x03, 0xC7, 0x81, 0xC3,
  0x80, 0x00, 0x00, 0x00, 0x00, 0x07, 0xC0, 0x0F, 0xF8, 0x1F, 0x1F, 0x0F,
  0x07, 0x8F, 0x03, 0xE7, 0x80, 0xF7, 0xC0, 0x7F, 0xE0, 0x3F, 0xF0, 0x1F,
  0xF8, 0x0F, 0xFC, 0x07, 0xFE, 0x03, 0xFF, 0x01, 0xE7, 0x81, 0xF3, 0xE0,
  0xF0, 0xF0, 0xF8, 0x3F, 0xF8, 0x0F, 0xF0, 0x00, 0x03, 0x80, 0x0F, 0x80,
  0x1F, 0x00, 0x1E, 0x00, 0x10, 0x00, 0x00, 0x00, 0x00, 0x7F, 0xFF, 0xFF,
  0xFF, 0xFF, 0xFC, 0x00, 0x00, 0x00, 0x00, 0x00, 0x00, 0x70, 0x01, 0xF0,
  0x03, 0xE0, 0x07, 0xC0, 0x07, 0x00, 0x00, 0x04, 0x00, 0x06, 0x00, 0xFA,
  0x01, 0xFF, 0x03, 0xE3, 0xE1, 0xE1, 0xF1, 0xE0, 0xFC, 0xF0, 0xFE, 0xF8,
  0x4F, 0xFC, 0x27, 0xFE, 0x23, 0xFF, 0x11, 0xFF, 0x98, 0xFF, 0xC8, 0x7F,
  0xEC, 0x3C, 0xF4, 0x3E, 0x7E, 0x1E, 0x1E, 0x1F, 0x07, 0xFF, 0x01, 0xFE,
  0x01, 0x80, 0x01, 0x80, 0x00, 0x40, 0x00, 0x04, 0x00, 0x03, 0x80, 0x01,
  0xF0, 0x00, 0x3C, 0x00, 0x0F, 0x80, 0x00, 0xF0, 0x00, 0x1E, 0x00, 0x03,
  0x00, 0x00, 0x00, 0x00, 0x00, 0x07, 0xC0, 0xF3, 0xF0, 0xFC, 0xFC, 0x3F,
  0x1F, 0x03, 0xC7, 0xC0, 0xF1, 0xF0, 0x3C, 0x7C, 0x0F, 0x1F, 0x03, 0xC7,
  0xC0, 0xF1, 0xF0, 0x3C, 0x7C, 0x0F, 0x1F, 0x03, 0xC7, 0xC0, 0xF1, 0xF0,
  0x3C, 0x3C, 0x0F, 0x0F, 0x8F, 0xC3, 0xFF, 0xFC, 0x7F, 0x1F, 0x00, 0x08,
  0x00, 0x07, 0x00, 0x03, 0xE0, 0x01, 0xF0, 0x00, 0x78, 0x00, 0x3C, 0x00,
  0x1E, 0x00, 0x02, 0x00, 0x00, 0x00, 0x00, 0x00, 0x07, 0xC0, 0xF3, 0xF0,
  0xFC, 0xFC, 0x3F, 0x1F, 0x03, 0xC7, 0xC0, 0xF1, 0xF0, 0x3C, 0x7C, 0x0F,
  0x1F, 0x03, 0xC7, 0xC0, 0xF1, 0xF0, 0x3C, 0x7C, 0x0F, 0x1F, 0x03, 0xC7,
  0xC0, 0xF1, 0xF0, 0x3C, 0x3C, 0x0F, 0x0F, 0x8F, 0xC3, 0xFF, 0xFC, 0x7F,
  0x1F, 0x01, 0xE0, 0x00, 0xF8, 0x00, 0x3F, 0x00, 0x1D, 0xE0, 0x0E, 0x38,
  0x07, 0x07, 0x01, 0x80, 0xE0, 0x20, 0x10, 0x00, 0x00, 0x1F, 0x03, 0xCF,
  0xC3, 0xF3, 0xF0, 0xFC, 0x7C, 0x0F, 0x1F, 0x03, 0xC7, 0xC0, 0xF1, 0xF0,
  0x3C, 0x7C, 0x0F, 0x1F, 0x03, 0xC7, 0xC0, 0xF1, 0xF0, 0x3C, 0x7C, 0x0F,
  0x1F, 0x03, 0xC7, 0xC0, 0xF0, 0xF0, 0x3C, 0x3E, 0x3F, 0x0F, 0xFF, 0xF1,
  0xFC, 0x7C, 0x1C, 0x3C, 0x0F, 0x8F, 0x03, 0xE7, 0xC0, 0x78, 0xF0, 0x1C,
  0x38, 0x00, 0x00, 0x00, 0x00, 0x01, 0xF0, 0x3C, 0xFC, 0x3F, 0x3F, 0x0F,
  0xC7, 0xC0, 0xF1, 0xF0, 0x3C, 0x7C, 0x0F, 0x1F, 0x03, 0xC7, 0xC0, 0xF1,
  0xF0, 0x3C, 0x7C, 0x0F, 0x1F, 0x03, 0xC7, 0xC0, 0xF1, 0xF0, 0x3C, 0x7C,
  0x0F, 0x0F, 0x03, 0xC3, 0xE3, 0xF0, 0xFF, 0xFF, 0x1F, 0xC7, 0xC0, 0x00,
  0x08, 0x00, 0x03, 0x80, 0x00, 0xF8, 0x00, 0x3E, 0x00, 0x07, 0x80, 0x01,
  0xE0, 0x00, 0x78, 0x00, 0x04, 0x00, 0x00, 0x00, 0x00, 0x00, 0x00, 0x00,
  0x00, 0x7F, 0xC7, 0xFF, 0xF0, 0xFC, 0x7C, 0x07, 0x0F, 0x81, 0xE1, 0xF0,
  0x38, 0x1F, 0x07, 0x03, 0xE1, 0xE0, 0x3C, 0x38, 0x07, 0xC7, 0x00, 0xF8,
  0xE0, 0x0F, 0x38, 0x01, 0xE7, 0x00, 0x1E, 0xC0, 0x03, 0xF8, 0x00, 0x7F,
  0x00, 0x07, 0xC0, 0x00, 0xF8, 0x00, 0x07, 0x00, 0x01, 0xC0, 0x00, 0x38,
  0x00, 0x0E, 0x00, 0x1F, 0xC0, 0x03, 0xF0, 0x00, 0x7C, 0x00, 0x0F, 0x00,
  0x00, 0x0C, 0x00, 0x3F, 0x80, 0x0F, 0xE0, 0x00, 0xF8, 0x00, 0x3E, 0x00,
  0x0F, 0x80, 0x03, 0xE0, 0x00, 0xF8, 0x00, 0x3E, 0x7C, 0x0F, 0xFF, 0xC3,
  0xFF, 0xF8, 0xFC, 0x3E, 0x3E, 0x07, 0xCF, 0x81, 0xF3, 0xE0, 0x7C, 0xF8,
  0x1F, 0x3E, 0x07, 0xCF, 0x81, 0xF3, 0xE0, 0x7C, 0xF8, 0x1F, 0x3E, 0x07,
  0xCF, 0x81, 0xE3, 0xE0, 0xF8, 0xF8, 0x3C, 0x3F, 0xFE, 0x0F, 0xFE, 0x03,
  0xE0, 0x00, 0xF8, 0x00, 0x3E, 0x00, 0x0F, 0x80, 0x03, 0xE0, 0x00, 0xF8,
  0x00, 0xFF, 0xC0, 0x3F, 0xF0, 0x00, 0x0E, 0x1E, 0x03, 0xE3, 0xC0, 0x7C,
  0xF8, 0x07, 0x8F, 0x00, 0xE1, 0xC0, 0x00, 0x00, 0x00, 0x00, 0x00, 0x00,
  0x00, 0xFF, 0x8F, 0xFF, 0xE1, 0xF8, 0xF8, 0x0E, 0x1F, 0x03, 0xC3, 0xE0,
  0x70, 0x3E, 0x0E, 0x07, 0xC3, 0xC0, 0x78, 0x70, 0x0F, 0x8E, 0x01, 0xF1,
  0xC0, 0x1E, 0x70, 0x03, 0xCE, 0x00, 0x3D, 0x80, 0x07, 0xF0, 0x00, 0xFE,
  0x00, 0x0F, 0x80, 0x01, 0xF0, 0x00, 0x0E, 0x00, 0x03, 0x80, 0x00, 0x70,
  0x00, 0x1C, 0x00, 0x3F, 0x80, 0x07, 0xE0, 0x00, 0xF8, 0x00, 0x1E, 0x00,
  0x00 };

const GFXglyph Merriweather_Bold16pt8bGlyphs[] PROGMEM = {
  {     0,   1,   1,   7,    0,    0 },   // 0x20 ' '
  {     1,   5,  28,   9,    2,  -27 },   // 0x21 '!'
  {    19,  11,  11,  16,    3,  -25 },   // 0x22 '"'
  {    35,  18,  24,  23,    2,  -23 },   // 0x23 '#'
  {    89,  16,  31,  21,    3,  -26 },   // 0x24 '$'
  {   151,  31,  24,  33,    1,  -23 },   // 0x25 '%'
  {   244,  22,  24,  24,    1,  -23 },   // 0x26 '&'
  {   310,   5,  11,  10,    3,  -25 },   // 0x27 '''
  {   317,  10,  32,  14,    2,  -25 },   // 0x28 '('
  {   357,  10,  32,  14,    2,  -25 },   // 0x29 ')'
  {   397,  17,  16,  21,    2,  -25 },   // 0x2A '*'
  {   431,  15,  14,  21,    3,  -16 },   // 0x2B '+'
  {   458,   6,  13,   9,    1,   -4 },   // 0x2C ','
  {   468,  12,   3,  18,    3,  -11 },   // 0x2D '-'
  {   473,   5,   5,   9,    2,   -4 },   // 0x2E '.'
  {   477,  11,  30,  13,    1,  -23 },   // 0x2F '/'
  {   519,  18,  24,  21,    1,  -23 },   // 0x30 '0'
  {   573,  13,  24,  15,    1,  -23 },   // 0x31 '1'
  {   612,  16,  24,  18,    1,  -23 },   // 0x32 '2'
  {   660,  15,  25,  18,    1,  -23 },   // 0x33 '3'
  {   707,  18,  23,  20,    1,  -22 },   // 0x34 '4'
  {   759,  15,  24,  18,    2,  -23 },   // 0x35 '5'
  {   804,  17,  25,  19,    1,  -23 },   // 0x36 '6'
  {   858,  17,  23,  19,    1,  -22 },   // 0x37 '7'
  {   907,  17,  24,  19,    1,  -23 },   // 0x38 '8'
  {   958,  17,  25,  19,    1,  -23 },   // 0x39 '9'
  {  1012,   5,  17,   9,    2,  -16 },   // 0x3A ':'
  {  1023,   6,  25,   9,    1,  -16 },   // 0x3B ';'
  {  1042,  14,  17,  21,    3,  -16 },   // 0x3C '<'
  {  1072,  15,  12,  21,    3,  -15 },   // 0x3D '='
  {  1095,  14,  17,  21,    4,  -17 },   // 0x3E '>'
  {  1125,  13,  28,  15,    1,  -27 },   // 0x3F '?'
  {  1171,  29,  32,  33,    2,  -23 },   // 0x40 '@'
  {  1287,  23,  23,  22,    0,  -22 },   // 0x41 'A'
  {  1354,  20,  24,  22,    1,  -23 },   // 0x42 'B'
  {  1414,  18,  24,  21,    1,  -23 },   // 0x43 'C'
  {  1468,  22,  24,  24,    1,  -23 },   // 0x44 'D'
  {  1534,  19,  23,  20,    1,  -22 },   // 0x45 'E'
  {  1589,  18,  23,  20,    1,  -22 },   // 0x46 'F'
  {  1641,  22,  24,  23,    1,  -23 },   // 0x47 'G'
  {  1707,  24,  23,  26,    1,  -22 },   // 0x48 'H'
  {  1776,  10,  23,  13,    1,  -22 },   // 0x49 'I'
  {  1805,  12,  29,  13,   -1,  -22 },   // 0x4A 'J'
  {  1849,  23,  23,  23,    1,  -22 },   // 0x4B 'K'
  {  1916,  19,  23,  20,    1,  -22 },   // 0x4C 'L'
  {  1971,  32,  23,  32,    0,  -22 },   // 0x4D 'M'
  {  2063,  23,  23,  25,    1,  -22 },   // 0x4E 'N'
  {  2130,  21,  24,  23,    1,  -23 },   // 0x4F 'O'
  {  2193,  19,  23,  21,    1,  -22 },   // 0x50 'P'
  {  2248,  24,  30,  23,    1,  -23 },   // 0x51 'Q'
  {  2338,  22,  24,  23,    1,  -23 },   // 0x52 'R'
  {  2404,  16,  24,  19,    2,  -23 },   // 0x53 'S'
  {  2452,  21,  23,  22,    1,  -22 },   // 0x54 'T'
  {  2513,  22,  23,  23,    1,  -22 },   // 0x55 'U'
  {  2577,  23,  23,  21,   -1,  -22 },   // 0x56 'V'
  {  2644,  33,  23,  32,   -1,  -22 },   // 0x57 'W'
  {  2739,  23,  23,  23,    0,  -22 },   // 0x58 'X'
  {  2806,  22,  23,  20,   -1,  -22 },   // 0x59 'Y'
  {  2870,  19,  23,  20,    1,  -22 },   // 0x5A 'Z'
  {  2925,   8,  29,  14,    3,  -24 },   // 0x5B '['
  {  2954,  11,  30,  14,    1,  -23 },   // 0x5C '\'
  {  2996,   8,  29,  14,    3,  -24 },   // 0x5D ']'
  {  3025,  15,  19,  21,    3,  -22 },   // 0x5E '^'
  {  3061,  16,   2,  16,    0,    2 },   // 0x5F '_'
  {  3065,   8,   8,  14,    3,  -27 },   // 0x60 '`'
  {  3073,  16,  18,  18,    1,  -17 },   // 0x61 'a'
  {  3109,  18,  26,  19,    0,  -25 },   // 0x62 'b'
  {  3168,  14,  18,  16,    1,  -17 },   // 0x63 'c'
  {  3200,  18,  26,  19,    1,  -25 },   // 0x64 'd'
  {  3259,  15,  18,  17,    1,  -17 },   // 0x65 'e'
  {  3293,  12,  26,  13,    1,  -25 },   // 0x66 'f'
  {  3332,  18,  26,  20,    1,  -17 },   // 0x67 'g'
  {  3391,  19,  26,  21,    1,  -25 },   // 0x68 'h'
  {  3453,   9,  25,  11,    1,  -24 },   // 0x69 'i'
  {  3482,   8,  33,  11,    0,  -24 },   // 0x6A 'j'
  {  3515,  19,  26,  20,    1,  -25 },   // 0x6B 'k'
  {  3577,   9,  26,  10,    1,  -25 },   // 0x6C 'l'
  {  3607,  30,  18,  32,    1,  -17 },   // 0x6D 'm'
  {  3675,  20,  18,  21,    1,  -17 },   // 0x6E 'n'
  {  3720,  17,  18,  19,    1,  -17 },   // 0x6F 'o'
  {  3759,  18,  26,  20,    1,  -17 },   // 0x70 'p'
  {  3818,  18,  26,  19,    1,  -17 },   // 0x71 'q'
  {  3877,  13,  18,  15,    1,  -17 },   // 0x72 'r'
  {  3907,  14,  18,  16,    1,  -17 },   // 0x73 's'
  {  3939,  12,  22,  13,    0,  -21 },   // 0x74 't'
  {  3972,  18,  18,  20,    1,  -17 },   // 0x75 'u'
  {  4013,  19,  17,  18,    0,  -16 },   // 0x76 'v'
  {  4054,  27,  17,  27,    0,  -16 },   // 0x77 'w'
  {  4112,  19,  17,  19,    0,  -16 },   // 0x78 'x'
  {  4153,  19,  25,  19,    0,  -16 },   // 0x79 'y'
  {  4213,  16,  17,  17,    1,  -16 },   // 0x7A 'z'
  {  4247,  12,  29,  17,    2,  -24 },   // 0x7B '{'
  {  4291,   3,  30,  13,    5,  -26 },   // 0x7C '|'
  {  4303,  12,  29,  17,    2,  -24 },   // 0x7D '}'
  {  4347,  15,   5,  21,    3,  -11 },   // 0x7E '~'
  {  4357,  22,  22,  27,    3,  -21 },   // 0x7F
  {  4418,  22,  22,  27,    3,  -21 },   // 0x80
  {  4479,  22,  22,  27,    3,  -21 },   // 0x81
  {  4540,  22,  22,  27,    3,  -21 },   // 0x82
  {  4601,  22,  22,  27,    3,  -21 },   // 0x83
  {  4662,  22,  22,  27,    3,  -21 },   // 0x84
  {  4723,  22,  22,  27,    3,  -21 },   // 0x85
  {  4784,  22,  22,  27,    3,  -21 },   // 0x86
  {  4845,  22,  22,  27,    3,  -21 },   // 0x87
  {  4906,  22,  22,  27,    3,  -21 },   // 0x88
  {  4967,  22,  22,  27,    3,  -21 },   // 0x89
  {  5028,  22,  22,  27,    3,  -21 },   // 0x8A
  {  5089,  22,  22,  27,    3,  -21 },   // 0x8B
  {  5150,  22,  22,  27,    3,  -21 },   // 0x8C
  {  5211,  22,  22,  27,    3,  -21 },   // 0x8D
  {  5272,  22,  22,  27,    3,  -21 },   // 0x8E
  {  5333,  22,  22,  27,    3,  -21 },   // 0x8F
  {  5394,  22,  22,  27,    3,  -21 },   // 0x90
  {  5455,  22,  22,  27,    3,  -21 },   // 0x91
  {  5516,  22,  22,  27,    3,  -21 },   // 0x92
  {  5577,  22,  22,  27,    3,  -21 },   // 0x93
  {  5638,  22,  22,  27,    3,  -21 },   // 0x94
  {  5699,  22,  22,  27,    3,  -21 },   // 0x95
  {  5760,  22,  22,  27,    3,  -21 },   // 0x96
  {  5821,  22,  22,  27,    3,  -21 },   // 0x97
  {  5882,  22,  22,  27,    3,  -21 },   // 0x98
  {  5943,  22,  22,  27,    3,  -21 },   // 0x99
  {  6004,  22,  22,  27,    3,  -21 },   // 0x9A
  {  6065,  22,  22,  27,    3,  -21 },   // 0x9B
  {  6126,  22,  22,  27,    3,  -21 },   // 0x9C
  {  6187,  22,  22,  27,    3,  -21 },   // 0x9D
  {  6248,  22,  22,  27,    3,  -21 },   // 0x9E
  {  6309,  22,  22,  27,    3,  -21 },   // 0x9F
  {  6370,   1,   1,   7,    0,    0 },   // 0xA0
  {  6371,   5,  28,   9,    2,  -22 },   // 0xA1
  {  6389,  14,  25,  18,    2,  -20 },   // 0xA2
  {  6433,  22,  24,  24,    1,  -23 },   // 0xA3
  {  6499,  18,  19,  24,    3,  -20 },   // 0xA4
  {  6542,  21,  23,  25,    2,  -22 },   // 0xA5
  {  6603,   3,  30,  13,    5,  -26 },   // 0xA6
  {  6615,  16,  29,  21,    3,  -25 },   // 0xA7
  {  6673,  12,   5,  17,    3,  -24 },   // 0xA8
  {  6681,  27,  27,  33,    3,  -28 },   // 0xA9
  {  6773,  13,  15,  15,    1,  -24 },   // 0xAA
  {  6798,  18,  16,  22,    2,  -16 },   // 0xAB
  {  6834,  15,   8,  21,    3,   -9 },   // 0xAC
  {  6849,  22,  22,  27,    3,  -21 },   // 0xAD
  {  6910,  27,  27,  33,    3,  -28 },   // 0xAE
  {  7002,  10,   2,  16,    3,  -22 },   // 0xAF
  {  7005,  11,  11,  15,    2,  -24 },   // 0xB0
  {  7021,  14,  17,  20,    3,  -16 },   // 0xB1
  {  7051,  12,  15,  13,    0,  -27 },   // 0xB2
  {  7074,  12,  15,  12,    0,  -27 },   // 0xB3
  {  7097,   8,   8,  14,    3,  -27 },   // 0xB4
  {  7105,  18,  24,  20,    1,  -17 },   // 0xB5
  {  7159,  20,  26,  25,    2,  -25 },   // 0xB6
  {  7224,   5,   5,   5,    0,  -14 },   // 0xB7
  {  7228,   7,   8,  12,    3,    1 },   // 0xB8
  {  7235,  10,  15,  10,    0,  -27 },   // 0xB9
  {  7254,  14,  14,  16,    1,  -24 },   // 0xBA
  {  7279,  18,  16,  22,    2,  -16 },   // 0xBB
  {  7315,  28,  28,  28,    0,  -25 },   // 0xBC
  {  7413,  28,  28,  29,    0,  -25 },   // 0xBD
  {  7511,  30,  28,  30,    0,  -25 },   // 0xBE
  {  7616,  13,  28,  15,    1,  -22 },   // 0xBF
  {  7662,  23,  31,  22,    0,  -30 },   // 0xC0
  {  7752,  23,  31,  22,    0,  -30 },   // 0xC1
  {  7842,  23,  31,  22,    0,  -30 },   // 0xC2
  {  7932,  23,  30,  22,    0,  -29 },   // 0xC3
  {  8019,  23,  30,  22,    0,  -29 },   // 0xC4
  {  8106,  23,  33,  22,    0,  -32 },   // 0xC5
  {  8201,  31,  23,  30,   -1,  -22 },   // 0xC6
  {  8291,  18,  32,  21,    1,  -23 },   // 0xC7
  {  8363,  19,  31,  20,    1,  -30 },   // 0xC8
  {  8437,  19,  31,  20,    1,  -30 },   // 0xC9
  {  8511,  19,  31,  20,    1,  -30 },   // 0xCA
  {  8585,  19,  30,  20,    1,  -29 },   // 0xCB
  {  8657,  10,  31,  13,    1,  -30 },   // 0xCC
  {  8696,  10,  31,  13,    1,  -30 },   // 0xCD
  {  8735,  12,  31,  13,    0,  -30 },   // 0xCE
  {  8782,  11,  30,  13,    1,  -29 },   // 0xCF
  {  8824,  22,  24,  24,    1,  -23 },   // 0xD0
  {  8890,  23,  30,  25,    1,  -29 },   // 0xD1
  {  8977,  21,  31,  23,    1,  -30 },   // 0xD2
  {  9059,  21,  31,  23,    1,  -30 },   // 0xD3
  {  9141,  21,  31,  23,    1,  -30 },   // 0xD4
  {  9223,  21,  30,  23,    1,  -29 },   // 0xD5
  {  9302,  21,  30,  23,    1,  -29 },   // 0xD6
  {  9381,  15,  15,  21,    3,  -17 },   // 0xD7
  {  9410,  21,  29,  23,    1,  -25 },   // 0xD8
  {  9487,  22,  31,  23,    1,  -30 },   // 0xD9
  {  9573,  22,  31,  23,    1,  -30 },   // 0xDA
  {  9659,  22,  31,  23,    1,  -30 },   // 0xDB
  {  9745,  22,  30,  23,    1,  -29 },   // 0xDC
  {  9828,  22,  31,  20,   -1,  -30 },   // 0xDD
  {  9914,  19,  23,  21,    1,  -22 },   // 0xDE
  {  9969,  19,  25,  20,    0,  -24 },   // 0xDF
  { 10029,  16,  28,  18,    1,  -27 },   // 0xE0
  { 10085,  16,  28,  18,    1,  -27 },   // 0xE1
  { 10141,  16,  27,  18,    1,  -26 },   // 0xE2
  { 10195,  16,  25,  18,    1,  -24 },   // 0xE3
  { 10245,  16,  25,  18,    1,  -24 },   // 0xE4
  { 10295,  16,  27,  18,    1,  -26 },   // 0xE5
  { 10349,  25,  18,  27,    1,  -17 },   // 0xE6
  { 10406,  14,  26,  16,    1,  -17 },   // 0xE7
  { 10452,  15,  28,  17,    1,  -27 },   // 0xE8
  { 10505,  15,  28,  17,    1,  -27 },   // 0xE9
  { 10558,  15,  27,  17,    1,  -26 },   // 0xEA
  { 10609,  15,  25,  17,    1,  -24 },   // 0xEB
  { 10656,  10,  28,  11,    0,  -27 },   // 0xEC
  { 10691,  10,  28,  11,    1,  -27 },   // 0xED
  { 10726,  12,  27,  11,    0,  -26 },   // 0xEE
  { 10767,  12,  25,  11,   -1,  -24 },   // 0xEF
  { 10805,  17,  29,  19,    1,  -28 },   // 0xF0
  { 10867,  20,  25,  21,    1,  -24 },   // 0xF1
  { 10930,  17,  28,  19,    1,  -27 },   // 0xF2
  { 10990,  17,  28,  19,    1,  -27 },   // 0xF3
  { 11050,  17,  27,  19,    1,  -26 },   // 0xF4
  { 11108,  17,  25,  19,    1,  -24 },   // 0xF5
  { 11162,  17,  25,  19,    1,  -24 },   // 0xF6
  { 11216,  15,  18,  21,    3,  -18 },   // 0xF7
  { 11250,  17,  23,  19,    1,  -19 },   // 0xF8
  { 11299,  18,  28,  20,    1,  -27 },   // 0xF9
  { 11362,  18,  28,  20,    1,  -27 },   // 0xFA
  { 11425,  18,  27,  20,    1,  -26 },   // 0xFB
  { 11486,  18,  25,  20,    1,  -24 },   // 0xFC
  { 11543,  19,  36,  19,    0,  -27 },   // 0xFD
  { 11629,  18,  34,  19,    0,  -25 },   // 0xFE
  { 11706,  19,  33,  19,    0,  -24 } }; // 0xFF

const GFXfont Merriweather_Bold16pt8b PROGMEM = {
  (uint8_t  *)Merriweather_Bold16pt8bBitmaps,
  (GFXglyph *)Merriweather_Bold16pt8bGlyphs,
  0x20, 0xFF, 39 };

// Approx. 13360 bytes

const uint8_t Merriweather_Bold24pt8bBitmaps[] PROGMEM = {
  0x00, 0xFF, 0xFF, 0xFE, 0xFE, 0xFE, 0xFE, 0xFE, 0xFE, 0x7E, 0x7E, 0x7E,
  0x7E, 0x7E, 0x7E, 0x7E, 0x7E, 0x7E, 0x7E, 0x7C, 0x7C, 0x7C, 0x7C, 0x7C,
  0x7C, 0x3C, 0x3C, 0x3C, 0x3C, 0x3C, 0x3C, 0x00, 0x00, 0x00, 0x00, 0x00,
  0x3C, 0x7E, 0xFF, 0xFF, 0xFF, 0xFF, 0x7E, 0x3F, 0x0F, 0xCF, 0xC3, 0xF3,
  0xF0, 0xFD, 0xF8, 0x7E, 0x7E, 0x1F, 0x9F, 0x87, 0xE7, 0xC1, 0xF1, 0xF0,
  0x7C, 0x7C, 0x1F, 0x1E, 0x07, 0x87, 0x81, 0xE1, 0xE0, 0x78, 0xF8, 0x3E,
  0x3C, 0x0F, 0x0F, 0x03, 0xC3, 0xC0, 0xF0, 0xE0, 0x38, 0x00, 0x00, 0x38,
  0x07, 0x00, 0x03, 0x00, 0xE0, 0x00, 0x70, 0x0E, 0x00, 0x07, 0x00, 0xE0,
  0x00, 0x70, 0x0E, 0x00, 0x07, 0x00, 0xE0, 0x00, 0x70, 0x0C, 0x00, 0x06,
  0x01, 0xC0, 0x00, 0xE0, 0x1C, 0x00, 0x0E, 0x01, 0xC0, 0x3F, 0xFF, 0xFF,
  0xF3, 0xFF, 0xFF, 0xFF, 0x3F, 0xFF, 0xFF, 0xE3, 0xFF, 0xFF, 0xFE, 0x01,
  0xC0, 0x38, 0x00, 0x1C, 0x03, 0x80, 0x01, 0xC0, 0x38, 0x00, 0x1C, 0x03,
  0x80, 0x01, 0xC0, 0x38, 0x00, 0x18, 0x03, 0x00, 0x01, 0x80, 0x70, 0x00,
  0x38, 0x07, 0x00, 0x7F, 0xFF, 0xFF, 0xCF, 0xFF, 0xFF, 0xFC, 0xFF, 0xFF,
  0xFF, 0xCF, 0xFF, 0xFF, 0xFC, 0x03, 0x00, 0xE0, 0x00, 0x70, 0x0E, 0x00,
  0x07, 0x00, 0xE0, 0x00, 0x70, 0x0E, 0x00, 0x07, 0x00, 0xE0, 0x00, 0x70,
  0x0E, 0x00, 0x06, 0x00, 0xC0, 0x00, 0xE0, 0x1C, 0x00, 0x0E, 0x01, 0xC0,
  0x00, 0xE0, 0x1C, 0x00, 0x00, 0x3C, 0x00, 0x00, 0x3C, 0x00, 0x00, 0x3C,
  0x00, 0x00, 0x3C, 0x00, 0x00, 0x3C, 0x00, 0x01, 0xFF, 0xE0, 0x07, 0xFF,
  0xFC, 0x1F, 0xFF, 0xFC, 0x3F, 0x80, 0xFC, 0x7F, 0x00, 0x7C, 0x7E, 0x00,
  0x7C, 0x7E, 0x00, 0x7C, 0xFE, 0x00, 0x7C, 0xFE, 0x00, 0x3C, 0xFE, 0x00,
  0x00, 0xFF, 0x00, 0x00, 0x7F, 0x80, 0x00, 0x7F, 0xC0, 0x00, 0x7F, 0xF0,
  0x00, 0x3F, 0xFC, 0x00, 0x1F, 0xFF, 0x00, 0x0F, 0xFF, 0x80, 0x07, 0xFF,
  0xE0, 0x01, 0xFF, 0xF0, 0x00, 0x7F, 0xF8, 0x00, 0x3F, 0xFC, 0x00, 0x0F,
  0xFE, 0x00, 0x03, 0xFE, 0x00, 0x01, 0xFF, 0x00, 0x00, 0xFF, 0xF0, 0x00,
  0x7F, 0xF8, 0x00, 0x7F, 0xF8, 0x00, 0x7F, 0xF8, 0x00, 0x7E, 0xF8, 0x00,
  0x7E, 0xF8, 0x00, 0xFE, 0xFC, 0x01, 0xFC, 0xFF, 0xFF, 0xF8, 0xFF, 0xFF,
  0xF0, 0x0F, 0xFF, 0xC0, 0x00, 0x3C, 0x00, 0x00, 0x3C, 0x00, 0x00, 0x38,
  0x00, 0x00, 0x38, 0x00, 0x00, 0x38, 0x00, 0x00, 0x38, 0x00, 0x01, 0xF8,
  0x00, 0x0F, 0x80, 0x00, 0x1F, 0xF8, 0x00, 0x7C, 0x00, 0x01, 0xFF, 0xF0,
  0x01, 0xE0, 0x00, 0x0F, 0xC7, 0xE0, 0x07, 0x80, 0x00, 0x3E, 0x0F, 0xC0,
  0x3E, 0x00, 0x01, 0xF0, 0x1F, 0x00, 0xF0, 0x00, 0x07, 0xC0, 0x7C, 0x07,
  0xC0, 0x00, 0x1F, 0x01, 0xF0, 0x1E, 0x00, 0x00, 0xFC, 0x07, 0xE0, 0xF8,
  0x00, 0x03, 0xF0, 0x1F, 0x83, 0xC0, 0x00, 0x0F, 0xC0, 0x7E, 0x0F, 0x00,
  0x00, 0x3F, 0x01, 0xF8, 0x7C, 0x00, 0x00, 0xFC, 0x07, 0xC1, 0xE0, 0x00,
  0x01, 0xF0, 0x1F, 0x0F, 0x80, 0x00, 0x07, 0xC0, 0x7C, 0x3C, 0x03, 0xF0,
  0x1F, 0x83, 0xE1, 0xF0, 0x3F, 0xF0, 0x3F, 0x0F, 0x87, 0x83, 0xFF, 0xE0,
  0x7F, 0xFC, 0x1E, 0x1F, 0x8F, 0xC0, 0xFF, 0xE0, 0xF8, 0x7C, 0x1F, 0x01,
  0xFE, 0x03, 0xC3, 0xE0, 0x7E, 0x00, 0x00, 0x1F, 0x0F, 0x80, 0xF8, 0x00,
  0x00, 0x78, 0x7E, 0x03, 0xE0, 0x00, 0x01, 0xE1, 0xF8, 0x0F, 0xC0, 0x00,
  0x0F, 0x07, 0xE0, 0x3F, 0x00, 0x00, 0x3C, 0x1F, 0x80, 0xFC, 0x00, 0x01,
  0xF0, 0x7E, 0x03, 0xF0, 0x00, 0x07, 0x81, 0xF8, 0x0F, 0x80, 0x00, 0x3E,
  0x03, 0xE0, 0x3E, 0x00, 0x00, 0xF0, 0x0F, 0x80, 0xF8, 0x00, 0x03, 0xC0,
  0x3F, 0x07, 0xC0, 0x00, 0x1E, 0x00, 0x7C, 0x1F, 0x00, 0x00, 0x78, 0x00,
  0xFF, 0xF8, 0x00, 0x03, 0xE0, 0x01, 0xFF, 0xC0, 0x00, 0x0F, 0x00, 0x03,
  0xFC, 0x00, 0x00, 0x7C, 0x00, 0x00, 0x00, 0x00, 0x00, 0x7F, 0xE0, 0x00,
  0x00, 0x7F, 0xF8, 0x00, 0x00, 0xFC, 0x3E, 0x00, 0x00, 0xFC, 0x0F, 0x80,
  0x00, 0x7C, 0x07, 0xE0, 0x00, 0x7E, 0x03, 0xF0, 0x00, 0x3F, 0x01, 0xF8,
  0x00, 0x1F, 0x80, 0xFC, 0x00, 0x0F, 0xC0, 0x7E, 0x00, 0x07, 0xE0, 0x3E,
  0x00, 0x03, 0xF0, 0x1F, 0x00, 0x01, 0xFC, 0x1F, 0x80, 0x00, 0xFE, 0x0F,
  0x80, 0x00, 0x3F, 0x8F, 0x80, 0x00, 0x1F, 0xEF, 0x80, 0x00, 0x07, 0xFF,
  0x00, 0x00, 0x01, 0xFE, 0x03, 0xFF, 0x80, 0x7F, 0x01, 0xFF, 0xC0, 0xFF,
  0xC0, 0xFF, 0xE1, 0xFF, 0xF0, 0x0F, 0x81, 0xF3, 0xFC, 0x03, 0xC1, 0xF0,
  0xFF, 0x03, 0xE1, 0xF8, 0x3F, 0x81, 0xE1, 0xF8, 0x1F, 0xE0, 0xF0, 0xFC,
  0x07, 0xF8, 0x78, 0x7E, 0x01, 0xFE, 0x78, 0x3F, 0x00, 0x7F, 0xBC, 0x1F,
  0x80, 0x1F, 0xFC, 0x0F, 0xC0, 0x07, 0xFC, 0x07, 0xF0, 0x01, 0xFF, 0x01,
  0xFC, 0x00, 0x7F, 0xC0, 0xFF, 0x00, 0x7F, 0xF8, 0x3F, 0xFF, 0xFF, 0xFF,
  0x07, 0xFF, 0xF8, 0xFF, 0x80, 0xFF, 0xF0, 0x3F, 0xC0, 0x3F, 0x3F, 0x3F,
  0x7E, 0x7E, 0x7E, 0x7C, 0x7C, 0x7C, 0x78, 0x78, 0x78, 0xF8, 0xF0, 0xF0,
  0xF0, 0xE0, 0x00, 0x18, 0x00, 0xF0, 0x07, 0x80, 0x3C, 0x01, 0xF0, 0x0F,
  0x80, 0x7C, 0x03, 0xF0, 0x0F, 0x80, 0x7E, 0x01, 0xF0, 0x0F, 0xC0, 0x3E,
  0x01, 0xF8, 0x07, 0xE0, 0x1F, 0x80, 0xFC, 0x03, 0xF0, 0x0F, 0xC0, 0x3F,
  0x00, 0xFC, 0x03, 0xF0, 0x0F, 0xC0, 0x3F, 0x00, 0xFC, 0x03, 0xF0, 0x0F,
  0xC0, 0x3F, 0x00, 0xFC, 0x03, 0xF0, 0x0F, 0xC0, 0x1F, 0x80, 0x7E, 0x01,
  0xF8, 0x07, 0xE0, 0x0F, 0xC0, 0x3F, 0x00, 0x7C, 0x01, 0xF8, 0x03, 0xE0,
  0x0F, 0xC0, 0x1F, 0x80, 0x3E, 0x00, 0x7C, 0x00, 0xF8, 0x01, 0xF0, 0x03,
  0xC0, 0x06, 0x30, 0x01, 0xF0, 0x01, 0xF0, 0x01, 0xF0, 0x01, 0xF0, 0x01,
  0xF0, 0x03, 0xF0, 0x03, 0xE0, 0x03, 0xE0, 0x07, 0xE0, 0x0F, 0xC0, 0x0F,
  0xC0, 0x1F, 0x80, 0x3F, 0x00, 0x3F, 0x00, 0x7E, 0x00, 0xFC, 0x01, 0xF8,
  0x01, 0xF8, 0x03, 0xF0, 0x07, 0xE0, 0x0F, 0xC0, 0x1F, 0x80, 0x3F, 0x00,
  0x7E, 0x00, 0xFC, 0x01, 0xF8, 0x03, 0xF0, 0x07, 0xE0, 0x0F, 0xC0, 0x3F,
  0x00, 0x7E, 0x00, 0xFC, 0x01, 0xF8, 0x07, 0xE0, 0x0F, 0xC0, 0x1F, 0x00,
  0x7E, 0x00, 0xF8, 0x03, 0xF0, 0x07, 0xC0, 0x1F, 0x00, 0x3E, 0x00, 0xF8,
  0x03, 0xE0, 0x0F, 0x80, 0x3E, 0x00, 0x10, 0x00, 0x00, 0x3E, 0x00, 0x00,
  0x1F, 0x00, 0x00, 0x0F, 0x80, 0x00, 0x07, 0xC0, 0x83, 0x03, 0xE0, 0x61,
  0xE1, 0xF0, 0xF1, 0xF8, 0xF0, 0xFD, 0xFE, 0x38, 0xFF, 0x7F, 0x9C, 0xFF,
  0x0F, 0xEF, 0xFE, 0x01, 0xFB, 0xFC, 0x00, 0x0F, 0xE0, 0x00, 0x07, 0xF0,
  0x00, 0x1F, 0xFF, 0x00, 0x3F, 0xFF, 0xF0, 0x7F, 0xBB, 0xFE, 0xFF, 0x9C,
  0x7F, 0xBF, 0x0E, 0x1F, 0x8F, 0x0F, 0x87, 0x87, 0x07, 0xC0, 0xC1, 0x03,
  0xE0, 0x20, 0x01, 0xF0, 0x00, 0x00, 0xF8, 0x00, 0x00, 0x7C, 0x00, 0x00,
  0x3E, 0x00, 0x00, 0x00, 0xF8, 0x00, 0x07, 0xC0, 0x00, 0x3E, 0x00, 0x01,
  0xF0, 0x00, 0x0F, 0x80, 0x00, 0x7C, 0x00, 0x03, 0xE0, 0x00, 0x1F, 0x00,
  0x00, 0x78, 0x07, 0xFF, 0xFF, 0xFF, 0xFF, 0xFF, 0xFF, 0xFF, 0xFF, 0xFF,
  0xFF, 0x80, 0x3C, 0x00, 0x03, 0xE0, 0x00, 0x1F, 0x00, 0x00, 0xF8, 0x00,
  0x07, 0xC0, 0x00, 0x3E, 0x00, 0x01, 0xF0, 0x00, 0x0F, 0x80, 0x00, 0x7C,
  0x00, 0x3E, 0x3F, 0x9F, 0xCF, 0xF7, 0xFB, 0xFC, 0xFE, 0x3F, 0x0F, 0x87,
  0x83, 0xC3, 0xE1, 0xE0, 0xF0, 0xF0, 0xF0, 0xF8, 0x38, 0x00, 0xFF, 0xFF,
  0xFF, 0xFF, 0xFF, 0xFF, 0xFF, 0xFF, 0xFF, 0xF0, 0x7D, 0xFF, 0xFF, 0xFF,
  0xFF, 0xDF, 0x00, 0x00, 0x1F, 0x00, 0x3E, 0x00, 0x3E, 0x00, 0x3E, 0x00,
  0x3C, 0x00, 0x7C, 0x00, 0x7C, 0x00, 0x7C, 0x00, 0x78, 0x00, 0xF8, 0x00,
  0xF8, 0x00, 0xF8, 0x00, 0xF8, 0x01, 0xF0, 0x01, 0xF0, 0x01, 0xF0, 0x01,
  0xF0, 0x03, 0xE0, 0x03, 0xE0, 0x03, 0xE0, 0x03, 0xE0, 0x07, 0xC0, 0x07,
  0xC0, 0x07, 0xC0, 0x07, 0xC0, 0x0F, 0x80, 0x0F, 0x80, 0x0F, 0x80, 0x0F,
  0x80, 0x1F, 0x00, 0x1F, 0x00, 0x1F, 0x00, 0x1F, 0x00, 0x3E, 0x00, 0x3E,
  0x00, 0x3E, 0x00, 0x3E, 0x00, 0x3C, 0x00, 0x7C, 0x00, 0x7C, 0x00, 0x7C,
  0x00, 0x78, 0x00, 0xF8, 0x00, 0xF8, 0x00, 0xF8, 0x00, 0x00, 0x7F, 0xE0,
  0x00, 0x3F, 0xFF, 0x00, 0x0F, 0xEF, 0xF0, 0x03, 0xF0, 0x7F, 0x00, 0xFC,
  0x07, 0xF0, 0x3F, 0x00, 0x7E, 0x07, 0xE0, 0x0F, 0xE1, 0xFC, 0x01, 0xFC,
  0x3F, 0x00, 0x1F, 0xCF, 0xE0, 0x03, 0xF9, 0xFC, 0x00, 0x7F, 0x3F, 0x80,
  0x0F, 0xE7, 0xF0, 0x01, 0xFF, 0xFE, 0x00, 0x3F, 0xFF, 0xC0, 0x07, 0xFF,
  0xF8, 0x00, 0xFF, 0xFF, 0x00, 0x1F, 0xFF, 0xE0, 0x03, 0xFF, 0xFC, 0x00,
  0x7F, 0xFF, 0x80, 0x0F, 0xFF, 0xF0, 0x01, 0xFF, 0xFE, 0x00, 0x3F, 0xDF,
  0xC0, 0x07, 0xF3, 0xF8, 0x00, 0xFE, 0x7F, 0x00, 0x1F, 0xCF, 0xE0, 0x03,
  0xF9, 0xFE, 0x00, 0x7E, 0x1F, 0xC0, 0x1F, 0xC3, 0xF8, 0x03, 0xF8, 0x3F,
  0x00, 0x7E, 0x07, 0xF0, 0x1F, 0x80, 0x7F, 0x03, 0xE0, 0x07, 0xFB, 0xF8,
  0x00, 0x7F, 0xFE, 0x00, 0x03, 0xFF, 0x00, 0x00, 0x00, 0x78, 0x00, 0x3F,
  0x00, 0x1F, 0xE0, 0x1F, 0xFC, 0x0F, 0xFF, 0x81, 0xFF, 0xF0, 0x3E, 0xFE,
  0x04, 0x1F, 0xC0, 0x03, 0xF8, 0x00, 0x7F, 0x00, 0x0F, 0xE0, 0x01, 0xFC,
  0x00, 0x3F, 0x80, 0x07, 0xF0, 0x00, 0xFE, 0x00, 0x1F, 0xC0, 0x03, 0xF8,
  0x00, 0x7F, 0x00, 0x0F, 0xE0, 0x01, 0xFC, 0x00, 0x3F, 0x80, 0x07, 0xF0,
  0x00, 0xFE, 0x00, 0x1F, 0xC0, 0x03, 0xF8, 0x00, 0x7F, 0x00, 0x0F, 0xE0,
  0x01, 0xFC, 0x00, 0x3F, 0x80, 0x07, 0xF0, 0x00, 0xFE, 0x00, 0x1F, 0xC0,
  0x7F, 0xFF, 0xEF, 0xFF, 0xFD, 0xFF, 0xFF, 0x80, 0x01, 0xFF, 0x80, 0x03,
  0xFF, 0xF0, 0x07, 0xFF, 0xFC, 0x07, 0xFF, 0xFF, 0x07, 0xF9, 0xFF, 0xC7,
  0xE0, 0x1F, 0xE1, 0xC0, 0x07, 0xF8, 0x40, 0x03, 0xFC, 0x00, 0x00, 0xFE,
  0x00, 0x00, 0x7F, 0x00, 0x00, 0x3F, 0x80, 0x00, 0x1F, 0xC0, 0x00, 0x0F,
  0xE0, 0x00, 0x07, 0xE0, 0x00, 0x07, 0xF0, 0x00, 0x03, 0xF8, 0x00, 0x01,
  0xF8, 0x00, 0x01, 0xFC, 0x00, 0x00, 0xFC, 0x00, 0x00, 0xFC, 0x00, 0x00,
  0xFE, 0x00, 0x00, 0x7E, 0x00, 0x00, 0x7E, 0x00, 0x00, 0x7E, 0x00, 0x00,
  0x7E, 0x00, 0x00, 0x7E, 0x00, 0x00, 0x7E, 0x00, 0x80, 0x7E, 0x00, 0x70,
  0x7E, 0x00, 0x78, 0x7E, 0x00, 0x3C, 0x7C, 0x01, 0xFC, 0xFF, 0xFF, 0xFE,
  0xFF, 0xFF, 0xFF, 0x7F, 0xFF, 0xFF, 0x9F, 0xFF, 0xFF, 0xC0, 0x03, 0xFF,
  0x80, 0x0F, 0xFF, 0xE0, 0x3F, 0xFF, 0xF0, 0xFF, 0xFF, 0xF8, 0x7C, 0x0F,
  0xF8, 0x30, 0x03, 0xFC, 0x00, 0x03, 0xFC, 0x00, 0x01, 0xFC, 0x00, 0x01,
  0xFC, 0x00, 0x01, 0xF8, 0x00, 0x03, 0xF8, 0x00, 0x03, 0xF0, 0x00, 0x07,
  0xF0, 0x00, 0x0F, 0xE0, 0x00, 0x3F, 0x80, 0x00, 0xFF, 0x00, 0x07, 0xF8,
  0x00, 0x03, 0xFF, 0xE0, 0x03, 0x3F, 0xF8, 0x00, 0x07, 0xFC, 0x00, 0x01,
  0xFE, 0x00, 0x01, 0xFE, 0x00, 0x00, 0xFE, 0x00, 0x00, 0xFE, 0x00, 0x00,
  0xFE, 0x00, 0x00, 0xFE, 0x00, 0x00, 0xFE, 0x00, 0x01, 0xFE, 0x00, 0x01,
  0xFC, 0x00, 0x03, 0xFC, 0x00, 0x0F, 0xF8, 0x00, 0x3F, 0xF0, 0x7F, 0xFF,
  0xE0, 0x7F, 0xFF, 0x80, 0x7F, 0xFE, 0x00, 0x1F, 0xE0, 0x00, 0x00, 0x1E,
  0x00, 0x00, 0x01, 0xF8, 0x00, 0x00, 0x3F, 0xE0, 0x00, 0x03, 0xFC, 0x00,
  0x00, 0x3F, 0xC0, 0x00, 0x07, 0xF8, 0x00, 0x00, 0x7F, 0x80, 0x00, 0x0F,
  0xF0, 0x00, 0x00, 0xFE, 0x00, 0x00, 0x0F, 0xE0, 0x00, 0x01, 0xFC, 0x00,
  0x00, 0x1F, 0xC0, 0x00, 0x03, 0xF8, 0x00, 0x00, 0x3F, 0x80, 0x00, 0x03,
  0xF0, 0x00, 0x00, 0x7F, 0x07, 0xC0, 0x07, 0xE0, 0x7C, 0x00, 0xFE, 0x07,
  0xC0, 0x0F, 0xC0, 0x7C, 0x01, 0xFC, 0x07, 0xC0, 0x1F, 0x80, 0x7C, 0x03,
  0xF8, 0x07, 0xC0, 0x3F, 0x00, 0xFC, 0x07, 0xE0, 0x0F, 0xC0, 0x7C, 0x01,
  0xFF, 0xFF, 0xFF, 0xFF, 0xFF, 0xFF, 0xFF, 0xFF, 0xF7, 0xFF, 0xFF, 0xFF,
  0x00, 0x00, 0xFC, 0x00, 0x00, 0x0F, 0xC0, 0x00, 0x00, 0xFC, 0x00, 0x00,
  0x0F, 0xC0, 0x00, 0x00, 0xFC, 0x00, 0x00, 0x0F, 0xC0, 0x00, 0x00, 0xFC,
  0x00, 0x00, 0x00, 0x78, 0xFF, 0xFF, 0xE3, 0xFF, 0xFF, 0x0F, 0xFF, 0xFC,
  0x3F, 0xFF, 0xF1, 0xFF, 0xFF, 0xC7, 0xC0, 0x00, 0x1F, 0x00, 0x00, 0x7C,
  0x00, 0x01, 0xF0, 0x00, 0x07, 0xC0, 0x00, 0x1E, 0x00, 0x00, 0x78, 0x00,
  0x03, 0xE0, 0x00, 0x0F, 0x8F, 0xF0, 0x3E, 0xFF, 0xF0, 0xFF, 0xFF, 0xF3,
  0xFF, 0xFF, 0xCF, 0x81, 0xFF, 0x90, 0x01, 0xFE, 0x00, 0x03, 0xFC, 0x00,
  0x0F, 0xF0, 0x00, 0x3F, 0xC0, 0x00, 0x7F, 0x00, 0x01, 0xFC, 0x00, 0x0F,
  0xF0, 0x00, 0x3F, 0x80, 0x00, 0xFE, 0x00, 0x07, 0xF8, 0x00, 0x1F, 0xC0,
  0x00, 0xFE, 0x00, 0x0F, 0xF0, 0x00, 0xFF, 0x83, 0xFF, 0xFC, 0x0F, 0xFF,
  0xC0, 0x3F, 0xFC, 0x00, 0xFE, 0x00, 0x00, 0x00, 0x00, 0x70, 0x00, 0x01,
  0xF8, 0x00, 0x03, 0xFE, 0x00, 0x07, 0xF8, 0x00, 0x07, 0xF0, 0x00, 0x07,
  0xF0, 0x00, 0x07, 0xF0, 0x00, 0x07, 0xF0, 0x00, 0x07, 0xF0, 0x00, 0x07,
  0xF0, 0x00, 0x03, 0xF0, 0x00, 0x03, 0xF8, 0x00, 0x01, 0xF8, 0x00, 0x01,
  0xFC, 0x00, 0x00, 0xFE, 0x7F, 0xC0, 0xFE, 0xFF, 0xF0, 0x7F, 0xFF, 0xFC,
  0x3F, 0xF0, 0xFF, 0x1F, 0xE0, 0x3F, 0xDF, 0xE0, 0x0F, 0xEF, 0xE0, 0x07,
  0xFF, 0xF0, 0x01, 0xFF, 0xF8, 0x00, 0xFF, 0xFC, 0x00, 0x7F, 0xFE, 0x00,
  0x3F, 0xFF, 0x00, 0x1F, 0xDF, 0x80, 0x0F, 0xEF, 0xC0, 0x07, 0xF7, 0xF0,
  0x03, 0xFB, 0xF8, 0x01, 0xF8, 0xFC, 0x01, 0xFC, 0x3F, 0x00, 0xFC, 0x1F,
  0xC0, 0xFE, 0x07, 0xF0, 0xFE, 0x01, 0xFF, 0xFC, 0x00, 0x3F, 0xFC, 0x00,
  0x03, 0xF0, 0x00, 0x7F, 0xFF, 0xFF, 0x3F, 0xFF, 0xFF, 0xDF, 0xFF, 0xFF,
  0xEF, 0xFF, 0xFF, 0xE7, 0xC0, 0x01, 0xF3, 0xE0, 0x01, 0xFB, 0xF0, 0x00,
  0xF9, 0xF0, 0x00, 0xFC, 0xF8, 0x00, 0x7C, 0x78, 0x00, 0x3E, 0x3C, 0x00,
  0x3F, 0x00, 0x00, 0x1F, 0x00, 0x00, 0x1F, 0x80, 0x00, 0x0F, 0xC0, 0x00,
  0x0F, 0xC0, 0x00, 0x07, 0xE0, 0x00, 0x03, 0xF0, 0x00, 0x03, 0xF0, 0x00,
  0x01, 0xF8, 0x00, 0x01, 0xFC, 0x00, 0x00, 0xFC, 0x00, 0x00, 0xFE, 0x00,
  0x00, 0x7F, 0x00, 0x00, 0x3F, 0x00, 0x00, 0x3F, 0x80, 0x00, 0x1F, 0xC0,
  0x00, 0x1F, 0xC0, 0x00, 0x0F, 0xE0, 0x00, 0x0F, 0xF0, 0x00, 0x07, 0xF0,
  0x00, 0x07, 0xF8, 0x00, 0x03, 0xFC, 0x00, 0x01, 0xFC, 0x00, 0x01, 0xFE,
  0x00, 0x01, 0xFF, 0x00, 0x00, 0x00, 0xFF, 0xC0, 0x01, 0xFF, 0xF8, 0x03,
  0xF8, 0xFE, 0x03, 0xF0, 0x1F, 0x81, 0xF0, 0x07, 0xE1, 0xF8, 0x01, 0xF0,
  0xFC, 0x00, 0xF8, 0x7E, 0x00, 0x7C, 0x3F, 0x00, 0x3E, 0x1F, 0x80, 0x1F,
  0x0F, 0xE0, 0x0F, 0x87, 0xF8, 0x07, 0x83, 0xFE, 0x07, 0xC0, 0xFF, 0xC7,
  0xC0, 0x7F, 0xFF, 0xC0, 0x1F, 0xFF, 0x80, 0x07, 0xFF, 0xC0, 0x00, 0xFF,
  0xF8, 0x00, 0xFF, 0xFE, 0x01, 0xF7, 0xFF, 0x81, 0xF0, 0xFF, 0xE1, 0xF0,
  0x1F, 0xF9, 0xF0, 0x07, 0xFC, 0xF8, 0x00, 0xFF, 0xFC, 0x00, 0x7F, 0xFE,
  0x00, 0x1F, 0xFF, 0x00, 0x0F, 0xFF, 0x80, 0x07, 0xFF, 0xC0, 0x03, 0xFB,
  0xF0, 0x01, 0xF9, 0xF8, 0x01, 0xFC, 0x7E, 0x01, 0xFC, 0x1F, 0xE3, 0xFC,
  0x07, 0xFF, 0xF8, 0x00, 0xFF, 0xF0, 0x00, 0x01, 0x00, 0x00, 0x01, 0xFF,
  0x80, 0x03, 0xFF, 0xF0, 0x03, 0xFF, 0xFE, 0x03, 0xF0, 0x3F, 0x83, 0xF0,
  0x0F, 0xC3, 0xF8, 0x07, 0xF1, 0xF8, 0x01, 0xF9, 0xFC, 0x00, 0xFE, 0xFE,
  0x00, 0x7F, 0x7F, 0x00, 0x3F, 0xBF, 0x80, 0x0F, 0xFF, 0xC0, 0x07, 0xFF,
  0xE0, 0x03, 0xFF, 0xF0, 0x01, 0xFF, 0xF8, 0x00, 0xFF, 0xFC, 0x00, 0x7F,
  0xFE, 0x00, 0x3F, 0xBF, 0x80, 0x3F, 0xDF, 0xE0, 0x3F, 0xC7, 0xF8, 0x7F,
  0xE1, 0xFF, 0xFF, 0xF0, 0x7F, 0xFB, 0xF8, 0x1F, 0xF3, 0xF8, 0x00, 0x41,
  0xFC, 0x00, 0x00, 0xFC, 0x00, 0x00, 0xFE, 0x00, 0x00, 0x7E, 0x00, 0x00,
  0x7F, 0x00, 0x00, 0x7F, 0x00, 0x00, 0x3F, 0x00, 0x00, 0x3F, 0x00, 0x00,
  0x3F, 0x00, 0x00, 0x7F, 0x00, 0x00, 0x7F, 0x00, 0x01, 0xFF, 0x00, 0x00,
  0xFE, 0x00, 0x00, 0x78, 0x00, 0x00, 0x18, 0x7E, 0xFE, 0xFF, 0xFF, 0xFE,
  0xFE, 0x38, 0x00, 0x00, 0x00, 0x00, 0x00, 0x00, 0x00, 0x00, 0x00, 0x00,
  0x00, 0x3C, 0xFE, 0xFF, 0xFF, 0xFF, 0xFE, 0x7C, 0x0C, 0x1F, 0x9F, 0xCF,
  0xF7, 0xFB, 0xF9, 0xFC, 0x38, 0x00, 0x00, 0x00, 0x00, 0x00, 0x00, 0x00,
  0x00, 0x00, 0x00, 0x00, 0x00, 0x07, 0xC7, 0xF3, 0xF9, 0xFC, 0xFF, 0x7F,
  0x9F, 0xC7, 0xC1, 0xE0, 0xF0, 0xF8, 0x78, 0x3C, 0x3E, 0x1E, 0x1E, 0x1E,
  0x06, 0x00, 0x00, 0x00, 0x04, 0x00, 0x00, 0x70, 0x00, 0x07, 0xC0, 0x00,
  0x7F, 0x00, 0x07, 0xFC, 0x00, 0x7F, 0xE0, 0x07, 0xFE, 0x00, 0x7F, 0xE0,
  0x07, 0xFE, 0x00, 0x7F, 0xE0, 0x03, 0xFE, 0x00, 0x3F, 0xC0, 0x00, 0xFC,
  0x00, 0x03, 0xF8, 0x00, 0x0F, 0xF8, 0x00, 0x0F, 0xFC, 0x00, 0x0F, 0xFC,
  0x00, 0x0F, 0xFC, 0x00, 0x0F, 0xFC, 0x00, 0x0F, 0xFC, 0x00, 0x0F, 0xFC,
  0x00, 0x0F, 0xF0, 0x00, 0x0F, 0xC0, 0x00, 0x0F, 0x00, 0x00, 0x0C, 0x00,
  0x00, 0x10, 0xFF, 0xFF, 0xFF, 0xFF, 0xFF, 0xFF, 0xFF, 0xFF, 0xFF, 0xFF,
  0xFF, 0xFF, 0xFF, 0xFC, 0x00, 0x00, 0x00, 0x00, 0x00, 0x00, 0x00, 0x00,
  0x00, 0x00, 0x00, 0x00, 0x00, 0x00, 0x00, 0x00, 0x00, 0x00, 0x00, 0x00,
  0x00, 0x03, 0xFF, 0xFF, 0xFF, 0xFF, 0xFF, 0xFF, 0xFF, 0xFF, 0xFF, 0xFF,
  0xFC, 0x80, 0x00, 0x01, 0xC0, 0x00, 0x03, 0xE0, 0x00, 0x07, 0xF0, 0x00,
  0x0F, 0xF8, 0x00, 0x0F, 0xFC, 0x00, 0x07, 0xFE, 0x00, 0x03, 0xFF, 0x00,
  0x00, 0xFF, 0x80, 0x00, 0x7F, 0xC0, 0x00, 0x3F, 0xE0, 0x00, 0x1F, 0xF0,
  0x00, 0x0F, 0xE0, 0x00, 0x3F, 0xC0, 0x01, 0xFF, 0x00, 0x0F, 0xF8, 0x00,
  0x7F, 0xC0, 0x03, 0xFE, 0x00, 0x1F, 0xF0, 0x00, 0xFF, 0x80, 0x07, 0xFE,
  0x00, 0x1F, 0xF0, 0x00, 0x3F, 0x80, 0x00, 0x7C, 0x00, 0x00, 0xE0, 0x00,
  0x01, 0x00, 0x00, 0x00, 0x0F, 0x00, 0x0F, 0xFF, 0x80, 0xFF, 0xFE, 0x0F,
  0xFF, 0xF0, 0xFF, 0xFF, 0x80, 0x07, 0xFC, 0x00, 0x1F, 0xE0, 0x00, 0xFE,
  0x00, 0x0F, 0xE0, 0x00, 0x7F, 0x00, 0x07, 0xF0, 0x00, 0x7F, 0x00, 0x07,
  0xF0, 0x00, 0x7F, 0x00, 0x07, 0xE0, 0x00, 0xFE, 0x00, 0x0F, 0xC0, 0x01,
  0xF8, 0x00, 0x7F, 0x00, 0x1F, 0xE0, 0x03, 0xFC, 0x00, 0x7F, 0x00, 0x0F,
  0xE0, 0x00, 0xFC, 0x00, 0x0F, 0x80, 0x00, 0xF8, 0x00, 0x0F, 0x80, 0x00,
  0xF8, 0x00, 0x0F, 0x80, 0x00, 0x7C, 0x00, 0x07, 0xC0, 0x00, 0x00, 0x00,
  0x00, 0x00, 0x00, 0x00, 0x00, 0x00, 0x00, 0x00, 0x00, 0x00, 0x03, 0xC0,
  0x00, 0x7E, 0x00, 0x0F, 0xF0, 0x00, 0xFF, 0x00, 0x0F, 0xF0, 0x00, 0xFE,
  0x00, 0x07, 0xC0, 0x00, 0x00, 0x00, 0x0F, 0xFF, 0x00, 0x00, 0x00, 0x07,
  0xFF, 0xFE, 0x00, 0x00, 0x03, 0xFF, 0xFF, 0xF8, 0x00, 0x00, 0x7F, 0xC0,
  0xFF, 0xC0, 0x00, 0x1F, 0xC0, 0x00, 0xFE, 0x00, 0x03, 0xF0, 0x00, 0x03,
  0xF0, 0x00, 0x7C, 0x00, 0x00, 0x1F, 0x80, 0x0F, 0x80, 0x00, 0x00, 0xF8,
  0x01, 0xF0, 0x00, 0x00, 0x07, 0xC0, 0x3E, 0x00, 0x00, 0x00, 0x3C, 0x03,
  0xC0, 0x00, 0x00, 0x03, 0xE0, 0x78, 0x00, 0x00, 0x00, 0x1E, 0x0F, 0x80,
  0x1F, 0xF7, 0x01, 0xE0, 0xF0, 0x07, 0xFF, 0xF8, 0x1E, 0x1E, 0x00, 0xFF,
  0xFF, 0x80, 0xF1, 0xE0, 0x1F, 0x0F, 0xF8, 0x0F, 0x3E, 0x03, 0xE0, 0x1F,
  0x80, 0xF3, 0xC0, 0x3C, 0x01, 0xF0, 0x0F, 0x3C, 0x07, 0xC0, 0x1F, 0x00,
  0xF3, 0xC0, 0x78, 0x01, 0xF0, 0x0F, 0x78, 0x0F, 0x80, 0x3F, 0x00, 0xF7,
  0x80, 0xF8, 0x03, 0xF0, 0x0E, 0x78, 0x0F, 0x00, 0x3E, 0x00, 0xE7, 0x81,
  0xF0, 0x07, 0xE0, 0x0E, 0x78, 0x1F, 0x00, 0x7E, 0x01, 0xE7, 0x81, 0xF0,
  0x0F, 0xE0, 0x1C, 0xF8, 0x1F, 0x00, 0xFE, 0x01, 0xCF, 0x81, 0xF0, 0x1D,
  0xE0, 0x38, 0xF8, 0x1F, 0x01, 0xFE, 0x03, 0x8F, 0x81, 0xF8, 0x3B, 0xE0,
  0x70, 0x78, 0x1F, 0x87, 0xBE, 0x0E, 0x07, 0x80, 0xFD, 0xF3, 0xE1, 0xE0,
  0x78, 0x0F, 0xFF, 0x3F, 0xFC, 0x07, 0xC0, 0x7F, 0xE3, 0xFF, 0x00, 0x7C,
  0x07, 0xFC, 0x1F, 0xE0, 0x03, 0xC0, 0x3F, 0x81, 0xF8, 0x00, 0x3E, 0x00,
  0x40, 0x00, 0x00, 0x03, 0xE0, 0x00, 0x00, 0x00, 0x00, 0x1F, 0x00, 0x00,
  0x00, 0x00, 0x01, 0xF0, 0x00, 0x00, 0x00, 0x00, 0x0F, 0x80, 0x00, 0x00,
  0x00, 0x00, 0x7C, 0x00, 0x00, 0x00, 0x00, 0x07, 0xF0, 0x00, 0x00, 0x00,
  0x00, 0x3F, 0x80, 0x00, 0xC0, 0x00, 0x00, 0xFF, 0x80, 0xFC, 0x00, 0x00,
  0x07, 0xFF, 0xFF, 0x80, 0x00, 0x00, 0x1F, 0xFF, 0xE0, 0x00, 0x00, 0x00,
  0x3F, 0xF0, 0x00, 0x00, 0x00, 0x03, 0xFC, 0x00, 0x00, 0x00, 0x7F, 0x80,
  0x00, 0x00, 0x1F, 0xF0, 0x00, 0x00, 0x03, 0xFF, 0x00, 0x00, 0x00, 0x7F,
  0xE0, 0x00, 0x00, 0x1F, 0xFC, 0x00, 0x00, 0x03, 0xDF, 0xC0, 0x00, 0x00,
  0x79, 0xF8, 0x00, 0x00, 0x1F, 0x3F, 0x00, 0x00, 0x03, 0xC7, 0xF0, 0x00,
  0x00, 0x78, 0xFE, 0x00, 0x00, 0x1F, 0x0F, 0xC0, 0x00, 0x03, 0xC1, 0xFC,
  0x00, 0x00, 0x78, 0x3F, 0x80, 0x00, 0x1F, 0x07, 0xF0, 0x00, 0x03, 0xE0,
  0x7F, 0x00, 0x00, 0xF8, 0x0F, 0xE0, 0x00, 0x1F, 0x01, 0xFC, 0x00, 0x03,
  0xE0, 0x1F, 0xC0, 0x00, 0xF8, 0x03, 0xF8, 0x00, 0x1F, 0x00, 0x7F, 0x00,
  0x03, 0xE0, 0x0F, 0xF0, 0x00, 0xFF, 0xFF, 0xFE, 0x00, 0x1F, 0xFF, 0xFF,
  0xC0, 0x03, 0xFF, 0xFF, 0xFC, 0x00, 0xFF, 0xFF, 0xFF, 0x80, 0x1F, 0x00,
  0x07, 0xF0, 0x03, 0xE0, 0x00, 0xFF, 0x00, 0xFC, 0x00, 0x1F, 0xE0, 0x1F,
  0x00, 0x01, 0xFC, 0x03, 0xE0, 0x00, 0x3F, 0xC0, 0xFC, 0x00, 0x07, 0xF8,
  0xFF, 0xF0, 0x07, 0xFF, 0xFF, 0xFE, 0x00, 0xFF, 0xFF, 0xFF, 0xC0, 0x1F,
  0xFF, 0x80, 0xFF, 0xFF, 0xFC, 0x03, 0xFF, 0xFF, 0xFC, 0x0F, 0xFF, 0xFF,
  0xF8, 0x07, 0xF0, 0x0F, 0xF0, 0x0F, 0xC0, 0x1F, 0xE0, 0x3F, 0x00, 0x3F,
  0x80, 0xFC, 0x00, 0xFE, 0x03, 0xF0, 0x03, 0xF8, 0x0F, 0xC0, 0x0F, 0xE0,
  0x3F, 0x00, 0x3F, 0x80, 0xFC, 0x00, 0xFE, 0x03, 0xF0, 0x03, 0xF8, 0x0F,
  0xC0, 0x0F, 0xC0, 0x3F, 0x00, 0x7E, 0x00, 0xFC, 0x03, 0xF0, 0x03, 0xFF,
  0xFF, 0x80, 0x0F, 0xFF, 0xFC, 0x00, 0x3F, 0xFF, 0xFF, 0x00, 0xFF, 0xFF,
  0xFE, 0x03, 0xF0, 0x03, 0xFC, 0x0F, 0xC0, 0x07, 0xF8, 0x3F, 0x00, 0x1F,
  0xE0, 0xFC, 0x00, 0x3F, 0x83, 0xF0, 0x00, 0xFF, 0x0F, 0xC0, 0x03, 0xFC,
  0x3F, 0x00, 0x0F, 0xF0, 0xFC, 0x00, 0x3F, 0xC3, 0xF0, 0x00, 0xFE, 0x0F,
  0xC0, 0x07, 0xF8, 0x3F, 0x00, 0x1F, 0xE0, 0xFC, 0x00, 0xFF, 0x03, 0xF0,
  0x07, 0xF8, 0xFF, 0xFF, 0xFF, 0xC3, 0xFF, 0xFF, 0xFC, 0x0F, 0xFF, 0xFF,
  0xC0, 0x00, 0x00, 0x0F, 0xFF, 0x80, 0x07, 0xFF, 0xFF, 0x01, 0xFF, 0xFF,
  0xF0, 0x3F, 0x80, 0x7E, 0x07, 0xF0, 0x03, 0xE0, 0xFE, 0x00, 0x3E, 0x1F,
  0xC0, 0x03, 0xE1, 0xFC, 0x00, 0x3E, 0x3F, 0x80, 0x03, 0xE7, 0xF8, 0x00,
  0x1E, 0x7F, 0x00, 0x01, 0xE7, 0xF0, 0x00, 0x00, 0xFF, 0x00, 0x00, 0x0F,
  0xF0, 0x00, 0x00, 0xFF, 0x00, 0x00, 0x0F, 0xF0, 0x00, 0x00, 0xFF, 0x00,
  0x00, 0x0F, 0xF0, 0x00, 0x00, 0xFF, 0x00, 0x00, 0x0F, 0xF0, 0x00, 0x00,
  0xFF, 0x00, 0x00, 0x0F, 0xF0, 0x00, 0x00, 0xFF, 0x00, 0x00, 0x0F, 0xF0,
  0x00, 0x00, 0x7F, 0x80, 0x00, 0x07, 0xF8, 0x00, 0x00, 0x7F, 0x80, 0x00,
  0xF3, 0xFC, 0x00, 0x1F, 0x3F, 0xC0, 0x01, 0xF1, 0xFE, 0x00, 0x3F, 0x0F,
  0xF0, 0x03, 0xE0, 0x7F, 0x80, 0x7E, 0x03, 0xFF, 0xFF, 0xE0, 0x1F, 0xFF,
  0xFE, 0x00, 0x3F, 0xFE, 0x00, 0x00, 0x08, 0x00, 0xFF, 0xFF, 0xFC, 0x00,
  0xFF, 0xFF, 0xFF, 0x00, 0xFF, 0xFF, 0xFF, 0xC0, 0x1F, 0xC0, 0x3F, 0xF0,
  0x0F, 0xC0, 0x0F, 0xF8, 0x0F, 0xC0, 0x07, 0xF8, 0x0F, 0xC0, 0x03, 0xFC,
  0x0F, 0xC0, 0x01, 0xFE, 0x0F, 0xC0, 0x01, 0xFE, 0x0F, 0xC0, 0x00, 0xFE,
  0x0F, 0xC0, 0x00, 0xFF, 0x0F, 0xC0, 0x00, 0xFF, 0x0F, 0xC0, 0x00, 0x7F,
  0x0F, 0xC0, 0x00, 0x7F, 0x0F, 0xC0, 0x00, 0x7F, 0x0F, 0xC0, 0x00, 0x7F,
  0x0F, 0xC0, 0x00, 0x7F, 0x0F, 0xC0, 0x00, 0x7F, 0x0F, 0xC0, 0x00, 0x7F,
  0x0F, 0xC0, 0x00, 0x7F, 0x0F, 0xC0, 0x00, 0x7F, 0x0F, 0xC0, 0x00, 0x7F,
  0x0F, 0xC0, 0x00, 0xFF, 0x0F, 0xC0, 0x00, 0xFE, 0x0F, 0xC0, 0x00, 0xFE,
  0x0F, 0xC0, 0x00, 0xFE, 0x0F, 0xC0, 0x01, 0xFC, 0x0F, 0xC0, 0x01, 0xFC,
  0x0F, 0xC0, 0x03, 0xF8, 0x0F, 0xC0, 0x07, 0xF0, 0x0F, 0xC0, 0x0F, 0xE0,
  0x0F, 0xC0, 0x1F, 0xC0, 0xFF, 0xFF, 0xFF, 0x80, 0xFF, 0xFF, 0xFE, 0x00,
  0xFF, 0xFF, 0xF8, 0x00, 0xFF, 0xFF, 0xFF, 0x8F, 0xFF, 0xFF, 0xF8, 0xFF,
  0xFF, 0xFF, 0x81, 0xFE, 0x00, 0x78, 0x0F, 0xE0, 0x07, 0x80, 0xFE, 0x00,
  0x78, 0x0F, 0xE0, 0x03, 0xC0, 0xFE, 0x00, 0x3C, 0x0F, 0xE0, 0x00, 0x00,
  0xFE, 0x00, 0x00, 0x0F, 0xE0, 0x00, 0x00, 0xFE, 0x03, 0x80, 0x0F, 0xE0,
  0x38, 0x00, 0xFE, 0x07, 0x80, 0x0F, 0xE0, 0x78, 0x00, 0xFF, 0xFF, 0x80,
  0x0F, 0xFF, 0xF8, 0x00, 0xFF, 0xFF, 0x80, 0x0F, 0xFF, 0xF8, 0x00, 0xFE,
  0x07, 0x80, 0x0F, 0xE0, 0x78, 0x00, 0xFE, 0x03, 0x80, 0x0F, 0xE0, 0x38,
  0x00, 0xFE, 0x00, 0x00, 0x0F, 0xE0, 0x00, 0x00, 0xFE, 0x00, 0x08, 0x0F,
  0xE0, 0x00, 0xF0, 0xFE, 0x00, 0x0F, 0x0F, 0xE0, 0x01, 0xF0, 0xFE, 0x00,
  0x1F, 0x0F, 0xE0, 0x03, 0xF0, 0xFE, 0x00, 0xFF, 0xFF, 0xFF, 0xFF, 0xEF,
  0xFF, 0xFF, 0xFE, 0xFF, 0xFF, 0xFF, 0xE0, 0xFF, 0xFF, 0xFF, 0xFF, 0xFF,
  0xFF, 0xFF, 0xFF, 0xFF, 0xFC, 0x7F, 0x80, 0x1F, 0x0F, 0xE0, 0x07, 0xC3,
  0xF8, 0x01, 0xF0, 0xFE, 0x00, 0x3C, 0x3F, 0x80, 0x0F, 0x0F, 0xE0, 0x03,
  0xC3, 0xF8, 0x00, 0x00, 0xFE, 0x00, 0x00, 0x3F, 0x80, 0x00, 0x0F, 0xE0,
  0x3C, 0x03, 0xF8, 0x0F, 0x00, 0xFE, 0x03, 0xC0, 0x3F, 0x80, 0xF0, 0x0F,
  0xFF, 0xFC, 0x03, 0xFF, 0xFF, 0x00, 0xFF, 0xFF, 0xC0, 0x3F, 0xFF, 0xF0,
  0x0F, 0xE0, 0x3C, 0x03, 0xF8, 0x0F, 0x00, 0xFE, 0x03, 0xC0, 0x3F, 0x80,
  0x70, 0x0F, 0xE0, 0x00, 0x03, 0xF8, 0x00, 0x00, 0xFE, 0x00, 0x00, 0x3F,
  0x80, 0x00, 0x0F, 0xE0, 0x00, 0x03, 0xF8, 0x00, 0x00, 0xFE, 0x00, 0x00,
  0x3F, 0x80, 0x00, 0xFF, 0xFF, 0xC0, 0x3F, 0xFF, 0xF0, 0x0F, 0xFF, 0xFC,
  0x00, 0x00, 0x0F, 0xFF, 0xC0, 0x00, 0x3F, 0xFF, 0xFE, 0x00, 0x7F, 0xFF,
  0xFF, 0x00, 0x7F, 0x80, 0x3F, 0x80, 0x7F, 0x00, 0x0F, 0xC0, 0x7F, 0x00,
  0x07, 0xE0, 0x7F, 0x80, 0x03, 0xF0, 0x3F, 0x80, 0x01, 0xF8, 0x3F, 0xC0,
  0x00, 0xFC, 0x1F, 0xC0, 0x00, 0x3C, 0x1F, 0xE0, 0x00, 0x00, 0x0F, 0xF0,
  0x00, 0x00, 0x07, 0xF8, 0x00, 0x00, 0x03, 0xF8, 0x00, 0x00, 0x03, 0xFC,
  0x00, 0x00, 0x01, 0xFE, 0x00, 0x00, 0x00, 0xFF, 0x00, 0x00, 0x00, 0x7F,
  0x80, 0x1F, 0xFF, 0xFF, 0xC0, 0x0F, 0xFF, 0xFF, 0xE0, 0x07, 0xFF, 0xFF,
  0xF0, 0x00, 0x7F, 0xE7, 0xF8, 0x00, 0x0F, 0xE1, 0xFE, 0x00, 0x07, 0xF0,
  0xFF, 0x00, 0x03, 0xF8, 0x7F, 0x80, 0x01, 0xFC, 0x1F, 0xC0, 0x00, 0xFE,
  0x0F, 0xF0, 0x00, 0x7F, 0x07, 0xF8, 0x00, 0x3F, 0x81, 0xFE, 0x00, 0x1F,
  0xC0, 0x7F, 0x00, 0x0F, 0xE0, 0x1F, 0xC0, 0x07, 0xF0, 0x07, 0xF8, 0x07,
  0xF8, 0x01, 0xFF, 0xFF, 0xFC, 0x00, 0x3F, 0xFF, 0xF8, 0x00, 0x07, 0xFF,
  0xE0, 0x00, 0x00, 0x0C, 0x00, 0x00, 0xFF, 0xFC, 0x07, 0xFF, 0xFF, 0xFF,
  0x80, 0xFF, 0xFF, 0xFF, 0xF0, 0x1F, 0xFF, 0x8F, 0xF0, 0x00, 0x7F, 0x81,
  0xFC, 0x00, 0x07, 0xE0, 0x3F, 0x80, 0x00, 0xFC, 0x07, 0xF0, 0x00, 0x1F,
  0x80, 0xFE, 0x00, 0x03, 0xF0, 0x1F, 0xC0, 0x00, 0x7E, 0x03, 0xF8, 0x00,
  0x0F, 0xC0, 0x7F, 0x00, 0x01, 0xF8, 0x0F, 0xE0, 0x00, 0x3F, 0x01, 0xFC,
  0x00, 0x07, 0xE0, 0x3F, 0x80, 0x00, 0xFC, 0x07, 0xF0, 0x00, 0x1F, 0x80,
  0xFF, 0xFF, 0xFF, 0xF0, 0x1F, 0xFF, 0xFF, 0xFE, 0x03, 0xFF, 0xFF, 0xFF,
  0xC0, 0x7F, 0xFF, 0xFF, 0xF8, 0x0F, 0xE0, 0x00, 0x3F, 0x01, 0xFC, 0x00,
  0x07, 0xE0, 0x3F, 0x80, 0x00, 0xFC, 0x07, 0xF0, 0x00, 0x1F, 0x80, 0xFE,
  0x00, 0x03, 0xF0, 0x1F, 0xC0, 0x00, 0x7E, 0x03, 0xF8, 0x00, 0x0F, 0xC0,
  0x7F, 0x00, 0x01, 0xF8, 0x0F, 0xE0, 0x00, 0x3F, 0x01, 0xFC, 0x00, 0x07,
  0xE0, 0x3F, 0x80, 0x00, 0xFC, 0x07, 0xF0, 0x00, 0x1F, 0x80, 0xFE, 0x00,
  0x03, 0xF0, 0xFF, 0xFC, 0x07, 0xFF, 0xFF, 0xFF, 0x80, 0xFF, 0xFF, 0xFF,
  0xF0, 0x1F, 0xFF, 0x80, 0xFF, 0xFF, 0xFF, 0xFF, 0xFF, 0xF8, 0xFF, 0x80,
  0xFE, 0x01, 0xFC, 0x03, 0xF8, 0x07, 0xF0, 0x0F, 0xE0, 0x1F, 0xC0, 0x3F,
  0x80, 0x7F, 0x00, 0xFE, 0x01, 0xFC, 0x03, 0xF8, 0x07, 0xF0, 0x0F, 0xE0,
  0x1F, 0xC0, 0x3F, 0x80, 0x7F, 0x00, 0xFE, 0x01, 0xFC, 0x03, 0xF8, 0x07,
  0xF0, 0x0F, 0xE0, 0x1F, 0xC0, 0x3F, 0x80, 0x7F, 0x00, 0xFE, 0x01, 0xFC,
  0x03, 0xF8, 0x07, 0xF0, 0xFF, 0xFF, 0xFF, 0xFF, 0xFF, 0xF8, 0x1F, 0xFF,
  0xC7, 0xFF, 0xF1, 0xFF, 0xFC, 0x0F, 0xF8, 0x01, 0xFC, 0x00, 0x7F, 0x00,
  0x1F, 0xC0, 0x07, 0xF0, 0x01, 0xFC, 0x00, 0x7F, 0x00, 0x1F, 0xC0, 0x07,
  0xF0, 0x01, 0xFC, 0x00, 0x7F, 0x00, 0x1F, 0xC0, 0x07, 0xF0, 0x01, 0xFC,
  0x00, 0x7F, 0x00, 0x1F, 0xC0, 0x07, 0xF0, 0x01, 0xFC, 0x00, 0x7F, 0x00,
  0x1F, 0xC0, 0x07, 0xF0, 0x01, 0xFC, 0x00, 0x7F, 0x00, 0x1F, 0xC0, 0x07,
  0xF0, 0x01, 0xFC, 0x00, 0x7F, 0x00, 0x1F, 0xC0, 0x07, 0xF0, 0x01, 0xFC,
  0x00, 0xFE, 0x00, 0x3F, 0x80, 0x0F, 0xE0, 0x03, 0xF0, 0x01, 0xFC, 0x00,
  0xFE, 0x00, 0x7F, 0x00, 0x3F, 0x80, 0x3F, 0xC0, 0x07, 0xC0, 0x00, 0x80,
  0x00, 0xFF, 0xFC, 0x1F, 0xFF, 0x7F, 0xFE, 0x0F, 0xFF, 0xBF, 0xFF, 0x07,
  0xFF, 0xC3, 0xFC, 0x00, 0x7F, 0x00, 0xFE, 0x00, 0x3E, 0x00, 0x7F, 0x00,
  0x3E, 0x00, 0x3F, 0x80, 0x3E, 0x00, 0x1F, 0xC0, 0x1E, 0x00, 0x0F, 0xE0,
  0x1E, 0x00, 0x07, 0xF0, 0x1F, 0x00, 0x03, 0xF8, 0x1F, 0x00, 0x01, 0xFC,
  0x1F, 0x00, 0x00, 0xFE, 0x0F, 0x00, 0x00, 0x7F, 0x0F, 0x00, 0x00, 0x3F,
  0x8F, 0x80, 0x00, 0x1F, 0xCF, 0xE0, 0x00, 0x0F, 0xEF, 0xF8, 0x00, 0x07,
  0xF7, 0xFE, 0x00, 0x03, 0xFF, 0xFF, 0x00, 0x01, 0xFF, 0xBF, 0xC0, 0x00,
  0xFF, 0x8F, 0xF0, 0x00, 0x7F, 0x83, 0xF8, 0x00, 0x3F, 0x81, 0xFE, 0x00,
  0x1F, 0xC0, 0x7F, 0x80, 0x0F, 0xE0, 0x3F, 0xC0, 0x07, 0xF0, 0x0F, 0xF0,
  0x03, 0xF8, 0x07, 0xF8, 0x01, 0xFC, 0x01, 0xFE, 0x00, 0xFE, 0x00, 0xFF,
  0x80, 0x7F, 0x00, 0x3F, 0xC0, 0x3F, 0x80, 0x1F, 0xF0, 0x1F, 0xC0, 0x07,
  0xFC, 0xFF, 0xFE, 0x01, 0xFF, 0xFF, 0xFF, 0x00, 0xFF, 0xFF, 0xFF, 0x80,
  0x3F, 0xE0, 0xFF, 0xFE, 0x00, 0x1F, 0xFF, 0xC0, 0x03, 0xFF, 0xF8, 0x00,
  0x0F, 0xF0, 0x00, 0x00, 0xFE, 0x00, 0x00, 0x1F, 0xC0, 0x00, 0x03, 0xF8,
  0x00, 0x00, 0x7F, 0x00, 0x00, 0x0F, 0xE0, 0x00, 0x01, 0xFC, 0x00, 0x00,
  0x3F, 0x80, 0x00, 0x07, 0xF0, 0x00, 0x00, 0xFE, 0x00, 0x00, 0x1F, 0xC0,
  0x00, 0x03, 0xF8, 0x00, 0x00, 0x7F, 0x00, 0x00, 0x0F, 0xE0, 0x00, 0x01,
  0xFC, 0x00, 0x00, 0x3F, 0x80, 0x00, 0x07, 0xF0, 0x00, 0x00, 0xFE, 0x00,
  0x00, 0x1F, 0xC0, 0x00, 0x03, 0xF8, 0x00, 0x20, 0x7F, 0x00, 0x0F, 0x0F,
  0xE0, 0x01, 0xE1, 0xFC, 0x00, 0x3C, 0x3F, 0x80, 0x0F, 0x87, 0xF0, 0x01,
  0xF0, 0xFE, 0x00, 0x7E, 0x1F, 0xC0, 0x0F, 0x83, 0xF8, 0x01, 0xF0, 0x7F,
  0x1F, 0xFE, 0xFF, 0xFF, 0xFF, 0xDF, 0xFF, 0xFF, 0xFB, 0xFF, 0xFF, 0xFF,
  0x00, 0x1F, 0xFF, 0xC0, 0x01, 0xFF, 0xF8, 0x1F, 0xFF, 0xC0, 0x03, 0xFF,
  0xF8, 0x1F, 0xFF, 0xC0, 0x03, 0xFF, 0xF8, 0x01, 0xEF, 0xC0, 0x03, 0xFF,
  0x80, 0x00, 0xEF, 0xE0, 0x07, 0xBF, 0x00, 0x00, 0xEF, 0xE0, 0x07, 0xBF,
  0x00, 0x01, 0xEF, 0xE0, 0x07, 0xBF, 0x00, 0x01, 0xE7, 0xE0, 0x07, 0xBF,
  0x80, 0x01, 0xE7, 0xF0, 0x0F, 0x1F, 0x80, 0x01, 0xE7, 0xF0, 0x0F, 0x1F,
  0x80, 0x01, 0xE7, 0xF0, 0x0F, 0x1F, 0x80, 0x01, 0xE3, 0xF8, 0x0F, 0x1F,
  0x80, 0x01, 0xC3, 0xF8, 0x1E, 0x1F, 0x80, 0x03, 0xC3, 0xF8, 0x1E, 0x1F,
  0x80, 0x03, 0xC1, 0xF8, 0x1E, 0x1F, 0xC0, 0x03, 0xC1, 0xFC, 0x3E, 0x1F,
  0xC0, 0x03, 0xC1, 0xFC, 0x3C, 0x1F, 0xC0, 0x03, 0xC0, 0xFC, 0x3C, 0x1F,
  0xC0, 0x03, 0xC0, 0xFC, 0x3C, 0x1F, 0xC0, 0x03, 0xC0, 0xFE, 0x78, 0x0F,
  0xC0, 0x07, 0xC0, 0xFE, 0x78, 0x0F, 0xC0, 0x07, 0x80, 0x7E, 0x78, 0x0F,
  0xC0, 0x07, 0x80, 0x7E, 0x78, 0x0F, 0xE0, 0x07, 0x80, 0x7E, 0xF0, 0x0F,
  0xE0, 0x07, 0x80, 0x3F, 0xF0, 0x0F, 0xE0, 0x07, 0x80, 0x3F, 0xF0, 0x0F,
  0xE0, 0x07, 0x80, 0x3F, 0xE0, 0x0F, 0xE0, 0x07, 0x80, 0x3F, 0xE0, 0x0F,
  0xE0, 0x0F, 0x80, 0x1F, 0xE0, 0x0F, 0xE0, 0x0F, 0x80, 0x1F, 0xC0, 0x07,
  0xF0, 0x0F, 0x80, 0x1F, 0xC0, 0x07, 0xF0, 0x0F, 0x00, 0x0F, 0xC0, 0x07,
  0xF0, 0xFF, 0xF8, 0x0F, 0xC0, 0x7F, 0xFF, 0xFF, 0xF8, 0x0F, 0x80, 0x7F,
  0xFF, 0xFF, 0xF8, 0x00, 0x00, 0x7F, 0xFF, 0xFF, 0xE0, 0x01, 0xFF, 0xFF,
  0xF8, 0x00, 0x7F, 0xFF, 0xFF, 0x00, 0x1F, 0xFC, 0x7F, 0xE0, 0x00, 0xFC,
  0x1F, 0xF8, 0x00, 0x1E, 0x07, 0xFF, 0x00, 0x07, 0x81, 0xFF, 0xE0, 0x01,
  0xE0, 0x7B, 0xF8, 0x00, 0x78, 0x1E, 0xFF, 0x00, 0x1E, 0x07, 0x9F, 0xE0,
  0x07, 0x81, 0xE7, 0xF8, 0x01, 0xE0, 0x78, 0xFF, 0x00, 0x78, 0x1E, 0x3F,
  0xE0, 0x1E, 0x07, 0x87, 0xF8, 0x07, 0x81, 0xE0, 0xFF, 0x01, 0xE0, 0x78,
  0x3F, 0xE0, 0x78, 0x1E, 0x07, 0xF8, 0x1E, 0x07, 0x80, 0xFF, 0x07, 0x81,
  0xE0, 0x3F, 0xC1, 0xE0, 0x78, 0x07, 0xF8, 0x78, 0x1E, 0x00, 0xFF, 0x1E,
  0x07, 0x80, 0x3F, 0xC7, 0x81, 0xE0, 0x07, 0xF9, 0xE0, 0x78, 0x00, 0xFE,
  0x78, 0x1E, 0x00, 0x3F, 0xDE, 0x07, 0x80, 0x07, 0xF7, 0x81, 0xE0, 0x00,
  0xFF, 0xE0, 0x78, 0x00, 0x3F, 0xF8, 0x1E, 0x00, 0x07, 0xFE, 0x07, 0x80,
  0x00, 0xFF, 0x81, 0xE0, 0x00, 0x3F, 0xE0, 0x78, 0x00, 0x07, 0xF8, 0xFF,
  0xF0, 0x01, 0xFE, 0x3F, 0xFC, 0x00, 0x3F, 0x8F, 0xFF, 0x00, 0x07, 0xE0,
  0x00, 0x1F, 0xFC, 0x00, 0x00, 0x7F, 0xFF, 0x80, 0x01, 0xFF, 0xFF, 0xC0,
  0x03, 0xF8, 0x0F, 0xE0, 0x07, 0xF0, 0x07, 0xF0, 0x0F, 0xE0, 0x03, 0xF8,
  0x1F, 0xC0, 0x03, 0xFC, 0x1F, 0xC0, 0x01, 0xFC, 0x3F, 0x80, 0x01, 0xFE,
  0x3F, 0x80, 0x01, 0xFE, 0x7F, 0x80, 0x00, 0xFE, 0x7F, 0x80, 0x00, 0xFE,
  0x7F, 0x00, 0x00, 0xFF, 0x7F, 0x00, 0x00, 0xFF, 0x7F, 0x00, 0x00, 0xFF,
  0xFF, 0x00, 0x00, 0xFF, 0xFF, 0x00, 0x00, 0xFF, 0xFF, 0x00, 0x00, 0xFF,
  0xFF, 0x00, 0x00, 0xFF, 0xFF, 0x00, 0x00, 0xFF, 0x7F, 0x00, 0x00, 0xFF,
  0x7F, 0x00, 0x00, 0xFF, 0x7F, 0x00, 0x00, 0xFE, 0x7F, 0x80, 0x00, 0xFE,
  0x7F, 0x80, 0x01, 0xFE, 0x3F, 0x80, 0x01, 0xFC, 0x3F, 0x80, 0x01, 0xFC,
  0x3F, 0xC0, 0x01, 0xF8, 0x1F, 0xC0, 0x03, 0xF8, 0x1F, 0xE0, 0x03, 0xF0,
  0x0F, 0xE0, 0x07, 0xE0, 0x07, 0xF0, 0x0F, 0xC0, 0x03, 0xFE, 0x7F, 0x80,
  0x01, 0xFF, 0xFF, 0x00, 0x00, 0x7F, 0xFC, 0x00, 0x00, 0x03, 0x80, 0x00,
  0xFF, 0xFF, 0xF8, 0x0F, 0xFF, 0xFF, 0xF0, 0xFF, 0xFF, 0xFF, 0x81, 0xFC,
  0x03, 0xFC, 0x0F, 0xC0, 0x1F, 0xE0, 0xFC, 0x00, 0xFE, 0x0F, 0xC0, 0x0F,
  0xF0, 0xFC, 0x00, 0x7F, 0x0F, 0xC0, 0x07, 0xF0, 0xFC, 0x00, 0x7F, 0x0F,
  0xC0, 0x07, 0xF0, 0xFC, 0x00, 0x7F, 0x0F, 0xC0, 0x07, 0xF0, 0xFC, 0x00,
  0x7F, 0x0F, 0xC0, 0x0F, 0xE0, 0xFC, 0x00, 0xFE, 0x0F, 0xC0, 0x0F, 0xE0,
  0xFC, 0x01, 0xFC, 0x0F, 0xC0, 0x3F, 0x80, 0xFE, 0x0F, 0xF0, 0x0F, 0xFF,
  0xFE, 0x00, 0xFF, 0xFF, 0x80, 0x0F, 0xFE, 0x00, 0x00, 0xFE, 0x00, 0x00,
  0x0F, 0xE0, 0x00, 0x00, 0xFE, 0x00, 0x00, 0x0F, 0xE0, 0x00, 0x00, 0xFE,
  0x00, 0x00, 0x0F, 0xE0, 0x00, 0x00, 0xFE, 0x00, 0x00, 0x0F, 0xE0, 0x00,
  0x00, 0xFE, 0x00, 0x00, 0xFF, 0xFF, 0x80, 0x0F, 0xFF, 0xF8, 0x00, 0xFF,
  0xFF, 0x80, 0x00, 0x00, 0x1F, 0xFC, 0x00, 0x00, 0x03, 0xFF, 0xFC, 0x00,
  0x00, 0x7F, 0xFF, 0xF0, 0x00, 0x07, 0xF0, 0x1F, 0xC0, 0x00, 0x7F, 0x00,
  0x7F, 0x00, 0x07, 0xF0, 0x01, 0xFC, 0x00, 0x7F, 0x00, 0x0F, 0xF0, 0x03,
  0xF8, 0x00, 0x3F, 0x80, 0x3F, 0x80, 0x01, 0xFE, 0x01, 0xFC, 0x00, 0x0F,
  0xF0, 0x1F, 0xE0, 0x00, 0x3F, 0x80, 0xFF, 0x00, 0x01, 0xFC, 0x07, 0xF0,
  0x00, 0x0F, 0xF0, 0x3F, 0x80, 0x00, 0x7F, 0x81, 0xFC, 0x00, 0x03, 0xFC,
  0x1F, 0xE0, 0x00, 0x1F, 0xE0, 0xFF, 0x00, 0x00, 0xFF, 0x07, 0xF8, 0x00,
  0x07, 0xF8, 0x3F, 0xC0, 0x00, 0x3F, 0xC1, 0xFE, 0x00, 0x01, 0xFE, 0x07,
  0xF0, 0x00, 0x0F, 0xF0, 0x3F, 0x80, 0x00, 0x7F, 0x81, 0xFC, 0x00, 0x03,
  0xF8, 0x0F, 0xF0, 0x00, 0x1F, 0xC0, 0x7F, 0x80, 0x01, 0xFE, 0x01, 0xFC,
  0x00, 0x0F, 0xE0, 0x0F, 0xE0, 0x00, 0x7F, 0x00, 0x7F, 0x80, 0x03, 0xF0,
  0x01, 0xFC, 0x00, 0x3F, 0x80, 0x0F, 0xF0, 0x01, 0xF8, 0x00, 0x3F, 0x80,
  0x1F, 0x80, 0x00, 0xFE, 0x01, 0xF8, 0x00, 0x03, 0xFE, 0x7F, 0x80, 0x00,
  0x0F, 0xFF, 0xF8, 0x00, 0x00, 0x1F, 0xFF, 0xC0, 0x00, 0x00, 0x07, 0x3F,
  0x80, 0x00, 0x00, 0x00, 0xFE, 0x00, 0x00, 0x00, 0x01, 0xFC, 0x00, 0x00,
  0x00, 0x07, 0xF8, 0x00, 0x00, 0x00, 0x1F, 0xFE, 0x00, 0x00, 0x00, 0x7F,
  0xF8, 0x00, 0x00, 0x01, 0xFF, 0xC0, 0x00, 0x00, 0x07, 0xFC, 0x00, 0x00,
  0x00, 0x07, 0x00, 0xFF, 0xFF, 0xFC, 0x00, 0xFF, 0xFF, 0xFF, 0x00, 0xFF,
  0xFF, 0xFF, 0x80, 0x1F, 0xC0, 0x3F, 0xC0, 0x1F, 0xC0, 0x1F, 0xE0, 0x1F,
  0xC0, 0x0F, 0xE0, 0x1F, 0xC0, 0x0F, 0xE0, 0x1F, 0xC0, 0x0F, 0xF0, 0x1F,
  0xC0, 0x0F, 0xF0, 0x1F, 0xC0, 0x0F, 0xF0, 0x1F, 0xC0, 0x0F, 0xF0, 0x1F,
  0xC0, 0x0F, 0xE0, 0x1F, 0xC0, 0x0F, 0xE0, 0x1F, 0xC0, 0x0F, 0xE0, 0x1F,
  0xC0, 0x1F, 0xC0, 0x1F, 0xC0, 0x1F, 0xC0, 0x1F, 0xC0, 0x7F, 0x80, 0x1F,
  0xFF, 0xFF, 0x00, 0x1F, 0xFF, 0xFC, 0x00, 0x1F, 0xFF, 0xFC, 0x00, 0x1F,
  0xC0, 0xFE, 0x00, 0x1F, 0xC0, 0x7F, 0x00, 0x1F, 0xC0, 0x7F, 0x80, 0x1F,
  0xC0, 0x3F, 0x80, 0x1F, 0xC0, 0x1F, 0xC0, 0x1F, 0xC0, 0x1F, 0xC0, 0x1F,
  0xC0, 0x1F, 0xE0, 0x1F, 0xC0, 0x0F, 0xE0, 0x1F, 0xC0, 0x0F, 0xF0, 0x1F,
  0xC0, 0x07, 0xF0, 0x1F, 0xC0, 0x07, 0xF8, 0x1F, 0xC0, 0x07, 0xFC, 0xFF,
  0xFE, 0x03, 0xFF, 0xFF, 0xFE, 0x03, 0xFF, 0xFF, 0xFE, 0x01, 0xFF, 0x01,
  0xFF, 0xE0, 0x0F, 0xFF, 0xFC, 0x1F, 0xFF, 0xFC, 0x3F, 0x00, 0xFC, 0x7E,
  0x00, 0x7C, 0x7E, 0x00, 0x7C, 0xFE, 0x00, 0x7C, 0xFE, 0x00, 0x7C, 0xFE,
  0x00, 0x3C, 0xFE, 0x00, 0x3C, 0xFF, 0x00, 0x00, 0xFF, 0x80, 0x00, 0xFF,
  0xC0, 0x00, 0x7F, 0xF0, 0x00, 0x3F, 0xFC, 0x00, 0x3F, 0xFF, 0x00, 0x1F,
  0xFF, 0xC0, 0x0F, 0xFF, 0xF0, 0x03, 0xFF, 0xF8, 0x00, 0xFF, 0xFC, 0x00,
  0x3F, 0xFE, 0x00, 0x0F, 0xFE, 0x00, 0x03, 0xFF, 0x00, 0x01, 0xFF, 0x00,
  0x00, 0xFF, 0xF0, 0x00, 0x7F, 0xF0, 0x00, 0x7F, 0xF0, 0x00, 0x7F, 0xF8,
  0x00, 0x7E, 0xF8, 0x00, 0x7E, 0xF8, 0x00, 0xFC, 0xFC, 0x01, 0xFC, 0xFF,
  0xDF, 0xF8, 0xFF, 0xFF, 0xE0, 0x0F, 0xFF, 0x80, 0x00, 0x60, 0x00, 0x7F,
  0xFF, 0xFF, 0xFE, 0x7F, 0xFF, 0xFF, 0xFE, 0x7F, 0xFF, 0xFF, 0xFE, 0x7C,
  0x0F, 0xE0, 0x3E, 0x7C, 0x0F, 0xE0, 0x3E, 0xF8, 0x0F, 0xE0, 0x3E, 0xF8,
  0x0F, 0xE0, 0x1E, 0xF8, 0x0F, 0xE0, 0x1E, 0xF8, 0x0F, 0xE0, 0x1E, 0xF8,
  0x0F, 0xE0, 0x1E, 0xF0, 0x0F, 0xE0, 0x1F, 0xF0, 0x0F, 0xE0, 0x0F, 0xF0,
  0x0F, 0xE0, 0x0F, 0xF0, 0x0F, 0xE0, 0x0F, 0x00, 0x0F, 0xE0, 0x00, 0x00,
  0x0F, 0xE0, 0x00, 0x00, 0x0F, 0xE0, 0x00, 0x00, 0x0F, 0xE0, 0x00, 0x00,
  0x0F, 0xE0, 0x00, 0x00, 0x0F, 0xE0, 0x00, 0x00, 0x0F, 0xE0, 0x00, 0x00,
  0x0F, 0xE0, 0x00, 0x00, 0x0F, 0xE0, 0x00, 0x00, 0x0F, 0xE0, 0x00, 0x00,
  0x0F, 0xE0, 0x00, 0x00, 0x0F, 0xE0, 0x00, 0x00, 0x0F, 0xE0, 0x00, 0x00,
  0x0F, 0xE0, 0x00, 0x00, 0x0F, 0xE0, 0x00, 0x00, 0x0F, 0xE0, 0x00, 0x00,
  0x0F, 0xE0, 0x00, 0x00, 0x0F, 0xE0, 0x00, 0x03, 0xFF, 0xFF, 0xC0, 0x03,
  0xFF, 0xFF, 0xC0, 0x03, 0xFF, 0xFF, 0xC0, 0xFF, 0xFC, 0x03, 0xFF, 0xFF,
  0xFE, 0x01, 0xFF, 0xFF, 0xFF, 0x00, 0xFF, 0xE7, 0xFC, 0x00, 0x0F, 0xC1,
  0xFC, 0x00, 0x03, 0xC0, 0xFE, 0x00, 0x01, 0xE0, 0x7F, 0x00, 0x00, 0xF0,
  0x3F, 0x80, 0x00, 0x78, 0x1F, 0xC0, 0x00, 0x3C, 0x0F, 0xE0, 0x00, 0x1E,
  0x07, 0xF0, 0x00, 0x0F, 0x03, 0xF8, 0x00, 0x07, 0x81, 0xFC, 0x00, 0x03,
  0xC0, 0xFE, 0x00, 0x01, 0xE0, 0x7F, 0x00, 0x00, 0xF0, 0x3F, 0x80, 0x00,
  0x78, 0x1F, 0xC0, 0x00, 0x3C, 0x0F, 0xE0, 0x00, 0x1E, 0x07, 0xF0, 0x00,
  0x0F, 0x03, 0xF8, 0x00, 0x07, 0x81, 0xFC, 0x00, 0x03, 0xC0, 0xFE, 0x00,
  0x01, 0xE0, 0x7F, 0x00, 0x00, 0xF0, 0x3F, 0x80, 0x00, 0x78, 0x1F, 0xC0,
  0x00, 0x7C, 0x0F, 0xE0, 0x00, 0x3E, 0x03, 0xF8, 0x00, 0x1F, 0x01, 0xFC,
  0x00, 0x0F, 0x00, 0xFE, 0x00, 0x0F, 0x80, 0x3F, 0x80, 0x07, 0x80, 0x1F,
  0xE0, 0x07, 0xC0, 0x07, 0xF8, 0x07, 0xC0, 0x01, 0xFF, 0xFF, 0xC0, 0x00,
  0x3F, 0xFF, 0xC0, 0x00, 0x07, 0xFF, 0x00, 0x00, 0xFF, 0xFC, 0x01, 0xFF,
  0xFF, 0xFF, 0x00, 0x7F, 0xFF, 0xFF, 0xC0, 0x1F, 0xFC, 0xFF, 0x80, 0x00,
  0xFC, 0x1F, 0xE0, 0x00, 0x3E, 0x03, 0xF8, 0x00, 0x0F, 0x80, 0xFE, 0x00,
  0x03, 0xC0, 0x3F, 0xC0, 0x01, 0xF0, 0x07, 0xF0, 0x00, 0x78, 0x01, 0xFC,
  0x00, 0x1E, 0x00, 0x7F, 0x80, 0x0F, 0x80, 0x0F, 0xE0, 0x03, 0xC0, 0x03,
  0xF8, 0x01, 0xF0, 0x00, 0xFF, 0x00, 0x7C, 0x00, 0x1F, 0xC0, 0x1E, 0x00,
  0x07, 0xF0, 0x0F, 0x80, 0x00, 0xFE, 0x03, 0xE0, 0x00, 0x3F, 0x80, 0xF0,
  0x00, 0x0F, 0xE0, 0x7C, 0x00, 0x01, 0xF8, 0x1F, 0x00, 0x00, 0x7F, 0x07,
  0x80, 0x00, 0x1F, 0xC3, 0xE0, 0x00, 0x03, 0xF0, 0xF0, 0x00, 0x00, 0xFE,
  0x3C, 0x00, 0x00, 0x3F, 0x9F, 0x00, 0x00, 0x07, 0xE7, 0x80, 0x00, 0x01,
  0xFD, 0xE0, 0x00, 0x00, 0x3F, 0x78, 0x00, 0x00, 0x0F, 0xFC, 0x00, 0x00,
  0x03, 0xFF, 0x00, 0x00, 0x00, 0x7F, 0xC0, 0x00, 0x00, 0x1F, 0xE0, 0x00,
  0x00, 0x07, 0xF8, 0x00, 0x00, 0x00, 0xFC, 0x00, 0x00, 0x00, 0x3F, 0x00,
  0x00, 0xFF, 0xFC, 0x1F, 0xFF, 0xC3, 0xFF, 0xFF, 0xFF, 0x07, 0xFF, 0xF0,
  0xFF, 0xFF, 0xFF, 0xC1, 0xFF, 0xFC, 0x3F, 0xFC, 0xFF, 0x80, 0x1F, 0xF0,
  0x00, 0xF8, 0x1F, 0xC0, 0x03, 0xF8, 0x00, 0x3C, 0x03, 0xF8, 0x00, 0xFF,
  0x00, 0x0F, 0x00, 0xFE, 0x00, 0x1F, 0xC0, 0x03, 0xC0, 0x3F, 0x80, 0x07,
  0xF0, 0x00, 0xF0, 0x0F, 0xF0, 0x01, 0xFC, 0x00, 0x78, 0x01, 0xFC, 0x00,
  0x7F, 0x80, 0x1E, 0x00, 0x7F, 0x00, 0x3F, 0xE0, 0x07, 0x80, 0x1F, 0xC0,
  0x0F, 0xF8, 0x01, 0xC0, 0x03, 0xF8, 0x03, 0xFF, 0x00, 0xF0, 0x00, 0xFE,
  0x01, 0xFF, 0xC0, 0x3C, 0x00, 0x3F, 0x80, 0x7F, 0xF0, 0x0F, 0x00, 0x07,
  0xE0, 0x1C, 0xFC, 0x07, 0x80, 0x01, 0xFC, 0x07, 0x3F, 0x81, 0xE0, 0x00,
  0x7F, 0x03, 0xCF, 0xE0, 0x78, 0x00, 0x0F, 0xC0, 0xF3, 0xF8, 0x1C, 0x00,
  0x03, 0xF8, 0x38, 0x7E, 0x0F, 0x00, 0x00, 0xFE, 0x1E, 0x1F, 0xC3, 0xC0,
  0x00, 0x3F, 0x87, 0x87, 0xF0, 0xF0, 0x00, 0x07, 0xE1, 0xC0, 0xFC, 0x38,
  0x00, 0x01, 0xFC, 0x70, 0x3F, 0x9E, 0x00, 0x00, 0x7F, 0x3C, 0x0F, 0xE7,
  0x80, 0x00, 0x0F, 0xCF, 0x01, 0xF9, 0xC0, 0x00, 0x03, 0xF3, 0x80, 0x7E,
  0x70, 0x00, 0x00, 0xFE, 0xE0, 0x1F, 0xDC, 0x00, 0x00, 0x1F, 0xF8, 0x07,
  0xFF, 0x00, 0x00, 0x07, 0xFC, 0x00, 0xFF, 0x80, 0x00, 0x01, 0xFF, 0x00,
  0x3F, 0xE0, 0x00, 0x00, 0x3F, 0xC0, 0x0F, 0xF8, 0x00, 0x00, 0x0F, 0xF0,
  0x01, 0xFC, 0x00, 0x00, 0x03, 0xF8, 0x00, 0x7F, 0x00, 0x00, 0x00, 0xFE,
  0x00, 0x1F, 0xC0, 0x00, 0x7F, 0xFF, 0x07, 0xFF, 0x9F, 0xFF, 0xC1, 0xFF,
  0xE7, 0xFF, 0xF0, 0x7F, 0xF8, 0x7F, 0xE0, 0x03, 0xF0, 0x07, 0xF8, 0x00,
  0x78, 0x01, 0xFE, 0x00, 0x3C, 0x00, 0x3F, 0xC0, 0x1E, 0x00, 0x07, 0xF0,
  0x07, 0x80, 0x01, 0xFE, 0x03, 0xC0, 0x00, 0x3F, 0xC0, 0xE0, 0x00, 0x07,
  0xF0, 0x78, 0x00, 0x01, 0xFE, 0x3C, 0x00, 0x00, 0x3F, 0x8E, 0x00, 0x00,
  0x07, 0xF7, 0x00, 0x00, 0x01, 0xFF, 0xC0, 0x00, 0x00, 0x3F, 0xE0, 0x00,
  0x00, 0x07, 0xF0, 0x00, 0x00, 0x01, 0xFE, 0x00, 0x00, 0x00, 0x7F, 0xC0,
  0x00, 0x00, 0x3F, 0xF0, 0x00, 0x00, 0x0E, 0xFE, 0x00, 0x00, 0x07, 0xBF,
  0xC0, 0x00, 0x03, 0xC7, 0xF0, 0x00, 0x00, 0xE1, 0xFE, 0x00, 0x00, 0x78,
  0x3F, 0xC0, 0x00, 0x3C, 0x07, 0xF0, 0x00, 0x0F, 0x01, 0xFE, 0x00, 0x07,
  0x80, 0x3F, 0xC0, 0x03, 0xC0, 0x0F, 0xF0, 0x00, 0xF0, 0x01, 0xFE, 0x00,
  0x78, 0x00, 0x3F, 0xC0, 0x3E, 0x00, 0x0F, 0xF0, 0xFF, 0xF8, 0x3F, 0xFF,
  0xFF, 0xFE, 0x0F, 0xFF, 0xFF, 0xFF, 0x83, 0xFF, 0xFC, 0xFF, 0xFC, 0x07,
  0xFF, 0xFF, 0xFC, 0x07, 0xFF, 0xFF, 0xFC, 0x07, 0xFF, 0x3F, 0xE0, 0x00,
  0xFC, 0x1F, 0xE0, 0x00, 0xF8, 0x0F, 0xF0, 0x00, 0xF0, 0x0F, 0xF0, 0x01,
  0xF0, 0x07, 0xF8, 0x01, 0xE0, 0x03, 0xF8, 0x03, 0xE0, 0x03, 0xFC, 0x03,
  0xC0, 0x01, 0xFC, 0x07, 0xC0, 0x01, 0xFE, 0x07, 0x80, 0x00, 0xFE, 0x0F,
  0x80, 0x00, 0xFF, 0x0F, 0x00, 0x00, 0x7F, 0x1F, 0x00, 0x00, 0x7F, 0x9E,
  0x00, 0x00, 0x3F, 0x9C, 0x00, 0x00, 0x1F, 0xBC, 0x00, 0x00, 0x1F, 0xF8,
  0x00, 0x00, 0x0F, 0xF8, 0x00, 0x00, 0x0F, 0xF0, 0x00, 0x00, 0x07, 0xF0,
  0x00, 0x00, 0x07, 0xF0, 0x00, 0x00, 0x07, 0xF0, 0x00, 0x00, 0x07, 0xF0,
  0x00, 0x00, 0x07, 0xF0, 0x00, 0x00, 0x07, 0xF0, 0x00, 0x00, 0x07, 0xF0,
  0x00, 0x00, 0x07, 0xF0, 0x00, 0x00, 0x07, 0xF0, 0x00, 0x00, 0x07, 0xF0,
  0x00, 0x00, 0x07, 0xF0, 0x00, 0x00, 0xFF, 0xFF, 0x80, 0x00, 0xFF, 0xFF,
  0x80, 0x00, 0xFF, 0xFF, 0x80, 0x1F, 0xFF, 0xFF, 0xE1, 0xFF, 0xFF, 0xFE,
  0x1F, 0xFF, 0xFF, 0xF3, 0xF0, 0x00, 0xFE, 0x3E, 0x00, 0x1F, 0xE3, 0xE0,
  0x03, 0xFC, 0x3E, 0x00, 0x7F, 0x83, 0xC0, 0x0F, 0xF8, 0x3C, 0x00, 0xFF,
  0x01, 0x80, 0x1F, 0xE0, 0x00, 0x01, 0xFE, 0x00, 0x00, 0x3F, 0xC0, 0x00,
  0x07, 0xF8, 0x00, 0x00, 0x7F, 0x80, 0x00, 0x0F, 0xF0, 0x00, 0x01, 0xFE,
  0x00, 0x00, 0x1F, 0xE0, 0x00, 0x03, 0xFC, 0x00, 0x00, 0x7F, 0x80, 0x00,
  0x07, 0xF8, 0x00, 0x00, 0xFF, 0x00, 0x00, 0x1F, 0xE0, 0x00, 0x01, 0xFE,
  0x00, 0x00, 0x3F, 0xC0, 0x00, 0x07, 0xF8, 0x00, 0xF0, 0x7F, 0x80, 0x0F,
  0x0F, 0xF0, 0x00, 0xF1, 0xFE, 0x00, 0x1F, 0x1F, 0xE0, 0x01, 0xF3, 0xFC,
  0x00, 0x1F, 0x7F, 0x80, 0x03, 0xF7, 0xF0, 0x07, 0xFF, 0xFF, 0xFF, 0xFF,
  0xEF, 0xFF, 0xFF, 0xFE, 0x7F, 0xFF, 0xFF, 0xE0, 0x1F, 0x0F, 0xFF, 0xFF,
  0xFF, 0xFF, 0x81, 0xF0, 0x3E, 0x07, 0xC0, 0xF8, 0x1F, 0x03, 0xE0, 0x7C,
  0x0F, 0x81, 0xF0, 0x3E, 0x07, 0xC0, 0xF8, 0x1F, 0x03, 0xE0, 0x7C, 0x0F,
  0x81, 0xF0, 0x3E, 0x07, 0xC0, 0xF8, 0x1F, 0x03, 0xE0, 0x7C, 0x0F, 0x81,
  0xF0, 0x3E, 0x07, 0xC0, 0xF8, 0x1F, 0x03, 0xE0, 0x7C, 0x0F, 0x81, 0xF0,
  0x3E, 0x07, 0xC0, 0xF8, 0x1F, 0xFF, 0xFF, 0xBF, 0xF0, 0xF8, 0x00, 0x7C,
  0x00, 0x1E, 0x00, 0x0F, 0x80, 0x07, 0xC0, 0x03, 0xE0, 0x00, 0xF0, 0x00,
  0x7C, 0x00, 0x3E, 0x00, 0x1F, 0x00, 0x07, 0xC0, 0x03, 0xE0, 0x01, 0xF0,
  0x00, 0x78, 0x00, 0x3E, 0x00, 0x1F, 0x00, 0x0F, 0x80, 0x03, 0xC0, 0x01,
  0xF0, 0x00, 0xF8, 0x00, 0x7C, 0x00, 0x1F, 0x00, 0x0F, 0x80, 0x07, 0xC0,
  0x01, 0xE0, 0x00, 0xF8, 0x00, 0x7C, 0x00, 0x3E, 0x00, 0x0F, 0x00, 0x07,
  0xC0, 0x03, 0xE0, 0x01, 0xF0, 0x00, 0x7C, 0x00, 0x3E, 0x00, 0x1F, 0x00,
  0x07, 0x80, 0x03, 0xE0, 0x01, 0xF0, 0x00, 0xF8, 0x00, 0x3C, 0x00, 0x1F,
  0x00, 0x0F, 0x80, 0x07, 0xC0, 0x01, 0xF0, 0x00, 0xF8, 0x1F, 0x1F, 0xFB,
  0xFF, 0xFF, 0xF0, 0x3E, 0x07, 0xC0, 0xF8, 0x1F, 0x03, 0xE0, 0x7C, 0x0F,
  0x81, 0xF0, 0x3E, 0x07, 0xC0, 0xF8, 0x1F, 0x03, 0xE0, 0x7C, 0x0F, 0x81,
  0xF0, 0x3E, 0x07, 0xC0, 0xF8, 0x1F, 0x03, 0xE0, 0x7C, 0x0F, 0x81, 0xF0,
  0x3E, 0x07, 0xC0, 0xF8, 0x1F, 0x03, 0xE0, 0x7C, 0x0F, 0x81, 0xF0, 0x3E,
  0x07, 0xC0, 0xF8, 0x1F, 0x03, 0xFF, 0xFF, 0xFF, 0xFF, 0xE0, 0x00, 0x7C,
  0x00, 0x00, 0x7E, 0x00, 0x00, 0xFE, 0x00, 0x00, 0xFE, 0x00, 0x00, 0xFF,
  0x00, 0x01, 0xFF, 0x00, 0x01, 0xFF, 0x00, 0x01, 0xEF, 0x80, 0x03, 0xEF,
  0x80, 0x03, 0xEF, 0x80, 0x03, 0xC7, 0xC0, 0x07, 0xC7, 0xC0, 0x07, 0xC7,
  0xC0, 0x07, 0x83, 0xE0, 0x0F, 0x83, 0xE0, 0x0F, 0x83, 0xE0, 0x0F, 0x81,
  0xF0, 0x1F, 0x01, 0xF0, 0x1F, 0x01, 0xF0, 0x1F, 0x00, 0xF0, 0x3E, 0x00,
  0xF8, 0x3E, 0x00, 0xF8, 0x3E, 0x00, 0xF8, 0x7C, 0x00, 0x7C, 0x7C, 0x00,
  0x7C, 0x7C, 0x00, 0x7C, 0x78, 0x00, 0x3E, 0xF8, 0x00, 0x3E, 0xF8, 0x00,
  0x3F, 0xFF, 0xFF, 0xFF, 0xFF, 0xFF, 0xFF, 0x08, 0x01, 0x80, 0x3C, 0x0F,
  0xE0, 0x7F, 0x03, 0xF8, 0x3F, 0xC1, 0xFC, 0x07, 0xE0, 0x3F, 0x01, 0xF0,
  0x06, 0x00, 0x3E, 0x00, 0x03, 0xFF, 0xC0, 0x1F, 0xFF, 0xF0, 0x3F, 0xFF,
  0xF0, 0x7F, 0xFF, 0xF8, 0x3C, 0x03, 0xF8, 0x20, 0x01, 0xF8, 0x00, 0x01,
  0xFC, 0x00, 0x01, 0xFC, 0x00, 0x01, 0xFC, 0x00, 0x01, 0xFC, 0x00, 0x3F,
  0xFC, 0x03, 0xFF, 0xFC, 0x0F, 0xFF, 0xFC, 0x3F, 0xE1, 0xFC, 0x7F, 0x81,
  0xFC, 0x7F, 0x01, 0xFC, 0xFE, 0x01, 0xFC, 0xFE, 0x01, 0xFC, 0xFE, 0x01,
  0xFC, 0xFE, 0x01, 0xFC, 0xFF, 0x01, 0xFC, 0xFF, 0x03, 0xFC, 0x7F, 0xCF,
  0xFC, 0x7F, 0xFE, 0xFF, 0x3F, 0xFC, 0xFF, 0x0F, 0xF0, 0xFF, 0x01, 0x80,
  0x00, 0x00, 0x80, 0x00, 0x1F, 0xF8, 0x00, 0x03, 0xFF, 0x00, 0x00, 0x7F,
  0xE0, 0x00, 0x01, 0xFC, 0x00, 0x00, 0x1F, 0x80, 0x00, 0x03, 0xF0, 0x00,
  0x00, 0x7E, 0x00, 0x00, 0x0F, 0xC0, 0x00, 0x01, 0xF8, 0x00, 0x00, 0x3F,
  0x00, 0x00, 0x07, 0xE0, 0x00, 0x00, 0xFC, 0x1F, 0x00, 0x1F, 0x9F, 0xF8,
  0x03, 0xF7, 0xFF, 0xC0, 0x7F, 0xFF, 0xFC, 0x0F, 0xFC, 0xFF, 0x81, 0xFC,
  0x07, 0xF8, 0x3F, 0x00, 0x7F, 0x07, 0xE0, 0x0F, 0xF0, 0xFC, 0x00, 0xFE,
  0x1F, 0x80, 0x1F, 0xC3, 0xF0, 0x03, 0xF8, 0x7E, 0x00, 0x7F, 0x0F, 0xC0,
  0x0F, 0xE1, 0xF8, 0x01, 0xFC, 0x3F, 0x00, 0x3F, 0x87, 0xE0, 0x07, 0xF0,
  0xFC, 0x00, 0xFE, 0x1F, 0x80, 0x1F, 0xC3, 0xF0, 0x03, 0xF0, 0x7E, 0x00,
  0x7E, 0x0F, 0xC0, 0x1F, 0xC1, 0xF8, 0x03, 0xF0, 0x3F, 0x00, 0xFC, 0x07,
  0xE0, 0x3F, 0x00, 0xFF, 0x1F, 0xC0, 0x1F, 0xFF, 0xF0, 0x01, 0xFF, 0xF8,
  0x00, 0x00, 0xA0, 0x00, 0x00, 0x1F, 0x80, 0x03, 0xFF, 0xE0, 0x3F, 0xFF,
  0x81, 0xFC, 0xFE, 0x0F, 0xC0, 0xF8, 0x7E, 0x03, 0xE3, 0xF8, 0x0F, 0x8F,
  0xC0, 0x3E, 0x7F, 0x00, 0x79, 0xFC, 0x01, 0xE7, 0xF0, 0x00, 0x1F, 0xC0,
  0x00, 0xFF, 0x00, 0x03, 0xF8, 0x00, 0x0F, 0xF0, 0x00, 0x3F, 0xC0, 0x00,
  0xFF, 0x00, 0x01, 0xFC, 0x00, 0x07, 0xF0, 0x00, 0x1F, 0xE0, 0x00, 0x7F,
  0x80, 0x00, 0xFF, 0x00, 0x23, 0xFE, 0x01, 0x87, 0xFF, 0xFF, 0x0F, 0xFF,
  0xF8, 0x1F, 0xFF, 0xC0, 0x1F, 0xFC, 0x00, 0x02, 0x00, 0x00, 0x00, 0x02,
  0x00, 0x00, 0xFF, 0xE0, 0x00, 0x1F, 0xFC, 0x00, 0x03, 0xFF, 0x80, 0x00,
  0x07, 0xF0, 0x00, 0x00, 0x7E, 0x00, 0x00, 0x0F, 0xC0, 0x00, 0x01, 0xF8,
  0x00, 0x00, 0x3F, 0x00, 0x00, 0x07, 0xE0, 0x00, 0x00, 0xFC, 0x00, 0x00,
  0x1F, 0x80, 0x01, 0xFB, 0xF0, 0x01, 0xFF, 0xFE, 0x00, 0xFF, 0xFF, 0xC0,
  0x3F, 0x87, 0xF8, 0x0F, 0xE0, 0x3F, 0x03, 0xF8, 0x07, 0xE0, 0x7E, 0x00,
  0xFC, 0x1F, 0xC0, 0x1F, 0x83, 0xF0, 0x03, 0xF0, 0xFE, 0x00, 0x7E, 0x1F,
  0xC0, 0x0F, 0xC3, 0xF8, 0x01, 0xF8, 0x7F, 0x00, 0x3F, 0x1F, 0xE0, 0x07,
  0xE3, 0xFC, 0x00, 0xFC, 0x7F, 0x80, 0x1F, 0x87, 0xF0, 0x03, 0xF0, 0xFE,
  0x00, 0x7E, 0x1F, 0xC0, 0x0F, 0xC3, 0xF8, 0x01, 0xF8, 0x7F, 0x80, 0x3F,
  0x07, 0xF0, 0x07, 0xE0, 0xFF, 0x01, 0xFC, 0x0F, 0xFD, 0xFF, 0x80, 0xFF,
  0xFF, 0xFE, 0x0F, 0xFF, 0x7F, 0xC0, 0xFF, 0x87, 0xF8, 0x01, 0x00, 0x60,
  0x00, 0x3F, 0x00, 0x03, 0xFF, 0xC0, 0x1F, 0xFF, 0xC0, 0x7F, 0x3F, 0xC1,
  0xF8, 0x1F, 0xC3, 0xE0, 0x1F, 0x8F, 0xC0, 0x3F, 0x1F, 0x80, 0x7F, 0x7F,
  0x00, 0xFE, 0xFC, 0x01, 0xFD, 0xF8, 0x03, 0xFB, 0xFF, 0xFF, 0xFF, 0xFF,
  0xFF, 0xFF, 0xFF, 0xFF, 0xFF, 0x80, 0x00, 0x7F, 0x00, 0x00, 0x7F, 0x00,
  0x00, 0xFE, 0x00, 0x01, 0xFC, 0x00, 0x03, 0xF8, 0x00, 0x07, 0xF8, 0x00,
  0x07, 0xF8, 0x00, 0x8F, 0xF8, 0x07, 0x0F, 0xFF, 0xFF, 0x0F, 0xFF, 0xFC,
  0x0F, 0xFF, 0xE0, 0x07, 0xFF, 0x00, 0x00, 0xC0, 0x00, 0x00, 0x0F, 0xE0,
  0x07, 0xFC, 0x03, 0xFF, 0x80, 0xFF, 0xF0, 0x1F, 0xFE, 0x07, 0xE0, 0x41,
  0xF8, 0x00, 0x3F, 0x00, 0x07, 0xE0, 0x01, 0xFC, 0x00, 0x3F, 0x80, 0x07,
  0xF0, 0x00, 0xFE, 0x00, 0x7F, 0xFF, 0x3F, 0xFF, 0xE7, 0xFF, 0xFC, 0xFF,
  0xFF, 0x81, 0xFC, 0x00, 0x3F, 0x80, 0x07, 0xF0, 0x00, 0xFE, 0x00, 0x1F,
  0xC0, 0x03, 0xF8, 0x00, 0x7F, 0x00, 0x0F, 0xE0, 0x01, 0xFC, 0x00, 0x3F,
  0x80, 0x07, 0xF0, 0x00, 0xFE, 0x00, 0x1F, 0xC0, 0x03, 0xF8, 0x00, 0x7F,
  0x00, 0x0F, 0xE0, 0x01, 0xFC, 0x00, 0x3F, 0x80, 0x07, 0xF0, 0x07, 0xFF,
  0xF0, 0xFF, 0xFE, 0x1F, 0xFF, 0xC0, 0x00, 0x3F, 0x80, 0xF0, 0x1F, 0xFF,
  0x3F, 0x07, 0xFF, 0xFF, 0xF0, 0xFE, 0x1F, 0xFF, 0x1F, 0x80, 0xFF, 0xF3,
  0xF8, 0x0F, 0xE0, 0x3F, 0x00, 0x7E, 0x07, 0xF0, 0x07, 0xE0, 0x7F, 0x00,
  0x7F, 0x07, 0xF0, 0x07, 0xF0, 0x7F, 0x00, 0x7E, 0x07, 0xF0, 0x07, 0xE0,
  0x3F, 0x80, 0xFE, 0x03, 0xF8, 0x0F, 0xC0, 0x1F, 0xC1, 0xF8, 0x00, 0xFF,
  0xFF, 0x00, 0x07, 0xFF, 0xE0, 0x00, 0x7F, 0xF0, 0x00, 0x0F, 0x00, 0x00,
  0x01, 0xE0, 0x00, 0x00, 0x1E, 0x00, 0x00, 0x01, 0xF0, 0x00, 0x00, 0x1F,
  0xC0, 0x00, 0x01, 0xFF, 0xFF, 0xE0, 0x1F, 0xFF, 0xFF, 0x80, 0xFF, 0xFF,
  0xFC, 0x0F, 0xFF, 0xFF, 0xC3, 0xF0, 0x07, 0xFE, 0x7E, 0x00, 0x0F, 0xE7,
  0xE0, 0x00, 0xFE, 0xFE, 0x00, 0x0F, 0xEF, 0xE0, 0x00, 0xFE, 0xFE, 0x00,
  0x0F, 0xEF, 0xE0, 0x00, 0xFC, 0x7F, 0x00, 0x1F, 0x87, 0xF8, 0x07, 0xF0,
  0x3F, 0xFF, 0xFE, 0x01, 0xFF, 0xFF, 0xC0, 0x07, 0xFF, 0xE0, 0x00, 0x07,
  0xE0, 0x00, 0x00, 0x80, 0x00, 0x03, 0xFF, 0x00, 0x00, 0x0F, 0xFC, 0x00,
  0x00, 0x3F, 0xF0, 0x00, 0x00, 0x1F, 0xC0, 0x00, 0x00, 0x7F, 0x00, 0x00,
  0x01, 0xFC, 0x00, 0x00, 0x07, 0xF0, 0x00, 0x00, 0x1F, 0xC0, 0x00, 0x00,
  0x7F, 0x00, 0x00, 0x01, 0xFC, 0x00, 0x00, 0x07, 0xF0, 0x00, 0x00, 0x1F,
  0xC0, 0x78, 0x00, 0x7F, 0x0F, 0xFC, 0x01, 0xFC, 0xFF, 0xF8, 0x07, 0xFF,
  0xFF, 0xE0, 0x1F, 0xFE, 0x7F, 0xC0, 0x7F, 0xC0, 0x7F, 0x01, 0xFC, 0x01,
  0xFC, 0x07, 0xF0, 0x03, 0xF0, 0x1F, 0xC0, 0x0F, 0xC0, 0x7F, 0x00, 0x3F,
  0x81, 0xFC, 0x00, 0xFE, 0x07, 0xF0, 0x03, 0xF8, 0x1F, 0xC0, 0x0F, 0xE0,
  0x7F, 0x00, 0x3F, 0x81, 0xFC, 0x00, 0xFE, 0x07, 0xF0, 0x03, 0xF8, 0x1F,
  0xC0, 0x0F, 0xE0, 0x7F, 0x00, 0x3F, 0x81, 0xFC, 0x00, 0xFE, 0x07, 0xF0,
  0x03, 0xF8, 0x1F, 0xC0, 0x0F, 0xE0, 0x7F, 0x00, 0x3F, 0x81, 0xFC, 0x00,
  0xFE, 0x07, 0xF0, 0x03, 0xF8, 0x7F, 0xF8, 0x7F, 0xFD, 0xFF, 0xE1, 0xFF,
  0xF7, 0xFF, 0x87, 0xFF, 0xC0, 0x0F, 0x80, 0xFC, 0x0F, 0xF0, 0x7F, 0x83,
  0xFC, 0x0F, 0xE0, 0x7E, 0x00, 0xC0, 0x00, 0x00, 0x00, 0x00, 0x00, 0x03,
  0x0F, 0xFC, 0x7F, 0xE3, 0xFF, 0x1F, 0xF8, 0x1F, 0xC0, 0xFE, 0x07, 0xF0,
  0x3F, 0x81, 0xFC, 0x0F, 0xE0, 0x7F, 0x03, 0xF8, 0x1F, 0xC0, 0xFE, 0x07,
  0xF0, 0x3F, 0x81, 0xFC, 0x0F, 0xE0, 0x7F, 0x03, 0xF8, 0x1F, 0xC0, 0xFE,
  0x07, 0xF1, 0xFF, 0xFF, 0xFF, 0xFF, 0xFC, 0x03, 0xE0, 0x7E, 0x0F, 0xF0,
  0xFF, 0x0F, 0xF0, 0x7F, 0x07, 0xE0, 0x18, 0x00, 0x00, 0x00, 0x00, 0x00,
  0x06, 0x3F, 0xF3, 0xFF, 0x3F, 0xF3, 0xFF, 0x07, 0xF0, 0x7F, 0x07, 0xF0,
  0x7F, 0x07, 0xF0, 0x7F, 0x07, 0xF0, 0x7F, 0x07, 0xF0, 0x7F, 0x07, 0xF0,
  0x7F, 0x07, 0xF0, 0x7F, 0x07, 0xF0, 0x7F, 0x07, 0xF0, 0x7F, 0x07, 0xF0,
  0x7F, 0x07, 0xF0, 0x7F, 0x07, 0xF0, 0x7F, 0x07, 0xF0, 0x7E, 0x07, 0xE0,
  0xFE, 0x0F, 0xC1, 0xFC, 0xFF, 0x8F, 0xF0, 0xFC, 0x00, 0x00, 0x80, 0x00,
  0x07, 0xFE, 0x00, 0x00, 0x3F, 0xF0, 0x00, 0x01, 0xFF, 0x80, 0x00, 0x03,
  0xFC, 0x00, 0x00, 0x0F, 0xE0, 0x00, 0x00, 0x7F, 0x00, 0x00, 0x03, 0xF8,
  0x00, 0x00, 0x1F, 0xC0, 0x00, 0x00, 0xFE, 0x00, 0x00, 0x07, 0xF0, 0x00,
  0x00, 0x3F, 0x80, 0x00, 0x01, 0xFC, 0x00, 0x00, 0x0F, 0xE0, 0x7F, 0xF8,
  0x7F, 0x03, 0xFF, 0xC3, 0xF8, 0x1F, 0xFE, 0x1F, 0xC0, 0x1F, 0x00, 0xFE,
  0x01, 0xF0, 0x07, 0xF0, 0x1F, 0x00, 0x3F, 0x81, 0xF0, 0x01, 0xFC, 0x1F,
  0x00, 0x0F, 0xE1, 0xF0, 0x00, 0x7F, 0x1F, 0x80, 0x03, 0xF9, 0xFC, 0x00,
  0x1F, 0xDF, 0xF0, 0x00, 0xFE, 0xFF, 0x80, 0x07, 0xFF, 0xFE, 0x00, 0x3F,
  0xF3, 0xF8, 0x01, 0xFF, 0x1F, 0xC0, 0x0F, 0xF0, 0x7F, 0x00, 0x7F, 0x03,
  0xFC, 0x03, 0xF8, 0x0F, 0xE0, 0x1F, 0xC0, 0x7F, 0x80, 0xFE, 0x01, 0xFC,
  0x07, 0xF0, 0x07, 0xF0, 0x3F, 0x80, 0x3F, 0xC7, 0xFF, 0x87, 0xFF, 0xBF,
  0xFC, 0x3F, 0xFD, 0xFF, 0xE1, 0xFF, 0xE0, 0x00, 0x87, 0xFE, 0x3F, 0xF1,
  0xFF, 0x81, 0xFC, 0x0F, 0xE0, 0x7F, 0x03, 0xF8, 0x1F, 0xC0, 0xFE, 0x07,
  0xF0, 0x3F, 0x81, 0xFC, 0x0F, 0xE0, 0x7F, 0x03, 0xF8, 0x1F, 0xC0, 0xFE,
  0x07, 0xF0, 0x3F, 0x81, 0xFC, 0x0F, 0xE0, 0x7F, 0x03, 0xF8, 0x1F, 0xC0,
  0xFE, 0x07, 0xF0, 0x3F, 0x81, 0xFC, 0x0F, 0xE0, 0x7F, 0x03, 0xF8, 0x1F,
  0xC0, 0xFE, 0x07, 0xF0, 0x3F, 0x8F, 0xFF, 0xFF, 0xFF, 0xFF, 0xE0, 0x03,
  0x00, 0x70, 0x00, 0xF0, 0x07, 0xF8, 0x3F, 0xF0, 0x7F, 0xE0, 0x3F, 0xE7,
  0xFF, 0xCF, 0xFF, 0xC1, 0xFF, 0x7F, 0xFF, 0xFF, 0xFE, 0x0F, 0xFF, 0xCF,
  0xFF, 0xCF, 0xF8, 0x0F, 0xF0, 0x1F, 0xF0, 0x1F, 0xC0, 0x7F, 0x00, 0x7E,
  0x00, 0xFE, 0x03, 0xF0, 0x03, 0xF8, 0x07, 0xF0, 0x1F, 0x80, 0x1F, 0xC0,
  0x1F, 0x80, 0xFC, 0x00, 0xFE, 0x00, 0xFC, 0x07, 0xE0, 0x07, 0xF0, 0x07,
  0xE0, 0x3F, 0x00, 0x3F, 0x80, 0x3F, 0x01, 0xF8, 0x01, 0xFC, 0x01, 0xF8,
  0x0F, 0xC0, 0x0F, 0xE0, 0x0F, 0xC0, 0x7E, 0x00, 0x7F, 0x00, 0x7E, 0x03,
  0xF0, 0x03, 0xF8, 0x03, 0xF0, 0x1F, 0x80, 0x1F, 0xC0, 0x1F, 0x80, 0xFC,
  0x00, 0xFE, 0x00, 0xFC, 0x07, 0xE0, 0x07, 0xF0, 0x07, 0xE0, 0x3F, 0x00,
  0x3F, 0x80, 0x3F, 0x01, 0xF8, 0x01, 0xFC, 0x01, 0xF8, 0x0F, 0xC0, 0x0F,
  0xE0, 0x0F, 0xC0, 0x7E, 0x00, 0x7F, 0x00, 0x7E, 0x03, 0xF0, 0x03, 0xF8,
  0x03, 0xF0, 0xFF, 0xF0, 0xFF, 0xF8, 0xFF, 0xFF, 0xFF, 0x87, 0xFF, 0xC7,
  0xFF, 0xFF, 0xFC, 0x3F, 0xFE, 0x3F, 0xFE, 0x03, 0x00, 0xF0, 0x07, 0xFC,
  0x3F, 0xF0, 0x3F, 0xE7, 0xFF, 0xC1, 0xFF, 0x7F, 0xFF, 0x0F, 0xFF, 0xCF,
  0xF8, 0x0F, 0xF0, 0x1F, 0xE0, 0x7F, 0x00, 0x7F, 0x03, 0xF0, 0x03, 0xF8,
  0x1F, 0x80, 0x1F, 0xC0, 0xFC, 0x00, 0xFE, 0x07, 0xE0, 0x07, 0xF0, 0x3F,
  0x00, 0x3F, 0x81, 0xF8, 0x01, 0xFC, 0x0F, 0xC0, 0x0F, 0xE0, 0x7E, 0x00,
  0x7F, 0x03, 0xF0, 0x03, 0xF8, 0x1F, 0x80, 0x1F, 0xC0, 0xFC, 0x00, 0xFE,
  0x07, 0xE0, 0x07, 0xF0, 0x3F, 0x00, 0x3F, 0x81, 0xF8, 0x01, 0xFC, 0x0F,
  0xC0, 0x0F, 0xE0, 0x7E, 0x00, 0x7F, 0x03, 0xF0, 0x03, 0xF8, 0xFF, 0xF0,
  0x7F, 0xFF, 0xFF, 0x83, 0xFF, 0xFF, 0xFC, 0x1F, 0xFE, 0x00, 0x3F, 0x00,
  0x00, 0x7F, 0xF8, 0x00, 0x3F, 0xFF, 0x80, 0x3F, 0xC7, 0xF0, 0x0F, 0xC0,
  0xFE, 0x07, 0xE0, 0x1F, 0xC3, 0xF8, 0x07, 0xF0, 0xFC, 0x00, 0xFE, 0x7F,
  0x00, 0x3F, 0x9F, 0xC0, 0x0F, 0xE7, 0xF0, 0x03, 0xFB, 0xFC, 0x00, 0xFF,
  0xFF, 0x00, 0x3F, 0xFF, 0xC0, 0x0F, 0xFF, 0xF0, 0x03, 0xFF, 0xFC, 0x00,
  0xFF, 0xFF, 0x00, 0x3F, 0xDF, 0xC0, 0x0F, 0xE7, 0xF0, 0x03, 0xF9, 0xFC,
  0x00, 0xFE, 0x7F, 0x00, 0x3F, 0x0F, 0xE0, 0x1F, 0xC1, 0xF8, 0x07, 0xE0,
  0x7F, 0x03, 0xF0, 0x0F, 0xFF, 0xF8, 0x01, 0xFF, 0xFC, 0x00, 0x1F, 0xFC,
  0x00, 0x00, 0x70, 0x00, 0x01, 0x81, 0xF0, 0x1F, 0xF9, 0xFF, 0x83, 0xFF,
  0x7F, 0xFC, 0x7F, 0xFF, 0xFF, 0xC7, 0xFF, 0x8F, 0xF8, 0x1F, 0xC0, 0x7F,
  0x83, 0xF0, 0x07, 0xF0, 0x7E, 0x00, 0xFF, 0x0F, 0xC0, 0x0F, 0xE1, 0xF8,
  0x01, 0xFC, 0x3F, 0x00, 0x3F, 0x87, 0xE0, 0x07, 0xF0, 0xFC, 0x00, 0xFE,
  0x1F, 0x80, 0x1F, 0xC3, 0xF0, 0x03, 0xF8, 0x7E, 0x00, 0x7F, 0x0F, 0xC0,
  0x0F, 0xE1, 0xF8, 0x01, 0xFC, 0x3F, 0x00, 0x3F, 0x07, 0xE0, 0x07, 0xE0,
  0xFC, 0x01, 0xFC, 0x1F, 0x80, 0x3F, 0x03, 0xF0, 0x0F, 0xC0, 0x7E, 0x03,
  0xF8, 0x0F, 0xF9, 0xFE, 0x01, 0xFF, 0xFF, 0x00, 0x3F, 0xFF, 0x80, 0x07,
  0xE2, 0x00, 0x00, 0xFC, 0x00, 0x00, 0x1F, 0x80, 0x00, 0x03, 0xF0, 0x00,
  0x00, 0x7E, 0x00, 0x00, 0x0F, 0xC0, 0x00, 0x01, 0xF8, 0x00, 0x00, 0x3F,
  0x00, 0x00, 0x3F, 0xFC, 0x00, 0x0F, 0xFF, 0xC0, 0x01, 0xFF, 0xF8, 0x00,
  0x00, 0x00, 0x1F, 0x81, 0x00, 0x0F, 0xFF, 0xF0, 0x03, 0xFF, 0xFF, 0x00,
  0x7F, 0x07, 0xF0, 0x0F, 0xC0, 0x3F, 0x01, 0xFC, 0x03, 0xF0, 0x1F, 0x80,
  0x3F, 0x03, 0xF0, 0x03, 0xF0, 0x3F, 0x00, 0x3F, 0x07, 0xF0, 0x03, 0xF0,
  0x7F, 0x00, 0x3F, 0x07, 0xF0, 0x03, 0xF0, 0x7F, 0x00, 0x3F, 0x0F, 0xF0,
  0x03, 0xF0, 0xFF, 0x00, 0x3F, 0x0F, 0xF0, 0x03, 0xF0, 0x7F, 0x00, 0x3F,
  0x07, 0xF0, 0x03, 0xF0, 0x7F, 0x00, 0x3F, 0x07, 0xF0, 0x03, 0xF0, 0x7F,
  0x80, 0x3F, 0x03, 0xF8, 0x03, 0xF0, 0x3F, 0xC0, 0x7F, 0x01, 0xFF, 0x3F,
  0xF0, 0x0F, 0xFF, 0xFF, 0x00, 0x7F, 0xFB, 0xF0, 0x03, 0xFE, 0x3F, 0x00,
  0x02, 0x03, 0xF0, 0x00, 0x00, 0x3F, 0x00, 0x00, 0x03, 0xF0, 0x00, 0x00,
  0x3F, 0x00, 0x00, 0x03, 0xF0, 0x00, 0x00, 0x3F, 0x00, 0x00, 0x03, 0xF0,
  0x00, 0x00, 0x3F, 0x00, 0x00, 0x1F, 0xFC, 0x00, 0x07, 0xFF, 0xF0, 0x00,
  0x7F, 0xFF, 0x07, 0x00, 0xDF, 0xE0, 0xFF, 0xFC, 0x7F, 0xFF, 0x9F, 0xFF,
  0xF3, 0xFE, 0x3E, 0xFF, 0xC7, 0xFF, 0xF8, 0xFF, 0x81, 0x1F, 0xC0, 0x03,
  0xF0, 0x00, 0x7E, 0x00, 0x0F, 0xC0, 0x01, 0xF8, 0x00, 0x3F, 0x00, 0x07,
  0xE0, 0x00, 0xFC, 0x00, 0x1F, 0x80, 0x03, 0xF0, 0x00, 0x7E, 0x00, 0x0F,
  0xC0, 0x01, 0xF8, 0x00, 0x3F, 0x00, 0x07, 0xE0, 0x00, 0xFC, 0x00, 0xFF,
  0xFE, 0x1F, 0xFF, 0xC3, 0xFF, 0xF8, 0x00, 0x00, 0xF8, 0x00, 0x3F, 0xFE,
  0x07, 0xFF, 0xF8, 0x7E, 0x0F, 0xC7, 0xE0, 0x3E, 0x3F, 0x00, 0xF3, 0xF0,
  0x07, 0x9F, 0xC0, 0x3C, 0xFE, 0x00, 0x07, 0xFC, 0x00, 0x1F, 0xF8, 0x00,
  0xFF, 0xF0, 0x03, 0xFF, 0xE0, 0x0F, 0xFF, 0xC0, 0x3F, 0xFF, 0x00, 0x7F,
  0xFC, 0x00, 0xFF, 0xF0, 0x01, 0xFF, 0x80, 0x03, 0xFD, 0xE0, 0x0F, 0xFF,
  0x00, 0x3F, 0x7C, 0x01, 0xFB, 0xE0, 0x0F, 0xDF, 0x80, 0xFC, 0xFF, 0x1F,
  0xE7, 0xFF, 0xFE, 0x07, 0xFF, 0xC0, 0x00, 0xC0, 0x00, 0x07, 0x80, 0x03,
  0xC0, 0x01, 0xE0, 0x01, 0xF0, 0x00, 0xF8, 0x00, 0x7C, 0x00, 0x7E, 0x00,
  0xFF, 0xFE, 0xFF, 0xFF, 0x7F, 0xFF, 0xBF, 0xFF, 0xC3, 0xF8, 0x01, 0xFC,
  0x00, 0xFE, 0x00, 0x7F, 0x00, 0x3F, 0x80, 0x1F, 0xC0, 0x0F, 0xE0, 0x07,
  0xF0, 0x03, 0xF8, 0x01, 0xFC, 0x00, 0xFE, 0x00, 0x7F, 0x00, 0x3F, 0x80,
  0x1F, 0xC0, 0x0F, 0xE0, 0x07, 0xF0, 0x03, 0xF8, 0x01, 0xFC, 0x08, 0xFF,
  0xFC, 0x7F, 0xFE, 0x1F, 0xFE, 0x07, 0xFC, 0x00, 0x03, 0x80, 0x07, 0x0F,
  0xF8, 0x1F, 0xF8, 0xFF, 0x81, 0xFF, 0x8F, 0xF8, 0x1F, 0xF8, 0x1F, 0x80,
  0x3F, 0x81, 0xF8, 0x03, 0xF8, 0x1F, 0x80, 0x3F, 0x81, 0xF8, 0x03, 0xF8,
  0x1F, 0x80, 0x3F, 0x81, 0xF8, 0x03, 0xF8, 0x1F, 0x80, 0x3F, 0x81, 0xF8,
  0x03, 0xF8, 0x1F, 0x80, 0x3F, 0x81, 0xF8, 0x03, 0xF8, 0x1F, 0x80, 0x3F,
  0x81, 0xF8, 0x03, 0xF8, 0x1F, 0x80, 0x3F, 0x81, 0xF8, 0x03, 0xF8, 0x1F,
  0x80, 0x3F, 0x81, 0xF8, 0x03, 0xF8, 0x1F, 0x80, 0x3F, 0x81, 0xFC, 0x03,
  0xF8, 0x1F, 0xC0, 0x7F, 0x81, 0xFF, 0x3F, 0xF8, 0x0F, 0xFF, 0xDF, 0xF0,
  0x7F, 0xF9, 0xFF, 0x03, 0xFE, 0x1F, 0xF0, 0x03, 0x00, 0x00, 0xFF, 0xF0,
  0x7F, 0xFF, 0xFF, 0x07, 0xFF, 0xFF, 0xF0, 0x7F, 0xF3, 0xF8, 0x00, 0xF8,
  0x3F, 0xC0, 0x0F, 0x81, 0xFC, 0x00, 0xF0, 0x1F, 0xC0, 0x1F, 0x00, 0xFE,
  0x01, 0xF0, 0x0F, 0xE0, 0x1E, 0x00, 0xFE, 0x03, 0xE0, 0x07, 0xF0, 0x3E,
  0x00, 0x7F, 0x03, 0xC0, 0x03, 0xF0, 0x7C, 0x00, 0x3F, 0x87, 0x80, 0x03,
  0xF8, 0x78, 0x00, 0x1F, 0x8F, 0x80, 0x01, 0xF8, 0xF0, 0x00, 0x0F, 0xCF,
  0x00, 0x00, 0xFD, 0xE0, 0x00, 0x0F, 0xDE, 0x00, 0x00, 0x7F, 0xE0, 0x00,
  0x07, 0xFC, 0x00, 0x00, 0x7F, 0xC0, 0x00, 0x03, 0xFC, 0x00, 0x00, 0x3F,
  0x80, 0x00, 0x01, 0xF8, 0x00, 0xFF, 0xF0, 0x3F, 0x81, 0xFF, 0xFF, 0xF8,
  0x1F, 0xC0, 0xFF, 0xFF, 0xFC, 0x0F, 0xE0, 0x7F, 0xE7, 0xF0, 0x07, 0xF8,
  0x07, 0x81, 0xF8, 0x07, 0xFC, 0x03, 0xC0, 0xFC, 0x03, 0xFE, 0x01, 0xE0,
  0x7F, 0x01, 0xDF, 0x01, 0xE0, 0x1F, 0x81, 0xEF, 0xC0, 0xF0, 0x0F, 0xC0,
  0xF7, 0xE0, 0x78, 0x07, 0xE0, 0x7B, 0xF0, 0x38, 0x03, 0xF8, 0x3D, 0xF8,
  0x3C, 0x00, 0xFC, 0x3C, 0x7E, 0x1E, 0x00, 0x7E, 0x1E, 0x3F, 0x0F, 0x00,
  0x3F, 0x0F, 0x1F, 0x87, 0x00, 0x0F, 0xCF, 0x0F, 0xC7, 0x80, 0x07, 0xE7,
  0x83, 0xF3, 0xC0, 0x03, 0xF3, 0xC1, 0xF9, 0xC0, 0x00, 0xF9, 0xE0, 0xFC,
  0xE0, 0x00, 0x7E, 0xE0, 0x3E, 0xF0, 0x00, 0x3F, 0xF0, 0x1F, 0xF0, 0x00,
  0x0F, 0xF8, 0x0F, 0xF8, 0x00, 0x07, 0xF8, 0x07, 0xFC, 0x00, 0x03, 0xFC,
  0x01, 0xFC, 0x00, 0x00, 0xFE, 0x00, 0xFE, 0x00, 0x00, 0x7E, 0x00, 0x7F,
  0x00, 0x00, 0x3F, 0x00, 0x3F, 0x80, 0x00, 0x7F, 0xFC, 0x3F, 0xF3, 0xFF,
  0xE1, 0xFF, 0x9F, 0xFF, 0x0F, 0xFC, 0x1F, 0xE0, 0x0F, 0x00, 0xFF, 0x00,
  0xF0, 0x03, 0xFC, 0x0F, 0x80, 0x0F, 0xF0, 0x78, 0x00, 0x3F, 0x87, 0x80,
  0x01, 0xFE, 0x78, 0x00, 0x07, 0xFB, 0x80, 0x00, 0x1F, 0xFC, 0x00, 0x00,
  0x7F, 0xC0, 0x00, 0x03, 0xFC, 0x00, 0x00, 0x0F, 0xF0, 0x00, 0x00, 0xFF,
  0xC0, 0x00, 0x0F, 0xFF, 0x00, 0x00, 0xF3, 0xF8, 0x00, 0x0F, 0x8F, 0xE0,
  0x00, 0x78, 0x7F, 0x80, 0x07, 0x81, 0xFE, 0x00, 0x7C, 0x07, 0xF0, 0x07,
  0xC0, 0x3F, 0xC0, 0x7C, 0x00, 0xFF, 0x1F, 0xFE, 0x3F, 0xFF, 0xFF, 0xF1,
  0xFF, 0xFF, 0xFF, 0x8F, 0xFF, 0xC0, 0xFF, 0xF8, 0x3F, 0xFF, 0xFF, 0x83,
  0xFF, 0xFF, 0xF8, 0x3F, 0xF3, 0xFC, 0x00, 0x7C, 0x1F, 0xC0, 0x0F, 0x81,
  0xFC, 0x00, 0xF8, 0x1F, 0xE0, 0x0F, 0x80, 0xFE, 0x01, 0xF0, 0x0F, 0xE0,
  0x1F, 0x00, 0x7F, 0x01, 0xF0, 0x07, 0xF0, 0x1E, 0x00, 0x7F, 0x03, 0xE0,
  0x03, 0xF8, 0x3E, 0x00, 0x3F, 0x83, 0xC0, 0x01, 0xF8, 0x7C, 0x00, 0x1F,
  0xC7, 0xC0, 0x01, 0xFC, 0x78, 0x00, 0x0F, 0xC7, 0x80, 0x00, 0xFC, 0xF0,
  0x00, 0x0F, 0xEF, 0x00, 0x00, 0x7E, 0xF0, 0x00, 0x07, 0xFE, 0x00, 0x00,
  0x3F, 0xE0, 0x00, 0x03, 0xFE, 0x00, 0x00, 0x3F, 0xC0, 0x00, 0x01, 0xFC,
  0x00, 0x00, 0x07, 0xC0, 0x00, 0x00, 0x78, 0x00, 0x00, 0x0F, 0x80, 0x00,
  0x00, 0xF0, 0x00, 0x00, 0x1F, 0x00, 0x00, 0x03, 0xF0, 0x00, 0x08, 0xFE,
  0x00, 0x00, 0xFF, 0xC0, 0x00, 0x0F, 0xFC, 0x00, 0x00, 0xFF, 0x80, 0x00,
  0x0F, 0xF0, 0x00, 0x00, 0x7C, 0x00, 0x00, 0x3F, 0xFF, 0xFE, 0x3F, 0xFF,
  0xFE, 0x3F, 0xFF, 0xFF, 0x3C, 0x00, 0xFE, 0x3C, 0x01, 0xFC, 0x3C, 0x03,
  0xF8, 0x3C, 0x07, 0xF8, 0x38, 0x0F, 0xF0, 0x00, 0x1F, 0xE0, 0x00, 0x1F,
  0xC0, 0x00, 0x3F, 0xC0, 0x00, 0x7F, 0x80, 0x00, 0xFF, 0x00, 0x00, 0xFF,
  0x00, 0x01, 0xFE, 0x00, 0x03, 0xFC, 0x00, 0x07, 0xF8, 0x00, 0x0F, 0xF8,
  0x0F, 0x0F, 0xF0, 0x0F, 0x1F, 0xE0, 0x1F, 0x3F, 0xC0, 0x1F, 0x7F, 0x80,
  0x3E, 0x7F, 0x00, 0x3E, 0xFF, 0xFF, 0xFE, 0x7F, 0xFF, 0xFE, 0x7F, 0xFF,
  0xFE, 0x00, 0xFF, 0x00, 0xFF, 0xF0, 0x7F, 0xFC, 0x3F, 0xFF, 0x0F, 0xE0,
  0x03, 0xF8, 0x00, 0xFC, 0x00, 0x3F, 0x00, 0x0F, 0xC0, 0x03, 0xF8, 0x00,
  0x7E, 0x00, 0x1F, 0x80, 0x07, 0xE0, 0x00, 0xFC, 0x00, 0x3F, 0x00, 0x0F,
  0xC0, 0x01, 0xF0, 0x00, 0x7C, 0x00, 0x3F, 0x00, 0x1F, 0x80, 0xFF, 0xC0,
  0x3F, 0xC0, 0x0F, 0xE0, 0x03, 0xFE, 0x00, 0x07, 0xE0, 0x00, 0xFC, 0x00,
  0x3F, 0x00, 0x07, 0xC0, 0x01, 0xF0, 0x00, 0xFC, 0x00, 0x3F, 0x00, 0x0F,
  0x80, 0x07, 0xE0, 0x01, 0xF8, 0x00, 0x7E, 0x00, 0x3F, 0x00, 0x0F, 0xC0,
  0x03, 0xF0, 0x00, 0xFC, 0x00, 0x3F, 0x80, 0x0F, 0xF0, 0x01, 0xFF, 0xF0,
  0x7F, 0xFC, 0x07, 0xFF, 0x00, 0x08, 0x00, 0xFF, 0xFF, 0xFF, 0xFF, 0xFF,
  0xFF, 0xFF, 0xFF, 0xFF, 0xFF, 0xFF, 0xFF, 0xFF, 0xFF, 0xFF, 0xFF, 0xFF,
  0xFF, 0xFF, 0xFF, 0xFF, 0xFF, 0xF0, 0x3F, 0xC0, 0x7F, 0xF8, 0x3F, 0xFE,
  0x1F, 0xFF, 0x80, 0x1F, 0xC0, 0x0F, 0xE0, 0x03, 0xF0, 0x01, 0xF8, 0x00,
  0xFC, 0x00, 0xFE, 0x00, 0x7E, 0x00, 0x3F, 0x00, 0x1F, 0x00, 0x1F, 0x80,
  0x0F, 0xC0, 0x07, 0xC0, 0x03, 0xE0, 0x01, 0xF0, 0x00, 0xFC, 0x00, 0x3E,
  0x00, 0x0F, 0xF8, 0x01, 0xFC, 0x00, 0x7E, 0x01, 0xFF, 0x01, 0xF8, 0x01,
  0xF8, 0x00, 0xF8, 0x00, 0x7C, 0x00, 0x3E, 0x00, 0x1F, 0x00, 0x0F, 0xC0,
  0x07, 0xE0, 0x01, 0xF8, 0x00, 0xFC, 0x00, 0x7E, 0x00, 0x3F, 0x80, 0x0F,
  0xC0, 0x07, 0xE0, 0x03, 0xF0, 0x03, 0xF8, 0x03, 0xFC, 0x7F, 0xFC, 0x3F,
  0xFE, 0x1F, 0xFC, 0x00, 0x50, 0x00, 0x00, 0x00, 0x08, 0x07, 0x80, 0x18,
  0x7F, 0xC0, 0x79, 0xFF, 0xF3, 0xF7, 0xFF, 0xFF, 0xCF, 0xFF, 0xFF, 0x3E,
  0x07, 0xFE, 0x38, 0x03, 0xF0, 0x20, 0x00, 0x00, 0xFF, 0xFF, 0xFF, 0xFF,
  0xFF, 0xFF, 0xFF, 0xFF, 0xFF, 0xFF, 0xFF, 0xFF, 0xFF, 0xFF, 0xFF, 0xFF,
  0xFF, 0xFF, 0xFF, 0xFF, 0xFF, 0xFF, 0xFF, 0xFF, 0xFF, 0xFC, 0xFF, 0xF9,
  0xFF, 0xFC, 0x3F, 0xF8, 0x7F, 0xFE, 0x0F, 0xF8, 0x3F, 0xFF, 0x83, 0xF8,
  0x3F, 0xFF, 0xE0, 0xF8, 0x3F, 0xFF, 0xF8, 0x38, 0x3F, 0xFF, 0xFE, 0x08,
  0x3F, 0xFF, 0xFF, 0x80, 0x3F, 0xFF, 0xFF, 0xE0, 0x3F, 0xFF, 0xFF, 0xF8,
  0x3F, 0xFF, 0xFF, 0xF8, 0x0F, 0xFF, 0xFF, 0xF8, 0x03, 0xFF, 0xFF, 0xF8,
  0x20, 0xFF, 0xFF, 0xF8, 0x38, 0x3F, 0xFF, 0xF8, 0x3E, 0x0F, 0xFF, 0xF8,
  0x3F, 0x83, 0xFF, 0xF8, 0x3F, 0xE0, 0xFF, 0xFC, 0x3F, 0xF8, 0x3F, 0xFF,
  0x1F, 0xFE, 0x3F, 0xFF, 0x9F, 0xFF, 0xBF, 0xFF, 0xFF, 0xFF, 0xFF, 0xFF,
  0xFF, 0xFF, 0xFF, 0xFF, 0xFF, 0xFF, 0xFF, 0xFF, 0xFF, 0xFF, 0xFF, 0xFF,
  0xFF, 0xFF, 0xFF, 0xFF, 0xFF, 0xFF, 0xFF, 0xFF, 0xFF, 0xFF, 0xFF, 0xFF,
  0xFF, 0xFF, 0xFF, 0xFF, 0xFF, 0xFF, 0xFF, 0xFF, 0xFF, 0xFF, 0xFF, 0xFF,
  0xFF, 0xFF, 0xFF, 0xFF, 0xFF, 0xFF, 0xFF, 0xFF, 0xFF, 0xFC, 0xFF, 0xF9,
  0xFF, 0xFC, 0x3F, 0xF8, 0x7F, 0xFE, 0x0F, 0xF8, 0x3F, 0xFF, 0x83, 0xF8,
  0x3F, 0xFF, 0xE0, 0xF8, 0x3F, 0xFF, 0xF8, 0x38, 0x3F, 0xFF, 0xFE, 0x08,
  0x3F, 0xFF, 0xFF, 0x80, 0x3F, 0xFF, 0xFF, 0xE0, 0x3F, 0xFF, 0xFF, 0xF8,
  0x3F, 0xFF, 0xFF, 0xF8, 0x0F, 0xFF, 0xFF, 0xF8, 0x03, 0xFF, 0xFF, 0xF8,
  0x20, 0xFF, 0xFF, 0xF8, 0x38, 0x3F, 0xFF, 0xF8, 0x3E, 0x0F, 0xFF, 0xF8,
  0x3F, 0x83, 0xFF, 0xF8, 0x3F, 0xE0, 0xFF, 0xFC, 0x3F, 0xF8, 0x3F, 0xFF,
  0x1F, 0xFE, 0x3F, 0xFF, 0x9F, 0xFF, 0xBF, 0xFF, 0xFF, 0xFF, 0xFF, 0xFF,
  0xFF, 0xFF, 0xFF, 0xFF, 0xFF, 0xFF, 0xFF, 0xFF, 0xFF, 0xFF, 0xFF, 0xFF,
  0xFF, 0xFF, 0xFF, 0xFF, 0xFF, 0xFF, 0xFF, 0xFF, 0xFF, 0xFF, 0xFF, 0xFF,
  0xFF, 0xFF, 0xFF, 0xFF, 0xFF, 0xFF, 0xFF, 0xFF, 0xFF, 0xFF, 0xFF, 0xFF,
  0xFF, 0xFF, 0xFF, 0xFF, 0xFF, 0xFF, 0xFF, 0xFF, 0xFF, 0xFC, 0xFF, 0xF9,
  0xFF, 0xFC, 0x3F, 0xF8, 0x7F, 0xFE, 0x0F, 0xF8, 0x3F, 0xFF, 0x83, 0xF8,
  0x3F, 0xFF, 0xE0, 0xF8, 0x3F, 0xFF, 0xF8, 0x38, 0x3F, 0xFF, 0xFE, 0x08,
  0x3F, 0xFF, 0xFF, 0x80, 0x3F, 0xFF, 0xFF, 0xE0, 0x3F, 0xFF, 0xFF, 0xF8,
  0x3F, 0xFF, 0xFF, 0xF8, 0x0F, 0xFF, 0xFF, 0xF8, 0x03, 0xFF, 0xFF, 0xF8,
  0x20, 0xFF, 0xFF, 0xF8, 0x38, 0x3F, 0xFF, 0xF8, 0x3E, 0x0F, 0xFF, 0xF8,
  0x3F, 0x83, 0xFF, 0xF8, 0x3F, 0xE0, 0xFF, 0xFC, 0x3F, 0xF8, 0x3F, 0xFF,
  0x1F, 0xFE, 0x3F, 0xFF, 0x9F, 0xFF, 0xBF, 0xFF, 0xFF, 0xFF, 0xFF, 0xFF,
  0xFF, 0xFF, 0xFF, 0xFF, 0xFF, 0xFF, 0xFF, 0xFF, 0xFF, 0xFF, 0xFF, 0xFF,
  0xFF, 0xFF, 0xFF, 0xFF, 0xFF, 0xFF, 0xFF, 0xFF, 0xFF, 0xFF, 0xFF, 0xFF,
  0xFF, 0xFF, 0xFF, 0xFF, 0xFF, 0xFF, 0xFF, 0xFF, 0xFF, 0xFF, 0xFF, 0xFF,
  0xFF, 0xFF, 0xFF, 0xFF, 0xFF, 0xFF, 0xFF, 0xFF, 0xFF, 0xFC, 0xFF, 0xF9,
  0xFF, 0xFC, 0x3F, 0xF8, 0x7F, 0xFE, 0x0F, 0xF8, 0x3F, 0xFF, 0x83, 0xF8,
  0x3F, 0xFF, 0xE0, 0xF8, 0x3F, 0xFF, 0xF8, 0x38, 0x3F, 0xFF, 0xFE, 0x08,
  0x3F, 0xFF, 0xFF, 0x80, 0x3F, 0xFF, 0xFF, 0xE0, 0x3F, 0xFF, 0xFF, 0xF8,
  0x3F, 0xFF, 0xFF, 0xF8, 0x0F, 0xFF, 0xFF, 0xF8, 0x03, 0xFF, 0xFF, 0xF8,
  0x20, 0xFF, 0xFF, 0xF8, 0x38, 0x3F, 0xFF, 0xF8, 0x3E, 0x0F, 0xFF, 0xF8,
  0x3F, 0x83, 0xFF, 0xF8, 0x3F, 0xE0, 0xFF, 0xFC, 0x3F, 0xF8, 0x3F, 0xFF,
  0x1F, 0xFE, 0x3F, 0xFF, 0x9F, 0xFF, 0xBF, 0xFF, 0xFF, 0xFF, 0xFF, 0xFF,
  0xFF, 0xFF, 0xFF, 0xFF, 0xFF, 0xFF, 0xFF, 0xFF, 0xFF, 0xFF, 0xFF, 0xFF,
  0xFF, 0xFF, 0xFF, 0xFF, 0xFF, 0xFF, 0xFF, 0xFF, 0xFF, 0xFF, 0xFF, 0xFF,
  0xFF, 0xFF, 0xFF, 0xFF, 0xFF, 0xFF, 0xFF, 0xFF, 0xFF, 0xFF, 0xFF, 0xFF,
  0xFF, 0xFF, 0xFF, 0xFF, 0xFF, 0xFF, 0xFF, 0xFF, 0xFF, 0xFC, 0xFF, 0xF9,
  0xFF, 0xFC, 0x3F, 0xF8, 0x7F, 0xFE, 0x0F, 0xF8, 0x3F, 0xFF, 0x83, 0xF8,
  0x3F, 0xFF, 0xE0, 0xF8, 0x3F, 0xFF, 0xF8, 0x38, 0x3F, 0xFF, 0xFE, 0x08,
  0x3F, 0xFF, 0xFF, 0x80, 0x3F, 0xFF, 0xFF, 0xE0, 0x3F, 0xFF, 0xFF, 0xF8,
  0x3F, 0xFF, 0xFF, 0xF8, 0x0F, 0xFF, 0xFF, 0xF8, 0x03, 0xFF, 0xFF, 0xF8,
  0x20, 0xFF, 0xFF, 0xF8, 0x38, 0x3F, 0xFF, 0xF8, 0x3E, 0x0F, 0xFF, 0xF8,
  0x3F, 0x83, 0xFF, 0xF8, 0x3F, 0xE0, 0xFF, 0xFC, 0x3F, 0xF8, 0x3F, 0xFF,
  0x1F, 0xFE, 0x3F, 0xFF, 0x9F, 0xFF, 0xBF, 0xFF, 0xFF, 0xFF, 0xFF, 0xFF,
  0xFF, 0xFF, 0xFF, 0xFF, 0xFF, 0xFF, 0xFF, 0xFF, 0xFF, 0xFF, 0xFF, 0xFF,
  0xFF, 0xFF, 0xFF, 0xFF, 0xFF, 0xFF, 0xFF, 0xFF, 0xFF, 0xFF, 0xFF, 0xFF,
  0xFF, 0xFF, 0xFF, 0xFF, 0xFF, 0xFF, 0xFF, 0xFF, 0xFF, 0xFF, 0xFF, 0xFF,
  0xFF, 0xFF, 0xFF, 0xFF, 0xFF, 0xFF, 0xFF, 0xFF, 0xFF, 0xFC, 0xFF, 0xF9,
  0xFF, 0xFC, 0x3F, 0xF8, 0x7F, 0xFE, 0x0F, 0xF8, 0x3F, 0xFF, 0x83, 0xF8,
  0x3F, 0xFF, 0xE0, 0xF8, 0x3F, 0xFF, 0xF8, 0x38, 0x3F, 0xFF, 0xFE, 0x08,
  0x3F, 0xFF, 0xFF, 0x80, 0x3F, 0xFF, 0xFF, 0xE0, 0x3F, 0xFF, 0xFF, 0xF8,
  0x3F, 0xFF, 0xFF, 0xF8, 0x0F, 0xFF, 0xFF, 0xF8, 0x03, 0xFF, 0xFF, 0xF8,
  0x20, 0xFF, 0xFF, 0xF8, 0x38, 0x3F, 0xFF, 0xF8, 0x3E, 0x0F, 0xFF, 0xF8,
  0x3F, 0x83, 0xFF, 0xF8, 0x3F, 0xE0, 0xFF, 0xFC, 0x3F, 0xF8, 0x3F, 0xFF,
  0x1F, 0xFE, 0x3F, 0xFF, 0x9F, 0xFF, 0xBF, 0xFF, 0xFF, 0xFF, 0xFF, 0xFF,
  0xFF, 0xFF, 0xFF, 0xFF, 0xFF, 0xFF, 0xFF, 0xFF, 0xFF, 0xFF, 0xFF, 0xFF,
  0xFF, 0xFF, 0xFF, 0xFF, 0xFF, 0xFF, 0xFF, 0xFF, 0xFF, 0xFF, 0xFF, 0xFF,
  0xFF, 0xFF, 0xFF, 0xFF, 0xFF, 0xFF, 0xFF, 0xFF, 0xFF, 0xFF, 0xFF, 0xFF,
  0xFF, 0xFF, 0xFF, 0xFF, 0xFF, 0xFF, 0xFF, 0xFF, 0xFF, 0xFC, 0xFF, 0xF9,
  0xFF, 0xFC, 0x3F, 0xF8, 0x7F, 0xFE, 0x0F, 0xF8, 0x3F, 0xFF, 0x83, 0xF8,
  0x3F, 0xFF, 0xE0, 0xF8, 0x3F, 0xFF, 0xF8, 0x38, 0x3F, 0xFF, 0xFE, 0x08,
  0x3F, 0xFF, 0xFF, 0x80, 0x3F, 0xFF, 0xFF, 0xE0, 0x3F, 0xFF, 0xFF, 0xF8,
  0x3F, 0xFF, 0xFF, 0xF8, 0x0F, 0xFF, 0xFF, 0xF8, 0x03, 0xFF, 0xFF, 0xF8,
  0x20, 0xFF, 0xFF, 0xF8, 0x38, 0x3F, 0xFF, 0xF8, 0x3E, 0x0F, 0xFF, 0xF8,
  0x3F, 0x83, 0xFF, 0xF8, 0x3F, 0xE0, 0xFF, 0xFC, 0x3F, 0xF8, 0x3F, 0xFF,
  0x1F, 0xFE, 0x3F, 0xFF, 0x9F, 0xFF, 0xBF, 0xFF, 0xFF, 0xFF, 0xFF, 0xFF,
  0xFF, 0xFF, 0xFF, 0xFF, 0xFF, 0xFF, 0xFF, 0xFF, 0xFF, 0xFF, 0xFF, 0xFF,
  0xFF, 0xFF, 0xFF, 0xFF, 0xFF, 0xFF, 0xFF, 0xFF, 0xFF, 0xFF, 0xFF, 0xFF,
  0xFF, 0xFF, 0xFF, 0xFF, 0xFF, 0xFF, 0xFF, 0xFF, 0xFF, 0xFF, 0xFF, 0xFF,
  0xFF, 0xFF, 0xFF, 0xFF, 0xFF, 0xFF, 0xFF, 0xFF, 0xFF, 0xFC, 0xFF, 0xF9,
  0xFF, 0xFC, 0x3F, 0xF8, 0x7F, 0xFE, 0x0F, 0xF8, 0x3F, 0xFF, 0x83, 0xF8,
  0x3F, 0xFF, 0xE0, 0xF8, 0x3F, 0xFF, 0xF8, 0x38, 0x3F, 0xFF, 0xFE, 0x08,
  0x3F, 0xFF, 0xFF, 0x80, 0x3F, 0xFF, 0xFF, 0xE0, 0x3F, 0xFF, 0xFF, 0xF8,
  0x3F, 0xFF, 0xFF, 0xF8, 0x0F, 0xFF, 0xFF, 0xF8, 0x03, 0xFF, 0xFF, 0xF8,
  0x20, 0xFF, 0xFF, 0xF8, 0x38, 0x3F, 0xFF, 0xF8, 0x3E, 0x0F, 0xFF, 0xF8,
  0x3F, 0x83, 0xFF, 0xF8, 0x3F, 0xE0, 0xFF, 0xFC, 0x3F, 0xF8, 0x3F, 0xFF,
  0x1F, 0xFE, 0x3F, 0xFF, 0x9F, 0xFF, 0xBF, 0xFF, 0xFF, 0xFF, 0xFF, 0xFF,
  0xFF, 0xFF, 0xFF, 0xFF, 0xFF, 0xFF, 0xFF, 0xFF, 0xFF, 0xFF, 0xFF, 0xFF,
  0xFF, 0xFF, 0xFF, 0xFF, 0xFF, 0xFF, 0xFF, 0xFF, 0xFF, 0xFF, 0xFF, 0xFF,
  0xFF, 0xFF, 0xFF, 0xFF, 0xFF, 0xFF, 0xFF, 0xFF, 0xFF, 0xFF, 0xFF, 0xFF,
  0xFF, 0xFF, 0xFF, 0xFF, 0xFF, 0xFF, 0xFF, 0xFF, 0xFF, 0xFC, 0xFF, 0xF9,
  0xFF, 0xFC, 0x3F, 0xF8, 0x7F, 0xFE, 0x0F, 0xF8, 0x3F, 0xFF, 0x83, 0xF8,
  0x3F, 0xFF, 0xE0, 0xF8, 0x3F, 0xFF, 0xF8, 0x38, 0x3F, 0xFF, 0xFE, 0x08,
  0x3F, 0xFF, 0xFF, 0x80, 0x3F, 0xFF, 0xFF, 0xE0, 0x3F, 0xFF, 0xFF, 0xF8,
  0x3F, 0xFF, 0xFF, 0xF8, 0x0F, 0xFF, 0xFF, 0xF8, 0x03, 0xFF, 0xFF, 0xF8,
  0x20, 0xFF, 0xFF, 0xF8, 0x38, 0x3F, 0xFF, 0xF8, 0x3E, 0x0F, 0xFF, 0xF8,
  0x3F, 0x83, 0xFF, 0xF8, 0x3F, 0xE0, 0xFF, 0xFC, 0x3F, 0xF8, 0x3F, 0xFF,
  0x1F, 0xFE, 0x3F, 0xFF, 0x9F, 0xFF, 0xBF, 0xFF, 0xFF, 0xFF, 0xFF, 0xFF,
  0xFF, 0xFF, 0xFF, 0xFF, 0xFF, 0xFF, 0xFF, 0xFF, 0xFF, 0xFF, 0xFF, 0xFF,
  0xFF, 0xFF, 0xFF, 0xFF, 0xFF, 0xFF, 0xFF, 0xFF, 0xFF, 0xFF, 0xFF, 0xFF,
  0xFF, 0xFF, 0xFF, 0xFF, 0xFF, 0xFF, 0xFF, 0xFF, 0xFF, 0xFF, 0xFF, 0xFF,
  0xFF, 0xFF, 0xFF, 0xFF, 0xFF, 0xFF, 0xFF, 0xFF, 0xFF, 0xFC, 0xFF, 0xF9,
  0xFF, 0xFC, 0x3F, 0xF8, 0x7F, 0xFE, 0x0F, 0xF8, 0x3F, 0xFF, 0x83, 0xF8,
  0x3F, 0xFF, 0xE0, 0xF8, 0x3F, 0xFF, 0xF8, 0x38, 0x3F, 0xFF, 0xFE, 0x08,
  0x3F, 0xFF, 0xFF, 0x80, 0x3F, 0xFF, 0xFF, 0xE0, 0x3F, 0xFF, 0xFF, 0xF8,
  0x3F, 0xFF, 0xFF, 0xF8, 0x0F, 0xFF, 0xFF, 0xF8, 0x03, 0xFF, 0xFF, 0xF8,
  0x20, 0xFF, 0xFF, 0xF8, 0x38, 0x3F, 0xFF, 0xF8, 0x3E, 0x0F, 0xFF, 0xF8,
  0x3F, 0x83, 0xFF, 0xF8, 0x3F, 0xE0, 0xFF, 0xFC, 0x3F, 0xF8, 0x3F, 0xFF,
  0x1F, 0xFE, 0x3F, 0xFF, 0x9F, 0xFF, 0xBF, 0xFF, 0xFF, 0xFF, 0xFF, 0xFF,
  0xFF, 0xFF, 0xFF, 0xFF, 0xFF, 0xFF, 0xFF, 0xFF, 0xFF, 0xFF, 0xFF, 0xFF,
  0xFF, 0xFF, 0xFF, 0xFF, 0xFF, 0xFF, 0xFF, 0xFF, 0xFF, 0xFF, 0xFF, 0xFF,
  0xFF, 0xFF, 0xFF, 0xFF, 0xFF, 0xFF, 0xFF, 0xFF, 0xFF, 0xFF, 0xFF, 0xFF,
  0xFF, 0xFF, 0xFF, 0xFF, 0xFF, 0xFF, 0xFF, 0xFF, 0xFF, 0xFC, 0xFF, 0xF9,
  0xFF, 0xFC, 0x3F, 0xF8, 0x7F, 0xFE, 0x0F, 0xF8, 0x3F, 0xFF, 0x83, 0xF8,
  0x3F, 0xFF, 0xE0, 0xF8, 0x3F, 0xFF, 0xF8, 0x38, 0x3F, 0xFF, 0xFE, 0x08,
  0x3F, 0xFF, 0xFF, 0x80, 0x3F, 0xFF, 0xFF, 0xE0, 0x3F, 0xFF, 0xFF, 0xF8,
  0x3F, 0xFF, 0xFF, 0xF8, 0x0F, 0xFF, 0xFF, 0xF8, 0x03, 0xFF, 0xFF, 0xF8,
  0x20, 0xFF, 0xFF, 0xF8, 0x38, 0x3F, 0xFF, 0xF8, 0x3E, 0x0F, 0xFF, 0xF8,
  0x3F, 0x83, 0xFF, 0xF8, 0x3F, 0xE0, 0xFF, 0xFC, 0x3F, 0xF8, 0x3F, 0xFF,
  0x1F, 0xFE, 0x3F, 0xFF, 0x9F, 0xFF, 0xBF, 0xFF, 0xFF, 0xFF, 0xFF, 0xFF,
  0xFF, 0xFF, 0xFF, 0xFF, 0xFF, 0xFF, 0xFF, 0xFF, 0xFF, 0xFF, 0xFF, 0xFF,
  0xFF, 0xFF, 0xFF, 0xFF, 0xFF, 0xFF, 0xFF, 0xFF, 0xFF, 0xFF, 0xFF, 0xFF,
  0xFF, 0xFF, 0xFF, 0xFF, 0xFF, 0xFF, 0xFF, 0xFF, 0xFF, 0xFF, 0xFF, 0xFF,
  0xFF, 0xFF, 0xFF, 0xFF, 0xFF, 0xFF, 0xFF, 0xFF, 0xFF, 0xFC, 0xFF, 0xF9,
  0xFF, 0xFC, 0x3F, 0xF8, 0x7F, 0xFE, 0x0F, 0xF8, 0x3F, 0xFF, 0x83, 0xF8,
  0x3F, 0xFF, 0xE0, 0xF8, 0x3F, 0xFF, 0xF8, 0x38, 0x3F, 0xFF, 0xFE, 0x08,
  0x3F, 0xFF, 0xFF, 0x80, 0x3F, 0xFF, 0xFF, 0xE0, 0x3F, 0xFF, 0xFF, 0xF8,
  0x3F, 0xFF, 0xFF, 0xF8, 0x0F, 0xFF, 0xFF, 0xF8, 0x03, 0xFF, 0xFF, 0xF8,
  0x20, 0xFF, 0xFF, 0xF8, 0x38, 0x3F, 0xFF, 0xF8, 0x3E, 0x0F, 0xFF, 0xF8,
  0x3F, 0x83, 0xFF, 0xF8, 0x3F, 0xE0, 0xFF, 0xFC, 0x3F, 0xF8, 0x3F, 0xFF,
  0x1F, 0xFE, 0x3F, 0xFF, 0x9F, 0xFF, 0xBF, 0xFF, 0xFF, 0xFF, 0xFF, 0xFF,
  0xFF, 0xFF, 0xFF, 0xFF, 0xFF, 0xFF, 0xFF, 0xFF, 0xFF, 0xFF, 0xFF, 0xFF,
  0xFF, 0xFF, 0xFF, 0xFF, 0xFF, 0xFF, 0xFF, 0xFF, 0xFF, 0xFF, 0xFF, 0xFF,
  0xFF, 0xFF, 0xFF, 0xFF, 0xFF, 0xFF, 0xFF, 0xFF, 0xFF, 0xFF, 0xFF, 0xFF,
  0xFF, 0xFF, 0xFF, 0xFF, 0xFF, 0xFF, 0xFF, 0xFF, 0xFF, 0xFC, 0xFF, 0xF9,
  0xFF, 0xFC, 0x3F, 0xF8, 0x7F, 0xFE, 0x0F, 0xF8, 0x3F, 0xFF, 0x83, 0xF8,
  0x3F, 0xFF, 0xE0, 0xF8, 0x3F, 0xFF, 0xF8, 0x38, 0x3F, 0xFF, 0xFE, 0x08,
  0x3F, 0xFF, 0xFF, 0x80, 0x3F, 0xFF, 0xFF, 0xE0, 0x3F, 0xFF, 0xFF, 0xF8,
  0x3F, 0xFF, 0xFF, 0xF8, 0x0F, 0xFF, 0xFF, 0xF8, 0x03, 0xFF, 0xFF, 0xF8,
  0x20, 0xFF, 0xFF, 0xF8, 0x38, 0x3F, 0xFF, 0xF8, 0x3E, 0x0F, 0xFF, 0xF8,
  0x3F, 0x83, 0xFF, 0xF8, 0x3F, 0xE0, 0xFF, 0xFC, 0x3F, 0xF8, 0x3F, 0xFF,
  0x1F, 0xFE, 0x3F, 0xFF, 0x9F, 0xFF, 0xBF, 0xFF, 0xFF, 0xFF, 0xFF, 0xFF,
  0xFF, 0xFF, 0xFF, 0xFF, 0xFF, 0xFF, 0xFF, 0xFF, 0xFF, 0xFF, 0xFF, 0xFF,
  0xFF, 0xFF, 0xFF, 0xFF, 0xFF, 0xFF, 0xFF, 0xFF, 0xFF, 0xFF, 0xFF, 0xFF,
  0xFF, 0xFF, 0xFF, 0xFF, 0xFF, 0xFF, 0xFF, 0xFF, 0xFF, 0xFF, 0xFF, 0xFF,
  0xFF, 0xFF, 0xFF, 0xFF, 0xFF, 0xFF, 0xFF, 0xFF, 0xFF, 0xFC, 0xFF, 0xF9,
  0xFF, 0xFC, 0x3F, 0xF8, 0x7F, 0xFE, 0x0F, 0xF8, 0x3F, 0xFF, 0x83, 0xF8,
  0x3F, 0xFF, 0xE0, 0xF8, 0x3F, 0xFF, 0xF8, 0x38, 0x3F, 0xFF, 0xFE, 0x08,
  0x3F, 0xFF, 0xFF, 0x80, 0x3F, 0xFF, 0xFF, 0xE0, 0x3F, 0xFF, 0xFF, 0xF8,
  0x3F, 0xFF, 0xFF, 0xF8, 0x0F, 0xFF, 0xFF, 0xF8, 0x03, 0xFF, 0xFF, 0xF8,
  0x20, 0xFF, 0xFF, 0xF8, 0x38, 0x3F, 0xFF, 0xF8, 0x3E, 0x0F, 0xFF, 0xF8,
  0x3F, 0x83, 0xFF, 0xF8, 0x3F, 0xE0, 0xFF, 0xFC, 0x3F, 0xF8, 0x3F, 0xFF,
  0x1F, 0xFE, 0x3F, 0xFF, 0x9F, 0xFF, 0xBF, 0xFF, 0xFF, 0xFF, 0xFF, 0xFF,
  0xFF, 0xFF, 0xFF, 0xFF, 0xFF, 0xFF, 0xFF, 0xFF, 0xFF, 0xFF, 0xFF, 0xFF,
  0xFF, 0xFF, 0xFF, 0xFF, 0xFF, 0xFF, 0xFF, 0xFF, 0xFF, 0xFF, 0xFF, 0xFF,
  0xFF, 0xFF, 0xFF, 0xFF, 0xFF, 0xFF, 0xFF, 0xFF, 0xFF, 0xFF, 0xFF, 0xFF,
  0xFF, 0xFF, 0xFF, 0xFF, 0xFF, 0xFF, 0xFF, 0xFF, 0xFF, 0xFC, 0xFF, 0xF9,
  0xFF, 0xFC, 0x3F, 0xF8, 0x7F, 0xFE, 0x0F, 0xF8, 0x3F, 0xFF, 0x83, 0xF8,
  0x3F, 0xFF, 0xE0, 0xF8, 0x3F, 0xFF, 0xF8, 0x38, 0x3F, 0xFF, 0xFE, 0x08,
  0x3F, 0xFF, 0xFF, 0x80, 0x3F, 0xFF, 0xFF, 0xE0, 0x3F, 0xFF, 0xFF, 0xF8,
  0x3F, 0xFF, 0xFF, 0xF8, 0x0F, 0xFF, 0xFF, 0xF8, 0x03, 0xFF, 0xFF, 0xF8,
  0x20, 0xFF, 0xFF, 0xF8, 0x38, 0x3F, 0xFF, 0xF8, 0x3E, 0x0F, 0xFF, 0xF8,
  0x3F, 0x83, 0xFF, 0xF8, 0x3F, 0xE0, 0xFF, 0xFC, 0x3F, 0xF8, 0x3F, 0xFF,
  0x1F, 0xFE, 0x3F, 0xFF, 0x9F, 0xFF, 0xBF, 0xFF, 0xFF, 0xFF, 0xFF, 0xFF,
  0xFF, 0xFF, 0xFF, 0xFF, 0xFF, 0xFF, 0xFF, 0xFF, 0xFF, 0xFF, 0xFF, 0xFF,
  0xFF, 0xFF, 0xFF, 0xFF, 0xFF, 0xFF, 0xFF, 0xFF, 0xFF, 0xFF, 0xFF, 0xFF,
  0xFF, 0xFF, 0xFF, 0xFF, 0xFF, 0xFF, 0xFF, 0xFF, 0xFF, 0xFF, 0xFF, 0xFF,
  0xFF, 0xFF, 0xFF, 0xFF, 0xFF, 0xFF, 0xFF, 0xFF, 0xFF, 0xFC, 0xFF, 0xF9,
  0xFF, 0xFC, 0x3F, 0xF8, 0x7F, 0xFE, 0x0F, 0xF8, 0x3F, 0xFF, 0x83, 0xF8,
  0x3F, 0xFF, 0xE0, 0xF8, 0x3F, 0xFF, 0xF8, 0x38, 0x3F, 0xFF, 0xFE, 0x08,
  0x3F, 0xFF, 0xFF, 0x80, 0x3F, 0xFF, 0xFF, 0xE0, 0x3F, 0xFF, 0xFF, 0xF8,
  0x3F, 0xFF, 0xFF, 0xF8, 0x0F, 0xFF, 0xFF, 0xF8, 0x03, 0xFF, 0xFF, 0xF8,
  0x20, 0xFF, 0xFF, 0xF8, 0x38, 0x3F, 0xFF, 0xF8, 0x3E, 0x0F, 0xFF, 0xF8,
  0x3F, 0x83, 0xFF, 0xF8, 0x3F, 0xE0, 0xFF, 0xFC, 0x3F, 0xF8, 0x3F, 0xFF,
  0x1F, 0xFE, 0x3F, 0xFF, 0x9F, 0xFF, 0xBF, 0xFF, 0xFF, 0xFF, 0xFF, 0xFF,
  0xFF, 0xFF, 0xFF, 0xFF, 0xFF, 0xFF, 0xFF, 0xFF, 0xFF, 0xFF, 0xFF, 0xFF,
  0xFF, 0xFF, 0xFF, 0xFF, 0xFF, 0xFF, 0xFF, 0xFF, 0xFF, 0xFF, 0xFF, 0xFF,
  0xFF, 0xFF, 0xFF, 0xFF, 0xFF, 0xFF, 0xFF, 0xFF, 0xFF, 0xFF, 0xFF, 0xFF,
  0xFF, 0xFF, 0xFF, 0xFF, 0xFF, 0xFF, 0xFF, 0xFF, 0xFF, 0xFC, 0xFF, 0xF9,
  0xFF, 0xFC, 0x3F, 0xF8, 0x7F, 0xFE, 0x0F, 0xF8, 0x3F, 0xFF, 0x83, 0xF8,
  0x3F, 0xFF, 0xE0, 0xF8, 0x3F, 0xFF, 0xF8, 0x38, 0x3F, 0xFF, 0xFE, 0x08,
  0x3F, 0xFF, 0xFF, 0x80, 0x3F, 0xFF, 0xFF, 0xE0, 0x3F, 0xFF, 0xFF, 0xF8,
  0x3F, 0xFF, 0xFF, 0xF8, 0x0F, 0xFF, 0xFF, 0xF8, 0x03, 0xFF, 0xFF, 0xF8,
  0x20, 0xFF, 0xFF, 0xF8, 0x38, 0x3F, 0xFF, 0xF8, 0x3E, 0x0F, 0xFF, 0xF8,
  0x3F, 0x83, 0xFF, 0xF8, 0x3F, 0xE0, 0xFF, 0xFC, 0x3F, 0xF8, 0x3F, 0xFF,
  0x1F, 0xFE, 0x3F, 0xFF, 0x9F, 0xFF, 0xBF, 0xFF, 0xFF, 0xFF, 0xFF, 0xFF,
  0xFF, 0xFF, 0xFF, 0xFF, 0xFF, 0xFF, 0xFF, 0xFF, 0xFF, 0xFF, 0xFF, 0xFF,
  0xFF, 0xFF, 0xFF, 0xFF, 0xFF, 0xFF, 0xFF, 0xFF, 0xFF, 0xFF, 0xFF, 0xFF,
  0xFF, 0xFF, 0xFF, 0xFF, 0xFF, 0xFF, 0xFF, 0xFF, 0xFF, 0xFF, 0xFF, 0xFF,
  0xFF, 0xFF, 0xFF, 0xFF, 0xFF, 0xFF, 0xFF, 0xFF, 0xFF, 0xFC, 0xFF, 0xF9,
  0xFF, 0xFC, 0x3F, 0xF8, 0x7F, 0xFE, 0x0F, 0xF8, 0x3F, 0xFF, 0x83, 0xF8,
  0x3F, 0xFF, 0xE0, 0xF8, 0x3F, 0xFF, 0xF8, 0x38, 0x3F, 0xFF, 0xFE, 0x08,
  0x3F, 0xFF, 0xFF, 0x80, 0x3F, 0xFF, 0xFF, 0xE0, 0x3F, 0xFF, 0xFF, 0xF8,
  0x3F, 0xFF, 0xFF, 0xF8, 0x0F, 0xFF, 0xFF, 0xF8, 0x03, 0xFF, 0xFF, 0xF8,
  0x20, 0xFF, 0xFF, 0xF8, 0x38, 0x3F, 0xFF, 0xF8, 0x3E, 0x0F, 0xFF, 0xF8,
  0x3F, 0x83, 0xFF, 0xF8, 0x3F, 0xE0, 0xFF, 0xFC, 0x3F, 0xF8, 0x3F, 0xFF,
  0x1F, 0xFE, 0x3F, 0xFF, 0x9F, 0xFF, 0xBF, 0xFF, 0xFF, 0xFF, 0xFF, 0xFF,
  0xFF, 0xFF, 0xFF, 0xFF, 0xFF, 0xFF, 0xFF, 0xFF, 0xFF, 0xFF, 0xFF, 0xFF,
  0xFF, 0xFF, 0xFF, 0xFF, 0xFF, 0xFF, 0xFF, 0xFF, 0xFF, 0xFF, 0xFF, 0xFF,
  0xFF, 0xFF, 0xFF, 0xFF, 0xFF, 0xFF, 0xFF, 0xFF, 0xFF, 0xFF, 0xFF, 0xFF,
  0xFF, 0xFF, 0xFF, 0xFF, 0xFF, 0xFF, 0xFF, 0xFF, 0xFF, 0xFC, 0xFF, 0xF9,
  0xFF, 0xFC, 0x3F, 0xF8, 0x7F, 0xFE, 0x0F, 0xF8, 0x3F, 0xFF, 0x83, 0xF8,
  0x3F, 0xFF, 0xE0, 0xF8, 0x3F, 0xFF, 0xF8, 0x38, 0x3F, 0xFF, 0xFE, 0x08,
  0x3F, 0xFF, 0xFF, 0x80, 0x3F, 0xFF, 0xFF, 0xE0, 0x3F, 0xFF, 0xFF, 0xF8,
  0x3F, 0xFF, 0xFF, 0xF8, 0x0F, 0xFF, 0xFF, 0xF8, 0x03, 0xFF, 0xFF, 0xF8,
  0x20, 0xFF, 0xFF, 0xF8, 0x38, 0x3F, 0xFF, 0xF8, 0x3E, 0x0F, 0xFF, 0xF8,
  0x3F, 0x83, 0xFF, 0xF8, 0x3F, 0xE0, 0xFF, 0xFC, 0x3F, 0xF8, 0x3F, 0xFF,
  0x1F, 0xFE, 0x3F, 0xFF, 0x9F, 0xFF, 0xBF, 0xFF, 0xFF, 0xFF, 0xFF, 0xFF,
  0xFF, 0xFF, 0xFF, 0xFF, 0xFF, 0xFF, 0xFF, 0xFF, 0xFF, 0xFF, 0xFF, 0xFF,
  0xFF, 0xFF, 0xFF, 0xFF, 0xFF, 0xFF, 0xFF, 0xFF, 0xFF, 0xFF, 0xFF, 0xFF,
  0xFF, 0xFF, 0xFF, 0xFF, 0xFF, 0xFF, 0xFF, 0xFF, 0xFF, 0xFF, 0xFF, 0xFF,
  0xFF, 0xFF, 0xFF, 0xFF, 0xFF, 0xFF, 0xFF, 0xFF, 0xFF, 0xFC, 0xFF, 0xF9,
  0xFF, 0xFC, 0x3F, 0xF8, 0x7F, 0xFE, 0x0F, 0xF8, 0x3F, 0xFF, 0x83, 0xF8,
  0x3F, 0xFF, 0xE0, 0xF8, 0x3F, 0xFF, 0xF8, 0x38, 0x3F, 0xFF, 0xFE, 0x08,
  0x3F, 0xFF, 0xFF, 0x80, 0x3F, 0xFF, 0xFF, 0xE0, 0x3F, 0xFF, 0xFF, 0xF8,
  0x3F, 0xFF, 0xFF, 0xF8, 0x0F, 0xFF, 0xFF, 0xF8, 0x03, 0xFF, 0xFF, 0xF8,
  0x20, 0xFF, 0xFF, 0xF8, 0x38, 0x3F, 0xFF, 0xF8, 0x3E, 0x0F, 0xFF, 0xF8,
  0x3F, 0x83, 0xFF, 0xF8, 0x3F, 0xE0, 0xFF, 0xFC, 0x3F, 0xF8, 0x3F, 0xFF,
  0x1F, 0xFE, 0x3F, 0xFF, 0x9F, 0xFF, 0xBF, 0xFF, 0xFF, 0xFF, 0xFF, 0xFF,
  0xFF, 0xFF, 0xFF, 0xFF, 0xFF, 0xFF, 0xFF, 0xFF, 0xFF, 0xFF, 0xFF, 0xFF,
  0xFF, 0xFF, 0xFF, 0xFF, 0xFF, 0xFF, 0xFF, 0xFF, 0xFF, 0xFF, 0xFF, 0xFF,
  0xFF, 0xFF, 0xFF, 0xFF, 0xFF, 0xFF, 0xFF, 0xFF, 0xFF, 0xFF, 0xFF, 0xFF,
  0xFF, 0xFF, 0xFF, 0xFF, 0xFF, 0xFF, 0xFF, 0xFF, 0xFF, 0xFC, 0xFF, 0xF9,
  0xFF, 0xFC, 0x3F, 0xF8, 0x7F, 0xFE, 0x0F, 0xF8, 0x3F, 0xFF, 0x83, 0xF8,
  0x3F, 0xFF, 0xE0, 0xF8, 0x3F, 0xFF, 0xF8, 0x38, 0x3F, 0xFF, 0xFE, 0x08,
  0x3F, 0xFF, 0xFF, 0x80, 0x3F, 0xFF, 0xFF, 0xE0, 0x3F, 0xFF, 0xFF, 0xF8,
  0x3F, 0xFF, 0xFF, 0xF8, 0x0F, 0xFF, 0xFF, 0xF8, 0x03, 0xFF, 0xFF, 0xF8,
  0x20, 0xFF, 0xFF, 0xF8, 0x38, 0x3F, 0xFF, 0xF8, 0x3E, 0x0F, 0xFF, 0xF8,
  0x3F, 0x83, 0xFF, 0xF8, 0x3F, 0xE0, 0xFF, 0xFC, 0x3F, 0xF8, 0x3F, 0xFF,
  0x1F, 0xFE, 0x3F, 0xFF, 0x9F, 0xFF, 0xBF, 0xFF, 0xFF, 0xFF, 0xFF, 0xFF,
  0xFF, 0xFF, 0xFF, 0xFF, 0xFF, 0xFF, 0xFF, 0xFF, 0xFF, 0xFF, 0xFF, 0xFF,
  0xFF, 0xFF, 0xFF, 0xFF, 0xFF, 0xFF, 0xFF, 0xFF, 0xFF, 0xFF, 0xFF, 0xFF,
  0xFF, 0xFF, 0xFF, 0xFF, 0xFF, 0xFF, 0xFF, 0xFF, 0xFF, 0xFF, 0xFF, 0xFF,
  0xFF, 0xFF, 0xFF, 0xFF, 0xFF, 0xFF, 0xFF, 0xFF, 0xFF, 0xFC, 0xFF, 0xF9,
  0xFF, 0xFC, 0x3F, 0xF8, 0x7F, 0xFE, 0x0F, 0xF8, 0x3F, 0xFF, 0x83, 0xF8,
  0x3F, 0xFF, 0xE0, 0xF8, 0x3F, 0xFF, 0xF8, 0x38, 0x3F, 0xFF, 0xFE, 0x08,
  0x3F, 0xFF, 0xFF, 0x80, 0x3F, 0xFF, 0xFF, 0xE0, 0x3F, 0xFF, 0xFF, 0xF8,
  0x3F, 0xFF, 0xFF, 0xF8, 0x0F, 0xFF, 0xFF, 0xF8, 0x03, 0xFF, 0xFF, 0xF8,
  0x20, 0xFF, 0xFF, 0xF8, 0x38, 0x3F, 0xFF, 0xF8, 0x3E, 0x0F, 0xFF, 0xF8,
  0x3F, 0x83, 0xFF, 0xF8, 0x3F, 0xE0, 0xFF, 0xFC, 0x3F, 0xF8, 0x3F, 0xFF,
  0x1F, 0xFE, 0x3F, 0xFF, 0x9F, 0xFF, 0xBF, 0xFF, 0xFF, 0xFF, 0xFF, 0xFF,
  0xFF, 0xFF, 0xFF, 0xFF, 0xFF, 0xFF, 0xFF, 0xFF, 0xFF, 0xFF, 0xFF, 0xFF,
  0xFF, 0xFF, 0xFF, 0xFF, 0xFF, 0xFF, 0xFF, 0xFF, 0xFF, 0xFF, 0xFF, 0xFF,
  0xFF, 0xFF, 0xFF, 0xFF, 0xFF, 0xFF, 0xFF, 0xFF, 0xFF, 0xFF, 0xFF, 0xFF,
  0xFF, 0xFF, 0xFF, 0xFF, 0xFF, 0xFF, 0xFF, 0xFF, 0xFF, 0xFC, 0xFF, 0xF9,
  0xFF, 0xFC, 0x3F, 0xF8, 0x7F, 0xFE, 0x0F, 0xF8, 0x3F, 0xFF, 0x83, 0xF8,
  0x3F, 0xFF, 0xE0, 0xF8, 0x3F, 0xFF, 0xF8, 0x38, 0x3F, 0xFF, 0xFE, 0x08,
  0x3F, 0xFF, 0xFF, 0x80, 0x3F, 0xFF, 0xFF, 0xE0, 0x3F, 0xFF, 0xFF, 0xF8,
  0x3F, 0xFF, 0xFF, 0xF8, 0x0F, 0xFF, 0xFF, 0xF8, 0x03, 0xFF, 0xFF, 0xF8,
  0x20, 0xFF, 0xFF, 0xF8, 0x38, 0x3F, 0xFF, 0xF8, 0x3E, 0x0F, 0xFF, 0xF8,
  0x3F, 0x83, 0xFF, 0xF8, 0x3F, 0xE0, 0xFF, 0xFC, 0x3F, 0xF8, 0x3F, 0xFF,
  0x1F, 0xFE, 0x3F, 0xFF, 0x9F, 0xFF, 0xBF, 0xFF, 0xFF, 0xFF, 0xFF, 0xFF,
  0xFF, 0xFF, 0xFF, 0xFF, 0xFF, 0xFF, 0xFF, 0xFF, 0xFF, 0xFF, 0xFF, 0xFF,
  0xFF, 0xFF, 0xFF, 0xFF, 0xFF, 0xFF, 0xFF, 0xFF, 0xFF, 0xFF, 0xFF, 0xFF,
  0xFF, 0xFF, 0xFF, 0xFF, 0xFF, 0xFF, 0xFF, 0xFF, 0xFF, 0xFF, 0xFF, 0xFF,
  0xFF, 0xFF, 0xFF, 0xFF, 0xFF, 0xFF, 0xFF, 0xFF, 0xFF, 0xFC, 0xFF, 0xF9,
  0xFF, 0xFC, 0x3F, 0xF8, 0x7F, 0xFE, 0x0F, 0xF8, 0x3F, 0xFF, 0x83, 0xF8,
  0x3F, 0xFF, 0xE0, 0xF8, 0x3F, 0xFF, 0xF8, 0x38, 0x3F, 0xFF, 0xFE, 0x08,
  0x3F, 0xFF, 0xFF, 0x80, 0x3F, 0xFF, 0xFF, 0xE0, 0x3F, 0xFF, 0xFF, 0xF8,
  0x3F, 0xFF, 0xFF, 0xF8, 0x0F, 0xFF, 0xFF, 0xF8, 0x03, 0xFF, 0xFF, 0xF8,
  0x20, 0xFF, 0xFF, 0xF8, 0x38, 0x3F, 0xFF, 0xF8, 0x3E, 0x0F, 0xFF, 0xF8,
  0x3F, 0x83, 0xFF, 0xF8, 0x3F, 0xE0, 0xFF, 0xFC, 0x3F, 0xF8, 0x3F, 0xFF,
  0x1F, 0xFE, 0x3F, 0xFF, 0x9F, 0xFF, 0xBF, 0xFF, 0xFF, 0xFF, 0xFF, 0xFF,
  0xFF, 0xFF, 0xFF, 0xFF, 0xFF, 0xFF, 0xFF, 0xFF, 0xFF, 0xFF, 0xFF, 0xFF,
  0xFF, 0xFF, 0xFF, 0xFF, 0xFF, 0xFF, 0xFF, 0xFF, 0xFF, 0xFF, 0xFF, 0xFF,
  0xFF, 0xFF, 0xFF, 0xFF, 0xFF, 0xFF, 0xFF, 0xFF, 0xFF, 0xFF, 0xFF, 0xFF,
  0xFF, 0xFF, 0xFF, 0xFF, 0xFF, 0xFF, 0xFF, 0xFF, 0xFF, 0xFC, 0xFF, 0xF9,
  0xFF, 0xFC, 0x3F, 0xF8, 0x7F, 0xFE, 0x0F, 0xF8, 0x3F, 0xFF, 0x83, 0xF8,
  0x3F, 0xFF, 0xE0, 0xF8, 0x3F, 0xFF, 0xF8, 0x38, 0x3F, 0xFF, 0xFE, 0x08,
  0x3F, 0xFF, 0xFF, 0x80, 0x3F, 0xFF, 0xFF, 0xE0, 0x3F, 0xFF, 0xFF, 0xF8,
  0x3F, 0xFF, 0xFF, 0xF8, 0x0F, 0xFF, 0xFF, 0xF8, 0x03, 0xFF, 0xFF, 0xF8,
  0x20, 0xFF, 0xFF, 0xF8, 0x38, 0x3F, 0xFF, 0xF8, 0x3E, 0x0F, 0xFF, 0xF8,
  0x3F, 0x83, 0xFF, 0xF8, 0x3F, 0xE0, 0xFF, 0xFC, 0x3F, 0xF8, 0x3F, 0xFF,
  0x1F, 0xFE, 0x3F, 0xFF, 0x9F, 0xFF, 0xBF, 0xFF, 0xFF, 0xFF, 0xFF, 0xFF,
  0xFF, 0xFF, 0xFF, 0xFF, 0xFF, 0xFF, 0xFF, 0xFF, 0xFF, 0xFF, 0xFF, 0xFF,
  0xFF, 0xFF, 0xFF, 0xFF, 0xFF, 0xFF, 0xFF, 0xFF, 0xFF, 0xFF, 0xFF, 0xFF,
  0xFF, 0xFF, 0xFF, 0xFF, 0xFF, 0xFF, 0xFF, 0xFF, 0xFF, 0xFF, 0xFF, 0xFF,
  0xFF, 0xFF, 0xFF, 0xFF, 0xFF, 0xFF, 0xFF, 0xFF, 0xFF, 0xFC, 0xFF, 0xF9,
  0xFF, 0xFC, 0x3F, 0xF8, 0x7F, 0xFE, 0x0F, 0xF8, 0x3F, 0xFF, 0x83, 0xF8,
  0x3F, 0xFF, 0xE0, 0xF8, 0x3F, 0xFF, 0xF8, 0x38, 0x3F, 0xFF, 0xFE, 0x08,
  0x3F, 0xFF, 0xFF, 0x80, 0x3F, 0xFF, 0xFF, 0xE0, 0x3F, 0xFF, 0xFF, 0xF8,
  0x3F, 0xFF, 0xFF, 0xF8, 0x0F, 0xFF, 0xFF, 0xF8, 0x03, 0xFF, 0xFF, 0xF8,
  0x20, 0xFF, 0xFF, 0xF8, 0x38, 0x3F, 0xFF, 0xF8, 0x3E, 0x0F, 0xFF, 0xF8,
  0x3F, 0x83, 0xFF, 0xF8, 0x3F, 0xE0, 0xFF, 0xFC, 0x3F, 0xF8, 0x3F, 0xFF,
  0x1F, 0xFE, 0x3F, 0xFF, 0x9F, 0xFF, 0xBF, 0xFF, 0xFF, 0xFF, 0xFF, 0xFF,
  0xFF, 0xFF, 0xFF, 0xFF, 0xFF, 0xFF, 0xFF, 0xFF, 0xFF, 0xFF, 0xFF, 0xFF,
  0xFF, 0xFF, 0xFF, 0xFF, 0xFF, 0xFF, 0xFF, 0xFF, 0xFF, 0xFF, 0xFF, 0xFF,
  0xFF, 0xFF, 0xFF, 0xFF, 0xFF, 0xFF, 0xFF, 0xFF, 0xFF, 0xFF, 0xFF, 0xFF,
  0xFF, 0xFF, 0xFF, 0xFF, 0xFF, 0xFF, 0xFF, 0xFF, 0xFF, 0xFC, 0xFF, 0xF9,
  0xFF, 0xFC, 0x3F, 0xF8, 0x7F, 0xFE, 0x0F, 0xF8, 0x3F, 0xFF, 0x83, 0xF8,
  0x3F, 0xFF, 0xE0, 0xF8, 0x3F, 0xFF, 0xF8, 0x38, 0x3F, 0xFF, 0xFE, 0x08,
  0x3F, 0xFF, 0xFF, 0x80, 0x3F, 0xFF, 0xFF, 0xE0, 0x3F, 0xFF, 0xFF, 0xF8,
  0x3F, 0xFF, 0xFF, 0xF8, 0x0F, 0xFF, 0xFF, 0xF8, 0x03, 0xFF, 0xFF, 0xF8,
  0x20, 0xFF, 0xFF, 0xF8, 0x38, 0x3F, 0xFF, 0xF8, 0x3E, 0x0F, 0xFF, 0xF8,
  0x3F, 0x83, 0xFF, 0xF8, 0x3F, 0xE0, 0xFF, 0xFC, 0x3F, 0xF8, 0x3F, 0xFF,
  0x1F, 0xFE, 0x3F, 0xFF, 0x9F, 0xFF, 0xBF, 0xFF, 0xFF, 0xFF, 0xFF, 0xFF,
  0xFF, 0xFF, 0xFF, 0xFF, 0xFF, 0xFF, 0xFF, 0xFF, 0xFF, 0xFF, 0xFF, 0xFF,
  0xFF, 0xFF, 0xFF, 0xFF, 0xFF, 0xFF, 0xFF, 0xFF, 0xFF, 0xFF, 0xFF, 0xFF,
  0xFF, 0xFF, 0xFF, 0xFF, 0xFF, 0xFF, 0xFF, 0xFF, 0xFF, 0xFF, 0xFF, 0xFF,
  0xFF, 0xFF, 0xFF, 0xFF, 0xFF, 0xFF, 0xFF, 0xFF, 0xFF, 0xFC, 0xFF, 0xF9,
  0xFF, 0xFC, 0x3F, 0xF8, 0x7F, 0xFE, 0x0F, 0xF8, 0x3F, 0xFF, 0x83, 0xF8,
  0x3F, 0xFF, 0xE0, 0xF8, 0x3F, 0xFF, 0xF8, 0x38, 0x3F, 0xFF, 0xFE, 0x08,
  0x3F, 0xFF, 0xFF, 0x80, 0x3F, 0xFF, 0xFF, 0xE0, 0x3F, 0xFF, 0xFF, 0xF8,
  0x3F, 0xFF, 0xFF, 0xF8, 0x0F, 0xFF, 0xFF, 0xF8, 0x03, 0xFF, 0xFF, 0xF8,
  0x20, 0xFF, 0xFF, 0xF8, 0x38, 0x3F, 0xFF, 0xF8, 0x3E, 0x0F, 0xFF, 0xF8,
  0x3F, 0x83, 0xFF, 0xF8, 0x3F, 0xE0, 0xFF, 0xFC, 0x3F, 0xF8, 0x3F, 0xFF,
  0x1F, 0xFE, 0x3F, 0xFF, 0x9F, 0xFF, 0xBF, 0xFF, 0xFF, 0xFF, 0xFF, 0xFF,
  0xFF, 0xFF, 0xFF, 0xFF, 0xFF, 0xFF, 0xFF, 0xFF, 0xFF, 0xFF, 0xFF, 0xFF,
  0xFF, 0xFF, 0xFF, 0xFF, 0xFF, 0xFF, 0xFF, 0xFF, 0xFF, 0xFF, 0xFF, 0xFF,
  0xFF, 0xFF, 0xFF, 0xFF, 0xFF, 0xFF, 0xFF, 0xFF, 0xFF, 0xFF, 0xFF, 0xFF,
  0xFF, 0xFF, 0xFF, 0xFF, 0xFF, 0xFF, 0xFF, 0xFF, 0xFF, 0xFC, 0xFF, 0xF9,
  0xFF, 0xFC, 0x3F, 0xF8, 0x7F, 0xFE, 0x0F, 0xF8, 0x3F, 0xFF, 0x83, 0xF8,
  0x3F, 0xFF, 0xE0, 0xF8, 0x3F, 0xFF, 0xF8, 0x38, 0x3F, 0xFF, 0xFE, 0x08,
  0x3F, 0xFF, 0xFF, 0x80, 0x3F, 0xFF, 0xFF, 0xE0, 0x3F, 0xFF, 0xFF, 0xF8,
  0x3F, 0xFF, 0xFF, 0xF8, 0x0F, 0xFF, 0xFF, 0xF8, 0x03, 0xFF, 0xFF, 0xF8,
  0x20, 0xFF, 0xFF, 0xF8, 0x38, 0x3F, 0xFF, 0xF8, 0x3E, 0x0F, 0xFF, 0xF8,
  0x3F, 0x83, 0xFF, 0xF8, 0x3F, 0xE0, 0xFF, 0xFC, 0x3F, 0xF8, 0x3F, 0xFF,
  0x1F, 0xFE, 0x3F, 0xFF, 0x9F, 0xFF, 0xBF, 0xFF, 0xFF, 0xFF, 0xFF, 0xFF,
  0xFF, 0xFF, 0xFF, 0xFF, 0xFF, 0xFF, 0xFF, 0xFF, 0xFF, 0xFF, 0xFF, 0xFF,
  0xFF, 0xFF, 0xFF, 0xFF, 0xFF, 0xFF, 0xFF, 0xFF, 0xFF, 0xFF, 0xFF, 0xFF,
  0xFF, 0xFF, 0xFF, 0xFF, 0xFF, 0xFF, 0xFF, 0xFF, 0xFF, 0xFF, 0xFF, 0xFF,
  0xFF, 0xFF, 0xFF, 0xFF, 0xFF, 0xFF, 0xFF, 0xFF, 0xFF, 0xFC, 0xFF, 0xF9,
  0xFF, 0xFC, 0x3F, 0xF8, 0x7F, 0xFE, 0x0F, 0xF8, 0x3F, 0xFF, 0x83, 0xF8,
  0x3F, 0xFF, 0xE0, 0xF8, 0x3F, 0xFF, 0xF8, 0x38, 0x3F, 0xFF, 0xFE, 0x08,
  0x3F, 0xFF, 0xFF, 0x80, 0x3F, 0xFF, 0xFF, 0xE0, 0x3F, 0xFF, 0xFF, 0xF8,
  0x3F, 0xFF, 0xFF, 0xF8, 0x0F, 0xFF, 0xFF, 0xF8, 0x03, 0xFF, 0xFF, 0xF8,
  0x20, 0xFF, 0xFF, 0xF8, 0x38, 0x3F, 0xFF, 0xF8, 0x3E, 0x0F, 0xFF, 0xF8,
  0x3F, 0x83, 0xFF, 0xF8, 0x3F, 0xE0, 0xFF, 0xFC, 0x3F, 0xF8, 0x3F, 0xFF,
  0x1F, 0xFE, 0x3F, 0xFF, 0x9F, 0xFF, 0xBF, 0xFF, 0xFF, 0xFF, 0xFF, 0xFF,
  0xFF, 0xFF, 0xFF, 0xFF, 0xFF, 0xFF, 0xFF, 0xFF, 0xFF, 0xFF, 0xFF, 0xFF,
  0xFF, 0xFF, 0xFF, 0xFF, 0xFF, 0xFF, 0xFF, 0xFF, 0xFF, 0xFF, 0xFF, 0xFF,
  0xFF, 0xFF, 0xFF, 0xFF, 0xFF, 0xFF, 0xFF, 0xFF, 0xFF, 0xFF, 0xFF, 0xFF,
  0xFF, 0xFF, 0xFF, 0xFF, 0xFF, 0xFF, 0xFF, 0xFF, 0xFF, 0xFC, 0xFF, 0xF9,
  0xFF, 0xFC, 0x3F, 0xF8, 0x7F, 0xFE, 0x0F, 0xF8, 0x3F, 0xFF, 0x83, 0xF8,
  0x3F, 0xFF, 0xE0, 0xF8, 0x3F, 0xFF, 0xF8, 0x38, 0x3F, 0xFF, 0xFE, 0x08,
  0x3F, 0xFF, 0xFF, 0x80, 0x3F, 0xFF, 0xFF, 0xE0, 0x3F, 0xFF, 0xFF, 0xF8,
  0x3F, 0xFF, 0xFF, 0xF8, 0x0F, 0xFF, 0xFF, 0xF8, 0x03, 0xFF, 0xFF, 0xF8,
  0x20, 0xFF, 0xFF, 0xF8, 0x38, 0x3F, 0xFF, 0xF8, 0x3E, 0x0F, 0xFF, 0xF8,
  0x3F, 0x83, 0xFF, 0xF8, 0x3F, 0xE0, 0xFF, 0xFC, 0x3F, 0xF8, 0x3F, 0xFF,
  0x1F, 0xFE, 0x3F, 0xFF, 0x9F, 0xFF, 0xBF, 0xFF, 0xFF, 0xFF, 0xFF, 0xFF,
  0xFF, 0xFF, 0xFF, 0xFF, 0xFF, 0xFF, 0xFF, 0xFF, 0xFF, 0xFF, 0xFF, 0xFF,
  0xFF, 0xFF, 0xFF, 0xFF, 0xFF, 0xFF, 0xFF, 0xFF, 0xFF, 0xFF, 0xFF, 0xFF,
  0xFF, 0xFF, 0xFF, 0xFF, 0xFF, 0xFF, 0xFF, 0xFF, 0xFF, 0xFF, 0xFF, 0xFF,
  0xFF, 0xFF, 0xFF, 0xFF, 0xFF, 0xFF, 0xFF, 0xFF, 0xFF, 0xFC, 0xFF, 0xF9,
  0xFF, 0xFC, 0x3F, 0xF8, 0x7F, 0xFE, 0x0F, 0xF8, 0x3F, 0xFF, 0x83, 0xF8,
  0x3F, 0xFF, 0xE0, 0xF8, 0x3F, 0xFF, 0xF8, 0x38, 0x3F, 0xFF, 0xFE, 0x08,
  0x3F, 0xFF, 0xFF, 0x80, 0x3F, 0xFF, 0xFF, 0xE0, 0x3F, 0xFF, 0xFF, 0xF8,
  0x3F, 0xFF, 0xFF, 0xF8, 0x0F, 0xFF, 0xFF, 0xF8, 0x03, 0xFF, 0xFF, 0xF8,
  0x20, 0xFF, 0xFF, 0xF8, 0x38, 0x3F, 0xFF, 0xF8, 0x3E, 0x0F, 0xFF, 0xF8,
  0x3F, 0x83, 0xFF, 0xF8, 0x3F, 0xE0, 0xFF, 0xFC, 0x3F, 0xF8, 0x3F, 0xFF,
  0x1F, 0xFE, 0x3F, 0xFF, 0x9F, 0xFF, 0xBF, 0xFF, 0xFF, 0xFF, 0xFF, 0xFF,
  0xFF, 0xFF, 0xFF, 0xFF, 0xFF, 0xFF, 0xFF, 0xFF, 0xFF, 0xFF, 0xFF, 0xFF,
  0xFF, 0xFF, 0xFF, 0xFF, 0xFF, 0xFF, 0xFF, 0xFF, 0xFF, 0xFF, 0xFF, 0xFF,
  0xFF, 0xFF, 0xFF, 0xFF, 0xFF, 0xFF, 0xFF, 0xFF, 0xFF, 0xFF, 0xFF, 0xFF,
  0xFF, 0xFF, 0xFF, 0xFF, 0xFF, 0xFF, 0xFF, 0xFF, 0xFF, 0xFC, 0xFF, 0xF9,
  0xFF, 0xFC, 0x3F, 0xF8, 0x7F, 0xFE, 0x0F, 0xF8, 0x3F, 0xFF, 0x83, 0xF8,
  0x3F, 0xFF, 0xE0, 0xF8, 0x3F, 0xFF, 0xF8, 0x38, 0x3F, 0xFF, 0xFE, 0x08,
  0x3F, 0xFF, 0xFF, 0x80, 0x3F, 0xFF, 0xFF, 0xE0, 0x3F, 0xFF, 0xFF, 0xF8,
  0x3F, 0xFF, 0xFF, 0xF8, 0x0F, 0xFF, 0xFF, 0xF8, 0x03, 0xFF, 0xFF, 0xF8,
  0x20, 0xFF, 0xFF, 0xF8, 0x38, 0x3F, 0xFF, 0xF8, 0x3E, 0x0F, 0xFF, 0xF8,
  0x3F, 0x83, 0xFF, 0xF8, 0x3F, 0xE0, 0xFF, 0xFC, 0x3F, 0xF8, 0x3F, 0xFF,
  0x1F, 0xFE, 0x3F, 0xFF, 0x9F, 0xFF, 0xBF, 0xFF, 0xFF, 0xFF, 0xFF, 0xFF,
  0xFF, 0xFF, 0xFF, 0xFF, 0xFF, 0xFF, 0xFF, 0xFF, 0xFF, 0xFF, 0xFF, 0xFF,
  0xFF, 0xFF, 0xFF, 0xFF, 0xFF, 0xFF, 0xFF, 0xFF, 0x00, 0x3C, 0x7E, 0xFF,
  0xFF, 0xFF, 0xFE, 0x7C, 0x00, 0x00, 0x00, 0x00, 0x00, 0x3C, 0x3C, 0x3C,
  0x3C, 0x3C, 0x3E, 0x3E, 0x3E, 0x3E, 0x3E, 0x3E, 0x7E, 0x7E, 0x7E, 0x7E,
  0x7E, 0x7E, 0x7E, 0x7E, 0x7E, 0x7E, 0x7E, 0x7F, 0x7F, 0x7F, 0x7F, 0x7F,
  0x7F, 0xFF, 0xFF, 0x00, 0x0F, 0x00, 0x00, 0x70, 0x00, 0x03, 0x80, 0x00,
  0x1C, 0x00, 0x01, 0xE0, 0x00, 0x1F, 0x80, 0x07, 0xFF, 0xE0, 0xFF, 0xFF,
  0x0F, 0xE3, 0xF8, 0xFC, 0x0F, 0xCF, 0xE0, 0x3E, 0x7E, 0x01, 0xF7, 0xF0,
  0x0F, 0xBF, 0x80, 0x7D, 0xF8, 0x01, 0xFF, 0xC0, 0x00, 0xFE, 0x00, 0x07,
  0xF0, 0x00, 0x3F, 0x80, 0x01, 0xFC, 0x00, 0x0F, 0xE0, 0x00, 0x7F, 0x00,
  0x03, 0xFC, 0x00, 0x1F, 0xE0, 0x00, 0x7F, 0x00, 0x03, 0xFC, 0x00, 0x1F,
  0xE0, 0x02, 0x7F, 0xC0, 0x71, 0xFF, 0xFF, 0x87, 0xFF, 0xFC, 0x1F, 0xFF,
  0x80, 0x3F, 0xF0, 0x00, 0x78, 0x00, 0x03, 0xC0, 0x00, 0x1E, 0x00, 0x00,
  0xF0, 0x00, 0x07, 0x80, 0x00, 0x3C, 0x00, 0x00, 0x03, 0xFF, 0x00, 0x00,
  0x0F, 0xFF, 0xE0, 0x00, 0x1F, 0xFF, 0xF0, 0x00, 0x3F, 0x07, 0xF0, 0x00,
  0x7E, 0x01, 0xE0, 0x00, 0xFC, 0x00, 0xC0, 0x00, 0xFC, 0x00, 0x40, 0x01,
  0xFC, 0x00, 0x00, 0x01, 0xFC, 0x00, 0x00, 0x01, 0xFC, 0x00, 0x00, 0x01,
  0xFC, 0x00, 0x00, 0x01, 0xFC, 0x00, 0x00, 0x01, 0xFC, 0x00, 0x00, 0x01,
  0xFC, 0x00, 0x00, 0x3F, 0xFF, 0xF0, 0x00, 0x3F, 0xFF, 0xF0, 0x00, 0x3F,
  0xFF, 0xF0, 0x00, 0x01, 0xFC, 0x00, 0x00, 0x01, 0xFC, 0x00, 0x00, 0x01,
  0xFC, 0x00, 0x00, 0x01, 0xFC, 0x00, 0x00, 0x01, 0xFC, 0x00, 0x00, 0x01,
  0xFC, 0x00, 0x00, 0x01, 0xFC, 0x00, 0xFE, 0x01, 0xFC, 0x00, 0x7F, 0x01,
  0xF8, 0x00, 0x7F, 0x03, 0xF8, 0x00, 0x7F, 0x03, 0xF8, 0x00, 0x7F, 0x03,
  0xF0, 0x00, 0x7F, 0x0F, 0xE0, 0x00, 0x7E, 0x7F, 0xF8, 0x00, 0xFE, 0xFF,
  0xFF, 0xFF, 0xFC, 0xFF, 0xFF, 0xFF, 0xF8, 0xFE, 0x0F, 0xFF, 0xF0, 0x78,
  0x01, 0xFF, 0xC0, 0x20, 0x00, 0x00, 0x86, 0x00, 0x00, 0x39, 0xE0, 0x00,
  0x0F, 0xFE, 0x00, 0x03, 0xF3, 0xE3, 0xF8, 0xFC, 0x3F, 0xFF, 0xFF, 0x03,
  0xFF, 0xFF, 0xC0, 0x3F, 0xFF, 0xF0, 0x07, 0xFF, 0xFC, 0x00, 0xFC, 0x0F,
  0xC0, 0x3F, 0x00, 0xF8, 0x07, 0xC0, 0x1F, 0x80, 0xF8, 0x01, 0xF0, 0x3E,
  0x00, 0x3E, 0x07, 0xC0, 0x07, 0xC0, 0xF8, 0x00, 0xF8, 0x0F, 0x80, 0x1F,
  0x01, 0xF0, 0x07, 0xE0, 0x3F, 0x00, 0xF8, 0x03, 0xF0, 0x7F, 0x00, 0x7F,
  0xFF, 0xC0, 0x1F, 0xFF, 0xFC, 0x07, 0xFF, 0xFF, 0xC1, 0xFB, 0xFE, 0x7C,
  0x7E, 0x1E, 0x07, 0xDF, 0x80, 0x00, 0x7D, 0xE0, 0x00, 0x07, 0x18, 0x00,
  0x00, 0x40, 0xFF, 0xFC, 0x0F, 0xFF, 0xFF, 0xFC, 0x0F, 0xFF, 0xFF, 0xFC,
  0x0F, 0xFF, 0x1F, 0xE0, 0x00, 0xF0, 0x1F, 0xE0, 0x01, 0xF0, 0x0F, 0xF0,
  0x01, 0xE0, 0x07, 0xF0, 0x03, 0xE0, 0x07, 0xF8, 0x03, 0xC0, 0x03, 0xF8,
  0x07, 0x80, 0x01, 0xFC, 0x07, 0x80, 0x01, 0xFE, 0x0F, 0x00, 0x00, 0xFE,
  0x0F, 0x00, 0x00, 0xFF, 0x1E, 0x00, 0x00, 0x7F, 0x1C, 0x00, 0x00, 0x3F,
  0xBC, 0x00, 0x00, 0x3F, 0xB8, 0x00, 0x3F, 0xFF, 0xFF, 0xFC, 0x3F, 0xFF,
  0xFF, 0xFC, 0x3F, 0xFF, 0xFF, 0xFC, 0x00, 0x07, 0xE0, 0x00, 0x00, 0x07,
  0xE0, 0x00, 0x00, 0x07, 0xE0, 0x00, 0x00, 0x07, 0xE0, 0x00, 0x00, 0x07,
  0xE0, 0x00, 0x3F, 0xFF, 0xFF, 0xFC, 0x3F, 0xFF, 0xFF, 0xFC, 0x3F, 0xFF,
  0xFF, 0xFC, 0x00, 0x07, 0xE0, 0x00, 0x00, 0x07, 0xE0, 0x00, 0x00, 0x07,
  0xE0, 0x00, 0x00, 0x07, 0xE0, 0x00, 0x00, 0x07, 0xE0, 0x00, 0x00, 0xFF,
  0xFF, 0x80, 0x00, 0xFF, 0xFF, 0x80, 0x00, 0xFF, 0xFF, 0x80, 0xFF, 0xFF,
  0xFF, 0xFF, 0xFF, 0xFF, 0xFF, 0xFF, 0xFF, 0xF0, 0x00, 0x00, 0x00, 0xFF,
  0xFF, 0xFF, 0xFF, 0xFF, 0xFF, 0xFF, 0xFF, 0xFF, 0xF0, 0x00, 0x1C, 0x00,
  0x03, 0xFF, 0xF0, 0x0F, 0xFF, 0xFC, 0x1F, 0xF7, 0xFC, 0x3F, 0x00, 0xFC,
  0x3E, 0x00, 0x7C, 0x7E, 0x00, 0x7C, 0x7E, 0x00, 0x3C, 0x7E, 0x00, 0x3C,
  0x7F, 0x00, 0x00, 0x3F, 0x80, 0x00, 0x3F, 0xE0, 0x00, 0x1F, 0xF8, 0x00,
  0x0F, 0xFF, 0x00, 0x1F, 0xFF, 0xC0, 0x3F, 0xFF, 0xF0, 0x78, 0xFF, 0xF8,
  0x78, 0x3F, 0xFC, 0xF0, 0x0F, 0xFE, 0xF8, 0x03, 0xFF, 0xF8, 0x00, 0xFF,
  0xFC, 0x00, 0x7F, 0xFE, 0x00, 0x3F, 0x7F, 0x00, 0x1F, 0x7F, 0xC0, 0x1F,
  0x3F, 0xF0, 0x1F, 0x3F, 0xFC, 0x1E, 0x1F, 0xFF, 0x1E, 0x07, 0xFF, 0xFC,
  0x03, 0xFF, 0xF8, 0x00, 0xFF, 0xF8, 0x00, 0x1F, 0xFC, 0x00, 0x07, 0xFE,
  0x00, 0x01, 0xFE, 0x78, 0x00, 0xFE, 0x78, 0x00, 0x7E, 0x78, 0x00, 0x7E,
  0x7C, 0x00, 0x7E, 0x7C, 0x00, 0x7E, 0x7E, 0x00, 0xFC, 0xFF, 0xC3, 0xF8,
  0xFF, 0xFF, 0xF0, 0x0F, 0xFF, 0xC0, 0x00, 0x7A, 0x00, 0x3C, 0x07, 0x9F,
  0x83, 0xE7, 0xE1, 0xFF, 0xF8, 0x7F, 0xFE, 0x1F, 0xDF, 0x87, 0xF7, 0xC0,
  0xF8, 0x40, 0x08, 0x00, 0x01, 0xFF, 0x00, 0x00, 0x00, 0x1F, 0xFF, 0xC0,
  0x00, 0x00, 0xFF, 0xFF, 0xE0, 0x00, 0x07, 0xE0, 0x03, 0xF0, 0x00, 0x1F,
  0x00, 0x01, 0xF0, 0x00, 0x78, 0x00, 0x00, 0xF0, 0x01, 0xE0, 0x00, 0x00,
  0xF0, 0x07, 0x80, 0x00, 0x00, 0xF0, 0x1E, 0x00, 0x00, 0x00, 0xF0, 0x78,
  0x01, 0xFF, 0x80, 0xE0, 0xE0, 0x0F, 0xFF, 0x80, 0xE3, 0xC0, 0x3F, 0xFF,
  0x01, 0xE7, 0x00, 0xF8, 0x1E, 0x01, 0xCE, 0x03, 0xE0, 0x3C, 0x03, 0xB8,
  0x07, 0x80, 0x38, 0x07, 0xF0, 0x1F, 0x00, 0x70, 0x07, 0xE0, 0x3C, 0x00,
  0x00, 0x0F, 0xC0, 0x78, 0x00, 0x00, 0x1F, 0x81, 0xF0, 0x00, 0x00, 0x3F,
  0x03, 0xE0, 0x00, 0x00, 0x7E, 0x07, 0xC0, 0x00, 0x00, 0xFC, 0x0F, 0x80,
  0x00, 0x01, 0xF8, 0x0F, 0x80, 0x00, 0x03, 0xF0, 0x1F, 0x00, 0x00, 0x07,
  0xE0, 0x3F, 0x00, 0x00, 0x0F, 0xC0, 0x7E, 0x00, 0x80, 0x3D, 0xC0, 0x7F,
  0x03, 0x80, 0x73, 0x80, 0x7F, 0xFF, 0x00, 0xE7, 0x80, 0xFF, 0xFC, 0x03,
  0xC7, 0x00, 0x7F, 0xF0, 0x07, 0x0F, 0x00, 0x3F, 0x80, 0x1E, 0x0F, 0x00,
  0x00, 0x00, 0x78, 0x0F, 0x00, 0x00, 0x01, 0xE0, 0x0F, 0x00, 0x00, 0x07,
  0x80, 0x0F, 0x00, 0x00, 0x1E, 0x00, 0x0F, 0x80, 0x00, 0xF8, 0x00, 0x0F,
  0xC0, 0x07, 0xE0, 0x00, 0x07, 0xFF, 0xFF, 0x00, 0x00, 0x03, 0xFF, 0xF8,
  0x00, 0x00, 0x00, 0xFF, 0x80, 0x00, 0x00, 0xF0, 0x00, 0xFF, 0xF0, 0x3F,
  0xFF, 0x87, 0xFF, 0xF8, 0x38, 0x1F, 0xC2, 0x00, 0xFC, 0x00, 0x07, 0xC0,
  0x00, 0x7C, 0x00, 0x07, 0xC0, 0x1F, 0xFC, 0x0F, 0xFF, 0xC3, 0xFE, 0x7C,
  0x7F, 0x07, 0xC7, 0xE0, 0x7C, 0xFC, 0x07, 0xCF, 0xC0, 0x7C, 0xFC, 0x07,
  0xCF, 0xE0, 0x7C, 0xFE, 0x0F, 0xC7, 0xFF, 0xFC, 0x3F, 0xF7, 0xF1, 0xFC,
  0x7F, 0x00, 0x30, 0x01, 0x80, 0x1E, 0x00, 0xF0, 0x0F, 0x00, 0x7C, 0x07,
  0xC0, 0x3E, 0x03, 0xE0, 0x1F, 0x01, 0xF0, 0x0F, 0x80, 0xFC, 0x07, 0xE0,
  0x7E, 0x07, 0xF0, 0x3F, 0x03, 0xF8, 0x1F, 0xC1, 0xFE, 0x0F, 0xE0, 0x7F,
  0x03, 0xF8, 0x1F, 0x80, 0xFE, 0x07, 0xE0, 0x3F, 0x81, 0xFC, 0x07, 0xF0,
  0x7F, 0x80, 0xFE, 0x07, 0xF0, 0x1F, 0x80, 0xFC, 0x03, 0xF0, 0x1F, 0x80,
  0x7C, 0x03, 0xF0, 0x0F, 0x80, 0x7C, 0x01, 0xF0, 0x0F, 0x80, 0x3C, 0x01,
  0xF0, 0x07, 0x80, 0x3C, 0x00, 0x80, 0x04, 0xFF, 0xFF, 0xFF, 0xFF, 0xFF,
  0xFF, 0xFF, 0xFF, 0xFF, 0xFF, 0xFF, 0xF0, 0x00, 0x03, 0xE0, 0x00, 0x07,
  0xC0, 0x00, 0x0F, 0x80, 0x00, 0x1F, 0x00, 0x00, 0x3E, 0x00, 0x00, 0x7C,
  0x00, 0x00, 0xF8, 0x00, 0x01, 0xF0, 0x00, 0x03, 0xE0, 0xFF, 0xFF, 0xFF,
  0xFF, 0xFF, 0xFF, 0xFF, 0xFF, 0xFF, 0xFF, 0xFF, 0xFF, 0xFF, 0xFF, 0xFF,
  0xFF, 0xFF, 0xFF, 0xFF, 0xFF, 0xFF, 0xFF, 0xFF, 0xFF, 0xFF, 0xFC, 0xFF,
  0xF9, 0xFF, 0xFC, 0x3F, 0xF8, 0x7F, 0xFE, 0x0F, 0xF8, 0x3F, 0xFF, 0x83,
  0xF8, 0x3F, 0xFF, 0xE0, 0xF8, 0x3F, 0xFF, 0xF8, 0x38, 0x3F, 0xFF, 0xFE,
  0x08, 0x3F, 0xFF, 0xFF, 0x80, 0x3F, 0xFF, 0xFF, 0xE0, 0x3F, 0xFF, 0xFF,
  0xF8, 0x3F, 0xFF, 0xFF, 0xF8, 0x0F, 0xFF, 0xFF, 0xF8, 0x03, 0xFF, 0xFF,
  0xF8, 0x20, 0xFF, 0xFF, 0xF8, 0x38, 0x3F, 0xFF, 0xF8, 0x3E, 0x0F, 0xFF,
  0xF8, 0x3F, 0x83, 0xFF, 0xF8, 0x3F, 0xE0, 0xFF, 0xFC, 0x3F, 0xF8, 0x3F,
  0xFF, 0x1F, 0xFE, 0x3F, 0xFF, 0x9F, 0xFF, 0xBF, 0xFF, 0xFF, 0xFF, 0xFF,
  0xFF, 0xFF, 0xFF, 0xFF, 0xFF, 0xFF, 0xFF, 0xFF, 0xFF, 0xFF, 0xFF, 0xFF,
  0xFF, 0xFF, 0xFF, 0xFF, 0xFF, 0xFF, 0xFF, 0xFF, 0xFF, 0x00, 0x01, 0xFF,
  0x00, 0x00, 0x00, 0x1F, 0xFF, 0xC0, 0x00, 0x00, 0xFF, 0xFF, 0xE0, 0x00,
  0x07, 0xE0, 0x03, 0xF0, 0x00, 0x1F, 0x00, 0x01, 0xF0, 0x00, 0x78, 0x00,
  0x00, 0xF0, 0x01, 0xE0, 0x00, 0x00, 0xF0, 0x07, 0x80, 0x00, 0x00, 0xF0,
  0x1E, 0x00, 0x00, 0x00, 0xF0, 0x78, 0x7F, 0xFF, 0x00, 0xE0, 0xE0, 0xFF,
  0xFF, 0x00, 0xE3, 0xC0, 0xFE, 0x7F, 0x01, 0xE7, 0x00, 0xF8, 0x1F, 0x01,
  0xCE, 0x01, 0xF0, 0x3E, 0x03, 0xB8, 0x03, 0xE0, 0x7E, 0x07, 0xF0, 0x07,
  0xC0, 0xF8, 0x07, 0xE0, 0x0F, 0x81, 0xF0, 0x0F, 0xC0, 0x1F, 0x03, 0xE0,
  0x1F, 0x80, 0x3E, 0x0F, 0xC0, 0x3F, 0x00, 0x7C, 0x3F, 0x00, 0x7E, 0x00,
  0xFF, 0xF8, 0x00, 0xFC, 0x01, 0xFF, 0xE0, 0x01, 0xF8, 0x03, 0xE3, 0xF0,
  0x03, 0xF0, 0x07, 0xC3, 0xF0, 0x07, 0xE0, 0x0F, 0x83, 0xE0, 0x0F, 0xC0,
  0x1F, 0x07, 0xE0, 0x3D, 0xC0, 0x3E, 0x07, 0xC0, 0x73, 0x80, 0x7C, 0x0F,
  0xC0, 0xE7, 0x80, 0xF8, 0x1F, 0xC3, 0xC7, 0x07, 0xFC, 0x1F, 0x87, 0x0F,
  0x0F, 0xF8, 0x1F, 0x1E, 0x0F, 0x00, 0x00, 0x00, 0x78, 0x0F, 0x00, 0x00,
  0x01, 0xE0, 0x0F, 0x00, 0x00, 0x07, 0x80, 0x0F, 0x00, 0x00, 0x1E, 0x00,
  0x0F, 0x80, 0x00, 0xF8, 0x00, 0x0F, 0xC0, 0x07, 0xE0, 0x00, 0x07, 0xFF,
  0xFF, 0x00, 0x00, 0x03, 0xFF, 0xF8, 0x00, 0x00, 0x00, 0xFF, 0x80, 0x00,
  0xFF, 0xFF, 0xFF, 0xFF, 0xFF, 0xFF, 0xFF, 0xF0, 0x07, 0xF0, 0x07, 0xFC,
  0x0F, 0xFF, 0x87, 0xFF, 0xC7, 0xC1, 0xF7, 0xC0, 0x7F, 0xC0, 0x1F, 0xE0,
  0x0F, 0xF0, 0x07, 0xF8, 0x03, 0xFE, 0x01, 0xEF, 0x01, 0xE7, 0xE1, 0xF1,
  0xFF, 0xF0, 0x7F, 0xF0, 0x1F, 0xF0, 0x01, 0xC0, 0x00, 0x00, 0x78, 0x00,
  0x01, 0xE0, 0x00, 0x07, 0x80, 0x00, 0x1E, 0x00, 0x00, 0x78, 0x00, 0x01,
  0xE0, 0x00, 0x07, 0x80, 0x00, 0x1E, 0x00, 0x00, 0x78, 0x03, 0xFF, 0xFF,
  0xFF, 0xFF, 0xFF, 0xFF, 0xFF, 0xFF, 0xFF, 0xFF, 0xFC, 0x01, 0xE0, 0x00,
  0x07, 0x80, 0x00, 0x1E, 0x00, 0x00, 0x78, 0x00, 0x01, 0xE0, 0x00, 0x07,
  0x80, 0x00, 0x1E, 0x00, 0x00, 0x00, 0x00, 0x00, 0x00, 0x0F, 0xFF, 0xFF,
  0xBF, 0xFF, 0xFE, 0xFF, 0xFF, 0xFB, 0xFF, 0xFF, 0xE0, 0x00, 0xE0, 0x01,
  0xFF, 0x80, 0x7F, 0xF8, 0x1F, 0xFF, 0x87, 0xC3, 0xF0, 0xE0, 0x3F, 0x08,
  0x07, 0xE0, 0x00, 0xFC, 0x00, 0x1F, 0x80, 0x03, 0xE0, 0x00, 0x7C, 0x00,
  0x0F, 0x00, 0x03, 0xE0, 0x00, 0xF8, 0x00, 0x3E, 0x00, 0x0F, 0x80, 0x03,
  0xE0, 0x80, 0xF8, 0x1C, 0x7C, 0x07, 0x1F, 0x1F, 0xEF, 0xFF, 0xFC, 0xFF,
  0xFF, 0x9F, 0xFF, 0xF0, 0x01, 0x80, 0x3F, 0xF8, 0xFF, 0xFC, 0xFF, 0xFE,
  0x60, 0x7E, 0x00, 0x7E, 0x00, 0x3E, 0x00, 0x7E, 0x00, 0x7C, 0x01, 0xF8,
  0x07, 0xE0, 0x1F, 0x80, 0x1F, 0xFC, 0x00, 0x7E, 0x00, 0x3F, 0x00, 0x3F,
  0x00, 0x1F, 0x00, 0x3F, 0x00, 0x3F, 0x00, 0x7E, 0xFF, 0xFE, 0xFF, 0xF8,
  0xFF, 0xE0, 0x00, 0x80, 0x1C, 0x03, 0xE0, 0x7F, 0x07, 0xF0, 0xFE, 0x1F,
  0xC3, 0xF8, 0x7F, 0x0F, 0xE0, 0x78, 0x03, 0x00, 0x03, 0x80, 0x07, 0x1F,
  0xF0, 0x3F, 0xF3, 0xFE, 0x07, 0xFE, 0x7F, 0xC0, 0xFF, 0xC1, 0xF8, 0x03,
  0xF8, 0x3F, 0x00, 0x7F, 0x07, 0xE0, 0x0F, 0xE0, 0xFC, 0x01, 0xFC, 0x1F,
  0x80, 0x3F, 0x83, 0xF0, 0x07, 0xF0, 0x7E, 0x00, 0xFE, 0x0F, 0xC0, 0x1F,
  0xC1, 0xF8, 0x03, 0xF8, 0x3F, 0x00, 0x7F, 0x07, 0xE0, 0x0F, 0xE0, 0xFC,
  0x01, 0xFC, 0x1F, 0x80, 0x3F, 0x83, 0xF0, 0x07, 0xF0, 0x7E, 0x00, 0xFE,
  0x0F, 0xC0, 0x1F, 0xC1, 0xF8, 0x03, 0xF8, 0x3F, 0x80, 0x7F, 0x07, 0xF8,
  0x1F, 0xE0, 0xFF, 0xFF, 0xFC, 0x1F, 0xFF, 0xFF, 0xE3, 0xFF, 0xFB, 0xFC,
  0x7E, 0xFE, 0x3F, 0x8F, 0xC0, 0x00, 0x01, 0xF8, 0x00, 0x00, 0x3F, 0x00,
  0x00, 0x07, 0xE0, 0x00, 0x00, 0xFC, 0x00, 0x00, 0x1F, 0x80, 0x00, 0x03,
  0xF0, 0x00, 0x00, 0x7E, 0x00, 0x00, 0x0F, 0xC0, 0x00, 0x00, 0x01, 0xFF,
  0xFF, 0xFC, 0x1F, 0xFF, 0xFF, 0xF1, 0xFF, 0xFF, 0xFF, 0xCF, 0xFF, 0x81,
  0xF8, 0x3F, 0xFE, 0x07, 0xE1, 0xFF, 0xF8, 0x1F, 0x87, 0xFF, 0xE0, 0x7E,
  0x3F, 0xFF, 0x81, 0xF8, 0xFF, 0xFE, 0x07, 0xE3, 0xFF, 0xF8, 0x1F, 0x8F,
  0xFF, 0xE0, 0x7E, 0x3F, 0xFF, 0x81, 0xF8, 0xFF, 0xFE, 0x07, 0xE3, 0xFF,
  0xF8, 0x1F, 0x87, 0xFF, 0xE0, 0x7E, 0x1F, 0xFF, 0x81, 0xF8, 0x7F, 0xFE,
  0x07, 0xE0, 0xFF, 0xF8, 0x1F, 0x81, 0xFF, 0xE0, 0x7E, 0x03, 0xFF, 0x81,
  0xF8, 0x01, 0xFE, 0x07, 0xE0, 0x00, 0xF8, 0x1F, 0x80, 0x03, 0xE0, 0x7E,
  0x00, 0x0F, 0x81, 0xF8, 0x00, 0x3E, 0x07, 0xE0, 0x00, 0xF8, 0x1F, 0x80,
  0x03, 0xE0, 0x7E, 0x00, 0x0F, 0x81, 0xF8, 0x00, 0x3E, 0x07, 0xE0, 0x00,
  0xF8, 0x1F, 0x80, 0x03, 0xE0, 0x7E, 0x00, 0x0F, 0x81, 0xF8, 0x00, 0x3E,
  0x07, 0xE0, 0x00, 0xF8, 0x1F, 0x80, 0x03, 0xE0, 0x7E, 0x00, 0x0F, 0x81,
  0xF8, 0x07, 0xFE, 0x07, 0xFC, 0x1F, 0xF8, 0x1F, 0xF0, 0x7F, 0xE0, 0x7F,
  0xC0, 0x3E, 0x7E, 0xFF, 0xFF, 0xFF, 0xFE, 0x7C, 0x0F, 0x01, 0xC0, 0x78,
  0x0F, 0x03, 0xC1, 0xF0, 0x7F, 0x7F, 0xFF, 0xFF, 0xFF, 0xF8, 0xF8, 0x01,
  0x00, 0x1F, 0x01, 0xFC, 0x3F, 0xF0, 0xFF, 0xC3, 0xDF, 0x00, 0x7C, 0x01,
  0xF0, 0x07, 0xC0, 0x1F, 0x00, 0x7C, 0x01, 0xF0, 0x07, 0xC0, 0x1F, 0x00,
  0x7C, 0x01, 0xF0, 0x07, 0xC0, 0x1F, 0x00, 0x7C, 0x01, 0xF0, 0x1F, 0xF3,
  0xFF, 0xFF, 0xFF, 0xC0, 0x00, 0x78, 0x00, 0x1F, 0xF8, 0x03, 0xFF, 0xF0,
  0x3F, 0x0F, 0xC3, 0xF0, 0x7E, 0x1F, 0x01, 0xF9, 0xF8, 0x0F, 0xCF, 0xC0,
  0x3F, 0x7E, 0x01, 0xFF, 0xE0, 0x0F, 0xFF, 0x00, 0x7F, 0xF8, 0x03, 0xFF,
  0xC0, 0x1F, 0xFF, 0x00, 0xFD, 0xF8, 0x07, 0xEF, 0xC0, 0x3E, 0x7E, 0x03,
  0xF1, 0xF8, 0x1F, 0x0F, 0xC0, 0xF8, 0x3F, 0x9F, 0x80, 0xFF, 0xF0, 0x01,
  0xFF, 0x00, 0x30, 0x01, 0x80, 0x1F, 0x00, 0x78, 0x01, 0xF0, 0x07, 0x80,
  0x1F, 0x00, 0xF8, 0x01, 0xF0, 0x0F, 0x80, 0x3F, 0x01, 0xF8, 0x03, 0xF0,
  0x1F, 0x80, 0x3F, 0x01, 0xF8, 0x07, 0xF0, 0x3F, 0x80, 0x7F, 0x03, 0xF8,
  0x07, 0xF0, 0x3F, 0x80, 0xFE, 0x07, 0xF0, 0x1F, 0xC0, 0xFE, 0x03, 0xF8,
  0x3F, 0xC0, 0xFE, 0x07, 0xF0, 0x3F, 0x81, 0xFC, 0x0F, 0xE0, 0x3F, 0x01,
  0xF8, 0x0F, 0xC0, 0x7E, 0x03, 0xF0, 0x1F, 0x80, 0x7C, 0x03, 0xE0, 0x1F,
  0x00, 0xF8, 0x07, 0xC0, 0x3E, 0x00, 0xF0, 0x01, 0x80, 0x04, 0x00, 0x01,
  0x00, 0x00, 0x3E, 0x00, 0x03, 0xE0, 0x00, 0x1E, 0x00, 0x07, 0xF0, 0x00,
  0x1E, 0x00, 0x1F, 0xF8, 0x00, 0x0F, 0x00, 0x0F, 0xFC, 0x00, 0x0F, 0x00,
  0x07, 0xBE, 0x00, 0x07, 0x80, 0x00, 0x1F, 0x00, 0x07, 0x80, 0x00, 0x0F,
  0x80, 0x03, 0xC0, 0x00, 0x07, 0xC0, 0x03, 0xE0, 0x00, 0x03, 0xE0, 0x01,
  0xE0, 0x00, 0x01, 0xF0, 0x01, 0xF0, 0x00, 0x00, 0xF8, 0x00, 0xF0, 0x00,
  0x00, 0x7C, 0x00, 0xF8, 0x00, 0x00, 0x3E, 0x00, 0x78, 0x00, 0x00, 0x1F,
  0x00, 0x7C, 0x00, 0x00, 0x0F, 0x80, 0x3C, 0x00, 0x00, 0x07, 0xC0, 0x1E,
  0x03, 0xF0, 0x03, 0xE0, 0x1E, 0x03, 0xF0, 0x01, 0xF0, 0x0F, 0x01, 0xF8,
  0x00, 0xF8, 0x0F, 0x01, 0xF8, 0x01, 0xFF, 0x07, 0x80, 0xF8, 0x07, 0xFF,
  0xE7, 0x80, 0xFC, 0x03, 0xFF, 0xF3, 0xC0, 0x7C, 0x00, 0x00, 0x03, 0xC0,
  0x7E, 0x00, 0x00, 0x01, 0xE0, 0x3E, 0x00, 0x00, 0x01, 0xE0, 0x3E, 0x3E,
  0x00, 0x00, 0xF0, 0x1F, 0x1F, 0x00, 0x00, 0xF0, 0x1F, 0x0F, 0x80, 0x00,
  0x78, 0x0F, 0x07, 0xC0, 0x00, 0x78, 0x0F, 0x03, 0xE0, 0x00, 0x3C, 0x0F,
  0xFF, 0xFE, 0x00, 0x3C, 0x03, 0xFF, 0xFF, 0x00, 0x1E, 0x01, 0xFF, 0xFF,
  0x80, 0x1F, 0x00, 0x00, 0x3E, 0x00, 0x0F, 0x00, 0x00, 0x1F, 0x00, 0x0F,
  0x80, 0x00, 0x0F, 0x80, 0x07, 0x80, 0x00, 0x07, 0xC0, 0x07, 0xC0, 0x00,
  0x03, 0xE0, 0x03, 0xC0, 0x00, 0x00, 0x00, 0x03, 0xE0, 0x00, 0x00, 0x00,
  0x01, 0x00, 0x00, 0x3E, 0x00, 0x00, 0xF8, 0x00, 0x07, 0x80, 0x00, 0x7F,
  0x00, 0x01, 0xE0, 0x00, 0x7F, 0xE0, 0x00, 0x3C, 0x00, 0x0F, 0xFC, 0x00,
  0x0F, 0x00, 0x01, 0xEF, 0x80, 0x01, 0xE0, 0x00, 0x01, 0xF0, 0x00, 0x78,
  0x00, 0x00, 0x3E, 0x00, 0x0F, 0x00, 0x00, 0x07, 0xC0, 0x03, 0xE0, 0x00,
  0x00, 0xF8, 0x00, 0x78, 0x00, 0x00, 0x1F, 0x00, 0x1F, 0x00, 0x00, 0x03,
  0xE0, 0x03, 0xC0, 0x00, 0x00, 0x7C, 0x00, 0xF8, 0x00, 0x00, 0x0F, 0x80,
  0x1E, 0x00, 0x00, 0x01, 0xF0, 0x07, 0xC0, 0x00, 0x00, 0x3E, 0x00, 0xF0,
  0x07, 0x00, 0x07, 0xC0, 0x1E, 0x0F, 0xFC, 0x00, 0xF8, 0x07, 0x83, 0xFF,
  0xC0, 0x1F, 0x00, 0xF0, 0xFF, 0xFC, 0x03, 0xE0, 0x3C, 0x3E, 0x1F, 0x81,
  0xFF, 0x07, 0x87, 0x01, 0xF9, 0xFF, 0xF9, 0xE0, 0x40, 0x3F, 0x3F, 0xFF,
  0x3C, 0x00, 0x07, 0xE0, 0x00, 0x0F, 0x00, 0x00, 0xFC, 0x00, 0x01, 0xE0,
  0x00, 0x1F, 0x00, 0x00, 0x78, 0x00, 0x03, 0xE0, 0x00, 0x0F, 0x00, 0x00,
  0x78, 0x00, 0x03, 0xC0, 0x00, 0x1F, 0x00, 0x00, 0x78, 0x00, 0x07, 0xC0,
  0x00, 0x1E, 0x00, 0x01, 0xF0, 0x00, 0x03, 0xC0, 0x00, 0x7C, 0x00, 0x00,
  0xF0, 0x00, 0x1F, 0x04, 0x00, 0x1E, 0x00, 0x07, 0xC0, 0xE0, 0x07, 0xC0,
  0x03, 0xE0, 0x38, 0x00, 0xF0, 0x00, 0xF8, 0xFF, 0x00, 0x3E, 0x00, 0x7F,
  0xFF, 0xE0, 0x07, 0x80, 0x07, 0xFF, 0xFC, 0x01, 0xF0, 0x00, 0xFF, 0xFF,
  0x80, 0x3C, 0x00, 0x00, 0x00, 0x00, 0x0F, 0x80, 0x00, 0x00, 0x00, 0x01,
  0x80, 0x00, 0x07, 0xC0, 0x07, 0xFF, 0x00, 0x00, 0xF0, 0x03, 0xFF, 0xF0,
  0x00, 0x3C, 0x00, 0x7F, 0xFF, 0x00, 0x07, 0x80, 0x06, 0x07, 0xE0, 0x01,
  0xE0, 0x00, 0x00, 0xFC, 0x00, 0x3C, 0x00, 0x00, 0x0F, 0x80, 0x0F, 0x00,
  0x00, 0x03, 0xF0, 0x01, 0xE0, 0x00, 0x00, 0x7C, 0x00, 0x7C, 0x00, 0x00,
  0x3F, 0x00, 0x0F, 0x00, 0x00, 0x1F, 0x80, 0x03, 0xE0, 0x00, 0x0F, 0xC0,
  0x00, 0x78, 0x00, 0x01, 0xFF, 0xC0, 0x1F, 0x00, 0x00, 0x00, 0xFC, 0x03,
  0xC0, 0x00, 0x00, 0x0F, 0xC0, 0xF8, 0x00, 0x00, 0x01, 0xF8, 0x1E, 0x00,
  0x00, 0x00, 0x1F, 0x03, 0xC0, 0xFC, 0x00, 0x07, 0xE0, 0xF0, 0x3F, 0x00,
  0x00, 0xFC, 0x1E, 0x07, 0xE0, 0x00, 0x3F, 0x07, 0x81, 0xF8, 0x0F, 0xFF,
  0xE0, 0xF0, 0x3E, 0x01, 0xFF, 0xF0, 0x3C, 0x0F, 0xC0, 0x3F, 0xF8, 0x07,
  0x81, 0xF0, 0x00, 0x00, 0x01, 0xE0, 0x7E, 0x00, 0x00, 0x00, 0x3C, 0x0F,
  0x80, 0x00, 0x00, 0x0F, 0x03, 0xE3, 0xE0, 0x00, 0x01, 0xE0, 0x7C, 0x7C,
  0x00, 0x00, 0x78, 0x1F, 0x0F, 0x80, 0x00, 0x0F, 0x03, 0xC1, 0xF0, 0x00,
  0x03, 0xC0, 0xF0, 0x3E, 0x00, 0x00, 0x78, 0x3F, 0xFF, 0xF8, 0x00, 0x1E,
  0x03, 0xFF, 0xFF, 0x00, 0x03, 0xC0, 0x7F, 0xFF, 0xE0, 0x00, 0xF8, 0x00,
  0x03, 0xE0, 0x00, 0x1E, 0x00, 0x00, 0x7C, 0x00, 0x07, 0xC0, 0x00, 0x0F,
  0x80, 0x00, 0xF0, 0x00, 0x01, 0xF0, 0x00, 0x3E, 0x00, 0x00, 0x3E, 0x00,
  0x07, 0x80, 0x00, 0x00, 0x00, 0x01, 0xF0, 0x00, 0x00, 0x00, 0x00, 0x3E,
  0x00, 0x07, 0xF0, 0x00, 0xFF, 0x00, 0x0F, 0xF0, 0x00, 0xFF, 0x00, 0x07,
  0xF0, 0x00, 0x7E, 0x00, 0x00, 0x00, 0x00, 0x00, 0x00, 0x00, 0x00, 0x00,
  0x00, 0x00, 0x00, 0x00, 0x00, 0x3C, 0x00, 0x03, 0xE0, 0x00, 0x1E, 0x00,
  0x01, 0xF0, 0x00, 0x1F, 0x00, 0x01, 0xF0, 0x00, 0x1F, 0x00, 0x03, 0xF0,
  0x00, 0x3F, 0x00, 0x0F, 0xE0, 0x01, 0xFC, 0x00, 0x7F, 0x80, 0x0F, 0xE0,
  0x01, 0xFC, 0x00, 0x3F, 0x80, 0x07, 0xF0, 0x00, 0x7E, 0x00, 0x07, 0xE0,
  0x00, 0xFE, 0x00, 0x0F, 0xE0, 0x00, 0xFE, 0x00, 0x0F, 0xE0, 0x00, 0x7E,
  0x00, 0x07, 0xF0, 0x00, 0x7F, 0x80, 0x03, 0xFC, 0x00, 0x3F, 0xF8, 0x71,
  0xFF, 0xFF, 0x0F, 0xFF, 0xF0, 0x3F, 0xFF, 0x00, 0x7F, 0xC0, 0x00, 0x02,
  0x00, 0x00, 0x00, 0x00, 0xC0, 0x00, 0x00, 0x00, 0x7C, 0x00, 0x00, 0x00,
  0x1F, 0xC0, 0x00, 0x00, 0x01, 0xFC, 0x00, 0x00, 0x00, 0x1F, 0x80, 0x00,
  0x00, 0x01, 0xF8, 0x00, 0x00, 0x00, 0x0F, 0x80, 0x00, 0x00, 0x00, 0xE0,
  0x00, 0x00, 0x00, 0x00, 0x00, 0x00, 0x00, 0x00, 0x00, 0x00, 0x00, 0x00,
  0x00, 0x00, 0x00, 0x00, 0x3F, 0xC0, 0x00, 0x00, 0x07, 0xF8, 0x00, 0x00,
  0x01, 0xFF, 0x00, 0x00, 0x00, 0x3F, 0xF0, 0x00, 0x00, 0x07, 0xFE, 0x00,
  0x00, 0x01, 0xFF, 0xC0, 0x00, 0x00, 0x3D, 0xFC, 0x00, 0x00, 0x07, 0x9F,
  0x80, 0x00, 0x01, 0xF3, 0xF0, 0x00, 0x00, 0x3C, 0x7F, 0x00, 0x00, 0x07,
  0x8F, 0xE0, 0x00, 0x01, 0xF0, 0xFC, 0x00, 0x00, 0x3C, 0x1F, 0xC0, 0x00,
  0x07, 0x83, 0xF8, 0x00, 0x01, 0xF0, 0x7F, 0x00, 0x00, 0x3E, 0x07, 0xF0,
  0x00, 0x0F, 0x80, 0xFE, 0x00, 0x01, 0xF0, 0x1F, 0xC0, 0x00, 0x3E, 0x01,
  0xFC, 0x00, 0x0F, 0x80, 0x3F, 0x80, 0x01, 0xF0, 0x07, 0xF0, 0x00, 0x3E,
  0x00, 0xFF, 0x00, 0x0F, 0xFF, 0xFF, 0xE0, 0x01, 0xFF, 0xFF, 0xFC, 0x00,
  0x3F, 0xFF, 0xFF, 0xC0, 0x0F, 0xFF, 0xFF, 0xF8, 0x01, 0xF0, 0x00, 0x7F,
  0x00, 0x3E, 0x00, 0x0F, 0xF0, 0x0F, 0xC0, 0x01, 0xFE, 0x01, 0xF0, 0x00,
  0x1F, 0xC0, 0x3E, 0x00, 0x03, 0xFC, 0x0F, 0xC0, 0x00, 0x7F, 0x8F, 0xFF,
  0x00, 0x7F, 0xFF, 0xFF, 0xE0, 0x0F, 0xFF, 0xFF, 0xFC, 0x01, 0xFF, 0xF8,
  0x00, 0x00, 0x04, 0x00, 0x00, 0x00, 0x01, 0xC0, 0x00, 0x00, 0x00, 0x7C,
  0x00, 0x00, 0x00, 0x1F, 0xC0, 0x00, 0x00, 0x03, 0xF0, 0x00, 0x00, 0x00,
  0xFC, 0x00, 0x00, 0x00, 0x3F, 0x00, 0x00, 0x00, 0x0F, 0xC0, 0x00, 0x00,
  0x00, 0xE0, 0x00, 0x00, 0x00, 0x00, 0x00, 0x00, 0x00, 0x00, 0x00, 0x00,
  0x00, 0x00, 0x00, 0x00, 0x00, 0x00, 0x3F, 0xC0, 0x00, 0x00, 0x07, 0xF8,
  0x00, 0x00, 0x01, 0xFF, 0x00, 0x00, 0x00, 0x3F, 0xF0, 0x00, 0x00, 0x07,
  0xFE, 0x00, 0x00, 0x01, 0xFF, 0xC0, 0x00, 0x00, 0x3D, 0xFC, 0x00, 0x00,
  0x07, 0x9F, 0x80, 0x00, 0x01, 0xF3, 0xF0, 0x00, 0x00, 0x3C, 0x7F, 0x00,
  0x00, 0x07, 0x8F, 0xE0, 0x00, 0x01, 0xF0, 0xFC, 0x00, 0x00, 0x3C, 0x1F,
  0xC0, 0x00, 0x07, 0x83, 0xF8, 0x00, 0x01, 0xF0, 0x7F, 0x00, 0x00, 0x3E,
  0x07, 0xF0, 0x00, 0x0F, 0x80, 0xFE, 0x00, 0x01, 0xF0, 0x1F, 0xC0, 0x00,
  0x3E, 0x01, 0xFC, 0x00, 0x0F, 0x80, 0x3F, 0x80, 0x01, 0xF0, 0x07, 0xF0,
  0x00, 0x3E, 0x00, 0xFF, 0x00, 0x0F, 0xFF, 0xFF, 0xE0, 0x01, 0xFF, 0xFF,
  0xFC, 0x00, 0x3F, 0xFF, 0xFF, 0xC0, 0x0F, 0xFF, 0xFF, 0xF8, 0x01, 0xF0,
  0x00, 0x7F, 0x00, 0x3E, 0x00, 0x0F, 0xF0, 0x0F, 0xC0, 0x01, 0xFE, 0x01,
  0xF0, 0x00, 0x1F, 0xC0, 0x3E, 0x00, 0x03, 0xFC, 0x0F, 0xC0, 0x00, 0x7F,
  0x8F, 0xFF, 0x00, 0x7F, 0xFF, 0xFF, 0xE0, 0x0F, 0xFF, 0xFF, 0xFC, 0x01,
  0xFF, 0xF8, 0x00, 0x00, 0xF8, 0x00, 0x00, 0x00, 0x3F, 0x00, 0x00, 0x00,
  0x0F, 0xF0, 0x00, 0x00, 0x03, 0xFF, 0x00, 0x00, 0x00, 0xF9, 0xF0, 0x00,
  0x00, 0x3E, 0x1F, 0x00, 0x00, 0x0F, 0x81, 0xF0, 0x00, 0x00, 0xC0, 0x0E,
  0x00, 0x00, 0x08, 0x00, 0x80, 0x00, 0x00, 0x00, 0x00, 0x00, 0x00, 0x00,
  0x00, 0x00, 0x00, 0x01, 0xFE, 0x00, 0x00, 0x00, 0x3F, 0xC0, 0x00, 0x00,
  0x0F, 0xF8, 0x00, 0x00, 0x01, 0xFF, 0x80, 0x00, 0x00, 0x3F, 0xF0, 0x00,
  0x00, 0x0F, 0xFE, 0x00, 0x00, 0x01, 0xEF, 0xE0, 0x00, 0x00, 0x3C, 0xFC,
  0x00, 0x00, 0x0F, 0x9F, 0x80, 0x00, 0x01, 0xE3, 0xF8, 0x00, 0x00, 0x3C,
  0x7F, 0x00, 0x00, 0x0F, 0x87, 0xE0, 0x00, 0x01, 0xE0, 0xFE, 0x00, 0x00,
  0x3C, 0x1F, 0xC0, 0x00, 0x0F, 0x83, 0xF8, 0x00, 0x01, 0xF0, 0x3F, 0x80,
  0x00, 0x7C, 0x07, 0xF0, 0x00, 0x0F, 0x80, 0xFE, 0x00, 0x01, 0xF0, 0x0F,
  0xE0, 0x00, 0x7C, 0x01, 0xFC, 0x00, 0x0F, 0x80, 0x3F, 0x80, 0x01, 0xF0,
  0x07, 0xF8, 0x00, 0x7F, 0xFF, 0xFF, 0x00, 0x0F, 0xFF, 0xFF, 0xE0, 0x01,
  0xFF, 0xFF, 0xFE, 0x00, 0x7F, 0xFF, 0xFF, 0xC0, 0x0F, 0x80, 0x03, 0xF8,
  0x01, 0xF0, 0x00, 0x7F, 0x80, 0x7E, 0x00, 0x0F, 0xF0, 0x0F, 0x80, 0x00,
  0xFE, 0x01, 0xF0, 0x00, 0x1F, 0xE0, 0x7E, 0x00, 0x03, 0xFC, 0x7F, 0xF8,
  0x03, 0xFF, 0xFF, 0xFF, 0x00, 0x7F, 0xFF, 0xFF, 0xE0, 0x0F, 0xFF, 0xC0,
  0x00, 0x07, 0xC1, 0x00, 0x00, 0x01, 0xFC, 0x38, 0x00, 0x00, 0x7F, 0xC7,
  0x00, 0x00, 0x0F, 0xFF, 0xE0, 0x00, 0x03, 0x87, 0xF8, 0x00, 0x00, 0x30,
  0x7E, 0x00, 0x00, 0x02, 0x07, 0x80, 0x00, 0x00, 0x00, 0x00, 0x00, 0x00,
  0x00, 0x00, 0x00, 0x00, 0x00, 0x00, 0x00, 0x00, 0x00, 0x0F, 0xF0, 0x00,
  0x00, 0x01, 0xFE, 0x00, 0x00, 0x00, 0x7F, 0xC0, 0x00, 0x00, 0x0F, 0xFC,
  0x00, 0x00, 0x01, 0xFF, 0x80, 0x00, 0x00, 0x7F, 0xF0, 0x00, 0x00, 0x0F,
  0x7F, 0x00, 0x00, 0x01, 0xE7, 0xE0, 0x00, 0x00, 0x7C, 0xFC, 0x00, 0x00,
  0x0F, 0x1F, 0xC0, 0x00, 0x01, 0xE3, 0xF8, 0x00, 0x00, 0x7C, 0x3F, 0x00,
  0x00, 0x0F, 0x07, 0xF0, 0x00, 0x01, 0xE0, 0xFE, 0x00, 0x00, 0x7C, 0x1F,
  0xC0, 0x00, 0x0F, 0x81, 0xFC, 0x00, 0x03, 0xE0, 0x3F, 0x80, 0x00, 0x7C,
  0x07, 0xF0, 0x00, 0x0F, 0x80, 0x7F, 0x00, 0x03, 0xE0, 0x0F, 0xE0, 0x00,
  0x7C, 0x01, 0xFC, 0x00, 0x0F, 0x80, 0x3F, 0xC0, 0x03, 0xFF, 0xFF, 0xF8,
  0x00, 0x7F, 0xFF, 0xFF, 0x00, 0x0F, 0xFF, 0xFF, 0xF0, 0x03, 0xFF, 0xFF,
  0xFE, 0x00, 0x7C, 0x00, 0x1F, 0xC0, 0x0F, 0x80, 0x03, 0xFC, 0x03, 0xF0,
  0x00, 0x7F, 0x80, 0x7C, 0x00, 0x07, 0xF0, 0x0F, 0x80, 0x00, 0xFF, 0x03,
  0xF0, 0x00, 0x1F, 0xE3, 0xFF, 0xC0, 0x1F, 0xFF, 0xFF, 0xF8, 0x03, 0xFF,
  0xFF, 0xFF, 0x00, 0x7F, 0xFE, 0x00, 0x08, 0x02, 0x00, 0x00, 0x07, 0xC1,
  0xF0, 0x00, 0x00, 0xFC, 0x7F, 0x00, 0x00, 0x3F, 0x8F, 0xE0, 0x00, 0x07,
  0xF1, 0xFC, 0x00, 0x00, 0xFE, 0x3F, 0x80, 0x00, 0x0F, 0x87, 0xE0, 0x00,
  0x00, 0xE0, 0x78, 0x00, 0x00, 0x00, 0x00, 0x00, 0x00, 0x00, 0x00, 0x00,
  0x00, 0x00, 0x00, 0x00, 0x00, 0x00, 0x01, 0xFE, 0x00, 0x00, 0x00, 0x3F,
  0xC0, 0x00, 0x00, 0x0F, 0xF8, 0x00, 0x00, 0x01, 0xFF, 0x80, 0x00, 0x00,
  0x3F, 0xF0, 0x00, 0x00, 0x0F, 0xFE, 0x00, 0x00, 0x01, 0xEF, 0xE0, 0x00,
  0x00, 0x3C, 0xFC, 0x00, 0x00, 0x0F, 0x9F, 0x80, 0x00, 0x01, 0xE3, 0xF8,
  0x00, 0x00, 0x3C, 0x7F, 0x00, 0x00, 0x0F, 0x87, 0xE0, 0x00, 0x01, 0xE0,
  0xFE, 0x00, 0x00, 0x3C, 0x1F, 0xC0, 0x00, 0x0F, 0x83, 0xF8, 0x00, 0x01,
  0xF0, 0x3F, 0x80, 0x00, 0x7C, 0x07, 0xF0, 0x00, 0x0F, 0x80, 0xFE, 0x00,
  0x01, 0xF0, 0x0F, 0xE0, 0x00, 0x7C, 0x01, 0xFC, 0x00, 0x0F, 0x80, 0x3F,
  0x80, 0x01, 0xF0, 0x07, 0xF8, 0x00, 0x7F, 0xFF, 0xFF, 0x00, 0x0F, 0xFF,
  0xFF, 0xE0, 0x01, 0xFF, 0xFF, 0xFE, 0x00, 0x7F, 0xFF, 0xFF, 0xC0, 0x0F,
  0x80, 0x03, 0xF8, 0x01, 0xF0, 0x00, 0x7F, 0x80, 0x7E, 0x00, 0x0F, 0xF0,
  0x0F, 0x80, 0x00, 0xFE, 0x01, 0xF0, 0x00, 0x1F, 0xE0, 0x7E, 0x00, 0x03,
  0xFC, 0x7F, 0xF8, 0x03, 0xFF, 0xFF, 0xFF, 0x00, 0x7F, 0xFF, 0xFF, 0xE0,
  0x0F, 0xFF, 0xC0, 0x00, 0x03, 0xF8, 0x00, 0x00, 0x01, 0xFF, 0x80, 0x00,
  0x00, 0x3C, 0x78, 0x00, 0x00, 0x0F, 0x07, 0x80, 0x00, 0x01, 0xC0, 0xF0,
  0x00, 0x00, 0x38, 0x1E, 0x00, 0x00, 0x07, 0x03, 0xC0, 0x00, 0x00, 0xF0,
  0x78, 0x00, 0x00, 0x1E, 0x1E, 0x00, 0x00, 0x01, 0xFF, 0xC0, 0x00, 0x00,
  0x1F, 0xE0, 0x00, 0x00, 0x00, 0x60, 0x00, 0x00, 0x00, 0x00, 0x00, 0x00,
  0x00, 0x00, 0x00, 0x00, 0x00, 0x00, 0xFF, 0x00, 0x00, 0x00, 0x1F, 0xE0,
  0x00, 0x00, 0x07, 0xFC, 0x00, 0x00, 0x00, 0xFF, 0xC0, 0x00, 0x00, 0x1F,
  0xF8, 0x00, 0x00, 0x07, 0xFF, 0x00, 0x00, 0x00, 0xF7, 0xF0, 0x00, 0x00,
  0x1E, 0x7E, 0x00, 0x00, 0x07, 0xCF, 0xC0, 0x00, 0x00, 0xF1, 0xFC, 0x00,
  0x00, 0x1E, 0x3F, 0x80, 0x00, 0x07, 0xC3, 0xF0, 0x00, 0x00, 0xF0, 0x7F,
  0x00, 0x00, 0x1E, 0x0F, 0xE0, 0x00, 0x07, 0xC1, 0xFC, 0x00, 0x00, 0xF8,
  0x1F, 0xC0, 0x00, 0x3E, 0x03, 0xF8, 0x00, 0x07, 0xC0, 0x7F, 0x00, 0x00,
  0xF8, 0x07, 0xF0, 0x00, 0x3E, 0x00, 0xFE, 0x00, 0x07, 0xC0, 0x1F, 0xC0,
  0x00, 0xF8, 0x03, 0xFC, 0x00, 0x3F, 0xFF, 0xFF, 0x80, 0x07, 0xFF, 0xFF,
  0xF0, 0x00, 0xFF, 0xFF, 0xFF, 0x00, 0x3F, 0xFF, 0xFF, 0xE0, 0x07, 0xC0,
  0x01, 0xFC, 0x00, 0xF8, 0x00, 0x3F, 0xC0, 0x3F, 0x00, 0x07, 0xF8, 0x07,
  0xC0, 0x00, 0x7F, 0x00, 0xF8, 0x00, 0x0F, 0xF0, 0x3F, 0x00, 0x01, 0xFE,
  0x3F, 0xFC, 0x01, 0xFF, 0xFF, 0xFF, 0x80, 0x3F, 0xFF, 0xFF, 0xF0, 0x07,
  0xFF, 0xE0, 0x00, 0x7F, 0xFF, 0xFF, 0xFF, 0xF0, 0x00, 0xFF, 0xFF, 0xFF,
  0xFF, 0xE0, 0x01, 0xFF, 0xFF, 0xFF, 0xFF, 0xC0, 0x00, 0x1F, 0x8F, 0xE0,
  0x07, 0x80, 0x00, 0x1E, 0x1F, 0xC0, 0x0F, 0x00, 0x00, 0x7C, 0x3F, 0x80,
  0x1E, 0x00, 0x00, 0xF0, 0x7F, 0x00, 0x1C, 0x00, 0x03, 0xE0, 0xFE, 0x00,
  0x3C, 0x00, 0x07, 0xC1, 0xFC, 0x00, 0x00, 0x00, 0x0F, 0x03, 0xF8, 0x00,
  0x00, 0x00, 0x3E, 0x07, 0xF0, 0x00, 0x00, 0x00, 0x7C, 0x0F, 0xE0, 0x38,
  0x00, 0x01, 0xF0, 0x1F, 0xC0, 0x70, 0x00, 0x03, 0xE0, 0x3F, 0x81, 0xE0,
  0x00, 0x07, 0x80, 0x7F, 0x03, 0xC0, 0x00, 0x1F, 0x00, 0xFF, 0xFF, 0x80,
  0x00, 0x3E, 0x01, 0xFF, 0xFF, 0x00, 0x00, 0xF8, 0x03, 0xFF, 0xFE, 0x00,
  0x01, 0xF0, 0x07, 0xFF, 0xFC, 0x00, 0x07, 0xE0, 0x0F, 0xE0, 0x78, 0x00,
  0x0F, 0x80, 0x1F, 0xC0, 0xF0, 0x00, 0x1F, 0x00, 0x3F, 0x80, 0xE0, 0x00,
  0x7F, 0xFF, 0xFF, 0x01, 0xC0, 0x00, 0xFF, 0xFF, 0xFE, 0x00, 0x00, 0x03,
  0xFF, 0xFF, 0xFC, 0x00, 0x00, 0x07, 0xC0, 0x03, 0xF8, 0x00, 0x20, 0x1F,
  0x80, 0x07, 0xF0, 0x00, 0x78, 0x3E, 0x00, 0x0F, 0xE0, 0x00, 0xF0, 0x7C,
  0x00, 0x1F, 0xC0, 0x03, 0xE1, 0xF8, 0x00, 0x3F, 0x80, 0x07, 0xC3, 0xE0,
  0x00, 0x7F, 0x00, 0x1F, 0x8F, 0xC0, 0x00, 0xFE, 0x00, 0xFE, 0xFF, 0xF0,
  0x1F, 0xFF, 0xFF, 0xFD, 0xFF, 0xE0, 0x3F, 0xFF, 0xFF, 0xFB, 0xFF, 0xC0,
  0x7F, 0xFF, 0xFF, 0xF0, 0x00, 0x0F, 0xFF, 0x80, 0x07, 0xFF, 0xFF, 0x01,
  0xFF, 0xFF, 0xF0, 0x3F, 0x80, 0x7E, 0x07, 0xF0, 0x03, 0xE0, 0xFE, 0x00,
  0x3E, 0x1F, 0xC0, 0x03, 0xE1, 0xFC, 0x00, 0x3E, 0x3F, 0x80, 0x03, 0xE7,
  0xF8, 0x00, 0x1E, 0x7F, 0x00, 0x01, 0xE7, 0xF0, 0x00, 0x00, 0xFF, 0x00,
  0x00, 0x0F, 0xF0, 0x00, 0x00, 0xFF, 0x00, 0x00, 0x0F, 0xF0, 0x00, 0x00,
  0xFF, 0x00, 0x00, 0x0F, 0xF0, 0x00, 0x00, 0xFF, 0x00, 0x00, 0x0F, 0xF0,
  0x00, 0x00, 0xFF, 0x00, 0x00, 0x0F, 0xF0, 0x00, 0x00, 0xFF, 0x00, 0x00,
  0x0F, 0xF0, 0x00, 0x00, 0x7F, 0x80, 0x00, 0x07, 0xF8, 0x00, 0x00, 0x7F,
  0x80, 0x00, 0xF3, 0xFC, 0x00, 0x1F, 0x3F, 0xC0, 0x01, 0xF1, 0xFE, 0x00,
  0x3F, 0x0F, 0xF0, 0x03, 0xE0, 0x7F, 0x80, 0x7E, 0x03, 0xFF, 0xFF, 0xE0,
  0x1F, 0xFF, 0xFE, 0x00, 0x3F, 0xFE, 0x00, 0x00, 0x1E, 0x00, 0x00, 0x00,
  0xE0, 0x00, 0x00, 0x0F, 0x00, 0x00, 0x00, 0x78, 0x00, 0x00, 0x07, 0x80,
  0x00, 0x00, 0xF8, 0x00, 0x00, 0x0F, 0x80, 0x00, 0x1B, 0xF8, 0x00, 0x01,
  0xFF, 0x80, 0x00, 0x1F, 0xF8, 0x00, 0x01, 0xFF, 0x00, 0x00, 0x07, 0xC0,
  0x00, 0x00, 0x20, 0x00, 0x00, 0x06, 0x00, 0x00, 0x01, 0xF0, 0x00, 0x00,
  0x3F, 0x80, 0x00, 0x01, 0xFC, 0x00, 0x00, 0x0F, 0xC0, 0x00, 0x00, 0x7E,
  0x00, 0x00, 0x01, 0xF0, 0x00, 0x00, 0x0E, 0x00, 0x00, 0x00, 0x00, 0x00,
  0x00, 0x00, 0x00, 0x00, 0x00, 0x00, 0x00, 0xFF, 0xFF, 0xFF, 0x8F, 0xFF,
  0xFF, 0xF8, 0xFF, 0xFF, 0xFF, 0x81, 0xFE, 0x00, 0x78, 0x0F, 0xE0, 0x07,
  0x80, 0xFE, 0x00, 0x78, 0x0F, 0xE0, 0x03, 0xC0, 0xFE, 0x00, 0x3C, 0x0F,
  0xE0, 0x00, 0x00, 0xFE, 0x00, 0x00, 0x0F, 0xE0, 0x00, 0x00, 0xFE, 0x03,
  0x80, 0x0F, 0xE0, 0x38, 0x00, 0xFE, 0x07, 0x80, 0x0F, 0xE0, 0x78, 0x00,
  0xFF, 0xFF, 0x80, 0x0F, 0xFF, 0xF8, 0x00, 0xFF, 0xFF, 0x80, 0x0F, 0xFF,
  0xF8, 0x00, 0xFE, 0x07, 0x80, 0x0F, 0xE0, 0x78, 0x00, 0xFE, 0x03, 0x80,
  0x0F, 0xE0, 0x38, 0x00, 0xFE, 0x00, 0x00, 0x0F, 0xE0, 0x00, 0x00, 0xFE,
  0x00, 0x08, 0x0F, 0xE0, 0x00, 0xF0, 0xFE, 0x00, 0x0F, 0x0F, 0xE0, 0x01,
  0xF0, 0xFE, 0x00, 0x1F, 0x0F, 0xE0, 0x03, 0xF0, 0xFE, 0x00, 0xFF, 0xFF,
  0xFF, 0xFF, 0xEF, 0xFF, 0xFF, 0xFE, 0xFF, 0xFF, 0xFF, 0xE0, 0x00, 0x00,
  0x40, 0x00, 0x00, 0x0E, 0x00, 0x00, 0x01, 0xF0, 0x00, 0x00, 0x3F, 0x80,
  0x00, 0x03, 0xF0, 0x00, 0x00, 0x7E, 0x00, 0x00, 0x0F, 0xC0, 0x00, 0x01,
  0xF8, 0x00, 0x00, 0x0E, 0x00, 0x00, 0x00, 0x00, 0x00, 0x00, 0x00, 0x00,
  0x00, 0x00, 0x00, 0x00, 0xFF, 0xFF, 0xFF, 0x8F, 0xFF, 0xFF, 0xF8, 0xFF,
  0xFF, 0xFF, 0x81, 0xFE, 0x00, 0x78, 0x0F, 0xE0, 0x07, 0x80, 0xFE, 0x00,
  0x78, 0x0F, 0xE0, 0x03, 0xC0, 0xFE, 0x00, 0x3C, 0x0F, 0xE0, 0x00, 0x00,
  0xFE, 0x00, 0x00, 0x0F, 0xE0, 0x00, 0x00, 0xFE, 0x03, 0x80, 0x0F, 0xE0,
  0x38, 0x00, 0xFE, 0x07, 0x80, 0x0F, 0xE0, 0x78, 0x00, 0xFF, 0xFF, 0x80,
  0x0F, 0xFF, 0xF8, 0x00, 0xFF, 0xFF, 0x80, 0x0F, 0xFF, 0xF8, 0x00, 0xFE,
  0x07, 0x80, 0x0F, 0xE0, 0x78, 0x00, 0xFE, 0x03, 0x80, 0x0F, 0xE0, 0x38,
  0x00, 0xFE, 0x00, 0x00, 0x0F, 0xE0, 0x00, 0x00, 0xFE, 0x00, 0x08, 0x0F,
  0xE0, 0x00, 0xF0, 0xFE, 0x00, 0x0F, 0x0F, 0xE0, 0x01, 0xF0, 0xFE, 0x00,
  0x1F, 0x0F, 0xE0, 0x03, 0xF0, 0xFE, 0x00, 0xFF, 0xFF, 0xFF, 0xFF, 0xEF,
  0xFF, 0xFF, 0xFE, 0xFF, 0xFF, 0xFF, 0xE0, 0x00, 0x0F, 0x80, 0x00, 0x01,
  0xF8, 0x00, 0x00, 0x3F, 0xC0, 0x00, 0x07, 0xFE, 0x00, 0x00, 0xF9, 0xF0,
  0x00, 0x1F, 0x0F, 0x80, 0x03, 0xE0, 0x7C, 0x00, 0x18, 0x01, 0xC0, 0x00,
  0x80, 0x08, 0x00, 0x00, 0x00, 0x00, 0x00, 0x00, 0x00, 0x0F, 0xFF, 0xFF,
  0xF8, 0xFF, 0xFF, 0xFF, 0x8F, 0xFF, 0xFF, 0xF8, 0x1F, 0xE0, 0x07, 0x80,
  0xFE, 0x00, 0x78, 0x0F, 0xE0, 0x07, 0x80, 0xFE, 0x00, 0x3C, 0x0F, 0xE0,
  0x03, 0xC0, 0xFE, 0x00, 0x00, 0x0F, 0xE0, 0x00, 0x00, 0xFE, 0x00, 0x00,
  0x0F, 0xE0, 0x38, 0x00, 0xFE, 0x03, 0x80, 0x0F, 0xE0, 0x78, 0x00, 0xFE,
  0x07, 0x80, 0x0F, 0xFF, 0xF8, 0x00, 0xFF, 0xFF, 0x80, 0x0F, 0xFF, 0xF8,
  0x00, 0xFF, 0xFF, 0x80, 0x0F, 0xE0, 0x78, 0x00, 0xFE, 0x07, 0x80, 0x0F,
  0xE0, 0x38, 0x00, 0xFE, 0x03, 0x80, 0x0F, 0xE0, 0x00, 0x00, 0xFE, 0x00,
  0x00, 0x0F, 0xE0, 0x00, 0x80, 0xFE, 0x00, 0x0F, 0x0F, 0xE0, 0x00, 0xF0,
  0xFE, 0x00, 0x1F, 0x0F, 0xE0, 0x01, 0xF0, 0xFE, 0x00, 0x3F, 0x0F, 0xE0,
  0x0F, 0xFF, 0xFF, 0xFF, 0xFE, 0xFF, 0xFF, 0xFF, 0xEF, 0xFF, 0xFF, 0xFE,
  0x00, 0x80, 0x20, 0x00, 0x3E, 0x0F, 0x80, 0x03, 0xF1, 0xFC, 0x00, 0x7F,
  0x1F, 0xC0, 0x07, 0xF1, 0xFC, 0x00, 0x7F, 0x1F, 0xC0, 0x03, 0xE1, 0xF8,
  0x00, 0x1C, 0x0F, 0x00, 0x00, 0x00, 0x00, 0x00, 0x00, 0x00, 0x00, 0x00,
  0x00, 0x00, 0x0F, 0xFF, 0xFF, 0xF8, 0xFF, 0xFF, 0xFF, 0x8F, 0xFF, 0xFF,
  0xF8, 0x1F, 0xE0, 0x07, 0x80, 0xFE, 0x00, 0x78, 0x0F, 0xE0, 0x07, 0x80,
  0xFE, 0x00, 0x3C, 0x0F, 0xE0, 0x03, 0xC0, 0xFE, 0x00, 0x00, 0x0F, 0xE0,
  0x00, 0x00, 0xFE, 0x00, 0x00, 0x0F, 0xE0, 0x38, 0x00, 0xFE, 0x03, 0x80,
  0x0F, 0xE0, 0x78, 0x00, 0xFE, 0x07, 0x80, 0x0F, 0xFF, 0xF8, 0x00, 0xFF,
  0xFF, 0x80, 0x0F, 0xFF, 0xF8, 0x00, 0xFF, 0xFF, 0x80, 0x0F, 0xE0, 0x78,
  0x00, 0xFE, 0x07, 0x80, 0x0F, 0xE0, 0x38, 0x00, 0xFE, 0x03, 0x80, 0x0F,
  0xE0, 0x00, 0x00, 0xFE, 0x00, 0x00, 0x0F, 0xE0, 0x00, 0x80, 0xFE, 0x00,
  0x0F, 0x0F, 0xE0, 0x00, 0xF0, 0xFE, 0x00, 0x1F, 0x0F, 0xE0, 0x01, 0xF0,
  0xFE, 0x00, 0x3F, 0x0F, 0xE0, 0x0F, 0xFF, 0xFF, 0xFF, 0xFE, 0xFF, 0xFF,
  0xFF, 0xEF, 0xFF, 0xFF, 0xFE, 0x08, 0x00, 0x30, 0x01, 0xF0, 0x07, 0xF0,
  0x07, 0xF0, 0x07, 0xE0, 0x07, 0xE0, 0x03, 0xE0, 0x03, 0x80, 0x00, 0x00,
  0x00, 0x00, 0x00, 0x0F, 0xFF, 0xFF, 0xFF, 0xFF, 0xFF, 0x8F, 0xF8, 0x0F,
  0xE0, 0x1F, 0xC0, 0x3F, 0x80, 0x7F, 0x00, 0xFE, 0x01, 0xFC, 0x03, 0xF8,
  0x07, 0xF0, 0x0F, 0xE0, 0x1F, 0xC0, 0x3F, 0x80, 0x7F, 0x00, 0xFE, 0x01,
  0xFC, 0x03, 0xF8, 0x07, 0xF0, 0x0F, 0xE0, 0x1F, 0xC0, 0x3F, 0x80, 0x7F,
  0x00, 0xFE, 0x01, 0xFC, 0x03, 0xF8, 0x07, 0xF0, 0x0F, 0xE0, 0x1F, 0xC0,
  0x3F, 0x80, 0x7F, 0x0F, 0xFF, 0xFF, 0xFF, 0xFF, 0xFF, 0x80, 0x00, 0x10,
  0x00, 0x70, 0x01, 0xF0, 0x07, 0xF0, 0x0F, 0xC0, 0x3F, 0x00, 0xFC, 0x03,
  0xF0, 0x03, 0x80, 0x00, 0x00, 0x00, 0x00, 0x00, 0x0F, 0xFF, 0xFF, 0xFF,
  0xFF, 0xFF, 0x8F, 0xF8, 0x0F, 0xE0, 0x1F, 0xC0, 0x3F, 0x80, 0x7F, 0x00,
  0xFE, 0x01, 0xFC, 0x03, 0xF8, 0x07, 0xF0, 0x0F, 0xE0, 0x1F, 0xC0, 0x3F,
  0x80, 0x7F, 0x00, 0xFE, 0x01, 0xFC, 0x03, 0xF8, 0x07, 0xF0, 0x0F, 0xE0,
  0x1F, 0xC0, 0x3F, 0x80, 0x7F, 0x00, 0xFE, 0x01, 0xFC, 0x03, 0xF8, 0x07,
  0xF0, 0x0F, 0xE0, 0x1F, 0xC0, 0x3F, 0x80, 0x7F, 0x0F, 0xFF, 0xFF, 0xFF,
  0xFF, 0xFF, 0x80, 0x03, 0xE0, 0x07, 0xE0, 0x0F, 0xF0, 0x1F, 0xF8, 0x3E,
  0x7C, 0x7C, 0x3E, 0xF8, 0x1F, 0x60, 0x07, 0x20, 0x02, 0x00, 0x00, 0x00,
  0x00, 0x7F, 0xFF, 0x7F, 0xFF, 0x7F, 0xFF, 0x0F, 0xF8, 0x07, 0xF0, 0x07,
  0xF0, 0x07, 0xF0, 0x07, 0xF0, 0x07, 0xF0, 0x07, 0xF0, 0x07, 0xF0, 0x07,
  0xF0, 0x07, 0xF0, 0x07, 0xF0, 0x07, 0xF0, 0x07, 0xF0, 0x07, 0xF0, 0x07,
  0xF0, 0x07, 0xF0, 0x07, 0xF0, 0x07, 0xF0, 0x07, 0xF0, 0x07, 0xF0, 0x07,
  0xF0, 0x07, 0xF0, 0x07, 0xF0, 0x07, 0xF0, 0x07, 0xF0, 0x07, 0xF0, 0x07,
  0xF0, 0x07, 0xF0, 0x07, 0xF0, 0x7F, 0xFF, 0x7F, 0xFF, 0x7F, 0xFF, 0x10,
  0x04, 0x3E, 0x0F, 0x9F, 0x8F, 0xFF, 0xC7, 0xFF, 0xE3, 0xFF, 0xF1, 0xFD,
  0xF0, 0xFC, 0x70, 0x3C, 0x00, 0x00, 0x00, 0x00, 0x00, 0x00, 0x0F, 0xFF,
  0xE7, 0xFF, 0xF3, 0xFF, 0xF8, 0x3F, 0xE0, 0x0F, 0xE0, 0x07, 0xF0, 0x03,
  0xF8, 0x01, 0xFC, 0x00, 0xFE, 0x00, 0x7F, 0x00, 0x3F, 0x80, 0x1F, 0xC0,
  0x0F, 0xE0, 0x07, 0xF0, 0x03, 0xF8, 0x01, 0xFC, 0x00, 0xFE, 0x00, 0x7F,
  0x00, 0x3F, 0x80, 0x1F, 0xC0, 0x0F, 0xE0, 0x07, 0xF0, 0x03, 0xF8, 0x01,
  0xFC, 0x00, 0xFE, 0x00, 0x7F, 0x00, 0x3F, 0x80, 0x1F, 0xC0, 0x0F, 0xE0,
  0x07, 0xF0, 0x03, 0xF8, 0x01, 0xFC, 0x0F, 0xFF, 0xE7, 0xFF, 0xF3, 0xFF,
  0xF8, 0xFF, 0xFF, 0xFC, 0x00, 0xFF, 0xFF, 0xFF, 0x00, 0xFF, 0xFF, 0xFF,
  0xC0, 0x1F, 0xC0, 0x3F, 0xF0, 0x0F, 0xC0, 0x0F, 0xF8, 0x0F, 0xC0, 0x07,
  0xF8, 0x0F, 0xC0, 0x03, 0xFC, 0x0F, 0xC0, 0x01, 0xFE, 0x0F, 0xC0, 0x01,
  0xFE, 0x0F, 0xC0, 0x00, 0xFE, 0x0F, 0xC0, 0x00, 0xFF, 0x0F, 0xC0, 0x00,
  0xFF, 0x0F, 0xC0, 0x00, 0x7F, 0x0F, 0xC0, 0x00, 0x7F, 0x0F, 0xC0, 0x00,
  0x7F, 0xFF, 0xFF, 0x00, 0x7F, 0xFF, 0xFF, 0x00, 0x7F, 0xFF, 0xFF, 0x00,
  0x7F, 0xFF, 0xFF, 0x00, 0x7F, 0x0F, 0xC0, 0x00, 0x7F, 0x0F, 0xC0, 0x00,
  0x7F, 0x0F, 0xC0, 0x00, 0x7F, 0x0F, 0xC0, 0x00, 0xFF, 0x0F, 0xC0, 0x00,
  0xFE, 0x0F, 0xC0, 0x00, 0xFE, 0x0F, 0xC0, 0x00, 0xFE, 0x0F, 0xC0, 0x01,
  0xFC, 0x0F, 0xC0, 0x01, 0xFC, 0x0F, 0xC0, 0x03, 0xF8, 0x0F, 0xC0, 0x07,
  0xF0, 0x0F, 0xC0, 0x0F, 0xE0, 0x0F, 0xC0, 0x1F, 0xC0, 0xFF, 0xFF, 0xFF,
  0x80, 0xFF, 0xFF, 0xFE, 0x00, 0xFF, 0xFF, 0xF8, 0x00, 0x00, 0x0F, 0x82,
  0x00, 0x00, 0x07, 0xF0, 0xE0, 0x00, 0x03, 0xFE, 0x38, 0x00, 0x00, 0xFF,
  0xFE, 0x00, 0x00, 0x70, 0xFF, 0x00, 0x00, 0x0C, 0x1F, 0x80, 0x00, 0x01,
  0x03, 0xC0, 0x00, 0x00, 0x00, 0x00, 0x00, 0x00, 0x00, 0x00, 0x00, 0x00,
  0x00, 0x00, 0x00, 0x0F, 0xFE, 0x00, 0x1F, 0xFF, 0xFF, 0x80, 0x07, 0xFF,
  0xFF, 0xF0, 0x01, 0xFF, 0xC7, 0xFE, 0x00, 0x0F, 0xC1, 0xFF, 0x80, 0x01,
  0xE0, 0x7F, 0xF0, 0x00, 0x78, 0x1F, 0xFE, 0x00, 0x1E, 0x07, 0xBF, 0x80,
  0x07, 0x81, 0xEF, 0xF0, 0x01, 0xE0, 0x79, 0xFE, 0x00, 0x78, 0x1E, 0x7F,
  0x80, 0x1E, 0x07, 0x8F, 0xF0, 0x07, 0x81, 0xE3, 0xFE, 0x01, 0xE0, 0x78,
  0x7F, 0x80, 0x78, 0x1E, 0x0F, 0xF0, 0x1E, 0x07, 0x83, 0xFE, 0x07, 0x81,
  0xE0, 0x7F, 0x81, 0xE0, 0x78, 0x0F, 0xF0, 0x78, 0x1E, 0x03, 0xFC, 0x1E,
  0x07, 0x80, 0x7F, 0x87, 0x81, 0xE0, 0x0F, 0xF1, 0xE0, 0x78, 0x03, 0xFC,
  0x78, 0x1E, 0x00, 0x7F, 0x9E, 0x07, 0x80, 0x0F, 0xE7, 0x81, 0xE0, 0x03,
  0xFD, 0xE0, 0x78, 0x00, 0x7F, 0x78, 0x1E, 0x00, 0x0F, 0xFE, 0x07, 0x80,
  0x03, 0xFF, 0x81, 0xE0, 0x00, 0x7F, 0xE0, 0x78, 0x00, 0x0F, 0xF8, 0x1E,
  0x00, 0x03, 0xFE, 0x07, 0x80, 0x00, 0x7F, 0x8F, 0xFF, 0x00, 0x1F, 0xE3,
  0xFF, 0xC0, 0x03, 0xF8, 0xFF, 0xF0, 0x00, 0x7E, 0x00, 0x00, 0x04, 0x00,
  0x00, 0x00, 0x0C, 0x00, 0x00, 0x00, 0x3E, 0x00, 0x00, 0x00, 0x7F, 0x00,
  0x00, 0x00, 0x3F, 0x80, 0x00, 0x00, 0x1F, 0x80, 0x00, 0x00, 0x0F, 0xC0,
  0x00, 0x00, 0x03, 0xE0, 0x00, 0x00, 0x01, 0xC0, 0x00, 0x00, 0x00, 0x00,
  0x00, 0x00, 0x00, 0x00, 0x00, 0x00, 0x00, 0x00, 0x00, 0x00, 0x1F, 0xFC,
  0x00, 0x00, 0x7F, 0xFF, 0x80, 0x01, 0xFF, 0xFF, 0xC0, 0x03, 0xF8, 0x0F,
  0xE0, 0x07, 0xF0, 0x07, 0xF0, 0x0F, 0xE0, 0x03, 0xF8, 0x1F, 0xC0, 0x03,
  0xFC, 0x1F, 0xC0, 0x01, 0xFC, 0x3F, 0x80, 0x01, 0xFE, 0x3F, 0x80, 0x01,
  0xFE, 0x7F, 0x80, 0x00, 0xFE, 0x7F, 0x80, 0x00, 0xFE, 0x7F, 0x00, 0x00,
  0xFF, 0x7F, 0x00, 0x00, 0xFF, 0x7F, 0x00, 0x00, 0xFF, 0xFF, 0x00, 0x00,
  0xFF, 0xFF, 0x00, 0x00, 0xFF, 0xFF, 0x00, 0x00, 0xFF, 0xFF, 0x00, 0x00,
  0xFF, 0xFF, 0x00, 0x00, 0xFF, 0x7F, 0x00, 0x00, 0xFF, 0x7F, 0x00, 0x00,
  0xFF, 0x7F, 0x00, 0x00, 0xFE, 0x7F, 0x80, 0x00, 0xFE, 0x7F, 0x80, 0x01,
  0xFE, 0x3F, 0x80, 0x01, 0xFC, 0x3F, 0x80, 0x01, 0xFC, 0x3F, 0xC0, 0x01,
  0xF8, 0x1F, 0xC0, 0x03, 0xF8, 0x1F, 0xE0, 0x03, 0xF0, 0x0F, 0xE0, 0x07,
  0xE0, 0x07, 0xF0, 0x0F, 0xC0, 0x03, 0xFE, 0x7F, 0x80, 0x01, 0xFF, 0xFF,
  0x00, 0x00, 0x7F, 0xFC, 0x00, 0x00, 0x03, 0x80, 0x00, 0x00, 0x00, 0x08,
  0x00, 0x00, 0x00, 0x1C, 0x00, 0x00, 0x00, 0x3E, 0x00, 0x00, 0x00, 0x7F,
  0x00, 0x00, 0x00, 0x7E, 0x00, 0x00, 0x00, 0xFC, 0x00, 0x00, 0x01, 0xF8,
  0x00, 0x00, 0x03, 0xF0, 0x00, 0x00, 0x01, 0xC0, 0x00, 0x00, 0x00, 0x00,
  0x00, 0x00, 0x00, 0x00, 0x00, 0x00, 0x00, 0x00, 0x00, 0x00, 0x1F, 0xFC,
  0x00, 0x00, 0x7F, 0xFF, 0x80, 0x01, 0xFF, 0xFF, 0xC0, 0x03, 0xF8, 0x0F,
  0xE0, 0x07, 0xF0, 0x07, 0xF0, 0x0F, 0xE0, 0x03, 0xF8, 0x1F, 0xC0, 0x03,
  0xFC, 0x1F, 0xC0, 0x01, 0xFC, 0x3F, 0x80, 0x01, 0xFE, 0x3F, 0x80, 0x01,
  0xFE, 0x7F, 0x80, 0x00, 0xFE, 0x7F, 0x80, 0x00, 0xFE, 0x7F, 0x00, 0x00,
  0xFF, 0x7F, 0x00, 0x00, 0xFF, 0x7F, 0x00, 0x00, 0xFF, 0xFF, 0x00, 0x00,
  0xFF, 0xFF, 0x00, 0x00, 0xFF, 0xFF, 0x00, 0x00, 0xFF, 0xFF, 0x00, 0x00,
  0xFF, 0xFF, 0x00, 0x00, 0xFF, 0x7F, 0x00, 0x00, 0xFF, 0x7F, 0x00, 0x00,
  0xFF, 0x7F, 0x00, 0x00, 0xFE, 0x7F, 0x80, 0x00, 0xFE, 0x7F, 0x80, 0x01,
  0xFE, 0x3F, 0x80, 0x01, 0xFC, 0x3F, 0x80, 0x01, 0xFC, 0x3F, 0xC0, 0x01,
  0xF8, 0x1F, 0xC0, 0x03, 0xF8, 0x1F, 0xE0, 0x03, 0xF0, 0x0F, 0xE0, 0x07,
  0xE0, 0x07, 0xF0, 0x0F, 0xC0, 0x03, 0xFE, 0x7F, 0x80, 0x01, 0xFF, 0xFF,
  0x00, 0x00, 0x7F, 0xFC, 0x00, 0x00, 0x03, 0x80, 0x00, 0x00, 0x03, 0xE0,
  0x00, 0x00, 0x07, 0xE0, 0x00, 0x00, 0x0F, 0xF0, 0x00, 0x00, 0x1F, 0xF8,
  0x00, 0x00, 0x3E, 0x7C, 0x00, 0x00, 0x7C, 0x3E, 0x00, 0x00, 0xF8, 0x1F,
  0x00, 0x00, 0x60, 0x07, 0x00, 0x00, 0x20, 0x02, 0x00, 0x00, 0x00, 0x00,
  0x00, 0x00, 0x00, 0x00, 0x00, 0x00, 0x1F, 0xFC, 0x00, 0x00, 0x7F, 0xFF,
  0x80, 0x01, 0xFF, 0xFF, 0xC0, 0x03, 0xF8, 0x0F, 0xE0, 0x07, 0xF0, 0x07,
  0xF0, 0x0F, 0xE0, 0x03, 0xF8, 0x1F, 0xC0, 0x03, 0xFC, 0x1F, 0xC0, 0x01,
  0xFC, 0x3F, 0x80, 0x01, 0xFE, 0x3F, 0x80, 0x01, 0xFE, 0x7F, 0x80, 0x00,
  0xFE, 0x7F, 0x80, 0x00, 0xFE, 0x7F, 0x00, 0x00, 0xFF, 0x7F, 0x00, 0x00,
  0xFF, 0x7F, 0x00, 0x00, 0xFF, 0xFF, 0x00, 0x00, 0xFF, 0xFF, 0x00, 0x00,
  0xFF, 0xFF, 0x00, 0x00, 0xFF, 0xFF, 0x00, 0x00, 0xFF, 0xFF, 0x00, 0x00,
  0xFF, 0x7F, 0x00, 0x00, 0xFF, 0x7F, 0x00, 0x00, 0xFF, 0x7F, 0x00, 0x00,
  0xFE, 0x7F, 0x80, 0x00, 0xFE, 0x7F, 0x80, 0x01, 0xFE, 0x3F, 0x80, 0x01,
  0xFC, 0x3F, 0x80, 0x01, 0xFC, 0x3F, 0xC0, 0x01, 0xF8, 0x1F, 0xC0, 0x03,
  0xF8, 0x1F, 0xE0, 0x03, 0xF0, 0x0F, 0xE0, 0x07, 0xE0, 0x07, 0xF0, 0x0F,
  0xC0, 0x03, 0xFE, 0x7F, 0x80, 0x01, 0xFF, 0xFF, 0x00, 0x00, 0x7F, 0xFC,
  0x00, 0x00, 0x03, 0x80, 0x00, 0x00, 0x1F, 0x04, 0x00, 0x00, 0x3F, 0x87,
  0x00, 0x00, 0x7F, 0xC7, 0x00, 0x00, 0x7F, 0xFF, 0x00, 0x00, 0xE1, 0xFE,
  0x00, 0x00, 0x60, 0xFC, 0x00, 0x00, 0x20, 0x78, 0x00, 0x00, 0x00, 0x00,
  0x00, 0x00, 0x00, 0x00, 0x00, 0x00, 0x00, 0x00, 0x00, 0x00, 0x1F, 0xFC,
  0x00, 0x00, 0x7F, 0xFF, 0x80, 0x01, 0xFF, 0xFF, 0xC0, 0x03, 0xF8, 0x0F,
  0xE0, 0x07, 0xF0, 0x07, 0xF0, 0x0F, 0xE0, 0x03, 0xF8, 0x1F, 0xC0, 0x03,
  0xFC, 0x1F, 0xC0, 0x01, 0xFC, 0x3F, 0x80, 0x01, 0xFE, 0x3F, 0x80, 0x01,
  0xFE, 0x7F, 0x80, 0x00, 0xFE, 0x7F, 0x80, 0x00, 0xFE, 0x7F, 0x00, 0x00,
  0xFF, 0x7F, 0x00, 0x00, 0xFF, 0x7F, 0x00, 0x00, 0xFF, 0xFF, 0x00, 0x00,
  0xFF, 0xFF, 0x00, 0x00, 0xFF, 0xFF, 0x00, 0x00, 0xFF, 0xFF, 0x00, 0x00,
  0xFF, 0xFF, 0x00, 0x00, 0xFF, 0x7F, 0x00, 0x00, 0xFF, 0x7F, 0x00, 0x00,
  0xFF, 0x7F, 0x00, 0x00, 0xFE, 0x7F, 0x80, 0x00, 0xFE, 0x7F, 0x80, 0x01,
  0xFE, 0x3F, 0x80, 0x01, 0xFC, 0x3F, 0x80, 0x01, 0xFC, 0x3F, 0xC0, 0x01,
  0xF8, 0x1F, 0xC0, 0x03, 0xF8, 0x1F, 0xE0, 0x03, 0xF0, 0x0F, 0xE0, 0x07,
  0xE0, 0x07, 0xF0, 0x0F, 0xC0, 0x03, 0xFE, 0x7F, 0x80, 0x01, 0xFF, 0xFF,
  0x00, 0x00, 0x7F, 0xFC, 0x00, 0x00, 0x03, 0x80, 0x00, 0x00, 0x10, 0x04,
  0x00, 0x00, 0x7C, 0x1F, 0x00, 0x00, 0x7E, 0x3F, 0x80, 0x00, 0xFE, 0x3F,
  0x80, 0x00, 0xFE, 0x3F, 0x80, 0x00, 0xFE, 0x3F, 0x80, 0x00, 0x7C, 0x3F,
  0x00, 0x00, 0x38, 0x1E, 0x00, 0x00, 0x00, 0x00, 0x00, 0x00, 0x00, 0x00,
  0x00, 0x00, 0x00, 0x00, 0x00, 0x00, 0x1F, 0xFC, 0x00, 0x00, 0x7F, 0xFF,
  0x80, 0x01, 0xFF, 0xFF, 0xC0, 0x03, 0xF8, 0x0F, 0xE0, 0x07, 0xF0, 0x07,
  0xF0, 0x0F, 0xE0, 0x03, 0xF8, 0x1F, 0xC0, 0x03, 0xFC, 0x1F, 0xC0, 0x01,
  0xFC, 0x3F, 0x80, 0x01, 0xFE, 0x3F, 0x80, 0x01, 0xFE, 0x7F, 0x80, 0x00,
  0xFE, 0x7F, 0x80, 0x00, 0xFE, 0x7F, 0x00, 0x00, 0xFF, 0x7F, 0x00, 0x00,
  0xFF, 0x7F, 0x00, 0x00, 0xFF, 0xFF, 0x00, 0x00, 0xFF, 0xFF, 0x00, 0x00,
  0xFF, 0xFF, 0x00, 0x00, 0xFF, 0xFF, 0x00, 0x00, 0xFF, 0xFF, 0x00, 0x00,
  0xFF, 0x7F, 0x00, 0x00, 0xFF, 0x7F, 0x00, 0x00, 0xFF, 0x7F, 0x00, 0x00,
  0xFE, 0x7F, 0x80, 0x00, 0xFE, 0x7F, 0x80, 0x01, 0xFE, 0x3F, 0x80, 0x01,
  0xFC, 0x3F, 0x80, 0x01, 0xFC, 0x3F, 0xC0, 0x01, 0xF8, 0x1F, 0xC0, 0x03,
  0xF8, 0x1F, 0xE0, 0x03, 0xF0, 0x0F, 0xE0, 0x07, 0xE0, 0x07, 0xF0, 0x0F,
  0xC0, 0x03, 0xFE, 0x7F, 0x80, 0x01, 0xFF, 0xFF, 0x00, 0x00, 0x7F, 0xFC,
  0x00, 0x00, 0x03, 0x80, 0x00, 0x10, 0x00, 0x60, 0xE0, 0x01, 0xC7, 0xC0,
  0x0F, 0xBF, 0x80, 0x7F, 0x7F, 0x03, 0xF8, 0xFE, 0x1F, 0x81, 0xFC, 0xFC,
  0x03, 0xF7, 0xE0, 0x07, 0xFF, 0x00, 0x0F, 0xF8, 0x00, 0x1F, 0xC0, 0x00,
  0x7F, 0x80, 0x03, 0xFF, 0x00, 0x1F, 0xFE, 0x00, 0xFD, 0xFC, 0x07, 0xE3,
  0xF8, 0x3F, 0x07, 0xF1, 0xFC, 0x0F, 0xEF, 0xE0, 0x1F, 0xDF, 0x00, 0x3E,
  0x38, 0x00, 0x70, 0x40, 0x00, 0x80, 0x00, 0x00, 0x00, 0xC0, 0x00, 0x00,
  0x01, 0x80, 0x00, 0x00, 0x01, 0x80, 0x00, 0x00, 0x03, 0x00, 0x00, 0x1F,
  0xFF, 0x00, 0x00, 0x7F, 0xFF, 0x80, 0x01, 0xFF, 0xFF, 0xC0, 0x03, 0xF8,
  0x0F, 0xE0, 0x07, 0xF0, 0x0F, 0xF0, 0x0F, 0xE0, 0x0F, 0xF8, 0x1F, 0xC0,
  0x0F, 0xFC, 0x1F, 0xC0, 0x19, 0xFC, 0x3F, 0x80, 0x19, 0xFE, 0x3F, 0x80,
  0x31, 0xFE, 0x7F, 0x80, 0x30, 0xFE, 0x7F, 0x80, 0x30, 0xFE, 0x7F, 0x00,
  0x60, 0xFF, 0x7F, 0x00, 0x60, 0xFF, 0x7F, 0x00, 0xC0, 0xFF, 0xFF, 0x00,
  0xC0, 0xFF, 0xFF, 0x00, 0xC0, 0xFF, 0xFF, 0x01, 0x80, 0xFF, 0xFF, 0x01,
  0x80, 0xFF, 0xFF, 0x03, 0x00, 0xFF, 0x7F, 0x03, 0x00, 0xFF, 0x7F, 0x03,
  0x00, 0xFF, 0x7F, 0x06, 0x00, 0xFE, 0x7F, 0x86, 0x00, 0xFE, 0x7F, 0x8C,
  0x01, 0xFE, 0x3F, 0x8C, 0x01, 0xFC, 0x3F, 0x8C, 0x01, 0xFC, 0x3F, 0xD8,
  0x01, 0xF8, 0x1F, 0xD8, 0x03, 0xF8, 0x1F, 0xF0, 0x03, 0xF0, 0x0F, 0xF0,
  0x07, 0xE0, 0x07, 0xF0, 0x0F, 0xC0, 0x03, 0xFE, 0x7F, 0x80, 0x01, 0xFF,
  0xFF, 0x00, 0x00, 0x7F, 0xFC, 0x00, 0x00, 0xC3, 0x80, 0x00, 0x00, 0xC0,
  0x00, 0x00, 0x01, 0x80, 0x00, 0x00, 0x01, 0x80, 0x00, 0x00, 0x00, 0x80,
  0x00, 0x00, 0x00, 0x04, 0x00, 0x00, 0x00, 0x06, 0x00, 0x00, 0x00, 0x0F,
  0x80, 0x00, 0x00, 0x0F, 0xE0, 0x00, 0x00, 0x03, 0xF8, 0x00, 0x00, 0x00,
  0xFC, 0x00, 0x00, 0x00, 0x3F, 0x00, 0x00, 0x00, 0x07, 0xC0, 0x00, 0x00,
  0x01, 0xC0, 0x00, 0x00, 0x00, 0x00, 0x00, 0x00, 0x00, 0x00, 0x00, 0x00,
  0x00, 0x00, 0x00, 0x0F, 0xFF, 0xC0, 0x3F, 0xFF, 0xFF, 0xE0, 0x1F, 0xFF,
  0xFF, 0xF0, 0x0F, 0xFE, 0x7F, 0xC0, 0x00, 0xFC, 0x1F, 0xC0, 0x00, 0x3C,
  0x0F, 0xE0, 0x00, 0x1E, 0x07, 0xF0, 0x00, 0x0F, 0x03, 0xF8, 0x00, 0x07,
  0x81, 0xFC, 0x00, 0x03, 0xC0, 0xFE, 0x00, 0x01, 0xE0, 0x7F, 0x00, 0x00,
  0xF0, 0x3F, 0x80, 0x00, 0x78, 0x1F, 0xC0, 0x00, 0x3C, 0x0F, 0xE0, 0x00,
  0x1E, 0x07, 0xF0, 0x00, 0x0F, 0x03, 0xF8, 0x00, 0x07, 0x81, 0xFC, 0x00,
  0x03, 0xC0, 0xFE, 0x00, 0x01, 0xE0, 0x7F, 0x00, 0x00, 0xF0, 0x3F, 0x80,
  0x00, 0x78, 0x1F, 0xC0, 0x00, 0x3C, 0x0F, 0xE0, 0x00, 0x1E, 0x07, 0xF0,
  0x00, 0x0F, 0x03, 0xF8, 0x00, 0x07, 0x81, 0xFC, 0x00, 0x07, 0xC0, 0xFE,
  0x00, 0x03, 0xE0, 0x3F, 0x80, 0x01, 0xF0, 0x1F, 0xC0, 0x00, 0xF0, 0x0F,
  0xE0, 0x00, 0xF8, 0x03, 0xF8, 0x00, 0x78, 0x01, 0xFE, 0x00, 0x7C, 0x00,
  0x7F, 0x80, 0x7C, 0x00, 0x1F, 0xFF, 0xFC, 0x00, 0x03, 0xFF, 0xFC, 0x00,
  0x00, 0x7F, 0xF0, 0x00, 0x00, 0x00, 0x08, 0x00, 0x00, 0x00, 0x0E, 0x00,
  0x00, 0x00, 0x0F, 0x80, 0x00, 0x00, 0x0F, 0xE0, 0x00, 0x00, 0x07, 0xE0,
  0x00, 0x00, 0x07, 0xE0, 0x00, 0x00, 0x07, 0xE0, 0x00, 0x00, 0x07, 0xE0,
  0x00, 0x00, 0x01, 0xC0, 0x00, 0x00, 0x00, 0x00, 0x00, 0x00, 0x00, 0x00,
  0x00, 0x00, 0x00, 0x00, 0x00, 0x0F, 0xFF, 0xC0, 0x3F, 0xFF, 0xFF, 0xE0,
  0x1F, 0xFF, 0xFF, 0xF0, 0x0F, 0xFE, 0x7F, 0xC0, 0x00, 0xFC, 0x1F, 0xC0,
  0x00, 0x3C, 0x0F, 0xE0, 0x00, 0x1E, 0x07, 0xF0, 0x00, 0x0F, 0x03, 0xF8,
  0x00, 0x07, 0x81, 0xFC, 0x00, 0x03, 0xC0, 0xFE, 0x00, 0x01, 0xE0, 0x7F,
  0x00, 0x00, 0xF0, 0x3F, 0x80, 0x00, 0x78, 0x1F, 0xC0, 0x00, 0x3C, 0x0F,
  0xE0, 0x00, 0x1E, 0x07, 0xF0, 0x00, 0x0F, 0x03, 0xF8, 0x00, 0x07, 0x81,
  0xFC, 0x00, 0x03, 0xC0, 0xFE, 0x00, 0x01, 0xE0, 0x7F, 0x00, 0x00, 0xF0,
  0x3F, 0x80, 0x00, 0x78, 0x1F, 0xC0, 0x00, 0x3C, 0x0F, 0xE0, 0x00, 0x1E,
  0x07, 0xF0, 0x00, 0x0F, 0x03, 0xF8, 0x00, 0x07, 0x81, 0xFC, 0x00, 0x07,
  0xC0, 0xFE, 0x00, 0x03, 0xE0, 0x3F, 0x80, 0x01, 0xF0, 0x1F, 0xC0, 0x00,
  0xF0, 0x0F, 0xE0, 0x00, 0xF8, 0x03, 0xF8, 0x00, 0x78, 0x01, 0xFE, 0x00,
  0x7C, 0x00, 0x7F, 0x80, 0x7C, 0x00, 0x1F, 0xFF, 0xFC, 0x00, 0x03, 0xFF,
  0xFC, 0x00, 0x00, 0x7F, 0xF0, 0x00, 0x00, 0x01, 0xF0, 0x00, 0x00, 0x01,
  0xF8, 0x00, 0x00, 0x01, 0xFE, 0x00, 0x00, 0x01, 0xFF, 0x80, 0x00, 0x01,
  0xF3, 0xE0, 0x00, 0x01, 0xF0, 0xF8, 0x00, 0x01, 0xF0, 0x3E, 0x00, 0x00,
  0x60, 0x07, 0x00, 0x00, 0x10, 0x01, 0x00, 0x00, 0x00, 0x00, 0x00, 0x00,
  0x00, 0x00, 0x00, 0x1F, 0xFF, 0x80, 0x7F, 0xFF, 0xFF, 0xC0, 0x3F, 0xFF,
  0xFF, 0xE0, 0x1F, 0xFC, 0xFF, 0x80, 0x01, 0xF8, 0x3F, 0x80, 0x00, 0x78,
  0x1F, 0xC0, 0x00, 0x3C, 0x0F, 0xE0, 0x00, 0x1E, 0x07, 0xF0, 0x00, 0x0F,
  0x03, 0xF8, 0x00, 0x07, 0x81, 0xFC, 0x00, 0x03, 0xC0, 0xFE, 0x00, 0x01,
  0xE0, 0x7F, 0x00, 0x00, 0xF0, 0x3F, 0x80, 0x00, 0x78, 0x1F, 0xC0, 0x00,
  0x3C, 0x0F, 0xE0, 0x00, 0x1E, 0x07, 0xF0, 0x00, 0x0F, 0x03, 0xF8, 0x00,
  0x07, 0x81, 0xFC, 0x00, 0x03, 0xC0, 0xFE, 0x00, 0x01, 0xE0, 0x7F, 0x00,
  0x00, 0xF0, 0x3F, 0x80, 0x00, 0x78, 0x1F, 0xC0, 0x00, 0x3C, 0x0F, 0xE0,
  0x00, 0x1E, 0x07, 0xF0, 0x00, 0x0F, 0x03, 0xF8, 0x00, 0x0F, 0x81, 0xFC,
  0x00, 0x07, 0xC0, 0x7F, 0x00, 0x03, 0xE0, 0x3F, 0x80, 0x01, 0xE0, 0x1F,
  0xC0, 0x01, 0xF0, 0x07, 0xF0, 0x00, 0xF0, 0x03, 0xFC, 0x00, 0xF8, 0x00,
  0xFF, 0x00, 0xF8, 0x00, 0x3F, 0xFF, 0xF8, 0x00, 0x07, 0xFF, 0xF8, 0x00,
  0x00, 0xFF, 0xE0, 0x00, 0x00, 0x10, 0x04, 0x00, 0x00, 0x3E, 0x0F, 0x80,
  0x00, 0x1F, 0x8F, 0xE0, 0x00, 0x1F, 0xC7, 0xF0, 0x00, 0x0F, 0xE3, 0xF8,
  0x00, 0x07, 0xF1, 0xFC, 0x00, 0x01, 0xF0, 0xFC, 0x00, 0x00, 0x70, 0x3C,
  0x00, 0x00, 0x00, 0x00, 0x00, 0x00, 0x00, 0x00, 0x00, 0x00, 0x00, 0x00,
  0x00, 0x1F, 0xFF, 0x80, 0x7F, 0xFF, 0xFF, 0xC0, 0x3F, 0xFF, 0xFF, 0xE0,
  0x1F, 0xFC, 0xFF, 0x80, 0x01, 0xF8, 0x3F, 0x80, 0x00, 0x78, 0x1F, 0xC0,
  0x00, 0x3C, 0x0F, 0xE0, 0x00, 0x1E, 0x07, 0xF0, 0x00, 0x0F, 0x03, 0xF8,
  0x00, 0x07, 0x81, 0xFC, 0x00, 0x03, 0xC0, 0xFE, 0x00, 0x01, 0xE0, 0x7F,
  0x00, 0x00, 0xF0, 0x3F, 0x80, 0x00, 0x78, 0x1F, 0xC0, 0x00, 0x3C, 0x0F,
  0xE0, 0x00, 0x1E, 0x07, 0xF0, 0x00, 0x0F, 0x03, 0xF8, 0x00, 0x07, 0x81,
  0xFC, 0x00, 0x03, 0xC0, 0xFE, 0x00, 0x01, 0xE0, 0x7F, 0x00, 0x00, 0xF0,
  0x3F, 0x80, 0x00, 0x78, 0x1F, 0xC0, 0x00, 0x3C, 0x0F, 0xE0, 0x00, 0x1E,
  0x07, 0xF0, 0x00, 0x0F, 0x03, 0xF8, 0x00, 0x0F, 0x81, 0xFC, 0x00, 0x07,
  0xC0, 0x7F, 0x00, 0x03, 0xE0, 0x3F, 0x80, 0x01, 0xE0, 0x1F, 0xC0, 0x01,
  0xF0, 0x07, 0xF0, 0x00, 0xF0, 0x03, 0xFC, 0x00, 0xF8, 0x00, 0xFF, 0x00,
  0xF8, 0x00, 0x3F, 0xFF, 0xF8, 0x00, 0x07, 0xFF, 0xF8, 0x00, 0x00, 0xFF,
  0xE0, 0x00, 0x00, 0x00, 0x08, 0x00, 0x00, 0x00, 0x1C, 0x00, 0x00, 0x00,
  0x3E, 0x00, 0x00, 0x00, 0x7F, 0x00, 0x00, 0x00, 0x7E, 0x00, 0x00, 0x00,
  0xFC, 0x00, 0x00, 0x01, 0xF8, 0x00, 0x00, 0x03, 0xF0, 0x00, 0x00, 0x01,
  0xC0, 0x00, 0x00, 0x00, 0x00, 0x00, 0x00, 0x00, 0x00, 0x00, 0x00, 0x00,
  0x00, 0x00, 0xFF, 0xFC, 0x07, 0xFF, 0xFF, 0xFC, 0x07, 0xFF, 0xFF, 0xFC,
  0x07, 0xFF, 0x3F, 0xE0, 0x00, 0xFC, 0x1F, 0xE0, 0x00, 0xF8, 0x0F, 0xF0,
  0x00, 0xF0, 0x0F, 0xF0, 0x01, 0xF0, 0x07, 0xF8, 0x01, 0xE0, 0x03, 0xF8,
  0x03, 0xE0, 0x03, 0xFC, 0x03, 0xC0, 0x01, 0xFC, 0x07, 0xC0, 0x01, 0xFE,
  0x07, 0x80, 0x00, 0xFE, 0x0F, 0x80, 0x00, 0xFF, 0x0F, 0x00, 0x00, 0x7F,
  0x1F, 0x00, 0x00, 0x7F, 0x9E, 0x00, 0x00, 0x3F, 0x9C, 0x00, 0x00, 0x1F,
  0xBC, 0x00, 0x00, 0x1F, 0xF8, 0x00, 0x00, 0x0F, 0xF8, 0x00, 0x00, 0x0F,
  0xF0, 0x00, 0x00, 0x07, 0xF0, 0x00, 0x00, 0x07, 0xF0, 0x00, 0x00, 0x07,
  0xF0, 0x00, 0x00, 0x07, 0xF0, 0x00, 0x00, 0x07, 0xF0, 0x00, 0x00, 0x07,
  0xF0, 0x00, 0x00, 0x07, 0xF0, 0x00, 0x00, 0x07, 0xF0, 0x00, 0x00, 0x07,
  0xF0, 0x00, 0x00, 0x07, 0xF0, 0x00, 0x00, 0x07, 0xF0, 0x00, 0x00, 0xFF,
  0xFF, 0x80, 0x00, 0xFF, 0xFF, 0x80, 0x00, 0xFF, 0xFF, 0x80, 0xFF, 0xFE,
  0x00, 0x0F, 0xFF, 0xE0, 0x00, 0xFF, 0xFE, 0x00, 0x01, 0xFE, 0x00, 0x00,
  0x0F, 0xE0, 0x00, 0x00, 0xFE, 0x00, 0x00, 0x0F, 0xE0, 0x00, 0x00, 0xFE,
  0x1E, 0x00, 0x0F, 0xFF, 0xFE, 0x00, 0xFF, 0xFF, 0xF8, 0x0F, 0xF8, 0xFF,
  0xC0, 0xFE, 0x03, 0xFE, 0x0F, 0xE0, 0x0F, 0xE0, 0xFE, 0x00, 0xFF, 0x0F,
  0xE0, 0x0F, 0xF0, 0xFE, 0x00, 0x7F, 0x0F, 0xE0, 0x07, 0xF0, 0xFE, 0x00,
  0x7F, 0x0F, 0xE0, 0x07, 0xF0, 0xFE, 0x00, 0x7F, 0x0F, 0xE0, 0x0F, 0xF0,
  0xFE, 0x00, 0xFE, 0x0F, 0xE0, 0x1F, 0xE0, 0xFE, 0x03, 0xFC, 0x0F, 0xFF,
  0xFF, 0x80, 0xFF, 0xFF, 0xF0, 0x0F, 0xFF, 0xFC, 0x00, 0xFE, 0x00, 0x00,
  0x0F, 0xE0, 0x00, 0x00, 0xFE, 0x00, 0x00, 0x0F, 0xE0, 0x00, 0x00, 0xFE,
  0x00, 0x00, 0xFF, 0xFE, 0x00, 0x0F, 0xFF, 0xE0, 0x00, 0xFF, 0xFE, 0x00,
  0x00, 0x00, 0x07, 0xF8, 0x00, 0x00, 0xFF, 0xF8, 0x00, 0x1F, 0xFF, 0xE0,
  0x01, 0xF8, 0x3F, 0x00, 0x1F, 0x01, 0xFC, 0x01, 0xF8, 0x07, 0xE0, 0x1F,
  0x80, 0x3F, 0x00, 0xFC, 0x01, 0xF8, 0x0F, 0xC0, 0x0F, 0xC0, 0x7E, 0x00,
  0xFC, 0x03, 0xF0, 0x07, 0xE0, 0x3F, 0x80, 0x3E, 0x01, 0xFC, 0x03, 0xE0,
  0x0F, 0xE0, 0x3E, 0x00, 0x7F, 0x03, 0xE0, 0x03, 0xF8, 0x1F, 0x00, 0x1F,
  0xC1, 0xF8, 0x00, 0xFE, 0x0F, 0xE0, 0x07, 0xF0, 0x7F, 0x00, 0x3F, 0x83,
  0xFC, 0x01, 0xFC, 0x0F, 0xF8, 0x0F, 0xE0, 0x3F, 0xE0, 0x7F, 0x01, 0xFF,
  0x83, 0xF8, 0x07, 0xFC, 0x1F, 0xC0, 0x1F, 0xF0, 0xFE, 0x00, 0x7F, 0x87,
  0xF0, 0x01, 0xFE, 0x3F, 0x80, 0x0F, 0xF1, 0xFC, 0x00, 0x3F, 0x8F, 0xE0,
  0x01, 0xFC, 0x7F, 0x00, 0x0F, 0xE3, 0xF8, 0x00, 0x7F, 0x1F, 0xC0, 0x07,
  0xF0, 0xFE, 0x10, 0x7F, 0xBF, 0xF0, 0xFF, 0xF9, 0xFF, 0x87, 0xFF, 0x8F,
  0xFC, 0x3F, 0xF0, 0x00, 0x00, 0x20, 0x00, 0x00, 0x80, 0x00, 0x01, 0x80,
  0x00, 0x03, 0xC0, 0x00, 0x0F, 0xE0, 0x00, 0x07, 0xF0, 0x00, 0x03, 0xF8,
  0x00, 0x03, 0xFC, 0x00, 0x01, 0xFC, 0x00, 0x00, 0x7E, 0x00, 0x00, 0x3F,
  0x00, 0x00, 0x1F, 0x00, 0x00, 0x06, 0x00, 0x00, 0x00, 0x00, 0x00, 0x00,
  0x00, 0x00, 0x00, 0x00, 0x00, 0x3E, 0x00, 0x03, 0xFF, 0xC0, 0x1F, 0xFF,
  0xF0, 0x3F, 0xFF, 0xF0, 0x7F, 0xFF, 0xF8, 0x3C, 0x03, 0xF8, 0x20, 0x01,
  0xF8, 0x00, 0x01, 0xFC, 0x00, 0x01, 0xFC, 0x00, 0x01, 0xFC, 0x00, 0x01,
  0xFC, 0x00, 0x3F, 0xFC, 0x03, 0xFF, 0xFC, 0x0F, 0xFF, 0xFC, 0x3F, 0xE1,
  0xFC, 0x7F, 0x81, 0xFC, 0x7F, 0x01, 0xFC, 0xFE, 0x01, 0xFC, 0xFE, 0x01,
  0xFC, 0xFE, 0x01, 0xFC, 0xFE, 0x01, 0xFC, 0xFF, 0x01, 0xFC, 0xFF, 0x03,
  0xFC, 0x7F, 0xCF, 0xFC, 0x7F, 0xFE, 0xFF, 0x3F, 0xFC, 0xFF, 0x0F, 0xF0,
  0xFF, 0x01, 0x80, 0x00, 0x00, 0x00, 0x40, 0x00, 0x00, 0xE0, 0x00, 0x01,
  0xF0, 0x00, 0x03, 0xF8, 0x00, 0x03, 0xF8, 0x00, 0x07, 0xF0, 0x00, 0x0F,
  0xE0, 0x00, 0x1F, 0xC0, 0x00, 0x3F, 0x80, 0x00, 0x7F, 0x00, 0x00, 0x3C,
  0x00, 0x00, 0x18, 0x00, 0x00, 0x00, 0x00, 0x00, 0x00, 0x00, 0x00, 0x00,
  0x00, 0x00, 0x3E, 0x00, 0x03, 0xFF, 0xC0, 0x1F, 0xFF, 0xF0, 0x3F, 0xFF,
  0xF0, 0x7F, 0xFF, 0xF8, 0x3C, 0x03, 0xF8, 0x20, 0x01, 0xF8, 0x00, 0x01,
  0xFC, 0x00, 0x01, 0xFC, 0x00, 0x01, 0xFC, 0x00, 0x01, 0xFC, 0x00, 0x3F,
  0xFC, 0x03, 0xFF, 0xFC, 0x0F, 0xFF, 0xFC, 0x3F, 0xE1, 0xFC, 0x7F, 0x81,
  0xFC, 0x7F, 0x01, 0xFC, 0xFE, 0x01, 0xFC, 0xFE, 0x01, 0xFC, 0xFE, 0x01,
  0xFC, 0xFE, 0x01, 0xFC, 0xFF, 0x01, 0xFC, 0xFF, 0x03, 0xFC, 0x7F, 0xCF,
  0xFC, 0x7F, 0xFE, 0xFF, 0x3F, 0xFC, 0xFF, 0x0F, 0xF0, 0xFF, 0x01, 0x80,
  0x00, 0x00, 0x7E, 0x00, 0x00, 0x7F, 0x00, 0x00, 0xFF, 0x00, 0x01, 0xFF,
  0x80, 0x01, 0xF7, 0xC0, 0x03, 0xE7, 0xC0, 0x07, 0xC3, 0xE0, 0x0F, 0x81,
  0xF0, 0x0F, 0x00, 0xF8, 0x1E, 0x00, 0x78, 0x04, 0x00, 0x20, 0x00, 0x00,
  0x00, 0x00, 0x00, 0x00, 0x00, 0x3E, 0x00, 0x03, 0xFF, 0xC0, 0x1F, 0xFF,
  0xF0, 0x3F, 0xFF, 0xF0, 0x7F, 0xFF, 0xF8, 0x3C, 0x03, 0xF8, 0x20, 0x01,
  0xF8, 0x00, 0x01, 0xFC, 0x00, 0x01, 0xFC, 0x00, 0x01, 0xFC, 0x00, 0x01,
  0xFC, 0x00, 0x3F, 0xFC, 0x03, 0xFF, 0xFC, 0x0F, 0xFF, 0xFC, 0x3F, 0xE1,
  0xFC, 0x7F, 0x81, 0xFC, 0x7F, 0x01, 0xFC, 0xFE, 0x01, 0xFC, 0xFE, 0x01,
  0xFC, 0xFE, 0x01, 0xFC, 0xFE, 0x01, 0xFC, 0xFF, 0x01, 0xFC, 0xFF, 0x03,
  0xFC, 0x7F, 0xCF, 0xFC, 0x7F, 0xFE, 0xFF, 0x3F, 0xFC, 0xFF, 0x0F, 0xF0,
  0xFF, 0x01, 0x80, 0x00, 0x01, 0xF0, 0x20, 0x03, 0xF8, 0x78, 0x07, 0xFC,
  0x70, 0x0F, 0xFF, 0xF0, 0x0F, 0x3F, 0xE0, 0x0E, 0x0F, 0xE0, 0x02, 0x07,
  0x80, 0x00, 0x00, 0x00, 0x00, 0x00, 0x00, 0x00, 0x00, 0x00, 0x00, 0x3E,
  0x00, 0x03, 0xFF, 0xC0, 0x1F, 0xFF, 0xF0, 0x3F, 0xFF, 0xF0, 0x7F, 0xFF,
  0xF8, 0x3C, 0x03, 0xF8, 0x20, 0x01, 0xF8, 0x00, 0x01, 0xFC, 0x00, 0x01,
  0xFC, 0x00, 0x01, 0xFC, 0x00, 0x01, 0xFC, 0x00, 0x3F, 0xFC, 0x03, 0xFF,
  0xFC, 0x0F, 0xFF, 0xFC, 0x3F, 0xE1, 0xFC, 0x7F, 0x81, 0xFC, 0x7F, 0x01,
  0xFC, 0xFE, 0x01, 0xFC, 0xFE, 0x01, 0xFC, 0xFE, 0x01, 0xFC, 0xFE, 0x01,
  0xFC, 0xFF, 0x01, 0xFC, 0xFF, 0x03, 0xFC, 0x7F, 0xCF, 0xFC, 0x7F, 0xFE,
  0xFF, 0x3F, 0xFC, 0xFF, 0x0F, 0xF0, 0xFF, 0x01, 0x80, 0x00, 0x07, 0x80,
  0xF0, 0x0F, 0xC1, 0xF0, 0x0F, 0xC3, 0xF8, 0x1F, 0xC3, 0xF8, 0x1F, 0xC3,
  0xF8, 0x0F, 0xC3, 0xF8, 0x0F, 0x81, 0xF0, 0x02, 0x00, 0x40, 0x00, 0x00,
  0x00, 0x00, 0x00, 0x00, 0x00, 0x00, 0x00, 0x00, 0x3E, 0x00, 0x03, 0xFF,
  0xC0, 0x1F, 0xFF, 0xF0, 0x3F, 0xFF, 0xF0, 0x7F, 0xFF, 0xF8, 0x3C, 0x03,
  0xF8, 0x20, 0x01, 0xF8, 0x00, 0x01, 0xFC, 0x00, 0x01, 0xFC, 0x00, 0x01,
  0xFC, 0x00, 0x01, 0xFC, 0x00, 0x3F, 0xFC, 0x03, 0xFF, 0xFC, 0x0F, 0xFF,
  0xFC, 0x3F, 0xE1, 0xFC, 0x7F, 0x81, 0xFC, 0x7F, 0x01, 0xFC, 0xFE, 0x01,
  0xFC, 0xFE, 0x01, 0xFC, 0xFE, 0x01, 0xFC, 0xFE, 0x01, 0xFC, 0xFF, 0x01,
  0xFC, 0xFF, 0x03, 0xFC, 0x7F, 0xCF, 0xFC, 0x7F, 0xFE, 0xFF, 0x3F, 0xFC,
  0xFF, 0x0F, 0xF0, 0xFF, 0x01, 0x80, 0x00, 0x00, 0xFE, 0x00, 0x01, 0xFF,
  0x80, 0x03, 0xEF, 0xC0, 0x03, 0x83, 0xC0, 0x07, 0x81, 0xC0, 0x07, 0x81,
  0xC0, 0x07, 0x81, 0xC0, 0x07, 0x81, 0xC0, 0x03, 0xC3, 0xC0, 0x03, 0xFF,
  0x80, 0x01, 0xFF, 0x00, 0x00, 0x7C, 0x00, 0x00, 0x00, 0x00, 0x00, 0x00,
  0x00, 0x00, 0x3E, 0x00, 0x03, 0xFF, 0xC0, 0x1F, 0xFF, 0xF0, 0x3F, 0xFF,
  0xF0, 0x7F, 0xFF, 0xF8, 0x3C, 0x03, 0xF8, 0x20, 0x01, 0xF8, 0x00, 0x01,
  0xFC, 0x00, 0x01, 0xFC, 0x00, 0x01, 0xFC, 0x00, 0x01, 0xFC, 0x00, 0x3F,
  0xFC, 0x03, 0xFF, 0xFC, 0x0F, 0xFF, 0xFC, 0x3F, 0xE1, 0xFC, 0x7F, 0x81,
  0xFC, 0x7F, 0x01, 0xFC, 0xFE, 0x01, 0xFC, 0xFE, 0x01, 0xFC, 0xFE, 0x01,
  0xFC, 0xFE, 0x01, 0xFC, 0xFF, 0x01, 0xFC, 0xFF, 0x03, 0xFC, 0x7F, 0xCF,
  0xFC, 0x7F, 0xFE, 0xFF, 0x3F, 0xFC, 0xFF, 0x0F, 0xF0, 0xFF, 0x01, 0x80,
  0x00, 0x00, 0x3E, 0x00, 0x7E, 0x00, 0x0F, 0xFF, 0x0F, 0xFE, 0x01, 0xFF,
  0xFE, 0x7F, 0xFE, 0x0F, 0xFF, 0xFF, 0xF3, 0xFC, 0x7F, 0xFF, 0xFF, 0x03,
  0xF0, 0xF0, 0x0F, 0xF8, 0x0F, 0xE3, 0x00, 0x1F, 0xC0, 0x1F, 0x80, 0x00,
  0x7F, 0x00, 0x7E, 0x00, 0x01, 0xFC, 0x01, 0xFC, 0x00, 0x07, 0xF0, 0x07,
  0xF0, 0x00, 0x1F, 0xC0, 0x1F, 0xC0, 0x0F, 0xFF, 0xFF, 0xFF, 0x03, 0xFF,
  0xFF, 0xFF, 0xFC, 0x3F, 0xFF, 0xFF, 0xFF, 0xE3, 0xFE, 0x1F, 0xC0, 0x00,
  0x0F, 0xE0, 0x7F, 0x00, 0x00, 0x7F, 0x01, 0xFC, 0x00, 0x03, 0xF8, 0x03,
  0xF0, 0x00, 0x0F, 0xE0, 0x0F, 0xC0, 0x00, 0x3F, 0x80, 0x3F, 0x80, 0x00,
  0xFE, 0x00, 0xFE, 0x00, 0x03, 0xFC, 0x07, 0xFC, 0x00, 0x4F, 0xF0, 0x3F,
  0xFC, 0x03, 0x9F, 0xF3, 0xCF, 0xFF, 0xFE, 0x7F, 0xFE, 0x1F, 0xFF, 0xF0,
  0xFF, 0xF0, 0x3F, 0xFF, 0x80, 0xFF, 0x80, 0x3F, 0xF8, 0x00, 0x60, 0x00,
  0x0C, 0x00, 0x00, 0x1F, 0x80, 0x03, 0xFF, 0xE0, 0x3F, 0xFF, 0x81, 0xFC,
  0xFE, 0x0F, 0xC0, 0xF8, 0x7E, 0x03, 0xE3, 0xF8, 0x0F, 0x8F, 0xC0, 0x3E,
  0x7F, 0x00, 0x79, 0xFC, 0x01, 0xE7, 0xF0, 0x00, 0x1F, 0xC0, 0x00, 0xFF,
  0x00, 0x03, 0xF8, 0x00, 0x0F, 0xF0, 0x00, 0x3F, 0xC0, 0x00, 0xFF, 0x00,
  0x01, 0xFC, 0x00, 0x07, 0xF0, 0x00, 0x1F, 0xE0, 0x00, 0x7F, 0x80, 0x00,
  0xFF, 0x00, 0x23, 0xFE, 0x01, 0x87, 0xFF, 0xFF, 0x0F, 0xFF, 0xF8, 0x1F,
  0xFF, 0xC0, 0x1F, 0xFC, 0x00, 0x0F, 0x00, 0x00, 0x1C, 0x00, 0x00, 0x78,
  0x00, 0x00, 0xF0, 0x00, 0x03, 0xC0, 0x00, 0x1F, 0x00, 0x00, 0x7C, 0x00,
  0x37, 0xF0, 0x00, 0xFF, 0xC0, 0x03, 0xFF, 0x00, 0x0F, 0xF8, 0x00, 0x0F,
  0x80, 0x00, 0x00, 0x80, 0x00, 0x03, 0x00, 0x00, 0x0F, 0x00, 0x00, 0x7F,
  0x00, 0x00, 0x7F, 0x00, 0x00, 0x7F, 0x00, 0x00, 0xFF, 0x00, 0x00, 0xFE,
  0x00, 0x00, 0x7E, 0x00, 0x00, 0x7E, 0x00, 0x00, 0x7C, 0x00, 0x00, 0x30,
  0x00, 0x00, 0x00, 0x00, 0x00, 0x00, 0x00, 0x00, 0x00, 0x00, 0x1F, 0x80,
  0x01, 0xFF, 0xE0, 0x0F, 0xFF, 0xE0, 0x3F, 0x9F, 0xE0, 0xFC, 0x0F, 0xE1,
  0xF0, 0x0F, 0xC7, 0xE0, 0x1F, 0x8F, 0xC0, 0x3F, 0xBF, 0x80, 0x7F, 0x7E,
  0x00, 0xFE, 0xFC, 0x01, 0xFD, 0xFF, 0xFF, 0xFF, 0xFF, 0xFF, 0xFF, 0xFF,
  0xFF, 0xFF, 0xC0, 0x00, 0x3F, 0x80, 0x00, 0x3F, 0x80, 0x00, 0x7F, 0x00,
  0x00, 0xFE, 0x00, 0x01, 0xFC, 0x00, 0x03, 0xFC, 0x00, 0x03, 0xFC, 0x00,
  0x47, 0xFC, 0x03, 0x87, 0xFF, 0xFF, 0x87, 0xFF, 0xFE, 0x07, 0xFF, 0xF0,
  0x03, 0xFF, 0x80, 0x00, 0x60, 0x00, 0x00, 0x00, 0x40, 0x00, 0x01, 0xC0,
  0x00, 0x07, 0xC0, 0x00, 0x1F, 0xC0, 0x00, 0x3F, 0x80, 0x00, 0xFE, 0x00,
  0x03, 0xF8, 0x00, 0x0F, 0xE0, 0x00, 0x3F, 0x80, 0x00, 0xFE, 0x00, 0x00,
  0xF0, 0x00, 0x00, 0xC0, 0x00, 0x00, 0x00, 0x00, 0x00, 0x00, 0x00, 0x00,
  0x00, 0x00, 0x1F, 0x80, 0x01, 0xFF, 0xE0, 0x0F, 0xFF, 0xE0, 0x3F, 0x9F,
  0xE0, 0xFC, 0x0F, 0xE1, 0xF0, 0x0F, 0xC7, 0xE0, 0x1F, 0x8F, 0xC0, 0x3F,
  0xBF, 0x80, 0x7F, 0x7E, 0x00, 0xFE, 0xFC, 0x01, 0xFD, 0xFF, 0xFF, 0xFF,
  0xFF, 0xFF, 0xFF, 0xFF, 0xFF, 0xFF, 0xC0, 0x00, 0x3F, 0x80, 0x00, 0x3F,
  0x80, 0x00, 0x7F, 0x00, 0x00, 0xFE, 0x00, 0x01, 0xFC, 0x00, 0x03, 0xFC,
  0x00, 0x03, 0xFC, 0x00, 0x47, 0xFC, 0x03, 0x87, 0xFF, 0xFF, 0x87, 0xFF,
  0xFE, 0x07, 0xFF, 0xF0, 0x03, 0xFF, 0x80, 0x00, 0x60, 0x00, 0x00, 0x3F,
  0x00, 0x00, 0x7F, 0x00, 0x01, 0xFE, 0x00, 0x07, 0xFE, 0x00, 0x0F, 0xBE,
  0x00, 0x3E, 0x7C, 0x00, 0xF8, 0x7C, 0x03, 0xE0, 0x7C, 0x07, 0x80, 0x7C,
  0x1E, 0x00, 0x78, 0x08, 0x00, 0x40, 0x00, 0x00, 0x00, 0x00, 0x00, 0x00,
  0x07, 0xE0, 0x00, 0x7F, 0xF8, 0x03, 0xFF, 0xF8, 0x0F, 0xE7, 0xF8, 0x3F,
  0x03, 0xF8, 0x7C, 0x03, 0xF1, 0xF8, 0x07, 0xE3, 0xF0, 0x0F, 0xEF, 0xE0,
  0x1F, 0xDF, 0x80, 0x3F, 0xBF, 0x00, 0x7F, 0x7F, 0xFF, 0xFF, 0xFF, 0xFF,
  0xFF, 0xFF, 0xFF, 0xFF, 0xF0, 0x00, 0x0F, 0xE0, 0x00, 0x0F, 0xE0, 0x00,
  0x1F, 0xC0, 0x00, 0x3F, 0x80, 0x00, 0x7F, 0x00, 0x00, 0xFF, 0x00, 0x00,
  0xFF, 0x00, 0x11, 0xFF, 0x00, 0xE1, 0xFF, 0xFF, 0xE1, 0xFF, 0xFF, 0x81,
  0xFF, 0xFC, 0x00, 0xFF, 0xE0, 0x00, 0x18, 0x00, 0x03, 0xC0, 0x78, 0x0F,
  0xC1, 0xF0, 0x1F, 0x87, 0xF0, 0x7F, 0x0F, 0xE0, 0xFE, 0x1F, 0xC0, 0xFC,
  0x3F, 0x81, 0xF0, 0x3E, 0x00, 0x80, 0x10, 0x00, 0x00, 0x00, 0x00, 0x00,
  0x00, 0x00, 0x00, 0x00, 0x01, 0xF8, 0x00, 0x1F, 0xFE, 0x00, 0xFF, 0xFE,
  0x03, 0xF9, 0xFE, 0x0F, 0xC0, 0xFE, 0x1F, 0x00, 0xFC, 0x7E, 0x01, 0xF8,
  0xFC, 0x03, 0xFB, 0xF8, 0x07, 0xF7, 0xE0, 0x0F, 0xEF, 0xC0, 0x1F, 0xDF,
  0xFF, 0xFF, 0xFF, 0xFF, 0xFF, 0xFF, 0xFF, 0xFF, 0xFC, 0x00, 0x03, 0xF8,
  0x00, 0x03, 0xF8, 0x00, 0x07, 0xF0, 0x00, 0x0F, 0xE0, 0x00, 0x1F, 0xC0,
  0x00, 0x3F, 0xC0, 0x00, 0x3F, 0xC0, 0x04, 0x7F, 0xC0, 0x38, 0x7F, 0xFF,
  0xF8, 0x7F, 0xFF, 0xE0, 0x7F, 0xFF, 0x00, 0x3F, 0xF8, 0x00, 0x06, 0x00,
  0x00, 0x08, 0x00, 0x18, 0x00, 0x3C, 0x00, 0xFE, 0x00, 0x7F, 0x00, 0x3F,
  0x80, 0x3F, 0xC0, 0x1F, 0xC0, 0x07, 0xE0, 0x03, 0xF0, 0x01, 0xF0, 0x00,
  0x60, 0x00, 0x00, 0x00, 0x00, 0x00, 0x00, 0x00, 0x30, 0x1F, 0xF8, 0x1F,
  0xF8, 0x1F, 0xF8, 0x1F, 0xF8, 0x03, 0xF8, 0x03, 0xF8, 0x03, 0xF8, 0x03,
  0xF8, 0x03, 0xF8, 0x03, 0xF8, 0x03, 0xF8, 0x03, 0xF8, 0x03, 0xF8, 0x03,
  0xF8, 0x03, 0xF8, 0x03, 0xF8, 0x03, 0xF8, 0x03, 0xF8, 0x03, 0xF8, 0x03,
  0xF8, 0x03, 0xF8, 0x03, 0xF8, 0x03, 0xF8, 0x1F, 0xFF, 0x1F, 0xFF, 0x1F,
  0xFF, 0x00, 0x10, 0x00, 0x70, 0x01, 0xF0, 0x07, 0xF0, 0x0F, 0xE0, 0x3F,
  0x80, 0xFE, 0x03, 0xF8, 0x0F, 0xE0, 0x3F, 0x80, 0x3C, 0x00, 0x30, 0x00,
  0x00, 0x00, 0x00, 0x00, 0x00, 0x00, 0xC0, 0xFF, 0xC1, 0xFF, 0x83, 0xFF,
  0x07, 0xFE, 0x01, 0xFC, 0x03, 0xF8, 0x07, 0xF0, 0x0F, 0xE0, 0x1F, 0xC0,
  0x3F, 0x80, 0x7F, 0x00, 0xFE, 0x01, 0xFC, 0x03, 0xF8, 0x07, 0xF0, 0x0F,
  0xE0, 0x1F, 0xC0, 0x3F, 0x80, 0x7F, 0x00, 0xFE, 0x01, 0xFC, 0x03, 0xF8,
  0x07, 0xF0, 0x7F, 0xFC, 0xFF, 0xF9, 0xFF, 0xF0, 0x03, 0xF0, 0x00, 0xFE,
  0x00, 0x7F, 0x80, 0x3F, 0xF0, 0x0F, 0xBE, 0x07, 0xCF, 0x83, 0xE1, 0xF1,
  0xF0, 0x3E, 0x78, 0x07, 0xFC, 0x00, 0xF2, 0x00, 0x10, 0x00, 0x00, 0x00,
  0x00, 0x00, 0x0C, 0x01, 0xFF, 0x80, 0x7F, 0xE0, 0x1F, 0xF8, 0x07, 0xFE,
  0x00, 0x3F, 0x80, 0x0F, 0xE0, 0x03, 0xF8, 0x00, 0xFE, 0x00, 0x3F, 0x80,
  0x0F, 0xE0, 0x03, 0xF8, 0x00, 0xFE, 0x00, 0x3F, 0x80, 0x0F, 0xE0, 0x03,
  0xF8, 0x00, 0xFE, 0x00, 0x3F, 0x80, 0x0F, 0xE0, 0x03, 0xF8, 0x00, 0xFE,
  0x00, 0x3F, 0x80, 0x0F, 0xE0, 0x03, 0xF8, 0x07, 0xFF, 0xC1, 0xFF, 0xF0,
  0x7F, 0xFC, 0x3C, 0x07, 0x9F, 0x83, 0xE7, 0xE1, 0xFF, 0xF8, 0x7F, 0xFE,
  0x1F, 0xDF, 0x87, 0xF7, 0xC0, 0xF8, 0x40, 0x08, 0x00, 0x00, 0x00, 0x00,
  0x00, 0x00, 0x00, 0x00, 0xC0, 0x1F, 0xF8, 0x07, 0xFE, 0x01, 0xFF, 0x80,
  0x7F, 0xE0, 0x03, 0xF8, 0x00, 0xFE, 0x00, 0x3F, 0x80, 0x0F, 0xE0, 0x03,
  0xF8, 0x00, 0xFE, 0x00, 0x3F, 0x80, 0x0F, 0xE0, 0x03, 0xF8, 0x00, 0xFE,
  0x00, 0x3F, 0x80, 0x0F, 0xE0, 0x03, 0xF8, 0x00, 0xFE, 0x00, 0x3F, 0x80,
  0x0F, 0xE0, 0x03, 0xF8, 0x00, 0xFE, 0x00, 0x3F, 0x80, 0x7F, 0xFC, 0x1F,
  0xFF, 0x07, 0xFF, 0xC0, 0x00, 0x04, 0x00, 0x04, 0x07, 0x00, 0x07, 0x83,
  0xC0, 0x03, 0xFB, 0xC0, 0x01, 0xFF, 0xE0, 0x00, 0x1F, 0xE0, 0x00, 0x03,
  0xF8, 0x00, 0x01, 0xFE, 0x00, 0x01, 0xFF, 0x80, 0x01, 0xF7, 0xE0, 0x01,
  0xF1, 0xF8, 0x00, 0x30, 0x7E, 0x00, 0x00, 0x1F, 0x80, 0x00, 0x0F, 0xE0,
  0x00, 0x03, 0xF0, 0x00, 0x01, 0xFC, 0x00, 0x3F, 0x7E, 0x00, 0xFF, 0xFF,
  0x80, 0xFF, 0xFF, 0xC0, 0xFE, 0x1F, 0xE0, 0xFC, 0x03, 0xF8, 0xFC, 0x01,
  0xFC, 0xFE, 0x00, 0xFE, 0x7F, 0x00, 0x7F, 0x7F, 0x00, 0x3F, 0xBF, 0x80,
  0x1F, 0xDF, 0xC0, 0x0F, 0xEF, 0xE0, 0x07, 0xF7, 0xF0, 0x03, 0xFF, 0xF8,
  0x01, 0xFF, 0xFC, 0x00, 0xFF, 0xFE, 0x00, 0x7F, 0x7F, 0x00, 0x3F, 0xBF,
  0x80, 0x1F, 0xDF, 0xC0, 0x0F, 0xCF, 0xE0, 0x07, 0xE3, 0xF8, 0x07, 0xF1,
  0xFC, 0x03, 0xF0, 0x7F, 0x03, 0xF8, 0x3F, 0x83, 0xF8, 0x0F, 0xFF, 0xF8,
  0x03, 0xFF, 0xF8, 0x00, 0x7F, 0xF0, 0x00, 0x03, 0x80, 0x00, 0x00, 0x7C,
  0x08, 0x00, 0x07, 0xF0, 0xF0, 0x00, 0x7F, 0xC7, 0x00, 0x07, 0xFF, 0xF8,
  0x00, 0x3C, 0xFF, 0x80, 0x01, 0xC1, 0xFC, 0x00, 0x02, 0x07, 0x80, 0x00,
  0x00, 0x00, 0x00, 0x00, 0x00, 0x00, 0x00, 0x00, 0x00, 0x00, 0x00, 0xC0,
  0x3C, 0x01, 0xFF, 0x0F, 0xFC, 0x0F, 0xF9, 0xFF, 0xF0, 0x7F, 0xDF, 0xFF,
  0xC3, 0xFF, 0xF3, 0xFE, 0x03, 0xFC, 0x07, 0xF8, 0x1F, 0xC0, 0x1F, 0xC0,
  0xFC, 0x00, 0xFE, 0x07, 0xE0, 0x07, 0xF0, 0x3F, 0x00, 0x3F, 0x81, 0xF8,
  0x01, 0xFC, 0x0F, 0xC0, 0x0F, 0xE0, 0x7E, 0x00, 0x7F, 0x03, 0xF0, 0x03,
  0xF8, 0x1F, 0x80, 0x1F, 0xC0, 0xFC, 0x00, 0xFE, 0x07, 0xE0, 0x07, 0xF0,
  0x3F, 0x00, 0x3F, 0x81, 0xF8, 0x01, 0xFC, 0x0F, 0xC0, 0x0F, 0xE0, 0x7E,
  0x00, 0x7F, 0x03, 0xF0, 0x03, 0xF8, 0x1F, 0x80, 0x1F, 0xC0, 0xFC, 0x00,
  0xFE, 0x3F, 0xFC, 0x1F, 0xFF, 0xFF, 0xE0, 0xFF, 0xFF, 0xFF, 0x07, 0xFF,
  0x80, 0x00, 0x80, 0x00, 0x00, 0x60, 0x00, 0x00, 0x3C, 0x00, 0x00, 0x3F,
  0x80, 0x00, 0x07, 0xF0, 0x00, 0x00, 0xFE, 0x00, 0x00, 0x3F, 0xC0, 0x00,
  0x07, 0xF0, 0x00, 0x00, 0x7E, 0x00, 0x00, 0x0F, 0xC0, 0x00, 0x01, 0xF0,
  0x00, 0x00, 0x18, 0x00, 0x00, 0x00, 0x00, 0x00, 0x00, 0x00, 0x00, 0x00,
  0x00, 0x00, 0x00, 0xFC, 0x00, 0x01, 0xFF, 0xE0, 0x00, 0xFF, 0xFE, 0x00,
  0xFF, 0x1F, 0xC0, 0x3F, 0x03, 0xF8, 0x1F, 0x80, 0x7F, 0x0F, 0xE0, 0x1F,
  0xC3, 0xF0, 0x03, 0xF9, 0xFC, 0x00, 0xFE, 0x7F, 0x00, 0x3F, 0x9F, 0xC0,
  0x0F, 0xEF, 0xF0, 0x03, 0xFF, 0xFC, 0x00, 0xFF, 0xFF, 0x00, 0x3F, 0xFF,
  0xC0, 0x0F, 0xFF, 0xF0, 0x03, 0xFF, 0xFC, 0x00, 0xFF, 0x7F, 0x00, 0x3F,
  0x9F, 0xC0, 0x0F, 0xE7, 0xF0, 0x03, 0xF9, 0xFC, 0x00, 0xFC, 0x3F, 0x80,
  0x7F, 0x07, 0xE0, 0x1F, 0x81, 0xFC, 0x0F, 0xC0, 0x3F, 0xFF, 0xE0, 0x07,
  0xFF, 0xF0, 0x00, 0x7F, 0xF0, 0x00, 0x01, 0xC0, 0x00, 0x00, 0x00, 0x20,
  0x00, 0x00, 0x1C, 0x00, 0x00, 0x0F, 0x80, 0x00, 0x07, 0xF0, 0x00, 0x01,
  0xFC, 0x00, 0x00, 0xFE, 0x00, 0x00, 0x7F, 0x00, 0x00, 0x3F, 0x80, 0x00,
  0x1F, 0xC0, 0x00, 0x0F, 0xE0, 0x00, 0x01, 0xE0, 0x00, 0x00, 0x30, 0x00,
  0x00, 0x00, 0x00, 0x00, 0x00, 0x00, 0x00, 0x00, 0x00, 0x00, 0x00, 0xFC,
  0x00, 0x01, 0xFF, 0xE0, 0x00, 0xFF, 0xFE, 0x00, 0xFF, 0x1F, 0xC0, 0x3F,
  0x03, 0xF8, 0x1F, 0x80, 0x7F, 0x0F, 0xE0, 0x1F, 0xC3, 0xF0, 0x03, 0xF9,
  0xFC, 0x00, 0xFE, 0x7F, 0x00, 0x3F, 0x9F, 0xC0, 0x0F, 0xEF, 0xF0, 0x03,
  0xFF, 0xFC, 0x00, 0xFF, 0xFF, 0x00, 0x3F, 0xFF, 0xC0, 0x0F, 0xFF, 0xF0,
  0x03, 0xFF, 0xFC, 0x00, 0xFF, 0x7F, 0x00, 0x3F, 0x9F, 0xC0, 0x0F, 0xE7,
  0xF0, 0x03, 0xF9, 0xFC, 0x00, 0xFC, 0x3F, 0x80, 0x7F, 0x07, 0xE0, 0x1F,
  0x81, 0xFC, 0x0F, 0xC0, 0x3F, 0xFF, 0xE0, 0x07, 0xFF, 0xF0, 0x00, 0x7F,
  0xF0, 0x00, 0x01, 0xC0, 0x00, 0x00, 0x3F, 0x00, 0x00, 0x0F, 0xE0, 0x00,
  0x07, 0xF8, 0x00, 0x03, 0xFF, 0x00, 0x00, 0xFB, 0xE0, 0x00, 0x7C, 0xF8,
  0x00, 0x3E, 0x1F, 0x00, 0x1F, 0x03, 0xE0, 0x07, 0x80, 0x7C, 0x03, 0xC0,
  0x0F, 0x00, 0x20, 0x01, 0x00, 0x00, 0x00, 0x00, 0x00, 0x00, 0x00, 0x00,
  0x0F, 0xC0, 0x00, 0x1F, 0xFE, 0x00, 0x0F, 0xFF, 0xE0, 0x0F, 0xF1, 0xFC,
  0x03, 0xF0, 0x3F, 0x81, 0xF8, 0x07, 0xF0, 0xFE, 0x01, 0xFC, 0x3F, 0x00,
  0x3F, 0x9F, 0xC0, 0x0F, 0xE7, 0xF0, 0x03, 0xF9, 0xFC, 0x00, 0xFE, 0xFF,
  0x00, 0x3F, 0xFF, 0xC0, 0x0F, 0xFF, 0xF0, 0x03, 0xFF, 0xFC, 0x00, 0xFF,
  0xFF, 0x00, 0x3F, 0xFF, 0xC0, 0x0F, 0xF7, 0xF0, 0x03, 0xF9, 0xFC, 0x00,
  0xFE, 0x7F, 0x00, 0x3F, 0x9F, 0xC0, 0x0F, 0xC3, 0xF8, 0x07, 0xF0, 0x7E,
  0x01, 0xF8, 0x1F, 0xC0, 0xFC, 0x03, 0xFF, 0xFE, 0x00, 0x7F, 0xFF, 0x00,
  0x07, 0xFF, 0x00, 0x00, 0x1C, 0x00, 0x00, 0x00, 0xF8, 0x10, 0x00, 0x7F,
  0x0F, 0x00, 0x3F, 0xE3, 0x80, 0x1F, 0xFF, 0xE0, 0x07, 0x9F, 0xF0, 0x01,
  0xC1, 0xFC, 0x00, 0x10, 0x3C, 0x00, 0x00, 0x00, 0x00, 0x00, 0x00, 0x00,
  0x00, 0x00, 0x00, 0x00, 0x03, 0xF0, 0x00, 0x07, 0xFF, 0x80, 0x03, 0xFF,
  0xF8, 0x03, 0xFC, 0x7F, 0x00, 0xFC, 0x0F, 0xE0, 0x7E, 0x01, 0xFC, 0x3F,
  0x80, 0x7F, 0x0F, 0xC0, 0x0F, 0xE7, 0xF0, 0x03, 0xF9, 0xFC, 0x00, 0xFE,
  0x7F, 0x00, 0x3F, 0xBF, 0xC0, 0x0F, 0xFF, 0xF0, 0x03, 0xFF, 0xFC, 0x00,
  0xFF, 0xFF, 0x00, 0x3F, 0xFF, 0xC0, 0x0F, 0xFF, 0xF0, 0x03, 0xFD, 0xFC,
  0x00, 0xFE, 0x7F, 0x00, 0x3F, 0x9F, 0xC0, 0x0F, 0xE7, 0xF0, 0x03, 0xF0,
  0xFE, 0x01, 0xFC, 0x1F, 0x80, 0x7E, 0x07, 0xF0, 0x3F, 0x00, 0xFF, 0xFF,
  0x80, 0x1F, 0xFF, 0xC0, 0x01, 0xFF, 0xC0, 0x00, 0x07, 0x00, 0x00, 0x03,
  0xC0, 0x78, 0x01, 0xF8, 0x3E, 0x00, 0x7E, 0x1F, 0xC0, 0x3F, 0x87, 0xF0,
  0x0F, 0xE1, 0xFC, 0x01, 0xF8, 0x7F, 0x00, 0x7C, 0x0F, 0x80, 0x04, 0x00,
  0x80, 0x00, 0x00, 0x00, 0x00, 0x00, 0x00, 0x00, 0x00, 0x00, 0x00, 0x00,
  0xFC, 0x00, 0x01, 0xFF, 0xE0, 0x00, 0xFF, 0xFE, 0x00, 0xFF, 0x1F, 0xC0,
  0x3F, 0x03, 0xF8, 0x1F, 0x80, 0x7F, 0x0F, 0xE0, 0x1F, 0xC3, 0xF0, 0x03,
  0xF9, 0xFC, 0x00, 0xFE, 0x7F, 0x00, 0x3F, 0x9F, 0xC0, 0x0F, 0xEF, 0xF0,
  0x03, 0xFF, 0xFC, 0x00, 0xFF, 0xFF, 0x00, 0x3F, 0xFF, 0xC0, 0x0F, 0xFF,
  0xF0, 0x03, 0xFF, 0xFC, 0x00, 0xFF, 0x7F, 0x00, 0x3F, 0x9F, 0xC0, 0x0F,
  0xE7, 0xF0, 0x03, 0xF9, 0xFC, 0x00, 0xFC, 0x3F, 0x80, 0x7F, 0x07, 0xE0,
  0x1F, 0x81, 0xFC, 0x0F, 0xC0, 0x3F, 0xFF, 0xE0, 0x07, 0xFF, 0xF0, 0x00,
  0x7F, 0xF0, 0x00, 0x01, 0xC0, 0x00, 0x00, 0x38, 0x00, 0x03, 0xF0, 0x00,
  0x0F, 0xE0, 0x00, 0x7F, 0x80, 0x01, 0xFE, 0x00, 0x03, 0xF0, 0x00, 0x0F,
  0x80, 0x00, 0x00, 0x00, 0x00, 0x00, 0x00, 0x00, 0x00, 0x00, 0x00, 0x00,
  0x00, 0x00, 0x00, 0xFF, 0xFF, 0xFF, 0xFF, 0xFF, 0xFF, 0xFF, 0xFF, 0xFF,
  0xFF, 0xFF, 0x00, 0x00, 0x00, 0x00, 0x00, 0x00, 0x00, 0x00, 0x00, 0x00,
  0x00, 0x00, 0x30, 0x00, 0x03, 0xF0, 0x00, 0x1F, 0xC0, 0x00, 0x7F, 0x00,
  0x01, 0xFC, 0x00, 0x07, 0xF0, 0x00, 0x0F, 0x80, 0x00, 0x00, 0x00, 0x1C,
  0x00, 0x00, 0x06, 0x00, 0x00, 0x03, 0x80, 0x00, 0xFC, 0xC0, 0x01, 0xFF,
  0xF0, 0x00, 0xFF, 0xFE, 0x00, 0xFF, 0x3F, 0xC0, 0x7F, 0x03, 0xF8, 0x1F,
  0x80, 0xFF, 0x0F, 0xE0, 0x7F, 0xC3, 0xF0, 0x1F, 0xF9, 0xFC, 0x06, 0xFE,
  0x7F, 0x03, 0x3F, 0x9F, 0xC0, 0xCF, 0xEF, 0xF0, 0x63, 0xFF, 0xFC, 0x18,
  0xFF, 0xFF, 0x0C, 0x3F, 0xFF, 0xC3, 0x0F, 0xFF, 0xF1, 0x83, 0xFF, 0xFC,
  0x60, 0xFF, 0x7F, 0x38, 0x3F, 0x9F, 0xCC, 0x0F, 0xE7, 0xF7, 0x03, 0xF9,
  0xFF, 0x80, 0xFC, 0x3F, 0xE0, 0x7F, 0x0F, 0xF0, 0x1F, 0x81, 0xFC, 0x0F,
  0xC0, 0x3F, 0xFF, 0xE0, 0x07, 0xFF, 0xF0, 0x00, 0xFF, 0xF0, 0x00, 0x70,
  0xC0, 0x00, 0x18, 0x00, 0x00, 0x0E, 0x00, 0x00, 0x01, 0x00, 0x00, 0x00,
  0x00, 0x40, 0x00, 0x00, 0x0C, 0x00, 0x00, 0x01, 0xE0, 0x00, 0x00, 0x7F,
  0x00, 0x00, 0x03, 0xF8, 0x00, 0x00, 0x1F, 0xC0, 0x00, 0x01, 0xFE, 0x00,
  0x00, 0x0F, 0xE0, 0x00, 0x00, 0x3F, 0x00, 0x00, 0x01, 0xF8, 0x00, 0x00,
  0x0F, 0x80, 0x00, 0x00, 0x30, 0x00, 0x00, 0x00, 0x00, 0x00, 0x00, 0x00,
  0x00, 0x00, 0x00, 0x00, 0x00, 0x38, 0x00, 0x70, 0xFF, 0x81, 0xFF, 0x8F,
  0xF8, 0x1F, 0xF8, 0xFF, 0x81, 0xFF, 0x81, 0xF8, 0x03, 0xF8, 0x1F, 0x80,
  0x3F, 0x81, 0xF8, 0x03, 0xF8, 0x1F, 0x80, 0x3F, 0x81, 0xF8, 0x03, 0xF8,
  0x1F, 0x80, 0x3F, 0x81, 0xF8, 0x03, 0xF8, 0x1F, 0x80, 0x3F, 0x81, 0xF8,
  0x03, 0xF8, 0x1F, 0x80, 0x3F, 0x81, 0xF8, 0x03, 0xF8, 0x1F, 0x80, 0x3F,
  0x81, 0xF8, 0x03, 0xF8, 0x1F, 0x80, 0x3F, 0x81, 0xF8, 0x03, 0xF8, 0x1F,
  0x80, 0x3F, 0x81, 0xF8, 0x03, 0xF8, 0x1F, 0xC0, 0x3F, 0x81, 0xFC, 0x07,
  0xF8, 0x1F, 0xF3, 0xFF, 0x80, 0xFF, 0xFD, 0xFF, 0x07, 0xFF, 0x9F, 0xF0,
  0x3F, 0xE1, 0xFF, 0x00, 0x30, 0x00, 0x00, 0x00, 0x00, 0x20, 0x00, 0x00,
  0x07, 0x00, 0x00, 0x00, 0xF8, 0x00, 0x00, 0x1F, 0xC0, 0x00, 0x01, 0xFC,
  0x00, 0x00, 0x3F, 0x80, 0x00, 0x07, 0xF0, 0x00, 0x00, 0xFE, 0x00, 0x00,
  0x1F, 0xC0, 0x00, 0x03, 0xF8, 0x00, 0x00, 0x1E, 0x00, 0x00, 0x00, 0xC0,
  0x00, 0x00, 0x00, 0x00, 0x00, 0x00, 0x00, 0x00, 0x00, 0x00, 0x00, 0x00,
  0x38, 0x00, 0x70, 0xFF, 0x81, 0xFF, 0x8F, 0xF8, 0x1F, 0xF8, 0xFF, 0x81,
  0xFF, 0x81, 0xF8, 0x03, 0xF8, 0x1F, 0x80, 0x3F, 0x81, 0xF8, 0x03, 0xF8,
  0x1F, 0x80, 0x3F, 0x81, 0xF8, 0x03, 0xF8, 0x1F, 0x80, 0x3F, 0x81, 0xF8,
  0x03, 0xF8, 0x1F, 0x80, 0x3F, 0x81, 0xF8, 0x03, 0xF8, 0x1F, 0x80, 0x3F,
  0x81, 0xF8, 0x03, 0xF8, 0x1F, 0x80, 0x3F, 0x81, 0xF8, 0x03, 0xF8, 0x1F,
  0x80, 0x3F, 0x81, 0xF8, 0x03, 0xF8, 0x1F, 0x80, 0x3F, 0x81, 0xF8, 0x03,
  0xF8, 0x1F, 0xC0, 0x3F, 0x81, 0xFC, 0x07, 0xF8, 0x1F, 0xF3, 0xFF, 0x80,
  0xFF, 0xFD, 0xFF, 0x07, 0xFF, 0x9F, 0xF0, 0x3F, 0xE1, 0xFF, 0x00, 0x30,
  0x00, 0x00, 0x00, 0x3F, 0x00, 0x00, 0x03, 0xF8, 0x00, 0x00, 0x7F, 0x80,
  0x00, 0x0F, 0xFC, 0x00, 0x00, 0xFB, 0xE0, 0x00, 0x1F, 0x3E, 0x00, 0x03,
  0xE1, 0xF0, 0x00, 0x7C, 0x0F, 0x80, 0x07, 0x80, 0x7C, 0x00, 0xF0, 0x03,
  0xC0, 0x02, 0x00, 0x10, 0x00, 0x00, 0x00, 0x00, 0x00, 0x00, 0x00, 0x00,
  0x38, 0x00, 0x70, 0xFF, 0x81, 0xFF, 0x8F, 0xF8, 0x1F, 0xF8, 0xFF, 0x81,
  0xFF, 0x81, 0xF8, 0x03, 0xF8, 0x1F, 0x80, 0x3F, 0x81, 0xF8, 0x03, 0xF8,
  0x1F, 0x80, 0x3F, 0x81, 0xF8, 0x03, 0xF8, 0x1F, 0x80, 0x3F, 0x81, 0xF8,
  0x03, 0xF8, 0x1F, 0x80, 0x3F, 0x81, 0xF8, 0x03, 0xF8, 0x1F, 0x80, 0x3F,
  0x81, 0xF8, 0x03, 0xF8, 0x1F, 0x80, 0x3F, 0x81, 0xF8, 0x03, 0xF8, 0x1F,
  0x80, 0x3F, 0x81, 0xF8, 0x03, 0xF8, 0x1F, 0x80, 0x3F, 0x81, 0xF8, 0x03,
  0xF8, 0x1F, 0xC0, 0x3F, 0x81, 0xFC, 0x07, 0xF8, 0x1F, 0xF3, 0xFF, 0x80,
  0xFF, 0xFD, 0xFF, 0x07, 0xFF, 0x9F, 0xF0, 0x3F, 0xE1, 0xFF, 0x00, 0x30,
  0x00, 0x00, 0x03, 0xC0, 0x78, 0x00, 0x7E, 0x0F, 0x80, 0x07, 0xE1, 0xFC,
  0x00, 0xFE, 0x1F, 0xC0, 0x0F, 0xE1, 0xFC, 0x00, 0x7E, 0x1F, 0xC0, 0x07,
  0xC0, 0xF8, 0x00, 0x10, 0x02, 0x00, 0x00, 0x00, 0x00, 0x00, 0x00, 0x00,
  0x00, 0x00, 0x00, 0x00, 0x00, 0x38, 0x00, 0x70, 0xFF, 0x81, 0xFF, 0x8F,
  0xF8, 0x1F, 0xF8, 0xFF, 0x81, 0xFF, 0x81, 0xF8, 0x03, 0xF8, 0x1F, 0x80,
  0x3F, 0x81, 0xF8, 0x03, 0xF8, 0x1F, 0x80, 0x3F, 0x81, 0xF8, 0x03, 0xF8,
  0x1F, 0x80, 0x3F, 0x81, 0xF8, 0x03, 0xF8, 0x1F, 0x80, 0x3F, 0x81, 0xF8,
  0x03, 0xF8, 0x1F, 0x80, 0x3F, 0x81, 0xF8, 0x03, 0xF8, 0x1F, 0x80, 0x3F,
  0x81, 0xF8, 0x03, 0xF8, 0x1F, 0x80, 0x3F, 0x81, 0xF8, 0x03, 0xF8, 0x1F,
  0x80, 0x3F, 0x81, 0xF8, 0x03, 0xF8, 0x1F, 0xC0, 0x3F, 0x81, 0xFC, 0x07,
  0xF8, 0x1F, 0xF3, 0xFF, 0x80, 0xFF, 0xFD, 0xFF, 0x07, 0xFF, 0x9F, 0xF0,
  0x3F, 0xE1, 0xFF, 0x00, 0x30, 0x00, 0x00, 0x00, 0x00, 0x10, 0x00, 0x00,
  0x03, 0x80, 0x00, 0x00, 0x7C, 0x00, 0x00, 0x0F, 0xE0, 0x00, 0x00, 0xFE,
  0x00, 0x00, 0x1F, 0xC0, 0x00, 0x03, 0xF8, 0x00, 0x00, 0x7F, 0x00, 0x00,
  0x0F, 0xE0, 0x00, 0x01, 0xFC, 0x00, 0x00, 0x0F, 0x00, 0x00, 0x00, 0x60,
  0x00, 0x00, 0x00, 0x00, 0x00, 0x00, 0x00, 0x00, 0x00, 0x00, 0x00, 0x00,
  0x00, 0x00, 0x00, 0xFF, 0xF8, 0x3F, 0xFF, 0xFF, 0x83, 0xFF, 0xFF, 0xF8,
  0x3F, 0xF3, 0xFC, 0x00, 0x7C, 0x1F, 0xC0, 0x0F, 0x81, 0xFC, 0x00, 0xF8,
  0x1F, 0xE0, 0x0F, 0x80, 0xFE, 0x01, 0xF0, 0x0F, 0xE0, 0x1F, 0x00, 0x7F,
  0x01, 0xF0, 0x07, 0xF0, 0x1E, 0x00, 0x7F, 0x03, 0xE0, 0x03, 0xF8, 0x3E,
  0x00, 0x3F, 0x83, 0xC0, 0x01, 0xF8, 0x7C, 0x00, 0x1F, 0xC7, 0xC0, 0x01,
  0xFC, 0x78, 0x00, 0x0F, 0xC7, 0x80, 0x00, 0xFC, 0xF0, 0x00, 0x0F, 0xEF,
  0x00, 0x00, 0x7E, 0xF0, 0x00, 0x07, 0xFE, 0x00, 0x00, 0x3F, 0xE0, 0x00,
  0x03, 0xFE, 0x00, 0x00, 0x3F, 0xC0, 0x00, 0x01, 0xFC, 0x00, 0x00, 0x07,
  0xC0, 0x00, 0x00, 0x78, 0x00, 0x00, 0x0F, 0x80, 0x00, 0x00, 0xF0, 0x00,
  0x00, 0x1F, 0x00, 0x00, 0x03, 0xF0, 0x00, 0x08, 0xFE, 0x00, 0x00, 0xFF,
  0xC0, 0x00, 0x0F, 0xFC, 0x00, 0x00, 0xFF, 0x80, 0x00, 0x0F, 0xF0, 0x00,
  0x00, 0x7C, 0x00, 0x00, 0x00, 0x80, 0x00, 0x1F, 0xF8, 0x00, 0x03, 0xFF,
  0x00, 0x00, 0x7F, 0xE0, 0x00, 0x01, 0xFC, 0x00, 0x00, 0x1F, 0x80, 0x00,
  0x03, 0xF0, 0x00, 0x00, 0x7E, 0x00, 0x00, 0x0F, 0xC0, 0x00, 0x01, 0xF8,
  0x00, 0x00, 0x3F, 0x00, 0x00, 0x07, 0xE0, 0x00, 0x00, 0xFC, 0x1F, 0x00,
  0x1F, 0x9F, 0xF8, 0x03, 0xF7, 0xFF, 0xC0, 0x7F, 0xFF, 0xFC, 0x0F, 0xFC,
  0xFF, 0x81, 0xFC, 0x07, 0xF8, 0x3F, 0x00, 0x7F, 0x07, 0xE0, 0x0F, 0xF0,
  0xFC, 0x00, 0xFE, 0x1F, 0x80, 0x1F, 0xC3, 0xF0, 0x03, 0xF8, 0x7E, 0x00,
  0x7F, 0x0F, 0xC0, 0x0F, 0xE1, 0xF8, 0x01, 0xFC, 0x3F, 0x00, 0x3F, 0x87,
  0xE0, 0x07, 0xF0, 0xFC, 0x00, 0xFE, 0x1F, 0x80, 0x1F, 0xC3, 0xF0, 0x03,
  0xF0, 0x7E, 0x00, 0x7E, 0x0F, 0xC0, 0x1F, 0xC1, 0xF8, 0x03, 0xF0, 0x3F,
  0x00, 0xFC, 0x07, 0xE0, 0x3F, 0x00, 0xFF, 0x1F, 0xC0, 0x1F, 0xFF, 0xF0,
  0x03, 0xFF, 0xF8, 0x00, 0x7E, 0x60, 0x00, 0x0F, 0xC0, 0x00, 0x01, 0xF8,
  0x00, 0x00, 0x3F, 0x00, 0x00, 0x07, 0xE0, 0x00, 0x00, 0xFC, 0x00, 0x00,
  0x1F, 0x80, 0x00, 0x03, 0xF0, 0x00, 0x01, 0xFF, 0x80, 0x00, 0xFF, 0xFE,
  0x00, 0x1F, 0xFF, 0xC0, 0x00, 0x01, 0xE0, 0x3C, 0x00, 0x3F, 0x07, 0xC0,
  0x03, 0xF0, 0xFE, 0x00, 0x7F, 0x0F, 0xE0, 0x07, 0xF0, 0xFE, 0x00, 0x3F,
  0x0F, 0xE0, 0x03, 0xE0, 0x7C, 0x00, 0x08, 0x01, 0x00, 0x00, 0x00, 0x00,
  0x00, 0x00, 0x00, 0x00, 0x00, 0x00, 0x00, 0x00, 0x00, 0x00, 0x00, 0xFF,
  0xF8, 0x3F, 0xFF, 0xFF, 0x83, 0xFF, 0xFF, 0xF8, 0x3F, 0xF3, 0xFC, 0x00,
  0x7C, 0x1F, 0xC0, 0x0F, 0x81, 0xFC, 0x00, 0xF8, 0x1F, 0xE0, 0x0F, 0x80,
  0xFE, 0x01, 0xF0, 0x0F, 0xE0, 0x1F, 0x00, 0x7F, 0x01, 0xF0, 0x07, 0xF0,
  0x1E, 0x00, 0x7F, 0x03, 0xE0, 0x03, 0xF8, 0x3E, 0x00, 0x3F, 0x83, 0xC0,
  0x01, 0xF8, 0x7C, 0x00, 0x1F, 0xC7, 0xC0, 0x01, 0xFC, 0x78, 0x00, 0x0F,
  0xC7, 0x80, 0x00, 0xFC, 0xF0, 0x00, 0x0F, 0xEF, 0x00, 0x00, 0x7E, 0xF0,
  0x00, 0x07, 0xFE, 0x00, 0x00, 0x3F, 0xE0, 0x00, 0x03, 0xFE, 0x00, 0x00,
  0x3F, 0xC0, 0x00, 0x01, 0xFC, 0x00, 0x00, 0x07, 0xC0, 0x00, 0x00, 0x78,
  0x00, 0x00, 0x0F, 0x80, 0x00, 0x00, 0xF0, 0x00, 0x00, 0x1F, 0x00, 0x00,
  0x03, 0xF0, 0x00, 0x08, 0xFE, 0x00, 0x00, 0xFF, 0xC0, 0x00, 0x0F, 0xFC,
  0x00, 0x00, 0xFF, 0x80, 0x00, 0x0F, 0xF0, 0x00, 0x00, 0x7C, 0x00, 0x00 };

const GFXglyph Merriweather_Bold24pt8bGlyphs[] PROGMEM = {
  {     0,   1,   1,  11,    0,    0 },   // 0x20 ' '
  {     1,   8,  42,  14,    3,  -41 },   // 0x21 '!'
  {    43,  18,  17,  25,    4,  -38 },   // 0x22 '"'
  {    82,  28,  36,  34,    3,  -35 },   // 0x23 '#'
  {   208,  24,  46,  31,    4,  -39 },   // 0x24 '$'
  {   346,  46,  35,  50,    2,  -34 },   // 0x25 '%'
  {   548,  33,  35,  36,    2,  -34 },   // 0x26 '&'
  {   693,   8,  17,  15,    4,  -38 },   // 0x27 '''
  {   710,  14,  48,  21,    3,  -38 },   // 0x28 '('
  {   794,  15,  48,  21,    3,  -38 },   // 0x29 ')'
  {   884,  25,  25,  31,    3,  -38 },   // 0x2A '*'
  {   963,  21,  22,  31,    5,  -25 },   // 0x2B '+'
  {  1021,   9,  18,  13,    2,   -6 },   // 0x2C ','
  {  1042,  19,   4,  27,    4,  -16 },   // 0x2D '-'
  {  1052,   7,   7,  13,    3,   -6 },   // 0x2E '.'
  {  1059,  16,  45,  19,    2,  -36 },   // 0x2F '/'
  {  1149,  27,  35,  31,    2,  -34 },   // 0x30 '0'
  {  1268,  19,  35,  22,    2,  -34 },   // 0x31 '1'
  {  1352,  25,  35,  28,    1,  -34 },   // 0x32 '2'
  {  1462,  24,  36,  27,    1,  -34 },   // 0x33 '3'
  {  1570,  28,  35,  30,    1,  -34 },   // 0x34 '4'
  {  1693,  22,  37,  27,    3,  -35 },   // 0x35 '5'
  {  1795,  25,  37,  29,    2,  -35 },   // 0x36 '6'
  {  1911,  25,  35,  28,    2,  -34 },   // 0x37 '7'
  {  2021,  25,  36,  29,    2,  -34 },   // 0x38 '8'
  {  2134,  25,  37,  29,    2,  -34 },   // 0x39 '9'
  {  2250,   8,  26,  13,    3,  -25 },   // 0x3A ':'
  {  2276,   9,  37,  13,    2,  -25 },   // 0x3B ';'
  {  2318,  22,  26,  31,    4,  -25 },   // 0x3C '<'
  {  2390,  22,  17,  31,    5,  -23 },   // 0x3D '='
  {  2437,  23,  26,  31,    5,  -26 },   // 0x3E '>'
  {  2512,  20,  43,  23,    2,  -42 },   // 0x3F '?'
  {  2620,  44,  48,  50,    3,  -35 },   // 0x40 '@'
  {  2884,  35,  35,  33,   -1,  -34 },   // 0x41 'A'
  {  3038,  30,  35,  33,    2,  -34 },   // 0x42 'B'
  {  3170,  28,  36,  31,    1,  -34 },   // 0x43 'C'
  {  3296,  32,  35,  36,    2,  -34 },   // 0x44 'D'
  {  3436,  28,  35,  31,    2,  -34 },   // 0x45 'E'
  {  3559,  26,  35,  29,    2,  -34 },   // 0x46 'F'
  {  3673,  33,  36,  34,    1,  -34 },   // 0x47 'G'
  {  3822,  35,  35,  39,    2,  -34 },   // 0x48 'H'
  {  3976,  15,  35,  19,    2,  -34 },   // 0x49 'I'
  {  4042,  18,  44,  19,   -1,  -34 },   // 0x4A 'J'
  {  4141,  33,  35,  35,    2,  -34 },   // 0x4B 'K'
  {  4286,  27,  35,  30,    2,  -34 },   // 0x4C 'L'
  {  4405,  48,  35,  48,    0,  -34 },   // 0x4D 'M'
  {  4615,  34,  35,  37,    2,  -34 },   // 0x4E 'N'
  {  4764,  32,  36,  34,    1,  -34 },   // 0x4F 'O'
  {  4908,  28,  35,  31,    2,  -34 },   // 0x50 'P'
  {  5031,  37,  44,  34,    1,  -34 },   // 0x51 'Q'
  {  5235,  32,  35,  34,    2,  -34 },   // 0x52 'R'
  {  5375,  24,  36,  28,    3,  -34 },   // 0x53 'S'
  {  5483,  32,  35,  34,    1,  -34 },   // 0x54 'T'
  {  5623,  33,  35,  35,    1,  -34 },   // 0x55 'U'
  {  5768,  34,  35,  32,   -1,  -34 },   // 0x56 'V'
  {  5917,  50,  35,  48,   -1,  -34 },   // 0x57 'W'
  {  6136,  34,  35,  34,    0,  -34 },   // 0x58 'X'
  {  6285,  32,  35,  31,   -1,  -34 },   // 0x59 'Y'
  {  6425,  28,  35,  31,    1,  -34 },   // 0x5A 'Z'
  {  6548,  11,  44,  21,    5,  -37 },   // 0x5B '['
  {  6609,  17,  45,  20,    1,  -36 },   // 0x5C '\'
  {  6705,  11,  44,  21,    5,  -37 },   // 0x5D ']'
  {  6766,  24,  29,  31,    4,  -34 },   // 0x5E '^'
  {  6853,  24,   2,  24,    0,    3 },   // 0x5F '_'
  {  6859,  12,  12,  21,    4,  -41 },   // 0x60 '`'
  {  6877,  24,  28,  26,    1,  -26 },   // 0x61 'a'
  {  6961,  27,  40,  29,    0,  -38 },   // 0x62 'b'
  {  7096,  22,  28,  24,    1,  -26 },   // 0x63 'c'
  {  7173,  27,  40,  29,    1,  -38 },   // 0x64 'd'
  {  7308,  23,  28,  25,    1,  -26 },   // 0x65 'e'
  {  7389,  19,  39,  19,    1,  -38 },   // 0x66 'f'
  {  7482,  28,  40,  29,    1,  -26 },   // 0x67 'g'
  {  7622,  30,  39,  31,    1,  -38 },   // 0x68 'h'
  {  7769,  13,  38,  16,    2,  -37 },   // 0x69 'i'
  {  7831,  12,  49,  16,    0,  -37 },   // 0x6A 'j'
  {  7905,  29,  39,  30,    1,  -38 },   // 0x6B 'k'
  {  8047,  13,  39,  15,    1,  -38 },   // 0x6C 'l'
  {  8111,  45,  27,  47,    2,  -26 },   // 0x6D 'm'
  {  8263,  29,  27,  32,    2,  -26 },   // 0x6E 'n'
  {  8361,  26,  28,  28,    1,  -26 },   // 0x6F 'o'
  {  8452,  27,  38,  30,    1,  -26 },   // 0x70 'p'
  {  8581,  28,  38,  29,    1,  -26 },   // 0x71 'q'
  {  8714,  19,  27,  22,    2,  -26 },   // 0x72 'r'
  {  8779,  21,  28,  24,    2,  -26 },   // 0x73 's'
  {  8853,  17,  33,  19,    1,  -32 },   // 0x74 't'
  {  8924,  28,  28,  30,    1,  -26 },   // 0x75 'u'
  {  9022,  28,  26,  28,    0,  -25 },   // 0x76 'v'
  {  9113,  41,  26,  40,    0,  -25 },   // 0x77 'w'
  {  9247,  29,  26,  29,    0,  -25 },   // 0x78 'x'
  {  9342,  28,  38,  28,    0,  -25 },   // 0x79 'y'
  {  9475,  24,  26,  26,    1,  -25 },   // 0x7A 'z'
  {  9553,  18,  45,  25,    3,  -37 },   // 0x7B '{'
  {  9655,   4,  45,  20,    8,  -40 },   // 0x7C '|'
  {  9678,  17,  45,  25,    4,  -37 },   // 0x7D '}'
  {  9774,  23,   9,  31,    4,  -18 },   // 0x7E '~'
  {  9800,  33,  32,  41,    4,  -31 },   // 0x7F
  {  9932,  33,  32,  41,    4,  -31 },   // 0x80
  { 10064,  33,  32,  41,    4,  -31 },   // 0x81
  { 10196,  33,  32,  41,    4,  -31 },   // 0x82
  { 10328,  33,  32,  41,    4,  -31 },   // 0x83
  { 10460,  33,  32,  41,    4,  -31 },   // 0x84
  { 10592,  33,  32,  41,    4,  -31 },   // 0x85
  { 10724,  33,  32,  41,    4,  -31 },   // 0x86
  { 10856,  33,  32,  41,    4,  -31 },   // 0x87
  { 10988,  33,  32,  41,    4,  -31 },   // 0x88
  { 11120,  33,  32,  41,    4,  -31 },   // 0x89
  { 11252,  33,  32,  41,    4,  -31 },   // 0x8A
  { 11384,  33,  32,  41,    4,  -31 },   // 0x8B
  { 11516,  33,  32,  41,    4,  -31 },   // 0x8C
  { 11648,  33,  32,  41,    4,  -31 },   // 0x8D
  { 11780,  33,  32,  41,    4,  -31 },   // 0x8E
  { 11912,  33,  32,  41,    4,  -31 },   // 0x8F
  { 12044,  33,  32,  41,    4,  -31 },   // 0x90
  { 12176,  33,  32,  41,    4,  -31 },   // 0x91
  { 12308,  33,  32,  41,    4,  -31 },   // 0x92
  { 12440,  33,  32,  41,    4,  -31 },   // 0x93
  { 12572,  33,  32,  41,    4,  -31 },   // 0x94
  { 12704,  33,  32,  41,    4,  -31 },   // 0x95
  { 12836,  33,  32,  41,    4,  -31 },   // 0x96
  { 12968,  33,  32,  41,    4,  -31 },   // 0x97
  { 13100,  33,  32,  41,    4,  -31 },   // 0x98
  { 13232,  33,  32,  41,    4,  -31 },   // 0x99
  { 13364,  33,  32,  41,    4,  -31 },   // 0x9A
  { 13496,  33,  32,  41,    4,  -31 },   // 0x9B
  { 13628,  33,  32,  41,    4,  -31 },   // 0x9C
  { 13760,  33,  32,  41,    4,  -31 },   // 0x9D
  { 13892,  33,  32,  41,    4,  -31 },   // 0x9E
  { 14024,  33,  32,  41,    4,  -31 },   // 0x9F
  { 14156,   1,   1,  11,    0,    0 },   // 0xA0
  { 14157,   8,  42,  14,    3,  -34 },   // 0xA1
  { 14199,  21,  38,  27,    3,  -31 },   // 0xA2
  { 14299,  32,  35,  36,    2,  -34 },   // 0xA3
  { 14439,  27,  28,  35,    4,  -31 },   // 0xA4
  { 14534,  32,  35,  37,    3,  -34 },   // 0xA5
  { 14674,   4,  45,  20,    8,  -40 },   // 0xA6
  { 14697,  24,  44,  32,    4,  -38 },   // 0xA7
  { 14829,  18,   8,  26,    4,  -37 },   // 0xA8
  { 14847,  39,  40,  49,    5,  -42 },   // 0xA9
  { 15042,  20,  22,  22,    1,  -37 },   // 0xAA
  { 15097,  26,  24,  33,    3,  -25 },   // 0xAB
  { 15175,  23,  13,  31,    4,  -14 },   // 0xAC
  { 15213,  33,  32,  41,    4,  -31 },   // 0xAD
  { 15345,  39,  40,  49,    5,  -42 },   // 0xAE
  { 15540,  15,   4,  23,    4,  -34 },   // 0xAF
  { 15548,  17,  17,  23,    3,  -37 },   // 0xB0
  { 15585,  22,  26,  30,    4,  -25 },   // 0xB1
  { 15657,  19,  23,  19,    0,  -42 },   // 0xB2
  { 15712,  16,  23,  19,    1,  -42 },   // 0xB3
  { 15758,  12,  12,  21,    4,  -41 },   // 0xB4
  { 15776,  27,  36,  30,    1,  -26 },   // 0xB5
  { 15898,  30,  39,  37,    3,  -38 },   // 0xB6
  { 16045,   8,   7,   8,    0,  -21 },   // 0xB7
  { 16052,  10,  12,  18,    4,    1 },   // 0xB8
  { 16067,  14,  23,  15,    1,  -42 },   // 0xB9
  { 16108,  21,  22,  23,    1,  -37 },   // 0xBA
  { 16166,  27,  24,  33,    3,  -25 },   // 0xBB
  { 16247,  41,  40,  43,    1,  -37 },   // 0xBC
  { 16452,  43,  40,  44,    1,  -37 },   // 0xBD
  { 16667,  43,  40,  45,    1,  -37 },   // 0xBE
  { 16882,  20,  43,  23,    1,  -34 },   // 0xBF
  { 16990,  35,  47,  33,   -1,  -46 },   // 0xC0
  { 17196,  35,  47,  33,   -1,  -46 },   // 0xC1
  { 17402,  35,  46,  33,   -1,  -45 },   // 0xC2
  { 17604,  35,  45,  33,   -1,  -44 },   // 0xC3
  { 17801,  35,  46,  33,   -1,  -45 },   // 0xC4
  { 18003,  35,  49,  33,   -1,  -48 },   // 0xC5
  { 18218,  47,  35,  46,   -2,  -34 },   // 0xC6
  { 18424,  28,  47,  31,    1,  -34 },   // 0xC7
  { 18589,  28,  47,  31,    2,  -46 },   // 0xC8
  { 18754,  28,  47,  31,    2,  -46 },   // 0xC9
  { 18919,  28,  46,  31,    2,  -45 },   // 0xCA
  { 19080,  28,  46,  31,    2,  -45 },   // 0xCB
  { 19241,  15,  47,  19,    2,  -46 },   // 0xCC
  { 19330,  15,  47,  19,    2,  -46 },   // 0xCD
  { 19419,  16,  46,  19,    1,  -45 },   // 0xCE
  { 19511,  17,  46,  19,    1,  -45 },   // 0xCF
  { 19609,  32,  35,  36,    2,  -34 },   // 0xD0
  { 19749,  34,  45,  37,    2,  -44 },   // 0xD1
  { 19941,  32,  48,  34,    1,  -46 },   // 0xD2
  { 20133,  32,  48,  34,    1,  -46 },   // 0xD3
  { 20325,  32,  47,  34,    1,  -45 },   // 0xD4
  { 20513,  32,  46,  34,    1,  -44 },   // 0xD5
  { 20697,  32,  47,  34,    1,  -45 },   // 0xD6
  { 20885,  22,  22,  31,    5,  -25 },   // 0xD7
  { 20946,  32,  44,  34,    1,  -38 },   // 0xD8
  { 21122,  33,  47,  35,    1,  -46 },   // 0xD9
  { 21316,  33,  47,  35,    1,  -46 },   // 0xDA
  { 21510,  33,  46,  35,    1,  -45 },   // 0xDB
  { 21700,  33,  46,  35,    1,  -45 },   // 0xDC
  { 21890,  32,  47,  31,   -1,  -46 },   // 0xDD
  { 22078,  28,  35,  31,    2,  -34 },   // 0xDE
  { 22201,  29,  38,  29,    0,  -36 },   // 0xDF
  { 22339,  24,  43,  26,    1,  -41 },   // 0xE0
  { 22468,  24,  43,  26,    1,  -41 },   // 0xE1
  { 22597,  24,  41,  26,    1,  -39 },   // 0xE2
  { 22720,  24,  38,  26,    1,  -36 },   // 0xE3
  { 22834,  24,  39,  26,    1,  -37 },   // 0xE4
  { 22951,  24,  42,  26,    1,  -40 },   // 0xE5
  { 23077,  38,  28,  40,    1,  -26 },   // 0xE6
  { 23210,  22,  39,  24,    1,  -26 },   // 0xE7
  { 23318,  23,  43,  25,    1,  -41 },   // 0xE8
  { 23442,  23,  43,  25,    1,  -41 },   // 0xE9
  { 23566,  23,  41,  25,    1,  -39 },   // 0xEA
  { 23684,  23,  39,  25,    1,  -37 },   // 0xEB
  { 23797,  16,  42,  16,   -1,  -41 },   // 0xEC
  { 23881,  15,  42,  16,    2,  -41 },   // 0xED
  { 23960,  18,  40,  16,   -1,  -39 },   // 0xEE
  { 24050,  18,  38,  16,   -1,  -37 },   // 0xEF
  { 24136,  25,  44,  28,    1,  -42 },   // 0xF0
  { 24274,  29,  37,  32,    2,  -36 },   // 0xF1
  { 24409,  26,  43,  28,    1,  -41 },   // 0xF2
  { 24549,  26,  43,  28,    1,  -41 },   // 0xF3
  { 24689,  26,  41,  28,    1,  -39 },   // 0xF4
  { 24823,  26,  38,  28,    1,  -36 },   // 0xF5
  { 24947,  26,  39,  28,    1,  -37 },   // 0xF6
  { 25074,  22,  27,  31,    5,  -28 },   // 0xF7
  { 25149,  26,  34,  28,    1,  -29 },   // 0xF8
  { 25260,  28,  43,  30,    1,  -41 },   // 0xF9
  { 25411,  28,  43,  30,    1,  -41 },   // 0xFA
  { 25562,  28,  41,  30,    1,  -39 },   // 0xFB
  { 25706,  28,  39,  30,    1,  -37 },   // 0xFC
  { 25843,  28,  54,  28,    0,  -41 },   // 0xFD
  { 26032,  27,  50,  29,    0,  -38 },   // 0xFE
  { 26201,  28,  50,  28,    0,  -37 } }; // 0xFF

const GFXfont Merriweather_Bold24pt8b PROGMEM = {
  (uint8_t  *)Merriweather_Bold24pt8bBitmaps,
  (GFXglyph *)Merriweather_Bold24pt8bGlyphs,
  0x20, 0xFF, 59 };

// Approx. 27951 bytes

