// Font data for OpenSans.h - see header for provenance and regeneration notes.
#include "OpenSans.h"

const uint8_t OpenSans_Regular9pt8bBitmaps[] PROGMEM = {
  0x00, 0x55, 0x55, 0x43, 0xC0, 0xDE, 0x73, 0x98, 0x80, 0x0C, 0x81, 0x10,
  0x22, 0x04, 0x47, 0xFE, 0x33, 0x04, 0x40, 0x88, 0xFF, 0xE2, 0x20, 0x4C,
  0x19, 0x02, 0x20, 0x08, 0x08, 0x3E, 0xEA, 0xC8, 0xC8, 0x68, 0x3C, 0x0F,
  0x09, 0x09, 0xCF, 0xFC, 0x08, 0x08, 0x70, 0x46, 0xC2, 0x22, 0x21, 0x13,
  0x08, 0x90, 0x45, 0xBB, 0x6A, 0x6E, 0xD1, 0x04, 0x88, 0x44, 0x42, 0x22,
  0x21, 0x31, 0x07, 0x00, 0x3C, 0x02, 0x60, 0x63, 0x06, 0x20, 0x26, 0x03,
  0xC0, 0x38, 0x06, 0xC2, 0xC6, 0x6C, 0x34, 0xC1, 0x8E, 0x34, 0x3E, 0x20,
  0xFF, 0x80, 0x26, 0x4C, 0xC8, 0x88, 0x88, 0x8C, 0xC4, 0x62, 0x8C, 0x46,
  0x22, 0x33, 0x33, 0x22, 0x66, 0x48, 0x18, 0x18, 0x10, 0xFF, 0x18, 0x3C,
  0x64, 0x64, 0x08, 0x08, 0x08, 0x08, 0xFF, 0x08, 0x08, 0x08, 0x08, 0x7E,
  0xF0, 0xF0, 0x04, 0x30, 0x82, 0x18, 0x41, 0x0C, 0x21, 0x86, 0x10, 0xC0,
  0x3C, 0x66, 0xC3, 0xC1, 0x81, 0x81, 0x81, 0x81, 0x81, 0xC1, 0x43, 0x66,
  0x3C, 0x17, 0xD9, 0x11, 0x11, 0x11, 0x11, 0x10, 0x3C, 0xC6, 0x03, 0x03,
  0x03, 0x02, 0x06, 0x0C, 0x18, 0x30, 0x60, 0xC0, 0xFF, 0x7C, 0xC6, 0x03,
  0x03, 0x03, 0x06, 0x3C, 0x03, 0x01, 0x01, 0x03, 0x87, 0xFC, 0x03, 0x01,
  0xC0, 0x50, 0x24, 0x19, 0x04, 0x42, 0x11, 0x84, 0x41, 0x3F, 0xF0, 0x10,
  0x04, 0x01, 0x00, 0x7E, 0x40, 0x40, 0x40, 0x40, 0x7C, 0x07, 0x03, 0x01,
  0x01, 0x03, 0xC6, 0x7C, 0x1E, 0x30, 0x60, 0x40, 0xC0, 0xDE, 0xA3, 0xC1,
  0xC1, 0xC1, 0x41, 0x63, 0x3E, 0xFF, 0x01, 0x03, 0x02, 0x06, 0x04, 0x0C,
  0x0C, 0x08, 0x18, 0x10, 0x30, 0x20, 0x3C, 0x63, 0xC3, 0xC3, 0x43, 0x3C,
  0x3C, 0x67, 0xC1, 0x81, 0xC1, 0xC3, 0x3E, 0x3C, 0x66, 0xC3, 0x81, 0x81,
  0xC1, 0x47, 0x3D, 0x01, 0x03, 0x02, 0x0E, 0x78, 0xF0, 0x00, 0xF0, 0xF0,
  0x00, 0xFA, 0x01, 0x07, 0x1C, 0x70, 0xC0, 0x60, 0x1C, 0x07, 0x01, 0xFF,
  0x00, 0x00, 0xFF, 0x80, 0xE0, 0x38, 0x0E, 0x03, 0x07, 0x18, 0xE0, 0x80,
  0x7C, 0x8C, 0x08, 0x10, 0x61, 0x86, 0x08, 0x10, 0x00, 0x01, 0x83, 0x00,
  0x07, 0xC0, 0x60, 0xC2, 0x01, 0x98, 0x03, 0x47, 0xC7, 0x31, 0x18, 0x84,
  0x62, 0x11, 0x88, 0x46, 0x23, 0x2C, 0x73, 0x90, 0x00, 0x60, 0x00, 0xC1,
  0x80, 0xFC, 0x00, 0x06, 0x01, 0xC0, 0x28, 0x05, 0x81, 0x90, 0x22, 0x04,
  0x61, 0x84, 0x3F, 0xCC, 0x19, 0x01, 0x20, 0x3C, 0x02, 0xFE, 0x43, 0xA0,
  0x50, 0x28, 0x34, 0x33, 0xF1, 0x06, 0x81, 0xC0, 0xE0, 0x70, 0x6F, 0xE0,
  0x0F, 0x8E, 0x26, 0x01, 0x00, 0xC0, 0x30, 0x0C, 0x03, 0x00, 0xC0, 0x10,
  0x06, 0x00, 0xE2, 0x1F, 0x80, 0xFE, 0x21, 0xC8, 0x1A, 0x02, 0x80, 0xE0,
  0x38, 0x0E, 0x03, 0x80, 0xE0, 0x28, 0x1A, 0x1C, 0xFC, 0x00, 0xFF, 0x02,
  0x04, 0x08, 0x10, 0x3F, 0xC0, 0x81, 0x02, 0x04, 0x0F, 0xE0, 0xFF, 0x02,
  0x04, 0x08, 0x10, 0x3F, 0xC0, 0x81, 0x02, 0x04, 0x08, 0x00, 0x0F, 0xC7,
  0x19, 0x80, 0x20, 0x0C, 0x01, 0x80, 0x30, 0xFE, 0x03, 0xC0, 0x68, 0x0D,
  0x81, 0x9C, 0x31, 0xFC, 0x80, 0xE0, 0x38, 0x0E, 0x03, 0x80, 0xE0, 0x3F,
  0xFE, 0x03, 0x80, 0xE0, 0x38, 0x0E, 0x03, 0x80, 0xC0, 0xFF, 0xF8, 0x11,
  0x11, 0x11, 0x11, 0x11, 0x11, 0x11, 0x3E, 0x81, 0x41, 0x21, 0x91, 0x89,
  0x85, 0x83, 0xC1, 0xB0, 0x8C, 0x42, 0x21, 0x90, 0x68, 0x18, 0x81, 0x02,
  0x04, 0x08, 0x10, 0x20, 0x40, 0x81, 0x02, 0x04, 0x0F, 0xE0, 0xC0, 0x3E,
  0x03, 0xE0, 0x7A, 0x05, 0xB0, 0x59, 0x09, 0x90, 0x99, 0x99, 0x89, 0x18,
  0xD1, 0x8F, 0x18, 0x61, 0x86, 0x10, 0xC0, 0xF0, 0x3E, 0x0E, 0xC3, 0x90,
  0xE6, 0x38, 0xCE, 0x13, 0x86, 0xE0, 0xF8, 0x3E, 0x07, 0x80, 0xC0, 0x1F,
  0x83, 0x8C, 0x60, 0x64, 0x02, 0xC0, 0x3C, 0x03, 0xC0, 0x3C, 0x03, 0xC0,
  0x34, 0x02, 0x60, 0x63, 0x0C, 0x1F, 0x80, 0xFC, 0x86, 0x83, 0x83, 0x83,
  0x83, 0x8E, 0xFC, 0x80, 0x80, 0x80, 0x80, 0x80, 0x1F, 0x83, 0x8C, 0x60,
  0x64, 0x02, 0xC0, 0x3C, 0x03, 0xC0, 0x3C, 0x03, 0xC0, 0x34, 0x02, 0x60,
  0x63, 0x0C, 0x1F, 0x80, 0x18, 0x00, 0xC0, 0x06, 0xFC, 0x43, 0x20, 0xD0,
  0x68, 0x34, 0x1A, 0x19, 0xF8, 0x8C, 0x43, 0x21, 0x90, 0x68, 0x10, 0x3E,
  0x62, 0xC0, 0xC0, 0xC0, 0x70, 0x3C, 0x06, 0x03, 0x01, 0x03, 0xC6, 0xFC,
  0xFF, 0xC3, 0x00, 0xC0, 0x30, 0x0C, 0x03, 0x00, 0xC0, 0x30, 0x0C, 0x03,
  0x00, 0xC0, 0x30, 0x0C, 0x00, 0x80, 0xC0, 0x60, 0x30, 0x18, 0x0C, 0x06,
  0x03, 0x01, 0x80, 0xC0, 0x70, 0x6C, 0x63, 0xE0, 0xC0, 0x68, 0x09, 0x03,
  0x30, 0x42, 0x08, 0x43, 0x0C, 0x40, 0x88, 0x1B, 0x03, 0x40, 0x28, 0x07,
  0x00, 0xC0, 0xC1, 0x81, 0x41, 0x83, 0x41, 0xC3, 0x63, 0x42, 0x63, 0x42,
  0x22, 0x66, 0x22, 0x26, 0x36, 0x24, 0x34, 0x34, 0x14, 0x3C, 0x14, 0x1C,
  0x1C, 0x18, 0x08, 0x18, 0x40, 0xD8, 0x23, 0x10, 0x4C, 0x1A, 0x03, 0x80,
  0xC0, 0x38, 0x13, 0x0C, 0x42, 0x19, 0x82, 0xC0, 0xC0, 0xC0, 0xD0, 0x26,
  0x18, 0x84, 0x33, 0x06, 0x81, 0xE0, 0x30, 0x0C, 0x03, 0x00, 0xC0, 0x30,
  0x0C, 0x00, 0xFF, 0x01, 0x80, 0xC0, 0xC0, 0x40, 0x60, 0x60, 0x20, 0x30,
  0x30, 0x10, 0x18, 0x0F, 0xF8, 0xFC, 0xCC, 0xCC, 0xCC, 0xCC, 0xCC, 0xCC,
  0xCF, 0xC1, 0x06, 0x18, 0x20, 0xC1, 0x04, 0x18, 0x20, 0x83, 0x04, 0xF1,
  0x11, 0x11, 0x11, 0x11, 0x11, 0x11, 0x1F, 0x18, 0x0C, 0x0F, 0x04, 0x86,
  0x22, 0x13, 0x05, 0x02, 0xFF, 0xC8, 0x80, 0x3C, 0x46, 0x02, 0x03, 0x3F,
  0xC3, 0x83, 0x83, 0xC7, 0x7B, 0x80, 0x80, 0x80, 0x80, 0xBC, 0xC6, 0x83,
  0x83, 0x83, 0x83, 0x83, 0x83, 0xC6, 0xBC, 0x3E, 0xC7, 0x06, 0x0C, 0x18,
  0x30, 0x60, 0x62, 0x7C, 0x01, 0x01, 0x01, 0x01, 0x3D, 0x63, 0xC1, 0xC1,
  0xC1, 0xC1, 0xC1, 0xC1, 0x63, 0x3D, 0x3C, 0x62, 0xC3, 0xC1, 0xFF, 0xC0,
  0xC0, 0xC0, 0x61, 0x3E, 0x1E, 0x60, 0x81, 0x0F, 0xC4, 0x08, 0x10, 0x20,
  0x40, 0x81, 0x02, 0x04, 0x00, 0x3F, 0xB1, 0x98, 0x4C, 0x26, 0x31, 0xF0,
  0x80, 0x40, 0x3F, 0x30, 0xF0, 0x38, 0x14, 0x19, 0xF0, 0x80, 0x80, 0x80,
  0x80, 0xBC, 0xC6, 0x82, 0x83, 0x83, 0x83, 0x83, 0x83, 0x83, 0x83, 0x70,
  0x55, 0x55, 0x50, 0x13, 0x00, 0x11, 0x11, 0x11, 0x11, 0x11, 0x11, 0x3E,
  0x81, 0x02, 0x04, 0x08, 0x71, 0xA6, 0x58, 0xE1, 0xE2, 0x64, 0x68, 0xD0,
  0xC0, 0xFF, 0xFC, 0xBC, 0xF6, 0x38, 0xE1, 0x83, 0x04, 0x18, 0x20, 0xC1,
  0x06, 0x08, 0x30, 0x41, 0x82, 0x0C, 0x10, 0x40, 0xBC, 0xC6, 0x82, 0x83,
  0x83, 0x83, 0x83, 0x83, 0x83, 0x83, 0x3E, 0x31, 0xB0, 0x58, 0x3C, 0x1E,
  0x0F, 0x07, 0x82, 0x63, 0x1F, 0x00, 0xBC, 0xC6, 0x83, 0x83, 0x81, 0x83,
  0x83, 0x83, 0xC6, 0xBC, 0x80, 0x80, 0x80, 0x80, 0x3D, 0x63, 0xC1, 0xC1,
  0xC1, 0xC1, 0xC1, 0xC1, 0x63, 0x3D, 0x01, 0x01, 0x01, 0x01, 0xBF, 0x31,
  0x08, 0x42, 0x10, 0x84, 0x00, 0x7D, 0x8A, 0x06, 0x07, 0x03, 0x81, 0x83,
  0x85, 0xF0, 0x20, 0x8F, 0xC8, 0x20, 0x82, 0x08, 0x20, 0x83, 0x07, 0xC1,
  0xE0, 0xF0, 0x78, 0x3C, 0x1E, 0x0F, 0x06, 0x83, 0x63, 0x9E, 0xC0, 0xC1,
  0xA0, 0x90, 0x4C, 0x62, 0x21, 0x10, 0xD8, 0x28, 0x14, 0x0E, 0x00, 0xC3,
  0x0D, 0x0C, 0x24, 0x78, 0x99, 0xE6, 0x64, 0x98, 0x92, 0x42, 0xCD, 0x0E,
  0x1C, 0x38, 0x60, 0x61, 0x80, 0x61, 0x91, 0x8C, 0x82, 0xC0, 0xC0, 0xE0,
  0x58, 0x64, 0x63, 0x20, 0xC0, 0xC1, 0xA0, 0x98, 0x4C, 0x62, 0x21, 0xB0,
  0x58, 0x28, 0x1C, 0x04, 0x02, 0x03, 0x03, 0x07, 0x00, 0xFE, 0x08, 0x30,
  0xC1, 0x06, 0x18, 0x20, 0xC1, 0xFC, 0x0C, 0x61, 0x04, 0x10, 0x41, 0x0C,
  0xE0, 0xC1, 0x04, 0x10, 0x41, 0x83, 0xFF, 0xFF, 0xFF, 0xFF, 0xF0, 0xC3,
  0x08, 0x42, 0x10, 0x86, 0x19, 0x88, 0x42, 0x11, 0x98, 0xF9, 0x8F, 0x00,
  0x00, 0x00, 0x00, 0x00, 0x00, 0x00, 0x00, 0x00, 0x00, 0x00, 0x00, 0x00,
  0x00, 0x00, 0x00, 0x00, 0x00, 0x00, 0x00, 0x00, 0x00, 0x00, 0x00, 0x00,
  0x00, 0x00, 0x00, 0x00, 0x00, 0x00, 0x00, 0x00, 0x00, 0xF0, 0x55, 0x55,
  0xC0, 0x10, 0x7D, 0x86, 0x08, 0x10, 0x20, 0x40, 0xC0, 0xC4, 0xF0, 0x81,
  0x00, 0x1F, 0x18, 0x98, 0x0C, 0x06, 0x03, 0x03, 0xF8, 0xC0, 0x60, 0x30,
  0x18, 0x18, 0x0F, 0xF8, 0x81, 0x7F, 0x62, 0x43, 0x41, 0x43, 0x62, 0x7F,
  0x81, 0x40, 0xD8, 0x22, 0x18, 0xC4, 0x13, 0x06, 0x80, 0xE0, 0xFE, 0x0C,
  0x03, 0x03, 0xF8, 0x30, 0x0C, 0x00, 0xFF, 0xFC, 0x03, 0xFF, 0xF0, 0x7F,
  0x83, 0x03, 0x03, 0x89, 0xE0, 0xE1, 0x76, 0x38, 0x18, 0x18, 0x7F, 0x80,
  0x94, 0xC0, 0x0F, 0x81, 0x83, 0x10, 0x0C, 0x8F, 0x28, 0x88, 0xCC, 0x06,
  0x60, 0x33, 0x01, 0x88, 0x0A, 0x3C, 0x90, 0x0C, 0x60, 0xC0, 0xF8, 0x00,
  0xF1, 0x79, 0x9F, 0x32, 0xCB, 0x34, 0xCC, 0xCC, 0x8C, 0x80, 0xFF, 0x01,
  0x01, 0x01, 0x01, 0xF0, 0x0F, 0x81, 0x83, 0x10, 0x0C, 0x9E, 0x28, 0x88,
  0xC4, 0x46, 0x3C, 0x31, 0x21, 0x89, 0x8A, 0x44, 0x90, 0x0C, 0x60, 0xC0,
  0xF8, 0x00, 0xFF, 0x80, 0x7A, 0x28, 0x62, 0x78, 0x08, 0x08, 0x08, 0x08,
  0xFF, 0x08, 0x08, 0x08, 0x08, 0x00, 0xFF, 0x78, 0x20, 0x82, 0x10, 0x84,
  0x3F, 0x78, 0x20, 0x9C, 0x0C, 0x10, 0xFE, 0x6A, 0x00, 0x83, 0x83, 0x83,
  0x83, 0x83, 0x83, 0x83, 0x83, 0xC7, 0xFB, 0x80, 0x80, 0x80, 0x80, 0x3F,
  0xBE, 0x7F, 0x3F, 0x9F, 0xCF, 0xE7, 0xF2, 0xF9, 0x3C, 0x82, 0x41, 0x20,
  0x90, 0x48, 0x24, 0x12, 0x09, 0xF0, 0x46, 0x1E, 0x7C, 0x92, 0x49, 0x74,
  0x63, 0x18, 0xB8, 0x99, 0x99, 0x91, 0x96, 0x59, 0xA6, 0x00, 0x60, 0x4E,
  0x08, 0x20, 0x82, 0x10, 0x23, 0x02, 0x26, 0x24, 0x62, 0x4A, 0x09, 0x21,
  0x92, 0x13, 0xF2, 0x02, 0x20, 0x20, 0x30, 0x62, 0x82, 0x04, 0x20, 0x23,
  0x01, 0x10, 0x09, 0xB8, 0x48, 0x22, 0x81, 0x0C, 0x18, 0x40, 0x84, 0x08,
  0x20, 0x82, 0x0F, 0x80, 0x78, 0x10, 0x20, 0x80, 0x86, 0x1C, 0x10, 0x0C,
  0x80, 0x12, 0x60, 0xD2, 0xBE, 0xCE, 0x02, 0x58, 0x12, 0x60, 0x4F, 0xC2,
  0x06, 0x18, 0x18, 0x08, 0x18, 0x00, 0x00, 0x81, 0x06, 0x18, 0x40, 0x83,
  0x03, 0x13, 0xE0, 0x0C, 0x00, 0x80, 0x08, 0x00, 0x00, 0x60, 0x1C, 0x02,
  0x80, 0x58, 0x19, 0x02, 0x20, 0x46, 0x18, 0x43, 0xFC, 0xC1, 0x90, 0x12,
  0x03, 0xC0, 0x20, 0x03, 0x00, 0x40, 0x10, 0x00, 0x00, 0x60, 0x1C, 0x02,
  0x80, 0x58, 0x19, 0x02, 0x20, 0x46, 0x18, 0x43, 0xFC, 0xC1, 0x90, 0x12,
  0x03, 0xC0, 0x20, 0x06, 0x01, 0x40, 0x44, 0x00, 0x00, 0x60, 0x1C, 0x02,
  0x80, 0x58, 0x19, 0x02, 0x20, 0x46, 0x18, 0x43, 0xFC, 0xC1, 0x90, 0x12,
  0x03, 0xC0, 0x20, 0x1C, 0x82, 0x70, 0x00, 0x03, 0x00, 0xE0, 0x14, 0x02,
  0xC0, 0xC8, 0x11, 0x02, 0x30, 0xC2, 0x1F, 0xE6, 0x0C, 0x80, 0x90, 0x1E,
  0x01, 0x12, 0x02, 0x60, 0x00, 0x03, 0x00, 0xE0, 0x14, 0x02, 0xC0, 0xC8,
  0x11, 0x02, 0x30, 0xC2, 0x1F, 0xE6, 0x0C, 0x80, 0x90, 0x1E, 0x01, 0x0E,
  0x01, 0x20, 0x24, 0x07, 0x00, 0xE0, 0x14, 0x02, 0xC0, 0xC8, 0x11, 0x02,
  0x30, 0xC2, 0x1F, 0xE6, 0x0C, 0x80, 0x90, 0x1E, 0x01, 0x03, 0xFE, 0x0D,
  0x00, 0x12, 0x00, 0x64, 0x00, 0x88, 0x03, 0x10, 0x06, 0x3F, 0x08, 0x40,
  0x3F, 0x80, 0x41, 0x01, 0x82, 0x02, 0x04, 0x0C, 0x0F, 0xE0, 0x0F, 0x8E,
  0x26, 0x01, 0x00, 0xC0, 0x30, 0x0C, 0x03, 0x00, 0xC0, 0x10, 0x06, 0x00,
  0xE2, 0x1F, 0x81, 0x00, 0x60, 0x04, 0x0E, 0x00, 0x60, 0x40, 0x40, 0x0F,
  0xF0, 0x20, 0x40, 0x81, 0x03, 0xFC, 0x08, 0x10, 0x20, 0x40, 0xFE, 0x0C,
  0x10, 0x40, 0x0F, 0xF0, 0x20, 0x40, 0x81, 0x03, 0xFC, 0x08, 0x10, 0x20,
  0x40, 0xFE, 0x18, 0x51, 0x10, 0x0F, 0xF0, 0x20, 0x40, 0x81, 0x03, 0xFC,
  0x08, 0x10, 0x20, 0x40, 0xFE, 0x48, 0x98, 0x07, 0xF8, 0x10, 0x20, 0x40,
  0x81, 0xFE, 0x04, 0x08, 0x10, 0x20, 0x7F, 0xC8, 0x82, 0x49, 0x24, 0x92,
  0x49, 0x20, 0x6A, 0x09, 0x24, 0x92, 0x49, 0x24, 0x80, 0x31, 0x48, 0x80,
  0x20, 0x82, 0x08, 0x20, 0x82, 0x08, 0x20, 0x82, 0x08, 0x20, 0x94, 0xC0,
  0x42, 0x10, 0x84, 0x21, 0x08, 0x42, 0x10, 0x84, 0x7F, 0x08, 0x71, 0x03,
  0x20, 0x24, 0x06, 0x80, 0xFF, 0x1A, 0x03, 0x40, 0x68, 0x09, 0x03, 0x21,
  0xC7, 0xE0, 0x39, 0x09, 0xC0, 0x03, 0x03, 0xC0, 0xF8, 0x3B, 0x0E, 0x43,
  0x98, 0xE3, 0x38, 0x4E, 0x1B, 0x83, 0xE0, 0xF8, 0x1E, 0x03, 0x0C, 0x00,
  0x40, 0x02, 0x00, 0x00, 0x1F, 0x83, 0x8C, 0x60, 0x64, 0x02, 0xC0, 0x3C,
  0x03, 0xC0, 0x3C, 0x03, 0xC0, 0x34, 0x02, 0x60, 0x63, 0x0C, 0x1F, 0x80,
  0x03, 0x00, 0x20, 0x04, 0x00, 0x00, 0x1F, 0x83, 0x8C, 0x60, 0x64, 0x02,
  0xC0, 0x3C, 0x03, 0xC0, 0x3C, 0x03, 0xC0, 0x34, 0x02, 0x60, 0x63, 0x0C,
  0x1F, 0x80, 0x06, 0x00, 0xA0, 0x11, 0x00, 0x00, 0x1F, 0x83, 0x8C, 0x60,
  0x64, 0x02, 0xC0, 0x3C, 0x03, 0xC0, 0x3C, 0x03, 0xC0, 0x34, 0x02, 0x60,
  0x63, 0x0C, 0x1F, 0x80, 0x1C, 0x81, 0x38, 0x00, 0x01, 0xF8, 0x38, 0xC6,
  0x06, 0x40, 0x2C, 0x03, 0xC0, 0x3C, 0x03, 0xC0, 0x3C, 0x03, 0x40, 0x26,
  0x06, 0x30, 0xC1, 0xF8, 0x09, 0x00, 0x98, 0x00, 0x01, 0xF8, 0x38, 0xC6,
  0x06, 0x40, 0x2C, 0x03, 0xC0, 0x3C, 0x03, 0xC0, 0x3C, 0x03, 0x40, 0x26,
  0x06, 0x30, 0xC1, 0xF8, 0x41, 0x62, 0x24, 0x18, 0x18, 0x24, 0x62, 0x41,
  0x00, 0x21, 0xFE, 0x39, 0xC6, 0x0E, 0x41, 0xAC, 0x13, 0xC2, 0x3C, 0x63,
  0xCC, 0x3C, 0x83, 0x58, 0x27, 0x06, 0x38, 0xC5, 0xF8, 0x40, 0x00, 0x18,
  0x04, 0x01, 0x00, 0x08, 0x0C, 0x06, 0x03, 0x01, 0x80, 0xC0, 0x60, 0x30,
  0x18, 0x0C, 0x07, 0x06, 0xC6, 0x3E, 0x00, 0x06, 0x02, 0x02, 0x00, 0x08,
  0x0C, 0x06, 0x03, 0x01, 0x80, 0xC0, 0x60, 0x30, 0x18, 0x0C, 0x07, 0x06,
  0xC6, 0x3E, 0x00, 0x0C, 0x0A, 0x08, 0x80, 0x08, 0x0C, 0x06, 0x03, 0x01,
  0x80, 0xC0, 0x60, 0x30, 0x18, 0x0C, 0x07, 0x06, 0xC6, 0x3E, 0x00, 0x24,
  0x13, 0x00, 0x10, 0x18, 0x0C, 0x06, 0x03, 0x01, 0x80, 0xC0, 0x60, 0x30,
  0x18, 0x0E, 0x0D, 0x8C, 0x7C, 0x06, 0x01, 0x00, 0x80, 0x00, 0xC0, 0xD0,
  0x26, 0x18, 0x84, 0x33, 0x06, 0x81, 0xE0, 0x30, 0x0C, 0x03, 0x00, 0xC0,
  0x30, 0x0C, 0x00, 0x80, 0x80, 0xFC, 0x86, 0x83, 0x83, 0x83, 0x83, 0x86,
  0xFC, 0x80, 0x80, 0x80, 0x7C, 0xC6, 0x82, 0x82, 0x84, 0x88, 0x98, 0x8C,
  0x86, 0x83, 0x81, 0x81, 0xA3, 0x9E, 0x30, 0x10, 0x08, 0x00, 0x3C, 0x46,
  0x02, 0x03, 0x3F, 0xC3, 0x83, 0x83, 0xC7, 0x7B, 0x0C, 0x08, 0x10, 0x00,
  0x3C, 0x46, 0x02, 0x03, 0x3F, 0xC3, 0x83, 0x83, 0xC7, 0x7B, 0x18, 0x28,
  0x44, 0x00, 0x3C, 0x46, 0x02, 0x03, 0x3F, 0xC3, 0x83, 0x83, 0xC7, 0x7B,
  0x72, 0x4E, 0x00, 0x3C, 0x46, 0x02, 0x03, 0x3F, 0xC3, 0x83, 0x83, 0xC7,
  0x7B, 0x24, 0x26, 0x00, 0x3C, 0x46, 0x02, 0x03, 0x3F, 0xC3, 0x83, 0x83,
  0xC7, 0x7B, 0x38, 0x24, 0x24, 0x38, 0x00, 0x3C, 0x46, 0x02, 0x03, 0x3F,
  0xC3, 0x83, 0x83, 0xC7, 0x7B, 0x7C, 0xF1, 0x1E, 0x60, 0x30, 0x80, 0x83,
  0x3F, 0xFF, 0x08, 0x08, 0x30, 0x21, 0xC0, 0xCD, 0x89, 0xE3, 0xE0, 0x3E,
  0xC7, 0x06, 0x0C, 0x18, 0x30, 0x60, 0x62, 0x7C, 0x40, 0xC0, 0x47, 0x00,
  0x30, 0x10, 0x08, 0x00, 0x3C, 0x62, 0xC3, 0xC1, 0xFF, 0xC0, 0xC0, 0xC0,
  0x61, 0x3E, 0x0C, 0x08, 0x10, 0x00, 0x3C, 0x62, 0xC3, 0xC1, 0xFF, 0xC0,
  0xC0, 0xC0, 0x61, 0x3E, 0x18, 0x28, 0x44, 0x00, 0x3C, 0x62, 0xC3, 0xC1,
  0xFF, 0xC0, 0xC0, 0xC0, 0x61, 0x3E, 0x24, 0x26, 0x00, 0x3C, 0x62, 0xC3,
  0xC1, 0xFF, 0xC0, 0xC0, 0xC0, 0x61, 0x3E, 0xC8, 0x82, 0x49, 0x24, 0x92,
  0x40, 0x6A, 0x09, 0x24, 0x92, 0x49, 0x00, 0x31, 0x48, 0x80, 0x20, 0x82,
  0x08, 0x20, 0x82, 0x08, 0x20, 0x80, 0x94, 0xC0, 0x42, 0x10, 0x84, 0x21,
  0x08, 0x42, 0x00, 0x12, 0x0F, 0x07, 0x84, 0x40, 0x31, 0xE9, 0x8F, 0x83,
  0xC1, 0xC0, 0xF0, 0x78, 0x26, 0x31, 0xF0, 0x72, 0x4E, 0x00, 0xBC, 0xC6,
  0x82, 0x83, 0x83, 0x83, 0x83, 0x83, 0x83, 0x83, 0x30, 0x08, 0x02, 0x00,
  0x03, 0xE3, 0x1B, 0x05, 0x83, 0xC1, 0xE0, 0xF0, 0x78, 0x26, 0x31, 0xF0,
  0x06, 0x02, 0x02, 0x00, 0x03, 0xE3, 0x1B, 0x05, 0x83, 0xC1, 0xE0, 0xF0,
  0x78, 0x26, 0x31, 0xF0, 0x0C, 0x0A, 0x08, 0x80, 0x03, 0xE3, 0x1B, 0x05,
  0x83, 0xC1, 0xE0, 0xF0, 0x78, 0x26, 0x31, 0xF0, 0x72, 0x27, 0x00, 0x07,
  0xC6, 0x36, 0x0B, 0x07, 0x83, 0xC1, 0xE0, 0xF0, 0x4C, 0x63, 0xE0, 0x24,
  0x13, 0x00, 0x07, 0xC6, 0x36, 0x0B, 0x07, 0x83, 0xC1, 0xE0, 0xF0, 0x4C,
  0x63, 0xE0, 0x18, 0x18, 0x00, 0xFF, 0x00, 0x18, 0x18, 0x01, 0x1F, 0x98,
  0xD8, 0x6C, 0x5E, 0x6F, 0x67, 0xA3, 0xE1, 0x31, 0x9F, 0x90, 0x00, 0x30,
  0x08, 0x02, 0x00, 0x0C, 0x1E, 0x0F, 0x07, 0x83, 0xC1, 0xE0, 0xF0, 0x68,
  0x36, 0x39, 0xEC, 0x06, 0x02, 0x02, 0x00, 0x0C, 0x1E, 0x0F, 0x07, 0x83,
  0xC1, 0xE0, 0xF0, 0x68, 0x36, 0x39, 0xEC, 0x0C, 0x0A, 0x08, 0x80, 0x0C,
  0x1E, 0x0F, 0x07, 0x83, 0xC1, 0xE0, 0xF0, 0x68, 0x36, 0x39, 0xEC, 0x24,
  0x13, 0x00, 0x18, 0x3C, 0x1E, 0x0F, 0x07, 0x83, 0xC1, 0xE0, 0xD0, 0x6C,
  0x73, 0xD8, 0x06, 0x02, 0x02, 0x00, 0x0C, 0x1A, 0x09, 0x84, 0xC6, 0x22,
  0x1B, 0x05, 0x82, 0x81, 0xC0, 0x40, 0x20, 0x30, 0x30, 0x70, 0x00, 0x80,
  0x80, 0x80, 0x80, 0xBC, 0xC6, 0x83, 0x83, 0x81, 0x81, 0x83, 0x83, 0xC6,
  0xBC, 0x80, 0x80, 0x80, 0x80, 0x24, 0x13, 0x00, 0x18, 0x34, 0x13, 0x09,
  0x8C, 0x44, 0x36, 0x0B, 0x05, 0x03, 0x80, 0x80, 0x40, 0x60, 0x60, 0xE0,
  0x00 };

const GFXglyph OpenSans_Regular9pt8bGlyphs[] PROGMEM = {
  {     0,   1,   1,   5,    0,    0 },   // 0x20 ' '
  {     1,   2,  13,   5,    1,  -12 },   // 0x21 '!'
  {     5,   5,   5,   7,    1,  -12 },   // 0x22 '"'
  {     9,  11,  13,  12,    0,  -12 },   // 0x23 '#'
  {    27,   8,  15,  10,    1,  -13 },   // 0x24 '$'
  {    42,  13,  13,  15,    1,  -12 },   // 0x25 '%'
  {    64,  12,  13,  13,    1,  -12 },   // 0x26 '&'
  {    84,   2,   5,   4,    1,  -12 },   // 0x27 '''
  {    86,   4,  16,   5,    1,  -12 },   // 0x28 '('
  {    94,   4,  16,   5,    1,  -12 },   // 0x29 ')'
  {   102,   8,   8,  10,    1,  -13 },   // 0x2A '*'
  {   110,   8,   9,  10,    1,  -10 },   // 0x2B '+'
  {   119,   2,   4,   5,    1,   -1 },   // 0x2C ','
  {   120,   4,   1,   6,    1,   -4 },   // 0x2D '-'
  {   121,   2,   2,   5,    1,   -1 },   // 0x2E '.'
  {   122,   6,  13,   7,    0,  -12 },   // 0x2F '/'
  {   132,   8,  13,  10,    1,  -12 },   // 0x30 '0'
  {   145,   4,  13,  10,    2,  -12 },   // 0x31 '1'
  {   152,   8,  13,  10,    1,  -12 },   // 0x32 '2'
  {   165,   8,  13,  10,    1,  -12 },   // 0x33 '3'
  {   178,  10,  13,  10,    0,  -12 },   // 0x34 '4'
  {   195,   8,  13,  10,    1,  -12 },   // 0x35 '5'
  {   208,   8,  13,  10,    1,  -12 },   // 0x36 '6'
  {   221,   8,  13,  10,    1,  -12 },   // 0x37 '7'
  {   234,   8,  13,  10,    1,  -12 },   // 0x38 '8'
  {   247,   8,  13,  10,    1,  -12 },   // 0x39 '9'
  {   260,   2,  10,   5,    1,   -9 },   // 0x3A ':'
  {   263,   2,  12,   5,    1,   -9 },   // 0x3B ';'
  {   266,   8,   9,  10,    1,  -10 },   // 0x3C '<'
  {   275,   8,   4,  10,    1,   -7 },   // 0x3D '='
  {   279,   8,   9,  10,    1,  -10 },   // 0x3E '>'
  {   288,   7,  13,   8,    0,  -12 },   // 0x3F '?'
  {   300,  14,  15,  16,    1,  -12 },   // 0x40 '@'
  {   327,  11,  13,  11,    0,  -12 },   // 0x41 'A'
  {   345,   9,  13,  12,    2,  -12 },   // 0x42 'B'
  {   360,  10,  13,  11,    1,  -12 },   // 0x43 'C'
  {   377,  10,  13,  13,    2,  -12 },   // 0x44 'D'
  {   394,   7,  13,  10,    2,  -12 },   // 0x45 'E'
  {   406,   7,  13,   9,    2,  -12 },   // 0x46 'F'
  {   418,  11,  13,  13,    1,  -12 },   // 0x47 'G'
  {   436,  10,  13,  13,    2,  -12 },   // 0x48 'H'
  {   453,   1,  13,   5,    2,  -12 },   // 0x49 'I'
  {   455,   4,  16,   5,   -1,  -12 },   // 0x4A 'J'
  {   463,   9,  13,  11,    2,  -12 },   // 0x4B 'K'
  {   478,   7,  13,   9,    2,  -12 },   // 0x4C 'L'
  {   490,  12,  13,  16,    2,  -12 },   // 0x4D 'M'
  {   510,  10,  13,  14,    2,  -12 },   // 0x4E 'N'
  {   527,  12,  13,  14,    1,  -12 },   // 0x4F 'O'
  {   547,   8,  13,  11,    2,  -12 },   // 0x50 'P'
  {   560,  12,  16,  14,    1,  -12 },   // 0x51 'Q'
  {   584,   9,  13,  11,    2,  -12 },   // 0x52 'R'
  {   599,   8,  13,  10,    1,  -12 },   // 0x53 'S'
  {   612,  10,  13,  10,    0,  -12 },   // 0x54 'T'
  {   629,   9,  13,  13,    2,  -12 },   // 0x55 'U'
  {   644,  11,  13,  11,    0,  -12 },   // 0x56 'V'
  {   662,  16,  13,  17,    0,  -12 },   // 0x57 'W'
  {   688,  10,  13,  10,    0,  -12 },   // 0x58 'X'
  {   705,  10,  13,  10,    0,  -12 },   // 0x59 'Y'
  {   722,   9,  13,  10,    1,  -12 },   // 0x5A 'Z'
  {   737,   4,  16,   6,    1,  -12 },   // 0x5B '['
  {   745,   6,  13,   7,    0,  -12 },   // 0x5C '\'
  {   755,   4,  16,   6,    0,  -12 },   // 0x5D ']'
  {   763,   9,   8,  10,    1,  -12 },   // 0x5E '^'
  {   772,   8,   1,   8,    0,    3 },   // 0x5F '_'
  {   773,   3,   3,   5,    1,  -13 },   // 0x60 '`'
  {   775,   8,  10,  10,    1,   -9 },   // 0x61 'a'
  {   785,   8,  14,  11,    2,  -13 },   // 0x62 'b'
  {   799,   7,  10,   9,    1,   -9 },   // 0x63 'c'
  {   808,   8,  14,  11,    1,  -13 },   // 0x64 'd'
  {   822,   8,  10,  10,    1,   -9 },   // 0x65 'e'
  {   832,   7,  14,   6,    0,  -13 },   // 0x66 'f'
  {   845,   9,  14,  10,    0,   -9 },   // 0x67 'g'
  {   861,   8,  14,  11,    2,  -13 },   // 0x68 'h'
  {   875,   2,  14,   5,    1,  -13 },   // 0x69 'i'
  {   879,   4,  18,   5,   -1,  -13 },   // 0x6A 'j'
  {   888,   7,  14,   9,    2,  -13 },   // 0x6B 'k'
  {   901,   1,  14,   5,    2,  -13 },   // 0x6C 'l'
  {   903,  13,  10,  17,    2,   -9 },   // 0x6D 'm'
  {   920,   8,  10,  11,    2,   -9 },   // 0x6E 'n'
  {   930,   9,  10,  11,    1,   -9 },   // 0x6F 'o'
  {   942,   8,  14,  11,    2,   -9 },   // 0x70 'p'
  {   956,   8,  14,  11,    1,   -9 },   // 0x71 'q'
  {   970,   5,  10,   7,    2,   -9 },   // 0x72 'r'
  {   977,   7,  10,   9,    1,   -9 },   // 0x73 's'
  {   986,   6,  12,   6,    0,  -11 },   // 0x74 't'
  {   995,   9,  10,  11,    1,   -9 },   // 0x75 'u'
  {  1007,   9,  10,   9,    0,   -9 },   // 0x76 'v'
  {  1019,  14,  10,  14,    0,   -9 },   // 0x77 'w'
  {  1037,   9,  10,   9,    0,   -9 },   // 0x78 'x'
  {  1049,   9,  14,   9,    0,   -9 },   // 0x79 'y'
  {  1065,   7,  10,   8,    1,   -9 },   // 0x7A 'z'
  {  1074,   6,  16,   7,    0,  -12 },   // 0x7B '{'
  {  1086,   2,  18,  10,    4,  -13 },   // 0x7C '|'
  {  1091,   5,  16,   7,    1,  -12 },   // 0x7D '}'
  {  1101,   8,   2,  10,    1,   -6 },   // 0x7E '~'
  {  1103,   1,   1,  11,    0,    0 },   // 0x7F
  {  1104,   1,   1,  11,    0,    0 },   // 0x80
  {  1105,   1,   1,  11,    0,    0 },   // 0x81
  {  1106,   1,   1,  11,    0,    0 },   // 0x82
  {  1107,   1,   1,  11,    0,    0 },   // 0x83
  {  1108,   1,   1,  11,    0,    0 },   // 0x84
  {  1109,   1,   1,  11,    0,    0 },   // 0x85
  {  1110,   1,   1,  11,    0,    0 },   // 0x86
  {  1111,   1,   1,  11,    0,    0 },   // 0x87
  {  1112,   1,   1,  11,    0,    0 },   // 0x88
  {  1113,   1,   1,  11,    0,    0 },   // 0x89
  {  1114,   1,   1,  11,    0,    0 },   // 0x8A
  {  1115,   1,   1,  11,    0,    0 },   // 0x8B
  {  1116,   1,   1,  11,    0,    0 },   // 0x8C
  {  1117,   1,   1,  11,    0,    0 },   // 0x8D
  {  1118,   1,   1,  11,    0,    0 },   // 0x8E
  {  1119,   1,   1,  11,    0,    0 },   // 0x8F
  {  1120,   1,   1,  11,    0,    0 },   // 0x90
  {  1121,   1,   1,  11,    0,    0 },   // 0x91
  {  1122,   1,   1,  11,    0,    0 },   // 0x92
  {  1123,   1,   1,  11,    0,    0 },   // 0x93
  {  1124,   1,   1,  11,    0,    0 },   // 0x94
  {  1125,   1,   1,  11,    0,    0 },   // 0x95
  {  1126,   1,   1,  11,    0,    0 },   // 0x96
  {  1127,   1,   1,  11,    0,    0 },   // 0x97
  {  1128,   1,   1,  11,    0,    0 },   // 0x98
  {  1129,   1,   1,  11,    0,    0 },   // 0x99
  {  1130,   1,   1,  11,    0,    0 },   // 0x9A
  {  1131,   1,   1,  11,    0,    0 },   // 0x9B
  {  1132,   1,   1,  11,    0,    0 },   // 0x9C
  {  1133,   1,   1,  11,    0,    0 },   // 0x9D
  {  1134,   1,   1,  11,    0,    0 },   // 0x9E
  {  1135,   1,   1,  11,    0,    0 },   // 0x9F
  {  1136,   1,   1,   5,    0,    0 },   // 0xA0
  {  1137,   2,  13,   5,    1,   -9 },   // 0xA1
  {  1141,   7,  13,  10,    2,  -12 },   // 0xA2
  {  1153,   9,  13,  10,    1,  -12 },   // 0xA3
  {  1168,   8,   9,  10,    1,  -10 },   // 0xA4
  {  1177,  10,  13,  10,    0,  -12 },   // 0xA5
  {  1194,   2,  18,  10,    4,  -13 },   // 0xA6
  {  1199,   7,  14,   9,    1,  -13 },   // 0xA7
  {  1212,   5,   2,  10,    3,  -12 },   // 0xA8
  {  1214,  13,  13,  15,    1,  -12 },   // 0xA9
  {  1236,   4,   6,   6,    1,  -12 },   // 0xAA
  {  1239,   7,   7,   9,    1,   -7 },   // 0xAB
  {  1246,   8,   5,  10,    1,   -6 },   // 0xAC
  {  1251,   4,   1,   6,    1,   -4 },   // 0xAD
  {  1252,  13,  13,  15,    1,  -12 },   // 0xAE
  {  1274,   9,   1,   9,    0,  -14 },   // 0xAF
  {  1276,   6,   5,   8,    1,  -12 },   // 0xB0
  {  1280,   8,  11,  10,    1,  -10 },   // 0xB1
  {  1291,   6,   8,   6,    0,  -14 },   // 0xB2
  {  1297,   6,   8,   6,    0,  -14 },   // 0xB3
  {  1303,   3,   3,   5,    1,  -13 },   // 0xB4
  {  1305,   8,  14,  11,    2,   -9 },   // 0xB5
  {  1319,   9,  16,  12,    1,  -13 },   // 0xB6
  {  1337,   2,   2,   5,    1,   -6 },   // 0xB7
  {  1338,   4,   4,   4,    0,    1 },   // 0xB8
  {  1340,   3,   8,   6,    1,  -14 },   // 0xB9
  {  1343,   5,   6,   7,    1,  -12 },   // 0xBA
  {  1347,   7,   7,   9,    1,   -7 },   // 0xBB
  {  1354,  12,  13,  13,    1,  -12 },   // 0xBC
  {  1374,  13,  13,  14,    0,  -12 },   // 0xBD
  {  1396,  14,  13,  14,    0,  -12 },   // 0xBE
  {  1419,   7,  13,   8,    0,   -9 },   // 0xBF
  {  1431,  11,  17,  11,    0,  -16 },   // 0xC0
  {  1455,  11,  17,  11,    0,  -16 },   // 0xC1
  {  1479,  11,  17,  11,    0,  -16 },   // 0xC2
  {  1503,  11,  16,  11,    0,  -15 },   // 0xC3
  {  1525,  11,  16,  11,    0,  -15 },   // 0xC4
  {  1547,  11,  16,  11,    0,  -15 },   // 0xC5
  {  1569,  15,  13,  16,    0,  -12 },   // 0xC6
  {  1594,  10,  17,  11,    1,  -12 },   // 0xC7
  {  1616,   7,  17,  10,    2,  -16 },   // 0xC8
  {  1631,   7,  17,  10,    2,  -16 },   // 0xC9
  {  1646,   7,  17,  10,    2,  -16 },   // 0xCA
  {  1661,   7,  16,  10,    2,  -15 },   // 0xCB
  {  1675,   3,  17,   5,    0,  -16 },   // 0xCC
  {  1682,   3,  17,   5,    2,  -16 },   // 0xCD
  {  1689,   6,  17,   5,    0,  -16 },   // 0xCE
  {  1702,   5,  16,   5,    0,  -15 },   // 0xCF
  {  1712,  11,  13,  13,    1,  -12 },   // 0xD0
  {  1730,  10,  16,  14,    2,  -15 },   // 0xD1
  {  1750,  12,  17,  14,    1,  -16 },   // 0xD2
  {  1776,  12,  17,  14,    1,  -16 },   // 0xD3
  {  1802,  12,  17,  14,    1,  -16 },   // 0xD4
  {  1828,  12,  16,  14,    1,  -15 },   // 0xD5
  {  1852,  12,  16,  14,    1,  -15 },   // 0xD6
  {  1876,   8,   8,  10,    1,   -9 },   // 0xD7
  {  1884,  12,  15,  14,    1,  -13 },   // 0xD8
  {  1907,   9,  17,  13,    2,  -16 },   // 0xD9
  {  1927,   9,  17,  13,    2,  -16 },   // 0xDA
  {  1947,   9,  17,  13,    2,  -16 },   // 0xDB
  {  1967,   9,  16,  13,    2,  -15 },   // 0xDC
  {  1985,  10,  17,  10,    0,  -16 },   // 0xDD
  {  2007,   8,  13,  11,    2,  -12 },   // 0xDE
  {  2020,   8,  14,  11,    2,  -13 },   // 0xDF
  {  2034,   8,  14,  10,    1,  -13 },   // 0xE0
  {  2048,   8,  14,  10,    1,  -13 },   // 0xE1
  {  2062,   8,  14,  10,    1,  -13 },   // 0xE2
  {  2076,   8,  13,  10,    1,  -12 },   // 0xE3
  {  2089,   8,  13,  10,    1,  -12 },   // 0xE4
  {  2102,   8,  15,  10,    1,  -14 },   // 0xE5
  {  2117,  14,  10,  16,    1,   -9 },   // 0xE6
  {  2135,   7,  14,   9,    1,   -9 },   // 0xE7
  {  2148,   8,  14,  10,    1,  -13 },   // 0xE8
  {  2162,   8,  14,  10,    1,  -13 },   // 0xE9
  {  2176,   8,  14,  10,    1,  -13 },   // 0xEA
  {  2190,   8,  13,  10,    1,  -12 },   // 0xEB
  {  2203,   3,  14,   5,    0,  -13 },   // 0xEC
  {  2209,   3,  14,   5,    2,  -13 },   // 0xED
  {  2215,   6,  14,   5,    0,  -13 },   // 0xEE
  {  2226,   5,  13,   5,    0,  -12 },   // 0xEF
  {  2235,   9,  14,  11,    1,  -13 },   // 0xF0
  {  2251,   8,  13,  11,    2,  -12 },   // 0xF1
  {  2264,   9,  14,  11,    1,  -13 },   // 0xF2
  {  2280,   9,  14,  11,    1,  -13 },   // 0xF3
  {  2296,   9,  14,  11,    1,  -13 },   // 0xF4
  {  2312,   9,  13,  11,    1,  -12 },   // 0xF5
  {  2327,   9,  13,  11,    1,  -12 },   // 0xF6
  {  2342,   8,   7,  10,    1,   -9 },   // 0xF7
  {  2349,   9,  12,  11,    1,  -10 },   // 0xF8
  {  2363,   9,  14,  11,    1,  -13 },   // 0xF9
  {  2379,   9,  14,  11,    1,  -13 },   // 0xFA
  {  2395,   9,  14,  11,    1,  -13 },   // 0xFB
  {  2411,   9,  13,  11,    1,  -12 },   // 0xFC
  {  2426,   9,  18,   9,    0,  -13 },   // 0xFD
  {  2447,   8,  18,  11,    2,  -13 },   // 0xFE
  {  2465,   9,  17,   9,    0,  -12 } }; // 0xFF

const GFXfont OpenSans_Regular9pt8b PROGMEM = {
  (uint8_t  *)OpenSans_Regular9pt8bBitmaps,
  (GFXglyph *)OpenSans_Regular9pt8bGlyphs,
  0x20, 0xFF, 24 };

// Approx. 4060 bytes

const uint8_t OpenSans_Regular10pt8bBitmaps[] PROGMEM = {
  0x00, 0x6D, 0x24, 0x92, 0x40, 0x2E, 0xC0, 0xCF, 0x3C, 0x92, 0x48, 0x08,
  0xC1, 0x10, 0x22, 0x0C, 0x41, 0x89, 0xFF, 0xC4, 0x40, 0x88, 0x31, 0x1F,
  0xFC, 0x8C, 0x11, 0x02, 0x20, 0xC4, 0x00, 0x08, 0x04, 0x0F, 0xCD, 0x6C,
  0x86, 0x41, 0xA0, 0xF8, 0x0F, 0x04, 0xC2, 0x21, 0x3E, 0xFB, 0xF0, 0x20,
  0x10, 0x78, 0x30, 0x90, 0x43, 0x31, 0x84, 0x62, 0x08, 0x48, 0x11, 0xB7,
  0x33, 0x5B, 0x25, 0xA2, 0x7A, 0x44, 0x0C, 0x8C, 0x11, 0x10, 0x42, 0x21,
  0x86, 0xC2, 0x07, 0x00, 0x1E, 0x01, 0x98, 0x18, 0x40, 0xC2, 0x03, 0x30,
  0x0F, 0x00, 0x70, 0x0E, 0xC3, 0xC3, 0x16, 0x0D, 0xB0, 0x39, 0x81, 0xC7,
  0x3B, 0x1F, 0x0C, 0xFD, 0x40, 0x32, 0x64, 0xCC, 0xC8, 0x88, 0xCC, 0xC4,
  0x62, 0x30, 0xC4, 0x62, 0x33, 0x33, 0x33, 0x33, 0x32, 0x64, 0xC0, 0x08,
  0x04, 0x02, 0x1D, 0x7F, 0xF8, 0xE0, 0xD8, 0x6C, 0x22, 0x00, 0x08, 0x04,
  0x02, 0x01, 0x0F, 0xF8, 0x40, 0x20, 0x10, 0x08, 0x00, 0x6B, 0x68, 0xF8,
  0x5D, 0x80, 0x06, 0x0C, 0x10, 0x60, 0x83, 0x06, 0x08, 0x30, 0x60, 0x83,
  0x04, 0x18, 0x00, 0x3E, 0x39, 0x98, 0x78, 0x3C, 0x0E, 0x07, 0x03, 0x81,
  0xC0, 0xE0, 0x70, 0x6C, 0x37, 0x30, 0xF0, 0x19, 0xFF, 0x31, 0x8C, 0x63,
  0x18, 0xC6, 0x31, 0x8C, 0x3E, 0x73, 0x80, 0x60, 0x30, 0x18, 0x08, 0x0C,
  0x0C, 0x0C, 0x0C, 0x0C, 0x0C, 0x0C, 0x07, 0xFC, 0x3E, 0x71, 0x80, 0x60,
  0x30, 0x18, 0x38, 0xF8, 0x07, 0x01, 0x80, 0x40, 0x60, 0x3C, 0x73, 0xF0,
  0x01, 0x80, 0x70, 0x1E, 0x02, 0xC0, 0xD8, 0x33, 0x04, 0x61, 0x0C, 0x61,
  0x88, 0x33, 0xFF, 0x80, 0xC0, 0x18, 0x03, 0x00, 0x7F, 0x30, 0x10, 0x08,
  0x04, 0x03, 0xF1, 0x1C, 0x03, 0x00, 0x80, 0x40, 0x60, 0x3E, 0x73, 0xF0,
  0x0F, 0x1C, 0x18, 0x0C, 0x04, 0x06, 0xFB, 0xCF, 0x83, 0xC0, 0xE0, 0x70,
  0x2C, 0x33, 0x30, 0xF0, 0xFF, 0x80, 0x40, 0x60, 0x20, 0x30, 0x10, 0x18,
  0x0C, 0x0C, 0x06, 0x06, 0x03, 0x01, 0x01, 0x80, 0x3E, 0x31, 0x90, 0x78,
  0x34, 0x1B, 0x98, 0x70, 0x6E, 0x41, 0xE0, 0x70, 0x38, 0x36, 0x39, 0xF0,
  0x3E, 0x3B, 0xB0, 0x78, 0x3C, 0x0E, 0x07, 0x06, 0xC5, 0x3C, 0x80, 0xC0,
  0x60, 0x60, 0xE3, 0xE0, 0x7D, 0x00, 0x00, 0x5D, 0x80, 0x7D, 0x00, 0x00,
  0x0B, 0x69, 0x00, 0x00, 0x81, 0xC3, 0x83, 0x06, 0x06, 0x00, 0xE0, 0x1C,
  0x03, 0x80, 0x40, 0xFF, 0x80, 0x00, 0x00, 0x0F, 0xF8, 0x80, 0x70, 0x0E,
  0x01, 0xC0, 0x38, 0x0C, 0x1C, 0x78, 0xE0, 0x40, 0x00, 0x7C, 0x67, 0x03,
  0x01, 0x03, 0x06, 0x0C, 0x18, 0x10, 0x10, 0x00, 0x10, 0x38, 0x18, 0x07,
  0xF0, 0x0C, 0x18, 0x30, 0x04, 0x20, 0x06, 0x43, 0xE2, 0x46, 0x23, 0xC4,
  0x23, 0xCC, 0x23, 0x8C, 0x23, 0xCC, 0x22, 0xC4, 0x76, 0x43, 0x9C, 0x60,
  0x00, 0x20, 0x00, 0x18, 0x30, 0x0F, 0xE0, 0x06, 0x00, 0x38, 0x01, 0x40,
  0x1A, 0x00, 0x98, 0x0C, 0x40, 0x63, 0x02, 0x18, 0x30, 0x41, 0xFF, 0x18,
  0x18, 0xC0, 0x64, 0x03, 0x60, 0x08, 0xFE, 0x31, 0xEC, 0x1B, 0x02, 0xC1,
  0xB0, 0xCF, 0xF3, 0x06, 0xC0, 0xF0, 0x3C, 0x0F, 0x03, 0xC3, 0xBF, 0xC0,
  0x0F, 0xC7, 0x9C, 0xC0, 0x30, 0x04, 0x01, 0x80, 0x30, 0x06, 0x00, 0xC0,
  0x08, 0x01, 0x80, 0x38, 0x03, 0xCC, 0x1F, 0x80, 0xFE, 0x18, 0xF3, 0x03,
  0x60, 0x3C, 0x07, 0x80, 0xF0, 0x0E, 0x01, 0xC0, 0x78, 0x0F, 0x01, 0xE0,
  0x6C, 0x79, 0xFC, 0x00, 0xFF, 0xC0, 0xC0, 0xC0, 0xC0, 0xC0, 0xFF, 0xC0,
  0xC0, 0xC0, 0xC0, 0xC0, 0xC0, 0xFF, 0xFF, 0xC0, 0xC0, 0xC0, 0xC0, 0xC0,
  0xC0, 0xFF, 0xC0, 0xC0, 0xC0, 0xC0, 0xC0, 0xC0, 0x0F, 0xE1, 0xEF, 0x30,
  0x06, 0x00, 0x40, 0x0C, 0x00, 0xC0, 0x0C, 0x1F, 0xC0, 0x34, 0x03, 0x60,
  0x37, 0x03, 0x3C, 0x70, 0xFE, 0xC0, 0x78, 0x0F, 0x01, 0xE0, 0x3C, 0x07,
  0x80, 0xFF, 0xFE, 0x03, 0xC0, 0x78, 0x0F, 0x01, 0xE0, 0x3C, 0x07, 0x80,
  0xC0, 0xFF, 0xFF, 0xFF, 0xF0, 0x0C, 0x30, 0xC3, 0x0C, 0x30, 0xC3, 0x0C,
  0x30, 0xC3, 0x0C, 0x30, 0xC2, 0xBB, 0xC0, 0xC0, 0xF0, 0x6C, 0x33, 0x18,
  0xCC, 0x36, 0x0F, 0x83, 0xE0, 0xCC, 0x31, 0x8C, 0x33, 0x0C, 0xC1, 0xB0,
  0x30, 0xC0, 0xC0, 0xC0, 0xC0, 0xC0, 0xC0, 0xC0, 0xC0, 0xC0, 0xC0, 0xC0,
  0xC0, 0xC0, 0xFF, 0xE0, 0x1F, 0x80, 0x7A, 0x01, 0xEC, 0x0F, 0x90, 0x2F,
  0x61, 0xBD, 0x86, 0xF2, 0x13, 0xCC, 0xCF, 0x32, 0x3C, 0x58, 0xF1, 0xE3,
  0xC3, 0x0F, 0x0C, 0x30, 0xC0, 0x3C, 0x06, 0xC0, 0xD8, 0x19, 0x83, 0x10,
  0x73, 0x0E, 0x31, 0xC2, 0x38, 0x67, 0x06, 0xE0, 0x5C, 0x0F, 0x80, 0xC0,
  0x0F, 0xC1, 0xE7, 0x1C, 0x0C, 0xC0, 0x34, 0x01, 0xE0, 0x0F, 0x00, 0x38,
  0x01, 0xC0, 0x1A, 0x00, 0xD8, 0x06, 0xE0, 0x63, 0xCE, 0x07, 0xE0, 0xFE,
  0x63, 0xB0, 0x78, 0x3C, 0x1E, 0x0F, 0x3D, 0xF8, 0xC0, 0x60, 0x30, 0x18,
  0x0C, 0x06, 0x00, 0x0F, 0xC1, 0xE7, 0x1C, 0x0C, 0xC0, 0x34, 0x01, 0xE0,
  0x0F, 0x00, 0x38, 0x01, 0xC0, 0x1A, 0x00, 0xD8, 0x06, 0xE0, 0x63, 0xCE,
  0x07, 0xE0, 0x03, 0x00, 0x0C, 0x00, 0x30, 0xFE, 0x31, 0xCC, 0x1B, 0x06,
  0xC1, 0xB0, 0x6C, 0x73, 0xF0, 0xC6, 0x31, 0x8C, 0x33, 0x04, 0xC1, 0xB0,
  0x30, 0x3F, 0x3B, 0xB0, 0x18, 0x0C, 0x03, 0x00, 0xF0, 0x1E, 0x03, 0x80,
  0xC0, 0x60, 0x3E, 0x77, 0xF0, 0xFF, 0xE0, 0x80, 0x10, 0x02, 0x00, 0x40,
  0x08, 0x01, 0x00, 0x20, 0x04, 0x00, 0x80, 0x10, 0x02, 0x00, 0x40, 0x08,
  0x00, 0x80, 0x70, 0x0E, 0x01, 0xC0, 0x38, 0x07, 0x00, 0xE0, 0x1C, 0x03,
  0x80, 0x78, 0x0F, 0x01, 0xE0, 0x67, 0x38, 0x3E, 0x00, 0xC0, 0x34, 0x02,
  0x60, 0x66, 0x06, 0x20, 0x43, 0x0C, 0x30, 0xC1, 0x18, 0x19, 0x81, 0x90,
  0x0F, 0x00, 0xF0, 0x06, 0x00, 0x60, 0xC0, 0xC0, 0xD0, 0x30, 0x36, 0x0E,
  0x09, 0x86, 0x82, 0x21, 0xA1, 0x88, 0x4C, 0x63, 0x33, 0x10, 0xCC, 0x4C,
  0x12, 0x1B, 0x06, 0x86, 0xC1, 0xE0, 0xA0, 0x70, 0x28, 0x0C, 0x0E, 0x03,
  0x01, 0x00, 0x60, 0x6C, 0x18, 0xC2, 0x08, 0xC1, 0xB0, 0x1E, 0x01, 0x80,
  0x70, 0x0B, 0x03, 0x30, 0xC6, 0x10, 0x66, 0x07, 0x80, 0xC0, 0xC0, 0x6C,
  0x09, 0x83, 0x18, 0xC3, 0x18, 0x36, 0x02, 0xC0, 0x70, 0x04, 0x00, 0x80,
  0x10, 0x02, 0x00, 0x40, 0x08, 0x00, 0xFF, 0x80, 0x60, 0x18, 0x0C, 0x06,
  0x01, 0x80, 0xC0, 0x60, 0x18, 0x0C, 0x06, 0x01, 0x00, 0xC0, 0x3F, 0xF0,
  0xF8, 0x88, 0x88, 0x88, 0x88, 0x88, 0x88, 0x88, 0xF0, 0xC0, 0x81, 0x81,
  0x03, 0x06, 0x04, 0x0C, 0x18, 0x10, 0x30, 0x20, 0x60, 0xC0, 0xF8, 0xC6,
  0x31, 0x8C, 0x63, 0x18, 0xC6, 0x31, 0x8C, 0x63, 0xF8, 0x08, 0x07, 0x01,
  0x40, 0xD8, 0x22, 0x18, 0xC4, 0x13, 0x06, 0x80, 0x80, 0xFF, 0x80, 0xC6,
  0x30, 0x3E, 0x63, 0x01, 0x01, 0x3F, 0x61, 0xC1, 0xC1, 0xC3, 0xE7, 0x7D,
  0x80, 0x40, 0x20, 0x10, 0x09, 0xE7, 0x3B, 0x07, 0x83, 0x81, 0xC0, 0xE0,
  0x78, 0x3C, 0x1F, 0x3A, 0x78, 0x1F, 0x73, 0x60, 0xC0, 0xC0, 0xC0, 0xC0,
  0xC0, 0x60, 0x73, 0x1F, 0x00, 0xC0, 0x30, 0x0C, 0x03, 0x3E, 0xDC, 0xF6,
  0x1F, 0x03, 0xC0, 0xF0, 0x3C, 0x0F, 0x03, 0x41, 0xDC, 0xF3, 0xEC, 0x1E,
  0x39, 0x98, 0x78, 0x3C, 0x1F, 0xFF, 0x01, 0x80, 0x60, 0x38, 0xC7, 0xC0,
  0x1F, 0x18, 0x30, 0x30, 0xFC, 0x30, 0x30, 0x30, 0x30, 0x30, 0x30, 0x30,
  0x30, 0x30, 0x30, 0x1F, 0xCC, 0x46, 0x19, 0x86, 0x61, 0x8C, 0x61, 0xE0,
  0x80, 0x20, 0x0F, 0xE7, 0xFD, 0x01, 0xC0, 0x70, 0x36, 0x18, 0xFC, 0x80,
  0x40, 0x20, 0x10, 0x09, 0xE7, 0x1B, 0x05, 0x83, 0x81, 0xC0, 0xE0, 0x70,
  0x38, 0x1C, 0x0E, 0x06, 0xA0, 0xAA, 0xAA, 0xA8, 0x10, 0x80, 0x01, 0x08,
  0x42, 0x10, 0x84, 0x21, 0x08, 0x42, 0x10, 0x8D, 0xC0, 0x80, 0x80, 0x80,
  0x80, 0x83, 0x86, 0x8C, 0x98, 0xB0, 0xF0, 0xD8, 0x8C, 0x86, 0x86, 0x83,
  0xFF, 0xFE, 0x9E, 0x79, 0xCF, 0x9B, 0x0E, 0x1E, 0x18, 0x38, 0x30, 0x70,
  0x60, 0xE0, 0xC1, 0xC1, 0x83, 0x83, 0x07, 0x06, 0x0E, 0x0C, 0x18, 0x9E,
  0x51, 0xB0, 0x58, 0x38, 0x1C, 0x0E, 0x07, 0x03, 0x81, 0xC0, 0xE0, 0x60,
  0x1E, 0x1C, 0xE6, 0x0B, 0x03, 0xC0, 0xF0, 0x3C, 0x0F, 0x03, 0x61, 0x9C,
  0xE1, 0xE0, 0x9E, 0x53, 0xB0, 0x78, 0x38, 0x1C, 0x0E, 0x07, 0x83, 0xC1,
  0xF3, 0xA7, 0x90, 0x08, 0x04, 0x02, 0x01, 0x00, 0x3E, 0xDC, 0xF6, 0x1F,
  0x03, 0xC0, 0xF0, 0x3C, 0x0F, 0x03, 0x41, 0xDC, 0xF3, 0xEC, 0x03, 0x00,
  0xC0, 0x30, 0x0C, 0x03, 0x9E, 0xDC, 0x30, 0x82, 0x08, 0x20, 0x82, 0x08,
  0x00, 0x3E, 0xE6, 0xC0, 0xC0, 0x70, 0x3C, 0x06, 0x03, 0x03, 0xC6, 0xFC,
  0x20, 0x43, 0xF9, 0x02, 0x04, 0x08, 0x10, 0x20, 0x40, 0xC1, 0x91, 0xE0,
  0x81, 0xC0, 0xE0, 0x70, 0x38, 0x1C, 0x0E, 0x07, 0x03, 0xC3, 0xF3, 0xDF,
  0x60, 0xC0, 0xD0, 0x26, 0x19, 0x86, 0x21, 0x0C, 0xC3, 0x30, 0x48, 0x1E,
  0x03, 0x00, 0xC0, 0xC1, 0x86, 0x87, 0x0D, 0x8E, 0x1B, 0x16, 0x26, 0x2C,
  0xC4, 0xC9, 0x8D, 0x1B, 0x1A, 0x34, 0x1C, 0x38, 0x30, 0x70, 0x60, 0xC0,
  0x60, 0xC8, 0x63, 0x30, 0x68, 0x0E, 0x03, 0x01, 0xE0, 0x6C, 0x31, 0x18,
  0x66, 0x0C, 0xC0, 0xD0, 0x26, 0x19, 0x86, 0x21, 0x0C, 0xC1, 0x30, 0x68,
  0x1E, 0x03, 0x80, 0xC0, 0x30, 0x08, 0x06, 0x03, 0x03, 0x80, 0xFE, 0x06,
  0x06, 0x0C, 0x18, 0x18, 0x30, 0x60, 0x60, 0xC0, 0xFF, 0x1C, 0xE3, 0x0C,
  0x30, 0xC3, 0x18, 0xC1, 0x83, 0x0C, 0x30, 0xC3, 0x0E, 0x1C, 0xFF, 0xFF,
  0xF0, 0xC1, 0x83, 0x0C, 0x30, 0xC3, 0x0E, 0x0C, 0xC3, 0x0C, 0x30, 0xC2,
  0x18, 0xC0, 0x70, 0x6E, 0x41, 0xC0, 0x00, 0x00, 0x00, 0x00, 0x00, 0x00,
  0x00, 0x00, 0x00, 0x00, 0x00, 0x00, 0x00, 0x00, 0x00, 0x00, 0x00, 0x00,
  0x00, 0x00, 0x00, 0x00, 0x00, 0x00, 0x00, 0x00, 0x00, 0x00, 0x00, 0x00,
  0x00, 0x00, 0x00, 0x00, 0x7D, 0x00, 0x92, 0x49, 0x24, 0xD8, 0x08, 0x08,
  0x3F, 0x72, 0xC0, 0xC0, 0xC0, 0x80, 0xC0, 0xC0, 0xC0, 0x73, 0x3E, 0x08,
  0x08, 0x1F, 0x8E, 0x63, 0x00, 0x80, 0x20, 0x08, 0x02, 0x03, 0xF8, 0x20,
  0x08, 0x02, 0x01, 0x80, 0xC0, 0x3F, 0xF0, 0x40, 0xAF, 0xD8, 0xC8, 0x24,
  0x1A, 0x0D, 0x04, 0xE6, 0x5F, 0xA0, 0x40, 0x40, 0x6C, 0x08, 0x83, 0x18,
  0x41, 0x18, 0x32, 0x02, 0xC0, 0x70, 0x3F, 0xC0, 0xC0, 0x18, 0x1F, 0xE0,
  0x60, 0x0C, 0x00, 0xFF, 0x0F, 0xF0, 0x3E, 0x62, 0xC0, 0x60, 0x38, 0x6E,
  0xC3, 0xC3, 0x63, 0x3E, 0x0E, 0x03, 0x03, 0xC7, 0x7C, 0xCB, 0x20, 0x0F,
  0xC0, 0x30, 0x60, 0x80, 0x22, 0x1E, 0x6C, 0xC4, 0x51, 0x00, 0xE2, 0x00,
  0xC4, 0x01, 0x88, 0x07, 0x98, 0x89, 0x1F, 0x31, 0x00, 0x41, 0x83, 0x01,
  0xF8, 0x00, 0xF0, 0x43, 0xF8, 0xCF, 0xA0, 0x11, 0x32, 0x66, 0xCC, 0xCC,
  0x66, 0x32, 0x11, 0xFF, 0x80, 0x40, 0x20, 0x10, 0x08, 0xF8, 0x0F, 0xC0,
  0x30, 0x60, 0x80, 0x22, 0x3C, 0x6C, 0x4C, 0x50, 0x88, 0xE1, 0x30, 0xC3,
  0xC1, 0x84, 0x87, 0x89, 0x89, 0x11, 0xB1, 0x00, 0x41, 0x83, 0x01, 0xF8,
  0x00, 0xFF, 0xC0, 0x7B, 0x18, 0x61, 0xC5, 0xE0, 0x08, 0x04, 0x02, 0x01,
  0x0F, 0xF8, 0x40, 0x20, 0x10, 0x08, 0x00, 0x3F, 0xE0, 0x79, 0x30, 0x41,
  0x08, 0x42, 0x10, 0xFC, 0x79, 0x30, 0x43, 0x38, 0x10, 0x61, 0xF8, 0x76,
  0x80, 0x81, 0xC0, 0xE0, 0x70, 0x38, 0x1C, 0x0E, 0x07, 0x03, 0xC3, 0xF3,
  0xEF, 0x70, 0x08, 0x04, 0x02, 0x01, 0x00, 0x3F, 0xDF, 0x97, 0xE7, 0xF9,
  0xFE, 0x7F, 0x9F, 0xE5, 0xF9, 0x7E, 0x4F, 0x90, 0x24, 0x09, 0x02, 0x40,
  0x90, 0x24, 0x09, 0x02, 0x40, 0x90, 0x5D, 0x80, 0x26, 0x11, 0xE0, 0x3F,
  0xB3, 0x33, 0x33, 0x30, 0x7A, 0x28, 0x61, 0x86, 0x27, 0x80, 0x88, 0xCC,
  0x66, 0x33, 0x33, 0x66, 0xCC, 0x88, 0x30, 0x23, 0xC1, 0x8B, 0x04, 0x0C,
  0x20, 0x31, 0x80, 0xC4, 0x43, 0x33, 0x0C, 0x9C, 0x34, 0x50, 0x32, 0x40,
  0x99, 0x06, 0x7F, 0x30, 0x10, 0x80, 0x40, 0x30, 0x30, 0xE0, 0x41, 0x41,
  0x80, 0x82, 0x01, 0x08, 0x02, 0x37, 0x84, 0x51, 0x09, 0x83, 0x12, 0x04,
  0x08, 0x18, 0x30, 0x60, 0x41, 0x81, 0x06, 0x02, 0x0F, 0xC0, 0x78, 0x08,
  0x98, 0x30, 0x10, 0x40, 0x61, 0x03, 0x86, 0x00, 0x89, 0x81, 0x23, 0x42,
  0xCA, 0xF9, 0x34, 0x06, 0x48, 0x09, 0x10, 0x23, 0xF0, 0xC0, 0x41, 0x00,
  0x80, 0x18, 0x30, 0x00, 0x00, 0x03, 0x06, 0x08, 0x61, 0x82, 0x04, 0x08,
  0x1D, 0xDF, 0x00, 0x0C, 0x00, 0x30, 0x00, 0xC0, 0x00, 0x00, 0x00, 0x03,
  0x00, 0x1C, 0x00, 0xA0, 0x0D, 0x00, 0x4C, 0x06, 0x20, 0x31, 0x81, 0x0C,
  0x18, 0x20, 0xFF, 0x8C, 0x0C, 0x60, 0x32, 0x01, 0xB0, 0x04, 0x03, 0x80,
  0x18, 0x01, 0x00, 0x00, 0x00, 0x00, 0x03, 0x00, 0x1C, 0x00, 0xA0, 0x0D,
  0x00, 0x4C, 0x06, 0x20, 0x31, 0x81, 0x0C, 0x18, 0x20, 0xFF, 0x8C, 0x0C,
  0x60, 0x32, 0x01, 0xB0, 0x04, 0x06, 0x00, 0x78, 0x06, 0x60, 0x00, 0x00,
  0x00, 0x03, 0x00, 0x1C, 0x00, 0xA0, 0x0D, 0x00, 0x4C, 0x06, 0x20, 0x31,
  0x81, 0x0C, 0x18, 0x20, 0xFF, 0x8C, 0x0C, 0x60, 0x32, 0x01, 0xB0, 0x04,
  0x0E, 0x40, 0x9C, 0x00, 0x00, 0x00, 0x00, 0x60, 0x03, 0x80, 0x14, 0x01,
  0xA0, 0x09, 0x80, 0xC4, 0x06, 0x30, 0x21, 0x83, 0x04, 0x1F, 0xF1, 0x81,
  0x8C, 0x06, 0x40, 0x36, 0x00, 0x80, 0x0C, 0x80, 0x64, 0x00, 0x00, 0x00,
  0x00, 0x00, 0x03, 0x00, 0x1C, 0x00, 0xA0, 0x0D, 0x00, 0x4C, 0x06, 0x20,
  0x31, 0x81, 0x0C, 0x18, 0x20, 0xFF, 0x8C, 0x0C, 0x60, 0x32, 0x01, 0xB0,
  0x04, 0x0E, 0x00, 0x48, 0x02, 0x40, 0x1C, 0x00, 0x70, 0x02, 0x80, 0x34,
  0x01, 0x30, 0x18, 0x80, 0xC6, 0x04, 0x30, 0x60, 0x83, 0xFE, 0x30, 0x31,
  0x80, 0xC8, 0x06, 0xC0, 0x10, 0x03, 0xFF, 0x03, 0x40, 0x06, 0x40, 0x06,
  0x40, 0x04, 0x40, 0x0C, 0x40, 0x08, 0x7F, 0x18, 0x40, 0x18, 0x40, 0x3F,
  0xC0, 0x30, 0x40, 0x60, 0x40, 0x60, 0x40, 0xC0, 0x7F, 0x0F, 0xC7, 0x9C,
  0xC0, 0x30, 0x04, 0x01, 0x80, 0x30, 0x06, 0x00, 0xC0, 0x08, 0x01, 0x80,
  0x38, 0x03, 0xCC, 0x1F, 0x80, 0x80, 0x30, 0x01, 0x00, 0x20, 0x38, 0x00,
  0x30, 0x18, 0x0C, 0x00, 0x00, 0xFF, 0xC0, 0xC0, 0xC0, 0xC0, 0xC0, 0xFF,
  0xC0, 0xC0, 0xC0, 0xC0, 0xC0, 0xC0, 0xFF, 0x0E, 0x0C, 0x10, 0x00, 0x00,
  0xFF, 0xC0, 0xC0, 0xC0, 0xC0, 0xC0, 0xFF, 0xC0, 0xC0, 0xC0, 0xC0, 0xC0,
  0xC0, 0xFF, 0x18, 0x3C, 0x66, 0x00, 0x00, 0xFF, 0xC0, 0xC0, 0xC0, 0xC0,
  0xC0, 0xFF, 0xC0, 0xC0, 0xC0, 0xC0, 0xC0, 0xC0, 0xFF, 0x64, 0x64, 0x00,
  0x00, 0x00, 0xFF, 0xC0, 0xC0, 0xC0, 0xC0, 0xC0, 0xFF, 0xC0, 0xC0, 0xC0,
  0xC0, 0xC0, 0xC0, 0xFF, 0xC6, 0x30, 0x03, 0x33, 0x33, 0x33, 0x33, 0x33,
  0x33, 0x30, 0x76, 0x80, 0x0C, 0xCC, 0xCC, 0xCC, 0xCC, 0xCC, 0xCC, 0xC0,
  0x31, 0xEC, 0xC0, 0x00, 0xC3, 0x0C, 0x30, 0xC3, 0x0C, 0x30, 0xC3, 0x0C,
  0x30, 0xC3, 0x00, 0xCB, 0x20, 0x00, 0x00, 0xC3, 0x0C, 0x30, 0xC3, 0x0C,
  0x30, 0xC3, 0x0C, 0x30, 0xC3, 0x00, 0x7F, 0x06, 0x3C, 0x60, 0x66, 0x03,
  0x60, 0x36, 0x03, 0x60, 0x1F, 0xC1, 0x60, 0x36, 0x03, 0x60, 0x36, 0x06,
  0x63, 0xC7, 0xF0, 0x1C, 0x84, 0xE0, 0x00, 0x00, 0x0C, 0x03, 0xC0, 0x6C,
  0x0D, 0x81, 0x98, 0x31, 0x07, 0x30, 0xE3, 0x1C, 0x23, 0x86, 0x70, 0x6E,
  0x05, 0xC0, 0xF8, 0x0C, 0x0C, 0x00, 0x30, 0x00, 0xC0, 0x00, 0x00, 0x00,
  0x07, 0xE0, 0xF3, 0x8E, 0x06, 0x60, 0x1A, 0x00, 0xF0, 0x07, 0x80, 0x1C,
  0x00, 0xE0, 0x0D, 0x00, 0x6C, 0x03, 0x70, 0x31, 0xE7, 0x03, 0xF0, 0x01,
  0xC0, 0x0C, 0x00, 0x80, 0x00, 0x00, 0x00, 0x07, 0xE0, 0xF3, 0x8E, 0x06,
  0x60, 0x1A, 0x00, 0xF0, 0x07, 0x80, 0x1C, 0x00, 0xE0, 0x0D, 0x00, 0x6C,
  0x03, 0x70, 0x31, 0xE7, 0x03, 0xF0, 0x03, 0x00, 0x3C, 0x03, 0x30, 0x00,
  0x00, 0x00, 0x07, 0xE0, 0xF3, 0x8E, 0x06, 0x60, 0x1A, 0x00, 0xF0, 0x07,
  0x80, 0x1C, 0x00, 0xE0, 0x0D, 0x00, 0x6C, 0x03, 0x70, 0x31, 0xE7, 0x03,
  0xF0, 0x0E, 0x40, 0x9C, 0x00, 0x00, 0x00, 0x00, 0xFC, 0x1E, 0x71, 0xC0,
  0xCC, 0x03, 0x40, 0x1E, 0x00, 0xF0, 0x03, 0x80, 0x1C, 0x01, 0xA0, 0x0D,
  0x80, 0x6E, 0x06, 0x3C, 0xE0, 0x7E, 0x00, 0x0C, 0x80, 0x64, 0x00, 0x00,
  0x00, 0x00, 0x00, 0x07, 0xE0, 0xF3, 0x8E, 0x06, 0x60, 0x1A, 0x00, 0xF0,
  0x07, 0x80, 0x1C, 0x00, 0xE0, 0x0D, 0x00, 0x6C, 0x03, 0x70, 0x31, 0xE7,
  0x03, 0xF0, 0x40, 0xB0, 0xCC, 0xC3, 0xC0, 0xC0, 0xF0, 0xCC, 0xC3, 0x40,
  0x80, 0x00, 0x10, 0x7E, 0x8F, 0x7C, 0xE0, 0xE6, 0x05, 0xA0, 0x4F, 0x06,
  0x78, 0x61, 0xC6, 0x0E, 0x20, 0xD3, 0x06, 0xF0, 0x37, 0x03, 0x1E, 0x71,
  0xBF, 0x08, 0x00, 0x18, 0x01, 0x80, 0x18, 0x00, 0x00, 0x01, 0x00, 0xE0,
  0x1C, 0x03, 0x80, 0x70, 0x0E, 0x01, 0xC0, 0x38, 0x07, 0x00, 0xF0, 0x1E,
  0x03, 0xC0, 0xCE, 0x70, 0x7C, 0x00, 0x07, 0x00, 0xC0, 0x20, 0x00, 0x00,
  0x01, 0x00, 0xE0, 0x1C, 0x03, 0x80, 0x70, 0x0E, 0x01, 0xC0, 0x38, 0x07,
  0x00, 0xF0, 0x1E, 0x03, 0xC0, 0xCE, 0x70, 0x7C, 0x00, 0x0C, 0x03, 0xC0,
  0xCC, 0x00, 0x00, 0x01, 0x00, 0xE0, 0x1C, 0x03, 0x80, 0x70, 0x0E, 0x01,
  0xC0, 0x38, 0x07, 0x00, 0xF0, 0x1E, 0x03, 0xC0, 0xCE, 0x70, 0x7C, 0x00,
  0x19, 0x03, 0x20, 0x00, 0x00, 0x00, 0x01, 0x00, 0xE0, 0x1C, 0x03, 0x80,
  0x70, 0x0E, 0x01, 0xC0, 0x38, 0x07, 0x00, 0xF0, 0x1E, 0x03, 0xC0, 0xCE,
  0x70, 0x7C, 0x00, 0x03, 0x80, 0x60, 0x10, 0x00, 0x00, 0x01, 0x80, 0xD8,
  0x13, 0x06, 0x31, 0x86, 0x30, 0x6C, 0x05, 0x80, 0xE0, 0x08, 0x01, 0x00,
  0x20, 0x04, 0x00, 0x80, 0x10, 0x00, 0xC0, 0x60, 0x3F, 0x98, 0xEC, 0x1E,
  0x0F, 0x07, 0x83, 0xC1, 0xE3, 0xBF, 0x18, 0x0C, 0x06, 0x00, 0x7E, 0x39,
  0xCC, 0x12, 0x04, 0x83, 0x23, 0x08, 0xC2, 0x30, 0x86, 0x20, 0xC8, 0x1A,
  0x03, 0x80, 0xA6, 0x69, 0xF0, 0x30, 0x18, 0x0C, 0x00, 0x3E, 0x63, 0x01,
  0x01, 0x3F, 0x61, 0xC1, 0xC1, 0xC3, 0xE7, 0x7D, 0x07, 0x06, 0x08, 0x00,
  0x3E, 0x63, 0x01, 0x01, 0x3F, 0x61, 0xC1, 0xC1, 0xC3, 0xE7, 0x7D, 0x0C,
  0x1E, 0x33, 0x00, 0x3E, 0x63, 0x01, 0x01, 0x3F, 0x61, 0xC1, 0xC1, 0xC3,
  0xE7, 0x7D, 0x39, 0x4E, 0x00, 0x3E, 0x63, 0x01, 0x01, 0x3F, 0x61, 0xC1,
  0xC1, 0xC3, 0xE7, 0x7D, 0x32, 0x32, 0x00, 0x00, 0x3E, 0x63, 0x01, 0x01,
  0x3F, 0x61, 0xC1, 0xC1, 0xC3, 0xE7, 0x7D, 0x1C, 0x12, 0x12, 0x1C, 0x00,
  0x3E, 0x63, 0x01, 0x01, 0x3F, 0x61, 0xC1, 0xC1, 0xC3, 0xE7, 0x7D, 0x3E,
  0x78, 0xCF, 0x98, 0x0E, 0x18, 0x0C, 0x30, 0x10, 0x67, 0xFF, 0xF8, 0x40,
  0x60, 0x80, 0xC3, 0x81, 0xCD, 0x8D, 0xF1, 0xF0, 0x1F, 0x73, 0x60, 0xC0,
  0xC0, 0xC0, 0xC0, 0xC0, 0x60, 0x73, 0x1F, 0x08, 0x18, 0x04, 0x04, 0x38,
  0x30, 0x0C, 0x03, 0x00, 0x01, 0xE3, 0x99, 0x87, 0x83, 0xC1, 0xFF, 0xF0,
  0x18, 0x06, 0x03, 0x8C, 0x7C, 0x07, 0x03, 0x02, 0x00, 0x01, 0xE3, 0x99,
  0x87, 0x83, 0xC1, 0xFF, 0xF0, 0x18, 0x06, 0x03, 0x8C, 0x7C, 0x0C, 0x0F,
  0x0C, 0xC0, 0x01, 0xE3, 0x99, 0x87, 0x83, 0xC1, 0xFF, 0xF0, 0x18, 0x06,
  0x03, 0x8C, 0x7C, 0x32, 0x19, 0x00, 0x00, 0x01, 0xE3, 0x99, 0x87, 0x83,
  0xC1, 0xFF, 0xF0, 0x18, 0x06, 0x03, 0x8C, 0x7C, 0xC6, 0x30, 0x22, 0x22,
  0x22, 0x22, 0x22, 0x20, 0x76, 0x80, 0x88, 0x88, 0x88, 0x88, 0x88, 0x80,
  0x31, 0xEC, 0xC0, 0x10, 0x41, 0x04, 0x10, 0x41, 0x04, 0x10, 0x41, 0x00,
  0xCB, 0x20, 0x00, 0x20, 0x82, 0x08, 0x20, 0x82, 0x08, 0x20, 0x82, 0x00,
  0x11, 0x07, 0xC0, 0xE0, 0xEC, 0x01, 0x80, 0x63, 0xE9, 0xCF, 0xC0, 0xF0,
  0x3C, 0x0F, 0x03, 0x40, 0x9C, 0xE1, 0xE0, 0x39, 0x27, 0x00, 0x13, 0xCA,
  0x36, 0x0B, 0x07, 0x03, 0x81, 0xC0, 0xE0, 0x70, 0x38, 0x1C, 0x0C, 0x18,
  0x03, 0x00, 0x60, 0x00, 0x1E, 0x1C, 0xE6, 0x0B, 0x03, 0xC0, 0xF0, 0x3C,
  0x0F, 0x03, 0x61, 0x9C, 0xE1, 0xE0, 0x07, 0x01, 0x80, 0x80, 0x00, 0x1E,
  0x1C, 0xE6, 0x0B, 0x03, 0xC0, 0xF0, 0x3C, 0x0F, 0x03, 0x61, 0x9C, 0xE1,
  0xE0, 0x0C, 0x07, 0x83, 0x30, 0x00, 0x1E, 0x1C, 0xE6, 0x0B, 0x03, 0xC0,
  0xF0, 0x3C, 0x0F, 0x03, 0x61, 0x9C, 0xE1, 0xE0, 0x1C, 0x89, 0xC0, 0x00,
  0x78, 0x73, 0x98, 0x2C, 0x0F, 0x03, 0xC0, 0xF0, 0x3C, 0x0D, 0x86, 0x73,
  0x87, 0x80, 0x32, 0x0C, 0x80, 0x00, 0x00, 0x1E, 0x1C, 0xE6, 0x0B, 0x03,
  0xC0, 0xF0, 0x3C, 0x0F, 0x03, 0x61, 0x9C, 0xE1, 0xE0, 0x08, 0x06, 0x02,
  0x00, 0x00, 0x07, 0xFC, 0x00, 0x00, 0x0C, 0x06, 0x00, 0x00, 0x87, 0xA7,
  0x39, 0x8E, 0xC2, 0xF1, 0xBC, 0xCF, 0x63, 0xD0, 0xDC, 0x67, 0x39, 0x78,
  0x40, 0x00, 0x30, 0x0C, 0x03, 0x00, 0x08, 0x1C, 0x0E, 0x07, 0x03, 0x81,
  0xC0, 0xE0, 0x70, 0x3C, 0x3F, 0x3D, 0xF6, 0x0E, 0x06, 0x04, 0x00, 0x08,
  0x1C, 0x0E, 0x07, 0x03, 0x81, 0xC0, 0xE0, 0x70, 0x3C, 0x3F, 0x3D, 0xF6,
  0x18, 0x1E, 0x19, 0x80, 0x08, 0x1C, 0x0E, 0x07, 0x03, 0x81, 0xC0, 0xE0,
  0x70, 0x3C, 0x3F, 0x3D, 0xF6, 0x64, 0x32, 0x00, 0x00, 0x08, 0x1C, 0x0E,
  0x07, 0x03, 0x81, 0xC0, 0xE0, 0x70, 0x3C, 0x3F, 0x3D, 0xF6, 0x07, 0x01,
  0x80, 0x80, 0x00, 0xC0, 0xD0, 0x26, 0x19, 0x86, 0x21, 0x0C, 0xC1, 0x30,
  0x68, 0x1E, 0x03, 0x80, 0xC0, 0x30, 0x08, 0x06, 0x03, 0x03, 0x80, 0x80,
  0x40, 0x20, 0x10, 0x09, 0xE5, 0x3B, 0x07, 0x83, 0x81, 0xC0, 0xE0, 0x78,
  0x3C, 0x1F, 0x3A, 0x79, 0x00, 0x80, 0x40, 0x20, 0x10, 0x00, 0x32, 0x0C,
  0x80, 0x00, 0x00, 0xC0, 0xD0, 0x26, 0x19, 0x86, 0x21, 0x0C, 0xC1, 0x30,
  0x68, 0x1E, 0x03, 0x80, 0xC0, 0x30, 0x08, 0x06, 0x03, 0x03, 0x80 };

const GFXglyph OpenSans_Regular10pt8bGlyphs[] PROGMEM = {
  {     0,   1,   1,   5,    0,    0 },   // 0x20 ' '
  {     1,   3,  14,   5,    1,  -13 },   // 0x21 '!'
  {     7,   6,   5,   8,    1,  -13 },   // 0x22 '"'
  {    11,  11,  14,  13,    1,  -13 },   // 0x23 '#'
  {    31,   9,  16,  11,    1,  -14 },   // 0x24 '$'
  {    49,  15,  14,  17,    1,  -13 },   // 0x25 '%'
  {    76,  13,  14,  15,    1,  -13 },   // 0x26 '&'
  {    99,   2,   5,   4,    1,  -13 },   // 0x27 '''
  {   101,   4,  17,   6,    1,  -13 },   // 0x28 '('
  {   110,   4,  17,   6,    1,  -13 },   // 0x29 ')'
  {   119,   9,   9,  11,    1,  -14 },   // 0x2A '*'
  {   130,   9,   9,  11,    1,  -10 },   // 0x2B '+'
  {   141,   3,   5,   5,    1,   -1 },   // 0x2C ','
  {   143,   5,   1,   6,    1,   -5 },   // 0x2D '-'
  {   144,   3,   3,   5,    1,   -2 },   // 0x2E '.'
  {   146,   7,  14,   7,    0,  -13 },   // 0x2F '/'
  {   159,   9,  14,  11,    1,  -13 },   // 0x30 '0'
  {   175,   5,  14,  11,    2,  -13 },   // 0x31 '1'
  {   184,   9,  14,  11,    1,  -13 },   // 0x32 '2'
  {   200,   9,  14,  11,    1,  -13 },   // 0x33 '3'
  {   216,  11,  14,  11,    0,  -13 },   // 0x34 '4'
  {   236,   9,  14,  11,    1,  -13 },   // 0x35 '5'
  {   252,   9,  14,  11,    1,  -13 },   // 0x36 '6'
  {   268,   9,  14,  11,    1,  -13 },   // 0x37 '7'
  {   284,   9,  14,  11,    1,  -13 },   // 0x38 '8'
  {   300,   9,  14,  11,    1,  -13 },   // 0x39 '9'
  {   316,   3,  11,   5,    1,  -10 },   // 0x3A ':'
  {   321,   3,  14,   5,    1,  -10 },   // 0x3B ';'
  {   327,   9,  10,  11,    1,  -11 },   // 0x3C '<'
  {   339,   9,   5,  11,    1,   -9 },   // 0x3D '='
  {   345,   9,  10,  11,    1,  -11 },   // 0x3E '>'
  {   357,   8,  14,   9,    0,  -13 },   // 0x3F '?'
  {   371,  16,  16,  18,    1,  -13 },   // 0x40 '@'
  {   403,  13,  14,  13,    0,  -13 },   // 0x41 'A'
  {   426,  10,  14,  13,    2,  -13 },   // 0x42 'B'
  {   444,  11,  14,  13,    1,  -13 },   // 0x43 'C'
  {   464,  11,  14,  15,    2,  -13 },   // 0x44 'D'
  {   484,   8,  14,  11,    2,  -13 },   // 0x45 'E'
  {   498,   8,  14,  10,    2,  -13 },   // 0x46 'F'
  {   512,  12,  14,  15,    1,  -13 },   // 0x47 'G'
  {   533,  11,  14,  15,    2,  -13 },   // 0x48 'H'
  {   553,   2,  14,   6,    2,  -13 },   // 0x49 'I'
  {   557,   6,  18,   5,   -2,  -13 },   // 0x4A 'J'
  {   571,  10,  14,  12,    2,  -13 },   // 0x4B 'K'
  {   589,   8,  14,  10,    2,  -13 },   // 0x4C 'L'
  {   603,  14,  14,  18,    2,  -13 },   // 0x4D 'M'
  {   628,  11,  14,  15,    2,  -13 },   // 0x4E 'N'
  {   648,  13,  14,  16,    1,  -13 },   // 0x4F 'O'
  {   671,   9,  14,  12,    2,  -13 },   // 0x50 'P'
  {   687,  13,  17,  16,    1,  -13 },   // 0x51 'Q'
  {   715,  10,  14,  12,    2,  -13 },   // 0x52 'R'
  {   733,   9,  14,  11,    1,  -13 },   // 0x53 'S'
  {   749,  11,  14,  11,    0,  -13 },   // 0x54 'T'
  {   769,  11,  14,  15,    2,  -13 },   // 0x55 'U'
  {   789,  12,  14,  12,    0,  -13 },   // 0x56 'V'
  {   810,  18,  14,  18,    0,  -13 },   // 0x57 'W'
  {   842,  11,  14,  12,    0,  -13 },   // 0x58 'X'
  {   862,  11,  14,  11,    0,  -13 },   // 0x59 'Y'
  {   882,  10,  14,  11,    1,  -13 },   // 0x5A 'Z'
  {   900,   4,  17,   7,    2,  -13 },   // 0x5B '['
  {   909,   7,  14,   7,    0,  -13 },   // 0x5C '\'
  {   922,   5,  17,   7,    0,  -13 },   // 0x5D ']'
  {   933,  10,   9,  11,    1,  -13 },   // 0x5E '^'
  {   945,   9,   1,   9,    0,    3 },   // 0x5F '_'
  {   947,   4,   3,   6,    1,  -14 },   // 0x60 '`'
  {   949,   8,  11,  11,    1,  -10 },   // 0x61 'a'
  {   960,   9,  15,  12,    2,  -14 },   // 0x62 'b'
  {   977,   8,  11,  10,    1,  -10 },   // 0x63 'c'
  {   988,  10,  15,  12,    1,  -14 },   // 0x64 'd'
  {  1007,   9,  11,  11,    1,  -10 },   // 0x65 'e'
  {  1020,   8,  15,   7,    0,  -14 },   // 0x66 'f'
  {  1035,  10,  16,  11,    0,  -10 },   // 0x67 'g'
  {  1055,   9,  15,  12,    2,  -14 },   // 0x68 'h'
  {  1072,   2,  15,   5,    2,  -14 },   // 0x69 'i'
  {  1076,   5,  20,   5,   -1,  -14 },   // 0x6A 'j'
  {  1089,   8,  15,  11,    2,  -14 },   // 0x6B 'k'
  {  1104,   1,  15,   5,    2,  -14 },   // 0x6C 'l'
  {  1106,  15,  11,  19,    2,  -10 },   // 0x6D 'm'
  {  1127,   9,  11,  12,    2,  -10 },   // 0x6E 'n'
  {  1140,  10,  11,  12,    1,  -10 },   // 0x6F 'o'
  {  1154,   9,  16,  12,    2,  -10 },   // 0x70 'p'
  {  1172,  10,  16,  12,    1,  -10 },   // 0x71 'q'
  {  1192,   6,  11,   8,    2,  -10 },   // 0x72 'r'
  {  1201,   8,  11,  10,    1,  -10 },   // 0x73 's'
  {  1212,   7,  13,   7,    0,  -12 },   // 0x74 't'
  {  1224,   9,  11,  12,    2,  -10 },   // 0x75 'u'
  {  1237,  10,  11,  10,    0,  -10 },   // 0x76 'v'
  {  1251,  15,  11,  16,    0,  -10 },   // 0x77 'w'
  {  1272,  10,  11,  10,    0,  -10 },   // 0x78 'x'
  {  1286,  10,  16,  10,    0,  -10 },   // 0x79 'y'
  {  1306,   8,  11,   9,    1,  -10 },   // 0x7A 'z'
  {  1317,   6,  17,   8,    1,  -13 },   // 0x7B '{'
  {  1330,   1,  20,  11,    5,  -14 },   // 0x7C '|'
  {  1333,   6,  17,   8,    1,  -13 },   // 0x7D '}'
  {  1346,   9,   3,  11,    1,   -8 },   // 0x7E '~'
  {  1350,   1,   1,  12,    0,    0 },   // 0x7F
  {  1351,   1,   1,  12,    0,    0 },   // 0x80
  {  1352,   1,   1,  12,    0,    0 },   // 0x81
  {  1353,   1,   1,  12,    0,    0 },   // 0x82
  {  1354,   1,   1,  12,    0,    0 },   // 0x83
  {  1355,   1,   1,  12,    0,    0 },   // 0x84
  {  1356,   1,   1,  12,    0,    0 },   // 0x85
  {  1357,   1,   1,  12,    0,    0 },   // 0x86
  {  1358,   1,   1,  12,    0,    0 },   // 0x87
  {  1359,   1,   1,  12,    0,    0 },   // 0x88
  {  1360,   1,   1,  12,    0,    0 },   // 0x89
  {  1361,   1,   1,  12,    0,    0 },   // 0x8A
  {  1362,   1,   1,  12,    0,    0 },   // 0x8B
  {  1363,   1,   1,  12,    0,    0 },   // 0x8C
  {  1364,   1,   1,  12,    0,    0 },   // 0x8D
  {  1365,   1,   1,  12,    0,    0 },   // 0x8E
  {  1366,   1,   1,  12,    0,    0 },   // 0x8F
  {  1367,   1,   1,  12,    0,    0 },   // 0x90
  {  1368,   1,   1,  12,    0,    0 },   // 0x91
  {  1369,   1,   1,  12,    0,    0 },   // 0x92
  {  1370,   1,   1,  12,    0,    0 },   // 0x93
  {  1371,   1,   1,  12,    0,    0 },   // 0x94
  {  1372,   1,   1,  12,    0,    0 },   // 0x95
  {  1373,   1,   1,  12,    0,    0 },   // 0x96
  {  1374,   1,   1,  12,    0,    0 },   // 0x97
  {  1375,   1,   1,  12,    0,    0 },   // 0x98
  {  1376,   1,   1,  12,    0,    0 },   // 0x99
  {  1377,   1,   1,  12,    0,    0 },   // 0x9A
  {  1378,   1,   1,  12,    0,    0 },   // 0x9B
  {  1379,   1,   1,  12,    0,    0 },   // 0x9C
  {  1380,   1,   1,  12,    0,    0 },   // 0x9D
  {  1381,   1,   1,  12,    0,    0 },   // 0x9E
  {  1382,   1,   1,  12,    0,    0 },   // 0x9F
  {  1383,   1,   1,   5,    0,    0 },   // 0xA0
  {  1384,   3,  15,   5,    1,  -10 },   // 0xA1
  {  1390,   8,  15,  11,    2,  -14 },   // 0xA2
  {  1405,  10,  14,  11,    1,  -13 },   // 0xA3
  {  1423,   9,  10,  11,    1,  -11 },   // 0xA4
  {  1435,  11,  14,  11,    0,  -13 },   // 0xA5
  {  1455,   1,  20,  11,    5,  -14 },   // 0xA6
  {  1458,   8,  15,  10,    1,  -14 },   // 0xA7
  {  1473,   6,   2,  12,    3,  -14 },   // 0xA8
  {  1475,  15,  14,  17,    1,  -13 },   // 0xA9
  {  1502,   5,   7,   7,    1,  -13 },   // 0xAA
  {  1507,   8,   8,  10,    1,   -8 },   // 0xAB
  {  1515,   9,   5,  11,    1,   -7 },   // 0xAC
  {  1521,   5,   1,   6,    1,   -5 },   // 0xAD
  {  1522,  15,  14,  17,    1,  -13 },   // 0xAE
  {  1549,  10,   1,  10,    0,  -15 },   // 0xAF
  {  1551,   6,   6,   9,    1,  -13 },   // 0xB0
  {  1556,   9,  11,  11,    1,  -10 },   // 0xB1
  {  1569,   6,   9,   7,    0,  -16 },   // 0xB2
  {  1576,   6,   9,   7,    0,  -16 },   // 0xB3
  {  1583,   4,   3,   6,    1,  -14 },   // 0xB4
  {  1585,   9,  16,  12,    2,  -10 },   // 0xB5
  {  1603,  10,  18,  13,    1,  -14 },   // 0xB6
  {  1626,   3,   3,   5,    1,   -8 },   // 0xB7
  {  1628,   4,   5,   4,    0,    1 },   // 0xB8
  {  1631,   4,   9,   7,    1,  -16 },   // 0xB9
  {  1636,   6,   7,   7,    1,  -13 },   // 0xBA
  {  1642,   8,   8,  10,    1,   -8 },   // 0xBB
  {  1650,  14,  14,  15,    1,  -13 },   // 0xBC
  {  1675,  15,  14,  15,    0,  -13 },   // 0xBD
  {  1702,  15,  14,  16,    0,  -13 },   // 0xBE
  {  1729,   7,  15,   9,    1,  -10 },   // 0xBF
  {  1743,  13,  19,  13,    0,  -18 },   // 0xC0
  {  1774,  13,  19,  13,    0,  -18 },   // 0xC1
  {  1805,  13,  19,  13,    0,  -18 },   // 0xC2
  {  1836,  13,  18,  13,    0,  -17 },   // 0xC3
  {  1866,  13,  19,  13,    0,  -18 },   // 0xC4
  {  1897,  13,  17,  13,    0,  -16 },   // 0xC5
  {  1925,  16,  14,  17,    0,  -13 },   // 0xC6
  {  1953,  11,  19,  13,    1,  -13 },   // 0xC7
  {  1980,   8,  19,  11,    2,  -18 },   // 0xC8
  {  1999,   8,  19,  11,    2,  -18 },   // 0xC9
  {  2018,   8,  19,  11,    2,  -18 },   // 0xCA
  {  2037,   8,  19,  11,    2,  -18 },   // 0xCB
  {  2056,   4,  19,   6,    0,  -18 },   // 0xCC
  {  2066,   4,  19,   6,    2,  -18 },   // 0xCD
  {  2076,   6,  19,   6,    0,  -18 },   // 0xCE
  {  2091,   6,  19,   6,    0,  -18 },   // 0xCF
  {  2106,  12,  14,  15,    1,  -13 },   // 0xD0
  {  2127,  11,  18,  15,    2,  -17 },   // 0xD1
  {  2152,  13,  19,  16,    1,  -18 },   // 0xD2
  {  2183,  13,  19,  16,    1,  -18 },   // 0xD3
  {  2214,  13,  19,  16,    1,  -18 },   // 0xD4
  {  2245,  13,  18,  16,    1,  -17 },   // 0xD5
  {  2275,  13,  19,  16,    1,  -18 },   // 0xD6
  {  2306,   9,   9,  11,    1,  -11 },   // 0xD7
  {  2317,  13,  16,  16,    1,  -14 },   // 0xD8
  {  2343,  11,  19,  15,    2,  -18 },   // 0xD9
  {  2370,  11,  19,  15,    2,  -18 },   // 0xDA
  {  2397,  11,  19,  15,    2,  -18 },   // 0xDB
  {  2424,  11,  19,  15,    2,  -18 },   // 0xDC
  {  2451,  11,  19,  11,    0,  -18 },   // 0xDD
  {  2478,   9,  14,  12,    2,  -13 },   // 0xDE
  {  2494,  10,  15,  12,    2,  -14 },   // 0xDF
  {  2513,   8,  15,  11,    1,  -14 },   // 0xE0
  {  2528,   8,  15,  11,    1,  -14 },   // 0xE1
  {  2543,   8,  15,  11,    1,  -14 },   // 0xE2
  {  2558,   8,  14,  11,    1,  -13 },   // 0xE3
  {  2572,   8,  15,  11,    1,  -14 },   // 0xE4
  {  2587,   8,  16,  11,    1,  -15 },   // 0xE5
  {  2603,  15,  11,  17,    1,  -10 },   // 0xE6
  {  2624,   8,  16,  10,    1,  -10 },   // 0xE7
  {  2640,   9,  15,  11,    1,  -14 },   // 0xE8
  {  2657,   9,  15,  11,    1,  -14 },   // 0xE9
  {  2674,   9,  15,  11,    1,  -14 },   // 0xEA
  {  2691,   9,  15,  11,    1,  -14 },   // 0xEB
  {  2708,   4,  15,   5,    0,  -14 },   // 0xEC
  {  2716,   4,  15,   5,    2,  -14 },   // 0xED
  {  2724,   6,  15,   5,   -1,  -14 },   // 0xEE
  {  2736,   6,  15,   5,    0,  -14 },   // 0xEF
  {  2748,  10,  15,  12,    1,  -14 },   // 0xF0
  {  2767,   9,  14,  12,    2,  -13 },   // 0xF1
  {  2783,  10,  15,  12,    1,  -14 },   // 0xF2
  {  2802,  10,  15,  12,    1,  -14 },   // 0xF3
  {  2821,  10,  15,  12,    1,  -14 },   // 0xF4
  {  2840,  10,  14,  12,    1,  -13 },   // 0xF5
  {  2858,  10,  15,  12,    1,  -14 },   // 0xF6
  {  2877,   9,  10,  11,    1,  -11 },   // 0xF7
  {  2889,  10,  13,  12,    1,  -11 },   // 0xF8
  {  2906,   9,  15,  12,    2,  -14 },   // 0xF9
  {  2923,   9,  15,  12,    2,  -14 },   // 0xFA
  {  2940,   9,  15,  12,    2,  -14 },   // 0xFB
  {  2957,   9,  15,  12,    2,  -14 },   // 0xFC
  {  2974,  10,  20,  10,    0,  -14 },   // 0xFD
  {  2999,   9,  20,  12,    2,  -14 },   // 0xFE
  {  3022,  10,  20,  10,    0,  -14 } }; // 0xFF

const GFXfont OpenSans_Regular10pt8b PROGMEM = {
  (uint8_t  *)OpenSans_Regular10pt8bBitmaps,
  (GFXglyph *)OpenSans_Regular10pt8bGlyphs,
  0x20, 0xFF, 27 };

// Approx. 4622 bytes

const uint8_t OpenSans_Regular11pt8bBitmaps[] PROGMEM = {
  0x00, 0xFF, 0xFF, 0xFC, 0x3F, 0xCD, 0x34, 0x51, 0x45, 0x10, 0x0C, 0x60,
  0x62, 0x02, 0x10, 0x10, 0x80, 0x8C, 0x7F, 0xFC, 0x62, 0x03, 0x10, 0x10,
  0x80, 0x8C, 0x3F, 0xFC, 0x63, 0x03, 0x10, 0x10, 0x80, 0x8C, 0x04, 0x60,
  0x04, 0x01, 0x03, 0xF9, 0xFE, 0x44, 0x31, 0x0C, 0x41, 0xD0, 0x3E, 0x03,
  0xE0, 0x5C, 0x13, 0x04, 0xC1, 0x3F, 0xF9, 0xFC, 0x04, 0x01, 0x00, 0x38,
  0x18, 0x6C, 0x10, 0xC4, 0x30, 0xC4, 0x20, 0xC6, 0x60, 0xC6, 0x40, 0xC4,
  0xDE, 0xC4, 0xB2, 0x6D, 0xA3, 0x3B, 0x21, 0x03, 0x21, 0x06, 0x21, 0x04,
  0x21, 0x0C, 0x23, 0x08, 0x32, 0x18, 0x1E, 0x1F, 0x00, 0x77, 0x00, 0xC2,
  0x01, 0x04, 0x03, 0x18, 0x06, 0x70, 0x07, 0xC0, 0x0E, 0x00, 0x36, 0x0C,
  0xC6, 0x1B, 0x07, 0x66, 0x07, 0xCC, 0x07, 0x0C, 0x1F, 0x1F, 0xF6, 0x1F,
  0x86, 0xD5, 0x50, 0x11, 0x98, 0xC4, 0x63, 0x18, 0xC6, 0x31, 0x8C, 0x61,
  0x0C, 0x61, 0x84, 0xC2, 0x18, 0x43, 0x18, 0x42, 0x18, 0xC6, 0x31, 0x18,
  0xC6, 0x62, 0x30, 0x0C, 0x03, 0x00, 0xC3, 0x33, 0xFF, 0xC3, 0x01, 0xE0,
  0x4C, 0x33, 0x08, 0x40, 0x04, 0x01, 0x00, 0x40, 0x10, 0x04, 0x3F, 0xF0,
  0x40, 0x10, 0x04, 0x01, 0x00, 0x40, 0x6D, 0x68, 0xFF, 0xC0, 0xFC, 0x03,
  0x02, 0x06, 0x06, 0x0C, 0x0C, 0x08, 0x18, 0x18, 0x10, 0x30, 0x30, 0x20,
  0x60, 0x60, 0xC0, 0x1F, 0x0F, 0xE6, 0x19, 0x83, 0xC0, 0xF0, 0x1C, 0x07,
  0x01, 0xC0, 0x70, 0x1C, 0x07, 0x03, 0x60, 0xD8, 0x63, 0xF8, 0x7C, 0x1C,
  0xFE, 0xD3, 0x0C, 0x30, 0xC3, 0x0C, 0x30, 0xC3, 0x0C, 0x30, 0xC3, 0x3F,
  0x1F, 0xE4, 0x18, 0x03, 0x00, 0xC0, 0x30, 0x18, 0x06, 0x03, 0x01, 0x80,
  0xC0, 0x60, 0x30, 0x18, 0x0F, 0xFF, 0xFF, 0x3F, 0x3F, 0xE4, 0x0C, 0x03,
  0x00, 0xC0, 0x63, 0xF0, 0xFC, 0x01, 0x80, 0x30, 0x0C, 0x03, 0x00, 0xC0,
  0x3F, 0xF9, 0xF8, 0x00, 0xC0, 0x1C, 0x03, 0xC0, 0x6C, 0x04, 0xC0, 0xCC,
  0x18, 0xC1, 0x0C, 0x30, 0xC6, 0x0C, 0xFF, 0xFF, 0xFF, 0x00, 0xC0, 0x0C,
  0x00, 0xC0, 0x0C, 0x7F, 0x9F, 0xE6, 0x01, 0x80, 0x60, 0x18, 0x07, 0xF1,
  0xFE, 0x00, 0xC0, 0x30, 0x0C, 0x03, 0x00, 0xE0, 0x7F, 0xF9, 0xF8, 0x0F,
  0x83, 0xD0, 0xC0, 0x30, 0x06, 0x00, 0x80, 0x33, 0xC7, 0xCE, 0xE0, 0xD8,
  0x0B, 0x01, 0xE0, 0x26, 0x0C, 0xC1, 0x8F, 0xE0, 0xF8, 0xFF, 0xFF, 0xF0,
  0x0C, 0x03, 0x01, 0x80, 0x60, 0x30, 0x0C, 0x06, 0x01, 0x80, 0x40, 0x30,
  0x0C, 0x06, 0x01, 0x80, 0xC0, 0x1F, 0x1E, 0xE6, 0x0D, 0x03, 0x40, 0xD8,
  0x23, 0xB8, 0x78, 0x3F, 0x98, 0x7C, 0x0F, 0x01, 0xC0, 0x70, 0x37, 0x38,
  0xFC, 0x1E, 0x1F, 0xE6, 0x1B, 0x03, 0xC0, 0xF0, 0x1C, 0x0D, 0x83, 0x73,
  0x4F, 0xB0, 0x0C, 0x03, 0x01, 0x80, 0x66, 0xF1, 0xF0, 0xFC, 0x00, 0x3F,
  0x6D, 0x80, 0x00, 0x0D, 0x6D, 0x00, 0x00, 0x40, 0x70, 0x38, 0x38, 0x38,
  0x30, 0x07, 0x00, 0x70, 0x07, 0x00, 0x70, 0x04, 0xFF, 0xC0, 0x00, 0x00,
  0x00, 0xFF, 0xC0, 0x80, 0x38, 0x03, 0x80, 0x38, 0x03, 0x80, 0x30, 0x1C,
  0x3C, 0x3C, 0x38, 0x08, 0x00, 0x3E, 0x3F, 0x80, 0x60, 0x30, 0x18, 0x08,
  0x1C, 0x1C, 0x18, 0x0C, 0x06, 0x00, 0x00, 0x00, 0xC0, 0x60, 0x30, 0x03,
  0xF8, 0x07, 0x8E, 0x06, 0x01, 0xC6, 0x00, 0x26, 0x1F, 0x9B, 0x18, 0xC5,
  0x18, 0x63, 0x8C, 0x31, 0xC4, 0x10, 0xE2, 0x08, 0x71, 0x04, 0x38, 0xC6,
  0x34, 0x66, 0x93, 0x1E, 0x71, 0x80, 0x00, 0x60, 0x00, 0x1E, 0x38, 0x03,
  0xF8, 0x00, 0x03, 0x00, 0x0C, 0x00, 0x78, 0x01, 0xE0, 0x0C, 0x80, 0x33,
  0x00, 0x8C, 0x06, 0x18, 0x18, 0x60, 0xFF, 0x83, 0xFF, 0x0C, 0x0C, 0x60,
  0x19, 0x80, 0x64, 0x01, 0xB0, 0x03, 0xFF, 0x1F, 0xFB, 0x03, 0x60, 0x2C,
  0x05, 0x81, 0xBF, 0xE7, 0xFC, 0xC0, 0xD8, 0x0F, 0x01, 0xE0, 0x3C, 0x07,
  0x81, 0xFF, 0xF7, 0xF8, 0x07, 0xE1, 0xFF, 0x38, 0x07, 0x00, 0x60, 0x06,
  0x00, 0xC0, 0x0C, 0x00, 0xC0, 0x0C, 0x00, 0x60, 0x06, 0x00, 0x70, 0x03,
  0x80, 0x1F, 0xF0, 0x7E, 0xFF, 0x07, 0xFE, 0x30, 0x39, 0x80, 0xEC, 0x03,
  0x60, 0x1B, 0x00, 0x78, 0x03, 0xC0, 0x1E, 0x00, 0xF0, 0x0D, 0x80, 0x6C,
  0x07, 0x60, 0x73, 0xFF, 0x1F, 0xE0, 0xFF, 0xFF, 0xF0, 0x18, 0x0C, 0x06,
  0x03, 0xFF, 0xFF, 0xC0, 0x60, 0x30, 0x18, 0x0C, 0x06, 0x03, 0xFF, 0xFF,
  0xFF, 0xFF, 0xF0, 0x18, 0x0C, 0x06, 0x03, 0x01, 0xFE, 0xFF, 0x60, 0x30,
  0x18, 0x0C, 0x06, 0x03, 0x01, 0x80, 0x07, 0xF0, 0xFF, 0xCE, 0x00, 0xE0,
  0x06, 0x00, 0x30, 0x03, 0x00, 0x18, 0x00, 0xC0, 0xFE, 0x07, 0xD8, 0x02,
  0xC0, 0x17, 0x00, 0x9C, 0x04, 0x7F, 0xE0, 0xFE, 0xC0, 0x3C, 0x03, 0xC0,
  0x3C, 0x03, 0xC0, 0x3C, 0x03, 0xFF, 0xFF, 0xFF, 0xC0, 0x3C, 0x03, 0xC0,
  0x3C, 0x03, 0xC0, 0x3C, 0x03, 0xC0, 0x3C, 0x03, 0xFF, 0xFF, 0xFF, 0xFF,
  0x0C, 0x30, 0xC3, 0x0C, 0x30, 0xC3, 0x0C, 0x30, 0xC3, 0x0C, 0x30, 0xC3,
  0x0C, 0x3F, 0xBC, 0xC0, 0x78, 0x1B, 0x06, 0x61, 0x8C, 0x61, 0x98, 0x36,
  0x07, 0xC0, 0xEC, 0x18, 0xC3, 0x1C, 0x61, 0x8C, 0x19, 0x83, 0xB0, 0x36,
  0x03, 0xC0, 0x60, 0x30, 0x18, 0x0C, 0x06, 0x03, 0x01, 0x80, 0xC0, 0x60,
  0x30, 0x18, 0x0C, 0x06, 0x03, 0xFF, 0xFF, 0xE0, 0x07, 0xE0, 0x0F, 0xF0,
  0x0F, 0xF0, 0x0B, 0xD8, 0x1B, 0xD8, 0x1B, 0xC8, 0x33, 0xCC, 0x33, 0xCC,
  0x23, 0xC4, 0x63, 0xC6, 0x63, 0xC6, 0x43, 0xC3, 0xC3, 0xC3, 0x83, 0xC1,
  0x83, 0xC1, 0x83, 0xE0, 0x1E, 0x01, 0xF0, 0x1F, 0x01, 0xD8, 0x1C, 0xC1,
  0xCC, 0x1C, 0x61, 0xC3, 0x1C, 0x31, 0xC1, 0x9C, 0x1D, 0xC0, 0xDC, 0x07,
  0xC0, 0x7C, 0x03, 0x07, 0xE0, 0x3F, 0xE0, 0xC0, 0x63, 0x00, 0x66, 0x00,
  0xCC, 0x00, 0xF0, 0x01, 0xE0, 0x03, 0xC0, 0x07, 0x80, 0x0D, 0x80, 0x1B,
  0x00, 0x66, 0x00, 0xC6, 0x03, 0x07, 0xFC, 0x03, 0xF0, 0xFE, 0x3F, 0xEC,
  0x1F, 0x03, 0xC0, 0xF0, 0x3C, 0x0F, 0x06, 0xFF, 0xBF, 0x8C, 0x03, 0x00,
  0xC0, 0x30, 0x0C, 0x03, 0x00, 0x07, 0xE0, 0x3F, 0xE0, 0xC0, 0x63, 0x00,
  0x66, 0x00, 0xCC, 0x00, 0xF0, 0x01, 0xE0, 0x03, 0xC0, 0x07, 0x80, 0x0D,
  0x80, 0x1B, 0x00, 0x66, 0x00, 0xC6, 0x03, 0x07, 0xFC, 0x03, 0xF0, 0x00,
  0x60, 0x00, 0xE0, 0x00, 0xE0, 0x00, 0xC0, 0xFF, 0x1F, 0xF3, 0x03, 0x60,
  0x6C, 0x0D, 0x81, 0xB0, 0x77, 0xFC, 0xFE, 0x18, 0x43, 0x0C, 0x60, 0xCC,
  0x19, 0x81, 0xB0, 0x36, 0x03, 0x1F, 0x9F, 0xE6, 0x03, 0x00, 0xC0, 0x18,
  0x07, 0x00, 0xF0, 0x0F, 0x00, 0x60, 0x0C, 0x03, 0x00, 0xC0, 0x3F, 0xF9,
  0xF8, 0xFF, 0xFF, 0xFF, 0x06, 0x00, 0x60, 0x06, 0x00, 0x60, 0x06, 0x00,
  0x60, 0x06, 0x00, 0x60, 0x06, 0x00, 0x60, 0x06, 0x00, 0x60, 0x06, 0x00,
  0x60, 0xC0, 0x3C, 0x03, 0xC0, 0x3C, 0x03, 0xC0, 0x3C, 0x03, 0xC0, 0x3C,
  0x03, 0xC0, 0x3C, 0x03, 0xC0, 0x3C, 0x03, 0xC0, 0x36, 0x06, 0x3F, 0xC1,
  0xF8, 0xC0, 0x1A, 0x00, 0xD8, 0x0C, 0xC0, 0x62, 0x03, 0x18, 0x30, 0xC1,
  0x83, 0x08, 0x18, 0xC0, 0xC6, 0x03, 0x20, 0x1B, 0x00, 0xD8, 0x02, 0x80,
  0x1C, 0x00, 0xE0, 0xC0, 0x60, 0x36, 0x06, 0x03, 0x60, 0xF0, 0x66, 0x0F,
  0x06, 0x60, 0xD0, 0x63, 0x09, 0x86, 0x31, 0x98, 0xC3, 0x19, 0x8C, 0x11,
  0x0C, 0xC1, 0xB0, 0xC8, 0x1B, 0x0D, 0x81, 0xB0, 0x58, 0x0A, 0x07, 0x80,
  0xA0, 0x70, 0x0E, 0x03, 0x00, 0xC0, 0x30, 0x60, 0x33, 0x03, 0x0C, 0x18,
  0x31, 0x81, 0x88, 0x06, 0xC0, 0x1C, 0x00, 0xC0, 0x07, 0x00, 0x6C, 0x02,
  0x60, 0x31, 0x83, 0x0C, 0x18, 0x31, 0x80, 0xD8, 0x06, 0xC0, 0x36, 0x02,
  0x60, 0x63, 0x04, 0x30, 0xC1, 0x98, 0x19, 0x80, 0xF0, 0x07, 0x00, 0x60,
  0x06, 0x00, 0x60, 0x06, 0x00, 0x60, 0x06, 0x00, 0x60, 0xFF, 0xFF, 0xF8,
  0x03, 0x00, 0xC0, 0x30, 0x06, 0x01, 0x80, 0x70, 0x0C, 0x03, 0x00, 0x60,
  0x18, 0x06, 0x00, 0xC0, 0x3F, 0xFF, 0xFF, 0xFE, 0x31, 0x8C, 0x63, 0x18,
  0xC6, 0x31, 0x8C, 0x63, 0x18, 0xC6, 0x3E, 0xC0, 0x60, 0x60, 0x20, 0x30,
  0x30, 0x10, 0x18, 0x18, 0x08, 0x0C, 0x0C, 0x06, 0x06, 0x02, 0x03, 0xF1,
  0x11, 0x11, 0x11, 0x11, 0x11, 0x11, 0x11, 0x11, 0xF0, 0x0C, 0x01, 0x80,
  0x78, 0x09, 0x03, 0x30, 0x42, 0x08, 0x63, 0x04, 0x40, 0xD8, 0x08, 0xFF,
  0xC0, 0xC6, 0x21, 0x3F, 0x39, 0xC0, 0x60, 0x10, 0x08, 0xFD, 0xC3, 0x81,
  0xC1, 0xE0, 0xFD, 0xA7, 0x90, 0xC0, 0x30, 0x0C, 0x03, 0x00, 0xC0, 0x37,
  0xCF, 0xFB, 0x87, 0xC0, 0xF0, 0x3C, 0x0F, 0x03, 0xC0, 0xF0, 0x3C, 0x1E,
  0xFE, 0x9F, 0x00, 0x1F, 0x9F, 0x98, 0x0C, 0x0C, 0x06, 0x03, 0x01, 0x80,
  0x60, 0x30, 0x0F, 0xE3, 0xE0, 0x00, 0x60, 0x0C, 0x01, 0x80, 0x30, 0x06,
  0x3C, 0xCE, 0xFB, 0x07, 0x40, 0xF8, 0x0F, 0x01, 0xE0, 0x3C, 0x06, 0x80,
  0xD8, 0x39, 0xDF, 0x1E, 0x60, 0x1F, 0x0E, 0xE6, 0x0D, 0x03, 0xC0, 0xFF,
  0xFC, 0x03, 0x00, 0x60, 0x18, 0x03, 0xFC, 0x7E, 0x0F, 0x1D, 0x10, 0x30,
  0x30, 0xFE, 0x30, 0x30, 0x30, 0x30, 0x30, 0x30, 0x30, 0x30, 0x30, 0x30,
  0x30, 0x1F, 0xF3, 0x9C, 0x20, 0xC6, 0x0C, 0x60, 0xC6, 0x0C, 0x39, 0x81,
  0xF0, 0x30, 0x03, 0x00, 0x3F, 0xC3, 0xFE, 0x40, 0x6C, 0x02, 0xC0, 0x67,
  0x1C, 0x3F, 0x80, 0xC0, 0x30, 0x0C, 0x03, 0x00, 0xC0, 0x37, 0xCF, 0xFB,
  0x86, 0xC0, 0xF0, 0x3C, 0x0F, 0x03, 0xC0, 0xF0, 0x3C, 0x0F, 0x03, 0xC0,
  0xC0, 0xF0, 0xFF, 0xFF, 0xFF, 0x18, 0xC0, 0x01, 0x8C, 0x63, 0x18, 0xC6,
  0x31, 0x8C, 0x63, 0x18, 0xC7, 0xEE, 0x00, 0xC0, 0x60, 0x30, 0x18, 0x0C,
  0x06, 0x1F, 0x0D, 0x8C, 0xCC, 0x6C, 0x3E, 0x1F, 0x0C, 0xC6, 0x33, 0x1D,
  0x86, 0xC1, 0x80, 0xFF, 0xFF, 0xFF, 0xFF, 0xC0, 0x9E, 0x3E, 0x7F, 0xFF,
  0xB0, 0x70, 0xD8, 0x30, 0x3C, 0x18, 0x1E, 0x0C, 0x0F, 0x06, 0x07, 0x83,
  0x03, 0xC1, 0x81, 0xE0, 0xC0, 0xF0, 0x60, 0x78, 0x30, 0x30, 0x9F, 0x3F,
  0xEE, 0x1B, 0x03, 0xC0, 0xF0, 0x3C, 0x0F, 0x03, 0xC0, 0xF0, 0x3C, 0x0F,
  0x03, 0x1F, 0x07, 0xF1, 0x83, 0x20, 0x3C, 0x07, 0x80, 0xF0, 0x1E, 0x03,
  0x40, 0x6C, 0x18, 0xEE, 0x0F, 0x80, 0x9F, 0x3F, 0xEE, 0x1F, 0x03, 0xC0,
  0xF0, 0x3C, 0x0F, 0x03, 0xC0, 0xF8, 0x7F, 0xFB, 0x7C, 0xC0, 0x30, 0x0C,
  0x03, 0x00, 0xC0, 0x00, 0x1E, 0x67, 0x7D, 0x83, 0xA0, 0x7C, 0x07, 0x80,
  0xF0, 0x1E, 0x03, 0x40, 0xEC, 0x1C, 0xED, 0x8F, 0x30, 0x06, 0x00, 0xC0,
  0x18, 0x03, 0x00, 0x60, 0x9F, 0x7B, 0x86, 0x0C, 0x18, 0x30, 0x60, 0xC1,
  0x83, 0x06, 0x00, 0x3F, 0x3B, 0xB0, 0x18, 0x0E, 0x01, 0xE0, 0x3C, 0x06,
  0x01, 0x00, 0xB9, 0xCF, 0xC0, 0x10, 0x60, 0xC7, 0xF3, 0x06, 0x0C, 0x18,
  0x30, 0x60, 0xC1, 0x83, 0x07, 0x47, 0x80, 0xC0, 0xF0, 0x3C, 0x0F, 0x03,
  0xC0, 0xF0, 0x3C, 0x0F, 0x03, 0xC1, 0xF0, 0x7F, 0x7C, 0xF3, 0xC0, 0x68,
  0x09, 0x83, 0x30, 0x63, 0x18, 0x63, 0x0C, 0x60, 0xD8, 0x1B, 0x01, 0x40,
  0x38, 0x07, 0x00, 0xC1, 0xC1, 0xA0, 0xE0, 0x98, 0x50, 0xCC, 0x2C, 0x66,
  0x36, 0x31, 0x99, 0x10, 0xC8, 0x98, 0x6C, 0x6C, 0x16, 0x34, 0x0A, 0x0A,
  0x07, 0x07, 0x03, 0x83, 0x80, 0x60, 0x66, 0x18, 0xC6, 0x0C, 0x80, 0xF0,
  0x1C, 0x03, 0x80, 0x58, 0x19, 0x86, 0x31, 0x83, 0x30, 0x30, 0xC0, 0x6C,
  0x09, 0x83, 0x30, 0x63, 0x18, 0x63, 0x04, 0x60, 0xD8, 0x1B, 0x01, 0x40,
  0x38, 0x03, 0x00, 0xC0, 0x18, 0x06, 0x05, 0xC0, 0xF0, 0x00, 0xFF, 0x03,
  0x02, 0x06, 0x0C, 0x08, 0x18, 0x30, 0x60, 0x60, 0xC0, 0xFF, 0x0E, 0x38,
  0xC1, 0x83, 0x06, 0x0C, 0x18, 0xE1, 0x80, 0xC1, 0x83, 0x06, 0x0C, 0x18,
  0x30, 0x38, 0x38, 0xFF, 0xFF, 0xFF, 0xFF, 0xFF, 0xF0, 0xC1, 0xE0, 0xC1,
  0x83, 0x06, 0x0C, 0x18, 0x1C, 0x1C, 0x61, 0x83, 0x06, 0x0C, 0x18, 0x31,
  0xC3, 0x00, 0x78, 0x37, 0xB8, 0x38, 0x00, 0x00, 0x00, 0x00, 0x00, 0x00,
  0x00, 0x00, 0x00, 0x00, 0x00, 0x00, 0x00, 0x00, 0x00, 0x00, 0x00, 0x00,
  0x00, 0x00, 0x00, 0x00, 0x00, 0x00, 0x00, 0x00, 0x00, 0x00, 0x00, 0x00,
  0x00, 0x00, 0x00, 0x00, 0xFC, 0x2F, 0xFF, 0xFF, 0x0C, 0x06, 0x07, 0xCF,
  0xE6, 0x06, 0x03, 0x01, 0x80, 0xC0, 0x60, 0x30, 0x0C, 0x07, 0xF0, 0xF8,
  0x30, 0x18, 0x0F, 0x83, 0xB8, 0xC0, 0x18, 0x03, 0x00, 0x60, 0x0C, 0x01,
  0x80, 0xFF, 0x06, 0x00, 0xC0, 0x18, 0x03, 0x00, 0xC0, 0x3F, 0xFF, 0xFF,
  0x40, 0x5F, 0xB3, 0x39, 0x82, 0x40, 0xD0, 0x34, 0x0D, 0x82, 0x33, 0x9F,
  0xB4, 0x04, 0x40, 0x36, 0x02, 0x20, 0x63, 0x04, 0x10, 0xC1, 0x88, 0x09,
  0x80, 0xD0, 0x07, 0x03, 0xFE, 0x06, 0x00, 0x60, 0x3F, 0xE0, 0x60, 0x06,
  0x00, 0x60, 0xFF, 0xFF, 0x00, 0x0F, 0xFF, 0xF0, 0x3F, 0x39, 0x90, 0x08,
  0x07, 0x01, 0xF1, 0x9C, 0x83, 0x41, 0xB0, 0xCE, 0xC1, 0xC0, 0x30, 0x0C,
  0x07, 0xC6, 0x7E, 0x00, 0xC7, 0x10, 0x07, 0xE0, 0x1C, 0x18, 0x30, 0x0C,
  0x63, 0xE6, 0x47, 0x22, 0xC4, 0x01, 0x8C, 0x01, 0x8C, 0x01, 0x8C, 0x01,
  0x8C, 0x01, 0xC4, 0x01, 0x47, 0x22, 0x63, 0xE6, 0x30, 0x0C, 0x1C, 0x18,
  0x07, 0xE0, 0xF8, 0x30, 0xFF, 0x8E, 0x3F, 0x40, 0x11, 0x98, 0x98, 0xCC,
  0xCC, 0xC3, 0x31, 0x8C, 0x62, 0x11, 0x80, 0xFF, 0xC0, 0x10, 0x04, 0x01,
  0x00, 0x40, 0x10, 0xFF, 0xC0, 0x07, 0xE0, 0x1C, 0x18, 0x30, 0x0C, 0x67,
  0xC6, 0x46, 0x62, 0xC6, 0x21, 0x86, 0x21, 0x86, 0x61, 0x87, 0xC1, 0x86,
  0xC1, 0xC6, 0x61, 0x46, 0x22, 0x66, 0x36, 0x30, 0x0C, 0x1C, 0x18, 0x07,
  0xE0, 0xFF, 0xE0, 0x3C, 0x8F, 0x0E, 0x1C, 0x2C, 0xCF, 0x00, 0x04, 0x01,
  0x00, 0x40, 0x10, 0x04, 0x3F, 0xF0, 0x40, 0x10, 0x04, 0x01, 0x00, 0x40,
  0x00, 0xFF, 0xC0, 0x7A, 0x20, 0xC3, 0x08, 0x43, 0x18, 0xC3, 0xF0, 0x7C,
  0x8C, 0x18, 0x23, 0x80, 0xC0, 0x83, 0x86, 0xF8, 0x36, 0x6C, 0xC0, 0xF0,
  0x3C, 0x0F, 0x03, 0xC0, 0xF0, 0x3C, 0x0F, 0x03, 0xC0, 0xF0, 0x7F, 0x7F,
  0xF3, 0xC0, 0x30, 0x0C, 0x03, 0x00, 0xC0, 0x00, 0x1F, 0xEF, 0xC5, 0xF8,
  0xFF, 0x1F, 0xE3, 0xFC, 0x7F, 0x8F, 0xF1, 0x7E, 0x2F, 0xC4, 0xF8, 0x81,
  0x10, 0x22, 0x04, 0x40, 0x88, 0x11, 0x02, 0x20, 0x44, 0x08, 0x81, 0x10,
  0xFC, 0x23, 0x86, 0x3F, 0x00, 0x37, 0x91, 0x11, 0x11, 0x11, 0x79, 0x9A,
  0x14, 0x38, 0x59, 0x9E, 0x00, 0xCC, 0x63, 0x18, 0x86, 0x61, 0x99, 0x99,
  0x89, 0x8C, 0xC4, 0x00, 0x30, 0x19, 0xA0, 0x62, 0x40, 0x80, 0x83, 0x01,
  0x04, 0x02, 0x18, 0x04, 0x60, 0x08, 0x86, 0x13, 0x1C, 0x04, 0x78, 0x18,
  0xB0, 0x62, 0x60, 0x8C, 0xC3, 0x1F, 0xC4, 0x03, 0x18, 0x06, 0x18, 0x18,
  0x78, 0x10, 0x58, 0x30, 0x18, 0x20, 0x18, 0x60, 0x18, 0xC0, 0x18, 0x9E,
  0x19, 0xB3, 0x19, 0x01, 0x03, 0x03, 0x06, 0x02, 0x04, 0x06, 0x0C, 0x0C,
  0x08, 0x18, 0x10, 0x30, 0x30, 0x3F, 0x7C, 0x06, 0x23, 0x06, 0x01, 0x82,
  0x00, 0x83, 0x03, 0x81, 0x00, 0x31, 0x80, 0x19, 0x80, 0x0C, 0x86, 0x86,
  0xC7, 0x3E, 0x47, 0x80, 0x62, 0xC0, 0x62, 0x60, 0x22, 0x30, 0x31, 0xFC,
  0x10, 0x0C, 0x18, 0x06, 0x0C, 0x1C, 0x08, 0x00, 0x00, 0x08, 0x08, 0x18,
  0x30, 0x60, 0xC0, 0x80, 0x80, 0xC0, 0xFF, 0x7E, 0x0C, 0x00, 0x18, 0x00,
  0x20, 0x00, 0x40, 0x00, 0x00, 0x0C, 0x00, 0x30, 0x01, 0xE0, 0x07, 0x80,
  0x32, 0x00, 0xCC, 0x02, 0x30, 0x18, 0x60, 0x61, 0x83, 0xFE, 0x0F, 0xFC,
  0x30, 0x31, 0x80, 0x66, 0x01, 0x90, 0x06, 0xC0, 0x0C, 0x00, 0xC0, 0x06,
  0x00, 0x18, 0x00, 0xC0, 0x00, 0x00, 0x0C, 0x00, 0x30, 0x01, 0xE0, 0x07,
  0x80, 0x32, 0x00, 0xCC, 0x02, 0x30, 0x18, 0x60, 0x61, 0x83, 0xFE, 0x0F,
  0xFC, 0x30, 0x31, 0x80, 0x66, 0x01, 0x90, 0x06, 0xC0, 0x0C, 0x07, 0x00,
  0x1C, 0x00, 0xD8, 0x06, 0x30, 0x00, 0x00, 0x0C, 0x00, 0x30, 0x01, 0xE0,
  0x07, 0x80, 0x32, 0x00, 0xCC, 0x02, 0x30, 0x18, 0x60, 0x61, 0x83, 0xFE,
  0x0F, 0xFC, 0x30, 0x31, 0x80, 0x66, 0x01, 0x90, 0x06, 0xC0, 0x0C, 0x0E,
  0x20, 0x6D, 0x81, 0x1C, 0x00, 0x00, 0x03, 0x00, 0x0C, 0x00, 0x78, 0x01,
  0xE0, 0x0C, 0x80, 0x33, 0x00, 0x8C, 0x06, 0x18, 0x18, 0x60, 0xFF, 0x83,
  0xFF, 0x0C, 0x0C, 0x60, 0x19, 0x80, 0x64, 0x01, 0xB0, 0x03, 0x0C, 0x40,
  0x31, 0x00, 0x00, 0x00, 0x00, 0x03, 0x00, 0x0C, 0x00, 0x78, 0x01, 0xE0,
  0x0C, 0x80, 0x33, 0x00, 0x8C, 0x06, 0x18, 0x18, 0x60, 0xFF, 0x83, 0xFF,
  0x0C, 0x0C, 0x60, 0x19, 0x80, 0x64, 0x01, 0xB0, 0x03, 0x03, 0x80, 0x13,
  0x00, 0x44, 0x01, 0xF0, 0x03, 0x80, 0x1E, 0x00, 0x78, 0x03, 0x20, 0x0C,
  0xC0, 0x23, 0x01, 0x86, 0x06, 0x18, 0x3F, 0xE0, 0xFF, 0xC3, 0x03, 0x18,
  0x06, 0x60, 0x19, 0x00, 0x6C, 0x00, 0xC0, 0x01, 0xFF, 0xC0, 0x7F, 0xF0,
  0x33, 0x00, 0x0C, 0xC0, 0x06, 0x30, 0x01, 0x8C, 0x00, 0xC3, 0xF8, 0x30,
  0xFE, 0x18, 0x30, 0x07, 0xFC, 0x01, 0xFF, 0x00, 0xC0, 0xC0, 0x30, 0x30,
  0x18, 0x0C, 0x06, 0x03, 0xFF, 0x00, 0xFF, 0x07, 0xE1, 0xFF, 0x38, 0x07,
  0x00, 0x60, 0x06, 0x00, 0xC0, 0x0C, 0x00, 0xC0, 0x0C, 0x00, 0x60, 0x06,
  0x00, 0x70, 0x03, 0x80, 0x1F, 0xF0, 0x7E, 0x01, 0x00, 0x38, 0x00, 0xC0,
  0x0C, 0x07, 0x80, 0x30, 0x0C, 0x02, 0x00, 0x80, 0x07, 0xFF, 0xFF, 0x80,
  0xC0, 0x60, 0x30, 0x1F, 0xFF, 0xFE, 0x03, 0x01, 0x80, 0xC0, 0x60, 0x30,
  0x1F, 0xFF, 0xF8, 0x03, 0x03, 0x01, 0x81, 0x80, 0x07, 0xFF, 0xFF, 0x80,
  0xC0, 0x60, 0x30, 0x1F, 0xFF, 0xFE, 0x03, 0x01, 0x80, 0xC0, 0x60, 0x30,
  0x1F, 0xFF, 0xF8, 0x1C, 0x0E, 0x0D, 0x8C, 0x60, 0x07, 0xFF, 0xFF, 0x80,
  0xC0, 0x60, 0x30, 0x1F, 0xFF, 0xFE, 0x03, 0x01, 0x80, 0xC0, 0x60, 0x30,
  0x1F, 0xFF, 0xF8, 0x62, 0x31, 0x00, 0x00, 0x0F, 0xFF, 0xFF, 0x01, 0x80,
  0xC0, 0x60, 0x3F, 0xFF, 0xFC, 0x06, 0x03, 0x01, 0x80, 0xC0, 0x60, 0x3F,
  0xFF, 0xF0, 0xC6, 0x21, 0x03, 0x33, 0x33, 0x33, 0x33, 0x33, 0x33, 0x33,
  0x30, 0x36, 0x6C, 0x0C, 0xCC, 0xCC, 0xCC, 0xCC, 0xCC, 0xCC, 0xCC, 0xC0,
  0x38, 0x71, 0xB6, 0x30, 0x06, 0x0C, 0x18, 0x30, 0x60, 0xC1, 0x83, 0x06,
  0x0C, 0x18, 0x30, 0x60, 0xC1, 0x83, 0x00, 0xC7, 0x10, 0x00, 0x30, 0xC3,
  0x0C, 0x30, 0xC3, 0x0C, 0x30, 0xC3, 0x0C, 0x30, 0xC3, 0x0C, 0x7F, 0x81,
  0xFF, 0x86, 0x07, 0x18, 0x0E, 0x60, 0x19, 0x80, 0x66, 0x00, 0xFF, 0x83,
  0xFE, 0x0D, 0x80, 0x36, 0x01, 0x98, 0x06, 0x60, 0x39, 0x81, 0xC7, 0xFE,
  0x1F, 0xE0, 0x1C, 0x43, 0x6C, 0x23, 0x80, 0x00, 0xE0, 0x1E, 0x01, 0xF0,
  0x1F, 0x01, 0xD8, 0x1C, 0xC1, 0xCC, 0x1C, 0x61, 0xC3, 0x1C, 0x31, 0xC1,
  0x9C, 0x1D, 0xC0, 0xDC, 0x07, 0xC0, 0x7C, 0x03, 0x06, 0x00, 0x06, 0x00,
  0x04, 0x00, 0x04, 0x00, 0x00, 0x00, 0xFC, 0x07, 0xFC, 0x18, 0x0C, 0x60,
  0x0C, 0xC0, 0x19, 0x80, 0x1E, 0x00, 0x3C, 0x00, 0x78, 0x00, 0xF0, 0x01,
  0xB0, 0x03, 0x60, 0x0C, 0xC0, 0x18, 0xC0, 0x60, 0xFF, 0x80, 0x7E, 0x00,
  0x00, 0xC0, 0x03, 0x00, 0x06, 0x00, 0x18, 0x00, 0x00, 0x00, 0xFC, 0x07,
  0xFC, 0x18, 0x0C, 0x60, 0x0C, 0xC0, 0x19, 0x80, 0x1E, 0x00, 0x3C, 0x00,
  0x78, 0x00, 0xF0, 0x01, 0xB0, 0x03, 0x60, 0x0C, 0xC0, 0x18, 0xC0, 0x60,
  0xFF, 0x80, 0x7E, 0x00, 0x03, 0x80, 0x07, 0x00, 0x1B, 0x00, 0x63, 0x00,
  0x00, 0x00, 0xFC, 0x07, 0xFC, 0x18, 0x0C, 0x60, 0x0C, 0xC0, 0x19, 0x80,
  0x1E, 0x00, 0x3C, 0x00, 0x78, 0x00, 0xF0, 0x01, 0xB0, 0x03, 0x60, 0x0C,
  0xC0, 0x18, 0xC0, 0x60, 0xFF, 0x80, 0x7E, 0x00, 0x07, 0x10, 0x1B, 0x60,
  0x23, 0x80, 0x00, 0x00, 0x7E, 0x03, 0xFE, 0x0C, 0x06, 0x30, 0x06, 0x60,
  0x0C, 0xC0, 0x0F, 0x00, 0x1E, 0x00, 0x3C, 0x00, 0x78, 0x00, 0xD8, 0x01,
  0xB0, 0x06, 0x60, 0x0C, 0x60, 0x30, 0x7F, 0xC0, 0x3F, 0x00, 0x0C, 0x40,
  0x18, 0x80, 0x00, 0x00, 0x00, 0x00, 0x7E, 0x03, 0xFE, 0x0C, 0x06, 0x30,
  0x06, 0x60, 0x0C, 0xC0, 0x0F, 0x00, 0x1E, 0x00, 0x3C, 0x00, 0x78, 0x00,
  0xD8, 0x01, 0xB0, 0x06, 0x60, 0x0C, 0x60, 0x30, 0x7F, 0xC0, 0x3F, 0x00,
  0x40, 0x58, 0x33, 0x18, 0x6C, 0x0E, 0x03, 0x81, 0xB0, 0xC6, 0x60, 0xD0,
  0x10, 0x00, 0x08, 0x0F, 0x90, 0x7F, 0xE1, 0x80, 0xC6, 0x03, 0xCC, 0x0D,
  0x98, 0x31, 0xE0, 0x43, 0xC1, 0x87, 0x86, 0x0F, 0x18, 0x1B, 0x30, 0x36,
  0xC0, 0xCF, 0x01, 0x8C, 0x06, 0x1F, 0xF8, 0x67, 0xE0, 0x40, 0x00, 0x18,
  0x00, 0xC0, 0x04, 0x00, 0x20, 0x00, 0x0C, 0x03, 0xC0, 0x3C, 0x03, 0xC0,
  0x3C, 0x03, 0xC0, 0x3C, 0x03, 0xC0, 0x3C, 0x03, 0xC0, 0x3C, 0x03, 0xC0,
  0x3C, 0x03, 0x60, 0x63, 0xFC, 0x1F, 0x80, 0x01, 0x80, 0x30, 0x03, 0x00,
  0x60, 0x00, 0x0C, 0x03, 0xC0, 0x3C, 0x03, 0xC0, 0x3C, 0x03, 0xC0, 0x3C,
  0x03, 0xC0, 0x3C, 0x03, 0xC0, 0x3C, 0x03, 0xC0, 0x3C, 0x03, 0x60, 0x63,
  0xFC, 0x1F, 0x80, 0x07, 0x00, 0x70, 0x0D, 0x81, 0x8C, 0x00, 0x0C, 0x03,
  0xC0, 0x3C, 0x03, 0xC0, 0x3C, 0x03, 0xC0, 0x3C, 0x03, 0xC0, 0x3C, 0x03,
  0xC0, 0x3C, 0x03, 0xC0, 0x3C, 0x03, 0x60, 0x63, 0xFC, 0x1F, 0x80, 0x18,
  0x81, 0x88, 0x00, 0x00, 0x00, 0xC0, 0x3C, 0x03, 0xC0, 0x3C, 0x03, 0xC0,
  0x3C, 0x03, 0xC0, 0x3C, 0x03, 0xC0, 0x3C, 0x03, 0xC0, 0x3C, 0x03, 0xC0,
  0x36, 0x06, 0x3F, 0xC1, 0xF8, 0x01, 0x80, 0x30, 0x03, 0x00, 0x60, 0x00,
  0x0C, 0x03, 0x60, 0x26, 0x06, 0x30, 0x43, 0x0C, 0x19, 0x81, 0x98, 0x0F,
  0x00, 0x70, 0x06, 0x00, 0x60, 0x06, 0x00, 0x60, 0x06, 0x00, 0x60, 0x06,
  0x00, 0xC0, 0x30, 0x0C, 0x03, 0xFC, 0xFF, 0xB0, 0x3C, 0x0F, 0x03, 0xC0,
  0xF0, 0x7F, 0xFB, 0xF8, 0xC0, 0x30, 0x0C, 0x03, 0x00, 0x3E, 0x0E, 0xF3,
  0x06, 0x60, 0xCC, 0x19, 0x86, 0x31, 0x86, 0x20, 0xC6, 0x18, 0xE3, 0x0E,
  0x60, 0x6C, 0x07, 0x80, 0xF0, 0x1E, 0xEE, 0xCF, 0x80, 0x30, 0x0C, 0x02,
  0x00, 0x80, 0x01, 0xF9, 0xCE, 0x03, 0x00, 0x80, 0x47, 0xEE, 0x1C, 0x0E,
  0x0F, 0x07, 0xED, 0x3C, 0x80, 0x03, 0x03, 0x01, 0x81, 0x80, 0x01, 0xF9,
  0xCE, 0x03, 0x00, 0x80, 0x47, 0xEE, 0x1C, 0x0E, 0x0F, 0x07, 0xED, 0x3C,
  0x80, 0x0E, 0x07, 0x06, 0xC6, 0x30, 0x01, 0xF9, 0xCE, 0x03, 0x00, 0x80,
  0x47, 0xEE, 0x1C, 0x0E, 0x0F, 0x07, 0xED, 0x3C, 0x80, 0x38, 0xB6, 0xD1,
  0xC0, 0x03, 0xF3, 0x9C, 0x06, 0x01, 0x00, 0x8F, 0xDC, 0x38, 0x1C, 0x1E,
  0x0F, 0xDA, 0x79, 0x31, 0x18, 0x80, 0x00, 0x03, 0xF3, 0x9C, 0x06, 0x01,
  0x00, 0x8F, 0xDC, 0x38, 0x1C, 0x1E, 0x0F, 0xDA, 0x79, 0x0E, 0x09, 0x84,
  0x42, 0x60, 0xE0, 0x00, 0xFC, 0xE7, 0x01, 0x80, 0x40, 0x23, 0xF7, 0x0E,
  0x07, 0x07, 0x83, 0xF6, 0x9E, 0x40, 0x3E, 0x3E, 0x39, 0xBB, 0x80, 0x70,
  0xC0, 0x30, 0x30, 0x18, 0x19, 0xFF, 0xFD, 0x86, 0x01, 0x83, 0x00, 0xC1,
  0xC0, 0x60, 0xE0, 0x19, 0x9F, 0xC7, 0x87, 0xE0, 0x1F, 0x9F, 0x98, 0x0C,
  0x0C, 0x06, 0x03, 0x01, 0x80, 0x60, 0x30, 0x0F, 0xE3, 0xE0, 0x40, 0x70,
  0x0C, 0x06, 0x1E, 0x00, 0x18, 0x03, 0x00, 0x40, 0x08, 0x00, 0x07, 0xC3,
  0xB9, 0x83, 0x40, 0xF0, 0x3F, 0xFF, 0x00, 0xC0, 0x18, 0x06, 0x00, 0xFF,
  0x1F, 0x80, 0x03, 0x01, 0x80, 0x60, 0x30, 0x00, 0x07, 0xC3, 0xB9, 0x83,
  0x40, 0xF0, 0x3F, 0xFF, 0x00, 0xC0, 0x18, 0x06, 0x00, 0xFF, 0x1F, 0x80,
  0x0E, 0x03, 0x81, 0xB0, 0xC6, 0x00, 0x07, 0xC3, 0xB9, 0x83, 0x40, 0xF0,
  0x3F, 0xFF, 0x00, 0xC0, 0x18, 0x06, 0x00, 0xFF, 0x1F, 0x80, 0x31, 0x0C,
  0x40, 0x00, 0x00, 0x1F, 0x0E, 0xE6, 0x0D, 0x03, 0xC0, 0xFF, 0xFC, 0x03,
  0x00, 0x60, 0x18, 0x03, 0xFC, 0x7E, 0xC6, 0x21, 0x03, 0x33, 0x33, 0x33,
  0x33, 0x33, 0x30, 0x36, 0x6C, 0x0C, 0xCC, 0xCC, 0xCC, 0xCC, 0xCC, 0xC0,
  0x38, 0x71, 0xB6, 0x30, 0x03, 0x06, 0x0C, 0x18, 0x30, 0x60, 0xC1, 0x83,
  0x06, 0x0C, 0x18, 0xC7, 0x10, 0x00, 0x18, 0x61, 0x86, 0x18, 0x61, 0x86,
  0x18, 0x61, 0x86, 0x18, 0x81, 0xF0, 0x1C, 0x0C, 0xC1, 0x08, 0x01, 0x87,
  0xD1, 0xDF, 0x60, 0xF8, 0x0F, 0x01, 0xE0, 0x3C, 0x06, 0x80, 0xD8, 0x31,
  0xDC, 0x1F, 0x00, 0x38, 0x9B, 0x64, 0x70, 0x00, 0x9F, 0x3F, 0xEE, 0x1B,
  0x03, 0xC0, 0xF0, 0x3C, 0x0F, 0x03, 0xC0, 0xF0, 0x3C, 0x0F, 0x03, 0x18,
  0x01, 0x80, 0x10, 0x01, 0x00, 0x00, 0x3E, 0x0F, 0xE3, 0x06, 0x40, 0x78,
  0x0F, 0x01, 0xE0, 0x3C, 0x06, 0x80, 0xD8, 0x31, 0xDC, 0x1F, 0x00, 0x01,
  0x80, 0x60, 0x0C, 0x03, 0x00, 0x00, 0x3E, 0x0F, 0xE3, 0x06, 0x40, 0x78,
  0x0F, 0x01, 0xE0, 0x3C, 0x06, 0x80, 0xD8, 0x31, 0xDC, 0x1F, 0x00, 0x0E,
  0x01, 0xC0, 0x6C, 0x18, 0xC0, 0x00, 0x3E, 0x0F, 0xE3, 0x06, 0x40, 0x78,
  0x0F, 0x01, 0xE0, 0x3C, 0x06, 0x80, 0xD8, 0x31, 0xDC, 0x1F, 0x00, 0x1C,
  0x46, 0xD8, 0x8E, 0x00, 0x01, 0xF0, 0x7F, 0x18, 0x32, 0x03, 0xC0, 0x78,
  0x0F, 0x01, 0xE0, 0x34, 0x06, 0xC1, 0x8E, 0xE0, 0xF8, 0x31, 0x06, 0x20,
  0x00, 0x00, 0x01, 0xF0, 0x7F, 0x18, 0x32, 0x03, 0xC0, 0x78, 0x0F, 0x01,
  0xE0, 0x34, 0x06, 0xC1, 0x8E, 0xE0, 0xF8, 0x0C, 0x03, 0x00, 0x40, 0x00,
  0x00, 0x3F, 0xF0, 0x00, 0x00, 0x0C, 0x03, 0x00, 0x40, 0x00, 0x43, 0xE8,
  0xFF, 0x30, 0xE4, 0x17, 0x86, 0xF1, 0x9E, 0x63, 0xC8, 0x6F, 0x0D, 0xC3,
  0x3D, 0xC7, 0xF0, 0x80, 0x00, 0x30, 0x06, 0x00, 0x80, 0x10, 0x00, 0x30,
  0x3C, 0x0F, 0x03, 0xC0, 0xF0, 0x3C, 0x0F, 0x03, 0xC0, 0xF0, 0x7C, 0x1F,
  0xDF, 0x3C, 0xC0, 0x03, 0x01, 0x80, 0x60, 0x30, 0x00, 0x30, 0x3C, 0x0F,
  0x03, 0xC0, 0xF0, 0x3C, 0x0F, 0x03, 0xC0, 0xF0, 0x7C, 0x1F, 0xDF, 0x3C,
  0xC0, 0x1C, 0x07, 0x03, 0x61, 0x8C, 0x00, 0x30, 0x3C, 0x0F, 0x03, 0xC0,
  0xF0, 0x3C, 0x0F, 0x03, 0xC0, 0xF0, 0x7C, 0x1F, 0xDF, 0x3C, 0xC0, 0x62,
  0x18, 0x80, 0x00, 0x00, 0xC0, 0xF0, 0x3C, 0x0F, 0x03, 0xC0, 0xF0, 0x3C,
  0x0F, 0x03, 0xC1, 0xF0, 0x7F, 0x7C, 0xF3, 0x03, 0x00, 0xC0, 0x18, 0x06,
  0x00, 0x01, 0x80, 0xD8, 0x13, 0x06, 0x60, 0xC6, 0x30, 0xC6, 0x08, 0xC1,
  0xB0, 0x36, 0x02, 0x80, 0x70, 0x06, 0x01, 0x80, 0x30, 0x0C, 0x0B, 0x81,
  0xE0, 0x00, 0xC0, 0x30, 0x0C, 0x03, 0x00, 0xC0, 0x37, 0xCF, 0xFB, 0x83,
  0xC0, 0xF0, 0x3C, 0x0F, 0x03, 0xC0, 0xF0, 0x3E, 0x1F, 0xFE, 0xDF, 0x30,
  0x0C, 0x03, 0x00, 0xC0, 0x30, 0x00, 0x31, 0x06, 0x20, 0x00, 0x00, 0x0C,
  0x06, 0xC0, 0x98, 0x33, 0x06, 0x31, 0x86, 0x30, 0x46, 0x0D, 0x81, 0xB0,
  0x14, 0x03, 0x80, 0x30, 0x0C, 0x01, 0x80, 0x60, 0x5C, 0x0F, 0x00 };

const GFXglyph OpenSans_Regular11pt8bGlyphs[] PROGMEM = {
  {     0,   1,   1,   6,    0,    0 },   // 0x20 ' '
  {     1,   2,  16,   6,    2,  -15 },   // 0x21 '!'
  {     5,   6,   6,   9,    1,  -15 },   // 0x22 '"'
  {    10,  13,  16,  14,    1,  -15 },   // 0x23 '#'
  {    36,  10,  18,  13,    1,  -16 },   // 0x24 '$'
  {    59,  16,  16,  18,    1,  -15 },   // 0x25 '%'
  {    91,  15,  16,  16,    1,  -15 },   // 0x26 '&'
  {   121,   2,   6,   5,    1,  -15 },   // 0x27 '''
  {   123,   5,  19,   6,    1,  -15 },   // 0x28 '('
  {   135,   5,  19,   6,    1,  -15 },   // 0x29 ')'
  {   147,  10,  10,  12,    1,  -16 },   // 0x2A '*'
  {   160,  10,  11,  13,    1,  -12 },   // 0x2B '+'
  {   174,   3,   5,   6,    1,   -2 },   // 0x2C ','
  {   176,   5,   2,   7,    1,   -6 },   // 0x2D '-'
  {   178,   2,   3,   6,    2,   -2 },   // 0x2E '.'
  {   179,   8,  16,   8,    0,  -15 },   // 0x2F '/'
  {   195,  10,  16,  13,    1,  -15 },   // 0x30 '0'
  {   215,   6,  16,  13,    2,  -15 },   // 0x31 '1'
  {   227,  10,  16,  13,    1,  -15 },   // 0x32 '2'
  {   247,  10,  16,  13,    1,  -15 },   // 0x33 '3'
  {   267,  12,  16,  13,    0,  -15 },   // 0x34 '4'
  {   291,  10,  16,  13,    1,  -15 },   // 0x35 '5'
  {   311,  11,  16,  13,    1,  -15 },   // 0x36 '6'
  {   333,  10,  16,  13,    1,  -15 },   // 0x37 '7'
  {   353,  10,  16,  13,    1,  -15 },   // 0x38 '8'
  {   373,  10,  16,  13,    1,  -15 },   // 0x39 '9'
  {   393,   2,  12,   6,    2,  -11 },   // 0x3A ':'
  {   396,   3,  14,   6,    1,  -11 },   // 0x3B ';'
  {   402,  10,  11,  13,    1,  -13 },   // 0x3C '<'
  {   416,  10,   5,  13,    1,   -9 },   // 0x3D '='
  {   423,  10,  11,  13,    1,  -13 },   // 0x3E '>'
  {   437,   9,  16,  10,    0,  -15 },   // 0x3F '?'
  {   455,  17,  18,  20,    1,  -15 },   // 0x40 '@'
  {   494,  14,  16,  14,    0,  -15 },   // 0x41 'A'
  {   522,  11,  16,  14,    2,  -15 },   // 0x42 'B'
  {   544,  12,  16,  14,    1,  -15 },   // 0x43 'C'
  {   568,  13,  16,  16,    2,  -15 },   // 0x44 'D'
  {   594,   9,  16,  12,    2,  -15 },   // 0x45 'E'
  {   612,   9,  16,  11,    2,  -15 },   // 0x46 'F'
  {   630,  13,  16,  16,    1,  -15 },   // 0x47 'G'
  {   656,  12,  16,  16,    2,  -15 },   // 0x48 'H'
  {   680,   2,  16,   6,    2,  -15 },   // 0x49 'I'
  {   684,   6,  20,   6,   -2,  -15 },   // 0x4A 'J'
  {   699,  11,  16,  13,    2,  -15 },   // 0x4B 'K'
  {   721,   9,  16,  11,    2,  -15 },   // 0x4C 'L'
  {   739,  16,  16,  20,    2,  -15 },   // 0x4D 'M'
  {   771,  12,  16,  17,    2,  -15 },   // 0x4E 'N'
  {   795,  15,  16,  17,    1,  -15 },   // 0x4F 'O'
  {   825,  10,  16,  13,    2,  -15 },   // 0x50 'P'
  {   845,  15,  20,  17,    1,  -15 },   // 0x51 'Q'
  {   883,  11,  16,  14,    2,  -15 },   // 0x52 'R'
  {   905,  10,  16,  12,    1,  -15 },   // 0x53 'S'
  {   925,  12,  16,  12,    0,  -15 },   // 0x54 'T'
  {   949,  12,  16,  16,    2,  -15 },   // 0x55 'U'
  {   973,  13,  16,  13,    0,  -15 },   // 0x56 'V'
  {   999,  20,  16,  20,    0,  -15 },   // 0x57 'W'
  {  1039,  13,  16,  13,    0,  -15 },   // 0x58 'X'
  {  1065,  12,  16,  12,    0,  -15 },   // 0x59 'Y'
  {  1089,  11,  16,  13,    1,  -15 },   // 0x5A 'Z'
  {  1111,   5,  19,   7,    2,  -15 },   // 0x5B '['
  {  1123,   8,  16,   8,    0,  -15 },   // 0x5C '\'
  {  1139,   4,  19,   7,    1,  -15 },   // 0x5D ']'
  {  1149,  11,  10,  13,    1,  -15 },   // 0x5E '^'
  {  1163,  10,   1,  10,    0,    3 },   // 0x5F '_'
  {  1165,   4,   4,   6,    1,  -16 },   // 0x60 '`'
  {  1167,   9,  12,  12,    1,  -11 },   // 0x61 'a'
  {  1181,  10,  17,  13,    2,  -16 },   // 0x62 'b'
  {  1203,   9,  12,  11,    1,  -11 },   // 0x63 'c'
  {  1217,  11,  17,  13,    1,  -16 },   // 0x64 'd'
  {  1241,  10,  12,  12,    1,  -11 },   // 0x65 'e'
  {  1256,   8,  17,   7,    0,  -16 },   // 0x66 'f'
  {  1273,  12,  17,  12,    0,  -11 },   // 0x67 'g'
  {  1299,  10,  17,  14,    2,  -16 },   // 0x68 'h'
  {  1321,   2,  16,   6,    2,  -15 },   // 0x69 'i'
  {  1325,   5,  21,   6,   -1,  -15 },   // 0x6A 'j'
  {  1339,   9,  17,  12,    2,  -16 },   // 0x6B 'k'
  {  1359,   2,  17,   6,    2,  -16 },   // 0x6C 'l'
  {  1364,  17,  12,  20,    2,  -11 },   // 0x6D 'm'
  {  1390,  10,  12,  14,    2,  -11 },   // 0x6E 'n'
  {  1405,  11,  12,  13,    1,  -11 },   // 0x6F 'o'
  {  1422,  10,  17,  13,    2,  -11 },   // 0x70 'p'
  {  1444,  11,  17,  13,    1,  -11 },   // 0x71 'q'
  {  1468,   7,  12,   9,    2,  -11 },   // 0x72 'r'
  {  1479,   9,  12,  10,    1,  -11 },   // 0x73 's'
  {  1493,   7,  15,   8,    0,  -14 },   // 0x74 't'
  {  1507,  10,  12,  14,    2,  -11 },   // 0x75 'u'
  {  1522,  11,  12,  11,    0,  -11 },   // 0x76 'v'
  {  1539,  17,  12,  17,    0,  -11 },   // 0x77 'w'
  {  1565,  11,  12,  12,    0,  -11 },   // 0x78 'x'
  {  1582,  11,  17,  11,    0,  -11 },   // 0x79 'y'
  {  1606,   8,  12,  10,    1,  -11 },   // 0x7A 'z'
  {  1618,   7,  19,   8,    1,  -15 },   // 0x7B '{'
  {  1635,   2,  22,  12,    5,  -16 },   // 0x7C '|'
  {  1641,   7,  19,   8,    1,  -15 },   // 0x7D '}'
  {  1658,  10,   3,  13,    1,   -8 },   // 0x7E '~'
  {  1662,   1,   1,  13,    0,    0 },   // 0x7F
  {  1663,   1,   1,  13,    0,    0 },   // 0x80
  {  1664,   1,   1,  13,    0,    0 },   // 0x81
  {  1665,   1,   1,  13,    0,    0 },   // 0x82
  {  1666,   1,   1,  13,    0,    0 },   // 0x83
  {  1667,   1,   1,  13,    0,    0 },   // 0x84
  {  1668,   1,   1,  13,    0,    0 },   // 0x85
  {  1669,   1,   1,  13,    0,    0 },   // 0x86
  {  1670,   1,   1,  13,    0,    0 },   // 0x87
  {  1671,   1,   1,  13,    0,    0 },   // 0x88
  {  1672,   1,   1,  13,    0,    0 },   // 0x89
  {  1673,   1,   1,  13,    0,    0 },   // 0x8A
  {  1674,   1,   1,  13,    0,    0 },   // 0x8B
  {  1675,   1,   1,  13,    0,    0 },   // 0x8C
  {  1676,   1,   1,  13,    0,    0 },   // 0x8D
  {  1677,   1,   1,  13,    0,    0 },   // 0x8E
  {  1678,   1,   1,  13,    0,    0 },   // 0x8F
  {  1679,   1,   1,  13,    0,    0 },   // 0x90
  {  1680,   1,   1,  13,    0,    0 },   // 0x91
  {  1681,   1,   1,  13,    0,    0 },   // 0x92
  {  1682,   1,   1,  13,    0,    0 },   // 0x93
  {  1683,   1,   1,  13,    0,    0 },   // 0x94
  {  1684,   1,   1,  13,    0,    0 },   // 0x95
  {  1685,   1,   1,  13,    0,    0 },   // 0x96
  {  1686,   1,   1,  13,    0,    0 },   // 0x97
  {  1687,   1,   1,  13,    0,    0 },   // 0x98
  {  1688,   1,   1,  13,    0,    0 },   // 0x99
  {  1689,   1,   1,  13,    0,    0 },   // 0x9A
  {  1690,   1,   1,  13,    0,    0 },   // 0x9B
  {  1691,   1,   1,  13,    0,    0 },   // 0x9C
  {  1692,   1,   1,  13,    0,    0 },   // 0x9D
  {  1693,   1,   1,  13,    0,    0 },   // 0x9E
  {  1694,   1,   1,  13,    0,    0 },   // 0x9F
  {  1695,   1,   1,   6,    0,    0 },   // 0xA0
  {  1696,   2,  16,   6,    2,  -11 },   // 0xA1
  {  1700,   9,  16,  13,    2,  -15 },   // 0xA2
  {  1718,  11,  16,  13,    1,  -15 },   // 0xA3
  {  1740,  10,  11,  13,    1,  -12 },   // 0xA4
  {  1754,  12,  16,  13,    0,  -15 },   // 0xA5
  {  1778,   2,  22,  12,    5,  -16 },   // 0xA6
  {  1784,   9,  17,  11,    1,  -16 },   // 0xA7
  {  1804,   6,   2,  13,    3,  -15 },   // 0xA8
  {  1806,  16,  16,  18,    1,  -15 },   // 0xA9
  {  1838,   6,   7,   8,    1,  -15 },   // 0xAA
  {  1844,   9,   9,  11,    1,   -9 },   // 0xAB
  {  1855,  10,   6,  13,    1,   -7 },   // 0xAC
  {  1863,   5,   2,   7,    1,   -6 },   // 0xAD
  {  1865,  16,  16,  18,    1,  -15 },   // 0xAE
  {  1897,  11,   1,  11,    0,  -17 },   // 0xAF
  {  1899,   7,   7,   9,    1,  -15 },   // 0xB0
  {  1906,  10,  13,  13,    1,  -12 },   // 0xB1
  {  1923,   6,  10,   8,    1,  -18 },   // 0xB2
  {  1931,   7,  10,   8,    0,  -18 },   // 0xB3
  {  1940,   4,   4,   6,    1,  -16 },   // 0xB4
  {  1942,  10,  17,  14,    2,  -11 },   // 0xB5
  {  1964,  11,  20,  14,    1,  -16 },   // 0xB6
  {  1992,   2,   3,   6,    2,   -9 },   // 0xB7
  {  1993,   5,   5,   5,    0,    1 },   // 0xB8
  {  1997,   4,  10,   8,    1,  -18 },   // 0xB9
  {  2002,   7,   7,   8,    1,  -15 },   // 0xBA
  {  2009,   9,   9,  11,    1,   -9 },   // 0xBB
  {  2020,  15,  16,  16,    1,  -15 },   // 0xBC
  {  2050,  16,  16,  17,    0,  -15 },   // 0xBD
  {  2082,  17,  16,  17,    0,  -15 },   // 0xBE
  {  2116,   8,  16,  10,    1,  -11 },   // 0xBF
  {  2132,  14,  21,  14,    0,  -20 },   // 0xC0
  {  2169,  14,  21,  14,    0,  -20 },   // 0xC1
  {  2206,  14,  21,  14,    0,  -20 },   // 0xC2
  {  2243,  14,  20,  14,    0,  -19 },   // 0xC3
  {  2278,  14,  20,  14,    0,  -19 },   // 0xC4
  {  2313,  14,  19,  14,    0,  -18 },   // 0xC5
  {  2347,  18,  16,  19,    0,  -15 },   // 0xC6
  {  2383,  12,  21,  14,    1,  -15 },   // 0xC7
  {  2415,   9,  21,  12,    2,  -20 },   // 0xC8
  {  2439,   9,  21,  12,    2,  -20 },   // 0xC9
  {  2463,   9,  21,  12,    2,  -20 },   // 0xCA
  {  2487,   9,  20,  12,    2,  -19 },   // 0xCB
  {  2510,   4,  21,   6,    0,  -20 },   // 0xCC
  {  2521,   4,  21,   6,    2,  -20 },   // 0xCD
  {  2532,   7,  21,   6,    0,  -20 },   // 0xCE
  {  2551,   6,  20,   6,    0,  -19 },   // 0xCF
  {  2566,  14,  16,  16,    1,  -15 },   // 0xD0
  {  2594,  12,  20,  17,    2,  -19 },   // 0xD1
  {  2624,  15,  21,  17,    1,  -20 },   // 0xD2
  {  2664,  15,  21,  17,    1,  -20 },   // 0xD3
  {  2704,  15,  21,  17,    1,  -20 },   // 0xD4
  {  2744,  15,  20,  17,    1,  -19 },   // 0xD5
  {  2782,  15,  20,  17,    1,  -19 },   // 0xD6
  {  2820,  10,  10,  13,    1,  -12 },   // 0xD7
  {  2833,  15,  18,  17,    1,  -16 },   // 0xD8
  {  2867,  12,  21,  16,    2,  -20 },   // 0xD9
  {  2899,  12,  21,  16,    2,  -20 },   // 0xDA
  {  2931,  12,  21,  16,    2,  -20 },   // 0xDB
  {  2963,  12,  20,  16,    2,  -19 },   // 0xDC
  {  2993,  12,  21,  12,    0,  -20 },   // 0xDD
  {  3025,  10,  16,  13,    2,  -15 },   // 0xDE
  {  3045,  11,  17,  14,    2,  -16 },   // 0xDF
  {  3069,   9,  17,  12,    1,  -16 },   // 0xE0
  {  3089,   9,  17,  12,    1,  -16 },   // 0xE1
  {  3109,   9,  17,  12,    1,  -16 },   // 0xE2
  {  3129,   9,  16,  12,    1,  -15 },   // 0xE3
  {  3147,   9,  16,  12,    1,  -15 },   // 0xE4
  {  3165,   9,  18,  12,    1,  -17 },   // 0xE5
  {  3186,  17,  12,  19,    1,  -11 },   // 0xE6
  {  3212,   9,  17,  11,    1,  -11 },   // 0xE7
  {  3232,  10,  17,  12,    1,  -16 },   // 0xE8
  {  3254,  10,  17,  12,    1,  -16 },   // 0xE9
  {  3276,  10,  17,  12,    1,  -16 },   // 0xEA
  {  3298,  10,  16,  12,    1,  -15 },   // 0xEB
  {  3318,   4,  17,   6,    0,  -16 },   // 0xEC
  {  3327,   4,  17,   6,    2,  -16 },   // 0xED
  {  3336,   7,  17,   6,   -1,  -16 },   // 0xEE
  {  3351,   6,  16,   6,   -1,  -15 },   // 0xEF
  {  3363,  11,  17,  13,    1,  -16 },   // 0xF0
  {  3387,  10,  16,  14,    2,  -15 },   // 0xF1
  {  3407,  11,  17,  13,    1,  -16 },   // 0xF2
  {  3431,  11,  17,  13,    1,  -16 },   // 0xF3
  {  3455,  11,  17,  13,    1,  -16 },   // 0xF4
  {  3479,  11,  16,  13,    1,  -15 },   // 0xF5
  {  3501,  11,  16,  13,    1,  -15 },   // 0xF6
  {  3523,  10,  11,  13,    1,  -12 },   // 0xF7
  {  3537,  11,  14,  13,    1,  -12 },   // 0xF8
  {  3557,  10,  17,  14,    2,  -16 },   // 0xF9
  {  3579,  10,  17,  14,    2,  -16 },   // 0xFA
  {  3601,  10,  17,  14,    2,  -16 },   // 0xFB
  {  3623,  10,  16,  14,    2,  -15 },   // 0xFC
  {  3643,  11,  22,  11,    0,  -16 },   // 0xFD
  {  3674,  10,  22,  13,    2,  -16 },   // 0xFE
  {  3702,  11,  21,  11,    0,  -15 } }; // 0xFF

const GFXfont OpenSans_Regular11pt8b PROGMEM = {
  (uint8_t  *)OpenSans_Regular11pt8bBitmaps,
  (GFXglyph *)OpenSans_Regular11pt8bGlyphs,
  0x20, 0xFF, 29 };

// Approx. 5306 bytes

const uint8_t OpenSans_Regular12pt8bBitmaps[] PROGMEM = {
  0x00, 0xDB, 0x6D, 0xB6, 0xDB, 0x00, 0x37, 0xC0, 0xCF, 0x3C, 0xE3, 0x8E,
  0x30, 0x06, 0x30, 0x10, 0x80, 0xC2, 0x03, 0x18, 0x0C, 0x63, 0xFF, 0xF0,
  0x84, 0x06, 0x10, 0x18, 0xC0, 0x63, 0x0F, 0xFF, 0x84, 0x20, 0x30, 0x80,
  0xC6, 0x03, 0x18, 0x0C, 0x60, 0x21, 0x80, 0x06, 0x00, 0xC0, 0x7F, 0x3F,
  0xE6, 0x61, 0x8C, 0x19, 0x83, 0x30, 0x3E, 0x03, 0xF0, 0x1F, 0x03, 0x30,
  0x66, 0x0C, 0xE1, 0x9F, 0xFE, 0x7F, 0x00, 0xC0, 0x18, 0x00, 0x38, 0x04,
  0x1B, 0x03, 0x04, 0x61, 0x83, 0x18, 0x60, 0xC2, 0x30, 0x30, 0x88, 0x0C,
  0x26, 0xF3, 0x19, 0x7E, 0x46, 0xD8, 0x9B, 0x64, 0x23, 0xD9, 0x0C, 0x0C,
  0x43, 0x03, 0x10, 0xC1, 0x84, 0x20, 0x41, 0x88, 0x30, 0x7E, 0x08, 0x0F,
  0x00, 0x0F, 0x80, 0x1F, 0xC0, 0x30, 0xC0, 0x30, 0xC0, 0x30, 0xC0, 0x30,
  0xC0, 0x19, 0x80, 0x0F, 0x00, 0x1E, 0x00, 0x3B, 0x06, 0x61, 0x86, 0xE0,
  0xEC, 0xC0, 0x7C, 0xC0, 0x38, 0x60, 0x7C, 0x7F, 0xEE, 0x1F, 0x87, 0xFE,
  0xA0, 0x19, 0x8C, 0xC6, 0x33, 0x18, 0xC6, 0x31, 0x8C, 0x63, 0x0C, 0x63,
  0x0C, 0x61, 0x80, 0xC3, 0x18, 0x63, 0x18, 0x63, 0x18, 0xC6, 0x31, 0x8C,
  0x66, 0x31, 0x98, 0xCC, 0x00, 0x06, 0x00, 0xC0, 0x10, 0x42, 0x1F, 0x5F,
  0xFF, 0xC3, 0x80, 0xD8, 0x1B, 0x86, 0x30, 0x46, 0x00, 0x06, 0x00, 0xC0,
  0x18, 0x03, 0x00, 0x61, 0xFF, 0xFF, 0xF8, 0x30, 0x06, 0x00, 0xC0, 0x18,
  0x03, 0x00, 0x6D, 0xAD, 0x80, 0xFF, 0xF0, 0xDF, 0x00, 0x03, 0x01, 0x80,
  0xC0, 0xC0, 0x60, 0x20, 0x30, 0x18, 0x18, 0x0C, 0x06, 0x06, 0x03, 0x01,
  0x01, 0x80, 0xC0, 0xC0, 0x00, 0x1F, 0x03, 0xFC, 0x70, 0xC6, 0x06, 0x60,
  0x6C, 0x06, 0xC0, 0x6C, 0x06, 0xC0, 0x3C, 0x06, 0xC0, 0x6C, 0x06, 0x60,
  0x66, 0x06, 0x70, 0xC3, 0xFC, 0x1F, 0x00, 0x0C, 0x73, 0x79, 0x44, 0x10,
  0x41, 0x04, 0x10, 0x41, 0x04, 0x10, 0x41, 0x04, 0x1F, 0x0F, 0xF9, 0x83,
  0x00, 0x30, 0x06, 0x00, 0xC0, 0x30, 0x06, 0x01, 0x80, 0x60, 0x18, 0x06,
  0x01, 0x80, 0x60, 0x18, 0x07, 0xFF, 0xFF, 0xE0, 0x1F, 0x0F, 0xF9, 0x03,
  0x00, 0x30, 0x06, 0x01, 0xC0, 0x30, 0xFC, 0x1F, 0x80, 0x38, 0x01, 0x80,
  0x30, 0x06, 0x00, 0xE0, 0x3F, 0xFE, 0x7F, 0x00, 0x01, 0xC0, 0x1C, 0x03,
  0xC0, 0x6C, 0x0C, 0xC0, 0xCC, 0x18, 0xC3, 0x0C, 0x20, 0xC6, 0x0C, 0xC0,
  0xCF, 0xFF, 0xFF, 0xF0, 0x0C, 0x00, 0xC0, 0x0C, 0x00, 0xC0, 0x7F, 0xBF,
  0xEC, 0x03, 0x00, 0xC0, 0x30, 0x0C, 0x03, 0xF8, 0xFF, 0x80, 0x70, 0x0C,
  0x03, 0x00, 0xC0, 0x30, 0x1F, 0xFE, 0xFE, 0x00, 0x07, 0xC1, 0xFC, 0x38,
  0x03, 0x00, 0x60, 0x06, 0x00, 0x4F, 0x8D, 0xFC, 0xF0, 0x6E, 0x06, 0xC0,
  0x3C, 0x03, 0x60, 0x26, 0x06, 0x30, 0xE3, 0xFC, 0x0F, 0x80, 0xFF, 0xFF,
  0xFF, 0x00, 0x60, 0x06, 0x00, 0xC0, 0x0C, 0x01, 0x80, 0x18, 0x03, 0x00,
  0x30, 0x06, 0x00, 0x60, 0x0E, 0x00, 0xC0, 0x0C, 0x01, 0x80, 0x18, 0x00,
  0x1F, 0x87, 0xF9, 0x83, 0xB0, 0x36, 0x06, 0xC0, 0xCC, 0x70, 0xFC, 0x1F,
  0x86, 0x39, 0x81, 0xE0, 0x3C, 0x03, 0x80, 0xD8, 0x1B, 0xFE, 0x1F, 0x80,
  0x1F, 0x07, 0xF1, 0x83, 0x30, 0x3C, 0x07, 0x80, 0xF0, 0x1E, 0x03, 0x60,
  0xEF, 0xFC, 0x7D, 0x80, 0x30, 0x06, 0x01, 0x80, 0x73, 0xFC, 0x7E, 0x00,
  0xDF, 0x00, 0x00, 0x03, 0x7C, 0x66, 0x60, 0x00, 0x00, 0x00, 0x66, 0x6C,
  0xC8, 0x00, 0x20, 0x0C, 0x07, 0x03, 0x81, 0xC0, 0xE0, 0x38, 0x01, 0xC0,
  0x0F, 0x00, 0x78, 0x03, 0x80, 0x10, 0xFF, 0xFF, 0xFC, 0x00, 0x00, 0x00,
  0x01, 0xFF, 0xFF, 0xF8, 0x80, 0x1C, 0x00, 0xE0, 0x07, 0x00, 0x38, 0x01,
  0xC0, 0x18, 0x0E, 0x0F, 0x07, 0x83, 0xC0, 0x40, 0x00, 0x3F, 0x1F, 0xE4,
  0x18, 0x03, 0x00, 0xC0, 0x60, 0x18, 0x1C, 0x0E, 0x03, 0x01, 0x80, 0x60,
  0x00, 0x00, 0x01, 0x80, 0x70, 0x18, 0x00, 0x01, 0xFC, 0x00, 0xFB, 0xE0,
  0x70, 0x06, 0x0C, 0x00, 0x63, 0x00, 0x04, 0xC1, 0xF8, 0xD8, 0xF7, 0x1A,
  0x18, 0x61, 0xC6, 0x0C, 0x38, 0xC1, 0x8F, 0x18, 0x31, 0xE3, 0x0E, 0x34,
  0x3B, 0x6C, 0xC3, 0xCF, 0x18, 0x00, 0x01, 0x80, 0x00, 0x18, 0x00, 0x01,
  0xFF, 0x80, 0x0F, 0xE0, 0x00, 0x03, 0x80, 0x07, 0x00, 0x0A, 0x00, 0x36,
  0x00, 0x6C, 0x00, 0xCC, 0x03, 0x18, 0x06, 0x30, 0x18, 0x30, 0x30, 0x60,
  0x7F, 0xE1, 0xFF, 0xC3, 0x01, 0x8E, 0x01, 0x98, 0x03, 0x30, 0x07, 0xC0,
  0x06, 0xFF, 0x8F, 0xFE, 0xC0, 0x6C, 0x07, 0xC0, 0x3C, 0x06, 0xC0, 0x6F,
  0xFC, 0xFF, 0xCC, 0x06, 0xC0, 0x3C, 0x03, 0xC0, 0x3C, 0x03, 0xC0, 0x7F,
  0xFE, 0xFF, 0x80, 0x03, 0xF0, 0x7F, 0xCF, 0x02, 0x60, 0x07, 0x00, 0x30,
  0x01, 0x80, 0x1C, 0x00, 0xE0, 0x07, 0x00, 0x18, 0x00, 0xC0, 0x06, 0x00,
  0x18, 0x00, 0xE0, 0x03, 0xFF, 0x07, 0xF0, 0xFF, 0x83, 0xFF, 0x8C, 0x07,
  0x30, 0x0E, 0xC0, 0x1B, 0x00, 0x7C, 0x00, 0xF0, 0x03, 0xC0, 0x0F, 0x00,
  0x3C, 0x00, 0xF0, 0x07, 0xC0, 0x1B, 0x00, 0xEC, 0x07, 0x3F, 0xF8, 0xFF,
  0x80, 0xFF, 0xFF, 0xFC, 0x03, 0x00, 0xC0, 0x30, 0x0C, 0x03, 0xFE, 0xFF,
  0xB0, 0x0C, 0x03, 0x00, 0xC0, 0x30, 0x0C, 0x03, 0xFF, 0xFF, 0xC0, 0xFF,
  0xFF, 0xFC, 0x03, 0x00, 0xC0, 0x30, 0x0C, 0x03, 0x00, 0xFF, 0xBF, 0xEC,
  0x03, 0x00, 0xC0, 0x30, 0x0C, 0x03, 0x00, 0xC0, 0x00, 0x03, 0xF8, 0x1F,
  0xF8, 0x70, 0x11, 0x80, 0x07, 0x00, 0x0C, 0x00, 0x18, 0x00, 0x70, 0x00,
  0xE0, 0x7F, 0xC0, 0xFD, 0x80, 0x1B, 0x00, 0x36, 0x00, 0x66, 0x00, 0xCF,
  0x01, 0x8F, 0xFF, 0x07, 0xF8, 0xC0, 0x1E, 0x00, 0xF0, 0x07, 0x80, 0x3C,
  0x01, 0xE0, 0x0F, 0x00, 0x7F, 0xFF, 0xFF, 0xFE, 0x00, 0xF0, 0x07, 0x80,
  0x3C, 0x01, 0xE0, 0x0F, 0x00, 0x78, 0x03, 0xC0, 0x18, 0xFF, 0xFF, 0xFF,
  0xFF, 0xC0, 0x0C, 0x30, 0xC3, 0x0C, 0x30, 0xC3, 0x0C, 0x30, 0xC3, 0x0C,
  0x30, 0xC3, 0x0C, 0x30, 0xC3, 0xFB, 0xC0, 0xC0, 0x36, 0x03, 0x30, 0x31,
  0x83, 0x0C, 0x30, 0x63, 0x03, 0x30, 0x1B, 0x80, 0xFC, 0x07, 0x30, 0x31,
  0xC1, 0x87, 0x0C, 0x18, 0x60, 0x63, 0x03, 0x98, 0x0E, 0xC0, 0x30, 0xC0,
  0x30, 0x0C, 0x03, 0x00, 0xC0, 0x30, 0x0C, 0x03, 0x00, 0xC0, 0x30, 0x0C,
  0x03, 0x00, 0xC0, 0x30, 0x0C, 0x03, 0xFF, 0xFF, 0xC0, 0xE0, 0x03, 0xF8,
  0x01, 0xFC, 0x01, 0xFB, 0x00, 0xFD, 0x80, 0x5E, 0xC0, 0x6F, 0x30, 0x37,
  0x98, 0x33, 0xC6, 0x19, 0xE3, 0x08, 0xF1, 0x8C, 0x78, 0x66, 0x3C, 0x36,
  0x1E, 0x0B, 0x0F, 0x07, 0x07, 0x83, 0x83, 0xC0, 0xC1, 0x80, 0xE0, 0x0F,
  0xC0, 0x3F, 0x00, 0xF6, 0x03, 0xDC, 0x0F, 0x30, 0x3C, 0x60, 0xF1, 0xC3,
  0xC3, 0x0F, 0x06, 0x3C, 0x1C, 0xF0, 0x33, 0xC0, 0xEF, 0x01, 0xBC, 0x03,
  0xF0, 0x0F, 0xC0, 0x1C, 0x07, 0xF0, 0x1F, 0xF8, 0x38, 0x1C, 0x30, 0x06,
  0x60, 0x07, 0x60, 0x03, 0x60, 0x03, 0xE0, 0x03, 0xE0, 0x03, 0xE0, 0x03,
  0x60, 0x03, 0x60, 0x03, 0x60, 0x07, 0x30, 0x06, 0x38, 0x0C, 0x1F, 0xF8,
  0x07, 0xE0, 0xFF, 0x1F, 0xFB, 0x03, 0xE0, 0x3C, 0x07, 0x80, 0xF0, 0x1E,
  0x07, 0xFF, 0xDF, 0xE3, 0x00, 0x60, 0x0C, 0x01, 0x80, 0x30, 0x06, 0x00,
  0xC0, 0x00, 0x07, 0xF0, 0x1F, 0xF8, 0x38, 0x1C, 0x30, 0x06, 0x60, 0x07,
  0x60, 0x03, 0x60, 0x03, 0xE0, 0x03, 0xE0, 0x03, 0xE0, 0x03, 0x60, 0x03,
  0x60, 0x03, 0x60, 0x07, 0x30, 0x06, 0x38, 0x0C, 0x1F, 0xF8, 0x07, 0xE0,
  0x00, 0x70, 0x00, 0x38, 0x00, 0x1C, 0x00, 0x0E, 0xFF, 0x0F, 0xFC, 0xC0,
  0xEC, 0x06, 0xC0, 0x6C, 0x06, 0xC0, 0x6C, 0x0C, 0xFF, 0xCF, 0xF0, 0xC3,
  0x0C, 0x18, 0xC1, 0xCC, 0x0C, 0xC0, 0x6C, 0x06, 0xC0, 0x30, 0x1F, 0x87,
  0xF9, 0x80, 0x70, 0x0C, 0x00, 0xC0, 0x1C, 0x01, 0xE0, 0x1F, 0x00, 0x78,
  0x03, 0x80, 0x30, 0x06, 0x00, 0xE0, 0x3F, 0xFE, 0x7F, 0x00, 0xFF, 0xFF,
  0xFF, 0xC0, 0xC0, 0x06, 0x00, 0x30, 0x01, 0x80, 0x0C, 0x00, 0x60, 0x03,
  0x00, 0x18, 0x00, 0xC0, 0x06, 0x00, 0x30, 0x01, 0x80, 0x0C, 0x00, 0x60,
  0x03, 0x00, 0xC0, 0x1E, 0x00, 0xF0, 0x07, 0x80, 0x3C, 0x01, 0xE0, 0x0F,
  0x00, 0x78, 0x03, 0xC0, 0x1E, 0x00, 0xF0, 0x07, 0x80, 0x3C, 0x01, 0xB0,
  0x0D, 0xC0, 0xC7, 0xFC, 0x0F, 0xC0, 0xC0, 0x0D, 0x80, 0x36, 0x01, 0x98,
  0x06, 0x30, 0x18, 0xC0, 0xC3, 0x03, 0x06, 0x0C, 0x18, 0x60, 0x61, 0x80,
  0xCE, 0x03, 0x30, 0x06, 0xC0, 0x1E, 0x00, 0x78, 0x00, 0xE0, 0x03, 0x00,
  0xE0, 0x30, 0x0D, 0x80, 0xC0, 0x66, 0x07, 0x81, 0x98, 0x1E, 0x06, 0x30,
  0x68, 0x18, 0xC3, 0x30, 0xC3, 0x0C, 0xC3, 0x0C, 0x33, 0x0C, 0x19, 0x86,
  0x30, 0x66, 0x19, 0x81, 0x98, 0x66, 0x06, 0x60, 0x98, 0x0F, 0x03, 0x40,
  0x3C, 0x0F, 0x00, 0xF0, 0x3C, 0x03, 0x80, 0x70, 0x06, 0x01, 0x80, 0x60,
  0x19, 0xC0, 0xC3, 0x03, 0x06, 0x18, 0x1C, 0xC0, 0x33, 0x00, 0x78, 0x01,
  0xC0, 0x03, 0x00, 0x1E, 0x00, 0xDC, 0x03, 0x30, 0x18, 0x60, 0xC1, 0xC3,
  0x03, 0x18, 0x06, 0xE0, 0x18, 0xC0, 0x1B, 0x01, 0xDC, 0x0C, 0x60, 0xE3,
  0x86, 0x0C, 0x60, 0x33, 0x01, 0xB0, 0x07, 0x80, 0x38, 0x00, 0xC0, 0x06,
  0x00, 0x30, 0x01, 0x80, 0x0C, 0x00, 0x60, 0x03, 0x00, 0xFF, 0xFF, 0xFF,
  0x00, 0x60, 0x0C, 0x01, 0xC0, 0x18, 0x03, 0x00, 0x70, 0x06, 0x00, 0xC0,
  0x1C, 0x01, 0x80, 0x30, 0x07, 0x00, 0x60, 0x0F, 0xFF, 0xFF, 0xF0, 0xFF,
  0xF1, 0x8C, 0x63, 0x18, 0xC6, 0x31, 0x8C, 0x63, 0x18, 0xC6, 0x31, 0xFF,
  0x80, 0xC0, 0x30, 0x18, 0x04, 0x03, 0x01, 0x80, 0x60, 0x30, 0x18, 0x06,
  0x03, 0x00, 0xC0, 0x60, 0x30, 0x0C, 0x06, 0x03, 0x00, 0xFF, 0xC6, 0x31,
  0x8C, 0x63, 0x18, 0xC6, 0x31, 0x8C, 0x63, 0x18, 0xC7, 0xFF, 0x80, 0x04,
  0x00, 0xE0, 0x0E, 0x01, 0xB0, 0x19, 0x83, 0x18, 0x30, 0xC2, 0x0C, 0x60,
  0x64, 0x06, 0xC0, 0x30, 0xFF, 0xE0, 0xE3, 0x0C, 0x30, 0x1F, 0x0F, 0xF0,
  0x0C, 0x03, 0x00, 0xC7, 0xF7, 0xCF, 0x83, 0xC0, 0xF0, 0x3C, 0x1D, 0xFD,
  0x3E, 0x40, 0xC0, 0x18, 0x03, 0x00, 0x60, 0x0C, 0x01, 0x9E, 0x3F, 0xF7,
  0x07, 0xC0, 0x78, 0x0F, 0x01, 0xE0, 0x3C, 0x07, 0x80, 0xF0, 0x1F, 0x06,
  0xFF, 0xD9, 0xE0, 0x0F, 0x8F, 0xE7, 0x01, 0x80, 0x60, 0x30, 0x0C, 0x03,
  0x00, 0x60, 0x18, 0x07, 0x00, 0xFF, 0x0F, 0x80, 0x00, 0x30, 0x03, 0x00,
  0x30, 0x03, 0x00, 0x31, 0xF3, 0x3F, 0xB7, 0x07, 0x60, 0x7E, 0x03, 0xC0,
  0x3C, 0x03, 0xC0, 0x3E, 0x03, 0x60, 0x77, 0x07, 0x3F, 0xB1, 0xF3, 0x0F,
  0x07, 0xF9, 0xC3, 0x30, 0x36, 0x07, 0xFF, 0xFF, 0xFE, 0x00, 0x60, 0x0C,
  0x01, 0xC0, 0x1F, 0xF0, 0xFC, 0x0F, 0x8F, 0xC6, 0x03, 0x01, 0x83, 0xFB,
  0xFC, 0x30, 0x18, 0x0C, 0x06, 0x03, 0x01, 0x80, 0xC0, 0x60, 0x30, 0x18,
  0x0C, 0x00, 0x0F, 0xF9, 0xEF, 0x8C, 0x18, 0xC0, 0xC6, 0x06, 0x18, 0x30,
  0xF7, 0x01, 0xF0, 0x10, 0x01, 0x80, 0x0C, 0x00, 0x3F, 0xC3, 0xFF, 0x30,
  0x1B, 0x00, 0xD8, 0x06, 0x60, 0x33, 0xFF, 0x07, 0xE0, 0xC0, 0x18, 0x03,
  0x00, 0x60, 0x0C, 0x01, 0x9F, 0x3F, 0xF7, 0x06, 0xC0, 0x78, 0x0F, 0x01,
  0xE0, 0x3C, 0x07, 0x80, 0xF0, 0x1E, 0x03, 0xC0, 0x78, 0x0C, 0x3C, 0x3F,
  0xFF, 0xFF, 0xF0, 0x00, 0xC6, 0x00, 0x0C, 0x63, 0x18, 0xC6, 0x31, 0x8C,
  0x63, 0x18, 0xC6, 0x31, 0x8F, 0xDE, 0xC0, 0x30, 0x0C, 0x03, 0x00, 0xC0,
  0x30, 0x7C, 0x3B, 0x1C, 0xC6, 0x33, 0x0D, 0x83, 0xF0, 0xEC, 0x31, 0x8C,
  0x73, 0x0E, 0xC1, 0xB0, 0x30, 0xFF, 0xFF, 0xFF, 0xFF, 0xF0, 0xCF, 0x0F,
  0x3F, 0xEF, 0xFE, 0x0E, 0x0F, 0x03, 0x83, 0xC0, 0xC0, 0xF0, 0x30, 0x3C,
  0x0C, 0x0F, 0x03, 0x03, 0xC0, 0xC0, 0xF0, 0x30, 0x3C, 0x0C, 0x0F, 0x03,
  0x03, 0xC0, 0xC0, 0xC0, 0xCF, 0x9F, 0xFB, 0x83, 0x60, 0x3C, 0x07, 0x80,
  0xF0, 0x1E, 0x03, 0xC0, 0x78, 0x0F, 0x01, 0xE0, 0x3C, 0x06, 0x0F, 0x83,
  0xFC, 0x70, 0x66, 0x03, 0x60, 0x3C, 0x03, 0xC0, 0x3C, 0x03, 0x60, 0x36,
  0x03, 0x70, 0x63, 0xFC, 0x0F, 0x80, 0xCF, 0x1F, 0xFB, 0x83, 0xE0, 0x3C,
  0x07, 0x80, 0xF0, 0x1E, 0x03, 0xC0, 0x78, 0x0F, 0x83, 0x7F, 0xEC, 0xF1,
  0x80, 0x30, 0x06, 0x00, 0xC0, 0x18, 0x03, 0x00, 0x00, 0x1F, 0x33, 0xFB,
  0x70, 0x76, 0x07, 0xE0, 0x7C, 0x03, 0xC0, 0x3C, 0x03, 0xE0, 0x36, 0x07,
  0x70, 0x73, 0xFB, 0x1F, 0x30, 0x03, 0x00, 0x30, 0x03, 0x00, 0x30, 0x03,
  0x00, 0x30, 0xCF, 0xBF, 0xC7, 0x0C, 0x18, 0x30, 0x60, 0xC1, 0x83, 0x06,
  0x0C, 0x00, 0x3F, 0x3F, 0xF0, 0x18, 0x0E, 0x03, 0xC0, 0x78, 0x0F, 0x01,
  0x80, 0xC0, 0x7F, 0xF7, 0xE0, 0x10, 0x10, 0x30, 0x7F, 0xFF, 0x30, 0x30,
  0x30, 0x30, 0x30, 0x30, 0x30, 0x30, 0x30, 0x1F, 0x0F, 0xC0, 0x78, 0x0F,
  0x01, 0xE0, 0x3C, 0x07, 0x80, 0xF0, 0x1E, 0x03, 0xC0, 0x78, 0x1F, 0x83,
  0xBF, 0xB3, 0xE6, 0xC0, 0x36, 0x06, 0x60, 0x66, 0x06, 0x30, 0xC3, 0x0C,
  0x30, 0xC1, 0x98, 0x19, 0x80, 0x90, 0x0F, 0x00, 0xF0, 0x06, 0x00, 0xC0,
  0xE0, 0xD8, 0x38, 0x36, 0x0E, 0x0D, 0x86, 0x86, 0x21, 0xB1, 0x8C, 0x4C,
  0x63, 0x31, 0x18, 0xCC, 0x6C, 0x12, 0x1B, 0x07, 0x86, 0xC1, 0xE0, 0xA0,
  0x78, 0x38, 0x0C, 0x0E, 0x00, 0x60, 0x73, 0x06, 0x38, 0xC1, 0x98, 0x0D,
  0x80, 0x70, 0x07, 0x00, 0xF0, 0x0D, 0x81, 0x9C, 0x30, 0xC7, 0x06, 0x60,
  0x30, 0xC0, 0x36, 0x06, 0x60, 0x66, 0x06, 0x30, 0xC3, 0x0C, 0x18, 0xC1,
  0x98, 0x19, 0x80, 0xD8, 0x0F, 0x00, 0x70, 0x06, 0x00, 0x60, 0x06, 0x00,
  0xC0, 0x0C, 0x0F, 0x80, 0xF0, 0x00, 0xFF, 0xFF, 0xC0, 0xC0, 0x60, 0x60,
  0x60, 0x30, 0x30, 0x30, 0x38, 0x18, 0x1F, 0xFF, 0xF8, 0x06, 0x3C, 0x60,
  0xC1, 0x02, 0x04, 0x08, 0x31, 0xE3, 0x81, 0x83, 0x02, 0x04, 0x08, 0x10,
  0x30, 0x60, 0xF0, 0x60, 0xFF, 0xFF, 0xFF, 0xC1, 0xE0, 0xC1, 0x81, 0x02,
  0x04, 0x08, 0x18, 0x3C, 0x38, 0xC1, 0x82, 0x04, 0x08, 0x10, 0x60, 0xC7,
  0x8C, 0x00, 0x7C, 0x3F, 0xFE, 0x0F, 0x80, 0x00, 0x00, 0x00, 0x00, 0x00,
  0x00, 0x00, 0x00, 0x00, 0x00, 0x00, 0x00, 0x00, 0x00, 0x00, 0x00, 0x00,
  0x00, 0x00, 0x00, 0x00, 0x00, 0x00, 0x00, 0x00, 0x00, 0x00, 0x00, 0x00,
  0x00, 0x00, 0x00, 0x00, 0x00, 0xDF, 0x00, 0x36, 0xDB, 0x6D, 0xB6, 0xC0,
  0x04, 0x01, 0x01, 0xF8, 0xFE, 0x70, 0x18, 0x0C, 0x03, 0x00, 0xC0, 0x30,
  0x0C, 0x01, 0x80, 0x70, 0x0F, 0xE1, 0xF8, 0x10, 0x04, 0x00, 0x0F, 0xC1,
  0xFE, 0x18, 0x23, 0x00, 0x30, 0x03, 0x00, 0x30, 0x03, 0x00, 0xFF, 0x83,
  0x00, 0x30, 0x03, 0x00, 0x30, 0x03, 0x00, 0x60, 0x0F, 0xFF, 0xFF, 0xF0,
  0x40, 0x2D, 0xEC, 0xFF, 0x10, 0x66, 0x04, 0xC0, 0xD8, 0x11, 0x06, 0x3F,
  0xCD, 0xED, 0x00, 0x80, 0x60, 0x1B, 0x01, 0x8C, 0x0C, 0x60, 0xC1, 0x86,
  0x0C, 0x60, 0x33, 0x00, 0xF0, 0x07, 0x01, 0xFF, 0x00, 0xC0, 0x06, 0x03,
  0xFE, 0x01, 0x80, 0x0C, 0x00, 0x60, 0x03, 0x00, 0xFF, 0x81, 0xFF, 0x1F,
  0x9F, 0xE6, 0x01, 0x80, 0x70, 0x0F, 0x07, 0x71, 0x86, 0x40, 0xD8, 0x37,
  0x08, 0xFE, 0x07, 0x80, 0x60, 0x0C, 0x03, 0xFF, 0x9F, 0xC0, 0xCF, 0x30,
  0x03, 0xF0, 0x03, 0x87, 0x01, 0x80, 0x60, 0x87, 0xCC, 0x63, 0xB1, 0x91,
  0x80, 0x2C, 0x60, 0x0F, 0x10, 0x03, 0x84, 0x00, 0x71, 0x00, 0x3C, 0x60,
  0x0D, 0x18, 0x02, 0x63, 0xB1, 0x88, 0x7C, 0x41, 0x80, 0x60, 0x38, 0x70,
  0x03, 0xF0, 0x00, 0x79, 0x30, 0x4F, 0xC6, 0x1C, 0xDD, 0x18, 0xC6, 0x63,
  0x19, 0x8C, 0xC6, 0x31, 0x86, 0x30, 0xC6, 0x19, 0x86, 0x30, 0xFF, 0xFF,
  0xFC, 0x00, 0x80, 0x10, 0x02, 0x00, 0x40, 0xFF, 0xF0, 0x03, 0xF0, 0x03,
  0x87, 0x01, 0x80, 0x60, 0x80, 0x0C, 0x63, 0xE1, 0x90, 0x9C, 0x2C, 0x21,
  0x8F, 0x08, 0x43, 0x83, 0xF0, 0x70, 0x98, 0x3C, 0x23, 0x0D, 0x08, 0xC2,
  0x62, 0x19, 0x88, 0x00, 0x41, 0x80, 0x60, 0x38, 0x70, 0x03, 0xF0, 0x00,
  0xFF, 0xF0, 0x3C, 0x66, 0xC3, 0xC3, 0xC3, 0x66, 0x3C, 0x06, 0x00, 0x60,
  0x06, 0x00, 0x60, 0x06, 0x0F, 0xFE, 0xFF, 0xE0, 0x60, 0x06, 0x00, 0x60,
  0x06, 0x00, 0x60, 0x00, 0x0F, 0xFF, 0xFF, 0xF0, 0x7B, 0x30, 0x41, 0x0C,
  0x63, 0x18, 0xC3, 0xF0, 0x3C, 0x66, 0x02, 0x06, 0x3C, 0x06, 0x03, 0x03,
  0xC6, 0x7C, 0x3B, 0x99, 0x80, 0xC0, 0x78, 0x0F, 0x01, 0xE0, 0x3C, 0x07,
  0x80, 0xF0, 0x1E, 0x03, 0xC0, 0x78, 0x1F, 0x83, 0xFF, 0xBD, 0xE7, 0x80,
  0x30, 0x06, 0x00, 0xC0, 0x18, 0x03, 0x00, 0x00, 0x1F, 0xF3, 0xF1, 0x7F,
  0x17, 0xF1, 0xFF, 0x1F, 0xF1, 0xFF, 0x1F, 0xF1, 0x7F, 0x17, 0xF1, 0x3F,
  0x11, 0xF1, 0x01, 0x10, 0x11, 0x01, 0x10, 0x11, 0x01, 0x10, 0x11, 0x01,
  0x10, 0x11, 0x01, 0x10, 0xDF, 0x00, 0x21, 0x06, 0x31, 0xF8, 0x3B, 0xF6,
  0x31, 0x8C, 0x63, 0x18, 0xC0, 0x7D, 0x8E, 0x1C, 0x18, 0x30, 0x71, 0xBE,
  0xC4, 0x39, 0x86, 0x30, 0xC6, 0x18, 0xC6, 0x33, 0x19, 0x8C, 0xE6, 0x31,
  0x00, 0x38, 0x0C, 0x3C, 0x0C, 0x36, 0x06, 0x03, 0x06, 0x01, 0x82, 0x00,
  0xC3, 0x00, 0x63, 0x00, 0x31, 0x8C, 0x19, 0x8E, 0x0C, 0x87, 0x00, 0xC5,
  0x80, 0xC6, 0xC0, 0x62, 0x60, 0x62, 0x30, 0x21, 0xFE, 0x30, 0x0C, 0x30,
  0x06, 0x00, 0x30, 0x18, 0xF0, 0x18, 0x90, 0x30, 0x10, 0x20, 0x10, 0x60,
  0x10, 0xC0, 0x10, 0xC0, 0x11, 0x9E, 0x11, 0x33, 0x13, 0x01, 0x06, 0x01,
  0x06, 0x03, 0x0C, 0x06, 0x08, 0x0C, 0x18, 0x18, 0x30, 0x30, 0x30, 0x3F,
  0x3C, 0x03, 0x19, 0x80, 0x80, 0x20, 0x60, 0x08, 0x30, 0x06, 0x08, 0x0F,
  0x06, 0x00, 0x61, 0x00, 0x0C, 0xC6, 0x03, 0x63, 0xB1, 0x90, 0xE7, 0xCC,
  0x58, 0x06, 0x36, 0x01, 0x89, 0x80, 0xC4, 0x60, 0x21, 0xFC, 0x18, 0x06,
  0x0C, 0x01, 0x80, 0x0C, 0x06, 0x03, 0x00, 0x00, 0x00, 0x00, 0x30, 0x18,
  0x0C, 0x0C, 0x1C, 0x1C, 0x0C, 0x06, 0x03, 0x01, 0x80, 0xFF, 0x9F, 0x00,
  0x0E, 0x00, 0x0C, 0x00, 0x0C, 0x00, 0x0C, 0x00, 0x00, 0x00, 0x00, 0x00,
  0xE0, 0x01, 0xC0, 0x02, 0x80, 0x0D, 0x80, 0x1B, 0x00, 0x33, 0x00, 0xC6,
  0x01, 0x8C, 0x06, 0x0C, 0x0C, 0x18, 0x1F, 0xF8, 0x7F, 0xF0, 0xC0, 0x63,
  0x80, 0x66, 0x00, 0xCC, 0x01, 0xF0, 0x01, 0x80, 0x00, 0xE0, 0x03, 0x80,
  0x06, 0x00, 0x18, 0x00, 0x00, 0x00, 0x00, 0x00, 0xE0, 0x01, 0xC0, 0x02,
  0x80, 0x0D, 0x80, 0x1B, 0x00, 0x33, 0x00, 0xC6, 0x01, 0x8C, 0x06, 0x0C,
  0x0C, 0x18, 0x1F, 0xF8, 0x7F, 0xF0, 0xC0, 0x63, 0x80, 0x66, 0x00, 0xCC,
  0x01, 0xF0, 0x01, 0x80, 0x01, 0x80, 0x07, 0x80, 0x19, 0x80, 0x61, 0x80,
  0x00, 0x00, 0x00, 0x00, 0xE0, 0x01, 0xC0, 0x02, 0x80, 0x0D, 0x80, 0x1B,
  0x00, 0x33, 0x00, 0xC6, 0x01, 0x8C, 0x06, 0x0C, 0x0C, 0x18, 0x1F, 0xF8,
  0x7F, 0xF0, 0xC0, 0x63, 0x80, 0x66, 0x00, 0xCC, 0x01, 0xF0, 0x01, 0x80,
  0x0E, 0x30, 0x3F, 0xC0, 0x43, 0x80, 0x00, 0x00, 0x00, 0x00, 0x70, 0x00,
  0xE0, 0x01, 0x40, 0x06, 0xC0, 0x0D, 0x80, 0x19, 0x80, 0x63, 0x00, 0xC6,
  0x03, 0x06, 0x06, 0x0C, 0x0F, 0xFC, 0x3F, 0xF8, 0x60, 0x31, 0xC0, 0x33,
  0x00, 0x66, 0x00, 0xF8, 0x00, 0xC0, 0x06, 0x60, 0x0C, 0xC0, 0x00, 0x00,
  0x00, 0x00, 0x38, 0x00, 0x70, 0x00, 0xA0, 0x03, 0x60, 0x06, 0xC0, 0x0C,
  0xC0, 0x31, 0x80, 0x63, 0x01, 0x83, 0x03, 0x06, 0x07, 0xFE, 0x1F, 0xFC,
  0x30, 0x18, 0xE0, 0x19, 0x80, 0x33, 0x00, 0x7C, 0x00, 0x60, 0x03, 0x80,
  0x0C, 0x80, 0x11, 0x00, 0x32, 0x00, 0x38, 0x00, 0x70, 0x00, 0xE0, 0x01,
  0x40, 0x06, 0xC0, 0x0D, 0x80, 0x19, 0x80, 0x63, 0x00, 0xC6, 0x03, 0x06,
  0x06, 0x0C, 0x0F, 0xFC, 0x3F, 0xF8, 0x60, 0x31, 0xC0, 0x33, 0x00, 0x66,
  0x00, 0xF8, 0x00, 0xC0, 0x00, 0xFF, 0xF0, 0x1F, 0xFF, 0x01, 0x98, 0x00,
  0x31, 0x80, 0x03, 0x18, 0x00, 0x71, 0x80, 0x06, 0x18, 0x00, 0xE1, 0xFE,
  0x0C, 0x1F, 0xE0, 0xC1, 0x80, 0x1F, 0xF8, 0x01, 0xFF, 0x80, 0x30, 0x18,
  0x03, 0x01, 0x80, 0x60, 0x18, 0x06, 0x01, 0xFF, 0xC0, 0x1F, 0xF0, 0x03,
  0xF0, 0x7F, 0xCF, 0x02, 0x60, 0x07, 0x00, 0x30, 0x01, 0x80, 0x1C, 0x00,
  0xE0, 0x07, 0x00, 0x18, 0x00, 0xC0, 0x06, 0x00, 0x18, 0x00, 0xE0, 0x03,
  0xFF, 0x07, 0xF0, 0x08, 0x00, 0x40, 0x01, 0x80, 0x0C, 0x00, 0x60, 0x1E,
  0x00, 0x38, 0x06, 0x00, 0xC0, 0x18, 0x00, 0x00, 0x0F, 0xFF, 0xFF, 0xC0,
  0x30, 0x0C, 0x03, 0x00, 0xC0, 0x3F, 0xEF, 0xFB, 0x00, 0xC0, 0x30, 0x0C,
  0x03, 0x00, 0xC0, 0x3F, 0xFF, 0xFC, 0x03, 0x81, 0xC0, 0x60, 0x30, 0x00,
  0x00, 0x0F, 0xFF, 0xFF, 0xC0, 0x30, 0x0C, 0x03, 0x00, 0xC0, 0x3F, 0xEF,
  0xFB, 0x00, 0xC0, 0x30, 0x0C, 0x03, 0x00, 0xC0, 0x3F, 0xFF, 0xFC, 0x0C,
  0x07, 0x83, 0x31, 0x86, 0x00, 0x00, 0x0F, 0xFF, 0xFF, 0xC0, 0x30, 0x0C,
  0x03, 0x00, 0xC0, 0x3F, 0xEF, 0xFB, 0x00, 0xC0, 0x30, 0x0C, 0x03, 0x00,
  0xC0, 0x3F, 0xFF, 0xFC, 0x33, 0x0C, 0xC0, 0x00, 0x00, 0xFF, 0xFF, 0xFC,
  0x03, 0x00, 0xC0, 0x30, 0x0C, 0x03, 0xFE, 0xFF, 0xB0, 0x0C, 0x03, 0x00,
  0xC0, 0x30, 0x0C, 0x03, 0xFF, 0xFF, 0xC0, 0xE3, 0x0C, 0x30, 0x00, 0xC6,
  0x31, 0x8C, 0x63, 0x18, 0xC6, 0x31, 0x8C, 0x63, 0x18, 0xC0, 0x3B, 0x99,
  0x80, 0x03, 0x18, 0xC6, 0x31, 0x8C, 0x63, 0x18, 0xC6, 0x31, 0x8C, 0x63,
  0x00, 0x18, 0x3C, 0x66, 0xC3, 0x00, 0x00, 0x18, 0x18, 0x18, 0x18, 0x18,
  0x18, 0x18, 0x18, 0x18, 0x18, 0x18, 0x18, 0x18, 0x18, 0x18, 0x18, 0x18,
  0xCF, 0x30, 0x00, 0x30, 0xC3, 0x0C, 0x30, 0xC3, 0x0C, 0x30, 0xC3, 0x0C,
  0x30, 0xC3, 0x0C, 0x30, 0x7F, 0xC0, 0xFF, 0xE1, 0x80, 0xE3, 0x00, 0xE6,
  0x00, 0xCC, 0x01, 0xD8, 0x01, 0xFF, 0x83, 0xFF, 0x06, 0xC0, 0x0D, 0x80,
  0x1B, 0x00, 0x76, 0x00, 0xCC, 0x03, 0x98, 0x0E, 0x3F, 0xF8, 0x7F, 0xC0,
  0x0E, 0x30, 0x7F, 0x81, 0x0E, 0x00, 0x00, 0x00, 0x03, 0x80, 0x3F, 0x00,
  0xFC, 0x03, 0xD8, 0x0F, 0x70, 0x3C, 0xC0, 0xF1, 0x83, 0xC7, 0x0F, 0x0C,
  0x3C, 0x18, 0xF0, 0x73, 0xC0, 0xCF, 0x03, 0xBC, 0x06, 0xF0, 0x0F, 0xC0,
  0x3F, 0x00, 0x70, 0x07, 0x00, 0x03, 0x00, 0x01, 0x80, 0x00, 0xC0, 0x00,
  0x00, 0x00, 0x00, 0x07, 0xF0, 0x1F, 0xF8, 0x38, 0x1C, 0x30, 0x06, 0x60,
  0x07, 0x60, 0x03, 0x60, 0x03, 0xE0, 0x03, 0xE0, 0x03, 0xE0, 0x03, 0x60,
  0x03, 0x60, 0x03, 0x60, 0x07, 0x30, 0x06, 0x38, 0x0C, 0x1F, 0xF8, 0x07,
  0xE0, 0x00, 0x70, 0x00, 0xE0, 0x00, 0xC0, 0x01, 0x80, 0x00, 0x00, 0x00,
  0x00, 0x07, 0xF0, 0x1F, 0xF8, 0x38, 0x1C, 0x30, 0x06, 0x60, 0x07, 0x60,
  0x03, 0x60, 0x03, 0xE0, 0x03, 0xE0, 0x03, 0xE0, 0x03, 0x60, 0x03, 0x60,
  0x03, 0x60, 0x07, 0x30, 0x06, 0x38, 0x0C, 0x1F, 0xF8, 0x07, 0xE0, 0x01,
  0x80, 0x03, 0xC0, 0x06, 0x60, 0x0C, 0x30, 0x00, 0x00, 0x00, 0x00, 0x07,
  0xF0, 0x1F, 0xF8, 0x38, 0x1C, 0x30, 0x06, 0x60, 0x07, 0x60, 0x03, 0x60,
  0x03, 0xE0, 0x03, 0xE0, 0x03, 0xE0, 0x03, 0x60, 0x03, 0x60, 0x03, 0x60,
  0x07, 0x30, 0x06, 0x38, 0x0C, 0x1F, 0xF8, 0x07, 0xE0, 0x07, 0x18, 0x0F,
  0xF0, 0x08, 0x70, 0x00, 0x00, 0x00, 0x00, 0x07, 0xF0, 0x1F, 0xF8, 0x38,
  0x1C, 0x30, 0x06, 0x60, 0x07, 0x60, 0x03, 0x60, 0x03, 0xE0, 0x03, 0xE0,
  0x03, 0xE0, 0x03, 0x60, 0x03, 0x60, 0x03, 0x60, 0x07, 0x30, 0x06, 0x38,
  0x0C, 0x1F, 0xF8, 0x07, 0xE0, 0x06, 0x60, 0x06, 0x60, 0x00, 0x00, 0x00,
  0x00, 0x07, 0xF0, 0x1F, 0xF8, 0x38, 0x1C, 0x30, 0x06, 0x60, 0x07, 0x60,
  0x03, 0x60, 0x03, 0xE0, 0x03, 0xE0, 0x03, 0xE0, 0x03, 0x60, 0x03, 0x60,
  0x03, 0x60, 0x07, 0x30, 0x06, 0x38, 0x0C, 0x1F, 0xF8, 0x07, 0xE0, 0x80,
  0x70, 0x36, 0x18, 0xCC, 0x1E, 0x03, 0x01, 0xE0, 0xCC, 0x61, 0xB0, 0x38,
  0x08, 0x00, 0x02, 0x07, 0xE6, 0x1F, 0xFC, 0x38, 0x1C, 0x30, 0x1E, 0x60,
  0x36, 0x60, 0x73, 0x60, 0x63, 0xE0, 0xC3, 0xE1, 0x83, 0x63, 0x83, 0x63,
  0x03, 0x66, 0x03, 0x6C, 0x07, 0x3C, 0x06, 0x38, 0x0C, 0x3F, 0xF8, 0x27,
  0xE0, 0x20, 0x00, 0x0E, 0x00, 0x30, 0x00, 0xC0, 0x03, 0x00, 0x00, 0x00,
  0x03, 0x00, 0x78, 0x03, 0xC0, 0x1E, 0x00, 0xF0, 0x07, 0x80, 0x3C, 0x01,
  0xE0, 0x0F, 0x00, 0x78, 0x03, 0xC0, 0x1E, 0x00, 0xF0, 0x06, 0xC0, 0x37,
  0x03, 0x1F, 0xF0, 0x3F, 0x00, 0x01, 0xC0, 0x1C, 0x00, 0xC0, 0x0C, 0x00,
  0x00, 0x00, 0x03, 0x00, 0x78, 0x03, 0xC0, 0x1E, 0x00, 0xF0, 0x07, 0x80,
  0x3C, 0x01, 0xE0, 0x0F, 0x00, 0x78, 0x03, 0xC0, 0x1E, 0x00, 0xF0, 0x06,
  0xC0, 0x37, 0x03, 0x1F, 0xF0, 0x3F, 0x00, 0x03, 0x00, 0x3C, 0x03, 0x30,
  0x30, 0xC0, 0x00, 0x00, 0x03, 0x00, 0x78, 0x03, 0xC0, 0x1E, 0x00, 0xF0,
  0x07, 0x80, 0x3C, 0x01, 0xE0, 0x0F, 0x00, 0x78, 0x03, 0xC0, 0x1E, 0x00,
  0xF0, 0x06, 0xC0, 0x37, 0x03, 0x1F, 0xF0, 0x3F, 0x00, 0x0C, 0xC0, 0x66,
  0x00, 0x00, 0x00, 0x0C, 0x01, 0xE0, 0x0F, 0x00, 0x78, 0x03, 0xC0, 0x1E,
  0x00, 0xF0, 0x07, 0x80, 0x3C, 0x01, 0xE0, 0x0F, 0x00, 0x78, 0x03, 0xC0,
  0x1B, 0x00, 0xDC, 0x0C, 0x7F, 0xC0, 0xFC, 0x00, 0x01, 0xC0, 0x1C, 0x00,
  0xC0, 0x0C, 0x00, 0x00, 0x00, 0x03, 0x00, 0x6C, 0x07, 0x70, 0x31, 0x83,
  0x8E, 0x18, 0x31, 0x80, 0xCC, 0x06, 0xC0, 0x1E, 0x00, 0xE0, 0x03, 0x00,
  0x18, 0x00, 0xC0, 0x06, 0x00, 0x30, 0x01, 0x80, 0x0C, 0x00, 0xC0, 0x18,
  0x03, 0x00, 0x7F, 0x8F, 0xFD, 0x81, 0xF0, 0x1E, 0x03, 0xC0, 0x78, 0x0F,
  0x03, 0x7F, 0xEF, 0xF1, 0x80, 0x30, 0x06, 0x00, 0xC0, 0x00, 0x3F, 0x07,
  0xFC, 0xE0, 0xCC, 0x0C, 0xC0, 0xCC, 0x18, 0xC3, 0x0C, 0x60, 0xC6, 0x0C,
  0x70, 0xC3, 0x8C, 0x0E, 0xC0, 0x6C, 0x03, 0xC0, 0x3C, 0x03, 0xCF, 0xEC,
  0xFC, 0x1C, 0x03, 0x00, 0x60, 0x0C, 0x00, 0x00, 0x01, 0xF0, 0xFF, 0x00,
  0xC0, 0x30, 0x0C, 0x7F, 0x7C, 0xF8, 0x3C, 0x0F, 0x03, 0xC1, 0xDF, 0xD3,
  0xE4, 0x03, 0x81, 0xC0, 0x60, 0x30, 0x00, 0x00, 0x01, 0xF0, 0xFF, 0x00,
  0xC0, 0x30, 0x0C, 0x7F, 0x7C, 0xF8, 0x3C, 0x0F, 0x03, 0xC1, 0xDF, 0xD3,
  0xE4, 0x06, 0x03, 0xC1, 0x98, 0xC3, 0x00, 0x00, 0x01, 0xF0, 0xFF, 0x00,
  0xC0, 0x30, 0x0C, 0x7F, 0x7C, 0xF8, 0x3C, 0x0F, 0x03, 0xC1, 0xDF, 0xD3,
  0xE4, 0x38, 0xDF, 0xE4, 0x38, 0x00, 0x00, 0x07, 0xC3, 0xFC, 0x03, 0x00,
  0xC0, 0x31, 0xFD, 0xF3, 0xE0, 0xF0, 0x3C, 0x0F, 0x07, 0x7F, 0x4F, 0x90,
  0x19, 0x86, 0x60, 0x00, 0x00, 0x1F, 0x0F, 0xF0, 0x0C, 0x03, 0x00, 0xC7,
  0xF7, 0xCF, 0x83, 0xC0, 0xF0, 0x3C, 0x1D, 0xFD, 0x3E, 0x40, 0x0E, 0x06,
  0x41, 0x10, 0x64, 0x0E, 0x00, 0x00, 0x00, 0x7C, 0x3F, 0xC0, 0x30, 0x0C,
  0x03, 0x1F, 0xDF, 0x3E, 0x0F, 0x03, 0xC0, 0xF0, 0x77, 0xF4, 0xF9, 0x1F,
  0x1F, 0x1F, 0xEF, 0xE0, 0x0E, 0x0C, 0x03, 0x83, 0x00, 0xC0, 0xC0, 0x3F,
  0xF3, 0xFF, 0xFD, 0xC3, 0x00, 0xC0, 0xC0, 0x30, 0x38, 0x0C, 0x1E, 0x01,
  0xFC, 0xFF, 0x3E, 0x1F, 0x80, 0x0F, 0x8F, 0xE7, 0x01, 0x80, 0x60, 0x30,
  0x0C, 0x03, 0x00, 0x60, 0x18, 0x07, 0x00, 0xFF, 0x0F, 0x81, 0x00, 0x40,
  0x0C, 0x03, 0x00, 0xC1, 0xE0, 0x1C, 0x01, 0x80, 0x18, 0x01, 0x80, 0x00,
  0x00, 0x03, 0xC1, 0xFE, 0x70, 0xCC, 0x0D, 0x81, 0xFF, 0xFF, 0xFF, 0x80,
  0x18, 0x03, 0x00, 0x70, 0x07, 0xFC, 0x3F, 0x00, 0x01, 0xC0, 0x70, 0x0C,
  0x03, 0x00, 0x00, 0x00, 0x03, 0xC1, 0xFE, 0x70, 0xCC, 0x0D, 0x81, 0xFF,
  0xFF, 0xFF, 0x80, 0x18, 0x03, 0x00, 0x70, 0x07, 0xFC, 0x3F, 0x00, 0x06,
  0x01, 0xE0, 0x66, 0x18, 0x60, 0x00, 0x00, 0x03, 0xC1, 0xFE, 0x70, 0xCC,
  0x0D, 0x81, 0xFF, 0xFF, 0xFF, 0x80, 0x18, 0x03, 0x00, 0x70, 0x07, 0xFC,
  0x3F, 0x00, 0x19, 0x83, 0x30, 0x00, 0x00, 0x00, 0xF0, 0x7F, 0x9C, 0x33,
  0x03, 0x60, 0x7F, 0xFF, 0xFF, 0xE0, 0x06, 0x00, 0xC0, 0x1C, 0x01, 0xFF,
  0x0F, 0xC0, 0xE3, 0x0C, 0x30, 0x00, 0xC6, 0x31, 0x8C, 0x63, 0x18, 0xC6,
  0x31, 0x8C, 0x3B, 0x99, 0x80, 0x03, 0x18, 0xC6, 0x31, 0x8C, 0x63, 0x18,
  0xC6, 0x30, 0x18, 0x3C, 0x66, 0xC3, 0x00, 0x00, 0x18, 0x18, 0x18, 0x18,
  0x18, 0x18, 0x18, 0x18, 0x18, 0x18, 0x18, 0x18, 0x18, 0xCF, 0x30, 0x00,
  0x30, 0xC3, 0x0C, 0x30, 0xC3, 0x0C, 0x30, 0xC3, 0x0C, 0x30, 0x08, 0x40,
  0xEC, 0x07, 0x80, 0xF8, 0x18, 0xC0, 0x0E, 0x00, 0x61, 0xF2, 0x3F, 0xF6,
  0x07, 0x60, 0x3C, 0x03, 0xC0, 0x3C, 0x03, 0x60, 0x36, 0x06, 0x3F, 0xC1,
  0xF8, 0x38, 0xCF, 0xF1, 0x0E, 0x00, 0x00, 0x01, 0x9F, 0x3F, 0xF7, 0x06,
  0xC0, 0x78, 0x0F, 0x01, 0xE0, 0x3C, 0x07, 0x80, 0xF0, 0x1E, 0x03, 0xC0,
  0x78, 0x0C, 0x1C, 0x00, 0xC0, 0x06, 0x00, 0x30, 0x00, 0x00, 0x00, 0x0F,
  0x83, 0xFC, 0x70, 0x66, 0x03, 0x60, 0x3C, 0x03, 0xC0, 0x3C, 0x03, 0x60,
  0x36, 0x03, 0x70, 0x63, 0xFC, 0x0F, 0x80, 0x01, 0xC0, 0x38, 0x03, 0x00,
  0x60, 0x00, 0x00, 0x00, 0x0F, 0x83, 0xFC, 0x70, 0x66, 0x03, 0x60, 0x3C,
  0x03, 0xC0, 0x3C, 0x03, 0x60, 0x36, 0x03, 0x70, 0x63, 0xFC, 0x0F, 0x80,
  0x06, 0x00, 0xF0, 0x19, 0x83, 0x0C, 0x00, 0x00, 0x00, 0x0F, 0x83, 0xFC,
  0x70, 0x66, 0x03, 0x60, 0x3C, 0x03, 0xC0, 0x3C, 0x03, 0x60, 0x36, 0x03,
  0x70, 0x63, 0xFC, 0x0F, 0x80, 0x1C, 0x63, 0xFC, 0x21, 0xC0, 0x00, 0x00,
  0x00, 0xF8, 0x3F, 0xC7, 0x06, 0x60, 0x36, 0x03, 0xC0, 0x3C, 0x03, 0xC0,
  0x36, 0x03, 0x60, 0x37, 0x06, 0x3F, 0xC0, 0xF8, 0x19, 0x81, 0x98, 0x00,
  0x00, 0x00, 0x0F, 0x83, 0xFC, 0x70, 0x66, 0x03, 0x60, 0x3C, 0x03, 0xC0,
  0x3C, 0x03, 0x60, 0x36, 0x03, 0x70, 0x63, 0xFC, 0x0F, 0x80, 0x06, 0x00,
  0x60, 0x00, 0x00, 0x00, 0xFF, 0xFF, 0xFF, 0x00, 0x00, 0x00, 0x06, 0x00,
  0x60, 0x06, 0x00, 0x00, 0x20, 0xFA, 0x3F, 0xE7, 0x0E, 0x60, 0xF6, 0x1B,
  0xC3, 0x3C, 0x63, 0xCC, 0x36, 0xC3, 0x78, 0x37, 0x06, 0x3F, 0xC6, 0xF8,
  0x40, 0x00, 0x38, 0x03, 0x00, 0x30, 0x03, 0x00, 0x00, 0x00, 0x30, 0x1E,
  0x03, 0xC0, 0x78, 0x0F, 0x01, 0xE0, 0x3C, 0x07, 0x80, 0xF0, 0x1E, 0x07,
  0xE0, 0xEF, 0xEC, 0xF9, 0x80, 0x03, 0x80, 0xE0, 0x18, 0x06, 0x00, 0x00,
  0x00, 0x30, 0x1E, 0x03, 0xC0, 0x78, 0x0F, 0x01, 0xE0, 0x3C, 0x07, 0x80,
  0xF0, 0x1E, 0x07, 0xE0, 0xEF, 0xEC, 0xF9, 0x80, 0x06, 0x01, 0xE0, 0x66,
  0x18, 0x60, 0x00, 0x00, 0x30, 0x1E, 0x03, 0xC0, 0x78, 0x0F, 0x01, 0xE0,
  0x3C, 0x07, 0x80, 0xF0, 0x1E, 0x07, 0xE0, 0xEF, 0xEC, 0xF9, 0x80, 0x33,
  0x06, 0x60, 0x00, 0x00, 0x0C, 0x07, 0x80, 0xF0, 0x1E, 0x03, 0xC0, 0x78,
  0x0F, 0x01, 0xE0, 0x3C, 0x07, 0x81, 0xF8, 0x3B, 0xFB, 0x3E, 0x60, 0x01,
  0xC0, 0x38, 0x03, 0x00, 0x60, 0x00, 0x00, 0x00, 0xC0, 0x36, 0x06, 0x60,
  0x66, 0x06, 0x30, 0xC3, 0x0C, 0x18, 0xC1, 0x98, 0x19, 0x80, 0xD8, 0x0F,
  0x00, 0x70, 0x06, 0x00, 0x60, 0x06, 0x00, 0xC0, 0x0C, 0x0F, 0x80, 0xF0,
  0x00, 0xC0, 0x18, 0x03, 0x00, 0x60, 0x0C, 0x01, 0x9E, 0x3F, 0xF7, 0x07,
  0xC0, 0x78, 0x0F, 0x01, 0xE0, 0x3C, 0x07, 0x80, 0xF8, 0x1F, 0x06, 0xFF,
  0xD9, 0xE3, 0x00, 0x60, 0x0C, 0x01, 0x80, 0x30, 0x06, 0x00, 0x19, 0x81,
  0x98, 0x00, 0x00, 0x00, 0xC0, 0x36, 0x06, 0x60, 0x66, 0x06, 0x30, 0xC3,
  0x0C, 0x18, 0xC1, 0x98, 0x19, 0x80, 0xD8, 0x0F, 0x00, 0x70, 0x06, 0x00,
  0x60, 0x06, 0x00, 0xC0, 0x0C, 0x0F, 0x80, 0xF0, 0x00 };

const GFXglyph OpenSans_Regular12pt8bGlyphs[] PROGMEM = {
  {     0,   1,   1,   6,    0,    0 },   // 0x20 ' '
  {     1,   3,  17,   6,    2,  -16 },   // 0x21 '!'
  {     8,   6,   6,  10,    2,  -16 },   // 0x22 '"'
  {    13,  14,  17,  16,    1,  -16 },   // 0x23 '#'
  {    43,  11,  19,  14,    1,  -17 },   // 0x24 '$'
  {    70,  18,  17,  20,    1,  -16 },   // 0x25 '%'
  {   109,  16,  17,  17,    1,  -16 },   // 0x26 '&'
  {   143,   2,   6,   5,    2,  -16 },   // 0x27 '''
  {   145,   5,  21,   7,    1,  -16 },   // 0x28 '('
  {   159,   5,  21,   7,    1,  -16 },   // 0x29 ')'
  {   173,  11,  11,  13,    1,  -17 },   // 0x2A '*'
  {   189,  11,  12,  14,    1,  -14 },   // 0x2B '+'
  {   206,   3,   6,   6,    1,   -2 },   // 0x2C ','
  {   209,   6,   2,   8,    1,   -7 },   // 0x2D '-'
  {   211,   3,   3,   6,    2,   -2 },   // 0x2E '.'
  {   213,   9,  17,   9,    0,  -16 },   // 0x2F '/'
  {   233,  12,  17,  14,    1,  -16 },   // 0x30 '0'
  {   259,   6,  17,  14,    2,  -16 },   // 0x31 '1'
  {   272,  11,  17,  14,    1,  -16 },   // 0x32 '2'
  {   296,  11,  17,  14,    1,  -16 },   // 0x33 '3'
  {   320,  12,  17,  14,    1,  -16 },   // 0x34 '4'
  {   346,  10,  17,  14,    2,  -16 },   // 0x35 '5'
  {   368,  12,  17,  14,    1,  -16 },   // 0x36 '6'
  {   394,  12,  17,  14,    1,  -16 },   // 0x37 '7'
  {   420,  11,  17,  14,    1,  -16 },   // 0x38 '8'
  {   444,  11,  17,  14,    1,  -16 },   // 0x39 '9'
  {   468,   3,  13,   6,    2,  -12 },   // 0x3A ':'
  {   473,   4,  16,   6,    1,  -12 },   // 0x3B ';'
  {   481,  11,  12,  14,    1,  -14 },   // 0x3C '<'
  {   498,  11,   7,  14,    1,  -11 },   // 0x3D '='
  {   508,  11,  12,  14,    1,  -14 },   // 0x3E '>'
  {   525,  10,  17,  10,    0,  -16 },   // 0x3F '?'
  {   547,  19,  19,  22,    1,  -16 },   // 0x40 '@'
  {   593,  15,  17,  15,    0,  -16 },   // 0x41 'A'
  {   625,  12,  17,  16,    2,  -16 },   // 0x42 'B'
  {   651,  13,  17,  15,    1,  -16 },   // 0x43 'C'
  {   679,  14,  17,  17,    2,  -16 },   // 0x44 'D'
  {   709,  10,  17,  13,    2,  -16 },   // 0x45 'E'
  {   731,  10,  17,  12,    2,  -16 },   // 0x46 'F'
  {   753,  15,  17,  17,    1,  -16 },   // 0x47 'G'
  {   785,  13,  17,  18,    2,  -16 },   // 0x48 'H'
  {   813,   2,  17,   7,    2,  -16 },   // 0x49 'I'
  {   818,   6,  22,   6,   -2,  -16 },   // 0x4A 'J'
  {   835,  13,  17,  15,    2,  -16 },   // 0x4B 'K'
  {   863,  10,  17,  13,    2,  -16 },   // 0x4C 'L'
  {   885,  17,  17,  22,    2,  -16 },   // 0x4D 'M'
  {   922,  14,  17,  18,    2,  -16 },   // 0x4E 'N'
  {   952,  16,  17,  19,    1,  -16 },   // 0x4F 'O'
  {   986,  11,  17,  14,    2,  -16 },   // 0x50 'P'
  {  1010,  16,  21,  19,    1,  -16 },   // 0x51 'Q'
  {  1052,  12,  17,  15,    2,  -16 },   // 0x52 'R'
  {  1078,  11,  17,  13,    1,  -16 },   // 0x53 'S'
  {  1102,  13,  17,  13,    0,  -16 },   // 0x54 'T'
  {  1130,  13,  17,  18,    2,  -16 },   // 0x55 'U'
  {  1158,  14,  17,  14,    0,  -16 },   // 0x56 'V'
  {  1188,  22,  17,  22,    0,  -16 },   // 0x57 'W'
  {  1235,  14,  17,  14,    0,  -16 },   // 0x58 'X'
  {  1265,  13,  17,  13,    0,  -16 },   // 0x59 'Y'
  {  1293,  12,  17,  14,    1,  -16 },   // 0x5A 'Z'
  {  1319,   5,  21,   8,    2,  -16 },   // 0x5B '['
  {  1333,   9,  17,   9,    0,  -16 },   // 0x5C '\'
  {  1353,   5,  21,   8,    1,  -16 },   // 0x5D ']'
  {  1367,  12,  11,  14,    1,  -16 },   // 0x5E '^'
  {  1384,  11,   1,  11,    0,    3 },   // 0x5F '_'
  {  1386,   5,   4,   7,    1,  -18 },   // 0x60 '`'
  {  1389,  10,  13,  13,    1,  -12 },   // 0x61 'a'
  {  1406,  11,  18,  15,    2,  -17 },   // 0x62 'b'
  {  1431,  10,  13,  12,    1,  -12 },   // 0x63 'c'
  {  1448,  12,  18,  15,    1,  -17 },   // 0x64 'd'
  {  1475,  11,  13,  13,    1,  -12 },   // 0x65 'e'
  {  1493,   9,  18,   8,    0,  -17 },   // 0x66 'f'
  {  1514,  13,  19,  13,    0,  -12 },   // 0x67 'g'
  {  1545,  11,  18,  15,    2,  -17 },   // 0x68 'h'
  {  1570,   2,  18,   6,    2,  -17 },   // 0x69 'i'
  {  1575,   5,  24,   6,   -1,  -17 },   // 0x6A 'j'
  {  1590,  10,  18,  13,    2,  -17 },   // 0x6B 'k'
  {  1613,   2,  18,   6,    2,  -17 },   // 0x6C 'l'
  {  1618,  18,  13,  22,    2,  -12 },   // 0x6D 'm'
  {  1648,  11,  13,  15,    2,  -12 },   // 0x6E 'n'
  {  1666,  12,  13,  14,    1,  -12 },   // 0x6F 'o'
  {  1686,  11,  19,  15,    2,  -12 },   // 0x70 'p'
  {  1713,  12,  19,  15,    1,  -12 },   // 0x71 'q'
  {  1742,   7,  13,  10,    2,  -12 },   // 0x72 'r'
  {  1754,   9,  13,  11,    1,  -12 },   // 0x73 's'
  {  1769,   8,  16,   9,    0,  -15 },   // 0x74 't'
  {  1785,  11,  13,  15,    2,  -12 },   // 0x75 'u'
  {  1803,  12,  13,  12,    0,  -12 },   // 0x76 'v'
  {  1823,  18,  13,  19,    0,  -12 },   // 0x77 'w'
  {  1853,  12,  13,  13,    0,  -12 },   // 0x78 'x'
  {  1873,  12,  19,  12,    0,  -12 },   // 0x79 'y'
  {  1902,   9,  13,  11,    1,  -12 },   // 0x7A 'z'
  {  1917,   7,  21,   9,    1,  -16 },   // 0x7B '{'
  {  1936,   1,  24,  13,    6,  -17 },   // 0x7C '|'
  {  1939,   7,  21,   9,    1,  -16 },   // 0x7D '}'
  {  1958,  11,   3,  14,    1,   -9 },   // 0x7E '~'
  {  1963,   1,   1,  14,    0,    0 },   // 0x7F
  {  1964,   1,   1,  14,    0,    0 },   // 0x80
  {  1965,   1,   1,  14,    0,    0 },   // 0x81
  {  1966,   1,   1,  14,    0,    0 },   // 0x82
  {  1967,   1,   1,  14,    0,    0 },   // 0x83
  {  1968,   1,   1,  14,    0,    0 },   // 0x84
  {  1969,   1,   1,  14,    0,    0 },   // 0x85
  {  1970,   1,   1,  14,    0,    0 },   // 0x86
  {  1971,   1,   1,  14,    0,    0 },   // 0x87
  {  1972,   1,   1,  14,    0,    0 },   // 0x88
  {  1973,   1,   1,  14,    0,    0 },   // 0x89
  {  1974,   1,   1,  14,    0,    0 },   // 0x8A
  {  1975,   1,   1,  14,    0,    0 },   // 0x8B
  {  1976,   1,   1,  14,    0,    0 },   // 0x8C
  {  1977,   1,   1,  14,    0,    0 },   // 0x8D
  {  1978,   1,   1,  14,    0,    0 },   // 0x8E
  {  1979,   1,   1,  14,    0,    0 },   // 0x8F
  {  1980,   1,   1,  14,    0,    0 },   // 0x90
  {  1981,   1,   1,  14,    0,    0 },   // 0x91
  {  1982,   1,   1,  14,    0,    0 },   // 0x92
  {  1983,   1,   1,  14,    0,    0 },   // 0x93
  {  1984,   1,   1,  14,    0,    0 },   // 0x94
  {  1985,   1,   1,  14,    0,    0 },   // 0x95
  {  1986,   1,   1,  14,    0,    0 },   // 0x96
  {  1987,   1,   1,  14,    0,    0 },   // 0x97
  {  1988,   1,   1,  14,    0,    0 },   // 0x98
  {  1989,   1,   1,  14,    0,    0 },   // 0x99
  {  1990,   1,   1,  14,    0,    0 },   // 0x9A
  {  1991,   1,   1,  14,    0,    0 },   // 0x9B
  {  1992,   1,   1,  14,    0,    0 },   // 0x9C
  {  1993,   1,   1,  14,    0,    0 },   // 0x9D
  {  1994,   1,   1,  14,    0,    0 },   // 0x9E
  {  1995,   1,   1,  14,    0,    0 },   // 0x9F
  {  1996,   1,   1,   6,    0,    0 },   // 0xA0
  {  1997,   3,  17,   6,    2,  -12 },   // 0xA1
  {  2004,  10,  17,  14,    2,  -16 },   // 0xA2
  {  2026,  12,  17,  14,    1,  -16 },   // 0xA3
  {  2052,  11,  11,  14,    1,  -13 },   // 0xA4
  {  2068,  13,  17,  14,    0,  -16 },   // 0xA5
  {  2096,   1,  24,  13,    6,  -17 },   // 0xA6
  {  2099,  10,  18,  12,    1,  -17 },   // 0xA7
  {  2122,   6,   2,  14,    4,  -16 },   // 0xA8
  {  2124,  18,  17,  20,    1,  -16 },   // 0xA9
  {  2163,   6,   8,   8,    1,  -16 },   // 0xAA
  {  2169,  10,  10,  12,    1,  -10 },   // 0xAB
  {  2182,  11,   6,  14,    1,   -8 },   // 0xAC
  {  2191,   6,   2,   8,    1,   -7 },   // 0xAD
  {  2193,  18,  17,  20,    1,  -16 },   // 0xAE
  {  2232,  12,   1,  12,    0,  -18 },   // 0xAF
  {  2234,   8,   7,  10,    1,  -16 },   // 0xB0
  {  2241,  12,  15,  14,    1,  -14 },   // 0xB1
  {  2264,   6,  10,   8,    1,  -19 },   // 0xB2
  {  2272,   8,  10,   8,    0,  -19 },   // 0xB3
  {  2282,   5,   4,   7,    1,  -18 },   // 0xB4
  {  2285,  11,  19,  15,    2,  -12 },   // 0xB5
  {  2312,  12,  21,  16,    1,  -17 },   // 0xB6
  {  2344,   3,   3,   6,    2,   -9 },   // 0xB7
  {  2346,   5,   6,   5,    0,    1 },   // 0xB8
  {  2350,   5,  10,   8,    1,  -19 },   // 0xB9
  {  2357,   7,   8,   9,    1,  -16 },   // 0xBA
  {  2364,  10,  10,  12,    1,  -10 },   // 0xBB
  {  2377,  17,  17,  18,    1,  -16 },   // 0xBC
  {  2414,  16,  17,  18,    1,  -16 },   // 0xBD
  {  2448,  18,  17,  19,    0,  -16 },   // 0xBE
  {  2487,   9,  18,  10,    1,  -12 },   // 0xBF
  {  2508,  15,  23,  15,    0,  -22 },   // 0xC0
  {  2552,  15,  23,  15,    0,  -22 },   // 0xC1
  {  2596,  15,  23,  15,    0,  -22 },   // 0xC2
  {  2640,  15,  22,  15,    0,  -21 },   // 0xC3
  {  2682,  15,  21,  15,    0,  -20 },   // 0xC4
  {  2722,  15,  22,  15,    0,  -21 },   // 0xC5
  {  2764,  20,  17,  21,    0,  -16 },   // 0xC6
  {  2807,  13,  23,  15,    1,  -16 },   // 0xC7
  {  2845,  10,  23,  13,    2,  -22 },   // 0xC8
  {  2874,  10,  23,  13,    2,  -22 },   // 0xC9
  {  2903,  10,  23,  13,    2,  -22 },   // 0xCA
  {  2932,  10,  21,  13,    2,  -20 },   // 0xCB
  {  2959,   5,  23,   7,    0,  -22 },   // 0xCC
  {  2974,   5,  23,   7,    2,  -22 },   // 0xCD
  {  2989,   8,  23,   7,   -1,  -22 },   // 0xCE
  {  3012,   6,  21,   7,    0,  -20 },   // 0xCF
  {  3028,  15,  17,  17,    1,  -16 },   // 0xD0
  {  3060,  14,  22,  18,    2,  -21 },   // 0xD1
  {  3099,  16,  23,  19,    1,  -22 },   // 0xD2
  {  3145,  16,  23,  19,    1,  -22 },   // 0xD3
  {  3191,  16,  23,  19,    1,  -22 },   // 0xD4
  {  3237,  16,  22,  19,    1,  -21 },   // 0xD5
  {  3281,  16,  21,  19,    1,  -20 },   // 0xD6
  {  3323,  10,  11,  14,    2,  -13 },   // 0xD7
  {  3337,  16,  19,  19,    1,  -17 },   // 0xD8
  {  3375,  13,  23,  18,    2,  -22 },   // 0xD9
  {  3413,  13,  23,  18,    2,  -22 },   // 0xDA
  {  3451,  13,  23,  18,    2,  -22 },   // 0xDB
  {  3489,  13,  21,  18,    2,  -20 },   // 0xDC
  {  3524,  13,  23,  13,    0,  -22 },   // 0xDD
  {  3562,  11,  17,  14,    2,  -16 },   // 0xDE
  {  3586,  12,  18,  15,    2,  -17 },   // 0xDF
  {  3613,  10,  19,  13,    1,  -18 },   // 0xE0
  {  3637,  10,  19,  13,    1,  -18 },   // 0xE1
  {  3661,  10,  19,  13,    1,  -18 },   // 0xE2
  {  3685,  10,  18,  13,    1,  -17 },   // 0xE3
  {  3708,  10,  17,  13,    1,  -16 },   // 0xE4
  {  3730,  10,  20,  13,    1,  -19 },   // 0xE5
  {  3755,  18,  13,  21,    1,  -12 },   // 0xE6
  {  3785,  10,  19,  12,    1,  -12 },   // 0xE7
  {  3809,  11,  19,  13,    1,  -18 },   // 0xE8
  {  3836,  11,  19,  13,    1,  -18 },   // 0xE9
  {  3863,  11,  19,  13,    1,  -18 },   // 0xEA
  {  3890,  11,  17,  13,    1,  -16 },   // 0xEB
  {  3914,   5,  19,   6,    0,  -18 },   // 0xEC
  {  3926,   5,  19,   6,    2,  -18 },   // 0xED
  {  3938,   8,  19,   6,   -1,  -18 },   // 0xEE
  {  3957,   6,  17,   6,    0,  -16 },   // 0xEF
  {  3970,  12,  18,  14,    1,  -17 },   // 0xF0
  {  3997,  11,  18,  15,    2,  -17 },   // 0xF1
  {  4022,  12,  19,  14,    1,  -18 },   // 0xF2
  {  4051,  12,  19,  14,    1,  -18 },   // 0xF3
  {  4080,  12,  19,  14,    1,  -18 },   // 0xF4
  {  4109,  12,  18,  14,    1,  -17 },   // 0xF5
  {  4136,  12,  17,  14,    1,  -16 },   // 0xF6
  {  4162,  12,  11,  14,    1,  -13 },   // 0xF7
  {  4179,  12,  15,  14,    1,  -13 },   // 0xF8
  {  4202,  11,  19,  15,    2,  -18 },   // 0xF9
  {  4229,  11,  19,  15,    2,  -18 },   // 0xFA
  {  4256,  11,  19,  15,    2,  -18 },   // 0xFB
  {  4283,  11,  17,  15,    2,  -16 },   // 0xFC
  {  4307,  12,  25,  12,    0,  -18 },   // 0xFD
  {  4345,  11,  24,  15,    2,  -17 },   // 0xFE
  {  4378,  12,  23,  12,    0,  -16 } }; // 0xFF

const GFXfont OpenSans_Regular12pt8b PROGMEM = {
  (uint8_t  *)OpenSans_Regular12pt8bBitmaps,
  (GFXglyph *)OpenSans_Regular12pt8bGlyphs,
  0x20, 0xFF, 32 };

// Approx. 5988 bytes

const uint8_t OpenSans_Regular13pt8bBitmaps[] PROGMEM = {
  0x00, 0xFB, 0x6D, 0xB6, 0xC9, 0x20, 0x07, 0xF8, 0xCF, 0x3C, 0xF3, 0x8E,
  0x10, 0x06, 0x10, 0x0C, 0x60, 0x10, 0xC0, 0x21, 0x80, 0xC2, 0x0F, 0xFF,
  0xDF, 0xFF, 0x84, 0x30, 0x08, 0x60, 0x30, 0x80, 0x61, 0x07, 0xFF, 0xEF,
  0xFF, 0xC2, 0x18, 0x0C, 0x20, 0x18, 0x40, 0x31, 0x80, 0x63, 0x00, 0x0C,
  0x01, 0x80, 0xFE, 0x3F, 0xEC, 0xC5, 0x98, 0x33, 0x06, 0x60, 0xFC, 0x0F,
  0xC0, 0x3E, 0x06, 0xE0, 0xCE, 0x18, 0xC3, 0x18, 0x66, 0xFF, 0xDF, 0xE0,
  0x30, 0x06, 0x00, 0xC0, 0x3C, 0x06, 0x1F, 0x81, 0x04, 0x60, 0xC3, 0x08,
  0x60, 0xC3, 0x18, 0x30, 0xCC, 0x0C, 0x33, 0x03, 0x09, 0x9C, 0x46, 0x6F,
  0xDF, 0xB6, 0x33, 0xC9, 0x84, 0x06, 0x61, 0x01, 0x18, 0x40, 0xC6, 0x10,
  0x61, 0x84, 0x18, 0x63, 0x0C, 0x0F, 0xC3, 0x01, 0xE0, 0x0F, 0x80, 0x0F,
  0xE0, 0x0C, 0x38, 0x06, 0x0C, 0x03, 0x06, 0x01, 0xC6, 0x00, 0x67, 0x00,
  0x1E, 0x00, 0x1E, 0x00, 0x1D, 0xC1, 0x9C, 0x70, 0xCC, 0x1C, 0xCE, 0x07,
  0x66, 0x01, 0xE3, 0x80, 0x70, 0xE0, 0xFC, 0x3F, 0xE7, 0x0F, 0xC1, 0xC0,
  0xFF, 0xA0, 0x18, 0x63, 0x0C, 0x61, 0x8E, 0x30, 0xC3, 0x0C, 0x30, 0xC3,
  0x0C, 0x38, 0x61, 0x87, 0x0C, 0x18, 0x60, 0xC3, 0x18, 0x63, 0x1C, 0x63,
  0x18, 0xC6, 0x31, 0x8C, 0x63, 0x39, 0x8C, 0xC6, 0x60, 0x06, 0x00, 0x60,
  0x06, 0x08, 0x60, 0xF6, 0xEF, 0xFF, 0x0E, 0x00, 0xB0, 0x19, 0x83, 0x1C,
  0x10, 0x80, 0x06, 0x00, 0x60, 0x06, 0x00, 0x60, 0x06, 0x0F, 0xFF, 0xFF,
  0xF0, 0x60, 0x06, 0x00, 0x60, 0x06, 0x00, 0x60, 0x76, 0x66, 0xCC, 0xFF,
  0xF0, 0xFF, 0x00, 0x01, 0x81, 0x80, 0xC0, 0x60, 0x60, 0x30, 0x38, 0x18,
  0x0C, 0x0C, 0x06, 0x03, 0x03, 0x01, 0x80, 0xC0, 0xC0, 0x60, 0x60, 0x00,
  0x0F, 0x83, 0xFC, 0x30, 0xE6, 0x06, 0x60, 0x6E, 0x03, 0xC0, 0x3C, 0x03,
  0xC0, 0x3C, 0x03, 0xC0, 0x3C, 0x03, 0x60, 0x36, 0x07, 0x60, 0x63, 0x0E,
  0x3F, 0xC0, 0xF8, 0x0E, 0x3C, 0xDF, 0x34, 0x60, 0xC1, 0x83, 0x06, 0x0C,
  0x18, 0x30, 0x60, 0xC1, 0x83, 0x06, 0x0C, 0x1F, 0x87, 0xFC, 0x60, 0xE0,
  0x06, 0x00, 0x60, 0x06, 0x00, 0x60, 0x0E, 0x00, 0xC0, 0x18, 0x03, 0x00,
  0x60, 0x0C, 0x01, 0x80, 0x30, 0x06, 0x00, 0xFF, 0xFF, 0xFF, 0x1F, 0x87,
  0xFC, 0x60, 0xE0, 0x06, 0x00, 0x60, 0x06, 0x00, 0x60, 0x0C, 0x1F, 0x81,
  0xF8, 0x00, 0xE0, 0x07, 0x00, 0x30, 0x03, 0x00, 0x78, 0x0E, 0xFF, 0xC7,
  0xF0, 0x00, 0xC0, 0x0E, 0x00, 0xF0, 0x07, 0x80, 0x6C, 0x06, 0x60, 0x33,
  0x03, 0x18, 0x30, 0xC3, 0x06, 0x18, 0x31, 0x81, 0x8F, 0xFF, 0xFF, 0xFC,
  0x03, 0x00, 0x18, 0x00, 0xC0, 0x06, 0x00, 0x7F, 0xCF, 0xF9, 0x00, 0x60,
  0x0C, 0x01, 0x80, 0x30, 0x07, 0xF8, 0xFF, 0x80, 0x38, 0x03, 0x80, 0x30,
  0x06, 0x00, 0xC0, 0x30, 0x0E, 0xFF, 0x8F, 0xC0, 0x07, 0xE0, 0xFE, 0x38,
  0x03, 0x00, 0x60, 0x06, 0x00, 0x60, 0x06, 0xF8, 0xDF, 0xEF, 0x06, 0xE0,
  0x3E, 0x03, 0x60, 0x36, 0x03, 0x60, 0x33, 0x06, 0x1F, 0xE0, 0xF8, 0xFF,
  0xFF, 0xFF, 0x00, 0x30, 0x06, 0x00, 0x60, 0x0C, 0x00, 0xC0, 0x18, 0x01,
  0x80, 0x38, 0x03, 0x00, 0x70, 0x06, 0x00, 0x60, 0x0C, 0x00, 0xC0, 0x18,
  0x01, 0x80, 0x1F, 0x83, 0xFC, 0x70, 0x66, 0x06, 0x60, 0x66, 0x06, 0x30,
  0xE3, 0xDC, 0x0F, 0x03, 0xFC, 0x70, 0xE6, 0x07, 0xC0, 0x3C, 0x03, 0xC0,
  0x36, 0x06, 0x7F, 0xE1, 0xF8, 0x1F, 0x03, 0xFC, 0x70, 0xE6, 0x06, 0xC0,
  0x3C, 0x03, 0xC0, 0x3E, 0x07, 0x60, 0x73, 0xFB, 0x1F, 0x30, 0x03, 0x00,
  0x60, 0x06, 0x00, 0xE0, 0x1C, 0x3F, 0x83, 0xE0, 0xDF, 0x80, 0x00, 0x03,
  0xFC, 0x67, 0x60, 0x00, 0x00, 0x00, 0x66, 0x6C, 0xCC, 0x00, 0x10, 0x07,
  0x01, 0xE0, 0x70, 0x1C, 0x07, 0x00, 0xE0, 0x03, 0xC0, 0x0F, 0x00, 0x3C,
  0x00, 0x70, 0x01, 0xFF, 0xFF, 0xFF, 0x00, 0x00, 0x00, 0x00, 0x0F, 0xFF,
  0xFF, 0xF0, 0x80, 0x0E, 0x00, 0x38, 0x00, 0xE0, 0x03, 0x80, 0x0F, 0x00,
  0x70, 0x1E, 0x0F, 0x03, 0xC0, 0xF0, 0x08, 0x00, 0x3F, 0x1F, 0xE4, 0x1C,
  0x03, 0x00, 0xC0, 0x30, 0x1C, 0x0E, 0x07, 0x03, 0x80, 0xC0, 0x20, 0x08,
  0x00, 0x00, 0x00, 0x70, 0x1C, 0x07, 0x00, 0x01, 0xFC, 0x00, 0x7F, 0xF0,
  0x0E, 0x01, 0xC1, 0x80, 0x0C, 0x30, 0x00, 0x62, 0x0F, 0xC2, 0x61, 0xFC,
  0x36, 0x30, 0x43, 0x43, 0x04, 0x3C, 0x60, 0x43, 0xC6, 0x0C, 0x3C, 0x20,
  0xC3, 0x43, 0x0C, 0x64, 0x3B, 0xFE, 0x61, 0xE3, 0xC6, 0x00, 0x00, 0x30,
  0x00, 0x01, 0xC0, 0x00, 0x0F, 0xFE, 0x00, 0x3F, 0xC0, 0x01, 0x80, 0x03,
  0x80, 0x03, 0xC0, 0x03, 0xC0, 0x06, 0x60, 0x06, 0x60, 0x0C, 0x60, 0x0C,
  0x30, 0x0C, 0x30, 0x18, 0x18, 0x1F, 0xF8, 0x1F, 0xF8, 0x30, 0x0C, 0x30,
  0x0C, 0x60, 0x0C, 0x60, 0x06, 0x60, 0x06, 0xC0, 0x07, 0xFF, 0x87, 0xFF,
  0x38, 0x1D, 0xC0, 0x6E, 0x03, 0x70, 0x1B, 0x81, 0x9F, 0xF8, 0xFF, 0xC7,
  0x03, 0xB8, 0x0D, 0xC0, 0x7E, 0x01, 0xF0, 0x1F, 0x80, 0xFC, 0x0E, 0xFF,
  0xE7, 0xFE, 0x00, 0x07, 0xF0, 0xFF, 0xCE, 0x04, 0xE0, 0x0E, 0x00, 0x60,
  0x03, 0x00, 0x18, 0x00, 0xC0, 0x06, 0x00, 0x30, 0x01, 0x80, 0x0C, 0x00,
  0x70, 0x01, 0xC0, 0x07, 0x00, 0x1F, 0xF0, 0x7F, 0x80, 0xFF, 0x81, 0xFF,
  0xC3, 0x81, 0xE7, 0x00, 0xCE, 0x01, 0xDC, 0x01, 0xB8, 0x03, 0x70, 0x07,
  0xE0, 0x0F, 0xC0, 0x1F, 0x80, 0x3F, 0x00, 0x6E, 0x00, 0xDC, 0x03, 0xB8,
  0x0E, 0x70, 0x38, 0xFF, 0xE1, 0xFF, 0x00, 0xFF, 0xFF, 0xFE, 0x03, 0x80,
  0xE0, 0x38, 0x0E, 0x03, 0xFF, 0xFF, 0xF8, 0x0E, 0x03, 0x80, 0xE0, 0x38,
  0x0E, 0x03, 0x80, 0xFF, 0xFF, 0xF0, 0xFF, 0xFF, 0xFE, 0x03, 0x80, 0xE0,
  0x38, 0x0E, 0x03, 0x80, 0xFF, 0xFF, 0xFE, 0x03, 0x80, 0xE0, 0x38, 0x0E,
  0x03, 0x80, 0xE0, 0x38, 0x00, 0x07, 0xF0, 0x7F, 0xF3, 0x80, 0x9C, 0x00,
  0xE0, 0x03, 0x00, 0x0C, 0x00, 0x30, 0x00, 0xC0, 0x03, 0x03, 0xFC, 0x0F,
  0xF0, 0x03, 0xC0, 0x0F, 0x80, 0x37, 0x00, 0xCE, 0x03, 0x1F, 0xFC, 0x1F,
  0xE0, 0xE0, 0x0F, 0x80, 0x3E, 0x00, 0xF8, 0x03, 0xE0, 0x0F, 0x80, 0x3E,
  0x00, 0xF8, 0x03, 0xFF, 0xFF, 0xFF, 0xFE, 0x00, 0xF8, 0x03, 0xE0, 0x0F,
  0x80, 0x3E, 0x00, 0xF8, 0x03, 0xE0, 0x0F, 0x80, 0x30, 0xFF, 0xFF, 0xFF,
  0xFF, 0xFF, 0xFF, 0xFC, 0x0C, 0x30, 0xC3, 0x0C, 0x30, 0xC3, 0x0C, 0x30,
  0xC3, 0x0C, 0x30, 0xC3, 0x0C, 0x30, 0xC3, 0x0F, 0xEF, 0x00, 0xE0, 0x3F,
  0x03, 0xB8, 0x39, 0xC3, 0x8E, 0x18, 0x71, 0x83, 0x98, 0x1D, 0x80, 0xFC,
  0x07, 0xB0, 0x39, 0xC1, 0xC7, 0x0E, 0x18, 0x70, 0x63, 0x83, 0x9C, 0x0E,
  0xE0, 0x37, 0x01, 0xC0, 0xE0, 0x38, 0x0E, 0x03, 0x80, 0xE0, 0x38, 0x0E,
  0x03, 0x80, 0xE0, 0x38, 0x0E, 0x03, 0x80, 0xE0, 0x38, 0x0E, 0x03, 0x80,
  0xFF, 0xFF, 0xF0, 0xF0, 0x01, 0xFC, 0x00, 0xFF, 0x00, 0x3F, 0x60, 0x0F,
  0xD8, 0x06, 0xF3, 0x01, 0xBC, 0xC0, 0xCF, 0x30, 0x33, 0xC6, 0x0C, 0xF1,
  0x86, 0x3C, 0x61, 0x8F, 0x0C, 0x43, 0xC3, 0x30, 0xF0, 0x6C, 0x3C, 0x1E,
  0x0F, 0x07, 0x83, 0xC0, 0xE0, 0xF0, 0x30, 0x30, 0xE0, 0x0F, 0xC0, 0x3F,
  0x00, 0xF6, 0x03, 0xDC, 0x0F, 0x30, 0x3C, 0x60, 0xF1, 0xC3, 0xC3, 0x0F,
  0x06, 0x3C, 0x1C, 0xF0, 0x33, 0xC0, 0xEF, 0x01, 0xDC, 0x03, 0x70, 0x0F,
  0xC0, 0x1F, 0x00, 0x30, 0x07, 0xE0, 0x1F, 0xF8, 0x38, 0x1C, 0x60, 0x0E,
  0xE0, 0x06, 0xC0, 0x06, 0xC0, 0x07, 0xC0, 0x03, 0xC0, 0x03, 0xC0, 0x03,
  0xC0, 0x03, 0xC0, 0x07, 0xC0, 0x06, 0xE0, 0x06, 0x60, 0x0E, 0x38, 0x1C,
  0x1F, 0xF8, 0x07, 0xE0, 0xFF, 0x8F, 0xFC, 0xE0, 0xEE, 0x07, 0xE0, 0x3E,
  0x03, 0xE0, 0x7E, 0x06, 0xE0, 0xEF, 0xFC, 0xFF, 0x0E, 0x00, 0xE0, 0x0E,
  0x00, 0xE0, 0x0E, 0x00, 0xE0, 0x0E, 0x00, 0x07, 0xE0, 0x1F, 0xF8, 0x38,
  0x1C, 0x60, 0x0E, 0xE0, 0x06, 0xC0, 0x06, 0xC0, 0x07, 0xC0, 0x03, 0xC0,
  0x03, 0xC0, 0x03, 0xC0, 0x03, 0xC0, 0x07, 0xC0, 0x06, 0xE0, 0x06, 0x60,
  0x0E, 0x38, 0x1C, 0x1F, 0xF8, 0x07, 0xE0, 0x00, 0x60, 0x00, 0x30, 0x00,
  0x18, 0x00, 0x1C, 0xFF, 0x87, 0xFF, 0x38, 0x39, 0xC0, 0xEE, 0x03, 0x70,
  0x1B, 0x81, 0x9C, 0x1C, 0xFF, 0xC7, 0xF8, 0x38, 0xE1, 0xC3, 0x0E, 0x0C,
  0x70, 0x63, 0x81, 0x9C, 0x0E, 0xE0, 0x37, 0x01, 0xC0, 0x1F, 0xC3, 0xFE,
  0x70, 0x26, 0x00, 0x60, 0x06, 0x00, 0x60, 0x03, 0x80, 0x1F, 0x00, 0x7C,
  0x01, 0xE0, 0x06, 0x00, 0x60, 0x07, 0x00, 0x68, 0x0E, 0xFF, 0xC7, 0xF0,
  0xFF, 0xFF, 0xFF, 0xF0, 0x30, 0x00, 0xC0, 0x03, 0x00, 0x0C, 0x00, 0x30,
  0x00, 0xC0, 0x03, 0x00, 0x0C, 0x00, 0x30, 0x00, 0xC0, 0x03, 0x00, 0x0C,
  0x00, 0x30, 0x00, 0xC0, 0x03, 0x00, 0x0C, 0x00, 0xC0, 0x0F, 0x00, 0x3C,
  0x00, 0xF0, 0x03, 0xC0, 0x0F, 0x00, 0x3C, 0x00, 0xF0, 0x03, 0xC0, 0x0F,
  0x00, 0x3C, 0x00, 0xF0, 0x03, 0xC0, 0x0F, 0x80, 0x36, 0x01, 0x9C, 0x0E,
  0x3F, 0xF0, 0x3F, 0x00, 0xC0, 0x06, 0xC0, 0x19, 0x80, 0x33, 0x00, 0xE3,
  0x01, 0x86, 0x03, 0x0C, 0x0E, 0x0C, 0x18, 0x18, 0x30, 0x38, 0xE0, 0x31,
  0x80, 0x63, 0x00, 0xEC, 0x00, 0xD8, 0x01, 0xB0, 0x01, 0xC0, 0x03, 0x80,
  0x07, 0x00, 0xE0, 0x38, 0x0E, 0xC0, 0x70, 0x19, 0x80, 0xE0, 0x33, 0x03,
  0x60, 0x63, 0x06, 0xC1, 0xC6, 0x0D, 0x83, 0x0C, 0x33, 0x06, 0x18, 0x63,
  0x0C, 0x18, 0xC6, 0x30, 0x31, 0x8C, 0x60, 0x66, 0x0C, 0xC0, 0xCC, 0x19,
  0x80, 0xD8, 0x36, 0x01, 0xA0, 0x2C, 0x03, 0xC0, 0x78, 0x07, 0x80, 0xF0,
  0x07, 0x01, 0xC0, 0x0C, 0x01, 0x80, 0x60, 0x1D, 0xC0, 0x63, 0x03, 0x06,
  0x0C, 0x1C, 0x60, 0x33, 0x00, 0x6C, 0x01, 0xE0, 0x03, 0x00, 0x1E, 0x00,
  0x7C, 0x03, 0x30, 0x0C, 0x60, 0x61, 0xC3, 0x03, 0x0C, 0x0E, 0x60, 0x1B,
  0x80, 0x30, 0xE0, 0x1D, 0x80, 0x67, 0x03, 0x8C, 0x0C, 0x38, 0x70, 0x61,
  0x81, 0xCC, 0x03, 0x30, 0x07, 0x80, 0x1E, 0x00, 0x30, 0x00, 0xC0, 0x03,
  0x00, 0x0C, 0x00, 0x30, 0x00, 0xC0, 0x03, 0x00, 0x0C, 0x00, 0xFF, 0xFF,
  0xFF, 0x00, 0x60, 0x0E, 0x00, 0xC0, 0x1C, 0x03, 0x80, 0x30, 0x07, 0x00,
  0x60, 0x0C, 0x01, 0xC0, 0x18, 0x03, 0x00, 0x70, 0x06, 0x00, 0xFF, 0xFF,
  0xFF, 0xFF, 0xFC, 0x30, 0xC3, 0x0C, 0x30, 0xC3, 0x0C, 0x30, 0xC3, 0x0C,
  0x30, 0xC3, 0x0C, 0x30, 0xFF, 0xF0, 0xC0, 0x30, 0x18, 0x06, 0x03, 0x01,
  0x80, 0x60, 0x30, 0x18, 0x06, 0x03, 0x01, 0xC0, 0x60, 0x30, 0x0C, 0x06,
  0x03, 0x00, 0xC0, 0xFF, 0xC6, 0x31, 0x8C, 0x63, 0x18, 0xC6, 0x31, 0x8C,
  0x63, 0x18, 0xC6, 0x3F, 0xFC, 0x06, 0x00, 0x60, 0x0F, 0x00, 0x90, 0x19,
  0x81, 0x08, 0x30, 0xC2, 0x04, 0x60, 0x66, 0x03, 0xC0, 0x30, 0xFF, 0xFF,
  0xFC, 0xE3, 0x0C, 0x30, 0x1F, 0x87, 0xF8, 0x83, 0x80, 0x30, 0x06, 0x3F,
  0xDF, 0x9B, 0x03, 0xC0, 0x78, 0x1F, 0x83, 0xBF, 0xB3, 0xE6, 0xC0, 0x0C,
  0x00, 0xC0, 0x0C, 0x00, 0xC0, 0x0C, 0x00, 0xCF, 0x8D, 0xFC, 0xE0, 0xEE,
  0x06, 0xC0, 0x3C, 0x03, 0xC0, 0x3C, 0x03, 0xC0, 0x3E, 0x06, 0xE0, 0xED,
  0xFC, 0xCF, 0x80, 0x0F, 0xCF, 0xF7, 0x01, 0x80, 0x60, 0x38, 0x0C, 0x03,
  0x80, 0x60, 0x18, 0x07, 0x00, 0xFF, 0x0F, 0xC0, 0x00, 0x30, 0x03, 0x00,
  0x30, 0x03, 0x00, 0x30, 0x03, 0x1F, 0x33, 0xFF, 0x70, 0x76, 0x03, 0x60,
  0x3E, 0x03, 0xC0, 0x3E, 0x03, 0x60, 0x36, 0x03, 0x70, 0x73, 0xFF, 0x1F,
  0x30, 0x0F, 0x83, 0xFC, 0x70, 0x66, 0x06, 0x60, 0x3F, 0xFF, 0xFF, 0xFE,
  0x00, 0x60, 0x06, 0x00, 0x70, 0x03, 0xFE, 0x0F, 0xC0, 0x07, 0xC3, 0xE1,
  0x80, 0x60, 0x18, 0x06, 0x07, 0xF3, 0xFC, 0x18, 0x06, 0x01, 0x80, 0x60,
  0x18, 0x06, 0x01, 0x80, 0x60, 0x18, 0x06, 0x01, 0x80, 0x0F, 0xF9, 0xFF,
  0xCC, 0x18, 0xE0, 0xC7, 0x06, 0x18, 0x30, 0xF7, 0x81, 0xF0, 0x18, 0x01,
  0x80, 0x0C, 0x00, 0x3F, 0xC3, 0xFF, 0x30, 0x1F, 0x80, 0x78, 0x03, 0x60,
  0x33, 0xFF, 0x87, 0xF0, 0xC0, 0x18, 0x03, 0x00, 0x60, 0x0C, 0x01, 0x80,
  0x33, 0xE6, 0xFE, 0xE0, 0x7C, 0x0F, 0x01, 0xE0, 0x3C, 0x07, 0x80, 0xF0,
  0x1E, 0x03, 0xC0, 0x78, 0x0F, 0x01, 0x80, 0x7C, 0x3F, 0xFF, 0xFF, 0xF0,
  0x08, 0xC6, 0x00, 0x0C, 0x63, 0x18, 0xC6, 0x31, 0x8C, 0x63, 0x18, 0xC6,
  0x31, 0x8F, 0xFE, 0xC0, 0x18, 0x03, 0x00, 0x60, 0x0C, 0x01, 0x80, 0x30,
  0x36, 0x0C, 0xC3, 0x18, 0xC3, 0x30, 0x6C, 0x0F, 0xC1, 0xDC, 0x31, 0x86,
  0x18, 0xC1, 0x98, 0x3B, 0x03, 0x80, 0xFF, 0xFF, 0xFF, 0xFF, 0xFC, 0xCF,
  0x8F, 0x9B, 0xFB, 0xFB, 0x83, 0xC3, 0xF0, 0x70, 0x3C, 0x06, 0x07, 0x80,
  0xC0, 0xF0, 0x18, 0x1E, 0x03, 0x03, 0xC0, 0x60, 0x78, 0x0C, 0x0F, 0x01,
  0x81, 0xE0, 0x30, 0x3C, 0x06, 0x06, 0xCF, 0x9B, 0xFB, 0x81, 0xF0, 0x3C,
  0x07, 0x80, 0xF0, 0x1E, 0x03, 0xC0, 0x78, 0x0F, 0x01, 0xE0, 0x3C, 0x06,
  0x0F, 0x81, 0xFF, 0x1C, 0x1C, 0xC0, 0x66, 0x03, 0x70, 0x0F, 0x00, 0x7C,
  0x07, 0x60, 0x33, 0x01, 0x9C, 0x1C, 0x7F, 0xC0, 0xF8, 0x00, 0xCF, 0x8D,
  0xFC, 0xE0, 0xEE, 0x06, 0xC0, 0x3C, 0x03, 0xC0, 0x3C, 0x03, 0xC0, 0x3E,
  0x06, 0xE0, 0xED, 0xFC, 0xCF, 0x8C, 0x00, 0xC0, 0x0C, 0x00, 0xC0, 0x0C,
  0x00, 0xC0, 0x00, 0x1F, 0x33, 0xFF, 0x70, 0x76, 0x03, 0x60, 0x3E, 0x03,
  0xC0, 0x3E, 0x03, 0x60, 0x36, 0x03, 0x70, 0x73, 0xFF, 0x1F, 0x30, 0x03,
  0x00, 0x30, 0x03, 0x00, 0x30, 0x03, 0x00, 0x30, 0xCF, 0xDF, 0xF0, 0xE0,
  0xC0, 0xC0, 0xC0, 0xC0, 0xC0, 0xC0, 0xC0, 0xC0, 0xC0, 0x3F, 0x9F, 0xEC,
  0x03, 0x00, 0x60, 0x1E, 0x01, 0xF0, 0x0E, 0x01, 0xC0, 0x38, 0x1F, 0xFE,
  0x7F, 0x00, 0x10, 0x10, 0x30, 0x7F, 0xFF, 0x30, 0x30, 0x30, 0x30, 0x30,
  0x30, 0x30, 0x30, 0x38, 0x1F, 0x0F, 0xC0, 0x78, 0x0F, 0x01, 0xE0, 0x3C,
  0x07, 0x80, 0xF0, 0x1E, 0x03, 0xC0, 0x78, 0x0F, 0x83, 0xBF, 0xF3, 0xE6,
  0xC0, 0x36, 0x03, 0x60, 0x76, 0x06, 0x30, 0x63, 0x0C, 0x18, 0xC1, 0x8C,
  0x19, 0x80, 0xD8, 0x0F, 0x00, 0xF0, 0x07, 0x00, 0xE0, 0xE0, 0x6C, 0x1C,
  0x0D, 0x83, 0xC3, 0x30, 0xD8, 0x63, 0x1B, 0x0C, 0x63, 0x31, 0x8C, 0xC6,
  0x61, 0x98, 0xCC, 0x1B, 0x0D, 0x83, 0x41, 0xE0, 0x78, 0x3C, 0x07, 0x03,
  0x80, 0xC0, 0x70, 0x60, 0x31, 0x83, 0x06, 0x38, 0x31, 0x80, 0xD8, 0x03,
  0x80, 0x1C, 0x01, 0xF0, 0x0D, 0x80, 0xC6, 0x0E, 0x18, 0x60, 0xE6, 0x03,
  0x00, 0xC0, 0x33, 0x01, 0x98, 0x1C, 0xE0, 0xC3, 0x06, 0x18, 0x60, 0x63,
  0x03, 0x18, 0x19, 0x80, 0x6C, 0x03, 0x40, 0x0E, 0x00, 0x70, 0x03, 0x00,
  0x18, 0x01, 0xC0, 0x0C, 0x07, 0xC0, 0x3C, 0x00, 0xFF, 0xFF, 0xF0, 0x18,
  0x0C, 0x06, 0x03, 0x80, 0xC0, 0x60, 0x30, 0x0C, 0x06, 0x03, 0xFF, 0xFF,
  0xC0, 0x07, 0x0F, 0x18, 0x18, 0x18, 0x18, 0x18, 0x18, 0x18, 0x30, 0xF0,
  0xE0, 0x30, 0x18, 0x18, 0x18, 0x18, 0x18, 0x18, 0x18, 0x1F, 0x07, 0xFF,
  0xFF, 0xFF, 0xFF, 0xFF, 0xFF, 0xC0, 0xE0, 0xF0, 0x30, 0x18, 0x18, 0x18,
  0x18, 0x18, 0x18, 0x18, 0x0F, 0x0F, 0x1C, 0x18, 0x18, 0x18, 0x18, 0x18,
  0x18, 0x30, 0xF0, 0xE0, 0x7C, 0x1F, 0xFF, 0x83, 0xE0, 0x00, 0x00, 0x00,
  0x00, 0x00, 0x00, 0x00, 0x00, 0x00, 0x00, 0x00, 0x00, 0x00, 0x00, 0x00,
  0x00, 0x00, 0x00, 0x00, 0x00, 0x00, 0x00, 0x00, 0x00, 0x00, 0x00, 0x00,
  0x00, 0x00, 0x00, 0x00, 0x00, 0x00, 0x00, 0xDF, 0x80, 0x12, 0xDB, 0x6D,
  0xB6, 0xD8, 0x06, 0x01, 0x80, 0xFC, 0xFF, 0x70, 0x18, 0x0E, 0x03, 0x00,
  0xC0, 0x30, 0x0C, 0x03, 0x80, 0x60, 0x1C, 0x03, 0xFC, 0x3E, 0x06, 0x01,
  0x80, 0x07, 0xC1, 0xFF, 0x18, 0x03, 0x80, 0x30, 0x03, 0x00, 0x30, 0x03,
  0x00, 0xFF, 0x8F, 0xF8, 0x30, 0x03, 0x00, 0x30, 0x03, 0x00, 0x30, 0x06,
  0x00, 0xFF, 0xFF, 0xFF, 0x40, 0x26, 0xF6, 0x3F, 0xE3, 0x0C, 0x60, 0x66,
  0x06, 0x60, 0x66, 0x06, 0x30, 0xC3, 0xFE, 0x6F, 0x64, 0x02, 0x60, 0x1D,
  0x80, 0x63, 0x03, 0x8C, 0x0C, 0x18, 0x60, 0x61, 0x80, 0xCC, 0x03, 0x30,
  0x07, 0x80, 0xFF, 0xC3, 0xFF, 0x00, 0xC0, 0x03, 0x00, 0xFF, 0xC3, 0xFF,
  0x00, 0xC0, 0x03, 0x00, 0x0C, 0x00, 0xFF, 0xFF, 0xC0, 0x03, 0xFF, 0xFF,
  0xC0, 0x1F, 0x9F, 0xF6, 0x01, 0x80, 0x70, 0x0F, 0x03, 0xF1, 0x86, 0x40,
  0xD8, 0x36, 0x0C, 0xE7, 0x1F, 0x80, 0xE0, 0x0C, 0x03, 0x80, 0xFF, 0xE7,
  0xF0, 0xCF, 0x88, 0x03, 0xF0, 0x01, 0xC3, 0xC0, 0x60, 0x0C, 0x18, 0x00,
  0xC6, 0x0F, 0x08, 0x87, 0xF1, 0x91, 0x80, 0x16, 0x30, 0x02, 0xC6, 0x00,
  0x78, 0xC0, 0x0F, 0x18, 0x01, 0x23, 0x00, 0x24, 0x3F, 0x8C, 0xC3, 0xE1,
  0x0C, 0x00, 0x60, 0xC0, 0x18, 0x0E, 0x1E, 0x00, 0x7F, 0x00, 0x7C, 0x98,
  0x19, 0xFE, 0x70, 0xF3, 0xBB, 0x08, 0x46, 0x33, 0x19, 0x8C, 0xC6, 0x31,
  0x86, 0x30, 0xC6, 0x18, 0xC2, 0x10, 0xFF, 0xFF, 0xFF, 0x00, 0x30, 0x03,
  0x00, 0x30, 0x03, 0xFF, 0xF0, 0x03, 0xF0, 0x01, 0xC3, 0xC0, 0x60, 0x0C,
  0x18, 0x00, 0xC6, 0x3F, 0x08, 0x87, 0xF1, 0x90, 0xC6, 0x16, 0x18, 0xC2,
  0xC3, 0x38, 0x78, 0x7C, 0x0F, 0x0C, 0xC1, 0x21, 0x98, 0x24, 0x31, 0x8C,
  0xC6, 0x19, 0x0C, 0x00, 0x60, 0xC0, 0x18, 0x0E, 0x1E, 0x00, 0x7F, 0x00,
  0xFF, 0xFF, 0xFF, 0xC0, 0x3C, 0x77, 0x43, 0xC1, 0xC1, 0x43, 0x77, 0x3C,
  0x06, 0x00, 0x60, 0x06, 0x00, 0x60, 0x06, 0x0F, 0xFF, 0xFF, 0xF0, 0x60,
  0x06, 0x00, 0x60, 0x06, 0x00, 0x60, 0x00, 0x0F, 0xFF, 0xFF, 0xF0, 0x79,
  0xD8, 0x18, 0x30, 0x41, 0x86, 0x18, 0x61, 0x83, 0xF8, 0x3C, 0x66, 0x03,
  0x03, 0x0E, 0x3C, 0x03, 0x03, 0x03, 0xC6, 0x7C, 0x39, 0x99, 0x80, 0xC0,
  0x78, 0x0F, 0x01, 0xE0, 0x3C, 0x07, 0x80, 0xF0, 0x1E, 0x03, 0xC0, 0x78,
  0x0F, 0x83, 0xFF, 0xFD, 0xE3, 0x80, 0x30, 0x06, 0x00, 0xC0, 0x18, 0x03,
  0x00, 0x00, 0x1F, 0xF9, 0xFC, 0xDF, 0xE6, 0xFF, 0x37, 0xF9, 0xFF, 0xCF,
  0xFE, 0x6F, 0xF3, 0x7F, 0x9B, 0xFC, 0xCF, 0xE6, 0x3F, 0x30, 0x19, 0x80,
  0xCC, 0x06, 0x60, 0x33, 0x01, 0x98, 0x0C, 0xC0, 0x66, 0x03, 0x30, 0x19,
  0x80, 0xCC, 0xFF, 0x00, 0x21, 0x06, 0x11, 0xF8, 0x3B, 0xF6, 0x31, 0x8C,
  0x63, 0x18, 0xC6, 0x3C, 0xC6, 0xC2, 0x83, 0x83, 0xC2, 0xC6, 0x3C, 0xC6,
  0x19, 0xC7, 0x30, 0xC6, 0x18, 0xC6, 0x33, 0x19, 0xCC, 0x67, 0x31, 0x80,
  0x38, 0x04, 0x3C, 0x06, 0x36, 0x06, 0x03, 0x03, 0x01, 0x83, 0x00, 0xC1,
  0x00, 0x61, 0x80, 0x31, 0x86, 0x18, 0xC7, 0x0C, 0xC7, 0x86, 0x46, 0xC0,
  0x62, 0x60, 0x63, 0x30, 0x33, 0x18, 0x31, 0xFE, 0x10, 0x06, 0x18, 0x03,
  0x18, 0x01, 0x80, 0x30, 0x0C, 0x38, 0x0C, 0x34, 0x06, 0x02, 0x06, 0x01,
  0x02, 0x00, 0x83, 0x00, 0x43, 0x00, 0x21, 0x9E, 0x11, 0xBB, 0x88, 0x80,
  0xC4, 0xC0, 0x60, 0xC0, 0x30, 0x60, 0x30, 0x60, 0x30, 0x20, 0x30, 0x30,
  0x30, 0x30, 0x30, 0x18, 0x1F, 0xC0, 0x3C, 0x01, 0x8C, 0xC0, 0x60, 0x0C,
  0x08, 0x01, 0x83, 0x00, 0xE0, 0xC0, 0x78, 0x18, 0x00, 0xC6, 0x00, 0x18,
  0x86, 0x03, 0x31, 0xDC, 0xCC, 0x79, 0xF1, 0x9B, 0x00, 0x62, 0x60, 0x08,
  0xCC, 0x03, 0x31, 0x80, 0xC7, 0xF8, 0x18, 0x06, 0x06, 0x00, 0xC0, 0x80,
  0x18, 0x0C, 0x07, 0x03, 0x80, 0x00, 0x00, 0x00, 0x10, 0x18, 0x0C, 0x0C,
  0x0C, 0x1C, 0x0C, 0x06, 0x03, 0x01, 0x81, 0xFF, 0x9F, 0x80, 0x07, 0x00,
  0x03, 0x00, 0x01, 0x80, 0x00, 0xC0, 0x00, 0x00, 0x01, 0x80, 0x03, 0x80,
  0x03, 0xC0, 0x03, 0xC0, 0x06, 0x60, 0x06, 0x60, 0x0C, 0x60, 0x0C, 0x30,
  0x0C, 0x30, 0x18, 0x18, 0x1F, 0xF8, 0x1F, 0xF8, 0x30, 0x0C, 0x30, 0x0C,
  0x60, 0x0C, 0x60, 0x06, 0x60, 0x06, 0xC0, 0x07, 0x00, 0xE0, 0x00, 0xC0,
  0x01, 0x80, 0x03, 0x00, 0x00, 0x00, 0x01, 0x80, 0x03, 0x80, 0x03, 0xC0,
  0x03, 0xC0, 0x06, 0x60, 0x06, 0x60, 0x0C, 0x60, 0x0C, 0x30, 0x0C, 0x30,
  0x18, 0x18, 0x1F, 0xF8, 0x1F, 0xF8, 0x30, 0x0C, 0x30, 0x0C, 0x60, 0x0C,
  0x60, 0x06, 0x60, 0x06, 0xC0, 0x07, 0x01, 0x80, 0x03, 0xC0, 0x06, 0x60,
  0x0C, 0x30, 0x00, 0x00, 0x01, 0x80, 0x03, 0x80, 0x03, 0xC0, 0x03, 0xC0,
  0x06, 0x60, 0x06, 0x60, 0x0C, 0x60, 0x0C, 0x30, 0x0C, 0x30, 0x18, 0x18,
  0x1F, 0xF8, 0x1F, 0xF8, 0x30, 0x0C, 0x30, 0x0C, 0x60, 0x0C, 0x60, 0x06,
  0x60, 0x06, 0xC0, 0x07, 0x0E, 0x10, 0x1F, 0xF0, 0x10, 0xE0, 0x00, 0x00,
  0x01, 0x80, 0x03, 0x80, 0x03, 0xC0, 0x03, 0xC0, 0x06, 0x60, 0x06, 0x60,
  0x0C, 0x60, 0x0C, 0x30, 0x0C, 0x30, 0x18, 0x18, 0x1F, 0xF8, 0x1F, 0xF8,
  0x30, 0x0C, 0x30, 0x0C, 0x60, 0x0C, 0x60, 0x06, 0x60, 0x06, 0xC0, 0x07,
  0x06, 0x70, 0x06, 0x20, 0x00, 0x00, 0x00, 0x00, 0x01, 0x80, 0x03, 0x80,
  0x03, 0xC0, 0x03, 0xC0, 0x06, 0x60, 0x06, 0x60, 0x0C, 0x60, 0x0C, 0x30,
  0x0C, 0x30, 0x18, 0x18, 0x1F, 0xF8, 0x1F, 0xF8, 0x30, 0x0C, 0x30, 0x0C,
  0x60, 0x0C, 0x60, 0x06, 0x60, 0x06, 0xC0, 0x07, 0x03, 0x80, 0x06, 0x40,
  0x04, 0x40, 0x06, 0x40, 0x03, 0x80, 0x03, 0x80, 0x03, 0xC0, 0x03, 0xC0,
  0x06, 0x60, 0x06, 0x60, 0x0C, 0x60, 0x0C, 0x30, 0x0C, 0x30, 0x18, 0x18,
  0x1F, 0xF8, 0x1F, 0xF8, 0x30, 0x0C, 0x30, 0x0C, 0x60, 0x0C, 0x60, 0x06,
  0x60, 0x06, 0xC0, 0x07, 0x00, 0xFF, 0xF0, 0x0F, 0xFF, 0x01, 0x98, 0x00,
  0x19, 0x80, 0x03, 0x18, 0x00, 0x31, 0x80, 0x06, 0x18, 0x00, 0x61, 0xFF,
  0x0C, 0x1F, 0xF0, 0xC1, 0x80, 0x1F, 0xF8, 0x01, 0xFF, 0x80, 0x18, 0x18,
  0x03, 0x01, 0x80, 0x30, 0x18, 0x06, 0x01, 0x80, 0x60, 0x1F, 0xFC, 0x01,
  0xFF, 0x07, 0xF0, 0xFF, 0xCE, 0x04, 0xE0, 0x0E, 0x00, 0x60, 0x03, 0x00,
  0x18, 0x00, 0xC0, 0x06, 0x00, 0x30, 0x01, 0x80, 0x0C, 0x00, 0x70, 0x01,
  0xC0, 0x07, 0x00, 0x1F, 0xF0, 0x7F, 0x80, 0x40, 0x02, 0x00, 0x0C, 0x00,
  0x20, 0x03, 0x00, 0xF0, 0x38, 0x06, 0x00, 0xC0, 0x18, 0x00, 0x3F, 0xFF,
  0xFF, 0x80, 0xE0, 0x38, 0x0E, 0x03, 0x80, 0xFF, 0xFF, 0xFE, 0x03, 0x80,
  0xE0, 0x38, 0x0E, 0x03, 0x80, 0xE0, 0x3F, 0xFF, 0xFC, 0x03, 0x80, 0xC0,
  0x60, 0x30, 0x00, 0x3F, 0xFF, 0xFF, 0x80, 0xE0, 0x38, 0x0E, 0x03, 0x80,
  0xFF, 0xFF, 0xFE, 0x03, 0x80, 0xE0, 0x38, 0x0E, 0x03, 0x80, 0xE0, 0x3F,
  0xFF, 0xFC, 0x06, 0x03, 0xC1, 0x98, 0xC3, 0x00, 0x3F, 0xFF, 0xFF, 0x80,
  0xE0, 0x38, 0x0E, 0x03, 0x80, 0xFF, 0xFF, 0xFE, 0x03, 0x80, 0xE0, 0x38,
  0x0E, 0x03, 0x80, 0xE0, 0x3F, 0xFF, 0xFC, 0x33, 0x8C, 0x40, 0x00, 0x00,
  0xFF, 0xFF, 0xFE, 0x03, 0x80, 0xE0, 0x38, 0x0E, 0x03, 0xFF, 0xFF, 0xF8,
  0x0E, 0x03, 0x80, 0xE0, 0x38, 0x0E, 0x03, 0x80, 0xFF, 0xFF, 0xF0, 0xE3,
  0x0C, 0x30, 0x1C, 0xE7, 0x39, 0xCE, 0x73, 0x9C, 0xE7, 0x39, 0xCE, 0x73,
  0x9C, 0xE0, 0x39, 0x99, 0x80, 0x73, 0x9C, 0xE7, 0x39, 0xCE, 0x73, 0x9C,
  0xE7, 0x39, 0xCE, 0x73, 0x80, 0x18, 0x3C, 0x66, 0xC3, 0x00, 0x1C, 0x1C,
  0x1C, 0x1C, 0x1C, 0x1C, 0x1C, 0x1C, 0x1C, 0x1C, 0x1C, 0x1C, 0x1C, 0x1C,
  0x1C, 0x1C, 0x1C, 0x1C, 0xCF, 0x88, 0x00, 0x03, 0x87, 0x0E, 0x1C, 0x38,
  0x70, 0xE1, 0xC3, 0x87, 0x0E, 0x1C, 0x38, 0x70, 0xE1, 0xC3, 0x87, 0x00,
  0x3F, 0xC0, 0x3F, 0xF0, 0x30, 0x3C, 0x30, 0x0C, 0x30, 0x0E, 0x30, 0x06,
  0x30, 0x06, 0x30, 0x07, 0xFF, 0x07, 0xFF, 0x07, 0x30, 0x07, 0x30, 0x06,
  0x30, 0x06, 0x30, 0x0E, 0x30, 0x1C, 0x30, 0x38, 0x3F, 0xF0, 0x3F, 0xC0,
  0x0E, 0x10, 0x7F, 0xC1, 0x0E, 0x00, 0x00, 0xE0, 0x0F, 0xC0, 0x3F, 0x00,
  0xF6, 0x03, 0xDC, 0x0F, 0x30, 0x3C, 0x60, 0xF1, 0xC3, 0xC3, 0x0F, 0x06,
  0x3C, 0x1C, 0xF0, 0x33, 0xC0, 0xEF, 0x01, 0xDC, 0x03, 0x70, 0x0F, 0xC0,
  0x1F, 0x00, 0x30, 0x07, 0x00, 0x03, 0x00, 0x01, 0x80, 0x00, 0xC0, 0x00,
  0x00, 0x07, 0xE0, 0x1F, 0xF8, 0x38, 0x1C, 0x60, 0x0E, 0xE0, 0x06, 0xC0,
  0x06, 0xC0, 0x07, 0xC0, 0x03, 0xC0, 0x03, 0xC0, 0x03, 0xC0, 0x03, 0xC0,
  0x07, 0xC0, 0x06, 0xE0, 0x06, 0x60, 0x0E, 0x38, 0x1C, 0x1F, 0xF8, 0x07,
  0xE0, 0x00, 0xE0, 0x00, 0xC0, 0x01, 0x80, 0x03, 0x00, 0x00, 0x00, 0x07,
  0xE0, 0x1F, 0xF8, 0x38, 0x1C, 0x60, 0x0E, 0xE0, 0x06, 0xC0, 0x06, 0xC0,
  0x07, 0xC0, 0x03, 0xC0, 0x03, 0xC0, 0x03, 0xC0, 0x03, 0xC0, 0x07, 0xC0,
  0x06, 0xE0, 0x06, 0x60, 0x0E, 0x38, 0x1C, 0x1F, 0xF8, 0x07, 0xE0, 0x01,
  0x80, 0x03, 0xC0, 0x06, 0x60, 0x0C, 0x30, 0x00, 0x00, 0x07, 0xE0, 0x1F,
  0xF8, 0x38, 0x1C, 0x60, 0x0E, 0xE0, 0x06, 0xC0, 0x06, 0xC0, 0x07, 0xC0,
  0x03, 0xC0, 0x03, 0xC0, 0x03, 0xC0, 0x03, 0xC0, 0x07, 0xC0, 0x06, 0xE0,
  0x06, 0x60, 0x0E, 0x38, 0x1C, 0x1F, 0xF8, 0x07, 0xE0, 0x0E, 0x10, 0x1F,
  0xF0, 0x10, 0xE0, 0x00, 0x00, 0x07, 0xE0, 0x1F, 0xF8, 0x38, 0x1C, 0x60,
  0x0E, 0xE0, 0x06, 0xC0, 0x06, 0xC0, 0x07, 0xC0, 0x03, 0xC0, 0x03, 0xC0,
  0x03, 0xC0, 0x03, 0xC0, 0x07, 0xC0, 0x06, 0xE0, 0x06, 0x60, 0x0E, 0x38,
  0x1C, 0x1F, 0xF8, 0x07, 0xE0, 0x0C, 0xE0, 0x0C, 0x40, 0x00, 0x00, 0x00,
  0x00, 0x07, 0xE0, 0x1F, 0xF8, 0x38, 0x1C, 0x60, 0x0E, 0xE0, 0x06, 0xC0,
  0x06, 0xC0, 0x07, 0xC0, 0x03, 0xC0, 0x03, 0xC0, 0x03, 0xC0, 0x03, 0xC0,
  0x07, 0xC0, 0x06, 0xE0, 0x06, 0x60, 0x0E, 0x38, 0x1C, 0x1F, 0xF8, 0x07,
  0xE0, 0x80, 0x58, 0x19, 0x86, 0x19, 0x81, 0xE0, 0x18, 0x07, 0x81, 0x98,
  0x61, 0x98, 0x1A, 0x01, 0x00, 0x00, 0x04, 0x07, 0xE6, 0x1F, 0xFC, 0x38,
  0x1C, 0x60, 0x1E, 0xE0, 0x36, 0xC0, 0x66, 0xC0, 0xE7, 0xC0, 0xC3, 0xC1,
  0x83, 0xC3, 0x03, 0xC7, 0x03, 0xC6, 0x07, 0xCC, 0x06, 0xF8, 0x06, 0x78,
  0x0E, 0x38, 0x1C, 0x7F, 0xF8, 0x6F, 0xE0, 0x40, 0x00, 0x0E, 0x00, 0x18,
  0x00, 0x30, 0x00, 0x60, 0x00, 0x03, 0x00, 0x3C, 0x00, 0xF0, 0x03, 0xC0,
  0x0F, 0x00, 0x3C, 0x00, 0xF0, 0x03, 0xC0, 0x0F, 0x00, 0x3C, 0x00, 0xF0,
  0x03, 0xC0, 0x0F, 0x00, 0x3E, 0x00, 0xD8, 0x06, 0x70, 0x38, 0xFF, 0xC0,
  0xFC, 0x00, 0x00, 0xE0, 0x03, 0x00, 0x18, 0x00, 0xC0, 0x00, 0x03, 0x00,
  0x3C, 0x00, 0xF0, 0x03, 0xC0, 0x0F, 0x00, 0x3C, 0x00, 0xF0, 0x03, 0xC0,
  0x0F, 0x00, 0x3C, 0x00, 0xF0, 0x03, 0xC0, 0x0F, 0x00, 0x3E, 0x00, 0xD8,
  0x06, 0x70, 0x38, 0xFF, 0xC0, 0xFC, 0x00, 0x03, 0x00, 0x1E, 0x00, 0xCC,
  0x06, 0x18, 0x00, 0x03, 0x00, 0x3C, 0x00, 0xF0, 0x03, 0xC0, 0x0F, 0x00,
  0x3C, 0x00, 0xF0, 0x03, 0xC0, 0x0F, 0x00, 0x3C, 0x00, 0xF0, 0x03, 0xC0,
  0x0F, 0x00, 0x3E, 0x00, 0xD8, 0x06, 0x70, 0x38, 0xFF, 0xC0, 0xFC, 0x00,
  0x0C, 0xE0, 0x31, 0x00, 0x00, 0x00, 0x00, 0xC0, 0x0F, 0x00, 0x3C, 0x00,
  0xF0, 0x03, 0xC0, 0x0F, 0x00, 0x3C, 0x00, 0xF0, 0x03, 0xC0, 0x0F, 0x00,
  0x3C, 0x00, 0xF0, 0x03, 0xC0, 0x0F, 0x80, 0x36, 0x01, 0x9C, 0x0E, 0x3F,
  0xF0, 0x3F, 0x00, 0x00, 0xE0, 0x03, 0x00, 0x18, 0x00, 0xC0, 0x00, 0x03,
  0x80, 0x76, 0x01, 0x9C, 0x0E, 0x30, 0x30, 0xE1, 0xC1, 0x86, 0x07, 0x30,
  0x0C, 0xC0, 0x1E, 0x00, 0x78, 0x00, 0xC0, 0x03, 0x00, 0x0C, 0x00, 0x30,
  0x00, 0xC0, 0x03, 0x00, 0x0C, 0x00, 0x30, 0x00, 0xE0, 0x0E, 0x00, 0xE0,
  0x0F, 0xF8, 0xFF, 0xCE, 0x0E, 0xE0, 0x7E, 0x03, 0xE0, 0x3E, 0x07, 0xE0,
  0x6E, 0x0E, 0xFF, 0xCF, 0xF0, 0xE0, 0x0E, 0x00, 0xE0, 0x0E, 0x00, 0x1F,
  0x87, 0xFC, 0xE0, 0xEC, 0x06, 0xC0, 0x6C, 0x0C, 0xC1, 0x8C, 0x30, 0xC6,
  0x0C, 0x70, 0xC3, 0x8C, 0x1C, 0xC0, 0x6C, 0x03, 0xC0, 0x3C, 0x03, 0xC8,
  0x3C, 0xFF, 0xC7, 0xC0, 0x1C, 0x01, 0x80, 0x18, 0x01, 0x80, 0x00, 0x00,
  0x07, 0xE1, 0xFE, 0x20, 0xE0, 0x0C, 0x01, 0x8F, 0xF7, 0xE6, 0xC0, 0xF0,
  0x1E, 0x07, 0xE0, 0xEF, 0xEC, 0xF9, 0x80, 0x01, 0xC0, 0x30, 0x0C, 0x03,
  0x00, 0x00, 0x00, 0x07, 0xE1, 0xFE, 0x20, 0xE0, 0x0C, 0x01, 0x8F, 0xF7,
  0xE6, 0xC0, 0xF0, 0x1E, 0x07, 0xE0, 0xEF, 0xEC, 0xF9, 0x80, 0x06, 0x01,
  0xE0, 0x66, 0x18, 0x60, 0x00, 0x00, 0x07, 0xE1, 0xFE, 0x20, 0xE0, 0x0C,
  0x01, 0x8F, 0xF7, 0xE6, 0xC0, 0xF0, 0x1E, 0x07, 0xE0, 0xEF, 0xEC, 0xF9,
  0x80, 0x38, 0x4F, 0xF9, 0x0E, 0x00, 0x00, 0x00, 0x3F, 0x0F, 0xF1, 0x07,
  0x00, 0x60, 0x0C, 0x7F, 0xBF, 0x36, 0x07, 0x80, 0xF0, 0x3F, 0x07, 0x7F,
  0x67, 0xCC, 0x19, 0xC3, 0x10, 0x00, 0x00, 0x00, 0x00, 0x3F, 0x0F, 0xF1,
  0x07, 0x00, 0x60, 0x0C, 0x7F, 0xBF, 0x36, 0x07, 0x80, 0xF0, 0x3F, 0x07,
  0x7F, 0x67, 0xCC, 0x0E, 0x03, 0x20, 0x44, 0x0C, 0x80, 0xE0, 0x00, 0x00,
  0x00, 0xFC, 0x3F, 0xC4, 0x1C, 0x01, 0x80, 0x31, 0xFE, 0xFC, 0xD8, 0x1E,
  0x03, 0xC0, 0xFC, 0x1D, 0xFD, 0x9F, 0x30, 0x1F, 0x0F, 0x0F, 0xF3, 0xF8,
  0x03, 0xC3, 0x80, 0x70, 0x30, 0x06, 0x06, 0x00, 0xFF, 0xCF, 0xFF, 0xFB,
  0x87, 0x00, 0xE0, 0xE0, 0x18, 0x1C, 0x03, 0x86, 0xC0, 0xBF, 0x9F, 0xF3,
  0xE0, 0xFC, 0x0F, 0xCF, 0xF7, 0x01, 0x80, 0x60, 0x38, 0x0C, 0x03, 0x80,
  0x60, 0x18, 0x07, 0x00, 0xFF, 0x0F, 0xC1, 0x00, 0x40, 0x0C, 0x01, 0x00,
  0xC1, 0xE0, 0x1C, 0x00, 0xC0, 0x06, 0x00, 0x30, 0x00, 0x00, 0x00, 0x0F,
  0x83, 0xFC, 0x70, 0x66, 0x06, 0x60, 0x3F, 0xFF, 0xFF, 0xFE, 0x00, 0x60,
  0x06, 0x00, 0x70, 0x03, 0xFE, 0x0F, 0xC0, 0x01, 0xC0, 0x18, 0x03, 0x00,
  0x60, 0x00, 0x00, 0x00, 0x0F, 0x83, 0xFC, 0x70, 0x66, 0x06, 0x60, 0x3F,
  0xFF, 0xFF, 0xFE, 0x00, 0x60, 0x06, 0x00, 0x70, 0x03, 0xFE, 0x0F, 0xC0,
  0x06, 0x00, 0xF0, 0x19, 0x83, 0x0C, 0x00, 0x00, 0x00, 0x0F, 0x83, 0xFC,
  0x70, 0x66, 0x06, 0x60, 0x3F, 0xFF, 0xFF, 0xFE, 0x00, 0x60, 0x06, 0x00,
  0x70, 0x03, 0xFE, 0x0F, 0xC0, 0x19, 0xC1, 0x88, 0x00, 0x00, 0x00, 0x00,
  0x00, 0xF8, 0x3F, 0xC7, 0x06, 0x60, 0x66, 0x03, 0xFF, 0xFF, 0xFF, 0xE0,
  0x06, 0x00, 0x60, 0x07, 0x00, 0x3F, 0xE0, 0xFC, 0xE3, 0x0C, 0x30, 0x00,
  0xC6, 0x31, 0x8C, 0x63, 0x18, 0xC6, 0x31, 0x8C, 0x39, 0x99, 0x80, 0x03,
  0x18, 0xC6, 0x31, 0x8C, 0x63, 0x18, 0xC6, 0x30, 0x18, 0x3C, 0x66, 0xC3,
  0x00, 0x00, 0x18, 0x18, 0x18, 0x18, 0x18, 0x18, 0x18, 0x18, 0x18, 0x18,
  0x18, 0x18, 0x18, 0xCF, 0x88, 0x00, 0x00, 0x06, 0x0C, 0x18, 0x30, 0x60,
  0xC1, 0x83, 0x06, 0x0C, 0x18, 0x30, 0x60, 0x08, 0x20, 0x77, 0x00, 0xE0,
  0x1F, 0x81, 0xCC, 0x00, 0x30, 0x01, 0x81, 0xF6, 0x3F, 0xF3, 0x83, 0x98,
  0x0F, 0xC0, 0x7C, 0x01, 0xE0, 0x1D, 0x80, 0xCC, 0x06, 0x70, 0x71, 0xFF,
  0x03, 0xE0, 0x38, 0x4F, 0xF9, 0x0E, 0x00, 0x00, 0x01, 0x9F, 0x37, 0xF7,
  0x03, 0xE0, 0x78, 0x0F, 0x01, 0xE0, 0x3C, 0x07, 0x80, 0xF0, 0x1E, 0x03,
  0xC0, 0x78, 0x0C, 0x1C, 0x00, 0x60, 0x01, 0x80, 0x06, 0x00, 0x00, 0x00,
  0x00, 0x3E, 0x07, 0xFC, 0x70, 0x73, 0x01, 0x98, 0x0D, 0xC0, 0x3C, 0x01,
  0xF0, 0x1D, 0x80, 0xCC, 0x06, 0x70, 0x71, 0xFF, 0x03, 0xE0, 0x01, 0xC0,
  0x0C, 0x00, 0xC0, 0x0C, 0x00, 0x00, 0x00, 0x00, 0x3E, 0x07, 0xFC, 0x70,
  0x73, 0x01, 0x98, 0x0D, 0xC0, 0x3C, 0x01, 0xF0, 0x1D, 0x80, 0xCC, 0x06,
  0x70, 0x71, 0xFF, 0x03, 0xE0, 0x06, 0x00, 0x78, 0x06, 0x60, 0x61, 0x80,
  0x00, 0x00, 0x00, 0x3E, 0x07, 0xFC, 0x70, 0x73, 0x01, 0x98, 0x0D, 0xC0,
  0x3C, 0x01, 0xF0, 0x1D, 0x80, 0xCC, 0x06, 0x70, 0x71, 0xFF, 0x03, 0xE0,
  0x1C, 0x21, 0xFF, 0x08, 0x70, 0x00, 0x00, 0x00, 0x07, 0xC0, 0xFF, 0x8E,
  0x0E, 0x60, 0x33, 0x01, 0xB8, 0x07, 0x80, 0x3E, 0x03, 0xB0, 0x19, 0x80,
  0xCE, 0x0E, 0x3F, 0xE0, 0x7C, 0x00, 0x19, 0xC0, 0xC4, 0x00, 0x00, 0x00,
  0x00, 0x00, 0x07, 0xC0, 0xFF, 0x8E, 0x0E, 0x60, 0x33, 0x01, 0xB8, 0x07,
  0x80, 0x3E, 0x03, 0xB0, 0x19, 0x80, 0xCE, 0x0E, 0x3F, 0xE0, 0x7C, 0x00,
  0x00, 0x00, 0x60, 0x06, 0x00, 0x00, 0x00, 0x0F, 0xFF, 0xFF, 0xF0, 0x00,
  0x00, 0x00, 0x60, 0x06, 0x00, 0x60, 0x00, 0x10, 0x7D, 0x8F, 0xF8, 0xE0,
  0xC6, 0x0F, 0x30, 0xDB, 0x8C, 0xF8, 0xE3, 0xE6, 0x1B, 0x61, 0x9E, 0x0C,
  0x60, 0xE3, 0xFE, 0x37, 0xC1, 0x00, 0x00, 0x38, 0x03, 0x00, 0x30, 0x03,
  0x00, 0x00, 0x00, 0x30, 0x1E, 0x03, 0xC0, 0x78, 0x0F, 0x01, 0xE0, 0x3C,
  0x07, 0x80, 0xF0, 0x1E, 0x03, 0xE0, 0xEF, 0xFC, 0xF9, 0x80, 0x03, 0x80,
  0x60, 0x18, 0x06, 0x00, 0x00, 0x00, 0x30, 0x1E, 0x03, 0xC0, 0x78, 0x0F,
  0x01, 0xE0, 0x3C, 0x07, 0x80, 0xF0, 0x1E, 0x03, 0xE0, 0xEF, 0xFC, 0xF9,
  0x80, 0x06, 0x01, 0xE0, 0x66, 0x18, 0x60, 0x00, 0x00, 0x30, 0x1E, 0x03,
  0xC0, 0x78, 0x0F, 0x01, 0xE0, 0x3C, 0x07, 0x80, 0xF0, 0x1E, 0x03, 0xE0,
  0xEF, 0xFC, 0xF9, 0x80, 0x33, 0x86, 0x20, 0x00, 0x00, 0x00, 0x01, 0x80,
  0xF0, 0x1E, 0x03, 0xC0, 0x78, 0x0F, 0x01, 0xE0, 0x3C, 0x07, 0x80, 0xF0,
  0x1F, 0x07, 0x7F, 0xE7, 0xCC, 0x01, 0xC0, 0x0C, 0x00, 0xC0, 0x0C, 0x00,
  0x00, 0x00, 0x03, 0x00, 0xCC, 0x06, 0x60, 0x73, 0x83, 0x0C, 0x18, 0x61,
  0x81, 0x8C, 0x0C, 0x60, 0x66, 0x01, 0xB0, 0x0D, 0x00, 0x38, 0x01, 0xC0,
  0x0C, 0x00, 0x60, 0x07, 0x00, 0x30, 0x1F, 0x00, 0xF0, 0x00, 0xC0, 0x0C,
  0x00, 0xC0, 0x0C, 0x00, 0xC0, 0x0C, 0x00, 0xCF, 0x8D, 0xFC, 0xE0, 0x6E,
  0x06, 0xC0, 0x3C, 0x03, 0xC0, 0x3C, 0x03, 0xC0, 0x7E, 0x06, 0xE0, 0xED,
  0xFC, 0xCF, 0x8C, 0x00, 0xC0, 0x0C, 0x00, 0xC0, 0x0C, 0x00, 0xC0, 0x00,
  0x19, 0xC0, 0xC4, 0x00, 0x00, 0x00, 0x00, 0x00, 0x60, 0x19, 0x80, 0xCC,
  0x0E, 0x70, 0x61, 0x83, 0x0C, 0x30, 0x31, 0x81, 0x8C, 0x0C, 0xC0, 0x36,
  0x01, 0xA0, 0x07, 0x00, 0x38, 0x01, 0x80, 0x0C, 0x00, 0xE0, 0x06, 0x03,
  0xE0, 0x1E, 0x00 };

const GFXglyph OpenSans_Regular13pt8bGlyphs[] PROGMEM = {
  {     0,   1,   1,   7,    0,    0 },   // 0x20 ' '
  {     1,   3,  18,   7,    2,  -17 },   // 0x21 '!'
  {     8,   6,   6,  10,    2,  -17 },   // 0x22 '"'
  {    13,  15,  18,  16,    1,  -17 },   // 0x23 '#'
  {    47,  11,  21,  14,    2,  -18 },   // 0x24 '$'
  {    76,  18,  18,  21,    1,  -17 },   // 0x25 '%'
  {   117,  17,  18,  18,    1,  -17 },   // 0x26 '&'
  {   156,   2,   6,   5,    2,  -17 },   // 0x27 '''
  {   158,   6,  22,   7,    1,  -17 },   // 0x28 '('
  {   175,   5,  22,   7,    1,  -17 },   // 0x29 ')'
  {   189,  12,  11,  14,    1,  -18 },   // 0x2A '*'
  {   206,  12,  12,  14,    1,  -14 },   // 0x2B '+'
  {   224,   4,   6,   6,    1,   -2 },   // 0x2C ','
  {   227,   6,   2,   8,    1,   -7 },   // 0x2D '-'
  {   229,   3,   3,   7,    2,   -2 },   // 0x2E '.'
  {   231,   9,  18,   9,    0,  -17 },   // 0x2F '/'
  {   252,  12,  18,  14,    1,  -17 },   // 0x30 '0'
  {   279,   7,  18,  14,    2,  -17 },   // 0x31 '1'
  {   295,  12,  18,  14,    1,  -17 },   // 0x32 '2'
  {   322,  12,  18,  14,    1,  -17 },   // 0x33 '3'
  {   349,  13,  18,  14,    1,  -17 },   // 0x34 '4'
  {   379,  11,  18,  14,    2,  -17 },   // 0x35 '5'
  {   404,  12,  18,  14,    1,  -17 },   // 0x36 '6'
  {   431,  12,  18,  14,    1,  -17 },   // 0x37 '7'
  {   458,  12,  18,  14,    1,  -17 },   // 0x38 '8'
  {   485,  12,  18,  14,    1,  -17 },   // 0x39 '9'
  {   512,   3,  13,   7,    2,  -12 },   // 0x3A ':'
  {   517,   4,  16,   7,    1,  -12 },   // 0x3B ';'
  {   525,  12,  12,  14,    1,  -14 },   // 0x3C '<'
  {   543,  12,   7,  14,    1,  -11 },   // 0x3D '='
  {   554,  12,  12,  14,    1,  -14 },   // 0x3E '>'
  {   572,  10,  18,  11,    0,  -17 },   // 0x3F '?'
  {   595,  20,  20,  22,    1,  -17 },   // 0x40 '@'
  {   645,  16,  18,  16,    0,  -17 },   // 0x41 'A'
  {   681,  13,  18,  16,    2,  -17 },   // 0x42 'B'
  {   711,  13,  18,  16,    2,  -17 },   // 0x43 'C'
  {   741,  15,  18,  18,    2,  -17 },   // 0x44 'D'
  {   775,  10,  18,  14,    2,  -17 },   // 0x45 'E'
  {   798,  10,  18,  13,    2,  -17 },   // 0x46 'F'
  {   821,  14,  18,  18,    2,  -17 },   // 0x47 'G'
  {   853,  14,  18,  18,    2,  -17 },   // 0x48 'H'
  {   885,   3,  18,   7,    2,  -17 },   // 0x49 'I'
  {   892,   6,  23,   7,   -2,  -17 },   // 0x4A 'J'
  {   910,  13,  18,  15,    2,  -17 },   // 0x4B 'K'
  {   940,  10,  18,  13,    2,  -17 },   // 0x4C 'L'
  {   963,  18,  18,  22,    2,  -17 },   // 0x4D 'M'
  {  1004,  14,  18,  19,    2,  -17 },   // 0x4E 'N'
  {  1036,  16,  18,  19,    2,  -17 },   // 0x4F 'O'
  {  1072,  12,  18,  15,    2,  -17 },   // 0x50 'P'
  {  1099,  16,  22,  19,    2,  -17 },   // 0x51 'Q'
  {  1143,  13,  18,  15,    2,  -17 },   // 0x52 'R'
  {  1173,  12,  18,  14,    1,  -17 },   // 0x53 'S'
  {  1200,  14,  18,  14,    0,  -17 },   // 0x54 'T'
  {  1232,  14,  18,  18,    2,  -17 },   // 0x55 'U'
  {  1264,  15,  18,  15,    0,  -17 },   // 0x56 'V'
  {  1298,  23,  18,  23,    0,  -17 },   // 0x57 'W'
  {  1350,  14,  18,  14,    0,  -17 },   // 0x58 'X'
  {  1382,  14,  18,  14,    0,  -17 },   // 0x59 'Y'
  {  1414,  12,  18,  14,    1,  -17 },   // 0x5A 'Z'
  {  1441,   6,  22,   8,    2,  -17 },   // 0x5B '['
  {  1458,   9,  18,   9,    0,  -17 },   // 0x5C '\'
  {  1479,   5,  22,   8,    1,  -17 },   // 0x5D ']'
  {  1493,  12,  11,  14,    1,  -17 },   // 0x5E '^'
  {  1510,  11,   2,  11,    0,    3 },   // 0x5F '_'
  {  1513,   5,   4,   7,    1,  -18 },   // 0x60 '`'
  {  1516,  11,  13,  14,    1,  -12 },   // 0x61 'a'
  {  1534,  12,  19,  15,    2,  -18 },   // 0x62 'b'
  {  1563,  10,  13,  12,    1,  -12 },   // 0x63 'c'
  {  1580,  12,  19,  15,    1,  -18 },   // 0x64 'd'
  {  1609,  12,  13,  14,    1,  -12 },   // 0x65 'e'
  {  1629,  10,  19,   8,    0,  -18 },   // 0x66 'f'
  {  1653,  13,  19,  14,    0,  -12 },   // 0x67 'g'
  {  1684,  11,  19,  15,    2,  -18 },   // 0x68 'h'
  {  1711,   2,  18,   6,    2,  -17 },   // 0x69 'i'
  {  1716,   5,  24,   6,   -1,  -17 },   // 0x6A 'j'
  {  1731,  11,  19,  13,    2,  -18 },   // 0x6B 'k'
  {  1758,   2,  19,   6,    2,  -18 },   // 0x6C 'l'
  {  1763,  19,  13,  23,    2,  -12 },   // 0x6D 'm'
  {  1794,  11,  13,  15,    2,  -12 },   // 0x6E 'n'
  {  1812,  13,  13,  15,    1,  -12 },   // 0x6F 'o'
  {  1834,  12,  19,  15,    2,  -12 },   // 0x70 'p'
  {  1863,  12,  19,  15,    1,  -12 },   // 0x71 'q'
  {  1892,   8,  13,  10,    2,  -12 },   // 0x72 'r'
  {  1905,  10,  13,  12,    1,  -12 },   // 0x73 's'
  {  1922,   8,  16,   9,    0,  -15 },   // 0x74 't'
  {  1938,  11,  13,  15,    2,  -12 },   // 0x75 'u'
  {  1956,  12,  13,  12,    0,  -12 },   // 0x76 'v'
  {  1976,  19,  13,  19,    0,  -12 },   // 0x77 'w'
  {  2007,  13,  13,  13,    0,  -12 },   // 0x78 'x'
  {  2029,  13,  19,  13,    0,  -12 },   // 0x79 'y'
  {  2060,  10,  13,  12,    1,  -12 },   // 0x7A 'z'
  {  2077,   8,  22,   9,    1,  -17 },   // 0x7B '{'
  {  2099,   2,  25,  14,    6,  -18 },   // 0x7C '|'
  {  2106,   8,  22,   9,    1,  -17 },   // 0x7D '}'
  {  2128,  12,   3,  14,    1,   -9 },   // 0x7E '~'
  {  2133,   1,   1,  15,    0,    0 },   // 0x7F
  {  2134,   1,   1,  15,    0,    0 },   // 0x80
  {  2135,   1,   1,  15,    0,    0 },   // 0x81
  {  2136,   1,   1,  15,    0,    0 },   // 0x82
  {  2137,   1,   1,  15,    0,    0 },   // 0x83
  {  2138,   1,   1,  15,    0,    0 },   // 0x84
  {  2139,   1,   1,  15,    0,    0 },   // 0x85
  {  2140,   1,   1,  15,    0,    0 },   // 0x86
  {  2141,   1,   1,  15,    0,    0 },   // 0x87
  {  2142,   1,   1,  15,    0,    0 },   // 0x88
  {  2143,   1,   1,  15,    0,    0 },   // 0x89
  {  2144,   1,   1,  15,    0,    0 },   // 0x8A
  {  2145,   1,   1,  15,    0,    0 },   // 0x8B
  {  2146,   1,   1,  15,    0,    0 },   // 0x8C
  {  2147,   1,   1,  15,    0,    0 },   // 0x8D
  {  2148,   1,   1,  15,    0,    0 },   // 0x8E
  {  2149,   1,   1,  15,    0,    0 },   // 0x8F
  {  2150,   1,   1,  15,    0,    0 },   // 0x90
  {  2151,   1,   1,  15,    0,    0 },   // 0x91
  {  2152,   1,   1,  15,    0,    0 },   // 0x92
  {  2153,   1,   1,  15,    0,    0 },   // 0x93
  {  2154,   1,   1,  15,    0,    0 },   // 0x94
  {  2155,   1,   1,  15,    0,    0 },   // 0x95
  {  2156,   1,   1,  15,    0,    0 },   // 0x96
  {  2157,   1,   1,  15,    0,    0 },   // 0x97
  {  2158,   1,   1,  15,    0,    0 },   // 0x98
  {  2159,   1,   1,  15,    0,    0 },   // 0x99
  {  2160,   1,   1,  15,    0,    0 },   // 0x9A
  {  2161,   1,   1,  15,    0,    0 },   // 0x9B
  {  2162,   1,   1,  15,    0,    0 },   // 0x9C
  {  2163,   1,   1,  15,    0,    0 },   // 0x9D
  {  2164,   1,   1,  15,    0,    0 },   // 0x9E
  {  2165,   1,   1,  15,    0,    0 },   // 0x9F
  {  2166,   1,   1,   7,    0,    0 },   // 0xA0
  {  2167,   3,  18,   7,    2,  -12 },   // 0xA1
  {  2174,  10,  18,  14,    2,  -17 },   // 0xA2
  {  2197,  12,  18,  14,    1,  -17 },   // 0xA3
  {  2224,  12,  12,  14,    1,  -14 },   // 0xA4
  {  2242,  14,  18,  14,    0,  -17 },   // 0xA5
  {  2274,   2,  25,  14,    6,  -18 },   // 0xA6
  {  2281,  10,  19,  13,    1,  -18 },   // 0xA7
  {  2305,   7,   2,  14,    4,  -17 },   // 0xA8
  {  2307,  19,  18,  21,    1,  -17 },   // 0xA9
  {  2350,   7,   8,   9,    1,  -17 },   // 0xAA
  {  2357,  10,  10,  12,    1,  -10 },   // 0xAB
  {  2370,  12,   6,  14,    1,   -9 },   // 0xAC
  {  2379,   6,   2,   8,    1,   -7 },   // 0xAD
  {  2381,  19,  18,  21,    1,  -17 },   // 0xAE
  {  2424,  13,   2,  13,    0,  -20 },   // 0xAF
  {  2428,   8,   8,  11,    1,  -17 },   // 0xB0
  {  2436,  12,  15,  14,    1,  -14 },   // 0xB1
  {  2459,   7,  11,   9,    1,  -20 },   // 0xB2
  {  2469,   8,  11,   9,    0,  -20 },   // 0xB3
  {  2480,   5,   4,   7,    1,  -18 },   // 0xB4
  {  2483,  11,  19,  15,    2,  -12 },   // 0xB5
  {  2510,  13,  22,  16,    1,  -18 },   // 0xB6
  {  2546,   3,   3,   7,    2,   -9 },   // 0xB7
  {  2548,   5,   6,   6,    0,    1 },   // 0xB8
  {  2552,   5,  11,   9,    1,  -20 },   // 0xB9
  {  2559,   8,   8,   9,    1,  -17 },   // 0xBA
  {  2567,  10,  10,  12,    1,  -10 },   // 0xBB
  {  2580,  17,  18,  19,    1,  -17 },   // 0xBC
  {  2619,  17,  18,  19,    1,  -17 },   // 0xBD
  {  2658,  19,  18,  19,    0,  -17 },   // 0xBE
  {  2701,   9,  18,  11,    1,  -12 },   // 0xBF
  {  2722,  16,  23,  16,    0,  -22 },   // 0xC0
  {  2768,  16,  23,  16,    0,  -22 },   // 0xC1
  {  2814,  16,  23,  16,    0,  -22 },   // 0xC2
  {  2860,  16,  22,  16,    0,  -21 },   // 0xC3
  {  2904,  16,  22,  16,    0,  -21 },   // 0xC4
  {  2948,  16,  22,  16,    0,  -21 },   // 0xC5
  {  2992,  20,  18,  22,    0,  -17 },   // 0xC6
  {  3037,  13,  24,  16,    2,  -17 },   // 0xC7
  {  3076,  10,  23,  14,    2,  -22 },   // 0xC8
  {  3105,  10,  23,  14,    2,  -22 },   // 0xC9
  {  3134,  10,  23,  14,    2,  -22 },   // 0xCA
  {  3163,  10,  22,  14,    2,  -21 },   // 0xCB
  {  3191,   5,  23,   7,    0,  -22 },   // 0xCC
  {  3206,   5,  23,   7,    2,  -22 },   // 0xCD
  {  3221,   8,  23,   7,   -1,  -22 },   // 0xCE
  {  3244,   7,  22,   7,    0,  -21 },   // 0xCF
  {  3264,  16,  18,  18,    1,  -17 },   // 0xD0
  {  3300,  14,  22,  19,    2,  -21 },   // 0xD1
  {  3339,  16,  23,  19,    2,  -22 },   // 0xD2
  {  3385,  16,  23,  19,    2,  -22 },   // 0xD3
  {  3431,  16,  23,  19,    2,  -22 },   // 0xD4
  {  3477,  16,  22,  19,    2,  -21 },   // 0xD5
  {  3521,  16,  22,  19,    2,  -21 },   // 0xD6
  {  3565,  11,  11,  14,    2,  -13 },   // 0xD7
  {  3581,  16,  20,  19,    2,  -18 },   // 0xD8
  {  3621,  14,  23,  18,    2,  -22 },   // 0xD9
  {  3662,  14,  23,  18,    2,  -22 },   // 0xDA
  {  3703,  14,  23,  18,    2,  -22 },   // 0xDB
  {  3744,  14,  22,  18,    2,  -21 },   // 0xDC
  {  3783,  14,  23,  14,    0,  -22 },   // 0xDD
  {  3824,  12,  18,  15,    2,  -17 },   // 0xDE
  {  3851,  12,  19,  16,    2,  -18 },   // 0xDF
  {  3880,  11,  19,  14,    1,  -18 },   // 0xE0
  {  3907,  11,  19,  14,    1,  -18 },   // 0xE1
  {  3934,  11,  19,  14,    1,  -18 },   // 0xE2
  {  3961,  11,  18,  14,    1,  -17 },   // 0xE3
  {  3986,  11,  18,  14,    1,  -17 },   // 0xE4
  {  4011,  11,  20,  14,    1,  -19 },   // 0xE5
  {  4039,  19,  13,  22,    1,  -12 },   // 0xE6
  {  4070,  10,  19,  12,    1,  -12 },   // 0xE7
  {  4094,  12,  19,  14,    1,  -18 },   // 0xE8
  {  4123,  12,  19,  14,    1,  -18 },   // 0xE9
  {  4152,  12,  19,  14,    1,  -18 },   // 0xEA
  {  4181,  12,  18,  14,    1,  -17 },   // 0xEB
  {  4208,   5,  19,   6,    0,  -18 },   // 0xEC
  {  4220,   5,  19,   6,    2,  -18 },   // 0xED
  {  4232,   8,  19,   6,   -1,  -18 },   // 0xEE
  {  4251,   7,  18,   6,    0,  -17 },   // 0xEF
  {  4267,  13,  19,  15,    1,  -18 },   // 0xF0
  {  4298,  11,  18,  15,    2,  -17 },   // 0xF1
  {  4323,  13,  19,  15,    1,  -18 },   // 0xF2
  {  4354,  13,  19,  15,    1,  -18 },   // 0xF3
  {  4385,  13,  19,  15,    1,  -18 },   // 0xF4
  {  4416,  13,  18,  15,    1,  -17 },   // 0xF5
  {  4446,  13,  18,  15,    1,  -17 },   // 0xF6
  {  4476,  12,  12,  14,    1,  -14 },   // 0xF7
  {  4494,  13,  15,  15,    1,  -13 },   // 0xF8
  {  4519,  11,  19,  15,    2,  -18 },   // 0xF9
  {  4546,  11,  19,  15,    2,  -18 },   // 0xFA
  {  4573,  11,  19,  15,    2,  -18 },   // 0xFB
  {  4600,  11,  18,  15,    2,  -17 },   // 0xFC
  {  4625,  13,  25,  13,    0,  -18 },   // 0xFD
  {  4666,  12,  25,  15,    2,  -18 },   // 0xFE
  {  4704,  13,  24,  13,    0,  -17 } }; // 0xFF

const GFXfont OpenSans_Regular13pt8b PROGMEM = {
  (uint8_t  *)OpenSans_Regular13pt8bBitmaps,
  (GFXglyph *)OpenSans_Regular13pt8bGlyphs,
  0x20, 0xFF, 35 };

// Approx. 6318 bytes

const uint8_t OpenSans_Regular14pt8bBitmaps[] PROGMEM = {
  0x00, 0xFF, 0xFF, 0xDB, 0x49, 0x24, 0x00, 0xFF, 0x80, 0xC7, 0x8F, 0x1E,
  0x3C, 0x78, 0xF1, 0x80, 0x02, 0x08, 0x06, 0x18, 0x06, 0x18, 0x06, 0x18,
  0x06, 0x18, 0x06, 0x10, 0x7F, 0xFF, 0x7F, 0xFF, 0x0C, 0x30, 0x0C, 0x30,
  0x0C, 0x20, 0x08, 0x60, 0xFF, 0xFE, 0xFF, 0xFE, 0x18, 0x60, 0x18, 0x40,
  0x10, 0xC0, 0x30, 0xC0, 0x30, 0xC0, 0x04, 0x00, 0x40, 0x3F, 0xC7, 0xFE,
  0xE4, 0x2C, 0x40, 0xC4, 0x0C, 0x40, 0xE4, 0x07, 0xC0, 0x1F, 0x80, 0x7E,
  0x04, 0xE0, 0x47, 0x04, 0x30, 0x47, 0x84, 0xEF, 0xFC, 0x7F, 0x80, 0x40,
  0x04, 0x00, 0x40, 0x3C, 0x03, 0x07, 0xE0, 0x30, 0x63, 0x06, 0x04, 0x30,
  0x60, 0xC3, 0x0C, 0x0C, 0x31, 0x80, 0xC3, 0x18, 0x0C, 0x33, 0x3C, 0x43,
  0x37, 0xE6, 0x36, 0x66, 0x7E, 0x6C, 0x33, 0xCC, 0xC3, 0x00, 0x8C, 0x30,
  0x18, 0xC3, 0x03, 0x0C, 0x30, 0x30, 0xC3, 0x06, 0x06, 0x60, 0x60, 0x7E,
  0x0C, 0x03, 0xC0, 0x07, 0xC0, 0x03, 0xFC, 0x00, 0x61, 0xC0, 0x1C, 0x18,
  0x03, 0x03, 0x00, 0x70, 0xE0, 0x06, 0x18, 0x00, 0x6E, 0x00, 0x0F, 0x80,
  0x01, 0xE0, 0x00, 0xFE, 0x06, 0x38, 0xE0, 0xC6, 0x07, 0x39, 0xC0, 0x76,
  0x38, 0x07, 0x83, 0x00, 0x70, 0x70, 0x3F, 0x07, 0xFE, 0x70, 0x3F, 0x07,
  0x00, 0xFF, 0xFC, 0x0C, 0x63, 0x8C, 0x71, 0x86, 0x38, 0xE3, 0x0C, 0x30,
  0xC3, 0x0E, 0x38, 0x61, 0x87, 0x0C, 0x38, 0x60, 0xC0, 0xC1, 0x87, 0x0C,
  0x38, 0x61, 0x86, 0x1C, 0x30, 0xC3, 0x0C, 0x31, 0xC7, 0x18, 0x63, 0x8C,
  0x71, 0x8C, 0x00, 0x07, 0x00, 0x30, 0x01, 0x80, 0x0C, 0x0E, 0x23, 0x7F,
  0xFC, 0x1C, 0x01, 0xE0, 0x0D, 0x80, 0xCE, 0x0E, 0x38, 0x21, 0x80, 0x03,
  0x00, 0x18, 0x00, 0xC0, 0x06, 0x00, 0x30, 0x7F, 0xFF, 0xFF, 0xE0, 0x60,
  0x03, 0x00, 0x18, 0x00, 0xC0, 0x06, 0x00, 0x30, 0x00, 0x77, 0x66, 0x6C,
  0xC0, 0xFF, 0xFC, 0xFF, 0x80, 0x01, 0x80, 0x60, 0x18, 0x0C, 0x03, 0x01,
  0xC0, 0x60, 0x18, 0x0C, 0x03, 0x01, 0xC0, 0x60, 0x18, 0x0E, 0x03, 0x00,
  0xC0, 0x60, 0x18, 0x0E, 0x00, 0x0F, 0x80, 0xFF, 0x0E, 0x1C, 0xE0, 0x66,
  0x03, 0x30, 0x1D, 0x80, 0x7C, 0x03, 0xE0, 0x1F, 0x00, 0xF8, 0x07, 0xC0,
  0x36, 0x01, 0xB0, 0x1D, 0x80, 0xCE, 0x06, 0x38, 0x70, 0xFF, 0x03, 0xE0,
  0x06, 0x1C, 0x79, 0xBE, 0x68, 0xC1, 0x83, 0x06, 0x0C, 0x18, 0x30, 0x60,
  0xC1, 0x83, 0x06, 0x0C, 0x18, 0x0F, 0x81, 0xFF, 0x1C, 0x1C, 0x00, 0x60,
  0x03, 0x00, 0x18, 0x00, 0xC0, 0x0E, 0x00, 0x60, 0x06, 0x00, 0x70, 0x07,
  0x00, 0x70, 0x07, 0x00, 0x70, 0x07, 0x00, 0x70, 0x07, 0xFF, 0xFF, 0xFE,
  0x1F, 0x83, 0xFF, 0x18, 0x1C, 0x00, 0x60, 0x03, 0x00, 0x18, 0x01, 0xC0,
  0x1C, 0x1F, 0x80, 0xFE, 0x00, 0x3C, 0x00, 0x60, 0x03, 0x80, 0x0C, 0x00,
  0xE0, 0x06, 0xC0, 0x77, 0xFF, 0x0F, 0xE0, 0x00, 0xE0, 0x03, 0x80, 0x1E,
  0x00, 0xD8, 0x03, 0x60, 0x19, 0x80, 0xC6, 0x03, 0x18, 0x18, 0x60, 0xC1,
  0x87, 0x06, 0x18, 0x18, 0xC0, 0x63, 0xFF, 0xFF, 0xFF, 0xC0, 0x18, 0x00,
  0x60, 0x01, 0x80, 0x06, 0x00, 0x7F, 0xE7, 0xFE, 0x60, 0x06, 0x00, 0x60,
  0x0E, 0x00, 0xC0, 0x0F, 0xF0, 0xFF, 0xC0, 0x0E, 0x00, 0x70, 0x07, 0x00,
  0x30, 0x03, 0x00, 0x70, 0x06, 0x80, 0xEF, 0xFC, 0x7F, 0x00, 0x07, 0xE1,
  0xFE, 0x38, 0x07, 0x00, 0x60, 0x0C, 0x00, 0xC0, 0x0C, 0xF8, 0xDF, 0xEE,
  0x06, 0xC0, 0x7C, 0x03, 0xC0, 0x3C, 0x03, 0xC0, 0x3E, 0x07, 0x70, 0xE3,
  0xFC, 0x1F, 0x80, 0xFF, 0xFF, 0xFF, 0xC0, 0x0E, 0x00, 0x60, 0x03, 0x00,
  0x30, 0x01, 0x80, 0x18, 0x00, 0xC0, 0x0E, 0x00, 0x60, 0x07, 0x00, 0x30,
  0x03, 0x80, 0x18, 0x01, 0xC0, 0x0C, 0x00, 0x60, 0x06, 0x00, 0x0F, 0xC1,
  0xFF, 0x1C, 0x1C, 0xC0, 0x66, 0x03, 0x30, 0x19, 0xC1, 0xC7, 0x1C, 0x1F,
  0xC0, 0x7E, 0x0E, 0x38, 0xE0, 0x66, 0x03, 0xF0, 0x0F, 0x80, 0x6C, 0x07,
  0x70, 0x31, 0xFF, 0x83, 0xF0, 0x0F, 0x81, 0xFF, 0x1C, 0x18, 0xC0, 0x66,
  0x03, 0x70, 0x0F, 0x80, 0x7C, 0x03, 0x60, 0x3B, 0x83, 0xCF, 0xF6, 0x3F,
  0x30, 0x03, 0x80, 0x18, 0x00, 0xC0, 0x0C, 0x00, 0xE1, 0xFC, 0x0F, 0xC0,
  0xFF, 0x80, 0x00, 0x00, 0x7F, 0xC0, 0x77, 0x70, 0x00, 0x00, 0x00, 0x07,
  0x66, 0x6C, 0xCC, 0x00, 0x08, 0x01, 0xC0, 0x3C, 0x07, 0x80, 0xF0, 0x1C,
  0x03, 0x80, 0x1F, 0x00, 0x1E, 0x00, 0x3C, 0x00, 0x7C, 0x00, 0x70, 0x00,
  0x80, 0xFF, 0xFF, 0xFF, 0x00, 0x00, 0x00, 0x00, 0x00, 0x00, 0xFF, 0xFF,
  0xFF, 0x80, 0x07, 0x00, 0x0F, 0x00, 0x1E, 0x00, 0x3C, 0x00, 0x78, 0x00,
  0xE0, 0x0F, 0x01, 0xE0, 0x78, 0x0F, 0x01, 0xE0, 0x0C, 0x00, 0x00, 0x3F,
  0x1F, 0xF9, 0x03, 0x80, 0x30, 0x06, 0x00, 0xC0, 0x30, 0x0E, 0x03, 0x00,
  0xC0, 0x30, 0x06, 0x00, 0xC0, 0x00, 0x00, 0x00, 0x00, 0x1C, 0x03, 0x80,
  0x30, 0x00, 0x01, 0xFC, 0x00, 0x3F, 0xFC, 0x07, 0x80, 0x70, 0x70, 0x01,
  0xC3, 0x00, 0x06, 0x30, 0x7E, 0x1B, 0x07, 0xF8, 0xD8, 0x60, 0xC2, 0xC6,
  0x06, 0x1C, 0x30, 0x30, 0xE1, 0x81, 0x87, 0x0C, 0x18, 0x28, 0x60, 0xC3,
  0x63, 0x87, 0x1B, 0x0F, 0xFF, 0x98, 0x3C, 0x78, 0x60, 0x00, 0x03, 0x80,
  0x00, 0x0E, 0x00, 0x80, 0x1F, 0xFC, 0x00, 0x3F, 0xC0, 0x00, 0x01, 0xC0,
  0x00, 0xE0, 0x00, 0x58, 0x00, 0x6C, 0x00, 0x36, 0x00, 0x39, 0x80, 0x18,
  0xC0, 0x0C, 0x70, 0x0C, 0x18, 0x06, 0x0C, 0x07, 0x07, 0x03, 0xFF, 0x81,
  0xFF, 0xC1, 0x80, 0x30, 0xC0, 0x18, 0xE0, 0x0E, 0x60, 0x03, 0x30, 0x01,
  0xB0, 0x00, 0x60, 0xFF, 0x87, 0xFF, 0x30, 0x1D, 0x80, 0x6C, 0x03, 0x60,
  0x1B, 0x00, 0xD8, 0x0C, 0xFF, 0xC7, 0xFE, 0x30, 0x1D, 0x80, 0x7C, 0x03,
  0xE0, 0x0F, 0x00, 0xF8, 0x07, 0xC0, 0x77, 0xFF, 0x3F, 0xE0, 0x07, 0xF0,
  0x7F, 0xF3, 0xC0, 0xDC, 0x00, 0x60, 0x03, 0x80, 0x0C, 0x00, 0x30, 0x00,
  0xC0, 0x03, 0x00, 0x0C, 0x00, 0x30, 0x00, 0xC0, 0x03, 0x80, 0x06, 0x00,
  0x1C, 0x00, 0x3C, 0x00, 0x7F, 0xE0, 0x7F, 0x80, 0xFF, 0x81, 0xFF, 0xC3,
  0x01, 0xE6, 0x01, 0xCC, 0x01, 0xD8, 0x01, 0xB0, 0x03, 0xE0, 0x07, 0xC0,
  0x07, 0x80, 0x0F, 0x00, 0x1E, 0x00, 0x7C, 0x00, 0xF8, 0x01, 0xB0, 0x07,
  0x60, 0x1C, 0xC0, 0xF1, 0xFF, 0xC3, 0xFE, 0x00, 0xFF, 0xFF, 0xFC, 0x03,
  0x00, 0xC0, 0x30, 0x0C, 0x03, 0x00, 0xFF, 0xFF, 0xFC, 0x03, 0x00, 0xC0,
  0x30, 0x0C, 0x03, 0x00, 0xC0, 0x3F, 0xFF, 0xFC, 0xFF, 0xFF, 0xFC, 0x03,
  0x00, 0xC0, 0x30, 0x0C, 0x03, 0x00, 0xC0, 0x3F, 0xFF, 0xFF, 0x00, 0xC0,
  0x30, 0x0C, 0x03, 0x00, 0xC0, 0x30, 0x0C, 0x00, 0x03, 0xFC, 0x0F, 0xFE,
  0x3C, 0x06, 0x78, 0x00, 0x70, 0x00, 0xE0, 0x00, 0xC0, 0x00, 0xC0, 0x00,
  0xC0, 0x00, 0xC0, 0x7F, 0xC0, 0x7F, 0xC0, 0x07, 0xC0, 0x07, 0xE0, 0x07,
  0x60, 0x07, 0x70, 0x07, 0x3C, 0x07, 0x1F, 0xFF, 0x07, 0xFC, 0xC0, 0x0F,
  0x00, 0x3C, 0x00, 0xF0, 0x03, 0xC0, 0x0F, 0x00, 0x3C, 0x00, 0xF0, 0x03,
  0xFF, 0xFF, 0xFF, 0xFC, 0x00, 0xF0, 0x03, 0xC0, 0x0F, 0x00, 0x3C, 0x00,
  0xF0, 0x03, 0xC0, 0x0F, 0x00, 0x3C, 0x00, 0xC0, 0xFF, 0xFF, 0xFF, 0xFF,
  0xFC, 0x06, 0x0C, 0x18, 0x30, 0x60, 0xC1, 0x83, 0x06, 0x0C, 0x18, 0x30,
  0x60, 0xC1, 0x83, 0x06, 0x0C, 0x18, 0x70, 0xE3, 0xBF, 0x78, 0xC0, 0x3B,
  0x01, 0xCC, 0x0E, 0x30, 0x70, 0xC3, 0x83, 0x0C, 0x0C, 0x60, 0x33, 0x00,
  0xDC, 0x03, 0xF8, 0x0E, 0xE0, 0x31, 0xC0, 0xC3, 0x83, 0x06, 0x0C, 0x1C,
  0x30, 0x38, 0xC0, 0x73, 0x00, 0xCC, 0x03, 0x80, 0xC0, 0x30, 0x0C, 0x03,
  0x00, 0xC0, 0x30, 0x0C, 0x03, 0x00, 0xC0, 0x30, 0x0C, 0x03, 0x00, 0xC0,
  0x30, 0x0C, 0x03, 0x00, 0xC0, 0x3F, 0xFF, 0xFC, 0xE0, 0x01, 0xFE, 0x00,
  0x3F, 0xC0, 0x0D, 0xF8, 0x01, 0xBD, 0x80, 0x3F, 0xB0, 0x0D, 0xF6, 0x01,
  0xBE, 0x60, 0x67, 0xCC, 0x0C, 0xF9, 0xC1, 0x9F, 0x18, 0x63, 0xE3, 0x0C,
  0x7C, 0x33, 0x8F, 0x86, 0x61, 0xF0, 0xEC, 0x3E, 0x0F, 0x07, 0xC1, 0xE0,
  0xF8, 0x1C, 0x1F, 0x03, 0x03, 0x80, 0xE0, 0x07, 0xC0, 0x0F, 0xC0, 0x1F,
  0xC0, 0x3D, 0x80, 0x7B, 0x80, 0xF3, 0x01, 0xE3, 0x03, 0xC7, 0x07, 0x86,
  0x0F, 0x06, 0x1E, 0x0E, 0x3C, 0x0C, 0x78, 0x1C, 0xF0, 0x1D, 0xE0, 0x1B,
  0xC0, 0x3F, 0x80, 0x3F, 0x00, 0x38, 0x07, 0xF0, 0x0F, 0xFE, 0x0F, 0x07,
  0x8E, 0x00, 0xE6, 0x00, 0x37, 0x00, 0x1F, 0x00, 0x07, 0x80, 0x03, 0xC0,
  0x01, 0xE0, 0x00, 0xF0, 0x00, 0x78, 0x00, 0x3C, 0x00, 0x1F, 0x00, 0x1D,
  0x80, 0x0C, 0xE0, 0x0E, 0x3C, 0x0E, 0x0F, 0xFE, 0x01, 0xFC, 0x00, 0xFF,
  0x0F, 0xFC, 0xC0, 0xEC, 0x06, 0xC0, 0x7C, 0x03, 0xC0, 0x7C, 0x07, 0xC0,
  0x6C, 0x1E, 0xFF, 0xCF, 0xF0, 0xC0, 0x0C, 0x00, 0xC0, 0x0C, 0x00, 0xC0,
  0x0C, 0x00, 0xC0, 0x00, 0x07, 0xF0, 0x0F, 0xFE, 0x0F, 0x07, 0x8E, 0x00,
  0xE6, 0x00, 0x37, 0x00, 0x1F, 0x00, 0x07, 0x80, 0x03, 0xC0, 0x01, 0xE0,
  0x00, 0xF0, 0x00, 0x78, 0x00, 0x3C, 0x00, 0x1F, 0x00, 0x1D, 0x80, 0x0C,
  0xE0, 0x0E, 0x3C, 0x0E, 0x0F, 0xFE, 0x01, 0xFC, 0x00, 0x07, 0x00, 0x01,
  0xC0, 0x00, 0x70, 0x00, 0x3C, 0xFF, 0x07, 0xFE, 0x30, 0x39, 0x80, 0xEC,
  0x07, 0x60, 0x1B, 0x01, 0xD8, 0x0C, 0xC0, 0xE7, 0xFE, 0x3F, 0xC1, 0x87,
  0x0C, 0x18, 0x60, 0xE3, 0x03, 0x18, 0x0C, 0xC0, 0x76, 0x01, 0xB0, 0x0E,
  0x0F, 0xC1, 0xFF, 0x9C, 0x0C, 0xC0, 0x06, 0x00, 0x30, 0x01, 0x80, 0x0F,
  0x00, 0x3E, 0x00, 0x7E, 0x00, 0x78, 0x00, 0xE0, 0x03, 0x00, 0x1C, 0x00,
  0xC0, 0x06, 0xC0, 0x77, 0xFF, 0x0F, 0xE0, 0xFF, 0xFF, 0xFF, 0xFC, 0x0E,
  0x00, 0x1C, 0x00, 0x38, 0x00, 0x70, 0x00, 0xE0, 0x01, 0xC0, 0x03, 0x80,
  0x07, 0x00, 0x0E, 0x00, 0x1C, 0x00, 0x38, 0x00, 0x70, 0x00, 0xE0, 0x01,
  0xC0, 0x03, 0x80, 0x07, 0x00, 0x0E, 0x00, 0xE0, 0x07, 0xC0, 0x0F, 0x80,
  0x1F, 0x00, 0x3E, 0x00, 0x7C, 0x00, 0xF8, 0x01, 0xF0, 0x03, 0xE0, 0x07,
  0xC0, 0x0F, 0x80, 0x1F, 0x00, 0x3E, 0x00, 0x6C, 0x00, 0xD8, 0x01, 0xB8,
  0x06, 0x38, 0x1C, 0x3F, 0xF0, 0x3F, 0x80, 0xE0, 0x03, 0x60, 0x07, 0x60,
  0x06, 0x70, 0x0E, 0x30, 0x0C, 0x30, 0x0C, 0x38, 0x1C, 0x18, 0x18, 0x18,
  0x18, 0x1C, 0x38, 0x0C, 0x30, 0x0E, 0x30, 0x06, 0x70, 0x06, 0x60, 0x07,
  0x60, 0x03, 0xC0, 0x03, 0xC0, 0x03, 0xC0, 0x01, 0x80, 0x60, 0x1C, 0x03,
  0x30, 0x0E, 0x01, 0x98, 0x0F, 0x00, 0xCE, 0x06, 0xC0, 0xE3, 0x03, 0x60,
  0x61, 0x81, 0xB0, 0x30, 0xC1, 0x9C, 0x38, 0x70, 0xC6, 0x1C, 0x18, 0x63,
  0x0C, 0x0C, 0x71, 0x86, 0x06, 0x30, 0x67, 0x03, 0x98, 0x33, 0x00, 0xCC,
  0x19, 0x80, 0x6C, 0x0E, 0xC0, 0x36, 0x03, 0xE0, 0x0F, 0x01, 0xE0, 0x07,
  0x80, 0xF0, 0x03, 0x80, 0x38, 0x01, 0xC0, 0x1C, 0x00, 0x60, 0x0E, 0x30,
  0x0C, 0x38, 0x18, 0x18, 0x38, 0x1C, 0x30, 0x0E, 0x60, 0x06, 0xE0, 0x07,
  0xC0, 0x03, 0x80, 0x03, 0x80, 0x03, 0xC0, 0x06, 0xE0, 0x0E, 0x60, 0x0C,
  0x30, 0x18, 0x38, 0x38, 0x18, 0x30, 0x1C, 0x60, 0x0E, 0xE0, 0x06, 0xE0,
  0x0E, 0xC0, 0x19, 0xC0, 0x71, 0x80, 0xC3, 0x83, 0x83, 0x06, 0x03, 0x1C,
  0x06, 0x30, 0x06, 0xC0, 0x0F, 0x80, 0x0E, 0x00, 0x1C, 0x00, 0x38, 0x00,
  0x70, 0x00, 0xE0, 0x01, 0xC0, 0x03, 0x80, 0x07, 0x00, 0x0E, 0x00, 0xFF,
  0xFF, 0xFF, 0xC0, 0x0E, 0x00, 0xE0, 0x06, 0x00, 0x70, 0x07, 0x00, 0x30,
  0x03, 0x80, 0x38, 0x01, 0x80, 0x1C, 0x01, 0xC0, 0x0C, 0x00, 0xC0, 0x0E,
  0x00, 0x60, 0x07, 0xFF, 0xFF, 0xFE, 0xFF, 0xFC, 0x30, 0xC3, 0x0C, 0x30,
  0xC3, 0x0C, 0x30, 0xC3, 0x0C, 0x30, 0xC3, 0x0C, 0x30, 0xC3, 0xFF, 0xC0,
  0xE0, 0x18, 0x06, 0x00, 0xC0, 0x30, 0x0E, 0x01, 0x80, 0x60, 0x1C, 0x03,
  0x00, 0xC0, 0x18, 0x06, 0x01, 0xC0, 0x30, 0x0C, 0x01, 0x80, 0x60, 0x18,
  0xFF, 0xF0, 0xC3, 0x0C, 0x30, 0xC3, 0x0C, 0x30, 0xC3, 0x0C, 0x30, 0xC3,
  0x0C, 0x30, 0xC3, 0x0F, 0xFF, 0xC0, 0x02, 0x00, 0x38, 0x01, 0x40, 0x1B,
  0x00, 0x88, 0x0C, 0x60, 0x61, 0x86, 0x0C, 0x30, 0x33, 0x01, 0x98, 0x07,
  0x80, 0x30, 0xFF, 0xFF, 0xFF, 0xE3, 0x8C, 0x30, 0x0F, 0xC3, 0xFE, 0x20,
  0x60, 0x07, 0x00, 0x30, 0x03, 0x0F, 0xF3, 0xFF, 0x60, 0x3E, 0x03, 0xE0,
  0x7E, 0x0F, 0x7F, 0xB3, 0xE3, 0xE0, 0x07, 0x00, 0x38, 0x01, 0xC0, 0x0E,
  0x00, 0x70, 0x03, 0x00, 0x18, 0xF8, 0xDF, 0xE7, 0x83, 0xB8, 0x0D, 0xC0,
  0x7E, 0x01, 0xF0, 0x0F, 0x80, 0x7C, 0x03, 0xE0, 0x3F, 0x01, 0xBC, 0x1D,
  0xBF, 0xCC, 0x7C, 0x00, 0x0F, 0xC3, 0xFC, 0xE0, 0x38, 0x06, 0x00, 0xC0,
  0x38, 0x07, 0x00, 0x60, 0x0C, 0x01, 0xC0, 0x1C, 0x11, 0xFE, 0x1F, 0x80,
  0x00, 0x18, 0x00, 0xC0, 0x06, 0x00, 0x30, 0x01, 0x80, 0x0C, 0x00, 0x61,
  0xF3, 0x3F, 0xD9, 0xC3, 0xDC, 0x0E, 0xC0, 0x36, 0x01, 0xF0, 0x0D, 0x80,
  0x6C, 0x03, 0x60, 0x1B, 0x81, 0xCC, 0x1E, 0x7F, 0xB0, 0xF9, 0x80, 0x0F,
  0xC0, 0xFF, 0x0C, 0x1C, 0xC0, 0x66, 0x03, 0xBF, 0xFF, 0xFF, 0xFC, 0x00,
  0x60, 0x03, 0x00, 0x1C, 0x00, 0x70, 0x21, 0xFF, 0x07, 0xF0, 0x07, 0xC3,
  0xF1, 0xC0, 0x60, 0x18, 0x06, 0x01, 0x81, 0xFE, 0xFF, 0x86, 0x01, 0x80,
  0x60, 0x18, 0x06, 0x01, 0x80, 0x60, 0x18, 0x06, 0x01, 0x80, 0x60, 0x18,
  0x00, 0x0F, 0xFC, 0x7F, 0xF3, 0x87, 0x0C, 0x0C, 0x30, 0x30, 0xC0, 0xC3,
  0x07, 0x07, 0xF8, 0x0F, 0xC0, 0x60, 0x03, 0x00, 0x0E, 0x00, 0x1F, 0xF0,
  0x7F, 0xE7, 0x01, 0xD8, 0x03, 0xE0, 0x0D, 0x80, 0x67, 0xFF, 0x87, 0xF8,
  0xE0, 0x0E, 0x00, 0xE0, 0x0E, 0x00, 0xE0, 0x0E, 0x00, 0xE0, 0x0C, 0x7C,
  0xDF, 0xEF, 0x07, 0xE0, 0x3E, 0x03, 0xE0, 0x3E, 0x03, 0xE0, 0x3E, 0x03,
  0xE0, 0x3E, 0x03, 0xE0, 0x3E, 0x03, 0xE0, 0x30, 0xDF, 0x00, 0x3F, 0xFF,
  0xFF, 0xFF, 0xFF, 0xF0, 0x18, 0x71, 0x80, 0x00, 0x01, 0xC7, 0x1C, 0x71,
  0xC7, 0x1C, 0x71, 0xC7, 0x1C, 0x71, 0xC7, 0x1C, 0x71, 0x86, 0xFB, 0xC0,
  0xC0, 0x0C, 0x00, 0xC0, 0x0C, 0x00, 0xC0, 0x0C, 0x00, 0xC0, 0x0C, 0x0E,
  0xC0, 0xCC, 0x18, 0xC3, 0x0C, 0x60, 0xCC, 0x0D, 0xC0, 0xFE, 0x0E, 0x70,
  0xC3, 0x0C, 0x18, 0xC1, 0xCC, 0x0E, 0xC0, 0x70, 0xFF, 0xFF, 0xFF, 0xFF,
  0xFF, 0xFF, 0xFF, 0xFE, 0xC7, 0x83, 0xE6, 0xFF, 0x7F, 0xBC, 0x3E, 0x0D,
  0xC0, 0xE0, 0x7E, 0x07, 0x01, 0xF0, 0x38, 0x0F, 0x81, 0xC0, 0x7C, 0x0E,
  0x03, 0xE0, 0x70, 0x1F, 0x03, 0x80, 0xF8, 0x1C, 0x07, 0xC0, 0xE0, 0x3E,
  0x07, 0x01, 0xF0, 0x38, 0x0C, 0xC7, 0xCD, 0xFE, 0xF0, 0x7E, 0x03, 0xE0,
  0x3E, 0x03, 0xE0, 0x3E, 0x03, 0xE0, 0x3E, 0x03, 0xE0, 0x3E, 0x03, 0xE0,
  0x3E, 0x03, 0x0F, 0xC0, 0x7F, 0xC3, 0x83, 0x9C, 0x06, 0x60, 0x19, 0x80,
  0x7E, 0x01, 0xD8, 0x07, 0x60, 0x1D, 0x80, 0x67, 0x01, 0x8E, 0x0E, 0x1F,
  0xF0, 0x3F, 0x00, 0xC7, 0xC6, 0xFF, 0x3C, 0x1D, 0xC0, 0x6E, 0x03, 0xF0,
  0x0F, 0x80, 0x7C, 0x03, 0xE0, 0x1F, 0x01, 0xF8, 0x0D, 0xE0, 0xED, 0xFE,
  0x67, 0xE3, 0x80, 0x1C, 0x00, 0xE0, 0x07, 0x00, 0x38, 0x01, 0xC0, 0x00,
  0x0F, 0x99, 0xFE, 0xCE, 0x1E, 0xE0, 0x76, 0x01, 0xB0, 0x0F, 0x80, 0x7C,
  0x03, 0x60, 0x1B, 0x00, 0xDC, 0x0E, 0x60, 0xF3, 0xFD, 0x87, 0xCC, 0x00,
  0x60, 0x03, 0x00, 0x18, 0x00, 0xC0, 0x06, 0x00, 0x30, 0xC7, 0xEF, 0xB6,
  0x1E, 0x0E, 0x07, 0x03, 0x81, 0xC0, 0xE0, 0x70, 0x38, 0x1C, 0x0E, 0x07,
  0x00, 0x1F, 0x8F, 0xF9, 0x81, 0x60, 0x06, 0x00, 0xF0, 0x0F, 0x80, 0x3C,
  0x01, 0xC0, 0x1C, 0x03, 0xC0, 0x6F, 0xFC, 0xFE, 0x00, 0x18, 0x0C, 0x06,
  0x0F, 0xFF, 0xF9, 0xC0, 0xE0, 0x70, 0x38, 0x1C, 0x0E, 0x07, 0x03, 0x80,
  0xC0, 0x60, 0x3F, 0x0F, 0x80, 0xC0, 0x3C, 0x03, 0xC0, 0x3C, 0x03, 0xC0,
  0x3C, 0x03, 0xC0, 0x3C, 0x03, 0xC0, 0x3C, 0x03, 0xE0, 0x76, 0x0F, 0x7F,
  0xB3, 0xF3, 0xE0, 0x1B, 0x00, 0xD8, 0x0E, 0xE0, 0x63, 0x07, 0x18, 0x30,
  0x61, 0x83, 0x1C, 0x1C, 0xC0, 0x66, 0x03, 0x60, 0x1F, 0x00, 0x78, 0x03,
  0x80, 0xE0, 0x70, 0x33, 0x03, 0x81, 0x98, 0x34, 0x0C, 0xE1, 0xB0, 0xE3,
  0x0D, 0x86, 0x18, 0x6C, 0x30, 0xC6, 0x31, 0x87, 0x31, 0x98, 0x19, 0x8C,
  0xC0, 0xD8, 0x36, 0x06, 0xC1, 0xB0, 0x1E, 0x0F, 0x00, 0xE0, 0x38, 0x07,
  0x01, 0xC0, 0xE0, 0x73, 0x03, 0x0C, 0x38, 0x73, 0x81, 0x98, 0x07, 0x80,
  0x1C, 0x01, 0xE0, 0x0F, 0x80, 0xCC, 0x0E, 0x30, 0xE1, 0xC6, 0x07, 0x60,
  0x18, 0xE0, 0x19, 0x80, 0x66, 0x03, 0x8C, 0x0C, 0x30, 0x70, 0xE1, 0x81,
  0x86, 0x06, 0x38, 0x0C, 0xC0, 0x33, 0x00, 0xD8, 0x01, 0xE0, 0x07, 0x80,
  0x0C, 0x00, 0x30, 0x01, 0x80, 0x06, 0x00, 0x30, 0x0F, 0xC0, 0x3C, 0x00,
  0x7F, 0xCF, 0xF8, 0x07, 0x00, 0xC0, 0x30, 0x0E, 0x03, 0x80, 0x60, 0x18,
  0x07, 0x00, 0xC0, 0x30, 0x0F, 0xFF, 0xFF, 0xC0, 0x07, 0x0F, 0x1C, 0x18,
  0x18, 0x18, 0x18, 0x18, 0x18, 0x38, 0xF0, 0xE0, 0x38, 0x18, 0x18, 0x18,
  0x18, 0x18, 0x18, 0x18, 0x1C, 0x0F, 0x07, 0xFF, 0xFF, 0xFF, 0xFF, 0xFF,
  0xFF, 0xFF, 0xE0, 0xF0, 0x38, 0x18, 0x18, 0x18, 0x18, 0x18, 0x18, 0x1C,
  0x0F, 0x07, 0x1C, 0x18, 0x18, 0x18, 0x18, 0x18, 0x18, 0x18, 0x38, 0xF0,
  0xE0, 0x7E, 0x0F, 0xFF, 0xE0, 0x7C, 0x00, 0x00, 0x00, 0x00, 0x00, 0x00,
  0x00, 0x00, 0x00, 0x00, 0x00, 0x00, 0x00, 0x00, 0x00, 0x00, 0x00, 0x00,
  0x00, 0x00, 0x00, 0x00, 0x00, 0x00, 0x00, 0x00, 0x00, 0x00, 0x00, 0x00,
  0x00, 0x00, 0x00, 0x00, 0xFF, 0x80, 0x12, 0x49, 0x3F, 0xFF, 0xFF, 0x80,
  0x03, 0x00, 0x60, 0x3F, 0x0F, 0xF3, 0x80, 0xE0, 0x18, 0x03, 0x00, 0xE0,
  0x1C, 0x03, 0x80, 0x30, 0x06, 0x00, 0xE0, 0x0E, 0x09, 0xFF, 0x0F, 0xC0,
  0x40, 0x08, 0x01, 0x00, 0x03, 0xE0, 0x7F, 0xC7, 0x04, 0x30, 0x01, 0x80,
  0x0C, 0x00, 0x60, 0x03, 0x00, 0x18, 0x07, 0xFE, 0x3F, 0xF0, 0x30, 0x01,
  0x80, 0x0C, 0x00, 0x60, 0x06, 0x00, 0x70, 0x07, 0xFF, 0xFF, 0xFE, 0x80,
  0x2D, 0xF7, 0x7F, 0xE6, 0x0C, 0x60, 0x6C, 0x06, 0xC0, 0x6C, 0x06, 0x60,
  0x66, 0x0C, 0x7F, 0xED, 0xF6, 0x80, 0x20, 0x60, 0x0E, 0xE0, 0x18, 0xC0,
  0x71, 0xC0, 0xC1, 0x83, 0x83, 0x86, 0x03, 0x1C, 0x07, 0x30, 0x06, 0xC0,
  0x0F, 0x80, 0xFF, 0xE1, 0xFF, 0xC0, 0x18, 0x00, 0x30, 0x0F, 0xFE, 0x1F,
  0xFC, 0x01, 0x80, 0x03, 0x00, 0x06, 0x00, 0xFF, 0xFF, 0xF0, 0x00, 0x0F,
  0xFF, 0xFF, 0x3F, 0x9F, 0xFC, 0x03, 0x00, 0xC0, 0x1C, 0x03, 0xE1, 0xFC,
  0xC1, 0xB0, 0x3C, 0x0F, 0x83, 0x71, 0xCF, 0xE0, 0xF8, 0x07, 0x00, 0xC0,
  0x30, 0x1F, 0xFE, 0x7E, 0x00, 0x00, 0xC7, 0xC6, 0x01, 0xF8, 0x00, 0x78,
  0xF0, 0x1C, 0x01, 0x83, 0x00, 0x0C, 0x20, 0xF8, 0x66, 0x1F, 0xC2, 0x43,
  0x00, 0x3C, 0x30, 0x03, 0xC6, 0x00, 0x1C, 0x60, 0x01, 0xC6, 0x00, 0x1C,
  0x30, 0x03, 0x43, 0x00, 0x36, 0x1F, 0xC2, 0x20, 0xF8, 0x63, 0x00, 0x0C,
  0x1C, 0x01, 0x80, 0x78, 0xF0, 0x01, 0xFC, 0x00, 0x7C, 0xDC, 0x08, 0x17,
  0xF8, 0x71, 0xE7, 0x7A, 0x08, 0x63, 0x8C, 0xE3, 0x18, 0xC6, 0x31, 0x8E,
  0x18, 0xC1, 0x8C, 0x38, 0xC3, 0x8C, 0x21, 0x80, 0xFF, 0xFF, 0xFF, 0xC0,
  0x06, 0x00, 0x30, 0x01, 0x80, 0x0C, 0x00, 0x60, 0xFF, 0xFC, 0x01, 0xF8,
  0x00, 0x78, 0xF0, 0x1C, 0x01, 0x83, 0x00, 0x0C, 0x21, 0xF8, 0x66, 0x1F,
  0xC2, 0x41, 0x8C, 0x3C, 0x18, 0xC3, 0xC1, 0x8C, 0x1C, 0x1F, 0x81, 0xC1,
  0xF0, 0x1C, 0x19, 0x83, 0x41, 0x9C, 0x36, 0x18, 0xC2, 0x21, 0x86, 0x63,
  0x00, 0x0C, 0x1C, 0x01, 0x80, 0x78, 0xF0, 0x01, 0xFC, 0x00, 0xFF, 0xFF,
  0xFF, 0xF0, 0x3C, 0xFE, 0xC3, 0x83, 0x83, 0xC3, 0xFE, 0x3C, 0x03, 0x00,
  0x18, 0x00, 0xC0, 0x06, 0x00, 0x30, 0x7F, 0xFF, 0xFF, 0xE0, 0x60, 0x03,
  0x00, 0x18, 0x00, 0xC0, 0x06, 0x00, 0x30, 0x00, 0x03, 0xFF, 0xFF, 0xFF,
  0x7D, 0xDC, 0x18, 0x30, 0x60, 0xC3, 0x0C, 0x30, 0xC3, 0xFF, 0xF0, 0x3E,
  0x3B, 0x80, 0xC0, 0x60, 0x30, 0x30, 0xF8, 0x06, 0x01, 0x80, 0xFD, 0xCF,
  0xC0, 0x39, 0x99, 0x80, 0xE0, 0x3E, 0x03, 0xE0, 0x3E, 0x03, 0xE0, 0x3E,
  0x03, 0xE0, 0x3E, 0x03, 0xE0, 0x3E, 0x03, 0xE0, 0x7F, 0x07, 0xFF, 0xFC,
  0xF1, 0xC0, 0x0C, 0x00, 0xE0, 0x0E, 0x00, 0xE0, 0x0E, 0x00, 0x1F, 0xFB,
  0xF8, 0xFF, 0xC7, 0xFE, 0x3F, 0xF1, 0xFF, 0x8F, 0xFC, 0x7F, 0xE3, 0xFF,
  0x1F, 0xF8, 0xFF, 0xC6, 0xFE, 0x33, 0xF1, 0x80, 0x8C, 0x04, 0x60, 0x23,
  0x01, 0x18, 0x08, 0xC0, 0x46, 0x02, 0x30, 0x11, 0x80, 0x8C, 0x04, 0x60,
  0x23, 0xFF, 0x80, 0x30, 0xC1, 0x83, 0xBB, 0xC0, 0x1B, 0xFA, 0x10, 0x84,
  0x21, 0x08, 0x42, 0x10, 0x3C, 0x66, 0xC3, 0xC1, 0x81, 0xC1, 0xC3, 0x66,
  0x3C, 0x42, 0x0C, 0x61, 0xC6, 0x1C, 0xE1, 0x8E, 0x18, 0xC6, 0x39, 0xCE,
  0x71, 0x9C, 0x61, 0x08, 0x00, 0x18, 0x03, 0x0F, 0x00, 0xC3, 0xE0, 0x10,
  0x0C, 0x06, 0x01, 0x81, 0x80, 0x30, 0x30, 0x06, 0x0C, 0x00, 0xC3, 0x0C,
  0x18, 0x63, 0x83, 0x18, 0xF0, 0x63, 0x16, 0x0C, 0xC6, 0xC0, 0x31, 0x98,
  0x06, 0x23, 0x01, 0x8F, 0xF8, 0x21, 0xFF, 0x0C, 0x01, 0x83, 0x00, 0x30,
  0x60, 0x06, 0x00, 0x38, 0x06, 0x0F, 0x01, 0x83, 0x60, 0x30, 0x4C, 0x0C,
  0x01, 0x81, 0x80, 0x30, 0x60, 0x06, 0x18, 0x00, 0xC3, 0x3C, 0x18, 0xDF,
  0xC3, 0x18, 0x0C, 0x66, 0x01, 0x8D, 0x80, 0x20, 0x30, 0x0C, 0x0C, 0x03,
  0x01, 0x80, 0xC0, 0x60, 0x30, 0x18, 0x0C, 0x03, 0x03, 0xFC, 0xC0, 0x7F,
  0x80, 0x3E, 0x00, 0xC3, 0xB8, 0x0C, 0x00, 0xC0, 0x60, 0x06, 0x06, 0x00,
  0xE0, 0x20, 0x1F, 0x03, 0x00, 0x0C, 0x30, 0x00, 0x21, 0x8C, 0x01, 0x98,
  0xE0, 0x19, 0x87, 0x3F, 0xCC, 0x58, 0xFC, 0xC6, 0xC0, 0x06, 0x66, 0x00,
  0x62, 0x30, 0x06, 0x3F, 0xE0, 0x31, 0xFF, 0x03, 0x00, 0x60, 0x18, 0x03,
  0x01, 0x80, 0x18, 0x06, 0x03, 0x80, 0xE0, 0x00, 0x00, 0x00, 0x00, 0x60,
  0x18, 0x0E, 0x07, 0x03, 0x81, 0xC0, 0xE0, 0x30, 0x0C, 0x03, 0x00, 0xE0,
  0xDF, 0xF3, 0xF0, 0x07, 0x00, 0x01, 0xC0, 0x00, 0x60, 0x00, 0x18, 0x00,
  0x00, 0x00, 0x00, 0x00, 0x07, 0x00, 0x03, 0x80, 0x01, 0x60, 0x01, 0xB0,
  0x00, 0xD8, 0x00, 0xE6, 0x00, 0x63, 0x00, 0x31, 0xC0, 0x30, 0x60, 0x18,
  0x30, 0x1C, 0x1C, 0x0F, 0xFE, 0x07, 0xFF, 0x06, 0x00, 0xC3, 0x00, 0x63,
  0x80, 0x39, 0x80, 0x0C, 0xC0, 0x06, 0xC0, 0x01, 0x80, 0x00, 0x70, 0x00,
  0x30, 0x00, 0x30, 0x00, 0x30, 0x00, 0x00, 0x00, 0x00, 0x00, 0x07, 0x00,
  0x03, 0x80, 0x01, 0x60, 0x01, 0xB0, 0x00, 0xD8, 0x00, 0xE6, 0x00, 0x63,
  0x00, 0x31, 0xC0, 0x30, 0x60, 0x18, 0x30, 0x1C, 0x1C, 0x0F, 0xFE, 0x07,
  0xFF, 0x06, 0x00, 0xC3, 0x00, 0x63, 0x80, 0x39, 0x80, 0x0C, 0xC0, 0x06,
  0xC0, 0x01, 0x80, 0x01, 0xC0, 0x01, 0xF0, 0x01, 0xDC, 0x01, 0x83, 0x00,
  0x00, 0x00, 0x00, 0x00, 0x07, 0x00, 0x03, 0x80, 0x01, 0x60, 0x01, 0xB0,
  0x00, 0xD8, 0x00, 0xE6, 0x00, 0x63, 0x00, 0x31, 0xC0, 0x30, 0x60, 0x18,
  0x30, 0x1C, 0x1C, 0x0F, 0xFE, 0x07, 0xFF, 0x06, 0x00, 0xC3, 0x00, 0x63,
  0x80, 0x39, 0x80, 0x0C, 0xC0, 0x06, 0xC0, 0x01, 0x80, 0x0F, 0x18, 0x0F,
  0xF8, 0x06, 0x3C, 0x00, 0x00, 0x00, 0x00, 0x00, 0x0E, 0x00, 0x07, 0x00,
  0x02, 0xC0, 0x03, 0x60, 0x01, 0xB0, 0x01, 0xCC, 0x00, 0xC6, 0x00, 0x63,
  0x80, 0x60, 0xC0, 0x30, 0x60, 0x38, 0x38, 0x1F, 0xFC, 0x0F, 0xFE, 0x0C,
  0x01, 0x86, 0x00, 0xC7, 0x00, 0x73, 0x00, 0x19, 0x80, 0x0D, 0x80, 0x03,
  0x00, 0x00, 0x03, 0x1C, 0x01, 0x8C, 0x00, 0x00, 0x00, 0x00, 0x00, 0x00,
  0x00, 0x07, 0x00, 0x03, 0x80, 0x01, 0x60, 0x01, 0xB0, 0x00, 0xD8, 0x00,
  0xE6, 0x00, 0x63, 0x00, 0x31, 0xC0, 0x30, 0x60, 0x18, 0x30, 0x1C, 0x1C,
  0x0F, 0xFE, 0x07, 0xFF, 0x06, 0x00, 0xC3, 0x00, 0x63, 0x80, 0x39, 0x80,
  0x0C, 0xC0, 0x06, 0xC0, 0x01, 0x80, 0x03, 0xC0, 0x03, 0x30, 0x01, 0x08,
  0x00, 0x8C, 0x00, 0x66, 0x00, 0x1E, 0x00, 0x07, 0x00, 0x02, 0xC0, 0x03,
  0x60, 0x01, 0xB0, 0x01, 0xCC, 0x00, 0xC6, 0x00, 0x63, 0x80, 0x60, 0xC0,
  0x30, 0x60, 0x38, 0x38, 0x1F, 0xFC, 0x0F, 0xFE, 0x0C, 0x01, 0x86, 0x00,
  0xC7, 0x00, 0x73, 0x00, 0x19, 0x80, 0x0D, 0x80, 0x03, 0x00, 0x7F, 0xFC,
  0x03, 0xFF, 0xF0, 0x0C, 0xC0, 0x00, 0x73, 0x00, 0x01, 0x8C, 0x00, 0x0E,
  0x30, 0x00, 0x30, 0xC0, 0x01, 0xC3, 0x00, 0x06, 0x0F, 0xF8, 0x38, 0x3F,
  0xE0, 0xC0, 0xC0, 0x03, 0xFF, 0x00, 0x1F, 0xFC, 0x00, 0x60, 0x30, 0x03,
  0x00, 0xC0, 0x0C, 0x03, 0x00, 0x70, 0x0C, 0x01, 0x80, 0x3F, 0xFE, 0x00,
  0xFF, 0xC0, 0x07, 0xF0, 0x7F, 0xF3, 0xC0, 0xDC, 0x00, 0x60, 0x03, 0x80,
  0x0C, 0x00, 0x30, 0x00, 0xC0, 0x03, 0x00, 0x0C, 0x00, 0x30, 0x00, 0xC0,
  0x03, 0x80, 0x06, 0x00, 0x1C, 0x00, 0x3C, 0x00, 0x7F, 0xE0, 0x7F, 0x80,
  0x60, 0x01, 0x80, 0x03, 0x00, 0x06, 0x01, 0x70, 0x07, 0x80, 0x38, 0x07,
  0x00, 0xC0, 0x18, 0x00, 0x00, 0x0F, 0xFF, 0xFF, 0xC0, 0x30, 0x0C, 0x03,
  0x00, 0xC0, 0x30, 0x0F, 0xFF, 0xFF, 0xC0, 0x30, 0x0C, 0x03, 0x00, 0xC0,
  0x30, 0x0C, 0x03, 0xFF, 0xFF, 0xC0, 0x03, 0x80, 0xC0, 0x60, 0x30, 0x00,
  0x00, 0x0F, 0xFF, 0xFF, 0xC0, 0x30, 0x0C, 0x03, 0x00, 0xC0, 0x30, 0x0F,
  0xFF, 0xFF, 0xC0, 0x30, 0x0C, 0x03, 0x00, 0xC0, 0x30, 0x0C, 0x03, 0xFF,
  0xFF, 0xC0, 0x0E, 0x07, 0xC3, 0xB9, 0x83, 0x00, 0x00, 0x0F, 0xFF, 0xFF,
  0xC0, 0x30, 0x0C, 0x03, 0x00, 0xC0, 0x30, 0x0F, 0xFF, 0xFF, 0xC0, 0x30,
  0x0C, 0x03, 0x00, 0xC0, 0x30, 0x0C, 0x03, 0xFF, 0xFF, 0xC0, 0x00, 0x18,
  0xE6, 0x30, 0x00, 0x00, 0x00, 0x0F, 0xFF, 0xFF, 0xC0, 0x30, 0x0C, 0x03,
  0x00, 0xC0, 0x30, 0x0F, 0xFF, 0xFF, 0xC0, 0x30, 0x0C, 0x03, 0x00, 0xC0,
  0x30, 0x0C, 0x03, 0xFF, 0xFF, 0xC0, 0xE3, 0x8C, 0x30, 0x00, 0x63, 0x18,
  0xC6, 0x31, 0x8C, 0x63, 0x18, 0xC6, 0x31, 0x8C, 0x63, 0x18, 0x39, 0x99,
  0x80, 0x01, 0x8C, 0x63, 0x18, 0xC6, 0x31, 0x8C, 0x63, 0x18, 0xC6, 0x31,
  0x8C, 0x60, 0x1C, 0x1F, 0x1D, 0xD8, 0x30, 0x00, 0x00, 0x30, 0x18, 0x0C,
  0x06, 0x03, 0x01, 0x80, 0xC0, 0x60, 0x30, 0x18, 0x0C, 0x06, 0x03, 0x01,
  0x80, 0xC0, 0x60, 0x30, 0x18, 0x0C, 0x00, 0x00, 0xC7, 0xC6, 0x00, 0x00,
  0x00, 0x18, 0x18, 0x18, 0x18, 0x18, 0x18, 0x18, 0x18, 0x18, 0x18, 0x18,
  0x18, 0x18, 0x18, 0x18, 0x18, 0x18, 0x18, 0x18, 0x3F, 0xE0, 0x1F, 0xFC,
  0x0C, 0x07, 0x86, 0x01, 0xC3, 0x00, 0x71, 0x80, 0x18, 0xC0, 0x0E, 0x60,
  0x07, 0x30, 0x01, 0xFF, 0xC0, 0xFF, 0xE0, 0x66, 0x00, 0x73, 0x00, 0x39,
  0x80, 0x18, 0xC0, 0x1C, 0x60, 0x1C, 0x30, 0x3C, 0x1F, 0xFC, 0x0F, 0xF8,
  0x00, 0x1E, 0x30, 0x7F, 0xC0, 0xC7, 0x80, 0x00, 0x00, 0x00, 0x1C, 0x00,
  0xF8, 0x01, 0xF8, 0x03, 0xF8, 0x07, 0xB0, 0x0F, 0x70, 0x1E, 0x60, 0x3C,
  0x60, 0x78, 0xE0, 0xF0, 0xC1, 0xE0, 0xC3, 0xC1, 0xC7, 0x81, 0x8F, 0x03,
  0x9E, 0x03, 0xBC, 0x03, 0x78, 0x07, 0xF0, 0x07, 0xE0, 0x07, 0x07, 0x00,
  0x01, 0xC0, 0x00, 0x60, 0x00, 0x18, 0x00, 0x00, 0x00, 0x00, 0x00, 0x1F,
  0xC0, 0x3F, 0xF8, 0x3C, 0x1E, 0x38, 0x03, 0x98, 0x00, 0xDC, 0x00, 0x7C,
  0x00, 0x1E, 0x00, 0x0F, 0x00, 0x07, 0x80, 0x03, 0xC0, 0x01, 0xE0, 0x00,
  0xF0, 0x00, 0x7C, 0x00, 0x76, 0x00, 0x33, 0x80, 0x38, 0xF0, 0x38, 0x3F,
  0xF8, 0x07, 0xF0, 0x00, 0x00, 0x70, 0x00, 0x30, 0x00, 0x30, 0x00, 0x30,
  0x00, 0x00, 0x00, 0x00, 0x00, 0x1F, 0xC0, 0x3F, 0xF8, 0x3C, 0x1E, 0x38,
  0x03, 0x98, 0x00, 0xDC, 0x00, 0x7C, 0x00, 0x1E, 0x00, 0x0F, 0x00, 0x07,
  0x80, 0x03, 0xC0, 0x01, 0xE0, 0x00, 0xF0, 0x00, 0x7C, 0x00, 0x76, 0x00,
  0x33, 0x80, 0x38, 0xF0, 0x38, 0x3F, 0xF8, 0x07, 0xF0, 0x00, 0x01, 0xC0,
  0x01, 0xF0, 0x01, 0xDC, 0x01, 0x83, 0x00, 0x00, 0x00, 0x00, 0x00, 0x1F,
  0xC0, 0x3F, 0xF8, 0x3C, 0x1E, 0x38, 0x03, 0x98, 0x00, 0xDC, 0x00, 0x7C,
  0x00, 0x1E, 0x00, 0x0F, 0x00, 0x07, 0x80, 0x03, 0xC0, 0x01, 0xE0, 0x00,
  0xF0, 0x00, 0x7C, 0x00, 0x76, 0x00, 0x33, 0x80, 0x38, 0xF0, 0x38, 0x3F,
  0xF8, 0x07, 0xF0, 0x00, 0x0F, 0x18, 0x0F, 0xF8, 0x06, 0x3C, 0x00, 0x00,
  0x00, 0x00, 0x00, 0x3F, 0x80, 0x7F, 0xF0, 0x78, 0x3C, 0x70, 0x07, 0x30,
  0x01, 0xB8, 0x00, 0xF8, 0x00, 0x3C, 0x00, 0x1E, 0x00, 0x0F, 0x00, 0x07,
  0x80, 0x03, 0xC0, 0x01, 0xE0, 0x00, 0xF8, 0x00, 0xEC, 0x00, 0x67, 0x00,
  0x71, 0xE0, 0x70, 0x7F, 0xF0, 0x0F, 0xE0, 0x00, 0x00, 0x03, 0x1C, 0x01,
  0x8C, 0x00, 0x00, 0x00, 0x00, 0x00, 0x00, 0x00, 0x1F, 0xC0, 0x3F, 0xF8,
  0x3C, 0x1E, 0x38, 0x03, 0x98, 0x00, 0xDC, 0x00, 0x7C, 0x00, 0x1E, 0x00,
  0x0F, 0x00, 0x07, 0x80, 0x03, 0xC0, 0x01, 0xE0, 0x00, 0xF0, 0x00, 0x7C,
  0x00, 0x76, 0x00, 0x33, 0x80, 0x38, 0xF0, 0x38, 0x3F, 0xF8, 0x07, 0xF0,
  0x00, 0x40, 0x2E, 0x06, 0x70, 0xC3, 0x98, 0x1B, 0x00, 0xE0, 0x0E, 0x01,
  0xB0, 0x39, 0x87, 0x0C, 0xE0, 0x64, 0x02, 0x00, 0x02, 0x03, 0xF9, 0x87,
  0xFF, 0x87, 0x83, 0xC7, 0x00, 0xF3, 0x00, 0xDB, 0x80, 0xEF, 0x80, 0x63,
  0xC0, 0x61, 0xE0, 0x60, 0xF0, 0x70, 0x78, 0x70, 0x3C, 0x30, 0x1E, 0x30,
  0x0F, 0xB8, 0x0E, 0xF8, 0x06, 0x78, 0x07, 0x1E, 0x07, 0x1F, 0xFF, 0x0C,
  0xFE, 0x04, 0x00, 0x00, 0x0E, 0x00, 0x0E, 0x00, 0x0C, 0x00, 0x0C, 0x00,
  0x00, 0x00, 0x00, 0x38, 0x01, 0xF0, 0x03, 0xE0, 0x07, 0xC0, 0x0F, 0x80,
  0x1F, 0x00, 0x3E, 0x00, 0x7C, 0x00, 0xF8, 0x01, 0xF0, 0x03, 0xE0, 0x07,
  0xC0, 0x0F, 0x80, 0x1B, 0x00, 0x36, 0x00, 0x6E, 0x01, 0x8E, 0x07, 0x0F,
  0xFC, 0x0F, 0xE0, 0x00, 0xE0, 0x01, 0x80, 0x06, 0x00, 0x18, 0x00, 0x00,
  0x00, 0x00, 0x38, 0x01, 0xF0, 0x03, 0xE0, 0x07, 0xC0, 0x0F, 0x80, 0x1F,
  0x00, 0x3E, 0x00, 0x7C, 0x00, 0xF8, 0x01, 0xF0, 0x03, 0xE0, 0x07, 0xC0,
  0x0F, 0x80, 0x1B, 0x00, 0x36, 0x00, 0x6E, 0x01, 0x8E, 0x07, 0x0F, 0xFC,
  0x0F, 0xE0, 0x03, 0x80, 0x0F, 0x80, 0x3B, 0x80, 0xC1, 0x80, 0x00, 0x00,
  0x00, 0x38, 0x01, 0xF0, 0x03, 0xE0, 0x07, 0xC0, 0x0F, 0x80, 0x1F, 0x00,
  0x3E, 0x00, 0x7C, 0x00, 0xF8, 0x01, 0xF0, 0x03, 0xE0, 0x07, 0xC0, 0x0F,
  0x80, 0x1B, 0x00, 0x36, 0x00, 0x6E, 0x01, 0x8E, 0x07, 0x0F, 0xFC, 0x0F,
  0xE0, 0x00, 0x00, 0x18, 0xE0, 0x31, 0x80, 0x00, 0x00, 0x00, 0x00, 0x00,
  0x38, 0x01, 0xF0, 0x03, 0xE0, 0x07, 0xC0, 0x0F, 0x80, 0x1F, 0x00, 0x3E,
  0x00, 0x7C, 0x00, 0xF8, 0x01, 0xF0, 0x03, 0xE0, 0x07, 0xC0, 0x0F, 0x80,
  0x1B, 0x00, 0x36, 0x00, 0x6E, 0x01, 0x8E, 0x07, 0x0F, 0xFC, 0x0F, 0xE0,
  0x00, 0xE0, 0x01, 0x80, 0x06, 0x00, 0x18, 0x00, 0x00, 0x00, 0x00, 0x38,
  0x03, 0xB0, 0x06, 0x70, 0x1C, 0x60, 0x30, 0xE0, 0xE0, 0xC1, 0x80, 0xC7,
  0x01, 0x8C, 0x01, 0xB0, 0x03, 0xE0, 0x03, 0x80, 0x07, 0x00, 0x0E, 0x00,
  0x1C, 0x00, 0x38, 0x00, 0x70, 0x00, 0xE0, 0x01, 0xC0, 0x03, 0x80, 0xC0,
  0x0C, 0x00, 0xC0, 0x0F, 0xF0, 0xFF, 0xCC, 0x0E, 0xC0, 0x6C, 0x07, 0xC0,
  0x3C, 0x07, 0xC0, 0x7C, 0x06, 0xC1, 0xEF, 0xFC, 0xFF, 0x0C, 0x00, 0xC0,
  0x0C, 0x00, 0xC0, 0x00, 0x1F, 0x80, 0xFF, 0x87, 0x07, 0x38, 0x0C, 0xE0,
  0x33, 0x81, 0xCE, 0x0E, 0x38, 0x70, 0xE3, 0x83, 0x8C, 0x0E, 0x30, 0x38,
  0x70, 0xE0, 0xE3, 0x81, 0xCE, 0x03, 0xB8, 0x06, 0xE0, 0x1F, 0x80, 0x7E,
  0x01, 0xB9, 0xFE, 0xE3, 0xE0, 0x1C, 0x00, 0xE0, 0x06, 0x00, 0x30, 0x00,
  0x00, 0x00, 0x0F, 0xC3, 0xFE, 0x20, 0x60, 0x07, 0x00, 0x30, 0x03, 0x0F,
  0xF3, 0xFF, 0x60, 0x3E, 0x03, 0xE0, 0x7E, 0x0F, 0x7F, 0xB3, 0xE3, 0x01,
  0xC0, 0x18, 0x03, 0x00, 0x60, 0x00, 0x00, 0x00, 0x0F, 0xC3, 0xFE, 0x20,
  0x60, 0x07, 0x00, 0x30, 0x03, 0x0F, 0xF3, 0xFF, 0x60, 0x3E, 0x03, 0xE0,
  0x7E, 0x0F, 0x7F, 0xB3, 0xE3, 0x07, 0x00, 0xF8, 0x1D, 0xC3, 0x06, 0x00,
  0x00, 0x00, 0x0F, 0xC3, 0xFE, 0x20, 0x60, 0x07, 0x00, 0x30, 0x03, 0x0F,
  0xF3, 0xFF, 0x60, 0x3E, 0x03, 0xE0, 0x7E, 0x0F, 0x7F, 0xB3, 0xE3, 0x3C,
  0x67, 0xFC, 0x63, 0xC0, 0x00, 0x00, 0x00, 0xFC, 0x3F, 0xE2, 0x06, 0x00,
  0x70, 0x03, 0x00, 0x30, 0xFF, 0x3F, 0xF6, 0x03, 0xE0, 0x3E, 0x07, 0xE0,
  0xF7, 0xFB, 0x3E, 0x30, 0x00, 0x01, 0x8E, 0x18, 0xC0, 0x00, 0x00, 0x00,
  0x00, 0x0F, 0xC3, 0xFE, 0x20, 0x60, 0x07, 0x00, 0x30, 0x03, 0x0F, 0xF3,
  0xFF, 0x60, 0x3E, 0x03, 0xE0, 0x7E, 0x0F, 0x7F, 0xB3, 0xE3, 0x07, 0x80,
  0xCC, 0x08, 0x40, 0x8C, 0x0C, 0xC0, 0x78, 0x00, 0x00, 0x00, 0x0F, 0xC3,
  0xFE, 0x20, 0x60, 0x07, 0x00, 0x30, 0x03, 0x0F, 0xF3, 0xFF, 0x60, 0x3E,
  0x03, 0xE0, 0x7E, 0x0F, 0x7F, 0xB3, 0xE3, 0x1F, 0x87, 0xC1, 0xFE, 0x7F,
  0x08, 0x1E, 0x1C, 0x00, 0xE0, 0x70, 0x07, 0x01, 0x80, 0x7F, 0xFC, 0xFF,
  0xFF, 0xEE, 0x0E, 0x00, 0xE0, 0x70, 0x07, 0x03, 0x80, 0x38, 0x1C, 0x01,
  0xC1, 0xB0, 0x27, 0xF8, 0xFF, 0x1F, 0x83, 0xF0, 0x0F, 0xC3, 0xFC, 0xE0,
  0x38, 0x06, 0x00, 0xC0, 0x38, 0x07, 0x00, 0x60, 0x0C, 0x01, 0xC0, 0x1C,
  0x11, 0xFE, 0x1F, 0x80, 0xC0, 0x18, 0x01, 0x80, 0x18, 0x2E, 0x07, 0x80,
  0x1C, 0x00, 0x70, 0x01, 0x80, 0x06, 0x00, 0x00, 0x00, 0x00, 0x3F, 0x03,
  0xFC, 0x30, 0x73, 0x01, 0x98, 0x0E, 0xFF, 0xFF, 0xFF, 0xF0, 0x01, 0x80,
  0x0C, 0x00, 0x70, 0x01, 0xC0, 0x87, 0xFC, 0x1F, 0xC0, 0x01, 0xC0, 0x0C,
  0x00, 0xC0, 0x0C, 0x00, 0x00, 0x00, 0x00, 0x3F, 0x03, 0xFC, 0x30, 0x73,
  0x01, 0x98, 0x0E, 0xFF, 0xFF, 0xFF, 0xF0, 0x01, 0x80, 0x0C, 0x00, 0x70,
  0x01, 0xC0, 0x87, 0xFC, 0x1F, 0xC0, 0x07, 0x00, 0x7C, 0x07, 0x70, 0x60,
  0xC0, 0x00, 0x00, 0x00, 0x3F, 0x03, 0xFC, 0x30, 0x73, 0x01, 0x98, 0x0E,
  0xFF, 0xFF, 0xFF, 0xF0, 0x01, 0x80, 0x0C, 0x00, 0x70, 0x01, 0xC0, 0x87,
  0xFC, 0x1F, 0xC0, 0x00, 0x00, 0xC7, 0x06, 0x30, 0x00, 0x00, 0x00, 0x00,
  0x00, 0x3F, 0x03, 0xFC, 0x30, 0x73, 0x01, 0x98, 0x0E, 0xFF, 0xFF, 0xFF,
  0xF0, 0x01, 0x80, 0x0C, 0x00, 0x70, 0x01, 0xC0, 0x87, 0xFC, 0x1F, 0xC0,
  0xE3, 0x8C, 0x30, 0x00, 0xE7, 0x39, 0xCE, 0x73, 0x9C, 0xE7, 0x39, 0xCE,
  0x70, 0x39, 0x99, 0x80, 0x03, 0x9C, 0xE7, 0x39, 0xCE, 0x73, 0x9C, 0xE7,
  0x39, 0xC0, 0x1C, 0x1F, 0x1D, 0xD8, 0x30, 0x00, 0x00, 0x70, 0x38, 0x1C,
  0x0E, 0x07, 0x03, 0x81, 0xC0, 0xE0, 0x70, 0x38, 0x1C, 0x0E, 0x07, 0x03,
  0x80, 0x00, 0xC7, 0xC6, 0x00, 0x00, 0x00, 0x38, 0x38, 0x38, 0x38, 0x38,
  0x38, 0x38, 0x38, 0x38, 0x38, 0x38, 0x38, 0x38, 0x38, 0x0C, 0x10, 0x39,
  0xC0, 0x3E, 0x00, 0xF0, 0x0E, 0xE0, 0x21, 0x80, 0x03, 0x00, 0x0E, 0x0F,
  0xD8, 0xFF, 0xE3, 0x03, 0x98, 0x07, 0x60, 0x1D, 0x80, 0x7E, 0x01, 0xD8,
  0x07, 0x60, 0x19, 0x80, 0x63, 0x03, 0x07, 0xFC, 0x0F, 0xC0, 0x3C, 0x67,
  0xFC, 0x63, 0xC0, 0x00, 0x00, 0x0C, 0x7C, 0xDF, 0xEF, 0x07, 0xE0, 0x3E,
  0x03, 0xE0, 0x3E, 0x03, 0xE0, 0x3E, 0x03, 0xE0, 0x3E, 0x03, 0xE0, 0x3E,
  0x03, 0xE0, 0x30, 0x0E, 0x00, 0x1C, 0x00, 0x30, 0x00, 0x60, 0x00, 0x00,
  0x00, 0x00, 0xFC, 0x07, 0xFC, 0x38, 0x39, 0xC0, 0x66, 0x01, 0x98, 0x07,
  0xE0, 0x1D, 0x80, 0x76, 0x01, 0xD8, 0x06, 0x70, 0x18, 0xE0, 0xE1, 0xFF,
  0x03, 0xF0, 0x00, 0xE0, 0x03, 0x00, 0x18, 0x00, 0xC0, 0x00, 0x00, 0x00,
  0x00, 0xFC, 0x07, 0xFC, 0x38, 0x39, 0xC0, 0x66, 0x01, 0x98, 0x07, 0xE0,
  0x1D, 0x80, 0x76, 0x01, 0xD8, 0x06, 0x70, 0x18, 0xE0, 0xE1, 0xFF, 0x03,
  0xF0, 0x03, 0x80, 0x1F, 0x00, 0xEE, 0x06, 0x0C, 0x00, 0x00, 0x00, 0x00,
  0xFC, 0x07, 0xFC, 0x38, 0x39, 0xC0, 0x66, 0x01, 0x98, 0x07, 0xE0, 0x1D,
  0x80, 0x76, 0x01, 0xD8, 0x06, 0x70, 0x18, 0xE0, 0xE1, 0xFF, 0x03, 0xF0,
  0x1E, 0x30, 0xFF, 0x83, 0x1E, 0x00, 0x00, 0x00, 0x00, 0x3F, 0x01, 0xFF,
  0x0E, 0x0E, 0x70, 0x19, 0x80, 0x66, 0x01, 0xF8, 0x07, 0x60, 0x1D, 0x80,
  0x76, 0x01, 0x9C, 0x06, 0x38, 0x38, 0x7F, 0xC0, 0xFC, 0x00, 0x00, 0x00,
  0x63, 0x81, 0x8C, 0x00, 0x00, 0x00, 0x00, 0x00, 0x00, 0xFC, 0x07, 0xFC,
  0x38, 0x39, 0xC0, 0x66, 0x01, 0x98, 0x07, 0xE0, 0x1D, 0x80, 0x76, 0x01,
  0xD8, 0x06, 0x70, 0x18, 0xE0, 0xE1, 0xFF, 0x03, 0xF0, 0x03, 0x00, 0x38,
  0x01, 0xC0, 0x00, 0x00, 0x00, 0x7F, 0xFF, 0xFF, 0xE0, 0x00, 0x00, 0x00,
  0x18, 0x01, 0xC0, 0x06, 0x00, 0x00, 0x08, 0x3F, 0x61, 0xFF, 0x0E, 0x1C,
  0x70, 0x79, 0x83, 0x66, 0x1D, 0xF8, 0xE7, 0x63, 0x1D, 0x98, 0x76, 0xC1,
  0x9E, 0x06, 0x38, 0x38, 0xFF, 0xC6, 0xFC, 0x08, 0x00, 0x1C, 0x00, 0xE0,
  0x06, 0x00, 0x30, 0x00, 0x00, 0x00, 0xC0, 0x3C, 0x03, 0xC0, 0x3C, 0x03,
  0xC0, 0x3C, 0x03, 0xC0, 0x3C, 0x03, 0xC0, 0x3C, 0x03, 0xE0, 0x76, 0x0F,
  0x7F, 0xB3, 0xF3, 0x01, 0xC0, 0x18, 0x03, 0x00, 0x60, 0x00, 0x00, 0x00,
  0xC0, 0x3C, 0x03, 0xC0, 0x3C, 0x03, 0xC0, 0x3C, 0x03, 0xC0, 0x3C, 0x03,
  0xC0, 0x3C, 0x03, 0xE0, 0x76, 0x0F, 0x7F, 0xB3, 0xF3, 0x07, 0x00, 0xF8,
  0x1D, 0xC3, 0x06, 0x00, 0x00, 0x00, 0xC0, 0x3C, 0x03, 0xC0, 0x3C, 0x03,
  0xC0, 0x3C, 0x03, 0xC0, 0x3C, 0x03, 0xC0, 0x3C, 0x03, 0xE0, 0x76, 0x0F,
  0x7F, 0xB3, 0xF3, 0x00, 0x03, 0x1C, 0x31, 0x80, 0x00, 0x00, 0x00, 0x00,
  0xC0, 0x3C, 0x03, 0xC0, 0x3C, 0x03, 0xC0, 0x3C, 0x03, 0xC0, 0x3C, 0x03,
  0xC0, 0x3C, 0x03, 0xE0, 0x76, 0x0F, 0x7F, 0xB3, 0xF3, 0x01, 0xC0, 0x06,
  0x00, 0x30, 0x01, 0x80, 0x00, 0x00, 0x00, 0x0E, 0x01, 0x98, 0x06, 0x60,
  0x38, 0xC0, 0xC3, 0x07, 0x0E, 0x18, 0x18, 0x60, 0x63, 0x80, 0xCC, 0x03,
  0x30, 0x0D, 0x80, 0x1E, 0x00, 0x78, 0x00, 0xC0, 0x03, 0x00, 0x18, 0x00,
  0x60, 0x03, 0x00, 0xFC, 0x03, 0xC0, 0x00, 0xE0, 0x07, 0x00, 0x38, 0x01,
  0xC0, 0x0E, 0x00, 0x70, 0x03, 0x80, 0x1C, 0xF8, 0xDF, 0xE7, 0x83, 0xB8,
  0x0D, 0xC0, 0x7E, 0x01, 0xF0, 0x0F, 0x80, 0x7C, 0x03, 0xE0, 0x3F, 0x01,
  0xBC, 0x1D, 0xBF, 0xCC, 0x7C, 0x70, 0x03, 0x80, 0x1C, 0x00, 0xE0, 0x07,
  0x00, 0x38, 0x00, 0x00, 0x00, 0x63, 0x81, 0x8C, 0x00, 0x00, 0x00, 0x00,
  0x00, 0x0E, 0x01, 0x98, 0x06, 0x60, 0x38, 0xC0, 0xC3, 0x07, 0x0E, 0x18,
  0x18, 0x60, 0x63, 0x80, 0xCC, 0x03, 0x30, 0x0D, 0x80, 0x1E, 0x00, 0x78,
  0x00, 0xC0, 0x03, 0x00, 0x18, 0x00, 0x60, 0x03, 0x00, 0xFC, 0x03, 0xC0,
  0x00 };

const GFXglyph OpenSans_Regular14pt8bGlyphs[] PROGMEM = {
  {     0,   1,   1,   7,    0,    0 },   // 0x20 ' '
  {     1,   3,  19,   7,    2,  -18 },   // 0x21 '!'
  {     9,   7,   7,  11,    2,  -18 },   // 0x22 '"'
  {    16,  16,  19,  17,    1,  -18 },   // 0x23 '#'
  {    54,  12,  22,  15,    2,  -19 },   // 0x24 '$'
  {    87,  20,  19,  22,    1,  -18 },   // 0x25 '%'
  {   135,  19,  19,  20,    1,  -18 },   // 0x26 '&'
  {   181,   2,   7,   6,    2,  -18 },   // 0x27 '''
  {   183,   6,  23,   8,    1,  -18 },   // 0x28 '('
  {   201,   6,  23,   8,    1,  -18 },   // 0x29 ')'
  {   219,  13,  12,  15,    1,  -20 },   // 0x2A '*'
  {   239,  13,  13,  15,    1,  -15 },   // 0x2B '+'
  {   261,   4,   7,   7,    1,   -2 },   // 0x2C ','
  {   265,   7,   2,   9,    1,   -7 },   // 0x2D '-'
  {   267,   3,   3,   7,    2,   -2 },   // 0x2E '.'
  {   269,  10,  19,  10,    0,  -18 },   // 0x2F '/'
  {   293,  13,  19,  15,    1,  -18 },   // 0x30 '0'
  {   324,   7,  19,  15,    2,  -18 },   // 0x31 '1'
  {   341,  13,  19,  15,    1,  -18 },   // 0x32 '2'
  {   372,  13,  19,  15,    1,  -18 },   // 0x33 '3'
  {   403,  14,  19,  15,    1,  -18 },   // 0x34 '4'
  {   437,  12,  19,  15,    2,  -18 },   // 0x35 '5'
  {   466,  12,  19,  15,    2,  -18 },   // 0x36 '6'
  {   495,  13,  19,  15,    1,  -18 },   // 0x37 '7'
  {   526,  13,  19,  15,    1,  -18 },   // 0x38 '8'
  {   557,  13,  19,  15,    1,  -18 },   // 0x39 '9'
  {   588,   3,  14,   7,    2,  -13 },   // 0x3A ':'
  {   594,   4,  18,   7,    1,  -13 },   // 0x3B ';'
  {   603,  13,  13,  15,    1,  -15 },   // 0x3C '<'
  {   625,  12,   8,  15,    2,  -13 },   // 0x3D '='
  {   637,  13,  13,  15,    1,  -15 },   // 0x3E '>'
  {   659,  11,  19,  12,    0,  -18 },   // 0x3F '?'
  {   686,  21,  21,  24,    2,  -18 },   // 0x40 '@'
  {   742,  17,  19,  17,    0,  -18 },   // 0x41 'A'
  {   783,  13,  19,  17,    3,  -18 },   // 0x42 'B'
  {   814,  14,  19,  17,    2,  -18 },   // 0x43 'C'
  {   848,  15,  19,  20,    3,  -18 },   // 0x44 'D'
  {   884,  10,  19,  15,    3,  -18 },   // 0x45 'E'
  {   908,  10,  19,  14,    3,  -18 },   // 0x46 'F'
  {   932,  16,  19,  20,    2,  -18 },   // 0x47 'G'
  {   970,  14,  19,  20,    3,  -18 },   // 0x48 'H'
  {  1004,   2,  19,   8,    3,  -18 },   // 0x49 'I'
  {  1009,   7,  24,   7,   -2,  -18 },   // 0x4A 'J'
  {  1030,  14,  19,  17,    3,  -18 },   // 0x4B 'K'
  {  1064,  10,  19,  14,    3,  -18 },   // 0x4C 'L'
  {  1088,  19,  19,  24,    3,  -18 },   // 0x4D 'M'
  {  1134,  15,  19,  20,    3,  -18 },   // 0x4E 'N'
  {  1170,  17,  19,  21,    2,  -18 },   // 0x4F 'O'
  {  1211,  12,  19,  16,    3,  -18 },   // 0x50 'P'
  {  1240,  17,  23,  21,    2,  -18 },   // 0x51 'Q'
  {  1289,  13,  19,  17,    3,  -18 },   // 0x52 'R'
  {  1320,  13,  19,  15,    1,  -18 },   // 0x53 'S'
  {  1351,  15,  19,  15,    0,  -18 },   // 0x54 'T'
  {  1387,  15,  19,  20,    2,  -18 },   // 0x55 'U'
  {  1423,  16,  19,  16,    0,  -18 },   // 0x56 'V'
  {  1461,  25,  19,  25,    0,  -18 },   // 0x57 'W'
  {  1521,  16,  19,  16,    0,  -18 },   // 0x58 'X'
  {  1559,  15,  19,  15,    0,  -18 },   // 0x59 'Y'
  {  1595,  13,  19,  15,    1,  -18 },   // 0x5A 'Z'
  {  1626,   6,  23,   9,    2,  -18 },   // 0x5B '['
  {  1644,  10,  19,  10,    0,  -18 },   // 0x5C '\'
  {  1668,   6,  23,   9,    1,  -18 },   // 0x5D ']'
  {  1686,  13,  12,  15,    1,  -18 },   // 0x5E '^'
  {  1706,  12,   2,  12,    0,    3 },   // 0x5F '_'
  {  1709,   5,   4,   7,    1,  -19 },   // 0x60 '`'
  {  1712,  12,  14,  15,    1,  -13 },   // 0x61 'a'
  {  1733,  13,  21,  17,    2,  -20 },   // 0x62 'b'
  {  1768,  11,  14,  13,    1,  -13 },   // 0x63 'c'
  {  1788,  13,  21,  17,    1,  -20 },   // 0x64 'd'
  {  1823,  13,  14,  15,    1,  -13 },   // 0x65 'e'
  {  1846,  10,  21,   9,    0,  -20 },   // 0x66 'f'
  {  1873,  14,  20,  15,    0,  -13 },   // 0x67 'g'
  {  1908,  12,  21,  17,    2,  -20 },   // 0x68 'h'
  {  1940,   3,  20,   7,    2,  -19 },   // 0x69 'i'
  {  1948,   6,  26,   7,   -1,  -19 },   // 0x6A 'j'
  {  1968,  12,  21,  14,    2,  -20 },   // 0x6B 'k'
  {  2000,   3,  21,   7,    2,  -20 },   // 0x6C 'l'
  {  2008,  21,  14,  25,    2,  -13 },   // 0x6D 'm'
  {  2045,  12,  14,  17,    2,  -13 },   // 0x6E 'n'
  {  2066,  14,  14,  16,    1,  -13 },   // 0x6F 'o'
  {  2091,  13,  20,  17,    2,  -13 },   // 0x70 'p'
  {  2124,  13,  20,  17,    1,  -13 },   // 0x71 'q'
  {  2157,   9,  14,  11,    2,  -13 },   // 0x72 'r'
  {  2173,  11,  14,  13,    1,  -13 },   // 0x73 's'
  {  2193,   9,  17,  10,    0,  -16 },   // 0x74 't'
  {  2213,  12,  14,  17,    2,  -13 },   // 0x75 'u'
  {  2234,  13,  14,  13,    0,  -13 },   // 0x76 'v'
  {  2257,  21,  14,  21,    0,  -13 },   // 0x77 'w'
  {  2294,  13,  14,  14,    1,  -13 },   // 0x78 'x'
  {  2317,  14,  20,  14,    0,  -13 },   // 0x79 'y'
  {  2352,  11,  14,  13,    1,  -13 },   // 0x7A 'z'
  {  2372,   8,  23,  10,    1,  -18 },   // 0x7B '{'
  {  2395,   2,  28,  15,    6,  -20 },   // 0x7C '|'
  {  2402,   8,  23,  10,    1,  -18 },   // 0x7D '}'
  {  2425,  13,   3,  15,    1,  -10 },   // 0x7E '~'
  {  2430,   1,   1,  16,    0,    0 },   // 0x7F
  {  2431,   1,   1,  16,    0,    0 },   // 0x80
  {  2432,   1,   1,  16,    0,    0 },   // 0x81
  {  2433,   1,   1,  16,    0,    0 },   // 0x82
  {  2434,   1,   1,  16,    0,    0 },   // 0x83
  {  2435,   1,   1,  16,    0,    0 },   // 0x84
  {  2436,   1,   1,  16,    0,    0 },   // 0x85
  {  2437,   1,   1,  16,    0,    0 },   // 0x86
  {  2438,   1,   1,  16,    0,    0 },   // 0x87
  {  2439,   1,   1,  16,    0,    0 },   // 0x88
  {  2440,   1,   1,  16,    0,    0 },   // 0x89
  {  2441,   1,   1,  16,    0,    0 },   // 0x8A
  {  2442,   1,   1,  16,    0,    0 },   // 0x8B
  {  2443,   1,   1,  16,    0,    0 },   // 0x8C
  {  2444,   1,   1,  16,    0,    0 },   // 0x8D
  {  2445,   1,   1,  16,    0,    0 },   // 0x8E
  {  2446,   1,   1,  16,    0,    0 },   // 0x8F
  {  2447,   1,   1,  16,    0,    0 },   // 0x90
  {  2448,   1,   1,  16,    0,    0 },   // 0x91
  {  2449,   1,   1,  16,    0,    0 },   // 0x92
  {  2450,   1,   1,  16,    0,    0 },   // 0x93
  {  2451,   1,   1,  16,    0,    0 },   // 0x94
  {  2452,   1,   1,  16,    0,    0 },   // 0x95
  {  2453,   1,   1,  16,    0,    0 },   // 0x96
  {  2454,   1,   1,  16,    0,    0 },   // 0x97
  {  2455,   1,   1,  16,    0,    0 },   // 0x98
  {  2456,   1,   1,  16,    0,    0 },   // 0x99
  {  2457,   1,   1,  16,    0,    0 },   // 0x9A
  {  2458,   1,   1,  16,    0,    0 },   // 0x9B
  {  2459,   1,   1,  16,    0,    0 },   // 0x9C
  {  2460,   1,   1,  16,    0,    0 },   // 0x9D
  {  2461,   1,   1,  16,    0,    0 },   // 0x9E
  {  2462,   1,   1,  16,    0,    0 },   // 0x9F
  {  2463,   1,   1,   7,    0,    0 },   // 0xA0
  {  2464,   3,  19,   7,    2,  -13 },   // 0xA1
  {  2472,  11,  20,  15,    2,  -18 },   // 0xA2
  {  2500,  13,  19,  15,    1,  -18 },   // 0xA3
  {  2531,  12,  13,  15,    2,  -15 },   // 0xA4
  {  2551,  15,  19,  15,    0,  -18 },   // 0xA5
  {  2587,   2,  28,  15,    6,  -20 },   // 0xA6
  {  2594,  10,  21,  14,    2,  -20 },   // 0xA7
  {  2621,   8,   3,  16,    4,  -19 },   // 0xA8
  {  2624,  20,  19,  22,    1,  -18 },   // 0xA9
  {  2672,   7,   9,  10,    1,  -18 },   // 0xAA
  {  2680,  11,  11,  13,    1,  -12 },   // 0xAB
  {  2696,  13,   7,  15,    1,   -9 },   // 0xAC
  {  2708,   7,   2,   9,    1,   -7 },   // 0xAD
  {  2710,  20,  19,  22,    1,  -18 },   // 0xAE
  {  2758,  14,   2,  14,    0,  -22 },   // 0xAF
  {  2762,   8,   8,  12,    2,  -18 },   // 0xB0
  {  2770,  13,  16,  15,    1,  -15 },   // 0xB1
  {  2796,   7,  12,   9,    1,  -22 },   // 0xB2
  {  2807,   9,  12,   9,    0,  -22 },   // 0xB3
  {  2821,   5,   4,   7,    1,  -19 },   // 0xB4
  {  2824,  12,  20,  17,    2,  -13 },   // 0xB5
  {  2854,  13,  24,  18,    2,  -20 },   // 0xB6
  {  2893,   3,   3,   7,    2,  -10 },   // 0xB7
  {  2895,   6,   6,   6,    0,    1 },   // 0xB8
  {  2900,   5,  12,   9,    1,  -22 },   // 0xB9
  {  2908,   8,   9,  10,    1,  -18 },   // 0xBA
  {  2917,  11,  11,  13,    1,  -12 },   // 0xBB
  {  2933,  19,  19,  20,    1,  -18 },   // 0xBC
  {  2979,  19,  19,  21,    1,  -18 },   // 0xBD
  {  3025,  21,  19,  21,    0,  -18 },   // 0xBE
  {  3075,  10,  19,  12,    1,  -13 },   // 0xBF
  {  3099,  17,  25,  17,    0,  -24 },   // 0xC0
  {  3153,  17,  25,  17,    0,  -24 },   // 0xC1
  {  3207,  17,  25,  17,    0,  -24 },   // 0xC2
  {  3261,  17,  24,  17,    0,  -23 },   // 0xC3
  {  3312,  17,  25,  17,    0,  -24 },   // 0xC4
  {  3366,  17,  24,  17,    0,  -23 },   // 0xC5
  {  3417,  22,  19,  23,    0,  -18 },   // 0xC6
  {  3470,  14,  25,  17,    2,  -18 },   // 0xC7
  {  3514,  10,  25,  15,    3,  -24 },   // 0xC8
  {  3546,  10,  25,  15,    3,  -24 },   // 0xC9
  {  3578,  10,  25,  15,    3,  -24 },   // 0xCA
  {  3610,  10,  25,  15,    3,  -24 },   // 0xCB
  {  3642,   5,  25,   8,    0,  -24 },   // 0xCC
  {  3658,   5,  25,   8,    2,  -24 },   // 0xCD
  {  3674,   9,  25,   8,   -1,  -24 },   // 0xCE
  {  3703,   8,  25,   8,    0,  -24 },   // 0xCF
  {  3728,  17,  19,  20,    1,  -18 },   // 0xD0
  {  3769,  15,  24,  20,    3,  -23 },   // 0xD1
  {  3814,  17,  25,  21,    2,  -24 },   // 0xD2
  {  3868,  17,  25,  21,    2,  -24 },   // 0xD3
  {  3922,  17,  25,  21,    2,  -24 },   // 0xD4
  {  3976,  17,  24,  21,    2,  -23 },   // 0xD5
  {  4027,  17,  25,  21,    2,  -24 },   // 0xD6
  {  4081,  12,  12,  15,    2,  -15 },   // 0xD7
  {  4099,  17,  21,  21,    2,  -19 },   // 0xD8
  {  4144,  15,  25,  20,    2,  -24 },   // 0xD9
  {  4191,  15,  25,  20,    2,  -24 },   // 0xDA
  {  4238,  15,  25,  20,    2,  -24 },   // 0xDB
  {  4285,  15,  25,  20,    2,  -24 },   // 0xDC
  {  4332,  15,  25,  15,    0,  -24 },   // 0xDD
  {  4379,  12,  19,  16,    3,  -18 },   // 0xDE
  {  4408,  14,  21,  17,    2,  -20 },   // 0xDF
  {  4445,  12,  20,  15,    1,  -19 },   // 0xE0
  {  4475,  12,  20,  15,    1,  -19 },   // 0xE1
  {  4505,  12,  20,  15,    1,  -19 },   // 0xE2
  {  4535,  12,  19,  15,    1,  -18 },   // 0xE3
  {  4564,  12,  20,  15,    1,  -19 },   // 0xE4
  {  4594,  12,  22,  15,    1,  -21 },   // 0xE5
  {  4627,  21,  14,  23,    1,  -13 },   // 0xE6
  {  4664,  11,  20,  13,    1,  -13 },   // 0xE7
  {  4692,  13,  20,  15,    1,  -19 },   // 0xE8
  {  4725,  13,  20,  15,    1,  -19 },   // 0xE9
  {  4758,  13,  20,  15,    1,  -19 },   // 0xEA
  {  4791,  13,  20,  15,    1,  -19 },   // 0xEB
  {  4824,   5,  20,   7,    0,  -19 },   // 0xEC
  {  4837,   5,  20,   7,    2,  -19 },   // 0xED
  {  4850,   9,  20,   7,   -1,  -19 },   // 0xEE
  {  4873,   8,  20,   7,    0,  -19 },   // 0xEF
  {  4893,  14,  21,  16,    1,  -20 },   // 0xF0
  {  4930,  12,  19,  17,    2,  -18 },   // 0xF1
  {  4959,  14,  20,  16,    1,  -19 },   // 0xF2
  {  4994,  14,  20,  16,    1,  -19 },   // 0xF3
  {  5029,  14,  20,  16,    1,  -19 },   // 0xF4
  {  5064,  14,  19,  16,    1,  -18 },   // 0xF5
  {  5098,  14,  20,  16,    1,  -19 },   // 0xF6
  {  5133,  13,  12,  15,    1,  -15 },   // 0xF7
  {  5153,  14,  16,  16,    1,  -14 },   // 0xF8
  {  5181,  12,  20,  17,    2,  -19 },   // 0xF9
  {  5211,  12,  20,  17,    2,  -19 },   // 0xFA
  {  5241,  12,  20,  17,    2,  -19 },   // 0xFB
  {  5271,  12,  20,  17,    2,  -19 },   // 0xFC
  {  5301,  14,  26,  14,    0,  -19 },   // 0xFD
  {  5347,  13,  27,  17,    2,  -20 },   // 0xFE
  {  5391,  14,  26,  14,    0,  -19 } }; // 0xFF

const GFXfont OpenSans_Regular14pt8b PROGMEM = {
  (uint8_t  *)OpenSans_Regular14pt8bBitmaps,
  (GFXglyph *)OpenSans_Regular14pt8bGlyphs,
  0x20, 0xFF, 37 };

// Approx. 7012 bytes

const uint8_t OpenSans_Regular16pt8bBitmaps[] PROGMEM = {
  0x00, 0x77, 0x76, 0x66, 0x66, 0x66, 0x66, 0x66, 0x60, 0x00, 0x6F, 0xF6,
  0xE3, 0xE3, 0xE3, 0xE3, 0xC3, 0xC3, 0x43, 0x43, 0x01, 0x86, 0x00, 0xE1,
  0x80, 0x30, 0x60, 0x0C, 0x18, 0x03, 0x06, 0x00, 0xC3, 0x80, 0x30, 0xC1,
  0xFF, 0xFF, 0x7F, 0xFF, 0xC1, 0x83, 0x00, 0x61, 0xC0, 0x18, 0x60, 0x0C,
  0x18, 0x03, 0x06, 0x0F, 0xFF, 0xFB, 0xFF, 0xFE, 0x0C, 0x30, 0x07, 0x0C,
  0x01, 0x83, 0x00, 0x60, 0xC0, 0x18, 0x70, 0x06, 0x18, 0x00, 0x03, 0x00,
  0x0C, 0x00, 0x30, 0x07, 0xF8, 0x7F, 0xF9, 0xEC, 0xEE, 0x30, 0x30, 0xC0,
  0xC3, 0x03, 0x8C, 0x0F, 0x30, 0x1F, 0xC0, 0x3F, 0x80, 0x3F, 0xC0, 0x3F,
  0x80, 0xCE, 0x03, 0x1C, 0x0C, 0x70, 0x31, 0xC0, 0xC6, 0xF3, 0xFB, 0xFF,
  0xC7, 0xFC, 0x00, 0xC0, 0x03, 0x00, 0x0C, 0x00, 0x3C, 0x00, 0xC1, 0xF8,
  0x06, 0x0E, 0x30, 0x38, 0x30, 0xC0, 0xC0, 0xC3, 0x07, 0x03, 0x0E, 0x18,
  0x0C, 0x18, 0xC0, 0x30, 0x63, 0x00, 0xC3, 0x99, 0xF3, 0x0C, 0x6F, 0xEC,
  0x33, 0x31, 0xB9, 0xDD, 0xC3, 0x7E, 0x66, 0x0C, 0xF3, 0x98, 0x30, 0x0C,
  0x60, 0xC0, 0x61, 0x83, 0x01, 0x86, 0x0C, 0x0C, 0x18, 0x30, 0x30, 0x70,
  0xC1, 0x80, 0xC6, 0x0E, 0x03, 0xF8, 0x30, 0x07, 0xC0, 0x07, 0xC0, 0x01,
  0xFF, 0x00, 0x3C, 0x70, 0x03, 0x83, 0x80, 0x30, 0x38, 0x03, 0x03, 0x80,
  0x38, 0x30, 0x01, 0xC7, 0x00, 0x1D, 0xE0, 0x00, 0xF8, 0x00, 0x1F, 0x80,
  0x03, 0xFC, 0x0E, 0x71, 0xE0, 0xEE, 0x0F, 0x0C, 0xE0, 0x79, 0xCC, 0x01,
  0xD8, 0xC0, 0x0F, 0x8E, 0x00, 0x70, 0xE0, 0x1F, 0x87, 0x87, 0xDC, 0x3F,
  0xF0, 0xE1, 0xFC, 0x07, 0xFF, 0xFD, 0x92, 0x0E, 0x18, 0x71, 0xC3, 0x86,
  0x1C, 0x38, 0x60, 0xC3, 0x87, 0x0E, 0x1C, 0x38, 0x70, 0xE0, 0xC1, 0x83,
  0x87, 0x06, 0x0E, 0x1C, 0x1C, 0x18, 0x38, 0xE0, 0xC0, 0xC1, 0xC1, 0x83,
  0x87, 0x06, 0x0C, 0x1C, 0x38, 0x70, 0xE1, 0xC3, 0x87, 0x0E, 0x1C, 0x30,
  0x61, 0xC3, 0x86, 0x1C, 0x30, 0xC3, 0x80, 0x03, 0x80, 0x07, 0x00, 0x0E,
  0x00, 0x1C, 0x00, 0x30, 0x0F, 0x27, 0xBF, 0xFF, 0x83, 0xE0, 0x07, 0xC0,
  0x0D, 0x80, 0x3B, 0x80, 0xE3, 0x83, 0xC7, 0x81, 0x04, 0x00, 0x03, 0x00,
  0x0C, 0x00, 0x30, 0x00, 0xC0, 0x03, 0x00, 0x0C, 0x00, 0x30, 0x3F, 0xFF,
  0xFF, 0xFC, 0x0C, 0x00, 0x30, 0x00, 0xC0, 0x03, 0x00, 0x0C, 0x00, 0x30,
  0x00, 0x39, 0x9C, 0xE6, 0x31, 0x98, 0xFF, 0xFF, 0x6F, 0xF6, 0x00, 0xE0,
  0x18, 0x03, 0x00, 0xE0, 0x18, 0x07, 0x00, 0xE0, 0x18, 0x07, 0x00, 0xC0,
  0x18, 0x07, 0x00, 0xC0, 0x38, 0x07, 0x00, 0xC0, 0x38, 0x06, 0x00, 0xC0,
  0x38, 0x06, 0x01, 0xC0, 0x00, 0x0F, 0xC0, 0xFF, 0x87, 0x87, 0x1C, 0x0E,
  0xE0, 0x1B, 0x80, 0x6C, 0x01, 0xF0, 0x07, 0xC0, 0x1F, 0x00, 0x3C, 0x00,
  0xF0, 0x03, 0xC0, 0x0F, 0x00, 0x7C, 0x01, 0xF0, 0x07, 0xE0, 0x1D, 0x80,
  0x67, 0x03, 0x8E, 0x1C, 0x1F, 0xE0, 0x3F, 0x00, 0x07, 0x0F, 0x3F, 0x7F,
  0xE7, 0x47, 0x07, 0x07, 0x07, 0x07, 0x07, 0x07, 0x07, 0x07, 0x07, 0x07,
  0x07, 0x07, 0x07, 0x07, 0x07, 0x07, 0x1F, 0xC1, 0xFF, 0x8F, 0x0F, 0x10,
  0x0E, 0x00, 0x38, 0x00, 0xE0, 0x03, 0x80, 0x0E, 0x00, 0x38, 0x01, 0xC0,
  0x07, 0x00, 0x38, 0x01, 0xC0, 0x0E, 0x00, 0x70, 0x03, 0x80, 0x1C, 0x00,
  0xE0, 0x07, 0x00, 0x38, 0x00, 0xFF, 0xFF, 0xFF, 0xF0, 0x0F, 0xE0, 0x7F,
  0xE1, 0xE1, 0xE3, 0x00, 0xE0, 0x01, 0xC0, 0x01, 0x80, 0x07, 0x00, 0x0E,
  0x00, 0x38, 0x01, 0xE0, 0x3F, 0x80, 0x7F, 0x80, 0x03, 0xC0, 0x03, 0x80,
  0x03, 0x80, 0x07, 0x00, 0x0E, 0x00, 0x1E, 0x00, 0x77, 0x03, 0xEF, 0xFF,
  0x87, 0xFC, 0x00, 0x00, 0x38, 0x00, 0x78, 0x00, 0xF8, 0x00, 0xF8, 0x01,
  0xB8, 0x03, 0xB8, 0x03, 0x38, 0x06, 0x38, 0x0E, 0x38, 0x1C, 0x38, 0x18,
  0x38, 0x30, 0x38, 0x70, 0x38, 0x60, 0x38, 0xC0, 0x38, 0xFF, 0xFF, 0xFF,
  0xFF, 0x00, 0x38, 0x00, 0x38, 0x00, 0x38, 0x00, 0x38, 0x00, 0x38, 0x7F,
  0xF1, 0xFF, 0xC7, 0x00, 0x18, 0x00, 0x60, 0x01, 0x80, 0x06, 0x00, 0x18,
  0x00, 0x7F, 0xC1, 0xFF, 0xC2, 0x0F, 0x80, 0x0E, 0x00, 0x1C, 0x00, 0x70,
  0x01, 0xC0, 0x07, 0x00, 0x1C, 0x00, 0x60, 0x03, 0xB8, 0x3C, 0xFF, 0xE0,
  0xFE, 0x00, 0x03, 0xF8, 0x3F, 0xE1, 0xE0, 0x0E, 0x00, 0x70, 0x01, 0x80,
  0x06, 0x00, 0x38, 0x00, 0xE7, 0xE3, 0x7F, 0xCD, 0x83, 0xB8, 0x07, 0xE0,
  0x1F, 0x00, 0x3C, 0x00, 0xF0, 0x03, 0xE0, 0x1D, 0x80, 0x77, 0x01, 0x8E,
  0x1E, 0x1F, 0xF0, 0x1F, 0x00, 0xFF, 0xFF, 0xFF, 0xFC, 0x00, 0x38, 0x00,
  0x60, 0x01, 0xC0, 0x03, 0x80, 0x06, 0x00, 0x1C, 0x00, 0x30, 0x00, 0xE0,
  0x01, 0x80, 0x07, 0x00, 0x0C, 0x00, 0x38, 0x00, 0x70, 0x01, 0xC0, 0x03,
  0x80, 0x0E, 0x00, 0x1C, 0x00, 0x30, 0x00, 0xE0, 0x01, 0x80, 0x00, 0x0F,
  0xC0, 0xFF, 0xC7, 0x87, 0xB8, 0x0E, 0xE0, 0x1B, 0x80, 0x6E, 0x01, 0x9C,
  0x0E, 0x38, 0x70, 0x7F, 0x80, 0xF8, 0x0F, 0xF8, 0x70, 0x7B, 0x80, 0xEC,
  0x01, 0xF0, 0x03, 0xC0, 0x0F, 0x00, 0x7E, 0x01, 0xDC, 0x1E, 0x7F, 0xF0,
  0x7F, 0x00, 0x0F, 0x80, 0xFF, 0x87, 0x8F, 0x38, 0x0E, 0xE0, 0x1B, 0x00,
  0x7C, 0x01, 0xF0, 0x07, 0xC0, 0x1F, 0x00, 0x7E, 0x03, 0xDC, 0x1F, 0x3F,
  0xDC, 0x7E, 0x70, 0x01, 0xC0, 0x06, 0x00, 0x38, 0x00, 0xC0, 0x07, 0x00,
  0x78, 0x7F, 0xC1, 0xFC, 0x00, 0x6F, 0xF6, 0x00, 0x00, 0x00, 0x00, 0x06,
  0xFF, 0x60, 0x33, 0xDE, 0x60, 0x00, 0x00, 0x00, 0x00, 0x00, 0x39, 0xCE,
  0x73, 0x19, 0x8C, 0x00, 0x00, 0x04, 0x00, 0x70, 0x07, 0xC0, 0x78, 0x07,
  0x80, 0x78, 0x07, 0x80, 0x38, 0x00, 0xF0, 0x00, 0xF0, 0x00, 0xF8, 0x00,
  0xF8, 0x00, 0xFC, 0x00, 0x70, 0x00, 0x40, 0xFF, 0xFF, 0xFF, 0xF0, 0x00,
  0x00, 0x00, 0x00, 0x00, 0x00, 0x0F, 0xFF, 0xFF, 0xFF, 0x80, 0x03, 0x80,
  0x0F, 0x80, 0x0F, 0x80, 0x0F, 0x80, 0x07, 0x80, 0x07, 0x80, 0x07, 0x00,
  0x3C, 0x07, 0xC0, 0x7C, 0x07, 0xC0, 0xF8, 0x03, 0x80, 0x08, 0x00, 0x00,
  0x1F, 0x87, 0xFF, 0x1C, 0x3C, 0x00, 0x60, 0x03, 0x80, 0x1C, 0x00, 0xC0,
  0x0E, 0x00, 0xE0, 0x0E, 0x00, 0xE0, 0x0E, 0x00, 0x60, 0x06, 0x00, 0x30,
  0x00, 0x00, 0x00, 0x00, 0x00, 0x03, 0x80, 0x1C, 0x00, 0xE0, 0x07, 0x00,
  0x00, 0x7F, 0x80, 0x03, 0xFF, 0xE0, 0x07, 0x80, 0xF0, 0x0E, 0x00, 0x38,
  0x18, 0x00, 0x0C, 0x30, 0x00, 0x0E, 0x70, 0x3F, 0x06, 0x60, 0xFF, 0x87,
  0x61, 0xC1, 0x83, 0xC1, 0x81, 0x83, 0xC3, 0x81, 0x83, 0xC3, 0x01, 0x83,
  0xC3, 0x01, 0x83, 0xC3, 0x01, 0x83, 0xC3, 0x03, 0x83, 0xC3, 0x83, 0x86,
  0xC1, 0x87, 0x8E, 0xC1, 0xFC, 0xFC, 0x60, 0x78, 0x78, 0x60, 0x00, 0x00,
  0x30, 0x00, 0x00, 0x38, 0x00, 0x00, 0x1E, 0x00, 0xC0, 0x07, 0xFF, 0xC0,
  0x01, 0xFF, 0x00, 0x00, 0xE0, 0x00, 0x0F, 0x00, 0x00, 0xF0, 0x00, 0x1F,
  0x00, 0x01, 0xB8, 0x00, 0x39, 0x80, 0x03, 0x9C, 0x00, 0x31, 0xC0, 0x07,
  0x0C, 0x00, 0x60, 0xE0, 0x06, 0x06, 0x00, 0xE0, 0x60, 0x0C, 0x07, 0x01,
  0xFF, 0xF0, 0x1F, 0xFF, 0x81, 0x80, 0x38, 0x38, 0x01, 0x83, 0x00, 0x1C,
  0x70, 0x00, 0xC7, 0x00, 0x0E, 0x60, 0x00, 0xEE, 0x00, 0x06, 0xFF, 0xE1,
  0xFF, 0xF3, 0x81, 0xF7, 0x00, 0xEE, 0x00, 0xFC, 0x01, 0xF8, 0x03, 0xF0,
  0x06, 0xE0, 0x1D, 0xC0, 0xF3, 0xFF, 0x87, 0xFF, 0xCE, 0x03, 0xDC, 0x01,
  0xF8, 0x03, 0xF0, 0x03, 0xE0, 0x07, 0xC0, 0x1F, 0x80, 0x3F, 0x01, 0xEF,
  0xFF, 0x9F, 0xFC, 0x00, 0x01, 0xFC, 0x03, 0xFF, 0x87, 0xC3, 0xC7, 0x80,
  0x03, 0x80, 0x03, 0x80, 0x01, 0x80, 0x01, 0xC0, 0x00, 0xE0, 0x00, 0x70,
  0x00, 0x38, 0x00, 0x1C, 0x00, 0x0E, 0x00, 0x07, 0x00, 0x03, 0x80, 0x00,
  0xC0, 0x00, 0x70, 0x00, 0x3C, 0x00, 0x0F, 0x00, 0x03, 0xE0, 0xE0, 0xFF,
  0xF0, 0x1F, 0xF0, 0xFF, 0xE0, 0x3F, 0xFE, 0x0E, 0x07, 0xC3, 0x80, 0x38,
  0xE0, 0x07, 0x38, 0x00, 0xEE, 0x00, 0x3B, 0x80, 0x0E, 0xE0, 0x01, 0xB8,
  0x00, 0x7E, 0x00, 0x1F, 0x80, 0x07, 0xE0, 0x01, 0xF8, 0x00, 0x6E, 0x00,
  0x3B, 0x80, 0x0E, 0xE0, 0x07, 0x38, 0x01, 0xCE, 0x01, 0xE3, 0x81, 0xF0,
  0xFF, 0xF8, 0x3F, 0xF0, 0x00, 0xFF, 0xFF, 0xFF, 0xE0, 0x0E, 0x00, 0xE0,
  0x0E, 0x00, 0xE0, 0x0E, 0x00, 0xE0, 0x0E, 0x00, 0xFF, 0xFF, 0xFF, 0xE0,
  0x0E, 0x00, 0xE0, 0x0E, 0x00, 0xE0, 0x0E, 0x00, 0xE0, 0x0E, 0x00, 0xFF,
  0xFF, 0xFF, 0xFF, 0xFF, 0xFF, 0xE0, 0x0E, 0x00, 0xE0, 0x0E, 0x00, 0xE0,
  0x0E, 0x00, 0xE0, 0x0E, 0x00, 0xE0, 0x0F, 0xFF, 0xFF, 0xFE, 0x00, 0xE0,
  0x0E, 0x00, 0xE0, 0x0E, 0x00, 0xE0, 0x0E, 0x00, 0xE0, 0x0E, 0x00, 0x01,
  0xFF, 0x01, 0xFF, 0xF1, 0xF8, 0x78, 0xF0, 0x00, 0x38, 0x00, 0x1C, 0x00,
  0x07, 0x00, 0x03, 0x80, 0x00, 0xE0, 0x00, 0x38, 0x00, 0x0E, 0x03, 0xFF,
  0x80, 0xFF, 0xE0, 0x00, 0xF8, 0x00, 0x3E, 0x00, 0x0D, 0x80, 0x03, 0x70,
  0x00, 0xDE, 0x00, 0x33, 0xC0, 0x0C, 0x7C, 0x0F, 0x0F, 0xFF, 0xC0, 0x7F,
  0xC0, 0xE0, 0x03, 0xF0, 0x01, 0xF8, 0x00, 0xFC, 0x00, 0x7E, 0x00, 0x3F,
  0x00, 0x1F, 0x80, 0x0F, 0xC0, 0x07, 0xE0, 0x03, 0xF0, 0x01, 0xFF, 0xFF,
  0xFF, 0xFF, 0xFE, 0x00, 0x3F, 0x00, 0x1F, 0x80, 0x0F, 0xC0, 0x07, 0xE0,
  0x03, 0xF0, 0x01, 0xF8, 0x00, 0xFC, 0x00, 0x7E, 0x00, 0x3F, 0x00, 0x1C,
  0xFF, 0xFF, 0xFF, 0xFF, 0xFF, 0xFF, 0xFF, 0xFF, 0xC0, 0x06, 0x0C, 0x18,
  0x30, 0x60, 0xC1, 0x83, 0x06, 0x0C, 0x18, 0x30, 0x60, 0xC1, 0x83, 0x06,
  0x0C, 0x18, 0x30, 0x60, 0xC1, 0x83, 0x0E, 0x3F, 0xF7, 0xC0, 0xE0, 0x0E,
  0xE0, 0x1C, 0xE0, 0x38, 0xE0, 0x70, 0xE0, 0x70, 0xE0, 0xE0, 0xE1, 0xC0,
  0xE3, 0x80, 0xE7, 0x00, 0xEE, 0x00, 0xFF, 0x00, 0xFF, 0x00, 0xF3, 0x80,
  0xE1, 0xC0, 0xE1, 0xC0, 0xE0, 0xE0, 0xE0, 0x70, 0xE0, 0x38, 0xE0, 0x38,
  0xE0, 0x1C, 0xE0, 0x0E, 0xE0, 0x07, 0xE0, 0x0E, 0x00, 0xE0, 0x0E, 0x00,
  0xE0, 0x0E, 0x00, 0xE0, 0x0E, 0x00, 0xE0, 0x0E, 0x00, 0xE0, 0x0E, 0x00,
  0xE0, 0x0E, 0x00, 0xE0, 0x0E, 0x00, 0xE0, 0x0E, 0x00, 0xE0, 0x0E, 0x00,
  0xFF, 0xFF, 0xFF, 0xF0, 0x00, 0x3F, 0xC0, 0x01, 0xFF, 0x80, 0x07, 0xF6,
  0x00, 0x1F, 0xDC, 0x00, 0xFF, 0x70, 0x03, 0x7C, 0xC0, 0x0D, 0xF3, 0x80,
  0x67, 0xC6, 0x01, 0x9F, 0x18, 0x0E, 0x7C, 0x70, 0x31, 0xF0, 0xC0, 0xC7,
  0xC3, 0x87, 0x1F, 0x06, 0x18, 0x7C, 0x18, 0xE1, 0xF0, 0x73, 0x07, 0xC0,
  0xCC, 0x1F, 0x03, 0xF0, 0x7C, 0x0F, 0x81, 0xF0, 0x1E, 0x07, 0xC0, 0x70,
  0x1F, 0x00, 0xC0, 0x70, 0xE0, 0x01, 0xF8, 0x00, 0xFE, 0x00, 0x7F, 0x00,
  0x3D, 0xC0, 0x1E, 0x70, 0x0F, 0x38, 0x07, 0x8E, 0x03, 0xC3, 0x81, 0xE1,
  0xC0, 0xF0, 0x70, 0x78, 0x38, 0x3C, 0x0E, 0x1E, 0x03, 0x8F, 0x01, 0xC7,
  0x80, 0x73, 0xC0, 0x1D, 0xE0, 0x0E, 0xF0, 0x03, 0xF8, 0x00, 0xFC, 0x00,
  0x7E, 0x00, 0x1C, 0x03, 0xFC, 0x00, 0xFF, 0xF0, 0x1F, 0x0F, 0x83, 0xC0,
  0x1C, 0x78, 0x00, 0xE7, 0x00, 0x0E, 0xE0, 0x00, 0x7E, 0x00, 0x07, 0xE0,
  0x00, 0x7E, 0x00, 0x07, 0xE0, 0x00, 0x7E, 0x00, 0x07, 0xE0, 0x00, 0x7E,
  0x00, 0x07, 0xE0, 0x00, 0x76, 0x00, 0x07, 0x70, 0x00, 0xE7, 0x00, 0x0E,
  0x3C, 0x01, 0xC1, 0xF0, 0xF8, 0x0F, 0xFF, 0x00, 0x3F, 0xC0, 0xFF, 0xC3,
  0xFF, 0xCE, 0x0F, 0xB8, 0x0F, 0xE0, 0x1F, 0x80, 0x7E, 0x01, 0xF8, 0x07,
  0xE0, 0x1F, 0x80, 0xEE, 0x1F, 0xBF, 0xF8, 0xFF, 0x83, 0x80, 0x0E, 0x00,
  0x38, 0x00, 0xE0, 0x03, 0x80, 0x0E, 0x00, 0x38, 0x00, 0xE0, 0x03, 0x80,
  0x00, 0x03, 0xFC, 0x00, 0xFF, 0xF0, 0x1F, 0x0F, 0x83, 0xC0, 0x1C, 0x78,
  0x00, 0xE7, 0x00, 0x0E, 0xE0, 0x00, 0x7E, 0x00, 0x07, 0xE0, 0x00, 0x7E,
  0x00, 0x07, 0xE0, 0x00, 0x7E, 0x00, 0x07, 0xE0, 0x00, 0x7E, 0x00, 0x07,
  0xE0, 0x00, 0x76, 0x00, 0x07, 0x70, 0x00, 0xE7, 0x00, 0x0E, 0x3C, 0x01,
  0xC1, 0xF0, 0xF8, 0x0F, 0xFF, 0x00, 0x3F, 0xC0, 0x00, 0x1E, 0x00, 0x00,
  0xF0, 0x00, 0x07, 0x00, 0x00, 0x38, 0x00, 0x01, 0xC0, 0xFF, 0xC0, 0xFF,
  0xF0, 0xE0, 0xF8, 0xE0, 0x3C, 0xE0, 0x1C, 0xE0, 0x1C, 0xE0, 0x1C, 0xE0,
  0x1C, 0xE0, 0x1C, 0xE0, 0x38, 0xE0, 0x78, 0xFF, 0xE0, 0xFF, 0xC0, 0xE1,
  0xC0, 0xE0, 0xE0, 0xE0, 0x70, 0xE0, 0x70, 0xE0, 0x38, 0xE0, 0x18, 0xE0,
  0x1C, 0xE0, 0x0E, 0xE0, 0x0E, 0x0F, 0xE0, 0xFF, 0xE7, 0xC7, 0xB8, 0x00,
  0xE0, 0x03, 0x00, 0x0E, 0x00, 0x38, 0x00, 0x70, 0x01, 0xF0, 0x01, 0xF8,
  0x01, 0xF8, 0x00, 0xF0, 0x00, 0xE0, 0x03, 0x80, 0x06, 0x00, 0x1C, 0x00,
  0x60, 0x03, 0xB8, 0x3C, 0xFF, 0xE1, 0xFE, 0x00, 0xFF, 0xFF, 0xFF, 0xFF,
  0xC0, 0x70, 0x00, 0x38, 0x00, 0x1C, 0x00, 0x0E, 0x00, 0x07, 0x00, 0x03,
  0x80, 0x01, 0xC0, 0x00, 0xE0, 0x00, 0x70, 0x00, 0x38, 0x00, 0x1C, 0x00,
  0x0E, 0x00, 0x07, 0x00, 0x03, 0x80, 0x01, 0xC0, 0x00, 0xE0, 0x00, 0x70,
  0x00, 0x38, 0x00, 0x1C, 0x00, 0x0E, 0x00, 0xC0, 0x03, 0xE0, 0x01, 0xF0,
  0x00, 0xF8, 0x00, 0x7C, 0x00, 0x3E, 0x00, 0x1F, 0x00, 0x0F, 0x80, 0x07,
  0xC0, 0x03, 0xE0, 0x01, 0xF0, 0x00, 0xF8, 0x00, 0x7C, 0x00, 0x3E, 0x00,
  0x1F, 0x00, 0x0F, 0x80, 0x07, 0xE0, 0x03, 0x70, 0x03, 0x9C, 0x03, 0xC7,
  0x83, 0xC1, 0xFF, 0xC0, 0x3F, 0x80, 0xE0, 0x00, 0xD8, 0x00, 0x77, 0x00,
  0x1D, 0xC0, 0x0E, 0x30, 0x03, 0x8E, 0x00, 0xE3, 0x80, 0x70, 0x60, 0x1C,
  0x1C, 0x06, 0x07, 0x03, 0x80, 0xC0, 0xE0, 0x38, 0x30, 0x06, 0x1C, 0x01,
  0xC7, 0x00, 0x71, 0x80, 0x0C, 0xE0, 0x03, 0xB8, 0x00, 0xEC, 0x00, 0x1F,
  0x00, 0x07, 0x80, 0x01, 0xE0, 0x00, 0x38, 0x00, 0x60, 0x07, 0x00, 0x77,
  0x00, 0xF0, 0x07, 0x70, 0x0F, 0x00, 0x77, 0x00, 0xF8, 0x06, 0x30, 0x0D,
  0x80, 0xE3, 0x81, 0xD8, 0x0E, 0x38, 0x19, 0x80, 0xC3, 0x81, 0x9C, 0x0C,
  0x18, 0x38, 0xC1, 0xC1, 0xC3, 0x8C, 0x1C, 0x1C, 0x30, 0xE1, 0x80, 0xC3,
  0x06, 0x38, 0x0C, 0x70, 0x63, 0x80, 0xE6, 0x07, 0x38, 0x0E, 0x60, 0x73,
  0x00, 0x6E, 0x03, 0x70, 0x06, 0xE0, 0x37, 0x00, 0x7C, 0x03, 0xE0, 0x07,
  0xC0, 0x1E, 0x00, 0x3C, 0x01, 0xE0, 0x03, 0x80, 0x1E, 0x00, 0x38, 0x00,
  0xC0, 0x70, 0x03, 0x8C, 0x00, 0xC3, 0x80, 0x70, 0x70, 0x38, 0x0C, 0x0C,
  0x03, 0x87, 0x00, 0x73, 0x80, 0x1C, 0xC0, 0x03, 0xF0, 0x00, 0x78, 0x00,
  0x1C, 0x00, 0x07, 0x80, 0x03, 0xF0, 0x00, 0xCC, 0x00, 0x73, 0x80, 0x38,
  0x70, 0x0C, 0x1C, 0x07, 0x03, 0x83, 0x80, 0x70, 0xC0, 0x1C, 0x70, 0x03,
  0xB8, 0x00, 0x60, 0xE0, 0x03, 0xB8, 0x01, 0xDC, 0x01, 0xC7, 0x00, 0xC3,
  0x80, 0xE0, 0xE0, 0x60, 0x30, 0x70, 0x1C, 0x30, 0x06, 0x38, 0x03, 0xB8,
  0x00, 0xDC, 0x00, 0x7C, 0x00, 0x1C, 0x00, 0x0E, 0x00, 0x07, 0x00, 0x03,
  0x80, 0x01, 0xC0, 0x00, 0xE0, 0x00, 0x70, 0x00, 0x38, 0x00, 0x1C, 0x00,
  0x0E, 0x00, 0x7F, 0xFE, 0x7F, 0xFE, 0x00, 0x0E, 0x00, 0x1C, 0x00, 0x1C,
  0x00, 0x38, 0x00, 0x70, 0x00, 0x70, 0x00, 0xE0, 0x01, 0xC0, 0x01, 0x80,
  0x03, 0x80, 0x07, 0x00, 0x06, 0x00, 0x0E, 0x00, 0x1C, 0x00, 0x18, 0x00,
  0x38, 0x00, 0x70, 0x00, 0x60, 0x00, 0xFF, 0xFF, 0xFF, 0xFF, 0xFF, 0xFC,
  0x30, 0xC3, 0x0C, 0x30, 0xC3, 0x0C, 0x30, 0xC3, 0x0C, 0x30, 0xC3, 0x0C,
  0x30, 0xC3, 0x0C, 0x30, 0xC3, 0xFF, 0xC0, 0xE0, 0x0C, 0x01, 0xC0, 0x18,
  0x03, 0x00, 0x70, 0x06, 0x00, 0xE0, 0x1C, 0x01, 0x80, 0x38, 0x03, 0x00,
  0x60, 0x0E, 0x00, 0xC0, 0x1C, 0x03, 0x80, 0x30, 0x07, 0x00, 0x60, 0x0E,
  0x01, 0xC0, 0xFF, 0xFC, 0x38, 0x70, 0xE1, 0xC3, 0x87, 0x0E, 0x1C, 0x38,
  0x70, 0xE1, 0xC3, 0x87, 0x0E, 0x1C, 0x38, 0x70, 0xE1, 0xC3, 0x87, 0x0F,
  0xFF, 0xF8, 0x01, 0x80, 0x03, 0x80, 0x03, 0xC0, 0x06, 0xC0, 0x06, 0x60,
  0x0C, 0x60, 0x0C, 0x30, 0x18, 0x30, 0x18, 0x18, 0x38, 0x18, 0x30, 0x0C,
  0x70, 0x0C, 0x60, 0x06, 0xE0, 0x06, 0xFF, 0xFF, 0xFF, 0xF0, 0xF1, 0xC3,
  0x86, 0x0C, 0x0F, 0xE0, 0xFF, 0xC1, 0x83, 0x80, 0x06, 0x00, 0x1C, 0x00,
  0x70, 0x01, 0xC1, 0xFF, 0x3F, 0xFD, 0xE0, 0x77, 0x01, 0xF8, 0x07, 0xE0,
  0x1D, 0x80, 0xF7, 0x07, 0xCF, 0xF3, 0x1F, 0x8C, 0xC0, 0x03, 0x00, 0x0C,
  0x00, 0x30, 0x00, 0xC0, 0x03, 0x00, 0x0C, 0x00, 0x31, 0xF0, 0xDF, 0xF3,
  0xE1, 0xEE, 0x03, 0xB8, 0x07, 0xC0, 0x1F, 0x00, 0x7C, 0x00, 0xF0, 0x03,
  0xC0, 0x0F, 0x00, 0x7C, 0x01, 0xF8, 0x07, 0xE0, 0x3B, 0xE1, 0xED, 0xFF,
  0x31, 0xF0, 0x0F, 0xE1, 0xFF, 0x3C, 0x67, 0x00, 0xE0, 0x0E, 0x00, 0xE0,
  0x0C, 0x00, 0xC0, 0x0C, 0x00, 0xC0, 0x0E, 0x00, 0xE0, 0x07, 0x00, 0x78,
  0x33, 0xFF, 0x0F, 0xE0, 0x00, 0x0C, 0x00, 0x30, 0x00, 0xC0, 0x03, 0x00,
  0x0C, 0x00, 0x30, 0x00, 0xC3, 0xE3, 0x3F, 0xED, 0xE1, 0xF7, 0x01, 0xF8,
  0x07, 0xE0, 0x1F, 0x80, 0x3C, 0x00, 0xF0, 0x03, 0xC0, 0x0F, 0x00, 0x3E,
  0x00, 0xF8, 0x07, 0x70, 0x1D, 0xE1, 0xF3, 0xFE, 0xC3, 0xE3, 0x0F, 0xC0,
  0x7F, 0x83, 0x87, 0x1C, 0x0E, 0xE0, 0x1B, 0x80, 0x7C, 0x01, 0xFF, 0xFF,
  0xFF, 0xFF, 0x00, 0x0C, 0x00, 0x38, 0x00, 0xE0, 0x01, 0xC0, 0x03, 0xC1,
  0x87, 0xFE, 0x0F, 0xE0, 0x03, 0xF0, 0x7F, 0x0E, 0x00, 0xC0, 0x1C, 0x01,
  0xC0, 0x1C, 0x07, 0xFC, 0xFF, 0xC1, 0xC0, 0x1C, 0x01, 0xC0, 0x1C, 0x01,
  0xC0, 0x1C, 0x01, 0xC0, 0x1C, 0x01, 0xC0, 0x1C, 0x01, 0xC0, 0x1C, 0x01,
  0xC0, 0x1C, 0x01, 0xC0, 0x07, 0xFF, 0x1F, 0xFF, 0x1C, 0x38, 0x38, 0x1C,
  0x30, 0x0C, 0x30, 0x0C, 0x30, 0x0C, 0x38, 0x1C, 0x1C, 0x38, 0x1F, 0xF8,
  0x07, 0xE0, 0x1C, 0x00, 0x18, 0x00, 0x18, 0x00, 0x1F, 0xF8, 0x0F, 0xFE,
  0x3C, 0x1F, 0x70, 0x07, 0x60, 0x07, 0xE0, 0x07, 0x60, 0x07, 0x70, 0x1E,
  0x3F, 0xFC, 0x0F, 0xE0, 0xC0, 0x06, 0x00, 0x30, 0x01, 0x80, 0x0C, 0x00,
  0x60, 0x03, 0x00, 0x18, 0xF8, 0xDF, 0xF7, 0xC3, 0xF8, 0x0F, 0xC0, 0x3C,
  0x01, 0xE0, 0x0F, 0x00, 0x78, 0x03, 0xC0, 0x1E, 0x00, 0xF0, 0x07, 0x80,
  0x3C, 0x01, 0xE0, 0x0F, 0x00, 0x78, 0x03, 0x7D, 0x80, 0x1B, 0x6D, 0xB6,
  0xDB, 0x6D, 0xB6, 0xD8, 0x06, 0x1C, 0x18, 0x00, 0x00, 0x01, 0x83, 0x06,
  0x0C, 0x18, 0x30, 0x60, 0xC1, 0x83, 0x06, 0x0C, 0x18, 0x30, 0x60, 0xC1,
  0x83, 0x06, 0x0C, 0x38, 0x7F, 0xDF, 0x00, 0xC0, 0x06, 0x00, 0x30, 0x01,
  0x80, 0x0C, 0x00, 0x60, 0x03, 0x00, 0x18, 0x0E, 0xC0, 0xE6, 0x0E, 0x30,
  0xE1, 0x8E, 0x0C, 0x70, 0x67, 0x03, 0x70, 0x1F, 0xC0, 0xF7, 0x07, 0x38,
  0x30, 0xE1, 0x83, 0x8C, 0x1C, 0x60, 0x73, 0x01, 0xD8, 0x07, 0xFF, 0xFF,
  0xFF, 0xFF, 0xFF, 0xFF, 0xC7, 0xC1, 0xF1, 0xBF, 0xCF, 0xFB, 0xE3, 0xF8,
  0x7F, 0x01, 0xE0, 0x7E, 0x03, 0x80, 0x78, 0x07, 0x00, 0xF0, 0x0E, 0x01,
  0xE0, 0x1C, 0x03, 0xC0, 0x38, 0x07, 0x80, 0x70, 0x0F, 0x00, 0xE0, 0x1E,
  0x01, 0xC0, 0x3C, 0x03, 0x80, 0x78, 0x07, 0x00, 0xF0, 0x0E, 0x01, 0xE0,
  0x1C, 0x03, 0xC0, 0x38, 0x06, 0xC7, 0xC6, 0xFF, 0xBE, 0x1F, 0xC0, 0x7E,
  0x01, 0xE0, 0x0F, 0x00, 0x78, 0x03, 0xC0, 0x1E, 0x00, 0xF0, 0x07, 0x80,
  0x3C, 0x01, 0xE0, 0x0F, 0x00, 0x78, 0x03, 0xC0, 0x18, 0x0F, 0xC0, 0x3F,
  0xE0, 0xE1, 0xE3, 0x80, 0xEE, 0x00, 0xDC, 0x01, 0xF0, 0x03, 0xE0, 0x07,
  0xC0, 0x0F, 0x80, 0x1F, 0x00, 0x3F, 0x00, 0x7E, 0x00, 0xCE, 0x03, 0x8E,
  0x0E, 0x0F, 0xF8, 0x0F, 0xC0, 0xC7, 0xC3, 0x7F, 0xCF, 0x87, 0xB8, 0x0E,
  0xE0, 0x1F, 0x80, 0x7C, 0x01, 0xF0, 0x03, 0xC0, 0x0F, 0x00, 0x3C, 0x01,
  0xF0, 0x07, 0xE0, 0x1F, 0x80, 0xEF, 0x87, 0xB7, 0xFC, 0xC7, 0xC3, 0x00,
  0x0C, 0x00, 0x30, 0x00, 0xC0, 0x03, 0x00, 0x0C, 0x00, 0x30, 0x00, 0x0F,
  0x8C, 0xFF, 0xB7, 0x87, 0xDC, 0x07, 0xE0, 0x1F, 0x80, 0x7C, 0x00, 0xF0,
  0x03, 0xC0, 0x0F, 0x00, 0x3C, 0x00, 0xF8, 0x03, 0xE0, 0x1D, 0xC0, 0x77,
  0x87, 0xCF, 0xFB, 0x0F, 0x8C, 0x00, 0x30, 0x00, 0xC0, 0x03, 0x00, 0x0C,
  0x00, 0x30, 0x00, 0xC0, 0x03, 0xC7, 0xE7, 0xF7, 0x1E, 0x0E, 0x07, 0x03,
  0x01, 0x80, 0xC0, 0x60, 0x30, 0x18, 0x0C, 0x06, 0x03, 0x01, 0x80, 0xC0,
  0x00, 0x1F, 0x8F, 0xFF, 0x83, 0x60, 0x0C, 0x01, 0x80, 0x3C, 0x03, 0xF0,
  0x1F, 0x80, 0x78, 0x03, 0x80, 0x30, 0x06, 0x00, 0xF0, 0x3F, 0xFE, 0x7F,
  0x00, 0x08, 0x06, 0x01, 0x80, 0x60, 0x7F, 0xFF, 0xF1, 0x80, 0x60, 0x18,
  0x06, 0x01, 0x80, 0x60, 0x18, 0x06, 0x01, 0x80, 0x60, 0x18, 0x07, 0x01,
  0xC0, 0x3F, 0x07, 0xC0, 0xE0, 0x0F, 0x80, 0x3E, 0x00, 0xF8, 0x03, 0xE0,
  0x0F, 0x80, 0x3E, 0x00, 0xF8, 0x03, 0xE0, 0x0F, 0x80, 0x3E, 0x00, 0xF8,
  0x07, 0x60, 0x1D, 0xC0, 0x77, 0x87, 0xCF, 0xFB, 0x0F, 0x8C, 0xE0, 0x06,
  0xC0, 0x1D, 0xC0, 0x3B, 0x80, 0x63, 0x01, 0xC7, 0x03, 0x0E, 0x0E, 0x0C,
  0x1C, 0x1C, 0x30, 0x18, 0xE0, 0x31, 0xC0, 0x73, 0x00, 0x6E, 0x00, 0xD8,
  0x01, 0xF0, 0x01, 0xE0, 0x03, 0x80, 0xE0, 0x1C, 0x07, 0x60, 0x3C, 0x06,
  0x70, 0x3C, 0x0E, 0x70, 0x3C, 0x0E, 0x30, 0x7E, 0x0C, 0x30, 0x66, 0x0C,
  0x38, 0x66, 0x1C, 0x38, 0xE7, 0x1C, 0x18, 0xC3, 0x18, 0x18, 0xC3, 0x18,
  0x1D, 0xC3, 0xB8, 0x1D, 0xC1, 0xB8, 0x0D, 0x81, 0xB0, 0x0D, 0x81, 0xB0,
  0x0F, 0x81, 0xF0, 0x07, 0x00, 0xE0, 0x07, 0x00, 0xE0, 0xE0, 0x1C, 0xE0,
  0x70, 0xC0, 0xE1, 0xC3, 0x81, 0xCE, 0x01, 0x9C, 0x03, 0xF0, 0x03, 0xC0,
  0x07, 0x80, 0x0F, 0x00, 0x3F, 0x00, 0xE7, 0x01, 0x87, 0x07, 0x0E, 0x1C,
  0x0E, 0x30, 0x0E, 0xE0, 0x1C, 0xE0, 0x06, 0x60, 0x0E, 0x70, 0x0E, 0x70,
  0x0C, 0x30, 0x1C, 0x38, 0x18, 0x18, 0x38, 0x1C, 0x38, 0x1C, 0x30, 0x0C,
  0x70, 0x0E, 0x70, 0x06, 0x60, 0x06, 0xE0, 0x07, 0xC0, 0x03, 0xC0, 0x03,
  0xC0, 0x01, 0x80, 0x03, 0x80, 0x03, 0x80, 0x07, 0x00, 0x07, 0x00, 0x0E,
  0x00, 0xFC, 0x00, 0xF8, 0x00, 0x7F, 0xF7, 0xFF, 0x00, 0x70, 0x0E, 0x00,
  0xC0, 0x1C, 0x03, 0x80, 0x30, 0x07, 0x00, 0xE0, 0x1C, 0x01, 0xC0, 0x38,
  0x07, 0x00, 0x70, 0x0F, 0xFF, 0xFF, 0xF0, 0x01, 0xC1, 0xF0, 0xF0, 0x30,
  0x0C, 0x03, 0x00, 0xC0, 0x30, 0x0C, 0x03, 0x00, 0xC0, 0x70, 0x38, 0x3C,
  0x0F, 0x00, 0xE0, 0x1C, 0x03, 0x00, 0xC0, 0x30, 0x0C, 0x03, 0x00, 0xC0,
  0x30, 0x0E, 0x01, 0xF0, 0x1C, 0xFF, 0xFF, 0xFF, 0xFF, 0xFF, 0xFF, 0xFF,
  0xFF, 0xFF, 0xFF, 0xFF, 0xFF, 0xE0, 0x3E, 0x03, 0x80, 0x70, 0x1C, 0x03,
  0x00, 0xC0, 0x30, 0x0C, 0x03, 0x00, 0xC0, 0x30, 0x0F, 0x00, 0xF0, 0x7C,
  0x38, 0x0C, 0x03, 0x00, 0xC0, 0x30, 0x0C, 0x03, 0x00, 0xC0, 0x70, 0x3C,
  0x3E, 0x0E, 0x00, 0x7C, 0x07, 0xFC, 0x3C, 0x7F, 0xE0, 0x3E, 0x00, 0x00,
  0x00, 0x00, 0x00, 0x00, 0x00, 0x00, 0x00, 0x00, 0x00, 0x00, 0x00, 0x00,
  0x00, 0x00, 0x00, 0x00, 0x00, 0x00, 0x00, 0x00, 0x00, 0x00, 0x00, 0x00,
  0x00, 0x00, 0x00, 0x00, 0x00, 0x00, 0x00, 0x00, 0x6F, 0xF6, 0x00, 0x06,
  0x66, 0x66, 0x66, 0x66, 0x66, 0x66, 0x67, 0x70, 0x03, 0x00, 0x30, 0x03,
  0x00, 0xFE, 0x3F, 0xF7, 0xC2, 0x70, 0x0E, 0x00, 0xE0, 0x0E, 0x00, 0xC0,
  0x0C, 0x00, 0xC0, 0x0E, 0x00, 0xE0, 0x0E, 0x00, 0x70, 0x07, 0xC3, 0x3F,
  0xF0, 0xFE, 0x03, 0x00, 0x30, 0x03, 0x00, 0x01, 0xF8, 0x07, 0xFE, 0x0E,
  0x0C, 0x1C, 0x00, 0x1C, 0x00, 0x1C, 0x00, 0x1C, 0x00, 0x1C, 0x00, 0x1C,
  0x00, 0x1C, 0x00, 0xFF, 0xF0, 0xFF, 0xF0, 0x1C, 0x00, 0x1C, 0x00, 0x1C,
  0x00, 0x1C, 0x00, 0x1C, 0x00, 0x18, 0x00, 0x38, 0x00, 0x70, 0x00, 0xFF,
  0xFF, 0xFF, 0xFF, 0x40, 0x0B, 0xBE, 0x77, 0xFF, 0x8E, 0x1C, 0x70, 0x31,
  0x80, 0x66, 0x01, 0x98, 0x06, 0x60, 0x19, 0xC0, 0xC3, 0x87, 0x1F, 0xFE,
  0xEF, 0x9D, 0x00, 0x20, 0x60, 0x03, 0xB8, 0x01, 0x8E, 0x01, 0xC7, 0x00,
  0xC1, 0xC0, 0xE0, 0x60, 0x60, 0x38, 0x70, 0x0C, 0x70, 0x07, 0x30, 0x01,
  0xB8, 0x00, 0xF8, 0x03, 0xFF, 0xC1, 0xFF, 0xE0, 0x06, 0x00, 0x03, 0x00,
  0x01, 0x80, 0x1F, 0xFE, 0x0F, 0xFF, 0x00, 0x30, 0x00, 0x18, 0x00, 0x0C,
  0x00, 0x06, 0x00, 0xFF, 0xFF, 0xFF, 0xFF, 0xF0, 0x00, 0x00, 0x0F, 0xFF,
  0xFF, 0xFF, 0xFF, 0x1F, 0xC7, 0xFE, 0x60, 0x6E, 0x00, 0xE0, 0x0E, 0x00,
  0x78, 0x03, 0xF0, 0x7F, 0xC6, 0x1E, 0xC0, 0x7C, 0x07, 0xE0, 0x37, 0x07,
  0x7C, 0x61, 0xFC, 0x07, 0xC0, 0x1E, 0x00, 0x70, 0x07, 0x00, 0x7C, 0x0E,
  0xFF, 0xC7, 0xF8, 0xC3, 0xC7, 0xC3, 0x01, 0xFC, 0x00, 0x1F, 0xFE, 0x01,
  0xC0, 0x1C, 0x0E, 0x00, 0x18, 0x30, 0x00, 0x31, 0x81, 0xF0, 0x6C, 0x1F,
  0xE1, 0xB0, 0xE0, 0x83, 0x83, 0x00, 0x0E, 0x1C, 0x00, 0x38, 0x70, 0x00,
  0x61, 0x80, 0x01, 0x87, 0x00, 0x0E, 0x1C, 0x00, 0x3C, 0x30, 0x00, 0xF0,
  0xE0, 0x86, 0x61, 0xFE, 0x18, 0xC1, 0xF0, 0xC3, 0x80, 0x06, 0x07, 0x00,
  0x70, 0x07, 0xFF, 0x80, 0x07, 0xF8, 0x00, 0x3E, 0x7F, 0x03, 0x01, 0x3F,
  0x61, 0xC1, 0xC3, 0xFF, 0x79, 0x04, 0x10, 0x71, 0xC7, 0x1C, 0x70, 0xC3,
  0x0C, 0x38, 0xE3, 0x8E, 0x0E, 0x38, 0x30, 0xC1, 0xC3, 0x07, 0x1C, 0x1C,
  0x70, 0x41, 0x00, 0xFF, 0xFF, 0xFF, 0xF0, 0x00, 0xC0, 0x03, 0x00, 0x0C,
  0x00, 0x30, 0x00, 0xC0, 0x03, 0xFF, 0xFF, 0x01, 0xFC, 0x00, 0x1F, 0xFE,
  0x01, 0xC0, 0x1C, 0x0E, 0x00, 0x18, 0x30, 0x00, 0x31, 0x87, 0xF0, 0x6C,
  0x1F, 0xE1, 0xB0, 0x61, 0x83, 0x81, 0x86, 0x0E, 0x06, 0x18, 0x38, 0x18,
  0xE0, 0x60, 0x7F, 0x01, 0x81, 0x9C, 0x0E, 0x06, 0x30, 0x3C, 0x18, 0xE0,
  0xF0, 0x61, 0xC6, 0x61, 0x83, 0x18, 0xC0, 0x00, 0xC3, 0x80, 0x06, 0x07,
  0x00, 0x70, 0x07, 0xFF, 0x80, 0x07, 0xF8, 0x00, 0xFF, 0xFF, 0xFF, 0xFF,
  0x3E, 0x1F, 0xCC, 0x1B, 0x06, 0xC0, 0xB0, 0x6C, 0x19, 0xFC, 0x3E, 0x00,
  0x03, 0x00, 0x0C, 0x00, 0x30, 0x00, 0xC0, 0x03, 0x00, 0x0C, 0x00, 0x30,
  0x3F, 0xFF, 0xFF, 0xFC, 0x0C, 0x00, 0x30, 0x00, 0xC0, 0x03, 0x00, 0x0C,
  0x00, 0x30, 0x00, 0x00, 0x00, 0x03, 0xFF, 0xFF, 0xFF, 0xC0, 0x3E, 0xFF,
  0x43, 0x03, 0x03, 0x03, 0x06, 0x0C, 0x18, 0x30, 0x60, 0xFF, 0xFF, 0x7E,
  0x7F, 0xA0, 0xC0, 0x60, 0x31, 0xF0, 0xF8, 0x06, 0x01, 0x80, 0xC0, 0xFF,
  0xEF, 0xE0, 0x1C, 0xE3, 0x9C, 0xE0, 0xC0, 0x1F, 0x00, 0x7C, 0x01, 0xF0,
  0x07, 0xC0, 0x1F, 0x00, 0x7C, 0x01, 0xF0, 0x07, 0xC0, 0x1F, 0x00, 0x7C,
  0x01, 0xF0, 0x07, 0xC0, 0x3F, 0x80, 0xFF, 0x0F, 0xFF, 0xF7, 0xDF, 0x1F,
  0x00, 0x0C, 0x00, 0x30, 0x00, 0xC0, 0x03, 0x00, 0x0C, 0x00, 0x30, 0x00,
  0x0F, 0xFE, 0x7F, 0xFD, 0xFF, 0x1F, 0xFE, 0x3F, 0xFC, 0x7F, 0xF8, 0xFF,
  0xF1, 0xFF, 0xE3, 0xFF, 0xC7, 0xFF, 0x8F, 0xFF, 0x1F, 0xFE, 0x37, 0xFC,
  0x67, 0xF8, 0xC7, 0xF1, 0x80, 0x63, 0x00, 0xC6, 0x01, 0x8C, 0x03, 0x18,
  0x06, 0x30, 0x0C, 0x60, 0x18, 0xC0, 0x31, 0x80, 0x63, 0x00, 0xC6, 0x01,
  0x8C, 0x03, 0x18, 0x06, 0x30, 0x6F, 0xF6, 0x10, 0xC3, 0xC3, 0x0F, 0xFF,
  0x80, 0x1C, 0xF7, 0xD3, 0x0C, 0x30, 0xC3, 0x0C, 0x30, 0xC3, 0x0C, 0x3E,
  0x1F, 0xCC, 0x1B, 0x02, 0xC0, 0xF0, 0x3C, 0x0B, 0x06, 0x7F, 0x0F, 0x80,
  0x41, 0x03, 0x0C, 0x1C, 0x70, 0x71, 0xC1, 0xC7, 0x06, 0x1C, 0x38, 0xE1,
  0x87, 0x1C, 0x71, 0xC7, 0x1C, 0x70, 0xC3, 0x04, 0x10, 0x00, 0x1C, 0x00,
  0xC0, 0xF0, 0x07, 0x0E, 0xC0, 0x18, 0x13, 0x00, 0xC0, 0x0C, 0x03, 0x00,
  0x30, 0x18, 0x00, 0xC0, 0xE0, 0x03, 0x03, 0x00, 0x0C, 0x18, 0x00, 0x30,
  0x61, 0xC0, 0xC3, 0x07, 0x03, 0x1C, 0x3C, 0x0C, 0x61, 0xB0, 0x03, 0x0C,
  0xC0, 0x1C, 0x33, 0x00, 0x61, 0x8C, 0x03, 0x0C, 0x30, 0x0C, 0x7F, 0xF0,
  0x61, 0xFF, 0xC3, 0x80, 0x0C, 0x0C, 0x00, 0x30, 0x60, 0x00, 0xC0, 0x1C,
  0x01, 0x81, 0xF0, 0x06, 0x0E, 0xC0, 0x30, 0x33, 0x01, 0xC0, 0x0C, 0x06,
  0x00, 0x30, 0x30, 0x00, 0xC0, 0xC0, 0x03, 0x06, 0x00, 0x0C, 0x39, 0xF0,
  0x30, 0xDF, 0xE0, 0xC6, 0x21, 0x83, 0x18, 0x06, 0x0C, 0xC0, 0x18, 0x07,
  0x00, 0x60, 0x18, 0x03, 0x80, 0xC0, 0x0C, 0x03, 0x00, 0x60, 0x18, 0x03,
  0x00, 0xE0, 0x18, 0x03, 0x00, 0xC0, 0x18, 0x07, 0xFC, 0x60, 0x1F, 0xF0,
  0x3F, 0x00, 0x38, 0x7F, 0x80, 0x30, 0x41, 0x80, 0x60, 0x01, 0x80, 0x60,
  0x01, 0x80, 0xC0, 0x01, 0x81, 0xC0, 0x1F, 0x01, 0x80, 0x1F, 0x03, 0x00,
  0x01, 0x83, 0x00, 0x00, 0xC6, 0x1C, 0x00, 0xCE, 0x1C, 0x81, 0xCC, 0x3C,
  0xFF, 0x98, 0x6C, 0x7E, 0x18, 0x4C, 0x00, 0x30, 0xCC, 0x00, 0x71, 0x8C,
  0x00, 0x63, 0x0C, 0x00, 0xC3, 0xFF, 0x01, 0xC3, 0xFF, 0x01, 0x80, 0x0C,
  0x03, 0x00, 0x0C, 0x03, 0x00, 0x0C, 0x03, 0x00, 0x78, 0x07, 0x80, 0x30,
  0x00, 0x00, 0x00, 0x00, 0x00, 0x30, 0x03, 0x00, 0x30, 0x06, 0x00, 0xE0,
  0x1C, 0x03, 0x80, 0x70, 0x0E, 0x00, 0xC0, 0x0C, 0x00, 0xC0, 0x0E, 0x00,
  0xF0, 0xE7, 0xFF, 0x1F, 0x80, 0x03, 0xC0, 0x00, 0x1C, 0x00, 0x00, 0xE0,
  0x00, 0x06, 0x00, 0x00, 0x30, 0x00, 0x00, 0x00, 0x00, 0x00, 0x00, 0x00,
  0x00, 0x00, 0xE0, 0x00, 0x0F, 0x00, 0x00, 0xF0, 0x00, 0x1F, 0x00, 0x01,
  0xB8, 0x00, 0x39, 0x80, 0x03, 0x9C, 0x00, 0x31, 0xC0, 0x07, 0x0C, 0x00,
  0x60, 0xE0, 0x06, 0x06, 0x00, 0xE0, 0x60, 0x0C, 0x07, 0x01, 0xFF, 0xF0,
  0x1F, 0xFF, 0x81, 0x80, 0x38, 0x38, 0x01, 0x83, 0x00, 0x1C, 0x70, 0x00,
  0xC7, 0x00, 0x0E, 0x60, 0x00, 0xEE, 0x00, 0x06, 0x00, 0x1C, 0x00, 0x03,
  0x80, 0x00, 0x38, 0x00, 0x07, 0x00, 0x00, 0xE0, 0x00, 0x00, 0x00, 0x00,
  0x00, 0x00, 0x00, 0x00, 0x00, 0xE0, 0x00, 0x0F, 0x00, 0x00, 0xF0, 0x00,
  0x1F, 0x00, 0x01, 0xB8, 0x00, 0x39, 0x80, 0x03, 0x9C, 0x00, 0x31, 0xC0,
  0x07, 0x0C, 0x00, 0x60, 0xE0, 0x06, 0x06, 0x00, 0xE0, 0x60, 0x0C, 0x07,
  0x01, 0xFF, 0xF0, 0x1F, 0xFF, 0x81, 0x80, 0x38, 0x38, 0x01, 0x83, 0x00,
  0x1C, 0x70, 0x00, 0xC7, 0x00, 0x0E, 0x60, 0x00, 0xEE, 0x00, 0x06, 0x00,
  0x70, 0x00, 0x0F, 0x80, 0x01, 0xD8, 0x00, 0x38, 0xC0, 0x07, 0x06, 0x00,
  0x00, 0x00, 0x00, 0x00, 0x00, 0x00, 0x00, 0x00, 0xE0, 0x00, 0x0F, 0x00,
  0x00, 0xF0, 0x00, 0x1F, 0x00, 0x01, 0xB8, 0x00, 0x39, 0x80, 0x03, 0x9C,
  0x00, 0x31, 0xC0, 0x07, 0x0C, 0x00, 0x60, 0xE0, 0x06, 0x06, 0x00, 0xE0,
  0x60, 0x0C, 0x07, 0x01, 0xFF, 0xF0, 0x1F, 0xFF, 0x81, 0x80, 0x38, 0x38,
  0x01, 0x83, 0x00, 0x1C, 0x70, 0x00, 0xC7, 0x00, 0x0E, 0x60, 0x00, 0xEE,
  0x00, 0x06, 0x03, 0x82, 0x00, 0x7E, 0x60, 0x04, 0x7E, 0x00, 0xC3, 0xC0,
  0x00, 0x00, 0x00, 0x00, 0x00, 0x00, 0x00, 0x00, 0x0E, 0x00, 0x00, 0xF0,
  0x00, 0x0F, 0x00, 0x01, 0xF0, 0x00, 0x1B, 0x80, 0x03, 0x98, 0x00, 0x39,
  0xC0, 0x03, 0x1C, 0x00, 0x70, 0xC0, 0x06, 0x0E, 0x00, 0x60, 0x60, 0x0E,
  0x06, 0x00, 0xC0, 0x70, 0x1F, 0xFF, 0x01, 0xFF, 0xF8, 0x18, 0x03, 0x83,
  0x80, 0x18, 0x30, 0x01, 0xC7, 0x00, 0x0C, 0x70, 0x00, 0xE6, 0x00, 0x0E,
  0xE0, 0x00, 0x60, 0x03, 0x0C, 0x00, 0x31, 0xC0, 0x03, 0x0C, 0x00, 0x00,
  0x00, 0x00, 0x00, 0x00, 0x00, 0x00, 0x00, 0x00, 0x00, 0x0E, 0x00, 0x00,
  0xF0, 0x00, 0x0F, 0x00, 0x01, 0xF0, 0x00, 0x1B, 0x80, 0x03, 0x98, 0x00,
  0x39, 0xC0, 0x03, 0x1C, 0x00, 0x70, 0xC0, 0x06, 0x0E, 0x00, 0x60, 0x60,
  0x0E, 0x06, 0x00, 0xC0, 0x70, 0x1F, 0xFF, 0x01, 0xFF, 0xF8, 0x18, 0x03,
  0x83, 0x80, 0x18, 0x30, 0x01, 0xC7, 0x00, 0x0C, 0x70, 0x00, 0xE6, 0x00,
  0x0E, 0xE0, 0x00, 0x60, 0x00, 0xE0, 0x00, 0x1B, 0x00, 0x03, 0x18, 0x00,
  0x31, 0x80, 0x03, 0x18, 0x00, 0x1B, 0x00, 0x00, 0xE0, 0x00, 0x0F, 0x00,
  0x00, 0xF0, 0x00, 0x1F, 0x00, 0x01, 0xB8, 0x00, 0x39, 0x80, 0x03, 0x9C,
  0x00, 0x31, 0xC0, 0x07, 0x0C, 0x00, 0x60, 0xE0, 0x06, 0x06, 0x00, 0xE0,
  0x60, 0x0C, 0x07, 0x01, 0xFF, 0xF0, 0x1F, 0xFF, 0x81, 0x80, 0x38, 0x38,
  0x01, 0x83, 0x00, 0x1C, 0x70, 0x00, 0xC7, 0x00, 0x0E, 0x60, 0x00, 0xEE,
  0x00, 0x06, 0x00, 0x3F, 0xFF, 0x80, 0x1F, 0xFF, 0xC0, 0x1C, 0xC0, 0x00,
  0x0C, 0x60, 0x00, 0x0E, 0x30, 0x00, 0x06, 0x18, 0x00, 0x07, 0x0C, 0x00,
  0x03, 0x06, 0x00, 0x03, 0x83, 0x00, 0x01, 0xC1, 0x80, 0x01, 0xC0, 0xFF,
  0xE0, 0xE0, 0x7F, 0xF0, 0xE0, 0x30, 0x00, 0x7F, 0xF8, 0x00, 0x7F, 0xFC,
  0x00, 0x38, 0x06, 0x00, 0x18, 0x03, 0x00, 0x1C, 0x01, 0x80, 0x0C, 0x00,
  0xC0, 0x0E, 0x00, 0x60, 0x06, 0x00, 0x3F, 0xFF, 0x00, 0x1F, 0xFC, 0x01,
  0xFC, 0x03, 0xFF, 0x87, 0xC3, 0xC7, 0x80, 0x03, 0x80, 0x03, 0x80, 0x01,
  0x80, 0x01, 0xC0, 0x00, 0xE0, 0x00, 0x70, 0x00, 0x38, 0x00, 0x1C, 0x00,
  0x0E, 0x00, 0x07, 0x00, 0x03, 0x80, 0x00, 0xC0, 0x00, 0x70, 0x00, 0x3C,
  0x00, 0x0F, 0x00, 0x03, 0xE0, 0xE0, 0xFF, 0xF0, 0x1F, 0xF0, 0x01, 0x00,
  0x01, 0x80, 0x00, 0xF0, 0x00, 0x18, 0x00, 0x0C, 0x00, 0x7E, 0x00, 0x3E,
  0x00, 0x3C, 0x01, 0xC0, 0x0E, 0x00, 0x60, 0x03, 0x00, 0x00, 0x00, 0x00,
  0x00, 0xFF, 0xFF, 0xFF, 0xE0, 0x0E, 0x00, 0xE0, 0x0E, 0x00, 0xE0, 0x0E,
  0x00, 0xE0, 0x0E, 0x00, 0xFF, 0xFF, 0xFF, 0xE0, 0x0E, 0x00, 0xE0, 0x0E,
  0x00, 0xE0, 0x0E, 0x00, 0xE0, 0x0E, 0x00, 0xFF, 0xFF, 0xFF, 0x00, 0xE0,
  0x1C, 0x01, 0xC0, 0x38, 0x07, 0x00, 0x00, 0x00, 0x00, 0x00, 0xFF, 0xFF,
  0xFF, 0xE0, 0x0E, 0x00, 0xE0, 0x0E, 0x00, 0xE0, 0x0E, 0x00, 0xE0, 0x0E,
  0x00, 0xFF, 0xFF, 0xFF, 0xE0, 0x0E, 0x00, 0xE0, 0x0E, 0x00, 0xE0, 0x0E,
  0x00, 0xE0, 0x0E, 0x00, 0xFF, 0xFF, 0xFF, 0x07, 0x00, 0xF8, 0x1D, 0x83,
  0x8C, 0x70, 0x60, 0x00, 0x00, 0x00, 0x00, 0xFF, 0xFF, 0xFF, 0xE0, 0x0E,
  0x00, 0xE0, 0x0E, 0x00, 0xE0, 0x0E, 0x00, 0xE0, 0x0E, 0x00, 0xFF, 0xFF,
  0xFF, 0xE0, 0x0E, 0x00, 0xE0, 0x0E, 0x00, 0xE0, 0x0E, 0x00, 0xE0, 0x0E,
  0x00, 0xFF, 0xFF, 0xFF, 0x18, 0x61, 0x8E, 0x18, 0x60, 0x00, 0x00, 0x00,
  0x00, 0x00, 0x0F, 0xFF, 0xFF, 0xFE, 0x00, 0xE0, 0x0E, 0x00, 0xE0, 0x0E,
  0x00, 0xE0, 0x0E, 0x00, 0xE0, 0x0F, 0xFF, 0xFF, 0xFE, 0x00, 0xE0, 0x0E,
  0x00, 0xE0, 0x0E, 0x00, 0xE0, 0x0E, 0x00, 0xE0, 0x0F, 0xFF, 0xFF, 0xF0,
  0xF1, 0xC3, 0x86, 0x0C, 0x00, 0x00, 0x1C, 0x71, 0xC7, 0x1C, 0x71, 0xC7,
  0x1C, 0x71, 0xC7, 0x1C, 0x71, 0xC7, 0x1C, 0x71, 0xC7, 0x1C, 0x70, 0x1C,
  0xE3, 0x9C, 0xE0, 0x00, 0x00, 0x71, 0xC7, 0x1C, 0x71, 0xC7, 0x1C, 0x71,
  0xC7, 0x1C, 0x71, 0xC7, 0x1C, 0x71, 0xC7, 0x1C, 0x71, 0xC0, 0x0E, 0x07,
  0xC3, 0xB1, 0xC6, 0xE0, 0xC0, 0x00, 0x00, 0x00, 0x0E, 0x03, 0x80, 0xE0,
  0x38, 0x0E, 0x03, 0x80, 0xE0, 0x38, 0x0E, 0x03, 0x80, 0xE0, 0x38, 0x0E,
  0x03, 0x80, 0xE0, 0x38, 0x0E, 0x03, 0x80, 0xE0, 0x38, 0x0E, 0x03, 0x80,
  0xC3, 0xC7, 0xC3, 0x00, 0x00, 0x00, 0x00, 0x1C, 0x1C, 0x1C, 0x1C, 0x1C,
  0x1C, 0x1C, 0x1C, 0x1C, 0x1C, 0x1C, 0x1C, 0x1C, 0x1C, 0x1C, 0x1C, 0x1C,
  0x1C, 0x1C, 0x1C, 0x1C, 0x1C, 0x3F, 0xF8, 0x03, 0xFF, 0xE0, 0x38, 0x1F,
  0x03, 0x80, 0x38, 0x38, 0x01, 0xC3, 0x80, 0x0E, 0x38, 0x00, 0xE3, 0x80,
  0x0E, 0x38, 0x00, 0x63, 0x80, 0x07, 0xFF, 0xC0, 0x7F, 0xFC, 0x07, 0x38,
  0x00, 0x73, 0x80, 0x06, 0x38, 0x00, 0xE3, 0x80, 0x0E, 0x38, 0x01, 0xC3,
  0x80, 0x1C, 0x38, 0x07, 0x83, 0x81, 0xF0, 0x3F, 0xFE, 0x03, 0xFF, 0x00,
  0x07, 0x04, 0x07, 0xE6, 0x02, 0x3F, 0x03, 0x0F, 0x00, 0x00, 0x00, 0x00,
  0x00, 0x00, 0x01, 0xC0, 0x03, 0xF0, 0x01, 0xFC, 0x00, 0xFE, 0x00, 0x7B,
  0x80, 0x3C, 0xE0, 0x1E, 0x70, 0x0F, 0x1C, 0x07, 0x87, 0x03, 0xC3, 0x81,
  0xE0, 0xE0, 0xF0, 0x70, 0x78, 0x1C, 0x3C, 0x07, 0x1E, 0x03, 0x8F, 0x00,
  0xE7, 0x80, 0x3B, 0xC0, 0x1D, 0xE0, 0x07, 0xF0, 0x01, 0xF8, 0x00, 0xFC,
  0x00, 0x38, 0x03, 0xC0, 0x00, 0x1C, 0x00, 0x00, 0xE0, 0x00, 0x06, 0x00,
  0x00, 0x30, 0x00, 0x00, 0x00, 0x00, 0x00, 0x00, 0x00, 0x00, 0x03, 0xFC,
  0x00, 0xFF, 0xF0, 0x1F, 0x0F, 0x83, 0xC0, 0x1C, 0x78, 0x00, 0xE7, 0x00,
  0x0E, 0xE0, 0x00, 0x7E, 0x00, 0x07, 0xE0, 0x00, 0x7E, 0x00, 0x07, 0xE0,
  0x00, 0x7E, 0x00, 0x07, 0xE0, 0x00, 0x7E, 0x00, 0x07, 0xE0, 0x00, 0x76,
  0x00, 0x07, 0x70, 0x00, 0xE7, 0x00, 0x0E, 0x3C, 0x01, 0xC1, 0xF0, 0xF8,
  0x0F, 0xFF, 0x00, 0x3F, 0xC0, 0x00, 0x1C, 0x00, 0x03, 0x80, 0x00, 0x38,
  0x00, 0x07, 0x00, 0x00, 0xE0, 0x00, 0x00, 0x00, 0x00, 0x00, 0x00, 0x00,
  0x00, 0x03, 0xFC, 0x00, 0xFF, 0xF0, 0x1F, 0x0F, 0x83, 0xC0, 0x1C, 0x78,
  0x00, 0xE7, 0x00, 0x0E, 0xE0, 0x00, 0x7E, 0x00, 0x07, 0xE0, 0x00, 0x7E,
  0x00, 0x07, 0xE0, 0x00, 0x7E, 0x00, 0x07, 0xE0, 0x00, 0x7E, 0x00, 0x07,
  0xE0, 0x00, 0x76, 0x00, 0x07, 0x70, 0x00, 0xE7, 0x00, 0x0E, 0x3C, 0x01,
  0xC1, 0xF0, 0xF8, 0x0F, 0xFF, 0x00, 0x3F, 0xC0, 0x00, 0x70, 0x00, 0x0F,
  0x80, 0x01, 0xD8, 0x00, 0x38, 0xC0, 0x07, 0x06, 0x00, 0x00, 0x00, 0x00,
  0x00, 0x00, 0x00, 0x00, 0x03, 0xFC, 0x00, 0xFF, 0xF0, 0x1F, 0x0F, 0x83,
  0xC0, 0x1C, 0x78, 0x00, 0xE7, 0x00, 0x0E, 0xE0, 0x00, 0x7E, 0x00, 0x07,
  0xE0, 0x00, 0x7E, 0x00, 0x07, 0xE0, 0x00, 0x7E, 0x00, 0x07, 0xE0, 0x00,
  0x7E, 0x00, 0x07, 0xE0, 0x00, 0x76, 0x00, 0x07, 0x70, 0x00, 0xE7, 0x00,
  0x0E, 0x3C, 0x01, 0xC1, 0xF0, 0xF8, 0x0F, 0xFF, 0x00, 0x3F, 0xC0, 0x03,
  0x82, 0x00, 0x7E, 0x60, 0x04, 0x7E, 0x00, 0xC3, 0xC0, 0x00, 0x00, 0x00,
  0x00, 0x00, 0x00, 0x00, 0x00, 0x3F, 0xC0, 0x0F, 0xFF, 0x01, 0xF0, 0xF8,
  0x3C, 0x01, 0xC7, 0x80, 0x0E, 0x70, 0x00, 0xEE, 0x00, 0x07, 0xE0, 0x00,
  0x7E, 0x00, 0x07, 0xE0, 0x00, 0x7E, 0x00, 0x07, 0xE0, 0x00, 0x7E, 0x00,
  0x07, 0xE0, 0x00, 0x7E, 0x00, 0x07, 0x60, 0x00, 0x77, 0x00, 0x0E, 0x70,
  0x00, 0xE3, 0xC0, 0x1C, 0x1F, 0x0F, 0x80, 0xFF, 0xF0, 0x03, 0xFC, 0x00,
  0x03, 0x0C, 0x00, 0x31, 0xC0, 0x03, 0x0C, 0x00, 0x00, 0x00, 0x00, 0x00,
  0x00, 0x00, 0x00, 0x00, 0x00, 0x00, 0x3F, 0xC0, 0x0F, 0xFF, 0x01, 0xF0,
  0xF8, 0x3C, 0x01, 0xC7, 0x80, 0x0E, 0x70, 0x00, 0xEE, 0x00, 0x07, 0xE0,
  0x00, 0x7E, 0x00, 0x07, 0xE0, 0x00, 0x7E, 0x00, 0x07, 0xE0, 0x00, 0x7E,
  0x00, 0x07, 0xE0, 0x00, 0x7E, 0x00, 0x07, 0x60, 0x00, 0x77, 0x00, 0x0E,
  0x70, 0x00, 0xE3, 0xC0, 0x1C, 0x1F, 0x0F, 0x80, 0xFF, 0xF0, 0x03, 0xFC,
  0x00, 0x40, 0x0B, 0x80, 0x77, 0x03, 0x8E, 0x1C, 0x1C, 0xE0, 0x3F, 0x00,
  0x78, 0x01, 0xE0, 0x0F, 0xC0, 0x73, 0x83, 0x87, 0x1C, 0x0E, 0xE0, 0x1D,
  0x00, 0x20, 0x00, 0x00, 0x40, 0x3F, 0xCE, 0x0F, 0xFF, 0xC1, 0xF0, 0xFC,
  0x3C, 0x03, 0xC7, 0x80, 0x3E, 0x70, 0x06, 0xEE, 0x00, 0xE7, 0xE0, 0x1C,
  0x7E, 0x01, 0x87, 0xE0, 0x30, 0x7E, 0x07, 0x07, 0xE0, 0xE0, 0x7E, 0x1C,
  0x07, 0xE1, 0x80, 0x7E, 0x38, 0x07, 0x67, 0x00, 0x77, 0xE0, 0x0E, 0x7C,
  0x00, 0xE3, 0xC0, 0x1C, 0x3F, 0x0F, 0x83, 0xFF, 0xF0, 0x73, 0xFC, 0x02,
  0x00, 0x00, 0x0F, 0x00, 0x03, 0x80, 0x00, 0xE0, 0x00, 0x30, 0x00, 0x0C,
  0x00, 0x00, 0x00, 0x00, 0x00, 0x00, 0x00, 0xC0, 0x03, 0xE0, 0x01, 0xF0,
  0x00, 0xF8, 0x00, 0x7C, 0x00, 0x3E, 0x00, 0x1F, 0x00, 0x0F, 0x80, 0x07,
  0xC0, 0x03, 0xE0, 0x01, 0xF0, 0x00, 0xF8, 0x00, 0x7C, 0x00, 0x3E, 0x00,
  0x1F, 0x00, 0x0F, 0x80, 0x07, 0xE0, 0x03, 0x70, 0x03, 0x9C, 0x03, 0xC7,
  0x83, 0xC1, 0xFF, 0xC0, 0x3F, 0x80, 0x00, 0x70, 0x00, 0x70, 0x00, 0x38,
  0x00, 0x38, 0x00, 0x38, 0x00, 0x00, 0x00, 0x00, 0x00, 0x00, 0x00, 0xC0,
  0x03, 0xE0, 0x01, 0xF0, 0x00, 0xF8, 0x00, 0x7C, 0x00, 0x3E, 0x00, 0x1F,
  0x00, 0x0F, 0x80, 0x07, 0xC0, 0x03, 0xE0, 0x01, 0xF0, 0x00, 0xF8, 0x00,
  0x7C, 0x00, 0x3E, 0x00, 0x1F, 0x00, 0x0F, 0x80, 0x07, 0xE0, 0x03, 0x70,
  0x03, 0x9C, 0x03, 0xC7, 0x83, 0xC1, 0xFF, 0xC0, 0x3F, 0x80, 0x01, 0xC0,
  0x01, 0xF0, 0x01, 0xD8, 0x01, 0xC6, 0x01, 0xC1, 0x80, 0x00, 0x00, 0x00,
  0x00, 0x00, 0x00, 0xC0, 0x03, 0xE0, 0x01, 0xF0, 0x00, 0xF8, 0x00, 0x7C,
  0x00, 0x3E, 0x00, 0x1F, 0x00, 0x0F, 0x80, 0x07, 0xC0, 0x03, 0xE0, 0x01,
  0xF0, 0x00, 0xF8, 0x00, 0x7C, 0x00, 0x3E, 0x00, 0x1F, 0x00, 0x0F, 0x80,
  0x07, 0xE0, 0x03, 0x70, 0x03, 0x9C, 0x03, 0xC7, 0x83, 0xC1, 0xFF, 0xC0,
  0x3F, 0x80, 0x0C, 0x30, 0x06, 0x38, 0x03, 0x0C, 0x00, 0x00, 0x00, 0x00,
  0x00, 0x00, 0x00, 0x00, 0x01, 0x80, 0x07, 0xC0, 0x03, 0xE0, 0x01, 0xF0,
  0x00, 0xF8, 0x00, 0x7C, 0x00, 0x3E, 0x00, 0x1F, 0x00, 0x0F, 0x80, 0x07,
  0xC0, 0x03, 0xE0, 0x01, 0xF0, 0x00, 0xF8, 0x00, 0x7C, 0x00, 0x3E, 0x00,
  0x1F, 0x00, 0x0F, 0xC0, 0x06, 0xE0, 0x07, 0x38, 0x07, 0x8F, 0x07, 0x83,
  0xFF, 0x80, 0x7F, 0x00, 0x00, 0x38, 0x00, 0x38, 0x00, 0x1C, 0x00, 0x1C,
  0x00, 0x1C, 0x00, 0x00, 0x00, 0x00, 0x00, 0x00, 0x00, 0xE0, 0x03, 0xB8,
  0x01, 0xDC, 0x01, 0xC7, 0x00, 0xC3, 0x80, 0xE0, 0xE0, 0x60, 0x30, 0x70,
  0x1C, 0x30, 0x06, 0x38, 0x03, 0xB8, 0x00, 0xDC, 0x00, 0x7C, 0x00, 0x1C,
  0x00, 0x0E, 0x00, 0x07, 0x00, 0x03, 0x80, 0x01, 0xC0, 0x00, 0xE0, 0x00,
  0x70, 0x00, 0x38, 0x00, 0x1C, 0x00, 0x0E, 0x00, 0xE0, 0x03, 0x80, 0x0E,
  0x00, 0x38, 0x00, 0xFF, 0xC3, 0xFF, 0xCE, 0x0F, 0xB8, 0x0F, 0xE0, 0x1F,
  0x80, 0x7E, 0x01, 0xF8, 0x07, 0xE0, 0x1F, 0x80, 0xEE, 0x0F, 0xBF, 0xF8,
  0xFF, 0x83, 0x80, 0x0E, 0x00, 0x38, 0x00, 0xE0, 0x03, 0x80, 0x00, 0x1F,
  0xC0, 0xFF, 0xE3, 0xC1, 0xC7, 0x01, 0xCC, 0x03, 0x98, 0x07, 0x30, 0x0C,
  0x60, 0x78, 0xC1, 0xC1, 0x87, 0x03, 0x0E, 0x06, 0x1C, 0x0C, 0x3C, 0x18,
  0x3C, 0x30, 0x3C, 0x60, 0x1C, 0xC0, 0x1D, 0x80, 0x1F, 0x00, 0x3E, 0x00,
  0x7C, 0x00, 0xF8, 0xC3, 0xB1, 0xFF, 0x61, 0xF8, 0x1E, 0x00, 0x38, 0x00,
  0x70, 0x00, 0xC0, 0x01, 0x80, 0x00, 0x00, 0x00, 0x03, 0xF8, 0x3F, 0xF0,
  0x60, 0xE0, 0x01, 0x80, 0x07, 0x00, 0x1C, 0x00, 0x70, 0x7F, 0xCF, 0xFF,
  0x78, 0x1D, 0xC0, 0x7E, 0x01, 0xF8, 0x07, 0x60, 0x3D, 0xC1, 0xF3, 0xFC,
  0xC7, 0xE3, 0x00, 0x70, 0x03, 0x80, 0x0E, 0x00, 0x70, 0x03, 0x80, 0x00,
  0x00, 0x00, 0x03, 0xF8, 0x3F, 0xF0, 0x60, 0xE0, 0x01, 0x80, 0x07, 0x00,
  0x1C, 0x00, 0x70, 0x7F, 0xCF, 0xFF, 0x78, 0x1D, 0xC0, 0x7E, 0x01, 0xF8,
  0x07, 0x60, 0x3D, 0xC1, 0xF3, 0xFC, 0xC7, 0xE3, 0x03, 0x80, 0x1F, 0x00,
  0xEC, 0x07, 0x18, 0x38, 0x30, 0x00, 0x00, 0x00, 0x03, 0xF8, 0x3F, 0xF0,
  0x60, 0xE0, 0x01, 0x80, 0x07, 0x00, 0x1C, 0x00, 0x70, 0x7F, 0xCF, 0xFF,
  0x78, 0x1D, 0xC0, 0x7E, 0x01, 0xF8, 0x07, 0x60, 0x3D, 0xC1, 0xF3, 0xFC,
  0xC7, 0xE3, 0x0E, 0x08, 0x7E, 0x61, 0x1F, 0x8C, 0x3C, 0x00, 0x00, 0x00,
  0x00, 0xFE, 0x0F, 0xFC, 0x18, 0x38, 0x00, 0x60, 0x01, 0xC0, 0x07, 0x00,
  0x1C, 0x1F, 0xF3, 0xFF, 0xDE, 0x07, 0x70, 0x1F, 0x80, 0x7E, 0x01, 0xD8,
  0x0F, 0x70, 0x7C, 0xFF, 0x31, 0xF8, 0xC0, 0x0C, 0x30, 0x31, 0xC0, 0xC3,
  0x00, 0x00, 0x00, 0x00, 0x00, 0x00, 0xFE, 0x0F, 0xFC, 0x18, 0x38, 0x00,
  0x60, 0x01, 0xC0, 0x07, 0x00, 0x1C, 0x1F, 0xF3, 0xFF, 0xDE, 0x07, 0x70,
  0x1F, 0x80, 0x7E, 0x01, 0xD8, 0x0F, 0x70, 0x7C, 0xFF, 0x31, 0xF8, 0xC0,
  0x03, 0x80, 0x1B, 0x00, 0xC6, 0x03, 0x18, 0x0C, 0x60, 0x1B, 0x00, 0x38,
  0x00, 0x00, 0x00, 0x00, 0x3F, 0x83, 0xFF, 0x06, 0x0E, 0x00, 0x18, 0x00,
  0x70, 0x01, 0xC0, 0x07, 0x07, 0xFC, 0xFF, 0xF7, 0x81, 0xDC, 0x07, 0xE0,
  0x1F, 0x80, 0x76, 0x03, 0xDC, 0x1F, 0x3F, 0xCC, 0x7E, 0x30, 0x0F, 0xC1,
  0xF0, 0x3F, 0xF3, 0xFC, 0x38, 0x77, 0x1E, 0x00, 0x3E, 0x06, 0x00, 0x1C,
  0x07, 0x00, 0x1C, 0x07, 0x00, 0x1C, 0x07, 0x03, 0xFF, 0xFF, 0x1F, 0xFF,
  0xFF, 0x7C, 0x18, 0x00, 0x70, 0x1C, 0x00, 0xE0, 0x1C, 0x00, 0xE0, 0x3C,
  0x00, 0x60, 0x3E, 0x00, 0x70, 0xE7, 0x06, 0x3F, 0xC3, 0xFE, 0x1F, 0x81,
  0xFC, 0x0F, 0xE1, 0xFF, 0x3C, 0x67, 0x00, 0xE0, 0x0E, 0x00, 0xE0, 0x0C,
  0x00, 0xC0, 0x0C, 0x00, 0xC0, 0x0E, 0x00, 0xE0, 0x07, 0x00, 0x78, 0x33,
  0xFF, 0x0F, 0xE0, 0x20, 0x06, 0x00, 0x78, 0x01, 0x80, 0x18, 0x1F, 0x81,
  0xF0, 0x1E, 0x00, 0x38, 0x00, 0x70, 0x00, 0xC0, 0x01, 0x80, 0x00, 0x00,
  0x00, 0x03, 0xF0, 0x1F, 0xE0, 0xE1, 0xC7, 0x03, 0xB8, 0x06, 0xE0, 0x1F,
  0x00, 0x7F, 0xFF, 0xFF, 0xFF, 0xC0, 0x03, 0x00, 0x0E, 0x00, 0x38, 0x00,
  0x70, 0x00, 0xF0, 0x61, 0xFF, 0x83, 0xF8, 0x00, 0xE0, 0x07, 0x00, 0x1C,
  0x00, 0xE0, 0x07, 0x00, 0x00, 0x00, 0x00, 0x03, 0xF0, 0x1F, 0xE0, 0xE1,
  0xC7, 0x03, 0xB8, 0x06, 0xE0, 0x1F, 0x00, 0x7F, 0xFF, 0xFF, 0xFF, 0xC0,
  0x03, 0x00, 0x0E, 0x00, 0x38, 0x00, 0x70, 0x00, 0xF0, 0x61, 0xFF, 0x83,
  0xF8, 0x03, 0x80, 0x1F, 0x00, 0xEC, 0x07, 0x18, 0x38, 0x30, 0x00, 0x00,
  0x00, 0x03, 0xF0, 0x1F, 0xE0, 0xE1, 0xC7, 0x03, 0xB8, 0x06, 0xE0, 0x1F,
  0x00, 0x7F, 0xFF, 0xFF, 0xFF, 0xC0, 0x03, 0x00, 0x0E, 0x00, 0x38, 0x00,
  0x70, 0x00, 0xF0, 0x61, 0xFF, 0x83, 0xF8, 0x18, 0x60, 0x63, 0x81, 0x86,
  0x00, 0x00, 0x00, 0x00, 0x00, 0x00, 0xFC, 0x07, 0xF8, 0x38, 0x71, 0xC0,
  0xEE, 0x01, 0xB8, 0x07, 0xC0, 0x1F, 0xFF, 0xFF, 0xFF, 0xF0, 0x00, 0xC0,
  0x03, 0x80, 0x0E, 0x00, 0x1C, 0x00, 0x3C, 0x18, 0x7F, 0xE0, 0xFE, 0x00,
  0xF1, 0xC3, 0x86, 0x0C, 0x00, 0x06, 0x18, 0x61, 0x86, 0x18, 0x61, 0x86,
  0x18, 0x61, 0x86, 0x18, 0x61, 0x86, 0x1C, 0xE3, 0x9C, 0xE0, 0x00, 0x18,
  0x61, 0x86, 0x18, 0x61, 0x86, 0x18, 0x61, 0x86, 0x18, 0x61, 0x86, 0x18,
  0x0E, 0x07, 0xC3, 0xB1, 0xC6, 0xE0, 0xC0, 0x00, 0x00, 0x30, 0x0C, 0x03,
  0x00, 0xC0, 0x30, 0x0C, 0x03, 0x00, 0xC0, 0x30, 0x0C, 0x03, 0x00, 0xC0,
  0x30, 0x0C, 0x03, 0x00, 0xC0, 0x30, 0xC3, 0xC7, 0xC3, 0x00, 0x00, 0x00,
  0x18, 0x18, 0x18, 0x18, 0x18, 0x18, 0x18, 0x18, 0x18, 0x18, 0x18, 0x18,
  0x18, 0x18, 0x18, 0x18, 0x18, 0x0C, 0x10, 0x1C, 0x70, 0x1F, 0xC0, 0x1E,
  0x00, 0x7E, 0x03, 0xCE, 0x02, 0x0E, 0x00, 0x1C, 0x00, 0x1C, 0x1F, 0x98,
  0xFF, 0xF3, 0xC1, 0xF6, 0x01, 0xFC, 0x01, 0xF0, 0x03, 0xE0, 0x07, 0xC0,
  0x0F, 0x80, 0x1F, 0x00, 0x3F, 0x00, 0x67, 0x01, 0xCF, 0x07, 0x0F, 0xFC,
  0x07, 0xE0, 0x1C, 0x11, 0xF9, 0x88, 0xFC, 0xC3, 0xC0, 0x00, 0x00, 0x03,
  0x1F, 0x1B, 0xFE, 0xF8, 0x7F, 0x01, 0xF8, 0x07, 0x80, 0x3C, 0x01, 0xE0,
  0x0F, 0x00, 0x78, 0x03, 0xC0, 0x1E, 0x00, 0xF0, 0x07, 0x80, 0x3C, 0x01,
  0xE0, 0x0F, 0x00, 0x60, 0x1E, 0x00, 0x1C, 0x00, 0x1C, 0x00, 0x18, 0x00,
  0x18, 0x00, 0x00, 0x00, 0x00, 0x07, 0xE0, 0x1F, 0xF0, 0x70, 0xF1, 0xC0,
  0x77, 0x00, 0x6E, 0x00, 0xF8, 0x01, 0xF0, 0x03, 0xE0, 0x07, 0xC0, 0x0F,
  0x80, 0x1F, 0x80, 0x3F, 0x00, 0x67, 0x01, 0xC7, 0x07, 0x07, 0xFC, 0x07,
  0xE0, 0x00, 0xE0, 0x03, 0x80, 0x07, 0x00, 0x1C, 0x00, 0x70, 0x00, 0x00,
  0x00, 0x00, 0x07, 0xE0, 0x1F, 0xF0, 0x70, 0xF1, 0xC0, 0x77, 0x00, 0x6E,
  0x00, 0xF8, 0x01, 0xF0, 0x03, 0xE0, 0x07, 0xC0, 0x0F, 0x80, 0x1F, 0x80,
  0x3F, 0x00, 0x67, 0x01, 0xC7, 0x07, 0x07, 0xFC, 0x07, 0xE0, 0x03, 0x80,
  0x0F, 0x80, 0x3B, 0x00, 0xE3, 0x03, 0x83, 0x00, 0x00, 0x00, 0x00, 0x07,
  0xE0, 0x1F, 0xF0, 0x70, 0xF1, 0xC0, 0x77, 0x00, 0x6E, 0x00, 0xF8, 0x01,
  0xF0, 0x03, 0xE0, 0x07, 0xC0, 0x0F, 0x80, 0x1F, 0x80, 0x3F, 0x00, 0x67,
  0x01, 0xC7, 0x07, 0x07, 0xFC, 0x07, 0xE0, 0x1C, 0x10, 0x7E, 0x60, 0x8F,
  0xC3, 0x0F, 0x00, 0x00, 0x00, 0x00, 0x03, 0xF0, 0x0F, 0xF8, 0x38, 0x78,
  0xE0, 0x3B, 0x80, 0x37, 0x00, 0x7C, 0x00, 0xF8, 0x01, 0xF0, 0x03, 0xE0,
  0x07, 0xC0, 0x0F, 0xC0, 0x1F, 0x80, 0x33, 0x80, 0xE3, 0x83, 0x83, 0xFE,
  0x03, 0xF0, 0x00, 0x18, 0x60, 0x31, 0xC0, 0x61, 0x80, 0x00, 0x00, 0x00,
  0x00, 0x00, 0x03, 0xF0, 0x0F, 0xF8, 0x38, 0x78, 0xE0, 0x3B, 0x80, 0x37,
  0x00, 0x7C, 0x00, 0xF8, 0x01, 0xF0, 0x03, 0xE0, 0x07, 0xC0, 0x0F, 0xC0,
  0x1F, 0x80, 0x33, 0x80, 0xE3, 0x83, 0x83, 0xFE, 0x03, 0xF0, 0x00, 0x00,
  0x00, 0x1C, 0x00, 0x70, 0x00, 0xC0, 0x00, 0x00, 0x00, 0x00, 0x00, 0x3F,
  0xFF, 0xFF, 0xFC, 0x00, 0x00, 0x00, 0x00, 0x00, 0x03, 0x00, 0x1C, 0x00,
  0x70, 0x00, 0x00, 0x00, 0x0C, 0x1F, 0x98, 0x7F, 0xF3, 0xC3, 0xC7, 0x03,
  0xDC, 0x0F, 0xB8, 0x3B, 0xE0, 0x67, 0xC1, 0x8F, 0x87, 0x1F, 0x1C, 0x3F,
  0x30, 0x7E, 0xC0, 0xFF, 0x81, 0x9E, 0x07, 0x1C, 0x1C, 0x7F, 0xF1, 0xDF,
  0x81, 0x00, 0x00, 0x1E, 0x00, 0x38, 0x00, 0x70, 0x00, 0xC0, 0x01, 0x80,
  0x00, 0x00, 0x00, 0x38, 0x03, 0xE0, 0x0F, 0x80, 0x3E, 0x00, 0xF8, 0x03,
  0xE0, 0x0F, 0x80, 0x3E, 0x00, 0xF8, 0x03, 0xE0, 0x0F, 0x80, 0x3E, 0x01,
  0xD8, 0x07, 0x70, 0x1D, 0xE1, 0xF3, 0xFE, 0xC3, 0xE3, 0x00, 0x70, 0x03,
  0x80, 0x0E, 0x00, 0x70, 0x03, 0x80, 0x00, 0x00, 0x00, 0x38, 0x03, 0xE0,
  0x0F, 0x80, 0x3E, 0x00, 0xF8, 0x03, 0xE0, 0x0F, 0x80, 0x3E, 0x00, 0xF8,
  0x03, 0xE0, 0x0F, 0x80, 0x3E, 0x01, 0xD8, 0x07, 0x70, 0x1D, 0xE1, 0xF3,
  0xFE, 0xC3, 0xE3, 0x03, 0x80, 0x1F, 0x00, 0xEC, 0x07, 0x18, 0x38, 0x30,
  0x00, 0x00, 0x00, 0x38, 0x03, 0xE0, 0x0F, 0x80, 0x3E, 0x00, 0xF8, 0x03,
  0xE0, 0x0F, 0x80, 0x3E, 0x00, 0xF8, 0x03, 0xE0, 0x0F, 0x80, 0x3E, 0x01,
  0xD8, 0x07, 0x70, 0x1D, 0xE1, 0xF3, 0xFE, 0xC3, 0xE3, 0x0C, 0x30, 0x31,
  0xC0, 0xC3, 0x00, 0x00, 0x00, 0x00, 0x00, 0x0E, 0x00, 0xF8, 0x03, 0xE0,
  0x0F, 0x80, 0x3E, 0x00, 0xF8, 0x03, 0xE0, 0x0F, 0x80, 0x3E, 0x00, 0xF8,
  0x03, 0xE0, 0x0F, 0x80, 0x76, 0x01, 0xDC, 0x07, 0x78, 0x7C, 0xFF, 0xB0,
  0xF8, 0xC0, 0x00, 0x70, 0x00, 0xE0, 0x00, 0xE0, 0x01, 0xC0, 0x03, 0x80,
  0x00, 0x00, 0x00, 0x00, 0xE0, 0x06, 0x60, 0x0E, 0x70, 0x0E, 0x70, 0x0C,
  0x30, 0x1C, 0x38, 0x18, 0x18, 0x38, 0x1C, 0x38, 0x1C, 0x30, 0x0C, 0x70,
  0x0E, 0x70, 0x06, 0x60, 0x06, 0xE0, 0x07, 0xC0, 0x03, 0xC0, 0x03, 0xC0,
  0x01, 0x80, 0x03, 0x80, 0x03, 0x80, 0x07, 0x00, 0x07, 0x00, 0x0E, 0x00,
  0xFC, 0x00, 0xF8, 0x00, 0xC0, 0x03, 0x00, 0x0C, 0x00, 0x30, 0x00, 0xC0,
  0x03, 0x00, 0x0C, 0x00, 0x31, 0xF0, 0xDF, 0xF3, 0xE1, 0xEE, 0x03, 0xB8,
  0x07, 0xC0, 0x1F, 0x00, 0x3C, 0x00, 0xF0, 0x03, 0xC0, 0x0F, 0x00, 0x7C,
  0x01, 0xF8, 0x07, 0xE0, 0x3B, 0xE1, 0xED, 0xFF, 0x31, 0xF0, 0xC0, 0x03,
  0x00, 0x0C, 0x00, 0x30, 0x00, 0xC0, 0x03, 0x00, 0x0C, 0x00, 0x00, 0x0C,
  0x30, 0x0C, 0x70, 0x0C, 0x30, 0x00, 0x00, 0x00, 0x00, 0x00, 0x00, 0xE0,
  0x06, 0x60, 0x0E, 0x70, 0x0E, 0x70, 0x0C, 0x30, 0x1C, 0x38, 0x18, 0x18,
  0x38, 0x1C, 0x38, 0x1C, 0x30, 0x0C, 0x70, 0x0E, 0x70, 0x06, 0x60, 0x06,
  0xE0, 0x07, 0xC0, 0x03, 0xC0, 0x03, 0xC0, 0x01, 0x80, 0x03, 0x80, 0x03,
  0x80, 0x07, 0x00, 0x07, 0x00, 0x0E, 0x00, 0xFC, 0x00, 0xF8, 0x00 };

const GFXglyph OpenSans_Regular16pt8bGlyphs[] PROGMEM = {
  {     0,   1,   1,   8,    0,    0 },   // 0x20 ' '
  {     1,   4,  22,   8,    2,  -21 },   // 0x21 '!'
  {    12,   8,   8,  12,    2,  -21 },   // 0x22 '"'
  {    20,  18,  22,  20,    1,  -21 },   // 0x23 '#'
  {    70,  14,  26,  18,    2,  -23 },   // 0x24 '$'
  {   116,  22,  22,  26,    2,  -21 },   // 0x25 '%'
  {   177,  20,  22,  23,    2,  -21 },   // 0x26 '&'
  {   232,   3,   8,   7,    2,  -21 },   // 0x27 '''
  {   235,   7,  27,   9,    1,  -21 },   // 0x28 '('
  {   259,   7,  27,   9,    1,  -21 },   // 0x29 ')'
  {   283,  15,  14,  17,    1,  -23 },   // 0x2A '*'
  {   310,  14,  15,  18,    2,  -18 },   // 0x2B '+'
  {   337,   5,   8,   8,    1,   -3 },   // 0x2C ','
  {   342,   8,   2,  10,    1,   -8 },   // 0x2D '-'
  {   344,   4,   4,   8,    2,   -3 },   // 0x2E '.'
  {   346,  11,  22,  11,    0,  -21 },   // 0x2F '/'
  {   377,  14,  22,  18,    2,  -21 },   // 0x30 '0'
  {   416,   8,  22,  18,    3,  -21 },   // 0x31 '1'
  {   438,  14,  22,  18,    2,  -21 },   // 0x32 '2'
  {   477,  15,  22,  18,    1,  -21 },   // 0x33 '3'
  {   519,  16,  22,  18,    1,  -21 },   // 0x34 '4'
  {   563,  14,  22,  18,    2,  -21 },   // 0x35 '5'
  {   602,  14,  22,  18,    2,  -21 },   // 0x36 '6'
  {   641,  15,  22,  18,    1,  -21 },   // 0x37 '7'
  {   683,  14,  22,  18,    2,  -21 },   // 0x38 '8'
  {   722,  14,  22,  18,    2,  -21 },   // 0x39 '9'
  {   761,   4,  17,   8,    2,  -16 },   // 0x3A ':'
  {   770,   5,  21,   8,    1,  -16 },   // 0x3B ';'
  {   784,  14,  15,  18,    2,  -18 },   // 0x3C '<'
  {   811,  14,   8,  18,    2,  -14 },   // 0x3D '='
  {   825,  14,  15,  18,    2,  -18 },   // 0x3E '>'
  {   852,  13,  22,  13,    0,  -21 },   // 0x3F '?'
  {   888,  24,  25,  28,    2,  -21 },   // 0x40 '@'
  {   963,  20,  22,  20,    0,  -21 },   // 0x41 'A'
  {  1018,  15,  22,  20,    3,  -21 },   // 0x42 'B'
  {  1060,  17,  22,  20,    2,  -21 },   // 0x43 'C'
  {  1107,  18,  22,  23,    3,  -21 },   // 0x44 'D'
  {  1157,  12,  22,  17,    3,  -21 },   // 0x45 'E'
  {  1190,  12,  22,  16,    3,  -21 },   // 0x46 'F'
  {  1223,  18,  22,  23,    2,  -21 },   // 0x47 'G'
  {  1273,  17,  22,  23,    3,  -21 },   // 0x48 'H'
  {  1320,   3,  22,   9,    3,  -21 },   // 0x49 'I'
  {  1329,   7,  28,   8,   -2,  -21 },   // 0x4A 'J'
  {  1354,  16,  22,  19,    3,  -21 },   // 0x4B 'K'
  {  1398,  12,  22,  16,    3,  -21 },   // 0x4C 'L'
  {  1431,  22,  22,  28,    3,  -21 },   // 0x4D 'M'
  {  1492,  17,  22,  23,    3,  -21 },   // 0x4E 'N'
  {  1539,  20,  22,  24,    2,  -21 },   // 0x4F 'O'
  {  1594,  14,  22,  19,    3,  -21 },   // 0x50 'P'
  {  1633,  20,  27,  24,    2,  -21 },   // 0x51 'Q'
  {  1701,  16,  22,  19,    3,  -21 },   // 0x52 'R'
  {  1745,  14,  22,  17,    2,  -21 },   // 0x53 'S'
  {  1784,  17,  22,  17,    0,  -21 },   // 0x54 'T'
  {  1831,  17,  22,  23,    3,  -21 },   // 0x55 'U'
  {  1878,  18,  22,  18,    0,  -21 },   // 0x56 'V'
  {  1928,  28,  22,  29,    0,  -21 },   // 0x57 'W'
  {  2005,  18,  22,  18,    0,  -21 },   // 0x58 'X'
  {  2055,  17,  22,  17,    0,  -21 },   // 0x59 'Y'
  {  2102,  16,  22,  18,    1,  -21 },   // 0x5A 'Z'
  {  2146,   6,  27,  10,    3,  -21 },   // 0x5B '['
  {  2167,  11,  22,  11,    0,  -21 },   // 0x5C '\'
  {  2198,   7,  27,  10,    1,  -21 },   // 0x5D ']'
  {  2222,  16,  14,  18,    1,  -21 },   // 0x5E '^'
  {  2250,  14,   2,  14,    0,    4 },   // 0x5F '_'
  {  2254,   6,   5,   9,    1,  -23 },   // 0x60 '`'
  {  2258,  14,  17,  17,    1,  -16 },   // 0x61 'a'
  {  2288,  14,  24,  19,    3,  -23 },   // 0x62 'b'
  {  2330,  12,  17,  15,    2,  -16 },   // 0x63 'c'
  {  2356,  14,  24,  19,    2,  -23 },   // 0x64 'd'
  {  2398,  14,  17,  17,    2,  -16 },   // 0x65 'e'
  {  2428,  12,  24,  10,    0,  -23 },   // 0x66 'f'
  {  2464,  16,  24,  17,    0,  -16 },   // 0x67 'g'
  {  2512,  13,  24,  19,    3,  -23 },   // 0x68 'h'
  {  2551,   3,  23,   8,    2,  -22 },   // 0x69 'i'
  {  2560,   7,  30,   8,   -2,  -22 },   // 0x6A 'j'
  {  2587,  13,  24,  16,    3,  -23 },   // 0x6B 'k'
  {  2626,   2,  24,   8,    3,  -23 },   // 0x6C 'l'
  {  2632,  23,  17,  29,    3,  -16 },   // 0x6D 'm'
  {  2681,  13,  17,  19,    3,  -16 },   // 0x6E 'n'
  {  2709,  15,  17,  19,    2,  -16 },   // 0x6F 'o'
  {  2741,  14,  24,  19,    3,  -16 },   // 0x70 'p'
  {  2783,  14,  24,  19,    2,  -16 },   // 0x71 'q'
  {  2825,   9,  17,  13,    3,  -16 },   // 0x72 'r'
  {  2845,  11,  17,  15,    2,  -16 },   // 0x73 's'
  {  2869,  10,  21,  11,    0,  -20 },   // 0x74 't'
  {  2896,  14,  17,  19,    2,  -16 },   // 0x75 'u'
  {  2926,  15,  17,  15,    0,  -16 },   // 0x76 'v'
  {  2958,  24,  17,  24,    0,  -16 },   // 0x77 'w'
  {  3009,  15,  17,  16,    1,  -16 },   // 0x78 'x'
  {  3041,  16,  24,  16,    0,  -16 },   // 0x79 'y'
  {  3089,  12,  17,  15,    1,  -16 },   // 0x7A 'z'
  {  3115,  10,  27,  12,    1,  -21 },   // 0x7B '{'
  {  3149,   3,  32,  17,    7,  -23 },   // 0x7C '|'
  {  3161,  10,  27,  12,    1,  -21 },   // 0x7D '}'
  {  3195,  14,   4,  18,    2,  -12 },   // 0x7E '~'
  {  3202,   1,   1,  19,    0,    0 },   // 0x7F
  {  3203,   1,   1,  19,    0,    0 },   // 0x80
  {  3204,   1,   1,  19,    0,    0 },   // 0x81
  {  3205,   1,   1,  19,    0,    0 },   // 0x82
  {  3206,   1,   1,  19,    0,    0 },   // 0x83
  {  3207,   1,   1,  19,    0,    0 },   // 0x84
  {  3208,   1,   1,  19,    0,    0 },   // 0x85
  {  3209,   1,   1,  19,    0,    0 },   // 0x86
  {  3210,   1,   1,  19,    0,    0 },   // 0x87
  {  3211,   1,   1,  19,    0,    0 },   // 0x88
  {  3212,   1,   1,  19,    0,    0 },   // 0x89
  {  3213,   1,   1,  19,    0,    0 },   // 0x8A
  {  3214,   1,   1,  19,    0,    0 },   // 0x8B
  {  3215,   1,   1,  19,    0,    0 },   // 0x8C
  {  3216,   1,   1,  19,    0,    0 },   // 0x8D
  {  3217,   1,   1,  19,    0,    0 },   // 0x8E
  {  3218,   1,   1,  19,    0,    0 },   // 0x8F
  {  3219,   1,   1,  19,    0,    0 },   // 0x90
  {  3220,   1,   1,  19,    0,    0 },   // 0x91
  {  3221,   1,   1,  19,    0,    0 },   // 0x92
  {  3222,   1,   1,  19,    0,    0 },   // 0x93
  {  3223,   1,   1,  19,    0,    0 },   // 0x94
  {  3224,   1,   1,  19,    0,    0 },   // 0x95
  {  3225,   1,   1,  19,    0,    0 },   // 0x96
  {  3226,   1,   1,  19,    0,    0 },   // 0x97
  {  3227,   1,   1,  19,    0,    0 },   // 0x98
  {  3228,   1,   1,  19,    0,    0 },   // 0x99
  {  3229,   1,   1,  19,    0,    0 },   // 0x9A
  {  3230,   1,   1,  19,    0,    0 },   // 0x9B
  {  3231,   1,   1,  19,    0,    0 },   // 0x9C
  {  3232,   1,   1,  19,    0,    0 },   // 0x9D
  {  3233,   1,   1,  19,    0,    0 },   // 0x9E
  {  3234,   1,   1,  19,    0,    0 },   // 0x9F
  {  3235,   1,   1,   8,    0,    0 },   // 0xA0
  {  3236,   4,  23,   8,    2,  -16 },   // 0xA1
  {  3248,  12,  23,  18,    3,  -22 },   // 0xA2
  {  3283,  16,  22,  18,    1,  -21 },   // 0xA3
  {  3327,  14,  14,  18,    2,  -17 },   // 0xA4
  {  3352,  17,  22,  18,    0,  -21 },   // 0xA5
  {  3399,   3,  32,  17,    7,  -23 },   // 0xA6
  {  3411,  12,  24,  16,    2,  -23 },   // 0xA7
  {  3447,   8,   3,  18,    5,  -22 },   // 0xA8
  {  3450,  22,  22,  26,    2,  -21 },   // 0xA9
  {  3511,   8,  10,  11,    1,  -21 },   // 0xAA
  {  3521,  13,  13,  15,    1,  -14 },   // 0xAB
  {  3543,  14,   8,  18,    2,  -11 },   // 0xAC
  {  3557,   8,   2,  10,    1,   -8 },   // 0xAD
  {  3559,  22,  22,  26,    2,  -21 },   // 0xAE
  {  3620,  16,   2,  16,    0,  -25 },   // 0xAF
  {  3624,  10,   9,  13,    2,  -21 },   // 0xB0
  {  3636,  14,  19,  18,    2,  -18 },   // 0xB1
  {  3670,   8,  13,  11,    1,  -25 },   // 0xB2
  {  3683,   9,  13,  11,    1,  -25 },   // 0xB3
  {  3698,   6,   5,   9,    1,  -23 },   // 0xB4
  {  3702,  14,  24,  19,    3,  -16 },   // 0xB5
  {  3744,  15,  28,  20,    2,  -23 },   // 0xB6
  {  3797,   4,   4,   8,    2,  -12 },   // 0xB7
  {  3799,   6,   7,   7,    0,    1 },   // 0xB8
  {  3805,   6,  13,  11,    1,  -25 },   // 0xB9
  {  3815,  10,  10,  12,    1,  -21 },   // 0xBA
  {  3828,  13,  13,  15,    1,  -14 },   // 0xBB
  {  3850,  22,  22,  23,    1,  -21 },   // 0xBC
  {  3911,  22,  22,  24,    1,  -21 },   // 0xBD
  {  3972,  24,  22,  24,    0,  -21 },   // 0xBE
  {  4038,  12,  23,  13,    1,  -16 },   // 0xBF
  {  4073,  20,  30,  20,    0,  -29 },   // 0xC0
  {  4148,  20,  30,  20,    0,  -29 },   // 0xC1
  {  4223,  20,  30,  20,    0,  -29 },   // 0xC2
  {  4298,  20,  29,  20,    0,  -28 },   // 0xC3
  {  4371,  20,  29,  20,    0,  -28 },   // 0xC4
  {  4444,  20,  28,  20,    0,  -27 },   // 0xC5
  {  4514,  25,  22,  27,    0,  -21 },   // 0xC6
  {  4583,  17,  29,  20,    2,  -21 },   // 0xC7
  {  4645,  12,  30,  17,    3,  -29 },   // 0xC8
  {  4690,  12,  30,  17,    3,  -29 },   // 0xC9
  {  4735,  12,  30,  17,    3,  -29 },   // 0xCA
  {  4780,  12,  29,  17,    3,  -28 },   // 0xCB
  {  4824,   6,  30,   9,    0,  -29 },   // 0xCC
  {  4847,   6,  30,   9,    2,  -29 },   // 0xCD
  {  4870,  10,  30,   9,   -1,  -29 },   // 0xCE
  {  4908,   8,  29,   9,    0,  -28 },   // 0xCF
  {  4937,  20,  22,  23,    1,  -21 },   // 0xD0
  {  4992,  17,  29,  23,    3,  -28 },   // 0xD1
  {  5054,  20,  30,  24,    2,  -29 },   // 0xD2
  {  5129,  20,  30,  24,    2,  -29 },   // 0xD3
  {  5204,  20,  30,  24,    2,  -29 },   // 0xD4
  {  5279,  20,  29,  24,    2,  -28 },   // 0xD5
  {  5352,  20,  29,  24,    2,  -28 },   // 0xD6
  {  5425,  14,  14,  18,    2,  -17 },   // 0xD7
  {  5450,  20,  24,  24,    2,  -22 },   // 0xD8
  {  5510,  17,  30,  23,    3,  -29 },   // 0xD9
  {  5574,  17,  30,  23,    3,  -29 },   // 0xDA
  {  5638,  17,  30,  23,    3,  -29 },   // 0xDB
  {  5702,  17,  29,  23,    3,  -28 },   // 0xDC
  {  5764,  17,  30,  17,    0,  -29 },   // 0xDD
  {  5828,  14,  22,  19,    3,  -21 },   // 0xDE
  {  5867,  15,  24,  19,    3,  -23 },   // 0xDF
  {  5912,  14,  24,  17,    1,  -23 },   // 0xE0
  {  5954,  14,  24,  17,    1,  -23 },   // 0xE1
  {  5996,  14,  24,  17,    1,  -23 },   // 0xE2
  {  6038,  14,  23,  17,    1,  -22 },   // 0xE3
  {  6079,  14,  23,  17,    1,  -22 },   // 0xE4
  {  6120,  14,  26,  17,    1,  -25 },   // 0xE5
  {  6166,  24,  17,  27,    1,  -16 },   // 0xE6
  {  6217,  12,  24,  15,    2,  -16 },   // 0xE7
  {  6253,  14,  24,  17,    2,  -23 },   // 0xE8
  {  6295,  14,  24,  17,    2,  -23 },   // 0xE9
  {  6337,  14,  24,  17,    2,  -23 },   // 0xEA
  {  6379,  14,  23,  17,    2,  -22 },   // 0xEB
  {  6420,   6,  24,   8,    0,  -23 },   // 0xEC
  {  6438,   6,  24,   8,    2,  -23 },   // 0xED
  {  6456,  10,  24,   8,   -1,  -23 },   // 0xEE
  {  6486,   8,  23,   8,    0,  -22 },   // 0xEF
  {  6509,  15,  24,  19,    2,  -23 },   // 0xF0
  {  6554,  13,  23,  19,    3,  -22 },   // 0xF1
  {  6592,  15,  24,  19,    2,  -23 },   // 0xF2
  {  6637,  15,  24,  19,    2,  -23 },   // 0xF3
  {  6682,  15,  24,  19,    2,  -23 },   // 0xF4
  {  6727,  15,  23,  19,    2,  -22 },   // 0xF5
  {  6771,  15,  23,  19,    2,  -22 },   // 0xF6
  {  6815,  14,  16,  18,    2,  -18 },   // 0xF7
  {  6843,  15,  19,  19,    2,  -17 },   // 0xF8
  {  6879,  14,  24,  19,    2,  -23 },   // 0xF9
  {  6921,  14,  24,  19,    2,  -23 },   // 0xFA
  {  6963,  14,  24,  19,    2,  -23 },   // 0xFB
  {  7005,  14,  23,  19,    2,  -22 },   // 0xFC
  {  7046,  16,  31,  16,    0,  -23 },   // 0xFD
  {  7108,  14,  31,  19,    3,  -23 },   // 0xFE
  {  7163,  16,  30,  16,    0,  -22 } }; // 0xFF

const GFXfont OpenSans_Regular16pt8b PROGMEM = {
  (uint8_t  *)OpenSans_Regular16pt8bBitmaps,
  (GFXglyph *)OpenSans_Regular16pt8bGlyphs,
  0x20, 0xFF, 43 };

// Approx. 8798 bytes

const uint8_t OpenSans_Bold9pt8bBitmaps[] PROGMEM = {
  0x00, 0xFF, 0xFF, 0xFF, 0x03, 0xFE, 0xEF, 0xBC, 0xF3, 0xCC, 0x0C, 0xC1,
  0x98, 0x32, 0x06, 0xC7, 0xFE, 0xFF, 0xC6, 0x60, 0xC8, 0xFF, 0xFF, 0xFC,
  0xCC, 0x19, 0x83, 0x20, 0x08, 0x1F, 0xBF, 0xDD, 0x2E, 0x87, 0xC1, 0xF8,
  0x1E, 0x0B, 0xC5, 0xFF, 0xDF, 0xC0, 0x80, 0x40, 0x70, 0x61, 0xF0, 0xC3,
  0x73, 0x06, 0xE6, 0x0D, 0xD8, 0x1B, 0xB7, 0x3E, 0xDF, 0x3B, 0xB7, 0x06,
  0x6E, 0x18, 0xDC, 0x31, 0xB8, 0xC3, 0xE1, 0x83, 0x80, 0x3E, 0x03, 0xF8,
  0x18, 0xC0, 0xC6, 0x07, 0x70, 0x1F, 0x01, 0xF1, 0xDD, 0xCC, 0xE7, 0xE7,
  0x1E, 0x38, 0xF1, 0xFF, 0xC3, 0xE7, 0x00, 0xFF, 0x6C, 0x33, 0x99, 0xCC,
  0x63, 0x18, 0xC6, 0x31, 0x8E, 0x31, 0xC6, 0xCE, 0x67, 0x33, 0x33, 0x33,
  0x33, 0x76, 0xEC, 0x18, 0x18, 0x99, 0xFF, 0x38, 0x3C, 0x6E, 0x24, 0x18,
  0x0C, 0x06, 0x1F, 0xFF, 0xF8, 0xC0, 0x60, 0x30, 0xFF, 0x60, 0xFF, 0xFF,
  0x80, 0x06, 0x1C, 0x30, 0x61, 0xC3, 0x06, 0x1C, 0x30, 0xE1, 0x83, 0x0E,
  0x00, 0x3C, 0x3F, 0x39, 0xDC, 0x6C, 0x3E, 0x1F, 0x0F, 0x87, 0xC3, 0xF1,
  0xB9, 0xCF, 0xC3, 0xC0, 0x0C, 0xF7, 0xFB, 0x4C, 0x30, 0xC3, 0x0C, 0x30,
  0xC3, 0x0C, 0x3E, 0x7F, 0xB9, 0xC0, 0x60, 0x30, 0x38, 0x38, 0x38, 0x38,
  0x38, 0x38, 0x1F, 0xFF, 0xF8, 0x7E, 0x7F, 0x91, 0xC0, 0x60, 0x71, 0xE0,
  0xF8, 0x0E, 0x03, 0x81, 0xE1, 0xDF, 0xEF, 0xC0, 0x03, 0x01, 0xC0, 0xF0,
  0x3C, 0x1B, 0x0C, 0xC7, 0x31, 0x8C, 0xFF, 0xFF, 0xF0, 0x30, 0x0C, 0x03,
  0x00, 0x7F, 0x7F, 0xE0, 0xE0, 0xE0, 0xFE, 0xFF, 0x07, 0x03, 0x03, 0x87,
  0xFF, 0xFC, 0x1F, 0x1F, 0x9C, 0x1C, 0x0C, 0x06, 0xF3, 0xFD, 0xC7, 0xC3,
  0xE1, 0xF9, 0xCF, 0xE3, 0xE0, 0xFF, 0xFF, 0xF0, 0x18, 0x0E, 0x03, 0x81,
  0xC0, 0x70, 0x38, 0x0E, 0x03, 0x01, 0xC0, 0x60, 0x38, 0x00, 0x3E, 0x7F,
  0xB9, 0xDC, 0x6E, 0x73, 0xF0, 0xF9, 0xFE, 0xC3, 0x61, 0xF8, 0xFF, 0xE7,
  0xE0, 0x3C, 0x7F, 0x39, 0xD8, 0x6C, 0x3F, 0x3F, 0xFE, 0xF7, 0x03, 0x03,
  0x83, 0xDF, 0xCF, 0x80, 0xFF, 0x80, 0x07, 0xFC, 0xFF, 0x80, 0x00, 0xFF,
  0x60, 0x01, 0x83, 0xC7, 0xCF, 0x0E, 0x07, 0xC0, 0x78, 0x0F, 0x01, 0x80,
  0xFF, 0xFF, 0xC0, 0x00, 0x0F, 0xFF, 0xFC, 0x80, 0x70, 0x1E, 0x03, 0xC0,
  0x78, 0x79, 0xF1, 0xC0, 0x80, 0x00, 0x7E, 0xFF, 0x47, 0x03, 0x07, 0x1E,
  0x18, 0x38, 0x00, 0x00, 0x38, 0x38, 0x38, 0x07, 0xC0, 0x7F, 0xC3, 0x03,
  0x99, 0xFF, 0x6F, 0xEF, 0x31, 0xBD, 0x86, 0xF6, 0x33, 0xD8, 0xCF, 0x63,
  0x3C, 0xFF, 0x99, 0xCE, 0x70, 0x00, 0xFF, 0x80, 0xFC, 0x00, 0x0F, 0x00,
  0xF0, 0x0F, 0x81, 0xD8, 0x1D, 0x81, 0x9C, 0x38, 0xC3, 0x8C, 0x3F, 0xE7,
  0xFE, 0x70, 0x76, 0x07, 0xE0, 0x70, 0xFE, 0x7F, 0xB1, 0xF8, 0x7C, 0x3F,
  0xFB, 0xFD, 0x87, 0xC3, 0xE1, 0xF1, 0xFF, 0xEF, 0xE0, 0x1F, 0x8F, 0xF7,
  0x99, 0xC0, 0xE0, 0x38, 0x0E, 0x03, 0x80, 0xE0, 0x1C, 0x07, 0x88, 0xFE,
  0x1F, 0x80, 0xFE, 0x3F, 0xCC, 0x7B, 0x07, 0xC1, 0xF0, 0x7C, 0x1F, 0x07,
  0xC1, 0xF0, 0x7C, 0x7B, 0xFC, 0xFC, 0x00, 0xFF, 0xFF, 0x06, 0x0C, 0x1F,
  0xFF, 0xE0, 0xC1, 0x83, 0x07, 0xFF, 0xE0, 0xFF, 0xFF, 0x06, 0x0C, 0x18,
  0x3F, 0xFF, 0xC1, 0x83, 0x06, 0x0C, 0x00, 0x0F, 0xC7, 0xF9, 0xE3, 0x38,
  0x0E, 0x01, 0xC0, 0x39, 0xFF, 0x3F, 0xE0, 0xEE, 0x1D, 0xE3, 0x9F, 0xF1,
  0xFC, 0xC1, 0xF0, 0x7C, 0x1F, 0x07, 0xC1, 0xFF, 0xFF, 0xFF, 0x07, 0xC1,
  0xF0, 0x7C, 0x1F, 0x07, 0xC1, 0xC0, 0xFF, 0xFF, 0xFF, 0xC0, 0x18, 0xC6,
  0x31, 0x8C, 0x63, 0x18, 0xC6, 0x31, 0x8C, 0xFF, 0xE0, 0xC3, 0xF0, 0xEC,
  0x73, 0x38, 0xDC, 0x37, 0x0F, 0xC3, 0xF8, 0xCE, 0x31, 0xCC, 0x73, 0x0E,
  0xC1, 0xC0, 0xC0, 0xC0, 0xC0, 0xC0, 0xC0, 0xC0, 0xC0, 0xC0, 0xC0, 0xC0,
  0xC0, 0xFF, 0xFF, 0xE0, 0x7F, 0x83, 0xFC, 0x1F, 0xE0, 0xFF, 0x8D, 0xEC,
  0x6F, 0x63, 0x7B, 0xB3, 0xCD, 0x9E, 0x6C, 0xF3, 0xC7, 0x8E, 0x3C, 0x71,
  0x80, 0xE0, 0x7E, 0x0F, 0xC1, 0xFC, 0x3D, 0xC7, 0xB8, 0xF3, 0x9E, 0x73,
  0xC7, 0x78, 0x7F, 0x0F, 0xE0, 0xFC, 0x1E, 0x1F, 0x83, 0xFE, 0x78, 0xE7,
  0x07, 0xE0, 0x7E, 0x07, 0xE0, 0x7E, 0x07, 0xE0, 0x77, 0x07, 0x79, 0xE3,
  0xFE, 0x1F, 0x80, 0xFE, 0x7F, 0xB1, 0xD8, 0x6C, 0x36, 0x3B, 0xFD, 0xF8,
  0xC0, 0x60, 0x30, 0x18, 0x0C, 0x00, 0x1F, 0x83, 0xFE, 0x78, 0xE7, 0x07,
  0xE0, 0x7E, 0x07, 0xE0, 0x7E, 0x07, 0xE0, 0x77, 0x07, 0x79, 0xE3, 0xFE,
  0x1F, 0x80, 0x1C, 0x00, 0xE0, 0x0F, 0xFC, 0x3F, 0xCC, 0x73, 0x0C, 0xC3,
  0x31, 0xCF, 0xE3, 0xF0, 0xCE, 0x31, 0xCC, 0x73, 0x0E, 0xC1, 0xC0, 0x3E,
  0x7F, 0xE2, 0xE0, 0xE0, 0x78, 0x3E, 0x1F, 0x07, 0x03, 0xC7, 0xFE, 0xFC,
  0xFF, 0xFF, 0xF0, 0xE0, 0x38, 0x0E, 0x03, 0x80, 0xE0, 0x38, 0x0E, 0x03,
  0x80, 0xE0, 0x38, 0x0E, 0x00, 0xC1, 0xF0, 0x7C, 0x1F, 0x07, 0xC1, 0xF0,
  0x7C, 0x1F, 0x07, 0xC1, 0xF8, 0x7F, 0x3D, 0xFE, 0x3E, 0x00, 0xE0, 0x76,
  0x0E, 0x70, 0xE7, 0x0E, 0x30, 0xC3, 0x1C, 0x39, 0xC1, 0x98, 0x1B, 0x81,
  0xF8, 0x0F, 0x00, 0xF0, 0x0E, 0x00, 0xE1, 0xC1, 0xF0, 0xE1, 0xD8, 0x78,
  0xEC, 0x3C, 0x77, 0x36, 0x33, 0x9B, 0x38, 0xCD, 0xDC, 0x6E, 0x6E, 0x3F,
  0x36, 0x1F, 0x1B, 0x07, 0x8F, 0x83, 0xC3, 0xC1, 0xE1, 0xC0, 0x70, 0xE7,
  0x0E, 0x39, 0xC3, 0x9C, 0x1F, 0x80, 0xF0, 0x0F, 0x01, 0xF0, 0x1F, 0x83,
  0x9C, 0x31, 0xC7, 0x0E, 0xE0, 0x70, 0xE0, 0xEE, 0x19, 0xC7, 0x1C, 0xC3,
  0xB8, 0x3E, 0x07, 0xC0, 0x70, 0x0E, 0x01, 0xC0, 0x38, 0x07, 0x00, 0xE0,
  0x7F, 0xDF, 0xF0, 0x38, 0x0E, 0x07, 0x03, 0x80, 0xE0, 0x70, 0x38, 0x0E,
  0x07, 0x03, 0xFF, 0xFF, 0xC0, 0xFF, 0xF9, 0xCE, 0x73, 0x9C, 0xE7, 0x39,
  0xCE, 0x73, 0xFF, 0xE0, 0xC1, 0x83, 0x83, 0x07, 0x06, 0x0C, 0x1C, 0x18,
  0x30, 0x70, 0x60, 0xFF, 0xCE, 0x73, 0x9C, 0xE7, 0x39, 0xCE, 0x73, 0x9F,
  0xFF, 0x0C, 0x03, 0x01, 0xE0, 0x78, 0x33, 0x0C, 0xE6, 0x19, 0x83, 0xFE,
  0xE3, 0x8E, 0x3E, 0x3F, 0x90, 0xC0, 0x73, 0xFF, 0xFF, 0x8F, 0xCF, 0xFF,
  0xBD, 0xC0, 0xE0, 0x38, 0x0E, 0x03, 0x80, 0xEF, 0x3F, 0xEF, 0x3B, 0x86,
  0xE1, 0xF8, 0x7E, 0x1B, 0xCE, 0xFF, 0xBB, 0xC0, 0x3E, 0x7E, 0xE2, 0xE0,
  0xE0, 0xE0, 0xE0, 0xE2, 0x7E, 0x3E, 0x03, 0x81, 0xC0, 0xE0, 0x73, 0xBB,
  0xFF, 0x8F, 0xC7, 0xE3, 0xF1, 0xF8, 0xFC, 0x77, 0xF9, 0xCC, 0x3E, 0x3F,
  0xB8, 0xDC, 0x7F, 0xFF, 0xFF, 0x81, 0xC0, 0x7F, 0x1F, 0x80, 0x1F, 0x3E,
  0x38, 0x38, 0x7E, 0xFE, 0x38, 0x38, 0x38, 0x38, 0x38, 0x38, 0x38, 0x38,
  0x3F, 0xDF, 0xF6, 0x39, 0x8E, 0x73, 0x9F, 0xC3, 0xE1, 0x80, 0x7F, 0x8F,
  0xFE, 0x1F, 0x07, 0xFF, 0x9F, 0xC0, 0xE0, 0x70, 0x38, 0x1C, 0x0E, 0xF7,
  0xFF, 0xCF, 0xC3, 0xE1, 0xF0, 0xF8, 0x7C, 0x3E, 0x1F, 0x0C, 0x5D, 0x8F,
  0xFF, 0xFF, 0xFF, 0xC0, 0x11, 0xC6, 0x03, 0x9C, 0xE7, 0x39, 0xCE, 0x73,
  0x9C, 0xE7, 0xFF, 0x80, 0xE0, 0x38, 0x0E, 0x03, 0x80, 0xE3, 0xB8, 0xEE,
  0x73, 0xB8, 0xFC, 0x3F, 0x8F, 0x73, 0x9C, 0xE3, 0xB8, 0x70, 0xFF, 0xFF,
  0xFF, 0xFF, 0xFF, 0xC0, 0xEF, 0x3D, 0xFF, 0xFF, 0xCF, 0x3F, 0x1C, 0x3E,
  0x18, 0x7C, 0x30, 0xF8, 0x61, 0xF0, 0xC3, 0xE1, 0x87, 0xC3, 0x0C, 0xEF,
  0x7F, 0xFC, 0xFC, 0x3E, 0x1F, 0x0F, 0x87, 0xC3, 0xE1, 0xF0, 0xC0, 0x3E,
  0x3F, 0xB8, 0xFC, 0x7E, 0x1F, 0x0F, 0x8F, 0xC7, 0x7F, 0x1F, 0x00, 0xEF,
  0x3F, 0xEF, 0x3B, 0x86, 0xE1, 0xF8, 0x7E, 0x1B, 0xCE, 0xFF, 0xBB, 0xCE,
  0x03, 0x80, 0xE0, 0x38, 0x00, 0x39, 0xBF, 0xF8, 0xFC, 0x7E, 0x3F, 0x1F,
  0x8F, 0xC7, 0x7F, 0x9D, 0xC0, 0xE0, 0x70, 0x38, 0x1C, 0xEF, 0xFF, 0xFF,
  0x8E, 0x1C, 0x38, 0x70, 0xE1, 0xC0, 0x7F, 0xFF, 0x07, 0x0F, 0xC7, 0xC3,
  0xC3, 0xFF, 0xF8, 0x30, 0x61, 0xFF, 0xF3, 0x06, 0x0C, 0x18, 0x30, 0x70,
  0xF8, 0xF0, 0xE1, 0xF0, 0xF8, 0x7C, 0x3E, 0x1F, 0x0F, 0x87, 0xE7, 0x7F,
  0x9E, 0xC0, 0xE1, 0xD8, 0x77, 0x19, 0xCE, 0x33, 0x8E, 0xC3, 0xF0, 0x78,
  0x1E, 0x03, 0x80, 0xE3, 0x8E, 0xC7, 0x9D, 0x8F, 0x3B, 0xB6, 0x67, 0x6D,
  0xC6, 0xCF, 0x8D, 0x9E, 0x1A, 0x3C, 0x1C, 0x78, 0x38, 0xF0, 0x71, 0xDC,
  0xE3, 0xB8, 0x7C, 0x1E, 0x07, 0x83, 0xF0, 0xEE, 0x73, 0xB8, 0x70, 0xE1,
  0xD8, 0x77, 0x19, 0xCE, 0x33, 0x8E, 0xC1, 0xF0, 0x78, 0x1E, 0x03, 0x80,
  0xC0, 0x70, 0x78, 0x1C, 0x00, 0x7F, 0x7F, 0x07, 0x0E, 0x1C, 0x18, 0x38,
  0x70, 0xFF, 0xFF, 0x1C, 0x71, 0x86, 0x18, 0x63, 0xBC, 0xF0, 0xE1, 0x86,
  0x18, 0x61, 0xC7, 0xFF, 0xFF, 0xFF, 0xFF, 0xF0, 0xE3, 0x87, 0x1C, 0x71,
  0xC7, 0x0F, 0x3D, 0xC7, 0x1C, 0x71, 0xCE, 0x38, 0xF0, 0xFF, 0xE3, 0xC0,
  0x00, 0x00, 0x00, 0x00, 0x00, 0x00, 0x00, 0x00, 0x00, 0x00, 0x00, 0x00,
  0x00, 0x00, 0x00, 0x00, 0x00, 0x00, 0x00, 0x00, 0x00, 0x00, 0x00, 0x00,
  0x00, 0x00, 0x00, 0x00, 0x00, 0x00, 0x00, 0x00, 0x00, 0x00, 0xFF, 0x81,
  0xFF, 0xFF, 0xFE, 0x0C, 0x1F, 0x7F, 0x70, 0xE0, 0xE0, 0xE0, 0xE0, 0xE0,
  0x71, 0x7F, 0x1F, 0x0C, 0x0C, 0x1F, 0x1F, 0x9C, 0x4E, 0x07, 0x07, 0xF3,
  0xF8, 0xE0, 0x70, 0x38, 0x38, 0x1F, 0xFF, 0xF8, 0x41, 0xFF, 0x7E, 0x66,
  0x43, 0x66, 0x7E, 0xFF, 0x41, 0xE1, 0xDC, 0x67, 0x38, 0xCC, 0x3F, 0x07,
  0x83, 0xF8, 0xFE, 0x0C, 0x0F, 0xE3, 0xF8, 0x30, 0x0C, 0x00, 0xFF, 0xFC,
  0x03, 0xFF, 0xF0, 0x7D, 0xFB, 0x07, 0x07, 0x9F, 0xB1, 0xE3, 0x7C, 0x78,
  0x38, 0x3F, 0xFF, 0x00, 0xED, 0xB0, 0x0F, 0x81, 0x87, 0x19, 0xEC, 0x99,
  0x29, 0x81, 0xCC, 0x06, 0x60, 0x33, 0x01, 0x98, 0x1A, 0x64, 0x99, 0xEC,
  0x61, 0xC0, 0xF8, 0x00, 0x79, 0x33, 0xDB, 0xCD, 0xD0, 0x11, 0x1D, 0xDD,
  0xDD, 0xCE, 0xE3, 0xB8, 0xEE, 0x22, 0xFF, 0xFF, 0xC0, 0x60, 0x30, 0x18,
  0xFF, 0x0F, 0x81, 0x87, 0x18, 0x0C, 0x9E, 0x28, 0x99, 0xC4, 0x46, 0x3E,
  0x31, 0x21, 0x89, 0x9A, 0x46, 0x98, 0x0C, 0x61, 0xC0, 0xF8, 0x00, 0xFF,
  0xFF, 0xC0, 0x7B, 0xFC, 0xF3, 0xFD, 0xE0, 0x18, 0x0C, 0x06, 0x1F, 0xFF,
  0xF8, 0xC0, 0x60, 0x30, 0x00, 0x7F, 0xFF, 0xE0, 0x79, 0xF0, 0xC7, 0x39,
  0xCF, 0xFF, 0xF7, 0xC6, 0x67, 0x0F, 0xFE, 0x73, 0x30, 0xE1, 0xF0, 0xF8,
  0x7C, 0x3E, 0x1F, 0x0F, 0x87, 0xE7, 0xFF, 0xFE, 0xF8, 0x1C, 0x0E, 0x07,
  0x00, 0x3F, 0xBF, 0xFF, 0x3F, 0x9F, 0xCF, 0xE7, 0xF2, 0xF9, 0x3C, 0x82,
  0x41, 0x20, 0x90, 0x48, 0x24, 0x12, 0x09, 0xFF, 0x80, 0x47, 0xFE, 0x37,
  0xF3, 0x33, 0x33, 0x39, 0xB4, 0x51, 0x6C, 0xE0, 0x46, 0x73, 0x1D, 0xC7,
  0x73, 0xBB, 0xBB, 0x98, 0x8C, 0x38, 0x30, 0xF0, 0xC1, 0x61, 0x80, 0xC6,
  0x01, 0x9C, 0x03, 0x33, 0x86, 0xC7, 0x0D, 0x96, 0x06, 0x2C, 0x0C, 0x98,
  0x33, 0x30, 0x67, 0xF1, 0x80, 0xC0, 0x38, 0x30, 0xF0, 0xC1, 0x61, 0x80,
  0xC6, 0x01, 0x9C, 0x03, 0x37, 0x86, 0xCF, 0x8D, 0x83, 0x06, 0x0E, 0x0C,
  0x38, 0x30, 0xE0, 0x63, 0xF1, 0x87, 0xE0, 0x70, 0x63, 0xE1, 0x81, 0x8C,
  0x06, 0x30, 0x71, 0x80, 0x66, 0x6F, 0xB3, 0xBF, 0xDE, 0x06, 0x58, 0x33,
  0x60, 0xC9, 0x86, 0x7F, 0x18, 0x18, 0x0C, 0x0F, 0x03, 0x00, 0x00, 0x00,
  0x60, 0x70, 0x70, 0x70, 0x30, 0x18, 0xCF, 0xE3, 0xE0, 0x1C, 0x00, 0xE0,
  0x07, 0x00, 0x00, 0x0F, 0x00, 0xF0, 0x0F, 0x81, 0xD8, 0x1D, 0x81, 0x9C,
  0x38, 0xC3, 0x8C, 0x3F, 0xE7, 0xFE, 0x70, 0x76, 0x07, 0xE0, 0x70, 0x03,
  0x80, 0x30, 0x06, 0x00, 0x00, 0x0F, 0x00, 0xF0, 0x0F, 0x81, 0xD8, 0x1D,
  0x81, 0x9C, 0x38, 0xC3, 0x8C, 0x3F, 0xE7, 0xFE, 0x70, 0x76, 0x07, 0xE0,
  0x70, 0x07, 0x00, 0xD8, 0x18, 0xC0, 0x00, 0x0F, 0x00, 0xF0, 0x0F, 0x81,
  0xD8, 0x1D, 0x81, 0x9C, 0x38, 0xC3, 0x8C, 0x3F, 0xE7, 0xFE, 0x70, 0x76,
  0x07, 0xE0, 0x70, 0x0C, 0x41, 0xFC, 0x13, 0x80, 0x00, 0x0F, 0x00, 0xF0,
  0x0F, 0x81, 0xD8, 0x1D, 0x81, 0x9C, 0x38, 0xC3, 0x8C, 0x3F, 0xE7, 0xFE,
  0x70, 0x76, 0x07, 0xE0, 0x70, 0x1D, 0x80, 0xD8, 0x00, 0x00, 0xF0, 0x0F,
  0x00, 0xF8, 0x1D, 0x81, 0xD8, 0x19, 0xC3, 0x8C, 0x38, 0xC3, 0xFE, 0x7F,
  0xE7, 0x07, 0x60, 0x7E, 0x07, 0x0E, 0x00, 0x90, 0x09, 0x00, 0xF0, 0x0F,
  0x00, 0xF8, 0x1D, 0x81, 0xD8, 0x19, 0xC3, 0x8C, 0x38, 0xC3, 0xFE, 0x7F,
  0xE7, 0x07, 0x60, 0x7E, 0x07, 0x03, 0xFF, 0x07, 0xFF, 0x06, 0xE0, 0x0E,
  0xE0, 0x0C, 0xE0, 0x1C, 0xFF, 0x1C, 0xFF, 0x38, 0xE0, 0x3F, 0xE0, 0x3F,
  0xE0, 0x70, 0xE0, 0x60, 0xFF, 0xE0, 0xFF, 0x1F, 0x8F, 0xF7, 0x99, 0xC0,
  0xE0, 0x38, 0x0E, 0x03, 0x80, 0xE0, 0x1C, 0x07, 0x88, 0xFE, 0x1F, 0x81,
  0x00, 0x70, 0x3C, 0x0E, 0x00, 0xE0, 0xE0, 0xE0, 0x0F, 0xFF, 0xF0, 0x60,
  0xC1, 0xFF, 0xFE, 0x0C, 0x18, 0x30, 0x7F, 0xFE, 0x1C, 0x30, 0xC0, 0x0F,
  0xFF, 0xF0, 0x60, 0xC1, 0xFF, 0xFE, 0x0C, 0x18, 0x30, 0x7F, 0xFE, 0x38,
  0xDB, 0x18, 0x0F, 0xFF, 0xF0, 0x60, 0xC1, 0xFF, 0xFE, 0x0C, 0x18, 0x30,
  0x7F, 0xFE, 0xEC, 0xD8, 0x07, 0xFF, 0xF8, 0x30, 0x60, 0xFF, 0xFF, 0x06,
  0x0C, 0x18, 0x3F, 0xFF, 0xE3, 0x8E, 0x01, 0x8C, 0x63, 0x18, 0xC6, 0x31,
  0x8C, 0x63, 0x18, 0x73, 0x30, 0x0C, 0x63, 0x18, 0xC6, 0x31, 0x8C, 0x63,
  0x18, 0xC0, 0x38, 0xDB, 0x18, 0x01, 0x83, 0x06, 0x0C, 0x18, 0x30, 0x60,
  0xC1, 0x83, 0x06, 0x0C, 0x18, 0xED, 0xB0, 0x0C, 0x30, 0xC3, 0x0C, 0x30,
  0xC3, 0x0C, 0x30, 0xC3, 0x0C, 0x3F, 0x83, 0xFC, 0x31, 0xE3, 0x07, 0x30,
  0x73, 0x07, 0xFC, 0x7F, 0xC7, 0x30, 0x73, 0x07, 0x31, 0xE3, 0xFC, 0x3F,
  0x00, 0x18, 0x87, 0xF0, 0x9C, 0x00, 0x0E, 0x07, 0xE0, 0xFC, 0x1F, 0xC3,
  0xDC, 0x7B, 0x8F, 0x39, 0xE7, 0x3C, 0x77, 0x87, 0xF0, 0xFE, 0x0F, 0xC1,
  0xE0, 0x1C, 0x00, 0xE0, 0x07, 0x00, 0x00, 0x1F, 0x83, 0xFE, 0x78, 0xE7,
  0x07, 0xE0, 0x7E, 0x07, 0xE0, 0x7E, 0x07, 0xE0, 0x77, 0x07, 0x79, 0xE3,
  0xFE, 0x1F, 0x80, 0x03, 0x80, 0x30, 0x06, 0x00, 0x00, 0x1F, 0x83, 0xFE,
  0x78, 0xE7, 0x07, 0xE0, 0x7E, 0x07, 0xE0, 0x7E, 0x07, 0xE0, 0x77, 0x07,
  0x79, 0xE3, 0xFE, 0x1F, 0x80, 0x07, 0x00, 0xD8, 0x18, 0xC0, 0x00, 0x1F,
  0x83, 0xFE, 0x78, 0xE7, 0x07, 0xE0, 0x7E, 0x07, 0xE0, 0x7E, 0x07, 0xE0,
  0x77, 0x07, 0x79, 0xE3, 0xFE, 0x1F, 0x80, 0x0C, 0x41, 0xFC, 0x13, 0x80,
  0x00, 0x1F, 0x83, 0xFE, 0x78, 0xE7, 0x07, 0xE0, 0x7E, 0x07, 0xE0, 0x7E,
  0x07, 0xE0, 0x77, 0x07, 0x79, 0xE3, 0xFE, 0x1F, 0x80, 0x1D, 0x80, 0xD8,
  0x00, 0x01, 0xF8, 0x3F, 0xE7, 0x8E, 0x70, 0x7E, 0x07, 0xE0, 0x7E, 0x07,
  0xE0, 0x7E, 0x07, 0x70, 0x77, 0x9E, 0x3F, 0xE1, 0xF8, 0x42, 0xE7, 0x7E,
  0x3C, 0x3C, 0x7E, 0xE7, 0x42, 0x00, 0x21, 0xFE, 0x3F, 0xE7, 0x8E, 0x71,
  0xFE, 0x1F, 0xE3, 0x7E, 0x67, 0xEE, 0x7E, 0xC7, 0x78, 0x77, 0x9E, 0x3F,
  0xE7, 0xF8, 0x20, 0x00, 0x38, 0x07, 0x00, 0xE0, 0x00, 0xC1, 0xF0, 0x7C,
  0x1F, 0x07, 0xC1, 0xF0, 0x7C, 0x1F, 0x07, 0xC1, 0xF8, 0x7F, 0x3D, 0xFE,
  0x3E, 0x00, 0x0E, 0x03, 0x01, 0x80, 0x00, 0xC1, 0xF0, 0x7C, 0x1F, 0x07,
  0xC1, 0xF0, 0x7C, 0x1F, 0x07, 0xC1, 0xF8, 0x7F, 0x3D, 0xFE, 0x3E, 0x00,
  0x1C, 0x0D, 0x86, 0x30, 0x00, 0xC1, 0xF0, 0x7C, 0x1F, 0x07, 0xC1, 0xF0,
  0x7C, 0x1F, 0x07, 0xC1, 0xF8, 0x7F, 0x3D, 0xFE, 0x3E, 0x00, 0x76, 0x0D,
  0x80, 0x03, 0x07, 0xC1, 0xF0, 0x7C, 0x1F, 0x07, 0xC1, 0xF0, 0x7C, 0x1F,
  0x07, 0xE1, 0xFC, 0xF7, 0xF8, 0xF8, 0x07, 0x00, 0xC0, 0x30, 0x00, 0x0E,
  0x0E, 0xE1, 0x9C, 0x71, 0xCC, 0x3B, 0x83, 0xE0, 0x7C, 0x07, 0x00, 0xE0,
  0x1C, 0x03, 0x80, 0x70, 0x0E, 0x00, 0xC0, 0x60, 0x3F, 0x9F, 0xEC, 0x76,
  0x1B, 0x0D, 0x8E, 0xFF, 0x7E, 0x30, 0x18, 0x0C, 0x00, 0x1F, 0x0F, 0xF9,
  0xC7, 0x70, 0xEE, 0x19, 0xCE, 0x39, 0x87, 0x38, 0xE3, 0xDC, 0x3F, 0x83,
  0xF4, 0x7E, 0xFF, 0xCF, 0x80, 0x70, 0x1C, 0x07, 0x00, 0x03, 0xE3, 0xF9,
  0x0C, 0x07, 0x3F, 0xFF, 0xF8, 0xFC, 0xFF, 0xFB, 0xDC, 0x0E, 0x06, 0x06,
  0x00, 0x03, 0xE3, 0xF9, 0x0C, 0x07, 0x3F, 0xFF, 0xF8, 0xFC, 0xFF, 0xFB,
  0xDC, 0x1C, 0x1B, 0x18, 0xC0, 0x03, 0xE3, 0xF9, 0x0C, 0x07, 0x3F, 0xFF,
  0xF8, 0xFC, 0xFF, 0xFB, 0xDC, 0x31, 0x3F, 0x93, 0x80, 0x03, 0xE3, 0xF9,
  0x0C, 0x07, 0x3F, 0xFF, 0xF8, 0xFC, 0xFF, 0xFB, 0xDC, 0x76, 0x1B, 0x00,
  0x07, 0xC7, 0xF2, 0x18, 0x0E, 0x7F, 0xFF, 0xF1, 0xF9, 0xFF, 0xF7, 0xB8,
  0x1C, 0x09, 0x04, 0x83, 0x80, 0x01, 0xF1, 0xFC, 0x86, 0x03, 0x9F, 0xFF,
  0xFC, 0x7E, 0x7F, 0xFD, 0xEE, 0x3E, 0xF8, 0xFF, 0xF9, 0x0E, 0x30, 0x7C,
  0x77, 0xFF, 0xFC, 0x7F, 0xF8, 0xC0, 0x73, 0xC0, 0xFF, 0xFC, 0xF1, 0xF8,
  0x3E, 0x7E, 0xE2, 0xE0, 0xE0, 0xE0, 0xE0, 0xE2, 0x7E, 0x3E, 0x08, 0x0E,
  0x1E, 0x1C, 0x70, 0x1C, 0x07, 0x00, 0x03, 0xE3, 0xFB, 0x8D, 0xC7, 0xFF,
  0xFF, 0xF8, 0x1C, 0x07, 0xF1, 0xF8, 0x0E, 0x06, 0x06, 0x00, 0x03, 0xE3,
  0xFB, 0x8D, 0xC7, 0xFF, 0xFF, 0xF8, 0x1C, 0x07, 0xF1, 0xF8, 0x1C, 0x1B,
  0x18, 0xC0, 0x03, 0xE3, 0xFB, 0x8D, 0xC7, 0xFF, 0xFF, 0xF8, 0x1C, 0x07,
  0xF1, 0xF8, 0x76, 0x1B, 0x00, 0x07, 0xC7, 0xF7, 0x1B, 0x8F, 0xFF, 0xFF,
  0xF0, 0x38, 0x0F, 0xE3, 0xF0, 0xE3, 0x8E, 0x07, 0x39, 0xCE, 0x73, 0x9C,
  0xE7, 0x38, 0x73, 0x30, 0x0E, 0x73, 0x9C, 0xE7, 0x39, 0xCE, 0x70, 0x38,
  0xDB, 0x18, 0x03, 0x87, 0x0E, 0x1C, 0x38, 0x70, 0xE1, 0xC3, 0x87, 0x00,
  0xED, 0xB0, 0x0E, 0x38, 0xE3, 0x8E, 0x38, 0xE3, 0x8E, 0x38, 0x13, 0x1F,
  0x87, 0x87, 0xE0, 0x31, 0xFD, 0xFF, 0xC7, 0xE1, 0xF0, 0xF8, 0xFC, 0x77,
  0xF1, 0xF0, 0x18, 0x9F, 0xC9, 0xC0, 0x0E, 0xF7, 0xFF, 0xCF, 0xC3, 0xE1,
  0xF0, 0xF8, 0x7C, 0x3E, 0x1F, 0x0C, 0x70, 0x1C, 0x07, 0x00, 0x03, 0xE3,
  0xFB, 0x8F, 0xC7, 0xE1, 0xF0, 0xF8, 0xFC, 0x77, 0xF1, 0xF0, 0x0E, 0x06,
  0x06, 0x00, 0x03, 0xE3, 0xFB, 0x8F, 0xC7, 0xE1, 0xF0, 0xF8, 0xFC, 0x77,
  0xF1, 0xF0, 0x1C, 0x1B, 0x18, 0xC0, 0x03, 0xE3, 0xFB, 0x8F, 0xC7, 0xE1,
  0xF0, 0xF8, 0xFC, 0x77, 0xF1, 0xF0, 0x31, 0x3F, 0x93, 0x80, 0x03, 0xE3,
  0xFB, 0x8F, 0xC7, 0xE1, 0xF0, 0xF8, 0xFC, 0x77, 0xF1, 0xF0, 0x76, 0x1B,
  0x00, 0x07, 0xC7, 0xF7, 0x1F, 0x8F, 0xC3, 0xE1, 0xF1, 0xF8, 0xEF, 0xE3,
  0xE0, 0x08, 0x0C, 0x06, 0x00, 0x0F, 0xFF, 0xFC, 0x00, 0x30, 0x18, 0x0C,
  0x00, 0x01, 0x1F, 0x9F, 0xDC, 0xFE, 0x7F, 0x6F, 0xE7, 0xF7, 0xF3, 0xBF,
  0x9F, 0x88, 0x00, 0x38, 0x0E, 0x03, 0x80, 0x0E, 0x1F, 0x0F, 0x87, 0xC3,
  0xE1, 0xF0, 0xF8, 0x7E, 0x77, 0xF9, 0xEC, 0x07, 0x03, 0x03, 0x00, 0x0E,
  0x1F, 0x0F, 0x87, 0xC3, 0xE1, 0xF0, 0xF8, 0x7E, 0x77, 0xF9, 0xEC, 0x1C,
  0x1B, 0x18, 0xC0, 0x0E, 0x1F, 0x0F, 0x87, 0xC3, 0xE1, 0xF0, 0xF8, 0x7E,
  0x77, 0xF9, 0xEC, 0x76, 0x1B, 0x00, 0x1C, 0x3E, 0x1F, 0x0F, 0x87, 0xC3,
  0xE1, 0xF0, 0xFC, 0xEF, 0xF3, 0xD8, 0x07, 0x01, 0x80, 0xC0, 0x00, 0xE1,
  0xD8, 0x77, 0x19, 0xCE, 0x33, 0x8E, 0xC1, 0xF0, 0x78, 0x1E, 0x03, 0x80,
  0xC0, 0x70, 0x78, 0x1C, 0x00, 0xE0, 0x38, 0x0E, 0x03, 0x80, 0xEF, 0x3F,
  0xEF, 0x3B, 0x86, 0xE1, 0xF8, 0x7E, 0x1B, 0xCE, 0xFF, 0xBB, 0xCE, 0x03,
  0x80, 0xE0, 0x38, 0x00, 0x3B, 0x06, 0xC0, 0x03, 0x87, 0x61, 0xDC, 0x67,
  0x38, 0xCE, 0x3B, 0x07, 0xC1, 0xE0, 0x78, 0x0E, 0x03, 0x01, 0xC1, 0xE0,
  0x70, 0x00 };

const GFXglyph OpenSans_Bold9pt8bGlyphs[] PROGMEM = {
  {     0,   1,   1,   5,    0,    0 },   // 0x20 ' '
  {     1,   3,  13,   5,    1,  -12 },   // 0x21 '!'
  {     6,   6,   5,   9,    1,  -12 },   // 0x22 '"'
  {    10,  11,  13,  12,    0,  -12 },   // 0x23 '#'
  {    28,   9,  14,  10,    1,  -12 },   // 0x24 '$'
  {    44,  15,  13,  16,    1,  -12 },   // 0x25 '%'
  {    69,  13,  13,  14,    1,  -12 },   // 0x26 '&'
  {    91,   3,   5,   5,    1,  -12 },   // 0x27 '''
  {    93,   5,  16,   6,    1,  -12 },   // 0x28 '('
  {   103,   4,  16,   6,    1,  -12 },   // 0x29 ')'
  {   111,   8,   8,  10,    1,  -13 },   // 0x2A '*'
  {   119,   9,   8,  10,    1,   -9 },   // 0x2B '+'
  {   128,   3,   4,   5,    1,   -1 },   // 0x2C ','
  {   130,   4,   2,   6,    1,   -5 },   // 0x2D '-'
  {   131,   3,   3,   5,    1,   -2 },   // 0x2E '.'
  {   133,   7,  13,   7,    0,  -12 },   // 0x2F '/'
  {   145,   9,  13,  10,    1,  -12 },   // 0x30 '0'
  {   160,   6,  13,  10,    1,  -12 },   // 0x31 '1'
  {   170,   9,  13,  10,    1,  -12 },   // 0x32 '2'
  {   185,   9,  13,  10,    1,  -12 },   // 0x33 '3'
  {   200,  10,  13,  10,    0,  -12 },   // 0x34 '4'
  {   217,   8,  13,  10,    1,  -12 },   // 0x35 '5'
  {   230,   9,  13,  10,    1,  -12 },   // 0x36 '6'
  {   245,  10,  13,  10,    0,  -12 },   // 0x37 '7'
  {   262,   9,  13,  10,    1,  -12 },   // 0x38 '8'
  {   277,   9,  13,  10,    1,  -12 },   // 0x39 '9'
  {   292,   3,  10,   5,    1,   -9 },   // 0x3A ':'
  {   296,   3,  12,   5,    1,   -9 },   // 0x3B ';'
  {   301,   9,   9,  10,    1,  -10 },   // 0x3C '<'
  {   312,   9,   6,  10,    1,   -9 },   // 0x3D '='
  {   319,   9,   9,  10,    1,  -10 },   // 0x3E '>'
  {   330,   8,  13,   9,    0,  -12 },   // 0x3F '?'
  {   343,  14,  15,  16,    1,  -12 },   // 0x40 '@'
  {   370,  12,  13,  12,    0,  -12 },   // 0x41 'A'
  {   390,   9,  13,  12,    2,  -12 },   // 0x42 'B'
  {   405,  10,  13,  11,    1,  -12 },   // 0x43 'C'
  {   422,  10,  13,  13,    2,  -12 },   // 0x44 'D'
  {   439,   7,  13,  10,    2,  -12 },   // 0x45 'E'
  {   451,   7,  13,  10,    2,  -12 },   // 0x46 'F'
  {   463,  11,  13,  13,    1,  -12 },   // 0x47 'G'
  {   481,  10,  13,  14,    2,  -12 },   // 0x48 'H'
  {   498,   2,  13,   6,    2,  -12 },   // 0x49 'I'
  {   502,   5,  17,   6,   -1,  -12 },   // 0x4A 'J'
  {   513,  10,  13,  12,    2,  -12 },   // 0x4B 'K'
  {   530,   8,  13,  10,    2,  -12 },   // 0x4C 'L'
  {   543,  13,  13,  17,    2,  -12 },   // 0x4D 'M'
  {   565,  11,  13,  15,    2,  -12 },   // 0x4E 'N'
  {   583,  12,  13,  14,    1,  -12 },   // 0x4F 'O'
  {   603,   9,  13,  11,    2,  -12 },   // 0x50 'P'
  {   618,  12,  16,  14,    1,  -12 },   // 0x51 'Q'
  {   642,  10,  13,  12,    2,  -12 },   // 0x52 'R'
  {   659,   8,  13,  10,    1,  -12 },   // 0x53 'S'
  {   672,  10,  13,  10,    0,  -12 },   // 0x54 'T'
  {   689,  10,  13,  14,    2,  -12 },   // 0x55 'U'
  {   706,  12,  13,  12,    0,  -12 },   // 0x56 'V'
  {   726,  17,  13,  17,    0,  -12 },   // 0x57 'W'
  {   754,  12,  13,  12,    0,  -12 },   // 0x58 'X'
  {   774,  11,  13,  11,    0,  -12 },   // 0x59 'Y'
  {   792,  10,  13,  10,    0,  -12 },   // 0x5A 'Z'
  {   809,   5,  16,   6,    1,  -12 },   // 0x5B '['
  {   819,   7,  13,   7,    0,  -12 },   // 0x5C '\'
  {   831,   5,  16,   6,    0,  -12 },   // 0x5D ']'
  {   841,  10,   8,  10,    0,  -12 },   // 0x5E '^'
  {   851,   7,   1,   7,    0,    3 },   // 0x5F '_'
  {   852,   5,   3,   7,    1,  -13 },   // 0x60 '`'
  {   854,   9,  10,  11,    1,   -9 },   // 0x61 'a'
  {   866,  10,  14,  11,    1,  -13 },   // 0x62 'b'
  {   884,   8,  10,   9,    1,   -9 },   // 0x63 'c'
  {   894,   9,  14,  11,    1,  -13 },   // 0x64 'd'
  {   910,   9,  10,  11,    1,   -9 },   // 0x65 'e'
  {   922,   8,  14,   7,    0,  -13 },   // 0x66 'f'
  {   936,  10,  14,  10,    0,   -9 },   // 0x67 'g'
  {   954,   9,  14,  12,    1,  -13 },   // 0x68 'h'
  {   970,   3,  14,   6,    1,  -13 },   // 0x69 'i'
  {   976,   5,  18,   6,   -1,  -13 },   // 0x6A 'j'
  {   988,  10,  14,  11,    1,  -13 },   // 0x6B 'k'
  {  1006,   3,  14,   6,    1,  -13 },   // 0x6C 'l'
  {  1012,  15,  10,  18,    1,   -9 },   // 0x6D 'm'
  {  1031,   9,  10,  12,    1,   -9 },   // 0x6E 'n'
  {  1043,   9,  10,  11,    1,   -9 },   // 0x6F 'o'
  {  1055,  10,  14,  11,    1,   -9 },   // 0x70 'p'
  {  1073,   9,  14,  11,    1,   -9 },   // 0x71 'q'
  {  1089,   7,  10,   8,    1,   -9 },   // 0x72 'r'
  {  1098,   7,  10,   9,    1,   -9 },   // 0x73 's'
  {  1107,   7,  12,   8,    0,  -11 },   // 0x74 't'
  {  1118,   9,  10,  12,    1,   -9 },   // 0x75 'u'
  {  1130,  10,  10,  10,    0,   -9 },   // 0x76 'v'
  {  1143,  15,  10,  15,    0,   -9 },   // 0x77 'w'
  {  1162,  10,  10,  10,    0,   -9 },   // 0x78 'x'
  {  1175,  10,  14,  10,    0,   -9 },   // 0x79 'y'
  {  1193,   8,  10,   9,    0,   -9 },   // 0x7A 'z'
  {  1203,   6,  16,   7,    0,  -12 },   // 0x7B '{'
  {  1215,   2,  18,  10,    4,  -13 },   // 0x7C '|'
  {  1220,   6,  16,   7,    1,  -12 },   // 0x7D '}'
  {  1232,   9,   3,  10,    1,   -7 },   // 0x7E '~'
  {  1236,   1,   1,  11,    0,    0 },   // 0x7F
  {  1237,   1,   1,  11,    0,    0 },   // 0x80
  {  1238,   1,   1,  11,    0,    0 },   // 0x81
  {  1239,   1,   1,  11,    0,    0 },   // 0x82
  {  1240,   1,   1,  11,    0,    0 },   // 0x83
  {  1241,   1,   1,  11,    0,    0 },   // 0x84
  {  1242,   1,   1,  11,    0,    0 },   // 0x85
  {  1243,   1,   1,  11,    0,    0 },   // 0x86
  {  1244,   1,   1,  11,    0,    0 },   // 0x87
  {  1245,   1,   1,  11,    0,    0 },   // 0x88
  {  1246,   1,   1,  11,    0,    0 },   // 0x89
  {  1247,   1,   1,  11,    0,    0 },   // 0x8A
  {  1248,   1,   1,  11,    0,    0 },   // 0x8B
  {  1249,   1,   1,  11,    0,    0 },   // 0x8C
  {  1250,   1,   1,  11,    0,    0 },   // 0x8D
  {  1251,   1,   1,  11,    0,    0 },   // 0x8E
  {  1252,   1,   1,  11,    0,    0 },   // 0x8F
  {  1253,   1,   1,  11,    0,    0 },   // 0x90
  {  1254,   1,   1,  11,    0,    0 },   // 0x91
  {  1255,   1,   1,  11,    0,    0 },   // 0x92
  {  1256,   1,   1,  11,    0,    0 },   // 0x93
  {  1257,   1,   1,  11,    0,    0 },   // 0x94
  {  1258,   1,   1,  11,    0,    0 },   // 0x95
  {  1259,   1,   1,  11,    0,    0 },   // 0x96
  {  1260,   1,   1,  11,    0,    0 },   // 0x97
  {  1261,   1,   1,  11,    0,    0 },   // 0x98
  {  1262,   1,   1,  11,    0,    0 },   // 0x99
  {  1263,   1,   1,  11,    0,    0 },   // 0x9A
  {  1264,   1,   1,  11,    0,    0 },   // 0x9B
  {  1265,   1,   1,  11,    0,    0 },   // 0x9C
  {  1266,   1,   1,  11,    0,    0 },   // 0x9D
  {  1267,   1,   1,  11,    0,    0 },   // 0x9E
  {  1268,   1,   1,  11,    0,    0 },   // 0x9F
  {  1269,   1,   1,   5,    0,    0 },   // 0xA0
  {  1270,   3,  13,   5,    1,   -9 },   // 0xA1
  {  1275,   8,  14,  10,    1,  -12 },   // 0xA2
  {  1289,   9,  13,  10,    1,  -12 },   // 0xA3
  {  1304,   8,   9,  10,    1,  -10 },   // 0xA4
  {  1313,  10,  13,  10,    0,  -12 },   // 0xA5
  {  1330,   2,  18,  10,    4,  -13 },   // 0xA6
  {  1335,   7,  14,   9,    1,  -13 },   // 0xA7
  {  1348,   6,   2,  11,    2,  -12 },   // 0xA8
  {  1350,  13,  13,  15,    1,  -12 },   // 0xA9
  {  1372,   6,   6,   7,    0,  -12 },   // 0xAA
  {  1377,   9,   8,  11,    1,   -8 },   // 0xAB
  {  1386,   9,   5,  10,    1,   -6 },   // 0xAC
  {  1392,   4,   2,   6,    1,   -5 },   // 0xAD
  {  1393,  13,  13,  15,    1,  -12 },   // 0xAE
  {  1415,   9,   2,   9,    0,  -15 },   // 0xAF
  {  1418,   6,   6,   8,    1,  -12 },   // 0xB0
  {  1423,   9,  11,  10,    1,  -10 },   // 0xB1
  {  1436,   6,   8,   7,    0,  -14 },   // 0xB2
  {  1442,   5,   8,   7,    1,  -14 },   // 0xB3
  {  1447,   5,   3,   7,    1,  -13 },   // 0xB4
  {  1449,   9,  14,  12,    1,   -9 },   // 0xB5
  {  1465,   9,  16,  12,    1,  -13 },   // 0xB6
  {  1483,   3,   3,   5,    1,   -7 },   // 0xB7
  {  1485,   4,   4,   4,    0,    1 },   // 0xB8
  {  1487,   4,   8,   7,    1,  -14 },   // 0xB9
  {  1491,   6,   6,   7,    0,  -12 },   // 0xBA
  {  1496,   9,   8,  11,    1,   -8 },   // 0xBB
  {  1505,  15,  13,  15,    0,  -12 },   // 0xBC
  {  1530,  15,  13,  16,    0,  -12 },   // 0xBD
  {  1555,  14,  13,  15,    1,  -12 },   // 0xBE
  {  1578,   9,  13,   9,    0,   -9 },   // 0xBF
  {  1593,  12,  17,  12,    0,  -16 },   // 0xC0
  {  1619,  12,  17,  12,    0,  -16 },   // 0xC1
  {  1645,  12,  17,  12,    0,  -16 },   // 0xC2
  {  1671,  12,  17,  12,    0,  -16 },   // 0xC3
  {  1697,  12,  16,  12,    0,  -15 },   // 0xC4
  {  1721,  12,  16,  12,    0,  -15 },   // 0xC5
  {  1745,  16,  13,  17,    0,  -12 },   // 0xC6
  {  1771,  10,  17,  11,    1,  -12 },   // 0xC7
  {  1793,   7,  17,  10,    2,  -16 },   // 0xC8
  {  1808,   7,  17,  10,    2,  -16 },   // 0xC9
  {  1823,   7,  17,  10,    2,  -16 },   // 0xCA
  {  1838,   7,  16,  10,    2,  -15 },   // 0xCB
  {  1852,   5,  17,   6,   -1,  -16 },   // 0xCC
  {  1863,   5,  17,   6,    2,  -16 },   // 0xCD
  {  1874,   7,  17,   6,   -1,  -16 },   // 0xCE
  {  1889,   6,  16,   6,    0,  -15 },   // 0xCF
  {  1901,  12,  13,  13,    0,  -12 },   // 0xD0
  {  1921,  11,  17,  15,    2,  -16 },   // 0xD1
  {  1945,  12,  17,  14,    1,  -16 },   // 0xD2
  {  1971,  12,  17,  14,    1,  -16 },   // 0xD3
  {  1997,  12,  17,  14,    1,  -16 },   // 0xD4
  {  2023,  12,  17,  14,    1,  -16 },   // 0xD5
  {  2049,  12,  16,  14,    1,  -15 },   // 0xD6
  {  2073,   8,   8,  10,    1,   -9 },   // 0xD7
  {  2081,  12,  15,  14,    1,  -13 },   // 0xD8
  {  2104,  10,  17,  14,    2,  -16 },   // 0xD9
  {  2126,  10,  17,  14,    2,  -16 },   // 0xDA
  {  2148,  10,  17,  14,    2,  -16 },   // 0xDB
  {  2170,  10,  16,  14,    2,  -15 },   // 0xDC
  {  2190,  11,  17,  11,    0,  -16 },   // 0xDD
  {  2214,   9,  13,  11,    2,  -12 },   // 0xDE
  {  2229,  11,  14,  13,    1,  -13 },   // 0xDF
  {  2249,   9,  14,  11,    1,  -13 },   // 0xE0
  {  2265,   9,  14,  11,    1,  -13 },   // 0xE1
  {  2281,   9,  14,  11,    1,  -13 },   // 0xE2
  {  2297,   9,  14,  11,    1,  -13 },   // 0xE3
  {  2313,   9,  13,  11,    1,  -12 },   // 0xE4
  {  2328,   9,  15,  11,    1,  -14 },   // 0xE5
  {  2345,  15,  10,  17,    1,   -9 },   // 0xE6
  {  2364,   8,  14,   9,    1,   -9 },   // 0xE7
  {  2378,   9,  14,  11,    1,  -13 },   // 0xE8
  {  2394,   9,  14,  11,    1,  -13 },   // 0xE9
  {  2410,   9,  14,  11,    1,  -13 },   // 0xEA
  {  2426,   9,  13,  11,    1,  -12 },   // 0xEB
  {  2441,   5,  14,   6,    0,  -13 },   // 0xEC
  {  2450,   5,  14,   6,    1,  -13 },   // 0xED
  {  2459,   7,  14,   6,   -1,  -13 },   // 0xEE
  {  2472,   6,  13,   6,   -1,  -12 },   // 0xEF
  {  2482,   9,  14,  11,    1,  -13 },   // 0xF0
  {  2498,   9,  14,  12,    1,  -13 },   // 0xF1
  {  2514,   9,  14,  11,    1,  -13 },   // 0xF2
  {  2530,   9,  14,  11,    1,  -13 },   // 0xF3
  {  2546,   9,  14,  11,    1,  -13 },   // 0xF4
  {  2562,   9,  14,  11,    1,  -13 },   // 0xF5
  {  2578,   9,  13,  11,    1,  -12 },   // 0xF6
  {  2593,   9,  10,  10,    1,  -10 },   // 0xF7
  {  2605,   9,  12,  11,    1,  -10 },   // 0xF8
  {  2619,   9,  14,  12,    1,  -13 },   // 0xF9
  {  2635,   9,  14,  12,    1,  -13 },   // 0xFA
  {  2651,   9,  14,  12,    1,  -13 },   // 0xFB
  {  2667,   9,  13,  12,    1,  -12 },   // 0xFC
  {  2682,  10,  18,  10,    0,  -13 },   // 0xFD
  {  2705,  10,  18,  11,    1,  -13 },   // 0xFE
  {  2728,  10,  17,  10,    0,  -12 } }; // 0xFF

const GFXfont OpenSans_Bold9pt8b PROGMEM = {
  (uint8_t  *)OpenSans_Bold9pt8bBitmaps,
  (GFXglyph *)OpenSans_Bold9pt8bGlyphs,
  0x20, 0xFF, 24 };

// Approx. 4325 bytes

const uint8_t OpenSans_Bold10pt8bBitmaps[] PROGMEM = {
  0x00, 0xFE, 0xEE, 0xEE, 0x66, 0x60, 0x0E, 0xF6, 0xEF, 0xCF, 0x9B, 0x36,
  0x60, 0x06, 0x60, 0xE6, 0x0C, 0xC0, 0xCC, 0x7F, 0xF7, 0xFF, 0x1C, 0xC1,
  0x98, 0xFF, 0xFF, 0xFF, 0x19, 0x83, 0xB8, 0x33, 0x03, 0x30, 0x08, 0x02,
  0x03, 0xF1, 0xFE, 0xFB, 0xBA, 0x0F, 0x81, 0xF0, 0x3F, 0x03, 0xE0, 0xBC,
  0x27, 0xEB, 0xBF, 0xE7, 0xE0, 0x20, 0x08, 0x00, 0x78, 0x38, 0xFC, 0x30,
  0xCC, 0x70, 0xCC, 0x60, 0xCC, 0xE0, 0xCC, 0xDE, 0xCD, 0xBF, 0xFD, 0xB3,
  0x7B, 0x33, 0x07, 0x33, 0x06, 0x33, 0x0E, 0x33, 0x0C, 0x3F, 0x18, 0x1E,
  0x1F, 0x00, 0xFE, 0x07, 0x38, 0x1C, 0xE0, 0x73, 0x80, 0xFC, 0x03, 0xE0,
  0x1F, 0x8E, 0xFF, 0x3B, 0x9F, 0xCE, 0x1F, 0x3F, 0xF8, 0x7F, 0xF0, 0xFC,
  0xE0, 0xFF, 0xB6, 0x39, 0x9C, 0xCE, 0x73, 0x98, 0xC6, 0x39, 0xCE, 0x31,
  0xC6, 0x38, 0xC3, 0x1C, 0xE3, 0x1C, 0xE7, 0x39, 0xCE, 0x73, 0x19, 0xCC,
  0xC0, 0x1C, 0x0E, 0x06, 0x1F, 0xFF, 0xF8, 0xE0, 0xD8, 0xEE, 0x22, 0x00,
  0x0C, 0x03, 0x00, 0xC0, 0x30, 0xFF, 0xFF, 0xF0, 0xC0, 0x30, 0x0C, 0x03,
  0x00, 0x7F, 0xEC, 0xFF, 0xC0, 0xEF, 0x60, 0x07, 0x07, 0x06, 0x0E, 0x0C,
  0x1C, 0x1C, 0x18, 0x38, 0x38, 0x70, 0x70, 0x60, 0xE0, 0x3E, 0x1F, 0xCF,
  0x7B, 0x8E, 0xE1, 0xB8, 0x7E, 0x1F, 0x87, 0xE1, 0xF8, 0x7E, 0x39, 0xDE,
  0x7F, 0x0F, 0x80, 0x0E, 0x3D, 0xFF, 0xF4, 0xE1, 0xC3, 0x87, 0x0E, 0x1C,
  0x38, 0x70, 0xE1, 0xC0, 0x3E, 0x3F, 0xEF, 0xF9, 0x0E, 0x03, 0x80, 0xE0,
  0x70, 0x3C, 0x1E, 0x0F, 0x07, 0x03, 0xFF, 0xFF, 0xFF, 0xF0, 0x7E, 0x3F,
  0xE6, 0x78, 0x0E, 0x03, 0x81, 0xC3, 0xE0, 0xFC, 0x03, 0x80, 0xF0, 0x3F,
  0x1E, 0xFF, 0xBF, 0x80, 0x03, 0x80, 0x70, 0x1E, 0x06, 0xC1, 0xF8, 0x37,
  0x0E, 0xE3, 0x9C, 0x63, 0x9F, 0xFF, 0xFF, 0x81, 0xC0, 0x38, 0x07, 0x00,
  0x7F, 0x9F, 0xE7, 0xF9, 0x80, 0xE0, 0x3F, 0x8F, 0xF9, 0x9E, 0x03, 0x80,
  0xF0, 0x3B, 0xBE, 0xFF, 0x1F, 0x80, 0x0F, 0x8F, 0xE7, 0x81, 0xC0, 0xE0,
  0x3B, 0xCD, 0xFB, 0xCF, 0xE1, 0xF8, 0x7E, 0x1F, 0xDE, 0x7F, 0x87, 0x80,
  0xFF, 0xFF, 0xFF, 0xFC, 0x0E, 0x03, 0x81, 0xC0, 0x70, 0x38, 0x0E, 0x07,
  0x01, 0xC0, 0xE0, 0x38, 0x1E, 0x00, 0x3E, 0x1F, 0xEF, 0x3B, 0x8E, 0xE3,
  0x9F, 0xC3, 0xE1, 0xFC, 0xE3, 0xB8, 0x7E, 0x1F, 0x8F, 0xFF, 0x8F, 0x80,
  0x3E, 0x1F, 0xCF, 0x7B, 0x8E, 0xE1, 0xF8, 0x7F, 0x3F, 0xFF, 0x3D, 0xC0,
  0x60, 0x38, 0x3C, 0x7E, 0x1F, 0x00, 0x6F, 0xE0, 0x00, 0x00, 0xEF, 0x60,
  0x6F, 0xE0, 0x00, 0x00, 0x06, 0xEE, 0xCC, 0x00, 0x40, 0x70, 0x78, 0x78,
  0x78, 0x38, 0x0F, 0x80, 0xF8, 0x0F, 0x80, 0xF0, 0x0C, 0xFF, 0xFF, 0xF0,
  0x00, 0x00, 0xFF, 0xFF, 0xF0, 0x80, 0x38, 0x0F, 0x80, 0xF8, 0x0F, 0x00,
  0xF0, 0x7C, 0xF8, 0xF8, 0x38, 0x08, 0x00, 0x3E, 0x7F, 0x99, 0xE0, 0x70,
  0x38, 0x38, 0x78, 0x38, 0x18, 0x00, 0x00, 0x03, 0x83, 0xC0, 0xC0, 0x07,
  0xF0, 0x1F, 0xF8, 0x38, 0x1C, 0x70, 0x06, 0x63, 0xF7, 0xE7, 0xF3, 0xCE,
  0x33, 0xCC, 0x33, 0xCC, 0x73, 0xCC, 0x77, 0xCF, 0xFE, 0xE7, 0x9C, 0x60,
  0x00, 0x38, 0x08, 0x1F, 0xF8, 0x07, 0xE0, 0x07, 0x80, 0x1E, 0x00, 0xFC,
  0x03, 0xF0, 0x1C, 0xC0, 0x73, 0x81, 0xCE, 0x0E, 0x38, 0x3F, 0xF0, 0xFF,
  0xC7, 0xFF, 0x9C, 0x0E, 0x70, 0x3B, 0x80, 0xF0, 0xFF, 0x3F, 0xEE, 0x7F,
  0x87, 0xE1, 0xF8, 0xFF, 0xF3, 0xFE, 0xE1, 0xF8, 0x7E, 0x1F, 0xFF, 0xFF,
  0xBF, 0xC0, 0x0F, 0xC7, 0xFD, 0xFF, 0x38, 0x07, 0x01, 0xC0, 0x38, 0x07,
  0x00, 0xE0, 0x1E, 0x01, 0xC0, 0x3F, 0xF3, 0xFE, 0x1F, 0x80, 0xFE, 0x0F,
  0xF8, 0xE7, 0xCE, 0x1E, 0xE0, 0xEE, 0x0F, 0xE0, 0xFE, 0x0F, 0xE0, 0xFE,
  0x0E, 0xE1, 0xEF, 0xFC, 0xFF, 0x8F, 0xE0, 0xFF, 0xFF, 0xE0, 0xE0, 0xE0,
  0xE0, 0xFF, 0xFF, 0xE0, 0xE0, 0xE0, 0xFF, 0xFF, 0xFF, 0xFF, 0xFF, 0xE0,
  0xE0, 0xE0, 0xE0, 0xFF, 0xFF, 0xE0, 0xE0, 0xE0, 0xE0, 0xE0, 0xE0, 0x0F,
  0xE1, 0xFF, 0x3F, 0xE7, 0x80, 0x70, 0x0E, 0x00, 0xE3, 0xFE, 0x3F, 0xE3,
  0xFF, 0x07, 0x70, 0x77, 0xFF, 0x3F, 0xF0, 0xFE, 0xE0, 0xFE, 0x0F, 0xE0,
  0xFE, 0x0F, 0xE0, 0xFF, 0xFF, 0xFF, 0xFF, 0xFF, 0xE0, 0xFE, 0x0F, 0xE0,
  0xFE, 0x0F, 0xE0, 0xFE, 0x0F, 0xFF, 0xFF, 0xFF, 0xFF, 0xFF, 0xC0, 0x1C,
  0x71, 0xC7, 0x1C, 0x71, 0xC7, 0x1C, 0x71, 0xC7, 0x1C, 0x71, 0xFE, 0xFB,
  0xC0, 0xE1, 0xFC, 0x3B, 0x8E, 0x73, 0x8E, 0xF1, 0xFC, 0x3F, 0x07, 0xF0,
  0xFF, 0x1C, 0xE3, 0x8E, 0x71, 0xEE, 0x1D, 0xC1, 0xC0, 0xE0, 0x70, 0x38,
  0x1C, 0x0E, 0x07, 0x03, 0x81, 0xC0, 0xE0, 0x70, 0x38, 0x1F, 0xFF, 0xFF,
  0xFC, 0xF0, 0x1F, 0xE0, 0x7F, 0xE0, 0xFE, 0xC1, 0xFD, 0x87, 0xFB, 0x8D,
  0xF7, 0x1B, 0xF6, 0x77, 0xEE, 0xCF, 0xDD, 0x9F, 0x9F, 0x3F, 0x3C, 0x7E,
  0x78, 0xFC, 0x71, 0xC0, 0xF0, 0x3F, 0x03, 0xF8, 0x3F, 0xC3, 0xDC, 0x3C,
  0xE3, 0xCE, 0x3E, 0x73, 0xE7, 0xBE, 0x3B, 0xE1, 0xFE, 0x1F, 0xE0, 0xFE,
  0x0F, 0x0F, 0xC0, 0xFF, 0xC7, 0xFF, 0x9C, 0x0E, 0xF0, 0x3B, 0x80, 0xFE,
  0x01, 0xF8, 0x07, 0xE0, 0x3F, 0xC0, 0xE7, 0x03, 0x9F, 0xFE, 0x3F, 0xF0,
  0x3F, 0x00, 0xFE, 0x3F, 0xEE, 0x7B, 0x8F, 0xE1, 0xF8, 0xFE, 0xFB, 0xFE,
  0xFE, 0x38, 0x0E, 0x03, 0x80, 0xE0, 0x38, 0x00, 0x0F, 0xC0, 0xFF, 0xC7,
  0xFF, 0x9C, 0x0E, 0xF0, 0x3B, 0x80, 0xFE, 0x01, 0xF8, 0x07, 0xE0, 0x3F,
  0xC0, 0xE7, 0x03, 0x9F, 0xFE, 0x3F, 0xF0, 0x3F, 0x00, 0x0E, 0x00, 0x3C,
  0x00, 0x78, 0xFE, 0x1F, 0xF3, 0xBE, 0x71, 0xEE, 0x1D, 0xC7, 0xB9, 0xE7,
  0xF8, 0xFE, 0x1C, 0xE3, 0x9E, 0x71, 0xCE, 0x1D, 0xC1, 0xC0, 0x3F, 0x3F,
  0xFF, 0xFC, 0x0E, 0x07, 0xC1, 0xF8, 0x3E, 0x07, 0x81, 0xC0, 0xFF, 0xFF,
  0xF3, 0xF0, 0xFF, 0xFF, 0xFF, 0xFF, 0x87, 0x00, 0xE0, 0x1C, 0x03, 0x80,
  0x70, 0x0E, 0x01, 0xC0, 0x38, 0x07, 0x00, 0xE0, 0x1C, 0x00, 0xE0, 0xFC,
  0x1F, 0x83, 0xF0, 0x7E, 0x0F, 0xC1, 0xF8, 0x3F, 0x07, 0xE0, 0xFC, 0x1F,
  0x83, 0xFF, 0xF7, 0xFC, 0x3E, 0x00, 0xE0, 0x3B, 0x83, 0x9C, 0x1C, 0xE0,
  0xE3, 0x8E, 0x1C, 0x70, 0xE3, 0x83, 0x18, 0x1D, 0xC0, 0xEE, 0x03, 0x60,
  0x1F, 0x00, 0xF8, 0x03, 0x80, 0xE0, 0xE0, 0xFC, 0x1E, 0x1D, 0xC3, 0xC3,
  0xB8, 0xF8, 0x67, 0x1B, 0x1C, 0xE3, 0x73, 0x8E, 0x6E, 0x71, 0xDC, 0xCC,
  0x3B, 0x9B, 0x87, 0x63, 0xF0, 0x6C, 0x7E, 0x0F, 0x87, 0x81, 0xE0, 0xF0,
  0x1C, 0x1E, 0x00, 0x70, 0x7B, 0xC3, 0x8E, 0x38, 0x39, 0xC1, 0xDC, 0x07,
  0xC0, 0x1E, 0x01, 0xF0, 0x0F, 0xC0, 0xEE, 0x0E, 0x38, 0x71, 0xE7, 0x07,
  0x78, 0x1C, 0xF0, 0x77, 0x0F, 0x78, 0xE3, 0x9E, 0x3D, 0xC1, 0xF8, 0x0F,
  0x80, 0xF0, 0x07, 0x00, 0x70, 0x07, 0x00, 0x70, 0x07, 0x00, 0x70, 0x7F,
  0xEF, 0xFD, 0xFF, 0x80, 0xE0, 0x38, 0x0E, 0x03, 0xC0, 0x70, 0x1C, 0x07,
  0x80, 0xE0, 0x3F, 0xFF, 0xFF, 0xFF, 0xC0, 0xFF, 0xF9, 0xCE, 0x73, 0x9C,
  0xE7, 0x39, 0xCE, 0x73, 0x9F, 0xF8, 0xE0, 0x60, 0x70, 0x70, 0x38, 0x38,
  0x18, 0x1C, 0x1C, 0x0C, 0x0E, 0x0E, 0x07, 0x07, 0xFF, 0xC6, 0x31, 0x8C,
  0x63, 0x18, 0xC6, 0x31, 0x8C, 0x7F, 0xF8, 0x0C, 0x01, 0xC0, 0x38, 0x0D,
  0x81, 0xB8, 0x63, 0x0C, 0x73, 0x06, 0x60, 0xE0, 0xFF, 0xF3, 0x86, 0x3F,
  0x1F, 0xE2, 0x38, 0x07, 0x3F, 0xFF, 0xFE, 0x1F, 0x8F, 0xE3, 0xFF, 0xF7,
  0xDC, 0xE0, 0x38, 0x0E, 0x03, 0x80, 0xEF, 0x37, 0xEF, 0x7B, 0x8F, 0xE1,
  0xF8, 0x7E, 0x1F, 0x8F, 0xF7, 0xBF, 0xEC, 0xF0, 0x1F, 0x3F, 0x9E, 0xDC,
  0x0E, 0x07, 0x03, 0x81, 0xC0, 0xFB, 0x3F, 0x8F, 0xC0, 0x01, 0xC0, 0x70,
  0x1C, 0x07, 0x3D, 0xDF, 0xFF, 0x3F, 0x87, 0xE1, 0xF8, 0x7E, 0x1F, 0x87,
  0xF3, 0xDF, 0xF3, 0xCC, 0x1F, 0x1F, 0xE7, 0x3F, 0x87, 0xFF, 0xFF, 0xFE,
  0x03, 0x80, 0x70, 0x9F, 0xE1, 0xF8, 0x1F, 0x9F, 0x8F, 0x47, 0x07, 0xF7,
  0xF8, 0xE0, 0x70, 0x38, 0x1C, 0x0E, 0x07, 0x03, 0x81, 0xC0, 0xE0, 0x1F,
  0xE7, 0xFD, 0xC7, 0x38, 0xE7, 0x1C, 0xE3, 0x8F, 0xE1, 0xF8, 0x70, 0x0F,
  0xF8, 0xFF, 0xB8, 0xFE, 0x0F, 0xC1, 0xDF, 0xF1, 0xF8, 0xE0, 0x38, 0x0E,
  0x03, 0x80, 0xCF, 0x37, 0xEF, 0x3B, 0x8F, 0xE1, 0xF8, 0x7E, 0x1F, 0x87,
  0xE1, 0xF8, 0x7E, 0x1C, 0x6F, 0x60, 0x77, 0x77, 0x77, 0x77, 0x77, 0x70,
  0x18, 0xF1, 0x80, 0x1C, 0x71, 0xC7, 0x1C, 0x71, 0xC7, 0x1C, 0x71, 0xC7,
  0x1C, 0xEF, 0xBC, 0xE0, 0x38, 0x0E, 0x03, 0x80, 0xE3, 0xF9, 0xEE, 0xF3,
  0xB8, 0xDC, 0x3F, 0x0F, 0xE3, 0x9C, 0xE7, 0xB8, 0xEE, 0x1C, 0xFF, 0xFF,
  0xFF, 0xFF, 0xFF, 0xF8, 0xCF, 0x3E, 0xFF, 0xFF, 0xF7, 0xEF, 0xE3, 0xC7,
  0xE3, 0x87, 0xE3, 0x87, 0xE3, 0x87, 0xE3, 0x87, 0xE3, 0x87, 0xE3, 0x87,
  0xE3, 0x87, 0xCF, 0x3F, 0xEF, 0x3B, 0x8F, 0xE1, 0xF8, 0x7E, 0x1F, 0x87,
  0xE1, 0xF8, 0x7E, 0x1C, 0x1F, 0x1F, 0xE7, 0x3F, 0x87, 0xE1, 0xF8, 0x7E,
  0x1F, 0x87, 0x73, 0xDF, 0xE1, 0xF0, 0xCF, 0x37, 0xEF, 0x7B, 0x8F, 0xE1,
  0xF8, 0x7E, 0x1F, 0x8F, 0xF7, 0xBF, 0xEE, 0xF3, 0x80, 0xE0, 0x38, 0x0E,
  0x03, 0x80, 0x3C, 0xDF, 0xFF, 0x3F, 0x87, 0xE1, 0xF8, 0x7E, 0x1F, 0x87,
  0xF3, 0xDF, 0xF3, 0xDC, 0x07, 0x01, 0xC0, 0x70, 0x1C, 0x07, 0xCF, 0xBF,
  0xF7, 0x0E, 0x1C, 0x38, 0x70, 0xE1, 0xC3, 0x80, 0x3E, 0xFF, 0xE2, 0xE0,
  0xF8, 0x7E, 0x1F, 0x07, 0xC7, 0xFF, 0xFC, 0x18, 0x38, 0x7F, 0xFF, 0x38,
  0x38, 0x38, 0x38, 0x38, 0x38, 0x3D, 0x3F, 0x1F, 0xE0, 0xFC, 0x1F, 0x83,
  0xF0, 0x7E, 0x0F, 0xC1, 0xF8, 0x3B, 0x8F, 0x7B, 0xEF, 0xFC, 0xFB, 0x80,
  0xE0, 0xEE, 0x1D, 0xC7, 0x38, 0xE3, 0x9C, 0x77, 0x0E, 0xE0, 0xFC, 0x1F,
  0x01, 0xE0, 0x38, 0x00, 0xE1, 0xC3, 0xB8, 0xF1, 0x9C, 0xD9, 0xCE, 0x6C,
  0xE7, 0x36, 0x71, 0xDB, 0xB0, 0xFC, 0xF8, 0x7C, 0x7C, 0x1E, 0x3C, 0x0F,
  0x1E, 0x07, 0x8F, 0x00, 0x70, 0xEF, 0x38, 0xEF, 0x0F, 0xC1, 0xF0, 0x1E,
  0x07, 0xC1, 0xFC, 0x39, 0xCE, 0x3B, 0xC3, 0x80, 0xE0, 0xEE, 0x1D, 0xC7,
  0x38, 0xE3, 0x9C, 0x77, 0x06, 0xE0, 0xFC, 0x1F, 0x01, 0xE0, 0x3C, 0x07,
  0x00, 0xE0, 0x38, 0x1F, 0x03, 0x80, 0xFF, 0xFF, 0x0F, 0x0E, 0x1C, 0x38,
  0x38, 0x70, 0xE0, 0xFF, 0xFF, 0x0E, 0x3C, 0x70, 0xC1, 0x83, 0x06, 0x1C,
  0xF1, 0xF0, 0xE0, 0xC1, 0x83, 0x07, 0x0F, 0x0E, 0xFF, 0xFF, 0xFF, 0xFF,
  0xFF, 0xFF, 0xFF, 0xF0, 0xE1, 0xE1, 0xC3, 0x87, 0x0E, 0x1C, 0x1C, 0x1E,
  0x7C, 0xE3, 0x87, 0x0E, 0x1C, 0x78, 0xE0, 0xF8, 0x7F, 0xF8, 0xF8, 0x00,
  0x00, 0x00, 0x00, 0x00, 0x00, 0x00, 0x00, 0x00, 0x00, 0x00, 0x00, 0x00,
  0x00, 0x00, 0x00, 0x00, 0x00, 0x00, 0x00, 0x00, 0x00, 0x00, 0x00, 0x00,
  0x00, 0x00, 0x00, 0x00, 0x00, 0x00, 0x00, 0x00, 0x00, 0x6F, 0xE0, 0x06,
  0x66, 0xEE, 0xEE, 0xEE, 0xE0, 0x0C, 0x06, 0x07, 0xE7, 0xF7, 0x93, 0x83,
  0xC1, 0xC0, 0xF0, 0x38, 0x1E, 0x67, 0xF1, 0xF0, 0x60, 0x30, 0x1F, 0x8F,
  0xE3, 0xD8, 0xE0, 0x38, 0x0E, 0x0F, 0xF3, 0xFC, 0x38, 0x0C, 0x07, 0x03,
  0xFF, 0xFF, 0xFF, 0xF0, 0x41, 0x7F, 0xDF, 0xCC, 0x66, 0x1B, 0x0D, 0x8C,
  0xFE, 0xFF, 0xA0, 0x80, 0xE0, 0xEE, 0x1D, 0xC7, 0x1C, 0xE3, 0xB8, 0x3F,
  0x07, 0xC1, 0xFE, 0x3F, 0xC1, 0xC0, 0xFF, 0x1F, 0xE0, 0xE0, 0x1C, 0x00,
  0xFF, 0xFF, 0xFF, 0x00, 0x0F, 0xFF, 0xFF, 0xF0, 0x3E, 0x7E, 0xE0, 0xE0,
  0x78, 0x7E, 0xC7, 0xC3, 0xF7, 0x7E, 0x1E, 0x07, 0x87, 0xFE, 0x7C, 0xCF,
  0x3C, 0xC0, 0x07, 0xC0, 0x38, 0xE0, 0x80, 0x63, 0x3E, 0x6C, 0xEC, 0x59,
  0x80, 0xE2, 0x01, 0xC4, 0x03, 0xCC, 0x07, 0x9C, 0x89, 0x1F, 0x31, 0x00,
  0xC1, 0xC7, 0x01, 0xF8, 0x00, 0x3C, 0xFC, 0x1B, 0xFE, 0x6D, 0xDD, 0x80,
  0x10, 0x87, 0x39, 0xCE, 0x3B, 0xCE, 0x70, 0xEF, 0x1C, 0xE1, 0xCE, 0x10,
  0x80, 0xFF, 0xFF, 0xF0, 0x1C, 0x07, 0x01, 0xC0, 0x70, 0xFF, 0xC0, 0x07,
  0xC0, 0x38, 0xE0, 0x80, 0x63, 0x7C, 0x6C, 0xCC, 0x59, 0x88, 0xE3, 0x31,
  0xC7, 0xC3, 0xCC, 0x87, 0x99, 0x89, 0x31, 0xB1, 0x00, 0xC1, 0xC7, 0x01,
  0xF8, 0x00, 0xFF, 0xFF, 0xF0, 0x79, 0xFB, 0x1E, 0x3C, 0x7F, 0x9E, 0x00,
  0x0C, 0x03, 0x00, 0xC0, 0x30, 0xFF, 0xFF, 0xF0, 0xC0, 0x30, 0x0C, 0x03,
  0x00, 0x03, 0xFF, 0xFF, 0xC0, 0x3C, 0xF9, 0x38, 0x61, 0xC7, 0x1C, 0x3F,
  0x7E, 0x7B, 0xE1, 0x9E, 0x78, 0x70, 0xFF, 0xF8, 0x3B, 0xB8, 0xE1, 0xF8,
  0x7E, 0x1F, 0x87, 0xE1, 0xF8, 0x7E, 0x1F, 0x8F, 0xF7, 0xFF, 0xFD, 0xDF,
  0x80, 0xE0, 0x38, 0x0E, 0x03, 0x80, 0x3F, 0xDF, 0xFF, 0xE7, 0xF9, 0xFE,
  0x7F, 0x9F, 0xE7, 0xF9, 0x7E, 0x4F, 0x90, 0x24, 0x09, 0x02, 0x40, 0x90,
  0x24, 0x09, 0x02, 0x40, 0x90, 0xEF, 0x60, 0x6F, 0x3F, 0xE0, 0x3B, 0xFE,
  0x73, 0x9C, 0xE7, 0x38, 0x7B, 0xFC, 0xF3, 0xCF, 0xF7, 0x80, 0x42, 0x1C,
  0xE1, 0xCE, 0x1C, 0xE1, 0xDE, 0x73, 0x9C, 0xE7, 0x38, 0x42, 0x00, 0x18,
  0x18, 0x38, 0x38, 0x78, 0x30, 0x58, 0x60, 0x18, 0xE0, 0x18, 0xC6, 0x19,
  0xCE, 0x19, 0x9E, 0x1B, 0x96, 0x03, 0x36, 0x06, 0x7F, 0x06, 0x7F, 0x0C,
  0x06, 0x1C, 0x06, 0x18, 0x18, 0x1C, 0x1C, 0x1E, 0x0C, 0x0B, 0x0C, 0x01,
  0x86, 0x00, 0xC6, 0xF8, 0x67, 0x7C, 0x33, 0x27, 0x1B, 0x83, 0x01, 0x83,
  0x81, 0xC3, 0x80, 0xC3, 0x80, 0xC3, 0xF8, 0x61, 0xFC, 0x78, 0x38, 0xFC,
  0x30, 0x0C, 0x70, 0x78, 0x60, 0x78, 0xE0, 0x0C, 0xCE, 0x0D, 0x9E, 0xFF,
  0xBE, 0xFB, 0x3E, 0x07, 0x6E, 0x06, 0xFF, 0x0E, 0xFF, 0x0C, 0x0E, 0x18,
  0x0E, 0x1C, 0x0E, 0x07, 0x00, 0x00, 0x00, 0xE0, 0x70, 0x70, 0x78, 0x70,
  0x38, 0x18, 0x0E, 0x77, 0xF9, 0xF8, 0x1E, 0x00, 0x38, 0x00, 0x30, 0x00,
  0x00, 0x07, 0x80, 0x1E, 0x00, 0xFC, 0x03, 0xF0, 0x1C, 0xC0, 0x73, 0x81,
  0xCE, 0x0E, 0x38, 0x3F, 0xF0, 0xFF, 0xC7, 0xFF, 0x9C, 0x0E, 0x70, 0x3B,
  0x80, 0xF0, 0x01, 0xC0, 0x0E, 0x00, 0x70, 0x00, 0x00, 0x07, 0x80, 0x1E,
  0x00, 0xFC, 0x03, 0xF0, 0x1C, 0xC0, 0x73, 0x81, 0xCE, 0x0E, 0x38, 0x3F,
  0xF0, 0xFF, 0xC7, 0xFF, 0x9C, 0x0E, 0x70, 0x3B, 0x80, 0xF0, 0x07, 0x80,
  0x3F, 0x01, 0xCE, 0x00, 0x00, 0x07, 0x80, 0x1E, 0x00, 0xFC, 0x03, 0xF0,
  0x1C, 0xC0, 0x73, 0x81, 0xCE, 0x0E, 0x38, 0x3F, 0xF0, 0xFF, 0xC7, 0xFF,
  0x9C, 0x0E, 0x70, 0x3B, 0x80, 0xF0, 0x0E, 0x60, 0x7F, 0x81, 0x1C, 0x00,
  0x00, 0x07, 0x80, 0x1E, 0x00, 0xFC, 0x03, 0xF0, 0x1C, 0xC0, 0x73, 0x81,
  0xCE, 0x0E, 0x38, 0x3F, 0xF0, 0xFF, 0xC7, 0xFF, 0x9C, 0x0E, 0x70, 0x3B,
  0x80, 0xF0, 0x0C, 0xC0, 0x33, 0x00, 0xCC, 0x00, 0x00, 0x07, 0x80, 0x1E,
  0x00, 0xFC, 0x03, 0xF0, 0x1C, 0xC0, 0x73, 0x81, 0xCE, 0x0E, 0x38, 0x3F,
  0xF0, 0xFF, 0xC7, 0xFF, 0x9C, 0x0E, 0x70, 0x3B, 0x80, 0xF0, 0x03, 0x80,
  0x1B, 0x00, 0x4C, 0x01, 0xB0, 0x07, 0x80, 0x1E, 0x00, 0xFC, 0x03, 0xF0,
  0x1C, 0xC0, 0x73, 0x81, 0xCE, 0x0E, 0x38, 0x3F, 0xF0, 0xFF, 0xC7, 0xFF,
  0x9C, 0x0E, 0x70, 0x3B, 0x80, 0xF0, 0x03, 0xFF, 0xC0, 0xFF, 0xF0, 0x7F,
  0x00, 0x1D, 0xC0, 0x0E, 0x70, 0x03, 0x9C, 0x01, 0xC7, 0xFC, 0x71, 0xFF,
  0x1F, 0xF0, 0x0F, 0xFC, 0x03, 0xFF, 0x01, 0xC1, 0xFF, 0x70, 0x7F, 0xF8,
  0x1F, 0xF0, 0x0F, 0xC7, 0xFD, 0xFF, 0x38, 0x07, 0x01, 0xC0, 0x38, 0x07,
  0x00, 0xE0, 0x1E, 0x01, 0xC0, 0x3F, 0xF3, 0xFE, 0x1F, 0x80, 0xC0, 0x3C,
  0x01, 0x80, 0xF0, 0x1C, 0x00, 0xF0, 0x70, 0x18, 0x00, 0xFF, 0xFF, 0xE0,
  0xE0, 0xE0, 0xE0, 0xFF, 0xFF, 0xE0, 0xE0, 0xE0, 0xFF, 0xFF, 0xFF, 0x0E,
  0x1C, 0x38, 0x00, 0xFF, 0xFF, 0xE0, 0xE0, 0xE0, 0xE0, 0xFF, 0xFF, 0xE0,
  0xE0, 0xE0, 0xFF, 0xFF, 0xFF, 0x3C, 0x7E, 0xE7, 0x00, 0xFF, 0xFF, 0xE0,
  0xE0, 0xE0, 0xE0, 0xFF, 0xFF, 0xE0, 0xE0, 0xE0, 0xFF, 0xFF, 0xFF, 0x66,
  0x66, 0x66, 0x00, 0xFF, 0xFF, 0xE0, 0xE0, 0xE0, 0xE0, 0xFF, 0xFF, 0xE0,
  0xE0, 0xE0, 0xFF, 0xFF, 0xFF, 0xF1, 0xC1, 0x80, 0x1C, 0x71, 0xC7, 0x1C,
  0x71, 0xC7, 0x1C, 0x71, 0xC7, 0x1C, 0x70, 0x3B, 0xB8, 0x0E, 0x73, 0x9C,
  0xE7, 0x39, 0xCE, 0x73, 0x9C, 0xE7, 0x00, 0x3C, 0x7E, 0xE7, 0x00, 0x1C,
  0x1C, 0x1C, 0x1C, 0x1C, 0x1C, 0x1C, 0x1C, 0x1C, 0x1C, 0x1C, 0x1C, 0x1C,
  0x1C, 0xCF, 0x3C, 0xC0, 0x38, 0xE3, 0x8E, 0x38, 0xE3, 0x8E, 0x38, 0xE3,
  0x8E, 0x38, 0xE0, 0x3F, 0x80, 0xFF, 0x83, 0x9F, 0x0E, 0x1E, 0x38, 0x38,
  0xE0, 0xFF, 0xE3, 0xFF, 0x8F, 0x38, 0x3C, 0xE0, 0xE3, 0x87, 0x8F, 0xFC,
  0x3F, 0xE0, 0xFE, 0x00, 0x1C, 0xC3, 0xFC, 0x23, 0x80, 0x00, 0xF0, 0x3F,
  0x03, 0xF8, 0x3F, 0xC3, 0xDC, 0x3C, 0xE3, 0xCE, 0x3E, 0x73, 0xE7, 0xBE,
  0x3B, 0xE1, 0xFE, 0x1F, 0xE0, 0xFE, 0x0F, 0x1E, 0x00, 0x38, 0x00, 0x30,
  0x00, 0x00, 0x0F, 0xC0, 0xFF, 0xC7, 0xFF, 0x9C, 0x0E, 0xF0, 0x3B, 0x80,
  0xFE, 0x01, 0xF8, 0x07, 0xE0, 0x3F, 0xC0, 0xE7, 0x03, 0x9F, 0xFE, 0x3F,
  0xF0, 0x3F, 0x00, 0x01, 0xC0, 0x0E, 0x00, 0x70, 0x00, 0x00, 0x0F, 0xC0,
  0xFF, 0xC7, 0xFF, 0x9C, 0x0E, 0xF0, 0x3B, 0x80, 0xFE, 0x01, 0xF8, 0x07,
  0xE0, 0x3F, 0xC0, 0xE7, 0x03, 0x9F, 0xFE, 0x3F, 0xF0, 0x3F, 0x00, 0x07,
  0x80, 0x3F, 0x01, 0xCE, 0x00, 0x00, 0x0F, 0xC0, 0xFF, 0xC7, 0xFF, 0x9C,
  0x0E, 0xF0, 0x3B, 0x80, 0xFE, 0x01, 0xF8, 0x07, 0xE0, 0x3F, 0xC0, 0xE7,
  0x03, 0x9F, 0xFE, 0x3F, 0xF0, 0x3F, 0x00, 0x0E, 0x60, 0x7F, 0x81, 0x1C,
  0x00, 0x00, 0x0F, 0xC0, 0xFF, 0xC7, 0xFF, 0x9C, 0x0E, 0xF0, 0x3B, 0x80,
  0xFE, 0x01, 0xF8, 0x07, 0xE0, 0x3F, 0xC0, 0xE7, 0x03, 0x9F, 0xFE, 0x3F,
  0xF0, 0x3F, 0x00, 0x0C, 0xC0, 0x33, 0x00, 0xCC, 0x00, 0x00, 0x0F, 0xC0,
  0xFF, 0xC7, 0xFF, 0x9C, 0x0E, 0xF0, 0x3B, 0x80, 0xFE, 0x01, 0xF8, 0x07,
  0xE0, 0x3F, 0xC0, 0xE7, 0x03, 0x9F, 0xFE, 0x3F, 0xF0, 0x3F, 0x00, 0x41,
  0x71, 0xDD, 0xC7, 0xC1, 0xC1, 0xF1, 0xDD, 0xC7, 0x41, 0x00, 0x00, 0x10,
  0x3F, 0xC3, 0xFF, 0x1F, 0xFE, 0x70, 0xFB, 0xC3, 0xEE, 0x1B, 0xF8, 0xE7,
  0xE7, 0x1F, 0x98, 0xFF, 0xC3, 0x9F, 0x0E, 0x7F, 0xF8, 0xFF, 0xC7, 0xFC,
  0x08, 0x00, 0x3C, 0x03, 0x80, 0x18, 0x00, 0x0E, 0x0F, 0xC1, 0xF8, 0x3F,
  0x07, 0xE0, 0xFC, 0x1F, 0x83, 0xF0, 0x7E, 0x0F, 0xC1, 0xF8, 0x3F, 0xFF,
  0x7F, 0xC3, 0xE0, 0x03, 0x80, 0xE0, 0x38, 0x00, 0x0E, 0x0F, 0xC1, 0xF8,
  0x3F, 0x07, 0xE0, 0xFC, 0x1F, 0x83, 0xF0, 0x7E, 0x0F, 0xC1, 0xF8, 0x3F,
  0xFF, 0x7F, 0xC3, 0xE0, 0x0F, 0x03, 0xF0, 0xE7, 0x00, 0x0E, 0x0F, 0xC1,
  0xF8, 0x3F, 0x07, 0xE0, 0xFC, 0x1F, 0x83, 0xF0, 0x7E, 0x0F, 0xC1, 0xF8,
  0x3F, 0xFF, 0x7F, 0xC3, 0xE0, 0x33, 0x06, 0x60, 0xCC, 0x00, 0x0E, 0x0F,
  0xC1, 0xF8, 0x3F, 0x07, 0xE0, 0xFC, 0x1F, 0x83, 0xF0, 0x7E, 0x0F, 0xC1,
  0xF8, 0x3F, 0xFF, 0x7F, 0xC3, 0xE0, 0x01, 0xC0, 0x38, 0x07, 0x00, 0x00,
  0xF0, 0x77, 0x0F, 0x78, 0xE3, 0x9E, 0x3D, 0xC1, 0xF8, 0x0F, 0x80, 0xF0,
  0x07, 0x00, 0x70, 0x07, 0x00, 0x70, 0x07, 0x00, 0x70, 0xE0, 0x38, 0x0F,
  0xE3, 0xFE, 0xE7, 0xB8, 0xFE, 0x1F, 0x8F, 0xE7, 0xBF, 0xEF, 0xE3, 0x80,
  0xE0, 0x38, 0x00, 0x3F, 0x07, 0xFC, 0xF3, 0xCE, 0x1C, 0xE1, 0xCE, 0x38,
  0xE7, 0x0E, 0xF0, 0xE7, 0x8E, 0x3E, 0xE0, 0xEE, 0x0F, 0xE8, 0xEE, 0xFE,
  0xEF, 0xC0, 0x78, 0x0E, 0x00, 0xC0, 0x00, 0x3F, 0x1F, 0xE2, 0x38, 0x07,
  0x3F, 0xFF, 0xFE, 0x1F, 0x8F, 0xE3, 0xFF, 0xF7, 0xDC, 0x07, 0x03, 0x81,
  0xC0, 0x00, 0x3F, 0x1F, 0xE2, 0x38, 0x07, 0x3F, 0xFF, 0xFE, 0x1F, 0x8F,
  0xE3, 0xFF, 0xF7, 0xDC, 0x1E, 0x0F, 0xC7, 0x38, 0x00, 0x3F, 0x1F, 0xE2,
  0x38, 0x07, 0x3F, 0xFF, 0xFE, 0x1F, 0x8F, 0xE3, 0xFF, 0xF7, 0xDC, 0x39,
  0x9F, 0xE4, 0x70, 0x00, 0x3F, 0x1F, 0xE2, 0x38, 0x07, 0x3F, 0xFF, 0xFE,
  0x1F, 0x8F, 0xE3, 0xFF, 0xF7, 0xDC, 0x33, 0x0C, 0xC3, 0x30, 0x00, 0x3F,
  0x1F, 0xE2, 0x38, 0x07, 0x3F, 0xFF, 0xFE, 0x1F, 0x8F, 0xE3, 0xFF, 0xF7,
  0xDC, 0x0E, 0x06, 0xC1, 0x30, 0x6C, 0x0E, 0x00, 0x03, 0xF1, 0xFE, 0x23,
  0x80, 0x73, 0xFF, 0xFF, 0xE1, 0xF8, 0xFE, 0x3F, 0xFF, 0x7D, 0xC0, 0x3E,
  0x7C, 0x7F, 0xFE, 0x23, 0xC7, 0x03, 0xC3, 0x1F, 0xFF, 0x7F, 0xFF, 0xE3,
  0x80, 0xE3, 0xC0, 0xE3, 0xE3, 0xFE, 0xFF, 0x7C, 0x3E, 0x1F, 0x3F, 0x9E,
  0xDC, 0x0E, 0x07, 0x03, 0x81, 0xC0, 0xFB, 0x3F, 0x8F, 0xC1, 0x81, 0xE0,
  0x30, 0x78, 0x38, 0x78, 0x0E, 0x00, 0xC0, 0x00, 0x1F, 0x1F, 0xE7, 0x3F,
  0x87, 0xFF, 0xFF, 0xFE, 0x03, 0x80, 0x70, 0x9F, 0xE1, 0xF8, 0x07, 0x03,
  0x81, 0xC0, 0x00, 0x1F, 0x1F, 0xE7, 0x3F, 0x87, 0xFF, 0xFF, 0xFE, 0x03,
  0x80, 0x70, 0x9F, 0xE1, 0xF8, 0x1E, 0x0F, 0xC7, 0x38, 0x00, 0x1F, 0x1F,
  0xE7, 0x3F, 0x87, 0xFF, 0xFF, 0xFE, 0x03, 0x80, 0x70, 0x9F, 0xE1, 0xF8,
  0x33, 0x0C, 0xC3, 0x30, 0x00, 0x1F, 0x1F, 0xE7, 0x3F, 0x87, 0xFF, 0xFF,
  0xFE, 0x03, 0x80, 0x70, 0x9F, 0xE1, 0xF8, 0xF1, 0xC1, 0x80, 0x1C, 0x71,
  0xC7, 0x1C, 0x71, 0xC7, 0x1C, 0x71, 0xC0, 0x3B, 0xB8, 0x07, 0x39, 0xCE,
  0x73, 0x9C, 0xE7, 0x39, 0xC0, 0x3C, 0x7E, 0xE7, 0x00, 0x1C, 0x1C, 0x1C,
  0x1C, 0x1C, 0x1C, 0x1C, 0x1C, 0x1C, 0x1C, 0x1C, 0xCF, 0x3C, 0xC0, 0x38,
  0xE3, 0x8E, 0x38, 0xE3, 0x8E, 0x38, 0xE3, 0x80, 0x19, 0x87, 0xE0, 0xF0,
  0xEE, 0x01, 0x8F, 0xF7, 0xFF, 0xCF, 0xE1, 0xF8, 0x7E, 0x1F, 0x87, 0xF3,
  0xDF, 0xE1, 0xF0, 0x39, 0x9F, 0xE4, 0x70, 0x00, 0xCF, 0x3F, 0xEF, 0x3B,
  0x8F, 0xE1, 0xF8, 0x7E, 0x1F, 0x87, 0xE1, 0xF8, 0x7E, 0x1C, 0x3C, 0x07,
  0x00, 0x60, 0x00, 0x1F, 0x1F, 0xE7, 0x3F, 0x87, 0xE1, 0xF8, 0x7E, 0x1F,
  0x87, 0x73, 0xDF, 0xE1, 0xF0, 0x03, 0x81, 0xC0, 0xE0, 0x00, 0x1F, 0x1F,
  0xE7, 0x3F, 0x87, 0xE1, 0xF8, 0x7E, 0x1F, 0x87, 0x73, 0xDF, 0xE1, 0xF0,
  0x1E, 0x0F, 0xC7, 0x38, 0x00, 0x1F, 0x1F, 0xE7, 0x3F, 0x87, 0xE1, 0xF8,
  0x7E, 0x1F, 0x87, 0x73, 0xDF, 0xE1, 0xF0, 0x39, 0x9F, 0xE4, 0x70, 0x00,
  0x1F, 0x1F, 0xE7, 0x3F, 0x87, 0xE1, 0xF8, 0x7E, 0x1F, 0x87, 0x73, 0xDF,
  0xE1, 0xF0, 0x33, 0x0C, 0xC3, 0x30, 0x00, 0x1F, 0x1F, 0xE7, 0x3F, 0x87,
  0xE1, 0xF8, 0x7E, 0x1F, 0x87, 0x73, 0xDF, 0xE1, 0xF0, 0x0C, 0x07, 0x00,
  0xC0, 0x00, 0xFF, 0xFF, 0xF0, 0x00, 0x30, 0x1C, 0x03, 0x00, 0x00, 0x87,
  0xF7, 0xF9, 0xCF, 0xE3, 0xF9, 0xFE, 0xDF, 0xF7, 0xF9, 0xDC, 0xF7, 0xF9,
  0xFC, 0x40, 0x00, 0x3C, 0x03, 0x80, 0x18, 0x00, 0x0E, 0x0F, 0xC1, 0xF8,
  0x3F, 0x07, 0xE0, 0xFC, 0x1F, 0x83, 0xB8, 0xF7, 0xBE, 0xFF, 0xCF, 0xB8,
  0x03, 0x80, 0xE0, 0x38, 0x00, 0x0E, 0x0F, 0xC1, 0xF8, 0x3F, 0x07, 0xE0,
  0xFC, 0x1F, 0x83, 0xB8, 0xF7, 0xBE, 0xFF, 0xCF, 0xB8, 0x0F, 0x03, 0xF0,
  0xE7, 0x00, 0x0E, 0x0F, 0xC1, 0xF8, 0x3F, 0x07, 0xE0, 0xFC, 0x1F, 0x83,
  0xB8, 0xF7, 0xBE, 0xFF, 0xCF, 0xB8, 0x19, 0x83, 0x30, 0x66, 0x00, 0x0E,
  0x0F, 0xC1, 0xF8, 0x3F, 0x07, 0xE0, 0xFC, 0x1F, 0x83, 0xB8, 0xF7, 0xBE,
  0xFF, 0xCF, 0xB8, 0x03, 0x80, 0xE0, 0x38, 0x00, 0x0E, 0x0E, 0xE1, 0xDC,
  0x73, 0x8E, 0x39, 0xC7, 0x70, 0x6E, 0x0F, 0xC1, 0xF0, 0x1E, 0x03, 0xC0,
  0x70, 0x0E, 0x03, 0x81, 0xF0, 0x38, 0x00, 0xE0, 0x38, 0x0E, 0x03, 0x80,
  0xEF, 0x37, 0xEF, 0x7B, 0x8F, 0xE1, 0xF8, 0x7E, 0x1F, 0x8F, 0xF7, 0xBF,
  0xEE, 0xF3, 0x80, 0xE0, 0x38, 0x0E, 0x03, 0x80, 0x19, 0x83, 0x30, 0x66,
  0x00, 0x0E, 0x0E, 0xE1, 0xDC, 0x73, 0x8E, 0x39, 0xC7, 0x70, 0x6E, 0x0F,
  0xC1, 0xF0, 0x1E, 0x03, 0xC0, 0x70, 0x0E, 0x03, 0x81, 0xF0, 0x38, 0x00 };

const GFXglyph OpenSans_Bold10pt8bGlyphs[] PROGMEM = {
  {     0,   1,   1,   5,    0,    0 },   // 0x20 ' '
  {     1,   4,  14,   6,    1,  -13 },   // 0x21 '!'
  {     8,   7,   5,   9,    1,  -13 },   // 0x22 '"'
  {    13,  12,  14,  13,    0,  -13 },   // 0x23 '#'
  {    34,  10,  17,  11,    1,  -15 },   // 0x24 '$'
  {    56,  16,  14,  18,    1,  -13 },   // 0x25 '%'
  {    84,  14,  14,  15,    1,  -13 },   // 0x26 '&'
  {   109,   3,   5,   5,    1,  -13 },   // 0x27 '''
  {   111,   5,  17,   7,    1,  -13 },   // 0x28 '('
  {   122,   5,  17,   7,    1,  -13 },   // 0x29 ')'
  {   133,   9,   9,  11,    1,  -14 },   // 0x2A '*'
  {   144,  10,  10,  11,    1,  -11 },   // 0x2B '+'
  {   157,   3,   5,   6,    1,   -1 },   // 0x2C ','
  {   159,   5,   2,   6,    1,   -5 },   // 0x2D '-'
  {   161,   4,   3,   6,    1,   -2 },   // 0x2E '.'
  {   163,   8,  14,   8,    0,  -13 },   // 0x2F '/'
  {   177,  10,  14,  11,    1,  -13 },   // 0x30 '0'
  {   195,   7,  14,  11,    1,  -13 },   // 0x31 '1'
  {   208,  10,  14,  11,    1,  -13 },   // 0x32 '2'
  {   226,  10,  14,  11,    1,  -13 },   // 0x33 '3'
  {   244,  11,  14,  11,    0,  -13 },   // 0x34 '4'
  {   264,  10,  14,  11,    1,  -13 },   // 0x35 '5'
  {   282,  10,  14,  11,    1,  -13 },   // 0x36 '6'
  {   300,  10,  14,  11,    1,  -13 },   // 0x37 '7'
  {   318,  10,  14,  11,    1,  -13 },   // 0x38 '8'
  {   336,  10,  14,  11,    1,  -13 },   // 0x39 '9'
  {   354,   4,  11,   6,    1,  -10 },   // 0x3A ':'
  {   360,   4,  14,   6,    1,  -10 },   // 0x3B ';'
  {   367,  10,  11,  11,    1,  -12 },   // 0x3C '<'
  {   381,  10,   6,  11,    1,   -9 },   // 0x3D '='
  {   389,  10,  11,  11,    1,  -12 },   // 0x3E '>'
  {   403,   9,  14,  10,    0,  -13 },   // 0x3F '?'
  {   419,  16,  16,  18,    1,  -13 },   // 0x40 '@'
  {   451,  14,  14,  14,    0,  -13 },   // 0x41 'A'
  {   476,  10,  14,  13,    2,  -13 },   // 0x42 'B'
  {   494,  11,  14,  13,    1,  -13 },   // 0x43 'C'
  {   514,  12,  14,  15,    2,  -13 },   // 0x44 'D'
  {   535,   8,  14,  11,    2,  -13 },   // 0x45 'E'
  {   549,   8,  14,  11,    2,  -13 },   // 0x46 'F'
  {   563,  12,  14,  14,    1,  -13 },   // 0x47 'G'
  {   584,  12,  14,  15,    2,  -13 },   // 0x48 'H'
  {   605,   3,  14,   7,    2,  -13 },   // 0x49 'I'
  {   611,   6,  18,   7,   -1,  -13 },   // 0x4A 'J'
  {   625,  11,  14,  13,    2,  -13 },   // 0x4B 'K'
  {   645,   9,  14,  11,    2,  -13 },   // 0x4C 'L'
  {   661,  15,  14,  19,    2,  -13 },   // 0x4D 'M'
  {   688,  12,  14,  16,    2,  -13 },   // 0x4E 'N'
  {   709,  14,  14,  16,    1,  -13 },   // 0x4F 'O'
  {   734,  10,  14,  13,    2,  -13 },   // 0x50 'P'
  {   752,  14,  17,  16,    1,  -13 },   // 0x51 'Q'
  {   782,  11,  14,  13,    2,  -13 },   // 0x52 'R'
  {   802,   9,  14,  11,    1,  -13 },   // 0x53 'S'
  {   818,  11,  14,  12,    0,  -13 },   // 0x54 'T'
  {   838,  11,  14,  15,    2,  -13 },   // 0x55 'U'
  {   858,  13,  14,  13,    0,  -13 },   // 0x56 'V'
  {   881,  19,  14,  19,    0,  -13 },   // 0x57 'W'
  {   915,  13,  14,  13,    0,  -13 },   // 0x58 'X'
  {   938,  12,  14,  12,    0,  -13 },   // 0x59 'Y'
  {   959,  11,  14,  12,    0,  -13 },   // 0x5A 'Z'
  {   979,   5,  17,   7,    1,  -13 },   // 0x5B '['
  {   990,   8,  14,   8,    0,  -13 },   // 0x5C '\'
  {  1004,   5,  17,   7,    0,  -13 },   // 0x5D ']'
  {  1015,  11,   9,  11,    0,  -13 },   // 0x5E '^'
  {  1028,   8,   1,   8,    0,    3 },   // 0x5F '_'
  {  1029,   5,   3,   7,    1,  -14 },   // 0x60 '`'
  {  1031,  10,  11,  12,    1,  -10 },   // 0x61 'a'
  {  1045,  10,  15,  13,    2,  -14 },   // 0x62 'b'
  {  1064,   9,  11,  10,    1,  -10 },   // 0x63 'c'
  {  1077,  10,  15,  13,    1,  -14 },   // 0x64 'd'
  {  1096,  10,  11,  12,    1,  -10 },   // 0x65 'e'
  {  1110,   9,  15,   8,    0,  -14 },   // 0x66 'f'
  {  1127,  11,  16,  11,    0,  -10 },   // 0x67 'g'
  {  1149,  10,  15,  13,    2,  -14 },   // 0x68 'h'
  {  1168,   4,  15,   6,    1,  -14 },   // 0x69 'i'
  {  1176,   6,  20,   6,   -1,  -14 },   // 0x6A 'j'
  {  1191,  10,  15,  12,    2,  -14 },   // 0x6B 'k'
  {  1210,   3,  15,   6,    2,  -14 },   // 0x6C 'l'
  {  1216,  16,  11,  20,    2,  -10 },   // 0x6D 'm'
  {  1238,  10,  11,  13,    2,  -10 },   // 0x6E 'n'
  {  1252,  10,  11,  12,    1,  -10 },   // 0x6F 'o'
  {  1266,  10,  16,  13,    2,  -10 },   // 0x70 'p'
  {  1286,  10,  16,  13,    1,  -10 },   // 0x71 'q'
  {  1306,   7,  11,   9,    2,  -10 },   // 0x72 'r'
  {  1316,   8,  11,  10,    1,  -10 },   // 0x73 's'
  {  1327,   8,  13,   9,    0,  -12 },   // 0x74 't'
  {  1340,  11,  11,  13,    1,  -10 },   // 0x75 'u'
  {  1356,  11,  11,  11,    0,  -10 },   // 0x76 'v'
  {  1372,  17,  11,  17,    0,  -10 },   // 0x77 'w'
  {  1396,  11,  11,  12,    0,  -10 },   // 0x78 'x'
  {  1412,  11,  16,  11,    0,  -10 },   // 0x79 'y'
  {  1434,   8,  11,  10,    1,  -10 },   // 0x7A 'z'
  {  1445,   7,  17,   8,    0,  -13 },   // 0x7B '{'
  {  1460,   3,  20,  11,    4,  -14 },   // 0x7C '|'
  {  1468,   7,  17,   8,    1,  -13 },   // 0x7D '}'
  {  1483,  10,   3,  11,    1,   -7 },   // 0x7E '~'
  {  1487,   1,   1,  12,    0,    0 },   // 0x7F
  {  1488,   1,   1,  12,    0,    0 },   // 0x80
  {  1489,   1,   1,  12,    0,    0 },   // 0x81
  {  1490,   1,   1,  12,    0,    0 },   // 0x82
  {  1491,   1,   1,  12,    0,    0 },   // 0x83
  {  1492,   1,   1,  12,    0,    0 },   // 0x84
  {  1493,   1,   1,  12,    0,    0 },   // 0x85
  {  1494,   1,   1,  12,    0,    0 },   // 0x86
  {  1495,   1,   1,  12,    0,    0 },   // 0x87
  {  1496,   1,   1,  12,    0,    0 },   // 0x88
  {  1497,   1,   1,  12,    0,    0 },   // 0x89
  {  1498,   1,   1,  12,    0,    0 },   // 0x8A
  {  1499,   1,   1,  12,    0,    0 },   // 0x8B
  {  1500,   1,   1,  12,    0,    0 },   // 0x8C
  {  1501,   1,   1,  12,    0,    0 },   // 0x8D
  {  1502,   1,   1,  12,    0,    0 },   // 0x8E
  {  1503,   1,   1,  12,    0,    0 },   // 0x8F
  {  1504,   1,   1,  12,    0,    0 },   // 0x90
  {  1505,   1,   1,  12,    0,    0 },   // 0x91
  {  1506,   1,   1,  12,    0,    0 },   // 0x92
  {  1507,   1,   1,  12,    0,    0 },   // 0x93
  {  1508,   1,   1,  12,    0,    0 },   // 0x94
  {  1509,   1,   1,  12,    0,    0 },   // 0x95
  {  1510,   1,   1,  12,    0,    0 },   // 0x96
  {  1511,   1,   1,  12,    0,    0 },   // 0x97
  {  1512,   1,   1,  12,    0,    0 },   // 0x98
  {  1513,   1,   1,  12,    0,    0 },   // 0x99
  {  1514,   1,   1,  12,    0,    0 },   // 0x9A
  {  1515,   1,   1,  12,    0,    0 },   // 0x9B
  {  1516,   1,   1,  12,    0,    0 },   // 0x9C
  {  1517,   1,   1,  12,    0,    0 },   // 0x9D
  {  1518,   1,   1,  12,    0,    0 },   // 0x9E
  {  1519,   1,   1,  12,    0,    0 },   // 0x9F
  {  1520,   1,   1,   5,    0,    0 },   // 0xA0
  {  1521,   4,  15,   6,    1,  -10 },   // 0xA1
  {  1529,   9,  15,  11,    1,  -14 },   // 0xA2
  {  1546,  10,  14,  11,    1,  -13 },   // 0xA3
  {  1564,   9,  10,  11,    1,  -11 },   // 0xA4
  {  1576,  11,  14,  11,    0,  -13 },   // 0xA5
  {  1596,   3,  20,  11,    4,  -14 },   // 0xA6
  {  1604,   8,  15,  10,    1,  -14 },   // 0xA7
  {  1619,   6,   3,  12,    3,  -14 },   // 0xA8
  {  1622,  15,  14,  17,    1,  -13 },   // 0xA9
  {  1649,   7,   7,   8,    0,  -13 },   // 0xAA
  {  1656,  11,   9,  12,    1,   -9 },   // 0xAB
  {  1669,  10,   6,  11,    1,   -7 },   // 0xAC
  {  1677,   5,   2,   6,    1,   -5 },   // 0xAD
  {  1679,  15,  14,  17,    1,  -13 },   // 0xAE
  {  1706,  10,   2,  10,    0,  -16 },   // 0xAF
  {  1709,   7,   7,   9,    1,  -13 },   // 0xB0
  {  1716,  10,  13,  11,    1,  -12 },   // 0xB1
  {  1733,   7,   9,   8,    0,  -16 },   // 0xB2
  {  1741,   6,   9,   8,    1,  -16 },   // 0xB3
  {  1748,   5,   3,   7,    1,  -14 },   // 0xB4
  {  1750,  10,  16,  13,    2,  -10 },   // 0xB5
  {  1770,  10,  18,  13,    1,  -14 },   // 0xB6
  {  1793,   4,   3,   6,    1,   -8 },   // 0xB7
  {  1795,   4,   5,   4,    0,    1 },   // 0xB8
  {  1798,   5,   9,   8,    1,  -16 },   // 0xB9
  {  1804,   6,   7,   8,    1,  -13 },   // 0xBA
  {  1810,  11,   9,  12,    1,   -9 },   // 0xBB
  {  1823,  16,  14,  17,    0,  -13 },   // 0xBC
  {  1851,  17,  14,  17,    0,  -13 },   // 0xBD
  {  1881,  16,  14,  17,    1,  -13 },   // 0xBE
  {  1909,   9,  15,  10,    1,  -10 },   // 0xBF
  {  1926,  14,  18,  14,    0,  -17 },   // 0xC0
  {  1958,  14,  18,  14,    0,  -17 },   // 0xC1
  {  1990,  14,  18,  14,    0,  -17 },   // 0xC2
  {  2022,  14,  18,  14,    0,  -17 },   // 0xC3
  {  2054,  14,  18,  14,    0,  -17 },   // 0xC4
  {  2086,  14,  18,  14,    0,  -17 },   // 0xC5
  {  2118,  18,  14,  19,    0,  -13 },   // 0xC6
  {  2150,  11,  19,  13,    1,  -13 },   // 0xC7
  {  2177,   8,  18,  11,    2,  -17 },   // 0xC8
  {  2195,   8,  18,  11,    2,  -17 },   // 0xC9
  {  2213,   8,  18,  11,    2,  -17 },   // 0xCA
  {  2231,   8,  18,  11,    2,  -17 },   // 0xCB
  {  2249,   6,  18,   7,   -1,  -17 },   // 0xCC
  {  2263,   5,  18,   7,    2,  -17 },   // 0xCD
  {  2275,   8,  18,   7,   -1,  -17 },   // 0xCE
  {  2293,   6,  18,   7,    0,  -17 },   // 0xCF
  {  2307,  14,  14,  15,    0,  -13 },   // 0xD0
  {  2332,  12,  18,  16,    2,  -17 },   // 0xD1
  {  2359,  14,  18,  16,    1,  -17 },   // 0xD2
  {  2391,  14,  18,  16,    1,  -17 },   // 0xD3
  {  2423,  14,  18,  16,    1,  -17 },   // 0xD4
  {  2455,  14,  18,  16,    1,  -17 },   // 0xD5
  {  2487,  14,  18,  16,    1,  -17 },   // 0xD6
  {  2519,   9,   9,  11,    1,  -11 },   // 0xD7
  {  2530,  14,  16,  16,    1,  -14 },   // 0xD8
  {  2558,  11,  18,  15,    2,  -17 },   // 0xD9
  {  2583,  11,  18,  15,    2,  -17 },   // 0xDA
  {  2608,  11,  18,  15,    2,  -17 },   // 0xDB
  {  2633,  11,  18,  15,    2,  -17 },   // 0xDC
  {  2658,  12,  18,  12,    0,  -17 },   // 0xDD
  {  2685,  10,  14,  13,    2,  -13 },   // 0xDE
  {  2703,  12,  15,  14,    2,  -14 },   // 0xDF
  {  2726,  10,  15,  12,    1,  -14 },   // 0xE0
  {  2745,  10,  15,  12,    1,  -14 },   // 0xE1
  {  2764,  10,  15,  12,    1,  -14 },   // 0xE2
  {  2783,  10,  15,  12,    1,  -14 },   // 0xE3
  {  2802,  10,  15,  12,    1,  -14 },   // 0xE4
  {  2821,  10,  17,  12,    1,  -16 },   // 0xE5
  {  2843,  16,  11,  18,    1,  -10 },   // 0xE6
  {  2865,   9,  16,  10,    1,  -10 },   // 0xE7
  {  2883,  10,  15,  12,    1,  -14 },   // 0xE8
  {  2902,  10,  15,  12,    1,  -14 },   // 0xE9
  {  2921,  10,  15,  12,    1,  -14 },   // 0xEA
  {  2940,  10,  15,  12,    1,  -14 },   // 0xEB
  {  2959,   6,  15,   6,   -1,  -14 },   // 0xEC
  {  2971,   5,  15,   6,    1,  -14 },   // 0xED
  {  2981,   8,  15,   6,   -1,  -14 },   // 0xEE
  {  2996,   6,  15,   6,    0,  -14 },   // 0xEF
  {  3008,  10,  15,  12,    1,  -14 },   // 0xF0
  {  3027,  10,  15,  13,    2,  -14 },   // 0xF1
  {  3046,  10,  15,  12,    1,  -14 },   // 0xF2
  {  3065,  10,  15,  12,    1,  -14 },   // 0xF3
  {  3084,  10,  15,  12,    1,  -14 },   // 0xF4
  {  3103,  10,  15,  12,    1,  -14 },   // 0xF5
  {  3122,  10,  15,  12,    1,  -14 },   // 0xF6
  {  3141,  10,  10,  11,    1,  -11 },   // 0xF7
  {  3154,  10,  13,  12,    1,  -11 },   // 0xF8
  {  3171,  11,  15,  13,    1,  -14 },   // 0xF9
  {  3192,  11,  15,  13,    1,  -14 },   // 0xFA
  {  3213,  11,  15,  13,    1,  -14 },   // 0xFB
  {  3234,  11,  15,  13,    1,  -14 },   // 0xFC
  {  3255,  11,  20,  11,    0,  -14 },   // 0xFD
  {  3283,  10,  20,  13,    2,  -14 },   // 0xFE
  {  3308,  11,  20,  11,    0,  -14 } }; // 0xFF

const GFXfont OpenSans_Bold10pt8b PROGMEM = {
  (uint8_t  *)OpenSans_Bold10pt8bBitmaps,
  (GFXglyph *)OpenSans_Bold10pt8bGlyphs,
  0x20, 0xFF, 27 };

// Approx. 4911 bytes

const uint8_t OpenSans_Bold11pt8bBitmaps[] PROGMEM = {
  0x00, 0xFF, 0xFF, 0x77, 0x77, 0x76, 0x00, 0x6F, 0xF7, 0xE7, 0x67, 0x67,
  0x67, 0x67, 0x67, 0x06, 0x30, 0x19, 0xC0, 0x66, 0x03, 0x98, 0x7F, 0xFD,
  0xFF, 0xF0, 0xCE, 0x03, 0x30, 0x0C, 0xC3, 0xFF, 0xEF, 0xFF, 0x86, 0x70,
  0x19, 0xC0, 0x66, 0x03, 0x98, 0x0E, 0x60, 0x04, 0x00, 0x80, 0xFE, 0x3F,
  0xEF, 0xFD, 0xC8, 0x3D, 0x07, 0xE0, 0x7F, 0x03, 0xF8, 0x1F, 0x02, 0xF8,
  0x5F, 0xFF, 0xBF, 0xF3, 0xF8, 0x04, 0x00, 0x80, 0x78, 0x0C, 0x3F, 0x07,
  0x0E, 0xE1, 0x83, 0x38, 0xE0, 0xCE, 0x30, 0x33, 0x9C, 0x0C, 0xEE, 0xF3,
  0xBB, 0x7E, 0x7D, 0xDD, 0xDE, 0x66, 0x70, 0x39, 0x9C, 0x0C, 0x67, 0x07,
  0x19, 0xC1, 0x87, 0x70, 0xE0, 0xF8, 0x30, 0x3C, 0x1F, 0x00, 0x3F, 0xC0,
  0x7F, 0xC0, 0x71, 0xC0, 0x71, 0xC0, 0x3F, 0x80, 0x1F, 0x00, 0x3E, 0x1E,
  0x7F, 0x1C, 0xF7, 0x9C, 0xE3, 0xFC, 0xE1, 0xF8, 0xF0, 0xF0, 0xFF, 0xF8,
  0x7F, 0xFC, 0x1F, 0x1E, 0xED, 0xB6, 0xC0, 0x18, 0xE7, 0x1C, 0x73, 0x8E,
  0x38, 0xE3, 0x8E, 0x38, 0xE3, 0x86, 0x1C, 0x70, 0xE1, 0x80, 0xE1, 0x87,
  0x0C, 0x38, 0xE3, 0x86, 0x1C, 0x71, 0xC6, 0x38, 0xE3, 0x8C, 0x71, 0x8E,
  0x00, 0x0C, 0x03, 0x00, 0xC3, 0xB7, 0xFF, 0xDF, 0xE1, 0xE0, 0xFC, 0x73,
  0x8C, 0xC0, 0x0C, 0x01, 0x80, 0x30, 0x06, 0x00, 0xC1, 0xFF, 0xFF, 0xF8,
  0x60, 0x0C, 0x01, 0x80, 0x30, 0x00, 0x7F, 0xEE, 0xC0, 0xFF, 0xFE, 0x6F,
  0xF7, 0x03, 0x83, 0x81, 0xC0, 0xE0, 0xE0, 0x70, 0x38, 0x38, 0x1C, 0x0E,
  0x0E, 0x07, 0x07, 0x03, 0x81, 0xC1, 0xC0, 0x1F, 0x0F, 0xF1, 0xFF, 0x78,
  0xEE, 0x1D, 0xC3, 0xF8, 0x7F, 0x0F, 0xE1, 0xFC, 0x3F, 0x87, 0xF0, 0xEF,
  0x1C, 0xFF, 0x8F, 0xE0, 0xF8, 0x07, 0x1F, 0x3F, 0x7F, 0x77, 0x27, 0x07,
  0x07, 0x07, 0x07, 0x07, 0x07, 0x07, 0x07, 0x07, 0x07, 0x1F, 0x0F, 0xF3,
  0xFF, 0x30, 0xE0, 0x1C, 0x03, 0x80, 0x70, 0x1C, 0x07, 0x81, 0xE0, 0x78,
  0x1E, 0x07, 0x81, 0xFF, 0xFF, 0xFF, 0xFF, 0x3F, 0x1F, 0xF3, 0xFF, 0x20,
  0xE0, 0x1C, 0x03, 0x8F, 0xE1, 0xF0, 0x3F, 0x80, 0x78, 0x07, 0x80, 0xF0,
  0x1F, 0xFF, 0xBF, 0xE3, 0xF8, 0x01, 0xC0, 0x3C, 0x03, 0xC0, 0x7C, 0x0F,
  0xC0, 0xDC, 0x1D, 0xC3, 0x9C, 0x31, 0xC7, 0x1C, 0xFF, 0xFF, 0xFF, 0xFF,
  0xF0, 0x1C, 0x01, 0xC0, 0x1C, 0x7F, 0xCF, 0xF9, 0xFF, 0x38, 0x07, 0x00,
  0xE0, 0x1F, 0xC7, 0xFC, 0x7F, 0xC0, 0x38, 0x07, 0x80, 0xF8, 0x1D, 0xFF,
  0xBF, 0xE3, 0xF0, 0x0F, 0xC3, 0xF8, 0xFF, 0x3C, 0x0F, 0x01, 0xC0, 0x3B,
  0xE7, 0xFE, 0xFF, 0xDC, 0x3F, 0x83, 0xF0, 0x7F, 0x1E, 0xFF, 0x8F, 0xF0,
  0xF8, 0xFF, 0xFF, 0xFF, 0xFF, 0x80, 0xE0, 0x1C, 0x07, 0x00, 0xE0, 0x3C,
  0x07, 0x01, 0xE0, 0x38, 0x0F, 0x01, 0xC0, 0x38, 0x0F, 0x01, 0xC0, 0x1F,
  0x0F, 0xF3, 0xEF, 0x70, 0xEE, 0x1C, 0xE7, 0x9F, 0xE0, 0xF8, 0x7F, 0x9E,
  0x7B, 0x87, 0xF0, 0x7E, 0x0F, 0xF7, 0x9F, 0xF1, 0xF8, 0x3E, 0x0F, 0xF3,
  0xFF, 0x70, 0xEE, 0x1F, 0xC3, 0xF8, 0x7F, 0xFF, 0x7E, 0xE7, 0x9C, 0x07,
  0x00, 0xE0, 0x3C, 0xFF, 0x1F, 0xC3, 0xE0, 0x7F, 0xF6, 0x00, 0x00, 0x6F,
  0xF7, 0x7F, 0xF6, 0x00, 0x00, 0x07, 0xFE, 0xEC, 0x00, 0x20, 0x1C, 0x0F,
  0x87, 0xC3, 0xE1, 0xF0, 0x3C, 0x03, 0xE0, 0x1F, 0x00, 0xFC, 0x07, 0x80,
  0x10, 0xFF, 0xFF, 0xFC, 0x00, 0x00, 0x0F, 0xFF, 0xFF, 0xC0, 0x80, 0x1C,
  0x03, 0xE0, 0x1F, 0x00, 0xF8, 0x07, 0xC0, 0x78, 0x7E, 0x3F, 0x1F, 0x03,
  0x80, 0x40, 0x00, 0x3F, 0x3F, 0xE7, 0xFD, 0x07, 0x01, 0xC0, 0xE0, 0x78,
  0x38, 0x1C, 0x07, 0x00, 0x00, 0x00, 0x08, 0x07, 0x01, 0xC0, 0x70, 0x03,
  0xF8, 0x03, 0xFF, 0x81, 0xE0, 0xF0, 0xE0, 0x0C, 0x71, 0xFB, 0x98, 0xFE,
  0x66, 0x71, 0x9F, 0xB8, 0x67, 0xEE, 0x19, 0xF3, 0x86, 0x7E, 0xE3, 0x9B,
  0xB8, 0xE6, 0xE7, 0xFF, 0x18, 0xF3, 0x87, 0x00, 0x00, 0xF0, 0x30, 0x1F,
  0xFC, 0x01, 0xFC, 0x00, 0x07, 0xC0, 0x0F, 0x80, 0x1F, 0x00, 0x77, 0x00,
  0xEE, 0x01, 0xDE, 0x07, 0x1C, 0x0E, 0x38, 0x1C, 0x78, 0x7F, 0xF0, 0xFF,
  0xE1, 0xFF, 0xE7, 0x81, 0xCE, 0x03, 0x9C, 0x07, 0xF8, 0x0F, 0xFF, 0x8F,
  0xFC, 0xFF, 0xEE, 0x0E, 0xE0, 0xEE, 0x0E, 0xFF, 0xCF, 0xF8, 0xFF, 0xEE,
  0x1E, 0xE0, 0xFE, 0x0F, 0xE0, 0xFF, 0xFE, 0xFF, 0xCF, 0xF8, 0x07, 0xE1,
  0xFF, 0x3F, 0xF7, 0x82, 0x78, 0x07, 0x00, 0xF0, 0x0F, 0x00, 0xF0, 0x0F,
  0x00, 0x70, 0x07, 0x00, 0x78, 0x13, 0xFF, 0x1F, 0xF0, 0xFE, 0xFF, 0x07,
  0xFE, 0x3F, 0xF9, 0xC1, 0xEE, 0x07, 0x70, 0x3F, 0x81, 0xFC, 0x07, 0xE0,
  0x3F, 0x03, 0xF8, 0x1F, 0xC0, 0xEE, 0x0F, 0x7F, 0xF3, 0xFF, 0x1F, 0xE0,
  0xFF, 0xFF, 0xFF, 0xFC, 0x0E, 0x07, 0x03, 0xFF, 0xFF, 0xFF, 0xF0, 0x38,
  0x1C, 0x0E, 0x07, 0xFF, 0xFF, 0xFF, 0xFF, 0xFF, 0xFF, 0xFC, 0x0E, 0x07,
  0x03, 0x81, 0xFF, 0xFF, 0xFF, 0xF8, 0x1C, 0x0E, 0x07, 0x03, 0x81, 0xC0,
  0x07, 0xF0, 0xFF, 0xCF, 0xFE, 0xF8, 0x07, 0x80, 0x38, 0x03, 0xC0, 0x1E,
  0x3F, 0xF1, 0xFF, 0x8F, 0xDC, 0x0E, 0xE0, 0x77, 0x83, 0x9F, 0xFC, 0x7F,
  0xE0, 0xFE, 0xE0, 0x3F, 0x01, 0xF8, 0x0F, 0xC0, 0x7E, 0x03, 0xF0, 0x1F,
  0xFF, 0xFF, 0xFF, 0xFF, 0xFF, 0x01, 0xF8, 0x0F, 0xC0, 0x7E, 0x03, 0xF0,
  0x1F, 0x80, 0xFC, 0x07, 0xFF, 0xFF, 0xFF, 0xFF, 0xFF, 0xFF, 0x0E, 0x1C,
  0x38, 0x70, 0xE1, 0xC3, 0x87, 0x0E, 0x1C, 0x38, 0x70, 0xE1, 0xC3, 0x87,
  0x0E, 0x1F, 0xFF, 0xEF, 0x80, 0xE0, 0xF7, 0x07, 0x38, 0x79, 0xC7, 0x8E,
  0x78, 0x73, 0x83, 0xBC, 0x1F, 0xC0, 0xFF, 0x07, 0xBC, 0x39, 0xE1, 0xC7,
  0x8E, 0x1C, 0x70, 0xF3, 0x83, 0xDC, 0x0E, 0xE0, 0x38, 0x0E, 0x03, 0x80,
  0xE0, 0x38, 0x0E, 0x03, 0x80, 0xE0, 0x38, 0x0E, 0x03, 0x80, 0xE0, 0x3F,
  0xFF, 0xFF, 0xFF, 0xF8, 0x0F, 0xFC, 0x07, 0xFE, 0x07, 0xFF, 0x83, 0xFF,
  0xC1, 0xBF, 0xE1, 0xDF, 0xB0, 0xEF, 0xDC, 0x67, 0xEE, 0x73, 0xF3, 0x39,
  0xF9, 0xD8, 0xFC, 0xEC, 0x7E, 0x3E, 0x3F, 0x1E, 0x1F, 0x8F, 0x0F, 0xC7,
  0x87, 0xF0, 0x1F, 0xE0, 0x7F, 0xC1, 0xFF, 0x07, 0xFE, 0x1F, 0xB8, 0x7E,
  0xF1, 0xF9, 0xC7, 0xE7, 0x9F, 0x8F, 0x7E, 0x1D, 0xF8, 0x7F, 0xE0, 0xFF,
  0x83, 0xFE, 0x07, 0xF8, 0x1F, 0x07, 0xE0, 0x3F, 0xF0, 0xFF, 0xF3, 0xC1,
  0xE7, 0x01, 0xEE, 0x03, 0xFC, 0x03, 0xF8, 0x07, 0xF0, 0x0F, 0xE0, 0x1D,
  0xC0, 0x7B, 0xC0, 0xF7, 0x83, 0xC7, 0xFF, 0x87, 0xFE, 0x03, 0xF0, 0xFF,
  0x1F, 0xFB, 0xFF, 0x70, 0xFE, 0x1F, 0xC3, 0xF8, 0x7F, 0xFE, 0xFF, 0x9F,
  0xE3, 0x80, 0x70, 0x0E, 0x01, 0xC0, 0x38, 0x07, 0x00, 0x07, 0xE0, 0x3F,
  0xF0, 0xFF, 0xF3, 0xC1, 0xE7, 0x01, 0xEE, 0x03, 0xFC, 0x03, 0xF8, 0x07,
  0xF0, 0x0F, 0xE0, 0x1D, 0xC0, 0x7B, 0xC0, 0xF7, 0x83, 0xC7, 0xFF, 0x87,
  0xFE, 0x03, 0xF8, 0x00, 0xF0, 0x00, 0xF0, 0x00, 0xF0, 0x00, 0xF0, 0xFF,
  0x07, 0xFE, 0x3F, 0xF1, 0xC3, 0xCE, 0x1E, 0x70, 0xF3, 0x87, 0x9F, 0xF8,
  0xFF, 0x87, 0xF8, 0x39, 0xE1, 0xC7, 0x0E, 0x1C, 0x70, 0xF3, 0x83, 0xDC,
  0x0E, 0x1F, 0x9F, 0xF7, 0xFF, 0xC0, 0xE0, 0x3C, 0x07, 0xC1, 0xFC, 0x1F,
  0x81, 0xF0, 0x3C, 0x07, 0x81, 0xFF, 0xFF, 0xF9, 0xF8, 0xFF, 0xFF, 0xFF,
  0xFF, 0xF0, 0x70, 0x07, 0x00, 0x70, 0x07, 0x00, 0x70, 0x07, 0x00, 0x70,
  0x07, 0x00, 0x70, 0x07, 0x00, 0x70, 0x07, 0x00, 0x70, 0xE0, 0x7F, 0x03,
  0xF8, 0x1F, 0xC0, 0xFE, 0x07, 0xF0, 0x3F, 0x81, 0xFC, 0x0F, 0xE0, 0x7F,
  0x03, 0xF8, 0x1F, 0xC0, 0xFF, 0x07, 0x3F, 0xF8, 0xFF, 0x83, 0xF0, 0xF0,
  0x1F, 0xC0, 0xF7, 0x03, 0x9C, 0x0E, 0x78, 0x38, 0xE1, 0xC3, 0x87, 0x0F,
  0x1C, 0x1C, 0xE0, 0x73, 0x81, 0xEE, 0x03, 0xF0, 0x0F, 0xC0, 0x3F, 0x00,
  0x78, 0x01, 0xE0, 0xE0, 0x70, 0x3F, 0x83, 0xC1, 0xDC, 0x3E, 0x1E, 0xE1,
  0xF0, 0xE7, 0x0F, 0x87, 0x3C, 0x6E, 0x38, 0xE7, 0x71, 0xC7, 0x3B, 0x9C,
  0x39, 0xCC, 0xE1, 0xCC, 0x77, 0x07, 0xE3, 0xB8, 0x3F, 0x1F, 0x81, 0xF8,
  0x7C, 0x0F, 0x83, 0xE0, 0x3C, 0x1F, 0x01, 0xE0, 0xF0, 0x70, 0x3C, 0xF0,
  0x70, 0xE1, 0xE0, 0xE3, 0x81, 0xEF, 0x01, 0xDC, 0x03, 0xF0, 0x03, 0xE0,
  0x07, 0xC0, 0x1F, 0x80, 0x7B, 0x80, 0xE7, 0x83, 0xC7, 0x07, 0x0F, 0x1C,
  0x0F, 0x78, 0x0E, 0xF0, 0x39, 0xC1, 0xE7, 0x87, 0x0E, 0x3C, 0x3C, 0xE0,
  0x77, 0x81, 0xFC, 0x03, 0xF0, 0x0F, 0x80, 0x1E, 0x00, 0x78, 0x01, 0xE0,
  0x07, 0x80, 0x1E, 0x00, 0x78, 0x01, 0xE0, 0xFF, 0xFF, 0xFF, 0xFF, 0x80,
  0xE0, 0x38, 0x0F, 0x01, 0xC0, 0x70, 0x1E, 0x07, 0x80, 0xE0, 0x3C, 0x0F,
  0x01, 0xFF, 0xFF, 0xFF, 0xFF, 0xFF, 0xF1, 0x8C, 0x63, 0x18, 0xC6, 0x31,
  0x8C, 0x63, 0x18, 0xC7, 0xFE, 0xE0, 0x38, 0x1C, 0x0E, 0x03, 0x81, 0xC0,
  0x60, 0x38, 0x1C, 0x07, 0x03, 0x81, 0xC0, 0x70, 0x38, 0x1C, 0x07, 0xFF,
  0xCE, 0x73, 0x9C, 0xE7, 0x39, 0xCE, 0x73, 0x9C, 0xE7, 0x3F, 0xFE, 0x06,
  0x00, 0xF0, 0x0F, 0x00, 0xF8, 0x19, 0x81, 0x9C, 0x38, 0xC3, 0x0E, 0x70,
  0x66, 0x07, 0xFF, 0xFF, 0xC0, 0xF1, 0xE3, 0x87, 0x3F, 0x0F, 0xF8, 0xEF,
  0x00, 0xF0, 0x1E, 0x7F, 0xDF, 0xFF, 0x8F, 0xE1, 0xFE, 0x7F, 0xFB, 0xBE,
  0x70, 0xE0, 0x1C, 0x03, 0x80, 0x70, 0x0E, 0x01, 0xDE, 0x3F, 0xF7, 0xFE,
  0xE1, 0xFC, 0x3F, 0x83, 0xF0, 0x7E, 0x1F, 0xE3, 0xFF, 0xF7, 0xFE, 0xCF,
  0x00, 0x1F, 0x8F, 0xE7, 0xFB, 0xC0, 0xE0, 0x38, 0x0E, 0x03, 0x80, 0xF0,
  0x1F, 0xE7, 0xF8, 0x7E, 0x00, 0xE0, 0x1C, 0x03, 0x80, 0x70, 0x0E, 0x3D,
  0xDF, 0xFB, 0xFF, 0xF0, 0xFC, 0x1F, 0x83, 0xF0, 0x7E, 0x0F, 0xE1, 0xDF,
  0xFB, 0xFF, 0x3E, 0x60, 0x1F, 0x07, 0xF9, 0xE7, 0x78, 0x7E, 0x0F, 0xFF,
  0xFF, 0xFF, 0x00, 0xF0, 0x0F, 0xB8, 0xFF, 0x0F, 0xE0, 0x0F, 0xC7, 0xE3,
  0xF8, 0xF0, 0x3C, 0x1F, 0xCF, 0xF0, 0xF0, 0x3C, 0x0F, 0x03, 0xC0, 0xF0,
  0x3C, 0x0F, 0x03, 0xC0, 0xF0, 0x3C, 0x00, 0x1F, 0xF3, 0xFF, 0x79, 0xC7,
  0x0E, 0x70, 0xE7, 0x9E, 0x3F, 0xC1, 0xF8, 0x30, 0x03, 0xFC, 0x1F, 0xF7,
  0xFF, 0xE0, 0x7E, 0x07, 0xF0, 0xF7, 0xFE, 0x3F, 0x80, 0xE0, 0x1C, 0x03,
  0x80, 0x70, 0x0E, 0x01, 0xDF, 0x3F, 0xF7, 0xFF, 0xF1, 0xFC, 0x3F, 0x83,
  0xF0, 0x7E, 0x0F, 0xC1, 0xF8, 0x3F, 0x07, 0xE0, 0xE0, 0xFF, 0x81, 0xFF,
  0xFF, 0xFF, 0xFF, 0xE0, 0x1C, 0x71, 0xC0, 0x00, 0x71, 0xC7, 0x1C, 0x71,
  0xC7, 0x1C, 0x71, 0xC7, 0x1C, 0x71, 0xFF, 0xFB, 0xC0, 0xE0, 0x0E, 0x00,
  0xE0, 0x0E, 0x00, 0xE0, 0x0E, 0x1E, 0xE3, 0xCE, 0x78, 0xEF, 0x0E, 0xE0,
  0xFE, 0x0F, 0xF0, 0xF7, 0x0E, 0x78, 0xE3, 0xCE, 0x1E, 0xE0, 0xE0, 0xFF,
  0xFF, 0xFF, 0xFF, 0xFF, 0xFF, 0xE0, 0xCF, 0x8F, 0x3F, 0xFF, 0xEF, 0xFF,
  0xFF, 0xC7, 0x8F, 0xE1, 0xE1, 0xF8, 0x70, 0x7E, 0x1C, 0x1F, 0x87, 0x07,
  0xE1, 0xC1, 0xF8, 0x70, 0x7E, 0x1C, 0x1F, 0x87, 0x07, 0xCF, 0x9F, 0xFB,
  0xFF, 0xF8, 0xFE, 0x1F, 0xC1, 0xF8, 0x3F, 0x07, 0xE0, 0xFC, 0x1F, 0x83,
  0xF0, 0x70, 0x1F, 0x03, 0xFC, 0x7F, 0xEF, 0x0E, 0xE0, 0xFE, 0x0F, 0xE0,
  0xFE, 0x0F, 0xF0, 0xE7, 0xFE, 0x3F, 0xC1, 0xF0, 0xEF, 0x1F, 0xFB, 0xFF,
  0x70, 0xFE, 0x1F, 0xC1, 0xF8, 0x3F, 0x0F, 0xF1, 0xFF, 0xFB, 0xFF, 0x77,
  0x8E, 0x01, 0xC0, 0x38, 0x07, 0x00, 0xE0, 0x00, 0x3E, 0xEF, 0xFD, 0xFF,
  0xF8, 0x7E, 0x0F, 0xC1, 0xF8, 0x3F, 0x07, 0xF0, 0xEF, 0xFD, 0xFF, 0x9F,
  0x70, 0x0E, 0x01, 0xC0, 0x38, 0x07, 0x00, 0xE0, 0xC6, 0xFE, 0xFE, 0xF0,
  0xE0, 0xE0, 0xE0, 0xE0, 0xE0, 0xE0, 0xE0, 0xE0, 0x3F, 0x3F, 0xFC, 0xDC,
  0x0F, 0x83, 0xF0, 0xFE, 0x0F, 0x03, 0xF3, 0xFF, 0xCF, 0xC0, 0x18, 0x0C,
  0x0E, 0x0F, 0xFF, 0xF9, 0xC0, 0xE0, 0x70, 0x38, 0x1C, 0x0E, 0x07, 0x03,
  0xF8, 0xFC, 0x3E, 0xE1, 0xFC, 0x3F, 0x87, 0xF0, 0xFE, 0x1F, 0xC3, 0xF8,
  0x7F, 0x0F, 0xE1, 0xFF, 0xFF, 0xFB, 0x9E, 0x70, 0xF0, 0x73, 0x83, 0x9C,
  0x3C, 0xF1, 0xC3, 0x8E, 0x1C, 0xE0, 0xF7, 0x03, 0xB8, 0x1F, 0x80, 0x7C,
  0x03, 0xE0, 0x1E, 0x00, 0xF0, 0xE1, 0xCE, 0x3E, 0x39, 0xC7, 0xC7, 0x38,
  0xD9, 0xE7, 0xBB, 0x38, 0x77, 0x77, 0x0E, 0xCE, 0xE1, 0xD8, 0xD8, 0x1B,
  0x1F, 0x03, 0xE3, 0xE0, 0x7C, 0x7C, 0x0F, 0x0F, 0x00, 0x70, 0xF3, 0xC7,
  0x0F, 0x78, 0x3B, 0x81, 0xF8, 0x07, 0xC0, 0x3E, 0x03, 0xF8, 0x3D, 0xC1,
  0xCF, 0x1E, 0x3D, 0xE0, 0xE0, 0xF0, 0x73, 0x87, 0x9C, 0x3C, 0xF1, 0xC3,
  0x9E, 0x1C, 0xE0, 0x77, 0x03, 0xB8, 0x1F, 0x80, 0x7C, 0x03, 0xE0, 0x0E,
  0x00, 0x70, 0x07, 0x01, 0xF8, 0x0F, 0x80, 0x78, 0x00, 0xFF, 0xFF, 0xFF,
  0xE1, 0xE0, 0xE0, 0xE0, 0xF0, 0xF0, 0x70, 0x7F, 0xFF, 0xFF, 0xF0, 0x0F,
  0x1F, 0x1E, 0x1C, 0x1C, 0x1C, 0x1C, 0x1C, 0xFC, 0xF0, 0xF8, 0x3C, 0x1C,
  0x1C, 0x1C, 0x1C, 0x1E, 0x1F, 0x0F, 0xFF, 0xFF, 0xFF, 0xFF, 0xFF, 0xF0,
  0xE1, 0xE1, 0xE1, 0xC3, 0x87, 0x0E, 0x1C, 0x3E, 0x1C, 0xF9, 0xC3, 0x87,
  0x0E, 0x1C, 0x79, 0xE3, 0x80, 0x78, 0x3F, 0xCF, 0x7F, 0x81, 0xE0, 0x00,
  0x00, 0x00, 0x00, 0x00, 0x00, 0x00, 0x00, 0x00, 0x00, 0x00, 0x00, 0x00,
  0x00, 0x00, 0x00, 0x00, 0x00, 0x00, 0x00, 0x00, 0x00, 0x00, 0x00, 0x00,
  0x00, 0x00, 0x00, 0x00, 0x00, 0x00, 0x00, 0x00, 0x00, 0x7F, 0xF6, 0x00,
  0x67, 0x77, 0x77, 0xFF, 0xFF, 0x0C, 0x06, 0x07, 0xCF, 0xFF, 0xFF, 0x83,
  0x81, 0xC0, 0xE0, 0x70, 0x3C, 0x1F, 0xF7, 0xF9, 0xF8, 0x30, 0x18, 0x0F,
  0xC3, 0xF8, 0xFF, 0x1C, 0x03, 0x80, 0x70, 0x0E, 0x07, 0xFC, 0xFF, 0x87,
  0x00, 0xE0, 0x1C, 0x07, 0x01, 0xFF, 0xFF, 0xFF, 0xFF, 0x40, 0xBF, 0xF7,
  0xFD, 0xCE, 0x61, 0x98, 0x76, 0x19, 0xCE, 0x7F, 0xBF, 0xF4, 0x08, 0xF0,
  0x77, 0x0F, 0x78, 0xE3, 0x8E, 0x39, 0xC1, 0xDC, 0x1F, 0x80, 0xF8, 0x3F,
  0xC3, 0xFC, 0x07, 0x03, 0xFC, 0x3F, 0xC0, 0x70, 0x07, 0x00, 0x70, 0xFF,
  0xFF, 0xC0, 0x3F, 0xFF, 0xF0, 0x3F, 0x3F, 0xB8, 0x5C, 0x07, 0x01, 0xF1,
  0xFD, 0xC6, 0xE3, 0xB9, 0x9F, 0xC3, 0xE0, 0x70, 0x1F, 0x0D, 0xFE, 0x7E,
  0x00, 0xE7, 0xDF, 0x98, 0x07, 0xE0, 0x1E, 0x78, 0x30, 0x0C, 0x63, 0xE6,
  0x47, 0xE2, 0xC6, 0x03, 0xCC, 0x01, 0xCC, 0x01, 0xCC, 0x01, 0xCC, 0x01,
  0xCC, 0x03, 0x47, 0xE3, 0x63, 0xE6, 0x30, 0x0C, 0x1E, 0x78, 0x07, 0xE0,
  0x3C, 0xFC, 0x19, 0xF7, 0x7C, 0xDF, 0xBD, 0x18, 0x41, 0xCE, 0x39, 0xE7,
  0x3C, 0xF3, 0x8F, 0x38, 0x73, 0xC3, 0x9E, 0x1C, 0xE1, 0x84, 0xFF, 0xFF,
  0xFC, 0x03, 0x80, 0x70, 0x0E, 0x01, 0xC0, 0xFF, 0xFE, 0x07, 0xE0, 0x1E,
  0x78, 0x30, 0x0C, 0x67, 0xC6, 0x47, 0xE2, 0xC6, 0x23, 0xC6, 0x21, 0xC6,
  0x61, 0xC7, 0xC1, 0xC6, 0xC1, 0xC6, 0x63, 0x46, 0x63, 0x66, 0x36, 0x30,
  0x0C, 0x1E, 0x78, 0x07, 0xE0, 0xFF, 0xFF, 0xFC, 0x3C, 0xFE, 0xC6, 0xC7,
  0xC6, 0xFE, 0x3C, 0x0C, 0x01, 0x80, 0x30, 0x06, 0x00, 0xC1, 0xFF, 0xFF,
  0xF8, 0x60, 0x0C, 0x01, 0x80, 0x30, 0x00, 0x0F, 0xFF, 0xFF, 0xC0, 0x3C,
  0x7E, 0x46, 0x06, 0x0E, 0x1C, 0x38, 0x70, 0x7F, 0x7F, 0x7B, 0xF0, 0xC3,
  0x79, 0xE0, 0xC3, 0xFF, 0xE0, 0x3D, 0xE7, 0x38, 0xE0, 0xFC, 0x1F, 0x83,
  0xF0, 0x7E, 0x0F, 0xC1, 0xF8, 0x7F, 0x0F, 0xE1, 0xFF, 0xFF, 0xFF, 0xFF,
  0x7E, 0x01, 0xC0, 0x38, 0x07, 0x00, 0xE0, 0x00, 0x1F, 0xF7, 0xFF, 0x7F,
  0x3F, 0xF3, 0xFF, 0x3F, 0xF3, 0xFF, 0x3F, 0xF3, 0x7F, 0x37, 0xF3, 0x3F,
  0x30, 0x33, 0x03, 0x30, 0x33, 0x03, 0x30, 0x33, 0x03, 0x30, 0x33, 0x03,
  0x30, 0x33, 0x6F, 0xF7, 0x6F, 0x3F, 0xF0, 0x1B, 0xFE, 0xB1, 0x8C, 0x63,
  0x18, 0xC0, 0x79, 0xFB, 0x3E, 0x3C, 0x79, 0xFF, 0x3C, 0x61, 0x0E, 0x78,
  0x73, 0xC3, 0x9E, 0x3C, 0xE3, 0xCE, 0x39, 0xE7, 0x3C, 0xE7, 0x86, 0x10,
  0x1C, 0x0C, 0x0F, 0x07, 0x07, 0xC1, 0x81, 0x70, 0xE0, 0x1C, 0x30, 0x07,
  0x1C, 0x01, 0xC6, 0x00, 0x73, 0x8E, 0x1C, 0xC7, 0x80, 0x73, 0xE0, 0x39,
  0xB8, 0x0C, 0x6E, 0x07, 0x3F, 0xC1, 0x8F, 0xF0, 0xE0, 0x38, 0x30, 0x0E,
  0x1C, 0x0C, 0x0F, 0x07, 0x07, 0xC1, 0x81, 0x70, 0xE0, 0x1C, 0x30, 0x07,
  0x1C, 0x01, 0xC6, 0x78, 0x73, 0xFF, 0x1D, 0xC9, 0xC0, 0x60, 0x30, 0x38,
  0x1C, 0x0C, 0x0E, 0x07, 0x07, 0x01, 0x83, 0x80, 0xE1, 0xFC, 0x30, 0x7F,
  0x78, 0x0C, 0x7E, 0x0E, 0x03, 0x06, 0x01, 0x87, 0x07, 0xC7, 0x03, 0xE3,
  0x00, 0x3B, 0x80, 0x1D, 0x8E, 0xFD, 0xCF, 0x7C, 0xC5, 0x80, 0xE6, 0xC0,
  0x66, 0xE0, 0x77, 0xF8, 0x33, 0xFC, 0x38, 0x1C, 0x38, 0x0E, 0x0C, 0x07,
  0x81, 0xE0, 0x30, 0x00, 0x00, 0x00, 0xE0, 0x38, 0x3C, 0x1E, 0x0F, 0x03,
  0x80, 0xE0, 0x3F, 0xEF, 0xF8, 0xFC, 0x0F, 0x00, 0x0F, 0x00, 0x0E, 0x00,
  0x0E, 0x00, 0x00, 0x00, 0xF8, 0x01, 0xF0, 0x03, 0xE0, 0x0E, 0xE0, 0x1D,
  0xC0, 0x3B, 0xC0, 0xE3, 0x81, 0xC7, 0x03, 0x8F, 0x0F, 0xFE, 0x1F, 0xFC,
  0x3F, 0xFC, 0xF0, 0x39, 0xC0, 0x73, 0x80, 0xFF, 0x01, 0xE0, 0x00, 0xF0,
  0x03, 0xC0, 0x07, 0x00, 0x1C, 0x00, 0x00, 0x00, 0xF8, 0x01, 0xF0, 0x03,
  0xE0, 0x0E, 0xE0, 0x1D, 0xC0, 0x3B, 0xC0, 0xE3, 0x81, 0xC7, 0x03, 0x8F,
  0x0F, 0xFE, 0x1F, 0xFC, 0x3F, 0xFC, 0xF0, 0x39, 0xC0, 0x73, 0x80, 0xFF,
  0x01, 0xE0, 0x07, 0xC0, 0x0F, 0x80, 0x3B, 0x80, 0xE3, 0x80, 0x00, 0x00,
  0xF8, 0x01, 0xF0, 0x03, 0xE0, 0x0E, 0xE0, 0x1D, 0xC0, 0x3B, 0xC0, 0xE3,
  0x81, 0xC7, 0x03, 0x8F, 0x0F, 0xFE, 0x1F, 0xFC, 0x3F, 0xFC, 0xF0, 0x39,
  0xC0, 0x73, 0x80, 0xFF, 0x01, 0xE0, 0x0F, 0x30, 0x3F, 0xC0, 0x67, 0x80,
  0x00, 0x00, 0x7C, 0x00, 0xF8, 0x01, 0xF0, 0x07, 0x70, 0x0E, 0xE0, 0x1D,
  0xE0, 0x71, 0xC0, 0xE3, 0x81, 0xC7, 0x87, 0xFF, 0x0F, 0xFE, 0x1F, 0xFE,
  0x78, 0x1C, 0xE0, 0x39, 0xC0, 0x7F, 0x80, 0xF0, 0x0E, 0x60, 0x1D, 0xC0,
  0x39, 0x80, 0x00, 0x00, 0x00, 0x00, 0xF8, 0x01, 0xF0, 0x03, 0xE0, 0x0E,
  0xE0, 0x1D, 0xC0, 0x3B, 0xC0, 0xE3, 0x81, 0xC7, 0x03, 0x8F, 0x0F, 0xFE,
  0x1F, 0xFC, 0x3F, 0xFC, 0xF0, 0x39, 0xC0, 0x73, 0x80, 0xFF, 0x01, 0xE0,
  0x03, 0x80, 0x0F, 0x80, 0x19, 0x00, 0x3E, 0x00, 0x7C, 0x00, 0xF8, 0x03,
  0xB8, 0x07, 0x70, 0x0E, 0xF0, 0x38, 0xE0, 0x71, 0xC0, 0xE3, 0xC3, 0xFF,
  0x87, 0xFF, 0x0F, 0xFF, 0x3C, 0x0E, 0x70, 0x1C, 0xE0, 0x3F, 0xC0, 0x78,
  0x01, 0xFF, 0xF0, 0x3F, 0xFF, 0x03, 0xFF, 0xF0, 0x7B, 0xC0, 0x07, 0x3C,
  0x00, 0x73, 0xC0, 0x0E, 0x3F, 0xE0, 0xE3, 0xFE, 0x1E, 0x3F, 0xE1, 0xFF,
  0xC0, 0x3F, 0xFC, 0x03, 0xFF, 0xC0, 0x38, 0x3C, 0x07, 0x03, 0xFF, 0x70,
  0x3F, 0xFF, 0x03, 0xFF, 0x07, 0xE1, 0xFF, 0x3F, 0xF7, 0x82, 0x78, 0x07,
  0x00, 0xF0, 0x0F, 0x00, 0xF0, 0x0F, 0x00, 0x70, 0x07, 0x00, 0x78, 0x13,
  0xFF, 0x1F, 0xF0, 0xFE, 0x03, 0x00, 0x78, 0x01, 0x80, 0x78, 0x07, 0x80,
  0x78, 0x1E, 0x07, 0x01, 0xC0, 0x07, 0xFF, 0xFF, 0xFF, 0xE0, 0x70, 0x38,
  0x1F, 0xFF, 0xFF, 0xFF, 0x81, 0xC0, 0xE0, 0x70, 0x3F, 0xFF, 0xFF, 0xF8,
  0x07, 0x87, 0x83, 0x83, 0x80, 0x07, 0xFF, 0xFF, 0xFF, 0xE0, 0x70, 0x38,
  0x1F, 0xFF, 0xFF, 0xFF, 0x81, 0xC0, 0xE0, 0x70, 0x3F, 0xFF, 0xFF, 0xF8,
  0x3E, 0x1F, 0x1D, 0xDC, 0x70, 0x07, 0xFF, 0xFF, 0xFF, 0xE0, 0x70, 0x38,
  0x1F, 0xFF, 0xFF, 0xFF, 0x81, 0xC0, 0xE0, 0x70, 0x3F, 0xFF, 0xFF, 0xF8,
  0x73, 0x3B, 0x9C, 0xC0, 0x00, 0x07, 0xFF, 0xFF, 0xFF, 0xE0, 0x70, 0x38,
  0x1F, 0xFF, 0xFF, 0xFF, 0x81, 0xC0, 0xE0, 0x70, 0x3F, 0xFF, 0xFF, 0xF8,
  0xF1, 0xE3, 0x87, 0x00, 0x71, 0xC7, 0x1C, 0x71, 0xC7, 0x1C, 0x71, 0xC7,
  0x1C, 0x71, 0xC7, 0x1C, 0x3D, 0xE7, 0x38, 0x03, 0x8E, 0x38, 0xE3, 0x8E,
  0x38, 0xE3, 0x8E, 0x38, 0xE3, 0x8E, 0x38, 0xE0, 0x3E, 0x1F, 0x1D, 0xDC,
  0x70, 0x00, 0xE0, 0x70, 0x38, 0x1C, 0x0E, 0x07, 0x03, 0x81, 0xC0, 0xE0,
  0x70, 0x38, 0x1C, 0x0E, 0x07, 0x03, 0x81, 0xC0, 0xE7, 0xDF, 0x98, 0x00,
  0x07, 0x0E, 0x1C, 0x38, 0x70, 0xE1, 0xC3, 0x87, 0x0E, 0x1C, 0x38, 0x70,
  0xE1, 0xC3, 0x80, 0x3F, 0xC0, 0x7F, 0xE0, 0xFF, 0xE1, 0xC1, 0xE3, 0x81,
  0xC7, 0x03, 0xFF, 0xC7, 0xFF, 0x87, 0xFF, 0x0E, 0x70, 0x3C, 0xE0, 0x79,
  0xC0, 0xE3, 0x83, 0xC7, 0xFF, 0x0F, 0xFC, 0x1F, 0xE0, 0x0F, 0x30, 0x7F,
  0x81, 0x9E, 0x00, 0x00, 0xF0, 0x1F, 0xE0, 0x7F, 0xC1, 0xFF, 0x07, 0xFE,
  0x1F, 0xB8, 0x7E, 0xF1, 0xF9, 0xC7, 0xE7, 0x9F, 0x8F, 0x7E, 0x1D, 0xF8,
  0x7F, 0xE0, 0xFF, 0x83, 0xFE, 0x07, 0xF8, 0x1F, 0x0F, 0x00, 0x0F, 0x00,
  0x0E, 0x00, 0x0E, 0x00, 0x00, 0x00, 0xFC, 0x07, 0xFE, 0x1F, 0xFE, 0x78,
  0x3C, 0xE0, 0x3D, 0xC0, 0x7F, 0x80, 0x7F, 0x00, 0xFE, 0x01, 0xFC, 0x03,
  0xB8, 0x0F, 0x78, 0x1E, 0xF0, 0x78, 0xFF, 0xF0, 0xFF, 0xC0, 0x7E, 0x00,
  0x00, 0xF0, 0x03, 0xC0, 0x07, 0x00, 0x1C, 0x00, 0x00, 0x00, 0xFC, 0x07,
  0xFE, 0x1F, 0xFE, 0x78, 0x3C, 0xE0, 0x3D, 0xC0, 0x7F, 0x80, 0x7F, 0x00,
  0xFE, 0x01, 0xFC, 0x03, 0xB8, 0x0F, 0x78, 0x1E, 0xF0, 0x78, 0xFF, 0xF0,
  0xFF, 0xC0, 0x7E, 0x00, 0x07, 0xC0, 0x0F, 0x80, 0x3B, 0x80, 0xE3, 0x80,
  0x00, 0x00, 0xFC, 0x07, 0xFE, 0x1F, 0xFE, 0x78, 0x3C, 0xE0, 0x3D, 0xC0,
  0x7F, 0x80, 0x7F, 0x00, 0xFE, 0x01, 0xFC, 0x03, 0xB8, 0x0F, 0x78, 0x1E,
  0xF0, 0x78, 0xFF, 0xF0, 0xFF, 0xC0, 0x7E, 0x00, 0x0F, 0x30, 0x3F, 0xC0,
  0x67, 0x80, 0x00, 0x00, 0x7E, 0x03, 0xFF, 0x0F, 0xFF, 0x3C, 0x1E, 0x70,
  0x1E, 0xE0, 0x3F, 0xC0, 0x3F, 0x80, 0x7F, 0x00, 0xFE, 0x01, 0xDC, 0x07,
  0xBC, 0x0F, 0x78, 0x3C, 0x7F, 0xF8, 0x7F, 0xE0, 0x3F, 0x00, 0x0E, 0x60,
  0x1D, 0xC0, 0x39, 0x80, 0x00, 0x00, 0x00, 0x00, 0xFC, 0x07, 0xFE, 0x1F,
  0xFE, 0x78, 0x3C, 0xE0, 0x3D, 0xC0, 0x7F, 0x80, 0x7F, 0x00, 0xFE, 0x01,
  0xFC, 0x03, 0xB8, 0x0F, 0x78, 0x1E, 0xF0, 0x78, 0xFF, 0xF0, 0xFF, 0xC0,
  0x7E, 0x00, 0x20, 0x98, 0x77, 0x38, 0xFC, 0x1E, 0x07, 0x83, 0xF1, 0xCE,
  0x61, 0xC8, 0x20, 0x00, 0x08, 0x0F, 0xD8, 0x7F, 0xE1, 0xFF, 0xE7, 0x83,
  0xCE, 0x0F, 0xDC, 0x3F, 0xF8, 0x67, 0xF1, 0x8F, 0xE7, 0x1F, 0xCC, 0x3B,
  0xB0, 0xF7, 0xE1, 0xEF, 0x87, 0x8F, 0xFF, 0x1F, 0xFC, 0x37, 0xE0, 0x40,
  0x00, 0x3C, 0x00, 0xF0, 0x03, 0x80, 0x0E, 0x00, 0x00, 0x70, 0x3F, 0x81,
  0xFC, 0x0F, 0xE0, 0x7F, 0x03, 0xF8, 0x1F, 0xC0, 0xFE, 0x07, 0xF0, 0x3F,
  0x81, 0xFC, 0x0F, 0xE0, 0x7F, 0x83, 0x9F, 0xFC, 0x7F, 0xC1, 0xF8, 0x00,
  0x03, 0xC0, 0x3C, 0x01, 0xC0, 0x1C, 0x00, 0x00, 0x70, 0x3F, 0x81, 0xFC,
  0x0F, 0xE0, 0x7F, 0x03, 0xF8, 0x1F, 0xC0, 0xFE, 0x07, 0xF0, 0x3F, 0x81,
  0xFC, 0x0F, 0xE0, 0x7F, 0x83, 0x9F, 0xFC, 0x7F, 0xC1, 0xF8, 0x00, 0x0F,
  0x80, 0x7C, 0x07, 0x70, 0x71, 0xC0, 0x00, 0x70, 0x3F, 0x81, 0xFC, 0x0F,
  0xE0, 0x7F, 0x03, 0xF8, 0x1F, 0xC0, 0xFE, 0x07, 0xF0, 0x3F, 0x81, 0xFC,
  0x0F, 0xE0, 0x7F, 0x83, 0x9F, 0xFC, 0x7F, 0xC1, 0xF8, 0x00, 0x1C, 0xC0,
  0xEE, 0x07, 0x30, 0x00, 0x00, 0x00, 0x70, 0x3F, 0x81, 0xFC, 0x0F, 0xE0,
  0x7F, 0x03, 0xF8, 0x1F, 0xC0, 0xFE, 0x07, 0xF0, 0x3F, 0x81, 0xFC, 0x0F,
  0xE0, 0x7F, 0x83, 0x9F, 0xFC, 0x7F, 0xC1, 0xF8, 0x00, 0x01, 0xE0, 0x0F,
  0x00, 0x38, 0x01, 0xC0, 0x00, 0x03, 0xC0, 0xE7, 0x07, 0x9E, 0x1C, 0x38,
  0xF0, 0xF3, 0x81, 0xDE, 0x07, 0xF0, 0x0F, 0xC0, 0x3E, 0x00, 0x78, 0x01,
  0xE0, 0x07, 0x80, 0x1E, 0x00, 0x78, 0x01, 0xE0, 0x07, 0x80, 0xE0, 0x1C,
  0x03, 0xFC, 0x7F, 0xCF, 0xFD, 0xC3, 0xF8, 0x7F, 0x0F, 0xE1, 0xFC, 0x3F,
  0xFF, 0x7F, 0xCF, 0xF1, 0xC0, 0x38, 0x07, 0x00, 0x1F, 0x83, 0xFF, 0x3F,
  0xF9, 0xC1, 0xCE, 0x0E, 0x70, 0xF3, 0x8F, 0x1C, 0xE0, 0xE7, 0x87, 0x3E,
  0x38, 0xFD, 0xC1, 0xEE, 0x07, 0xF0, 0x3F, 0x99, 0xFC, 0xFE, 0xE7, 0xE0,
  0x3C, 0x03, 0xC0, 0x38, 0x03, 0x80, 0x00, 0x7E, 0x1F, 0xF1, 0xDE, 0x01,
  0xE0, 0x3C, 0xFF, 0xBF, 0xFF, 0x1F, 0xC3, 0xFC, 0xFF, 0xF7, 0x7C, 0xE0,
  0x03, 0xC0, 0xF0, 0x1C, 0x07, 0x00, 0x00, 0x7E, 0x1F, 0xF1, 0xDE, 0x01,
  0xE0, 0x3C, 0xFF, 0xBF, 0xFF, 0x1F, 0xC3, 0xFC, 0xFF, 0xF7, 0x7C, 0xE0,
  0x1F, 0x03, 0xE0, 0xEE, 0x38, 0xE0, 0x00, 0x7E, 0x1F, 0xF1, 0xDE, 0x01,
  0xE0, 0x3C, 0xFF, 0xBF, 0xFF, 0x1F, 0xC3, 0xFC, 0xFF, 0xF7, 0x7C, 0xE0,
  0x3C, 0xCF, 0xF1, 0x9E, 0x00, 0x03, 0xF0, 0xFF, 0x8E, 0xF0, 0x0F, 0x01,
  0xE7, 0xFD, 0xFF, 0xF8, 0xFE, 0x1F, 0xE7, 0xFF, 0xBB, 0xE7, 0x39, 0x87,
  0x70, 0xE6, 0x00, 0x00, 0x00, 0x7E, 0x1F, 0xF1, 0xDE, 0x01, 0xE0, 0x3C,
  0xFF, 0xBF, 0xFF, 0x1F, 0xC3, 0xFC, 0xFF, 0xF7, 0x7C, 0xE0, 0x0E, 0x03,
  0xE0, 0x64, 0x0F, 0x80, 0xE0, 0x00, 0x0F, 0xC3, 0xFE, 0x3B, 0xC0, 0x3C,
  0x07, 0x9F, 0xF7, 0xFF, 0xE3, 0xF8, 0x7F, 0x9F, 0xFE, 0xEF, 0x9C, 0x3F,
  0x1F, 0x1F, 0xFF, 0xE3, 0x3F, 0x3C, 0x07, 0x87, 0x1F, 0xE1, 0xDF, 0xFF,
  0xFF, 0x1F, 0xFF, 0x87, 0x80, 0xE1, 0xE0, 0x3C, 0xFE, 0x77, 0xF7, 0xFC,
  0xF8, 0x7E, 0x1F, 0x8F, 0xE7, 0xFB, 0xC0, 0xE0, 0x38, 0x0E, 0x03, 0x80,
  0xF0, 0x1F, 0xE7, 0xF8, 0x7E, 0x0C, 0x07, 0x80, 0x60, 0x78, 0x1E, 0x00,
  0x78, 0x07, 0x80, 0x70, 0x07, 0x00, 0x00, 0x3E, 0x0F, 0xF3, 0xCE, 0xF0,
  0xFC, 0x1F, 0xFF, 0xFF, 0xFE, 0x01, 0xE0, 0x1F, 0x71, 0xFE, 0x1F, 0xC0,
  0x03, 0xC0, 0xF0, 0x1C, 0x07, 0x00, 0x00, 0x3E, 0x0F, 0xF3, 0xCE, 0xF0,
  0xFC, 0x1F, 0xFF, 0xFF, 0xFE, 0x01, 0xE0, 0x1F, 0x71, 0xFE, 0x1F, 0xC0,
  0x1F, 0x03, 0xE0, 0xEE, 0x38, 0xE0, 0x00, 0x3E, 0x0F, 0xF3, 0xCE, 0xF0,
  0xFC, 0x1F, 0xFF, 0xFF, 0xFE, 0x01, 0xE0, 0x1F, 0x71, 0xFE, 0x1F, 0xC0,
  0x39, 0x87, 0x70, 0xE6, 0x00, 0x00, 0x00, 0x3E, 0x0F, 0xF3, 0xCE, 0xF0,
  0xFC, 0x1F, 0xFF, 0xFF, 0xFE, 0x01, 0xE0, 0x1F, 0x71, 0xFE, 0x1F, 0xC0,
  0xF1, 0xE3, 0x87, 0x00, 0x71, 0xC7, 0x1C, 0x71, 0xC7, 0x1C, 0x71, 0xC7,
  0x1C, 0x3D, 0xE7, 0x38, 0x03, 0x8E, 0x38, 0xE3, 0x8E, 0x38, 0xE3, 0x8E,
  0x38, 0xE0, 0x3E, 0x1F, 0x1D, 0xDC, 0x70, 0x00, 0xE0, 0x70, 0x38, 0x1C,
  0x0E, 0x07, 0x03, 0x81, 0xC0, 0xE0, 0x70, 0x38, 0x1C, 0x00, 0xE7, 0xDF,
  0x98, 0x00, 0x07, 0x0E, 0x1C, 0x38, 0x70, 0xE1, 0xC3, 0x87, 0x0E, 0x1C,
  0x38, 0x08, 0x81, 0xFC, 0x0F, 0x81, 0xF8, 0x19, 0xC0, 0x1E, 0x1E, 0xE7,
  0xFE, 0x79, 0xEF, 0x0F, 0xE0, 0xFE, 0x0F, 0xE0, 0xEF, 0x0E, 0x79, 0xE3,
  0xFC, 0x1F, 0x00, 0x3C, 0xCF, 0xF1, 0x9E, 0x00, 0x0C, 0xF9, 0xFF, 0xBF,
  0xFF, 0x8F, 0xE1, 0xFC, 0x1F, 0x83, 0xF0, 0x7E, 0x0F, 0xC1, 0xF8, 0x3F,
  0x07, 0x3C, 0x01, 0xE0, 0x0E, 0x00, 0x70, 0x00, 0x01, 0xF0, 0x3F, 0xC7,
  0xFE, 0xF0, 0xEE, 0x0F, 0xE0, 0xFE, 0x0F, 0xE0, 0xFF, 0x0E, 0x7F, 0xE3,
  0xFC, 0x1F, 0x00, 0x03, 0xC0, 0x78, 0x07, 0x00, 0xE0, 0x00, 0x01, 0xF0,
  0x3F, 0xC7, 0xFE, 0xF0, 0xEE, 0x0F, 0xE0, 0xFE, 0x0F, 0xE0, 0xFF, 0x0E,
  0x7F, 0xE3, 0xFC, 0x1F, 0x00, 0x1F, 0x01, 0xF0, 0x3B, 0x87, 0x1C, 0x00,
  0x01, 0xF0, 0x3F, 0xC7, 0xFE, 0xF0, 0xEE, 0x0F, 0xE0, 0xFE, 0x0F, 0xE0,
  0xFF, 0x0E, 0x7F, 0xE3, 0xFC, 0x1F, 0x00, 0x3C, 0xC7, 0xF8, 0x67, 0x80,
  0x00, 0x1F, 0x03, 0xFC, 0x7F, 0xEF, 0x0E, 0xE0, 0xFE, 0x0F, 0xE0, 0xFE,
  0x0F, 0xF0, 0xE7, 0xFE, 0x3F, 0xC1, 0xF0, 0x39, 0x83, 0xB8, 0x39, 0x80,
  0x00, 0x00, 0x01, 0xF0, 0x3F, 0xC7, 0xFE, 0xF0, 0xEE, 0x0F, 0xE0, 0xFE,
  0x0F, 0xE0, 0xFF, 0x0E, 0x7F, 0xE3, 0xFC, 0x1F, 0x00, 0x04, 0x01, 0xC0,
  0x38, 0x02, 0x00, 0x01, 0xFF, 0xFF, 0xF8, 0x00, 0x0C, 0x01, 0xC0, 0x38,
  0x00, 0x00, 0x41, 0xF6, 0x3F, 0xC7, 0xFE, 0xF3, 0xEE, 0x3F, 0xE7, 0xFE,
  0xEF, 0xFC, 0xFF, 0x8E, 0x7F, 0xE3, 0xFC, 0x7F, 0x02, 0x00, 0x78, 0x07,
  0x80, 0x70, 0x07, 0x00, 0x01, 0xC3, 0xF8, 0x7F, 0x0F, 0xE1, 0xFC, 0x3F,
  0x87, 0xF0, 0xFE, 0x1F, 0xC3, 0xFF, 0xFF, 0xF7, 0x3C, 0xE0, 0x07, 0x81,
  0xE0, 0x38, 0x0E, 0x00, 0x01, 0xC3, 0xF8, 0x7F, 0x0F, 0xE1, 0xFC, 0x3F,
  0x87, 0xF0, 0xFE, 0x1F, 0xC3, 0xFF, 0xFF, 0xF7, 0x3C, 0xE0, 0x1F, 0x03,
  0xE0, 0xEE, 0x38, 0xE0, 0x01, 0xC3, 0xF8, 0x7F, 0x0F, 0xE1, 0xFC, 0x3F,
  0x87, 0xF0, 0xFE, 0x1F, 0xC3, 0xFF, 0xFF, 0xF7, 0x3C, 0xE0, 0x39, 0x87,
  0x70, 0xE6, 0x00, 0x00, 0x01, 0xC3, 0xF8, 0x7F, 0x0F, 0xE1, 0xFC, 0x3F,
  0x87, 0xF0, 0xFE, 0x1F, 0xC3, 0xFF, 0xFF, 0xF7, 0x3C, 0xE0, 0x03, 0xC0,
  0x3C, 0x01, 0xC0, 0x1C, 0x00, 0x00, 0x78, 0x39, 0xC3, 0xCE, 0x1E, 0x78,
  0xE1, 0xCF, 0x0E, 0x70, 0x3B, 0x81, 0xDC, 0x0F, 0xC0, 0x3E, 0x01, 0xF0,
  0x07, 0x00, 0x38, 0x03, 0x80, 0xFC, 0x07, 0xC0, 0x3C, 0x00, 0xE0, 0x1C,
  0x03, 0x80, 0x70, 0x0E, 0x01, 0xDE, 0x3F, 0xF7, 0xFE, 0xE1, 0xFC, 0x3F,
  0x83, 0xF0, 0x7E, 0x1F, 0xE3, 0xFF, 0xF7, 0xFE, 0xEF, 0x1C, 0x03, 0x80,
  0x70, 0x0E, 0x01, 0xC0, 0x00, 0x1C, 0xC0, 0xEE, 0x07, 0x30, 0x00, 0x00,
  0x00, 0x78, 0x39, 0xC3, 0xCE, 0x1E, 0x78, 0xE1, 0xCF, 0x0E, 0x70, 0x3B,
  0x81, 0xDC, 0x0F, 0xC0, 0x3E, 0x01, 0xF0, 0x07, 0x00, 0x38, 0x03, 0x80,
  0xFC, 0x07, 0xC0, 0x3C, 0x00 };

const GFXglyph OpenSans_Bold11pt8bGlyphs[] PROGMEM = {
  {     0,   1,   1,   6,    0,    0 },   // 0x20 ' '
  {     1,   4,  16,   6,    1,  -15 },   // 0x21 '!'
  {     9,   8,   6,  10,    1,  -15 },   // 0x22 '"'
  {    15,  14,  16,  14,    0,  -15 },   // 0x23 '#'
  {    43,  11,  18,  13,    1,  -16 },   // 0x24 '$'
  {    68,  18,  16,  20,    1,  -15 },   // 0x25 '%'
  {   104,  16,  16,  17,    1,  -15 },   // 0x26 '&'
  {   136,   3,   6,   6,    1,  -15 },   // 0x27 '''
  {   139,   6,  19,   7,    1,  -15 },   // 0x28 '('
  {   154,   6,  19,   7,    1,  -15 },   // 0x29 ')'
  {   169,  10,  10,  12,    1,  -16 },   // 0x2A '*'
  {   182,  11,  11,  13,    1,  -13 },   // 0x2B '+'
  {   198,   4,   5,   6,    1,   -2 },   // 0x2C ','
  {   201,   5,   3,   7,    1,   -7 },   // 0x2D '-'
  {   203,   4,   4,   6,    1,   -3 },   // 0x2E '.'
  {   205,   9,  16,   9,    0,  -15 },   // 0x2F '/'
  {   223,  11,  16,  13,    1,  -15 },   // 0x30 '0'
  {   245,   8,  16,  13,    1,  -15 },   // 0x31 '1'
  {   261,  11,  16,  13,    1,  -15 },   // 0x32 '2'
  {   283,  11,  16,  13,    1,  -15 },   // 0x33 '3'
  {   305,  12,  16,  13,    0,  -15 },   // 0x34 '4'
  {   329,  11,  16,  13,    1,  -15 },   // 0x35 '5'
  {   351,  11,  16,  13,    1,  -15 },   // 0x36 '6'
  {   373,  11,  16,  13,    1,  -15 },   // 0x37 '7'
  {   395,  11,  16,  13,    1,  -15 },   // 0x38 '8'
  {   417,  11,  16,  13,    1,  -15 },   // 0x39 '9'
  {   439,   4,  12,   6,    1,  -11 },   // 0x3A ':'
  {   445,   4,  14,   6,    1,  -11 },   // 0x3B ';'
  {   452,  11,  12,  13,    1,  -13 },   // 0x3C '<'
  {   469,  11,   6,  13,    1,  -10 },   // 0x3D '='
  {   478,  11,  12,  13,    1,  -13 },   // 0x3E '>'
  {   495,  10,  16,  11,    0,  -15 },   // 0x3F '?'
  {   515,  18,  18,  20,    1,  -15 },   // 0x40 '@'
  {   556,  15,  16,  15,    0,  -15 },   // 0x41 'A'
  {   586,  12,  16,  15,    2,  -15 },   // 0x42 'B'
  {   610,  12,  16,  14,    1,  -15 },   // 0x43 'C'
  {   634,  13,  16,  16,    2,  -15 },   // 0x44 'D'
  {   660,   9,  16,  12,    2,  -15 },   // 0x45 'E'
  {   678,   9,  16,  12,    2,  -15 },   // 0x46 'F'
  {   696,  13,  16,  16,    1,  -15 },   // 0x47 'G'
  {   722,  13,  16,  17,    2,  -15 },   // 0x48 'H'
  {   748,   3,  16,   7,    2,  -15 },   // 0x49 'I'
  {   754,   7,  21,   7,   -2,  -15 },   // 0x4A 'J'
  {   773,  13,  16,  15,    2,  -15 },   // 0x4B 'K'
  {   799,  10,  16,  12,    2,  -15 },   // 0x4C 'L'
  {   819,  17,  16,  21,    2,  -15 },   // 0x4D 'M'
  {   853,  14,  16,  18,    2,  -15 },   // 0x4E 'N'
  {   881,  15,  16,  18,    1,  -15 },   // 0x4F 'O'
  {   911,  11,  16,  14,    2,  -15 },   // 0x50 'P'
  {   933,  15,  20,  18,    1,  -15 },   // 0x51 'Q'
  {   971,  13,  16,  15,    2,  -15 },   // 0x52 'R'
  {   997,  10,  16,  12,    1,  -15 },   // 0x53 'S'
  {  1017,  12,  16,  13,    0,  -15 },   // 0x54 'T'
  {  1041,  13,  16,  17,    2,  -15 },   // 0x55 'U'
  {  1067,  14,  16,  14,    0,  -15 },   // 0x56 'V'
  {  1095,  21,  16,  21,    0,  -15 },   // 0x57 'W'
  {  1137,  15,  16,  15,    0,  -15 },   // 0x58 'X'
  {  1167,  14,  16,  14,    0,  -15 },   // 0x59 'Y'
  {  1195,  11,  16,  13,    1,  -15 },   // 0x5A 'Z'
  {  1217,   5,  19,   7,    2,  -15 },   // 0x5B '['
  {  1229,   9,  16,   9,    0,  -15 },   // 0x5C '\'
  {  1247,   5,  19,   7,    1,  -15 },   // 0x5D ']'
  {  1259,  12,  10,  13,    0,  -15 },   // 0x5E '^'
  {  1274,   9,   2,   9,    0,    3 },   // 0x5F '_'
  {  1277,   6,   4,   8,    1,  -16 },   // 0x60 '`'
  {  1280,  11,  12,  13,    1,  -11 },   // 0x61 'a'
  {  1297,  11,  17,  14,    2,  -16 },   // 0x62 'b'
  {  1321,  10,  12,  11,    1,  -11 },   // 0x63 'c'
  {  1336,  11,  17,  14,    1,  -16 },   // 0x64 'd'
  {  1360,  11,  12,  13,    1,  -11 },   // 0x65 'e'
  {  1377,  10,  17,   9,    0,  -16 },   // 0x66 'f'
  {  1399,  12,  17,  12,    0,  -11 },   // 0x67 'g'
  {  1425,  11,  17,  14,    2,  -16 },   // 0x68 'h'
  {  1449,   3,  17,   7,    2,  -16 },   // 0x69 'i'
  {  1456,   6,  22,   7,   -1,  -16 },   // 0x6A 'j'
  {  1473,  12,  17,  14,    2,  -16 },   // 0x6B 'k'
  {  1499,   3,  17,   7,    2,  -16 },   // 0x6C 'l'
  {  1506,  18,  12,  22,    2,  -11 },   // 0x6D 'm'
  {  1533,  11,  12,  14,    2,  -11 },   // 0x6E 'n'
  {  1550,  12,  12,  14,    1,  -11 },   // 0x6F 'o'
  {  1568,  11,  17,  14,    2,  -11 },   // 0x70 'p'
  {  1592,  11,  17,  14,    1,  -11 },   // 0x71 'q'
  {  1616,   8,  12,  10,    2,  -11 },   // 0x72 'r'
  {  1628,   9,  12,  11,    1,  -11 },   // 0x73 's'
  {  1642,   9,  15,  10,    0,  -14 },   // 0x74 't'
  {  1659,  11,  12,  14,    2,  -11 },   // 0x75 'u'
  {  1676,  13,  12,  13,    0,  -11 },   // 0x76 'v'
  {  1696,  19,  12,  19,    0,  -11 },   // 0x77 'w'
  {  1725,  13,  12,  13,    0,  -11 },   // 0x78 'x'
  {  1745,  13,  17,  13,    0,  -11 },   // 0x79 'y'
  {  1773,   9,  12,  11,    1,  -11 },   // 0x7A 'z'
  {  1787,   8,  19,   9,    0,  -15 },   // 0x7B '{'
  {  1806,   2,  22,  12,    5,  -16 },   // 0x7C '|'
  {  1812,   7,  19,   9,    1,  -15 },   // 0x7D '}'
  {  1829,  11,   4,  13,    1,   -9 },   // 0x7E '~'
  {  1835,   1,   1,  13,    0,    0 },   // 0x7F
  {  1836,   1,   1,  13,    0,    0 },   // 0x80
  {  1837,   1,   1,  13,    0,    0 },   // 0x81
  {  1838,   1,   1,  13,    0,    0 },   // 0x82
  {  1839,   1,   1,  13,    0,    0 },   // 0x83
  {  1840,   1,   1,  13,    0,    0 },   // 0x84
  {  1841,   1,   1,  13,    0,    0 },   // 0x85
  {  1842,   1,   1,  13,    0,    0 },   // 0x86
  {  1843,   1,   1,  13,    0,    0 },   // 0x87
  {  1844,   1,   1,  13,    0,    0 },   // 0x88
  {  1845,   1,   1,  13,    0,    0 },   // 0x89
  {  1846,   1,   1,  13,    0,    0 },   // 0x8A
  {  1847,   1,   1,  13,    0,    0 },   // 0x8B
  {  1848,   1,   1,  13,    0,    0 },   // 0x8C
  {  1849,   1,   1,  13,    0,    0 },   // 0x8D
  {  1850,   1,   1,  13,    0,    0 },   // 0x8E
  {  1851,   1,   1,  13,    0,    0 },   // 0x8F
  {  1852,   1,   1,  13,    0,    0 },   // 0x90
  {  1853,   1,   1,  13,    0,    0 },   // 0x91
  {  1854,   1,   1,  13,    0,    0 },   // 0x92
  {  1855,   1,   1,  13,    0,    0 },   // 0x93
  {  1856,   1,   1,  13,    0,    0 },   // 0x94
  {  1857,   1,   1,  13,    0,    0 },   // 0x95
  {  1858,   1,   1,  13,    0,    0 },   // 0x96
  {  1859,   1,   1,  13,    0,    0 },   // 0x97
  {  1860,   1,   1,  13,    0,    0 },   // 0x98
  {  1861,   1,   1,  13,    0,    0 },   // 0x99
  {  1862,   1,   1,  13,    0,    0 },   // 0x9A
  {  1863,   1,   1,  13,    0,    0 },   // 0x9B
  {  1864,   1,   1,  13,    0,    0 },   // 0x9C
  {  1865,   1,   1,  13,    0,    0 },   // 0x9D
  {  1866,   1,   1,  13,    0,    0 },   // 0x9E
  {  1867,   1,   1,  13,    0,    0 },   // 0x9F
  {  1868,   1,   1,   6,    0,    0 },   // 0xA0
  {  1869,   4,  16,   6,    1,  -11 },   // 0xA1
  {  1877,   9,  16,  13,    2,  -15 },   // 0xA2
  {  1895,  11,  16,  13,    1,  -15 },   // 0xA3
  {  1917,  10,  11,  13,    1,  -13 },   // 0xA4
  {  1931,  12,  16,  13,    0,  -15 },   // 0xA5
  {  1955,   2,  22,  12,    5,  -16 },   // 0xA6
  {  1961,   9,  17,  11,    1,  -16 },   // 0xA7
  {  1981,   7,   3,  13,    3,  -16 },   // 0xA8
  {  1984,  16,  16,  18,    1,  -15 },   // 0xA9
  {  2016,   7,   8,   8,    0,  -15 },   // 0xAA
  {  2023,  12,  10,  14,    1,  -10 },   // 0xAB
  {  2038,  11,   6,  13,    1,   -8 },   // 0xAC
  {  2047,   5,   3,   7,    1,   -7 },   // 0xAD
  {  2049,  16,  16,  18,    1,  -15 },   // 0xAE
  {  2081,  11,   2,  11,    0,  -18 },   // 0xAF
  {  2084,   8,   7,   9,    1,  -15 },   // 0xB0
  {  2091,  11,  14,  13,    1,  -13 },   // 0xB1
  {  2111,   8,  10,   8,    0,  -18 },   // 0xB2
  {  2121,   6,  10,   8,    1,  -18 },   // 0xB3
  {  2129,   6,   4,   8,    1,  -16 },   // 0xB4
  {  2132,  11,  17,  15,    2,  -11 },   // 0xB5
  {  2156,  12,  20,  14,    1,  -16 },   // 0xB6
  {  2186,   4,   4,   6,    1,   -9 },   // 0xB7
  {  2188,   4,   5,   5,    0,    1 },   // 0xB8
  {  2191,   5,  10,   8,    1,  -18 },   // 0xB9
  {  2198,   7,   8,   9,    1,  -15 },   // 0xBA
  {  2205,  12,  10,  14,    1,  -10 },   // 0xBB
  {  2220,  18,  16,  18,    0,  -15 },   // 0xBC
  {  2256,  18,  16,  19,    0,  -15 },   // 0xBD
  {  2292,  17,  16,  19,    1,  -15 },   // 0xBE
  {  2326,  10,  16,  11,    1,  -11 },   // 0xBF
  {  2346,  15,  21,  15,    0,  -20 },   // 0xC0
  {  2386,  15,  21,  15,    0,  -20 },   // 0xC1
  {  2426,  15,  21,  15,    0,  -20 },   // 0xC2
  {  2466,  15,  20,  15,    0,  -19 },   // 0xC3
  {  2504,  15,  21,  15,    0,  -20 },   // 0xC4
  {  2544,  15,  19,  15,    0,  -18 },   // 0xC5
  {  2580,  20,  16,  21,    0,  -15 },   // 0xC6
  {  2620,  12,  21,  14,    1,  -15 },   // 0xC7
  {  2652,   9,  21,  12,    2,  -20 },   // 0xC8
  {  2676,   9,  21,  12,    2,  -20 },   // 0xC9
  {  2700,   9,  21,  12,    2,  -20 },   // 0xCA
  {  2724,   9,  21,  12,    2,  -20 },   // 0xCB
  {  2748,   6,  21,   7,   -1,  -20 },   // 0xCC
  {  2764,   6,  21,   7,    2,  -20 },   // 0xCD
  {  2780,   9,  21,   7,   -1,  -20 },   // 0xCE
  {  2804,   7,  21,   7,    0,  -20 },   // 0xCF
  {  2823,  15,  16,  16,    0,  -15 },   // 0xD0
  {  2853,  14,  20,  18,    2,  -19 },   // 0xD1
  {  2888,  15,  21,  18,    1,  -20 },   // 0xD2
  {  2928,  15,  21,  18,    1,  -20 },   // 0xD3
  {  2968,  15,  21,  18,    1,  -20 },   // 0xD4
  {  3008,  15,  20,  18,    1,  -19 },   // 0xD5
  {  3046,  15,  21,  18,    1,  -20 },   // 0xD6
  {  3086,  10,  10,  13,    1,  -12 },   // 0xD7
  {  3099,  15,  18,  18,    1,  -16 },   // 0xD8
  {  3133,  13,  21,  17,    2,  -20 },   // 0xD9
  {  3168,  13,  21,  17,    2,  -20 },   // 0xDA
  {  3203,  13,  21,  17,    2,  -20 },   // 0xDB
  {  3238,  13,  21,  17,    2,  -20 },   // 0xDC
  {  3273,  14,  21,  14,    0,  -20 },   // 0xDD
  {  3310,  11,  16,  14,    2,  -15 },   // 0xDE
  {  3332,  13,  17,  16,    2,  -16 },   // 0xDF
  {  3360,  11,  17,  13,    1,  -16 },   // 0xE0
  {  3384,  11,  17,  13,    1,  -16 },   // 0xE1
  {  3408,  11,  17,  13,    1,  -16 },   // 0xE2
  {  3432,  11,  16,  13,    1,  -15 },   // 0xE3
  {  3454,  11,  17,  13,    1,  -16 },   // 0xE4
  {  3478,  11,  18,  13,    1,  -17 },   // 0xE5
  {  3503,  18,  12,  20,    1,  -11 },   // 0xE6
  {  3530,  10,  17,  11,    1,  -11 },   // 0xE7
  {  3552,  11,  17,  13,    1,  -16 },   // 0xE8
  {  3576,  11,  17,  13,    1,  -16 },   // 0xE9
  {  3600,  11,  17,  13,    1,  -16 },   // 0xEA
  {  3624,  11,  17,  13,    1,  -16 },   // 0xEB
  {  3648,   6,  17,   7,   -1,  -16 },   // 0xEC
  {  3661,   6,  17,   7,    2,  -16 },   // 0xED
  {  3674,   9,  17,   7,   -1,  -16 },   // 0xEE
  {  3694,   7,  17,   7,    0,  -16 },   // 0xEF
  {  3709,  12,  17,  14,    1,  -16 },   // 0xF0
  {  3735,  11,  16,  14,    2,  -15 },   // 0xF1
  {  3757,  12,  17,  14,    1,  -16 },   // 0xF2
  {  3783,  12,  17,  14,    1,  -16 },   // 0xF3
  {  3809,  12,  17,  14,    1,  -16 },   // 0xF4
  {  3835,  12,  16,  14,    1,  -15 },   // 0xF5
  {  3859,  12,  17,  14,    1,  -16 },   // 0xF6
  {  3885,  11,  11,  13,    1,  -13 },   // 0xF7
  {  3901,  12,  14,  14,    1,  -12 },   // 0xF8
  {  3922,  11,  17,  14,    2,  -16 },   // 0xF9
  {  3946,  11,  17,  14,    2,  -16 },   // 0xFA
  {  3970,  11,  17,  14,    2,  -16 },   // 0xFB
  {  3994,  11,  17,  14,    2,  -16 },   // 0xFC
  {  4018,  13,  22,  13,    0,  -16 },   // 0xFD
  {  4054,  11,  22,  14,    2,  -16 },   // 0xFE
  {  4085,  13,  22,  13,    0,  -16 } }; // 0xFF

const GFXfont OpenSans_Bold11pt8b PROGMEM = {
  (uint8_t  *)OpenSans_Bold11pt8bBitmaps,
  (GFXglyph *)OpenSans_Bold11pt8bGlyphs,
  0x20, 0xFF, 29 };

// Approx. 5696 bytes

const uint8_t OpenSans_Bold12pt8bBitmaps[] PROGMEM = {
  0x00, 0xFF, 0x77, 0x77, 0x77, 0x77, 0x70, 0x07, 0xFF, 0x70, 0xE7, 0xE7,
  0xE7, 0xE7, 0xC6, 0xC6, 0x06, 0x70, 0x39, 0xC0, 0xE7, 0x03, 0x98, 0x0C,
  0x63, 0xFF, 0xFF, 0xFF, 0xC7, 0x38, 0x1C, 0xC0, 0x63, 0x0F, 0xFF, 0xBF,
  0xFE, 0x39, 0xC0, 0xE7, 0x03, 0x18, 0x0C, 0xE0, 0x33, 0x80, 0x06, 0x00,
  0x60, 0x1F, 0xC7, 0xFE, 0xFF, 0xEF, 0x62, 0xF6, 0x0F, 0xE0, 0x7F, 0x03,
  0xFC, 0x0F, 0xE0, 0x7F, 0x06, 0xFC, 0x6F, 0xFF, 0xEF, 0xFE, 0x7F, 0x80,
  0x60, 0x06, 0x00, 0x3C, 0x07, 0x07, 0xE0, 0xE0, 0xFE, 0x0E, 0x0E, 0x71,
  0xC0, 0xE7, 0x18, 0x0E, 0x73, 0x80, 0xE7, 0x73, 0xCE, 0x77, 0x7E, 0xFE,
  0xEF, 0xE7, 0xEE, 0xE7, 0x3D, 0xCE, 0x70, 0x1C, 0xE7, 0x03, 0x8E, 0x70,
  0x30, 0xE7, 0x07, 0x0F, 0xE0, 0xE0, 0x7E, 0x0E, 0x03, 0xC0, 0x0F, 0x80,
  0x1F, 0xE0, 0x0F, 0xF8, 0x0F, 0x1C, 0x07, 0x8E, 0x01, 0xCF, 0x00, 0xFF,
  0x00, 0x3F, 0x00, 0x3F, 0x0F, 0x3F, 0xC7, 0xBC, 0xF3, 0x9E, 0x3F, 0xCF,
  0x0F, 0xC7, 0xC3, 0xC3, 0xFF, 0xF0, 0xFF, 0xFE, 0x1F, 0x8F, 0x80, 0xFF,
  0xFD, 0x80, 0x1C, 0xE3, 0x9C, 0x71, 0xCF, 0x38, 0xE3, 0x8E, 0x38, 0xE3,
  0x8F, 0x1C, 0x71, 0xC3, 0x8E, 0x1C, 0xE1, 0xC7, 0x0E, 0x38, 0xE1, 0xC7,
  0x1C, 0x71, 0xC7, 0x1C, 0x71, 0xCF, 0x38, 0xE7, 0x1C, 0xE0, 0x0E, 0x01,
  0xC0, 0x38, 0x67, 0x3F, 0xFF, 0xFF, 0xC7, 0xC0, 0xD8, 0x3B, 0x8F, 0x38,
  0x44, 0x00, 0x06, 0x00, 0x60, 0x06, 0x00, 0x60, 0xFF, 0xFF, 0xFF, 0xFF,
  0xF0, 0x60, 0x06, 0x00, 0x60, 0x06, 0x00, 0x60, 0x77, 0xFE, 0xEE, 0xFF,
  0xFF, 0xC0, 0x7F, 0xF7, 0x03, 0xC0, 0xE0, 0x38, 0x1C, 0x07, 0x03, 0xC0,
  0xE0, 0x38, 0x1E, 0x07, 0x01, 0xC0, 0xE0, 0x38, 0x1E, 0x07, 0x01, 0xC0,
  0xF0, 0x00, 0x1F, 0x03, 0xFC, 0x7F, 0xE7, 0x9E, 0xF0, 0xEF, 0x0F, 0xF0,
  0xFE, 0x0F, 0xE0, 0xFE, 0x0F, 0xF0, 0xFF, 0x0F, 0xF0, 0xE7, 0x1E, 0x7F,
  0xE3, 0xFC, 0x1F, 0x00, 0x07, 0x87, 0xC7, 0xE7, 0xF7, 0xFB, 0xBC, 0x9E,
  0x0F, 0x07, 0x83, 0xC1, 0xE0, 0xF0, 0x78, 0x3C, 0x1E, 0x0F, 0x07, 0x80,
  0x1F, 0x87, 0xFC, 0xFF, 0xE7, 0x1E, 0x00, 0xE0, 0x0E, 0x01, 0xE0, 0x1E,
  0x03, 0xC0, 0x78, 0x0F, 0x01, 0xE0, 0x3C, 0x07, 0x80, 0xFF, 0xFF, 0xFF,
  0xFF, 0xF0, 0x3F, 0x8F, 0xFC, 0xFF, 0xE6, 0x1E, 0x00, 0xE0, 0x0E, 0x01,
  0xE1, 0xFC, 0x1F, 0x01, 0xFE, 0x01, 0xE0, 0x0F, 0x00, 0xF8, 0x1F, 0xFF,
  0xEF, 0xFC, 0x7F, 0x00, 0x00, 0xE0, 0x0F, 0x00, 0xF8, 0x0F, 0xC0, 0x7E,
  0x07, 0x70, 0x73, 0x83, 0x9C, 0x38, 0xE3, 0x87, 0x3F, 0xFF, 0xFF, 0xFF,
  0xFF, 0x80, 0x70, 0x03, 0x80, 0x1C, 0x00, 0xE0, 0x7F, 0xC7, 0xFC, 0x7F,
  0xC7, 0x00, 0x70, 0x07, 0x00, 0x7F, 0x87, 0xFC, 0x7F, 0xE0, 0x1E, 0x00,
  0xF0, 0x0F, 0x00, 0xEC, 0x1E, 0xFF, 0xEF, 0xFC, 0x7F, 0x00, 0x07, 0xE1,
  0xFE, 0x3F, 0xE7, 0x80, 0x70, 0x0F, 0x00, 0xE7, 0x8E, 0xFE, 0xFF, 0xEF,
  0x0F, 0xF0, 0xFE, 0x0F, 0xF0, 0xF7, 0x0F, 0x7F, 0xE3, 0xFC, 0x1F, 0x80,
  0xFF, 0xFF, 0xFF, 0xFF, 0xF0, 0x0E, 0x01, 0xE0, 0x1E, 0x03, 0xC0, 0x3C,
  0x03, 0x80, 0x78, 0x07, 0x00, 0xF0, 0x0E, 0x01, 0xE0, 0x1E, 0x03, 0xC0,
  0x3C, 0x00, 0x1F, 0x87, 0xFC, 0x7F, 0xEF, 0x0E, 0xF0, 0xE7, 0x1E, 0x7F,
  0xC3, 0xF8, 0x3F, 0x87, 0xFC, 0xF1, 0xEE, 0x0F, 0xE0, 0xFF, 0x0F, 0xFF,
  0xE7, 0xFE, 0x1F, 0x80, 0x1F, 0x07, 0xFC, 0x7F, 0xEF, 0x1E, 0xE0, 0xFE,
  0x0F, 0xE0, 0xFF, 0x0F, 0xFF, 0xF7, 0xFF, 0x3E, 0xF0, 0x0E, 0x01, 0xE0,
  0x3E, 0x7F, 0xC7, 0xF8, 0x7E, 0x00, 0x7F, 0xF7, 0x00, 0x00, 0x07, 0xFF,
  0x70, 0x7F, 0xF7, 0x00, 0x00, 0x00, 0x77, 0xFE, 0xEE, 0x00, 0x10, 0x07,
  0x01, 0xF0, 0x7C, 0x1F, 0x07, 0xC0, 0xF0, 0x0F, 0xC0, 0x3F, 0x00, 0xFC,
  0x03, 0xF0, 0x0F, 0x00, 0x10, 0xFF, 0xFF, 0xFF, 0xFF, 0xF0, 0x00, 0x00,
  0x0F, 0xFF, 0xFF, 0xFF, 0xFF, 0x80, 0x0E, 0x00, 0xF8, 0x07, 0xE0, 0x1F,
  0x80, 0x3E, 0x00, 0xF0, 0x3F, 0x0F, 0xC3, 0xF0, 0xFC, 0x0E, 0x00, 0x80,
  0x00, 0x3F, 0x1F, 0xF9, 0xFF, 0xB0, 0xF0, 0x1E, 0x03, 0xC0, 0xF0, 0x3C,
  0x0E, 0x03, 0xC0, 0x70, 0x00, 0x00, 0x00, 0x38, 0x07, 0x80, 0xF0, 0x1C,
  0x00, 0x01, 0xFC, 0x00, 0xFF, 0xE0, 0x7C, 0x1E, 0x1E, 0x00, 0xE3, 0x8F,
  0xCE, 0xE7, 0xF9, 0xD9, 0xE3, 0x1F, 0x38, 0x63, 0xE6, 0x0C, 0x7C, 0xC1,
  0x8F, 0x98, 0x73, 0xF3, 0x8E, 0x7E, 0x3F, 0xFC, 0xC3, 0xCF, 0x1C, 0x00,
  0x01, 0xC0, 0x00, 0x3E, 0x0E, 0x01, 0xFF, 0xC0, 0x0F, 0xE0, 0x00, 0x03,
  0xE0, 0x03, 0xF0, 0x01, 0xF8, 0x00, 0xEE, 0x00, 0xF7, 0x00, 0x73, 0x80,
  0x39, 0xE0, 0x3C, 0x70, 0x1E, 0x3C, 0x0E, 0x1E, 0x0F, 0xFF, 0x07, 0xFF,
  0xC3, 0xFF, 0xE3, 0xC0, 0x71, 0xE0, 0x3C, 0xE0, 0x1E, 0xF0, 0x0F, 0x00,
  0xFF, 0x87, 0xFF, 0x3F, 0xFD, 0xE1, 0xEF, 0x07, 0x78, 0x3B, 0xC3, 0xDF,
  0xFC, 0xFF, 0xC7, 0xFF, 0xBC, 0x3F, 0xE0, 0xFF, 0x07, 0xF8, 0x7F, 0xFF,
  0xDF, 0xFC, 0xFF, 0xC0, 0x07, 0xF0, 0xFF, 0xCF, 0xFE, 0x78, 0x37, 0x80,
  0x3C, 0x01, 0xC0, 0x1E, 0x00, 0xF0, 0x07, 0x80, 0x1C, 0x00, 0xF0, 0x07,
  0x80, 0x3E, 0x0C, 0xFF, 0xE3, 0xFF, 0x07, 0xF0, 0xFF, 0x83, 0xFF, 0x8F,
  0xFF, 0x3C, 0x3E, 0xF0, 0x7F, 0xC0, 0xFF, 0x03, 0xFC, 0x07, 0xF0, 0x1F,
  0xC0, 0x7F, 0x03, 0xFC, 0x0F, 0xF0, 0x7F, 0xC3, 0xEF, 0xFF, 0x3F, 0xF8,
  0xFF, 0x80, 0xFF, 0xFF, 0xFF, 0xFF, 0xC0, 0xF0, 0x3C, 0x0F, 0x03, 0xFF,
  0xFF, 0xFF, 0xFF, 0x03, 0xC0, 0xF0, 0x3C, 0x0F, 0xFF, 0xFF, 0xFF, 0xC0,
  0xFF, 0xFF, 0xFF, 0xFF, 0xC0, 0xF0, 0x3C, 0x0F, 0x03, 0xFF, 0xFF, 0xFF,
  0xFF, 0x03, 0xC0, 0xF0, 0x3C, 0x0F, 0x03, 0xC0, 0xF0, 0x00, 0x03, 0xF8,
  0x3F, 0xF3, 0xFF, 0xCF, 0x82, 0x7C, 0x01, 0xE0, 0x07, 0x00, 0x3C, 0x3F,
  0xF0, 0xFF, 0xC3, 0xF7, 0x01, 0xDE, 0x07, 0x78, 0x1D, 0xF0, 0x73, 0xFF,
  0xC7, 0xFF, 0x07, 0xF8, 0xF0, 0x1F, 0xC0, 0x7F, 0x01, 0xFC, 0x07, 0xF0,
  0x1F, 0xC0, 0x7F, 0x01, 0xFF, 0xFF, 0xFF, 0xFF, 0xFF, 0xFF, 0x01, 0xFC,
  0x07, 0xF0, 0x1F, 0xC0, 0x7F, 0x01, 0xFC, 0x07, 0xF0, 0x1C, 0xFF, 0xFF,
  0xFF, 0xFF, 0xFF, 0xFF, 0xFF, 0xFF, 0xF0, 0x0F, 0x0F, 0x0F, 0x0F, 0x0F,
  0x0F, 0x0F, 0x0F, 0x0F, 0x0F, 0x0F, 0x0F, 0x0F, 0x0F, 0x0F, 0x0F, 0x0F,
  0x0F, 0x1E, 0xFE, 0xFC, 0xF8, 0xF0, 0x7F, 0xC1, 0xEF, 0x0F, 0x3C, 0x78,
  0xF3, 0xC3, 0xDF, 0x0F, 0x78, 0x3F, 0xC0, 0xFF, 0x83, 0xFE, 0x0F, 0x3C,
  0x3C, 0xF0, 0xF1, 0xE3, 0xC3, 0xCF, 0x0F, 0x3C, 0x1E, 0xF0, 0x7C, 0xF0,
  0x1E, 0x03, 0xC0, 0x78, 0x0F, 0x01, 0xE0, 0x3C, 0x07, 0x80, 0xF0, 0x1E,
  0x03, 0xC0, 0x78, 0x0F, 0x01, 0xE0, 0x3F, 0xFF, 0xFF, 0xFF, 0xE0, 0xF8,
  0x07, 0xFF, 0x01, 0xFF, 0xC0, 0x7F, 0xF0, 0x3F, 0xEE, 0x0F, 0xFB, 0x83,
  0xFE, 0xE1, 0xDF, 0xB8, 0x77, 0xE7, 0x1D, 0xF9, 0xCE, 0x7E, 0x73, 0x9F,
  0x8E, 0xE7, 0xE3, 0xF1, 0xF8, 0xFC, 0x7E, 0x1F, 0x1F, 0x87, 0x87, 0xE1,
  0xE1, 0xC0, 0xF8, 0x0F, 0xF8, 0x1F, 0xF0, 0x3F, 0xF0, 0x7F, 0xE0, 0xFD,
  0xE1, 0xF9, 0xE3, 0xF3, 0xC7, 0xE3, 0xCF, 0xC7, 0x9F, 0x87, 0xBF, 0x07,
  0x7E, 0x0F, 0xFC, 0x0F, 0xF8, 0x1F, 0xF0, 0x1F, 0xE0, 0x3E, 0x07, 0xF0,
  0x0F, 0xFE, 0x0F, 0xFF, 0x8F, 0x83, 0xE7, 0x80, 0xF3, 0xC0, 0x79, 0xC0,
  0x1F, 0xE0, 0x0F, 0xF0, 0x07, 0xF8, 0x03, 0xDC, 0x01, 0xEF, 0x01, 0xE7,
  0x80, 0xF1, 0xF0, 0xF8, 0xFF, 0xF8, 0x3F, 0xF8, 0x07, 0xF0, 0x00, 0xFF,
  0x8F, 0xFE, 0xFF, 0xEF, 0x1F, 0xF0, 0xFF, 0x0F, 0xF0, 0xFF, 0x1F, 0xFF,
  0xEF, 0xFC, 0xFF, 0x8F, 0x00, 0xF0, 0x0F, 0x00, 0xF0, 0x0F, 0x00, 0xF0,
  0x00, 0x07, 0xF0, 0x0F, 0xFE, 0x0F, 0xFF, 0x8F, 0x83, 0xE7, 0x80, 0xF3,
  0xC0, 0x79, 0xC0, 0x1F, 0xE0, 0x0F, 0xF0, 0x07, 0xF8, 0x03, 0xDC, 0x01,
  0xEF, 0x01, 0xE7, 0x80, 0xF1, 0xF0, 0xF8, 0xFF, 0xF8, 0x3F, 0xF8, 0x07,
  0xF8, 0x00, 0x3E, 0x00, 0x0F, 0x00, 0x03, 0xC0, 0x00, 0xF0, 0xFF, 0x83,
  0xFF, 0x8F, 0xFE, 0x3C, 0x3C, 0xF0, 0xF3, 0xC3, 0xCF, 0x0F, 0x3F, 0xF8,
  0xFF, 0xC3, 0xFE, 0x0F, 0x3C, 0x3C, 0x70, 0xF1, 0xE3, 0xC3, 0xCF, 0x0F,
  0x3C, 0x1E, 0xF0, 0x3C, 0x1F, 0x87, 0xFD, 0xFF, 0xF8, 0x2F, 0x01, 0xE0,
  0x1F, 0x03, 0xF8, 0x3F, 0x81, 0xF8, 0x0F, 0x80, 0xF0, 0x0F, 0x83, 0xFF,
  0xFF, 0xFE, 0x7F, 0x00, 0xFF, 0xFF, 0xFF, 0xFF, 0xFE, 0x0F, 0x00, 0x78,
  0x03, 0xC0, 0x1E, 0x00, 0xF0, 0x07, 0x80, 0x3C, 0x01, 0xE0, 0x0F, 0x00,
  0x78, 0x03, 0xC0, 0x1E, 0x00, 0xF0, 0x07, 0x80, 0xF0, 0x3F, 0xC0, 0xFF,
  0x03, 0xFC, 0x0F, 0xF0, 0x3F, 0xC0, 0xFF, 0x03, 0xFC, 0x0F, 0xF0, 0x3F,
  0xC0, 0xFF, 0x03, 0xFC, 0x0F, 0xF0, 0x3D, 0xE1, 0xF7, 0xFF, 0x8F, 0xFC,
  0x0F, 0xC0, 0xF0, 0x0E, 0x70, 0x1E, 0x70, 0x1E, 0x78, 0x1C, 0x38, 0x3C,
  0x38, 0x3C, 0x3C, 0x38, 0x1C, 0x38, 0x1C, 0x78, 0x1E, 0x70, 0x0E, 0x70,
  0x0E, 0xF0, 0x0F, 0xE0, 0x07, 0xE0, 0x07, 0xE0, 0x07, 0xC0, 0x03, 0xC0,
  0xF0, 0x38, 0x1F, 0xE0, 0xF8, 0x3D, 0xC1, 0xF0, 0x7B, 0x83, 0xE0, 0xE7,
  0x87, 0xE1, 0xCF, 0x1D, 0xC7, 0x8E, 0x3B, 0x8F, 0x1C, 0x77, 0x1C, 0x3C,
  0xEF, 0x38, 0x7B, 0x8E, 0xF0, 0x77, 0x1D, 0xE0, 0xEE, 0x3B, 0x81, 0xDC,
  0x37, 0x03, 0xF0, 0x7E, 0x03, 0xE0, 0xFC, 0x07, 0xC1, 0xF0, 0x0F, 0x81,
  0xE0, 0x78, 0x1E, 0x78, 0x1E, 0x3C, 0x3C, 0x1C, 0x38, 0x1E, 0x78, 0x0F,
  0xF0, 0x07, 0xE0, 0x07, 0xE0, 0x03, 0xC0, 0x07, 0xE0, 0x0F, 0xF0, 0x0E,
  0xF0, 0x1E, 0x78, 0x3C, 0x3C, 0x38, 0x3C, 0x78, 0x1E, 0xF0, 0x0F, 0xF0,
  0x1E, 0xF0, 0x79, 0xE0, 0xF1, 0xE3, 0xC3, 0xC7, 0x83, 0xDE, 0x03, 0xB8,
  0x07, 0xF0, 0x07, 0xC0, 0x0F, 0x80, 0x0E, 0x00, 0x1C, 0x00, 0x38, 0x00,
  0x70, 0x00, 0xE0, 0x01, 0xC0, 0x03, 0x80, 0xFF, 0xFF, 0xFF, 0xFF, 0xF0,
  0x1E, 0x01, 0xE0, 0x3C, 0x07, 0x80, 0x70, 0x0F, 0x01, 0xE0, 0x3C, 0x03,
  0xC0, 0x78, 0x0F, 0x00, 0xFF, 0xFF, 0xFF, 0xFF, 0xF0, 0xFF, 0xF9, 0xCE,
  0x73, 0x9C, 0xE7, 0x39, 0xCE, 0x73, 0x9C, 0xE7, 0x39, 0xFF, 0x80, 0xF0,
  0x1C, 0x07, 0x01, 0xE0, 0x38, 0x0E, 0x01, 0xC0, 0x70, 0x1E, 0x03, 0x80,
  0xE0, 0x3C, 0x07, 0x01, 0xC0, 0x38, 0x0E, 0x03, 0xC0, 0xFF, 0xCE, 0x73,
  0x9C, 0xE7, 0x39, 0xCE, 0x73, 0x9C, 0xE7, 0x39, 0xCF, 0xFF, 0x80, 0x0E,
  0x00, 0xE0, 0x0F, 0x01, 0xF0, 0x1B, 0x83, 0x98, 0x31, 0xC7, 0x0C, 0x60,
  0xEE, 0x06, 0xE0, 0x70, 0xFF, 0xFF, 0xF0, 0xF0, 0xF0, 0xF0, 0x70, 0x1F,
  0x87, 0xFE, 0x3F, 0xE2, 0x0F, 0x00, 0xF1, 0xFF, 0x7F, 0xFF, 0x8F, 0xF0,
  0xFF, 0x0F, 0xFF, 0xF7, 0xF7, 0x3E, 0x70, 0xE0, 0x0E, 0x00, 0xE0, 0x0E,
  0x00, 0xE0, 0x0E, 0x78, 0xEF, 0xEF, 0xFE, 0xF0, 0xFF, 0x0F, 0xE0, 0xFE,
  0x0F, 0xF0, 0xFF, 0x0F, 0xF0, 0xFF, 0xFE, 0xEF, 0xEE, 0x78, 0x0F, 0xC7,
  0xF9, 0xFF, 0x3C, 0x2F, 0x01, 0xE0, 0x3C, 0x07, 0x80, 0xF0, 0x1F, 0x09,
  0xFF, 0x1F, 0xE1, 0xF8, 0x00, 0x70, 0x07, 0x00, 0x70, 0x07, 0x00, 0x71,
  0xE7, 0x3F, 0xF7, 0xFF, 0xF8, 0xFF, 0x07, 0xF0, 0x7F, 0x07, 0xF0, 0x7F,
  0x07, 0xF8, 0xF7, 0xFF, 0x3F, 0x71, 0xE7, 0x0F, 0x83, 0xFE, 0x7F, 0xE7,
  0x0F, 0xF0, 0x7F, 0xFF, 0xFF, 0xFF, 0x00, 0xF0, 0x07, 0x80, 0x7F, 0xE3,
  0xFE, 0x0F, 0xC0, 0x0F, 0xC7, 0xF1, 0xFC, 0xF0, 0x3C, 0x1F, 0xEF, 0xFB,
  0xFE, 0x3C, 0x0F, 0x03, 0xC0, 0xF0, 0x3C, 0x0F, 0x03, 0xC0, 0xF0, 0x3C,
  0x0F, 0x00, 0x0F, 0xF9, 0xFF, 0xDE, 0x3C, 0xF1, 0xE7, 0x0F, 0x3C, 0x79,
  0xE3, 0x87, 0xFC, 0x1F, 0x81, 0xC0, 0x0E, 0x00, 0x7F, 0xC1, 0xFF, 0xBF,
  0xFF, 0xC0, 0xFC, 0x07, 0xF8, 0xFB, 0xFF, 0x8F, 0xF0, 0xE0, 0x0E, 0x00,
  0xE0, 0x0E, 0x00, 0xE0, 0x0E, 0x7C, 0xEF, 0xEF, 0xFF, 0xF0, 0xFF, 0x0F,
  0xF0, 0xFE, 0x0F, 0xE0, 0xFE, 0x0F, 0xE0, 0xFE, 0x0F, 0xE0, 0xFE, 0x0F,
  0x0E, 0xFE, 0x00, 0xEE, 0xEE, 0xEE, 0xEE, 0xEE, 0xEE, 0xE0, 0x00, 0x0E,
  0x0F, 0x0E, 0x00, 0x00, 0x0E, 0x0E, 0x0E, 0x0E, 0x0E, 0x0E, 0x0E, 0x0E,
  0x0E, 0x0E, 0x0E, 0x0E, 0x0E, 0x0E, 0x0E, 0x0E, 0xFE, 0xFE, 0xF8, 0xE0,
  0x07, 0x00, 0x38, 0x01, 0xC0, 0x0E, 0x00, 0x70, 0x7B, 0x87, 0x9C, 0x78,
  0xE7, 0x87, 0x78, 0x3B, 0x81, 0xFE, 0x0F, 0xF8, 0x79, 0xE3, 0x8F, 0x1C,
  0x3C, 0xE0, 0xF7, 0x07, 0xC0, 0xFF, 0xFF, 0xFF, 0xFF, 0xFF, 0xFF, 0xFC,
  0xE7, 0xC7, 0xCE, 0xFE, 0xFE, 0xFF, 0xFF, 0xEF, 0x1F, 0x0F, 0xF0, 0xF0,
  0xFF, 0x0F, 0x0F, 0xE0, 0xF0, 0xFE, 0x0F, 0x0F, 0xE0, 0xF0, 0xFE, 0x0F,
  0x0F, 0xE0, 0xF0, 0xFE, 0x0F, 0x0F, 0xE0, 0xF0, 0xF0, 0xE7, 0xCE, 0xFE,
  0xFF, 0xFF, 0x0F, 0xF0, 0xFF, 0x0F, 0xF0, 0xFE, 0x0F, 0xE0, 0xFE, 0x0F,
  0xE0, 0xFE, 0x0F, 0xE0, 0xF0, 0x0F, 0x81, 0xFF, 0x1F, 0xFC, 0xF1, 0xEF,
  0x07, 0xF8, 0x3F, 0xC1, 0xFE, 0x0F, 0xF0, 0x7B, 0xC7, 0x9F, 0xFC, 0x7F,
  0xC0, 0xF8, 0x00, 0xE7, 0x8E, 0xFE, 0xFF, 0xEF, 0x0F, 0xF0, 0xFE, 0x0F,
  0xE0, 0xFE, 0x0F, 0xF0, 0xFF, 0x0F, 0xFF, 0xEE, 0xFE, 0xE7, 0x8E, 0x00,
  0xE0, 0x0E, 0x00, 0xE0, 0x0E, 0x00, 0xE0, 0x00, 0x1E, 0x73, 0xFF, 0x7F,
  0xFF, 0x8F, 0xF0, 0x7F, 0x07, 0xF0, 0x7F, 0x07, 0xF0, 0x7F, 0x8F, 0x7F,
  0xF3, 0xF7, 0x1E, 0x70, 0x07, 0x00, 0x70, 0x07, 0x00, 0x70, 0x07, 0x00,
  0x70, 0xE7, 0xEF, 0xFF, 0xFC, 0xF0, 0xF0, 0xE0, 0xE0, 0xE0, 0xE0, 0xE0,
  0xE0, 0xE0, 0x3F, 0x9F, 0xFF, 0xFB, 0xC2, 0xF8, 0x1F, 0x83, 0xF8, 0x3F,
  0x03, 0xE0, 0xFF, 0xFF, 0xFE, 0x7F, 0x00, 0x38, 0x1C, 0x0E, 0x0F, 0xFF,
  0xFF, 0xFD, 0xE0, 0xF0, 0x78, 0x3C, 0x1E, 0x0F, 0x07, 0x83, 0xFC, 0xFE,
  0x3E, 0xE0, 0xFE, 0x0F, 0xE0, 0xFE, 0x0F, 0xE0, 0xFE, 0x0F, 0xE0, 0xFE,
  0x0F, 0xE0, 0xFF, 0x1F, 0xFF, 0xF7, 0xF7, 0x3E, 0x70, 0xF0, 0x39, 0xC1,
  0xE7, 0x87, 0x9E, 0x1C, 0x38, 0xF0, 0xF3, 0xC1, 0xCE, 0x07, 0x78, 0x1F,
  0xC0, 0x3F, 0x00, 0xFC, 0x03, 0xE0, 0x07, 0x80, 0xF0, 0xF0, 0x77, 0x0F,
  0x8F, 0x70, 0xF8, 0xF7, 0x9F, 0x8E, 0x39, 0xD8, 0xE3, 0x9D, 0xDE, 0x39,
  0x9D, 0xC3, 0xF9, 0xDC, 0x1F, 0x8D, 0xC1, 0xF8, 0xDC, 0x1F, 0x0F, 0x80,
  0xF0, 0xF8, 0x0F, 0x07, 0x80, 0x78, 0x79, 0xE1, 0xE3, 0xCF, 0x07, 0xF8,
  0x1F, 0xE0, 0x3F, 0x00, 0xF8, 0x03, 0xF0, 0x1F, 0xE0, 0xF3, 0x83, 0xCF,
  0x1E, 0x1E, 0xF0, 0x78, 0xF0, 0x39, 0xC1, 0xE7, 0x87, 0x9E, 0x1C, 0x38,
  0xF0, 0xF3, 0xC1, 0xCE, 0x07, 0x78, 0x1F, 0xE0, 0x3F, 0x00, 0xFC, 0x01,
  0xE0, 0x07, 0x80, 0x1E, 0x00, 0x70, 0x03, 0xC0, 0x7E, 0x01, 0xF0, 0x07,
  0x80, 0x00, 0xFF, 0xFF, 0xFF, 0xFC, 0x1E, 0x0F, 0x03, 0x81, 0xE0, 0xF0,
  0x78, 0x1C, 0x0F, 0xFF, 0xFF, 0xFF, 0xC0, 0x07, 0x87, 0xC7, 0xE3, 0xC1,
  0xC0, 0xE0, 0x70, 0x38, 0x1C, 0x7E, 0x3C, 0x1F, 0x81, 0xC0, 0xE0, 0x70,
  0x38, 0x1C, 0x0F, 0x07, 0xE1, 0xF0, 0x78, 0xFF, 0xFF, 0xFF, 0xFF, 0xFF,
  0xFF, 0xFF, 0xFF, 0xF8, 0xF0, 0xF8, 0xF8, 0x38, 0x38, 0x38, 0x38, 0x38,
  0x3C, 0x1F, 0x0F, 0x1F, 0x3C, 0x38, 0x38, 0x38, 0x38, 0x38, 0xF8, 0xF8,
  0xF0, 0x7C, 0x1F, 0xFF, 0xFF, 0xF8, 0x3E, 0x00, 0x00, 0x00, 0x00, 0x00,
  0x00, 0x00, 0x00, 0x00, 0x00, 0x00, 0x00, 0x00, 0x00, 0x00, 0x00, 0x00,
  0x00, 0x00, 0x00, 0x00, 0x00, 0x00, 0x00, 0x00, 0x00, 0x00, 0x00, 0x00,
  0x00, 0x00, 0x00, 0x00, 0x00, 0x7F, 0xF7, 0x00, 0x77, 0x77, 0x77, 0x77,
  0xFF, 0xF0, 0x06, 0x01, 0x81, 0xF9, 0xFF, 0x7F, 0xFC, 0x0F, 0x03, 0x80,
  0xE0, 0x38, 0x0E, 0x03, 0xC0, 0xF0, 0x5F, 0xF7, 0xFC, 0x7E, 0x06, 0x01,
  0x80, 0x07, 0xC1, 0xFF, 0x1F, 0xE3, 0xC2, 0x3C, 0x03, 0xC0, 0x3C, 0x0F,
  0xFC, 0xFF, 0xCF, 0xFC, 0x3C, 0x03, 0xC0, 0x38, 0x07, 0x80, 0xFF, 0xFF,
  0xFF, 0xFF, 0xF0, 0x20, 0x4D, 0xFD, 0xFF, 0x9F, 0xE7, 0x0C, 0xE1, 0x9C,
  0x31, 0xFE, 0x7F, 0xED, 0xFC, 0x81, 0x00, 0xF0, 0x39, 0xC1, 0xE7, 0x87,
  0x0E, 0x3C, 0x3C, 0xE0, 0x73, 0x81, 0xFC, 0x03, 0xF0, 0x0F, 0x80, 0xFF,
  0x83, 0xFE, 0x01, 0xE0, 0x07, 0x80, 0xFF, 0x83, 0xFE, 0x01, 0xE0, 0x07,
  0x80, 0xFF, 0xFF, 0xFF, 0xFC, 0x01, 0xFF, 0xFF, 0xFF, 0xF8, 0x3F, 0x3F,
  0xDC, 0x7C, 0x07, 0x03, 0xF1, 0xFC, 0xC7, 0xE1, 0xB8, 0xDE, 0xE7, 0xE0,
  0xF8, 0x1C, 0x07, 0xC7, 0xFF, 0xBF, 0x00, 0xE7, 0xF7, 0x67, 0x03, 0xF0,
  0x03, 0xFF, 0x01, 0x80, 0x60, 0xC7, 0xCC, 0x63, 0xF1, 0x91, 0x80, 0x6C,
  0x60, 0x0F, 0x18, 0x03, 0xCC, 0x00, 0xF1, 0x80, 0x3C, 0x60, 0x0D, 0x18,
  0x06, 0x63, 0xF1, 0x8C, 0x7C, 0xC1, 0x80, 0x60, 0x3F, 0xF0, 0x03, 0xF0,
  0x00, 0x7D, 0xFC, 0x18, 0xFF, 0xF8, 0xF3, 0xFF, 0x76, 0x08, 0x20, 0xF3,
  0xCF, 0x3C, 0xF3, 0xC7, 0x1C, 0x79, 0xE1, 0xC7, 0x0F, 0x3C, 0x3C, 0xF0,
  0xF3, 0xC2, 0x08, 0xFF, 0xFF, 0xFF, 0xFF, 0xF0, 0x07, 0x00, 0x70, 0x07,
  0x00, 0x70, 0xFF, 0xFF, 0xC0, 0x03, 0xF0, 0x03, 0xFF, 0x01, 0x80, 0x60,
  0xCF, 0x8C, 0x63, 0xF1, 0x90, 0xCE, 0x6C, 0x31, 0x8F, 0x0D, 0xC3, 0xC3,
  0xE0, 0xF0, 0xD8, 0x3C, 0x33, 0x0D, 0x0C, 0xE6, 0x63, 0x19, 0x8C, 0x00,
  0xC1, 0x80, 0x60, 0x3F, 0xF0, 0x03, 0xF0, 0x00, 0xFF, 0xFF, 0xFF, 0x3C,
  0x7E, 0xE7, 0xC3, 0xC3, 0xE7, 0x7E, 0x3C, 0x06, 0x00, 0x60, 0x06, 0x00,
  0x60, 0xFF, 0xFF, 0xFF, 0xFF, 0xF0, 0x60, 0x06, 0x00, 0x60, 0x06, 0x00,
  0x60, 0xFF, 0xFF, 0xFF, 0xFF, 0xF0, 0x7D, 0xFF, 0x38, 0x71, 0xC7, 0x9C,
  0x70, 0xFF, 0xFC, 0x7D, 0xFD, 0x38, 0x77, 0xCF, 0x83, 0xC7, 0xFF, 0xF8,
  0x3C, 0x71, 0xC7, 0x00, 0xE0, 0xFE, 0x0F, 0xE0, 0xFE, 0x0F, 0xE0, 0xFE,
  0x0F, 0xE0, 0xFE, 0x0F, 0xF0, 0xFF, 0x1F, 0xFF, 0xFF, 0xF7, 0xEE, 0x7E,
  0x00, 0xE0, 0x0E, 0x00, 0xE0, 0x0E, 0x00, 0xE0, 0x00, 0x1F, 0xF9, 0xFF,
  0xDF, 0xE6, 0xFF, 0x3F, 0xF9, 0xFF, 0xCF, 0xFE, 0x7F, 0xF3, 0x7F, 0x9B,
  0xFC, 0xDF, 0xE6, 0x3F, 0x30, 0x19, 0x80, 0xCC, 0x06, 0x60, 0x33, 0x01,
  0x98, 0x0C, 0xC0, 0x66, 0x03, 0x30, 0x19, 0x80, 0x7F, 0xF7, 0x67, 0x8E,
  0x7F, 0xF8, 0x1C, 0xFF, 0xD7, 0x1C, 0x71, 0xC7, 0x1C, 0x70, 0x3C, 0xFE,
  0xE6, 0xC7, 0xC7, 0xC7, 0xC6, 0xFE, 0x3C, 0x20, 0x87, 0x9E, 0x1E, 0x70,
  0x71, 0xC3, 0xCF, 0x0F, 0x3C, 0xF3, 0xC7, 0x1C, 0x79, 0xE7, 0x9E, 0x08,
  0x20, 0x38, 0x0E, 0x0F, 0x03, 0x83, 0xE0, 0x70, 0x6C, 0x1C, 0x03, 0x83,
  0x80, 0x70, 0xE0, 0x0E, 0x18, 0x01, 0xC7, 0x1C, 0x39, 0xC7, 0x87, 0x38,
  0xB0, 0x0E, 0x3E, 0x01, 0xCD, 0xC0, 0x73, 0xB8, 0x0E, 0x7F, 0xC3, 0x8F,
  0xF8, 0x60, 0x1C, 0x1C, 0x03, 0x80, 0x38, 0x0E, 0x0F, 0x03, 0x83, 0xE0,
  0x70, 0x6C, 0x1C, 0x03, 0x83, 0x80, 0x70, 0xE0, 0x0E, 0x19, 0xE1, 0xC7,
  0xFE, 0x38, 0xCC, 0xE7, 0x38, 0x1C, 0x0E, 0x03, 0x81, 0xC0, 0xE0, 0x70,
  0x38, 0x0E, 0x0E, 0x03, 0x83, 0x80, 0x60, 0x7F, 0x1C, 0x0F, 0xE0, 0x7C,
  0x07, 0x1F, 0xC1, 0xC1, 0x38, 0x38, 0x07, 0x0E, 0x03, 0xC1, 0x80, 0x78,
  0x70, 0x01, 0x9C, 0x00, 0x33, 0x9E, 0x86, 0xE3, 0xDF, 0xDC, 0xF9, 0xF7,
  0x37, 0x00, 0xC6, 0xE0, 0x39, 0x9C, 0x06, 0x7F, 0xC1, 0xCF, 0xF8, 0x70,
  0x0E, 0x0E, 0x01, 0xC0, 0x0E, 0x03, 0xC0, 0xF0, 0x38, 0x00, 0x00, 0x00,
  0xE0, 0x38, 0x1E, 0x0F, 0x07, 0x83, 0xC0, 0xE0, 0x38, 0x0E, 0x0B, 0xFF,
  0x7F, 0xCF, 0xC0, 0x0F, 0x00, 0x03, 0xC0, 0x00, 0xF0, 0x00, 0x1C, 0x00,
  0x00, 0x00, 0x00, 0x00, 0x0F, 0x80, 0x0F, 0xC0, 0x07, 0xE0, 0x03, 0xB8,
  0x03, 0xDC, 0x01, 0xCE, 0x00, 0xE7, 0x80, 0xF1, 0xC0, 0x78, 0xF0, 0x38,
  0x78, 0x3F, 0xFC, 0x1F, 0xFF, 0x0F, 0xFF, 0x8F, 0x01, 0xC7, 0x80, 0xF3,
  0x80, 0x7B, 0xC0, 0x3C, 0x00, 0xF0, 0x00, 0x70, 0x00, 0x70, 0x00, 0x70,
  0x00, 0x00, 0x00, 0x00, 0x00, 0x0F, 0x80, 0x0F, 0xC0, 0x07, 0xE0, 0x03,
  0xB8, 0x03, 0xDC, 0x01, 0xCE, 0x00, 0xE7, 0x80, 0xF1, 0xC0, 0x78, 0xF0,
  0x38, 0x78, 0x3F, 0xFC, 0x1F, 0xFF, 0x0F, 0xFF, 0x8F, 0x01, 0xC7, 0x80,
  0xF3, 0x80, 0x7B, 0xC0, 0x3C, 0x03, 0xC0, 0x03, 0xF0, 0x03, 0x9C, 0x03,
  0x87, 0x00, 0x00, 0x00, 0x00, 0x00, 0x0F, 0x80, 0x0F, 0xC0, 0x07, 0xE0,
  0x03, 0xB8, 0x03, 0xDC, 0x01, 0xCE, 0x00, 0xE7, 0x80, 0xF1, 0xC0, 0x78,
  0xF0, 0x38, 0x78, 0x3F, 0xFC, 0x1F, 0xFF, 0x0F, 0xFF, 0x8F, 0x01, 0xC7,
  0x80, 0xF3, 0x80, 0x7B, 0xC0, 0x3C, 0x07, 0x18, 0x07, 0xD8, 0x07, 0xFC,
  0x03, 0x1C, 0x00, 0x00, 0x00, 0x00, 0x00, 0x0F, 0x80, 0x0F, 0xC0, 0x07,
  0xE0, 0x03, 0xB8, 0x03, 0xDC, 0x01, 0xCE, 0x00, 0xE7, 0x80, 0xF1, 0xC0,
  0x78, 0xF0, 0x38, 0x78, 0x3F, 0xFC, 0x1F, 0xFF, 0x0F, 0xFF, 0x8F, 0x01,
  0xC7, 0x80, 0xF3, 0x80, 0x7B, 0xC0, 0x3C, 0x0E, 0x70, 0x07, 0xB8, 0x01,
  0x9C, 0x00, 0x00, 0x00, 0x00, 0x00, 0x1F, 0x00, 0x1F, 0x80, 0x0F, 0xC0,
  0x07, 0x70, 0x07, 0xB8, 0x03, 0x9C, 0x01, 0xCF, 0x01, 0xE3, 0x80, 0xF1,
  0xE0, 0x70, 0xF0, 0x7F, 0xF8, 0x3F, 0xFE, 0x1F, 0xFF, 0x1E, 0x03, 0x8F,
  0x01, 0xE7, 0x00, 0xF7, 0x80, 0x78, 0x03, 0xC0, 0x03, 0xF0, 0x01, 0x98,
  0x00, 0xCC, 0x00, 0x7E, 0x00, 0x1F, 0x00, 0x1F, 0x80, 0x0F, 0xC0, 0x07,
  0x70, 0x07, 0xB8, 0x03, 0x9C, 0x01, 0xCF, 0x01, 0xE3, 0x80, 0xF1, 0xE0,
  0x70, 0xF0, 0x7F, 0xF8, 0x3F, 0xFE, 0x1F, 0xFF, 0x1E, 0x03, 0x8F, 0x01,
  0xE7, 0x00, 0xF7, 0x80, 0x78, 0x01, 0xFF, 0xF8, 0x0F, 0xFF, 0xC0, 0x7F,
  0xFE, 0x07, 0xBC, 0x00, 0x39, 0xE0, 0x03, 0xCF, 0x00, 0x1C, 0x78, 0x01,
  0xE3, 0xFF, 0x0E, 0x1F, 0xF8, 0xF0, 0xFF, 0xC7, 0xFF, 0x80, 0x7F, 0xFC,
  0x03, 0xFF, 0xE0, 0x1C, 0x0F, 0x01, 0xE0, 0x7F, 0xEE, 0x03, 0xFF, 0xF0,
  0x1F, 0xF8, 0x07, 0xF0, 0xFF, 0xCF, 0xFE, 0x78, 0x37, 0x80, 0x3C, 0x01,
  0xC0, 0x1E, 0x00, 0xF0, 0x07, 0x80, 0x1C, 0x00, 0xF0, 0x07, 0x80, 0x3E,
  0x0C, 0xFF, 0xE3, 0xFF, 0x07, 0xF0, 0x0C, 0x00, 0xF0, 0x01, 0xC0, 0x0E,
  0x01, 0xF0, 0x0F, 0x00, 0x78, 0x0F, 0x01, 0xE0, 0x1C, 0x00, 0x00, 0x0F,
  0xFF, 0xFF, 0xFF, 0xFC, 0x0F, 0x03, 0xC0, 0xF0, 0x3F, 0xFF, 0xFF, 0xFF,
  0xF0, 0x3C, 0x0F, 0x03, 0xC0, 0xFF, 0xFF, 0xFF, 0xFC, 0x07, 0x81, 0xC0,
  0xE0, 0x70, 0x00, 0x00, 0x0F, 0xFF, 0xFF, 0xFF, 0xFC, 0x0F, 0x03, 0xC0,
  0xF0, 0x3F, 0xFF, 0xFF, 0xFF, 0xF0, 0x3C, 0x0F, 0x03, 0xC0, 0xFF, 0xFF,
  0xFF, 0xFC, 0x1E, 0x0F, 0xC7, 0x3B, 0x87, 0x00, 0x00, 0x0F, 0xFF, 0xFF,
  0xFF, 0xFC, 0x0F, 0x03, 0xC0, 0xF0, 0x3F, 0xFF, 0xFF, 0xFF, 0xF0, 0x3C,
  0x0F, 0x03, 0xC0, 0xFF, 0xFF, 0xFF, 0xFC, 0x73, 0x9E, 0xE3, 0x38, 0x00,
  0x00, 0x3F, 0xFF, 0xFF, 0xFF, 0xF0, 0x3C, 0x0F, 0x03, 0xC0, 0xFF, 0xFF,
  0xFF, 0xFF, 0xC0, 0xF0, 0x3C, 0x0F, 0x03, 0xFF, 0xFF, 0xFF, 0xF0, 0xF0,
  0xF0, 0xF0, 0x70, 0x00, 0x07, 0x8F, 0x1E, 0x3C, 0x78, 0xF1, 0xE3, 0xC7,
  0x8F, 0x1E, 0x3C, 0x78, 0xF1, 0xE3, 0xC7, 0x80, 0x3C, 0x71, 0xC7, 0x00,
  0x00, 0x3C, 0x78, 0xF1, 0xE3, 0xC7, 0x8F, 0x1E, 0x3C, 0x78, 0xF1, 0xE3,
  0xC7, 0x8F, 0x1E, 0x3C, 0x00, 0x1E, 0x0F, 0xC7, 0x3B, 0x87, 0x00, 0x00,
  0x01, 0xE0, 0x78, 0x1E, 0x07, 0x81, 0xE0, 0x78, 0x1E, 0x07, 0x81, 0xE0,
  0x78, 0x1E, 0x07, 0x81, 0xE0, 0x78, 0x1E, 0x07, 0x81, 0xE0, 0xE7, 0xF7,
  0x67, 0x00, 0x00, 0x3C, 0x3C, 0x3C, 0x3C, 0x3C, 0x3C, 0x3C, 0x3C, 0x3C,
  0x3C, 0x3C, 0x3C, 0x3C, 0x3C, 0x3C, 0x3C, 0x3C, 0x7F, 0xC0, 0xFF, 0xE1,
  0xFF, 0xE3, 0xC3, 0xE7, 0x83, 0xEF, 0x03, 0xDE, 0x07, 0xFF, 0x87, 0xFF,
  0x0F, 0xFE, 0x1D, 0xE0, 0x7B, 0xC0, 0xF7, 0x83, 0xEF, 0x0F, 0x9F, 0xFE,
  0x3F, 0xF8, 0x7F, 0xC0, 0x07, 0x18, 0x1F, 0x60, 0x7F, 0xC0, 0xC7, 0x00,
  0x00, 0x00, 0x00, 0x3E, 0x03, 0xFE, 0x07, 0xFC, 0x0F, 0xFC, 0x1F, 0xF8,
  0x3F, 0x78, 0x7E, 0x78, 0xFC, 0xF1, 0xF8, 0xF3, 0xF1, 0xE7, 0xE1, 0xEF,
  0xC1, 0xDF, 0x83, 0xFF, 0x03, 0xFE, 0x07, 0xFC, 0x07, 0xF8, 0x0F, 0x80,
  0x0F, 0x00, 0x03, 0xC0, 0x00, 0xF0, 0x00, 0x1C, 0x00, 0x00, 0x00, 0x00,
  0x00, 0x1F, 0xC0, 0x3F, 0xF8, 0x3F, 0xFE, 0x3E, 0x0F, 0x9E, 0x03, 0xCF,
  0x01, 0xE7, 0x00, 0x7F, 0x80, 0x3F, 0xC0, 0x1F, 0xE0, 0x0F, 0x70, 0x07,
  0xBC, 0x07, 0x9E, 0x03, 0xC7, 0xC3, 0xE3, 0xFF, 0xE0, 0xFF, 0xE0, 0x1F,
  0xC0, 0x00, 0xF0, 0x00, 0x70, 0x00, 0x70, 0x00, 0x70, 0x00, 0x00, 0x00,
  0x00, 0x00, 0x1F, 0xC0, 0x3F, 0xF8, 0x3F, 0xFE, 0x3E, 0x0F, 0x9E, 0x03,
  0xCF, 0x01, 0xE7, 0x00, 0x7F, 0x80, 0x3F, 0xC0, 0x1F, 0xE0, 0x0F, 0x70,
  0x07, 0xBC, 0x07, 0x9E, 0x03, 0xC7, 0xC3, 0xE3, 0xFF, 0xE0, 0xFF, 0xE0,
  0x1F, 0xC0, 0x01, 0xE0, 0x01, 0xF8, 0x01, 0xCE, 0x01, 0xC3, 0x80, 0x00,
  0x00, 0x00, 0x00, 0x1F, 0xC0, 0x3F, 0xF8, 0x3F, 0xFE, 0x3E, 0x0F, 0x9E,
  0x03, 0xCF, 0x01, 0xE7, 0x00, 0x7F, 0x80, 0x3F, 0xC0, 0x1F, 0xE0, 0x0F,
  0x70, 0x07, 0xBC, 0x07, 0x9E, 0x03, 0xC7, 0xC3, 0xE3, 0xFF, 0xE0, 0xFF,
  0xE0, 0x1F, 0xC0, 0x03, 0x8C, 0x03, 0xEC, 0x03, 0xFE, 0x01, 0x8E, 0x00,
  0x00, 0x00, 0x00, 0x00, 0x1F, 0xC0, 0x3F, 0xF8, 0x3F, 0xFE, 0x3E, 0x0F,
  0x9E, 0x03, 0xCF, 0x01, 0xE7, 0x00, 0x7F, 0x80, 0x3F, 0xC0, 0x1F, 0xE0,
  0x0F, 0x70, 0x07, 0xBC, 0x07, 0x9E, 0x03, 0xC7, 0xC3, 0xE3, 0xFF, 0xE0,
  0xFF, 0xE0, 0x1F, 0xC0, 0x0E, 0x70, 0x07, 0xB8, 0x01, 0x9C, 0x00, 0x00,
  0x00, 0x00, 0x00, 0x3F, 0x80, 0x7F, 0xF0, 0x7F, 0xFC, 0x7C, 0x1F, 0x3C,
  0x07, 0x9E, 0x03, 0xCE, 0x00, 0xFF, 0x00, 0x7F, 0x80, 0x3F, 0xC0, 0x1E,
  0xE0, 0x0F, 0x78, 0x0F, 0x3C, 0x07, 0x8F, 0x87, 0xC7, 0xFF, 0xC1, 0xFF,
  0xC0, 0x3F, 0x80, 0x40, 0xB8, 0x7F, 0x3D, 0xFE, 0x3F, 0x07, 0x83, 0xF1,
  0xFE, 0xF3, 0xB8, 0x74, 0x08, 0x00, 0x04, 0x03, 0xFB, 0x07, 0xFF, 0x87,
  0xFF, 0xC7, 0xC1, 0xF3, 0xC1, 0xF9, 0xE1, 0xFC, 0xE0, 0xCF, 0xF0, 0xE7,
  0xF8, 0xE3, 0xFC, 0xE1, 0xEE, 0x70, 0xF7, 0xF0, 0xF3, 0xF0, 0x78, 0xF0,
  0x7C, 0x7F, 0xFC, 0x3F, 0xFC, 0x1B, 0xF8, 0x04, 0x00, 0x00, 0x1E, 0x00,
  0x3C, 0x00, 0x78, 0x00, 0x70, 0x00, 0x00, 0x00, 0x0F, 0x03, 0xFC, 0x0F,
  0xF0, 0x3F, 0xC0, 0xFF, 0x03, 0xFC, 0x0F, 0xF0, 0x3F, 0xC0, 0xFF, 0x03,
  0xFC, 0x0F, 0xF0, 0x3F, 0xC0, 0xFF, 0x03, 0xDE, 0x1F, 0x7F, 0xF8, 0xFF,
  0xC0, 0xFC, 0x00, 0x01, 0xE0, 0x07, 0x00, 0x38, 0x01, 0xC0, 0x00, 0x00,
  0x00, 0x0F, 0x03, 0xFC, 0x0F, 0xF0, 0x3F, 0xC0, 0xFF, 0x03, 0xFC, 0x0F,
  0xF0, 0x3F, 0xC0, 0xFF, 0x03, 0xFC, 0x0F, 0xF0, 0x3F, 0xC0, 0xFF, 0x03,
  0xDE, 0x1F, 0x7F, 0xF8, 0xFF, 0xC0, 0xFC, 0x00, 0x07, 0x80, 0x3F, 0x01,
  0xCE, 0x0E, 0x1C, 0x00, 0x00, 0x00, 0x0F, 0x03, 0xFC, 0x0F, 0xF0, 0x3F,
  0xC0, 0xFF, 0x03, 0xFC, 0x0F, 0xF0, 0x3F, 0xC0, 0xFF, 0x03, 0xFC, 0x0F,
  0xF0, 0x3F, 0xC0, 0xFF, 0x03, 0xDE, 0x1F, 0x7F, 0xF8, 0xFF, 0xC0, 0xFC,
  0x00, 0x1C, 0xE0, 0x7B, 0x80, 0xCE, 0x00, 0x00, 0x00, 0x03, 0xC0, 0xFF,
  0x03, 0xFC, 0x0F, 0xF0, 0x3F, 0xC0, 0xFF, 0x03, 0xFC, 0x0F, 0xF0, 0x3F,
  0xC0, 0xFF, 0x03, 0xFC, 0x0F, 0xF0, 0x3F, 0xC0, 0xF7, 0x87, 0xDF, 0xFE,
  0x3F, 0xF0, 0x3F, 0x00, 0x01, 0xE0, 0x03, 0x80, 0x0E, 0x00, 0x38, 0x00,
  0x00, 0x00, 0x00, 0x3C, 0x07, 0xBC, 0x1E, 0x78, 0x3C, 0x78, 0xF0, 0xF1,
  0xE0, 0xF7, 0x80, 0xEE, 0x01, 0xFC, 0x01, 0xF0, 0x03, 0xE0, 0x03, 0x80,
  0x07, 0x00, 0x0E, 0x00, 0x1C, 0x00, 0x38, 0x00, 0x70, 0x00, 0xE0, 0x00,
  0xF0, 0x0F, 0x00, 0xF0, 0x0F, 0xF8, 0xFF, 0xEF, 0xFE, 0xF1, 0xFF, 0x0F,
  0xF0, 0xFF, 0x0F, 0xF1, 0xFF, 0xFE, 0xFF, 0xCF, 0xF8, 0xF0, 0x0F, 0x00,
  0xF0, 0x00, 0x1F, 0xC1, 0xFF, 0xCF, 0xFF, 0x3C, 0x1E, 0xF0, 0x7B, 0x83,
  0xCE, 0x1E, 0x38, 0xF0, 0xE3, 0x83, 0x8F, 0x0E, 0x3F, 0x38, 0x3E, 0xE0,
  0x7F, 0x80, 0xFE, 0x03, 0xF9, 0xFF, 0xE7, 0xFB, 0x8F, 0xC0, 0x3C, 0x01,
  0xE0, 0x0F, 0x00, 0x38, 0x00, 0x00, 0x00, 0x1F, 0x87, 0xFE, 0x3F, 0xE2,
  0x0F, 0x00, 0xF1, 0xFF, 0x7F, 0xFF, 0x8F, 0xF0, 0xFF, 0x0F, 0xFF, 0xF7,
  0xF7, 0x3E, 0x70, 0x03, 0xC0, 0x38, 0x07, 0x00, 0xE0, 0x00, 0x00, 0x00,
  0x1F, 0x87, 0xFE, 0x3F, 0xE2, 0x0F, 0x00, 0xF1, 0xFF, 0x7F, 0xFF, 0x8F,
  0xF0, 0xFF, 0x0F, 0xFF, 0xF7, 0xF7, 0x3E, 0x70, 0x0F, 0x01, 0xF8, 0x39,
  0xC7, 0x0E, 0x00, 0x00, 0x00, 0x1F, 0x87, 0xFE, 0x3F, 0xE2, 0x0F, 0x00,
  0xF1, 0xFF, 0x7F, 0xFF, 0x8F, 0xF0, 0xFF, 0x0F, 0xFF, 0xF7, 0xF7, 0x3E,
  0x70, 0x1C, 0x63, 0xEC, 0x7F, 0xC6, 0x38, 0x00, 0x00, 0x00, 0x1F, 0x87,
  0xFE, 0x3F, 0xE2, 0x0F, 0x00, 0xF1, 0xFF, 0x7F, 0xFF, 0x8F, 0xF0, 0xFF,
  0x0F, 0xFF, 0xF7, 0xF7, 0x3E, 0x70, 0x39, 0xC3, 0xDC, 0x19, 0xC0, 0x00,
  0x00, 0x01, 0xF8, 0x7F, 0xE3, 0xFE, 0x20, 0xF0, 0x0F, 0x1F, 0xF7, 0xFF,
  0xF8, 0xFF, 0x0F, 0xF0, 0xFF, 0xFF, 0x7F, 0x73, 0xE7, 0x0F, 0x01, 0xF8,
  0x19, 0x81, 0x98, 0x1F, 0x80, 0xF0, 0x00, 0x00, 0x00, 0x1F, 0x87, 0xFE,
  0x3F, 0xE2, 0x0F, 0x00, 0xF1, 0xFF, 0x7F, 0xFF, 0x8F, 0xF0, 0xFF, 0x0F,
  0xFF, 0xF7, 0xF7, 0x3E, 0x70, 0x1F, 0x8F, 0x87, 0xFF, 0xFE, 0x3F, 0xFF,
  0xE2, 0x0F, 0x0F, 0x00, 0xF0, 0x71, 0xFF, 0xFF, 0x7F, 0xFF, 0xFF, 0x8F,
  0x00, 0xF0, 0xF0, 0x0F, 0x1F, 0x00, 0xFF, 0xFF, 0xE7, 0xFB, 0xFE, 0x3E,
  0x0F, 0xC0, 0x0F, 0xC7, 0xF9, 0xFF, 0x3C, 0x2F, 0x01, 0xE0, 0x3C, 0x07,
  0x80, 0xF0, 0x1F, 0x09, 0xFF, 0x1F, 0xE1, 0xF8, 0x0C, 0x03, 0xC0, 0x1C,
  0x03, 0x81, 0xF0, 0x3C, 0x00, 0x3C, 0x01, 0xE0, 0x0F, 0x00, 0x38, 0x00,
  0x00, 0x00, 0x0F, 0x83, 0xFE, 0x7F, 0xE7, 0x0F, 0xF0, 0x7F, 0xFF, 0xFF,
  0xFF, 0x00, 0xF0, 0x07, 0x80, 0x7F, 0xE3, 0xFE, 0x0F, 0xC0, 0x03, 0xC0,
  0x38, 0x07, 0x00, 0xE0, 0x00, 0x00, 0x00, 0x0F, 0x83, 0xFE, 0x7F, 0xE7,
  0x0F, 0xF0, 0x7F, 0xFF, 0xFF, 0xFF, 0x00, 0xF0, 0x07, 0x80, 0x7F, 0xE3,
  0xFE, 0x0F, 0xC0, 0x0F, 0x01, 0xF8, 0x39, 0xC7, 0x0E, 0x00, 0x00, 0x00,
  0x0F, 0x83, 0xFE, 0x7F, 0xE7, 0x0F, 0xF0, 0x7F, 0xFF, 0xFF, 0xFF, 0x00,
  0xF0, 0x07, 0x80, 0x7F, 0xE3, 0xFE, 0x0F, 0xC0, 0x39, 0xC3, 0xDC, 0x19,
  0xC0, 0x00, 0x00, 0x00, 0xF8, 0x3F, 0xE7, 0xFE, 0x70, 0xFF, 0x07, 0xFF,
  0xFF, 0xFF, 0xF0, 0x0F, 0x00, 0x78, 0x07, 0xFE, 0x3F, 0xE0, 0xFC, 0xF0,
  0xF0, 0xF0, 0x70, 0x00, 0x07, 0x0E, 0x1C, 0x38, 0x70, 0xE1, 0xC3, 0x87,
  0x0E, 0x1C, 0x38, 0x70, 0x3C, 0x71, 0xC7, 0x00, 0x00, 0x38, 0x70, 0xE1,
  0xC3, 0x87, 0x0E, 0x1C, 0x38, 0x70, 0xE1, 0xC3, 0x80, 0x1E, 0x0F, 0xC7,
  0x3B, 0x87, 0x00, 0x00, 0x01, 0xC0, 0x70, 0x1C, 0x07, 0x01, 0xC0, 0x70,
  0x1C, 0x07, 0x01, 0xC0, 0x70, 0x1C, 0x07, 0x01, 0xC0, 0xE7, 0xF7, 0x67,
  0x00, 0x00, 0x1C, 0x1C, 0x1C, 0x1C, 0x1C, 0x1C, 0x1C, 0x1C, 0x1C, 0x1C,
  0x1C, 0x1C, 0x1C, 0x0C, 0x40, 0xFF, 0x03, 0xF0, 0x1F, 0x81, 0xDE, 0x00,
  0x70, 0x7D, 0xC7, 0xFE, 0x7F, 0xFF, 0x87, 0xFC, 0x1F, 0xE0, 0xFF, 0x07,
  0xF8, 0x3D, 0xC3, 0xCF, 0xFE, 0x3F, 0xE0, 0x7C, 0x00, 0x1C, 0x63, 0xEC,
  0x7F, 0xC6, 0x38, 0x00, 0x00, 0x00, 0xE7, 0xCE, 0xFE, 0xFF, 0xFF, 0x0F,
  0xF0, 0xFF, 0x0F, 0xF0, 0xFE, 0x0F, 0xE0, 0xFE, 0x0F, 0xE0, 0xFE, 0x0F,
  0xE0, 0xF0, 0x3C, 0x00, 0xF0, 0x03, 0xC0, 0x07, 0x00, 0x00, 0x00, 0x00,
  0x3E, 0x07, 0xFC, 0x7F, 0xF3, 0xC7, 0xBC, 0x1F, 0xE0, 0xFF, 0x07, 0xF8,
  0x3F, 0xC1, 0xEF, 0x1E, 0x7F, 0xF1, 0xFF, 0x03, 0xE0, 0x03, 0xC0, 0x1C,
  0x01, 0xC0, 0x1C, 0x00, 0x00, 0x00, 0x00, 0x3E, 0x07, 0xFC, 0x7F, 0xF3,
  0xC7, 0xBC, 0x1F, 0xE0, 0xFF, 0x07, 0xF8, 0x3F, 0xC1, 0xEF, 0x1E, 0x7F,
  0xF1, 0xFF, 0x03, 0xE0, 0x0F, 0x00, 0xFC, 0x0E, 0x70, 0xE1, 0xC0, 0x00,
  0x00, 0x00, 0x3E, 0x07, 0xFC, 0x7F, 0xF3, 0xC7, 0xBC, 0x1F, 0xE0, 0xFF,
  0x07, 0xF8, 0x3F, 0xC1, 0xEF, 0x1E, 0x7F, 0xF1, 0xFF, 0x03, 0xE0, 0x0E,
  0x30, 0xFB, 0x0F, 0xF8, 0x63, 0x80, 0x00, 0x00, 0x00, 0x3E, 0x07, 0xFC,
  0x7F, 0xF3, 0xC7, 0xBC, 0x1F, 0xE0, 0xFF, 0x07, 0xF8, 0x3F, 0xC1, 0xEF,
  0x1E, 0x7F, 0xF1, 0xFF, 0x03, 0xE0, 0x39, 0xC1, 0xEE, 0x06, 0x70, 0x00,
  0x00, 0x00, 0x07, 0xC0, 0xFF, 0x8F, 0xFE, 0x78, 0xF7, 0x83, 0xFC, 0x1F,
  0xE0, 0xFF, 0x07, 0xF8, 0x3D, 0xE3, 0xCF, 0xFE, 0x3F, 0xE0, 0x7C, 0x00,
  0x0E, 0x00, 0xE0, 0x0E, 0x00, 0x00, 0xFF, 0xFF, 0xFF, 0xFF, 0xF0, 0x00,
  0x06, 0x00, 0xE0, 0x0E, 0x00, 0x00, 0x00, 0x20, 0x7F, 0x8F, 0xF8, 0xFF,
  0xE7, 0x9F, 0x78, 0xFF, 0xCF, 0xFE, 0xEF, 0xFE, 0x7F, 0xE3, 0xDF, 0x3C,
  0xFF, 0xE3, 0xFE, 0x3F, 0xC0, 0x80, 0x00, 0x78, 0x03, 0xC0, 0x1E, 0x00,
  0x70, 0x00, 0x00, 0x00, 0xE0, 0xFE, 0x0F, 0xE0, 0xFE, 0x0F, 0xE0, 0xFE,
  0x0F, 0xE0, 0xFE, 0x0F, 0xE0, 0xFF, 0x1F, 0xFF, 0xF7, 0xF7, 0x3E, 0x70,
  0x03, 0xC0, 0x38, 0x07, 0x00, 0xE0, 0x00, 0x00, 0x00, 0xE0, 0xFE, 0x0F,
  0xE0, 0xFE, 0x0F, 0xE0, 0xFE, 0x0F, 0xE0, 0xFE, 0x0F, 0xE0, 0xFF, 0x1F,
  0xFF, 0xF7, 0xF7, 0x3E, 0x70, 0x0F, 0x01, 0xF8, 0x39, 0xC7, 0x0E, 0x00,
  0x00, 0x00, 0xE0, 0xFE, 0x0F, 0xE0, 0xFE, 0x0F, 0xE0, 0xFE, 0x0F, 0xE0,
  0xFE, 0x0F, 0xE0, 0xFF, 0x1F, 0xFF, 0xF7, 0xF7, 0x3E, 0x70, 0x39, 0xC3,
  0xDC, 0x19, 0xC0, 0x00, 0x00, 0x0E, 0x0F, 0xE0, 0xFE, 0x0F, 0xE0, 0xFE,
  0x0F, 0xE0, 0xFE, 0x0F, 0xE0, 0xFE, 0x0F, 0xF1, 0xFF, 0xFF, 0x7F, 0x73,
  0xE7, 0x01, 0xE0, 0x07, 0x00, 0x38, 0x01, 0xC0, 0x00, 0x00, 0x00, 0x0F,
  0x03, 0x9C, 0x1E, 0x78, 0x79, 0xE1, 0xC3, 0x8F, 0x0F, 0x3C, 0x1C, 0xE0,
  0x77, 0x81, 0xFE, 0x03, 0xF0, 0x0F, 0xC0, 0x1E, 0x00, 0x78, 0x01, 0xE0,
  0x07, 0x00, 0x3C, 0x07, 0xE0, 0x1F, 0x00, 0x78, 0x00, 0xE0, 0x0E, 0x00,
  0xE0, 0x0E, 0x00, 0xE0, 0x0E, 0x78, 0xEF, 0xEF, 0xFE, 0xF0, 0xFF, 0x0F,
  0xE0, 0xFE, 0x0F, 0xF0, 0xFF, 0x0F, 0xF0, 0xFF, 0xFE, 0xEF, 0xEE, 0x78,
  0xE0, 0x0E, 0x00, 0xE0, 0x0E, 0x00, 0xE0, 0x0E, 0x00, 0x1C, 0xE0, 0x7B,
  0x80, 0xCE, 0x00, 0x00, 0x00, 0x03, 0xC0, 0xE7, 0x07, 0x9E, 0x1E, 0x78,
  0x70, 0xE3, 0xC3, 0xCF, 0x07, 0x38, 0x1D, 0xE0, 0x7F, 0x80, 0xFC, 0x03,
  0xF0, 0x07, 0x80, 0x1E, 0x00, 0x78, 0x01, 0xC0, 0x0F, 0x01, 0xF8, 0x07,
  0xC0, 0x1E, 0x00 };

const GFXglyph OpenSans_Bold12pt8bGlyphs[] PROGMEM = {
  {     0,   1,   1,   6,    0,    0 },   // 0x20 ' '
  {     1,   4,  17,   7,    1,  -16 },   // 0x21 '!'
  {    10,   8,   6,  11,    2,  -16 },   // 0x22 '"'
  {    16,  14,  17,  16,    1,  -16 },   // 0x23 '#'
  {    46,  12,  19,  14,    1,  -17 },   // 0x24 '$'
  {    75,  20,  17,  22,    1,  -16 },   // 0x25 '%'
  {   118,  17,  17,  18,    1,  -16 },   // 0x26 '&'
  {   155,   3,   6,   6,    2,  -16 },   // 0x27 '''
  {   158,   6,  21,   8,    1,  -16 },   // 0x28 '('
  {   174,   6,  21,   8,    1,  -16 },   // 0x29 ')'
  {   190,  11,  11,  13,    1,  -17 },   // 0x2A '*'
  {   206,  12,  12,  14,    1,  -13 },   // 0x2B '+'
  {   224,   4,   6,   7,    1,   -2 },   // 0x2C ','
  {   227,   6,   3,   8,    1,   -7 },   // 0x2D '-'
  {   230,   4,   4,   7,    1,   -3 },   // 0x2E '.'
  {   232,  10,  17,  10,    0,  -16 },   // 0x2F '/'
  {   254,  12,  17,  14,    1,  -16 },   // 0x30 '0'
  {   280,   9,  17,  14,    1,  -16 },   // 0x31 '1'
  {   300,  12,  17,  14,    1,  -16 },   // 0x32 '2'
  {   326,  12,  17,  14,    1,  -16 },   // 0x33 '3'
  {   352,  13,  17,  14,    0,  -16 },   // 0x34 '4'
  {   380,  12,  17,  14,    1,  -16 },   // 0x35 '5'
  {   406,  12,  17,  14,    1,  -16 },   // 0x36 '6'
  {   432,  12,  17,  14,    1,  -16 },   // 0x37 '7'
  {   458,  12,  17,  14,    1,  -16 },   // 0x38 '8'
  {   484,  12,  17,  14,    1,  -16 },   // 0x39 '9'
  {   510,   4,  13,   7,    1,  -12 },   // 0x3A ':'
  {   517,   4,  16,   7,    1,  -12 },   // 0x3B ';'
  {   525,  12,  13,  14,    1,  -14 },   // 0x3C '<'
  {   545,  12,   8,  14,    1,  -11 },   // 0x3D '='
  {   557,  12,  13,  14,    1,  -14 },   // 0x3E '>'
  {   577,  11,  17,  11,    0,  -16 },   // 0x3F '?'
  {   601,  19,  19,  22,    1,  -16 },   // 0x40 '@'
  {   647,  17,  17,  17,    0,  -16 },   // 0x41 'A'
  {   684,  13,  17,  16,    2,  -16 },   // 0x42 'B'
  {   712,  13,  17,  15,    1,  -16 },   // 0x43 'C'
  {   740,  14,  17,  18,    2,  -16 },   // 0x44 'D'
  {   770,  10,  17,  13,    2,  -16 },   // 0x45 'E'
  {   792,  10,  17,  13,    2,  -16 },   // 0x46 'F'
  {   814,  14,  17,  17,    1,  -16 },   // 0x47 'G'
  {   844,  14,  17,  18,    2,  -16 },   // 0x48 'H'
  {   874,   4,  17,   8,    2,  -16 },   // 0x49 'I'
  {   883,   8,  22,   8,   -2,  -16 },   // 0x4A 'J'
  {   905,  14,  17,  16,    2,  -16 },   // 0x4B 'K'
  {   935,  11,  17,  14,    2,  -16 },   // 0x4C 'L'
  {   959,  18,  17,  23,    2,  -16 },   // 0x4D 'M'
  {   998,  15,  17,  20,    2,  -16 },   // 0x4E 'N'
  {  1030,  17,  17,  19,    1,  -16 },   // 0x4F 'O'
  {  1067,  12,  17,  15,    2,  -16 },   // 0x50 'P'
  {  1093,  17,  21,  19,    1,  -16 },   // 0x51 'Q'
  {  1138,  14,  17,  16,    2,  -16 },   // 0x52 'R'
  {  1168,  11,  17,  13,    1,  -16 },   // 0x53 'S'
  {  1192,  13,  17,  14,    0,  -16 },   // 0x54 'T'
  {  1220,  14,  17,  18,    2,  -16 },   // 0x55 'U'
  {  1250,  16,  17,  16,    0,  -16 },   // 0x56 'V'
  {  1284,  23,  17,  23,    0,  -16 },   // 0x57 'W'
  {  1333,  16,  17,  16,    0,  -16 },   // 0x58 'X'
  {  1367,  15,  17,  15,    0,  -16 },   // 0x59 'Y'
  {  1399,  12,  17,  14,    1,  -16 },   // 0x5A 'Z'
  {  1425,   5,  21,   8,    2,  -16 },   // 0x5B '['
  {  1439,  10,  17,  10,    0,  -16 },   // 0x5C '\'
  {  1461,   5,  21,   8,    1,  -16 },   // 0x5D ']'
  {  1475,  12,  11,  14,    1,  -16 },   // 0x5E '^'
  {  1492,  10,   2,  10,    0,    3 },   // 0x5F '_'
  {  1495,   7,   4,   9,    1,  -18 },   // 0x60 '`'
  {  1499,  12,  13,  15,    1,  -12 },   // 0x61 'a'
  {  1519,  12,  18,  15,    2,  -17 },   // 0x62 'b'
  {  1546,  11,  13,  12,    1,  -12 },   // 0x63 'c'
  {  1564,  12,  18,  15,    1,  -17 },   // 0x64 'd'
  {  1591,  12,  13,  14,    1,  -12 },   // 0x65 'e'
  {  1611,  10,  18,   9,    0,  -17 },   // 0x66 'f'
  {  1634,  13,  19,  14,    0,  -12 },   // 0x67 'g'
  {  1665,  12,  18,  16,    2,  -17 },   // 0x68 'h'
  {  1692,   4,  19,   7,    2,  -18 },   // 0x69 'i'
  {  1702,   8,  25,   7,   -2,  -18 },   // 0x6A 'j'
  {  1727,  13,  18,  15,    2,  -17 },   // 0x6B 'k'
  {  1757,   3,  18,   7,    2,  -17 },   // 0x6C 'l'
  {  1764,  20,  13,  24,    2,  -12 },   // 0x6D 'm'
  {  1797,  12,  13,  16,    2,  -12 },   // 0x6E 'n'
  {  1817,  13,  13,  15,    1,  -12 },   // 0x6F 'o'
  {  1839,  12,  19,  15,    2,  -12 },   // 0x70 'p'
  {  1868,  12,  19,  15,    1,  -12 },   // 0x71 'q'
  {  1897,   8,  13,  11,    2,  -12 },   // 0x72 'r'
  {  1910,  10,  13,  12,    1,  -12 },   // 0x73 's'
  {  1927,   9,  16,  10,    1,  -15 },   // 0x74 't'
  {  1945,  12,  13,  16,    2,  -12 },   // 0x75 'u'
  {  1965,  14,  13,  14,    0,  -12 },   // 0x76 'v'
  {  1988,  20,  13,  21,    0,  -12 },   // 0x77 'w'
  {  2021,  14,  13,  14,    0,  -12 },   // 0x78 'x'
  {  2044,  14,  19,  14,    0,  -12 },   // 0x79 'y'
  {  2078,  10,  13,  12,    1,  -12 },   // 0x7A 'z'
  {  2095,   9,  21,   9,    0,  -16 },   // 0x7B '{'
  {  2119,   3,  23,  13,    5,  -17 },   // 0x7C '|'
  {  2128,   8,  21,   9,    1,  -16 },   // 0x7D '}'
  {  2149,  12,   4,  14,    1,   -9 },   // 0x7E '~'
  {  2155,   1,   1,  14,    0,    0 },   // 0x7F
  {  2156,   1,   1,  14,    0,    0 },   // 0x80
  {  2157,   1,   1,  14,    0,    0 },   // 0x81
  {  2158,   1,   1,  14,    0,    0 },   // 0x82
  {  2159,   1,   1,  14,    0,    0 },   // 0x83
  {  2160,   1,   1,  14,    0,    0 },   // 0x84
  {  2161,   1,   1,  14,    0,    0 },   // 0x85
  {  2162,   1,   1,  14,    0,    0 },   // 0x86
  {  2163,   1,   1,  14,    0,    0 },   // 0x87
  {  2164,   1,   1,  14,    0,    0 },   // 0x88
  {  2165,   1,   1,  14,    0,    0 },   // 0x89
  {  2166,   1,   1,  14,    0,    0 },   // 0x8A
  {  2167,   1,   1,  14,    0,    0 },   // 0x8B
  {  2168,   1,   1,  14,    0,    0 },   // 0x8C
  {  2169,   1,   1,  14,    0,    0 },   // 0x8D
  {  2170,   1,   1,  14,    0,    0 },   // 0x8E
  {  2171,   1,   1,  14,    0,    0 },   // 0x8F
  {  2172,   1,   1,  14,    0,    0 },   // 0x90
  {  2173,   1,   1,  14,    0,    0 },   // 0x91
  {  2174,   1,   1,  14,    0,    0 },   // 0x92
  {  2175,   1,   1,  14,    0,    0 },   // 0x93
  {  2176,   1,   1,  14,    0,    0 },   // 0x94
  {  2177,   1,   1,  14,    0,    0 },   // 0x95
  {  2178,   1,   1,  14,    0,    0 },   // 0x96
  {  2179,   1,   1,  14,    0,    0 },   // 0x97
  {  2180,   1,   1,  14,    0,    0 },   // 0x98
  {  2181,   1,   1,  14,    0,    0 },   // 0x99
  {  2182,   1,   1,  14,    0,    0 },   // 0x9A
  {  2183,   1,   1,  14,    0,    0 },   // 0x9B
  {  2184,   1,   1,  14,    0,    0 },   // 0x9C
  {  2185,   1,   1,  14,    0,    0 },   // 0x9D
  {  2186,   1,   1,  14,    0,    0 },   // 0x9E
  {  2187,   1,   1,  14,    0,    0 },   // 0x9F
  {  2188,   1,   1,   6,    0,    0 },   // 0xA0
  {  2189,   4,  17,   7,    1,  -12 },   // 0xA1
  {  2198,  10,  18,  14,    2,  -17 },   // 0xA2
  {  2221,  12,  17,  14,    1,  -16 },   // 0xA3
  {  2247,  11,  11,  14,    1,  -13 },   // 0xA4
  {  2263,  14,  17,  14,    0,  -16 },   // 0xA5
  {  2293,   3,  23,  13,    5,  -17 },   // 0xA6
  {  2302,   9,  18,  12,    1,  -17 },   // 0xA7
  {  2323,   8,   3,  15,    3,  -17 },   // 0xA8
  {  2326,  18,  17,  20,    1,  -16 },   // 0xA9
  {  2365,   7,   9,   9,    1,  -16 },   // 0xAA
  {  2373,  13,  11,  15,    1,  -11 },   // 0xAB
  {  2391,  12,   7,  14,    1,   -9 },   // 0xAC
  {  2402,   6,   3,   8,    1,   -7 },   // 0xAD
  {  2405,  18,  17,  20,    1,  -16 },   // 0xAE
  {  2444,  12,   2,  12,    0,  -19 },   // 0xAF
  {  2447,   8,   8,  10,    1,  -16 },   // 0xB0
  {  2455,  12,  15,  14,    1,  -14 },   // 0xB1
  {  2478,   7,  10,   9,    1,  -19 },   // 0xB2
  {  2487,   7,  10,   9,    1,  -19 },   // 0xB3
  {  2496,   7,   4,   9,    1,  -18 },   // 0xB4
  {  2500,  12,  19,  16,    2,  -12 },   // 0xB5
  {  2529,  13,  21,  16,    1,  -17 },   // 0xB6
  {  2564,   4,   4,   7,    1,  -10 },   // 0xB7
  {  2566,   5,   6,   5,    0,    1 },   // 0xB8
  {  2570,   6,  10,   9,    1,  -19 },   // 0xB9
  {  2578,   8,   9,   9,    1,  -16 },   // 0xBA
  {  2587,  13,  11,  15,    1,  -11 },   // 0xBB
  {  2605,  19,  17,  20,    1,  -16 },   // 0xBC
  {  2646,  19,  17,  21,    1,  -16 },   // 0xBD
  {  2687,  19,  17,  20,    1,  -16 },   // 0xBE
  {  2728,  10,  18,  11,    1,  -12 },   // 0xBF
  {  2751,  17,  23,  17,    0,  -22 },   // 0xC0
  {  2800,  17,  23,  17,    0,  -22 },   // 0xC1
  {  2849,  17,  23,  17,    0,  -22 },   // 0xC2
  {  2898,  17,  23,  17,    0,  -22 },   // 0xC3
  {  2947,  17,  22,  17,    0,  -21 },   // 0xC4
  {  2994,  17,  22,  17,    0,  -21 },   // 0xC5
  {  3041,  21,  17,  23,    0,  -16 },   // 0xC6
  {  3086,  13,  23,  15,    1,  -16 },   // 0xC7
  {  3124,  10,  23,  13,    2,  -22 },   // 0xC8
  {  3153,  10,  23,  13,    2,  -22 },   // 0xC9
  {  3182,  10,  23,  13,    2,  -22 },   // 0xCA
  {  3211,  10,  22,  13,    2,  -21 },   // 0xCB
  {  3239,   7,  23,   8,   -1,  -22 },   // 0xCC
  {  3260,   7,  23,   8,    2,  -22 },   // 0xCD
  {  3281,  10,  23,   8,   -1,  -22 },   // 0xCE
  {  3310,   8,  22,   8,    0,  -21 },   // 0xCF
  {  3332,  15,  17,  18,    1,  -16 },   // 0xD0
  {  3364,  15,  23,  20,    2,  -22 },   // 0xD1
  {  3408,  17,  23,  19,    1,  -22 },   // 0xD2
  {  3457,  17,  23,  19,    1,  -22 },   // 0xD3
  {  3506,  17,  23,  19,    1,  -22 },   // 0xD4
  {  3555,  17,  23,  19,    1,  -22 },   // 0xD5
  {  3604,  17,  22,  19,    1,  -21 },   // 0xD6
  {  3651,  10,  11,  14,    2,  -13 },   // 0xD7
  {  3665,  17,  19,  19,    1,  -17 },   // 0xD8
  {  3706,  14,  23,  18,    2,  -22 },   // 0xD9
  {  3747,  14,  23,  18,    2,  -22 },   // 0xDA
  {  3788,  14,  23,  18,    2,  -22 },   // 0xDB
  {  3829,  14,  22,  18,    2,  -21 },   // 0xDC
  {  3868,  15,  23,  15,    0,  -22 },   // 0xDD
  {  3912,  12,  17,  15,    2,  -16 },   // 0xDE
  {  3938,  14,  18,  17,    2,  -17 },   // 0xDF
  {  3970,  12,  19,  15,    1,  -18 },   // 0xE0
  {  3999,  12,  19,  15,    1,  -18 },   // 0xE1
  {  4028,  12,  19,  15,    1,  -18 },   // 0xE2
  {  4057,  12,  19,  15,    1,  -18 },   // 0xE3
  {  4086,  12,  18,  15,    1,  -17 },   // 0xE4
  {  4113,  12,  21,  15,    1,  -20 },   // 0xE5
  {  4145,  20,  13,  22,    1,  -12 },   // 0xE6
  {  4178,  11,  19,  12,    1,  -12 },   // 0xE7
  {  4205,  12,  19,  14,    1,  -18 },   // 0xE8
  {  4234,  12,  19,  14,    1,  -18 },   // 0xE9
  {  4263,  12,  19,  14,    1,  -18 },   // 0xEA
  {  4292,  12,  18,  14,    1,  -17 },   // 0xEB
  {  4319,   7,  19,   7,   -1,  -18 },   // 0xEC
  {  4336,   7,  19,   7,    2,  -18 },   // 0xED
  {  4353,  10,  19,   7,   -1,  -18 },   // 0xEE
  {  4377,   8,  18,   7,   -1,  -17 },   // 0xEF
  {  4395,  13,  18,  15,    1,  -17 },   // 0xF0
  {  4425,  12,  19,  16,    2,  -18 },   // 0xF1
  {  4454,  13,  19,  15,    1,  -18 },   // 0xF2
  {  4485,  13,  19,  15,    1,  -18 },   // 0xF3
  {  4516,  13,  19,  15,    1,  -18 },   // 0xF4
  {  4547,  13,  19,  15,    1,  -18 },   // 0xF5
  {  4578,  13,  18,  15,    1,  -17 },   // 0xF6
  {  4608,  12,  12,  14,    1,  -13 },   // 0xF7
  {  4626,  13,  15,  15,    1,  -13 },   // 0xF8
  {  4651,  12,  19,  16,    2,  -18 },   // 0xF9
  {  4680,  12,  19,  16,    2,  -18 },   // 0xFA
  {  4709,  12,  19,  16,    2,  -18 },   // 0xFB
  {  4738,  12,  18,  16,    2,  -17 },   // 0xFC
  {  4765,  14,  25,  14,    0,  -18 },   // 0xFD
  {  4809,  12,  24,  15,    2,  -17 },   // 0xFE
  {  4845,  14,  24,  14,    0,  -17 } }; // 0xFF

const GFXfont OpenSans_Bold12pt8b PROGMEM = {
  (uint8_t  *)OpenSans_Bold12pt8bBitmaps,
  (GFXglyph *)OpenSans_Bold12pt8bGlyphs,
  0x20, 0xFF, 32 };

// Approx. 6462 bytes

const uint8_t OpenSans_Bold13pt8bBitmaps[] PROGMEM = {
  0x00, 0x7B, 0xDE, 0xF7, 0x39, 0xCE, 0x73, 0x9C, 0x00, 0x01, 0xDF, 0xFB,
  0x80, 0xE7, 0xE7, 0xE7, 0xE7, 0xE7, 0xE7, 0x06, 0x38, 0x0C, 0x60, 0x39,
  0xC0, 0x73, 0x8F, 0xFF, 0xFF, 0xFF, 0xFF, 0xFF, 0x8E, 0x70, 0x1C, 0xE0,
  0x39, 0xC3, 0xFF, 0xF7, 0xFF, 0xEF, 0xFF, 0xC7, 0x38, 0x0E, 0x70, 0x1C,
  0xE0, 0x31, 0x80, 0x63, 0x00, 0x06, 0x00, 0x60, 0x1F, 0xC7, 0xFF, 0xFF,
  0xEF, 0x62, 0xF6, 0x0F, 0xE0, 0x7E, 0x03, 0xF8, 0x1F, 0xE0, 0x7F, 0x06,
  0xF0, 0x67, 0xC6, 0xFF, 0xFF, 0xFF, 0xE3, 0xF8, 0x06, 0x00, 0x60, 0x3C,
  0x07, 0x03, 0xF0, 0x38, 0x3F, 0xC3, 0x81, 0xCE, 0x1C, 0x0E, 0x71, 0xC0,
  0x73, 0x8E, 0x03, 0x9C, 0xE0, 0x1C, 0xE7, 0x7C, 0xFF, 0x77, 0xF3, 0xF7,
  0x3F, 0x8F, 0x3B, 0xDE, 0x03, 0x9C, 0x70, 0x1C, 0xE3, 0x81, 0xC7, 0x1C,
  0x0E, 0x3D, 0xE0, 0xE0, 0xFE, 0x07, 0x07, 0xF0, 0x70, 0x1F, 0x00, 0x0F,
  0xC0, 0x0F, 0xF8, 0x03, 0xFF, 0x00, 0xE3, 0xC0, 0x38, 0xF0, 0x0E, 0x78,
  0x03, 0xFE, 0x00, 0x7E, 0x00, 0x3F, 0x07, 0x9F, 0xE1, 0xEF, 0xBC, 0xF3,
  0xC7, 0xBC, 0xF0, 0xFE, 0x3C, 0x1F, 0x8F, 0x87, 0xC1, 0xFF, 0xF8, 0x3F,
  0xFF, 0x07, 0xE1, 0xE0, 0xFF, 0xFF, 0xC0, 0x1C, 0x38, 0xE1, 0xC7, 0x0E,
  0x3C, 0x78, 0xE1, 0xC3, 0x87, 0x0E, 0x1C, 0x3C, 0x78, 0x70, 0xE1, 0xE1,
  0xC1, 0xC3, 0x80, 0xE1, 0xC7, 0x0E, 0x38, 0xF1, 0xC7, 0x1C, 0x71, 0xC7,
  0x1C, 0x71, 0xC7, 0x3C, 0xE3, 0x9E, 0x73, 0x80, 0x0E, 0x00, 0xE0, 0x0E,
  0x08, 0x60, 0xF7, 0xFF, 0xFF, 0xFF, 0xF1, 0xF0, 0x1F, 0x83, 0xBC, 0x79,
  0xC1, 0x18, 0x06, 0x00, 0x60, 0x06, 0x00, 0x60, 0xFF, 0xFF, 0xFF, 0xFF,
  0xF0, 0x60, 0x06, 0x00, 0x60, 0x06, 0x00, 0x60, 0x7B, 0x9D, 0xEE, 0x70,
  0xFF, 0xFF, 0xC0, 0x77, 0xFE, 0xE0, 0x01, 0xC0, 0xF0, 0x38, 0x0E, 0x07,
  0x81, 0xC0, 0xF0, 0x38, 0x0E, 0x07, 0x81, 0xC0, 0x70, 0x3C, 0x0E, 0x07,
  0x81, 0xC0, 0x70, 0x3C, 0x00, 0x1F, 0x83, 0xFC, 0x7F, 0xE7, 0x9E, 0xF0,
  0xFF, 0x0F, 0xF0, 0xFF, 0x07, 0xF0, 0x7F, 0x07, 0xF0, 0x7F, 0x0F, 0xF0,
  0xFF, 0x0F, 0x79, 0xF7, 0xFE, 0x3F, 0xC0, 0xF8, 0x03, 0x87, 0xC7, 0xE7,
  0xF7, 0xBB, 0x9C, 0x8E, 0x07, 0x03, 0x81, 0xC0, 0xE0, 0x70, 0x38, 0x1C,
  0x0E, 0x07, 0x03, 0x81, 0xC0, 0x1F, 0x87, 0xFE, 0xFF, 0xE7, 0x9F, 0x20,
  0xF0, 0x0F, 0x00, 0xF0, 0x1E, 0x01, 0xE0, 0x3C, 0x07, 0x80, 0xF0, 0x1E,
  0x03, 0xC0, 0x78, 0x0F, 0xFF, 0xFF, 0xFF, 0xFF, 0x3F, 0x8F, 0xFE, 0xFF,
  0xE6, 0x1F, 0x00, 0xF0, 0x0F, 0x01, 0xE1, 0xFC, 0x1F, 0x81, 0xFE, 0x01,
  0xF0, 0x0F, 0x00, 0xF0, 0x0F, 0xC1, 0xFF, 0xFE, 0xFF, 0xC7, 0xF8, 0x00,
  0xF0, 0x07, 0xC0, 0x1F, 0x00, 0xFC, 0x07, 0xF0, 0x3B, 0xC0, 0xEF, 0x07,
  0x3C, 0x3C, 0xF0, 0xE3, 0xC7, 0x0F, 0x3F, 0xFF, 0xFF, 0xFF, 0xFF, 0xF0,
  0x0F, 0x00, 0x3C, 0x00, 0xF0, 0x03, 0xC0, 0x7F, 0xE7, 0xFE, 0x7F, 0xE7,
  0x80, 0x70, 0x07, 0x00, 0x7F, 0x87, 0xFE, 0x7F, 0xE0, 0x1F, 0x00, 0xF0,
  0x0F, 0x00, 0xF0, 0x0F, 0xC1, 0xFF, 0xFE, 0xFF, 0xC7, 0xF0, 0x07, 0xE1,
  0xFE, 0x3F, 0xE7, 0xC0, 0x78, 0x0F, 0x00, 0xF7, 0xCE, 0xFE, 0xFF, 0xFF,
  0x8F, 0xF0, 0x7F, 0x07, 0xF0, 0x7F, 0x07, 0x78, 0xF7, 0xFE, 0x3F, 0xE0,
  0xF8, 0xFF, 0xFF, 0xFF, 0xFF, 0xF0, 0x0F, 0x00, 0xF0, 0x1E, 0x01, 0xE0,
  0x3C, 0x03, 0xC0, 0x38, 0x07, 0x80, 0x78, 0x0F, 0x00, 0xF0, 0x1E, 0x01,
  0xE0, 0x3C, 0x03, 0xC0, 0x1F, 0x83, 0xFE, 0x7F, 0xEF, 0x0F, 0xF0, 0xF7,
  0x0F, 0x79, 0xE3, 0xFC, 0x1F, 0x83, 0xFC, 0x79, 0xEF, 0x0F, 0xE0, 0x7E,
  0x07, 0xF0, 0xFF, 0xFF, 0x7F, 0xE1, 0xF8, 0x1F, 0x83, 0xFC, 0x7F, 0xEF,
  0x1F, 0xF0, 0xFE, 0x07, 0xE0, 0x7F, 0x0F, 0xF0, 0xFF, 0xFF, 0x7F, 0x73,
  0xE7, 0x00, 0xF0, 0x0E, 0x03, 0xE7, 0xFC, 0x7F, 0x87, 0xE0, 0x77, 0xFE,
  0xE0, 0x00, 0x00, 0x00, 0x1D, 0xFF, 0xB8, 0x77, 0xFE, 0xE0, 0x00, 0x00,
  0x00, 0x00, 0xF7, 0x3B, 0xDC, 0xE0, 0x00, 0x10, 0x07, 0x01, 0xF0, 0x7E,
  0x1F, 0x87, 0xE0, 0xF0, 0x0F, 0xC0, 0x3F, 0x00, 0xFE, 0x03, 0xF0, 0x07,
  0x00, 0x10, 0xFF, 0xFF, 0xFF, 0xFF, 0xF0, 0x00, 0x00, 0x0F, 0xFF, 0xFF,
  0xFF, 0xFF, 0x80, 0x0E, 0x00, 0xF8, 0x07, 0xE0, 0x0F, 0x80, 0x3E, 0x00,
  0xF0, 0x3F, 0x0F, 0xC3, 0xF0, 0xFC, 0x0F, 0x00, 0x80, 0x00, 0x3F, 0x9F,
  0xF9, 0xFF, 0xB0, 0xF0, 0x0E, 0x01, 0xC0, 0x78, 0x3E, 0x0F, 0x81, 0xE0,
  0x78, 0x0F, 0x00, 0x00, 0x00, 0x07, 0x80, 0xF0, 0x1E, 0x01, 0xC0, 0x01,
  0xFC, 0x00, 0x7F, 0xF0, 0x0F, 0x87, 0xC1, 0xC0, 0x1E, 0x38, 0x00, 0xE7,
  0x0F, 0xC7, 0x73, 0xFE, 0x76, 0x3C, 0xE7, 0xE7, 0x0E, 0x7E, 0x70, 0xE7,
  0xE7, 0x0E, 0x7E, 0x70, 0xE7, 0xE7, 0x9E, 0xE6, 0x3F, 0xFE, 0x71, 0xF3,
  0xC7, 0x00, 0x00, 0x3C, 0x00, 0x01, 0xF0, 0xF0, 0x0F, 0xFF, 0x00, 0x3F,
  0xC0, 0x03, 0xE0, 0x01, 0xF0, 0x01, 0xFC, 0x00, 0xEE, 0x00, 0x77, 0x80,
  0x7B, 0xC0, 0x3C, 0xE0, 0x1C, 0x78, 0x1E, 0x3C, 0x0F, 0x0E, 0x07, 0x07,
  0x87, 0xFF, 0xC3, 0xFF, 0xE1, 0xFF, 0xF9, 0xE0, 0x3C, 0xF0, 0x1E, 0x78,
  0x07, 0xF8, 0x03, 0xC0, 0xFF, 0xC7, 0xFF, 0xBF, 0xFF, 0xE1, 0xFF, 0x07,
  0xF8, 0x3F, 0xC3, 0xFF, 0xFE, 0xFF, 0xE7, 0xFF, 0xBC, 0x1F, 0xE0, 0xFF,
  0x03, 0xF8, 0x3F, 0xC3, 0xFF, 0xFF, 0xFF, 0xF7, 0xFE, 0x00, 0x03, 0xF0,
  0x3F, 0xF1, 0xFF, 0xCF, 0x86, 0x7C, 0x01, 0xE0, 0x07, 0x80, 0x1C, 0x00,
  0xF0, 0x03, 0xC0, 0x07, 0x00, 0x1E, 0x00, 0x78, 0x01, 0xF0, 0x03, 0xE1,
  0x8F, 0xFE, 0x1F, 0xF8, 0x1F, 0xC0, 0xFF, 0x81, 0xFF, 0xE3, 0xFF, 0xE7,
  0x87, 0xEF, 0x03, 0xDE, 0x07, 0xFC, 0x07, 0xF8, 0x0F, 0xF0, 0x1F, 0xE0,
  0x3F, 0xC0, 0x7F, 0x80, 0xFF, 0x03, 0xFE, 0x07, 0xBC, 0x3F, 0x7F, 0xFC,
  0xFF, 0xE1, 0xFF, 0x00, 0xFF, 0xFF, 0xFF, 0xFF, 0xF8, 0x0F, 0x01, 0xE0,
  0x3C, 0x07, 0xFE, 0xFF, 0xDF, 0xFB, 0xC0, 0x78, 0x0F, 0x01, 0xE0, 0x3C,
  0x07, 0xFF, 0xFF, 0xFF, 0xFC, 0xFF, 0xFF, 0xFF, 0xFF, 0xC0, 0xF0, 0x3C,
  0x0F, 0x03, 0xC0, 0xFF, 0xFF, 0xFF, 0xFF, 0xC0, 0xF0, 0x3C, 0x0F, 0x03,
  0xC0, 0xF0, 0x3C, 0x00, 0x03, 0xF8, 0x1F, 0xFC, 0x7F, 0xF9, 0xF8, 0x67,
  0xC0, 0x0F, 0x00, 0x1E, 0x00, 0x38, 0x00, 0xF0, 0xFF, 0xE1, 0xFD, 0xC3,
  0xFB, 0xC0, 0xF7, 0x81, 0xEF, 0x83, 0xCF, 0x87, 0x9F, 0xFF, 0x1F, 0xFE,
  0x0F, 0xF0, 0xF0, 0x1F, 0xE0, 0x3F, 0xC0, 0x7F, 0x80, 0xFF, 0x01, 0xFE,
  0x03, 0xFC, 0x07, 0xFF, 0xFF, 0xFF, 0xFF, 0xFF, 0xFF, 0xC0, 0x7F, 0x80,
  0xFF, 0x01, 0xFE, 0x03, 0xFC, 0x07, 0xF8, 0x0F, 0xF0, 0x1F, 0xE0, 0x3C,
  0xFF, 0xFF, 0xFF, 0xFF, 0xFF, 0xFF, 0xFF, 0xFF, 0xFF, 0x0F, 0x0F, 0x0F,
  0x0F, 0x0F, 0x0F, 0x0F, 0x0F, 0x0F, 0x0F, 0x0F, 0x0F, 0x0F, 0x0F, 0x0F,
  0x0F, 0x0F, 0x0F, 0x0F, 0x1F, 0xFE, 0xFC, 0xF8, 0xF0, 0x3D, 0xE0, 0xF3,
  0xC3, 0xE7, 0x87, 0x8F, 0x1E, 0x1E, 0x78, 0x3D, 0xE0, 0x7B, 0xC0, 0xFF,
  0x81, 0xFF, 0x03, 0xFF, 0x07, 0x9F, 0x0F, 0x1E, 0x1E, 0x1E, 0x3C, 0x3C,
  0x78, 0x3C, 0xF0, 0x7D, 0xE0, 0x78, 0xF0, 0x1E, 0x03, 0xC0, 0x78, 0x0F,
  0x01, 0xE0, 0x3C, 0x07, 0x80, 0xF0, 0x1E, 0x03, 0xC0, 0x78, 0x0F, 0x01,
  0xE0, 0x3C, 0x07, 0xFF, 0xFF, 0xFF, 0xFC, 0xFC, 0x03, 0xFF, 0x80, 0x7F,
  0xF0, 0x1F, 0xFE, 0x03, 0xFE, 0xE0, 0x7F, 0xDC, 0x1D, 0xFF, 0x83, 0xBF,
  0xB8, 0x77, 0xF7, 0x1C, 0xFE, 0xE3, 0x9F, 0xCE, 0x73, 0xF9, 0xDC, 0x7F,
  0x3B, 0x8F, 0xE7, 0xF1, 0xFC, 0x7C, 0x3F, 0x8F, 0x87, 0xF1, 0xF0, 0xFE,
  0x1C, 0x1C, 0xF8, 0x07, 0xFC, 0x07, 0xFC, 0x07, 0xFE, 0x07, 0xEF, 0x07,
  0xEF, 0x07, 0xE7, 0x87, 0xF7, 0x87, 0xF3, 0xC7, 0xF3, 0xC7, 0xF1, 0xE7,
  0xF0, 0xF7, 0xF0, 0xF7, 0xF0, 0x7F, 0xF0, 0x7F, 0xF0, 0x3F, 0xF0, 0x3F,
  0xF0, 0x1F, 0x03, 0xF0, 0x07, 0xFE, 0x0F, 0xFF, 0x87, 0xC3, 0xE7, 0xC0,
  0xFB, 0xC0, 0x3D, 0xE0, 0x1E, 0xF0, 0x0F, 0xF0, 0x07, 0xFC, 0x03, 0xDE,
  0x01, 0xEF, 0x00, 0xF7, 0x80, 0x7B, 0xE0, 0x7C, 0xF8, 0x7C, 0x7F, 0xFC,
  0x0F, 0xFC, 0x03, 0xF8, 0x00, 0xFF, 0x87, 0xFF, 0x3F, 0xFD, 0xE1, 0xEF,
  0x0F, 0x78, 0x3F, 0xC1, 0xFE, 0x1E, 0xF1, 0xF7, 0xFF, 0xBF, 0xF9, 0xFF,
  0x0F, 0x00, 0x78, 0x03, 0xC0, 0x1E, 0x00, 0xF0, 0x07, 0x80, 0x00, 0x03,
  0xF0, 0x07, 0xFE, 0x0F, 0xFF, 0x87, 0xC3, 0xE7, 0xC0, 0xFB, 0xC0, 0x3D,
  0xE0, 0x1E, 0xF0, 0x0F, 0xF0, 0x07, 0xFC, 0x03, 0xDE, 0x01, 0xEF, 0x00,
  0xF7, 0x80, 0x7B, 0xE0, 0x7C, 0xF8, 0x7C, 0x7F, 0xFC, 0x0F, 0xFC, 0x03,
  0xFC, 0x00, 0x0F, 0x00, 0x07, 0xC0, 0x01, 0xF0, 0x00, 0x7C, 0xFF, 0x81,
  0xFF, 0xC3, 0xFF, 0xC7, 0x8F, 0x8F, 0x07, 0x9E, 0x0F, 0x3C, 0x1C, 0x78,
  0xF8, 0xFF, 0xE1, 0xFF, 0x83, 0xFF, 0x07, 0x9E, 0x0F, 0x1E, 0x1E, 0x1E,
  0x3C, 0x3C, 0x78, 0x3C, 0xF0, 0x7D, 0xE0, 0x78, 0x1F, 0xC3, 0xFF, 0x7F,
  0xE7, 0x8E, 0xF0, 0x0F, 0x00, 0x78, 0x07, 0xE0, 0x3F, 0x81, 0xFC, 0x07,
  0xE0, 0x1F, 0x00, 0xF0, 0x0F, 0xE1, 0xFF, 0xFE, 0xFF, 0xC3, 0xF0, 0xFF,
  0xFF, 0xFF, 0xFF, 0xFF, 0xC1, 0xE0, 0x07, 0x80, 0x1E, 0x00, 0x78, 0x01,
  0xE0, 0x07, 0x80, 0x1E, 0x00, 0x78, 0x01, 0xE0, 0x07, 0x80, 0x1E, 0x00,
  0x78, 0x01, 0xE0, 0x07, 0x80, 0x1E, 0x00, 0xF0, 0x1F, 0xE0, 0x3F, 0xC0,
  0x7F, 0x80, 0xFF, 0x01, 0xFE, 0x03, 0xFC, 0x07, 0xF8, 0x0F, 0xF0, 0x1F,
  0xE0, 0x3F, 0xC0, 0x7F, 0x80, 0xFF, 0x01, 0xFE, 0x07, 0x9F, 0x1F, 0x3F,
  0xFC, 0x3F, 0xF0, 0x1F, 0xC0, 0xF0, 0x0F, 0x70, 0x0F, 0x78, 0x0E, 0x78,
  0x1E, 0x38, 0x1E, 0x3C, 0x1C, 0x3C, 0x3C, 0x1C, 0x3C, 0x1C, 0x38, 0x1E,
  0x78, 0x0E, 0x78, 0x0E, 0x70, 0x0F, 0x70, 0x07, 0xF0, 0x07, 0xE0, 0x07,
  0xE0, 0x03, 0xE0, 0x03, 0xC0, 0xF0, 0x3C, 0x0F, 0xF0, 0x3C, 0x0F, 0x70,
  0x3E, 0x0F, 0x78, 0x7E, 0x0E, 0x78, 0x7E, 0x1E, 0x78, 0x7E, 0x1E, 0x38,
  0x7F, 0x1E, 0x38, 0xF7, 0x1C, 0x3C, 0xE7, 0x3C, 0x3C, 0xE7, 0x3C, 0x1C,
  0xE7, 0xBC, 0x1D, 0xE3, 0xB8, 0x1F, 0xC3, 0xB8, 0x1F, 0xC3, 0xF8, 0x0F,
  0xC3, 0xF8, 0x0F, 0xC1, 0xF0, 0x0F, 0x81, 0xF0, 0x0F, 0x81, 0xF0, 0x78,
  0x0F, 0x3C, 0x0F, 0x0F, 0x07, 0x83, 0xC7, 0x81, 0xE3, 0x80, 0x7B, 0xC0,
  0x3F, 0xC0, 0x0F, 0xE0, 0x03, 0xE0, 0x03, 0xF0, 0x01, 0xFC, 0x01, 0xFE,
  0x01, 0xE7, 0x80, 0xF1, 0xE0, 0xF0, 0xF0, 0x78, 0x3C, 0x78, 0x1F, 0x78,
  0x07, 0x80, 0xF0, 0x1E, 0x78, 0x1E, 0x78, 0x3C, 0x3C, 0x3C, 0x3C, 0x78,
  0x1E, 0x78, 0x1E, 0xF0, 0x0F, 0xF0, 0x07, 0xE0, 0x07, 0xE0, 0x03, 0xC0,
  0x03, 0xC0, 0x03, 0xC0, 0x03, 0xC0, 0x03, 0xC0, 0x03, 0xC0, 0x03, 0xC0,
  0x03, 0xC0, 0xFF, 0xFF, 0xFF, 0xFF, 0xFE, 0x01, 0xE0, 0x1E, 0x00, 0xF0,
  0x0F, 0x00, 0xF0, 0x0F, 0x00, 0x78, 0x07, 0x80, 0x78, 0x03, 0xC0, 0x3C,
  0x03, 0xC0, 0x1F, 0xFF, 0xFF, 0xFF, 0xFF, 0xC0, 0xFF, 0xFF, 0xF8, 0xE3,
  0x8E, 0x38, 0xE3, 0x8E, 0x38, 0xE3, 0x8E, 0x38, 0xE3, 0x8E, 0x3F, 0xFF,
  0xF0, 0xF0, 0x1C, 0x07, 0x01, 0xE0, 0x38, 0x0F, 0x01, 0xC0, 0x70, 0x1E,
  0x03, 0x80, 0xE0, 0x3C, 0x07, 0x01, 0xE0, 0x78, 0x0E, 0x03, 0xC0, 0x70,
  0xFF, 0xFF, 0xCF, 0x3C, 0xF3, 0xCF, 0x3C, 0xF3, 0xCF, 0x3C, 0xF3, 0xCF,
  0x3C, 0xF3, 0xFF, 0xFF, 0xF0, 0x06, 0x00, 0x70, 0x03, 0xC0, 0x3E, 0x01,
  0xF8, 0x1C, 0xC0, 0xE7, 0x06, 0x18, 0x70, 0xE3, 0x83, 0x38, 0x1D, 0xC0,
  0x60, 0xFF, 0xFF, 0xF0, 0xF8, 0xF0, 0x70, 0x70, 0x1F, 0x87, 0xFE, 0x3F,
  0xF2, 0x0F, 0x00, 0x71, 0xFF, 0x7F, 0xFF, 0x87, 0xF0, 0xFF, 0x0F, 0xF0,
  0xFF, 0xFF, 0x7F, 0x73, 0xE7, 0xF0, 0x07, 0x80, 0x3C, 0x01, 0xE0, 0x0F,
  0x00, 0x7B, 0xE3, 0xFF, 0x9F, 0xFE, 0xF8, 0xF7, 0x87, 0xBC, 0x1F, 0xE0,
  0xFF, 0x07, 0xF8, 0x3F, 0xC3, 0xDF, 0x1E, 0xFF, 0xF7, 0x7F, 0x39, 0xF0,
  0x0F, 0xC7, 0xFD, 0xFF, 0x3C, 0x2F, 0x01, 0xE0, 0x3C, 0x07, 0x80, 0xF0,
  0x1E, 0x01, 0xE1, 0xBF, 0xF3, 0xFE, 0x3F, 0x80, 0x00, 0x78, 0x03, 0xC0,
  0x1E, 0x00, 0xF0, 0x07, 0x8F, 0xBC, 0xFF, 0xEF, 0xFF, 0x78, 0xFF, 0x83,
  0xFC, 0x1F, 0xE0, 0xFF, 0x07, 0xF8, 0x3F, 0xC1, 0xEF, 0x1F, 0x7F, 0xF9,
  0xFF, 0xC7, 0xCE, 0x0F, 0x81, 0xFF, 0x1F, 0xFC, 0xF0, 0xEF, 0x07, 0xF8,
  0x3F, 0xFF, 0xFF, 0xFF, 0xF0, 0x07, 0x80, 0x1E, 0x04, 0xFF, 0xE3, 0xFF,
  0x07, 0xF0, 0x0F, 0xE3, 0xF8, 0x7F, 0x0F, 0x01, 0xC0, 0x7F, 0xBF, 0xF7,
  0xFE, 0x1C, 0x03, 0x80, 0x70, 0x0E, 0x01, 0xC0, 0x38, 0x07, 0x00, 0xE0,
  0x1C, 0x03, 0x80, 0x70, 0x00, 0x0F, 0xFC, 0xFF, 0xF7, 0xCF, 0x1E, 0x1C,
  0x78, 0x71, 0xE1, 0xC3, 0xCF, 0x0F, 0xF8, 0x1F, 0x80, 0xE0, 0x03, 0x80,
  0x0F, 0xFC, 0x1F, 0xF9, 0xFF, 0xEF, 0x03, 0xF8, 0x0F, 0xE0, 0x3B, 0xF7,
  0xE7, 0xFF, 0x07, 0xF0, 0xF0, 0x07, 0x80, 0x3C, 0x01, 0xE0, 0x0F, 0x00,
  0x7B, 0xE3, 0xFF, 0x9F, 0xFE, 0xF8, 0xF7, 0x83, 0xFC, 0x1F, 0xE0, 0xFF,
  0x07, 0xF8, 0x3F, 0xC1, 0xFE, 0x0F, 0xF0, 0x7F, 0x83, 0xFC, 0x1E, 0x4F,
  0xFE, 0x00, 0xFF, 0xFF, 0xFF, 0xFF, 0xFF, 0xFF, 0xFF, 0x04, 0x0F, 0x0F,
  0x0E, 0x00, 0x00, 0x0F, 0x0F, 0x0F, 0x0F, 0x0F, 0x0F, 0x0F, 0x0F, 0x0F,
  0x0F, 0x0F, 0x0F, 0x0F, 0x0F, 0x0F, 0x0F, 0x1F, 0xFE, 0xFE, 0xF8, 0xF0,
  0x03, 0xC0, 0x0F, 0x00, 0x3C, 0x00, 0xF0, 0x03, 0xC1, 0xEF, 0x0F, 0x3C,
  0x78, 0xF3, 0xC3, 0xDE, 0x0F, 0xF0, 0x3F, 0xC0, 0xFF, 0x83, 0xFF, 0x0F,
  0x3C, 0x3C, 0x78, 0xF1, 0xF3, 0xC3, 0xCF, 0x07, 0x80, 0xFF, 0xFF, 0xFF,
  0xFF, 0xFF, 0xFF, 0xFF, 0xFF, 0xFF, 0xF0, 0xE7, 0xC3, 0xC7, 0x7F, 0x7F,
  0xBF, 0xFF, 0xFD, 0xF1, 0xF1, 0xFF, 0x0F, 0x87, 0xF8, 0x78, 0x3F, 0xC3,
  0xC1, 0xFE, 0x1E, 0x0F, 0xF0, 0xF0, 0x7F, 0x87, 0x83, 0xFC, 0x3C, 0x1F,
  0xE1, 0xE0, 0xFF, 0x0F, 0x07, 0xF8, 0x78, 0x3C, 0xE7, 0xC7, 0x7F, 0xBF,
  0xFD, 0xF1, 0xEF, 0x07, 0xF8, 0x3F, 0xC1, 0xFE, 0x0F, 0xF0, 0x7F, 0x83,
  0xFC, 0x1F, 0xE0, 0xFF, 0x07, 0xF8, 0x3C, 0x0F, 0xC1, 0xFF, 0x1F, 0xFC,
  0xF1, 0xFF, 0x07, 0xF8, 0x3F, 0xC0, 0xFE, 0x07, 0xF0, 0x7F, 0x83, 0xDE,
  0x3E, 0xFF, 0xE3, 0xFE, 0x07, 0xE0, 0xE7, 0xC7, 0x7F, 0x3F, 0xFD, 0xF1,
  0xEF, 0x07, 0x78, 0x3F, 0xC1, 0xFE, 0x0F, 0xF0, 0x7F, 0x87, 0xBE, 0x3D,
  0xFF, 0xEF, 0xFE, 0x7B, 0xE3, 0xC0, 0x1E, 0x00, 0xF0, 0x07, 0x80, 0x3C,
  0x01, 0xE0, 0x00, 0x1F, 0x39, 0xFF, 0xDF, 0xFE, 0xF1, 0xFF, 0x07, 0xF8,
  0x3F, 0xC1, 0xFE, 0x0F, 0xF0, 0x7F, 0x83, 0xDE, 0x3E, 0xFF, 0xF3, 0xFF,
  0x8F, 0xBC, 0x01, 0xE0, 0x0F, 0x00, 0x78, 0x03, 0xC0, 0x1E, 0x00, 0xF0,
  0xE3, 0xF7, 0xFB, 0xFF, 0xFF, 0x87, 0x83, 0xC1, 0xE0, 0xF0, 0x78, 0x3C,
  0x1E, 0x0F, 0x07, 0x80, 0x1F, 0x9F, 0xFF, 0xFF, 0xC0, 0xF0, 0x3F, 0x87,
  0xF8, 0x7F, 0x07, 0xC0, 0x78, 0x1F, 0xFF, 0xFF, 0x9F, 0xC0, 0x18, 0x1C,
  0x0E, 0x0F, 0xFF, 0xFF, 0xFD, 0xE0, 0xF0, 0x78, 0x3C, 0x1E, 0x0F, 0x07,
  0x83, 0xC0, 0xFE, 0x7F, 0x1F, 0x80, 0xF0, 0x7F, 0x07, 0xF0, 0x7F, 0x07,
  0xF0, 0x7F, 0x07, 0xF0, 0x7F, 0x07, 0xF0, 0x7F, 0x0F, 0xF0, 0xFF, 0xFF,
  0x7F, 0xF3, 0xE7, 0xF0, 0x3D, 0xC0, 0xF7, 0x87, 0x9E, 0x1E, 0x38, 0x78,
  0xF1, 0xC3, 0xCF, 0x07, 0x38, 0x1E, 0xE0, 0x3F, 0x80, 0xFC, 0x03, 0xF0,
  0x07, 0xC0, 0x1E, 0x00, 0xF0, 0x78, 0x7B, 0x87, 0xC3, 0xDE, 0x3E, 0x1C,
  0xF1, 0xB8, 0xE7, 0x8D, 0xCF, 0x1C, 0xEE, 0x78, 0xF7, 0x33, 0x87, 0xB9,
  0xDC, 0x1D, 0x8F, 0xE0, 0xEC, 0x7E, 0x07, 0xE3, 0xF0, 0x3F, 0x0F, 0x80,
  0xF0, 0x7C, 0x07, 0x83, 0xC0, 0x78, 0x3D, 0xE1, 0xE3, 0xCF, 0x87, 0xBC,
  0x1F, 0xE0, 0x3F, 0x80, 0x7C, 0x03, 0xF0, 0x0F, 0xE0, 0x7F, 0x83, 0xCF,
  0x0F, 0x1E, 0x78, 0x7B, 0xE0, 0xF0, 0xF0, 0x3D, 0xE0, 0xF7, 0x87, 0x9E,
  0x1E, 0x3C, 0x78, 0xF3, 0xC1, 0xCF, 0x07, 0xB8, 0x1F, 0xE0, 0x3F, 0x80,
  0xFC, 0x01, 0xF0, 0x07, 0xC0, 0x1E, 0x00, 0x78, 0x01, 0xE0, 0x0F, 0x01,
  0xFC, 0x07, 0xE0, 0x1E, 0x00, 0xFF, 0xFF, 0xFF, 0xFC, 0x0E, 0x07, 0x83,
  0xC1, 0xE0, 0x78, 0x3C, 0x1E, 0x07, 0x83, 0xFF, 0xFF, 0xFF, 0xF0, 0x07,
  0x87, 0xC3, 0xE3, 0xC1, 0xE0, 0xF0, 0x78, 0x3C, 0x1E, 0x7E, 0x3C, 0x1F,
  0x81, 0xE0, 0xF0, 0x78, 0x3C, 0x1E, 0x0F, 0x07, 0x81, 0xF0, 0xF8, 0x3C,
  0xFF, 0xFF, 0xFF, 0xFF, 0xFF, 0xFF, 0xC0, 0xF0, 0xF8, 0xF8, 0x38, 0x38,
  0x38, 0x38, 0x3C, 0x3C, 0x1F, 0x07, 0x1F, 0x3C, 0x38, 0x38, 0x38, 0x38,
  0x38, 0x38, 0xF8, 0xF8, 0xF0, 0x7C, 0x1F, 0xFF, 0xFF, 0xF8, 0x3E, 0x00,
  0x00, 0x00, 0x00, 0x00, 0x00, 0x00, 0x00, 0x00, 0x00, 0x00, 0x00, 0x00,
  0x00, 0x00, 0x00, 0x00, 0x00, 0x00, 0x00, 0x00, 0x00, 0x00, 0x00, 0x00,
  0x00, 0x00, 0x00, 0x00, 0x00, 0x00, 0x00, 0x00, 0x00, 0x77, 0xFE, 0xE0,
  0x00, 0x0E, 0x73, 0x9C, 0xE7, 0x39, 0xCE, 0x7F, 0xFE, 0x06, 0x00, 0xC0,
  0x7F, 0x1F, 0xE7, 0xFD, 0xF0, 0xBC, 0x07, 0x80, 0xF0, 0x1E, 0x03, 0xC0,
  0x78, 0x0F, 0x84, 0xFF, 0x8F, 0xF0, 0xFC, 0x06, 0x00, 0xC0, 0x07, 0xE0,
  0xFF, 0x87, 0xFC, 0x78, 0x43, 0xC0, 0x1E, 0x00, 0xF0, 0x1F, 0xF8, 0xFF,
  0xC7, 0xFE, 0x0F, 0x00, 0x78, 0x03, 0xC0, 0x1C, 0x01, 0xE0, 0x1F, 0xFF,
  0xFF, 0xFF, 0xFF, 0xC0, 0x20, 0x27, 0xF7, 0x7F, 0xE3, 0xFC, 0x30, 0xE7,
  0x0E, 0x70, 0xE3, 0x0E, 0x3F, 0xC7, 0xFE, 0x7F, 0x72, 0x02, 0xF0, 0x3D,
  0xE0, 0xE7, 0x87, 0x8F, 0x1C, 0x3C, 0xF0, 0x73, 0x81, 0xFE, 0x03, 0xF0,
  0x0F, 0xC0, 0xFF, 0xC3, 0xFF, 0x01, 0xE0, 0x07, 0x80, 0xFF, 0xC3, 0xFF,
  0x01, 0xE0, 0x07, 0x80, 0x1E, 0x00, 0xFF, 0xFF, 0xF0, 0x03, 0xFF, 0xFF,
  0xC0, 0x1F, 0x1F, 0xF7, 0x3B, 0x80, 0x70, 0x1F, 0x03, 0xF1, 0xDE, 0x61,
  0xF8, 0x77, 0x1D, 0xFE, 0x1F, 0x01, 0xE0, 0x1C, 0x07, 0xE3, 0xFF, 0xE7,
  0xF0, 0x73, 0xFB, 0xD8, 0xC0, 0x03, 0xF8, 0x01, 0xFF, 0xC0, 0x70, 0x1C,
  0x18, 0x79, 0xC6, 0x3F, 0x98, 0xCE, 0x01, 0x91, 0x80, 0x36, 0x30, 0x02,
  0xC6, 0x00, 0x78, 0xC0, 0x0F, 0x18, 0x01, 0x63, 0x00, 0x66, 0x70, 0x0C,
  0xC7, 0xF3, 0x0C, 0x7C, 0xE0, 0xE0, 0x38, 0x0F, 0xFE, 0x00, 0x7F, 0x00,
  0x7C, 0xFE, 0x06, 0x1F, 0xFF, 0xC7, 0xC7, 0xFF, 0x73, 0x08, 0x30, 0xF3,
  0xCF, 0x1E, 0x71, 0xE7, 0x9E, 0x79, 0xE1, 0xE7, 0x87, 0x1E, 0x3C, 0x78,
  0xF3, 0xC2, 0x0C, 0xFF, 0xFF, 0xFF, 0xFF, 0xF0, 0x03, 0x00, 0x30, 0x03,
  0x00, 0x30, 0xFF, 0xFF, 0xC0, 0x03, 0xF8, 0x01, 0xFF, 0xC0, 0x70, 0x1C,
  0x18, 0x01, 0xC6, 0x3F, 0x18, 0xC7, 0xF1, 0x90, 0xC6, 0x36, 0x18, 0xC2,
  0xC3, 0x38, 0x78, 0x7C, 0x0F, 0x0C, 0xC1, 0x61, 0x98, 0x66, 0x31, 0x8C,
  0xC6, 0x3B, 0x0C, 0x00, 0xE0, 0xE0, 0x38, 0x0F, 0xFE, 0x00, 0x7F, 0x00,
  0xFF, 0xFF, 0xFF, 0xC0, 0x3E, 0x3F, 0xBD, 0xDC, 0x7E, 0x3F, 0xB9, 0xFC,
  0x7C, 0x06, 0x00, 0x60, 0x06, 0x00, 0x60, 0xFF, 0xFF, 0xFF, 0xFF, 0xF0,
  0x60, 0x06, 0x00, 0x60, 0x06, 0x00, 0x60, 0xFF, 0xFF, 0xFF, 0xFF, 0xF0,
  0x7C, 0xFE, 0xEE, 0x0E, 0x0E, 0x1C, 0x38, 0x70, 0xE0, 0xFF, 0xFF, 0x7D,
  0xFD, 0x38, 0x77, 0xCF, 0x83, 0x83, 0x8F, 0xFF, 0xF0, 0x1E, 0x79, 0xC7,
  0x00, 0xF0, 0x7F, 0x83, 0xFC, 0x1F, 0xE0, 0xFF, 0x07, 0xF8, 0x3F, 0xC1,
  0xFE, 0x0F, 0xF0, 0x7F, 0x87, 0xFC, 0x3F, 0xFF, 0xFF, 0xFF, 0xFF, 0x9F,
  0xC0, 0x1E, 0x00, 0xF0, 0x07, 0x80, 0x3C, 0x01, 0xE0, 0x00, 0x1F, 0xF9,
  0xFF, 0xDF, 0xE6, 0xFF, 0x3F, 0xF9, 0xFF, 0xCF, 0xFE, 0x7F, 0xF3, 0x7F,
  0x9B, 0xFC, 0xCF, 0xE6, 0x3F, 0x30, 0x19, 0x80, 0xCC, 0x06, 0x60, 0x33,
  0x01, 0x98, 0x0C, 0xC0, 0x66, 0x03, 0x30, 0x19, 0x80, 0xCC, 0x77, 0xFE,
  0xE0, 0x67, 0x8E, 0x7F, 0xF8, 0x1C, 0xF7, 0xDF, 0x5C, 0x71, 0xC7, 0x1C,
  0x71, 0xC0, 0x3C, 0x7E, 0xE7, 0xC7, 0xC7, 0xC7, 0xE7, 0x7E, 0x3C, 0x20,
  0x87, 0x9E, 0x1E, 0x78, 0x79, 0xE1, 0xC7, 0x8F, 0x1C, 0x79, 0xE7, 0x9E,
  0x79, 0xE7, 0x9E, 0x08, 0x20, 0x1C, 0x06, 0x07, 0xC0, 0xE0, 0xFC, 0x1C,
  0x0D, 0xC1, 0xC0, 0x1C, 0x38, 0x01, 0xC3, 0x80, 0x1C, 0x70, 0x01, 0xC7,
  0x1C, 0x1C, 0xE3, 0xC1, 0xCE, 0x7C, 0x1D, 0xC7, 0xC0, 0x38, 0xDC, 0x03,
  0x9D, 0xC0, 0x71, 0x9C, 0x07, 0x3F, 0xF0, 0xE3, 0xFF, 0x0E, 0x01, 0xC1,
  0xC0, 0x1C, 0x1C, 0x06, 0x07, 0xC0, 0xE0, 0xFC, 0x1C, 0x0D, 0xC1, 0xC0,
  0x1C, 0x38, 0x01, 0xC3, 0x80, 0x1C, 0x70, 0x01, 0xC7, 0x3C, 0x1C, 0xEF,
  0xE1, 0xCC, 0x6F, 0x1D, 0xC0, 0x70, 0x38, 0x0E, 0x03, 0x81, 0xE0, 0x70,
  0x3C, 0x07, 0x07, 0x80, 0xE0, 0xF0, 0x0E, 0x0F, 0xF1, 0xC0, 0xFF, 0x3C,
  0x07, 0x0F, 0xE0, 0x70, 0x46, 0x0E, 0x00, 0x60, 0xE0, 0x3C, 0x1C, 0x03,
  0xE1, 0xC0, 0x07, 0x38, 0x00, 0x73, 0x1C, 0x87, 0x73, 0xCF, 0xEE, 0x3C,
  0x7C, 0xE7, 0xC0, 0x1C, 0x7C, 0x01, 0xCD, 0xC0, 0x39, 0x9C, 0x03, 0x9F,
  0xF0, 0x71, 0xFF, 0x07, 0x01, 0xC0, 0xE0, 0x1C, 0x0E, 0x01, 0xE0, 0x3C,
  0x07, 0x80, 0x00, 0x00, 0x00, 0x00, 0x78, 0x0F, 0x03, 0xC0, 0xF8, 0x3E,
  0x0F, 0x01, 0xC0, 0x38, 0x07, 0x86, 0xFF, 0xCF, 0xFC, 0xFE, 0x00, 0x0F,
  0x80, 0x03, 0xC0, 0x00, 0x70, 0x00, 0x1C, 0x00, 0x00, 0x00, 0x1F, 0x00,
  0x0F, 0x80, 0x0F, 0xE0, 0x07, 0x70, 0x03, 0xBC, 0x03, 0xDE, 0x01, 0xE7,
  0x00, 0xE3, 0xC0, 0xF1, 0xE0, 0x78, 0x70, 0x38, 0x3C, 0x3F, 0xFE, 0x1F,
  0xFF, 0x0F, 0xFF, 0xCF, 0x01, 0xE7, 0x80, 0xF3, 0xC0, 0x3F, 0xC0, 0x1E,
  0x00, 0x78, 0x00, 0x78, 0x00, 0x70, 0x00, 0x70, 0x00, 0x00, 0x00, 0x1F,
  0x00, 0x0F, 0x80, 0x0F, 0xE0, 0x07, 0x70, 0x03, 0xBC, 0x03, 0xDE, 0x01,
  0xE7, 0x00, 0xE3, 0xC0, 0xF1, 0xE0, 0x78, 0x70, 0x38, 0x3C, 0x3F, 0xFE,
  0x1F, 0xFF, 0x0F, 0xFF, 0xCF, 0x01, 0xE7, 0x80, 0xF3, 0xC0, 0x3F, 0xC0,
  0x1E, 0x03, 0xE0, 0x03, 0xF8, 0x03, 0xDE, 0x03, 0x87, 0x00, 0x00, 0x00,
  0x1F, 0x00, 0x0F, 0x80, 0x0F, 0xE0, 0x07, 0x70, 0x03, 0xBC, 0x03, 0xDE,
  0x01, 0xE7, 0x00, 0xE3, 0xC0, 0xF1, 0xE0, 0x78, 0x70, 0x38, 0x3C, 0x3F,
  0xFE, 0x1F, 0xFF, 0x0F, 0xFF, 0xCF, 0x01, 0xE7, 0x80, 0xF3, 0xC0, 0x3F,
  0xC0, 0x1E, 0x03, 0x8C, 0x03, 0xFE, 0x03, 0xFE, 0x01, 0x8E, 0x00, 0x00,
  0x00, 0x1F, 0x00, 0x0F, 0x80, 0x0F, 0xE0, 0x07, 0x70, 0x03, 0xBC, 0x03,
  0xDE, 0x01, 0xE7, 0x00, 0xE3, 0xC0, 0xF1, 0xE0, 0x78, 0x70, 0x38, 0x3C,
  0x3F, 0xFE, 0x1F, 0xFF, 0x0F, 0xFF, 0xCF, 0x01, 0xE7, 0x80, 0xF3, 0xC0,
  0x3F, 0xC0, 0x1E, 0x07, 0x38, 0x07, 0xBC, 0x01, 0x8C, 0x00, 0x00, 0x00,
  0x00, 0x00, 0x1F, 0x00, 0x0F, 0x80, 0x0F, 0xE0, 0x07, 0x70, 0x03, 0xBC,
  0x03, 0xDE, 0x01, 0xE7, 0x00, 0xE3, 0xC0, 0xF1, 0xE0, 0x78, 0x70, 0x38,
  0x3C, 0x3F, 0xFE, 0x1F, 0xFF, 0x0F, 0xFF, 0xCF, 0x01, 0xE7, 0x80, 0xF3,
  0xC0, 0x3F, 0xC0, 0x1E, 0x01, 0xE0, 0x01, 0xF8, 0x00, 0xCC, 0x00, 0x66,
  0x00, 0x3F, 0x00, 0x1F, 0x00, 0x1F, 0xC0, 0x0E, 0xE0, 0x07, 0x78, 0x07,
  0xBC, 0x03, 0xCE, 0x01, 0xC7, 0x81, 0xE3, 0xC0, 0xF0, 0xE0, 0x70, 0x78,
  0x7F, 0xFC, 0x3F, 0xFE, 0x1F, 0xFF, 0x9E, 0x03, 0xCF, 0x01, 0xE7, 0x80,
  0x7F, 0x80, 0x3C, 0x00, 0xFF, 0xFC, 0x07, 0xFF, 0xF0, 0x1F, 0xFF, 0xC0,
  0xF3, 0x80, 0x03, 0xCE, 0x00, 0x0E, 0x38, 0x00, 0x78, 0xE0, 0x01, 0xC3,
  0xFF, 0x0F, 0x0F, 0xFC, 0x3C, 0x3F, 0xF1, 0xE0, 0xE0, 0x07, 0xFF, 0x80,
  0x3F, 0xFE, 0x00, 0xFF, 0xF8, 0x03, 0x80, 0xE0, 0x1E, 0x03, 0xFF, 0x78,
  0x0F, 0xFF, 0xC0, 0x3F, 0xF0, 0x03, 0xF0, 0x3F, 0xF1, 0xFF, 0xCF, 0x86,
  0x7C, 0x01, 0xE0, 0x07, 0x80, 0x1C, 0x00, 0xF0, 0x03, 0xC0, 0x07, 0x00,
  0x1E, 0x00, 0x78, 0x01, 0xF0, 0x03, 0xE1, 0x8F, 0xFE, 0x1F, 0xF8, 0x1F,
  0xC0, 0x18, 0x00, 0xF0, 0x00, 0xE0, 0x03, 0x80, 0x3E, 0x00, 0xF0, 0x7C,
  0x07, 0x80, 0x38, 0x03, 0x80, 0x01, 0xFF, 0xFF, 0xFF, 0xFF, 0xF0, 0x1E,
  0x03, 0xC0, 0x78, 0x0F, 0xFD, 0xFF, 0xBF, 0xF7, 0x80, 0xF0, 0x1E, 0x03,
  0xC0, 0x78, 0x0F, 0xFF, 0xFF, 0xFF, 0xF8, 0x03, 0xC0, 0xF0, 0x38, 0x0E,
  0x00, 0x01, 0xFF, 0xFF, 0xFF, 0xFF, 0xF0, 0x1E, 0x03, 0xC0, 0x78, 0x0F,
  0xFD, 0xFF, 0xBF, 0xF7, 0x80, 0xF0, 0x1E, 0x03, 0xC0, 0x78, 0x0F, 0xFF,
  0xFF, 0xFF, 0xF8, 0x1F, 0x07, 0xF1, 0xEF, 0x70, 0xE0, 0x01, 0xFF, 0xFF,
  0xFF, 0xFF, 0xF0, 0x1E, 0x03, 0xC0, 0x78, 0x0F, 0xFD, 0xFF, 0xBF, 0xF7,
  0x80, 0xF0, 0x1E, 0x03, 0xC0, 0x78, 0x0F, 0xFF, 0xFF, 0xFF, 0xF8, 0x39,
  0xCF, 0x78, 0xC6, 0x00, 0x00, 0x01, 0xFF, 0xFF, 0xFF, 0xFF, 0xF0, 0x1E,
  0x03, 0xC0, 0x78, 0x0F, 0xFD, 0xFF, 0xBF, 0xF7, 0x80, 0xF0, 0x1E, 0x03,
  0xC0, 0x78, 0x0F, 0xFF, 0xFF, 0xFF, 0xF8, 0xF8, 0xF0, 0x70, 0x70, 0x03,
  0xC7, 0x8F, 0x1E, 0x3C, 0x78, 0xF1, 0xE3, 0xC7, 0x8F, 0x1E, 0x3C, 0x78,
  0xF1, 0xE3, 0xC7, 0x80, 0x1E, 0x79, 0xC7, 0x00, 0x1E, 0x3C, 0x78, 0xF1,
  0xE3, 0xC7, 0x8F, 0x1E, 0x3C, 0x78, 0xF1, 0xE3, 0xC7, 0x8F, 0x1E, 0x3C,
  0x00, 0x1F, 0x07, 0xF1, 0xEF, 0x70, 0xE0, 0x00, 0x3C, 0x07, 0x80, 0xF0,
  0x1E, 0x03, 0xC0, 0x78, 0x0F, 0x01, 0xE0, 0x3C, 0x07, 0x80, 0xF0, 0x1E,
  0x03, 0xC0, 0x78, 0x0F, 0x01, 0xE0, 0x3C, 0x07, 0x80, 0x73, 0xFB, 0xD8,
  0xC0, 0x00, 0x01, 0xE0, 0xF0, 0x78, 0x3C, 0x1E, 0x0F, 0x07, 0x83, 0xC1,
  0xE0, 0xF0, 0x78, 0x3C, 0x1E, 0x0F, 0x07, 0x83, 0xC1, 0xE0, 0xF0, 0x7F,
  0xC0, 0x7F, 0xF8, 0x7F, 0xFC, 0x78, 0x7E, 0x78, 0x1E, 0x78, 0x1F, 0x78,
  0x0F, 0x78, 0x0F, 0xFF, 0x0F, 0xFF, 0x0F, 0xFF, 0x0F, 0x78, 0x0F, 0x78,
  0x1F, 0x78, 0x1E, 0x78, 0x7E, 0x7F, 0xFC, 0x7F, 0xF0, 0x7F, 0xC0, 0x07,
  0x18, 0x0F, 0xF8, 0x1F, 0xF0, 0x18, 0xE0, 0x00, 0x00, 0xF8, 0x07, 0xFC,
  0x07, 0xFC, 0x07, 0xFE, 0x07, 0xEF, 0x07, 0xEF, 0x07, 0xE7, 0x87, 0xF7,
  0x87, 0xF3, 0xC7, 0xF3, 0xC7, 0xF1, 0xE7, 0xF0, 0xF7, 0xF0, 0xF7, 0xF0,
  0x7F, 0xF0, 0x7F, 0xF0, 0x3F, 0xF0, 0x3F, 0xF0, 0x1F, 0x0F, 0x80, 0x03,
  0xC0, 0x00, 0x70, 0x00, 0x1C, 0x00, 0x00, 0x00, 0x1F, 0x80, 0x3F, 0xF0,
  0x7F, 0xFC, 0x3E, 0x1F, 0x3E, 0x07, 0xDE, 0x01, 0xEF, 0x00, 0xF7, 0x80,
  0x7F, 0x80, 0x3F, 0xE0, 0x1E, 0xF0, 0x0F, 0x78, 0x07, 0xBC, 0x03, 0xDF,
  0x03, 0xE7, 0xC3, 0xE3, 0xFF, 0xE0, 0x7F, 0xE0, 0x1F, 0xC0, 0x00, 0x3C,
  0x00, 0x3C, 0x00, 0x38, 0x00, 0x38, 0x00, 0x00, 0x00, 0x1F, 0x80, 0x3F,
  0xF0, 0x7F, 0xFC, 0x3E, 0x1F, 0x3E, 0x07, 0xDE, 0x01, 0xEF, 0x00, 0xF7,
  0x80, 0x7F, 0x80, 0x3F, 0xE0, 0x1E, 0xF0, 0x0F, 0x78, 0x07, 0xBC, 0x03,
  0xDF, 0x03, 0xE7, 0xC3, 0xE3, 0xFF, 0xE0, 0x7F, 0xE0, 0x1F, 0xC0, 0x01,
  0xF0, 0x01, 0xFC, 0x01, 0xEF, 0x01, 0xC3, 0x80, 0x00, 0x00, 0x1F, 0x80,
  0x3F, 0xF0, 0x7F, 0xFC, 0x3E, 0x1F, 0x3E, 0x07, 0xDE, 0x01, 0xEF, 0x00,
  0xF7, 0x80, 0x7F, 0x80, 0x3F, 0xE0, 0x1E, 0xF0, 0x0F, 0x78, 0x07, 0xBC,
  0x03, 0xDF, 0x03, 0xE7, 0xC3, 0xE3, 0xFF, 0xE0, 0x7F, 0xE0, 0x1F, 0xC0,
  0x03, 0x8C, 0x03, 0xFE, 0x03, 0xFE, 0x01, 0x8E, 0x00, 0x00, 0x00, 0x1F,
  0x80, 0x3F, 0xF0, 0x7F, 0xFC, 0x3E, 0x1F, 0x3E, 0x07, 0xDE, 0x01, 0xEF,
  0x00, 0xF7, 0x80, 0x7F, 0x80, 0x3F, 0xE0, 0x1E, 0xF0, 0x0F, 0x78, 0x07,
  0xBC, 0x03, 0xDF, 0x03, 0xE7, 0xC3, 0xE3, 0xFF, 0xE0, 0x7F, 0xE0, 0x1F,
  0xC0, 0x07, 0x38, 0x07, 0xBC, 0x01, 0x8C, 0x00, 0x00, 0x00, 0x00, 0x00,
  0x1F, 0x80, 0x3F, 0xF0, 0x7F, 0xFC, 0x3E, 0x1F, 0x3E, 0x07, 0xDE, 0x01,
  0xEF, 0x00, 0xF7, 0x80, 0x7F, 0x80, 0x3F, 0xE0, 0x1E, 0xF0, 0x0F, 0x78,
  0x07, 0xBC, 0x03, 0xDF, 0x03, 0xE7, 0xC3, 0xE3, 0xFF, 0xE0, 0x7F, 0xE0,
  0x1F, 0xC0, 0x40, 0x9C, 0x3B, 0xCF, 0x3F, 0xC3, 0xF0, 0x3C, 0x0F, 0xC3,
  0xFC, 0xF3, 0xDC, 0x39, 0x02, 0x00, 0x00, 0x02, 0x01, 0xFB, 0x83, 0xFF,
  0x87, 0xFF, 0xC3, 0xE1, 0xF3, 0xE0, 0xFD, 0xE0, 0xFE, 0xF0, 0xEF, 0xF8,
  0x77, 0xF8, 0x73, 0xFC, 0x71, 0xEF, 0x30, 0xF7, 0xB8, 0x7B, 0xF8, 0x3D,
  0xF8, 0x3E, 0x7C, 0x3E, 0x3F, 0xFE, 0x1F, 0xFE, 0x0E, 0xFC, 0x02, 0x00,
  0x00, 0x1F, 0x00, 0x1E, 0x00, 0x0E, 0x00, 0x0E, 0x00, 0x00, 0x1E, 0x03,
  0xFC, 0x07, 0xF8, 0x0F, 0xF0, 0x1F, 0xE0, 0x3F, 0xC0, 0x7F, 0x80, 0xFF,
  0x01, 0xFE, 0x03, 0xFC, 0x07, 0xF8, 0x0F, 0xF0, 0x1F, 0xE0, 0x3F, 0xC0,
  0xF3, 0xE3, 0xE7, 0xFF, 0x87, 0xFE, 0x03, 0xF8, 0x00, 0x00, 0xF0, 0x03,
  0xC0, 0x0E, 0x00, 0x38, 0x00, 0x00, 0x1E, 0x03, 0xFC, 0x07, 0xF8, 0x0F,
  0xF0, 0x1F, 0xE0, 0x3F, 0xC0, 0x7F, 0x80, 0xFF, 0x01, 0xFE, 0x03, 0xFC,
  0x07, 0xF8, 0x0F, 0xF0, 0x1F, 0xE0, 0x3F, 0xC0, 0xF3, 0xE3, 0xE7, 0xFF,
  0x87, 0xFE, 0x03, 0xF8, 0x00, 0x07, 0xC0, 0x1F, 0xC0, 0x7B, 0xC1, 0xC3,
  0x80, 0x00, 0x1E, 0x03, 0xFC, 0x07, 0xF8, 0x0F, 0xF0, 0x1F, 0xE0, 0x3F,
  0xC0, 0x7F, 0x80, 0xFF, 0x01, 0xFE, 0x03, 0xFC, 0x07, 0xF8, 0x0F, 0xF0,
  0x1F, 0xE0, 0x3F, 0xC0, 0xF3, 0xE3, 0xE7, 0xFF, 0x87, 0xFE, 0x03, 0xF8,
  0x00, 0x0E, 0x70, 0x3D, 0xE0, 0x31, 0x80, 0x00, 0x00, 0x00, 0x1E, 0x03,
  0xFC, 0x07, 0xF8, 0x0F, 0xF0, 0x1F, 0xE0, 0x3F, 0xC0, 0x7F, 0x80, 0xFF,
  0x01, 0xFE, 0x03, 0xFC, 0x07, 0xF8, 0x0F, 0xF0, 0x1F, 0xE0, 0x3F, 0xC0,
  0xF3, 0xE3, 0xE7, 0xFF, 0x87, 0xFE, 0x03, 0xF8, 0x00, 0x00, 0x78, 0x00,
  0xF0, 0x01, 0xC0, 0x03, 0x80, 0x00, 0x00, 0xF0, 0x1E, 0x78, 0x1E, 0x78,
  0x3C, 0x3C, 0x3C, 0x3C, 0x78, 0x1E, 0x78, 0x1E, 0xF0, 0x0F, 0xF0, 0x07,
  0xE0, 0x07, 0xE0, 0x03, 0xC0, 0x03, 0xC0, 0x03, 0xC0, 0x03, 0xC0, 0x03,
  0xC0, 0x03, 0xC0, 0x03, 0xC0, 0x03, 0xC0, 0xF0, 0x07, 0x80, 0x3C, 0x01,
  0xFF, 0x0F, 0xFE, 0x7F, 0xFB, 0xC3, 0xDE, 0x0E, 0xF0, 0x7F, 0x83, 0xBC,
  0x3D, 0xFF, 0xEF, 0xFE, 0x7F, 0xC3, 0xC0, 0x1E, 0x00, 0xF0, 0x07, 0x80,
  0x00, 0x1F, 0xC0, 0x7F, 0xE1, 0xFF, 0xE7, 0xC3, 0xCF, 0x07, 0x9E, 0x0F,
  0x3C, 0x3C, 0x78, 0xF0, 0xF3, 0xC1, 0xE7, 0x83, 0xCF, 0xC7, 0x8F, 0xCF,
  0x07, 0xDE, 0x07, 0xFC, 0x07, 0xF8, 0x0F, 0xF3, 0xFF, 0xE7, 0xFB, 0xCF,
  0xC0, 0x3E, 0x01, 0xE0, 0x07, 0x00, 0x38, 0x00, 0x01, 0xF8, 0x7F, 0xE3,
  0xFF, 0x20, 0xF0, 0x07, 0x1F, 0xF7, 0xFF, 0xF8, 0x7F, 0x0F, 0xF0, 0xFF,
  0x0F, 0xFF, 0xF7, 0xF7, 0x3E, 0x70, 0x01, 0xE0, 0x3C, 0x07, 0x00, 0xE0,
  0x00, 0x01, 0xF8, 0x7F, 0xE3, 0xFF, 0x20, 0xF0, 0x07, 0x1F, 0xF7, 0xFF,
  0xF8, 0x7F, 0x0F, 0xF0, 0xFF, 0x0F, 0xFF, 0xF7, 0xF7, 0x3E, 0x70, 0x0F,
  0x81, 0xFC, 0x3D, 0xE7, 0x0E, 0x00, 0x01, 0xF8, 0x7F, 0xE3, 0xFF, 0x20,
  0xF0, 0x07, 0x1F, 0xF7, 0xFF, 0xF8, 0x7F, 0x0F, 0xF0, 0xFF, 0x0F, 0xFF,
  0xF7, 0xF7, 0x3E, 0x70, 0x1C, 0x63, 0xFE, 0x7F, 0xC6, 0x38, 0x00, 0x01,
  0xF8, 0x7F, 0xE3, 0xFF, 0x20, 0xF0, 0x07, 0x1F, 0xF7, 0xFF, 0xF8, 0x7F,
  0x0F, 0xF0, 0xFF, 0x0F, 0xFF, 0xF7, 0xF7, 0x3E, 0x70, 0x1C, 0xE3, 0xDE,
  0x18, 0xC0, 0x00, 0x00, 0x01, 0xF8, 0x7F, 0xE3, 0xFF, 0x20, 0xF0, 0x07,
  0x1F, 0xF7, 0xFF, 0xF8, 0x7F, 0x0F, 0xF0, 0xFF, 0x0F, 0xFF, 0xF7, 0xF7,
  0x3E, 0x70, 0x07, 0x80, 0xFC, 0x0C, 0xC0, 0xCC, 0x0F, 0xC0, 0x78, 0x00,
  0x00, 0x00, 0x1F, 0x87, 0xFE, 0x3F, 0xF2, 0x0F, 0x00, 0x71, 0xFF, 0x7F,
  0xFF, 0x87, 0xF0, 0xFF, 0x0F, 0xF0, 0xFF, 0xFF, 0x7F, 0x73, 0xE7, 0x1F,
  0x8F, 0xC3, 0xFF, 0xFF, 0x0F, 0xFF, 0xFC, 0x41, 0xF0, 0xE0, 0x0F, 0x07,
  0x8F, 0xF8, 0x3D, 0xFF, 0xFF, 0xFF, 0x1F, 0xFF, 0xF0, 0xF0, 0x07, 0x87,
  0x80, 0x3C, 0x7E, 0x05, 0xFF, 0xFF, 0xE7, 0xF9, 0xFF, 0x1F, 0x07, 0xF0,
  0x0F, 0xC7, 0xFD, 0xFF, 0x3C, 0x2F, 0x01, 0xE0, 0x3C, 0x07, 0x80, 0xF0,
  0x1E, 0x01, 0xE1, 0xBF, 0xF3, 0xFE, 0x3F, 0x81, 0x80, 0x78, 0x03, 0x80,
  0x70, 0x3E, 0x07, 0x80, 0x3E, 0x00, 0xF0, 0x01, 0xC0, 0x07, 0x00, 0x00,
  0x07, 0xC0, 0xFF, 0x8F, 0xFE, 0x78, 0x77, 0x83, 0xFC, 0x1F, 0xFF, 0xFF,
  0xFF, 0xF8, 0x03, 0xC0, 0x0F, 0x02, 0x7F, 0xF1, 0xFF, 0x83, 0xF8, 0x01,
  0xE0, 0x1E, 0x01, 0xC0, 0x1C, 0x00, 0x00, 0x07, 0xC0, 0xFF, 0x8F, 0xFE,
  0x78, 0x77, 0x83, 0xFC, 0x1F, 0xFF, 0xFF, 0xFF, 0xF8, 0x03, 0xC0, 0x0F,
  0x02, 0x7F, 0xF1, 0xFF, 0x83, 0xF8, 0x0F, 0x80, 0xFE, 0x0F, 0x78, 0xE1,
  0xC0, 0x00, 0x07, 0xC0, 0xFF, 0x8F, 0xFE, 0x78, 0x77, 0x83, 0xFC, 0x1F,
  0xFF, 0xFF, 0xFF, 0xF8, 0x03, 0xC0, 0x0F, 0x02, 0x7F, 0xF1, 0xFF, 0x83,
  0xF8, 0x1C, 0xE1, 0xEF, 0x06, 0x30, 0x00, 0x00, 0x00, 0x07, 0xC0, 0xFF,
  0x8F, 0xFE, 0x78, 0x77, 0x83, 0xFC, 0x1F, 0xFF, 0xFF, 0xFF, 0xF8, 0x03,
  0xC0, 0x0F, 0x02, 0x7F, 0xF1, 0xFF, 0x83, 0xF8, 0xF8, 0xF0, 0x70, 0x70,
  0x03, 0xC7, 0x8F, 0x1E, 0x3C, 0x78, 0xF1, 0xE3, 0xC7, 0x8F, 0x1E, 0x3C,
  0x78, 0x1E, 0x79, 0xC7, 0x00, 0x1E, 0x3C, 0x78, 0xF1, 0xE3, 0xC7, 0x8F,
  0x1E, 0x3C, 0x78, 0xF1, 0xE3, 0xC0, 0x1F, 0x07, 0xF1, 0xEF, 0x70, 0xE0,
  0x00, 0x3C, 0x07, 0x80, 0xF0, 0x1E, 0x03, 0xC0, 0x78, 0x0F, 0x01, 0xE0,
  0x3C, 0x07, 0x80, 0xF0, 0x1E, 0x03, 0xC0, 0x78, 0x00, 0x73, 0xFB, 0xD8,
  0xC0, 0x00, 0x00, 0xF0, 0x78, 0x3C, 0x1E, 0x0F, 0x07, 0x83, 0xC1, 0xE0,
  0xF0, 0x78, 0x3C, 0x1E, 0x0F, 0x07, 0x80, 0x0C, 0x20, 0x77, 0x03, 0xF8,
  0x0F, 0x81, 0xFE, 0x06, 0x78, 0x01, 0xC3, 0xFF, 0x3F, 0xFB, 0xFF, 0xDE,
  0x1F, 0xE0, 0xFF, 0x03, 0xF8, 0x3F, 0xC1, 0xEF, 0x0F, 0x7F, 0xF1, 0xFF,
  0x03, 0xE0, 0x1C, 0x61, 0xFF, 0x1F, 0xF0, 0xC7, 0x00, 0x00, 0x73, 0xE3,
  0xBF, 0xDF, 0xFE, 0xF8, 0xF7, 0x83, 0xFC, 0x1F, 0xE0, 0xFF, 0x07, 0xF8,
  0x3F, 0xC1, 0xFE, 0x0F, 0xF0, 0x7F, 0x83, 0xFC, 0x1E, 0x3E, 0x00, 0xF0,
  0x01, 0xC0, 0x07, 0x00, 0x00, 0x07, 0xE0, 0xFF, 0x8F, 0xFE, 0x78, 0xFF,
  0x83, 0xFC, 0x1F, 0xE0, 0x7F, 0x03, 0xF8, 0x3F, 0xC1, 0xEF, 0x1F, 0x7F,
  0xF1, 0xFF, 0x03, 0xF0, 0x00, 0xF0, 0x0F, 0x00, 0xE0, 0x0E, 0x00, 0x00,
  0x07, 0xE0, 0xFF, 0x8F, 0xFE, 0x78, 0xFF, 0x83, 0xFC, 0x1F, 0xE0, 0x7F,
  0x03, 0xF8, 0x3F, 0xC1, 0xEF, 0x1F, 0x7F, 0xF1, 0xFF, 0x03, 0xF0, 0x0F,
  0x80, 0xFE, 0x0F, 0x78, 0xE1, 0xC0, 0x00, 0x07, 0xE0, 0xFF, 0x8F, 0xFE,
  0x78, 0xFF, 0x83, 0xFC, 0x1F, 0xE0, 0x7F, 0x03, 0xF8, 0x3F, 0xC1, 0xEF,
  0x1F, 0x7F, 0xF1, 0xFF, 0x03, 0xF0, 0x0E, 0x30, 0xFF, 0x8F, 0xF8, 0x63,
  0x80, 0x00, 0x07, 0xE0, 0xFF, 0x8F, 0xFE, 0x78, 0xFF, 0x83, 0xFC, 0x1F,
  0xE0, 0x7F, 0x03, 0xF8, 0x3F, 0xC1, 0xEF, 0x1F, 0x7F, 0xF1, 0xFF, 0x03,
  0xF0, 0x1C, 0xE1, 0xEF, 0x06, 0x30, 0x00, 0x00, 0x00, 0x07, 0xE0, 0xFF,
  0x8F, 0xFE, 0x78, 0xFF, 0x83, 0xFC, 0x1F, 0xE0, 0x7F, 0x03, 0xF8, 0x3F,
  0xC1, 0xEF, 0x1F, 0x7F, 0xF1, 0xFF, 0x03, 0xF0, 0x07, 0x00, 0xF0, 0x07,
  0x00, 0x00, 0xFF, 0xFF, 0xFF, 0xFF, 0xF0, 0x00, 0x06, 0x00, 0xF0, 0x07,
  0x00, 0x20, 0x00, 0x20, 0x7D, 0x8F, 0xFC, 0xFF, 0xE7, 0x8F, 0xF8, 0xFF,
  0xCF, 0xFE, 0x77, 0xF7, 0x3F, 0xF3, 0xFF, 0x9E, 0xF9, 0xF7, 0xFF, 0x1F,
  0xF1, 0xFF, 0x04, 0x00, 0x7C, 0x03, 0xC0, 0x0E, 0x00, 0x70, 0x00, 0x0F,
  0x07, 0xF0, 0x7F, 0x07, 0xF0, 0x7F, 0x07, 0xF0, 0x7F, 0x07, 0xF0, 0x7F,
  0x07, 0xF0, 0xFF, 0x0F, 0xFF, 0xF7, 0xFF, 0x3E, 0x70, 0x01, 0xE0, 0x3C,
  0x07, 0x00, 0xE0, 0x00, 0x0F, 0x07, 0xF0, 0x7F, 0x07, 0xF0, 0x7F, 0x07,
  0xF0, 0x7F, 0x07, 0xF0, 0x7F, 0x07, 0xF0, 0xFF, 0x0F, 0xFF, 0xF7, 0xFF,
  0x3E, 0x70, 0x0F, 0x81, 0xFC, 0x3D, 0xE7, 0x0E, 0x00, 0x0F, 0x07, 0xF0,
  0x7F, 0x07, 0xF0, 0x7F, 0x07, 0xF0, 0x7F, 0x07, 0xF0, 0x7F, 0x07, 0xF0,
  0xFF, 0x0F, 0xFF, 0xF7, 0xFF, 0x3E, 0x70, 0x1C, 0xE3, 0xDE, 0x18, 0xC0,
  0x00, 0x00, 0x0F, 0x07, 0xF0, 0x7F, 0x07, 0xF0, 0x7F, 0x07, 0xF0, 0x7F,
  0x07, 0xF0, 0x7F, 0x07, 0xF0, 0xFF, 0x0F, 0xFF, 0xF7, 0xFF, 0x3E, 0x70,
  0x00, 0xF0, 0x07, 0x80, 0x38, 0x01, 0xC0, 0x00, 0x03, 0xC0, 0xF7, 0x83,
  0xDE, 0x1E, 0x78, 0x78, 0xF1, 0xE3, 0xCF, 0x07, 0x3C, 0x1E, 0xE0, 0x7F,
  0x80, 0xFE, 0x03, 0xF0, 0x07, 0xC0, 0x1F, 0x00, 0x78, 0x01, 0xE0, 0x07,
  0x80, 0x3C, 0x07, 0xF0, 0x1F, 0x80, 0x78, 0x00, 0xF0, 0x07, 0x80, 0x3C,
  0x01, 0xE0, 0x0F, 0x00, 0x7B, 0xE3, 0xFF, 0x9F, 0xFE, 0xF8, 0xF7, 0x83,
  0xBC, 0x1F, 0xE0, 0xFF, 0x07, 0xF8, 0x3F, 0xC3, 0xDF, 0x1E, 0xFF, 0xF7,
  0xFF, 0x3D, 0xF1, 0xE0, 0x0F, 0x00, 0x78, 0x03, 0xC0, 0x1E, 0x00, 0xF0,
  0x00, 0x0E, 0x70, 0x7B, 0xC0, 0xC6, 0x00, 0x00, 0x00, 0x03, 0xC0, 0xF7,
  0x83, 0xDE, 0x1E, 0x78, 0x78, 0xF1, 0xE3, 0xCF, 0x07, 0x3C, 0x1E, 0xE0,
  0x7F, 0x80, 0xFE, 0x03, 0xF0, 0x07, 0xC0, 0x1F, 0x00, 0x78, 0x01, 0xE0,
  0x07, 0x80, 0x3C, 0x07, 0xF0, 0x1F, 0x80, 0x78, 0x00 };

const GFXglyph OpenSans_Bold13pt8bGlyphs[] PROGMEM = {
  {     0,   1,   1,   7,    0,    0 },   // 0x20 ' '
  {     1,   5,  18,   7,    1,  -17 },   // 0x21 '!'
  {    13,   8,   6,  12,    2,  -17 },   // 0x22 '"'
  {    19,  15,  18,  16,    1,  -17 },   // 0x23 '#'
  {    53,  12,  20,  14,    1,  -18 },   // 0x24 '$'
  {    83,  21,  18,  23,    1,  -17 },   // 0x25 '%'
  {   131,  18,  18,  19,    1,  -17 },   // 0x26 '&'
  {   172,   3,   6,   7,    2,  -17 },   // 0x27 '''
  {   175,   7,  22,   8,    1,  -17 },   // 0x28 '('
  {   195,   6,  22,   8,    1,  -17 },   // 0x29 ')'
  {   212,  12,  12,  14,    1,  -18 },   // 0x2A '*'
  {   230,  12,  12,  14,    1,  -13 },   // 0x2B '+'
  {   248,   5,   6,   7,    1,   -2 },   // 0x2C ','
  {   252,   6,   3,   8,    1,   -7 },   // 0x2D '-'
  {   255,   5,   4,   7,    1,   -3 },   // 0x2E '.'
  {   258,  10,  18,  10,    0,  -17 },   // 0x2F '/'
  {   281,  12,  18,  14,    1,  -17 },   // 0x30 '0'
  {   308,   9,  18,  14,    1,  -17 },   // 0x31 '1'
  {   329,  12,  18,  14,    1,  -17 },   // 0x32 '2'
  {   356,  12,  18,  14,    1,  -17 },   // 0x33 '3'
  {   383,  14,  18,  14,    0,  -17 },   // 0x34 '4'
  {   415,  12,  18,  14,    1,  -17 },   // 0x35 '5'
  {   442,  12,  18,  14,    1,  -17 },   // 0x36 '6'
  {   469,  12,  18,  14,    1,  -17 },   // 0x37 '7'
  {   496,  12,  18,  14,    1,  -17 },   // 0x38 '8'
  {   523,  12,  18,  14,    1,  -17 },   // 0x39 '9'
  {   550,   5,  14,   7,    1,  -13 },   // 0x3A ':'
  {   559,   5,  17,   7,    1,  -13 },   // 0x3B ';'
  {   570,  12,  13,  14,    1,  -14 },   // 0x3C '<'
  {   590,  12,   8,  14,    1,  -12 },   // 0x3D '='
  {   602,  12,  13,  14,    1,  -14 },   // 0x3E '>'
  {   622,  11,  18,  12,    0,  -17 },   // 0x3F '?'
  {   647,  20,  20,  22,    1,  -17 },   // 0x40 '@'
  {   697,  17,  18,  17,    0,  -17 },   // 0x41 'A'
  {   736,  13,  18,  17,    2,  -17 },   // 0x42 'B'
  {   766,  14,  18,  16,    1,  -17 },   // 0x43 'C'
  {   798,  15,  18,  19,    2,  -17 },   // 0x44 'D'
  {   832,  11,  18,  14,    2,  -17 },   // 0x45 'E'
  {   857,  10,  18,  14,    2,  -17 },   // 0x46 'F'
  {   880,  15,  18,  18,    1,  -17 },   // 0x47 'G'
  {   914,  15,  18,  19,    2,  -17 },   // 0x48 'H'
  {   948,   4,  18,   8,    2,  -17 },   // 0x49 'I'
  {   957,   8,  23,   8,   -2,  -17 },   // 0x4A 'J'
  {   980,  15,  18,  17,    2,  -17 },   // 0x4B 'K'
  {  1014,  11,  18,  14,    2,  -17 },   // 0x4C 'L'
  {  1039,  19,  18,  24,    2,  -17 },   // 0x4D 'M'
  {  1082,  16,  18,  20,    2,  -17 },   // 0x4E 'N'
  {  1118,  17,  18,  20,    1,  -17 },   // 0x4F 'O'
  {  1157,  13,  18,  16,    2,  -17 },   // 0x50 'P'
  {  1187,  17,  22,  20,    1,  -17 },   // 0x51 'Q'
  {  1234,  15,  18,  17,    2,  -17 },   // 0x52 'R'
  {  1268,  12,  18,  14,    1,  -17 },   // 0x53 'S'
  {  1295,  14,  18,  14,    0,  -17 },   // 0x54 'T'
  {  1327,  15,  18,  19,    2,  -17 },   // 0x55 'U'
  {  1361,  16,  18,  16,    0,  -17 },   // 0x56 'V'
  {  1397,  24,  18,  24,    0,  -17 },   // 0x57 'W'
  {  1451,  17,  18,  17,    0,  -17 },   // 0x58 'X'
  {  1490,  16,  18,  16,    0,  -17 },   // 0x59 'Y'
  {  1526,  13,  18,  14,    1,  -17 },   // 0x5A 'Z'
  {  1556,   6,  22,   8,    2,  -17 },   // 0x5B '['
  {  1573,  10,  18,  10,    0,  -17 },   // 0x5C '\'
  {  1596,   6,  22,   8,    1,  -17 },   // 0x5D ']'
  {  1613,  13,  12,  14,    1,  -17 },   // 0x5E '^'
  {  1633,  10,   2,  10,    0,    3 },   // 0x5F '_'
  {  1636,   7,   4,   9,    1,  -18 },   // 0x60 '`'
  {  1640,  12,  14,  15,    1,  -13 },   // 0x61 'a'
  {  1661,  13,  19,  16,    2,  -18 },   // 0x62 'b'
  {  1692,  11,  14,  13,    1,  -13 },   // 0x63 'c'
  {  1712,  13,  19,  16,    1,  -18 },   // 0x64 'd'
  {  1743,  13,  14,  15,    1,  -13 },   // 0x65 'e'
  {  1766,  11,  19,  10,    0,  -18 },   // 0x66 'f'
  {  1793,  14,  20,  14,    0,  -13 },   // 0x67 'g'
  {  1828,  13,  19,  16,    2,  -18 },   // 0x68 'h'
  {  1859,   4,  20,   8,    2,  -19 },   // 0x69 'i'
  {  1869,   8,  26,   8,   -2,  -19 },   // 0x6A 'j'
  {  1895,  14,  19,  16,    2,  -18 },   // 0x6B 'k'
  {  1929,   4,  19,   8,    2,  -18 },   // 0x6C 'l'
  {  1939,  21,  14,  25,    2,  -13 },   // 0x6D 'm'
  {  1976,  13,  14,  16,    2,  -13 },   // 0x6E 'n'
  {  1999,  13,  14,  15,    1,  -13 },   // 0x6F 'o'
  {  2022,  13,  20,  16,    2,  -13 },   // 0x70 'p'
  {  2055,  13,  20,  16,    1,  -13 },   // 0x71 'q'
  {  2088,   9,  14,  11,    2,  -13 },   // 0x72 'r'
  {  2104,  10,  14,  12,    1,  -13 },   // 0x73 's'
  {  2122,   9,  17,  11,    1,  -16 },   // 0x74 't'
  {  2142,  12,  14,  16,    2,  -13 },   // 0x75 'u'
  {  2163,  14,  14,  14,    0,  -13 },   // 0x76 'v'
  {  2188,  21,  14,  21,    0,  -13 },   // 0x77 'w'
  {  2225,  14,  14,  14,    0,  -13 },   // 0x78 'x'
  {  2250,  14,  20,  14,    0,  -13 },   // 0x79 'y'
  {  2285,  10,  14,  12,    1,  -13 },   // 0x7A 'z'
  {  2303,   9,  22,  10,    0,  -17 },   // 0x7B '{'
  {  2328,   2,  25,  14,    6,  -18 },   // 0x7C '|'
  {  2335,   8,  22,  10,    1,  -17 },   // 0x7D '}'
  {  2357,  12,   4,  14,    1,  -10 },   // 0x7E '~'
  {  2363,   1,   1,  15,    0,    0 },   // 0x7F
  {  2364,   1,   1,  15,    0,    0 },   // 0x80
  {  2365,   1,   1,  15,    0,    0 },   // 0x81
  {  2366,   1,   1,  15,    0,    0 },   // 0x82
  {  2367,   1,   1,  15,    0,    0 },   // 0x83
  {  2368,   1,   1,  15,    0,    0 },   // 0x84
  {  2369,   1,   1,  15,    0,    0 },   // 0x85
  {  2370,   1,   1,  15,    0,    0 },   // 0x86
  {  2371,   1,   1,  15,    0,    0 },   // 0x87
  {  2372,   1,   1,  15,    0,    0 },   // 0x88
  {  2373,   1,   1,  15,    0,    0 },   // 0x89
  {  2374,   1,   1,  15,    0,    0 },   // 0x8A
  {  2375,   1,   1,  15,    0,    0 },   // 0x8B
  {  2376,   1,   1,  15,    0,    0 },   // 0x8C
  {  2377,   1,   1,  15,    0,    0 },   // 0x8D
  {  2378,   1,   1,  15,    0,    0 },   // 0x8E
  {  2379,   1,   1,  15,    0,    0 },   // 0x8F
  {  2380,   1,   1,  15,    0,    0 },   // 0x90
  {  2381,   1,   1,  15,    0,    0 },   // 0x91
  {  2382,   1,   1,  15,    0,    0 },   // 0x92
  {  2383,   1,   1,  15,    0,    0 },   // 0x93
  {  2384,   1,   1,  15,    0,    0 },   // 0x94
  {  2385,   1,   1,  15,    0,    0 },   // 0x95
  {  2386,   1,   1,  15,    0,    0 },   // 0x96
  {  2387,   1,   1,  15,    0,    0 },   // 0x97
  {  2388,   1,   1,  15,    0,    0 },   // 0x98
  {  2389,   1,   1,  15,    0,    0 },   // 0x99
  {  2390,   1,   1,  15,    0,    0 },   // 0x9A
  {  2391,   1,   1,  15,    0,    0 },   // 0x9B
  {  2392,   1,   1,  15,    0,    0 },   // 0x9C
  {  2393,   1,   1,  15,    0,    0 },   // 0x9D
  {  2394,   1,   1,  15,    0,    0 },   // 0x9E
  {  2395,   1,   1,  15,    0,    0 },   // 0x9F
  {  2396,   1,   1,   7,    0,    0 },   // 0xA0
  {  2397,   5,  19,   7,    1,  -13 },   // 0xA1
  {  2409,  11,  18,  14,    2,  -17 },   // 0xA2
  {  2434,  13,  18,  14,    1,  -17 },   // 0xA3
  {  2464,  12,  12,  14,    1,  -14 },   // 0xA4
  {  2482,  14,  18,  14,    0,  -17 },   // 0xA5
  {  2514,   2,  25,  14,    6,  -18 },   // 0xA6
  {  2521,  10,  19,  12,    1,  -18 },   // 0xA7
  {  2545,   9,   3,  15,    3,  -18 },   // 0xA8
  {  2549,  19,  18,  21,    1,  -17 },   // 0xA9
  {  2592,   8,   9,  10,    1,  -17 },   // 0xAA
  {  2601,  13,  11,  15,    1,  -11 },   // 0xAB
  {  2619,  12,   7,  14,    1,   -9 },   // 0xAC
  {  2630,   6,   3,   8,    1,   -7 },   // 0xAD
  {  2633,  19,  18,  21,    1,  -17 },   // 0xAE
  {  2676,  13,   2,  13,    0,  -20 },   // 0xAF
  {  2680,   9,   8,  11,    1,  -17 },   // 0xB0
  {  2689,  12,  15,  14,    1,  -14 },   // 0xB1
  {  2712,   8,  11,   9,    1,  -20 },   // 0xB2
  {  2723,   7,  11,   9,    1,  -20 },   // 0xB3
  {  2733,   7,   4,   9,    1,  -18 },   // 0xB4
  {  2737,  13,  20,  17,    2,  -13 },   // 0xB5
  {  2770,  13,  22,  16,    1,  -18 },   // 0xB6
  {  2806,   5,   4,   7,    1,  -10 },   // 0xB7
  {  2809,   5,   6,   5,    0,    1 },   // 0xB8
  {  2813,   6,  11,   9,    1,  -20 },   // 0xB9
  {  2822,   8,   9,  10,    1,  -17 },   // 0xBA
  {  2831,  13,  11,  15,    1,  -11 },   // 0xBB
  {  2849,  20,  18,  21,    1,  -17 },   // 0xBC
  {  2894,  20,  18,  22,    1,  -17 },   // 0xBD
  {  2939,  20,  18,  21,    1,  -17 },   // 0xBE
  {  2984,  11,  19,  12,    1,  -13 },   // 0xBF
  {  3011,  17,  23,  17,    0,  -22 },   // 0xC0
  {  3060,  17,  23,  17,    0,  -22 },   // 0xC1
  {  3109,  17,  23,  17,    0,  -22 },   // 0xC2
  {  3158,  17,  23,  17,    0,  -22 },   // 0xC3
  {  3207,  17,  23,  17,    0,  -22 },   // 0xC4
  {  3256,  17,  22,  17,    0,  -21 },   // 0xC5
  {  3303,  22,  18,  24,    0,  -17 },   // 0xC6
  {  3353,  14,  24,  16,    1,  -17 },   // 0xC7
  {  3395,  11,  23,  14,    2,  -22 },   // 0xC8
  {  3427,  11,  23,  14,    2,  -22 },   // 0xC9
  {  3459,  11,  23,  14,    2,  -22 },   // 0xCA
  {  3491,  11,  23,  14,    2,  -22 },   // 0xCB
  {  3523,   7,  23,   8,   -1,  -22 },   // 0xCC
  {  3544,   7,  23,   8,    2,  -22 },   // 0xCD
  {  3565,  11,  23,   8,   -1,  -22 },   // 0xCE
  {  3597,   9,  23,   8,    0,  -22 },   // 0xCF
  {  3623,  16,  18,  19,    1,  -17 },   // 0xD0
  {  3659,  16,  23,  20,    2,  -22 },   // 0xD1
  {  3705,  17,  23,  20,    1,  -22 },   // 0xD2
  {  3754,  17,  23,  20,    1,  -22 },   // 0xD3
  {  3803,  17,  23,  20,    1,  -22 },   // 0xD4
  {  3852,  17,  23,  20,    1,  -22 },   // 0xD5
  {  3901,  17,  23,  20,    1,  -22 },   // 0xD6
  {  3950,  11,  11,  14,    2,  -13 },   // 0xD7
  {  3966,  17,  20,  20,    1,  -18 },   // 0xD8
  {  4009,  15,  23,  19,    2,  -22 },   // 0xD9
  {  4053,  15,  23,  19,    2,  -22 },   // 0xDA
  {  4097,  15,  23,  19,    2,  -22 },   // 0xDB
  {  4141,  15,  23,  19,    2,  -22 },   // 0xDC
  {  4185,  16,  23,  16,    0,  -22 },   // 0xDD
  {  4231,  13,  18,  16,    2,  -17 },   // 0xDE
  {  4261,  15,  19,  18,    2,  -18 },   // 0xDF
  {  4297,  12,  19,  15,    1,  -18 },   // 0xE0
  {  4326,  12,  19,  15,    1,  -18 },   // 0xE1
  {  4355,  12,  19,  15,    1,  -18 },   // 0xE2
  {  4384,  12,  19,  15,    1,  -18 },   // 0xE3
  {  4413,  12,  19,  15,    1,  -18 },   // 0xE4
  {  4442,  12,  22,  15,    1,  -21 },   // 0xE5
  {  4475,  21,  14,  23,    1,  -13 },   // 0xE6
  {  4512,  11,  20,  13,    1,  -13 },   // 0xE7
  {  4540,  13,  19,  15,    1,  -18 },   // 0xE8
  {  4571,  13,  19,  15,    1,  -18 },   // 0xE9
  {  4602,  13,  19,  15,    1,  -18 },   // 0xEA
  {  4633,  13,  19,  15,    1,  -18 },   // 0xEB
  {  4664,   7,  19,   8,   -1,  -18 },   // 0xEC
  {  4681,   7,  19,   8,    2,  -18 },   // 0xED
  {  4698,  11,  19,   8,   -1,  -18 },   // 0xEE
  {  4725,   9,  19,   8,   -1,  -18 },   // 0xEF
  {  4747,  13,  19,  15,    1,  -18 },   // 0xF0
  {  4778,  13,  19,  16,    2,  -18 },   // 0xF1
  {  4809,  13,  19,  15,    1,  -18 },   // 0xF2
  {  4840,  13,  19,  15,    1,  -18 },   // 0xF3
  {  4871,  13,  19,  15,    1,  -18 },   // 0xF4
  {  4902,  13,  19,  15,    1,  -18 },   // 0xF5
  {  4933,  13,  19,  15,    1,  -18 },   // 0xF6
  {  4964,  12,  12,  14,    1,  -13 },   // 0xF7
  {  4982,  13,  16,  15,    1,  -14 },   // 0xF8
  {  5008,  12,  19,  16,    2,  -18 },   // 0xF9
  {  5037,  12,  19,  16,    2,  -18 },   // 0xFA
  {  5066,  12,  19,  16,    2,  -18 },   // 0xFB
  {  5095,  12,  19,  16,    2,  -18 },   // 0xFC
  {  5124,  14,  25,  14,    0,  -18 },   // 0xFD
  {  5168,  13,  25,  16,    2,  -18 },   // 0xFE
  {  5209,  14,  25,  14,    0,  -18 } }; // 0xFF

const GFXfont OpenSans_Bold13pt8b PROGMEM = {
  (uint8_t  *)OpenSans_Bold13pt8bBitmaps,
  (GFXglyph *)OpenSans_Bold13pt8bGlyphs,
  0x20, 0xFF, 35 };

// Approx. 6828 bytes

const uint8_t OpenSans_Bold14pt8bBitmaps[] PROGMEM = {
  0x00, 0xFF, 0xFF, 0xFF, 0xFF, 0xFF, 0xFF, 0x00, 0x0F, 0xFF, 0xE0, 0xE7,
  0xF3, 0xF9, 0xFC, 0x7E, 0x3F, 0x1F, 0x8C, 0x07, 0x1C, 0x07, 0x18, 0x07,
  0x38, 0x07, 0x38, 0x0E, 0x38, 0x7F, 0xFF, 0x7F, 0xFF, 0x7F, 0xFF, 0x0E,
  0x70, 0x0C, 0x70, 0x1C, 0x70, 0xFF, 0xFE, 0xFF, 0xFE, 0xFF, 0xFE, 0x18,
  0xE0, 0x38, 0xE0, 0x38, 0xE0, 0x39, 0xC0, 0x39, 0xC0, 0x03, 0x00, 0x18,
  0x03, 0xF8, 0x7F, 0xF7, 0xFF, 0xFD, 0xBB, 0xCC, 0x1F, 0x60, 0x7F, 0x03,
  0xFC, 0x07, 0xF8, 0x0F, 0xE0, 0x3F, 0x81, 0xBC, 0x0D, 0xFC, 0x6F, 0xFF,
  0xFF, 0xFF, 0x8F, 0xF0, 0x06, 0x00, 0x30, 0x01, 0x80, 0x3E, 0x01, 0xC0,
  0xFE, 0x07, 0x03, 0xFC, 0x1E, 0x07, 0x3C, 0x38, 0x0E, 0x38, 0xF0, 0x1C,
  0x71, 0xC0, 0x38, 0xE7, 0x00, 0x71, 0xCE, 0x78, 0xE7, 0xBB, 0xF9, 0xFE,
  0x77, 0xF9, 0xFD, 0xCE, 0x71, 0xF7, 0xBC, 0xE0, 0x0E, 0x79, 0xC0, 0x38,
  0xF3, 0x80, 0x71, 0xE7, 0x01, 0xC1, 0xCE, 0x03, 0x83, 0xFC, 0x0E, 0x03,
  0xF0, 0x3C, 0x03, 0xC0, 0x07, 0xC0, 0x03, 0xFE, 0x00, 0xFF, 0xC0, 0x1E,
  0x3C, 0x03, 0x87, 0x80, 0x78, 0xF0, 0x0F, 0x3C, 0x00, 0xFF, 0x00, 0x1F,
  0xC0, 0x07, 0xF0, 0x79, 0xFF, 0x0F, 0x3C, 0xF3, 0xEF, 0x8F, 0x79, 0xE0,
  0xFE, 0x3E, 0x0F, 0xC7, 0xE3, 0xF8, 0x7F, 0xFF, 0x87, 0xFF, 0xF8, 0x3F,
  0x0F, 0x80, 0xFF, 0xFF, 0xF8, 0x0E, 0x38, 0xF1, 0xC7, 0x8F, 0x1C, 0x78,
  0xF1, 0xE3, 0xC7, 0x8F, 0x1E, 0x3C, 0x78, 0x70, 0xF1, 0xE1, 0xC3, 0xC3,
  0x83, 0x80, 0xF0, 0xE1, 0xE1, 0xC3, 0xC3, 0x87, 0x0F, 0x1E, 0x3C, 0x38,
  0x70, 0xE3, 0xC7, 0x8F, 0x1C, 0x38, 0xF1, 0xC7, 0x8E, 0x3C, 0x00, 0x07,
  0x00, 0x38, 0x01, 0xC0, 0x0E, 0x0E, 0x77, 0xFF, 0xFF, 0xFF, 0xE1, 0xF0,
  0x1F, 0x80, 0xEE, 0x0F, 0x78, 0x71, 0xC0, 0x88, 0x00, 0x07, 0x00, 0x38,
  0x01, 0xC0, 0x0E, 0x00, 0x70, 0x7F, 0xFF, 0xFF, 0xFF, 0xFF, 0x07, 0x00,
  0x38, 0x01, 0xC0, 0x0E, 0x00, 0x70, 0x00, 0x7B, 0xDC, 0xEF, 0x73, 0x80,
  0xFF, 0xFF, 0xF8, 0xFF, 0xFE, 0x01, 0xE0, 0x38, 0x0F, 0x01, 0xE0, 0x38,
  0x0F, 0x01, 0xE0, 0x38, 0x0F, 0x01, 0xC0, 0x78, 0x0F, 0x01, 0xC0, 0x78,
  0x0F, 0x03, 0xC0, 0x78, 0x0E, 0x03, 0xC0, 0x00, 0x0F, 0x81, 0xFF, 0x1F,
  0xFC, 0xF9, 0xE7, 0x87, 0xF8, 0x3F, 0xC1, 0xFE, 0x0F, 0xF0, 0x7F, 0x83,
  0xFC, 0x1F, 0xE0, 0xFF, 0x07, 0xF8, 0x3D, 0xE1, 0xEF, 0x9E, 0x3F, 0xF1,
  0xFF, 0x03, 0xE0, 0x07, 0x87, 0xCF, 0xEF, 0xFF, 0xFF, 0xBD, 0x1E, 0x0F,
  0x07, 0x83, 0xC1, 0xE0, 0xF0, 0x78, 0x3C, 0x1E, 0x0F, 0x07, 0x83, 0xC1,
  0xE0, 0x0F, 0xC0, 0xFF, 0x8F, 0xFF, 0x1F, 0x7E, 0x20, 0x78, 0x01, 0xE0,
  0x07, 0x80, 0x3E, 0x00, 0xF0, 0x07, 0x80, 0x3C, 0x01, 0xE0, 0x0F, 0x00,
  0x78, 0x03, 0xC0, 0x1E, 0x00, 0xFF, 0xFF, 0xFF, 0xFF, 0xFF, 0xC0, 0x1F,
  0xC3, 0xFF, 0x3F, 0xFC, 0xF3, 0xF0, 0x07, 0x80, 0x3C, 0x03, 0xC0, 0x3E,
  0x1F, 0xC0, 0xFE, 0x07, 0xFC, 0x01, 0xF0, 0x07, 0x80, 0x3C, 0x01, 0xFC,
  0x3F, 0xFF, 0xF7, 0xFF, 0x0F, 0xE0, 0x00, 0x78, 0x01, 0xF0, 0x07, 0xE0,
  0x1F, 0xC0, 0x3F, 0x80, 0xEF, 0x03, 0xDE, 0x07, 0x3C, 0x1C, 0x78, 0x78,
  0xF0, 0xE1, 0xE3, 0x83, 0xCF, 0xFF, 0xFF, 0xFF, 0xFF, 0xFF, 0x80, 0x3C,
  0x00, 0x78, 0x00, 0xF0, 0x01, 0xE0, 0x7F, 0xF3, 0xFF, 0x9F, 0xFC, 0xF0,
  0x07, 0x80, 0x3C, 0x01, 0xE0, 0x0F, 0xF8, 0x7F, 0xF3, 0xFF, 0x88, 0x7E,
  0x00, 0xF0, 0x07, 0x80, 0x3C, 0x01, 0xFE, 0x3F, 0xFF, 0xF7, 0xFF, 0x0F,
  0xE0, 0x03, 0xF0, 0x3F, 0xC1, 0xFF, 0x0F, 0x80, 0x78, 0x01, 0xE0, 0x0F,
  0x00, 0x3C, 0xF8, 0xFF, 0xF3, 0xFF, 0xEF, 0x8F, 0xBC, 0x1E, 0xF0, 0x3F,
  0xC0, 0xFF, 0x87, 0x9F, 0x3E, 0x3F, 0xF0, 0xFF, 0xC0, 0xFC, 0x00, 0xFF,
  0xFF, 0xFF, 0xFF, 0xFF, 0xC0, 0x1E, 0x00, 0x78, 0x03, 0xC0, 0x0F, 0x00,
  0x78, 0x01, 0xE0, 0x0F, 0x00, 0x3C, 0x01, 0xF0, 0x07, 0x80, 0x1E, 0x00,
  0xF0, 0x03, 0xC0, 0x1E, 0x00, 0x78, 0x03, 0xC0, 0x00, 0x0F, 0xC1, 0xFF,
  0x9F, 0xFC, 0xF1, 0xF7, 0x07, 0xB8, 0x3D, 0xE3, 0xC7, 0xFE, 0x1F, 0xC0,
  0xFE, 0x1F, 0xFC, 0xF1, 0xFF, 0x07, 0xF8, 0x1F, 0xC0, 0xFF, 0x0F, 0x7F,
  0xFB, 0xFF, 0x87, 0xF0, 0x1F, 0x81, 0xFF, 0x1F, 0xFD, 0xF1, 0xEF, 0x07,
  0xF8, 0x3F, 0xC1, 0xFE, 0x0F, 0xF8, 0xFB, 0xFF, 0xDF, 0xEE, 0x3E, 0xF0,
  0x07, 0x80, 0x3C, 0x03, 0xC0, 0x7E, 0x7F, 0xE3, 0xFE, 0x1F, 0x80, 0xEF,
  0xFF, 0x00, 0x00, 0x00, 0x0F, 0xFF, 0xE0, 0x73, 0xDE, 0xF0, 0x00, 0x00,
  0x00, 0x00, 0x07, 0xBD, 0xCE, 0xF7, 0x38, 0x00, 0x08, 0x01, 0xC0, 0x3E,
  0x07, 0xF0, 0xFC, 0x1F, 0x83, 0xF0, 0x1F, 0x00, 0x7E, 0x00, 0xFE, 0x01,
  0xFC, 0x03, 0xF0, 0x03, 0x80, 0x04, 0xFF, 0xFF, 0xFF, 0xFF, 0xFE, 0x00,
  0x00, 0x00, 0x7F, 0xFF, 0xFF, 0xFF, 0xFF, 0x80, 0x07, 0x00, 0x3E, 0x00,
  0xFC, 0x01, 0xF8, 0x03, 0xF0, 0x07, 0xE0, 0x1F, 0x03, 0xF8, 0xFF, 0x1F,
  0xC1, 0xF8, 0x0F, 0x00, 0x40, 0x00, 0x1F, 0x8F, 0xFE, 0xFF, 0xF7, 0x1F,
  0x40, 0xF0, 0x0F, 0x01, 0xF0, 0x3E, 0x07, 0xC0, 0xF0, 0x0E, 0x00, 0xE0,
  0x00, 0x00, 0x00, 0x00, 0x01, 0xF0, 0x1F, 0x01, 0xF0, 0x0E, 0x00, 0x00,
  0xFE, 0x00, 0x0F, 0xFF, 0x00, 0xFF, 0xFE, 0x07, 0x80, 0x3C, 0x3C, 0x00,
  0x78, 0xE1, 0xF8, 0xE7, 0x1F, 0xF3, 0xDC, 0xF9, 0xC7, 0x73, 0x87, 0x1F,
  0x9E, 0x1C, 0x7E, 0x70, 0x71, 0xF9, 0xC1, 0xC7, 0xE7, 0x87, 0x39, 0xCF,
  0x7F, 0xE7, 0x1F, 0xFF, 0x1C, 0x3C, 0x78, 0x38, 0x00, 0x00, 0xF0, 0x00,
  0x01, 0xFF, 0xF8, 0x01, 0xFF, 0xE0, 0x01, 0xFE, 0x00, 0x01, 0xF0, 0x00,
  0x7E, 0x00, 0x0F, 0xE0, 0x01, 0xFC, 0x00, 0x7B, 0x80, 0x0F, 0x78, 0x03,
  0xCF, 0x00, 0x78, 0xF0, 0x0F, 0x1E, 0x03, 0xC3, 0xC0, 0x78, 0x3C, 0x0F,
  0xFF, 0x83, 0xFF, 0xF0, 0x7F, 0xFF, 0x0F, 0x01, 0xE3, 0xC0, 0x3C, 0x78,
  0x03, 0xCF, 0x00, 0x7B, 0xE0, 0x0F, 0x00, 0xFF, 0xE1, 0xFF, 0xF3, 0xFF,
  0xF7, 0xC7, 0xEF, 0x83, 0xDF, 0x07, 0xBE, 0x0F, 0x7C, 0x3E, 0xFF, 0xF9,
  0xFF, 0xE3, 0xFF, 0xF7, 0xC1, 0xEF, 0x83, 0xFF, 0x07, 0xFE, 0x0F, 0xFC,
  0x7E, 0xFF, 0xFD, 0xFF, 0xF3, 0xFF, 0x80, 0x07, 0xF0, 0x7F, 0xF3, 0xFF,
  0xDF, 0xDE, 0x7C, 0x03, 0xE0, 0x0F, 0x00, 0x3C, 0x00, 0xF0, 0x03, 0xC0,
  0x0F, 0x00, 0x3C, 0x00, 0xF0, 0x03, 0xE0, 0x0F, 0x80, 0x1F, 0xDF, 0x3F,
  0xFC, 0x7F, 0xF0, 0x7F, 0x00, 0xFF, 0xC0, 0xFF, 0xF8, 0xFF, 0xFC, 0xF8,
  0xFE, 0xF8, 0x3E, 0xF8, 0x1F, 0xF8, 0x0F, 0xF8, 0x0F, 0xF8, 0x0F, 0xF8,
  0x0F, 0xF8, 0x0F, 0xF8, 0x0F, 0xF8, 0x0F, 0xF8, 0x1F, 0xF8, 0x3E, 0xF9,
  0xFE, 0xFF, 0xFC, 0xFF, 0xF0, 0xFF, 0xC0, 0xFF, 0xFF, 0xFF, 0xFF, 0xFF,
  0x80, 0xF8, 0x0F, 0x80, 0xF8, 0x0F, 0x80, 0xFF, 0xEF, 0xFE, 0xFF, 0xEF,
  0x80, 0xF8, 0x0F, 0x80, 0xF8, 0x0F, 0x80, 0xFF, 0xFF, 0xFF, 0xFF, 0xF0,
  0xFF, 0xFF, 0xFF, 0xFF, 0xF8, 0x0F, 0x01, 0xE0, 0x3C, 0x07, 0x80, 0xFF,
  0xFF, 0xFF, 0xFF, 0xF8, 0x0F, 0x01, 0xE0, 0x3C, 0x07, 0x80, 0xF0, 0x1E,
  0x03, 0xC0, 0x00, 0x03, 0xF8, 0x1F, 0xFC, 0xFF, 0xFB, 0xFD, 0xE7, 0xC0,
  0x1F, 0x00, 0x3C, 0x00, 0x78, 0x00, 0xF0, 0xFF, 0xE1, 0xFF, 0xC3, 0xFF,
  0x80, 0xFF, 0x01, 0xFF, 0x03, 0xDF, 0x07, 0xBF, 0x9F, 0x3F, 0xFE, 0x3F,
  0xFC, 0x1F, 0xE0, 0xF8, 0x0F, 0xF8, 0x0F, 0xF8, 0x0F, 0xF8, 0x0F, 0xF8,
  0x0F, 0xF8, 0x0F, 0xF8, 0x0F, 0xF8, 0x0F, 0xFF, 0xFF, 0xFF, 0xFF, 0xFF,
  0xFF, 0xF8, 0x0F, 0xF8, 0x0F, 0xF8, 0x0F, 0xF8, 0x0F, 0xF8, 0x0F, 0xF8,
  0x0F, 0xF8, 0x0F, 0xF8, 0x0F, 0xFF, 0xFF, 0xFF, 0xFF, 0xFF, 0xFF, 0xFF,
  0xFF, 0xFF, 0xFF, 0xFF, 0xFE, 0x0F, 0x87, 0xC3, 0xE1, 0xF0, 0xF8, 0x7C,
  0x3E, 0x1F, 0x0F, 0x87, 0xC3, 0xE1, 0xF0, 0xF8, 0x7C, 0x3E, 0x1F, 0x0F,
  0x87, 0xC3, 0xE1, 0xE0, 0xF5, 0xFB, 0xFD, 0xFC, 0xF8, 0x00, 0xF8, 0x1E,
  0xF8, 0x3E, 0xF8, 0x7C, 0xF8, 0xF8, 0xF8, 0xF0, 0xF9, 0xE0, 0xFB, 0xE0,
  0xFF, 0xC0, 0xFF, 0x80, 0xFF, 0xC0, 0xFF, 0xC0, 0xFD, 0xE0, 0xF9, 0xF0,
  0xF8, 0xF0, 0xF8, 0xF8, 0xF8, 0x7C, 0xF8, 0x3C, 0xF8, 0x3E, 0xF8, 0x1F,
  0xF8, 0x0F, 0x80, 0xF8, 0x0F, 0x80, 0xF8, 0x0F, 0x80, 0xF8, 0x0F, 0x80,
  0xF8, 0x0F, 0x80, 0xF8, 0x0F, 0x80, 0xF8, 0x0F, 0x80, 0xF8, 0x0F, 0x80,
  0xFF, 0xFF, 0xFF, 0xFF, 0xF0, 0xFC, 0x01, 0xFF, 0xE0, 0x0F, 0xFF, 0x80,
  0x7F, 0xFC, 0x07, 0xFF, 0xE0, 0x3F, 0xFF, 0x81, 0xFF, 0xDC, 0x1F, 0xFE,
  0xE0, 0xEF, 0xF7, 0x87, 0x7F, 0x9C, 0x7B, 0xFC, 0xE3, 0x9F, 0xE7, 0x9C,
  0xFF, 0x1D, 0xE7, 0xF8, 0xEE, 0x3F, 0xC7, 0xF1, 0xFE, 0x3F, 0x8F, 0xF0,
  0xF8, 0x7F, 0x87, 0xC3, 0xFC, 0x3E, 0x1E, 0xFC, 0x03, 0xFF, 0x00, 0xFF,
  0xE0, 0x3F, 0xFC, 0x0F, 0xFF, 0x03, 0xFF, 0xE0, 0xFF, 0x78, 0x3F, 0xCF,
  0x0F, 0xF3, 0xE3, 0xFC, 0x78, 0xFF, 0x1F, 0x3F, 0xC3, 0xCF, 0xF0, 0x7B,
  0xFC, 0x1F, 0xFF, 0x03, 0xFF, 0xC0, 0xFF, 0xF0, 0x1F, 0xFC, 0x07, 0xFF,
  0x00, 0xFC, 0x07, 0xF0, 0x07, 0xFF, 0x03, 0xFF, 0xF1, 0xFD, 0xFC, 0x78,
  0x0F, 0xBE, 0x01, 0xEF, 0x00, 0x7F, 0xC0, 0x1F, 0xF0, 0x03, 0xFC, 0x00,
  0xFF, 0x00, 0x3F, 0xC0, 0x1F, 0xF0, 0x07, 0xFE, 0x01, 0xE7, 0xC0, 0xF9,
  0xFD, 0xFC, 0x3F, 0xFF, 0x07, 0xFF, 0x00, 0x7F, 0x00, 0xFF, 0xC3, 0xFF,
  0xCF, 0xFF, 0xBE, 0x3E, 0xF8, 0x7F, 0xE0, 0xFF, 0x83, 0xFE, 0x1F, 0xF9,
  0xFB, 0xFF, 0xEF, 0xFF, 0x3F, 0xF0, 0xF8, 0x03, 0xE0, 0x0F, 0x80, 0x3E,
  0x00, 0xF8, 0x03, 0xE0, 0x0F, 0x80, 0x00, 0x07, 0xF0, 0x07, 0xFF, 0x03,
  0xFF, 0xF1, 0xFD, 0xFC, 0x78, 0x0F, 0xBE, 0x01, 0xEF, 0x00, 0x7F, 0xC0,
  0x1F, 0xF0, 0x03, 0xFC, 0x00, 0xFF, 0x00, 0x3F, 0xC0, 0x1F, 0xF0, 0x07,
  0xFE, 0x01, 0xE7, 0xC0, 0xF9, 0xFD, 0xFC, 0x3F, 0xFF, 0x07, 0xFF, 0x00,
  0x7F, 0xC0, 0x01, 0xF0, 0x00, 0x3E, 0x00, 0x07, 0xC0, 0x00, 0xF8, 0xFF,
  0xC0, 0xFF, 0xF0, 0xFF, 0xF8, 0xF9, 0xF8, 0xF8, 0x7C, 0xF8, 0x3C, 0xF8,
  0x3C, 0xF8, 0x7C, 0xF8, 0xF8, 0xFF, 0xF0, 0xFF, 0xE0, 0xFF, 0xE0, 0xF9,
  0xE0, 0xF8, 0xF0, 0xF8, 0xF8, 0xF8, 0x78, 0xF8, 0x3C, 0xF8, 0x3E, 0xF8,
  0x1E, 0x0F, 0xC1, 0xFF, 0xDF, 0xFC, 0xF9, 0xEF, 0x80, 0x78, 0x01, 0xE0,
  0x0F, 0xC0, 0x3F, 0x80, 0xFF, 0x03, 0xFC, 0x03, 0xE0, 0x0F, 0x80, 0x3E,
  0x01, 0xFF, 0x3E, 0xFF, 0xF7, 0xFF, 0x0F, 0xE0, 0xFF, 0xFF, 0xFF, 0xFF,
  0xFF, 0xC1, 0xE0, 0x07, 0x80, 0x1E, 0x00, 0x78, 0x01, 0xE0, 0x07, 0x80,
  0x1E, 0x00, 0x78, 0x01, 0xE0, 0x07, 0x80, 0x1E, 0x00, 0x78, 0x01, 0xE0,
  0x07, 0x80, 0x1E, 0x00, 0x78, 0x00, 0xF0, 0x0F, 0xF0, 0x0F, 0xF0, 0x0F,
  0xF0, 0x0F, 0xF0, 0x0F, 0xF0, 0x0F, 0xF0, 0x0F, 0xF0, 0x0F, 0xF0, 0x0F,
  0xF0, 0x0F, 0xF0, 0x0F, 0xF0, 0x0F, 0xF0, 0x0F, 0xF8, 0x0F, 0x78, 0x1F,
  0x7F, 0x7E, 0x3F, 0xFE, 0x1F, 0xFC, 0x07, 0xF0, 0xF0, 0x07, 0x9E, 0x01,
  0xE7, 0x80, 0x79, 0xE0, 0x3C, 0x3C, 0x0F, 0x0F, 0x03, 0xC3, 0xC1, 0xE0,
  0x78, 0x78, 0x1E, 0x1E, 0x07, 0x8F, 0x00, 0xE3, 0xC0, 0x3C, 0xF0, 0x0F,
  0x78, 0x01, 0xDE, 0x00, 0x7F, 0x80, 0x1F, 0xC0, 0x03, 0xF0, 0x00, 0xFC,
  0x00, 0x3E, 0x00, 0xF0, 0x1E, 0x03, 0xFC, 0x07, 0x80, 0xF7, 0x83, 0xF0,
  0x79, 0xE0, 0xFC, 0x1E, 0x78, 0x3F, 0x07, 0x9E, 0x0F, 0xC1, 0xE3, 0xC7,
  0xF8, 0x70, 0xF1, 0xEE, 0x3C, 0x3C, 0x73, 0x8F, 0x0F, 0x1C, 0xE3, 0xC1,
  0xEF, 0x3C, 0xE0, 0x7B, 0xC7, 0x78, 0x1E, 0xE1, 0xDE, 0x03, 0xB8, 0x77,
  0x80, 0xEE, 0x1F, 0xC0, 0x3F, 0x03, 0xF0, 0x0F, 0xC0, 0xFC, 0x01, 0xF0,
  0x3F, 0x00, 0x7C, 0x0F, 0x80, 0x78, 0x07, 0x9F, 0x03, 0xE3, 0xC0, 0xF0,
  0x78, 0x78, 0x1F, 0x3E, 0x03, 0xCF, 0x00, 0x7F, 0x80, 0x1F, 0xE0, 0x03,
  0xF0, 0x00, 0xFC, 0x00, 0x3F, 0x00, 0x1F, 0xE0, 0x0F, 0x7C, 0x03, 0xCF,
  0x01, 0xE1, 0xE0, 0xF8, 0x7C, 0x3C, 0x0F, 0x1E, 0x03, 0xEF, 0x80, 0x7C,
  0xF8, 0x0F, 0xBC, 0x07, 0x9F, 0x07, 0x87, 0x83, 0xC3, 0xE3, 0xC0, 0xF1,
  0xE0, 0x3D, 0xE0, 0x1E, 0xF0, 0x07, 0xF0, 0x03, 0xF8, 0x00, 0xF8, 0x00,
  0x7C, 0x00, 0x3C, 0x00, 0x1E, 0x00, 0x0F, 0x00, 0x07, 0x80, 0x03, 0xC0,
  0x01, 0xE0, 0x00, 0xF0, 0x00, 0xFF, 0xFF, 0xFF, 0xFF, 0xFF, 0xC0, 0x1E,
  0x00, 0xF0, 0x07, 0xC0, 0x1E, 0x00, 0xF0, 0x07, 0xC0, 0x1E, 0x00, 0xF0,
  0x07, 0x80, 0x3E, 0x00, 0xF0, 0x07, 0x80, 0x3E, 0x00, 0xFF, 0xFF, 0xFF,
  0xFF, 0xFF, 0xC0, 0xFF, 0xFF, 0xF8, 0xE3, 0x8E, 0x38, 0xE3, 0x8E, 0x38,
  0xE3, 0x8E, 0x38, 0xE3, 0x8E, 0x38, 0xFF, 0xFF, 0xC0, 0xF0, 0x0E, 0x01,
  0xE0, 0x3C, 0x03, 0xC0, 0x78, 0x07, 0x00, 0xF0, 0x1E, 0x01, 0xC0, 0x3C,
  0x03, 0x80, 0x78, 0x0F, 0x00, 0xE0, 0x1E, 0x03, 0xC0, 0x38, 0x07, 0x80,
  0xFF, 0xFF, 0xC7, 0x1C, 0x71, 0xC7, 0x1C, 0x71, 0xC7, 0x1C, 0x71, 0xC7,
  0x1C, 0x71, 0xC7, 0xFF, 0xFF, 0xC0, 0x07, 0x00, 0x1C, 0x00, 0xF8, 0x03,
  0xE0, 0x1D, 0xC0, 0x77, 0x03, 0x8E, 0x0E, 0x38, 0x38, 0x71, 0xC1, 0xC7,
  0x07, 0xB8, 0x0E, 0xE0, 0x3C, 0xFF, 0xFF, 0xFC, 0xF8, 0x3C, 0x1E, 0x0F,
  0x0F, 0xC1, 0xFF, 0x8F, 0xFE, 0x20, 0xF0, 0x07, 0x80, 0x3C, 0x3F, 0xEF,
  0xFF, 0x7E, 0x7F, 0xC3, 0xFC, 0x1F, 0xF1, 0xFF, 0xFF, 0xBF, 0xDC, 0xFC,
  0xE0, 0xF0, 0x03, 0xC0, 0x0F, 0x00, 0x3C, 0x00, 0xF0, 0x03, 0xC0, 0x0F,
  0x3E, 0x3D, 0xFC, 0xFF, 0xFB, 0xF3, 0xEF, 0x87, 0xFC, 0x0F, 0xF0, 0x3F,
  0xC0, 0xFF, 0x03, 0xFC, 0x0F, 0xF8, 0x7F, 0xF3, 0xEF, 0xFF, 0xBF, 0xFC,
  0xE3, 0xE0, 0x0F, 0xE1, 0xFF, 0x3F, 0xE7, 0xE6, 0x78, 0x0F, 0x80, 0xF0,
  0x0F, 0x00, 0xF0, 0x0F, 0x80, 0x78, 0x07, 0xE7, 0x7F, 0xF3, 0xFF, 0x0F,
  0xC0, 0x00, 0x3C, 0x00, 0xF0, 0x03, 0xC0, 0x0F, 0x00, 0x3C, 0x00, 0xF0,
  0xF3, 0xCF, 0xFF, 0x7F, 0xFD, 0xF3, 0xF7, 0x83, 0xFE, 0x0F, 0xF0, 0x3F,
  0xC0, 0xFF, 0x03, 0xFC, 0x0F, 0x78, 0x3D, 0xF1, 0xF7, 0xFF, 0xCF, 0xEF,
  0x1F, 0x1C, 0x0F, 0xC0, 0x7F, 0xC3, 0xFF, 0x9E, 0x1E, 0x78, 0x3F, 0xFF,
  0xFF, 0xFF, 0xFF, 0xFF, 0xF0, 0x03, 0xE0, 0x07, 0x80, 0x1F, 0x06, 0x3F,
  0xF8, 0x7F, 0xE0, 0x7F, 0x00, 0x0F, 0xC3, 0xF8, 0xFF, 0x1E, 0x23, 0xC0,
  0x78, 0x1F, 0xE7, 0xFC, 0xFF, 0x87, 0x80, 0xF0, 0x1E, 0x03, 0xC0, 0x78,
  0x0F, 0x01, 0xE0, 0x3C, 0x07, 0x80, 0xF0, 0x1E, 0x03, 0xC0, 0x0F, 0xFE,
  0x3F, 0xFC, 0xFB, 0xF3, 0xC3, 0xC7, 0x87, 0x8F, 0x0F, 0x1E, 0x1E, 0x1F,
  0x7C, 0x1F, 0xF0, 0x3F, 0x80, 0xE0, 0x01, 0xC0, 0x03, 0xFF, 0x83, 0xFF,
  0x8F, 0xFF, 0xBC, 0x1F, 0xF0, 0x1F, 0xE0, 0x3B, 0xFF, 0xF3, 0xFF, 0xC1,
  0xFE, 0x00, 0xF0, 0x03, 0xC0, 0x0F, 0x00, 0x3C, 0x00, 0xF0, 0x03, 0xC0,
  0x0F, 0x3E, 0x3D, 0xFC, 0xFF, 0xFB, 0xF3, 0xEF, 0x87, 0xFC, 0x0F, 0xF0,
  0x3F, 0xC0, 0xFF, 0x03, 0xFC, 0x0F, 0xF0, 0x3F, 0xC0, 0xFF, 0x03, 0xFC,
  0x0F, 0xF0, 0x3C, 0x7F, 0xFF, 0x00, 0xFF, 0xFF, 0xFF, 0xFF, 0xFF, 0xFF,
  0xFF, 0xF0, 0x07, 0x0F, 0x0F, 0x0F, 0x00, 0x00, 0x0F, 0x0F, 0x0F, 0x0F,
  0x0F, 0x0F, 0x0F, 0x0F, 0x0F, 0x0F, 0x0F, 0x0F, 0x0F, 0x0F, 0x0F, 0x0F,
  0x0F, 0x1F, 0xFF, 0xFE, 0xFC, 0xF0, 0x01, 0xE0, 0x03, 0xC0, 0x07, 0x80,
  0x0F, 0x00, 0x1E, 0x00, 0x3C, 0x1F, 0x78, 0x7C, 0xF0, 0xF1, 0xE3, 0xC3,
  0xCF, 0x07, 0xBC, 0x0F, 0xF8, 0x1F, 0xF0, 0x3F, 0xF0, 0x7D, 0xF0, 0xF1,
  0xE1, 0xE1, 0xE3, 0xC3, 0xE7, 0x83, 0xEF, 0x03, 0xC0, 0xFF, 0xFF, 0xFF,
  0xFF, 0xFF, 0xFF, 0xFF, 0xFF, 0xFF, 0xFF, 0xF0, 0xE3, 0xE1, 0xF1, 0xFF,
  0xE7, 0xF3, 0xFF, 0xFF, 0xF7, 0xE7, 0xF3, 0xEF, 0x87, 0xC3, 0xDE, 0x0F,
  0x87, 0xFC, 0x1E, 0x0F, 0xF8, 0x3C, 0x1F, 0xF0, 0x78, 0x3F, 0xE0, 0xF0,
  0x7F, 0xC1, 0xE0, 0xFF, 0x83, 0xC1, 0xFF, 0x07, 0x83, 0xFE, 0x0F, 0x07,
  0xFC, 0x1E, 0x0F, 0x80, 0xE3, 0xE3, 0xFF, 0xEF, 0xFF, 0xBF, 0x3F, 0xF8,
  0x7F, 0xC0, 0xFF, 0x03, 0xFC, 0x0F, 0xF0, 0x3F, 0xC0, 0xFF, 0x03, 0xFC,
  0x0F, 0xF0, 0x3F, 0xC0, 0xFF, 0x03, 0xC0, 0x0F, 0xC0, 0x3F, 0xE0, 0xFF,
  0xE3, 0xE7, 0xE7, 0x83, 0xDF, 0x07, 0xBC, 0x0F, 0x78, 0x1F, 0xF0, 0x3D,
  0xF0, 0x79, 0xE0, 0xF3, 0xE7, 0xE3, 0xFF, 0x83, 0xFE, 0x03, 0xF0, 0x00,
  0xF3, 0xE3, 0xDF, 0xCF, 0xFF, 0xBF, 0x3E, 0xF8, 0x7F, 0xC0, 0xFF, 0x03,
  0xFC, 0x0F, 0xF0, 0x3F, 0xC0, 0xFF, 0x87, 0xFF, 0x3E, 0xFF, 0xFB, 0xFF,
  0xCF, 0x3E, 0x3C, 0x00, 0xF0, 0x03, 0xC0, 0x0F, 0x00, 0x3C, 0x00, 0xF0,
  0x00, 0x0F, 0x3C, 0xFF, 0xF7, 0xFF, 0xDF, 0x3F, 0x78, 0x3F, 0xE0, 0xFF,
  0x03, 0xFC, 0x0F, 0xF0, 0x3F, 0xE0, 0xF7, 0x83, 0xDF, 0x1F, 0x7F, 0xFC,
  0xFE, 0xF1, 0xF3, 0xC0, 0x0F, 0x00, 0x3C, 0x00, 0xF0, 0x03, 0xC0, 0x0F,
  0x00, 0x3C, 0xE3, 0xF9, 0xFF, 0xFF, 0xFE, 0xFC, 0x3E, 0x0F, 0x03, 0xC0,
  0xF0, 0x3C, 0x0F, 0x03, 0xC0, 0xF0, 0x3C, 0x0F, 0x00, 0x1F, 0xCF, 0xFF,
  0xFF, 0xF8, 0x2F, 0x01, 0xF8, 0x1F, 0xE1, 0xFE, 0x0F, 0xE0, 0x7C, 0x07,
  0xE0, 0xFF, 0xFF, 0xFF, 0x9F, 0xE0, 0x1C, 0x0F, 0x03, 0xC1, 0xFF, 0xFF,
  0xFF, 0xF3, 0xC0, 0xF0, 0x3C, 0x0F, 0x03, 0xC0, 0xF0, 0x3C, 0x0F, 0x03,
  0xC4, 0xFF, 0x3F, 0xC3, 0xE0, 0xF0, 0x3F, 0xC0, 0xFF, 0x03, 0xFC, 0x0F,
  0xF0, 0x3F, 0xC0, 0xFF, 0x03, 0xFC, 0x0F, 0xF0, 0x3F, 0xC1, 0xFF, 0x07,
  0xFE, 0x3F, 0x7F, 0xFD, 0xFE, 0xF1, 0xF3, 0xC0, 0xF0, 0x1E, 0xF0, 0x3D,
  0xE0, 0xF3, 0xC1, 0xE3, 0xC3, 0xC7, 0x8F, 0x0F, 0x1E, 0x0F, 0x3C, 0x1E,
  0xF0, 0x1D, 0xE0, 0x3B, 0x80, 0x7F, 0x00, 0x7E, 0x00, 0xF8, 0x01, 0xF0,
  0x00, 0xF0, 0x7C, 0x1E, 0xF0, 0xF8, 0x79, 0xE1, 0xF0, 0xF3, 0xC7, 0x71,
  0xE3, 0x8E, 0xE3, 0xC7, 0x9D, 0xCF, 0x0F, 0x3B, 0x9E, 0x1E, 0xE3, 0xBC,
  0x1D, 0xC7, 0x70, 0x3B, 0x8E, 0xE0, 0x7F, 0x1F, 0xC0, 0xFE, 0x3F, 0x80,
  0xF8, 0x3E, 0x01, 0xF0, 0x7C, 0x03, 0xE0, 0xF8, 0x00, 0x78, 0x3E, 0xF8,
  0x78, 0xF1, 0xF0, 0xF3, 0xC1, 0xFF, 0x01, 0xFE, 0x01, 0xF8, 0x03, 0xF0,
  0x0F, 0xE0, 0x1F, 0xE0, 0x7B, 0xE1, 0xF3, 0xC3, 0xC7, 0xCF, 0x87, 0xFE,
  0x07, 0x80, 0xF8, 0x1E, 0xF0, 0x3D, 0xE0, 0xF3, 0xE1, 0xE3, 0xC3, 0xC7,
  0x8F, 0x07, 0x9E, 0x0F, 0x3C, 0x1E, 0xF0, 0x1F, 0xE0, 0x3F, 0x80, 0x3F,
  0x00, 0x7E, 0x00, 0xF8, 0x00, 0xF0, 0x03, 0xE0, 0x07, 0x80, 0x1F, 0x01,
  0xFC, 0x03, 0xF0, 0x07, 0xC0, 0x00, 0xFF, 0xFF, 0xFF, 0xFF, 0x81, 0xE0,
  0x3C, 0x0F, 0x03, 0xC0, 0xF8, 0x1E, 0x07, 0x81, 0xF0, 0x3C, 0x0F, 0xFF,
  0xFF, 0xFF, 0xF8, 0x03, 0xC3, 0xF0, 0xFC, 0x3C, 0x0E, 0x03, 0x80, 0xE0,
  0x38, 0x0E, 0x07, 0x8F, 0xC3, 0xC0, 0xFE, 0x07, 0x80, 0xE0, 0x38, 0x0E,
  0x03, 0x80, 0xE0, 0x3C, 0x0F, 0xC3, 0xF0, 0x3C, 0xFF, 0xFF, 0xFF, 0xFF,
  0xFF, 0xFF, 0xFF, 0xFF, 0xFF, 0xFC, 0xF0, 0x7C, 0x3F, 0x07, 0x83, 0xC1,
  0xE0, 0xF0, 0x78, 0x3C, 0x0F, 0x07, 0xE0, 0xF1, 0xF9, 0xF0, 0xF0, 0x78,
  0x3C, 0x1E, 0x0F, 0x07, 0x8F, 0xC7, 0xC3, 0xC0, 0x7E, 0x0F, 0xFF, 0xFF,
  0xFF, 0x03, 0xE0, 0x00, 0x00, 0x00, 0x00, 0x00, 0x00, 0x00, 0x00, 0x00,
  0x00, 0x00, 0x00, 0x00, 0x00, 0x00, 0x00, 0x00, 0x00, 0x00, 0x00, 0x00,
  0x00, 0x00, 0x00, 0x00, 0x00, 0x00, 0x00, 0x00, 0x00, 0x00, 0x00, 0x00,
  0x00, 0xEF, 0xFF, 0x00, 0x0E, 0xFF, 0xFF, 0xFF, 0xFF, 0xFF, 0xFF, 0x07,
  0x00, 0x70, 0x0F, 0xE3, 0xFF, 0x7F, 0xE7, 0xC6, 0xF8, 0x0F, 0x00, 0xF0,
  0x0F, 0x00, 0xF0, 0x0F, 0x00, 0xF8, 0x07, 0xC6, 0x7F, 0xE3, 0xFE, 0x0F,
  0xC0, 0x70, 0x07, 0x00, 0x07, 0xF0, 0x3F, 0xE1, 0xFF, 0x87, 0xCC, 0x3E,
  0x00, 0xF0, 0x03, 0xC0, 0x0F, 0x00, 0xFF, 0xE3, 0xFF, 0x8F, 0xFE, 0x0F,
  0x00, 0x3C, 0x00, 0xF0, 0x03, 0xC0, 0x1E, 0x00, 0xFF, 0xFF, 0xFF, 0xFF,
  0xFF, 0xC0, 0x20, 0x23, 0xBF, 0xDF, 0xFC, 0x7F, 0xC3, 0x87, 0x38, 0x39,
  0xC1, 0xC7, 0x0E, 0x3F, 0xE3, 0xFF, 0x9F, 0xFC, 0x40, 0x40, 0xF0, 0x1E,
  0xF0, 0x7D, 0xE0, 0xF1, 0xE1, 0xC3, 0xC7, 0x83, 0xCE, 0x07, 0xBC, 0x07,
  0xF0, 0x0F, 0xE0, 0x0F, 0x80, 0x7F, 0xE0, 0xFF, 0xC0, 0x3C, 0x00, 0x78,
  0x07, 0xFE, 0x0F, 0xFC, 0x03, 0xC0, 0x07, 0x80, 0x0F, 0x00, 0xFF, 0xFF,
  0xFF, 0xFF, 0x80, 0x07, 0xFF, 0xFF, 0xFF, 0xFC, 0x1F, 0x87, 0xFD, 0xFF,
  0x38, 0x27, 0x00, 0xF8, 0x0F, 0xC1, 0xFC, 0x73, 0xCE, 0x3D, 0xC3, 0xBC,
  0x77, 0xDC, 0x7F, 0x83, 0xF0, 0x1F, 0x01, 0xF0, 0x3F, 0xFF, 0x7F, 0xE3,
  0xF0, 0x42, 0x73, 0xF9, 0xFC, 0xE0, 0x01, 0xFC, 0x00, 0x7F, 0xF0, 0x1E,
  0x03, 0x83, 0x80, 0x1C, 0x30, 0xF8, 0xE6, 0x1F, 0xC6, 0x63, 0x80, 0x34,
  0x70, 0x03, 0xC7, 0x00, 0x3C, 0x60, 0x03, 0xC6, 0x00, 0x3C, 0x70, 0x03,
  0x63, 0x80, 0x36, 0x1F, 0xC6, 0x30, 0xF8, 0xE3, 0x80, 0x1C, 0x1E, 0x03,
  0x80, 0x7F, 0xF0, 0x01, 0xFC, 0x00, 0x3E, 0xFF, 0x47, 0x03, 0x7F, 0xF3,
  0xC7, 0xC7, 0xFF, 0x7B, 0x04, 0x18, 0x1E, 0x78, 0x78, 0xF1, 0xE3, 0xC7,
  0x8F, 0x1F, 0x3C, 0x3E, 0x78, 0x3C, 0x78, 0x3C, 0x78, 0x3C, 0x78, 0x3C,
  0xF0, 0x20, 0xC0, 0xFF, 0xFF, 0xFF, 0xFF, 0xFE, 0x00, 0x70, 0x03, 0x80,
  0x1C, 0x00, 0xE0, 0x07, 0xFF, 0xFF, 0xF8, 0x01, 0xFC, 0x00, 0x7F, 0xF0,
  0x1E, 0x03, 0x83, 0x80, 0x1C, 0x33, 0xF8, 0xE6, 0x3F, 0xC6, 0x63, 0x8C,
  0x34, 0x38, 0xC3, 0xC3, 0x8C, 0x3C, 0x3F, 0x83, 0xC3, 0xF0, 0x3C, 0x39,
  0x83, 0x63, 0x9C, 0x36, 0x38, 0xC6, 0x33, 0x86, 0xE3, 0x80, 0x1C, 0x1E,
  0x03, 0x80, 0x7F, 0xF0, 0x01, 0xFC, 0x00, 0xFF, 0xFF, 0xFF, 0xFF, 0xFF,
  0xC0, 0x1E, 0x3F, 0xBF, 0xFC, 0x3E, 0x1F, 0x0F, 0xFE, 0xFE, 0x3E, 0x00,
  0x07, 0x00, 0x38, 0x01, 0xC0, 0x0E, 0x00, 0x70, 0x7F, 0xFF, 0xFF, 0xFF,
  0xFF, 0x07, 0x00, 0x38, 0x01, 0xC0, 0x0E, 0x00, 0x70, 0x00, 0x03, 0xFF,
  0xFF, 0xFF, 0xFF, 0xF8, 0x3C, 0xFE, 0xFF, 0x47, 0x07, 0x0E, 0x1E, 0x3C,
  0x78, 0xFF, 0xFF, 0xFF, 0x7C, 0xFE, 0x6F, 0x07, 0x0E, 0x3C, 0x3E, 0x07,
  0x07, 0xCF, 0xFF, 0x7C, 0x1E, 0x3C, 0x78, 0xE0, 0xF0, 0x3F, 0xC0, 0xFF,
  0x03, 0xFC, 0x0F, 0xF0, 0x3F, 0xC0, 0xFF, 0x03, 0xFC, 0x0F, 0xF0, 0x3F,
  0xC1, 0xFF, 0x07, 0xFE, 0x3F, 0xFF, 0xFF, 0xFE, 0xFF, 0x71, 0xFC, 0x00,
  0xF0, 0x03, 0xC0, 0x0F, 0x00, 0x3C, 0x00, 0xF0, 0x00, 0x0F, 0xFC, 0xFF,
  0xF7, 0xFF, 0xDF, 0xF3, 0x7F, 0xCD, 0xFF, 0x3F, 0xFC, 0xDF, 0xF3, 0x7F,
  0xCD, 0xFF, 0x37, 0xFC, 0xCF, 0xF3, 0x1F, 0xCC, 0x03, 0x30, 0x0C, 0xC0,
  0x33, 0x00, 0xCC, 0x03, 0x30, 0x0C, 0xC0, 0x33, 0x00, 0xCC, 0x03, 0x30,
  0x0C, 0xC0, 0x33, 0xFF, 0xFE, 0x73, 0xE3, 0x8E, 0xFB, 0xC0, 0x0E, 0x7D,
  0xFF, 0x74, 0xE1, 0xC3, 0x87, 0x0E, 0x1C, 0x38, 0x70, 0x3C, 0x3F, 0xB9,
  0xDC, 0x7C, 0x3E, 0x1F, 0x8F, 0xCE, 0x7F, 0x1E, 0x00, 0x20, 0x41, 0xE3,
  0xC1, 0xE3, 0xC1, 0xE7, 0xC3, 0xE7, 0x83, 0xE7, 0x87, 0xCF, 0x0F, 0x3C,
  0x3C, 0xF8, 0xF1, 0xE3, 0xC7, 0x81, 0x02, 0x00, 0x1C, 0x03, 0x81, 0xE0,
  0x38, 0x3F, 0x03, 0xC1, 0xF8, 0x1C, 0x05, 0xC1, 0xE0, 0x0E, 0x0E, 0x00,
  0x70, 0xE0, 0x03, 0x87, 0x1E, 0x1C, 0x71, 0xF0, 0xE3, 0x8F, 0x87, 0x38,
  0xFC, 0x3B, 0xC7, 0xE0, 0x1C, 0x6F, 0x01, 0xC7, 0x78, 0x0E, 0x33, 0xC0,
  0xE3, 0xFF, 0x07, 0x1F, 0xF8, 0x70, 0x07, 0x87, 0x80, 0x3C, 0x1C, 0x03,
  0x80, 0xF0, 0x1C, 0x0F, 0xC0, 0xF0, 0x3F, 0x03, 0x80, 0x5C, 0x1E, 0x00,
  0x70, 0x70, 0x01, 0xC3, 0x80, 0x07, 0x0E, 0x7C, 0x1C, 0x77, 0xF8, 0x71,
  0xCF, 0xE1, 0xCE, 0x23, 0x87, 0x38, 0x0E, 0x01, 0xC0, 0x78, 0x0F, 0x03,
  0xC0, 0x38, 0x1E, 0x01, 0xC0, 0xF0, 0x07, 0x07, 0xFC, 0x38, 0x1F, 0xF0,
  0xE0, 0x7F, 0xC0, 0x3E, 0x01, 0xC3, 0xFC, 0x0E, 0x06, 0x70, 0x78, 0x01,
  0xC1, 0xC0, 0x07, 0x0E, 0x00, 0xF0, 0x38, 0x03, 0xE1, 0xC0, 0x01, 0xC7,
  0x3C, 0x03, 0xB8, 0xF3, 0x1D, 0xE7, 0xCF, 0xF7, 0x1F, 0x1F, 0xBC, 0xDC,
  0x00, 0xE7, 0x70, 0x07, 0x19, 0xC0, 0x1C, 0xC7, 0x00, 0xE3, 0xFF, 0x03,
  0x8F, 0xFC, 0x1C, 0x01, 0xC0, 0xF0, 0x07, 0x00, 0x07, 0x00, 0xF8, 0x0F,
  0x80, 0xF0, 0x00, 0x00, 0x00, 0x00, 0x00, 0x70, 0x07, 0x00, 0xF0, 0x1F,
  0x03, 0xE0, 0x78, 0x0F, 0x00, 0xF0, 0x0F, 0x00, 0xF9, 0xEF, 0xFE, 0x7F,
  0xF1, 0xF8, 0x0F, 0x80, 0x00, 0x78, 0x00, 0x07, 0x80, 0x00, 0x78, 0x00,
  0x00, 0x00, 0x00, 0x00, 0x00, 0x7C, 0x00, 0x1F, 0x80, 0x03, 0xF8, 0x00,
  0x7F, 0x00, 0x1E, 0xE0, 0x03, 0xDE, 0x00, 0xF3, 0xC0, 0x1E, 0x3C, 0x03,
  0xC7, 0x80, 0xF0, 0xF0, 0x1E, 0x0F, 0x03, 0xFF, 0xE0, 0xFF, 0xFC, 0x1F,
  0xFF, 0xC3, 0xC0, 0x78, 0xF0, 0x0F, 0x1E, 0x00, 0xF3, 0xC0, 0x1E, 0xF8,
  0x03, 0xC0, 0x00, 0x3C, 0x00, 0x0F, 0x00, 0x03, 0xC0, 0x00, 0xE0, 0x00,
  0x00, 0x00, 0x00, 0x00, 0x00, 0x7C, 0x00, 0x1F, 0x80, 0x03, 0xF8, 0x00,
  0x7F, 0x00, 0x1E, 0xE0, 0x03, 0xDE, 0x00, 0xF3, 0xC0, 0x1E, 0x3C, 0x03,
  0xC7, 0x80, 0xF0, 0xF0, 0x1E, 0x0F, 0x03, 0xFF, 0xE0, 0xFF, 0xFC, 0x1F,
  0xFF, 0xC3, 0xC0, 0x78, 0xF0, 0x0F, 0x1E, 0x00, 0xF3, 0xC0, 0x1E, 0xF8,
  0x03, 0xC0, 0x01, 0xF8, 0x00, 0x7F, 0x00, 0x1E, 0xF0, 0x07, 0x87, 0x00,
  0x00, 0x00, 0x00, 0x00, 0x00, 0x7C, 0x00, 0x1F, 0x80, 0x03, 0xF8, 0x00,
  0x7F, 0x00, 0x1E, 0xE0, 0x03, 0xDE, 0x00, 0xF3, 0xC0, 0x1E, 0x3C, 0x03,
  0xC7, 0x80, 0xF0, 0xF0, 0x1E, 0x0F, 0x03, 0xFF, 0xE0, 0xFF, 0xFC, 0x1F,
  0xFF, 0xC3, 0xC0, 0x78, 0xF0, 0x0F, 0x1E, 0x00, 0xF3, 0xC0, 0x1E, 0xF8,
  0x03, 0xC0, 0x03, 0x86, 0x00, 0xFF, 0xC0, 0x3F, 0xF0, 0x06, 0x1C, 0x00,
  0x00, 0x00, 0x00, 0x00, 0x00, 0x7C, 0x00, 0x1F, 0x80, 0x03, 0xF8, 0x00,
  0x7F, 0x00, 0x1E, 0xE0, 0x03, 0xDE, 0x00, 0xF3, 0xC0, 0x1E, 0x3C, 0x03,
  0xC7, 0x80, 0xF0, 0xF0, 0x1E, 0x0F, 0x03, 0xFF, 0xE0, 0xFF, 0xFC, 0x1F,
  0xFF, 0xC3, 0xC0, 0x78, 0xF0, 0x0F, 0x1E, 0x00, 0xF3, 0xC0, 0x1E, 0xF8,
  0x03, 0xC0, 0x02, 0x10, 0x00, 0xE7, 0x80, 0x1C, 0xF0, 0x03, 0x9C, 0x00,
  0x00, 0x00, 0x00, 0x00, 0x00, 0x00, 0x00, 0x0F, 0x80, 0x03, 0xF0, 0x00,
  0x7F, 0x00, 0x0F, 0xE0, 0x03, 0xDC, 0x00, 0x7B, 0xC0, 0x1E, 0x78, 0x03,
  0xC7, 0x80, 0x78, 0xF0, 0x1E, 0x1E, 0x03, 0xC1, 0xE0, 0x7F, 0xFC, 0x1F,
  0xFF, 0x83, 0xFF, 0xF8, 0x78, 0x0F, 0x1E, 0x01, 0xE3, 0xC0, 0x1E, 0x78,
  0x03, 0xDF, 0x00, 0x78, 0x01, 0xE0, 0x00, 0x7E, 0x00, 0x0C, 0xE0, 0x01,
  0x9C, 0x00, 0x3F, 0x00, 0x07, 0xE0, 0x00, 0xFE, 0x00, 0x1F, 0xC0, 0x07,
  0xB8, 0x00, 0xF7, 0x80, 0x3C, 0xF0, 0x07, 0x8F, 0x00, 0xF1, 0xE0, 0x3C,
  0x3C, 0x07, 0x83, 0xC0, 0xFF, 0xF8, 0x3F, 0xFF, 0x07, 0xFF, 0xF0, 0xF0,
  0x1E, 0x3C, 0x03, 0xC7, 0x80, 0x3C, 0xF0, 0x07, 0xBE, 0x00, 0xF0, 0x00,
  0xFF, 0xFF, 0x00, 0xFF, 0xFF, 0x01, 0xFF, 0xFF, 0x01, 0xE7, 0x80, 0x01,
  0xC7, 0x80, 0x03, 0xC7, 0x80, 0x03, 0xC7, 0x80, 0x07, 0x87, 0x80, 0x07,
  0x87, 0xFF, 0x0F, 0x07, 0xFF, 0x0F, 0x07, 0xFF, 0x1F, 0xFF, 0x80, 0x1F,
  0xFF, 0x80, 0x3F, 0xFF, 0x80, 0x3C, 0x07, 0x80, 0x3C, 0x07, 0x80, 0x78,
  0x07, 0xFF, 0x78, 0x07, 0xFF, 0xF0, 0x07, 0xFF, 0x07, 0xF0, 0x7F, 0xF3,
  0xFF, 0xDF, 0xDE, 0x7C, 0x03, 0xE0, 0x0F, 0x00, 0x3C, 0x00, 0xF0, 0x03,
  0xC0, 0x0F, 0x00, 0x3C, 0x00, 0xF0, 0x03, 0xE0, 0x0F, 0x80, 0x1F, 0xDF,
  0x3F, 0xFC, 0x7F, 0xF0, 0x7F, 0x00, 0x70, 0x03, 0xE0, 0x03, 0x80, 0x0E,
  0x00, 0xF8, 0x03, 0xC0, 0x7C, 0x01, 0xE0, 0x0F, 0x00, 0x78, 0x00, 0x00,
  0x00, 0xFF, 0xFF, 0xFF, 0xFF, 0xFF, 0x80, 0xF8, 0x0F, 0x80, 0xF8, 0x0F,
  0x80, 0xFF, 0xEF, 0xFE, 0xFF, 0xEF, 0x80, 0xF8, 0x0F, 0x80, 0xF8, 0x0F,
  0x80, 0xFF, 0xFF, 0xFF, 0xFF, 0xF0, 0x01, 0xE0, 0x3C, 0x07, 0x80, 0xE0,
  0x00, 0x00, 0x00, 0xFF, 0xFF, 0xFF, 0xFF, 0xFF, 0x80, 0xF8, 0x0F, 0x80,
  0xF8, 0x0F, 0x80, 0xFF, 0xEF, 0xFE, 0xFF, 0xEF, 0x80, 0xF8, 0x0F, 0x80,
  0xF8, 0x0F, 0x80, 0xFF, 0xFF, 0xFF, 0xFF, 0xF0, 0x1F, 0x83, 0xF8, 0x7B,
  0xCF, 0x0E, 0x00, 0x00, 0x00, 0xFF, 0xFF, 0xFF, 0xFF, 0xFF, 0x80, 0xF8,
  0x0F, 0x80, 0xF8, 0x0F, 0x80, 0xFF, 0xEF, 0xFE, 0xFF, 0xEF, 0x80, 0xF8,
  0x0F, 0x80, 0xF8, 0x0F, 0x80, 0xFF, 0xFF, 0xFF, 0xFF, 0xF0, 0x10, 0x83,
  0x9E, 0x39, 0xE3, 0x9C, 0x00, 0x00, 0x00, 0x00, 0x0F, 0xFF, 0xFF, 0xFF,
  0xFF, 0xF8, 0x0F, 0x80, 0xF8, 0x0F, 0x80, 0xF8, 0x0F, 0xFE, 0xFF, 0xEF,
  0xFE, 0xF8, 0x0F, 0x80, 0xF8, 0x0F, 0x80, 0xF8, 0x0F, 0xFF, 0xFF, 0xFF,
  0xFF, 0xF8, 0x3C, 0x1E, 0x0F, 0x00, 0x00, 0x1F, 0x1F, 0x1F, 0x1F, 0x1F,
  0x1F, 0x1F, 0x1F, 0x1F, 0x1F, 0x1F, 0x1F, 0x1F, 0x1F, 0x1F, 0x1F, 0x1F,
  0x1F, 0x1F, 0x1E, 0x3C, 0x78, 0xE0, 0x00, 0x00, 0xF8, 0xF8, 0xF8, 0xF8,
  0xF8, 0xF8, 0xF8, 0xF8, 0xF8, 0xF8, 0xF8, 0xF8, 0xF8, 0xF8, 0xF8, 0xF8,
  0xF8, 0xF8, 0xF8, 0x1F, 0x83, 0xF8, 0x7B, 0xCF, 0x0E, 0x00, 0x00, 0x00,
  0x1F, 0x01, 0xF0, 0x1F, 0x01, 0xF0, 0x1F, 0x01, 0xF0, 0x1F, 0x01, 0xF0,
  0x1F, 0x01, 0xF0, 0x1F, 0x01, 0xF0, 0x1F, 0x01, 0xF0, 0x1F, 0x01, 0xF0,
  0x1F, 0x01, 0xF0, 0x1F, 0x00, 0x42, 0x73, 0xF9, 0xFC, 0xE0, 0x00, 0x00,
  0x00, 0x7C, 0x3E, 0x1F, 0x0F, 0x87, 0xC3, 0xE1, 0xF0, 0xF8, 0x7C, 0x3E,
  0x1F, 0x0F, 0x87, 0xC3, 0xE1, 0xF0, 0xF8, 0x7C, 0x3E, 0x1F, 0x00, 0x7F,
  0xE0, 0x3F, 0xFE, 0x1F, 0xFF, 0x8F, 0x8F, 0xE7, 0xC1, 0xF3, 0xE0, 0x7D,
  0xF0, 0x1E, 0xF8, 0x0F, 0xFF, 0x87, 0xFF, 0xC3, 0xFF, 0xE1, 0xEF, 0x80,
  0xF7, 0xC0, 0x7B, 0xE0, 0x7D, 0xF0, 0x7C, 0xF9, 0xFE, 0x7F, 0xFE, 0x3F,
  0xFC, 0x1F, 0xF8, 0x00, 0x07, 0x0C, 0x03, 0xFF, 0x01, 0xFF, 0x80, 0x61,
  0xC0, 0x00, 0x00, 0x00, 0x00, 0x0F, 0xC0, 0x3F, 0xF0, 0x0F, 0xFE, 0x03,
  0xFF, 0xC0, 0xFF, 0xF0, 0x3F, 0xFE, 0x0F, 0xF7, 0x83, 0xFC, 0xF0, 0xFF,
  0x3E, 0x3F, 0xC7, 0x8F, 0xF1, 0xF3, 0xFC, 0x3C, 0xFF, 0x07, 0xBF, 0xC1,
  0xFF, 0xF0, 0x3F, 0xFC, 0x0F, 0xFF, 0x01, 0xFF, 0xC0, 0x7F, 0xF0, 0x0F,
  0xC0, 0x0F, 0x80, 0x00, 0xF0, 0x00, 0x1E, 0x00, 0x03, 0xC0, 0x00, 0x00,
  0x00, 0x00, 0x00, 0x7F, 0x00, 0x7F, 0xF0, 0x3F, 0xFF, 0x1F, 0xDF, 0xC7,
  0x80, 0xFB, 0xE0, 0x1E, 0xF0, 0x07, 0xFC, 0x01, 0xFF, 0x00, 0x3F, 0xC0,
  0x0F, 0xF0, 0x03, 0xFC, 0x01, 0xFF, 0x00, 0x7F, 0xE0, 0x1E, 0x7C, 0x0F,
  0x9F, 0xDF, 0xC3, 0xFF, 0xF0, 0x7F, 0xF0, 0x07, 0xF0, 0x00, 0x00, 0x78,
  0x00, 0x3C, 0x00, 0x1E, 0x00, 0x0E, 0x00, 0x00, 0x00, 0x00, 0x00, 0x00,
  0x7F, 0x00, 0x7F, 0xF0, 0x3F, 0xFF, 0x1F, 0xDF, 0xC7, 0x80, 0xFB, 0xE0,
  0x1E, 0xF0, 0x07, 0xFC, 0x01, 0xFF, 0x00, 0x3F, 0xC0, 0x0F, 0xF0, 0x03,
  0xFC, 0x01, 0xFF, 0x00, 0x7F, 0xE0, 0x1E, 0x7C, 0x0F, 0x9F, 0xDF, 0xC3,
  0xFF, 0xF0, 0x7F, 0xF0, 0x07, 0xF0, 0x00, 0x03, 0xF0, 0x01, 0xFC, 0x00,
  0xF7, 0x80, 0x78, 0x70, 0x00, 0x00, 0x00, 0x00, 0x00, 0x7F, 0x00, 0x7F,
  0xF0, 0x3F, 0xFF, 0x1F, 0xDF, 0xC7, 0x80, 0xFB, 0xE0, 0x1E, 0xF0, 0x07,
  0xFC, 0x01, 0xFF, 0x00, 0x3F, 0xC0, 0x0F, 0xF0, 0x03, 0xFC, 0x01, 0xFF,
  0x00, 0x7F, 0xE0, 0x1E, 0x7C, 0x0F, 0x9F, 0xDF, 0xC3, 0xFF, 0xF0, 0x7F,
  0xF0, 0x07, 0xF0, 0x00, 0x07, 0x0C, 0x03, 0xFF, 0x01, 0xFF, 0x80, 0x61,
  0xC0, 0x00, 0x00, 0x00, 0x00, 0x00, 0x7F, 0x00, 0x7F, 0xF0, 0x3F, 0xFF,
  0x1F, 0xDF, 0xC7, 0x80, 0xFB, 0xE0, 0x1E, 0xF0, 0x07, 0xFC, 0x01, 0xFF,
  0x00, 0x3F, 0xC0, 0x0F, 0xF0, 0x03, 0xFC, 0x01, 0xFF, 0x00, 0x7F, 0xE0,
  0x1E, 0x7C, 0x0F, 0x9F, 0xDF, 0xC3, 0xFF, 0xF0, 0x7F, 0xF0, 0x07, 0xF0,
  0x00, 0x02, 0x10, 0x01, 0xCF, 0x00, 0x73, 0xC0, 0x1C, 0xE0, 0x00, 0x00,
  0x00, 0x00, 0x00, 0x00, 0x00, 0x1F, 0xC0, 0x1F, 0xFC, 0x0F, 0xFF, 0xC7,
  0xF7, 0xF1, 0xE0, 0x3E, 0xF8, 0x07, 0xBC, 0x01, 0xFF, 0x00, 0x7F, 0xC0,
  0x0F, 0xF0, 0x03, 0xFC, 0x00, 0xFF, 0x00, 0x7F, 0xC0, 0x1F, 0xF8, 0x07,
  0x9F, 0x03, 0xE7, 0xF7, 0xF0, 0xFF, 0xFC, 0x1F, 0xFC, 0x01, 0xFC, 0x00,
  0x40, 0x4E, 0x0E, 0xF1, 0xE7, 0xBC, 0x3F, 0x81, 0xF0, 0x1F, 0x03, 0xF8,
  0x7B, 0xCF, 0x1E, 0xE0, 0xE4, 0x04, 0x00, 0x02, 0x01, 0xFC, 0xC1, 0xFF,
  0xF0, 0xFF, 0xF8, 0x7F, 0x3F, 0x1E, 0x07, 0xEF, 0x83, 0xFB, 0xC1, 0xFF,
  0xF0, 0x77, 0xFC, 0x38, 0xFF, 0x1C, 0x3F, 0xCF, 0x0F, 0xF3, 0x87, 0xFD,
  0xC1, 0xFF, 0xF0, 0x79, 0xF8, 0x3E, 0x7F, 0x7F, 0x0F, 0xFF, 0xC3, 0xFF,
  0xC1, 0xDF, 0xC0, 0x20, 0x00, 0x00, 0x1F, 0x00, 0x07, 0x80, 0x03, 0xC0,
  0x01, 0xE0, 0x00, 0x00, 0x00, 0x00, 0xF0, 0x0F, 0xF0, 0x0F, 0xF0, 0x0F,
  0xF0, 0x0F, 0xF0, 0x0F, 0xF0, 0x0F, 0xF0, 0x0F, 0xF0, 0x0F, 0xF0, 0x0F,
  0xF0, 0x0F, 0xF0, 0x0F, 0xF0, 0x0F, 0xF0, 0x0F, 0xF8, 0x0F, 0x78, 0x1F,
  0x7F, 0x7E, 0x3F, 0xFE, 0x1F, 0xFC, 0x07, 0xF0, 0x00, 0x78, 0x00, 0xF0,
  0x01, 0xE0, 0x03, 0x80, 0x00, 0x00, 0x00, 0x00, 0xF0, 0x0F, 0xF0, 0x0F,
  0xF0, 0x0F, 0xF0, 0x0F, 0xF0, 0x0F, 0xF0, 0x0F, 0xF0, 0x0F, 0xF0, 0x0F,
  0xF0, 0x0F, 0xF0, 0x0F, 0xF0, 0x0F, 0xF0, 0x0F, 0xF0, 0x0F, 0xF8, 0x0F,
  0x78, 0x1F, 0x7F, 0x7E, 0x3F, 0xFE, 0x1F, 0xFC, 0x07, 0xF0, 0x07, 0xE0,
  0x0F, 0xE0, 0x1E, 0xF0, 0x3C, 0x38, 0x00, 0x00, 0x00, 0x00, 0xF0, 0x0F,
  0xF0, 0x0F, 0xF0, 0x0F, 0xF0, 0x0F, 0xF0, 0x0F, 0xF0, 0x0F, 0xF0, 0x0F,
  0xF0, 0x0F, 0xF0, 0x0F, 0xF0, 0x0F, 0xF0, 0x0F, 0xF0, 0x0F, 0xF0, 0x0F,
  0xF8, 0x0F, 0x78, 0x1F, 0x7F, 0x7E, 0x3F, 0xFE, 0x1F, 0xFC, 0x07, 0xF0,
  0x04, 0x20, 0x0E, 0x78, 0x0E, 0x78, 0x0E, 0x70, 0x00, 0x00, 0x00, 0x00,
  0x00, 0x00, 0xF0, 0x0F, 0xF0, 0x0F, 0xF0, 0x0F, 0xF0, 0x0F, 0xF0, 0x0F,
  0xF0, 0x0F, 0xF0, 0x0F, 0xF0, 0x0F, 0xF0, 0x0F, 0xF0, 0x0F, 0xF0, 0x0F,
  0xF0, 0x0F, 0xF0, 0x0F, 0xF8, 0x0F, 0x78, 0x1F, 0x7F, 0x7E, 0x3F, 0xFE,
  0x1F, 0xFC, 0x07, 0xF0, 0x00, 0x78, 0x00, 0x78, 0x00, 0x78, 0x00, 0x70,
  0x00, 0x00, 0x00, 0x00, 0x03, 0xE0, 0x3E, 0xF0, 0x1E, 0x7C, 0x1E, 0x1E,
  0x0F, 0x0F, 0x8F, 0x03, 0xC7, 0x80, 0xF7, 0x80, 0x7B, 0xC0, 0x1F, 0xC0,
  0x0F, 0xE0, 0x03, 0xE0, 0x01, 0xF0, 0x00, 0xF0, 0x00, 0x78, 0x00, 0x3C,
  0x00, 0x1E, 0x00, 0x0F, 0x00, 0x07, 0x80, 0x03, 0xC0, 0x00, 0xF8, 0x03,
  0xE0, 0x0F, 0x80, 0x3F, 0xF0, 0xFF, 0xF3, 0xFF, 0xEF, 0x8F, 0xBE, 0x1F,
  0xF8, 0x3F, 0xE0, 0xFF, 0x87, 0xFE, 0x7E, 0xFF, 0xFB, 0xFF, 0xCF, 0xFC,
  0x3E, 0x00, 0xF8, 0x03, 0xE0, 0x0F, 0x80, 0x00, 0x0F, 0xE0, 0x3F, 0xF8,
  0x7F, 0xFC, 0xFC, 0x7C, 0xF0, 0x3C, 0xF0, 0x3C, 0xF0, 0x3C, 0xF0, 0xF8,
  0xF1, 0xF0, 0xF1, 0xE0, 0xF1, 0xE0, 0xF1, 0xF8, 0xF0, 0xFC, 0xF0, 0x7E,
  0xF0, 0x1F, 0xF0, 0x0F, 0xF0, 0x0F, 0xF2, 0x0F, 0xF3, 0xFF, 0xF3, 0xFE,
  0xF1, 0xF8, 0x3E, 0x00, 0x78, 0x01, 0xE0, 0x07, 0x80, 0x00, 0x07, 0xE0,
  0xFF, 0xC7, 0xFF, 0x10, 0x78, 0x03, 0xC0, 0x1E, 0x1F, 0xF7, 0xFF, 0xBF,
  0x3F, 0xE1, 0xFE, 0x0F, 0xF8, 0xFF, 0xFF, 0xDF, 0xEE, 0x7E, 0x70, 0x00,
  0xF0, 0x0F, 0x00, 0xF0, 0x0E, 0x00, 0x00, 0x07, 0xE0, 0xFF, 0xC7, 0xFF,
  0x10, 0x78, 0x03, 0xC0, 0x1E, 0x1F, 0xF7, 0xFF, 0xBF, 0x3F, 0xE1, 0xFE,
  0x0F, 0xF8, 0xFF, 0xFF, 0xDF, 0xEE, 0x7E, 0x70, 0x0F, 0xC0, 0xFE, 0x0F,
  0x78, 0xF0, 0xE0, 0x00, 0x07, 0xE0, 0xFF, 0xC7, 0xFF, 0x10, 0x78, 0x03,
  0xC0, 0x1E, 0x1F, 0xF7, 0xFF, 0xBF, 0x3F, 0xE1, 0xFE, 0x0F, 0xF8, 0xFF,
  0xFF, 0xDF, 0xEE, 0x7E, 0x70, 0x0E, 0x18, 0xFF, 0xCF, 0xFC, 0x61, 0xC0,
  0x00, 0x07, 0xE0, 0xFF, 0xC7, 0xFF, 0x10, 0x78, 0x03, 0xC0, 0x1E, 0x1F,
  0xF7, 0xFF, 0xBF, 0x3F, 0xE1, 0xFE, 0x0F, 0xF8, 0xFF, 0xFF, 0xDF, 0xEE,
  0x7E, 0x70, 0x08, 0x40, 0xE7, 0x87, 0x3C, 0x39, 0xC0, 0x00, 0x00, 0x00,
  0x3F, 0x07, 0xFE, 0x3F, 0xF8, 0x83, 0xC0, 0x1E, 0x00, 0xF0, 0xFF, 0xBF,
  0xFD, 0xF9, 0xFF, 0x0F, 0xF0, 0x7F, 0xC7, 0xFF, 0xFE, 0xFF, 0x73, 0xF3,
  0x80, 0x07, 0x80, 0x7E, 0x03, 0x38, 0x19, 0xC0, 0xFC, 0x03, 0xC0, 0x00,
  0x00, 0x00, 0x0F, 0xC1, 0xFF, 0x8F, 0xFE, 0x20, 0xF0, 0x07, 0x80, 0x3C,
  0x3F, 0xEF, 0xFF, 0x7E, 0x7F, 0xC3, 0xFC, 0x1F, 0xF1, 0xFF, 0xFF, 0xBF,
  0xDC, 0xFC, 0xE0, 0x0F, 0xC7, 0xE0, 0x7F, 0xDF, 0xF0, 0xFF, 0xFF, 0xF0,
  0x83, 0xE1, 0xE0, 0x07, 0x81, 0xC0, 0x0F, 0xFF, 0xC7, 0xFF, 0xFF, 0xBF,
  0xFF, 0xFF, 0xF8, 0x78, 0x01, 0xE0, 0xF0, 0x03, 0xC1, 0xF0, 0x07, 0xC7,
  0xF0, 0x67, 0xFF, 0xFF, 0xCF, 0xF9, 0xFF, 0x8F, 0xC0, 0xFC, 0x00, 0x0F,
  0xE1, 0xFF, 0x3F, 0xE7, 0xE6, 0x78, 0x0F, 0x80, 0xF0, 0x0F, 0x00, 0xF0,
  0x0F, 0x80, 0x78, 0x07, 0xE7, 0x7F, 0xF3, 0xFF, 0x0F, 0xC0, 0x70, 0x0F,
  0x80, 0x38, 0x03, 0x80, 0xF8, 0x0F, 0x00, 0x3E, 0x00, 0x3C, 0x00, 0x78,
  0x00, 0xF0, 0x00, 0x00, 0x3F, 0x01, 0xFF, 0x0F, 0xFE, 0x78, 0x79, 0xE0,
  0xFF, 0xFF, 0xFF, 0xFF, 0xFF, 0xFF, 0xC0, 0x0F, 0x80, 0x1E, 0x00, 0x7C,
  0x18, 0xFF, 0xE1, 0xFF, 0x81, 0xFC, 0x01, 0xE0, 0x0F, 0x00, 0x78, 0x03,
  0x80, 0x00, 0x00, 0x3F, 0x01, 0xFF, 0x0F, 0xFE, 0x78, 0x79, 0xE0, 0xFF,
  0xFF, 0xFF, 0xFF, 0xFF, 0xFF, 0xC0, 0x0F, 0x80, 0x1E, 0x00, 0x7C, 0x18,
  0xFF, 0xE1, 0xFF, 0x81, 0xFC, 0x0F, 0xC0, 0x7F, 0x03, 0xDE, 0x1E, 0x1C,
  0x00, 0x00, 0x3F, 0x01, 0xFF, 0x0F, 0xFE, 0x78, 0x79, 0xE0, 0xFF, 0xFF,
  0xFF, 0xFF, 0xFF, 0xFF, 0xC0, 0x0F, 0x80, 0x1E, 0x00, 0x7C, 0x18, 0xFF,
  0xE1, 0xFF, 0x81, 0xFC, 0x08, 0x40, 0x73, 0xC1, 0xCF, 0x07, 0x38, 0x00,
  0x00, 0x00, 0x00, 0xFC, 0x07, 0xFC, 0x3F, 0xF9, 0xE1, 0xE7, 0x83, 0xFF,
  0xFF, 0xFF, 0xFF, 0xFF, 0xFF, 0x00, 0x3E, 0x00, 0x78, 0x01, 0xF0, 0x63,
  0xFF, 0x87, 0xFE, 0x07, 0xF0, 0xF8, 0x3C, 0x1E, 0x0F, 0x00, 0x1E, 0x1E,
  0x1E, 0x1E, 0x1E, 0x1E, 0x1E, 0x1E, 0x1E, 0x1E, 0x1E, 0x1E, 0x1E, 0x1E,
  0x1E, 0x1E, 0x3C, 0x78, 0xE0, 0x00, 0xF0, 0xF0, 0xF0, 0xF0, 0xF0, 0xF0,
  0xF0, 0xF0, 0xF0, 0xF0, 0xF0, 0xF0, 0xF0, 0xF0, 0xF0, 0x1F, 0x83, 0xF8,
  0x7B, 0xCF, 0x0E, 0x00, 0x00, 0xF0, 0x0F, 0x00, 0xF0, 0x0F, 0x00, 0xF0,
  0x0F, 0x00, 0xF0, 0x0F, 0x00, 0xF0, 0x0F, 0x00, 0xF0, 0x0F, 0x00, 0xF0,
  0x0F, 0x00, 0xF0, 0x42, 0x73, 0xF9, 0xFC, 0xE0, 0x00, 0x00, 0xF0, 0x78,
  0x3C, 0x1E, 0x0F, 0x07, 0x83, 0xC1, 0xE0, 0xF0, 0x78, 0x3C, 0x1E, 0x0F,
  0x07, 0x83, 0xC0, 0x04, 0x10, 0x1E, 0xE0, 0x3F, 0xC0, 0x3F, 0x00, 0x7E,
  0x01, 0xFE, 0x03, 0x1E, 0x00, 0x3C, 0x0F, 0xBC, 0x7F, 0xF9, 0xFF, 0xF3,
  0xC3, 0xEF, 0x83, 0xDE, 0x07, 0xFC, 0x0F, 0x78, 0x1E, 0xF8, 0x3C, 0xF8,
  0xF9, 0xFF, 0xE1, 0xFF, 0x80, 0xFC, 0x00, 0x1C, 0x30, 0xFF, 0xC7, 0xFE,
  0x18, 0x70, 0x00, 0x03, 0x8F, 0x8F, 0xFF, 0xBF, 0xFE, 0xFC, 0xFF, 0xE1,
  0xFF, 0x03, 0xFC, 0x0F, 0xF0, 0x3F, 0xC0, 0xFF, 0x03, 0xFC, 0x0F, 0xF0,
  0x3F, 0xC0, 0xFF, 0x03, 0xFC, 0x0F, 0x3E, 0x00, 0x1E, 0x00, 0x1E, 0x00,
  0x1E, 0x00, 0x00, 0x01, 0xF8, 0x07, 0xFC, 0x1F, 0xFC, 0x7C, 0xFC, 0xF0,
  0x7B, 0xE0, 0xF7, 0x81, 0xEF, 0x03, 0xFE, 0x07, 0xBE, 0x0F, 0x3C, 0x1E,
  0x7C, 0xFC, 0x7F, 0xF0, 0x7F, 0xC0, 0x7E, 0x00, 0x00, 0xF0, 0x03, 0xC0,
  0x0F, 0x00, 0x38, 0x00, 0x00, 0x01, 0xF8, 0x07, 0xFC, 0x1F, 0xFC, 0x7C,
  0xFC, 0xF0, 0x7B, 0xE0, 0xF7, 0x81, 0xEF, 0x03, 0xFE, 0x07, 0xBE, 0x0F,
  0x3C, 0x1E, 0x7C, 0xFC, 0x7F, 0xF0, 0x7F, 0xC0, 0x7E, 0x00, 0x07, 0xE0,
  0x1F, 0xC0, 0x7B, 0xC1, 0xE1, 0xC0, 0x00, 0x01, 0xF8, 0x07, 0xFC, 0x1F,
  0xFC, 0x7C, 0xFC, 0xF0, 0x7B, 0xE0, 0xF7, 0x81, 0xEF, 0x03, 0xFE, 0x07,
  0xBE, 0x0F, 0x3C, 0x1E, 0x7C, 0xFC, 0x7F, 0xF0, 0x7F, 0xC0, 0x7E, 0x00,
  0x0E, 0x18, 0x3F, 0xF0, 0xFF, 0xC1, 0x87, 0x00, 0x00, 0x01, 0xF8, 0x07,
  0xFC, 0x1F, 0xFC, 0x7C, 0xFC, 0xF0, 0x7B, 0xE0, 0xF7, 0x81, 0xEF, 0x03,
  0xFE, 0x07, 0xBE, 0x0F, 0x3C, 0x1E, 0x7C, 0xFC, 0x7F, 0xF0, 0x7F, 0xC0,
  0x7E, 0x00, 0x08, 0x40, 0x39, 0xE0, 0x73, 0xC0, 0xE7, 0x00, 0x00, 0x00,
  0x00, 0x03, 0xF0, 0x0F, 0xF8, 0x3F, 0xF8, 0xF9, 0xF9, 0xE0, 0xF7, 0xC1,
  0xEF, 0x03, 0xDE, 0x07, 0xFC, 0x0F, 0x7C, 0x1E, 0x78, 0x3C, 0xF9, 0xF8,
  0xFF, 0xE0, 0xFF, 0x80, 0xFC, 0x00, 0x07, 0x00, 0x38, 0x01, 0xE0, 0x0E,
  0x00, 0x00, 0x7F, 0xFF, 0xFF, 0xFF, 0xFF, 0x00, 0x00, 0x38, 0x01, 0xC0,
  0x0E, 0x00, 0x70, 0x00, 0x00, 0x10, 0x1F, 0xB0, 0x7F, 0xE1, 0xFF, 0xC7,
  0xC7, 0xCF, 0x1F, 0xBE, 0x7F, 0x78, 0xFE, 0xF3, 0xBF, 0xEE, 0x7B, 0xFC,
  0xF3, 0xF1, 0xE7, 0xCF, 0xC7, 0xFF, 0x0F, 0xFC, 0x3B, 0xE0, 0x10, 0x00,
  0x3E, 0x00, 0x3C, 0x00, 0x78, 0x00, 0xF0, 0x00, 0x03, 0xC0, 0xFF, 0x03,
  0xFC, 0x0F, 0xF0, 0x3F, 0xC0, 0xFF, 0x03, 0xFC, 0x0F, 0xF0, 0x3F, 0xC0,
  0xFF, 0x07, 0xFC, 0x1F, 0xF8, 0xFD, 0xFF, 0xF7, 0xFB, 0xC7, 0xCF, 0x01,
  0xE0, 0x0F, 0x00, 0x78, 0x03, 0x80, 0x00, 0x03, 0xC0, 0xFF, 0x03, 0xFC,
  0x0F, 0xF0, 0x3F, 0xC0, 0xFF, 0x03, 0xFC, 0x0F, 0xF0, 0x3F, 0xC0, 0xFF,
  0x07, 0xFC, 0x1F, 0xF8, 0xFD, 0xFF, 0xF7, 0xFB, 0xC7, 0xCF, 0x0F, 0xC0,
  0x7F, 0x03, 0xDE, 0x1E, 0x1C, 0x00, 0x03, 0xC0, 0xFF, 0x03, 0xFC, 0x0F,
  0xF0, 0x3F, 0xC0, 0xFF, 0x03, 0xFC, 0x0F, 0xF0, 0x3F, 0xC0, 0xFF, 0x07,
  0xFC, 0x1F, 0xF8, 0xFD, 0xFF, 0xF7, 0xFB, 0xC7, 0xCF, 0x08, 0x40, 0x73,
  0xC1, 0xCF, 0x07, 0x38, 0x00, 0x00, 0x00, 0x0F, 0x03, 0xFC, 0x0F, 0xF0,
  0x3F, 0xC0, 0xFF, 0x03, 0xFC, 0x0F, 0xF0, 0x3F, 0xC0, 0xFF, 0x03, 0xFC,
  0x1F, 0xF0, 0x7F, 0xE3, 0xF7, 0xFF, 0xDF, 0xEF, 0x1F, 0x3C, 0x00, 0xF0,
  0x03, 0xC0, 0x0F, 0x00, 0x38, 0x00, 0x00, 0x1F, 0x03, 0xDE, 0x07, 0xBC,
  0x1E, 0x7C, 0x3C, 0x78, 0x78, 0xF1, 0xE0, 0xF3, 0xC1, 0xE7, 0x83, 0xDE,
  0x03, 0xFC, 0x07, 0xF0, 0x07, 0xE0, 0x0F, 0xC0, 0x1F, 0x00, 0x1E, 0x00,
  0x7C, 0x00, 0xF0, 0x03, 0xE0, 0x3F, 0x80, 0x7E, 0x00, 0xF8, 0x00, 0xF0,
  0x03, 0xC0, 0x0F, 0x00, 0x3C, 0x00, 0xF0, 0x03, 0xC0, 0x0F, 0x3E, 0x3D,
  0xFC, 0xFF, 0xFB, 0xF3, 0xEF, 0x87, 0xFC, 0x0F, 0xF0, 0x3F, 0xC0, 0xFF,
  0x03, 0xFC, 0x0F, 0xF8, 0x7F, 0xF3, 0xEF, 0xFF, 0xBF, 0xFC, 0xF3, 0xE3,
  0xC0, 0x0F, 0x00, 0x3C, 0x00, 0xF0, 0x03, 0xC0, 0x0F, 0x00, 0x00, 0x08,
  0x40, 0x39, 0xE0, 0x73, 0xC0, 0xE7, 0x00, 0x00, 0x00, 0x00, 0x3E, 0x07,
  0xBC, 0x0F, 0x78, 0x3C, 0xF8, 0x78, 0xF0, 0xF1, 0xE3, 0xC1, 0xE7, 0x83,
  0xCF, 0x07, 0xBC, 0x07, 0xF8, 0x0F, 0xE0, 0x0F, 0xC0, 0x1F, 0x80, 0x3E,
  0x00, 0x3C, 0x00, 0xF8, 0x01, 0xE0, 0x07, 0xC0, 0x7F, 0x00, 0xFC, 0x01,
  0xF0, 0x00 };

const GFXglyph OpenSans_Bold14pt8bGlyphs[] PROGMEM = {
  {     0,   1,   1,   7,    0,    0 },   // 0x20 ' '
  {     1,   4,  19,   8,    2,  -18 },   // 0x21 '!'
  {    11,   9,   7,  13,    2,  -18 },   // 0x22 '"'
  {    19,  16,  19,  17,    1,  -18 },   // 0x23 '#'
  {    57,  13,  22,  15,    1,  -19 },   // 0x24 '$'
  {    93,  23,  19,  24,    1,  -18 },   // 0x25 '%'
  {   148,  19,  19,  20,    1,  -18 },   // 0x26 '&'
  {   194,   3,   7,   7,    2,  -18 },   // 0x27 '''
  {   197,   7,  23,   9,    1,  -18 },   // 0x28 '('
  {   218,   7,  23,   9,    1,  -18 },   // 0x29 ')'
  {   239,  13,  13,  15,    1,  -20 },   // 0x2A '*'
  {   261,  13,  13,  15,    1,  -15 },   // 0x2B '+'
  {   283,   5,   7,   8,    1,   -2 },   // 0x2C ','
  {   288,   7,   3,   9,    1,   -8 },   // 0x2D '-'
  {   291,   4,   4,   8,    2,   -3 },   // 0x2E '.'
  {   293,  11,  19,  11,    0,  -18 },   // 0x2F '/'
  {   320,  13,  19,  15,    1,  -18 },   // 0x30 '0'
  {   351,   9,  19,  15,    2,  -18 },   // 0x31 '1'
  {   373,  14,  19,  15,    1,  -18 },   // 0x32 '2'
  {   407,  13,  19,  15,    1,  -18 },   // 0x33 '3'
  {   438,  15,  19,  15,    0,  -18 },   // 0x34 '4'
  {   474,  13,  19,  15,    1,  -18 },   // 0x35 '5'
  {   505,  14,  19,  15,    1,  -18 },   // 0x36 '6'
  {   539,  14,  19,  15,    1,  -18 },   // 0x37 '7'
  {   573,  13,  19,  15,    1,  -18 },   // 0x38 '8'
  {   604,  13,  19,  15,    1,  -18 },   // 0x39 '9'
  {   635,   4,  15,   8,    2,  -14 },   // 0x3A ':'
  {   643,   5,  19,   8,    1,  -14 },   // 0x3B ';'
  {   655,  13,  14,  15,    1,  -16 },   // 0x3C '<'
  {   678,  13,   8,  15,    1,  -12 },   // 0x3D '='
  {   691,  13,  14,  15,    1,  -16 },   // 0x3E '>'
  {   714,  12,  19,  13,    0,  -18 },   // 0x3F '?'
  {   743,  22,  21,  24,    1,  -18 },   // 0x40 '@'
  {   801,  19,  19,  19,    0,  -18 },   // 0x41 'A'
  {   847,  15,  19,  18,    2,  -18 },   // 0x42 'B'
  {   883,  14,  19,  17,    2,  -18 },   // 0x43 'C'
  {   917,  16,  19,  20,    2,  -18 },   // 0x44 'D'
  {   955,  12,  19,  15,    2,  -18 },   // 0x45 'E'
  {   984,  11,  19,  15,    2,  -18 },   // 0x46 'F'
  {  1011,  15,  19,  20,    2,  -18 },   // 0x47 'G'
  {  1047,  16,  19,  21,    2,  -18 },   // 0x48 'H'
  {  1085,   5,  19,   9,    2,  -18 },   // 0x49 'I'
  {  1097,   9,  25,   9,   -2,  -18 },   // 0x4A 'J'
  {  1126,  16,  19,  18,    2,  -18 },   // 0x4B 'K'
  {  1164,  12,  19,  15,    2,  -18 },   // 0x4C 'L'
  {  1193,  21,  19,  25,    2,  -18 },   // 0x4D 'M'
  {  1243,  18,  19,  22,    2,  -18 },   // 0x4E 'N'
  {  1286,  18,  19,  21,    2,  -18 },   // 0x4F 'O'
  {  1329,  14,  19,  17,    2,  -18 },   // 0x50 'P'
  {  1363,  18,  23,  21,    2,  -18 },   // 0x51 'Q'
  {  1415,  16,  19,  18,    2,  -18 },   // 0x52 'R'
  {  1453,  13,  19,  15,    1,  -18 },   // 0x53 'S'
  {  1484,  14,  19,  16,    1,  -18 },   // 0x54 'T'
  {  1518,  16,  19,  20,    2,  -18 },   // 0x55 'U'
  {  1556,  18,  19,  18,    0,  -18 },   // 0x56 'V'
  {  1599,  26,  19,  26,    0,  -18 },   // 0x57 'W'
  {  1661,  18,  19,  18,    0,  -18 },   // 0x58 'X'
  {  1704,  17,  19,  17,    0,  -18 },   // 0x59 'Y'
  {  1745,  14,  19,  16,    1,  -18 },   // 0x5A 'Z'
  {  1779,   6,  23,   9,    2,  -18 },   // 0x5B '['
  {  1797,  11,  19,  11,    0,  -18 },   // 0x5C '\'
  {  1824,   6,  23,   9,    1,  -18 },   // 0x5D ']'
  {  1842,  14,  13,  15,    1,  -18 },   // 0x5E '^'
  {  1865,  11,   2,  11,    0,    3 },   // 0x5F '_'
  {  1868,   8,   4,  10,    1,  -19 },   // 0x60 '`'
  {  1872,  13,  15,  16,    1,  -14 },   // 0x61 'a'
  {  1897,  14,  21,  17,    2,  -20 },   // 0x62 'b'
  {  1934,  12,  15,  14,    1,  -14 },   // 0x63 'c'
  {  1957,  14,  21,  17,    1,  -20 },   // 0x64 'd'
  {  1994,  14,  15,  16,    1,  -14 },   // 0x65 'e'
  {  2021,  11,  21,  10,    1,  -20 },   // 0x66 'f'
  {  2050,  15,  21,  15,    0,  -14 },   // 0x67 'g'
  {  2090,  14,  21,  18,    2,  -20 },   // 0x68 'h'
  {  2127,   4,  21,   8,    2,  -20 },   // 0x69 'i'
  {  2138,   8,  27,   8,   -2,  -20 },   // 0x6A 'j'
  {  2165,  15,  21,  17,    2,  -20 },   // 0x6B 'k'
  {  2205,   4,  21,   8,    2,  -20 },   // 0x6C 'l'
  {  2216,  23,  15,  27,    2,  -14 },   // 0x6D 'm'
  {  2260,  14,  15,  18,    2,  -14 },   // 0x6E 'n'
  {  2287,  15,  15,  17,    1,  -14 },   // 0x6F 'o'
  {  2316,  14,  21,  17,    2,  -14 },   // 0x70 'p'
  {  2353,  14,  21,  17,    1,  -14 },   // 0x71 'q'
  {  2390,  10,  15,  12,    2,  -14 },   // 0x72 'r'
  {  2409,  11,  15,  13,    1,  -14 },   // 0x73 's'
  {  2430,  10,  18,  12,    1,  -17 },   // 0x74 't'
  {  2453,  14,  15,  18,    2,  -14 },   // 0x75 'u'
  {  2480,  15,  15,  15,    0,  -14 },   // 0x76 'v'
  {  2509,  23,  15,  23,    0,  -14 },   // 0x77 'w'
  {  2553,  15,  15,  16,    0,  -14 },   // 0x78 'x'
  {  2582,  15,  21,  15,    0,  -14 },   // 0x79 'y'
  {  2622,  11,  15,  13,    1,  -14 },   // 0x7A 'z'
  {  2643,  10,  23,  11,    0,  -18 },   // 0x7B '{'
  {  2672,   3,  26,  15,    6,  -19 },   // 0x7C '|'
  {  2682,   9,  23,  11,    1,  -18 },   // 0x7D '}'
  {  2708,  13,   4,  15,    1,  -10 },   // 0x7E '~'
  {  2715,   1,   1,  16,    0,    0 },   // 0x7F
  {  2716,   1,   1,  16,    0,    0 },   // 0x80
  {  2717,   1,   1,  16,    0,    0 },   // 0x81
  {  2718,   1,   1,  16,    0,    0 },   // 0x82
  {  2719,   1,   1,  16,    0,    0 },   // 0x83
  {  2720,   1,   1,  16,    0,    0 },   // 0x84
  {  2721,   1,   1,  16,    0,    0 },   // 0x85
  {  2722,   1,   1,  16,    0,    0 },   // 0x86
  {  2723,   1,   1,  16,    0,    0 },   // 0x87
  {  2724,   1,   1,  16,    0,    0 },   // 0x88
  {  2725,   1,   1,  16,    0,    0 },   // 0x89
  {  2726,   1,   1,  16,    0,    0 },   // 0x8A
  {  2727,   1,   1,  16,    0,    0 },   // 0x8B
  {  2728,   1,   1,  16,    0,    0 },   // 0x8C
  {  2729,   1,   1,  16,    0,    0 },   // 0x8D
  {  2730,   1,   1,  16,    0,    0 },   // 0x8E
  {  2731,   1,   1,  16,    0,    0 },   // 0x8F
  {  2732,   1,   1,  16,    0,    0 },   // 0x90
  {  2733,   1,   1,  16,    0,    0 },   // 0x91
  {  2734,   1,   1,  16,    0,    0 },   // 0x92
  {  2735,   1,   1,  16,    0,    0 },   // 0x93
  {  2736,   1,   1,  16,    0,    0 },   // 0x94
  {  2737,   1,   1,  16,    0,    0 },   // 0x95
  {  2738,   1,   1,  16,    0,    0 },   // 0x96
  {  2739,   1,   1,  16,    0,    0 },   // 0x97
  {  2740,   1,   1,  16,    0,    0 },   // 0x98
  {  2741,   1,   1,  16,    0,    0 },   // 0x99
  {  2742,   1,   1,  16,    0,    0 },   // 0x9A
  {  2743,   1,   1,  16,    0,    0 },   // 0x9B
  {  2744,   1,   1,  16,    0,    0 },   // 0x9C
  {  2745,   1,   1,  16,    0,    0 },   // 0x9D
  {  2746,   1,   1,  16,    0,    0 },   // 0x9E
  {  2747,   1,   1,  16,    0,    0 },   // 0x9F
  {  2748,   1,   1,   7,    0,    0 },   // 0xA0
  {  2749,   4,  20,   8,    2,  -14 },   // 0xA1
  {  2759,  12,  19,  15,    2,  -18 },   // 0xA2
  {  2788,  14,  19,  15,    1,  -18 },   // 0xA3
  {  2822,  13,  12,  15,    1,  -14 },   // 0xA4
  {  2842,  15,  19,  15,    0,  -18 },   // 0xA5
  {  2878,   3,  26,  15,    6,  -19 },   // 0xA6
  {  2888,  11,  21,  13,    1,  -20 },   // 0xA7
  {  2917,   9,   4,  16,    4,  -20 },   // 0xA8
  {  2922,  20,  19,  22,    1,  -18 },   // 0xA9
  {  2970,   8,  10,  10,    1,  -18 },   // 0xAA
  {  2980,  15,  12,  17,    1,  -12 },   // 0xAB
  {  3003,  13,   8,  15,    1,  -10 },   // 0xAC
  {  3016,   7,   3,   9,    1,   -8 },   // 0xAD
  {  3019,  20,  19,  22,    1,  -18 },   // 0xAE
  {  3067,  14,   3,  14,    0,  -23 },   // 0xAF
  {  3073,   9,   9,  12,    1,  -18 },   // 0xB0
  {  3084,  13,  17,  15,    1,  -16 },   // 0xB1
  {  3112,   8,  12,  10,    1,  -22 },   // 0xB2
  {  3124,   8,  12,  10,    1,  -22 },   // 0xB3
  {  3136,   8,   4,  10,    1,  -19 },   // 0xB4
  {  3140,  14,  21,  18,    2,  -14 },   // 0xB5
  {  3177,  14,  24,  18,    1,  -20 },   // 0xB6
  {  3219,   4,   4,   8,    2,  -11 },   // 0xB7
  {  3221,   6,   6,   6,    0,    1 },   // 0xB8
  {  3226,   7,  12,  10,    1,  -22 },   // 0xB9
  {  3237,   9,  10,  10,    1,  -18 },   // 0xBA
  {  3249,  15,  12,  17,    1,  -12 },   // 0xBB
  {  3272,  21,  19,  22,    1,  -18 },   // 0xBC
  {  3322,  22,  19,  24,    1,  -18 },   // 0xBD
  {  3375,  22,  19,  23,    1,  -18 },   // 0xBE
  {  3428,  12,  20,  13,    1,  -14 },   // 0xBF
  {  3458,  19,  25,  19,    0,  -24 },   // 0xC0
  {  3518,  19,  25,  19,    0,  -24 },   // 0xC1
  {  3578,  19,  25,  19,    0,  -24 },   // 0xC2
  {  3638,  19,  25,  19,    0,  -24 },   // 0xC3
  {  3698,  19,  26,  19,    0,  -25 },   // 0xC4
  {  3760,  19,  23,  19,    0,  -22 },   // 0xC5
  {  3815,  24,  19,  26,    0,  -18 },   // 0xC6
  {  3872,  14,  25,  17,    2,  -18 },   // 0xC7
  {  3916,  12,  25,  15,    2,  -24 },   // 0xC8
  {  3954,  12,  25,  15,    2,  -24 },   // 0xC9
  {  3992,  12,  25,  15,    2,  -24 },   // 0xCA
  {  4030,  12,  26,  15,    2,  -25 },   // 0xCB
  {  4069,   8,  25,   9,   -1,  -24 },   // 0xCC
  {  4094,   8,  25,   9,    2,  -24 },   // 0xCD
  {  4119,  12,  25,   9,   -1,  -24 },   // 0xCE
  {  4157,   9,  26,   9,    0,  -25 },   // 0xCF
  {  4187,  17,  19,  20,    1,  -18 },   // 0xD0
  {  4228,  18,  25,  22,    2,  -24 },   // 0xD1
  {  4285,  18,  25,  21,    2,  -24 },   // 0xD2
  {  4342,  18,  25,  21,    2,  -24 },   // 0xD3
  {  4399,  18,  25,  21,    2,  -24 },   // 0xD4
  {  4456,  18,  25,  21,    2,  -24 },   // 0xD5
  {  4513,  18,  26,  21,    2,  -25 },   // 0xD6
  {  4572,  12,  12,  15,    2,  -15 },   // 0xD7
  {  4590,  18,  21,  21,    2,  -19 },   // 0xD8
  {  4638,  16,  25,  20,    2,  -24 },   // 0xD9
  {  4688,  16,  25,  20,    2,  -24 },   // 0xDA
  {  4738,  16,  25,  20,    2,  -24 },   // 0xDB
  {  4788,  16,  26,  20,    2,  -25 },   // 0xDC
  {  4840,  17,  25,  17,    0,  -24 },   // 0xDD
  {  4894,  14,  19,  17,    2,  -18 },   // 0xDE
  {  4928,  16,  21,  19,    2,  -20 },   // 0xDF
  {  4970,  13,  20,  16,    1,  -19 },   // 0xE0
  {  5003,  13,  20,  16,    1,  -19 },   // 0xE1
  {  5036,  13,  20,  16,    1,  -19 },   // 0xE2
  {  5069,  13,  20,  16,    1,  -19 },   // 0xE3
  {  5102,  13,  21,  16,    1,  -20 },   // 0xE4
  {  5137,  13,  23,  16,    1,  -22 },   // 0xE5
  {  5175,  23,  15,  25,    1,  -14 },   // 0xE6
  {  5219,  12,  21,  14,    1,  -14 },   // 0xE7
  {  5251,  14,  20,  16,    1,  -19 },   // 0xE8
  {  5286,  14,  20,  16,    1,  -19 },   // 0xE9
  {  5321,  14,  20,  16,    1,  -19 },   // 0xEA
  {  5356,  14,  21,  16,    1,  -20 },   // 0xEB
  {  5393,   8,  20,   8,   -1,  -19 },   // 0xEC
  {  5413,   8,  20,   8,    2,  -19 },   // 0xED
  {  5433,  12,  20,   8,   -2,  -19 },   // 0xEE
  {  5463,   9,  21,   8,    0,  -20 },   // 0xEF
  {  5487,  15,  21,  17,    1,  -20 },   // 0xF0
  {  5527,  14,  20,  18,    2,  -19 },   // 0xF1
  {  5562,  15,  20,  17,    1,  -19 },   // 0xF2
  {  5600,  15,  20,  17,    1,  -19 },   // 0xF3
  {  5638,  15,  20,  17,    1,  -19 },   // 0xF4
  {  5676,  15,  20,  17,    1,  -19 },   // 0xF5
  {  5714,  15,  21,  17,    1,  -20 },   // 0xF6
  {  5754,  13,  13,  15,    1,  -15 },   // 0xF7
  {  5776,  15,  17,  17,    1,  -15 },   // 0xF8
  {  5808,  14,  20,  18,    2,  -19 },   // 0xF9
  {  5843,  14,  20,  18,    2,  -19 },   // 0xFA
  {  5878,  14,  20,  18,    2,  -19 },   // 0xFB
  {  5913,  14,  21,  18,    2,  -20 },   // 0xFC
  {  5950,  15,  26,  15,    0,  -19 },   // 0xFD
  {  5999,  14,  27,  17,    2,  -20 },   // 0xFE
  {  6047,  15,  27,  15,    0,  -20 } }; // 0xFF

const GFXfont OpenSans_Bold14pt8b PROGMEM = {
  (uint8_t  *)OpenSans_Bold14pt8bBitmaps,
  (GFXglyph *)OpenSans_Bold14pt8bGlyphs,
  0x20, 0xFF, 37 };

// Approx. 7673 bytes

const uint8_t OpenSans_Bold16pt8bBitmaps[] PROGMEM = {
  0x00, 0xFF, 0xFF, 0xFF, 0xFF, 0xFF, 0xFF, 0xFD, 0xE7, 0x38, 0x00, 0x07,
  0xBF, 0xFF, 0xB8, 0xF3, 0xFE, 0x3F, 0xC7, 0x78, 0xEF, 0x1D, 0xE3, 0x9C,
  0x73, 0x8E, 0x03, 0xC7, 0x00, 0xE3, 0xC0, 0x38, 0xE0, 0x0E, 0x38, 0x07,
  0x8E, 0x01, 0xE3, 0x87, 0xFF, 0xFD, 0xFF, 0xFF, 0x7F, 0xFF, 0xC3, 0xC7,
  0x00, 0xF1, 0xC0, 0x38, 0xF0, 0x0E, 0x3C, 0x3F, 0xFF, 0xEF, 0xFF, 0xFB,
  0xFF, 0xFE, 0x1C, 0x78, 0x07, 0x1E, 0x01, 0xC7, 0x00, 0x71, 0xC0, 0x3C,
  0x70, 0x0F, 0x3C, 0x00, 0x01, 0x80, 0x01, 0x80, 0x0F, 0xF8, 0x3F, 0xFE,
  0x7F, 0xFE, 0x7F, 0xFC, 0xF9, 0x84, 0xF9, 0x80, 0xF9, 0x80, 0x7F, 0x80,
  0x7F, 0xC0, 0x3F, 0xF0, 0x0F, 0xFC, 0x03, 0xFE, 0x01, 0xFE, 0x01, 0xBE,
  0x01, 0x9F, 0xC1, 0x9E, 0xFF, 0xFE, 0xFF, 0xFC, 0xFF, 0xF8, 0x1F, 0xE0,
  0x01, 0x80, 0x01, 0x80, 0x01, 0x80, 0x1F, 0x00, 0x78, 0x1F, 0xE0, 0x3C,
  0x07, 0xFC, 0x0F, 0x03, 0xCF, 0x07, 0x80, 0xF3, 0xC1, 0xC0, 0x3C, 0x70,
  0xF0, 0x0F, 0x1C, 0x38, 0x03, 0xC7, 0x1E, 0x00, 0xF1, 0xCF, 0x3E, 0x3C,
  0xF3, 0xDF, 0xCF, 0x3D, 0xEF, 0xF9, 0xFF, 0x73, 0xDE, 0x3F, 0xBC, 0xF3,
  0xC7, 0xCE, 0x38, 0xF0, 0x07, 0x9E, 0x3C, 0x01, 0xC7, 0x8F, 0x00, 0xF0,
  0xE3, 0xC0, 0x78, 0x38, 0xF0, 0x1E, 0x0F, 0x78, 0x0F, 0x03, 0xFE, 0x03,
  0x80, 0x7F, 0x01, 0xE0, 0x0F, 0x80, 0x03, 0xF0, 0x00, 0x3F, 0xE0, 0x01,
  0xFF, 0xC0, 0x0F, 0xFF, 0x80, 0x3E, 0x3E, 0x00, 0xF0, 0xF8, 0x03, 0xE3,
  0xC0, 0x07, 0x9F, 0x00, 0x1F, 0xF8, 0x00, 0x3F, 0xC0, 0x01, 0xFE, 0x0F,
  0x8F, 0xFC, 0x3E, 0x7F, 0xF8, 0xF9, 0xF3, 0xF7, 0xCF, 0x87, 0xFF, 0x3E,
  0x0F, 0xF8, 0xF8, 0x1F, 0xC3, 0xF0, 0x3F, 0x07, 0xFF, 0xFE, 0x0F, 0xFF,
  0xFC, 0x1F, 0xFD, 0xF8, 0x1F, 0xC3, 0xF0, 0xFF, 0xFF, 0xFF, 0x77, 0x0F,
  0x07, 0x87, 0x87, 0xC3, 0xC1, 0xE1, 0xE0, 0xF0, 0x78, 0x3C, 0x3C, 0x1E,
  0x0F, 0x07, 0x83, 0xC1, 0xE0, 0xF0, 0x3C, 0x1E, 0x0F, 0x07, 0x81, 0xE0,
  0xF0, 0x78, 0x1E, 0x07, 0x83, 0xC0, 0xF0, 0x78, 0x78, 0x3C, 0x3C, 0x1E,
  0x1E, 0x1F, 0x0F, 0x0F, 0x0F, 0x0F, 0x0F, 0x0F, 0x0F, 0x0F, 0x0F, 0x0F,
  0x0F, 0x1F, 0x1E, 0x1E, 0x3E, 0x3C, 0x38, 0x78, 0xF0, 0x03, 0x80, 0x07,
  0x00, 0x0E, 0x00, 0x1C, 0x0E, 0x38, 0xFF, 0xFF, 0xFF, 0xFF, 0xFF, 0xFF,
  0x07, 0xC0, 0x1F, 0xC0, 0x7B, 0xC1, 0xE7, 0xC3, 0xC7, 0x81, 0x8C, 0x00,
  0x03, 0xC0, 0x07, 0x80, 0x0F, 0x00, 0x1E, 0x00, 0x3C, 0x00, 0x78, 0x3F,
  0xFF, 0xFF, 0xFF, 0xFF, 0xFE, 0x07, 0x80, 0x0F, 0x00, 0x1E, 0x00, 0x3C,
  0x00, 0x78, 0x00, 0xF0, 0x00, 0x7D, 0xF7, 0x9E, 0x7B, 0xCF, 0x3C, 0xFF,
  0xFF, 0xFF, 0xFF, 0xF7, 0xFF, 0xF7, 0x00, 0x00, 0xF0, 0x07, 0x80, 0x3C,
  0x03, 0xC0, 0x1E, 0x01, 0xF0, 0x0F, 0x00, 0x78, 0x07, 0x80, 0x3C, 0x01,
  0xE0, 0x1E, 0x00, 0xF0, 0x0F, 0x80, 0x78, 0x03, 0xC0, 0x3C, 0x01, 0xE0,
  0x0F, 0x00, 0xF0, 0x07, 0x80, 0x7C, 0x00, 0x07, 0xE0, 0x1F, 0xF0, 0x3F,
  0xF8, 0x3F, 0xFC, 0x7C, 0x3E, 0x78, 0x3E, 0x78, 0x1E, 0xF8, 0x1E, 0xF8,
  0x1E, 0xF8, 0x1F, 0xF8, 0x1F, 0xF8, 0x1F, 0xF8, 0x1F, 0xF8, 0x1E, 0xF8,
  0x1E, 0x78, 0x1E, 0x78, 0x3E, 0x7C, 0x3E, 0x3F, 0xFC, 0x3F, 0xFC, 0x1F,
  0xF8, 0x07, 0xE0, 0x03, 0xE0, 0xFC, 0x3F, 0x9F, 0xF7, 0xFF, 0xFF, 0xDC,
  0xF9, 0x1F, 0x03, 0xE0, 0x7C, 0x0F, 0x81, 0xF0, 0x3E, 0x07, 0xC0, 0xF8,
  0x1F, 0x03, 0xE0, 0x7C, 0x0F, 0x81, 0xF0, 0x3E, 0x07, 0xC0, 0x07, 0xE0,
  0x3F, 0xF8, 0x7F, 0xFC, 0xFF, 0xFE, 0x78, 0x3E, 0x30, 0x3E, 0x00, 0x3E,
  0x00, 0x3E, 0x00, 0x3E, 0x00, 0x7C, 0x00, 0xFC, 0x00, 0xF8, 0x01, 0xF0,
  0x03, 0xE0, 0x07, 0xC0, 0x0F, 0x80, 0x1F, 0x00, 0x7C, 0x00, 0xFF, 0xFF,
  0xFF, 0xFF, 0xFF, 0xFF, 0xFF, 0xFF, 0x0F, 0xE0, 0x7F, 0xF8, 0xFF, 0xFC,
  0x7F, 0xFE, 0x30, 0x3E, 0x00, 0x3E, 0x00, 0x3E, 0x00, 0x3C, 0x0F, 0xF8,
  0x0F, 0xE0, 0x0F, 0xF0, 0x0F, 0xFC, 0x00, 0x7E, 0x00, 0x3E, 0x00, 0x1E,
  0x00, 0x1F, 0x00, 0x3E, 0xC0, 0x7E, 0xFF, 0xFE, 0xFF, 0xFC, 0xFF, 0xF8,
  0x3F, 0xE0, 0x00, 0x7C, 0x00, 0xFC, 0x01, 0xFC, 0x01, 0xFC, 0x03, 0xFC,
  0x07, 0xFC, 0x07, 0x7C, 0x0F, 0x7C, 0x1E, 0x7C, 0x1C, 0x7C, 0x3C, 0x7C,
  0x78, 0x7C, 0xF0, 0x7C, 0xFF, 0xFF, 0xFF, 0xFF, 0xFF, 0xFF, 0xFF, 0xFF,
  0x00, 0x7C, 0x00, 0x7C, 0x00, 0x7C, 0x00, 0x7C, 0x00, 0x7C, 0x7F, 0xF9,
  0xFF, 0xE7, 0xFF, 0x9F, 0xFE, 0xF8, 0x03, 0xE0, 0x0F, 0x80, 0x3E, 0x00,
  0xFF, 0xC3, 0xFF, 0xCF, 0xFF, 0xBF, 0xFF, 0x00, 0xFC, 0x01, 0xF0, 0x03,
  0xC0, 0x0F, 0x00, 0x7E, 0x03, 0xFF, 0xFF, 0xBF, 0xFE, 0xFF, 0xE1, 0xFE,
  0x00, 0x01, 0xFC, 0x07, 0xFC, 0x1F, 0xFC, 0x1F, 0xFC, 0x3E, 0x00, 0x7C,
  0x00, 0x78, 0x00, 0x78, 0x00, 0xF9, 0xF0, 0xF7, 0xFC, 0xF7, 0xFE, 0xFF,
  0xFE, 0xFC, 0x3E, 0xF8, 0x1F, 0xF8, 0x1F, 0xF8, 0x1F, 0x78, 0x1F, 0x7C,
  0x3E, 0x7F, 0xFE, 0x3F, 0xFC, 0x1F, 0xF8, 0x07, 0xE0, 0xFF, 0xFF, 0xFF,
  0xFF, 0xFF, 0xFF, 0xFF, 0xFE, 0x00, 0x3E, 0x00, 0x3E, 0x00, 0x3C, 0x00,
  0x7C, 0x00, 0x78, 0x00, 0xF8, 0x00, 0xF0, 0x01, 0xF0, 0x01, 0xF0, 0x03,
  0xE0, 0x03, 0xE0, 0x07, 0xC0, 0x07, 0xC0, 0x0F, 0x80, 0x0F, 0x80, 0x0F,
  0x00, 0x1F, 0x00, 0x1F, 0x00, 0x07, 0xE0, 0x1F, 0xF8, 0x3F, 0xFC, 0x7E,
  0xFE, 0x78, 0x3E, 0x78, 0x1E, 0x78, 0x3E, 0x7C, 0x3C, 0x3F, 0xFC, 0x1F,
  0xF8, 0x0F, 0xE0, 0x1F, 0xF8, 0x3E, 0xFC, 0x7C, 0x3E, 0xF8, 0x1E, 0xF0,
  0x1F, 0xF0, 0x1F, 0xF8, 0x1E, 0x7E, 0xFE, 0x7F, 0xFC, 0x3F, 0xF8, 0x0F,
  0xE0, 0x0F, 0xE0, 0x1F, 0xF0, 0x3F, 0xF8, 0x7F, 0xFC, 0xFC, 0x3E, 0xF8,
  0x3E, 0xF8, 0x1E, 0xF8, 0x1F, 0xF8, 0x1F, 0xF8, 0x3F, 0x7F, 0xFF, 0x7F,
  0xFF, 0x3F, 0xDE, 0x1F, 0x9E, 0x00, 0x1E, 0x00, 0x3E, 0x00, 0x3C, 0x00,
  0xFC, 0x3F, 0xF8, 0x3F, 0xF0, 0x3F, 0xE0, 0x3F, 0x80, 0x77, 0xFF, 0xFF,
  0x00, 0x00, 0x00, 0x00, 0x0F, 0x7F, 0xFF, 0x70, 0x39, 0xF7, 0xDF, 0x78,
  0x00, 0x00, 0x00, 0x00, 0x00, 0x01, 0xF7, 0xDE, 0x79, 0xEF, 0x3C, 0xF0,
  0x00, 0x02, 0x00, 0x1C, 0x00, 0xF8, 0x07, 0xF0, 0x3F, 0x81, 0xFC, 0x0F,
  0xE0, 0x7F, 0x00, 0xFC, 0x01, 0xFE, 0x00, 0x7F, 0x80, 0x3F, 0xC0, 0x1F,
  0xE0, 0x07, 0xC0, 0x03, 0x80, 0x01, 0xFF, 0xFF, 0xFF, 0xFF, 0xFF, 0xF8,
  0x00, 0x00, 0x00, 0x00, 0x00, 0x3F, 0xFF, 0xFF, 0xFF, 0xFF, 0xFE, 0x80,
  0x01, 0xC0, 0x03, 0xE0, 0x07, 0xF8, 0x03, 0xF8, 0x00, 0xFE, 0x00, 0x7F,
  0x00, 0x3F, 0x00, 0x3E, 0x01, 0xFC, 0x1F, 0xE0, 0xFF, 0x0F, 0xF0, 0x1F,
  0x80, 0x3C, 0x00, 0x40, 0x00, 0x1F, 0xE1, 0xFF, 0xCF, 0xFF, 0x9F, 0xFF,
  0x60, 0x7C, 0x00, 0xF0, 0x07, 0xC0, 0x1E, 0x01, 0xF8, 0x0F, 0xC0, 0x7C,
  0x03, 0xE0, 0x0F, 0x00, 0x3C, 0x00, 0x00, 0x00, 0x00, 0x00, 0x00, 0x3C,
  0x00, 0xF8, 0x03, 0xE0, 0x0F, 0x80, 0x1C, 0x00, 0x00, 0x7F, 0x80, 0x03,
  0xFF, 0xE0, 0x07, 0xFF, 0xF0, 0x0F, 0x80, 0xFC, 0x1E, 0x00, 0x3C, 0x3C,
  0x00, 0x1E, 0x78, 0x3F, 0x8E, 0x70, 0xFF, 0xCF, 0xF1, 0xFF, 0xC7, 0xE3,
  0xC3, 0xC7, 0xE3, 0x83, 0xC7, 0xE7, 0x83, 0xC7, 0xE7, 0x83, 0xC7, 0xE7,
  0x83, 0xC7, 0xE7, 0x83, 0xCF, 0xE3, 0x87, 0xCE, 0xE3, 0xFF, 0xFE, 0xF1,
  0xFE, 0xFC, 0xF0, 0xF8, 0x78, 0x78, 0x00, 0x00, 0x7C, 0x00, 0x00, 0x3F,
  0x00, 0xE0, 0x1F, 0xFF, 0xE0, 0x07, 0xFF, 0xE0, 0x00, 0xFF, 0x00, 0x00,
  0xFC, 0x00, 0x0F, 0xE0, 0x00, 0x7F, 0x00, 0x03, 0xFC, 0x00, 0x3D, 0xE0,
  0x01, 0xEF, 0x80, 0x1F, 0x3C, 0x00, 0xF9, 0xE0, 0x07, 0x8F, 0x80, 0x7C,
  0x3C, 0x03, 0xE1, 0xE0, 0x1E, 0x0F, 0x81, 0xF0, 0x7C, 0x0F, 0xFF, 0xE0,
  0x7F, 0xFF, 0x87, 0xFF, 0xFC, 0x3F, 0xFF, 0xE1, 0xF0, 0x0F, 0x9F, 0x00,
  0x7C, 0xF8, 0x01, 0xF7, 0xC0, 0x0F, 0xFC, 0x00, 0x7C, 0xFF, 0xE0, 0xFF,
  0xFC, 0xFF, 0xFE, 0xFF, 0xFE, 0xF0, 0x3F, 0xF0, 0x1F, 0xF0, 0x1F, 0xF0,
  0x3E, 0xFF, 0xFE, 0xFF, 0xF8, 0xFF, 0xFC, 0xFF, 0xFE, 0xF0, 0x3F, 0xF0,
  0x1F, 0xF0, 0x1F, 0xF0, 0x1F, 0xF0, 0x1F, 0xF0, 0x3F, 0xFF, 0xFE, 0xFF,
  0xFE, 0xFF, 0xFC, 0xFF, 0xF0, 0x01, 0xFC, 0x07, 0xFF, 0xC7, 0xFF, 0xC7,
  0xFF, 0xE7, 0xF0, 0x73, 0xE0, 0x03, 0xF0, 0x01, 0xF0, 0x00, 0xF8, 0x00,
  0x7C, 0x00, 0x3E, 0x00, 0x1F, 0x00, 0x0F, 0x80, 0x07, 0xC0, 0x03, 0xE0,
  0x01, 0xF0, 0x00, 0x7C, 0x00, 0x3F, 0x01, 0x8F, 0xFF, 0xC3, 0xFF, 0xE0,
  0xFF, 0xF0, 0x1F, 0xE0, 0xFF, 0xE0, 0x3F, 0xFE, 0x0F, 0xFF, 0xE3, 0xFF,
  0xFC, 0xF0, 0x3F, 0xBC, 0x03, 0xEF, 0x00, 0xFB, 0xC0, 0x1F, 0xF0, 0x07,
  0xFC, 0x01, 0xFF, 0x00, 0x7F, 0xC0, 0x1F, 0xF0, 0x07, 0xFC, 0x01, 0xFF,
  0x00, 0x7F, 0xC0, 0x3E, 0xF0, 0x1F, 0xBC, 0x0F, 0xCF, 0xFF, 0xF3, 0xFF,
  0xF8, 0xFF, 0xF8, 0x3F, 0xF0, 0x00, 0xFF, 0xFF, 0xFF, 0xFF, 0xFF, 0xFF,
  0xFF, 0x00, 0x78, 0x03, 0xC0, 0x1E, 0x00, 0xFF, 0xF7, 0xFF, 0xBF, 0xFD,
  0xFF, 0xEF, 0x00, 0x78, 0x03, 0xC0, 0x1E, 0x00, 0xF0, 0x07, 0x80, 0x3F,
  0xFF, 0xFF, 0xFF, 0xFF, 0xFF, 0xFC, 0xFF, 0xFF, 0xFF, 0xFF, 0xFF, 0xFF,
  0xF0, 0x0F, 0x00, 0xF0, 0x0F, 0x00, 0xF0, 0x0F, 0xFF, 0xFF, 0xFF, 0xFF,
  0xFF, 0xFF, 0x00, 0xF0, 0x0F, 0x00, 0xF0, 0x0F, 0x00, 0xF0, 0x0F, 0x00,
  0xF0, 0x0F, 0x00, 0x01, 0xFE, 0x01, 0xFF, 0xF1, 0xFF, 0xF8, 0xFF, 0xFE,
  0x3F, 0x01, 0x9F, 0x80, 0x07, 0xC0, 0x03, 0xE0, 0x00, 0xF8, 0x00, 0x3E,
  0x00, 0x0F, 0x87, 0xFF, 0xE1, 0xFF, 0xF8, 0x7F, 0xFE, 0x1F, 0xFF, 0x80,
  0x7F, 0xF0, 0x1F, 0x7C, 0x07, 0xDF, 0xC1, 0xF3, 0xFF, 0xFC, 0x7F, 0xFF,
  0x0F, 0xFF, 0xC0, 0xFF, 0x80, 0xF0, 0x07, 0xFC, 0x01, 0xFF, 0x00, 0x7F,
  0xC0, 0x1F, 0xF0, 0x07, 0xFC, 0x01, 0xFF, 0x00, 0x7F, 0xC0, 0x1F, 0xFF,
  0xFF, 0xFF, 0xFF, 0xFF, 0xFF, 0xFF, 0xFF, 0xFF, 0xF0, 0x07, 0xFC, 0x01,
  0xFF, 0x00, 0x7F, 0xC0, 0x1F, 0xF0, 0x07, 0xFC, 0x01, 0xFF, 0x00, 0x7F,
  0xC0, 0x1F, 0xF0, 0x07, 0xFC, 0x01, 0xF0, 0xFF, 0xFF, 0xFF, 0xFF, 0xFF,
  0xFF, 0xFF, 0xFF, 0xFF, 0xFF, 0xFF, 0x07, 0x83, 0xC1, 0xE0, 0xF0, 0x78,
  0x3C, 0x1E, 0x0F, 0x07, 0x83, 0xC1, 0xE0, 0xF0, 0x78, 0x3C, 0x1E, 0x0F,
  0x07, 0x83, 0xC1, 0xE0, 0xF0, 0x78, 0x3C, 0x1E, 0x1F, 0x0F, 0xFF, 0xFF,
  0xDF, 0xCF, 0x80, 0xF0, 0x0F, 0xBC, 0x07, 0xCF, 0x03, 0xF3, 0xC1, 0xF8,
  0xF0, 0x7C, 0x3C, 0x3E, 0x0F, 0x1F, 0x03, 0xCF, 0xC0, 0xF3, 0xE0, 0x3D,
  0xF0, 0x0F, 0xFC, 0x03, 0xFF, 0x80, 0xFF, 0xF0, 0x3E, 0x7C, 0x0F, 0x0F,
  0x83, 0xC3, 0xE0, 0xF0, 0x7C, 0x3C, 0x1F, 0x8F, 0x03, 0xE3, 0xC0, 0x7C,
  0xF0, 0x1F, 0xBC, 0x03, 0xE0, 0xF0, 0x07, 0x80, 0x3C, 0x01, 0xE0, 0x0F,
  0x00, 0x78, 0x03, 0xC0, 0x1E, 0x00, 0xF0, 0x07, 0x80, 0x3C, 0x01, 0xE0,
  0x0F, 0x00, 0x78, 0x03, 0xC0, 0x1E, 0x00, 0xF0, 0x07, 0x80, 0x3F, 0xFF,
  0xFF, 0xFF, 0xFF, 0xFF, 0xFC, 0xFC, 0x00, 0x7F, 0xFC, 0x00, 0xFF, 0xF8,
  0x03, 0xFF, 0xF0, 0x07, 0xFF, 0xF0, 0x0F, 0xFF, 0xE0, 0x3F, 0xFF, 0xC0,
  0x7F, 0xFB, 0xC0, 0xEF, 0xF7, 0x83, 0xDF, 0xEF, 0x07, 0xBF, 0xCE, 0x0E,
  0x7F, 0x9E, 0x3C, 0xFF, 0x3C, 0x79, 0xFE, 0x38, 0xE3, 0xFC, 0x7B, 0xC7,
  0xF8, 0xF7, 0x8F, 0xF1, 0xEE, 0x1F, 0xE1, 0xFC, 0x3F, 0xC3, 0xF8, 0x7F,
  0x87, 0xE0, 0xFF, 0x07, 0xC1, 0xFE, 0x0F, 0x83, 0xC0, 0xFC, 0x01, 0xFF,
  0xC0, 0x3F, 0xF8, 0x07, 0xFF, 0x80, 0xFF, 0xF0, 0x1F, 0xFF, 0x03, 0xFF,
  0xF0, 0x7F, 0xBE, 0x0F, 0xF3, 0xE1, 0xFE, 0x7C, 0x3F, 0xC7, 0xC7, 0xF8,
  0xF8, 0xFF, 0x0F, 0x9F, 0xE0, 0xFB, 0xFC, 0x1F, 0x7F, 0x81, 0xFF, 0xF0,
  0x3F, 0xFE, 0x03, 0xFF, 0xC0, 0x7F, 0xF8, 0x07, 0xFF, 0x00, 0x7F, 0xE0,
  0x0F, 0xC0, 0x01, 0xFC, 0x00, 0x7F, 0xFC, 0x07, 0xFF, 0xF0, 0x7F, 0xFF,
  0xC7, 0xF0, 0x7E, 0x3E, 0x01, 0xFB, 0xF0, 0x07, 0xDF, 0x00, 0x3E, 0xF8,
  0x00, 0xFF, 0xC0, 0x07, 0xFE, 0x00, 0x3F, 0xF0, 0x01, 0xFF, 0x80, 0x0F,
  0xFC, 0x00, 0x7F, 0xE0, 0x07, 0xFF, 0x80, 0x3E, 0x7C, 0x03, 0xF3, 0xF8,
  0x3F, 0x0F, 0xFF, 0xF8, 0x3F, 0xFF, 0x80, 0xFF, 0xF0, 0x01, 0xFE, 0x00,
  0xFF, 0xE1, 0xFF, 0xF3, 0xFF, 0xF7, 0xFF, 0xEF, 0x07, 0xFE, 0x07, 0xFC,
  0x0F, 0xF8, 0x1F, 0xF0, 0x3F, 0xE0, 0xFF, 0xFF, 0xF7, 0xFF, 0xCF, 0xFF,
  0x1F, 0xF8, 0x3C, 0x00, 0x78, 0x00, 0xF0, 0x01, 0xE0, 0x03, 0xC0, 0x07,
  0x80, 0x0F, 0x00, 0x1E, 0x00, 0x00, 0x01, 0xFC, 0x00, 0x7F, 0xFC, 0x07,
  0xFF, 0xF0, 0x7F, 0xFF, 0xC7, 0xF0, 0x7E, 0x3E, 0x01, 0xFB, 0xF0, 0x07,
  0xDF, 0x00, 0x3E, 0xF8, 0x00, 0xFF, 0xC0, 0x07, 0xFE, 0x00, 0x3F, 0xF0,
  0x01, 0xFF, 0x80, 0x0F, 0xFC, 0x00, 0x7F, 0xE0, 0x07, 0xDF, 0x80, 0x3E,
  0x7C, 0x03, 0xF3, 0xF8, 0x3F, 0x0F, 0xFF, 0xF8, 0x3F, 0xFF, 0x80, 0xFF,
  0xF0, 0x01, 0xFF, 0x80, 0x00, 0x7E, 0x00, 0x01, 0xF8, 0x00, 0x07, 0xE0,
  0x00, 0x1F, 0x00, 0x00, 0xFC, 0xFF, 0xC0, 0x7F, 0xFC, 0x3F, 0xFF, 0x1F,
  0xFF, 0x8F, 0x07, 0xE7, 0x81, 0xF3, 0xC0, 0xF9, 0xE0, 0x7C, 0xF0, 0x3E,
  0x78, 0x3F, 0x3F, 0xFF, 0x1F, 0xFF, 0x0F, 0xFF, 0x07, 0xFF, 0x03, 0xC7,
  0xC1, 0xE1, 0xF0, 0xF0, 0x7C, 0x78, 0x3E, 0x3C, 0x0F, 0x9E, 0x03, 0xEF,
  0x01, 0xF7, 0x80, 0x7C, 0x07, 0xF0, 0x3F, 0xFC, 0xFF, 0xF3, 0xFF, 0xE7,
  0xC1, 0xCF, 0x00, 0x1E, 0x00, 0x3E, 0x00, 0x7F, 0x00, 0x7F, 0x80, 0x7F,
  0xC0, 0x7F, 0xC0, 0x3F, 0xC0, 0x1F, 0x80, 0x0F, 0x80, 0x1F, 0x80, 0x3F,
  0xC0, 0x7F, 0xFF, 0xF7, 0xFF, 0xEF, 0xFF, 0x83, 0xF8, 0x00, 0xFF, 0xFF,
  0xFF, 0xFF, 0xFF, 0xFF, 0xFF, 0xFF, 0x03, 0xC0, 0x03, 0xC0, 0x03, 0xC0,
  0x03, 0xC0, 0x03, 0xC0, 0x03, 0xC0, 0x03, 0xC0, 0x03, 0xC0, 0x03, 0xC0,
  0x03, 0xC0, 0x03, 0xC0, 0x03, 0xC0, 0x03, 0xC0, 0x03, 0xC0, 0x03, 0xC0,
  0x03, 0xC0, 0x03, 0xC0, 0x03, 0xC0, 0xF0, 0x07, 0xFC, 0x01, 0xFF, 0x00,
  0x7F, 0xC0, 0x1F, 0xF0, 0x07, 0xFC, 0x01, 0xFF, 0x00, 0x7F, 0xC0, 0x1F,
  0xF0, 0x07, 0xFC, 0x01, 0xFF, 0x00, 0x7F, 0xC0, 0x1F, 0xF0, 0x07, 0xFC,
  0x01, 0xFF, 0x00, 0x7F, 0xE0, 0x1F, 0xF8, 0x0F, 0xBF, 0x07, 0xE7, 0xFF,
  0xF8, 0xFF, 0xFC, 0x1F, 0xFE, 0x01, 0xFC, 0x00, 0xF8, 0x01, 0xF7, 0x80,
  0x1F, 0x7C, 0x01, 0xE7, 0xC0, 0x3E, 0x3C, 0x03, 0xE3, 0xC0, 0x3C, 0x3E,
  0x07, 0xC1, 0xE0, 0x7C, 0x1E, 0x07, 0x81, 0xF0, 0xF8, 0x0F, 0x0F, 0x80,
  0xF0, 0xF0, 0x0F, 0x9F, 0x00, 0x79, 0xF0, 0x07, 0x9E, 0x00, 0x7D, 0xE0,
  0x03, 0xFE, 0x00, 0x3F, 0xC0, 0x03, 0xFC, 0x00, 0x1F, 0x80, 0x01, 0xF8,
  0x00, 0x1F, 0x80, 0xF8, 0x07, 0x80, 0x7F, 0xE0, 0x3F, 0x01, 0xF7, 0x80,
  0xFC, 0x07, 0x9E, 0x03, 0xF0, 0x1E, 0x7C, 0x0F, 0xC0, 0xF9, 0xF0, 0x7F,
  0x83, 0xE3, 0xC1, 0xFE, 0x0F, 0x0F, 0x07, 0xF8, 0x3C, 0x3E, 0x1C, 0xE1,
  0xF0, 0xF8, 0xF3, 0xC7, 0xC1, 0xE3, 0xCF, 0x1E, 0x07, 0x8F, 0x3C, 0x78,
  0x1F, 0x78, 0x73, 0xE0, 0x7D, 0xE1, 0xEF, 0x80, 0xF7, 0x87, 0xBC, 0x03,
  0xDE, 0x1E, 0xF0, 0x0F, 0x70, 0x3B, 0xC0, 0x3D, 0xC0, 0xFF, 0x00, 0x7F,
  0x03, 0xF8, 0x01, 0xFC, 0x0F, 0xE0, 0x07, 0xE0, 0x1F, 0x80, 0x0F, 0x80,
  0x7C, 0x00, 0x7C, 0x01, 0xF3, 0xF0, 0x1F, 0x0F, 0x80, 0xF8, 0x3E, 0x0F,
  0x81, 0xF0, 0xF8, 0x07, 0xC7, 0xC0, 0x1F, 0x7C, 0x00, 0xFB, 0xC0, 0x03,
  0xFE, 0x00, 0x0F, 0xE0, 0x00, 0x7E, 0x00, 0x03, 0xF8, 0x00, 0x3F, 0xC0,
  0x03, 0xFF, 0x00, 0x1F, 0x7C, 0x01, 0xF3, 0xE0, 0x0F, 0x0F, 0x80, 0xF8,
  0x3E, 0x0F, 0x81, 0xF0, 0x7C, 0x07, 0xC7, 0xC0, 0x3F, 0x7C, 0x00, 0xF8,
  0xF8, 0x03, 0xEF, 0x80, 0x7D, 0xF0, 0x1F, 0x1F, 0x07, 0xC3, 0xE0, 0xF8,
  0x3E, 0x3E, 0x03, 0xC7, 0xC0, 0x7D, 0xF0, 0x07, 0xBE, 0x00, 0xFF, 0x80,
  0x0F, 0xF0, 0x01, 0xFC, 0x00, 0x1F, 0x80, 0x03, 0xE0, 0x00, 0x7C, 0x00,
  0x0F, 0x80, 0x01, 0xF0, 0x00, 0x3E, 0x00, 0x07, 0xC0, 0x00, 0xF8, 0x00,
  0x1F, 0x00, 0x03, 0xE0, 0x00, 0xFF, 0xFF, 0xFF, 0xFF, 0xFF, 0xFF, 0xFF,
  0xFF, 0x00, 0x3E, 0x00, 0x7C, 0x00, 0xF8, 0x00, 0xF8, 0x01, 0xF0, 0x03,
  0xE0, 0x03, 0xE0, 0x07, 0xC0, 0x0F, 0x80, 0x0F, 0x80, 0x1F, 0x00, 0x3E,
  0x00, 0x7C, 0x00, 0x7C, 0x00, 0xFF, 0xFF, 0xFF, 0xFF, 0xFF, 0xFF, 0xFF,
  0xFF, 0xFF, 0xFF, 0xFF, 0x8F, 0x1E, 0x3C, 0x78, 0xF1, 0xE3, 0xC7, 0x8F,
  0x1E, 0x3C, 0x78, 0xF1, 0xE3, 0xC7, 0x8F, 0x1E, 0x3C, 0x78, 0xFF, 0xFF,
  0xF8, 0xF8, 0x03, 0xC0, 0x1E, 0x00, 0xF8, 0x03, 0xC0, 0x1E, 0x00, 0x78,
  0x03, 0xC0, 0x1F, 0x00, 0x78, 0x03, 0xC0, 0x1F, 0x00, 0x78, 0x03, 0xC0,
  0x0F, 0x00, 0x78, 0x03, 0xE0, 0x0F, 0x00, 0x78, 0x03, 0xE0, 0x0F, 0x00,
  0x78, 0xFF, 0xFF, 0xF8, 0xF1, 0xE3, 0xC7, 0x8F, 0x1E, 0x3C, 0x78, 0xF1,
  0xE3, 0xC7, 0x8F, 0x1E, 0x3C, 0x78, 0xF1, 0xE3, 0xC7, 0x8F, 0xFF, 0xFF,
  0xF8, 0x03, 0x80, 0x03, 0x80, 0x07, 0xC0, 0x07, 0xC0, 0x0F, 0xE0, 0x0E,
  0xE0, 0x1E, 0x70, 0x1C, 0x78, 0x3C, 0x38, 0x38, 0x3C, 0x78, 0x1C, 0x70,
  0x1E, 0xF0, 0x0E, 0xF0, 0x0F, 0xFF, 0xFF, 0xFF, 0xC0, 0xFC, 0x1E, 0x07,
  0x81, 0xE0, 0x78, 0x07, 0xF0, 0x7F, 0xF8, 0xFF, 0xF8, 0xFB, 0xF1, 0x03,
  0xE0, 0x03, 0xC0, 0x07, 0x87, 0xFF, 0x3F, 0xFE, 0xFF, 0xFF, 0xF0, 0x7F,
  0xC0, 0xFF, 0x83, 0xFF, 0xDF, 0xDF, 0xFF, 0xBF, 0xE7, 0x1F, 0x8E, 0xF8,
  0x00, 0xF8, 0x00, 0xF8, 0x00, 0xF8, 0x00, 0xF8, 0x00, 0xF8, 0x00, 0xF8,
  0x00, 0xF9, 0xF0, 0xFB, 0xFC, 0xFF, 0xFE, 0xFF, 0xFE, 0xFC, 0x3F, 0xF8,
  0x1F, 0xF8, 0x1F, 0xF8, 0x1F, 0xF8, 0x1F, 0xF8, 0x1F, 0xF8, 0x1F, 0xFC,
  0x1F, 0xFC, 0x3F, 0xFF, 0xFE, 0xFF, 0xFE, 0xF3, 0xFC, 0xF1, 0xF0, 0x07,
  0xF0, 0x7F, 0xF3, 0xFF, 0x8F, 0xFE, 0x7C, 0x09, 0xF0, 0x07, 0x80, 0x3E,
  0x00, 0xF8, 0x03, 0xE0, 0x0F, 0x80, 0x1F, 0x00, 0x7C, 0x09, 0xFF, 0xE3,
  0xFF, 0x87, 0xFE, 0x07, 0xF0, 0x00, 0x0F, 0x00, 0x0F, 0x00, 0x0F, 0x00,
  0x0F, 0x00, 0x0F, 0x00, 0x0F, 0x00, 0x0F, 0x0F, 0x8F, 0x1F, 0xEF, 0x3F,
  0xFF, 0x7F, 0xFF, 0x7C, 0x1F, 0x7C, 0x1F, 0xF8, 0x0F, 0xF8, 0x0F, 0xF8,
  0x0F, 0xF8, 0x0F, 0xF8, 0x0F, 0x7C, 0x1F, 0x7C, 0x1F, 0x7F, 0xFF, 0x3F,
  0xFF, 0x1F, 0xEF, 0x0F, 0x8F, 0x07, 0xF0, 0x1F, 0xF8, 0x3F, 0xFC, 0x3E,
  0x7E, 0x7C, 0x1E, 0x78, 0x1F, 0x78, 0x0F, 0xFF, 0xFF, 0xFF, 0xFF, 0xFF,
  0xFF, 0x78, 0x00, 0x78, 0x00, 0x7C, 0x02, 0x3F, 0xBE, 0x3F, 0xFE, 0x0F,
  0xFE, 0x03, 0xF8, 0x07, 0xF1, 0xFF, 0x1F, 0xF3, 0xFE, 0x3E, 0x03, 0xE0,
  0x3E, 0x07, 0xFE, 0xFF, 0xEF, 0xFE, 0x3E, 0x03, 0xE0, 0x3E, 0x03, 0xE0,
  0x3E, 0x03, 0xE0, 0x3E, 0x03, 0xE0, 0x3E, 0x03, 0xE0, 0x3E, 0x03, 0xE0,
  0x3E, 0x03, 0xE0, 0x07, 0xFF, 0x8F, 0xFF, 0xCF, 0xFF, 0xE7, 0x87, 0xC7,
  0xC1, 0xE3, 0xE0, 0xF1, 0xF0, 0x78, 0x78, 0x7C, 0x3F, 0xFC, 0x0F, 0xFC,
  0x07, 0xF8, 0x07, 0x80, 0x03, 0xC0, 0x01, 0xFF, 0xE0, 0x7F, 0xFC, 0x3F,
  0xFE, 0x7F, 0xFF, 0xFC, 0x03, 0xFC, 0x01, 0xFE, 0x01, 0xFF, 0x81, 0xF3,
  0xFF, 0xF0, 0xFF, 0xF0, 0x3F, 0xE0, 0xF8, 0x00, 0xF8, 0x00, 0xF8, 0x00,
  0xF8, 0x00, 0xF8, 0x00, 0xF8, 0x00, 0xF8, 0x00, 0xF9, 0xF8, 0xFB, 0xFC,
  0xFF, 0xFE, 0xFF, 0xFF, 0xFC, 0x1F, 0xFC, 0x1F, 0xF8, 0x1F, 0xF8, 0x1F,
  0xF8, 0x1F, 0xF8, 0x1F, 0xF8, 0x1F, 0xF8, 0x1F, 0xF8, 0x1F, 0xF8, 0x1F,
  0xF8, 0x1F, 0xF8, 0x1F, 0xF8, 0x1F, 0x27, 0xFF, 0xF7, 0x80, 0x1F, 0xFF,
  0xFF, 0xFF, 0xFF, 0xFF, 0xFF, 0xFF, 0xFF, 0xFF, 0xFF, 0x02, 0x07, 0xC3,
  0xE1, 0xF0, 0x78, 0x00, 0x00, 0x1F, 0x0F, 0x87, 0xC3, 0xE1, 0xF0, 0xF8,
  0x7C, 0x3E, 0x1F, 0x0F, 0x87, 0xC3, 0xE1, 0xF0, 0xF8, 0x7C, 0x3E, 0x1F,
  0x0F, 0x87, 0xC3, 0xFF, 0xFF, 0xF7, 0xFB, 0xF0, 0xF8, 0x00, 0x7C, 0x00,
  0x3E, 0x00, 0x1F, 0x00, 0x0F, 0x80, 0x07, 0xC0, 0x03, 0xE0, 0x01, 0xF0,
  0x3E, 0xF8, 0x3E, 0x7C, 0x3F, 0x3E, 0x3F, 0x1F, 0x3F, 0x0F, 0x9F, 0x07,
  0xDF, 0x03, 0xFF, 0x01, 0xFF, 0xC0, 0xFF, 0xF0, 0x7F, 0xF8, 0x3E, 0x3E,
  0x1F, 0x0F, 0x8F, 0x87, 0xE7, 0xC1, 0xF3, 0xE0, 0x7D, 0xF0, 0x1F, 0xFF,
  0xFF, 0xFF, 0xFF, 0xFF, 0xFF, 0xFF, 0xFF, 0xFF, 0xFF, 0xFF, 0xFF, 0xFF,
  0xFF, 0xFF, 0xF1, 0xF8, 0x3E, 0x3C, 0xFF, 0x3F, 0xEF, 0xFF, 0xFF, 0xFB,
  0xFF, 0xFF, 0xFF, 0xFC, 0x3F, 0x87, 0xFF, 0x07, 0xC1, 0xFF, 0x81, 0xF0,
  0x7F, 0xE0, 0x7C, 0x1F, 0xF8, 0x1F, 0x07, 0xFE, 0x07, 0xC1, 0xFF, 0x81,
  0xF0, 0x7F, 0xE0, 0x7C, 0x1F, 0xF8, 0x1F, 0x07, 0xFE, 0x07, 0xC1, 0xFF,
  0x81, 0xF0, 0x7F, 0xE0, 0x7C, 0x1F, 0xF8, 0x1F, 0x07, 0xC0, 0xF1, 0xF8,
  0xF3, 0xFC, 0xFF, 0xFE, 0xFF, 0xFF, 0xFC, 0x1F, 0xFC, 0x1F, 0xF8, 0x1F,
  0xF8, 0x1F, 0xF8, 0x1F, 0xF8, 0x1F, 0xF8, 0x1F, 0xF8, 0x1F, 0xF8, 0x1F,
  0xF8, 0x1F, 0xF8, 0x1F, 0xF8, 0x1F, 0xF8, 0x1F, 0x07, 0xF0, 0x0F, 0xFE,
  0x0F, 0xFF, 0x87, 0xFF, 0xE7, 0xC1, 0xF3, 0xE0, 0x79, 0xE0, 0x3F, 0xF0,
  0x1F, 0xF8, 0x0F, 0xFC, 0x07, 0xDE, 0x03, 0xEF, 0x81, 0xE7, 0xC1, 0xF1,
  0xFF, 0xF8, 0xFF, 0xF8, 0x3F, 0xF8, 0x07, 0xF0, 0x00, 0xF1, 0xF0, 0xFB,
  0xFC, 0xFF, 0xFE, 0xFF, 0xFE, 0xFC, 0x3F, 0xF8, 0x1F, 0xF8, 0x1F, 0xF8,
  0x1F, 0xF8, 0x1F, 0xF8, 0x1F, 0xF8, 0x1F, 0xF8, 0x1F, 0xFC, 0x3F, 0xFF,
  0xFE, 0xFF, 0xFE, 0xFB, 0xFC, 0xF9, 0xF0, 0xF8, 0x00, 0xF8, 0x00, 0xF8,
  0x00, 0xF8, 0x00, 0xF8, 0x00, 0xF8, 0x00, 0xF8, 0x00, 0x0F, 0x8F, 0x1F,
  0xEF, 0x3F, 0xFF, 0x7F, 0xFF, 0x7C, 0x1F, 0x7C, 0x1F, 0xF8, 0x0F, 0xF8,
  0x0F, 0xF8, 0x0F, 0xF8, 0x0F, 0xF8, 0x0F, 0x7C, 0x0F, 0x7C, 0x1F, 0x7F,
  0xFF, 0x3F, 0xFF, 0x1F, 0xEF, 0x0F, 0x8F, 0x00, 0x0F, 0x00, 0x0F, 0x00,
  0x0F, 0x00, 0x0F, 0x00, 0x0F, 0x00, 0x0F, 0x00, 0x0F, 0xF0, 0xFE, 0x7F,
  0xDF, 0xFF, 0xFF, 0xF1, 0xF8, 0x3E, 0x07, 0xC0, 0xF8, 0x1F, 0x03, 0xE0,
  0x7C, 0x0F, 0x81, 0xF0, 0x3E, 0x07, 0xC0, 0xF8, 0x00, 0x0F, 0xE1, 0xFF,
  0xDF, 0xFF, 0xFD, 0xEF, 0x81, 0x7E, 0x01, 0xFC, 0x0F, 0xF8, 0x3F, 0xF0,
  0x7F, 0xC0, 0x7E, 0x01, 0xF8, 0x07, 0xFC, 0xFF, 0xFF, 0xFF, 0xFE, 0x3F,
  0xC0, 0x1E, 0x03, 0xC0, 0x78, 0x1F, 0x07, 0xFF, 0xFF, 0xFF, 0xF9, 0xF0,
  0x3E, 0x07, 0xC0, 0xF8, 0x1F, 0x03, 0xE0, 0x7C, 0x0F, 0x81, 0xF0, 0x3E,
  0x07, 0xFC, 0xFF, 0x8F, 0xF0, 0xFE, 0xF8, 0x1F, 0xF8, 0x1F, 0xF8, 0x1F,
  0xF8, 0x1F, 0xF8, 0x1F, 0xF8, 0x1F, 0xF8, 0x1F, 0xF8, 0x1F, 0xF8, 0x1F,
  0xF8, 0x1F, 0xF8, 0x1F, 0xF8, 0x1F, 0xFC, 0x3F, 0x7F, 0xFF, 0x7F, 0xFF,
  0x3F, 0xEF, 0x0F, 0x8F, 0xF8, 0x07, 0x9E, 0x03, 0xE7, 0xC0, 0xF9, 0xF0,
  0x3C, 0x3C, 0x1F, 0x0F, 0x87, 0xC3, 0xE1, 0xE0, 0x78, 0xF8, 0x1F, 0x3C,
  0x03, 0xCF, 0x00, 0xF7, 0xC0, 0x3F, 0xE0, 0x07, 0xF8, 0x01, 0xFE, 0x00,
  0x3F, 0x00, 0x0F, 0xC0, 0x03, 0xE0, 0x00, 0xF8, 0x1F, 0x03, 0xDE, 0x0F,
  0xC1, 0xF7, 0xC3, 0xF0, 0x7D, 0xF0, 0xFE, 0x1E, 0x3C, 0x3B, 0x8F, 0x8F,
  0x1E, 0xE3, 0xE3, 0xE7, 0xB8, 0xF0, 0xF9, 0xCF, 0x3C, 0x1E, 0x73, 0xDF,
  0x07, 0xBC, 0x77, 0xC1, 0xEF, 0x1D, 0xE0, 0x3F, 0x87, 0x78, 0x0F, 0xE1,
  0xFE, 0x03, 0xF8, 0x3F, 0x00, 0xFE, 0x0F, 0xC0, 0x1F, 0x03, 0xF0, 0x07,
  0xC0, 0xFC, 0x00, 0x7C, 0x0F, 0x9F, 0x87, 0xE3, 0xE1, 0xF0, 0x7C, 0xF8,
  0x1F, 0x3E, 0x03, 0xFF, 0x00, 0x7F, 0x80, 0x1F, 0xE0, 0x03, 0xF0, 0x01,
  0xFE, 0x00, 0xFF, 0x80, 0x3F, 0xF0, 0x1F, 0x3E, 0x0F, 0xCF, 0x83, 0xE1,
  0xF1, 0xF0, 0x3E, 0xFC, 0x0F, 0x80, 0xF8, 0x07, 0x9F, 0x03, 0xE7, 0xC0,
  0xF9, 0xF0, 0x3C, 0x3E, 0x1F, 0x0F, 0x87, 0xC1, 0xE3, 0xE0, 0x7C, 0xF8,
  0x1F, 0x3C, 0x03, 0xDF, 0x00, 0xFF, 0xC0, 0x1F, 0xE0, 0x07, 0xF8, 0x01,
  0xFE, 0x00, 0x3F, 0x00, 0x0F, 0xC0, 0x01, 0xE0, 0x00, 0xF8, 0x00, 0x3E,
  0x00, 0x1F, 0x00, 0x7F, 0xC0, 0x1F, 0xE0, 0x07, 0xF0, 0x01, 0xF0, 0x00,
  0xFF, 0xFF, 0xFF, 0xFF, 0xFF, 0xFF, 0xF0, 0x1F, 0x01, 0xF0, 0x1F, 0x00,
  0xF8, 0x0F, 0x80, 0xF8, 0x07, 0x80, 0x7C, 0x07, 0xC0, 0x7F, 0xFF, 0xFF,
  0xFF, 0xFF, 0xFF, 0xF8, 0x01, 0xE0, 0xFC, 0x1F, 0x87, 0xE0, 0xF8, 0x1E,
  0x03, 0xC0, 0x78, 0x0F, 0x01, 0xE0, 0x3C, 0x7F, 0x8F, 0xE1, 0xF8, 0x3F,
  0xC0, 0xF8, 0x0F, 0x01, 0xE0, 0x3C, 0x07, 0x80, 0xF0, 0x1E, 0x03, 0xE0,
  0x7E, 0x07, 0xE0, 0xFC, 0x07, 0x80, 0xFF, 0xFF, 0xFF, 0xFF, 0xFF, 0xFF,
  0xFF, 0xFF, 0xFF, 0xFF, 0xFF, 0xC0, 0xF8, 0x1F, 0x83, 0xF8, 0x3F, 0x01,
  0xE0, 0x3C, 0x07, 0x80, 0xF0, 0x1E, 0x03, 0xC0, 0x7C, 0x0F, 0xF0, 0xFE,
  0x07, 0xC3, 0xF8, 0xF8, 0x1E, 0x03, 0xC0, 0x78, 0x0F, 0x01, 0xE0, 0x3C,
  0x07, 0x83, 0xF0, 0xFE, 0x1F, 0x83, 0xC0, 0x00, 0x3E, 0x03, 0xFF, 0x8F,
  0xFF, 0xFF, 0x3F, 0xF8, 0x0F, 0xC0, 0x00, 0x00, 0x00, 0x00, 0x00, 0x00,
  0x00, 0x00, 0x00, 0x00, 0x00, 0x00, 0x00, 0x00, 0x00, 0x00, 0x00, 0x00,
  0x00, 0x00, 0x00, 0x00, 0x00, 0x00, 0x00, 0x00, 0x00, 0x00, 0x00, 0x00,
  0x00, 0x00, 0x00, 0x00, 0x77, 0xFF, 0xFF, 0x00, 0x00, 0x77, 0xBD, 0xEF,
  0x7F, 0xFF, 0xFF, 0xFF, 0xFF, 0xFF, 0xE0, 0x01, 0x80, 0x06, 0x00, 0x7F,
  0x07, 0xFF, 0x3F, 0xF9, 0xFF, 0xE7, 0xC0, 0x3E, 0x00, 0xF8, 0x03, 0xE0,
  0x0F, 0x80, 0x3E, 0x00, 0xF8, 0x03, 0xE0, 0x07, 0xC0, 0x9F, 0xFE, 0x3F,
  0xF8, 0x7F, 0xE0, 0x7F, 0x00, 0x60, 0x01, 0x80, 0x06, 0x00, 0x01, 0xF8,
  0x07, 0xFE, 0x0F, 0xFE, 0x1F, 0xFE, 0x1F, 0x04, 0x1F, 0x00, 0x1F, 0x00,
  0x1F, 0x00, 0x1F, 0x00, 0xFF, 0xF8, 0xFF, 0xF8, 0xFF, 0xF8, 0x1F, 0x00,
  0x1F, 0x00, 0x1F, 0x00, 0x1E, 0x00, 0x3E, 0x00, 0x3C, 0x00, 0xFF, 0xFF,
  0xFF, 0xFF, 0xFF, 0xFF, 0xFF, 0xFF, 0x40, 0x13, 0xFE, 0xEF, 0xFF, 0xDF,
  0xFE, 0x7C, 0xF1, 0xC1, 0xE7, 0x03, 0x9C, 0x0E, 0x70, 0x79, 0xE3, 0xC7,
  0xFF, 0xBF, 0xFF, 0xFF, 0xB9, 0x00, 0x40, 0xF8, 0x07, 0x9F, 0x03, 0xE7,
  0xC0, 0xF0, 0xF0, 0x7C, 0x3E, 0x1E, 0x07, 0x8F, 0x81, 0xF3, 0xC0, 0x3C,
  0xF0, 0x0F, 0xF8, 0x01, 0xFE, 0x00, 0x7F, 0x00, 0x7F, 0xF8, 0x1F, 0xFE,
  0x07, 0xFF, 0x80, 0x1E, 0x00, 0x07, 0x80, 0x1F, 0xFE, 0x07, 0xFF, 0x81,
  0xFF, 0xE0, 0x07, 0x80, 0x01, 0xE0, 0x00, 0x78, 0x00, 0xFF, 0xFF, 0xFF,
  0xFF, 0xF0, 0x00, 0x03, 0xFF, 0xFF, 0xFF, 0xFF, 0xC0, 0x1F, 0x87, 0xFE,
  0xFF, 0xEF, 0x06, 0xF0, 0x0F, 0x00, 0xFC, 0x07, 0xF0, 0x7F, 0xCF, 0x7E,
  0xE1, 0xEE, 0x0F, 0xF0, 0xFF, 0x8E, 0x7F, 0xE3, 0xFC, 0x0F, 0xE0, 0x3E,
  0x00, 0xF0, 0x0F, 0xC1, 0xEF, 0xFE, 0xFF, 0xC7, 0xF0, 0x71, 0xDE, 0x7F,
  0xCF, 0xB8, 0xE0, 0x01, 0xFC, 0x00, 0x1F, 0xFE, 0x00, 0xF0, 0x3C, 0x0F,
  0x00, 0x38, 0x30, 0x7C, 0x71, 0x87, 0xF8, 0xEE, 0x3C, 0x61, 0xB0, 0xE0,
  0x07, 0xC7, 0x00, 0x0F, 0x1C, 0x00, 0x3C, 0x70, 0x00, 0xF1, 0xC0, 0x03,
  0xC7, 0x00, 0x0F, 0x1C, 0x00, 0x3C, 0x38, 0x01, 0xF8, 0xF0, 0x86, 0x61,
  0xFE, 0x39, 0xC3, 0xF1, 0xC3, 0xC0, 0x0E, 0x07, 0xC0, 0xF0, 0x07, 0xFF,
  0x80, 0x07, 0xF0, 0x00, 0x3F, 0x3F, 0xE7, 0x78, 0x0E, 0x1F, 0xDF, 0xFE,
  0x3F, 0x8F, 0xE7, 0xFF, 0xF7, 0x9C, 0x06, 0x04, 0x03, 0xC7, 0x83, 0xE7,
  0xC3, 0xE3, 0xC3, 0xE3, 0xE3, 0xE3, 0xE3, 0xE3, 0xE1, 0xF1, 0xF0, 0x7C,
  0x7C, 0x1F, 0x1F, 0x07, 0xC7, 0x81, 0xF3, 0xE0, 0x78, 0xF0, 0x30, 0x20,
  0xFF, 0xFF, 0xFF, 0xFF, 0xFF, 0xF8, 0x00, 0x70, 0x00, 0xE0, 0x01, 0xC0,
  0x03, 0x80, 0x07, 0x00, 0x0E, 0xFF, 0xFF, 0xFF, 0xFF, 0x01, 0xFC, 0x00,
  0x1F, 0xFE, 0x00, 0xF0, 0x3C, 0x0F, 0x00, 0x38, 0x33, 0xF8, 0x71, 0x8F,
  0xF8, 0xEE, 0x38, 0xE1, 0xB0, 0xE1, 0x87, 0xC3, 0x86, 0x0F, 0x0E, 0x38,
  0x3C, 0x3F, 0xC0, 0xF0, 0xFE, 0x03, 0xC3, 0x9C, 0x0F, 0x0E, 0x30, 0x3C,
  0x38, 0xE1, 0xF8, 0xE1, 0xC6, 0x63, 0x83, 0x39, 0xC0, 0x01, 0xC3, 0xC0,
  0x0E, 0x07, 0xC0, 0xF0, 0x07, 0xFF, 0x80, 0x07, 0xF0, 0x00, 0xFF, 0xFF,
  0xFF, 0xFF, 0xFF, 0xFF, 0x1F, 0x07, 0xF9, 0xFF, 0x78, 0xFE, 0x0F, 0xC1,
  0xFC, 0x7B, 0xFE, 0x3F, 0xC3, 0xE0, 0x03, 0xC0, 0x07, 0x80, 0x0F, 0x00,
  0x1E, 0x00, 0x3C, 0x00, 0x78, 0x3F, 0xFF, 0xFF, 0xFF, 0xFF, 0xFE, 0x07,
  0x80, 0x0F, 0x00, 0x1E, 0x00, 0x3C, 0x00, 0x78, 0x00, 0xF0, 0x00, 0x00,
  0xFF, 0xFF, 0xFF, 0xFF, 0xFF, 0xF8, 0x3E, 0x3F, 0xEF, 0xF9, 0x9E, 0x03,
  0x81, 0xE0, 0xF0, 0x78, 0x3C, 0x1E, 0x0F, 0xFF, 0xFF, 0xFF, 0xC0, 0x3E,
  0x3F, 0xC7, 0xF9, 0x0E, 0x03, 0x83, 0xC3, 0xE0, 0xFC, 0x03, 0xA0, 0xEF,
  0xFB, 0xFE, 0x7E, 0x00, 0x1F, 0x8F, 0x8F, 0x8F, 0x0F, 0x00, 0xF8, 0x1F,
  0xF8, 0x1F, 0xF8, 0x1F, 0xF8, 0x1F, 0xF8, 0x1F, 0xF8, 0x1F, 0xF8, 0x1F,
  0xF8, 0x1F, 0xF8, 0x1F, 0xF8, 0x1F, 0xF8, 0x1F, 0xF8, 0x1F, 0xFC, 0x3F,
  0xFF, 0xFF, 0xFF, 0xFF, 0xFF, 0xEF, 0xFB, 0xCF, 0xF8, 0x00, 0xF8, 0x00,
  0xF8, 0x00, 0xF8, 0x00, 0xF8, 0x00, 0xF8, 0x00, 0xF8, 0x00, 0x0F, 0xFF,
  0x3F, 0xFF, 0x7F, 0xFF, 0xFF, 0xE7, 0xFF, 0xE7, 0xFF, 0xE7, 0xFF, 0xE7,
  0xFF, 0xE7, 0xFF, 0xE7, 0xFF, 0xE7, 0xFF, 0xE7, 0xFF, 0xE7, 0xFF, 0xE7,
  0x7F, 0xE7, 0x3F, 0xE7, 0x1F, 0xE7, 0x00, 0xE7, 0x00, 0xE7, 0x00, 0xE7,
  0x00, 0xE7, 0x00, 0xE7, 0x00, 0xE7, 0x00, 0xE7, 0x00, 0xE7, 0x00, 0xE7,
  0x00, 0xE7, 0x00, 0xE7, 0x00, 0xE7, 0xF7, 0xFF, 0xF7, 0x00, 0x38, 0x78,
  0x78, 0x7F, 0xFF, 0xFF, 0x00, 0x0F, 0x1F, 0x3F, 0xFF, 0x6F, 0x0F, 0x0F,
  0x0F, 0x0F, 0x0F, 0x0F, 0x0F, 0x0F, 0x1E, 0x1F, 0xEF, 0xFB, 0x87, 0xE1,
  0xF8, 0x7E, 0x1F, 0x87, 0x7F, 0xDF, 0xE1, 0xE0, 0x10, 0x30, 0x3C, 0x78,
  0x1F, 0x3E, 0x07, 0x8F, 0x83, 0xE3, 0xE0, 0xF8, 0xF8, 0x3E, 0x3E, 0x1F,
  0x1F, 0x1F, 0x1F, 0x1F, 0x1F, 0x0F, 0x1F, 0x0F, 0x9F, 0x07, 0x8F, 0x00,
  0x81, 0x80, 0x0E, 0x00, 0xE0, 0x3E, 0x01, 0xE0, 0x7E, 0x01, 0xC0, 0xFE,
  0x03, 0xC0, 0x4E, 0x03, 0x80, 0x0E, 0x07, 0x80, 0x0E, 0x0F, 0x00, 0x0E,
  0x0F, 0x00, 0x0E, 0x1E, 0x00, 0x0E, 0x1C, 0x1E, 0x0E, 0x3C, 0x3E, 0x0E,
  0x38, 0x7E, 0x0E, 0x78, 0x7E, 0x00, 0x70, 0xFE, 0x00, 0xF1, 0xDE, 0x01,
  0xE1, 0x9E, 0x01, 0xE3, 0x9E, 0x03, 0xC7, 0xFF, 0x03, 0x87, 0xFF, 0x07,
  0x87, 0xFF, 0x07, 0x00, 0x1E, 0x0F, 0x00, 0x1E, 0x0E, 0x00, 0xE0, 0x1F,
  0x00, 0xF0, 0x1F, 0x80, 0x70, 0x1F, 0xC0, 0x78, 0x04, 0xE0, 0x38, 0x00,
  0x70, 0x3C, 0x00, 0x38, 0x3C, 0x00, 0x1C, 0x1E, 0x00, 0x0E, 0x1E, 0x7E,
  0x07, 0x0E, 0x7F, 0x83, 0x8F, 0x7F, 0xC1, 0xC7, 0x18, 0xF0, 0xE7, 0x80,
  0x78, 0x03, 0x80, 0x38, 0x03, 0xC0, 0x3C, 0x03, 0xC0, 0x3C, 0x01, 0xE0,
  0x3C, 0x01, 0xE0, 0x3C, 0x00, 0xE0, 0x3C, 0x00, 0xF0, 0x3F, 0xF0, 0x70,
  0x1F, 0xF8, 0x78, 0x0F, 0xFC, 0x3F, 0x00, 0x78, 0x3F, 0xC0, 0x78, 0x1F,
  0xE0, 0x38, 0x00, 0x78, 0x3C, 0x00, 0x38, 0x1C, 0x00, 0x3C, 0x1E, 0x00,
  0xF8, 0x0E, 0x00, 0x7F, 0x0F, 0x00, 0x03, 0xCF, 0x00, 0x00, 0xE7, 0x8F,
  0x20, 0xF7, 0x8F, 0x9F, 0xFB, 0x87, 0xCF, 0xFB, 0xC7, 0xE1, 0xF9, 0xC7,
  0xF0, 0x01, 0xE3, 0x78, 0x00, 0xE3, 0xBC, 0x00, 0xF3, 0x9E, 0x00, 0xF1,
  0xFF, 0xC0, 0x78, 0xFF, 0xE0, 0x78, 0x7F, 0xF0, 0x38, 0x01, 0xE0, 0x3C,
  0x00, 0xF0, 0x03, 0x80, 0x1F, 0x00, 0x7C, 0x01, 0xF0, 0x03, 0x80, 0x00,
  0x00, 0x00, 0x00, 0x00, 0x03, 0xC0, 0x0F, 0x00, 0x7C, 0x03, 0xE0, 0x1F,
  0x00, 0xF8, 0x07, 0xC0, 0x3E, 0x00, 0xF0, 0x03, 0xC0, 0x0F, 0x81, 0xBF,
  0xFE, 0x7F, 0xF8, 0xFF, 0xE1, 0xFC, 0x00, 0x07, 0xE0, 0x00, 0x0F, 0x00,
  0x00, 0x3C, 0x00, 0x00, 0xF0, 0x00, 0x03, 0xC0, 0x00, 0x00, 0x00, 0x00,
  0x00, 0x00, 0x1F, 0x80, 0x01, 0xFC, 0x00, 0x0F, 0xE0, 0x00, 0x7F, 0x80,
  0x07, 0xBC, 0x00, 0x3D, 0xF0, 0x03, 0xE7, 0x80, 0x1F, 0x3C, 0x00, 0xF1,
  0xF0, 0x0F, 0x87, 0x80, 0x7C, 0x3C, 0x03, 0xC1, 0xF0, 0x3E, 0x0F, 0x81,
  0xFF, 0xFC, 0x0F, 0xFF, 0xF0, 0xFF, 0xFF, 0x87, 0xFF, 0xFC, 0x3E, 0x01,
  0xF3, 0xE0, 0x0F, 0x9F, 0x00, 0x3E, 0xF8, 0x01, 0xFF, 0x80, 0x0F, 0x80,
  0x00, 0x1F, 0x80, 0x00, 0xF8, 0x00, 0x0F, 0x80, 0x00, 0xF0, 0x00, 0x0F,
  0x00, 0x00, 0x00, 0x00, 0x00, 0x00, 0x00, 0x1F, 0x80, 0x01, 0xFC, 0x00,
  0x0F, 0xE0, 0x00, 0x7F, 0x80, 0x07, 0xBC, 0x00, 0x3D, 0xF0, 0x03, 0xE7,
  0x80, 0x1F, 0x3C, 0x00, 0xF1, 0xF0, 0x0F, 0x87, 0x80, 0x7C, 0x3C, 0x03,
  0xC1, 0xF0, 0x3E, 0x0F, 0x81, 0xFF, 0xFC, 0x0F, 0xFF, 0xF0, 0xFF, 0xFF,
  0x87, 0xFF, 0xFC, 0x3E, 0x01, 0xF3, 0xE0, 0x0F, 0x9F, 0x00, 0x3E, 0xF8,
  0x01, 0xFF, 0x80, 0x0F, 0x80, 0x00, 0xFC, 0x00, 0x0F, 0xF0, 0x00, 0xFF,
  0x80, 0x0F, 0x9E, 0x00, 0xF0, 0x78, 0x00, 0x00, 0x00, 0x00, 0x00, 0x00,
  0x1F, 0x80, 0x01, 0xFC, 0x00, 0x0F, 0xE0, 0x00, 0x7F, 0x80, 0x07, 0xBC,
  0x00, 0x3D, 0xF0, 0x03, 0xE7, 0x80, 0x1F, 0x3C, 0x00, 0xF1, 0xF0, 0x0F,
  0x87, 0x80, 0x7C, 0x3C, 0x03, 0xC1, 0xF0, 0x3E, 0x0F, 0x81, 0xFF, 0xFC,
  0x0F, 0xFF, 0xF0, 0xFF, 0xFF, 0x87, 0xFF, 0xFC, 0x3E, 0x01, 0xF3, 0xE0,
  0x0F, 0x9F, 0x00, 0x3E, 0xF8, 0x01, 0xFF, 0x80, 0x0F, 0x80, 0x03, 0xC3,
  0x80, 0x3F, 0x9C, 0x01, 0xFF, 0xC0, 0x1C, 0xFE, 0x00, 0xE1, 0xC0, 0x00,
  0x00, 0x00, 0x00, 0x00, 0x00, 0x1F, 0x80, 0x01, 0xFC, 0x00, 0x0F, 0xE0,
  0x00, 0x7F, 0x80, 0x07, 0xBC, 0x00, 0x3D, 0xF0, 0x03, 0xE7, 0x80, 0x1F,
  0x3C, 0x00, 0xF1, 0xF0, 0x0F, 0x87, 0x80, 0x7C, 0x3C, 0x03, 0xC1, 0xF0,
  0x3E, 0x0F, 0x81, 0xFF, 0xFC, 0x0F, 0xFF, 0xF0, 0xFF, 0xFF, 0x87, 0xFF,
  0xFC, 0x3E, 0x01, 0xF3, 0xE0, 0x0F, 0x9F, 0x00, 0x3E, 0xF8, 0x01, 0xFF,
  0x80, 0x0F, 0x80, 0x03, 0x8E, 0x00, 0x3C, 0xF8, 0x01, 0xE7, 0xC0, 0x07,
  0x1C, 0x00, 0x00, 0x00, 0x00, 0x00, 0x00, 0x03, 0xF0, 0x00, 0x3F, 0x80,
  0x01, 0xFC, 0x00, 0x0F, 0xF0, 0x00, 0xF7, 0x80, 0x07, 0xBE, 0x00, 0x7C,
  0xF0, 0x03, 0xE7, 0x80, 0x1E, 0x3E, 0x01, 0xF0, 0xF0, 0x0F, 0x87, 0x80,
  0x78, 0x3E, 0x07, 0xC1, 0xF0, 0x3F, 0xFF, 0x81, 0xFF, 0xFE, 0x1F, 0xFF,
  0xF0, 0xFF, 0xFF, 0x87, 0xC0, 0x3E, 0x7C, 0x01, 0xF3, 0xE0, 0x07, 0xDF,
  0x00, 0x3F, 0xF0, 0x01, 0xF0, 0x00, 0x78, 0x00, 0x07, 0xE0, 0x00, 0x73,
  0x80, 0x03, 0x9C, 0x00, 0x1C, 0xE0, 0x00, 0x7E, 0x00, 0x07, 0xF0, 0x00,
  0x3F, 0x80, 0x01, 0xFE, 0x00, 0x1E, 0xF0, 0x00, 0xF7, 0xC0, 0x0F, 0x9E,
  0x00, 0x7C, 0xF0, 0x03, 0xC7, 0xC0, 0x3E, 0x1E, 0x01, 0xF0, 0xF0, 0x0F,
  0x07, 0xC0, 0xF8, 0x3E, 0x07, 0xFF, 0xF0, 0x3F, 0xFF, 0xC3, 0xFF, 0xFE,
  0x1F, 0xFF, 0xF0, 0xF8, 0x07, 0xCF, 0x80, 0x3E, 0x7C, 0x00, 0xFB, 0xE0,
  0x07, 0xFE, 0x00, 0x3E, 0x00, 0x3F, 0xFF, 0xF0, 0x07, 0xFF, 0xFF, 0x00,
  0x7F, 0xFF, 0xF0, 0x0F, 0xFF, 0xFF, 0x00, 0xF3, 0xE0, 0x00, 0x1F, 0x3E,
  0x00, 0x01, 0xF3, 0xE0, 0x00, 0x1E, 0x3E, 0x00, 0x03, 0xE3, 0xFF, 0xE0,
  0x3C, 0x3F, 0xFE, 0x07, 0xC3, 0xFF, 0xE0, 0x78, 0x3F, 0xFE, 0x0F, 0x83,
  0xE0, 0x00, 0xFF, 0xFE, 0x00, 0x1F, 0xFF, 0xE0, 0x01, 0xFF, 0xFE, 0x00,
  0x3F, 0xFF, 0xE0, 0x03, 0xE0, 0x3E, 0x00, 0x3C, 0x03, 0xFF, 0xF7, 0xC0,
  0x3F, 0xFF, 0x78, 0x03, 0xFF, 0xFF, 0x80, 0x3F, 0xFF, 0x01, 0xFC, 0x07,
  0xFF, 0xC7, 0xFF, 0xC7, 0xFF, 0xE7, 0xF0, 0x73, 0xE0, 0x03, 0xF0, 0x01,
  0xF0, 0x00, 0xF8, 0x00, 0x7C, 0x00, 0x3E, 0x00, 0x1F, 0x00, 0x0F, 0x80,
  0x07, 0xC0, 0x03, 0xE0, 0x01, 0xF0, 0x00, 0x7C, 0x00, 0x3F, 0x01, 0x8F,
  0xFF, 0xC3, 0xFF, 0xE0, 0xFF, 0xF0, 0x1F, 0xE0, 0x03, 0x80, 0x01, 0xE0,
  0x00, 0x78, 0x00, 0x1C, 0x00, 0xFE, 0x00, 0x7F, 0x00, 0x3F, 0x00, 0xFC,
  0x01, 0xE0, 0x07, 0x80, 0x1E, 0x00, 0x78, 0x00, 0x00, 0x00, 0x1F, 0xFF,
  0xFF, 0xFF, 0xFF, 0xFF, 0xFF, 0xE0, 0x0F, 0x00, 0x78, 0x03, 0xC0, 0x1F,
  0xFE, 0xFF, 0xF7, 0xFF, 0xBF, 0xFD, 0xE0, 0x0F, 0x00, 0x78, 0x03, 0xC0,
  0x1E, 0x00, 0xF0, 0x07, 0xFF, 0xFF, 0xFF, 0xFF, 0xFF, 0xFF, 0x80, 0x03,
  0xF0, 0x1F, 0x01, 0xF0, 0x1E, 0x01, 0xE0, 0x00, 0x00, 0x00, 0x1F, 0xFF,
  0xFF, 0xFF, 0xFF, 0xFF, 0xFF, 0xE0, 0x0F, 0x00, 0x78, 0x03, 0xC0, 0x1F,
  0xFE, 0xFF, 0xF7, 0xFF, 0xBF, 0xFD, 0xE0, 0x0F, 0x00, 0x78, 0x03, 0xC0,
  0x1E, 0x00, 0xF0, 0x07, 0xFF, 0xFF, 0xFF, 0xFF, 0xFF, 0xFF, 0x80, 0x0F,
  0xC0, 0xFF, 0x0F, 0xF8, 0xF9, 0xEF, 0x07, 0x80, 0x00, 0x00, 0x1F, 0xFF,
  0xFF, 0xFF, 0xFF, 0xFF, 0xFF, 0xE0, 0x0F, 0x00, 0x78, 0x03, 0xC0, 0x1F,
  0xFE, 0xFF, 0xF7, 0xFF, 0xBF, 0xFD, 0xE0, 0x0F, 0x00, 0x78, 0x03, 0xC0,
  0x1E, 0x00, 0xF0, 0x07, 0xFF, 0xFF, 0xFF, 0xFF, 0xFF, 0xFF, 0x80, 0x38,
  0xE3, 0xCF, 0x9E, 0x7C, 0x71, 0xC0, 0x00, 0x00, 0x03, 0xFF, 0xFF, 0xFF,
  0xFF, 0xFF, 0xFF, 0xFC, 0x01, 0xE0, 0x0F, 0x00, 0x78, 0x03, 0xFF, 0xDF,
  0xFE, 0xFF, 0xF7, 0xFF, 0xBC, 0x01, 0xE0, 0x0F, 0x00, 0x78, 0x03, 0xC0,
  0x1E, 0x00, 0xFF, 0xFF, 0xFF, 0xFF, 0xFF, 0xFF, 0xF0, 0xFC, 0x1E, 0x07,
  0x81, 0xE0, 0x78, 0x00, 0x00, 0x0F, 0x07, 0x83, 0xC1, 0xE0, 0xF0, 0x78,
  0x3C, 0x1E, 0x0F, 0x07, 0x83, 0xC1, 0xE0, 0xF0, 0x78, 0x3C, 0x1E, 0x0F,
  0x07, 0x83, 0xC1, 0xE0, 0xF0, 0x78, 0x1F, 0x8F, 0x8F, 0x8F, 0x0F, 0x00,
  0x00, 0x01, 0xE0, 0xF0, 0x78, 0x3C, 0x1E, 0x0F, 0x07, 0x83, 0xC1, 0xE0,
  0xF0, 0x78, 0x3C, 0x1E, 0x0F, 0x07, 0x83, 0xC1, 0xE0, 0xF0, 0x78, 0x3C,
  0x1E, 0x0F, 0x00, 0x0F, 0xC0, 0xFF, 0x0F, 0xF8, 0xF9, 0xEF, 0x07, 0x80,
  0x00, 0x00, 0x00, 0xF0, 0x07, 0x80, 0x3C, 0x01, 0xE0, 0x0F, 0x00, 0x78,
  0x03, 0xC0, 0x1E, 0x00, 0xF0, 0x07, 0x80, 0x3C, 0x01, 0xE0, 0x0F, 0x00,
  0x78, 0x03, 0xC0, 0x1E, 0x00, 0xF0, 0x07, 0x80, 0x3C, 0x01, 0xE0, 0x0F,
  0x00, 0x78, 0x00, 0x71, 0xDE, 0x7F, 0xCF, 0xB8, 0xE0, 0x00, 0x00, 0x07,
  0x80, 0xF0, 0x1E, 0x03, 0xC0, 0x78, 0x0F, 0x01, 0xE0, 0x3C, 0x07, 0x80,
  0xF0, 0x1E, 0x03, 0xC0, 0x78, 0x0F, 0x01, 0xE0, 0x3C, 0x07, 0x80, 0xF0,
  0x1E, 0x03, 0xC0, 0x78, 0x0F, 0x00, 0x3F, 0xF8, 0x03, 0xFF, 0xE0, 0x3F,
  0xFF, 0x83, 0xFF, 0xFC, 0x3C, 0x0F, 0xE3, 0xC0, 0x3E, 0x3C, 0x03, 0xE3,
  0xC0, 0x1F, 0x3C, 0x01, 0xFF, 0xFC, 0x1F, 0xFF, 0xC1, 0xFF, 0xFC, 0x1F,
  0xFF, 0xC1, 0xF3, 0xC0, 0x1F, 0x3C, 0x01, 0xF3, 0xC0, 0x3E, 0x3C, 0x07,
  0xE3, 0xC0, 0xFC, 0x3F, 0xFF, 0xC3, 0xFF, 0xF8, 0x3F, 0xFE, 0x03, 0xFF,
  0x00, 0x07, 0x87, 0x01, 0xFC, 0xE0, 0x3F, 0xF8, 0x0E, 0x7F, 0x01, 0xC3,
  0x80, 0x00, 0x00, 0x00, 0x00, 0x07, 0xE0, 0x0F, 0xFE, 0x01, 0xFF, 0xC0,
  0x3F, 0xFC, 0x07, 0xFF, 0x80, 0xFF, 0xF8, 0x1F, 0xFF, 0x83, 0xFD, 0xF0,
  0x7F, 0x9F, 0x0F, 0xF3, 0xE1, 0xFE, 0x3E, 0x3F, 0xC7, 0xC7, 0xF8, 0x7C,
  0xFF, 0x07, 0xDF, 0xE0, 0xFB, 0xFC, 0x0F, 0xFF, 0x81, 0xFF, 0xF0, 0x1F,
  0xFE, 0x03, 0xFF, 0xC0, 0x3F, 0xF8, 0x03, 0xFF, 0x00, 0x7E, 0x0F, 0xC0,
  0x00, 0x1E, 0x00, 0x00, 0x78, 0x00, 0x01, 0xE0, 0x00, 0x07, 0x80, 0x00,
  0x00, 0x00, 0x00, 0x00, 0x00, 0x3F, 0x80, 0x0F, 0xFF, 0x80, 0xFF, 0xFE,
  0x0F, 0xFF, 0xF8, 0xFE, 0x0F, 0xC7, 0xC0, 0x3F, 0x7E, 0x00, 0xFB, 0xE0,
  0x07, 0xDF, 0x00, 0x1F, 0xF8, 0x00, 0xFF, 0xC0, 0x07, 0xFE, 0x00, 0x3F,
  0xF0, 0x01, 0xFF, 0x80, 0x0F, 0xFC, 0x00, 0xFF, 0xF0, 0x07, 0xCF, 0x80,
  0x7E, 0x7F, 0x07, 0xE1, 0xFF, 0xFF, 0x07, 0xFF, 0xF0, 0x1F, 0xFE, 0x00,
  0x3F, 0xC0, 0x00, 0x00, 0x3F, 0x00, 0x01, 0xF0, 0x00, 0x1F, 0x00, 0x01,
  0xE0, 0x00, 0x1E, 0x00, 0x00, 0x00, 0x00, 0x00, 0x00, 0x00, 0x3F, 0x80,
  0x0F, 0xFF, 0x80, 0xFF, 0xFE, 0x0F, 0xFF, 0xF8, 0xFE, 0x0F, 0xC7, 0xC0,
  0x3F, 0x7E, 0x00, 0xFB, 0xE0, 0x07, 0xDF, 0x00, 0x1F, 0xF8, 0x00, 0xFF,
  0xC0, 0x07, 0xFE, 0x00, 0x3F, 0xF0, 0x01, 0xFF, 0x80, 0x0F, 0xFC, 0x00,
  0xFF, 0xF0, 0x07, 0xCF, 0x80, 0x7E, 0x7F, 0x07, 0xE1, 0xFF, 0xFF, 0x07,
  0xFF, 0xF0, 0x1F, 0xFE, 0x00, 0x3F, 0xC0, 0x00, 0x00, 0xFC, 0x00, 0x0F,
  0xF0, 0x00, 0xFF, 0x80, 0x0F, 0x9E, 0x00, 0xF0, 0x78, 0x00, 0x00, 0x00,
  0x00, 0x00, 0x00, 0x3F, 0x80, 0x0F, 0xFF, 0x80, 0xFF, 0xFE, 0x0F, 0xFF,
  0xF8, 0xFE, 0x0F, 0xC7, 0xC0, 0x3F, 0x7E, 0x00, 0xFB, 0xE0, 0x07, 0xDF,
  0x00, 0x1F, 0xF8, 0x00, 0xFF, 0xC0, 0x07, 0xFE, 0x00, 0x3F, 0xF0, 0x01,
  0xFF, 0x80, 0x0F, 0xFC, 0x00, 0xFF, 0xF0, 0x07, 0xCF, 0x80, 0x7E, 0x7F,
  0x07, 0xE1, 0xFF, 0xFF, 0x07, 0xFF, 0xF0, 0x1F, 0xFE, 0x00, 0x3F, 0xC0,
  0x00, 0x03, 0xC3, 0x80, 0x3F, 0x9C, 0x01, 0xFF, 0xC0, 0x1C, 0xFE, 0x00,
  0xE1, 0xC0, 0x00, 0x00, 0x00, 0x00, 0x00, 0x00, 0x3F, 0x80, 0x0F, 0xFF,
  0x80, 0xFF, 0xFE, 0x0F, 0xFF, 0xF8, 0xFE, 0x0F, 0xC7, 0xC0, 0x3F, 0x7E,
  0x00, 0xFB, 0xE0, 0x07, 0xDF, 0x00, 0x1F, 0xF8, 0x00, 0xFF, 0xC0, 0x07,
  0xFE, 0x00, 0x3F, 0xF0, 0x01, 0xFF, 0x80, 0x0F, 0xFC, 0x00, 0xFF, 0xF0,
  0x07, 0xCF, 0x80, 0x7E, 0x7F, 0x07, 0xE1, 0xFF, 0xFF, 0x07, 0xFF, 0xF0,
  0x1F, 0xFE, 0x00, 0x3F, 0xC0, 0x00, 0x03, 0x8E, 0x00, 0x3C, 0xF8, 0x01,
  0xE7, 0xC0, 0x07, 0x1C, 0x00, 0x00, 0x00, 0x00, 0x00, 0x00, 0x07, 0xF0,
  0x01, 0xFF, 0xF0, 0x1F, 0xFF, 0xC1, 0xFF, 0xFF, 0x1F, 0xC1, 0xF8, 0xF8,
  0x07, 0xEF, 0xC0, 0x1F, 0x7C, 0x00, 0xFB, 0xE0, 0x03, 0xFF, 0x00, 0x1F,
  0xF8, 0x00, 0xFF, 0xC0, 0x07, 0xFE, 0x00, 0x3F, 0xF0, 0x01, 0xFF, 0x80,
  0x1F, 0xFE, 0x00, 0xF9, 0xF0, 0x0F, 0xCF, 0xE0, 0xFC, 0x3F, 0xFF, 0xE0,
  0xFF, 0xFE, 0x03, 0xFF, 0xC0, 0x07, 0xF8, 0x00, 0x20, 0x11, 0xC0, 0xEF,
  0x87, 0xDF, 0x3E, 0x3F, 0xF0, 0x7F, 0x80, 0xFC, 0x03, 0xF0, 0x1F, 0xE0,
  0xFF, 0xC7, 0xCF, 0xBE, 0x1F, 0x70, 0x38, 0x80, 0x40, 0x00, 0x00, 0x40,
  0x0F, 0xE7, 0x03, 0xFF, 0xF8, 0x3F, 0xFF, 0x83, 0xFF, 0xFE, 0x3F, 0x83,
  0xF1, 0xF0, 0x1F, 0xDF, 0x81, 0xFE, 0xF8, 0x1F, 0xF7, 0xC1, 0xE7, 0xFE,
  0x0E, 0x3F, 0xF0, 0xF1, 0xFF, 0x8F, 0x0F, 0xFC, 0x70, 0x7F, 0xE7, 0x03,
  0xFF, 0x78, 0x3F, 0xFF, 0x81, 0xF3, 0xF8, 0x1F, 0x9F, 0xC1, 0xF8, 0x7F,
  0xFF, 0xC1, 0xFF, 0xFC, 0x1F, 0xFF, 0x80, 0xEF, 0xF0, 0x02, 0x00, 0x00,
  0x1F, 0x80, 0x01, 0xE0, 0x00, 0x3C, 0x00, 0x07, 0x80, 0x00, 0xF0, 0x00,
  0x00, 0x00, 0x00, 0x03, 0xC0, 0x1F, 0xF0, 0x07, 0xFC, 0x01, 0xFF, 0x00,
  0x7F, 0xC0, 0x1F, 0xF0, 0x07, 0xFC, 0x01, 0xFF, 0x00, 0x7F, 0xC0, 0x1F,
  0xF0, 0x07, 0xFC, 0x01, 0xFF, 0x00, 0x7F, 0xC0, 0x1F, 0xF0, 0x07, 0xFC,
  0x01, 0xFF, 0x80, 0x7F, 0xE0, 0x3E, 0xFC, 0x1F, 0x9F, 0xFF, 0xE3, 0xFF,
  0xF0, 0x7F, 0xF8, 0x07, 0xF0, 0x00, 0x00, 0x7E, 0x00, 0x1F, 0x00, 0x0F,
  0x80, 0x07, 0x80, 0x03, 0xC0, 0x00, 0x00, 0x00, 0x00, 0x03, 0xC0, 0x1F,
  0xF0, 0x07, 0xFC, 0x01, 0xFF, 0x00, 0x7F, 0xC0, 0x1F, 0xF0, 0x07, 0xFC,
  0x01, 0xFF, 0x00, 0x7F, 0xC0, 0x1F, 0xF0, 0x07, 0xFC, 0x01, 0xFF, 0x00,
  0x7F, 0xC0, 0x1F, 0xF0, 0x07, 0xFC, 0x01, 0xFF, 0x80, 0x7F, 0xE0, 0x3E,
  0xFC, 0x1F, 0x9F, 0xFF, 0xE3, 0xFF, 0xF0, 0x7F, 0xF8, 0x07, 0xF0, 0x00,
  0x03, 0xF0, 0x01, 0xFE, 0x00, 0xFF, 0x80, 0x7C, 0xF0, 0x3C, 0x1E, 0x00,
  0x00, 0x00, 0x00, 0x03, 0xC0, 0x1F, 0xF0, 0x07, 0xFC, 0x01, 0xFF, 0x00,
  0x7F, 0xC0, 0x1F, 0xF0, 0x07, 0xFC, 0x01, 0xFF, 0x00, 0x7F, 0xC0, 0x1F,
  0xF0, 0x07, 0xFC, 0x01, 0xFF, 0x00, 0x7F, 0xC0, 0x1F, 0xF0, 0x07, 0xFC,
  0x01, 0xFF, 0x80, 0x7F, 0xE0, 0x3E, 0xFC, 0x1F, 0x9F, 0xFF, 0xE3, 0xFF,
  0xF0, 0x7F, 0xF8, 0x07, 0xF0, 0x00, 0x0E, 0x38, 0x07, 0x9F, 0x01, 0xE7,
  0xC0, 0x38, 0xE0, 0x00, 0x00, 0x00, 0x00, 0x0F, 0x00, 0x7F, 0xC0, 0x1F,
  0xF0, 0x07, 0xFC, 0x01, 0xFF, 0x00, 0x7F, 0xC0, 0x1F, 0xF0, 0x07, 0xFC,
  0x01, 0xFF, 0x00, 0x7F, 0xC0, 0x1F, 0xF0, 0x07, 0xFC, 0x01, 0xFF, 0x00,
  0x7F, 0xC0, 0x1F, 0xF0, 0x07, 0xFE, 0x01, 0xFF, 0x80, 0xFB, 0xF0, 0x7E,
  0x7F, 0xFF, 0x8F, 0xFF, 0xC1, 0xFF, 0xE0, 0x1F, 0xC0, 0x00, 0x3F, 0x00,
  0x07, 0xC0, 0x01, 0xF0, 0x00, 0x78, 0x00, 0x1E, 0x00, 0x00, 0x00, 0x00,
  0x00, 0x07, 0xC0, 0x1F, 0x7C, 0x03, 0xEF, 0x80, 0xF8, 0xF8, 0x3E, 0x1F,
  0x07, 0xC1, 0xF1, 0xF0, 0x1E, 0x3E, 0x03, 0xEF, 0x80, 0x3D, 0xF0, 0x07,
  0xFC, 0x00, 0x7F, 0x80, 0x0F, 0xE0, 0x00, 0xFC, 0x00, 0x1F, 0x00, 0x03,
  0xE0, 0x00, 0x7C, 0x00, 0x0F, 0x80, 0x01, 0xF0, 0x00, 0x3E, 0x00, 0x07,
  0xC0, 0x00, 0xF8, 0x00, 0x1F, 0x00, 0xF0, 0x01, 0xE0, 0x03, 0xC0, 0x07,
  0xFF, 0x0F, 0xFF, 0x9F, 0xFF, 0xBF, 0xFF, 0x78, 0x3F, 0xF0, 0x3F, 0xE0,
  0x7F, 0xC0, 0xFF, 0x81, 0xFF, 0x03, 0xFE, 0x0F, 0xFF, 0xFF, 0x7F, 0xFC,
  0xFF, 0xF1, 0xFF, 0x83, 0xC0, 0x07, 0x80, 0x0F, 0x00, 0x1E, 0x00, 0x00,
  0x07, 0xF8, 0x03, 0xFF, 0xC0, 0xFF, 0xFC, 0x3F, 0xFF, 0xC7, 0xC0, 0xF9,
  0xF0, 0x1F, 0x3E, 0x03, 0xE7, 0xC0, 0xF8, 0xF8, 0x3E, 0x1F, 0x0F, 0x83,
  0xE3, 0xE0, 0x7C, 0x7C, 0x0F, 0x8F, 0xC1, 0xF1, 0xFC, 0x3E, 0x1F, 0xE7,
  0xC0, 0xFE, 0xF8, 0x0F, 0xDF, 0x00, 0x7F, 0xE0, 0x0F, 0xFC, 0x81, 0xFF,
  0x9C, 0xFF, 0xF3, 0xFF, 0xBE, 0x7F, 0xE7, 0xC7, 0xF8, 0x3F, 0x00, 0x1E,
  0x00, 0x1E, 0x00, 0x1E, 0x00, 0x1E, 0x00, 0x00, 0x00, 0x00, 0x03, 0xF8,
  0x3F, 0xFC, 0x7F, 0xFC, 0x7D, 0xF8, 0x81, 0xF0, 0x01, 0xE0, 0x03, 0xC3,
  0xFF, 0x9F, 0xFF, 0x7F, 0xFF, 0xF8, 0x3F, 0xE0, 0x7F, 0xC1, 0xFF, 0xEF,
  0xEF, 0xFF, 0xDF, 0xF3, 0x8F, 0xC7, 0x00, 0xFC, 0x01, 0xF0, 0x07, 0xC0,
  0x1E, 0x00, 0x78, 0x00, 0x00, 0x00, 0x00, 0x03, 0xF8, 0x3F, 0xFC, 0x7F,
  0xFC, 0x7D, 0xF8, 0x81, 0xF0, 0x01, 0xE0, 0x03, 0xC3, 0xFF, 0x9F, 0xFF,
  0x7F, 0xFF, 0xF8, 0x3F, 0xE0, 0x7F, 0xC1, 0xFF, 0xEF, 0xEF, 0xFF, 0xDF,
  0xF3, 0x8F, 0xC7, 0x03, 0xF0, 0x0F, 0xF0, 0x3F, 0xE0, 0xF9, 0xE3, 0xC1,
  0xE0, 0x00, 0x00, 0x00, 0x03, 0xF8, 0x3F, 0xFC, 0x7F, 0xFC, 0x7D, 0xF8,
  0x81, 0xF0, 0x01, 0xE0, 0x03, 0xC3, 0xFF, 0x9F, 0xFF, 0x7F, 0xFF, 0xF8,
  0x3F, 0xE0, 0x7F, 0xC1, 0xFF, 0xEF, 0xEF, 0xFF, 0xDF, 0xF3, 0x8F, 0xC7,
  0x0F, 0x0E, 0x3F, 0x9C, 0x7F, 0xF1, 0xCF, 0xE3, 0x87, 0x00, 0x00, 0x00,
  0x00, 0x03, 0xF8, 0x3F, 0xFC, 0x7F, 0xFC, 0x7D, 0xF8, 0x81, 0xF0, 0x01,
  0xE0, 0x03, 0xC3, 0xFF, 0x9F, 0xFF, 0x7F, 0xFF, 0xF8, 0x3F, 0xE0, 0x7F,
  0xC1, 0xFF, 0xEF, 0xEF, 0xFF, 0xDF, 0xF3, 0x8F, 0xC7, 0x0E, 0x38, 0x3C,
  0xF8, 0x79, 0xF0, 0x71, 0xC0, 0x00, 0x00, 0x00, 0x01, 0xFC, 0x1F, 0xFE,
  0x3F, 0xFE, 0x3E, 0xFC, 0x40, 0xF8, 0x00, 0xF0, 0x01, 0xE1, 0xFF, 0xCF,
  0xFF, 0xBF, 0xFF, 0xFC, 0x1F, 0xF0, 0x3F, 0xE0, 0xFF, 0xF7, 0xF7, 0xFF,
  0xEF, 0xF9, 0xC7, 0xE3, 0x80, 0x03, 0xC0, 0x0F, 0xC0, 0x39, 0xC0, 0x73,
  0x80, 0xE7, 0x00, 0xFC, 0x00, 0xF0, 0x00, 0x00, 0x00, 0x00, 0x0F, 0xE0,
  0xFF, 0xF1, 0xFF, 0xF1, 0xF7, 0xE2, 0x07, 0xC0, 0x07, 0x80, 0x0F, 0x0F,
  0xFE, 0x7F, 0xFD, 0xFF, 0xFF, 0xE0, 0xFF, 0x81, 0xFF, 0x07, 0xFF, 0xBF,
  0xBF, 0xFF, 0x7F, 0xCE, 0x3F, 0x1C, 0x07, 0xE0, 0xFC, 0x0F, 0xFE, 0xFF,
  0xC3, 0xFF, 0xFF, 0xF0, 0x7B, 0xFE, 0x3E, 0x10, 0x3F, 0x07, 0xC0, 0x0F,
  0xC0, 0xF0, 0x1F, 0xE0, 0x3C, 0x7F, 0xFF, 0xFF, 0x7F, 0xFF, 0xFF, 0xDF,
  0x0F, 0xFF, 0xFF, 0x83, 0xE0, 0x03, 0xE0, 0xF8, 0x00, 0xF8, 0x3F, 0x00,
  0x1F, 0xBF, 0xFB, 0xE7, 0xFF, 0x7F, 0xF8, 0xFF, 0x8F, 0xFE, 0x1F, 0x80,
  0xFE, 0x00, 0x07, 0xF0, 0x7F, 0xF3, 0xFF, 0x8F, 0xFE, 0x7C, 0x09, 0xF0,
  0x07, 0x80, 0x3E, 0x00, 0xF8, 0x03, 0xE0, 0x0F, 0x80, 0x1F, 0x00, 0x7C,
  0x09, 0xFF, 0xE3, 0xFF, 0x87, 0xFE, 0x07, 0xF0, 0x0E, 0x00, 0x3C, 0x00,
  0x78, 0x00, 0xE0, 0x3F, 0x80, 0xFE, 0x03, 0xF0, 0x3F, 0x00, 0x0F, 0x00,
  0x07, 0x80, 0x03, 0xC0, 0x01, 0xE0, 0x00, 0x00, 0x00, 0x00, 0x07, 0xF0,
  0x1F, 0xF8, 0x3F, 0xFC, 0x3E, 0x7E, 0x7C, 0x1E, 0x78, 0x1F, 0x78, 0x0F,
  0xFF, 0xFF, 0xFF, 0xFF, 0xFF, 0xFF, 0x78, 0x00, 0x78, 0x00, 0x7C, 0x02,
  0x3F, 0xBE, 0x3F, 0xFE, 0x0F, 0xFE, 0x03, 0xF8, 0x00, 0xFC, 0x00, 0xF8,
  0x01, 0xF0, 0x03, 0xC0, 0x07, 0x80, 0x00, 0x00, 0x00, 0x00, 0x07, 0xF0,
  0x1F, 0xF8, 0x3F, 0xFC, 0x3E, 0x7E, 0x7C, 0x1E, 0x78, 0x1F, 0x78, 0x0F,
  0xFF, 0xFF, 0xFF, 0xFF, 0xFF, 0xFF, 0x78, 0x00, 0x78, 0x00, 0x7C, 0x02,
  0x3F, 0xBE, 0x3F, 0xFE, 0x0F, 0xFE, 0x03, 0xF8, 0x07, 0xE0, 0x0F, 0xF0,
  0x1F, 0xF0, 0x3E, 0x78, 0x78, 0x3C, 0x00, 0x00, 0x00, 0x00, 0x07, 0xF0,
  0x1F, 0xF8, 0x3F, 0xFC, 0x3E, 0x7E, 0x7C, 0x1E, 0x78, 0x1F, 0x78, 0x0F,
  0xFF, 0xFF, 0xFF, 0xFF, 0xFF, 0xFF, 0x78, 0x00, 0x78, 0x00, 0x7C, 0x02,
  0x3F, 0xBE, 0x3F, 0xFE, 0x0F, 0xFE, 0x03, 0xF8, 0x0E, 0x38, 0x1E, 0x7C,
  0x1E, 0x7C, 0x0E, 0x38, 0x00, 0x00, 0x00, 0x00, 0x07, 0xF0, 0x1F, 0xF8,
  0x3F, 0xFC, 0x3E, 0x7E, 0x7C, 0x1E, 0x78, 0x1F, 0x78, 0x0F, 0xFF, 0xFF,
  0xFF, 0xFF, 0xFF, 0xFF, 0x78, 0x00, 0x78, 0x00, 0x7C, 0x02, 0x3F, 0xBE,
  0x3F, 0xFE, 0x0F, 0xFE, 0x03, 0xF8, 0xFC, 0x1E, 0x07, 0x81, 0xE0, 0x78,
  0x00, 0x00, 0x3E, 0x1F, 0x0F, 0x87, 0xC3, 0xE1, 0xF0, 0xF8, 0x7C, 0x3E,
  0x1F, 0x0F, 0x87, 0xC3, 0xE1, 0xF0, 0xF8, 0x7C, 0x3E, 0x1F, 0x8F, 0x8F,
  0x8F, 0x0F, 0x00, 0x00, 0x01, 0xF0, 0xF8, 0x7C, 0x3E, 0x1F, 0x0F, 0x87,
  0xC3, 0xE1, 0xF0, 0xF8, 0x7C, 0x3E, 0x1F, 0x0F, 0x87, 0xC3, 0xE1, 0xF0,
  0x0F, 0xC0, 0xFF, 0x0F, 0xF8, 0xF9, 0xEF, 0x07, 0x80, 0x00, 0x00, 0x01,
  0xF0, 0x0F, 0x80, 0x7C, 0x03, 0xE0, 0x1F, 0x00, 0xF8, 0x07, 0xC0, 0x3E,
  0x01, 0xF0, 0x0F, 0x80, 0x7C, 0x03, 0xE0, 0x1F, 0x00, 0xF8, 0x07, 0xC0,
  0x3E, 0x01, 0xF0, 0x71, 0xDE, 0x7F, 0xCF, 0xB8, 0xE0, 0x00, 0x00, 0x07,
  0xC0, 0xF8, 0x1F, 0x03, 0xE0, 0x7C, 0x0F, 0x81, 0xF0, 0x3E, 0x07, 0xC0,
  0xF8, 0x1F, 0x03, 0xE0, 0x7C, 0x0F, 0x81, 0xF0, 0x3E, 0x07, 0xC0, 0x02,
  0x04, 0x03, 0xCE, 0x01, 0xFF, 0x80, 0x7F, 0x00, 0x3F, 0x80, 0x3F, 0xE0,
  0x3D, 0xF0, 0x0C, 0x7C, 0x00, 0x1E, 0x03, 0xE7, 0x87, 0xFF, 0xC7, 0xFF,
  0xE7, 0xF7, 0xFB, 0xE0, 0xFD, 0xE0, 0x3F, 0xF0, 0x1F, 0xF8, 0x0F, 0xFC,
  0x07, 0xDE, 0x03, 0xCF, 0x83, 0xE7, 0xF7, 0xE1, 0xFF, 0xF0, 0x7F, 0xF0,
  0x0F, 0xE0, 0x0F, 0x0E, 0x1F, 0xCE, 0x1F, 0xFC, 0x39, 0xFC, 0x38, 0x70,
  0x00, 0x00, 0x00, 0x00, 0xF1, 0xF8, 0xF3, 0xFC, 0xFF, 0xFE, 0xFF, 0xFF,
  0xFC, 0x1F, 0xFC, 0x1F, 0xF8, 0x1F, 0xF8, 0x1F, 0xF8, 0x1F, 0xF8, 0x1F,
  0xF8, 0x1F, 0xF8, 0x1F, 0xF8, 0x1F, 0xF8, 0x1F, 0xF8, 0x1F, 0xF8, 0x1F,
  0xF8, 0x1F, 0x3F, 0x00, 0x07, 0x80, 0x01, 0xE0, 0x00, 0x78, 0x00, 0x1E,
  0x00, 0x00, 0x00, 0x00, 0x00, 0x0F, 0xE0, 0x1F, 0xFC, 0x1F, 0xFF, 0x0F,
  0xFF, 0xCF, 0x83, 0xE7, 0xC0, 0xF3, 0xC0, 0x7F, 0xE0, 0x3F, 0xF0, 0x1F,
  0xF8, 0x0F, 0xBC, 0x07, 0xDF, 0x03, 0xCF, 0x83, 0xE3, 0xFF, 0xF1, 0xFF,
  0xF0, 0x7F, 0xF0, 0x0F, 0xE0, 0x00, 0x7E, 0x00, 0x3E, 0x00, 0x3E, 0x00,
  0x3C, 0x00, 0x3C, 0x00, 0x00, 0x00, 0x00, 0x00, 0x0F, 0xE0, 0x1F, 0xFC,
  0x1F, 0xFF, 0x0F, 0xFF, 0xCF, 0x83, 0xE7, 0xC0, 0xF3, 0xC0, 0x7F, 0xE0,
  0x3F, 0xF0, 0x1F, 0xF8, 0x0F, 0xBC, 0x07, 0xDF, 0x03, 0xCF, 0x83, 0xE3,
  0xFF, 0xF1, 0xFF, 0xF0, 0x7F, 0xF0, 0x0F, 0xE0, 0x03, 0xF0, 0x03, 0xFC,
  0x03, 0xFE, 0x03, 0xE7, 0x83, 0xC1, 0xE0, 0x00, 0x00, 0x00, 0x00, 0x0F,
  0xE0, 0x1F, 0xFC, 0x1F, 0xFF, 0x0F, 0xFF, 0xCF, 0x83, 0xE7, 0xC0, 0xF3,
  0xC0, 0x7F, 0xE0, 0x3F, 0xF0, 0x1F, 0xF8, 0x0F, 0xBC, 0x07, 0xDF, 0x03,
  0xCF, 0x83, 0xE3, 0xFF, 0xF1, 0xFF, 0xF0, 0x7F, 0xF0, 0x0F, 0xE0, 0x0F,
  0x0E, 0x0F, 0xE7, 0x07, 0xFF, 0x07, 0x3F, 0x83, 0x87, 0x00, 0x00, 0x00,
  0x00, 0x00, 0x0F, 0xE0, 0x1F, 0xFC, 0x1F, 0xFF, 0x0F, 0xFF, 0xCF, 0x83,
  0xE7, 0xC0, 0xF3, 0xC0, 0x7F, 0xE0, 0x3F, 0xF0, 0x1F, 0xF8, 0x0F, 0xBC,
  0x07, 0xDF, 0x03, 0xCF, 0x83, 0xE3, 0xFF, 0xF1, 0xFF, 0xF0, 0x7F, 0xF0,
  0x0F, 0xE0, 0x0E, 0x38, 0x0F, 0x3E, 0x07, 0x9F, 0x01, 0xC7, 0x00, 0x00,
  0x00, 0x00, 0x00, 0x1F, 0xC0, 0x3F, 0xF8, 0x3F, 0xFE, 0x1F, 0xFF, 0x9F,
  0x07, 0xCF, 0x81, 0xE7, 0x80, 0xFF, 0xC0, 0x7F, 0xE0, 0x3F, 0xF0, 0x1F,
  0x78, 0x0F, 0xBE, 0x07, 0x9F, 0x07, 0xC7, 0xFF, 0xE3, 0xFF, 0xE0, 0xFF,
  0xE0, 0x1F, 0xC0, 0x01, 0x80, 0x07, 0x80, 0x0F, 0x00, 0x1E, 0x00, 0x18,
  0x00, 0x00, 0x3F, 0xFF, 0xFF, 0xFF, 0xFF, 0xFE, 0x00, 0x00, 0x0E, 0x00,
  0x1E, 0x00, 0x3C, 0x00, 0x78, 0x00, 0x60, 0x00, 0x00, 0x04, 0x03, 0xFB,
  0x07, 0xFF, 0x87, 0xFF, 0xC3, 0xFF, 0xE3, 0xE1, 0xF9, 0xF1, 0xFC, 0xF1,
  0xFF, 0xF8, 0xEF, 0xFC, 0xF7, 0xFE, 0xF3, 0xEF, 0x71, 0xF7, 0xF0, 0xF3,
  0xF8, 0xF8, 0xFF, 0xFC, 0x7F, 0xFC, 0x3F, 0xFC, 0x1F, 0xF8, 0x04, 0x00,
  0x00, 0x3F, 0x00, 0x0F, 0x00, 0x07, 0x80, 0x03, 0xC0, 0x01, 0xE0, 0x00,
  0x00, 0x00, 0x00, 0xF8, 0x1F, 0xF8, 0x1F, 0xF8, 0x1F, 0xF8, 0x1F, 0xF8,
  0x1F, 0xF8, 0x1F, 0xF8, 0x1F, 0xF8, 0x1F, 0xF8, 0x1F, 0xF8, 0x1F, 0xF8,
  0x1F, 0xF8, 0x1F, 0xFC, 0x3F, 0x7F, 0xFF, 0x7F, 0xFF, 0x3F, 0xEF, 0x0F,
  0x8F, 0x00, 0xFC, 0x00, 0xF8, 0x01, 0xF0, 0x03, 0xC0, 0x07, 0x80, 0x00,
  0x00, 0x00, 0x00, 0xF8, 0x1F, 0xF8, 0x1F, 0xF8, 0x1F, 0xF8, 0x1F, 0xF8,
  0x1F, 0xF8, 0x1F, 0xF8, 0x1F, 0xF8, 0x1F, 0xF8, 0x1F, 0xF8, 0x1F, 0xF8,
  0x1F, 0xF8, 0x1F, 0xFC, 0x3F, 0x7F, 0xFF, 0x7F, 0xFF, 0x3F, 0xEF, 0x0F,
  0x8F, 0x07, 0xE0, 0x0F, 0xF0, 0x1F, 0xF0, 0x3E, 0x78, 0x78, 0x3C, 0x00,
  0x00, 0x00, 0x00, 0xF8, 0x1F, 0xF8, 0x1F, 0xF8, 0x1F, 0xF8, 0x1F, 0xF8,
  0x1F, 0xF8, 0x1F, 0xF8, 0x1F, 0xF8, 0x1F, 0xF8, 0x1F, 0xF8, 0x1F, 0xF8,
  0x1F, 0xF8, 0x1F, 0xFC, 0x3F, 0x7F, 0xFF, 0x7F, 0xFF, 0x3F, 0xEF, 0x0F,
  0x8F, 0x0E, 0x38, 0x1E, 0x7C, 0x1E, 0x7C, 0x0E, 0x38, 0x00, 0x00, 0x00,
  0x00, 0xF8, 0x1F, 0xF8, 0x1F, 0xF8, 0x1F, 0xF8, 0x1F, 0xF8, 0x1F, 0xF8,
  0x1F, 0xF8, 0x1F, 0xF8, 0x1F, 0xF8, 0x1F, 0xF8, 0x1F, 0xF8, 0x1F, 0xF8,
  0x1F, 0xFC, 0x3F, 0x7F, 0xFF, 0x7F, 0xFF, 0x3F, 0xEF, 0x0F, 0x8F, 0x00,
  0x7E, 0x00, 0x1F, 0x00, 0x0F, 0x80, 0x07, 0x80, 0x03, 0xC0, 0x00, 0x00,
  0x00, 0x00, 0x03, 0xE0, 0x1E, 0x7C, 0x0F, 0x9F, 0x03, 0xE7, 0xC0, 0xF0,
  0xF8, 0x7C, 0x3E, 0x1F, 0x07, 0x8F, 0x81, 0xF3, 0xE0, 0x7C, 0xF0, 0x0F,
  0x7C, 0x03, 0xFF, 0x00, 0x7F, 0x80, 0x1F, 0xE0, 0x07, 0xF8, 0x00, 0xFC,
  0x00, 0x3F, 0x00, 0x07, 0x80, 0x03, 0xE0, 0x00, 0xF8, 0x00, 0x7C, 0x01,
  0xFF, 0x00, 0x7F, 0x80, 0x1F, 0xC0, 0x07, 0xC0, 0x00, 0xF8, 0x00, 0xF8,
  0x00, 0xF8, 0x00, 0xF8, 0x00, 0xF8, 0x00, 0xF8, 0x00, 0xF8, 0x00, 0xF9,
  0xF0, 0xFB, 0xFC, 0xFF, 0xFE, 0xFF, 0xFE, 0xFC, 0x3F, 0xF8, 0x1F, 0xF8,
  0x1F, 0xF8, 0x1F, 0xF8, 0x1F, 0xF8, 0x1F, 0xF8, 0x1F, 0xFC, 0x1F, 0xFC,
  0x3F, 0xFF, 0xFE, 0xFF, 0xFE, 0xFB, 0xFC, 0xF9, 0xF0, 0xF8, 0x00, 0xF8,
  0x00, 0xF8, 0x00, 0xF8, 0x00, 0xF8, 0x00, 0xF8, 0x00, 0xF8, 0x00, 0x0E,
  0x38, 0x07, 0x9F, 0x01, 0xE7, 0xC0, 0x38, 0xE0, 0x00, 0x00, 0x00, 0x00,
  0x0F, 0x80, 0x79, 0xF0, 0x3E, 0x7C, 0x0F, 0x9F, 0x03, 0xC3, 0xE1, 0xF0,
  0xF8, 0x7C, 0x1E, 0x3E, 0x07, 0xCF, 0x81, 0xF3, 0xC0, 0x3D, 0xF0, 0x0F,
  0xFC, 0x01, 0xFE, 0x00, 0x7F, 0x80, 0x1F, 0xE0, 0x03, 0xF0, 0x00, 0xFC,
  0x00, 0x1E, 0x00, 0x0F, 0x80, 0x03, 0xE0, 0x01, 0xF0, 0x07, 0xFC, 0x01,
  0xFE, 0x00, 0x7F, 0x00, 0x1F, 0x00, 0x00 };

const GFXglyph OpenSans_Bold16pt8bGlyphs[] PROGMEM = {
  {     0,   1,   1,   8,    0,    0 },   // 0x20 ' '
  {     1,   5,  22,   9,    2,  -21 },   // 0x21 '!'
  {    15,  11,   8,  15,    2,  -21 },   // 0x22 '"'
  {    26,  18,  22,  20,    1,  -21 },   // 0x23 '#'
  {    76,  16,  25,  18,    1,  -22 },   // 0x24 '$'
  {   126,  26,  22,  28,    1,  -21 },   // 0x25 '%'
  {   198,  22,  22,  23,    1,  -21 },   // 0x26 '&'
  {   259,   4,   8,   8,    2,  -21 },   // 0x27 '''
  {   263,   9,  27,  11,    1,  -21 },   // 0x28 '('
  {   294,   8,  27,  11,    1,  -21 },   // 0x29 ')'
  {   321,  15,  14,  17,    1,  -23 },   // 0x2A '*'
  {   348,  15,  15,  18,    1,  -17 },   // 0x2B '+'
  {   377,   6,   8,   9,    1,   -3 },   // 0x2C ','
  {   383,   8,   4,  10,    1,   -9 },   // 0x2D '-'
  {   387,   5,   5,   9,    2,   -4 },   // 0x2E '.'
  {   391,  13,  22,  13,    0,  -21 },   // 0x2F '/'
  {   427,  16,  22,  18,    1,  -21 },   // 0x30 '0'
  {   471,  11,  22,  18,    2,  -21 },   // 0x31 '1'
  {   502,  16,  22,  18,    1,  -21 },   // 0x32 '2'
  {   546,  16,  22,  18,    1,  -21 },   // 0x33 '3'
  {   590,  16,  22,  18,    1,  -21 },   // 0x34 '4'
  {   634,  14,  22,  18,    2,  -21 },   // 0x35 '5'
  {   673,  16,  22,  18,    1,  -21 },   // 0x36 '6'
  {   717,  16,  22,  18,    1,  -21 },   // 0x37 '7'
  {   761,  16,  22,  18,    1,  -21 },   // 0x38 '8'
  {   805,  16,  22,  18,    1,  -21 },   // 0x39 '9'
  {   849,   5,  17,   9,    2,  -16 },   // 0x3A ':'
  {   860,   6,  21,   9,    1,  -16 },   // 0x3B ';'
  {   876,  15,  16,  18,    1,  -18 },   // 0x3C '<'
  {   906,  15,   9,  18,    1,  -15 },   // 0x3D '='
  {   923,  15,  16,  18,    1,  -18 },   // 0x3E '>'
  {   953,  14,  22,  15,    0,  -21 },   // 0x3F '?'
  {   992,  24,  25,  28,    2,  -21 },   // 0x40 '@'
  {  1067,  21,  22,  21,    0,  -21 },   // 0x41 'A'
  {  1125,  16,  22,  21,    3,  -21 },   // 0x42 'B'
  {  1169,  17,  22,  20,    2,  -21 },   // 0x43 'C'
  {  1216,  18,  22,  23,    3,  -21 },   // 0x44 'D'
  {  1266,  13,  22,  17,    3,  -21 },   // 0x45 'E'
  {  1302,  12,  22,  17,    3,  -21 },   // 0x46 'F'
  {  1335,  18,  22,  22,    2,  -21 },   // 0x47 'G'
  {  1385,  18,  22,  24,    3,  -21 },   // 0x48 'H'
  {  1435,   4,  22,  10,    3,  -21 },   // 0x49 'I'
  {  1446,   9,  29,  10,   -2,  -21 },   // 0x4A 'J'
  {  1479,  18,  22,  21,    3,  -21 },   // 0x4B 'K'
  {  1529,  13,  22,  18,    3,  -21 },   // 0x4C 'L'
  {  1565,  23,  22,  29,    3,  -21 },   // 0x4D 'M'
  {  1629,  19,  22,  25,    3,  -21 },   // 0x4E 'N'
  {  1682,  21,  22,  25,    2,  -21 },   // 0x4F 'O'
  {  1740,  15,  22,  19,    3,  -21 },   // 0x50 'P'
  {  1782,  21,  27,  25,    2,  -21 },   // 0x51 'Q'
  {  1853,  17,  22,  20,    3,  -21 },   // 0x52 'R'
  {  1900,  15,  22,  17,    1,  -21 },   // 0x53 'S'
  {  1942,  16,  22,  18,    1,  -21 },   // 0x54 'T'
  {  1986,  18,  22,  23,    3,  -21 },   // 0x55 'U'
  {  2036,  20,  22,  20,    0,  -21 },   // 0x56 'V'
  {  2091,  30,  22,  30,    0,  -21 },   // 0x57 'W'
  {  2174,  21,  22,  21,    0,  -21 },   // 0x58 'X'
  {  2232,  19,  22,  19,    0,  -21 },   // 0x59 'Y'
  {  2285,  16,  22,  18,    1,  -21 },   // 0x5A 'Z'
  {  2329,   7,  27,  10,    2,  -21 },   // 0x5B '['
  {  2353,  13,  22,  13,    0,  -21 },   // 0x5C '\'
  {  2389,   7,  27,  10,    1,  -21 },   // 0x5D ']'
  {  2413,  16,  14,  18,    1,  -21 },   // 0x5E '^'
  {  2441,  13,   2,  13,    0,    4 },   // 0x5F '_'
  {  2445,   9,   5,  11,    1,  -23 },   // 0x60 '`'
  {  2451,  15,  17,  19,    1,  -16 },   // 0x61 'a'
  {  2483,  16,  24,  20,    2,  -23 },   // 0x62 'b'
  {  2531,  14,  17,  16,    1,  -16 },   // 0x63 'c'
  {  2561,  16,  24,  20,    1,  -23 },   // 0x64 'd'
  {  2609,  16,  17,  18,    1,  -16 },   // 0x65 'e'
  {  2643,  12,  24,  12,    1,  -23 },   // 0x66 'f'
  {  2679,  17,  24,  18,    0,  -16 },   // 0x67 'g'
  {  2730,  16,  24,  20,    2,  -23 },   // 0x68 'h'
  {  2778,   5,  24,   9,    2,  -23 },   // 0x69 'i'
  {  2793,   9,  31,   9,   -2,  -23 },   // 0x6A 'j'
  {  2828,  17,  24,  19,    2,  -23 },   // 0x6B 'k'
  {  2879,   5,  24,   9,    2,  -23 },   // 0x6C 'l'
  {  2894,  26,  17,  30,    2,  -16 },   // 0x6D 'm'
  {  2950,  16,  17,  20,    2,  -16 },   // 0x6E 'n'
  {  2984,  17,  17,  19,    1,  -16 },   // 0x6F 'o'
  {  3021,  16,  24,  20,    2,  -16 },   // 0x70 'p'
  {  3069,  16,  24,  20,    1,  -16 },   // 0x71 'q'
  {  3117,  11,  17,  14,    2,  -16 },   // 0x72 'r'
  {  3141,  13,  17,  15,    1,  -16 },   // 0x73 's'
  {  3169,  11,  21,  13,    1,  -20 },   // 0x74 't'
  {  3198,  16,  17,  20,    2,  -16 },   // 0x75 'u'
  {  3232,  18,  17,  18,    0,  -16 },   // 0x76 'v'
  {  3271,  26,  17,  27,    0,  -16 },   // 0x77 'w'
  {  3327,  18,  17,  18,    0,  -16 },   // 0x78 'x'
  {  3366,  18,  24,  18,    0,  -16 },   // 0x79 'y'
  {  3420,  13,  17,  15,    1,  -16 },   // 0x7A 'z'
  {  3448,  11,  27,  12,    0,  -21 },   // 0x7B '{'
  {  3486,   3,  30,  17,    7,  -22 },   // 0x7C '|'
  {  3498,  11,  27,  12,    1,  -21 },   // 0x7D '}'
  {  3536,  15,   5,  18,    1,  -12 },   // 0x7E '~'
  {  3546,   1,   1,  19,    0,    0 },   // 0x7F
  {  3547,   1,   1,  19,    0,    0 },   // 0x80
  {  3548,   1,   1,  19,    0,    0 },   // 0x81
  {  3549,   1,   1,  19,    0,    0 },   // 0x82
  {  3550,   1,   1,  19,    0,    0 },   // 0x83
  {  3551,   1,   1,  19,    0,    0 },   // 0x84
  {  3552,   1,   1,  19,    0,    0 },   // 0x85
  {  3553,   1,   1,  19,    0,    0 },   // 0x86
  {  3554,   1,   1,  19,    0,    0 },   // 0x87
  {  3555,   1,   1,  19,    0,    0 },   // 0x88
  {  3556,   1,   1,  19,    0,    0 },   // 0x89
  {  3557,   1,   1,  19,    0,    0 },   // 0x8A
  {  3558,   1,   1,  19,    0,    0 },   // 0x8B
  {  3559,   1,   1,  19,    0,    0 },   // 0x8C
  {  3560,   1,   1,  19,    0,    0 },   // 0x8D
  {  3561,   1,   1,  19,    0,    0 },   // 0x8E
  {  3562,   1,   1,  19,    0,    0 },   // 0x8F
  {  3563,   1,   1,  19,    0,    0 },   // 0x90
  {  3564,   1,   1,  19,    0,    0 },   // 0x91
  {  3565,   1,   1,  19,    0,    0 },   // 0x92
  {  3566,   1,   1,  19,    0,    0 },   // 0x93
  {  3567,   1,   1,  19,    0,    0 },   // 0x94
  {  3568,   1,   1,  19,    0,    0 },   // 0x95
  {  3569,   1,   1,  19,    0,    0 },   // 0x96
  {  3570,   1,   1,  19,    0,    0 },   // 0x97
  {  3571,   1,   1,  19,    0,    0 },   // 0x98
  {  3572,   1,   1,  19,    0,    0 },   // 0x99
  {  3573,   1,   1,  19,    0,    0 },   // 0x9A
  {  3574,   1,   1,  19,    0,    0 },   // 0x9B
  {  3575,   1,   1,  19,    0,    0 },   // 0x9C
  {  3576,   1,   1,  19,    0,    0 },   // 0x9D
  {  3577,   1,   1,  19,    0,    0 },   // 0x9E
  {  3578,   1,   1,  19,    0,    0 },   // 0x9F
  {  3579,   1,   1,   8,    0,    0 },   // 0xA0
  {  3580,   5,  23,   9,    2,  -16 },   // 0xA1
  {  3595,  14,  22,  18,    2,  -21 },   // 0xA2
  {  3634,  16,  22,  18,    1,  -21 },   // 0xA3
  {  3678,  14,  14,  18,    2,  -17 },   // 0xA4
  {  3703,  18,  22,  18,    0,  -21 },   // 0xA5
  {  3753,   3,  30,  17,    7,  -22 },   // 0xA6
  {  3765,  12,  24,  15,    2,  -23 },   // 0xA7
  {  3801,  11,   4,  19,    4,  -22 },   // 0xA8
  {  3807,  22,  22,  26,    2,  -21 },   // 0xA9
  {  3868,  10,  11,  12,    1,  -21 },   // 0xAA
  {  3882,  17,  14,  19,    1,  -14 },   // 0xAB
  {  3912,  15,   9,  18,    1,  -12 },   // 0xAC
  {  3929,   8,   4,  10,    1,   -9 },   // 0xAD
  {  3933,  22,  22,  26,    2,  -21 },   // 0xAE
  {  3994,  16,   3,  16,    0,  -26 },   // 0xAF
  {  4000,  11,  10,  13,    1,  -21 },   // 0xB0
  {  4014,  15,  19,  18,    1,  -18 },   // 0xB1
  {  4050,  10,  13,  12,    1,  -25 },   // 0xB2
  {  4067,  10,  13,  12,    1,  -25 },   // 0xB3
  {  4084,   9,   5,  11,    1,  -23 },   // 0xB4
  {  4090,  16,  24,  20,    2,  -16 },   // 0xB5
  {  4138,  16,  28,  20,    2,  -23 },   // 0xB6
  {  4194,   5,   5,   9,    2,  -13 },   // 0xB7
  {  4198,   7,   7,   6,   -1,    1 },   // 0xB8
  {  4205,   8,  13,  12,    1,  -25 },   // 0xB9
  {  4218,  10,  11,  12,    1,  -21 },   // 0xBA
  {  4232,  17,  14,  19,    1,  -14 },   // 0xBB
  {  4262,  24,  22,  26,    1,  -21 },   // 0xBC
  {  4328,  25,  22,  27,    1,  -21 },   // 0xBD
  {  4397,  25,  22,  26,    1,  -21 },   // 0xBE
  {  4466,  14,  23,  15,    1,  -16 },   // 0xBF
  {  4507,  21,  29,  21,    0,  -28 },   // 0xC0
  {  4584,  21,  29,  21,    0,  -28 },   // 0xC1
  {  4661,  21,  29,  21,    0,  -28 },   // 0xC2
  {  4738,  21,  29,  21,    0,  -28 },   // 0xC3
  {  4815,  21,  28,  21,    0,  -27 },   // 0xC4
  {  4889,  21,  27,  21,    0,  -26 },   // 0xC5
  {  4960,  28,  22,  30,    0,  -21 },   // 0xC6
  {  5037,  17,  29,  20,    2,  -21 },   // 0xC7
  {  5099,  13,  29,  17,    3,  -28 },   // 0xC8
  {  5147,  13,  29,  17,    3,  -28 },   // 0xC9
  {  5195,  13,  29,  17,    3,  -28 },   // 0xCA
  {  5243,  13,  28,  17,    3,  -27 },   // 0xCB
  {  5289,   9,  29,  10,   -2,  -28 },   // 0xCC
  {  5322,   9,  29,  10,    3,  -28 },   // 0xCD
  {  5355,  13,  29,  10,   -2,  -28 },   // 0xCE
  {  5403,  11,  28,  10,    0,  -27 },   // 0xCF
  {  5442,  20,  22,  23,    1,  -21 },   // 0xD0
  {  5497,  19,  29,  25,    3,  -28 },   // 0xD1
  {  5566,  21,  29,  25,    2,  -28 },   // 0xD2
  {  5643,  21,  29,  25,    2,  -28 },   // 0xD3
  {  5720,  21,  29,  25,    2,  -28 },   // 0xD4
  {  5797,  21,  29,  25,    2,  -28 },   // 0xD5
  {  5874,  21,  28,  25,    2,  -27 },   // 0xD6
  {  5948,  14,  14,  18,    2,  -17 },   // 0xD7
  {  5973,  21,  24,  25,    2,  -22 },   // 0xD8
  {  6036,  18,  29,  23,    3,  -28 },   // 0xD9
  {  6102,  18,  29,  23,    3,  -28 },   // 0xDA
  {  6168,  18,  29,  23,    3,  -28 },   // 0xDB
  {  6234,  18,  28,  23,    3,  -27 },   // 0xDC
  {  6297,  19,  29,  19,    0,  -28 },   // 0xDD
  {  6366,  15,  22,  19,    3,  -21 },   // 0xDE
  {  6408,  19,  24,  22,    2,  -23 },   // 0xDF
  {  6465,  15,  24,  19,    1,  -23 },   // 0xE0
  {  6510,  15,  24,  19,    1,  -23 },   // 0xE1
  {  6555,  15,  24,  19,    1,  -23 },   // 0xE2
  {  6600,  15,  24,  19,    1,  -23 },   // 0xE3
  {  6645,  15,  23,  19,    1,  -22 },   // 0xE4
  {  6689,  15,  26,  19,    1,  -25 },   // 0xE5
  {  6738,  26,  17,  28,    1,  -16 },   // 0xE6
  {  6794,  14,  24,  16,    1,  -16 },   // 0xE7
  {  6836,  16,  24,  18,    1,  -23 },   // 0xE8
  {  6884,  16,  24,  18,    1,  -23 },   // 0xE9
  {  6932,  16,  24,  18,    1,  -23 },   // 0xEA
  {  6980,  16,  23,  18,    1,  -22 },   // 0xEB
  {  7026,   9,  24,   9,   -1,  -23 },   // 0xEC
  {  7053,   9,  24,   9,    2,  -23 },   // 0xED
  {  7080,  13,  24,   9,   -2,  -23 },   // 0xEE
  {  7119,  11,  23,   9,   -1,  -22 },   // 0xEF
  {  7151,  17,  24,  19,    1,  -23 },   // 0xF0
  {  7202,  16,  24,  20,    2,  -23 },   // 0xF1
  {  7250,  17,  24,  19,    1,  -23 },   // 0xF2
  {  7301,  17,  24,  19,    1,  -23 },   // 0xF3
  {  7352,  17,  24,  19,    1,  -23 },   // 0xF4
  {  7403,  17,  24,  19,    1,  -23 },   // 0xF5
  {  7454,  17,  23,  19,    1,  -22 },   // 0xF6
  {  7503,  15,  15,  18,    1,  -17 },   // 0xF7
  {  7532,  17,  19,  19,    1,  -17 },   // 0xF8
  {  7573,  16,  24,  20,    2,  -23 },   // 0xF9
  {  7621,  16,  24,  20,    2,  -23 },   // 0xFA
  {  7669,  16,  24,  20,    2,  -23 },   // 0xFB
  {  7717,  16,  23,  20,    2,  -22 },   // 0xFC
  {  7763,  18,  31,  18,    0,  -23 },   // 0xFD
  {  7833,  16,  31,  20,    2,  -23 },   // 0xFE
  {  7895,  18,  30,  18,    0,  -22 } }; // 0xFF

const GFXfont OpenSans_Bold16pt8b PROGMEM = {
  (uint8_t  *)OpenSans_Bold16pt8bBitmaps,
  (GFXglyph *)OpenSans_Bold16pt8bGlyphs,
  0x20, 0xFF, 43 };

// Approx. 9538 bytes

const uint8_t OpenSans_Bold24pt8bBitmaps[] PROGMEM = {
  0x00, 0xFF, 0xFF, 0xFF, 0xFF, 0xFE, 0xFE, 0xFE, 0xFE, 0xFE, 0xFE, 0xFE,
  0xFE, 0xFE, 0xFE, 0x7E, 0x7E, 0x7E, 0x7E, 0x7E, 0x7E, 0x7E, 0x7E, 0x00,
  0x00, 0x00, 0x00, 0x3C, 0xFE, 0xFF, 0xFF, 0xFF, 0xFF, 0xFE, 0x7C, 0xFC,
  0x3F, 0xFC, 0x3F, 0xFC, 0x3F, 0xFC, 0x3F, 0xFC, 0x3F, 0xFC, 0x3F, 0x7C,
  0x3F, 0x7C, 0x3F, 0x7C, 0x3E, 0x7C, 0x3E, 0x7C, 0x1E, 0x7C, 0x1E, 0x00,
  0x3E, 0x0F, 0x80, 0x03, 0xE1, 0xF0, 0x00, 0x3E, 0x1F, 0x00, 0x07, 0xE1,
  0xF0, 0x00, 0x7C, 0x1F, 0x00, 0x07, 0xC1, 0xF0, 0x00, 0x7C, 0x1E, 0x00,
  0x07, 0xC3, 0xE0, 0x00, 0x7C, 0x3E, 0x00, 0x0F, 0x83, 0xE0, 0x3F, 0xFF,
  0xFF, 0xF3, 0xFF, 0xFF, 0xFF, 0x3F, 0xFF, 0xFF, 0xF3, 0xFF, 0xFF, 0xFF,
  0x3F, 0xFF, 0xFF, 0xF0, 0x1F, 0x07, 0xC0, 0x01, 0xF0, 0x7C, 0x00, 0x1F,
  0x0F, 0x80, 0x01, 0xF0, 0xF8, 0x00, 0x3E, 0x0F, 0x80, 0xFF, 0xFF, 0xFF,
  0xEF, 0xFF, 0xFF, 0xFE, 0xFF, 0xFF, 0xFF, 0xEF, 0xFF, 0xFF, 0xFE, 0xFF,
  0xFF, 0xFF, 0xE0, 0x7C, 0x1F, 0x00, 0x07, 0xC1, 0xF0, 0x00, 0x7C, 0x3E,
  0x00, 0x07, 0xC3, 0xE0, 0x00, 0x7C, 0x3E, 0x00, 0x0F, 0x83, 0xE0, 0x00,
  0xF8, 0x3E, 0x00, 0x0F, 0x87, 0xC0, 0x00, 0xF8, 0x7C, 0x00, 0x00, 0x38,
  0x00, 0x00, 0x70, 0x00, 0x00, 0xE0, 0x00, 0x01, 0xC0, 0x00, 0x1F, 0xFC,
  0x01, 0xFF, 0xFF, 0x07, 0xFF, 0xFF, 0x1F, 0xFF, 0xFE, 0x7F, 0xFF, 0xFD,
  0xFF, 0xFF, 0xF3, 0xFC, 0xE0, 0xE7, 0xF1, 0xC0, 0x0F, 0xE3, 0x80, 0x1F,
  0xC7, 0x00, 0x3F, 0xEE, 0x00, 0x3F, 0xFC, 0x00, 0x7F, 0xFC, 0x00, 0x7F,
  0xFE, 0x00, 0x7F, 0xFF, 0x00, 0x3F, 0xFF, 0x80, 0x1F, 0xFF, 0x80, 0x07,
  0xFF, 0x80, 0x0F, 0xFF, 0x00, 0x1D, 0xFF, 0x00, 0x38, 0xFE, 0x00, 0x71,
  0xFE, 0x00, 0xE3, 0xFF, 0x81, 0xCF, 0xFF, 0xFB, 0xFF, 0xDF, 0xFF, 0xFF,
  0xBF, 0xFF, 0xFE, 0x7F, 0xFF, 0xF8, 0x7F, 0xFF, 0xE0, 0x0F, 0xFE, 0x00,
  0x00, 0xE0, 0x00, 0x01, 0xC0, 0x00, 0x03, 0x80, 0x00, 0x07, 0x00, 0x00,
  0x0E, 0x00, 0x00, 0x07, 0xE0, 0x00, 0x3F, 0x00, 0x1F, 0xF8, 0x00, 0x3E,
  0x00, 0x1F, 0xFC, 0x00, 0x7E, 0x00, 0x3F, 0xFE, 0x00, 0x7C, 0x00, 0x7F,
  0xFE, 0x00, 0xFC, 0x00, 0x7E, 0x3F, 0x00, 0xF8, 0x00, 0x7E, 0x3F, 0x01,
  0xF8, 0x00, 0x7C, 0x3F, 0x01, 0xF0, 0x00, 0x7C, 0x1F, 0x03, 0xF0, 0x00,
  0xFC, 0x1F, 0x07, 0xE0, 0x00, 0xFC, 0x1F, 0x07, 0xC0, 0x00, 0xFC, 0x1F,
  0x0F, 0xC0, 0x00, 0x7C, 0x3F, 0x0F, 0x80, 0x00, 0x7C, 0x3F, 0x1F, 0x87,
  0xE0, 0x7E, 0x3F, 0x1F, 0x1F, 0xF8, 0x7E, 0x3F, 0x3F, 0x3F, 0xFC, 0x7F,
  0xFE, 0x3E, 0x7F, 0xFC, 0x3F, 0xFE, 0x7E, 0x7F, 0xFE, 0x1F, 0xFC, 0x7C,
  0x7E, 0x7E, 0x0F, 0xF8, 0xFC, 0xFC, 0x3E, 0x07, 0xE1, 0xF8, 0xFC, 0x3F,
  0x00, 0x01, 0xF0, 0xFC, 0x3F, 0x00, 0x03, 0xF0, 0xFC, 0x3F, 0x00, 0x03,
  0xE0, 0xFC, 0x3F, 0x00, 0x07, 0xE0, 0xFC, 0x3F, 0x00, 0x07, 0xC0, 0xFC,
  0x3F, 0x00, 0x0F, 0xC0, 0xFC, 0x3F, 0x00, 0x0F, 0x80, 0xFC, 0x3E, 0x00,
  0x1F, 0x80, 0x7E, 0x7E, 0x00, 0x1F, 0x00, 0x7F, 0xFE, 0x00, 0x3F, 0x00,
  0x7F, 0xFC, 0x00, 0x7E, 0x00, 0x3F, 0xFC, 0x00, 0x7C, 0x00, 0x1F, 0xF8,
  0x00, 0xFC, 0x00, 0x07, 0xE0, 0x00, 0x7F, 0x00, 0x00, 0x01, 0xFF, 0xF0,
  0x00, 0x01, 0xFF, 0xFC, 0x00, 0x01, 0xFF, 0xFF, 0x00, 0x01, 0xFF, 0xFF,
  0x80, 0x00, 0xFF, 0xBF, 0xE0, 0x00, 0x7F, 0x07, 0xF0, 0x00, 0x3F, 0x03,
  0xF8, 0x00, 0x1F, 0x81, 0xFC, 0x00, 0x0F, 0xC0, 0xFE, 0x00, 0x07, 0xF0,
  0xFE, 0x00, 0x03, 0xF8, 0xFF, 0x00, 0x00, 0xFE, 0xFF, 0x00, 0x00, 0x3F,
  0xFF, 0x00, 0x00, 0x1F, 0xFF, 0x00, 0x00, 0x07, 0xFF, 0x00, 0x00, 0x0F,
  0xFE, 0x00, 0xFF, 0x0F, 0xFF, 0x80, 0x7F, 0x0F, 0xFF, 0xE0, 0x3F, 0x8F,
  0xFF, 0xF8, 0x3F, 0xC7, 0xF9, 0xFE, 0x1F, 0xC7, 0xF8, 0x7F, 0xDF, 0xE3,
  0xFC, 0x1F, 0xFF, 0xE1, 0xFC, 0x07, 0xFF, 0xF0, 0xFE, 0x01, 0xFF, 0xF0,
  0x7F, 0x80, 0x7F, 0xF8, 0x3F, 0xC0, 0x1F, 0xF8, 0x1F, 0xF8, 0x1F, 0xFC,
  0x07, 0xFF, 0xFF, 0xFF, 0x03, 0xFF, 0xFF, 0xFF, 0xC0, 0xFF, 0xFF, 0xFF,
  0xF0, 0x3F, 0xFF, 0xF7, 0xFC, 0x07, 0xFF, 0xE1, 0xFF, 0x00, 0x7F, 0x80,
  0x7F, 0xC0, 0xFF, 0xFF, 0xFF, 0xFF, 0xF7, 0xDF, 0x7D, 0xF7, 0xDF, 0x03,
  0xF0, 0x1F, 0x01, 0xF8, 0x1F, 0x80, 0xFC, 0x0F, 0xC0, 0x7E, 0x07, 0xE0,
  0x3F, 0x01, 0xF8, 0x1F, 0x80, 0xFC, 0x07, 0xE0, 0x3F, 0x03, 0xF0, 0x1F,
  0x80, 0xFC, 0x07, 0xE0, 0x3F, 0x01, 0xF8, 0x0F, 0xC0, 0x7E, 0x03, 0xF0,
  0x1F, 0x80, 0xFC, 0x07, 0xE0, 0x3F, 0x01, 0xFC, 0x07, 0xE0, 0x3F, 0x01,
  0xF8, 0x0F, 0xE0, 0x3F, 0x01, 0xF8, 0x07, 0xE0, 0x3F, 0x00, 0xFC, 0x07,
  0xE0, 0x1F, 0x80, 0x7C, 0x03, 0xF0, 0x7E, 0x03, 0xF0, 0x0F, 0xC0, 0x3F,
  0x01, 0xF8, 0x07, 0xE0, 0x3F, 0x01, 0xFC, 0x07, 0xE0, 0x3F, 0x01, 0xFC,
  0x07, 0xE0, 0x3F, 0x01, 0xF8, 0x0F, 0xE0, 0x3F, 0x01, 0xF8, 0x0F, 0xC0,
  0x7E, 0x03, 0xF0, 0x1F, 0x80, 0xFC, 0x07, 0xE0, 0x3F, 0x01, 0xF8, 0x0F,
  0xC0, 0xFE, 0x07, 0xE0, 0x3F, 0x01, 0xF8, 0x0F, 0xC0, 0xFC, 0x07, 0xE0,
  0x3F, 0x03, 0xF0, 0x1F, 0x81, 0xF8, 0x0F, 0xC0, 0xFC, 0x0F, 0xC0, 0x7E,
  0x00, 0x00, 0x7E, 0x00, 0x00, 0xFC, 0x00, 0x01, 0xF8, 0x00, 0x03, 0xE0,
  0x00, 0x07, 0xC0, 0x00, 0x0F, 0x80, 0x18, 0x1F, 0x01, 0x3E, 0x1E, 0x3F,
  0x7F, 0xFF, 0xFE, 0xFF, 0xFF, 0xFD, 0xFF, 0xFF, 0xFF, 0xFF, 0xFF, 0xF0,
  0x0F, 0xE0, 0x00, 0x3F, 0xE0, 0x00, 0x7F, 0xE0, 0x01, 0xF7, 0xE0, 0x07,
  0xE7, 0xC0, 0x1F, 0xCF, 0xC0, 0x3F, 0x1F, 0xC0, 0x7E, 0x1F, 0x80, 0x38,
  0x3C, 0x00, 0x10, 0x20, 0x00, 0x00, 0x7C, 0x00, 0x00, 0xF8, 0x00, 0x01,
  0xF0, 0x00, 0x03, 0xE0, 0x00, 0x07, 0xC0, 0x00, 0x0F, 0x80, 0x00, 0x1F,
  0x00, 0x00, 0x3E, 0x00, 0x00, 0x7C, 0x01, 0xFF, 0xFF, 0xFF, 0xFF, 0xFF,
  0xFF, 0xFF, 0xFF, 0xFF, 0xFF, 0xFF, 0xFF, 0xFF, 0xFF, 0xC0, 0x1F, 0x00,
  0x00, 0x3E, 0x00, 0x00, 0x7C, 0x00, 0x00, 0xF8, 0x00, 0x01, 0xF0, 0x00,
  0x03, 0xE0, 0x00, 0x07, 0xC0, 0x00, 0x0F, 0x80, 0x00, 0x1F, 0x00, 0x00,
  0x1F, 0xC7, 0xE3, 0xF8, 0xFE, 0x3F, 0x0F, 0xC3, 0xF1, 0xF8, 0x7E, 0x1F,
  0x87, 0xC1, 0xF0, 0xFF, 0xFF, 0xFF, 0xFF, 0xFF, 0xFF, 0xFF, 0xFF, 0xFF,
  0xFC, 0x3C, 0xFE, 0xFF, 0xFF, 0xFF, 0xFF, 0xFE, 0x7C, 0x00, 0x07, 0xE0,
  0x01, 0xFC, 0x00, 0x3F, 0x00, 0x07, 0xE0, 0x01, 0xFC, 0x00, 0x3F, 0x00,
  0x0F, 0xE0, 0x01, 0xF8, 0x00, 0x3F, 0x00, 0x0F, 0xE0, 0x01, 0xF8, 0x00,
  0x3F, 0x00, 0x0F, 0xE0, 0x01, 0xF8, 0x00, 0x7F, 0x00, 0x0F, 0xC0, 0x01,
  0xF8, 0x00, 0x7F, 0x00, 0x0F, 0xC0, 0x01, 0xF8, 0x00, 0x7F, 0x00, 0x0F,
  0xC0, 0x01, 0xF8, 0x00, 0x7F, 0x00, 0x0F, 0xC0, 0x03, 0xF8, 0x00, 0x7E,
  0x00, 0x0F, 0xC0, 0x03, 0xF8, 0x00, 0x7E, 0x00, 0x0F, 0xC0, 0x03, 0xF8,
  0x00, 0x7E, 0x00, 0x0F, 0xC0, 0x00, 0x00, 0xFE, 0x00, 0x0F, 0xFF, 0x00,
  0x3F, 0xFF, 0x80, 0xFF, 0xFF, 0x83, 0xFF, 0xFF, 0x07, 0xFF, 0xFF, 0x1F,
  0xE0, 0xFE, 0x3F, 0x80, 0xFE, 0x7F, 0x01, 0xFD, 0xFC, 0x03, 0xFB, 0xF8,
  0x03, 0xFF, 0xF0, 0x07, 0xFF, 0xE0, 0x0F, 0xFF, 0xC0, 0x1F, 0xFF, 0x80,
  0x3F, 0xFF, 0x00, 0x7F, 0xFE, 0x00, 0xFF, 0xFC, 0x01, 0xFF, 0xF8, 0x03,
  0xFF, 0xF0, 0x07, 0xFF, 0xE0, 0x0F, 0xFF, 0xC0, 0x1F, 0xFF, 0x80, 0x3F,
  0xFF, 0x00, 0x7F, 0xFE, 0x01, 0xFC, 0xFE, 0x03, 0xF9, 0xFC, 0x07, 0xF3,
  0xFC, 0x1F, 0xE3, 0xFF, 0xFF, 0x87, 0xFF, 0xFF, 0x07, 0xFF, 0xFC, 0x07,
  0xFF, 0xF0, 0x07, 0xFF, 0x80, 0x01, 0xFC, 0x00, 0x00, 0x3F, 0x00, 0x7F,
  0x01, 0xFF, 0x03, 0xFF, 0x07, 0xFF, 0x0F, 0xFF, 0x1F, 0xFF, 0x7F, 0xFF,
  0xFF, 0x7F, 0xFE, 0x7F, 0x7C, 0x7F, 0x38, 0x7F, 0x10, 0x7F, 0x00, 0x7F,
  0x00, 0x7F, 0x00, 0x7F, 0x00, 0x7F, 0x00, 0x7F, 0x00, 0x7F, 0x00, 0x7F,
  0x00, 0x7F, 0x00, 0x7F, 0x00, 0x7F, 0x00, 0x7F, 0x00, 0x7F, 0x00, 0x7F,
  0x00, 0x7F, 0x00, 0x7F, 0x00, 0x7F, 0x00, 0x7F, 0x00, 0x7F, 0x00, 0x7F,
  0x00, 0x7F, 0x00, 0x7F, 0x01, 0xFF, 0x00, 0x0F, 0xFF, 0x80, 0x7F, 0xFF,
  0x83, 0xFF, 0xFF, 0x8F, 0xFF, 0xFF, 0x9F, 0xFF, 0xFF, 0x9F, 0xC0, 0xFF,
  0x1E, 0x00, 0xFE, 0x18, 0x01, 0xFC, 0x00, 0x03, 0xF8, 0x00, 0x07, 0xF0,
  0x00, 0x0F, 0xE0, 0x00, 0x1F, 0xC0, 0x00, 0x7F, 0x80, 0x00, 0xFE, 0x00,
  0x03, 0xFC, 0x00, 0x0F, 0xF0, 0x00, 0x3F, 0xC0, 0x00, 0xFF, 0x00, 0x03,
  0xFC, 0x00, 0x0F, 0xF0, 0x00, 0x3F, 0xC0, 0x00, 0xFF, 0x00, 0x03, 0xFC,
  0x00, 0x0F, 0xF0, 0x00, 0x3F, 0xC0, 0x00, 0xFF, 0x00, 0x03, 0xFC, 0x00,
  0x0F, 0xFF, 0xFF, 0xFF, 0xFF, 0xFF, 0xFF, 0xFF, 0xFF, 0xFF, 0xFF, 0xFF,
  0xFF, 0xFF, 0xFF, 0xFF, 0xFF, 0xFC, 0x03, 0xFE, 0x00, 0x3F, 0xFF, 0x81,
  0xFF, 0xFF, 0xC7, 0xFF, 0xFF, 0xC7, 0xFF, 0xFF, 0x8F, 0xFF, 0xFF, 0x8F,
  0x00, 0xFF, 0x08, 0x00, 0xFE, 0x00, 0x01, 0xFC, 0x00, 0x03, 0xF8, 0x00,
  0x07, 0xF0, 0x00, 0x1F, 0xC0, 0x00, 0x7F, 0x80, 0x0F, 0xFE, 0x01, 0xFF,
  0xF0, 0x03, 0xFF, 0x80, 0x07, 0xFF, 0x80, 0x0F, 0xFF, 0xE0, 0x1F, 0xFF,
  0xE0, 0x00, 0x7F, 0xE0, 0x00, 0x3F, 0xC0, 0x00, 0x3F, 0xC0, 0x00, 0x7F,
  0x80, 0x00, 0x7F, 0x00, 0x01, 0xFE, 0x00, 0x03, 0xFE, 0x00, 0x07, 0xFF,
  0x00, 0x3F, 0xEF, 0xFF, 0xFF, 0xDF, 0xFF, 0xFF, 0x3F, 0xFF, 0xFC, 0x7F,
  0xFF, 0xF0, 0xFF, 0xFF, 0xC0, 0x1F, 0xF8, 0x00, 0x00, 0x03, 0xF8, 0x00,
  0x03, 0xFC, 0x00, 0x01, 0xFE, 0x00, 0x01, 0xFF, 0x00, 0x01, 0xFF, 0x80,
  0x00, 0xFF, 0xC0, 0x00, 0xFF, 0xE0, 0x00, 0xFF, 0xF0, 0x00, 0x7F, 0xF8,
  0x00, 0x7F, 0xFC, 0x00, 0x7E, 0xFE, 0x00, 0x3E, 0x7F, 0x00, 0x3F, 0x3F,
  0x80, 0x3F, 0x1F, 0xC0, 0x1F, 0x8F, 0xE0, 0x1F, 0x87, 0xF0, 0x1F, 0x83,
  0xF8, 0x0F, 0xC1, 0xFC, 0x0F, 0xC0, 0xFE, 0x0F, 0xC0, 0x7F, 0x07, 0xE0,
  0x3F, 0x87, 0xFF, 0xFF, 0xFF, 0xFF, 0xFF, 0xFF, 0xFF, 0xFF, 0xFF, 0xFF,
  0xFF, 0xFF, 0xFF, 0xFF, 0xFF, 0xFF, 0xFF, 0xFF, 0xE0, 0x00, 0x7F, 0x00,
  0x00, 0x3F, 0x80, 0x00, 0x1F, 0xC0, 0x00, 0x0F, 0xE0, 0x00, 0x07, 0xF0,
  0x00, 0x03, 0xF8, 0x00, 0x01, 0xFC, 0x00, 0x3F, 0xFF, 0xF0, 0x7F, 0xFF,
  0xE0, 0xFF, 0xFF, 0xC1, 0xFF, 0xFF, 0x83, 0xFF, 0xFF, 0x07, 0xFF, 0xFE,
  0x0F, 0xC0, 0x00, 0x1F, 0x80, 0x00, 0x3F, 0x00, 0x00, 0xFE, 0x00, 0x01,
  0xFC, 0x00, 0x03, 0xF8, 0x00, 0x07, 0xFF, 0xF0, 0x0F, 0xFF, 0xF8, 0x1F,
  0xFF, 0xFC, 0x3F, 0xFF, 0xFC, 0x7F, 0xFF, 0xF8, 0x7F, 0xFF, 0xF8, 0x00,
  0x1F, 0xF0, 0x00, 0x1F, 0xE0, 0x00, 0x1F, 0xE0, 0x00, 0x3F, 0xC0, 0x00,
  0x3F, 0x80, 0x00, 0x7F, 0x00, 0x01, 0xFE, 0x00, 0x03, 0xFA, 0x00, 0x0F,
  0xF7, 0x80, 0x3F, 0xEF, 0xFF, 0xFF, 0x9F, 0xFF, 0xFF, 0x3F, 0xFF, 0xFC,
  0x7F, 0xFF, 0xF0, 0x7F, 0xFF, 0x80, 0x1F, 0xF8, 0x00, 0x00, 0x0F, 0xF8,
  0x01, 0xFF, 0xF0, 0x07, 0xFF, 0xE0, 0x3F, 0xFF, 0xC0, 0xFF, 0xFF, 0x83,
  0xFF, 0xFF, 0x07, 0xF8, 0x00, 0x1F, 0xE0, 0x00, 0x3F, 0x00, 0x00, 0xFE,
  0x00, 0x01, 0xF8, 0x00, 0x03, 0xF0, 0x00, 0x0F, 0xE1, 0xF8, 0x1F, 0x8F,
  0xFC, 0x3F, 0x7F, 0xFE, 0x7E, 0xFF, 0xFC, 0xFF, 0xFF, 0xFD, 0xFF, 0xDF,
  0xFB, 0xFE, 0x07, 0xFF, 0xF8, 0x07, 0xFF, 0xE0, 0x0F, 0xFF, 0xC0, 0x1F,
  0xFF, 0x80, 0x3F, 0xFF, 0x00, 0x7F, 0xFE, 0x00, 0xFF, 0xFE, 0x01, 0xFD,
  0xFC, 0x07, 0xFB, 0xFC, 0x0F, 0xE3, 0xFF, 0xFF, 0xC7, 0xFF, 0xFF, 0x07,
  0xFF, 0xFE, 0x07, 0xFF, 0xF8, 0x03, 0xFF, 0xC0, 0x01, 0xFE, 0x00, 0xFF,
  0xFF, 0xFF, 0xFF, 0xFF, 0xFF, 0xFF, 0xFF, 0xFF, 0xFF, 0xFF, 0xFF, 0xFF,
  0xFF, 0xFF, 0xFF, 0xFF, 0xFF, 0x00, 0x00, 0x7E, 0x00, 0x00, 0xFE, 0x00,
  0x00, 0xFE, 0x00, 0x01, 0xFC, 0x00, 0x01, 0xFC, 0x00, 0x03, 0xF8, 0x00,
  0x03, 0xF8, 0x00, 0x07, 0xF0, 0x00, 0x07, 0xF0, 0x00, 0x07, 0xF0, 0x00,
  0x0F, 0xE0, 0x00, 0x0F, 0xE0, 0x00, 0x1F, 0xC0, 0x00, 0x1F, 0xC0, 0x00,
  0x3F, 0x80, 0x00, 0x3F, 0x80, 0x00, 0x7F, 0x80, 0x00, 0x7F, 0x00, 0x00,
  0xFF, 0x00, 0x00, 0xFE, 0x00, 0x00, 0xFE, 0x00, 0x01, 0xFC, 0x00, 0x01,
  0xFC, 0x00, 0x03, 0xFC, 0x00, 0x03, 0xF8, 0x00, 0x07, 0xF8, 0x00, 0x07,
  0xF0, 0x00, 0x0F, 0xF0, 0x00, 0x01, 0xFF, 0x00, 0x0F, 0xFF, 0x80, 0x7F,
  0xFF, 0xC1, 0xFF, 0xFF, 0xC3, 0xFF, 0xFF, 0x8F, 0xF8, 0xFF, 0x9F, 0xC0,
  0x7F, 0x3F, 0x80, 0xFE, 0x7E, 0x01, 0xFC, 0xFC, 0x03, 0xF9, 0xFC, 0x07,
  0xF3, 0xFC, 0x1F, 0xC3, 0xFC, 0x7F, 0x83, 0xFF, 0xFE, 0x03, 0xFF, 0xF8,
  0x03, 0xFF, 0xC0, 0x03, 0xFF, 0x80, 0x1F, 0xFF, 0xC0, 0x7F, 0xFF, 0xC1,
  0xFE, 0x7F, 0xC7, 0xF8, 0x7F, 0xDF, 0xE0, 0x3F, 0xBF, 0x80, 0x3F, 0xFE,
  0x00, 0x7F, 0xFC, 0x00, 0x7F, 0xF8, 0x00, 0xFF, 0xF8, 0x03, 0xFF, 0xF0,
  0x0F, 0xFF, 0xF8, 0x3F, 0xCF, 0xFF, 0xFF, 0x9F, 0xFF, 0xFE, 0x0F, 0xFF,
  0xF8, 0x0F, 0xFF, 0xC0, 0x03, 0xFE, 0x00, 0x01, 0xFE, 0x00, 0x0F, 0xFF,
  0x00, 0x7F, 0xFF, 0x81, 0xFF, 0xFF, 0x87, 0xFF, 0xFF, 0x0F, 0xFF, 0xFF,
  0x3F, 0xC0, 0xFF, 0x7F, 0x00, 0xFE, 0xFE, 0x01, 0xFD, 0xFC, 0x01, 0xFF,
  0xF0, 0x03, 0xFF, 0xE0, 0x07, 0xFF, 0xC0, 0x0F, 0xFF, 0xC0, 0x1F, 0xFF,
  0x80, 0x7F, 0xFF, 0x81, 0xFF, 0xFF, 0xFF, 0xFE, 0xFF, 0xFF, 0xFD, 0xFF,
  0xFD, 0xF9, 0xFF, 0xF3, 0xF1, 0xFF, 0xCF, 0xE0, 0x7E, 0x1F, 0xC0, 0x00,
  0x3F, 0x00, 0x00, 0x7E, 0x00, 0x01, 0xFC, 0x00, 0x07, 0xF0, 0x00, 0x1F,
  0xE0, 0x00, 0x7F, 0x83, 0xFF, 0xFF, 0x07, 0xFF, 0xFC, 0x0F, 0xFF, 0xF0,
  0x1F, 0xFF, 0x80, 0x3F, 0xFC, 0x00, 0x7F, 0xC0, 0x00, 0x7C, 0xFE, 0xFF,
  0xFF, 0xFF, 0xFE, 0xFE, 0x38, 0x00, 0x00, 0x00, 0x00, 0x00, 0x00, 0x00,
  0x00, 0x00, 0x3C, 0xFE, 0xFF, 0xFF, 0xFF, 0xFF, 0xFE, 0x7C, 0x1F, 0x0F,
  0xE3, 0xFC, 0xFF, 0x3F, 0xCF, 0xE3, 0xF8, 0x38, 0x00, 0x00, 0x00, 0x00,
  0x00, 0x00, 0x00, 0x00, 0x00, 0x00, 0x00, 0x00, 0x00, 0x00, 0x00, 0x1F,
  0xC7, 0xE3, 0xF8, 0xFE, 0x3F, 0x0F, 0xC3, 0xF1, 0xF8, 0x7E, 0x1F, 0x87,
  0xC1, 0xF0, 0x00, 0x00, 0x02, 0x00, 0x00, 0x1C, 0x00, 0x00, 0xF8, 0x00,
  0x07, 0xF0, 0x00, 0x3F, 0xE0, 0x01, 0xFF, 0xC0, 0x0F, 0xFE, 0x00, 0x7F,
  0xF0, 0x03, 0xFF, 0x00, 0x1F, 0xF8, 0x00, 0xFF, 0xC0, 0x07, 0xFE, 0x00,
  0x0F, 0xF0, 0x00, 0x1F, 0xE0, 0x00, 0x3F, 0xF8, 0x00, 0x3F, 0xFC, 0x00,
  0x0F, 0xFF, 0x00, 0x07, 0xFF, 0x80, 0x03, 0xFF, 0xC0, 0x01, 0xFF, 0xF0,
  0x00, 0x7F, 0xE0, 0x00, 0x3F, 0xC0, 0x00, 0x1F, 0x80, 0x00, 0x0F, 0x00,
  0x00, 0x02, 0xFF, 0xFF, 0xFF, 0xFF, 0xFF, 0xFF, 0xFF, 0xFF, 0xFF, 0xFF,
  0xFF, 0xFF, 0xFF, 0xFF, 0xE0, 0x00, 0x00, 0x00, 0x00, 0x00, 0x00, 0x00,
  0x00, 0x00, 0x00, 0x01, 0xFF, 0xFF, 0xFF, 0xFF, 0xFF, 0xFF, 0xFF, 0xFF,
  0xFF, 0xFF, 0xFF, 0xFF, 0xFF, 0xFF, 0xC0, 0x80, 0x00, 0x01, 0xC0, 0x00,
  0x03, 0xE0, 0x00, 0x07, 0xF0, 0x00, 0x0F, 0xF8, 0x00, 0x1F, 0xFC, 0x00,
  0x0F, 0xFE, 0x00, 0x07, 0xFF, 0x00, 0x03, 0xFF, 0x80, 0x01, 0xFF, 0xC0,
  0x00, 0x7F, 0xE0, 0x00, 0x3F, 0xF0, 0x00, 0x1F, 0xE0, 0x00, 0x7F, 0xC0,
  0x03, 0xFF, 0x80, 0x1F, 0xFC, 0x01, 0xFF, 0xE0, 0x0F, 0xFF, 0x00, 0xFF,
  0xF8, 0x07, 0xFF, 0x80, 0x0F, 0xFC, 0x00, 0x1F, 0xE0, 0x00, 0x3F, 0x00,
  0x00, 0x70, 0x00, 0x00, 0x80, 0x00, 0x00, 0x03, 0xFE, 0x00, 0xFF, 0xFE,
  0x1F, 0xFF, 0xF9, 0xFF, 0xFF, 0xE7, 0xFF, 0xFF, 0x3F, 0xFF, 0xFC, 0xF0,
  0x0F, 0xE4, 0x00, 0x7F, 0x00, 0x01, 0xF8, 0x00, 0x0F, 0xC0, 0x00, 0xFE,
  0x00, 0x0F, 0xF0, 0x00, 0xFF, 0x00, 0x0F, 0xF0, 0x01, 0xFF, 0x00, 0x1F,
  0xF0, 0x01, 0xFE, 0x00, 0x0F, 0xE0, 0x00, 0x7E, 0x00, 0x07, 0xF0, 0x00,
  0x3F, 0x00, 0x01, 0xF8, 0x00, 0x00, 0x00, 0x00, 0x00, 0x00, 0x00, 0x00,
  0x00, 0x00, 0x00, 0x00, 0x38, 0x00, 0x07, 0xF0, 0x00, 0x3F, 0x80, 0x01,
  0xFE, 0x00, 0x0F, 0xF0, 0x00, 0x7F, 0x00, 0x03, 0xF8, 0x00, 0x0F, 0x80,
  0x00, 0x00, 0x00, 0xFF, 0x80, 0x00, 0x00, 0x3F, 0xFF, 0xC0, 0x00, 0x03,
  0xFF, 0xFF, 0xC0, 0x00, 0x1F, 0xFF, 0xFF, 0xC0, 0x01, 0xFF, 0xC3, 0xFF,
  0x80, 0x0F, 0xF0, 0x00, 0xFF, 0x00, 0x7F, 0x00, 0x00, 0xFE, 0x03, 0xF8,
  0x00, 0x01, 0xF8, 0x0F, 0xC0, 0x00, 0x03, 0xF0, 0x7E, 0x03, 0xFE, 0x07,
  0xC1, 0xF0, 0x3F, 0xFF, 0x1F, 0x8F, 0x81, 0xFF, 0xFC, 0x3E, 0x3E, 0x0F,
  0xFF, 0xF0, 0xF9, 0xF8, 0x7F, 0x07, 0xC3, 0xF7, 0xC3, 0xF0, 0x1F, 0x07,
  0xDF, 0x0F, 0xC0, 0x7C, 0x1F, 0x7C, 0x7E, 0x01, 0xF0, 0x7F, 0xF1, 0xF8,
  0x07, 0xC1, 0xFF, 0xC7, 0xC0, 0x1F, 0x07, 0xFE, 0x1F, 0x00, 0x7C, 0x1F,
  0xF8, 0x7C, 0x03, 0xF0, 0xFB, 0xE1, 0xF8, 0x0F, 0xC3, 0xEF, 0xC7, 0xE0,
  0x3F, 0x0F, 0x9F, 0x0F, 0x81, 0xFC, 0x7E, 0x7C, 0x3F, 0x8F, 0xF9, 0xF1,
  0xF0, 0xFF, 0xFF, 0xFF, 0xC7, 0xC1, 0xFF, 0xF7, 0xFE, 0x1F, 0x83, 0xFF,
  0x9F, 0xF0, 0x3E, 0x03, 0xF8, 0x1F, 0x00, 0xFC, 0x00, 0x00, 0x00, 0x01,
  0xF8, 0x00, 0x00, 0x00, 0x03, 0xF0, 0x00, 0x00, 0x00, 0x0F, 0xF0, 0x00,
  0x1C, 0x00, 0x1F, 0xFE, 0x1F, 0xF0, 0x00, 0x1F, 0xFF, 0xFF, 0xC0, 0x00,
  0x3F, 0xFF, 0xFF, 0x00, 0x00, 0x3F, 0xFF, 0xF0, 0x00, 0x00, 0x0F, 0xFC,
  0x00, 0x00, 0x00, 0x0F, 0xF8, 0x00, 0x00, 0x1F, 0xF8, 0x00, 0x00, 0x1F,
  0xF8, 0x00, 0x00, 0x1F, 0xFC, 0x00, 0x00, 0x3F, 0xFC, 0x00, 0x00, 0x3F,
  0xFC, 0x00, 0x00, 0x3F, 0x7E, 0x00, 0x00, 0x7F, 0x7E, 0x00, 0x00, 0x7E,
  0x7F, 0x00, 0x00, 0x7E, 0x7F, 0x00, 0x00, 0xFE, 0x3F, 0x00, 0x00, 0xFC,
  0x3F, 0x80, 0x01, 0xFC, 0x3F, 0x80, 0x01, 0xFC, 0x1F, 0x80, 0x01, 0xFC,
  0x1F, 0xC0, 0x03, 0xF8, 0x1F, 0xC0, 0x03, 0xF8, 0x0F, 0xC0, 0x03, 0xF8,
  0x0F, 0xE0, 0x07, 0xF0, 0x0F, 0xE0, 0x07, 0xF0, 0x0F, 0xE0, 0x07, 0xFF,
  0xFF, 0xF0, 0x0F, 0xFF, 0xFF, 0xF0, 0x0F, 0xFF, 0xFF, 0xF0, 0x0F, 0xFF,
  0xFF, 0xF8, 0x1F, 0xFF, 0xFF, 0xF8, 0x1F, 0xFF, 0xFF, 0xF8, 0x1F, 0xC0,
  0x03, 0xFC, 0x3F, 0xC0, 0x01, 0xFC, 0x3F, 0x80, 0x01, 0xFE, 0x3F, 0x80,
  0x01, 0xFE, 0x7F, 0x80, 0x00, 0xFE, 0x7F, 0x00, 0x00, 0xFF, 0x7F, 0x00,
  0x00, 0xFF, 0xFF, 0x00, 0x00, 0x7F, 0xFF, 0xFF, 0x80, 0x7F, 0xFF, 0xF8,
  0x3F, 0xFF, 0xFF, 0x1F, 0xFF, 0xFF, 0xCF, 0xFF, 0xFF, 0xE7, 0xFF, 0xFF,
  0xFB, 0xF8, 0x07, 0xFD, 0xFC, 0x01, 0xFE, 0xFE, 0x00, 0x7F, 0x7F, 0x00,
  0x3F, 0xBF, 0x80, 0x1F, 0xDF, 0xC0, 0x1F, 0xEF, 0xE0, 0x0F, 0xE7, 0xFF,
  0xFF, 0xF3, 0xFF, 0xFF, 0xF1, 0xFF, 0xFF, 0xE0, 0xFF, 0xFF, 0xF8, 0x7F,
  0xFF, 0xFE, 0x3F, 0xFF, 0xFF, 0x9F, 0xC0, 0x3F, 0xEF, 0xE0, 0x07, 0xFF,
  0xF0, 0x03, 0xFF, 0xF8, 0x00, 0xFF, 0xFC, 0x00, 0x7F, 0xFE, 0x00, 0x3F,
  0xFF, 0x00, 0x3F, 0xFF, 0x80, 0x1F, 0xFF, 0xC0, 0x3F, 0xFF, 0xFF, 0xFF,
  0xF7, 0xFF, 0xFF, 0xFB, 0xFF, 0xFF, 0xF9, 0xFF, 0xFF, 0xF8, 0xFF, 0xFF,
  0xF0, 0x7F, 0xFF, 0xC0, 0x00, 0x00, 0x1F, 0xF0, 0x00, 0x7F, 0xFF, 0x00,
  0xFF, 0xFF, 0xE0, 0xFF, 0xFF, 0xF0, 0xFF, 0xFF, 0xF0, 0xFF, 0xFF, 0xF8,
  0xFF, 0xC0, 0x7C, 0x7F, 0xC0, 0x04, 0x7F, 0xC0, 0x00, 0x3F, 0xC0, 0x00,
  0x1F, 0xC0, 0x00, 0x1F, 0xE0, 0x00, 0x0F, 0xF0, 0x00, 0x07, 0xF0, 0x00,
  0x03, 0xF8, 0x00, 0x01, 0xFC, 0x00, 0x00, 0xFE, 0x00, 0x00, 0x7F, 0x00,
  0x00, 0x3F, 0x80, 0x00, 0x1F, 0xC0, 0x00, 0x0F, 0xE0, 0x00, 0x07, 0xF0,
  0x00, 0x03, 0xFC, 0x00, 0x01, 0xFE, 0x00, 0x00, 0x7F, 0x80, 0x00, 0x3F,
  0xC0, 0x00, 0x0F, 0xF0, 0x00, 0x47, 0xFE, 0x01, 0xE1, 0xFF, 0xFF, 0xF0,
  0xFF, 0xFF, 0xF8, 0x3F, 0xFF, 0xFC, 0x07, 0xFF, 0xFE, 0x01, 0xFF, 0xFF,
  0x00, 0x1F, 0xF8, 0x00, 0xFF, 0xFF, 0x00, 0x0F, 0xFF, 0xFE, 0x00, 0xFF,
  0xFF, 0xF8, 0x0F, 0xFF, 0xFF, 0xC0, 0xFF, 0xFF, 0xFF, 0x0F, 0xFF, 0xFF,
  0xF8, 0xFE, 0x01, 0xFF, 0x8F, 0xE0, 0x07, 0xFC, 0xFE, 0x00, 0x3F, 0xCF,
  0xE0, 0x01, 0xFE, 0xFE, 0x00, 0x0F, 0xEF, 0xE0, 0x00, 0xFE, 0xFE, 0x00,
  0x0F, 0xFF, 0xE0, 0x00, 0xFF, 0xFE, 0x00, 0x07, 0xFF, 0xE0, 0x00, 0x7F,
  0xFE, 0x00, 0x07, 0xFF, 0xE0, 0x00, 0x7F, 0xFE, 0x00, 0x07, 0xFF, 0xE0,
  0x00, 0xFF, 0xFE, 0x00, 0x0F, 0xFF, 0xE0, 0x00, 0xFF, 0xFE, 0x00, 0x0F,
  0xEF, 0xE0, 0x01, 0xFE, 0xFE, 0x00, 0x1F, 0xEF, 0xE0, 0x03, 0xFC, 0xFE,
  0x00, 0x7F, 0xCF, 0xE0, 0x1F, 0xF8, 0xFF, 0xFF, 0xFF, 0x0F, 0xFF, 0xFF,
  0xE0, 0xFF, 0xFF, 0xFC, 0x0F, 0xFF, 0xFF, 0x80, 0xFF, 0xFF, 0xE0, 0x0F,
  0xFF, 0xE0, 0x00, 0xFF, 0xFF, 0xFF, 0xFF, 0xFF, 0xFF, 0xFF, 0xFF, 0xFF,
  0xFF, 0xFF, 0xFF, 0xFF, 0xFF, 0xFF, 0xFE, 0x00, 0x0F, 0xE0, 0x00, 0xFE,
  0x00, 0x0F, 0xE0, 0x00, 0xFE, 0x00, 0x0F, 0xE0, 0x00, 0xFE, 0x00, 0x0F,
  0xFF, 0xFE, 0xFF, 0xFF, 0xEF, 0xFF, 0xFE, 0xFF, 0xFF, 0xEF, 0xFF, 0xFE,
  0xFF, 0xFF, 0xEF, 0xE0, 0x00, 0xFE, 0x00, 0x0F, 0xE0, 0x00, 0xFE, 0x00,
  0x0F, 0xE0, 0x00, 0xFE, 0x00, 0x0F, 0xE0, 0x00, 0xFE, 0x00, 0x0F, 0xE0,
  0x00, 0xFF, 0xFF, 0xFF, 0xFF, 0xFF, 0xFF, 0xFF, 0xFF, 0xFF, 0xFF, 0xFF,
  0xFF, 0xFF, 0xFF, 0xFF, 0xFF, 0xFF, 0xFF, 0xFF, 0xFF, 0xFF, 0xFF, 0xFF,
  0xFF, 0xFF, 0xFF, 0xFF, 0xFF, 0xFF, 0xFF, 0x80, 0x07, 0xF0, 0x00, 0xFE,
  0x00, 0x1F, 0xC0, 0x03, 0xF8, 0x00, 0x7F, 0x00, 0x0F, 0xE0, 0x01, 0xFC,
  0x00, 0x3F, 0x80, 0x07, 0xFF, 0xFF, 0xFF, 0xFF, 0xFF, 0xFF, 0xFF, 0xFF,
  0xFF, 0xFF, 0xFF, 0xFF, 0xFF, 0xFF, 0xFC, 0x00, 0x3F, 0x80, 0x07, 0xF0,
  0x00, 0xFE, 0x00, 0x1F, 0xC0, 0x03, 0xF8, 0x00, 0x7F, 0x00, 0x0F, 0xE0,
  0x01, 0xFC, 0x00, 0x3F, 0x80, 0x07, 0xF0, 0x00, 0xFE, 0x00, 0x1F, 0xC0,
  0x00, 0x00, 0x0F, 0xFC, 0x00, 0x0F, 0xFF, 0xF8, 0x07, 0xFF, 0xFF, 0x83,
  0xFF, 0xFF, 0xF0, 0xFF, 0xFF, 0xFC, 0x3F, 0xFF, 0xFF, 0x87, 0xFF, 0x00,
  0xE1, 0xFF, 0x80, 0x04, 0x7F, 0xC0, 0x00, 0x0F, 0xF0, 0x00, 0x01, 0xFE,
  0x00, 0x00, 0x7F, 0x80, 0x00, 0x0F, 0xF0, 0x00, 0x01, 0xFC, 0x00, 0x00,
  0x3F, 0x80, 0x00, 0x07, 0xF0, 0x1F, 0xFF, 0xFE, 0x03, 0xFF, 0xFF, 0xC0,
  0x7F, 0xFF, 0xF8, 0x0F, 0xFF, 0xFF, 0x01, 0xFF, 0xFF, 0xE0, 0x3F, 0xFF,
  0xFE, 0x00, 0x1F, 0xFF, 0xC0, 0x03, 0xFF, 0xF8, 0x00, 0x7F, 0x7F, 0x80,
  0x0F, 0xEF, 0xF0, 0x01, 0xFC, 0xFF, 0x80, 0x3F, 0x9F, 0xF8, 0x07, 0xF1,
  0xFF, 0xFF, 0xFE, 0x1F, 0xFF, 0xFF, 0xC1, 0xFF, 0xFF, 0xF8, 0x1F, 0xFF,
  0xFF, 0x00, 0xFF, 0xFF, 0xC0, 0x03, 0xFF, 0x80, 0xFE, 0x00, 0x07, 0xFF,
  0xE0, 0x00, 0x7F, 0xFE, 0x00, 0x07, 0xFF, 0xE0, 0x00, 0x7F, 0xFE, 0x00,
  0x07, 0xFF, 0xE0, 0x00, 0x7F, 0xFE, 0x00, 0x07, 0xFF, 0xE0, 0x00, 0x7F,
  0xFE, 0x00, 0x07, 0xFF, 0xE0, 0x00, 0x7F, 0xFE, 0x00, 0x07, 0xFF, 0xE0,
  0x00, 0x7F, 0xFE, 0x00, 0x07, 0xFF, 0xFF, 0xFF, 0xFF, 0xFF, 0xFF, 0xFF,
  0xFF, 0xFF, 0xFF, 0xFF, 0xFF, 0xFF, 0xFF, 0xFF, 0xFF, 0xFF, 0xFF, 0xFF,
  0xFF, 0xFF, 0xFF, 0xE0, 0x00, 0x7F, 0xFE, 0x00, 0x07, 0xFF, 0xE0, 0x00,
  0x7F, 0xFE, 0x00, 0x07, 0xFF, 0xE0, 0x00, 0x7F, 0xFE, 0x00, 0x07, 0xFF,
  0xE0, 0x00, 0x7F, 0xFE, 0x00, 0x07, 0xFF, 0xE0, 0x00, 0x7F, 0xFE, 0x00,
  0x07, 0xFF, 0xE0, 0x00, 0x7F, 0xFE, 0x00, 0x07, 0xFF, 0xE0, 0x00, 0x7F,
  0xFE, 0x00, 0x07, 0xFF, 0xE0, 0x00, 0x7F, 0xFF, 0xFF, 0xFF, 0xFF, 0xFF,
  0xFF, 0xFF, 0xFF, 0xFF, 0xFF, 0xFF, 0xFF, 0xFF, 0xFF, 0xFF, 0xFF, 0xFF,
  0xFF, 0xFF, 0xFF, 0xFF, 0xFF, 0xFF, 0xFF, 0xFF, 0xFF, 0xFF, 0xFF, 0xFF,
  0xFC, 0x01, 0xFC, 0x07, 0xF0, 0x1F, 0xC0, 0x7F, 0x01, 0xFC, 0x07, 0xF0,
  0x1F, 0xC0, 0x7F, 0x01, 0xFC, 0x07, 0xF0, 0x1F, 0xC0, 0x7F, 0x01, 0xFC,
  0x07, 0xF0, 0x1F, 0xC0, 0x7F, 0x01, 0xFC, 0x07, 0xF0, 0x1F, 0xC0, 0x7F,
  0x01, 0xFC, 0x07, 0xF0, 0x1F, 0xC0, 0x7F, 0x01, 0xFC, 0x07, 0xF0, 0x1F,
  0xC0, 0x7F, 0x01, 0xFC, 0x07, 0xF0, 0x1F, 0xC0, 0x7F, 0x01, 0xFC, 0x07,
  0xF0, 0x1F, 0xC0, 0x7F, 0x03, 0xFC, 0x1F, 0xFF, 0xFF, 0xBF, 0xFE, 0xFF,
  0xF3, 0xFF, 0x8F, 0xFC, 0x3F, 0x80, 0xFE, 0x00, 0x1F, 0xFF, 0xC0, 0x07,
  0xFB, 0xF8, 0x01, 0xFE, 0x7F, 0x00, 0x7F, 0x8F, 0xE0, 0x0F, 0xF1, 0xFC,
  0x03, 0xFC, 0x3F, 0x80, 0xFF, 0x07, 0xF0, 0x3F, 0xC0, 0xFE, 0x07, 0xF8,
  0x1F, 0xC1, 0xFE, 0x03, 0xF8, 0x7F, 0x80, 0x7F, 0x1F, 0xE0, 0x0F, 0xE7,
  0xF8, 0x01, 0xFC, 0xFF, 0x00, 0x3F, 0xBF, 0xC0, 0x07, 0xFF, 0xF8, 0x00,
  0xFF, 0xFF, 0x00, 0x1F, 0xFF, 0xF0, 0x03, 0xFF, 0xFF, 0x00, 0x7F, 0xFF,
  0xE0, 0x0F, 0xF9, 0xFE, 0x01, 0xFE, 0x3F, 0xC0, 0x3F, 0x83, 0xFC, 0x07,
  0xF0, 0x3F, 0xC0, 0xFE, 0x07, 0xF8, 0x1F, 0xC0, 0x7F, 0x83, 0xF8, 0x07,
  0xF8, 0x7F, 0x00, 0xFF, 0x0F, 0xE0, 0x0F, 0xF1, 0xFC, 0x01, 0xFE, 0x3F,
  0x80, 0x1F, 0xE7, 0xF0, 0x01, 0xFE, 0xFE, 0x00, 0x3F, 0xDF, 0xC0, 0x03,
  0xFC, 0xFE, 0x00, 0x07, 0xF0, 0x00, 0x3F, 0x80, 0x01, 0xFC, 0x00, 0x0F,
  0xE0, 0x00, 0x7F, 0x00, 0x03, 0xF8, 0x00, 0x1F, 0xC0, 0x00, 0xFE, 0x00,
  0x07, 0xF0, 0x00, 0x3F, 0x80, 0x01, 0xFC, 0x00, 0x0F, 0xE0, 0x00, 0x7F,
  0x00, 0x03, 0xF8, 0x00, 0x1F, 0xC0, 0x00, 0xFE, 0x00, 0x07, 0xF0, 0x00,
  0x3F, 0x80, 0x01, 0xFC, 0x00, 0x0F, 0xE0, 0x00, 0x7F, 0x00, 0x03, 0xF8,
  0x00, 0x1F, 0xC0, 0x00, 0xFE, 0x00, 0x07, 0xF0, 0x00, 0x3F, 0x80, 0x01,
  0xFC, 0x00, 0x0F, 0xFF, 0xFF, 0xFF, 0xFF, 0xFF, 0xFF, 0xFF, 0xFF, 0xFF,
  0xFF, 0xFF, 0xFF, 0xFF, 0xFF, 0xFF, 0xC0, 0xFF, 0xC0, 0x00, 0x3F, 0xFF,
  0xFC, 0x00, 0x03, 0xFF, 0xFF, 0xE0, 0x00, 0x3F, 0xFF, 0xFE, 0x00, 0x07,
  0xFF, 0xFF, 0xE0, 0x00, 0x7F, 0xFF, 0xFF, 0x00, 0x07, 0xFF, 0xFF, 0xF0,
  0x00, 0xFF, 0xFF, 0xFF, 0x00, 0x0F, 0xFF, 0xFD, 0xF8, 0x00, 0xFB, 0xFF,
  0xDF, 0x80, 0x1F, 0xBF, 0xFD, 0xF8, 0x01, 0xFB, 0xFF, 0xCF, 0x80, 0x1F,
  0x3F, 0xFC, 0xFC, 0x03, 0xF3, 0xFF, 0xCF, 0xC0, 0x3F, 0x3F, 0xFC, 0x7C,
  0x03, 0xE7, 0xFF, 0xE7, 0xE0, 0x7E, 0x7F, 0xFE, 0x7E, 0x07, 0xE7, 0xFF,
  0xE7, 0xE0, 0x7C, 0x7F, 0xFE, 0x3F, 0x0F, 0xC7, 0xFF, 0xE3, 0xF0, 0xFC,
  0x7F, 0xFE, 0x3F, 0x0F, 0x87, 0xFF, 0xE1, 0xF1, 0xF8, 0x7F, 0xFE, 0x1F,
  0x9F, 0x87, 0xFF, 0xE1, 0xF9, 0xF0, 0x7F, 0xFE, 0x0F, 0xBF, 0x07, 0xFF,
  0xE0, 0xFF, 0xF0, 0x7F, 0xFE, 0x0F, 0xFE, 0x07, 0xFF, 0xE0, 0xFF, 0xE0,
  0x7F, 0xFE, 0x07, 0xFE, 0x07, 0xFF, 0xE0, 0x7F, 0xC0, 0x7F, 0xFE, 0x07,
  0xFC, 0x07, 0xFF, 0xE0, 0x3F, 0xC0, 0x7F, 0xFE, 0x03, 0xF8, 0x07, 0xFF,
  0xE0, 0x3F, 0x80, 0x7F, 0xFF, 0x80, 0x00, 0xFF, 0xFF, 0x00, 0x03, 0xFF,
  0xFE, 0x00, 0x0F, 0xFF, 0xF8, 0x00, 0x3F, 0xFF, 0xF0, 0x00, 0xFF, 0xFF,
  0xC0, 0x03, 0xFF, 0xFF, 0x80, 0x0F, 0xFF, 0xFF, 0x00, 0x3F, 0xFF, 0xFC,
  0x00, 0xFF, 0xF7, 0xF8, 0x03, 0xFF, 0xCF, 0xE0, 0x0F, 0xFF, 0x3F, 0xC0,
  0x3F, 0xFC, 0x7F, 0x00, 0xFF, 0xF1, 0xFE, 0x03, 0xFF, 0xC3, 0xFC, 0x0F,
  0xFF, 0x0F, 0xF0, 0x3F, 0xFE, 0x1F, 0xE0, 0xFF, 0xF8, 0x3F, 0x83, 0xFF,
  0xE0, 0xFF, 0x0F, 0xFF, 0x81, 0xFC, 0x3F, 0xFE, 0x07, 0xF8, 0xFF, 0xF8,
  0x0F, 0xF3, 0xFF, 0xE0, 0x3F, 0xCF, 0xFF, 0x80, 0x7F, 0xBF, 0xFE, 0x00,
  0xFE, 0xFF, 0xF8, 0x03, 0xFF, 0xFF, 0xE0, 0x07, 0xFF, 0xFF, 0x80, 0x1F,
  0xFF, 0xFE, 0x00, 0x3F, 0xFF, 0xF8, 0x00, 0xFF, 0xFF, 0xE0, 0x01, 0xFF,
  0xFF, 0x80, 0x03, 0xFF, 0xFE, 0x00, 0x0F, 0xFF, 0xF8, 0x00, 0x1F, 0xF0,
  0x00, 0x1F, 0xF8, 0x00, 0x00, 0xFF, 0xFF, 0x00, 0x03, 0xFF, 0xFF, 0x80,
  0x07, 0xFF, 0xFF, 0xE0, 0x0F, 0xFF, 0xFF, 0xF0, 0x1F, 0xFF, 0xFF, 0xF0,
  0x3F, 0xF0, 0x1F, 0xF8, 0x3F, 0xE0, 0x07, 0xFC, 0x7F, 0xC0, 0x03, 0xFC,
  0x7F, 0x80, 0x01, 0xFE, 0x7F, 0x00, 0x01, 0xFE, 0xFF, 0x00, 0x01, 0xFE,
  0xFF, 0x00, 0x00, 0xFE, 0xFE, 0x00, 0x00, 0xFE, 0xFE, 0x00, 0x00, 0xFF,
  0xFE, 0x00, 0x00, 0xFF, 0xFE, 0x00, 0x00, 0xFF, 0xFE, 0x00, 0x00, 0xFF,
  0xFE, 0x00, 0x00, 0xFF, 0xFE, 0x00, 0x00, 0xFF, 0xFE, 0x00, 0x00, 0xFE,
  0xFF, 0x00, 0x00, 0xFE, 0xFF, 0x00, 0x01, 0xFE, 0x7F, 0x00, 0x01, 0xFE,
  0x7F, 0x80, 0x01, 0xFE, 0x7F, 0xC0, 0x03, 0xFC, 0x3F, 0xE0, 0x07, 0xFC,
  0x3F, 0xF0, 0x1F, 0xF8, 0x1F, 0xFF, 0xFF, 0xF0, 0x0F, 0xFF, 0xFF, 0xF0,
  0x07, 0xFF, 0xFF, 0xE0, 0x03, 0xFF, 0xFF, 0x80, 0x00, 0xFF, 0xFF, 0x00,
  0x00, 0x1F, 0xF0, 0x00, 0xFF, 0xFF, 0x01, 0xFF, 0xFF, 0xC3, 0xFF, 0xFF,
  0xC7, 0xFF, 0xFF, 0xCF, 0xFF, 0xFF, 0xDF, 0xFF, 0xFF, 0xBF, 0x80, 0xFF,
  0xFF, 0x00, 0xFF, 0xFE, 0x00, 0xFF, 0xFC, 0x01, 0xFF, 0xF8, 0x03, 0xFF,
  0xF0, 0x07, 0xFF, 0xE0, 0x0F, 0xFF, 0xC0, 0x1F, 0xFF, 0x80, 0x7F, 0xFF,
  0x03, 0xFF, 0xFF, 0xFF, 0xFD, 0xFF, 0xFF, 0xF3, 0xFF, 0xFF, 0xE7, 0xFF,
  0xFF, 0x8F, 0xFF, 0xFC, 0x1F, 0xFF, 0xC0, 0x3F, 0x80, 0x00, 0x7F, 0x00,
  0x00, 0xFE, 0x00, 0x01, 0xFC, 0x00, 0x03, 0xF8, 0x00, 0x07, 0xF0, 0x00,
  0x0F, 0xE0, 0x00, 0x1F, 0xC0, 0x00, 0x3F, 0x80, 0x00, 0x7F, 0x00, 0x00,
  0xFE, 0x00, 0x01, 0xFC, 0x00, 0x00, 0x00, 0x1F, 0xF8, 0x00, 0x00, 0xFF,
  0xFF, 0x00, 0x03, 0xFF, 0xFF, 0x80, 0x07, 0xFF, 0xFF, 0xE0, 0x0F, 0xFF,
  0xFF, 0xF0, 0x1F, 0xFF, 0xFF, 0xF0, 0x3F, 0xF0, 0x1F, 0xF8, 0x3F, 0xE0,
  0x07, 0xFC, 0x7F, 0xC0, 0x03, 0xFC, 0x7F, 0x80, 0x01, 0xFE, 0x7F, 0x00,
  0x01, 0xFE, 0xFF, 0x00, 0x01, 0xFE, 0xFF, 0x00, 0x00, 0xFE, 0xFE, 0x00,
  0x00, 0xFE, 0xFE, 0x00, 0x00, 0xFF, 0xFE, 0x00, 0x00, 0xFF, 0xFE, 0x00,
  0x00, 0xFF, 0xFE, 0x00, 0x00, 0xFF, 0xFE, 0x00, 0x00, 0xFF, 0xFE, 0x00,
  0x00, 0xFF, 0xFE, 0x00, 0x00, 0xFE, 0xFF, 0x00, 0x00, 0xFE, 0xFF, 0x00,
  0x01, 0xFE, 0x7F, 0x00, 0x01, 0xFE, 0x7F, 0x80, 0x01, 0xFE, 0x7F, 0xC0,
  0x03, 0xFC, 0x3F, 0xE0, 0x07, 0xFC, 0x3F, 0xF0, 0x1F, 0xF8, 0x1F, 0xFF,
  0xFF, 0xF0, 0x0F, 0xFF, 0xFF, 0xF0, 0x07, 0xFF, 0xFF, 0xE0, 0x03, 0xFF,
  0xFF, 0x80, 0x00, 0xFF, 0xFE, 0x00, 0x00, 0x1F, 0xFF, 0x00, 0x00, 0x00,
  0x7F, 0x80, 0x00, 0x00, 0x7F, 0xC0, 0x00, 0x00, 0x3F, 0xE0, 0x00, 0x00,
  0x1F, 0xF0, 0x00, 0x00, 0x0F, 0xF8, 0x00, 0x00, 0x0F, 0xF8, 0x00, 0x00,
  0x07, 0xFC, 0x00, 0x00, 0x03, 0xFE, 0xFF, 0xFE, 0x00, 0x1F, 0xFF, 0xF8,
  0x03, 0xFF, 0xFF, 0xC0, 0x7F, 0xFF, 0xFC, 0x0F, 0xFF, 0xFF, 0xC1, 0xFF,
  0xFF, 0xF8, 0x3F, 0x80, 0xFF, 0x87, 0xF0, 0x0F, 0xF0, 0xFE, 0x00, 0xFE,
  0x1F, 0xC0, 0x1F, 0xC3, 0xF8, 0x03, 0xF8, 0x7F, 0x00, 0x7F, 0x0F, 0xE0,
  0x0F, 0xE1, 0xFC, 0x03, 0xFC, 0x3F, 0x80, 0xFF, 0x07, 0xFF, 0xFF, 0xE0,
  0xFF, 0xFF, 0xF8, 0x1F, 0xFF, 0xFE, 0x03, 0xFF, 0xFF, 0x80, 0x7F, 0xFF,
  0xC0, 0x0F, 0xFF, 0xFC, 0x01, 0xFC, 0x3F, 0xC0, 0x3F, 0x83, 0xF8, 0x07,
  0xF0, 0x3F, 0x80, 0xFE, 0x07, 0xF8, 0x1F, 0xC0, 0x7F, 0x03, 0xF8, 0x07,
  0xF0, 0x7F, 0x00, 0xFF, 0x0F, 0xE0, 0x0F, 0xE1, 0xFC, 0x01, 0xFE, 0x3F,
  0x80, 0x1F, 0xE7, 0xF0, 0x01, 0xFC, 0xFE, 0x00, 0x3F, 0xDF, 0xC0, 0x03,
  0xFC, 0x00, 0xFF, 0x00, 0x1F, 0xFF, 0xC0, 0xFF, 0xFF, 0xC7, 0xFF, 0xFE,
  0x3F, 0xFF, 0xF9, 0xFF, 0xFF, 0xE7, 0xF8, 0x0F, 0x1F, 0xC0, 0x04, 0x7F,
  0x00, 0x01, 0xFC, 0x00, 0x07, 0xF0, 0x00, 0x1F, 0xE0, 0x00, 0x7F, 0xC0,
  0x01, 0xFF, 0xC0, 0x03, 0xFF, 0xC0, 0x07, 0xFF, 0xC0, 0x0F, 0xFF, 0xC0,
  0x1F, 0xFF, 0x80, 0x1F, 0xFF, 0x00, 0x1F, 0xFE, 0x00, 0x1F, 0xF8, 0x00,
  0x1F, 0xF0, 0x00, 0x3F, 0xC0, 0x00, 0x7F, 0x00, 0x01, 0xFC, 0x00, 0x07,
  0xFE, 0x00, 0x1F, 0xFF, 0x01, 0xFF, 0xFF, 0xFF, 0xFB, 0xFF, 0xFF, 0xEF,
  0xFF, 0xFF, 0x3F, 0xFF, 0xF8, 0x7F, 0xFF, 0x80, 0x1F, 0xF0, 0x00, 0xFF,
  0xFF, 0xFF, 0xFF, 0xFF, 0xFF, 0xFF, 0xFF, 0xFF, 0xFF, 0xFF, 0xFF, 0xFF,
  0xFF, 0xFF, 0xFF, 0xFF, 0xFF, 0xFC, 0x01, 0xFC, 0x00, 0x00, 0xFE, 0x00,
  0x00, 0x7F, 0x00, 0x00, 0x3F, 0x80, 0x00, 0x1F, 0xC0, 0x00, 0x0F, 0xE0,
  0x00, 0x07, 0xF0, 0x00, 0x03, 0xF8, 0x00, 0x01, 0xFC, 0x00, 0x00, 0xFE,
  0x00, 0x00, 0x7F, 0x00, 0x00, 0x3F, 0x80, 0x00, 0x1F, 0xC0, 0x00, 0x0F,
  0xE0, 0x00, 0x07, 0xF0, 0x00, 0x03, 0xF8, 0x00, 0x01, 0xFC, 0x00, 0x00,
  0xFE, 0x00, 0x00, 0x7F, 0x00, 0x00, 0x3F, 0x80, 0x00, 0x1F, 0xC0, 0x00,
  0x0F, 0xE0, 0x00, 0x07, 0xF0, 0x00, 0x03, 0xF8, 0x00, 0x01, 0xFC, 0x00,
  0x00, 0xFE, 0x00, 0x00, 0x7F, 0x00, 0x00, 0x3F, 0x80, 0x00, 0xFE, 0x00,
  0x0F, 0xFF, 0xE0, 0x00, 0xFF, 0xFE, 0x00, 0x0F, 0xFF, 0xE0, 0x00, 0xFF,
  0xFE, 0x00, 0x0F, 0xFF, 0xE0, 0x00, 0xFF, 0xFE, 0x00, 0x0F, 0xFF, 0xE0,
  0x00, 0xFF, 0xFE, 0x00, 0x0F, 0xFF, 0xE0, 0x00, 0xFF, 0xFE, 0x00, 0x0F,
  0xFF, 0xE0, 0x00, 0xFF, 0xFE, 0x00, 0x0F, 0xFF, 0xE0, 0x00, 0xFF, 0xFE,
  0x00, 0x0F, 0xFF, 0xE0, 0x00, 0xFF, 0xFE, 0x00, 0x0F, 0xFF, 0xE0, 0x00,
  0xFF, 0xFE, 0x00, 0x0F, 0xFF, 0xE0, 0x00, 0xFF, 0xFE, 0x00, 0x0F, 0xFF,
  0xE0, 0x00, 0xFF, 0xFE, 0x00, 0x0F, 0xFF, 0xE0, 0x00, 0xFE, 0xFF, 0x00,
  0x0F, 0xEF, 0xF0, 0x01, 0xFE, 0x7F, 0x80, 0x1F, 0xE7, 0xFE, 0x07, 0xFC,
  0x3F, 0xFF, 0xFF, 0xC3, 0xFF, 0xFF, 0xF8, 0x1F, 0xFF, 0xFF, 0x00, 0xFF,
  0xFF, 0xE0, 0x03, 0xFF, 0xF8, 0x00, 0x07, 0xFC, 0x00, 0xFE, 0x00, 0x01,
  0xFD, 0xFE, 0x00, 0x03, 0xF9, 0xFC, 0x00, 0x07, 0xF3, 0xF8, 0x00, 0x1F,
  0xC3, 0xF8, 0x00, 0x3F, 0x87, 0xF0, 0x00, 0x7F, 0x0F, 0xE0, 0x01, 0xFC,
  0x0F, 0xE0, 0x03, 0xF8, 0x1F, 0xC0, 0x07, 0xF0, 0x3F, 0x80, 0x1F, 0xC0,
  0x3F, 0x00, 0x3F, 0x80, 0x7F, 0x00, 0x7F, 0x00, 0xFE, 0x01, 0xFC, 0x00,
  0xFC, 0x03, 0xF8, 0x01, 0xFC, 0x07, 0xF0, 0x03, 0xF8, 0x1F, 0xC0, 0x03,
  0xF0, 0x3F, 0x80, 0x07, 0xF0, 0x7F, 0x00, 0x0F, 0xE0, 0xFC, 0x00, 0x0F,
  0xC3, 0xF8, 0x00, 0x1F, 0xC7, 0xF0, 0x00, 0x3F, 0x8F, 0xC0, 0x00, 0x3F,
  0x3F, 0x80, 0x00, 0x7E, 0x7F, 0x00, 0x00, 0xFE, 0xFC, 0x00, 0x00, 0xFD,
  0xF8, 0x00, 0x01, 0xFF, 0xF0, 0x00, 0x03, 0xFF, 0xC0, 0x00, 0x03, 0xFF,
  0x80, 0x00, 0x07, 0xFF, 0x00, 0x00, 0x0F, 0xFC, 0x00, 0x00, 0x0F, 0xF8,
  0x00, 0x00, 0x1F, 0xF0, 0x00, 0x00, 0x3F, 0xC0, 0x00, 0xFE, 0x00, 0x1F,
  0xC0, 0x03, 0xFF, 0xF0, 0x00, 0xFE, 0x00, 0x1F, 0xDF, 0xC0, 0x07, 0xF8,
  0x00, 0xFE, 0xFE, 0x00, 0x7F, 0xC0, 0x07, 0xF7, 0xF0, 0x03, 0xFE, 0x00,
  0x7F, 0x3F, 0x80, 0x1F, 0xF8, 0x03, 0xF8, 0xFC, 0x00, 0xFF, 0xC0, 0x1F,
  0xC7, 0xF0, 0x0F, 0xFE, 0x00, 0xFE, 0x3F, 0x80, 0x7F, 0xF0, 0x0F, 0xE1,
  0xFC, 0x03, 0xEF, 0xC0, 0x7F, 0x07, 0xE0, 0x1F, 0x7E, 0x03, 0xF8, 0x3F,
  0x81, 0xFB, 0xF0, 0x1F, 0xC1, 0xFC, 0x0F, 0xDF, 0x80, 0xFC, 0x0F, 0xE0,
  0x7E, 0x7E, 0x0F, 0xE0, 0x3F, 0x03, 0xF3, 0xF0, 0x7F, 0x01, 0xFC, 0x3F,
  0x1F, 0x83, 0xF8, 0x0F, 0xE1, 0xF8, 0xFC, 0x1F, 0x80, 0x7F, 0x0F, 0xC3,
  0xF1, 0xFC, 0x01, 0xF8, 0x7E, 0x1F, 0x8F, 0xE0, 0x0F, 0xC7, 0xE0, 0xFC,
  0x7F, 0x00, 0x7F, 0x3F, 0x07, 0xE3, 0xF0, 0x03, 0xF9, 0xF8, 0x1F, 0x9F,
  0x80, 0x0F, 0xCF, 0xC0, 0xFD, 0xFC, 0x00, 0x7E, 0x7C, 0x07, 0xEF, 0xE0,
  0x03, 0xF7, 0xE0, 0x3F, 0x7E, 0x00, 0x1F, 0xFF, 0x00, 0xFB, 0xF0, 0x00,
  0x7F, 0xF8, 0x07, 0xDF, 0x80, 0x03, 0xFF, 0x80, 0x3F, 0xFC, 0x00, 0x1F,
  0xFC, 0x01, 0xFF, 0xC0, 0x00, 0xFF, 0xE0, 0x07, 0xFE, 0x00, 0x03, 0xFF,
  0x00, 0x3F, 0xF0, 0x00, 0x1F, 0xF0, 0x01, 0xFF, 0x80, 0x00, 0xFF, 0x80,
  0x0F, 0xF8, 0x00, 0x07, 0xFC, 0x00, 0x3F, 0xC0, 0x00, 0x7F, 0x80, 0x01,
  0xFC, 0x7F, 0x00, 0x07, 0xF8, 0xFF, 0x00, 0x1F, 0xE0, 0xFF, 0x00, 0x3F,
  0x80, 0xFE, 0x00, 0xFF, 0x01, 0xFE, 0x01, 0xFC, 0x01, 0xFC, 0x07, 0xF8,
  0x03, 0xFC, 0x0F, 0xE0, 0x03, 0xFC, 0x3F, 0x80, 0x03, 0xF8, 0xFF, 0x00,
  0x07, 0xF9, 0xFC, 0x00, 0x07, 0xF7, 0xF0, 0x00, 0x07, 0xFF, 0xE0, 0x00,
  0x0F, 0xFF, 0x80, 0x00, 0x0F, 0xFF, 0x00, 0x00, 0x0F, 0xFC, 0x00, 0x00,
  0x1F, 0xF0, 0x00, 0x00, 0x7F, 0xE0, 0x00, 0x00, 0xFF, 0xE0, 0x00, 0x03,
  0xFF, 0xE0, 0x00, 0x07, 0xFF, 0xC0, 0x00, 0x1F, 0xDF, 0xC0, 0x00, 0x7F,
  0xBF, 0xC0, 0x00, 0xFE, 0x3F, 0x80, 0x03, 0xF8, 0x7F, 0x80, 0x0F, 0xF0,
  0x7F, 0x80, 0x1F, 0xC0, 0x7F, 0x00, 0x7F, 0x80, 0xFF, 0x01, 0xFE, 0x00,
  0xFF, 0x03, 0xF8, 0x01, 0xFE, 0x0F, 0xF0, 0x01, 0xFE, 0x1F, 0xC0, 0x01,
  0xFE, 0x7F, 0x80, 0x03, 0xFD, 0xFE, 0x00, 0x03, 0xFC, 0xFF, 0x00, 0x07,
  0xFB, 0xF8, 0x00, 0x3F, 0xDF, 0xE0, 0x03, 0xFC, 0x7F, 0x00, 0x1F, 0xC3,
  0xFC, 0x01, 0xFE, 0x0F, 0xE0, 0x0F, 0xE0, 0x7F, 0x80, 0xFF, 0x01, 0xFC,
  0x07, 0xF0, 0x0F, 0xF0, 0x7F, 0x80, 0x3F, 0x83, 0xF8, 0x00, 0xFE, 0x3F,
  0xC0, 0x07, 0xF1, 0xFC, 0x00, 0x1F, 0xDF, 0xE0, 0x00, 0xFE, 0xFE, 0x00,
  0x03, 0xFF, 0xF0, 0x00, 0x1F, 0xFF, 0x00, 0x00, 0x7F, 0xF8, 0x00, 0x03,
  0xFF, 0x80, 0x00, 0x0F, 0xF8, 0x00, 0x00, 0x7F, 0xC0, 0x00, 0x01, 0xFC,
  0x00, 0x00, 0x0F, 0xE0, 0x00, 0x00, 0x7F, 0x00, 0x00, 0x03, 0xF8, 0x00,
  0x00, 0x1F, 0xC0, 0x00, 0x00, 0xFE, 0x00, 0x00, 0x07, 0xF0, 0x00, 0x00,
  0x3F, 0x80, 0x00, 0x01, 0xFC, 0x00, 0x00, 0x0F, 0xE0, 0x00, 0x00, 0x7F,
  0x00, 0x00, 0x03, 0xF8, 0x00, 0x00, 0x1F, 0xC0, 0x00, 0x00, 0xFE, 0x00,
  0x00, 0x7F, 0xFF, 0xFF, 0xBF, 0xFF, 0xFF, 0xDF, 0xFF, 0xFF, 0xEF, 0xFF,
  0xFF, 0xF7, 0xFF, 0xFF, 0xFB, 0xFF, 0xFF, 0xF8, 0x00, 0x03, 0xF8, 0x00,
  0x03, 0xFC, 0x00, 0x03, 0xFC, 0x00, 0x01, 0xFC, 0x00, 0x01, 0xFE, 0x00,
  0x01, 0xFE, 0x00, 0x00, 0xFE, 0x00, 0x00, 0xFF, 0x00, 0x00, 0xFF, 0x00,
  0x00, 0x7F, 0x00, 0x00, 0x7F, 0x80, 0x00, 0x7F, 0x80, 0x00, 0x3F, 0x80,
  0x00, 0x3F, 0x80, 0x00, 0x3F, 0xC0, 0x00, 0x1F, 0xC0, 0x00, 0x1F, 0xC0,
  0x00, 0x1F, 0xE0, 0x00, 0x1F, 0xE0, 0x00, 0x0F, 0xE0, 0x00, 0x0F, 0xF0,
  0x00, 0x0F, 0xF0, 0x00, 0x07, 0xFF, 0xFF, 0xFF, 0xFF, 0xFF, 0xFF, 0xFF,
  0xFF, 0xFF, 0xFF, 0xFF, 0xFF, 0xFF, 0xFF, 0xFF, 0xFF, 0xFF, 0xFF, 0xC0,
  0xFF, 0xFF, 0xFF, 0xFF, 0xFF, 0xFF, 0xFF, 0xF8, 0x3F, 0x07, 0xE0, 0xFC,
  0x1F, 0x83, 0xF0, 0x7E, 0x0F, 0xC1, 0xF8, 0x3F, 0x07, 0xE0, 0xFC, 0x1F,
  0x83, 0xF0, 0x7E, 0x0F, 0xC1, 0xF8, 0x3F, 0x07, 0xE0, 0xFC, 0x1F, 0x83,
  0xF0, 0x7E, 0x0F, 0xC1, 0xF8, 0x3F, 0x07, 0xE0, 0xFC, 0x1F, 0x83, 0xF0,
  0x7E, 0x0F, 0xFF, 0xFF, 0xFF, 0xFF, 0xFF, 0xFF, 0xE0, 0xFE, 0x00, 0x0F,
  0xC0, 0x01, 0xFC, 0x00, 0x1F, 0x80, 0x03, 0xF0, 0x00, 0x7F, 0x00, 0x07,
  0xE0, 0x00, 0xFC, 0x00, 0x1F, 0xC0, 0x01, 0xF8, 0x00, 0x3F, 0x00, 0x03,
  0xF0, 0x00, 0x7E, 0x00, 0x0F, 0xE0, 0x00, 0xFC, 0x00, 0x1F, 0x80, 0x03,
  0xF8, 0x00, 0x3F, 0x00, 0x07, 0xE0, 0x00, 0xFE, 0x00, 0x0F, 0xC0, 0x01,
  0xFC, 0x00, 0x1F, 0x80, 0x03, 0xF0, 0x00, 0x7F, 0x00, 0x07, 0xE0, 0x00,
  0xFC, 0x00, 0x1F, 0xC0, 0x01, 0xF8, 0x00, 0x3F, 0x00, 0x07, 0xF0, 0x00,
  0x7E, 0x00, 0x0F, 0xE0, 0x00, 0xFC, 0xFF, 0xFF, 0xFF, 0xFF, 0xFF, 0xFF,
  0xFE, 0x0F, 0xC1, 0xF8, 0x3F, 0x07, 0xE0, 0xFC, 0x1F, 0x83, 0xF0, 0x7E,
  0x0F, 0xC1, 0xF8, 0x3F, 0x07, 0xE0, 0xFC, 0x1F, 0x83, 0xF0, 0x7E, 0x0F,
  0xC1, 0xF8, 0x3F, 0x07, 0xE0, 0xFC, 0x1F, 0x83, 0xF0, 0x7E, 0x0F, 0xC1,
  0xF8, 0x3F, 0x07, 0xE0, 0xFC, 0x1F, 0x83, 0xFF, 0xFF, 0xFF, 0xFF, 0xFF,
  0xFF, 0xFF, 0xE0, 0x00, 0x3C, 0x00, 0x00, 0x3E, 0x00, 0x00, 0x1F, 0x80,
  0x00, 0x0F, 0xC0, 0x00, 0x0F, 0xF0, 0x00, 0x07, 0xF8, 0x00, 0x07, 0xFE,
  0x00, 0x03, 0xFF, 0x00, 0x03, 0xE7, 0xC0, 0x01, 0xF3, 0xE0, 0x01, 0xF0,
  0xF8, 0x00, 0xF8, 0x7C, 0x00, 0xFC, 0x1F, 0x00, 0x7C, 0x0F, 0x80, 0x7E,
  0x03, 0xE0, 0x3E, 0x01, 0xF0, 0x1F, 0x00, 0x7C, 0x1F, 0x00, 0x3E, 0x0F,
  0x80, 0x0F, 0x8F, 0xC0, 0x07, 0xE7, 0xC0, 0x01, 0xF7, 0xE0, 0x00, 0xFC,
  0xFF, 0xFF, 0xFF, 0xFF, 0xFF, 0xFF, 0xFF, 0x80, 0xFF, 0x03, 0xFC, 0x0F,
  0xE0, 0x3F, 0x80, 0xFE, 0x03, 0xF8, 0x07, 0xC0, 0x1F, 0x01, 0xFF, 0x80,
  0x1F, 0xFF, 0xC0, 0xFF, 0xFF, 0xE0, 0xFF, 0xFF, 0xC1, 0xFF, 0xFF, 0xC1,
  0xF0, 0x7F, 0x83, 0x00, 0x7F, 0x80, 0x00, 0x7F, 0x00, 0x00, 0xFE, 0x00,
  0x01, 0xFC, 0x03, 0xFF, 0xF8, 0x7F, 0xFF, 0xF3, 0xFF, 0xFF, 0xEF, 0xFF,
  0xFF, 0xDF, 0xF0, 0x3F, 0xFF, 0x80, 0x7F, 0xFE, 0x00, 0xFF, 0xFC, 0x01,
  0xFF, 0xF8, 0x07, 0xFF, 0xFC, 0x3F, 0xFF, 0xFF, 0xFF, 0xEF, 0xFF, 0xEF,
  0xCF, 0xFF, 0x9F, 0x8F, 0xFE, 0x3F, 0x07, 0xF0, 0x3E, 0xFE, 0x00, 0x00,
  0xFE, 0x00, 0x00, 0xFE, 0x00, 0x00, 0xFE, 0x00, 0x00, 0xFE, 0x00, 0x00,
  0xFE, 0x00, 0x00, 0xFE, 0x00, 0x00, 0xFE, 0x00, 0x00, 0xFE, 0x00, 0x00,
  0xFE, 0x00, 0x00, 0xFE, 0x00, 0x00, 0xFE, 0x1F, 0x80, 0xFE, 0x7F, 0xE0,
  0xFE, 0xFF, 0xF0, 0xFD, 0xFF, 0xF8, 0xFF, 0xFF, 0xFC, 0xFF, 0xFF, 0xFC,
  0xFF, 0x83, 0xFE, 0xFF, 0x01, 0xFE, 0xFE, 0x00, 0xFE, 0xFE, 0x00, 0xFE,
  0xFE, 0x00, 0xFF, 0xFE, 0x00, 0xFF, 0xFE, 0x00, 0xFF, 0xFE, 0x00, 0xFF,
  0xFE, 0x00, 0xFF, 0xFE, 0x00, 0xFE, 0xFE, 0x00, 0xFE, 0xFF, 0x01, 0xFE,
  0xFF, 0x83, 0xFE, 0xFF, 0xFF, 0xFC, 0xFF, 0xFF, 0xFC, 0xFF, 0xFF, 0xF8,
  0xFD, 0xFF, 0xF0, 0xFC, 0x7F, 0xE0, 0xF8, 0x3F, 0x80, 0x00, 0x7F, 0x80,
  0x1F, 0xFF, 0x83, 0xFF, 0xFC, 0x3F, 0xFF, 0xE3, 0xFF, 0xFF, 0x1F, 0xFF,
  0xF1, 0xFF, 0x01, 0x8F, 0xF0, 0x00, 0x7F, 0x00, 0x07, 0xF8, 0x00, 0x3F,
  0x80, 0x01, 0xFC, 0x00, 0x0F, 0xE0, 0x00, 0x7F, 0x00, 0x03, 0xF8, 0x00,
  0x1F, 0xE0, 0x00, 0xFF, 0x00, 0x03, 0xFC, 0x00, 0x9F, 0xF0, 0x1C, 0xFF,
  0xFF, 0xE3, 0xFF, 0xFF, 0x0F, 0xFF, 0xF8, 0x3F, 0xFF, 0xC0, 0xFF, 0xFC,
  0x00, 0xFF, 0x80, 0x00, 0x00, 0x7F, 0x00, 0x00, 0x7F, 0x00, 0x00, 0x7F,
  0x00, 0x00, 0x7F, 0x00, 0x00, 0x7F, 0x00, 0x00, 0x7F, 0x00, 0x00, 0x7F,
  0x00, 0x00, 0x7F, 0x00, 0x00, 0x7F, 0x00, 0x00, 0x7F, 0x00, 0x00, 0x7F,
  0x01, 0xF8, 0x7F, 0x07, 0xFE, 0x7F, 0x1F, 0xFF, 0x7F, 0x1F, 0xFF, 0xBF,
  0x3F, 0xFF, 0xFF, 0x7F, 0xFF, 0xFF, 0x7F, 0xC1, 0xFF, 0x7F, 0x80, 0xFF,
  0xFF, 0x00, 0x7F, 0xFF, 0x00, 0x7F, 0xFE, 0x00, 0x7F, 0xFE, 0x00, 0x7F,
  0xFE, 0x00, 0x3F, 0xFE, 0x00, 0x3F, 0xFE, 0x00, 0x7F, 0xFF, 0x00, 0x7F,
  0xFF, 0x00, 0x7F, 0x7F, 0x00, 0x7F, 0x7F, 0x80, 0xFF, 0x7F, 0xFF, 0xFF,
  0x3F, 0xFF, 0xFF, 0x3F, 0xFF, 0xFF, 0x1F, 0xFF, 0x3F, 0x07, 0xFE, 0x3F,
  0x01, 0xF8, 0x1F, 0x00, 0xFF, 0x00, 0x03, 0xFF, 0xE0, 0x0F, 0xFF, 0xF0,
  0x1F, 0xFF, 0xF8, 0x3F, 0xFF, 0xFC, 0x3F, 0xC1, 0xFE, 0x7F, 0x00, 0xFE,
  0x7F, 0x00, 0x7E, 0x7E, 0x00, 0x7F, 0xFF, 0xFF, 0xFF, 0xFF, 0xFF, 0xFF,
  0xFF, 0xFF, 0xFF, 0xFF, 0xFF, 0xFF, 0xFF, 0xFF, 0xFF, 0xFE, 0x00, 0x00,
  0xFE, 0x00, 0x00, 0x7F, 0x00, 0x00, 0x7F, 0x00, 0x00, 0x7F, 0x80, 0x04,
  0x3F, 0xF0, 0x7C, 0x3F, 0xFF, 0xFC, 0x1F, 0xFF, 0xFC, 0x0F, 0xFF, 0xFC,
  0x03, 0xFF, 0xFC, 0x00, 0x7F, 0xE0, 0x00, 0x7F, 0x80, 0x3F, 0xFC, 0x0F,
  0xFF, 0x83, 0xFF, 0xE0, 0xFF, 0xFC, 0x1F, 0xFF, 0x83, 0xFC, 0x00, 0x7F,
  0x00, 0x0F, 0xE0, 0x01, 0xFC, 0x00, 0x3F, 0x80, 0x0F, 0xFF, 0xC7, 0xFF,
  0xF9, 0xFF, 0xFF, 0x3F, 0xFF, 0xE7, 0xFF, 0xFC, 0x0F, 0xE0, 0x01, 0xFC,
  0x00, 0x3F, 0x80, 0x07, 0xF0, 0x00, 0xFE, 0x00, 0x1F, 0xC0, 0x03, 0xF8,
  0x00, 0x7F, 0x00, 0x0F, 0xE0, 0x01, 0xFC, 0x00, 0x3F, 0x80, 0x07, 0xF0,
  0x00, 0xFE, 0x00, 0x1F, 0xC0, 0x03, 0xF8, 0x00, 0x7F, 0x00, 0x0F, 0xE0,
  0x01, 0xFC, 0x00, 0x3F, 0x80, 0x07, 0xF0, 0x00, 0x00, 0xFF, 0xFF, 0xC0,
  0xFF, 0xFF, 0xF0, 0xFF, 0xFF, 0xFC, 0x3F, 0xFF, 0xFF, 0x1F, 0xE3, 0xFF,
  0x0F, 0xF0, 0x3F, 0x03, 0xF8, 0x0F, 0xE0, 0xFE, 0x03, 0xF8, 0x3F, 0x80,
  0xFE, 0x0F, 0xE0, 0x3F, 0x83, 0xF8, 0x0F, 0xE0, 0x7F, 0x03, 0xF8, 0x1F,
  0xE3, 0xFC, 0x03, 0xFF, 0xFF, 0x00, 0x7F, 0xFF, 0x80, 0x0F, 0xFF, 0x80,
  0x07, 0xFF, 0x80, 0x03, 0xE0, 0x00, 0x01, 0xF8, 0x00, 0x00, 0x7F, 0x00,
  0x00, 0x1F, 0xFF, 0xF8, 0x03, 0xFF, 0xFF, 0x80, 0xFF, 0xFF, 0xF0, 0x1F,
  0xFF, 0xFE, 0x1F, 0xFF, 0xFF, 0x8F, 0xFF, 0xFF, 0xF7, 0xE0, 0x01, 0xFF,
  0xF0, 0x00, 0x7F, 0xFC, 0x00, 0x1F, 0xFF, 0x00, 0x07, 0xEF, 0xE0, 0x07,
  0xF9, 0xFF, 0xFF, 0xFC, 0x7F, 0xFF, 0xFE, 0x0F, 0xFF, 0xFF, 0x01, 0xFF,
  0xFF, 0x00, 0x0F, 0xFE, 0x00, 0xFE, 0x00, 0x01, 0xFC, 0x00, 0x03, 0xF8,
  0x00, 0x07, 0xF0, 0x00, 0x0F, 0xE0, 0x00, 0x1F, 0xC0, 0x00, 0x3F, 0x80,
  0x00, 0x7F, 0x00, 0x00, 0xFE, 0x00, 0x01, 0xFC, 0x00, 0x03, 0xF8, 0x00,
  0x07, 0xF0, 0xFE, 0x0F, 0xE7, 0xFF, 0x1F, 0x9F, 0xFF, 0x3F, 0x7F, 0xFF,
  0x7F, 0xFF, 0xFF, 0xFF, 0xFF, 0xFF, 0xFF, 0x03, 0xFF, 0xFC, 0x03, 0xFF,
  0xF0, 0x07, 0xFF, 0xE0, 0x0F, 0xFF, 0xC0, 0x1F, 0xFF, 0x80, 0x3F, 0xFF,
  0x00, 0x7F, 0xFE, 0x00, 0xFF, 0xFC, 0x01, 0xFF, 0xF8, 0x03, 0xFF, 0xF0,
  0x07, 0xFF, 0xE0, 0x0F, 0xFF, 0xC0, 0x1F, 0xFF, 0x80, 0x3F, 0xFF, 0x00,
  0x7F, 0xFE, 0x00, 0xFF, 0xFC, 0x01, 0xFF, 0xF8, 0x03, 0xFF, 0xF0, 0x07,
  0xF0, 0x3C, 0x7F, 0xFF, 0xFF, 0xFF, 0x7F, 0x3C, 0x00, 0x00, 0x00, 0x7F,
  0x7F, 0x7F, 0x7F, 0x7F, 0x7F, 0x7F, 0x7F, 0x7F, 0x7F, 0x7F, 0x7F, 0x7F,
  0x7F, 0x7F, 0x7F, 0x7F, 0x7F, 0x7F, 0x7F, 0x7F, 0x7F, 0x7F, 0x7F, 0x7F,
  0x00, 0xF0, 0x07, 0xF0, 0x3F, 0xC0, 0xFF, 0x03, 0xFC, 0x07, 0xF0, 0x0F,
  0x00, 0x00, 0x00, 0x00, 0x00, 0x00, 0x1F, 0xC0, 0x7F, 0x01, 0xFC, 0x07,
  0xF0, 0x1F, 0xC0, 0x7F, 0x01, 0xFC, 0x07, 0xF0, 0x1F, 0xC0, 0x7F, 0x01,
  0xFC, 0x07, 0xF0, 0x1F, 0xC0, 0x7F, 0x01, 0xFC, 0x07, 0xF0, 0x1F, 0xC0,
  0x7F, 0x01, 0xFC, 0x07, 0xF0, 0x1F, 0xC0, 0x7F, 0x01, 0xFC, 0x07, 0xF0,
  0x1F, 0xC0, 0x7F, 0x01, 0xFC, 0x07, 0xF0, 0x3F, 0xC0, 0xFF, 0xFF, 0xFB,
  0xFF, 0xEF, 0xFF, 0x3F, 0xFC, 0xFF, 0xE3, 0xFE, 0x00, 0xFE, 0x00, 0x00,
  0x7F, 0x00, 0x00, 0x3F, 0x80, 0x00, 0x1F, 0xC0, 0x00, 0x0F, 0xE0, 0x00,
  0x07, 0xF0, 0x00, 0x03, 0xF8, 0x00, 0x01, 0xFC, 0x00, 0x00, 0xFE, 0x00,
  0x00, 0x7F, 0x00, 0x00, 0x3F, 0x80, 0x00, 0x1F, 0xC0, 0x1F, 0xEF, 0xE0,
  0x1F, 0xE7, 0xF0, 0x1F, 0xE3, 0xF8, 0x1F, 0xE1, 0xFC, 0x1F, 0xE0, 0xFE,
  0x1F, 0xE0, 0x7F, 0x1F, 0xE0, 0x3F, 0x8F, 0xF0, 0x1F, 0xCF, 0xF0, 0x0F,
  0xCF, 0xF0, 0x07, 0xEF, 0xF0, 0x03, 0xFF, 0xF8, 0x01, 0xFF, 0xFE, 0x00,
  0xFF, 0xFF, 0x00, 0x7F, 0xFF, 0xC0, 0x3F, 0xEF, 0xF0, 0x1F, 0xE3, 0xFC,
  0x0F, 0xE0, 0xFE, 0x07, 0xF0, 0x7F, 0x83, 0xF8, 0x1F, 0xE1, 0xFC, 0x07,
  0xF8, 0xFE, 0x03, 0xFC, 0x7F, 0x00, 0xFF, 0x3F, 0x80, 0x3F, 0xDF, 0xC0,
  0x0F, 0xF0, 0xFF, 0xFF, 0xFF, 0xFF, 0xFF, 0xFF, 0xFF, 0xFF, 0xFF, 0xFF,
  0xFF, 0xFF, 0xFF, 0xFF, 0xFF, 0xFF, 0xFF, 0xFF, 0xFF, 0xFF, 0xFF, 0xFF,
  0xFF, 0xFF, 0xFF, 0xFF, 0xFF, 0xFF, 0xFF, 0xFF, 0xFF, 0xF0, 0xF8, 0x1F,
  0xC0, 0x1F, 0x81, 0xF1, 0xFF, 0xE1, 0xFF, 0xE3, 0xF7, 0xFF, 0xE7, 0xFF,
  0xE7, 0xFF, 0xFF, 0xDF, 0xFF, 0xCF, 0xFF, 0xFF, 0xFF, 0xFF, 0xDF, 0xFF,
  0xFF, 0xFF, 0xFF, 0xBF, 0xE0, 0xFF, 0xE0, 0xFF, 0x7F, 0x80, 0xFF, 0x80,
  0xFF, 0xFE, 0x01, 0xFE, 0x01, 0xFF, 0xFC, 0x01, 0xFC, 0x01, 0xFF, 0xF8,
  0x03, 0xF8, 0x03, 0xFF, 0xF0, 0x07, 0xF0, 0x07, 0xFF, 0xE0, 0x0F, 0xE0,
  0x0F, 0xFF, 0xC0, 0x1F, 0xC0, 0x1F, 0xFF, 0x80, 0x3F, 0x80, 0x3F, 0xFF,
  0x00, 0x7F, 0x00, 0x7F, 0xFE, 0x00, 0xFE, 0x00, 0xFF, 0xFC, 0x01, 0xFC,
  0x01, 0xFF, 0xF8, 0x03, 0xF8, 0x03, 0xFF, 0xF0, 0x07, 0xF0, 0x07, 0xFF,
  0xE0, 0x0F, 0xE0, 0x0F, 0xFF, 0xC0, 0x1F, 0xC0, 0x1F, 0xFF, 0x80, 0x3F,
  0x80, 0x3F, 0xFF, 0x00, 0x7F, 0x00, 0x7F, 0xFE, 0x00, 0xFE, 0x00, 0xFE,
  0xF8, 0x1F, 0xC1, 0xF0, 0xFF, 0xE3, 0xF7, 0xFF, 0xE7, 0xEF, 0xFF, 0xEF,
  0xFF, 0xFF, 0xFF, 0xFF, 0xFF, 0xFF, 0xE0, 0x7F, 0xFF, 0x80, 0x7F, 0xFE,
  0x00, 0xFF, 0xFC, 0x01, 0xFF, 0xF8, 0x03, 0xFF, 0xF0, 0x07, 0xFF, 0xE0,
  0x0F, 0xFF, 0xC0, 0x1F, 0xFF, 0x80, 0x3F, 0xFF, 0x00, 0x7F, 0xFE, 0x00,
  0xFF, 0xFC, 0x01, 0xFF, 0xF8, 0x03, 0xFF, 0xF0, 0x07, 0xFF, 0xE0, 0x0F,
  0xFF, 0xC0, 0x1F, 0xFF, 0x80, 0x3F, 0xFF, 0x00, 0x7F, 0xFE, 0x00, 0xFE,
  0x00, 0x7F, 0x80, 0x01, 0xFF, 0xF0, 0x03, 0xFF, 0xFE, 0x03, 0xFF, 0xFF,
  0x83, 0xFF, 0xFF, 0xE1, 0xFF, 0xFF, 0xF1, 0xFE, 0x03, 0xFC, 0xFE, 0x00,
  0xFE, 0x7F, 0x00, 0x7F, 0xFF, 0x80, 0x1F, 0xFF, 0x80, 0x0F, 0xFF, 0xC0,
  0x07, 0xFF, 0xE0, 0x03, 0xFF, 0xF0, 0x01, 0xFF, 0xF8, 0x00, 0xFF, 0xFE,
  0x00, 0xFF, 0x7F, 0x00, 0x7F, 0xBF, 0x80, 0x3F, 0x9F, 0xE0, 0x3F, 0xC7,
  0xFF, 0xFF, 0xC3, 0xFF, 0xFF, 0xE0, 0xFF, 0xFF, 0xE0, 0x3F, 0xFF, 0xE0,
  0x07, 0xFF, 0xC0, 0x00, 0xFF, 0x80, 0x00, 0xF8, 0x1F, 0x80, 0xFC, 0x7F,
  0xE0, 0xFC, 0xFF, 0xF0, 0xFD, 0xFF, 0xF8, 0xFF, 0xFF, 0xFC, 0xFF, 0xFF,
  0xFC, 0xFF, 0x81, 0xFE, 0xFF, 0x01, 0xFE, 0xFE, 0x00, 0xFE, 0xFE, 0x00,
  0xFE, 0xFE, 0x00, 0xFF, 0xFE, 0x00, 0xFF, 0xFE, 0x00, 0xFF, 0xFE, 0x00,
  0xFF, 0xFE, 0x00, 0xFF, 0xFE, 0x00, 0xFE, 0xFE, 0x00, 0xFE, 0xFF, 0x01,
  0xFE, 0xFF, 0x83, 0xFE, 0xFF, 0xFF, 0xFC, 0xFF, 0xFF, 0xFC, 0xFF, 0xFF,
  0xF8, 0xFD, 0xFF, 0xF0, 0xFE, 0x7F, 0xE0, 0xFE, 0x3F, 0x80, 0xFE, 0x00,
  0x00, 0xFE, 0x00, 0x00, 0xFE, 0x00, 0x00, 0xFE, 0x00, 0x00, 0xFE, 0x00,
  0x00, 0xFE, 0x00, 0x00, 0xFE, 0x00, 0x00, 0xFE, 0x00, 0x00, 0xFE, 0x00,
  0x00, 0xFE, 0x00, 0x00, 0xFE, 0x00, 0x00, 0x01, 0xF8, 0x3F, 0x07, 0xFE,
  0x3F, 0x1F, 0xFF, 0x3F, 0x1F, 0xFF, 0xBF, 0x3F, 0xFF, 0xFF, 0x7F, 0xFF,
  0xFF, 0x7F, 0x81, 0xFF, 0x7F, 0x00, 0xFF, 0xFF, 0x00, 0x7F, 0xFF, 0x00,
  0x7F, 0xFE, 0x00, 0x7F, 0xFE, 0x00, 0x7F, 0xFE, 0x00, 0x3F, 0xFE, 0x00,
  0x3F, 0xFE, 0x00, 0x7F, 0xFF, 0x00, 0x7F, 0xFF, 0x00, 0x7F, 0x7F, 0x00,
  0x7F, 0x7F, 0x80, 0xFF, 0x7F, 0xFF, 0xFF, 0x3F, 0xFF, 0xFF, 0x3F, 0xFF,
  0xFF, 0x1F, 0xFF, 0x7F, 0x07, 0xFE, 0x7F, 0x01, 0xF8, 0x7F, 0x00, 0x00,
  0x7F, 0x00, 0x00, 0x7F, 0x00, 0x00, 0x7F, 0x00, 0x00, 0x7F, 0x00, 0x00,
  0x7F, 0x00, 0x00, 0x7F, 0x00, 0x00, 0x7F, 0x00, 0x00, 0x7F, 0x00, 0x00,
  0x7F, 0x00, 0x00, 0x7F, 0x00, 0x00, 0x7F, 0xF8, 0x1F, 0xF8, 0x7F, 0xFC,
  0xFF, 0xFD, 0xFF, 0xFD, 0xFF, 0xFF, 0xFF, 0xFF, 0xFF, 0xFF, 0x80, 0xFF,
  0x00, 0xFE, 0x00, 0xFE, 0x00, 0xFE, 0x00, 0xFE, 0x00, 0xFE, 0x00, 0xFE,
  0x00, 0xFE, 0x00, 0xFE, 0x00, 0xFE, 0x00, 0xFE, 0x00, 0xFE, 0x00, 0xFE,
  0x00, 0xFE, 0x00, 0xFE, 0x00, 0xFE, 0x00, 0xFE, 0x00, 0x03, 0xFE, 0x01,
  0xFF, 0xFC, 0x3F, 0xFF, 0xE7, 0xFF, 0xFE, 0xFF, 0xFF, 0xCF, 0xF0, 0x7C,
  0xFE, 0x00, 0x8F, 0xE0, 0x00, 0xFF, 0x80, 0x07, 0xFE, 0x00, 0x7F, 0xFC,
  0x03, 0xFF, 0xF0, 0x1F, 0xFF, 0x80, 0x7F, 0xFC, 0x01, 0xFF, 0xE0, 0x03,
  0xFE, 0x00, 0x0F, 0xF0, 0x00, 0x7F, 0xC0, 0x07, 0xFF, 0xC1, 0xFE, 0xFF,
  0xFF, 0xEF, 0xFF, 0xFC, 0xFF, 0xFF, 0xCF, 0xFF, 0xF0, 0x1F, 0xF8, 0x00,
  0x03, 0xC0, 0x01, 0xF0, 0x00, 0x7C, 0x00, 0x1F, 0x00, 0x0F, 0xC0, 0x07,
  0xFF, 0xF7, 0xFF, 0xFF, 0xFF, 0xFF, 0xFF, 0xFF, 0xFF, 0xFF, 0xF1, 0xFC,
  0x00, 0x7F, 0x00, 0x1F, 0xC0, 0x07, 0xF0, 0x01, 0xFC, 0x00, 0x7F, 0x00,
  0x1F, 0xC0, 0x07, 0xF0, 0x01, 0xFC, 0x00, 0x7F, 0x00, 0x1F, 0xC0, 0x07,
  0xF0, 0x01, 0xFE, 0x00, 0x7F, 0x80, 0x0F, 0xFF, 0xC3, 0xFF, 0xF0, 0xFF,
  0xFC, 0x1F, 0xFF, 0x03, 0xFF, 0xC0, 0x3F, 0xC0, 0xFE, 0x00, 0xFF, 0xFC,
  0x01, 0xFF, 0xF8, 0x03, 0xFF, 0xF0, 0x07, 0xFF, 0xE0, 0x0F, 0xFF, 0xC0,
  0x1F, 0xFF, 0x80, 0x3F, 0xFF, 0x00, 0x7F, 0xFE, 0x00, 0xFF, 0xFC, 0x01,
  0xFF, 0xF8, 0x03, 0xFF, 0xF0, 0x07, 0xFF, 0xE0, 0x0F, 0xFF, 0xC0, 0x1F,
  0xFF, 0x80, 0x3F, 0xFF, 0x00, 0x7F, 0xFE, 0x01, 0xFF, 0xFC, 0x03, 0xFF,
  0xFC, 0x0F, 0xFF, 0xFF, 0xFF, 0xFF, 0xFF, 0xFF, 0xEF, 0xFF, 0xEF, 0xCF,
  0xFF, 0xDF, 0x8F, 0xFE, 0x3F, 0x07, 0xF0, 0x3E, 0xFF, 0x00, 0x1F, 0xEF,
  0xE0, 0x03, 0xF9, 0xFC, 0x00, 0x7F, 0x3F, 0xC0, 0x1F, 0xC3, 0xF8, 0x03,
  0xF8, 0x7F, 0x00, 0xFF, 0x07, 0xF0, 0x1F, 0xC0, 0xFE, 0x03, 0xF8, 0x1F,
  0xC0, 0xFE, 0x01, 0xFC, 0x1F, 0xC0, 0x3F, 0x83, 0xF8, 0x07, 0xF0, 0xFE,
  0x00, 0x7F, 0x1F, 0xC0, 0x0F, 0xE3, 0xF0, 0x00, 0xFC, 0xFE, 0x00, 0x1F,
  0xDF, 0xC0, 0x03, 0xFB, 0xF0, 0x00, 0x3F, 0x7E, 0x00, 0x07, 0xFF, 0xC0,
  0x00, 0x7F, 0xF0, 0x00, 0x0F, 0xFE, 0x00, 0x01, 0xFF, 0x80, 0x00, 0x1F,
  0xF0, 0x00, 0x03, 0xFE, 0x00, 0x00, 0x3F, 0x80, 0x00, 0x7F, 0x00, 0xFF,
  0x00, 0x7F, 0x7F, 0x00, 0xFF, 0x00, 0xFE, 0x7F, 0x00, 0xFF, 0x80, 0xFE,
  0x7F, 0x01, 0xFF, 0x80, 0xFE, 0x3F, 0x81, 0xFF, 0x80, 0xFC, 0x3F, 0x81,
  0xFF, 0x81, 0xFC, 0x3F, 0x81, 0xFF, 0xC1, 0xFC, 0x1F, 0x83, 0xE7, 0xC1,
  0xFC, 0x1F, 0xC3, 0xE7, 0xC1, 0xF8, 0x1F, 0xC3, 0xE7, 0xC3, 0xF8, 0x0F,
  0xC3, 0xE7, 0xE3, 0xF8, 0x0F, 0xC7, 0xC3, 0xE3, 0xF0, 0x0F, 0xE7, 0xC3,
  0xE7, 0xF0, 0x0F, 0xE7, 0xC3, 0xE7, 0xF0, 0x07, 0xE7, 0xC3, 0xF7, 0xF0,
  0x07, 0xEF, 0xC1, 0xF7, 0xE0, 0x07, 0xEF, 0x81, 0xF7, 0xE0, 0x03, 0xFF,
  0x81, 0xF7, 0xE0, 0x03, 0xFF, 0x81, 0xFF, 0xC0, 0x03, 0xFF, 0x80, 0xFF,
  0xC0, 0x03, 0xFF, 0x00, 0xFF, 0xC0, 0x01, 0xFF, 0x00, 0xFF, 0x80, 0x01,
  0xFF, 0x00, 0xFF, 0x80, 0x01, 0xFF, 0x00, 0xFF, 0x80, 0x00, 0xFE, 0x00,
  0x7F, 0x80, 0x7F, 0x80, 0x3F, 0xC7, 0xF8, 0x07, 0xF8, 0xFF, 0x01, 0xFE,
  0x0F, 0xF0, 0x7F, 0x80, 0xFE, 0x0F, 0xE0, 0x1F, 0xE3, 0xFC, 0x01, 0xFE,
  0xFF, 0x00, 0x1F, 0xDF, 0xC0, 0x03, 0xFF, 0xF8, 0x00, 0x3F, 0xFE, 0x00,
  0x03, 0xFF, 0x80, 0x00, 0x7F, 0xF0, 0x00, 0x07, 0xFC, 0x00, 0x01, 0xFF,
  0xC0, 0x00, 0x7F, 0xFC, 0x00, 0x0F, 0xFF, 0x80, 0x03, 0xFF, 0xF8, 0x00,
  0xFF, 0x7F, 0x80, 0x1F, 0xC7, 0xF0, 0x07, 0xF8, 0x7F, 0x01, 0xFE, 0x0F,
  0xF0, 0x3F, 0x80, 0xFF, 0x0F, 0xF0, 0x1F, 0xE3, 0xFC, 0x01, 0xFE, 0x7F,
  0x00, 0x1F, 0xE0, 0xFF, 0x00, 0x1F, 0xEF, 0xE0, 0x03, 0xF9, 0xFE, 0x00,
  0xFF, 0x3F, 0xC0, 0x1F, 0xC3, 0xF8, 0x03, 0xF8, 0x7F, 0x80, 0xFF, 0x07,
  0xF0, 0x1F, 0xC0, 0xFE, 0x03, 0xF8, 0x1F, 0xE0, 0xFE, 0x01, 0xFC, 0x1F,
  0xC0, 0x3F, 0x83, 0xF8, 0x03, 0xF8, 0xFE, 0x00, 0x7F, 0x1F, 0xC0, 0x07,
  0xE3, 0xF8, 0x00, 0xFE, 0xFE, 0x00, 0x1F, 0xDF, 0xC0, 0x01, 0xFB, 0xF0,
  0x00, 0x3F, 0x7E, 0x00, 0x03, 0xFF, 0xC0, 0x00, 0x7F, 0xF0, 0x00, 0x0F,
  0xFE, 0x00, 0x00, 0xFF, 0x80, 0x00, 0x1F, 0xF0, 0x00, 0x01, 0xFE, 0x00,
  0x00, 0x3F, 0x80, 0x00, 0x07, 0xF0, 0x00, 0x00, 0xFE, 0x00, 0x00, 0x3F,
  0x80, 0x00, 0x0F, 0xF0, 0x00, 0x03, 0xFC, 0x00, 0x0F, 0xFF, 0x80, 0x01,
  0xFF, 0xE0, 0x00, 0x3F, 0xF8, 0x00, 0x07, 0xFE, 0x00, 0x00, 0xFF, 0x80,
  0x00, 0x1F, 0xC0, 0x00, 0x00, 0x7F, 0xFF, 0xF3, 0xFF, 0xFF, 0x9F, 0xFF,
  0xFC, 0xFF, 0xFF, 0xE7, 0xFF, 0xFF, 0x00, 0x07, 0xF0, 0x00, 0x7F, 0x80,
  0x07, 0xF8, 0x00, 0x3F, 0x80, 0x03, 0xF8, 0x00, 0x3F, 0xC0, 0x03, 0xFC,
  0x00, 0x1F, 0xC0, 0x01, 0xFC, 0x00, 0x1F, 0xE0, 0x01, 0xFE, 0x00, 0x0F,
  0xE0, 0x00, 0xFE, 0x00, 0x0F, 0xE0, 0x00, 0xFF, 0x00, 0x07, 0xFF, 0xFF,
  0xFF, 0xFF, 0xFF, 0xFF, 0xFF, 0xFF, 0xFF, 0xFF, 0xFF, 0xFF, 0xF8, 0x00,
  0x3F, 0x00, 0xFF, 0x01, 0xFF, 0x03, 0xFF, 0x03, 0xFF, 0x03, 0xF8, 0x03,
  0xF0, 0x03, 0xF0, 0x03, 0xF0, 0x03, 0xF0, 0x03, 0xF0, 0x03, 0xF0, 0x03,
  0xF0, 0x03, 0xF0, 0x07, 0xF0, 0x07, 0xF0, 0x0F, 0xE0, 0xFF, 0xE0, 0xFF,
  0xC0, 0xFF, 0x80, 0xFE, 0x00, 0xFF, 0xC0, 0xFF, 0xE0, 0x1F, 0xE0, 0x07,
  0xF0, 0x07, 0xF0, 0x03, 0xF0, 0x03, 0xF0, 0x03, 0xF0, 0x03, 0xF0, 0x03,
  0xF0, 0x03, 0xF0, 0x03, 0xF0, 0x03, 0xF0, 0x03, 0xF0, 0x03, 0xF8, 0x03,
  0xFF, 0x03, 0xFF, 0x01, 0xFF, 0x00, 0xFF, 0x00, 0x3F, 0xFF, 0xFF, 0xFF,
  0xFF, 0xFF, 0xFF, 0xFF, 0xFF, 0xFF, 0xFF, 0xFF, 0xFF, 0xFF, 0xFF, 0xFF,
  0xFF, 0xFF, 0xFF, 0xFF, 0xFF, 0xFF, 0xFF, 0xFF, 0xFF, 0xFF, 0xFF, 0xFF,
  0xFF, 0xFF, 0xE0, 0xFC, 0x00, 0xFF, 0x00, 0xFF, 0x80, 0xFF, 0x80, 0xFF,
  0xC0, 0x3F, 0xC0, 0x1F, 0xC0, 0x0F, 0xC0, 0x0F, 0xC0, 0x0F, 0xC0, 0x0F,
  0xC0, 0x0F, 0xC0, 0x0F, 0xC0, 0x0F, 0xC0, 0x0F, 0xC0, 0x0F, 0xC0, 0x0F,
  0xE0, 0x0F, 0xFF, 0x07, 0xFF, 0x01, 0xFF, 0x00, 0x7F, 0x03, 0xFF, 0x07,
  0xFF, 0x0F, 0xF0, 0x0F, 0xE0, 0x0F, 0xC0, 0x0F, 0xC0, 0x0F, 0xC0, 0x0F,
  0xC0, 0x0F, 0xC0, 0x0F, 0xC0, 0x0F, 0xC0, 0x0F, 0xC0, 0x0F, 0xC0, 0x1F,
  0xC0, 0x3F, 0xC0, 0xFF, 0xC0, 0xFF, 0x80, 0xFF, 0x80, 0xFF, 0x00, 0xF8,
  0x00, 0x1F, 0x80, 0x02, 0xFF, 0xE0, 0x0F, 0xFF, 0xF8, 0x3F, 0xFF, 0xFF,
  0xFF, 0xFF, 0xFF, 0xFC, 0x1F, 0xFF, 0xF0, 0x07, 0xFF, 0x40, 0x03, 0xF8,
  0x00, 0x00, 0x00, 0x00, 0x00, 0x00, 0x00, 0x00, 0x00, 0x00, 0x00, 0x00,
  0x00, 0x00, 0x00, 0x00, 0x00, 0x00, 0x00, 0x00, 0x00, 0x00, 0x00, 0x00,
  0x00, 0x00, 0x00, 0x00, 0x00, 0x00, 0x00, 0x00, 0x00, 0x00, 0x3C, 0xFE,
  0xFF, 0xFF, 0xFF, 0xFF, 0xFE, 0x3C, 0x00, 0x00, 0x00, 0x00, 0x7C, 0x7E,
  0x7E, 0x7E, 0x7E, 0x7E, 0xFE, 0xFE, 0xFE, 0xFE, 0xFE, 0xFE, 0xFE, 0xFE,
  0xFE, 0xFE, 0xFE, 0xFE, 0xFE, 0xFF, 0xFF, 0x00, 0x3C, 0x00, 0x01, 0xE0,
  0x00, 0x0F, 0x00, 0x00, 0x78, 0x00, 0x0F, 0xFC, 0x01, 0xFF, 0xF8, 0x3F,
  0xFF, 0xE3, 0xFF, 0xFE, 0x3F, 0xFF, 0xF1, 0xFF, 0xFF, 0x1F, 0xF0, 0x18,
  0xFF, 0x00, 0x07, 0xF0, 0x00, 0x3F, 0x80, 0x03, 0xFC, 0x00, 0x1F, 0xE0,
  0x00, 0xFE, 0x00, 0x07, 0xF0, 0x00, 0x3F, 0x80, 0x01, 0xFE, 0x00, 0x07,
  0xF0, 0x00, 0x3F, 0x80, 0x01, 0xFE, 0x00, 0x0F, 0xF8, 0x06, 0x3F, 0xFF,
  0xF1, 0xFF, 0xFF, 0x87, 0xFF, 0xFC, 0x1F, 0xFF, 0xE0, 0x3F, 0xFF, 0x00,
  0x7F, 0xC0, 0x00, 0xF0, 0x00, 0x07, 0x80, 0x00, 0x3C, 0x00, 0x01, 0xE0,
  0x00, 0x00, 0x3F, 0xE0, 0x00, 0xFF, 0xFC, 0x01, 0xFF, 0xFE, 0x03, 0xFF,
  0xFC, 0x07, 0xFF, 0xFC, 0x07, 0xFF, 0xFC, 0x0F, 0xF0, 0x18, 0x0F, 0xE0,
  0x00, 0x0F, 0xE0, 0x00, 0x0F, 0xE0, 0x00, 0x0F, 0xE0, 0x00, 0x0F, 0xE0,
  0x00, 0x0F, 0xE0, 0x00, 0x0F, 0xE0, 0x00, 0xFF, 0xFF, 0xF0, 0xFF, 0xFF,
  0xF0, 0xFF, 0xFF, 0xF0, 0xFF, 0xFF, 0xF0, 0xFF, 0xFF, 0xF0, 0x0F, 0xE0,
  0x00, 0x0F, 0xE0, 0x00, 0x0F, 0xE0, 0x00, 0x0F, 0xE0, 0x00, 0x0F, 0xE0,
  0x00, 0x0F, 0xE0, 0x00, 0x1F, 0xC0, 0x00, 0x1F, 0x80, 0x00, 0x7F, 0x00,
  0x00, 0xFF, 0xFF, 0xFF, 0xFF, 0xFF, 0xFF, 0xFF, 0xFF, 0xFF, 0xFF, 0xFF,
  0xFF, 0xFF, 0xFF, 0xFF, 0xFF, 0xFF, 0xFF, 0x20, 0x00, 0x43, 0x80, 0x07,
  0x3E, 0x3E, 0x3D, 0xFF, 0xFF, 0xF7, 0xFF, 0xFF, 0x1F, 0xFF, 0xF0, 0xFF,
  0xFF, 0x07, 0xE0, 0xFC, 0x3E, 0x03, 0xE3, 0xE0, 0x0F, 0x1F, 0x00, 0x78,
  0xF8, 0x03, 0xE7, 0xC0, 0x3E, 0x1F, 0x01, 0xF0, 0xFC, 0x1F, 0x87, 0xFF,
  0xF8, 0x3F, 0xFF, 0xE3, 0xFF, 0xFF, 0xBF, 0xFF, 0xFF, 0xF3, 0xF3, 0xE7,
  0x00, 0x0E, 0x10, 0x00, 0x20, 0xFF, 0x00, 0x1F, 0xCF, 0xE0, 0x03, 0xF9,
  0xFC, 0x00, 0xFE, 0x1F, 0xC0, 0x1F, 0xC3, 0xF8, 0x03, 0xF0, 0x3F, 0x80,
  0xFE, 0x07, 0xF0, 0x1F, 0x80, 0x7E, 0x07, 0xF0, 0x0F, 0xE0, 0xFC, 0x00,
  0xFC, 0x3F, 0x80, 0x1F, 0xC7, 0xF0, 0x01, 0xF8, 0xFC, 0x00, 0x3F, 0xBF,
  0x80, 0x03, 0xF7, 0xE0, 0x00, 0x7F, 0xFC, 0x00, 0x07, 0xFF, 0x00, 0x00,
  0xFF, 0xE0, 0x00, 0x0F, 0xF8, 0x00, 0x3F, 0xFF, 0xF0, 0x07, 0xFF, 0xFE,
  0x00, 0xFF, 0xFF, 0xC0, 0x1F, 0xFF, 0xF8, 0x00, 0x0F, 0xE0, 0x00, 0x01,
  0xFC, 0x00, 0x00, 0x3F, 0x80, 0x01, 0xFF, 0xFF, 0x80, 0x3F, 0xFF, 0xF0,
  0x07, 0xFF, 0xFE, 0x00, 0xFF, 0xFF, 0xC0, 0x00, 0x7F, 0x00, 0x00, 0x0F,
  0xE0, 0x00, 0x01, 0xFC, 0x00, 0x00, 0x3F, 0x80, 0x00, 0x07, 0xF0, 0x00,
  0xFF, 0xFF, 0xFF, 0xFF, 0xFF, 0xFF, 0xFF, 0xFF, 0xFF, 0xFF, 0xFF, 0xFE,
  0x00, 0x00, 0x00, 0x00, 0x00, 0x0F, 0xFF, 0xFF, 0xFF, 0xFF, 0xFF, 0xFF,
  0xFF, 0xFF, 0xFF, 0xFF, 0xFF, 0xE0, 0x03, 0xFC, 0x01, 0xFF, 0xF0, 0xFF,
  0xFF, 0x1F, 0xFF, 0xE7, 0xF9, 0xF8, 0xFC, 0x03, 0x1F, 0x00, 0x03, 0xF0,
  0x00, 0x7F, 0x00, 0x07, 0xF8, 0x00, 0xFF, 0xC0, 0x0F, 0xFE, 0x01, 0xFF,
  0xF0, 0x7F, 0xFF, 0x1F, 0x8F, 0xF3, 0xE0, 0x7E, 0x7C, 0x07, 0xCF, 0x80,
  0xFD, 0xF0, 0x1F, 0xBF, 0x03, 0xE7, 0xF8, 0x7C, 0x7F, 0xDF, 0x87, 0xFF,
  0xE0, 0x3F, 0xF8, 0x01, 0xFF, 0x80, 0x0F, 0xF8, 0x00, 0x7F, 0x00, 0x07,
  0xE0, 0x00, 0x7F, 0x00, 0x0F, 0xF8, 0x03, 0xF7, 0xF0, 0xFE, 0xFF, 0xFF,
  0x9F, 0xFF, 0xE1, 0xFF, 0xF8, 0x07, 0xFC, 0x00, 0x7C, 0x1E, 0x7E, 0x3F,
  0xFE, 0x3F, 0xFE, 0x3F, 0x7C, 0x3F, 0x38, 0x1E, 0x00, 0x07, 0xFC, 0x00,
  0x00, 0x07, 0xFF, 0xF0, 0x00, 0x03, 0xFF, 0xFF, 0x80, 0x00, 0xFE, 0x03,
  0xF8, 0x00, 0x3E, 0x00, 0x0F, 0x80, 0x0F, 0x00, 0x00, 0x78, 0x03, 0xC0,
  0x00, 0x07, 0x80, 0xF0, 0x0F, 0xE0, 0x78, 0x1C, 0x07, 0xFF, 0x07, 0x87,
  0x81, 0xFF, 0xE0, 0xF0, 0xE0, 0x7F, 0x38, 0x0F, 0x3C, 0x1F, 0x00, 0x01,
  0xE7, 0x03, 0xC0, 0x00, 0x1C, 0xE0, 0xF0, 0x00, 0x03, 0xBC, 0x1E, 0x00,
  0x00, 0x7F, 0x83, 0xC0, 0x00, 0x0F, 0xF0, 0x78, 0x00, 0x01, 0xFE, 0x0F,
  0x00, 0x00, 0x3F, 0xC1, 0xE0, 0x00, 0x07, 0xF8, 0x3C, 0x00, 0x00, 0xF7,
  0x07, 0x80, 0x00, 0x1E, 0xE0, 0xF0, 0x00, 0x03, 0x9E, 0x0F, 0x00, 0x00,
  0xF3, 0xC1, 0xF0, 0x00, 0x1E, 0x38, 0x1F, 0x8E, 0x07, 0x87, 0x83, 0xFF,
  0xC0, 0xF0, 0x78, 0x1F, 0xF8, 0x3C, 0x07, 0x80, 0xFE, 0x0F, 0x00, 0xF8,
  0x00, 0x03, 0xE0, 0x0F, 0xC0, 0x01, 0xF8, 0x00, 0x7F, 0x01, 0xFC, 0x00,
  0x07, 0xFF, 0xFF, 0x00, 0x00, 0x3F, 0xFF, 0x80, 0x00, 0x00, 0xFF, 0x80,
  0x00, 0x07, 0xE0, 0x7F, 0xF1, 0xFF, 0xF1, 0xFF, 0xE3, 0x03, 0xE0, 0x07,
  0xC0, 0x3F, 0x8F, 0xFF, 0x7F, 0xFE, 0xFC, 0x7F, 0xE0, 0xFF, 0xC1, 0xFF,
  0x87, 0xFF, 0xBF, 0xDF, 0xFF, 0xBF, 0xEF, 0x1F, 0x0E, 0x00, 0x80, 0x08,
  0x00, 0xF0, 0x0F, 0x00, 0xFE, 0x0F, 0xE0, 0xFF, 0x0F, 0xE0, 0x7F, 0x0F,
  0xF0, 0x7F, 0x0F, 0xF0, 0x7F, 0x07, 0xF0, 0x7F, 0x87, 0xF0, 0x7F, 0x87,
  0xF0, 0x7F, 0x87, 0xF0, 0x3F, 0x87, 0xF8, 0x1F, 0xE1, 0xFC, 0x07, 0xF8,
  0x7F, 0x01, 0xFC, 0x1F, 0xC0, 0x7F, 0x07, 0xF0, 0x1F, 0xC3, 0xFC, 0x07,
  0xF0, 0xFF, 0x03, 0xFC, 0x3F, 0x80, 0xFE, 0x0F, 0xE0, 0x3C, 0x03, 0xC0,
  0x08, 0x00, 0x80, 0xFF, 0xFF, 0xFF, 0xFF, 0xFF, 0xFF, 0xFF, 0xFF, 0xFF,
  0xFF, 0xFF, 0xFF, 0xFF, 0xFF, 0xE0, 0x00, 0x07, 0xC0, 0x00, 0x0F, 0x80,
  0x00, 0x1F, 0x00, 0x00, 0x3E, 0x00, 0x00, 0x7C, 0x00, 0x00, 0xF8, 0x00,
  0x01, 0xF0, 0x00, 0x03, 0xE0, 0xFF, 0xFF, 0xFF, 0xFF, 0xFF, 0xFF, 0xFF,
  0xFF, 0xFF, 0xFC, 0x00, 0x07, 0xFC, 0x00, 0x00, 0x07, 0xFF, 0xF0, 0x00,
  0x03, 0xFF, 0xFF, 0x80, 0x00, 0xFE, 0x03, 0xF8, 0x00, 0x3E, 0x00, 0x0F,
  0x80, 0x0F, 0x00, 0x00, 0x78, 0x03, 0xC0, 0x00, 0x07, 0x80, 0xF0, 0xFF,
  0xC0, 0x78, 0x1C, 0x1F, 0xFE, 0x07, 0x87, 0x83, 0xFF, 0xE0, 0xF0, 0xE0,
  0x78, 0x7C, 0x0F, 0x3C, 0x0F, 0x07, 0x81, 0xE7, 0x01, 0xE0, 0x78, 0x1C,
  0xE0, 0x3C, 0x0F, 0x03, 0xBC, 0x07, 0x83, 0xC0, 0x7F, 0x80, 0xF0, 0x78,
  0x0F, 0xF0, 0x1F, 0xFE, 0x01, 0xFE, 0x03, 0xFF, 0x80, 0x3F, 0xC0, 0x7F,
  0xE0, 0x07, 0xF8, 0x0F, 0x1E, 0x00, 0xF7, 0x01, 0xE3, 0xC0, 0x1E, 0xE0,
  0x3C, 0x3C, 0x03, 0x9E, 0x07, 0x87, 0xC0, 0xF3, 0xC0, 0xF0, 0x78, 0x1E,
  0x38, 0x1E, 0x07, 0x87, 0x87, 0x83, 0xC0, 0xF0, 0xF0, 0x78, 0x78, 0x0F,
  0x3C, 0x07, 0x80, 0x00, 0x0F, 0x00, 0xF8, 0x00, 0x03, 0xE0, 0x0F, 0xC0,
  0x01, 0xF8, 0x00, 0x7F, 0x01, 0xFC, 0x00, 0x07, 0xFF, 0xFF, 0x00, 0x00,
  0x3F, 0xFF, 0x80, 0x00, 0x00, 0xFF, 0x80, 0x00, 0xFF, 0xFF, 0xFF, 0xFF,
  0xFF, 0xFF, 0xFF, 0xFF, 0xFF, 0xFF, 0xFF, 0xFF, 0xFF, 0xFF, 0xFF, 0x07,
  0xE0, 0x1F, 0xF8, 0x3F, 0xFC, 0x7F, 0xFE, 0x7E, 0x7F, 0xF8, 0x1F, 0xF8,
  0x1F, 0xF8, 0x0F, 0xF8, 0x0F, 0xF8, 0x1F, 0xF8, 0x1F, 0x7E, 0x7F, 0x7F,
  0xFE, 0x3F, 0xFC, 0x1F, 0xF8, 0x07, 0xE0, 0x00, 0x7C, 0x00, 0x00, 0xF8,
  0x00, 0x01, 0xF0, 0x00, 0x03, 0xE0, 0x00, 0x07, 0xC0, 0x00, 0x0F, 0x80,
  0x00, 0x1F, 0x00, 0x00, 0x3E, 0x00, 0x00, 0x7C, 0x01, 0xFF, 0xFF, 0xFF,
  0xFF, 0xFF, 0xFF, 0xFF, 0xFF, 0xFF, 0xFF, 0xFF, 0xFF, 0xFF, 0xFF, 0xC0,
  0x1F, 0x00, 0x00, 0x3E, 0x00, 0x00, 0x7C, 0x00, 0x00, 0xF8, 0x00, 0x01,
  0xF0, 0x00, 0x03, 0xE0, 0x00, 0x07, 0xC0, 0x00, 0x0F, 0x80, 0x00, 0x1F,
  0x00, 0x00, 0x00, 0x00, 0xFF, 0xFF, 0xFF, 0xFF, 0xFF, 0xFF, 0xFF, 0xFF,
  0xFF, 0xFF, 0xFF, 0xFF, 0xFF, 0xFF, 0xE0, 0x0F, 0xE0, 0x7F, 0xF1, 0xFF,
  0xF7, 0xFF, 0xE7, 0xFF, 0xC6, 0x0F, 0xC0, 0x1F, 0x00, 0x3E, 0x00, 0xFC,
  0x03, 0xF0, 0x0F, 0xC0, 0x3F, 0x00, 0xFC, 0x03, 0xF0, 0x0F, 0xC0, 0x3F,
  0xFF, 0xFF, 0xFF, 0xFF, 0xFF, 0xFF, 0xFF, 0xFF, 0xF0, 0x0F, 0xE0, 0x7F,
  0xE3, 0xFF, 0xE3, 0xFF, 0xE3, 0x87, 0xC0, 0x0F, 0x80, 0x1F, 0x00, 0x3E,
  0x1F, 0xF8, 0x3F, 0xC0, 0x7F, 0xC0, 0xFF, 0xE0, 0x07, 0xC0, 0x07, 0xE0,
  0x0F, 0xF0, 0x3F, 0xFF, 0xFF, 0xFF, 0xFB, 0xFF, 0xE0, 0xFF, 0x00, 0x07,
  0xF8, 0x7F, 0x83, 0xF8, 0x3F, 0x83, 0xF8, 0x3F, 0x81, 0xF0, 0x1F, 0x00,
  0xFE, 0x00, 0xFF, 0xFC, 0x01, 0xFF, 0xF8, 0x03, 0xFF, 0xF0, 0x07, 0xFF,
  0xE0, 0x0F, 0xFF, 0xC0, 0x1F, 0xFF, 0x80, 0x3F, 0xFF, 0x00, 0x7F, 0xFE,
  0x00, 0xFF, 0xFC, 0x01, 0xFF, 0xF8, 0x03, 0xFF, 0xF0, 0x07, 0xFF, 0xE0,
  0x0F, 0xFF, 0xC0, 0x1F, 0xFF, 0x80, 0x3F, 0xFF, 0x00, 0x7F, 0xFE, 0x00,
  0xFF, 0xFC, 0x03, 0xFF, 0xFC, 0x0F, 0xFF, 0xFF, 0xFF, 0xFF, 0xFF, 0xFF,
  0xFF, 0xFF, 0xFF, 0xFF, 0xFF, 0xDF, 0xFE, 0xFF, 0x1F, 0xFE, 0xFC, 0x3F,
  0xFC, 0x00, 0x03, 0xF8, 0x00, 0x07, 0xF0, 0x00, 0x0F, 0xE0, 0x00, 0x1F,
  0xC0, 0x00, 0x3F, 0x80, 0x00, 0x7F, 0x00, 0x00, 0xFE, 0x00, 0x01, 0xFC,
  0x00, 0x03, 0xF8, 0x00, 0x07, 0xF0, 0x00, 0x00, 0x03, 0xFF, 0xFF, 0x0F,
  0xFF, 0xFF, 0x3F, 0xFF, 0xFF, 0x3F, 0xFF, 0xFF, 0x7F, 0xFF, 0xFF, 0x7F,
  0xFF, 0x0F, 0xFF, 0xFF, 0x0F, 0xFF, 0xFF, 0x0F, 0xFF, 0xFF, 0x0F, 0xFF,
  0xFF, 0x0F, 0xFF, 0xFF, 0x0F, 0xFF, 0xFF, 0x0F, 0xFF, 0xFF, 0x0F, 0xFF,
  0xFF, 0x0F, 0xFF, 0xFF, 0x0F, 0xFF, 0xFF, 0x0F, 0xFF, 0xFF, 0x0F, 0xFF,
  0xFF, 0x0F, 0x7F, 0xFF, 0x0F, 0x7F, 0xFF, 0x0F, 0x3F, 0xFF, 0x0F, 0x1F,
  0xFF, 0x0F, 0x03, 0xFF, 0x0F, 0x00, 0x07, 0x0F, 0x00, 0x07, 0x0F, 0x00,
  0x07, 0x0F, 0x00, 0x07, 0x0F, 0x00, 0x07, 0x0F, 0x00, 0x07, 0x0F, 0x00,
  0x07, 0x0F, 0x00, 0x07, 0x0F, 0x00, 0x07, 0x0F, 0x00, 0x07, 0x0F, 0x00,
  0x07, 0x0F, 0x00, 0x07, 0x0F, 0x00, 0x07, 0x0F, 0x00, 0x07, 0x0F, 0x00,
  0x07, 0x0F, 0x00, 0x07, 0x0F, 0x00, 0x07, 0x0F, 0x00, 0x07, 0x0F, 0x00,
  0x07, 0x0F, 0x3C, 0xFE, 0xFF, 0xFF, 0xFF, 0xFF, 0xFE, 0x7C, 0x1E, 0x07,
  0xC0, 0xFE, 0x1F, 0xE0, 0xFC, 0x0F, 0xC1, 0xFF, 0xFE, 0xFF, 0xDF, 0xF3,
  0xF8, 0x00, 0x03, 0xE0, 0xFC, 0x3F, 0x8F, 0xF7, 0xFF, 0xFF, 0xDE, 0xF9,
  0x9F, 0x03, 0xE0, 0x7C, 0x0F, 0x81, 0xF0, 0x3E, 0x07, 0xC0, 0xF8, 0x1F,
  0x03, 0xE0, 0x7C, 0x0F, 0x81, 0xF0, 0x07, 0xE0, 0x1F, 0xF8, 0x3F, 0xFC,
  0x7F, 0xFE, 0x7C, 0x3E, 0x78, 0x1F, 0xF8, 0x1F, 0xF8, 0x1F, 0xF8, 0x1F,
  0xF8, 0x1F, 0xF8, 0x1F, 0x78, 0x1F, 0x7C, 0x3E, 0x3F, 0xFE, 0x3F, 0xFC,
  0x1F, 0xF8, 0x07, 0xE0, 0x08, 0x00, 0x80, 0x1E, 0x01, 0xE0, 0x3F, 0x83,
  0xF8, 0x0F, 0xE1, 0xFC, 0x07, 0xF8, 0x7F, 0x01, 0xFC, 0x1F, 0xC0, 0x7F,
  0x07, 0xF0, 0x1F, 0xC3, 0xFC, 0x07, 0xF0, 0xFF, 0x03, 0xFC, 0x3F, 0x80,
  0xFE, 0x0F, 0xE0, 0xFF, 0x0F, 0xE0, 0x7F, 0x0F, 0xF0, 0x7F, 0x0F, 0xF0,
  0x7F, 0x07, 0xF0, 0x7F, 0x87, 0xF0, 0x7F, 0x87, 0xF0, 0x3F, 0x87, 0xF0,
  0x3F, 0x83, 0xF8, 0x07, 0x80, 0x78, 0x00, 0x80, 0x08, 0x00, 0x03, 0xE0,
  0x00, 0x7C, 0x00, 0x1F, 0x80, 0x03, 0xF0, 0x00, 0xFE, 0x00, 0x0F, 0x80,
  0x0F, 0xF8, 0x00, 0x7E, 0x00, 0x7F, 0xE0, 0x03, 0xF0, 0x03, 0xFF, 0x80,
  0x0F, 0x80, 0x07, 0xBE, 0x00, 0x7E, 0x00, 0x0C, 0xF8, 0x01, 0xF0, 0x00,
  0x03, 0xE0, 0x0F, 0xC0, 0x00, 0x0F, 0x80, 0x3E, 0x00, 0x00, 0x3E, 0x01,
  0xF8, 0x00, 0x00, 0xF8, 0x07, 0xC0, 0x00, 0x03, 0xE0, 0x3F, 0x00, 0x00,
  0x0F, 0x80, 0xF8, 0x00, 0x00, 0x3E, 0x07, 0xE0, 0x7E, 0x00, 0xF8, 0x3F,
  0x03, 0xF8, 0x03, 0xE0, 0xF8, 0x0F, 0xE0, 0x0F, 0x87, 0xE0, 0x7F, 0x80,
  0x3E, 0x1F, 0x03, 0xFE, 0x00, 0xF8, 0xFC, 0x0F, 0xF8, 0x00, 0x03, 0xE0,
  0x7F, 0xE0, 0x00, 0x1F, 0x83, 0xDF, 0x80, 0x00, 0x7C, 0x0F, 0x7E, 0x00,
  0x03, 0xF0, 0x79, 0xF8, 0x00, 0x0F, 0x83, 0xC7, 0xE0, 0x00, 0x7C, 0x0F,
  0x1F, 0x80, 0x03, 0xF0, 0x78, 0x7E, 0x00, 0x0F, 0x83, 0xFF, 0xFF, 0x00,
  0x7E, 0x0F, 0xFF, 0xFC, 0x01, 0xF0, 0x3F, 0xFF, 0xF0, 0x0F, 0xC0, 0xFF,
  0xFF, 0xC0, 0x3E, 0x00, 0x01, 0xF8, 0x01, 0xF8, 0x00, 0x07, 0xE0, 0x07,
  0xC0, 0x00, 0x1F, 0x80, 0x03, 0xE0, 0x00, 0x7C, 0x00, 0x1F, 0x80, 0x03,
  0xF0, 0x00, 0xFE, 0x00, 0x0F, 0x80, 0x0F, 0xF8, 0x00, 0x7E, 0x00, 0x7F,
  0xE0, 0x03, 0xF0, 0x03, 0xFF, 0x80, 0x0F, 0x80, 0x07, 0xBE, 0x00, 0x7E,
  0x00, 0x0C, 0xF8, 0x01, 0xF0, 0x00, 0x03, 0xE0, 0x0F, 0xC0, 0x00, 0x0F,
  0x80, 0x3E, 0x00, 0x00, 0x3E, 0x01, 0xF8, 0x00, 0x00, 0xF8, 0x07, 0xC0,
  0x00, 0x03, 0xE0, 0x3F, 0x00, 0x00, 0x0F, 0x81, 0xF8, 0x3F, 0x00, 0x3E,
  0x07, 0xC7, 0xFF, 0x00, 0xF8, 0x3F, 0x3F, 0xFE, 0x03, 0xE0, 0xF8, 0xFF,
  0xF8, 0x0F, 0x87, 0xE1, 0xF7, 0xF0, 0x3E, 0x1F, 0x06, 0x0F, 0xC0, 0xF8,
  0xFC, 0x00, 0x3F, 0x00, 0x03, 0xE0, 0x00, 0xFC, 0x00, 0x1F, 0x80, 0x03,
  0xE0, 0x00, 0xFC, 0x00, 0x1F, 0x80, 0x03, 0xE0, 0x00, 0xFC, 0x00, 0x1F,
  0x80, 0x07, 0xE0, 0x00, 0x7C, 0x00, 0x3F, 0x00, 0x03, 0xF0, 0x01, 0xF8,
  0x00, 0x0F, 0x80, 0x0F, 0xC0, 0x00, 0x7E, 0x00, 0x7E, 0x00, 0x01, 0xF0,
  0x03, 0xFF, 0xF0, 0x0F, 0xC0, 0x0F, 0xFF, 0xC0, 0x7E, 0x00, 0x3F, 0xFF,
  0x01, 0xF0, 0x00, 0xFF, 0xFC, 0x0F, 0xC0, 0x03, 0xFF, 0xF0, 0x0F, 0xC0,
  0x00, 0x7E, 0x01, 0xFF, 0x80, 0x03, 0xE0, 0x3F, 0xFE, 0x00, 0x3F, 0x00,
  0xFF, 0xF8, 0x01, 0xF0, 0x03, 0x0F, 0xC0, 0x1F, 0x80, 0x10, 0x3E, 0x00,
  0xF8, 0x00, 0x01, 0xF0, 0x0F, 0xC0, 0x00, 0x1F, 0x00, 0xFC, 0x00, 0x1F,
  0xF8, 0x07, 0xC0, 0x00, 0xFF, 0x00, 0x7E, 0x00, 0x07, 0xFC, 0x03, 0xE0,
  0x00, 0x3F, 0xF0, 0x3F, 0x00, 0x00, 0x0F, 0xC1, 0xF0, 0x00, 0x00, 0x3E,
  0x1F, 0x80, 0x00, 0x00, 0xF8, 0xF8, 0x1F, 0x10, 0x0F, 0xCF, 0xC1, 0xF8,
  0xE0, 0x7C, 0x7C, 0x1F, 0xC7, 0xFF, 0xE7, 0xE0, 0xFE, 0x3F, 0xFF, 0x7E,
  0x0F, 0xF1, 0xFF, 0xE3, 0xE0, 0xFF, 0x81, 0xFC, 0x3F, 0x07, 0x7C, 0x00,
  0x01, 0xF0, 0x7B, 0xE0, 0x00, 0x1F, 0x87, 0x9F, 0x00, 0x00, 0xF8, 0x3C,
  0xF8, 0x00, 0x0F, 0xC3, 0xC7, 0xC0, 0x00, 0x7C, 0x3E, 0x3E, 0x00, 0x07,
  0xE1, 0xE1, 0xF0, 0x00, 0x3E, 0x1F, 0xFF, 0xF0, 0x03, 0xF0, 0xFF, 0xFF,
  0x80, 0x3F, 0x07, 0xFF, 0xFC, 0x01, 0xF0, 0x3F, 0xFF, 0xE0, 0x1F, 0x80,
  0x00, 0xF8, 0x00, 0xF8, 0x00, 0x07, 0xC0, 0x0F, 0xC0, 0x00, 0x3E, 0x00,
  0x00, 0x3C, 0x00, 0x03, 0xF0, 0x00, 0x3F, 0xC0, 0x01, 0xFE, 0x00, 0x0F,
  0xF0, 0x00, 0x7F, 0x80, 0x01, 0xF8, 0x00, 0x07, 0x80, 0x00, 0x00, 0x00,
  0x00, 0x00, 0x00, 0x00, 0x00, 0x00, 0x00, 0x00, 0x07, 0xE0, 0x00, 0x3F,
  0x00, 0x01, 0xF8, 0x00, 0x0F, 0xC0, 0x00, 0xFE, 0x00, 0x1F, 0xE0, 0x01,
  0xFE, 0x00, 0x1F, 0xE0, 0x03, 0xFE, 0x00, 0x1F, 0xE0, 0x01, 0xFC, 0x00,
  0x0F, 0xC0, 0x00, 0xFE, 0x00, 0x07, 0xF0, 0x00, 0x3F, 0x80, 0x09, 0xFE,
  0x01, 0xE7, 0xFF, 0xFF, 0x3F, 0xFF, 0xFC, 0xFF, 0xFF, 0xE3, 0xFF, 0xFF,
  0x0F, 0xFF, 0xC0, 0x0F, 0xF0, 0x00, 0x01, 0xFE, 0x00, 0x00, 0x00, 0xFF,
  0x00, 0x00, 0x00, 0x7F, 0x00, 0x00, 0x00, 0x3F, 0x80, 0x00, 0x00, 0x1F,
  0xC0, 0x00, 0x00, 0x0F, 0xE0, 0x00, 0x00, 0x03, 0xE0, 0x00, 0x00, 0x01,
  0xF0, 0x00, 0x00, 0x00, 0x00, 0x00, 0x00, 0x00, 0x00, 0x00, 0x00, 0x0F,
  0xF8, 0x00, 0x00, 0x1F, 0xF8, 0x00, 0x00, 0x1F, 0xF8, 0x00, 0x00, 0x1F,
  0xFC, 0x00, 0x00, 0x3F, 0xFC, 0x00, 0x00, 0x3F, 0xFC, 0x00, 0x00, 0x3F,
  0x7E, 0x00, 0x00, 0x7F, 0x7E, 0x00, 0x00, 0x7E, 0x7F, 0x00, 0x00, 0x7E,
  0x7F, 0x00, 0x00, 0xFE, 0x3F, 0x00, 0x00, 0xFC, 0x3F, 0x80, 0x01, 0xFC,
  0x3F, 0x80, 0x01, 0xFC, 0x1F, 0x80, 0x01, 0xFC, 0x1F, 0xC0, 0x03, 0xF8,
  0x1F, 0xC0, 0x03, 0xF8, 0x0F, 0xC0, 0x03, 0xF8, 0x0F, 0xE0, 0x07, 0xF0,
  0x0F, 0xE0, 0x07, 0xF0, 0x0F, 0xE0, 0x07, 0xFF, 0xFF, 0xF0, 0x0F, 0xFF,
  0xFF, 0xF0, 0x0F, 0xFF, 0xFF, 0xF0, 0x0F, 0xFF, 0xFF, 0xF8, 0x1F, 0xFF,
  0xFF, 0xF8, 0x1F, 0xFF, 0xFF, 0xF8, 0x1F, 0xC0, 0x03, 0xFC, 0x3F, 0xC0,
  0x01, 0xFC, 0x3F, 0x80, 0x01, 0xFE, 0x3F, 0x80, 0x01, 0xFE, 0x7F, 0x80,
  0x00, 0xFE, 0x7F, 0x00, 0x00, 0xFF, 0x7F, 0x00, 0x00, 0xFF, 0xFF, 0x00,
  0x00, 0x7F, 0x00, 0x00, 0x7F, 0x80, 0x00, 0x00, 0xFF, 0x00, 0x00, 0x00,
  0xFE, 0x00, 0x00, 0x01, 0xFC, 0x00, 0x00, 0x03, 0xF8, 0x00, 0x00, 0x07,
  0xF0, 0x00, 0x00, 0x07, 0xC0, 0x00, 0x00, 0x0F, 0x80, 0x00, 0x00, 0x00,
  0x00, 0x00, 0x00, 0x00, 0x00, 0x00, 0x00, 0x0F, 0xF8, 0x00, 0x00, 0x1F,
  0xF8, 0x00, 0x00, 0x1F, 0xF8, 0x00, 0x00, 0x1F, 0xFC, 0x00, 0x00, 0x3F,
  0xFC, 0x00, 0x00, 0x3F, 0xFC, 0x00, 0x00, 0x3F, 0x7E, 0x00, 0x00, 0x7F,
  0x7E, 0x00, 0x00, 0x7E, 0x7F, 0x00, 0x00, 0x7E, 0x7F, 0x00, 0x00, 0xFE,
  0x3F, 0x00, 0x00, 0xFC, 0x3F, 0x80, 0x01, 0xFC, 0x3F, 0x80, 0x01, 0xFC,
  0x1F, 0x80, 0x01, 0xFC, 0x1F, 0xC0, 0x03, 0xF8, 0x1F, 0xC0, 0x03, 0xF8,
  0x0F, 0xC0, 0x03, 0xF8, 0x0F, 0xE0, 0x07, 0xF0, 0x0F, 0xE0, 0x07, 0xF0,
  0x0F, 0xE0, 0x07, 0xFF, 0xFF, 0xF0, 0x0F, 0xFF, 0xFF, 0xF0, 0x0F, 0xFF,
  0xFF, 0xF0, 0x0F, 0xFF, 0xFF, 0xF8, 0x1F, 0xFF, 0xFF, 0xF8, 0x1F, 0xFF,
  0xFF, 0xF8, 0x1F, 0xC0, 0x03, 0xFC, 0x3F, 0xC0, 0x01, 0xFC, 0x3F, 0x80,
  0x01, 0xFE, 0x3F, 0x80, 0x01, 0xFE, 0x7F, 0x80, 0x00, 0xFE, 0x7F, 0x00,
  0x00, 0xFF, 0x7F, 0x00, 0x00, 0xFF, 0xFF, 0x00, 0x00, 0x7F, 0x00, 0x1F,
  0xF0, 0x00, 0x00, 0x1F, 0xF8, 0x00, 0x00, 0x3F, 0xFC, 0x00, 0x00, 0x7F,
  0xFC, 0x00, 0x00, 0xFE, 0x7E, 0x00, 0x00, 0xFC, 0x3F, 0x00, 0x01, 0xF8,
  0x1F, 0x80, 0x03, 0xE0, 0x0F, 0xC0, 0x00, 0x00, 0x00, 0x00, 0x00, 0x00,
  0x00, 0x00, 0x00, 0x0F, 0xF8, 0x00, 0x00, 0x1F, 0xF8, 0x00, 0x00, 0x1F,
  0xF8, 0x00, 0x00, 0x1F, 0xFC, 0x00, 0x00, 0x3F, 0xFC, 0x00, 0x00, 0x3F,
  0xFC, 0x00, 0x00, 0x3F, 0x7E, 0x00, 0x00, 0x7F, 0x7E, 0x00, 0x00, 0x7E,
  0x7F, 0x00, 0x00, 0x7E, 0x7F, 0x00, 0x00, 0xFE, 0x3F, 0x00, 0x00, 0xFC,
  0x3F, 0x80, 0x01, 0xFC, 0x3F, 0x80, 0x01, 0xFC, 0x1F, 0x80, 0x01, 0xFC,
  0x1F, 0xC0, 0x03, 0xF8, 0x1F, 0xC0, 0x03, 0xF8, 0x0F, 0xC0, 0x03, 0xF8,
  0x0F, 0xE0, 0x07, 0xF0, 0x0F, 0xE0, 0x07, 0xF0, 0x0F, 0xE0, 0x07, 0xFF,
  0xFF, 0xF0, 0x0F, 0xFF, 0xFF, 0xF0, 0x0F, 0xFF, 0xFF, 0xF0, 0x0F, 0xFF,
  0xFF, 0xF8, 0x1F, 0xFF, 0xFF, 0xF8, 0x1F, 0xFF, 0xFF, 0xF8, 0x1F, 0xC0,
  0x03, 0xFC, 0x3F, 0xC0, 0x01, 0xFC, 0x3F, 0x80, 0x01, 0xFE, 0x3F, 0x80,
  0x01, 0xFE, 0x7F, 0x80, 0x00, 0xFE, 0x7F, 0x00, 0x00, 0xFF, 0x7F, 0x00,
  0x00, 0xFF, 0xFF, 0x00, 0x00, 0x7F, 0x00, 0x1E, 0x03, 0xC0, 0x00, 0x7F,
  0x83, 0xC0, 0x00, 0xFF, 0xFF, 0x80, 0x00, 0xFF, 0xFF, 0x80, 0x01, 0xFF,
  0xFF, 0x00, 0x01, 0xE1, 0xFF, 0x00, 0x01, 0xC0, 0x7C, 0x00, 0x00, 0x00,
  0x00, 0x00, 0x00, 0x00, 0x00, 0x00, 0x00, 0x0F, 0xF8, 0x00, 0x00, 0x1F,
  0xF8, 0x00, 0x00, 0x1F, 0xF8, 0x00, 0x00, 0x1F, 0xFC, 0x00, 0x00, 0x3F,
  0xFC, 0x00, 0x00, 0x3F, 0xFC, 0x00, 0x00, 0x3F, 0x7E, 0x00, 0x00, 0x7F,
  0x7E, 0x00, 0x00, 0x7E, 0x7F, 0x00, 0x00, 0x7E, 0x7F, 0x00, 0x00, 0xFE,
  0x3F, 0x00, 0x00, 0xFC, 0x3F, 0x80, 0x01, 0xFC, 0x3F, 0x80, 0x01, 0xFC,
  0x1F, 0x80, 0x01, 0xFC, 0x1F, 0xC0, 0x03, 0xF8, 0x1F, 0xC0, 0x03, 0xF8,
  0x0F, 0xC0, 0x03, 0xF8, 0x0F, 0xE0, 0x07, 0xF0, 0x0F, 0xE0, 0x07, 0xF0,
  0x0F, 0xE0, 0x07, 0xFF, 0xFF, 0xF0, 0x0F, 0xFF, 0xFF, 0xF0, 0x0F, 0xFF,
  0xFF, 0xF0, 0x0F, 0xFF, 0xFF, 0xF8, 0x1F, 0xFF, 0xFF, 0xF8, 0x1F, 0xFF,
  0xFF, 0xF8, 0x1F, 0xC0, 0x03, 0xFC, 0x3F, 0xC0, 0x01, 0xFC, 0x3F, 0x80,
  0x01, 0xFE, 0x3F, 0x80, 0x01, 0xFE, 0x7F, 0x80, 0x00, 0xFE, 0x7F, 0x00,
  0x00, 0xFF, 0x7F, 0x00, 0x00, 0xFF, 0xFF, 0x00, 0x00, 0x7F, 0x00, 0x7C,
  0x1E, 0x00, 0x00, 0x7E, 0x3F, 0x00, 0x00, 0xFE, 0x3F, 0x00, 0x00, 0xFE,
  0x3F, 0x00, 0x00, 0x7C, 0x3F, 0x00, 0x00, 0x38, 0x1E, 0x00, 0x00, 0x00,
  0x00, 0x00, 0x00, 0x00, 0x00, 0x00, 0x00, 0x00, 0x00, 0x00, 0x00, 0x0F,
  0xF8, 0x00, 0x00, 0x1F, 0xF8, 0x00, 0x00, 0x1F, 0xF8, 0x00, 0x00, 0x1F,
  0xFC, 0x00, 0x00, 0x3F, 0xFC, 0x00, 0x00, 0x3F, 0xFC, 0x00, 0x00, 0x3F,
  0x7E, 0x00, 0x00, 0x7F, 0x7E, 0x00, 0x00, 0x7E, 0x7F, 0x00, 0x00, 0x7E,
  0x7F, 0x00, 0x00, 0xFE, 0x3F, 0x00, 0x00, 0xFC, 0x3F, 0x80, 0x01, 0xFC,
  0x3F, 0x80, 0x01, 0xFC, 0x1F, 0x80, 0x01, 0xFC, 0x1F, 0xC0, 0x03, 0xF8,
  0x1F, 0xC0, 0x03, 0xF8, 0x0F, 0xC0, 0x03, 0xF8, 0x0F, 0xE0, 0x07, 0xF0,
  0x0F, 0xE0, 0x07, 0xF0, 0x0F, 0xE0, 0x07, 0xFF, 0xFF, 0xF0, 0x0F, 0xFF,
  0xFF, 0xF0, 0x0F, 0xFF, 0xFF, 0xF0, 0x0F, 0xFF, 0xFF, 0xF8, 0x1F, 0xFF,
  0xFF, 0xF8, 0x1F, 0xFF, 0xFF, 0xF8, 0x1F, 0xC0, 0x03, 0xFC, 0x3F, 0xC0,
  0x01, 0xFC, 0x3F, 0x80, 0x01, 0xFE, 0x3F, 0x80, 0x01, 0xFE, 0x7F, 0x80,
  0x00, 0xFE, 0x7F, 0x00, 0x00, 0xFF, 0x7F, 0x00, 0x00, 0xFF, 0xFF, 0x00,
  0x00, 0x7F, 0x00, 0x03, 0xE0, 0x00, 0x00, 0x0F, 0xF8, 0x00, 0x00, 0x0F,
  0xFC, 0x00, 0x00, 0x1F, 0x3C, 0x00, 0x00, 0x1E, 0x1C, 0x00, 0x00, 0x1C,
  0x1C, 0x00, 0x00, 0x1E, 0x1C, 0x00, 0x00, 0x1F, 0xFC, 0x00, 0x00, 0x1F,
  0xFC, 0x00, 0x00, 0x1F, 0xF8, 0x00, 0x00, 0x1F, 0xFC, 0x00, 0x00, 0x3F,
  0xFC, 0x00, 0x00, 0x3F, 0xFC, 0x00, 0x00, 0x3F, 0x7E, 0x00, 0x00, 0x7F,
  0x7E, 0x00, 0x00, 0x7E, 0x7F, 0x00, 0x00, 0x7E, 0x7F, 0x00, 0x00, 0xFE,
  0x3F, 0x00, 0x00, 0xFC, 0x3F, 0x80, 0x01, 0xFC, 0x3F, 0x80, 0x01, 0xFC,
  0x1F, 0x80, 0x01, 0xFC, 0x1F, 0xC0, 0x03, 0xF8, 0x1F, 0xC0, 0x03, 0xF8,
  0x0F, 0xC0, 0x03, 0xF8, 0x0F, 0xE0, 0x07, 0xF0, 0x0F, 0xE0, 0x07, 0xF0,
  0x0F, 0xE0, 0x07, 0xFF, 0xFF, 0xF0, 0x0F, 0xFF, 0xFF, 0xF0, 0x0F, 0xFF,
  0xFF, 0xF0, 0x0F, 0xFF, 0xFF, 0xF8, 0x1F, 0xFF, 0xFF, 0xF8, 0x1F, 0xFF,
  0xFF, 0xF8, 0x1F, 0xC0, 0x03, 0xFC, 0x3F, 0xC0, 0x01, 0xFC, 0x3F, 0x80,
  0x01, 0xFE, 0x3F, 0x80, 0x01, 0xFE, 0x7F, 0x80, 0x00, 0xFE, 0x7F, 0x00,
  0x00, 0xFF, 0x7F, 0x00, 0x00, 0xFF, 0xFF, 0x00, 0x00, 0x7F, 0x00, 0x01,
  0xFF, 0xFF, 0xFF, 0xC0, 0x00, 0xFF, 0xFF, 0xFF, 0xF0, 0x00, 0x3F, 0xFF,
  0xFF, 0xFC, 0x00, 0x1F, 0xFF, 0xFF, 0xFF, 0x00, 0x07, 0xFF, 0xFF, 0xFF,
  0xC0, 0x01, 0xFF, 0xFF, 0xFF, 0xF0, 0x00, 0xFE, 0x3F, 0x80, 0x00, 0x00,
  0x3F, 0x0F, 0xE0, 0x00, 0x00, 0x1F, 0xC3, 0xF8, 0x00, 0x00, 0x07, 0xF0,
  0xFE, 0x00, 0x00, 0x03, 0xF8, 0x3F, 0x80, 0x00, 0x00, 0xFE, 0x0F, 0xE0,
  0x00, 0x00, 0x7F, 0x03, 0xF8, 0x00, 0x00, 0x1F, 0xC0, 0xFF, 0xFF, 0xE0,
  0x07, 0xF0, 0x3F, 0xFF, 0xF8, 0x03, 0xF8, 0x0F, 0xFF, 0xFE, 0x00, 0xFE,
  0x03, 0xFF, 0xFF, 0x80, 0x7F, 0x00, 0xFF, 0xFF, 0xE0, 0x1F, 0xC0, 0x3F,
  0xFF, 0xF8, 0x0F, 0xE0, 0x0F, 0xE0, 0x00, 0x03, 0xFF, 0xFF, 0xF8, 0x00,
  0x00, 0xFF, 0xFF, 0xFE, 0x00, 0x00, 0x7F, 0xFF, 0xFF, 0x80, 0x00, 0x1F,
  0xFF, 0xFF, 0xE0, 0x00, 0x0F, 0xFF, 0xFF, 0xF8, 0x00, 0x03, 0xFF, 0xFF,
  0xFE, 0x00, 0x01, 0xFC, 0x00, 0x3F, 0x80, 0x00, 0x7F, 0x00, 0x0F, 0xE0,
  0x00, 0x3F, 0xC0, 0x03, 0xFF, 0xFF, 0xCF, 0xE0, 0x00, 0xFF, 0xFF, 0xF3,
  0xF8, 0x00, 0x3F, 0xFF, 0xFD, 0xFC, 0x00, 0x0F, 0xFF, 0xFF, 0x7F, 0x00,
  0x03, 0xFF, 0xFF, 0xFF, 0x80, 0x00, 0xFF, 0xFF, 0xF0, 0x00, 0x1F, 0xF0,
  0x00, 0x7F, 0xFF, 0x00, 0xFF, 0xFF, 0xE0, 0xFF, 0xFF, 0xF0, 0xFF, 0xFF,
  0xF0, 0xFF, 0xFF, 0xF8, 0xFF, 0xC0, 0x7C, 0x7F, 0xC0, 0x04, 0x7F, 0xC0,
  0x00, 0x3F, 0xC0, 0x00, 0x1F, 0xC0, 0x00, 0x1F, 0xE0, 0x00, 0x0F, 0xF0,
  0x00, 0x07, 0xF0, 0x00, 0x03, 0xF8, 0x00, 0x01, 0xFC, 0x00, 0x00, 0xFE,
  0x00, 0x00, 0x7F, 0x00, 0x00, 0x3F, 0x80, 0x00, 0x1F, 0xC0, 0x00, 0x0F,
  0xE0, 0x00, 0x07, 0xF0, 0x00, 0x03, 0xFC, 0x00, 0x01, 0xFE, 0x00, 0x00,
  0x7F, 0x80, 0x00, 0x3F, 0xC0, 0x00, 0x0F, 0xF0, 0x00, 0x47, 0xFE, 0x01,
  0xE1, 0xFF, 0xFF, 0xF0, 0xFF, 0xFF, 0xF8, 0x3F, 0xFF, 0xFC, 0x07, 0xFF,
  0xFE, 0x01, 0xFF, 0xFF, 0x00, 0x1F, 0xF8, 0x00, 0x03, 0xC0, 0x00, 0x03,
  0xE0, 0x00, 0x01, 0xFC, 0x00, 0x00, 0xFF, 0x00, 0x00, 0x1F, 0x80, 0x00,
  0x07, 0xE0, 0x00, 0x03, 0xF0, 0x00, 0x3F, 0xF0, 0x00, 0x1F, 0xF8, 0x00,
  0x0F, 0xF8, 0x00, 0x07, 0xF0, 0x00, 0x7F, 0x80, 0x03, 0xFC, 0x00, 0x1F,
  0xC0, 0x00, 0xFE, 0x00, 0x07, 0xF0, 0x00, 0x3F, 0x80, 0x00, 0xF8, 0x00,
  0x07, 0xC0, 0x00, 0x00, 0x00, 0x00, 0x00, 0xFF, 0xFF, 0xFF, 0xFF, 0xFF,
  0xFF, 0xFF, 0xFF, 0xFF, 0xFF, 0xFF, 0xFF, 0xFF, 0xFF, 0xFF, 0xFE, 0x00,
  0x0F, 0xE0, 0x00, 0xFE, 0x00, 0x0F, 0xE0, 0x00, 0xFE, 0x00, 0x0F, 0xE0,
  0x00, 0xFE, 0x00, 0x0F, 0xFF, 0xFE, 0xFF, 0xFF, 0xEF, 0xFF, 0xFE, 0xFF,
  0xFF, 0xEF, 0xFF, 0xFE, 0xFF, 0xFF, 0xEF, 0xE0, 0x00, 0xFE, 0x00, 0x0F,
  0xE0, 0x00, 0xFE, 0x00, 0x0F, 0xE0, 0x00, 0xFE, 0x00, 0x0F, 0xE0, 0x00,
  0xFE, 0x00, 0x0F, 0xE0, 0x00, 0xFF, 0xFF, 0xFF, 0xFF, 0xFF, 0xFF, 0xFF,
  0xFF, 0xFF, 0xFF, 0xFF, 0xFF, 0xFF, 0xFF, 0xFF, 0x00, 0x1F, 0xE0, 0x03,
  0xFC, 0x00, 0x3F, 0x80, 0x07, 0xF0, 0x00, 0xFE, 0x00, 0x1F, 0xC0, 0x01,
  0xF0, 0x00, 0x3E, 0x00, 0x00, 0x00, 0x00, 0x00, 0x00, 0xFF, 0xFF, 0xFF,
  0xFF, 0xFF, 0xFF, 0xFF, 0xFF, 0xFF, 0xFF, 0xFF, 0xFF, 0xFF, 0xFF, 0xFF,
  0xFE, 0x00, 0x0F, 0xE0, 0x00, 0xFE, 0x00, 0x0F, 0xE0, 0x00, 0xFE, 0x00,
  0x0F, 0xE0, 0x00, 0xFE, 0x00, 0x0F, 0xFF, 0xFE, 0xFF, 0xFF, 0xEF, 0xFF,
  0xFE, 0xFF, 0xFF, 0xEF, 0xFF, 0xFE, 0xFF, 0xFF, 0xEF, 0xE0, 0x00, 0xFE,
  0x00, 0x0F, 0xE0, 0x00, 0xFE, 0x00, 0x0F, 0xE0, 0x00, 0xFE, 0x00, 0x0F,
  0xE0, 0x00, 0xFE, 0x00, 0x0F, 0xE0, 0x00, 0xFF, 0xFF, 0xFF, 0xFF, 0xFF,
  0xFF, 0xFF, 0xFF, 0xFF, 0xFF, 0xFF, 0xFF, 0xFF, 0xFF, 0xFF, 0x07, 0xFC,
  0x00, 0x7F, 0xE0, 0x0F, 0xFF, 0x01, 0xFF, 0xF0, 0x3F, 0x9F, 0x83, 0xF0,
  0xFC, 0x7E, 0x07, 0xEF, 0x80, 0x3F, 0x00, 0x00, 0x00, 0x00, 0x00, 0xFF,
  0xFF, 0xFF, 0xFF, 0xFF, 0xFF, 0xFF, 0xFF, 0xFF, 0xFF, 0xFF, 0xFF, 0xFF,
  0xFF, 0xFF, 0xFE, 0x00, 0x0F, 0xE0, 0x00, 0xFE, 0x00, 0x0F, 0xE0, 0x00,
  0xFE, 0x00, 0x0F, 0xE0, 0x00, 0xFE, 0x00, 0x0F, 0xFF, 0xFE, 0xFF, 0xFF,
  0xEF, 0xFF, 0xFE, 0xFF, 0xFF, 0xEF, 0xFF, 0xFE, 0xFF, 0xFF, 0xEF, 0xE0,
  0x00, 0xFE, 0x00, 0x0F, 0xE0, 0x00, 0xFE, 0x00, 0x0F, 0xE0, 0x00, 0xFE,
  0x00, 0x0F, 0xE0, 0x00, 0xFE, 0x00, 0x0F, 0xE0, 0x00, 0xFF, 0xFF, 0xFF,
  0xFF, 0xFF, 0xFF, 0xFF, 0xFF, 0xFF, 0xFF, 0xFF, 0xFF, 0xFF, 0xFF, 0xFF,
  0x1F, 0x07, 0x81, 0xF8, 0xFC, 0x3F, 0x8F, 0xC3, 0xF8, 0xFC, 0x1F, 0x0F,
  0xC0, 0xE0, 0x78, 0x00, 0x00, 0x00, 0x00, 0x00, 0x00, 0x00, 0x0F, 0xFF,
  0xFF, 0xFF, 0xFF, 0xFF, 0xFF, 0xFF, 0xFF, 0xFF, 0xFF, 0xFF, 0xFF, 0xFF,
  0xFF, 0xFF, 0xE0, 0x00, 0xFE, 0x00, 0x0F, 0xE0, 0x00, 0xFE, 0x00, 0x0F,
  0xE0, 0x00, 0xFE, 0x00, 0x0F, 0xE0, 0x00, 0xFF, 0xFF, 0xEF, 0xFF, 0xFE,
  0xFF, 0xFF, 0xEF, 0xFF, 0xFE, 0xFF, 0xFF, 0xEF, 0xFF, 0xFE, 0xFE, 0x00,
  0x0F, 0xE0, 0x00, 0xFE, 0x00, 0x0F, 0xE0, 0x00, 0xFE, 0x00, 0x0F, 0xE0,
  0x00, 0xFE, 0x00, 0x0F, 0xE0, 0x00, 0xFE, 0x00, 0x0F, 0xFF, 0xFF, 0xFF,
  0xFF, 0xFF, 0xFF, 0xFF, 0xFF, 0xFF, 0xFF, 0xFF, 0xFF, 0xFF, 0xFF, 0xF0,
  0xFF, 0x03, 0xFC, 0x0F, 0xE0, 0x3F, 0x80, 0xFE, 0x03, 0xF8, 0x07, 0xC0,
  0x1F, 0x00, 0x00, 0x00, 0x00, 0xFE, 0x07, 0xF0, 0x3F, 0x81, 0xFC, 0x0F,
  0xE0, 0x7F, 0x03, 0xF8, 0x1F, 0xC0, 0xFE, 0x07, 0xF0, 0x3F, 0x81, 0xFC,
  0x0F, 0xE0, 0x7F, 0x03, 0xF8, 0x1F, 0xC0, 0xFE, 0x07, 0xF0, 0x3F, 0x81,
  0xFC, 0x0F, 0xE0, 0x7F, 0x03, 0xF8, 0x1F, 0xC0, 0xFE, 0x07, 0xF0, 0x3F,
  0x81, 0xFC, 0x0F, 0xE0, 0x7F, 0x03, 0xF8, 0x1F, 0xC0, 0xFE, 0x07, 0xF0,
  0x03, 0xFC, 0x1F, 0xE0, 0x7F, 0x03, 0xF8, 0x1F, 0xC0, 0xFE, 0x03, 0xE0,
  0x1F, 0x00, 0x00, 0x00, 0x00, 0x0F, 0xE0, 0x3F, 0x80, 0xFE, 0x03, 0xF8,
  0x0F, 0xE0, 0x3F, 0x80, 0xFE, 0x03, 0xF8, 0x0F, 0xE0, 0x3F, 0x80, 0xFE,
  0x03, 0xF8, 0x0F, 0xE0, 0x3F, 0x80, 0xFE, 0x03, 0xF8, 0x0F, 0xE0, 0x3F,
  0x80, 0xFE, 0x03, 0xF8, 0x0F, 0xE0, 0x3F, 0x80, 0xFE, 0x03, 0xF8, 0x0F,
  0xE0, 0x3F, 0x80, 0xFE, 0x03, 0xF8, 0x0F, 0xE0, 0x3F, 0x80, 0xFE, 0x03,
  0xF8, 0x0F, 0xE0, 0x3F, 0x80, 0x07, 0xFC, 0x00, 0x7F, 0xE0, 0x0F, 0xFF,
  0x01, 0xFF, 0xF0, 0x3F, 0x9F, 0x83, 0xF0, 0xFC, 0x7E, 0x07, 0xEF, 0x80,
  0x3F, 0x00, 0x00, 0x00, 0x00, 0x00, 0x03, 0xF8, 0x00, 0x3F, 0x80, 0x03,
  0xF8, 0x00, 0x3F, 0x80, 0x03, 0xF8, 0x00, 0x3F, 0x80, 0x03, 0xF8, 0x00,
  0x3F, 0x80, 0x03, 0xF8, 0x00, 0x3F, 0x80, 0x03, 0xF8, 0x00, 0x3F, 0x80,
  0x03, 0xF8, 0x00, 0x3F, 0x80, 0x03, 0xF8, 0x00, 0x3F, 0x80, 0x03, 0xF8,
  0x00, 0x3F, 0x80, 0x03, 0xF8, 0x00, 0x3F, 0x80, 0x03, 0xF8, 0x00, 0x3F,
  0x80, 0x03, 0xF8, 0x00, 0x3F, 0x80, 0x03, 0xF8, 0x00, 0x3F, 0x80, 0x03,
  0xF8, 0x00, 0x3F, 0x80, 0x03, 0xF8, 0x00, 0x3F, 0x80, 0x03, 0xF8, 0x00,
  0x3F, 0x80, 0x03, 0xF8, 0x00, 0x3F, 0x80, 0x7C, 0x1E, 0x7E, 0x3F, 0xFE,
  0x3F, 0xFE, 0x3F, 0x7C, 0x3F, 0x38, 0x1E, 0x00, 0x00, 0x00, 0x00, 0x00,
  0x00, 0x0F, 0xE0, 0x0F, 0xE0, 0x0F, 0xE0, 0x0F, 0xE0, 0x0F, 0xE0, 0x0F,
  0xE0, 0x0F, 0xE0, 0x0F, 0xE0, 0x0F, 0xE0, 0x0F, 0xE0, 0x0F, 0xE0, 0x0F,
  0xE0, 0x0F, 0xE0, 0x0F, 0xE0, 0x0F, 0xE0, 0x0F, 0xE0, 0x0F, 0xE0, 0x0F,
  0xE0, 0x0F, 0xE0, 0x0F, 0xE0, 0x0F, 0xE0, 0x0F, 0xE0, 0x0F, 0xE0, 0x0F,
  0xE0, 0x0F, 0xE0, 0x0F, 0xE0, 0x0F, 0xE0, 0x0F, 0xE0, 0x0F, 0xE0, 0x0F,
  0xE0, 0x0F, 0xE0, 0x0F, 0xE0, 0x0F, 0xE0, 0x0F, 0xE0, 0x1F, 0xFF, 0xE0,
  0x00, 0x3F, 0xFF, 0xF8, 0x00, 0x7F, 0xFF, 0xFC, 0x00, 0xFF, 0xFF, 0xFC,
  0x01, 0xFF, 0xFF, 0xFE, 0x03, 0xFF, 0xFF, 0xFE, 0x07, 0xF0, 0x0F, 0xFC,
  0x0F, 0xE0, 0x07, 0xFC, 0x1F, 0xC0, 0x07, 0xF8, 0x3F, 0x80, 0x07, 0xF8,
  0x7F, 0x00, 0x0F, 0xF0, 0xFE, 0x00, 0x0F, 0xE1, 0xFC, 0x00, 0x1F, 0xE3,
  0xF8, 0x00, 0x3F, 0xFF, 0xFF, 0xC0, 0x3F, 0xFF, 0xFF, 0x80, 0x7F, 0xFF,
  0xFF, 0x00, 0xFF, 0xFF, 0xFE, 0x01, 0xFF, 0xFF, 0xFC, 0x03, 0xFF, 0xFF,
  0xF8, 0x0F, 0xF1, 0xFC, 0x00, 0x1F, 0xE3, 0xF8, 0x00, 0x3F, 0xC7, 0xF0,
  0x00, 0x7F, 0x0F, 0xE0, 0x01, 0xFE, 0x1F, 0xC0, 0x03, 0xFC, 0x3F, 0x80,
  0x0F, 0xF0, 0x7F, 0x00, 0x3F, 0xE0, 0xFE, 0x01, 0xFF, 0x81, 0xFF, 0xFF,
  0xFE, 0x03, 0xFF, 0xFF, 0xF8, 0x07, 0xFF, 0xFF, 0xE0, 0x0F, 0xFF, 0xFF,
  0x80, 0x1F, 0xFF, 0xFC, 0x00, 0x3F, 0xFF, 0x80, 0x00, 0x00, 0x3C, 0x07,
  0x80, 0x03, 0xFC, 0x1E, 0x00, 0x1F, 0xFF, 0xF0, 0x00, 0x7F, 0xFF, 0xC0,
  0x03, 0xFF, 0xFE, 0x00, 0x0F, 0x0F, 0xF8, 0x00, 0x38, 0x0F, 0x80, 0x00,
  0x00, 0x00, 0x00, 0x00, 0x00, 0x00, 0x03, 0xFE, 0x00, 0x03, 0xFF, 0xFC,
  0x00, 0x0F, 0xFF, 0xF8, 0x00, 0x3F, 0xFF, 0xE0, 0x00, 0xFF, 0xFF, 0xC0,
  0x03, 0xFF, 0xFF, 0x00, 0x0F, 0xFF, 0xFE, 0x00, 0x3F, 0xFF, 0xFC, 0x00,
  0xFF, 0xFF, 0xF0, 0x03, 0xFF, 0xDF, 0xE0, 0x0F, 0xFF, 0x3F, 0x80, 0x3F,
  0xFC, 0xFF, 0x00, 0xFF, 0xF1, 0xFC, 0x03, 0xFF, 0xC7, 0xF8, 0x0F, 0xFF,
  0x0F, 0xF0, 0x3F, 0xFC, 0x3F, 0xC0, 0xFF, 0xF8, 0x7F, 0x83, 0xFF, 0xE0,
  0xFE, 0x0F, 0xFF, 0x83, 0xFC, 0x3F, 0xFE, 0x07, 0xF0, 0xFF, 0xF8, 0x1F,
  0xE3, 0xFF, 0xE0, 0x3F, 0xCF, 0xFF, 0x80, 0xFF, 0x3F, 0xFE, 0x01, 0xFE,
  0xFF, 0xF8, 0x03, 0xFB, 0xFF, 0xE0, 0x0F, 0xFF, 0xFF, 0x80, 0x1F, 0xFF,
  0xFE, 0x00, 0x7F, 0xFF, 0xF8, 0x00, 0xFF, 0xFF, 0xE0, 0x03, 0xFF, 0xFF,
  0x80, 0x07, 0xFF, 0xFE, 0x00, 0x0F, 0xFF, 0xF8, 0x00, 0x3F, 0xFF, 0xE0,
  0x00, 0x7F, 0xC0, 0x01, 0xFE, 0x00, 0x00, 0x00, 0xFF, 0x00, 0x00, 0x00,
  0x7F, 0x00, 0x00, 0x00, 0x3F, 0x80, 0x00, 0x00, 0x1F, 0xC0, 0x00, 0x00,
  0x0F, 0xE0, 0x00, 0x00, 0x03, 0xE0, 0x00, 0x00, 0x01, 0xF0, 0x00, 0x00,
  0x00, 0x00, 0x00, 0x00, 0x00, 0x00, 0x00, 0x00, 0x1F, 0xF8, 0x00, 0x00,
  0xFF, 0xFF, 0x00, 0x03, 0xFF, 0xFF, 0x80, 0x07, 0xFF, 0xFF, 0xE0, 0x0F,
  0xFF, 0xFF, 0xF0, 0x1F, 0xFF, 0xFF, 0xF0, 0x3F, 0xF0, 0x1F, 0xF8, 0x3F,
  0xE0, 0x07, 0xFC, 0x7F, 0xC0, 0x03, 0xFC, 0x7F, 0x80, 0x01, 0xFE, 0x7F,
  0x00, 0x01, 0xFE, 0xFF, 0x00, 0x01, 0xFE, 0xFF, 0x00, 0x00, 0xFE, 0xFE,
  0x00, 0x00, 0xFE, 0xFE, 0x00, 0x00, 0xFF, 0xFE, 0x00, 0x00, 0xFF, 0xFE,
  0x00, 0x00, 0xFF, 0xFE, 0x00, 0x00, 0xFF, 0xFE, 0x00, 0x00, 0xFF, 0xFE,
  0x00, 0x00, 0xFF, 0xFE, 0x00, 0x00, 0xFE, 0xFF, 0x00, 0x00, 0xFE, 0xFF,
  0x00, 0x01, 0xFE, 0x7F, 0x00, 0x01, 0xFE, 0x7F, 0x80, 0x01, 0xFE, 0x7F,
  0xC0, 0x03, 0xFC, 0x3F, 0xE0, 0x07, 0xFC, 0x3F, 0xF0, 0x1F, 0xF8, 0x1F,
  0xFF, 0xFF, 0xF0, 0x0F, 0xFF, 0xFF, 0xF0, 0x07, 0xFF, 0xFF, 0xE0, 0x03,
  0xFF, 0xFF, 0x80, 0x00, 0xFF, 0xFF, 0x00, 0x00, 0x1F, 0xF0, 0x00, 0x00,
  0x00, 0x7F, 0x80, 0x00, 0x00, 0xFF, 0x00, 0x00, 0x00, 0xFE, 0x00, 0x00,
  0x01, 0xFC, 0x00, 0x00, 0x03, 0xF8, 0x00, 0x00, 0x07, 0xF0, 0x00, 0x00,
  0x07, 0xC0, 0x00, 0x00, 0x0F, 0x80, 0x00, 0x00, 0x00, 0x00, 0x00, 0x00,
  0x00, 0x00, 0x00, 0x00, 0x1F, 0xF8, 0x00, 0x00, 0xFF, 0xFF, 0x00, 0x03,
  0xFF, 0xFF, 0x80, 0x07, 0xFF, 0xFF, 0xE0, 0x0F, 0xFF, 0xFF, 0xF0, 0x1F,
  0xFF, 0xFF, 0xF0, 0x3F, 0xF0, 0x1F, 0xF8, 0x3F, 0xE0, 0x07, 0xFC, 0x7F,
  0xC0, 0x03, 0xFC, 0x7F, 0x80, 0x01, 0xFE, 0x7F, 0x00, 0x01, 0xFE, 0xFF,
  0x00, 0x01, 0xFE, 0xFF, 0x00, 0x00, 0xFE, 0xFE, 0x00, 0x00, 0xFE, 0xFE,
  0x00, 0x00, 0xFF, 0xFE, 0x00, 0x00, 0xFF, 0xFE, 0x00, 0x00, 0xFF, 0xFE,
  0x00, 0x00, 0xFF, 0xFE, 0x00, 0x00, 0xFF, 0xFE, 0x00, 0x00, 0xFF, 0xFE,
  0x00, 0x00, 0xFE, 0xFF, 0x00, 0x00, 0xFE, 0xFF, 0x00, 0x01, 0xFE, 0x7F,
  0x00, 0x01, 0xFE, 0x7F, 0x80, 0x01, 0xFE, 0x7F, 0xC0, 0x03, 0xFC, 0x3F,
  0xE0, 0x07, 0xFC, 0x3F, 0xF0, 0x1F, 0xF8, 0x1F, 0xFF, 0xFF, 0xF0, 0x0F,
  0xFF, 0xFF, 0xF0, 0x07, 0xFF, 0xFF, 0xE0, 0x03, 0xFF, 0xFF, 0x80, 0x00,
  0xFF, 0xFF, 0x00, 0x00, 0x1F, 0xF0, 0x00, 0x00, 0x1F, 0xF0, 0x00, 0x00,
  0x1F, 0xF8, 0x00, 0x00, 0x3F, 0xFC, 0x00, 0x00, 0x7F, 0xFC, 0x00, 0x00,
  0xFE, 0x7E, 0x00, 0x00, 0xFC, 0x3F, 0x00, 0x01, 0xF8, 0x1F, 0x80, 0x03,
  0xE0, 0x0F, 0xC0, 0x00, 0x00, 0x00, 0x00, 0x00, 0x00, 0x00, 0x00, 0x00,
  0x1F, 0xF8, 0x00, 0x00, 0xFF, 0xFF, 0x00, 0x03, 0xFF, 0xFF, 0x80, 0x07,
  0xFF, 0xFF, 0xE0, 0x0F, 0xFF, 0xFF, 0xF0, 0x1F, 0xFF, 0xFF, 0xF0, 0x3F,
  0xF0, 0x1F, 0xF8, 0x3F, 0xE0, 0x07, 0xFC, 0x7F, 0xC0, 0x03, 0xFC, 0x7F,
  0x80, 0x01, 0xFE, 0x7F, 0x00, 0x01, 0xFE, 0xFF, 0x00, 0x01, 0xFE, 0xFF,
  0x00, 0x00, 0xFE, 0xFE, 0x00, 0x00, 0xFE, 0xFE, 0x00, 0x00, 0xFF, 0xFE,
  0x00, 0x00, 0xFF, 0xFE, 0x00, 0x00, 0xFF, 0xFE, 0x00, 0x00, 0xFF, 0xFE,
  0x00, 0x00, 0xFF, 0xFE, 0x00, 0x00, 0xFF, 0xFE, 0x00, 0x00, 0xFE, 0xFF,
  0x00, 0x00, 0xFE, 0xFF, 0x00, 0x01, 0xFE, 0x7F, 0x00, 0x01, 0xFE, 0x7F,
  0x80, 0x01, 0xFE, 0x7F, 0xC0, 0x03, 0xFC, 0x3F, 0xE0, 0x07, 0xFC, 0x3F,
  0xF0, 0x1F, 0xF8, 0x1F, 0xFF, 0xFF, 0xF0, 0x0F, 0xFF, 0xFF, 0xF0, 0x07,
  0xFF, 0xFF, 0xE0, 0x03, 0xFF, 0xFF, 0x80, 0x00, 0xFF, 0xFF, 0x00, 0x00,
  0x1F, 0xF0, 0x00, 0x00, 0x3C, 0x07, 0x80, 0x00, 0xFF, 0x07, 0x80, 0x01,
  0xFF, 0xFF, 0x00, 0x01, 0xFF, 0xFF, 0x00, 0x03, 0xFF, 0xFE, 0x00, 0x03,
  0xC3, 0xFE, 0x00, 0x03, 0x80, 0xF8, 0x00, 0x00, 0x00, 0x00, 0x00, 0x00,
  0x00, 0x00, 0x00, 0x00, 0x1F, 0xF8, 0x00, 0x00, 0xFF, 0xFF, 0x00, 0x03,
  0xFF, 0xFF, 0x80, 0x07, 0xFF, 0xFF, 0xE0, 0x0F, 0xFF, 0xFF, 0xF0, 0x1F,
  0xFF, 0xFF, 0xF0, 0x3F, 0xF0, 0x1F, 0xF8, 0x3F, 0xE0, 0x07, 0xFC, 0x7F,
  0xC0, 0x03, 0xFC, 0x7F, 0x80, 0x01, 0xFE, 0x7F, 0x00, 0x01, 0xFE, 0xFF,
  0x00, 0x01, 0xFE, 0xFF, 0x00, 0x00, 0xFE, 0xFE, 0x00, 0x00, 0xFE, 0xFE,
  0x00, 0x00, 0xFF, 0xFE, 0x00, 0x00, 0xFF, 0xFE, 0x00, 0x00, 0xFF, 0xFE,
  0x00, 0x00, 0xFF, 0xFE, 0x00, 0x00, 0xFF, 0xFE, 0x00, 0x00, 0xFF, 0xFE,
  0x00, 0x00, 0xFE, 0xFF, 0x00, 0x00, 0xFE, 0xFF, 0x00, 0x01, 0xFE, 0x7F,
  0x00, 0x01, 0xFE, 0x7F, 0x80, 0x01, 0xFE, 0x7F, 0xC0, 0x03, 0xFC, 0x3F,
  0xE0, 0x07, 0xFC, 0x3F, 0xF0, 0x1F, 0xF8, 0x1F, 0xFF, 0xFF, 0xF0, 0x0F,
  0xFF, 0xFF, 0xF0, 0x07, 0xFF, 0xFF, 0xE0, 0x03, 0xFF, 0xFF, 0x80, 0x00,
  0xFF, 0xFF, 0x00, 0x00, 0x1F, 0xF0, 0x00, 0x00, 0xF8, 0x3C, 0x00, 0x00,
  0xFC, 0x7E, 0x00, 0x01, 0xFC, 0x7E, 0x00, 0x01, 0xFC, 0x7E, 0x00, 0x00,
  0xF8, 0x7E, 0x00, 0x00, 0x70, 0x3C, 0x00, 0x00, 0x00, 0x00, 0x00, 0x00,
  0x00, 0x00, 0x00, 0x00, 0x00, 0x00, 0x00, 0x00, 0x1F, 0xF8, 0x00, 0x00,
  0xFF, 0xFF, 0x00, 0x03, 0xFF, 0xFF, 0x80, 0x07, 0xFF, 0xFF, 0xE0, 0x0F,
  0xFF, 0xFF, 0xF0, 0x1F, 0xFF, 0xFF, 0xF0, 0x3F, 0xF0, 0x1F, 0xF8, 0x3F,
  0xE0, 0x07, 0xFC, 0x7F, 0xC0, 0x03, 0xFC, 0x7F, 0x80, 0x01, 0xFE, 0x7F,
  0x00, 0x01, 0xFE, 0xFF, 0x00, 0x01, 0xFE, 0xFF, 0x00, 0x00, 0xFE, 0xFE,
  0x00, 0x00, 0xFE, 0xFE, 0x00, 0x00, 0xFF, 0xFE, 0x00, 0x00, 0xFF, 0xFE,
  0x00, 0x00, 0xFF, 0xFE, 0x00, 0x00, 0xFF, 0xFE, 0x00, 0x00, 0xFF, 0xFE,
  0x00, 0x00, 0xFF, 0xFE, 0x00, 0x00, 0xFE, 0xFF, 0x00, 0x00, 0xFE, 0xFF,
  0x00, 0x01, 0xFE, 0x7F, 0x00, 0x01, 0xFE, 0x7F, 0x80, 0x01, 0xFE, 0x7F,
  0xC0, 0x03, 0xFC, 0x3F, 0xE0, 0x07, 0xFC, 0x3F, 0xF0, 0x1F, 0xF8, 0x1F,
  0xFF, 0xFF, 0xF0, 0x0F, 0xFF, 0xFF, 0xF0, 0x07, 0xFF, 0xFF, 0xE0, 0x03,
  0xFF, 0xFF, 0x80, 0x00, 0xFF, 0xFF, 0x00, 0x00, 0x1F, 0xF0, 0x00, 0x10,
  0x00, 0x41, 0xC0, 0x07, 0x1F, 0x00, 0x7D, 0xFC, 0x07, 0xF7, 0xF0, 0x7F,
  0x1F, 0xC7, 0xF0, 0x7F, 0x7F, 0x01, 0xFF, 0xF0, 0x07, 0xFF, 0x00, 0x1F,
  0xF0, 0x00, 0x7F, 0x00, 0x07, 0xFC, 0x00, 0x7F, 0xF0, 0x07, 0xFF, 0xC0,
  0x7F, 0x7F, 0x07, 0xF1, 0xFC, 0x7F, 0x07, 0xF7, 0xF0, 0x1F, 0xDF, 0x00,
  0x7C, 0x70, 0x01, 0xC1, 0x00, 0x04, 0x00, 0x00, 0x00, 0x00, 0x40, 0x00,
  0x1F, 0xF0, 0xF0, 0x00, 0xFF, 0xFE, 0xF8, 0x03, 0xFF, 0xFF, 0xF0, 0x07,
  0xFF, 0xFF, 0xF0, 0x0F, 0xFF, 0xFF, 0xF0, 0x1F, 0xFF, 0xFF, 0xF0, 0x3F,
  0xF0, 0x1F, 0xF8, 0x3F, 0xE0, 0x0F, 0xFC, 0x7F, 0x80, 0x1F, 0xFC, 0x7F,
  0x80, 0x3F, 0xFE, 0x7F, 0x00, 0x3F, 0xFE, 0xFF, 0x00, 0x7D, 0xFE, 0xFF,
  0x00, 0xFC, 0xFE, 0xFE, 0x00, 0xF8, 0xFE, 0xFE, 0x01, 0xF0, 0xFF, 0xFE,
  0x03, 0xF0, 0xFF, 0xFE, 0x07, 0xE0, 0xFF, 0xFE, 0x07, 0xC0, 0xFF, 0xFE,
  0x0F, 0xC0, 0xFF, 0xFE, 0x1F, 0x80, 0xFF, 0xFE, 0x1F, 0x00, 0xFE, 0xFF,
  0x3E, 0x00, 0xFE, 0xFF, 0x7E, 0x01, 0xFE, 0x7F, 0x7C, 0x01, 0xFE, 0x7F,
  0xF8, 0x01, 0xFE, 0x7F, 0xF8, 0x03, 0xFC, 0x3F, 0xF0, 0x07, 0xFC, 0x3F,
  0xF0, 0x1F, 0xF8, 0x1F, 0xFF, 0xFF, 0xF0, 0x0F, 0xFF, 0xFF, 0xF0, 0x0F,
  0xFF, 0xFF, 0xE0, 0x1F, 0xFF, 0xFF, 0x80, 0x1F, 0xFF, 0xFF, 0x00, 0x3E,
  0x1F, 0xF0, 0x00, 0x0E, 0x00, 0x00, 0x00, 0x04, 0x00, 0x00, 0x00, 0x07,
  0xF8, 0x00, 0x00, 0x3F, 0xC0, 0x00, 0x01, 0xFC, 0x00, 0x00, 0x0F, 0xE0,
  0x00, 0x00, 0x7F, 0x00, 0x00, 0x03, 0xF8, 0x00, 0x00, 0x0F, 0x80, 0x00,
  0x00, 0x7C, 0x00, 0x00, 0x00, 0x00, 0x00, 0x00, 0x00, 0x00, 0xFE, 0x00,
  0x0F, 0xFF, 0xE0, 0x00, 0xFF, 0xFE, 0x00, 0x0F, 0xFF, 0xE0, 0x00, 0xFF,
  0xFE, 0x00, 0x0F, 0xFF, 0xE0, 0x00, 0xFF, 0xFE, 0x00, 0x0F, 0xFF, 0xE0,
  0x00, 0xFF, 0xFE, 0x00, 0x0F, 0xFF, 0xE0, 0x00, 0xFF, 0xFE, 0x00, 0x0F,
  0xFF, 0xE0, 0x00, 0xFF, 0xFE, 0x00, 0x0F, 0xFF, 0xE0, 0x00, 0xFF, 0xFE,
  0x00, 0x0F, 0xFF, 0xE0, 0x00, 0xFF, 0xFE, 0x00, 0x0F, 0xFF, 0xE0, 0x00,
  0xFF, 0xFE, 0x00, 0x0F, 0xFF, 0xE0, 0x00, 0xFF, 0xFE, 0x00, 0x0F, 0xFF,
  0xE0, 0x00, 0xFF, 0xFE, 0x00, 0x0F, 0xFF, 0xE0, 0x00, 0xFE, 0xFF, 0x00,
  0x0F, 0xEF, 0xF0, 0x01, 0xFE, 0x7F, 0x80, 0x1F, 0xE7, 0xFE, 0x07, 0xFC,
  0x3F, 0xFF, 0xFF, 0xC3, 0xFF, 0xFF, 0xF8, 0x1F, 0xFF, 0xFF, 0x00, 0xFF,
  0xFF, 0xE0, 0x03, 0xFF, 0xF8, 0x00, 0x07, 0xFC, 0x00, 0x00, 0x01, 0xFE,
  0x00, 0x00, 0x3F, 0xC0, 0x00, 0x03, 0xF8, 0x00, 0x00, 0x7F, 0x00, 0x00,
  0x0F, 0xE0, 0x00, 0x01, 0xFC, 0x00, 0x00, 0x1F, 0x00, 0x00, 0x03, 0xE0,
  0x00, 0x00, 0x00, 0x00, 0x00, 0x00, 0x00, 0x00, 0xFE, 0x00, 0x0F, 0xFF,
  0xE0, 0x00, 0xFF, 0xFE, 0x00, 0x0F, 0xFF, 0xE0, 0x00, 0xFF, 0xFE, 0x00,
  0x0F, 0xFF, 0xE0, 0x00, 0xFF, 0xFE, 0x00, 0x0F, 0xFF, 0xE0, 0x00, 0xFF,
  0xFE, 0x00, 0x0F, 0xFF, 0xE0, 0x00, 0xFF, 0xFE, 0x00, 0x0F, 0xFF, 0xE0,
  0x00, 0xFF, 0xFE, 0x00, 0x0F, 0xFF, 0xE0, 0x00, 0xFF, 0xFE, 0x00, 0x0F,
  0xFF, 0xE0, 0x00, 0xFF, 0xFE, 0x00, 0x0F, 0xFF, 0xE0, 0x00, 0xFF, 0xFE,
  0x00, 0x0F, 0xFF, 0xE0, 0x00, 0xFF, 0xFE, 0x00, 0x0F, 0xFF, 0xE0, 0x00,
  0xFF, 0xFE, 0x00, 0x0F, 0xFF, 0xE0, 0x00, 0xFE, 0xFF, 0x00, 0x0F, 0xEF,
  0xF0, 0x01, 0xFE, 0x7F, 0x80, 0x1F, 0xE7, 0xFE, 0x07, 0xFC, 0x3F, 0xFF,
  0xFF, 0xC3, 0xFF, 0xFF, 0xF8, 0x1F, 0xFF, 0xFF, 0x00, 0xFF, 0xFF, 0xE0,
  0x03, 0xFF, 0xF8, 0x00, 0x07, 0xFC, 0x00, 0x00, 0x7F, 0xC0, 0x00, 0x07,
  0xFE, 0x00, 0x00, 0xFF, 0xF0, 0x00, 0x1F, 0xFF, 0x00, 0x03, 0xF9, 0xF8,
  0x00, 0x3F, 0x0F, 0xC0, 0x07, 0xE0, 0x7E, 0x00, 0xF8, 0x03, 0xF0, 0x00,
  0x00, 0x00, 0x00, 0x00, 0x00, 0x00, 0xFE, 0x00, 0x0F, 0xFF, 0xE0, 0x00,
  0xFF, 0xFE, 0x00, 0x0F, 0xFF, 0xE0, 0x00, 0xFF, 0xFE, 0x00, 0x0F, 0xFF,
  0xE0, 0x00, 0xFF, 0xFE, 0x00, 0x0F, 0xFF, 0xE0, 0x00, 0xFF, 0xFE, 0x00,
  0x0F, 0xFF, 0xE0, 0x00, 0xFF, 0xFE, 0x00, 0x0F, 0xFF, 0xE0, 0x00, 0xFF,
  0xFE, 0x00, 0x0F, 0xFF, 0xE0, 0x00, 0xFF, 0xFE, 0x00, 0x0F, 0xFF, 0xE0,
  0x00, 0xFF, 0xFE, 0x00, 0x0F, 0xFF, 0xE0, 0x00, 0xFF, 0xFE, 0x00, 0x0F,
  0xFF, 0xE0, 0x00, 0xFF, 0xFE, 0x00, 0x0F, 0xFF, 0xE0, 0x00, 0xFF, 0xFE,
  0x00, 0x0F, 0xFF, 0xE0, 0x00, 0xFE, 0xFF, 0x00, 0x0F, 0xEF, 0xF0, 0x01,
  0xFE, 0x7F, 0x80, 0x1F, 0xE7, 0xFE, 0x07, 0xFC, 0x3F, 0xFF, 0xFF, 0xC3,
  0xFF, 0xFF, 0xF8, 0x1F, 0xFF, 0xFF, 0x00, 0xFF, 0xFF, 0xE0, 0x03, 0xFF,
  0xF8, 0x00, 0x07, 0xFC, 0x00, 0x03, 0xE0, 0xF0, 0x00, 0x3F, 0x1F, 0x80,
  0x07, 0xF1, 0xF8, 0x00, 0x7F, 0x1F, 0x80, 0x03, 0xE1, 0xF8, 0x00, 0x1C,
  0x0F, 0x00, 0x00, 0x00, 0x00, 0x00, 0x00, 0x00, 0x00, 0x00, 0x00, 0x00,
  0x0F, 0xE0, 0x00, 0xFF, 0xFE, 0x00, 0x0F, 0xFF, 0xE0, 0x00, 0xFF, 0xFE,
  0x00, 0x0F, 0xFF, 0xE0, 0x00, 0xFF, 0xFE, 0x00, 0x0F, 0xFF, 0xE0, 0x00,
  0xFF, 0xFE, 0x00, 0x0F, 0xFF, 0xE0, 0x00, 0xFF, 0xFE, 0x00, 0x0F, 0xFF,
  0xE0, 0x00, 0xFF, 0xFE, 0x00, 0x0F, 0xFF, 0xE0, 0x00, 0xFF, 0xFE, 0x00,
  0x0F, 0xFF, 0xE0, 0x00, 0xFF, 0xFE, 0x00, 0x0F, 0xFF, 0xE0, 0x00, 0xFF,
  0xFE, 0x00, 0x0F, 0xFF, 0xE0, 0x00, 0xFF, 0xFE, 0x00, 0x0F, 0xFF, 0xE0,
  0x00, 0xFF, 0xFE, 0x00, 0x0F, 0xFF, 0xE0, 0x00, 0xFF, 0xFE, 0x00, 0x0F,
  0xEF, 0xF0, 0x00, 0xFE, 0xFF, 0x00, 0x1F, 0xE7, 0xF8, 0x01, 0xFE, 0x7F,
  0xE0, 0x7F, 0xC3, 0xFF, 0xFF, 0xFC, 0x3F, 0xFF, 0xFF, 0x81, 0xFF, 0xFF,
  0xF0, 0x0F, 0xFF, 0xFE, 0x00, 0x3F, 0xFF, 0x80, 0x00, 0x7F, 0xC0, 0x00,
  0x00, 0x00, 0xFF, 0x00, 0x00, 0x0F, 0xF0, 0x00, 0x00, 0x7F, 0x00, 0x00,
  0x07, 0xF0, 0x00, 0x00, 0x7F, 0x00, 0x00, 0x07, 0xF0, 0x00, 0x00, 0x3E,
  0x00, 0x00, 0x03, 0xE0, 0x00, 0x00, 0x00, 0x00, 0x00, 0x00, 0x00, 0x00,
  0x3F, 0xC0, 0x01, 0xFE, 0xFE, 0x00, 0x0F, 0xF7, 0xF8, 0x00, 0xFF, 0x1F,
  0xC0, 0x07, 0xF0, 0xFF, 0x00, 0x7F, 0x83, 0xF8, 0x03, 0xF8, 0x1F, 0xE0,
  0x3F, 0xC0, 0x7F, 0x01, 0xFC, 0x03, 0xFC, 0x1F, 0xE0, 0x0F, 0xE0, 0xFE,
  0x00, 0x3F, 0x8F, 0xF0, 0x01, 0xFC, 0x7F, 0x00, 0x07, 0xF7, 0xF8, 0x00,
  0x3F, 0xBF, 0x80, 0x00, 0xFF, 0xFC, 0x00, 0x07, 0xFF, 0xC0, 0x00, 0x1F,
  0xFE, 0x00, 0x00, 0xFF, 0xE0, 0x00, 0x03, 0xFE, 0x00, 0x00, 0x1F, 0xF0,
  0x00, 0x00, 0x7F, 0x00, 0x00, 0x03, 0xF8, 0x00, 0x00, 0x1F, 0xC0, 0x00,
  0x00, 0xFE, 0x00, 0x00, 0x07, 0xF0, 0x00, 0x00, 0x3F, 0x80, 0x00, 0x01,
  0xFC, 0x00, 0x00, 0x0F, 0xE0, 0x00, 0x00, 0x7F, 0x00, 0x00, 0x03, 0xF8,
  0x00, 0x00, 0x1F, 0xC0, 0x00, 0x00, 0xFE, 0x00, 0x00, 0x07, 0xF0, 0x00,
  0x00, 0x3F, 0x80, 0x00, 0xFE, 0x00, 0x01, 0xFC, 0x00, 0x03, 0xF8, 0x00,
  0x07, 0xF0, 0x00, 0x0F, 0xE0, 0x00, 0x1F, 0xFF, 0xE0, 0x3F, 0xFF, 0xF8,
  0x7F, 0xFF, 0xF8, 0xFF, 0xFF, 0xF9, 0xFF, 0xFF, 0xFB, 0xFF, 0xFF, 0xF7,
  0xF0, 0x1F, 0xFF, 0xE0, 0x1F, 0xFF, 0xC0, 0x1F, 0xFF, 0x80, 0x3F, 0xFF,
  0x00, 0x7F, 0xFE, 0x00, 0xFF, 0xFC, 0x01, 0xFF, 0xF8, 0x03, 0xFF, 0xF0,
  0x0F, 0xFF, 0xE0, 0x3F, 0xFF, 0xFF, 0xFF, 0xBF, 0xFF, 0xFF, 0x7F, 0xFF,
  0xFC, 0xFF, 0xFF, 0xF1, 0xFF, 0xFF, 0x83, 0xFF, 0xFC, 0x07, 0xF0, 0x00,
  0x0F, 0xE0, 0x00, 0x1F, 0xC0, 0x00, 0x3F, 0x80, 0x00, 0x7F, 0x00, 0x00,
  0xFE, 0x00, 0x01, 0xFC, 0x00, 0x00, 0x00, 0xFF, 0x80, 0x00, 0x7F, 0xFF,
  0x00, 0x1F, 0xFF, 0xFC, 0x03, 0xFF, 0xFF, 0xE0, 0x7F, 0xFF, 0xFF, 0x07,
  0xFF, 0x7F, 0xF0, 0xFF, 0x00, 0xFF, 0x8F, 0xE0, 0x07, 0xF8, 0xFE, 0x00,
  0x3F, 0x8F, 0xE0, 0x07, 0xF0, 0xFE, 0x00, 0x7F, 0x0F, 0xE0, 0x0F, 0xE0,
  0xFE, 0x01, 0xFC, 0x0F, 0xE0, 0x7F, 0x80, 0xFE, 0x0F, 0xF0, 0x0F, 0xE0,
  0xFE, 0x00, 0xFE, 0x1F, 0xC0, 0x0F, 0xE1, 0xFC, 0x00, 0xFE, 0x1F, 0xF0,
  0x0F, 0xE1, 0xFF, 0x80, 0xFE, 0x0F, 0xFE, 0x0F, 0xE0, 0x7F, 0xF0, 0xFE,
  0x03, 0xFF, 0x8F, 0xE0, 0x0F, 0xFC, 0xFE, 0x00, 0x7F, 0xEF, 0xE0, 0x01,
  0xFE, 0xFE, 0x00, 0x0F, 0xFF, 0xE0, 0x00, 0xFF, 0xFE, 0x00, 0x07, 0xFF,
  0xE2, 0x00, 0xFF, 0xFE, 0x3C, 0x1F, 0xEF, 0xE3, 0xFF, 0xFE, 0xFE, 0x3F,
  0xFF, 0xEF, 0xE3, 0xFF, 0xFC, 0xFE, 0x3F, 0xFF, 0x0F, 0xE0, 0x7F, 0xC0,
  0x1F, 0xE0, 0x00, 0x1F, 0xE0, 0x00, 0x1F, 0xC0, 0x00, 0x1F, 0xC0, 0x00,
  0x1F, 0xC0, 0x00, 0x1F, 0xC0, 0x00, 0x0F, 0x80, 0x00, 0x0F, 0x80, 0x00,
  0x00, 0x00, 0x00, 0x00, 0x00, 0x00, 0x00, 0x00, 0x0F, 0xFC, 0x00, 0xFF,
  0xFE, 0x07, 0xFF, 0xFF, 0x07, 0xFF, 0xFE, 0x0F, 0xFF, 0xFE, 0x0F, 0x83,
  0xFC, 0x18, 0x03, 0xFC, 0x00, 0x03, 0xF8, 0x00, 0x07, 0xF0, 0x00, 0x0F,
  0xE0, 0x1F, 0xFF, 0xC3, 0xFF, 0xFF, 0x9F, 0xFF, 0xFF, 0x7F, 0xFF, 0xFE,
  0xFF, 0x81, 0xFF, 0xFC, 0x03, 0xFF, 0xF0, 0x07, 0xFF, 0xE0, 0x0F, 0xFF,
  0xC0, 0x3F, 0xFF, 0xE1, 0xFF, 0xFF, 0xFF, 0xFF, 0x7F, 0xFF, 0x7E, 0x7F,
  0xFC, 0xFC, 0x7F, 0xF1, 0xF8, 0x3F, 0x81, 0xF0, 0x00, 0x07, 0xF8, 0x00,
  0x1F, 0xE0, 0x00, 0x3F, 0x80, 0x00, 0xFE, 0x00, 0x03, 0xF8, 0x00, 0x0F,
  0xE0, 0x00, 0x1F, 0x00, 0x00, 0x7C, 0x00, 0x00, 0x00, 0x00, 0x00, 0x00,
  0x00, 0x00, 0x00, 0x00, 0x0F, 0xFC, 0x00, 0xFF, 0xFE, 0x07, 0xFF, 0xFF,
  0x07, 0xFF, 0xFE, 0x0F, 0xFF, 0xFE, 0x0F, 0x83, 0xFC, 0x18, 0x03, 0xFC,
  0x00, 0x03, 0xF8, 0x00, 0x07, 0xF0, 0x00, 0x0F, 0xE0, 0x1F, 0xFF, 0xC3,
  0xFF, 0xFF, 0x9F, 0xFF, 0xFF, 0x7F, 0xFF, 0xFE, 0xFF, 0x81, 0xFF, 0xFC,
  0x03, 0xFF, 0xF0, 0x07, 0xFF, 0xE0, 0x0F, 0xFF, 0xC0, 0x3F, 0xFF, 0xE1,
  0xFF, 0xFF, 0xFF, 0xFF, 0x7F, 0xFF, 0x7E, 0x7F, 0xFC, 0xFC, 0x7F, 0xF1,
  0xF8, 0x3F, 0x81, 0xF0, 0x01, 0xFF, 0x00, 0x03, 0xFF, 0x00, 0x0F, 0xFF,
  0x00, 0x3F, 0xFE, 0x00, 0xFE, 0x7E, 0x01, 0xF8, 0x7E, 0x07, 0xE0, 0x7E,
  0x1F, 0x00, 0x7E, 0x00, 0x00, 0x00, 0x00, 0x00, 0x00, 0x00, 0x00, 0x00,
  0x0F, 0xFC, 0x00, 0xFF, 0xFE, 0x07, 0xFF, 0xFF, 0x07, 0xFF, 0xFE, 0x0F,
  0xFF, 0xFE, 0x0F, 0x83, 0xFC, 0x18, 0x03, 0xFC, 0x00, 0x03, 0xF8, 0x00,
  0x07, 0xF0, 0x00, 0x0F, 0xE0, 0x1F, 0xFF, 0xC3, 0xFF, 0xFF, 0x9F, 0xFF,
  0xFF, 0x7F, 0xFF, 0xFE, 0xFF, 0x81, 0xFF, 0xFC, 0x03, 0xFF, 0xF0, 0x07,
  0xFF, 0xE0, 0x0F, 0xFF, 0xC0, 0x3F, 0xFF, 0xE1, 0xFF, 0xFF, 0xFF, 0xFF,
  0x7F, 0xFF, 0x7E, 0x7F, 0xFC, 0xFC, 0x7F, 0xF1, 0xF8, 0x3F, 0x81, 0xF0,
  0x01, 0xE0, 0x3C, 0x0F, 0xF0, 0x78, 0x3F, 0xFF, 0xE0, 0x7F, 0xFF, 0xC1,
  0xFF, 0xFF, 0x03, 0xC3, 0xFE, 0x07, 0x01, 0xF0, 0x00, 0x00, 0x00, 0x00,
  0x00, 0x00, 0x00, 0x00, 0x00, 0x07, 0xFE, 0x00, 0x7F, 0xFF, 0x03, 0xFF,
  0xFF, 0x83, 0xFF, 0xFF, 0x07, 0xFF, 0xFF, 0x07, 0xC1, 0xFE, 0x0C, 0x01,
  0xFE, 0x00, 0x01, 0xFC, 0x00, 0x03, 0xF8, 0x00, 0x07, 0xF0, 0x0F, 0xFF,
  0xE1, 0xFF, 0xFF, 0xCF, 0xFF, 0xFF, 0xBF, 0xFF, 0xFF, 0x7F, 0xC0, 0xFF,
  0xFE, 0x01, 0xFF, 0xF8, 0x03, 0xFF, 0xF0, 0x07, 0xFF, 0xE0, 0x1F, 0xFF,
  0xF0, 0xFF, 0xFF, 0xFF, 0xFF, 0xBF, 0xFF, 0xBF, 0x3F, 0xFE, 0x7E, 0x3F,
  0xF8, 0xFC, 0x1F, 0xC0, 0xF8, 0x07, 0xC1, 0xE0, 0x0F, 0xC7, 0xE0, 0x3F,
  0x8F, 0xC0, 0x7F, 0x1F, 0x80, 0x7C, 0x3F, 0x00, 0x70, 0x3C, 0x00, 0x00,
  0x00, 0x00, 0x00, 0x00, 0x00, 0x00, 0x00, 0x00, 0x00, 0x00, 0x07, 0xFE,
  0x00, 0x7F, 0xFF, 0x03, 0xFF, 0xFF, 0x83, 0xFF, 0xFF, 0x07, 0xFF, 0xFF,
  0x07, 0xC1, 0xFE, 0x0C, 0x01, 0xFE, 0x00, 0x01, 0xFC, 0x00, 0x03, 0xF8,
  0x00, 0x07, 0xF0, 0x0F, 0xFF, 0xE1, 0xFF, 0xFF, 0xCF, 0xFF, 0xFF, 0xBF,
  0xFF, 0xFF, 0x7F, 0xC0, 0xFF, 0xFE, 0x01, 0xFF, 0xF8, 0x03, 0xFF, 0xF0,
  0x07, 0xFF, 0xE0, 0x1F, 0xFF, 0xF0, 0xFF, 0xFF, 0xFF, 0xFF, 0xBF, 0xFF,
  0xBF, 0x3F, 0xFE, 0x7E, 0x3F, 0xF8, 0xFC, 0x1F, 0xC0, 0xF8, 0x00, 0x3E,
  0x00, 0x01, 0xFF, 0x00, 0x03, 0xFF, 0x00, 0x0F, 0x9E, 0x00, 0x1E, 0x1C,
  0x00, 0x38, 0x38, 0x00, 0x78, 0x70, 0x00, 0xF1, 0xE0, 0x00, 0xFF, 0xC0,
  0x01, 0xFF, 0x00, 0x00, 0xF8, 0x00, 0x00, 0x00, 0x00, 0x00, 0x00, 0x00,
  0x00, 0x00, 0x00, 0x7F, 0xE0, 0x07, 0xFF, 0xF0, 0x3F, 0xFF, 0xF8, 0x3F,
  0xFF, 0xF0, 0x7F, 0xFF, 0xF0, 0x7C, 0x1F, 0xE0, 0xC0, 0x1F, 0xE0, 0x00,
  0x1F, 0xC0, 0x00, 0x3F, 0x80, 0x00, 0x7F, 0x00, 0xFF, 0xFE, 0x1F, 0xFF,
  0xFC, 0xFF, 0xFF, 0xFB, 0xFF, 0xFF, 0xF7, 0xFC, 0x0F, 0xFF, 0xE0, 0x1F,
  0xFF, 0x80, 0x3F, 0xFF, 0x00, 0x7F, 0xFE, 0x01, 0xFF, 0xFF, 0x0F, 0xFF,
  0xFF, 0xFF, 0xFB, 0xFF, 0xFB, 0xF3, 0xFF, 0xE7, 0xE3, 0xFF, 0x8F, 0xC1,
  0xFC, 0x0F, 0x80, 0x00, 0xFF, 0x00, 0xFF, 0x00, 0x1F, 0xFF, 0x87, 0xFF,
  0x80, 0xFF, 0xFF, 0xBF, 0xFF, 0xC0, 0xFF, 0xFF, 0xFF, 0xFF, 0xC1, 0xFF,
  0xFF, 0xFF, 0xFF, 0x81, 0xF0, 0x7F, 0xF0, 0x7F, 0x83, 0x00, 0x7F, 0xC0,
  0x3F, 0x00, 0x00, 0xFF, 0x00, 0x7F, 0x00, 0x01, 0xFE, 0x00, 0xFE, 0x03,
  0xFF, 0xFF, 0xFF, 0xFC, 0x3F, 0xFF, 0xFF, 0xFF, 0xF9, 0xFF, 0xFF, 0xFF,
  0xFF, 0xF7, 0xFF, 0xFF, 0xFF, 0xFF, 0xEF, 0xF8, 0x3F, 0xFF, 0xFF, 0xFF,
  0xC0, 0x7F, 0x80, 0x00, 0x7F, 0x00, 0xFF, 0x00, 0x00, 0xFE, 0x01, 0xFE,
  0x00, 0x01, 0xFC, 0x03, 0xFE, 0x00, 0x03, 0xF8, 0x0F, 0xFE, 0x00, 0x37,
  0xFC, 0x7F, 0xFF, 0x07, 0xE7, 0xFF, 0xFD, 0xFF, 0xFF, 0xCF, 0xFF, 0xF3,
  0xFF, 0xFF, 0x8F, 0xFF, 0xC1, 0xFF, 0xFF, 0x0F, 0xFF, 0x01, 0xFF, 0xFC,
  0x07, 0xF8, 0x00, 0x7F, 0xC0, 0x00, 0x7F, 0x80, 0x1F, 0xFF, 0x83, 0xFF,
  0xFC, 0x3F, 0xFF, 0xE3, 0xFF, 0xFF, 0x1F, 0xFF, 0xF1, 0xFF, 0x01, 0x8F,
  0xF0, 0x00, 0x7F, 0x00, 0x07, 0xF8, 0x00, 0x3F, 0x80, 0x01, 0xFC, 0x00,
  0x0F, 0xE0, 0x00, 0x7F, 0x00, 0x03, 0xF8, 0x00, 0x1F, 0xE0, 0x00, 0xFF,
  0x00, 0x03, 0xFC, 0x00, 0x9F, 0xF0, 0x1C, 0xFF, 0xFF, 0xE3, 0xFF, 0xFF,
  0x0F, 0xFF, 0xF8, 0x3F, 0xFF, 0xC0, 0xFF, 0xFC, 0x00, 0xFF, 0x80, 0x01,
  0xE0, 0x00, 0x1F, 0x00, 0x00, 0xFE, 0x00, 0x07, 0xF8, 0x00, 0x0F, 0xC0,
  0x00, 0x3F, 0x00, 0x01, 0xF8, 0x01, 0xFF, 0x80, 0x0F, 0xFC, 0x00, 0x7F,
  0xC0, 0x03, 0xF8, 0x00, 0x1F, 0xE0, 0x00, 0x0F, 0xF0, 0x00, 0x07, 0xF0,
  0x00, 0x03, 0xF8, 0x00, 0x01, 0xFC, 0x00, 0x00, 0xFE, 0x00, 0x00, 0x3E,
  0x00, 0x00, 0x1F, 0x00, 0x00, 0x00, 0x00, 0x00, 0x00, 0x00, 0x00, 0x00,
  0x00, 0x00, 0xFF, 0x00, 0x03, 0xFF, 0xE0, 0x0F, 0xFF, 0xF0, 0x1F, 0xFF,
  0xF8, 0x3F, 0xFF, 0xFC, 0x3F, 0xC1, 0xFE, 0x7F, 0x00, 0xFE, 0x7F, 0x00,
  0x7E, 0x7E, 0x00, 0x7F, 0xFF, 0xFF, 0xFF, 0xFF, 0xFF, 0xFF, 0xFF, 0xFF,
  0xFF, 0xFF, 0xFF, 0xFF, 0xFF, 0xFF, 0xFF, 0xFE, 0x00, 0x00, 0xFE, 0x00,
  0x00, 0x7F, 0x00, 0x00, 0x7F, 0x00, 0x00, 0x7F, 0x80, 0x04, 0x3F, 0xF0,
  0x7C, 0x3F, 0xFF, 0xFC, 0x1F, 0xFF, 0xFC, 0x0F, 0xFF, 0xFC, 0x03, 0xFF,
  0xFC, 0x00, 0x7F, 0xE0, 0x00, 0x07, 0xF8, 0x00, 0x0F, 0xF0, 0x00, 0x0F,
  0xE0, 0x00, 0x1F, 0xC0, 0x00, 0x3F, 0x80, 0x00, 0x7F, 0x00, 0x00, 0x7C,
  0x00, 0x00, 0xF8, 0x00, 0x00, 0x00, 0x00, 0x00, 0x00, 0x00, 0x00, 0x00,
  0x00, 0x00, 0xFF, 0x00, 0x03, 0xFF, 0xE0, 0x0F, 0xFF, 0xF0, 0x1F, 0xFF,
  0xF8, 0x3F, 0xFF, 0xFC, 0x3F, 0xC1, 0xFE, 0x7F, 0x00, 0xFE, 0x7F, 0x00,
  0x7E, 0x7E, 0x00, 0x7F, 0xFF, 0xFF, 0xFF, 0xFF, 0xFF, 0xFF, 0xFF, 0xFF,
  0xFF, 0xFF, 0xFF, 0xFF, 0xFF, 0xFF, 0xFF, 0xFE, 0x00, 0x00, 0xFE, 0x00,
  0x00, 0x7F, 0x00, 0x00, 0x7F, 0x00, 0x00, 0x7F, 0x80, 0x04, 0x3F, 0xF0,
  0x7C, 0x3F, 0xFF, 0xFC, 0x1F, 0xFF, 0xFC, 0x0F, 0xFF, 0xFC, 0x03, 0xFF,
  0xFC, 0x00, 0x7F, 0xE0, 0x01, 0xFF, 0x00, 0x01, 0xFF, 0x80, 0x03, 0xFF,
  0xC0, 0x07, 0xFF, 0xC0, 0x0F, 0xE7, 0xE0, 0x0F, 0xC3, 0xF0, 0x1F, 0x81,
  0xF8, 0x3E, 0x00, 0xFC, 0x00, 0x00, 0x00, 0x00, 0x00, 0x00, 0x00, 0x00,
  0x00, 0x00, 0xFF, 0x00, 0x03, 0xFF, 0xE0, 0x0F, 0xFF, 0xF0, 0x1F, 0xFF,
  0xF8, 0x3F, 0xFF, 0xFC, 0x3F, 0xC1, 0xFE, 0x7F, 0x00, 0xFE, 0x7F, 0x00,
  0x7E, 0x7E, 0x00, 0x7F, 0xFF, 0xFF, 0xFF, 0xFF, 0xFF, 0xFF, 0xFF, 0xFF,
  0xFF, 0xFF, 0xFF, 0xFF, 0xFF, 0xFF, 0xFF, 0xFE, 0x00, 0x00, 0xFE, 0x00,
  0x00, 0x7F, 0x00, 0x00, 0x7F, 0x00, 0x00, 0x7F, 0x80, 0x04, 0x3F, 0xF0,
  0x7C, 0x3F, 0xFF, 0xFC, 0x1F, 0xFF, 0xFC, 0x0F, 0xFF, 0xFC, 0x03, 0xFF,
  0xFC, 0x00, 0x7F, 0xE0, 0x07, 0xC1, 0xE0, 0x07, 0xE3, 0xF0, 0x0F, 0xE3,
  0xF0, 0x0F, 0xE3, 0xF0, 0x07, 0xC3, 0xF0, 0x03, 0x81, 0xE0, 0x00, 0x00,
  0x00, 0x00, 0x00, 0x00, 0x00, 0x00, 0x00, 0x00, 0x00, 0x00, 0x00, 0xFF,
  0x00, 0x03, 0xFF, 0xE0, 0x0F, 0xFF, 0xF0, 0x1F, 0xFF, 0xF8, 0x3F, 0xFF,
  0xFC, 0x3F, 0xC1, 0xFE, 0x7F, 0x00, 0xFE, 0x7F, 0x00, 0x7E, 0x7E, 0x00,
  0x7F, 0xFF, 0xFF, 0xFF, 0xFF, 0xFF, 0xFF, 0xFF, 0xFF, 0xFF, 0xFF, 0xFF,
  0xFF, 0xFF, 0xFF, 0xFF, 0xFE, 0x00, 0x00, 0xFE, 0x00, 0x00, 0x7F, 0x00,
  0x00, 0x7F, 0x00, 0x00, 0x7F, 0x80, 0x04, 0x3F, 0xF0, 0x7C, 0x3F, 0xFF,
  0xFC, 0x1F, 0xFF, 0xFC, 0x0F, 0xFF, 0xFC, 0x03, 0xFF, 0xFC, 0x00, 0x7F,
  0xE0, 0xFF, 0x03, 0xFC, 0x0F, 0xE0, 0x3F, 0x80, 0xFE, 0x03, 0xF8, 0x07,
  0xC0, 0x1F, 0x00, 0x00, 0x00, 0x00, 0x00, 0x07, 0xF0, 0x3F, 0x81, 0xFC,
  0x0F, 0xE0, 0x7F, 0x03, 0xF8, 0x1F, 0xC0, 0xFE, 0x07, 0xF0, 0x3F, 0x81,
  0xFC, 0x0F, 0xE0, 0x7F, 0x03, 0xF8, 0x1F, 0xC0, 0xFE, 0x07, 0xF0, 0x3F,
  0x81, 0xFC, 0x0F, 0xE0, 0x7F, 0x03, 0xF8, 0x1F, 0xC0, 0xFE, 0x07, 0xF0,
  0x07, 0xF8, 0x7F, 0x83, 0xF8, 0x3F, 0x83, 0xF8, 0x3F, 0x81, 0xF0, 0x1F,
  0x00, 0x00, 0x00, 0x00, 0x00, 0x00, 0xFE, 0x07, 0xF0, 0x3F, 0x81, 0xFC,
  0x0F, 0xE0, 0x7F, 0x03, 0xF8, 0x1F, 0xC0, 0xFE, 0x07, 0xF0, 0x3F, 0x81,
  0xFC, 0x0F, 0xE0, 0x7F, 0x03, 0xF8, 0x1F, 0xC0, 0xFE, 0x07, 0xF0, 0x3F,
  0x81, 0xFC, 0x0F, 0xE0, 0x7F, 0x03, 0xF8, 0x1F, 0xC0, 0xFE, 0x00, 0x07,
  0xFC, 0x00, 0x7F, 0xE0, 0x0F, 0xFF, 0x01, 0xFF, 0xF0, 0x3F, 0x9F, 0x83,
  0xF0, 0xFC, 0x7E, 0x07, 0xEF, 0x80, 0x3F, 0x00, 0x00, 0x00, 0x00, 0x00,
  0x00, 0x00, 0x00, 0x1F, 0xC0, 0x01, 0xFC, 0x00, 0x1F, 0xC0, 0x01, 0xFC,
  0x00, 0x1F, 0xC0, 0x01, 0xFC, 0x00, 0x1F, 0xC0, 0x01, 0xFC, 0x00, 0x1F,
  0xC0, 0x01, 0xFC, 0x00, 0x1F, 0xC0, 0x01, 0xFC, 0x00, 0x1F, 0xC0, 0x01,
  0xFC, 0x00, 0x1F, 0xC0, 0x01, 0xFC, 0x00, 0x1F, 0xC0, 0x01, 0xFC, 0x00,
  0x1F, 0xC0, 0x01, 0xFC, 0x00, 0x1F, 0xC0, 0x01, 0xFC, 0x00, 0x1F, 0xC0,
  0x01, 0xFC, 0x00, 0x1F, 0xC0, 0x7C, 0x1E, 0x7E, 0x3F, 0xFE, 0x3F, 0xFE,
  0x3F, 0x7C, 0x3F, 0x38, 0x1E, 0x00, 0x00, 0x00, 0x00, 0x00, 0x00, 0x00,
  0x00, 0x07, 0xF0, 0x07, 0xF0, 0x07, 0xF0, 0x07, 0xF0, 0x07, 0xF0, 0x07,
  0xF0, 0x07, 0xF0, 0x07, 0xF0, 0x07, 0xF0, 0x07, 0xF0, 0x07, 0xF0, 0x07,
  0xF0, 0x07, 0xF0, 0x07, 0xF0, 0x07, 0xF0, 0x07, 0xF0, 0x07, 0xF0, 0x07,
  0xF0, 0x07, 0xF0, 0x07, 0xF0, 0x07, 0xF0, 0x07, 0xF0, 0x07, 0xF0, 0x07,
  0xF0, 0x07, 0xF0, 0x00, 0xC0, 0x10, 0x00, 0x78, 0x3C, 0x00, 0x7E, 0x3E,
  0x00, 0x3F, 0xFF, 0x80, 0x1F, 0xFF, 0x00, 0x03, 0xFF, 0x00, 0x01, 0xFF,
  0x80, 0x03, 0xFF, 0xE0, 0x03, 0xFF, 0xF0, 0x01, 0xF9, 0xFC, 0x00, 0x78,
  0x7F, 0x00, 0x10, 0x1F, 0x80, 0x00, 0x0F, 0xE0, 0x07, 0xF3, 0xF0, 0x1F,
  0xFF, 0xFC, 0x1F, 0xFF, 0xFE, 0x1F, 0xFF, 0xFF, 0x1F, 0xFF, 0xFF, 0xDF,
  0xF0, 0xFF, 0xEF, 0xF0, 0x1F, 0xF7, 0xF0, 0x07, 0xFF, 0xF8, 0x01, 0xFF,
  0xF8, 0x00, 0xFF, 0xFC, 0x00, 0x7F, 0xFE, 0x00, 0x3F, 0xFF, 0x00, 0x1F,
  0xFF, 0x80, 0x0F, 0xFF, 0xE0, 0x0F, 0xE7, 0xF0, 0x07, 0xF3, 0xFC, 0x07,
  0xF8, 0xFF, 0x0F, 0xF8, 0x7F, 0xFF, 0xF8, 0x1F, 0xFF, 0xFC, 0x07, 0xFF,
  0xF8, 0x00, 0xFF, 0xF8, 0x00, 0x1F, 0xF0, 0x00, 0x03, 0xC0, 0x78, 0x1F,
  0xE0, 0xF0, 0x7F, 0xFF, 0xC0, 0xFF, 0xFF, 0x83, 0xFF, 0xFE, 0x07, 0x87,
  0xFC, 0x0E, 0x03, 0xE0, 0x00, 0x00, 0x00, 0x00, 0x00, 0x00, 0x00, 0x00,
  0x03, 0xE0, 0x7F, 0x07, 0xC3, 0xFF, 0x8F, 0xDF, 0xFF, 0x9F, 0xBF, 0xFF,
  0xBF, 0xFF, 0xFF, 0xFF, 0xFF, 0xFF, 0xFF, 0x81, 0xFF, 0xFE, 0x01, 0xFF,
  0xF8, 0x03, 0xFF, 0xF0, 0x07, 0xFF, 0xE0, 0x0F, 0xFF, 0xC0, 0x1F, 0xFF,
  0x80, 0x3F, 0xFF, 0x00, 0x7F, 0xFE, 0x00, 0xFF, 0xFC, 0x01, 0xFF, 0xF8,
  0x03, 0xFF, 0xF0, 0x07, 0xFF, 0xE0, 0x0F, 0xFF, 0xC0, 0x1F, 0xFF, 0x80,
  0x3F, 0xFF, 0x00, 0x7F, 0xFE, 0x00, 0xFF, 0xFC, 0x01, 0xFF, 0xF8, 0x03,
  0xF8, 0x0F, 0xF0, 0x00, 0x03, 0xFC, 0x00, 0x00, 0xFE, 0x00, 0x00, 0x3F,
  0x80, 0x00, 0x0F, 0xE0, 0x00, 0x03, 0xF8, 0x00, 0x00, 0x7C, 0x00, 0x00,
  0x1F, 0x00, 0x00, 0x00, 0x00, 0x00, 0x00, 0x00, 0x00, 0x00, 0x00, 0x00,
  0x0F, 0xF0, 0x00, 0x3F, 0xFE, 0x00, 0x7F, 0xFF, 0xC0, 0x7F, 0xFF, 0xF0,
  0x7F, 0xFF, 0xFC, 0x3F, 0xFF, 0xFE, 0x3F, 0xC0, 0x7F, 0x9F, 0xC0, 0x1F,
  0xCF, 0xE0, 0x0F, 0xFF, 0xF0, 0x03, 0xFF, 0xF0, 0x01, 0xFF, 0xF8, 0x00,
  0xFF, 0xFC, 0x00, 0x7F, 0xFE, 0x00, 0x3F, 0xFF, 0x00, 0x1F, 0xFF, 0xC0,
  0x1F, 0xEF, 0xE0, 0x0F, 0xF7, 0xF0, 0x07, 0xF3, 0xFC, 0x07, 0xF8, 0xFF,
  0xFF, 0xF8, 0x7F, 0xFF, 0xFC, 0x1F, 0xFF, 0xFC, 0x07, 0xFF, 0xFC, 0x00,
  0xFF, 0xF8, 0x00, 0x1F, 0xF0, 0x00, 0x00, 0x07, 0xF8, 0x00, 0x07, 0xF8,
  0x00, 0x03, 0xF8, 0x00, 0x03, 0xF8, 0x00, 0x03, 0xF8, 0x00, 0x03, 0xF8,
  0x00, 0x01, 0xF0, 0x00, 0x01, 0xF0, 0x00, 0x00, 0x00, 0x00, 0x00, 0x00,
  0x00, 0x00, 0x00, 0x00, 0x00, 0x0F, 0xF0, 0x00, 0x3F, 0xFE, 0x00, 0x7F,
  0xFF, 0xC0, 0x7F, 0xFF, 0xF0, 0x7F, 0xFF, 0xFC, 0x3F, 0xFF, 0xFE, 0x3F,
  0xC0, 0x7F, 0x9F, 0xC0, 0x1F, 0xCF, 0xE0, 0x0F, 0xFF, 0xF0, 0x03, 0xFF,
  0xF0, 0x01, 0xFF, 0xF8, 0x00, 0xFF, 0xFC, 0x00, 0x7F, 0xFE, 0x00, 0x3F,
  0xFF, 0x00, 0x1F, 0xFF, 0xC0, 0x1F, 0xEF, 0xE0, 0x0F, 0xF7, 0xF0, 0x07,
  0xF3, 0xFC, 0x07, 0xF8, 0xFF, 0xFF, 0xF8, 0x7F, 0xFF, 0xFC, 0x1F, 0xFF,
  0xFC, 0x07, 0xFF, 0xFC, 0x00, 0xFF, 0xF8, 0x00, 0x1F, 0xF0, 0x00, 0x00,
  0xFF, 0x80, 0x00, 0x7F, 0xE0, 0x00, 0x7F, 0xF8, 0x00, 0x7F, 0xFC, 0x00,
  0x7F, 0x3F, 0x00, 0x3F, 0x0F, 0xC0, 0x3F, 0x03, 0xF0, 0x3E, 0x00, 0xFC,
  0x00, 0x00, 0x00, 0x00, 0x00, 0x00, 0x00, 0x00, 0x00, 0x00, 0x0F, 0xF0,
  0x00, 0x3F, 0xFE, 0x00, 0x7F, 0xFF, 0xC0, 0x7F, 0xFF, 0xF0, 0x7F, 0xFF,
  0xFC, 0x3F, 0xFF, 0xFE, 0x3F, 0xC0, 0x7F, 0x9F, 0xC0, 0x1F, 0xCF, 0xE0,
  0x0F, 0xFF, 0xF0, 0x03, 0xFF, 0xF0, 0x01, 0xFF, 0xF8, 0x00, 0xFF, 0xFC,
  0x00, 0x7F, 0xFE, 0x00, 0x3F, 0xFF, 0x00, 0x1F, 0xFF, 0xC0, 0x1F, 0xEF,
  0xE0, 0x0F, 0xF7, 0xF0, 0x07, 0xF3, 0xFC, 0x07, 0xF8, 0xFF, 0xFF, 0xF8,
  0x7F, 0xFF, 0xFC, 0x1F, 0xFF, 0xFC, 0x07, 0xFF, 0xFC, 0x00, 0xFF, 0xF8,
  0x00, 0x1F, 0xF0, 0x00, 0x01, 0xE0, 0x3C, 0x03, 0xFC, 0x1E, 0x03, 0xFF,
  0xFE, 0x01, 0xFF, 0xFF, 0x01, 0xFF, 0xFF, 0x00, 0xF0, 0xFF, 0x80, 0x70,
  0x1F, 0x00, 0x00, 0x00, 0x00, 0x00, 0x00, 0x00, 0x00, 0x00, 0x00, 0x00,
  0x1F, 0xE0, 0x00, 0x7F, 0xFC, 0x00, 0xFF, 0xFF, 0x80, 0xFF, 0xFF, 0xE0,
  0xFF, 0xFF, 0xF8, 0x7F, 0xFF, 0xFC, 0x7F, 0x80, 0xFF, 0x3F, 0x80, 0x3F,
  0x9F, 0xC0, 0x1F, 0xFF, 0xE0, 0x07, 0xFF, 0xE0, 0x03, 0xFF, 0xF0, 0x01,
  0xFF, 0xF8, 0x00, 0xFF, 0xFC, 0x00, 0x7F, 0xFE, 0x00, 0x3F, 0xFF, 0x80,
  0x3F, 0xDF, 0xC0, 0x1F, 0xEF, 0xE0, 0x0F, 0xE7, 0xF8, 0x0F, 0xF1, 0xFF,
  0xFF, 0xF0, 0xFF, 0xFF, 0xF8, 0x3F, 0xFF, 0xF8, 0x0F, 0xFF, 0xF8, 0x01,
  0xFF, 0xF0, 0x00, 0x3F, 0xE0, 0x00, 0x07, 0xC1, 0xE0, 0x03, 0xF1, 0xF8,
  0x03, 0xF8, 0xFC, 0x01, 0xFC, 0x7E, 0x00, 0x7C, 0x3F, 0x00, 0x1C, 0x0F,
  0x00, 0x00, 0x00, 0x00, 0x00, 0x00, 0x00, 0x00, 0x00, 0x00, 0x00, 0x00,
  0x00, 0x00, 0x1F, 0xE0, 0x00, 0x7F, 0xFC, 0x00, 0xFF, 0xFF, 0x80, 0xFF,
  0xFF, 0xE0, 0xFF, 0xFF, 0xF8, 0x7F, 0xFF, 0xFC, 0x7F, 0x80, 0xFF, 0x3F,
  0x80, 0x3F, 0x9F, 0xC0, 0x1F, 0xFF, 0xE0, 0x07, 0xFF, 0xE0, 0x03, 0xFF,
  0xF0, 0x01, 0xFF, 0xF8, 0x00, 0xFF, 0xFC, 0x00, 0x7F, 0xFE, 0x00, 0x3F,
  0xFF, 0x80, 0x3F, 0xDF, 0xC0, 0x1F, 0xEF, 0xE0, 0x0F, 0xE7, 0xF8, 0x0F,
  0xF1, 0xFF, 0xFF, 0xF0, 0xFF, 0xFF, 0xF8, 0x3F, 0xFF, 0xF8, 0x0F, 0xFF,
  0xF8, 0x01, 0xFF, 0xF0, 0x00, 0x3F, 0xE0, 0x00, 0x00, 0x38, 0x00, 0x00,
  0xF8, 0x00, 0x03, 0xF8, 0x00, 0x07, 0xF0, 0x00, 0x0F, 0xE0, 0x00, 0x0F,
  0x80, 0x00, 0x0E, 0x00, 0x00, 0x00, 0x00, 0x00, 0x00, 0x01, 0xFF, 0xFF,
  0xFF, 0xFF, 0xFF, 0xFF, 0xFF, 0xFF, 0xFF, 0xFF, 0xFF, 0xFF, 0xFF, 0xFF,
  0xC0, 0x00, 0x00, 0x00, 0x00, 0x00, 0x00, 0x38, 0x00, 0x00, 0xF8, 0x00,
  0x03, 0xF8, 0x00, 0x07, 0xF0, 0x00, 0x0F, 0xE0, 0x00, 0x0F, 0x80, 0x00,
  0x0E, 0x00, 0x00, 0x00, 0x00, 0x10, 0x00, 0x7F, 0x8E, 0x00, 0xFF, 0xFF,
  0x81, 0xFF, 0xFF, 0x81, 0xFF, 0xFF, 0xC1, 0xFF, 0xFF, 0xE0, 0xFF, 0xFF,
  0xF8, 0xFF, 0x03, 0xFE, 0x7F, 0x03, 0xFF, 0x7F, 0x83, 0xFF, 0xBF, 0xC3,
  0xFF, 0xFF, 0xC1, 0xF7, 0xFF, 0xE1, 0xF3, 0xFF, 0xF1, 0xF9, 0xFF, 0xF9,
  0xF8, 0xFF, 0xFD, 0xF8, 0x7F, 0xFF, 0xF8, 0x3F, 0xBF, 0xF8, 0x3F, 0xDF,
  0xFC, 0x1F, 0xCF, 0xFC, 0x1F, 0xE3, 0xFF, 0xFF, 0xE0, 0xFF, 0xFF, 0xF0,
  0x7F, 0xFF, 0xF0, 0x3F, 0xFF, 0xF0, 0x3F, 0xFF, 0xE0, 0x0F, 0x3F, 0xC0,
  0x01, 0x00, 0x00, 0x00, 0x1F, 0xE0, 0x00, 0x1F, 0xE0, 0x00, 0x1F, 0xC0,
  0x00, 0x1F, 0xC0, 0x00, 0x1F, 0xC0, 0x00, 0x1F, 0xC0, 0x00, 0x0F, 0x80,
  0x00, 0x0F, 0x80, 0x00, 0x00, 0x00, 0x00, 0x00, 0x00, 0x00, 0x00, 0x07,
  0xF0, 0x07, 0xFF, 0xE0, 0x0F, 0xFF, 0xC0, 0x1F, 0xFF, 0x80, 0x3F, 0xFF,
  0x00, 0x7F, 0xFE, 0x00, 0xFF, 0xFC, 0x01, 0xFF, 0xF8, 0x03, 0xFF, 0xF0,
  0x07, 0xFF, 0xE0, 0x0F, 0xFF, 0xC0, 0x1F, 0xFF, 0x80, 0x3F, 0xFF, 0x00,
  0x7F, 0xFE, 0x00, 0xFF, 0xFC, 0x01, 0xFF, 0xF8, 0x03, 0xFF, 0xF0, 0x0F,
  0xFF, 0xE0, 0x1F, 0xFF, 0xE0, 0x7F, 0xFF, 0xFF, 0xFF, 0xFF, 0xFF, 0xFF,
  0x7F, 0xFF, 0x7E, 0x7F, 0xFE, 0xFC, 0x7F, 0xF1, 0xF8, 0x3F, 0x81, 0xF0,
  0x00, 0x0F, 0xF0, 0x00, 0x3F, 0xC0, 0x00, 0x7F, 0x00, 0x01, 0xFC, 0x00,
  0x07, 0xF0, 0x00, 0x1F, 0xC0, 0x00, 0x3E, 0x00, 0x00, 0xF8, 0x00, 0x00,
  0x00, 0x00, 0x00, 0x00, 0x00, 0x00, 0x00, 0x07, 0xF0, 0x07, 0xFF, 0xE0,
  0x0F, 0xFF, 0xC0, 0x1F, 0xFF, 0x80, 0x3F, 0xFF, 0x00, 0x7F, 0xFE, 0x00,
  0xFF, 0xFC, 0x01, 0xFF, 0xF8, 0x03, 0xFF, 0xF0, 0x07, 0xFF, 0xE0, 0x0F,
  0xFF, 0xC0, 0x1F, 0xFF, 0x80, 0x3F, 0xFF, 0x00, 0x7F, 0xFE, 0x00, 0xFF,
  0xFC, 0x01, 0xFF, 0xF8, 0x03, 0xFF, 0xF0, 0x0F, 0xFF, 0xE0, 0x1F, 0xFF,
  0xE0, 0x7F, 0xFF, 0xFF, 0xFF, 0xFF, 0xFF, 0xFF, 0x7F, 0xFF, 0x7E, 0x7F,
  0xFE, 0xFC, 0x7F, 0xF1, 0xF8, 0x3F, 0x81, 0xF0, 0x01, 0xFF, 0x00, 0x03,
  0xFF, 0x00, 0x0F, 0xFF, 0x00, 0x3F, 0xFE, 0x00, 0xFE, 0x7E, 0x01, 0xF8,
  0x7E, 0x07, 0xE0, 0x7E, 0x1F, 0x00, 0x7E, 0x00, 0x00, 0x00, 0x00, 0x00,
  0x00, 0x00, 0x00, 0x07, 0xF0, 0x07, 0xFF, 0xE0, 0x0F, 0xFF, 0xC0, 0x1F,
  0xFF, 0x80, 0x3F, 0xFF, 0x00, 0x7F, 0xFE, 0x00, 0xFF, 0xFC, 0x01, 0xFF,
  0xF8, 0x03, 0xFF, 0xF0, 0x07, 0xFF, 0xE0, 0x0F, 0xFF, 0xC0, 0x1F, 0xFF,
  0x80, 0x3F, 0xFF, 0x00, 0x7F, 0xFE, 0x00, 0xFF, 0xFC, 0x01, 0xFF, 0xF8,
  0x03, 0xFF, 0xF0, 0x0F, 0xFF, 0xE0, 0x1F, 0xFF, 0xE0, 0x7F, 0xFF, 0xFF,
  0xFF, 0xFF, 0xFF, 0xFF, 0x7F, 0xFF, 0x7E, 0x7F, 0xFE, 0xFC, 0x7F, 0xF1,
  0xF8, 0x3F, 0x81, 0xF0, 0x0F, 0x83, 0xC0, 0x1F, 0x8F, 0xC0, 0x7F, 0x1F,
  0x80, 0xFE, 0x3F, 0x00, 0xF8, 0x7E, 0x00, 0xE0, 0x78, 0x00, 0x00, 0x00,
  0x00, 0x00, 0x00, 0x00, 0x00, 0x00, 0x00, 0x00, 0x03, 0xF8, 0x03, 0xFF,
  0xF0, 0x07, 0xFF, 0xE0, 0x0F, 0xFF, 0xC0, 0x1F, 0xFF, 0x80, 0x3F, 0xFF,
  0x00, 0x7F, 0xFE, 0x00, 0xFF, 0xFC, 0x01, 0xFF, 0xF8, 0x03, 0xFF, 0xF0,
  0x07, 0xFF, 0xE0, 0x0F, 0xFF, 0xC0, 0x1F, 0xFF, 0x80, 0x3F, 0xFF, 0x00,
  0x7F, 0xFE, 0x00, 0xFF, 0xFC, 0x01, 0xFF, 0xF8, 0x07, 0xFF, 0xF0, 0x0F,
  0xFF, 0xF0, 0x3F, 0xFF, 0xFF, 0xFF, 0xFF, 0xFF, 0xFF, 0xBF, 0xFF, 0xBF,
  0x3F, 0xFF, 0x7E, 0x3F, 0xF8, 0xFC, 0x1F, 0xC0, 0xF8, 0x00, 0x03, 0xFC,
  0x00, 0x00, 0xFF, 0x00, 0x00, 0x1F, 0xC0, 0x00, 0x07, 0xF0, 0x00, 0x01,
  0xFC, 0x00, 0x00, 0x7F, 0x00, 0x00, 0x0F, 0x80, 0x00, 0x03, 0xE0, 0x00,
  0x00, 0x00, 0x00, 0x00, 0x00, 0x00, 0x00, 0x00, 0x00, 0x00, 0x7F, 0x80,
  0x0F, 0xF7, 0xF0, 0x01, 0xFC, 0xFF, 0x00, 0x7F, 0x9F, 0xE0, 0x0F, 0xE1,
  0xFC, 0x01, 0xFC, 0x3F, 0xC0, 0x7F, 0x83, 0xF8, 0x0F, 0xE0, 0x7F, 0x01,
  0xFC, 0x0F, 0xF0, 0x7F, 0x00, 0xFE, 0x0F, 0xE0, 0x1F, 0xC1, 0xFC, 0x01,
  0xFC, 0x7F, 0x00, 0x3F, 0x8F, 0xE0, 0x03, 0xF1, 0xFC, 0x00, 0x7F, 0x7F,
  0x00, 0x0F, 0xEF, 0xE0, 0x00, 0xFD, 0xF8, 0x00, 0x1F, 0xBF, 0x00, 0x01,
  0xFF, 0xE0, 0x00, 0x3F, 0xF8, 0x00, 0x07, 0xFF, 0x00, 0x00, 0x7F, 0xC0,
  0x00, 0x0F, 0xF8, 0x00, 0x00, 0xFF, 0x00, 0x00, 0x1F, 0xC0, 0x00, 0x03,
  0xF8, 0x00, 0x00, 0x7F, 0x00, 0x00, 0x1F, 0xC0, 0x00, 0x07, 0xF8, 0x00,
  0x01, 0xFE, 0x00, 0x07, 0xFF, 0xC0, 0x00, 0xFF, 0xF0, 0x00, 0x1F, 0xFC,
  0x00, 0x03, 0xFF, 0x00, 0x00, 0x7F, 0xC0, 0x00, 0x0F, 0xE0, 0x00, 0x00,
  0xFE, 0x00, 0x00, 0xFE, 0x00, 0x00, 0xFE, 0x00, 0x00, 0xFE, 0x00, 0x00,
  0xFE, 0x00, 0x00, 0xFE, 0x00, 0x00, 0xFE, 0x00, 0x00, 0xFE, 0x00, 0x00,
  0xFE, 0x00, 0x00, 0xFE, 0x00, 0x00, 0xFE, 0x00, 0x00, 0xFE, 0x1F, 0x80,
  0xFE, 0x7F, 0xE0, 0xFC, 0xFF, 0xF0, 0xFD, 0xFF, 0xF8, 0xFF, 0xFF, 0xFC,
  0xFF, 0xFF, 0xFC, 0xFF, 0x01, 0xFE, 0xFF, 0x01, 0xFE, 0xFE, 0x00, 0xFE,
  0xFE, 0x00, 0xFE, 0xFE, 0x00, 0xFF, 0xFE, 0x00, 0xFF, 0xFE, 0x00, 0xFF,
  0xFE, 0x00, 0xFF, 0xFE, 0x00, 0xFF, 0xFE, 0x00, 0xFE, 0xFE, 0x00, 0xFE,
  0xFF, 0x01, 0xFE, 0xFF, 0x83, 0xFE, 0xFF, 0xFF, 0xFC, 0xFF, 0xFF, 0xFC,
  0xFF, 0xFF, 0xF8, 0xFD, 0xFF, 0xF0, 0xFE, 0xFF, 0xE0, 0xFE, 0x1F, 0x80,
  0xFE, 0x00, 0x00, 0xFE, 0x00, 0x00, 0xFE, 0x00, 0x00, 0xFE, 0x00, 0x00,
  0xFE, 0x00, 0x00, 0xFE, 0x00, 0x00, 0xFE, 0x00, 0x00, 0xFE, 0x00, 0x00,
  0xFE, 0x00, 0x00, 0xFE, 0x00, 0x00, 0xFE, 0x00, 0x00, 0x03, 0xE0, 0xF0,
  0x00, 0x7E, 0x3F, 0x00, 0x1F, 0xC7, 0xE0, 0x03, 0xF8, 0xFC, 0x00, 0x3E,
  0x1F, 0x80, 0x03, 0x81, 0xE0, 0x00, 0x00, 0x00, 0x00, 0x00, 0x00, 0x00,
  0x00, 0x00, 0x00, 0x00, 0x00, 0x00, 0x03, 0xFC, 0x00, 0x7F, 0xBF, 0x80,
  0x0F, 0xE7, 0xF8, 0x03, 0xFC, 0xFF, 0x00, 0x7F, 0x0F, 0xE0, 0x0F, 0xE1,
  0xFE, 0x03, 0xFC, 0x1F, 0xC0, 0x7F, 0x03, 0xF8, 0x0F, 0xE0, 0x7F, 0x83,
  0xF8, 0x07, 0xF0, 0x7F, 0x00, 0xFE, 0x0F, 0xE0, 0x0F, 0xE3, 0xF8, 0x01,
  0xFC, 0x7F, 0x00, 0x1F, 0x8F, 0xE0, 0x03, 0xFB, 0xF8, 0x00, 0x7F, 0x7F,
  0x00, 0x07, 0xEF, 0xC0, 0x00, 0xFD, 0xF8, 0x00, 0x0F, 0xFF, 0x00, 0x01,
  0xFF, 0xC0, 0x00, 0x3F, 0xF8, 0x00, 0x03, 0xFE, 0x00, 0x00, 0x7F, 0xC0,
  0x00, 0x07, 0xF8, 0x00, 0x00, 0xFE, 0x00, 0x00, 0x1F, 0xC0, 0x00, 0x03,
  0xF8, 0x00, 0x00, 0xFE, 0x00, 0x00, 0x3F, 0xC0, 0x00, 0x0F, 0xF0, 0x00,
  0x3F, 0xFE, 0x00, 0x07, 0xFF, 0x80, 0x00, 0xFF, 0xE0, 0x00, 0x1F, 0xF8,
  0x00, 0x03, 0xFE, 0x00, 0x00, 0x7F, 0x00, 0x00, 0x00 };

const GFXglyph OpenSans_Bold24pt8bGlyphs[] PROGMEM = {
  {     0,   1,   1,  12,    0,    0 },   // 0x20 ' '
  {     1,   8,  34,  13,    3,  -33 },   // 0x21 '!'
  {    35,  16,  12,  22,    3,  -33 },   // 0x22 '"'
  {    59,  28,  34,  30,    1,  -33 },   // 0x23 '#'
  {   178,  23,  39,  27,    2,  -35 },   // 0x24 '$'
  {   291,  40,  34,  42,    1,  -33 },   // 0x25 '%'
  {   461,  33,  34,  35,    2,  -33 },   // 0x26 '&'
  {   602,   6,  12,  13,    3,  -33 },   // 0x27 '''
  {   611,  13,  41,  16,    2,  -33 },   // 0x28 '('
  {   678,  13,  41,  16,    1,  -33 },   // 0x29 ')'
  {   745,  23,  22,  26,    1,  -35 },   // 0x2A '*'
  {   809,  23,  23,  27,    2,  -27 },   // 0x2B '+'
  {   876,  10,  12,  13,    1,   -4 },   // 0x2C ','
  {   891,  13,   6,  15,    1,  -15 },   // 0x2D '-'
  {   901,   8,   8,  13,    3,   -7 },   // 0x2E '.'
  {   909,  19,  34,  19,    0,  -33 },   // 0x2F '/'
  {   990,  23,  34,  27,    2,  -33 },   // 0x30 '0'
  {  1088,  16,  34,  27,    3,  -33 },   // 0x31 '1'
  {  1156,  23,  34,  27,    2,  -33 },   // 0x32 '2'
  {  1254,  23,  34,  27,    2,  -33 },   // 0x33 '3'
  {  1352,  25,  34,  27,    1,  -33 },   // 0x34 '4'
  {  1459,  23,  34,  27,    2,  -33 },   // 0x35 '5'
  {  1557,  23,  34,  27,    2,  -33 },   // 0x36 '6'
  {  1655,  24,  34,  27,    1,  -33 },   // 0x37 '7'
  {  1757,  23,  34,  27,    2,  -33 },   // 0x38 '8'
  {  1855,  23,  34,  27,    2,  -33 },   // 0x39 '9'
  {  1953,   8,  25,  13,    3,  -24 },   // 0x3A ':'
  {  1978,  10,  32,  13,    1,  -24 },   // 0x3B ';'
  {  2018,  23,  25,  27,    2,  -29 },   // 0x3C '<'
  {  2090,  23,  14,  27,    2,  -23 },   // 0x3D '='
  {  2131,  23,  25,  27,    2,  -29 },   // 0x3E '>'
  {  2203,  21,  34,  22,    0,  -33 },   // 0x3F '?'
  {  2293,  38,  38,  42,    2,  -33 },   // 0x40 '@'
  {  2474,  32,  34,  32,    0,  -33 },   // 0x41 'A'
  {  2610,  25,  34,  32,    4,  -33 },   // 0x42 'B'
  {  2717,  25,  34,  30,    3,  -33 },   // 0x43 'C'
  {  2824,  28,  34,  35,    4,  -33 },   // 0x44 'D'
  {  2943,  20,  34,  26,    4,  -33 },   // 0x45 'E'
  {  3028,  19,  34,  26,    4,  -33 },   // 0x46 'F'
  {  3109,  27,  34,  34,    3,  -33 },   // 0x47 'G'
  {  3224,  28,  34,  36,    4,  -33 },   // 0x48 'H'
  {  3343,   7,  34,  16,    4,  -33 },   // 0x49 'I'
  {  3373,  14,  44,  16,   -3,  -33 },   // 0x4A 'J'
  {  3450,  27,  34,  31,    4,  -33 },   // 0x4B 'K'
  {  3565,  21,  34,  27,    4,  -33 },   // 0x4C 'L'
  {  3655,  36,  34,  44,    4,  -33 },   // 0x4D 'M'
  {  3808,  30,  34,  38,    4,  -33 },   // 0x4E 'N'
  {  3936,  32,  34,  37,    3,  -33 },   // 0x4F 'O'
  {  4072,  23,  34,  30,    4,  -33 },   // 0x50 'P'
  {  4170,  32,  42,  37,    3,  -33 },   // 0x51 'Q'
  {  4338,  27,  34,  31,    4,  -33 },   // 0x52 'R'
  {  4453,  22,  34,  26,    2,  -33 },   // 0x53 'S'
  {  4547,  25,  34,  27,    1,  -33 },   // 0x54 'T'
  {  4654,  28,  34,  36,    4,  -33 },   // 0x55 'U'
  {  4773,  31,  34,  31,    0,  -33 },   // 0x56 'V'
  {  4905,  45,  34,  45,    0,  -33 },   // 0x57 'W'
  {  5097,  31,  34,  31,    0,  -33 },   // 0x58 'X'
  {  5229,  29,  34,  29,    0,  -33 },   // 0x59 'Y'
  {  5353,  25,  34,  27,    1,  -33 },   // 0x5A 'Z'
  {  5460,  11,  41,  16,    3,  -33 },   // 0x5B '['
  {  5517,  19,  34,  19,    0,  -33 },   // 0x5C '\'
  {  5598,  11,  41,  16,    1,  -33 },   // 0x5D ']'
  {  5655,  25,  22,  27,    1,  -33 },   // 0x5E '^'
  {  5724,  19,   3,  19,    0,    5 },   // 0x5F '_'
  {  5732,  13,   8,  17,    2,  -35 },   // 0x60 '`'
  {  5745,  23,  25,  28,    2,  -24 },   // 0x61 'a'
  {  5817,  24,  36,  30,    4,  -35 },   // 0x62 'b'
  {  5925,  21,  25,  24,    2,  -24 },   // 0x63 'c'
  {  5991,  24,  36,  30,    2,  -35 },   // 0x64 'd'
  {  6099,  24,  25,  28,    2,  -24 },   // 0x65 'e'
  {  6174,  19,  36,  18,    1,  -35 },   // 0x66 'f'
  {  6260,  26,  36,  27,    0,  -24 },   // 0x67 'g'
  {  6377,  23,  36,  31,    4,  -35 },   // 0x68 'h'
  {  6481,   8,  35,  14,    3,  -34 },   // 0x69 'i'
  {  6516,  14,  46,  14,   -3,  -34 },   // 0x6A 'j'
  {  6597,  25,  36,  29,    4,  -35 },   // 0x6B 'k'
  {  6710,   7,  36,  14,    4,  -35 },   // 0x6C 'l'
  {  6742,  39,  25,  46,    4,  -24 },   // 0x6D 'm'
  {  6864,  23,  25,  31,    4,  -24 },   // 0x6E 'n'
  {  6936,  25,  25,  29,    2,  -24 },   // 0x6F 'o'
  {  7015,  24,  36,  30,    4,  -24 },   // 0x70 'p'
  {  7123,  24,  36,  30,    2,  -24 },   // 0x71 'q'
  {  7231,  16,  25,  21,    4,  -24 },   // 0x72 'r'
  {  7281,  20,  25,  23,    2,  -24 },   // 0x73 's'
  {  7344,  18,  30,  20,    1,  -29 },   // 0x74 't'
  {  7412,  23,  25,  31,    4,  -24 },   // 0x75 'u'
  {  7484,  27,  25,  27,    0,  -24 },   // 0x76 'v'
  {  7569,  40,  25,  40,    0,  -24 },   // 0x77 'w'
  {  7694,  27,  25,  27,    0,  -24 },   // 0x78 'x'
  {  7779,  27,  36,  27,    0,  -24 },   // 0x79 'y'
  {  7901,  21,  25,  23,    1,  -24 },   // 0x7A 'z'
  {  7967,  16,  41,  19,    1,  -33 },   // 0x7B '{'
  {  8049,   5,  47,  26,   10,  -35 },   // 0x7C '|'
  {  8079,  16,  41,  19,    2,  -33 },   // 0x7D '}'
  {  8161,  23,   8,  27,    2,  -20 },   // 0x7E '~'
  {  8184,   1,   1,  28,    0,    0 },   // 0x7F
  {  8185,   1,   1,  28,    0,    0 },   // 0x80
  {  8186,   1,   1,  28,    0,    0 },   // 0x81
  {  8187,   1,   1,  28,    0,    0 },   // 0x82
  {  8188,   1,   1,  28,    0,    0 },   // 0x83
  {  8189,   1,   1,  28,    0,    0 },   // 0x84
  {  8190,   1,   1,  28,    0,    0 },   // 0x85
  {  8191,   1,   1,  28,    0,    0 },   // 0x86
  {  8192,   1,   1,  28,    0,    0 },   // 0x87
  {  8193,   1,   1,  28,    0,    0 },   // 0x88
  {  8194,   1,   1,  28,    0,    0 },   // 0x89
  {  8195,   1,   1,  28,    0,    0 },   // 0x8A
  {  8196,   1,   1,  28,    0,    0 },   // 0x8B
  {  8197,   1,   1,  28,    0,    0 },   // 0x8C
  {  8198,   1,   1,  28,    0,    0 },   // 0x8D
  {  8199,   1,   1,  28,    0,    0 },   // 0x8E
  {  8200,   1,   1,  28,    0,    0 },   // 0x8F
  {  8201,   1,   1,  28,    0,    0 },   // 0x90
  {  8202,   1,   1,  28,    0,    0 },   // 0x91
  {  8203,   1,   1,  28,    0,    0 },   // 0x92
  {  8204,   1,   1,  28,    0,    0 },   // 0x93
  {  8205,   1,   1,  28,    0,    0 },   // 0x94
  {  8206,   1,   1,  28,    0,    0 },   // 0x95
  {  8207,   1,   1,  28,    0,    0 },   // 0x96
  {  8208,   1,   1,  28,    0,    0 },   // 0x97
  {  8209,   1,   1,  28,    0,    0 },   // 0x98
  {  8210,   1,   1,  28,    0,    0 },   // 0x99
  {  8211,   1,   1,  28,    0,    0 },   // 0x9A
  {  8212,   1,   1,  28,    0,    0 },   // 0x9B
  {  8213,   1,   1,  28,    0,    0 },   // 0x9C
  {  8214,   1,   1,  28,    0,    0 },   // 0x9D
  {  8215,   1,   1,  28,    0,    0 },   // 0x9E
  {  8216,   1,   1,  28,    0,    0 },   // 0x9F
  {  8217,   1,   1,  12,    0,    0 },   // 0xA0
  {  8218,   8,  33,  13,    3,  -24 },   // 0xA1
  {  8251,  21,  34,  27,    3,  -33 },   // 0xA2
  {  8341,  24,  34,  27,    2,  -33 },   // 0xA3
  {  8443,  21,  22,  27,    3,  -27 },   // 0xA4
  {  8501,  27,  34,  27,    0,  -33 },   // 0xA5
  {  8616,   5,  47,  26,   10,  -35 },   // 0xA6
  {  8646,  19,  36,  23,    2,  -35 },   // 0xA7
  {  8732,  16,   6,  29,    6,  -34 },   // 0xA8
  {  8744,  35,  34,  39,    2,  -33 },   // 0xA9
  {  8893,  15,  17,  18,    1,  -33 },   // 0xAA
  {  8925,  25,  21,  29,    2,  -22 },   // 0xAB
  {  8991,  23,  13,  27,    2,  -18 },   // 0xAC
  {  9029,  13,   6,  15,    1,  -15 },   // 0xAD
  {  9039,  35,  34,  39,    2,  -33 },   // 0xAE
  {  9188,  24,   5,  24,    0,  -40 },   // 0xAF
  {  9203,  16,  16,  20,    2,  -33 },   // 0xB0
  {  9235,  23,  29,  27,    2,  -28 },   // 0xB1
  {  9319,  15,  20,  18,    1,  -39 },   // 0xB2
  {  9357,  15,  20,  18,    1,  -39 },   // 0xB3
  {  9395,  13,   8,  17,    2,  -35 },   // 0xB4
  {  9408,  23,  36,  31,    4,  -24 },   // 0xB5
  {  9512,  24,  42,  31,    3,  -35 },   // 0xB6
  {  9638,   8,   8,  13,    3,  -20 },   // 0xB7
  {  9646,  11,  11,  10,   -1,    1 },   // 0xB8
  {  9662,  11,  20,  18,    2,  -39 },   // 0xB9
  {  9690,  16,  17,  18,    1,  -33 },   // 0xBA
  {  9724,  25,  21,  29,    2,  -22 },   // 0xBB
  {  9790,  38,  34,  39,    1,  -33 },   // 0xBC
  {  9952,  38,  34,  41,    1,  -33 },   // 0xBD
  { 10114,  37,  34,  40,    2,  -33 },   // 0xBE
  { 10272,  21,  34,  22,    1,  -24 },   // 0xBF
  { 10362,  32,  44,  32,    0,  -43 },   // 0xC0
  { 10538,  32,  44,  32,    0,  -43 },   // 0xC1
  { 10714,  32,  44,  32,    0,  -43 },   // 0xC2
  { 10890,  32,  43,  32,    0,  -42 },   // 0xC3
  { 11062,  32,  43,  32,    0,  -42 },   // 0xC4
  { 11234,  32,  41,  32,    0,  -40 },   // 0xC5
  { 11398,  42,  34,  45,    0,  -33 },   // 0xC6
  { 11577,  25,  45,  30,    3,  -33 },   // 0xC7
  { 11718,  20,  44,  26,    4,  -43 },   // 0xC8
  { 11828,  20,  44,  26,    4,  -43 },   // 0xC9
  { 11938,  20,  44,  26,    4,  -43 },   // 0xCA
  { 12048,  20,  43,  26,    4,  -42 },   // 0xCB
  { 12156,  13,  44,  16,   -2,  -43 },   // 0xCC
  { 12228,  14,  44,  16,    4,  -43 },   // 0xCD
  { 12305,  20,  44,  16,   -2,  -43 },   // 0xCE
  { 12415,  16,  43,  16,    0,  -42 },   // 0xCF
  { 12501,  31,  34,  35,    1,  -33 },   // 0xD0
  { 12633,  30,  43,  38,    4,  -42 },   // 0xD1
  { 12795,  32,  44,  37,    3,  -43 },   // 0xD2
  { 12971,  32,  44,  37,    3,  -43 },   // 0xD3
  { 13147,  32,  44,  37,    3,  -43 },   // 0xD4
  { 13323,  32,  43,  37,    3,  -42 },   // 0xD5
  { 13495,  32,  43,  37,    3,  -42 },   // 0xD6
  { 13667,  21,  21,  27,    3,  -26 },   // 0xD7
  { 13723,  32,  37,  37,    3,  -34 },   // 0xD8
  { 13871,  28,  44,  36,    4,  -43 },   // 0xD9
  { 14025,  28,  44,  36,    4,  -43 },   // 0xDA
  { 14179,  28,  44,  36,    4,  -43 },   // 0xDB
  { 14333,  28,  43,  36,    4,  -42 },   // 0xDC
  { 14484,  29,  44,  29,    0,  -43 },   // 0xDD
  { 14644,  23,  34,  30,    4,  -33 },   // 0xDE
  { 14742,  28,  36,  33,    4,  -35 },   // 0xDF
  { 14868,  23,  36,  28,    2,  -35 },   // 0xE0
  { 14972,  23,  36,  28,    2,  -35 },   // 0xE1
  { 15076,  23,  36,  28,    2,  -35 },   // 0xE2
  { 15180,  23,  35,  28,    2,  -34 },   // 0xE3
  { 15281,  23,  35,  28,    2,  -34 },   // 0xE4
  { 15382,  23,  39,  28,    2,  -38 },   // 0xE5
  { 15495,  39,  25,  43,    2,  -24 },   // 0xE6
  { 15617,  21,  36,  24,    2,  -24 },   // 0xE7
  { 15712,  24,  36,  28,    2,  -35 },   // 0xE8
  { 15820,  24,  36,  28,    2,  -35 },   // 0xE9
  { 15928,  24,  36,  28,    2,  -35 },   // 0xEA
  { 16036,  24,  35,  28,    2,  -34 },   // 0xEB
  { 16141,  13,  36,  14,   -2,  -35 },   // 0xEC
  { 16200,  13,  36,  14,    3,  -35 },   // 0xED
  { 16259,  20,  36,  14,   -3,  -35 },   // 0xEE
  { 16349,  16,  35,  14,   -1,  -34 },   // 0xEF
  { 16419,  25,  36,  29,    2,  -35 },   // 0xF0
  { 16532,  23,  35,  31,    4,  -34 },   // 0xF1
  { 16633,  25,  36,  29,    2,  -35 },   // 0xF2
  { 16746,  25,  36,  29,    2,  -35 },   // 0xF3
  { 16859,  25,  36,  29,    2,  -35 },   // 0xF4
  { 16972,  25,  35,  29,    2,  -34 },   // 0xF5
  { 17082,  25,  35,  29,    2,  -34 },   // 0xF6
  { 17192,  23,  23,  27,    2,  -27 },   // 0xF7
  { 17259,  25,  27,  29,    2,  -25 },   // 0xF8
  { 17344,  23,  36,  31,    4,  -35 },   // 0xF9
  { 17448,  23,  36,  31,    4,  -35 },   // 0xFA
  { 17552,  23,  36,  31,    4,  -35 },   // 0xFB
  { 17656,  23,  35,  31,    4,  -34 },   // 0xFC
  { 17757,  27,  47,  27,    0,  -35 },   // 0xFD
  { 17916,  24,  47,  30,    4,  -35 },   // 0xFE
  { 18057,  27,  46,  27,    0,  -34 } }; // 0xFF

const GFXfont OpenSans_Bold24pt8b PROGMEM = {
  (uint8_t  *)OpenSans_Bold24pt8bBitmaps,
  (GFXglyph *)OpenSans_Bold24pt8bGlyphs,
  0x20, 0xFF, 64 };

// Approx. 19788 bytes

